time,weighted_temperature
2024-01-01T00:00,6.8541
2024-01-01T01:00,6.4054
2024-01-01T02:00,6.3116
2024-01-01T03:00,6.2625
2024-01-01T04:00,6.4551
2024-01-01T05:00,6.5369
2024-01-01T06:00,8.7416
2024-01-01T07:00,8.9985
2024-01-01T08:00,10.1789
2024-01-01T09:00,11.811200000000003
2024-01-01T10:00,13.5885
2024-01-01T11:00,15.119700000000002
2024-01-01T12:00,16.4203
2024-01-01T13:00,17.2421
2024-01-01T14:00,17.6651
2024-01-01T15:00,17.503
2024-01-01T16:00,16.9521
2024-01-01T17:00,14.345600000000001
2024-01-01T18:00,11.8856
2024-01-01T19:00,11.2174
2024-01-01T20:00,10.6278
2024-01-01T21:00,10.287500000000001
2024-01-01T22:00,9.781000000000002
2024-01-01T23:00,8.7796
2024-01-02T00:00,7.6404000000000005
2024-01-02T01:00,7.1943
2024-01-02T02:00,6.7304
2024-01-02T03:00,5.9652
2024-01-02T04:00,5.3799
2024-01-02T05:00,5.4638
2024-01-02T06:00,6.6601
2024-01-02T07:00,7.3259
2024-01-02T08:00,8.875
2024-01-02T09:00,10.9742
2024-01-02T10:00,12.6791
2024-01-02T11:00,14.108500000000001
2024-01-02T12:00,15.440100000000001
2024-01-02T13:00,16.3409
2024-01-02T14:00,16.794800000000002
2024-01-02T15:00,16.8748
2024-01-02T16:00,16.311500000000002
2024-01-02T17:00,13.5767
2024-01-02T18:00,10.518
2024-01-02T19:00,9.720300000000002
2024-01-02T20:00,8.6928
2024-01-02T21:00,7.910000000000002
2024-01-02T22:00,7.2519
2024-01-02T23:00,6.993500000000001
2024-01-03T00:00,6.6311
2024-01-03T01:00,6.2425
2024-01-03T02:00,5.5823
2024-01-03T03:00,5.5165
2024-01-03T04:00,5.7212
2024-01-03T05:00,5.7722
2024-01-03T06:00,6.999900000000001
2024-01-03T07:00,7.6873000000000005
2024-01-03T08:00,9.0073
2024-01-03T09:00,11.1235
2024-01-03T10:00,13.1512
2024-01-03T11:00,15.194099999999999
2024-01-03T12:00,16.5376
2024-01-03T13:00,17.3154
2024-01-03T14:00,17.5372
2024-01-03T15:00,17.6203
2024-01-03T16:00,17.0461
2024-01-03T17:00,15.061800000000002
2024-01-03T18:00,12.6262
2024-01-03T19:00,11.006800000000002
2024-01-03T20:00,10.373700000000001
2024-01-03T21:00,9.991100000000001
2024-01-03T22:00,9.178600000000001
2024-01-03T23:00,9.2417
2024-01-04T00:00,9.184500000000002
2024-01-04T01:00,8.5647
2024-01-04T02:00,7.7755
2024-01-04T03:00,7.766499999999999
2024-01-04T04:00,7.3021
2024-01-04T05:00,7.136700000000001
2024-01-04T06:00,9.187
2024-01-04T07:00,9.700000000000001
2024-01-04T08:00,10.987499999999999
2024-01-04T09:00,12.9132
2024-01-04T10:00,15.1486
2024-01-04T11:00,16.7576
2024-01-04T12:00,18.4599
2024-01-04T13:00,19.502200000000002
2024-01-04T14:00,19.7407
2024-01-04T15:00,19.739900000000002
2024-01-04T16:00,19.362099999999998
2024-01-04T17:00,16.4056
2024-01-04T18:00,14.4532
2024-01-04T19:00,13.646
2024-01-04T20:00,12.794
2024-01-04T21:00,11.438
2024-01-04T22:00,10.696900000000001
2024-01-04T23:00,10.239899999999999
2024-01-05T00:00,9.726999999999999
2024-01-05T01:00,9.8428
2024-01-05T02:00,9.9377
2024-01-05T03:00,9.994200000000001
2024-01-05T04:00,10.296000000000001
2024-01-05T05:00,10.2649
2024-01-05T06:00,10.9057
2024-01-05T07:00,11.217600000000001
2024-01-05T08:00,12.606800000000002
2024-01-05T09:00,13.918300000000002
2024-01-05T10:00,15.4634
2024-01-05T11:00,17.557499999999997
2024-01-05T12:00,18.6017
2024-01-05T13:00,18.853400000000004
2024-01-05T14:00,18.892799999999998
2024-01-05T15:00,18.9586
2024-01-05T16:00,18.5155
2024-01-05T17:00,16.9332
2024-01-05T18:00,13.052400000000002
2024-01-05T19:00,12.0934
2024-01-05T20:00,10.8782
2024-01-05T21:00,10.377100000000002
2024-01-05T22:00,10.1754
2024-01-05T23:00,9.2514
2024-01-06T00:00,9.010399999999999
2024-01-06T01:00,8.877099999999999
2024-01-06T02:00,8.5096
2024-01-06T03:00,8.4922
2024-01-06T04:00,9.0333
2024-01-06T05:00,9.6526
2024-01-06T06:00,10.6649
2024-01-06T07:00,11.007100000000001
2024-01-06T08:00,12.2996
2024-01-06T09:00,13.765500000000001
2024-01-06T10:00,15.3765
2024-01-06T11:00,16.6506
2024-01-06T12:00,17.493399999999998
2024-01-06T13:00,18.118000000000002
2024-01-06T14:00,18.7224
2024-01-06T15:00,18.7627
2024-01-06T16:00,18.474000000000004
2024-01-06T17:00,16.1631
2024-01-06T18:00,14.037200000000002
2024-01-06T19:00,13.6371
2024-01-06T20:00,12.7105
2024-01-06T21:00,12.3211
2024-01-06T22:00,11.954300000000002
2024-01-06T23:00,11.584999999999999
2024-01-07T00:00,10.9838
2024-01-07T01:00,10.881400000000001
2024-01-07T02:00,10.4973
2024-01-07T03:00,9.9527
2024-01-07T04:00,9.850100000000003
2024-01-07T05:00,9.880199999999999
2024-01-07T06:00,7.8058
2024-01-07T07:00,7.9114
2024-01-07T08:00,9.9489
2024-01-07T09:00,12.9329
2024-01-07T10:00,15.4376
2024-01-07T11:00,16.9468
2024-01-07T12:00,18.044800000000002
2024-01-07T13:00,18.487000000000002
2024-01-07T14:00,18.6305
2024-01-07T15:00,18.5723
2024-01-07T16:00,18.144
2024-01-07T17:00,14.3612
2024-01-07T18:00,12.626000000000001
2024-01-07T19:00,11.5824
2024-01-07T20:00,10.549
2024-01-07T21:00,9.7108
2024-01-07T22:00,8.9963
2024-01-07T23:00,8.153400000000001
2024-01-08T00:00,7.8651
2024-01-08T01:00,7.707000000000001
2024-01-08T02:00,7.742800000000001
2024-01-08T03:00,7.608600000000001
2024-01-08T04:00,6.645900000000001
2024-01-08T05:00,6.141500000000001
2024-01-08T06:00,6.775500000000001
2024-01-08T07:00,6.8946000000000005
2024-01-08T08:00,9.7136
2024-01-08T09:00,12.750599999999999
2024-01-08T10:00,15.591100000000003
2024-01-08T11:00,17.3796
2024-01-08T12:00,18.5349
2024-01-08T13:00,19.2037
2024-01-08T14:00,19.4418
2024-01-08T15:00,19.4363
2024-01-08T16:00,19.053
2024-01-08T17:00,15.7545
2024-01-08T18:00,11.968000000000002
2024-01-08T19:00,10.895499999999998
2024-01-08T20:00,10.269400000000001
2024-01-08T21:00,9.395900000000001
2024-01-08T22:00,8.8386
2024-01-08T23:00,8.456
2024-01-09T00:00,7.628
2024-01-09T01:00,7.190300000000001
2024-01-09T02:00,6.7472
2024-01-09T03:00,6.7155000000000005
2024-01-09T04:00,6.3958
2024-01-09T05:00,5.997800000000001
2024-01-09T06:00,7.33
2024-01-09T07:00,7.3208
2024-01-09T08:00,9.3741
2024-01-09T09:00,11.8772
2024-01-09T10:00,14.614
2024-01-09T11:00,16.2614
2024-01-09T12:00,17.5488
2024-01-09T13:00,18.520400000000002
2024-01-09T14:00,18.7602
2024-01-09T15:00,18.7501
2024-01-09T16:00,18.310900000000004
2024-01-09T17:00,16.158
2024-01-09T18:00,11.6726
2024-01-09T19:00,11.032599999999999
2024-01-09T20:00,10.079
2024-01-09T21:00,9.2697
2024-01-09T22:00,8.565999999999999
2024-01-09T23:00,7.916599999999999
2024-01-10T00:00,7.3247
2024-01-10T01:00,6.7387999999999995
2024-01-10T02:00,6.302
2024-01-10T03:00,5.9459
2024-01-10T04:00,5.4384
2024-01-10T05:00,5.0356000000000005
2024-01-10T06:00,5.3357
2024-01-10T07:00,5.3109
2024-01-10T08:00,6.516
2024-01-10T09:00,8.640500000000001
2024-01-10T10:00,10.8853
2024-01-10T11:00,12.866999999999999
2024-01-10T12:00,14.626900000000003
2024-01-10T13:00,15.6262
2024-01-10T14:00,15.9203
2024-01-10T15:00,15.865100000000002
2024-01-10T16:00,15.3188
2024-01-10T17:00,13.4781
2024-01-10T18:00,10.201400000000001
2024-01-10T19:00,9.3051
2024-01-10T20:00,8.6501
2024-01-10T21:00,8.0169
2024-01-10T22:00,7.476
2024-01-10T23:00,6.843500000000001
2024-01-11T00:00,6.2483
2024-01-11T01:00,5.7065
2024-01-11T02:00,5.336400000000001
2024-01-11T03:00,5.0315
2024-01-11T04:00,4.7064
2024-01-11T05:00,4.465800000000001
2024-01-11T06:00,5.833900000000001
2024-01-11T07:00,6.0684000000000005
2024-01-11T08:00,6.5838
2024-01-11T09:00,7.3987
2024-01-11T10:00,9.6296
2024-01-11T11:00,11.9311
2024-01-11T12:00,13.9942
2024-01-11T13:00,15.307
2024-01-11T14:00,15.7073
2024-01-11T15:00,15.7375
2024-01-11T16:00,15.189699999999998
2024-01-11T17:00,12.7956
2024-01-11T18:00,10.1891
2024-01-11T19:00,9.0173
2024-01-11T20:00,8.1024
2024-01-11T21:00,7.3459
2024-01-11T22:00,6.6568000000000005
2024-01-11T23:00,5.8931000000000004
2024-01-12T00:00,5.457000000000001
2024-01-12T01:00,5.0968
2024-01-12T02:00,4.653700000000001
2024-01-12T03:00,4.4636000000000005
2024-01-12T04:00,4.1501
2024-01-12T05:00,3.7334
2024-01-12T06:00,4.4537
2024-01-12T07:00,4.5517
2024-01-12T08:00,5.870400000000001
2024-01-12T09:00,7.5901
2024-01-12T10:00,10.3316
2024-01-12T11:00,12.853200000000001
2024-01-12T12:00,14.923300000000001
2024-01-12T13:00,16.1887
2024-01-12T14:00,16.4781
2024-01-12T15:00,16.4462
2024-01-12T16:00,16.1405
2024-01-12T17:00,12.508
2024-01-12T18:00,10.801900000000002
2024-01-12T19:00,10.0089
2024-01-12T20:00,8.7109
2024-01-12T21:00,7.4276
2024-01-12T22:00,6.229299999999999
2024-01-12T23:00,6.0885
2024-01-13T00:00,5.421200000000001
2024-01-13T01:00,4.4341
2024-01-13T02:00,3.9078999999999997
2024-01-13T03:00,4.008
2024-01-13T04:00,4.1415
2024-01-13T05:00,4.2540000000000004
2024-01-13T06:00,4.4868999999999994
2024-01-13T07:00,4.563
2024-01-13T08:00,6.275
2024-01-13T09:00,8.408999999999999
2024-01-13T10:00,10.5242
2024-01-13T11:00,13.424000000000001
2024-01-13T12:00,15.6766
2024-01-13T13:00,16.9087
2024-01-13T14:00,17.3617
2024-01-13T15:00,17.4446
2024-01-13T16:00,17.213500000000003
2024-01-13T17:00,13.743599999999999
2024-01-13T18:00,10.659
2024-01-13T19:00,9.263200000000001
2024-01-13T20:00,7.9071
2024-01-13T21:00,7.3286
2024-01-13T22:00,7.541
2024-01-13T23:00,7.702300000000001
2024-01-14T00:00,6.1431000000000004
2024-01-14T01:00,4.2583
2024-01-14T02:00,3.4937
2024-01-14T03:00,3.3176000000000005
2024-01-14T04:00,3.2492
2024-01-14T05:00,2.7239000000000004
2024-01-14T06:00,3.3224
2024-01-14T07:00,3.6274000000000006
2024-01-14T08:00,5.249
2024-01-14T09:00,7.636
2024-01-14T10:00,10.4061
2024-01-14T11:00,13.401100000000001
2024-01-14T12:00,15.9445
2024-01-14T13:00,17.209200000000003
2024-01-14T14:00,17.4582
2024-01-14T15:00,17.4372
2024-01-14T16:00,16.9709
2024-01-14T17:00,12.6555
2024-01-14T18:00,10.504000000000001
2024-01-14T19:00,9.377400000000002
2024-01-14T20:00,8.778500000000001
2024-01-14T21:00,8.2378
2024-01-14T22:00,7.406700000000001
2024-01-14T23:00,6.6478
2024-01-15T00:00,5.450800000000001
2024-01-15T01:00,4.5583
2024-01-15T02:00,3.7699
2024-01-15T03:00,3.4860999999999995
2024-01-15T04:00,3.0624000000000002
2024-01-15T05:00,3.0462
2024-01-15T06:00,3.8168999999999995
2024-01-15T07:00,3.8400000000000003
2024-01-15T08:00,4.8808
2024-01-15T09:00,6.9629
2024-01-15T10:00,9.6127
2024-01-15T11:00,12.200500000000002
2024-01-15T12:00,14.265999999999998
2024-01-15T13:00,15.581900000000001
2024-01-15T14:00,15.872900000000001
2024-01-15T15:00,15.907
2024-01-15T16:00,15.4787
2024-01-15T17:00,12.3886
2024-01-15T18:00,9.172600000000001
2024-01-15T19:00,7.9556000000000004
2024-01-15T20:00,7.0286
2024-01-15T21:00,5.8157000000000005
2024-01-15T22:00,5.0798000000000005
2024-01-15T23:00,4.4871
2024-01-16T00:00,3.6973000000000003
2024-01-16T01:00,3.4193999999999996
2024-01-16T02:00,3.1822000000000004
2024-01-16T03:00,2.5146
2024-01-16T04:00,2.1646
2024-01-16T05:00,2.6923000000000004
2024-01-16T06:00,2.9865000000000004
2024-01-16T07:00,3.3513
2024-01-16T08:00,4.6598
2024-01-16T09:00,6.4133000000000004
2024-01-16T10:00,9.196900000000001
2024-01-16T11:00,11.9086
2024-01-16T12:00,14.761500000000002
2024-01-16T13:00,16.3521
2024-01-16T14:00,16.643900000000002
2024-01-16T15:00,16.7425
2024-01-16T16:00,16.366300000000003
2024-01-16T17:00,14.427500000000002
2024-01-16T18:00,9.9163
2024-01-16T19:00,8.6693
2024-01-16T20:00,7.3398
2024-01-16T21:00,6.492
2024-01-16T22:00,5.7479
2024-01-16T23:00,4.967300000000001
2024-01-17T00:00,4.2174000000000005
2024-01-17T01:00,3.8124000000000002
2024-01-17T02:00,3.3351999999999995
2024-01-17T03:00,2.8284000000000002
2024-01-17T04:00,2.3877
2024-01-17T05:00,2.6269
2024-01-17T06:00,4.3124
2024-01-17T07:00,3.9958
2024-01-17T08:00,5.4586
2024-01-17T09:00,8.908199999999999
2024-01-17T10:00,11.270900000000001
2024-01-17T11:00,13.567300000000001
2024-01-17T12:00,15.2326
2024-01-17T13:00,16.343
2024-01-17T14:00,16.6363
2024-01-17T15:00,16.731
2024-01-17T16:00,16.2973
2024-01-17T17:00,13.023599999999998
2024-01-17T18:00,8.7889
2024-01-17T19:00,7.642699999999999
2024-01-17T20:00,6.9537
2024-01-17T21:00,6.3714
2024-01-17T22:00,6.0058
2024-01-17T23:00,5.256399999999999
2024-01-18T00:00,4.8488
2024-01-18T01:00,4.1442
2024-01-18T02:00,3.9888000000000003
2024-01-18T03:00,3.8802
2024-01-18T04:00,4.0473
2024-01-18T05:00,3.9449000000000005
2024-01-18T06:00,3.8496
2024-01-18T07:00,4.2215
2024-01-18T08:00,5.9569
2024-01-18T09:00,8.479099999999999
2024-01-18T10:00,10.787500000000001
2024-01-18T11:00,13.4613
2024-01-18T12:00,15.5764
2024-01-18T13:00,16.8386
2024-01-18T14:00,17.066000000000003
2024-01-18T15:00,17.052
2024-01-18T16:00,16.748600000000003
2024-01-18T17:00,14.622700000000002
2024-01-18T18:00,11.7677
2024-01-18T19:00,10.3945
2024-01-18T20:00,8.3732
2024-01-18T21:00,7.0596000000000005
2024-01-18T22:00,6.6375
2024-01-18T23:00,6.118799999999999
2024-01-19T00:00,5.7555
2024-01-19T01:00,5.3395
2024-01-19T02:00,4.925199999999999
2024-01-19T03:00,3.6321
2024-01-19T04:00,3.7208999999999994
2024-01-19T05:00,3.7582999999999998
2024-01-19T06:00,4.2001
2024-01-19T07:00,4.8187
2024-01-19T08:00,6.2877
2024-01-19T09:00,8.950299999999999
2024-01-19T10:00,11.0315
2024-01-19T11:00,13.1578
2024-01-19T12:00,14.5985
2024-01-19T13:00,15.5343
2024-01-19T14:00,16.0225
2024-01-19T15:00,16.183100000000003
2024-01-19T16:00,15.784300000000002
2024-01-19T17:00,13.5304
2024-01-19T18:00,9.308200000000003
2024-01-19T19:00,8.129
2024-01-19T20:00,7.754600000000001
2024-01-19T21:00,6.8795
2024-01-19T22:00,5.9713
2024-01-19T23:00,5.056400000000001
2024-01-20T00:00,4.5426
2024-01-20T01:00,4.389900000000001
2024-01-20T02:00,4.2184
2024-01-20T03:00,4.0087
2024-01-20T04:00,3.5322
2024-01-20T05:00,3.0122
2024-01-20T06:00,4.5062
2024-01-20T07:00,4.6465000000000005
2024-01-20T08:00,6.445400000000001
2024-01-20T09:00,8.583300000000001
2024-01-20T10:00,10.9352
2024-01-20T11:00,13.363900000000001
2024-01-20T12:00,14.7911
2024-01-20T13:00,15.6431
2024-01-20T14:00,16.031
2024-01-20T15:00,16.079100000000004
2024-01-20T16:00,15.5864
2024-01-20T17:00,12.4933
2024-01-20T18:00,9.5106
2024-01-20T19:00,8.3579
2024-01-20T20:00,7.567300000000001
2024-01-20T21:00,6.499600000000001
2024-01-20T22:00,6.1968
2024-01-20T23:00,5.529
2024-01-21T00:00,4.7423
2024-01-21T01:00,3.9031000000000002
2024-01-21T02:00,4.0256
2024-01-21T03:00,3.9147
2024-01-21T04:00,3.8535000000000004
2024-01-21T05:00,3.6580999999999997
2024-01-21T06:00,3.4534
2024-01-21T07:00,3.4907
2024-01-21T08:00,4.726100000000001
2024-01-21T09:00,6.4529000000000005
2024-01-21T10:00,8.5538
2024-01-21T11:00,11.0865
2024-01-21T12:00,13.2575
2024-01-21T13:00,14.688100000000002
2024-01-21T14:00,15.004600000000002
2024-01-21T15:00,15.157499999999999
2024-01-21T16:00,14.750899999999998
2024-01-21T17:00,12.4978
2024-01-21T18:00,9.3057
2024-01-21T19:00,8.3908
2024-01-21T20:00,7.6163
2024-01-21T21:00,6.6534
2024-01-21T22:00,5.315600000000001
2024-01-21T23:00,4.3408999999999995
2024-01-22T00:00,3.8933
2024-01-22T01:00,3.5456999999999996
2024-01-22T02:00,3.2265
2024-01-22T03:00,3.4509000000000003
2024-01-22T04:00,3.9677
2024-01-22T05:00,4.0321
2024-01-22T06:00,4.13
2024-01-22T07:00,4.5839
2024-01-22T08:00,5.6689
2024-01-22T09:00,7.4482
2024-01-22T10:00,9.183399999999999
2024-01-22T11:00,12.123500000000002
2024-01-22T12:00,14.657699999999998
2024-01-22T13:00,15.993900000000004
2024-01-22T14:00,16.1552
2024-01-22T15:00,16.1543
2024-01-22T16:00,15.8222
2024-01-22T17:00,13.912200000000002
2024-01-22T18:00,10.8326
2024-01-22T19:00,8.5882
2024-01-22T20:00,6.872700000000001
2024-01-22T21:00,5.764500000000001
2024-01-22T22:00,5.137500000000001
2024-01-22T23:00,4.5331
2024-01-23T00:00,3.9700000000000006
2024-01-23T01:00,4.064
2024-01-23T02:00,3.9935
2024-01-23T03:00,4.3497
2024-01-23T04:00,4.9185
2024-01-23T05:00,3.8497999999999997
2024-01-23T06:00,4.4085
2024-01-23T07:00,4.0681
2024-01-23T08:00,5.2624
2024-01-23T09:00,7.5064
2024-01-23T10:00,9.9217
2024-01-23T11:00,12.7423
2024-01-23T12:00,15.248
2024-01-23T13:00,16.495
2024-01-23T14:00,16.7285
2024-01-23T15:00,16.7587
2024-01-23T16:00,16.356
2024-01-23T17:00,13.298699999999998
2024-01-23T18:00,10.5427
2024-01-23T19:00,10.2582
2024-01-23T20:00,9.2147
2024-01-23T21:00,8.273
2024-01-23T22:00,7.5312
2024-01-23T23:00,6.2076
2024-01-24T00:00,5.6915000000000004
2024-01-24T01:00,6.022200000000001
2024-01-24T02:00,6.0495
2024-01-24T03:00,5.926500000000001
2024-01-24T04:00,5.1765
2024-01-24T05:00,4.7157
2024-01-24T06:00,5.3877
2024-01-24T07:00,5.0106
2024-01-24T08:00,7.0164
2024-01-24T09:00,9.551400000000001
2024-01-24T10:00,12.0012
2024-01-24T11:00,14.2842
2024-01-24T12:00,16.2024
2024-01-24T13:00,17.3477
2024-01-24T14:00,17.4416
2024-01-24T15:00,17.3966
2024-01-24T16:00,16.8682
2024-01-24T17:00,14.017800000000001
2024-01-24T18:00,11.288599999999999
2024-01-24T19:00,10.0212
2024-01-24T20:00,8.7071
2024-01-24T21:00,7.9001
2024-01-24T22:00,7.436300000000001
2024-01-24T23:00,6.4286
2024-01-25T00:00,5.8831
2024-01-25T01:00,5.389
2024-01-25T02:00,4.1610000000000005
2024-01-25T03:00,4.2554
2024-01-25T04:00,4.697900000000001
2024-01-25T05:00,4.4482
2024-01-25T06:00,4.6096
2024-01-25T07:00,4.7120999999999995
2024-01-25T08:00,5.9942
2024-01-25T09:00,7.4035
2024-01-25T10:00,10.3642
2024-01-25T11:00,13.7077
2024-01-25T12:00,16.433600000000002
2024-01-25T13:00,17.351
2024-01-25T14:00,17.782200000000003
2024-01-25T15:00,17.782200000000003
2024-01-25T16:00,17.181
2024-01-25T17:00,15.313500000000001
2024-01-25T18:00,11.581600000000002
2024-01-25T19:00,10.8383
2024-01-25T20:00,9.9093
2024-01-25T21:00,8.7773
2024-01-25T22:00,7.177600000000001
2024-01-25T23:00,7.5682
2024-01-26T00:00,8.017100000000001
2024-01-26T01:00,6.934
2024-01-26T02:00,5.8338
2024-01-26T03:00,5.2529
2024-01-26T04:00,4.9034
2024-01-26T05:00,4.4594000000000005
2024-01-26T06:00,3.9049
2024-01-26T07:00,4.2744
2024-01-26T08:00,6.6867
2024-01-26T09:00,9.998700000000001
2024-01-26T10:00,12.843300000000001
2024-01-26T11:00,15.605800000000002
2024-01-26T12:00,17.716500000000003
2024-01-26T13:00,18.5335
2024-01-26T14:00,18.394599999999997
2024-01-26T15:00,18.133799999999997
2024-01-26T16:00,17.6218
2024-01-26T17:00,15.008
2024-01-26T18:00,13.4733
2024-01-26T19:00,10.7339
2024-01-26T20:00,9.6239
2024-01-26T21:00,9.1418
2024-01-26T22:00,7.792300000000001
2024-01-26T23:00,6.7619
2024-01-27T00:00,6.2956
2024-01-27T01:00,5.525
2024-01-27T02:00,5.8251
2024-01-27T03:00,5.5202
2024-01-27T04:00,5.2439
2024-01-27T05:00,5.2588
2024-01-27T06:00,5.1425
2024-01-27T07:00,5.456200000000001
2024-01-27T08:00,7.4591
2024-01-27T09:00,10.739
2024-01-27T10:00,13.603800000000001
2024-01-27T11:00,15.994500000000002
2024-01-27T12:00,17.908
2024-01-27T13:00,18.547400000000003
2024-01-27T14:00,18.363500000000002
2024-01-27T15:00,18.1679
2024-01-27T16:00,17.987900000000003
2024-01-27T17:00,15.3716
2024-01-27T18:00,12.8097
2024-01-27T19:00,11.7179
2024-01-27T20:00,10.319400000000002
2024-01-27T21:00,9.161499999999998
2024-01-27T22:00,8.59
2024-01-27T23:00,7.875
2024-01-28T00:00,7.329
2024-01-28T01:00,6.8365
2024-01-28T02:00,7.857
2024-01-28T03:00,8.3768
2024-01-28T04:00,7.3646
2024-01-28T05:00,6.261
2024-01-28T06:00,6.6535
2024-01-28T07:00,6.9083000000000006
2024-01-28T08:00,9.3269
2024-01-28T09:00,13.4856
2024-01-28T10:00,16.2196
2024-01-28T11:00,18.2862
2024-01-28T12:00,19.6559
2024-01-28T13:00,20.2789
2024-01-28T14:00,20.1461
2024-01-28T15:00,20.026600000000002
2024-01-28T16:00,19.731900000000003
2024-01-28T17:00,17.5517
2024-01-28T18:00,14.1321
2024-01-28T19:00,12.775500000000001
2024-01-28T20:00,12.179400000000001
2024-01-28T21:00,11.8482
2024-01-28T22:00,11.267600000000002
2024-01-28T23:00,10.7315
2024-01-29T00:00,10.2573
2024-01-29T01:00,9.8786
2024-01-29T02:00,9.5218
2024-01-29T03:00,9.0228
2024-01-29T04:00,8.7125
2024-01-29T05:00,8.4232
2024-01-29T06:00,7.7373
2024-01-29T07:00,8.2287
2024-01-29T08:00,10.626700000000001
2024-01-29T09:00,13.927100000000001
2024-01-29T10:00,16.7516
2024-01-29T11:00,19.191200000000006
2024-01-29T12:00,21.0844
2024-01-29T13:00,22.051099999999998
2024-01-29T14:00,22.1022
2024-01-29T15:00,22.096700000000002
2024-01-29T16:00,21.871799999999997
2024-01-29T17:00,19.3583
2024-01-29T18:00,17.6821
2024-01-29T19:00,15.494600000000002
2024-01-29T20:00,12.8312
2024-01-29T21:00,11.880700000000001
2024-01-29T22:00,11.0855
2024-01-29T23:00,10.4987
2024-01-30T00:00,10.162700000000001
2024-01-30T01:00,9.632
2024-01-30T02:00,9.577100000000002
2024-01-30T03:00,9.8212
2024-01-30T04:00,9.9953
2024-01-30T05:00,9.9901
2024-01-30T06:00,9.2659
2024-01-30T07:00,8.815199999999999
2024-01-30T08:00,11.065100000000001
2024-01-30T09:00,14.1843
2024-01-30T10:00,16.555100000000003
2024-01-30T11:00,19.605
2024-01-30T12:00,21.3042
2024-01-30T13:00,22.255300000000005
2024-01-30T14:00,22.132600000000004
2024-01-30T15:00,21.875700000000002
2024-01-30T16:00,21.525000000000002
2024-01-30T17:00,20.1323
2024-01-30T18:00,18.2292
2024-01-30T19:00,17.1259
2024-01-30T20:00,15.009900000000002
2024-01-30T21:00,14.036200000000003
2024-01-30T22:00,13.9341
2024-01-30T23:00,12.935000000000002
2024-01-31T00:00,12.047600000000001
2024-01-31T01:00,11.7805
2024-01-31T02:00,10.7683
2024-01-31T03:00,9.6069
2024-01-31T04:00,9.2826
2024-01-31T05:00,9.1068
2024-01-31T06:00,8.6117
2024-01-31T07:00,9.1782
2024-01-31T08:00,11.5044
2024-01-31T09:00,14.560400000000001
2024-01-31T10:00,17.3132
2024-01-31T11:00,19.639200000000002
2024-01-31T12:00,20.896900000000002
2024-01-31T13:00,21.5362
2024-01-31T14:00,22.048800000000004
2024-01-31T15:00,21.041700000000002
2024-01-31T16:00,19.1353
2024-01-31T17:00,18.934500000000003
2024-01-31T18:00,17.0233
2024-01-31T19:00,15.4496
2024-01-31T20:00,14.1942
2024-01-31T21:00,13.6344
2024-01-31T22:00,12.965700000000002
2024-01-31T23:00,12.992600000000001
2024-02-01T00:00,12.548900000000001
2024-02-01T01:00,11.898600000000002
2024-02-01T02:00,11.4921
2024-02-01T03:00,11.137500000000001
2024-02-01T04:00,11.083300000000001
2024-02-01T05:00,11.2398
2024-02-01T06:00,12.218999999999998
2024-02-01T07:00,12.806500000000002
2024-02-01T08:00,14.2461
2024-02-01T09:00,15.4036
2024-02-01T10:00,16.329800000000002
2024-02-01T11:00,17.9569
2024-02-01T12:00,19.313100000000002
2024-02-01T13:00,20.678500000000003
2024-02-01T14:00,21.0631
2024-02-01T15:00,20.932700000000004
2024-02-01T16:00,20.227600000000002
2024-02-01T17:00,18.6979
2024-02-01T18:00,15.5185
2024-02-01T19:00,14.7013
2024-02-01T20:00,14.0626
2024-02-01T21:00,13.3976
2024-02-01T22:00,12.6913
2024-02-01T23:00,11.843000000000002
2024-02-02T00:00,10.4146
2024-02-02T01:00,9.7197
2024-02-02T02:00,8.888
2024-02-02T03:00,8.1704
2024-02-02T04:00,7.821800000000001
2024-02-02T05:00,8.034300000000002
2024-02-02T06:00,9.165000000000001
2024-02-02T07:00,9.3814
2024-02-02T08:00,11.3341
2024-02-02T09:00,14.2296
2024-02-02T10:00,16.438000000000002
2024-02-02T11:00,18.2123
2024-02-02T12:00,19.325699999999998
2024-02-02T13:00,19.6508
2024-02-02T14:00,19.1603
2024-02-02T15:00,18.2376
2024-02-02T16:00,17.7931
2024-02-02T17:00,16.1276
2024-02-02T18:00,14.2592
2024-02-02T19:00,13.026299999999999
2024-02-02T20:00,12.156500000000001
2024-02-02T21:00,11.454300000000002
2024-02-02T22:00,10.6792
2024-02-02T23:00,10.0103
2024-02-03T00:00,9.281600000000001
2024-02-03T01:00,8.638300000000001
2024-02-03T02:00,8.0245
2024-02-03T03:00,7.393600000000001
2024-02-03T04:00,6.9395999999999995
2024-02-03T05:00,6.5748
2024-02-03T06:00,7.8496
2024-02-03T07:00,7.9001
2024-02-03T08:00,9.906799999999999
2024-02-03T09:00,12.6737
2024-02-03T10:00,14.625100000000002
2024-02-03T11:00,16.9816
2024-02-03T12:00,19.0991
2024-02-03T13:00,20.2389
2024-02-03T14:00,20.044199999999996
2024-02-03T15:00,19.8696
2024-02-03T16:00,19.6103
2024-02-03T17:00,17.9049
2024-02-03T18:00,15.659500000000001
2024-02-03T19:00,13.9124
2024-02-03T20:00,13.7056
2024-02-03T21:00,13.776799999999998
2024-02-03T22:00,13.0194
2024-02-03T23:00,13.0993
2024-02-04T00:00,13.2609
2024-02-04T01:00,12.8966
2024-02-04T02:00,12.0248
2024-02-04T03:00,12.010000000000002
2024-02-04T04:00,11.552299999999999
2024-02-04T05:00,11.4785
2024-02-04T06:00,13.008000000000001
2024-02-04T07:00,13.2559
2024-02-04T08:00,14.857000000000001
2024-02-04T09:00,16.565800000000003
2024-02-04T10:00,17.8687
2024-02-04T11:00,19.800600000000003
2024-02-04T12:00,20.3065
2024-02-04T13:00,20.559800000000003
2024-02-04T14:00,20.0936
2024-02-04T15:00,19.4246
2024-02-04T16:00,18.8241
2024-02-04T17:00,18.359499999999997
2024-02-04T18:00,15.9613
2024-02-04T19:00,15.533800000000001
2024-02-04T20:00,15.0348
2024-02-04T21:00,14.9642
2024-02-04T22:00,14.608500000000001
2024-02-04T23:00,14.0838
2024-02-05T00:00,14.001
2024-02-05T01:00,13.559199999999999
2024-02-05T02:00,14.1408
2024-02-05T03:00,14.293500000000002
2024-02-05T04:00,13.7993
2024-02-05T05:00,13.613800000000001
2024-02-05T06:00,14.170900000000001
2024-02-05T07:00,14.6404
2024-02-05T08:00,15.657300000000001
2024-02-05T09:00,16.7478
2024-02-05T10:00,18.576
2024-02-05T11:00,19.624100000000002
2024-02-05T12:00,20.768700000000003
2024-02-05T13:00,21.4757
2024-02-05T14:00,21.2695
2024-02-05T15:00,20.7024
2024-02-05T16:00,20.1499
2024-02-05T17:00,18.738300000000002
2024-02-05T18:00,16.1179
2024-02-05T19:00,14.8958
2024-02-05T20:00,13.5588
2024-02-05T21:00,12.7162
2024-02-05T22:00,11.9255
2024-02-05T23:00,11.0409
2024-02-06T00:00,10.3013
2024-02-06T01:00,10.088899999999999
2024-02-06T02:00,9.929300000000001
2024-02-06T03:00,9.712900000000001
2024-02-06T04:00,9.4328
2024-02-06T05:00,9.0517
2024-02-06T06:00,10.017
2024-02-06T07:00,9.931099999999999
2024-02-06T08:00,11.1842
2024-02-06T09:00,13.1959
2024-02-06T10:00,15.3948
2024-02-06T11:00,17.108800000000002
2024-02-06T12:00,17.814100000000003
2024-02-06T13:00,17.953000000000003
2024-02-06T14:00,17.5953
2024-02-06T15:00,16.805400000000002
2024-02-06T16:00,16.4664
2024-02-06T17:00,15.1377
2024-02-06T18:00,12.474800000000002
2024-02-06T19:00,11.3907
2024-02-06T20:00,10.504500000000002
2024-02-06T21:00,9.581700000000001
2024-02-06T22:00,8.843
2024-02-06T23:00,8.1935
2024-02-07T00:00,7.6403
2024-02-07T01:00,7.412
2024-02-07T02:00,7.2349000000000006
2024-02-07T03:00,6.8018
2024-02-07T04:00,6.2757000000000005
2024-02-07T05:00,5.7899
2024-02-07T06:00,6.7452
2024-02-07T07:00,6.640600000000001
2024-02-07T08:00,8.8693
2024-02-07T09:00,11.5556
2024-02-07T10:00,13.688600000000001
2024-02-07T11:00,15.509000000000002
2024-02-07T12:00,16.4697
2024-02-07T13:00,16.907400000000003
2024-02-07T14:00,16.130000000000003
2024-02-07T15:00,15.4674
2024-02-07T16:00,15.003499999999999
2024-02-07T17:00,13.8454
2024-02-07T18:00,11.8784
2024-02-07T19:00,11.103200000000001
2024-02-07T20:00,10.378400000000001
2024-02-07T21:00,9.697899999999999
2024-02-07T22:00,9.000300000000001
2024-02-07T23:00,8.4005
2024-02-08T00:00,7.7852
2024-02-08T01:00,7.211
2024-02-08T02:00,6.6911000000000005
2024-02-08T03:00,6.196
2024-02-08T04:00,5.7808
2024-02-08T05:00,5.368000000000001
2024-02-08T06:00,6.0158000000000005
2024-02-08T07:00,6.1105
2024-02-08T08:00,8.0521
2024-02-08T09:00,10.112
2024-02-08T10:00,11.7663
2024-02-08T11:00,13.6713
2024-02-08T12:00,15.0774
2024-02-08T13:00,15.789
2024-02-08T14:00,15.644000000000002
2024-02-08T15:00,15.250499999999999
2024-02-08T16:00,15.030100000000001
2024-02-08T17:00,13.6014
2024-02-08T18:00,12.0448
2024-02-08T19:00,10.864600000000001
2024-02-08T20:00,10.0064
2024-02-08T21:00,9.416599999999999
2024-02-08T22:00,8.9293
2024-02-08T23:00,8.442
2024-02-09T00:00,7.939900000000001
2024-02-09T01:00,7.4316
2024-02-09T02:00,6.9311
2024-02-09T03:00,6.3631
2024-02-09T04:00,5.9394
2024-02-09T05:00,5.4621
2024-02-09T06:00,5.262700000000001
2024-02-09T07:00,6.0902
2024-02-09T08:00,8.9723
2024-02-09T09:00,12.544
2024-02-09T10:00,15.2342
2024-02-09T11:00,17.7661
2024-02-09T12:00,19.2349
2024-02-09T13:00,19.792
2024-02-09T14:00,19.5755
2024-02-09T15:00,18.8686
2024-02-09T16:00,18.5055
2024-02-09T17:00,16.8384
2024-02-09T18:00,14.2102
2024-02-09T19:00,12.435399999999998
2024-02-09T20:00,10.668400000000002
2024-02-09T21:00,9.8083
2024-02-09T22:00,8.9395
2024-02-09T23:00,7.8315
2024-02-10T00:00,6.886500000000001
2024-02-10T01:00,7.452800000000001
2024-02-10T02:00,6.939600000000001
2024-02-10T03:00,7.2118
2024-02-10T04:00,6.5944
2024-02-10T05:00,5.7818000000000005
2024-02-10T06:00,5.3617
2024-02-10T07:00,7.3852
2024-02-10T08:00,9.9898
2024-02-10T09:00,12.9449
2024-02-10T10:00,15.3995
2024-02-10T11:00,17.9557
2024-02-10T12:00,19.9025
2024-02-10T13:00,20.2549
2024-02-10T14:00,19.967000000000002
2024-02-10T15:00,19.2965
2024-02-10T16:00,18.978300000000004
2024-02-10T17:00,17.2482
2024-02-10T18:00,14.102800000000002
2024-02-10T19:00,13.329900000000002
2024-02-10T20:00,12.685300000000002
2024-02-10T21:00,12.0494
2024-02-10T22:00,11.344000000000001
2024-02-10T23:00,10.3438
2024-02-11T00:00,9.431299999999998
2024-02-11T01:00,8.640500000000001
2024-02-11T02:00,7.965299999999999
2024-02-11T03:00,7.1022
2024-02-11T04:00,6.6622
2024-02-11T05:00,6.2052000000000005
2024-02-11T06:00,7.255200000000001
2024-02-11T07:00,8.1193
2024-02-11T08:00,11.110200000000003
2024-02-11T09:00,15.179400000000001
2024-02-11T10:00,17.733
2024-02-11T11:00,19.9467
2024-02-11T12:00,21.1672
2024-02-11T13:00,21.9208
2024-02-11T14:00,21.641400000000004
2024-02-11T15:00,20.9361
2024-02-11T16:00,20.5645
2024-02-11T17:00,19.2522
2024-02-11T18:00,15.841700000000001
2024-02-11T19:00,14.5684
2024-02-11T20:00,13.601099999999999
2024-02-11T21:00,12.2695
2024-02-11T22:00,11.1436
2024-02-11T23:00,9.971
2024-02-12T00:00,8.994700000000002
2024-02-12T01:00,8.4276
2024-02-12T02:00,7.8874
2024-02-12T03:00,7.5384
2024-02-12T04:00,6.771500000000001
2024-02-12T05:00,6.3439
2024-02-12T06:00,7.2675
2024-02-12T07:00,8.5326
2024-02-12T08:00,11.8343
2024-02-12T09:00,15.778500000000001
2024-02-12T10:00,18.5123
2024-02-12T11:00,21.0512
2024-02-12T12:00,22.663600000000002
2024-02-12T13:00,23.1052
2024-02-12T14:00,22.5024
2024-02-12T15:00,22.1446
2024-02-12T16:00,21.8413
2024-02-12T17:00,20.661500000000004
2024-02-12T18:00,17.6856
2024-02-12T19:00,16.592000000000002
2024-02-12T20:00,15.643799999999999
2024-02-12T21:00,14.774899999999999
2024-02-12T22:00,14.0838
2024-02-12T23:00,12.7461
2024-02-13T00:00,12.0101
2024-02-13T01:00,11.864
2024-02-13T02:00,11.5035
2024-02-13T03:00,10.398399999999999
2024-02-13T04:00,9.994100000000003
2024-02-13T05:00,9.396700000000001
2024-02-13T06:00,10.8076
2024-02-13T07:00,11.3747
2024-02-13T08:00,14.807400000000001
2024-02-13T09:00,18.1919
2024-02-13T10:00,20.480700000000002
2024-02-13T11:00,21.8791
2024-02-13T12:00,23.033899999999996
2024-02-13T13:00,23.1434
2024-02-13T14:00,23.011400000000002
2024-02-13T15:00,22.868000000000002
2024-02-13T16:00,22.608
2024-02-13T17:00,21.5844
2024-02-13T18:00,17.368199999999998
2024-02-13T19:00,16.3949
2024-02-13T20:00,16.2348
2024-02-13T21:00,14.8687
2024-02-13T22:00,15.033000000000001
2024-02-13T23:00,14.279
2024-02-14T00:00,13.8305
2024-02-14T01:00,12.8746
2024-02-14T02:00,12.8398
2024-02-14T03:00,12.7428
2024-02-14T04:00,12.077000000000002
2024-02-14T05:00,11.661200000000001
2024-02-14T06:00,12.462700000000002
2024-02-14T07:00,12.836200000000002
2024-02-14T08:00,15.0839
2024-02-14T09:00,18.2193
2024-02-14T10:00,20.539900000000003
2024-02-14T11:00,21.647000000000002
2024-02-14T12:00,22.8381
2024-02-14T13:00,23.2036
2024-02-14T14:00,23.207500000000003
2024-02-14T15:00,22.6022
2024-02-14T16:00,22.1389
2024-02-14T17:00,21.2812
2024-02-14T18:00,18.423399999999997
2024-02-14T19:00,17.203599999999998
2024-02-14T20:00,16.0288
2024-02-14T21:00,15.654100000000001
2024-02-14T22:00,14.9605
2024-02-14T23:00,14.1117
2024-02-15T00:00,13.3397
2024-02-15T01:00,13.0148
2024-02-15T02:00,12.391799999999998
2024-02-15T03:00,11.036900000000001
2024-02-15T04:00,10.727400000000001
2024-02-15T05:00,10.6111
2024-02-15T06:00,12.0685
2024-02-15T07:00,12.235499999999998
2024-02-15T08:00,14.3311
2024-02-15T09:00,17.3134
2024-02-15T10:00,20.1991
2024-02-15T11:00,22.6092
2024-02-15T12:00,23.734199999999998
2024-02-15T13:00,24.140900000000002
2024-02-15T14:00,23.8662
2024-02-15T15:00,23.117600000000003
2024-02-15T16:00,22.642
2024-02-15T17:00,21.2357
2024-02-15T18:00,18.8981
2024-02-15T19:00,17.4967
2024-02-15T20:00,15.6313
2024-02-15T21:00,14.763100000000001
2024-02-15T22:00,14.075700000000001
2024-02-15T23:00,12.6316
2024-02-16T00:00,11.936200000000001
2024-02-16T01:00,11.0582
2024-02-16T02:00,10.3599
2024-02-16T03:00,9.8462
2024-02-16T04:00,9.3581
2024-02-16T05:00,8.9779
2024-02-16T06:00,9.569199999999999
2024-02-16T07:00,10.8824
2024-02-16T08:00,14.182000000000002
2024-02-16T09:00,18.2387
2024-02-16T10:00,21.164
2024-02-16T11:00,23.3949
2024-02-16T12:00,24.4315
2024-02-16T13:00,24.6596
2024-02-16T14:00,24.0675
2024-02-16T15:00,23.012099999999997
2024-02-16T16:00,22.5241
2024-02-16T17:00,21.009000000000004
2024-02-16T18:00,17.226100000000002
2024-02-16T19:00,16.2105
2024-02-16T20:00,14.8827
2024-02-16T21:00,14.0076
2024-02-16T22:00,13.244200000000001
2024-02-16T23:00,12.431999999999999
2024-02-17T00:00,11.4693
2024-02-17T01:00,10.8322
2024-02-17T02:00,9.9418
2024-02-17T03:00,9.642900000000001
2024-02-17T04:00,9.4085
2024-02-17T05:00,9.067100000000002
2024-02-17T06:00,9.614999999999998
2024-02-17T07:00,10.109499999999999
2024-02-17T08:00,13.122599999999998
2024-02-17T09:00,16.854
2024-02-17T10:00,19.673000000000002
2024-02-17T11:00,21.6246
2024-02-17T12:00,22.6263
2024-02-17T13:00,22.8854
2024-02-17T14:00,22.661
2024-02-17T15:00,21.8408
2024-02-17T16:00,21.633799999999997
2024-02-17T17:00,20.152800000000003
2024-02-17T18:00,17.6527
2024-02-17T19:00,16.3139
2024-02-17T20:00,15.391100000000002
2024-02-17T21:00,14.032499999999999
2024-02-17T22:00,13.161200000000001
2024-02-17T23:00,12.712000000000002
2024-02-18T00:00,11.722200000000003
2024-02-18T01:00,10.918099999999999
2024-02-18T02:00,10.8292
2024-02-18T03:00,10.664900000000001
2024-02-18T04:00,9.584000000000001
2024-02-18T05:00,10.202100000000002
2024-02-18T06:00,9.2683
2024-02-18T07:00,11.570200000000002
2024-02-18T08:00,14.683800000000002
2024-02-18T09:00,19.3484
2024-02-18T10:00,22.0923
2024-02-18T11:00,24.2332
2024-02-18T12:00,25.3699
2024-02-18T13:00,26.0619
2024-02-18T14:00,25.995900000000002
2024-02-18T15:00,25.1889
2024-02-18T16:00,24.7592
2024-02-18T17:00,23.601300000000002
2024-02-18T18:00,20.0387
2024-02-18T19:00,18.834100000000003
2024-02-18T20:00,17.3234
2024-02-18T21:00,16.3338
2024-02-18T22:00,15.701299999999998
2024-02-18T23:00,15.058899999999998
2024-02-19T00:00,14.5438
2024-02-19T01:00,14.088400000000002
2024-02-19T02:00,13.6524
2024-02-19T03:00,13.264499999999998
2024-02-19T04:00,12.753300000000001
2024-02-19T05:00,12.4429
2024-02-19T06:00,13.187800000000001
2024-02-19T07:00,13.5984
2024-02-19T08:00,16.0514
2024-02-19T09:00,18.525499999999997
2024-02-19T10:00,20.740199999999998
2024-02-19T11:00,22.912000000000003
2024-02-19T12:00,24.4359
2024-02-19T13:00,25.3126
2024-02-19T14:00,25.3846
2024-02-19T15:00,25.0517
2024-02-19T16:00,24.849300000000003
2024-02-19T17:00,24.061200000000003
2024-02-19T18:00,21.607200000000002
2024-02-19T19:00,20.414
2024-02-19T20:00,19.607800000000005
2024-02-19T21:00,18.9815
2024-02-19T22:00,18.447699999999998
2024-02-19T23:00,17.639200000000002
2024-02-20T00:00,16.989
2024-02-20T01:00,16.6383
2024-02-20T02:00,16.2876
2024-02-20T03:00,15.819700000000001
2024-02-20T04:00,15.2826
2024-02-20T05:00,14.64
2024-02-20T06:00,15.4113
2024-02-20T07:00,15.7157
2024-02-20T08:00,18.4171
2024-02-20T09:00,21.2529
2024-02-20T10:00,23.075100000000003
2024-02-20T11:00,25.606900000000003
2024-02-20T12:00,27.660000000000004
2024-02-20T13:00,28.342900000000004
2024-02-20T14:00,27.0842
2024-02-20T15:00,26.6197
2024-02-20T16:00,26.148300000000003
2024-02-20T17:00,25.67
2024-02-20T18:00,22.264699999999998
2024-02-20T19:00,20.355800000000002
2024-02-20T20:00,19.8886
2024-02-20T21:00,18.9731
2024-02-20T22:00,18.3295
2024-02-20T23:00,17.7164
2024-02-21T00:00,16.4668
2024-02-21T01:00,16.2253
2024-02-21T02:00,15.5082
2024-02-21T03:00,14.783100000000001
2024-02-21T04:00,14.2119
2024-02-21T05:00,14.207699999999999
2024-02-21T06:00,15.9091
2024-02-21T07:00,15.812100000000001
2024-02-21T08:00,17.942999999999998
2024-02-21T09:00,21.066
2024-02-21T10:00,23.004
2024-02-21T11:00,24.8534
2024-02-21T12:00,25.562
2024-02-21T13:00,25.376600000000003
2024-02-21T14:00,23.7098
2024-02-21T15:00,23.2606
2024-02-21T16:00,22.4819
2024-02-21T17:00,21.497700000000002
2024-02-21T18:00,18.7548
2024-02-21T19:00,17.9049
2024-02-21T20:00,17.137900000000002
2024-02-21T21:00,16.3986
2024-02-21T22:00,15.3611
2024-02-21T23:00,14.921500000000002
2024-02-22T00:00,14.688399999999998
2024-02-22T01:00,14.323799999999999
2024-02-22T02:00,13.976099999999999
2024-02-22T03:00,14.1532
2024-02-22T04:00,12.467400000000001
2024-02-22T05:00,11.782
2024-02-22T06:00,12.726099999999999
2024-02-22T07:00,13.6041
2024-02-22T08:00,15.9694
2024-02-22T09:00,18.3619
2024-02-22T10:00,19.6421
2024-02-22T11:00,21.3291
2024-02-22T12:00,21.5323
2024-02-22T13:00,21.320400000000003
2024-02-22T14:00,21.509700000000002
2024-02-22T15:00,20.887600000000003
2024-02-22T16:00,20.4109
2024-02-22T17:00,18.9463
2024-02-22T18:00,16.233600000000003
2024-02-22T19:00,14.896700000000001
2024-02-22T20:00,13.9976
2024-02-22T21:00,12.992799999999999
2024-02-22T22:00,11.990900000000002
2024-02-22T23:00,11.2592
2024-02-23T00:00,10.323400000000001
2024-02-23T01:00,9.5652
2024-02-23T02:00,8.9551
2024-02-23T03:00,8.6054
2024-02-23T04:00,7.896100000000001
2024-02-23T05:00,6.9264
2024-02-23T06:00,8.5623
2024-02-23T07:00,9.7532
2024-02-23T08:00,12.777000000000001
2024-02-23T09:00,15.9048
2024-02-23T10:00,18.6688
2024-02-23T11:00,20.778200000000005
2024-02-23T12:00,21.453200000000002
2024-02-23T13:00,21.455400000000004
2024-02-23T14:00,20.869500000000002
2024-02-23T15:00,19.799400000000002
2024-02-23T16:00,19.337899999999998
2024-02-23T17:00,17.9826
2024-02-23T18:00,14.924
2024-02-23T19:00,13.529399999999999
2024-02-23T20:00,12.5181
2024-02-23T21:00,11.725000000000001
2024-02-23T22:00,10.617700000000001
2024-02-23T23:00,10.0466
2024-02-24T00:00,9.5016
2024-02-24T01:00,7.992900000000001
2024-02-24T02:00,8.255
2024-02-24T03:00,7.974499999999999
2024-02-24T04:00,8.6092
2024-02-24T05:00,8.322600000000001
2024-02-24T06:00,9.2553
2024-02-24T07:00,10.436700000000002
2024-02-24T08:00,13.5419
2024-02-24T09:00,17.2947
2024-02-24T10:00,19.4618
2024-02-24T11:00,20.5289
2024-02-24T12:00,22.592099999999995
2024-02-24T13:00,22.779899999999998
2024-02-24T14:00,21.857300000000002
2024-02-24T15:00,20.911700000000003
2024-02-24T16:00,20.814400000000003
2024-02-24T17:00,19.9696
2024-02-24T18:00,14.8525
2024-02-24T19:00,13.991200000000001
2024-02-24T20:00,13.0601
2024-02-24T21:00,13.454500000000001
2024-02-24T22:00,11.7957
2024-02-24T23:00,11.180000000000001
2024-02-25T00:00,10.5398
2024-02-25T01:00,9.9765
2024-02-25T02:00,10.023200000000001
2024-02-25T03:00,9.3973
2024-02-25T04:00,9.598700000000001
2024-02-25T05:00,9.028
2024-02-25T06:00,10.506700000000002
2024-02-25T07:00,11.738199999999999
2024-02-25T08:00,14.548000000000002
2024-02-25T09:00,18.307499999999997
2024-02-25T10:00,20.8564
2024-02-25T11:00,22.440200000000004
2024-02-25T12:00,23.445700000000002
2024-02-25T13:00,23.701600000000003
2024-02-25T14:00,22.959500000000002
2024-02-25T15:00,21.590000000000003
2024-02-25T16:00,21.209699999999998
2024-02-25T17:00,19.3665
2024-02-25T18:00,16.398899999999998
2024-02-25T19:00,15.4022
2024-02-25T20:00,13.522199999999998
2024-02-25T21:00,12.768900000000002
2024-02-25T22:00,12.1241
2024-02-25T23:00,12.1676
2024-02-26T00:00,11.355599999999999
2024-02-26T01:00,11.214500000000001
2024-02-26T02:00,11.0168
2024-02-26T03:00,10.9757
2024-02-26T04:00,10.188300000000002
2024-02-26T05:00,9.5661
2024-02-26T06:00,10.7258
2024-02-26T07:00,11.798200000000001
2024-02-26T08:00,14.569199999999999
2024-02-26T09:00,17.6011
2024-02-26T10:00,20.1654
2024-02-26T11:00,21.6078
2024-02-26T12:00,22.908300000000004
2024-02-26T13:00,23.070499999999996
2024-02-26T14:00,21.948600000000003
2024-02-26T15:00,21.594
2024-02-26T16:00,21.5701
2024-02-26T17:00,20.3048
2024-02-26T18:00,17.1371
2024-02-26T19:00,16.2901
2024-02-26T20:00,15.6035
2024-02-26T21:00,14.7487
2024-02-26T22:00,13.934700000000001
2024-02-26T23:00,13.328500000000002
2024-02-27T00:00,13.291799999999999
2024-02-27T01:00,12.8432
2024-02-27T02:00,12.8794
2024-02-27T03:00,12.5132
2024-02-27T04:00,12.4676
2024-02-27T05:00,12.553700000000001
2024-02-27T06:00,12.8681
2024-02-27T07:00,13.935400000000001
2024-02-27T08:00,15.919800000000002
2024-02-27T09:00,17.4069
2024-02-27T10:00,19.468600000000002
2024-02-27T11:00,21.3428
2024-02-27T12:00,23.143
2024-02-27T13:00,23.4863
2024-02-27T14:00,23.6095
2024-02-27T15:00,22.832500000000003
2024-02-27T16:00,22.1296
2024-02-27T17:00,20.860300000000002
2024-02-27T18:00,17.1141
2024-02-27T19:00,15.8267
2024-02-27T20:00,14.8157
2024-02-27T21:00,14.026700000000002
2024-02-27T22:00,13.1941
2024-02-27T23:00,12.413599999999999
2024-02-28T00:00,11.9402
2024-02-28T01:00,11.692600000000002
2024-02-28T02:00,11.3629
2024-02-28T03:00,11.0417
2024-02-28T04:00,10.752300000000002
2024-02-28T05:00,10.4567
2024-02-28T06:00,10.3868
2024-02-28T07:00,10.9402
2024-02-28T08:00,13.6701
2024-02-28T09:00,16.346400000000003
2024-02-28T10:00,18.8846
2024-02-28T11:00,21.0309
2024-02-28T12:00,22.041200000000003
2024-02-28T13:00,22.4035
2024-02-28T14:00,22.1404
2024-02-28T15:00,21.295299999999997
2024-02-28T16:00,20.817400000000003
2024-02-28T17:00,20.118000000000002
2024-02-28T18:00,18.236900000000002
2024-02-28T19:00,16.912300000000002
2024-02-28T20:00,15.9718
2024-02-28T21:00,15.183499999999999
2024-02-28T22:00,14.372700000000002
2024-02-28T23:00,13.7256
2024-02-29T00:00,13.073799999999999
2024-02-29T01:00,12.4895
2024-02-29T02:00,11.919900000000002
2024-02-29T03:00,11.380600000000001
2024-02-29T04:00,10.8421
2024-02-29T05:00,10.4883
2024-02-29T06:00,11.1533
2024-02-29T07:00,11.799900000000001
2024-02-29T08:00,15.007800000000001
2024-02-29T09:00,18.003600000000002
2024-02-29T10:00,20.6537
2024-02-29T11:00,22.9288
2024-02-29T12:00,24.449600000000004
2024-02-29T13:00,25.133899999999997
2024-02-29T14:00,25.1617
2024-02-29T15:00,24.291800000000002
2024-02-29T16:00,23.733999999999998
2024-02-29T17:00,22.756899999999998
2024-02-29T18:00,18.862500000000004
2024-02-29T19:00,17.8282
2024-02-29T20:00,16.9185
2024-02-29T21:00,15.4697
2024-02-29T22:00,14.831100000000001
2024-02-29T23:00,13.979200000000002
2024-03-01T00:00,13.2117
2024-03-01T01:00,12.201
2024-03-01T02:00,13.0303
2024-03-01T03:00,13.092300000000002
2024-03-01T04:00,12.798300000000001
2024-03-01T05:00,12.234900000000001
2024-03-01T06:00,13.0843
2024-03-01T07:00,14.4617
2024-03-01T08:00,18.2666
2024-03-01T09:00,21.953
2024-03-01T10:00,24.1849
2024-03-01T11:00,25.1865
2024-03-01T12:00,25.9742
2024-03-01T13:00,27.259300000000003
2024-03-01T14:00,26.9461
2024-03-01T15:00,26.5555
2024-03-01T16:00,25.9125
2024-03-01T17:00,25.4002
2024-03-01T18:00,23.210800000000003
2024-03-01T19:00,22.023699999999998
2024-03-01T20:00,21.2076
2024-03-01T21:00,19.8791
2024-03-01T22:00,19.4903
2024-03-01T23:00,19.0775
2024-03-02T00:00,18.260600000000004
2024-03-02T01:00,17.999000000000002
2024-03-02T02:00,17.5212
2024-03-02T03:00,17.706000000000003
2024-03-02T04:00,17.4518
2024-03-02T05:00,17.0031
2024-03-02T06:00,18.5906
2024-03-02T07:00,18.5297
2024-03-02T08:00,19.9335
2024-03-02T09:00,20.804000000000002
2024-03-02T10:00,21.2972
2024-03-02T11:00,22.814500000000002
2024-03-02T12:00,23.929900000000004
2024-03-02T13:00,24.3855
2024-03-02T14:00,23.3446
2024-03-02T15:00,23.184
2024-03-02T16:00,23.418900000000004
2024-03-02T17:00,21.6347
2024-03-02T18:00,20.310100000000002
2024-03-02T19:00,19.9024
2024-03-02T20:00,18.7207
2024-03-02T21:00,19.0057
2024-03-02T22:00,18.5951
2024-03-02T23:00,18.2693
2024-03-03T00:00,18.3645
2024-03-03T01:00,17.905900000000003
2024-03-03T02:00,17.474500000000003
2024-03-03T03:00,17.4677
2024-03-03T04:00,17.5272
2024-03-03T05:00,17.4741
2024-03-03T06:00,16.846600000000002
2024-03-03T07:00,17.3678
2024-03-03T08:00,18.0557
2024-03-03T09:00,19.3287
2024-03-03T10:00,20.7852
2024-03-03T11:00,22.0683
2024-03-03T12:00,23.3262
2024-03-03T13:00,24.2408
2024-03-03T14:00,23.355400000000003
2024-03-03T15:00,22.7996
2024-03-03T16:00,21.5886
2024-03-03T17:00,20.110100000000003
2024-03-03T18:00,18.933000000000003
2024-03-03T19:00,17.854100000000003
2024-03-03T20:00,16.8144
2024-03-03T21:00,16.473000000000003
2024-03-03T22:00,16.2108
2024-03-03T23:00,15.960400000000002
2024-03-04T00:00,14.909200000000002
2024-03-04T01:00,14.3828
2024-03-04T02:00,14.6036
2024-03-04T03:00,14.295600000000002
2024-03-04T04:00,14.5126
2024-03-04T05:00,14.0881
2024-03-04T06:00,13.4376
2024-03-04T07:00,14.3841
2024-03-04T08:00,16.6141
2024-03-04T09:00,18.8488
2024-03-04T10:00,20.5857
2024-03-04T11:00,22.172800000000002
2024-03-04T12:00,22.6832
2024-03-04T13:00,22.576900000000002
2024-03-04T14:00,21.8645
2024-03-04T15:00,20.6399
2024-03-04T16:00,20.02
2024-03-04T17:00,19.1904
2024-03-04T18:00,16.9662
2024-03-04T19:00,15.533700000000001
2024-03-04T20:00,14.4265
2024-03-04T21:00,13.568299999999997
2024-03-04T22:00,12.7256
2024-03-04T23:00,11.972900000000001
2024-03-05T00:00,11.3032
2024-03-05T01:00,10.635000000000002
2024-03-05T02:00,9.9925
2024-03-05T03:00,9.402800000000001
2024-03-05T04:00,8.8534
2024-03-05T05:00,8.1868
2024-03-05T06:00,8.668600000000001
2024-03-05T07:00,9.2974
2024-03-05T08:00,12.108
2024-03-05T09:00,14.6144
2024-03-05T10:00,17.0812
2024-03-05T11:00,18.6755
2024-03-05T12:00,19.7167
2024-03-05T13:00,20.202399999999997
2024-03-05T14:00,19.8773
2024-03-05T15:00,19.0756
2024-03-05T16:00,18.3486
2024-03-05T17:00,17.5181
2024-03-05T18:00,14.7943
2024-03-05T19:00,13.893300000000002
2024-03-05T20:00,13.363800000000001
2024-03-05T21:00,12.427300000000002
2024-03-05T22:00,11.3031
2024-03-05T23:00,10.7118
2024-03-06T00:00,10.4921
2024-03-06T01:00,9.917100000000001
2024-03-06T02:00,9.4927
2024-03-06T03:00,8.979000000000001
2024-03-06T04:00,8.0852
2024-03-06T05:00,7.9571
2024-03-06T06:00,8.0187
2024-03-06T07:00,8.900400000000001
2024-03-06T08:00,11.9515
2024-03-06T09:00,14.576500000000001
2024-03-06T10:00,16.6804
2024-03-06T11:00,18.533299999999997
2024-03-06T12:00,19.0521
2024-03-06T13:00,19.2772
2024-03-06T14:00,19.488699999999998
2024-03-06T15:00,19.9134
2024-03-06T16:00,19.648999999999997
2024-03-06T17:00,18.940400000000004
2024-03-06T18:00,16.9426
2024-03-06T19:00,15.479200000000002
2024-03-06T20:00,14.0879
2024-03-06T21:00,13.841899999999999
2024-03-06T22:00,12.282599999999999
2024-03-06T23:00,11.843900000000001
2024-03-07T00:00,10.6955
2024-03-07T01:00,10.270900000000001
2024-03-07T02:00,9.6687
2024-03-07T03:00,9.045000000000002
2024-03-07T04:00,8.814400000000001
2024-03-07T05:00,8.4784
2024-03-07T06:00,9.447000000000001
2024-03-07T07:00,10.7787
2024-03-07T08:00,14.433400000000002
2024-03-07T09:00,17.3425
2024-03-07T10:00,19.610000000000003
2024-03-07T11:00,21.628999999999998
2024-03-07T12:00,22.868199999999998
2024-03-07T13:00,23.4191
2024-03-07T14:00,23.222000000000005
2024-03-07T15:00,22.311100000000003
2024-03-07T16:00,21.7751
2024-03-07T17:00,20.8802
2024-03-07T18:00,18.3039
2024-03-07T19:00,16.6694
2024-03-07T20:00,15.604899999999999
2024-03-07T21:00,14.895699999999998
2024-03-07T22:00,14.288799999999998
2024-03-07T23:00,13.689000000000002
2024-03-08T00:00,12.667599999999998
2024-03-08T01:00,11.7423
2024-03-08T02:00,11.331
2024-03-08T03:00,11.1547
2024-03-08T04:00,10.6668
2024-03-08T05:00,10.2866
2024-03-08T06:00,10.768400000000002
2024-03-08T07:00,12.1678
2024-03-08T08:00,15.748200000000002
2024-03-08T09:00,18.6729
2024-03-08T10:00,21.5098
2024-03-08T11:00,23.5925
2024-03-08T12:00,24.4592
2024-03-08T13:00,24.6755
2024-03-08T14:00,24.242300000000004
2024-03-08T15:00,23.1101
2024-03-08T16:00,22.503500000000003
2024-03-08T17:00,21.4667
2024-03-08T18:00,18.533900000000003
2024-03-08T19:00,17.1008
2024-03-08T20:00,15.702600000000002
2024-03-08T21:00,14.6731
2024-03-08T22:00,13.905000000000001
2024-03-08T23:00,13.2873
2024-03-09T00:00,12.5214
2024-03-09T01:00,12.0783
2024-03-09T02:00,11.488500000000002
2024-03-09T03:00,10.846
2024-03-09T04:00,10.1887
2024-03-09T05:00,9.6688
2024-03-09T06:00,10.583
2024-03-09T07:00,11.866800000000001
2024-03-09T08:00,15.200500000000002
2024-03-09T09:00,17.7317
2024-03-09T10:00,20.2707
2024-03-09T11:00,22.3541
2024-03-09T12:00,23.6397
2024-03-09T13:00,24.1168
2024-03-09T14:00,23.8234
2024-03-09T15:00,23.063699999999997
2024-03-09T16:00,22.484200000000005
2024-03-09T17:00,21.6142
2024-03-09T18:00,18.2783
2024-03-09T19:00,17.224500000000003
2024-03-09T20:00,16.3049
2024-03-09T21:00,15.242600000000001
2024-03-09T22:00,14.230799999999999
2024-03-09T23:00,13.5633
2024-03-10T00:00,12.769400000000001
2024-03-10T01:00,11.7971
2024-03-10T02:00,11.4928
2024-03-10T03:00,11.208
2024-03-10T04:00,10.955000000000002
2024-03-10T05:00,10.451400000000001
2024-03-10T06:00,10.622499999999999
2024-03-10T07:00,12.0615
2024-03-10T08:00,16.0524
2024-03-10T09:00,19.5263
2024-03-10T10:00,22.3137
2024-03-10T11:00,24.329500000000003
2024-03-10T12:00,25.8285
2024-03-10T13:00,26.730900000000002
2024-03-10T14:00,26.5897
2024-03-10T15:00,25.4196
2024-03-10T16:00,24.753800000000005
2024-03-10T17:00,24.1767
2024-03-10T18:00,21.103299999999997
2024-03-10T19:00,20.6513
2024-03-10T20:00,19.7729
2024-03-10T21:00,18.9806
2024-03-10T22:00,18.512
2024-03-10T23:00,17.2651
2024-03-11T00:00,16.2795
2024-03-11T01:00,15.8777
2024-03-11T02:00,15.2302
2024-03-11T03:00,14.9624
2024-03-11T04:00,16.0408
2024-03-11T05:00,16.074199999999998
2024-03-11T06:00,14.239500000000001
2024-03-11T07:00,16.5314
2024-03-11T08:00,20.4284
2024-03-11T09:00,23.9162
2024-03-11T10:00,26.4234
2024-03-11T11:00,28.567400000000003
2024-03-11T12:00,29.8749
2024-03-11T13:00,30.2699
2024-03-11T14:00,29.8788
2024-03-11T15:00,28.7266
2024-03-11T16:00,27.669100000000004
2024-03-11T17:00,26.7435
2024-03-11T18:00,23.0147
2024-03-11T19:00,21.2152
2024-03-11T20:00,19.775100000000002
2024-03-11T21:00,18.825599999999998
2024-03-11T22:00,17.595599999999997
2024-03-11T23:00,16.8598
2024-03-12T00:00,16.2382
2024-03-12T01:00,15.469000000000001
2024-03-12T02:00,15.546
2024-03-12T03:00,15.6019
2024-03-12T04:00,14.571
2024-03-12T05:00,13.424600000000002
2024-03-12T06:00,15.2029
2024-03-12T07:00,16.632
2024-03-12T08:00,20.4662
2024-03-12T09:00,23.844
2024-03-12T10:00,26.858500000000003
2024-03-12T11:00,28.8737
2024-03-12T12:00,29.7676
2024-03-12T13:00,29.8272
2024-03-12T14:00,29.2421
2024-03-12T15:00,28.081200000000003
2024-03-12T16:00,27.716
2024-03-12T17:00,26.731199999999998
2024-03-12T18:00,22.8868
2024-03-12T19:00,21.393
2024-03-12T20:00,20.2772
2024-03-12T21:00,19.564000000000004
2024-03-12T22:00,18.698700000000002
2024-03-12T23:00,18.1935
2024-03-13T00:00,17.8607
2024-03-13T01:00,17.0263
2024-03-13T02:00,16.7673
2024-03-13T03:00,15.6931
2024-03-13T04:00,14.528
2024-03-13T05:00,13.797800000000002
2024-03-13T06:00,15.142100000000001
2024-03-13T07:00,17.0334
2024-03-13T08:00,21.0165
2024-03-13T09:00,24.210900000000002
2024-03-13T10:00,27.3791
2024-03-13T11:00,29.615399999999998
2024-03-13T12:00,30.459000000000003
2024-03-13T13:00,30.4506
2024-03-13T14:00,29.557000000000002
2024-03-13T15:00,27.120600000000003
2024-03-13T16:00,27.8135
2024-03-13T17:00,26.921400000000002
2024-03-13T18:00,22.6694
2024-03-13T19:00,20.752200000000002
2024-03-13T20:00,20.111900000000006
2024-03-13T21:00,19.5751
2024-03-13T22:00,18.5896
2024-03-13T23:00,17.732100000000003
2024-03-14T00:00,17.1011
2024-03-14T01:00,16.7558
2024-03-14T02:00,16.0957
2024-03-14T03:00,15.387899999999998
2024-03-14T04:00,14.8966
2024-03-14T05:00,15.061399999999999
2024-03-14T06:00,15.8054
2024-03-14T07:00,17.413600000000002
2024-03-14T08:00,21.3029
2024-03-14T09:00,24.1127
2024-03-14T10:00,26.994600000000002
2024-03-14T11:00,28.715800000000005
2024-03-14T12:00,29.9039
2024-03-14T13:00,30.4986
2024-03-14T14:00,29.600900000000003
2024-03-14T15:00,28.406499999999998
2024-03-14T16:00,27.5742
2024-03-14T17:00,27.101
2024-03-14T18:00,23.1165
2024-03-14T19:00,21.4619
2024-03-14T20:00,20.415300000000002
2024-03-14T21:00,19.654799999999998
2024-03-14T22:00,18.8511
2024-03-14T23:00,17.9161
2024-03-15T00:00,17.0315
2024-03-15T01:00,16.1795
2024-03-15T02:00,15.478900000000001
2024-03-15T03:00,14.566399999999998
2024-03-15T04:00,14.098600000000001
2024-03-15T05:00,13.122300000000001
2024-03-15T06:00,14.6387
2024-03-15T07:00,15.965900000000001
2024-03-15T08:00,19.032
2024-03-15T09:00,21.7881
2024-03-15T10:00,24.770900000000005
2024-03-15T11:00,26.514500000000005
2024-03-15T12:00,27.3044
2024-03-15T13:00,27.6295
2024-03-15T14:00,27.186400000000003
2024-03-15T15:00,26.0092
2024-03-15T16:00,25.188299999999998
2024-03-15T17:00,24.491400000000006
2024-03-15T18:00,22.307
2024-03-15T19:00,20.0636
2024-03-15T20:00,18.584200000000003
2024-03-15T21:00,17.1576
2024-03-15T22:00,16.0813
2024-03-15T23:00,15.107500000000002
2024-03-16T00:00,13.9504
2024-03-16T01:00,13.2861
2024-03-16T02:00,13.1216
2024-03-16T03:00,12.9607
2024-03-16T04:00,13.0586
2024-03-16T05:00,12.5518
2024-03-16T06:00,12.475500000000002
2024-03-16T07:00,14.5778
2024-03-16T08:00,18.615099999999998
2024-03-16T09:00,21.645800000000005
2024-03-16T10:00,24.717899999999997
2024-03-16T11:00,26.586199999999998
2024-03-16T12:00,27.560699999999997
2024-03-16T13:00,28.287000000000003
2024-03-16T14:00,28.1038
2024-03-16T15:00,26.804100000000002
2024-03-16T16:00,25.514
2024-03-16T17:00,24.5186
2024-03-16T18:00,21.2849
2024-03-16T19:00,19.6391
2024-03-16T20:00,18.5458
2024-03-16T21:00,17.461600000000004
2024-03-16T22:00,16.4248
2024-03-16T23:00,15.429999999999998
2024-03-17T00:00,14.6256
2024-03-17T01:00,13.8138
2024-03-17T02:00,12.6128
2024-03-17T03:00,11.944799999999999
2024-03-17T04:00,11.959299999999999
2024-03-17T05:00,11.23
2024-03-17T06:00,12.424600000000002
2024-03-17T07:00,14.6806
2024-03-17T08:00,19.294500000000003
2024-03-17T09:00,22.6917
2024-03-17T10:00,25.564500000000002
2024-03-17T11:00,27.479300000000002
2024-03-17T12:00,28.6261
2024-03-17T13:00,29.072200000000002
2024-03-17T14:00,28.888099999999998
2024-03-17T15:00,27.927400000000002
2024-03-17T16:00,26.826500000000003
2024-03-17T17:00,25.625300000000003
2024-03-17T18:00,22.0548
2024-03-17T19:00,20.500700000000002
2024-03-17T20:00,19.4297
2024-03-17T21:00,19.7204
2024-03-17T22:00,18.958500000000004
2024-03-17T23:00,17.7027
2024-03-18T00:00,16.3912
2024-03-18T01:00,15.161999999999999
2024-03-18T02:00,14.5121
2024-03-18T03:00,13.709700000000002
2024-03-18T04:00,13.0166
2024-03-18T05:00,13.027700000000003
2024-03-18T06:00,13.141599999999999
2024-03-18T07:00,15.344100000000001
2024-03-18T08:00,19.559
2024-03-18T09:00,22.0862
2024-03-18T10:00,24.7587
2024-03-18T11:00,26.700200000000002
2024-03-18T12:00,28.0581
2024-03-18T13:00,28.505000000000006
2024-03-18T14:00,28.1139
2024-03-18T15:00,26.9103
2024-03-18T16:00,25.727800000000002
2024-03-18T17:00,25.256100000000004
2024-03-18T18:00,21.9247
2024-03-18T19:00,21.273200000000003
2024-03-18T20:00,20.6461
2024-03-18T21:00,19.784900000000004
2024-03-18T22:00,18.3755
2024-03-18T23:00,17.2023
2024-03-19T00:00,15.7659
2024-03-19T01:00,15.7312
2024-03-19T02:00,14.497200000000001
2024-03-19T03:00,13.3369
2024-03-19T04:00,12.646900000000002
2024-03-19T05:00,13.1096
2024-03-19T06:00,14.1817
2024-03-19T07:00,16.8139
2024-03-19T08:00,20.748799999999996
2024-03-19T09:00,24.0069
2024-03-19T10:00,27.1081
2024-03-19T11:00,28.770099999999996
2024-03-19T12:00,29.219100000000005
2024-03-19T13:00,29.244000000000003
2024-03-19T14:00,28.7221
2024-03-19T15:00,27.297400000000003
2024-03-19T16:00,26.4757
2024-03-19T17:00,26.1384
2024-03-19T18:00,22.0526
2024-03-19T19:00,20.7534
2024-03-19T20:00,19.7363
2024-03-19T21:00,19.561700000000002
2024-03-19T22:00,18.5712
2024-03-19T23:00,18.2405
2024-03-20T00:00,16.7143
2024-03-20T01:00,15.665300000000002
2024-03-20T02:00,14.690000000000001
2024-03-20T03:00,14.467099999999999
2024-03-20T04:00,13.502500000000001
2024-03-20T05:00,13.3238
2024-03-20T06:00,14.689600000000002
2024-03-20T07:00,16.9782
2024-03-20T08:00,21.5841
2024-03-20T09:00,25.3535
2024-03-20T10:00,28.0071
2024-03-20T11:00,29.3998
2024-03-20T12:00,30.212600000000005
2024-03-20T13:00,30.6181
2024-03-20T14:00,30.1407
2024-03-20T15:00,29.2087
2024-03-20T16:00,28.068800000000003
2024-03-20T17:00,27.2099
2024-03-20T18:00,22.633799999999997
2024-03-20T19:00,21.640300000000003
2024-03-20T20:00,20.6542
2024-03-20T21:00,19.299300000000002
2024-03-20T22:00,18.2351
2024-03-20T23:00,18.0584
2024-03-21T00:00,17.0125
2024-03-21T01:00,16.9884
2024-03-21T02:00,16.574099999999998
2024-03-21T03:00,16.1208
2024-03-21T04:00,15.774899999999999
2024-03-21T05:00,15.9727
2024-03-21T06:00,16.676
2024-03-21T07:00,18.0036
2024-03-21T08:00,19.4539
2024-03-21T09:00,21.317700000000002
2024-03-21T10:00,23.5228
2024-03-21T11:00,25.7783
2024-03-21T12:00,27.542699999999996
2024-03-21T13:00,28.317000000000004
2024-03-21T14:00,28.626600000000003
2024-03-21T15:00,28.3271
2024-03-21T16:00,27.6909
2024-03-21T17:00,27.310000000000006
2024-03-21T18:00,23.914800000000003
2024-03-21T19:00,22.7729
2024-03-21T20:00,21.466
2024-03-21T21:00,20.907999999999998
2024-03-21T22:00,20.3452
2024-03-21T23:00,20.0286
2024-03-22T00:00,19.0862
2024-03-22T01:00,18.505700000000004
2024-03-22T02:00,18.046300000000002
2024-03-22T03:00,17.4915
2024-03-22T04:00,17.005
2024-03-22T05:00,16.6388
2024-03-22T06:00,17.9279
2024-03-22T07:00,19.7463
2024-03-22T08:00,22.6563
2024-03-22T09:00,25.1743
2024-03-22T10:00,27.869900000000005
2024-03-22T11:00,30.193000000000005
2024-03-22T12:00,31.732300000000002
2024-03-22T13:00,32.347500000000004
2024-03-22T14:00,32.2426
2024-03-22T15:00,31.4121
2024-03-22T16:00,30.662300000000002
2024-03-22T17:00,29.728099999999998
2024-03-22T18:00,26.1427
2024-03-22T19:00,24.874500000000005
2024-03-22T20:00,24.2106
2024-03-22T21:00,23.597
2024-03-22T22:00,22.568500000000004
2024-03-22T23:00,20.9221
2024-03-23T00:00,19.3317
2024-03-23T01:00,19.0507
2024-03-23T02:00,18.833299999999998
2024-03-23T03:00,18.1326
2024-03-23T04:00,17.6203
2024-03-23T05:00,17.2113
2024-03-23T06:00,19.225299999999997
2024-03-23T07:00,21.517700000000005
2024-03-23T08:00,25.5101
2024-03-23T09:00,28.5349
2024-03-23T10:00,31.306700000000003
2024-03-23T11:00,32.8696
2024-03-23T12:00,33.4742
2024-03-23T13:00,33.0909
2024-03-23T14:00,32.2418
2024-03-23T15:00,31.145999999999997
2024-03-23T16:00,30.457900000000002
2024-03-23T17:00,29.223
2024-03-23T18:00,26.361300000000004
2024-03-23T19:00,24.543300000000002
2024-03-23T20:00,22.769
2024-03-23T21:00,21.7411
2024-03-23T22:00,21.1355
2024-03-23T23:00,20.0206
2024-03-24T00:00,19.6807
2024-03-24T01:00,19.0171
2024-03-24T02:00,18.7936
2024-03-24T03:00,18.7112
2024-03-24T04:00,17.877200000000002
2024-03-24T05:00,16.773699999999998
2024-03-24T06:00,18.244
2024-03-24T07:00,20.067600000000002
2024-03-24T08:00,24.4985
2024-03-24T09:00,27.4714
2024-03-24T10:00,29.6946
2024-03-24T11:00,30.315900000000003
2024-03-24T12:00,30.5986
2024-03-24T13:00,31.1
2024-03-24T14:00,30.1471
2024-03-24T15:00,28.452
2024-03-24T16:00,27.7925
2024-03-24T17:00,28.088
2024-03-24T18:00,26.3107
2024-03-24T19:00,24.9191
2024-03-24T20:00,24.4585
2024-03-24T21:00,23.392599999999998
2024-03-24T22:00,22.0092
2024-03-24T23:00,21.3867
2024-03-25T00:00,21.151100000000003
2024-03-25T01:00,20.015800000000002
2024-03-25T02:00,19.7775
2024-03-25T03:00,19.3609
2024-03-25T04:00,18.7454
2024-03-25T05:00,18.8317
2024-03-25T06:00,18.842100000000002
2024-03-25T07:00,21.2074
2024-03-25T08:00,25.1142
2024-03-25T09:00,28.5804
2024-03-25T10:00,30.999000000000006
2024-03-25T11:00,32.4486
2024-03-25T12:00,33.3059
2024-03-25T13:00,33.4487
2024-03-25T14:00,32.1274
2024-03-25T15:00,30.99
2024-03-25T16:00,30.0102
2024-03-25T17:00,29.251199999999997
2024-03-25T18:00,27.2843
2024-03-25T19:00,24.9476
2024-03-25T20:00,23.643
2024-03-25T21:00,22.4355
2024-03-25T22:00,21.5309
2024-03-25T23:00,20.481
2024-03-26T00:00,19.9922
2024-03-26T01:00,19.518900000000002
2024-03-26T02:00,18.7063
2024-03-26T03:00,17.9798
2024-03-26T04:00,17.4707
2024-03-26T05:00,17.0277
2024-03-26T06:00,19.0416
2024-03-26T07:00,21.159499999999998
2024-03-26T08:00,25.0682
2024-03-26T09:00,28.041
2024-03-26T10:00,30.157900000000005
2024-03-26T11:00,31.3714
2024-03-26T12:00,32.5017
2024-03-26T13:00,32.8826
2024-03-26T14:00,32.0033
2024-03-26T15:00,31.4724
2024-03-26T16:00,31.0349
2024-03-26T17:00,30.394800000000004
2024-03-26T18:00,27.4712
2024-03-26T19:00,26.1537
2024-03-26T20:00,25.171899999999997
2024-03-26T21:00,24.8441
2024-03-26T22:00,22.8542
2024-03-26T23:00,22.1139
2024-03-27T00:00,21.193200000000004
2024-03-27T01:00,21.772000000000002
2024-03-27T02:00,21.030700000000003
2024-03-27T03:00,19.843100000000003
2024-03-27T04:00,21.2421
2024-03-27T05:00,19.9677
2024-03-27T06:00,20.743
2024-03-27T07:00,23.2533
2024-03-27T08:00,26.078499999999995
2024-03-27T09:00,29.475299999999997
2024-03-27T10:00,32.3791
2024-03-27T11:00,34.16
2024-03-27T12:00,36.2284
2024-03-27T13:00,36.3532
2024-03-27T14:00,35.818400000000004
2024-03-27T15:00,34.6723
2024-03-27T16:00,33.826800000000006
2024-03-27T17:00,33.665600000000005
2024-03-27T18:00,30.270500000000002
2024-03-27T19:00,29.2847
2024-03-27T20:00,27.9977
2024-03-27T21:00,27.123600000000003
2024-03-27T22:00,25.700400000000002
2024-03-27T23:00,24.856900000000003
2024-03-28T00:00,24.7756
2024-03-28T01:00,23.8949
2024-03-28T02:00,22.7635
2024-03-28T03:00,22.7392
2024-03-28T04:00,22.1333
2024-03-28T05:00,21.6259
2024-03-28T06:00,22.3301
2024-03-28T07:00,23.9677
2024-03-28T08:00,26.7542
2024-03-28T09:00,29.654799999999998
2024-03-28T10:00,32.848600000000005
2024-03-28T11:00,35.64020000000001
2024-03-28T12:00,37.6536
2024-03-28T13:00,38.036100000000005
2024-03-28T14:00,37.589999999999996
2024-03-28T15:00,36.354
2024-03-28T16:00,35.3658
2024-03-28T17:00,35.1372
2024-03-28T18:00,31.5387
2024-03-28T19:00,29.803900000000002
2024-03-28T20:00,28.502
2024-03-28T21:00,27.477700000000002
2024-03-28T22:00,26.829800000000002
2024-03-28T23:00,25.9864
2024-03-29T00:00,24.9616
2024-03-29T01:00,24.1321
2024-03-29T02:00,23.628700000000002
2024-03-29T03:00,23.221200000000003
2024-03-29T04:00,22.899
2024-03-29T05:00,22.5908
2024-03-29T06:00,23.1787
2024-03-29T07:00,24.9309
2024-03-29T08:00,27.6438
2024-03-29T09:00,30.263499999999997
2024-03-29T10:00,33.2068
2024-03-29T11:00,35.782999999999994
2024-03-29T12:00,37.628
2024-03-29T13:00,38.7019
2024-03-29T14:00,38.3695
2024-03-29T15:00,37.0208
2024-03-29T16:00,35.8531
2024-03-29T17:00,34.537800000000004
2024-03-29T18:00,32.0019
2024-03-29T19:00,30.828900000000004
2024-03-29T20:00,29.669600000000003
2024-03-29T21:00,28.514400000000002
2024-03-29T22:00,27.7236
2024-03-29T23:00,26.8171
2024-03-30T00:00,25.835299999999997
2024-03-30T01:00,25.7709
2024-03-30T02:00,25.372700000000002
2024-03-30T03:00,24.591399999999997
2024-03-30T04:00,24.2352
2024-03-30T05:00,23.916300000000003
2024-03-30T06:00,24.516199999999998
2024-03-30T07:00,24.8741
2024-03-30T08:00,28.6429
2024-03-30T09:00,30.929000000000002
2024-03-30T10:00,33.7598
2024-03-30T11:00,36.3986
2024-03-30T12:00,37.777100000000004
2024-03-30T13:00,37.4459
2024-03-30T14:00,36.5262
2024-03-30T15:00,34.0842
2024-03-30T16:00,31.3202
2024-03-30T17:00,32.4946
2024-03-30T18:00,28.8823
2024-03-30T19:00,27.514799999999997
2024-03-30T20:00,26.020899999999997
2024-03-30T21:00,25.2511
2024-03-30T22:00,24.490000000000002
2024-03-30T23:00,23.5472
2024-03-31T00:00,22.762699999999995
2024-03-31T01:00,22.8658
2024-03-31T02:00,22.839
2024-03-31T03:00,22.266000000000002
2024-03-31T04:00,21.5901
2024-03-31T05:00,20.9994
2024-03-31T06:00,23.137800000000002
2024-03-31T07:00,25.131700000000002
2024-03-31T08:00,28.483600000000003
2024-03-31T09:00,30.7833
2024-03-31T10:00,33.607099999999996
2024-03-31T11:00,35.279900000000005
2024-03-31T12:00,35.5079
2024-03-31T13:00,34.5411
2024-03-31T14:00,33.920500000000004
2024-03-31T15:00,32.4049
2024-03-31T16:00,31.3235
2024-03-31T17:00,30.4684
2024-03-31T18:00,27.3687
2024-03-31T19:00,25.481700000000004
2024-03-31T20:00,24.7082
2024-03-31T21:00,23.7258
2024-03-31T22:00,22.922600000000003
2024-03-31T23:00,22.311700000000002
2024-04-01T00:00,21.648200000000003
2024-04-01T01:00,20.898600000000002
2024-04-01T02:00,20.111
2024-04-01T03:00,19.4514
2024-04-01T04:00,18.8205
2024-04-01T05:00,18.2906
2024-04-01T06:00,20.018700000000003
2024-04-01T07:00,21.8897
2024-04-01T08:00,24.3754
2024-04-01T09:00,26.685499999999998
2024-04-01T10:00,28.5209
2024-04-01T11:00,30.017799999999998
2024-04-01T12:00,30.930200000000003
2024-04-01T13:00,30.723100000000002
2024-04-01T14:00,29.872700000000002
2024-04-01T15:00,29.475100000000005
2024-04-01T16:00,28.545699999999997
2024-04-01T17:00,27.902400000000004
2024-04-01T18:00,26.122799999999998
2024-04-01T19:00,24.6749
2024-04-01T20:00,23.0454
2024-04-01T21:00,21.901699999999998
2024-04-01T22:00,20.787300000000002
2024-04-01T23:00,19.9841
2024-04-02T00:00,19.1888
2024-04-02T01:00,18.5937
2024-04-02T02:00,17.7207
2024-04-02T03:00,17.2318
2024-04-02T04:00,16.744400000000002
2024-04-02T05:00,16.4627
2024-04-02T06:00,18.0378
2024-04-02T07:00,20.164800000000003
2024-04-02T08:00,23.2144
2024-04-02T09:00,25.524200000000004
2024-04-02T10:00,28.354900000000004
2024-04-02T11:00,30.142000000000007
2024-04-02T12:00,30.766700000000007
2024-04-02T13:00,30.9941
2024-04-02T14:00,30.709300000000002
2024-04-02T15:00,29.7556
2024-04-02T16:00,28.882
2024-04-02T17:00,28.1967
2024-04-02T18:00,26.148
2024-04-02T19:00,24.479799999999997
2024-04-02T20:00,23.558
2024-04-02T21:00,22.545199999999998
2024-04-02T22:00,21.6627
2024-04-02T23:00,20.9528
2024-04-03T00:00,20.7656
2024-04-03T01:00,20.3588
2024-04-03T02:00,20.134900000000002
2024-04-03T03:00,19.648799999999998
2024-04-03T04:00,19.116999999999997
2024-04-03T05:00,18.852299999999996
2024-04-03T06:00,19.476399999999998
2024-04-03T07:00,21.2787
2024-04-03T08:00,25.1962
2024-04-03T09:00,28.1115
2024-04-03T10:00,31.2104
2024-04-03T11:00,33.1442
2024-04-03T12:00,33.7043
2024-04-03T13:00,34.394800000000004
2024-04-03T14:00,34.3258
2024-04-03T15:00,33.122499999999995
2024-04-03T16:00,32.5498
2024-04-03T17:00,31.753700000000002
2024-04-03T18:00,26.776100000000003
2024-04-03T19:00,25.280700000000003
2024-04-03T20:00,24.9413
2024-04-03T21:00,24.5625
2024-04-03T22:00,24.3466
2024-04-03T23:00,22.8641
2024-04-04T00:00,23.4104
2024-04-04T01:00,22.6374
2024-04-04T02:00,21.3746
2024-04-04T03:00,20.056
2024-04-04T04:00,19.971
2024-04-04T05:00,19.523500000000006
2024-04-04T06:00,22.6491
2024-04-04T07:00,24.5541
2024-04-04T08:00,28.3861
2024-04-04T09:00,31.055500000000006
2024-04-04T10:00,33.29900000000001
2024-04-04T11:00,35.242000000000004
2024-04-04T12:00,36.5332
2024-04-04T13:00,36.3129
2024-04-04T14:00,35.426100000000005
2024-04-04T15:00,34.1317
2024-04-04T16:00,33.2092
2024-04-04T17:00,32.3641
2024-04-04T18:00,29.398699999999998
2024-04-04T19:00,27.653700000000004
2024-04-04T20:00,26.283099999999997
2024-04-04T21:00,25.2776
2024-04-04T22:00,25.0309
2024-04-04T23:00,23.5985
2024-04-05T00:00,22.6017
2024-04-05T01:00,21.6122
2024-04-05T02:00,21.193600000000004
2024-04-05T03:00,21.288899999999998
2024-04-05T04:00,20.1004
2024-04-05T05:00,19.420300000000005
2024-04-05T06:00,21.6088
2024-04-05T07:00,23.7279
2024-04-05T08:00,26.985900000000004
2024-04-05T09:00,29.832
2024-04-05T10:00,32.532700000000006
2024-04-05T11:00,33.45380000000001
2024-04-05T12:00,34.385400000000004
2024-04-05T13:00,34.138
2024-04-05T14:00,32.3941
2024-04-05T15:00,32.1147
2024-04-05T16:00,30.6109
2024-04-05T17:00,29.8319
2024-04-05T18:00,28.527600000000003
2024-04-05T19:00,27.088600000000003
2024-04-05T20:00,25.9505
2024-04-05T21:00,25.3918
2024-04-05T22:00,24.8176
2024-04-05T23:00,23.5823
2024-04-06T00:00,22.6754
2024-04-06T01:00,21.811
2024-04-06T02:00,20.7293
2024-04-06T03:00,20.277
2024-04-06T04:00,19.6826
2024-04-06T05:00,19.0455
2024-04-06T06:00,19.9381
2024-04-06T07:00,22.205499999999997
2024-04-06T08:00,25.5823
2024-04-06T09:00,28.146800000000002
2024-04-06T10:00,30.9877
2024-04-06T11:00,32.0715
2024-04-06T12:00,32.7271
2024-04-06T13:00,32.6976
2024-04-06T14:00,32.7076
2024-04-06T15:00,32.036500000000004
2024-04-06T16:00,30.7301
2024-04-06T17:00,29.914399999999997
2024-04-06T18:00,28.329500000000003
2024-04-06T19:00,25.9263
2024-04-06T20:00,24.3714
2024-04-06T21:00,23.1253
2024-04-06T22:00,22.035999999999994
2024-04-06T23:00,20.588900000000002
2024-04-07T00:00,19.5629
2024-04-07T01:00,20.0315
2024-04-07T02:00,19.2568
2024-04-07T03:00,18.428
2024-04-07T04:00,17.5085
2024-04-07T05:00,16.900000000000002
2024-04-07T06:00,18.4605
2024-04-07T07:00,21.369600000000002
2024-04-07T08:00,25.445600000000002
2024-04-07T09:00,28.612899999999996
2024-04-07T10:00,31.71
2024-04-07T11:00,32.863200000000006
2024-04-07T12:00,33.29600000000001
2024-04-07T13:00,33.7104
2024-04-07T14:00,32.9816
2024-04-07T15:00,31.716
2024-04-07T16:00,30.616
2024-04-07T17:00,29.360400000000002
2024-04-07T18:00,26.991300000000003
2024-04-07T19:00,24.732700000000005
2024-04-07T20:00,23.515500000000003
2024-04-07T21:00,22.240500000000004
2024-04-07T22:00,22.166900000000002
2024-04-07T23:00,20.777299999999997
2024-04-08T00:00,19.552999999999997
2024-04-08T01:00,19.158699999999996
2024-04-08T02:00,18.7465
2024-04-08T03:00,17.9154
2024-04-08T04:00,16.736500000000003
2024-04-08T05:00,16.527700000000003
2024-04-08T06:00,17.9524
2024-04-08T07:00,21.010000000000005
2024-04-08T08:00,25.8146
2024-04-08T09:00,29.410300000000003
2024-04-08T10:00,32.6839
2024-04-08T11:00,34.3406
2024-04-08T12:00,34.741800000000005
2024-04-08T13:00,34.5432
2024-04-08T14:00,34.0146
2024-04-08T15:00,32.5348
2024-04-08T16:00,31.2143
2024-04-08T17:00,30.3386
2024-04-08T18:00,27.515800000000002
2024-04-08T19:00,25.0048
2024-04-08T20:00,25.198200000000003
2024-04-08T21:00,23.242800000000003
2024-04-08T22:00,22.0929
2024-04-08T23:00,21.282500000000002
2024-04-09T00:00,20.769399999999997
2024-04-09T01:00,19.527800000000003
2024-04-09T02:00,18.8825
2024-04-09T03:00,18.152700000000003
2024-04-09T04:00,18.483300000000003
2024-04-09T05:00,17.161
2024-04-09T06:00,19.199799999999996
2024-04-09T07:00,22.7336
2024-04-09T08:00,26.9859
2024-04-09T09:00,30.5188
2024-04-09T10:00,33.317800000000005
2024-04-09T11:00,35.369800000000005
2024-04-09T12:00,36.4914
2024-04-09T13:00,36.40610000000001
2024-04-09T14:00,34.8851
2024-04-09T15:00,33.08440000000001
2024-04-09T16:00,32.194199999999995
2024-04-09T17:00,31.2792
2024-04-09T18:00,28.297
2024-04-09T19:00,26.041500000000003
2024-04-09T20:00,25.7319
2024-04-09T21:00,24.4159
2024-04-09T22:00,23.713399999999996
2024-04-09T23:00,22.284399999999998
2024-04-10T00:00,21.7319
2024-04-10T01:00,19.974300000000003
2024-04-10T02:00,18.679200000000005
2024-04-10T03:00,19.0863
2024-04-10T04:00,17.6931
2024-04-10T05:00,17.478600000000004
2024-04-10T06:00,21.1567
2024-04-10T07:00,24.283800000000003
2024-04-10T08:00,27.759999999999998
2024-04-10T09:00,31.097300000000004
2024-04-10T10:00,34.596000000000004
2024-04-10T11:00,37.15410000000001
2024-04-10T12:00,37.700700000000005
2024-04-10T13:00,36.212
2024-04-10T14:00,34.849
2024-04-10T15:00,33.5372
2024-04-10T16:00,33.1178
2024-04-10T17:00,32.2471
2024-04-10T18:00,28.5278
2024-04-10T19:00,27.2173
2024-04-10T20:00,26.161299999999997
2024-04-10T21:00,24.136200000000002
2024-04-10T22:00,24.2177
2024-04-10T23:00,23.2457
2024-04-11T00:00,22.6686
2024-04-11T01:00,21.534200000000002
2024-04-11T02:00,21.1526
2024-04-11T03:00,20.9023
2024-04-11T04:00,20.195400000000003
2024-04-11T05:00,19.1871
2024-04-11T06:00,21.8465
2024-04-11T07:00,24.1346
2024-04-11T08:00,27.4956
2024-04-11T09:00,30.5075
2024-04-11T10:00,33.473099999999995
2024-04-11T11:00,35.357
2024-04-11T12:00,36.7546
2024-04-11T13:00,37.555600000000005
2024-04-11T14:00,37.4374
2024-04-11T15:00,36.5255
2024-04-11T16:00,34.8927
2024-04-11T17:00,33.983599999999996
2024-04-11T18:00,29.703300000000002
2024-04-11T19:00,27.6024
2024-04-11T20:00,28.0638
2024-04-11T21:00,25.729300000000002
2024-04-11T22:00,24.3698
2024-04-11T23:00,23.764599999999998
2024-04-12T00:00,22.646600000000003
2024-04-12T01:00,23.4044
2024-04-12T02:00,21.6609
2024-04-12T03:00,21.110000000000003
2024-04-12T04:00,20.9684
2024-04-12T05:00,19.9372
2024-04-12T06:00,22.5338
2024-04-12T07:00,25.2793
2024-04-12T08:00,28.820700000000002
2024-04-12T09:00,31.7769
2024-04-12T10:00,35.080799999999996
2024-04-12T11:00,36.770199999999996
2024-04-12T12:00,37.583400000000005
2024-04-12T13:00,38.012600000000006
2024-04-12T14:00,36.633500000000005
2024-04-12T15:00,35.499900000000004
2024-04-12T16:00,34.49100000000001
2024-04-12T17:00,33.8288
2024-04-12T18:00,30.313800000000004
2024-04-12T19:00,28.148600000000002
2024-04-12T20:00,26.793
2024-04-12T21:00,25.719800000000003
2024-04-12T22:00,24.5665
2024-04-12T23:00,24.5978
2024-04-13T00:00,23.942200000000003
2024-04-13T01:00,23.831899999999997
2024-04-13T02:00,23.826500000000003
2024-04-13T03:00,23.744999999999997
2024-04-13T04:00,23.35
2024-04-13T05:00,22.794999999999998
2024-04-13T06:00,23.6978
2024-04-13T07:00,26.294299999999996
2024-04-13T08:00,29.794500000000003
2024-04-13T09:00,32.8299
2024-04-13T10:00,36.0484
2024-04-13T11:00,37.2545
2024-04-13T12:00,37.0692
2024-04-13T13:00,37.5472
2024-04-13T14:00,36.5568
2024-04-13T15:00,35.2228
2024-04-13T16:00,33.883199999999995
2024-04-13T17:00,33.6567
2024-04-13T18:00,29.483200000000004
2024-04-13T19:00,27.980999999999998
2024-04-13T20:00,28.090900000000005
2024-04-13T21:00,27.579900000000002
2024-04-13T22:00,27.596899999999998
2024-04-13T23:00,27.200899999999997
2024-04-14T00:00,24.763999999999996
2024-04-14T01:00,23.911199999999997
2024-04-14T02:00,23.878
2024-04-14T03:00,23.358200000000004
2024-04-14T04:00,23.1702
2024-04-14T05:00,23.0599
2024-04-14T06:00,26.4581
2024-04-14T07:00,27.5651
2024-04-14T08:00,29.2685
2024-04-14T09:00,30.0565
2024-04-14T10:00,31.2388
2024-04-14T11:00,32.932
2024-04-14T12:00,35.5645
2024-04-14T13:00,35.154900000000005
2024-04-14T14:00,35.7402
2024-04-14T15:00,35.170300000000005
2024-04-14T16:00,34.7342
2024-04-14T17:00,33.9878
2024-04-14T18:00,30.357800000000005
2024-04-14T19:00,29.215100000000003
2024-04-14T20:00,28.4198
2024-04-14T21:00,28.153000000000002
2024-04-14T22:00,27.626700000000003
2024-04-14T23:00,27.039699999999996
2024-04-15T00:00,26.547800000000002
2024-04-15T01:00,25.9146
2024-04-15T02:00,24.891399999999997
2024-04-15T03:00,24.3247
2024-04-15T04:00,23.915100000000002
2024-04-15T05:00,23.977500000000003
2024-04-15T06:00,25.347499999999997
2024-04-15T07:00,29.094099999999997
2024-04-15T08:00,31.156799999999997
2024-04-15T09:00,34.132
2024-04-15T10:00,35.32
2024-04-15T11:00,36.764700000000005
2024-04-15T12:00,38.572900000000004
2024-04-15T13:00,38.1631
2024-04-15T14:00,38.194
2024-04-15T15:00,36.523199999999996
2024-04-15T16:00,35.1929
2024-04-15T17:00,34.1419
2024-04-15T18:00,32.516
2024-04-15T19:00,31.0694
2024-04-15T20:00,30.271800000000002
2024-04-15T21:00,28.689700000000002
2024-04-15T22:00,28.317600000000006
2024-04-15T23:00,27.773100000000003
2024-04-16T00:00,27.374799999999997
2024-04-16T01:00,26.601300000000002
2024-04-16T02:00,25.9922
2024-04-16T03:00,25.814999999999998
2024-04-16T04:00,25.2144
2024-04-16T05:00,24.5922
2024-04-16T06:00,25.8792
2024-04-16T07:00,27.9954
2024-04-16T08:00,30.933000000000003
2024-04-16T09:00,32.5544
2024-04-16T10:00,34.032
2024-04-16T11:00,35.2066
2024-04-16T12:00,36.1958
2024-04-16T13:00,36.3633
2024-04-16T14:00,35.577999999999996
2024-04-16T15:00,34.4148
2024-04-16T16:00,33.5924
2024-04-16T17:00,32.7615
2024-04-16T18:00,31.3474
2024-04-16T19:00,29.6913
2024-04-16T20:00,28.2985
2024-04-16T21:00,27.5132
2024-04-16T22:00,26.753
2024-04-16T23:00,25.9679
2024-04-17T00:00,25.062399999999997
2024-04-17T01:00,24.219599999999996
2024-04-17T02:00,23.670099999999998
2024-04-17T03:00,23.123
2024-04-17T04:00,22.5123
2024-04-17T05:00,21.985400000000002
2024-04-17T06:00,22.807199999999998
2024-04-17T07:00,24.987
2024-04-17T08:00,27.1908
2024-04-17T09:00,29.000300000000003
2024-04-17T10:00,30.398500000000002
2024-04-17T11:00,31.812100000000004
2024-04-17T12:00,32.82920000000001
2024-04-17T13:00,32.9044
2024-04-17T14:00,32.455200000000005
2024-04-17T15:00,31.299900000000004
2024-04-17T16:00,30.033700000000003
2024-04-17T17:00,29.298200000000005
2024-04-17T18:00,28.2459
2024-04-17T19:00,27.129200000000004
2024-04-17T20:00,26.6749
2024-04-17T21:00,26.2272
2024-04-17T22:00,25.2889
2024-04-17T23:00,24.5153
2024-04-18T00:00,23.9264
2024-04-18T01:00,23.120200000000004
2024-04-18T02:00,22.732900000000004
2024-04-18T03:00,22.2866
2024-04-18T04:00,21.7457
2024-04-18T05:00,21.3616
2024-04-18T06:00,22.431700000000003
2024-04-18T07:00,24.8994
2024-04-18T08:00,27.765
2024-04-18T09:00,29.871100000000002
2024-04-18T10:00,32.5706
2024-04-18T11:00,34.751
2024-04-18T12:00,35.91720000000001
2024-04-18T13:00,36.5114
2024-04-18T14:00,36.37950000000001
2024-04-18T15:00,35.416000000000004
2024-04-18T16:00,34.2312
2024-04-18T17:00,34.0176
2024-04-18T18:00,32.969100000000005
2024-04-18T19:00,30.989800000000002
2024-04-18T20:00,29.7908
2024-04-18T21:00,29.3025
2024-04-18T22:00,27.9215
2024-04-18T23:00,27.418100000000006
2024-04-19T00:00,27.1083
2024-04-19T01:00,26.9228
2024-04-19T02:00,26.0856
2024-04-19T03:00,25.645000000000003
2024-04-19T04:00,25.2648
2024-04-19T05:00,24.619999999999997
2024-04-19T06:00,26.590999999999998
2024-04-19T07:00,28.9804
2024-04-19T08:00,31.4008
2024-04-19T09:00,33.4144
2024-04-19T10:00,35.6895
2024-04-19T11:00,37.0971
2024-04-19T12:00,37.57040000000001
2024-04-19T13:00,37.5083
2024-04-19T14:00,37.3008
2024-04-19T15:00,36.01840000000001
2024-04-19T16:00,35.7834
2024-04-19T17:00,34.726
2024-04-19T18:00,32.6884
2024-04-19T19:00,30.4466
2024-04-19T20:00,28.8521
2024-04-19T21:00,27.955199999999998
2024-04-19T22:00,27.3277
2024-04-19T23:00,26.326600000000003
2024-04-20T00:00,25.170900000000003
2024-04-20T01:00,24.4735
2024-04-20T02:00,23.756600000000002
2024-04-20T03:00,23.2911
2024-04-20T04:00,22.583599999999997
2024-04-20T05:00,21.8605
2024-04-20T06:00,24.616300000000003
2024-04-20T07:00,27.0322
2024-04-20T08:00,29.0067
2024-04-20T09:00,31.493700000000004
2024-04-20T10:00,34.0236
2024-04-20T11:00,36.0212
2024-04-20T12:00,36.7155
2024-04-20T13:00,36.6907
2024-04-20T14:00,35.2379
2024-04-20T15:00,34.001200000000004
2024-04-20T16:00,33.4776
2024-04-20T17:00,32.856
2024-04-20T18:00,32.1639
2024-04-20T19:00,30.114900000000006
2024-04-20T20:00,28.621299999999998
2024-04-20T21:00,27.0901
2024-04-20T22:00,26.0612
2024-04-20T23:00,24.961599999999997
2024-04-21T00:00,23.949599999999997
2024-04-21T01:00,23.2814
2024-04-21T02:00,22.939999999999998
2024-04-21T03:00,22.4551
2024-04-21T04:00,22.0788
2024-04-21T05:00,21.579800000000002
2024-04-21T06:00,23.4251
2024-04-21T07:00,25.9154
2024-04-21T08:00,28.7036
2024-04-21T09:00,31.722899999999996
2024-04-21T10:00,34.1898
2024-04-21T11:00,34.730000000000004
2024-04-21T12:00,35.3016
2024-04-21T13:00,35.474399999999996
2024-04-21T14:00,34.074
2024-04-21T15:00,33.623
2024-04-21T16:00,32.8928
2024-04-21T17:00,32.567
2024-04-21T18:00,31.4041
2024-04-21T19:00,29.443200000000004
2024-04-21T20:00,28.7045
2024-04-21T21:00,27.5633
2024-04-21T22:00,26.549599999999998
2024-04-21T23:00,25.7964
2024-04-22T00:00,25.5109
2024-04-22T01:00,24.3858
2024-04-22T02:00,24.2676
2024-04-22T03:00,24.389300000000002
2024-04-22T04:00,24.1076
2024-04-22T05:00,23.079700000000003
2024-04-22T06:00,23.6865
2024-04-22T07:00,25.8963
2024-04-22T08:00,29.849300000000003
2024-04-22T09:00,32.7165
2024-04-22T10:00,34.301
2024-04-22T11:00,36.0782
2024-04-22T12:00,36.96540000000001
2024-04-22T13:00,37.174099999999996
2024-04-22T14:00,36.454699999999995
2024-04-22T15:00,35.3699
2024-04-22T16:00,34.5584
2024-04-22T17:00,33.2492
2024-04-22T18:00,31.3624
2024-04-22T19:00,29.1647
2024-04-22T20:00,28.351100000000002
2024-04-22T21:00,28.102000000000004
2024-04-22T22:00,27.517900000000004
2024-04-22T23:00,25.946700000000003
2024-04-23T00:00,24.3191
2024-04-23T01:00,24.053600000000003
2024-04-23T02:00,24.1189
2024-04-23T03:00,23.1783
2024-04-23T04:00,22.2587
2024-04-23T05:00,22.807900000000004
2024-04-23T06:00,24.729799999999997
2024-04-23T07:00,27.2013
2024-04-23T08:00,30.300700000000003
2024-04-23T09:00,33.0467
2024-04-23T10:00,35.7834
2024-04-23T11:00,37.0824
2024-04-23T12:00,37.281099999999995
2024-04-23T13:00,37.6486
2024-04-23T14:00,36.4179
2024-04-23T15:00,34.875
2024-04-23T16:00,33.1202
2024-04-23T17:00,32.3842
2024-04-23T18:00,30.5006
2024-04-23T19:00,29.082299999999996
2024-04-23T20:00,27.8259
2024-04-23T21:00,26.256800000000002
2024-04-23T22:00,25.6206
2024-04-23T23:00,24.881200000000003
2024-04-24T00:00,23.898
2024-04-24T01:00,23.388699999999996
2024-04-24T02:00,23.064300000000003
2024-04-24T03:00,21.8453
2024-04-24T04:00,21.963900000000002
2024-04-24T05:00,20.9228
2024-04-24T06:00,22.7942
2024-04-24T07:00,25.665200000000006
2024-04-24T08:00,29.596
2024-04-24T09:00,32.755
2024-04-24T10:00,35.5057
2024-04-24T11:00,36.4051
2024-04-24T12:00,36.089400000000005
2024-04-24T13:00,36.226000000000006
2024-04-24T14:00,35.6929
2024-04-24T15:00,34.356700000000004
2024-04-24T16:00,33.2386
2024-04-24T17:00,32.213499999999996
2024-04-24T18:00,30.7113
2024-04-24T19:00,28.8171
2024-04-24T20:00,27.774600000000003
2024-04-24T21:00,27.0336
2024-04-24T22:00,25.917299999999997
2024-04-24T23:00,24.6948
2024-04-25T00:00,24.042099999999998
2024-04-25T01:00,23.115600000000004
2024-04-25T02:00,22.152
2024-04-25T03:00,21.2858
2024-04-25T04:00,20.506
2024-04-25T05:00,20.188499999999998
2024-04-25T06:00,21.6749
2024-04-25T07:00,24.888199999999998
2024-04-25T08:00,28.4964
2024-04-25T09:00,31.7951
2024-04-25T10:00,34.7857
2024-04-25T11:00,36.4447
2024-04-25T12:00,36.6419
2024-04-25T13:00,36.3819
2024-04-25T14:00,35.8573
2024-04-25T15:00,34.6499
2024-04-25T16:00,33.645700000000005
2024-04-25T17:00,33.1815
2024-04-25T18:00,31.8929
2024-04-25T19:00,29.639300000000002
2024-04-25T20:00,28.0999
2024-04-25T21:00,27.061899999999998
2024-04-25T22:00,25.877800000000004
2024-04-25T23:00,24.8365
2024-04-26T00:00,23.814500000000002
2024-04-26T01:00,23.9873
2024-04-26T02:00,23.4022
2024-04-26T03:00,23.037000000000003
2024-04-26T04:00,22.729300000000002
2024-04-26T05:00,21.4553
2024-04-26T06:00,23.584
2024-04-26T07:00,26.7301
2024-04-26T08:00,30.201700000000002
2024-04-26T09:00,33.5608
2024-04-26T10:00,36.7841
2024-04-26T11:00,38.5503
2024-04-26T12:00,39.137699999999995
2024-04-26T13:00,38.982
2024-04-26T14:00,38.0937
2024-04-26T15:00,37.19949999999999
2024-04-26T16:00,35.8828
2024-04-26T17:00,35.3333
2024-04-26T18:00,31.8549
2024-04-26T19:00,31.8432
2024-04-26T20:00,31.7403
2024-04-26T21:00,29.772199999999998
2024-04-26T22:00,29.067600000000002
2024-04-26T23:00,28.8592
2024-04-27T00:00,28.567600000000002
2024-04-27T01:00,28.358900000000002
2024-04-27T02:00,28.1835
2024-04-27T03:00,27.6838
2024-04-27T04:00,27.3338
2024-04-27T05:00,26.8176
2024-04-27T06:00,27.488300000000002
2024-04-27T07:00,30.0467
2024-04-27T08:00,31.574
2024-04-27T09:00,32.904
2024-04-27T10:00,34.9525
2024-04-27T11:00,36.686600000000006
2024-04-27T12:00,37.138400000000004
2024-04-27T13:00,37.3815
2024-04-27T14:00,36.8124
2024-04-27T15:00,35.705
2024-04-27T16:00,34.7112
2024-04-27T17:00,34.007400000000004
2024-04-27T18:00,32.3405
2024-04-27T19:00,30.513100000000005
2024-04-27T20:00,28.9024
2024-04-27T21:00,27.9061
2024-04-27T22:00,28.2072
2024-04-27T23:00,26.498500000000003
2024-04-28T00:00,25.854400000000002
2024-04-28T01:00,25.242099999999997
2024-04-28T02:00,24.6159
2024-04-28T03:00,24.291600000000003
2024-04-28T04:00,23.575400000000002
2024-04-28T05:00,23.1215
2024-04-28T06:00,24.6655
2024-04-28T07:00,26.953599999999998
2024-04-28T08:00,29.9372
2024-04-28T09:00,33.318
2024-04-28T10:00,35.9694
2024-04-28T11:00,36.993399999999994
2024-04-28T12:00,37.7551
2024-04-28T13:00,37.241499999999995
2024-04-28T14:00,36.551
2024-04-28T15:00,35.331
2024-04-28T16:00,34.7125
2024-04-28T17:00,33.9979
2024-04-28T18:00,32.267900000000004
2024-04-28T19:00,30.2862
2024-04-28T20:00,29.3217
2024-04-28T21:00,28.688200000000002
2024-04-28T22:00,27.4476
2024-04-28T23:00,26.294999999999995
2024-04-29T00:00,24.9553
2024-04-29T01:00,24.1354
2024-04-29T02:00,24.6123
2024-04-29T03:00,24.1023
2024-04-29T04:00,23.109200000000005
2024-04-29T05:00,22.2498
2024-04-29T06:00,24.2896
2024-04-29T07:00,27.401200000000003
2024-04-29T08:00,30.6995
2024-04-29T09:00,33.2209
2024-04-29T10:00,36.3463
2024-04-29T11:00,38.3807
2024-04-29T12:00,39.3064
2024-04-29T13:00,38.997699999999995
2024-04-29T14:00,38.0778
2024-04-29T15:00,36.0935
2024-04-29T16:00,35.1814
2024-04-29T17:00,34.7137
2024-04-29T18:00,32.409400000000005
2024-04-29T19:00,30.945400000000003
2024-04-29T20:00,28.9841
2024-04-29T21:00,28.098000000000006
2024-04-29T22:00,27.0974
2024-04-29T23:00,26.770000000000003
2024-04-30T00:00,25.595000000000006
2024-04-30T01:00,24.6205
2024-04-30T02:00,24.2567
2024-04-30T03:00,24.0308
2024-04-30T04:00,23.1943
2024-04-30T05:00,22.6542
2024-04-30T06:00,24.457600000000003
2024-04-30T07:00,26.8942
2024-04-30T08:00,30.073999999999998
2024-04-30T09:00,31.825200000000002
2024-04-30T10:00,33.911899999999996
2024-04-30T11:00,35.1455
2024-04-30T12:00,36.015299999999996
2024-04-30T13:00,36.1206
2024-04-30T14:00,35.3377
2024-04-30T15:00,34.05590000000001
2024-04-30T16:00,32.497
2024-04-30T17:00,31.3843
2024-04-30T18:00,30.189
2024-04-30T19:00,28.1
2024-04-30T20:00,26.6421
2024-04-30T21:00,25.355600000000003
2024-04-30T22:00,23.6445
2024-04-30T23:00,23.8271
2024-05-01T00:00,22.3427
2024-05-01T01:00,21.5164
2024-05-01T02:00,20.4668
2024-05-01T03:00,19.826900000000002
2024-05-01T04:00,19.215300000000003
2024-05-01T05:00,18.814
2024-05-01T06:00,20.7627
2024-05-01T07:00,23.483599999999996
2024-05-01T08:00,26.1274
2024-05-01T09:00,28.4797
2024-05-01T10:00,30.5602
2024-05-01T11:00,31.9017
2024-05-01T12:00,32.719500000000004
2024-05-01T13:00,32.7948
2024-05-01T14:00,32.0583
2024-05-01T15:00,31.0091
2024-05-01T16:00,29.9191
2024-05-01T17:00,28.7665
2024-05-01T18:00,27.5248
2024-05-01T19:00,25.640300000000003
2024-05-01T20:00,24.646099999999997
2024-05-01T21:00,23.618
2024-05-01T22:00,22.960700000000003
2024-05-01T23:00,22.1009
2024-05-02T00:00,21.0961
2024-05-02T01:00,20.4032
2024-05-02T02:00,19.5938
2024-05-02T03:00,18.8737
2024-05-02T04:00,18.308
2024-05-02T05:00,17.7609
2024-05-02T06:00,19.5365
2024-05-02T07:00,22.3076
2024-05-02T08:00,25.339199999999998
2024-05-02T09:00,27.159800000000004
2024-05-02T10:00,29.3866
2024-05-02T11:00,31.1595
2024-05-02T12:00,32.2341
2024-05-02T13:00,32.7524
2024-05-02T14:00,32.7577
2024-05-02T15:00,32.084900000000005
2024-05-02T16:00,31.1445
2024-05-02T17:00,30.647100000000002
2024-05-02T18:00,29.4711
2024-05-02T19:00,26.5873
2024-05-02T20:00,25.8705
2024-05-02T21:00,24.9254
2024-05-02T22:00,23.722800000000003
2024-05-02T23:00,22.881
2024-05-03T00:00,22.088700000000003
2024-05-03T01:00,21.1505
2024-05-03T02:00,20.564799999999998
2024-05-03T03:00,19.847799999999996
2024-05-03T04:00,19.3473
2024-05-03T05:00,18.8708
2024-05-03T06:00,21.3983
2024-05-03T07:00,24.6203
2024-05-03T08:00,28.1286
2024-05-03T09:00,31.1177
2024-05-03T10:00,33.0878
2024-05-03T11:00,34.1718
2024-05-03T12:00,34.9819
2024-05-03T13:00,35.3365
2024-05-03T14:00,35.1386
2024-05-03T15:00,34.41380000000001
2024-05-03T16:00,33.633900000000004
2024-05-03T17:00,33.0946
2024-05-03T18:00,31.1029
2024-05-03T19:00,29.319000000000003
2024-05-03T20:00,28.3777
2024-05-03T21:00,27.234800000000003
2024-05-03T22:00,25.905500000000004
2024-05-03T23:00,25.6128
2024-05-04T00:00,25.3349
2024-05-04T01:00,24.8213
2024-05-04T02:00,24.651300000000003
2024-05-04T03:00,24.320700000000006
2024-05-04T04:00,23.8956
2024-05-04T05:00,23.7589
2024-05-04T06:00,24.5982
2024-05-04T07:00,27.035
2024-05-04T08:00,29.8064
2024-05-04T09:00,32.6186
2024-05-04T10:00,35.6458
2024-05-04T11:00,37.45
2024-05-04T12:00,38.748000000000005
2024-05-04T13:00,38.5988
2024-05-04T14:00,37.908500000000004
2024-05-04T15:00,36.9028
2024-05-04T16:00,35.4998
2024-05-04T17:00,34.7043
2024-05-04T18:00,32.9613
2024-05-04T19:00,30.5962
2024-05-04T20:00,29.048000000000002
2024-05-04T21:00,28.5717
2024-05-04T22:00,28.119900000000005
2024-05-04T23:00,25.8486
2024-05-05T00:00,25.3251
2024-05-05T01:00,24.7763
2024-05-05T02:00,24.051000000000002
2024-05-05T03:00,24.267999999999997
2024-05-05T04:00,23.0925
2024-05-05T05:00,22.8631
2024-05-05T06:00,24.611400000000003
2024-05-05T07:00,27.364900000000006
2024-05-05T08:00,30.435499999999998
2024-05-05T09:00,33.4967
2024-05-05T10:00,36.51820000000001
2024-05-05T11:00,38.618700000000004
2024-05-05T12:00,40.064299999999996
2024-05-05T13:00,40.2637
2024-05-05T14:00,39.584700000000005
2024-05-05T15:00,38.2555
2024-05-05T16:00,37.0699
2024-05-05T17:00,36.4227
2024-05-05T18:00,35.0067
2024-05-05T19:00,32.7882
2024-05-05T20:00,31.2468
2024-05-05T21:00,30.014400000000006
2024-05-05T22:00,28.7511
2024-05-05T23:00,27.860500000000002
2024-05-06T00:00,28.245099999999997
2024-05-06T01:00,26.6685
2024-05-06T02:00,26.020500000000006
2024-05-06T03:00,25.4664
2024-05-06T04:00,24.9815
2024-05-06T05:00,24.571
2024-05-06T06:00,26.9542
2024-05-06T07:00,29.712100000000003
2024-05-06T08:00,32.2098
2024-05-06T09:00,34.81399999999999
2024-05-06T10:00,37.6906
2024-05-06T11:00,39.3926
2024-05-06T12:00,40.1246
2024-05-06T13:00,40.5552
2024-05-06T14:00,40.086600000000004
2024-05-06T15:00,38.287600000000005
2024-05-06T16:00,37.1179
2024-05-06T17:00,36.712399999999995
2024-05-06T18:00,34.6716
2024-05-06T19:00,32.502900000000004
2024-05-06T20:00,31.266000000000002
2024-05-06T21:00,30.3753
2024-05-06T22:00,29.367199999999997
2024-05-06T23:00,28.478100000000005
2024-05-07T00:00,27.421700000000005
2024-05-07T01:00,26.569900000000004
2024-05-07T02:00,26.200400000000002
2024-05-07T03:00,25.713899999999995
2024-05-07T04:00,26.288199999999996
2024-05-07T05:00,26.4121
2024-05-07T06:00,27.8705
2024-05-07T07:00,29.896300000000004
2024-05-07T08:00,32.438900000000004
2024-05-07T09:00,34.049400000000006
2024-05-07T10:00,36.9144
2024-05-07T11:00,39.7827
2024-05-07T12:00,41.1868
2024-05-07T13:00,41.2112
2024-05-07T14:00,40.2867
2024-05-07T15:00,35.932199999999995
2024-05-07T16:00,34.4482
2024-05-07T17:00,34.465700000000005
2024-05-07T18:00,34.196600000000004
2024-05-07T19:00,32.653200000000005
2024-05-07T20:00,32.0553
2024-05-07T21:00,31.5484
2024-05-07T22:00,30.7695
2024-05-07T23:00,30.245000000000005
2024-05-08T00:00,29.358800000000002
2024-05-08T01:00,29.2223
2024-05-08T02:00,28.7117
2024-05-08T03:00,28.1328
2024-05-08T04:00,27.591900000000003
2024-05-08T05:00,27.1356
2024-05-08T06:00,28.081
2024-05-08T07:00,28.956400000000002
2024-05-08T08:00,30.2313
2024-05-08T09:00,32.3614
2024-05-08T10:00,35.2262
2024-05-08T11:00,37.5239
2024-05-08T12:00,39.0153
2024-05-08T13:00,39.7634
2024-05-08T14:00,38.859300000000005
2024-05-08T15:00,37.56530000000001
2024-05-08T16:00,35.899100000000004
2024-05-08T17:00,33.9106
2024-05-08T18:00,34.344100000000005
2024-05-08T19:00,32.396800000000006
2024-05-08T20:00,31.5207
2024-05-08T21:00,30.845399999999998
2024-05-08T22:00,29.680500000000002
2024-05-08T23:00,28.788300000000003
2024-05-09T00:00,28.2723
2024-05-09T01:00,27.9023
2024-05-09T02:00,27.6091
2024-05-09T03:00,27.2389
2024-05-09T04:00,26.840899999999998
2024-05-09T05:00,26.411000000000005
2024-05-09T06:00,28.318199999999997
2024-05-09T07:00,28.968600000000002
2024-05-09T08:00,30.735999999999997
2024-05-09T09:00,32.21190000000001
2024-05-09T10:00,34.7952
2024-05-09T11:00,37.040499999999994
2024-05-09T12:00,38.771800000000006
2024-05-09T13:00,38.684
2024-05-09T14:00,37.9275
2024-05-09T15:00,37.6586
2024-05-09T16:00,36.9689
2024-05-09T17:00,35.9299
2024-05-09T18:00,35.0001
2024-05-09T19:00,31.8657
2024-05-09T20:00,31.129600000000003
2024-05-09T21:00,30.2303
2024-05-09T22:00,29.5243
2024-05-09T23:00,29.0036
2024-05-10T00:00,28.6204
2024-05-10T01:00,28.2798
2024-05-10T02:00,27.9174
2024-05-10T03:00,27.6157
2024-05-10T04:00,27.2572
2024-05-10T05:00,26.791600000000003
2024-05-10T06:00,27.731700000000004
2024-05-10T07:00,29.6159
2024-05-10T08:00,31.2028
2024-05-10T09:00,32.9815
2024-05-10T10:00,35.5624
2024-05-10T11:00,37.7715
2024-05-10T12:00,40.01539999999999
2024-05-10T13:00,41.22970000000001
2024-05-10T14:00,41.105700000000006
2024-05-10T15:00,37.7278
2024-05-10T16:00,37.764700000000005
2024-05-10T17:00,37.1903
2024-05-10T18:00,35.617
2024-05-10T19:00,34.5977
2024-05-10T20:00,34.0148
2024-05-10T21:00,33.2921
2024-05-10T22:00,32.786100000000005
2024-05-10T23:00,31.772200000000005
2024-05-11T00:00,31.324699999999996
2024-05-11T01:00,30.2822
2024-05-11T02:00,29.6755
2024-05-11T03:00,28.7182
2024-05-11T04:00,28.5854
2024-05-11T05:00,28.1075
2024-05-11T06:00,30.1477
2024-05-11T07:00,32.0355
2024-05-11T08:00,33.7005
2024-05-11T09:00,35.086400000000005
2024-05-11T10:00,35.8947
2024-05-11T11:00,37.5688
2024-05-11T12:00,40.286
2024-05-11T13:00,40.43770000000001
2024-05-11T14:00,39.039699999999996
2024-05-11T15:00,38.0419
2024-05-11T16:00,36.3789
2024-05-11T17:00,35.996199999999995
2024-05-11T18:00,35.454
2024-05-11T19:00,34.048199999999994
2024-05-11T20:00,32.8907
2024-05-11T21:00,32.190000000000005
2024-05-11T22:00,31.168500000000005
2024-05-11T23:00,30.4242
2024-05-12T00:00,30.4704
2024-05-12T01:00,30.526100000000003
2024-05-12T02:00,29.256100000000004
2024-05-12T03:00,29.1691
2024-05-12T04:00,28.874400000000005
2024-05-12T05:00,28.6655
2024-05-12T06:00,31.154100000000003
2024-05-12T07:00,32.9405
2024-05-12T08:00,34.7431
2024-05-12T09:00,35.8313
2024-05-12T10:00,37.6409
2024-05-12T11:00,36.640800000000006
2024-05-12T12:00,37.4217
2024-05-12T13:00,37.998400000000004
2024-05-12T14:00,39.0461
2024-05-12T15:00,38.0582
2024-05-12T16:00,36.9222
2024-05-12T17:00,35.779700000000005
2024-05-12T18:00,33.8208
2024-05-12T19:00,32.9295
2024-05-12T20:00,32.5054
2024-05-12T21:00,30.926900000000003
2024-05-12T22:00,30.4846
2024-05-12T23:00,29.966999999999995
2024-05-13T00:00,29.406200000000002
2024-05-13T01:00,29.1717
2024-05-13T02:00,28.833399999999997
2024-05-13T03:00,28.5881
2024-05-13T04:00,28.5274
2024-05-13T05:00,28.236599999999996
2024-05-13T06:00,31.222800000000007
2024-05-13T07:00,32.9935
2024-05-13T08:00,35.1832
2024-05-13T09:00,37.242599999999996
2024-05-13T10:00,39.9065
2024-05-13T11:00,40.4803
2024-05-13T12:00,39.3452
2024-05-13T13:00,38.072
2024-05-13T14:00,38.6243
2024-05-13T15:00,37.6555
2024-05-13T16:00,37.3153
2024-05-13T17:00,36.2892
2024-05-13T18:00,34.162400000000005
2024-05-13T19:00,31.381800000000005
2024-05-13T20:00,30.9313
2024-05-13T21:00,29.343200000000003
2024-05-13T22:00,28.692500000000003
2024-05-13T23:00,28.2463
2024-05-14T00:00,27.2357
2024-05-14T01:00,26.3301
2024-05-14T02:00,26.0331
2024-05-14T03:00,25.658900000000003
2024-05-14T04:00,25.0914
2024-05-14T05:00,24.8354
2024-05-14T06:00,29.3824
2024-05-14T07:00,31.965600000000002
2024-05-14T08:00,34.6589
2024-05-14T09:00,36.9923
2024-05-14T10:00,39.2835
2024-05-14T11:00,39.9263
2024-05-14T12:00,39.9985
2024-05-14T13:00,39.4956
2024-05-14T14:00,38.945100000000004
2024-05-14T15:00,37.8278
2024-05-14T16:00,36.4655
2024-05-14T17:00,36.37070000000001
2024-05-14T18:00,33.7717
2024-05-14T19:00,31.354200000000002
2024-05-14T20:00,30.745600000000003
2024-05-14T21:00,29.9339
2024-05-14T22:00,29.2927
2024-05-14T23:00,28.9486
2024-05-15T00:00,28.417099999999998
2024-05-15T01:00,27.7981
2024-05-15T02:00,26.905
2024-05-15T03:00,25.9792
2024-05-15T04:00,24.945600000000002
2024-05-15T05:00,25.528299999999998
2024-05-15T06:00,28.4168
2024-05-15T07:00,31.205499999999997
2024-05-15T08:00,34.3191
2024-05-15T09:00,36.820600000000006
2024-05-15T10:00,39.078
2024-05-15T11:00,40.25600000000001
2024-05-15T12:00,40.594300000000004
2024-05-15T13:00,40.159
2024-05-15T14:00,39.395300000000006
2024-05-15T15:00,38.406299999999995
2024-05-15T16:00,37.7299
2024-05-15T17:00,37.27479999999999
2024-05-15T18:00,33.9728
2024-05-15T19:00,32.4059
2024-05-15T20:00,30.3599
2024-05-15T21:00,28.796499999999998
2024-05-15T22:00,27.9574
2024-05-15T23:00,28.249300000000005
2024-05-16T00:00,26.797200000000004
2024-05-16T01:00,25.7234
2024-05-16T02:00,26.0251
2024-05-16T03:00,25.478
2024-05-16T04:00,24.5982
2024-05-16T05:00,24.824300000000004
2024-05-16T06:00,28.0984
2024-05-16T07:00,31.0693
2024-05-16T08:00,34.2251
2024-05-16T09:00,36.98350000000001
2024-05-16T10:00,39.994200000000006
2024-05-16T11:00,41.4148
2024-05-16T12:00,41.4542
2024-05-16T13:00,41.3857
2024-05-16T14:00,41.0668
2024-05-16T15:00,39.9116
2024-05-16T16:00,39.2533
2024-05-16T17:00,39.0599
2024-05-16T18:00,35.536
2024-05-16T19:00,33.1418
2024-05-16T20:00,31.464199999999998
2024-05-16T21:00,31.225399999999997
2024-05-16T22:00,30.9501
2024-05-16T23:00,29.1396
2024-05-17T00:00,27.8148
2024-05-17T01:00,27.584000000000003
2024-05-17T02:00,27.213700000000003
2024-05-17T03:00,27.184400000000004
2024-05-17T04:00,26.443099999999998
2024-05-17T05:00,25.9839
2024-05-17T06:00,28.997600000000002
2024-05-17T07:00,31.868900000000004
2024-05-17T08:00,35.23310000000001
2024-05-17T09:00,37.958099999999995
2024-05-17T10:00,40.737700000000004
2024-05-17T11:00,42.330600000000004
2024-05-17T12:00,42.36709999999999
2024-05-17T13:00,42.3189
2024-05-17T14:00,41.89920000000001
2024-05-17T15:00,40.8043
2024-05-17T16:00,39.7421
2024-05-17T17:00,38.826800000000006
2024-05-17T18:00,37.326800000000006
2024-05-17T19:00,35.0079
2024-05-17T20:00,33.8831
2024-05-17T21:00,32.3425
2024-05-17T22:00,31.2045
2024-05-17T23:00,30.821
2024-05-18T00:00,29.5595
2024-05-18T01:00,28.883200000000002
2024-05-18T02:00,28.838900000000002
2024-05-18T03:00,28.5762
2024-05-18T04:00,28.1402
2024-05-18T05:00,27.8167
2024-05-18T06:00,32.2334
2024-05-18T07:00,34.5022
2024-05-18T08:00,37.5257
2024-05-18T09:00,39.796
2024-05-18T10:00,41.6639
2024-05-18T11:00,42.6442
2024-05-18T12:00,42.91459999999999
2024-05-18T13:00,42.4769
2024-05-18T14:00,42.1749
2024-05-18T15:00,41.2282
2024-05-18T16:00,40.340500000000006
2024-05-18T17:00,39.7499
2024-05-18T18:00,36.963699999999996
2024-05-18T19:00,34.3629
2024-05-18T20:00,33.7816
2024-05-18T21:00,32.378600000000006
2024-05-18T22:00,31.2054
2024-05-18T23:00,30.8246
2024-05-19T00:00,30.464799999999997
2024-05-19T01:00,29.637700000000002
2024-05-19T02:00,28.6553
2024-05-19T03:00,28.4476
2024-05-19T04:00,28.0187
2024-05-19T05:00,27.2923
2024-05-19T06:00,30.3877
2024-05-19T07:00,33.222
2024-05-19T08:00,35.9009
2024-05-19T09:00,37.5116
2024-05-19T10:00,40.277100000000004
2024-05-19T11:00,42.8002
2024-05-19T12:00,43.4978
2024-05-19T13:00,42.84
2024-05-19T14:00,41.99549999999999
2024-05-19T15:00,40.6068
2024-05-19T16:00,39.8172
2024-05-19T17:00,38.7625
2024-05-19T18:00,36.4075
2024-05-19T19:00,35.347300000000004
2024-05-19T20:00,34.4529
2024-05-19T21:00,33.144000000000005
2024-05-19T22:00,32.3224
2024-05-19T23:00,31.531599999999997
2024-05-20T00:00,30.826
2024-05-20T01:00,30.1427
2024-05-20T02:00,29.446599999999997
2024-05-20T03:00,28.8326
2024-05-20T04:00,28.4033
2024-05-20T05:00,28.629600000000003
2024-05-20T06:00,30.804899999999996
2024-05-20T07:00,33.1257
2024-05-20T08:00,35.7626
2024-05-20T09:00,38.345099999999995
2024-05-20T10:00,40.9516
2024-05-20T11:00,42.73550000000001
2024-05-20T12:00,43.857400000000005
2024-05-20T13:00,43.90710000000001
2024-05-20T14:00,42.49100000000001
2024-05-20T15:00,40.2812
2024-05-20T16:00,39.351800000000004
2024-05-20T17:00,38.461999999999996
2024-05-20T18:00,36.233000000000004
2024-05-20T19:00,34.941
2024-05-20T20:00,33.5815
2024-05-20T21:00,32.9639
2024-05-20T22:00,33.038000000000004
2024-05-20T23:00,31.9608
2024-05-21T00:00,31.215100000000003
2024-05-21T01:00,30.966900000000003
2024-05-21T02:00,30.493000000000002
2024-05-21T03:00,29.4549
2024-05-21T04:00,29.105500000000003
2024-05-21T05:00,28.953100000000003
2024-05-21T06:00,29.828700000000005
2024-05-21T07:00,31.4334
2024-05-21T08:00,33.6757
2024-05-21T09:00,35.964800000000004
2024-05-21T10:00,38.7971
2024-05-21T11:00,41.2141
2024-05-21T12:00,42.8909
2024-05-21T13:00,44.00429999999999
2024-05-21T14:00,44.026300000000006
2024-05-21T15:00,42.6119
2024-05-21T16:00,41.659000000000006
2024-05-21T17:00,40.0357
2024-05-21T18:00,39.616400000000006
2024-05-21T19:00,36.945100000000004
2024-05-21T20:00,35.807
2024-05-21T21:00,34.975
2024-05-21T22:00,34.0608
2024-05-21T23:00,33.199
2024-05-22T00:00,32.8078
2024-05-22T01:00,32.377900000000004
2024-05-22T02:00,32.150400000000005
2024-05-22T03:00,32.0013
2024-05-22T04:00,31.8872
2024-05-22T05:00,31.6118
2024-05-22T06:00,33.6378
2024-05-22T07:00,34.3453
2024-05-22T08:00,36.174200000000006
2024-05-22T09:00,37.638200000000005
2024-05-22T10:00,39.266600000000004
2024-05-22T11:00,41.5875
2024-05-22T12:00,43.0304
2024-05-22T13:00,43.0989
2024-05-22T14:00,40.9135
2024-05-22T15:00,40.9436
2024-05-22T16:00,40.6979
2024-05-22T17:00,39.598299999999995
2024-05-22T18:00,37.2224
2024-05-22T19:00,35.5585
2024-05-22T20:00,35.1427
2024-05-22T21:00,34.70870000000001
2024-05-22T22:00,34.1105
2024-05-22T23:00,33.825700000000005
2024-05-23T00:00,33.1445
2024-05-23T01:00,32.633900000000004
2024-05-23T02:00,32.217999999999996
2024-05-23T03:00,31.8882
2024-05-23T04:00,31.390800000000002
2024-05-23T05:00,30.928200000000004
2024-05-23T06:00,32.332
2024-05-23T07:00,33.2316
2024-05-23T08:00,35.0007
2024-05-23T09:00,36.7906
2024-05-23T10:00,38.7034
2024-05-23T11:00,40.0
2024-05-23T12:00,41.7142
2024-05-23T13:00,42.269800000000004
2024-05-23T14:00,42.0299
2024-05-23T15:00,41.1911
2024-05-23T16:00,40.6161
2024-05-23T17:00,39.6925
2024-05-23T18:00,36.88550000000001
2024-05-23T19:00,35.588300000000004
2024-05-23T20:00,35.3967
2024-05-23T21:00,35.0327
2024-05-23T22:00,34.592000000000006
2024-05-23T23:00,34.206300000000006
2024-05-24T00:00,33.610400000000006
2024-05-24T01:00,33.1587
2024-05-24T02:00,32.867000000000004
2024-05-24T03:00,32.6342
2024-05-24T04:00,32.243900000000004
2024-05-24T05:00,31.9196
2024-05-24T06:00,33.647
2024-05-24T07:00,34.6473
2024-05-24T08:00,36.3156
2024-05-24T09:00,37.8986
2024-05-24T10:00,39.8836
2024-05-24T11:00,41.61860000000001
2024-05-24T12:00,42.98650000000001
2024-05-24T13:00,43.418600000000005
2024-05-24T14:00,43.2161
2024-05-24T15:00,42.263200000000005
2024-05-24T16:00,41.4184
2024-05-24T17:00,41.025
2024-05-24T18:00,39.9153
2024-05-24T19:00,38.192
2024-05-24T20:00,37.333800000000004
2024-05-24T21:00,36.5222
2024-05-24T22:00,35.696799999999996
2024-05-24T23:00,35.151900000000005
2024-05-25T00:00,34.5499
2024-05-25T01:00,34.370400000000004
2024-05-25T02:00,34.0204
2024-05-25T03:00,33.7162
2024-05-25T04:00,33.453900000000004
2024-05-25T05:00,33.1009
2024-05-25T06:00,35.9027
2024-05-25T07:00,37.5051
2024-05-25T08:00,39.6637
2024-05-25T09:00,41.398799999999994
2024-05-25T10:00,43.220000000000006
2024-05-25T11:00,43.684999999999995
2024-05-25T12:00,44.3695
2024-05-25T13:00,45.195
2024-05-25T14:00,44.6959
2024-05-25T15:00,43.4504
2024-05-25T16:00,42.585
2024-05-25T17:00,41.2602
2024-05-25T18:00,40.2468
2024-05-25T19:00,38.2603
2024-05-25T20:00,36.83190000000001
2024-05-25T21:00,35.520500000000006
2024-05-25T22:00,34.6375
2024-05-25T23:00,34.400999999999996
2024-05-26T00:00,33.7667
2024-05-26T01:00,32.1117
2024-05-26T02:00,31.5976
2024-05-26T03:00,31.3996
2024-05-26T04:00,30.4022
2024-05-26T05:00,30.245300000000004
2024-05-26T06:00,32.845
2024-05-26T07:00,35.47
2024-05-26T08:00,38.1214
2024-05-26T09:00,40.447500000000005
2024-05-26T10:00,42.7269
2024-05-26T11:00,43.99860000000001
2024-05-26T12:00,44.6744
2024-05-26T13:00,44.487300000000005
2024-05-26T14:00,43.79650000000001
2024-05-26T15:00,43.2584
2024-05-26T16:00,42.2713
2024-05-26T17:00,40.936
2024-05-26T18:00,39.653400000000005
2024-05-26T19:00,37.683699999999995
2024-05-26T20:00,37.3057
2024-05-26T21:00,36.4341
2024-05-26T22:00,35.6137
2024-05-26T23:00,34.886500000000005
2024-05-27T00:00,34.0675
2024-05-27T01:00,33.3186
2024-05-27T02:00,32.775
2024-05-27T03:00,32.7483
2024-05-27T04:00,32.439
2024-05-27T05:00,32.163799999999995
2024-05-27T06:00,35.610499999999995
2024-05-27T07:00,36.9991
2024-05-27T08:00,39.4605
2024-05-27T09:00,41.913799999999995
2024-05-27T10:00,44.8824
2024-05-27T11:00,45.5071
2024-05-27T12:00,45.6871
2024-05-27T13:00,44.8499
2024-05-27T14:00,44.195
2024-05-27T15:00,42.973699999999994
2024-05-27T16:00,41.47540000000001
2024-05-27T17:00,41.020900000000005
2024-05-27T18:00,39.4558
2024-05-27T19:00,36.9645
2024-05-27T20:00,35.7585
2024-05-27T21:00,33.8959
2024-05-27T22:00,33.4079
2024-05-27T23:00,31.911400000000004
2024-05-28T00:00,31.6324
2024-05-28T01:00,31.3204
2024-05-28T02:00,32.2312
2024-05-28T03:00,31.266800000000003
2024-05-28T04:00,29.5824
2024-05-28T05:00,29.043000000000003
2024-05-28T06:00,30.740299999999998
2024-05-28T07:00,33.5461
2024-05-28T08:00,36.57679999999999
2024-05-28T09:00,39.715500000000006
2024-05-28T10:00,42.7199
2024-05-28T11:00,44.425900000000006
2024-05-28T12:00,45.10130000000001
2024-05-28T13:00,44.8689
2024-05-28T14:00,44.3684
2024-05-28T15:00,42.6869
2024-05-28T16:00,41.611200000000004
2024-05-28T17:00,41.2976
2024-05-28T18:00,39.1836
2024-05-28T19:00,37.160000000000004
2024-05-28T20:00,36.248400000000004
2024-05-28T21:00,34.942099999999996
2024-05-28T22:00,33.138000000000005
2024-05-28T23:00,33.5933
2024-05-29T00:00,32.473800000000004
2024-05-29T01:00,31.199799999999996
2024-05-29T02:00,30.5938
2024-05-29T03:00,30.068000000000005
2024-05-29T04:00,30.0544
2024-05-29T05:00,30.9091
2024-05-29T06:00,35.7054
2024-05-29T07:00,37.8158
2024-05-29T08:00,40.3365
2024-05-29T09:00,42.391200000000005
2024-05-29T10:00,44.9513
2024-05-29T11:00,46.897999999999996
2024-05-29T12:00,47.7918
2024-05-29T13:00,46.3754
2024-05-29T14:00,44.1079
2024-05-29T15:00,43.0656
2024-05-29T16:00,42.78380000000001
2024-05-29T17:00,41.61260000000001
2024-05-29T18:00,40.4801
2024-05-29T19:00,37.4978
2024-05-29T20:00,37.294200000000004
2024-05-29T21:00,36.47880000000001
2024-05-29T22:00,36.9501
2024-05-29T23:00,35.0841
2024-05-30T00:00,34.0415
2024-05-30T01:00,33.9629
2024-05-30T02:00,33.4866
2024-05-30T03:00,33.5356
2024-05-30T04:00,33.6661
2024-05-30T05:00,33.5626
2024-05-30T06:00,35.3628
2024-05-30T07:00,37.792500000000004
2024-05-30T08:00,39.8067
2024-05-30T09:00,40.9581
2024-05-30T10:00,43.0384
2024-05-30T11:00,44.5371
2024-05-30T12:00,45.6079
2024-05-30T13:00,45.2603
2024-05-30T14:00,43.655
2024-05-30T15:00,42.5484
2024-05-30T16:00,41.454
2024-05-30T17:00,40.869800000000005
2024-05-30T18:00,38.856
2024-05-30T19:00,37.3657
2024-05-30T20:00,35.1413
2024-05-30T21:00,34.60380000000001
2024-05-30T22:00,33.6583
2024-05-30T23:00,33.014900000000004
2024-05-31T00:00,31.2063
2024-05-31T01:00,32.1697
2024-05-31T02:00,30.838399999999996
2024-05-31T03:00,29.8655
2024-05-31T04:00,30.3846
2024-05-31T05:00,29.250400000000003
2024-05-31T06:00,32.3033
2024-05-31T07:00,35.0376
2024-05-31T08:00,37.3944
2024-05-31T09:00,39.604699999999994
2024-05-31T10:00,42.063700000000004
2024-05-31T11:00,43.9458
2024-05-31T12:00,44.46710000000001
2024-05-31T13:00,43.302800000000005
2024-05-31T14:00,42.7645
2024-05-31T15:00,42.040499999999994
2024-05-31T16:00,41.1994
2024-05-31T17:00,40.4474
2024-05-31T18:00,38.779199999999996
2024-05-31T19:00,36.69670000000001
2024-05-31T20:00,35.107600000000005
2024-05-31T21:00,34.834
2024-05-31T22:00,33.205000000000005
2024-05-31T23:00,32.3866
2024-06-01T00:00,31.985
2024-06-01T01:00,31.1249
2024-06-01T02:00,30.5976
2024-06-01T03:00,30.3646
2024-06-01T04:00,30.2363
2024-06-01T05:00,30.171400000000002
2024-06-01T06:00,32.303799999999995
2024-06-01T07:00,34.5223
2024-06-01T08:00,37.00000000000001
2024-06-01T09:00,39.1519
2024-06-01T10:00,42.44670000000001
2024-06-01T11:00,43.757000000000005
2024-06-01T12:00,43.3905
2024-06-01T13:00,44.023
2024-06-01T14:00,42.1722
2024-06-01T15:00,41.377
2024-06-01T16:00,40.1494
2024-06-01T17:00,38.8853
2024-06-01T18:00,36.7193
2024-06-01T19:00,35.745999999999995
2024-06-01T20:00,34.9668
2024-06-01T21:00,35.0613
2024-06-01T22:00,34.464200000000005
2024-06-01T23:00,34.3501
2024-06-02T00:00,32.9473
2024-06-02T01:00,32.91630000000001
2024-06-02T02:00,32.8613
2024-06-02T03:00,32.4774
2024-06-02T04:00,32.1481
2024-06-02T05:00,32.2766
2024-06-02T06:00,33.5687
2024-06-02T07:00,34.8375
2024-06-02T08:00,37.0598
2024-06-02T09:00,38.7338
2024-06-02T10:00,41.05
2024-06-02T11:00,43.01930000000001
2024-06-02T12:00,44.037000000000006
2024-06-02T13:00,42.898300000000006
2024-06-02T14:00,41.713
2024-06-02T15:00,40.6246
2024-06-02T16:00,39.74159999999999
2024-06-02T17:00,39.2014
2024-06-02T18:00,38.0203
2024-06-02T19:00,35.97950000000001
2024-06-02T20:00,35.5259
2024-06-02T21:00,34.1955
2024-06-02T22:00,33.4174
2024-06-02T23:00,33.2454
2024-06-03T00:00,32.8799
2024-06-03T01:00,32.460100000000004
2024-06-03T02:00,32.097
2024-06-03T03:00,31.755700000000004
2024-06-03T04:00,31.242000000000008
2024-06-03T05:00,30.798099999999998
2024-06-03T06:00,32.8075
2024-06-03T07:00,34.868300000000005
2024-06-03T08:00,36.775400000000005
2024-06-03T09:00,39.01240000000001
2024-06-03T10:00,41.4721
2024-06-03T11:00,42.88670000000001
2024-06-03T12:00,42.786
2024-06-03T13:00,42.85850000000001
2024-06-03T14:00,42.84819999999999
2024-06-03T15:00,42.126400000000004
2024-06-03T16:00,40.663000000000004
2024-06-03T17:00,40.089
2024-06-03T18:00,38.403000000000006
2024-06-03T19:00,35.6944
2024-06-03T20:00,35.0432
2024-06-03T21:00,33.54730000000001
2024-06-03T22:00,32.7998
2024-06-03T23:00,32.965
2024-06-04T00:00,31.442900000000005
2024-06-04T01:00,30.269399999999997
2024-06-04T02:00,29.6843
2024-06-04T03:00,29.183100000000003
2024-06-04T04:00,29.097
2024-06-04T05:00,29.0076
2024-06-04T06:00,32.288900000000005
2024-06-04T07:00,34.7345
2024-06-04T08:00,37.3542
2024-06-04T09:00,39.362899999999996
2024-06-04T10:00,41.8622
2024-06-04T11:00,43.5081
2024-06-04T12:00,43.0788
2024-06-04T13:00,42.3925
2024-06-04T14:00,42.127700000000004
2024-06-04T15:00,41.1305
2024-06-04T16:00,39.81680000000001
2024-06-04T17:00,39.4731
2024-06-04T18:00,38.6045
2024-06-04T19:00,36.70309999999999
2024-06-04T20:00,35.8374
2024-06-04T21:00,34.5739
2024-06-04T22:00,33.5232
2024-06-04T23:00,32.865899999999996
2024-06-05T00:00,32.0005
2024-06-05T01:00,31.4769
2024-06-05T02:00,30.5753
2024-06-05T03:00,30.323100000000004
2024-06-05T04:00,30.133000000000003
2024-06-05T05:00,29.908500000000004
2024-06-05T06:00,32.498
2024-06-05T07:00,35.0887
2024-06-05T08:00,36.8453
2024-06-05T09:00,38.557700000000004
2024-06-05T10:00,40.5568
2024-06-05T11:00,42.8213
2024-06-05T12:00,42.627500000000005
2024-06-05T13:00,42.637299999999996
2024-06-05T14:00,41.4146
2024-06-05T15:00,41.049
2024-06-05T16:00,40.357299999999995
2024-06-05T17:00,39.8798
2024-06-05T18:00,38.4736
2024-06-05T19:00,37.4118
2024-06-05T20:00,36.8986
2024-06-05T21:00,36.6251
2024-06-05T22:00,35.7769
2024-06-05T23:00,34.7753
2024-06-06T00:00,34.820499999999996
2024-06-06T01:00,34.379200000000004
2024-06-06T02:00,33.1531
2024-06-06T03:00,32.1851
2024-06-06T04:00,31.7056
2024-06-06T05:00,31.278699999999997
2024-06-06T06:00,31.350199999999997
2024-06-06T07:00,32.6626
2024-06-06T08:00,34.0252
2024-06-06T09:00,35.5835
2024-06-06T10:00,38.125099999999996
2024-06-06T11:00,40.914699999999996
2024-06-06T12:00,41.135000000000005
2024-06-06T13:00,41.0565
2024-06-06T14:00,41.4233
2024-06-06T15:00,40.16290000000001
2024-06-06T16:00,39.56860000000001
2024-06-06T17:00,38.777699999999996
2024-06-06T18:00,37.034400000000005
2024-06-06T19:00,35.6105
2024-06-06T20:00,34.7965
2024-06-06T21:00,34.6133
2024-06-06T22:00,33.994800000000005
2024-06-06T23:00,33.3028
2024-06-07T00:00,33.024300000000004
2024-06-07T01:00,32.4036
2024-06-07T02:00,31.9666
2024-06-07T03:00,31.3962
2024-06-07T04:00,31.0757
2024-06-07T05:00,30.4052
2024-06-07T06:00,33.32150000000001
2024-06-07T07:00,35.0963
2024-06-07T08:00,36.894200000000005
2024-06-07T09:00,38.2684
2024-06-07T10:00,40.054100000000005
2024-06-07T11:00,41.2529
2024-06-07T12:00,41.855500000000006
2024-06-07T13:00,41.6815
2024-06-07T14:00,41.3547
2024-06-07T15:00,40.6347
2024-06-07T16:00,39.7931
2024-06-07T17:00,39.0357
2024-06-07T18:00,36.7138
2024-06-07T19:00,35.3745
2024-06-07T20:00,34.354400000000005
2024-06-07T21:00,34.0328
2024-06-07T22:00,33.890299999999996
2024-06-07T23:00,32.605000000000004
2024-06-08T00:00,31.8314
2024-06-08T01:00,31.348799999999997
2024-06-08T02:00,30.813299999999998
2024-06-08T03:00,30.425400000000003
2024-06-08T04:00,29.8899
2024-06-08T05:00,29.463299999999997
2024-06-08T06:00,31.8427
2024-06-08T07:00,33.8192
2024-06-08T08:00,35.9555
2024-06-08T09:00,37.4549
2024-06-08T10:00,39.308800000000005
2024-06-08T11:00,40.574299999999994
2024-06-08T12:00,40.5249
2024-06-08T13:00,40.715500000000006
2024-06-08T14:00,40.343900000000005
2024-06-08T15:00,39.029399999999995
2024-06-08T16:00,38.7916
2024-06-08T17:00,38.3763
2024-06-08T18:00,37.993300000000005
2024-06-08T19:00,35.7501
2024-06-08T20:00,34.639
2024-06-08T21:00,33.8741
2024-06-08T22:00,32.901700000000005
2024-06-08T23:00,32.62
2024-06-09T00:00,31.746300000000005
2024-06-09T01:00,31.1318
2024-06-09T02:00,30.7509
2024-06-09T03:00,30.251199999999997
2024-06-09T04:00,29.435499999999998
2024-06-09T05:00,29.406200000000005
2024-06-09T06:00,30.8247
2024-06-09T07:00,33.1171
2024-06-09T08:00,35.026700000000005
2024-06-09T09:00,36.8767
2024-06-09T10:00,39.0021
2024-06-09T11:00,40.6773
2024-06-09T12:00,41.3359
2024-06-09T13:00,41.302400000000006
2024-06-09T14:00,40.86709999999999
2024-06-09T15:00,40.0111
2024-06-09T16:00,39.2772
2024-06-09T17:00,38.779799999999994
2024-06-09T18:00,36.8288
2024-06-09T19:00,34.48180000000001
2024-06-09T20:00,33.23480000000001
2024-06-09T21:00,32.3814
2024-06-09T22:00,30.885399999999997
2024-06-09T23:00,30.703700000000005
2024-06-10T00:00,30.5928
2024-06-10T01:00,29.1594
2024-06-10T02:00,28.8584
2024-06-10T03:00,28.5006
2024-06-10T04:00,27.758900000000004
2024-06-10T05:00,27.3616
2024-06-10T06:00,29.3899
2024-06-10T07:00,31.8339
2024-06-10T08:00,34.343
2024-06-10T09:00,37.0557
2024-06-10T10:00,39.6466
2024-06-10T11:00,41.2963
2024-06-10T12:00,42.0839
2024-06-10T13:00,42.149699999999996
2024-06-10T14:00,41.453500000000005
2024-06-10T15:00,40.607699999999994
2024-06-10T16:00,39.53920000000001
2024-06-10T17:00,38.8407
2024-06-10T18:00,37.1077
2024-06-10T19:00,35.6692
2024-06-10T20:00,34.7263
2024-06-10T21:00,34.4838
2024-06-10T22:00,33.8769
2024-06-10T23:00,33.3896
2024-06-11T00:00,32.575500000000005
2024-06-11T01:00,31.7584
2024-06-11T02:00,30.9089
2024-06-11T03:00,30.1228
2024-06-11T04:00,29.4267
2024-06-11T05:00,28.8636
2024-06-11T06:00,31.2669
2024-06-11T07:00,33.6717
2024-06-11T08:00,35.5781
2024-06-11T09:00,37.5418
2024-06-11T10:00,40.0816
2024-06-11T11:00,41.8313
2024-06-11T12:00,42.641400000000004
2024-06-11T13:00,42.7199
2024-06-11T14:00,42.401900000000005
2024-06-11T15:00,41.5856
2024-06-11T16:00,40.3114
2024-06-11T17:00,39.6479
2024-06-11T18:00,38.607800000000005
2024-06-11T19:00,36.521
2024-06-11T20:00,35.3901
2024-06-11T21:00,34.251200000000004
2024-06-11T22:00,33.1764
2024-06-11T23:00,32.340900000000005
2024-06-12T00:00,31.5938
2024-06-12T01:00,30.8671
2024-06-12T02:00,30.0471
2024-06-12T03:00,29.654700000000005
2024-06-12T04:00,29.065500000000004
2024-06-12T05:00,28.335200000000004
2024-06-12T06:00,31.470299999999998
2024-06-12T07:00,34.3275
2024-06-12T08:00,36.7123
2024-06-12T09:00,38.7877
2024-06-12T10:00,40.8726
2024-06-12T11:00,42.5199
2024-06-12T12:00,43.34550000000001
2024-06-12T13:00,43.1553
2024-06-12T14:00,42.8953
2024-06-12T15:00,41.9594
2024-06-12T16:00,41.0483
2024-06-12T17:00,40.615300000000005
2024-06-12T18:00,39.9703
2024-06-12T19:00,36.5919
2024-06-12T20:00,36.144
2024-06-12T21:00,34.6927
2024-06-12T22:00,34.2721
2024-06-12T23:00,33.2274
2024-06-13T00:00,31.998600000000003
2024-06-13T01:00,30.958599999999997
2024-06-13T02:00,30.4808
2024-06-13T03:00,30.061999999999998
2024-06-13T04:00,29.4831
2024-06-13T05:00,29.0192
2024-06-13T06:00,32.7206
2024-06-13T07:00,34.8826
2024-06-13T08:00,36.1306
2024-06-13T09:00,37.7517
2024-06-13T10:00,39.937400000000004
2024-06-13T11:00,41.8781
2024-06-13T12:00,43.093900000000005
2024-06-13T13:00,43.34530000000001
2024-06-13T14:00,42.83070000000001
2024-06-13T15:00,42.0548
2024-06-13T16:00,41.2223
2024-06-13T17:00,40.642
2024-06-13T18:00,39.6492
2024-06-13T19:00,37.534800000000004
2024-06-13T20:00,36.47650000000001
2024-06-13T21:00,35.8588
2024-06-13T22:00,35.3676
2024-06-13T23:00,34.529700000000005
2024-06-14T00:00,34.2617
2024-06-14T01:00,34.001
2024-06-14T02:00,33.486000000000004
2024-06-14T03:00,32.9273
2024-06-14T04:00,32.5169
2024-06-14T05:00,32.2453
2024-06-14T06:00,33.616600000000005
2024-06-14T07:00,34.930299999999995
2024-06-14T08:00,36.319
2024-06-14T09:00,37.9439
2024-06-14T10:00,40.162400000000005
2024-06-14T11:00,41.1916
2024-06-14T12:00,42.876000000000005
2024-06-14T13:00,43.294799999999995
2024-06-14T14:00,42.865700000000004
2024-06-14T15:00,42.545
2024-06-14T16:00,41.8553
2024-06-14T17:00,41.0097
2024-06-14T18:00,39.37970000000001
2024-06-14T19:00,38.0547
2024-06-14T20:00,37.0856
2024-06-14T21:00,36.8379
2024-06-14T22:00,36.3205
2024-06-14T23:00,35.6657
2024-06-15T00:00,35.204100000000004
2024-06-15T01:00,34.7532
2024-06-15T02:00,34.299299999999995
2024-06-15T03:00,33.5754
2024-06-15T04:00,32.763
2024-06-15T05:00,32.4875
2024-06-15T06:00,33.883300000000006
2024-06-15T07:00,35.5386
2024-06-15T08:00,36.9703
2024-06-15T09:00,38.5145
2024-06-15T10:00,40.504000000000005
2024-06-15T11:00,42.232800000000005
2024-06-15T12:00,43.30030000000001
2024-06-15T13:00,43.2578
2024-06-15T14:00,42.948899999999995
2024-06-15T15:00,42.2218
2024-06-15T16:00,41.7747
2024-06-15T17:00,41.210499999999996
2024-06-15T18:00,40.294
2024-06-15T19:00,38.832
2024-06-15T20:00,37.648700000000005
2024-06-15T21:00,36.8681
2024-06-15T22:00,36.1861
2024-06-15T23:00,35.449000000000005
2024-06-16T00:00,34.9508
2024-06-16T01:00,34.3705
2024-06-16T02:00,33.5418
2024-06-16T03:00,33.35380000000001
2024-06-16T04:00,32.865
2024-06-16T05:00,32.3181
2024-06-16T06:00,34.4993
2024-06-16T07:00,35.932500000000005
2024-06-16T08:00,37.741200000000006
2024-06-16T09:00,39.7596
2024-06-16T10:00,41.818200000000004
2024-06-16T11:00,43.231199999999994
2024-06-16T12:00,43.8869
2024-06-16T13:00,43.8669
2024-06-16T14:00,43.6728
2024-06-16T15:00,43.032500000000006
2024-06-16T16:00,42.5035
2024-06-16T17:00,41.7903
2024-06-16T18:00,40.7751
2024-06-16T19:00,39.3053
2024-06-16T20:00,38.086200000000005
2024-06-16T21:00,37.4786
2024-06-16T22:00,36.6883
2024-06-16T23:00,35.79200000000001
2024-06-17T00:00,35.19820000000001
2024-06-17T01:00,34.9836
2024-06-17T02:00,34.7673
2024-06-17T03:00,34.2845
2024-06-17T04:00,33.9925
2024-06-17T05:00,33.838100000000004
2024-06-17T06:00,35.4834
2024-06-17T07:00,37.2851
2024-06-17T08:00,38.619699999999995
2024-06-17T09:00,39.873000000000005
2024-06-17T10:00,42.0
2024-06-17T11:00,43.7047
2024-06-17T12:00,44.152899999999995
2024-06-17T13:00,43.841100000000004
2024-06-17T14:00,43.534600000000005
2024-06-17T15:00,42.955600000000004
2024-06-17T16:00,42.5421
2024-06-17T17:00,42.2409
2024-06-17T18:00,41.5741
2024-06-17T19:00,40.1881
2024-06-17T20:00,39.2306
2024-06-17T21:00,37.934999999999995
2024-06-17T22:00,37.0117
2024-06-17T23:00,36.3623
2024-06-18T00:00,35.8875
2024-06-18T01:00,35.5896
2024-06-18T02:00,35.1301
2024-06-18T03:00,34.9672
2024-06-18T04:00,34.7049
2024-06-18T05:00,34.5706
2024-06-18T06:00,36.0511
2024-06-18T07:00,37.2343
2024-06-18T08:00,38.3733
2024-06-18T09:00,39.916000000000004
2024-06-18T10:00,41.918200000000006
2024-06-18T11:00,43.17830000000001
2024-06-18T12:00,44.0039
2024-06-18T13:00,44.18930000000001
2024-06-18T14:00,43.91540000000001
2024-06-18T15:00,43.05890000000001
2024-06-18T16:00,42.260799999999996
2024-06-18T17:00,41.9614
2024-06-18T18:00,40.4823
2024-06-18T19:00,38.7837
2024-06-18T20:00,36.8118
2024-06-18T21:00,35.8434
2024-06-18T22:00,35.3125
2024-06-18T23:00,34.846700000000006
2024-06-19T00:00,34.8335
2024-06-19T01:00,34.9619
2024-06-19T02:00,34.7897
2024-06-19T03:00,34.7004
2024-06-19T04:00,34.7982
2024-06-19T05:00,34.6896
2024-06-19T06:00,33.5343
2024-06-19T07:00,34.313199999999995
2024-06-19T08:00,36.9996
2024-06-19T09:00,37.8011
2024-06-19T10:00,39.7029
2024-06-19T11:00,42.4228
2024-06-19T12:00,43.2686
2024-06-19T13:00,43.241400000000006
2024-06-19T14:00,42.333600000000004
2024-06-19T15:00,42.770700000000005
2024-06-19T16:00,42.2876
2024-06-19T17:00,41.8017
2024-06-19T18:00,39.00900000000001
2024-06-19T19:00,37.4809
2024-06-19T20:00,36.8049
2024-06-19T21:00,36.5072
2024-06-19T22:00,36.4308
2024-06-19T23:00,35.8886
2024-06-20T00:00,35.6623
2024-06-20T01:00,34.3599
2024-06-20T02:00,34.1857
2024-06-20T03:00,34.220800000000004
2024-06-20T04:00,34.4263
2024-06-20T05:00,34.1245
2024-06-20T06:00,31.780200000000004
2024-06-20T07:00,32.7614
2024-06-20T08:00,33.815900000000006
2024-06-20T09:00,34.8327
2024-06-20T10:00,36.215199999999996
2024-06-20T11:00,38.7581
2024-06-20T12:00,41.532199999999996
2024-06-20T13:00,42.912800000000004
2024-06-20T14:00,42.045100000000005
2024-06-20T15:00,42.6906
2024-06-20T16:00,42.2724
2024-06-20T17:00,41.713699999999996
2024-06-20T18:00,39.4208
2024-06-20T19:00,38.6774
2024-06-20T20:00,38.177
2024-06-20T21:00,37.9279
2024-06-20T22:00,37.7277
2024-06-20T23:00,37.2239
2024-06-21T00:00,36.7115
2024-06-21T01:00,35.6414
2024-06-21T02:00,34.663700000000006
2024-06-21T03:00,34.4078
2024-06-21T04:00,32.10510000000001
2024-06-21T05:00,30.2181
2024-06-21T06:00,31.5684
2024-06-21T07:00,33.7096
2024-06-21T08:00,35.2067
2024-06-21T09:00,37.0883
2024-06-21T10:00,39.2975
2024-06-21T11:00,40.032000000000004
2024-06-21T12:00,40.7479
2024-06-21T13:00,41.892300000000006
2024-06-21T14:00,42.775600000000004
2024-06-21T15:00,41.7421
2024-06-21T16:00,41.1134
2024-06-21T17:00,40.7039
2024-06-21T18:00,38.607400000000005
2024-06-21T19:00,38.0574
2024-06-21T20:00,37.5017
2024-06-21T21:00,37.011
2024-06-21T22:00,36.6206
2024-06-21T23:00,36.0882
2024-06-22T00:00,35.8695
2024-06-22T01:00,35.372
2024-06-22T02:00,35.147000000000006
2024-06-22T03:00,34.835800000000006
2024-06-22T04:00,34.5811
2024-06-22T05:00,34.5765
2024-06-22T06:00,34.437000000000005
2024-06-22T07:00,35.579299999999996
2024-06-22T08:00,37.0792
2024-06-22T09:00,38.393
2024-06-22T10:00,40.3061
2024-06-22T11:00,41.91230000000001
2024-06-22T12:00,42.6162
2024-06-22T13:00,41.5177
2024-06-22T14:00,41.7402
2024-06-22T15:00,41.091499999999996
2024-06-22T16:00,40.912
2024-06-22T17:00,40.0008
2024-06-22T18:00,37.8875
2024-06-22T19:00,37.422999999999995
2024-06-22T20:00,37.5456
2024-06-22T21:00,37.2894
2024-06-22T22:00,37.1302
2024-06-22T23:00,36.895900000000005
2024-06-23T00:00,36.3376
2024-06-23T01:00,36.14840000000001
2024-06-23T02:00,35.8637
2024-06-23T03:00,35.8056
2024-06-23T04:00,34.522
2024-06-23T05:00,34.335100000000004
2024-06-23T06:00,35.255500000000005
2024-06-23T07:00,35.749
2024-06-23T08:00,36.6362
2024-06-23T09:00,37.93000000000001
2024-06-23T10:00,39.5901
2024-06-23T11:00,40.8029
2024-06-23T12:00,42.6153
2024-06-23T13:00,42.4106
2024-06-23T14:00,42.8525
2024-06-23T15:00,41.710300000000004
2024-06-23T16:00,41.163000000000004
2024-06-23T17:00,40.7584
2024-06-23T18:00,39.806999999999995
2024-06-23T19:00,39.4889
2024-06-23T20:00,38.7184
2024-06-23T21:00,38.003
2024-06-23T22:00,36.724
2024-06-23T23:00,36.726499999999994
2024-06-24T00:00,36.375699999999995
2024-06-24T01:00,35.963
2024-06-24T02:00,35.7681
2024-06-24T03:00,35.6409
2024-06-24T04:00,35.0391
2024-06-24T05:00,34.880900000000004
2024-06-24T06:00,37.7624
2024-06-24T07:00,38.760099999999994
2024-06-24T08:00,37.507799999999996
2024-06-24T09:00,38.6075
2024-06-24T10:00,39.8759
2024-06-24T11:00,41.858
2024-06-24T12:00,43.701899999999995
2024-06-24T13:00,43.604200000000006
2024-06-24T14:00,43.4529
2024-06-24T15:00,42.843999999999994
2024-06-24T16:00,42.442800000000005
2024-06-24T17:00,40.0446
2024-06-24T18:00,38.1356
2024-06-24T19:00,37.669999999999995
2024-06-24T20:00,37.6048
2024-06-24T21:00,37.6505
2024-06-24T22:00,37.6295
2024-06-24T23:00,37.302800000000005
2024-06-25T00:00,36.9451
2024-06-25T01:00,36.4599
2024-06-25T02:00,36.1688
2024-06-25T03:00,35.2019
2024-06-25T04:00,34.8061
2024-06-25T05:00,34.6857
2024-06-25T06:00,37.2815
2024-06-25T07:00,38.332100000000004
2024-06-25T08:00,39.582100000000004
2024-06-25T09:00,39.78059999999999
2024-06-25T10:00,39.6293
2024-06-25T11:00,40.489900000000006
2024-06-25T12:00,41.5914
2024-06-25T13:00,41.267300000000006
2024-06-25T14:00,42.166500000000006
2024-06-25T15:00,42.0313
2024-06-25T16:00,41.8487
2024-06-25T17:00,40.83370000000001
2024-06-25T18:00,40.3947
2024-06-25T19:00,39.6669
2024-06-25T20:00,39.0991
2024-06-25T21:00,38.813500000000005
2024-06-25T22:00,38.4993
2024-06-25T23:00,37.986999999999995
2024-06-26T00:00,36.2753
2024-06-26T01:00,36.602999999999994
2024-06-26T02:00,36.0555
2024-06-26T03:00,34.5479
2024-06-26T04:00,34.329600000000006
2024-06-26T05:00,32.4223
2024-06-26T06:00,36.2796
2024-06-26T07:00,35.319900000000004
2024-06-26T08:00,34.9844
2024-06-26T09:00,35.1456
2024-06-26T10:00,35.796699999999994
2024-06-26T11:00,37.229
2024-06-26T12:00,38.60090000000001
2024-06-26T13:00,39.10850000000001
2024-06-26T14:00,39.9504
2024-06-26T15:00,39.7859
2024-06-26T16:00,39.9356
2024-06-26T17:00,39.514900000000004
2024-06-26T18:00,37.5477
2024-06-26T19:00,37.1644
2024-06-26T20:00,36.8198
2024-06-26T21:00,36.3945
2024-06-26T22:00,35.91720000000001
2024-06-26T23:00,35.512100000000004
2024-06-27T00:00,34.9099
2024-06-27T01:00,34.1602
2024-06-27T02:00,31.8906
2024-06-27T03:00,31.6569
2024-06-27T04:00,30.6797
2024-06-27T05:00,30.8648
2024-06-27T06:00,32.4483
2024-06-27T07:00,32.515100000000004
2024-06-27T08:00,32.906
2024-06-27T09:00,34.4865
2024-06-27T10:00,35.46810000000001
2024-06-27T11:00,36.8778
2024-06-27T12:00,37.546
2024-06-27T13:00,37.9007
2024-06-27T14:00,38.1534
2024-06-27T15:00,37.451100000000004
2024-06-27T16:00,37.232000000000006
2024-06-27T17:00,37.12
2024-06-27T18:00,36.31869999999999
2024-06-27T19:00,35.9804
2024-06-27T20:00,35.6382
2024-06-27T21:00,35.6072
2024-06-27T22:00,35.5847
2024-06-27T23:00,35.0508
2024-06-28T00:00,34.739000000000004
2024-06-28T01:00,34.365700000000004
2024-06-28T02:00,34.1141
2024-06-28T03:00,32.116
2024-06-28T04:00,32.4407
2024-06-28T05:00,31.983700000000006
2024-06-28T06:00,33.2753
2024-06-28T07:00,33.4989
2024-06-28T08:00,33.9414
2024-06-28T09:00,34.6571
2024-06-28T10:00,35.4262
2024-06-28T11:00,36.29749999999999
2024-06-28T12:00,36.583299999999994
2024-06-28T13:00,37.225899999999996
2024-06-28T14:00,37.6332
2024-06-28T15:00,37.8155
2024-06-28T16:00,37.848600000000005
2024-06-28T17:00,37.559
2024-06-28T18:00,37.8145
2024-06-28T19:00,36.8421
2024-06-28T20:00,36.309799999999996
2024-06-28T21:00,36.0328
2024-06-28T22:00,34.496900000000004
2024-06-28T23:00,34.4548
2024-06-29T00:00,34.1717
2024-06-29T01:00,34.0313
2024-06-29T02:00,33.73250000000001
2024-06-29T03:00,33.3219
2024-06-29T04:00,32.888200000000005
2024-06-29T05:00,32.6173
2024-06-29T06:00,33.9089
2024-06-29T07:00,33.84500000000001
2024-06-29T08:00,34.3552
2024-06-29T09:00,35.6035
2024-06-29T10:00,37.3443
2024-06-29T11:00,38.7246
2024-06-29T12:00,38.685500000000005
2024-06-29T13:00,38.316500000000005
2024-06-29T14:00,37.7285
2024-06-29T15:00,37.606300000000005
2024-06-29T16:00,37.81490000000001
2024-06-29T17:00,37.4866
2024-06-29T18:00,37.1152
2024-06-29T19:00,37.2251
2024-06-29T20:00,36.477500000000006
2024-06-29T21:00,35.8878
2024-06-29T22:00,35.520100000000006
2024-06-29T23:00,35.0112
2024-06-30T00:00,34.582
2024-06-30T01:00,33.964
2024-06-30T02:00,33.9694
2024-06-30T03:00,33.362300000000005
2024-06-30T04:00,33.113
2024-06-30T05:00,32.482200000000006
2024-06-30T06:00,32.3906
2024-06-30T07:00,33.3277
2024-06-30T08:00,34.758500000000005
2024-06-30T09:00,36.073699999999995
2024-06-30T10:00,37.09720000000001
2024-06-30T11:00,38.8933
2024-06-30T12:00,39.9161
2024-06-30T13:00,39.7524
2024-06-30T14:00,39.6088
2024-06-30T15:00,39.4157
2024-06-30T16:00,39.1424
2024-06-30T17:00,38.805099999999996
2024-06-30T18:00,37.3075
2024-06-30T19:00,36.6636
2024-06-30T20:00,36.118300000000005
2024-06-30T21:00,35.623400000000004
2024-06-30T22:00,34.766
2024-06-30T23:00,33.6634
2024-07-01T00:00,32.559
2024-07-01T01:00,32.4418
2024-07-01T02:00,31.506600000000002
2024-07-01T03:00,32.0122
2024-07-01T04:00,31.352899999999998
2024-07-01T05:00,31.407400000000006
2024-07-01T06:00,33.918
2024-07-01T07:00,33.945299999999996
2024-07-01T08:00,34.4378
2024-07-01T09:00,35.6142
2024-07-01T10:00,37.184000000000005
2024-07-01T11:00,39.054
2024-07-01T12:00,37.979800000000004
2024-07-01T13:00,37.5966
2024-07-01T14:00,38.150400000000005
2024-07-01T15:00,37.849599999999995
2024-07-01T16:00,37.5452
2024-07-01T17:00,37.3657
2024-07-01T18:00,37.0249
2024-07-01T19:00,36.5306
2024-07-01T20:00,36.486000000000004
2024-07-01T21:00,35.9114
2024-07-01T22:00,35.3264
2024-07-01T23:00,34.341800000000006
2024-07-02T00:00,33.7164
2024-07-02T01:00,33.2153
2024-07-02T02:00,32.6233
2024-07-02T03:00,32.4787
2024-07-02T04:00,32.434400000000004
2024-07-02T05:00,32.0549
2024-07-02T06:00,33.7934
2024-07-02T07:00,33.7237
2024-07-02T08:00,33.6972
2024-07-02T09:00,34.2127
2024-07-02T10:00,34.225500000000004
2024-07-02T11:00,35.357099999999996
2024-07-02T12:00,35.758700000000005
2024-07-02T13:00,37.1366
2024-07-02T14:00,37.67900000000001
2024-07-02T15:00,38.352199999999996
2024-07-02T16:00,38.6633
2024-07-02T17:00,38.72710000000001
2024-07-02T18:00,36.9322
2024-07-02T19:00,35.7909
2024-07-02T20:00,34.719100000000005
2024-07-02T21:00,34.3498
2024-07-02T22:00,34.3782
2024-07-02T23:00,33.6595
2024-07-03T00:00,32.9609
2024-07-03T01:00,31.941499999999998
2024-07-03T02:00,32.438100000000006
2024-07-03T03:00,32.4739
2024-07-03T04:00,32.359
2024-07-03T05:00,32.233200000000004
2024-07-03T06:00,34.7634
2024-07-03T07:00,35.7028
2024-07-03T08:00,36.52530000000001
2024-07-03T09:00,37.1587
2024-07-03T10:00,36.8885
2024-07-03T11:00,36.9212
2024-07-03T12:00,37.073800000000006
2024-07-03T13:00,37.3444
2024-07-03T14:00,37.9846
2024-07-03T15:00,37.7963
2024-07-03T16:00,37.4694
2024-07-03T17:00,37.155
2024-07-03T18:00,34.5364
2024-07-03T19:00,34.2562
2024-07-03T20:00,33.98760000000001
2024-07-03T21:00,33.810500000000005
2024-07-03T22:00,33.9764
2024-07-03T23:00,33.6283
2024-07-04T00:00,33.239200000000004
2024-07-04T01:00,32.6839
2024-07-04T02:00,32.2541
2024-07-04T03:00,31.9019
2024-07-04T04:00,31.544900000000002
2024-07-04T05:00,31.5583
2024-07-04T06:00,31.9604
2024-07-04T07:00,32.3671
2024-07-04T08:00,32.9383
2024-07-04T09:00,34.0549
2024-07-04T10:00,35.0632
2024-07-04T11:00,36.1547
2024-07-04T12:00,36.8862
2024-07-04T13:00,37.0253
2024-07-04T14:00,36.818400000000004
2024-07-04T15:00,37.3143
2024-07-04T16:00,37.5803
2024-07-04T17:00,36.992900000000006
2024-07-04T18:00,35.815000000000005
2024-07-04T19:00,35.3571
2024-07-04T20:00,34.4043
2024-07-04T21:00,34.1507
2024-07-04T22:00,33.847300000000004
2024-07-04T23:00,33.6075
2024-07-05T00:00,33.4801
2024-07-05T01:00,33.3023
2024-07-05T02:00,32.787800000000004
2024-07-05T03:00,32.49059999999999
2024-07-05T04:00,32.2105
2024-07-05T05:00,31.9582
2024-07-05T06:00,32.3115
2024-07-05T07:00,32.7995
2024-07-05T08:00,33.272800000000004
2024-07-05T09:00,33.107099999999996
2024-07-05T10:00,33.010400000000004
2024-07-05T11:00,34.46019999999999
2024-07-05T12:00,34.49
2024-07-05T13:00,36.0771
2024-07-05T14:00,36.134
2024-07-05T15:00,36.318299999999994
2024-07-05T16:00,35.1368
2024-07-05T17:00,34.1642
2024-07-05T18:00,33.3114
2024-07-05T19:00,32.5163
2024-07-05T20:00,31.830299999999998
2024-07-05T21:00,31.531800000000004
2024-07-05T22:00,31.413099999999996
2024-07-05T23:00,31.364800000000002
2024-07-06T00:00,31.456399999999995
2024-07-06T01:00,31.3803
2024-07-06T02:00,31.1064
2024-07-06T03:00,31.166900000000002
2024-07-06T04:00,31.7122
2024-07-06T05:00,31.952800000000003
2024-07-06T06:00,31.987099999999998
2024-07-06T07:00,32.6017
2024-07-06T08:00,33.9992
2024-07-06T09:00,34.5987
2024-07-06T10:00,36.0525
2024-07-06T11:00,36.6983
2024-07-06T12:00,35.769800000000004
2024-07-06T13:00,37.973600000000005
2024-07-06T14:00,37.0946
2024-07-06T15:00,35.9812
2024-07-06T16:00,35.1282
2024-07-06T17:00,34.7026
2024-07-06T18:00,32.636199999999995
2024-07-06T19:00,32.3083
2024-07-06T20:00,31.741300000000003
2024-07-06T21:00,31.7801
2024-07-06T22:00,31.789300000000004
2024-07-06T23:00,31.779899999999998
2024-07-07T00:00,31.6139
2024-07-07T01:00,31.800700000000003
2024-07-07T02:00,31.4889
2024-07-07T03:00,31.443
2024-07-07T04:00,31.3795
2024-07-07T05:00,31.0171
2024-07-07T06:00,30.7755
2024-07-07T07:00,31.589300000000005
2024-07-07T08:00,32.5601
2024-07-07T09:00,33.4855
2024-07-07T10:00,35.08220000000001
2024-07-07T11:00,36.476000000000006
2024-07-07T12:00,36.71750000000001
2024-07-07T13:00,36.495599999999996
2024-07-07T14:00,37.1196
2024-07-07T15:00,37.390100000000004
2024-07-07T16:00,36.6294
2024-07-07T17:00,35.40090000000001
2024-07-07T18:00,33.5402
2024-07-07T19:00,32.7564
2024-07-07T20:00,32.1123
2024-07-07T21:00,31.7755
2024-07-07T22:00,31.658199999999997
2024-07-07T23:00,31.600099999999998
2024-07-08T00:00,31.499200000000002
2024-07-08T01:00,31.588399999999996
2024-07-08T02:00,31.3386
2024-07-08T03:00,31.1122
2024-07-08T04:00,31.4504
2024-07-08T05:00,31.325400000000002
2024-07-08T06:00,32.0369
2024-07-08T07:00,33.0323
2024-07-08T08:00,33.774100000000004
2024-07-08T09:00,35.015899999999995
2024-07-08T10:00,36.404900000000005
2024-07-08T11:00,37.4764
2024-07-08T12:00,38.86319999999999
2024-07-08T13:00,39.0084
2024-07-08T14:00,38.34530000000001
2024-07-08T15:00,38.059999999999995
2024-07-08T16:00,37.5567
2024-07-08T17:00,37.525600000000004
2024-07-08T18:00,35.967000000000006
2024-07-08T19:00,35.132600000000004
2024-07-08T20:00,34.8656
2024-07-08T21:00,34.69160000000001
2024-07-08T22:00,34.400600000000004
2024-07-08T23:00,33.9234
2024-07-09T00:00,33.429199999999994
2024-07-09T01:00,32.917100000000005
2024-07-09T02:00,32.8326
2024-07-09T03:00,32.73480000000001
2024-07-09T04:00,32.675000000000004
2024-07-09T05:00,32.8069
2024-07-09T06:00,34.8516
2024-07-09T07:00,36.1809
2024-07-09T08:00,36.807199999999995
2024-07-09T09:00,38.3313
2024-07-09T10:00,39.28
2024-07-09T11:00,39.8568
2024-07-09T12:00,39.99820000000001
2024-07-09T13:00,39.9012
2024-07-09T14:00,39.724700000000006
2024-07-09T15:00,40.1266
2024-07-09T16:00,40.430600000000005
2024-07-09T17:00,40.2939
2024-07-09T18:00,38.2645
2024-07-09T19:00,37.6073
2024-07-09T20:00,36.7622
2024-07-09T21:00,36.5015
2024-07-09T22:00,36.0283
2024-07-09T23:00,35.5143
2024-07-10T00:00,35.4484
2024-07-10T01:00,35.2575
2024-07-10T02:00,35.197100000000006
2024-07-10T03:00,34.702600000000004
2024-07-10T04:00,33.5142
2024-07-10T05:00,32.0827
2024-07-10T06:00,34.1684
2024-07-10T07:00,35.2645
2024-07-10T08:00,36.728
2024-07-10T09:00,38.2235
2024-07-10T10:00,40.2642
2024-07-10T11:00,41.539500000000004
2024-07-10T12:00,41.7355
2024-07-10T13:00,41.900800000000004
2024-07-10T14:00,41.801700000000004
2024-07-10T15:00,41.37630000000001
2024-07-10T16:00,40.7308
2024-07-10T17:00,40.2041
2024-07-10T18:00,39.1998
2024-07-10T19:00,38.6734
2024-07-10T20:00,37.878899999999994
2024-07-10T21:00,37.2471
2024-07-10T22:00,34.906200000000005
2024-07-10T23:00,34.4134
2024-07-11T00:00,34.0382
2024-07-11T01:00,34.1118
2024-07-11T02:00,33.9852
2024-07-11T03:00,34.0458
2024-07-11T04:00,33.274300000000004
2024-07-11T05:00,32.7241
2024-07-11T06:00,33.239900000000006
2024-07-11T07:00,33.904799999999994
2024-07-11T08:00,35.9321
2024-07-11T09:00,37.6473
2024-07-11T10:00,40.0146
2024-07-11T11:00,40.986900000000006
2024-07-11T12:00,41.49119999999999
2024-07-11T13:00,41.5478
2024-07-11T14:00,41.348
2024-07-11T15:00,40.326899999999995
2024-07-11T16:00,39.2597
2024-07-11T17:00,39.2481
2024-07-11T18:00,39.0193
2024-07-11T19:00,37.7764
2024-07-11T20:00,37.3108
2024-07-11T21:00,33.143299999999996
2024-07-11T22:00,34.1872
2024-07-11T23:00,34.1815
2024-07-12T00:00,33.966699999999996
2024-07-12T01:00,33.5917
2024-07-12T02:00,33.723600000000005
2024-07-12T03:00,33.709700000000005
2024-07-12T04:00,33.494
2024-07-12T05:00,33.129400000000004
2024-07-12T06:00,32.0674
2024-07-12T07:00,33.5292
2024-07-12T08:00,34.8023
2024-07-12T09:00,36.1368
2024-07-12T10:00,38.225
2024-07-12T11:00,39.64240000000001
2024-07-12T12:00,40.8521
2024-07-12T13:00,40.640800000000006
2024-07-12T14:00,41.3562
2024-07-12T15:00,40.833200000000005
2024-07-12T16:00,38.418800000000005
2024-07-12T17:00,36.5595
2024-07-12T18:00,37.589999999999996
2024-07-12T19:00,36.594500000000004
2024-07-12T20:00,35.8798
2024-07-12T21:00,35.5431
2024-07-12T22:00,35.465900000000005
2024-07-12T23:00,34.7495
2024-07-13T00:00,34.2146
2024-07-13T01:00,33.575100000000006
2024-07-13T02:00,33.436
2024-07-13T03:00,33.3981
2024-07-13T04:00,33.256
2024-07-13T05:00,32.7875
2024-07-13T06:00,31.5027
2024-07-13T07:00,32.811400000000006
2024-07-13T08:00,34.247600000000006
2024-07-13T09:00,36.363299999999995
2024-07-13T10:00,37.8438
2024-07-13T11:00,38.5974
2024-07-13T12:00,39.4731
2024-07-13T13:00,39.9365
2024-07-13T14:00,39.7935
2024-07-13T15:00,39.6069
2024-07-13T16:00,39.4765
2024-07-13T17:00,39.222
2024-07-13T18:00,37.713800000000006
2024-07-13T19:00,37.08389999999999
2024-07-13T20:00,36.171400000000006
2024-07-13T21:00,36.0319
2024-07-13T22:00,35.79370000000001
2024-07-13T23:00,35.72880000000001
2024-07-14T00:00,35.252700000000004
2024-07-14T01:00,34.498400000000004
2024-07-14T02:00,34.6001
2024-07-14T03:00,34.2214
2024-07-14T04:00,33.9204
2024-07-14T05:00,33.5029
2024-07-14T06:00,34.694500000000005
2024-07-14T07:00,35.5581
2024-07-14T08:00,36.38080000000001
2024-07-14T09:00,37.571799999999996
2024-07-14T10:00,38.88249999999999
2024-07-14T11:00,40.409000000000006
2024-07-14T12:00,40.688
2024-07-14T13:00,41.4167
2024-07-14T14:00,40.5617
2024-07-14T15:00,39.445
2024-07-14T16:00,39.3601
2024-07-14T17:00,38.7766
2024-07-14T18:00,38.161300000000004
2024-07-14T19:00,37.4467
2024-07-14T20:00,36.87070000000001
2024-07-14T21:00,36.4533
2024-07-14T22:00,36.147600000000004
2024-07-14T23:00,35.7535
2024-07-15T00:00,35.5462
2024-07-15T01:00,34.8315
2024-07-15T02:00,33.9504
2024-07-15T03:00,30.6994
2024-07-15T04:00,31.114499999999996
2024-07-15T05:00,30.776200000000006
2024-07-15T06:00,32.4183
2024-07-15T07:00,33.459700000000005
2024-07-15T08:00,34.7531
2024-07-15T09:00,35.953500000000005
2024-07-15T10:00,37.44670000000001
2024-07-15T11:00,38.2944
2024-07-15T12:00,38.6287
2024-07-15T13:00,38.5687
2024-07-15T14:00,39.9697
2024-07-15T15:00,39.6353
2024-07-15T16:00,39.4109
2024-07-15T17:00,38.1227
2024-07-15T18:00,37.490899999999996
2024-07-15T19:00,36.897400000000005
2024-07-15T20:00,36.489200000000004
2024-07-15T21:00,35.9902
2024-07-15T22:00,35.5309
2024-07-15T23:00,35.2461
2024-07-16T00:00,35.0319
2024-07-16T01:00,34.7899
2024-07-16T02:00,33.5768
2024-07-16T03:00,33.4989
2024-07-16T04:00,32.77440000000001
2024-07-16T05:00,32.5602
2024-07-16T06:00,33.9782
2024-07-16T07:00,35.2389
2024-07-16T08:00,36.0434
2024-07-16T09:00,37.0289
2024-07-16T10:00,38.5133
2024-07-16T11:00,39.7836
2024-07-16T12:00,40.842699999999994
2024-07-16T13:00,40.72800000000001
2024-07-16T14:00,40.7156
2024-07-16T15:00,40.067600000000006
2024-07-16T16:00,39.5307
2024-07-16T17:00,39.2135
2024-07-16T18:00,38.5521
2024-07-16T19:00,37.5434
2024-07-16T20:00,36.887600000000006
2024-07-16T21:00,36.2474
2024-07-16T22:00,35.811400000000006
2024-07-16T23:00,35.432
2024-07-17T00:00,35.0985
2024-07-17T01:00,34.6529
2024-07-17T02:00,34.2897
2024-07-17T03:00,33.819500000000005
2024-07-17T04:00,33.5534
2024-07-17T05:00,33.42230000000001
2024-07-17T06:00,34.616499999999995
2024-07-17T07:00,35.1162
2024-07-17T08:00,36.0366
2024-07-17T09:00,37.4132
2024-07-17T10:00,38.89829999999999
2024-07-17T11:00,39.515800000000006
2024-07-17T12:00,40.406800000000004
2024-07-17T13:00,40.805
2024-07-17T14:00,40.2468
2024-07-17T15:00,40.322900000000004
2024-07-17T16:00,40.11579999999999
2024-07-17T17:00,39.9039
2024-07-17T18:00,38.2824
2024-07-17T19:00,37.31170000000001
2024-07-17T20:00,36.840700000000005
2024-07-17T21:00,36.5101
2024-07-17T22:00,36.2323
2024-07-17T23:00,35.994
2024-07-18T00:00,35.7899
2024-07-18T01:00,35.297200000000004
2024-07-18T02:00,34.387
2024-07-18T03:00,34.284
2024-07-18T04:00,34.0217
2024-07-18T05:00,34.1405
2024-07-18T06:00,36.0414
2024-07-18T07:00,36.9935
2024-07-18T08:00,38.3103
2024-07-18T09:00,39.2966
2024-07-18T10:00,40.7274
2024-07-18T11:00,41.77720000000001
2024-07-18T12:00,41.578900000000004
2024-07-18T13:00,41.320100000000004
2024-07-18T14:00,41.6307
2024-07-18T15:00,41.555400000000006
2024-07-18T16:00,40.798899999999996
2024-07-18T17:00,40.5725
2024-07-18T18:00,39.1935
2024-07-18T19:00,37.949099999999994
2024-07-18T20:00,37.306700000000006
2024-07-18T21:00,36.8572
2024-07-18T22:00,36.4273
2024-07-18T23:00,36.1348
2024-07-19T00:00,35.8762
2024-07-19T01:00,35.41120000000001
2024-07-19T02:00,35.2528
2024-07-19T03:00,34.6714
2024-07-19T04:00,33.7904
2024-07-19T05:00,32.901799999999994
2024-07-19T06:00,33.894600000000004
2024-07-19T07:00,34.4439
2024-07-19T08:00,35.444
2024-07-19T09:00,36.43110000000001
2024-07-19T10:00,37.3438
2024-07-19T11:00,39.0097
2024-07-19T12:00,40.1465
2024-07-19T13:00,40.5016
2024-07-19T14:00,40.5977
2024-07-19T15:00,40.6236
2024-07-19T16:00,40.268100000000004
2024-07-19T17:00,39.796400000000006
2024-07-19T18:00,37.814
2024-07-19T19:00,36.9209
2024-07-19T20:00,36.3638
2024-07-19T21:00,36.0037
2024-07-19T22:00,35.8913
2024-07-19T23:00,35.4954
2024-07-20T00:00,35.058400000000006
2024-07-20T01:00,34.561099999999996
2024-07-20T02:00,33.815200000000004
2024-07-20T03:00,33.908500000000004
2024-07-20T04:00,33.8069
2024-07-20T05:00,33.675
2024-07-20T06:00,34.968700000000005
2024-07-20T07:00,35.9518
2024-07-20T08:00,37.0955
2024-07-20T09:00,38.0188
2024-07-20T10:00,38.769999999999996
2024-07-20T11:00,40.6934
2024-07-20T12:00,41.7672
2024-07-20T13:00,41.822199999999995
2024-07-20T14:00,41.7912
2024-07-20T15:00,41.299899999999994
2024-07-20T16:00,40.9391
2024-07-20T17:00,40.7427
2024-07-20T18:00,39.720600000000005
2024-07-20T19:00,38.5326
2024-07-20T20:00,37.469500000000004
2024-07-20T21:00,36.709300000000006
2024-07-20T22:00,36.367999999999995
2024-07-20T23:00,36.205
2024-07-21T00:00,35.960300000000004
2024-07-21T01:00,35.6607
2024-07-21T02:00,35.3791
2024-07-21T03:00,35.162600000000005
2024-07-21T04:00,34.946799999999996
2024-07-21T05:00,34.0884
2024-07-21T06:00,34.7478
2024-07-21T07:00,35.344300000000004
2024-07-21T08:00,36.381
2024-07-21T09:00,37.738
2024-07-21T10:00,38.932
2024-07-21T11:00,37.7695
2024-07-21T12:00,39.38250000000001
2024-07-21T13:00,41.20290000000001
2024-07-21T14:00,40.8534
2024-07-21T15:00,40.2002
2024-07-21T16:00,39.8874
2024-07-21T17:00,39.605000000000004
2024-07-21T18:00,38.38980000000001
2024-07-21T19:00,37.5433
2024-07-21T20:00,37.0507
2024-07-21T21:00,36.551100000000005
2024-07-21T22:00,36.1615
2024-07-21T23:00,35.5786
2024-07-22T00:00,35.4893
2024-07-22T01:00,35.0961
2024-07-22T02:00,34.854
2024-07-22T03:00,34.6445
2024-07-22T04:00,34.4039
2024-07-22T05:00,34.1655
2024-07-22T06:00,35.259100000000004
2024-07-22T07:00,35.4296
2024-07-22T08:00,35.9488
2024-07-22T09:00,36.6617
2024-07-22T10:00,37.5656
2024-07-22T11:00,39.8928
2024-07-22T12:00,40.7173
2024-07-22T13:00,40.8938
2024-07-22T14:00,40.867900000000006
2024-07-22T15:00,40.425200000000004
2024-07-22T16:00,40.0176
2024-07-22T17:00,39.2984
2024-07-22T18:00,37.5756
2024-07-22T19:00,36.937000000000005
2024-07-22T20:00,36.3425
2024-07-22T21:00,35.9243
2024-07-22T22:00,35.6519
2024-07-22T23:00,35.329
2024-07-23T00:00,35.0939
2024-07-23T01:00,34.993
2024-07-23T02:00,34.641299999999994
2024-07-23T03:00,34.4046
2024-07-23T04:00,33.6215
2024-07-23T05:00,32.947100000000006
2024-07-23T06:00,33.3897
2024-07-23T07:00,34.1783
2024-07-23T08:00,35.265100000000004
2024-07-23T09:00,36.8934
2024-07-23T10:00,38.509100000000004
2024-07-23T11:00,39.1961
2024-07-23T12:00,40.6894
2024-07-23T13:00,41.244099999999996
2024-07-23T14:00,41.09610000000001
2024-07-23T15:00,40.7385
2024-07-23T16:00,39.557500000000005
2024-07-23T17:00,39.542699999999996
2024-07-23T18:00,37.946400000000004
2024-07-23T19:00,37.040200000000006
2024-07-23T20:00,36.4913
2024-07-23T21:00,36.090500000000006
2024-07-23T22:00,35.9874
2024-07-23T23:00,34.8778
2024-07-24T00:00,34.3873
2024-07-24T01:00,33.9585
2024-07-24T02:00,33.6818
2024-07-24T03:00,33.4709
2024-07-24T04:00,33.30460000000001
2024-07-24T05:00,33.21
2024-07-24T06:00,33.999100000000006
2024-07-24T07:00,34.138000000000005
2024-07-24T08:00,35.015600000000006
2024-07-24T09:00,35.4855
2024-07-24T10:00,36.427699999999994
2024-07-24T11:00,36.9224
2024-07-24T12:00,37.653
2024-07-24T13:00,39.6045
2024-07-24T14:00,39.7221
2024-07-24T15:00,39.81569999999999
2024-07-24T16:00,39.4336
2024-07-24T17:00,38.9236
2024-07-24T18:00,37.7971
2024-07-24T19:00,37.1238
2024-07-24T20:00,36.732800000000005
2024-07-24T21:00,36.4914
2024-07-24T22:00,36.05929999999999
2024-07-24T23:00,35.6705
2024-07-25T00:00,35.0505
2024-07-25T01:00,34.518100000000004
2024-07-25T02:00,34.19199999999999
2024-07-25T03:00,33.7737
2024-07-25T04:00,33.3999
2024-07-25T05:00,33.3393
2024-07-25T06:00,34.5298
2024-07-25T07:00,35.2266
2024-07-25T08:00,36.511399999999995
2024-07-25T09:00,37.4444
2024-07-25T10:00,38.795899999999996
2024-07-25T11:00,39.6409
2024-07-25T12:00,40.884600000000006
2024-07-25T13:00,41.6244
2024-07-25T14:00,41.3061
2024-07-25T15:00,41.0167
2024-07-25T16:00,40.898
2024-07-25T17:00,39.016000000000005
2024-07-25T18:00,38.5715
2024-07-25T19:00,38.3183
2024-07-25T20:00,37.9234
2024-07-25T21:00,36.6208
2024-07-25T22:00,35.691700000000004
2024-07-25T23:00,35.446600000000004
2024-07-26T00:00,34.917300000000004
2024-07-26T01:00,34.6058
2024-07-26T02:00,34.166599999999995
2024-07-26T03:00,34.3085
2024-07-26T04:00,34.018
2024-07-26T05:00,33.787
2024-07-26T06:00,34.17380000000001
2024-07-26T07:00,34.4865
2024-07-26T08:00,35.781
2024-07-26T09:00,37.069300000000005
2024-07-26T10:00,38.2293
2024-07-26T11:00,39.4488
2024-07-26T12:00,40.9295
2024-07-26T13:00,40.55140000000001
2024-07-26T14:00,39.32520000000001
2024-07-26T15:00,38.586999999999996
2024-07-26T16:00,38.995900000000006
2024-07-26T17:00,38.5028
2024-07-26T18:00,38.733399999999996
2024-07-26T19:00,37.82710000000001
2024-07-26T20:00,37.044700000000006
2024-07-26T21:00,36.129000000000005
2024-07-26T22:00,35.7341
2024-07-26T23:00,35.647400000000005
2024-07-27T00:00,35.7986
2024-07-27T01:00,35.43880000000001
2024-07-27T02:00,35.4531
2024-07-27T03:00,35.22880000000001
2024-07-27T04:00,35.03490000000001
2024-07-27T05:00,34.881299999999996
2024-07-27T06:00,36.31680000000001
2024-07-27T07:00,37.288199999999996
2024-07-27T08:00,38.3318
2024-07-27T09:00,39.0678
2024-07-27T10:00,40.110800000000005
2024-07-27T11:00,40.7783
2024-07-27T12:00,39.44630000000001
2024-07-27T13:00,38.3624
2024-07-27T14:00,38.049499999999995
2024-07-27T15:00,38.425999999999995
2024-07-27T16:00,38.7396
2024-07-27T17:00,38.768499999999996
2024-07-27T18:00,39.60680000000001
2024-07-27T19:00,39.1907
2024-07-27T20:00,38.697
2024-07-27T21:00,37.4178
2024-07-27T22:00,37.3913
2024-07-27T23:00,37.361
2024-07-28T00:00,37.048300000000005
2024-07-28T01:00,36.6673
2024-07-28T02:00,36.114000000000004
2024-07-28T03:00,35.5163
2024-07-28T04:00,35.0437
2024-07-28T05:00,34.645599999999995
2024-07-28T06:00,35.3019
2024-07-28T07:00,36.143
2024-07-28T08:00,37.054899999999996
2024-07-28T09:00,37.937200000000004
2024-07-28T10:00,38.7521
2024-07-28T11:00,37.86860000000001
2024-07-28T12:00,37.870799999999996
2024-07-28T13:00,39.5578
2024-07-28T14:00,40.9718
2024-07-28T15:00,40.2839
2024-07-28T16:00,39.689600000000006
2024-07-28T17:00,39.435199999999995
2024-07-28T18:00,38.0608
2024-07-28T19:00,37.3875
2024-07-28T20:00,36.8995
2024-07-28T21:00,36.5379
2024-07-28T22:00,36.174800000000005
2024-07-28T23:00,35.69990000000001
2024-07-29T00:00,35.3453
2024-07-29T01:00,35.0233
2024-07-29T02:00,34.788199999999996
2024-07-29T03:00,34.546099999999996
2024-07-29T04:00,34.391600000000004
2024-07-29T05:00,34.0253
2024-07-29T06:00,34.8108
2024-07-29T07:00,35.5899
2024-07-29T08:00,36.59
2024-07-29T09:00,37.5126
2024-07-29T10:00,38.9972
2024-07-29T11:00,40.406800000000004
2024-07-29T12:00,41.307900000000004
2024-07-29T13:00,41.325700000000005
2024-07-29T14:00,40.4041
2024-07-29T15:00,40.130700000000004
2024-07-29T16:00,39.5567
2024-07-29T17:00,39.3659
2024-07-29T18:00,39.423700000000004
2024-07-29T19:00,38.6601
2024-07-29T20:00,38.1102
2024-07-29T21:00,37.8146
2024-07-29T22:00,37.629999999999995
2024-07-29T23:00,37.0571
2024-07-30T00:00,36.632200000000005
2024-07-30T01:00,36.1516
2024-07-30T02:00,35.712900000000005
2024-07-30T03:00,35.366200000000006
2024-07-30T04:00,34.828199999999995
2024-07-30T05:00,34.4821
2024-07-30T06:00,36.513200000000005
2024-07-30T07:00,37.397000000000006
2024-07-30T08:00,38.560900000000004
2024-07-30T09:00,39.5131
2024-07-30T10:00,40.894400000000005
2024-07-30T11:00,42.1871
2024-07-30T12:00,42.321400000000004
2024-07-30T13:00,42.0743
2024-07-30T14:00,42.85300000000001
2024-07-30T15:00,42.410599999999995
2024-07-30T16:00,41.996700000000004
2024-07-30T17:00,41.59320000000001
2024-07-30T18:00,40.0902
2024-07-30T19:00,39.066
2024-07-30T20:00,38.1595
2024-07-30T21:00,37.711000000000006
2024-07-30T22:00,36.7876
2024-07-30T23:00,36.263200000000005
2024-07-31T00:00,35.664100000000005
2024-07-31T01:00,35.2427
2024-07-31T02:00,35.073499999999996
2024-07-31T03:00,34.8711
2024-07-31T04:00,34.1024
2024-07-31T05:00,33.7401
2024-07-31T06:00,34.720600000000005
2024-07-31T07:00,34.706700000000005
2024-07-31T08:00,35.775800000000004
2024-07-31T09:00,36.771300000000004
2024-07-31T10:00,37.94510000000001
2024-07-31T11:00,39.9191
2024-07-31T12:00,41.4345
2024-07-31T13:00,42.3691
2024-07-31T14:00,42.33970000000001
2024-07-31T15:00,41.6004
2024-07-31T16:00,40.277899999999995
2024-07-31T17:00,38.79840000000001
2024-07-31T18:00,39.363
2024-07-31T19:00,34.9909
2024-07-31T20:00,34.1884
2024-07-31T21:00,33.6737
2024-07-31T22:00,33.3129
2024-07-31T23:00,32.4536
2024-08-01T00:00,32.5251
2024-08-01T01:00,32.993399999999994
2024-08-01T02:00,33.2964
2024-08-01T03:00,32.7423
2024-08-01T04:00,32.216499999999996
2024-08-01T05:00,32.255300000000005
2024-08-01T06:00,32.1471
2024-08-01T07:00,33.0109
2024-08-01T08:00,33.9739
2024-08-01T09:00,34.8967
2024-08-01T10:00,36.0818
2024-08-01T11:00,36.9026
2024-08-01T12:00,37.2794
2024-08-01T13:00,37.55239999999999
2024-08-01T14:00,37.4149
2024-08-01T15:00,37.5377
2024-08-01T16:00,37.1826
2024-08-01T17:00,36.508100000000006
2024-08-01T18:00,36.1127
2024-08-01T19:00,35.4968
2024-08-01T20:00,34.0512
2024-08-01T21:00,33.955
2024-08-01T22:00,33.8053
2024-08-01T23:00,33.6088
2024-08-02T00:00,33.6653
2024-08-02T01:00,33.2301
2024-08-02T02:00,32.5274
2024-08-02T03:00,31.817600000000002
2024-08-02T04:00,31.746299999999998
2024-08-02T05:00,31.8719
2024-08-02T06:00,32.0292
2024-08-02T07:00,32.5714
2024-08-02T08:00,33.26970000000001
2024-08-02T09:00,34.6099
2024-08-02T10:00,35.534800000000004
2024-08-02T11:00,36.0179
2024-08-02T12:00,35.8573
2024-08-02T13:00,36.7567
2024-08-02T14:00,37.049800000000005
2024-08-02T15:00,36.8293
2024-08-02T16:00,36.1304
2024-08-02T17:00,35.57059999999999
2024-08-02T18:00,34.662800000000004
2024-08-02T19:00,34.234300000000005
2024-08-02T20:00,33.8898
2024-08-02T21:00,33.965
2024-08-02T22:00,33.6706
2024-08-02T23:00,33.233599999999996
2024-08-03T00:00,32.6364
2024-08-03T01:00,32.5868
2024-08-03T02:00,32.3896
2024-08-03T03:00,32.0024
2024-08-03T04:00,31.7728
2024-08-03T05:00,31.422800000000002
2024-08-03T06:00,31.9378
2024-08-03T07:00,32.3731
2024-08-03T08:00,33.0675
2024-08-03T09:00,33.9642
2024-08-03T10:00,34.6245
2024-08-03T11:00,34.676500000000004
2024-08-03T12:00,35.621500000000005
2024-08-03T13:00,36.3759
2024-08-03T14:00,34.916500000000006
2024-08-03T15:00,35.1926
2024-08-03T16:00,35.0992
2024-08-03T17:00,35.06420000000001
2024-08-03T18:00,33.8716
2024-08-03T19:00,33.1259
2024-08-03T20:00,32.8032
2024-08-03T21:00,32.668299999999995
2024-08-03T22:00,32.0042
2024-08-03T23:00,31.5968
2024-08-04T00:00,31.3082
2024-08-04T01:00,31.049800000000005
2024-08-04T02:00,30.933399999999995
2024-08-04T03:00,30.706799999999998
2024-08-04T04:00,30.514300000000002
2024-08-04T05:00,30.3668
2024-08-04T06:00,30.751199999999997
2024-08-04T07:00,30.797700000000003
2024-08-04T08:00,31.5271
2024-08-04T09:00,32.2055
2024-08-04T10:00,32.893
2024-08-04T11:00,34.06420000000001
2024-08-04T12:00,35.15
2024-08-04T13:00,35.86220000000001
2024-08-04T14:00,36.054
2024-08-04T15:00,35.1704
2024-08-04T16:00,35.0516
2024-08-04T17:00,35.2883
2024-08-04T18:00,33.8668
2024-08-04T19:00,33.0654
2024-08-04T20:00,32.8103
2024-08-04T21:00,32.6318
2024-08-04T22:00,32.0824
2024-08-04T23:00,31.767599999999998
2024-08-05T00:00,31.240799999999997
2024-08-05T01:00,31.093500000000002
2024-08-05T02:00,30.866100000000003
2024-08-05T03:00,30.5465
2024-08-05T04:00,30.432399999999998
2024-08-05T05:00,30.2182
2024-08-05T06:00,30.9462
2024-08-05T07:00,30.991300000000003
2024-08-05T08:00,31.3824
2024-08-05T09:00,32.1298
2024-08-05T10:00,34.0852
2024-08-05T11:00,34.581
2024-08-05T12:00,35.9044
2024-08-05T13:00,37.184000000000005
2024-08-05T14:00,37.3704
2024-08-05T15:00,36.8325
2024-08-05T16:00,36.631600000000006
2024-08-05T17:00,36.6831
2024-08-05T18:00,35.358999999999995
2024-08-05T19:00,34.4495
2024-08-05T20:00,34.1088
2024-08-05T21:00,33.7689
2024-08-05T22:00,33.496500000000005
2024-08-05T23:00,33.255900000000004
2024-08-06T00:00,33.154900000000005
2024-08-06T01:00,33.0565
2024-08-06T02:00,32.8402
2024-08-06T03:00,32.4707
2024-08-06T04:00,32.0981
2024-08-06T05:00,31.961600000000004
2024-08-06T06:00,32.4022
2024-08-06T07:00,32.8119
2024-08-06T08:00,33.472100000000005
2024-08-06T09:00,34.2838
2024-08-06T10:00,34.623999999999995
2024-08-06T11:00,35.2672
2024-08-06T12:00,36.1364
2024-08-06T13:00,36.2496
2024-08-06T14:00,35.9378
2024-08-06T15:00,35.9398
2024-08-06T16:00,36.337199999999996
2024-08-06T17:00,36.38680000000001
2024-08-06T18:00,36.2826
2024-08-06T19:00,34.88290000000001
2024-08-06T20:00,34.2722
2024-08-06T21:00,33.7586
2024-08-06T22:00,33.2828
2024-08-06T23:00,32.8796
2024-08-07T00:00,32.5593
2024-08-07T01:00,32.2279
2024-08-07T02:00,31.9795
2024-08-07T03:00,32.14
2024-08-07T04:00,32.193400000000004
2024-08-07T05:00,32.1569
2024-08-07T06:00,32.4002
2024-08-07T07:00,32.1139
2024-08-07T08:00,32.273999999999994
2024-08-07T09:00,32.4839
2024-08-07T10:00,33.3664
2024-08-07T11:00,34.543499999999995
2024-08-07T12:00,35.6563
2024-08-07T13:00,36.2552
2024-08-07T14:00,36.79749999999999
2024-08-07T15:00,36.660700000000006
2024-08-07T16:00,35.79130000000001
2024-08-07T17:00,35.0306
2024-08-07T18:00,33.947500000000005
2024-08-07T19:00,33.5803
2024-08-07T20:00,33.3419
2024-08-07T21:00,33.0891
2024-08-07T22:00,32.802
2024-08-07T23:00,32.27929999999999
2024-08-08T00:00,32.1558
2024-08-08T01:00,31.999100000000002
2024-08-08T02:00,31.626700000000003
2024-08-08T03:00,31.596300000000003
2024-08-08T04:00,31.451900000000002
2024-08-08T05:00,31.5137
2024-08-08T06:00,31.380200000000002
2024-08-08T07:00,31.810100000000002
2024-08-08T08:00,32.707300000000004
2024-08-08T09:00,33.6184
2024-08-08T10:00,34.9093
2024-08-08T11:00,35.76310000000001
2024-08-08T12:00,36.7445
2024-08-08T13:00,37.1184
2024-08-08T14:00,37.0944
2024-08-08T15:00,36.669500000000006
2024-08-08T16:00,36.83860000000001
2024-08-08T17:00,35.233000000000004
2024-08-08T18:00,34.379000000000005
2024-08-08T19:00,33.991800000000005
2024-08-08T20:00,33.79070000000001
2024-08-08T21:00,33.589400000000005
2024-08-08T22:00,33.322399999999995
2024-08-08T23:00,32.753600000000006
2024-08-09T00:00,32.367200000000004
2024-08-09T01:00,32.2182
2024-08-09T02:00,31.9435
2024-08-09T03:00,31.277
2024-08-09T04:00,31.135900000000003
2024-08-09T05:00,31.1111
2024-08-09T06:00,31.470100000000002
2024-08-09T07:00,31.8659
2024-08-09T08:00,32.5169
2024-08-09T09:00,33.1951
2024-08-09T10:00,34.4761
2024-08-09T11:00,35.6291
2024-08-09T12:00,35.963300000000004
2024-08-09T13:00,36.737700000000004
2024-08-09T14:00,36.1991
2024-08-09T15:00,36.2636
2024-08-09T16:00,34.3166
2024-08-09T17:00,34.08540000000001
2024-08-09T18:00,34.671899999999994
2024-08-09T19:00,33.5108
2024-08-09T20:00,32.7838
2024-08-09T21:00,32.1587
2024-08-09T22:00,31.9453
2024-08-09T23:00,31.833300000000005
2024-08-10T00:00,31.6697
2024-08-10T01:00,31.239200000000004
2024-08-10T02:00,31.2321
2024-08-10T03:00,31.118
2024-08-10T04:00,30.936300000000003
2024-08-10T05:00,30.982200000000002
2024-08-10T06:00,32.144200000000005
2024-08-10T07:00,32.3283
2024-08-10T08:00,33.0481
2024-08-10T09:00,34.1716
2024-08-10T10:00,34.7458
2024-08-10T11:00,35.5054
2024-08-10T12:00,35.942
2024-08-10T13:00,36.428000000000004
2024-08-10T14:00,36.5315
2024-08-10T15:00,37.1282
2024-08-10T16:00,36.9208
2024-08-10T17:00,35.77080000000001
2024-08-10T18:00,34.1589
2024-08-10T19:00,33.4375
2024-08-10T20:00,32.887
2024-08-10T21:00,32.6695
2024-08-10T22:00,32.0101
2024-08-10T23:00,32.1188
2024-08-11T00:00,32.0553
2024-08-11T01:00,31.935
2024-08-11T02:00,31.8419
2024-08-11T03:00,31.767400000000002
2024-08-11T04:00,31.724600000000002
2024-08-11T05:00,31.357599999999998
2024-08-11T06:00,31.763700000000004
2024-08-11T07:00,31.6363
2024-08-11T08:00,32.3063
2024-08-11T09:00,34.00940000000001
2024-08-11T10:00,35.1563
2024-08-11T11:00,36.260299999999994
2024-08-11T12:00,36.28190000000001
2024-08-11T13:00,36.8811
2024-08-11T14:00,36.44540000000001
2024-08-11T15:00,35.661100000000005
2024-08-11T16:00,36.006
2024-08-11T17:00,35.20550000000001
2024-08-11T18:00,33.903200000000005
2024-08-11T19:00,33.2599
2024-08-11T20:00,32.8455
2024-08-11T21:00,32.620400000000004
2024-08-11T22:00,32.5274
2024-08-11T23:00,32.349599999999995
2024-08-12T00:00,32.4015
2024-08-12T01:00,32.0686
2024-08-12T02:00,31.9529
2024-08-12T03:00,31.7178
2024-08-12T04:00,31.7093
2024-08-12T05:00,31.1718
2024-08-12T06:00,31.378999999999994
2024-08-12T07:00,31.9238
2024-08-12T08:00,32.3384
2024-08-12T09:00,32.8631
2024-08-12T10:00,34.0281
2024-08-12T11:00,34.955400000000004
2024-08-12T12:00,36.2167
2024-08-12T13:00,36.409000000000006
2024-08-12T14:00,35.2785
2024-08-12T15:00,34.4702
2024-08-12T16:00,35.0565
2024-08-12T17:00,35.075900000000004
2024-08-12T18:00,34.3982
2024-08-12T19:00,33.386199999999995
2024-08-12T20:00,32.8399
2024-08-12T21:00,32.4955
2024-08-12T22:00,32.3489
2024-08-12T23:00,32.1355
2024-08-13T00:00,32.043200000000006
2024-08-13T01:00,31.956300000000006
2024-08-13T02:00,31.689400000000003
2024-08-13T03:00,31.6459
2024-08-13T04:00,31.5203
2024-08-13T05:00,31.3518
2024-08-13T06:00,31.736599999999996
2024-08-13T07:00,32.5345
2024-08-13T08:00,33.2704
2024-08-13T09:00,34.0129
2024-08-13T10:00,34.672000000000004
2024-08-13T11:00,36.547000000000004
2024-08-13T12:00,37.9769
2024-08-13T13:00,38.1142
2024-08-13T14:00,35.8145
2024-08-13T15:00,35.75620000000001
2024-08-13T16:00,35.8907
2024-08-13T17:00,35.6056
2024-08-13T18:00,35.7699
2024-08-13T19:00,35.0251
2024-08-13T20:00,34.5703
2024-08-13T21:00,34.1729
2024-08-13T22:00,33.895100000000006
2024-08-13T23:00,33.7237
2024-08-14T00:00,33.4941
2024-08-14T01:00,33.2124
2024-08-14T02:00,32.7414
2024-08-14T03:00,32.605599999999995
2024-08-14T04:00,32.324
2024-08-14T05:00,32.1596
2024-08-14T06:00,32.8603
2024-08-14T07:00,33.26390000000001
2024-08-14T08:00,34.5634
2024-08-14T09:00,36.0229
2024-08-14T10:00,36.7563
2024-08-14T11:00,37.4492
2024-08-14T12:00,37.378400000000006
2024-08-14T13:00,37.9789
2024-08-14T14:00,37.58050000000001
2024-08-14T15:00,36.74
2024-08-14T16:00,35.9126
2024-08-14T17:00,35.4964
2024-08-14T18:00,36.0643
2024-08-14T19:00,34.9589
2024-08-14T20:00,34.490100000000005
2024-08-14T21:00,34.219300000000004
2024-08-14T22:00,33.7276
2024-08-14T23:00,33.037
2024-08-15T00:00,32.8431
2024-08-15T01:00,32.754599999999996
2024-08-15T02:00,32.5482
2024-08-15T03:00,32.2666
2024-08-15T04:00,32.5552
2024-08-15T05:00,32.3317
2024-08-15T06:00,32.3766
2024-08-15T07:00,33.097500000000004
2024-08-15T08:00,33.979800000000004
2024-08-15T09:00,35.1749
2024-08-15T10:00,36.2417
2024-08-15T11:00,37.5365
2024-08-15T12:00,38.8544
2024-08-15T13:00,39.833600000000004
2024-08-15T14:00,39.5658
2024-08-15T15:00,39.610600000000005
2024-08-15T16:00,38.2527
2024-08-15T17:00,36.9002
2024-08-15T18:00,36.4551
2024-08-15T19:00,34.7958
2024-08-15T20:00,33.809000000000005
2024-08-15T21:00,33.1088
2024-08-15T22:00,33.082
2024-08-15T23:00,33.0534
2024-08-16T00:00,32.6816
2024-08-16T01:00,32.5328
2024-08-16T02:00,31.9703
2024-08-16T03:00,31.785600000000002
2024-08-16T04:00,31.671400000000002
2024-08-16T05:00,30.903200000000002
2024-08-16T06:00,31.959500000000002
2024-08-16T07:00,32.744
2024-08-16T08:00,33.775200000000005
2024-08-16T09:00,34.6418
2024-08-16T10:00,36.05969999999999
2024-08-16T11:00,37.7473
2024-08-16T12:00,38.8011
2024-08-16T13:00,40.1089
2024-08-16T14:00,38.380500000000005
2024-08-16T15:00,38.4193
2024-08-16T16:00,36.3905
2024-08-16T17:00,34.723800000000004
2024-08-16T18:00,35.0747
2024-08-16T19:00,33.523900000000005
2024-08-16T20:00,33.626200000000004
2024-08-16T21:00,33.665800000000004
2024-08-16T22:00,33.6813
2024-08-16T23:00,33.2506
2024-08-17T00:00,33.106100000000005
2024-08-17T01:00,33.09760000000001
2024-08-17T02:00,32.878800000000005
2024-08-17T03:00,32.690000000000005
2024-08-17T04:00,32.5721
2024-08-17T05:00,32.3952
2024-08-17T06:00,33.0191
2024-08-17T07:00,33.9557
2024-08-17T08:00,34.9738
2024-08-17T09:00,36.13550000000001
2024-08-17T10:00,37.2334
2024-08-17T11:00,38.58680000000001
2024-08-17T12:00,39.64680000000001
2024-08-17T13:00,39.7965
2024-08-17T14:00,39.462500000000006
2024-08-17T15:00,39.0587
2024-08-17T16:00,38.493199999999995
2024-08-17T17:00,36.358000000000004
2024-08-17T18:00,36.7401
2024-08-17T19:00,36.0774
2024-08-17T20:00,35.4985
2024-08-17T21:00,34.938700000000004
2024-08-17T22:00,34.7162
2024-08-17T23:00,34.4319
2024-08-18T00:00,34.1442
2024-08-18T01:00,33.3667
2024-08-18T02:00,33.353500000000004
2024-08-18T03:00,33.338
2024-08-18T04:00,32.9639
2024-08-18T05:00,32.8397
2024-08-18T06:00,32.9748
2024-08-18T07:00,33.646
2024-08-18T08:00,34.4055
2024-08-18T09:00,35.331
2024-08-18T10:00,36.605
2024-08-18T11:00,37.427800000000005
2024-08-18T12:00,38.2506
2024-08-18T13:00,38.403400000000005
2024-08-18T14:00,37.486000000000004
2024-08-18T15:00,35.6989
2024-08-18T16:00,36.4011
2024-08-18T17:00,36.6486
2024-08-18T18:00,35.987700000000004
2024-08-18T19:00,35.3671
2024-08-18T20:00,35.042699999999996
2024-08-18T21:00,34.579299999999996
2024-08-18T22:00,34.150200000000005
2024-08-18T23:00,33.8902
2024-08-19T00:00,33.7165
2024-08-19T01:00,33.3421
2024-08-19T02:00,32.7177
2024-08-19T03:00,32.837900000000005
2024-08-19T04:00,32.7308
2024-08-19T05:00,32.3957
2024-08-19T06:00,32.6053
2024-08-19T07:00,33.3571
2024-08-19T08:00,34.4522
2024-08-19T09:00,35.8816
2024-08-19T10:00,37.3646
2024-08-19T11:00,38.661
2024-08-19T12:00,39.9105
2024-08-19T13:00,39.336999999999996
2024-08-19T14:00,38.9482
2024-08-19T15:00,37.8477
2024-08-19T16:00,36.644400000000005
2024-08-19T17:00,36.454100000000004
2024-08-19T18:00,36.2752
2024-08-19T19:00,34.3104
2024-08-19T20:00,34.2259
2024-08-19T21:00,33.5488
2024-08-19T22:00,33.6134
2024-08-19T23:00,33.260200000000005
2024-08-20T00:00,33.1027
2024-08-20T01:00,32.8693
2024-08-20T02:00,32.51540000000001
2024-08-20T03:00,32.6179
2024-08-20T04:00,32.089
2024-08-20T05:00,31.7655
2024-08-20T06:00,32.714800000000004
2024-08-20T07:00,32.9075
2024-08-20T08:00,33.2814
2024-08-20T09:00,34.2072
2024-08-20T10:00,35.520100000000006
2024-08-20T11:00,37.1218
2024-08-20T12:00,38.1685
2024-08-20T13:00,38.436
2024-08-20T14:00,38.2794
2024-08-20T15:00,37.4296
2024-08-20T16:00,35.344800000000006
2024-08-20T17:00,34.736200000000004
2024-08-20T18:00,34.99719999999999
2024-08-20T19:00,34.040000000000006
2024-08-20T20:00,33.787200000000006
2024-08-20T21:00,33.518
2024-08-20T22:00,33.3955
2024-08-20T23:00,32.970800000000004
2024-08-21T00:00,32.6045
2024-08-21T01:00,32.3179
2024-08-21T02:00,31.9736
2024-08-21T03:00,31.8524
2024-08-21T04:00,31.2469
2024-08-21T05:00,30.710799999999995
2024-08-21T06:00,31.763
2024-08-21T07:00,32.2874
2024-08-21T08:00,33.499399999999994
2024-08-21T09:00,34.5874
2024-08-21T10:00,35.3385
2024-08-21T11:00,36.9527
2024-08-21T12:00,37.86460000000001
2024-08-21T13:00,38.033
2024-08-21T14:00,38.3938
2024-08-21T15:00,37.6831
2024-08-21T16:00,37.3521
2024-08-21T17:00,37.2332
2024-08-21T18:00,36.1861
2024-08-21T19:00,35.1961
2024-08-21T20:00,34.4186
2024-08-21T21:00,34.0631
2024-08-21T22:00,33.8653
2024-08-21T23:00,33.4096
2024-08-22T00:00,31.983400000000003
2024-08-22T01:00,32.0362
2024-08-22T02:00,31.326199999999996
2024-08-22T03:00,31.012
2024-08-22T04:00,30.828500000000002
2024-08-22T05:00,30.921000000000003
2024-08-22T06:00,32.0745
2024-08-22T07:00,33.154599999999995
2024-08-22T08:00,34.773900000000005
2024-08-22T09:00,36.059599999999996
2024-08-22T10:00,37.5158
2024-08-22T11:00,38.8072
2024-08-22T12:00,39.7041
2024-08-22T13:00,40.187400000000004
2024-08-22T14:00,40.0184
2024-08-22T15:00,39.44499999999999
2024-08-22T16:00,38.2768
2024-08-22T17:00,36.4997
2024-08-22T18:00,34.5444
2024-08-22T19:00,33.2547
2024-08-22T20:00,33.351800000000004
2024-08-22T21:00,33.25410000000001
2024-08-22T22:00,33.0787
2024-08-22T23:00,33.0687
2024-08-23T00:00,33.053200000000004
2024-08-23T01:00,32.3586
2024-08-23T02:00,32.0893
2024-08-23T03:00,31.948800000000002
2024-08-23T04:00,31.183400000000002
2024-08-23T05:00,31.177200000000003
2024-08-23T06:00,31.217599999999997
2024-08-23T07:00,31.385700000000003
2024-08-23T08:00,31.9889
2024-08-23T09:00,32.851
2024-08-23T10:00,33.236399999999996
2024-08-23T11:00,34.1225
2024-08-23T12:00,36.3546
2024-08-23T13:00,36.2226
2024-08-23T14:00,36.9191
2024-08-23T15:00,36.5387
2024-08-23T16:00,36.4696
2024-08-23T17:00,35.8795
2024-08-23T18:00,35.2332
2024-08-23T19:00,34.116699999999994
2024-08-23T20:00,33.3896
2024-08-23T21:00,33.0629
2024-08-23T22:00,32.8922
2024-08-23T23:00,32.7688
2024-08-24T00:00,32.4561
2024-08-24T01:00,32.016
2024-08-24T02:00,31.4007
2024-08-24T03:00,31.346200000000003
2024-08-24T04:00,31.1749
2024-08-24T05:00,30.808800000000005
2024-08-24T06:00,31.9787
2024-08-24T07:00,32.798899999999996
2024-08-24T08:00,33.5519
2024-08-24T09:00,32.1124
2024-08-24T10:00,33.1737
2024-08-24T11:00,34.8038
2024-08-24T12:00,35.6929
2024-08-24T13:00,36.6735
2024-08-24T14:00,37.6077
2024-08-24T15:00,37.0407
2024-08-24T16:00,35.7539
2024-08-24T17:00,35.764799999999994
2024-08-24T18:00,35.3472
2024-08-24T19:00,34.3493
2024-08-24T20:00,33.761
2024-08-24T21:00,33.411
2024-08-24T22:00,32.940000000000005
2024-08-24T23:00,32.524899999999995
2024-08-25T00:00,32.100500000000004
2024-08-25T01:00,29.921600000000005
2024-08-25T02:00,29.5531
2024-08-25T03:00,29.497200000000003
2024-08-25T04:00,29.5583
2024-08-25T05:00,29.5413
2024-08-25T06:00,30.311700000000002
2024-08-25T07:00,31.0537
2024-08-25T08:00,32.0307
2024-08-25T09:00,33.2288
2024-08-25T10:00,34.5587
2024-08-25T11:00,35.8746
2024-08-25T12:00,36.81980000000001
2024-08-25T13:00,37.10080000000001
2024-08-25T14:00,37.1775
2024-08-25T15:00,36.531200000000005
2024-08-25T16:00,35.623000000000005
2024-08-25T17:00,35.3126
2024-08-25T18:00,34.3988
2024-08-25T19:00,33.993
2024-08-25T20:00,33.691100000000006
2024-08-25T21:00,33.3216
2024-08-25T22:00,32.93900000000001
2024-08-25T23:00,32.541
2024-08-26T00:00,32.243
2024-08-26T01:00,31.7603
2024-08-26T02:00,31.3715
2024-08-26T03:00,31.195299999999996
2024-08-26T04:00,31.151899999999998
2024-08-26T05:00,30.965
2024-08-26T06:00,31.552600000000005
2024-08-26T07:00,32.17100000000001
2024-08-26T08:00,32.9524
2024-08-26T09:00,33.2647
2024-08-26T10:00,34.7318
2024-08-26T11:00,36.197599999999994
2024-08-26T12:00,36.568599999999996
2024-08-26T13:00,36.9838
2024-08-26T14:00,34.9371
2024-08-26T15:00,34.6736
2024-08-26T16:00,34.1522
2024-08-26T17:00,33.8867
2024-08-26T18:00,33.0152
2024-08-26T19:00,32.7158
2024-08-26T20:00,31.9725
2024-08-26T21:00,31.588600000000003
2024-08-26T22:00,31.348800000000004
2024-08-26T23:00,31.411600000000007
2024-08-27T00:00,31.4217
2024-08-27T01:00,29.5318
2024-08-27T02:00,29.572200000000002
2024-08-27T03:00,29.8931
2024-08-27T04:00,30.081500000000002
2024-08-27T05:00,30.0542
2024-08-27T06:00,30.6665
2024-08-27T07:00,30.738599999999998
2024-08-27T08:00,31.759900000000002
2024-08-27T09:00,32.840599999999995
2024-08-27T10:00,33.765
2024-08-27T11:00,34.197900000000004
2024-08-27T12:00,34.998599999999996
2024-08-27T13:00,35.175999999999995
2024-08-27T14:00,33.6924
2024-08-27T15:00,33.949000000000005
2024-08-27T16:00,33.1299
2024-08-27T17:00,32.7873
2024-08-27T18:00,32.345400000000005
2024-08-27T19:00,32.17920000000001
2024-08-27T20:00,31.4758
2024-08-27T21:00,30.845100000000006
2024-08-27T22:00,30.31
2024-08-27T23:00,30.323100000000004
2024-08-28T00:00,30.105200000000004
2024-08-28T01:00,30.139300000000002
2024-08-28T02:00,30.0423
2024-08-28T03:00,29.887800000000002
2024-08-28T04:00,30.035000000000004
2024-08-28T05:00,29.834
2024-08-28T06:00,30.481099999999998
2024-08-28T07:00,30.5223
2024-08-28T08:00,30.9662
2024-08-28T09:00,32.0981
2024-08-28T10:00,33.2603
2024-08-28T11:00,34.052499999999995
2024-08-28T12:00,34.0264
2024-08-28T13:00,33.9659
2024-08-28T14:00,34.4801
2024-08-28T15:00,34.73160000000001
2024-08-28T16:00,34.929
2024-08-28T17:00,34.6212
2024-08-28T18:00,33.3542
2024-08-28T19:00,32.5968
2024-08-28T20:00,32.1582
2024-08-28T21:00,31.717800000000004
2024-08-28T22:00,31.015400000000003
2024-08-28T23:00,30.8034
2024-08-29T00:00,30.316400000000005
2024-08-29T01:00,30.2861
2024-08-29T02:00,30.1827
2024-08-29T03:00,29.826800000000002
2024-08-29T04:00,29.686300000000003
2024-08-29T05:00,29.2713
2024-08-29T06:00,29.997999999999998
2024-08-29T07:00,31.2792
2024-08-29T08:00,31.817300000000003
2024-08-29T09:00,33.0521
2024-08-29T10:00,34.7024
2024-08-29T11:00,35.8383
2024-08-29T12:00,37.0539
2024-08-29T13:00,37.310300000000005
2024-08-29T14:00,37.0898
2024-08-29T15:00,37.1461
2024-08-29T16:00,37.1148
2024-08-29T17:00,36.3671
2024-08-29T18:00,34.4395
2024-08-29T19:00,33.4312
2024-08-29T20:00,33.0116
2024-08-29T21:00,32.986000000000004
2024-08-29T22:00,32.914500000000004
2024-08-29T23:00,32.2356
2024-08-30T00:00,32.193900000000006
2024-08-30T01:00,31.8773
2024-08-30T02:00,31.746100000000002
2024-08-30T03:00,31.5382
2024-08-30T04:00,31.438000000000002
2024-08-30T05:00,31.337899999999998
2024-08-30T06:00,32.554
2024-08-30T07:00,33.7311
2024-08-30T08:00,35.3016
2024-08-30T09:00,36.619099999999996
2024-08-30T10:00,38.070100000000004
2024-08-30T11:00,39.57390000000001
2024-08-30T12:00,40.1955
2024-08-30T13:00,39.5952
2024-08-30T14:00,39.1542
2024-08-30T15:00,36.7345
2024-08-30T16:00,35.431799999999996
2024-08-30T17:00,35.1077
2024-08-30T18:00,35.3388
2024-08-30T19:00,34.503400000000006
2024-08-30T20:00,34.2612
2024-08-30T21:00,33.69540000000001
2024-08-30T22:00,33.0884
2024-08-30T23:00,32.7354
2024-08-31T00:00,32.5716
2024-08-31T01:00,32.485400000000006
2024-08-31T02:00,32.2045
2024-08-31T03:00,32.058600000000006
2024-08-31T04:00,31.890200000000004
2024-08-31T05:00,31.715600000000002
2024-08-31T06:00,32.065
2024-08-31T07:00,33.53
2024-08-31T08:00,35.131600000000006
2024-08-31T09:00,36.4228
2024-08-31T10:00,37.7847
2024-08-31T11:00,39.1899
2024-08-31T12:00,39.92869999999999
2024-08-31T13:00,40.3237
2024-08-31T14:00,39.9689
2024-08-31T15:00,38.8746
2024-08-31T16:00,38.201699999999995
2024-08-31T17:00,37.849199999999996
2024-08-31T18:00,37.14169999999999
2024-08-31T19:00,36.0865
2024-08-31T20:00,35.5923
2024-08-31T21:00,35.1012
2024-08-31T22:00,34.7288
2024-08-31T23:00,34.4114
2024-09-01T00:00,34.0739
2024-09-01T01:00,33.762
2024-09-01T02:00,33.423700000000004
2024-09-01T03:00,32.782
2024-09-01T04:00,32.6579
2024-09-01T05:00,32.4304
2024-09-01T06:00,33.9793
2024-09-01T07:00,35.235499999999995
2024-09-01T08:00,36.404900000000005
2024-09-01T09:00,36.9302
2024-09-01T10:00,37.8513
2024-09-01T11:00,39.164
2024-09-01T12:00,38.767
2024-09-01T13:00,39.4071
2024-09-01T14:00,39.0248
2024-09-01T15:00,36.9846
2024-09-01T16:00,36.855900000000005
2024-09-01T17:00,36.7611
2024-09-01T18:00,35.3519
2024-09-01T19:00,34.8911
2024-09-01T20:00,34.0937
2024-09-01T21:00,33.0862
2024-09-01T22:00,32.7177
2024-09-01T23:00,32.192499999999995
2024-09-02T00:00,32.0762
2024-09-02T01:00,31.8729
2024-09-02T02:00,31.851899999999997
2024-09-02T03:00,31.1684
2024-09-02T04:00,30.6176
2024-09-02T05:00,30.4724
2024-09-02T06:00,31.121599999999997
2024-09-02T07:00,31.227400000000003
2024-09-02T08:00,31.967100000000002
2024-09-02T09:00,33.1052
2024-09-02T10:00,35.1358
2024-09-02T11:00,35.434000000000005
2024-09-02T12:00,36.285399999999996
2024-09-02T13:00,37.2871
2024-09-02T14:00,37.1355
2024-09-02T15:00,36.8088
2024-09-02T16:00,36.08840000000001
2024-09-02T17:00,36.0054
2024-09-02T18:00,34.8961
2024-09-02T19:00,33.9658
2024-09-02T20:00,33.4607
2024-09-02T21:00,33.1519
2024-09-02T22:00,32.892799999999994
2024-09-02T23:00,32.551500000000004
2024-09-03T00:00,32.4063
2024-09-03T01:00,32.10830000000001
2024-09-03T02:00,31.846
2024-09-03T03:00,31.579000000000004
2024-09-03T04:00,31.3679
2024-09-03T05:00,31.300400000000003
2024-09-03T06:00,31.9918
2024-09-03T07:00,32.2007
2024-09-03T08:00,32.1254
2024-09-03T09:00,33.239200000000004
2024-09-03T10:00,34.71280000000001
2024-09-03T11:00,37.300200000000004
2024-09-03T12:00,38.431400000000004
2024-09-03T13:00,39.4041
2024-09-03T14:00,38.9966
2024-09-03T15:00,38.5589
2024-09-03T16:00,38.187999999999995
2024-09-03T17:00,37.5784
2024-09-03T18:00,35.3784
2024-09-03T19:00,34.7256
2024-09-03T20:00,34.079
2024-09-03T21:00,33.7008
2024-09-03T22:00,32.6255
2024-09-03T23:00,32.1762
2024-09-04T00:00,31.8666
2024-09-04T01:00,31.6158
2024-09-04T02:00,31.575400000000002
2024-09-04T03:00,31.4599
2024-09-04T04:00,31.034799999999997
2024-09-04T05:00,30.864
2024-09-04T06:00,32.047
2024-09-04T07:00,33.2275
2024-09-04T08:00,34.1061
2024-09-04T09:00,34.9262
2024-09-04T10:00,35.93580000000001
2024-09-04T11:00,37.2496
2024-09-04T12:00,38.267100000000006
2024-09-04T13:00,38.8922
2024-09-04T14:00,38.0458
2024-09-04T15:00,35.8371
2024-09-04T16:00,35.745599999999996
2024-09-04T17:00,35.4756
2024-09-04T18:00,34.154500000000006
2024-09-04T19:00,33.9922
2024-09-04T20:00,33.7719
2024-09-04T21:00,33.3444
2024-09-04T22:00,33.2383
2024-09-04T23:00,32.8791
2024-09-05T00:00,32.676500000000004
2024-09-05T01:00,32.6028
2024-09-05T02:00,32.3491
2024-09-05T03:00,31.896600000000003
2024-09-05T04:00,31.3573
2024-09-05T05:00,31.1793
2024-09-05T06:00,32.3117
2024-09-05T07:00,33.4972
2024-09-05T08:00,34.55
2024-09-05T09:00,35.510000000000005
2024-09-05T10:00,36.42100000000001
2024-09-05T11:00,37.40369999999999
2024-09-05T12:00,37.4157
2024-09-05T13:00,37.4794
2024-09-05T14:00,36.980700000000006
2024-09-05T15:00,36.009
2024-09-05T16:00,35.4901
2024-09-05T17:00,34.58819999999999
2024-09-05T18:00,32.846199999999996
2024-09-05T19:00,32.8662
2024-09-05T20:00,32.761199999999995
2024-09-05T21:00,32.479400000000005
2024-09-05T22:00,32.5692
2024-09-05T23:00,32.356700000000004
2024-09-06T00:00,32.4518
2024-09-06T01:00,32.0392
2024-09-06T02:00,31.022400000000005
2024-09-06T03:00,30.391000000000002
2024-09-06T04:00,30.6021
2024-09-06T05:00,30.422200000000004
2024-09-06T06:00,30.8691
2024-09-06T07:00,31.444200000000002
2024-09-06T08:00,32.650600000000004
2024-09-06T09:00,33.83710000000001
2024-09-06T10:00,34.8352
2024-09-06T11:00,36.7445
2024-09-06T12:00,36.5052
2024-09-06T13:00,35.9279
2024-09-06T14:00,35.6378
2024-09-06T15:00,34.686800000000005
2024-09-06T16:00,34.403800000000004
2024-09-06T17:00,34.603100000000005
2024-09-06T18:00,33.535000000000004
2024-09-06T19:00,33.1235
2024-09-06T20:00,32.6882
2024-09-06T21:00,32.3204
2024-09-06T22:00,32.1015
2024-09-06T23:00,31.7796
2024-09-07T00:00,31.552400000000002
2024-09-07T01:00,31.116999999999997
2024-09-07T02:00,30.6764
2024-09-07T03:00,30.3949
2024-09-07T04:00,30.3092
2024-09-07T05:00,30.5442
2024-09-07T06:00,31.328100000000003
2024-09-07T07:00,32.226800000000004
2024-09-07T08:00,33.064899999999994
2024-09-07T09:00,34.173100000000005
2024-09-07T10:00,35.9058
2024-09-07T11:00,37.88210000000001
2024-09-07T12:00,39.2043
2024-09-07T13:00,38.36489999999999
2024-09-07T14:00,38.184599999999996
2024-09-07T15:00,37.3332
2024-09-07T16:00,36.9291
2024-09-07T17:00,36.9972
2024-09-07T18:00,35.4498
2024-09-07T19:00,35.174200000000006
2024-09-07T20:00,34.596199999999996
2024-09-07T21:00,34.5619
2024-09-07T22:00,34.3541
2024-09-07T23:00,33.754400000000004
2024-09-08T00:00,33.359700000000004
2024-09-08T01:00,32.555800000000005
2024-09-08T02:00,32.601299999999995
2024-09-08T03:00,32.0805
2024-09-08T04:00,31.4272
2024-09-08T05:00,31.1458
2024-09-08T06:00,32.736000000000004
2024-09-08T07:00,33.5929
2024-09-08T08:00,35.082100000000004
2024-09-08T09:00,36.464200000000005
2024-09-08T10:00,38.2271
2024-09-08T11:00,39.534600000000005
2024-09-08T12:00,40.126
2024-09-08T13:00,39.9055
2024-09-08T14:00,39.5283
2024-09-08T15:00,38.379400000000004
2024-09-08T16:00,37.419
2024-09-08T17:00,37.41890000000001
2024-09-08T18:00,35.883300000000006
2024-09-08T19:00,35.2858
2024-09-08T20:00,34.799800000000005
2024-09-08T21:00,34.4546
2024-09-08T22:00,34.0153
2024-09-08T23:00,33.905800000000006
2024-09-09T00:00,33.5494
2024-09-09T01:00,33.3268
2024-09-09T02:00,33.0529
2024-09-09T03:00,32.2032
2024-09-09T04:00,31.977400000000003
2024-09-09T05:00,31.7174
2024-09-09T06:00,33.3082
2024-09-09T07:00,34.4628
2024-09-09T08:00,35.672399999999996
2024-09-09T09:00,36.824000000000005
2024-09-09T10:00,38.1099
2024-09-09T11:00,39.2816
2024-09-09T12:00,39.6453
2024-09-09T13:00,38.870599999999996
2024-09-09T14:00,37.736000000000004
2024-09-09T15:00,37.1594
2024-09-09T16:00,37.077299999999994
2024-09-09T17:00,37.1129
2024-09-09T18:00,34.704100000000004
2024-09-09T19:00,33.5487
2024-09-09T20:00,33.4422
2024-09-09T21:00,33.204600000000006
2024-09-09T22:00,33.162000000000006
2024-09-09T23:00,33.2721
2024-09-10T00:00,32.7638
2024-09-10T01:00,32.85850000000001
2024-09-10T02:00,32.5457
2024-09-10T03:00,32.29430000000001
2024-09-10T04:00,32.031400000000005
2024-09-10T05:00,31.246299999999998
2024-09-10T06:00,32.3433
2024-09-10T07:00,33.1946
2024-09-10T08:00,34.301100000000005
2024-09-10T09:00,35.434000000000005
2024-09-10T10:00,36.410000000000004
2024-09-10T11:00,37.577200000000005
2024-09-10T12:00,37.8982
2024-09-10T13:00,37.945
2024-09-10T14:00,36.965199999999996
2024-09-10T15:00,35.958600000000004
2024-09-10T16:00,34.44
2024-09-10T17:00,34.885
2024-09-10T18:00,34.6908
2024-09-10T19:00,34.40110000000001
2024-09-10T20:00,33.6468
2024-09-10T21:00,33.3596
2024-09-10T22:00,33.0168
2024-09-10T23:00,33.143499999999996
2024-09-11T00:00,33.1038
2024-09-11T01:00,32.7205
2024-09-11T02:00,32.4705
2024-09-11T03:00,31.990199999999998
2024-09-11T04:00,31.612200000000005
2024-09-11T05:00,31.0124
2024-09-11T06:00,31.7169
2024-09-11T07:00,32.2213
2024-09-11T08:00,33.3655
2024-09-11T09:00,34.175700000000006
2024-09-11T10:00,35.859500000000004
2024-09-11T11:00,35.9904
2024-09-11T12:00,36.0859
2024-09-11T13:00,34.7257
2024-09-11T14:00,34.3552
2024-09-11T15:00,34.3372
2024-09-11T16:00,34.647400000000005
2024-09-11T17:00,34.751200000000004
2024-09-11T18:00,33.4975
2024-09-11T19:00,32.828799999999994
2024-09-11T20:00,32.0441
2024-09-11T21:00,31.534700000000004
2024-09-11T22:00,31.2771
2024-09-11T23:00,30.942700000000002
2024-09-12T00:00,31.116299999999995
2024-09-12T01:00,29.9241
2024-09-12T02:00,29.567500000000003
2024-09-12T03:00,29.789100000000005
2024-09-12T04:00,29.602099999999997
2024-09-12T05:00,29.6847
2024-09-12T06:00,29.7346
2024-09-12T07:00,29.7872
2024-09-12T08:00,29.6162
2024-09-12T09:00,29.7088
2024-09-12T10:00,30.1501
2024-09-12T11:00,29.803900000000002
2024-09-12T12:00,30.1701
2024-09-12T13:00,29.568800000000003
2024-09-12T14:00,29.797900000000002
2024-09-12T15:00,29.8874
2024-09-12T16:00,29.5594
2024-09-12T17:00,29.212300000000003
2024-09-12T18:00,28.868299999999998
2024-09-12T19:00,28.3422
2024-09-12T20:00,28.2439
2024-09-12T21:00,28.6053
2024-09-12T22:00,28.7039
2024-09-12T23:00,28.897
2024-09-13T00:00,28.436600000000002
2024-09-13T01:00,27.9147
2024-09-13T02:00,27.593500000000002
2024-09-13T03:00,27.185699999999997
2024-09-13T04:00,27.447900000000004
2024-09-13T05:00,27.9041
2024-09-13T06:00,28.7855
2024-09-13T07:00,29.200599999999998
2024-09-13T08:00,29.738500000000002
2024-09-13T09:00,30.797099999999997
2024-09-13T10:00,32.3047
2024-09-13T11:00,34.4933
2024-09-13T12:00,36.2212
2024-09-13T13:00,33.676700000000004
2024-09-13T14:00,32.777
2024-09-13T15:00,34.4514
2024-09-13T16:00,34.643
2024-09-13T17:00,33.29
2024-09-13T18:00,31.3212
2024-09-13T19:00,31.0619
2024-09-13T20:00,30.8287
2024-09-13T21:00,30.224899999999998
2024-09-13T22:00,29.4795
2024-09-13T23:00,29.2482
2024-09-14T00:00,28.545900000000003
2024-09-14T01:00,28.4373
2024-09-14T02:00,28.104700000000005
2024-09-14T03:00,28.173700000000004
2024-09-14T04:00,28.387100000000004
2024-09-14T05:00,27.8765
2024-09-14T06:00,27.887999999999998
2024-09-14T07:00,28.770300000000006
2024-09-14T08:00,29.4005
2024-09-14T09:00,30.4582
2024-09-14T10:00,31.8223
2024-09-14T11:00,33.2399
2024-09-14T12:00,34.3864
2024-09-14T13:00,34.362100000000005
2024-09-14T14:00,34.4726
2024-09-14T15:00,34.0209
2024-09-14T16:00,33.5174
2024-09-14T17:00,33.695100000000004
2024-09-14T18:00,31.921400000000002
2024-09-14T19:00,30.7025
2024-09-14T20:00,29.9349
2024-09-14T21:00,29.529899999999998
2024-09-14T22:00,29.551
2024-09-14T23:00,29.160400000000003
2024-09-15T00:00,28.6236
2024-09-15T01:00,28.3691
2024-09-15T02:00,28.2947
2024-09-15T03:00,28.2549
2024-09-15T04:00,27.857300000000002
2024-09-15T05:00,27.6518
2024-09-15T06:00,28.957500000000003
2024-09-15T07:00,29.7336
2024-09-15T08:00,30.617400000000004
2024-09-15T09:00,31.487000000000002
2024-09-15T10:00,33.267900000000004
2024-09-15T11:00,34.7599
2024-09-15T12:00,35.42
2024-09-15T13:00,35.6443
2024-09-15T14:00,34.9707
2024-09-15T15:00,34.0643
2024-09-15T16:00,34.1258
2024-09-15T17:00,34.0753
2024-09-15T18:00,32.087900000000005
2024-09-15T19:00,31.4351
2024-09-15T20:00,30.904300000000003
2024-09-15T21:00,30.7125
2024-09-15T22:00,30.558500000000002
2024-09-15T23:00,30.4553
2024-09-16T00:00,30.229100000000003
2024-09-16T01:00,29.612499999999997
2024-09-16T02:00,29.398900000000005
2024-09-16T03:00,28.9258
2024-09-16T04:00,28.5254
2024-09-16T05:00,28.039
2024-09-16T06:00,28.855299999999996
2024-09-16T07:00,29.553700000000003
2024-09-16T08:00,30.593300000000006
2024-09-16T09:00,31.933999999999994
2024-09-16T10:00,33.5392
2024-09-16T11:00,34.8084
2024-09-16T12:00,35.5407
2024-09-16T13:00,35.72260000000001
2024-09-16T14:00,35.2944
2024-09-16T15:00,35.0371
2024-09-16T16:00,35.0367
2024-09-16T17:00,35.3573
2024-09-16T18:00,32.683
2024-09-16T19:00,32.1447
2024-09-16T20:00,31.5201
2024-09-16T21:00,30.899400000000004
2024-09-16T22:00,30.294900000000002
2024-09-16T23:00,29.7032
2024-09-17T00:00,29.2965
2024-09-17T01:00,29.567800000000002
2024-09-17T02:00,29.3739
2024-09-17T03:00,29.0611
2024-09-17T04:00,28.670700000000004
2024-09-17T05:00,28.4713
2024-09-17T06:00,29.1463
2024-09-17T07:00,29.8873
2024-09-17T08:00,31.072599999999998
2024-09-17T09:00,32.2231
2024-09-17T10:00,32.6248
2024-09-17T11:00,32.333800000000004
2024-09-17T12:00,32.7272
2024-09-17T13:00,33.6594
2024-09-17T14:00,33.383300000000006
2024-09-17T15:00,32.8125
2024-09-17T16:00,32.2251
2024-09-17T17:00,31.944200000000002
2024-09-17T18:00,32.144400000000005
2024-09-17T19:00,31.707500000000003
2024-09-17T20:00,31.0503
2024-09-17T21:00,30.8533
2024-09-17T22:00,29.8228
2024-09-17T23:00,29.8183
2024-09-18T00:00,29.1892
2024-09-18T01:00,29.218900000000005
2024-09-18T02:00,28.847900000000003
2024-09-18T03:00,28.9729
2024-09-18T04:00,28.961299999999998
2024-09-18T05:00,28.846600000000002
2024-09-18T06:00,29.530000000000005
2024-09-18T07:00,29.909499999999998
2024-09-18T08:00,30.340300000000003
2024-09-18T09:00,30.963300000000004
2024-09-18T10:00,30.879
2024-09-18T11:00,30.6321
2024-09-18T12:00,31.020699999999998
2024-09-18T13:00,31.048599999999997
2024-09-18T14:00,30.753800000000002
2024-09-18T15:00,30.5806
2024-09-18T16:00,30.309800000000003
2024-09-18T17:00,29.661300000000004
2024-09-18T18:00,29.0049
2024-09-18T19:00,28.637
2024-09-18T20:00,28.5803
2024-09-18T21:00,29.040799999999997
2024-09-18T22:00,29.4829
2024-09-18T23:00,28.7256
2024-09-19T00:00,28.247700000000002
2024-09-19T01:00,28.172400000000003
2024-09-19T02:00,28.3539
2024-09-19T03:00,28.156000000000002
2024-09-19T04:00,28.1491
2024-09-19T05:00,28.174599999999998
2024-09-19T06:00,28.820100000000004
2024-09-19T07:00,30.0323
2024-09-19T08:00,31.4499
2024-09-19T09:00,32.795500000000004
2024-09-19T10:00,34.280100000000004
2024-09-19T11:00,34.8181
2024-09-19T12:00,35.2075
2024-09-19T13:00,35.983900000000006
2024-09-19T14:00,35.235
2024-09-19T15:00,34.9649
2024-09-19T16:00,34.9734
2024-09-19T17:00,35.0502
2024-09-19T18:00,33.1216
2024-09-19T19:00,32.4137
2024-09-19T20:00,31.8325
2024-09-19T21:00,31.5586
2024-09-19T22:00,30.8114
2024-09-19T23:00,30.0799
2024-09-20T00:00,29.801099999999998
2024-09-20T01:00,29.4643
2024-09-20T02:00,29.2486
2024-09-20T03:00,29.351100000000002
2024-09-20T04:00,29.294700000000006
2024-09-20T05:00,29.2876
2024-09-20T06:00,29.606400000000004
2024-09-20T07:00,31.3658
2024-09-20T08:00,32.8014
2024-09-20T09:00,33.7443
2024-09-20T10:00,35.2521
2024-09-20T11:00,36.194900000000004
2024-09-20T12:00,36.5027
2024-09-20T13:00,36.3095
2024-09-20T14:00,35.57090000000001
2024-09-20T15:00,35.515699999999995
2024-09-20T16:00,35.4553
2024-09-20T17:00,35.57190000000001
2024-09-20T18:00,33.562599999999996
2024-09-20T19:00,33.0118
2024-09-20T20:00,32.0479
2024-09-20T21:00,31.424799999999998
2024-09-20T22:00,31.123700000000003
2024-09-20T23:00,30.661900000000003
2024-09-21T00:00,30.3042
2024-09-21T01:00,30.229100000000003
2024-09-21T02:00,30.573700000000006
2024-09-21T03:00,30.607
2024-09-21T04:00,30.6582
2024-09-21T05:00,30.7543
2024-09-21T06:00,31.453699999999998
2024-09-21T07:00,32.9389
2024-09-21T08:00,34.3789
2024-09-21T09:00,35.5606
2024-09-21T10:00,36.654900000000005
2024-09-21T11:00,36.997099999999996
2024-09-21T12:00,37.130700000000004
2024-09-21T13:00,37.2609
2024-09-21T14:00,37.1344
2024-09-21T15:00,37.0962
2024-09-21T16:00,37.031800000000004
2024-09-21T17:00,37.00920000000001
2024-09-21T18:00,34.9395
2024-09-21T19:00,33.8278
2024-09-21T20:00,33.103699999999996
2024-09-21T21:00,32.587
2024-09-21T22:00,32.095800000000004
2024-09-21T23:00,31.679100000000002
2024-09-22T00:00,31.403600000000004
2024-09-22T01:00,31.109700000000004
2024-09-22T02:00,30.86
2024-09-22T03:00,31.0485
2024-09-22T04:00,31.0567
2024-09-22T05:00,30.945600000000002
2024-09-22T06:00,31.557200000000005
2024-09-22T07:00,33.499500000000005
2024-09-22T08:00,35.4029
2024-09-22T09:00,36.4598
2024-09-22T10:00,37.931799999999996
2024-09-22T11:00,39.1237
2024-09-22T12:00,39.4683
2024-09-22T13:00,39.642100000000006
2024-09-22T14:00,39.1244
2024-09-22T15:00,38.7109
2024-09-22T16:00,38.5246
2024-09-22T17:00,38.4086
2024-09-22T18:00,36.9362
2024-09-22T19:00,35.758199999999995
2024-09-22T20:00,35.121900000000004
2024-09-22T21:00,34.5183
2024-09-22T22:00,33.6702
2024-09-22T23:00,32.9812
2024-09-23T00:00,32.5374
2024-09-23T01:00,32.1036
2024-09-23T02:00,31.7675
2024-09-23T03:00,31.5022
2024-09-23T04:00,31.279500000000002
2024-09-23T05:00,30.9894
2024-09-23T06:00,31.8422
2024-09-23T07:00,33.8637
2024-09-23T08:00,35.8804
2024-09-23T09:00,37.2655
2024-09-23T10:00,38.899
2024-09-23T11:00,40.1855
2024-09-23T12:00,40.7953
2024-09-23T13:00,40.9923
2024-09-23T14:00,40.3134
2024-09-23T15:00,39.1355
2024-09-23T16:00,38.7693
2024-09-23T17:00,38.7508
2024-09-23T18:00,35.87480000000001
2024-09-23T19:00,35.4457
2024-09-23T20:00,34.6977
2024-09-23T21:00,34.115700000000004
2024-09-23T22:00,33.5726
2024-09-23T23:00,32.940000000000005
2024-09-24T00:00,32.52570000000001
2024-09-24T01:00,32.237
2024-09-24T02:00,31.8211
2024-09-24T03:00,31.585299999999997
2024-09-24T04:00,31.2966
2024-09-24T05:00,31.644400000000005
2024-09-24T06:00,32.687000000000005
2024-09-24T07:00,34.6161
2024-09-24T08:00,36.393499999999996
2024-09-24T09:00,37.638999999999996
2024-09-24T10:00,38.91250000000001
2024-09-24T11:00,40.087300000000006
2024-09-24T12:00,40.8631
2024-09-24T13:00,40.9437
2024-09-24T14:00,40.17640000000001
2024-09-24T15:00,39.1196
2024-09-24T16:00,38.5779
2024-09-24T17:00,38.4701
2024-09-24T18:00,37.027499999999996
2024-09-24T19:00,36.273399999999995
2024-09-24T20:00,35.6527
2024-09-24T21:00,34.9116
2024-09-24T22:00,34.323499999999996
2024-09-24T23:00,34.0829
2024-09-25T00:00,33.826100000000004
2024-09-25T01:00,33.6305
2024-09-25T02:00,33.3332
2024-09-25T03:00,33.074000000000005
2024-09-25T04:00,32.270500000000006
2024-09-25T05:00,31.119500000000002
2024-09-25T06:00,32.626
2024-09-25T07:00,33.2481
2024-09-25T08:00,34.325199999999995
2024-09-25T09:00,35.424899999999994
2024-09-25T10:00,36.4857
2024-09-25T11:00,37.2577
2024-09-25T12:00,38.217800000000004
2024-09-25T13:00,38.39410000000001
2024-09-25T14:00,36.6216
2024-09-25T15:00,36.341800000000006
2024-09-25T16:00,35.978500000000004
2024-09-25T17:00,34.462900000000005
2024-09-25T18:00,33.6665
2024-09-25T19:00,32.8619
2024-09-25T20:00,32.2815
2024-09-25T21:00,31.7143
2024-09-25T22:00,31.2031
2024-09-25T23:00,30.7406
2024-09-26T00:00,30.573
2024-09-26T01:00,30.459
2024-09-26T02:00,30.407
2024-09-26T03:00,30.2378
2024-09-26T04:00,29.991799999999998
2024-09-26T05:00,29.781500000000005
2024-09-26T06:00,30.188
2024-09-26T07:00,30.471300000000003
2024-09-26T08:00,31.175
2024-09-26T09:00,32.0416
2024-09-26T10:00,32.660000000000004
2024-09-26T11:00,34.096399999999996
2024-09-26T12:00,35.6892
2024-09-26T13:00,35.2819
2024-09-26T14:00,35.0369
2024-09-26T15:00,34.5302
2024-09-26T16:00,33.7209
2024-09-26T17:00,33.3187
2024-09-26T18:00,32.3442
2024-09-26T19:00,31.781800000000004
2024-09-26T20:00,31.310000000000002
2024-09-26T21:00,30.974800000000002
2024-09-26T22:00,30.6908
2024-09-26T23:00,30.453400000000002
2024-09-27T00:00,30.3348
2024-09-27T01:00,30.285199999999996
2024-09-27T02:00,30.075699999999998
2024-09-27T03:00,29.943900000000006
2024-09-27T04:00,29.4443
2024-09-27T05:00,29.052400000000006
2024-09-27T06:00,29.5009
2024-09-27T07:00,29.5972
2024-09-27T08:00,30.6151
2024-09-27T09:00,31.8178
2024-09-27T10:00,32.6791
2024-09-27T11:00,32.779199999999996
2024-09-27T12:00,33.754200000000004
2024-09-27T13:00,34.7765
2024-09-27T14:00,34.3231
2024-09-27T15:00,33.4736
2024-09-27T16:00,33.213100000000004
2024-09-27T17:00,32.7976
2024-09-27T18:00,31.890400000000003
2024-09-27T19:00,31.4228
2024-09-27T20:00,30.830800000000004
2024-09-27T21:00,30.143900000000002
2024-09-27T22:00,29.1904
2024-09-27T23:00,28.753899999999998
2024-09-28T00:00,28.7369
2024-09-28T01:00,28.690900000000003
2024-09-28T02:00,28.7532
2024-09-28T03:00,28.664100000000005
2024-09-28T04:00,28.5268
2024-09-28T05:00,28.502000000000002
2024-09-28T06:00,29.014200000000002
2024-09-28T07:00,29.758300000000006
2024-09-28T08:00,30.9866
2024-09-28T09:00,32.3538
2024-09-28T10:00,33.1871
2024-09-28T11:00,34.2402
2024-09-28T12:00,34.5602
2024-09-28T13:00,34.0616
2024-09-28T14:00,33.7274
2024-09-28T15:00,33.67230000000001
2024-09-28T16:00,33.5024
2024-09-28T17:00,33.2733
2024-09-28T18:00,31.691500000000005
2024-09-28T19:00,31.187100000000004
2024-09-28T20:00,30.505000000000003
2024-09-28T21:00,30.1443
2024-09-28T22:00,29.7471
2024-09-28T23:00,29.471700000000002
2024-09-29T00:00,29.165300000000002
2024-09-29T01:00,28.872000000000003
2024-09-29T02:00,28.7106
2024-09-29T03:00,28.4483
2024-09-29T04:00,28.2729
2024-09-29T05:00,28.220299999999998
2024-09-29T06:00,28.7782
2024-09-29T07:00,29.4774
2024-09-29T08:00,30.6933
2024-09-29T09:00,31.935500000000005
2024-09-29T10:00,33.0297
2024-09-29T11:00,34.1068
2024-09-29T12:00,35.0366
2024-09-29T13:00,35.7828
2024-09-29T14:00,35.5762
2024-09-29T15:00,35.5772
2024-09-29T16:00,35.400999999999996
2024-09-29T17:00,34.939800000000005
2024-09-29T18:00,33.1584
2024-09-29T19:00,32.5114
2024-09-29T20:00,31.8458
2024-09-29T21:00,31.406000000000006
2024-09-29T22:00,31.3186
2024-09-29T23:00,30.8846
2024-09-30T00:00,30.745299999999997
2024-09-30T01:00,29.8448
2024-09-30T02:00,29.5709
2024-09-30T03:00,29.2335
2024-09-30T04:00,29.1272
2024-09-30T05:00,28.782700000000002
2024-09-30T06:00,29.599800000000002
2024-09-30T07:00,31.038400000000003
2024-09-30T08:00,32.827600000000004
2024-09-30T09:00,33.8913
2024-09-30T10:00,34.9521
2024-09-30T11:00,35.7226
2024-09-30T12:00,36.181200000000004
2024-09-30T13:00,36.2286
2024-09-30T14:00,36.0695
2024-09-30T15:00,35.6061
2024-09-30T16:00,35.811600000000006
2024-09-30T17:00,35.1606
2024-09-30T18:00,33.45910000000001
2024-09-30T19:00,32.6476
2024-09-30T20:00,32.2794
2024-09-30T21:00,31.641000000000002
2024-09-30T22:00,31.3307
2024-09-30T23:00,30.896200000000004
2024-10-01T00:00,30.526100000000003
2024-10-01T01:00,30.159100000000002
2024-10-01T02:00,29.730800000000002
2024-10-01T03:00,29.448300000000003
2024-10-01T04:00,29.110699999999998
2024-10-01T05:00,28.7778
2024-10-01T06:00,29.304100000000002
2024-10-01T07:00,30.783800000000003
2024-10-01T08:00,32.7802
2024-10-01T09:00,34.2313
2024-10-01T10:00,35.380500000000005
2024-10-01T11:00,36.25020000000001
2024-10-01T12:00,36.920500000000004
2024-10-01T13:00,37.2626
2024-10-01T14:00,36.9893
2024-10-01T15:00,36.550200000000004
2024-10-01T16:00,36.797000000000004
2024-10-01T17:00,36.026300000000006
2024-10-01T18:00,33.822
2024-10-01T19:00,33.2565
2024-10-01T20:00,33.42
2024-10-01T21:00,33.1281
2024-10-01T22:00,32.174400000000006
2024-10-01T23:00,31.0984
2024-10-02T00:00,30.750899999999998
2024-10-02T01:00,30.4811
2024-10-02T02:00,30.2481
2024-10-02T03:00,30.1994
2024-10-02T04:00,29.8339
2024-10-02T05:00,29.495600000000003
2024-10-02T06:00,30.928
2024-10-02T07:00,32.552200000000006
2024-10-02T08:00,34.952200000000005
2024-10-02T09:00,36.393100000000004
2024-10-02T10:00,37.2744
2024-10-02T11:00,38.1496
2024-10-02T12:00,38.4912
2024-10-02T13:00,38.353100000000005
2024-10-02T14:00,37.8192
2024-10-02T15:00,37.14410000000001
2024-10-02T16:00,37.440599999999996
2024-10-02T17:00,36.1788
2024-10-02T18:00,34.113299999999995
2024-10-02T19:00,33.8076
2024-10-02T20:00,32.8806
2024-10-02T21:00,31.821100000000005
2024-10-02T22:00,31.140000000000004
2024-10-02T23:00,30.4864
2024-10-03T00:00,29.934200000000004
2024-10-03T01:00,29.722399999999997
2024-10-03T02:00,29.295
2024-10-03T03:00,28.9412
2024-10-03T04:00,28.654100000000003
2024-10-03T05:00,28.1141
2024-10-03T06:00,28.517200000000003
2024-10-03T07:00,29.9505
2024-10-03T08:00,32.5854
2024-10-03T09:00,34.1699
2024-10-03T10:00,35.707800000000006
2024-10-03T11:00,37.1107
2024-10-03T12:00,37.958600000000004
2024-10-03T13:00,38.3053
2024-10-03T14:00,38.0071
2024-10-03T15:00,37.2667
2024-10-03T16:00,37.7539
2024-10-03T17:00,36.9763
2024-10-03T18:00,34.391600000000004
2024-10-03T19:00,32.4911
2024-10-03T20:00,31.7198
2024-10-03T21:00,32.0087
2024-10-03T22:00,31.373
2024-10-03T23:00,30.859499999999997
2024-10-04T00:00,30.2721
2024-10-04T01:00,29.497200000000003
2024-10-04T02:00,28.546100000000003
2024-10-04T03:00,28.5272
2024-10-04T04:00,28.3891
2024-10-04T05:00,28.1231
2024-10-04T06:00,28.739300000000004
2024-10-04T07:00,30.3869
2024-10-04T08:00,32.404
2024-10-04T09:00,33.7262
2024-10-04T10:00,35.4069
2024-10-04T11:00,36.8624
2024-10-04T12:00,37.6125
2024-10-04T13:00,37.9148
2024-10-04T14:00,37.358200000000004
2024-10-04T15:00,36.6683
2024-10-04T16:00,36.6683
2024-10-04T17:00,36.390299999999996
2024-10-04T18:00,34.577400000000004
2024-10-04T19:00,33.48330000000001
2024-10-04T20:00,33.1616
2024-10-04T21:00,33.1469
2024-10-04T22:00,31.648400000000002
2024-10-04T23:00,30.838
2024-10-05T00:00,30.402
2024-10-05T01:00,30.112699999999997
2024-10-05T02:00,29.7758
2024-10-05T03:00,29.2593
2024-10-05T04:00,28.642400000000002
2024-10-05T05:00,28.0403
2024-10-05T06:00,29.5469
2024-10-05T07:00,30.285700000000006
2024-10-05T08:00,31.953700000000005
2024-10-05T09:00,33.4816
2024-10-05T10:00,35.1104
2024-10-05T11:00,36.3975
2024-10-05T12:00,37.3703
2024-10-05T13:00,37.609
2024-10-05T14:00,37.0703
2024-10-05T15:00,36.6395
2024-10-05T16:00,36.3635
2024-10-05T17:00,35.695
2024-10-05T18:00,32.8935
2024-10-05T19:00,32.743700000000004
2024-10-05T20:00,32.3417
2024-10-05T21:00,31.1676
2024-10-05T22:00,30.159200000000002
2024-10-05T23:00,29.765900000000002
2024-10-06T00:00,29.3614
2024-10-06T01:00,29.211700000000004
2024-10-06T02:00,28.7314
2024-10-06T03:00,28.115700000000004
2024-10-06T04:00,27.9466
2024-10-06T05:00,27.537600000000005
2024-10-06T06:00,28.3322
2024-10-06T07:00,29.8258
2024-10-06T08:00,31.789400000000004
2024-10-06T09:00,33.716899999999995
2024-10-06T10:00,35.73760000000001
2024-10-06T11:00,37.4408
2024-10-06T12:00,37.9001
2024-10-06T13:00,36.736900000000006
2024-10-06T14:00,36.114999999999995
2024-10-06T15:00,34.8655
2024-10-06T16:00,34.548100000000005
2024-10-06T17:00,34.0187
2024-10-06T18:00,31.960600000000003
2024-10-06T19:00,31.181
2024-10-06T20:00,30.2578
2024-10-06T21:00,29.6264
2024-10-06T22:00,29.3237
2024-10-06T23:00,28.897800000000004
2024-10-07T00:00,28.729400000000005
2024-10-07T01:00,28.1747
2024-10-07T02:00,27.802
2024-10-07T03:00,27.326100000000004
2024-10-07T04:00,26.7236
2024-10-07T05:00,26.218600000000002
2024-10-07T06:00,27.3108
2024-10-07T07:00,28.364400000000003
2024-10-07T08:00,30.3493
2024-10-07T09:00,32.1574
2024-10-07T10:00,34.0484
2024-10-07T11:00,35.828500000000005
2024-10-07T12:00,36.458499999999994
2024-10-07T13:00,36.432
2024-10-07T14:00,35.8662
2024-10-07T15:00,35.379000000000005
2024-10-07T16:00,35.143800000000006
2024-10-07T17:00,34.635
2024-10-07T18:00,31.876600000000003
2024-10-07T19:00,31.041
2024-10-07T20:00,30.625
2024-10-07T21:00,30.076999999999998
2024-10-07T22:00,29.7499
2024-10-07T23:00,29.017
2024-10-08T00:00,28.6742
2024-10-08T01:00,28.524000000000004
2024-10-08T02:00,28.0561
2024-10-08T03:00,27.3577
2024-10-08T04:00,27.232400000000002
2024-10-08T05:00,27.3147
2024-10-08T06:00,28.9352
2024-10-08T07:00,30.615199999999998
2024-10-08T08:00,32.613800000000005
2024-10-08T09:00,34.2043
2024-10-08T10:00,35.5033
2024-10-08T11:00,36.4127
2024-10-08T12:00,36.873599999999996
2024-10-08T13:00,36.8511
2024-10-08T14:00,35.84460000000001
2024-10-08T15:00,35.0354
2024-10-08T16:00,34.788599999999995
2024-10-08T17:00,33.9664
2024-10-08T18:00,32.4083
2024-10-08T19:00,31.528300000000005
2024-10-08T20:00,30.671800000000005
2024-10-08T21:00,29.8827
2024-10-08T22:00,29.1834
2024-10-08T23:00,29.136899999999997
2024-10-09T00:00,29.3243
2024-10-09T01:00,29.302300000000002
2024-10-09T02:00,28.5456
2024-10-09T03:00,27.3393
2024-10-09T04:00,26.560200000000002
2024-10-09T05:00,25.827
2024-10-09T06:00,27.487599999999997
2024-10-09T07:00,28.937200000000004
2024-10-09T08:00,31.1174
2024-10-09T09:00,32.8197
2024-10-09T10:00,34.4406
2024-10-09T11:00,35.57730000000001
2024-10-09T12:00,35.945
2024-10-09T13:00,35.8416
2024-10-09T14:00,34.934599999999996
2024-10-09T15:00,33.1469
2024-10-09T16:00,33.3148
2024-10-09T17:00,32.0702
2024-10-09T18:00,31.2195
2024-10-09T19:00,29.936799999999998
2024-10-09T20:00,29.067800000000002
2024-10-09T21:00,28.4072
2024-10-09T22:00,27.7811
2024-10-09T23:00,27.3759
2024-10-10T00:00,26.819699999999997
2024-10-10T01:00,26.237000000000002
2024-10-10T02:00,26.041199999999996
2024-10-10T03:00,25.623
2024-10-10T04:00,25.2033
2024-10-10T05:00,24.2382
2024-10-10T06:00,25.8298
2024-10-10T07:00,27.2553
2024-10-10T08:00,29.6988
2024-10-10T09:00,31.454000000000004
2024-10-10T10:00,32.9779
2024-10-10T11:00,34.033899999999996
2024-10-10T12:00,34.200500000000005
2024-10-10T13:00,33.9171
2024-10-10T14:00,33.447
2024-10-10T15:00,32.894600000000004
2024-10-10T16:00,32.7666
2024-10-10T17:00,30.993600000000004
2024-10-10T18:00,29.480099999999997
2024-10-10T19:00,28.5481
2024-10-10T20:00,27.9821
2024-10-10T21:00,27.1549
2024-10-10T22:00,26.4053
2024-10-10T23:00,25.760800000000003
2024-10-11T00:00,25.060100000000002
2024-10-11T01:00,24.3866
2024-10-11T02:00,23.772100000000002
2024-10-11T03:00,23.241500000000002
2024-10-11T04:00,22.5121
2024-10-11T05:00,21.8975
2024-10-11T06:00,22.733400000000003
2024-10-11T07:00,24.193800000000003
2024-10-11T08:00,26.966
2024-10-11T09:00,29.2937
2024-10-11T10:00,31.629200000000004
2024-10-11T11:00,33.1477
2024-10-11T12:00,33.2803
2024-10-11T13:00,32.7797
2024-10-11T14:00,32.214
2024-10-11T15:00,31.774099999999997
2024-10-11T16:00,31.6864
2024-10-11T17:00,29.730800000000002
2024-10-11T18:00,27.701400000000003
2024-10-11T19:00,26.804199999999998
2024-10-11T20:00,26.463500000000003
2024-10-11T21:00,25.921700000000005
2024-10-11T22:00,25.2187
2024-10-11T23:00,24.964399999999998
2024-10-12T00:00,24.5943
2024-10-12T01:00,24.0938
2024-10-12T02:00,23.799000000000003
2024-10-12T03:00,23.554699999999997
2024-10-12T04:00,23.241300000000003
2024-10-12T05:00,22.7967
2024-10-12T06:00,23.886300000000002
2024-10-12T07:00,25.258899999999997
2024-10-12T08:00,28.069700000000005
2024-10-12T09:00,30.221200000000003
2024-10-12T10:00,31.590700000000002
2024-10-12T11:00,33.1667
2024-10-12T12:00,33.8782
2024-10-12T13:00,33.8068
2024-10-12T14:00,33.1596
2024-10-12T15:00,32.6755
2024-10-12T16:00,32.9361
2024-10-12T17:00,30.9984
2024-10-12T18:00,29.468700000000002
2024-10-12T19:00,28.481199999999998
2024-10-12T20:00,27.322
2024-10-12T21:00,26.833399999999997
2024-10-12T22:00,26.3849
2024-10-12T23:00,25.908100000000005
2024-10-13T00:00,25.5293
2024-10-13T01:00,25.009300000000003
2024-10-13T02:00,24.9418
2024-10-13T03:00,24.151300000000003
2024-10-13T04:00,24.1713
2024-10-13T05:00,23.661600000000004
2024-10-13T06:00,24.4962
2024-10-13T07:00,26.1149
2024-10-13T08:00,29.116000000000003
2024-10-13T09:00,31.304700000000004
2024-10-13T10:00,32.4739
2024-10-13T11:00,32.981899999999996
2024-10-13T12:00,33.2503
2024-10-13T13:00,33.5741
2024-10-13T14:00,33.2693
2024-10-13T15:00,32.7657
2024-10-13T16:00,32.693900000000006
2024-10-13T17:00,30.500400000000003
2024-10-13T18:00,29.282500000000002
2024-10-13T19:00,28.776400000000002
2024-10-13T20:00,28.1914
2024-10-13T21:00,28.067200000000003
2024-10-13T22:00,27.683
2024-10-13T23:00,27.177400000000002
2024-10-14T00:00,26.951800000000002
2024-10-14T01:00,25.691699999999997
2024-10-14T02:00,25.076199999999996
2024-10-14T03:00,24.7022
2024-10-14T04:00,24.154500000000002
2024-10-14T05:00,24.1956
2024-10-14T06:00,25.1333
2024-10-14T07:00,26.5315
2024-10-14T08:00,28.964699999999997
2024-10-14T09:00,30.601800000000004
2024-10-14T10:00,31.737599999999997
2024-10-14T11:00,33.003
2024-10-14T12:00,33.26440000000001
2024-10-14T13:00,33.339800000000004
2024-10-14T14:00,32.7827
2024-10-14T15:00,32.17679999999999
2024-10-14T16:00,32.031000000000006
2024-10-14T17:00,30.2713
2024-10-14T18:00,28.038600000000002
2024-10-14T19:00,26.822900000000004
2024-10-14T20:00,26.9446
2024-10-14T21:00,27.2942
2024-10-14T22:00,25.7571
2024-10-14T23:00,24.786
2024-10-15T00:00,24.166700000000002
2024-10-15T01:00,23.8508
2024-10-15T02:00,23.4856
2024-10-15T03:00,23.2786
2024-10-15T04:00,22.978400000000004
2024-10-15T05:00,22.648799999999998
2024-10-15T06:00,23.6156
2024-10-15T07:00,25.1172
2024-10-15T08:00,27.9662
2024-10-15T09:00,30.0852
2024-10-15T10:00,31.7868
2024-10-15T11:00,32.939699999999995
2024-10-15T12:00,33.4354
2024-10-15T13:00,33.208000000000006
2024-10-15T14:00,32.5647
2024-10-15T15:00,31.9028
2024-10-15T16:00,32.051
2024-10-15T17:00,29.679000000000002
2024-10-15T18:00,27.8829
2024-10-15T19:00,26.722700000000003
2024-10-15T20:00,26.6192
2024-10-15T21:00,25.529200000000003
2024-10-15T22:00,24.9103
2024-10-15T23:00,23.9464
2024-10-16T00:00,23.219300000000004
2024-10-16T01:00,22.244
2024-10-16T02:00,22.098799999999997
2024-10-16T03:00,21.6046
2024-10-16T04:00,21.178700000000003
2024-10-16T05:00,20.9016
2024-10-16T06:00,22.293
2024-10-16T07:00,24.3261
2024-10-16T08:00,27.9333
2024-10-16T09:00,30.533999999999995
2024-10-16T10:00,32.387699999999995
2024-10-16T11:00,33.7625
2024-10-16T12:00,34.388
2024-10-16T13:00,34.0206
2024-10-16T14:00,33.6362
2024-10-16T15:00,33.0442
2024-10-16T16:00,33.422200000000004
2024-10-16T17:00,30.759900000000002
2024-10-16T18:00,29.6031
2024-10-16T19:00,27.7686
2024-10-16T20:00,27.7264
2024-10-16T21:00,27.0336
2024-10-16T22:00,26.376199999999997
2024-10-16T23:00,25.7083
2024-10-17T00:00,24.8826
2024-10-17T01:00,24.5863
2024-10-17T02:00,24.7323
2024-10-17T03:00,24.2061
2024-10-17T04:00,23.743000000000002
2024-10-17T05:00,23.2667
2024-10-17T06:00,23.751600000000003
2024-10-17T07:00,25.7847
2024-10-17T08:00,28.8178
2024-10-17T09:00,31.2092
2024-10-17T10:00,32.71039999999999
2024-10-17T11:00,34.2149
2024-10-17T12:00,35.0497
2024-10-17T13:00,35.235800000000005
2024-10-17T14:00,34.4442
2024-10-17T15:00,33.996500000000005
2024-10-17T16:00,34.3448
2024-10-17T17:00,32.5231
2024-10-17T18:00,30.605800000000006
2024-10-17T19:00,29.320600000000002
2024-10-17T20:00,27.585
2024-10-17T21:00,26.697599999999998
2024-10-17T22:00,26.0912
2024-10-17T23:00,25.9403
2024-10-18T00:00,24.9906
2024-10-18T01:00,24.976000000000003
2024-10-18T02:00,24.295700000000004
2024-10-18T03:00,23.6242
2024-10-18T04:00,23.4388
2024-10-18T05:00,23.2158
2024-10-18T06:00,24.163000000000004
2024-10-18T07:00,26.1208
2024-10-18T08:00,29.252200000000002
2024-10-18T09:00,31.7094
2024-10-18T10:00,33.5468
2024-10-18T11:00,35.0002
2024-10-18T12:00,35.690599999999996
2024-10-18T13:00,35.692800000000005
2024-10-18T14:00,35.0084
2024-10-18T15:00,34.3808
2024-10-18T16:00,34.4327
2024-10-18T17:00,31.9841
2024-10-18T18:00,29.7105
2024-10-18T19:00,28.7695
2024-10-18T20:00,28.037300000000002
2024-10-18T21:00,27.0571
2024-10-18T22:00,26.2645
2024-10-18T23:00,25.901600000000002
2024-10-19T00:00,25.422800000000002
2024-10-19T01:00,25.089999999999996
2024-10-19T02:00,24.7893
2024-10-19T03:00,24.621800000000004
2024-10-19T04:00,23.7083
2024-10-19T05:00,23.2521
2024-10-19T06:00,23.959500000000002
2024-10-19T07:00,26.3758
2024-10-19T08:00,29.5501
2024-10-19T09:00,32.178799999999995
2024-10-19T10:00,33.9991
2024-10-19T11:00,35.60770000000001
2024-10-19T12:00,36.337
2024-10-19T13:00,36.35470000000001
2024-10-19T14:00,35.4081
2024-10-19T15:00,34.749500000000005
2024-10-19T16:00,34.9109
2024-10-19T17:00,31.785300000000003
2024-10-19T18:00,30.552099999999996
2024-10-19T19:00,29.858700000000002
2024-10-19T20:00,29.1542
2024-10-19T21:00,28.2998
2024-10-19T22:00,28.1695
2024-10-19T23:00,27.523000000000003
2024-10-20T00:00,27.4543
2024-10-20T01:00,26.947599999999998
2024-10-20T02:00,25.558
2024-10-20T03:00,24.6278
2024-10-20T04:00,24.3136
2024-10-20T05:00,23.826500000000003
2024-10-20T06:00,24.801399999999997
2024-10-20T07:00,26.684
2024-10-20T08:00,29.7737
2024-10-20T09:00,32.211800000000004
2024-10-20T10:00,33.852900000000005
2024-10-20T11:00,35.2295
2024-10-20T12:00,35.969699999999996
2024-10-20T13:00,35.94870000000001
2024-10-20T14:00,35.3084
2024-10-20T15:00,34.830200000000005
2024-10-20T16:00,35.399300000000004
2024-10-20T17:00,32.8893
2024-10-20T18:00,30.031900000000004
2024-10-20T19:00,28.8929
2024-10-20T20:00,28.074900000000003
2024-10-20T21:00,27.218899999999998
2024-10-20T22:00,26.3975
2024-10-20T23:00,25.733999999999998
2024-10-21T00:00,25.4574
2024-10-21T01:00,24.905700000000003
2024-10-21T02:00,24.186
2024-10-21T03:00,24.282200000000003
2024-10-21T04:00,23.662100000000002
2024-10-21T05:00,23.3534
2024-10-21T06:00,23.907000000000004
2024-10-21T07:00,25.836700000000004
2024-10-21T08:00,28.8381
2024-10-21T09:00,31.407100000000003
2024-10-21T10:00,33.4386
2024-10-21T11:00,35.20230000000001
2024-10-21T12:00,36.083600000000004
2024-10-21T13:00,35.63250000000001
2024-10-21T14:00,34.481
2024-10-21T15:00,33.9076
2024-10-21T16:00,33.719300000000004
2024-10-21T17:00,30.921799999999998
2024-10-21T18:00,30.020500000000002
2024-10-21T19:00,29.021199999999997
2024-10-21T20:00,28.3014
2024-10-21T21:00,27.787599999999998
2024-10-21T22:00,27.1602
2024-10-21T23:00,26.607
2024-10-22T00:00,26.082600000000003
2024-10-22T01:00,25.581999999999997
2024-10-22T02:00,25.1169
2024-10-22T03:00,24.157799999999998
2024-10-22T04:00,23.6682
2024-10-22T05:00,23.330600000000004
2024-10-22T06:00,23.9105
2024-10-22T07:00,26.2594
2024-10-22T08:00,29.1245
2024-10-22T09:00,31.501900000000003
2024-10-22T10:00,32.7046
2024-10-22T11:00,33.7178
2024-10-22T12:00,34.068400000000004
2024-10-22T13:00,33.875899999999994
2024-10-22T14:00,33.1806
2024-10-22T15:00,32.7212
2024-10-22T16:00,32.6454
2024-10-22T17:00,29.9854
2024-10-22T18:00,28.9952
2024-10-22T19:00,28.2183
2024-10-22T20:00,27.440000000000005
2024-10-22T21:00,26.3686
2024-10-22T22:00,25.3316
2024-10-22T23:00,25.3356
2024-10-23T00:00,24.7808
2024-10-23T01:00,24.582800000000002
2024-10-23T02:00,23.6998
2024-10-23T03:00,23.218500000000002
2024-10-23T04:00,23.081300000000002
2024-10-23T05:00,22.682499999999997
2024-10-23T06:00,24.0522
2024-10-23T07:00,25.671800000000005
2024-10-23T08:00,28.8246
2024-10-23T09:00,31.078
2024-10-23T10:00,32.4476
2024-10-23T11:00,33.1902
2024-10-23T12:00,33.5666
2024-10-23T13:00,33.198
2024-10-23T14:00,32.4198
2024-10-23T15:00,32.0496
2024-10-23T16:00,32.1328
2024-10-23T17:00,29.9156
2024-10-23T18:00,29.245000000000005
2024-10-23T19:00,28.4637
2024-10-23T20:00,27.614100000000004
2024-10-23T21:00,26.419
2024-10-23T22:00,25.5881
2024-10-23T23:00,24.936300000000003
2024-10-24T00:00,24.230199999999996
2024-10-24T01:00,23.8322
2024-10-24T02:00,23.3371
2024-10-24T03:00,22.863
2024-10-24T04:00,22.5837
2024-10-24T05:00,22.4085
2024-10-24T06:00,23.422099999999997
2024-10-24T07:00,24.8166
2024-10-24T08:00,27.4113
2024-10-24T09:00,29.6443
2024-10-24T10:00,31.3824
2024-10-24T11:00,33.2391
2024-10-24T12:00,34.0466
2024-10-24T13:00,34.4175
2024-10-24T14:00,33.903800000000004
2024-10-24T15:00,33.4855
2024-10-24T16:00,33.387800000000006
2024-10-24T17:00,31.1408
2024-10-24T18:00,29.756500000000003
2024-10-24T19:00,28.8363
2024-10-24T20:00,27.778000000000002
2024-10-24T21:00,26.7143
2024-10-24T22:00,25.8453
2024-10-24T23:00,25.157
2024-10-25T00:00,24.493599999999997
2024-10-25T01:00,24.051299999999998
2024-10-25T02:00,23.633900000000004
2024-10-25T03:00,23.1062
2024-10-25T04:00,22.630500000000005
2024-10-25T05:00,22.149300000000004
2024-10-25T06:00,22.951700000000002
2024-10-25T07:00,24.572
2024-10-25T08:00,27.182899999999997
2024-10-25T09:00,29.4749
2024-10-25T10:00,31.319999999999997
2024-10-25T11:00,33.0518
2024-10-25T12:00,33.864200000000004
2024-10-25T13:00,33.71600000000001
2024-10-25T14:00,33.048700000000004
2024-10-25T15:00,32.7104
2024-10-25T16:00,32.4241
2024-10-25T17:00,30.554700000000004
2024-10-25T18:00,29.1936
2024-10-25T19:00,28.045099999999998
2024-10-25T20:00,27.025000000000002
2024-10-25T21:00,26.001000000000005
2024-10-25T22:00,25.0085
2024-10-25T23:00,24.5016
2024-10-26T00:00,24.3448
2024-10-26T01:00,23.813799999999997
2024-10-26T02:00,23.6068
2024-10-26T03:00,22.9469
2024-10-26T04:00,22.381
2024-10-26T05:00,22.2566
2024-10-26T06:00,22.842000000000002
2024-10-26T07:00,24.107
2024-10-26T08:00,26.6062
2024-10-26T09:00,28.657
2024-10-26T10:00,30.4681
2024-10-26T11:00,32.2783
2024-10-26T12:00,33.228699999999996
2024-10-26T13:00,33.4196
2024-10-26T14:00,33.0309
2024-10-26T15:00,32.810500000000005
2024-10-26T16:00,32.7205
2024-10-26T17:00,30.4081
2024-10-26T18:00,29.1233
2024-10-26T19:00,28.328699999999998
2024-10-26T20:00,27.206900000000005
2024-10-26T21:00,26.3829
2024-10-26T22:00,25.649
2024-10-26T23:00,25.3054
2024-10-27T00:00,25.043300000000002
2024-10-27T01:00,24.817499999999995
2024-10-27T02:00,24.420099999999998
2024-10-27T03:00,24.102700000000002
2024-10-27T04:00,23.9388
2024-10-27T05:00,23.7835
2024-10-27T06:00,24.2936
2024-10-27T07:00,25.971500000000002
2024-10-27T08:00,28.5287
2024-10-27T09:00,30.5258
2024-10-27T10:00,31.945800000000002
2024-10-27T11:00,33.1019
2024-10-27T12:00,33.6419
2024-10-27T13:00,33.804899999999996
2024-10-27T14:00,33.4674
2024-10-27T15:00,33.364200000000004
2024-10-27T16:00,33.0787
2024-10-27T17:00,31.1664
2024-10-27T18:00,30.663700000000006
2024-10-27T19:00,30.3794
2024-10-27T20:00,29.2802
2024-10-27T21:00,28.674
2024-10-27T22:00,28.0215
2024-10-27T23:00,27.0935
2024-10-28T00:00,26.5938
2024-10-28T01:00,26.1308
2024-10-28T02:00,25.540300000000002
2024-10-28T03:00,25.122100000000003
2024-10-28T04:00,24.6674
2024-10-28T05:00,24.8473
2024-10-28T06:00,25.6922
2024-10-28T07:00,27.1535
2024-10-28T08:00,29.710000000000004
2024-10-28T09:00,31.357200000000002
2024-10-28T10:00,32.224000000000004
2024-10-28T11:00,33.2359
2024-10-28T12:00,33.912600000000005
2024-10-28T13:00,34.0397
2024-10-28T14:00,33.8224
2024-10-28T15:00,33.784400000000005
2024-10-28T16:00,33.4927
2024-10-28T17:00,31.5242
2024-10-28T18:00,30.595999999999997
2024-10-28T19:00,29.8109
2024-10-28T20:00,29.1399
2024-10-28T21:00,28.2375
2024-10-28T22:00,27.5593
2024-10-28T23:00,27.2838
2024-10-29T00:00,26.704900000000002
2024-10-29T01:00,26.1021
2024-10-29T02:00,25.499400000000005
2024-10-29T03:00,25.420399999999997
2024-10-29T04:00,25.1459
2024-10-29T05:00,24.6824
2024-10-29T06:00,25.928600000000003
2024-10-29T07:00,27.460900000000002
2024-10-29T08:00,30.4421
2024-10-29T09:00,32.4531
2024-10-29T10:00,33.525400000000005
2024-10-29T11:00,34.7652
2024-10-29T12:00,35.5022
2024-10-29T13:00,35.6005
2024-10-29T14:00,35.2607
2024-10-29T15:00,35.0768
2024-10-29T16:00,34.812200000000004
2024-10-29T17:00,32.3621
2024-10-29T18:00,30.962
2024-10-29T19:00,30.200100000000003
2024-10-29T20:00,29.4515
2024-10-29T21:00,28.507099999999998
2024-10-29T22:00,27.704100000000004
2024-10-29T23:00,27.1321
2024-10-30T00:00,26.5625
2024-10-30T01:00,26.1294
2024-10-30T02:00,25.725299999999997
2024-10-30T03:00,25.1836
2024-10-30T04:00,24.7468
2024-10-30T05:00,24.538
2024-10-30T06:00,25.640400000000003
2024-10-30T07:00,27.2266
2024-10-30T08:00,30.0928
2024-10-30T09:00,31.8917
2024-10-30T10:00,33.286100000000005
2024-10-30T11:00,35.0519
2024-10-30T12:00,36.1689
2024-10-30T13:00,36.1763
2024-10-30T14:00,35.2173
2024-10-30T15:00,34.5571
2024-10-30T16:00,34.3601
2024-10-30T17:00,31.280299999999997
2024-10-30T18:00,30.8915
2024-10-30T19:00,30.1075
2024-10-30T20:00,29.1587
2024-10-30T21:00,28.3026
2024-10-30T22:00,27.637400000000003
2024-10-30T23:00,27.280500000000004
2024-10-31T00:00,26.3953
2024-10-31T01:00,25.515500000000003
2024-10-31T02:00,24.910200000000003
2024-10-31T03:00,24.2809
2024-10-31T04:00,23.8076
2024-10-31T05:00,23.6556
2024-10-31T06:00,23.8591
2024-10-31T07:00,25.1691
2024-10-31T08:00,28.2403
2024-10-31T09:00,30.788599999999995
2024-10-31T10:00,32.7743
2024-10-31T11:00,33.7544
2024-10-31T12:00,34.0709
2024-10-31T13:00,33.9785
2024-10-31T14:00,33.273900000000005
2024-10-31T15:00,32.7393
2024-10-31T16:00,32.377700000000004
2024-10-31T17:00,29.995200000000004
2024-10-31T18:00,29.506400000000003
2024-10-31T19:00,28.477500000000003
2024-10-31T20:00,27.4858
2024-10-31T21:00,26.4089
2024-10-31T22:00,25.306600000000003
2024-10-31T23:00,24.4151
2024-11-01T00:00,23.5165
2024-11-01T01:00,22.795699999999997
2024-11-01T02:00,22.1935
2024-11-01T03:00,21.7139
2024-11-01T04:00,21.3531
2024-11-01T05:00,20.9884
2024-11-01T06:00,21.3306
2024-11-01T07:00,22.6057
2024-11-01T08:00,25.6777
2024-11-01T09:00,28.3772
2024-11-01T10:00,30.556900000000006
2024-11-01T11:00,31.7745
2024-11-01T12:00,31.693700000000003
2024-11-01T13:00,31.288399999999996
2024-11-01T14:00,30.491300000000003
2024-11-01T15:00,30.324499999999997
2024-11-01T16:00,29.9768
2024-11-01T17:00,25.8495
2024-11-01T18:00,25.5216
2024-11-01T19:00,24.7832
2024-11-01T20:00,23.6078
2024-11-01T21:00,22.4859
2024-11-01T22:00,21.710600000000003
2024-11-01T23:00,20.965600000000002
2024-11-02T00:00,20.3191
2024-11-02T01:00,19.567700000000002
2024-11-02T02:00,19.6204
2024-11-02T03:00,19.2357
2024-11-02T04:00,18.7361
2024-11-02T05:00,18.3977
2024-11-02T06:00,18.4912
2024-11-02T07:00,20.691000000000003
2024-11-02T08:00,24.7009
2024-11-02T09:00,28.005600000000005
2024-11-02T10:00,30.131
2024-11-02T11:00,31.7271
2024-11-02T12:00,32.6039
2024-11-02T13:00,32.448
2024-11-02T14:00,31.6426
2024-11-02T15:00,31.2352
2024-11-02T16:00,31.165200000000002
2024-11-02T17:00,27.038999999999998
2024-11-02T18:00,26.279799999999998
2024-11-02T19:00,24.983400000000003
2024-11-02T20:00,23.8447
2024-11-02T21:00,23.362300000000005
2024-11-02T22:00,22.535300000000003
2024-11-02T23:00,21.508100000000002
2024-11-03T00:00,20.596700000000002
2024-11-03T01:00,20.0488
2024-11-03T02:00,19.886799999999997
2024-11-03T03:00,19.7455
2024-11-03T04:00,19.2528
2024-11-03T05:00,18.802200000000003
2024-11-03T06:00,20.0
2024-11-03T07:00,21.359599999999997
2024-11-03T08:00,24.9672
2024-11-03T09:00,28.413100000000004
2024-11-03T10:00,30.4469
2024-11-03T11:00,31.856900000000003
2024-11-03T12:00,32.1495
2024-11-03T13:00,31.820500000000003
2024-11-03T14:00,30.9848
2024-11-03T15:00,30.517600000000005
2024-11-03T16:00,30.620000000000005
2024-11-03T17:00,26.728999999999996
2024-11-03T18:00,25.6006
2024-11-03T19:00,24.7371
2024-11-03T20:00,23.9274
2024-11-03T21:00,22.828699999999998
2024-11-03T22:00,22.445699999999995
2024-11-03T23:00,21.7658
2024-11-04T00:00,21.061300000000003
2024-11-04T01:00,20.9005
2024-11-04T02:00,20.182600000000004
2024-11-04T03:00,20.0745
2024-11-04T04:00,19.589600000000004
2024-11-04T05:00,19.1637
2024-11-04T06:00,19.6978
2024-11-04T07:00,21.101000000000003
2024-11-04T08:00,24.7068
2024-11-04T09:00,27.7771
2024-11-04T10:00,29.8745
2024-11-04T11:00,31.348799999999997
2024-11-04T12:00,32.013000000000005
2024-11-04T13:00,31.932100000000002
2024-11-04T14:00,31.4619
2024-11-04T15:00,31.15
2024-11-04T16:00,30.881500000000003
2024-11-04T17:00,27.470600000000005
2024-11-04T18:00,25.936000000000003
2024-11-04T19:00,24.9792
2024-11-04T20:00,25.277700000000003
2024-11-04T21:00,24.179399999999998
2024-11-04T22:00,23.609800000000003
2024-11-04T23:00,22.605000000000004
2024-11-05T00:00,22.225600000000004
2024-11-05T01:00,21.964100000000002
2024-11-05T02:00,22.0291
2024-11-05T03:00,21.8438
2024-11-05T04:00,21.3791
2024-11-05T05:00,21.195300000000003
2024-11-05T06:00,21.854200000000002
2024-11-05T07:00,23.2733
2024-11-05T08:00,25.9968
2024-11-05T09:00,28.3765
2024-11-05T10:00,30.0871
2024-11-05T11:00,31.2726
2024-11-05T12:00,31.9165
2024-11-05T13:00,31.9505
2024-11-05T14:00,31.768900000000002
2024-11-05T15:00,31.410400000000003
2024-11-05T16:00,30.821
2024-11-05T17:00,28.654
2024-11-05T18:00,27.780099999999997
2024-11-05T19:00,26.124499999999998
2024-11-05T20:00,25.128800000000002
2024-11-05T21:00,24.602
2024-11-05T22:00,24.149800000000003
2024-11-05T23:00,23.572200000000002
2024-11-06T00:00,23.2528
2024-11-06T01:00,23.435000000000002
2024-11-06T02:00,23.125500000000002
2024-11-06T03:00,23.124200000000002
2024-11-06T04:00,22.8122
2024-11-06T05:00,22.2669
2024-11-06T06:00,22.3292
2024-11-06T07:00,23.754699999999996
2024-11-06T08:00,26.9438
2024-11-06T09:00,29.5355
2024-11-06T10:00,30.9484
2024-11-06T11:00,32.000499999999995
2024-11-06T12:00,32.5591
2024-11-06T13:00,32.42020000000001
2024-11-06T14:00,32.0757
2024-11-06T15:00,31.605499999999996
2024-11-06T16:00,31.1602
2024-11-06T17:00,28.4206
2024-11-06T18:00,27.0748
2024-11-06T19:00,26.4287
2024-11-06T20:00,26.751499999999997
2024-11-06T21:00,26.191
2024-11-06T22:00,25.9877
2024-11-06T23:00,25.107499999999998
2024-11-07T00:00,24.1254
2024-11-07T01:00,24.0497
2024-11-07T02:00,23.454900000000002
2024-11-07T03:00,22.505799999999997
2024-11-07T04:00,22.323600000000003
2024-11-07T05:00,21.9441
2024-11-07T06:00,22.2806
2024-11-07T07:00,23.7532
2024-11-07T08:00,26.8699
2024-11-07T09:00,29.3768
2024-11-07T10:00,30.7441
2024-11-07T11:00,31.641199999999998
2024-11-07T12:00,32.1766
2024-11-07T13:00,32.0718
2024-11-07T14:00,31.7188
2024-11-07T15:00,31.417000000000005
2024-11-07T16:00,31.1115
2024-11-07T17:00,28.579500000000003
2024-11-07T18:00,27.7722
2024-11-07T19:00,27.485000000000003
2024-11-07T20:00,26.584000000000003
2024-11-07T21:00,25.714000000000002
2024-11-07T22:00,25.044800000000002
2024-11-07T23:00,25.1779
2024-11-08T00:00,23.9553
2024-11-08T01:00,22.984200000000005
2024-11-08T02:00,23.0706
2024-11-08T03:00,23.1993
2024-11-08T04:00,22.4433
2024-11-08T05:00,21.7309
2024-11-08T06:00,21.5832
2024-11-08T07:00,23.4751
2024-11-08T08:00,26.661900000000003
2024-11-08T09:00,29.1433
2024-11-08T10:00,30.46
2024-11-08T11:00,31.3344
2024-11-08T12:00,32.0499
2024-11-08T13:00,32.1445
2024-11-08T14:00,31.9692
2024-11-08T15:00,31.6946
2024-11-08T16:00,31.115099999999998
2024-11-08T17:00,28.701
2024-11-08T18:00,28.6352
2024-11-08T19:00,27.6466
2024-11-08T20:00,26.781899999999997
2024-11-08T21:00,25.5101
2024-11-08T22:00,24.791600000000003
2024-11-08T23:00,24.624200000000005
2024-11-09T00:00,23.9296
2024-11-09T01:00,23.2204
2024-11-09T02:00,22.794300000000003
2024-11-09T03:00,22.2474
2024-11-09T04:00,21.8928
2024-11-09T05:00,21.8074
2024-11-09T06:00,21.9642
2024-11-09T07:00,23.0927
2024-11-09T08:00,25.999500000000005
2024-11-09T09:00,28.3444
2024-11-09T10:00,29.7945
2024-11-09T11:00,30.942000000000004
2024-11-09T12:00,31.7279
2024-11-09T13:00,31.9404
2024-11-09T14:00,31.9683
2024-11-09T15:00,31.568800000000003
2024-11-09T16:00,31.1369
2024-11-09T17:00,28.593899999999998
2024-11-09T18:00,27.291700000000002
2024-11-09T19:00,26.662499999999998
2024-11-09T20:00,26.0443
2024-11-09T21:00,25.037200000000002
2024-11-09T22:00,24.595799999999997
2024-11-09T23:00,24.1366
2024-11-10T00:00,23.5732
2024-11-10T01:00,22.9842
2024-11-10T02:00,22.661400000000004
2024-11-10T03:00,22.110300000000002
2024-11-10T04:00,21.576300000000003
2024-11-10T05:00,21.2271
2024-11-10T06:00,21.8705
2024-11-10T07:00,23.1674
2024-11-10T08:00,26.075000000000003
2024-11-10T09:00,28.439300000000006
2024-11-10T10:00,29.924300000000002
2024-11-10T11:00,31.090400000000002
2024-11-10T12:00,31.887100000000004
2024-11-10T13:00,32.018899999999995
2024-11-10T14:00,31.908700000000003
2024-11-10T15:00,31.601400000000005
2024-11-10T16:00,31.5201
2024-11-10T17:00,28.648200000000006
2024-11-10T18:00,27.3646
2024-11-10T19:00,27.451999999999998
2024-11-10T20:00,27.416700000000002
2024-11-10T21:00,25.1665
2024-11-10T22:00,25.003600000000002
2024-11-10T23:00,24.9005
2024-11-11T00:00,23.7768
2024-11-11T01:00,23.073100000000004
2024-11-11T02:00,22.486700000000003
2024-11-11T03:00,22.063900000000004
2024-11-11T04:00,21.3845
2024-11-11T05:00,20.840500000000002
2024-11-11T06:00,21.7898
2024-11-11T07:00,23.2533
2024-11-11T08:00,26.1639
2024-11-11T09:00,28.7555
2024-11-11T10:00,30.4493
2024-11-11T11:00,31.5279
2024-11-11T12:00,32.1152
2024-11-11T13:00,32.098
2024-11-11T14:00,31.897000000000006
2024-11-11T15:00,31.524400000000004
2024-11-11T16:00,31.239800000000002
2024-11-11T17:00,28.3672
2024-11-11T18:00,27.285400000000003
2024-11-11T19:00,26.6663
2024-11-11T20:00,25.726300000000002
2024-11-11T21:00,24.909500000000005
2024-11-11T22:00,24.1749
2024-11-11T23:00,23.124
2024-11-12T00:00,22.6053
2024-11-12T01:00,22.238400000000002
2024-11-12T02:00,22.583799999999997
2024-11-12T03:00,22.5151
2024-11-12T04:00,22.3314
2024-11-12T05:00,21.934099999999997
2024-11-12T06:00,21.6631
2024-11-12T07:00,23.011899999999997
2024-11-12T08:00,26.010799999999996
2024-11-12T09:00,28.662
2024-11-12T10:00,30.165100000000002
2024-11-12T11:00,31.367799999999995
2024-11-12T12:00,31.727200000000003
2024-11-12T13:00,30.873200000000004
2024-11-12T14:00,30.0563
2024-11-12T15:00,29.512300000000003
2024-11-12T16:00,29.180100000000003
2024-11-12T17:00,25.5343
2024-11-12T18:00,27.778
2024-11-12T19:00,26.913499999999996
2024-11-12T20:00,26.156100000000002
2024-11-12T21:00,25.367
2024-11-12T22:00,24.5118
2024-11-12T23:00,23.7335
2024-11-13T00:00,23.110500000000002
2024-11-13T01:00,22.5396
2024-11-13T02:00,21.9692
2024-11-13T03:00,21.576500000000003
2024-11-13T04:00,21.082200000000004
2024-11-13T05:00,20.544500000000003
2024-11-13T06:00,21.3514
2024-11-13T07:00,22.115899999999996
2024-11-13T08:00,24.656
2024-11-13T09:00,27.292
2024-11-13T10:00,28.978100000000005
2024-11-13T11:00,29.938000000000002
2024-11-13T12:00,30.0877
2024-11-13T13:00,29.844800000000003
2024-11-13T14:00,29.314000000000004
2024-11-13T15:00,28.789400000000004
2024-11-13T16:00,28.120600000000003
2024-11-13T17:00,27.0176
2024-11-13T18:00,26.340100000000003
2024-11-13T19:00,25.667300000000004
2024-11-13T20:00,24.9283
2024-11-13T21:00,24.021
2024-11-13T22:00,23.1186
2024-11-13T23:00,22.4167
2024-11-14T00:00,21.9631
2024-11-14T01:00,21.5076
2024-11-14T02:00,20.4486
2024-11-14T03:00,20.033099999999997
2024-11-14T04:00,19.58
2024-11-14T05:00,19.0766
2024-11-14T06:00,19.2843
2024-11-14T07:00,20.151000000000003
2024-11-14T08:00,22.8279
2024-11-14T09:00,26.0354
2024-11-14T10:00,28.302100000000003
2024-11-14T11:00,29.400100000000002
2024-11-14T12:00,29.943799999999996
2024-11-14T13:00,29.731100000000005
2024-11-14T14:00,29.259400000000003
2024-11-14T15:00,28.614700000000003
2024-11-14T16:00,27.803200000000004
2024-11-14T17:00,26.598399999999998
2024-11-14T18:00,26.059200000000004
2024-11-14T19:00,24.690900000000003
2024-11-14T20:00,23.892200000000003
2024-11-14T21:00,23.1332
2024-11-14T22:00,22.137700000000002
2024-11-14T23:00,21.6642
2024-11-15T00:00,21.1078
2024-11-15T01:00,20.458399999999997
2024-11-15T02:00,20.0697
2024-11-15T03:00,19.5359
2024-11-15T04:00,18.989700000000003
2024-11-15T05:00,18.636699999999998
2024-11-15T06:00,18.7514
2024-11-15T07:00,19.8829
2024-11-15T08:00,22.696900000000003
2024-11-15T09:00,25.4906
2024-11-15T10:00,27.224999999999998
2024-11-15T11:00,27.9917
2024-11-15T12:00,28.3844
2024-11-15T13:00,28.14
2024-11-15T14:00,27.755100000000002
2024-11-15T15:00,27.3019
2024-11-15T16:00,26.6703
2024-11-15T17:00,25.6038
2024-11-15T18:00,25.273799999999998
2024-11-15T19:00,24.5405
2024-11-15T20:00,23.8506
2024-11-15T21:00,23.221999999999998
2024-11-15T22:00,22.636
2024-11-15T23:00,21.8243
2024-11-16T00:00,21.015900000000002
2024-11-16T01:00,20.464100000000002
2024-11-16T02:00,20.1156
2024-11-16T03:00,19.5004
2024-11-16T04:00,19.1001
2024-11-16T05:00,18.786700000000003
2024-11-16T06:00,18.6952
2024-11-16T07:00,19.433500000000002
2024-11-16T08:00,21.9463
2024-11-16T09:00,24.717100000000006
2024-11-16T10:00,26.5553
2024-11-16T11:00,27.720100000000002
2024-11-16T12:00,28.404500000000002
2024-11-16T13:00,28.232199999999995
2024-11-16T14:00,27.8022
2024-11-16T15:00,27.4103
2024-11-16T16:00,26.794999999999998
2024-11-16T17:00,25.8473
2024-11-16T18:00,25.221700000000002
2024-11-16T19:00,24.352600000000002
2024-11-16T20:00,23.625399999999996
2024-11-16T21:00,22.9378
2024-11-16T22:00,22.293
2024-11-16T23:00,21.870500000000003
2024-11-17T00:00,21.0751
2024-11-17T01:00,20.3892
2024-11-17T02:00,19.736800000000002
2024-11-17T03:00,19.293000000000003
2024-11-17T04:00,18.9571
2024-11-17T05:00,18.5675
2024-11-17T06:00,18.254700000000003
2024-11-17T07:00,19.107799999999997
2024-11-17T08:00,21.767400000000002
2024-11-17T09:00,24.676600000000004
2024-11-17T10:00,26.686400000000003
2024-11-17T11:00,27.895400000000002
2024-11-17T12:00,28.5463
2024-11-17T13:00,28.4298
2024-11-17T14:00,28.0916
2024-11-17T15:00,27.512800000000002
2024-11-17T16:00,26.832299999999996
2024-11-17T17:00,25.7481
2024-11-17T18:00,24.695
2024-11-17T19:00,23.7536
2024-11-17T20:00,22.999299999999995
2024-11-17T21:00,22.527500000000003
2024-11-17T22:00,21.8897
2024-11-17T23:00,20.988799999999998
2024-11-18T00:00,20.375100000000003
2024-11-18T01:00,19.565800000000003
2024-11-18T02:00,19.0235
2024-11-18T03:00,18.267000000000003
2024-11-18T04:00,17.5166
2024-11-18T05:00,17.375500000000002
2024-11-18T06:00,17.5943
2024-11-18T07:00,18.325499999999998
2024-11-18T08:00,20.733700000000002
2024-11-18T09:00,23.369
2024-11-18T10:00,25.191000000000003
2024-11-18T11:00,26.2859
2024-11-18T12:00,27.1494
2024-11-18T13:00,27.2572
2024-11-18T14:00,26.9778
2024-11-18T15:00,26.353799999999996
2024-11-18T16:00,25.5491
2024-11-18T17:00,24.130300000000002
2024-11-18T18:00,23.8231
2024-11-18T19:00,23.0572
2024-11-18T20:00,22.0484
2024-11-18T21:00,21.047300000000003
2024-11-18T22:00,20.166600000000003
2024-11-18T23:00,19.3822
2024-11-19T00:00,18.8096
2024-11-19T01:00,18.2944
2024-11-19T02:00,17.6937
2024-11-19T03:00,17.1374
2024-11-19T04:00,16.6626
2024-11-19T05:00,16.2281
2024-11-19T06:00,15.766500000000002
2024-11-19T07:00,16.2332
2024-11-19T08:00,18.627399999999998
2024-11-19T09:00,21.4115
2024-11-19T10:00,23.5825
2024-11-19T11:00,24.984600000000004
2024-11-19T12:00,25.381099999999996
2024-11-19T13:00,25.275400000000005
2024-11-19T14:00,24.846100000000003
2024-11-19T15:00,24.246199999999998
2024-11-19T16:00,23.343799999999998
2024-11-19T17:00,22.0477
2024-11-19T18:00,21.2702
2024-11-19T19:00,20.356
2024-11-19T20:00,19.552200000000003
2024-11-19T21:00,18.813399999999998
2024-11-19T22:00,17.9707
2024-11-19T23:00,17.2576
2024-11-20T00:00,16.6104
2024-11-20T01:00,16.0711
2024-11-20T02:00,15.545
2024-11-20T03:00,14.9815
2024-11-20T04:00,14.428999999999998
2024-11-20T05:00,13.924700000000001
2024-11-20T06:00,13.7866
2024-11-20T07:00,14.447300000000002
2024-11-20T08:00,16.864700000000003
2024-11-20T09:00,19.980200000000004
2024-11-20T10:00,22.5711
2024-11-20T11:00,23.9881
2024-11-20T12:00,24.6212
2024-11-20T13:00,24.7018
2024-11-20T14:00,24.3944
2024-11-20T15:00,23.9388
2024-11-20T16:00,23.1495
2024-11-20T17:00,21.736200000000004
2024-11-20T18:00,21.3665
2024-11-20T19:00,20.4522
2024-11-20T20:00,19.4916
2024-11-20T21:00,18.4315
2024-11-20T22:00,17.5881
2024-11-20T23:00,16.9419
2024-11-21T00:00,16.366999999999997
2024-11-21T01:00,15.861199999999998
2024-11-21T02:00,15.280000000000001
2024-11-21T03:00,14.782600000000002
2024-11-21T04:00,14.226299999999998
2024-11-21T05:00,13.8353
2024-11-21T06:00,13.420300000000001
2024-11-21T07:00,13.999500000000001
2024-11-21T08:00,16.618800000000004
2024-11-21T09:00,19.793200000000002
2024-11-21T10:00,22.1962
2024-11-21T11:00,23.719300000000004
2024-11-21T12:00,24.4238
2024-11-21T13:00,24.468700000000002
2024-11-21T14:00,24.274600000000003
2024-11-21T15:00,23.794199999999996
2024-11-21T16:00,22.930500000000002
2024-11-21T17:00,21.262700000000002
2024-11-21T18:00,20.9514
2024-11-21T19:00,20.2778
2024-11-21T20:00,19.4917
2024-11-21T21:00,18.6738
2024-11-21T22:00,18.0384
2024-11-21T23:00,17.4331
2024-11-22T00:00,16.843999999999998
2024-11-22T01:00,16.3357
2024-11-22T02:00,15.676100000000003
2024-11-22T03:00,15.025200000000002
2024-11-22T04:00,14.4511
2024-11-22T05:00,14.0749
2024-11-22T06:00,13.607
2024-11-22T07:00,14.345300000000002
2024-11-22T08:00,17.0757
2024-11-22T09:00,20.3789
2024-11-22T10:00,22.9161
2024-11-22T11:00,24.445400000000003
2024-11-22T12:00,25.182499999999997
2024-11-22T13:00,25.1995
2024-11-22T14:00,24.986
2024-11-22T15:00,24.549899999999997
2024-11-22T16:00,23.7389
2024-11-22T17:00,22.2767
2024-11-22T18:00,22.2865
2024-11-22T19:00,21.556199999999997
2024-11-22T20:00,20.4177
2024-11-22T21:00,19.4082
2024-11-22T22:00,18.578000000000003
2024-11-22T23:00,17.986800000000002
2024-11-23T00:00,17.3109
2024-11-23T01:00,16.8065
2024-11-23T02:00,16.083299999999998
2024-11-23T03:00,15.378
2024-11-23T04:00,14.911800000000003
2024-11-23T05:00,14.510800000000001
2024-11-23T06:00,14.0035
2024-11-23T07:00,14.958300000000001
2024-11-23T08:00,17.6707
2024-11-23T09:00,20.831200000000003
2024-11-23T10:00,23.11
2024-11-23T11:00,24.657999999999998
2024-11-23T12:00,25.7365
2024-11-23T13:00,26.0391
2024-11-23T14:00,25.9948
2024-11-23T15:00,25.554700000000004
2024-11-23T16:00,24.693100000000005
2024-11-23T17:00,23.41
2024-11-23T18:00,22.480000000000004
2024-11-23T19:00,21.4953
2024-11-23T20:00,20.7108
2024-11-23T21:00,19.7524
2024-11-23T22:00,18.9283
2024-11-23T23:00,18.273500000000002
2024-11-24T00:00,17.756700000000002
2024-11-24T01:00,17.347099999999998
2024-11-24T02:00,16.866899999999998
2024-11-24T03:00,16.4463
2024-11-24T04:00,16.0094
2024-11-24T05:00,15.5461
2024-11-24T06:00,15.0838
2024-11-24T07:00,15.646900000000002
2024-11-24T08:00,17.977500000000003
2024-11-24T09:00,20.8578
2024-11-24T10:00,23.080799999999996
2024-11-24T11:00,24.507700000000003
2024-11-24T12:00,25.5575
2024-11-24T13:00,25.7615
2024-11-24T14:00,25.782300000000003
2024-11-24T15:00,25.4463
2024-11-24T16:00,24.8014
2024-11-24T17:00,23.0784
2024-11-24T18:00,22.619
2024-11-24T19:00,21.7988
2024-11-24T20:00,21.151699999999998
2024-11-24T21:00,20.5673
2024-11-24T22:00,19.7618
2024-11-24T23:00,19.0797
2024-11-25T00:00,18.599400000000003
2024-11-25T01:00,18.0594
2024-11-25T02:00,17.5396
2024-11-25T03:00,16.924999999999997
2024-11-25T04:00,16.386499999999998
2024-11-25T05:00,16.043
2024-11-25T06:00,15.5124
2024-11-25T07:00,15.8323
2024-11-25T08:00,18.0945
2024-11-25T09:00,20.989700000000003
2024-11-25T10:00,23.498199999999997
2024-11-25T11:00,24.691
2024-11-25T12:00,25.1908
2024-11-25T13:00,25.4537
2024-11-25T14:00,25.4249
2024-11-25T15:00,25.0508
2024-11-25T16:00,24.3959
2024-11-25T17:00,23.199
2024-11-25T18:00,22.864400000000003
2024-11-25T19:00,21.956500000000002
2024-11-25T20:00,21.108500000000003
2024-11-25T21:00,20.266600000000004
2024-11-25T22:00,19.509200000000003
2024-11-25T23:00,18.8388
2024-11-26T00:00,18.082900000000002
2024-11-26T01:00,17.393900000000002
2024-11-26T02:00,16.7739
2024-11-26T03:00,16.1756
2024-11-26T04:00,15.640300000000002
2024-11-26T05:00,15.1174
2024-11-26T06:00,14.7939
2024-11-26T07:00,15.122399999999999
2024-11-26T08:00,17.3467
2024-11-26T09:00,20.302300000000002
2024-11-26T10:00,22.7574
2024-11-26T11:00,24.1099
2024-11-26T12:00,24.5483
2024-11-26T13:00,24.3394
2024-11-26T14:00,24.0103
2024-11-26T15:00,23.474900000000005
2024-11-26T16:00,22.836299999999998
2024-11-26T17:00,21.4314
2024-11-26T18:00,20.9299
2024-11-26T19:00,20.046
2024-11-26T20:00,19.2259
2024-11-26T21:00,18.4507
2024-11-26T22:00,17.8198
2024-11-26T23:00,17.0734
2024-11-27T00:00,16.3975
2024-11-27T01:00,15.7937
2024-11-27T02:00,15.340400000000002
2024-11-27T03:00,14.719100000000003
2024-11-27T04:00,14.1108
2024-11-27T05:00,13.7074
2024-11-27T06:00,13.6176
2024-11-27T07:00,14.264899999999999
2024-11-27T08:00,16.952200000000005
2024-11-27T09:00,20.077099999999998
2024-11-27T10:00,22.372400000000003
2024-11-27T11:00,23.769099999999998
2024-11-27T12:00,24.4052
2024-11-27T13:00,24.1428
2024-11-27T14:00,23.75
2024-11-27T15:00,23.1695
2024-11-27T16:00,22.357800000000005
2024-11-27T17:00,20.7514
2024-11-27T18:00,20.2081
2024-11-27T19:00,19.4334
2024-11-27T20:00,18.5565
2024-11-27T21:00,17.7146
2024-11-27T22:00,16.9433
2024-11-27T23:00,16.2286
2024-11-28T00:00,15.7156
2024-11-28T01:00,15.057500000000001
2024-11-28T02:00,14.130199999999999
2024-11-28T03:00,13.449900000000001
2024-11-28T04:00,13.0371
2024-11-28T05:00,12.5398
2024-11-28T06:00,12.1957
2024-11-28T07:00,12.8842
2024-11-28T08:00,15.605800000000002
2024-11-28T09:00,19.065200000000004
2024-11-28T10:00,21.7989
2024-11-28T11:00,23.2282
2024-11-28T12:00,24.0576
2024-11-28T13:00,24.000799999999998
2024-11-28T14:00,23.688
2024-11-28T15:00,23.0842
2024-11-28T16:00,22.125000000000004
2024-11-28T17:00,20.211299999999998
2024-11-28T18:00,20.0559
2024-11-28T19:00,19.292299999999997
2024-11-28T20:00,18.421599999999998
2024-11-28T21:00,17.4856
2024-11-28T22:00,16.7662
2024-11-28T23:00,15.9601
2024-11-29T00:00,15.359499999999999
2024-11-29T01:00,14.7775
2024-11-29T02:00,14.104800000000001
2024-11-29T03:00,13.4452
2024-11-29T04:00,13.0642
2024-11-29T05:00,12.6088
2024-11-29T06:00,11.705800000000002
2024-11-29T07:00,12.4206
2024-11-29T08:00,15.1082
2024-11-29T09:00,18.6584
2024-11-29T10:00,21.2611
2024-11-29T11:00,22.8116
2024-11-29T12:00,23.892500000000002
2024-11-29T13:00,24.143
2024-11-29T14:00,24.0785
2024-11-29T15:00,23.6415
2024-11-29T16:00,22.803400000000007
2024-11-29T17:00,20.595100000000002
2024-11-29T18:00,19.819899999999997
2024-11-29T19:00,19.070200000000003
2024-11-29T20:00,18.271500000000003
2024-11-29T21:00,17.1797
2024-11-29T22:00,16.3881
2024-11-29T23:00,15.876000000000001
2024-11-30T00:00,15.184
2024-11-30T01:00,14.508099999999999
2024-11-30T02:00,13.7514
2024-11-30T03:00,13.163199999999998
2024-11-30T04:00,12.627099999999999
2024-11-30T05:00,12.0904
2024-11-30T06:00,11.4885
2024-11-30T07:00,12.125
2024-11-30T08:00,14.7257
2024-11-30T09:00,18.1921
2024-11-30T10:00,20.9887
2024-11-30T11:00,22.516599999999997
2024-11-30T12:00,23.4244
2024-11-30T13:00,23.550800000000002
2024-11-30T14:00,23.489400000000003
2024-11-30T15:00,22.9764
2024-11-30T16:00,22.2919
2024-11-30T17:00,20.8654
2024-11-30T18:00,20.7628
2024-11-30T19:00,19.8928
2024-11-30T20:00,19.036199999999997
2024-11-30T21:00,18.3037
2024-11-30T22:00,17.610000000000003
2024-11-30T23:00,16.9255
2024-12-01T00:00,16.4653
2024-12-01T01:00,15.911299999999999
2024-12-01T02:00,15.302900000000003
2024-12-01T03:00,14.661900000000001
2024-12-01T04:00,14.2639
2024-12-01T05:00,13.832500000000001
2024-12-01T06:00,13.2057
2024-12-01T07:00,13.7621
2024-12-01T08:00,16.1524
2024-12-01T09:00,19.0315
2024-12-01T10:00,21.3859
2024-12-01T11:00,22.9363
2024-12-01T12:00,23.7813
2024-12-01T13:00,23.9387
2024-12-01T14:00,23.9308
2024-12-01T15:00,23.553600000000003
2024-12-01T16:00,22.778299999999998
2024-12-01T17:00,21.376600000000003
2024-12-01T18:00,21.2206
2024-12-01T19:00,20.440700000000003
2024-12-01T20:00,19.6577
2024-12-01T21:00,18.7715
2024-12-01T22:00,17.918
2024-12-01T23:00,17.318199999999997
2024-12-02T00:00,16.643800000000002
2024-12-02T01:00,15.9106
2024-12-02T02:00,15.279800000000002
2024-12-02T03:00,14.771500000000001
2024-12-02T04:00,14.248500000000002
2024-12-02T05:00,13.8194
2024-12-02T06:00,13.1973
2024-12-02T07:00,13.6234
2024-12-02T08:00,16.099800000000002
2024-12-02T09:00,19.094500000000004
2024-12-02T10:00,21.602500000000003
2024-12-02T11:00,23.4067
2024-12-02T12:00,24.4201
2024-12-02T13:00,24.7568
2024-12-02T14:00,24.980200000000004
2024-12-02T15:00,24.693
2024-12-02T16:00,23.8408
2024-12-02T17:00,21.9146
2024-12-02T18:00,22.014800000000005
2024-12-02T19:00,21.149500000000003
2024-12-02T20:00,20.2842
2024-12-02T21:00,19.511300000000002
2024-12-02T22:00,18.7097
2024-12-02T23:00,17.794
2024-12-03T00:00,17.1935
2024-12-03T01:00,16.8443
2024-12-03T02:00,16.372500000000002
2024-12-03T03:00,15.8114
2024-12-03T04:00,15.008300000000002
2024-12-03T05:00,14.495300000000002
2024-12-03T06:00,13.5076
2024-12-03T07:00,13.9749
2024-12-03T08:00,16.5593
2024-12-03T09:00,19.554800000000004
2024-12-03T10:00,21.8687
2024-12-03T11:00,23.6278
2024-12-03T12:00,24.9097
2024-12-03T13:00,25.2255
2024-12-03T14:00,25.158700000000003
2024-12-03T15:00,24.7466
2024-12-03T16:00,23.951199999999996
2024-12-03T17:00,22.3221
2024-12-03T18:00,22.252900000000004
2024-12-03T19:00,21.3349
2024-12-03T20:00,20.3672
2024-12-03T21:00,19.410400000000003
2024-12-03T22:00,18.5258
2024-12-03T23:00,17.6365
2024-12-04T00:00,16.852899999999998
2024-12-04T01:00,16.101800000000004
2024-12-04T02:00,15.526
2024-12-04T03:00,14.9712
2024-12-04T04:00,14.5638
2024-12-04T05:00,14.2581
2024-12-04T06:00,13.928400000000002
2024-12-04T07:00,14.138800000000002
2024-12-04T08:00,16.092200000000002
2024-12-04T09:00,18.5196
2024-12-04T10:00,20.7296
2024-12-04T11:00,22.5849
2024-12-04T12:00,23.7939
2024-12-04T13:00,24.0949
2024-12-04T14:00,24.1081
2024-12-04T15:00,23.7116
2024-12-04T16:00,22.9349
2024-12-04T17:00,21.304199999999998
2024-12-04T18:00,20.942500000000003
2024-12-04T19:00,19.929
2024-12-04T20:00,19.0164
2024-12-04T21:00,18.114700000000003
2024-12-04T22:00,17.2658
2024-12-04T23:00,16.4588
2024-12-05T00:00,15.6829
2024-12-05T01:00,14.955100000000002
2024-12-05T02:00,14.293300000000002
2024-12-05T03:00,13.726100000000002
2024-12-05T04:00,13.138
2024-12-05T05:00,12.6274
2024-12-05T06:00,11.680100000000001
2024-12-05T07:00,11.7455
2024-12-05T08:00,13.6494
2024-12-05T09:00,16.3499
2024-12-05T10:00,18.712600000000002
2024-12-05T11:00,20.4941
2024-12-05T12:00,21.2785
2024-12-05T13:00,21.4406
2024-12-05T14:00,21.2924
2024-12-05T15:00,20.903600000000004
2024-12-05T16:00,20.247200000000003
2024-12-05T17:00,18.936200000000003
2024-12-05T18:00,18.697899999999997
2024-12-05T19:00,17.7302
2024-12-05T20:00,16.761
2024-12-05T21:00,15.914300000000003
2024-12-05T22:00,15.075500000000002
2024-12-05T23:00,14.4057
2024-12-06T00:00,13.7638
2024-12-06T01:00,13.0196
2024-12-06T02:00,12.346200000000001
2024-12-06T03:00,11.7076
2024-12-06T04:00,11.180700000000002
2024-12-06T05:00,10.7291
2024-12-06T06:00,10.1768
2024-12-06T07:00,10.372600000000002
2024-12-06T08:00,12.4634
2024-12-06T09:00,15.572600000000001
2024-12-06T10:00,18.123800000000003
2024-12-06T11:00,19.7525
2024-12-06T12:00,20.694399999999998
2024-12-06T13:00,20.998500000000003
2024-12-06T14:00,20.9736
2024-12-06T15:00,20.7323
2024-12-06T16:00,20.193800000000003
2024-12-06T17:00,18.6725
2024-12-06T18:00,18.371300000000005
2024-12-06T19:00,17.433100000000003
2024-12-06T20:00,16.659499999999998
2024-12-06T21:00,15.796800000000005
2024-12-06T22:00,14.7989
2024-12-06T23:00,14.034500000000001
2024-12-07T00:00,13.5533
2024-12-07T01:00,12.8549
2024-12-07T02:00,12.240299999999998
2024-12-07T03:00,11.611099999999999
2024-12-07T04:00,10.9928
2024-12-07T05:00,10.537799999999999
2024-12-07T06:00,9.5627
2024-12-07T07:00,9.957
2024-12-07T08:00,12.5629
2024-12-07T09:00,16.1695
2024-12-07T10:00,18.9916
2024-12-07T11:00,20.7453
2024-12-07T12:00,21.658500000000004
2024-12-07T13:00,21.66
2024-12-07T14:00,21.5575
2024-12-07T15:00,21.192700000000002
2024-12-07T16:00,20.39
2024-12-07T17:00,18.354400000000002
2024-12-07T18:00,17.5731
2024-12-07T19:00,16.677
2024-12-07T20:00,15.641000000000002
2024-12-07T21:00,14.5508
2024-12-07T22:00,13.573799999999999
2024-12-07T23:00,12.813400000000001
2024-12-08T00:00,12.063200000000002
2024-12-08T01:00,11.4022
2024-12-08T02:00,10.9352
2024-12-08T03:00,10.4604
2024-12-08T04:00,9.996400000000001
2024-12-08T05:00,9.6325
2024-12-08T06:00,9.3362
2024-12-08T07:00,9.4348
2024-12-08T08:00,11.5357
2024-12-08T09:00,14.736
2024-12-08T10:00,17.4952
2024-12-08T11:00,19.140099999999997
2024-12-08T12:00,20.293200000000006
2024-12-08T13:00,20.8758
2024-12-08T14:00,21.046400000000002
2024-12-08T15:00,20.7103
2024-12-08T16:00,19.885400000000004
2024-12-08T17:00,18.5471
2024-12-08T18:00,17.1748
2024-12-08T19:00,16.2623
2024-12-08T20:00,15.588799999999999
2024-12-08T21:00,14.552700000000002
2024-12-08T22:00,14.121599999999999
2024-12-08T23:00,13.772400000000001
2024-12-09T00:00,12.834
2024-12-09T01:00,12.2195
2024-12-09T02:00,11.7843
2024-12-09T03:00,11.3359
2024-12-09T04:00,11.1319
2024-12-09T05:00,11.0303
2024-12-09T06:00,11.0803
2024-12-09T07:00,10.905600000000002
2024-12-09T08:00,13.003400000000001
2024-12-09T09:00,15.689400000000001
2024-12-09T10:00,17.7342
2024-12-09T11:00,19.470100000000002
2024-12-09T12:00,20.731
2024-12-09T13:00,21.371900000000004
2024-12-09T14:00,21.490499999999997
2024-12-09T15:00,20.8743
2024-12-09T16:00,19.8282
2024-12-09T17:00,17.936100000000003
2024-12-09T18:00,17.491
2024-12-09T19:00,16.5105
2024-12-09T20:00,15.6305
2024-12-09T21:00,14.667499999999999
2024-12-09T22:00,13.8381
2024-12-09T23:00,13.0645
2024-12-10T00:00,12.495700000000001
2024-12-10T01:00,12.000700000000002
2024-12-10T02:00,11.3
2024-12-10T03:00,10.6862
2024-12-10T04:00,10.0134
2024-12-10T05:00,9.471700000000002
2024-12-10T06:00,9.2445
2024-12-10T07:00,9.260900000000001
2024-12-10T08:00,10.921
2024-12-10T09:00,13.360000000000001
2024-12-10T10:00,15.685600000000003
2024-12-10T11:00,17.162200000000002
2024-12-10T12:00,17.723100000000002
2024-12-10T13:00,17.5082
2024-12-10T14:00,17.325
2024-12-10T15:00,16.8873
2024-12-10T16:00,16.2649
2024-12-10T17:00,14.607300000000002
2024-12-10T18:00,14.8276
2024-12-10T19:00,13.935200000000002
2024-12-10T20:00,13.0343
2024-12-10T21:00,12.0767
2024-12-10T22:00,11.075600000000001
2024-12-10T23:00,10.326
2024-12-11T00:00,9.662600000000001
2024-12-11T01:00,9.0356
2024-12-11T02:00,8.352
2024-12-11T03:00,7.825900000000001
2024-12-11T04:00,7.354100000000001
2024-12-11T05:00,6.865200000000001
2024-12-11T06:00,6.295
2024-12-11T07:00,6.3161
2024-12-11T08:00,8.1493
2024-12-11T09:00,10.7838
2024-12-11T10:00,13.2839
2024-12-11T11:00,15.3906
2024-12-11T12:00,16.967200000000002
2024-12-11T13:00,17.6925
2024-12-11T14:00,17.7452
2024-12-11T15:00,17.4215
2024-12-11T16:00,16.6509
2024-12-11T17:00,14.8497
2024-12-11T18:00,14.7643
2024-12-11T19:00,13.848600000000001
2024-12-11T20:00,12.8855
2024-12-11T21:00,12.0218
2024-12-11T22:00,11.170600000000002
2024-12-11T23:00,10.430299999999999
2024-12-12T00:00,9.731200000000001
2024-12-12T01:00,9.101899999999999
2024-12-12T02:00,8.523
2024-12-12T03:00,7.972099999999999
2024-12-12T04:00,7.521300000000001
2024-12-12T05:00,7.0728
2024-12-12T06:00,6.141
2024-12-12T07:00,6.2047
2024-12-12T08:00,8.100700000000002
2024-12-12T09:00,11.1728
2024-12-12T10:00,13.9872
2024-12-12T11:00,16.188599999999997
2024-12-12T12:00,17.4464
2024-12-12T13:00,17.9546
2024-12-12T14:00,18.1478
2024-12-12T15:00,17.8615
2024-12-12T16:00,16.9451
2024-12-12T17:00,15.311300000000001
2024-12-12T18:00,15.193999999999999
2024-12-12T19:00,14.308599999999998
2024-12-12T20:00,13.420900000000001
2024-12-12T21:00,12.551000000000002
2024-12-12T22:00,11.7377
2024-12-12T23:00,10.980300000000002
2024-12-13T00:00,10.2812
2024-12-13T01:00,9.694600000000001
2024-12-13T02:00,9.0792
2024-12-13T03:00,8.415
2024-12-13T04:00,7.9207
2024-12-13T05:00,7.361299999999999
2024-12-13T06:00,6.4745
2024-12-13T07:00,6.5515
2024-12-13T08:00,8.3993
2024-12-13T09:00,10.864800000000002
2024-12-13T10:00,13.158600000000002
2024-12-13T11:00,15.287099999999999
2024-12-13T12:00,16.936000000000003
2024-12-13T13:00,17.4659
2024-12-13T14:00,17.479799999999997
2024-12-13T15:00,17.0786
2024-12-13T16:00,16.291800000000002
2024-12-13T17:00,14.8086
2024-12-13T18:00,14.496599999999999
2024-12-13T19:00,13.5957
2024-12-13T20:00,12.703299999999999
2024-12-13T21:00,11.886200000000002
2024-12-13T22:00,11.1366
2024-12-13T23:00,10.446700000000002
2024-12-14T00:00,9.8228
2024-12-14T01:00,9.1617
2024-12-14T02:00,8.5619
2024-12-14T03:00,7.969100000000001
2024-12-14T04:00,7.478700000000001
2024-12-14T05:00,7.0333000000000006
2024-12-14T06:00,6.1783
2024-12-14T07:00,6.0536
2024-12-14T08:00,7.8246
2024-12-14T09:00,10.179100000000002
2024-12-14T10:00,12.557299999999998
2024-12-14T11:00,14.815199999999999
2024-12-14T12:00,16.5757
2024-12-14T13:00,17.311999999999998
2024-12-14T14:00,17.6588
2024-12-14T15:00,17.5757
2024-12-14T16:00,16.7493
2024-12-14T17:00,15.132000000000001
2024-12-14T18:00,15.152000000000001
2024-12-14T19:00,14.2293
2024-12-14T20:00,13.442500000000003
2024-12-14T21:00,12.8063
2024-12-14T22:00,12.0506
2024-12-14T23:00,11.2334
2024-12-15T00:00,10.3914
2024-12-15T01:00,9.655800000000001
2024-12-15T02:00,8.8434
2024-12-15T03:00,8.1683
2024-12-15T04:00,7.605800000000001
2024-12-15T05:00,7.1240000000000006
2024-12-15T06:00,5.8314
2024-12-15T07:00,6.0852
2024-12-15T08:00,8.358400000000001
2024-12-15T09:00,11.623000000000001
2024-12-15T10:00,14.3769
2024-12-15T11:00,16.5565
2024-12-15T12:00,18.1975
2024-12-15T13:00,18.9803
2024-12-15T14:00,19.2355
2024-12-15T15:00,18.9879
2024-12-15T16:00,18.108700000000002
2024-12-15T17:00,15.5889
2024-12-15T18:00,15.5192
2024-12-15T19:00,14.643699999999999
2024-12-15T20:00,13.7573
2024-12-15T21:00,12.8106
2024-12-15T22:00,11.816600000000001
2024-12-15T23:00,11.0017
2024-12-16T00:00,10.228100000000001
2024-12-16T01:00,9.5988
2024-12-16T02:00,9.032399999999999
2024-12-16T03:00,8.374600000000001
2024-12-16T04:00,8.0325
2024-12-16T05:00,7.6679
2024-12-16T06:00,6.5708
2024-12-16T07:00,6.695899999999999
2024-12-16T08:00,8.8115
2024-12-16T09:00,12.010900000000001
2024-12-16T10:00,15.045000000000002
2024-12-16T11:00,17.4343
2024-12-16T12:00,19.1142
2024-12-16T13:00,19.866
2024-12-16T14:00,20.2569
2024-12-16T15:00,20.066699999999997
2024-12-16T16:00,19.192099999999996
2024-12-16T17:00,16.7498
2024-12-16T18:00,16.6993
2024-12-16T19:00,15.8472
2024-12-16T20:00,15.1059
2024-12-16T21:00,14.325900000000003
2024-12-16T22:00,13.4955
2024-12-16T23:00,12.4726
2024-12-17T00:00,11.446200000000001
2024-12-17T01:00,10.769
2024-12-17T02:00,10.144499999999999
2024-12-17T03:00,9.385
2024-12-17T04:00,8.9002
2024-12-17T05:00,8.5983
2024-12-17T06:00,7.750300000000001
2024-12-17T07:00,7.7632
2024-12-17T08:00,9.867
2024-12-17T09:00,12.727
2024-12-17T10:00,15.524200000000002
2024-12-17T11:00,18.0359
2024-12-17T12:00,19.9501
2024-12-17T13:00,20.698100000000004
2024-12-17T14:00,21.047200000000004
2024-12-17T15:00,20.7863
2024-12-17T16:00,19.7999
2024-12-17T17:00,17.282200000000003
2024-12-17T18:00,17.3998
2024-12-17T19:00,16.363599999999998
2024-12-17T20:00,15.2191
2024-12-17T21:00,14.200199999999999
2024-12-17T22:00,13.323599999999999
2024-12-17T23:00,12.4322
2024-12-18T00:00,11.630700000000001
2024-12-18T01:00,10.970500000000001
2024-12-18T02:00,10.3816
2024-12-18T03:00,9.7927
2024-12-18T04:00,9.285900000000002
2024-12-18T05:00,8.8482
2024-12-18T06:00,8.045300000000001
2024-12-18T07:00,7.9725
2024-12-18T08:00,9.8626
2024-12-18T09:00,13.2307
2024-12-18T10:00,16.5161
2024-12-18T11:00,18.809600000000003
2024-12-18T12:00,20.247300000000003
2024-12-18T13:00,20.806600000000003
2024-12-18T14:00,20.9384
2024-12-18T15:00,20.5256
2024-12-18T16:00,19.6605
2024-12-18T17:00,17.3477
2024-12-18T18:00,17.065800000000003
2024-12-18T19:00,16.086399999999998
2024-12-18T20:00,15.239700000000001
2024-12-18T21:00,14.2357
2024-12-18T22:00,13.4784
2024-12-18T23:00,12.6156
2024-12-19T00:00,11.731900000000001
2024-12-19T01:00,10.8482
2024-12-19T02:00,10.257100000000001
2024-12-19T03:00,9.7433
2024-12-19T04:00,9.132700000000002
2024-12-19T05:00,8.6032
2024-12-19T06:00,7.5113
2024-12-19T07:00,7.594500000000001
2024-12-19T08:00,10.0137
2024-12-19T09:00,13.992500000000001
2024-12-19T10:00,16.988599999999998
2024-12-19T11:00,18.568499999999997
2024-12-19T12:00,19.764300000000002
2024-12-19T13:00,20.316699999999997
2024-12-19T14:00,20.502
2024-12-19T15:00,20.231800000000003
2024-12-19T16:00,19.3121
2024-12-19T17:00,17.253899999999998
2024-12-19T18:00,16.901500000000002
2024-12-19T19:00,16.0789
2024-12-19T20:00,15.1685
2024-12-19T21:00,14.149599999999998
2024-12-19T22:00,13.3178
2024-12-19T23:00,12.6599
2024-12-20T00:00,11.9717
2024-12-20T01:00,11.0638
2024-12-20T02:00,10.5641
2024-12-20T03:00,10.1613
2024-12-20T04:00,9.8446
2024-12-20T05:00,9.392999999999999
2024-12-20T06:00,9.1999
2024-12-20T07:00,9.310300000000002
2024-12-20T08:00,11.4616
2024-12-20T09:00,15.2346
2024-12-20T10:00,18.3827
2024-12-20T11:00,20.3287
2024-12-20T12:00,21.571800000000003
2024-12-20T13:00,22.037300000000002
2024-12-20T14:00,22.173000000000002
2024-12-20T15:00,21.8431
2024-12-20T16:00,20.904100000000003
2024-12-20T17:00,18.9678
2024-12-20T18:00,18.220399999999998
2024-12-20T19:00,17.2426
2024-12-20T20:00,16.270200000000003
2024-12-20T21:00,15.525300000000001
2024-12-20T22:00,14.7851
2024-12-20T23:00,13.853900000000001
2024-12-21T00:00,13.032200000000001
2024-12-21T01:00,12.261700000000001
2024-12-21T02:00,11.532300000000001
2024-12-21T03:00,10.9768
2024-12-21T04:00,10.5493
2024-12-21T05:00,9.993
2024-12-21T06:00,8.7973
2024-12-21T07:00,8.9068
2024-12-21T08:00,10.897599999999999
2024-12-21T09:00,14.310500000000001
2024-12-21T10:00,17.213400000000004
2024-12-21T11:00,19.301399999999997
2024-12-21T12:00,20.722900000000003
2024-12-21T13:00,21.1426
2024-12-21T14:00,21.140900000000002
2024-12-21T15:00,20.737300000000005
2024-12-21T16:00,19.8992
2024-12-21T17:00,18.053900000000002
2024-12-21T18:00,17.6247
2024-12-21T19:00,16.5583
2024-12-21T20:00,15.610700000000001
2024-12-21T21:00,14.678
2024-12-21T22:00,13.684800000000001
2024-12-21T23:00,12.864600000000001
2024-12-22T00:00,12.0669
2024-12-22T01:00,11.3109
2024-12-22T02:00,10.968599999999999
2024-12-22T03:00,10.5851
2024-12-22T04:00,10.2127
2024-12-22T05:00,9.9303
2024-12-22T06:00,8.9922
2024-12-22T07:00,9.142
2024-12-22T08:00,10.8752
2024-12-22T09:00,14.4901
2024-12-22T10:00,17.528100000000002
2024-12-22T11:00,19.659699999999997
2024-12-22T12:00,20.8236
2024-12-22T13:00,21.1005
2024-12-22T14:00,21.016600000000004
2024-12-22T15:00,20.5238
2024-12-22T16:00,19.608900000000002
2024-12-22T17:00,17.567600000000002
2024-12-22T18:00,17.0733
2024-12-22T19:00,15.9434
2024-12-22T20:00,14.937000000000001
2024-12-22T21:00,13.999700000000002
2024-12-22T22:00,13.122900000000001
2024-12-22T23:00,12.2639
2024-12-23T00:00,11.598300000000002
2024-12-23T01:00,11.031200000000002
2024-12-23T02:00,10.7218
2024-12-23T03:00,10.2214
2024-12-23T04:00,9.799199999999999
2024-12-23T05:00,9.536900000000001
2024-12-23T06:00,10.218
2024-12-23T07:00,10.5167
2024-12-23T08:00,12.018
2024-12-23T09:00,14.1695
2024-12-23T10:00,16.160000000000004
2024-12-23T11:00,16.9882
2024-12-23T12:00,18.065900000000003
2024-12-23T13:00,18.9094
2024-12-23T14:00,18.598600000000005
2024-12-23T15:00,18.4137
2024-12-23T16:00,18.099800000000002
2024-12-23T17:00,16.9323
2024-12-23T18:00,16.4665
2024-12-23T19:00,15.619900000000001
2024-12-23T20:00,14.7562
2024-12-23T21:00,14.3521
2024-12-23T22:00,13.7795
2024-12-23T23:00,13.3247
2024-12-24T00:00,12.846
2024-12-24T01:00,12.368000000000002
2024-12-24T02:00,12.0234
2024-12-24T03:00,12.018699999999999
2024-12-24T04:00,11.632200000000001
2024-12-24T05:00,11.142600000000002
2024-12-24T06:00,11.993900000000002
2024-12-24T07:00,11.808500000000002
2024-12-24T08:00,13.1218
2024-12-24T09:00,14.952499999999997
2024-12-24T10:00,16.679900000000004
2024-12-24T11:00,18.3379
2024-12-24T12:00,18.8076
2024-12-24T13:00,18.831500000000002
2024-12-24T14:00,18.9361
2024-12-24T15:00,18.7085
2024-12-24T16:00,18.3935
2024-12-24T17:00,17.0718
2024-12-24T18:00,16.7692
2024-12-24T19:00,16.0241
2024-12-24T20:00,15.816900000000002
2024-12-24T21:00,15.560200000000002
2024-12-24T22:00,15.019499999999999
2024-12-24T23:00,14.506600000000002
2024-12-25T00:00,13.9494
2024-12-25T01:00,13.6103
2024-12-25T02:00,13.2837
2024-12-25T03:00,12.807300000000001
2024-12-25T04:00,12.6095
2024-12-25T05:00,12.0439
2024-12-25T06:00,12.4184
2024-12-25T07:00,12.430299999999999
2024-12-25T08:00,13.5975
2024-12-25T09:00,15.912200000000002
2024-12-25T10:00,18.157500000000002
2024-12-25T11:00,19.539500000000004
2024-12-25T12:00,20.5497
2024-12-25T13:00,21.2543
2024-12-25T14:00,21.4957
2024-12-25T15:00,21.3064
2024-12-25T16:00,20.7197
2024-12-25T17:00,18.7633
2024-12-25T18:00,18.5499
2024-12-25T19:00,17.778599999999997
2024-12-25T20:00,17.068700000000003
2024-12-25T21:00,16.1825
2024-12-25T22:00,15.384900000000002
2024-12-25T23:00,14.835600000000001
2024-12-26T00:00,14.245899999999999
2024-12-26T01:00,13.615799999999998
2024-12-26T02:00,12.957
2024-12-26T03:00,12.5529
2024-12-26T04:00,12.195200000000002
2024-12-26T05:00,11.9252
2024-12-26T06:00,11.5481
2024-12-26T07:00,11.4946
2024-12-26T08:00,13.4169
2024-12-26T09:00,16.573700000000002
2024-12-26T10:00,19.2142
2024-12-26T11:00,21.2253
2024-12-26T12:00,22.5901
2024-12-26T13:00,23.295500000000004
2024-12-26T14:00,23.446800000000003
2024-12-26T15:00,23.2783
2024-12-26T16:00,23.0898
2024-12-26T17:00,20.7871
2024-12-26T18:00,20.0101
2024-12-26T19:00,18.8501
2024-12-26T20:00,18.1944
2024-12-26T21:00,17.5356
2024-12-26T22:00,16.815399999999997
2024-12-26T23:00,16.0013
2024-12-27T00:00,15.3668
2024-12-27T01:00,15.119299999999999
2024-12-27T02:00,14.5248
2024-12-27T03:00,14.8428
2024-12-27T04:00,14.5078
2024-12-27T05:00,13.9556
2024-12-27T06:00,14.1431
2024-12-27T07:00,13.8887
2024-12-27T08:00,15.4586
2024-12-27T09:00,17.1812
2024-12-27T10:00,19.0406
2024-12-27T11:00,20.171100000000003
2024-12-27T12:00,20.9008
2024-12-27T13:00,21.166400000000003
2024-12-27T14:00,21.230999999999998
2024-12-27T15:00,20.572100000000002
2024-12-27T16:00,19.4043
2024-12-27T17:00,18.107300000000002
2024-12-27T18:00,17.876
2024-12-27T19:00,17.4024
2024-12-27T20:00,16.978600000000004
2024-12-27T21:00,16.5759
2024-12-27T22:00,16.2119
2024-12-27T23:00,15.709700000000002
2024-12-28T00:00,15.365100000000002
2024-12-28T01:00,14.8491
2024-12-28T02:00,15.029800000000003
2024-12-28T03:00,14.912899999999999
2024-12-28T04:00,14.8114
2024-12-28T05:00,14.5606
2024-12-28T06:00,15.2866
2024-12-28T07:00,15.112300000000001
2024-12-28T08:00,15.993200000000002
2024-12-28T09:00,17.3135
2024-12-28T10:00,18.450300000000002
2024-12-28T11:00,19.4552
2024-12-28T12:00,20.0605
2024-12-28T13:00,20.0923
2024-12-28T14:00,20.2472
2024-12-28T15:00,19.9826
2024-12-28T16:00,19.7062
2024-12-28T17:00,18.7266
2024-12-28T18:00,17.8454
2024-12-28T19:00,17.1679
2024-12-28T20:00,16.5651
2024-12-28T21:00,16.114300000000004
2024-12-28T22:00,15.6115
2024-12-28T23:00,15.042300000000001
2024-12-29T00:00,14.4651
2024-12-29T01:00,13.9322
2024-12-29T02:00,13.366600000000002
2024-12-29T03:00,13.077200000000001
2024-12-29T04:00,12.6365
2024-12-29T05:00,12.32
2024-12-29T06:00,13.4547
2024-12-29T07:00,13.512099999999998
2024-12-29T08:00,14.3381
2024-12-29T09:00,15.473500000000001
2024-12-29T10:00,17.4025
2024-12-29T11:00,18.731700000000004
2024-12-29T12:00,19.6488
2024-12-29T13:00,20.0274
2024-12-29T14:00,20.218999999999998
2024-12-29T15:00,19.7797
2024-12-29T16:00,19.133300000000002
2024-12-29T17:00,17.7357
2024-12-29T18:00,15.997000000000002
2024-12-29T19:00,15.136399999999998
2024-12-29T20:00,14.4023
2024-12-29T21:00,13.9088
2024-12-29T22:00,13.2454
2024-12-29T23:00,12.677400000000002
2024-12-30T00:00,12.2025
2024-12-30T01:00,11.8316
2024-12-30T02:00,11.449
2024-12-30T03:00,11.0338
2024-12-30T04:00,10.560400000000001
2024-12-30T05:00,10.1452
2024-12-30T06:00,11.382100000000001
2024-12-30T07:00,11.4232
2024-12-30T08:00,11.9478
2024-12-30T09:00,13.312900000000003
2024-12-30T10:00,14.861699999999999
2024-12-30T11:00,16.5392
2024-12-30T12:00,17.8807
2024-12-30T13:00,18.6007
2024-12-30T14:00,18.9381
2024-12-30T15:00,18.7991
2024-12-30T16:00,18.3706
2024-12-30T17:00,16.6083
2024-12-30T18:00,13.5792
2024-12-30T19:00,12.755900000000002
2024-12-30T20:00,12.0335
2024-12-30T21:00,11.3995
2024-12-30T22:00,10.7446
2024-12-30T23:00,10.102899999999998
2024-12-31T00:00,9.607800000000001
2024-12-31T01:00,9.067699999999999
2024-12-31T02:00,8.669599999999999
2024-12-31T03:00,8.3468
2024-12-31T04:00,7.6936
2024-12-31T05:00,7.348999999999999
2024-12-31T06:00,10.6072
2024-12-31T07:00,10.7865
2024-12-31T08:00,11.2026
2024-12-31T09:00,12.0945
2024-12-31T10:00,13.833400000000001
2024-12-31T11:00,15.205300000000001
2024-12-31T12:00,16.1526
2024-12-31T13:00,16.680300000000003
2024-12-31T14:00,16.953400000000002
2024-12-31T15:00,16.831500000000002
2024-12-31T16:00,16.2921
2024-12-31T17:00,14.6235
2024-12-31T18:00,12.545300000000001
2024-12-31T19:00,11.769200000000001
2024-12-31T20:00,10.904700000000002
2024-12-31T21:00,10.207899999999999
2024-12-31T22:00,9.3762
2024-12-31T23:00,8.7834
2025-01-01T00:00,8.023000000000001
2025-01-01T01:00,7.6428
2025-01-01T02:00,7.288200000000001
2025-01-01T03:00,7.1967
2025-01-01T04:00,6.7685
2025-01-01T05:00,6.5202
2025-01-01T06:00,7.783200000000001
2025-01-01T07:00,7.8329
2025-01-01T08:00,8.815700000000001
2025-01-01T09:00,10.0994
2025-01-01T10:00,11.7908
2025-01-01T11:00,13.496200000000002
2025-01-01T12:00,14.9278
2025-01-01T13:00,15.978299999999999
2025-01-01T14:00,16.5237
2025-01-01T15:00,16.5849
2025-01-01T16:00,16.193
2025-01-01T17:00,14.5004
2025-01-01T18:00,11.9761
2025-01-01T19:00,11.261500000000002
2025-01-01T20:00,10.6369
2025-01-01T21:00,10.0728
2025-01-01T22:00,9.549
2025-01-01T23:00,9.0035
2025-01-02T00:00,8.435500000000001
2025-01-02T01:00,8.014899999999999
2025-01-02T02:00,7.5611
2025-01-02T03:00,7.3532
2025-01-02T04:00,7.2058
2025-01-02T05:00,7.3509
2025-01-02T06:00,7.5208
2025-01-02T07:00,7.6629
2025-01-02T08:00,9.243699999999999
2025-01-02T09:00,11.674800000000001
2025-01-02T10:00,13.5572
2025-01-02T11:00,15.162600000000001
2025-01-02T12:00,16.387800000000002
2025-01-02T13:00,17.405900000000003
2025-01-02T14:00,17.842
2025-01-02T15:00,17.835800000000003
2025-01-02T16:00,17.4865
2025-01-02T17:00,15.6923
2025-01-02T18:00,13.361400000000001
2025-01-02T19:00,12.818999999999999
2025-01-02T20:00,12.0787
2025-01-02T21:00,11.161399999999999
2025-01-02T22:00,10.4359
2025-01-02T23:00,9.7315
2025-01-03T00:00,9.1349
2025-01-03T01:00,8.725100000000001
2025-01-03T02:00,8.5638
2025-01-03T03:00,8.3324
2025-01-03T04:00,7.806299999999999
2025-01-03T05:00,7.276400000000001
2025-01-03T06:00,8.1591
2025-01-03T07:00,8.150699999999999
2025-01-03T08:00,9.3878
2025-01-03T09:00,11.297600000000001
2025-01-03T10:00,13.991900000000001
2025-01-03T11:00,16.26
2025-01-03T12:00,18.0835
2025-01-03T13:00,19.2202
2025-01-03T14:00,19.8549
2025-01-03T15:00,19.927100000000003
2025-01-03T16:00,19.595599999999997
2025-01-03T17:00,17.124100000000002
2025-01-03T18:00,14.2295
2025-01-03T19:00,13.2486
2025-01-03T20:00,12.2236
2025-01-03T21:00,11.398100000000001
2025-01-03T22:00,10.782100000000002
2025-01-03T23:00,10.0542
2025-01-04T00:00,9.177200000000001
2025-01-04T01:00,8.7536
2025-01-04T02:00,8.2803
2025-01-04T03:00,7.7631000000000006
2025-01-04T04:00,7.5861
2025-01-04T05:00,7.3889
2025-01-04T06:00,8.415600000000001
2025-01-04T07:00,8.532000000000002
2025-01-04T08:00,9.5222
2025-01-04T09:00,11.138
2025-01-04T10:00,13.106000000000002
2025-01-04T11:00,15.6751
2025-01-04T12:00,17.8859
2025-01-04T13:00,19.454900000000002
2025-01-04T14:00,20.1835
2025-01-04T15:00,20.323800000000002
2025-01-04T16:00,19.8947
2025-01-04T17:00,16.966
2025-01-04T18:00,13.2857
2025-01-04T19:00,12.418099999999999
2025-01-04T20:00,11.6476
2025-01-04T21:00,10.734300000000001
2025-01-04T22:00,9.9801
2025-01-04T23:00,9.3835
2025-01-05T00:00,8.483
2025-01-05T01:00,7.7265
2025-01-05T02:00,7.3492999999999995
2025-01-05T03:00,7.532400000000001
2025-01-05T04:00,7.337700000000001
2025-01-05T05:00,7.2362
2025-01-05T06:00,7.604
2025-01-05T07:00,7.747
2025-01-05T08:00,8.4796
2025-01-05T09:00,9.7577
2025-01-05T10:00,11.861500000000001
2025-01-05T11:00,14.6441
2025-01-05T12:00,16.4302
2025-01-05T13:00,17.682399999999998
2025-01-05T14:00,18.0485
2025-01-05T15:00,18.2781
2025-01-05T16:00,17.7287
2025-01-05T17:00,15.774700000000001
2025-01-05T18:00,13.203999999999999
2025-01-05T19:00,12.4078
2025-01-05T20:00,11.9299
2025-01-05T21:00,11.4504
2025-01-05T22:00,10.6317
2025-01-05T23:00,9.9342
2025-01-06T00:00,9.5432
2025-01-06T01:00,9.004
2025-01-06T02:00,8.371500000000001
2025-01-06T03:00,8.0638
2025-01-06T04:00,8.159
2025-01-06T05:00,8.221100000000002
2025-01-06T06:00,9.453100000000001
2025-01-06T07:00,9.6849
2025-01-06T08:00,9.834
2025-01-06T09:00,12.0436
2025-01-06T10:00,14.0989
2025-01-06T11:00,16.751300000000004
2025-01-06T12:00,18.392699999999998
2025-01-06T13:00,19.090500000000002
2025-01-06T14:00,19.476300000000002
2025-01-06T15:00,19.387
2025-01-06T16:00,18.664500000000004
2025-01-06T17:00,16.8359
2025-01-06T18:00,14.5203
2025-01-06T19:00,13.5565
2025-01-06T20:00,12.890600000000001
2025-01-06T21:00,12.3179
2025-01-06T22:00,11.677
2025-01-06T23:00,11.167200000000001
2025-01-07T00:00,10.749
2025-01-07T01:00,10.3626
2025-01-07T02:00,10.035100000000002
2025-01-07T03:00,9.7643
2025-01-07T04:00,9.396500000000001
2025-01-07T05:00,9.0985
2025-01-07T06:00,10.065299999999999
2025-01-07T07:00,10.0421
2025-01-07T08:00,10.748299999999999
2025-01-07T09:00,11.754100000000001
2025-01-07T10:00,13.4947
2025-01-07T11:00,14.9512
2025-01-07T12:00,16.1866
2025-01-07T13:00,17.1976
2025-01-07T14:00,17.694
2025-01-07T15:00,17.4828
2025-01-07T16:00,16.8481
2025-01-07T17:00,15.3201
2025-01-07T18:00,13.2837
2025-01-07T19:00,12.7165
2025-01-07T20:00,12.070900000000002
2025-01-07T21:00,11.3446
2025-01-07T22:00,10.657900000000001
2025-01-07T23:00,10.0046
2025-01-08T00:00,9.3637
2025-01-08T01:00,8.7802
2025-01-08T02:00,8.3224
2025-01-08T03:00,7.9003
2025-01-08T04:00,7.5939000000000005
2025-01-08T05:00,7.4109
2025-01-08T06:00,7.421
2025-01-08T07:00,7.2984
2025-01-08T08:00,8.6968
2025-01-08T09:00,10.852400000000001
2025-01-08T10:00,12.7434
2025-01-08T11:00,14.421000000000001
2025-01-08T12:00,15.8175
2025-01-08T13:00,16.584899999999998
2025-01-08T14:00,16.7874
2025-01-08T15:00,16.763299999999997
2025-01-08T16:00,16.4279
2025-01-08T17:00,14.408000000000001
2025-01-08T18:00,13.530999999999999
2025-01-08T19:00,12.594400000000002
2025-01-08T20:00,11.7315
2025-01-08T21:00,10.8889
2025-01-08T22:00,10.3014
2025-01-08T23:00,9.7349
2025-01-09T00:00,9.0684
2025-01-09T01:00,8.5223
2025-01-09T02:00,7.679
2025-01-09T03:00,7.229
2025-01-09T04:00,6.9668
2025-01-09T05:00,6.6015
2025-01-09T06:00,6.671
2025-01-09T07:00,6.587300000000001
2025-01-09T08:00,8.5827
2025-01-09T09:00,11.8223
2025-01-09T10:00,14.6202
2025-01-09T11:00,16.658
2025-01-09T12:00,17.9981
2025-01-09T13:00,18.6507
2025-01-09T14:00,18.7019
2025-01-09T15:00,18.5575
2025-01-09T16:00,18.2681
2025-01-09T17:00,16.0454
2025-01-09T18:00,14.952000000000002
2025-01-09T19:00,13.6515
2025-01-09T20:00,12.3354
2025-01-09T21:00,11.709800000000001
2025-01-09T22:00,10.901299999999999
2025-01-09T23:00,9.8687
2025-01-10T00:00,8.8716
2025-01-10T01:00,8.3098
2025-01-10T02:00,7.8729000000000005
2025-01-10T03:00,7.5338
2025-01-10T04:00,7.2925
2025-01-10T05:00,6.8223
2025-01-10T06:00,6.302899999999999
2025-01-10T07:00,6.367900000000001
2025-01-10T08:00,7.9839
2025-01-10T09:00,10.9522
2025-01-10T10:00,13.3117
2025-01-10T11:00,15.6799
2025-01-10T12:00,17.2767
2025-01-10T13:00,17.9944
2025-01-10T14:00,18.0037
2025-01-10T15:00,17.8819
2025-01-10T16:00,17.362
2025-01-10T17:00,15.208299999999998
2025-01-10T18:00,13.534699999999997
2025-01-10T19:00,12.212299999999999
2025-01-10T20:00,11.381400000000001
2025-01-10T21:00,10.4283
2025-01-10T22:00,9.657
2025-01-10T23:00,9.0106
2025-01-11T00:00,8.504000000000001
2025-01-11T01:00,8.0858
2025-01-11T02:00,7.784
2025-01-11T03:00,7.083700000000001
2025-01-11T04:00,6.651400000000001
2025-01-11T05:00,6.485200000000001
2025-01-11T06:00,6.979000000000001
2025-01-11T07:00,7.111000000000001
2025-01-11T08:00,8.636700000000001
2025-01-11T09:00,11.048699999999998
2025-01-11T10:00,13.7789
2025-01-11T11:00,16.1268
2025-01-11T12:00,17.5243
2025-01-11T13:00,18.6875
2025-01-11T14:00,18.6339
2025-01-11T15:00,18.4168
2025-01-11T16:00,18.028100000000002
2025-01-11T17:00,15.8861
2025-01-11T18:00,14.772400000000001
2025-01-11T19:00,13.7578
2025-01-11T20:00,12.530800000000001
2025-01-11T21:00,12.2216
2025-01-11T22:00,12.0947
2025-01-11T23:00,11.877500000000001
2025-01-12T00:00,11.619800000000001
2025-01-12T01:00,10.4856
2025-01-12T02:00,10.491800000000001
2025-01-12T03:00,10.452900000000001
2025-01-12T04:00,11.0751
2025-01-12T05:00,10.5332
2025-01-12T06:00,11.9089
2025-01-12T07:00,11.4489
2025-01-12T08:00,12.6893
2025-01-12T09:00,14.8751
2025-01-12T10:00,16.3179
2025-01-12T11:00,17.638
2025-01-12T12:00,18.922400000000003
2025-01-12T13:00,19.6865
2025-01-12T14:00,19.513600000000004
2025-01-12T15:00,19.409399999999998
2025-01-12T16:00,19.0273
2025-01-12T17:00,17.3853
2025-01-12T18:00,15.0514
2025-01-12T19:00,14.142700000000001
2025-01-12T20:00,13.4878
2025-01-12T21:00,12.8927
2025-01-12T22:00,12.306
2025-01-12T23:00,11.662
2025-01-13T00:00,11.0072
2025-01-13T01:00,10.448300000000001
2025-01-13T02:00,10.0113
2025-01-13T03:00,9.682300000000001
2025-01-13T04:00,9.140699999999999
2025-01-13T05:00,8.872200000000001
2025-01-13T06:00,9.836800000000002
2025-01-13T07:00,9.854700000000001
2025-01-13T08:00,11.024799999999999
2025-01-13T09:00,12.8715
2025-01-13T10:00,15.206600000000002
2025-01-13T11:00,17.512100000000004
2025-01-13T12:00,19.1377
2025-01-13T13:00,20.0237
2025-01-13T14:00,20.053900000000002
2025-01-13T15:00,19.8785
2025-01-13T16:00,19.433000000000003
2025-01-13T17:00,17.6923
2025-01-13T18:00,16.1861
2025-01-13T19:00,15.234000000000002
2025-01-13T20:00,14.344800000000001
2025-01-13T21:00,13.616200000000001
2025-01-13T22:00,12.910899999999998
2025-01-13T23:00,12.195500000000001
2025-01-14T00:00,11.5871
2025-01-14T01:00,11.008200000000002
2025-01-14T02:00,10.4829
2025-01-14T03:00,9.8955
2025-01-14T04:00,9.351600000000001
2025-01-14T05:00,8.9295
2025-01-14T06:00,9.4131
2025-01-14T07:00,9.2083
2025-01-14T08:00,10.531400000000001
2025-01-14T09:00,12.978
2025-01-14T10:00,15.4644
2025-01-14T11:00,17.401300000000003
2025-01-14T12:00,18.9182
2025-01-14T13:00,19.6723
2025-01-14T14:00,19.624899999999997
2025-01-14T15:00,19.427
2025-01-14T16:00,19.0545
2025-01-14T17:00,17.210400000000003
2025-01-14T18:00,15.659699999999999
2025-01-14T19:00,14.6168
2025-01-14T20:00,13.548200000000001
2025-01-14T21:00,12.5084
2025-01-14T22:00,12.152
2025-01-14T23:00,11.2948
2025-01-15T00:00,10.7097
2025-01-15T01:00,10.2814
2025-01-15T02:00,9.943100000000001
2025-01-15T03:00,9.0617
2025-01-15T04:00,8.2181
2025-01-15T05:00,7.9257
2025-01-15T06:00,8.440299999999999
2025-01-15T07:00,8.6229
2025-01-15T08:00,9.7259
2025-01-15T09:00,12.235000000000001
2025-01-15T10:00,14.2574
2025-01-15T11:00,16.8904
2025-01-15T12:00,18.7565
2025-01-15T13:00,19.307499999999997
2025-01-15T14:00,19.310499999999998
2025-01-15T15:00,19.106399999999997
2025-01-15T16:00,18.7393
2025-01-15T17:00,17.0745
2025-01-15T18:00,13.6841
2025-01-15T19:00,12.906600000000001
2025-01-15T20:00,12.589100000000002
2025-01-15T21:00,12.2949
2025-01-15T22:00,11.803
2025-01-15T23:00,10.9602
2025-01-16T00:00,11.063600000000001
2025-01-16T01:00,10.757900000000001
2025-01-16T02:00,10.2178
2025-01-16T03:00,10.2355
2025-01-16T04:00,10.0158
2025-01-16T05:00,9.7463
2025-01-16T06:00,10.570599999999999
2025-01-16T07:00,10.7647
2025-01-16T08:00,12.105
2025-01-16T09:00,14.037600000000001
2025-01-16T10:00,15.515
2025-01-16T11:00,16.928
2025-01-16T12:00,18.1238
2025-01-16T13:00,18.5545
2025-01-16T14:00,18.4992
2025-01-16T15:00,18.043000000000003
2025-01-16T16:00,17.3073
2025-01-16T17:00,16.3128
2025-01-16T18:00,14.7862
2025-01-16T19:00,13.773600000000002
2025-01-16T20:00,13.1418
2025-01-16T21:00,12.2082
2025-01-16T22:00,11.620000000000001
2025-01-16T23:00,11.048200000000001
2025-01-17T00:00,10.578
2025-01-17T01:00,10.158199999999999
2025-01-17T02:00,9.6794
2025-01-17T03:00,9.244100000000001
2025-01-17T04:00,8.847600000000002
2025-01-17T05:00,8.386
2025-01-17T06:00,8.6476
2025-01-17T07:00,8.5663
2025-01-17T08:00,10.0625
2025-01-17T09:00,12.587600000000002
2025-01-17T10:00,14.990800000000002
2025-01-17T11:00,17.0471
2025-01-17T12:00,18.7775
2025-01-17T13:00,19.5806
2025-01-17T14:00,19.383499999999998
2025-01-17T15:00,19.074600000000004
2025-01-17T16:00,18.5725
2025-01-17T17:00,16.4951
2025-01-17T18:00,14.5095
2025-01-17T19:00,13.5318
2025-01-17T20:00,12.6301
2025-01-17T21:00,11.8541
2025-01-17T22:00,11.0883
2025-01-17T23:00,10.479100000000003
2025-01-18T00:00,9.9918
2025-01-18T01:00,9.2136
2025-01-18T02:00,8.4709
2025-01-18T03:00,7.959099999999999
2025-01-18T04:00,7.7347
2025-01-18T05:00,7.503500000000001
2025-01-18T06:00,9.011
2025-01-18T07:00,9.0692
2025-01-18T08:00,9.8276
2025-01-18T09:00,11.3191
2025-01-18T10:00,13.9706
2025-01-18T11:00,16.1396
2025-01-18T12:00,17.5184
2025-01-18T13:00,18.823999999999998
2025-01-18T14:00,18.7193
2025-01-18T15:00,18.638599999999997
2025-01-18T16:00,18.349800000000002
2025-01-18T17:00,16.4916
2025-01-18T18:00,14.9774
2025-01-18T19:00,13.895600000000002
2025-01-18T20:00,12.6371
2025-01-18T21:00,11.5873
2025-01-18T22:00,10.5609
2025-01-18T23:00,9.7401
2025-01-19T00:00,9.1333
2025-01-19T01:00,8.9005
2025-01-19T02:00,8.511800000000001
2025-01-19T03:00,8.3116
2025-01-19T04:00,7.953000000000001
2025-01-19T05:00,7.6449
2025-01-19T06:00,8.5157
2025-01-19T07:00,8.5935
2025-01-19T08:00,10.110899999999999
2025-01-19T09:00,12.3945
2025-01-19T10:00,15.064800000000002
2025-01-19T11:00,17.6162
2025-01-19T12:00,20.020100000000003
2025-01-19T13:00,21.217200000000002
2025-01-19T14:00,21.5282
2025-01-19T15:00,21.543600000000005
2025-01-19T16:00,21.225399999999997
2025-01-19T17:00,19.188200000000002
2025-01-19T18:00,17.8247
2025-01-19T19:00,17.0044
2025-01-19T20:00,16.1842
2025-01-19T21:00,15.372600000000002
2025-01-19T22:00,14.645700000000001
2025-01-19T23:00,14.2897
2025-01-20T00:00,13.9421
2025-01-20T01:00,13.469600000000002
2025-01-20T02:00,13.0647
2025-01-20T03:00,12.696200000000001
2025-01-20T04:00,12.3804
2025-01-20T05:00,12.158499999999998
2025-01-20T06:00,11.805500000000002
2025-01-20T07:00,11.8235
2025-01-20T08:00,13.399799999999999
2025-01-20T09:00,16.230700000000002
2025-01-20T10:00,18.8217
2025-01-20T11:00,20.9673
2025-01-20T12:00,22.4649
2025-01-20T13:00,23.1918
2025-01-20T14:00,23.0474
2025-01-20T15:00,22.865
2025-01-20T16:00,22.487000000000002
2025-01-20T17:00,20.6843
2025-01-20T18:00,19.657700000000002
2025-01-20T19:00,18.712500000000002
2025-01-20T20:00,17.959
2025-01-20T21:00,17.235
2025-01-20T22:00,16.470699999999997
2025-01-20T23:00,15.720400000000001
2025-01-21T00:00,15.094200000000003
2025-01-21T01:00,14.420000000000002
2025-01-21T02:00,13.8489
2025-01-21T03:00,13.2755
2025-01-21T04:00,12.735499999999998
2025-01-21T05:00,12.2925
2025-01-21T06:00,11.524299999999998
2025-01-21T07:00,11.351399999999998
2025-01-21T08:00,12.878000000000002
2025-01-21T09:00,15.4783
2025-01-21T10:00,17.9007
2025-01-21T11:00,20.0687
2025-01-21T12:00,21.738500000000002
2025-01-21T13:00,22.498900000000003
2025-01-21T14:00,22.3475
2025-01-21T15:00,22.1721
2025-01-21T16:00,21.614900000000002
2025-01-21T17:00,19.6158
2025-01-21T18:00,18.3688
2025-01-21T19:00,17.3399
2025-01-21T20:00,16.438200000000002
2025-01-21T21:00,15.652900000000002
2025-01-21T22:00,14.8995
2025-01-21T23:00,14.2306
2025-01-22T00:00,13.5594
2025-01-22T01:00,12.9704
2025-01-22T02:00,12.3993
2025-01-22T03:00,11.8856
2025-01-22T04:00,11.3735
2025-01-22T05:00,10.7846
2025-01-22T06:00,10.5239
2025-01-22T07:00,10.475200000000001
2025-01-22T08:00,12.396
2025-01-22T09:00,15.6023
2025-01-22T10:00,18.564
2025-01-22T11:00,21.2636
2025-01-22T12:00,23.334500000000002
2025-01-22T13:00,23.895500000000002
2025-01-22T14:00,23.533099999999997
2025-01-22T15:00,23.2537
2025-01-22T16:00,23.185499999999998
2025-01-22T17:00,20.9286
2025-01-22T18:00,18.9675
2025-01-22T19:00,17.8989
2025-01-22T20:00,16.765300000000003
2025-01-22T21:00,16.072300000000002
2025-01-22T22:00,15.363800000000001
2025-01-22T23:00,14.7322
2025-01-23T00:00,14.129199999999999
2025-01-23T01:00,13.566800000000002
2025-01-23T02:00,13.0244
2025-01-23T03:00,12.561
2025-01-23T04:00,12.616399999999999
2025-01-23T05:00,11.9119
2025-01-23T06:00,12.3694
2025-01-23T07:00,11.7911
2025-01-23T08:00,13.755799999999999
2025-01-23T09:00,16.779200000000003
2025-01-23T10:00,19.512400000000003
2025-01-23T11:00,21.3842
2025-01-23T12:00,22.556700000000003
2025-01-23T13:00,22.778700000000004
2025-01-23T14:00,21.9911
2025-01-23T15:00,21.5426
2025-01-23T16:00,20.984700000000004
2025-01-23T17:00,19.204400000000003
2025-01-23T18:00,17.5972
2025-01-23T19:00,16.4783
2025-01-23T20:00,15.453999999999999
2025-01-23T21:00,14.6826
2025-01-23T22:00,14.1083
2025-01-23T23:00,13.5892
2025-01-24T00:00,13.007200000000001
2025-01-24T01:00,12.408199999999999
2025-01-24T02:00,11.790600000000001
2025-01-24T03:00,11.3732
2025-01-24T04:00,10.878899999999998
2025-01-24T05:00,10.426600000000002
2025-01-24T06:00,10.8806
2025-01-24T07:00,10.654200000000001
2025-01-24T08:00,12.031
2025-01-24T09:00,14.167300000000001
2025-01-24T10:00,16.383300000000002
2025-01-24T11:00,18.569000000000003
2025-01-24T12:00,19.9904
2025-01-24T13:00,20.207700000000003
2025-01-24T14:00,19.7165
2025-01-24T15:00,19.1493
2025-01-24T16:00,18.703799999999998
2025-01-24T17:00,17.088900000000002
2025-01-24T18:00,16.1529
2025-01-24T19:00,15.112999999999998
2025-01-24T20:00,14.111999999999998
2025-01-24T21:00,13.277000000000001
2025-01-24T22:00,12.509500000000001
2025-01-24T23:00,11.7848
2025-01-25T00:00,11.1004
2025-01-25T01:00,10.451699999999999
2025-01-25T02:00,9.796800000000001
2025-01-25T03:00,9.2885
2025-01-25T04:00,8.7788
2025-01-25T05:00,8.283
2025-01-25T06:00,8.1822
2025-01-25T07:00,7.958100000000001
2025-01-25T08:00,9.5026
2025-01-25T09:00,12.0386
2025-01-25T10:00,14.4727
2025-01-25T11:00,16.9867
2025-01-25T12:00,18.8884
2025-01-25T13:00,19.858999999999998
2025-01-25T14:00,19.735500000000002
2025-01-25T15:00,19.28
2025-01-25T16:00,18.7671
2025-01-25T17:00,16.826800000000002
2025-01-25T18:00,15.775200000000002
2025-01-25T19:00,14.7386
2025-01-25T20:00,13.7773
2025-01-25T21:00,12.940100000000001
2025-01-25T22:00,12.1261
2025-01-25T23:00,11.282599999999999
2025-01-26T00:00,10.5493
2025-01-26T01:00,9.906099999999999
2025-01-26T02:00,9.2776
2025-01-26T03:00,8.715
2025-01-26T04:00,8.252500000000001
2025-01-26T05:00,7.7023
2025-01-26T06:00,7.638
2025-01-26T07:00,7.4512
2025-01-26T08:00,9.3342
2025-01-26T09:00,12.297700000000003
2025-01-26T10:00,14.963800000000003
2025-01-26T11:00,17.4344
2025-01-26T12:00,19.220499999999998
2025-01-26T13:00,20.017200000000003
2025-01-26T14:00,19.9348
2025-01-26T15:00,19.503300000000003
2025-01-26T16:00,19.1084
2025-01-26T17:00,17.2813
2025-01-26T18:00,16.138800000000003
2025-01-26T19:00,14.970999999999998
2025-01-26T20:00,13.9236
2025-01-26T21:00,12.904900000000001
2025-01-26T22:00,12.0714
2025-01-26T23:00,11.1712
2025-01-27T00:00,10.4388
2025-01-27T01:00,9.801000000000002
2025-01-27T02:00,9.0972
2025-01-27T03:00,8.494299999999999
2025-01-27T04:00,7.973700000000001
2025-01-27T05:00,7.438400000000001
2025-01-27T06:00,7.3476
2025-01-27T07:00,7.129
2025-01-27T08:00,9.0585
2025-01-27T09:00,12.3277
2025-01-27T10:00,15.4656
2025-01-27T11:00,17.857
2025-01-27T12:00,19.2179
2025-01-27T13:00,19.8906
2025-01-27T14:00,19.675600000000003
2025-01-27T15:00,19.2651
2025-01-27T16:00,18.864
2025-01-27T17:00,17.4498
2025-01-27T18:00,16.1203
2025-01-27T19:00,15.1316
2025-01-27T20:00,14.206600000000002
2025-01-27T21:00,13.3725
2025-01-27T22:00,12.5687
2025-01-27T23:00,11.9155
2025-01-28T00:00,11.148900000000001
2025-01-28T01:00,10.3457
2025-01-28T02:00,9.6419
2025-01-28T03:00,8.957500000000001
2025-01-28T04:00,8.2847
2025-01-28T05:00,7.7143999999999995
2025-01-28T06:00,7.2916
2025-01-28T07:00,7.2483
2025-01-28T08:00,9.5759
2025-01-28T09:00,13.0043
2025-01-28T10:00,15.994
2025-01-28T11:00,18.615800000000004
2025-01-28T12:00,20.3359
2025-01-28T13:00,21.1381
2025-01-28T14:00,21.0209
2025-01-28T15:00,20.656200000000002
2025-01-28T16:00,20.3273
2025-01-28T17:00,18.8271
2025-01-28T18:00,17.1949
2025-01-28T19:00,16.331200000000003
2025-01-28T20:00,15.4217
2025-01-28T21:00,14.1111
2025-01-28T22:00,12.826
2025-01-28T23:00,11.732099999999999
2025-01-29T00:00,10.8499
2025-01-29T01:00,9.8869
2025-01-29T02:00,9.4563
2025-01-29T03:00,9.320599999999999
2025-01-29T04:00,8.9017
2025-01-29T05:00,8.3648
2025-01-29T06:00,8.5442
2025-01-29T07:00,8.935599999999999
2025-01-29T08:00,11.1505
2025-01-29T09:00,14.867500000000001
2025-01-29T10:00,17.4573
2025-01-29T11:00,19.600299999999997
2025-01-29T12:00,21.2174
2025-01-29T13:00,21.918
2025-01-29T14:00,21.8776
2025-01-29T15:00,21.566400000000005
2025-01-29T16:00,20.9767
2025-01-29T17:00,19.506800000000002
2025-01-29T18:00,18.032100000000003
2025-01-29T19:00,16.8749
2025-01-29T20:00,15.9313
2025-01-29T21:00,14.930299999999999
2025-01-29T22:00,13.9542
2025-01-29T23:00,13.061100000000001
2025-01-30T00:00,12.335700000000003
2025-01-30T01:00,11.6149
2025-01-30T02:00,11.070300000000001
2025-01-30T03:00,10.600200000000001
2025-01-30T04:00,10.1983
2025-01-30T05:00,9.8305
2025-01-30T06:00,9.359200000000001
2025-01-30T07:00,9.587399999999999
2025-01-30T08:00,11.9382
2025-01-30T09:00,15.842400000000001
2025-01-30T10:00,19.01
2025-01-30T11:00,21.4917
2025-01-30T12:00,23.2484
2025-01-30T13:00,24.142200000000003
2025-01-30T14:00,24.125799999999998
2025-01-30T15:00,23.7424
2025-01-30T16:00,23.387099999999997
2025-01-30T17:00,21.7254
2025-01-30T18:00,20.078999999999997
2025-01-30T19:00,18.619100000000003
2025-01-30T20:00,17.5008
2025-01-30T21:00,16.5308
2025-01-30T22:00,15.6843
2025-01-30T23:00,15.0402
2025-01-31T00:00,14.165600000000001
2025-01-31T01:00,13.497000000000002
2025-01-31T02:00,12.898
2025-01-31T03:00,12.4868
2025-01-31T04:00,12.212299999999999
2025-01-31T05:00,11.6159
2025-01-31T06:00,10.8847
2025-01-31T07:00,11.097700000000001
2025-01-31T08:00,13.0824
2025-01-31T09:00,16.7424
2025-01-31T10:00,20.1589
2025-01-31T11:00,23.2981
2025-01-31T12:00,25.3473
2025-01-31T13:00,25.7687
2025-01-31T14:00,25.273699999999998
2025-01-31T15:00,24.5513
2025-01-31T16:00,24.0501
2025-01-31T17:00,22.4845
2025-01-31T18:00,20.823600000000003
2025-01-31T19:00,20.1411
2025-01-31T20:00,19.1618
2025-01-31T21:00,17.644199999999998
2025-01-31T22:00,16.979300000000002
2025-01-31T23:00,16.2926
2025-02-01T00:00,15.8969
2025-02-01T01:00,15.1605
2025-02-01T02:00,14.4576
2025-02-01T03:00,13.9208
2025-02-01T04:00,13.503400000000001
2025-02-01T05:00,13.1526
2025-02-01T06:00,12.160300000000001
2025-02-01T07:00,12.373800000000001
2025-02-01T08:00,14.6671
2025-02-01T09:00,18.3143
2025-02-01T10:00,21.3304
2025-02-01T11:00,23.6366
2025-02-01T12:00,25.059800000000003
2025-02-01T13:00,25.6456
2025-02-01T14:00,25.235100000000003
2025-02-01T15:00,24.9525
2025-02-01T16:00,24.2999
2025-02-01T17:00,22.9657
2025-02-01T18:00,21.8165
2025-02-01T19:00,20.811600000000002
2025-02-01T20:00,19.502499999999998
2025-02-01T21:00,18.489600000000003
2025-02-01T22:00,17.3652
2025-02-01T23:00,16.6341
2025-02-02T00:00,15.788300000000001
2025-02-02T01:00,15.016600000000002
2025-02-02T02:00,14.495800000000001
2025-02-02T03:00,14.231100000000001
2025-02-02T04:00,13.926100000000002
2025-02-02T05:00,13.4799
2025-02-02T06:00,13.4054
2025-02-02T07:00,13.585600000000001
2025-02-02T08:00,15.526700000000002
2025-02-02T09:00,18.734
2025-02-02T10:00,21.3607
2025-02-02T11:00,23.203000000000003
2025-02-02T12:00,24.3033
2025-02-02T13:00,24.3638
2025-02-02T14:00,23.7104
2025-02-02T15:00,22.9585
2025-02-02T16:00,22.3425
2025-02-02T17:00,21.3064
2025-02-02T18:00,20.1772
2025-02-02T19:00,19.179899999999996
2025-02-02T20:00,18.3659
2025-02-02T21:00,17.5433
2025-02-02T22:00,16.5904
2025-02-02T23:00,15.6608
2025-02-03T00:00,14.8399
2025-02-03T01:00,14.0128
2025-02-03T02:00,13.3571
2025-02-03T03:00,12.7456
2025-02-03T04:00,12.1226
2025-02-03T05:00,11.4995
2025-02-03T06:00,11.6469
2025-02-03T07:00,11.4677
2025-02-03T08:00,13.296200000000002
2025-02-03T09:00,16.1456
2025-02-03T10:00,18.8956
2025-02-03T11:00,20.9046
2025-02-03T12:00,21.9963
2025-02-03T13:00,22.6441
2025-02-03T14:00,22.6169
2025-02-03T15:00,22.238200000000003
2025-02-03T16:00,21.910700000000002
2025-02-03T17:00,21.1824
2025-02-03T18:00,19.1056
2025-02-03T19:00,18.044
2025-02-03T20:00,17.064500000000002
2025-02-03T21:00,16.3722
2025-02-03T22:00,15.761
2025-02-03T23:00,15.2139
2025-02-04T00:00,14.436500000000002
2025-02-04T01:00,13.894100000000002
2025-02-04T02:00,13.5712
2025-02-04T03:00,13.1294
2025-02-04T04:00,12.5823
2025-02-04T05:00,12.317800000000002
2025-02-04T06:00,13.7885
2025-02-04T07:00,13.8026
2025-02-04T08:00,15.065800000000001
2025-02-04T09:00,17.3956
2025-02-04T10:00,19.4445
2025-02-04T11:00,21.7941
2025-02-04T12:00,23.8042
2025-02-04T13:00,24.522000000000002
2025-02-04T14:00,24.662200000000002
2025-02-04T15:00,24.289
2025-02-04T16:00,23.7232
2025-02-04T17:00,22.791900000000002
2025-02-04T18:00,21.8371
2025-02-04T19:00,20.789900000000003
2025-02-04T20:00,19.997100000000003
2025-02-04T21:00,19.4042
2025-02-04T22:00,18.510900000000003
2025-02-04T23:00,17.951
2025-02-05T00:00,16.8463
2025-02-05T01:00,15.996300000000002
2025-02-05T02:00,15.7183
2025-02-05T03:00,15.2419
2025-02-05T04:00,14.797299999999998
2025-02-05T05:00,14.1238
2025-02-05T06:00,13.4722
2025-02-05T07:00,13.3544
2025-02-05T08:00,15.152600000000001
2025-02-05T09:00,17.6809
2025-02-05T10:00,19.9337
2025-02-05T11:00,21.681300000000004
2025-02-05T12:00,22.743599999999997
2025-02-05T13:00,23.1145
2025-02-05T14:00,22.564300000000003
2025-02-05T15:00,21.682100000000002
2025-02-05T16:00,20.870399999999997
2025-02-05T17:00,19.845900000000004
2025-02-05T18:00,18.4783
2025-02-05T19:00,17.340600000000002
2025-02-05T20:00,16.1875
2025-02-05T21:00,15.095
2025-02-05T22:00,14.2818
2025-02-05T23:00,13.4049
2025-02-06T00:00,12.3719
2025-02-06T01:00,11.6842
2025-02-06T02:00,11.0548
2025-02-06T03:00,10.4479
2025-02-06T04:00,9.9899
2025-02-06T05:00,9.683300000000001
2025-02-06T06:00,9.5506
2025-02-06T07:00,9.419500000000001
2025-02-06T08:00,11.2595
2025-02-06T09:00,13.922400000000001
2025-02-06T10:00,16.1432
2025-02-06T11:00,17.8577
2025-02-06T12:00,18.889799999999997
2025-02-06T13:00,19.247600000000002
2025-02-06T14:00,18.9814
2025-02-06T15:00,18.2621
2025-02-06T16:00,17.6701
2025-02-06T17:00,16.6674
2025-02-06T18:00,15.911999999999999
2025-02-06T19:00,14.9133
2025-02-06T20:00,13.8744
2025-02-06T21:00,13.006799999999998
2025-02-06T22:00,12.23
2025-02-06T23:00,11.3819
2025-02-07T00:00,10.7735
2025-02-07T01:00,10.2125
2025-02-07T02:00,9.6522
2025-02-07T03:00,9.1657
2025-02-07T04:00,8.6287
2025-02-07T05:00,8.122
2025-02-07T06:00,8.349400000000001
2025-02-07T07:00,8.1781
2025-02-07T08:00,9.910200000000001
2025-02-07T09:00,12.294799999999999
2025-02-07T10:00,14.4652
2025-02-07T11:00,16.8583
2025-02-07T12:00,18.384700000000002
2025-02-07T13:00,18.8814
2025-02-07T14:00,18.5927
2025-02-07T15:00,17.940199999999997
2025-02-07T16:00,17.555300000000003
2025-02-07T17:00,16.6177
2025-02-07T18:00,15.831400000000002
2025-02-07T19:00,14.9786
2025-02-07T20:00,14.1087
2025-02-07T21:00,13.3087
2025-02-07T22:00,12.5638
2025-02-07T23:00,11.864700000000001
2025-02-08T00:00,11.1476
2025-02-08T01:00,10.574900000000001
2025-02-08T02:00,10.0922
2025-02-08T03:00,9.691
2025-02-08T04:00,9.2316
2025-02-08T05:00,8.9507
2025-02-08T06:00,8.617899999999999
2025-02-08T07:00,8.7073
2025-02-08T08:00,10.604800000000001
2025-02-08T09:00,13.0935
2025-02-08T10:00,15.658000000000001
2025-02-08T11:00,18.3296
2025-02-08T12:00,20.4191
2025-02-08T13:00,21.375799999999998
2025-02-08T14:00,21.3416
2025-02-08T15:00,20.9102
2025-02-08T16:00,20.459300000000002
2025-02-08T17:00,19.484399999999997
2025-02-08T18:00,18.5959
2025-02-08T19:00,17.7826
2025-02-08T20:00,16.8793
2025-02-08T21:00,16.0002
2025-02-08T22:00,15.251500000000002
2025-02-08T23:00,14.463899999999999
2025-02-09T00:00,13.6677
2025-02-09T01:00,13.0259
2025-02-09T02:00,12.409699999999999
2025-02-09T03:00,11.811399999999999
2025-02-09T04:00,11.2674
2025-02-09T05:00,10.6699
2025-02-09T06:00,10.0896
2025-02-09T07:00,10.0913
2025-02-09T08:00,12.4474
2025-02-09T09:00,15.7849
2025-02-09T10:00,18.7344
2025-02-09T11:00,21.655100000000004
2025-02-09T12:00,23.384700000000002
2025-02-09T13:00,24.1358
2025-02-09T14:00,23.9837
2025-02-09T15:00,23.322599999999998
2025-02-09T16:00,22.7825
2025-02-09T17:00,21.592800000000004
2025-02-09T18:00,20.306900000000002
2025-02-09T19:00,19.249200000000002
2025-02-09T20:00,18.3109
2025-02-09T21:00,17.4105
2025-02-09T22:00,16.4435
2025-02-09T23:00,15.6154
2025-02-10T00:00,14.7254
2025-02-10T01:00,13.771899999999999
2025-02-10T02:00,12.969000000000001
2025-02-10T03:00,12.398000000000001
2025-02-10T04:00,11.7331
2025-02-10T05:00,11.167500000000002
2025-02-10T06:00,11.178200000000002
2025-02-10T07:00,11.491800000000001
2025-02-10T08:00,14.307500000000001
2025-02-10T09:00,18.287699999999997
2025-02-10T10:00,21.623400000000004
2025-02-10T11:00,24.200400000000002
2025-02-10T12:00,25.6017
2025-02-10T13:00,25.810699999999997
2025-02-10T14:00,25.529700000000005
2025-02-10T15:00,25.130600000000005
2025-02-10T16:00,24.4647
2025-02-10T17:00,23.3976
2025-02-10T18:00,21.685100000000002
2025-02-10T19:00,20.7621
2025-02-10T20:00,19.8759
2025-02-10T21:00,18.902
2025-02-10T22:00,17.6573
2025-02-10T23:00,16.747700000000002
2025-02-11T00:00,16.217700000000004
2025-02-11T01:00,15.4465
2025-02-11T02:00,14.5767
2025-02-11T03:00,14.021600000000001
2025-02-11T04:00,13.5839
2025-02-11T05:00,13.019200000000001
2025-02-11T06:00,12.5881
2025-02-11T07:00,12.858600000000001
2025-02-11T08:00,15.4312
2025-02-11T09:00,19.4834
2025-02-11T10:00,22.5522
2025-02-11T11:00,24.842699999999997
2025-02-11T12:00,26.3238
2025-02-11T13:00,27.0478
2025-02-11T14:00,26.634399999999996
2025-02-11T15:00,25.713300000000004
2025-02-11T16:00,24.9607
2025-02-11T17:00,24.0691
2025-02-11T18:00,22.7299
2025-02-11T19:00,21.9894
2025-02-11T20:00,20.638500000000004
2025-02-11T21:00,19.235600000000005
2025-02-11T22:00,18.302200000000003
2025-02-11T23:00,17.4789
2025-02-12T00:00,17.09
2025-02-12T01:00,15.949599999999998
2025-02-12T02:00,15.154300000000001
2025-02-12T03:00,14.4374
2025-02-12T04:00,13.744399999999999
2025-02-12T05:00,13.107299999999999
2025-02-12T06:00,13.6515
2025-02-12T07:00,13.629299999999999
2025-02-12T08:00,15.8381
2025-02-12T09:00,18.849100000000004
2025-02-12T10:00,21.5999
2025-02-12T11:00,24.1374
2025-02-12T12:00,24.8476
2025-02-12T13:00,24.8715
2025-02-12T14:00,24.466300000000004
2025-02-12T15:00,23.336599999999997
2025-02-12T16:00,22.5747
2025-02-12T17:00,21.8476
2025-02-12T18:00,20.7904
2025-02-12T19:00,19.4881
2025-02-12T20:00,18.266599999999997
2025-02-12T21:00,17.197200000000002
2025-02-12T22:00,16.3545
2025-02-12T23:00,15.462200000000001
2025-02-13T00:00,14.6917
2025-02-13T01:00,13.9723
2025-02-13T02:00,13.269200000000001
2025-02-13T03:00,12.864099999999999
2025-02-13T04:00,12.3061
2025-02-13T05:00,11.9126
2025-02-13T06:00,11.576500000000001
2025-02-13T07:00,11.530800000000003
2025-02-13T08:00,13.412700000000001
2025-02-13T09:00,15.430399999999999
2025-02-13T10:00,17.4043
2025-02-13T11:00,19.3457
2025-02-13T12:00,20.806900000000002
2025-02-13T13:00,21.4036
2025-02-13T14:00,21.1887
2025-02-13T15:00,20.382500000000004
2025-02-13T16:00,19.9728
2025-02-13T17:00,19.2069
2025-02-13T18:00,18.5517
2025-02-13T19:00,17.4653
2025-02-13T20:00,16.419400000000003
2025-02-13T21:00,15.5193
2025-02-13T22:00,14.661100000000001
2025-02-13T23:00,14.003000000000002
2025-02-14T00:00,13.3162
2025-02-14T01:00,12.654300000000001
2025-02-14T02:00,12.042100000000001
2025-02-14T03:00,11.5921
2025-02-14T04:00,11.108
2025-02-14T05:00,10.7402
2025-02-14T06:00,9.9021
2025-02-14T07:00,10.0667
2025-02-14T08:00,12.0363
2025-02-14T09:00,14.514000000000001
2025-02-14T10:00,16.7991
2025-02-14T11:00,19.351200000000002
2025-02-14T12:00,20.9675
2025-02-14T13:00,21.7208
2025-02-14T14:00,21.892200000000003
2025-02-14T15:00,21.478700000000003
2025-02-14T16:00,21.1932
2025-02-14T17:00,20.466000000000005
2025-02-14T18:00,19.5843
2025-02-14T19:00,18.7159
2025-02-14T20:00,17.9803
2025-02-14T21:00,17.1748
2025-02-14T22:00,16.5338
2025-02-14T23:00,15.882
2025-02-15T00:00,15.1403
2025-02-15T01:00,14.5055
2025-02-15T02:00,14.036000000000001
2025-02-15T03:00,13.4836
2025-02-15T04:00,12.831
2025-02-15T05:00,12.5215
2025-02-15T06:00,11.9295
2025-02-15T07:00,12.455700000000002
2025-02-15T08:00,15.3209
2025-02-15T09:00,19.1852
2025-02-15T10:00,21.9677
2025-02-15T11:00,23.673200000000005
2025-02-15T12:00,25.0369
2025-02-15T13:00,25.325800000000005
2025-02-15T14:00,25.0635
2025-02-15T15:00,24.345
2025-02-15T16:00,24.000600000000002
2025-02-15T17:00,22.814899999999998
2025-02-15T18:00,21.6275
2025-02-15T19:00,20.268500000000003
2025-02-15T20:00,19.247200000000003
2025-02-15T21:00,18.1524
2025-02-15T22:00,17.127399999999998
2025-02-15T23:00,16.6217
2025-02-16T00:00,16.3063
2025-02-16T01:00,15.525699999999999
2025-02-16T02:00,14.664800000000001
2025-02-16T03:00,13.878499999999999
2025-02-16T04:00,13.570400000000001
2025-02-16T05:00,13.097199999999997
2025-02-16T06:00,12.808
2025-02-16T07:00,13.1224
2025-02-16T08:00,16.1126
2025-02-16T09:00,20.145500000000002
2025-02-16T10:00,23.081700000000005
2025-02-16T11:00,25.5314
2025-02-16T12:00,27.0694
2025-02-16T13:00,27.3342
2025-02-16T14:00,27.0355
2025-02-16T15:00,26.416200000000003
2025-02-16T16:00,25.757999999999996
2025-02-16T17:00,24.2802
2025-02-16T18:00,22.9312
2025-02-16T19:00,21.6671
2025-02-16T20:00,20.649700000000003
2025-02-16T21:00,19.9085
2025-02-16T22:00,18.781899999999997
2025-02-16T23:00,18.1386
2025-02-17T00:00,17.3456
2025-02-17T01:00,16.563299999999998
2025-02-17T02:00,16.0558
2025-02-17T03:00,15.7678
2025-02-17T04:00,15.8478
2025-02-17T05:00,15.8097
2025-02-17T06:00,15.9502
2025-02-17T07:00,16.2141
2025-02-17T08:00,18.5137
2025-02-17T09:00,21.6621
2025-02-17T10:00,24.022100000000005
2025-02-17T11:00,26.246799999999997
2025-02-17T12:00,27.8668
2025-02-17T13:00,28.3843
2025-02-17T14:00,27.758100000000002
2025-02-17T15:00,26.8128
2025-02-17T16:00,26.146100000000004
2025-02-17T17:00,25.034899999999997
2025-02-17T18:00,23.377299999999998
2025-02-17T19:00,22.76
2025-02-17T20:00,22.209799999999998
2025-02-17T21:00,20.927400000000002
2025-02-17T22:00,19.823700000000002
2025-02-17T23:00,19.3054
2025-02-18T00:00,19.258
2025-02-18T01:00,18.5604
2025-02-18T02:00,17.2299
2025-02-18T03:00,16.6084
2025-02-18T04:00,16.388900000000003
2025-02-18T05:00,16.3903
2025-02-18T06:00,16.4307
2025-02-18T07:00,16.7343
2025-02-18T08:00,19.061100000000003
2025-02-18T09:00,21.6053
2025-02-18T10:00,23.686700000000002
2025-02-18T11:00,24.9115
2025-02-18T12:00,25.4296
2025-02-18T13:00,25.9719
2025-02-18T14:00,26.0428
2025-02-18T15:00,25.2498
2025-02-18T16:00,24.6872
2025-02-18T17:00,24.0595
2025-02-18T18:00,22.933400000000002
2025-02-18T19:00,22.0424
2025-02-18T20:00,21.0395
2025-02-18T21:00,20.171699999999998
2025-02-18T22:00,19.015600000000003
2025-02-18T23:00,18.2692
2025-02-19T00:00,17.4545
2025-02-19T01:00,16.604100000000003
2025-02-19T02:00,15.771500000000001
2025-02-19T03:00,15.120500000000002
2025-02-19T04:00,14.683
2025-02-19T05:00,14.100999999999999
2025-02-19T06:00,14.0033
2025-02-19T07:00,14.396900000000002
2025-02-19T08:00,16.975900000000003
2025-02-19T09:00,20.3676
2025-02-19T10:00,22.8047
2025-02-19T11:00,24.8625
2025-02-19T12:00,26.1188
2025-02-19T13:00,26.5954
2025-02-19T14:00,26.483
2025-02-19T15:00,25.7534
2025-02-19T16:00,25.2933
2025-02-19T17:00,24.561400000000003
2025-02-19T18:00,23.3549
2025-02-19T19:00,22.8914
2025-02-19T20:00,21.7298
2025-02-19T21:00,20.920799999999996
2025-02-19T22:00,19.689200000000003
2025-02-19T23:00,19.5024
2025-02-20T00:00,18.803900000000002
2025-02-20T01:00,17.768
2025-02-20T02:00,16.7347
2025-02-20T03:00,16.0245
2025-02-20T04:00,15.5047
2025-02-20T05:00,14.456499999999998
2025-02-20T06:00,15.897200000000002
2025-02-20T07:00,16.1527
2025-02-20T08:00,18.107000000000003
2025-02-20T09:00,20.2696
2025-02-20T10:00,21.9616
2025-02-20T11:00,23.2556
2025-02-20T12:00,23.9804
2025-02-20T13:00,24.679100000000002
2025-02-20T14:00,25.0308
2025-02-20T15:00,24.4277
2025-02-20T16:00,23.824599999999997
2025-02-20T17:00,22.369
2025-02-20T18:00,21.6821
2025-02-20T19:00,20.4466
2025-02-20T20:00,19.906399999999998
2025-02-20T21:00,17.3642
2025-02-20T22:00,17.8805
2025-02-20T23:00,17.297600000000003
2025-02-21T00:00,16.8105
2025-02-21T01:00,16.572899999999997
2025-02-21T02:00,16.1616
2025-02-21T03:00,15.7752
2025-02-21T04:00,15.4245
2025-02-21T05:00,14.9534
2025-02-21T06:00,15.512900000000002
2025-02-21T07:00,15.776800000000001
2025-02-21T08:00,18.1571
2025-02-21T09:00,20.7039
2025-02-21T10:00,23.412200000000002
2025-02-21T11:00,26.0738
2025-02-21T12:00,27.631
2025-02-21T13:00,28.316699999999997
2025-02-21T14:00,27.4908
2025-02-21T15:00,26.408500000000004
2025-02-21T16:00,25.4526
2025-02-21T17:00,24.2165
2025-02-21T18:00,23.009800000000002
2025-02-21T19:00,22.2041
2025-02-21T20:00,21.392300000000002
2025-02-21T21:00,20.5542
2025-02-21T22:00,19.741
2025-02-21T23:00,19.015600000000003
2025-02-22T00:00,18.122500000000002
2025-02-22T01:00,17.3761
2025-02-22T02:00,16.6949
2025-02-22T03:00,15.9034
2025-02-22T04:00,15.264800000000001
2025-02-22T05:00,14.601300000000002
2025-02-22T06:00,14.9235
2025-02-22T07:00,15.0191
2025-02-22T08:00,17.0377
2025-02-22T09:00,19.281900000000004
2025-02-22T10:00,21.5896
2025-02-22T11:00,23.763800000000003
2025-02-22T12:00,24.780100000000004
2025-02-22T13:00,24.752100000000002
2025-02-22T14:00,23.9187
2025-02-22T15:00,23.214000000000002
2025-02-22T16:00,22.7609
2025-02-22T17:00,22.0588
2025-02-22T18:00,21.038800000000002
2025-02-22T19:00,20.1564
2025-02-22T20:00,19.370299999999997
2025-02-22T21:00,18.586399999999998
2025-02-22T22:00,17.8003
2025-02-22T23:00,17.0383
2025-02-23T00:00,16.349300000000003
2025-02-23T01:00,15.7905
2025-02-23T02:00,15.204600000000001
2025-02-23T03:00,14.687000000000001
2025-02-23T04:00,14.2361
2025-02-23T05:00,13.7954
2025-02-23T06:00,13.7901
2025-02-23T07:00,14.2293
2025-02-23T08:00,16.5769
2025-02-23T09:00,19.276500000000002
2025-02-23T10:00,21.598200000000002
2025-02-23T11:00,23.586100000000002
2025-02-23T12:00,24.746
2025-02-23T13:00,25.305400000000002
2025-02-23T14:00,25.119799999999998
2025-02-23T15:00,24.194100000000002
2025-02-23T16:00,23.5098
2025-02-23T17:00,22.6718
2025-02-23T18:00,21.491200000000003
2025-02-23T19:00,20.721500000000002
2025-02-23T20:00,19.950899999999997
2025-02-23T21:00,19.059
2025-02-23T22:00,17.9882
2025-02-23T23:00,17.0569
2025-02-24T00:00,16.034100000000002
2025-02-24T01:00,15.3187
2025-02-24T02:00,14.758500000000002
2025-02-24T03:00,14.2208
2025-02-24T04:00,13.738399999999999
2025-02-24T05:00,13.2093
2025-02-24T06:00,13.934800000000001
2025-02-24T07:00,14.420000000000002
2025-02-24T08:00,17.4482
2025-02-24T09:00,20.729100000000003
2025-02-24T10:00,23.4278
2025-02-24T11:00,25.3591
2025-02-24T12:00,26.1691
2025-02-24T13:00,26.2644
2025-02-24T14:00,25.573
2025-02-24T15:00,24.305100000000003
2025-02-24T16:00,23.5657
2025-02-24T17:00,22.9325
2025-02-24T18:00,21.695899999999998
2025-02-24T19:00,20.8119
2025-02-24T20:00,20.104100000000003
2025-02-24T21:00,19.1222
2025-02-24T22:00,18.1219
2025-02-24T23:00,17.4926
2025-02-25T00:00,16.7421
2025-02-25T01:00,15.773599999999998
2025-02-25T02:00,15.129600000000002
2025-02-25T03:00,14.3416
2025-02-25T04:00,13.7566
2025-02-25T05:00,13.568100000000001
2025-02-25T06:00,14.040200000000002
2025-02-25T07:00,14.6175
2025-02-25T08:00,17.977
2025-02-25T09:00,21.3974
2025-02-25T10:00,24.108700000000002
2025-02-25T11:00,25.8958
2025-02-25T12:00,26.988799999999998
2025-02-25T13:00,27.360400000000002
2025-02-25T14:00,26.7622
2025-02-25T15:00,25.567999999999998
2025-02-25T16:00,24.728500000000004
2025-02-25T17:00,23.805999999999997
2025-02-25T18:00,22.6934
2025-02-25T19:00,22.067700000000002
2025-02-25T20:00,21.126400000000004
2025-02-25T21:00,20.2124
2025-02-25T22:00,19.1939
2025-02-25T23:00,18.4921
2025-02-26T00:00,18.2709
2025-02-26T01:00,17.5361
2025-02-26T02:00,17.3864
2025-02-26T03:00,17.2086
2025-02-26T04:00,16.3885
2025-02-26T05:00,16.8441
2025-02-26T06:00,17.1399
2025-02-26T07:00,17.6692
2025-02-26T08:00,19.121199999999998
2025-02-26T09:00,22.2367
2025-02-26T10:00,24.978000000000005
2025-02-26T11:00,27.638
2025-02-26T12:00,29.446200000000005
2025-02-26T13:00,30.2129
2025-02-26T14:00,29.672100000000004
2025-02-26T15:00,28.483299999999996
2025-02-26T16:00,27.9345
2025-02-26T17:00,27.2121
2025-02-26T18:00,26.0379
2025-02-26T19:00,25.4146
2025-02-26T20:00,24.6736
2025-02-26T21:00,23.9147
2025-02-26T22:00,22.4112
2025-02-26T23:00,21.697200000000002
2025-02-27T00:00,21.2875
2025-02-27T01:00,21.2267
2025-02-27T02:00,20.4171
2025-02-27T03:00,19.8686
2025-02-27T04:00,19.2285
2025-02-27T05:00,18.778
2025-02-27T06:00,19.822999999999997
2025-02-27T07:00,19.798
2025-02-27T08:00,20.358800000000002
2025-02-27T09:00,22.676099999999998
2025-02-27T10:00,24.370200000000004
2025-02-27T11:00,24.881500000000003
2025-02-27T12:00,25.6917
2025-02-27T13:00,26.6646
2025-02-27T14:00,26.8148
2025-02-27T15:00,25.654400000000003
2025-02-27T16:00,25.160300000000003
2025-02-27T17:00,24.1529
2025-02-27T18:00,24.0704
2025-02-27T19:00,23.119
2025-02-27T20:00,22.3602
2025-02-27T21:00,21.9512
2025-02-27T22:00,21.21
2025-02-27T23:00,20.433200000000003
2025-02-28T00:00,20.0104
2025-02-28T01:00,19.942800000000002
2025-02-28T02:00,19.8589
2025-02-28T03:00,19.6897
2025-02-28T04:00,19.3838
2025-02-28T05:00,19.0346
2025-02-28T06:00,19.5824
2025-02-28T07:00,19.9402
2025-02-28T08:00,20.5125
2025-02-28T09:00,21.6229
2025-02-28T10:00,22.4604
2025-02-28T11:00,23.6639
2025-02-28T12:00,24.339199999999998
2025-02-28T13:00,25.323000000000004
2025-02-28T14:00,26.3629
2025-02-28T15:00,26.7076
2025-02-28T16:00,26.7229
2025-02-28T17:00,26.325300000000002
2025-02-28T18:00,24.934600000000003
2025-02-28T19:00,23.9715
2025-02-28T20:00,22.837
2025-02-28T21:00,21.789
2025-02-28T22:00,21.243
2025-02-28T23:00,20.188000000000002
2025-03-01T00:00,19.4272
2025-03-01T01:00,19.237199999999998
2025-03-01T02:00,18.7057
2025-03-01T03:00,18.4007
2025-03-01T04:00,17.596400000000003
2025-03-01T05:00,17.256
2025-03-01T06:00,18.402
2025-03-01T07:00,18.4031
2025-03-01T08:00,19.6197
2025-03-01T09:00,21.020500000000002
2025-03-01T10:00,22.783100000000005
2025-03-01T11:00,25.0543
2025-03-01T12:00,27.1871
2025-03-01T13:00,28.1826
2025-03-01T14:00,27.9822
2025-03-01T15:00,27.522800000000004
2025-03-01T16:00,27.2398
2025-03-01T17:00,26.824700000000004
2025-03-01T18:00,24.796499999999998
2025-03-01T19:00,23.832599999999996
2025-03-01T20:00,22.759200000000003
2025-03-01T21:00,22.172600000000003
2025-03-01T22:00,20.901000000000003
2025-03-01T23:00,20.1703
2025-03-02T00:00,19.413600000000002
2025-03-02T01:00,18.7423
2025-03-02T02:00,18.1456
2025-03-02T03:00,17.5567
2025-03-02T04:00,17.1237
2025-03-02T05:00,16.6511
2025-03-02T06:00,17.4659
2025-03-02T07:00,17.7486
2025-03-02T08:00,20.0931
2025-03-02T09:00,22.5523
2025-03-02T10:00,24.773200000000003
2025-03-02T11:00,26.131200000000003
2025-03-02T12:00,26.5759
2025-03-02T13:00,26.6682
2025-03-02T14:00,26.0636
2025-03-02T15:00,25.0037
2025-03-02T16:00,24.3092
2025-03-02T17:00,23.5999
2025-03-02T18:00,22.2645
2025-03-02T19:00,21.0741
2025-03-02T20:00,20.0173
2025-03-02T21:00,18.8945
2025-03-02T22:00,17.7126
2025-03-02T23:00,16.8046
2025-03-03T00:00,15.997599999999998
2025-03-03T01:00,15.2248
2025-03-03T02:00,14.5225
2025-03-03T03:00,13.933600000000002
2025-03-03T04:00,13.470400000000001
2025-03-03T05:00,12.8618
2025-03-03T06:00,13.242799999999999
2025-03-03T07:00,14.206499999999998
2025-03-03T08:00,17.0761
2025-03-03T09:00,20.250300000000003
2025-03-03T10:00,22.9002
2025-03-03T11:00,25.221900000000005
2025-03-03T12:00,26.6084
2025-03-03T13:00,27.163
2025-03-03T14:00,27.0822
2025-03-03T15:00,25.8935
2025-03-03T16:00,25.545800000000003
2025-03-03T17:00,25.0302
2025-03-03T18:00,23.531200000000002
2025-03-03T19:00,22.4331
2025-03-03T20:00,21.681900000000002
2025-03-03T21:00,21.1146
2025-03-03T22:00,20.5623
2025-03-03T23:00,19.9921
2025-03-04T00:00,19.347299999999997
2025-03-04T01:00,18.728
2025-03-04T02:00,18.4402
2025-03-04T03:00,17.754099999999998
2025-03-04T04:00,17.4276
2025-03-04T05:00,16.5013
2025-03-04T06:00,17.065700000000003
2025-03-04T07:00,17.829700000000003
2025-03-04T08:00,20.557
2025-03-04T09:00,22.256700000000002
2025-03-04T10:00,24.3489
2025-03-04T11:00,26.2941
2025-03-04T12:00,26.8115
2025-03-04T13:00,26.5968
2025-03-04T14:00,25.8409
2025-03-04T15:00,24.891800000000003
2025-03-04T16:00,23.7922
2025-03-04T17:00,22.816900000000004
2025-03-04T18:00,20.9613
2025-03-04T19:00,19.7173
2025-03-04T20:00,18.0949
2025-03-04T21:00,17.0077
2025-03-04T22:00,16.260399999999997
2025-03-04T23:00,15.458000000000002
2025-03-05T00:00,14.8085
2025-03-05T01:00,14.2777
2025-03-05T02:00,13.542800000000002
2025-03-05T03:00,12.8103
2025-03-05T04:00,12.091099999999999
2025-03-05T05:00,11.3113
2025-03-05T06:00,11.021899999999999
2025-03-05T07:00,11.2867
2025-03-05T08:00,12.7812
2025-03-05T09:00,14.1561
2025-03-05T10:00,16.2177
2025-03-05T11:00,18.249100000000002
2025-03-05T12:00,19.4472
2025-03-05T13:00,20.0461
2025-03-05T14:00,19.963
2025-03-05T15:00,19.401200000000003
2025-03-05T16:00,18.830800000000004
2025-03-05T17:00,18.2038
2025-03-05T18:00,17.5573
2025-03-05T19:00,16.8867
2025-03-05T20:00,16.0634
2025-03-05T21:00,15.188199999999998
2025-03-05T22:00,14.6139
2025-03-05T23:00,14.1226
2025-03-06T00:00,13.5771
2025-03-06T01:00,12.9463
2025-03-06T02:00,12.2457
2025-03-06T03:00,11.6885
2025-03-06T04:00,11.2695
2025-03-06T05:00,10.890799999999999
2025-03-06T06:00,10.198000000000002
2025-03-06T07:00,10.8104
2025-03-06T08:00,13.167900000000001
2025-03-06T09:00,15.5694
2025-03-06T10:00,18.2937
2025-03-06T11:00,20.775900000000004
2025-03-06T12:00,22.5691
2025-03-06T13:00,23.6864
2025-03-06T14:00,24.007499999999997
2025-03-06T15:00,23.432500000000005
2025-03-06T16:00,22.818800000000003
2025-03-06T17:00,22.3111
2025-03-06T18:00,20.832700000000003
2025-03-06T19:00,19.9555
2025-03-06T20:00,18.945
2025-03-06T21:00,18.1762
2025-03-06T22:00,17.283800000000003
2025-03-06T23:00,16.3507
2025-03-07T00:00,15.4175
2025-03-07T01:00,14.247599999999998
2025-03-07T02:00,13.4669
2025-03-07T03:00,12.922200000000002
2025-03-07T04:00,12.6699
2025-03-07T05:00,11.955400000000001
2025-03-07T06:00,11.408000000000001
2025-03-07T07:00,12.9176
2025-03-07T08:00,16.4525
2025-03-07T09:00,20.1174
2025-03-07T10:00,23.3228
2025-03-07T11:00,25.5808
2025-03-07T12:00,26.889699999999998
2025-03-07T13:00,27.303200000000004
2025-03-07T14:00,27.0354
2025-03-07T15:00,25.990900000000003
2025-03-07T16:00,25.221200000000003
2025-03-07T17:00,24.4957
2025-03-07T18:00,22.778200000000002
2025-03-07T19:00,21.8104
2025-03-07T20:00,20.578200000000002
2025-03-07T21:00,20.0386
2025-03-07T22:00,19.089
2025-03-07T23:00,17.8383
2025-03-08T00:00,17.0406
2025-03-08T01:00,16.181600000000003
2025-03-08T02:00,15.5167
2025-03-08T03:00,14.9209
2025-03-08T04:00,14.509000000000002
2025-03-08T05:00,14.017
2025-03-08T06:00,14.1396
2025-03-08T07:00,15.008099999999999
2025-03-08T08:00,18.224899999999998
2025-03-08T09:00,21.539900000000003
2025-03-08T10:00,24.6072
2025-03-08T11:00,26.9263
2025-03-08T12:00,27.924100000000003
2025-03-08T13:00,28.159
2025-03-08T14:00,27.8881
2025-03-08T15:00,27.012700000000002
2025-03-08T16:00,26.236800000000002
2025-03-08T17:00,25.6975
2025-03-08T18:00,24.2274
2025-03-08T19:00,23.144699999999997
2025-03-08T20:00,22.602900000000005
2025-03-08T21:00,21.635600000000004
2025-03-08T22:00,20.957400000000003
2025-03-08T23:00,19.326800000000002
2025-03-09T00:00,18.337500000000002
2025-03-09T01:00,18.1354
2025-03-09T02:00,17.212400000000002
2025-03-09T03:00,16.315
2025-03-09T04:00,15.581800000000001
2025-03-09T05:00,14.8447
2025-03-09T06:00,15.860399999999998
2025-03-09T07:00,16.907500000000002
2025-03-09T08:00,21.101300000000002
2025-03-09T09:00,24.7787
2025-03-09T10:00,27.5527
2025-03-09T11:00,29.872000000000003
2025-03-09T12:00,31.222000000000005
2025-03-09T13:00,31.517500000000002
2025-03-09T14:00,31.0975
2025-03-09T15:00,29.933400000000002
2025-03-09T16:00,28.9852
2025-03-09T17:00,27.7902
2025-03-09T18:00,26.2302
2025-03-09T19:00,24.741600000000002
2025-03-09T20:00,23.7925
2025-03-09T21:00,22.606
2025-03-09T22:00,21.4703
2025-03-09T23:00,20.63
2025-03-10T00:00,19.803
2025-03-10T01:00,18.9945
2025-03-10T02:00,18.3225
2025-03-10T03:00,17.9431
2025-03-10T04:00,17.468200000000003
2025-03-10T05:00,16.9544
2025-03-10T06:00,17.5868
2025-03-10T07:00,18.458599999999997
2025-03-10T08:00,21.4961
2025-03-10T09:00,24.4286
2025-03-10T10:00,27.448699999999995
2025-03-10T11:00,29.600400000000004
2025-03-10T12:00,30.7309
2025-03-10T13:00,31.5819
2025-03-10T14:00,31.6337
2025-03-10T15:00,30.6699
2025-03-10T16:00,29.841099999999997
2025-03-10T17:00,28.8974
2025-03-10T18:00,27.4095
2025-03-10T19:00,26.102
2025-03-10T20:00,25.1785
2025-03-10T21:00,24.29
2025-03-10T22:00,23.720599999999997
2025-03-10T23:00,22.869200000000003
2025-03-11T00:00,22.1762
2025-03-11T01:00,21.107000000000003
2025-03-11T02:00,20.4024
2025-03-11T03:00,19.8912
2025-03-11T04:00,19.0625
2025-03-11T05:00,18.924400000000002
2025-03-11T06:00,19.2556
2025-03-11T07:00,20.2686
2025-03-11T08:00,24.2312
2025-03-11T09:00,27.467800000000004
2025-03-11T10:00,30.226300000000002
2025-03-11T11:00,32.613600000000005
2025-03-11T12:00,33.8961
2025-03-11T13:00,34.2507
2025-03-11T14:00,33.5664
2025-03-11T15:00,32.5426
2025-03-11T16:00,31.746300000000005
2025-03-11T17:00,30.718500000000002
2025-03-11T18:00,29.407200000000003
2025-03-11T19:00,28.385
2025-03-11T20:00,27.605900000000002
2025-03-11T21:00,26.5604
2025-03-11T22:00,25.596600000000002
2025-03-11T23:00,24.4792
2025-03-12T00:00,23.853
2025-03-12T01:00,23.241699999999998
2025-03-12T02:00,22.5862
2025-03-12T03:00,21.9748
2025-03-12T04:00,21.3641
2025-03-12T05:00,20.7837
2025-03-12T06:00,20.468000000000004
2025-03-12T07:00,21.411800000000003
2025-03-12T08:00,24.432100000000002
2025-03-12T09:00,27.4096
2025-03-12T10:00,30.0032
2025-03-12T11:00,31.9144
2025-03-12T12:00,33.1062
2025-03-12T13:00,33.6206
2025-03-12T14:00,33.2008
2025-03-12T15:00,32.1176
2025-03-12T16:00,31.139200000000006
2025-03-12T17:00,30.4268
2025-03-12T18:00,29.416800000000002
2025-03-12T19:00,28.537400000000005
2025-03-12T20:00,27.8715
2025-03-12T21:00,26.9371
2025-03-12T22:00,25.9911
2025-03-12T23:00,25.154000000000003
2025-03-13T00:00,24.2074
2025-03-13T01:00,23.204900000000002
2025-03-13T02:00,22.561500000000002
2025-03-13T03:00,22.174200000000003
2025-03-13T04:00,21.6434
2025-03-13T05:00,21.433300000000003
2025-03-13T06:00,21.7667
2025-03-13T07:00,22.7425
2025-03-13T08:00,25.5077
2025-03-13T09:00,28.195700000000002
2025-03-13T10:00,30.4176
2025-03-13T11:00,28.6458
2025-03-13T12:00,32.2234
2025-03-13T13:00,33.5089
2025-03-13T14:00,33.2495
2025-03-13T15:00,31.119
2025-03-13T16:00,30.1895
2025-03-13T17:00,28.325499999999998
2025-03-13T18:00,28.201700000000002
2025-03-13T19:00,27.2839
2025-03-13T20:00,26.1843
2025-03-13T21:00,25.214100000000002
2025-03-13T22:00,24.5832
2025-03-13T23:00,23.797900000000002
2025-03-14T00:00,23.2695
2025-03-14T01:00,22.2219
2025-03-14T02:00,21.6556
2025-03-14T03:00,20.9006
2025-03-14T04:00,20.4964
2025-03-14T05:00,19.7724
2025-03-14T06:00,21.4847
2025-03-14T07:00,22.893500000000003
2025-03-14T08:00,26.6627
2025-03-14T09:00,29.796400000000006
2025-03-14T10:00,32.098
2025-03-14T11:00,33.978
2025-03-14T12:00,34.6375
2025-03-14T13:00,34.3775
2025-03-14T14:00,33.517
2025-03-14T15:00,32.4531
2025-03-14T16:00,31.534099999999995
2025-03-14T17:00,30.698900000000002
2025-03-14T18:00,29.6304
2025-03-14T19:00,28.3398
2025-03-14T20:00,26.6624
2025-03-14T21:00,25.6886
2025-03-14T22:00,24.579199999999997
2025-03-14T23:00,23.6797
2025-03-15T00:00,22.923200000000005
2025-03-15T01:00,22.030700000000003
2025-03-15T02:00,21.342499999999998
2025-03-15T03:00,21.302
2025-03-15T04:00,20.622500000000002
2025-03-15T05:00,20.1949
2025-03-15T06:00,20.659400000000005
2025-03-15T07:00,21.762300000000003
2025-03-15T08:00,24.6595
2025-03-15T09:00,27.081500000000002
2025-03-15T10:00,29.573100000000004
2025-03-15T11:00,32.0747
2025-03-15T12:00,33.731300000000005
2025-03-15T13:00,34.4147
2025-03-15T14:00,33.918400000000005
2025-03-15T15:00,32.92110000000001
2025-03-15T16:00,32.0245
2025-03-15T17:00,30.5467
2025-03-15T18:00,28.462
2025-03-15T19:00,27.5593
2025-03-15T20:00,26.5136
2025-03-15T21:00,25.1093
2025-03-15T22:00,24.075
2025-03-15T23:00,23.002699999999997
2025-03-16T00:00,22.1709
2025-03-16T01:00,21.6478
2025-03-16T02:00,21.2322
2025-03-16T03:00,20.895400000000002
2025-03-16T04:00,20.3211
2025-03-16T05:00,19.8908
2025-03-16T06:00,21.650199999999998
2025-03-16T07:00,22.5011
2025-03-16T08:00,23.6541
2025-03-16T09:00,26.0261
2025-03-16T10:00,28.4724
2025-03-16T11:00,30.895200000000003
2025-03-16T12:00,31.921300000000002
2025-03-16T13:00,31.412600000000005
2025-03-16T14:00,30.189
2025-03-16T15:00,29.441000000000003
2025-03-16T16:00,28.770000000000003
2025-03-16T17:00,27.6658
2025-03-16T18:00,26.174
2025-03-16T19:00,25.325
2025-03-16T20:00,24.6119
2025-03-16T21:00,23.543400000000002
2025-03-16T22:00,22.4205
2025-03-16T23:00,21.348000000000003
2025-03-17T00:00,20.5736
2025-03-17T01:00,19.8256
2025-03-17T02:00,19.185399999999998
2025-03-17T03:00,18.651500000000002
2025-03-17T04:00,18.3032
2025-03-17T05:00,18.051000000000002
2025-03-17T06:00,20.436700000000002
2025-03-17T07:00,21.428000000000004
2025-03-17T08:00,23.403100000000002
2025-03-17T09:00,25.518400000000003
2025-03-17T10:00,27.4583
2025-03-17T11:00,28.8217
2025-03-17T12:00,29.1245
2025-03-17T13:00,28.911900000000006
2025-03-17T14:00,28.4523
2025-03-17T15:00,27.318600000000004
2025-03-17T16:00,26.4115
2025-03-17T17:00,25.675200000000004
2025-03-17T18:00,24.6226
2025-03-17T19:00,23.716
2025-03-17T20:00,22.8445
2025-03-17T21:00,22.0158
2025-03-17T22:00,21.3453
2025-03-17T23:00,20.612800000000004
2025-03-18T00:00,19.7514
2025-03-18T01:00,18.89
2025-03-18T02:00,18.0597
2025-03-18T03:00,17.3644
2025-03-18T04:00,16.8112
2025-03-18T05:00,16.327
2025-03-18T06:00,17.6948
2025-03-18T07:00,18.8187
2025-03-18T08:00,21.499200000000002
2025-03-18T09:00,23.918
2025-03-18T10:00,26.0272
2025-03-18T11:00,27.469500000000004
2025-03-18T12:00,28.542500000000004
2025-03-18T13:00,28.8598
2025-03-18T14:00,28.5625
2025-03-18T15:00,27.6353
2025-03-18T16:00,26.6902
2025-03-18T17:00,26.067200000000003
2025-03-18T18:00,24.961799999999997
2025-03-18T19:00,23.919600000000003
2025-03-18T20:00,23.100900000000003
2025-03-18T21:00,22.2814
2025-03-18T22:00,21.381999999999998
2025-03-18T23:00,20.5594
2025-03-19T00:00,20.1318
2025-03-19T01:00,19.1843
2025-03-19T02:00,18.398999999999997
2025-03-19T03:00,17.736500000000003
2025-03-19T04:00,17.201800000000002
2025-03-19T05:00,16.813000000000002
2025-03-19T06:00,17.6488
2025-03-19T07:00,19.185
2025-03-19T08:00,22.6453
2025-03-19T09:00,25.85
2025-03-19T10:00,28.188000000000002
2025-03-19T11:00,29.918300000000002
2025-03-19T12:00,31.062
2025-03-19T13:00,31.366200000000003
2025-03-19T14:00,30.840800000000005
2025-03-19T15:00,29.4799
2025-03-19T16:00,28.4876
2025-03-19T17:00,27.799300000000002
2025-03-19T18:00,26.591500000000003
2025-03-19T19:00,25.5553
2025-03-19T20:00,24.326900000000002
2025-03-19T21:00,23.536900000000003
2025-03-19T22:00,22.803
2025-03-19T23:00,21.8259
2025-03-20T00:00,20.6846
2025-03-20T01:00,20.1235
2025-03-20T02:00,19.3012
2025-03-20T03:00,18.439899999999998
2025-03-20T04:00,18.0069
2025-03-20T05:00,17.903
2025-03-20T06:00,19.0663
2025-03-20T07:00,20.7018
2025-03-20T08:00,24.101
2025-03-20T09:00,27.491100000000003
2025-03-20T10:00,29.819
2025-03-20T11:00,31.6861
2025-03-20T12:00,32.655300000000004
2025-03-20T13:00,32.1852
2025-03-20T14:00,31.323299999999996
2025-03-20T15:00,30.264699999999998
2025-03-20T16:00,29.097300000000004
2025-03-20T17:00,27.957700000000003
2025-03-20T18:00,26.907799999999998
2025-03-20T19:00,26.0043
2025-03-20T20:00,25.203500000000002
2025-03-20T21:00,24.107499999999998
2025-03-20T22:00,23.6847
2025-03-20T23:00,22.3781
2025-03-21T00:00,21.413000000000004
2025-03-21T01:00,20.478
2025-03-21T02:00,19.8874
2025-03-21T03:00,19.317
2025-03-21T04:00,18.7086
2025-03-21T05:00,18.2789
2025-03-21T06:00,19.335700000000003
2025-03-21T07:00,20.423099999999998
2025-03-21T08:00,23.293600000000005
2025-03-21T09:00,25.953500000000002
2025-03-21T10:00,28.855
2025-03-21T11:00,30.3772
2025-03-21T12:00,31.213099999999997
2025-03-21T13:00,30.753600000000002
2025-03-21T14:00,30.1847
2025-03-21T15:00,28.928199999999997
2025-03-21T16:00,27.9662
2025-03-21T17:00,27.2042
2025-03-21T18:00,26.179600000000004
2025-03-21T19:00,25.2539
2025-03-21T20:00,24.5013
2025-03-21T21:00,23.2528
2025-03-21T22:00,22.1998
2025-03-21T23:00,21.229799999999997
2025-03-22T00:00,20.4095
2025-03-22T01:00,19.6305
2025-03-22T02:00,18.887900000000002
2025-03-22T03:00,18.391199999999998
2025-03-22T04:00,17.7078
2025-03-22T05:00,17.028200000000002
2025-03-22T06:00,18.4656
2025-03-22T07:00,19.999399999999998
2025-03-22T08:00,23.336900000000004
2025-03-22T09:00,26.490499999999997
2025-03-22T10:00,29.0202
2025-03-22T11:00,30.4929
2025-03-22T12:00,30.1797
2025-03-22T13:00,28.4713
2025-03-22T14:00,28.542300000000004
2025-03-22T15:00,28.0769
2025-03-22T16:00,27.5118
2025-03-22T17:00,26.617300000000004
2025-03-22T18:00,25.5516
2025-03-22T19:00,24.7011
2025-03-22T20:00,23.7029
2025-03-22T21:00,22.9231
2025-03-22T22:00,21.953000000000003
2025-03-22T23:00,20.9316
2025-03-23T00:00,20.3616
2025-03-23T01:00,19.418099999999995
2025-03-23T02:00,19.3725
2025-03-23T03:00,18.272199999999998
2025-03-23T04:00,17.8013
2025-03-23T05:00,17.2875
2025-03-23T06:00,18.2593
2025-03-23T07:00,19.671599999999998
2025-03-23T08:00,23.3576
2025-03-23T09:00,26.372200000000003
2025-03-23T10:00,28.8624
2025-03-23T11:00,30.758799999999997
2025-03-23T12:00,31.9522
2025-03-23T13:00,32.3424
2025-03-23T14:00,31.9901
2025-03-23T15:00,30.7858
2025-03-23T16:00,29.536500000000004
2025-03-23T17:00,28.1892
2025-03-23T18:00,26.879
2025-03-23T19:00,25.705000000000002
2025-03-23T20:00,24.685299999999998
2025-03-23T21:00,23.772800000000004
2025-03-23T22:00,22.6902
2025-03-23T23:00,22.036700000000003
2025-03-24T00:00,21.5254
2025-03-24T01:00,20.6657
2025-03-24T02:00,20.087
2025-03-24T03:00,19.5779
2025-03-24T04:00,18.717699999999997
2025-03-24T05:00,18.374
2025-03-24T06:00,18.2692
2025-03-24T07:00,20.1832
2025-03-24T08:00,23.939999999999998
2025-03-24T09:00,27.0779
2025-03-24T10:00,30.0694
2025-03-24T11:00,32.209500000000006
2025-03-24T12:00,33.418400000000005
2025-03-24T13:00,33.886199999999995
2025-03-24T14:00,33.5058
2025-03-24T15:00,32.2975
2025-03-24T16:00,31.198700000000006
2025-03-24T17:00,30.1827
2025-03-24T18:00,28.4666
2025-03-24T19:00,27.203400000000002
2025-03-24T20:00,26.2613
2025-03-24T21:00,25.138399999999997
2025-03-24T22:00,24.835800000000003
2025-03-24T23:00,24.021900000000002
2025-03-25T00:00,23.1287
2025-03-25T01:00,22.0804
2025-03-25T02:00,21.465899999999998
2025-03-25T03:00,20.8072
2025-03-25T04:00,19.9621
2025-03-25T05:00,19.287699999999997
2025-03-25T06:00,19.2352
2025-03-25T07:00,21.075400000000002
2025-03-25T08:00,24.911199999999997
2025-03-25T09:00,28.303
2025-03-25T10:00,31.5264
2025-03-25T11:00,33.6889
2025-03-25T12:00,35.0809
2025-03-25T13:00,35.3343
2025-03-25T14:00,34.8196
2025-03-25T15:00,33.5051
2025-03-25T16:00,32.1387
2025-03-25T17:00,31.057000000000002
2025-03-25T18:00,29.8091
2025-03-25T19:00,28.9035
2025-03-25T20:00,27.8481
2025-03-25T21:00,27.0618
2025-03-25T22:00,25.6029
2025-03-25T23:00,24.164199999999997
2025-03-26T00:00,23.3122
2025-03-26T01:00,22.819100000000002
2025-03-26T02:00,21.827900000000003
2025-03-26T03:00,20.987700000000004
2025-03-26T04:00,20.805300000000003
2025-03-26T05:00,20.6783
2025-03-26T06:00,21.227100000000004
2025-03-26T07:00,23.113000000000003
2025-03-26T08:00,27.153400000000005
2025-03-26T09:00,30.4063
2025-03-26T10:00,33.3971
2025-03-26T11:00,35.4193
2025-03-26T12:00,36.6328
2025-03-26T13:00,36.960899999999995
2025-03-26T14:00,36.43410000000001
2025-03-26T15:00,35.2593
2025-03-26T16:00,34.052
2025-03-26T17:00,33.110600000000005
2025-03-26T18:00,31.550100000000004
2025-03-26T19:00,29.723499999999998
2025-03-26T20:00,28.5689
2025-03-26T21:00,27.193
2025-03-26T22:00,26.1285
2025-03-26T23:00,25.3517
2025-03-27T00:00,24.9426
2025-03-27T01:00,24.0094
2025-03-27T02:00,23.080600000000004
2025-03-27T03:00,22.8018
2025-03-27T04:00,21.9959
2025-03-27T05:00,21.489
2025-03-27T06:00,21.883900000000004
2025-03-27T07:00,23.747500000000002
2025-03-27T08:00,27.4293
2025-03-27T09:00,30.496700000000004
2025-03-27T10:00,33.34
2025-03-27T11:00,35.1727
2025-03-27T12:00,36.144099999999995
2025-03-27T13:00,36.3791
2025-03-27T14:00,35.6366
2025-03-27T15:00,34.4936
2025-03-27T16:00,33.7281
2025-03-27T17:00,33.278800000000004
2025-03-27T18:00,31.6428
2025-03-27T19:00,30.116400000000002
2025-03-27T20:00,28.870800000000003
2025-03-27T21:00,28.0025
2025-03-27T22:00,27.1409
2025-03-27T23:00,26.2879
2025-03-28T00:00,25.1849
2025-03-28T01:00,24.6056
2025-03-28T02:00,23.814500000000002
2025-03-28T03:00,22.9123
2025-03-28T04:00,21.561600000000002
2025-03-28T05:00,20.6094
2025-03-28T06:00,20.9398
2025-03-28T07:00,22.2786
2025-03-28T08:00,24.7815
2025-03-28T09:00,27.0065
2025-03-28T10:00,29.3804
2025-03-28T11:00,31.47
2025-03-28T12:00,32.4299
2025-03-28T13:00,32.506699999999995
2025-03-28T14:00,31.960500000000003
2025-03-28T15:00,30.508700000000005
2025-03-28T16:00,28.894
2025-03-28T17:00,27.6952
2025-03-28T18:00,26.6999
2025-03-28T19:00,25.0974
2025-03-28T20:00,23.7991
2025-03-28T21:00,22.095100000000002
2025-03-28T22:00,20.685900000000004
2025-03-28T23:00,19.6174
2025-03-29T00:00,18.6614
2025-03-29T01:00,17.742700000000003
2025-03-29T02:00,16.940299999999997
2025-03-29T03:00,16.1247
2025-03-29T04:00,15.4123
2025-03-29T05:00,14.746499999999997
2025-03-29T06:00,13.763300000000001
2025-03-29T07:00,15.1012
2025-03-29T08:00,17.035000000000004
2025-03-29T09:00,19.496399999999998
2025-03-29T10:00,22.5793
2025-03-29T11:00,25.0809
2025-03-29T12:00,26.84
2025-03-29T13:00,27.92
2025-03-29T14:00,27.834
2025-03-29T15:00,27.196
2025-03-29T16:00,26.4091
2025-03-29T17:00,25.442300000000003
2025-03-29T18:00,24.1625
2025-03-29T19:00,22.9906
2025-03-29T20:00,22.016800000000003
2025-03-29T21:00,20.998700000000003
2025-03-29T22:00,19.913
2025-03-29T23:00,19.2572
2025-03-30T00:00,18.431500000000003
2025-03-30T01:00,17.7014
2025-03-30T02:00,16.906
2025-03-30T03:00,16.13
2025-03-30T04:00,15.4254
2025-03-30T05:00,14.9785
2025-03-30T06:00,14.9259
2025-03-30T07:00,16.6185
2025-03-30T08:00,19.4439
2025-03-30T09:00,22.300300000000004
2025-03-30T10:00,25.7184
2025-03-30T11:00,27.9376
2025-03-30T12:00,29.564799999999998
2025-03-30T13:00,30.305200000000003
2025-03-30T14:00,30.550299999999996
2025-03-30T15:00,29.6154
2025-03-30T16:00,28.561600000000002
2025-03-30T17:00,27.5544
2025-03-30T18:00,26.1224
2025-03-30T19:00,24.784399999999998
2025-03-30T20:00,23.802
2025-03-30T21:00,22.706300000000002
2025-03-30T22:00,21.716
2025-03-30T23:00,20.654400000000003
2025-03-31T00:00,19.5688
2025-03-31T01:00,18.584899999999998
2025-03-31T02:00,17.7453
2025-03-31T03:00,17.0182
2025-03-31T04:00,16.293400000000002
2025-03-31T05:00,15.7496
2025-03-31T06:00,16.0702
2025-03-31T07:00,18.075700000000005
2025-03-31T08:00,21.7743
2025-03-31T09:00,25.3097
2025-03-31T10:00,28.7262
2025-03-31T11:00,30.934499999999996
2025-03-31T12:00,32.4141
2025-03-31T13:00,32.9425
2025-03-31T14:00,32.5979
2025-03-31T15:00,31.387400000000003
2025-03-31T16:00,29.944199999999995
2025-03-31T17:00,28.8998
2025-03-31T18:00,27.550800000000002
2025-03-31T19:00,26.1976
2025-03-31T20:00,24.9076
2025-03-31T21:00,23.8888
2025-03-31T22:00,22.703
2025-03-31T23:00,21.483900000000002
2025-04-01T00:00,20.477499999999996
2025-04-01T01:00,19.619300000000003
2025-04-01T02:00,18.8745
2025-04-01T03:00,18.1544
2025-04-01T04:00,17.4584
2025-04-01T05:00,16.976399999999998
2025-04-01T06:00,17.1465
2025-04-01T07:00,19.200599999999998
2025-04-01T08:00,22.7324
2025-04-01T09:00,26.0685
2025-04-01T10:00,29.1476
2025-04-01T11:00,30.842999999999996
2025-04-01T12:00,31.8851
2025-04-01T13:00,32.328900000000004
2025-04-01T14:00,31.9005
2025-04-01T15:00,30.806400000000004
2025-04-01T16:00,29.5594
2025-04-01T17:00,28.8045
2025-04-01T18:00,27.578100000000003
2025-04-01T19:00,26.1719
2025-04-01T20:00,25.0687
2025-04-01T21:00,23.813
2025-04-01T22:00,22.8312
2025-04-01T23:00,22.0414
2025-04-02T00:00,21.285700000000002
2025-04-02T01:00,20.3995
2025-04-02T02:00,19.335600000000003
2025-04-02T03:00,18.794600000000003
2025-04-02T04:00,18.6398
2025-04-02T05:00,17.8988
2025-04-02T06:00,17.7572
2025-04-02T07:00,19.6167
2025-04-02T08:00,23.6533
2025-04-02T09:00,27.0905
2025-04-02T10:00,29.820800000000002
2025-04-02T11:00,31.6509
2025-04-02T12:00,33.1199
2025-04-02T13:00,33.214600000000004
2025-04-02T14:00,32.7979
2025-04-02T15:00,31.7783
2025-04-02T16:00,30.5893
2025-04-02T17:00,29.963300000000004
2025-04-02T18:00,28.448700000000002
2025-04-02T19:00,27.2771
2025-04-02T20:00,26.675500000000003
2025-04-02T21:00,25.8747
2025-04-02T22:00,25.236
2025-04-02T23:00,23.643
2025-04-03T00:00,22.305400000000002
2025-04-03T01:00,21.7897
2025-04-03T02:00,21.0793
2025-04-03T03:00,19.6276
2025-04-03T04:00,19.177699999999998
2025-04-03T05:00,19.1358
2025-04-03T06:00,18.6659
2025-04-03T07:00,20.722600000000003
2025-04-03T08:00,25.224899999999998
2025-04-03T09:00,29.3569
2025-04-03T10:00,32.4396
2025-04-03T11:00,34.603699999999996
2025-04-03T12:00,35.710100000000004
2025-04-03T13:00,35.274100000000004
2025-04-03T14:00,35.334300000000006
2025-04-03T15:00,34.1203
2025-04-03T16:00,32.916
2025-04-03T17:00,31.951600000000006
2025-04-03T18:00,30.036600000000007
2025-04-03T19:00,28.3932
2025-04-03T20:00,27.0538
2025-04-03T21:00,25.678
2025-04-03T22:00,24.6655
2025-04-03T23:00,23.745800000000003
2025-04-04T00:00,23.1182
2025-04-04T01:00,23.0207
2025-04-04T02:00,21.7269
2025-04-04T03:00,21.7179
2025-04-04T04:00,20.7288
2025-04-04T05:00,20.0938
2025-04-04T06:00,21.235
2025-04-04T07:00,23.6424
2025-04-04T08:00,27.3855
2025-04-04T09:00,30.7146
2025-04-04T10:00,33.571600000000004
2025-04-04T11:00,35.2749
2025-04-04T12:00,35.8468
2025-04-04T13:00,35.8996
2025-04-04T14:00,35.1851
2025-04-04T15:00,33.9381
2025-04-04T16:00,32.4381
2025-04-04T17:00,31.581300000000006
2025-04-04T18:00,30.1205
2025-04-04T19:00,28.9533
2025-04-04T20:00,27.918
2025-04-04T21:00,26.846499999999995
2025-04-04T22:00,25.588700000000003
2025-04-04T23:00,24.433400000000006
2025-04-05T00:00,23.4983
2025-04-05T01:00,22.706000000000003
2025-04-05T02:00,21.7406
2025-04-05T03:00,21.0563
2025-04-05T04:00,20.7662
2025-04-05T05:00,19.998
2025-04-05T06:00,20.266599999999997
2025-04-05T07:00,22.3172
2025-04-05T08:00,25.909599999999998
2025-04-05T09:00,28.8459
2025-04-05T10:00,31.811600000000002
2025-04-05T11:00,33.576100000000004
2025-04-05T12:00,34.7508
2025-04-05T13:00,35.1193
2025-04-05T14:00,34.7864
2025-04-05T15:00,33.5929
2025-04-05T16:00,32.4429
2025-04-05T17:00,31.491400000000002
2025-04-05T18:00,30.1921
2025-04-05T19:00,29.021099999999997
2025-04-05T20:00,28.1327
2025-04-05T21:00,26.9103
2025-04-05T22:00,25.965
2025-04-05T23:00,25.110000000000003
2025-04-06T00:00,23.817299999999996
2025-04-06T01:00,22.7542
2025-04-06T02:00,21.995
2025-04-06T03:00,21.3448
2025-04-06T04:00,20.7769
2025-04-06T05:00,20.244
2025-04-06T06:00,20.7517
2025-04-06T07:00,22.969999999999995
2025-04-06T08:00,26.808100000000003
2025-04-06T09:00,30.5055
2025-04-06T10:00,33.89490000000001
2025-04-06T11:00,35.69500000000001
2025-04-06T12:00,36.851
2025-04-06T13:00,37.2582
2025-04-06T14:00,36.9282
2025-04-06T15:00,35.7828
2025-04-06T16:00,34.4692
2025-04-06T17:00,33.9059
2025-04-06T18:00,32.1757
2025-04-06T19:00,30.4989
2025-04-06T20:00,29.5619
2025-04-06T21:00,29.3852
2025-04-06T22:00,27.911900000000003
2025-04-06T23:00,26.0664
2025-04-07T00:00,25.06
2025-04-07T01:00,24.5111
2025-04-07T02:00,23.781
2025-04-07T03:00,22.8517
2025-04-07T04:00,22.158
2025-04-07T05:00,21.575200000000002
2025-04-07T06:00,22.4331
2025-04-07T07:00,24.5285
2025-04-07T08:00,28.559900000000003
2025-04-07T09:00,32.1587
2025-04-07T10:00,35.8236
2025-04-07T11:00,37.9792
2025-04-07T12:00,39.3688
2025-04-07T13:00,39.7574
2025-04-07T14:00,39.287800000000004
2025-04-07T15:00,38.0537
2025-04-07T16:00,36.549
2025-04-07T17:00,35.6295
2025-04-07T18:00,33.5195
2025-04-07T19:00,31.8421
2025-04-07T20:00,30.4247
2025-04-07T21:00,29.110300000000002
2025-04-07T22:00,28.3747
2025-04-07T23:00,27.462000000000003
2025-04-08T00:00,26.4636
2025-04-08T01:00,25.808899999999998
2025-04-08T02:00,25.147199999999998
2025-04-08T03:00,24.3567
2025-04-08T04:00,23.802100000000003
2025-04-08T05:00,23.3824
2025-04-08T06:00,24.7556
2025-04-08T07:00,26.8548
2025-04-08T08:00,29.850900000000003
2025-04-08T09:00,32.7034
2025-04-08T10:00,35.6333
2025-04-08T11:00,37.813500000000005
2025-04-08T12:00,39.1969
2025-04-08T13:00,39.7188
2025-04-08T14:00,39.1255
2025-04-08T15:00,38.171
2025-04-08T16:00,37.238200000000006
2025-04-08T17:00,36.706100000000006
2025-04-08T18:00,34.2941
2025-04-08T19:00,32.586400000000005
2025-04-08T20:00,31.4113
2025-04-08T21:00,30.741500000000006
2025-04-08T22:00,29.959300000000002
2025-04-08T23:00,28.7119
2025-04-09T00:00,27.662200000000002
2025-04-09T01:00,26.9469
2025-04-09T02:00,26.223600000000005
2025-04-09T03:00,25.699
2025-04-09T04:00,25.1585
2025-04-09T05:00,24.873900000000003
2025-04-09T06:00,27.6604
2025-04-09T07:00,29.544800000000002
2025-04-09T08:00,32.296600000000005
2025-04-09T09:00,34.949600000000004
2025-04-09T10:00,37.798
2025-04-09T11:00,39.5731
2025-04-09T12:00,40.7267
2025-04-09T13:00,40.9012
2025-04-09T14:00,39.529700000000005
2025-04-09T15:00,37.593799999999995
2025-04-09T16:00,36.7841
2025-04-09T17:00,35.1287
2025-04-09T18:00,35.0368
2025-04-09T19:00,33.2935
2025-04-09T20:00,32.620400000000004
2025-04-09T21:00,31.3027
2025-04-09T22:00,30.132900000000003
2025-04-09T23:00,28.8641
2025-04-10T00:00,28.374299999999998
2025-04-10T01:00,27.9407
2025-04-10T02:00,27.567899999999998
2025-04-10T03:00,26.8675
2025-04-10T04:00,26.7009
2025-04-10T05:00,25.8355
2025-04-10T06:00,26.8542
2025-04-10T07:00,28.168
2025-04-10T08:00,30.2578
2025-04-10T09:00,32.7066
2025-04-10T10:00,36.278999999999996
2025-04-10T11:00,38.954699999999995
2025-04-10T12:00,40.2947
2025-04-10T13:00,37.8409
2025-04-10T14:00,34.6265
2025-04-10T15:00,35.0014
2025-04-10T16:00,31.8563
2025-04-10T17:00,32.2892
2025-04-10T18:00,32.2906
2025-04-10T19:00,31.044200000000004
2025-04-10T20:00,30.7129
2025-04-10T21:00,29.410000000000004
2025-04-10T22:00,28.3877
2025-04-10T23:00,27.9298
2025-04-11T00:00,27.5752
2025-04-11T01:00,27.178700000000003
2025-04-11T02:00,26.7357
2025-04-11T03:00,26.2469
2025-04-11T04:00,25.936500000000002
2025-04-11T05:00,25.596600000000002
2025-04-11T06:00,24.2323
2025-04-11T07:00,25.1963
2025-04-11T08:00,26.854
2025-04-11T09:00,29.0323
2025-04-11T10:00,31.899699999999996
2025-04-11T11:00,34.2719
2025-04-11T12:00,36.1691
2025-04-11T13:00,37.423700000000004
2025-04-11T14:00,35.1747
2025-04-11T15:00,30.936899999999994
2025-04-11T16:00,30.5383
2025-04-11T17:00,30.0819
2025-04-11T18:00,27.3839
2025-04-11T19:00,26.8783
2025-04-11T20:00,26.3209
2025-04-11T21:00,26.024500000000003
2025-04-11T22:00,26.092600000000004
2025-04-11T23:00,25.7557
2025-04-12T00:00,25.1869
2025-04-12T01:00,24.871799999999997
2025-04-12T02:00,24.524900000000002
2025-04-12T03:00,23.8947
2025-04-12T04:00,23.7132
2025-04-12T05:00,23.2351
2025-04-12T06:00,23.5822
2025-04-12T07:00,25.603
2025-04-12T08:00,28.1979
2025-04-12T09:00,30.858
2025-04-12T10:00,34.069
2025-04-12T11:00,36.273599999999995
2025-04-12T12:00,36.7931
2025-04-12T13:00,35.7575
2025-04-12T14:00,34.400600000000004
2025-04-12T15:00,32.726800000000004
2025-04-12T16:00,31.6625
2025-04-12T17:00,31.622100000000003
2025-04-12T18:00,29.861600000000003
2025-04-12T19:00,28.962300000000003
2025-04-12T20:00,27.9159
2025-04-12T21:00,27.337899999999998
2025-04-12T22:00,26.7467
2025-04-12T23:00,25.6179
2025-04-13T00:00,25.149300000000004
2025-04-13T01:00,24.5098
2025-04-13T02:00,24.124200000000002
2025-04-13T03:00,23.7456
2025-04-13T04:00,23.3087
2025-04-13T05:00,22.872500000000002
2025-04-13T06:00,24.5235
2025-04-13T07:00,26.6657
2025-04-13T08:00,29.2414
2025-04-13T09:00,31.544000000000004
2025-04-13T10:00,33.9476
2025-04-13T11:00,36.021800000000006
2025-04-13T12:00,36.8101
2025-04-13T13:00,36.89900000000001
2025-04-13T14:00,35.2392
2025-04-13T15:00,33.4321
2025-04-13T16:00,33.616
2025-04-13T17:00,32.1054
2025-04-13T18:00,31.927100000000003
2025-04-13T19:00,29.9577
2025-04-13T20:00,28.821800000000003
2025-04-13T21:00,27.8386
2025-04-13T22:00,26.897599999999997
2025-04-13T23:00,26.070500000000003
2025-04-14T00:00,25.517400000000002
2025-04-14T01:00,24.7833
2025-04-14T02:00,24.164100000000005
2025-04-14T03:00,23.6458
2025-04-14T04:00,23.0849
2025-04-14T05:00,22.7536
2025-04-14T06:00,23.4574
2025-04-14T07:00,25.451099999999997
2025-04-14T08:00,27.7707
2025-04-14T09:00,30.0343
2025-04-14T10:00,32.9619
2025-04-14T11:00,35.1322
2025-04-14T12:00,36.0894
2025-04-14T13:00,36.3273
2025-04-14T14:00,36.1501
2025-04-14T15:00,35.0659
2025-04-14T16:00,34.0314
2025-04-14T17:00,33.1233
2025-04-14T18:00,31.9184
2025-04-14T19:00,30.3208
2025-04-14T20:00,29.348
2025-04-14T21:00,28.570500000000003
2025-04-14T22:00,27.8412
2025-04-14T23:00,27.0165
2025-04-15T00:00,26.3229
2025-04-15T01:00,25.709899999999998
2025-04-15T02:00,25.143600000000003
2025-04-15T03:00,24.6354
2025-04-15T04:00,24.203899999999997
2025-04-15T05:00,23.8811
2025-04-15T06:00,25.2389
2025-04-15T07:00,27.127799999999997
2025-04-15T08:00,29.6964
2025-04-15T09:00,31.884600000000002
2025-04-15T10:00,34.1713
2025-04-15T11:00,35.929700000000004
2025-04-15T12:00,37.0805
2025-04-15T13:00,37.7586
2025-04-15T14:00,37.517999999999994
2025-04-15T15:00,36.80850000000001
2025-04-15T16:00,35.682500000000005
2025-04-15T17:00,34.8736
2025-04-15T18:00,33.198499999999996
2025-04-15T19:00,31.4751
2025-04-15T20:00,30.5313
2025-04-15T21:00,29.808100000000003
2025-04-15T22:00,29.044
2025-04-15T23:00,28.3759
2025-04-16T00:00,27.6202
2025-04-16T01:00,27.0825
2025-04-16T02:00,26.3438
2025-04-16T03:00,25.7277
2025-04-16T04:00,25.124800000000004
2025-04-16T05:00,24.8059
2025-04-16T06:00,26.676
2025-04-16T07:00,28.7023
2025-04-16T08:00,31.177
2025-04-16T09:00,33.5058
2025-04-16T10:00,35.6653
2025-04-16T11:00,37.3196
2025-04-16T12:00,38.640100000000004
2025-04-16T13:00,39.493500000000004
2025-04-16T14:00,38.768
2025-04-16T15:00,37.5859
2025-04-16T16:00,36.795
2025-04-16T17:00,35.7726
2025-04-16T18:00,34.175599999999996
2025-04-16T19:00,32.753
2025-04-16T20:00,31.825699999999998
2025-04-16T21:00,31.017200000000003
2025-04-16T22:00,30.4461
2025-04-16T23:00,29.661599999999996
2025-04-17T00:00,28.8593
2025-04-17T01:00,28.004299999999997
2025-04-17T02:00,27.3883
2025-04-17T03:00,26.8437
2025-04-17T04:00,26.4922
2025-04-17T05:00,25.987099999999998
2025-04-17T06:00,27.1853
2025-04-17T07:00,29.2575
2025-04-17T08:00,32.056599999999996
2025-04-17T09:00,34.3107
2025-04-17T10:00,37.1614
2025-04-17T11:00,39.222300000000004
2025-04-17T12:00,40.3232
2025-04-17T13:00,40.37820000000001
2025-04-17T14:00,39.267
2025-04-17T15:00,37.700799999999994
2025-04-17T16:00,36.7286
2025-04-17T17:00,36.2827
2025-04-17T18:00,34.790400000000005
2025-04-17T19:00,33.622600000000006
2025-04-17T20:00,32.1044
2025-04-17T21:00,31.213
2025-04-17T22:00,30.41
2025-04-17T23:00,29.3713
2025-04-18T00:00,28.6475
2025-04-18T01:00,28.080399999999997
2025-04-18T02:00,27.555200000000003
2025-04-18T03:00,27.139400000000002
2025-04-18T04:00,26.7135
2025-04-18T05:00,26.3363
2025-04-18T06:00,28.3275
2025-04-18T07:00,29.8399
2025-04-18T08:00,32.091
2025-04-18T09:00,34.5003
2025-04-18T10:00,37.5319
2025-04-18T11:00,39.962199999999996
2025-04-18T12:00,41.586200000000005
2025-04-18T13:00,42.398599999999995
2025-04-18T14:00,41.8508
2025-04-18T15:00,40.6403
2025-04-18T16:00,39.6788
2025-04-18T17:00,38.738400000000006
2025-04-18T18:00,35.525600000000004
2025-04-18T19:00,33.8373
2025-04-18T20:00,33.2062
2025-04-18T21:00,32.4619
2025-04-18T22:00,31.578100000000003
2025-04-18T23:00,30.9512
2025-04-19T00:00,30.3452
2025-04-19T01:00,29.8773
2025-04-19T02:00,29.2177
2025-04-19T03:00,28.8662
2025-04-19T04:00,28.690099999999997
2025-04-19T05:00,28.4465
2025-04-19T06:00,28.366500000000002
2025-04-19T07:00,29.7378
2025-04-19T08:00,31.578399999999995
2025-04-19T09:00,33.679
2025-04-19T10:00,36.3857
2025-04-19T11:00,38.5934
2025-04-19T12:00,39.8622
2025-04-19T13:00,39.8585
2025-04-19T14:00,39.5054
2025-04-19T15:00,38.463
2025-04-19T16:00,37.4611
2025-04-19T17:00,35.6358
2025-04-19T18:00,33.588100000000004
2025-04-19T19:00,32.7887
2025-04-19T20:00,31.9846
2025-04-19T21:00,31.3336
2025-04-19T22:00,30.858700000000002
2025-04-19T23:00,30.465100000000003
2025-04-20T00:00,29.872300000000003
2025-04-20T01:00,29.2911
2025-04-20T02:00,28.995299999999997
2025-04-20T03:00,28.624399999999998
2025-04-20T04:00,28.246499999999997
2025-04-20T05:00,27.8648
2025-04-20T06:00,29.627899999999997
2025-04-20T07:00,31.427
2025-04-20T08:00,33.727000000000004
2025-04-20T09:00,36.1713
2025-04-20T10:00,38.870900000000006
2025-04-20T11:00,40.8279
2025-04-20T12:00,40.918400000000005
2025-04-20T13:00,40.622400000000006
2025-04-20T14:00,39.6422
2025-04-20T15:00,37.929700000000004
2025-04-20T16:00,37.017900000000004
2025-04-20T17:00,36.5871
2025-04-20T18:00,35.837
2025-04-20T19:00,34.278999999999996
2025-04-20T20:00,33.4175
2025-04-20T21:00,33.01330000000001
2025-04-20T22:00,32.125
2025-04-20T23:00,31.363600000000005
2025-04-21T00:00,30.710300000000004
2025-04-21T01:00,30.040000000000003
2025-04-21T02:00,29.1802
2025-04-21T03:00,28.719299999999997
2025-04-21T04:00,28.200999999999997
2025-04-21T05:00,27.667900000000003
2025-04-21T06:00,31.083499999999997
2025-04-21T07:00,33.3708
2025-04-21T08:00,35.8194
2025-04-21T09:00,37.9567
2025-04-21T10:00,40.2419
2025-04-21T11:00,41.5566
2025-04-21T12:00,41.1638
2025-04-21T13:00,40.6458
2025-04-21T14:00,39.7292
2025-04-21T15:00,38.1648
2025-04-21T16:00,37.24230000000001
2025-04-21T17:00,37.1703
2025-04-21T18:00,35.3401
2025-04-21T19:00,33.8606
2025-04-21T20:00,32.6041
2025-04-21T21:00,31.2117
2025-04-21T22:00,30.2915
2025-04-21T23:00,28.941700000000004
2025-04-22T00:00,27.7607
2025-04-22T01:00,26.630100000000006
2025-04-22T02:00,25.241799999999998
2025-04-22T03:00,24.6368
2025-04-22T04:00,23.8687
2025-04-22T05:00,23.143300000000004
2025-04-22T06:00,24.6458
2025-04-22T07:00,26.209
2025-04-22T08:00,29.246900000000004
2025-04-22T09:00,32.8077
2025-04-22T10:00,36.4723
2025-04-22T11:00,37.8006
2025-04-22T12:00,38.3832
2025-04-22T13:00,38.3519
2025-04-22T14:00,37.6774
2025-04-22T15:00,36.6072
2025-04-22T16:00,34.935
2025-04-22T17:00,34.0218
2025-04-22T18:00,32.5323
2025-04-22T19:00,30.874000000000002
2025-04-22T20:00,29.392500000000002
2025-04-22T21:00,28.144000000000002
2025-04-22T22:00,27.097300000000004
2025-04-22T23:00,26.202900000000003
2025-04-23T00:00,24.895899999999997
2025-04-23T01:00,23.834400000000002
2025-04-23T02:00,23.1695
2025-04-23T03:00,22.4301
2025-04-23T04:00,21.8211
2025-04-23T05:00,21.3772
2025-04-23T06:00,23.267400000000002
2025-04-23T07:00,25.682500000000005
2025-04-23T08:00,28.8099
2025-04-23T09:00,32.0761
2025-04-23T10:00,35.278200000000005
2025-04-23T11:00,36.01520000000001
2025-04-23T12:00,36.591699999999996
2025-04-23T13:00,36.869400000000006
2025-04-23T14:00,36.3688
2025-04-23T15:00,35.3662
2025-04-23T16:00,34.2457
2025-04-23T17:00,33.7491
2025-04-23T18:00,32.4794
2025-04-23T19:00,30.8566
2025-04-23T20:00,29.7509
2025-04-23T21:00,28.5778
2025-04-23T22:00,27.596
2025-04-23T23:00,26.400499999999997
2025-04-24T00:00,24.9157
2025-04-24T01:00,23.868399999999998
2025-04-24T02:00,23.421599999999998
2025-04-24T03:00,22.678900000000002
2025-04-24T04:00,21.957100000000004
2025-04-24T05:00,21.1416
2025-04-24T06:00,22.754
2025-04-24T07:00,25.2273
2025-04-24T08:00,28.837999999999997
2025-04-24T09:00,32.3969
2025-04-24T10:00,36.014
2025-04-24T11:00,37.625299999999996
2025-04-24T12:00,38.310199999999995
2025-04-24T13:00,38.4825
2025-04-24T14:00,37.71699999999999
2025-04-24T15:00,36.25750000000001
2025-04-24T16:00,35.214400000000005
2025-04-24T17:00,34.532300000000006
2025-04-24T18:00,33.4786
2025-04-24T19:00,31.721700000000002
2025-04-24T20:00,30.2908
2025-04-24T21:00,29.142800000000005
2025-04-24T22:00,27.751600000000003
2025-04-24T23:00,27.099200000000003
2025-04-25T00:00,26.220900000000004
2025-04-25T01:00,25.0398
2025-04-25T02:00,24.208099999999998
2025-04-25T03:00,24.0298
2025-04-25T04:00,22.9601
2025-04-25T05:00,22.612000000000002
2025-04-25T06:00,24.0912
2025-04-25T07:00,27.225700000000003
2025-04-25T08:00,30.814300000000003
2025-04-25T09:00,34.1453
2025-04-25T10:00,37.0195
2025-04-25T11:00,39.1106
2025-04-25T12:00,39.6949
2025-04-25T13:00,39.5722
2025-04-25T14:00,38.5753
2025-04-25T15:00,37.236599999999996
2025-04-25T16:00,36.187400000000004
2025-04-25T17:00,35.9378
2025-04-25T18:00,33.8121
2025-04-25T19:00,32.1299
2025-04-25T20:00,30.8598
2025-04-25T21:00,30.703699999999998
2025-04-25T22:00,29.3245
2025-04-25T23:00,28.1812
2025-04-26T00:00,27.068200000000004
2025-04-26T01:00,26.127699999999997
2025-04-26T02:00,25.1526
2025-04-26T03:00,24.377000000000002
2025-04-26T04:00,23.772299999999998
2025-04-26T05:00,23.1715
2025-04-26T06:00,25.3095
2025-04-26T07:00,27.9243
2025-04-26T08:00,32.4111
2025-04-26T09:00,35.6104
2025-04-26T10:00,38.5731
2025-04-26T11:00,40.3299
2025-04-26T12:00,40.939600000000006
2025-04-26T13:00,40.1011
2025-04-26T14:00,38.193299999999994
2025-04-26T15:00,37.0569
2025-04-26T16:00,36.4866
2025-04-26T17:00,35.3444
2025-04-26T18:00,33.6323
2025-04-26T19:00,32.5297
2025-04-26T20:00,31.4811
2025-04-26T21:00,30.473200000000002
2025-04-26T22:00,29.5206
2025-04-26T23:00,28.346100000000003
2025-04-27T00:00,28.3592
2025-04-27T01:00,27.7748
2025-04-27T02:00,26.9475
2025-04-27T03:00,26.8917
2025-04-27T04:00,25.8363
2025-04-27T05:00,25.512800000000002
2025-04-27T06:00,27.7424
2025-04-27T07:00,29.5802
2025-04-27T08:00,31.5781
2025-04-27T09:00,34.111200000000004
2025-04-27T10:00,36.0494
2025-04-27T11:00,37.7959
2025-04-27T12:00,38.27610000000001
2025-04-27T13:00,39.1812
2025-04-27T14:00,38.64560000000001
2025-04-27T15:00,36.9135
2025-04-27T16:00,35.4477
2025-04-27T17:00,33.909
2025-04-27T18:00,32.750800000000005
2025-04-27T19:00,31.9627
2025-04-27T20:00,30.652
2025-04-27T21:00,28.985500000000002
2025-04-27T22:00,27.894000000000002
2025-04-27T23:00,27.369100000000003
2025-04-28T00:00,26.6337
2025-04-28T01:00,25.860400000000002
2025-04-28T02:00,25.516000000000002
2025-04-28T03:00,24.992800000000003
2025-04-28T04:00,23.9778
2025-04-28T05:00,23.2483
2025-04-28T06:00,25.155099999999997
2025-04-28T07:00,26.7308
2025-04-28T08:00,29.2001
2025-04-28T09:00,31.6566
2025-04-28T10:00,34.695
2025-04-28T11:00,37.1321
2025-04-28T12:00,38.5679
2025-04-28T13:00,39.3178
2025-04-28T14:00,38.982600000000005
2025-04-28T15:00,36.7764
2025-04-28T16:00,34.3918
2025-04-28T17:00,33.0063
2025-04-28T18:00,31.2847
2025-04-28T19:00,29.924600000000005
2025-04-28T20:00,29.5146
2025-04-28T21:00,28.627799999999997
2025-04-28T22:00,27.712400000000002
2025-04-28T23:00,27.0203
2025-04-29T00:00,26.375500000000002
2025-04-29T01:00,25.6858
2025-04-29T02:00,24.936200000000003
2025-04-29T03:00,24.3551
2025-04-29T04:00,23.9548
2025-04-29T05:00,23.7128
2025-04-29T06:00,25.5116
2025-04-29T07:00,26.494
2025-04-29T08:00,28.2237
2025-04-29T09:00,30.2295
2025-04-29T10:00,32.880700000000004
2025-04-29T11:00,35.4587
2025-04-29T12:00,37.113699999999994
2025-04-29T13:00,38.119200000000006
2025-04-29T14:00,38.275
2025-04-29T15:00,37.032900000000005
2025-04-29T16:00,35.891400000000004
2025-04-29T17:00,34.32340000000001
2025-04-29T18:00,33.7311
2025-04-29T19:00,32.4519
2025-04-29T20:00,31.014800000000005
2025-04-29T21:00,30.141799999999996
2025-04-29T22:00,29.2728
2025-04-29T23:00,28.584400000000002
2025-04-30T00:00,28.0451
2025-04-30T01:00,27.4399
2025-04-30T02:00,26.926299999999998
2025-04-30T03:00,26.443600000000004
2025-04-30T04:00,25.7934
2025-04-30T05:00,25.362000000000002
2025-04-30T06:00,26.6339
2025-04-30T07:00,27.829
2025-04-30T08:00,29.7542
2025-04-30T09:00,31.7431
2025-04-30T10:00,34.504
2025-04-30T11:00,36.5859
2025-04-30T12:00,37.8424
2025-04-30T13:00,37.3202
2025-04-30T14:00,36.8833
2025-04-30T15:00,35.6045
2025-04-30T16:00,34.8266
2025-04-30T17:00,34.0483
2025-04-30T18:00,32.7174
2025-04-30T19:00,31.2608
2025-04-30T20:00,30.445899999999995
2025-04-30T21:00,29.6918
2025-04-30T22:00,29.005200000000002
2025-04-30T23:00,28.2742
2025-05-01T00:00,27.437699999999996
2025-05-01T01:00,26.9792
2025-05-01T02:00,26.474100000000004
2025-05-01T03:00,26.0551
2025-05-01T04:00,25.5927
2025-05-01T05:00,25.322699999999998
2025-05-01T06:00,28.952599999999997
2025-05-01T07:00,29.9087
2025-05-01T08:00,31.558600000000002
2025-05-01T09:00,33.5234
2025-05-01T10:00,35.909800000000004
2025-05-01T11:00,35.2
2025-05-01T12:00,35.033
2025-05-01T13:00,35.452400000000004
2025-05-01T14:00,36.1003
2025-05-01T15:00,34.1879
2025-05-01T16:00,33.6948
2025-05-01T17:00,33.783300000000004
2025-05-01T18:00,32.8284
2025-05-01T19:00,31.3477
2025-05-01T20:00,30.377000000000002
2025-05-01T21:00,29.5041
2025-05-01T22:00,28.966600000000003
2025-05-01T23:00,28.3319
2025-05-02T00:00,27.8165
2025-05-02T01:00,27.298900000000003
2025-05-02T02:00,27.050600000000003
2025-05-02T03:00,26.5804
2025-05-02T04:00,26.1079
2025-05-02T05:00,25.7664
2025-05-02T06:00,26.0468
2025-05-02T07:00,26.803600000000003
2025-05-02T08:00,27.4064
2025-05-02T09:00,27.7104
2025-05-02T10:00,29.4969
2025-05-02T11:00,31.5713
2025-05-02T12:00,32.940200000000004
2025-05-02T13:00,33.1704
2025-05-02T14:00,33.8848
2025-05-02T15:00,33.782000000000004
2025-05-02T16:00,33.846199999999996
2025-05-02T17:00,33.545700000000004
2025-05-02T18:00,31.988200000000003
2025-05-02T19:00,31.7606
2025-05-02T20:00,30.909800000000004
2025-05-02T21:00,29.9699
2025-05-02T22:00,29.311100000000003
2025-05-02T23:00,28.972900000000003
2025-05-03T00:00,28.251000000000005
2025-05-03T01:00,27.454200000000004
2025-05-03T02:00,26.893300000000004
2025-05-03T03:00,26.2804
2025-05-03T04:00,26.2304
2025-05-03T05:00,26.172199999999997
2025-05-03T06:00,28.2805
2025-05-03T07:00,29.037200000000002
2025-05-03T08:00,31.3038
2025-05-03T09:00,33.0353
2025-05-03T10:00,35.6379
2025-05-03T11:00,36.4196
2025-05-03T12:00,36.710800000000006
2025-05-03T13:00,38.507600000000004
2025-05-03T14:00,36.0981
2025-05-03T15:00,34.4797
2025-05-03T16:00,34.4305
2025-05-03T17:00,33.9366
2025-05-03T18:00,31.6247
2025-05-03T19:00,31.811200000000003
2025-05-03T20:00,31.444700000000005
2025-05-03T21:00,31.085300000000004
2025-05-03T22:00,30.654500000000002
2025-05-03T23:00,29.903399999999998
2025-05-04T00:00,29.2267
2025-05-04T01:00,28.514000000000003
2025-05-04T02:00,27.6134
2025-05-04T03:00,27.398800000000005
2025-05-04T04:00,26.5747
2025-05-04T05:00,26.0182
2025-05-04T06:00,29.6089
2025-05-04T07:00,31.501900000000003
2025-05-04T08:00,33.7105
2025-05-04T09:00,35.69480000000001
2025-05-04T10:00,36.3116
2025-05-04T11:00,36.4028
2025-05-04T12:00,34.4056
2025-05-04T13:00,33.606899999999996
2025-05-04T14:00,34.2712
2025-05-04T15:00,33.648500000000006
2025-05-04T16:00,34.089200000000005
2025-05-04T17:00,33.8561
2025-05-04T18:00,33.313300000000005
2025-05-04T19:00,31.9082
2025-05-04T20:00,31.389000000000003
2025-05-04T21:00,31.308699999999998
2025-05-04T22:00,30.563299999999998
2025-05-04T23:00,30.0118
2025-05-05T00:00,29.5944
2025-05-05T01:00,29.0364
2025-05-05T02:00,28.432000000000002
2025-05-05T03:00,28.0929
2025-05-05T04:00,27.709500000000006
2025-05-05T05:00,27.2223
2025-05-05T06:00,26.568600000000004
2025-05-05T07:00,28.2155
2025-05-05T08:00,30.143200000000004
2025-05-05T09:00,31.972100000000005
2025-05-05T10:00,34.4118
2025-05-05T11:00,36.1001
2025-05-05T12:00,37.2692
2025-05-05T13:00,37.767900000000004
2025-05-05T14:00,36.864000000000004
2025-05-05T15:00,34.7847
2025-05-05T16:00,34.50750000000001
2025-05-05T17:00,34.133
2025-05-05T18:00,31.6622
2025-05-05T19:00,30.5271
2025-05-05T20:00,30.0531
2025-05-05T21:00,29.1208
2025-05-05T22:00,28.7631
2025-05-05T23:00,28.285100000000007
2025-05-06T00:00,27.9282
2025-05-06T01:00,27.579700000000003
2025-05-06T02:00,27.262999999999998
2025-05-06T03:00,27.0652
2025-05-06T04:00,26.734799999999996
2025-05-06T05:00,26.323500000000003
2025-05-06T06:00,27.150600000000004
2025-05-06T07:00,28.8781
2025-05-06T08:00,30.817300000000007
2025-05-06T09:00,32.360699999999994
2025-05-06T10:00,34.6778
2025-05-06T11:00,36.2204
2025-05-06T12:00,37.4689
2025-05-06T13:00,37.3718
2025-05-06T14:00,36.0021
2025-05-06T15:00,33.872
2025-05-06T16:00,34.348299999999995
2025-05-06T17:00,33.987300000000005
2025-05-06T18:00,31.843799999999998
2025-05-06T19:00,30.589
2025-05-06T20:00,29.971999999999998
2025-05-06T21:00,29.1813
2025-05-06T22:00,28.573900000000002
2025-05-06T23:00,28.241000000000003
2025-05-07T00:00,27.9282
2025-05-07T01:00,27.711700000000004
2025-05-07T02:00,27.5084
2025-05-07T03:00,27.300399999999996
2025-05-07T04:00,27.077000000000005
2025-05-07T05:00,26.811700000000002
2025-05-07T06:00,28.4458
2025-05-07T07:00,29.787500000000005
2025-05-07T08:00,31.269700000000004
2025-05-07T09:00,32.331900000000005
2025-05-07T10:00,33.9176
2025-05-07T11:00,35.1182
2025-05-07T12:00,36.569199999999995
2025-05-07T13:00,37.2428
2025-05-07T14:00,36.763099999999994
2025-05-07T15:00,35.4702
2025-05-07T16:00,34.708000000000006
2025-05-07T17:00,34.1183
2025-05-07T18:00,32.7492
2025-05-07T19:00,31.801399999999997
2025-05-07T20:00,31.261499999999998
2025-05-07T21:00,30.452900000000003
2025-05-07T22:00,30.124000000000002
2025-05-07T23:00,29.785000000000004
2025-05-08T00:00,29.460399999999996
2025-05-08T01:00,28.7952
2025-05-08T02:00,28.4259
2025-05-08T03:00,27.957299999999996
2025-05-08T04:00,27.608999999999998
2025-05-08T05:00,27.3374
2025-05-08T06:00,29.175
2025-05-08T07:00,29.8611
2025-05-08T08:00,31.397100000000002
2025-05-08T09:00,33.4634
2025-05-08T10:00,35.2382
2025-05-08T11:00,35.291399999999996
2025-05-08T12:00,35.3729
2025-05-08T13:00,36.3104
2025-05-08T14:00,35.867999999999995
2025-05-08T15:00,36.0226
2025-05-08T16:00,35.3812
2025-05-08T17:00,34.700500000000005
2025-05-08T18:00,33.9565
2025-05-08T19:00,32.574400000000004
2025-05-08T20:00,31.6494
2025-05-08T21:00,31.5818
2025-05-08T22:00,30.938600000000005
2025-05-08T23:00,30.2295
2025-05-09T00:00,29.2573
2025-05-09T01:00,29.3442
2025-05-09T02:00,28.6426
2025-05-09T03:00,28.3912
2025-05-09T04:00,28.523200000000003
2025-05-09T05:00,28.1802
2025-05-09T06:00,29.1779
2025-05-09T07:00,31.3627
2025-05-09T08:00,33.413700000000006
2025-05-09T09:00,35.1232
2025-05-09T10:00,36.1854
2025-05-09T11:00,37.5332
2025-05-09T12:00,38.7288
2025-05-09T13:00,39.135400000000004
2025-05-09T14:00,38.147499999999994
2025-05-09T15:00,36.3328
2025-05-09T16:00,34.9689
2025-05-09T17:00,34.9851
2025-05-09T18:00,34.7067
2025-05-09T19:00,33.6544
2025-05-09T20:00,33.3627
2025-05-09T21:00,32.615300000000005
2025-05-09T22:00,31.6518
2025-05-09T23:00,31.259400000000007
2025-05-10T00:00,30.623400000000004
2025-05-10T01:00,30.1964
2025-05-10T02:00,29.7108
2025-05-10T03:00,29.3711
2025-05-10T04:00,29.036
2025-05-10T05:00,28.87
2025-05-10T06:00,29.9368
2025-05-10T07:00,32.3123
2025-05-10T08:00,34.78300000000001
2025-05-10T09:00,36.6299
2025-05-10T10:00,38.4924
2025-05-10T11:00,40.04280000000001
2025-05-10T12:00,40.6069
2025-05-10T13:00,39.339600000000004
2025-05-10T14:00,36.1194
2025-05-10T15:00,35.4953
2025-05-10T16:00,35.8491
2025-05-10T17:00,35.3116
2025-05-10T18:00,34.9507
2025-05-10T19:00,34.378
2025-05-10T20:00,34.3322
2025-05-10T21:00,33.944
2025-05-10T22:00,33.4193
2025-05-10T23:00,32.8437
2025-05-11T00:00,32.1516
2025-05-11T01:00,31.5488
2025-05-11T02:00,30.507500000000004
2025-05-11T03:00,30.3316
2025-05-11T04:00,30.028299999999998
2025-05-11T05:00,29.750500000000002
2025-05-11T06:00,31.3349
2025-05-11T07:00,33.4073
2025-05-11T08:00,35.329600000000006
2025-05-11T09:00,36.5426
2025-05-11T10:00,38.3777
2025-05-11T11:00,39.9878
2025-05-11T12:00,39.9831
2025-05-11T13:00,39.7803
2025-05-11T14:00,39.217400000000005
2025-05-11T15:00,35.871
2025-05-11T16:00,36.8225
2025-05-11T17:00,36.626900000000006
2025-05-11T18:00,37.23400000000001
2025-05-11T19:00,35.864700000000006
2025-05-11T20:00,33.5579
2025-05-11T21:00,32.9752
2025-05-11T22:00,32.158
2025-05-11T23:00,31.6575
2025-05-12T00:00,30.916400000000003
2025-05-12T01:00,30.3848
2025-05-12T02:00,29.8532
2025-05-12T03:00,29.3852
2025-05-12T04:00,28.6116
2025-05-12T05:00,28.1019
2025-05-12T06:00,29.212600000000002
2025-05-12T07:00,31.2102
2025-05-12T08:00,33.0933
2025-05-12T09:00,34.511
2025-05-12T10:00,36.6742
2025-05-12T11:00,38.6506
2025-05-12T12:00,39.9457
2025-05-12T13:00,40.2108
2025-05-12T14:00,39.2618
2025-05-12T15:00,38.3345
2025-05-12T16:00,37.6515
2025-05-12T17:00,36.8212
2025-05-12T18:00,35.7699
2025-05-12T19:00,34.8267
2025-05-12T20:00,33.811499999999995
2025-05-12T21:00,32.3546
2025-05-12T22:00,31.718500000000002
2025-05-12T23:00,30.824800000000003
2025-05-13T00:00,30.4395
2025-05-13T01:00,30.020600000000005
2025-05-13T02:00,29.195000000000004
2025-05-13T03:00,28.4617
2025-05-13T04:00,27.5919
2025-05-13T05:00,27.3149
2025-05-13T06:00,30.189899999999998
2025-05-13T07:00,32.2597
2025-05-13T08:00,34.236200000000004
2025-05-13T09:00,36.0536
2025-05-13T10:00,38.135400000000004
2025-05-13T11:00,39.591
2025-05-13T12:00,40.235600000000005
2025-05-13T13:00,40.498599999999996
2025-05-13T14:00,40.0881
2025-05-13T15:00,38.5075
2025-05-13T16:00,38.083000000000006
2025-05-13T17:00,37.3391
2025-05-13T18:00,37.039
2025-05-13T19:00,35.1414
2025-05-13T20:00,34.10230000000001
2025-05-13T21:00,32.9825
2025-05-13T22:00,32.0792
2025-05-13T23:00,31.342700000000008
2025-05-14T00:00,30.8587
2025-05-14T01:00,30.161899999999996
2025-05-14T02:00,29.496
2025-05-14T03:00,28.549800000000005
2025-05-14T04:00,27.8089
2025-05-14T05:00,27.1582
2025-05-14T06:00,29.007500000000004
2025-05-14T07:00,31.411000000000005
2025-05-14T08:00,33.92829999999999
2025-05-14T09:00,36.4013
2025-05-14T10:00,38.5483
2025-05-14T11:00,40.0402
2025-05-14T12:00,40.9007
2025-05-14T13:00,40.8084
2025-05-14T14:00,40.124700000000004
2025-05-14T15:00,38.8583
2025-05-14T16:00,38.1018
2025-05-14T17:00,37.3965
2025-05-14T18:00,36.7769
2025-05-14T19:00,35.3402
2025-05-14T20:00,34.1937
2025-05-14T21:00,33.328100000000006
2025-05-14T22:00,33.3774
2025-05-14T23:00,31.9163
2025-05-15T00:00,31.663400000000003
2025-05-15T01:00,30.2776
2025-05-15T02:00,30.151200000000003
2025-05-15T03:00,29.7962
2025-05-15T04:00,28.3595
2025-05-15T05:00,27.791300000000003
2025-05-15T06:00,29.759600000000002
2025-05-15T07:00,32.2563
2025-05-15T08:00,35.0888
2025-05-15T09:00,37.2956
2025-05-15T10:00,39.5971
2025-05-15T11:00,40.841699999999996
2025-05-15T12:00,41.6533
2025-05-15T13:00,41.4686
2025-05-15T14:00,40.9502
2025-05-15T15:00,39.882400000000004
2025-05-15T16:00,39.2151
2025-05-15T17:00,38.694300000000005
2025-05-15T18:00,37.7545
2025-05-15T19:00,35.9996
2025-05-15T20:00,34.7968
2025-05-15T21:00,33.9922
2025-05-15T22:00,33.109
2025-05-15T23:00,32.170100000000005
2025-05-16T00:00,31.958700000000004
2025-05-16T01:00,30.634000000000004
2025-05-16T02:00,29.887700000000002
2025-05-16T03:00,29.1459
2025-05-16T04:00,27.9818
2025-05-16T05:00,27.562100000000004
2025-05-16T06:00,30.805100000000003
2025-05-16T07:00,32.9917
2025-05-16T08:00,36.155699999999996
2025-05-16T09:00,38.2722
2025-05-16T10:00,40.3114
2025-05-16T11:00,41.26630000000001
2025-05-16T12:00,41.8638
2025-05-16T13:00,41.3981
2025-05-16T14:00,40.8044
2025-05-16T15:00,40.0739
2025-05-16T16:00,39.0684
2025-05-16T17:00,38.3606
2025-05-16T18:00,36.9082
2025-05-16T19:00,36.181999999999995
2025-05-16T20:00,35.5281
2025-05-16T21:00,34.4403
2025-05-16T22:00,33.6294
2025-05-16T23:00,33.0792
2025-05-17T00:00,32.5352
2025-05-17T01:00,32.0216
2025-05-17T02:00,31.421800000000005
2025-05-17T03:00,30.8002
2025-05-17T04:00,30.1718
2025-05-17T05:00,29.590600000000002
2025-05-17T06:00,31.6328
2025-05-17T07:00,33.65520000000001
2025-05-17T08:00,35.463100000000004
2025-05-17T09:00,37.7085
2025-05-17T10:00,40.3125
2025-05-17T11:00,42.89750000000001
2025-05-17T12:00,43.328500000000005
2025-05-17T13:00,40.7321
2025-05-17T14:00,41.0743
2025-05-17T15:00,39.707300000000004
2025-05-17T16:00,39.243
2025-05-17T17:00,38.4698
2025-05-17T18:00,37.2879
2025-05-17T19:00,35.511700000000005
2025-05-17T20:00,35.212
2025-05-17T21:00,34.629900000000006
2025-05-17T22:00,33.6524
2025-05-17T23:00,32.9132
2025-05-18T00:00,31.8844
2025-05-18T01:00,31.352300000000003
2025-05-18T02:00,30.625400000000006
2025-05-18T03:00,30.180900000000005
2025-05-18T04:00,29.363400000000002
2025-05-18T05:00,28.7054
2025-05-18T06:00,30.5941
2025-05-18T07:00,32.523300000000006
2025-05-18T08:00,34.8954
2025-05-18T09:00,37.103
2025-05-18T10:00,39.7313
2025-05-18T11:00,41.6674
2025-05-18T12:00,42.756
2025-05-18T13:00,42.8388
2025-05-18T14:00,42.4509
2025-05-18T15:00,41.276900000000005
2025-05-18T16:00,40.4951
2025-05-18T17:00,40.16980000000001
2025-05-18T18:00,38.0504
2025-05-18T19:00,37.0476
2025-05-18T20:00,35.9906
2025-05-18T21:00,35.2175
2025-05-18T22:00,34.454
2025-05-18T23:00,33.9046
2025-05-19T00:00,33.2344
2025-05-19T01:00,32.7448
2025-05-19T02:00,32.3134
2025-05-19T03:00,31.881100000000004
2025-05-19T04:00,31.379
2025-05-19T05:00,30.804100000000005
2025-05-19T06:00,31.910600000000002
2025-05-19T07:00,32.811699999999995
2025-05-19T08:00,34.3783
2025-05-19T09:00,36.47800000000001
2025-05-19T10:00,39.203199999999995
2025-05-19T11:00,41.42079999999999
2025-05-19T12:00,42.9123
2025-05-19T13:00,43.82940000000001
2025-05-19T14:00,43.73800000000001
2025-05-19T15:00,42.313
2025-05-19T16:00,41.6492
2025-05-19T17:00,40.93220000000001
2025-05-19T18:00,38.39
2025-05-19T19:00,37.089200000000005
2025-05-19T20:00,36.3544
2025-05-19T21:00,35.4067
2025-05-19T22:00,34.8277
2025-05-19T23:00,34.0627
2025-05-20T00:00,33.6111
2025-05-20T01:00,33.15710000000001
2025-05-20T02:00,32.5023
2025-05-20T03:00,31.867600000000003
2025-05-20T04:00,31.306000000000004
2025-05-20T05:00,30.9182
2025-05-20T06:00,32.7131
2025-05-20T07:00,32.8592
2025-05-20T08:00,34.5965
2025-05-20T09:00,37.4382
2025-05-20T10:00,40.3089
2025-05-20T11:00,43.0876
2025-05-20T12:00,44.977900000000005
2025-05-20T13:00,45.16400000000001
2025-05-20T14:00,44.175700000000006
2025-05-20T15:00,42.461400000000005
2025-05-20T16:00,39.99
2025-05-20T17:00,39.8601
2025-05-20T18:00,39.8667
2025-05-20T19:00,38.496900000000004
2025-05-20T20:00,37.7581
2025-05-20T21:00,36.9914
2025-05-20T22:00,36.080400000000004
2025-05-20T23:00,35.478300000000004
2025-05-21T00:00,34.87080000000001
2025-05-21T01:00,34.3431
2025-05-21T02:00,33.8136
2025-05-21T03:00,33.0004
2025-05-21T04:00,32.3604
2025-05-21T05:00,31.596899999999998
2025-05-21T06:00,34.0617
2025-05-21T07:00,32.7198
2025-05-21T08:00,34.097500000000004
2025-05-21T09:00,36.7825
2025-05-21T10:00,40.0298
2025-05-21T11:00,42.2736
2025-05-21T12:00,43.4764
2025-05-21T13:00,44.166399999999996
2025-05-21T14:00,43.6619
2025-05-21T15:00,41.8614
2025-05-21T16:00,40.636100000000006
2025-05-21T17:00,39.267199999999995
2025-05-21T18:00,37.2569
2025-05-21T19:00,35.9201
2025-05-21T20:00,35.4685
2025-05-21T21:00,34.93750000000001
2025-05-21T22:00,34.3812
2025-05-21T23:00,33.7914
2025-05-22T00:00,33.4119
2025-05-22T01:00,32.9556
2025-05-22T02:00,32.5529
2025-05-22T03:00,32.0586
2025-05-22T04:00,31.5092
2025-05-22T05:00,30.859900000000003
2025-05-22T06:00,27.9017
2025-05-22T07:00,29.1883
2025-05-22T08:00,30.839700000000004
2025-05-22T09:00,32.7688
2025-05-22T10:00,35.4116
2025-05-22T11:00,36.8639
2025-05-22T12:00,38.3204
2025-05-22T13:00,39.5526
2025-05-22T14:00,39.5919
2025-05-22T15:00,38.608700000000006
2025-05-22T16:00,37.851299999999995
2025-05-22T17:00,37.024100000000004
2025-05-22T18:00,34.9782
2025-05-22T19:00,33.9189
2025-05-22T20:00,33.2151
2025-05-22T21:00,32.6604
2025-05-22T22:00,32.1522
2025-05-22T23:00,31.6036
2025-05-23T00:00,31.1747
2025-05-23T01:00,30.8721
2025-05-23T02:00,30.499700000000004
2025-05-23T03:00,30.2149
2025-05-23T04:00,29.893700000000003
2025-05-23T05:00,29.7346
2025-05-23T06:00,31.1157
2025-05-23T07:00,32.3433
2025-05-23T08:00,33.9868
2025-05-23T09:00,35.5063
2025-05-23T10:00,37.537000000000006
2025-05-23T11:00,39.1734
2025-05-23T12:00,40.359
2025-05-23T13:00,40.662
2025-05-23T14:00,40.2657
2025-05-23T15:00,39.6073
2025-05-23T16:00,38.7562
2025-05-23T17:00,37.821999999999996
2025-05-23T18:00,36.671099999999996
2025-05-23T19:00,35.2829
2025-05-23T20:00,34.4587
2025-05-23T21:00,33.8729
2025-05-23T22:00,33.3393
2025-05-23T23:00,32.900800000000004
2025-05-24T00:00,32.574200000000005
2025-05-24T01:00,32.082300000000004
2025-05-24T02:00,31.686600000000002
2025-05-24T03:00,31.365300000000005
2025-05-24T04:00,30.968000000000004
2025-05-24T05:00,30.5894
2025-05-24T06:00,33.2339
2025-05-24T07:00,33.656
2025-05-24T08:00,33.8128
2025-05-24T09:00,34.622
2025-05-24T10:00,36.8294
2025-05-24T11:00,38.34870000000001
2025-05-24T12:00,39.4141
2025-05-24T13:00,39.5017
2025-05-24T14:00,39.1798
2025-05-24T15:00,37.675399999999996
2025-05-24T16:00,37.8557
2025-05-24T17:00,37.181400000000004
2025-05-24T18:00,36.73780000000001
2025-05-24T19:00,35.940799999999996
2025-05-24T20:00,35.0517
2025-05-24T21:00,34.2533
2025-05-24T22:00,33.788500000000006
2025-05-24T23:00,33.2842
2025-05-25T00:00,32.71
2025-05-25T01:00,32.3639
2025-05-25T02:00,32.1614
2025-05-25T03:00,31.737
2025-05-25T04:00,31.4149
2025-05-25T05:00,30.8001
2025-05-25T06:00,28.774
2025-05-25T07:00,29.9145
2025-05-25T08:00,31.020400000000002
2025-05-25T09:00,32.4991
2025-05-25T10:00,33.858900000000006
2025-05-25T11:00,35.3955
2025-05-25T12:00,36.1526
2025-05-25T13:00,38.5783
2025-05-25T14:00,38.14919999999999
2025-05-25T15:00,38.100100000000005
2025-05-25T16:00,37.6502
2025-05-25T17:00,36.533300000000004
2025-05-25T18:00,36.08519999999999
2025-05-25T19:00,35.2394
2025-05-25T20:00,34.211800000000004
2025-05-25T21:00,33.2687
2025-05-25T22:00,33.1685
2025-05-25T23:00,32.7053
2025-05-26T00:00,32.3831
2025-05-26T01:00,31.834000000000003
2025-05-26T02:00,30.6017
2025-05-26T03:00,29.706699999999998
2025-05-26T04:00,29.7619
2025-05-26T05:00,29.6797
2025-05-26T06:00,32.7027
2025-05-26T07:00,32.6409
2025-05-26T08:00,33.817099999999996
2025-05-26T09:00,35.403200000000005
2025-05-26T10:00,37.546
2025-05-26T11:00,39.4956
2025-05-26T12:00,40.76390000000001
2025-05-26T13:00,40.806200000000004
2025-05-26T14:00,40.4611
2025-05-26T15:00,40.068400000000004
2025-05-26T16:00,38.89790000000001
2025-05-26T17:00,37.967600000000004
2025-05-26T18:00,37.228
2025-05-26T19:00,35.5567
2025-05-26T20:00,34.9165
2025-05-26T21:00,34.5362
2025-05-26T22:00,34.0069
2025-05-26T23:00,33.484700000000004
2025-05-27T00:00,32.9788
2025-05-27T01:00,32.6552
2025-05-27T02:00,32.2409
2025-05-27T03:00,31.8871
2025-05-27T04:00,31.4354
2025-05-27T05:00,30.901400000000002
2025-05-27T06:00,32.3775
2025-05-27T07:00,33.598600000000005
2025-05-27T08:00,35.0262
2025-05-27T09:00,36.3729
2025-05-27T10:00,38.45099999999999
2025-05-27T11:00,40.0976
2025-05-27T12:00,41.087700000000005
2025-05-27T13:00,41.65859999999999
2025-05-27T14:00,41.519000000000005
2025-05-27T15:00,40.625800000000005
2025-05-27T16:00,39.8932
2025-05-27T17:00,39.0869
2025-05-27T18:00,37.928
2025-05-27T19:00,36.8465
2025-05-27T20:00,35.987
2025-05-27T21:00,35.4028
2025-05-27T22:00,34.9893
2025-05-27T23:00,34.5199
2025-05-28T00:00,34.1218
2025-05-28T01:00,33.7338
2025-05-28T02:00,33.3451
2025-05-28T03:00,33.041700000000006
2025-05-28T04:00,32.609500000000004
2025-05-28T05:00,32.0119
2025-05-28T06:00,34.35040000000001
2025-05-28T07:00,35.737700000000004
2025-05-28T08:00,37.1744
2025-05-28T09:00,38.894
2025-05-28T10:00,40.8121
2025-05-28T11:00,42.2685
2025-05-28T12:00,43.543600000000005
2025-05-28T13:00,43.899699999999996
2025-05-28T14:00,43.2361
2025-05-28T15:00,41.1205
2025-05-28T16:00,40.8716
2025-05-28T17:00,39.839800000000004
2025-05-28T18:00,38.4631
2025-05-28T19:00,37.135600000000004
2025-05-28T20:00,36.54860000000001
2025-05-28T21:00,35.9762
2025-05-28T22:00,35.3951
2025-05-28T23:00,34.7821
2025-05-29T00:00,34.3112
2025-05-29T01:00,33.9977
2025-05-29T02:00,33.8247
2025-05-29T03:00,33.6686
2025-05-29T04:00,33.1555
2025-05-29T05:00,32.682100000000005
2025-05-29T06:00,35.1001
2025-05-29T07:00,36.2588
2025-05-29T08:00,38.0982
2025-05-29T09:00,39.5439
2025-05-29T10:00,40.5782
2025-05-29T11:00,42.9669
2025-05-29T12:00,43.7284
2025-05-29T13:00,43.3111
2025-05-29T14:00,42.914500000000004
2025-05-29T15:00,41.62799999999999
2025-05-29T16:00,41.1986
2025-05-29T17:00,40.5095
2025-05-29T18:00,39.007799999999996
2025-05-29T19:00,38.313700000000004
2025-05-29T20:00,37.4055
2025-05-29T21:00,36.7475
2025-05-29T22:00,36.015100000000004
2025-05-29T23:00,34.8613
2025-05-30T00:00,34.216699999999996
2025-05-30T01:00,33.8087
2025-05-30T02:00,33.3588
2025-05-30T03:00,33.2329
2025-05-30T04:00,31.9634
2025-05-30T05:00,31.490900000000003
2025-05-30T06:00,33.33390000000001
2025-05-30T07:00,35.0977
2025-05-30T08:00,37.4368
2025-05-30T09:00,39.2991
2025-05-30T10:00,39.12870000000001
2025-05-30T11:00,38.307900000000004
2025-05-30T12:00,38.9371
2025-05-30T13:00,40.315799999999996
2025-05-30T14:00,40.065200000000004
2025-05-30T15:00,39.6524
2025-05-30T16:00,39.7098
2025-05-30T17:00,38.523399999999995
2025-05-30T18:00,36.3655
2025-05-30T19:00,34.8741
2025-05-30T20:00,34.4159
2025-05-30T21:00,33.9683
2025-05-30T22:00,33.882200000000005
2025-05-30T23:00,33.705400000000004
2025-05-31T00:00,33.0533
2025-05-31T01:00,32.399300000000004
2025-05-31T02:00,32.2723
2025-05-31T03:00,31.937700000000003
2025-05-31T04:00,31.4378
2025-05-31T05:00,31.0815
2025-05-31T06:00,33.843399999999995
2025-05-31T07:00,35.5207
2025-05-31T08:00,37.0287
2025-05-31T09:00,38.3727
2025-05-31T10:00,40.0307
2025-05-31T11:00,41.8004
2025-05-31T12:00,42.5695
2025-05-31T13:00,42.486000000000004
2025-05-31T14:00,41.0142
2025-05-31T15:00,39.81380000000001
2025-05-31T16:00,39.3247
2025-05-31T17:00,37.7366
2025-05-31T18:00,34.1405
2025-05-31T19:00,34.8568
2025-05-31T20:00,33.6286
2025-05-31T21:00,33.3875
2025-05-31T22:00,32.506299999999996
2025-05-31T23:00,31.752899999999997
2025-06-01T00:00,31.461499999999997
2025-06-01T01:00,31.368
2025-06-01T02:00,31.0369
2025-06-01T03:00,30.5503
2025-06-01T04:00,30.268099999999997
2025-06-01T05:00,29.778499999999998
2025-06-01T06:00,32.3117
2025-06-01T07:00,33.7456
2025-06-01T08:00,35.823699999999995
2025-06-01T09:00,36.9187
2025-06-01T10:00,37.036199999999994
2025-06-01T11:00,38.001400000000004
2025-06-01T12:00,38.9257
2025-06-01T13:00,40.3575
2025-06-01T14:00,37.8794
2025-06-01T15:00,37.423500000000004
2025-06-01T16:00,36.9055
2025-06-01T17:00,36.4602
2025-06-01T18:00,31.9913
2025-06-01T19:00,31.6463
2025-06-01T20:00,31.438600000000005
2025-06-01T21:00,31.550099999999997
2025-06-01T22:00,31.4209
2025-06-01T23:00,30.9325
2025-06-02T00:00,30.478499999999997
2025-06-02T01:00,29.775100000000002
2025-06-02T02:00,29.2454
2025-06-02T03:00,28.8104
2025-06-02T04:00,28.483400000000003
2025-06-02T05:00,28.405500000000004
2025-06-02T06:00,31.5983
2025-06-02T07:00,33.0009
2025-06-02T08:00,34.7367
2025-06-02T09:00,35.5652
2025-06-02T10:00,37.736999999999995
2025-06-02T11:00,39.326
2025-06-02T12:00,39.097
2025-06-02T13:00,38.4538
2025-06-02T14:00,37.6647
2025-06-02T15:00,36.825199999999995
2025-06-02T16:00,35.563599999999994
2025-06-02T17:00,35.020700000000005
2025-06-02T18:00,35.0606
2025-06-02T19:00,34.486200000000004
2025-06-02T20:00,33.7906
2025-06-02T21:00,33.2714
2025-06-02T22:00,32.9896
2025-06-02T23:00,31.874700000000004
2025-06-03T00:00,30.9836
2025-06-03T01:00,30.219900000000003
2025-06-03T02:00,29.817099999999996
2025-06-03T03:00,29.0077
2025-06-03T04:00,28.3015
2025-06-03T05:00,28.0936
2025-06-03T06:00,29.575200000000002
2025-06-03T07:00,30.7593
2025-06-03T08:00,32.1768
2025-06-03T09:00,33.89
2025-06-03T10:00,35.659400000000005
2025-06-03T11:00,35.321999999999996
2025-06-03T12:00,34.7359
2025-06-03T13:00,34.964600000000004
2025-06-03T14:00,35.4208
2025-06-03T15:00,35.0366
2025-06-03T16:00,34.8067
2025-06-03T17:00,34.1705
2025-06-03T18:00,32.7632
2025-06-03T19:00,31.899900000000002
2025-06-03T20:00,31.3028
2025-06-03T21:00,30.664900000000003
2025-06-03T22:00,29.526799999999998
2025-06-03T23:00,29.083499999999997
2025-06-04T00:00,28.9936
2025-06-04T01:00,28.836100000000002
2025-06-04T02:00,28.6196
2025-06-04T03:00,28.325
2025-06-04T04:00,27.994600000000002
2025-06-04T05:00,27.874200000000002
2025-06-04T06:00,29.6079
2025-06-04T07:00,30.945399999999996
2025-06-04T08:00,32.5838
2025-06-04T09:00,33.312400000000004
2025-06-04T10:00,35.8896
2025-06-04T11:00,37.3194
2025-06-04T12:00,38.802099999999996
2025-06-04T13:00,38.697900000000004
2025-06-04T14:00,34.6863
2025-06-04T15:00,35.4534
2025-06-04T16:00,35.486700000000006
2025-06-04T17:00,34.644600000000004
2025-06-04T18:00,32.9161
2025-06-04T19:00,31.802300000000002
2025-06-04T20:00,31.035700000000002
2025-06-04T21:00,30.712500000000002
2025-06-04T22:00,30.523199999999996
2025-06-04T23:00,30.489900000000002
2025-06-05T00:00,29.9135
2025-06-05T01:00,29.176299999999998
2025-06-05T02:00,28.2158
2025-06-05T03:00,27.930400000000002
2025-06-05T04:00,27.5532
2025-06-05T05:00,27.197000000000003
2025-06-05T06:00,29.739
2025-06-05T07:00,31.788
2025-06-05T08:00,33.341699999999996
2025-06-05T09:00,34.6748
2025-06-05T10:00,36.6509
2025-06-05T11:00,37.9203
2025-06-05T12:00,38.6713
2025-06-05T13:00,38.62830000000001
2025-06-05T14:00,38.1875
2025-06-05T15:00,37.066199999999995
2025-06-05T16:00,35.8153
2025-06-05T17:00,35.3363
2025-06-05T18:00,33.938
2025-06-05T19:00,33.9424
2025-06-05T20:00,33.0066
2025-06-05T21:00,32.3192
2025-06-05T22:00,31.262300000000003
2025-06-05T23:00,30.556599999999996
2025-06-06T00:00,29.999499999999998
2025-06-06T01:00,29.7227
2025-06-06T02:00,29.286399999999997
2025-06-06T03:00,28.9567
2025-06-06T04:00,28.8366
2025-06-06T05:00,28.519400000000005
2025-06-06T06:00,31.157899999999998
2025-06-06T07:00,33.0899
2025-06-06T08:00,34.5015
2025-06-06T09:00,35.99020000000001
2025-06-06T10:00,38.077600000000004
2025-06-06T11:00,38.781800000000004
2025-06-06T12:00,39.0879
2025-06-06T13:00,39.236700000000006
2025-06-06T14:00,39.269800000000004
2025-06-06T15:00,38.25620000000001
2025-06-06T16:00,37.6824
2025-06-06T17:00,36.9213
2025-06-06T18:00,35.910199999999996
2025-06-06T19:00,34.641999999999996
2025-06-06T20:00,34.1498
2025-06-06T21:00,33.5141
2025-06-06T22:00,32.950100000000006
2025-06-06T23:00,31.976900000000004
2025-06-07T00:00,31.279400000000003
2025-06-07T01:00,30.6222
2025-06-07T02:00,30.1652
2025-06-07T03:00,29.643800000000002
2025-06-07T04:00,29.2496
2025-06-07T05:00,28.933
2025-06-07T06:00,32.1753
2025-06-07T07:00,34.3357
2025-06-07T08:00,36.604600000000005
2025-06-07T09:00,38.2825
2025-06-07T10:00,40.5995
2025-06-07T11:00,42.072500000000005
2025-06-07T12:00,42.6747
2025-06-07T13:00,41.3931
2025-06-07T14:00,40.405899999999995
2025-06-07T15:00,39.687000000000005
2025-06-07T16:00,38.9191
2025-06-07T17:00,38.2459
2025-06-07T18:00,37.661100000000005
2025-06-07T19:00,36.6181
2025-06-07T20:00,35.8452
2025-06-07T21:00,35.0364
2025-06-07T22:00,34.4964
2025-06-07T23:00,33.966300000000004
2025-06-08T00:00,33.2703
2025-06-08T01:00,32.63340000000001
2025-06-08T02:00,32.2944
2025-06-08T03:00,31.8166
2025-06-08T04:00,31.4201
2025-06-08T05:00,31.089500000000005
2025-06-08T06:00,33.7505
2025-06-08T07:00,35.6524
2025-06-08T08:00,37.597
2025-06-08T09:00,39.3786
2025-06-08T10:00,42.065000000000005
2025-06-08T11:00,44.2006
2025-06-08T12:00,44.8096
2025-06-08T13:00,44.2025
2025-06-08T14:00,43.1556
2025-06-08T15:00,42.3619
2025-06-08T16:00,41.3438
2025-06-08T17:00,40.5018
2025-06-08T18:00,40.449799999999996
2025-06-08T19:00,39.5146
2025-06-08T20:00,38.91180000000001
2025-06-08T21:00,38.227399999999996
2025-06-08T22:00,37.2685
2025-06-08T23:00,36.391099999999994
2025-06-09T00:00,35.609700000000004
2025-06-09T01:00,34.8866
2025-06-09T02:00,34.0095
2025-06-09T03:00,33.4122
2025-06-09T04:00,33.0251
2025-06-09T05:00,32.503800000000005
2025-06-09T06:00,34.9537
2025-06-09T07:00,36.7209
2025-06-09T08:00,38.991499999999995
2025-06-09T09:00,40.75790000000001
2025-06-09T10:00,42.9844
2025-06-09T11:00,44.0878
2025-06-09T12:00,44.6383
2025-06-09T13:00,44.6077
2025-06-09T14:00,43.98380000000001
2025-06-09T15:00,42.7868
2025-06-09T16:00,41.6991
2025-06-09T17:00,41.5106
2025-06-09T18:00,40.8866
2025-06-09T19:00,39.677
2025-06-09T20:00,38.881600000000006
2025-06-09T21:00,37.663599999999995
2025-06-09T22:00,36.5227
2025-06-09T23:00,35.8322
2025-06-10T00:00,35.0525
2025-06-10T01:00,34.0051
2025-06-10T02:00,33.23010000000001
2025-06-10T03:00,32.5381
2025-06-10T04:00,32.079800000000006
2025-06-10T05:00,31.331899999999997
2025-06-10T06:00,34.1984
2025-06-10T07:00,35.8157
2025-06-10T08:00,37.631600000000006
2025-06-10T09:00,39.176500000000004
2025-06-10T10:00,41.3318
2025-06-10T11:00,42.84
2025-06-10T12:00,43.7716
2025-06-10T13:00,43.9144
2025-06-10T14:00,43.54900000000001
2025-06-10T15:00,42.5519
2025-06-10T16:00,41.509800000000006
2025-06-10T17:00,41.31360000000001
2025-06-10T18:00,41.466
2025-06-10T19:00,40.6491
2025-06-10T20:00,39.6584
2025-06-10T21:00,38.53580000000001
2025-06-10T22:00,38.0126
2025-06-10T23:00,36.994600000000005
2025-06-11T00:00,36.2522
2025-06-11T01:00,35.5679
2025-06-11T02:00,34.9971
2025-06-11T03:00,34.3832
2025-06-11T04:00,34.15710000000001
2025-06-11T05:00,33.6571
2025-06-11T06:00,35.3331
2025-06-11T07:00,36.6012
2025-06-11T08:00,37.8827
2025-06-11T09:00,39.3536
2025-06-11T10:00,41.391
2025-06-11T11:00,43.3044
2025-06-11T12:00,44.6754
2025-06-11T13:00,45.200500000000005
2025-06-11T14:00,45.1088
2025-06-11T15:00,44.0892
2025-06-11T16:00,42.6709
2025-06-11T17:00,42.26390000000001
2025-06-11T18:00,41.737
2025-06-11T19:00,40.8413
2025-06-11T20:00,40.201499999999996
2025-06-11T21:00,39.6133
2025-06-11T22:00,38.9195
2025-06-11T23:00,38.3949
2025-06-12T00:00,37.8153
2025-06-12T01:00,37.0377
2025-06-12T02:00,36.484500000000004
2025-06-12T03:00,35.9399
2025-06-12T04:00,35.60790000000001
2025-06-12T05:00,35.2992
2025-06-12T06:00,37.985800000000005
2025-06-12T07:00,39.3355
2025-06-12T08:00,40.7236
2025-06-12T09:00,41.899699999999996
2025-06-12T10:00,43.7386
2025-06-12T11:00,44.9371
2025-06-12T12:00,45.7519
2025-06-12T13:00,46.163000000000004
2025-06-12T14:00,44.6675
2025-06-12T15:00,42.5727
2025-06-12T16:00,41.8281
2025-06-12T17:00,41.7344
2025-06-12T18:00,41.181000000000004
2025-06-12T19:00,40.4391
2025-06-12T20:00,39.7344
2025-06-12T21:00,38.9808
2025-06-12T22:00,38.0496
2025-06-12T23:00,37.4117
2025-06-13T00:00,36.775
2025-06-13T01:00,36.3367
2025-06-13T02:00,36.049600000000005
2025-06-13T03:00,35.7315
2025-06-13T04:00,35.5484
2025-06-13T05:00,35.218700000000005
2025-06-13T06:00,38.18270000000001
2025-06-13T07:00,39.2615
2025-06-13T08:00,40.4613
2025-06-13T09:00,41.934
2025-06-13T10:00,43.678200000000004
2025-06-13T11:00,44.6308
2025-06-13T12:00,44.97990000000001
2025-06-13T13:00,44.6483
2025-06-13T14:00,44.837
2025-06-13T15:00,43.5887
2025-06-13T16:00,43.196600000000004
2025-06-13T17:00,42.3113
2025-06-13T18:00,39.8482
2025-06-13T19:00,39.317400000000006
2025-06-13T20:00,39.07130000000001
2025-06-13T21:00,38.8765
2025-06-13T22:00,38.486200000000004
2025-06-13T23:00,37.96249999999999
2025-06-14T00:00,37.4434
2025-06-14T01:00,36.9717
2025-06-14T02:00,36.7117
2025-06-14T03:00,36.5744
2025-06-14T04:00,36.3401
2025-06-14T05:00,36.0942
2025-06-14T06:00,37.1109
2025-06-14T07:00,38.5876
2025-06-14T08:00,40.3141
2025-06-14T09:00,41.8954
2025-06-14T10:00,44.00370000000001
2025-06-14T11:00,45.9498
2025-06-14T12:00,47.164
2025-06-14T13:00,47.397400000000005
2025-06-14T14:00,46.717
2025-06-14T15:00,45.69850000000001
2025-06-14T16:00,44.200500000000005
2025-06-14T17:00,42.956199999999995
2025-06-14T18:00,41.7675
2025-06-14T19:00,40.9962
2025-06-14T20:00,40.6159
2025-06-14T21:00,39.6109
2025-06-14T22:00,38.9286
2025-06-14T23:00,38.327200000000005
2025-06-15T00:00,37.5852
2025-06-15T01:00,36.7525
2025-06-15T02:00,36.128699999999995
2025-06-15T03:00,35.5919
2025-06-15T04:00,35.0471
2025-06-15T05:00,34.6677
2025-06-15T06:00,34.7431
2025-06-15T07:00,35.4122
2025-06-15T08:00,36.4351
2025-06-15T09:00,38.6098
2025-06-15T10:00,38.94400000000001
2025-06-15T11:00,39.0342
2025-06-15T12:00,41.7358
2025-06-15T13:00,42.8716
2025-06-15T14:00,43.1276
2025-06-15T15:00,42.538
2025-06-15T16:00,41.720600000000005
2025-06-15T17:00,41.489000000000004
2025-06-15T18:00,39.84270000000001
2025-06-15T19:00,39.669200000000004
2025-06-15T20:00,39.4633
2025-06-15T21:00,38.984300000000005
2025-06-15T22:00,38.490100000000005
2025-06-15T23:00,37.9245
2025-06-16T00:00,37.227000000000004
2025-06-16T01:00,35.8419
2025-06-16T02:00,34.6755
2025-06-16T03:00,34.7345
2025-06-16T04:00,31.6827
2025-06-16T05:00,31.652900000000002
2025-06-16T06:00,32.473299999999995
2025-06-16T07:00,33.5901
2025-06-16T08:00,35.3121
2025-06-16T09:00,36.2581
2025-06-16T10:00,37.27590000000001
2025-06-16T11:00,39.102900000000005
2025-06-16T12:00,40.238200000000006
2025-06-16T13:00,41.0375
2025-06-16T14:00,41.143
2025-06-16T15:00,40.8307
2025-06-16T16:00,40.453500000000005
2025-06-16T17:00,39.8232
2025-06-16T18:00,38.9405
2025-06-16T19:00,38.093399999999995
2025-06-16T20:00,37.1978
2025-06-16T21:00,36.7111
2025-06-16T22:00,36.0424
2025-06-16T23:00,34.8164
2025-06-17T00:00,34.1895
2025-06-17T01:00,32.6866
2025-06-17T02:00,33.003
2025-06-17T03:00,32.5357
2025-06-17T04:00,31.9975
2025-06-17T05:00,31.132300000000004
2025-06-17T06:00,33.006800000000005
2025-06-17T07:00,33.9521
2025-06-17T08:00,35.3087
2025-06-17T09:00,37.0453
2025-06-17T10:00,39.3684
2025-06-17T11:00,41.27419999999999
2025-06-17T12:00,42.269800000000004
2025-06-17T13:00,42.70270000000001
2025-06-17T14:00,42.53110000000001
2025-06-17T15:00,41.5852
2025-06-17T16:00,40.8568
2025-06-17T17:00,40.1474
2025-06-17T18:00,38.465399999999995
2025-06-17T19:00,37.631400000000006
2025-06-17T20:00,36.21820000000001
2025-06-17T21:00,35.0706
2025-06-17T22:00,33.5186
2025-06-17T23:00,32.944500000000005
2025-06-18T00:00,32.7654
2025-06-18T01:00,32.379599999999996
2025-06-18T02:00,31.883599999999998
2025-06-18T03:00,31.0197
2025-06-18T04:00,30.2007
2025-06-18T05:00,30.6446
2025-06-18T06:00,33.2183
2025-06-18T07:00,33.9168
2025-06-18T08:00,35.1451
2025-06-18T09:00,36.504400000000004
2025-06-18T10:00,38.08540000000001
2025-06-18T11:00,39.7111
2025-06-18T12:00,41.1316
2025-06-18T13:00,41.5334
2025-06-18T14:00,41.0582
2025-06-18T15:00,39.9447
2025-06-18T16:00,39.0894
2025-06-18T17:00,38.9977
2025-06-18T18:00,37.6312
2025-06-18T19:00,36.8624
2025-06-18T20:00,35.96
2025-06-18T21:00,35.960100000000004
2025-06-18T22:00,35.8141
2025-06-18T23:00,35.339200000000005
2025-06-19T00:00,35.081500000000005
2025-06-19T01:00,34.595800000000004
2025-06-19T02:00,34.4933
2025-06-19T03:00,34.088300000000004
2025-06-19T04:00,33.807500000000005
2025-06-19T05:00,33.3103
2025-06-19T06:00,33.539
2025-06-19T07:00,35.3648
2025-06-19T08:00,36.7997
2025-06-19T09:00,37.8232
2025-06-19T10:00,38.333200000000005
2025-06-19T11:00,38.6056
2025-06-19T12:00,39.4787
2025-06-19T13:00,39.238200000000006
2025-06-19T14:00,40.055
2025-06-19T15:00,38.2836
2025-06-19T16:00,38.0523
2025-06-19T17:00,37.8484
2025-06-19T18:00,37.2496
2025-06-19T19:00,35.8969
2025-06-19T20:00,35.666399999999996
2025-06-19T21:00,35.5067
2025-06-19T22:00,34.9473
2025-06-19T23:00,34.4258
2025-06-20T00:00,33.588300000000004
2025-06-20T01:00,33.4744
2025-06-20T02:00,32.869
2025-06-20T03:00,31.735200000000003
2025-06-20T04:00,31.489200000000004
2025-06-20T05:00,31.5139
2025-06-20T06:00,33.4396
2025-06-20T07:00,33.871599999999994
2025-06-20T08:00,34.2674
2025-06-20T09:00,35.204800000000006
2025-06-20T10:00,36.067099999999996
2025-06-20T11:00,37.2543
2025-06-20T12:00,36.992799999999995
2025-06-20T13:00,37.0211
2025-06-20T14:00,37.76390000000001
2025-06-20T15:00,37.7443
2025-06-20T16:00,36.7169
2025-06-20T17:00,36.460100000000004
2025-06-20T18:00,36.2933
2025-06-20T19:00,35.60830000000001
2025-06-20T20:00,35.115500000000004
2025-06-20T21:00,34.7905
2025-06-20T22:00,34.5128
2025-06-20T23:00,34.289300000000004
2025-06-21T00:00,34.03
2025-06-21T01:00,33.5714
2025-06-21T02:00,33.1261
2025-06-21T03:00,32.877
2025-06-21T04:00,32.8631
2025-06-21T05:00,32.8382
2025-06-21T06:00,34.6242
2025-06-21T07:00,35.6443
2025-06-21T08:00,36.6165
2025-06-21T09:00,37.426700000000004
2025-06-21T10:00,38.68450000000001
2025-06-21T11:00,39.4671
2025-06-21T12:00,40.37950000000001
2025-06-21T13:00,41.093
2025-06-21T14:00,40.9411
2025-06-21T15:00,40.5345
2025-06-21T16:00,40.568000000000005
2025-06-21T17:00,40.366200000000006
2025-06-21T18:00,38.551700000000004
2025-06-21T19:00,38.012299999999996
2025-06-21T20:00,37.379200000000004
2025-06-21T21:00,36.7445
2025-06-21T22:00,36.3565
2025-06-21T23:00,35.6528
2025-06-22T00:00,34.869200000000006
2025-06-22T01:00,34.394299999999994
2025-06-22T02:00,34.1112
2025-06-22T03:00,33.5416
2025-06-22T04:00,33.523
2025-06-22T05:00,33.4105
2025-06-22T06:00,35.4675
2025-06-22T07:00,36.0961
2025-06-22T08:00,37.10320000000001
2025-06-22T09:00,38.08980000000001
2025-06-22T10:00,39.314400000000006
2025-06-22T11:00,39.527100000000004
2025-06-22T12:00,38.201299999999996
2025-06-22T13:00,39.165299999999995
2025-06-22T14:00,39.4474
2025-06-22T15:00,39.452600000000004
2025-06-22T16:00,39.4805
2025-06-22T17:00,39.2809
2025-06-22T18:00,37.807399999999994
2025-06-22T19:00,37.22690000000001
2025-06-22T20:00,36.653400000000005
2025-06-22T21:00,36.0822
2025-06-22T22:00,35.44409999999999
2025-06-22T23:00,34.7862
2025-06-23T00:00,34.6374
2025-06-23T01:00,34.159400000000005
2025-06-23T02:00,34.0422
2025-06-23T03:00,33.870799999999996
2025-06-23T04:00,34.006499999999996
2025-06-23T05:00,33.356
2025-06-23T06:00,35.47650000000001
2025-06-23T07:00,35.5626
2025-06-23T08:00,36.8354
2025-06-23T09:00,38.316700000000004
2025-06-23T10:00,39.2619
2025-06-23T11:00,39.6974
2025-06-23T12:00,40.0237
2025-06-23T13:00,40.8565
2025-06-23T14:00,40.618500000000004
2025-06-23T15:00,39.557
2025-06-23T16:00,39.3769
2025-06-23T17:00,38.4613
2025-06-23T18:00,37.2174
2025-06-23T19:00,36.9
2025-06-23T20:00,36.32410000000001
2025-06-23T21:00,35.9129
2025-06-23T22:00,35.3597
2025-06-23T23:00,34.798700000000004
2025-06-24T00:00,34.5799
2025-06-24T01:00,34.2013
2025-06-24T02:00,33.9701
2025-06-24T03:00,33.419000000000004
2025-06-24T04:00,32.9075
2025-06-24T05:00,32.8168
2025-06-24T06:00,34.072
2025-06-24T07:00,34.9861
2025-06-24T08:00,36.7429
2025-06-24T09:00,38.392500000000005
2025-06-24T10:00,39.6582
2025-06-24T11:00,41.01379999999999
2025-06-24T12:00,41.8398
2025-06-24T13:00,42.07940000000001
2025-06-24T14:00,41.95190000000001
2025-06-24T15:00,41.160000000000004
2025-06-24T16:00,40.3275
2025-06-24T17:00,39.7354
2025-06-24T18:00,39.3639
2025-06-24T19:00,38.666199999999996
2025-06-24T20:00,38.111200000000004
2025-06-24T21:00,37.823899999999995
2025-06-24T22:00,36.9923
2025-06-24T23:00,35.8414
2025-06-25T00:00,34.6602
2025-06-25T01:00,34.0315
2025-06-25T02:00,33.7985
2025-06-25T03:00,32.8877
2025-06-25T04:00,32.4441
2025-06-25T05:00,32.546200000000006
2025-06-25T06:00,34.1999
2025-06-25T07:00,34.0692
2025-06-25T08:00,34.4163
2025-06-25T09:00,35.0428
2025-06-25T10:00,35.869
2025-06-25T11:00,36.48030000000001
2025-06-25T12:00,37.319799999999994
2025-06-25T13:00,38.565
2025-06-25T14:00,38.8744
2025-06-25T15:00,38.535700000000006
2025-06-25T16:00,38.4137
2025-06-25T17:00,38.2219
2025-06-25T18:00,37.326800000000006
2025-06-25T19:00,36.391200000000005
2025-06-25T20:00,35.7689
2025-06-25T21:00,35.2763
2025-06-25T22:00,34.958
2025-06-25T23:00,34.5777
2025-06-26T00:00,34.1983
2025-06-26T01:00,34.3076
2025-06-26T02:00,33.5007
2025-06-26T03:00,33.1912
2025-06-26T04:00,32.4923
2025-06-26T05:00,32.5102
2025-06-26T06:00,34.2992
2025-06-26T07:00,35.3925
2025-06-26T08:00,36.3879
2025-06-26T09:00,37.163199999999996
2025-06-26T10:00,38.5476
2025-06-26T11:00,39.8062
2025-06-26T12:00,40.312200000000004
2025-06-26T13:00,40.721000000000004
2025-06-26T14:00,40.3245
2025-06-26T15:00,39.5608
2025-06-26T16:00,38.8624
2025-06-26T17:00,38.640600000000006
2025-06-26T18:00,38.1602
2025-06-26T19:00,37.39960000000001
2025-06-26T20:00,36.676500000000004
2025-06-26T21:00,36.0962
2025-06-26T22:00,35.5282
2025-06-26T23:00,35.1457
2025-06-27T00:00,34.788
2025-06-27T01:00,34.6126
2025-06-27T02:00,34.294500000000006
2025-06-27T03:00,33.964
2025-06-27T04:00,33.5551
2025-06-27T05:00,33.0561
2025-06-27T06:00,34.649699999999996
2025-06-27T07:00,35.4204
2025-06-27T08:00,36.042
2025-06-27T09:00,36.6033
2025-06-27T10:00,38.2243
2025-06-27T11:00,39.833800000000004
2025-06-27T12:00,41.1762
2025-06-27T13:00,41.327299999999994
2025-06-27T14:00,39.615
2025-06-27T15:00,38.915
2025-06-27T16:00,39.196200000000005
2025-06-27T17:00,38.6677
2025-06-27T18:00,38.8744
2025-06-27T19:00,37.610099999999996
2025-06-27T20:00,36.0905
2025-06-27T21:00,35.5727
2025-06-27T22:00,35.2817
2025-06-27T23:00,35.22130000000001
2025-06-28T00:00,34.09
2025-06-28T01:00,33.9377
2025-06-28T02:00,32.8925
2025-06-28T03:00,32.1447
2025-06-28T04:00,31.925800000000002
2025-06-28T05:00,31.9033
2025-06-28T06:00,34.3611
2025-06-28T07:00,35.6736
2025-06-28T08:00,36.9506
2025-06-28T09:00,38.15260000000001
2025-06-28T10:00,39.94050000000001
2025-06-28T11:00,40.9353
2025-06-28T12:00,42.0674
2025-06-28T13:00,42.5644
2025-06-28T14:00,42.65440000000001
2025-06-28T15:00,41.389500000000005
2025-06-28T16:00,40.5741
2025-06-28T17:00,39.5026
2025-06-28T18:00,37.809200000000004
2025-06-28T19:00,37.321000000000005
2025-06-28T20:00,36.7616
2025-06-28T21:00,36.351
2025-06-28T22:00,35.7822
2025-06-28T23:00,35.0234
2025-06-29T00:00,33.703900000000004
2025-06-29T01:00,32.8427
2025-06-29T02:00,32.7378
2025-06-29T03:00,32.5251
2025-06-29T04:00,32.1738
2025-06-29T05:00,32.3003
2025-06-29T06:00,34.3045
2025-06-29T07:00,35.5255
2025-06-29T08:00,36.1512
2025-06-29T09:00,36.6581
2025-06-29T10:00,37.476200000000006
2025-06-29T11:00,38.5206
2025-06-29T12:00,38.8873
2025-06-29T13:00,38.9033
2025-06-29T14:00,38.3219
2025-06-29T15:00,38.480199999999996
2025-06-29T16:00,38.57190000000001
2025-06-29T17:00,38.048700000000004
2025-06-29T18:00,36.0391
2025-06-29T19:00,35.6517
2025-06-29T20:00,35.2704
2025-06-29T21:00,34.7535
2025-06-29T22:00,34.1971
2025-06-29T23:00,33.9279
2025-06-30T00:00,33.6966
2025-06-30T01:00,32.7647
2025-06-30T02:00,31.5436
2025-06-30T03:00,31.3736
2025-06-30T04:00,31.545600000000004
2025-06-30T05:00,31.523800000000005
2025-06-30T06:00,32.6018
2025-06-30T07:00,32.7662
2025-06-30T08:00,33.938
2025-06-30T09:00,35.49810000000001
2025-06-30T10:00,37.1879
2025-06-30T11:00,37.7359
2025-06-30T12:00,38.813
2025-06-30T13:00,38.0735
2025-06-30T14:00,36.9675
2025-06-30T15:00,34.871500000000005
2025-06-30T16:00,34.3887
2025-06-30T17:00,34.4527
2025-06-30T18:00,35.0565
2025-06-30T19:00,34.5651
2025-06-30T20:00,33.676100000000005
2025-06-30T21:00,33.5922
2025-06-30T22:00,33.437000000000005
2025-06-30T23:00,33.2926
2025-07-01T00:00,33.101600000000005
2025-07-01T01:00,32.7344
2025-07-01T02:00,32.2706
2025-07-01T03:00,31.761900000000004
2025-07-01T04:00,31.184
2025-07-01T05:00,30.7176
2025-07-01T06:00,32.2198
2025-07-01T07:00,32.9864
2025-07-01T08:00,34.3624
2025-07-01T09:00,35.044900000000005
2025-07-01T10:00,35.7174
2025-07-01T11:00,36.2053
2025-07-01T12:00,37.50600000000001
2025-07-01T13:00,39.063700000000004
2025-07-01T14:00,38.6161
2025-07-01T15:00,37.829100000000004
2025-07-01T16:00,37.9401
2025-07-01T17:00,37.5465
2025-07-01T18:00,36.517
2025-07-01T19:00,36.101600000000005
2025-07-01T20:00,35.86390000000001
2025-07-01T21:00,35.1298
2025-07-01T22:00,34.7387
2025-07-01T23:00,34.1529
2025-07-02T00:00,33.903
2025-07-02T01:00,33.595
2025-07-02T02:00,33.0992
2025-07-02T03:00,32.9478
2025-07-02T04:00,32.764
2025-07-02T05:00,32.499300000000005
2025-07-02T06:00,32.8622
2025-07-02T07:00,34.1183
2025-07-02T08:00,35.3745
2025-07-02T09:00,36.334700000000005
2025-07-02T10:00,37.8767
2025-07-02T11:00,38.9457
2025-07-02T12:00,38.6895
2025-07-02T13:00,38.951699999999995
2025-07-02T14:00,39.901900000000005
2025-07-02T15:00,39.391200000000005
2025-07-02T16:00,38.7263
2025-07-02T17:00,38.481100000000005
2025-07-02T18:00,37.4496
2025-07-02T19:00,36.5188
2025-07-02T20:00,35.967
2025-07-02T21:00,35.527300000000004
2025-07-02T22:00,34.5811
2025-07-02T23:00,34.174600000000005
2025-07-03T00:00,33.3996
2025-07-03T01:00,32.8768
2025-07-03T02:00,32.9179
2025-07-03T03:00,32.6883
2025-07-03T04:00,32.4688
2025-07-03T05:00,31.8899
2025-07-03T06:00,33.0485
2025-07-03T07:00,33.9581
2025-07-03T08:00,35.174
2025-07-03T09:00,36.2147
2025-07-03T10:00,37.9684
2025-07-03T11:00,38.8763
2025-07-03T12:00,39.7139
2025-07-03T13:00,40.16250000000001
2025-07-03T14:00,40.49870000000001
2025-07-03T15:00,39.275000000000006
2025-07-03T16:00,38.9859
2025-07-03T17:00,37.838100000000004
2025-07-03T18:00,38.44370000000001
2025-07-03T19:00,37.3384
2025-07-03T20:00,36.5159
2025-07-03T21:00,35.821200000000005
2025-07-03T22:00,35.2719
2025-07-03T23:00,34.7398
2025-07-04T00:00,34.403999999999996
2025-07-04T01:00,33.7398
2025-07-04T02:00,33.2663
2025-07-04T03:00,32.8829
2025-07-04T04:00,32.7486
2025-07-04T05:00,32.708200000000005
2025-07-04T06:00,34.1207
2025-07-04T07:00,34.6591
2025-07-04T08:00,35.8946
2025-07-04T09:00,37.02440000000001
2025-07-04T10:00,38.6592
2025-07-04T11:00,39.387600000000006
2025-07-04T12:00,40.2388
2025-07-04T13:00,40.84
2025-07-04T14:00,40.831
2025-07-04T15:00,40.064499999999995
2025-07-04T16:00,39.7331
2025-07-04T17:00,38.6938
2025-07-04T18:00,36.907900000000005
2025-07-04T19:00,36.522299999999994
2025-07-04T20:00,36.099000000000004
2025-07-04T21:00,35.6776
2025-07-04T22:00,35.1484
2025-07-04T23:00,34.6255
2025-07-05T00:00,34.273900000000005
2025-07-05T01:00,33.7829
2025-07-05T02:00,33.7132
2025-07-05T03:00,33.3592
2025-07-05T04:00,32.9777
2025-07-05T05:00,32.8581
2025-07-05T06:00,35.5381
2025-07-05T07:00,36.4842
2025-07-05T08:00,37.631800000000005
2025-07-05T09:00,38.7554
2025-07-05T10:00,39.84720000000001
2025-07-05T11:00,41.153400000000005
2025-07-05T12:00,42.1231
2025-07-05T13:00,41.3354
2025-07-05T14:00,40.7875
2025-07-05T15:00,38.9974
2025-07-05T16:00,39.2883
2025-07-05T17:00,39.095800000000004
2025-07-05T18:00,37.81090000000001
2025-07-05T19:00,36.8476
2025-07-05T20:00,36.0516
2025-07-05T21:00,35.4636
2025-07-05T22:00,35.3263
2025-07-05T23:00,34.9251
2025-07-06T00:00,34.892700000000005
2025-07-06T01:00,34.5467
2025-07-06T02:00,33.8297
2025-07-06T03:00,33.649
2025-07-06T04:00,33.2369
2025-07-06T05:00,33.30820000000001
2025-07-06T06:00,34.8266
2025-07-06T07:00,35.507600000000004
2025-07-06T08:00,36.9127
2025-07-06T09:00,38.3189
2025-07-06T10:00,39.9205
2025-07-06T11:00,41.1966
2025-07-06T12:00,41.764700000000005
2025-07-06T13:00,41.958000000000006
2025-07-06T14:00,40.64620000000001
2025-07-06T15:00,40.332499999999996
2025-07-06T16:00,40.519600000000004
2025-07-06T17:00,39.9865
2025-07-06T18:00,39.0974
2025-07-06T19:00,38.4555
2025-07-06T20:00,37.6809
2025-07-06T21:00,36.62370000000001
2025-07-06T22:00,35.827
2025-07-06T23:00,35.1132
2025-07-07T00:00,33.990899999999996
2025-07-07T01:00,33.8975
2025-07-07T02:00,33.538900000000005
2025-07-07T03:00,33.1587
2025-07-07T04:00,32.3176
2025-07-07T05:00,32.2237
2025-07-07T06:00,34.3481
2025-07-07T07:00,35.0396
2025-07-07T08:00,34.945100000000004
2025-07-07T09:00,36.2345
2025-07-07T10:00,37.2389
2025-07-07T11:00,38.842000000000006
2025-07-07T12:00,40.4004
2025-07-07T13:00,41.3537
2025-07-07T14:00,41.3029
2025-07-07T15:00,40.6226
2025-07-07T16:00,39.9546
2025-07-07T17:00,39.769
2025-07-07T18:00,38.7334
2025-07-07T19:00,37.7828
2025-07-07T20:00,37.217000000000006
2025-07-07T21:00,37.126099999999994
2025-07-07T22:00,36.7108
2025-07-07T23:00,35.8867
2025-07-08T00:00,35.4801
2025-07-08T01:00,34.9408
2025-07-08T02:00,34.434900000000006
2025-07-08T03:00,33.4245
2025-07-08T04:00,33.322900000000004
2025-07-08T05:00,33.4533
2025-07-08T06:00,36.274
2025-07-08T07:00,37.589999999999996
2025-07-08T08:00,38.00330000000001
2025-07-08T09:00,38.920100000000005
2025-07-08T10:00,39.9811
2025-07-08T11:00,40.97200000000001
2025-07-08T12:00,41.731100000000005
2025-07-08T13:00,41.976200000000006
2025-07-08T14:00,41.821799999999996
2025-07-08T15:00,39.966300000000004
2025-07-08T16:00,40.063900000000004
2025-07-08T17:00,40.1887
2025-07-08T18:00,38.890299999999996
2025-07-08T19:00,38.068599999999996
2025-07-08T20:00,37.7464
2025-07-08T21:00,37.4795
2025-07-08T22:00,36.471399999999996
2025-07-08T23:00,36.2402
2025-07-09T00:00,35.8786
2025-07-09T01:00,35.2348
2025-07-09T02:00,34.4491
2025-07-09T03:00,34.048700000000004
2025-07-09T04:00,32.5249
2025-07-09T05:00,32.6331
2025-07-09T06:00,33.5955
2025-07-09T07:00,34.4555
2025-07-09T08:00,35.4253
2025-07-09T09:00,36.402100000000004
2025-07-09T10:00,36.800000000000004
2025-07-09T11:00,34.7752
2025-07-09T12:00,35.121
2025-07-09T13:00,36.670199999999994
2025-07-09T14:00,37.4986
2025-07-09T15:00,37.625800000000005
2025-07-09T16:00,37.3083
2025-07-09T17:00,37.279700000000005
2025-07-09T18:00,36.6659
2025-07-09T19:00,36.1604
2025-07-09T20:00,35.684
2025-07-09T21:00,35.078
2025-07-09T22:00,34.6753
2025-07-09T23:00,33.8921
2025-07-10T00:00,33.463
2025-07-10T01:00,33.5686
2025-07-10T02:00,33.5094
2025-07-10T03:00,33.200399999999995
2025-07-10T04:00,32.7165
2025-07-10T05:00,32.2806
2025-07-10T06:00,32.6155
2025-07-10T07:00,33.1302
2025-07-10T08:00,33.8278
2025-07-10T09:00,34.4438
2025-07-10T10:00,35.1728
2025-07-10T11:00,36.052400000000006
2025-07-10T12:00,36.7291
2025-07-10T13:00,36.5896
2025-07-10T14:00,36.4663
2025-07-10T15:00,36.54970000000001
2025-07-10T16:00,36.585
2025-07-10T17:00,36.3294
2025-07-10T18:00,35.847
2025-07-10T19:00,35.1468
2025-07-10T20:00,34.939499999999995
2025-07-10T21:00,34.654799999999994
2025-07-10T22:00,34.2489
2025-07-10T23:00,33.6218
2025-07-11T00:00,33.1887
2025-07-11T01:00,33.0932
2025-07-11T02:00,32.973
2025-07-11T03:00,32.6929
2025-07-11T04:00,32.000699999999995
2025-07-11T05:00,31.6428
2025-07-11T06:00,33.0499
2025-07-11T07:00,33.4348
2025-07-11T08:00,34.3923
2025-07-11T09:00,35.44760000000001
2025-07-11T10:00,36.316900000000004
2025-07-11T11:00,37.119299999999996
2025-07-11T12:00,37.35260000000001
2025-07-11T13:00,37.6179
2025-07-11T14:00,37.9587
2025-07-11T15:00,37.161
2025-07-11T16:00,36.3113
2025-07-11T17:00,36.29050000000001
2025-07-11T18:00,36.6563
2025-07-11T19:00,35.9619
2025-07-11T20:00,35.476800000000004
2025-07-11T21:00,35.1477
2025-07-11T22:00,34.8179
2025-07-11T23:00,34.344699999999996
2025-07-12T00:00,34.1408
2025-07-12T01:00,33.8652
2025-07-12T02:00,33.5953
2025-07-12T03:00,32.9403
2025-07-12T04:00,32.5607
2025-07-12T05:00,31.846899999999998
2025-07-12T06:00,33.0886
2025-07-12T07:00,33.926
2025-07-12T08:00,34.8975
2025-07-12T09:00,36.0142
2025-07-12T10:00,37.525000000000006
2025-07-12T11:00,38.7027
2025-07-12T12:00,39.553
2025-07-12T13:00,40.1905
2025-07-12T14:00,39.6682
2025-07-12T15:00,39.0778
2025-07-12T16:00,38.054700000000004
2025-07-12T17:00,35.825300000000006
2025-07-12T18:00,35.2566
2025-07-12T19:00,35.057900000000004
2025-07-12T20:00,34.9329
2025-07-12T21:00,34.761300000000006
2025-07-12T22:00,34.278600000000004
2025-07-12T23:00,33.6298
2025-07-13T00:00,33.2757
2025-07-13T01:00,32.8404
2025-07-13T02:00,32.69520000000001
2025-07-13T03:00,32.395
2025-07-13T04:00,32.31040000000001
2025-07-13T05:00,32.0714
2025-07-13T06:00,34.3441
2025-07-13T07:00,35.774
2025-07-13T08:00,34.7533
2025-07-13T09:00,35.6387
2025-07-13T10:00,36.95680000000001
2025-07-13T11:00,38.1413
2025-07-13T12:00,38.6078
2025-07-13T13:00,39.221000000000004
2025-07-13T14:00,38.78529999999999
2025-07-13T15:00,36.3099
2025-07-13T16:00,35.741
2025-07-13T17:00,35.676
2025-07-13T18:00,35.4865
2025-07-13T19:00,35.2269
2025-07-13T20:00,34.8817
2025-07-13T21:00,34.4021
2025-07-13T22:00,34.0797
2025-07-13T23:00,33.8361
2025-07-14T00:00,33.2625
2025-07-14T01:00,33.2757
2025-07-14T02:00,33.0561
2025-07-14T03:00,32.6222
2025-07-14T04:00,32.4315
2025-07-14T05:00,32.1047
2025-07-14T06:00,31.514000000000003
2025-07-14T07:00,31.8562
2025-07-14T08:00,32.865899999999996
2025-07-14T09:00,33.9329
2025-07-14T10:00,34.9254
2025-07-14T11:00,35.8511
2025-07-14T12:00,37.2472
2025-07-14T13:00,37.31249999999999
2025-07-14T14:00,37.666399999999996
2025-07-14T15:00,37.730399999999996
2025-07-14T16:00,36.046099999999996
2025-07-14T17:00,33.9071
2025-07-14T18:00,34.9149
2025-07-14T19:00,34.4609
2025-07-14T20:00,33.9559
2025-07-14T21:00,33.372600000000006
2025-07-14T22:00,32.786500000000004
2025-07-14T23:00,32.3461
2025-07-15T00:00,31.718500000000002
2025-07-15T01:00,31.3394
2025-07-15T02:00,31.285000000000004
2025-07-15T03:00,31.0072
2025-07-15T04:00,30.828000000000003
2025-07-15T05:00,30.736400000000007
2025-07-15T06:00,31.5265
2025-07-15T07:00,32.3934
2025-07-15T08:00,33.29750000000001
2025-07-15T09:00,34.1698
2025-07-15T10:00,35.7296
2025-07-15T11:00,36.7199
2025-07-15T12:00,37.417199999999994
2025-07-15T13:00,37.72280000000001
2025-07-15T14:00,38.0324
2025-07-15T15:00,37.6152
2025-07-15T16:00,37.132600000000004
2025-07-15T17:00,36.838100000000004
2025-07-15T18:00,36.649
2025-07-15T19:00,35.419999999999995
2025-07-15T20:00,34.896300000000004
2025-07-15T21:00,33.919700000000006
2025-07-15T22:00,33.2571
2025-07-15T23:00,33.3093
2025-07-16T00:00,33.077400000000004
2025-07-16T01:00,33.0766
2025-07-16T02:00,32.8406
2025-07-16T03:00,32.28660000000001
2025-07-16T04:00,31.537200000000002
2025-07-16T05:00,31.208900000000003
2025-07-16T06:00,33.0406
2025-07-16T07:00,33.925399999999996
2025-07-16T08:00,34.9766
2025-07-16T09:00,35.8532
2025-07-16T10:00,37.096999999999994
2025-07-16T11:00,38.100100000000005
2025-07-16T12:00,39.0043
2025-07-16T13:00,37.2433
2025-07-16T14:00,36.1008
2025-07-16T15:00,35.2176
2025-07-16T16:00,35.0283
2025-07-16T17:00,35.07639999999999
2025-07-16T18:00,35.4658
2025-07-16T19:00,34.8527
2025-07-16T20:00,34.0752
2025-07-16T21:00,33.4853
2025-07-16T22:00,33.05850000000001
2025-07-16T23:00,32.7838
2025-07-17T00:00,32.4337
2025-07-17T01:00,32.173
2025-07-17T02:00,32.1459
2025-07-17T03:00,31.9318
2025-07-17T04:00,31.769700000000004
2025-07-17T05:00,31.4423
2025-07-17T06:00,31.079500000000003
2025-07-17T07:00,31.7545
2025-07-17T08:00,32.051700000000004
2025-07-17T09:00,32.9714
2025-07-17T10:00,34.0338
2025-07-17T11:00,33.783
2025-07-17T12:00,33.6552
2025-07-17T13:00,34.462500000000006
2025-07-17T14:00,34.7216
2025-07-17T15:00,34.691900000000004
2025-07-17T16:00,34.8874
2025-07-17T17:00,34.6918
2025-07-17T18:00,33.9534
2025-07-17T19:00,32.662499999999994
2025-07-17T20:00,31.808500000000002
2025-07-17T21:00,31.881700000000002
2025-07-17T22:00,32.1431
2025-07-17T23:00,31.713300000000004
2025-07-18T00:00,31.590000000000003
2025-07-18T01:00,31.319300000000005
2025-07-18T02:00,31.168100000000003
2025-07-18T03:00,30.863100000000003
2025-07-18T04:00,30.886400000000002
2025-07-18T05:00,30.729600000000005
2025-07-18T06:00,31.3561
2025-07-18T07:00,32.3922
2025-07-18T08:00,33.0418
2025-07-18T09:00,33.936800000000005
2025-07-18T10:00,35.221000000000004
2025-07-18T11:00,36.2623
2025-07-18T12:00,37.3126
2025-07-18T13:00,37.4927
2025-07-18T14:00,36.483900000000006
2025-07-18T15:00,35.7796
2025-07-18T16:00,35.0675
2025-07-18T17:00,35.842
2025-07-18T18:00,34.913999999999994
2025-07-18T19:00,34.204
2025-07-18T20:00,33.59630000000001
2025-07-18T21:00,33.1259
2025-07-18T22:00,32.6929
2025-07-18T23:00,32.3755
2025-07-19T00:00,32.065900000000006
2025-07-19T01:00,31.761699999999998
2025-07-19T02:00,31.476100000000002
2025-07-19T03:00,31.258000000000003
2025-07-19T04:00,31.1129
2025-07-19T05:00,30.8917
2025-07-19T06:00,32.4331
2025-07-19T07:00,33.0487
2025-07-19T08:00,33.8439
2025-07-19T09:00,35.076800000000006
2025-07-19T10:00,36.5232
2025-07-19T11:00,37.9037
2025-07-19T12:00,38.6283
2025-07-19T13:00,38.564800000000005
2025-07-19T14:00,38.2444
2025-07-19T15:00,37.57600000000001
2025-07-19T16:00,37.556400000000004
2025-07-19T17:00,37.9786
2025-07-19T18:00,37.711400000000005
2025-07-19T19:00,36.2693
2025-07-19T20:00,35.4988
2025-07-19T21:00,34.8161
2025-07-19T22:00,34.2303
2025-07-19T23:00,33.750800000000005
2025-07-20T00:00,33.3558
2025-07-20T01:00,33.054700000000004
2025-07-20T02:00,32.8413
2025-07-20T03:00,32.5201
2025-07-20T04:00,32.254000000000005
2025-07-20T05:00,31.9949
2025-07-20T06:00,34.0389
2025-07-20T07:00,35.5071
2025-07-20T08:00,36.3709
2025-07-20T09:00,37.3083
2025-07-20T10:00,38.010299999999994
2025-07-20T11:00,38.5825
2025-07-20T12:00,39.3235
2025-07-20T13:00,39.5343
2025-07-20T14:00,39.302400000000006
2025-07-20T15:00,38.559999999999995
2025-07-20T16:00,38.5507
2025-07-20T17:00,38.8595
2025-07-20T18:00,37.5301
2025-07-20T19:00,36.5521
2025-07-20T20:00,35.7872
2025-07-20T21:00,35.0253
2025-07-20T22:00,34.6343
2025-07-20T23:00,34.3908
2025-07-21T00:00,34.1147
2025-07-21T01:00,33.8759
2025-07-21T02:00,33.6175
2025-07-21T03:00,33.2521
2025-07-21T04:00,32.8532
2025-07-21T05:00,32.6227
2025-07-21T06:00,34.5386
2025-07-21T07:00,35.080400000000004
2025-07-21T08:00,35.751
2025-07-21T09:00,36.322799999999994
2025-07-21T10:00,36.8312
2025-07-21T11:00,37.884299999999996
2025-07-21T12:00,38.1576
2025-07-21T13:00,38.5851
2025-07-21T14:00,37.669700000000006
2025-07-21T15:00,37.8783
2025-07-21T16:00,37.6208
2025-07-21T17:00,37.2352
2025-07-21T18:00,36.6423
2025-07-21T19:00,36.1225
2025-07-21T20:00,35.8081
2025-07-21T21:00,35.1866
2025-07-21T22:00,34.6939
2025-07-21T23:00,34.4378
2025-07-22T00:00,34.090300000000006
2025-07-22T01:00,33.6231
2025-07-22T02:00,33.4477
2025-07-22T03:00,33.1699
2025-07-22T04:00,32.948
2025-07-22T05:00,32.6927
2025-07-22T06:00,35.2037
2025-07-22T07:00,35.8834
2025-07-22T08:00,36.77460000000001
2025-07-22T09:00,37.7677
2025-07-22T10:00,38.9485
2025-07-22T11:00,40.2993
2025-07-22T12:00,41.5056
2025-07-22T13:00,41.613800000000005
2025-07-22T14:00,40.992999999999995
2025-07-22T15:00,40.14660000000001
2025-07-22T16:00,39.5608
2025-07-22T17:00,39.2798
2025-07-22T18:00,38.3144
2025-07-22T19:00,37.7692
2025-07-22T20:00,36.6415
2025-07-22T21:00,35.952400000000004
2025-07-22T22:00,35.6289
2025-07-22T23:00,35.38
2025-07-23T00:00,34.8896
2025-07-23T01:00,34.7948
2025-07-23T02:00,34.1006
2025-07-23T03:00,33.5426
2025-07-23T04:00,33.5738
2025-07-23T05:00,33.4178
2025-07-23T06:00,35.034
2025-07-23T07:00,36.11580000000001
2025-07-23T08:00,36.7424
2025-07-23T09:00,36.74870000000001
2025-07-23T10:00,37.89169999999999
2025-07-23T11:00,39.4022
2025-07-23T12:00,40.6191
2025-07-23T13:00,40.765699999999995
2025-07-23T14:00,40.5021
2025-07-23T15:00,39.0642
2025-07-23T16:00,38.6154
2025-07-23T17:00,38.7046
2025-07-23T18:00,38.0931
2025-07-23T19:00,37.0188
2025-07-23T20:00,36.3218
2025-07-23T21:00,36.0176
2025-07-23T22:00,35.843
2025-07-23T23:00,35.543600000000005
2025-07-24T00:00,34.9781
2025-07-24T01:00,34.824600000000004
2025-07-24T02:00,34.7811
2025-07-24T03:00,34.5437
2025-07-24T04:00,33.1999
2025-07-24T05:00,32.0931
2025-07-24T06:00,34.0319
2025-07-24T07:00,35.296
2025-07-24T08:00,36.474000000000004
2025-07-24T09:00,38.072500000000005
2025-07-24T10:00,39.3968
2025-07-24T11:00,40.3574
2025-07-24T12:00,40.8887
2025-07-24T13:00,41.1235
2025-07-24T14:00,41.2602
2025-07-24T15:00,40.579699999999995
2025-07-24T16:00,39.70850000000001
2025-07-24T17:00,39.4022
2025-07-24T18:00,39.1624
2025-07-24T19:00,37.86789999999999
2025-07-24T20:00,37.386100000000006
2025-07-24T21:00,36.6336
2025-07-24T22:00,35.928399999999996
2025-07-24T23:00,35.448
2025-07-25T00:00,34.819300000000005
2025-07-25T01:00,34.2622
2025-07-25T02:00,33.5017
2025-07-25T03:00,33.3241
2025-07-25T04:00,33.144800000000004
2025-07-25T05:00,32.881
2025-07-25T06:00,35.1569
2025-07-25T07:00,36.462
2025-07-25T08:00,37.9097
2025-07-25T09:00,39.1639
2025-07-25T10:00,40.4047
2025-07-25T11:00,41.0115
2025-07-25T12:00,41.703900000000004
2025-07-25T13:00,41.5165
2025-07-25T14:00,40.2499
2025-07-25T15:00,39.4906
2025-07-25T16:00,39.463800000000006
2025-07-25T17:00,38.8198
2025-07-25T18:00,38.243399999999994
2025-07-25T19:00,38.0516
2025-07-25T20:00,37.784800000000004
2025-07-25T21:00,37.075100000000006
2025-07-25T22:00,36.9213
2025-07-25T23:00,36.0046
2025-07-26T00:00,34.7878
2025-07-26T01:00,34.1635
2025-07-26T02:00,34.0265
2025-07-26T03:00,33.6837
2025-07-26T04:00,33.6227
2025-07-26T05:00,33.558099999999996
2025-07-26T06:00,34.236399999999996
2025-07-26T07:00,34.9239
2025-07-26T08:00,36.0281
2025-07-26T09:00,36.563300000000005
2025-07-26T10:00,36.989
2025-07-26T11:00,37.9395
2025-07-26T12:00,39.833
2025-07-26T13:00,39.9148
2025-07-26T14:00,40.573100000000004
2025-07-26T15:00,39.9289
2025-07-26T16:00,39.1655
2025-07-26T17:00,38.7894
2025-07-26T18:00,37.4767
2025-07-26T19:00,36.6331
2025-07-26T20:00,36.2233
2025-07-26T21:00,35.77720000000001
2025-07-26T22:00,35.485400000000006
2025-07-26T23:00,35.4815
2025-07-27T00:00,34.924200000000006
2025-07-27T01:00,34.3843
2025-07-27T02:00,34.0253
2025-07-27T03:00,33.884100000000004
2025-07-27T04:00,33.5645
2025-07-27T05:00,33.431
2025-07-27T06:00,34.333
2025-07-27T07:00,35.121500000000005
2025-07-27T08:00,35.7742
2025-07-27T09:00,36.2104
2025-07-27T10:00,37.7266
2025-07-27T11:00,39.3397
2025-07-27T12:00,40.2426
2025-07-27T13:00,40.706700000000005
2025-07-27T14:00,40.1903
2025-07-27T15:00,39.958600000000004
2025-07-27T16:00,39.5358
2025-07-27T17:00,38.71800000000001
2025-07-27T18:00,37.93770000000001
2025-07-27T19:00,37.0901
2025-07-27T20:00,36.4962
2025-07-27T21:00,36.2588
2025-07-27T22:00,35.7514
2025-07-27T23:00,35.365
2025-07-28T00:00,35.0266
2025-07-28T01:00,34.8318
2025-07-28T02:00,34.5137
2025-07-28T03:00,34.335300000000004
2025-07-28T04:00,34.0141
2025-07-28T05:00,33.8682
2025-07-28T06:00,35.1889
2025-07-28T07:00,36.1248
2025-07-28T08:00,36.765
2025-07-28T09:00,37.4483
2025-07-28T10:00,38.511
2025-07-28T11:00,39.111200000000004
2025-07-28T12:00,39.3457
2025-07-28T13:00,39.870400000000004
2025-07-28T14:00,39.9961
2025-07-28T15:00,39.1997
2025-07-28T16:00,38.7164
2025-07-28T17:00,38.325399999999995
2025-07-28T18:00,37.1349
2025-07-28T19:00,36.486000000000004
2025-07-28T20:00,35.705400000000004
2025-07-28T21:00,35.27739999999999
2025-07-28T22:00,34.912
2025-07-28T23:00,34.5203
2025-07-29T00:00,34.4456
2025-07-29T01:00,34.081599999999995
2025-07-29T02:00,33.775200000000005
2025-07-29T03:00,33.5183
2025-07-29T04:00,32.8483
2025-07-29T05:00,32.9063
2025-07-29T06:00,33.4506
2025-07-29T07:00,33.615
2025-07-29T08:00,34.5789
2025-07-29T09:00,35.8448
2025-07-29T10:00,36.88
2025-07-29T11:00,37.0708
2025-07-29T12:00,37.253
2025-07-29T13:00,38.398500000000006
2025-07-29T14:00,37.7603
2025-07-29T15:00,36.2809
2025-07-29T16:00,36.4889
2025-07-29T17:00,36.6729
2025-07-29T18:00,35.267500000000005
2025-07-29T19:00,34.680099999999996
2025-07-29T20:00,34.1696
2025-07-29T21:00,33.891000000000005
2025-07-29T22:00,33.8173
2025-07-29T23:00,33.5185
2025-07-30T00:00,33.2058
2025-07-30T01:00,32.8714
2025-07-30T02:00,32.618500000000004
2025-07-30T03:00,32.2096
2025-07-30T04:00,31.9551
2025-07-30T05:00,31.881300000000003
2025-07-30T06:00,32.3327
2025-07-30T07:00,32.86900000000001
2025-07-30T08:00,33.7964
2025-07-30T09:00,35.140100000000004
2025-07-30T10:00,36.103
2025-07-30T11:00,37.09649999999999
2025-07-30T12:00,37.489700000000006
2025-07-30T13:00,36.5432
2025-07-30T14:00,35.9574
2025-07-30T15:00,36.7332
2025-07-30T16:00,36.9634
2025-07-30T17:00,35.165
2025-07-30T18:00,34.1655
2025-07-30T19:00,33.951299999999996
2025-07-30T20:00,33.53979999999999
2025-07-30T21:00,33.121500000000005
2025-07-30T22:00,32.801
2025-07-30T23:00,32.4324
2025-07-31T00:00,32.4447
2025-07-31T01:00,32.0935
2025-07-31T02:00,31.9739
2025-07-31T03:00,31.7296
2025-07-31T04:00,31.4983
2025-07-31T05:00,31.4176
2025-07-31T06:00,32.181400000000004
2025-07-31T07:00,32.578100000000006
2025-07-31T08:00,33.095200000000006
2025-07-31T09:00,34.219
2025-07-31T10:00,35.96690000000001
2025-07-31T11:00,36.090199999999996
2025-07-31T12:00,37.1145
2025-07-31T13:00,37.5842
2025-07-31T14:00,37.4564
2025-07-31T15:00,37.3716
2025-07-31T16:00,37.7523
2025-07-31T17:00,35.727900000000005
2025-07-31T18:00,34.9548
2025-07-31T19:00,34.6171
2025-07-31T20:00,34.2742
2025-07-31T21:00,33.8326
2025-07-31T22:00,33.3284
2025-07-31T23:00,33.04130000000001
2025-08-01T00:00,32.63680000000001
2025-08-01T01:00,32.1685
2025-08-01T02:00,31.917900000000003
2025-08-01T03:00,31.7146
2025-08-01T04:00,31.5214
2025-08-01T05:00,31.5268
2025-08-01T06:00,32.6702
2025-08-01T07:00,33.314
2025-08-01T08:00,34.6975
2025-08-01T09:00,35.734300000000005
2025-08-01T10:00,37.003099999999996
2025-08-01T11:00,38.602700000000006
2025-08-01T12:00,39.3691
2025-08-01T13:00,39.7797
2025-08-01T14:00,38.5735
2025-08-01T15:00,37.6741
2025-08-01T16:00,35.7213
2025-08-01T17:00,36.024
2025-08-01T18:00,35.6601
2025-08-01T19:00,35.512
2025-08-01T20:00,35.369200000000006
2025-08-01T21:00,35.0246
2025-08-01T22:00,34.497
2025-08-01T23:00,33.864700000000006
2025-08-02T00:00,33.3061
2025-08-02T01:00,32.579100000000004
2025-08-02T02:00,32.1824
2025-08-02T03:00,32.0667
2025-08-02T04:00,32.0551
2025-08-02T05:00,31.8775
2025-08-02T06:00,33.6468
2025-08-02T07:00,34.3202
2025-08-02T08:00,35.1831
2025-08-02T09:00,35.5206
2025-08-02T10:00,36.2705
2025-08-02T11:00,37.418200000000006
2025-08-02T12:00,38.8294
2025-08-02T13:00,38.5886
2025-08-02T14:00,37.610400000000006
2025-08-02T15:00,37.4686
2025-08-02T16:00,37.506899999999995
2025-08-02T17:00,37.3362
2025-08-02T18:00,36.7993
2025-08-02T19:00,35.9025
2025-08-02T20:00,34.8642
2025-08-02T21:00,34.3179
2025-08-02T22:00,34.074000000000005
2025-08-02T23:00,33.8551
2025-08-03T00:00,33.5501
2025-08-03T01:00,33.119600000000005
2025-08-03T02:00,32.9754
2025-08-03T03:00,32.842
2025-08-03T04:00,32.651
2025-08-03T05:00,32.6471
2025-08-03T06:00,33.2552
2025-08-03T07:00,34.076
2025-08-03T08:00,34.772400000000005
2025-08-03T09:00,34.8997
2025-08-03T10:00,35.491600000000005
2025-08-03T11:00,36.5171
2025-08-03T12:00,36.966
2025-08-03T13:00,37.184900000000006
2025-08-03T14:00,37.565000000000005
2025-08-03T15:00,37.180299999999995
2025-08-03T16:00,36.5734
2025-08-03T17:00,36.2214
2025-08-03T18:00,35.6634
2025-08-03T19:00,35.141200000000005
2025-08-03T20:00,34.7385
2025-08-03T21:00,33.829100000000004
2025-08-03T22:00,33.5832
2025-08-03T23:00,33.1594
2025-08-04T00:00,32.6375
2025-08-04T01:00,32.0409
2025-08-04T02:00,31.362000000000002
2025-08-04T03:00,31.323800000000002
2025-08-04T04:00,31.125900000000005
2025-08-04T05:00,31.383499999999998
2025-08-04T06:00,31.935399999999998
2025-08-04T07:00,31.941700000000004
2025-08-04T08:00,32.350899999999996
2025-08-04T09:00,33.0017
2025-08-04T10:00,33.922999999999995
2025-08-04T11:00,33.8072
2025-08-04T12:00,34.016
2025-08-04T13:00,34.221500000000006
2025-08-04T14:00,34.8445
2025-08-04T15:00,35.3348
2025-08-04T16:00,36.0408
2025-08-04T17:00,35.92209999999999
2025-08-04T18:00,33.6448
2025-08-04T19:00,33.242200000000004
2025-08-04T20:00,33.0738
2025-08-04T21:00,32.9148
2025-08-04T22:00,32.738
2025-08-04T23:00,32.5659
2025-08-05T00:00,32.1639
2025-08-05T01:00,31.8069
2025-08-05T02:00,31.521300000000004
2025-08-05T03:00,31.4283
2025-08-05T04:00,31.2832
2025-08-05T05:00,30.8424
2025-08-05T06:00,32.069500000000005
2025-08-05T07:00,32.82
2025-08-05T08:00,33.9428
2025-08-05T09:00,34.73180000000001
2025-08-05T10:00,35.0542
2025-08-05T11:00,35.185300000000005
2025-08-05T12:00,34.8406
2025-08-05T13:00,34.345400000000005
2025-08-05T14:00,35.576
2025-08-05T15:00,35.0064
2025-08-05T16:00,34.88120000000001
2025-08-05T17:00,34.6957
2025-08-05T18:00,34.0786
2025-08-05T19:00,33.6994
2025-08-05T20:00,33.3232
2025-08-05T21:00,33.106
2025-08-05T22:00,32.822
2025-08-05T23:00,32.517
2025-08-06T00:00,32.31120000000001
2025-08-06T01:00,31.996800000000004
2025-08-06T02:00,31.8626
2025-08-06T03:00,31.8417
2025-08-06T04:00,31.778100000000002
2025-08-06T05:00,31.872899999999998
2025-08-06T06:00,32.359
2025-08-06T07:00,32.845600000000005
2025-08-06T08:00,33.9404
2025-08-06T09:00,34.8537
2025-08-06T10:00,36.0339
2025-08-06T11:00,37.079
2025-08-06T12:00,37.7349
2025-08-06T13:00,36.487100000000005
2025-08-06T14:00,36.9829
2025-08-06T15:00,37.403000000000006
2025-08-06T16:00,37.2842
2025-08-06T17:00,36.3648
2025-08-06T18:00,35.03150000000001
2025-08-06T19:00,34.55650000000001
2025-08-06T20:00,34.174
2025-08-06T21:00,34.0451
2025-08-06T22:00,33.9264
2025-08-06T23:00,33.4921
2025-08-07T00:00,33.1391
2025-08-07T01:00,32.7978
2025-08-07T02:00,32.5705
2025-08-07T03:00,32.3285
2025-08-07T04:00,31.8593
2025-08-07T05:00,31.317800000000005
2025-08-07T06:00,32.415000000000006
2025-08-07T07:00,33.6194
2025-08-07T08:00,35.1285
2025-08-07T09:00,36.397800000000004
2025-08-07T10:00,38.3377
2025-08-07T11:00,39.2107
2025-08-07T12:00,39.8049
2025-08-07T13:00,39.690799999999996
2025-08-07T14:00,38.435100000000006
2025-08-07T15:00,38.1107
2025-08-07T16:00,38.12969999999999
2025-08-07T17:00,38.1599
2025-08-07T18:00,36.662000000000006
2025-08-07T19:00,35.522600000000004
2025-08-07T20:00,34.9973
2025-08-07T21:00,34.6102
2025-08-07T22:00,34.4496
2025-08-07T23:00,33.4316
2025-08-08T00:00,33.121500000000005
2025-08-08T01:00,32.6219
2025-08-08T02:00,32.276500000000006
2025-08-08T03:00,32.1603
2025-08-08T04:00,31.344700000000003
2025-08-08T05:00,31.0771
2025-08-08T06:00,32.3752
2025-08-08T07:00,32.935300000000005
2025-08-08T08:00,34.0113
2025-08-08T09:00,35.0853
2025-08-08T10:00,36.5005
2025-08-08T11:00,37.054
2025-08-08T12:00,36.9582
2025-08-08T13:00,37.482699999999994
2025-08-08T14:00,37.2522
2025-08-08T15:00,36.5506
2025-08-08T16:00,37.0621
2025-08-08T17:00,37.712300000000006
2025-08-08T18:00,36.0677
2025-08-08T19:00,34.850300000000004
2025-08-08T20:00,34.336600000000004
2025-08-08T21:00,34.0531
2025-08-08T22:00,33.2814
2025-08-08T23:00,32.8959
2025-08-09T00:00,32.8664
2025-08-09T01:00,32.712
2025-08-09T02:00,32.7338
2025-08-09T03:00,32.7694
2025-08-09T04:00,32.3512
2025-08-09T05:00,32.21710000000001
2025-08-09T06:00,33.1587
2025-08-09T07:00,33.696999999999996
2025-08-09T08:00,34.1235
2025-08-09T09:00,34.6987
2025-08-09T10:00,34.5327
2025-08-09T11:00,35.245000000000005
2025-08-09T12:00,35.896100000000004
2025-08-09T13:00,36.323299999999996
2025-08-09T14:00,36.43729999999999
2025-08-09T15:00,35.966
2025-08-09T16:00,36.368100000000005
2025-08-09T17:00,36.360299999999995
2025-08-09T18:00,34.5893
2025-08-09T19:00,34.0058
2025-08-09T20:00,33.4866
2025-08-09T21:00,33.163
2025-08-09T22:00,32.9898
2025-08-09T23:00,32.8048
2025-08-10T00:00,32.4968
2025-08-10T01:00,32.391999999999996
2025-08-10T02:00,32.1918
2025-08-10T03:00,31.9829
2025-08-10T04:00,31.733999999999998
2025-08-10T05:00,31.7464
2025-08-10T06:00,32.9015
2025-08-10T07:00,34.0208
2025-08-10T08:00,34.893499999999996
2025-08-10T09:00,36.01049999999999
2025-08-10T10:00,37.3593
2025-08-10T11:00,38.9211
2025-08-10T12:00,39.426100000000005
2025-08-10T13:00,40.192099999999996
2025-08-10T14:00,38.748599999999996
2025-08-10T15:00,38.170500000000004
2025-08-10T16:00,37.8264
2025-08-10T17:00,37.498
2025-08-10T18:00,37.5771
2025-08-10T19:00,37.0312
2025-08-10T20:00,36.545500000000004
2025-08-10T21:00,35.6756
2025-08-10T22:00,35.162
2025-08-10T23:00,34.6855
2025-08-11T00:00,34.2518
2025-08-11T01:00,33.5659
2025-08-11T02:00,33.29130000000001
2025-08-11T03:00,33.03
2025-08-11T04:00,32.748400000000004
2025-08-11T05:00,32.5815
2025-08-11T06:00,33.8566
2025-08-11T07:00,34.6024
2025-08-11T08:00,35.514
2025-08-11T09:00,36.5344
2025-08-11T10:00,37.1995
2025-08-11T11:00,37.9656
2025-08-11T12:00,39.0698
2025-08-11T13:00,39.8305
2025-08-11T14:00,38.952400000000004
2025-08-11T15:00,37.6529
2025-08-11T16:00,37.2199
2025-08-11T17:00,36.9522
2025-08-11T18:00,37.0262
2025-08-11T19:00,35.797
2025-08-11T20:00,35.3832
2025-08-11T21:00,34.440599999999996
2025-08-11T22:00,34.1627
2025-08-11T23:00,34.0307
2025-08-12T00:00,33.7663
2025-08-12T01:00,33.47710000000001
2025-08-12T02:00,33.2045
2025-08-12T03:00,33.0075
2025-08-12T04:00,32.7821
2025-08-12T05:00,32.7657
2025-08-12T06:00,33.4507
2025-08-12T07:00,33.9206
2025-08-12T08:00,34.062400000000004
2025-08-12T09:00,34.8036
2025-08-12T10:00,35.7571
2025-08-12T11:00,36.57359999999999
2025-08-12T12:00,39.1768
2025-08-12T13:00,40.157900000000005
2025-08-12T14:00,40.2727
2025-08-12T15:00,39.5316
2025-08-12T16:00,38.394600000000004
2025-08-12T17:00,38.435199999999995
2025-08-12T18:00,37.886399999999995
2025-08-12T19:00,37.110299999999995
2025-08-12T20:00,36.6192
2025-08-12T21:00,36.156800000000004
2025-08-12T22:00,35.8417
2025-08-12T23:00,35.471799999999995
2025-08-13T00:00,34.6678
2025-08-13T01:00,34.392300000000006
2025-08-13T02:00,34.1627
2025-08-13T03:00,33.788
2025-08-13T04:00,33.3976
2025-08-13T05:00,33.1246
2025-08-13T06:00,35.051500000000004
2025-08-13T07:00,35.818799999999996
2025-08-13T08:00,36.0608
2025-08-13T09:00,36.4224
2025-08-13T10:00,37.4886
2025-08-13T11:00,38.854
2025-08-13T12:00,38.6828
2025-08-13T13:00,37.8537
2025-08-13T14:00,38.315599999999996
2025-08-13T15:00,38.113
2025-08-13T16:00,38.0633
2025-08-13T17:00,38.0299
2025-08-13T18:00,37.209500000000006
2025-08-13T19:00,36.6289
2025-08-13T20:00,35.899499999999996
2025-08-13T21:00,35.5501
2025-08-13T22:00,35.203900000000004
2025-08-13T23:00,34.2288
2025-08-14T00:00,33.590900000000005
2025-08-14T01:00,33.335
2025-08-14T02:00,33.083600000000004
2025-08-14T03:00,32.565400000000004
2025-08-14T04:00,32.321799999999996
2025-08-14T05:00,32.2295
2025-08-14T06:00,33.0018
2025-08-14T07:00,33.0547
2025-08-14T08:00,33.545700000000004
2025-08-14T09:00,34.3258
2025-08-14T10:00,35.05060000000001
2025-08-14T11:00,36.21790000000001
2025-08-14T12:00,36.862500000000004
2025-08-14T13:00,35.9431
2025-08-14T14:00,35.933400000000006
2025-08-14T15:00,35.9658
2025-08-14T16:00,35.5805
2025-08-14T17:00,35.350300000000004
2025-08-14T18:00,35.404900000000005
2025-08-14T19:00,34.5321
2025-08-14T20:00,34.1015
2025-08-14T21:00,33.950900000000004
2025-08-14T22:00,33.587
2025-08-14T23:00,33.2999
2025-08-15T00:00,32.9204
2025-08-15T01:00,32.6201
2025-08-15T02:00,32.223600000000005
2025-08-15T03:00,31.785200000000003
2025-08-15T04:00,31.567200000000003
2025-08-15T05:00,31.437600000000003
2025-08-15T06:00,32.9186
2025-08-15T07:00,34.175700000000006
2025-08-15T08:00,35.4551
2025-08-15T09:00,36.39
2025-08-15T10:00,37.9047
2025-08-15T11:00,39.28040000000001
2025-08-15T12:00,40.0112
2025-08-15T13:00,40.135
2025-08-15T14:00,38.1235
2025-08-15T15:00,38.0142
2025-08-15T16:00,37.9247
2025-08-15T17:00,37.900800000000004
2025-08-15T18:00,37.147999999999996
2025-08-15T19:00,35.9614
2025-08-15T20:00,35.407199999999996
2025-08-15T21:00,34.8982
2025-08-15T22:00,34.4132
2025-08-15T23:00,34.105199999999996
2025-08-16T00:00,33.8755
2025-08-16T01:00,33.6326
2025-08-16T02:00,33.370400000000004
2025-08-16T03:00,33.1865
2025-08-16T04:00,33.0413
2025-08-16T05:00,32.76970000000001
2025-08-16T06:00,34.649300000000004
2025-08-16T07:00,35.9073
2025-08-16T08:00,36.946400000000004
2025-08-16T09:00,36.872
2025-08-16T10:00,36.875600000000006
2025-08-16T11:00,37.552400000000006
2025-08-16T12:00,38.4416
2025-08-16T13:00,39.369400000000006
2025-08-16T14:00,39.4484
2025-08-16T15:00,38.90410000000001
2025-08-16T16:00,38.287800000000004
2025-08-16T17:00,38.0177
2025-08-16T18:00,36.6707
2025-08-16T19:00,35.8507
2025-08-16T20:00,35.585100000000004
2025-08-16T21:00,35.265299999999996
2025-08-16T22:00,34.8881
2025-08-16T23:00,34.5195
2025-08-17T00:00,34.2139
2025-08-17T01:00,34.012100000000004
2025-08-17T02:00,33.891000000000005
2025-08-17T03:00,33.731899999999996
2025-08-17T04:00,33.5852
2025-08-17T05:00,33.6286
2025-08-17T06:00,34.542
2025-08-17T07:00,35.29730000000001
2025-08-17T08:00,36.195499999999996
2025-08-17T09:00,37.65410000000001
2025-08-17T10:00,39.1196
2025-08-17T11:00,38.2986
2025-08-17T12:00,36.229600000000005
2025-08-17T13:00,37.557
2025-08-17T14:00,38.920500000000004
2025-08-17T15:00,39.0312
2025-08-17T16:00,37.704
2025-08-17T17:00,36.7488
2025-08-17T18:00,36.459500000000006
2025-08-17T19:00,35.6484
2025-08-17T20:00,35.248599999999996
2025-08-17T21:00,34.98160000000001
2025-08-17T22:00,34.6333
2025-08-17T23:00,34.352500000000006
2025-08-18T00:00,34.0003
2025-08-18T01:00,33.753600000000006
2025-08-18T02:00,33.4284
2025-08-18T03:00,33.1312
2025-08-18T04:00,33.025600000000004
2025-08-18T05:00,32.7478
2025-08-18T06:00,33.7217
2025-08-18T07:00,34.6481
2025-08-18T08:00,34.0908
2025-08-18T09:00,35.0081
2025-08-18T10:00,36.7909
2025-08-18T11:00,37.931400000000004
2025-08-18T12:00,38.4839
2025-08-18T13:00,38.0276
2025-08-18T14:00,37.479800000000004
2025-08-18T15:00,37.4349
2025-08-18T16:00,37.2076
2025-08-18T17:00,37.040000000000006
2025-08-18T18:00,36.435100000000006
2025-08-18T19:00,35.4772
2025-08-18T20:00,34.9062
2025-08-18T21:00,34.7548
2025-08-18T22:00,34.37520000000001
2025-08-18T23:00,33.8366
2025-08-19T00:00,33.3307
2025-08-19T01:00,33.0274
2025-08-19T02:00,32.8707
2025-08-19T03:00,32.8101
2025-08-19T04:00,32.666500000000006
2025-08-19T05:00,32.3274
2025-08-19T06:00,33.663500000000006
2025-08-19T07:00,35.0579
2025-08-19T08:00,35.774
2025-08-19T09:00,36.77420000000001
2025-08-19T10:00,38.1949
2025-08-19T11:00,38.192400000000006
2025-08-19T12:00,39.0385
2025-08-19T13:00,37.9096
2025-08-19T14:00,38.5215
2025-08-19T15:00,37.6257
2025-08-19T16:00,37.480000000000004
2025-08-19T17:00,36.978
2025-08-19T18:00,36.0274
2025-08-19T19:00,35.445299999999996
2025-08-19T20:00,35.0595
2025-08-19T21:00,34.69480000000001
2025-08-19T22:00,34.3106
2025-08-19T23:00,33.7714
2025-08-20T00:00,33.2842
2025-08-20T01:00,32.8815
2025-08-20T02:00,32.5781
2025-08-20T03:00,32.2413
2025-08-20T04:00,31.8431
2025-08-20T05:00,31.739099999999997
2025-08-20T06:00,32.8518
2025-08-20T07:00,32.4196
2025-08-20T08:00,33.403
2025-08-20T09:00,34.4678
2025-08-20T10:00,35.829
2025-08-20T11:00,36.503600000000006
2025-08-20T12:00,37.327999999999996
2025-08-20T13:00,37.599500000000006
2025-08-20T14:00,37.60640000000001
2025-08-20T15:00,36.5741
2025-08-20T16:00,36.4998
2025-08-20T17:00,36.0048
2025-08-20T18:00,35.9985
2025-08-20T19:00,35.120999999999995
2025-08-20T20:00,34.6073
2025-08-20T21:00,34.4636
2025-08-20T22:00,34.2253
2025-08-20T23:00,33.9375
2025-08-21T00:00,33.8227
2025-08-21T01:00,33.431599999999996
2025-08-21T02:00,33.042100000000005
2025-08-21T03:00,32.5558
2025-08-21T04:00,31.941400000000005
2025-08-21T05:00,31.188499999999998
2025-08-21T06:00,32.1146
2025-08-21T07:00,33.2498
2025-08-21T08:00,34.3307
2025-08-21T09:00,35.3517
2025-08-21T10:00,36.3784
2025-08-21T11:00,37.9406
2025-08-21T12:00,38.9103
2025-08-21T13:00,39.1699
2025-08-21T14:00,38.907399999999996
2025-08-21T15:00,38.429500000000004
2025-08-21T16:00,37.4112
2025-08-21T17:00,37.0656
2025-08-21T18:00,37.1926
2025-08-21T19:00,36.5864
2025-08-21T20:00,36.1891
2025-08-21T21:00,35.8755
2025-08-21T22:00,35.3065
2025-08-21T23:00,34.8571
2025-08-22T00:00,34.047799999999995
2025-08-22T01:00,33.4094
2025-08-22T02:00,32.407799999999995
2025-08-22T03:00,31.9464
2025-08-22T04:00,31.5823
2025-08-22T05:00,31.437099999999997
2025-08-22T06:00,33.874500000000005
2025-08-22T07:00,34.6513
2025-08-22T08:00,35.5538
2025-08-22T09:00,36.32339999999999
2025-08-22T10:00,37.4572
2025-08-22T11:00,39.363099999999996
2025-08-22T12:00,39.71510000000001
2025-08-22T13:00,39.5432
2025-08-22T14:00,39.2163
2025-08-22T15:00,38.3587
2025-08-22T16:00,37.8774
2025-08-22T17:00,37.1845
2025-08-22T18:00,35.9501
2025-08-22T19:00,35.226800000000004
2025-08-22T20:00,34.6773
2025-08-22T21:00,34.3018
2025-08-22T22:00,33.5902
2025-08-22T23:00,33.233900000000006
2025-08-23T00:00,32.5326
2025-08-23T01:00,32.542699999999996
2025-08-23T02:00,32.2843
2025-08-23T03:00,31.902800000000003
2025-08-23T04:00,31.6152
2025-08-23T05:00,31.507200000000005
2025-08-23T06:00,32.3359
2025-08-23T07:00,33.376599999999996
2025-08-23T08:00,34.4007
2025-08-23T09:00,35.2746
2025-08-23T10:00,36.6921
2025-08-23T11:00,37.3958
2025-08-23T12:00,38.2669
2025-08-23T13:00,35.956100000000006
2025-08-23T14:00,36.1662
2025-08-23T15:00,34.6347
2025-08-23T16:00,35.4093
2025-08-23T17:00,35.4533
2025-08-23T18:00,34.3045
2025-08-23T19:00,33.40110000000001
2025-08-23T20:00,33.2212
2025-08-23T21:00,32.6349
2025-08-23T22:00,32.2795
2025-08-23T23:00,31.979799999999997
2025-08-24T00:00,31.975900000000003
2025-08-24T01:00,31.6359
2025-08-24T02:00,31.1494
2025-08-24T03:00,31.248699999999996
2025-08-24T04:00,30.9253
2025-08-24T05:00,30.8429
2025-08-24T06:00,31.752300000000005
2025-08-24T07:00,32.5851
2025-08-24T08:00,33.4675
2025-08-24T09:00,34.0873
2025-08-24T10:00,35.63680000000001
2025-08-24T11:00,36.6319
2025-08-24T12:00,37.0165
2025-08-24T13:00,37.5511
2025-08-24T14:00,35.5656
2025-08-24T15:00,35.4105
2025-08-24T16:00,35.131
2025-08-24T17:00,32.338100000000004
2025-08-24T18:00,33.734500000000004
2025-08-24T19:00,32.887
2025-08-24T20:00,32.6539
2025-08-24T21:00,32.446000000000005
2025-08-24T22:00,31.7035
2025-08-24T23:00,30.525000000000002
2025-08-25T00:00,30.3484
2025-08-25T01:00,30.256700000000002
2025-08-25T02:00,29.935200000000002
2025-08-25T03:00,29.6693
2025-08-25T04:00,29.4482
2025-08-25T05:00,29.0354
2025-08-25T06:00,30.5433
2025-08-25T07:00,31.203699999999998
2025-08-25T08:00,31.2776
2025-08-25T09:00,32.5502
2025-08-25T10:00,33.540400000000005
2025-08-25T11:00,34.465500000000006
2025-08-25T12:00,35.51540000000001
2025-08-25T13:00,34.2979
2025-08-25T14:00,33.7293
2025-08-25T15:00,34.21150000000001
2025-08-25T16:00,33.94590000000001
2025-08-25T17:00,33.9205
2025-08-25T18:00,33.418
2025-08-25T19:00,32.7359
2025-08-25T20:00,32.230000000000004
2025-08-25T21:00,31.9398
2025-08-25T22:00,31.566100000000002
2025-08-25T23:00,31.4752
2025-08-26T00:00,31.363400000000002
2025-08-26T01:00,30.803200000000004
2025-08-26T02:00,30.5286
2025-08-26T03:00,30.3883
2025-08-26T04:00,30.4566
2025-08-26T05:00,30.4145
2025-08-26T06:00,31.2606
2025-08-26T07:00,31.4315
2025-08-26T08:00,32.3628
2025-08-26T09:00,34.0921
2025-08-26T10:00,35.55329999999999
2025-08-26T11:00,36.5389
2025-08-26T12:00,36.373
2025-08-26T13:00,36.9221
2025-08-26T14:00,36.1062
2025-08-26T15:00,36.4981
2025-08-26T16:00,36.5569
2025-08-26T17:00,36.556400000000004
2025-08-26T18:00,35.3053
2025-08-26T19:00,34.6089
2025-08-26T20:00,33.987500000000004
2025-08-26T21:00,33.7568
2025-08-26T22:00,33.326
2025-08-26T23:00,32.9387
2025-08-27T00:00,32.6206
2025-08-27T01:00,32.3731
2025-08-27T02:00,32.3823
2025-08-27T03:00,32.127900000000004
2025-08-27T04:00,32.210800000000006
2025-08-27T05:00,31.847700000000003
2025-08-27T06:00,33.1373
2025-08-27T07:00,34.3587
2025-08-27T08:00,35.109700000000004
2025-08-27T09:00,35.5243
2025-08-27T10:00,37.5536
2025-08-27T11:00,39.1791
2025-08-27T12:00,40.1149
2025-08-27T13:00,40.3917
2025-08-27T14:00,40.3302
2025-08-27T15:00,39.4913
2025-08-27T16:00,38.752700000000004
2025-08-27T17:00,38.0565
2025-08-27T18:00,37.0046
2025-08-27T19:00,36.2937
2025-08-27T20:00,36.0405
2025-08-27T21:00,35.6192
2025-08-27T22:00,34.323600000000006
2025-08-27T23:00,33.968300000000006
2025-08-28T00:00,33.54750000000001
2025-08-28T01:00,33.0976
2025-08-28T02:00,32.560700000000004
2025-08-28T03:00,32.402300000000004
2025-08-28T04:00,32.3168
2025-08-28T05:00,32.008700000000005
2025-08-28T06:00,33.4444
2025-08-28T07:00,34.4803
2025-08-28T08:00,35.3982
2025-08-28T09:00,36.1476
2025-08-28T10:00,37.9881
2025-08-28T11:00,39.222
2025-08-28T12:00,39.9885
2025-08-28T13:00,39.926300000000005
2025-08-28T14:00,39.5773
2025-08-28T15:00,38.8934
2025-08-28T16:00,38.424299999999995
2025-08-28T17:00,37.6153
2025-08-28T18:00,36.1571
2025-08-28T19:00,35.481100000000005
2025-08-28T20:00,35.0364
2025-08-28T21:00,34.5341
2025-08-28T22:00,34.0822
2025-08-28T23:00,32.770700000000005
2025-08-29T00:00,32.824600000000004
2025-08-29T01:00,32.6725
2025-08-29T02:00,32.2217
2025-08-29T03:00,32.55200000000001
2025-08-29T04:00,32.1822
2025-08-29T05:00,31.895699999999998
2025-08-29T06:00,33.6675
2025-08-29T07:00,33.5326
2025-08-29T08:00,34.2012
2025-08-29T09:00,35.28190000000001
2025-08-29T10:00,36.4826
2025-08-29T11:00,37.6318
2025-08-29T12:00,38.5123
2025-08-29T13:00,37.1696
2025-08-29T14:00,36.0054
2025-08-29T15:00,35.8466
2025-08-29T16:00,35.7365
2025-08-29T17:00,35.5534
2025-08-29T18:00,34.8231
2025-08-29T19:00,34.2364
2025-08-29T20:00,33.7872
2025-08-29T21:00,33.3714
2025-08-29T22:00,33.097500000000004
2025-08-29T23:00,32.7001
2025-08-30T00:00,32.4037
2025-08-30T01:00,32.1826
2025-08-30T02:00,32.098
2025-08-30T03:00,31.9328
2025-08-30T04:00,31.858200000000004
2025-08-30T05:00,31.4965
2025-08-30T06:00,32.0339
2025-08-30T07:00,32.541700000000006
2025-08-30T08:00,32.803000000000004
2025-08-30T09:00,34.2624
2025-08-30T10:00,35.3713
2025-08-30T11:00,36.9055
2025-08-30T12:00,38.3472
2025-08-30T13:00,38.6218
2025-08-30T14:00,38.2603
2025-08-30T15:00,36.84770000000001
2025-08-30T16:00,36.831500000000005
2025-08-30T17:00,36.4497
2025-08-30T18:00,36.036
2025-08-30T19:00,35.373200000000004
2025-08-30T20:00,35.0683
2025-08-30T21:00,34.421800000000005
2025-08-30T22:00,34.1045
2025-08-30T23:00,33.7787
2025-08-31T00:00,33.4039
2025-08-31T01:00,32.6992
2025-08-31T02:00,31.785
2025-08-31T03:00,31.321199999999997
2025-08-31T04:00,30.876100000000005
2025-08-31T05:00,30.0137
2025-08-31T06:00,31.862499999999994
2025-08-31T07:00,32.0792
2025-08-31T08:00,32.29390000000001
2025-08-31T09:00,33.4825
2025-08-31T10:00,34.765699999999995
2025-08-31T11:00,35.85530000000001
2025-08-31T12:00,35.9986
2025-08-31T13:00,36.4914
2025-08-31T14:00,35.9692
2025-08-31T15:00,33.366
2025-08-31T16:00,33.4156
2025-08-31T17:00,33.7196
2025-08-31T18:00,33.2222
2025-08-31T19:00,32.9288
2025-08-31T20:00,32.463
2025-08-31T21:00,32.28680000000001
2025-08-31T22:00,31.864700000000003
2025-08-31T23:00,31.279700000000002
2025-09-01T00:00,31.0283
2025-09-01T01:00,30.628600000000002
2025-09-01T02:00,30.079000000000004
2025-09-01T03:00,29.6042
2025-09-01T04:00,29.622900000000005
2025-09-01T05:00,29.352899999999998
2025-09-01T06:00,30.204600000000003
2025-09-01T07:00,30.253
2025-09-01T08:00,30.715600000000002
2025-09-01T09:00,31.3942
2025-09-01T10:00,32.7216
2025-09-01T11:00,34.5107
2025-09-01T12:00,35.2233
2025-09-01T13:00,34.0654
2025-09-01T14:00,33.620400000000004
2025-09-01T15:00,33.041000000000004
2025-09-01T16:00,32.398500000000006
2025-09-01T17:00,31.5639
2025-09-01T18:00,31.3675
2025-09-01T19:00,31.0484
2025-09-01T20:00,30.753600000000002
2025-09-01T21:00,30.512900000000002
2025-09-01T22:00,30.5974
2025-09-01T23:00,30.4724
2025-09-02T00:00,29.644000000000002
2025-09-02T01:00,29.7805
2025-09-02T02:00,29.2291
2025-09-02T03:00,29.3625
2025-09-02T04:00,29.0767
2025-09-02T05:00,29.1133
2025-09-02T06:00,29.186300000000003
2025-09-02T07:00,29.4053
2025-09-02T08:00,30.3212
2025-09-02T09:00,31.449900000000003
2025-09-02T10:00,32.572500000000005
2025-09-02T11:00,33.9637
2025-09-02T12:00,34.7042
2025-09-02T13:00,33.086600000000004
2025-09-02T14:00,33.4
2025-09-02T15:00,31.8097
2025-09-02T16:00,31.205199999999998
2025-09-02T17:00,31.825200000000002
2025-09-02T18:00,31.309700000000003
2025-09-02T19:00,31.111800000000002
2025-09-02T20:00,31.1304
2025-09-02T21:00,31.1325
2025-09-02T22:00,31.1114
2025-09-02T23:00,30.9041
2025-09-03T00:00,30.6597
2025-09-03T01:00,30.6046
2025-09-03T02:00,30.590600000000002
2025-09-03T03:00,30.3843
2025-09-03T04:00,30.453400000000006
2025-09-03T05:00,30.241400000000002
2025-09-03T06:00,30.991200000000003
2025-09-03T07:00,31.9859
2025-09-03T08:00,32.7725
2025-09-03T09:00,33.6636
2025-09-03T10:00,35.1725
2025-09-03T11:00,36.6362
2025-09-03T12:00,35.1727
2025-09-03T13:00,35.3857
2025-09-03T14:00,35.318200000000004
2025-09-03T15:00,34.1537
2025-09-03T16:00,34.209
2025-09-03T17:00,33.938100000000006
2025-09-03T18:00,32.7738
2025-09-03T19:00,32.3236
2025-09-03T20:00,32.1171
2025-09-03T21:00,31.983600000000003
2025-09-03T22:00,31.7569
2025-09-03T23:00,31.7918
2025-09-04T00:00,31.6544
2025-09-04T01:00,31.323800000000002
2025-09-04T02:00,31.036700000000003
2025-09-04T03:00,30.724
2025-09-04T04:00,30.604400000000002
2025-09-04T05:00,30.2234
2025-09-04T06:00,30.444899999999997
2025-09-04T07:00,30.928900000000006
2025-09-04T08:00,32.202999999999996
2025-09-04T09:00,33.7128
2025-09-04T10:00,35.254400000000004
2025-09-04T11:00,36.53790000000001
2025-09-04T12:00,37.9493
2025-09-04T13:00,37.97480000000001
2025-09-04T14:00,35.3583
2025-09-04T15:00,34.199600000000004
2025-09-04T16:00,34.6319
2025-09-04T17:00,34.2826
2025-09-04T18:00,33.831900000000005
2025-09-04T19:00,32.7306
2025-09-04T20:00,32.2162
2025-09-04T21:00,31.978099999999998
2025-09-04T22:00,31.484600000000004
2025-09-04T23:00,31.265800000000002
2025-09-05T00:00,30.992700000000003
2025-09-05T01:00,30.8283
2025-09-05T02:00,30.6087
2025-09-05T03:00,30.3288
2025-09-05T04:00,30.168899999999997
2025-09-05T05:00,30.192200000000003
2025-09-05T06:00,31.2872
2025-09-05T07:00,32.164300000000004
2025-09-05T08:00,33.239200000000004
2025-09-05T09:00,33.8577
2025-09-05T10:00,35.5717
2025-09-05T11:00,36.8986
2025-09-05T12:00,38.0587
2025-09-05T13:00,37.7753
2025-09-05T14:00,37.7528
2025-09-05T15:00,36.11580000000001
2025-09-05T16:00,33.7562
2025-09-05T17:00,33.671499999999995
2025-09-05T18:00,34.3192
2025-09-05T19:00,33.9729
2025-09-05T20:00,33.432900000000004
2025-09-05T21:00,33.0815
2025-09-05T22:00,32.8549
2025-09-05T23:00,32.6027
2025-09-06T00:00,31.9054
2025-09-06T01:00,31.063000000000002
2025-09-06T02:00,30.589
2025-09-06T03:00,30.7385
2025-09-06T04:00,30.850800000000007
2025-09-06T05:00,30.7784
2025-09-06T06:00,32.173700000000004
2025-09-06T07:00,33.4665
2025-09-06T08:00,34.626599999999996
2025-09-06T09:00,35.7115
2025-09-06T10:00,37.2232
2025-09-06T11:00,38.4788
2025-09-06T12:00,39.5581
2025-09-06T13:00,39.4201
2025-09-06T14:00,38.5504
2025-09-06T15:00,37.2933
2025-09-06T16:00,35.963300000000004
2025-09-06T17:00,35.6058
2025-09-06T18:00,35.337900000000005
2025-09-06T19:00,34.3104
2025-09-06T20:00,33.3818
2025-09-06T21:00,32.9257
2025-09-06T22:00,32.561800000000005
2025-09-06T23:00,32.3507
2025-09-07T00:00,32.1398
2025-09-07T01:00,31.858300000000003
2025-09-07T02:00,31.616699999999998
2025-09-07T03:00,31.644600000000004
2025-09-07T04:00,31.226300000000002
2025-09-07T05:00,31.306199999999997
2025-09-07T06:00,31.7225
2025-09-07T07:00,33.0346
2025-09-07T08:00,34.537
2025-09-07T09:00,35.9245
2025-09-07T10:00,38.0447
2025-09-07T11:00,39.5996
2025-09-07T12:00,40.253099999999996
2025-09-07T13:00,40.549600000000005
2025-09-07T14:00,39.877
2025-09-07T15:00,37.5993
2025-09-07T16:00,37.61430000000001
2025-09-07T17:00,37.1916
2025-09-07T18:00,35.4298
2025-09-07T19:00,35.0768
2025-09-07T20:00,34.62670000000001
2025-09-07T21:00,34.185900000000004
2025-09-07T22:00,33.9245
2025-09-07T23:00,32.5431
2025-09-08T00:00,32.4421
2025-09-08T01:00,32.2154
2025-09-08T02:00,31.881600000000002
2025-09-08T03:00,31.551
2025-09-08T04:00,31.152700000000006
2025-09-08T05:00,31.042499999999997
2025-09-08T06:00,32.032900000000005
2025-09-08T07:00,33.5959
2025-09-08T08:00,35.2969
2025-09-08T09:00,36.542500000000004
2025-09-08T10:00,38.5026
2025-09-08T11:00,40.1135
2025-09-08T12:00,40.749
2025-09-08T13:00,40.4182
2025-09-08T14:00,39.3241
2025-09-08T15:00,38.378299999999996
2025-09-08T16:00,37.04840000000001
2025-09-08T17:00,36.44480000000001
2025-09-08T18:00,36.3378
2025-09-08T19:00,35.6882
2025-09-08T20:00,35.1116
2025-09-08T21:00,34.6507
2025-09-08T22:00,34.3195
2025-09-08T23:00,33.9184
2025-09-09T00:00,33.4552
2025-09-09T01:00,33.0448
2025-09-09T02:00,32.645300000000006
2025-09-09T03:00,31.965500000000002
2025-09-09T04:00,31.510000000000005
2025-09-09T05:00,31.3409
2025-09-09T06:00,32.888999999999996
2025-09-09T07:00,34.2967
2025-09-09T08:00,35.5662
2025-09-09T09:00,36.7977
2025-09-09T10:00,37.7677
2025-09-09T11:00,38.5748
2025-09-09T12:00,39.2017
2025-09-09T13:00,39.342800000000004
2025-09-09T14:00,38.2207
2025-09-09T15:00,37.467
2025-09-09T16:00,36.823
2025-09-09T17:00,36.8052
2025-09-09T18:00,36.4621
2025-09-09T19:00,35.4345
2025-09-09T20:00,34.6428
2025-09-09T21:00,34.441300000000005
2025-09-09T22:00,33.8408
2025-09-09T23:00,33.256600000000006
2025-09-10T00:00,32.742200000000004
2025-09-10T01:00,32.2076
2025-09-10T02:00,31.7615
2025-09-10T03:00,31.2936
2025-09-10T04:00,30.8653
2025-09-10T05:00,30.5255
2025-09-10T06:00,32.8835
2025-09-10T07:00,34.3261
2025-09-10T08:00,35.6205
2025-09-10T09:00,36.555600000000005
2025-09-10T10:00,37.4099
2025-09-10T11:00,38.480700000000006
2025-09-10T12:00,38.8283
2025-09-10T13:00,38.6583
2025-09-10T14:00,37.940400000000004
2025-09-10T15:00,36.9542
2025-09-10T16:00,36.623799999999996
2025-09-10T17:00,36.1652
2025-09-10T18:00,35.356
2025-09-10T19:00,34.7375
2025-09-10T20:00,34.1803
2025-09-10T21:00,33.5711
2025-09-10T22:00,33.0178
2025-09-10T23:00,32.5654
2025-09-11T00:00,32.0681
2025-09-11T01:00,31.455
2025-09-11T02:00,30.863799999999998
2025-09-11T03:00,30.5101
2025-09-11T04:00,30.1292
2025-09-11T05:00,29.6941
2025-09-11T06:00,31.200900000000004
2025-09-11T07:00,32.3354
2025-09-11T08:00,33.8508
2025-09-11T09:00,34.8595
2025-09-11T10:00,36.00860000000001
2025-09-11T11:00,36.738600000000005
2025-09-11T12:00,37.173100000000005
2025-09-11T13:00,37.073800000000006
2025-09-11T14:00,36.52499999999999
2025-09-11T15:00,35.9074
2025-09-11T16:00,35.779599999999995
2025-09-11T17:00,35.2735
2025-09-11T18:00,35.1213
2025-09-11T19:00,34.564099999999996
2025-09-11T20:00,33.9371
2025-09-11T21:00,33.503299999999996
2025-09-11T22:00,33.0478
2025-09-11T23:00,32.5846
2025-09-12T00:00,32.2137
2025-09-12T01:00,31.829600000000003
2025-09-12T02:00,31.33
2025-09-12T03:00,30.8958
2025-09-12T04:00,30.5345
2025-09-12T05:00,30.178300000000004
2025-09-12T06:00,31.1976
2025-09-12T07:00,32.5782
2025-09-12T08:00,34.0269
2025-09-12T09:00,35.119400000000006
2025-09-12T10:00,36.1667
2025-09-12T11:00,36.9099
2025-09-12T12:00,38.2205
2025-09-12T13:00,38.2733
2025-09-12T14:00,37.4499
2025-09-12T15:00,36.5715
2025-09-12T16:00,36.41030000000001
2025-09-12T17:00,36.0465
2025-09-12T18:00,35.5034
2025-09-12T19:00,35.217000000000006
2025-09-12T20:00,35.18410000000001
2025-09-12T21:00,35.1462
2025-09-12T22:00,34.5497
2025-09-12T23:00,33.8903
2025-09-13T00:00,33.573
2025-09-13T01:00,33.3362
2025-09-13T02:00,32.9623
2025-09-13T03:00,32.6076
2025-09-13T04:00,32.361000000000004
2025-09-13T05:00,31.988699999999998
2025-09-13T06:00,33.4999
2025-09-13T07:00,34.5577
2025-09-13T08:00,35.4339
2025-09-13T09:00,36.559599999999996
2025-09-13T10:00,37.9686
2025-09-13T11:00,39.0406
2025-09-13T12:00,39.5369
2025-09-13T13:00,39.3981
2025-09-13T14:00,38.6014
2025-09-13T15:00,37.4981
2025-09-13T16:00,36.7335
2025-09-13T17:00,36.7235
2025-09-13T18:00,36.308
2025-09-13T19:00,36.306
2025-09-13T20:00,35.91420000000001
2025-09-13T21:00,35.1673
2025-09-13T22:00,34.5364
2025-09-13T23:00,33.8552
2025-09-14T00:00,33.2927
2025-09-14T01:00,32.7943
2025-09-14T02:00,32.5741
2025-09-14T03:00,32.3754
2025-09-14T04:00,32.3382
2025-09-14T05:00,32.1248
2025-09-14T06:00,33.481
2025-09-14T07:00,34.958400000000005
2025-09-14T08:00,36.530300000000004
2025-09-14T09:00,37.6159
2025-09-14T10:00,38.9204
2025-09-14T11:00,39.5052
2025-09-14T12:00,40.178
2025-09-14T13:00,39.96210000000001
2025-09-14T14:00,39.351800000000004
2025-09-14T15:00,38.1799
2025-09-14T16:00,37.5647
2025-09-14T17:00,37.1251
2025-09-14T18:00,36.528400000000005
2025-09-14T19:00,36.137
2025-09-14T20:00,36.0569
2025-09-14T21:00,35.026700000000005
2025-09-14T22:00,34.3127
2025-09-14T23:00,33.94800000000001
2025-09-15T00:00,33.4243
2025-09-15T01:00,32.906
2025-09-15T02:00,32.6407
2025-09-15T03:00,32.409600000000005
2025-09-15T04:00,32.270700000000005
2025-09-15T05:00,32.0351
2025-09-15T06:00,33.9481
2025-09-15T07:00,34.7156
2025-09-15T08:00,35.85230000000001
2025-09-15T09:00,36.9993
2025-09-15T10:00,38.4363
2025-09-15T11:00,39.30199999999999
2025-09-15T12:00,39.273
2025-09-15T13:00,39.016200000000005
2025-09-15T14:00,38.0455
2025-09-15T15:00,36.9534
2025-09-15T16:00,36.6636
2025-09-15T17:00,36.2596
2025-09-15T18:00,35.7569
2025-09-15T19:00,35.2591
2025-09-15T20:00,35.1266
2025-09-15T21:00,34.584700000000005
2025-09-15T22:00,34.1394
2025-09-15T23:00,33.8579
2025-09-16T00:00,33.085
2025-09-16T01:00,32.648300000000006
2025-09-16T02:00,32.011
2025-09-16T03:00,31.6044
2025-09-16T04:00,31.2175
2025-09-16T05:00,30.919700000000006
2025-09-16T06:00,33.0634
2025-09-16T07:00,33.5777
2025-09-16T08:00,34.387800000000006
2025-09-16T09:00,35.621399999999994
2025-09-16T10:00,37.090999999999994
2025-09-16T11:00,38.48910000000001
2025-09-16T12:00,38.8822
2025-09-16T13:00,39.1449
2025-09-16T14:00,38.168800000000005
2025-09-16T15:00,36.9213
2025-09-16T16:00,36.79270000000001
2025-09-16T17:00,34.4617
2025-09-16T18:00,34.7593
2025-09-16T19:00,34.1005
2025-09-16T20:00,33.458200000000005
2025-09-16T21:00,33.028400000000005
2025-09-16T22:00,32.5607
2025-09-16T23:00,32.1147
2025-09-17T00:00,31.809800000000003
2025-09-17T01:00,31.504200000000004
2025-09-17T02:00,31.3653
2025-09-17T03:00,31.324800000000003
2025-09-17T04:00,31.0622
2025-09-17T05:00,30.7184
2025-09-17T06:00,31.845100000000002
2025-09-17T07:00,32.688100000000006
2025-09-17T08:00,34.363299999999995
2025-09-17T09:00,36.3411
2025-09-17T10:00,37.8483
2025-09-17T11:00,38.3511
2025-09-17T12:00,38.4377
2025-09-17T13:00,38.133599999999994
2025-09-17T14:00,37.3088
2025-09-17T15:00,36.3854
2025-09-17T16:00,36.0748
2025-09-17T17:00,36.0006
2025-09-17T18:00,35.3557
2025-09-17T19:00,34.8052
2025-09-17T20:00,34.155499999999996
2025-09-17T21:00,33.6414
2025-09-17T22:00,32.9961
2025-09-17T23:00,32.5654
2025-09-18T00:00,32.101600000000005
2025-09-18T01:00,30.994300000000003
2025-09-18T02:00,30.7339
2025-09-18T03:00,30.3295
2025-09-18T04:00,30.211000000000002
2025-09-18T05:00,30.154300000000003
2025-09-18T06:00,31.3917
2025-09-18T07:00,32.4549
2025-09-18T08:00,33.8281
2025-09-18T09:00,35.4459
2025-09-18T10:00,36.910700000000006
2025-09-18T11:00,37.7837
2025-09-18T12:00,37.9176
2025-09-18T13:00,37.2013
2025-09-18T14:00,35.672
2025-09-18T15:00,35.1277
2025-09-18T16:00,35.362500000000004
2025-09-18T17:00,34.9915
2025-09-18T18:00,34.679899999999996
2025-09-18T19:00,34.717
2025-09-18T20:00,34.3544
2025-09-18T21:00,33.9664
2025-09-18T22:00,33.5219
2025-09-18T23:00,32.9268
2025-09-19T00:00,32.6629
2025-09-19T01:00,32.3339
2025-09-19T02:00,31.914100000000005
2025-09-19T03:00,31.6325
2025-09-19T04:00,31.2382
2025-09-19T05:00,30.7143
2025-09-19T06:00,32.2244
2025-09-19T07:00,33.2556
2025-09-19T08:00,35.0541
2025-09-19T09:00,36.2174
2025-09-19T10:00,36.66
2025-09-19T11:00,36.9642
2025-09-19T12:00,37.9014
2025-09-19T13:00,37.959500000000006
2025-09-19T14:00,36.6704
2025-09-19T15:00,35.772000000000006
2025-09-19T16:00,35.6457
2025-09-19T17:00,35.459599999999995
2025-09-19T18:00,35.091800000000006
2025-09-19T19:00,34.9
2025-09-19T20:00,34.3638
2025-09-19T21:00,34.0859
2025-09-19T22:00,34.0336
2025-09-19T23:00,33.5695
2025-09-20T00:00,33.2189
2025-09-20T01:00,32.78380000000001
2025-09-20T02:00,32.1648
2025-09-20T03:00,31.717799999999997
2025-09-20T04:00,31.334600000000002
2025-09-20T05:00,31.031199999999995
2025-09-20T06:00,33.00150000000001
2025-09-20T07:00,34.48610000000001
2025-09-20T08:00,35.475699999999996
2025-09-20T09:00,36.11520000000001
2025-09-20T10:00,37.3738
2025-09-20T11:00,38.2878
2025-09-20T12:00,38.2046
2025-09-20T13:00,38.529399999999995
2025-09-20T14:00,38.3495
2025-09-20T15:00,37.1368
2025-09-20T16:00,36.4742
2025-09-20T17:00,36.150999999999996
2025-09-20T18:00,35.3865
2025-09-20T19:00,34.6824
2025-09-20T20:00,34.236
2025-09-20T21:00,33.9332
2025-09-20T22:00,33.3226
2025-09-20T23:00,32.809
2025-09-21T00:00,32.252
2025-09-21T01:00,31.578
2025-09-21T02:00,30.9652
2025-09-21T03:00,30.4089
2025-09-21T04:00,29.9659
2025-09-21T05:00,29.588800000000003
2025-09-21T06:00,32.1253
2025-09-21T07:00,33.4686
2025-09-21T08:00,35.022299999999994
2025-09-21T09:00,36.1034
2025-09-21T10:00,37.0922
2025-09-21T11:00,37.8542
2025-09-21T12:00,38.2196
2025-09-21T13:00,38.482600000000005
2025-09-21T14:00,37.7468
2025-09-21T15:00,36.9786
2025-09-21T16:00,36.5239
2025-09-21T17:00,36.048300000000005
2025-09-21T18:00,34.9773
2025-09-21T19:00,34.455
2025-09-21T20:00,34.0088
2025-09-21T21:00,33.6518
2025-09-21T22:00,33.1443
2025-09-21T23:00,32.6398
2025-09-22T00:00,32.0976
2025-09-22T01:00,31.401600000000002
2025-09-22T02:00,31.048000000000002
2025-09-22T03:00,30.681800000000003
2025-09-22T04:00,30.232600000000005
2025-09-22T05:00,29.807300000000005
2025-09-22T06:00,32.636700000000005
2025-09-22T07:00,34.104200000000006
2025-09-22T08:00,35.8245
2025-09-22T09:00,36.5964
2025-09-22T10:00,37.1557
2025-09-22T11:00,38.155
2025-09-22T12:00,38.4389
2025-09-22T13:00,38.230900000000005
2025-09-22T14:00,37.6808
2025-09-22T15:00,36.7023
2025-09-22T16:00,36.3611
2025-09-22T17:00,36.0687
2025-09-22T18:00,35.685199999999995
2025-09-22T19:00,35.201600000000006
2025-09-22T20:00,34.5614
2025-09-22T21:00,33.9608
2025-09-22T22:00,33.486000000000004
2025-09-22T23:00,33.045300000000005
2025-09-23T00:00,32.55630000000001
2025-09-23T01:00,31.8284
2025-09-23T02:00,31.2793
2025-09-23T03:00,30.7541
2025-09-23T04:00,30.224200000000007
2025-09-23T05:00,29.7773
2025-09-23T06:00,32.2115
2025-09-23T07:00,33.4037
2025-09-23T08:00,35.111700000000006
2025-09-23T09:00,36.4704
2025-09-23T10:00,37.8847
2025-09-23T11:00,38.991800000000005
2025-09-23T12:00,39.16620000000001
2025-09-23T13:00,38.861200000000004
2025-09-23T14:00,38.034
2025-09-23T15:00,37.1318
2025-09-23T16:00,36.5848
2025-09-23T17:00,36.0908
2025-09-23T18:00,35.198299999999996
2025-09-23T19:00,34.907300000000006
2025-09-23T20:00,34.4766
2025-09-23T21:00,34.0893
2025-09-23T22:00,33.3589
2025-09-23T23:00,32.8584
2025-09-24T00:00,32.2767
2025-09-24T01:00,31.753700000000002
2025-09-24T02:00,31.261
2025-09-24T03:00,30.87
2025-09-24T04:00,30.4115
2025-09-24T05:00,29.9311
2025-09-24T06:00,31.026899999999998
2025-09-24T07:00,32.2453
2025-09-24T08:00,33.9424
2025-09-24T09:00,35.5981
2025-09-24T10:00,37.221399999999996
2025-09-24T11:00,38.2122
2025-09-24T12:00,38.9313
2025-09-24T13:00,38.8156
2025-09-24T14:00,38.2887
2025-09-24T15:00,37.1691
2025-09-24T16:00,36.4808
2025-09-24T17:00,35.4303
2025-09-24T18:00,35.9118
2025-09-24T19:00,35.9628
2025-09-24T20:00,35.55760000000001
2025-09-24T21:00,34.7109
2025-09-24T22:00,34.0761
2025-09-24T23:00,33.356
2025-09-25T00:00,32.678
2025-09-25T01:00,32.415000000000006
2025-09-25T02:00,32.1567
2025-09-25T03:00,31.820000000000004
2025-09-25T04:00,31.4593
2025-09-25T05:00,31.110300000000002
2025-09-25T06:00,31.8999
2025-09-25T07:00,33.1503
2025-09-25T08:00,34.8915
2025-09-25T09:00,36.355599999999995
2025-09-25T10:00,37.7119
2025-09-25T11:00,38.865500000000004
2025-09-25T12:00,39.0445
2025-09-25T13:00,38.58480000000001
2025-09-25T14:00,38.213899999999995
2025-09-25T15:00,37.5841
2025-09-25T16:00,36.9851
2025-09-25T17:00,36.50959999999999
2025-09-25T18:00,36.456
2025-09-25T19:00,35.9964
2025-09-25T20:00,35.2623
2025-09-25T21:00,34.6011
2025-09-25T22:00,34.1068
2025-09-25T23:00,33.4891
2025-09-26T00:00,32.9359
2025-09-26T01:00,32.5937
2025-09-26T02:00,32.0063
2025-09-26T03:00,31.3995
2025-09-26T04:00,31.069100000000002
2025-09-26T05:00,30.803
2025-09-26T06:00,32.4473
2025-09-26T07:00,33.8256
2025-09-26T08:00,35.8914
2025-09-26T09:00,37.3611
2025-09-26T10:00,38.390100000000004
2025-09-26T11:00,39.5732
2025-09-26T12:00,40.490300000000005
2025-09-26T13:00,40.4335
2025-09-26T14:00,39.2925
2025-09-26T15:00,38.3507
2025-09-26T16:00,37.9961
2025-09-26T17:00,37.4638
2025-09-26T18:00,37.168
2025-09-26T19:00,36.918000000000006
2025-09-26T20:00,36.4546
2025-09-26T21:00,35.8664
2025-09-26T22:00,35.2922
2025-09-26T23:00,34.5621
2025-09-27T00:00,33.841899999999995
2025-09-27T01:00,33.122600000000006
2025-09-27T02:00,32.8744
2025-09-27T03:00,32.3321
2025-09-27T04:00,31.6927
2025-09-27T05:00,31.455299999999994
2025-09-27T06:00,33.0343
2025-09-27T07:00,34.1603
2025-09-27T08:00,35.8943
2025-09-27T09:00,37.1877
2025-09-27T10:00,38.117
2025-09-27T11:00,39.5129
2025-09-27T12:00,39.221500000000006
2025-09-27T13:00,39.4086
2025-09-27T14:00,38.979600000000005
2025-09-27T15:00,37.8836
2025-09-27T16:00,37.7813
2025-09-27T17:00,37.552200000000006
2025-09-27T18:00,37.2358
2025-09-27T19:00,36.6939
2025-09-27T20:00,36.2839
2025-09-27T21:00,35.9208
2025-09-27T22:00,35.3637
2025-09-27T23:00,34.8904
2025-09-28T00:00,34.3255
2025-09-28T01:00,33.8057
2025-09-28T02:00,33.4063
2025-09-28T03:00,33.0138
2025-09-28T04:00,32.7322
2025-09-28T05:00,32.6243
2025-09-28T06:00,33.6966
2025-09-28T07:00,34.4898
2025-09-28T08:00,34.9848
2025-09-28T09:00,36.1054
2025-09-28T10:00,37.2516
2025-09-28T11:00,38.152499999999996
2025-09-28T12:00,38.836800000000004
2025-09-28T13:00,39.224000000000004
2025-09-28T14:00,39.0128
2025-09-28T15:00,38.344699999999996
2025-09-28T16:00,38.0305
2025-09-28T17:00,37.50450000000001
2025-09-28T18:00,37.024899999999995
2025-09-28T19:00,36.512600000000006
2025-09-28T20:00,35.9017
2025-09-28T21:00,35.3189
2025-09-28T22:00,34.703700000000005
2025-09-28T23:00,34.2017
2025-09-29T00:00,33.8176
2025-09-29T01:00,33.4103
2025-09-29T02:00,33.0278
2025-09-29T03:00,32.76090000000001
2025-09-29T04:00,32.4987
2025-09-29T05:00,32.2442
2025-09-29T06:00,33.0926
2025-09-29T07:00,34.2637
2025-09-29T08:00,35.797799999999995
2025-09-29T09:00,36.91910000000001
2025-09-29T10:00,38.0458
2025-09-29T11:00,39.1306
2025-09-29T12:00,39.616299999999995
2025-09-29T13:00,40.1018
2025-09-29T14:00,39.67810000000001
2025-09-29T15:00,38.7182
2025-09-29T16:00,38.1691
2025-09-29T17:00,37.688700000000004
2025-09-29T18:00,37.0882
2025-09-29T19:00,36.3293
2025-09-29T20:00,35.9869
2025-09-29T21:00,35.445100000000004
2025-09-29T22:00,34.9166
2025-09-29T23:00,34.607800000000005
2025-09-30T00:00,34.6599
2025-09-30T01:00,34.3008
2025-09-30T02:00,33.433
2025-09-30T03:00,30.7175
2025-09-30T04:00,30.475299999999997
2025-09-30T05:00,30.295900000000003
2025-09-30T06:00,32.920500000000004
2025-09-30T07:00,34.0931
2025-09-30T08:00,35.849
2025-09-30T09:00,37.498000000000005
2025-09-30T10:00,38.7513
2025-09-30T11:00,39.8221
2025-09-30T12:00,39.77590000000001
2025-09-30T13:00,39.300900000000006
2025-09-30T14:00,38.7893
2025-09-30T15:00,38.3881
2025-09-30T16:00,37.917
2025-09-30T17:00,37.365899999999996
2025-09-30T18:00,36.801500000000004
2025-09-30T19:00,36.5749
2025-09-30T20:00,35.8292
2025-09-30T21:00,35.1503
2025-09-30T22:00,34.7414
2025-09-30T23:00,34.1301
2025-10-01T00:00,32.8979
2025-10-01T01:00,32.4291
2025-10-01T02:00,32.1769
2025-10-01T03:00,31.4403
2025-10-01T04:00,31.5793
2025-10-01T05:00,30.5929
2025-10-01T06:00,30.872300000000003
2025-10-01T07:00,31.7809
2025-10-01T08:00,33.4337
2025-10-01T09:00,34.571400000000004
2025-10-01T10:00,35.629799999999996
2025-10-01T11:00,36.913599999999995
2025-10-01T12:00,37.9597
2025-10-01T13:00,38.007200000000005
2025-10-01T14:00,37.510600000000004
2025-10-01T15:00,34.6858
2025-10-01T16:00,34.8181
2025-10-01T17:00,34.8465
2025-10-01T18:00,34.8494
2025-10-01T19:00,34.1744
2025-10-01T20:00,33.8033
2025-10-01T21:00,32.597899999999996
2025-10-01T22:00,31.628100000000003
2025-10-01T23:00,31.0
2025-10-02T00:00,31.009000000000004
2025-10-02T01:00,30.640599999999996
2025-10-02T02:00,30.6281
2025-10-02T03:00,29.7037
2025-10-02T04:00,29.352
2025-10-02T05:00,29.3716
2025-10-02T06:00,29.9379
2025-10-02T07:00,30.989000000000004
2025-10-02T08:00,32.5074
2025-10-02T09:00,34.029
2025-10-02T10:00,35.2357
2025-10-02T11:00,35.5085
2025-10-02T12:00,35.702000000000005
2025-10-02T13:00,35.7034
2025-10-02T14:00,35.671600000000005
2025-10-02T15:00,34.8688
2025-10-02T16:00,33.531600000000005
2025-10-02T17:00,33.0437
2025-10-02T18:00,32.322300000000006
2025-10-02T19:00,32.131099999999996
2025-10-02T20:00,32.0114
2025-10-02T21:00,31.618000000000002
2025-10-02T22:00,31.170300000000005
2025-10-02T23:00,31.784800000000004
2025-10-03T00:00,31.3936
2025-10-03T01:00,31.008800000000004
2025-10-03T02:00,30.4572
2025-10-03T03:00,29.859
2025-10-03T04:00,29.5742
2025-10-03T05:00,29.684600000000003
2025-10-03T06:00,29.938299999999998
2025-10-03T07:00,30.7221
2025-10-03T08:00,32.1475
2025-10-03T09:00,33.432500000000005
2025-10-03T10:00,34.4303
2025-10-03T11:00,35.0615
2025-10-03T12:00,35.9
2025-10-03T13:00,36.093399999999995
2025-10-03T14:00,35.1793
2025-10-03T15:00,34.002
2025-10-03T16:00,33.8115
2025-10-03T17:00,33.9929
2025-10-03T18:00,33.791700000000006
2025-10-03T19:00,33.334700000000005
2025-10-03T20:00,32.7171
2025-10-03T21:00,32.2748
2025-10-03T22:00,31.8968
2025-10-03T23:00,32.1987
2025-10-04T00:00,31.996299999999998
2025-10-04T01:00,31.2422
2025-10-04T02:00,31.166999999999998
2025-10-04T03:00,30.680400000000002
2025-10-04T04:00,30.4662
2025-10-04T05:00,30.2713
2025-10-04T06:00,30.7175
2025-10-04T07:00,31.709300000000002
2025-10-04T08:00,33.2404
2025-10-04T09:00,33.988400000000006
2025-10-04T10:00,34.726200000000006
2025-10-04T11:00,35.8326
2025-10-04T12:00,36.3904
2025-10-04T13:00,36.1118
2025-10-04T14:00,35.3681
2025-10-04T15:00,34.8218
2025-10-04T16:00,34.6171
2025-10-04T17:00,34.1461
2025-10-04T18:00,33.369899999999994
2025-10-04T19:00,33.0385
2025-10-04T20:00,32.63040000000001
2025-10-04T21:00,31.9769
2025-10-04T22:00,31.409700000000004
2025-10-04T23:00,30.791300000000003
2025-10-05T00:00,30.284
2025-10-05T01:00,29.7432
2025-10-05T02:00,29.231900000000003
2025-10-05T03:00,28.7469
2025-10-05T04:00,28.4063
2025-10-05T05:00,29.828799999999998
2025-10-05T06:00,30.012900000000002
2025-10-05T07:00,31.493699999999997
2025-10-05T08:00,33.145300000000006
2025-10-05T09:00,34.4937
2025-10-05T10:00,35.2346
2025-10-05T11:00,35.541799999999995
2025-10-05T12:00,36.515600000000006
2025-10-05T13:00,36.516999999999996
2025-10-05T14:00,35.9157
2025-10-05T15:00,35.3447
2025-10-05T16:00,35.188300000000005
2025-10-05T17:00,34.7913
2025-10-05T18:00,33.622400000000006
2025-10-05T19:00,33.102
2025-10-05T20:00,32.5286
2025-10-05T21:00,31.8284
2025-10-05T22:00,31.3903
2025-10-05T23:00,29.677300000000002
2025-10-06T00:00,28.0206
2025-10-06T01:00,28.5701
2025-10-06T02:00,28.6389
2025-10-06T03:00,28.146299999999997
2025-10-06T04:00,27.890900000000002
2025-10-06T05:00,28.2693
2025-10-06T06:00,28.409699999999997
2025-10-06T07:00,29.6051
2025-10-06T08:00,31.075800000000005
2025-10-06T09:00,32.066399999999994
2025-10-06T10:00,33.2284
2025-10-06T11:00,34.480000000000004
2025-10-06T12:00,32.907799999999995
2025-10-06T13:00,32.2896
2025-10-06T14:00,31.6899
2025-10-06T15:00,31.8594
2025-10-06T16:00,31.3658
2025-10-06T17:00,30.3829
2025-10-06T18:00,29.806900000000002
2025-10-06T19:00,29.090500000000002
2025-10-06T20:00,28.6914
2025-10-06T21:00,28.083099999999998
2025-10-06T22:00,27.585599999999996
2025-10-06T23:00,28.024800000000003
2025-10-07T00:00,28.1015
2025-10-07T01:00,28.123199999999997
2025-10-07T02:00,27.5334
2025-10-07T03:00,27.490800000000004
2025-10-07T04:00,27.3572
2025-10-07T05:00,26.9902
2025-10-07T06:00,27.105800000000002
2025-10-07T07:00,27.8501
2025-10-07T08:00,28.6598
2025-10-07T09:00,30.188399999999998
2025-10-07T10:00,31.548
2025-10-07T11:00,32.246500000000005
2025-10-07T12:00,33.8643
2025-10-07T13:00,34.16270000000001
2025-10-07T14:00,32.7969
2025-10-07T15:00,30.744
2025-10-07T16:00,30.5135
2025-10-07T17:00,28.694
2025-10-07T18:00,27.825
2025-10-07T19:00,27.3913
2025-10-07T20:00,27.110300000000002
2025-10-07T21:00,26.683400000000002
2025-10-07T22:00,26.355800000000002
2025-10-07T23:00,27.0535
2025-10-08T00:00,25.9082
2025-10-08T01:00,24.792900000000007
2025-10-08T02:00,24.8271
2025-10-08T03:00,24.773500000000002
2025-10-08T04:00,24.638599999999997
2025-10-08T05:00,25.5177
2025-10-08T06:00,25.7732
2025-10-08T07:00,26.7287
2025-10-08T08:00,27.249900000000004
2025-10-08T09:00,28.599000000000004
2025-10-08T10:00,30.4974
2025-10-08T11:00,31.9371
2025-10-08T12:00,33.0755
2025-10-08T13:00,32.2577
2025-10-08T14:00,31.326800000000002
2025-10-08T15:00,29.303900000000002
2025-10-08T16:00,29.7125
2025-10-08T17:00,29.4203
2025-10-08T18:00,28.572
2025-10-08T19:00,28.131999999999998
2025-10-08T20:00,27.4963
2025-10-08T21:00,26.978100000000005
2025-10-08T22:00,26.4552
2025-10-08T23:00,27.518400000000003
2025-10-09T00:00,27.2817
2025-10-09T01:00,26.4898
2025-10-09T02:00,25.993100000000002
2025-10-09T03:00,25.522799999999997
2025-10-09T04:00,24.956300000000002
2025-10-09T05:00,25.3121
2025-10-09T06:00,25.5054
2025-10-09T07:00,26.543800000000005
2025-10-09T08:00,28.2206
2025-10-09T09:00,29.4908
2025-10-09T10:00,30.457100000000004
2025-10-09T11:00,31.6162
2025-10-09T12:00,31.9303
2025-10-09T13:00,31.737799999999996
2025-10-09T14:00,30.8321
2025-10-09T15:00,30.036
2025-10-09T16:00,29.7791
2025-10-09T17:00,29.2915
2025-10-09T18:00,27.8609
2025-10-09T19:00,26.8149
2025-10-09T20:00,25.7698
2025-10-09T21:00,24.947300000000002
2025-10-09T22:00,24.349
2025-10-09T23:00,24.854900000000004
2025-10-10T00:00,24.4871
2025-10-10T01:00,23.9873
2025-10-10T02:00,23.5714
2025-10-10T03:00,23.089500000000005
2025-10-10T04:00,22.5657
2025-10-10T05:00,23.0717
2025-10-10T06:00,23.334
2025-10-10T07:00,24.645599999999998
2025-10-10T08:00,26.7857
2025-10-10T09:00,28.700699999999998
2025-10-10T10:00,30.203000000000003
2025-10-10T11:00,31.2395
2025-10-10T12:00,31.961100000000002
2025-10-10T13:00,31.8346
2025-10-10T14:00,30.9965
2025-10-10T15:00,30.127399999999998
2025-10-10T16:00,29.805300000000003
2025-10-10T17:00,28.766999999999996
2025-10-10T18:00,27.1973
2025-10-10T19:00,26.2242
2025-10-10T20:00,25.3106
2025-10-10T21:00,24.6309
2025-10-10T22:00,24.1644
2025-10-10T23:00,24.487399999999997
2025-10-11T00:00,24.025000000000002
2025-10-11T01:00,23.4354
2025-10-11T02:00,22.9816
2025-10-11T03:00,22.494300000000003
2025-10-11T04:00,21.884300000000003
2025-10-11T05:00,22.680500000000002
2025-10-11T06:00,22.900100000000002
2025-10-11T07:00,24.4019
2025-10-11T08:00,27.061799999999998
2025-10-11T09:00,28.608900000000002
2025-10-11T10:00,29.7635
2025-10-11T11:00,30.069300000000005
2025-10-11T12:00,30.9444
2025-10-11T13:00,31.1244
2025-10-11T14:00,30.3733
2025-10-11T15:00,29.6585
2025-10-11T16:00,29.1131
2025-10-11T17:00,29.020400000000002
2025-10-11T18:00,27.241000000000003
2025-10-11T19:00,26.1779
2025-10-11T20:00,25.4262
2025-10-11T21:00,24.9041
2025-10-11T22:00,24.3199
2025-10-11T23:00,24.6122
2025-10-12T00:00,24.246599999999997
2025-10-12T01:00,23.7647
2025-10-12T02:00,23.209899999999998
2025-10-12T03:00,22.7087
2025-10-12T04:00,22.1516
2025-10-12T05:00,22.9034
2025-10-12T06:00,23.216899999999995
2025-10-12T07:00,24.575899999999997
2025-10-12T08:00,27.056
2025-10-12T09:00,29.030700000000003
2025-10-12T10:00,30.707600000000003
2025-10-12T11:00,31.5757
2025-10-12T12:00,32.15990000000001
2025-10-12T13:00,32.024100000000004
2025-10-12T14:00,31.250500000000006
2025-10-12T15:00,30.6267
2025-10-12T16:00,30.458399999999997
2025-10-12T17:00,29.129800000000003
2025-10-12T18:00,27.6749
2025-10-12T19:00,26.8126
2025-10-12T20:00,26.3276
2025-10-12T21:00,25.6183
2025-10-12T22:00,25.2924
2025-10-12T23:00,25.0914
2025-10-13T00:00,24.5094
2025-10-13T01:00,23.797100000000004
2025-10-13T02:00,23.0289
2025-10-13T03:00,22.4973
2025-10-13T04:00,22.2753
2025-10-13T05:00,22.3796
2025-10-13T06:00,22.6287
2025-10-13T07:00,24.5231
2025-10-13T08:00,27.3128
2025-10-13T09:00,29.428000000000004
2025-10-13T10:00,31.081500000000002
2025-10-13T11:00,31.8171
2025-10-13T12:00,32.7015
2025-10-13T13:00,32.7239
2025-10-13T14:00,31.902800000000003
2025-10-13T15:00,30.976300000000002
2025-10-13T16:00,30.452000000000005
2025-10-13T17:00,29.523199999999996
2025-10-13T18:00,27.831
2025-10-13T19:00,27.169800000000002
2025-10-13T20:00,26.3507
2025-10-13T21:00,24.950000000000003
2025-10-13T22:00,24.317600000000002
2025-10-13T23:00,25.102500000000003
2025-10-14T00:00,24.618100000000002
2025-10-14T01:00,24.074
2025-10-14T02:00,23.212700000000005
2025-10-14T03:00,22.689100000000003
2025-10-14T04:00,22.199600000000004
2025-10-14T05:00,22.520799999999998
2025-10-14T06:00,23.1067
2025-10-14T07:00,24.882299999999997
2025-10-14T08:00,27.841900000000003
2025-10-14T09:00,29.938499999999998
2025-10-14T10:00,30.980000000000004
2025-10-14T11:00,31.9793
2025-10-14T12:00,32.742599999999996
2025-10-14T13:00,32.7913
2025-10-14T14:00,31.943899999999996
2025-10-14T15:00,31.1549
2025-10-14T16:00,30.8621
2025-10-14T17:00,29.728500000000004
2025-10-14T18:00,28.277900000000006
2025-10-14T19:00,27.6367
2025-10-14T20:00,26.751299999999997
2025-10-14T21:00,26.171599999999998
2025-10-14T22:00,25.233400000000003
2025-10-14T23:00,25.523
2025-10-15T00:00,24.7331
2025-10-15T01:00,24.1781
2025-10-15T02:00,23.713300000000004
2025-10-15T03:00,22.910300000000003
2025-10-15T04:00,22.2997
2025-10-15T05:00,22.470799999999997
2025-10-15T06:00,22.6206
2025-10-15T07:00,24.5152
2025-10-15T08:00,27.6309
2025-10-15T09:00,29.8703
2025-10-15T10:00,31.383700000000005
2025-10-15T11:00,31.9282
2025-10-15T12:00,32.6954
2025-10-15T13:00,32.449200000000005
2025-10-15T14:00,31.600900000000003
2025-10-15T15:00,30.710800000000003
2025-10-15T16:00,30.2573
2025-10-15T17:00,28.7863
2025-10-15T18:00,27.9437
2025-10-15T19:00,27.351100000000002
2025-10-15T20:00,26.529600000000002
2025-10-15T21:00,25.737199999999998
2025-10-15T22:00,25.0488
2025-10-15T23:00,24.6967
2025-10-16T00:00,23.8597
2025-10-16T01:00,23.3507
2025-10-16T02:00,22.859699999999997
2025-10-16T03:00,22.2422
2025-10-16T04:00,21.707600000000003
2025-10-16T05:00,22.0887
2025-10-16T06:00,22.405300000000004
2025-10-16T07:00,24.060000000000002
2025-10-16T08:00,27.1197
2025-10-16T09:00,29.518
2025-10-16T10:00,31.264100000000003
2025-10-16T11:00,32.1564
2025-10-16T12:00,32.999700000000004
2025-10-16T13:00,33.0934
2025-10-16T14:00,32.4244
2025-10-16T15:00,31.6049
2025-10-16T16:00,31.000600000000006
2025-10-16T17:00,29.3551
2025-10-16T18:00,28.6258
2025-10-16T19:00,28.0088
2025-10-16T20:00,27.1645
2025-10-16T21:00,26.4345
2025-10-16T22:00,25.466300000000004
2025-10-16T23:00,25.4825
2025-10-17T00:00,24.632800000000003
2025-10-17T01:00,23.886499999999998
2025-10-17T02:00,23.158900000000003
2025-10-17T03:00,22.440600000000003
2025-10-17T04:00,21.8892
2025-10-17T05:00,22.4144
2025-10-17T06:00,22.7078
2025-10-17T07:00,24.430799999999998
2025-10-17T08:00,27.3765
2025-10-17T09:00,29.916900000000005
2025-10-17T10:00,32.1594
2025-10-17T11:00,33.2458
2025-10-17T12:00,34.068
2025-10-17T13:00,33.9988
2025-10-17T14:00,33.3253
2025-10-17T15:00,32.6169
2025-10-17T16:00,32.0127
2025-10-17T17:00,31.016300000000005
2025-10-17T18:00,29.9546
2025-10-17T19:00,29.347700000000003
2025-10-17T20:00,28.240000000000002
2025-10-17T21:00,27.527800000000003
2025-10-17T22:00,26.938100000000002
2025-10-17T23:00,26.922700000000003
2025-10-18T00:00,25.7944
2025-10-18T01:00,25.2185
2025-10-18T02:00,24.9204
2025-10-18T03:00,24.311300000000003
2025-10-18T04:00,23.922
2025-10-18T05:00,24.093400000000003
2025-10-18T06:00,24.4319
2025-10-18T07:00,25.8686
2025-10-18T08:00,28.6431
2025-10-18T09:00,30.8009
2025-10-18T10:00,32.4775
2025-10-18T11:00,33.5334
2025-10-18T12:00,34.356399999999994
2025-10-18T13:00,33.942800000000005
2025-10-18T14:00,33.241400000000006
2025-10-18T15:00,32.8333
2025-10-18T16:00,32.2351
2025-10-18T17:00,31.307100000000002
2025-10-18T18:00,30.4418
2025-10-18T19:00,29.568300000000004
2025-10-18T20:00,29.1454
2025-10-18T21:00,28.3431
2025-10-18T22:00,27.8238
2025-10-18T23:00,27.403699999999997
2025-10-19T00:00,26.9489
2025-10-19T01:00,26.4198
2025-10-19T02:00,25.8527
2025-10-19T03:00,25.1614
2025-10-19T04:00,24.442
2025-10-19T05:00,25.1305
2025-10-19T06:00,25.2206
2025-10-19T07:00,26.681299999999997
2025-10-19T08:00,29.612499999999997
2025-10-19T09:00,31.636200000000002
2025-10-19T10:00,32.779300000000006
2025-10-19T11:00,33.7895
2025-10-19T12:00,34.587199999999996
2025-10-19T13:00,34.4832
2025-10-19T14:00,33.517900000000004
2025-10-19T15:00,32.982499999999995
2025-10-19T16:00,32.3993
2025-10-19T17:00,31.169900000000005
2025-10-19T18:00,30.9224
2025-10-19T19:00,29.8807
2025-10-19T20:00,28.748800000000003
2025-10-19T21:00,27.971400000000003
2025-10-19T22:00,27.6657
2025-10-19T23:00,27.629099999999998
2025-10-20T00:00,27.2216
2025-10-20T01:00,26.492900000000002
2025-10-20T02:00,25.7604
2025-10-20T03:00,25.2421
2025-10-20T04:00,24.9798
2025-10-20T05:00,25.121199999999998
2025-10-20T06:00,25.137099999999997
2025-10-20T07:00,26.5664
2025-10-20T08:00,29.160100000000003
2025-10-20T09:00,31.1537
2025-10-20T10:00,32.3449
2025-10-20T11:00,33.5765
2025-10-20T12:00,33.8355
2025-10-20T13:00,33.8285
2025-10-20T14:00,33.177600000000005
2025-10-20T15:00,32.8533
2025-10-20T16:00,32.1923
2025-10-20T17:00,31.2808
2025-10-20T18:00,30.3455
2025-10-20T19:00,29.7997
2025-10-20T20:00,29.106
2025-10-20T21:00,28.311600000000002
2025-10-20T22:00,27.6886
2025-10-20T23:00,27.441200000000002
2025-10-21T00:00,26.7008
2025-10-21T01:00,26.072300000000002
2025-10-21T02:00,25.6153
2025-10-21T03:00,25.079099999999997
2025-10-21T04:00,24.636000000000003
2025-10-21T05:00,25.561300000000003
2025-10-21T06:00,26.3754
2025-10-21T07:00,27.6069
2025-10-21T08:00,30.0128
2025-10-21T09:00,31.8705
2025-10-21T10:00,32.850500000000004
2025-10-21T11:00,33.105900000000005
2025-10-21T12:00,33.684200000000004
2025-10-21T13:00,33.289500000000004
2025-10-21T14:00,32.8344
2025-10-21T15:00,32.5635
2025-10-21T16:00,32.1151
2025-10-21T17:00,31.2987
2025-10-21T18:00,30.3077
2025-10-21T19:00,29.715000000000003
2025-10-21T20:00,29.1212
2025-10-21T21:00,29.3502
2025-10-21T22:00,28.4467
2025-10-21T23:00,29.5569
2025-10-22T00:00,28.873500000000003
2025-10-22T01:00,28.3859
2025-10-22T02:00,28.109
2025-10-22T03:00,27.6877
2025-10-22T04:00,27.2936
2025-10-22T05:00,26.99
2025-10-22T06:00,27.129000000000005
2025-10-22T07:00,28.1179
2025-10-22T08:00,30.4864
2025-10-22T09:00,32.7393
2025-10-22T10:00,33.4362
2025-10-22T11:00,34.39540000000001
2025-10-22T12:00,34.16420000000001
2025-10-22T13:00,34.1034
2025-10-22T14:00,33.4463
2025-10-22T15:00,32.924
2025-10-22T16:00,32.4647
2025-10-22T17:00,31.606600000000004
2025-10-22T18:00,30.001700000000007
2025-10-22T19:00,29.3793
2025-10-22T20:00,28.708699999999997
2025-10-22T21:00,27.6846
2025-10-22T22:00,26.997899999999998
2025-10-22T23:00,27.279500000000002
2025-10-23T00:00,26.5938
2025-10-23T01:00,25.8707
2025-10-23T02:00,25.2159
2025-10-23T03:00,24.628600000000006
2025-10-23T04:00,24.059800000000003
2025-10-23T05:00,24.824900000000003
2025-10-23T06:00,24.6427
2025-10-23T07:00,25.809199999999997
2025-10-23T08:00,28.271499999999996
2025-10-23T09:00,30.5915
2025-10-23T10:00,32.3543
2025-10-23T11:00,33.640100000000004
2025-10-23T12:00,33.558499999999995
2025-10-23T13:00,32.8086
2025-10-23T14:00,32.5687
2025-10-23T15:00,32.0372
2025-10-23T16:00,31.4384
2025-10-23T17:00,29.2897
2025-10-23T18:00,28.247700000000002
2025-10-23T19:00,27.5563
2025-10-23T20:00,27.134700000000002
2025-10-23T21:00,26.4036
2025-10-23T22:00,26.078000000000003
2025-10-23T23:00,25.710300000000004
2025-10-24T00:00,25.230900000000002
2025-10-24T01:00,24.736700000000003
2025-10-24T02:00,23.9143
2025-10-24T03:00,23.5366
2025-10-24T04:00,23.009
2025-10-24T05:00,23.5415
2025-10-24T06:00,23.6012
2025-10-24T07:00,24.6659
2025-10-24T08:00,27.4083
2025-10-24T09:00,30.0402
2025-10-24T10:00,32.00020000000001
2025-10-24T11:00,32.7928
2025-10-24T12:00,33.437200000000004
2025-10-24T13:00,33.071600000000004
2025-10-24T14:00,32.1032
2025-10-24T15:00,31.3141
2025-10-24T16:00,30.840300000000003
2025-10-24T17:00,29.7311
2025-10-24T18:00,29.0726
2025-10-24T19:00,27.9134
2025-10-24T20:00,27.080000000000002
2025-10-24T21:00,26.5896
2025-10-24T22:00,25.9299
2025-10-24T23:00,24.964000000000002
2025-10-25T00:00,24.0414
2025-10-25T01:00,23.327600000000004
2025-10-25T02:00,22.9103
2025-10-25T03:00,22.5419
2025-10-25T04:00,22.266300000000005
2025-10-25T05:00,22.810200000000002
2025-10-25T06:00,22.7364
2025-10-25T07:00,24.0062
2025-10-25T08:00,26.924099999999996
2025-10-25T09:00,29.5135
2025-10-25T10:00,30.919400000000003
2025-10-25T11:00,31.9963
2025-10-25T12:00,33.042100000000005
2025-10-25T13:00,33.0878
2025-10-25T14:00,32.2597
2025-10-25T15:00,31.728900000000003
2025-10-25T16:00,31.0127
2025-10-25T17:00,28.8354
2025-10-25T18:00,27.903600000000004
2025-10-25T19:00,26.9516
2025-10-25T20:00,26.2478
2025-10-25T21:00,25.647199999999998
2025-10-25T22:00,24.888699999999996
2025-10-25T23:00,24.922200000000004
2025-10-26T00:00,24.160800000000002
2025-10-26T01:00,23.1337
2025-10-26T02:00,22.5079
2025-10-26T03:00,21.8088
2025-10-26T04:00,21.415399999999998
2025-10-26T05:00,21.1609
2025-10-26T06:00,20.8265
2025-10-26T07:00,22.214900000000004
2025-10-26T08:00,24.9811
2025-10-26T09:00,27.4602
2025-10-26T10:00,29.407700000000002
2025-10-26T11:00,31.2248
2025-10-26T12:00,32.1457
2025-10-26T13:00,31.958700000000004
2025-10-26T14:00,31.5213
2025-10-26T15:00,31.024800000000003
2025-10-26T16:00,30.481800000000003
2025-10-26T17:00,29.0422
2025-10-26T18:00,28.212200000000003
2025-10-26T19:00,27.433999999999997
2025-10-26T20:00,27.0537
2025-10-26T21:00,26.557199999999998
2025-10-26T22:00,25.6712
2025-10-26T23:00,24.6061
2025-10-27T00:00,23.9575
2025-10-27T01:00,23.402900000000002
2025-10-27T02:00,23.053
2025-10-27T03:00,22.718500000000002
2025-10-27T04:00,22.340000000000003
2025-10-27T05:00,22.0304
2025-10-27T06:00,21.828000000000003
2025-10-27T07:00,22.8136
2025-10-27T08:00,25.163300000000003
2025-10-27T09:00,27.415
2025-10-27T10:00,28.948800000000002
2025-10-27T11:00,29.645400000000002
2025-10-27T12:00,30.301700000000004
2025-10-27T13:00,29.883700000000005
2025-10-27T14:00,28.6973
2025-10-27T15:00,26.227
2025-10-27T16:00,26.0455
2025-10-27T17:00,26.730400000000003
2025-10-27T18:00,26.0021
2025-10-27T19:00,25.6924
2025-10-27T20:00,25.530900000000003
2025-10-27T21:00,24.9618
2025-10-27T22:00,24.7423
2025-10-27T23:00,24.5023
2025-10-28T00:00,24.2297
2025-10-28T01:00,23.605800000000002
2025-10-28T02:00,23.218600000000002
2025-10-28T03:00,23.299300000000002
2025-10-28T04:00,22.8942
2025-10-28T05:00,23.3221
2025-10-28T06:00,23.164700000000003
2025-10-28T07:00,23.1183
2025-10-28T08:00,23.8373
2025-10-28T09:00,24.8843
2025-10-28T10:00,25.5578
2025-10-28T11:00,26.834200000000003
2025-10-28T12:00,27.0687
2025-10-28T13:00,26.9739
2025-10-28T14:00,27.238400000000002
2025-10-28T15:00,27.471100000000003
2025-10-28T16:00,27.028700000000004
2025-10-28T17:00,25.8469
2025-10-28T18:00,25.113400000000002
2025-10-28T19:00,24.611400000000003
2025-10-28T20:00,24.366200000000003
2025-10-28T21:00,24.0519
2025-10-28T22:00,23.9758
2025-10-28T23:00,23.5755
2025-10-29T00:00,23.6942
2025-10-29T01:00,23.6422
2025-10-29T02:00,23.397000000000002
2025-10-29T03:00,23.1006
2025-10-29T04:00,22.812800000000003
2025-10-29T05:00,22.7462
2025-10-29T06:00,22.862600000000004
2025-10-29T07:00,23.6916
2025-10-29T08:00,25.643900000000002
2025-10-29T09:00,27.575200000000002
2025-10-29T10:00,28.870200000000004
2025-10-29T11:00,30.098300000000002
2025-10-29T12:00,30.778
2025-10-29T13:00,30.6832
2025-10-29T14:00,30.460500000000003
2025-10-29T15:00,30.327800000000003
2025-10-29T16:00,30.026899999999998
2025-10-29T17:00,29.2881
2025-10-29T18:00,28.2953
2025-10-29T19:00,27.725700000000003
2025-10-29T20:00,27.1542
2025-10-29T21:00,26.555600000000002
2025-10-29T22:00,25.9351
2025-10-29T23:00,26.3054
2025-10-30T00:00,25.9774
2025-10-30T01:00,25.8184
2025-10-30T02:00,25.596700000000002
2025-10-30T03:00,25.225200000000005
2025-10-30T04:00,25.3417
2025-10-30T05:00,25.614
2025-10-30T06:00,25.363799999999998
2025-10-30T07:00,25.772100000000002
2025-10-30T08:00,26.434800000000003
2025-10-30T09:00,27.9245
2025-10-30T10:00,28.605
2025-10-30T11:00,28.3594
2025-10-30T12:00,28.2355
2025-10-30T13:00,28.182000000000002
2025-10-30T14:00,27.9725
2025-10-30T15:00,27.0893
2025-10-30T16:00,26.6935
2025-10-30T17:00,26.223300000000002
2025-10-30T18:00,25.9594
2025-10-30T19:00,25.4938
2025-10-30T20:00,25.3302
2025-10-30T21:00,25.2176
2025-10-30T22:00,25.0205
2025-10-30T23:00,25.2923
2025-10-31T00:00,25.5011
2025-10-31T01:00,25.386200000000002
2025-10-31T02:00,25.275299999999998
2025-10-31T03:00,25.127100000000002
2025-10-31T04:00,25.020800000000005
2025-10-31T05:00,24.5464
2025-10-31T06:00,24.8768
2025-10-31T07:00,25.4036
2025-10-31T08:00,26.5963
2025-10-31T09:00,27.513400000000004
2025-10-31T10:00,28.740099999999998
2025-10-31T11:00,30.006500000000003
2025-10-31T12:00,30.477300000000003
2025-10-31T13:00,30.7789
2025-10-31T14:00,30.829300000000003
2025-10-31T15:00,30.699000000000005
2025-10-31T16:00,30.380200000000002
2025-10-31T17:00,30.0522
2025-10-31T18:00,29.0661
2025-10-31T19:00,28.3594
2025-10-31T20:00,27.790100000000002
2025-10-31T21:00,27.353399999999997
2025-10-31T22:00,26.662999999999997
2025-10-31T23:00,26.690200000000004
2025-11-01T00:00,26.347299999999997
2025-11-01T01:00,25.8809
2025-11-01T02:00,25.4875
2025-11-01T03:00,25.0515
2025-11-01T04:00,24.552599999999998
2025-11-01T05:00,24.585100000000004
2025-11-01T06:00,24.7008
2025-11-01T07:00,25.2201
2025-11-01T08:00,27.151300000000003
2025-11-01T09:00,28.976100000000002
2025-11-01T10:00,30.2845
2025-11-01T11:00,30.6142
2025-11-01T12:00,30.8267
2025-11-01T13:00,30.8903
2025-11-01T14:00,30.372899999999998
2025-11-01T15:00,30.157400000000003
2025-11-01T16:00,29.724600000000002
2025-11-01T17:00,28.495800000000003
2025-11-01T18:00,27.398000000000003
2025-11-01T19:00,26.5716
2025-11-01T20:00,25.956500000000002
2025-11-01T21:00,25.3404
2025-11-01T22:00,24.8375
2025-11-01T23:00,24.901300000000003
2025-11-02T00:00,24.3809
2025-11-02T01:00,23.802000000000003
2025-11-02T02:00,23.1974
2025-11-02T03:00,22.6069
2025-11-02T04:00,22.108
2025-11-02T05:00,22.243000000000002
2025-11-02T06:00,22.150700000000004
2025-11-02T07:00,23.174500000000002
2025-11-02T08:00,25.6058
2025-11-02T09:00,27.683
2025-11-02T10:00,29.358900000000006
2025-11-02T11:00,30.094000000000005
2025-11-02T12:00,29.697499999999998
2025-11-02T13:00,29.5291
2025-11-02T14:00,29.078300000000002
2025-11-02T15:00,28.9309
2025-11-02T16:00,28.419500000000003
2025-11-02T17:00,27.318900000000003
2025-11-02T18:00,26.1147
2025-11-02T19:00,25.1681
2025-11-02T20:00,24.117400000000004
2025-11-02T21:00,23.250600000000002
2025-11-02T22:00,22.488599999999998
2025-11-02T23:00,22.559300000000004
2025-11-03T00:00,22.068299999999997
2025-11-03T01:00,21.4988
2025-11-03T02:00,20.8138
2025-11-03T03:00,20.169
2025-11-03T04:00,19.5971
2025-11-03T05:00,19.4822
2025-11-03T06:00,19.386
2025-11-03T07:00,20.1941
2025-11-03T08:00,22.645599999999998
2025-11-03T09:00,25.050900000000002
2025-11-03T10:00,27.035600000000002
2025-11-03T11:00,29.183
2025-11-03T12:00,29.7321
2025-11-03T13:00,29.764600000000005
2025-11-03T14:00,28.925200000000004
2025-11-03T15:00,28.7313
2025-11-03T16:00,27.9142
2025-11-03T17:00,25.688000000000002
2025-11-03T18:00,24.530300000000004
2025-11-03T19:00,23.5982
2025-11-03T20:00,23.0586
2025-11-03T21:00,22.4348
2025-11-03T22:00,21.6823
2025-11-03T23:00,22.068
2025-11-04T00:00,20.846
2025-11-04T01:00,20.2018
2025-11-04T02:00,19.3245
2025-11-04T03:00,18.5067
2025-11-04T04:00,18.7884
2025-11-04T05:00,19.089
2025-11-04T06:00,19.6421
2025-11-04T07:00,20.4457
2025-11-04T08:00,23.350500000000004
2025-11-04T09:00,25.8807
2025-11-04T10:00,27.9555
2025-11-04T11:00,29.5801
2025-11-04T12:00,30.0658
2025-11-04T13:00,29.5654
2025-11-04T14:00,29.1218
2025-11-04T15:00,28.816900000000004
2025-11-04T16:00,28.999200000000002
2025-11-04T17:00,27.1166
2025-11-04T18:00,25.639300000000002
2025-11-04T19:00,24.618100000000002
2025-11-04T20:00,23.7259
2025-11-04T21:00,23.170899999999996
2025-11-04T22:00,22.882200000000005
2025-11-04T23:00,23.9796
2025-11-05T00:00,23.638900000000003
2025-11-05T01:00,23.348300000000002
2025-11-05T02:00,22.6962
2025-11-05T03:00,22.3183
2025-11-05T04:00,21.9195
2025-11-05T05:00,21.235200000000003
2025-11-05T06:00,21.1615
2025-11-05T07:00,22.142400000000002
2025-11-05T08:00,25.192100000000003
2025-11-05T09:00,27.8305
2025-11-05T10:00,29.460600000000003
2025-11-05T11:00,31.2461
2025-11-05T12:00,31.541200000000003
2025-11-05T13:00,30.6373
2025-11-05T14:00,29.9823
2025-11-05T15:00,29.4081
2025-11-05T16:00,28.757900000000003
2025-11-05T17:00,27.7473
2025-11-05T18:00,26.5353
2025-11-05T19:00,25.1199
2025-11-05T20:00,24.052200000000003
2025-11-05T21:00,23.208
2025-11-05T22:00,22.266000000000002
2025-11-05T23:00,22.410300000000003
2025-11-06T00:00,21.5111
2025-11-06T01:00,20.561500000000002
2025-11-06T02:00,19.4754
2025-11-06T03:00,18.4365
2025-11-06T04:00,17.6086
2025-11-06T05:00,17.870800000000003
2025-11-06T06:00,17.572100000000002
2025-11-06T07:00,18.291700000000002
2025-11-06T08:00,20.5012
2025-11-06T09:00,22.706500000000002
2025-11-06T10:00,24.5526
2025-11-06T11:00,26.183400000000002
2025-11-06T12:00,26.6999
2025-11-06T13:00,26.5469
2025-11-06T14:00,25.7941
2025-11-06T15:00,25.411500000000004
2025-11-06T16:00,24.6245
2025-11-06T17:00,22.610500000000002
2025-11-06T18:00,21.503100000000003
2025-11-06T19:00,20.337500000000002
2025-11-06T20:00,19.3319
2025-11-06T21:00,18.495399999999997
2025-11-06T22:00,17.704
2025-11-06T23:00,17.358700000000002
2025-11-07T00:00,16.6348
2025-11-07T01:00,15.950500000000002
2025-11-07T02:00,15.4516
2025-11-07T03:00,14.8719
2025-11-07T04:00,14.343400000000003
2025-11-07T05:00,14.709700000000002
2025-11-07T06:00,14.4902
2025-11-07T07:00,15.194300000000002
2025-11-07T08:00,17.3991
2025-11-07T09:00,19.7292
2025-11-07T10:00,22.0469
2025-11-07T11:00,24.7329
2025-11-07T12:00,26.032499999999995
2025-11-07T13:00,26.157300000000003
2025-11-07T14:00,25.579900000000002
2025-11-07T15:00,25.3146
2025-11-07T16:00,24.338300000000004
2025-11-07T17:00,22.2357
2025-11-07T18:00,21.196
2025-11-07T19:00,20.1516
2025-11-07T20:00,19.114900000000002
2025-11-07T21:00,18.250500000000002
2025-11-07T22:00,17.4327
2025-11-07T23:00,17.0619
2025-11-08T00:00,16.2495
2025-11-08T01:00,15.5612
2025-11-08T02:00,15.0281
2025-11-08T03:00,14.5494
2025-11-08T04:00,14.122600000000002
2025-11-08T05:00,13.814600000000002
2025-11-08T06:00,13.5951
2025-11-08T07:00,14.4458
2025-11-08T08:00,16.9781
2025-11-08T09:00,19.8639
2025-11-08T10:00,22.3307
2025-11-08T11:00,24.417900000000003
2025-11-08T12:00,25.563200000000002
2025-11-08T13:00,25.834699999999998
2025-11-08T14:00,25.223200000000002
2025-11-08T15:00,24.8647
2025-11-08T16:00,23.904
2025-11-08T17:00,21.788800000000002
2025-11-08T18:00,20.9391
2025-11-08T19:00,19.9838
2025-11-08T20:00,19.041000000000004
2025-11-08T21:00,18.3001
2025-11-08T22:00,17.580000000000002
2025-11-08T23:00,16.9693
2025-11-09T00:00,16.2601
2025-11-09T01:00,15.606800000000002
2025-11-09T02:00,14.9511
2025-11-09T03:00,14.344300000000002
2025-11-09T04:00,13.791800000000002
2025-11-09T05:00,13.5211
2025-11-09T06:00,13.188299999999998
2025-11-09T07:00,14.0391
2025-11-09T08:00,16.6265
2025-11-09T09:00,19.5247
2025-11-09T10:00,22.0008
2025-11-09T11:00,23.837400000000002
2025-11-09T12:00,25.0229
2025-11-09T13:00,25.375800000000005
2025-11-09T14:00,24.9707
2025-11-09T15:00,24.678999999999995
2025-11-09T16:00,23.8642
2025-11-09T17:00,21.8647
2025-11-09T18:00,20.7473
2025-11-09T19:00,19.6485
2025-11-09T20:00,18.6445
2025-11-09T21:00,17.8632
2025-11-09T22:00,17.084100000000003
2025-11-09T23:00,16.603
2025-11-10T00:00,15.757900000000001
2025-11-10T01:00,14.9151
2025-11-10T02:00,14.2897
2025-11-10T03:00,13.7504
2025-11-10T04:00,13.204900000000002
2025-11-10T05:00,13.0917
2025-11-10T06:00,12.773600000000002
2025-11-10T07:00,14.0699
2025-11-10T08:00,16.7482
2025-11-10T09:00,19.884700000000002
2025-11-10T10:00,22.357599999999998
2025-11-10T11:00,24.429299999999998
2025-11-10T12:00,25.4255
2025-11-10T13:00,25.4883
2025-11-10T14:00,24.986200000000004
2025-11-10T15:00,24.6642
2025-11-10T16:00,23.922400000000003
2025-11-10T17:00,21.923299999999998
2025-11-10T18:00,20.927
2025-11-10T19:00,19.793300000000002
2025-11-10T20:00,18.836600000000004
2025-11-10T21:00,17.913300000000003
2025-11-10T22:00,17.0807
2025-11-10T23:00,16.6056
2025-11-11T00:00,15.2702
2025-11-11T01:00,14.381
2025-11-11T02:00,13.711
2025-11-11T03:00,13.284300000000002
2025-11-11T04:00,12.928200000000002
2025-11-11T05:00,13.059400000000002
2025-11-11T06:00,12.929100000000002
2025-11-11T07:00,13.8808
2025-11-11T08:00,16.6692
2025-11-11T09:00,19.8514
2025-11-11T10:00,22.328899999999997
2025-11-11T11:00,24.297300000000003
2025-11-11T12:00,25.0537
2025-11-11T13:00,25.208000000000002
2025-11-11T14:00,24.787399999999998
2025-11-11T15:00,24.501199999999997
2025-11-11T16:00,23.7437
2025-11-11T17:00,21.5316
2025-11-11T18:00,20.415100000000002
2025-11-11T19:00,19.4886
2025-11-11T20:00,18.7576
2025-11-11T21:00,18.030600000000003
2025-11-11T22:00,17.371000000000002
2025-11-11T23:00,16.811500000000002
2025-11-12T00:00,15.9386
2025-11-12T01:00,15.182000000000002
2025-11-12T02:00,14.628
2025-11-12T03:00,14.1283
2025-11-12T04:00,13.5868
2025-11-12T05:00,13.2105
2025-11-12T06:00,12.974
2025-11-12T07:00,13.717
2025-11-12T08:00,16.261
2025-11-12T09:00,19.326
2025-11-12T10:00,21.950200000000002
2025-11-12T11:00,24.186400000000003
2025-11-12T12:00,25.1027
2025-11-12T13:00,25.153800000000004
2025-11-12T14:00,24.735500000000002
2025-11-12T15:00,24.4958
2025-11-12T16:00,23.6833
2025-11-12T17:00,21.5852
2025-11-12T18:00,20.6719
2025-11-12T19:00,19.4558
2025-11-12T20:00,18.610600000000005
2025-11-12T21:00,18.0502
2025-11-12T22:00,17.2874
2025-11-12T23:00,16.8007
2025-11-13T00:00,15.383500000000002
2025-11-13T01:00,14.8001
2025-11-13T02:00,14.1313
2025-11-13T03:00,13.705400000000001
2025-11-13T04:00,13.395100000000003
2025-11-13T05:00,12.9466
2025-11-13T06:00,12.590499999999999
2025-11-13T07:00,13.3831
2025-11-13T08:00,16.085500000000003
2025-11-13T09:00,19.194899999999997
2025-11-13T10:00,21.7749
2025-11-13T11:00,23.966199999999997
2025-11-13T12:00,24.881700000000002
2025-11-13T13:00,24.932800000000004
2025-11-13T14:00,24.461
2025-11-13T15:00,24.149900000000002
2025-11-13T16:00,23.3746
2025-11-13T17:00,21.234700000000004
2025-11-13T18:00,20.111099999999997
2025-11-13T19:00,19.0441
2025-11-13T20:00,18.192100000000003
2025-11-13T21:00,17.3781
2025-11-13T22:00,16.5974
2025-11-13T23:00,16.0961
2025-11-14T00:00,15.255700000000001
2025-11-14T01:00,14.5372
2025-11-14T02:00,13.899400000000002
2025-11-14T03:00,13.277099999999999
2025-11-14T04:00,12.8046
2025-11-14T05:00,12.641599999999999
2025-11-14T06:00,12.467799999999999
2025-11-14T07:00,13.4662
2025-11-14T08:00,16.209
2025-11-14T09:00,19.354000000000003
2025-11-14T10:00,21.6888
2025-11-14T11:00,23.4113
2025-11-14T12:00,24.2004
2025-11-14T13:00,24.2989
2025-11-14T14:00,23.980600000000003
2025-11-14T15:00,23.5631
2025-11-14T16:00,22.772299999999998
2025-11-14T17:00,20.8916
2025-11-14T18:00,19.9931
2025-11-14T19:00,18.834500000000002
2025-11-14T20:00,17.9864
2025-11-14T21:00,17.1445
2025-11-14T22:00,16.3475
2025-11-14T23:00,15.7498
2025-11-15T00:00,14.911800000000001
2025-11-15T01:00,14.172400000000001
2025-11-15T02:00,13.6006
2025-11-15T03:00,12.939400000000003
2025-11-15T04:00,12.325700000000001
2025-11-15T05:00,11.954799999999999
2025-11-15T06:00,11.8556
2025-11-15T07:00,12.829199999999998
2025-11-15T08:00,15.702300000000001
2025-11-15T09:00,18.9505
2025-11-15T10:00,21.386200000000002
2025-11-15T11:00,23.234299999999998
2025-11-15T12:00,24.199499999999997
2025-11-15T13:00,24.331300000000002
2025-11-15T14:00,24.0239
2025-11-15T15:00,23.735200000000003
2025-11-15T16:00,23.158600000000003
2025-11-15T17:00,21.404400000000003
2025-11-15T18:00,20.3889
2025-11-15T19:00,19.480900000000002
2025-11-15T20:00,18.483000000000004
2025-11-15T21:00,17.4051
2025-11-15T22:00,16.4971
2025-11-15T23:00,15.881
2025-11-16T00:00,14.984900000000001
2025-11-16T01:00,14.243900000000002
2025-11-16T02:00,13.566499999999998
2025-11-16T03:00,12.8448
2025-11-16T04:00,12.1496
2025-11-16T05:00,11.8811
2025-11-16T06:00,11.804399999999998
2025-11-16T07:00,12.712700000000002
2025-11-16T08:00,15.5773
2025-11-16T09:00,18.928800000000003
2025-11-16T10:00,21.5359
2025-11-16T11:00,23.358400000000003
2025-11-16T12:00,24.5665
2025-11-16T13:00,24.738699999999998
2025-11-16T14:00,24.4841
2025-11-16T15:00,23.982
2025-11-16T16:00,23.100400000000004
2025-11-16T17:00,21.1708
2025-11-16T18:00,20.1038
2025-11-16T19:00,19.1889
2025-11-16T20:00,18.2306
2025-11-16T21:00,17.1854
2025-11-16T22:00,16.4637
2025-11-16T23:00,15.923600000000002
2025-11-17T00:00,14.492900000000002
2025-11-17T01:00,13.8506
2025-11-17T02:00,13.2407
2025-11-17T03:00,12.739400000000002
2025-11-17T04:00,12.3616
2025-11-17T05:00,12.130500000000001
2025-11-17T06:00,11.879199999999999
2025-11-17T07:00,12.7185
2025-11-17T08:00,15.730500000000001
2025-11-17T09:00,19.0896
2025-11-17T10:00,21.753400000000003
2025-11-17T11:00,23.796300000000002
2025-11-17T12:00,24.955299999999998
2025-11-17T13:00,25.2035
2025-11-17T14:00,25.093900000000005
2025-11-17T15:00,24.796599999999998
2025-11-17T16:00,23.9839
2025-11-17T17:00,21.7462
2025-11-17T18:00,20.7198
2025-11-17T19:00,19.8166
2025-11-17T20:00,18.837400000000002
2025-11-17T21:00,18.1135
2025-11-17T22:00,17.531399999999998
2025-11-17T23:00,16.7019
2025-11-18T00:00,15.6606
2025-11-18T01:00,14.9102
2025-11-18T02:00,14.302600000000002
2025-11-18T03:00,13.8083
2025-11-18T04:00,13.3156
2025-11-18T05:00,13.3029
2025-11-18T06:00,12.912099999999999
2025-11-18T07:00,13.774700000000001
2025-11-18T08:00,16.7404
2025-11-18T09:00,19.9997
2025-11-18T10:00,22.4471
2025-11-18T11:00,24.3473
2025-11-18T12:00,25.688100000000002
2025-11-18T13:00,25.8144
2025-11-18T14:00,25.576800000000002
2025-11-18T15:00,25.2166
2025-11-18T16:00,24.389300000000002
2025-11-18T17:00,22.418499999999998
2025-11-18T18:00,21.6293
2025-11-18T19:00,21.0899
2025-11-18T20:00,20.2643
2025-11-18T21:00,19.3423
2025-11-18T22:00,18.258400000000005
2025-11-18T23:00,17.3856
2025-11-19T00:00,16.5801
2025-11-19T01:00,16.0541
2025-11-19T02:00,15.384599999999999
2025-11-19T03:00,14.9113
2025-11-19T04:00,14.5816
2025-11-19T05:00,14.261099999999999
2025-11-19T06:00,13.656699999999999
2025-11-19T07:00,14.241200000000001
2025-11-19T08:00,17.2478
2025-11-19T09:00,20.66
2025-11-19T10:00,23.200499999999998
2025-11-19T11:00,24.826
2025-11-19T12:00,25.968999999999998
2025-11-19T13:00,26.158199999999997
2025-11-19T14:00,26.0301
2025-11-19T15:00,25.7165
2025-11-19T16:00,25.0616
2025-11-19T17:00,23.195300000000003
2025-11-19T18:00,22.305
2025-11-19T19:00,21.118699999999997
2025-11-19T20:00,20.2645
2025-11-19T21:00,19.3798
2025-11-19T22:00,18.8444
2025-11-19T23:00,18.426199999999998
2025-11-20T00:00,17.4654
2025-11-20T01:00,16.7298
2025-11-20T02:00,16.148799999999998
2025-11-20T03:00,15.583999999999998
2025-11-20T04:00,15.1372
2025-11-20T05:00,14.7989
2025-11-20T06:00,14.487900000000002
2025-11-20T07:00,15.4387
2025-11-20T08:00,18.207099999999997
2025-11-20T09:00,21.4173
2025-11-20T10:00,23.9041
2025-11-20T11:00,25.0393
2025-11-20T12:00,26.2002
2025-11-20T13:00,26.298600000000004
2025-11-20T14:00,26.259
2025-11-20T15:00,25.9424
2025-11-20T16:00,25.2908
2025-11-20T17:00,23.5714
2025-11-20T18:00,22.991799999999998
2025-11-20T19:00,21.534299999999998
2025-11-20T20:00,20.612000000000002
2025-11-20T21:00,20.0222
2025-11-20T22:00,19.0973
2025-11-20T23:00,18.6456
2025-11-21T00:00,17.7131
2025-11-21T01:00,16.9861
2025-11-21T02:00,16.4445
2025-11-21T03:00,16.003
2025-11-21T04:00,15.470700000000003
2025-11-21T05:00,15.077399999999999
2025-11-21T06:00,14.7914
2025-11-21T07:00,15.561399999999999
2025-11-21T08:00,18.677300000000002
2025-11-21T09:00,21.990700000000004
2025-11-21T10:00,24.186600000000002
2025-11-21T11:00,25.325700000000005
2025-11-21T12:00,26.5804
2025-11-21T13:00,26.622899999999998
2025-11-21T14:00,26.4948
2025-11-21T15:00,26.0291
2025-11-21T16:00,25.311500000000002
2025-11-21T17:00,23.1949
2025-11-21T18:00,22.537399999999998
2025-11-21T19:00,21.6961
2025-11-21T20:00,20.4253
2025-11-21T21:00,19.542900000000003
2025-11-21T22:00,18.773300000000003
2025-11-21T23:00,18.3612
2025-11-22T00:00,17.534
2025-11-22T01:00,16.8984
2025-11-22T02:00,16.3668
2025-11-22T03:00,15.921300000000002
2025-11-22T04:00,15.439400000000003
2025-11-22T05:00,15.106800000000002
2025-11-22T06:00,14.9115
2025-11-22T07:00,15.5853
2025-11-22T08:00,18.414900000000003
2025-11-22T09:00,21.873400000000004
2025-11-22T10:00,24.0708
2025-11-22T11:00,24.7057
2025-11-22T12:00,25.6849
2025-11-22T13:00,25.583199999999998
2025-11-22T14:00,25.2999
2025-11-22T15:00,24.779999999999998
2025-11-22T16:00,24.053600000000003
2025-11-22T17:00,22.284200000000002
2025-11-22T18:00,21.5059
2025-11-22T19:00,20.402800000000003
2025-11-22T20:00,19.213099999999997
2025-11-22T21:00,18.3577
2025-11-22T22:00,17.5283
2025-11-22T23:00,17.4154
2025-11-23T00:00,16.4401
2025-11-23T01:00,15.4864
2025-11-23T02:00,14.9626
2025-11-23T03:00,14.3458
2025-11-23T04:00,13.903500000000001
2025-11-23T05:00,13.642199999999999
2025-11-23T06:00,13.534400000000002
2025-11-23T07:00,14.225200000000001
2025-11-23T08:00,17.1091
2025-11-23T09:00,20.7825
2025-11-23T10:00,22.8449
2025-11-23T11:00,23.954500000000003
2025-11-23T12:00,24.8684
2025-11-23T13:00,24.679000000000002
2025-11-23T14:00,24.4199
2025-11-23T15:00,23.973
2025-11-23T16:00,22.982000000000003
2025-11-23T17:00,21.1229
2025-11-23T18:00,20.277800000000003
2025-11-23T19:00,19.5971
2025-11-23T20:00,18.5922
2025-11-23T21:00,17.584200000000003
2025-11-23T22:00,16.695
2025-11-23T23:00,16.197699999999998
2025-11-24T00:00,15.232299999999999
2025-11-24T01:00,14.6239
2025-11-24T02:00,13.8921
2025-11-24T03:00,13.429099999999998
2025-11-24T04:00,12.9358
2025-11-24T05:00,12.6643
2025-11-24T06:00,12.484300000000001
2025-11-24T07:00,13.2148
2025-11-24T08:00,15.979299999999999
2025-11-24T09:00,19.372000000000003
2025-11-24T10:00,21.8246
2025-11-24T11:00,23.0886
2025-11-24T12:00,24.2229
2025-11-24T13:00,24.203400000000002
2025-11-24T14:00,23.9527
2025-11-24T15:00,23.471600000000002
2025-11-24T16:00,22.6949
2025-11-24T17:00,20.7395
2025-11-24T18:00,19.8857
2025-11-24T19:00,19.0607
2025-11-24T20:00,18.1163
2025-11-24T21:00,16.9617
2025-11-24T22:00,15.9374
2025-11-24T23:00,15.1639
2025-11-25T00:00,14.0202
2025-11-25T01:00,13.103100000000001
2025-11-25T02:00,12.7098
2025-11-25T03:00,11.8975
2025-11-25T04:00,11.449800000000002
2025-11-25T05:00,11.2024
2025-11-25T06:00,11.0192
2025-11-25T07:00,11.6908
2025-11-25T08:00,14.327300000000001
2025-11-25T09:00,17.7789
2025-11-25T10:00,20.303
2025-11-25T11:00,21.9961
2025-11-25T12:00,22.9224
2025-11-25T13:00,23.043300000000002
2025-11-25T14:00,22.869400000000002
2025-11-25T15:00,22.4892
2025-11-25T16:00,21.6015
2025-11-25T17:00,19.3141
2025-11-25T18:00,18.299000000000003
2025-11-25T19:00,17.2637
2025-11-25T20:00,16.3434
2025-11-25T21:00,15.601600000000001
2025-11-25T22:00,14.8955
2025-11-25T23:00,14.312100000000001
2025-11-26T00:00,13.6572
2025-11-26T01:00,13.166000000000002
2025-11-26T02:00,12.3381
2025-11-26T03:00,11.600200000000001
2025-11-26T04:00,11.1804
2025-11-26T05:00,10.7552
2025-11-26T06:00,10.479800000000001
2025-11-26T07:00,11.1892
2025-11-26T08:00,13.907300000000003
2025-11-26T09:00,17.3116
2025-11-26T10:00,20.035199999999996
2025-11-26T11:00,21.3055
2025-11-26T12:00,22.590200000000003
2025-11-26T13:00,22.8911
2025-11-26T14:00,22.733500000000003
2025-11-26T15:00,22.3734
2025-11-26T16:00,21.443
2025-11-26T17:00,19.071299999999997
2025-11-26T18:00,18.1765
2025-11-26T19:00,17.067600000000002
2025-11-26T20:00,16.0447
2025-11-26T21:00,15.3982
2025-11-26T22:00,14.795200000000001
2025-11-26T23:00,14.1092
2025-11-27T00:00,13.1338
2025-11-27T01:00,12.6883
2025-11-27T02:00,12.2453
2025-11-27T03:00,11.7316
2025-11-27T04:00,11.078199999999999
2025-11-27T05:00,10.9746
2025-11-27T06:00,10.8079
2025-11-27T07:00,11.2652
2025-11-27T08:00,14.1004
2025-11-27T09:00,17.6678
2025-11-27T10:00,20.2636
2025-11-27T11:00,21.7303
2025-11-27T12:00,23.1944
2025-11-27T13:00,23.5574
2025-11-27T14:00,23.441699999999997
2025-11-27T15:00,23.064499999999995
2025-11-27T16:00,22.3273
2025-11-27T17:00,20.067700000000002
2025-11-27T18:00,19.02
2025-11-27T19:00,17.776
2025-11-27T20:00,16.9604
2025-11-27T21:00,15.949200000000001
2025-11-27T22:00,14.987100000000002
2025-11-27T23:00,14.405800000000001
2025-11-28T00:00,13.272100000000002
2025-11-28T01:00,12.6095
2025-11-28T02:00,12.097299999999999
2025-11-28T03:00,11.594600000000002
2025-11-28T04:00,11.299000000000003
2025-11-28T05:00,10.974
2025-11-28T06:00,10.6745
2025-11-28T07:00,11.459200000000001
2025-11-28T08:00,13.986199999999998
2025-11-28T09:00,17.3294
2025-11-28T10:00,19.9817
2025-11-28T11:00,21.983700000000002
2025-11-28T12:00,23.512300000000003
2025-11-28T13:00,23.8055
2025-11-28T14:00,23.945
2025-11-28T15:00,23.7207
2025-11-28T16:00,22.834500000000006
2025-11-28T17:00,20.770500000000002
2025-11-28T18:00,19.8611
2025-11-28T19:00,18.6917
2025-11-28T20:00,17.674300000000002
2025-11-28T21:00,17.0365
2025-11-28T22:00,16.2885
2025-11-28T23:00,15.5731
2025-11-29T00:00,14.9679
2025-11-29T01:00,14.316200000000002
2025-11-29T02:00,13.768400000000002
2025-11-29T03:00,13.219000000000001
2025-11-29T04:00,12.624600000000001
2025-11-29T05:00,12.0069
2025-11-29T06:00,11.8867
2025-11-29T07:00,12.299000000000001
2025-11-29T08:00,14.5388
2025-11-29T09:00,17.4923
2025-11-29T10:00,19.8442
2025-11-29T11:00,22.2643
2025-11-29T12:00,23.8169
2025-11-29T13:00,24.0808
2025-11-29T14:00,23.9682
2025-11-29T15:00,23.6616
2025-11-29T16:00,22.945400000000003
2025-11-29T17:00,20.8721
2025-11-29T18:00,20.066100000000002
2025-11-29T19:00,19.1139
2025-11-29T20:00,18.279
2025-11-29T21:00,17.508599999999998
2025-11-29T22:00,16.6552
2025-11-29T23:00,15.8791
2025-11-30T00:00,15.0163
2025-11-30T01:00,14.233400000000003
2025-11-30T02:00,13.4359
2025-11-30T03:00,12.8431
2025-11-30T04:00,12.2673
2025-11-30T05:00,11.903400000000001
2025-11-30T06:00,11.592400000000001
2025-11-30T07:00,11.886
2025-11-30T08:00,13.886099999999999
2025-11-30T09:00,16.578699999999998
2025-11-30T10:00,18.8902
2025-11-30T11:00,21.0986
2025-11-30T12:00,22.1966
2025-11-30T13:00,22.3106
2025-11-30T14:00,22.074
2025-11-30T15:00,21.843500000000002
2025-11-30T16:00,21.2528
2025-11-30T17:00,19.3652
2025-11-30T18:00,18.4681
2025-11-30T19:00,17.5066
2025-11-30T20:00,16.750899999999998
2025-11-30T21:00,15.9564
2025-11-30T22:00,15.0152
2025-11-30T23:00,14.3114
2025-12-01T00:00,13.157699999999998
2025-12-01T01:00,12.3446
2025-12-01T02:00,11.563199999999998
2025-12-01T03:00,10.9632
2025-12-01T04:00,10.294200000000002
2025-12-01T05:00,9.852
2025-12-01T06:00,9.626
2025-12-01T07:00,10.005700000000001
2025-12-01T08:00,12.528
2025-12-01T09:00,15.793400000000002
2025-12-01T10:00,18.475900000000003
2025-12-01T11:00,20.8099
2025-12-01T12:00,22.3134
2025-12-01T13:00,22.563100000000002
2025-12-01T14:00,22.4723
2025-12-01T15:00,22.0889
2025-12-01T16:00,21.228099999999998
2025-12-01T17:00,18.954800000000002
2025-12-01T18:00,17.8842
2025-12-01T19:00,16.9724
2025-12-01T20:00,16.1249
2025-12-01T21:00,15.300100000000002
2025-12-01T22:00,14.4893
2025-12-01T23:00,13.9771
2025-12-02T00:00,12.779
2025-12-02T01:00,12.1103
2025-12-02T02:00,11.6734
2025-12-02T03:00,11.4413
2025-12-02T04:00,11.0215
2025-12-02T05:00,10.4666
2025-12-02T06:00,10.3433
2025-12-02T07:00,10.865
2025-12-02T08:00,13.478100000000001
2025-12-02T09:00,17.172700000000003
2025-12-02T10:00,19.6805
2025-12-02T11:00,21.814100000000003
2025-12-02T12:00,23.5916
2025-12-02T13:00,24.253400000000003
2025-12-02T14:00,24.4877
2025-12-02T15:00,24.2386
2025-12-02T16:00,23.336
2025-12-02T17:00,20.759700000000002
2025-12-02T18:00,19.951900000000002
2025-12-02T19:00,18.877100000000002
2025-12-02T20:00,17.848200000000002
2025-12-02T21:00,17.1846
2025-12-02T22:00,16.297
2025-12-02T23:00,15.5863
2025-12-03T00:00,14.535799999999998
2025-12-03T01:00,13.7747
2025-12-03T02:00,12.8763
2025-12-03T03:00,12.031300000000002
2025-12-03T04:00,11.350800000000001
2025-12-03T05:00,11.150699999999999
2025-12-03T06:00,10.921100000000001
2025-12-03T07:00,11.348
2025-12-03T08:00,13.706700000000001
2025-12-03T09:00,17.004
2025-12-03T10:00,19.5903
2025-12-03T11:00,21.1391
2025-12-03T12:00,22.2882
2025-12-03T13:00,22.3401
2025-12-03T14:00,22.091
2025-12-03T15:00,21.610599999999998
2025-12-03T16:00,20.8641
2025-12-03T17:00,19.1907
2025-12-03T18:00,18.531100000000002
2025-12-03T19:00,17.535400000000003
2025-12-03T20:00,16.6601
2025-12-03T21:00,15.809000000000001
2025-12-03T22:00,14.9352
2025-12-03T23:00,14.007200000000001
2025-12-04T00:00,12.701300000000002
2025-12-04T01:00,11.6802
2025-12-04T02:00,10.8779
2025-12-04T03:00,10.3433
2025-12-04T04:00,9.863800000000001
2025-12-04T05:00,9.519300000000001
2025-12-04T06:00,9.098799999999999
2025-12-04T07:00,9.1385
2025-12-04T08:00,11.1292
2025-12-04T09:00,13.9282
2025-12-04T10:00,16.4112
2025-12-04T11:00,18.6831
2025-12-04T12:00,20.012200000000004
2025-12-04T13:00,20.340899999999998
2025-12-04T14:00,20.1996
2025-12-04T15:00,19.795299999999997
2025-12-04T16:00,18.9308
2025-12-04T17:00,16.8902
2025-12-04T18:00,15.9186
2025-12-04T19:00,14.9851
2025-12-04T20:00,14.0903
2025-12-04T21:00,13.3221
2025-12-04T22:00,12.534600000000001
2025-12-04T23:00,11.9688
2025-12-05T00:00,10.610199999999999
2025-12-05T01:00,9.8848
2025-12-05T02:00,9.2749
2025-12-05T03:00,8.629299999999999
2025-12-05T04:00,8.0062
2025-12-05T05:00,7.764899999999999
2025-12-05T06:00,7.4692
2025-12-05T07:00,7.8311
2025-12-05T08:00,10.199100000000001
2025-12-05T09:00,13.6243
2025-12-05T10:00,16.562
2025-12-05T11:00,18.7697
2025-12-05T12:00,19.980900000000002
2025-12-05T13:00,20.259300000000003
2025-12-05T14:00,20.3166
2025-12-05T15:00,20.076700000000002
2025-12-05T16:00,19.230800000000002
2025-12-05T17:00,17.2968
2025-12-05T18:00,16.4843
2025-12-05T19:00,15.325600000000003
2025-12-05T20:00,14.4255
2025-12-05T21:00,13.590500000000002
2025-12-05T22:00,12.955000000000002
2025-12-05T23:00,12.3747
2025-12-06T00:00,11.472999999999999
2025-12-06T01:00,10.695500000000001
2025-12-06T02:00,10.0275
2025-12-06T03:00,9.4899
2025-12-06T04:00,8.9514
2025-12-06T05:00,8.494299999999999
2025-12-06T06:00,8.208800000000002
2025-12-06T07:00,8.3696
2025-12-06T08:00,10.4596
2025-12-06T09:00,13.4248
2025-12-06T10:00,16.004900000000003
2025-12-06T11:00,18.5445
2025-12-06T12:00,20.454700000000003
2025-12-06T13:00,21.0855
2025-12-06T14:00,21.2158
2025-12-06T15:00,20.7688
2025-12-06T16:00,19.8336
2025-12-06T17:00,18.2038
2025-12-06T18:00,17.4846
2025-12-06T19:00,16.4448
2025-12-06T20:00,15.5121
2025-12-06T21:00,14.5934
2025-12-06T22:00,13.8143
2025-12-06T23:00,13.2238
2025-12-07T00:00,12.653400000000001
2025-12-07T01:00,12.057500000000001
2025-12-07T02:00,11.436
2025-12-07T03:00,11.067500000000003
2025-12-07T04:00,10.662500000000001
2025-12-07T05:00,10.186100000000001
2025-12-07T06:00,9.8238
2025-12-07T07:00,9.8442
2025-12-07T08:00,11.5377
2025-12-07T09:00,14.2807
2025-12-07T10:00,16.744300000000003
2025-12-07T11:00,19.2001
2025-12-07T12:00,21.107200000000002
2025-12-07T13:00,21.9638
2025-12-07T14:00,22.3238
2025-12-07T15:00,22.0188
2025-12-07T16:00,21.189999999999998
2025-12-07T17:00,19.2939
2025-12-07T18:00,18.5109
2025-12-07T19:00,17.593600000000002
2025-12-07T20:00,16.7991
2025-12-07T21:00,15.9533
2025-12-07T22:00,15.223999999999998
2025-12-07T23:00,14.4745
2025-12-08T00:00,13.554299999999998
2025-12-08T01:00,12.922600000000001
2025-12-08T02:00,12.3833
2025-12-08T03:00,11.9534
2025-12-08T04:00,11.4879
2025-12-08T05:00,10.6948
2025-12-08T06:00,10.2565
2025-12-08T07:00,10.374600000000001
2025-12-08T08:00,12.263699999999998
2025-12-08T09:00,15.044000000000002
2025-12-08T10:00,17.5922
2025-12-08T11:00,20.2381
2025-12-08T12:00,21.8745
2025-12-08T13:00,22.5992
2025-12-08T14:00,22.6908
2025-12-08T15:00,22.2144
2025-12-08T16:00,21.3095
2025-12-08T17:00,19.5717
2025-12-08T18:00,18.734400000000004
2025-12-08T19:00,17.728
2025-12-08T20:00,16.9452
2025-12-08T21:00,16.1018
2025-12-08T22:00,15.1816
2025-12-08T23:00,14.363000000000001
2025-12-09T00:00,13.4762
2025-12-09T01:00,12.769300000000001
2025-12-09T02:00,12.126800000000001
2025-12-09T03:00,11.6038
2025-12-09T04:00,11.090900000000001
2025-12-09T05:00,10.5485
2025-12-09T06:00,10.2576
2025-12-09T07:00,10.257000000000001
2025-12-09T08:00,12.0258
2025-12-09T09:00,14.696699999999998
2025-12-09T10:00,17.1261
2025-12-09T11:00,19.893900000000002
2025-12-09T12:00,21.6397
2025-12-09T13:00,22.2503
2025-12-09T14:00,22.334000000000003
2025-12-09T15:00,21.970800000000004
2025-12-09T16:00,21.0255
2025-12-09T17:00,19.176
2025-12-09T18:00,18.573800000000002
2025-12-09T19:00,17.669
2025-12-09T20:00,16.8069
2025-12-09T21:00,16.0076
2025-12-09T22:00,15.2658
2025-12-09T23:00,14.4162
2025-12-10T00:00,13.3835
2025-12-10T01:00,12.6766
2025-12-10T02:00,12.050400000000002
2025-12-10T03:00,11.441299999999998
2025-12-10T04:00,10.9361
2025-12-10T05:00,10.6087
2025-12-10T06:00,10.3047
2025-12-10T07:00,10.3553
2025-12-10T08:00,12.290199999999999
2025-12-10T09:00,15.197000000000001
2025-12-10T10:00,17.8771
2025-12-10T11:00,20.339999999999996
2025-12-10T12:00,21.864600000000003
2025-12-10T13:00,22.4015
2025-12-10T14:00,22.572100000000002
2025-12-10T15:00,22.151500000000002
2025-12-10T16:00,21.3529
2025-12-10T17:00,19.518900000000002
2025-12-10T18:00,18.9244
2025-12-10T19:00,17.9553
2025-12-10T20:00,17.0963
2025-12-10T21:00,16.2442
2025-12-10T22:00,15.3114
2025-12-10T23:00,14.770600000000002
2025-12-11T00:00,13.5173
2025-12-11T01:00,12.3915
2025-12-11T02:00,11.720400000000001
2025-12-11T03:00,11.147000000000002
2025-12-11T04:00,10.780700000000001
2025-12-11T05:00,10.370499999999998
2025-12-11T06:00,10.0664
2025-12-11T07:00,10.2683
2025-12-11T08:00,12.4197
2025-12-11T09:00,15.548399999999999
2025-12-11T10:00,18.2557
2025-12-11T11:00,20.8907
2025-12-11T12:00,22.2982
2025-12-11T13:00,22.7242
2025-12-11T14:00,22.8096
2025-12-11T15:00,22.5489
2025-12-11T16:00,21.8962
2025-12-11T17:00,19.9225
2025-12-11T18:00,19.075799999999997
2025-12-11T19:00,18.2711
2025-12-11T20:00,17.5237
2025-12-11T21:00,16.6233
2025-12-11T22:00,15.695900000000002
2025-12-11T23:00,15.008400000000002
2025-12-12T00:00,13.8686
2025-12-12T01:00,13.054799999999998
2025-12-12T02:00,12.043800000000001
2025-12-12T03:00,11.5
2025-12-12T04:00,10.955400000000001
2025-12-12T05:00,10.3098
2025-12-12T06:00,9.7775
2025-12-12T07:00,9.9485
2025-12-12T08:00,12.189100000000002
2025-12-12T09:00,15.9883
2025-12-12T10:00,19.3111
2025-12-12T11:00,21.2835
2025-12-12T12:00,22.802
2025-12-12T13:00,23.1146
2025-12-12T14:00,23.0679
2025-12-12T15:00,22.711600000000004
2025-12-12T16:00,22.561100000000003
2025-12-12T17:00,20.1022
2025-12-12T18:00,19.0159
2025-12-12T19:00,18.0684
2025-12-12T20:00,17.180600000000002
2025-12-12T21:00,16.245600000000003
2025-12-12T22:00,15.1453
2025-12-12T23:00,14.616200000000001
2025-12-13T00:00,13.4361
2025-12-13T01:00,12.724599999999999
2025-12-13T02:00,12.2806
2025-12-13T03:00,11.829799999999999
2025-12-13T04:00,11.244800000000001
2025-12-13T05:00,10.827000000000002
2025-12-13T06:00,10.446000000000002
2025-12-13T07:00,10.7154
2025-12-13T08:00,12.940499999999998
2025-12-13T09:00,16.5058
2025-12-13T10:00,19.5843
2025-12-13T11:00,21.4162
2025-12-13T12:00,22.9711
2025-12-13T13:00,23.5219
2025-12-13T14:00,23.552100000000003
2025-12-13T15:00,23.107400000000002
2025-12-13T16:00,22.25
2025-12-13T17:00,19.982300000000002
2025-12-13T18:00,19.2086
2025-12-13T19:00,18.1346
2025-12-13T20:00,17.1063
2025-12-13T21:00,16.2504
2025-12-13T22:00,15.3093
2025-12-13T23:00,14.8081
2025-12-14T00:00,13.741900000000001
2025-12-14T01:00,13.1102
2025-12-14T02:00,12.5662
2025-12-14T03:00,12.036999999999999
2025-12-14T04:00,11.5272
2025-12-14T05:00,10.552000000000001
2025-12-14T06:00,10.1648
2025-12-14T07:00,10.570900000000002
2025-12-14T08:00,13.058100000000001
2025-12-14T09:00,17.1685
2025-12-14T10:00,20.2297
2025-12-14T11:00,21.475900000000003
2025-12-14T12:00,22.9688
2025-12-14T13:00,23.5126
2025-12-14T14:00,23.762400000000003
2025-12-14T15:00,23.444900000000004
2025-12-14T16:00,22.5983
2025-12-14T17:00,20.5554
2025-12-14T18:00,19.511400000000002
2025-12-14T19:00,18.345200000000002
2025-12-14T20:00,17.3707
2025-12-14T21:00,16.5356
2025-12-14T22:00,15.7696
2025-12-14T23:00,15.070400000000001
2025-12-15T00:00,14.0244
2025-12-15T01:00,13.3641
2025-12-15T02:00,12.4116
2025-12-15T03:00,11.8933
2025-12-15T04:00,11.4558
2025-12-15T05:00,10.8785
2025-12-15T06:00,10.5379
2025-12-15T07:00,10.471400000000001
2025-12-15T08:00,12.746500000000001
2025-12-15T09:00,16.095100000000002
2025-12-15T10:00,19.0135
2025-12-15T11:00,20.850700000000003
2025-12-15T12:00,22.2636
2025-12-15T13:00,22.663200000000003
2025-12-15T14:00,22.826800000000002
2025-12-15T15:00,22.6381
2025-12-15T16:00,21.875200000000003
2025-12-15T17:00,19.5253
2025-12-15T18:00,18.6329
2025-12-15T19:00,17.6218
2025-12-15T20:00,16.8147
2025-12-15T21:00,16.2181
2025-12-15T22:00,15.508200000000002
2025-12-15T23:00,14.715200000000003
2025-12-16T00:00,13.7733
2025-12-16T01:00,13.121500000000001
2025-12-16T02:00,12.5163
2025-12-16T03:00,12.0911
2025-12-16T04:00,11.741900000000001
2025-12-16T05:00,11.0753
2025-12-16T06:00,10.7238
2025-12-16T07:00,10.8171
2025-12-16T08:00,12.5291
2025-12-16T09:00,15.2684
2025-12-16T10:00,17.618
2025-12-16T11:00,19.619100000000003
2025-12-16T12:00,21.1484
2025-12-16T13:00,21.8187
2025-12-16T14:00,22.0638
2025-12-16T15:00,21.845699999999997
2025-12-16T16:00,21.0565
2025-12-16T17:00,19.352
2025-12-16T18:00,18.5256
2025-12-16T19:00,17.7629
2025-12-16T20:00,17.1096
2025-12-16T21:00,16.3717
2025-12-16T22:00,15.529799999999998
2025-12-16T23:00,14.692499999999999
2025-12-17T00:00,13.715600000000002
2025-12-17T01:00,13.064600000000002
2025-12-17T02:00,12.4307
2025-12-17T03:00,11.9031
2025-12-17T04:00,11.5167
2025-12-17T05:00,10.7781
2025-12-17T06:00,10.6168
2025-12-17T07:00,10.7271
2025-12-17T08:00,12.5105
2025-12-17T09:00,15.2986
2025-12-17T10:00,17.8003
2025-12-17T11:00,19.678
2025-12-17T12:00,21.341500000000003
2025-12-17T13:00,22.168499999999998
2025-12-17T14:00,22.4749
2025-12-17T15:00,22.384
2025-12-17T16:00,21.912300000000002
2025-12-17T17:00,19.6748
2025-12-17T18:00,18.5961
2025-12-17T19:00,17.786
2025-12-17T20:00,16.933300000000003
2025-12-17T21:00,16.0441
2025-12-17T22:00,15.109
2025-12-17T23:00,14.275599999999997
2025-12-18T00:00,13.1068
2025-12-18T01:00,12.585400000000002
2025-12-18T02:00,11.9337
2025-12-18T03:00,11.5109
2025-12-18T04:00,11.2851
2025-12-18T05:00,11.3434
2025-12-18T06:00,11.5337
2025-12-18T07:00,11.6557
2025-12-18T08:00,12.638
2025-12-18T09:00,14.7779
2025-12-18T10:00,17.427300000000002
2025-12-18T11:00,18.828000000000003
2025-12-18T12:00,20.303099999999997
2025-12-18T13:00,20.9339
2025-12-18T14:00,21.2543
2025-12-18T15:00,20.9346
2025-12-18T16:00,20.1718
2025-12-18T17:00,18.164
2025-12-18T18:00,16.893600000000003
2025-12-18T19:00,16.077099999999998
2025-12-18T20:00,15.541700000000002
2025-12-18T21:00,14.8533
2025-12-18T22:00,13.995899999999999
2025-12-18T23:00,13.3589
2025-12-19T00:00,12.601700000000001
2025-12-19T01:00,12.4077
2025-12-19T02:00,12.1121
2025-12-19T03:00,11.735100000000001
2025-12-19T04:00,11.2666
2025-12-19T05:00,10.9921
2025-12-19T06:00,10.9597
2025-12-19T07:00,11.085500000000001
2025-12-19T08:00,12.2146
2025-12-19T09:00,13.872500000000002
2025-12-19T10:00,16.372799999999998
2025-12-19T11:00,17.227099999999997
2025-12-19T12:00,18.5368
2025-12-19T13:00,19.269299999999998
2025-12-19T14:00,19.639300000000002
2025-12-19T15:00,19.564700000000002
2025-12-19T16:00,18.749100000000002
2025-12-19T17:00,16.6382
2025-12-19T18:00,15.716400000000002
2025-12-19T19:00,14.9668
2025-12-19T20:00,14.089900000000002
2025-12-19T21:00,13.077900000000001
2025-12-19T22:00,12.327499999999999
2025-12-19T23:00,11.560200000000002
2025-12-20T00:00,10.655700000000001
2025-12-20T01:00,9.920800000000002
2025-12-20T02:00,9.7261
2025-12-20T03:00,9.3746
2025-12-20T04:00,9.1248
2025-12-20T05:00,8.9839
2025-12-20T06:00,8.9925
2025-12-20T07:00,9.095799999999999
2025-12-20T08:00,10.343399999999999
2025-12-20T09:00,12.692700000000002
2025-12-20T10:00,15.6337
2025-12-20T11:00,16.6161
2025-12-20T12:00,18.1991
2025-12-20T13:00,19.0487
2025-12-20T14:00,19.5367
2025-12-20T15:00,19.471400000000003
2025-12-20T16:00,18.6457
2025-12-20T17:00,16.4063
2025-12-20T18:00,15.2812
2025-12-20T19:00,14.224400000000001
2025-12-20T20:00,13.3974
2025-12-20T21:00,12.7621
2025-12-20T22:00,12.1019
2025-12-20T23:00,11.4983
2025-12-21T00:00,10.934700000000001
2025-12-21T01:00,10.4636
2025-12-21T02:00,10.1284
2025-12-21T03:00,9.712600000000002
2025-12-21T04:00,9.2881
2025-12-21T05:00,9.2011
2025-12-21T06:00,9.3867
2025-12-21T07:00,9.6895
2025-12-21T08:00,10.391900000000001
2025-12-21T09:00,11.8747
2025-12-21T10:00,14.5286
2025-12-21T11:00,15.7461
2025-12-21T12:00,17.3746
2025-12-21T13:00,18.3684
2025-12-21T14:00,18.760199999999998
2025-12-21T15:00,18.861000000000004
2025-12-21T16:00,18.3217
2025-12-21T17:00,15.976799999999999
2025-12-21T18:00,15.055499999999999
2025-12-21T19:00,14.291
2025-12-21T20:00,13.5902
2025-12-21T21:00,12.905000000000001
2025-12-21T22:00,12.2066
2025-12-21T23:00,11.7288
2025-12-22T00:00,11.093300000000001
2025-12-22T01:00,10.8388
2025-12-22T02:00,10.395
2025-12-22T03:00,10.0124
2025-12-22T04:00,9.6778
2025-12-22T05:00,9.8478
2025-12-22T06:00,9.7547
2025-12-22T07:00,9.8208
2025-12-22T08:00,11.0813
2025-12-22T09:00,13.0067
2025-12-22T10:00,15.341700000000001
2025-12-22T11:00,16.390800000000002
2025-12-22T12:00,18.370099999999997
2025-12-22T13:00,19.4703
2025-12-22T14:00,20.0242
2025-12-22T15:00,20.035700000000002
2025-12-22T16:00,19.4925
2025-12-22T17:00,18.0083
2025-12-22T18:00,16.936600000000002
2025-12-22T19:00,15.850000000000001
2025-12-22T20:00,14.873900000000003
2025-12-22T21:00,13.832600000000001
2025-12-22T22:00,13.2584
2025-12-22T23:00,12.6113
2025-12-23T00:00,12.0032
2025-12-23T01:00,11.561599999999999
2025-12-23T02:00,11.2574
2025-12-23T03:00,10.9928
2025-12-23T04:00,10.7712
2025-12-23T05:00,10.2809
2025-12-23T06:00,10.229800000000001
2025-12-23T07:00,10.354200000000002
2025-12-23T08:00,11.6216
2025-12-23T09:00,14.04
2025-12-23T10:00,16.8646
2025-12-23T11:00,18.692
2025-12-23T12:00,20.5341
2025-12-23T13:00,21.6033
2025-12-23T14:00,21.946199999999997
2025-12-23T15:00,21.780900000000003
2025-12-23T16:00,21.1865
2025-12-23T17:00,19.1251
2025-12-23T18:00,18.048800000000004
2025-12-23T19:00,17.1216
2025-12-23T20:00,16.2977
2025-12-23T21:00,15.692500000000003
2025-12-23T22:00,15.051699999999999
2025-12-23T23:00,14.455100000000003
2025-12-24T00:00,13.7887
2025-12-24T01:00,13.334
2025-12-24T02:00,12.951500000000001
2025-12-24T03:00,12.593
2025-12-24T04:00,12.1391
2025-12-24T05:00,11.71
2025-12-24T06:00,11.410600000000002
2025-12-24T07:00,11.1935
2025-12-24T08:00,12.6292
2025-12-24T09:00,14.796500000000002
2025-12-24T10:00,16.8762
2025-12-24T11:00,18.4629
2025-12-24T12:00,19.3126
2025-12-24T13:00,19.6595
2025-12-24T14:00,19.6859
2025-12-24T15:00,19.4485
2025-12-24T16:00,18.947200000000002
2025-12-24T17:00,17.2325
2025-12-24T18:00,16.4346
2025-12-24T19:00,15.4669
2025-12-24T20:00,14.5979
2025-12-24T21:00,13.593
2025-12-24T22:00,12.7558
2025-12-24T23:00,12.2811
2025-12-25T00:00,11.4624
2025-12-25T01:00,11.0613
2025-12-25T02:00,10.365300000000001
2025-12-25T03:00,9.4581
2025-12-25T04:00,8.7177
2025-12-25T05:00,8.6001
2025-12-25T06:00,8.433399999999999
2025-12-25T07:00,8.529
2025-12-25T08:00,10.0998
2025-12-25T09:00,12.7216
2025-12-25T10:00,15.547600000000001
2025-12-25T11:00,17.7101
2025-12-25T12:00,18.9096
2025-12-25T13:00,19.3417
2025-12-25T14:00,19.3991
2025-12-25T15:00,19.2183
2025-12-25T16:00,18.835
2025-12-25T17:00,16.7603
2025-12-25T18:00,15.6205
2025-12-25T19:00,14.988700000000001
2025-12-25T20:00,14.328300000000002
2025-12-25T21:00,13.5825
2025-12-25T22:00,12.7343
2025-12-25T23:00,12.149400000000002
2025-12-26T00:00,11.2513
2025-12-26T01:00,10.734499999999999
2025-12-26T02:00,10.1115
2025-12-26T03:00,9.4861
2025-12-26T04:00,9.1629
2025-12-26T05:00,9.0363
2025-12-26T06:00,8.8859
2025-12-26T07:00,9.0101
2025-12-26T08:00,10.5957
2025-12-26T09:00,13.450500000000002
2025-12-26T10:00,15.7591
2025-12-26T11:00,17.471
2025-12-26T12:00,18.5023
2025-12-26T13:00,19.005
2025-12-26T14:00,19.0903
2025-12-26T15:00,18.7007
2025-12-26T16:00,18.093100000000003
2025-12-26T17:00,16.6385
2025-12-26T18:00,15.943900000000003
2025-12-26T19:00,14.984699999999998
2025-12-26T20:00,14.065
2025-12-26T21:00,13.1928
2025-12-26T22:00,12.509999999999998
2025-12-26T23:00,12.214400000000001
2025-12-27T00:00,11.420000000000002
2025-12-27T01:00,10.873000000000001
2025-12-27T02:00,10.748
2025-12-27T03:00,10.3136
2025-12-27T04:00,9.6828
2025-12-27T05:00,9.280100000000001
2025-12-27T06:00,8.937199999999999
2025-12-27T07:00,9.0274
2025-12-27T08:00,10.717
2025-12-27T09:00,13.4361
2025-12-27T10:00,15.800500000000003
2025-12-27T11:00,17.0348
2025-12-27T12:00,18.159
2025-12-27T13:00,18.7712
2025-12-27T14:00,19.1413
2025-12-27T15:00,19.0683
2025-12-27T16:00,18.499499999999998
2025-12-27T17:00,17.0851
2025-12-27T18:00,16.1383
2025-12-27T19:00,15.5887
2025-12-27T20:00,15.010600000000002
2025-12-27T21:00,13.751900000000001
2025-12-27T22:00,13.1381
2025-12-27T23:00,12.642600000000002
2025-12-28T00:00,11.6712
2025-12-28T01:00,10.8736
2025-12-28T02:00,10.142
2025-12-28T03:00,9.6127
2025-12-28T04:00,9.3724
2025-12-28T05:00,9.586699999999999
2025-12-28T06:00,9.7226
2025-12-28T07:00,9.7804
2025-12-28T08:00,10.8965
2025-12-28T09:00,12.875800000000002
2025-12-28T10:00,15.6768
2025-12-28T11:00,16.8778
2025-12-28T12:00,18.124800000000004
2025-12-28T13:00,18.6904
2025-12-28T14:00,18.9255
2025-12-28T15:00,18.999899999999997
2025-12-28T16:00,18.553
2025-12-28T17:00,16.3689
2025-12-28T18:00,15.276900000000001
2025-12-28T19:00,14.5334
2025-12-28T20:00,13.4633
2025-12-28T21:00,12.691900000000002
2025-12-28T22:00,11.921400000000002
2025-12-28T23:00,11.9038
2025-12-29T00:00,11.564900000000002
2025-12-29T01:00,11.3244
2025-12-29T02:00,10.4955
2025-12-29T03:00,10.0963
2025-12-29T04:00,9.843599999999999
2025-12-29T05:00,9.2768
2025-12-29T06:00,9.389600000000002
2025-12-29T07:00,9.8265
2025-12-29T08:00,10.7666
2025-12-29T09:00,12.0471
2025-12-29T10:00,14.0365
2025-12-29T11:00,15.0465
2025-12-29T12:00,16.5633
2025-12-29T13:00,17.2245
2025-12-29T14:00,17.718
2025-12-29T15:00,17.6505
2025-12-29T16:00,17.2501
2025-12-29T17:00,15.1972
2025-12-29T18:00,14.0005
2025-12-29T19:00,13.1825
2025-12-29T20:00,12.525300000000001
2025-12-29T21:00,11.874300000000002
2025-12-29T22:00,11.287
2025-12-29T23:00,10.705200000000001
2025-12-30T00:00,10.118700000000002
2025-12-30T01:00,9.437299999999999
2025-12-30T02:00,8.5169
2025-12-30T03:00,8.2474
2025-12-30T04:00,8.2362
2025-12-30T05:00,7.8846
2025-12-30T06:00,8.0112
2025-12-30T07:00,8.2798
2025-12-30T08:00,9.1974
2025-12-30T09:00,10.7006
2025-12-30T10:00,13.418700000000001
2025-12-30T11:00,15.254400000000002
2025-12-30T12:00,17.0415
2025-12-30T13:00,18.0487
2025-12-30T14:00,18.474800000000002
2025-12-30T15:00,18.4795
2025-12-30T16:00,18.009300000000003
2025-12-30T17:00,15.797900000000002
2025-12-30T18:00,14.8884
2025-12-30T19:00,14.156500000000001
2025-12-30T20:00,13.660600000000002
2025-12-30T21:00,12.8722
2025-12-30T22:00,11.8757
2025-12-30T23:00,10.929100000000002
2025-12-31T00:00,10.0414
2025-12-31T01:00,8.9591
2025-12-31T02:00,8.0167
2025-12-31T03:00,7.5085999999999995
2025-12-31T04:00,7.0819
2025-12-31T05:00,7.2934
2025-12-31T06:00,7.397499999999999
2025-12-31T07:00,7.5776
2025-12-31T08:00,8.5421
2025-12-31T09:00,10.0717
2025-12-31T10:00,12.487000000000002
2025-12-31T11:00,14.479600000000001
2025-12-31T12:00,16.6764
2025-12-31T13:00,17.5142
2025-12-31T14:00,17.8967
2025-12-31T15:00,17.4847
2025-12-31T16:00,16.649
2025-12-31T17:00,13.3833
2025-12-31T18:00,12.282200000000001
2025-12-31T19:00,11.5194
2025-12-31T20:00,11.002500000000001
2025-12-31T21:00,10.6433
2025-12-31T22:00,10.1442
2025-12-31T23:00,10.1054
2026-01-01T00:00,9.785599999999999
2026-01-01T01:00,9.4163
2026-01-01T02:00,8.991
2026-01-01T03:00,8.6262
2026-01-01T04:00,8.4291
2026-01-01T05:00,8.8077
2026-01-01T06:00,8.5655
2026-01-01T07:00,8.7619
2026-01-01T08:00,9.705700000000002
2026-01-01T09:00,11.4665
2026-01-01T10:00,13.494600000000002
2026-01-01T11:00,14.8186
2026-01-01T12:00,17.1605
2026-01-01T13:00,18.2295
2026-01-01T14:00,18.706000000000003
2026-01-01T15:00,18.663200000000003
2026-01-01T16:00,18.2953
2026-01-01T17:00,16.176000000000002
2026-01-01T18:00,15.631900000000002
2026-01-01T19:00,14.7929
2026-01-01T20:00,14.2913
2026-01-01T21:00,14.008099999999999
2026-01-01T22:00,13.2246
2026-01-01T23:00,12.987200000000001
2026-01-02T00:00,12.563300000000002
2026-01-02T01:00,12.259100000000002
2026-01-02T02:00,11.875
2026-01-02T03:00,11.7803
2026-01-02T04:00,11.573900000000002
2026-01-02T05:00,10.3555
2026-01-02T06:00,10.4408
2026-01-02T07:00,10.169200000000002
2026-01-02T08:00,11.5912
2026-01-02T09:00,13.3678
2026-01-02T10:00,15.328
2026-01-02T11:00,16.089399999999998
2026-01-02T12:00,17.0565
2026-01-02T13:00,17.4927
2026-01-02T14:00,17.5873
2026-01-02T15:00,17.3808
2026-01-02T16:00,16.881
2026-01-02T17:00,14.962800000000001
2026-01-02T18:00,14.2364
2026-01-02T19:00,13.5574
2026-01-02T20:00,13.179400000000001
2026-01-02T21:00,12.834900000000001
2026-01-02T22:00,12.269400000000001
2026-01-02T23:00,12.2981
2026-01-03T00:00,12.5135
2026-01-03T01:00,12.4784
2026-01-03T02:00,12.123700000000001
2026-01-03T03:00,11.869200000000001
2026-01-03T04:00,11.8312
2026-01-03T05:00,11.2929
2026-01-03T06:00,11.642100000000001
2026-01-03T07:00,11.850999999999999
2026-01-03T08:00,12.4951
2026-01-03T09:00,13.279499999999999
2026-01-03T10:00,14.240300000000001
2026-01-03T11:00,14.557500000000001
2026-01-03T12:00,15.3862
2026-01-03T13:00,15.9906
2026-01-03T14:00,16.341300000000004
2026-01-03T15:00,16.377
2026-01-03T16:00,15.9968
2026-01-03T17:00,14.464900000000002
2026-01-03T18:00,13.0286
2026-01-03T19:00,12.404000000000002
2026-01-03T20:00,11.6277
2026-01-03T21:00,11.259
2026-01-03T22:00,10.936200000000001
2026-01-03T23:00,10.353
2026-01-04T00:00,9.8633
2026-01-04T01:00,9.1494
2026-01-04T02:00,8.517199999999999
2026-01-04T03:00,7.9795
2026-01-04T04:00,7.650400000000001
2026-01-04T05:00,8.525
2026-01-04T06:00,8.7913
2026-01-04T07:00,9.115000000000002
2026-01-04T08:00,10.636800000000001
2026-01-04T09:00,12.6125
2026-01-04T10:00,13.728
2026-01-04T11:00,13.846400000000001
2026-01-04T12:00,14.7076
2026-01-04T13:00,15.323100000000002
2026-01-04T14:00,15.6141
2026-01-04T15:00,15.625600000000004
2026-01-04T16:00,15.212
2026-01-04T17:00,13.711100000000002
2026-01-04T18:00,12.607800000000001
2026-01-04T19:00,11.9094
2026-01-04T20:00,11.518300000000002
2026-01-04T21:00,11.288400000000001
2026-01-04T22:00,11.2325
2026-01-04T23:00,10.297500000000001
2026-01-05T00:00,10.067900000000002
2026-01-05T01:00,9.6746
2026-01-05T02:00,9.0507
2026-01-05T03:00,8.7946
2026-01-05T04:00,8.519100000000002
2026-01-05T05:00,7.575700000000001
2026-01-05T06:00,7.670400000000001
2026-01-05T07:00,7.405800000000001
2026-01-05T08:00,9.2364
2026-01-05T09:00,11.6597
2026-01-05T10:00,13.374799999999999
2026-01-05T11:00,13.8837
2026-01-05T12:00,15.1539
2026-01-05T13:00,15.946100000000001
2026-01-05T14:00,16.3348
2026-01-05T15:00,16.2797
2026-01-05T16:00,15.790900000000002
2026-01-05T17:00,14.110600000000002
2026-01-05T18:00,13.0894
2026-01-05T19:00,12.1908
2026-01-05T20:00,11.555100000000001
2026-01-05T21:00,11.0965
2026-01-05T22:00,10.1803
2026-01-05T23:00,9.7473
2026-01-06T00:00,9.2236
2026-01-06T01:00,8.8984
2026-01-06T02:00,8.324200000000001
2026-01-06T03:00,7.7244
2026-01-06T04:00,7.3946000000000005
2026-01-06T05:00,7.055499999999999
2026-01-06T06:00,7.051
2026-01-06T07:00,7.5886000000000005
2026-01-06T08:00,9.1425
2026-01-06T09:00,11.969600000000002
2026-01-06T10:00,14.211500000000001
2026-01-06T11:00,14.415600000000001
2026-01-06T12:00,15.6369
2026-01-06T13:00,16.4206
2026-01-06T14:00,16.8233
2026-01-06T15:00,16.8418
2026-01-06T16:00,16.3848
2026-01-06T17:00,14.237400000000001
2026-01-06T18:00,12.8236
2026-01-06T19:00,11.890900000000002
2026-01-06T20:00,11.1506
2026-01-06T21:00,10.3629
2026-01-06T22:00,9.7025
2026-01-06T23:00,9.3122
2026-01-07T00:00,9.1873
2026-01-07T01:00,8.6084
2026-01-07T02:00,7.9104
2026-01-07T03:00,7.3881000000000006
2026-01-07T04:00,7.211000000000001
2026-01-07T05:00,7.3157000000000005
2026-01-07T06:00,7.7759
2026-01-07T07:00,7.8675999999999995
2026-01-07T08:00,8.584700000000002
2026-01-07T09:00,9.6162
2026-01-07T10:00,10.9388
2026-01-07T11:00,12.1012
2026-01-07T12:00,13.9812
2026-01-07T13:00,15.0737
2026-01-07T14:00,15.536900000000003
2026-01-07T15:00,15.6951
2026-01-07T16:00,15.152700000000001
2026-01-07T17:00,12.948
2026-01-07T18:00,11.746700000000002
2026-01-07T19:00,10.7425
2026-01-07T20:00,9.940900000000001
2026-01-07T21:00,9.1548
2026-01-07T22:00,8.6419
2026-01-07T23:00,8.0319
2026-01-08T00:00,7.430600000000001
2026-01-08T01:00,7.097000000000001
2026-01-08T02:00,6.9743
2026-01-08T03:00,7.11
2026-01-08T04:00,7.117000000000001
2026-01-08T05:00,6.1929
2026-01-08T06:00,6.2597
2026-01-08T07:00,6.3817
2026-01-08T08:00,6.914200000000001
2026-01-08T09:00,7.828399999999999
2026-01-08T10:00,9.074
2026-01-08T11:00,10.2759
2026-01-08T12:00,12.3104
2026-01-08T13:00,13.630300000000002
2026-01-08T14:00,14.3682
2026-01-08T15:00,14.640500000000001
2026-01-08T16:00,14.1927
2026-01-08T17:00,12.7193
2026-01-08T18:00,10.982500000000002
2026-01-08T19:00,9.8219
2026-01-08T20:00,9.015700000000002
2026-01-08T21:00,8.305700000000002
2026-01-08T22:00,7.6027000000000005
2026-01-08T23:00,7.3567
2026-01-09T00:00,6.967900000000001
2026-01-09T01:00,6.608600000000001
2026-01-09T02:00,6.303
2026-01-09T03:00,6.1172
2026-01-09T04:00,5.8179
2026-01-09T05:00,5.719600000000001
2026-01-09T06:00,5.9066
2026-01-09T07:00,5.9555
2026-01-09T08:00,6.627
2026-01-09T09:00,8.0243
2026-01-09T10:00,10.837
2026-01-09T11:00,12.6056
2026-01-09T12:00,14.943699999999998
2026-01-09T13:00,16.207600000000003
2026-01-09T14:00,16.587899999999998
2026-01-09T15:00,16.6523
2026-01-09T16:00,16.21
2026-01-09T17:00,14.158700000000001
2026-01-09T18:00,12.848999999999998
2026-01-09T19:00,12.0279
2026-01-09T20:00,11.1363
2026-01-09T21:00,10.425600000000001
2026-01-09T22:00,9.7009
2026-01-09T23:00,9.1546
2026-01-10T00:00,8.4103
2026-01-10T01:00,7.8275
2026-01-10T02:00,7.4668
2026-01-10T03:00,6.914300000000001
2026-01-10T04:00,6.3062000000000005
2026-01-10T05:00,5.9670000000000005
2026-01-10T06:00,5.490900000000001
2026-01-10T07:00,5.515
2026-01-10T08:00,7.009500000000001
2026-01-10T09:00,9.810799999999999
2026-01-10T10:00,12.866800000000001
2026-01-10T11:00,15.078600000000002
2026-01-10T12:00,17.0729
2026-01-10T13:00,17.8263
2026-01-10T14:00,17.9124
2026-01-10T15:00,17.812300000000004
2026-01-10T16:00,17.2514
2026-01-10T17:00,15.439900000000002
2026-01-10T18:00,14.376000000000001
2026-01-10T19:00,13.233700000000002
2026-01-10T20:00,12.3258
2026-01-10T21:00,11.363600000000002
2026-01-10T22:00,10.4464
2026-01-10T23:00,10.0561
2026-01-11T00:00,9.3531
2026-01-11T01:00,8.8698
2026-01-11T02:00,8.017
2026-01-11T03:00,7.5289
2026-01-11T04:00,6.926000000000001
2026-01-11T05:00,6.6994
2026-01-11T06:00,6.406900000000001
2026-01-11T07:00,6.132300000000001
2026-01-11T08:00,7.5287
2026-01-11T09:00,10.169699999999999
2026-01-11T10:00,12.8663
2026-01-11T11:00,14.7047
2026-01-11T12:00,16.3767
2026-01-11T13:00,17.0276
2026-01-11T14:00,16.840600000000002
2026-01-11T15:00,16.6116
2026-01-11T16:00,16.056
2026-01-11T17:00,14.422399999999998
2026-01-11T18:00,13.1754
2026-01-11T19:00,12.103000000000003
2026-01-11T20:00,11.102
2026-01-11T21:00,10.232100000000003
2026-01-11T22:00,9.474700000000002
2026-01-11T23:00,8.869500000000002
2026-01-12T00:00,8.1905
2026-01-12T01:00,7.530100000000001
2026-01-12T02:00,6.8519000000000005
2026-01-12T03:00,6.200100000000001
2026-01-12T04:00,5.590199999999999
2026-01-12T05:00,5.1983
2026-01-12T06:00,4.7785
2026-01-12T07:00,4.4969
2026-01-12T08:00,6.0941
2026-01-12T09:00,9.0754
2026-01-12T10:00,11.8914
2026-01-12T11:00,14.147200000000002
2026-01-12T12:00,16.234299999999998
2026-01-12T13:00,16.7393
2026-01-12T14:00,16.4878
2026-01-12T15:00,16.3689
2026-01-12T16:00,15.9102
2026-01-12T17:00,14.437999999999999
2026-01-12T18:00,12.739500000000001
2026-01-12T19:00,11.618100000000002
2026-01-12T20:00,10.4454
2026-01-12T21:00,9.5336
2026-01-12T22:00,8.685500000000001
2026-01-12T23:00,8.0624
2026-01-13T00:00,7.211000000000001
2026-01-13T01:00,6.7152
2026-01-13T02:00,5.9827
2026-01-13T03:00,5.332400000000001
2026-01-13T04:00,4.874700000000001
2026-01-13T05:00,4.2587
2026-01-13T06:00,4.2184
2026-01-13T07:00,4.0873
2026-01-13T08:00,5.7901
2026-01-13T09:00,8.876900000000001
2026-01-13T10:00,10.768899999999999
2026-01-13T11:00,13.7508
2026-01-13T12:00,16.1583
2026-01-13T13:00,17.114800000000002
2026-01-13T14:00,17.0023
2026-01-13T15:00,16.8215
2026-01-13T16:00,16.0246
2026-01-13T17:00,14.242799999999999
2026-01-13T18:00,12.9694
2026-01-13T19:00,11.9396
2026-01-13T20:00,10.978200000000001
2026-01-13T21:00,10.042399999999999
2026-01-13T22:00,9.206700000000001
2026-01-13T23:00,8.7645
2026-01-14T00:00,7.9327000000000005
2026-01-14T01:00,7.3709999999999996
2026-01-14T02:00,6.8356
2026-01-14T03:00,6.368500000000001
2026-01-14T04:00,5.7719
2026-01-14T05:00,5.239800000000001
2026-01-14T06:00,4.9598
2026-01-14T07:00,4.9359
2026-01-14T08:00,6.079300000000001
2026-01-14T09:00,8.238199999999999
2026-01-14T10:00,10.813600000000001
2026-01-14T11:00,13.1359
2026-01-14T12:00,15.4045
2026-01-14T13:00,16.437200000000004
2026-01-14T14:00,16.524
2026-01-14T15:00,16.458000000000002
2026-01-14T16:00,15.952100000000002
2026-01-14T17:00,14.687100000000001
2026-01-14T18:00,13.4679
2026-01-14T19:00,12.559800000000001
2026-01-14T20:00,11.701500000000001
2026-01-14T21:00,10.9581
2026-01-14T22:00,10.2039
2026-01-14T23:00,9.4987
2026-01-15T00:00,8.731300000000001
2026-01-15T01:00,7.894900000000001
2026-01-15T02:00,7.1142
2026-01-15T03:00,6.6176
2026-01-15T04:00,5.9634
2026-01-15T05:00,5.456
2026-01-15T06:00,5.1061000000000005
2026-01-15T07:00,5.093000000000001
2026-01-15T08:00,6.8261
2026-01-15T09:00,9.1824
2026-01-15T10:00,11.9284
2026-01-15T11:00,13.551100000000002
2026-01-15T12:00,15.2819
2026-01-15T13:00,16.1709
2026-01-15T14:00,16.329900000000002
2026-01-15T15:00,16.347
2026-01-15T16:00,15.921000000000001
2026-01-15T17:00,14.868599999999999
2026-01-15T18:00,13.6736
2026-01-15T19:00,12.8246
2026-01-15T20:00,11.861600000000001
2026-01-15T21:00,11.0592
2026-01-15T22:00,10.2383
2026-01-15T23:00,9.381599999999999
2026-01-16T00:00,8.525
2026-01-16T01:00,7.7475000000000005
2026-01-16T02:00,7.154599999999999
2026-01-16T03:00,6.732500000000001
2026-01-16T04:00,6.113200000000001
2026-01-16T05:00,5.541300000000001
2026-01-16T06:00,5.171100000000001
2026-01-16T07:00,5.2273000000000005
2026-01-16T08:00,6.8998
2026-01-16T09:00,10.0127
2026-01-16T10:00,13.275500000000001
2026-01-16T11:00,15.2558
2026-01-16T12:00,17.1847
2026-01-16T13:00,18.0986
2026-01-16T14:00,18.2056
2026-01-16T15:00,18.2234
2026-01-16T16:00,17.7694
2026-01-16T17:00,15.9427
2026-01-16T18:00,14.569100000000002
2026-01-16T19:00,13.786200000000001
2026-01-16T20:00,13.121699999999999
2026-01-16T21:00,12.321
2026-01-16T22:00,11.304
2026-01-16T23:00,10.5663
2026-01-17T00:00,9.733400000000001
2026-01-17T01:00,8.8236
2026-01-17T02:00,7.742100000000001
2026-01-17T03:00,6.8756
2026-01-17T04:00,6.1624
2026-01-17T05:00,5.4103
2026-01-17T06:00,5.3701
2026-01-17T07:00,5.307200000000001
2026-01-17T08:00,6.6017
2026-01-17T09:00,9.7003
2026-01-17T10:00,12.876100000000001
2026-01-17T11:00,16.1445
2026-01-17T12:00,19.002200000000002
2026-01-17T13:00,20.265500000000003
2026-01-17T14:00,20.552500000000002
2026-01-17T15:00,20.5975
2026-01-17T16:00,19.9357
2026-01-17T17:00,18.026000000000003
2026-01-17T18:00,16.2892
2026-01-17T19:00,14.99
2026-01-17T20:00,13.7958
2026-01-17T21:00,12.729500000000002
2026-01-17T22:00,11.675799999999999
2026-01-17T23:00,11.0901
2026-01-18T00:00,10.0914
2026-01-18T01:00,9.4202
2026-01-18T02:00,8.8041
2026-01-18T03:00,8.3751
2026-01-18T04:00,7.7039
2026-01-18T05:00,5.972700000000001
2026-01-18T06:00,5.878
2026-01-18T07:00,6.009600000000001
2026-01-18T08:00,7.707000000000001
2026-01-18T09:00,9.908900000000001
2026-01-18T10:00,12.8735
2026-01-18T11:00,16.6715
2026-01-18T12:00,20.1429
2026-01-18T13:00,21.2277
2026-01-18T14:00,21.1198
2026-01-18T15:00,21.1631
2026-01-18T16:00,20.809200000000004
2026-01-18T17:00,18.999299999999998
2026-01-18T18:00,17.6202
2026-01-18T19:00,16.566200000000002
2026-01-18T20:00,15.4922
2026-01-18T21:00,14.5316
2026-01-18T22:00,13.744
2026-01-18T23:00,13.3446
2026-01-19T00:00,12.6417
2026-01-19T01:00,12.465700000000002
2026-01-19T02:00,11.7369
2026-01-19T03:00,11.253000000000002
2026-01-19T04:00,10.567
2026-01-19T05:00,10.9558
2026-01-19T06:00,10.5545
2026-01-19T07:00,10.159600000000001
2026-01-19T08:00,12.1613
2026-01-19T09:00,15.742700000000001
2026-01-19T10:00,19.0017
2026-01-19T11:00,21.076700000000002
2026-01-19T12:00,23.2718
2026-01-19T13:00,23.884900000000002
2026-01-19T14:00,23.8609
2026-01-19T15:00,23.646700000000003
2026-01-19T16:00,23.188200000000005
2026-01-19T17:00,21.1712
2026-01-19T18:00,19.656200000000002
2026-01-19T19:00,18.4603
2026-01-19T20:00,17.6338
2026-01-19T21:00,16.6382
2026-01-19T22:00,15.7613
2026-01-19T23:00,15.157500000000002
2026-01-20T00:00,14.3202
2026-01-20T01:00,13.534300000000002
2026-01-20T02:00,12.8073
2026-01-20T03:00,12.3201
2026-01-20T04:00,11.6674
2026-01-20T05:00,11.214300000000001
2026-01-20T06:00,10.6962
2026-01-20T07:00,10.525
2026-01-20T08:00,12.309200000000002
2026-01-20T09:00,15.564199999999998
2026-01-20T10:00,18.7439
2026-01-20T11:00,21.369100000000003
2026-01-20T12:00,22.9985
2026-01-20T13:00,23.218000000000007
2026-01-20T14:00,22.861
2026-01-20T15:00,22.5429
2026-01-20T16:00,21.8958
2026-01-20T17:00,20.2971
2026-01-20T18:00,19.002699999999997
2026-01-20T19:00,18.1652
2026-01-20T20:00,17.322300000000002
2026-01-20T21:00,16.389599999999998
2026-01-20T22:00,15.388599999999999
2026-01-20T23:00,15.023000000000001
2026-01-21T00:00,13.9632
2026-01-21T01:00,13.182599999999999
2026-01-21T02:00,12.398100000000001
2026-01-21T03:00,11.6338
2026-01-21T04:00,10.931600000000001
2026-01-21T05:00,10.6491
2026-01-21T06:00,9.9804
2026-01-21T07:00,9.763300000000001
2026-01-21T08:00,11.623000000000001
2026-01-21T09:00,15.007200000000001
2026-01-21T10:00,18.228800000000003
2026-01-21T11:00,20.9742
2026-01-21T12:00,21.95
2026-01-21T13:00,22.226200000000002
2026-01-21T14:00,21.818799999999996
2026-01-21T15:00,21.468100000000003
2026-01-21T16:00,20.7596
2026-01-21T17:00,19.3859
2026-01-21T18:00,18.005399999999998
2026-01-21T19:00,16.9244
2026-01-21T20:00,15.835700000000001
2026-01-21T21:00,15.083000000000002
2026-01-21T22:00,14.3053
2026-01-21T23:00,13.5138
2026-01-22T00:00,12.188400000000001
2026-01-22T01:00,11.5599
2026-01-22T02:00,10.846300000000001
2026-01-22T03:00,10.314100000000002
2026-01-22T04:00,9.7948
2026-01-22T05:00,9.2097
2026-01-22T06:00,8.7409
2026-01-22T07:00,8.581900000000001
2026-01-22T08:00,11.1469
2026-01-22T09:00,15.2319
2026-01-22T10:00,18.543699999999998
2026-01-22T11:00,21.067900000000005
2026-01-22T12:00,23.1023
2026-01-22T13:00,23.9146
2026-01-22T14:00,23.596400000000003
2026-01-22T15:00,23.2084
2026-01-22T16:00,22.4255
2026-01-22T17:00,20.7958
2026-01-22T18:00,19.373900000000003
2026-01-22T19:00,18.2782
2026-01-22T20:00,17.2927
2026-01-22T21:00,16.6214
2026-01-22T22:00,15.666900000000002
2026-01-22T23:00,15.2566
2026-01-23T00:00,14.378900000000002
2026-01-23T01:00,13.6161
2026-01-23T02:00,13.0768
2026-01-23T03:00,12.9177
2026-01-23T04:00,13.035400000000001
2026-01-23T05:00,12.624400000000001
2026-01-23T06:00,12.0681
2026-01-23T07:00,11.8306
2026-01-23T08:00,13.3404
2026-01-23T09:00,15.140699999999999
2026-01-23T10:00,16.1073
2026-01-23T11:00,16.4311
2026-01-23T12:00,17.3781
2026-01-23T13:00,18.538200000000003
2026-01-23T14:00,19.070100000000004
2026-01-23T15:00,19.079
2026-01-23T16:00,18.562900000000003
2026-01-23T17:00,16.644699999999997
2026-01-23T18:00,16.1149
2026-01-23T19:00,15.6556
2026-01-23T20:00,15.6725
2026-01-23T21:00,15.285900000000002
2026-01-23T22:00,14.963900000000002
2026-01-23T23:00,14.4433
2026-01-24T00:00,14.2942
2026-01-24T01:00,13.9806
2026-01-24T02:00,13.305799999999998
2026-01-24T03:00,12.917200000000001
2026-01-24T04:00,11.6849
2026-01-24T05:00,11.4357
2026-01-24T06:00,10.802
2026-01-24T07:00,10.622000000000002
2026-01-24T08:00,11.7698
2026-01-24T09:00,13.4252
2026-01-24T10:00,14.807400000000003
2026-01-24T11:00,16.364900000000002
2026-01-24T12:00,17.9711
2026-01-24T13:00,18.766399999999997
2026-01-24T14:00,18.738500000000002
2026-01-24T15:00,18.4661
2026-01-24T16:00,17.763
2026-01-24T17:00,16.5555
2026-01-24T18:00,15.083499999999999
2026-01-24T19:00,14.2555
2026-01-24T20:00,13.3717
2026-01-24T21:00,12.5337
2026-01-24T22:00,11.8152
2026-01-24T23:00,11.4226
2026-01-25T00:00,10.9935
2026-01-25T01:00,10.4013
2026-01-25T02:00,10.0761
2026-01-25T03:00,9.5601
2026-01-25T04:00,9.0324
2026-01-25T05:00,8.4472
2026-01-25T06:00,8.3727
2026-01-25T07:00,7.9483999999999995
2026-01-25T08:00,9.087100000000001
2026-01-25T09:00,11.0474
2026-01-25T10:00,13.6343
2026-01-25T11:00,15.83
2026-01-25T12:00,17.5976
2026-01-25T13:00,18.437900000000003
2026-01-25T14:00,18.3509
2026-01-25T15:00,18.2205
2026-01-25T16:00,17.7277
2026-01-25T17:00,16.6
2026-01-25T18:00,15.1219
2026-01-25T19:00,14.1496
2026-01-25T20:00,13.302299999999999
2026-01-25T21:00,12.5434
2026-01-25T22:00,11.8055
2026-01-25T23:00,11.2065
2026-01-26T00:00,10.3473
2026-01-26T01:00,9.6738
2026-01-26T02:00,9.0956
2026-01-26T03:00,8.5975
2026-01-26T04:00,8.0202
2026-01-26T05:00,7.694299999999999
2026-01-26T06:00,7.542199999999999
2026-01-26T07:00,7.3979
2026-01-26T08:00,9.326400000000001
2026-01-26T09:00,12.5032
2026-01-26T10:00,15.443999999999999
2026-01-26T11:00,17.523500000000002
2026-01-26T12:00,19.7535
2026-01-26T13:00,20.4347
2026-01-26T14:00,20.343000000000004
2026-01-26T15:00,20.2258
2026-01-26T16:00,19.7284
2026-01-26T17:00,18.3082
2026-01-26T18:00,17.2085
2026-01-26T19:00,16.1694
2026-01-26T20:00,15.580500000000002
2026-01-26T21:00,14.7199
2026-01-26T22:00,13.4226
2026-01-26T23:00,13.1436
2026-01-27T00:00,11.837800000000001
2026-01-27T01:00,11.4514
2026-01-27T02:00,10.8898
2026-01-27T03:00,10.858799999999999
2026-01-27T04:00,10.795200000000001
2026-01-27T05:00,10.6997
2026-01-27T06:00,10.6337
2026-01-27T07:00,10.744000000000002
2026-01-27T08:00,12.735399999999998
2026-01-27T09:00,15.686
2026-01-27T10:00,17.1108
2026-01-27T11:00,18.7235
2026-01-27T12:00,20.7053
2026-01-27T13:00,21.617400000000004
2026-01-27T14:00,22.116300000000003
2026-01-27T15:00,22.1342
2026-01-27T16:00,21.5252
2026-01-27T17:00,19.478
2026-01-27T18:00,18.5501
2026-01-27T19:00,17.2658
2026-01-27T20:00,16.5306
2026-01-27T21:00,16.1206
2026-01-27T22:00,15.4394
2026-01-27T23:00,14.733200000000002
2026-01-28T00:00,14.224200000000002
2026-01-28T01:00,14.075500000000002
2026-01-28T02:00,13.402500000000002
2026-01-28T03:00,13.3324
2026-01-28T04:00,13.225999999999999
2026-01-28T05:00,12.4006
2026-01-28T06:00,13.289800000000001
2026-01-28T07:00,13.3673
2026-01-28T08:00,14.578000000000001
2026-01-28T09:00,15.5794
2026-01-28T10:00,16.6351
2026-01-28T11:00,17.9478
2026-01-28T12:00,18.994
2026-01-28T13:00,19.8009
2026-01-28T14:00,20.151699999999998
2026-01-28T15:00,20.047600000000003
2026-01-28T16:00,19.309300000000004
2026-01-28T17:00,18.5813
2026-01-28T18:00,16.616600000000002
2026-01-28T19:00,15.776200000000001
2026-01-28T20:00,14.9722
2026-01-28T21:00,14.2467
2026-01-28T22:00,13.416400000000001
2026-01-28T23:00,13.289900000000001
2026-01-29T00:00,12.8917
2026-01-29T01:00,12.498300000000002
2026-01-29T02:00,12.15
2026-01-29T03:00,11.901700000000002
2026-01-29T04:00,11.4517
2026-01-29T05:00,11.0776
2026-01-29T06:00,11.195600000000002
2026-01-29T07:00,11.2423
2026-01-29T08:00,12.2334
2026-01-29T09:00,13.7258
2026-01-29T10:00,15.834
2026-01-29T11:00,16.682000000000002
2026-01-29T12:00,18.230800000000002
2026-01-29T13:00,19.1788
2026-01-29T14:00,19.2206
2026-01-29T15:00,19.0382
2026-01-29T16:00,18.623
2026-01-29T17:00,17.1906
2026-01-29T18:00,15.4663
2026-01-29T19:00,14.6204
2026-01-29T20:00,13.807900000000002
2026-01-29T21:00,13.1213
2026-01-29T22:00,12.326
2026-01-29T23:00,11.6361
2026-01-30T00:00,11.3085
2026-01-30T01:00,10.693200000000001
2026-01-30T02:00,10.2408
2026-01-30T03:00,10.0546
2026-01-30T04:00,9.866800000000001
2026-01-30T05:00,10.0042
2026-01-30T06:00,9.483
2026-01-30T07:00,9.127600000000001
2026-01-30T08:00,11.2661
2026-01-30T09:00,13.878799999999998
2026-01-30T10:00,16.017400000000002
2026-01-30T11:00,17.0491
2026-01-30T12:00,18.6101
2026-01-30T13:00,19.543599999999998
2026-01-30T14:00,19.6095
2026-01-30T15:00,19.2534
2026-01-30T16:00,18.835100000000004
2026-01-30T17:00,17.6763
2026-01-30T18:00,16.0078
2026-01-30T19:00,15.070500000000001
2026-01-30T20:00,14.165700000000001
2026-01-30T21:00,13.230600000000003
2026-01-30T22:00,12.380899999999999
2026-01-30T23:00,11.815000000000001
2026-01-31T00:00,11.1485
2026-01-31T01:00,10.3767
2026-01-31T02:00,9.3703
2026-01-31T03:00,8.7627
2026-01-31T04:00,8.2568
2026-01-31T05:00,7.8371
2026-01-31T06:00,8.235299999999999
2026-01-31T07:00,8.4504
2026-01-31T08:00,10.0065
2026-01-31T09:00,12.343699999999998
2026-01-31T10:00,14.465200000000001
2026-01-31T11:00,16.816300000000002
2026-01-31T12:00,18.933999999999997
2026-01-31T13:00,19.7215
2026-01-31T14:00,19.7959
2026-01-31T15:00,19.8672
2026-01-31T16:00,19.4986
2026-01-31T17:00,17.776
2026-01-31T18:00,16.070999999999998
2026-01-31T19:00,15.1343
2026-01-31T20:00,14.3373
2026-01-31T21:00,13.7072
2026-01-31T22:00,13.1679
2026-01-31T23:00,12.791600000000003
2026-02-01T00:00,12.5277
2026-02-01T01:00,12.100499999999998
2026-02-01T02:00,11.703199999999999
2026-02-01T03:00,11.5602
2026-02-01T04:00,11.3476
2026-02-01T05:00,11.110700000000001
2026-02-01T06:00,11.184500000000002
2026-02-01T07:00,11.3383
2026-02-01T08:00,12.9704
2026-02-01T09:00,15.522499999999999
2026-02-01T10:00,18.203599999999998
2026-02-01T11:00,19.017
2026-02-01T12:00,20.389000000000003
2026-02-01T13:00,21.431800000000003
2026-02-01T14:00,21.699399999999997
2026-02-01T15:00,21.8863
2026-02-01T16:00,21.7062
2026-02-01T17:00,20.879600000000003
2026-02-01T18:00,18.7116
2026-02-01T19:00,17.6548
2026-02-01T20:00,16.6304
2026-02-01T21:00,16.052300000000002
2026-02-01T22:00,15.263100000000003
2026-02-01T23:00,14.9984
2026-02-02T00:00,14.7392
2026-02-02T01:00,14.025300000000001
2026-02-02T02:00,13.4657
2026-02-02T03:00,12.4045
2026-02-02T04:00,12.259400000000001
2026-02-02T05:00,12.959900000000001
2026-02-02T06:00,13.0725
2026-02-02T07:00,13.175699999999999
2026-02-02T08:00,14.510900000000001
2026-02-02T09:00,16.7082
2026-02-02T10:00,18.9293
2026-02-02T11:00,20.420900000000003
2026-02-02T12:00,21.6291
2026-02-02T13:00,22.2194
2026-02-02T14:00,22.244799999999998
2026-02-02T15:00,22.1508
2026-02-02T16:00,21.8481
2026-02-02T17:00,20.3871
2026-02-02T18:00,18.829700000000003
2026-02-02T19:00,18.023400000000002
2026-02-02T20:00,16.977200000000003
2026-02-02T21:00,16.0979
2026-02-02T22:00,15.4205
2026-02-02T23:00,15.317400000000001
2026-02-03T00:00,14.9013
2026-02-03T01:00,14.385399999999999
2026-02-03T02:00,13.5485
2026-02-03T03:00,12.992900000000002
2026-02-03T04:00,12.566100000000002
2026-02-03T05:00,12.561400000000003
2026-02-03T06:00,12.5499
2026-02-03T07:00,12.6928
2026-02-03T08:00,13.811200000000001
2026-02-03T09:00,15.063
2026-02-03T10:00,17.5149
2026-02-03T11:00,18.158
2026-02-03T12:00,19.561400000000003
2026-02-03T13:00,20.5748
2026-02-03T14:00,20.3478
2026-02-03T15:00,20.7484
2026-02-03T16:00,20.449600000000004
2026-02-03T17:00,19.983000000000004
2026-02-03T18:00,17.8419
2026-02-03T19:00,16.7541
2026-02-03T20:00,16.005200000000002
2026-02-03T21:00,15.058500000000002
2026-02-03T22:00,14.146
2026-02-03T23:00,13.8875
2026-02-04T00:00,13.1093
2026-02-04T01:00,12.526600000000002
2026-02-04T02:00,12.016900000000001
2026-02-04T03:00,11.6149
2026-02-04T04:00,11.473099999999999
2026-02-04T05:00,10.827300000000001
2026-02-04T06:00,10.7132
2026-02-04T07:00,10.7365
2026-02-04T08:00,12.173000000000002
2026-02-04T09:00,15.1907
2026-02-04T10:00,17.8834
2026-02-04T11:00,19.285700000000002
2026-02-04T12:00,20.435
2026-02-04T13:00,20.9797
2026-02-04T14:00,20.6064
2026-02-04T15:00,20.112099999999998
2026-02-04T16:00,19.620200000000004
2026-02-04T17:00,18.6143
2026-02-04T18:00,16.660400000000003
2026-02-04T19:00,15.8169
2026-02-04T20:00,14.9353
2026-02-04T21:00,14.127500000000001
2026-02-04T22:00,13.465600000000002
2026-02-04T23:00,13.282500000000002
2026-02-05T00:00,12.6509
2026-02-05T01:00,12.141900000000001
2026-02-05T02:00,11.6942
2026-02-05T03:00,11.282200000000001
2026-02-05T04:00,10.8057
2026-02-05T05:00,10.1997
2026-02-05T06:00,9.7271
2026-02-05T07:00,9.6123
2026-02-05T08:00,11.405
2026-02-05T09:00,14.106899999999998
2026-02-05T10:00,16.4953
2026-02-05T11:00,18.9666
2026-02-05T12:00,20.3726
2026-02-05T13:00,20.756700000000002
2026-02-05T14:00,20.3974
2026-02-05T15:00,19.7192
2026-02-05T16:00,19.3428
2026-02-05T17:00,18.2027
2026-02-05T18:00,16.4049
2026-02-05T19:00,15.4674
2026-02-05T20:00,14.608400000000001
2026-02-05T21:00,13.8401
2026-02-05T22:00,13.003599999999999
2026-02-05T23:00,12.6816
2026-02-06T00:00,12.1019
2026-02-06T01:00,11.5471
2026-02-06T02:00,10.9597
2026-02-06T03:00,10.498800000000001
2026-02-06T04:00,10.152700000000001
2026-02-06T05:00,9.8508
2026-02-06T06:00,9.521899999999999
2026-02-06T07:00,9.543800000000001
2026-02-06T08:00,11.5119
2026-02-06T09:00,14.4048
2026-02-06T10:00,16.878500000000003
2026-02-06T11:00,19.738500000000002
2026-02-06T12:00,21.1126
2026-02-06T13:00,21.4083
2026-02-06T14:00,21.2367
2026-02-06T15:00,20.808400000000002
2026-02-06T16:00,20.5616
2026-02-06T17:00,19.3175
2026-02-06T18:00,17.7159
2026-02-06T19:00,16.8398
2026-02-06T20:00,16.0963
2026-02-06T21:00,15.3568
2026-02-06T22:00,14.7011
2026-02-06T23:00,14.521800000000002
2026-02-07T00:00,13.967
2026-02-07T01:00,13.411500000000002
2026-02-07T02:00,12.830400000000001
2026-02-07T03:00,12.2454
2026-02-07T04:00,11.768300000000002
2026-02-07T05:00,11.4997
2026-02-07T06:00,11.2856
2026-02-07T07:00,11.3501
2026-02-07T08:00,13.3143
2026-02-07T09:00,16.0527
2026-02-07T10:00,18.348000000000003
2026-02-07T11:00,20.8745
2026-02-07T12:00,22.293599999999998
2026-02-07T13:00,22.6629
2026-02-07T14:00,22.4612
2026-02-07T15:00,21.9725
2026-02-07T16:00,21.599200000000003
2026-02-07T17:00,20.7051
2026-02-07T18:00,19.1128
2026-02-07T19:00,18.2382
2026-02-07T20:00,17.439700000000002
2026-02-07T21:00,16.6304
2026-02-07T22:00,15.8544
2026-02-07T23:00,15.568000000000001
2026-02-08T00:00,14.8549
2026-02-08T01:00,14.1193
2026-02-08T02:00,13.355799999999999
2026-02-08T03:00,12.6699
2026-02-08T04:00,12.059299999999999
2026-02-08T05:00,11.5658
2026-02-08T06:00,10.9769
2026-02-08T07:00,10.965500000000002
2026-02-08T08:00,12.9911
2026-02-08T09:00,15.9181
2026-02-08T10:00,18.2794
2026-02-08T11:00,20.9456
2026-02-08T12:00,22.032700000000002
2026-02-08T13:00,22.211699999999997
2026-02-08T14:00,21.916700000000002
2026-02-08T15:00,21.2633
2026-02-08T16:00,20.970000000000002
2026-02-08T17:00,19.9285
2026-02-08T18:00,18.0484
2026-02-08T19:00,17.0351
2026-02-08T20:00,16.2204
2026-02-08T21:00,15.462299999999999
2026-02-08T22:00,14.905700000000001
2026-02-08T23:00,14.4643
2026-02-09T00:00,13.5989
2026-02-09T01:00,12.6481
2026-02-09T02:00,11.7431
2026-02-09T03:00,10.9075
2026-02-09T04:00,10.3171
2026-02-09T05:00,10.4696
2026-02-09T06:00,10.322799999999999
2026-02-09T07:00,10.7567
2026-02-09T08:00,13.5078
2026-02-09T09:00,17.3094
2026-02-09T10:00,19.638900000000003
2026-02-09T11:00,21.7541
2026-02-09T12:00,23.558300000000003
2026-02-09T13:00,23.781000000000002
2026-02-09T14:00,23.255499999999998
2026-02-09T15:00,22.7797
2026-02-09T16:00,22.2715
2026-02-09T17:00,21.207500000000003
2026-02-09T18:00,19.0277
2026-02-09T19:00,17.9373
2026-02-09T20:00,16.5273
2026-02-09T21:00,15.178
2026-02-09T22:00,14.3641
2026-02-09T23:00,13.7821
2026-02-10T00:00,12.9457
2026-02-10T01:00,12.399400000000002
2026-02-10T02:00,11.986600000000001
2026-02-10T03:00,11.456600000000002
2026-02-10T04:00,10.9995
2026-02-10T05:00,10.709299999999999
2026-02-10T06:00,10.4624
2026-02-10T07:00,10.6876
2026-02-10T08:00,13.420099999999998
2026-02-10T09:00,17.242800000000003
2026-02-10T10:00,20.1976
2026-02-10T11:00,22.637800000000002
2026-02-10T12:00,24.5006
2026-02-10T13:00,25.2267
2026-02-10T14:00,25.1838
2026-02-10T15:00,24.742199999999997
2026-02-10T16:00,24.3418
2026-02-10T17:00,22.8094
2026-02-10T18:00,21.079400000000003
2026-02-10T19:00,19.756899999999998
2026-02-10T20:00,18.5114
2026-02-10T21:00,17.4655
2026-02-10T22:00,16.279799999999998
2026-02-10T23:00,15.9563
2026-02-11T00:00,15.1431
2026-02-11T01:00,14.620800000000001
2026-02-11T02:00,13.974300000000003
2026-02-11T03:00,13.4792
2026-02-11T04:00,13.0873
2026-02-11T05:00,13.2551
2026-02-11T06:00,13.2638
2026-02-11T07:00,13.567200000000001
2026-02-11T08:00,16.3852
2026-02-11T09:00,20.009900000000002
2026-02-11T10:00,22.363300000000002
2026-02-11T11:00,24.4873
2026-02-11T12:00,25.7683
2026-02-11T13:00,26.0576
2026-02-11T14:00,25.633100000000002
2026-02-11T15:00,24.822200000000002
2026-02-11T16:00,24.238799999999998
2026-02-11T17:00,22.7536
2026-02-11T18:00,21.313000000000002
2026-02-11T19:00,20.4569
2026-02-11T20:00,19.563699999999997
2026-02-11T21:00,18.4844
2026-02-11T22:00,17.5813
2026-02-11T23:00,16.9909
2026-02-12T00:00,16.1785
2026-02-12T01:00,15.5942
2026-02-12T02:00,15.015400000000001
2026-02-12T03:00,14.3101
2026-02-12T04:00,13.5978
2026-02-12T05:00,13.657499999999999
2026-02-12T06:00,13.196700000000002
2026-02-12T07:00,13.1256
2026-02-12T08:00,15.253100000000002
2026-02-12T09:00,17.9986
2026-02-12T10:00,20.3738
2026-02-12T11:00,23.1828
2026-02-12T12:00,24.2504
2026-02-12T13:00,24.5001
2026-02-12T14:00,24.0353
2026-02-12T15:00,23.253800000000002
2026-02-12T16:00,22.7222
2026-02-12T17:00,21.514700000000005
2026-02-12T18:00,20.165
2026-02-12T19:00,19.2051
2026-02-12T20:00,18.190800000000003
2026-02-12T21:00,17.3078
2026-02-12T22:00,16.5202
2026-02-12T23:00,16.1508
2026-02-13T00:00,15.0915
2026-02-13T01:00,14.786599999999998
2026-02-13T02:00,14.223300000000002
2026-02-13T03:00,13.521700000000001
2026-02-13T04:00,12.7737
2026-02-13T05:00,12.5743
2026-02-13T06:00,12.2904
2026-02-13T07:00,12.412500000000001
2026-02-13T08:00,14.727699999999999
2026-02-13T09:00,17.7929
2026-02-13T10:00,20.1611
2026-02-13T11:00,22.1825
2026-02-13T12:00,23.637900000000002
2026-02-13T13:00,24.1871
2026-02-13T14:00,24.0403
2026-02-13T15:00,23.5125
2026-02-13T16:00,23.087200000000003
2026-02-13T17:00,21.7542
2026-02-13T18:00,19.8707
2026-02-13T19:00,19.058200000000003
2026-02-13T20:00,17.9362
2026-02-13T21:00,16.8257
2026-02-13T22:00,15.9544
2026-02-13T23:00,16.189999999999998
2026-02-14T00:00,15.070000000000002
2026-02-14T01:00,14.4971
2026-02-14T02:00,13.729700000000001
2026-02-14T03:00,12.8429
2026-02-14T04:00,12.0702
2026-02-14T05:00,11.685300000000002
2026-02-14T06:00,11.4379
2026-02-14T07:00,11.9605
2026-02-14T08:00,14.7073
2026-02-14T09:00,18.3474
2026-02-14T10:00,21.0794
2026-02-14T11:00,23.4725
2026-02-14T12:00,24.8876
2026-02-14T13:00,25.3748
2026-02-14T14:00,25.0263
2026-02-14T15:00,24.033799999999996
2026-02-14T16:00,23.5302
2026-02-14T17:00,22.3786
2026-02-14T18:00,20.8644
2026-02-14T19:00,19.879599999999996
2026-02-14T20:00,19.0758
2026-02-14T21:00,18.2788
2026-02-14T22:00,17.4165
2026-02-14T23:00,17.3583
2026-02-15T00:00,16.2519
2026-02-15T01:00,15.3766
2026-02-15T02:00,14.622300000000001
2026-02-15T03:00,14.0279
2026-02-15T04:00,13.543099999999999
2026-02-15T05:00,13.610100000000001
2026-02-15T06:00,13.607899999999999
2026-02-15T07:00,14.034099999999999
2026-02-15T08:00,16.549999999999997
2026-02-15T09:00,19.996000000000002
2026-02-15T10:00,22.625700000000002
2026-02-15T11:00,25.101100000000002
2026-02-15T12:00,26.2626
2026-02-15T13:00,26.7545
2026-02-15T14:00,26.3152
2026-02-15T15:00,25.2653
2026-02-15T16:00,24.7191
2026-02-15T17:00,23.8322
2026-02-15T18:00,22.1186
2026-02-15T19:00,21.1918
2026-02-15T20:00,20.483999999999998
2026-02-15T21:00,19.5241
2026-02-15T22:00,18.226200000000002
2026-02-15T23:00,18.184
2026-02-16T00:00,17.013800000000003
2026-02-16T01:00,16.3733
2026-02-16T02:00,15.9923
2026-02-16T03:00,15.2528
2026-02-16T04:00,14.1492
2026-02-16T05:00,13.8404
2026-02-16T06:00,13.644400000000001
2026-02-16T07:00,14.2585
2026-02-16T08:00,17.393600000000003
2026-02-16T09:00,21.6458
2026-02-16T10:00,24.423700000000004
2026-02-16T11:00,26.6149
2026-02-16T12:00,28.0773
2026-02-16T13:00,28.3626
2026-02-16T14:00,27.834000000000003
2026-02-16T15:00,26.816700000000004
2026-02-16T16:00,25.8456
2026-02-16T17:00,24.1202
2026-02-16T18:00,22.613500000000002
2026-02-16T19:00,21.4797
2026-02-16T20:00,20.4173
2026-02-16T21:00,19.2944
2026-02-16T22:00,18.1389
2026-02-16T23:00,17.707500000000003
2026-02-17T00:00,16.5753
2026-02-17T01:00,15.729600000000001
2026-02-17T02:00,14.944400000000002
2026-02-17T03:00,14.3354
2026-02-17T04:00,13.7527
2026-02-17T05:00,13.6674
2026-02-17T06:00,13.1273
2026-02-17T07:00,13.5264
2026-02-17T08:00,16.387
2026-02-17T09:00,20.187200000000004
2026-02-17T10:00,23.043600000000005
2026-02-17T11:00,25.5593
2026-02-17T12:00,27.3973
2026-02-17T13:00,28.002399999999998
2026-02-17T14:00,27.5832
2026-02-17T15:00,26.5107
2026-02-17T16:00,25.9342
2026-02-17T17:00,24.8534
2026-02-17T18:00,23.399500000000003
2026-02-17T19:00,22.278000000000002
2026-02-17T20:00,21.562399999999997
2026-02-17T21:00,20.229300000000002
2026-02-17T22:00,19.0972
2026-02-17T23:00,18.6975
2026-02-18T00:00,17.5328
2026-02-18T01:00,16.662100000000002
2026-02-18T02:00,15.9048
2026-02-18T03:00,15.4594
2026-02-18T04:00,15.519200000000001
2026-02-18T05:00,15.238800000000001
2026-02-18T06:00,15.8305
2026-02-18T07:00,16.3206
2026-02-18T08:00,18.1634
2026-02-18T09:00,20.225900000000003
2026-02-18T10:00,22.0593
2026-02-18T11:00,22.643100000000004
2026-02-18T12:00,24.125000000000004
2026-02-18T13:00,24.5045
2026-02-18T14:00,24.512100000000004
2026-02-18T15:00,23.7476
2026-02-18T16:00,23.519199999999998
2026-02-18T17:00,21.836699999999997
2026-02-18T18:00,20.6753
2026-02-18T19:00,20.1018
2026-02-18T20:00,19.105900000000002
2026-02-18T21:00,18.4671
2026-02-18T22:00,17.884600000000002
2026-02-18T23:00,18.3096
2026-02-19T00:00,17.839199999999998
2026-02-19T01:00,17.2302
2026-02-19T02:00,16.418000000000003
2026-02-19T03:00,16.01
2026-02-19T04:00,15.830800000000002
2026-02-19T05:00,15.720300000000002
2026-02-19T06:00,15.442900000000002
2026-02-19T07:00,15.6112
2026-02-19T08:00,17.912
2026-02-19T09:00,21.0834
2026-02-19T10:00,23.904200000000003
2026-02-19T11:00,25.8044
2026-02-19T12:00,27.4263
2026-02-19T13:00,27.9354
2026-02-19T14:00,27.4775
2026-02-19T15:00,26.472700000000003
2026-02-19T16:00,25.042
2026-02-19T17:00,24.951500000000003
2026-02-19T18:00,23.4731
2026-02-19T19:00,22.4261
2026-02-19T20:00,21.7407
2026-02-19T21:00,20.648200000000003
2026-02-19T22:00,20.006500000000003
2026-02-19T23:00,19.7342
2026-02-20T00:00,19.2292
2026-02-20T01:00,18.3742
2026-02-20T02:00,17.6611
2026-02-20T03:00,17.1148
2026-02-20T04:00,16.5204
2026-02-20T05:00,15.974200000000002
2026-02-20T06:00,15.7897
2026-02-20T07:00,16.3476
2026-02-20T08:00,19.0812
2026-02-20T09:00,22.2027
2026-02-20T10:00,24.530500000000004
2026-02-20T11:00,26.7125
2026-02-20T12:00,28.3614
2026-02-20T13:00,28.856
2026-02-20T14:00,28.186300000000003
2026-02-20T15:00,27.0016
2026-02-20T16:00,26.1473
2026-02-20T17:00,25.1533
2026-02-20T18:00,23.654600000000002
2026-02-20T19:00,22.874000000000002
2026-02-20T20:00,22.0856
2026-02-20T21:00,21.191699999999997
2026-02-20T22:00,20.3181
2026-02-20T23:00,20.0225
2026-02-21T00:00,19.1706
2026-02-21T01:00,18.5901
2026-02-21T02:00,17.830499999999997
2026-02-21T03:00,17.105
2026-02-21T04:00,16.5518
2026-02-21T05:00,16.2694
2026-02-21T06:00,16.1134
2026-02-21T07:00,16.520999999999997
2026-02-21T08:00,18.9865
2026-02-21T09:00,22.0337
2026-02-21T10:00,24.6455
2026-02-21T11:00,26.6519
2026-02-21T12:00,27.5154
2026-02-21T13:00,27.646400000000003
2026-02-21T14:00,27.1512
2026-02-21T15:00,26.0539
2026-02-21T16:00,25.4091
2026-02-21T17:00,24.483400000000003
2026-02-21T18:00,23.171
2026-02-21T19:00,22.250700000000002
2026-02-21T20:00,21.370700000000003
2026-02-21T21:00,20.6218
2026-02-21T22:00,19.9993
2026-02-21T23:00,19.6827
2026-02-22T00:00,18.512600000000003
2026-02-22T01:00,17.9672
2026-02-22T02:00,17.3473
2026-02-22T03:00,16.6443
2026-02-22T04:00,15.8855
2026-02-22T05:00,15.6933
2026-02-22T06:00,15.519400000000001
2026-02-22T07:00,16.0776
2026-02-22T08:00,18.9559
2026-02-22T09:00,22.589599999999997
2026-02-22T10:00,25.1666
2026-02-22T11:00,27.001800000000003
2026-02-22T12:00,27.9281
2026-02-22T13:00,28.174799999999998
2026-02-22T14:00,27.748000000000005
2026-02-22T15:00,26.5638
2026-02-22T16:00,25.685300000000005
2026-02-22T17:00,24.9448
2026-02-22T18:00,23.5733
2026-02-22T19:00,22.8669
2026-02-22T20:00,21.747899999999998
2026-02-22T21:00,20.432000000000002
2026-02-22T22:00,19.674699999999998
2026-02-22T23:00,19.2052
2026-02-23T00:00,18.3313
2026-02-23T01:00,17.884999999999998
2026-02-23T02:00,17.3798
2026-02-23T03:00,16.5746
2026-02-23T04:00,15.778599999999999
2026-02-23T05:00,15.3066
2026-02-23T06:00,15.302000000000001
2026-02-23T07:00,16.017599999999998
2026-02-23T08:00,19.2846
2026-02-23T09:00,23.211800000000004
2026-02-23T10:00,25.3798
2026-02-23T11:00,27.1613
2026-02-23T12:00,28.817100000000003
2026-02-23T13:00,28.928199999999997
2026-02-23T14:00,27.901600000000002
2026-02-23T15:00,26.458099999999998
2026-02-23T16:00,25.565
2026-02-23T17:00,25.283800000000003
2026-02-23T18:00,23.7315
2026-02-23T19:00,22.961
2026-02-23T20:00,21.8033
2026-02-23T21:00,20.7128
2026-02-23T22:00,19.994999999999997
2026-02-23T23:00,19.3676
2026-02-24T00:00,18.4854
2026-02-24T01:00,17.731
2026-02-24T02:00,17.1445
2026-02-24T03:00,16.4691
2026-02-24T04:00,15.9154
2026-02-24T05:00,15.6905
2026-02-24T06:00,15.604800000000001
2026-02-24T07:00,16.407300000000003
2026-02-24T08:00,19.3642
2026-02-24T09:00,23.0224
2026-02-24T10:00,25.5956
2026-02-24T11:00,27.3375
2026-02-24T12:00,28.9418
2026-02-24T13:00,28.6929
2026-02-24T14:00,27.4724
2026-02-24T15:00,25.9972
2026-02-24T16:00,25.5627
2026-02-24T17:00,24.8489
2026-02-24T18:00,23.700799999999997
2026-02-24T19:00,23.0994
2026-02-24T20:00,22.0549
2026-02-24T21:00,21.1
2026-02-24T22:00,19.991000000000003
2026-02-24T23:00,19.4954
2026-02-25T00:00,18.621199999999998
2026-02-25T01:00,17.991799999999998
2026-02-25T02:00,16.742400000000004
2026-02-25T03:00,16.073999999999998
2026-02-25T04:00,15.450300000000002
2026-02-25T05:00,15.609800000000003
2026-02-25T06:00,15.371500000000001
2026-02-25T07:00,16.0261
2026-02-25T08:00,19.1682
2026-02-25T09:00,22.7181
2026-02-25T10:00,25.248700000000007
2026-02-25T11:00,26.9326
2026-02-25T12:00,27.738
2026-02-25T13:00,27.5936
2026-02-25T14:00,27.1829
2026-02-25T15:00,25.941300000000002
2026-02-25T16:00,25.0855
2026-02-25T17:00,24.6993
2026-02-25T18:00,23.0414
2026-02-25T19:00,21.9958
2026-02-25T20:00,21.2942
2026-02-25T21:00,20.1766
2026-02-25T22:00,19.077499999999997
2026-02-25T23:00,19.485400000000002
2026-02-26T00:00,18.6008
2026-02-26T01:00,17.853800000000003
2026-02-26T02:00,16.751900000000003
2026-02-26T03:00,16.1677
2026-02-26T04:00,15.464700000000002
2026-02-26T05:00,15.7061
2026-02-26T06:00,15.691300000000002
2026-02-26T07:00,16.271900000000002
2026-02-26T08:00,19.1224
2026-02-26T09:00,22.6002
2026-02-26T10:00,25.2277
2026-02-26T11:00,27.0978
2026-02-26T12:00,27.6557
2026-02-26T13:00,27.688100000000002
2026-02-26T14:00,26.9843
2026-02-26T15:00,25.921999999999997
2026-02-26T16:00,25.284200000000002
2026-02-26T17:00,24.738500000000002
2026-02-26T18:00,23.474800000000002
2026-02-26T19:00,22.583099999999998
2026-02-26T20:00,21.8235
2026-02-26T21:00,20.740899999999996
2026-02-26T22:00,19.6809
2026-02-26T23:00,19.572400000000002
2026-02-27T00:00,18.250899999999998
2026-02-27T01:00,17.4097
2026-02-27T02:00,16.609
2026-02-27T03:00,16.1286
2026-02-27T04:00,15.842500000000001
2026-02-27T05:00,16.187900000000003
2026-02-27T06:00,15.855099999999997
2026-02-27T07:00,16.1456
2026-02-27T08:00,19.1792
2026-02-27T09:00,22.930799999999998
2026-02-27T10:00,25.932100000000002
2026-02-27T11:00,28.1972
2026-02-27T12:00,29.4161
2026-02-27T13:00,29.5186
2026-02-27T14:00,28.896300000000004
2026-02-27T15:00,27.6601
2026-02-27T16:00,27.049599999999998
2026-02-27T17:00,26.5698
2026-02-27T18:00,24.7306
2026-02-27T19:00,23.9069
2026-02-27T20:00,22.9862
2026-02-27T21:00,22.093899999999998
2026-02-27T22:00,20.703899999999997
2026-02-27T23:00,20.8434
2026-02-28T00:00,20.192899999999998
2026-02-28T01:00,19.2587
2026-02-28T02:00,19.6538
2026-02-28T03:00,19.4129
2026-02-28T04:00,18.903100000000002
2026-02-28T05:00,19.043
2026-02-28T06:00,19.303900000000002
2026-02-28T07:00,19.895500000000002
2026-02-28T08:00,22.6111
2026-02-28T09:00,25.515800000000002
2026-02-28T10:00,27.6824
2026-02-28T11:00,29.551999999999996
2026-02-28T12:00,30.1239
2026-02-28T13:00,29.832000000000004
2026-02-28T14:00,28.853600000000004
2026-02-28T15:00,27.676400000000005
2026-02-28T16:00,27.0502
2026-02-28T17:00,27.1567
2026-02-28T18:00,25.927
2026-02-28T19:00,25.2532
2026-02-28T20:00,24.347499999999997
2026-02-28T21:00,23.5551
2026-02-28T22:00,22.6704
2026-02-28T23:00,22.254800000000003
2026-03-01T00:00,20.849000000000004
2026-03-01T01:00,19.876700000000003
2026-03-01T02:00,19.293200000000002
2026-03-01T03:00,18.7136
2026-03-01T04:00,18.065800000000003
2026-03-01T05:00,18.3843
2026-03-01T06:00,18.080099999999998
2026-03-01T07:00,18.5133
2026-03-01T08:00,21.247400000000003
2026-03-01T09:00,24.3652
2026-03-01T10:00,26.867600000000003
2026-03-01T11:00,28.465400000000002
2026-03-01T12:00,28.8437
2026-03-01T13:00,28.544800000000002
2026-03-01T14:00,27.996899999999997
2026-03-01T15:00,27.082800000000002
2026-03-01T16:00,26.4396
2026-03-01T17:00,25.652
2026-03-01T18:00,24.4279
2026-03-01T19:00,23.5168
2026-03-01T20:00,22.6539
2026-03-01T21:00,21.6504
2026-03-01T22:00,20.547600000000003
2026-03-01T23:00,20.1736
2026-03-02T00:00,19.1764
2026-03-02T01:00,18.3741
2026-03-02T02:00,17.7628
2026-03-02T03:00,17.2228
2026-03-02T04:00,16.7922
2026-03-02T05:00,17.0444
2026-03-02T06:00,16.784499999999998
2026-03-02T07:00,17.2504
2026-03-02T08:00,19.9425
2026-03-02T09:00,22.9129
2026-03-02T10:00,25.787100000000002
2026-03-02T11:00,27.9497
2026-03-02T12:00,28.8
2026-03-02T13:00,28.847300000000004
2026-03-02T14:00,28.2559
2026-03-02T15:00,27.265700000000002
2026-03-02T16:00,26.607
2026-03-02T17:00,25.8614
2026-03-02T18:00,25.0858
2026-03-02T19:00,24.339900000000004
2026-03-02T20:00,23.402500000000003
2026-03-02T21:00,22.4682
2026-03-02T22:00,21.3889
2026-03-02T23:00,21.013500000000004
2026-03-03T00:00,20.1569
2026-03-03T01:00,19.5034
2026-03-03T02:00,18.996000000000002
2026-03-03T03:00,18.2519
2026-03-03T04:00,17.493000000000002
2026-03-03T05:00,17.3371
2026-03-03T06:00,16.943
2026-03-03T07:00,17.4042
2026-03-03T08:00,19.9722
2026-03-03T09:00,22.7875
2026-03-03T10:00,25.5118
2026-03-03T11:00,27.934200000000004
2026-03-03T12:00,28.918
2026-03-03T13:00,29.1321
2026-03-03T14:00,28.9674
2026-03-03T15:00,28.3978
2026-03-03T16:00,27.954700000000003
2026-03-03T17:00,26.8025
2026-03-03T18:00,25.733800000000002
2026-03-03T19:00,24.8258
2026-03-03T20:00,23.984699999999997
2026-03-03T21:00,22.965800000000005
2026-03-03T22:00,21.9461
2026-03-03T23:00,21.517699999999998
2026-03-04T00:00,20.464
2026-03-04T01:00,19.594900000000003
2026-03-04T02:00,18.8197
2026-03-04T03:00,18.2169
2026-03-04T04:00,17.8095
2026-03-04T05:00,17.936
2026-03-04T06:00,17.7072
2026-03-04T07:00,18.2328
2026-03-04T08:00,21.0078
2026-03-04T09:00,24.234900000000003
2026-03-04T10:00,27.279700000000002
2026-03-04T11:00,29.902600000000003
2026-03-04T12:00,31.410100000000003
2026-03-04T13:00,31.8857
2026-03-04T14:00,31.628100000000003
2026-03-04T15:00,30.6837
2026-03-04T16:00,29.9348
2026-03-04T17:00,29.633000000000003
2026-03-04T18:00,28.648
2026-03-04T19:00,27.55
2026-03-04T20:00,26.5257
2026-03-04T21:00,25.6302
2026-03-04T22:00,24.5662
2026-03-04T23:00,24.229400000000002
2026-03-05T00:00,23.1772
2026-03-05T01:00,22.490499999999997
2026-03-05T02:00,21.9753
2026-03-05T03:00,21.5183
2026-03-05T04:00,21.1033
2026-03-05T05:00,20.7054
2026-03-05T06:00,20.4811
2026-03-05T07:00,21.0819
2026-03-05T08:00,23.8842
2026-03-05T09:00,26.518600000000003
2026-03-05T10:00,29.198800000000006
2026-03-05T11:00,31.804500000000004
2026-03-05T12:00,33.419200000000004
2026-03-05T13:00,33.7855
2026-03-05T14:00,33.3463
2026-03-05T15:00,32.4506
2026-03-05T16:00,32.127700000000004
2026-03-05T17:00,31.332600000000006
2026-03-05T18:00,30.4765
2026-03-05T19:00,28.9174
2026-03-05T20:00,27.998700000000003
2026-03-05T21:00,26.8976
2026-03-05T22:00,26.0704
2026-03-05T23:00,25.531100000000002
2026-03-06T00:00,24.1775
2026-03-06T01:00,23.172900000000002
2026-03-06T02:00,22.5741
2026-03-06T03:00,21.9045
2026-03-06T04:00,21.331800000000005
2026-03-06T05:00,21.016800000000003
2026-03-06T06:00,20.6916
2026-03-06T07:00,21.5902
2026-03-06T08:00,24.644800000000004
2026-03-06T09:00,27.8286
2026-03-06T10:00,30.698800000000002
2026-03-06T11:00,33.123599999999996
2026-03-06T12:00,34.594
2026-03-06T13:00,34.66
2026-03-06T14:00,33.9561
2026-03-06T15:00,32.9139
2026-03-06T16:00,32.0589
2026-03-06T17:00,31.140900000000002
2026-03-06T18:00,30.026299999999996
2026-03-06T19:00,29.1114
2026-03-06T20:00,28.0058
2026-03-06T21:00,27.165100000000002
2026-03-06T22:00,26.258599999999998
2026-03-06T23:00,26.065900000000003
2026-03-07T00:00,25.0882
2026-03-07T01:00,24.237800000000004
2026-03-07T02:00,23.512399999999996
2026-03-07T03:00,22.8792
2026-03-07T04:00,22.4214
2026-03-07T05:00,22.0206
2026-03-07T06:00,21.3287
2026-03-07T07:00,22.1886
2026-03-07T08:00,25.3052
2026-03-07T09:00,28.309
2026-03-07T10:00,31.0364
2026-03-07T11:00,33.519400000000005
2026-03-07T12:00,35.332600000000006
2026-03-07T13:00,36.0332
2026-03-07T14:00,35.5962
2026-03-07T15:00,34.21190000000001
2026-03-07T16:00,33.0464
2026-03-07T17:00,31.791
2026-03-07T18:00,30.7357
2026-03-07T19:00,29.5056
2026-03-07T20:00,28.416900000000002
2026-03-07T21:00,27.638400000000004
2026-03-07T22:00,27.0267
2026-03-07T23:00,26.6486
2026-03-08T00:00,25.0611
2026-03-08T01:00,24.350500000000004
2026-03-08T02:00,23.5787
2026-03-08T03:00,22.975800000000003
2026-03-08T04:00,22.4071
2026-03-08T05:00,22.726700000000005
2026-03-08T06:00,22.6467
2026-03-08T07:00,23.4182
2026-03-08T08:00,26.9895
2026-03-08T09:00,29.9655
2026-03-08T10:00,32.444900000000004
2026-03-08T11:00,34.4127
2026-03-08T12:00,36.087300000000006
2026-03-08T13:00,36.1937
2026-03-08T14:00,35.290299999999995
2026-03-08T15:00,33.9586
2026-03-08T16:00,33.1206
2026-03-08T17:00,32.5247
2026-03-08T18:00,31.098900000000004
2026-03-08T19:00,30.073000000000004
2026-03-08T20:00,29.939500000000002
2026-03-08T21:00,28.9748
2026-03-08T22:00,27.7069
2026-03-08T23:00,27.2475
2026-03-09T00:00,26.1341
2026-03-09T01:00,25.1417
2026-03-09T02:00,24.441100000000002
2026-03-09T03:00,23.826
2026-03-09T04:00,23.2223
2026-03-09T05:00,22.8778
2026-03-09T06:00,22.653600000000004
2026-03-09T07:00,23.6347
2026-03-09T08:00,26.804000000000002
2026-03-09T09:00,29.843400000000003
2026-03-09T10:00,32.6383
2026-03-09T11:00,34.790800000000004
2026-03-09T12:00,36.1548
2026-03-09T13:00,36.511599999999994
2026-03-09T14:00,35.9994
2026-03-09T15:00,34.8951
2026-03-09T16:00,33.87630000000001
2026-03-09T17:00,32.8815
2026-03-09T18:00,31.6466
2026-03-09T19:00,31.209500000000002
2026-03-09T20:00,29.8273
2026-03-09T21:00,28.824500000000004
2026-03-09T22:00,27.9405
2026-03-09T23:00,27.7186
2026-03-10T00:00,26.7412
2026-03-10T01:00,26.123700000000003
2026-03-10T02:00,25.9256
2026-03-10T03:00,25.5937
2026-03-10T04:00,25.0885
2026-03-10T05:00,24.878899999999998
2026-03-10T06:00,24.536800000000003
2026-03-10T07:00,25.0944
2026-03-10T08:00,27.669300000000003
2026-03-10T09:00,30.526600000000002
2026-03-10T10:00,33.176500000000004
2026-03-10T11:00,35.2754
2026-03-10T12:00,36.7153
2026-03-10T13:00,37.0405
2026-03-10T14:00,36.2415
2026-03-10T15:00,34.8945
2026-03-10T16:00,33.786500000000004
2026-03-10T17:00,32.862500000000004
2026-03-10T18:00,31.9527
2026-03-10T19:00,31.014200000000002
2026-03-10T20:00,30.286
2026-03-10T21:00,29.3675
2026-03-10T22:00,28.099100000000004
2026-03-10T23:00,27.8632
2026-03-11T00:00,27.0858
2026-03-11T01:00,26.2276
2026-03-11T02:00,25.5222
2026-03-11T03:00,25.0016
2026-03-11T04:00,24.585100000000004
2026-03-11T05:00,23.7076
2026-03-11T06:00,23.249599999999997
2026-03-11T07:00,24.284200000000002
2026-03-11T08:00,27.652900000000002
2026-03-11T09:00,30.705400000000004
2026-03-11T10:00,32.9612
2026-03-11T11:00,34.78790000000001
2026-03-11T12:00,35.388400000000004
2026-03-11T13:00,34.903999999999996
2026-03-11T14:00,34.0186
2026-03-11T15:00,33.0525
2026-03-11T16:00,32.3144
2026-03-11T17:00,31.473300000000002
2026-03-11T18:00,30.143700000000003
2026-03-11T19:00,28.904999999999998
2026-03-11T20:00,27.7333
2026-03-11T21:00,27.0355
2026-03-11T22:00,25.7964
2026-03-11T23:00,25.9418
2026-03-12T00:00,24.5164
2026-03-12T01:00,23.384000000000004
2026-03-12T02:00,22.3939
2026-03-12T03:00,21.9394
2026-03-12T04:00,21.269
2026-03-12T05:00,21.882100000000005
2026-03-12T06:00,21.774900000000002
2026-03-12T07:00,23.0051
2026-03-12T08:00,25.780099999999997
2026-03-12T09:00,28.825200000000002
2026-03-12T10:00,31.6104
2026-03-12T11:00,33.3651
2026-03-12T12:00,33.550200000000004
2026-03-12T13:00,33.907000000000004
2026-03-12T14:00,33.515
2026-03-12T15:00,32.2719
2026-03-12T16:00,31.5565
2026-03-12T17:00,30.6852
2026-03-12T18:00,29.629400000000004
2026-03-12T19:00,28.4846
2026-03-12T20:00,27.219600000000003
2026-03-12T21:00,26.482200000000002
2026-03-12T22:00,25.605999999999998
2026-03-12T23:00,25.7209
2026-03-13T00:00,24.6298
2026-03-13T01:00,23.860100000000003
2026-03-13T02:00,23.1369
2026-03-13T03:00,22.451700000000002
2026-03-13T04:00,21.834000000000003
2026-03-13T05:00,22.229100000000003
2026-03-13T06:00,22.0359
2026-03-13T07:00,22.999200000000002
2026-03-13T08:00,25.7241
2026-03-13T09:00,28.2943
2026-03-13T10:00,31.076500000000003
2026-03-13T11:00,32.9313
2026-03-13T12:00,33.932700000000004
2026-03-13T13:00,32.9665
2026-03-13T14:00,31.894000000000002
2026-03-13T15:00,31.239900000000002
2026-03-13T16:00,30.4384
2026-03-13T17:00,29.393500000000003
2026-03-13T18:00,28.5435
2026-03-13T19:00,27.5818
2026-03-13T20:00,26.8135
2026-03-13T21:00,25.9482
2026-03-13T22:00,24.793499999999998
2026-03-13T23:00,24.591
2026-03-14T00:00,23.531100000000002
2026-03-14T01:00,22.9118
2026-03-14T02:00,22.225800000000003
2026-03-14T03:00,21.8168
2026-03-14T04:00,21.4374
2026-03-14T05:00,20.855400000000003
2026-03-14T06:00,20.553600000000003
2026-03-14T07:00,21.4742
2026-03-14T08:00,24.0228
2026-03-14T09:00,26.6728
2026-03-14T10:00,29.259099999999997
2026-03-14T11:00,31.414699999999996
2026-03-14T12:00,32.106
2026-03-14T13:00,31.3925
2026-03-14T14:00,31.135299999999997
2026-03-14T15:00,31.5618
2026-03-14T16:00,30.635499999999997
2026-03-14T17:00,29.4666
2026-03-14T18:00,28.2046
2026-03-14T19:00,27.68
2026-03-14T20:00,26.327900000000003
2026-03-14T21:00,25.0884
2026-03-14T22:00,24.4009
2026-03-14T23:00,23.8546
2026-03-15T00:00,22.7292
2026-03-15T01:00,21.8129
2026-03-15T02:00,21.9277
2026-03-15T03:00,19.823800000000002
2026-03-15T04:00,20.0757
2026-03-15T05:00,19.883100000000002
2026-03-15T06:00,20.4116
2026-03-15T07:00,21.316100000000002
2026-03-15T08:00,22.9247
2026-03-15T09:00,25.2099
2026-03-15T10:00,27.3044
2026-03-15T11:00,28.761600000000005
2026-03-15T12:00,28.977200000000003
2026-03-15T13:00,29.6609
2026-03-15T14:00,28.9341
2026-03-15T15:00,28.0825
2026-03-15T16:00,27.3345
2026-03-15T17:00,26.316100000000002
2026-03-15T18:00,24.8619
2026-03-15T19:00,23.5627
2026-03-15T20:00,22.6184
2026-03-15T21:00,21.866400000000002
2026-03-15T22:00,21.1472
2026-03-15T23:00,21.5358
2026-03-16T00:00,20.8078
2026-03-16T01:00,19.735100000000003
2026-03-16T02:00,19.2486
2026-03-16T03:00,18.96
2026-03-16T04:00,18.7558
2026-03-16T05:00,17.9024
2026-03-16T06:00,18.0863
2026-03-16T07:00,19.1363
2026-03-16T08:00,20.8398
2026-03-16T09:00,23.565100000000005
2026-03-16T10:00,26.564300000000003
2026-03-16T11:00,27.5285
2026-03-16T12:00,29.110500000000002
2026-03-16T13:00,29.817400000000003
2026-03-16T14:00,29.675
2026-03-16T15:00,28.756099999999996
2026-03-16T16:00,28.2193
2026-03-16T17:00,26.8367
2026-03-16T18:00,25.3075
2026-03-16T19:00,23.445800000000002
2026-03-16T20:00,22.9447
2026-03-16T21:00,22.113
2026-03-16T22:00,21.613
2026-03-16T23:00,22.452099999999998
2026-03-17T00:00,21.874100000000002
2026-03-17T01:00,21.119800000000005
2026-03-17T02:00,20.440900000000003
2026-03-17T03:00,20.1501
2026-03-17T04:00,19.551000000000002
2026-03-17T05:00,18.908400000000004
2026-03-17T06:00,18.7376
2026-03-17T07:00,19.9693
2026-03-17T08:00,22.8221
2026-03-17T09:00,25.9639
2026-03-17T10:00,29.160899999999998
2026-03-17T11:00,31.5787
2026-03-17T12:00,32.7843
2026-03-17T13:00,33.116299999999995
2026-03-17T14:00,32.717999999999996
2026-03-17T15:00,31.0127
2026-03-17T16:00,30.1403
2026-03-17T17:00,28.7926
2026-03-17T18:00,27.322699999999998
2026-03-17T19:00,26.074800000000003
2026-03-17T20:00,25.193199999999997
2026-03-17T21:00,24.2874
2026-03-17T22:00,23.474200000000003
2026-03-17T23:00,23.845100000000002
2026-03-18T00:00,23.0645
2026-03-18T01:00,22.466199999999997
2026-03-18T02:00,21.7545
2026-03-18T03:00,21.3022
2026-03-18T04:00,21.279600000000002
2026-03-18T05:00,20.7164
2026-03-18T06:00,20.5279
2026-03-18T07:00,21.7263
2026-03-18T08:00,24.596200000000003
2026-03-18T09:00,27.7623
2026-03-18T10:00,30.8391
2026-03-18T11:00,32.7727
2026-03-18T12:00,33.6052
2026-03-18T13:00,33.529700000000005
2026-03-18T14:00,31.9051
2026-03-18T15:00,29.736500000000003
2026-03-18T16:00,30.0
2026-03-18T17:00,29.096400000000003
2026-03-18T18:00,25.877200000000002
2026-03-18T19:00,24.8203
2026-03-18T20:00,24.133200000000002
2026-03-18T21:00,24.272799999999997
2026-03-18T22:00,23.601999999999997
2026-03-18T23:00,23.4122
2026-03-19T00:00,23.2468
2026-03-19T01:00,22.8307
2026-03-19T02:00,22.428800000000003
2026-03-19T03:00,21.688499999999998
2026-03-19T04:00,20.749499999999998
2026-03-19T05:00,21.9774
2026-03-19T06:00,22.7151
2026-03-19T07:00,23.6844
2026-03-19T08:00,25.0837
2026-03-19T09:00,26.875200000000003
2026-03-19T10:00,29.6003
2026-03-19T11:00,30.756
2026-03-19T12:00,30.695800000000002
2026-03-19T13:00,30.355900000000002
2026-03-19T14:00,29.9754
2026-03-19T15:00,28.031000000000002
2026-03-19T16:00,27.357100000000003
2026-03-19T17:00,26.104300000000002
2026-03-19T18:00,24.141900000000003
2026-03-19T19:00,23.0528
2026-03-19T20:00,22.4436
2026-03-19T21:00,21.6024
2026-03-19T22:00,21.042900000000003
2026-03-19T23:00,21.752100000000002
2026-03-20T00:00,21.7043
2026-03-20T01:00,21.094900000000003
2026-03-20T02:00,20.3321
2026-03-20T03:00,20.416500000000003
2026-03-20T04:00,19.9867
2026-03-20T05:00,19.6647
2026-03-20T06:00,19.484799999999996
2026-03-20T07:00,20.1956
2026-03-20T08:00,21.525900000000004
2026-03-20T09:00,22.5131
2026-03-20T10:00,23.0574
2026-03-20T11:00,22.861600000000003
2026-03-20T12:00,23.0005
2026-03-20T13:00,22.915
2026-03-20T14:00,22.7554
2026-03-20T15:00,22.9462
2026-03-20T16:00,23.081900000000005
2026-03-20T17:00,21.7252
2026-03-20T18:00,20.992
2026-03-20T19:00,20.352600000000002
2026-03-20T20:00,19.891
2026-03-20T21:00,19.4659
2026-03-20T22:00,18.399500000000003
2026-03-20T23:00,18.3047
2026-03-21T00:00,18.2672
2026-03-21T01:00,17.828300000000002
2026-03-21T02:00,17.525000000000002
2026-03-21T03:00,17.3264
2026-03-21T04:00,17.0627
2026-03-21T05:00,17.3155
2026-03-21T06:00,16.9957
2026-03-21T07:00,17.6004
2026-03-21T08:00,18.2958
2026-03-21T09:00,20.715000000000003
2026-03-21T10:00,23.423
2026-03-21T11:00,25.4534
2026-03-21T12:00,26.240099999999998
2026-03-21T13:00,26.788600000000002
2026-03-21T14:00,26.2494
2026-03-21T15:00,25.2508
2026-03-21T16:00,24.7255
2026-03-21T17:00,24.075599999999998
2026-03-21T18:00,22.8875
2026-03-21T19:00,22.4304
2026-03-21T20:00,21.701100000000004
2026-03-21T21:00,21.2775
2026-03-21T22:00,20.968700000000002
2026-03-21T23:00,21.5974
2026-03-22T00:00,20.3978
2026-03-22T01:00,19.692500000000003
2026-03-22T02:00,19.265800000000002
2026-03-22T03:00,18.671499999999998
2026-03-22T04:00,18.147000000000002
2026-03-22T05:00,17.9648
2026-03-22T06:00,18.080399999999997
2026-03-22T07:00,19.4633
2026-03-22T08:00,21.9985
2026-03-22T09:00,23.6869
2026-03-22T10:00,25.2387
2026-03-22T11:00,27.2205
2026-03-22T12:00,28.344800000000003
2026-03-22T13:00,28.628800000000002
2026-03-22T14:00,28.4968
2026-03-22T15:00,27.5649
2026-03-22T16:00,26.8858
2026-03-22T17:00,26.6841
2026-03-22T18:00,24.865199999999998
2026-03-22T19:00,23.7555
2026-03-22T20:00,23.268099999999997
2026-03-22T21:00,22.618700000000004
2026-03-22T22:00,21.993700000000004
2026-03-22T23:00,21.9706
2026-03-23T00:00,21.1952
2026-03-23T01:00,20.6979
2026-03-23T02:00,20.1703
2026-03-23T03:00,19.5241
2026-03-23T04:00,19.3597
2026-03-23T05:00,19.111300000000004
2026-03-23T06:00,19.3934
2026-03-23T07:00,20.2132
2026-03-23T08:00,21.7059
2026-03-23T09:00,23.1677
2026-03-23T10:00,25.8087
2026-03-23T11:00,27.429200000000005
2026-03-23T12:00,27.7845
2026-03-23T13:00,27.599600000000002
2026-03-23T14:00,27.8997
2026-03-23T15:00,27.866600000000002
2026-03-23T16:00,27.872100000000003
2026-03-23T17:00,27.975300000000004
2026-03-23T18:00,25.852199999999996
2026-03-23T19:00,24.3688
2026-03-23T20:00,23.4518
2026-03-23T21:00,22.765900000000002
2026-03-23T22:00,21.8759
2026-03-23T23:00,22.0272
2026-03-24T00:00,21.847
2026-03-24T01:00,21.373
2026-03-24T02:00,21.283800000000003
2026-03-24T03:00,20.5148
2026-03-24T04:00,20.0928
2026-03-24T05:00,19.9263
2026-03-24T06:00,20.277800000000003
2026-03-24T07:00,22.070700000000002
2026-03-24T08:00,24.9533
2026-03-24T09:00,27.2384
2026-03-24T10:00,29.322000000000003
2026-03-24T11:00,30.719500000000004
2026-03-24T12:00,31.181200000000004
2026-03-24T13:00,30.997999999999998
2026-03-24T14:00,30.587400000000006
2026-03-24T15:00,29.4459
2026-03-24T16:00,28.3713
2026-03-24T17:00,28.1159
2026-03-24T18:00,26.8485
2026-03-24T19:00,25.824700000000004
2026-03-24T20:00,24.6747
2026-03-24T21:00,23.543400000000002
2026-03-24T22:00,22.2159
2026-03-24T23:00,22.3185
2026-03-25T00:00,21.771499999999996
2026-03-25T01:00,21.2097
2026-03-25T02:00,20.6314
2026-03-25T03:00,19.9589
2026-03-25T04:00,19.330399999999997
2026-03-25T05:00,19.462100000000003
2026-03-25T06:00,19.529600000000002
2026-03-25T07:00,21.2689
2026-03-25T08:00,24.5639
2026-03-25T09:00,27.122899999999998
2026-03-25T10:00,29.1086
2026-03-25T11:00,30.731000000000005
2026-03-25T12:00,31.6689
2026-03-25T13:00,31.996299999999998
2026-03-25T14:00,31.5377
2026-03-25T15:00,30.290700000000005
2026-03-25T16:00,29.407799999999998
2026-03-25T17:00,28.922800000000002
2026-03-25T18:00,27.5115
2026-03-25T19:00,26.5574
2026-03-25T20:00,25.838900000000002
2026-03-25T21:00,25.4085
2026-03-25T22:00,24.1459
2026-03-25T23:00,24.0491
2026-03-26T00:00,22.8756
2026-03-26T01:00,22.072499999999998
2026-03-26T02:00,21.979900000000004
2026-03-26T03:00,21.565800000000003
2026-03-26T04:00,20.9984
2026-03-26T05:00,21.076800000000002
2026-03-26T06:00,21.2876
2026-03-26T07:00,23.1318
2026-03-26T08:00,26.544999999999998
2026-03-26T09:00,29.2021
2026-03-26T10:00,31.5657
2026-03-26T11:00,33.566700000000004
2026-03-26T12:00,34.611
2026-03-26T13:00,34.258900000000004
2026-03-26T14:00,33.2646
2026-03-26T15:00,32.0815
2026-03-26T16:00,31.1489
2026-03-26T17:00,30.9395
2026-03-26T18:00,30.0151
2026-03-26T19:00,28.8825
2026-03-26T20:00,28.007
2026-03-26T21:00,27.2683
2026-03-26T22:00,26.5748
2026-03-26T23:00,26.4183
2026-03-27T00:00,25.858600000000003
2026-03-27T01:00,24.7604
2026-03-27T02:00,23.99
2026-03-27T03:00,23.2683
2026-03-27T04:00,22.871800000000004
2026-03-27T05:00,23.067500000000003
2026-03-27T06:00,23.0981
2026-03-27T07:00,23.9752
2026-03-27T08:00,25.0863
2026-03-27T09:00,27.480999999999998
2026-03-27T10:00,27.0561
2026-03-27T11:00,28.0775
2026-03-27T12:00,29.109
2026-03-27T13:00,31.4613
2026-03-27T14:00,30.2896
2026-03-27T15:00,29.2713
2026-03-27T16:00,29.056800000000003
2026-03-27T17:00,28.1378
2026-03-27T18:00,27.3748
2026-03-27T19:00,26.905700000000007
2026-03-27T20:00,26.167000000000005
2026-03-27T21:00,25.484800000000003
2026-03-27T22:00,24.8194
2026-03-27T23:00,24.988599999999998
2026-03-28T00:00,24.028000000000002
2026-03-28T01:00,23.3227
2026-03-28T02:00,22.756899999999998
2026-03-28T03:00,22.5073
2026-03-28T04:00,21.928600000000003
2026-03-28T05:00,22.232799999999997
2026-03-28T06:00,22.5037
2026-03-28T07:00,24.100800000000003
2026-03-28T08:00,26.709000000000003
2026-03-28T09:00,28.8671
2026-03-28T10:00,31.3417
2026-03-28T11:00,32.809599999999996
2026-03-28T12:00,33.7126
2026-03-28T13:00,33.80630000000001
2026-03-28T14:00,33.201100000000004
2026-03-28T15:00,32.1001
2026-03-28T16:00,31.1233
2026-03-28T17:00,30.5623
2026-03-28T18:00,29.688800000000004
2026-03-28T19:00,28.480800000000002
2026-03-28T20:00,27.596799999999998
2026-03-28T21:00,26.911600000000004
2026-03-28T22:00,25.888
2026-03-28T23:00,25.841800000000003
2026-03-29T00:00,24.6445
2026-03-29T01:00,24.037700000000005
2026-03-29T02:00,23.336100000000002
2026-03-29T03:00,22.901500000000002
2026-03-29T04:00,22.349600000000002
2026-03-29T05:00,23.0389
2026-03-29T06:00,23.334600000000002
2026-03-29T07:00,24.9064
2026-03-29T08:00,27.600100000000005
2026-03-29T09:00,30.008200000000002
2026-03-29T10:00,32.8297
2026-03-29T11:00,34.6895
2026-03-29T12:00,35.712
2026-03-29T13:00,36.369499999999995
2026-03-29T14:00,35.7946
2026-03-29T15:00,34.9858
2026-03-29T16:00,33.3094
2026-03-29T17:00,32.859300000000005
2026-03-29T18:00,31.249900000000004
2026-03-29T19:00,29.4392
2026-03-29T20:00,27.932199999999998
2026-03-29T21:00,26.8379
2026-03-29T22:00,26.2341
2026-03-29T23:00,26.4653
2026-03-30T00:00,25.809800000000003
2026-03-30T01:00,25.006100000000004
2026-03-30T02:00,24.535800000000002
2026-03-30T03:00,24.0028
2026-03-30T04:00,23.471200000000003
2026-03-30T05:00,23.685599999999997
2026-03-30T06:00,24.005300000000005
2026-03-30T07:00,25.7258
2026-03-30T08:00,28.6071
2026-03-30T09:00,31.3746
2026-03-30T10:00,34.072900000000004
2026-03-30T11:00,35.6869
2026-03-30T12:00,36.6263
2026-03-30T13:00,35.1163
2026-03-30T14:00,32.664
2026-03-30T15:00,32.134299999999996
2026-03-30T16:00,31.894000000000002
2026-03-30T17:00,30.5006
2026-03-30T18:00,29.7823
2026-03-30T19:00,29.548499999999997
2026-03-30T20:00,28.319999999999997
2026-03-30T21:00,27.1482
2026-03-30T22:00,26.8309
2026-03-30T23:00,26.799
2026-03-31T00:00,26.3901
2026-03-31T01:00,26.029400000000003
2026-03-31T02:00,25.453500000000002
2026-03-31T03:00,25.1712
2026-03-31T04:00,24.6124
2026-03-31T05:00,24.374200000000002
2026-03-31T06:00,24.4634
2026-03-31T07:00,26.3226
2026-03-31T08:00,28.794199999999996
2026-03-31T09:00,30.846699999999995
2026-03-31T10:00,32.9217
2026-03-31T11:00,35.1842
2026-03-31T12:00,36.24960000000001
2026-03-31T13:00,33.1268
2026-03-31T14:00,32.4872
2026-03-31T15:00,32.1017
2026-03-31T16:00,30.952
2026-03-31T17:00,28.991300000000003
2026-03-31T18:00,28.353900000000003
2026-03-31T19:00,27.398400000000002
2026-03-31T20:00,26.738799999999998
2026-03-31T21:00,26.1199
2026-03-31T22:00,25.1299
2026-03-31T23:00,24.8901
