datetime,load_mw,temp_weighted,month,holiday,is_weekend,hour,minute,y_lag_1,y_lag_24h,y_lag_7d
2024-01-01 00:00:00,6461.51,20.49,1,0,0,0,0,,,
2024-01-01 00:15:00,6522.464785606765,20.426820071346068,1,0,0,0,15,6461.51,,
2024-01-01 00:30:00,6625.553326407731,20.322937224395503,1,0,0,0,30,6522.464785606765,,
2024-01-01 00:45:00,6759.375204004832,20.189085765247192,1,0,0,0,45,6625.553326407731,,
2024-01-01 01:00:00,6912.53,20.036,1,0,0,1,0,6759.375204004832,,
2024-01-01 01:15:00,7073.617295995168,19.874414234752813,1,0,0,1,15,6912.53,,
2024-01-01 01:30:00,7231.236673592269,19.715062775604498,1,0,0,1,30,7073.617295995168,,
2024-01-01 01:45:00,7373.987714393235,19.56867992865393,1,0,0,1,45,7231.236673592269,,
2024-01-01 02:00:00,7490.47,19.446,1,0,0,2,0,7373.987714393235,,
2024-01-01 02:15:00,7569.324780412564,19.35446048964269,1,0,0,2,15,7490.47,,
2024-01-01 02:30:00,7599.359979223194,19.28831167318652,1,0,0,2,30,7569.324780412564,,
2024-01-01 02:45:00,7569.425188422227,19.23850702013708,1,0,0,2,45,7599.359979223194,,
2024-01-01 03:00:00,7468.37,19.196,1,0,0,3,0,7569.425188422227,,
2024-01-01 03:15:00,7296.566394854578,19.15235318167641,1,0,0,3,15,7468.37,,
2024-01-01 03:30:00,7100.475909514955,19.10156553164945,1,0,0,3,30,7296.566394854578,,
2024-01-01 03:45:00,6938.082469417854,19.038245115797764,1,0,0,3,45,7100.475909514955,,
2024-01-01 04:00:00,6867.37,18.957,1,0,0,4,0,6938.082469417854,,
2024-01-01 04:15:00,6928.949796419123,18.859704908651658,1,0,0,4,15,6867.37,,
2024-01-01 04:30:00,7093.942632716986,18.77730120021568,1,0,0,4,30,6928.949796419123,,
2024-01-01 04:45:00,7316.096652656355,18.747996891671864,1,0,0,4,45,7093.942632716986,,
2024-01-01 05:00:00,7549.16,18.81,1,0,0,5,0,7316.096652656355,,
2024-01-01 05:15:00,7759.158325718927,18.98782718371695,1,0,0,5,15,7549.16,,
2024-01-01 05:30:00,7961.227309617101,19.251229667487824,1,0,0,5,30,7759.158325718927,,
2024-01-01 05:45:00,8182.780138706724,19.556267317514784,1,0,0,5,45,7961.227309617101,,
2024-01-01 06:00:00,8451.23,19.859,1,0,0,6,0,8182.780138706724,,
2024-01-01 06:15:00,8781.536275705166,20.13098635648053,1,0,0,6,15,8451.23,,
2024-01-01 06:30:00,9138.843128814608,20.405780129833023,1,0,0,6,30,8781.536275705166,,
2024-01-01 06:45:00,9475.840917516744,20.732433838269003,1,0,0,6,45,9138.843128814608,,
2024-01-01 07:00:00,9745.22,21.16,1,0,0,7,0,9475.840917516744,,
2024-01-01 07:15:00,9916.021102710403,21.719086765360903,1,0,0,7,15,9745.22,,
2024-01-01 07:30:00,10022.68642512446,22.366524813180067,1,0,0,7,30,9916.021102710403,,
2024-01-01 07:45:00,10116.008534976289,23.0407004544092,1,0,0,7,45,10022.68642512446,,
2024-01-01 08:00:00,10246.78,23.68,1,0,0,8,0,10116.008534976289,,
2024-01-01 08:15:00,10447.708063453216,24.23615095707584,1,0,0,8,15,10246.78,,
2024-01-01 08:30:00,10679.158670687546,24.71424561744669,1,0,0,8,30,10447.708063453216,,
2024-01-01 08:45:00,10883.412442578105,25.1327174690942,1,0,0,8,45,10679.158670687546,,
2024-01-01 09:00:00,11002.75,25.51,1,0,0,9,0,10883.412442578105,,
2024-01-01 09:15:00,10995.376643476737,25.86235628133576,1,0,0,9,15,11002.75,,
2024-01-01 09:30:00,10883.19639212536,26.197367717033185,1,0,0,9,30,10995.376643476737,,
2024-01-01 09:45:00,10704.037944711305,26.520445294214017,1,0,0,9,45,10883.19639212536,,
2024-01-01 10:00:00,10495.73,26.837,1,0,0,10,0,10704.037944711305,,
2024-01-01 10:15:00,10298.42989388984,27.149892667581145,1,0,0,10,15,10495.73,,
2024-01-01 10:30:00,10161.609510811018,27.451783514420583,1,0,0,10,30,10298.42989388984,,
2024-01-01 10:45:00,10137.069372326689,27.73278260404973,1,0,0,10,45,10161.609510811018,,
2024-01-01 11:00:00,10276.61,27.983,1,0,0,11,0,10137.069372326689,,
2024-01-01 11:15:00,10600.127374713906,28.194760548339666,1,0,0,11,15,10276.61,,
2024-01-01 11:30:00,10999.899314630566,28.36924822528448,1,0,0,11,30,10600.127374713906,,
2024-01-01 11:45:00,11336.299097231942,28.509861789587053,1,0,0,11,45,10999.899314630566,,
2024-01-01 12:00:00,11469.7,28.62,1,0,0,12,0,11336.299097231942,,
2024-01-01 12:15:00,11306.364357254535,28.70181513906019,1,0,0,12,15,11469.7,,
2024-01-01 12:30:00,10936.11073066672,28.7524735844415,1,0,0,12,30,11306.364357254535,,
2024-01-01 12:45:00,10494.64673874554,28.767895237602065,1,0,0,12,45,10936.11073066672,,
2024-01-01 13:00:00,10117.68,28.744,1,0,0,13,0,10494.64673874554,,
2024-01-01 13:15:00,9906.041758767942,28.681322645419574,1,0,0,13,15,10117.68,,
2024-01-01 13:30:00,9821.05776270256,28.59885743694952,1,0,0,13,30,9906.041758767942,,
2024-01-01 13:45:00,9789.177385285904,28.52021351000471,1,0,0,13,45,9821.05776270256,,
2024-01-01 14:00:00,9736.85,28.469,1,0,0,14,0,9789.177385285904,,
2024-01-01 14:15:00,9614.980326423694,28.45825365426153,1,0,0,14,15,9736.85,,
2024-01-01 14:30:00,9472.29446852303,28.458721667760432,1,0,0,14,30,9614.980326423694,,
2024-01-01 14:45:00,9381.973876360851,28.430578847379124,1,0,0,14,45,9472.29446852303,,
2024-01-01 15:00:00,9417.2,28.334,1,0,0,15,0,9381.973876360851,,
2024-01-01 15:15:00,9615.25474803728,28.14069398753432,1,0,0,15,15,9417.2,,
2024-01-01 15:30:00,9869.82186320532,27.86850589200876,1,0,0,15,30,9615.25474803728,,
2024-01-01 15:45:00,10038.685546770696,27.546814850478807,1,0,0,15,45,9869.82186320532,,
2024-01-01 16:00:00,9979.63,27.205,1,0,0,16,0,10038.685546770696,,
2024-01-01 16:15:00,9601.506150177182,26.86404852060118,1,0,0,16,15,9979.63,,
2024-01-01 16:30:00,9017.431828655695,26.51137976420455,1,0,0,16,30,9601.506150177182,,
2024-01-01 16:45:00,8391.59159280636,26.12602112570564,1,0,0,16,45,9017.431828655695,,
2024-01-01 17:00:00,7888.17,25.687,1,0,0,17,0,8391.59159280636,,
2024-01-01 17:15:00,7630.702838753989,25.18825255506096,1,0,0,17,15,7888.17,,
2024-01-01 17:30:00,7580.130822171902,24.68335005117305,1,0,0,17,30,7630.702838753989,,
2024-01-01 17:45:00,7656.745894503864,24.24077252169862,1,0,0,17,45,7580.130822171902,,
2024-01-01 18:00:00,7780.84,23.929,1,0,0,18,0,7656.745894503864,,
2024-01-01 18:15:00,7882.61405730686,23.79041000915499,1,0,0,18,15,7780.84,,
2024-01-01 18:30:00,7931.904882656698,23.762970031103244,1,0,0,18,30,7882.61405730686,,
2024-01-01 18:45:00,7908.458266678185,23.758545037499875,1,0,0,18,45,7931.904882656698,,
2024-01-01 19:00:00,7792.02,23.689,1,0,0,19,0,7908.458266678185,,
2024-01-01 19:15:00,7577.99483826857,23.49087303331908,1,0,0,19,15,7792.02,,
2024-01-01 19:30:00,7324.4233972013135,23.19939482441397,1,0,0,19,30,7577.99483826857,,
2024-01-01 19:45:00,7105.005257533399,22.87446920330188,1,0,0,19,45,7324.4233972013135,,
2024-01-01 20:00:00,6993.44,22.576,1,0,0,20,0,7105.005257533399,,
2024-01-01 20:15:00,7035.726433368863,22.34864473256869,1,0,0,20,15,6993.44,,
2024-01-01 20:30:00,7167.060278538052,22.176075671240863,1,0,0,20,30,7035.726433368863,,
2024-01-01 20:45:00,7294.936484438218,22.02671877429261,1,0,0,20,45,7167.060278538052,,
2024-01-01 21:00:00,7326.85,21.869000000000003,1,0,0,21,0,7294.936484438218,,
2024-01-01 21:15:00,7200.095209505982,21.68023553640618,1,0,0,21,15,7326.85,,
2024-01-01 21:30:00,6971.164238646476,21.47330249062257,1,0,0,21,30,7200.095209505982,,
2024-01-01 21:45:00,6726.348648463732,21.26996819952768,1,0,0,21,45,6971.164238646476,,
2024-01-01 22:00:00,6551.94,21.092,1,0,0,22,0,6726.348648463732,,
2024-01-01 22:15:00,6509.826478607212,20.9546631218066,1,0,0,22,15,6551.94,,
2024-01-01 22:30:00,6564.282766876044,20.847214366268847,1,0,0,22,30,6509.826478607212,,
2024-01-01 22:45:00,6655.180171706853,20.75240842759667,1,0,0,22,45,6564.282766876044,,
2024-01-01 23:00:00,6722.39,20.653,1,0,0,23,0,6655.180171706853,,
2024-01-01 23:15:00,6721.854032315169,20.536174476367403,1,0,0,23,15,6722.39,,
2024-01-01 23:30:00,6673.795943849348,20.406840044302022,1,0,0,23,30,6721.854032315169,,
2024-01-01 23:45:00,6614.509883458853,20.274335590085627,1,0,0,23,45,6673.795943849348,,
2024-01-02 00:00:00,6580.29,20.148,1,0,0,0,0,6614.509883458853,6461.51,
2024-01-02 00:15:00,6595.434579632113,20.03518584772377,1,0,0,0,15,6580.29,6522.464785606765,
2024-01-02 00:30:00,6636.258457726564,19.93530045652305,1,0,0,0,30,6595.434579632113,6625.553326407731,
2024-01-02 00:45:00,6667.080606957733,19.8457648370608,1,0,0,0,45,6636.258457726564,6759.375204004832,
2024-01-02 01:00:00,6652.22,19.764,1,0,0,1,0,6667.080606957733,6912.53,
2024-01-02 01:15:00,6569.451086656378,19.687707132737504,1,0,0,1,15,6652.22,7073.617295995168,
2024-01-02 01:30:00,6450.370225244396,19.61570812960578,1,0,0,1,30,6569.451086656378,7231.236673592269,
2024-01-02 01:45:00,6340.029251210217,19.54710506167116,1,0,0,1,45,6450.370225244396,7373.987714393235,
2024-01-02 02:00:00,6283.48,19.481,1,0,0,2,0,6340.029251210217,7490.47,
2024-01-02 02:15:00,6311.980136242375,19.416938746326203,1,0,0,2,15,6283.48,7569.324780412564,
2024-01-02 02:30:00,6401.610641295849,19.356242025053845,1,0,0,2,30,6311.980136242375,7599.359979223194,
2024-01-02 02:45:00,6514.658325701399,19.300674291254563,1,0,0,2,45,6401.610641295849,7569.425188422227,
2024-01-02 03:00:00,6613.41,19.252,1,0,0,3,0,6514.658325701399,7468.37,
2024-01-02 03:15:00,6669.594305874121,19.20925663195769,1,0,0,3,15,6613.41,7296.566394854578,
2024-01-02 03:30:00,6692.707209572205,19.160573770178846,1,0,0,3,30,6669.594305874121,7100.475909514955,
2024-01-02 03:45:00,6701.686508484187,19.091354023310576,1,0,0,3,45,6692.707209572205,6938.082469417854,
2024-01-02 04:00:00,6715.47,18.987,1,0,0,4,0,6701.686508484187,6867.37,
2024-01-02 04:15:00,6750.137640261139,18.844003475843024,1,0,0,4,15,6715.47,6928.949796419123,
2024-01-02 04:30:00,6810.338020415328,18.703212894230766,1,0,0,4,30,6750.137640261139,7093.942632716986,
2024-01-02 04:45:00,6897.861890361854,18.61656586550312,1,0,0,4,45,6810.338020415328,7316.096652656355,
2024-01-02 05:00:00,7014.5,18.636,1,0,0,5,0,6897.861890361854,7549.16,
2024-01-02 05:15:00,7159.612476831325,18.7968388396702,1,0,0,5,15,7014.5,7759.158325718927,
2024-01-02 05:30:00,7322.83695876648,19.06794965289809,1,0,0,5,30,7159.612476831325,7961.227309617101,
2024-01-02 05:45:00,7491.380461318397,19.40158563967693,1,0,0,5,45,7322.83695876648,8182.780138706724,
2024-01-02 06:00:00,7652.45,19.75,1,0,0,6,0,7491.380461318397,8451.23,
2024-01-02 06:15:00,7801.518233663565,20.07910991547617,1,0,0,6,15,7652.45,8781.536275705166,
2024-01-02 06:30:00,7967.120394518752,20.40948849417688,1,0,0,6,30,7801.518233663565,9138.843128814608,
2024-01-02 06:45:00,8186.05735811456,20.77537282578913,1,0,0,6,45,7967.120394518752,9475.840917516744,
2024-01-02 07:00:00,8495.13,21.211,1,0,0,7,0,8186.05735811456,9745.22,
2024-01-02 07:15:00,8914.835838514413,21.7384402484251,1,0,0,7,15,8495.13,9916.021102710403,
2024-01-02 07:30:00,9400.458963158511,22.33109637039442,1,0,0,7,30,8914.835838514413,10022.68642512446,
2024-01-02 07:45:00,9890.980106223358,22.950204307166526,1,0,0,7,45,9400.458963158511,10116.008534976289,
2024-01-02 08:00:00,10325.38,23.557,1,0,0,8,0,9890.980106223358,10246.78,
2024-01-02 08:15:00,10657.21356852878,24.11937909082342,1,0,0,8,15,10325.38,10447.708063453216,
2024-01-02 08:30:00,10898.332502847192,24.631876024245443,1,0,0,8,30,10657.21356852878,10679.158670687546,
2024-01-02 08:45:00,11075.162685742009,25.095684945544743,1,0,0,8,45,10898.332502847192,10883.412442578105,
2024-01-02 09:00:00,11214.13,25.512,1,0,0,9,0,11075.162685742009,11002.75,
2024-01-02 09:15:00,11336.486293620455,25.882418388281227,1,0,0,9,15,11214.13,10995.376643476737,
2024-01-02 09:30:00,11442.787275452712,26.210149532623817,1,0,0,9,30,11336.486293620455,10883.19639212536,
2024-01-02 09:45:00,11528.414619558613,26.498805910654497,1,0,0,9,45,11442.787275452712,10704.037944711305,
2024-01-02 10:00:00,11588.75,26.752,1,0,0,10,0,11528.414619558613,10495.73,
2024-01-02 10:15:00,11617.935163239386,26.97300985605167,1,0,0,10,15,11588.75,10298.42989388984,
2024-01-02 10:30:00,11605.152145341952,27.163775845259305,1,0,0,10,30,11617.935163239386,10161.609510811018,
2024-01-02 10:45:00,11538.343054773542,27.32590391183728,1,0,0,10,45,11605.152145341952,10137.069372326689,
2024-01-02 11:00:00,11405.45,27.461,1,0,0,11,0,11538.343054773542,10276.61,
2024-01-02 11:15:00,11202.570397171996,27.57229218751208,1,0,0,11,15,11405.45,10600.127374713906,
2024-01-02 11:30:00,10958.42289317948,27.66949708633897,1,0,0,11,30,11202.570397171996,10999.899314630566,
2024-01-02 11:45:00,10709.881442597223,27.763953441996385,1,0,0,11,45,10958.42289317948,11336.299097231942,
2024-01-02 12:00:00,10493.82,27.867,1,0,0,12,0,10709.881442597223,11469.7,
2024-01-02 12:15:00,10336.672779322633,27.983930768900027,1,0,0,12,15,10493.82,11306.364357254535,
2024-01-02 12:30:00,10223.11503194013,28.095860809384803,1,0,0,12,30,10336.672779322633,10936.11073066672,
2024-01-02 12:45:00,10127.382268587566,28.17786044517717,1,0,0,12,45,10223.11503194013,10494.64673874554,
2024-01-02 13:00:00,10023.71,28.205,1,0,0,13,0,10127.382268587566,10117.68,
2024-01-02 13:15:00,9894.03692303748,28.16207848688781,1,0,0,13,15,10023.71,9906.041758767942,
2024-01-02 13:30:00,9751.114479059994,28.07280967612181,1,0,0,13,30,9894.03692303748,9821.05776270256,
2024-01-02 13:45:00,9615.39729555251,27.97063602729492,1,0,0,13,45,9751.114479059994,9789.177385285904,
2024-01-02 14:00:00,9507.34,27.889,1,0,0,14,0,9615.39729555251,9736.85,
2024-01-02 14:15:00,9446.016872277449,27.85067715854873,1,0,0,14,15,9507.34,9614.980326423694,
2024-01-02 14:30:00,9444.980801819896,27.835775486127925,1,0,0,14,30,9446.016872277449,9472.29446852303,
2024-01-02 14:45:00,9516.404330452391,27.813736070643152,1,0,0,14,45,9444.980801819896,9381.973876360851,
2024-01-02 15:00:00,9672.46,27.754,1,0,0,15,0,9516.404330452391,9417.2,
2024-01-02 15:15:00,9911.545587852728,27.63222850391725,1,0,0,15,15,9672.46,9615.25474803728,
2024-01-02 15:30:00,10176.959813660427,27.44896337936649,1,0,0,15,30,9911.545587852728,9869.82186320532,
2024-01-02 15:45:00,10398.226632637918,27.21096656513248,1,0,0,15,45,10176.959813660427,10038.685546770696,
2024-01-02 16:00:00,10504.87,26.925,1,0,0,16,0,10398.226632637918,9979.63,
2024-01-02 16:15:00,10448.70921381164,26.59979945078226,1,0,0,16,15,10504.87,9601.506150177182,
2024-01-02 16:30:00,10270.744943538386,26.25199599640614,1,0,0,16,30,10448.70921381164,9017.431828655695,
2024-01-02 16:45:00,10034.273201495938,25.90019454382695,1,0,0,16,45,10270.744943538386,8391.59159280636,
2024-01-02 17:00:00,9802.59,25.563,1,0,0,17,0,10034.273201495938,7888.17,
2024-01-02 17:15:00,9626.630369400717,25.254792442953708,1,0,0,17,15,9802.59,7630.702838753989,
2024-01-02 17:30:00,9507.885412186031,24.973052635008948,1,0,0,17,30,9626.630369400717,7580.130822171902,
2024-01-02 17:45:00,9435.485248878327,24.71103650955972,1,0,0,17,45,9507.885412186031,7656.745894503864,
2024-01-02 18:00:00,9398.56,24.462,1,0,0,18,0,9435.485248878327,7780.84,
2024-01-02 18:15:00,9382.365558585489,24.22085890240291,1,0,0,18,15,9398.56,7882.61405730686,
2024-01-02 18:30:00,9356.660907717483,23.98916846355806,1,0,0,18,30,9382.365558585489,7931.904882656698,
2024-01-02 18:45:00,9287.33080299074,23.77014379293417,1,0,0,18,45,9356.660907717483,7908.458266678185,
2024-01-02 19:00:00,9140.26,23.567,1,0,0,19,0,9287.33080299074,7792.02,
2024-01-02 19:15:00,8893.81974000733,23.38141257243465,1,0,0,19,15,9140.26,7577.99483826857,
2024-01-02 19:30:00,8576.32720694403,23.20889851075881,1,0,0,19,30,8893.81974000733,7324.4233972013135,
2024-01-02 19:45:00,8228.586070408717,23.043435193703576,1,0,0,19,45,8576.32720694403,7105.005257533399,
2024-01-02 20:00:00,7891.4,22.879,1,0,0,20,0,8228.586070408717,6993.44,
2024-01-02 20:15:00,7600.787356385193,22.71136580785849,1,0,0,20,15,7891.4,7035.726433368863,
2024-01-02 20:30:00,7373.625264506395,22.54348749340668,1,0,0,20,30,7600.787356385193,7167.060278538052,
2024-01-02 20:45:00,7222.005540374398,22.38011543225153,1,0,0,20,45,7373.625264506395,7294.936484438218,
2024-01-02 21:00:00,7158.02,22.226,1,0,0,21,0,7222.005540374398,7326.85,
2024-01-02 21:15:00,7183.717396951897,22.0848898211314,1,0,0,21,15,7158.02,7200.095209505982,
2024-01-02 21:30:00,7260.974235030392,21.95652651561447,1,0,0,21,30,7183.717396951897,6971.164238646476,
2024-01-02 21:45:00,7341.623955593691,21.8396499522903,1,0,0,21,45,7260.974235030392,6726.348648463732,
2024-01-02 22:00:00,7377.5,21.733,1,0,0,22,0,7341.623955593691,6551.94,
2024-01-02 22:15:00,7333.20961830722,21.63565303261592,1,0,0,22,15,7377.5,6509.826478607212,
2024-01-02 22:30:00,7224.455295372039,21.54803144413545,1,0,0,22,30,7333.20961830722,6564.282766876044,
2024-01-02 22:45:00,7079.713324750837,21.47089413358725,1,0,0,22,45,7224.455295372039,6655.180171706853,
2024-01-02 23:00:00,6927.46,21.405,1,0,0,23,0,7079.713324750837,6722.39,
2024-01-02 23:15:00,6791.734754819223,21.34921679840494,1,0,0,23,15,6927.46,6721.854032315169,
2024-01-02 23:30:00,6678.829583481454,21.294847707843736,1,0,0,23,30,6791.734754819223,6673.795943849348,
2024-01-02 23:45:00,6590.59962040296,21.23130476336067,1,0,0,23,45,6678.829583481454,6614.509883458853,
2024-01-03 00:00:00,6528.9,21.148,1,0,0,0,0,6590.59962040296,6580.29,
2024-01-03 00:15:00,6493.826674915889,21.03779227376433,1,0,0,0,15,6528.9,6595.434579632113,
2024-01-03 00:30:00,6478.438870702142,20.90732772448961,1,0,0,0,30,6493.826674915889,6636.258457726564,
2024-01-03 00:45:00,6474.036631137324,20.76669931297008,1,0,0,0,45,6478.438870702142,6667.080606957733,
2024-01-03 01:00:00,6471.92,20.626,1,0,0,1,0,6474.036631137324,6652.22,
2024-01-03 01:15:00,6465.428545517221,20.49450473153772,1,0,0,1,15,6471.92,6569.451086656378,
2024-01-03 01:30:00,6456.059933709978,20.378216394197832,1,0,0,1,30,6465.428545517221,6450.370225244396,
2024-01-03 01:45:00,6447.3513550477455,20.282319859759035,1,0,0,1,45,6456.059933709978,6340.029251210217,
2024-01-03 02:00:00,6442.84,20.212,1,0,0,2,0,6447.3513550477455,6283.48,
2024-01-03 02:15:00,6448.673518015227,20.170516925084804,1,0,0,2,15,6442.84,6311.980136242375,
2024-01-03 02:30:00,6481.441394457947,20.153431698719068,1,0,0,2,30,6448.673518015227,6401.610641295849,
2024-01-03 02:45:00,6560.343573671695,20.154380622993795,1,0,0,2,45,6481.441394457947,6514.658325701399,
2024-01-03 03:00:00,6704.58,20.167,1,0,0,3,0,6560.343573671695,6613.41,
2024-01-03 03:15:00,6923.169726171875,20.18302131812307,1,0,0,3,15,6704.58,6669.594305874121,
2024-01-03 03:30:00,7184.408238458233,20.186556810925907,1,0,0,3,30,6923.169726171875,6692.707209572205,
2024-01-03 03:45:00,7446.4101315154785,20.159813898265792,1,0,0,3,45,7184.408238458233,6701.686508484187,
2024-01-03 04:00:00,7667.29,20.085,1,0,0,4,0,7446.4101315154785,6715.47,
2024-01-03 04:15:00,7817.407733547279,19.95663217742292,1,0,0,4,15,7667.29,6750.137640261139,
2024-01-03 04:30:00,7916.104401709116,19.818466057577314,1,0,0,4,30,7817.407733547279,6810.338020415328,
2024-01-03 04:45:00,7994.966369016395,19.72656690894305,1,0,0,4,45,7916.104401709116,6897.861890361854,
2024-01-03 05:00:00,8085.58,19.737,1,0,0,5,0,7994.966369016395,7014.5,
2024-01-03 05:15:00,8215.151683389011,19.887246847185253,1,0,0,5,15,8085.58,7159.612476831325,
2024-01-03 05:30:00,8393.3679047053,20.14045395876484,1,0,0,5,30,8215.151683389011,7322.83695876648,
2024-01-03 05:45:00,8625.53517366894,20.441184090962004,1,0,0,5,45,8393.3679047053,7491.380461318397,
2024-01-03 06:00:00,8916.96,20.734,1,0,0,6,0,8625.53517366894,7652.45,
2024-01-03 06:15:00,9258.399282896677,20.980442933836063,1,0,0,6,15,8916.96,7801.518233663565,
2024-01-03 06:30:00,9582.411479469678,21.20996810736334,1,0,0,6,30,9258.399282896677,7967.120394518752,
2024-01-03 06:45:00,9807.00543630784,21.469009227208943,1,0,0,6,45,9582.411479469678,8186.05735811456,
2024-01-03 07:00:00,9850.19,21.803999999999995,1,0,0,7,0,9807.00543630784,8495.13,
2024-01-03 07:15:00,9670.045560024288,22.24563766747048,1,0,0,7,15,9850.19,8914.835838514413,
2024-01-03 07:30:00,9384.938677415992,22.7616736117818,1,0,0,7,30,9670.045560024288,9400.458963158511,
2024-01-03 07:45:00,9153.3074560997,23.30412275020221,1,0,0,7,45,9384.938677415992,9890.980106223358,
2024-01-03 08:00:00,9133.59,23.825,1,0,0,8,0,9153.3074560997,10325.38,
2024-01-03 08:15:00,9429.143008256178,24.28735014628201,1,0,0,8,15,9133.59,10657.21356852878,
2024-01-03 08:30:00,9922.997560866355,24.698337445509463,1,0,0,8,30,9429.143008256178,10898.332502847192,
2024-01-03 08:45:00,10443.103333043357,25.07615602198219,1,0,0,8,45,9922.997560866355,11075.162685742009,
2024-01-03 09:00:00,10817.41,25.439,1,0,0,9,0,10443.103333043357,11214.13,
2024-01-03 09:15:00,10919.523344450998,25.80061799740149,1,0,0,9,15,10817.41,11336.486293620455,
2024-01-03 09:30:00,10805.673579118584,26.15697660618035,1,0,0,9,30,10919.523344450998,11442.787275452712,
2024-01-03 09:45:00,10577.74702422688,26.49959691186903,1,0,0,9,45,10805.673579118584,11528.414619558613,
2024-01-03 10:00:00,10337.63,26.82,1,0,0,10,0,10577.74702422688,11588.75,
2024-01-03 10:15:00,10169.645488939828,27.110490364112028,1,0,0,10,15,10337.63,11617.935163239386,
2024-01-03 10:30:00,10087.863122659302,27.366506129769142,1,0,0,10,30,10169.645488939828,11605.152145341952,
2024-01-03 10:45:00,10088.789195049128,27.58426883054169,1,0,0,10,45,10087.863122659302,11538.343054773542,
2024-01-03 11:00:00,10168.93,27.76,1,0,0,11,0,10088.789195049128,11405.45,
2024-01-03 11:15:00,10316.53204353969,27.8925455461504,1,0,0,11,15,10168.93,11202.570397171996,
2024-01-03 11:30:00,10486.802680244204,27.99124887474308,1,0,0,11,30,10316.53204353969,10958.42289317948,
2024-01-03 11:45:00,10626.689476826616,28.068077765964222,1,0,0,11,45,10486.802680244204,10709.881442597223,
2024-01-03 12:00:00,10683.14,28.135,1,0,0,12,0,10626.689476826616,10493.82,
2024-01-03 12:15:00,10618.604149401412,28.199889951286384,1,0,0,12,15,10683.14,10336.672779322633,
2024-01-03 12:30:00,10457.54115636388,28.254248371258534,1,0,0,12,30,10618.604149401412,10223.11503194013,
2024-01-03 12:45:00,10239.912585144404,28.285482605601416,1,0,0,12,45,10457.54115636388,10127.382268587566,
2024-01-03 13:00:00,10005.68,28.280999999999995,1,0,0,13,0,10239.912585144404,10023.71,
2024-01-03 13:15:00,9791.056983854656,28.23422277370407,1,0,0,13,15,10005.68,9894.03692303748,
2024-01-03 13:30:00,9617.265194300284,28.16263264022277,1,0,0,13,30,9791.056983854656,9751.114479059994,
2024-01-03 13:45:00,9501.778307595769,28.089726186630088,1,0,0,13,45,9617.265194300284,9615.39729555251,
2024-01-03 14:00:00,9462.07,28.038999999999994,1,0,0,14,0,9501.778307595769,9507.34,
2024-01-03 14:15:00,9504.564633929956,28.02332832889733,1,0,0,14,15,9462.07,9446.016872277449,
2024-01-03 14:30:00,9591.489316434989,28.01309606785036,1,0,0,14,30,9504.564633929956,9444.980801819896,
2024-01-03 14:45:00,9674.021840722522,27.9680657728782,1,0,0,14,45,9591.489316434989,9516.404330452391,
2024-01-03 15:00:00,9703.34,27.848,1,0,0,15,0,9674.021840722522,9672.46,
2024-01-03 15:15:00,9641.764636675513,27.6255889107066,1,0,0,15,15,9703.34,9911.545587852728,
2024-01-03 15:30:00,9496.188789959768,27.32523308837579,1,0,0,15,30,9641.764636675513,10176.959813660427,
2024-01-03 15:45:00,9284.648548264142,26.984260721857083,1,0,0,15,45,9496.188789959768,10398.226632637918,
2024-01-03 16:00:00,9025.18,26.64,1,0,0,16,0,9284.648548264142,10504.87,
2024-01-03 16:15:00,8742.051038117997,26.32320665327628,1,0,0,16,15,9025.18,10448.70921381164,
2024-01-03 16:30:00,8484.456773725937,26.03834657864649,1,0,0,16,30,8742.051038117997,10270.744943538386,
2024-01-03 16:45:00,8307.824122470909,25.783313214693464,1,0,0,16,45,8484.456773725937,10034.273201495938,
2024-01-03 17:00:00,8267.58,25.556,1,0,0,17,0,8307.824122470909,9802.59,
2024-01-03 17:15:00,8394.125898352499,25.35392822618831,1,0,0,17,15,8267.58,9626.630369400717,
2024-01-03 17:30:00,8617.761615136482,25.17313059703825,1,0,0,17,30,8394.125898352499,9507.885412186031,
2024-01-03 17:45:00,8843.761524352223,25.009267669369056,1,0,0,17,45,8617.761615136482,9435.485248878327,
2024-01-03 18:00:00,8977.4,24.858,1,0,0,18,0,8843.761524352223,9398.56,
2024-01-03 18:15:00,8949.14583722201,24.714580441970487,1,0,0,18,15,8977.4,9382.365558585489,
2024-01-03 18:30:00,8790.245515728137,24.57263103320053,1,0,0,18,30,8949.14583722201,9356.660907717483,
2024-01-03 18:45:00,8557.139936370197,24.42536610783031,1,0,0,18,45,8790.245515728137,9287.33080299074,
2024-01-03 19:00:00,8306.27,24.266,1,0,0,19,0,8557.139936370197,9140.26,
2024-01-03 19:15:00,8083.802002759467,24.089906255929748,1,0,0,19,15,8306.27,8893.81974000733,
2024-01-03 19:30:00,7894.803821950967,23.90109527015964,1,0,0,19,30,8083.802002759467,8576.32720694403,
2024-01-03 19:45:00,7734.068730166984,23.7057366493097,1,0,0,19,45,7894.803821950967,8228.586070408717,
2024-01-03 20:00:00,7596.39,23.51,1,0,0,20,0,7734.068730166984,7891.4,
2024-01-03 20:15:00,7479.330682990126,23.31907578431052,1,0,0,20,15,7596.39,7600.787356385193,
2024-01-03 20:30:00,7391.532946467994,23.134237886160943,1,0,0,20,30,7479.330682990126,7373.625264506395,
2024-01-03 20:45:00,7344.408736711865,22.95578104493089,1,0,0,20,45,7391.532946467994,7222.005540374398,
2024-01-03 21:00:00,7349.37,22.784,1,0,0,21,0,7344.408736711865,7158.02,
2024-01-03 21:15:00,7410.021202780029,22.619118731828177,1,0,0,21,15,7349.37,7183.717396951897,
2024-01-03 21:30:00,7498.736892177057,22.46107818519659,1,0,0,21,30,7410.021202780029,7260.974235030392,
2024-01-03 21:45:00,7580.084135485556,22.30974854596671,1,0,0,21,45,7498.736892177057,7341.623955593691,
2024-01-03 22:00:00,7618.63,22.165,1,0,0,22,0,7580.084135485556,7377.5,
2024-01-03 22:15:00,7588.956537139757,22.02652741337677,1,0,0,22,15,7618.63,7333.20961830722,
2024-01-03 22:30:00,7505.705734823778,21.89332437305269,1,0,0,22,30,7588.956537139757,7224.455295372039,
2024-01-03 22:45:00,7393.534565095911,21.764209146202266,1,0,0,22,45,7505.705734823778,7079.713324750837,
2024-01-03 23:00:00,7277.1,21.638,1,0,0,23,0,7393.534565095911,6927.46,
2024-01-03 23:15:00,7176.578429910945,21.514287239664743,1,0,0,23,15,7277.1,6791.734754819223,
2024-01-03 23:30:00,7094.223918527833,21.39574932259266,1,0,0,23,30,7176.578429910945,6678.829583481454,
2024-01-03 23:45:00,7027.809947880805,21.285836744224248,1,0,0,23,45,7094.223918527833,6590.59962040296,
2024-01-04 00:00:00,6975.11,21.188,1,0,0,0,0,7027.809947880805,6528.9,
2024-01-04 00:15:00,6932.605368216467,21.105386127964245,1,0,0,0,15,6975.11,6493.826674915889,
2024-01-04 00:30:00,6891.608591064891,21.03992833657666,1,0,0,0,30,6932.605368216467,6478.438870702142,
2024-01-04 00:45:00,6842.14001838087,20.993256376900742,1,0,0,0,45,6891.608591064891,6474.036631137324,
2024-01-04 01:00:00,6774.22,20.967,1,0,0,1,0,6842.14001838087,6471.92,
2024-01-04 01:15:00,6684.60619097319,20.95976199847826,1,0,0,1,15,6774.22,6465.428545517221,
2024-01-04 01:30:00,6597.0054672126025,20.958037331100687,1,0,0,1,30,6684.60619097319,6456.059933709978,
2024-01-04 01:45:00,6541.862009845714,20.94529399817277,1,0,0,1,45,6597.0054672126025,6447.3513550477455,
2024-01-04 02:00:00,6549.62,20.905,1,0,0,2,0,6541.862009845714,6442.84,
2024-01-04 02:15:00,6638.242211640773,20.82737837812272,1,0,0,2,15,6549.62,6448.673518015227,
2024-01-04 02:30:00,6775.765790084697,20.729672339020592,1,0,0,2,30,6638.242211640773,6481.441394457947,
2024-01-04 02:45:00,6917.746473486272,20.63588013040818,1,0,0,2,45,6775.765790084697,6560.343573671695,
2024-01-04 03:00:00,7019.74,20.57,1,0,0,3,0,6917.746473486272,6704.58,
2024-01-04 03:15:00,7051.247149963717,20.545224489030907,1,0,0,3,15,7019.74,6923.169726171875,
2024-01-04 03:30:00,7037.548872448608,20.53152331281696,1,0,0,3,30,7051.247149963717,7184.408238458233,
2024-01-04 03:45:00,7017.871158709195,20.48806048019453,1,0,0,3,45,7037.548872448608,7446.4101315154785,
2024-01-04 04:00:00,7031.44,20.374,1,0,0,4,0,7017.871158709195,7667.29,
2024-01-04 04:15:00,7106.028251004359,20.169567415753665,1,0,0,4,15,7031.44,7817.407733547279,
2024-01-04 04:30:00,7223.596220120869,19.93923440971157,1,0,0,4,30,7106.028251004359,7916.104401709116,
2024-01-04 04:45:00,7354.651079176946,19.768534198813693,1,0,0,4,45,7223.596220120869,7994.966369016395,
2024-01-04 05:00:00,7469.7,19.743,1,0,0,5,0,7354.651079176946,8085.58,
2024-01-04 05:15:00,7550.241877268847,19.91941209795442,1,0,0,5,15,7469.7,8215.151683389011,
2024-01-04 05:30:00,7621.742497067911,20.23953904833673,1,0,0,5,30,7550.241877268847,8393.3679047053,
2024-01-04 05:45:00,7720.65936833302,20.616396474550683,1,0,0,5,45,7621.742497067911,8625.53517366894,
2024-01-04 06:00:00,7883.45,20.963,1,0,0,6,0,7720.65936833302,8916.96,
2024-01-04 06:15:00,8131.699552420253,21.21790919242865,1,0,0,6,15,7883.45,9258.399282896677,
2024-01-04 06:30:00,8427.503791607485,21.42185939694148,1,0,0,6,30,8131.699552420253,9582.411479469678,
2024-01-04 06:45:00,8718.086134990972,21.64112990298357,1,0,0,6,45,8427.503791607485,9807.00543630784,
2024-01-04 07:00:00,8950.67,21.942,1,0,0,7,0,8718.086134990972,9850.19,
2024-01-04 07:15:00,9091.49866305014,22.36996675733097,1,0,0,7,15,8950.67,9670.045560024288,
2024-01-04 07:30:00,9182.894836502152,22.887398363897336,1,0,0,7,30,9091.49866305014,9384.938677415992,
2024-01-04 07:45:00,9286.201091703084,23.435880788515018,1,0,0,7,45,9182.894836502152,9153.3074560997,
2024-01-04 08:00:00,9462.76,23.957,1,0,0,8,0,9286.201091703084,9133.59,
2024-01-04 08:15:00,9750.64704537919,24.406645653247427,1,0,0,8,15,9462.76,9429.143008256178,
2024-01-04 08:30:00,10094.869362383915,24.79792214746918,1,0,0,8,30,9750.64704537919,9922.997560866355,
2024-01-04 08:45:00,10417.166998196686,25.158237567956352,1,0,0,8,45,10094.869362383915,10443.103333043357,
2024-01-04 09:00:00,10639.28,25.515,1,0,0,9,0,10417.166998196686,10817.41,
2024-01-04 09:15:00,10708.061749183107,25.887606879679325,1,0,0,9,15,10639.28,10919.523344450998,
2024-01-04 09:30:00,10670.81896396219,26.26341304622594,1,0,0,9,30,10708.061749183107,10805.673579118584,
2024-01-04 09:45:00,10599.97169676018,26.621762689659587,1,0,0,9,45,10670.81896396219,10577.74702422688,
2024-01-04 10:00:00,10567.94,26.942,1,0,0,10,0,10599.97169676018,10337.63,
2024-01-04 10:15:00,10628.26205163839,27.20844245303529,1,0,0,10,15,10567.94,10169.645488939828,
2024-01-04 10:30:00,10758.94853176733,27.425300667627056,1,0,0,10,30,10628.26205163839,10087.863122659302,
2024-01-04 10:45:00,10919.128246012602,27.6017585484053,1,0,0,10,45,10758.94853176733,10088.789195049128,
2024-01-04 11:00:00,11067.93,27.747,1,0,0,11,0,10919.128246012602,10168.93,
2024-01-04 11:15:00,11169.00645051333,27.87079518317953,1,0,0,11,15,11067.93,10316.53204353969,
2024-01-04 11:30:00,11204.105658968492,27.98525928326583,1,0,0,11,30,11169.00645051333,10486.802680244204,
2024-01-04 11:45:00,11159.49953793941,28.103093741719213,1,0,0,11,45,11204.105658968492,10626.689476826616,
2024-01-04 12:00:00,11021.46,28.237,1,0,0,12,0,11159.49953793941,10683.14,
2024-01-04 12:15:00,10787.825583808286,28.39267368924657,1,0,0,12,15,11021.46,10618.604149401412,
2024-01-04 12:30:00,10502.701332358694,28.547787199309614,1,0,0,12,30,10787.825583808286,10457.54115636388,
2024-01-04 12:45:00,10221.758914729757,28.673007109717844,1,0,0,12,45,10502.701332358694,10239.912585144404,
2024-01-04 13:00:00,10000.67,28.739,1,0,0,13,0,10221.758914729757,10005.68,
2024-01-04 13:15:00,9882.460433003524,28.72622880983415,1,0,0,13,15,10000.67,9791.056983854656,
2024-01-04 13:30:00,9859.572761596724,28.65434191949572,1,0,0,13,30,9882.460433003524,9617.265194300284,
2024-01-04 13:45:00,9911.80370939156,28.55278406940941,1,0,0,13,45,9859.572761596724,9501.778307595769,
2024-01-04 14:00:00,10018.95,28.451,1,0,0,14,0,9911.80370939156,9462.07,
2024-01-04 14:15:00,10154.460184177617,28.36928607141681,1,0,0,14,15,10018.95,9504.564633929956,
2024-01-04 14:30:00,10266.390121254411,28.291345122707547,1,0,0,14,30,10154.460184177617,9591.489316434989,
2024-01-04 14:45:00,10296.447497704004,28.191731612644507,1,0,0,14,45,10266.390121254411,9674.021840722522,
2024-01-04 15:00:00,10186.34,28.045,1,0,0,15,0,10296.447497704004,9703.34,
2024-01-04 15:15:00,9904.78601778601,27.831751904498617,1,0,0,15,15,10186.34,9641.764636675513,
2024-01-04 15:30:00,9528.546753385624,27.55677758967412,1,0,0,15,30,9904.78601778601,9496.188789959768,
2024-01-04 15:45:00,9161.394112292424,27.23091448001256,1,0,0,15,45,9528.546753385624,9284.648548264142,
2024-01-04 16:00:00,8907.1,26.865,1,0,0,16,0,9161.394112292424,9025.18,
2024-01-04 16:15:00,8836.200900928348,26.47181568558873,1,0,0,16,15,8907.1,8742.051038117997,
2024-01-04 16:30:00,8886.2916152031,26.07191951859599,1,0,0,16,30,8836.200900928348,8484.456773725937,
2024-01-04 16:45:00,8961.731521876303,25.687813592305258,1,0,0,16,45,8886.2916152031,8307.824122470909,
2024-01-04 17:00:00,8966.88,25.342,1,0,0,17,0,8961.731521876303,8267.58,
2024-01-04 17:15:00,8834.455847250601,25.051547853146456,1,0,0,17,15,8966.88,8394.125898352499,
2024-01-04 17:30:00,8610.615535801977,24.811794335941915,1,0,0,17,30,8834.455847250601,8617.761615136482,
2024-01-04 17:45:00,8369.874956452364,24.61264365076641,1,0,0,17,45,8610.615535801977,8843.761524352223,
2024-01-04 18:00:00,8186.75,24.444,1,0,0,18,0,8369.874956452364,8977.4,
2024-01-04 18:15:00,8115.711491319249,24.295399151825432,1,0,0,18,15,8186.75,8949.14583722201,
2024-01-04 18:30:00,8131.049991588991,24.154903137636342,1,0,0,18,30,8115.711491319249,8790.245515728137,
2024-01-04 18:45:00,8187.0109960642385,24.01020555462908,1,0,0,18,45,8131.049991588991,8557.139936370197,
2024-01-04 19:00:00,8237.84,23.849,1,0,0,19,0,8187.0109960642385,8306.27,
2024-01-04 19:15:00,8246.458343722405,23.66354303955182,1,0,0,19,15,8237.84,8083.802002759467,
2024-01-04 19:30:00,8210.49074784206,23.46434311351272,1,0,0,19,30,8246.458343722405,7894.803821950967,
2024-01-04 19:45:00,8136.237778040682,23.266471630717263,1,0,0,19,45,8210.49074784206,7734.068730166984,
2024-01-04 20:00:00,8030.0,23.085,1,0,0,20,0,8136.237778040682,7596.39,
2024-01-04 20:15:00,7899.55466504113,22.930303689967307,1,0,0,20,15,8030.0,7479.330682990126,
2024-01-04 20:30:00,7758.585767042774,22.793974408312792,1,0,0,20,30,7899.55466504113,7391.532946467994,
2024-01-04 20:45:00,7622.253985523032,22.662907922501883,1,0,0,20,45,7758.585767042774,7344.408736711865,
2024-01-04 21:00:00,7505.72,22.524,1,0,0,21,0,7622.253985523032,7349.37,
2024-01-04 21:15:00,7418.932996113077,22.36782032557896,1,0,0,21,15,7505.72,7410.021202780029,
2024-01-04 21:30:00,7350.9961839868465,22.199634253236123,1,0,0,21,30,7418.932996113077,7498.736892177057,
2024-01-04 21:45:00,7285.801279867194,22.02838105427522,1,0,0,21,45,7350.9961839868465,7580.084135485556,
2024-01-04 22:00:00,7207.24,21.863,1,0,0,22,0,7285.801279867194,7618.63,
2024-01-04 22:15:00,7105.326475506563,21.712602507716845,1,0,0,22,15,7207.24,7588.956537139757,
2024-01-04 22:30:00,6994.564497009838,21.586988578742723,1,0,0,22,30,7105.326475506563,7505.705734823778,
2024-01-04 22:45:00,6895.580270008194,21.49613036039724,1,0,0,22,45,6994.564497009838,7393.534565095911,
2024-01-04 23:00:00,6829.0,21.45,1,0,0,23,0,6895.580270008194,7277.1,
2024-01-04 23:15:00,6809.21391436067,21.45344151855365,1,0,0,23,15,6829.0,7176.578429910945,
2024-01-04 23:30:00,6825.668327973799,21.49078643179298,1,0,0,23,30,6809.21391436067,7094.223918527833,
2024-01-04 23:45:00,6861.573577600029,21.541238129135817,1,0,0,23,45,6825.668327973799,7027.809947880805,
2024-01-05 00:00:00,6900.14,21.584000000000003,1,0,0,0,0,6861.573577600029,6975.11,
2024-01-05 00:15:00,6928.289273300758,21.60278766806856,1,0,0,0,15,6900.14,6932.605368216467,
2024-01-05 00:30:00,6947.7884410949655,21.599365694085368,1,0,0,0,30,6928.289273300758,6891.608591064891,
2024-01-05 00:45:00,6964.11588834169,21.58001087305949,1,0,0,0,45,6947.7884410949655,6842.14001838087,
2024-01-05 01:00:00,6982.75,21.551,1,0,0,1,0,6964.11588834169,6774.22,
2024-01-05 01:15:00,7005.5758674363,21.516142184172107,1,0,0,1,15,6982.75,6684.60619097319,
2024-01-05 01:30:00,7020.105407646339,21.46937579186556,1,0,0,1,30,7005.5758674363,6597.0054672126025,
2024-01-05 01:45:00,7010.257244033211,21.402171503626235,1,0,0,1,45,7020.105407646339,6541.862009845714,
2024-01-05 02:00:00,6959.95,21.306,1,0,0,2,0,7010.257244033211,6549.62,
2024-01-05 02:15:00,6861.829288204045,21.176049845243,1,0,0,2,15,6959.95,6638.242211640773,
2024-01-05 02:30:00,6743.448678319676,21.02238113845239,1,0,0,2,30,6861.829288204045,6775.765790084697,
2024-01-05 02:45:00,6641.088729275468,20.85877186243557,1,0,0,2,45,6743.448678319676,6917.746473486272,
2024-01-05 03:00:00,6591.03,20.699,1,0,0,3,0,6641.088729275468,7019.74,
2024-01-05 03:15:00,6619.103698497519,20.553408434855903,1,0,0,3,15,6591.03,7051.247149963717,
2024-01-05 03:30:00,6709.343629074957,20.4185996543249,1,0,0,3,30,6619.103698497519,7037.548872448608,
2024-01-05 03:45:00,6835.334245114916,20.287741046631453,1,0,0,3,45,6709.343629074957,7017.871158709195,
2024-01-05 04:00:00,6970.66,20.154,1,0,0,4,0,6835.334245114916,7031.44,
2024-01-05 04:15:00,7098.117480305879,20.015582040333392,1,0,0,4,15,6970.66,7106.028251004359,
2024-01-05 04:30:00,7237.351805380496,19.890845244248013,1,0,0,4,30,7098.117480305879,7223.596220120869,
2024-01-05 04:45:00,7417.220227764867,19.803185826038625,1,0,0,4,45,7237.351805380496,7354.651079176946,
2024-01-05 05:00:00,7666.58,19.776,1,0,0,5,0,7417.220227764867,7469.7,
2024-01-05 05:15:00,7996.267942778965,19.82573215381053,1,0,0,5,15,7666.58,7550.241877268847,
2024-01-05 05:30:00,8345.039149403055,19.94101936868305,1,0,0,5,30,7996.267942778965,7621.742497067911,
2024-01-05 05:45:00,8633.62828132562,20.103546899214056,1,0,0,5,45,8345.039149403055,7720.65936833302,
2024-01-05 06:00:00,8782.77,20.295,1,0,0,6,0,8633.62828132562,7883.45,
2024-01-05 06:15:00,8740.994029828258,20.503723719424507,1,0,0,6,15,8782.77,8131.699552420253,
2024-01-05 06:30:00,8568.010347007279,20.74470228101977,1,0,0,6,30,8740.994029828258,8427.503791607485,
2024-01-05 06:45:00,8351.32399068266,21.03957970210515,1,0,0,6,45,8568.010347007279,8718.086134990972,
2024-01-05 07:00:00,8178.44,21.41,1,0,0,7,0,8351.32399068266,8950.67,
2024-01-05 07:15:00,8119.452656658006,21.868638593491465,1,0,0,7,15,8178.44,9091.49866305014,
2024-01-05 07:30:00,8174.813212567832,22.39229650723787,1,0,0,7,30,8119.452656658006,9182.894836502152,
2024-01-05 07:45:00,8327.562162193743,22.948806167365344,1,0,0,7,45,8174.813212567832,9286.201091703084,
2024-01-05 08:00:00,8560.74,23.506,1,0,0,8,0,8327.562162193743,9462.76,
2024-01-05 08:15:00,8857.641906039717,24.03701878160964,1,0,0,8,15,8560.74,9750.64704537919,
2024-01-05 08:30:00,9202.581802721392,24.536236690028748,1,0,0,8,30,8857.641906039717,10094.869362383915,
2024-01-05 08:45:00,9580.128298042371,25.00333625343348,1,0,0,8,45,9202.581802721392,10417.166998196686,
2024-01-05 09:00:00,9974.85,25.438,1,0,0,9,0,9580.128298042371,10639.28,
2024-01-05 09:15:00,10367.769406683126,25.84014565506997,1,0,0,9,15,9974.85,10708.061749183107,
2024-01-05 09:30:00,10725.7245765466,26.21063173264714,1,0,0,9,30,10367.769406683126,10670.81896396219,
2024-01-05 09:45:00,11012.007458136772,26.55055194390073,1,0,0,9,45,10725.7245765466,10599.97169676018,
2024-01-05 10:00:00,11189.91,26.861,1,0,0,10,0,11012.007458136772,10567.94,
2024-01-05 10:15:00,11236.89765472778,27.14353922311045,1,0,0,10,15,11189.91,10628.26205163839,
2024-01-05 10:30:00,11187.129891092214,27.4016113793827,1,0,0,10,30,11236.89765472778,10758.94853176733,
2024-01-05 10:45:00,11088.939681910537,27.63912784596359,1,0,0,10,45,11187.129891092214,10919.128246012602,
2024-01-05 11:00:00,10990.66,27.86,1,0,0,11,0,11088.939681910537,11067.93,
2024-01-05 11:15:00,10927.60981815575,28.0667755774882,1,0,0,11,15,10990.66,11169.00645051333,
2024-01-05 11:30:00,10883.052109084554,28.25654774982207,1,0,0,11,30,10927.60981815575,11204.105658968492,
2024-01-05 11:45:00,10827.235845471076,28.42504604724491,1,0,0,11,45,10883.052109084554,11159.49953793941,
2024-01-05 12:00:00,10730.41,28.568,1,0,0,12,0,10827.235845471076,11021.46,
2024-01-05 12:15:00,10575.48229139922,28.68217096693676,1,0,0,12,15,10730.41,10787.825583808286,
2024-01-05 12:30:00,10395.995422569576,28.768447621329024,1,0,0,12,30,10575.48229139922,10502.701332358694,
2024-01-05 12:45:00,10238.150842455145,28.828750465056785,1,0,0,12,45,10395.995422569576,10221.758914729757,
2024-01-05 13:00:00,10148.15,28.865,1,0,0,13,0,10238.150842455145,10000.67,
2024-01-05 13:15:00,10155.109141247372,28.877962429764786,1,0,0,13,15,10148.15,9882.460433003524,
2024-01-05 13:30:00,10219.80370063714,28.863786764861835,1,0,0,13,30,10155.109141247372,9859.572761596724,
2024-01-05 13:45:00,10285.923909708335,28.817467717527965,1,0,0,13,45,10219.80370063714,9911.80370939156,
2024-01-05 14:00:00,10297.16,28.734,1,0,0,14,0,10285.923909708335,10018.95,
2024-01-05 14:15:00,10210.445206111292,28.61032306400409,1,0,0,14,15,10297.16,10154.460184177617,
2024-01-05 14:30:00,10035.684774881867,28.45115531922364,1,0,0,14,30,10210.445206111292,10266.390121254411,
2024-01-05 14:45:00,9796.026956211514,28.263159914831363,1,0,0,14,45,10035.684774881867,10296.447497704004,
2024-01-05 15:00:00,9514.62,28.053,1,0,0,15,0,9796.026956211514,10186.34,
2024-01-05 15:15:00,9219.93300305746,27.824729689218863,1,0,0,15,15,9514.62,9904.78601778601,
2024-01-05 15:30:00,8961.718449835382,27.57196695824363,1,0,0,15,30,9219.93300305746,9528.546753385624,
2024-01-05 15:45:00,8795.049671695617,27.285720748146588,1,0,0,15,45,8961.718449835382,9161.394112292424,
2024-01-05 16:00:00,8775.0,26.957,1,0,0,16,0,8795.049671695617,8907.1,
2024-01-05 16:15:00,8926.437937908877,26.581726929120464,1,0,0,16,15,8775.0,8836.200900928348,
2024-01-05 16:30:00,9153.412675776604,26.17547684780184,1,0,0,16,30,8926.437937908877,8886.2916152031,
2024-01-05 16:45:00,9329.768575756025,25.75873834258229,1,0,0,16,45,9153.412675776604,8961.731521876303,
2024-01-05 17:00:00,9329.35,25.352,1,0,0,17,0,9329.768575756025,8966.88,
2024-01-05 17:15:00,9069.880245307031,24.97319071929929,1,0,0,17,15,9329.35,8834.455847250601,
2024-01-05 17:30:00,8644.598347058216,24.630000650549032,1,0,0,17,30,9069.880245307031,8610.615535801977,
2024-01-05 17:45:00,8190.62227528029,24.32756025652426,1,0,0,17,45,8644.598347058216,8369.874956452364,
2024-01-05 18:00:00,7845.07,24.071,1,0,0,18,0,8190.62227528029,8186.75,
2024-01-05 18:15:00,7707.863580862992,23.8629476936824,1,0,0,18,15,7845.07,8115.711491319249,
2024-01-05 18:30:00,7730.141435990538,23.696020550002043,1,0,0,18,30,7707.863580862992,8131.049991588991,
2024-01-05 18:45:00,7825.846073122815,23.56033313132067,1,0,0,18,45,7730.141435990538,8187.0109960642385,
2024-01-05 19:00:00,7908.92,23.446,1,0,0,19,0,7825.846073122815,8237.84,
2024-01-05 19:15:00,7911.969649990996,23.344096630971144,1,0,0,19,15,7908.92,8246.458343722405,
2024-01-05 19:30:00,7842.257158979628,23.249542149442803,1,0,0,19,30,7911.969649990996,8210.49074784206,
2024-01-05 19:45:00,7725.708588478446,23.15821659319306,1,0,0,19,45,7842.257158979628,8136.237778040682,
2024-01-05 20:00:00,7588.25,23.066000000000003,1,0,0,20,0,7725.708588478446,8030.0,
2024-01-05 20:15:00,7455.4507879230205,22.96813453243303,1,0,0,20,15,7588.25,7899.55466504113,
2024-01-05 20:30:00,7351.45367809095,22.85731085222676,1,0,0,20,30,7455.4507879230205,7758.585767042774,
2024-01-05 20:45:00,7300.044729213403,22.725581745907107,1,0,0,20,45,7351.45367809095,7622.253985523032,
2024-01-05 21:00:00,7325.01,22.565,1,0,0,21,0,7300.044729213403,7505.72,
2024-01-05 21:15:00,7433.993604566919,22.371724614296745,1,0,0,21,15,7325.01,7418.932996113077,
2024-01-05 21:30:00,7570.071878656574,22.158339441650178,1,0,0,21,30,7433.993604566919,7350.9961839868465,
2024-01-05 21:45:00,7660.179213417943,21.94153454817852,1,0,0,21,45,7570.071878656574,7285.801279867194,
2024-01-05 22:00:00,7631.25,21.738,1,0,0,22,0,7660.179213417943,7207.24,
2024-01-05 22:15:00,7436.611200059305,21.56106076038,1,0,0,22,15,7631.25,7105.326475506563,
2024-01-05 22:30:00,7135.160057282754,21.41058138117254,1,0,0,22,30,7436.611200059305,6994.564497009838,
2024-01-05 22:45:00,6812.186385864825,21.283061311378813,1,0,0,22,45,7135.160057282754,6895.580270008194,
2024-01-05 23:00:00,6552.98,21.175000000000004,1,0,0,23,0,6812.186385864825,6829.0,
2024-01-05 23:15:00,6420.437376445861,21.08254796918328,1,0,0,23,15,6552.98,6809.21391436067,
2024-01-05 23:30:00,6387.881642212411,21.00046003365967,1,0,0,23,30,6420.437376445861,6825.668327973799,
2024-01-05 23:45:00,6406.242586872755,20.92314208130624,1,0,0,23,45,6387.881642212411,6861.573577600029,
2024-01-06 00:00:00,6426.45,20.845,1,0,1,0,0,6406.242586872755,6900.14,
2024-01-06 00:15:00,6414.070700407249,20.762216112886925,1,0,1,0,15,6426.45,6928.289273300758,
2024-01-06 00:30:00,6393.219623867602,20.678078484188774,1,0,1,0,30,6414.070700407249,6947.7884410949655,
2024-01-06 00:45:00,6402.648735394153,20.59765161339624,1,0,1,0,45,6393.219623867602,6964.11588834169,
2024-01-06 01:00:00,6481.11,20.526,1,0,1,1,0,6402.648735394153,6982.75,
2024-01-06 01:15:00,6649.97591567514,20.466743829269017,1,0,1,1,15,6481.11,7005.5758674363,
2024-01-06 01:30:00,6861.101112317179,20.417726029585225,1,0,1,1,30,6649.97591567514,7020.105407646339,
2024-01-06 01:45:00,7048.960752800629,20.37534521510882,1,0,1,1,45,6861.101112317179,7010.257244033211,
2024-01-06 02:00:00,7148.03,20.336,1,0,1,2,0,7048.960752800629,6959.95,
2024-01-06 02:15:00,7114.923449392191,20.29633982003701,1,0,1,2,15,7148.03,6861.829288204045,
2024-01-06 02:30:00,6994.813426863677,20.25401739747032,1,0,1,2,30,7114.923449392191,6743.448678319676,
2024-01-06 02:45:00,6855.011690903325,20.20693627616848,1,0,1,2,45,6994.813426863677,6641.088729275468,
2024-01-06 03:00:00,6762.83,20.153,1,0,1,3,0,6855.011690903325,6591.03,
2024-01-06 03:15:00,6769.382318006095,20.09105314058295,1,0,1,3,15,6762.83,6619.103698497519,
2024-01-06 03:30:00,6860.991430228111,20.02370438053348,1,0,1,3,30,6769.382318006095,6709.343629074957,
2024-01-06 03:45:00,7007.782327336071,19.954503430217272,1,0,1,3,45,6860.991430228111,6835.334245114916,
2024-01-06 04:00:00,7179.88,19.887,1,0,1,4,0,7007.782327336071,6970.66,
2024-01-06 04:15:00,7348.024778583425,19.8281819926312,1,0,1,4,15,7179.88,7098.117480305879,
2024-01-06 04:30:00,7485.418352223878,19.79879008039576,1,0,1,4,30,7348.024778583425,7237.351805380496,
2024-01-06 04:45:00,7565.877749752393,19.823003127962444,1,0,1,4,45,7485.418352223878,7417.220227764867,
2024-01-06 05:00:00,7563.22,19.925,1,0,1,5,0,7565.877749752393,7666.58,
2024-01-06 05:15:00,7473.016692660203,20.11814076389228,1,0,1,5,15,7563.22,7996.267942778965,
2024-01-06 05:30:00,7377.857660876375,20.372510297883498,1,0,1,5,30,7473.016692660203,8345.039149403055,
2024-01-06 05:45:00,7382.08729865436,20.647374682932966,1,0,1,5,45,7377.857660876375,8633.62828132562,
2024-01-06 06:00:00,7590.05,20.902,1,0,1,6,0,7382.08729865436,8782.77,
2024-01-06 06:15:00,8065.731732025764,21.1104112017997,1,0,1,6,15,7590.05,8740.994029828258,
2024-01-06 06:30:00,8711.684754270622,21.305668728070263,1,0,1,6,30,8065.731732025764,8568.010347007279,
2024-01-06 06:45:00,9390.102899380166,21.535591890305703,1,0,1,6,45,8711.684754270622,8351.32399068266,
2024-01-06 07:00:00,9963.18,21.848,1,0,1,7,0,9390.102899380166,8178.44,
2024-01-06 07:15:00,10323.919816736745,22.275433178908937,1,0,1,7,15,9963.18,8119.452656658006,
2024-01-06 07:30:00,10488.56582204114,22.78931478983544,1,0,1,7,30,10323.919816736745,8174.813212567832,
2024-01-06 07:45:00,10504.171416324967,23.345789005844225,1,0,1,7,45,10488.56582204114,8327.562162193743,
2024-01-06 08:00:00,10417.79,23.901000000000003,1,0,1,8,0,10504.171416324967,8560.74,
2024-01-06 08:15:00,10276.25712602727,24.418856082564563,1,0,1,8,15,10417.79,8857.641906039717,
2024-01-06 08:30:00,10125.536957564824,24.894322112587982,1,0,1,8,30,10276.25712602727,9202.581802721392,
2024-01-06 08:45:00,10011.375810319963,25.33012708631741,1,0,1,8,45,10125.536957564824,9580.128298042371,
2024-01-06 09:00:00,9979.52,25.729,1,0,1,9,0,10011.375810319963,9974.85,
2024-01-06 09:15:00,10060.077304154182,26.093954990832824,1,0,1,9,15,9979.52,10367.769406683126,
2024-01-06 09:30:00,10220.601347699569,26.42914675981265,1,0,1,9,30,10060.077304154182,10725.7245765466,
2024-01-06 09:45:00,10413.007217395172,26.739015148886143,1,0,1,9,45,10220.601347699569,11012.007458136772,
2024-01-06 10:00:00,10589.21,27.028,1,0,1,10,0,10413.007217395172,11189.91,
2024-01-06 10:15:00,10713.053813606004,27.29913645410414,1,0,1,10,15,10589.21,11236.89765472778,
2024-01-06 10:30:00,10796.0989016369,27.54984084816144,1,0,1,10,30,10713.053813606004,11187.129891092214,
2024-01-06 10:45:00,10861.834538849344,27.77612481813802,1,0,1,10,45,10796.0989016369,11088.939681910537,
2024-01-06 11:00:00,10933.75,27.974,1,0,1,11,0,10861.834538849344,10990.66,
2024-01-06 11:15:00,11024.790722671802,28.14143669275062,1,0,1,11,15,10933.75,10927.60981815575,
2024-01-06 11:30:00,11105.72679575283,28.284239847541603,1,0,1,11,30,11024.790722671802,10883.052109084554,
2024-01-06 11:45:00,11136.784470957442,28.410173078561787,1,0,1,11,45,11105.72679575283,10827.235845471076,
2024-01-06 12:00:00,11078.19,28.527,1,0,1,12,0,11136.784470957442,10730.41,
2024-01-06 12:15:00,10906.128295706789,28.63974177489337,1,0,1,12,15,11078.19,10575.48229139922,
2024-01-06 12:30:00,10660.618915351784,28.742449761672137,1,0,1,12,30,10906.128295706789,10395.995422569576,
2024-01-06 12:45:00,10397.640077320888,28.82643286761484,1,0,1,12,45,10660.618915351784,10238.150842455145,
2024-01-06 13:00:00,10173.17,28.883,1,0,1,13,0,10397.640077320888,10148.15,
2024-01-06 13:15:00,10029.490469501046,28.905252457675903,1,0,1,13,15,10173.17,10155.109141247372,
2024-01-06 13:30:00,9954.097542840036,28.89346110576984,1,0,1,13,30,10029.490469501046,10219.80370063714,
2024-01-06 13:45:00,9920.79084475901,28.84968920097886,1,0,1,13,45,9954.097542840036,10285.923909708335,
2024-01-06 14:00:00,9903.37,28.776,1,0,1,14,0,9920.79084475901,10297.16,
2024-01-06 14:15:00,9883.524357539032,28.674342144403017,1,0,1,14,15,9903.37,10210.445206111292,
2024-01-06 14:30:00,9874.502163288074,28.54620581524849,1,0,1,14,30,9883.524357539032,10035.684774881867,
2024-01-06 14:45:00,9897.441387393075,28.39296657846973,1,0,1,14,45,9874.502163288074,9796.026956211514,
2024-01-06 15:00:00,9973.48,28.216,1,0,1,15,0,9897.441387393075,9514.62,
2024-01-06 15:15:00,10106.338975342826,28.01476958971203,1,0,1,15,15,9973.48,9219.93300305746,
2024-01-06 15:30:00,10230.071304007672,27.781090633236182,1,0,1,15,30,10106.338975342826,8961.718449835382,
2024-01-06 15:45:00,10261.31298066868,27.50486636014224,1,0,1,15,45,10230.071304007672,8795.049671695617,
2024-01-06 16:00:00,10116.7,27.176,1,0,1,16,0,10261.31298066868,8775.0,
2024-01-06 16:15:00,9747.882553589665,26.792016996748863,1,0,1,16,15,10116.7,8926.437937908877,
2024-01-06 16:30:00,9246.567620681244,26.380931651806776,1,0,1,16,30,9747.882553589665,9153.412675776604,
2024-01-06 16:45:00,8739.476377432202,25.97838048096129,1,0,1,16,45,9246.567620681244,9329.768575756025,
2024-01-06 17:00:00,8353.33,25.62,1,0,1,17,0,8739.476377432202,9329.35,
2024-01-06 17:15:00,8178.817060298519,25.33136554829252,1,0,1,17,15,8353.33,9069.880245307031,
2024-01-06 17:30:00,8162.495713267352,25.09780775953672,1,0,1,17,30,8178.817060298519,8644.598347058216,
2024-01-06 17:45:00,8214.891509602507,24.89459609101257,1,0,1,17,45,8162.495713267352,8190.62227528029,
2024-01-06 18:00:00,8246.53,24.697000000000003,1,0,1,18,0,8214.891509602507,7845.07,
2024-01-06 18:15:00,8192.714517716257,24.486567685081088,1,0,1,18,15,8246.53,7707.863580862992,
2024-01-06 18:30:00,8087.859526249352,24.26996231004636,1,0,1,18,30,8192.714517716257,7730.141435990538,
2024-01-06 18:45:00,7991.157271657769,24.060125779988446,1,0,1,18,45,8087.859526249352,7825.846073122815,
2024-01-06 19:00:00,7961.8,23.87,1,0,1,19,0,7991.157271657769,7908.92,
2024-01-06 19:15:00,8038.922056336454,23.70834808638314,1,0,1,19,15,7961.8,7911.969649990996,
2024-01-06 19:30:00,8181.426181735245,23.56721800027787,1,0,1,19,30,8038.922056336454,7842.257158979628,
2024-01-06 19:45:00,8328.157216266414,23.43447891403366,1,0,1,19,45,8181.426181735245,7725.708588478446,
2024-01-06 20:00:00,8417.96,23.298,1,0,1,20,0,8328.157216266414,7588.25,
2024-01-06 20:15:00,8406.064600687925,23.148493094386343,1,0,1,20,15,8417.96,7455.4507879230205,
2024-01-06 20:30:00,8313.24199680966,22.98804068884216,1,0,1,20,30,8406.064600687925,7351.45367809095,
2024-01-06 20:45:00,8176.648394526565,22.821567938876896,1,0,1,20,45,8313.24199680966,7300.044729213403,
2024-01-06 21:00:00,8033.44,22.654000000000003,1,0,1,21,0,8176.648394526565,7325.01,
2024-01-06 21:15:00,7912.770947161846,22.48946078607148,1,0,1,21,15,8033.44,7433.993604566919,
2024-01-06 21:30:00,7811.787081026108,22.32886924435349,1,0,1,21,30,7912.770947161846,7570.071878656574,
2024-01-06 21:45:00,7719.632174377316,22.17234308045876,1,0,1,21,45,7811.787081026108,7660.179213417943,
2024-01-06 22:00:00,7625.45,22.02,1,0,1,22,0,7719.632174377316,7631.25,
2024-01-06 22:15:00,7520.236298164688,21.87271063632776,1,0,1,22,15,7625.45,7436.611200059305,
2024-01-06 22:30:00,7402.394679085904,21.73435733374389,1,0,1,22,30,7520.236298164688,7135.160057282754,
2024-01-06 22:45:00,7272.180720464168,21.60957536428808,1,0,1,22,45,7402.394679085904,6812.186385864825,
2024-01-06 23:00:00,7129.85,21.503,1,0,1,23,0,7272.180720464168,6552.98,
2024-01-06 23:15:00,6978.628078929399,21.41711854361749,1,0,1,23,15,7129.85,6420.437376445861,
2024-01-06 23:30:00,6833.620452630274,21.345826420670942,1,0,1,23,30,6978.628078929399,6387.881642212411,
2024-01-06 23:45:00,6712.902600016011,21.28087108738893,1,0,1,23,45,6833.620452630274,6406.242586872755,
2024-01-07 00:00:00,6634.55,21.214,1,0,1,0,0,6712.902600016011,6426.45,
2024-01-07 00:15:00,6611.551386117718,21.13936206420228,1,0,1,0,15,6634.55,6414.070700407249,
2024-01-07 00:30:00,6636.548510393005,21.060711983572308,1,0,1,0,30,6611.551386117718,6393.219623867602,
2024-01-07 00:45:00,6697.096379471789,20.984205911156177,1,0,1,0,45,6636.548510393005,6402.648735394153,
2024-01-07 01:00:00,6780.75,20.916,1,0,1,1,0,6697.096379471789,6481.11,
2024-01-07 01:15:00,6873.63372034973,20.86052694957337,1,0,1,1,15,6780.75,6649.97591567514,
2024-01-07 01:30:00,6956.14925579771,20.815325645039817,1,0,1,1,30,6873.63372034973,6861.101112317179,
2024-01-07 01:45:00,7007.267663346835,20.77621151798636,1,0,1,1,45,6956.14925579771,7048.960752800629,
2024-01-07 02:00:00,7005.96,20.739,1,0,1,2,0,7007.267663346835,7148.03,
2024-01-07 02:15:00,6940.164982483365,20.699717637504232,1,0,1,2,15,7005.96,7114.923449392191,
2024-01-07 02:30:00,6833.691966416157,20.65523543626842,1,0,1,2,30,6940.164982483365,6994.813426863677,
2024-01-07 02:45:00,6719.31796714087,20.6026355168984,1,0,1,2,45,6833.691966416157,6855.011690903325,
2024-01-07 03:00:00,6629.82,20.539,1,0,1,3,0,6719.31796714087,6762.83,
2024-01-07 03:15:00,6592.633224716812,20.462899375409705,1,0,1,3,15,6629.82,6769.382318006095,
2024-01-07 03:30:00,6613.825378537665,20.37885760988652,1,0,1,3,30,6592.633224716812,6860.991430228111,
2024-01-07 03:45:00,6694.122343089684,20.292887039420066,1,0,1,3,45,6613.825378537665,7007.782327336071,
2024-01-07 04:00:00,6834.25,20.211,1,0,1,4,0,6694.122343089684,7179.88,
2024-01-07 04:15:00,7030.454149899385,20.13918486085695,1,0,1,4,15,6834.25,7348.024778583425,
2024-01-07 04:30:00,7261.060269433187,20.08333412418553,1,0,1,4,30,7030.454149899385,7485.418352223878,
2024-01-07 04:45:00,7499.913754250394,20.049316325421344,1,0,1,4,45,7261.060269433187,7565.877749752393,
2024-01-07 05:00:00,7720.86,20.043,1,0,1,5,0,7499.913754250394,7563.22,
2024-01-07 05:15:00,7907.999394435646,20.06992368116249,1,0,1,5,15,7720.86,7473.016692660203,
2024-01-07 05:30:00,8086.452293729587,20.13430589337136,1,0,1,5,30,7907.999394435646,7377.857660876375,
2024-01-07 05:45:00,8291.594046158734,20.24003515889455,1,0,1,5,45,8086.452293729587,7382.08729865436,
2024-01-07 06:00:00,8558.8,20.391,1,0,1,6,0,8291.594046158734,7590.05,
2024-01-07 06:15:00,8906.36358485803,20.59185478949309,1,0,1,6,15,8558.8,8065.731732025764,
2024-01-07 06:30:00,9284.25055564846,20.850317302329028,1,0,1,6,30,8906.36358485803,8711.684754270622,
2024-01-07 06:45:00,9625.34474861466,21.174871164000447,1,0,1,6,45,9284.25055564846,9390.102899380166,
2024-01-07 07:00:00,9862.53,21.574,1,0,1,7,0,9625.34474861466,9963.18,
2024-01-07 07:15:00,9954.024703632227,22.04993841086513,1,0,1,7,15,9862.53,10323.919816736745,
2024-01-07 07:30:00,9959.385483676571,22.579924897312527,1,0,1,7,30,9954.024703632227,10488.56582204114,
2024-01-07 07:45:00,9963.503521882632,23.13494893510365,1,0,1,7,45,9959.385483676571,10504.171416324967,
2024-01-07 08:00:00,10051.27,23.686,1,0,1,8,0,9963.503521882632,10417.79,
2024-01-07 08:15:00,10280.025100613051,24.20892281704637,1,0,1,8,15,10051.27,10276.25712602727,
2024-01-07 08:30:00,10596.905009645248,24.698983108420872,1,0,1,8,30,10280.025100613051,10125.536957564824,
2024-01-07 08:45:00,10921.494913854816,25.15630184558493,1,0,1,8,45,10596.905009645248,10011.375810319963,
2024-01-07 09:00:00,11173.38,25.581,1,0,1,9,0,10921.494913854816,9979.52,
2024-01-07 09:15:00,11291.556612665565,25.973167195949376,1,0,1,9,15,11173.38,10060.077304154182,
2024-01-07 09:30:00,11292.66572774244,26.33276766900398,1,0,1,9,30,11291.556612665565,10220.601347699569,
2024-01-07 09:45:00,11212.759478948095,26.659734307556587,1,0,1,9,45,11292.66572774244,10413.007217395172,
2024-01-07 10:00:00,11087.89,26.954,1,0,1,10,0,11212.759478948095,10589.21,
2024-01-07 10:15:00,10951.877823724688,27.21628339915611,1,0,1,10,15,11087.89,10713.053813606004,
2024-01-07 10:30:00,10829.617079384983,27.450446215563208,1,0,1,10,30,10951.877823724688,10796.0989016369,
2024-01-07 10:45:00,10743.770295352791,27.66113592418871,1,0,1,10,45,10829.617079384983,10861.834538849344,
2024-01-07 11:00:00,10717.0,27.853,1,0,1,11,0,10743.770295352791,10933.75,
2024-01-07 11:15:00,10761.779436185683,28.0283710824262,1,0,1,11,15,10717.0,11024.790722671802,
2024-01-07 11:30:00,10849.824704717614,28.180322468743192,1,0,1,11,30,10761.779436185683,11105.72679575283,
2024-01-07 11:45:00,10942.662620890736,28.29961262068859,1,0,1,11,45,10849.824704717614,11136.784470957442,
2024-01-07 12:00:00,11001.82,28.377,1,0,1,12,0,10942.662620890736,11078.19,
2024-01-07 12:15:00,10996.52490028258,28.40841977113912,1,0,1,12,15,11001.82,10906.128295706789,
2024-01-07 12:30:00,10926.810351744558,28.41051390946403,1,0,1,12,30,10996.52490028258,10660.618915351784,
2024-01-07 12:45:00,10800.410627334262,28.405101093056928,1,0,1,12,45,10926.810351744558,10397.640077320888,
2024-01-07 13:00:00,10625.06,28.414,1,0,1,13,0,10800.410627334262,10173.17,
2024-01-07 13:15:00,10415.146431434005,28.451262333017343,1,0,1,13,15,10625.06,10029.490469501046,
2024-01-07 13:30:00,10211.672638304148,28.49987189340069,1,0,1,13,30,10415.146431434005,9954.097542840036,
2024-01-07 13:45:00,10062.29502602222,28.53504550708369,1,0,1,13,45,10211.672638304148,9920.79084475901,
2024-01-07 14:00:00,10014.67,28.532,1,0,1,14,0,10062.29502602222,9903.37,
2024-01-07 14:15:00,10090.352811481403,28.47245277179152,1,0,1,14,15,10014.67,9883.524357539032,
2024-01-07 14:30:00,10206.494095038848,28.364123516933205,1,0,1,14,30,10090.352811481403,9874.502163288074,
2024-01-07 14:45:00,10254.143331076866,28.221232503608288,1,0,1,14,45,10206.494095038848,9897.441387393075,
2024-01-07 15:00:00,10124.35,28.058,1,0,1,15,0,10254.143331076866,9973.48,
2024-01-07 15:15:00,9750.882791390375,27.883973454816594,1,0,1,15,15,10124.35,10106.338975342826,
2024-01-07 15:30:00,9238.387231540466,27.69000903886649,1,0,1,15,30,9750.882791390375,10230.071304007672,
2024-01-07 15:45:00,8734.228055920321,27.46229010348314,1,0,1,15,45,9238.387231540466,10261.31298066868,
2024-01-07 16:00:00,8385.77,27.187,1,0,1,16,0,8734.228055920321,10116.7,
2024-01-07 16:15:00,8296.662272957088,26.856434658942103,1,0,1,16,15,8385.77,9747.882553589665,
2024-01-07 16:30:00,8395.691978799294,26.48734032760083,1,0,1,16,30,8296.662272957088,9246.567620681244,
2024-01-07 16:45:00,8567.930695241852,26.10257583245913,1,0,1,16,45,8395.691978799294,8739.476377432202,
2024-01-07 17:00:00,8698.45,25.724999999999994,1,0,1,17,0,8567.930695241852,8353.33,
2024-01-07 17:15:00,8702.747960531273,25.37417853441498,1,0,1,17,15,8698.45,8178.817060298519,
2024-01-07 17:30:00,8618.028603262366,25.056504650730176,1,0,1,17,30,8702.747960531273,8162.495713267352,
2024-01-07 17:45:00,8511.922444362277,24.77507844168028,1,0,1,17,45,8618.028603262366,8214.891509602507,
2024-01-07 18:00:00,8452.06,24.533,1,0,1,18,0,8511.922444362277,8246.53,
2024-01-07 18:15:00,8481.239947417826,24.331726203397952,1,0,1,18,15,8452.06,8192.714517716257,
2024-01-07 18:30:00,8542.933608151247,24.166141069478453,1,0,1,18,30,8481.239947417826,8087.859526249352,
2024-01-07 18:45:00,8555.780464809042,24.029485400819727,1,0,1,18,45,8542.933608151247,7991.157271657769,
2024-01-07 19:00:00,8438.42,23.915,1,0,1,19,0,8555.780464809042,7961.8,
2024-01-07 19:15:00,8144.100843547419,23.8159166519932,1,0,1,19,15,8438.42,8038.922056336454,
2024-01-07 19:30:00,7764.508214132648,23.725431071356013,1,0,1,19,30,8144.100843547419,8181.426181735245,
2024-01-07 19:45:00,7425.936477651555,23.63672995504082,1,0,1,19,45,7764.508214132648,8328.157216266414,
2024-01-07 20:00:00,7254.68,23.543,1,0,1,20,0,7425.936477651555,8417.96,
2024-01-07 20:15:00,7335.1288658925,23.438529063629243,1,0,1,20,15,7254.68,8406.064600687925,
2024-01-07 20:30:00,7584.05603531816,23.322009645097484,1,0,1,20,30,7335.1288658925,8313.24199680966,
2024-01-07 20:45:00,7876.330187084741,23.19323540401699,1,0,1,20,45,7584.05603531816,8176.648394526565,
2024-01-07 21:00:00,8086.82,23.052,1,0,1,21,0,7876.330187084741,8033.44,
2024-01-07 21:15:00,8122.352130382586,22.899467093489825,1,0,1,21,15,8086.82,7912.770947161846,
2024-01-07 21:30:00,8017.585144594712,22.742280348254027,1,0,1,21,30,8122.352130382586,7811.787081026108,
2024-01-07 21:45:00,7839.135586509483,22.588453428891214,1,0,1,21,45,8017.585144594712,7719.632174377316,
2024-01-07 22:00:00,7653.62,22.446,1,0,1,22,0,7839.135586509483,7625.45,
2024-01-07 22:15:00,7511.901518827158,22.320665062411447,1,0,1,22,15,7653.62,7520.236298164688,
2024-01-07 22:30:00,7401.829636302992,22.20911896188641,1,0,1,22,30,7511.901518827158,7402.394679085904,
2024-01-07 22:45:00,7295.500435627331,22.10576338041816,1,0,1,22,45,7401.829636302992,7272.180720464168,
2024-01-07 23:00:00,7165.01,22.005000000000003,1,0,1,23,0,7295.500435627331,7129.85,
2024-01-07 23:15:00,6991.967419308785,21.90271640686438,1,0,1,23,15,7165.01,6978.628078929399,
2024-01-07 23:30:00,6796.033810193318,21.80074380420036,1,0,1,23,30,6991.967419308785,6833.620452630274,
2024-01-07 23:45:00,6606.383295981192,21.70239929943616,1,0,1,23,45,6796.033810193318,6712.902600016011,
2024-01-08 00:00:00,6452.19,21.611,1,0,0,0,0,6606.383295981192,6634.55,6461.51
2024-01-08 00:15:00,6357.007866437702,21.528734935131045,1,0,0,0,15,6452.19,6611.551386117718,6522.464785606765
2024-01-08 00:30:00,6321.910122923735,21.453280821312173,1,0,0,0,30,6357.007866437702,6636.548510393005,6625.553326407731
2024-01-08 00:45:00,6342.3498179479,21.38118629683722,1,0,0,0,45,6321.910122923735,6697.096379471789,6759.375204004832
2024-01-08 01:00:00,6413.78,21.309,1,0,0,1,0,6342.3498179479,6780.75,6912.53
2024-01-08 01:15:00,6527.071427440404,21.234171977611457,1,0,0,1,15,6413.78,6873.63372034973,7073.617295995168
2024-01-08 01:30:00,6654.765698111742,21.15775791055096,1,0,0,1,30,6527.071427440404,6956.14925579771,7231.236673592269
2024-01-08 01:45:00,6764.822119727208,21.08171488821497,1,0,0,1,45,6654.765698111742,7007.267663346835,7373.987714393235
2024-01-08 02:00:00,6825.2,21.008000000000003,1,0,0,2,0,6764.822119727208,7005.96,7490.47
2024-01-08 02:15:00,6815.9917363006825,20.938905279423143,1,0,0,2,15,6825.2,6940.164982483365,7569.324780412564
2024-01-08 02:30:00,6765.822084629299,20.878062536484027,1,0,0,2,30,6815.9917363006825,6833.691966416157,7599.359979223194
2024-01-08 02:45:00,6715.448890643266,20.82943852530289,1,0,0,2,45,6765.822084629299,6719.31796714087,7569.425188422227
2024-01-08 03:00:00,6705.63,20.797,1,0,0,3,0,6715.448890643266,6629.82,7468.37
2024-01-08 03:15:00,6764.29647110687,20.782269404695977,1,0,0,3,15,6705.63,6592.633224716812,7296.566394854578
2024-01-08 03:30:00,6868.072213371063,20.77699194351296,1,0,0,3,30,6764.29647110687,6613.825378537665,7100.475909514955
2024-01-08 03:45:00,6980.754348949727,20.77046851057346,1,0,0,3,45,6868.072213371063,6694.122343089684,6938.082469417854
2024-01-08 04:00:00,7066.14,20.751999999999995,1,0,0,4,0,6980.754348949727,6834.25,6867.37
2024-01-08 04:15:00,7102.328316771842,20.715595226792946,1,0,0,4,15,7066.14,7030.454149899385,6928.949796419123
2024-01-08 04:30:00,7124.626561886448,20.674094689464127,1,0,0,4,30,7102.328316771842,7261.060269433187,7093.942632716986
2024-01-08 04:45:00,7182.644026057831,20.64504680740325,1,0,0,4,45,7124.626561886448,7499.913754250394,7316.096652656355
2024-01-08 05:00:00,7325.99,20.646,1,0,0,5,0,7182.644026057831,7720.86,7549.16
2024-01-08 05:15:00,7588.031355555766,20.690990313132243,1,0,0,5,15,7325.99,7907.999394435646,7759.158325718927
2024-01-08 05:30:00,7937.165289083143,20.78000429863052,1,0,0,5,30,7588.031355555766,8086.452293729587,7961.227309617101
2024-01-08 05:45:00,8325.54657806895,20.90951613481353,1,0,0,5,45,7937.165289083143,8291.594046158734,8182.780138706724
2024-01-08 06:00:00,8705.33,21.076,1,0,0,6,0,8325.54657806895,8558.8,8451.23
2024-01-08 06:15:00,9033.891104755096,21.27799039567809,1,0,0,6,15,8705.33,8906.36358485803,8781.536275705166
2024-01-08 06:30:00,9289.488531780977,21.52226311601381,1,0,0,6,30,9033.891104755096,9284.25055564846,9138.843128814608
2024-01-08 06:45:00,9455.60169291637,21.817654278342623,1,0,0,6,45,9289.488531780977,9625.34474861466,9475.840917516744
2024-01-08 07:00:00,9515.71,22.173,1,0,0,7,0,9455.60169291637,9862.53,9745.22
2024-01-08 07:15:00,9467.592662923847,22.590532479155385,1,0,0,7,15,9515.71,9954.024703632227,9916.021102710403
2024-01-08 07:30:00,9366.228083792945,23.04606823731422,1,0,0,7,30,9467.592662923847,9959.385483676571,10022.68642512446
2024-01-08 07:45:00,9280.894462765566,23.508819876815945,1,0,0,7,45,9366.228083792945,9963.503521882632,10116.008534976289
2024-01-08 08:00:00,9280.87,23.948,1,0,0,8,0,9280.894462765566,10051.27,10246.78
2024-01-08 08:15:00,9408.788868549507,24.34019218770037,1,0,0,8,15,9280.87,10280.025100613051,10447.708063453216
2024-01-08 08:30:00,9600.709133047249,24.6914639347293,1,0,0,8,30,9408.788868549507,10596.905009645248,10679.158670687546
2024-01-08 08:45:00,9766.044831021369,25.015253714393577,1,0,0,8,45,9600.709133047249,10921.494913854816,10883.412442578105
2024-01-08 09:00:00,9814.21,25.325,1,0,0,9,0,9766.044831021369,11173.38,11002.75
2024-01-08 09:15:00,9690.804050378125,25.62969877004313,1,0,0,9,15,9814.21,11291.556612665565,10995.376643476737
2024-01-08 09:30:00,9486.16788401806,25.920576023768582,1,0,0,9,30,9690.804050378125,11292.66572774244,10883.19639212536
2024-01-08 09:45:00,9326.827775648968,26.184415265609747,1,0,0,9,45,9486.16788401806,11212.759478948095,10704.037944711305
2024-01-08 10:00:00,9339.31,26.408,1,0,0,10,0,9326.827775648968,11087.89,10495.73
2024-01-08 10:15:00,9608.03211743799,26.58288773212711,1,0,0,10,15,9339.31,10951.877823724688,10298.42989388984
2024-01-08 10:30:00,10048.976830880496,26.71973197019636,1,0,0,10,30,9608.03211743799,10829.617079384983,10161.609510811018
2024-01-08 10:45:00,10536.018128882752,26.83396022316744,1,0,0,10,45,10048.976830880496,10743.770295352791,10137.069372326689
2024-01-08 11:00:00,10943.03,26.940999999999995,1,0,0,11,0,10536.018128882752,10717.0,10276.61
2024-01-08 11:15:00,11172.909042369914,27.05154717644844,1,0,0,11,15,10943.03,10761.779436185683,10600.127374713906
2024-01-08 11:30:00,11244.642292459956,27.157371095445964,1,0,0,11,30,11172.909042369914,10849.824704717614,10999.899314630566
2024-01-08 11:45:00,11206.239396320016,27.24550946672051,1,0,0,11,45,11244.642292459956,10942.662620890736,11336.299097231942
2024-01-08 12:00:00,11105.71,27.303,1,0,0,12,0,11206.239396320016,11001.82,11469.7
2024-01-08 12:15:00,10983.58093183235,27.32082981207915,1,0,0,12,15,11105.71,10996.52490028258,11306.364357254535
2024-01-08 12:30:00,10850.447749279689,27.30578364801978,1,0,0,12,30,10983.58093183235,10926.810351744558,10936.11073066672
2024-01-08 12:45:00,10709.42319208718,27.268595659950527,1,0,0,12,45,10850.447749279689,10800.410627334262,10494.64673874554
2024-01-08 13:00:00,10563.62,27.22,1,0,0,13,0,10709.42319208718,10625.06,10117.68
2024-01-08 13:15:00,10420.298011550689,27.169180450234983,1,0,0,13,15,10563.62,10415.146431434005,9906.041758767942
2024-01-08 13:30:00,10303.3054604213,27.11911931247491,1,0,0,13,30,10420.298011550689,10211.672638304148,9821.05776270256
2024-01-08 13:45:00,10240.63767908126,27.071248518477383,1,0,0,13,45,10303.3054604213,10062.29502602222,9789.177385285904
2024-01-08 14:00:00,10260.29,27.027,1,0,0,14,0,10240.63767908126,10014.67,9736.85
2024-01-08 14:15:00,10373.3807719649,26.98629213698092,1,0,0,14,15,10260.29,10090.352811481403,9614.980326423694
2024-01-08 14:30:00,10523.520409035122,26.942989102080567,1,0,0,14,30,10373.3807719649,10206.494095038848,9472.29446852303
2024-01-08 14:45:00,10637.442341587785,26.88944151613993,1,0,0,14,45,10523.520409035122,10254.143331076866,9381.973876360851
2024-01-08 15:00:00,10641.88,26.818,1,0,0,15,0,10637.442341587785,10124.35,9417.2
2024-01-08 15:15:00,10485.849369339714,26.721760376841345,1,0,0,15,15,10641.88,9750.882791390375,9615.25474803728
2024-01-08 15:30:00,10207.49665343821,26.59679927920282,1,0,0,15,30,10485.849369339714,9238.387231540466,9869.82186320532
2024-01-08 15:45:00,9867.2506108176,26.439938541962896,1,0,0,15,45,10207.49665343821,8734.228055920321,10038.685546770696
2024-01-08 16:00:00,9525.54,26.248,1,0,0,16,0,9867.2506108176,8385.77,9979.63
2024-01-08 16:15:00,9231.807063176246,26.021369480653725,1,0,0,16,15,9525.54,8296.662272957088,9601.506150177182
2024-01-08 16:30:00,8991.547977212043,25.77468878110815,1,0,0,16,30,9231.807063176246,8395.691978799294,9017.431828655695
2024-01-08 16:45:00,8799.272402641818,25.5261636910085,1,0,0,16,45,8991.547977212043,8567.930695241852,8391.59159280636
2024-01-08 17:00:00,8649.49,25.294,1,0,0,17,0,8799.272402641818,8698.45,7888.17
2024-01-08 17:15:00,8537.135190455305,25.09248045054377,1,0,0,17,15,8649.49,8702.747960531273,7630.702838753989
2024-01-08 17:30:00,8458.841437713621,24.920195596364582,1,0,0,17,30,8537.135190455305,8618.028603262366,7580.130822171902
2024-01-08 17:45:00,8411.666966115126,24.7718129440031,1,0,0,17,45,8458.841437713621,8511.922444362277,7656.745894503864
2024-01-08 18:00:00,8392.67,24.642,1,0,0,18,0,8411.666966115126,8452.06,7780.84
2024-01-08 18:15:00,8397.705612502536,24.526130592171185,1,0,0,18,15,8392.67,8481.239947417826,7882.61405730686
2024-01-08 18:30:00,8417.816271933474,24.422403833433524,1,0,0,18,30,8397.705612502536,8542.933608151247,7931.904882656698
2024-01-08 18:45:00,8442.841295397677,24.32972515797909,1,0,0,18,45,8417.816271933474,8555.780464809042,7908.458266678185
2024-01-08 19:00:00,8462.62,24.247,1,0,0,19,0,8442.841295397677,8438.42,7792.02
2024-01-08 19:15:00,8467.543609534556,24.173606555771475,1,0,0,19,15,8462.62,8144.100843547419,7577.99483826857
2024-01-08 19:30:00,8450.210974552481,24.110814069901323,1,0,0,19,30,8467.543609534556,7764.508214132648,7324.4233972013135
2024-01-08 19:45:00,8403.772852294167,24.06036454908052,1,0,0,19,45,8450.210974552481,7425.936477651555,7105.005257533399
2024-01-08 20:00:00,8321.38,24.024,1,0,0,20,0,8403.772852294167,7254.68,6993.44
2024-01-08 20:15:00,8200.429168109236,24.000849434742925,1,0,0,20,15,8321.38,7335.1288658925,7035.726433368863
2024-01-08 20:30:00,8055.301079856596,23.97958988696117,1,0,0,20,30,8200.429168109236,7584.05603531816,7167.060278538052
2024-01-08 20:45:00,7904.622451675656,23.94628539569884,1,0,0,20,45,8055.301079856596,7876.330187084741,7294.936484438218
2024-01-08 21:00:00,7767.02,23.887,1,0,0,21,0,7904.622451675656,8086.82,7326.85
2024-01-08 21:15:00,7657.128780528492,23.79223008025684,1,0,0,21,15,7767.02,8122.352130382586,7200.095209505982
2024-01-08 21:30:00,7573.617206021131,23.67020138225397,1,0,0,21,30,7657.128780528492,8017.585144594712,6971.164238646476
2024-01-08 21:45:00,7511.162028503206,23.53357199312412,1,0,0,21,45,7573.617206021131,7839.135586509483,6726.348648463732
2024-01-08 22:00:00,7464.44,23.395,1,0,0,22,0,7511.162028503206,7653.62,6551.94
2024-01-08 22:15:00,7426.1824285267985,23.26343336922972,1,0,0,22,15,7464.44,7511.901518827158,6509.826478607212
2024-01-08 22:30:00,7381.3388460588785,23.132979584022934,1,0,0,22,30,7426.1824285267985,7401.829636302992,6564.282766876044
2024-01-08 22:45:00,7312.91334056152,22.99403600680468,1,0,0,22,45,7381.3388460588785,7295.500435627331,6655.180171706853
2024-01-08 23:00:00,7203.91,22.837,1,0,0,23,0,7312.91334056152,7165.01,6722.39
2024-01-08 23:15:00,7045.8772866143145,22.65605206782428,1,0,0,23,15,7203.91,6991.967419308785,6721.854032315169
2024-01-08 23:30:00,6864.541159743349,22.460505281654296,1,0,0,23,30,7045.8772866143145,6796.033810193318,6673.795943849348
2024-01-08 23:45:00,6694.17195300071,22.26345585465716,1,0,0,23,45,6864.541159743349,6606.383295981192,6614.509883458853
2024-01-09 00:00:00,6569.04,22.078,1,0,0,0,0,6694.17195300071,6452.19,6580.29
2024-01-09 00:15:00,6512.684518765943,21.91560835947316,1,0,0,0,15,6569.04,6357.007866437702,6595.434579632113
2024-01-09 00:30:00,6505.720264967722,21.781249289359888,1,0,0,0,30,6512.684518765943,6321.910122923735,6636.258457726564
2024-01-09 00:45:00,6518.030878685641,21.67826557456668,1,0,0,0,45,6505.720264967722,6342.3498179479,6667.080606957733
2024-01-09 01:00:00,6519.5,21.61,1,0,0,1,0,6518.030878685641,6413.78,6652.22
2024-01-09 01:15:00,6490.400263321916,21.57648324428309,1,0,0,1,15,6519.5,6527.071427440404,6569.451086656378
2024-01-09 01:30:00,6452.560280385762,21.564497560906148,1,0,0,1,30,6490.400263321916,6654.765698111742,6450.370225244396
2024-01-09 01:45:00,6438.197657256727,21.557513097076136,1,0,0,1,45,6452.560280385762,6764.822119727208,6340.029251210217
2024-01-09 02:00:00,6479.53,21.539,1,0,0,2,0,6438.197657256727,6825.2,6283.48
2024-01-09 02:15:00,6595.097396696394,21.49794303839449,1,0,0,2,15,6479.53,6815.9917363006825,6311.980136242375
2024-01-09 02:30:00,6748.729863489229,21.445385467015512,1,0,0,2,30,6595.097396696394,6765.822084629299,6401.610641295849
2024-01-09 02:45:00,6890.5798985374495,21.397885162128784,1,0,0,2,45,6748.729863489229,6715.448890643266,6514.658325701399
2024-01-09 03:00:00,6970.8,21.372,1,0,0,3,0,6890.5798985374495,6705.63,6613.41
2024-01-09 03:15:00,6958.065618642508,21.38007272713896,1,0,0,3,15,6970.8,6764.29647110687,6669.594305874121
2024-01-09 03:30:00,6895.144015657322,21.4175855710318,1,0,0,3,30,6958.065618642508,6868.072213371063,6692.707209572205
2024-01-09 03:45:00,6843.325404843475,21.47580562940874,1,0,0,3,45,6895.144015657322,6980.754348949727,6701.686508484187
2024-01-09 04:00:00,6863.9,21.546,1,0,0,4,0,6843.325404843475,7066.14,6715.47
2024-01-09 04:15:00,6998.607628733576,21.61971917804967,1,0,0,4,15,6863.9,7102.328316771842,6750.137640261139
2024-01-09 04:30:00,7210.986573881484,21.68964724885729,1,0,0,4,30,6998.607628733576,7124.626561886448,6810.338020415328
2024-01-09 04:45:00,7445.024732088649,21.74875169523627,1,0,0,4,45,7210.986573881484,7182.644026057831,6897.861890361854
2024-01-09 05:00:00,7644.71,21.79,1,0,0,5,0,7445.024732088649,7325.99,7014.5
2024-01-09 05:15:00,7772.240116423184,21.81178493566236,1,0,0,5,15,7644.71,7588.031355555766,7159.612476831325
2024-01-09 05:30:00,7862.652188816742,21.834200433539035,1,0,0,5,30,7772.240116423184,7937.165289083143,7322.83695876648
2024-01-09 05:45:00,7969.193166801926,21.8827657146462,1,0,0,5,45,7862.652188816742,8325.54657806895,7491.380461318397
2024-01-09 06:00:00,8145.11,21.983000000000004,1,0,0,6,0,7969.193166801926,8705.33,7652.45
2024-01-09 06:15:00,8421.893155573682,22.15375045430092,1,0,0,6,15,8145.11,9033.891104755096,7801.518233663565
2024-01-09 06:30:00,8744.00717085155,22.387176016986583,1,0,0,6,30,8421.893155573682,9289.488531780977,7967.120394518752
2024-01-09 06:45:00,9034.160100703642,22.668763571178964,1,0,0,6,45,8744.00717085155,9455.60169291637,8186.05735811456
2024-01-09 07:00:00,9215.06,22.984,1,0,0,7,0,9034.160100703642,9515.71,8495.13
2024-01-09 07:15:00,9242.673355032084,23.320385122134,1,0,0,7,15,9215.06,9467.592662923847,8914.835838514413
2024-01-09 07:30:00,9206.000377777056,23.67347049851464,1,0,0,7,30,9242.673355032084,9366.228083792945,9400.458963158511
2024-01-09 07:45:00,9227.2997116335,24.040820625637963,1,0,0,7,45,9206.000377777056,9280.894462765566,9890.980106223358
2024-01-09 08:00:00,9428.83,24.42,1,0,0,8,0,9227.2997116335,9280.87,10325.38
2024-01-09 08:15:00,9888.87779929798,24.80747468216311,1,0,0,8,15,9428.83,9408.788868549507,10657.21356852878
2024-01-09 08:30:00,10509.841318040226,25.19531698895488,1,0,0,8,30,9888.87779929798,9600.709133047249,10898.332502847192
2024-01-09 08:45:00,11150.146677762355,25.574500801269203,1,0,0,8,45,10509.841318040226,9766.044831021369,11075.162685742009
2024-01-09 09:00:00,11668.22,25.936,1,0,0,9,0,11150.146677762355,9814.21,11214.13
2024-01-09 09:15:00,11956.525916525992,26.273263024213573,1,0,0,9,15,11668.22,9690.804050378125,11336.486293620455
2024-01-09 09:30:00,12043.68310006204,26.589636545665872,1,0,0,9,30,11956.525916525992,9486.16788401806,11442.787275452712
2024-01-09 09:45:00,11992.348733567069,26.89094179428523,1,0,0,9,45,12043.68310006204,9326.827775648968,11528.414619558613
2024-01-09 10:00:00,11865.18,27.183,1,0,0,10,0,11992.348733567069,9339.31,11588.75
2024-01-09 10:15:00,11717.475253348051,27.46964509598259,1,0,0,10,15,11865.18,9608.03211743799,11617.935163239386
2024-01-09 10:30:00,11575.097531711612,27.746761828381644,1,0,0,10,30,11717.475253348051,10048.976830880496,11605.152145341952
2024-01-09 10:45:00,11456.551044219368,28.00824764658988,1,0,0,10,45,11575.097531711612,10536.018128882752,11538.343054773542
2024-01-09 11:00:00,11380.34,28.248,1,0,0,11,0,11456.551044219368,10943.03,11405.45
2024-01-09 11:15:00,11358.385726331806,28.46160971685608,1,0,0,11,15,11380.34,11172.909042369914,11202.570397171996
2024-01-09 11:30:00,11376.278023091514,28.65144114080756,1,0,0,11,30,11358.385726331806,11244.642292459956,10958.42289317948
2024-01-09 11:45:00,11413.023808305466,28.821551994355257,1,0,0,11,45,11376.278023091514,11206.239396320016,10709.881442597223
2024-01-09 12:00:00,11447.63,28.976,1,0,0,12,0,11413.023808305466,11105.71,10493.82
2024-01-09 12:15:00,11458.577622574723,29.117041036593125,1,0,0,12,15,11447.63,10983.58093183235,10336.672779322633
2024-01-09 12:30:00,11422.24412592233,29.23972360838814,1,0,0,12,30,11458.577622574723,10850.447749279689,10223.11503194013
2024-01-09 12:45:00,11314.48106630877,29.337294375989085,1,0,0,12,45,11422.24412592233,10709.42319208718,10127.382268587566
2024-01-09 13:00:00,11111.14,29.403,1,0,0,13,0,11314.48106630877,10563.62,10023.71
2024-01-09 13:15:00,10804.88034586929,29.431866761771424,1,0,0,13,15,11111.14,10420.298011550689,9894.03692303748
2024-01-09 13:30:00,10455.592973219162,29.42603942563988,1,0,0,13,30,10804.88034586929,10303.3054604213,9751.114479059994
2024-01-09 13:45:00,10139.976613959454,29.3894423766884,1,0,0,13,45,10455.592973219162,10240.63767908126,9615.39729555251
2024-01-09 14:00:00,9934.73,29.326,1,0,0,14,0,10139.976613959454,10260.29,9507.34
2024-01-09 14:15:00,9890.482556448113,29.23860129132117,1,0,0,14,15,9934.73,10373.3807719649,9446.016872277449
2024-01-09 14:30:00,9953.58648120102,29.125993689052333,1,0,0,14,30,9890.482556448113,10523.520409035122,9444.980801819896
2024-01-09 14:45:00,10044.324665353412,28.985889242257315,1,0,0,14,45,9953.58648120102,10637.442341587785,9516.404330452391
2024-01-09 15:00:00,10082.98,28.816000000000003,1,0,0,15,0,10044.324665353412,10641.88,9672.46
2024-01-09 15:15:00,10009.60474083825,28.613759322943864,1,0,0,15,15,10082.98,10485.849369339714,9911.545587852728
2024-01-09 15:30:00,9843.328601976757,28.375485818150803,1,0,0,15,30,10009.60474083825,10207.49665343821,10176.959813660427
2024-01-09 15:45:00,9623.050662126883,28.09721940428235,1,0,0,15,45,9843.328601976757,9867.2506108176,10398.226632637918
2024-01-09 16:00:00,9387.67,27.775,1,0,0,16,0,9623.050662126883,9525.54,10504.87
2024-01-09 16:15:00,9168.535198948884,27.407986416903373,1,0,0,16,15,9387.67,9231.807063176246,10448.70921381164
2024-01-09 16:30:00,8966.792860891956,27.00781303834445,1,0,0,16,30,9168.535198948884,8991.547977212043,10270.744943538386
2024-01-09 16:45:00,8776.039092389048,26.589233140613302,1,0,0,16,45,8966.792860891956,8799.272402641818,10034.273201495938
2024-01-09 17:00:00,8589.87,26.167,1,0,0,17,0,8776.039092389048,8649.49,9802.59
2024-01-09 17:15:00,8407.424150866222,25.75554500944264,1,0,0,17,15,8589.87,8537.135190455305,9626.630369400717
2024-01-09 17:30:00,8250.009954455432,25.368012028471387,1,0,0,17,30,8407.424150866222,8458.841437713621,9507.885412186031
2024-01-09 17:45:00,8144.478280816926,25.017223033264443,1,0,0,17,45,8250.009954455432,8411.666966115126,9435.485248878327
2024-01-09 18:00:00,8117.68,24.716,1,0,0,18,0,8144.478280816926,8392.67,9398.56
2024-01-09 18:15:00,8183.659603836234,24.47153667032608,1,0,0,18,15,8117.68,8397.705612502536,9382.365558585489
2024-01-09 18:30:00,8305.236071286323,24.26851384777001,1,0,0,18,30,8183.659603836234,8417.816271933474,9356.660907717483
2024-01-09 18:45:00,8432.422003093252,24.08598410132893,1,0,0,18,45,8305.236071286323,8442.841295397677,9287.33080299074
2024-01-09 19:00:00,8515.23,23.903,1,0,0,19,0,8432.422003093252,8462.62,9140.26
2024-01-09 19:15:00,8520.318215038844,23.70351143425304,1,0,0,19,15,8515.23,8467.543609534556,8893.81974000733
2024-01-09 19:30:00,8480.927010399271,23.49105758044859,1,0,0,19,30,8520.318215038844,8450.210974552481,8576.32720694403
2024-01-09 19:45:00,8446.942300560064,23.27407493641984,1,0,0,19,45,8480.927010399271,8403.772852294167,8228.586070408717
2024-01-09 20:00:00,8468.25,23.061,1,0,0,20,0,8446.942300560064,8321.38,7891.4
2024-01-09 20:15:00,8573.749411008384,22.85946446766174,1,0,0,20,15,8468.25,8200.429168109236,7600.787356385193
2024-01-09 20:30:00,8708.393387116583,22.67388083043563,1,0,0,20,30,8573.749411008384,8055.301079856596,7373.625264506395
2024-01-09 20:45:00,8796.148169666494,22.5078567779917,1,0,0,20,45,8708.393387116583,7904.622451675656,7222.005540374398
2024-01-09 21:00:00,8760.98,22.365,1,0,0,21,0,8796.148169666494,7767.02,7158.02
2024-01-09 21:15:00,8553.34773467762,22.2458338201,1,0,0,21,15,8760.98,7657.128780528492,7183.717396951897
2024-01-09 21:30:00,8229.68069113439,22.138544097808897,1,0,0,21,30,8553.34773467762,7573.617206021131,7260.974235030392
2024-01-09 21:45:00,7872.900802023962,22.02823232661335,1,0,0,21,45,8229.68069113439,7511.162028503206,7341.623955593691
2024-01-09 22:00:00,7565.93,21.9,1,0,0,22,0,7872.900802023962,7464.44,7377.5
2024-01-09 22:15:00,7370.887150281131,21.74410650193828,1,0,0,22,15,7565.93,7426.1824285267985,7333.20961830722
2024-01-09 22:30:00,7266.678848345859,21.57144277832878,1,0,0,22,30,7370.887150281131,7381.3388460588785,7224.455295372039
2024-01-09 22:45:00,7211.408622237655,21.39805766555489,1,0,0,22,45,7266.678848345859,7312.91334056152,7079.713324750837
2024-01-09 23:00:00,7163.18,21.24,1,0,0,23,0,7211.408622237655,7203.91,6927.46
2024-01-09 23:15:00,7091.345382947859,21.110005797146886,1,0,0,23,15,7163.18,7045.8772866143145,6791.734754819223
2024-01-09 23:30:00,7010.252665482181,21.00755978887597,1,0,0,23,30,7091.345382947859,6864.541159743349,6678.829583481454
2024-01-09 23:45:00,6945.498615275414,20.928833886167062,1,0,0,23,45,7010.252665482181,6694.17195300071,6590.59962040296
2024-01-10 00:00:00,6922.68,20.87,1,0,0,0,0,6945.498615275414,6569.04,6528.9
2024-01-10 00:15:00,6958.275067927437,20.82605780947418,1,0,0,0,15,6922.68,6512.684518765943,6493.826674915889
2024-01-10 00:30:00,7032.287989725419,20.787318066167344,1,0,0,0,30,6958.275067927437,6505.720264967722,6478.438870702142
2024-01-10 00:45:00,7115.604416660691,20.74291928977684,1,0,0,0,45,7032.287989725419,6518.030878685641,6474.036631137324
2024-01-10 01:00:00,7179.11,20.682,1,0,0,1,0,7115.604416660691,6519.5,6471.92
2024-01-10 01:15:00,7200.963251592395,20.59773171495641,1,0,0,1,15,7179.11,6490.400263321916,6465.428545517221
2024-01-10 01:30:00,7188.414125616144,20.499417946454656,1,0,0,1,30,7200.963251592395,6452.560280385762,6456.059933709978
2024-01-10 01:45:00,7155.985436831821,20.400395204725577,1,0,0,1,45,7188.414125616144,6438.197657256727,6447.3513550477455
2024-01-10 02:00:00,7118.2,20.314,1,0,0,2,0,7155.985436831821,6479.53,6442.84
2024-01-10 02:15:00,7087.138331952984,20.25021845570018,1,0,0,2,15,7118.2,6595.097396696394,6448.673518015227
2024-01-10 02:30:00,7065.111757810006,20.205635148014025,1,0,0,2,30,7087.138331952984,6748.729863489229,6481.441394457947
2024-01-10 02:45:00,7051.989304762024,20.17348426632086,1,0,0,2,45,7065.111757810006,6890.5798985374495,6560.343573671695
2024-01-10 03:00:00,7047.64,20.147,1,0,0,3,0,7051.989304762024,6970.8,6704.58
2024-01-10 03:15:00,7052.7460768456685,20.11855071224286,1,0,0,3,15,7047.64,6958.065618642508,6923.169726171875
2024-01-10 03:30:00,7071.242593143838,20.07704146148924,1,0,0,3,30,7052.7460768456685,6895.144015657322,7184.408238458233
2024-01-10 03:45:00,7107.877812870089,20.01051147999099,1,0,0,3,45,7071.242593143838,6843.325404843475,7446.4101315154785
2024-01-10 04:00:00,7167.4,19.907000000000004,1,0,0,4,0,7107.877812870089,6863.9,7667.29
2024-01-10 04:15:00,7252.759079414341,19.767938070328373,1,0,0,4,15,7167.4,6998.607628733576,7817.407733547279
2024-01-10 04:30:00,7359.711619614642,19.64832400602905,1,0,0,4,30,7252.759079414341,7210.986573881484,7916.104401709116
2024-01-10 04:45:00,7482.215850007622,19.6165479387152,1,0,0,4,45,7359.711619614642,7445.024732088649,7994.966369016395
2024-01-10 05:00:00,7614.23,19.741000000000003,1,0,0,5,0,7482.215850007622,7644.71,8085.58
2024-01-10 05:15:00,7752.932605496965,20.063103256443668,1,0,0,5,15,7614.23,7772.240116423184,8215.151683389011
2024-01-10 05:30:00,7908.38342839759,20.51641251439459,1,0,0,5,30,7752.932605496965,7862.652188816742,8393.3679047053
2024-01-10 05:45:00,8093.8625370994205,21.00751551514822,1,0,0,5,45,7908.38342839759,7969.193166801926,8625.53517366894
2024-01-10 06:00:00,8322.65,21.443,1,0,0,6,0,8093.8625370994205,8145.11,8916.96
2024-01-10 06:15:00,8599.7084673478,21.75628952889698,1,0,0,6,15,8322.65,8421.893155573682,9258.399282896677
2024-01-10 06:30:00,8896.730916794993,21.988150936392604,1,0,0,6,30,8599.7084673478,8744.00717085155,9582.411479469678
2024-01-10 06:45:00,9177.092907844695,22.206186875691927,1,0,0,6,45,8896.730916794993,9034.160100703642,9807.00543630784
2024-01-10 07:00:00,9404.17,22.478,1,0,0,7,0,9177.092907844695,9215.06,9850.19
2024-01-10 07:15:00,9558.67727511184,22.85323862796843,1,0,0,7,15,9404.17,9242.673355032084,9670.045560024288
2024-01-10 07:30:00,9690.687904422428,23.30973374003501,1,0,0,7,30,9558.67727511184,9206.000377777056,9384.938677415992
2024-01-10 07:45:00,9867.614581521806,23.80736198208408,1,0,0,7,45,9690.687904422428,9227.2997116335,9153.3074560997
2024-01-10 08:00:00,10156.87,24.306,1,0,0,8,0,9867.614581521806,9428.83,9133.59
2024-01-10 08:15:00,10594.48211970484,24.773974709229304,1,0,0,8,15,10156.87,9888.87779929798,9429.143008256178
2024-01-10 08:30:00,11090.939965515288,25.21341410346736,1,0,0,8,30,10594.48211970484,10509.841318040226,9922.997560866355
2024-01-10 08:45:00,11525.34782856809,25.634896445971734,1,0,0,8,45,11090.939965515288,11150.146677762355,10443.103333043357
2024-01-10 09:00:00,11776.81,26.048999999999992,1,0,0,9,0,11525.34782856809,11668.22,10817.41
2024-01-10 09:15:00,11761.7173710688,26.46351878511433,1,0,0,9,15,11776.81,11956.525916525992,10919.523344450998
2024-01-10 09:30:00,11545.60723351642,26.875109846095523,1,0,0,9,30,11761.7173710688,12043.68310006204,10805.673579118584
2024-01-10 09:45:00,11231.303479205832,27.277645984028947,1,0,0,9,45,11545.60723351642,11992.348733567069,10577.74702422688
2024-01-10 10:00:00,10921.63,27.665,1,0,0,10,0,11231.303479205832,11865.18,10337.63
2024-01-10 10:15:00,10700.109958519955,28.03184077531332,1,0,0,10,15,10921.63,11717.475253348051,10169.645488939828
2024-01-10 10:30:00,10573.06360041902,28.37602151215053,1,0,0,10,30,10700.109958519955,11575.097531711612,10087.863122659302
2024-01-10 10:45:00,10527.510442108573,28.696191492912465,1,0,0,10,45,10573.06360041902,11456.551044219368,10088.789195049128
2024-01-10 11:00:00,10550.47,28.991,1,0,0,11,0,10527.510442108573,11380.34,10168.93
2024-01-10 11:15:00,10624.177326101368,29.25872748863237,1,0,0,11,15,10550.47,11358.385726331806,10316.53204353969
2024-01-10 11:30:00,10711.729614807493,29.49617910530237,1,0,0,11,30,10624.177326101368,11376.278023091514,10486.802680244204
2024-01-10 11:45:00,10771.439596109867,29.69979116932119,1,0,0,11,45,10711.729614807493,11413.023808305466,10626.689476826616
2024-01-10 12:00:00,10761.62,29.866,1,0,0,12,0,10771.439596109867,11447.63,10683.14
2024-01-10 12:15:00,10654.566205824569,29.992577395157184,1,0,0,12,15,10761.62,11458.577622574723,10618.604149401412
2024-01-10 12:30:00,10478.504190351008,30.082637066639965,1,0,0,12,30,10654.566205824569,11422.24412592233,10457.54115636388
2024-01-10 12:45:00,10275.642579701944,30.140628204802763,1,0,0,12,45,10478.504190351008,11314.48106630877,10239.912585144404
2024-01-10 13:00:00,10088.19,30.171000000000003,1,0,0,13,0,10275.642579701944,11111.14,10005.68
2024-01-10 13:15:00,9954.248319350365,30.17757230573889,1,0,0,13,15,10088.19,10804.88034586929,9791.056983854656
2024-01-10 13:30:00,9895.492373788484,30.161647628137764,1,0,0,13,30,9954.248319350365,10455.592973219162,9617.265194300284
2024-01-10 13:45:00,9929.490241332358,30.123899136467763,1,0,0,13,45,9895.492373788484,10139.976613959454,9501.778307595769
2024-01-10 14:00:00,10073.81,30.065,1,0,0,14,0,9929.490241332358,9934.73,9462.07
2024-01-10 14:15:00,10326.209110523972,29.985227131887267,1,0,0,14,15,10073.81,9890.482556448113,9504.564633929956
2024-01-10 14:30:00,10605.202564495066,29.88327242080897,1,0,0,14,30,10326.209110523972,9953.58648120102,9591.489316434989
2024-01-10 14:45:00,10809.494736218629,29.757431499326195,1,0,0,14,45,10605.202564495066,10044.324665353412,9674.021840722522
2024-01-10 15:00:00,10837.79,29.606,1,0,0,15,0,10809.494736218629,10082.98,9703.34
2024-01-10 15:15:00,10626.498207303746,29.42537854171205,1,0,0,15,15,10837.79,10009.60474083825,9641.764636675513
2024-01-10 15:30:00,10262.851118231256,29.204387688626344,1,0,0,15,30,10626.498207303746,9843.328601976757,9496.188789959768
2024-01-10 15:45:00,9871.785970043138,28.929952991227463,1,0,0,15,45,10262.851118231256,9623.050662126883,9284.648548264142
2024-01-10 16:00:00,9578.24,28.589,1,0,0,16,0,9871.785970043138,9387.67,9025.18
2024-01-10 16:15:00,9472.166497761047,28.17497745126453,1,0,0,16,15,9578.24,9168.535198948884,8742.051038117997
2024-01-10 16:30:00,9503.58296257991,27.70742682468565,1,0,0,16,30,9472.166497761047,8966.792860891956,8484.456773725937
2024-01-10 16:45:00,9587.522946108817,27.21241278576395,1,0,0,16,45,9503.58296257991,8776.039092389048,8307.824122470909
2024-01-10 17:00:00,9639.02,26.716,1,0,0,17,0,9587.522946108817,8589.87,8267.58
2024-01-10 17:15:00,9594.519864152064,26.24333665322981,1,0,0,17,15,9639.02,8407.424150866222,8394.125898352499
2024-01-10 17:30:00,9476.117031449105,25.81590501263104,1,0,0,17,30,9594.519864152064,8250.009954455432,8617.761615136482
2024-01-10 17:45:00,9327.31818302159,25.45427086571674,1,0,0,17,45,9476.117031449105,8144.478280816926,8843.761524352223
2024-01-10 18:00:00,9191.63,25.178999999999995,1,0,0,18,0,9327.31818302159,8117.68,8977.4
2024-01-10 18:15:00,9100.8868581307,25.00214468581621,1,0,0,18,15,9191.63,8183.659603836234,8949.14583722201
2024-01-10 18:30:00,9040.233911623678,24.901703124790178,1,0,0,18,30,9100.8868581307,8305.236071286323,8790.245515728137
2024-01-10 18:45:00,8983.144009304815,24.847160001369065,1,0,0,18,45,9040.233911623678,8432.422003093252,8557.139936370197
2024-01-10 19:00:00,8903.09,24.808,1,0,0,19,0,8983.144009304815,8515.23,8306.27
2024-01-10 19:15:00,8781.605984575135,24.758022103505343,1,0,0,19,15,8903.09,8520.318215038844,8083.802002759467
2024-01-10 19:30:00,8632.471072056189,24.68828248820823,1,0,0,19,30,8781.605984575135,8480.927010399271,7894.803821950967
2024-01-10 19:45:00,8477.525623509147,24.594151628807005,1,0,0,19,45,8632.471072056189,8446.942300560064,7734.068730166984
2024-01-10 20:00:00,8338.61,24.471,1,0,0,20,0,8477.525623509147,8468.25,7596.39
2024-01-10 20:15:00,8230.692484818761,24.31601690016242,1,0,0,20,15,8338.61,8573.749411008384,7479.330682990126
2024-01-10 20:30:00,8141.253050151569,24.133666922376896,1,0,0,20,30,8230.692484818761,8708.393387116583,7391.532946467994
2024-01-10 20:45:00,8050.899590408592,23.93023348340293,1,0,0,20,45,8141.253050151569,8796.148169666494,7344.408736711865
2024-01-10 21:00:00,7940.24,23.712,1,0,0,21,0,8050.899590408592,8760.98,7349.37
2024-01-10 21:15:00,7796.984076149821,23.48666029584498,1,0,0,21,15,7940.24,8553.34773467762,7410.021202780029
2024-01-10 21:30:00,7637.249227337534,23.26754982228418,1,0,0,21,30,7796.984076149821,8229.68069113439,7498.736892177057
2024-01-10 21:45:00,7484.25476485648,23.069414437581298,1,0,0,21,45,7637.249227337534,7872.900802023962,7580.084135485556
2024-01-10 22:00:00,7361.22,22.907,1,0,0,22,0,7484.25476485648,7565.93,7618.63
2024-01-10 22:15:00,7284.057616831957,22.78837316645766,1,0,0,22,15,7361.22,7370.887150281131,7588.956537139757
2024-01-10 22:30:00,7239.453790498295,22.69488378848637,1,0,0,22,30,7284.057616831957,7266.678848345859,7505.705734823778
2024-01-10 22:45:00,7206.788068915487,22.60120251627189,1,0,0,22,45,7239.453790498295,7211.408622237655,7393.534565095911
2024-01-10 23:00:00,7165.44,22.482000000000003,1,0,0,23,0,7206.788068915487,7163.18,7277.1
2024-01-10 23:15:00,7100.813737772355,22.32130016332438,1,0,0,23,15,7165.44,7091.345382947859,7176.578429910945
2024-01-10 23:30:00,7022.411860669285,22.14054002377035,1,0,0,23,30,7100.813737772355,7010.252665482181,7094.223918527833
2024-01-10 23:45:00,6945.761553231571,21.970509872331142,1,0,0,23,45,7022.411860669285,6945.498615275414,7027.809947880805
2024-01-11 00:00:00,6886.39,21.842,1,0,0,0,0,6945.761553231571,6922.68,6975.11
2024-01-11 00:15:00,6855.486963328624,21.776723055244823,1,0,0,0,15,6886.39,6958.275067927437,6932.605368216467
2024-01-11 00:30:00,6846.892516824569,21.76008111643224,1,0,0,0,30,6855.486963328624,7032.287989725419,6891.608591064891
2024-01-11 00:45:00,6850.109311908229,21.76839861940353,1,0,0,0,45,6846.892516824569,7115.604416660691,6842.14001838087
2024-01-11 01:00:00,6854.64,21.778,1,0,0,1,0,6850.109311908229,7179.11,6774.22
2024-01-11 01:15:00,6852.256533913151,21.76966699069632,1,0,0,1,15,6854.64,7200.963251592395,6684.60619097319
2024-01-11 01:30:00,6843.808072032444,21.74201051050069,1,0,0,1,30,6852.256533913151,7188.414125616144,6597.0054672126025
2024-01-11 01:45:00,6832.413074135514,21.698098775054728,1,0,0,1,45,6843.808072032444,7155.985436831821,6541.862009845714
2024-01-11 02:00:00,6821.19,21.641,1,0,0,2,0,6832.413074135514,7118.2,6549.62
2024-01-11 02:15:00,6812.237838518772,21.573358981969893,1,0,0,2,15,6821.19,7087.138331952984,6638.242211640773
2024-01-11 02:30:00,6803.577695045656,21.49612684156497,1,0,0,2,30,6812.237838518772,7065.111757810006,6775.765790084697
2024-01-11 02:45:00,6792.211204049712,21.40983128037756,1,0,0,2,45,6803.577695045656,7051.989304762024,6917.746473486272
2024-01-11 03:00:00,6775.14,21.315,1,0,0,3,0,6792.211204049712,7047.64,7019.74
2024-01-11 03:15:00,6755.311799511758,21.2140064564241,1,0,0,3,15,6775.14,7052.7460768456685,7051.247149963717
2024-01-11 03:30:00,6759.458647784929,21.11660712323944,1,0,0,3,30,6755.311799511758,7071.242593143838,7037.548872448608
2024-01-11 03:45:00,6820.258672165636,21.03440422843506,1,0,0,3,45,6759.458647784929,7107.877812870089,7017.871158709195
2024-01-11 04:00:00,6970.39,20.979,1,0,0,4,0,6820.258672165636,7167.4,7031.44
2024-01-11 04:15:00,7224.512775934197,20.9621308173337,1,0,0,4,15,6970.39,7252.759079414341,7106.028251004359
2024-01-11 04:30:00,7525.215213814627,20.99606966547727,1,0,0,4,30,7224.512775934197,7359.711619614642,7223.596220120869
2024-01-11 04:45:00,7797.067544787742,21.0932236808822,1,0,0,4,45,7525.215213814627,7482.215850007622,7354.651079176946
2024-01-11 05:00:00,7964.64,21.266,1,0,0,5,0,7797.067544787742,7614.23,7469.7
2024-01-11 05:15:00,7979.869128001455,21.51779839924108,1,0,0,5,15,7964.64,7752.932605496965,7550.241877268847
2024-01-11 05:30:00,7904.156746956566,21.81598921485148,1,0,0,5,30,7979.869128001455,7908.38342839759,7621.742497067911
2024-01-11 05:45:00,7826.270992433393,22.11893542303613,1,0,0,5,45,7904.156746956566,8093.8625370994205,7720.65936833302
2024-01-11 06:00:00,7834.98,22.385,1,0,0,6,0,7826.270992433393,8322.65,7883.45
2024-01-11 06:15:00,7991.907118309985,22.588034960701968,1,0,0,6,15,7834.98,8599.7084673478,8131.699552420253
2024-01-11 06:30:00,8250.096548359112,22.76384847511681,1,0,0,6,30,7991.907118309985,8896.730916794993,8427.503791607485
2024-01-11 06:45:00,8535.447704228684,22.963737751973245,1,0,0,6,45,8250.096548359112,9177.092907844695,8718.086134990972
2024-01-11 07:00:00,8773.86,23.239,1,0,0,7,0,8535.447704228684,9404.17,8950.67
2024-01-11 07:15:00,8916.010523758609,23.623827382951045,1,0,0,7,15,8773.86,9558.67727511184,9091.49866305014
2024-01-11 07:30:00,9011.68705960699,24.083991884681293,1,0,0,7,30,8916.010523758609,9690.687904422428,9182.894836502152
2024-01-11 07:45:00,9135.45506565188,24.56816044407089,1,0,0,7,45,9011.68705960699,9867.614581521806,9286.201091703084
2024-01-11 08:00:00,9361.88,25.025,1,0,0,8,0,9135.45506565188,10156.87,9462.76
2024-01-11 08:15:00,9739.787974155588,25.417218007493847,1,0,0,8,15,9361.88,10594.48211970484,9750.64704537919
2024-01-11 08:30:00,10215.047713212924,25.76368398615802,1,0,0,8,30,9739.787974155588,11090.939965515288,10094.869362383915
2024-01-11 08:45:00,10707.7885956638,26.097307971743184,1,0,0,8,45,10215.047713212924,11525.34782856809,10417.166998196686
2024-01-11 09:00:00,11138.14,26.451,1,0,0,9,0,10707.7885956638,11776.81,10639.28
2024-01-11 09:15:00,11436.226017119036,26.84848808707356,1,0,0,9,15,11138.14,11761.7173710688,10708.061749183107
2024-01-11 09:30:00,11572.149587541302,27.276772170686627,1,0,0,9,30,11436.226017119036,11545.60723351642,10670.81896396219
2024-01-11 09:45:00,11526.008364192918,27.71367016895638,1,0,0,9,45,11572.149587541302,11231.303479205832,10599.97169676018
2024-01-11 10:00:00,11277.9,28.137,1,0,0,10,0,11526.008364192918,10921.63,10567.94
2024-01-11 10:15:00,10836.35248861827,28.52809526921191,1,0,0,10,15,11277.9,10700.109958519955,10628.26205163839
2024-01-11 10:30:00,10323.615186621864,28.88235233109548,1,0,0,10,30,10836.35248861827,10573.06360041902,10758.94853176733
2024-01-11 10:45:00,9890.367791314527,29.198683227431303,1,0,0,10,45,10323.615186621864,10527.510442108573,10919.128246012602
2024-01-11 11:00:00,9687.29,29.476,1,0,0,11,0,9890.367791314527,10550.47,11067.93
2024-01-11 11:15:00,9813.137153407886,29.714396461078803,1,0,0,11,15,9687.29,10624.177326101368,11169.00645051333
2024-01-11 11:30:00,10158.96716597124,29.918693504931472,1,0,0,11,30,9813.137153407886,10711.729614807493,11204.105658968492
2024-01-11 11:45:00,10563.913595548973,30.09489379631841,1,0,0,11,45,10158.96716597124,10771.439596109867,11159.49953793941
2024-01-11 12:00:00,10867.11,30.249,1,0,0,12,0,10563.913595548973,10761.62,11021.46
2024-01-11 12:15:00,10948.672804000184,30.38541263647288,1,0,0,12,15,10867.11,10654.566205824569,10787.825583808286
2024-01-11 12:30:00,10852.649899493175,30.502123649178625,1,0,0,12,30,10948.672804000184,10478.504190351008,10502.701332358694
2024-01-11 12:45:00,10664.07204523958,30.595522837295057,1,0,0,12,45,10852.649899493175,10275.642579701944,10221.758914729757
2024-01-11 13:00:00,10467.97,30.662,1,0,0,13,0,10664.07204523958,10088.19,10000.67
2024-01-11 13:15:00,10332.519286841376,30.698812368029685,1,0,0,13,15,10467.97,9954.248319350365,9882.460433003524
2024-01-11 13:30:00,10258.474486056051,30.70668689835401,1,0,0,13,30,10332.519286841376,9895.492373788484,9859.572761596724
2024-01-11 13:45:00,10229.7349422427,30.687217979501348,1,0,0,13,45,10258.474486056051,9929.490241332358,9911.80370939156
2024-01-11 14:00:00,10230.2,30.642,1,0,0,14,0,10229.7349422427,10073.81,10018.95
2024-01-11 14:15:00,10241.676923634304,30.57255664140839,1,0,0,14,15,10230.2,10326.209110523972,10154.460184177617
2024-01-11 14:30:00,10237.604656282614,30.48012875740528,1,0,0,14,30,10241.676923634304,10605.202564495066,10266.390121254411
2024-01-11 14:45:00,10189.330060789622,30.36588649469953,1,0,0,14,45,10237.604656282614,10809.494736218629,10296.447497704004
2024-01-11 15:00:00,10068.2,30.231,1,0,0,15,0,10189.330060789622,10837.79,10186.34
2024-01-11 15:15:00,9857.57286237142,30.073914191336765,1,0,0,15,15,10068.2,10626.498207303746,9904.78601778601
2024-01-11 15:30:00,9588.853138813492,29.882173072024848,1,0,0,15,30,9857.57286237142,10262.851118231256,9528.546753385624
2024-01-11 15:45:00,9305.456845848816,29.64059541670051,1,0,0,15,45,9588.853138813492,9871.785970043138,9161.394112292424
2024-01-11 16:00:00,9050.8,29.334,1,0,0,16,0,9305.456845848816,9578.24,8907.1
2024-01-11 16:15:00,8858.408814380022,28.95036471824456,1,0,0,16,15,9050.8,9472.166497761047,8836.200900928348
2024-01-11 16:30:00,8722.250288463418,28.49030395449533,1,0,0,16,30,8858.408814380022,9503.58296257991,8886.2916152031
2024-01-11 16:45:00,8626.401618315105,27.95759121349844,1,0,0,16,45,8722.250288463418,9587.522946108817,8961.731521876303
2024-01-11 17:00:00,8554.94,27.356,1,0,0,17,0,8626.401618315105,9639.02,8966.88
2024-01-11 17:15:00,8495.04141135849,26.701017560685003,1,0,0,17,15,8554.94,9594.519864152064,8834.455847250601
2024-01-11 17:30:00,8446.276957332837,26.05498610999383,1,0,0,17,30,8495.04141135849,9476.117031449105,8610.615535801977
2024-01-11 17:45:00,8411.316524640763,25.49196160430575,1,0,0,17,45,8446.276957332837,9327.31818302159,8369.874956452364
2024-01-11 18:00:00,8392.83,25.086,1,0,0,18,0,8411.316524640763,9191.63,8186.75
2024-01-11 18:15:00,8390.887415186016,24.88223691401544,1,0,0,18,15,8392.83,9100.8868581307,8115.711491319249
2024-01-11 18:30:00,8395.159382205242,24.810126605529348,1,0,0,18,30,8390.887415186016,9040.233911623678,8131.049991588991
2024-01-11 18:45:00,8392.716658121844,24.770202994278577,1,0,0,18,45,8395.159382205242,8983.144009304815,8187.0109960642385
2024-01-11 19:00:00,8370.63,24.663,1,0,0,19,0,8392.716658121844,8903.09,8237.84
2024-01-11 19:15:00,8319.521427897445,24.41780040825322,1,0,0,19,15,8370.63,8781.605984575135,8246.458343722405
2024-01-11 19:30:00,8244.218013846199,24.078882467888786,1,0,0,19,30,8319.521427897445,8632.471072056189,8210.49074784206
2024-01-11 19:45:00,8153.0980928718545,23.71927329357995,1,0,0,19,45,8244.218013846199,8477.525623509147,8136.237778040682
2024-01-11 20:00:00,8054.54,23.412000000000003,1,0,0,20,0,8153.0980928718545,8338.61,8030.0
2024-01-11 20:15:00,7955.479373224207,23.21068645297167,1,0,0,20,15,8054.54,8230.692484818761,7899.55466504113
2024-01-11 20:30:00,7857.081062409963,23.09134352291553,1,0,0,20,30,7955.479373224207,8141.253050151569,7758.585767042774
2024-01-11 20:45:00,7759.067220390738,23.01057883140163,1,0,0,20,45,7857.081062409963,8050.899590408592,7622.253985523032
2024-01-11 21:00:00,7661.16,22.925000000000004,1,0,0,21,0,7759.067220390738,7940.24,7505.72
2024-01-11 21:15:00,7562.923735455729,22.80171940486012,1,0,0,21,15,7661.16,7796.984076149821,7418.932996113077
2024-01-11 21:30:00,7463.291486513948,22.64986844044911,1,0,0,21,30,7562.923735455729,7637.249227337534,7350.9961839868465
2024-01-11 21:45:00,7361.038494315194,22.489083255813547,1,0,0,21,45,7463.291486513948,7484.25476485648,7285.801279867194
2024-01-11 22:00:00,7254.94,22.339,1,0,0,22,0,7361.038494315194,7361.22,7207.24
2024-01-11 22:15:00,7144.512716202877,22.21401405258788,1,0,0,22,15,7254.94,7284.057616831957,7105.326475506563
2024-01-11 22:30:00,7032.23924153424,22.10755771528803,1,0,0,22,30,7144.512716202877,7239.453790498295,6994.564497009838
2024-01-11 22:45:00,6921.343646098484,22.00782252034417,1,0,0,22,45,7032.23924153424,7206.788068915487,6895.580270008194
2024-01-11 23:00:00,6815.05,21.903,1,0,0,23,0,6921.343646098484,7165.44,6829.0
2024-01-11 23:15:00,6718.1083684827645,21.78608375978837,1,0,0,23,15,6815.05,7100.813737772355,6809.21391436067
2024-01-11 23:30:00,6641.3727973490895,21.66927569839875,1,0,0,23,30,6718.1083684827645,7022.411860669285,6825.668327973799
2024-01-11 23:45:00,6597.223327540869,21.56957978780976,1,0,0,23,45,6641.3727973490895,6945.761553231571,6861.573577600029
2024-01-12 00:00:00,6598.04,21.504,1,0,0,0,0,6597.223327540869,6886.39,6900.14
2024-01-12 00:15:00,6649.253497366065,21.48219778325864,1,0,0,0,15,6598.04,6855.486963328624,6928.289273300758
2024-01-12 00:30:00,6728.497069069403,21.484464491116963,1,0,0,0,30,6649.253497366065,6846.892516824569,6947.7884410949655
2024-01-12 00:45:00,6806.454606238039,21.483748953416807,1,0,0,0,45,6728.497069069403,6850.109311908229,6964.11588834169
2024-01-12 01:00:00,6853.81,21.453000000000003,1,0,0,1,0,6806.454606238039,6854.64,6982.75
2024-01-12 01:15:00,6849.655610802975,21.37292198217709,1,0,0,1,15,6853.81,6852.256533913151,7005.5758674363
2024-01-12 01:30:00,6806.717676373299,21.25524133713341,1,0,0,1,30,6849.655610802975,6843.808072032444,7020.105407646339
2024-01-12 01:45:00,6746.130903756975,21.11944002352303,1,0,0,1,45,6806.717676373299,6832.413074135514,7010.257244033211
2024-01-12 02:00:00,6689.03,20.985,1,0,0,2,0,6746.130903756975,6821.19,6959.95
2024-01-12 02:15:00,6652.440309422037,20.868083038033028,1,0,0,2,15,6689.03,6812.237838518772,6861.829288204045
2024-01-12 02:30:00,6636.949725437401,20.771570160349413,1,0,0,2,30,6652.440309422037,6803.577695045656,6743.448678319676
2024-01-12 02:45:00,6639.036778734063,20.69502220249109,1,0,0,2,45,6636.949725437401,6792.211204049712,6641.088729275468
2024-01-12 03:00:00,6655.18,20.638,1,0,0,3,0,6639.036778734063,6775.14,6591.03
2024-01-12 03:15:00,6682.470807758875,20.5976052406908,1,0,0,3,15,6655.18,6755.311799511758,6619.103698497519
2024-01-12 03:30:00,6720.452171877098,20.56110302146895,1,0,0,3,30,6682.470807758875,6759.458647784929,6709.343629074957
2024-01-12 03:45:00,6769.279950056774,20.513299291512624,1,0,0,3,45,6720.452171877098,6820.258672165636,6835.334245114916
2024-01-12 04:00:00,6829.11,20.439,1,0,0,4,0,6769.279950056774,6970.39,6970.66
2024-01-12 04:15:00,6900.550365792464,20.333683499203783,1,0,0,4,15,6829.11,7224.512775934197,7098.117480305879
2024-01-12 04:30:00,6986.017837054203,20.235517753774804,1,0,0,4,30,6900.550365792464,7525.215213814627,7237.351805380496
2024-01-12 04:45:00,7088.381389788839,20.193343131458423,1,0,0,4,45,6986.017837054203,7797.067544787742,7417.220227764867
2024-01-12 05:00:00,7210.51,20.256,1,0,0,5,0,7088.381389788839,7964.64,7666.58
2024-01-12 05:15:00,7351.52132282127,20.45567638749408,1,0,0,5,15,7210.51,7979.869128001455,7996.267942778965
2024-01-12 05:30:00,7495.527729906091,20.75795096343185,1,0,0,5,30,7351.52132282127,7904.156746956566,8345.039149403055
2024-01-12 05:45:00,7622.890272037866,21.11175005765369,1,0,0,5,45,7495.527729906091,7826.270992433393,8633.62828132562
2024-01-12 06:00:00,7713.97,21.466,1,0,0,6,0,7622.890272037866,7834.98,8782.77
2024-01-12 06:15:00,7765.286842922455,21.78336095081993,1,0,0,6,15,7713.97,7991.907118309985,8740.994029828258
2024-01-12 06:30:00,7837.996243321434,22.081428392497823,1,0,0,6,30,7765.286842922455,8250.096548359112,8568.010347007279
2024-01-12 06:45:00,8009.412522059695,22.391531637926803,1,0,0,6,45,7837.996243321434,8535.447704228684,8351.32399068266
2024-01-12 07:00:00,8356.85,22.745,1,0,0,7,0,8009.412522059695,8773.86,8178.44
2024-01-12 07:15:00,8919.861617988909,23.16433293422621,1,0,0,7,15,8356.85,8916.010523758609,8119.452656658006
2024-01-12 07:30:00,9586.954796808172,23.636710466576872,1,0,0,7,30,8919.861617988909,9011.68705960699,8174.813212567832
2024-01-12 07:45:00,10208.875577223353,24.140482765639103,1,0,0,7,45,9586.954796808172,9135.45506565188,8327.562162193743
2024-01-12 08:00:00,10636.37,24.654000000000003,1,0,0,8,0,10208.875577223353,9361.88,8560.74
2024-01-12 08:15:00,10768.617622621914,25.15885418727524,1,0,0,8,15,10636.37,9739.787974155588,8857.641906039717
2024-01-12 08:30:00,10698.532069445875,25.649604741194704,1,0,0,8,30,10768.617622621914,10215.047713212924,9202.581802721392
2024-01-12 08:45:00,10567.460481546894,26.12405292451681,1,0,0,8,45,10698.532069445875,10707.7885956638,9580.128298042371
2024-01-12 09:00:00,10516.75,26.58,1,0,0,9,0,10567.460481546894,11138.14,9974.85
2024-01-12 09:15:00,10646.581797773431,27.01553156667282,1,0,0,9,15,10516.75,11436.226017119036,10367.769406683126
2024-01-12 09:30:00,10892.473175408331,27.42987056864432,1,0,0,9,30,10646.581797773431,11572.149587541302,10725.7245765466
2024-01-12 09:45:00,11148.77546533907,27.822524286293657,1,0,0,9,45,10892.473175408331,11526.008364192918,11012.007458136772
2024-01-12 10:00:00,11309.84,28.193,1,0,0,10,0,11148.77546533907,11277.9,11189.91
2024-01-12 10:15:00,11301.861592534353,28.53981642103347,1,0,0,10,15,11309.84,10836.35248861827,11236.89765472778
2024-01-12 10:30:00,11178.408978920788,28.85753798422802,1,0,0,10,30,11301.861592534353,10323.615186621864,11187.129891092214
2024-01-12 10:45:00,11024.89437584683,29.13974055530856,1,0,0,10,45,11178.408978920788,9890.367791314527,11088.939681910537
2024-01-12 11:00:00,10926.73,29.380000000000003,1,0,0,11,0,11024.89437584683,9687.29,10990.66
2024-01-12 11:15:00,10944.357300839156,29.574265249193303,1,0,0,11,15,10926.73,9813.137153407886,10927.60981815575
2024-01-12 11:30:00,11038.334658908509,29.727977494443607,1,0,0,11,30,10944.357300839156,10158.96716597124,10883.052109084554
2024-01-12 11:45:00,11144.249687523608,29.848950992472112,1,0,0,11,45,11038.334658908509,10563.913595548973,10827.235845471076
2024-01-12 12:00:00,11197.69,29.945,1,0,0,12,0,11144.249687523608,10867.11,10730.41
2024-01-12 12:15:00,11151.887797859024,30.022216332193327,1,0,0,12,15,11197.69,10948.672804000184,10575.48229139922
2024-01-12 12:30:00,11030.653635445176,30.07980203799756,1,0,0,12,30,11151.887797859024,10852.649899493175,10395.995422569576
2024-01-12 12:45:00,10875.44265530874,30.115236724803005,1,0,0,12,45,11030.653635445176,10664.07204523958,10238.150842455145
2024-01-12 13:00:00,10727.71,30.126,1,0,0,13,0,10875.44265530874,10467.97,10148.15
2024-01-12 13:15:00,10620.182132724743,30.1113537970334,1,0,0,13,15,10727.71,10332.519286841376,10155.109141247372
2024-01-12 13:30:00,10550.670799310785,30.077689353566186,1,0,0,13,30,10620.182132724743,10258.474486056051,10219.80370063714
2024-01-12 13:45:00,10508.259066241431,30.03318023331588,1,0,0,13,45,10550.670799310785,10229.7349422427,10285.923909708335
2024-01-12 14:00:00,10482.03,29.986,1,0,0,14,0,10508.259066241431,10230.2,10297.16
2024-01-12 14:15:00,10460.526483741996,29.940212229673083,1,0,0,14,15,10482.03,10241.676923634304,10210.445206111292
2024-01-12 14:30:00,10430.130667311689,29.88344054773771,1,0,0,14,30,10460.526483741996,10237.604656282614,10035.684774881867
2024-01-12 14:45:00,10376.684517225538,29.79919859193349,1,0,0,14,45,10430.130667311689,10189.330060789622,9796.026956211514
2024-01-12 15:00:00,10286.03,29.671,1,0,0,15,0,10376.684517225538,10068.2,9514.62
2024-01-12 15:15:00,10147.544901057268,29.48640665927427,1,0,0,15,15,10286.03,9857.57286237142,9219.93300305746
2024-01-12 15:30:00,9964.750281442462,29.249173455482964,1,0,0,15,30,10147.544901057268,9588.853138813492,8961.718449835382
2024-01-12 15:45:00,9744.703021106425,28.967103523950183,1,0,0,15,45,9964.750281442462,9305.456845848816,8795.049671695617
2024-01-12 16:00:00,9494.46,28.648,1,0,0,16,0,9744.703021106425,9050.8,8775.0
2024-01-12 16:15:00,9222.855005778923,28.29861425822984,1,0,0,16,15,9494.46,8858.408814380022,8926.437937908877
2024-01-12 16:30:00,8945.82945691846,27.92149063033042,1,0,0,16,30,9222.855005778923,8722.250288463418,9153.412675776604
2024-01-12 16:45:00,8681.10167959877,27.5181216872658,1,0,0,16,45,8945.82945691846,8626.401618315105,9329.768575756025
2024-01-12 17:00:00,8446.39,27.09,1,0,0,17,0,8681.10167959877,8554.94,9329.35
2024-01-12 17:15:00,8257.015075827036,26.64316755780637,1,0,0,17,15,8446.39,8495.04141135849,9069.880245307031
2024-01-12 17:30:00,8118.70689088369,26.20186402319535,1,0,0,17,30,8257.015075827036,8446.276957332837,8644.598347058216
2024-01-12 17:45:00,8034.797760498497,25.79487847698665,1,0,0,17,45,8118.70689088369,8411.316524640763,8190.62227528029
2024-01-12 18:00:00,8008.62,25.451,1,0,0,18,0,8034.797760498497,8392.83,7845.07
2024-01-12 18:15:00,8037.679065912928,25.18862176054468,1,0,0,18,15,8008.62,8390.887415186016,7707.863580862992
2024-01-12 18:30:00,8096.172979546779,24.9845532768882,1,0,0,18,30,8037.679065912928,8395.159382205242,7730.141435990538
2024-01-12 18:45:00,8152.47290340724,24.80520815478761,1,0,0,18,45,8096.172979546779,8392.716658121844,7825.846073122815
2024-01-12 19:00:00,8174.95,24.617,1,0,0,19,0,8152.47290340724,8370.63,7908.92
2024-01-12 19:15:00,8141.0608480212495,24.39586102501491,1,0,0,19,15,8174.95,8319.521427897445,7911.969649990996
2024-01-12 19:30:00,8064.603690929193,24.15579786925188,1,0,0,19,30,8141.0608480212495,8244.218013846199,7842.257158979628
2024-01-12 19:45:00,7968.46218837254,23.920335778862896,1,0,0,19,45,8064.603690929193,8153.0980928718545,7725.708588478446
2024-01-12 20:00:00,7875.52,23.713,1,0,0,20,0,7968.46218837254,8054.54,7588.25
2024-01-12 20:15:00,7804.796917002075,23.55024663939568,1,0,0,20,15,7875.52,7955.479373224207,7455.4507879230205
2024-01-12 20:30:00,7759.857256736447,23.42025524610432,1,0,0,20,30,7804.796917002075,7857.081062409963,7351.45367809095
2024-01-12 20:45:00,7740.401468102596,23.304136229760804,1,0,0,20,45,7759.857256736447,7759.067220390738,7300.044729213403
2024-01-12 21:00:00,7746.13,23.183,1,0,0,21,0,7740.401468102596,7661.16,7325.01
2024-01-12 21:15:00,7772.052577720454,23.04332429240238,1,0,0,21,15,7746.13,7562.923735455729,7433.993604566919
2024-01-12 21:30:00,7794.416032125017,22.89305614633085,1,0,0,21,30,7772.052577720454,7463.291486513948,7570.071878656574
2024-01-12 21:45:00,7784.776470467074,22.745509927093888,1,0,0,21,45,7794.416032125017,7361.038494315194,7660.179213417943
2024-01-12 22:00:00,7714.69,22.614,1,0,0,22,0,7784.776470467074,7254.94,7631.25
2024-01-12 22:15:00,7566.996209616112,22.50737806599479,1,0,0,22,15,7714.69,7144.512716202877,7436.611200059305
2024-01-12 22:30:00,7369.668614763481,22.41664516857229,1,0,0,22,30,7566.996209616112,7032.23924153424,7135.160057282754
2024-01-12 22:45:00,7161.964212529108,22.32833968686365,1,0,0,22,45,7369.668614763481,6921.343646098484,6812.186385864825
2024-01-12 23:00:00,6983.14,22.229,1,0,0,23,0,7161.964212529108,6815.05,6552.98
2024-01-12 23:15:00,6862.752740065095,22.110944693618453,1,0,0,23,15,6983.14,6718.1083684827645,6420.437376445861
2024-01-12 23:30:00,6791.558258821061,21.98961317937998,1,0,0,23,30,6862.752740065095,6641.3727973490895,6387.881642212411
2024-01-12 23:45:00,6750.612148166495,21.88622507545152,1,0,0,23,45,6791.558258821061,6597.223327540869,6406.242586872755
2024-01-13 00:00:00,6720.97,21.822,1,0,1,0,0,6750.612148166495,6598.04,6426.45
2024-01-13 00:15:00,6688.893767623507,21.80990565953139,1,0,1,0,15,6720.97,6649.253497366065,6414.070700407249
2024-01-13 00:30:00,6661.47084995228,21.82990211390777,1,0,1,0,30,6688.893767623507,6728.497069069403,6393.219623867602
2024-01-13 00:45:00,6650.995007304912,21.853697511330274,1,0,1,0,45,6661.47084995228,6806.454606238039,6402.648735394153
2024-01-13 01:00:00,6669.76,21.853,1,0,1,1,0,6650.995007304912,6853.81,6481.11
2024-01-13 01:15:00,6724.472814440876,21.807401418255992,1,0,1,1,15,6669.76,6849.655610802975,6649.97591567514
2024-01-13 01:30:00,6799.493341369823,21.728028364988926,1,0,1,1,30,6724.472814440876,6806.717676373299,6861.101112317179
2024-01-13 01:45:00,6873.5946976138575,21.6338911292274,1,0,1,1,45,6799.493341369823,6746.130903756975,7048.960752800629
2024-01-13 02:00:00,6925.55,21.544,1,0,1,2,0,6873.5946976138575,6689.03,7148.03
2024-01-13 02:15:00,6942.165287112987,21.47420741744465,1,0,1,2,15,6925.55,6652.440309422037,7114.923449392191
2024-01-13 02:30:00,6942.378284568431,21.427734426136524,1,0,1,2,30,6942.165287112987,6636.949725437401,6994.813426863677
2024-01-13 02:45:00,6953.15963973966,21.404644221760144,1,0,1,2,45,6942.378284568431,6639.036778734063,6855.011690903325
2024-01-13 03:00:00,7001.48,21.405,1,0,1,3,0,6953.15963973966,6655.18,6762.83
2024-01-13 03:15:00,7103.962755857172,21.42623766196542,1,0,1,3,15,7001.48,6682.470807758875,6769.382318006095
2024-01-13 03:30:00,7235.842270356452,21.45528393046497,1,0,1,3,30,7103.962755857172,6720.452171877098,6860.991430228111
2024-01-13 03:45:00,7362.005649677506,21.47643823373204,1,0,1,3,45,7235.842270356452,6769.279950056774,7007.782327336071
2024-01-13 04:00:00,7447.34,21.474,1,0,1,4,0,7362.005649677506,6829.11,7179.88
2024-01-13 04:15:00,7469.204314458324,21.43965443469368,1,0,1,4,15,7447.34,6900.550365792464,7348.024778583425
2024-01-13 04:30:00,7454.84513400576,21.3946298520036,1,0,1,4,30,7469.204314458324,6986.017837054203,7485.418352223878
2024-01-13 04:45:00,7443.980886550317,21.36754034331172,1,0,1,4,45,7454.84513400576,7088.381389788839,7565.877749752393
2024-01-13 05:00:00,7476.33,21.387,1,0,1,5,0,7443.980886550317,7210.51,7563.22
2024-01-13 05:15:00,7580.107798809534,21.47236334925987,1,0,1,5,15,7476.33,7351.52132282127,7473.016692660203
2024-01-13 05:30:00,7737.517193620508,21.60594666152064,1,0,1,5,30,7580.107798809534,7495.527729906091,7377.857660876375
2024-01-13 05:45:00,7919.257991621229,21.760806643021084,1,0,1,5,45,7737.517193620508,7622.890272037866,7382.08729865436
2024-01-13 06:00:00,8096.03,21.91,1,0,1,6,0,7919.257991621229,7713.97,7590.05
2024-01-13 06:15:00,8253.072302803539,22.03728279326685,1,0,1,6,15,8096.03,7765.286842922455,8065.731732025764
2024-01-13 06:30:00,8433.781091512206,22.169208501913864,1,0,1,6,30,8253.072302803539,7837.996243321434,8711.684754270622
2024-01-13 06:45:00,8696.09183446477,22.343029959603943,1,0,1,6,45,8433.781091512206,8009.412522059695,9390.102899380166
2024-01-13 07:00:00,9097.94,22.596,1,0,1,7,0,8696.09183446477,8356.85,9963.18
2024-01-13 07:15:00,9659.71298997631,22.95383360267272,1,0,1,7,15,9097.94,8919.861617988909,10323.919816736745
2024-01-13 07:30:00,10251.605940330668,23.396094330823896,1,0,1,7,30,9659.71298997631,9586.954796808172,10488.56582204114
2024-01-13 07:45:00,10706.265920519692,23.89080789356313,1,0,1,7,45,10251.605940330668,10208.875577223353,10504.171416324967
2024-01-13 08:00:00,10856.34,24.406,1,0,1,8,0,10706.265920519692,10636.37,10417.79
2024-01-13 08:15:00,10598.864643541228,24.91503904604228,1,0,1,8,15,10856.34,10768.617622621914,10276.25712602727
2024-01-13 08:30:00,10088.433897165123,25.412664174790542,1,0,1,8,30,10598.864643541228,10698.532069445875,10125.536957564824
2024-01-13 08:45:00,9544.031202206455,25.898957216143533,1,0,1,8,45,10088.433897165123,10567.460481546894,10011.375810319963
2024-01-13 09:00:00,9184.64,26.374,1,0,1,9,0,9544.031202206455,10516.75,9979.52
2024-01-13 09:15:00,9168.695935858776,26.836322713158147,1,0,1,9,15,9184.64,10646.581797773431,10060.077304154182
2024-01-13 09:30:00,9412.44347100883,27.278248970013927,1,0,1,9,30,9168.695935858776,10892.473175408331,10220.601347699569
2024-01-13 09:45:00,9771.57927065447,27.690550741862747,1,0,1,9,45,9412.44347100883,11148.77546533907,10413.007217395172
2024-01-13 10:00:00,10101.8,28.064,1,0,1,10,0,9771.57927065447,11309.84,10589.21
2024-01-13 10:15:00,10293.41192552367,28.39249822632513,1,0,1,10,15,10101.8,11301.861592534353,10713.053813606004
2024-01-13 10:30:00,10375.15971879955,28.682464945153747,1,0,1,10,30,10293.41192552367,11178.408978920788,10796.0989016369
2024-01-13 10:45:00,10410.397652675654,28.943449191405488,1,0,1,10,45,10375.15971879955,11024.89437584683,10861.834538849344
2024-01-13 11:00:00,10462.48,29.185,1,0,1,11,0,10410.397652675654,10926.73,10933.75
2024-01-13 11:15:00,10575.10339329654,29.41241875654132,1,0,1,11,15,10462.48,10944.357300839156,11024.790722671802
2024-01-13 11:30:00,10713.333903792967,29.61401624937108,1,0,1,11,30,10575.10339329654,11038.334658908509,11105.72679575283
2024-01-13 11:45:00,10822.579962392909,29.7738556175153,1,0,1,11,45,10713.333903792967,11144.249687523608,11136.784470957442
2024-01-13 12:00:00,10848.25,29.876,1,0,1,12,0,10822.579962392909,11197.69,11078.19
2024-01-13 12:15:00,10756.35856379017,29.911451747509588,1,0,1,12,15,10848.25,11151.887797859024,10906.128295706789
2024-01-13 12:30:00,10595.344666028584,29.89897005736194,1,0,1,12,30,10756.35856379017,11030.653635445176,10660.618915351784
2024-01-13 12:45:00,10434.253435252704,29.86425333853332,1,0,1,12,45,10595.344666028584,10875.44265530874,10397.640077320888
2024-01-13 13:00:00,10342.13,29.833,1,0,1,13,0,10434.253435252704,10727.71,10173.17
2024-01-13 13:15:00,10367.896257792774,29.82538362842034,1,0,1,13,15,10342.13,10620.182132724743,10029.490469501046
2024-01-13 13:30:00,10479.981182092695,29.839478521181164,1,0,1,13,30,10367.896257792774,10550.670799310785,9954.097542840036
2024-01-13 13:45:00,10626.69051534627,29.867834153351406,1,0,1,13,45,10479.981182092695,10508.259066241431,9920.79084475901
2024-01-13 14:00:00,10756.33,29.903,1,0,1,14,0,10626.69051534627,10482.03,9903.37
2024-01-13 14:15:00,10829.227342538725,29.93676373880905,1,0,1,14,15,10756.33,10460.526483741996,9883.524357539032
2024-01-13 14:30:00,10853.798105600628,29.9578658579134,1,0,1,14,30,10829.227342538725,10430.130667311689,9874.502163288074
2024-01-13 14:45:00,10850.479815862212,29.95428504806105,1,0,1,14,45,10853.798105600628,10376.684517225538,9897.441387393075
2024-01-13 15:00:00,10839.71,29.914000000000005,1,0,1,15,0,10850.479815862212,10286.03,9973.48
2024-01-13 15:15:00,10830.48140330232,29.825920791343457,1,0,1,15,15,10839.71,10147.544901057268,10106.338975342826
2024-01-13 15:30:00,10786.007645504798,29.68268304716525,1,0,1,15,30,10830.48140330232,9964.750281442462,10230.071304007672
2024-01-13 15:45:00,10658.057564954875,29.477853779404423,1,0,1,15,45,10786.007645504798,9744.703021106425,10261.31298066868
2024-01-13 16:00:00,10398.4,29.205,1,0,1,16,0,10658.057564954875,9494.46,10116.7
2024-01-13 16:15:00,9982.590013001987,28.861646845817145,1,0,1,16,15,10398.4,9222.855005778923,9747.882553589665
2024-01-13 16:30:00,9481.327562380178,28.46115195342561,1,0,1,16,30,9982.590013001987,8945.82945691846,9246.567620681244
2024-01-13 16:45:00,8989.098830568277,28.020831084321262,1,0,1,16,45,9481.327562380178,8681.10167959877,8739.476377432202
2024-01-13 17:00:00,8600.39,27.558,1,0,1,17,0,8989.098830568277,8446.39,8353.33
2024-01-13 17:15:00,8384.18182593972,27.09006995038796,1,0,1,17,15,8600.39,8257.015075827036,8178.817060298519
2024-01-13 17:30:00,8307.433354974486,26.634834139132312,1,0,1,17,30,8384.18182593972,8118.70689088369,8162.495713267352
2024-01-13 17:45:00,8311.598206522009,26.21018125831052,1,0,1,17,45,8307.433354974486,8034.797760498497,8214.891509602507
2024-01-13 18:00:00,8338.13,25.834,1,0,1,18,0,8311.598206522009,8008.62,8246.53
2024-01-13 18:15:00,8340.004089489123,25.51804210263104,1,0,1,18,15,8338.13,8037.679065912928,8192.714517716257
2024-01-13 18:30:00,8316.28276772187,25.249511490045155,1,0,1,18,30,8340.004089489123,8096.172979546779,8087.859526249352
2024-01-13 18:45:00,8277.55006209368,25.00947513243669,1,0,1,18,45,8316.28276772187,8152.47290340724,7991.157271657769
2024-01-13 19:00:00,8234.39,24.779,1,0,1,19,0,8277.55006209368,8174.95,7961.8
2024-01-13 19:15:00,8192.215409853781,24.54358976408789,1,0,1,19,15,8234.39,8141.0608480212495,8038.922056336454
2024-01-13 19:30:00,8135.754324138029,24.30649490068707,1,0,1,19,30,8192.215409853781,8064.603690929193,8181.426181735245
2024-01-13 19:45:00,8044.563576353263,24.07540258694272,1,0,1,19,45,8135.754324138029,7968.46218837254,8328.157216266414
2024-01-13 20:00:00,7898.2,23.858,1,0,1,20,0,8044.563576353263,7875.52,8417.96
2024-01-13 20:15:00,7689.600364845752,23.6601613410174,1,0,1,20,15,7898.2,7804.796917002075,8406.064600687925
2024-01-13 20:30:00,7465.221185726012,23.480508907206552,1,0,1,20,30,7689.600364845752,7759.857256736447,8313.24199680966
2024-01-13 20:45:00,7284.898913743265,23.31585201979244,1,0,1,20,45,7465.221185726012,7740.401468102596,8176.648394526565
2024-01-13 21:00:00,7208.47,23.163,1,0,1,21,0,7284.898913743265,7746.13,8033.44
2024-01-13 21:15:00,7273.991724513212,23.01895237184254,1,0,1,21,15,7208.47,7772.052577720454,7912.770947161846
2024-01-13 21:30:00,7432.404682957924,22.881469470486724,1,0,1,21,30,7273.991724513212,7794.416032125017,7811.787081026108
2024-01-13 21:45:00,7612.870299923676,22.74850183388754,1,0,1,21,45,7432.404682957924,7784.776470467074,7719.632174377316
2024-01-13 22:00:00,7744.55,22.618,1,0,1,22,0,7612.870299923676,7714.69,7625.45
2024-01-13 22:15:00,7771.902580851405,22.48935729661244,1,0,1,22,15,7744.55,7566.996209616112,7520.236298164688
2024-01-13 22:30:00,7700.5763324422915,22.36773821084656,1,0,1,22,30,7771.902580851405,7369.668614763481,7402.394679085904
2024-01-13 22:45:00,7551.516917812032,22.2597500196574,1,0,1,22,45,7700.5763324422915,7161.964212529108,7272.180720464168
2024-01-13 23:00:00,7345.67,22.172,1,0,1,23,0,7551.516917812032,6983.14,7129.85
2024-01-13 23:15:00,7106.276858331169,22.10760281670771,1,0,1,23,15,7345.67,6862.752740065095,6978.628078929399
2024-01-13 23:30:00,6865.761237272911,22.055702686127063,1,0,1,23,30,7106.276858331169,6791.558258821061,6833.620452630274
2024-01-13 23:45:00,6658.842497578196,22.00195121248288,1,0,1,23,45,6865.761237272911,6750.612148166495,6712.902600016011
2024-01-14 00:00:00,6520.24,21.932,1,0,1,0,0,6658.842497578196,6720.97,6634.55
2024-01-14 00:15:00,6472.64061082392,21.83723143655672,1,0,1,0,15,6520.24,6688.893767623507,6611.551386117718
2024-01-14 00:30:00,6490.601218466068,21.73195104464521,1,0,1,0,30,6472.64061082392,6661.47084995228,6636.548510393005
2024-01-14 00:45:00,6536.646216875181,21.63619513041109,1,0,1,0,45,6490.601218466068,6650.995007304912,6697.096379471789
2024-01-14 01:00:00,6573.3,21.57,1,0,1,1,0,6536.646216875181,6669.76,6780.75
2024-01-14 01:15:00,6571.747260873152,21.5459870620654,1,0,1,1,15,6573.3,6724.472814440876,6873.63372034973
2024-01-14 01:30:00,6537.81388886282,21.54711813529209,1,0,1,1,30,6571.747260873152,6799.493341369823,6956.14925579771
2024-01-14 01:45:00,6485.986072421079,21.54894014087275,1,0,1,1,45,6537.81388886282,6873.5946976138575,7007.267663346835
2024-01-14 02:00:00,6430.75,21.527,1,0,1,2,0,6485.986072421079,6925.55,7005.96
2024-01-14 02:15:00,6387.232689433475,21.46453906518169,1,0,1,2,15,6430.75,6942.165287112987,6940.164982483365
2024-01-14 02:30:00,6373.124476082654,21.3755764141864,1,0,1,2,30,6387.232689433475,6942.378284568431,6833.691966416157
2024-01-14 02:45:00,6406.756524690507,21.28182555609792,1,0,1,2,45,6373.124476082654,6953.15963973966,6719.31796714087
2024-01-14 03:00:00,6506.46,21.205,1,0,1,3,0,6406.756524690507,7001.48,6629.82
2024-01-14 03:15:00,6683.268387642951,21.159762927207847,1,0,1,3,15,6506.46,7103.962755857172,6592.633224716812
2024-01-14 03:30:00,6919.0244568065655,21.13257620796229,1,0,1,3,30,6683.268387642951,7235.842270356452,6613.825378537665
2024-01-14 03:45:00,7188.273297566896,21.1028513847356,1,0,1,3,45,6919.0244568065655,7362.005649677506,6694.122343089684
2024-01-14 04:00:00,7465.56,21.05,1,0,1,4,0,7188.273297566896,7447.34,6834.25
2024-01-14 04:15:00,7727.401259994724,20.96572172598693,1,0,1,4,15,7465.56,7469.204314458324,7030.454149899385
2024-01-14 04:30:00,7958.200196691088,20.89086875396443,1,0,1,4,30,7727.401259994724,7454.84513400576,7261.060269433187
2024-01-14 04:45:00,8144.331535041909,20.87858140495972,1,0,1,4,45,7958.200196691088,7443.980886550317,7499.913754250394
2024-01-14 05:00:00,8272.17,20.982000000000003,1,0,1,5,0,8144.331535041909,7476.33,7720.86
2024-01-14 05:15:00,8336.452197378154,21.233553293844448,1,0,1,5,15,8272.17,7580.107798809534,7907.999394435646
2024-01-14 05:30:00,8365.362256429084,21.58282377618,1,0,1,5,30,8336.452197378154,7737.517193620508,8086.452293729587
2024-01-14 05:45:00,8395.446187265468,21.95868237042555,1,0,1,5,45,8365.362256429084,7919.257991621229,8291.594046158734
2024-01-14 06:00:00,8463.25,22.29,1,0,1,6,0,8395.446187265468,8096.03,8558.8
2024-01-14 06:15:00,8597.248856742654,22.52690884863529,1,0,1,6,15,8463.25,8253.072302803539,8906.36358485803
2024-01-14 06:30:00,8793.634527592578,22.704586141315588,1,0,1,6,30,8597.248856742654,8433.781091512206,9284.25055564846
2024-01-14 06:45:00,9040.527934646212,22.879470363338086,1,0,1,6,45,8793.634527592578,8696.09183446477,9625.34474861466
2024-01-14 07:00:00,9326.05,23.108,1,0,1,7,0,9040.527934646212,9097.94,9862.53
2024-01-14 07:15:00,9638.542531901228,23.43249881161438,1,0,1,7,15,9326.05,9659.71298997631,9954.024703632227
2024-01-14 07:30:00,9967.230883200602,23.83883165855765,1,0,1,7,30,9638.542531901228,10251.605940330668,9959.385483676571
2024-01-14 07:45:00,10301.561292899676,24.2987486762221,1,0,1,7,45,9967.230883200602,10706.265920519692,9963.503521882632
2024-01-14 08:00:00,10630.98,24.784,1,0,1,8,0,10301.561292899676,10856.34,10051.27
2024-01-14 08:15:00,10943.185078152426,25.2698459049072,1,0,1,8,15,10630.98,10598.864643541228,10280.025100613051
2024-01-14 08:30:00,11218.881939605006,25.7455872244538,1,0,1,8,30,10943.185078152426,10088.433897165123,10596.905009645248
2024-01-14 08:45:00,11437.02783125508,26.204034931773503,1,0,1,8,45,11218.881939605006,9544.031202206455,10921.494913854816
2024-01-14 09:00:00,11576.58,26.638,1,0,1,9,0,11437.02783125508,9184.64,11173.38
2024-01-14 09:15:00,11624.803717989062,27.04174256875685,1,0,1,9,15,11576.58,9168.695935858776,11291.556612665565
2024-01-14 09:30:00,11602.196358379371,27.415319443627155,1,0,1,9,30,11624.803717989062,9412.44347100883,11292.66572774244
2024-01-14 09:45:00,11537.563319579998,27.76023659668388,1,0,1,9,45,11602.196358379371,9771.57927065447,11212.759478948095
2024-01-14 10:00:00,11459.71,28.078000000000003,1,0,1,10,0,11537.563319579998,10101.8,11087.89
2024-01-14 10:15:00,11392.03379989133,28.370636945065403,1,0,1,10,15,11459.71,10293.41192552367,10951.877823724688
2024-01-14 10:30:00,11336.3001268775,28.6422600010376,1,0,1,10,30,11392.03379989133,10375.15971879955,10829.617079384983
2024-01-14 10:45:00,11288.866390424924,28.897503056491,1,0,1,10,45,11336.3001268775,10410.397652675654,10743.770295352791
2024-01-14 11:00:00,11246.09,29.141,1,0,1,11,0,11288.866390424924,10462.48,10717.0
2024-01-14 11:15:00,11204.35889494562,29.375272150981527,1,0,1,11,15,11246.09,10575.10339329654,10761.779436185683
2024-01-14 11:30:00,11160.183134110615,29.594390552222457,1,0,1,11,30,11204.35889494562,10713.333903792967,10849.824704717614
2024-01-14 11:45:00,11110.103306220304,29.79031367735216,1,0,1,11,45,11160.183134110615,10822.579962392909,10942.662620890736
2024-01-14 12:00:00,11050.66,29.955,1,0,1,12,0,11110.103306220304,10848.25,11001.82
2024-01-14 12:15:00,10975.147339076191,30.08163382600848,1,0,1,12,15,11050.66,10756.35856379017,10996.52490028258
2024-01-14 12:30:00,10863.873586680036,30.16830279007257,1,0,1,12,30,10975.147339076191,10595.344666028584,10926.810351744558
2024-01-14 12:45:00,10693.900540943863,30.21432035910038,1,0,1,12,45,10863.873586680036,10434.253435252704,10800.410627334262
2024-01-14 13:00:00,10442.29,30.219,1,0,1,13,0,10693.900540943863,10342.13,10625.06
2024-01-14 13:15:00,10099.318623749616,30.18544254498456,1,0,1,13,15,10442.29,10367.896257792774,10415.146431434005
2024-01-14 13:30:00,9708.122519169245,30.13189828748726,1,0,1,13,30,10099.318623749616,10479.981182092695,10211.672638304148
2024-01-14 13:45:00,9325.052655004249,30.080404886246328,1,0,1,13,45,9708.122519169245,10626.69051534627,10062.29502602222
2024-01-14 14:00:00,9006.46,30.053,1,0,1,14,0,9325.052655004249,10756.33,10014.67
2024-01-14 14:15:00,8799.47050967534,30.06265849405329,1,0,1,14,15,9006.46,10829.227342538725,10090.352811481403
2024-01-14 14:30:00,8714.31008664299,30.0861040599784,1,0,1,14,30,8799.47050967534,10853.798105600628,10206.494095038848
2024-01-14 14:45:00,8751.979620289147,30.09099759591431,1,0,1,14,45,8714.31008664299,10850.479815862212,10254.143331076866
2024-01-14 15:00:00,8913.48,30.045,1,0,1,15,0,8751.979620289147,10839.71,10124.35
2024-01-14 15:15:00,9184.29308754902,29.92282972880228,1,0,1,15,15,8913.48,10830.48140330232,9750.882791390375
2024-01-14 15:30:00,9487.824634258788,29.727435472599147,1,0,1,15,30,9184.29308754902,10786.007645504798,9238.387231540466
2024-01-14 15:45:00,9731.961363839162,29.468823480096447,1,0,1,15,45,9487.824634258788,10658.057564954875,8734.228055920321
2024-01-14 16:00:00,9824.59,29.157,1,0,1,16,0,9731.961363839162,10398.4,8385.77
2024-01-14 16:15:00,9703.959483878583,28.80127259073761,1,0,1,16,15,9824.59,9982.590013001987,8296.662272957088
2024-01-14 16:30:00,9429.767626321862,28.408154049625026,1,0,1,16,30,9703.959483878583,9481.327562380178,8395.691978799294
2024-01-14 16:45:00,9092.074455604208,27.98345848369992,1,0,1,16,45,9429.767626321862,8989.098830568277,8567.930695241852
2024-01-14 17:00:00,8780.94,27.533,1,0,1,17,0,9092.074455604208,8600.39,8698.45
2024-01-14 17:15:00,8564.379914436653,27.064595533247257,1,0,1,17,15,8780.94,8384.18182593972,8702.747960531273
2024-01-14 17:30:00,8422.232360453772,26.594073328900777,1,0,1,17,30,8564.379914436653,8307.433354974486,8618.028603262366
2024-01-14 17:45:00,8312.291126244005,26.139264460103902,1,0,1,17,45,8422.232360453772,8311.598206522009,8511.922444362277
2024-01-14 18:00:00,8192.35,25.718,1,0,1,18,0,8312.291126244005,8338.13,8452.06
2024-01-14 18:15:00,8030.386639624804,25.34384527627335,1,0,1,18,15,8192.35,8340.004089489123,8481.239947417826
2024-01-14 18:30:00,7835.11418186305,25.013302634771883,1,0,1,18,30,8030.386639624804,8316.28276772187,8542.933608151247
2024-01-14 18:45:00,7625.4296331697715,24.71860867588449,1,0,1,18,45,7835.11418186305,8277.55006209368,8555.780464809042
2024-01-14 19:00:00,7420.23,24.452,1,0,1,19,0,7625.4296331697715,8234.39,8438.42
2024-01-14 19:15:00,7235.688995814132,24.20655461165936,1,0,1,19,15,7420.23,8192.215409853781,8144.100843547419
2024-01-14 19:30:00,7077.087162094027,23.97871613201169,1,0,1,19,30,7235.688995814132,8135.754324138029,7764.508214132648
2024-01-14 19:45:00,6946.981747326908,23.76576958635817,1,0,1,19,45,7077.087162094027,8044.563576353263,7425.936477651555
2024-01-14 20:00:00,6847.93,23.565,1,0,1,20,0,6946.981747326908,7898.2,7254.68
2024-01-14 20:15:00,6780.493627118668,23.374280027089227,1,0,1,20,15,6847.93,7689.600364845752,7335.1288658925
2024-01-14 20:30:00,6737.252169760843,23.19383283718137,1,0,1,20,30,6780.493627118668,7465.221185726012,7584.05603531816
2024-01-14 20:45:00,6708.789627522596,23.02446922868284,1,0,1,20,45,6737.252169760843,7284.898913743265,7876.330187084741
2024-01-14 21:00:00,6685.69,22.867,1,0,1,21,0,6708.789627522596,7208.47,8086.82
2024-01-14 21:15:00,6658.998370711196,22.723090904983746,1,0,1,21,15,6685.69,7273.991724513212,8122.352130382586
2024-01-14 21:30:00,6621.604158862603,22.59782751926283,1,0,1,21,30,6658.998370711196,7432.404682957924,8017.585144594712
2024-01-14 21:45:00,6566.857867582708,22.497150373910497,1,0,1,21,45,6621.604158862603,7612.870299923676,7839.135586509483
2024-01-14 22:00:00,6488.11,22.427,1,0,1,22,0,6566.857867582708,7744.55,7653.62
2024-01-14 22:15:00,6384.939608786547,22.38845010297581,1,0,1,22,15,6488.11,7771.902580851405,7511.901518827158
2024-01-14 22:30:00,6281.839944788746,22.36310708576733,1,0,1,22,30,6384.939608786547,7700.5763324422915,7401.829636302992
2024-01-14 22:45:00,6209.5328083965705,22.32771052567518,1,0,1,22,45,6281.839944788746,7551.516917812032,7295.500435627331
2024-01-14 23:00:00,6198.74,22.259,1,0,1,23,0,6209.5328083965705,7345.67,7165.01
2024-01-14 23:15:00,6267.966162892614,22.141905558113013,1,0,1,23,15,6198.74,7106.276858331169,6991.967419308785
2024-01-14 23:30:00,6386.847311982415,21.994119137667862,1,0,1,23,30,6267.966162892614,6865.761237272911,6796.033810193318
2024-01-14 23:45:00,6512.802305081007,21.84152314838878,1,0,1,23,45,6386.847311982415,6658.842497578196,6606.383295981192
2024-01-15 00:00:00,6603.25,21.71,1,0,0,0,0,6512.802305081007,6520.24,6452.19
2024-01-15 00:15:00,6628.070114642996,21.618818289572125,1,0,0,0,15,6603.25,6472.64061082392,6357.007866437702
2024-01-15 00:30:00,6606.985807281596,21.56079136356122,1,0,0,0,30,6628.070114642996,6490.601218466068,6321.910122923735
2024-01-15 00:45:00,6572.181096279397,21.5221187557697,1,0,0,0,45,6606.985807281596,6536.646216875181,6342.3498179479
2024-01-15 01:00:00,6555.84,21.489,1,0,0,1,0,6572.181096279397,6573.3,6413.78
2024-01-15 01:15:00,6578.136503535403,21.451915033598485,1,0,0,1,15,6555.84,6571.747260873152,6527.071427440404
2024-01-15 01:30:00,6611.204458891204,21.418465408087272,1,0,0,1,30,6578.136503535403,6537.81388886282,6654.765698111742
2024-01-15 01:45:00,6615.167684801404,21.400533078532423,1,0,0,1,45,6611.204458891204,6485.986072421079,6764.822119727208
2024-01-15 02:00:00,6550.15,21.41,1,0,0,2,0,6615.167684801404,6430.75,6825.2
2024-01-15 02:15:00,6395.396371215394,21.451177826033945,1,0,0,2,15,6550.15,6387.232689433475,6815.9917363006825
2024-01-15 02:30:00,6206.636357153588,21.498097004089708,1,0,0,2,30,6395.396371215394,6373.124476082654,6765.822084629299
2024-01-15 02:45:00,6058.720664514988,21.51721768010061,1,0,0,2,45,6206.636357153588,6406.756524690507,6715.448890643266
2024-01-15 03:00:00,6026.5,21.475,1,0,0,3,0,6058.720664514988,6506.46,6705.63
2024-01-15 03:15:00,6160.388636603024,21.35085803726574,1,0,0,3,15,6026.5,6683.268387642951,6764.29647110687
2024-01-15 03:30:00,6413.055112494443,21.17602157555391,1,0,0,3,30,6160.388636603024,6919.0244568065655,6868.072213371063
2024-01-15 03:45:00,6712.731532138641,20.994674326065123,1,0,0,3,45,6413.055112494443,7188.273297566896,6980.754348949727
2024-01-15 04:00:00,6987.65,20.851,1,0,0,4,0,6712.731532138641,7465.56,7066.14
2024-01-15 04:15:00,7182.050176122515,20.77914002490309,1,0,0,4,15,6987.65,7727.401259994724,7102.328316771842
2024-01-15 04:30:00,7304.201942868639,20.773066693694656,1,0,0,4,30,7182.050176122515,7958.200196691088,7124.626561886448
2024-01-15 04:45:00,7378.382738180446,20.816710015638893,1,0,0,4,45,7304.201942868639,8144.331535041909,7182.644026057831
2024-01-15 05:00:00,7428.87,20.894,1,0,0,5,0,7378.382738180446,8272.17,7325.99
2024-01-15 05:15:00,7483.089408906919,20.991691238121906,1,0,0,5,15,7428.87,8336.452197378154,7588.031355555766
2024-01-15 05:30:00,7581.059616030997,21.107836649667465,1,0,0,5,30,7483.089408906919,8365.362256429084,7937.165289083143
2024-01-15 05:45:00,7765.947515139577,21.243313736379296,1,0,0,5,45,7581.059616030997,8395.446187265468,8325.54657806895
2024-01-15 06:00:00,8080.92,21.399,1,0,0,6,0,7765.947515139577,8463.25,8705.33
2024-01-15 06:15:00,8535.695781999812,21.579876272609315,1,0,0,6,15,8080.92,8597.248856742654,9033.891104755096
2024-01-15 06:30:00,9006.200843007373,21.80733670763549,1,0,0,6,30,8535.695781999812,8793.634527592578,9289.488531780977
2024-01-15 06:45:00,9334.912982511243,22.10687878884392,1,0,0,6,45,9006.200843007373,9040.527934646212,9455.60169291637
2024-01-15 07:00:00,9364.31,22.504,1,0,0,7,0,9334.912982511243,9326.05,9515.71
2024-01-15 07:15:00,9010.703400593837,23.01211617144086,1,0,0,7,15,9364.31,9638.542531901228,9467.592662923847
2024-01-15 07:30:00,8485.739511939513,23.596316519790587,1,0,0,7,30,9010.703400593837,9967.230883200602,9366.228083792945
2024-01-15 07:45:00,8074.898367315435,24.209608608245023,1,0,0,7,45,8485.739511939513,10301.561292899676,9280.894462765566
2024-01-15 08:00:00,8063.66,24.805,1,0,0,8,0,8074.898367315435,10630.98,9280.87
2024-01-15 08:15:00,8637.793740624846,25.344377791627256,1,0,0,8,15,8063.66,10943.185078152426,9408.788868549507
2024-01-15 08:30:00,9584.22610923457,25.82514721320216,1,0,0,8,30,8637.793740624846,11218.881939605006,9600.709133047249
2024-01-15 08:45:00,10590.17292322701,26.25359302817598,1,0,0,8,45,9584.22610923457,11437.02783125508,9766.044831021369
2024-01-15 09:00:00,11342.85,26.636,1,0,0,9,0,10590.17292322701,11576.58,9814.21
2024-01-15 09:15:00,11613.01773065678,26.978450787050114,1,0,0,9,15,11342.85,11624.803717989062,9690.804050378125
2024-01-15 09:30:00,11505.614801122205,27.286219627400776,1,0,0,9,30,11613.01773065678,11602.196358379371,9486.16788401806
2024-01-15 09:45:00,11209.124471026524,27.564378654051044,1,0,0,9,45,11505.614801122205,11537.563319579998,9326.827775648968
2024-01-15 10:00:00,10912.03,27.818,1,0,0,10,0,11209.124471026524,11459.71,9339.31
2024-01-15 10:15:00,10758.270180498032,28.05155343517228,1,0,0,10,15,10912.03,11392.03379989133,9608.03211743799
2024-01-15 10:30:00,10713.60593627661,28.26709927719475,1,0,0,10,30,10758.270180498032,11336.3001268775,10048.976830880496
2024-01-15 10:45:00,10699.253723916889,28.466095480619845,1,0,0,10,45,10713.60593627661,11288.866390424924,10536.018128882752
2024-01-15 11:00:00,10636.43,28.65,1,0,0,11,0,10699.253723916889,11246.09,10943.03
2024-01-15 11:15:00,10468.6013911011,28.81897609726077,1,0,0,11,15,10636.43,11204.35889494562,11172.909042369914
2024-01-15 11:30:00,10228.235203771352,28.96800826382023,1,0,0,11,30,10468.6013911011,11160.183134110615,11244.642292459956
2024-01-15 11:45:00,9970.048914555926,29.09078629846957,1,0,0,11,45,10228.235203771352,11110.103306220304,11206.239396320016
2024-01-15 12:00:00,9748.76,29.181,1,0,0,12,0,9970.048914555926,11050.66,11105.71
2024-01-15 12:15:00,9603.228317597575,29.23451092578464,1,0,0,12,15,9748.76,10975.147339076191,10983.58093183235
2024-01-15 12:30:00,9508.883248637983,29.25586766752433,1,0,0,12,30,9603.228317597575,10863.873586680036,10850.447749279689
2024-01-15 12:45:00,9425.296555359406,29.251790575501857,1,0,0,12,45,9508.883248637983,10693.900540943863,10709.42319208718
2024-01-15 13:00:00,9312.04,29.229,1,0,0,13,0,9425.296555359406,10442.29,10563.62
2024-01-15 13:15:00,9144.930963508608,29.19358957460068,1,0,0,13,15,9312.04,10099.318623749616,10420.298011550689
2024-01-15 13:30:00,8964.76930167671,29.14914606608245,1,0,0,13,30,9144.930963508608,9708.122519169245,10303.3054604213
2024-01-15 13:45:00,8828.600489006456,29.098629524522988,1,0,0,13,45,8964.76930167671,9325.052655004249,10240.63767908126
2024-01-15 14:00:00,8793.47,29.045,1,0,0,14,0,8828.600489006456,9006.46,10260.29
2024-01-15 14:15:00,8891.446734618,28.98827140081264,1,0,0,14,15,8793.47,8799.47050967534,10373.3807719649
2024-01-15 14:30:00,9054.69329465518,28.916673068145887,1,0,0,14,30,8891.446734618,8714.31008664299,10523.520409035122
2024-01-15 14:45:00,9190.395707364769,28.815488201406183,1,0,0,14,45,9054.69329465518,8751.979620289147,10637.442341587785
2024-01-15 15:00:00,9205.74,28.67,1,0,0,15,0,9190.395707364769,8913.48,10641.88
2024-01-15 15:15:00,9040.34584801939,28.47065294714878,1,0,0,15,15,9205.74,9184.29308754902,10485.849369339714
2024-01-15 15:30:00,8763.567519702572,28.22853666133403,1,0,0,15,30,9040.34584801939,9487.824634258788,10207.49665343821
2024-01-15 15:45:00,8477.19293153447,27.959902044852264,1,0,0,15,45,8763.567519702572,9731.961363839162,9867.2506108176
2024-01-15 16:00:00,8283.01,27.681,1,0,0,16,0,8477.19293153447,9824.59,9525.54
2024-01-15 16:15:00,8248.300185804443,27.40485118559225,1,0,0,16,15,8283.01,9703.959483878583,9231.807063176246
2024-01-15 16:30:00,8302.319126534527,27.13155528651801,1,0,0,16,30,8248.300185804443,9429.767626321862,8991.547977212043
2024-01-15 16:45:00,8339.81600399735,26.85798174418477,1,0,0,16,45,8302.319126534527,9092.074455604208,8799.272402641818
2024-01-15 17:00:00,8255.54,26.581000000000003,1,0,0,17,0,8339.81600399735,8780.94,8649.49
2024-01-15 17:15:00,7982.229658762845,26.299161060482223,1,0,0,17,15,8255.54,8564.379914436653,8537.135190455305
2024-01-15 17:30:00,7604.580974159321,26.017742192593943,1,0,0,17,30,7982.229658762845,8422.232360453772,8458.841437713621
2024-01-15 17:45:00,7245.279302476136,25.743702228408694,1,0,0,17,45,7604.580974159321,8312.291126244005,8411.666966115126
2024-01-15 18:00:00,7027.01,25.484,1,0,0,18,0,7245.279302476136,8192.35,8392.67
2024-01-15 18:15:00,7033.182272894181,25.243082697478872,1,0,0,18,15,7027.01,8030.386639624804,8397.705612502536
2024-01-15 18:30:00,7190.100726828193,25.01535094310623,1,0,0,18,30,7033.182272894181,7835.11418186305,8417.816271933474
2024-01-15 18:45:00,7384.793817348107,24.79269371718048,1,0,0,18,45,7190.100726828193,7625.4296331697715,8442.841295397677
2024-01-15 19:00:00,7504.29,24.567,1,0,0,19,0,7384.793817348107,7420.23,8462.62
2024-01-15 19:15:00,7467.369999660431,24.33332064960229,1,0,0,19,15,7504.29,7235.688995814132,8467.543609534556
2024-01-15 19:30:00,7319.823618527909,24.099354034981143,1,0,0,19,30,7467.369999660431,7077.087162094027,8450.210974552481
2024-01-15 19:45:00,7139.192928131433,23.875960402869424,1,0,0,19,45,7319.823618527909,6946.981747326908,8403.772852294167
2024-01-15 20:00:00,7003.02,23.674,1,0,0,20,0,7139.192928131433,6847.93,8321.38
2024-01-15 20:15:00,6968.591634714096,23.50090032911196,1,0,0,20,15,7003.02,6780.493627118668,8200.429168109236
2024-01-15 20:30:00,7012.1735490601695,23.350357916969195,1,0,0,20,30,6968.591634714096,6737.252169760843,8055.301079856596
2024-01-15 20:45:00,7089.776188876158,23.21263654634184,1,0,0,20,45,7012.1735490601695,6708.789627522596,7904.622451675656
2024-01-15 21:00:00,7157.41,23.078,1,0,0,21,0,7089.776188876158,6685.69,7767.02
2024-01-15 21:15:00,7179.194242733185,22.93985928394989,1,0,0,21,15,7157.41,6658.998370711196,7657.128780528492
2024-01-15 21:30:00,7151.683435231415,22.804214297142074,1,0,0,21,30,7179.194242733185,6621.604158862603,7573.617206021131
2024-01-15 21:45:00,7079.540910113935,22.68021216176322,1,0,0,21,45,7151.683435231415,6566.857867582708,7511.162028503206
2024-01-15 22:00:00,6967.43,22.576999999999995,1,0,0,22,0,7079.540910113935,6488.11,7464.44
2024-01-15 22:15:00,6822.914519353161,22.498240660088488,1,0,0,22,15,6967.43,6384.939608786547,7426.1824285267985
2024-01-15 22:30:00,6665.160210014175,22.42565989446249,1,0,0,22,30,6822.914519353161,6281.839944788746,7381.3388460588785
2024-01-15 22:45:00,6516.233295668102,22.335499181605257,1,0,0,22,45,6665.160210014175,6209.5328083965705,7312.91334056152
2024-01-15 23:00:00,6398.2,22.204,1,0,0,23,0,6516.233295668102,6198.74,7203.91
2024-01-15 23:15:00,6326.859554854171,22.01691245069616,1,0,0,23,15,6398.2,6267.966162892614,7045.8772866143145
2024-01-15 23:30:00,6292.943224711888,21.798021125007928,1,0,0,23,30,6326.859554854171,6386.847311982415,6864.541159743349
2024-01-15 23:45:00,6280.915282213658,21.580619236815743,1,0,0,23,45,6292.943224711888,6512.802305081007,6694.17195300071
2024-01-16 00:00:00,6275.24,21.398,1,0,0,0,0,6280.915282213658,6603.25,6569.04
2024-01-16 00:15:00,6263.554604980151,21.274156412126903,1,0,0,0,15,6275.24,6628.070114642996,6512.684518765943
2024-01-16 00:30:00,6246.188141138275,21.195880605505785,1,0,0,0,30,6263.554604980151,6606.985807281596,6505.720264967722
2024-01-16 00:45:00,6226.642606727261,21.140664496131777,1,0,0,0,45,6246.188141138275,6572.181096279397,6518.030878685641
2024-01-16 01:00:00,6208.42,21.086,1,0,0,1,0,6226.642606727261,6555.84,6519.5
2024-01-16 01:15:00,6195.04655647522,21.015071275796235,1,0,0,1,15,6208.42,6578.136503535403,6490.400263321916
2024-01-16 01:30:00,6190.145460735011,20.93383145296892,1,0,0,1,30,6195.04655647522,6611.204458891204,6452.560280385762
2024-01-16 01:45:00,6197.364134627295,20.853925903657142,1,0,0,1,45,6190.145460735011,6615.167684801404,6438.197657256727
2024-01-16 02:00:00,6220.35,20.787,1,0,0,2,0,6197.364134627295,6550.15,6479.53
2024-01-16 02:15:00,6260.947606618966,20.74179285968815,1,0,0,2,15,6220.35,6395.396371215394,6595.097396696394
2024-01-16 02:30:00,6313.790015921684,20.715418582618533,1,0,0,2,30,6260.947606618966,6206.636357153588,6748.729863489229
2024-01-16 02:45:00,6371.70741726356,20.70208501423965,1,0,0,2,45,6313.790015921684,6058.720664514988,6890.5798985374495
2024-01-16 03:00:00,6427.53,20.696,1,0,0,3,0,6371.70741726356,6026.5,6970.8
2024-01-16 03:15:00,6477.046923298916,20.691632285451167,1,0,0,3,15,6427.53,6160.388636603024,6958.065618642508
2024-01-16 03:30:00,6527.883225578255,20.684494216556963,1,0,0,3,30,6477.046923298916,6413.055112494443,6895.144015657322
2024-01-16 03:45:00,6590.622915068466,20.670359039384284,1,0,0,3,45,6527.883225578255,6712.731532138641,6843.325404843475
2024-01-16 04:00:00,6675.85,20.645,1,0,0,4,0,6590.622915068466,6987.65,6863.9
2024-01-16 04:15:00,6788.610950185367,20.609537373507184,1,0,0,4,15,6675.85,7182.050176122515,6998.607628733576
2024-01-16 04:30:00,6911.802081765298,20.58647955115361,1,0,0,4,30,6788.610950185367,7304.201942868639,7210.986573881484
2024-01-16 04:45:00,7022.78217246258,20.60368195322323,1,0,0,4,45,6911.802081765298,7378.382738180446,7445.024732088649
2024-01-16 05:00:00,7098.91,20.689,1,0,0,5,0,7022.78217246258,7428.87,7644.71
2024-01-16 05:15:00,7128.415525959614,20.85928072052009,1,0,0,5,15,7098.91,7483.089408906919,7772.240116423184
2024-01-16 05:30:00,7143.013447360554,21.08733757882858,1,0,0,5,30,7128.415525959614,7581.059616030997,7862.652188816742
2024-01-16 05:45:00,7185.289645081215,21.334975647722786,1,0,0,5,45,7143.013447360554,7765.947515139577,7969.193166801926
2024-01-16 06:00:00,7297.83,21.564,1,0,0,6,0,7185.289645081215,8080.92,8145.11
2024-01-16 06:15:00,7510.438039726176,21.750355369412453,1,0,0,6,15,7297.83,8535.695781999812,8421.893155573682
2024-01-16 06:30:00,7801.78787879249,21.92654513353205,1,0,0,6,30,7510.438039726176,9006.200843007373,8744.00717085155
2024-01-16 06:45:00,8137.771278462558,22.139212330885623,1,0,0,6,45,7801.78787879249,9334.912982511243,9034.160100703642
2024-01-16 07:00:00,8484.28,22.435,1,0,0,7,0,8137.771278462558,9364.31,9215.06
2024-01-16 07:15:00,8813.056846385685,22.845157176830096,1,0,0,7,15,8484.28,9010.703400593837,9242.673355032084
2024-01-16 07:30:00,9119.248787469493,23.3393568870432,1,0,0,7,30,8813.056846385685,8485.739511939513,9206.000377777056
2024-01-16 07:45:00,9403.853834818554,23.87187815373471,1,0,0,7,45,9119.248787469493,8074.898367315435,9227.2997116335
2024-01-16 08:00:00,9667.87,24.397,1,0,0,8,0,9403.853834818554,8063.66,9428.83
2024-01-16 08:15:00,9912.183793481086,24.87940654826717,1,0,0,8,15,9667.87,8637.793740624846,9888.87779929798
2024-01-16 08:30:00,10137.235721329544,25.325402318295136,1,0,0,8,30,9912.183793481086,9584.22610923457,10509.841318040226
2024-01-16 08:45:00,10343.35478851323,25.751696929175537,1,0,0,8,45,10137.235721329544,10590.17292322701,11150.146677762355
2024-01-16 09:00:00,10530.87,26.175,1,0,0,9,0,10343.35478851323,11342.85,11668.22
2024-01-16 09:15:00,10697.216417189977,26.606857255101232,1,0,0,9,15,10530.87,11613.01773065678,11956.525916525992
2024-01-16 09:30:00,10828.253327212336,27.038158839776248,1,0,0,9,30,10697.216417189977,11505.614801122205,12043.68310006204
2024-01-16 09:45:00,10906.946073628527,27.45463100456314,1,0,0,9,45,10828.253327212336,11209.124471026524,11992.348733567069
2024-01-16 10:00:00,10916.26,27.842,1,0,0,10,0,10906.946073628527,10912.03,11865.18
2024-01-16 10:15:00,10849.491631509018,28.187976931327903,1,0,0,10,15,10916.26,10758.270180498032,11717.475253348051
2024-01-16 10:30:00,10741.26221982112,28.488212322599868,1,0,0,10,30,10849.491631509018,10713.60593627661,11575.097531711612
2024-01-16 10:45:00,10636.524198222663,28.740341552571905,1,0,0,10,45,10741.26221982112,10699.253723916889,11456.551044219368
2024-01-16 11:00:00,10580.23,28.942,1,0,0,11,0,10636.524198222663,10636.43,11380.34
2024-01-16 11:15:00,10603.153463023951,29.09343814458715,1,0,0,11,15,10580.23,10468.6013911011,11358.385726331806
2024-01-16 11:30:00,10679.354043503185,29.205366869824267,1,0,0,11,30,10603.153463023951,10228.235203771352,11376.278023091514
2024-01-16 11:45:00,10768.712602230826,29.29111216014925,1,0,0,11,45,10679.354043503185,9970.048914555926,11413.023808305466
2024-01-16 12:00:00,10831.11,29.364,1,0,0,12,0,10768.712602230826,9748.76,11447.63
2024-01-16 12:15:00,10832.663266395171,29.433957990323496,1,0,0,12,15,10831.11,9603.228317597575,11458.577622574723
2024-01-16 12:30:00,10764.434106166143,29.49732019810305,1,0,0,12,30,10832.663266395171,9508.883248637983,11422.24412592233
2024-01-16 12:45:00,10623.720392854042,29.54702230683109,1,0,0,12,45,10764.434106166143,9425.296555359406,11314.48106630877
2024-01-16 13:00:00,10407.82,29.576,1,0,0,13,0,10623.720392854042,9312.04,11111.14
2024-01-16 13:15:00,10125.312690145352,29.57790176911888,1,0,0,13,15,10407.82,9144.930963508608,10804.88034586929
2024-01-16 13:30:00,9829.90578183224,29.54922733776352,1,0,0,13,30,10125.312690145352,8964.76930167671,10455.592973219162
2024-01-16 13:45:00,9586.588482603009,29.487189237526405,1,0,0,13,45,9829.90578183224,8828.600489006456,10139.976613959454
2024-01-16 14:00:00,9460.35,29.389000000000003,1,0,0,14,0,9586.588482603009,8793.47,9934.73
2024-01-16 14:15:00,9491.448004273416,29.253825558201,1,0,0,14,15,9460.35,8891.446734618,9890.482556448113
2024-01-16 14:30:00,9621.214016504897,29.08864545084288,1,0,0,14,30,9491.448004273416,9054.69329465518,9953.58648120102
2024-01-16 14:45:00,9766.248020483925,28.90239261806332,1,0,0,14,45,9621.214016504897,9190.395707364769,10044.324665353412
2024-01-16 15:00:00,9843.15,28.704,1,0,0,15,0,9766.248020483925,9205.74,10082.98
2024-01-16 15:15:00,9788.525136510978,28.49940537307713,1,0,0,15,15,9843.15,9040.34584801939,10009.60474083825
2024-01-16 15:30:00,9618.99940214818,28.282565858864988,1,0,0,15,30,9788.525136510978,8763.567519702572,9843.328601976757
2024-01-16 15:45:00,9371.203966711291,28.04444341522035,1,0,0,15,45,9618.99940214818,8477.19293153447,9623.050662126883
2024-01-16 16:00:00,9081.77,27.776000000000003,1,0,0,16,0,9371.203966711291,8283.01,9387.67
2024-01-16 16:15:00,8784.891762182671,27.471459199490464,1,0,0,16,15,9081.77,8248.300185804443,9168.535198948884
2024-01-16 16:30:00,8505.015874902387,27.13809111369718,1,0,0,16,30,8784.891762182671,8302.319126534527,8966.792860891956
2024-01-16 16:45:00,8264.15205017091,26.7864274710553,1,0,0,16,45,8505.015874902387,8339.81600399735,8776.039092389048
2024-01-16 17:00:00,8084.31,26.427,1,0,0,17,0,8264.15205017091,8255.54,8589.87
2024-01-16 17:15:00,7977.05453350834,26.06917970396101,1,0,0,17,15,8084.31,7982.229658762845,8407.424150866222
2024-01-16 17:30:00,7912.170848242276,25.717694686346302,1,0,0,17,30,7977.05453350834,7604.580974159321,8250.009954455432
2024-01-16 17:45:00,7848.999238855074,25.37611232555845,1,0,0,17,45,7912.170848242276,7245.279302476136,8144.478280816926
2024-01-16 18:00:00,7746.88,25.048,1,0,0,18,0,7848.999238855074,7027.01,8117.68
2024-01-16 18:15:00,7580.55479128397,24.738150109665508,1,0,0,18,15,7746.88,7033.182272894181,8183.659603836234
2024-01-16 18:30:00,7386.370732128508,24.4562551409176,1,0,0,18,30,7580.55479128397,7190.100726828193,8305.236071286323
2024-01-16 18:45:00,7216.076306908793,24.213232601710885,1,0,0,18,45,7386.370732128508,7384.793817348107,8432.422003093252
2024-01-16 19:00:00,7121.42,24.020000000000003,1,0,0,19,0,7216.076306908793,7504.29,8515.23
2024-01-16 19:15:00,7136.841145105783,23.88061048237696,1,0,0,19,15,7121.42,7467.369999660431,8520.318215038844
2024-01-16 19:30:00,7227.54247324369,23.77165974998332,1,0,0,19,30,7136.841145105783,7319.823618527909,8480.927010399271
2024-01-16 19:45:00,7341.417564759755,23.66287914259802,1,0,0,19,45,7227.54247324369,7139.192928131433,8446.942300560064
2024-01-16 20:00:00,7426.36,23.524,1,0,0,20,0,7341.417564759755,7003.02,8468.25
2024-01-16 20:15:00,7443.250315792903,23.33432983582665,1,0,0,20,15,7426.36,6968.591634714096,8573.749411008384
2024-01-16 20:30:00,7404.916874896728,23.11148085914914,1,0,0,20,30,7443.250315792903,7012.1735490601695,8708.393387116583
2024-01-16 20:45:00,7337.17499655219,22.88264145289705,1,0,0,20,45,7404.916874896728,7089.776188876158,8796.148169666494
2024-01-16 21:00:00,7265.84,22.675,1,0,0,21,0,7337.17499655219,7157.41,8760.98
2024-01-16 21:15:00,7211.053841722605,22.509788924316428,1,0,0,21,15,7265.84,7179.194242733185,8553.34773467762
2024-01-16 21:30:00,7170.265027169395,22.38441681342014,1,0,0,21,30,7211.053841722605,7151.683435231415,8229.68069113439
2024-01-16 21:45:00,7135.248699031486,22.290336295813777,1,0,0,21,45,7170.265027169395,7079.540910113935,7872.900802023962
2024-01-16 22:00:00,7097.78,22.219,1,0,0,22,0,7135.248699031486,6967.43,7565.93
2024-01-16 22:15:00,7050.767286066673,22.161326966907648,1,0,0,22,15,7097.78,6822.914519353161,7370.887150281131
2024-01-16 22:30:00,6991.6517664256935,22.106101887170325,1,0,0,22,30,7050.767286066673,6665.160210014175,7266.678848345859
2024-01-16 22:45:00,6919.007863571868,22.041575863847847,1,0,0,22,45,6991.6517664256935,6516.233295668102,7211.408622237655
2024-01-16 23:00:00,6831.41,21.956,1,0,0,23,0,6919.007863571868,6398.2,7163.18
2024-01-16 23:15:00,6731.675295260703,21.84007508305299,1,0,0,23,15,6831.41,6326.859554854171,7091.345382947859
2024-01-16 23:30:00,6639.591657127828,21.69430063789856,1,0,0,23,30,6731.675295260703,6292.943224711888,7010.252665482181
2024-01-16 23:45:00,6579.189690431041,21.52162587379485,1,0,0,23,45,6639.591657127828,6280.915282213658,6945.498615275414
2024-01-17 00:00:00,6574.5,21.325,1,0,0,0,0,6579.189690431041,6275.24,6922.68
2024-01-17 00:15:00,6638.769970390519,21.1094195758804,1,0,0,0,15,6574.5,6263.554604980151,6958.275067927437
2024-01-17 00:30:00,6742.114105062994,20.88807056123544,1,0,0,0,30,6638.769970390519,6246.188141138275,7032.287989725419
2024-01-17 00:45:00,6843.863687203972,20.67618626597276,1,0,0,0,45,6742.114105062994,6226.642606727261,7115.604416660691
2024-01-17 01:00:00,6903.35,20.489,1,0,0,1,0,6843.863687203972,6208.42,7179.11
2024-01-17 01:15:00,6891.698885677226,20.33823098842542,1,0,0,1,15,6903.35,6195.04655647522,7200.963251592395
2024-01-17 01:30:00,6827.214422620198,20.221542117159693,1,0,0,1,30,6891.698885677226,6190.145460735011,7188.414125616144
2024-01-17 01:45:00,6739.9952482530725,20.133082187314127,1,0,0,1,45,6827.214422620198,6197.364134627295,7155.985436831821
2024-01-17 02:00:00,6660.14,20.067,1,0,0,2,0,6739.9952482530725,6220.35,7118.2
2024-01-17 02:15:00,6612.233861900582,20.01756272041793,1,0,0,2,15,6660.14,6260.947606618966,7087.138331952984
2024-01-17 02:30:00,6598.808204456214,19.97951097012578,1,0,0,2,30,6612.233861900582,6313.790015921684,7065.111757810006
2024-01-17 02:45:00,6616.880944783738,19.947703734770744,1,0,0,2,45,6598.808204456214,6371.70741726356,7051.989304762024
2024-01-17 03:00:00,6663.47,19.917,1,0,0,3,0,6616.880944783738,6427.53,7047.64
2024-01-17 03:15:00,6731.792854220447,19.88173687990288,1,0,0,3,15,6663.47,6477.046923298916,7052.7460768456685
2024-01-17 03:30:00,6799.8652595549465,19.834164002337182,1,0,0,3,30,6731.792854220447,6527.883225578255,7071.242593143838
2024-01-17 03:45:00,6841.902535111973,19.76600912360292,1,0,0,3,45,6799.8652595549465,6590.622915068466,7107.877812870089
2024-01-17 04:00:00,6832.12,19.669,1,0,0,4,0,6841.902535111973,6675.85,7167.4
2024-01-17 04:15:00,6765.739096217633,19.54397413497059,1,0,0,4,15,6832.12,6788.610950185367,7252.759079414341
2024-01-17 04:30:00,6722.005757324001,19.42820802052547,1,0,0,4,30,6765.739096217633,6911.802081765298,7359.711619614642
2024-01-17 04:45:00,6801.17203976837,19.36808789581762,1,0,0,4,45,6722.005757324001,7022.78217246258,7482.215850007622
2024-01-17 05:00:00,7103.49,19.41,1,0,0,5,0,6801.17203976837,7098.91,7614.23
2024-01-17 05:15:00,7682.554042159023,19.58441345521478,1,0,0,5,15,7103.49,7128.415525959614,7752.932605496965
2024-01-17 05:30:00,8405.327961149049,19.85812891556093,1,0,0,5,30,7682.554042159023,7143.013447360554,7908.38342839759
2024-01-17 05:45:00,9092.11789956455,20.182029918126613,1,0,0,5,45,8405.327961149049,7185.289645081215,8093.8625370994205
2024-01-17 06:00:00,9563.23,20.507,1,0,0,6,0,9092.11789956455,7297.83,8322.65
2024-01-17 06:15:00,9691.253953896272,20.7991064191703,1,0,0,6,15,9563.23,7510.438039726176,8599.7084673478
2024-01-17 06:30:00,9557.913648079808,21.085151317230824,1,0,0,6,30,9691.253953896272,7801.78787879249,8896.730916794993
2024-01-17 06:45:00,9297.216518223438,21.40712055667594,1,0,0,6,45,9557.913648079808,8137.771278462558,9177.092907844695
2024-01-17 07:00:00,9043.17,21.807,1,0,0,7,0,9297.216518223438,8484.28,9404.17
2024-01-17 07:15:00,8901.61451725588,22.312504618104025,1,0,0,7,15,9043.17,8813.056846385685,9558.67727511184
2024-01-17 07:30:00,8865.722446531716,22.89426581551577,1,0,0,7,30,8901.61451725588,9119.248787469493,9690.687904422428
2024-01-17 07:45:00,8900.499152541692,23.508644105169616,1,0,0,7,45,8865.722446531716,9403.853834818554,9867.614581521806
2024-01-17 08:00:00,8970.95,24.112,1,0,0,8,0,8900.499152541692,9667.87,10156.87
2024-01-17 08:15:00,9053.289383330202,24.669406358413585,1,0,0,8,15,8970.95,9912.183793481086,10594.48211970484
2024-01-17 08:30:00,9168.567815793334,25.180785420706112,1,0,0,8,30,9053.289383330202,10137.235721329544,11090.939965515288
2024-01-17 08:45:00,9349.044840359797,25.65477177264559,1,0,0,8,45,9168.567815793334,10343.35478851323,11525.34782856809
2024-01-17 09:00:00,9626.98,26.1,1,0,0,9,0,9349.044840359797,10530.87,11776.81
2024-01-17 09:15:00,10016.112949423312,26.523213698241623,1,0,0,9,15,9626.98,10697.216417189977,11761.7173710688
2024-01-17 09:30:00,10456.103790294954,26.92359250165978,1,0,0,9,30,10016.112949423312,10828.253327212336,11545.60723351642
2024-01-17 09:45:00,10868.092736019122,27.29842505424804,1,0,0,9,45,10456.103790294954,10906.946073628527,11231.303479205832
2024-01-17 10:00:00,11173.22,27.645,1,0,0,10,0,10868.092736019122,10916.26,10921.63
2024-01-17 10:15:00,11315.451318976551,27.961379473619907,1,0,0,10,15,11173.22,10849.491631509018,10700.109958519955
2024-01-17 10:30:00,11330.054523026844,28.24871957265476,1,0,0,10,30,11315.451318976551,10741.26221982112,10573.06360041902
2024-01-17 10:45:00,11275.122965563714,28.50894988536224,1,0,0,10,45,11330.054523026844,10636.524198222663,10527.510442108573
2024-01-17 11:00:00,11208.75,28.744,1,0,0,11,0,11275.122965563714,10580.23,10550.47
2024-01-17 11:15:00,11175.914430920477,28.95476840727874,1,0,0,11,15,11208.75,10603.153463023951,10624.177326101368
2024-01-17 11:30:00,11169.136867597665,29.138029207721164,1,0,0,11,30,11175.914430920477,10679.354043503185,10711.729614807493
2024-01-17 11:45:00,11167.82337047602,29.289525404303014,1,0,0,11,45,11169.136867597665,10768.712602230826,10771.439596109867
2024-01-17 12:00:00,11151.38,29.405,1,0,0,12,0,11167.82337047602,10831.11,10761.62
2024-01-17 12:15:00,11103.000176091542,29.482343772265143,1,0,0,12,15,11151.38,10832.663266395171,10654.566205824569
2024-01-17 12:30:00,11021.026756582498,29.528038596460583,1,0,0,12,30,11103.000176091542,10764.434106166143,10478.504190351008
2024-01-17 12:45:00,10907.589958782206,29.550714122425727,1,0,0,12,45,11021.026756582498,10623.720392854042,10275.642579701944
2024-01-17 13:00:00,10764.82,29.559,1,0,0,13,0,10907.589958782206,10407.82,10088.19
2024-01-17 13:15:00,10601.25314596336,29.55918462866068,1,0,0,13,15,10764.82,10125.312690145352,9954.248319350365
2024-01-17 13:30:00,10451.049856072344,29.548191406436505,1,0,0,13,30,10601.25314596336,9829.90578183224,9895.492373788484
2024-01-17 13:45:00,10354.776638145153,29.52060248099408,1,0,0,13,45,10451.049856072344,9586.588482603009,9929.490241332358
2024-01-17 14:00:00,10353.0,29.471,1,0,0,14,0,10354.776638145153,9460.35,10073.81
2024-01-17 14:15:00,10464.021146305024,29.39533958809213,1,0,0,14,15,10353.0,9491.448004273416,10326.209110523972
2024-01-17 14:30:00,10617.080069128137,29.295070777793388,1,0,0,14,30,10464.021146305024,9621.214016504897,10605.202564495066
2024-01-17 14:45:00,10719.15145738718,29.173016578597952,1,0,0,14,45,10617.080069128137,9766.248020483925,10809.494736218629
2024-01-17 15:00:00,10677.21,29.032,1,0,0,15,0,10719.15145738718,9843.15,10837.79
2024-01-17 15:15:00,10432.47148756654,28.8715351439708,1,0,0,15,15,10677.21,9788.525136510978,10626.498207303746
2024-01-17 15:30:00,10063.116117415117,28.67790048238994,1,0,0,15,30,10432.47148756654,9618.99940214818,10262.851118231256
2024-01-17 15:45:00,9681.565188556133,28.43406557961412,1,0,0,15,45,10063.116117415117,9371.203966711291,9871.785970043138
2024-01-17 16:00:00,9400.24,28.123,1,0,0,16,0,9681.565188556133,9081.77,9578.24
2024-01-17 16:15:00,9298.19805967881,27.73523858602469,1,0,0,16,15,9400.24,8784.891762182671,9472.166497761047
2024-01-17 16:30:00,9321.0417112114,27.291577292646853,1,0,0,16,30,9298.19805967881,8505.015874902387,9503.58296257991
2024-01-17 16:45:00,9381.009507138288,26.820377352945595,1,0,0,16,45,9321.0417112114,8264.15205017091,9587.522946108817
2024-01-17 17:00:00,9390.34,26.35,1,0,0,17,0,9381.009507138288,8084.31,9639.02
2024-01-17 17:15:00,9282.63377371822,25.90410426193047,1,0,0,17,15,9390.34,7977.05453350834,9594.519864152064
2024-01-17 17:30:00,9076.93953773929,25.48754034702265,1,0,0,17,30,9282.63377371822,7912.170848242276,9476.117031449105
2024-01-17 17:45:00,8813.668032890715,25.100456258603508,1,0,0,17,45,9076.93953773929,7848.999238855074,9327.31818302159
2024-01-17 18:00:00,8533.23,24.743,1,0,0,18,0,8813.668032890715,7746.88,9191.63
2024-01-17 18:15:00,8270.29715794831,24.41510999125344,1,0,0,18,15,8533.23,7580.55479128397,9100.8868581307
2024-01-17 18:30:00,8036.585137831443,24.115886319262536,1,0,0,18,30,8270.29715794831,7386.370732128508,9040.233911623678
2024-01-17 18:45:00,7838.070548798854,23.84421948764037,1,0,0,18,45,8036.585137831443,7216.076306908793,8983.144009304815
2024-01-17 19:00:00,7680.73,23.599,1,0,0,19,0,7838.070548798854,7121.42,8903.09
2024-01-17 19:15:00,7567.744313238539,23.380080773055784,1,0,0,19,15,7680.73,7136.841145105783,8781.605984575135
2024-01-17 19:30:00,7491.111160934938,23.191164375927205,1,0,0,19,30,7567.744313238539,7227.54247324369,8632.471072056189
2024-01-17 19:45:00,7440.032428163868,23.03691579083502,1,0,0,19,45,7491.111160934938,7341.417564759755,8477.525623509147
2024-01-17 20:00:00,7403.71,22.922,1,0,0,20,0,7440.032428163868,7426.36,8338.61
2024-01-17 20:15:00,7373.054026597535,22.844441916523422,1,0,0,20,15,7403.71,7443.250315792903,8230.692484818761
2024-01-17 20:30:00,7345.807718428805,22.77570617702865,1,0,0,20,30,7373.054026597535,7404.916874896728,8141.253050151569
2024-01-17 20:45:00,7321.422551045673,22.68061734901955,1,0,0,20,45,7345.807718428805,7337.17499655219,8050.899590408592
2024-01-17 21:00:00,7299.35,22.524,1,0,0,21,0,7321.422551045673,7265.84,7940.24
2024-01-17 21:15:00,7279.538486621321,22.283089060850525,1,0,0,21,15,7299.35,7211.053841722605,7796.984076149821
2024-01-17 21:30:00,7263.924215349844,21.98476091595821,1,0,0,21,30,7279.538486621321,7170.265027169395,7637.249227337534
2024-01-17 21:45:00,7254.940336403444,21.66830231308679,1,0,0,21,45,7263.924215349844,7135.248699031486,7484.25476485648
2024-01-17 22:00:00,7255.02,21.373,1,0,0,22,0,7254.940336403444,7097.78,7361.22
2024-01-17 22:15:00,7264.457026917182,21.12945184007448,1,0,0,22,15,7255.02,7050.767286066673,7284.057616831957
2024-01-17 22:30:00,7274.987920171825,20.933500159138514,1,0,0,22,30,7264.457026917182,6991.6517664256935,7239.453790498295
2024-01-17 22:45:00,7276.209853340555,20.77229839863329,1,0,0,22,45,7274.987920171825,6919.007863571868,7206.788068915487
2024-01-17 23:00:00,7257.72,20.633,1,0,0,23,0,7276.209853340555,6831.41,7165.44
2024-01-17 23:15:00,7213.7413744599535,20.50390045385156,1,0,0,23,15,7257.72,6731.675295260703,7100.813737772355
2024-01-17 23:30:00,7157.000353962862,20.377863447487737,1,0,0,23,30,7213.7413744599535,6639.591657127828,7022.411860669285
2024-01-17 23:45:00,7104.849156484339,20.24889471738005,1,0,0,23,45,7157.000353962862,6579.189690431041,6945.761553231571
2024-01-18 00:00:00,7074.64,20.111,1,0,0,0,0,7104.849156484339,6574.5,6886.39
2024-01-18 00:15:00,7076.804350243007,19.960196344519304,1,0,0,0,15,7074.64,6638.769970390519,6855.486963328624
2024-01-18 00:30:00,7094.09066397673,19.800546050910533,1,0,0,0,30,7076.804350243007,6742.114105062994,6846.892516824569
2024-01-18 00:45:00,7102.326645722088,19.6381227318465,1,0,0,0,45,7094.09066397673,6843.863687203972,6850.109311908229
2024-01-18 01:00:00,7077.34,19.479,1,0,0,1,0,7102.326645722088,6903.35,6854.64
2024-01-18 01:15:00,7003.583568318018,19.329548543071247,1,0,0,1,15,7077.34,6891.698885677226,6852.256533913151
2024-01-18 01:30:00,6900.0107401302175,19.197327348870125,1,0,0,1,30,7003.583568318018,6827.214422620198,6843.808072032444
2024-01-18 01:45:00,6794.200041877309,19.090192480233945,1,0,0,1,45,6900.0107401302175,6739.9952482530725,6832.413074135514
2024-01-18 02:00:00,6713.73,19.016,1,0,0,2,0,6794.200041877309,6660.14,6821.19
2024-01-18 02:15:00,6678.9091889849215,18.978031358195707,1,0,0,2,15,6713.73,6612.233861900582,6812.237838518772
2024-01-18 02:30:00,6680.966375502399,18.96126955360895,1,0,0,2,30,6678.9091889849215,6598.808204456214,6803.577695045656
2024-01-18 02:45:00,6703.860374268676,18.946122972217715,1,0,0,2,45,6680.966375502399,6616.880944783738,6792.211204049712
2024-01-18 03:00:00,6731.55,18.913,1,0,0,3,0,6703.860374268676,6663.47,6775.14
2024-01-18 03:15:00,6751.948894492294,18.84862289914592,1,0,0,3,15,6731.55,6731.792854220447,6755.311799511758
2024-01-18 03:30:00,6768.790007860188,18.76496943669408,1,0,0,3,30,6751.948894492294,6799.8652595549465,6759.458647784929
2024-01-18 03:45:00,6789.761117297988,18.6803312558952,1,0,0,3,45,6768.790007860188,6841.902535111973,6820.258672165636
2024-01-18 04:00:00,6822.55,18.613,1,0,0,4,0,6789.761117297988,6832.12,6970.39
2024-01-18 04:15:00,6876.929764295901,18.57853954522061,1,0,0,4,15,6822.55,6765.739096217633,7224.512775934197
2024-01-18 04:30:00,6971.01484305685,18.581602699614752,1,0,0,4,30,6876.929764295901,6722.005757324001,7525.215213814627
2024-01-18 04:45:00,7125.005000289373,18.624114504201515,1,0,0,4,45,6971.01484305685,6801.17203976837,7797.067544787742
2024-01-18 05:00:00,7359.1,18.708,1,0,0,5,0,7125.005000289373,7103.49,7964.64
2024-01-18 05:15:00,7681.456579574101,18.834406419971607,1,0,0,5,15,7359.1,7682.554042159023,7979.869128001455
2024-01-18 05:30:00,8052.059369912414,19.001369764846903,1,0,0,5,30,7681.456579574101,8405.327961149049,7904.156746956566
2024-01-18 05:45:00,8418.84997529452,19.206148227298748,1,0,0,5,45,8052.059369912414,9092.11789956455,7826.270992433393
2024-01-18 06:00:00,8729.77,19.446,1,0,0,6,0,8418.84997529452,9563.23,7834.98
2024-01-18 06:15:00,8943.340948657697,19.72295977489296,1,0,0,6,15,8729.77,9691.253953896272,7991.907118309985
2024-01-18 06:30:00,9060.403927293495,20.05816824099763,1,0,0,6,30,8943.340948657697,9557.913648079808,8250.096548359112
2024-01-18 06:45:00,9092.379942282549,20.47754258660349,1,0,0,6,45,9060.403927293495,9297.216518223438,8535.447704228684
2024-01-18 07:00:00,9050.69,21.007,1,0,0,7,0,9092.379942282549,9043.17,8773.86
2024-01-18 07:15:00,8958.928219545116,21.65883260545658,1,0,0,7,15,9050.69,8901.61451725588,8916.010523758609
2024-01-18 07:30:00,8889.381170913603,22.39083227116257,1,0,0,7,30,8958.928219545116,8865.722446531716,9011.68705960699
2024-01-18 07:45:00,8926.50853682529,23.14716580128727,1,0,0,7,45,8889.381170913603,8900.499152541692,9135.45506565188
2024-01-18 08:00:00,9154.77,23.872,1,0,0,8,0,8926.50853682529,8970.95,9361.88
2024-01-18 08:15:00,9620.814610661846,24.52078792828073,1,0,0,8,15,9154.77,9053.289383330202,9739.787974155588
2024-01-18 08:30:00,10220.048889052092,25.09412767435209,1,0,0,8,30,9620.814610661846,9168.567815793334,10215.047713212924
2024-01-18 08:45:00,10810.06872291629,25.60390358324742,1,0,0,8,45,10220.048889052092,9349.044840359797,10707.7885956638
2024-01-18 09:00:00,11248.47,26.062,1,0,0,9,0,10810.06872291629,9626.98,11138.14
2024-01-18 09:15:00,11430.104587807502,26.47890630642052,1,0,0,9,15,11248.47,10016.112949423312,11436.226017119036
2024-01-18 09:30:00,11398.848272878027,26.85953203142905,1,0,0,9,30,11430.104587807502,10456.103790294954,11572.149587541302
2024-01-18 09:45:00,11235.83282150954,27.207391740723065,1,0,0,9,45,11398.848272878027,10868.092736019122,11526.008364192918
2024-01-18 10:00:00,11022.19,27.526,1,0,0,10,0,11235.83282150954,11173.22,11277.9
2024-01-18 10:15:00,10830.408913108144,27.818555596037218,1,0,0,10,15,11022.19,11315.451318976551,10836.35248861827
2024-01-18 10:30:00,10698.408019435798,28.086994199931706,1,0,0,10,30,10830.408913108144,11330.054523026844,10323.615186621864
2024-01-18 10:45:00,10655.46311604555,28.33293570386033,1,0,0,10,45,10698.408019435798,11275.122965563714,9890.367791314527
2024-01-18 11:00:00,10730.85,28.558,1,0,0,11,0,10655.46311604555,11208.75,9687.29
2024-01-18 11:15:00,10931.932259759917,28.763730684430605,1,0,0,11,15,10730.85,11175.914430920477,9813.137153407886
2024-01-18 11:30:00,11178.424649378789,28.951366168844142,1,0,0,11,30,10931.932259759917,11169.136867597665,10158.96716597124
2024-01-18 11:45:00,11368.12971430826,29.1220685688356,1,0,0,11,45,11178.424649378789,11167.82337047602,10563.913595548973
2024-01-18 12:00:00,11398.85,29.277,1,0,0,12,0,11368.12971430826,11151.38,10867.11
2024-01-18 12:15:00,11206.456735352183,29.41664666624036,1,0,0,12,15,11398.85,11103.000176091542,10948.672804000184
2024-01-18 12:30:00,10879.095883049067,29.53879112469174,1,0,0,12,30,11206.456735352183,11021.026756582498,10852.649899493175
2024-01-18 12:45:00,10542.982089221416,29.64054002079726,1,0,0,12,45,10879.095883049067,10907.589958782206,10664.07204523958
2024-01-18 13:00:00,10324.33,29.719,1,0,0,13,0,10542.982089221416,10764.82,10467.97
2024-01-18 13:15:00,10312.99908008134,29.772167025607985,1,0,0,13,15,10324.33,10601.25314596336,10332.519286841376
2024-01-18 13:30:00,10453.42806842495,29.8015943323889,1,0,0,13,30,10312.99908008134,10451.049856072344,10258.474486056051
2024-01-18 13:45:00,10653.70052255608,29.809724472975365,1,0,0,13,45,10453.42806842495,10354.776638145153,10229.7349422427
2024-01-18 14:00:00,10821.9,29.799,1,0,0,14,0,10653.70052255608,10353.0,10230.2
2024-01-18 14:15:00,10884.904600572449,29.76848210632772,1,0,0,14,15,10821.9,10464.021146305024,10241.676923634304
2024-01-18 14:30:00,10844.770593251134,29.703706545752667,1,0,0,14,30,10884.904600572449,10617.080069128137,10237.604656282614
2024-01-18 14:45:00,10722.348789304257,29.586827712301275,1,0,0,14,45,10844.770593251134,10719.15145738718,10189.330060789622
2024-01-18 15:00:00,10538.49,29.4,1,0,0,15,0,10722.348789304257,10677.21,10068.2
2024-01-18 15:15:00,10314.090173878863,29.13265454908113,1,0,0,15,15,10538.49,10432.47148756654,9857.57286237142
2024-01-18 15:30:00,10070.22580857051,28.80332948460044,1,0,0,15,30,10314.090173878863,10063.116117415117,9588.853138813492
2024-01-18 15:45:00,9828.018538976905,28.43783967781952,1,0,0,15,45,10070.22580857051,9681.565188556133,9305.456845848816
2024-01-18 16:00:00,9608.59,28.062,1,0,0,16,0,9828.018538976905,9400.24,9050.8
2024-01-18 16:15:00,9425.985328912098,27.69614969734773,1,0,0,16,15,9608.59,9298.19805967881,8858.408814380022
2024-01-18 16:30:00,9265.94367246682,27.338725515845585,1,0,0,16,30,9425.985328912098,9321.0417112114,8722.250288463418
2024-01-18 16:45:00,9107.127679788136,26.98268857642064,1,0,0,16,45,9265.94367246682,9381.009507138288,8626.401618315105
2024-01-18 17:00:00,8928.2,26.621,1,0,0,17,0,9107.127679788136,9390.34,8554.94
2024-01-18 17:15:00,8715.665229222746,26.24879353652792,1,0,0,17,15,8928.2,9282.63377371822,8495.04141135849
2024-01-18 17:30:00,8487.3957515622,25.86989345201723,1,0,0,17,30,8715.665229222746,9076.93953773929,8446.276957332837
2024-01-18 17:45:00,8269.105898120553,25.490296641497924,1,0,0,17,45,8487.3957515622,8813.668032890715,8411.316524640763
2024-01-18 18:00:00,8086.51,25.116,1,0,0,18,0,8269.105898120553,8533.23,8392.83
2024-01-18 18:15:00,7959.965785446912,24.7558636565406,1,0,0,18,15,8086.51,8270.29715794831,8390.887415186016
2024-01-18 18:30:00,7888.404571284375,24.4302006760855,1,0,0,18,30,7959.965785446912,8036.585137831443,8395.159382205242
2024-01-18 18:45:00,7865.40107147965,24.16218735758765,1,0,0,18,45,7888.404571284375,7838.070548798854,8392.716658121844
2024-01-18 19:00:00,7884.53,23.975,1,0,0,19,0,7865.40107147965,7680.73,8370.63
2024-01-18 19:15:00,7936.0927227396,23.877829962309704,1,0,0,19,15,7884.53,7567.744313238539,8319.521427897445
2024-01-18 19:30:00,7997.297213300296,23.82392884364077,1,0,0,19,30,7936.0927227396,7491.111160934938,8244.218013846199
2024-01-18 19:45:00,8042.078097210843,23.752563303151465,1,0,0,19,45,7997.297213300296,7440.032428163868,8153.0980928718545
2024-01-18 20:00:00,8044.37,23.603,1,0,0,20,0,8042.078097210843,7403.71,8054.54
2024-01-18 20:15:00,7986.181917344682,23.334847744220603,1,0,0,20,15,8044.37,7373.054026597535,7955.479373224207
2024-01-18 20:30:00,7881.82032551444,22.9890839493514,1,0,0,20,30,7986.181917344682,7345.807718428805,7857.081062409963
2024-01-18 20:45:00,7753.666070926976,22.62702817980649,1,0,0,20,45,7881.82032551444,7321.422551045673,7759.067220390738
2024-01-18 21:00:00,7624.1,22.31,1,0,0,21,0,7753.666070926976,7299.35,7661.16
2024-01-18 21:15:00,7510.940857881669,22.083075935807887,1,0,0,21,15,7624.1,7279.538486621321,7562.923735455729
2024-01-18 21:30:00,7413.758984641947,21.926360358953623,1,0,0,21,30,7510.940857881669,7263.924215349844,7463.291486513948
2024-01-18 21:45:00,7327.562619081252,21.803714602622552,1,0,0,21,45,7413.758984641947,7254.940336403444,7361.038494315194
2024-01-18 22:00:00,7247.36,21.679,1,0,0,22,0,7327.562619081252,7255.02,7254.94
2024-01-18 22:15:00,7169.524338628645,21.52509851254785,1,0,0,22,15,7247.36,7264.457026917182,7144.512716202877
2024-01-18 22:30:00,7095.888735917775,21.3509746148341,1,0,0,22,30,7169.524338628645,7274.987920171825,7032.23924153424
2024-01-18 22:45:00,7029.651265248019,21.174613409703305,1,0,0,22,45,7095.888735917775,7276.209853340555,6921.343646098484
2024-01-18 23:00:00,6974.01,21.014,1,0,0,23,0,7029.651265248019,7257.72,6815.05
2024-01-18 23:15:00,6931.165068853756,20.88295188900072,1,0,0,23,15,6974.01,7213.7413744599535,6718.1083684827645
2024-01-18 23:30:00,6899.324821686953,20.778616181709964,1,0,0,23,30,6931.165068853756,7157.000353962862,6641.3727973490895
2024-01-18 23:45:00,6875.699663676676,20.693972383564223,1,0,0,23,45,6899.324821686953,7104.849156484339,6597.223327540869
2024-01-19 00:00:00,6857.5,20.622,1,0,0,0,0,6875.699663676676,7074.64,6598.04
2024-01-19 00:15:00,6842.626792206335,20.55739080644928,1,0,0,0,15,6857.5,7076.804350243007,6649.253497366065
2024-01-19 00:30:00,6831.74322733441,20.50168565832604,1,0,0,0,30,6842.626792206335,7094.09066397673,6728.497069069403
2024-01-19 00:45:00,6826.20304879528,20.45813768103979,1,0,0,0,45,6831.74322733441,7102.326645722088,6806.454606238039
2024-01-19 01:00:00,6827.36,20.430000000000003,1,0,0,1,0,6826.20304879528,7077.34,6853.81
2024-01-19 01:15:00,6836.341512320901,20.417641135202185,1,0,0,1,15,6827.36,7003.583568318018,6849.655610802975
2024-01-19 01:30:00,6853.369768975406,20.40989118498588,1,0,0,1,30,6836.341512320901,6900.0107401302175,6806.717676373299
2024-01-19 01:45:00,6878.440641142207,20.392695642276628,1,0,0,1,45,6853.369768975406,6794.200041877309,6746.130903756975
2024-01-19 02:00:00,6911.55,20.352,1,0,0,2,0,6878.440641142207,6713.73,6689.03
2024-01-19 02:15:00,6950.131689760058,20.278513402742,1,0,0,2,15,6911.55,6678.9091889849215,6652.440309422037
2024-01-19 02:30:00,6981.371446763969,20.181999601730464,1,0,0,2,30,6950.131689760058,6680.966375502399,6636.949725437401
2024-01-19 02:45:00,6989.892980385895,20.0769859998537,1,0,0,2,45,6981.371446763969,6703.860374268676,6639.036778734063
2024-01-19 03:00:00,6960.32,19.978,1,0,0,3,0,6989.892980385895,6731.55,6655.18
2024-01-19 03:15:00,6889.494384888862,19.894727128829828,1,0,0,3,15,6960.32,6751.948894492294,6682.470807758875
2024-01-19 03:30:00,6823.130693968718,19.81748540809227,1,0,0,3,30,6889.494384888862,6768.790007860188,6720.452171877098
2024-01-19 03:45:00,6819.161656064214,19.731750983308576,1,0,0,3,45,6823.130693968718,6789.761117297988,6769.279950056774
2024-01-19 04:00:00,6935.52,19.623,1,0,0,4,0,6819.161656064214,6822.55,6829.11
2024-01-19 04:15:00,7204.12405193449,19.4848437069387,1,0,0,4,15,6935.52,6876.929764295901,6900.550365792464
2024-01-19 04:30:00,7552.8345273611585,19.343433765900468,1,0,0,4,30,7204.12405193449,6971.01484305685,6986.017837054203
2024-01-19 04:45:00,7883.497739107247,19.233056941912,1,0,0,4,45,7552.8345273611585,7125.005000289373,7088.381389788839
2024-01-19 05:00:00,8097.96,19.188,1,0,0,5,0,7883.497739107247,7359.1,7210.51
2024-01-19 05:15:00,8129.966282373179,19.23288241841537,1,0,0,5,15,8097.96,7681.456579574101,7351.52132282127
2024-01-19 05:30:00,8040.856196586648,19.353654528305857,1,0,0,5,30,8129.966282373179,8052.059369912414,7495.527729906091
2024-01-19 05:45:00,7923.868012506793,19.526599374043418,1,0,0,5,45,8040.856196586648,8418.84997529452,7622.890272037866
2024-01-19 06:00:00,7872.24,19.728,1,0,0,6,0,7923.868012506793,8729.77,7713.97
2024-01-19 06:15:00,7952.273631072791,19.944751619399817,1,0,0,6,15,7872.24,8943.340948657697,7765.286842922455
2024-01-19 06:30:00,8122.5231862922465,20.2061981208761,1,0,0,6,30,7952.273631072791,9060.403927293495,7837.996243321434
2024-01-19 06:45:00,8314.606148365578,20.552295561914327,1,0,0,6,45,8122.5231862922465,9092.379942282549,8009.412522059695
2024-01-19 07:00:00,8460.14,21.023,1,0,0,7,0,8314.606148365578,9050.69,8356.85
2024-01-19 07:15:00,8517.94825583565,21.640939228985363,1,0,0,7,15,8460.14,8958.928219545116,8919.861617988909
2024-01-19 07:30:00,8555.678558244363,22.35942798818976,1,0,0,7,30,8517.94825583565,8889.381170913603,9586.954796808172
2024-01-19 07:45:00,8668.184581530893,23.114452753299265,1,0,0,7,45,8555.678558244363,8926.50853682529,10208.875577223353
2024-01-19 08:00:00,8950.32,23.842,1,0,0,8,0,8668.184581530893,9154.77,10636.37
2024-01-19 08:15:00,9454.869283084605,24.49144458965872,1,0,0,8,15,8950.32,9620.814610661846,10768.617622621914
2024-01-19 08:30:00,10066.340080730297,25.06571492636488,1,0,0,8,30,9454.869283084605,10220.048889052092,10698.532069445875
2024-01-19 08:45:00,10627.170838010845,25.5811277998886,1,0,0,8,45,10066.340080730297,10810.06872291629,10567.460481546894
2024-01-19 09:00:00,10979.8,26.054,1,0,0,9,0,10627.170838010845,11248.47,10516.75
2024-01-19 09:15:00,11021.274455575933,26.49853241237975,1,0,0,9,15,10979.8,11430.104587807502,10646.581797773431
2024-01-19 09:30:00,10867.07486883444,26.92046230635072,1,0,0,9,30,11021.274455575933,11398.848272878027,10892.473175408331
2024-01-19 09:45:00,10687.290347675727,27.32341104714633,1,0,0,9,45,10867.07486883444,11235.83282150954,11148.77546533907
2024-01-19 10:00:00,10652.01,27.710999999999995,1,0,0,10,0,10687.290347675727,11022.19,11309.84
2024-01-19 10:15:00,10873.720082111666,28.085066385822262,1,0,0,10,15,10652.01,10830.408913108144,11301.861592534353
2024-01-19 10:30:00,11234.495443931944,28.44031084823222,1,0,0,10,30,10873.720082111666,10698.408019435798,11178.408978920788
2024-01-19 10:45:00,11558.808083786247,28.769649886526064,1,0,0,10,45,11234.495443931944,10655.46311604555,11024.89437584683
2024-01-19 11:00:00,11671.13,29.066000000000003,1,0,0,11,0,11558.808083786247,10730.85,10926.73
2024-01-19 11:15:00,11457.8284972274,29.324311419331167,1,0,0,11,15,11671.13,10931.932259759917,10944.357300839156
2024-01-19 11:30:00,11052.852105437789,29.547669300720383,1,0,0,11,30,11457.8284972274,11178.424649378789,11038.334658908509
2024-01-19 11:45:00,10652.04466092928,29.74119253174941,1,0,0,11,45,11052.852105437789,11368.12971430826,11144.249687523608
2024-01-19 12:00:00,10451.25,29.910000000000004,1,0,0,12,0,10652.04466092928,11398.85,11197.69
2024-01-19 12:15:00,10580.41717897873,30.05834418685308,1,0,0,12,15,10451.25,11206.456735352183,11151.887797859024
2024-01-19 12:30:00,10905.916134316907,30.18701194888625,1,0,0,12,30,10580.41717897873,10879.095883049067,11030.653635445176
2024-01-19 12:45:00,11228.222022496631,30.2959237364763,1,0,0,12,45,10905.916134316907,10542.982089221416,10875.44265530874
2024-01-19 13:00:00,11347.81,30.385,1,0,0,13,0,11228.222022496631,10324.33,10727.71
2024-01-19 13:15:00,11126.008099357676,30.452921208256527,1,0,0,13,15,11347.81,10312.99908008134,10620.182132724743
2024-01-19 13:30:00,10667.55585729458,30.49340790373461,1,0,0,13,30,11126.008099357676,10453.42806842495,10550.670799310785
2024-01-19 13:45:00,10138.045686584192,30.4989406473454,1,0,0,13,45,10667.55585729458,10653.70052255608,10508.259066241431
2024-01-19 14:00:00,9703.07,30.462,1,0,0,14,0,10138.045686584192,10821.9,10482.03
2024-01-19 14:15:00,9487.088079840563,30.376674105120824,1,0,0,14,15,9703.07,10884.904600572449,10460.526483741996
2024-01-19 14:30:00,9450.026686504774,30.243481436175305,1,0,0,14,30,9487.088079840563,10844.770593251134,10430.130667311689
2024-01-19 14:45:00,9510.679449916595,30.06454804914213,1,0,0,14,45,9450.026686504774,10722.348789304257,10376.684517225538
2024-01-19 15:00:00,9587.84,29.842,1,0,0,15,0,9510.679449916595,10538.49,10286.03
2024-01-19 15:15:00,9618.727550030066,29.57789799626017,1,0,0,15,15,9587.84,10314.090173878863,10147.544901057268
2024-01-19 15:30:00,9614.263646686324,29.27404135156417,1,0,0,15,30,9618.727550030066,10070.22580857051,9964.750281442462
2024-01-19 15:45:00,9603.795419999422,28.93216403108608,1,0,0,15,45,9614.263646686324,9828.018538976905,9744.703021106425
2024-01-19 16:00:00,9616.67,28.553999999999995,1,0,0,16,0,9603.795419999422,9608.59,9494.46
2024-01-19 16:15:00,9672.391407539171,28.14343703483848,1,0,0,16,15,9616.67,9425.985328912098,9222.855005778923
2024-01-19 16:30:00,9751.09122674993,27.712978157568003,1,0,0,16,30,9672.391407539171,9265.94367246682,8945.82945691846
2024-01-19 16:45:00,9823.05793258572,27.277280201513527,1,0,0,16,45,9751.09122674993,9107.127679788136,8681.10167959877
2024-01-19 17:00:00,9858.58,26.851,1,0,0,17,0,9823.05793258572,8928.2,8446.39
2024-01-19 17:15:00,9831.67056981324,26.4455569893859,1,0,0,17,15,9858.58,8715.665229222746,8257.015075827036
2024-01-19 17:30:00,9731.24144631396,26.0594210181638,1,0,0,17,30,9831.67056981324,8487.3957515622,8118.70689088369
2024-01-19 17:45:00,9549.929099657702,25.6878245378598,1,0,0,17,45,9731.24144631396,8269.105898120553,8034.797760498497
2024-01-19 18:00:00,9280.37,25.326,1,0,0,18,0,9549.929099657702,8086.51,8008.62
2024-01-19 18:15:00,8930.62381320787,24.972647507617925,1,0,0,18,15,9280.37,7959.965785446912,8037.679065912928
2024-01-19 18:30:00,8570.44298799423,24.6403377697768,1,0,0,18,30,8930.62381320787,7888.404571284375,8096.172979546779
2024-01-19 18:45:00,8285.003168783474,24.34510914704727,1,0,0,18,45,8570.44298799423,7865.40107147965,8152.47290340724
2024-01-19 19:00:00,8159.48,24.103,1,0,0,19,0,8285.003168783474,7884.53,8174.95
2024-01-19 19:15:00,8244.235739855281,23.92171235514241,1,0,0,19,15,8159.48,7936.0927227396,8141.0608480212495
2024-01-19 19:30:00,8450.37910170912,23.77560290272902,1,0,0,19,30,8244.235739855281,7997.297213300296,8064.603690929193
2024-01-19 19:45:00,8654.205412708401,23.63069199895112,1,0,0,19,45,8450.37910170912,8042.078097210843,7968.46218837254
2024-01-19 20:00:00,8732.01,23.453000000000003,1,0,0,20,0,8654.205412708401,8044.37,7875.52
2024-01-19 20:15:00,8596.108071121,23.219378071812443,1,0,0,20,15,8732.01,7986.181917344682,7804.796917002075
2024-01-19 20:30:00,8302.894355169283,22.95000061930714,1,0,0,20,30,8596.108071121,7881.82032551444,7759.857256736447
2024-01-19 20:45:00,7944.783461632922,22.675872857148267,1,0,0,20,45,8302.894355169283,7753.666070926976,7740.401468102596
2024-01-19 21:00:00,7614.19,22.428,1,0,0,21,0,7944.783461632922,7624.1,7746.13
2024-01-19 21:15:00,7386.451975660713,22.229478482607828,1,0,0,21,15,7614.19,7510.940857881669,7772.052577720454
2024-01-19 21:30:00,7268.60097761375,22.07176962004243,1,0,0,21,30,7386.451975660713,7413.758984641947,7794.416032125017
2024-01-19 21:45:00,7250.591990759909,21.938425947455823,1,0,0,21,45,7268.60097761375,7327.562619081252,7784.776470467074
2024-01-19 22:00:00,7322.38,21.813,1,0,0,22,0,7250.591990759909,7247.36,7714.69
2024-01-19 22:15:00,7463.991994986142,21.683004872756257,1,0,0,22,15,7322.38,7169.524338628645,7566.996209616112
2024-01-19 22:30:00,7615.742984375721,21.551795900523125,1,0,0,22,30,7463.991994986142,7095.888735917775,7369.668614763481
2024-01-19 22:45:00,7708.019981577439,21.42668897802843,1,0,0,22,45,7615.742984375721,7029.651265248019,7161.964212529108
2024-01-19 23:00:00,7671.21,21.315,1,0,0,23,0,7708.019981577439,6974.01,6983.14
2024-01-19 23:15:00,7466.811763144719,21.221752026367145,1,0,0,23,15,7671.21,6931.165068853756,6862.752740065095
2024-01-19 23:30:00,7180.770834883369,21.142796777865072,1,0,0,23,30,7466.811763144719,6899.324821686953,6791.558258821061
2024-01-19 23:45:00,6930.144489180334,21.07169314043046,1,0,0,23,45,7180.770834883369,6875.699663676676,6750.612148166495
2024-01-20 00:00:00,6831.99,21.002,1,0,1,0,0,6930.144489180334,6857.5,6720.97
2024-01-20 00:15:00,6961.84032743498,20.92873702177516,1,0,1,0,15,6831.99,6842.626792206335,6688.893767623507
2024-01-20 00:30:00,7229.131176090804,20.85276698801659,1,0,1,0,30,6961.84032743498,6831.74322733441,6661.47084995228
2024-01-20 00:45:00,7501.7739367012255,20.776413460249724,1,0,1,0,45,7229.131176090804,6826.20304879528,6650.995007304912
2024-01-20 01:00:00,7647.68,20.702,1,0,1,1,0,7501.7739367012255,6827.36,6669.76
2024-01-20 01:15:00,7573.441458365357,20.63289363653221,1,0,1,1,15,7647.68,6836.341512320901,6724.472814440876
2024-01-20 01:30:00,7340.373210753414,20.576635270068568,1,0,1,1,30,7573.441458365357,6853.369768975406,6799.493341369823
2024-01-20 01:45:00,7048.470857764764,20.54180926857064,1,0,1,1,45,7340.373210753414,6878.440641142207,6873.5946976138575
2024-01-20 02:00:00,6797.73,20.537000000000003,1,0,1,2,0,7048.470857764764,6911.55,6925.55
2024-01-20 02:15:00,6667.142432853591,20.564641557096007,1,0,1,2,15,6797.73,6950.131689760058,6942.165287112987
2024-01-20 02:30:00,6651.684730895537,20.602566931709152,1,0,1,2,30,6667.142432853591,6981.371446763969,6942.378284568431
2024-01-20 02:45:00,6725.329663489714,20.62245884046773,1,0,1,2,45,6651.684730895537,6989.892980385895,6953.15963973966
2024-01-20 03:00:00,6862.05,20.596,1,0,1,3,0,6725.329663489714,6960.32,7001.48
2024-01-20 03:15:00,7037.957560220276,20.504665135083773,1,0,1,3,15,6862.05,6889.494384888862,7103.962755857172
2024-01-20 03:30:00,7237.720365664436,20.36909700309483,1,0,1,3,30,7037.957560220276,6823.130693968718,7235.842270356452
2024-01-20 03:45:00,7448.145488276378,20.21973036955848,1,0,1,3,45,7237.720365664436,6819.161656064214,7362.005649677506
2024-01-20 04:00:00,7656.04,20.087,1,0,1,4,0,7448.145488276378,6935.52,7447.34
2024-01-20 04:15:00,7850.500295015306,19.99794790256891,1,0,1,4,15,7656.04,7204.12405193449,7469.204314458324
2024-01-20 04:30:00,8029.78005644672,19.96604505591152,1,0,1,4,30,7850.500295015306,7552.8345273611585,7454.84513400576
2024-01-20 04:45:00,8194.422289654773,20.00136968129837,1,0,1,4,45,8029.78005644672,7883.497739107247,7443.980886550317
2024-01-20 05:00:00,8344.97,20.114,1,0,1,5,0,8194.422289654773,8097.96,7476.33
2024-01-20 05:15:00,8483.502822218501,20.306949504640595,1,0,1,5,15,8344.97,8129.966282373179,7580.107798809534
2024-01-20 05:30:00,8618.246908548685,20.55497277325908,1,0,1,5,30,8483.502822218501,8040.856196586648,7737.517193620508
2024-01-20 05:45:00,8758.965040604526,20.825759655248014,1,0,1,5,45,8618.246908548685,7923.868012506793,7919.257991621229
2024-01-20 06:00:00,8915.42,21.087,1,0,1,6,0,8758.965040604526,7872.24,8096.03
2024-01-20 06:15:00,9092.123884860686,21.318816578868702,1,0,1,6,15,8915.42,7952.273631072791,8253.072302803539
2024-01-20 06:30:00,9272.586059358546,21.551063851052174,1,0,1,6,30,9092.123884860686,8122.5231862922465,8433.781091512206
2024-01-20 06:45:00,9435.06520417713,21.82602919770956,1,0,1,6,45,9272.586059358546,8314.606148365578,8696.09183446477
2024-01-20 07:00:00,9557.82,22.186,1,0,1,7,0,9435.06520417713,8460.14,9097.94
2024-01-20 07:15:00,9627.479294588751,22.65948730488459,1,0,1,7,15,9557.82,8517.94825583565,9659.71298997631
2024-01-20 07:30:00,9664.152604017136,23.21989682253222,1,0,1,7,30,9627.479294588751,8555.678558244363,10251.605940330668
2024-01-20 07:45:00,9696.319611436957,23.826857928913743,1,0,1,7,45,9664.152604017136,8668.184581530893,10706.265920519692
2024-01-20 08:00:00,9752.46,24.44,1,0,1,8,0,9696.319611436957,8950.32,10856.34
2024-01-20 08:15:00,9857.760811784305,25.025046701592945,1,0,1,8,15,9752.46,9454.869283084605,10598.864643541228
2024-01-20 08:30:00,10024.238524572898,25.572098858818947,1,0,1,8,30,9857.760811784305,10066.340080730297,10088.433897165123
2024-01-20 08:45:00,10260.61697507504,26.07735158663548,1,0,1,8,45,10024.238524572898,10627.170838010845,9544.031202206455
2024-01-20 09:00:00,10575.62,26.537,1,0,1,9,0,10260.61697507504,10979.8,9184.64
2024-01-20 09:15:00,10964.552770774024,26.95013838874362,1,0,1,9,15,10575.62,11021.274455575933,9168.695935858776
2024-01-20 09:30:00,11369.04579769127,27.32745774219199,1,0,1,9,30,10964.552770774024,10867.07486883444,9412.44347100883
2024-01-20 09:45:00,11717.31092576288,27.68254822454436,1,0,1,9,45,11369.04579769127,10687.290347675727,9771.57927065447
2024-01-20 10:00:00,11937.56,28.029000000000003,1,0,1,10,0,11717.31092576288,10652.01,10101.8
2024-01-20 10:15:00,11983.413417619604,28.37402474343256,1,0,1,10,15,11937.56,10873.720082111666,10293.41192552367
2024-01-20 10:30:00,11910.125784662028,28.699320172413103,1,0,1,10,30,11983.413417619604,11234.495443931944,10375.15971879955
2024-01-20 10:45:00,11798.360259373436,28.980205515187105,1,0,1,10,45,11910.125784662028,11558.808083786247,10410.397652675654
2024-01-20 11:00:00,11728.78,29.192,1,0,1,11,0,11798.360259373436,11671.13,10462.48
2024-01-20 11:15:00,11756.322464997556,29.32021576252616,1,0,1,11,15,11728.78,11457.8284972274,10575.10339329654
2024-01-20 11:30:00,11833.022313660622,29.39113656815559,1,0,1,11,30,11756.322464997556,11052.852105437789,10713.333903792967
2024-01-20 11:45:00,11885.188505493374,29.441239089707224,1,0,1,11,45,11833.022313660622,10652.04466092928,10822.579962392909
2024-01-20 12:00:00,11839.13,29.507,1,0,1,12,0,11885.188505493374,10451.25,10848.25
2024-01-20 12:15:00,11644.376409890165,29.613705956462823,1,0,1,12,15,11839.13,10580.41717897873,10756.35856379017
2024-01-20 12:30:00,11343.339960695484,29.74188355496453,1,0,1,12,30,11644.376409890165,10905.916134316907,10595.344666028584
2024-01-20 12:45:00,11001.653531153064,29.860869375983984,1,0,1,12,45,11343.339960695484,11228.222022496631,10434.253435252704
2024-01-20 13:00:00,10684.95,29.94,1,0,1,13,0,11001.653531153064,11347.81,10342.13
2024-01-20 13:15:00,10444.315176691782,29.95719478662257,1,0,1,13,15,10684.95,11126.008099357676,10367.896257792774
2024-01-20 13:30:00,10272.646593557436,29.924704211986267,1,0,1,13,30,10444.315176691782,10667.55585729458,10479.981182092695
2024-01-20 13:45:00,10148.29471364437,29.86336153135684,1,0,1,13,45,10272.646593557436,10138.045686584192,10626.69051534627
2024-01-20 14:00:00,10049.61,29.794,1,0,1,14,0,10148.29471364437,9703.07,10756.33
2024-01-20 14:15:00,9964.287727092707,29.73112427204692,1,0,1,14,15,10049.61,9487.088079840563,10829.227342538725
2024-01-20 14:30:00,9917.402415074775,29.66392459709039,1,0,1,14,30,9964.287727092707,9450.026686504774,10853.798105600628
2024-01-20 14:45:00,9943.373395519457,29.575262623588674,1,0,1,14,45,9917.402415074775,9510.679449916595,10850.479815862212
2024-01-20 15:00:00,10076.62,29.448,1,0,1,15,0,9943.373395519457,9587.84,10839.71
2024-01-20 15:15:00,10325.287821187389,29.26862062518979,1,0,1,15,15,10076.62,9618.727550030066,10830.48140330232
2024-01-20 15:30:00,10592.42749614347,29.03809739965217,1,0,1,15,30,10325.287821187389,9614.263646686324,10786.007645504798
2024-01-20 15:45:00,10754.815923027816,28.76102547428847,1,0,1,15,45,10592.42749614347,9603.795419999422,10658.057564954875
2024-01-20 16:00:00,10689.23,28.442,1,0,1,16,0,10754.815923027816,9616.67,10398.4
2024-01-20 16:15:00,10321.31348815774,28.086580727193944,1,0,1,16,15,10689.23,9672.391407539171,9982.590013001987
2024-01-20 16:30:00,9772.177600351348,27.70418580430092,1,0,1,16,30,10321.31348815774,9751.09122674993,9481.327562380178
2024-01-20 16:45:00,9211.80041236928,27.305197979257443,1,0,1,16,45,9772.177600351348,9823.05793258572,8989.098830568277
2024-01-20 17:00:00,8810.16,26.9,1,0,1,17,0,9211.80041236928,9858.58,8600.39
2024-01-20 17:15:00,8689.56697618165,26.49790021603445,1,0,1,17,15,8810.16,9831.67056981324,8384.18182593972
2024-01-20 17:30:00,8781.662102451137,26.10390938314414,1,0,1,17,30,8689.56697618165,9731.24144631396,8307.433354974486
2024-01-20 17:45:00,8970.418677495054,25.72196385868175,1,0,1,17,45,8781.662102451137,9549.929099657702,8311.598206522009
2024-01-20 18:00:00,9139.81,25.356,1,0,1,18,0,8970.418677495054,9280.37,8338.13
2024-01-20 18:15:00,9198.809388365658,25.00969340866825,1,0,1,18,15,9139.81,8930.62381320787,8340.004089489123
2024-01-20 18:30:00,9156.390239844102,24.685676663122536,1,0,1,18,30,9198.809388365658,8570.44298799423,8316.28276772187
2024-01-20 18:45:00,9046.525971400491,24.38632158601555,1,0,1,18,45,9156.390239844102,8285.003168783474,8277.55006209368
2024-01-20 19:00:00,8903.19,24.114,1,0,1,19,0,9046.525971400491,8159.48,8234.39
2024-01-20 19:15:00,8755.100626605714,23.870669899292555,1,0,1,19,15,8903.19,8244.235739855281,8192.215409853781
2024-01-20 19:30:00,8609.955688172457,23.65663396436574,1,0,1,19,30,8755.100626605714,8450.37910170912,8135.754324138029
2024-01-20 19:45:00,8470.197905652967,23.47178104725606,1,0,1,19,45,8609.955688172457,8654.205412708401,8044.563576353263
2024-01-20 20:00:00,8338.27,23.316000000000003,1,0,1,20,0,8470.197905652967,8732.01,7898.2
2024-01-20 20:15:00,8215.13748021148,23.18648636916154,1,0,1,20,15,8338.27,8596.108071121,7689.600364845752
2024-01-20 20:30:00,8095.857007466078,23.06966247941452,1,0,1,20,30,8215.13748021148,8302.894355169283,7465.221185726012
2024-01-20 20:45:00,7974.008030987636,22.94925734996023,1,0,1,20,45,8095.857007466078,7944.783461632922,7284.898913743265
2024-01-20 21:00:00,7843.17,22.809,1,0,1,21,0,7974.008030987636,7614.19,7208.47
2024-01-20 21:15:00,7701.469140048357,22.638306499061287,1,0,1,21,15,7843.17,7386.451975660713,7273.991724513212
2024-01-20 21:30:00,7565.218781963233,22.449341117976203,1,0,1,21,30,7701.469140048357,7268.60097761375,7432.404682957924
2024-01-20 21:45:00,7455.279032896492,22.25995517790302,1,0,1,21,45,7565.218781963233,7250.591990759909,7612.870299923676
2024-01-20 22:00:00,7392.51,22.088,1,0,1,22,0,7455.279032896492,7322.38,7744.55
2024-01-20 22:15:00,7388.797209595093,21.94741263459331,1,0,1,22,15,7392.51,7463.991994986142,7771.902580851405
2024-01-20 22:30:00,7420.127864680993,21.83647304868067,1,0,1,22,30,7388.797209595093,7615.742984375721,7700.5763324422915
2024-01-20 22:45:00,7453.514587426396,21.74954693842769,1,0,1,22,45,7420.127864680993,7708.019981577439,7551.516917812032
2024-01-20 23:00:00,7455.97,21.681,1,0,1,23,0,7453.514587426396,7671.21,7345.67
2024-01-20 23:15:00,7406.073584071275,21.62446483756548,1,0,1,23,15,7455.97,7466.811763144719,7106.276858331169
2024-01-20 23:30:00,7328.672259312797,21.57064168730112,1,0,1,23,30,7406.073584071275,7180.770834883369,6865.761237272911
2024-01-20 23:45:00,7260.179804897922,21.509497693386205,1,0,1,23,45,7328.672259312797,6930.144489180334,6658.842497578196
2024-01-21 00:00:00,7237.01,21.431,1,0,1,0,0,7260.179804897922,6831.99,6520.24
2024-01-21 00:15:00,7281.98032911981,21.3284155151448,1,0,1,0,15,7237.01,6961.84032743498,6472.64061082392
2024-01-21 00:30:00,7363.523098067821,21.208210202114863,1,0,1,0,30,7281.98032911981,7229.131176090804,6490.601218466068
2024-01-21 00:45:00,7436.47431798192,21.080149788027505,1,0,1,0,45,7363.523098067821,7501.7739367012255,6536.646216875181
2024-01-21 01:00:00,7455.67,20.954,1,0,1,1,0,7436.47431798192,7647.68,6573.3
2024-01-21 01:15:00,7390.112443199486,20.83724810185535,1,0,1,1,15,7455.67,7573.441458365357,6571.747260873152
2024-01-21 01:30:00,7265.469098415924,20.728267504239422,1,0,1,1,30,7390.112443199486,7340.373210753414,6537.81388886282
2024-01-21 01:45:00,7121.573704424402,20.623153154503783,1,0,1,1,45,7265.469098415924,7048.470857764764,6485.986072421079
2024-01-21 02:00:00,6998.26,20.518,1,0,1,2,0,7121.573704424402,6797.73,6430.75
2024-01-21 02:15:00,6927.220366832253,20.4098889524338,1,0,1,2,15,6998.26,6667.142432853591,6387.232689433475
2024-01-21 02:30:00,6907.581758268484,20.299844780927447,1,0,1,2,30,6927.220366832253,6651.684730895537,6373.124476082654
2024-01-21 02:45:00,6930.3297705704745,20.18987821895737,1,0,1,2,45,6907.581758268484,6725.329663489714,6406.756524690507
2024-01-21 03:00:00,6986.45,20.082,1,0,1,3,0,6930.3297705704745,6862.05,6506.46
2024-01-21 03:15:00,7068.610308221509,19.97941483840947,1,0,1,3,15,6986.45,7037.957560220276,6683.268387642951
2024-01-21 03:30:00,7176.20761851014,19.8901033720508,1,0,1,3,30,7068.610308221509,7237.720365664436,6919.0244568065655
2024-01-21 03:45:00,7310.321119543699,19.823240219666733,1,0,1,3,45,7176.20761851014,7448.145488276378,7188.273297566896
2024-01-21 04:00:00,7472.03,19.788,1,0,1,4,0,7310.321119543699,7656.04,7465.56
2024-01-21 04:15:00,7658.491994031711,19.79165481892833,1,0,1,4,15,7472.03,7850.500295015306,7727.401259994724
2024-01-21 04:30:00,7851.179017690957,19.83386673086936,1,0,1,4,30,7658.491994031711,8029.78005644672,7958.200196691088
2024-01-21 04:45:00,8027.641532504725,19.912395277375705,1,0,1,4,45,7851.179017690957,8194.422289654773,8144.331535041909
2024-01-21 05:00:00,8165.43,20.025,1,0,1,5,0,8027.641532504725,8344.97,8272.17
2024-01-21 05:15:00,8254.733434401645,20.16893463587722,1,0,1,5,15,8165.43,8483.502822218501,8336.452197378154
2024-01-21 05:30:00,8336.29506072603,20.33942970447178,1,0,1,5,30,8254.733434401645,8618.246908548685,8365.362256429084
2024-01-21 05:45:00,8463.496656687399,20.53120992083045,1,0,1,5,45,8336.29506072603,8758.965040604526,8395.446187265468
2024-01-21 06:00:00,8689.72,20.739,1,0,1,6,0,8463.496656687399,8915.42,8463.25
2024-01-21 06:15:00,9045.458955861708,20.962997262562787,1,0,1,6,15,8689.72,9092.123884860686,8597.248856742654
2024-01-21 06:30:00,9469.655739404923,21.22528945124352,1,0,1,6,30,9045.458955861708,9272.586059358546,8793.634527592578
2024-01-21 06:45:00,9878.364653245677,21.55343691430249,1,0,1,6,45,9469.655739404923,9435.06520417713,9040.527934646212
2024-01-21 07:00:00,10187.64,21.975,1,0,1,7,0,9878.364653245677,9557.82,9326.05
2024-01-21 07:15:00,10341.40730465152,22.506029438871632,1,0,1,7,15,10187.64,9627.479294588751,9638.542531901228
2024-01-21 07:30:00,10395.076981654278,23.116537490554148,1,0,1,7,30,10341.40730465152,9664.152604017136,9967.230883200602
2024-01-21 07:45:00,10431.93066782989,23.765026796959585,1,0,1,7,45,10395.076981654278,9696.319611436957,10301.561292899676
2024-01-21 08:00:00,10535.25,24.41,1,0,1,8,0,10431.93066782989,9752.46,10630.98
2024-01-21 08:15:00,10762.668856782202,25.016650606950684,1,0,1,8,15,10535.25,9857.760811784305,10943.185078152426
2024-01-21 08:30:00,11069.230083977976,25.576935586539904,1,0,1,8,30,10762.668856782202,10024.238524572898,11218.881939605006
2024-01-21 08:45:00,11384.328769184758,26.089502772859166,1,0,1,8,45,11069.230083977976,10260.61697507504,11437.02783125508
2024-01-21 09:00:00,11637.36,26.553,1,0,1,9,0,11384.328769184758,10575.62,11576.58
2024-01-21 09:15:00,11772.89320571967,26.968727508325635,1,0,1,9,15,11637.36,10964.552770774024,11624.803717989062
2024-01-21 09:30:00,11796.195182433832,27.34859516328625,1,0,1,9,30,11772.89320571967,11369.04579769127,11602.196358379371
2024-01-21 09:45:00,11727.707067931078,27.707165236603736,1,0,1,9,45,11796.195182433832,11717.31092576288,11537.563319579998
2024-01-21 10:00:00,11587.87,28.059,1,0,1,10,0,11727.707067931078,11937.56,11459.71
2024-01-21 10:15:00,11400.04097658912,28.41400185974677,1,0,1,10,15,11587.87,11983.413417619604,11392.03379989133
2024-01-21 10:30:00,11199.2404362867,28.763433760315102,1,0,1,10,30,11400.04097658912,11910.125784662028,11336.3001268775
2024-01-21 10:45:00,11023.404677840928,29.093898780725883,1,0,1,10,45,11199.2404362867,11798.360259373436,11288.866390424924
2024-01-21 11:00:00,10910.47,29.392000000000003,1,0,1,11,0,11023.404677840928,11728.78,11246.09
2024-01-21 11:15:00,10885.123044173846,29.64759317768729,1,0,1,11,15,10910.47,11756.322464997556,11204.35889494562
2024-01-21 11:30:00,10919.051822419371,29.86354479545335,1,0,1,11,30,10885.123044173846,11833.022313660622,11160.183134110615
2024-01-21 11:45:00,10970.694689455207,30.04597401549274,1,0,1,11,45,10919.051822419371,11885.188505493374,11110.103306220304
2024-01-21 12:00:00,10998.49,30.201,1,0,1,12,0,10970.694689455207,11839.13,11050.66
2024-01-21 12:15:00,10969.941065465486,30.33301605450408,1,0,1,12,15,10998.49,11644.376409890165,10975.147339076191
2024-01-21 12:30:00,10888.811024035816,30.439512057871507,1,0,1,12,30,10969.941065465486,11343.339960695484,10863.873586680036
2024-01-21 12:45:00,10767.927970588238,30.51625203230317,1,0,1,12,45,10888.811024035816,11001.653531153064,10693.900540943863
2024-01-21 13:00:00,10620.12,30.559,1,0,1,13,0,10767.927970588238,10684.95,10442.29
2024-01-21 13:15:00,10460.223162714205,30.565186354296376,1,0,1,13,15,10620.12,10444.315176691782,10099.318623749616
2024-01-21 13:30:00,10311.105331437362,30.538906973060623,1,0,1,13,30,10460.223162714205,10272.646593557436,9708.122519169245
2024-01-21 13:45:00,10197.64233444184,30.485924105294565,1,0,1,13,45,10311.105331437362,10148.29471364437,9325.052655004249
2024-01-21 14:00:00,10144.71,30.412,1,0,1,14,0,10197.64233444184,10049.61,9006.46
2024-01-21 14:15:00,10163.739564927691,30.32026977831041,1,0,1,14,15,10144.71,9964.287727092707,8799.47050967534
2024-01-21 14:30:00,10212.383900214732,30.203360049885987,1,0,1,14,30,10163.739564927691,9917.402415074775,8714.31008664299
2024-01-21 14:45:00,10234.8512853944,30.051270296518567,1,0,1,14,45,10212.383900214732,9943.373395519457,8751.979620289147
2024-01-21 15:00:00,10175.35,29.854,1,0,1,15,0,10234.8512853944,10076.62,8913.48
2024-01-21 15:15:00,9996.119827575016,29.60609390746196,1,0,1,15,15,10175.35,10325.287821187389,9184.29308754902
2024-01-21 15:30:00,9731.526567703711,29.32027782739542,1,0,1,15,30,9996.119827575016,10592.42749614347,9487.824634258788
2024-01-21 15:45:00,9433.967523980557,29.013822833631167,1,0,1,15,45,9731.526567703711,10754.815923027816,9731.961363839162
2024-01-21 16:00:00,9155.84,28.704,1,0,1,16,0,9433.967523980557,10689.23,9824.59
2024-01-21 16:15:00,8936.309093522246,28.402323341841736,1,0,1,16,15,9155.84,10321.31348815774,9703.959483878583
2024-01-21 16:30:00,8761.61107897042,28.09727864053233,1,0,1,16,30,8936.309093522246,9772.177600351348,9429.767626321862
2024-01-21 16:45:00,8604.750024933383,27.77159461895676,1,0,1,16,45,8761.61107897042,9211.80041236928,9092.074455604208
2024-01-21 17:00:00,8438.73,27.408,1,0,1,17,0,8604.750024933383,8810.16,8780.94
2024-01-21 17:15:00,8248.385517086002,26.99797210017109,1,0,1,17,15,8438.73,8689.56697618165,8564.379914436653
2024-01-21 17:30:00,8065.872866414609,26.56798261047526,1,0,1,17,30,8248.385517086002,8781.662102451137,8422.232360453772
2024-01-21 17:45:00,7935.178782535911,26.1532518155418,1,0,1,17,45,8065.872866414609,8970.418677495054,8312.291126244005
2024-01-21 18:00:00,7900.29,25.789,1,0,1,18,0,7935.178782535911,9139.81,8192.35
2024-01-21 18:15:00,7987.746963133745,25.49935075747392,1,0,1,18,15,7900.29,9198.809388365658,8030.386639624804
2024-01-21 18:30:00,8154.304955371142,25.264040917566643,1,0,1,18,30,7987.746963133745,9156.390239844102,7835.11418186305
2024-01-21 18:45:00,8339.272969922968,25.051710618876047,1,0,1,18,45,8154.304955371142,9046.525971400491,7625.4296331697715
2024-01-21 19:00:00,8481.96,24.831,1,0,1,19,0,8339.272969922968,8903.19,7420.23
2024-01-21 19:15:00,8536.488661629017,24.579531119933257,1,0,1,19,15,8481.96,8755.100626605714,7235.688995814132
2024-01-21 19:30:00,8516.23606210082,24.310853719258176,1,0,1,19,30,8536.488661629017,8609.955688172457,7077.087162094027
2024-01-21 19:45:00,8449.392931522212,24.047499458954004,1,0,1,19,45,8516.23606210082,8470.197905652967,6946.981747326908
2024-01-21 20:00:00,8364.15,23.812,1,0,1,20,0,8449.392931522212,8338.27,6847.93
2024-01-21 20:15:00,8283.374640350186,23.62110288779305,1,0,1,20,15,8364.15,8215.13748021148,6780.493627118668
2024-01-21 20:30:00,8208.640796225578,23.468419205400657,1,0,1,20,30,8283.374640350186,8095.857007466078,6737.252169760843
2024-01-21 20:45:00,8136.199053988182,23.341775920307928,1,0,1,20,45,8208.640796225578,7974.008030987636,6708.789627522596
2024-01-21 21:00:00,8062.3,23.229,1,0,1,21,0,8136.199053988182,7843.17,6685.69
2024-01-21 21:15:00,7984.357620720235,23.11924482889452,1,0,1,21,15,8062.3,7701.469140048357,6658.998370711196
2024-01-21 21:30:00,7904.439502996863,23.006969459139203,1,0,1,21,30,7984.357620720235,7565.218781963233,6621.604158862603
2024-01-21 21:45:00,7825.776633775061,22.88795935981428,1,0,1,21,45,7904.439502996863,7455.279032896492,6566.857867582708
2024-01-21 22:00:00,7751.6,22.758000000000003,1,0,1,22,0,7825.776633775061,7392.51,6488.11
2024-01-21 22:15:00,7683.263626768876,22.61462092162888,1,0,1,22,15,7751.6,7388.797209595093,6384.939608786547
2024-01-21 22:30:00,7614.613691786968,22.46232795804255,1,0,1,22,30,7683.263626768876,7420.127864680993,6281.839944788746
2024-01-21 22:45:00,7537.619410911577,22.307371015434946,1,0,1,22,45,7614.613691786968,7453.514587426396,6209.5328083965705
2024-01-21 23:00:00,7444.25,22.156,1,0,1,23,0,7537.619410911577,7455.97,6198.74
2024-01-21 23:15:00,7331.17943470426,22.013474609589984,1,0,1,23,15,7444.25,7406.073584071275,6267.966162892614
2024-01-21 23:30:00,7213.900729855263,21.88109370869061,1,0,1,23,30,7331.17943470426,7328.672259312797,6386.847311982415
2024-01-21 23:45:00,7112.611660078634,21.75916595344593,1,0,1,23,45,7213.900729855263,7260.179804897922,6512.802305081007
2024-01-22 00:00:00,7047.51,21.648000000000003,1,0,0,0,0,7112.611660078634,7237.01,6603.25
2024-01-22 00:15:00,7030.503009414082,21.546761890011187,1,0,0,0,15,7047.51,7281.98032911981,6628.070114642996
2024-01-22 00:30:00,7040.33588879198,21.450047207195023,1,0,0,0,30,7030.503009414082,7363.523098067821,6606.985807281596
2024-01-22 00:45:00,7047.463323773888,21.35130892078135,1,0,0,0,45,7040.33588879198,7436.47431798192,6572.181096279397
2024-01-22 01:00:00,7022.34,21.244,1,0,0,1,0,7047.463323773888,7455.67,6555.84
2024-01-22 01:15:00,6947.028527639412,21.12407158036528,1,0,0,1,15,7022.34,7390.112443199486,6578.136503535403
2024-01-22 01:30:00,6850.023214976816,20.997467462529315,1,0,0,1,30,6947.028527639412,7265.469098415924,6611.204458891204
2024-01-22 01:45:00,6771.426294825813,20.87262961342869,1,0,0,1,45,6850.023214976816,7121.573704424402,6615.167684801404
2024-01-22 02:00:00,6751.34,20.758,1,0,0,2,0,6771.426294825813,6998.26,6550.15
2024-01-22 02:15:00,6817.670380028276,20.660373663527697,1,0,0,2,15,6751.34,6927.220366832253,6395.396371215394
2024-01-22 02:30:00,6949.5387513007545,20.57995794268773,1,0,0,2,30,6817.670380028276,6907.581758268484,6206.636357153588
2024-01-22 02:45:00,7113.870246922856,20.51531325050389,1,0,0,2,45,6949.5387513007545,6930.3297705704745,6058.720664514988
2024-01-22 03:00:00,7277.59,20.465,1,0,0,3,0,7113.870246922856,6986.45,6026.5
2024-01-22 03:15:00,7413.355420997489,20.426043140523923,1,0,0,3,15,7277.59,7068.610308221509,6160.388636603024
2024-01-22 03:30:00,7516.753029820166,20.38932576671977,1,0,0,3,30,7413.355420997489,7176.20761851014,6413.055112494443
2024-01-22 03:45:00,7589.101623732762,20.344195509555743,1,0,0,3,45,7516.753029820166,7310.321119543699,6712.731532138641
2024-01-22 04:00:00,7631.72,20.28,1,0,0,4,0,7589.101623732762,7472.03,6987.65
2024-01-22 04:15:00,7650.202310981768,20.193828774376616,1,0,0,4,15,7631.72,7658.491994031711,7182.050176122515
2024-01-22 04:30:00,7667.244129418578,20.11373899043317,1,0,0,4,30,7650.202310981768,7851.179017690957,7304.201942868639
2024-01-22 04:45:00,7709.816383146099,20.075529711273145,1,0,0,4,45,7667.244129418578,8027.641532504725,7378.382738180446
2024-01-22 05:00:00,7804.89,20.115,1,0,0,5,0,7709.816383146099,8165.43,7428.87
2024-01-22 05:15:00,7970.33455382544,20.257157386969624,1,0,0,5,15,7804.89,8254.733434401645,7483.089408906919
2024-01-22 05:30:00,8187.6142025055215,20.483843271547546,1,0,0,5,30,7970.33455382544,8336.29506072603,7581.059616030997
2024-01-22 05:45:00,8429.091749932844,20.76610752035169,1,0,0,5,45,8187.6142025055215,8463.496656687399,7765.947515139577
2024-01-22 06:00:00,8667.13,21.075,1,0,0,6,0,8429.091749932844,8689.72,8080.92
2024-01-22 06:15:00,8882.039004966475,21.389463552744875,1,0,0,6,15,8667.13,9045.458955861708,8535.695781999812
2024-01-22 06:30:00,9085.917810559336,21.720012923376643,1,0,0,6,30,8882.039004966475,9469.655739404923,9006.200843007373
2024-01-22 06:45:00,9298.812710872524,22.08505583232008,1,0,0,6,45,9085.917810559336,9878.364653245677,9334.912982511243
2024-01-22 07:00:00,9540.77,22.503,1,0,0,7,0,9298.812710872524,10187.64,9364.31
2024-01-22 07:15:00,9821.325363808655,22.985519652050865,1,0,0,7,15,9540.77,10341.40730465152,9010.703400593837
2024-01-22 07:30:00,10107.972055257143,23.517355034945886,1,0,0,7,30,9821.325363808655,10395.076981654278,8485.739511939513
2024-01-22 07:45:00,10357.69271907706,24.07651290036797,1,0,0,7,45,10107.972055257143,10431.93066782989,8074.898367315435
2024-01-22 08:00:00,10527.47,24.641,1,0,0,8,0,10357.69271907706,10535.25,8063.66
2024-01-22 08:15:00,10589.6992272989,25.19152033905166,1,0,0,8,15,10527.47,10762.668856782202,8637.793740624846
2024-01-22 08:30:00,10578.426468412086,25.7195669368398,1,0,0,8,30,10589.6992272989,11069.230083977976,9584.22610923457
2024-01-22 08:45:00,10543.110475319228,26.21933006620804,1,0,0,8,45,10578.426468412086,11384.328769184758,10590.17292322701
2024-01-22 09:00:00,10533.21,26.685,1,0,0,9,0,10543.110475319228,11637.36,11342.85
2024-01-22 09:15:00,10588.35241449574,27.11300836674247,1,0,0,9,15,10533.21,11772.89320571967,11613.01773065678
2024-01-22 09:30:00,10708.839571094506,27.50875221769489,1,0,0,9,30,10588.35241449574,11796.195182433832,11505.614801122205
2024-01-22 09:45:00,10885.141942146016,27.87986995979988,1,0,0,9,45,10708.839571094506,11727.707067931078,11209.124471026524
2024-01-22 10:00:00,11107.73,28.234,1,0,0,10,0,10885.141942146016,11587.87,10912.03
2024-01-22 10:15:00,11360.22455221813,28.57514931897845,1,0,0,10,15,11107.73,11400.04097658912,10758.270180498032
2024-01-22 10:30:00,11598.847747209888,28.89279919238061,1,0,0,10,30,11360.22455221813,11199.2404362867,10713.60593627661
2024-01-22 10:45:00,11772.9720685967,29.17279946959248,1,0,0,10,45,11598.847747209888,11023.404677840928,10699.253723916889
2024-01-22 11:00:00,11831.97,29.401,1,0,0,11,0,11772.9720685967,10910.47,10636.43
2024-01-22 11:15:00,11746.261876631736,29.567816232343738,1,0,0,11,15,11831.97,10885.123044173846,10468.6013911011
2024-01-22 11:30:00,11570.459440065944,29.68192601278264,1,0,0,11,30,11746.261876631736,10919.051822419371,10228.235203771352
2024-01-22 11:45:00,11380.22228346718,29.75657278683021,1,0,0,11,45,11570.459440065944,10970.694689455207,9970.048914555926
2024-01-22 12:00:00,11251.21,29.805,1,0,0,12,0,11380.22228346718,10998.49,9748.76
2024-01-22 12:15:00,11237.720285004923,29.8396951266466,1,0,0,12,15,11251.21,10969.941065465486,9603.228317597575
2024-01-22 12:30:00,11308.603242526337,29.87012175648885,1,0,0,12,30,11237.720285004923,10888.811024035816,9508.883248637983
2024-01-22 12:45:00,11411.34707878458,29.90498750808668,1,0,0,12,45,11308.603242526337,10767.927970588238,9425.296555359406
2024-01-22 13:00:00,11493.44,29.953,1,0,0,13,0,11411.34707878458,10620.12,9312.04
2024-01-22 13:15:00,11515.641983348569,30.01826263606988,1,0,0,13,15,11493.44,10460.223162714205,9144.930963508608
2024-01-22 13:30:00,11491.800089828714,30.086461961261964,1,0,0,13,30,11515.641983348569,10311.105331437362,8964.76930167671
2024-01-22 13:45:00,11449.033151394506,30.13868030582308,1,0,0,13,45,11491.800089828714,10197.64233444184,8828.600489006456
2024-01-22 14:00:00,11414.46,30.156,1,0,0,14,0,11449.033151394506,10144.71,8793.47
2024-01-22 14:15:00,11402.730219100811,30.123051204073896,1,0,0,14,15,11414.46,10163.739564927691,8891.446734618
2024-01-22 14:30:00,11378.616398158809,30.038655398463284,1,0,0,14,30,11402.730219100811,10212.383900214732,9054.69329465518
2024-01-22 14:45:00,11294.421878137397,29.90518189362104,1,0,0,14,45,11378.616398158809,10234.8512853944,9190.395707364769
2024-01-22 15:00:00,11102.45,29.725000000000005,1,0,0,15,0,11294.421878137397,10175.35,9205.74
2024-01-22 15:15:00,10778.57839024818,29.50181379763454,1,0,0,15,15,11102.45,9996.119827575016,9040.34584801939
2024-01-22 15:30:00,10392.981817536058,29.24466644488489,1,0,0,15,30,10778.57839024818,9731.526567703711,8763.567519702572
2024-01-22 15:45:00,10039.409336055907,28.9639358696928,1,0,0,15,45,10392.981817536058,9433.967523980557,8477.19293153447
2024-01-22 16:00:00,9811.61,28.669999999999995,1,0,0,16,0,10039.409336055907,9155.84,8283.01
2024-01-22 16:15:00,9770.848876156477,28.36972485538795,1,0,0,16,15,9811.61,8936.309093522246,8248.300185804443
2024-01-22 16:30:00,9848.455081696962,28.05592882199714,1,0,0,16,30,9770.848876156477,8761.61107897042,8302.319126534527
2024-01-22 16:45:00,9943.27374638897,27.717918377607752,1,0,0,16,45,9848.455081696962,8604.750024933383,8339.81600399735
2024-01-22 17:00:00,9954.15,27.345,1,0,0,17,0,9943.27374638897,8438.73,8255.54
2024-01-22 17:15:00,9809.927667625923,26.933333655813627,1,0,0,17,15,9954.15,8248.385517086002,7982.229658762845
2024-01-22 17:30:00,9559.44535567609,26.506493267126537,1,0,0,17,30,9809.927667625923,8065.872866414609,7604.580974159321
2024-01-22 17:45:00,9281.54036588821,26.09490624487617,1,0,0,17,45,9559.44535567609,7935.178782535911,7245.279302476136
2024-01-22 18:00:00,9055.05,25.729,1,0,0,18,0,9281.54036588821,7900.29,7027.01
2024-01-22 18:15:00,8938.396234589825,25.43109677135753,1,0,0,18,15,9055.05,7987.746963133745,7033.182272894181
2024-01-22 18:30:00,8908.339745598674,25.19109810949671,1,0,0,18,30,8938.396234589825,8154.304955371142,7190.100726828193
2024-01-22 18:45:00,8921.225883808185,24.99080039288752,1,0,0,18,45,8908.339745598674,8339.272969922968,7384.793817348107
2024-01-22 19:00:00,8933.4,24.812,1,0,0,19,0,8921.225883808185,8481.96,7504.29
2024-01-22 19:15:00,8909.046769014773,24.64029488375623,1,0,0,19,15,8933.4,8536.488661629017,7467.369999660431
2024-01-22 19:30:00,8843.708161929213,24.47648929488664,1,0,0,19,30,8909.046769014773,8516.23606210082,7319.823618527909
2024-01-22 19:45:00,8740.765473879048,24.325189058573724,1,0,0,19,45,8843.708161929213,8449.392931522212,7139.192928131433
2024-01-22 20:00:00,8603.6,24.191000000000003,1,0,0,20,0,8740.765473879048,8364.15,7003.02
2024-01-22 20:15:00,8437.713876851085,24.076739318617552,1,0,0,20,15,8603.6,8283.374640350186,6968.591634714096
2024-01-22 20:30:00,8257.09260668447,23.978069710956767,1,0,0,20,30,8437.713876851085,8208.640796225578,7012.1735490601695
2024-01-22 20:45:00,8077.842533175622,23.88886524781759,1,0,0,20,45,8257.09260668447,8136.199053988182,7089.776188876158
2024-01-22 21:00:00,7916.07,23.803,1,0,0,21,0,8077.842533175622,8062.3,7157.41
2024-01-22 21:15:00,7784.470067330893,23.713904091773564,1,0,0,21,15,7916.07,7984.357620720235,7179.194242733185
2024-01-22 21:30:00,7682.092661332905,23.613231861286323,1,0,0,21,30,7784.470067330893,7904.439502996863,7151.683435231415
2024-01-22 21:45:00,7604.576424668464,23.49219370015592,1,0,0,21,45,7682.092661332905,7825.776633775061,7079.540910113935
2024-01-22 22:00:00,7547.56,23.342,1,0,0,22,0,7604.576424668464,7751.6,6967.43
2024-01-22 22:15:00,7506.573666325343,23.159613064288184,1,0,0,22,15,7547.56,7683.263626768876,6822.914519353161
2024-01-22 22:30:00,7476.714247983911,22.96500284389795,1,0,0,22,30,7506.573666325343,7614.613691786968,6665.160210014175
2024-01-22 22:45:00,7452.970205650525,22.783891201558745,1,0,0,22,45,7476.714247983911,7537.619410911577,6516.233295668102
2024-01-22 23:00:00,7430.33,22.642000000000003,1,0,0,23,0,7452.970205650525,7444.25,6398.2
2024-01-22 23:15:00,7403.679798617737,22.557331151073697,1,0,0,23,15,7430.33,7331.17943470426,6326.859554854171
2024-01-22 23:30:00,7367.496596731451,22.517006763121884,1,0,0,23,30,7403.679798617737,7213.900729855263,6292.943224711888
2024-01-22 23:45:00,7316.155096479439,22.500428993609123,1,0,0,23,45,7367.496596731451,7112.611660078634,6280.915282213658
2024-01-23 00:00:00,7244.03,22.487,1,0,0,0,0,7316.155096479439,7047.51,6275.24
2024-01-23 00:15:00,7150.949951703711,22.459109206417025,1,0,0,0,15,7244.03,7030.503009414082,6263.554604980151
2024-01-23 00:30:00,7058.559365090286,22.411095103614528,1,0,0,0,30,7150.949951703711,7040.33588879198,6246.188141138275
2024-01-23 00:45:00,6993.956595931717,22.34028344900476,1,0,0,0,45,7058.559365090286,7047.463323773888,6226.642606727261
2024-01-23 01:00:00,6984.24,22.244,1,0,0,1,0,6993.956595931717,7022.34,6208.42
2024-01-23 01:15:00,7044.8983633174175,22.122466398258187,1,0,0,1,15,6984.24,6947.028527639412,6195.04655647522
2024-01-23 01:30:00,7144.982192907406,21.987487822420007,1,0,0,1,30,7044.8983633174175,6850.023214976816,6190.145460735011
2024-01-23 01:45:00,7241.9324260436915,21.853765335371826,1,0,0,1,45,7144.982192907406,6771.426294825813,6197.364134627295
2024-01-23 02:00:00,7293.19,21.736,1,0,0,2,0,7241.9324260436915,6751.34,6220.35
2024-01-23 02:15:00,7268.937220026619,21.645806450550225,1,0,0,2,15,7293.19,6817.670380028276,6260.947606618966
2024-01-23 02:30:00,7190.32186328009,21.582453606705457,1,0,0,2,30,7268.937220026619,6949.5387513007545,6313.790015921684
2024-01-23 02:45:00,7091.2330748935165,21.54212395950796,1,0,0,2,45,7190.32186328009,7113.870246922856,6371.70741726356
2024-01-23 03:00:00,7005.56,21.521,1,0,0,3,0,7091.2330748935165,7277.59,6427.53
2024-01-23 03:15:00,6962.096194076108,21.51397967454091,1,0,0,3,15,7005.56,7413.355420997489,6477.046923298916
2024-01-23 03:30:00,6969.252853972236,21.51082275075818,1,0,0,3,30,6962.096194076108,7516.753029820166,6527.883225578255
2024-01-23 03:45:00,7030.345586882248,21.50000445159636,1,0,0,3,45,6969.252853972236,7589.101623732762,6590.622915068466
2024-01-23 04:00:00,7148.69,21.47,1,0,0,4,0,7030.345586882248,7631.72,6675.85
2024-01-23 04:15:00,7323.194878668953,21.41588422628614,1,0,0,4,15,7148.69,7650.202310981768,6788.610950185367
2024-01-23 04:30:00,7535.141720830964,21.359130390261825,1,0,0,4,30,7323.194878668953,7667.244129418578,6911.802081765298
2024-01-23 04:45:00,7761.405202577495,21.3278113591066,1,0,0,4,45,7535.141720830964,7709.816383146099,7022.78217246258
2024-01-23 05:00:00,7978.86,21.35,1,0,0,5,0,7761.405202577495,7804.89,7098.91
2024-01-23 05:15:00,8175.024916248079,21.444920920314534,1,0,0,5,15,7978.86,7970.33455382544,7128.415525959614
2024-01-23 05:30:00,8379.9952627039,21.59640568819453,1,0,0,5,30,8175.024916248079,8187.6142025055215,7143.013447360554
2024-01-23 05:45:00,8634.510477807771,21.77943761197725,1,0,0,5,45,8379.9952627039,8429.091749932844,7185.289645081215
2024-01-23 06:00:00,8979.31,21.969,1,0,0,6,0,8634.510477807771,8667.13,7297.83
2024-01-23 06:15:00,9430.565143838729,22.149635217455725,1,0,0,6,15,8979.31,8882.039004966475,7510.438039726176
2024-01-23 06:30:00,9906.174728353428,22.344121856960086,1,0,0,6,30,9430.565143838729,9085.917810559336,7801.78787879249
2024-01-23 06:45:00,10299.469448691416,22.584797567984403,1,0,0,6,45,9906.174728353428,9298.812710872524,8137.771278462558
2024-01-23 07:00:00,10503.78,22.904,1,0,0,7,0,10299.469448691416,9540.77,8484.28
2024-01-23 07:15:00,10456.944820897012,23.32363195986256,1,0,0,7,15,10503.78,9821.325363808655,8813.056846385685
2024-01-23 07:30:00,10274.833323882383,23.823856883965146,1,0,0,7,30,10456.944820897012,10107.972055257143,9119.248787469493
2024-01-23 07:45:00,10117.822664926562,24.37440336608515,1,0,0,7,45,10274.833323882383,10357.69271907706,9403.853834818554
2024-01-23 08:00:00,10146.29,24.945,1,0,0,8,0,10117.822664926562,10527.47,9667.87
2024-01-23 08:15:00,10469.127603823224,25.50816506809404,1,0,0,8,15,10146.29,10589.6992272989,9912.183793481086
2024-01-23 08:30:00,10989.28822611704,26.04757560717936,1,0,0,8,30,10469.127603823224,10578.426468412086,10137.235721329544
2024-01-23 08:45:00,11558.239735352336,26.549698342675,1,0,0,8,45,10989.28822611704,10543.110475319228,10343.35478851323
2024-01-23 09:00:00,12027.45,27.001,1,0,0,9,0,11558.239735352336,10533.21,10530.87
2024-01-23 09:15:00,12281.2646075601,27.39208276776131,1,0,0,9,15,12027.45,10588.35241449574,10697.216417189977
2024-01-23 09:30:00,12335.54002164946,27.730090687317453,1,0,0,9,30,12281.2646075601,10708.839571094506,10828.253327212336
2024-01-23 09:45:00,12239.010424914091,28.026303263214874,1,0,0,9,45,12335.54002164946,10885.141942146016,10906.946073628527
2024-01-23 10:00:00,12040.41,28.291999999999994,1,0,0,10,0,12239.010424914091,11107.73,10916.26
2024-01-23 10:15:00,11790.364434686371,28.53703511086072,1,0,0,10,15,12040.41,11360.22455221813,10849.491631509018
2024-01-23 10:30:00,11547.065437285117,28.76556164355081,1,0,0,10,30,11790.364434686371,11598.847747209888,10741.26221982112
2024-01-23 10:45:00,11370.596221241298,28.980307354465506,1,0,0,10,45,11547.065437285117,11772.9720685967,10636.524198222663
2024-01-23 11:00:00,11321.04,29.184,1,0,0,11,0,11370.596221241298,11831.97,10580.23
2024-01-23 11:15:00,11432.4487474444,29.37660491379578,1,0,0,11,15,11321.04,11746.261876631736,10603.153463023951
2024-01-23 11:30:00,11634.74947921008,29.547037738479265,1,0,0,11,30,11432.4487474444,11570.459440065944,10679.354043503185
2024-01-23 11:45:00,11831.837971370716,29.681451693923115,1,0,0,11,45,11634.74947921008,11380.22228346718,10768.712602230826
2024-01-23 12:00:00,11927.61,29.766,1,0,0,12,0,11831.837971370716,11251.21,10831.11
2024-01-23 12:15:00,11852.553075536029,29.791732733956145,1,0,0,12,15,11927.61,11237.720285004923,10832.663266395171
2024-01-23 12:30:00,11643.521645874574,29.76928740253212,1,0,0,12,30,11852.553075536029,11308.603242526337,10764.434106166143
2024-01-23 12:45:00,11363.961893275837,29.714198369842023,1,0,0,12,45,11643.521645874574,11411.34707878458,10623.720392854042
2024-01-23 13:00:00,11077.32,29.642,1,0,0,13,0,11363.961893275837,11493.44,10407.82
2024-01-23 13:15:00,10837.73160666149,29.56624540037961,1,0,0,13,15,11077.32,11515.641983348569,10125.312690145352
2024-01-23 13:30:00,10662.090187291624,29.49256265139227,1,0,0,13,30,10837.73160666149,11491.800089828714,9829.90578183224
2024-01-23 13:45:00,10557.978674275946,29.42459857670878,1,0,0,13,45,10662.090187291624,11449.033151394506,9586.588482603009
2024-01-23 14:00:00,10532.98,29.366,1,0,0,14,0,10557.978674275946,11414.46,9460.35
2024-01-23 14:15:00,10585.63081031801,29.317395039525376,1,0,0,14,15,10532.98,11402.730219100811,9491.448004273416
2024-01-23 14:30:00,10678.282604958928,29.26733699189882,1,0,0,14,30,10585.63081031801,11378.616398158809,9621.214016504897
2024-01-23 14:45:00,10764.24059712038,29.20136044832285,1,0,0,14,45,10678.282604958928,11294.421878137397,9766.248020483925
2024-01-23 15:00:00,10796.81,29.105,1,0,0,15,0,10764.24059712038,11102.45,9843.15
2024-01-23 15:15:00,10738.381245816468,28.96701819151888,1,0,0,15,15,10796.81,10778.57839024818,9788.525136510978
2024-01-23 15:30:00,10587.685642872666,28.78908938101246,1,0,0,15,30,10738.381245816468,10392.981817536058,9618.99940214818
2024-01-23 15:45:00,10352.539718492531,28.57611587999981,1,0,0,15,45,10587.685642872666,10039.409336055907,9371.203966711291
2024-01-23 16:00:00,10040.76,28.333,1,0,0,16,0,10352.539718492531,9811.61,9081.77
2024-01-23 16:15:00,9666.91483141612,28.06393844439911,1,0,0,16,15,10040.76,9770.848876156477,8784.891762182671
2024-01-23 16:30:00,9272.57982355041,27.77030548405133,1,0,0,16,30,9666.91483141612,9848.455081696962,8505.015874902387
2024-01-23 16:45:00,8906.08240390949,27.45276978167789,1,0,0,16,45,9272.57982355041,9943.27374638897,8264.15205017091
2024-01-23 17:00:00,8615.75,27.112,1,0,0,17,0,8906.08240390949,9954.15,8084.31
2024-01-23 17:15:00,8437.704116019051,26.75152490588468,1,0,0,17,15,8615.75,9809.927667625923,7977.05453350834
2024-01-23 17:30:00,8359.242562925703,26.38631368278219,1,0,0,17,30,8437.704116019051,9559.44535567609,7912.170848242276
2024-01-23 17:45:00,8355.457228369505,26.034195618288607,1,0,0,17,45,8359.242562925703,9281.54036588821,7848.999238855074
2024-01-23 18:00:00,8401.44,25.713,1,0,0,18,0,8355.457228369505,9055.05,7746.88
2024-01-23 18:15:00,8472.135735757678,25.43549318206218,1,0,0,18,15,8401.44,8938.396234589825,7580.55479128397
2024-01-23 18:30:00,8541.90117474678,25.19418978481991,1,0,0,18,30,8472.135735757678,8908.339745598674,7386.370732128508
2024-01-23 18:45:00,8584.946026362493,24.97654149516768,1,0,0,18,45,8541.90117474678,8921.225883808185,7216.076306908793
2024-01-23 19:00:00,8575.48,24.77,1,0,0,19,0,8584.946026362493,8933.4,7121.42
2024-01-23 19:15:00,8497.807159700242,24.565596115866605,1,0,0,19,15,8575.48,8909.046769014773,7136.841145105783
2024-01-23 19:30:00,8376.608988087179,24.368677177938185,1,0,0,19,30,8497.807159700242,8843.708161929213,7227.54247324369
2024-01-23 19:45:00,8246.661322430526,24.18816965104068,1,0,0,19,45,8376.608988087179,8740.765473879048,7341.417564759755
2024-01-23 20:00:00,8142.74,24.033,1,0,0,20,0,8246.661322430526,8603.6,7426.36
2024-01-23 20:15:00,8088.027344191354,23.909528604471404,1,0,0,20,15,8142.74,8437.713876851085,7443.250315792903
2024-01-23 20:30:00,8059.331622904503,23.81385150342736,1,0,0,20,30,8088.027344191354,8257.09260668447,7404.916874896728
2024-01-23 20:45:00,8021.8675901654,23.739498650669628,1,0,0,20,45,8059.331622904503,8077.842533175622,7337.17499655219
2024-01-23 21:00:00,7940.85,23.68,1,0,0,21,0,8021.8675901654,7916.07,7265.84
2024-01-23 21:15:00,7795.041588534343,23.62658634124778,1,0,0,21,15,7940.85,7784.470067330893,7211.053841722605
2024-01-23 21:30:00,7617.39702029481,23.5612918083524,1,0,0,21,30,7795.041588534343,7682.092661332905,7170.265027169395
2024-01-23 21:45:00,7454.418941907873,23.46385137128081,1,0,0,21,45,7617.39702029481,7604.576424668464,7135.248699031486
2024-01-23 22:00:00,7352.61,23.314,1,0,0,22,0,7454.418941907873,7547.56,7097.78
2024-01-23 22:15:00,7341.354114171277,23.10009478053749,1,0,0,22,15,7352.61,7506.573666325343,7050.767286066673
2024-01-23 22:30:00,7381.560295916256,22.84498126316307,1,0,0,22,30,7341.354114171277,7476.714247983911,6991.6517664256935
2024-01-23 22:45:00,7417.018829703108,22.58012711420712,1,0,0,22,45,7381.560295916256,7452.970205650525,6919.007863571868
2024-01-23 23:00:00,7391.52,22.337,1,0,0,23,0,7417.018829703108,7430.33,6831.41
2024-01-23 23:15:00,7268.511017280552,22.14089391160228,1,0,0,23,15,7391.52,7403.679798617737,6731.675295260703
2024-01-23 23:30:00,7090.066796040166,21.99240813899532,1,0,0,23,30,7268.511017280552,7367.496596731451,6639.591657127828
2024-01-23 23:45:00,6917.919176779697,21.885968296890702,1,0,0,23,45,7090.066796040166,7316.155096479439,6579.189690431041
2024-01-24 00:00:00,6813.8,21.816,1,0,0,0,0,6917.919176779697,7244.03,6574.5
2024-01-24 00:15:00,6822.592910456521,21.7754389480534,1,0,0,0,15,6813.8,7150.949951703711,6638.769970390519
2024-01-24 00:30:00,6921.788769923081,21.751261180855643,1,0,0,0,30,6822.592910456521,7058.559365090286,6742.114105062994
2024-01-24 00:45:00,7072.030244428102,21.728952823230053,1,0,0,0,45,6921.788769923081,6993.956595931717,6843.863687203972
2024-01-24 01:00:00,7233.96,21.694,1,0,0,1,0,7072.030244428102,6984.24,6903.35
2024-01-24 01:15:00,7373.162028393367,21.636131546184103,1,0,0,1,15,7233.96,7044.8983633174175,6891.698885677226
2024-01-24 01:30:00,7474.985624267507,21.56204713758212,1,0,0,1,30,7373.162028393367,7144.982192907406,6827.214422620198
2024-01-24 01:45:00,7529.721408007891,21.48268916018907,1,0,0,1,45,7474.985624267507,7241.9324260436915,6739.9952482530725
2024-01-24 02:00:00,7527.66,21.409,1,0,0,2,0,7529.721408007891,7293.19,6660.14
2024-01-24 02:15:00,7467.466632220007,21.34939424221018,1,0,0,2,15,7527.66,7268.937220026619,6612.233861900582
2024-01-24 02:30:00,7381.304983006891,21.30217526881589,1,0,0,2,30,7467.466632220007,7190.32186328009,6598.808204456214
2024-01-24 02:45:00,7309.71334229033,21.26311866101366,1,0,0,2,45,7381.304983006891,7091.2330748935165,6616.880944783738
2024-01-24 03:00:00,7293.23,21.228,1,0,0,3,0,7309.71334229033,7005.56,6663.47
2024-01-24 03:15:00,7360.824255226602,21.19215085997518,1,0,0,3,15,7293.23,6962.096194076108,6731.792854220447
2024-01-24 03:30:00,7495.189443704928,21.149126787154323,1,0,0,3,30,7360.824255226602,6969.252853972236,6799.8652595549465
2024-01-24 03:45:00,7667.449910330789,21.09203932075631,1,0,0,3,45,7495.189443704928,7030.345586882248,6841.902535111973
2024-01-24 04:00:00,7848.73,21.014,1,0,0,4,0,7667.449910330789,7148.69,6832.12
2024-01-24 04:15:00,8018.440253123582,20.91465856788912,1,0,0,4,15,7848.73,7323.194878668953,6765.739096217633
2024-01-24 04:30:00,8189.135992173397,20.81981758256682,1,0,0,4,30,8018.440253123582,7535.141720830964,6722.005757324001
2024-01-24 04:45:00,8381.658735136512,20.761817805961112,1,0,0,4,45,8189.135992173397,7761.405202577495,6801.17203976837
2024-01-24 05:00:00,8616.85,20.773000000000003,1,0,0,5,0,8381.658735136512,7978.86,7103.49
2024-01-24 05:15:00,8905.39066977907,20.876621118468343,1,0,0,5,15,8616.85,8175.024916248079,7682.554042159023
2024-01-24 05:30:00,9217.319087601489,21.0596028825784,1,0,0,5,30,8905.39066977907,8379.9952627039,8405.327961149049
2024-01-24 05:45:00,9512.512961623164,21.29978320539925,1,0,0,5,45,9217.319087601489,8634.510477807771,9092.11789956455
2024-01-24 06:00:00,9750.85,21.575,1,0,0,6,0,9512.512961623164,8979.31,9563.23
2024-01-24 06:15:00,9906.37691151014,21.8694194582375,1,0,0,6,15,9750.85,9430.565143838729,9691.253953896272
2024-01-24 06:30:00,10009.81640742065,22.192520887119592,1,0,0,6,30,9906.37691151014,9906.174728353428,9557.913648079808
2024-01-24 06:45:00,10106.060199620835,22.56011187244189,1,0,0,6,45,10009.81640742065,10299.469448691416,9297.216518223438
2024-01-24 07:00:00,10240.0,22.988,1,0,0,7,0,10106.060199620835,10503.78,9043.17
2024-01-24 07:15:00,10439.189027930372,23.48415417358167,1,0,0,7,15,10240.0,10456.944820897012,8901.61451725588
2024-01-24 07:30:00,10661.826532715906,24.025188568943232,1,0,0,7,30,10439.189027930372,10274.833323882383,8865.722446531716
2024-01-24 07:45:00,10848.773271143487,24.579878679833183,1,0,0,7,45,10661.826532715906,10117.822664926562,8900.499152541692
2024-01-24 08:00:00,10940.89,25.117,1,0,0,8,0,10848.773271143487,10146.29,8970.95
2024-01-24 08:15:00,10903.909633018377,25.61190134743584,1,0,0,8,15,10940.89,10469.127603823224,9053.289383330202
2024-01-24 08:30:00,10803.053711715724,26.066224837107487,1,0,0,8,30,10903.909633018377,10989.28822611704,9168.567815793334
2024-01-24 08:45:00,10728.415934555213,26.488185908225383,1,0,0,8,45,10803.053711715724,11558.239735352336,9349.044840359797
2024-01-24 09:00:00,10770.09,26.886000000000003,1,0,0,9,0,10728.415934555213,12027.45,9626.98
2024-01-24 09:15:00,10986.389471246132,27.26659981167499,1,0,0,9,15,10770.09,12281.2646075601,10016.112949423312
2024-01-24 09:30:00,11308.507370421192,27.63178708262684,1,0,0,9,30,10986.389471246132,12335.54002164946,10456.103790294954
2024-01-24 09:45:00,11635.85658438566,27.98208081226528,1,0,0,9,45,11308.507370421192,12239.010424914091,10868.092736019122
2024-01-24 10:00:00,11867.85,28.318,1,0,0,10,0,11635.85658438566,12040.41,11173.22
2024-01-24 10:15:00,11932.386075747105,28.638355655864228,1,0,0,10,15,11867.85,11790.364434686371,11315.451318976551
2024-01-24 10:30:00,11871.305556599507,28.93512683238517,1,0,0,10,30,11932.386075747105,11547.065437285117,11330.054523026844
2024-01-24 10:45:00,11754.934759152158,29.19858459271352,1,0,0,10,45,11871.305556599507,11370.596221241298,11275.122965563714
2024-01-24 11:00:00,11653.6,29.419,1,0,0,11,0,11754.934759152158,11321.04,11208.75
2024-01-24 11:15:00,11621.512788265452,29.590618189868103,1,0,0,11,15,11653.6,11432.4487474444,11175.914430920477
2024-01-24 11:30:00,11648.42540318078,29.723580587832505,1,0,0,11,30,11621.512788265452,11634.74947921008,11169.136867597665
2024-01-24 11:45:00,11707.97531650572,29.83200269188065,1,0,0,11,45,11648.42540318078,11831.837971370716,11167.82337047602
2024-01-24 12:00:00,11773.8,29.93,1,0,0,12,0,11707.97531650572,11927.61,11151.38
2024-01-24 12:15:00,11817.201208691087,30.02882783466335,1,0,0,12,15,11773.8,11852.553075536029,11103.000176091542
2024-01-24 12:30:00,11800.137830677371,30.128300816284824,1,0,0,12,30,11817.201208691087,11643.521645874574,11021.026756582498
2024-01-24 12:45:00,11682.233037324972,30.225373389763885,1,0,0,12,45,11800.137830677371,11363.961893275837,10907.589958782206
2024-01-24 13:00:00,11423.11,30.317,1,0,0,13,0,11682.233037324972,11077.32,10764.82
2024-01-24 13:15:00,11011.983939470192,30.397726721478502,1,0,0,13,15,11423.11,10837.73160666149,10601.25314596336
2024-01-24 13:30:00,10556.438274109729,30.452466147028208,1,0,0,13,30,11011.983939470192,10662.090187291624,10451.049856072344
2024-01-24 13:45:00,10193.6484716944,30.46372249906381,1,0,0,13,45,10556.438274109729,10557.978674275946,10354.776638145153
2024-01-24 14:00:00,10060.79,30.413999999999994,1,0,0,14,0,10193.6484716944,10532.98,10353.0
2024-01-24 14:15:00,10246.104595928144,30.29235902942264,1,0,0,14,15,10060.79,10585.63081031801,10464.021146305024
2024-01-24 14:30:00,10642.09907288372,30.11408459560233,1,0,0,14,30,10246.104595928144,10678.282604958928,10617.080069128137
2024-01-24 14:45:00,11092.34651339744,29.90101786398085,1,0,0,14,45,10642.09907288372,10764.24059712038,10719.15145738718
2024-01-24 15:00:00,11440.42,29.675,1,0,0,15,0,11092.34651339744,10796.81,10677.21
2024-01-24 15:15:00,11563.597364317233,29.45361841083094,1,0,0,15,15,11440.42,10738.381245816468,10432.47148756654
2024-01-24 15:30:00,11473.975434355394,29.237445470562463,1,0,0,15,30,11563.597364317233,10587.685642872666,10063.116117415117
2024-01-24 15:45:00,11217.35578721586,29.02279979501276,1,0,0,15,45,11473.975434355394,10352.539718492531,9681.565188556133
2024-01-24 16:00:00,10839.54,28.806,1,0,0,16,0,11217.35578721586,10040.76,9400.24
2024-01-24 16:15:00,10389.32704055293,28.5808548272536,1,0,0,16,15,10839.54,9666.91483141612,9298.19805967881
2024-01-24 16:30:00,9927.505439694707,28.331133522147805,1,0,0,16,30,10389.32704055293,9272.57982355041,9321.0417112114
2024-01-24 16:45:00,9517.861118989133,28.038095455968115,1,0,0,16,45,9927.505439694707,8906.08240390949,9381.009507138288
2024-01-24 17:00:00,9224.18,27.683,1,0,0,17,0,9517.861118989133,8615.75,9390.34
2024-01-24 17:15:00,9087.715723471048,27.257852905154675,1,0,0,17,15,9224.18,8437.704116019051,9282.63377371822
2024-01-24 17:30:00,9059.592806865774,26.797645440846303,1,0,0,17,30,9087.715723471048,8359.242562925703,9076.93953773929
2024-01-24 17:45:00,9068.403486827612,26.34811525611478,1,0,0,17,45,9059.592806865774,8355.457228369505,8813.668032890715
2024-01-24 18:00:00,9042.74,25.955,1,0,0,18,0,9068.403486827612,8401.44,8533.23
2024-01-24 18:15:00,8932.036003062874,25.650592927127693,1,0,0,18,15,9042.74,8472.135735757678,8270.29715794831
2024-01-24 18:30:00,8769.090832842194,25.41340971446697,1,0,0,18,30,8932.036003062874,8541.90117474678,8036.585137831443
2024-01-24 18:45:00,8607.545246200416,25.208521644572755,1,0,0,18,45,8769.090832842194,8584.946026362493,7838.070548798854
2024-01-24 19:00:00,8501.04,25.001,1,0,0,19,0,8607.545246200416,8575.48,7680.73
2024-01-24 19:15:00,8487.322295527452,24.765197261334546,1,0,0,19,15,8501.04,8497.807159700242,7567.744313238539
2024-01-24 19:30:00,8540.565111765452,24.51259070128583,1,0,0,19,30,8487.322295527452,8376.608988087179,7491.111160934938
2024-01-24 19:45:00,8619.047872120726,24.2639387905942,1,0,0,19,45,8540.565111765452,8246.661322430526,7440.032428163868
2024-01-24 20:00:00,8681.05,24.04,1,0,0,20,0,8619.047872120726,8142.74,7403.71
2024-01-24 20:15:00,8692.293721077318,23.855649277534127,1,0,0,20,15,8681.05,8088.027344191354,7373.054026597535
2024-01-24 20:30:00,8648.272470095997,23.70222748038972,1,0,0,20,30,8692.293721077318,8059.331622904503,7345.807718428805
2024-01-24 20:45:00,8551.92248406668,23.565191943050447,1,0,0,20,45,8648.272470095997,8021.8675901654,7321.422551045673
2024-01-24 21:00:00,8406.18,23.43,1,0,0,21,0,8551.92248406668,7940.85,7299.35
2024-01-24 21:15:00,8218.99547641328,23.285627503528936,1,0,0,21,15,8406.18,7795.041588534343,7279.538486621321
2024-01-24 21:30:00,8018.37625785056,23.135124377155304,1,0,0,21,30,8218.99547641328,7617.39702029481,7263.924215349844
2024-01-24 21:45:00,7837.34391036256,22.98505906220402,1,0,0,21,45,8018.37625785056,7454.418941907873,7254.940336403444
2024-01-24 22:00:00,7708.92,22.842,1,0,0,22,0,7837.34391036256,7352.61,7255.02
2024-01-24 22:15:00,7652.823279519562,22.71123133335012,1,0,0,22,15,7708.92,7341.354114171277,7264.457026917182
2024-01-24 22:30:00,7635.561248501764,22.59290001098907,1,0,0,22,30,7652.823279519562,7381.560295916256,7274.987920171825
2024-01-24 22:45:00,7610.338593233085,22.48586868313348,1,0,0,22,45,7635.561248501764,7417.018829703108,7276.209853340555
2024-01-24 23:00:00,7530.36,22.389,1,0,0,23,0,7610.338593233085,7391.52,7257.72
2024-01-24 23:15:00,7368.157343008471,22.30122841307058,1,0,0,23,15,7530.36,7268.511017280552,7213.7413744599535
2024-01-24 23:30:00,7173.571248142383,22.221775578888423,1,0,0,23,30,7368.157343008471,7090.066796040166,7157.000353962862
2024-01-24 23:45:00,7015.769529205103,22.14993495526206,1,0,0,23,45,7173.571248142383,6917.919176779697,7104.849156484339
2024-01-25 00:00:00,6963.92,22.085,1,0,0,0,0,7015.769529205103,6813.8,7074.64
2024-01-25 00:15:00,7063.074223446553,22.02598001436756,1,0,0,0,15,6963.92,6822.592910456521,7076.804350243007
2024-01-25 00:30:00,7261.818758928703,21.970747673457232,1,0,0,0,30,7063.074223446553,6921.788769923081,7094.09066397673
2024-01-25 00:45:00,7484.623914946501,21.916891495818284,1,0,0,0,45,7261.818758928703,7072.030244428102,7102.326645722088
2024-01-25 01:00:00,7655.96,21.862,1,0,0,1,0,7484.623914946501,7233.96,7077.34
2024-01-25 01:15:00,7719.667169455315,21.80496090445917,1,0,0,1,15,7655.96,7373.162028393367,7003.583568318018
2024-01-25 01:30:00,7697.064966142806,21.74985872728265,1,0,0,1,30,7719.667169455315,7474.985624267507,6900.0107401302175
2024-01-25 01:45:00,7628.842779758895,21.70207718646481,1,0,0,1,45,7697.064966142806,7529.721408007891,6794.200041877309
2024-01-25 02:00:00,7555.69,21.667,1,0,0,2,0,7628.842779758895,7527.66,6713.73
2024-01-25 02:15:00,7511.632567482185,21.64633261779576,1,0,0,2,15,7555.69,7467.466632220007,6678.9091889849215
2024-01-25 02:30:00,7504.042626500072,21.627067417412164,1,0,0,2,30,7511.632567482185,7381.304983006891,6680.966375502399
2024-01-25 02:45:00,7533.628872267924,21.5925185083225,1,0,0,2,45,7504.042626500072,7309.71334229033,6703.860374268676
2024-01-25 03:00:00,7601.1,21.526000000000003,1,0,0,3,0,7533.628872267924,7293.23,6731.55
2024-01-25 03:15:00,7699.204279365943,21.415661749357827,1,0,0,3,15,7601.1,7360.824255226602,6751.948894492294
2024-01-25 03:30:00,7788.848277856905,21.268996603068693,1,0,0,3,30,7699.204279365943,7495.189443704928,6768.790007860188
2024-01-25 03:45:00,7822.978137419413,21.09833315524521,1,0,0,3,45,7788.848277856905,7667.449910330789,6789.761117297988
2024-01-25 04:00:00,7754.54,20.916,1,0,0,4,0,7822.978137419413,7848.73,6822.55
2024-01-25 04:15:00,7565.655940054041,20.74087975977295,1,0,0,4,15,7754.54,8018.440253123582,6876.929764295901
2024-01-25 04:30:00,7355.151762072307,20.61807117031308,1,0,0,4,30,7565.655940054041,8189.135992173397,6971.01484305685
2024-01-25 04:45:00,7251.029203054421,20.59922699569666,1,0,0,4,45,7355.151762072307,8381.658735136512,7125.005000289373
2024-01-25 05:00:00,7381.29,20.736,1,0,0,5,0,7251.029203054421,8616.85,7359.1
2024-01-25 05:15:00,7828.584460417895,21.055491086550376,1,0,0,5,15,7381.29,8905.39066977907,7681.456579574101
2024-01-25 05:30:00,8494.157173853866,21.48659371567901,1,0,0,5,30,7828.584460417895,9217.319087601489,8052.059369912414
2024-01-25 05:45:00,9233.901300362904,21.933649486968147,1,0,0,5,45,8494.157173853866,9512.512961623164,8418.84997529452
2024-01-25 06:00:00,9903.71,22.301,1,0,0,6,0,9233.901300362904,9750.85,8729.77
2024-01-25 06:15:00,10386.87949952438,22.52345276902556,1,0,0,6,15,9903.71,9906.37691151014,8943.340948657697
2024-01-25 06:30:00,10676.318292512227,22.65767896697086,1,0,0,6,30,10386.87949952438,10009.81640742065,9060.403927293495
2024-01-25 06:45:00,10792.33793924396,22.79081568143074,1,0,0,6,45,10676.318292512227,10106.060199620835,9092.379942282549
2024-01-25 07:00:00,10755.25,23.010000000000005,1,0,0,7,0,10792.33793924396,10240.0,9050.69
2024-01-25 07:15:00,10600.159103984586,23.37844783734742,1,0,0,7,15,10755.25,10439.189027930372,8958.928219545116
2024-01-25 07:30:00,10421.342156097226,23.86369041643755,1,0,0,7,30,10600.159103984586,10661.826532715906,8889.381170913603
2024-01-25 07:45:00,10327.869130161256,24.409337787308903,1,0,0,7,45,10421.342156097226,10848.773271143487,8926.50853682529
2024-01-25 08:00:00,10428.81,24.959,1,0,0,8,0,10327.869130161256,10940.89,9154.77
2024-01-25 08:15:00,10791.70127203728,25.466630881584788,1,0,0,8,15,10428.81,10903.909633018377,9620.814610661846
2024-01-25 08:30:00,11317.945583098865,25.927559367278967,1,0,0,8,30,10791.70127203728,10803.053711715724,10220.048889052092
2024-01-25 08:45:00,11867.412102611015,26.34745816933366,1,0,0,8,45,11317.945583098865,10728.415934555213,10810.06872291629
2024-01-25 09:00:00,12299.97,26.732,1,0,0,9,0,11867.412102611015,10770.09,11248.47
2024-01-25 09:15:00,12506.714245366298,27.087059886313423,1,0,0,9,15,12299.97,10986.389471246132,11430.104587807502
2024-01-25 09:30:00,12503.643011507313,27.41932211444659,1,0,0,9,30,12506.714245366298,11308.507370421192,11398.848272878027
2024-01-25 09:45:00,12337.98027189467,27.735673285356462,1,0,0,9,45,12503.643011507313,11635.85658438566,11235.83282150954
2024-01-25 10:00:00,12056.95,28.043,1,0,0,10,0,12337.98027189467,11867.85,11022.19
2024-01-25 10:15:00,11713.038465247528,28.34348894816151,1,0,0,10,15,12056.95,11932.386075747105,10830.408913108144
2024-01-25 10:30:00,11379.781120871889,28.62052717493467,1,0,0,10,30,11713.038465247528,11871.305556599507,10698.408019435798
2024-01-25 10:45:00,11135.9757160603,28.852801814240493,1,0,0,10,45,11379.781120871889,11754.934759152158,10655.46311604555
2024-01-25 11:00:00,11060.42,29.019,1,0,0,11,0,11135.9757160603,11653.6,10730.85
2024-01-25 11:15:00,11199.647831143588,29.10635932104053,1,0,0,11,15,11060.42,11621.512788265452,10931.932259759917
2024-01-25 11:30:00,11471.137505005148,29.136319185814727,1,0,0,11,30,11199.647831143588,11648.42540318078,11178.424649378789
2024-01-25 11:45:00,11760.103426364134,29.13886945768156,1,0,0,11,45,11471.137505005148,11707.97531650572,11368.12971430826
2024-01-25 12:00:00,11951.76,29.144,1,0,0,12,0,11760.103426364134,11773.8,11398.85
2024-01-25 12:15:00,11962.410835178116,29.17379251767636,1,0,0,12,15,11951.76,11817.201208691087,11206.456735352183
2024-01-25 12:30:00,11832.71635910752,29.21869608180641,1,0,0,12,30,11962.410835178116,11800.137830677371,10879.095883049067
2024-01-25 12:45:00,11634.426203483164,29.26125160503325,1,0,0,12,45,11832.71635910752,11682.233037324972,10542.982089221416
2024-01-25 13:00:00,11439.29,29.284,1,0,0,13,0,11634.426203483164,11423.11,10324.33
2024-01-25 13:15:00,11303.737734393948,29.272251858254013,1,0,0,13,15,11439.29,11011.983939470192,10312.99908008134
2024-01-25 13:30:00,11222.920808564772,29.222396486959624,1,0,0,13,30,11303.737734393948,10556.438274109729,10453.42806842495
2024-01-25 13:45:00,11176.670978453212,29.133592872185428,1,0,0,13,45,11222.920808564772,10193.6484716944,10653.70052255608
2024-01-25 14:00:00,11144.82,29.005,1,0,0,14,0,11176.670978453212,10060.79,10821.9
2024-01-25 14:15:00,11108.933227246098,28.84013754930759,1,0,0,14,15,11144.82,10246.104595928144,10884.904600572449
2024-01-25 14:30:00,11057.510406633388,28.659967970355087,1,0,0,14,30,11108.933227246098,10642.09907288372,10844.770593251134
2024-01-25 14:45:00,10980.784882703983,28.48981440622504,1,0,0,14,45,11057.510406633388,11092.34651339744,10722.348789304257
2024-01-25 15:00:00,10868.99,28.355,1,0,0,15,0,10980.784882703983,11440.42,10538.49
2024-01-25 15:15:00,10717.47638787166,28.27096356951563,1,0,0,15,15,10868.99,11563.597364317233,10314.090173878863
2024-01-25 15:30:00,10542.063814901674,28.213606631620024,1,0,0,15,30,10717.47638787166,11473.975434355394,10070.22580857051
2024-01-25 15:45:00,10363.689334480849,28.148946377914413,1,0,0,15,45,10542.063814901674,11217.35578721586,9828.018538976905
2024-01-25 16:00:00,10203.29,28.043,1,0,0,16,0,10363.689334480849,10839.54,9608.59
2024-01-25 16:15:00,10072.479815017252,27.869258172629905,1,0,0,16,15,10203.29,10389.32704055293,9425.985328912098
2024-01-25 16:30:00,9945.580583759922,27.63110550316481,1,0,0,16,30,10072.479815017252,9927.505439694707,9265.94367246682
2024-01-25 16:45:00,9787.591060622628,27.339400082117315,1,0,0,16,45,9945.580583759922,9517.861118989133,9107.127679788136
2024-01-25 17:00:00,9563.51,27.005000000000003,1,0,0,17,0,9787.591060622628,9224.18,8928.2
2024-01-25 17:15:00,9254.648102059333,26.640488114964768,1,0,0,17,15,9563.51,9087.715723471048,8715.665229222746
2024-01-25 17:30:00,8907.563850058643,26.265346355720737,1,0,0,17,30,9254.648102059333,9059.592806865774,8487.3957515622
2024-01-25 17:45:00,8585.127673028635,25.900781418616337,1,0,0,17,45,8907.563850058643,9068.403486827612,8269.105898120553
2024-01-25 18:00:00,8350.21,25.568,1,0,0,18,0,8585.127673028635,9042.74,8086.51
2024-01-25 18:15:00,8248.781057995417,25.28319561751104,1,0,0,18,15,8350.21,8932.036003062874,7959.965785446912
2024-01-25 18:30:00,8259.210266005497,25.042509073952257,1,0,0,18,30,8248.781057995417,8769.090832842194,7888.404571284375
2024-01-25 18:45:00,8342.966841012829,24.83706799341735,1,0,0,18,45,8259.210266005497,8607.545246200416,7865.40107147965
2024-01-25 19:00:00,8461.52,24.658,1,0,0,19,0,8342.966841012829,8501.04,7884.53
2024-01-25 19:15:00,8579.395634708995,24.49757316499109,1,0,0,19,15,8461.52,8487.322295527452,7936.0927227396
2024-01-25 19:30:00,8673.346335919363,24.35261734847024,1,0,0,19,30,8579.395634708995,8540.565111765452,7997.297213300296
2024-01-25 19:45:00,8723.18136917005,24.221102857714275,1,0,0,19,45,8673.346335919363,8619.047872120726,8042.078097210843
2024-01-25 20:00:00,8708.71,24.101000000000003,1,0,0,20,0,8723.18136917005,8681.05,8044.37
2024-01-25 20:15:00,8619.408590668601,23.990621097524613,1,0,0,20,15,8708.71,8692.293721077318,7986.181917344682
2024-01-25 20:30:00,8483.421890317044,23.889646532166783,1,0,0,20,30,8619.408590668601,8648.272470095997,7881.82032551444
2024-01-25 20:45:00,8338.561744806966,23.798098700725568,1,0,0,20,45,8483.421890317044,8551.92248406668,7753.666070926976
2024-01-25 21:00:00,8222.64,23.716,1,0,0,21,0,8338.561744806966,8406.18,7624.1
2024-01-25 21:15:00,8160.414221366595,23.642708069910466,1,0,0,21,15,8222.64,8218.99547641328,7510.940857881669
2024-01-25 21:30:00,8124.424852812452,23.574921522862617,1,0,0,21,30,8160.414221366595,8018.37625785056,7413.758984641947
2024-01-25 21:45:00,8074.158057852082,23.508674214383465,1,0,0,21,45,8124.424852812452,7837.34391036256,7327.562619081252
2024-01-25 22:00:00,7969.1,23.44,1,0,0,22,0,8074.158057852082,7708.92,7247.36
2024-01-25 22:15:00,7784.922023865018,23.364359122833545,1,0,0,22,15,7969.1,7652.823279519562,7169.524338628645
2024-01-25 22:30:00,7562.0361984331485,23.274917376382746,1,0,0,22,30,7784.922023865018,7635.561248501764,7095.888735917775
2024-01-25 22:45:00,7357.039773784704,23.164266941740564,1,0,0,22,45,7562.0361984331485,7610.338593233085,7029.651265248019
2024-01-25 23:00:00,7226.53,23.025,1,0,0,23,0,7357.039773784704,7530.36,6974.01
2024-01-25 23:15:00,7209.197839423334,22.85351168875537,1,0,0,23,15,7226.53,7368.157343008471,6931.165068853756
2024-01-25 23:30:00,7272.109103454956,22.66140897160642,1,0,0,23,30,7209.197839423334,7173.571248142383,6899.324821686953
2024-01-25 23:45:00,7364.4233157591,22.464101768654267,1,0,0,23,45,7272.109103454956,7015.769529205103,6875.699663676676
2024-01-26 00:00:00,7435.3,22.277,1,1,0,0,0,7364.4233157591,6963.92,6857.5
2024-01-26 00:15:00,7446.0241184416445,22.112828497144985,1,1,0,0,15,7435.3,7063.074223446553,6842.626792206335
2024-01-26 00:30:00,7406.382387747028,21.973571737191577,1,1,0,0,30,7446.0241184416445,7261.818758928703,6831.74322733441
2024-01-26 00:45:00,7338.286963178898,21.85852910864238,1,1,0,0,45,7406.382387747028,7484.623914946501,6826.20304879528
2024-01-26 01:00:00,7263.65,21.767000000000003,1,1,0,1,0,7338.286963178898,7655.96,6827.36
2024-01-26 01:15:00,7200.470530560087,21.6966118226647,1,1,0,1,15,7263.65,7719.667169455315,6836.341512320901
2024-01-26 01:30:00,7151.095095556932,21.63830407962729,1,1,0,1,30,7200.470530560087,7697.064966142806,6853.369768975406
2024-01-26 01:45:00,7113.95711277531,21.58134429677624,1,1,0,1,45,7151.095095556932,7628.842779758895,6878.440641142207
2024-01-26 02:00:00,7087.49,21.515,1,1,0,2,0,7113.95711277531,7555.69,6911.55
2024-01-26 02:15:00,7069.322978068006,21.433677337196222,1,1,0,2,15,7087.49,7511.632567482185,6950.131689760058
2024-01-26 02:30:00,7053.868480025244,21.352336944299275,1,1,0,2,30,7069.322978068006,7504.042626500072,6981.371446763969
2024-01-26 02:45:00,7034.734741969862,21.291078079252685,1,1,0,2,45,7053.868480025244,7533.628872267924,6989.892980385895
2024-01-26 03:00:00,7005.53,21.270000000000003,1,1,0,3,0,7034.734741969862,7601.1,6960.32
2024-01-26 03:15:00,6967.145369667888,21.300069453550403,1,1,0,3,15,7005.53,7699.204279365943,6889.494384888862
2024-01-26 03:30:00,6949.603484342088,21.355723143175624,1,1,0,3,30,6967.145369667888,7788.848277856905,6823.130693968718
2024-01-26 03:45:00,6990.209856845244,21.40226526121303,1,1,0,3,45,6949.603484342088,7822.978137419413,6819.161656064214
2024-01-26 04:00:00,7126.27,21.405,1,1,0,4,0,6990.209856845244,7754.54,6935.52
2024-01-26 04:15:00,7383.088043260442,21.34124797360217,1,1,0,4,15,7126.27,7565.655940054041,7204.12405193449
2024-01-26 04:30:00,7737.962582606405,21.23639548299824,1,1,0,4,30,7383.088043260442,7355.151762072307,7552.8345273611585
2024-01-26 04:45:00,8156.190830649165,21.1278452508952,1,1,0,4,45,7737.962582606405,7251.029203054421,7883.497739107247
2024-01-26 05:00:00,8603.07,21.053,1,1,0,5,0,8156.190830649165,7381.29,8097.96
2024-01-26 05:15:00,9039.403394790348,21.04165740204092,1,1,0,5,15,8603.07,7828.584460417895,8129.966282373179
2024-01-26 05:30:00,9408.018685232297,21.09319492483141,1,1,0,5,30,9039.403394790348,8494.157173853866,8040.856196586648
2024-01-26 05:45:00,9647.249633058098,21.19938498520619,1,1,0,5,45,9408.018685232297,9233.901300362904,7923.868012506793
2024-01-26 06:00:00,9695.43,21.352000000000004,1,1,0,6,0,9647.249633058098,9903.71,7872.24
2024-01-26 06:15:00,9523.50400257817,21.54362241823415,1,1,0,6,15,9695.43,10386.87949952438,7952.273631072791
2024-01-26 06:30:00,9232.85767646441,21.77007481767614,1,1,0,6,30,9523.50400257817,10676.318292512227,8122.5231862922465
2024-01-26 06:45:00,8957.487512118447,22.027989808280065,1,1,0,6,45,9232.85767646441,10792.33793924396,8314.606148365578
2024-01-26 07:00:00,8831.39,22.314,1,1,0,7,0,8957.487512118447,10755.25,8460.14
2024-01-26 07:15:00,8948.58590739698,22.624759175022504,1,1,0,7,15,8831.39,10600.159103984586,8517.94825583565
2024-01-26 07:30:00,9243.193108910062,22.957005804464043,1,1,0,7,30,8948.58590739698,10421.342156097226,8555.678558244363
2024-01-26 07:45:00,9609.353755968114,23.30749953167356,1,1,0,7,45,9243.193108910062,10327.869130161256,8668.184581530893
2024-01-26 08:00:00,9941.21,23.673,1,1,0,8,0,9609.353755968114,10428.81,8950.32
2024-01-26 08:15:00,10161.468774083907,24.05030963167584,1,1,0,8,15,9941.21,10791.70127203728,9454.869283084605
2024-01-26 08:30:00,10307.096137895336,24.43640196446768,1,1,0,8,30,10161.468774083907,11317.945583098865,10066.340080730297
2024-01-26 08:45:00,10443.622932759092,24.82829331502569,1,1,0,8,45,10307.096137895336,11867.412102611015,10627.170838010845
2024-01-26 09:00:00,10636.58,25.223,1,1,0,9,0,10443.622932759092,12299.97,10979.8
2024-01-26 09:15:00,10926.017277517383,25.61664292327416,1,1,0,9,15,10636.58,12506.714245366298,11021.274455575933
2024-01-26 09:30:00,11250.061089508596,26.00176133766524,1,1,0,9,30,10926.017277517383,12503.643011507313,10867.07486883444
2024-01-26 09:45:00,11521.356856745511,26.36999908322369,1,1,0,9,45,11250.061089508596,12337.98027189467,10687.290347675727
2024-01-26 10:00:00,11652.55,26.713,1,1,0,10,0,11521.356856745511,12056.95,10652.01
2024-01-26 10:15:00,11588.75649084656,27.025024925227548,1,1,0,10,15,11652.55,11713.038465247528,10873.720082111666
2024-01-26 10:30:00,11404.974504070276,27.3108026848714,1,1,0,10,30,11588.75649084656,11379.781120871889,11234.495443931944
2024-01-26 10:45:00,11208.672765258849,27.57767910207955,1,1,0,10,45,11404.974504070276,11135.9757160603,11558.808083786247
2024-01-26 11:00:00,11107.32,27.833,1,1,0,11,0,11208.672765258849,11060.42,11671.13
2024-01-26 11:15:00,11175.713634096364,28.08039800081566,1,1,0,11,15,11107.32,11199.647831143588,11457.8284972274
2024-01-26 11:30:00,11357.965894210296,28.308652922849177,1,1,0,11,30,11175.713634096364,11471.137505005148,11052.852105437789
2024-01-26 11:45:00,11565.517707219082,28.5028313834581,1,1,0,11,45,11357.965894210296,11760.103426364134,10652.04466092928
2024-01-26 12:00:00,11709.81,28.648,1,1,0,12,0,11565.517707219082,11951.76,10451.25
2024-01-26 12:15:00,11721.60569151798,28.7356486965098,1,1,0,12,15,11709.81,11962.410835178116,10580.41717897873
2024-01-26 12:30:00,11608.955669088533,28.782960623731903,1,1,0,12,30,11721.60569151798,11832.71635910752,10905.916134316907
2024-01-26 12:45:00,11399.232812114822,28.813542239088047,1,1,0,12,45,11608.955669088533,11634.426203483164,11228.222022496631
2024-01-26 13:00:00,11119.81,28.851,1,1,0,13,0,11399.232812114822,11439.29,11347.81
2024-01-26 13:15:00,10804.620631081716,28.91094471314512,1,1,0,13,15,11119.81,11303.737734393948,11126.008099357676
2024-01-26 13:30:00,10513.840179435569,28.977004582223213,1,1,0,13,30,10804.620631081716,11222.920808564772,10667.55585729458
2024-01-26 13:45:00,10314.204638071637,29.024812160189704,1,1,0,13,45,10513.840179435569,11176.670978453212,10138.045686584192
2024-01-26 14:00:00,10272.45,29.03,1,1,0,14,0,10314.204638071637,11144.82,9703.07
2024-01-26 14:15:00,10426.12272165515,28.97543182590972,1,1,0,14,15,10272.45,11108.933227246098,9487.088079840563
2024-01-26 14:30:00,10696.011113169194,28.87289604737524,1,1,0,14,30,10426.12272165515,11057.510406633388,9450.026686504774
2024-01-26 14:45:00,10973.71394809864,28.741412245153143,1,1,0,14,45,10696.011113169194,10980.784882703983,9510.679449916595
2024-01-26 15:00:00,11150.83,28.6,1,1,0,15,0,10973.71394809864,10868.99,9587.84
2024-01-26 15:15:00,11146.896451047682,28.46242173321601,1,1,0,15,15,11150.83,10717.47638787166,9618.727550030066
2024-01-26 15:30:00,10993.204117887664,28.321411228275824,1,1,0,15,30,11146.896451047682,10542.063814901674,9614.263646686324
2024-01-26 15:45:00,10748.98222578381,28.16444510919773,1,1,0,15,45,10993.204117887664,10363.689334480849,9603.795419999422
2024-01-26 16:00:00,10473.46,27.979,1,1,0,16,0,10748.98222578381,10203.29,9616.67
2024-01-26 16:15:00,10211.79209915412,27.75706874122625,1,1,0,16,15,10473.46,10072.479815017252,9672.391407539171
2024-01-26 16:30:00,9952.834915280158,27.50870903952146,1,1,0,16,30,10211.79209915412,9945.580583759922,9751.09122674993
2024-01-26 16:45:00,9671.370273766115,27.248494818055946,1,1,0,16,45,9952.834915280158,9787.591060622628,9823.05793258572
2024-01-26 17:00:00,9342.18,26.991,1,1,0,17,0,9671.370273766115,9563.51,9858.58
2024-01-26 17:15:00,8957.152183585831,26.745006426878984,1,1,0,17,15,9342.18,9254.648102059333,9831.67056981324
2024-01-26 17:30:00,8576.599970991707,26.49612761363833,1,1,0,17,30,8957.152183585831,8907.563850058643,9731.24144631396
2024-01-26 17:45:00,8277.942772901724,26.224184993578515,1,1,0,17,45,8576.599970991707,8585.127673028635,9549.929099657702
2024-01-26 18:00:00,8138.6,25.909,1,1,0,18,0,8277.942772901724,8350.21,9280.37
2024-01-26 18:15:00,8206.417135252548,25.53956180125781,1,1,0,18,15,8138.6,8248.781057995417,8930.62381320787
2024-01-26 18:30:00,8410.943950753022,25.14153050592521,1,1,0,18,30,8206.417135252548,8259.210266005497,8570.44298799423
2024-01-26 18:45:00,8652.156290876987,24.749733957630003,1,1,0,18,45,8410.943950753022,8342.966841012829,8285.003168783474
2024-01-26 19:00:00,8830.03,24.399,1,1,0,19,0,8652.156290876987,8461.52,8159.48
2024-01-26 19:15:00,8869.550212903978,24.11559011808976,1,1,0,19,15,8830.03,8579.395634708995,8244.235739855281
2024-01-26 19:30:00,8795.739225996209,23.891500362660825,1,1,0,19,30,8869.550212903978,8673.346335919363,8450.37910170912
2024-01-26 19:45:00,8658.628626090334,23.71016042590147,1,1,0,19,45,8795.739225996209,8723.18136917005,8654.205412708401
2024-01-26 20:00:00,8508.25,23.555,1,1,0,20,0,8658.628626090334,8708.71,8732.01
2024-01-26 20:15:00,8385.14201313155,23.411327726383146,1,1,0,20,15,8508.25,8619.408590668601,8596.108071121
2024-01-26 20:30:00,8291.87164526215,23.271968043431503,1,1,0,20,30,8385.14201313155,8483.421890317044,8302.894355169283
2024-01-26 20:45:00,8221.512954761678,23.131624338764105,1,1,0,20,45,8291.87164526215,8338.561744806966,7944.783461632922
2024-01-26 21:00:00,8167.14,22.985,1,1,0,21,0,8221.512954761678,8222.64,7614.19
2024-01-26 21:15:00,8119.681422069825,22.82916147637765,1,1,0,21,15,8167.14,8160.414221366595,7386.451975660713
2024-01-26 21:30:00,8061.484192955188,22.670627463613165,1,1,0,21,30,8119.681422069825,8124.424852812452,7268.60097761375
2024-01-26 21:45:00,7972.749867362957,22.518279719042106,1,1,0,21,45,8061.484192955188,8074.158057852082,7250.591990759909
2024-01-26 22:00:00,7833.68,22.381,1,1,0,22,0,7972.749867362957,7969.1,7322.38
2024-01-26 22:15:00,7635.263236089151,22.26512011810627,1,1,0,22,15,7833.68,7784.922023865018,7463.991994986142
2024-01-26 22:30:00,7411.636582917099,22.16677210211583,1,1,0,22,30,7635.263236089151,7562.0361984331485,7615.742984375721
2024-01-26 22:45:00,7207.724138286497,22.079538035067475,1,1,0,22,45,7411.636582917099,7357.039773784704,7708.019981577439
2024-01-26 23:00:00,7068.45,21.997,1,1,0,23,0,7207.724138286497,7226.53,7671.21
2024-01-26 23:15:00,7024.733914823572,21.91421742619728,1,1,0,23,15,7068.45,7209.197839423334,7466.811763144719
2024-01-26 23:30:00,7051.478225376417,21.83215912792352,1,1,0,23,30,7024.733914823572,7272.109103454956,7180.770834883369
2024-01-26 23:45:00,7109.580923241054,21.753271265688,1,1,0,23,45,7051.478225376417,7364.4233157591,6930.144489180334
2024-01-27 00:00:00,7159.94,21.68,1,0,1,0,0,7109.580923241054,7435.3,6831.99
2024-01-27 00:15:00,7172.649229616563,21.613994552104607,1,0,1,0,15,7159.94,7446.0241184416445,6961.84032743498
2024-01-27 00:30:00,7154.585515577233,21.5537163861901,1,0,1,0,30,7172.649229616563,7406.382387747028,7229.131176090804
2024-01-27 00:45:00,7121.821543749285,21.49683002718054,1,0,1,0,45,7154.585515577233,7338.286963178898,7501.7739367012255
2024-01-27 01:00:00,7090.43,21.441,1,0,1,1,0,7121.821543749285,7263.65,7647.68
2024-01-27 01:15:00,7072.904479210172,21.38492936538428,1,0,1,1,15,7090.43,7200.470530560087,7573.441458365357
2024-01-27 01:30:00,7067.422212314652,21.331475327316085,1,0,1,1,30,7072.904479210172,7151.095095556932,7340.373210753414
2024-01-27 01:45:00,7068.581339261806,21.284533625589845,1,0,1,1,45,7067.422212314652,7113.95711277531,7048.470857764764
2024-01-27 02:00:00,7070.98,21.248,1,0,1,2,0,7068.581339261806,7087.49,6797.73
2024-01-27 02:15:00,7073.042228542747,21.22389736135828,1,0,1,2,15,7070.98,7069.322978068006,6667.142432853591
2024-01-27 02:30:00,7088.495635164158,21.20675730454557,1,0,1,2,30,7073.042228542747,7053.868480025244,6651.684730895537
2024-01-27 02:45:00,7134.89372420349,21.18923859546009,1,0,1,2,45,7088.495635164158,7034.734741969862,6725.329663489714
2024-01-27 03:00:00,7229.79,21.164,1,0,1,3,0,7134.89372420349,7005.53,6862.05
2024-01-27 03:15:00,7380.641762868837,21.12519993918261,1,0,1,3,15,7229.79,6967.145369667888,7037.957560220276
2024-01-27 03:30:00,7554.521497028715,21.072995454501623,1,0,1,3,30,7380.641762868837,6949.603484342088,7237.720365664436
2024-01-27 03:45:00,7708.405482674235,21.009043242569824,1,0,1,3,45,7554.521497028715,6990.209856845244,7448.145488276378
2024-01-27 04:00:00,7799.27,20.935,1,0,1,4,0,7708.405482674235,7126.27,7656.04
2024-01-27 04:15:00,7804.226501231902,20.856334131911257,1,0,1,4,15,7799.27,7383.088043260442,7850.500295015306
2024-01-27 04:30:00,7780.927126720983,20.793760877447923,1,0,1,4,30,7804.226501231902,7737.962582606405,8029.78005644672
2024-01-27 04:45:00,7807.159188849573,20.771807184260627,1,0,1,4,45,7780.927126720983,8156.190830649165,8194.422289654773
2024-01-27 05:00:00,7960.71,20.815,1,0,1,5,0,7807.159188849573,8603.07,8344.97
2024-01-27 05:15:00,8293.575200953554,20.93782290817235,1,0,1,5,15,7960.71,9039.403394790348,8483.502822218501
2024-01-27 05:30:00,8754.583746087352,21.11458603570668,1,0,1,5,30,8293.575200953554,9408.018685232297,8618.246908548685
2024-01-27 05:45:00,9266.772918177474,21.309556145387667,1,0,1,5,45,8754.583746087352,9647.249633058098,8758.965040604526
2024-01-27 06:00:00,9753.18,21.487,1,0,1,6,0,9266.772918177474,9695.43,8915.42
2024-01-27 06:15:00,10148.249413703888,21.626077360399343,1,0,1,6,15,9753.18,9523.50400257817,9092.123884860686
2024-01-27 06:30:00,10432.05413892961,21.765519979725365,1,0,1,6,30,10148.249413703888,9232.85767646441,9272.586059358546
2024-01-27 06:45:00,10596.07429469053,21.958952609188696,1,0,1,6,45,10432.05413892961,8957.487512118447,9435.06520417713
2024-01-27 07:00:00,10631.79,22.26,1,0,1,7,0,10596.07429469053,8831.39,9557.82
2024-01-27 07:15:00,10547.857612980904,22.703680150230262,1,0,1,7,15,10631.79,8948.58590739698,9627.479294588751
2024-01-27 07:30:00,10421.638448194204,23.250584045391875,1,0,1,7,30,10547.857612980904,9243.193108910062,9664.152604017136
2024-01-27 07:45:00,10347.670059310409,23.842695917857544,1,0,1,7,45,10421.638448194204,9609.353755968114,9696.319611436957
2024-01-27 08:00:00,10420.49,24.422,1,0,1,8,0,10347.670059310409,9941.21,9752.46
2024-01-27 08:15:00,10699.313259372508,24.9432020386796,1,0,1,8,15,10420.49,10161.468774083907,9857.760811784305
2024-01-27 08:30:00,11102.064568293568,25.411893838707154,1,0,1,8,30,10699.313259372508,10307.096137895336,10024.238524572898
2024-01-27 08:45:00,11511.346093067845,25.84638871938114,1,0,1,8,45,11102.064568293568,10443.622932759092,10260.61697507504
2024-01-27 09:00:00,11809.76,26.265,1,0,1,9,0,11511.346093067845,10636.58,10575.62
2024-01-27 09:15:00,11911.103255779066,26.68140232005136,1,0,1,9,15,11809.76,10926.017277517383,10964.552770774024
2024-01-27 09:30:00,11853.952028631524,27.09071559977951,1,0,1,9,30,11911.103255779066,11250.061089508596,11369.04579769127
2024-01-27 09:45:00,11708.07728716822,27.4834210796179,1,0,1,9,45,11853.952028631524,11521.356856745511,11717.31092576288
2024-01-27 10:00:00,11543.25,27.85,1,0,1,10,0,11708.07728716822,11652.55,11937.56
2024-01-27 10:15:00,11417.61481126123,28.18395430611497,1,0,1,10,15,11543.25,11588.75649084656,11983.413417619604
2024-01-27 10:30:00,11342.81106718034,28.49086876217481,1,0,1,10,30,11417.61481126123,11404.974504070276,11910.125784662028
2024-01-27 10:45:00,11318.85178950928,28.77934883714725,1,0,1,10,45,11342.81106718034,11208.672765258849,11798.360259373436
2024-01-27 11:00:00,11345.75,29.058,1,0,1,11,0,11318.85178950928,11107.32,11728.78
2024-01-27 11:15:00,11417.701405426016,29.33048358048877,1,0,1,11,15,11345.75,11175.713634096364,11756.322464997556
2024-01-27 11:30:00,11505.632452647118,29.58068435152125,1,0,1,11,30,11417.701405426016,11357.965894210296,11833.022313660622
2024-01-27 11:45:00,11574.65227354466,29.787542946793103,1,0,1,11,45,11505.632452647118,11565.517707219082,11885.188505493374
2024-01-27 12:00:00,11589.87,29.93,1,0,1,12,0,11574.65227354466,11709.81,11839.13
2024-01-27 12:15:00,11527.435973284708,29.99528324692994,1,0,1,12,15,11589.87,11721.60569151798,11644.376409890165
2024-01-27 12:30:00,11407.665372231197,30.0037688317402,1,0,1,12,30,11527.435973284708,11608.955669088533,11343.339960695484
2024-01-27 12:45:00,11261.914585062084,29.98412000068035,1,0,1,12,45,11407.665372231197,11399.232812114822,11001.653531153064
2024-01-27 13:00:00,11121.54,29.965,1,0,1,13,0,11261.914585062084,11119.81,10684.95
2024-01-27 13:15:00,11010.262513935157,29.968227181791462,1,0,1,13,15,11121.54,10804.620631081716,10444.315176691782
2024-01-27 13:30:00,10921.261058428108,29.98824032151797,1,0,1,13,30,11010.262513935157,10513.840179435569,10272.646593557436
2024-01-27 13:45:00,10840.079073707007,30.0126333004855,1,0,1,13,45,10921.261058428108,10314.204638071637,10148.29471364437
2024-01-27 14:00:00,10752.26,30.029,1,0,1,14,0,10840.079073707007,10272.45,10049.61
2024-01-27 14:15:00,10649.470064724674,30.02652677590421,1,0,1,14,15,10752.26,10426.12272165515,9964.287727092707
2024-01-27 14:30:00,10547.866644056376,30.00076988218792,1,0,1,14,30,10649.470064724674,10696.011113169194,9917.402415074775
2024-01-27 14:45:00,10469.72990135989,29.94887804737765,1,0,1,14,45,10547.866644056376,10973.71394809864,9943.373395519457
2024-01-27 15:00:00,10437.34,29.868,1,0,1,15,0,10469.72990135989,11150.83,10076.62
2024-01-27 15:15:00,10459.22050841615,29.75585321459169,1,0,1,15,15,10437.34,11146.896451047682,10325.287821187389
2024-01-27 15:30:00,10488.868615346391,29.61243014973037,1,0,1,15,30,10459.22050841615,10993.204117887664,10592.42749614347
2024-01-27 15:45:00,10466.024914603442,29.43829201000386,1,0,1,15,45,10488.868615346391,10748.98222578381,10754.815923027816
2024-01-27 16:00:00,10330.43,29.234,1,0,1,16,0,10466.024914603442,10473.46,10689.23
2024-01-27 16:15:00,10044.286339110726,28.995763490729008,1,0,1,16,15,10330.43,10211.79209915412,10321.31348815774
2024-01-27 16:30:00,9659.643894558052,28.702384518890604,1,0,1,16,30,10044.286339110726,9952.834915280158,9772.177600351348
2024-01-27 16:45:00,9251.01450272635,28.3283132876069,1,0,1,16,45,9659.643894558052,9671.370273766115,9211.80041236928
2024-01-27 17:00:00,8892.91,27.848,1,0,1,17,0,9251.01450272635,9342.18,8810.16
2024-01-27 17:15:00,8642.867728890944,27.254327197492284,1,0,1,17,15,8892.91,8957.152183585831,8689.56697618165
2024-01-27 17:30:00,8490.5270564214,26.61390677470721,1,0,1,17,30,8642.867728890944,8576.599970991707,8781.662102451137
2024-01-27 17:45:00,8408.552855741158,26.011782964568543,1,0,1,17,45,8490.5270564214,8277.942772901724,8970.418677495054
2024-01-27 18:00:00,8369.61,25.533,1,0,1,18,0,8408.552855741158,8138.6,9139.81
2024-01-27 18:15:00,8350.005870325498,25.234865219301867,1,0,1,18,15,8369.61,8206.417135252548,9198.809388365658
2024-01-27 18:30:00,8340.61787975635,25.06373838228053,1,0,1,18,30,8350.005870325498,8410.943950753022,9156.390239844102
2024-01-27 18:45:00,8335.965949309024,24.93824235411893,1,0,1,18,45,8340.61787975635,8652.156290876987,9046.525971400491
2024-01-27 19:00:00,8330.57,24.777,1,0,1,19,0,8335.965949309024,8830.03,8903.19
2024-01-27 19:15:00,8319.563008557057,24.520586925300265,1,0,1,19,15,8330.57,8869.550212903978,8755.100626605714
2024-01-27 19:30:00,8300.530174553202,24.19738969617066,1,0,1,19,30,8319.563008557057,8795.739225996209,8609.955688172457
2024-01-27 19:45:00,8271.669753272747,23.857747618955727,1,0,1,19,45,8300.530174553202,8658.628626090334,8470.197905652967
2024-01-27 20:00:00,8231.18,23.552,1,0,1,20,0,8271.669753272747,8508.25,8338.27
2024-01-27 20:15:00,8177.73725169627,23.31731832949708,1,0,1,20,15,8231.18,8385.14201313155,8215.13748021148
2024-01-27 20:30:00,8111.93017203084,23.138202833036825,1,0,1,20,30,8177.73725169627,8291.87164526215,8095.857007466078
2024-01-27 20:45:00,8034.825506349989,22.98598592005816,1,0,1,20,45,8111.93017203084,8221.512954761678,7974.008030987636
2024-01-27 21:00:00,7947.49,22.832,1,0,1,21,0,8034.825506349989,8167.14,7843.17
2024-01-27 21:15:00,7851.613297157863,22.65510850671141,1,0,1,21,15,7947.49,8119.681422069825,7701.469140048357
2024-01-27 21:30:00,7751.376637323437,22.46429897168204,1,0,1,21,30,7851.613297157863,8061.484192955188,7565.218781963233
2024-01-27 21:45:00,7651.5841588272915,22.276089950811645,1,0,1,21,45,7751.376637323437,7972.749867362957,7455.279032896492
2024-01-27 22:00:00,7557.04,22.107000000000003,1,0,1,22,0,7651.5841588272915,7833.68,7392.51
2024-01-27 22:15:00,7472.169559672276,21.97054451865726,1,0,1,22,15,7557.04,7635.263236089151,7388.797209595093
2024-01-27 22:30:00,7399.883278675412,21.868226280235024,1,0,1,22,30,7472.169559672276,7411.636582917099,7420.127864680993
2024-01-27 22:45:00,7342.71285834084,21.79854490169528,1,0,1,22,45,7399.883278675412,7207.724138286497,7453.514587426396
2024-01-27 23:00:00,7303.19,21.76,1,0,1,23,0,7342.71285834084,7068.45,7455.97
2024-01-27 23:15:00,7282.48330790303,21.748400918659566,1,0,1,23,15,7303.19,7024.733914823572,7406.073584071275
2024-01-27 23:30:00,7276.308997974915,21.74879590737788,1,0,1,23,30,7282.48330790303,7051.478225376417,7328.672259312797
2024-01-27 23:45:00,7279.020189059342,21.74354294240726,1,0,1,23,45,7276.308997974915,7109.580923241054,7260.179804897922
2024-01-28 00:00:00,7284.97,21.715,1,0,1,0,0,7279.020189059342,7159.94,7237.01
2024-01-28 00:15:00,7289.661896215602,21.65158618170449,1,0,1,0,15,7284.97,7172.649229616563,7281.98032911981
2024-01-28 00:30:00,7293.20072942493,21.56596509025346,1,0,1,0,30,7289.661896215602,7154.585515577233,7363.523098067821
2024-01-28 00:45:00,7296.841697921794,21.476861453675696,1,0,1,0,45,7293.20072942493,7121.821543749285,7436.47431798192
2024-01-28 01:00:00,7301.84,21.403,1,0,1,1,0,7296.841697921794,7090.43,7455.67
2024-01-28 01:15:00,7308.314419734568,21.35767622952245,1,0,1,1,15,7301.84,7072.904479210172,7390.112443199486
2024-01-28 01:30:00,7311.838084325368,21.33246873160827,1,0,1,1,30,7308.314419734568,7067.422212314652,7265.469098415924
2024-01-28 01:45:00,7306.847706753483,21.313526867889948,1,0,1,1,45,7311.838084325368,7068.581339261806,7121.573704424402
2024-01-28 02:00:00,7287.78,21.287,1,0,1,2,0,7306.847706753483,7070.98,6998.26
2024-01-28 02:15:00,7251.372768596128,21.2428495252057,1,0,1,2,15,7287.78,7073.042228542747,6927.220366832253
2024-01-28 02:30:00,7203.568183273599,21.18628498331347,1,0,1,2,30,7251.372768596128,7088.495635164158,6907.581758268484
2024-01-28 02:45:00,7152.609506314269,21.1263279497645,1,0,1,2,45,7203.568183273599,7134.89372420349,6930.3297705704745
2024-01-28 03:00:00,7106.74,21.072000000000003,1,0,1,3,0,7152.609506314269,7229.79,6986.45
2024-01-28 03:15:00,7075.840912130918,21.02936316965475,1,0,1,3,15,7106.74,7380.641762868837,7068.610308221509
2024-01-28 03:30:00,7076.345432580236,20.992641335137865,1,0,1,3,30,7075.840912130918,7554.521497028715,7176.20761851014
2024-01-28 03:45:00,7126.324736739435,20.95309883305205,1,0,1,3,45,7076.345432580236,7708.405482674235,7310.321119543699
2024-01-28 04:00:00,7243.85,20.902,1,0,1,4,0,7126.324736739435,7799.27,7472.03
2024-01-28 04:15:00,7437.894520380199,20.83654154617531,1,0,1,4,15,7243.85,7804.226501231902,7658.491994031711
2024-01-28 04:30:00,7681.040086405458,20.777649676135084,1,0,1,4,30,7437.894520380199,7780.927126720983,7851.179017690957
2024-01-28 04:45:00,7936.770609227987,20.75218296802732,1,0,1,4,45,7681.040086405458,7807.159188849573,8027.641532504725
2024-01-28 05:00:00,8168.57,20.787,1,0,1,5,0,7936.770609227987,7960.71,8165.43
2024-01-28 05:15:00,8353.744756348284,20.899705020644017,1,0,1,5,15,8168.57,8293.575200953554,8254.733434401645
2024-01-28 05:30:00,8524.891721797932,21.07088496032181,1,0,1,5,30,8353.744756348284,8754.583746087352,8336.29506072603
2024-01-28 05:45:00,8728.430326348616,21.27187241983869,1,0,1,5,45,8524.891721797932,9266.772918177474,8463.496656687399
2024-01-28 06:00:00,9010.78,21.474,1,0,1,6,0,8728.430326348616,9753.18,8689.72
2024-01-28 06:15:00,9397.070204226666,21.65862274624862,1,0,1,6,15,9010.78,10148.249413703888,9045.458955861708
2024-01-28 06:30:00,9827.270526402812,21.847185482577693,1,0,1,6,30,9397.070204226666,10432.05413892961,9469.655739404923
2024-01-28 06:45:00,10220.060585377556,22.07115547761792,1,0,1,6,45,9827.270526402812,10596.07429469053,9878.364653245677
2024-01-28 07:00:00,10494.12,22.362,1,0,1,7,0,10220.060585377556,10631.79,10187.64
2024-01-28 07:15:00,10599.49645799506,22.74092899436149,1,0,1,7,15,10494.12,10547.857612980904,10341.40730465152
2024-01-28 07:30:00,10611.709922590817,23.18812310936741,1,0,1,7,30,10599.49645799506,10421.638448194204,10395.076981654278
2024-01-28 07:45:00,10637.648425891168,23.673505669689625,1,0,1,7,45,10611.709922590817,10347.670059310409,10431.93066782989
2024-01-28 08:00:00,10784.2,24.167,1,0,1,8,0,10637.648425891168,10420.49,10535.25
2024-01-28 08:15:00,11118.913807543113,24.644255026305405,1,0,1,8,15,10784.2,10699.313259372508,10762.668856782202
2024-01-28 08:30:00,11551.983533233924,25.10382207995266,1,0,1,8,30,11118.913807543113,11102.064568293568,11069.230083977976
2024-01-28 08:45:00,11954.263992307777,25.549978093623583,1,0,1,8,45,11551.983533233924,11511.346093067845,11384.328769184758
2024-01-28 09:00:00,12196.61,25.987,1,0,1,9,0,11954.263992307777,11809.76,11637.36
2024-01-28 09:15:00,12190.702061832506,26.41736340041689,1,0,1,9,15,12196.61,11911.103255779066,11772.89320571967
2024-01-28 09:30:00,12011.523444473492,26.83633857082195,1,0,1,9,30,12190.702061832506,11853.952028631524,11796.195182433832
2024-01-28 09:45:00,11774.883104877732,27.23739445581604,1,0,1,9,45,12011.523444473492,11708.07728716822,11727.707067931078
2024-01-28 10:00:00,11596.59,27.614,1,0,1,10,0,11774.883104877732,11543.25,11587.87
2024-01-28 10:15:00,11562.645288876867,27.960447622027026,1,0,1,10,15,11596.59,11417.61481126123,11400.04097658912
2024-01-28 10:30:00,11639.818938872111,28.274323636759537,1,0,1,10,30,11562.645288876867,11342.81106718034,11199.2404362867
2024-01-28 10:45:00,11765.0731194313,28.55403783311228,1,0,1,10,45,11639.818938872111,11318.85178950928,11023.404677840928
2024-01-28 11:00:00,11875.37,28.797999999999995,1,0,1,11,0,11765.0731194313,11345.75,10910.47
2024-01-28 11:15:00,11922.361470160018,29.005533611475,1,0,1,11,15,11875.37,11417.701405426016,10885.123044173846
2024-01-28 11:30:00,11916.458300038064,29.17961688213989,1,0,1,11,30,11922.361470160018,11505.632452647118,10919.051822419371
2024-01-28 11:45:00,11882.76097989708,29.324141711734832,1,0,1,11,45,11916.458300038064,11574.65227354466,10970.694689455207
2024-01-28 12:00:00,11846.37,29.443,1,0,1,12,0,11882.76097989708,11589.87,10998.49
2024-01-28 12:15:00,11823.314767983058,29.539558557072965,1,0,1,12,15,11846.37,11527.435973284708,10969.941065465486
2024-01-28 12:30:00,11793.340360975631,29.6150838346809,1,0,1,12,30,11823.314767983058,11407.665372231197,10888.811024035816
2024-01-28 12:45:00,11727.12077348039,29.670317194948385,1,0,1,12,45,11793.340360975631,11261.914585062084,10767.927970588238
2024-01-28 13:00:00,11595.33,29.706,1,0,1,13,0,11727.12077348039,11121.54,10620.12
2024-01-28 13:15:00,11380.387114157753,29.723122785233144,1,0,1,13,15,11595.33,11010.262513935157,10460.223162714205
2024-01-28 13:30:00,11111.691506059406,29.72367277913651,1,0,1,13,30,11380.387114157753,10921.261058428108,10311.105331437362
2024-01-28 13:45:00,10830.38764493136,29.709886383471623,1,0,1,13,45,11111.691506059406,10840.079073707007,10197.64233444184
2024-01-28 14:00:00,10577.62,29.684,1,0,1,14,0,10830.38764493136,10752.26,10144.71
2024-01-28 14:15:00,10388.930212885947,29.647590926994468,1,0,1,14,15,10577.62,10649.470064724674,10163.739564927691
2024-01-28 14:30:00,10277.448614786745,29.59960004877306,1,0,1,14,30,10388.930212885947,10547.866644056376,10212.383900214732
2024-01-28 14:45:00,10250.702709294172,29.53830914616512,1,0,1,14,45,10277.448614786745,10469.72990135989,10234.8512853944
2024-01-28 15:00:00,10316.22,29.462,1,0,1,15,0,10250.702709294172,10437.34,10175.35
2024-01-28 15:15:00,10468.228753048465,29.367201006789,1,0,1,15,15,10316.22,10459.22050841615,9996.119827575016
2024-01-28 15:30:00,10647.760284793616,29.243427025771265,1,0,1,15,30,10468.228753048465,10488.868615346391,9731.526567703711
2024-01-28 15:45:00,10782.54667414196,29.078439531867893,1,0,1,15,45,10647.760284793616,10466.024914603442,9433.967523980557
2024-01-28 16:00:00,10800.32,28.86,1,0,1,16,0,10782.54667414196,10330.43,9155.84
2024-01-28 16:15:00,10648.248368670193,28.578542545849537,1,0,1,16,15,10800.32,10044.286339110726,8936.309093522246
2024-01-28 16:30:00,10351.243996038793,28.23519184814189,1,0,1,16,30,10648.248368670193,9659.643894558052,8761.61107897042
2024-01-28 16:45:00,9953.655125387992,27.833745226363305,1,0,1,16,45,10351.243996038793,9251.01450272635,8604.750024933383
2024-01-28 17:00:00,9499.83,27.378,1,0,1,17,0,9953.655125387992,8892.91,8438.73
2024-01-28 17:15:00,9036.611366020765,26.87578505981285,1,0,1,17,15,9499.83,8642.867728890944,8248.385517086002
2024-01-28 17:30:00,8620.81998105122,26.35105558166117,1,0,1,17,30,9036.611366020765,8490.5270564214,8065.872866414609
2024-01-28 17:45:00,8311.77110555607,25.831798312678902,1,0,1,17,45,8620.81998105122,8408.552855741158,7935.178782535911
2024-01-28 18:00:00,8168.78,25.346,1,0,1,18,0,8311.77110555607,8369.61,7900.29
2024-01-28 18:15:00,8224.869292246762,24.916535964899072,1,0,1,18,15,8168.78,8350.005870325498,7987.746963133745
2024-01-28 18:30:00,8407.89107975633,24.54583582521344,1,0,1,18,30,8224.869292246762,8340.61787975635,8154.304955371142
2024-01-28 18:45:00,8619.40482738773,24.23121777292108,1,0,1,18,45,8407.89107975633,8335.965949309024,8339.272969922968
2024-01-28 19:00:00,8760.97,23.97,1,0,1,19,0,8619.40482738773,8330.57,8481.96
2024-01-28 19:15:00,8760.05724624219,23.756961705590857,1,0,1,19,15,8760.97,8319.563008557057,8536.488661629017
2024-01-28 19:30:00,8647.781949923465,23.57672611748508,1,0,1,19,30,8760.05724624219,8300.530174553202,8516.23606210082
2024-01-28 19:45:00,8481.170678643006,23.41137747063676,1,0,1,19,45,8647.781949923465,8271.669753272747,8449.392931522212
2024-01-28 20:00:00,8317.25,23.242999999999995,1,0,1,20,0,8481.170678643006,8231.18,8364.15
2024-01-28 20:15:00,8199.552191534474,23.057992212737474,1,0,1,20,15,8317.25,8177.73725169627,8283.374640350186
2024-01-28 20:30:00,8117.632370549813,22.860009704846224,1,0,1,20,30,8199.552191534474,8111.93017203084,8208.640796225578
2024-01-28 20:45:00,8047.551364290244,22.65702234453186,1,0,1,20,45,8117.632370549813,8034.825506349989,8136.199053988182
2024-01-28 21:00:00,7965.37,22.457,1,0,1,21,0,8047.551364290244,7947.49,8062.3
2024-01-28 21:15:00,7856.888831369916,22.266069443459223,1,0,1,21,15,7965.37,7851.613297157863,7984.357620720235
2024-01-28 21:30:00,7746.867317877285,22.082985063130003,1,0,1,21,30,7856.888831369916,7751.376637323437,7904.439502996863
2024-01-28 21:45:00,7669.804645446012,21.90465815123578,1,0,1,21,45,7746.867317877285,7651.5841588272915,7825.776633775061
2024-01-28 22:00:00,7660.2,21.727999999999994,1,0,1,22,0,7669.804645446012,7557.04,7751.6
2024-01-28 22:15:00,7735.792482985861,21.55143313842562,1,0,1,22,15,7660.2,7472.169559672276,7683.263626768876
2024-01-28 22:30:00,7847.280857941045,21.379425042633745,1,0,1,22,30,7735.792482985861,7399.883278675412,7614.613691786968
2024-01-28 22:45:00,7928.603803925705,21.217954425525,1,0,1,22,45,7847.280857941045,7342.71285834084,7537.619410911577
2024-01-28 23:00:00,7913.7,21.073,1,0,1,23,0,7928.603803925705,7303.19,7444.25
2024-01-28 23:15:00,7760.320142936636,20.94869800283828,1,0,1,23,15,7913.7,7282.48330790303,7331.17943470426
2024-01-28 23:30:00,7521.463000358534,20.841814766335,1,0,1,23,30,7760.320142936636,7276.308997974915,7213.900729855263
2024-01-28 23:45:00,7273.939357601164,20.747274146664218,1,0,1,23,45,7521.463000358534,7279.020189059342,7112.611660078634
2024-01-29 00:00:00,7094.56,20.66,1,0,0,0,0,7273.939357601164,7284.97,7047.51
2024-01-29 00:15:00,7037.949132767593,20.57499360022125,1,0,0,0,15,7094.56,7289.661896215602,7030.503009414082
2024-01-29 00:30:00,7069.98464062482,20.487565892026264,1,0,0,0,30,7037.949132767593,7293.20072942493,7040.33588879198
2024-01-29 00:45:00,7134.357828169636,20.393105237818137,1,0,0,0,45,7069.98464062482,7296.841697921794,7047.463323773888
2024-01-29 01:00:00,7174.76,20.287,1,0,0,1,0,7134.357828169636,7301.84,7022.34
2024-01-29 01:15:00,7152.244419742991,20.1677963462767,1,0,0,1,15,7174.76,7308.314419734568,6947.028527639412
2024-01-29 01:30:00,7097.312187142189,20.04667166555996,1,0,0,1,30,7152.244419742991,7311.838084325368,6850.023214976816
2024-01-29 01:45:00,7057.826360970292,19.93796115206324,1,0,0,1,45,7097.312187142189,7306.847706753483,6771.426294825813
2024-01-29 02:00:00,7081.65,19.856,1,0,0,2,0,7057.826360970292,7287.78,6751.34
2024-01-29 02:15:00,7199.608188260438,19.81007101467196,1,0,0,2,15,7081.65,7251.372768596128,6817.670380028276
2024-01-29 02:30:00,7374.374110806423,19.78924744573391,1,0,0,2,30,7199.608188260438,7203.568183273599,6949.5387513007545
2024-01-29 02:45:00,7551.582977949197,19.777550153928907,1,0,0,2,45,7374.374110806423,7152.609506314269,7113.870246922856
2024-01-29 03:00:00,7676.87,19.759,1,0,0,3,0,7551.582977949197,7106.74,7277.59
2024-01-29 03:15:00,7713.578920965255,19.719263345035465,1,0,0,3,15,7676.87,7075.840912130918,7413.355420997489
2024-01-29 03:30:00,7695.887619632116,19.6505885515044,1,0,0,3,30,7713.578920965255,7076.345432580236,7516.753029820166
2024-01-29 03:45:00,7675.68250848292,19.546869482221144,1,0,0,3,45,7695.887619632116,7126.324736739435,7589.101623732762
2024-01-29 04:00:00,7704.85,19.402,1,0,0,4,0,7675.68250848292,7243.85,7631.72
2024-01-29 04:15:00,7821.5003466285425,19.2203131051862,1,0,0,4,15,7704.85,7437.894520380199,7650.202310981768
2024-01-29 04:30:00,8008.639160665111,19.04789834824848,1,0,0,4,30,7821.5003466285425,7681.040086405458,7667.244129418578
2024-01-29 04:45:00,8235.495894369125,18.94128441718653,1,0,0,4,45,8008.639160665111,7936.770609227987,7709.816383146099
2024-01-29 05:00:00,8471.3,18.957,1,0,0,5,0,8235.495894369125,8168.57,7804.89
2024-01-29 05:15:00,8688.901255020577,19.13121860921978,1,0,0,5,15,8471.3,8353.744756348284,7970.33455382544
2024-01-29 05:30:00,8875.630737707434,19.418693055501684,1,0,0,5,30,8688.901255020577,8524.891721797932,8187.6142025055215
2024-01-29 05:45:00,9022.439851540574,19.75382097403274,1,0,0,5,45,8875.630737707434,8728.430326348616,8429.091749932844
2024-01-29 06:00:00,9120.28,20.071,1,0,0,6,0,9022.439851540574,9010.78,8667.13
2024-01-29 06:15:00,9171.732914539143,20.32701558293469,1,0,0,6,15,9120.28,9397.070204226666,8882.039004966475
2024-01-29 06:30:00,9225.90163850515,20.5682044297448,1,0,0,6,30,9171.732914539143,9827.270526402812,9085.917810559336
2024-01-29 06:45:00,9343.519543218576,20.863291061682503,1,0,0,6,45,9225.90163850515,10220.060585377556,9298.812710872524
2024-01-29 07:00:00,9585.32,21.281,1,0,0,7,0,9343.519543218576,10494.12,9540.77
2024-01-29 07:15:00,9982.613805572842,21.86617218404147,1,0,0,7,15,9585.32,10599.49645799506,9821.325363808655
2024-01-29 07:30:00,10449.021458271973,22.56811422551914,1,0,0,7,30,9982.613805572842,10611.709922590817,10107.972055257143
2024-01-29 07:45:00,10868.740881835116,23.31224915423724,1,0,0,7,45,10449.021458271973,10637.648425891168,10357.69271907706
2024-01-29 08:00:00,11125.97,24.024,1,0,0,8,0,10868.740881835116,10784.2,10527.47
2024-01-29 08:15:00,11148.179206919483,24.64459255589944,1,0,0,8,15,11125.97,11118.913807543113,10589.6992272989
2024-01-29 08:30:00,11035.928778406962,25.17846366817865,1,0,0,8,30,11148.179206919483,11551.983533233924,10578.426468412086
2024-01-29 08:45:00,10933.051460690958,25.645852946368542,1,0,0,8,45,11035.928778406962,11954.263992307777,10543.110475319228
2024-01-29 09:00:00,10983.38,26.067,1,0,0,9,0,10933.051460690958,12196.61,10533.21
2024-01-29 09:15:00,11280.409366749216,26.4589419673608,1,0,0,9,15,10983.38,12190.702061832506,10588.35241449574
2024-01-29 09:30:00,11716.283428100174,26.825906101766265,1,0,0,9,30,11280.409366749216,12011.523444473492,10708.839571094506
2024-01-29 09:45:00,12132.808275401045,27.168917185288592,1,0,0,9,45,11716.283428100174,11774.883104877732,10885.141942146016
2024-01-29 10:00:00,12371.79,27.489,1,0,0,10,0,12132.808275401045,11596.59,11107.73
2024-01-29 10:15:00,12325.92691983365,27.787061449657365,1,0,0,10,15,12371.79,11562.645288876867,11360.22455221813
2024-01-29 10:30:00,12091.48625919234,28.0635369247563,1,0,0,10,30,12325.92691983365,11639.818938872111,11598.847747209888
2024-01-29 10:45:00,11815.627468954865,28.31874393747708,1,0,0,10,45,12091.48625919234,11765.0731194313,11772.9720685967
2024-01-29 11:00:00,11645.51,28.553,1,0,0,11,0,11815.627468954865,11875.37,11831.97
2024-01-29 11:15:00,11683.27498516619,28.76678098400974,1,0,0,11,15,11645.51,11922.361470160018,11746.261876631736
2024-01-29 11:30:00,11850.990285130463,28.96119619920855,1,0,0,11,30,11683.27498516619,11916.458300038064,11570.459440065944
2024-01-29 11:45:00,12025.705442529506,29.13751331480309,1,0,0,11,45,11850.990285130463,11882.76097989708,11380.22228346718
2024-01-29 12:00:00,12084.47,29.297,1,0,0,12,0,12025.705442529506,11846.37,11251.21
2024-01-29 12:15:00,11942.370170751594,29.439283364303684,1,0,0,12,15,12084.47,11823.314767983058,11237.720285004923
2024-01-29 12:30:00,11666.638850285806,29.5574282784095,1,0,0,12,30,11942.370170751594,11793.340360975631,11308.603242526337
2024-01-29 12:45:00,11362.545604677114,29.64285905331057,1,0,0,12,45,11666.638850285806,11727.12077348039,11411.34707878458
2024-01-29 13:00:00,11135.36,29.687,1,0,0,13,0,11362.545604677114,11595.33,11493.44
2024-01-29 13:15:00,11061.866831827434,29.68602305877553,1,0,0,13,15,11135.36,11380.387114157753,11515.641983348569
2024-01-29 13:30:00,11104.911813726318,29.655090687153447,1,0,0,13,30,11061.866831827434,11111.691506059406,11491.800089828714
2024-01-29 13:45:00,11198.855888762042,29.61411297195463,1,0,0,13,45,11104.911813726318,10830.38764493136,11449.033151394506
2024-01-29 14:00:00,11278.06,29.583,1,0,0,14,0,11198.855888762042,10577.62,11414.46
2024-01-29 14:15:00,11288.168439438674,29.57264002559417,1,0,0,14,15,11278.06,10388.930212885947,11402.730219100811
2024-01-29 14:30:00,11219.958894808928,29.55783397297672,1,0,0,14,30,11288.168439438674,10277.448614786745,11378.616398158809
2024-01-29 14:45:00,11075.492402774718,29.50436093387089,1,0,0,14,45,11219.958894808928,10250.702709294172,11294.421878137397
2024-01-29 15:00:00,10856.83,29.378,1,0,0,15,0,11075.492402774718,10316.22,11102.45
2024-01-29 15:15:00,10571.250191667868,29.15563558884776,1,0,0,15,15,10856.83,10468.228753048465,10778.57839024818
2024-01-29 15:30:00,10246.901357037965,28.8585734209397,1,0,0,15,30,10571.250191667868,10647.760284793616,10392.981817536058
2024-01-29 15:45:00,9917.149343889085,28.519224542561787,1,0,0,15,45,10246.901357037965,10782.54667414196,10039.409336055907
2024-01-29 16:00:00,9615.36,28.17,1,0,0,16,0,9917.149343889085,10800.32,9811.61
2024-01-29 16:15:00,9369.750012639855,27.83423949401479,1,0,0,16,15,9615.36,10648.248368670193,9770.848876156477
2024-01-29 16:30:00,9187.939427039208,27.4989973432645,1,0,0,16,30,9369.750012639855,10351.243996038793,9848.455081696962
2024-01-29 16:45:00,9072.399127918952,27.14225652088196,1,0,0,16,45,9187.939427039208,9953.655125387992,9943.27374638897
2024-01-29 17:00:00,9025.6,26.742,1,0,0,17,0,9072.399127918952,9499.83,9954.15
2024-01-29 17:15:00,9044.864289022702,26.284890810093096,1,0,0,17,15,9025.6,9036.611366020765,9809.927667625923
2024-01-29 17:30:00,9106.919684805209,25.792312206002308,1,0,0,17,30,9044.864289022702,8620.81998105122,9559.44535567609
2024-01-29 17:45:00,9183.34523818511,25.294327498910373,1,0,0,17,45,9106.919684805209,8311.77110555607,9281.54036588821
2024-01-29 18:00:00,9245.72,24.821,1,0,0,18,0,9183.34523818511,8168.78,9055.05
2024-01-29 18:15:00,9271.555175019326,24.397978515612845,1,0,0,18,15,9245.72,8224.869292246762,8938.396234589825
2024-01-29 18:30:00,9262.090583739957,24.03325383272627,1,0,0,18,30,9271.555175019326,8407.89107975633,8908.339745598674
2024-01-29 18:45:00,9224.498200590608,23.73040223347656,1,0,0,18,45,9262.090583739957,8619.40482738773,8921.225883808185
2024-01-29 19:00:00,9165.95,23.493,1,0,0,19,0,9224.498200590608,8760.97,8933.4
2024-01-29 19:15:00,9091.356729649988,23.31733575245552,1,0,0,19,15,9165.95,8760.05724624219,8909.046769014773
2024-01-29 19:30:00,8996.584230234963,23.17054746309261,1,0,0,19,30,9091.356729649988,8647.781949923465,8843.708161929213
2024-01-29 19:45:00,8875.23711570246,23.0124854421834,1,0,0,19,45,8996.584230234963,8481.170678643006,8740.765473879048
2024-01-29 20:00:00,8720.92,22.803,1,0,0,20,0,8875.23711570246,8317.25,8603.6
2024-01-29 20:15:00,8532.463062630724,22.51608472456506,1,0,0,20,15,8720.92,8199.552191534474,8437.713876851085
2024-01-29 20:30:00,8329.598745320187,22.18230631490328,1,0,0,20,30,8532.463062630724,8117.632370549813,8257.09260668447
2024-01-29 20:45:00,8137.285055349558,21.84637474778985,1,0,0,20,45,8329.598745320187,8047.551364290244,8077.842533175622
2024-01-29 21:00:00,7980.48,21.553,1,0,0,21,0,8137.285055349558,7965.37,7916.07
2024-01-29 21:15:00,7875.845863577116,21.33498159928424,1,0,0,21,15,7980.48,7856.888831369916,7784.470067330893
2024-01-29 21:30:00,7806.862038484281,21.17747727729429,1,0,0,21,30,7875.845863577116,7746.867317877285,7682.092661332905
2024-01-29 21:45:00,7748.712194149304,21.0537343166572,1,0,0,21,45,7806.862038484281,7669.804645446012,7604.576424668464
2024-01-29 22:00:00,7676.58,20.937,1,0,0,22,0,7748.712194149304,7660.2,7547.56
2024-01-29 22:15:00,7573.472858060808,20.804988878298,1,0,0,22,15,7676.58,7735.792482985861,7506.573666325343
2024-01-29 22:30:00,7453.6931007426865,20.65328457591957,1,0,0,22,30,7573.472858060808,7847.280857941045,7476.714247983911
2024-01-29 22:45:00,7339.366793053222,20.481937985581364,1,0,0,22,45,7453.6931007426865,7928.603803925705,7452.970205650525
2024-01-29 23:00:00,7252.62,20.291,1,0,0,23,0,7339.366793053222,7913.7,7430.33
2024-01-29 23:15:00,7209.58020417965,20.084250387523763,1,0,0,23,15,7252.62,7760.320142936636,7403.679798617737
2024-01-29 23:30:00,7202.380558544973,19.88038441902742,1,0,0,23,30,7209.58020417965,7521.463000358534,7367.496596731451
2024-01-29 23:45:00,7217.155633637809,19.701826241017365,1,0,0,23,45,7202.380558544973,7273.939357601164,7316.155096479439
2024-01-30 00:00:00,7240.04,19.571,1,0,0,0,0,7217.155633637809,7094.56,7244.03
2024-01-30 00:15:00,7258.786012720589,19.50138457160696,1,0,0,0,15,7240.04,7037.949132767593,7150.949951703711
2024-01-30 00:30:00,7267.617165077421,19.47067774797077,1,0,0,0,30,7258.786012720589,7069.98464062482,7058.559365090286
2024-01-30 00:45:00,7262.374734895544,19.4476320503492,1,0,0,0,45,7267.617165077421,7134.357828169636,6993.956595931717
2024-01-30 01:00:00,7238.9,19.401,1,0,0,1,0,7262.374734895544,7174.76,6984.24
2024-01-30 01:15:00,7197.506838687991,19.307086326048413,1,0,0,1,15,7238.9,7152.244419742991,7044.8983633174175
2024-01-30 01:30:00,7156.399531145338,19.17240458908952,1,0,0,1,30,7197.506838687991,7097.312187142189,7144.982192907406
2024-01-30 01:45:00,7138.254958030016,19.011020557585866,1,0,0,1,45,7156.399531145338,7057.826360970292,7241.9324260436915
2024-01-30 02:00:00,7165.75,18.837,1,0,0,2,0,7138.254958030016,7081.65,7293.19
2024-01-30 02:15:00,7253.051007527446,18.662113874199388,1,0,0,2,15,7165.75,7199.608188260438,7268.937220026619
2024-01-30 02:30:00,7380.282210341226,18.488953895671155,1,0,0,2,30,7253.051007527446,7374.374110806423,7190.32186328009
2024-01-30 02:45:00,7519.057307984393,18.317816969307348,1,0,0,2,45,7380.282210341226,7551.582977949197,7091.2330748935165
2024-01-30 03:00:00,7640.99,18.149,1,0,0,3,0,7519.057307984393,7676.87,7005.56
2024-01-30 03:15:00,7722.415849952225,17.984176927154028,1,0,0,3,15,7640.99,7713.578920965255,6962.096194076108
2024-01-30 03:30:00,7758.557877489758,17.83052982822585,1,0,0,3,30,7722.415849952225,7695.887619632116,6969.252853972236
2024-01-30 03:45:00,7749.36096628241,17.69661781518474,1,0,0,3,45,7758.557877489758,7675.68250848292,7030.345586882248
2024-01-30 04:00:00,7694.77,17.591,1,0,0,4,0,7749.36096628241,7704.85,7148.69
2024-01-30 04:15:00,7606.645905163654,17.5208971671845,1,0,0,4,15,7694.77,7821.5003466285425,7323.194878668953
2024-01-30 04:30:00,7544.513779699747,17.488176791425452,1,0,0,4,30,7606.645905163654,8008.639160665111,7535.141720830964
2024-01-30 04:45:00,7579.814764385966,17.493368019953685,1,0,0,4,45,7544.513779699747,8235.495894369125,7761.405202577495
2024-01-30 05:00:00,7783.99,17.537,1,0,0,5,0,7579.814764385966,8471.3,7978.86
2024-01-30 05:15:00,8196.453966893161,17.620921904107988,1,0,0,5,15,7783.99,8688.901255020577,8175.024916248079
2024-01-30 05:30:00,8728.514503711258,17.752263006072333,1,0,0,5,30,8196.453966893161,8875.630737707434,8379.9952627039
2024-01-30 05:45:00,9259.452788673723,17.939472605000518,1,0,0,5,45,8728.514503711258,9022.439851540574,8634.510477807771
2024-01-30 06:00:00,9668.55,18.191,1,0,0,6,0,9259.452788673723,9120.28,8979.31
2024-01-30 06:15:00,9866.031352263704,18.51722771638356,1,0,0,6,15,9668.55,9171.732914539143,9430.565143838729
2024-01-30 06:30:00,9885.898205455222,18.9362711842852,1,0,0,6,30,9866.031352263704,9225.90163850515,9906.174728353428
2024-01-30 06:45:00,9793.09595591913,19.468179060044243,1,0,0,6,45,9885.898205455222,9343.519543218576,10299.469448691416
2024-01-30 07:00:00,9652.57,20.133,1,0,0,7,0,9793.09595591913,9585.32,10503.78
2024-01-30 07:15:00,9529.568749052023,20.934620355357776,1,0,0,7,15,9652.57,9982.613805572842,10456.944820897012
2024-01-30 07:30:00,9490.552674467852,21.81227725678686,1,0,0,7,30,9529.568749052023,10449.021458271973,10274.833323882383
2024-01-30 07:45:00,9602.285262649755,22.689045529822508,1,0,0,7,45,9490.552674467852,10868.740881835116,10117.822664926562
2024-01-30 08:00:00,9931.53,23.488,1,0,0,8,0,9602.285262649755,11125.97,10146.29
2024-01-30 08:15:00,10506.595682778208,24.15168148718532,1,0,0,8,15,9931.53,11148.179206919483,10469.127603823224
2024-01-30 08:30:00,11201.972346673374,24.70049478856736,1,0,0,8,30,10506.595682778208,11035.928778406962,10989.28822611704
2024-01-30 08:45:00,11853.695337231857,25.17431069566572,1,0,0,8,45,11201.972346673374,10933.051460690958,11558.239735352336
2024-01-30 09:00:00,12297.8,25.613000000000003,1,0,0,9,0,11853.695337231857,10983.38,12027.45
2024-01-30 09:15:00,12418.364144835155,26.04891932090093,1,0,0,9,15,12297.8,11280.409366749216,12281.2646075601
2024-01-30 09:30:00,12291.635438838652,26.4843685889437,1,0,0,9,30,12418.364144835155,11716.283428100174,12335.54002164946
2024-01-30 09:45:00,12041.904013422823,26.914133562514618,1,0,0,9,45,12291.635438838652,12132.808275401045,12239.010424914091
2024-01-30 10:00:00,11793.46,27.333,1,0,0,10,0,12041.904013422823,12371.79,12040.41
2024-01-30 10:15:00,11645.048206631172,27.73540685421096,1,0,0,10,15,11793.46,12325.92691983365,11790.364434686371
2024-01-30 10:30:00,11593.232147972009,28.11440585565784,1,0,0,10,30,11645.048206631172,12091.48625919234,11547.065437285117
2024-01-30 10:45:00,11609.030015326838,28.46270192927581,1,0,0,10,45,11593.232147972009,11815.627468954865,11370.596221241298
2024-01-30 11:00:00,11663.46,28.773,1,0,0,11,0,11609.030015326838,11645.51,11321.04
2024-01-30 11:15:00,11729.780684890156,29.03985951225524,1,0,0,11,15,11663.46,11683.27498516619,11432.4487474444
2024-01-30 11:30:00,11790.212219273311,29.26525798842493,1,0,0,11,30,11729.780684890156,11850.990285130463,11634.74947921008
2024-01-30 11:45:00,11829.215144019814,29.453027470382168,1,0,0,11,45,11790.212219273311,12025.705442529506,11831.837971370716
2024-01-30 12:00:00,11831.25,29.607,1,0,0,12,0,11829.215144019814,12084.47,11927.61
2024-01-30 12:15:00,11784.065772558206,29.73118634676809,1,0,0,12,15,11831.25,11942.370170751594,11852.553075536029
2024-01-30 12:30:00,11688.56522493474,29.83031219064242,1,0,0,12,30,11784.065772558206,11666.638850285806,11643.521645874574
2024-01-30 12:45:00,11548.939564843902,29.90928193919553,1,0,0,12,45,11688.56522493474,11362.545604677114,11363.961893275837
2024-01-30 13:00:00,11369.38,29.973,1,0,0,13,0,11548.939564843902,11135.36,11077.32
2024-01-30 13:15:00,11161.666537377025,30.024910725672388,1,0,0,13,15,11369.38,11061.866831827434,10837.73160666149
2024-01-30 13:30:00,10967.934380987732,30.062618249005386,1,0,0,13,30,11161.666537377025,11104.911813726318,10662.090187291624
2024-01-30 13:45:00,10837.907534104574,30.08226664783569,1,0,0,13,45,10967.934380987732,11198.855888762042,10557.978674275946
2024-01-30 14:00:00,10821.31,30.08,1,0,0,14,0,10837.907534104574,11278.06,10532.98
2024-01-30 14:15:00,10944.590890433696,30.051155125542337,1,0,0,14,15,10821.31,11288.168439438674,10585.63081031801
2024-01-30 14:30:00,11141.09975111433,29.987839813336024,1,0,0,14,30,10944.590890433696,11219.958894808928,10678.282604958928
2024-01-30 14:45:00,11320.911236237796,29.881354594461698,1,0,0,14,45,11141.09975111433,11075.492402774718,10764.24059712038
2024-01-30 15:00:00,11394.1,29.723000000000003,1,0,0,15,0,11320.911236237796,10856.83,10796.81
2024-01-30 15:15:00,11297.172869638183,29.506531272158256,1,0,0,15,15,11394.1,10571.250191667868,10738.381245816468
2024-01-30 15:30:00,11072.365364554948,29.23552249765052,1,0,0,15,30,11297.172869638183,10246.901357037965,10587.685642872666
2024-01-30 15:45:00,10788.34517719424,28.916002474317523,1,0,0,15,45,11072.365364554948,9917.149343889085,10352.539718492531
2024-01-30 16:00:00,10513.78,28.554,1,0,0,16,0,10788.34517719424,9615.36,10040.76
2024-01-30 16:15:00,10298.819037263576,28.15573541082464,1,0,0,16,15,10513.78,9369.750012639855,9666.91483141612
2024-01-30 16:30:00,10119.537540665884,27.728195196061904,1,0,0,16,30,10298.819037263576,9187.939427039208,9272.57982355041
2024-01-30 16:45:00,9933.492273735254,27.27855738326821,1,0,0,16,45,10119.537540665884,9072.399127918952,8906.08240390949
2024-01-30 17:00:00,9698.24,26.814,1,0,0,17,0,9933.492273735254,9025.6,8615.75
2024-01-30 17:15:00,9390.85191880752,26.34230833454319,1,0,0,17,15,9698.24,9044.864289022702,8437.704116019051
2024-01-30 17:30:00,9066.456972781512,25.873696718101865,1,0,0,17,30,9390.85191880752,9106.919684805209,8359.242562925703
2024-01-30 17:45:00,8799.698540364749,25.4189867426096,1,0,0,17,45,9066.456972781512,9183.34523818511,8355.457228369505
2024-01-30 18:00:00,8665.22,24.989,1,0,0,18,0,8799.698540364749,9245.72,8401.44
2024-01-30 18:15:00,8710.13281875634,24.5946250010026,1,0,0,18,15,8665.22,9271.555175019326,8472.135735757678
2024-01-30 18:30:00,8871.42081820806,24.247017931530653,1,0,0,18,30,8710.13281875634,9262.090583739957,8541.90117474678
2024-01-30 18:45:00,9058.53590855575,23.957401896293383,1,0,0,18,45,8871.42081820806,9224.498200590608,8584.946026362493
2024-01-30 19:00:00,9180.93,23.737,1,0,0,19,0,9058.53590855575,9165.95,8575.48
2024-01-30 19:15:00,9170.756806167115,23.58837916144644,1,0,0,19,15,9180.93,9091.356729649988,8497.807159700242
2024-01-30 19:30:00,9050.977254386244,23.47948155577553,1,0,0,19,30,9170.756806167115,8996.584230234963,8376.608988087179
2024-01-30 19:45:00,8867.254075412253,23.369593172216863,1,0,0,19,45,9050.977254386244,8875.23711570246,8246.661322430526
2024-01-30 20:00:00,8665.25,23.218,1,0,0,20,0,8867.254075412253,8720.92,8142.74
2024-01-30 20:15:00,8483.4574565752,22.995170853211672,1,0,0,20,15,8665.25,8532.463062630724,8088.027344191354
2024-01-30 20:30:00,8331.687664246956,22.71630584536723,1,0,0,20,30,8483.4574565752,8329.598745320187,8059.331622904503
2024-01-30 20:45:00,8212.581539795237,22.407787914839176,1,0,0,20,45,8331.687664246956,8137.285055349558,8021.8675901654
2024-01-30 21:00:00,8128.78,22.096,1,0,0,21,0,8212.581539795237,7980.48,7940.85
2024-01-30 21:15:00,8077.861023782093,21.80270305070687,1,0,0,21,15,8128.78,7875.845863577116,7795.041588534343
2024-01-30 21:30:00,8037.150838625926,21.53117006275555,1,0,0,21,30,8077.861023782093,7806.862038484281,7617.39702029481
2024-01-30 21:45:00,7978.9127341567955,21.28005204342645,1,0,0,21,45,8037.150838625926,7748.712194149304,7454.418941907873
2024-01-30 22:00:00,7875.41,21.048,1,0,0,22,0,7978.9127341567955,7676.58,7352.61
2024-01-30 22:15:00,7711.488292046428,20.834798193960843,1,0,0,22,15,7875.41,7573.472858060808,7341.354114171277
2024-01-30 22:30:00,7522.322731249339,20.64476390361057,1,0,0,22,30,7711.488292046428,7453.6931007426865,7381.560295916256
2024-01-30 22:45:00,7355.67080482758,20.483347661455024,1,0,0,22,45,7522.322731249339,7339.366793053222,7417.018829703108
2024-01-30 23:00:00,7259.29,20.356,1,0,0,23,0,7355.67080482758,7252.62,7391.52
2024-01-30 23:15:00,7266.442058032191,20.26516667344975,1,0,0,23,15,7259.29,7209.58020417965,7268.511017280552
2024-01-30 23:30:00,7352.405736376718,20.20127432280216,1,0,0,23,30,7266.442058032191,7202.380558544973,7090.066796040166
2024-01-30 23:45:00,7477.964046532886,20.15174481075347,1,0,0,23,45,7352.405736376718,7217.155633637809,6917.919176779697
2024-01-31 00:00:00,7603.9,20.104,1,0,0,0,0,7477.964046532886,7240.04,6813.8
2024-01-31 00:15:00,7697.185194574804,20.048519487240146,1,0,0,0,15,7603.9,7258.786012720589,6822.592910456521
2024-01-31 00:30:00,7749.545573243788,19.988013805180824,1,0,0,0,30,7697.185194574804,7267.617165077421,6921.788769923081
2024-01-31 00:45:00,7758.895665290877,19.92825122053109,1,0,0,0,45,7749.545573243788,7262.374734895544,7072.030244428102
2024-01-31 01:00:00,7723.15,19.875,1,0,0,1,0,7758.895665290877,7238.9,7233.96
2024-01-31 01:15:00,7644.719038668591,19.83031787758967,1,0,0,1,15,7723.15,7197.506838687991,7373.162028393367
2024-01-31 01:30:00,7543.996970648128,19.78142045647455,1,0,0,1,30,7644.719038668591,7156.399531145338,7474.985624267507
2024-01-31 01:45:00,7445.873917303602,19.71181280712215,1,0,0,1,45,7543.996970648128,7138.254958030016,7529.721408007891
2024-01-31 02:00:00,7375.24,19.605,1,0,0,2,0,7445.873917303602,7165.75,7527.66
2024-01-31 02:15:00,7350.828650750832,19.453380877401177,1,0,0,2,15,7375.24,7253.051007527446,7467.466632220007
2024-01-31 02:30:00,7366.746544163696,19.284929368920988,1,0,0,2,30,7350.828650750832,7380.282210341226,7381.304983006891
2024-01-31 02:45:00,7410.943665494713,19.13651317598031,1,0,0,2,45,7366.746544163696,7519.057307984393,7309.71334229033
2024-01-31 03:00:00,7471.37,19.045,1,0,0,3,0,7410.943665494713,7640.99,7293.23
2024-01-31 03:15:00,7536.973545828081,19.03293986280563,1,0,0,3,15,7471.37,7722.415849952225,7360.824255226602
2024-01-31 03:30:00,7600.694352697086,19.0656120678415,1,0,0,3,30,7536.973545828081,7758.557877489758,7495.189443704928
2024-01-31 03:45:00,7656.470483217548,19.093978238956623,1,0,0,3,45,7600.694352697086,7749.36096628241,7667.449910330789
2024-01-31 04:00:00,7698.24,19.069,1,0,0,4,0,7656.470483217548,7694.77,7848.73
2024-01-31 04:15:00,7727.529197186844,18.95889092137632,1,0,0,4,15,7698.24,7606.645905163654,8018.440253123582
2024-01-31 04:30:00,7776.217295047959,18.80087235971301,1,0,0,4,30,7727.529197186844,7544.513779699747,8189.135992173397
2024-01-31 04:45:00,7883.771745385094,18.649417618193205,1,0,0,4,45,7776.217295047959,7579.814764385966,8381.658735136512
2024-01-31 05:00:00,8089.66,18.559,1,0,0,5,0,7883.771745385094,7783.99,8616.85
2024-01-31 05:15:00,8417.824509174543,18.570574576689097,1,0,0,5,15,8089.66,8196.453966893161,8905.39066977907
2024-01-31 05:30:00,8830.10771711108,18.671023493306446,1,0,0,5,30,8417.824509174543,8728.514503711258,9217.319087601489
2024-01-31 05:45:00,9272.827066492073,18.833710663270573,1,0,0,5,45,8830.10771711108,9259.452788673723,9512.512961623164
2024-01-31 06:00:00,9692.3,19.032,1,0,0,6,0,9272.827066492073,9668.55,9750.85
2024-01-31 06:15:00,10042.901203614978,19.251076396867298,1,0,0,6,15,9692.3,9866.031352263704,9906.37691151014
2024-01-31 06:30:00,10311.234336507729,19.52340866706121,1,0,0,6,30,10042.901203614978,9885.898205455222,10009.81640742065
2024-01-31 06:45:00,10491.960301146612,19.89328660372452,1,0,0,6,45,10311.234336507729,9793.09595591913,10106.060199620835
2024-01-31 07:00:00,10579.74,20.405,1,0,0,7,0,10491.960301146612,9652.57,10240.0
2024-01-31 07:15:00,10582.77817636554,21.083276085841707,1,0,0,7,15,10579.74,9529.568749052023,10439.189027930372
2024-01-31 07:30:00,10563.45493685801,21.874591838448715,1,0,0,7,30,10582.77817636554,9490.552674467852,10661.826532715906
2024-01-31 07:45:00,10597.694228921478,22.705861671831364,1,0,0,7,45,10563.45493685801,9602.285262649755,10848.773271143487
2024-01-31 08:00:00,10761.42,23.504,1,0,0,8,0,10597.694228921478,9931.53,10940.89
2024-01-31 08:15:00,11097.84468467286,24.21177238476588,1,0,0,8,15,10761.42,10506.595682778208,10903.909633018377
2024-01-31 08:30:00,11519.334666060224,24.83534897914394,1,0,0,8,30,11097.84468467286,11201.972346673374,10803.053711715724
2024-01-31 08:45:00,11905.544814417475,25.396751083950026,1,0,0,8,45,11519.334666060224,11853.695337231857,10728.415934555213
2024-01-31 09:00:00,12136.13,25.918000000000003,1,0,0,9,0,11905.544814417475,12297.8,10770.09
2024-01-31 09:15:00,12128.612616193015,26.41747812509479,1,0,0,9,15,12136.13,12418.364144835155,10986.389471246132
2024-01-31 09:30:00,11951.985148901089,26.89901224497555,1,0,0,9,30,12128.612616193015,12291.635438838652,11308.507370421192
2024-01-31 09:45:00,11713.107607158618,27.362790242368547,1,0,0,9,45,11951.985148901089,12041.904013422823,11635.85658438566
2024-01-31 10:00:00,11518.84,27.809,1,0,0,10,0,11713.107607158618,11793.46,11867.85
2024-01-31 10:15:00,11450.069538055075,28.23720573985499,1,0,0,10,15,11518.84,11645.048206631172,11932.386075747105
2024-01-31 10:30:00,11483.792238335422,28.644477040953863,1,0,0,10,30,11450.069538055075,11593.232147972009,11871.305556599507
2024-01-31 10:45:00,11571.031319448057,29.02725982157581,1,0,0,10,45,11483.792238335422,11609.030015326838,11754.934759152158
2024-01-31 11:00:00,11662.81,29.382,1,0,0,11,0,11571.031319448057,11663.46,11653.6
2024-01-31 11:15:00,11719.842200336683,29.705464540485263,1,0,0,11,15,11662.81,11729.780684890156,11621.512788265452
2024-01-31 11:30:00,11741.604647757222,29.995704591208987,1,0,0,11,30,11719.842200336683,11790.212219273311,11648.42540318078
2024-01-31 11:45:00,11737.264771299151,30.251092346328218,1,0,0,11,45,11741.604647757222,11829.215144019814,11707.97531650572
2024-01-31 12:00:00,11715.99,30.47,1,0,0,12,0,11737.264771299151,11831.25,11773.8
2024-01-31 12:15:00,11684.114160598188,30.65248297320397,1,0,0,12,15,11715.99,11784.065772558206,11817.201208691087
2024-01-31 12:30:00,11636.636670635682,30.80532959421019,1,0,0,12,30,11684.114160598188,11688.56522493474,11800.137830677371
2024-01-31 12:45:00,11565.723345355336,30.93701141811131,1,0,0,12,45,11636.636670635682,11548.939564843902,11682.233037324972
2024-01-31 13:00:00,11463.54,31.056,1,0,0,13,0,11565.723345355336,11369.38,11423.11
2024-01-31 13:15:00,11330.842251020564,31.16600981669885,1,0,0,13,15,11463.54,11161.666537377025,11011.983939470192
2024-01-31 13:30:00,11202.744919700048,31.25172703195025,1,0,0,13,30,11330.842251020564,10967.934380987732,10556.438274109729
2024-01-31 13:45:00,11122.952628529509,31.29308073122652,1,0,0,13,45,11202.744919700048,10837.907534104574,10193.6484716944
2024-01-31 14:00:00,11135.17,31.27,1,0,0,14,0,11122.952628529509,10821.31,10060.79
2024-01-31 14:15:00,11260.350272819554,31.169337135000625,1,0,0,14,15,11135.17,10944.590890433696,10246.104595928144
2024-01-31 14:30:00,11428.441150564122,31.00563727798881,1,0,0,14,30,11260.350272819554,11141.09975111433,10642.09907288372
2024-01-31 14:45:00,11546.638953026626,30.8003687819826,1,0,0,14,45,11428.441150564122,11320.911236237796,11092.34651339744
2024-01-31 15:00:00,11522.14,30.575,1,0,0,15,0,11546.638953026626,11394.1,11440.42
2024-01-31 15:15:00,11286.130720201214,30.343907268298643,1,0,0,15,15,11522.14,11297.172869638183,11563.597364317233
2024-01-31 15:30:00,10865.757978043464,30.093098856094496,1,0,0,15,30,11286.130720201214,11072.365364554948,11473.975434355394
2024-01-31 15:45:00,10312.158746863975,29.80149101584309,1,0,0,15,45,10865.757978043464,10788.34517719424,11217.35578721586
2024-01-31 16:00:00,9676.47,29.448,1,0,0,16,0,10312.158746863975,10513.78,10839.54
2024-01-31 16:15:00,9015.91075262558,29.019611916804795,1,0,0,16,15,9676.47,10298.819037263576,10389.32704055293
2024-01-31 16:30:00,8412.028187262027,28.53559229763321,1,0,0,16,30,9015.91075262558,10119.537540665884,9927.505439694707
2024-01-31 16:45:00,7952.45152826746,28.023276529645024,1,0,0,16,45,8412.028187262027,9933.492273735254,9517.861118989133
2024-01-31 17:00:00,7724.81,27.51,1,0,0,17,0,7952.45152826746,9698.24,9224.18
2024-01-31 17:15:00,7783.559238046462,27.019520064482183,1,0,0,17,15,7724.81,9390.85191880752,9087.715723471048
2024-01-31 17:30:00,8050.46052290843,26.561281953372664,1,0,0,17,30,7783.559238046462,9066.456972781512,9059.592806865774
2024-01-31 17:45:00,8414.101546316182,26.141152865576817,1,0,0,17,45,8050.46052290843,8799.698540364749,9068.403486827612
2024-01-31 18:00:00,8763.07,25.765,1,0,0,18,0,8414.101546316182,8665.22,9042.74
2024-01-31 18:15:00,9007.829170188572,25.43558907526648,1,0,0,18,15,8763.07,8710.13281875634,8932.036003062874
2024-01-31 18:30:00,9146.344721104257,25.143279888876123,1,0,0,18,30,9007.829170188572,8871.42081820806,8769.090832842194
2024-01-31 18:45:00,9198.457911467807,24.875330758047703,1,0,0,18,45,9146.344721104257,9058.53590855575,8607.545246200416
2024-01-31 19:00:00,9184.01,24.619,1,0,0,19,0,9198.457911467807,9180.93,8501.04
2024-01-31 19:15:00,9120.560174949243,24.3656392594519,1,0,0,19,15,9184.01,9170.756806167115,8487.322295527452
2024-01-31 19:30:00,9016.539342674558,24.12297349112283,1,0,0,19,30,9120.560174949243,9050.977254386244,8540.565111765452
2024-01-31 19:45:00,8878.096339062588,23.90282097723235,1,0,0,19,45,9016.539342674558,8867.254075412253,8619.047872120726
2024-01-31 20:00:00,8711.38,23.716999999999995,1,0,0,20,0,8878.096339062588,8665.25,8681.05
2024-01-31 20:15:00,8525.503723764441,23.57205701192591,1,0,0,20,15,8711.38,8483.4574565752,8692.293721077318
2024-01-31 20:30:00,8341.439158197523,23.453451146632528,1,0,0,20,30,8525.503723764441,8331.687664246956,8648.272470095997
2024-01-31 20:45:00,8183.122513531843,23.341369708022885,1,0,0,20,45,8341.439158197523,8212.581539795237,8551.92248406668
2024-01-31 21:00:00,8074.49,23.216,1,0,0,21,0,8183.122513531843,8128.78,8406.18
2024-01-31 21:15:00,8030.344617492984,23.06271081784445,1,0,0,21,15,8074.49,8077.861023782093,8218.99547641328
2024-01-31 21:30:00,8028.95652453535,22.88759692234704,1,0,0,21,30,8030.344617492984,8037.150838625926,8018.37625785056
2024-01-31 21:45:00,8039.46266931004,22.70193456567611,1,0,0,21,45,8028.95652453535,7978.9127341567955,7837.34391036256
2024-01-31 22:00:00,8031.0,22.517,1,0,0,22,0,8039.46266931004,7875.41,7708.92
2024-01-31 22:15:00,7981.318275013621,22.342521591696272,1,0,0,22,15,8031.0,7711.488292046428,7652.823279519562
2024-01-31 22:30:00,7902.618493661079,22.182036163979305,1,0,0,22,30,7981.318275013621,7522.322731249339,7635.561248501764
2024-01-31 22:45:00,7815.714465477998,22.037532654272688,1,0,0,22,45,7902.618493661079,7355.67080482758,7610.338593233085
2024-01-31 23:00:00,7741.42,21.911,1,0,0,23,0,7815.714465477998,7259.29,7530.36
2024-01-31 23:15:00,7695.308688702535,21.802077815370456,1,0,0,23,15,7741.42,7266.442058032191,7368.157343008471
2024-01-31 23:30:00,7671.993250820336,21.701008421735736,1,0,0,23,30,7695.308688702535,7352.405736376718,7173.571248142383
2024-01-31 23:45:00,7660.846187527972,21.59568481723315,1,0,0,23,45,7671.993250820336,7477.964046532886,7015.769529205103
2024-02-01 00:00:00,7651.24,21.474,2,0,0,0,0,7660.846187527972,7603.9,6963.92
2024-02-01 00:15:00,7634.519157676244,21.328401521821903,2,0,0,0,15,7651.24,7697.185194574804,7063.074223446553
2024-02-01 00:30:00,7609.916003057574,21.16955514907775,2,0,0,0,30,7634.519157676244,7749.545573243788,7261.818758928703
2024-02-01 00:45:00,7578.634846910116,21.01268120179472,2,0,0,0,45,7609.916003057574,7758.895665290877,7484.623914946501
2024-02-01 01:00:00,7541.88,20.873,2,0,0,1,0,7578.634846910116,7723.15,7655.96
2024-02-01 01:15:00,7501.367493092487,20.76181609734192,2,0,0,1,15,7541.88,7644.719038668591,7719.667169455315
2024-02-01 01:30:00,7460.860236949367,20.67477098195328,2,0,0,1,30,7501.367493092487,7543.996970648128,7697.064966142806
2024-02-01 01:45:00,7424.632862331563,20.60359037558799,2,0,0,1,45,7460.860236949367,7445.873917303602,7628.842779758895
2024-02-01 02:00:00,7396.96,20.54,2,0,0,2,0,7424.632862331563,7375.24,7555.69
2024-02-01 02:15:00,7381.946182453809,20.478052838810424,2,0,0,2,15,7396.96,7350.828650750832,7511.632567482185
2024-02-01 02:30:00,7383.01554914496,20.42111092310916,2,0,0,2,30,7381.946182453809,7366.746544163696,7504.042626500072
2024-02-01 02:45:00,7403.42214126363,20.374863545853323,2,0,0,2,45,7383.01554914496,7410.943665494713,7533.628872267924
2024-02-01 03:00:00,7446.42,20.345,2,0,0,3,0,7403.42214126363,7471.37,7601.1
2024-02-01 03:15:00,7512.098402092279,20.33373817241639,2,0,0,3,15,7446.42,7536.973545828081,7699.204279365943
2024-02-01 03:30:00,7587.887566470797,20.32941032561007,2,0,0,3,30,7512.098402092279,7600.694352697086,7788.848277856905
2024-02-01 03:45:00,7658.052947613916,20.31687731599872,2,0,0,3,45,7587.887566470797,7656.470483217548,7822.978137419413
2024-02-01 04:00:00,7706.86,20.281,2,0,0,4,0,7658.052947613916,7698.24,7754.54
2024-02-01 04:15:00,7730.972240427076,20.21332259652401,2,0,0,4,15,7706.86,7727.529197186844,7565.655940054041
2024-02-01 04:30:00,7776.645434971852,20.132122774450544,2,0,0,4,30,7730.972240427076,7776.217295047959,7355.151762072307
2024-02-01 04:45:00,7902.533412030702,20.062361565151804,2,0,0,4,45,7776.645434971852,7883.771745385094,7251.029203054421
2024-02-01 05:00:00,8167.29,20.029,2,0,0,5,0,7902.533412030702,8089.66,7381.29
2024-02-01 05:15:00,8601.002323699417,20.052893316487555,2,0,0,5,15,8167.29,8417.824509174543,7828.584460417895
2024-02-01 05:30:00,9119.490693641794,20.13847357658775,2,0,0,5,30,8601.002323699417,8830.10771711108,8494.157173853866
2024-02-01 05:45:00,9610.008716763276,20.286067048394067,2,0,0,5,45,9119.490693641794,9272.827066492073,9233.901300362904
2024-02-01 06:00:00,9959.81,20.496,2,0,0,6,0,9610.008716763276,9692.3,9903.71
2024-02-01 06:15:00,10087.81549602526,20.77071351252576,2,0,0,6,15,9959.81,10042.901203614978,10386.87949952438
2024-02-01 06:30:00,10039.615540460967,21.12110791919845,2,0,0,6,30,10087.81549602526,10311.234336507729,10676.318292512227
2024-02-01 06:45:00,9892.467814666194,21.560198366271926,2,0,0,6,45,10039.615540460967,10491.960301146612,10792.33793924396
2024-02-01 07:00:00,9723.63,22.101,2,0,0,7,0,9892.467814666194,10579.74,10755.25
2024-02-01 07:15:00,9600.505848449542,22.7465495084094,2,0,0,7,15,9723.63,10582.77817636554,10600.159103984586
2024-02-01 07:30:00,9551.083394514328,23.459969746618416,2,0,0,7,30,9600.505848449542,10563.45493685801,10421.342156097226
2024-02-01 07:45:00,9593.496743321948,24.194405111518225,2,0,0,7,45,9551.083394514328,10597.694228921478,10327.869130161256
2024-02-01 08:00:00,9745.88,24.903,2,0,0,8,0,9593.496743321948,10761.42,10428.81
2024-02-01 08:15:00,10015.582047676566,25.54808845383664,2,0,0,8,15,9745.88,11097.84468467286,10791.70127203728
2024-02-01 08:30:00,10366.810881481715,26.12876309432788,2,0,0,8,30,10015.582047676566,11519.334666060224,11317.945583098865
2024-02-01 08:45:00,10752.989274546007,26.653306187655176,2,0,0,8,45,10366.810881481715,11905.544814417475,11867.412102611015
2024-02-01 09:00:00,11127.54,27.13,2,0,0,9,0,10752.989274546007,12136.13,12299.97
2024-02-01 09:15:00,11450.14861709419,27.567799801244057,2,0,0,9,15,11127.54,12128.612616193015,12506.714245366298
2024-02-01 09:30:00,11705.551829558806,27.978352876070083,2,0,0,9,30,11450.14861709419,11951.985148901089,12503.643011507313
2024-02-01 09:45:00,11884.74912724402,28.37397951286107,2,0,0,9,45,11705.551829558806,11713.107607158618,12337.98027189467
2024-02-01 10:00:00,11978.74,28.767000000000003,2,0,0,10,0,11884.74912724402,11518.84,12056.95
2024-02-01 10:15:00,11986.781765196678,29.164134216187136,2,0,0,10,15,11978.74,11450.069538055075,11713.038465247528
2024-02-01 10:30:00,11941.16305028306,29.549700401391792,2,0,0,10,30,11986.781765196678,11483.792238335422,11379.781120871889
2024-02-01 10:45:00,11882.43031022791,29.90241638590056,2,0,0,10,45,11941.16305028306,11571.031319448057,11135.9757160603
2024-02-01 11:00:00,11851.13,30.201,2,0,0,11,0,11882.43031022791,11662.81,11060.42
2024-02-01 11:15:00,11874.817603369096,30.4309758340074,2,0,0,11,15,11851.13,11719.842200336683,11199.647831143588
2024-02-01 11:30:00,11929.08471930896,30.605095518362745,2,0,0,11,30,11874.817603369096,11741.604647757222,11471.137505005148
2024-02-01 11:45:00,11976.531975594342,30.74291744353672,2,0,0,11,45,11929.08471930896,11737.264771299151,11760.103426364134
2024-02-01 12:00:00,11979.76,30.864,2,0,0,12,0,11976.531975594342,11715.99,11951.76
2024-02-01 12:15:00,11911.030008826936,30.98260307278328,2,0,0,12,15,11979.76,11684.114160598188,11962.410835178116
2024-02-01 12:30:00,11781.245572481106,31.09179252515724,2,0,0,12,30,11911.030008826936,11636.636670635682,11832.71635910752
2024-02-01 12:45:00,11610.970849894728,31.179335714952582,2,0,0,12,45,11781.245572481106,11565.723345355336,11634.426203483164
2024-02-01 13:00:00,11420.77,31.233,2,0,0,13,0,11610.970849894728,11463.54,11439.29
2024-02-01 13:15:00,11232.58923632317,31.2439087498595,2,0,0,13,15,11420.77,11330.842251020564,11303.737734393948
2024-02-01 13:30:00,11073.902990766615,31.21660938100831,2,0,0,13,30,11232.58923632317,11202.744919700048,11222.920808564772
2024-02-01 13:45:00,10973.567749826754,31.15900532165297,2,0,0,13,45,11073.902990766615,11122.952628529509,11176.670978453212
2024-02-01 14:00:00,10960.44,31.079,2,0,0,14,0,10973.567749826754,11135.17,11144.82
2024-02-01 14:15:00,11045.089452130387,30.982715052778715,2,0,0,14,15,10960.44,11260.350272819554,11108.933227246098
2024-02-01 14:30:00,11164.938714452426,30.86914495080951,2,0,0,14,30,11045.089452130387,11428.441150564122,11057.510406633388
2024-02-01 14:45:00,11239.123619548254,30.735502373435548,2,0,0,14,45,11164.938714452426,11546.638953026626,10980.784882703983
2024-02-01 15:00:00,11186.78,30.579,2,0,0,15,0,11239.123619548254,11522.14,10868.99
2024-02-01 15:15:00,10954.449048905286,30.397121664025622,2,0,0,15,15,11186.78,11286.130720201214,10717.47638787166
2024-02-01 15:30:00,10598.29340142368,30.188435815753635,2,0,0,15,30,10954.449048905286,10865.757978043464,10542.063814901674
2024-02-01 15:45:00,10201.881053230232,29.951782059604827,2,0,0,15,45,10598.29340142368,10312.158746863975,10363.689334480849
2024-02-01 16:00:00,9848.78,29.686,2,0,0,16,0,10201.881053230232,9676.47,10203.29
2024-02-01 16:15:00,9601.278883498471,29.390110791118765,2,0,0,16,15,9848.78,9015.91075262558,10072.479815017252
2024-02-01 16:30:00,9436.54892985286,29.06386178617593,2,0,0,16,30,9601.278883498471,8412.028187262027,9945.580583759922
2024-02-01 16:45:00,9310.48201128082,28.70718188814514,2,0,0,16,45,9436.54892985286,7952.45152826746,9787.591060622628
2024-02-01 17:00:00,9178.97,28.32,2,0,0,17,0,9310.48201128082,7724.81,9563.51
2024-02-01 17:15:00,9011.711823350832,27.90266954649932,2,0,0,17,15,9178.97,7783.559238046462,9254.648102059333
2024-02-01 17:30:00,8833.63462916488,27.457242039542628,2,0,0,17,30,9011.711823350832,8050.46052290843,8907.563850058643
2024-02-01 17:45:00,8683.472620396487,26.986193512814616,2,0,0,17,45,8833.63462916488,8414.101546316182,8585.127673028635
2024-02-01 18:00:00,8599.96,26.492,2,0,0,18,0,8683.472620396487,8763.07,8350.21
2024-02-01 18:15:00,8607.013979348196,25.98416414788396,2,0,0,18,15,8599.96,9007.829170188572,8248.781057995417
2024-02-01 18:30:00,8669.283803487613,25.50029505565357,2,0,0,18,30,8607.013979348196,9146.344721104257,8259.210266005497
2024-02-01 18:45:00,8736.601725883223,25.0850284355964,2,0,0,18,45,8669.283803487613,9198.457911467807,8342.966841012829
2024-02-01 19:00:00,8758.8,24.783,2,0,0,19,0,8736.601725883223,9184.01,8461.52
2024-02-01 19:15:00,8700.803353006379,24.62183011196485,2,0,0,19,15,8758.8,9120.560174949243,8579.395634708995
2024-02-01 19:30:00,8587.906406884662,24.561077737843103,2,0,0,19,30,8700.803353006379,9016.539342674558,8673.346335919363
2024-02-01 19:45:00,8460.496257320614,24.5432864947998,2,0,0,19,45,8587.906406884662,8878.096339062588,8723.18136917005
2024-02-01 20:00:00,8358.96,24.511000000000003,2,0,0,20,0,8460.496257320614,8711.38,8708.71
2024-02-01 20:15:00,8312.449483626284,24.41985915425663,2,0,0,20,15,8358.96,8525.503723764441,8619.408590668601
2024-02-01 20:30:00,8305.175568973735,24.27789399297403,2,0,0,20,30,8312.449483626284,8341.439158197523,8483.421890317044
2024-02-01 20:45:00,8310.113869834317,24.10623183520441,2,0,0,20,45,8305.175568973735,8183.122513531843,8338.561744806966
2024-02-01 21:00:00,8300.24,23.926,2,0,0,21,0,8310.113869834317,8074.49,8222.64
2024-02-01 21:15:00,8254.673556238482,23.754452021008632,2,0,0,21,15,8300.24,8030.344617492984,8160.414221366595
2024-02-01 21:30:00,8177.110067220397,23.59334629026077,2,0,0,21,30,8254.673556238482,8028.95652453535,8124.424852812452
2024-02-01 21:45:00,8077.389044592113,23.440567414382528,2,0,0,21,45,8177.110067220397,8039.46266931004,8074.158057852082
2024-02-01 22:00:00,7965.35,23.294,2,0,0,22,0,8077.389044592113,8031.0,7969.1
2024-02-01 22:15:00,7850.173166419791,23.152895261708835,2,0,0,22,15,7965.35,7981.318275013621,7784.922023865018
2024-02-01 22:30:00,7738.401662144683,23.02197084598287,2,0,0,22,30,7850.173166419791,7902.618493661079,7562.0361984331485
2024-02-01 22:45:00,7635.9193267972305,22.907311007265463,2,0,0,22,45,7738.401662144683,7815.714465477998,7357.039773784704
2024-02-01 23:00:00,7548.61,22.815,2,0,0,23,0,7635.9193267972305,7741.42,7226.53
2024-02-01 23:15:00,7481.304559332354,22.74810755715602,2,0,0,23,15,7548.61,7695.308688702535,7209.197839423334
2024-02-01 23:30:00,7434.622034200878,22.69764532580776,2,0,0,23,30,7481.304559332354,7671.993250820336,7272.109103454956
2024-02-01 23:45:00,7408.128491968963,22.65161043155561,2,0,0,23,45,7434.622034200878,7660.846187527972,7364.4233157591
2024-02-02 00:00:00,7401.39,22.598000000000003,2,0,0,0,0,7408.128491968963,7651.24,7435.3
2024-02-02 00:15:00,7412.018752500794,22.529174509667087,2,0,0,0,15,7401.39,7634.519157676244,7446.0241184416445
2024-02-02 00:30:00,7429.811451051807,22.454947850786112,2,0,0,0,30,7412.018752500794,7609.916003057574,7406.382387747028
2024-02-02 00:45:00,7442.610924076916,22.38949726651208,2,0,0,0,45,7429.811451051807,7578.634846910116,7338.286963178898
2024-02-02 01:00:00,7438.26,22.347,2,0,0,1,0,7442.610924076916,7541.88,7263.65
2024-02-02 01:15:00,7409.281524414472,22.33500690417564,2,0,0,1,15,7438.26,7501.367493092487,7200.470530560087
2024-02-02 01:30:00,7366.918411591896,22.3345632710478,2,0,0,1,30,7409.281524414472,7460.860236949367,7151.095095556932
2024-02-02 01:45:00,7327.093592973371,22.320088002396066,2,0,0,1,45,7366.918411591896,7424.632862331563,7113.95711277531
2024-02-02 02:00:00,7305.73,22.266,2,0,0,2,0,7327.093592973371,7396.96,7087.49
2024-02-02 02:15:00,7315.655774841318,22.155985373630365,2,0,0,2,15,7305.73,7381.946182453809,7069.322978068006
2024-02-02 02:30:00,7357.319902580609,22.010799065022688,2,0,0,2,30,7315.655774841318,7383.01554914496,7053.868480025244
2024-02-02 02:45:00,7428.076579029597,21.860463223903665,2,0,0,2,45,7357.319902580609,7403.42214126363,7034.734741969862
2024-02-02 03:00:00,7525.28,21.735,2,0,0,3,0,7428.076579029597,7446.42,7005.53
2024-02-02 03:15:00,7645.761313720256,21.65350472630288,2,0,0,3,15,7525.28,7512.098402092279,6967.145369667888
2024-02-02 03:30:00,7784.259478085664,21.591365468861444,2,0,0,3,30,7645.761313720256,7587.887566470797,6949.603484342088
2024-02-02 03:45:00,7934.990403408241,21.51304347698928,2,0,0,3,45,7784.259478085664,7658.052947613916,6990.209856845244
2024-02-02 04:00:00,8092.17,21.383,2,0,0,4,0,7934.990403408241,7706.86,7126.27
2024-02-02 04:15:00,8253.355845277658,21.18823009615809,2,0,0,4,15,8092.17,7730.972240427076,7383.088043260442
2024-02-02 04:30:00,8429.472185076733,21.00586405953154,2,0,0,4,30,8253.355845277658,7776.645434971852,7737.962582606405
2024-02-02 04:45:00,8634.784932337438,20.93556599313922,2,0,0,4,45,8429.472185076733,7902.533412030702,8156.190830649165
2024-02-02 05:00:00,8883.56,21.077,2,0,0,5,0,8634.784932337438,8167.29,8603.07
2024-02-02 05:15:00,9181.71499266911,21.49034051406476,2,0,0,5,15,8883.56,8601.002323699417,9039.403394790348
2024-02-02 05:30:00,9501.774281607408,22.0778032930124,2,0,0,5,30,9181.71499266911,9119.490693641794,9408.018685232297
2024-02-02 05:45:00,9807.913929742,22.702114425453843,2,0,0,5,45,9501.774281607408,9610.008716763276,9647.249633058098
2024-02-02 06:00:00,10064.31,23.226,2,0,0,6,0,9807.913929742,9959.81,9695.43
2024-02-02 06:15:00,10246.36871529589,23.551532847582884,2,0,0,6,15,10064.31,10087.81549602526,9523.50400257817
2024-02-02 06:30:00,10374.416938493632,23.738172768418863,2,0,0,6,30,10246.36871529589,10039.615540460967,9232.85767646441
2024-02-02 06:45:00,10480.01169244456,23.88472630504541,2,0,0,6,45,10374.416938493632,9892.467814666194,8957.487512118447
2024-02-02 07:00:00,10594.71,24.09,2,0,0,7,0,10480.01169244456,9723.63,8831.39
2024-02-02 07:15:00,10738.592021147322,24.427871845603715,2,0,0,7,15,10594.71,9600.505848449542,8948.58590739698
2024-02-02 07:30:00,10885.83046441806,24.872505633312148,2,0,0,7,30,10738.592021147322,9551.083394514328,9243.193108910062
2024-02-02 07:45:00,10999.12117547976,25.373136604364507,2,0,0,7,45,10885.83046441806,9593.496743321948,9609.353755968114
2024-02-02 08:00:00,11041.16,25.879,2,0,0,8,0,10999.12117547976,9745.88,9941.21
2024-02-02 08:15:00,10991.48866886481,26.35019852000226,2,0,0,8,15,11041.16,10015.582047676566,10161.468774083907
2024-02-02 08:30:00,10897.032453834134,26.790304698332545,2,0,0,8,30,10991.48866886481,10366.810881481715,10307.096137895336
2024-02-02 08:45:00,10821.562511886392,27.21375852749657,2,0,0,8,45,10897.032453834134,10752.989274546007,10443.622932759092
2024-02-02 09:00:00,10828.85,27.635,2,0,0,9,0,10821.562511886392,11127.54,10636.58
2024-02-02 09:15:00,10960.250959643434,28.06367782438727,2,0,0,9,15,10828.85,11450.14861709419,10926.017277517383
2024-02-02 09:30:00,11167.460970245402,28.490275573357675,2,0,0,9,30,10960.250959643434,11705.551829558806,11250.061089508596
2024-02-02 09:45:00,11379.76049572467,28.90048553564925,2,0,0,9,45,11167.460970245402,11884.74912724402,11521.356856745511
2024-02-02 10:00:00,11526.43,29.28,2,0,0,10,0,11379.76049572467,11978.74,11652.55
2024-02-02 10:15:00,11559.796867561454,29.61704330744867,2,0,0,10,15,11526.43,11986.781765196678,11588.75649084656
2024-02-02 10:30:00,11524.376165184256,29.909968008236767,2,0,0,10,30,11559.796867561454,11941.16305028306,11404.974504070276
2024-02-02 10:45:00,11487.72988021493,30.15965870490648,2,0,0,10,45,11524.376165184256,11882.43031022791,11208.672765258849
2024-02-02 11:00:00,11517.42,30.367,2,0,0,11,0,11487.72988021493,11851.13,11107.32
2024-02-02 11:15:00,11657.576570110756,30.53407082081804,2,0,0,11,15,11517.42,11874.817603369096,11175.713634096364
2024-02-02 11:30:00,11858.601869017575,30.66772739369528,2,0,0,11,30,11657.576570110756,11929.08471930896,11357.965894210296
2024-02-02 11:45:00,12047.46623341561,30.776020269724867,2,0,0,11,45,11858.601869017575,11976.531975594342,11565.517707219082
2024-02-02 12:00:00,12151.14,30.867,2,0,0,12,0,12047.46623341561,11979.76,11709.81
2024-02-02 12:15:00,12118.220601995525,30.94689215927917,2,0,0,12,15,12151.14,11911.030008826936,11721.60569151798
2024-02-02 12:30:00,11983.813858745438,31.01462241698215,2,0,0,12,30,12118.220601995525,11781.245572481106,11608.955669088533
2024-02-02 12:45:00,11804.652686122634,31.06729146619406,2,0,0,12,45,11983.813858745438,11610.970849894728,11399.232812114822
2024-02-02 13:00:00,11637.47,31.102,2,0,0,13,0,11804.652686122634,11420.77,11119.81
2024-02-02 13:15:00,11525.430865657154,31.116719917065296,2,0,0,13,15,11637.47,11232.58923632317,10804.620631081716
2024-02-02 13:30:00,11457.428946000671,31.11290793837613,2,0,0,13,30,11525.430865657154,11073.902990766615,10513.840179435569
2024-02-02 13:45:00,11408.790053343851,31.0928919904989,2,0,0,13,45,11457.428946000671,10973.567749826754,10314.204638071637
2024-02-02 14:00:00,11354.84,31.059,2,0,0,14,0,11408.790053343851,10960.44,10272.45
2024-02-02 14:15:00,11274.027341625855,31.012259422459653,2,0,0,14,15,11354.84,11045.089452130387,10426.12272165515
2024-02-02 14:30:00,11157.291607251876,30.94849582951334,2,0,0,14,30,11274.027341625855,11164.938714452426,10696.011113169194
2024-02-02 14:45:00,10998.69506925196,30.86223432181036,2,0,0,14,45,11157.291607251876,11239.123619548254,10973.71394809864
2024-02-02 15:00:00,10792.3,30.748,2,0,0,15,0,10998.69506925196,11186.78,11150.83
2024-02-02 15:15:00,10538.804299089425,30.60127364309609,2,0,0,15,15,10792.3,10954.449048905286,11146.896451047682
2024-02-02 15:30:00,10265.448374991814,30.42135874357051,2,0,0,15,30,10538.804299089425,10598.29340142368,10993.204117887664
2024-02-02 15:45:00,10006.108263398302,30.20851447225968,2,0,0,15,45,10265.448374991814,10201.881053230232,10748.98222578381
2024-02-02 16:00:00,9794.66,29.963,2,0,0,16,0,10006.108263398302,9848.78,10473.46
2024-02-02 16:15:00,9653.281868266453,29.68473975515599,2,0,0,16,15,9794.66,9601.278883498471,10211.79209915412
2024-02-02 16:30:00,9557.361142780856,29.37231919620461,2,0,0,16,30,9653.281868266453,9436.54892985286,9952.834915280158
2024-02-02 16:45:00,9470.587345904834,29.023989039150926,2,0,0,16,45,9557.361142780856,9310.48201128082,9671.370273766115
2024-02-02 17:00:00,9356.65,28.638,2,0,0,17,0,9470.587345904834,9178.97,9342.18
2024-02-02 17:15:00,9192.183227844773,28.217798586279947,2,0,0,17,15,9356.65,9011.711823350832,8957.152183585831
2024-02-02 17:30:00,9005.599553884758,27.78761447161105,2,0,0,17,30,9192.183227844773,8833.63462916488,8576.599970991707
2024-02-02 17:45:00,8838.256102982366,27.37687312113663,2,0,0,17,45,9005.599553884758,8683.472620396487,8277.942772901724
2024-02-02 18:00:00,8731.51,27.015,2,0,0,18,0,8838.256102982366,8599.96,8138.6
2024-02-02 18:15:00,8710.729751604458,26.722878399724213,2,0,0,18,15,8731.51,8607.013979348196,8206.417135252548
2024-02-02 18:30:00,8737.329391680109,26.487222917351183,2,0,0,18,30,8710.729751604458,8669.283803487613,8410.943950753022
2024-02-02 18:45:00,8756.734335915704,26.28620597630257,2,0,0,18,45,8737.329391680109,8736.601725883223,8652.156290876987
2024-02-02 19:00:00,8714.37,26.098,2,0,0,19,0,8756.734335915704,8758.8,8830.03
2024-02-02 19:15:00,8575.887140737395,25.9055940648232,2,0,0,19,15,8714.37,8700.803353006379,8869.550212903978
2024-02-02 19:30:00,8387.837879394814,25.711243858984204,2,0,0,19,30,8575.887140737395,8587.906406884662,8795.739225996209
2024-02-02 19:45:00,8216.999678354827,25.5220217236531,2,0,0,19,45,8387.837879394814,8460.496257320614,8658.628626090334
2024-02-02 20:00:00,8130.15,25.345,2,0,0,20,0,8216.999678354827,8358.96,8508.25
2024-02-02 20:15:00,8171.292779195965,25.18727659098297,2,0,0,20,15,8130.15,8312.449483626284,8385.14201313155
2024-02-02 20:30:00,8293.337840740636,25.056051646712003,2,0,0,20,30,8171.292779195965,8305.175568973735,8291.87164526215
2024-02-02 20:45:00,8426.421481914987,24.958550879085024,2,0,0,20,45,8293.337840740636,8310.113869834317,8221.512954761678
2024-02-02 21:00:00,8500.68,24.902,2,0,0,21,0,8426.421481914987,8300.24,8167.14
2024-02-02 21:15:00,8466.149398728743,24.8878776962449,2,0,0,21,15,8500.68,8254.673556238482,8119.681422069825
2024-02-02 21:30:00,8352.464507642646,24.8946745541678,2,0,0,21,30,8466.149398728743,8177.110067220397,8061.484192955188
2024-02-02 21:45:00,8209.159862735225,24.8951341350068,2,0,0,21,45,8352.464507642646,8077.389044592113,7972.749867362957
2024-02-02 22:00:00,8085.77,24.862,2,0,0,22,0,8209.159862735225,7965.35,7833.68
2024-02-02 22:15:00,8019.502594639062,24.77358762403744,2,0,0,22,15,8085.77,7850.173166419791,7635.263236089151
2024-02-02 22:30:00,7998.257878688785,24.63050013661682,2,0,0,22,30,8019.502594639062,7738.401662144683,7411.636582917099
2024-02-02 22:45:00,7997.609223394116,24.4389125808878,2,0,0,22,45,7998.257878688785,7635.9193267972305,7207.724138286497
2024-02-02 23:00:00,7993.13,24.205,2,0,0,23,0,7997.609223394116,7548.61,7068.45
2024-02-02 23:15:00,7964.445222715009,23.938053057605348,2,0,0,23,15,7993.13,7481.304559332354,7024.733914823572
2024-02-02 23:30:00,7907.386477602214,23.659824899364903,2,0,0,23,30,7964.445222715009,7434.622034200878,7051.478225376417
2024-02-02 23:45:00,7821.836993688312,23.395184291442007,2,0,0,23,45,7907.386477602214,7408.128491968963,7109.580923241054
2024-02-03 00:00:00,7707.68,23.169,2,0,1,0,0,7821.836993688312,7401.39,7159.94
2024-02-03 00:15:00,7570.579639500904,22.998731395541167,2,0,1,0,15,7707.68,7412.018752500794,7172.649229616563
2024-02-03 00:30:00,7439.32371090236,22.87220026592356,2,0,1,0,30,7570.579639500904,7429.811451051807,7154.585515577233
2024-02-03 00:45:00,7348.480926852638,22.76981900334417,2,0,1,0,45,7439.32371090236,7442.610924076916,7121.821543749285
2024-02-03 01:00:00,7332.62,22.672,2,0,1,1,0,7348.480926852638,7438.26,7090.43
2024-02-03 01:15:00,7411.574031781378,22.564208860229986,2,0,1,1,15,7332.62,7409.281524414472,7072.904479210172
2024-02-03 01:30:00,7546.233678788346,22.45212403694085,2,0,1,1,30,7411.574031781378,7366.918411591896,7067.422212314652
2024-02-03 01:45:00,7682.75398640114,22.346477195181304,2,0,1,1,45,7546.233678788346,7327.093592973371,7068.581339261806
2024-02-03 02:00:00,7767.29,22.258,2,0,1,2,0,7682.75398640114,7305.73,7070.98
2024-02-03 02:15:00,7764.205639623585,22.193339413538897,2,0,1,2,15,7767.29,7315.655774841318,7073.042228542747
2024-02-03 02:30:00,7710.700323944257,22.14280358631301,2,0,1,2,30,7764.205639623585,7357.319902580609,7088.495635164158
2024-02-03 02:45:00,7662.1823462928,22.092615965930616,2,0,1,2,45,7710.700323944257,7428.076579029597,7134.89372420349
2024-02-03 03:00:00,7674.06,22.029,2,0,1,3,0,7662.1823462928,7525.28,7229.79
2024-02-03 03:15:00,7783.477628474282,21.942949110614432,2,0,1,3,15,7674.06,7645.761313720256,7380.641762868837
2024-02-03 03:30:00,7954.523775434627,21.84453661780711,2,0,1,3,30,7783.477628474282,7784.259478085664,7554.521497028715
2024-02-03 03:45:00,8133.023034677659,21.74860581609624,2,0,1,3,45,7954.523775434627,7934.990403408241,7708.405482674235
2024-02-03 04:00:00,8264.8,21.67,2,0,1,4,0,8133.023034677659,8092.17,7799.27
2024-02-03 04:15:00,8312.252127729289,21.6216453940034,2,0,1,4,15,8264.8,8253.355845277658,7804.226501231902
2024-02-03 04:30:00,8304.068324317233,21.608799942458564,2,0,1,4,30,8312.252127729289,8429.472185076733,7780.927126720983
2024-02-03 04:45:00,8285.510358746562,21.63480451968445,2,0,1,4,45,8304.068324317233,8634.784932337438,7807.159188849573
2024-02-03 05:00:00,8301.84,21.703,2,0,1,5,0,8285.510358746562,8883.56,7960.71
2024-02-03 05:15:00,8390.035579358564,21.813938063372,2,0,1,5,15,8301.84,9181.71499266911,8293.575200953554
2024-02-03 05:30:00,8553.941677296436,21.95701361235864,2,0,1,5,30,8390.035579358564,9501.774281607408,8754.583746087352
2024-02-03 05:45:00,8789.11943658609,22.11883235516596,2,0,1,5,45,8553.941677296436,9807.913929742,9266.772918177474
2024-02-03 06:00:00,9091.13,22.286,2,0,1,6,0,8789.11943658609,10064.31,9753.18
2024-02-03 06:15:00,9449.113367336457,22.453946102508624,2,0,1,6,15,9091.13,10246.36871529589,10148.249413703888
2024-02-03 06:30:00,9826.524966497018,22.653395608106905,2,0,1,6,30,9449.113367336457,10374.416938493632,10432.05413892961
2024-02-03 06:45:00,10180.399082409074,22.92389730965174,2,0,1,6,45,9826.524966497018,10480.01169244456,10596.07429469053
2024-02-03 07:00:00,10467.77,23.305,2,0,1,7,0,10180.399082409074,10594.71,10631.79
2024-02-03 07:15:00,10656.147045045616,23.819840026593507,2,0,1,7,15,10467.77,10738.592021147322,10547.857612980904
2024-02-03 07:30:00,10754.939706715488,24.425903955213744,2,0,1,7,30,10656.147045045616,10885.83046441806,10421.638448194204
2024-02-03 07:45:00,10784.032515027617,25.064265906227103,2,0,1,7,45,10754.939706715488,10999.12117547976,10347.670059310409
2024-02-03 08:00:00,10763.31,25.676,2,0,1,8,0,10784.032515027617,11041.16,10420.49
2024-02-03 08:15:00,10718.019077481082,26.21497504111733,2,0,1,8,15,10763.31,10991.48866886481,10699.313259372508
2024-02-03 08:30:00,10694.856206641034,26.68623857103811,2,0,1,8,30,10718.019077481082,10897.032453834134,11102.064568293568
2024-02-03 08:45:00,10745.880232480473,27.107632815439832,2,0,1,8,45,10694.856206641034,10821.562511886392,11511.346093067845
2024-02-03 09:00:00,10923.15,27.497,2,0,1,9,0,10745.880232480473,10828.85,11809.76
2024-02-03 09:15:00,11251.324145030054,27.86833793393713,2,0,1,9,15,10923.15,10960.250959643434,11911.103255779066
2024-02-03 09:30:00,11645.460466720366,28.2202667606338,2,0,1,9,30,11251.324145030054,11167.460970245402,11853.952028631524
2024-02-03 09:45:00,11993.216555050496,28.547562207013563,2,0,1,9,45,11645.460466720366,11379.76049572467,11708.07728716822
2024-02-03 10:00:00,12182.25,28.845,2,0,1,10,0,11993.216555050496,11526.43,11543.25
2024-02-03 10:15:00,12137.595279898704,29.10956384813412,2,0,1,10,15,12182.25,11559.796867561454,11417.61481126123
2024-02-03 10:30:00,11933.794426477498,29.34706938642668,2,0,1,10,30,12137.595279898704,11524.376165184256,11342.81106718034
2024-02-03 10:45:00,11682.766359817544,29.56554023150591,2,0,1,10,45,11933.794426477498,11487.72988021493,11318.85178950928
2024-02-03 11:00:00,11496.43,29.773,2,0,1,11,0,11682.766359817544,11517.42,11345.75
2024-02-03 11:15:00,11457.040672875137,29.9755629235264,2,0,1,11,15,11496.43,11657.576570110756,11417.701405426016
2024-02-03 11:30:00,11528.199327369644,30.17170569365945,2,0,1,11,30,11457.040672875137,11858.601869017575,11505.632452647118
2024-02-03 11:45:00,11643.84331817933,30.3579956169628,2,0,1,11,45,11528.199327369644,12047.46623341561,11574.65227354466
2024-02-03 12:00:00,11737.91,30.531,2,0,1,12,0,11643.84331817933,12151.14,11589.87
2024-02-03 12:15:00,11758.96343485076,30.686450082760302,2,0,1,12,15,11737.91,12118.220601995525,11527.435973284708
2024-02-03 12:30:00,11714.074514043932,30.816732838935483,2,0,1,12,30,11758.96343485076,11983.813858745438,11407.665372231197
2024-02-03 12:45:00,11624.94083621514,30.913399175642912,2,0,1,12,45,11714.074514043932,11804.652686122634,11261.914585062084
2024-02-03 13:00:00,11513.26,30.968000000000004,2,0,1,13,0,11624.94083621514,11637.47,11121.54
2024-02-03 13:15:00,11399.744962721825,30.974089870432383,2,0,1,13,15,11513.26,11525.430865657154,11010.262513935157
2024-02-03 13:30:00,11301.170116454628,30.93323795059863,2,0,1,13,30,11399.744962721825,11457.428946000671,10921.261058428108
2024-02-03 13:45:00,11233.32521196012,30.849017055465566,2,0,1,13,45,11301.170116454628,11408.790053343851,10840.079073707007
2024-02-03 14:00:00,11212.0,30.725,2,0,1,14,0,11233.32521196012,11354.84,10752.26
2024-02-03 14:15:00,11245.640464261953,30.565784185510186,2,0,1,14,15,11212.0,11274.027341625855,10649.470064724674
2024-02-03 14:30:00,11313.317520137556,30.380065358670013,2,0,1,14,30,11245.640464261953,11157.291607251876,10547.866644056376
2024-02-03 14:45:00,11386.758315944386,30.17756385249484,2,0,1,14,45,11313.317520137556,10998.69506925196,10469.72990135989
2024-02-03 15:00:00,11437.69,29.968,2,0,1,15,0,11386.758315944386,10792.3,10437.34
2024-02-03 15:15:00,11439.417242730378,29.758539012526903,2,0,1,15,15,11437.69,10538.804299089425,10459.22050841615
2024-02-03 15:30:00,11371.554802995144,29.54612561472132,2,0,1,15,30,11439.417242730378,10265.448374991814,10488.868615346391
2024-02-03 15:45:00,11215.294961762338,29.32514940955507,2,0,1,15,45,11371.554802995144,10006.108263398302,10466.024914603442
2024-02-03 16:00:00,10951.83,29.09,2,0,1,16,0,11215.294961762338,9794.66,10330.43
2024-02-03 16:15:00,10575.203221066542,28.836091014382195,2,0,1,16,15,10951.83,9653.281868266453,10044.286339110726
2024-02-03 16:30:00,10130.862017881873,28.56293218244471,2,0,1,16,30,10575.203221066542,9557.361142780856,9659.643894558052
2024-02-03 16:45:00,9677.104805756266,28.27105725928488,2,0,1,16,45,10130.862017881873,9470.587345904834,9251.01450272635
2024-02-03 17:00:00,9272.23,27.961,2,0,1,17,0,9677.104805756266,9356.65,8892.91
2024-02-03 17:15:00,8962.99002925345,27.63570630494432,2,0,1,17,15,9272.23,9192.183227844773,8642.867728890944
2024-02-03 17:30:00,8749.95337547737,27.30777065549982,2,0,1,17,30,8962.99002925345,9005.599553884758,8490.5270564214
2024-02-03 17:45:00,8622.142533962604,26.99219967830541,2,0,1,17,45,8749.95337547737,8838.256102982366,8408.552855741158
2024-02-03 18:00:00,8568.58,26.704,2,0,1,18,0,8622.142533962604,8731.51,8369.61
2024-02-03 18:15:00,8574.394005669654,26.453318140840526,2,0,1,18,15,8568.58,8710.729751604458,8350.005870325498
2024-02-03 18:30:00,8609.135730208653,26.230860195556005,2,0,1,18,30,8574.394005669654,8737.329391680109,8340.61787975635
2024-02-03 18:45:00,8638.462089643324,26.022472152493485,2,0,1,18,45,8609.135730208653,8756.734335915704,8335.965949309024
2024-02-03 19:00:00,8628.03,25.814,2,0,1,19,0,8638.462089643324,8714.37,8330.57
2024-02-03 19:15:00,8556.24410431793,25.59442738169357,2,0,1,19,15,8628.03,8575.887140737395,8319.563008557057
2024-02-03 19:30:00,8452.49995368802,25.36528856227616,2,0,1,19,30,8556.24410431793,8387.837879394814,8300.530174553202
2024-02-03 19:45:00,8358.940826214102,25.131255461720656,2,0,1,19,45,8452.49995368802,8216.999678354827,8271.669753272747
2024-02-03 20:00:00,8317.71,24.897,2,0,1,20,0,8358.940826214102,8130.15,8231.18
2024-02-03 20:15:00,8356.241608308628,24.667300457385164,2,0,1,20,15,8317.71,8171.292779195965,8177.73725169627
2024-02-03 20:30:00,8443.133205039267,24.44736055533936,2,0,1,20,30,8356.241608308628,8293.337840740636,8111.93017203084
2024-02-03 20:45:00,8532.27319925027,24.24249037562388,2,0,1,20,45,8443.133205039267,8426.421481914987,8034.825506349989
2024-02-03 21:00:00,8577.55,24.058,2,0,1,21,0,8532.27319925027,8500.68,7947.49
2024-02-03 21:15:00,8544.428524947545,23.896917663765777,2,0,1,21,15,8577.55,8466.149398728743,7851.613297157863
2024-02-03 21:30:00,8444.679726154907,23.753144216366387,2,0,1,21,30,8544.428524947545,8352.464507642646,7751.376637323437
2024-02-03 21:45:00,8301.651064284817,23.618298660783807,2,0,1,21,45,8444.679726154907,8209.159862735225,7651.5841588272915
2024-02-03 22:00:00,8138.69,23.484,2,0,1,22,0,8301.651064284817,8085.77,7557.04
2024-02-03 22:15:00,7976.142729401184,23.343763262551743,2,0,1,22,15,8138.69,8019.502594639062,7472.169559672276
2024-02-03 22:30:00,7822.350390341094,23.198687579195084,2,0,1,22,30,7976.142729401184,7998.257878688785,7399.883278675412
2024-02-03 22:45:00,7682.652856110459,23.05176810624088,2,0,1,22,45,7822.350390341094,7997.609223394116,7342.71285834084
2024-02-03 23:00:00,7562.39,22.906,2,0,1,23,0,7682.652856110459,7993.13,7303.19
2024-02-03 23:15:00,7466.225401197721,22.76441991102725,2,0,1,23,15,7562.39,7964.445222715009,7282.48330790303
2024-02-03 23:30:00,7396.117462480714,22.63023046685327,2,0,1,23,30,7466.225401197721,7907.386477602214,7276.308997974915
2024-02-03 23:45:00,7353.348292523351,22.506675789252657,2,0,1,23,45,7396.117462480714,7821.836993688312,7279.020189059342
2024-02-04 00:00:00,7339.2,22.397,2,0,1,0,0,7353.348292523351,7707.68,7284.97
2024-02-04 00:15:00,7353.9887908079345,22.30293209333925,2,0,1,0,15,7339.2,7570.579639500904,7289.661896215602
2024-02-04 00:30:00,7394.167259736047,22.22014055339181,2,0,1,0,30,7353.9887908079345,7439.32371090236,7293.20072942493
2024-02-04 00:45:00,7455.222098796136,22.14277873674848,2,0,1,0,45,7394.167259736047,7348.480926852638,7296.841697921794
2024-02-04 01:00:00,7532.64,22.065,2,0,1,1,0,7455.222098796136,7332.62,7301.84
2024-02-04 01:15:00,7619.287404320543,21.981023590615752,2,0,1,1,15,7532.64,7411.574031781378,7308.314419734568
2024-02-04 01:30:00,7697.549748575098,21.88533231957945,2,0,1,1,30,7619.287404320543,7546.233678788346,7311.838084325368
2024-02-04 01:45:00,7747.192218542104,21.77247488875344,2,0,1,1,45,7697.549748575098,7682.75398640114,7306.847706753483
2024-02-04 02:00:00,7747.98,21.637,2,0,1,2,0,7747.192218542104,7767.29,7287.78
2024-02-04 02:15:00,7688.296279409892,21.47794229419775,2,0,1,2,15,7747.98,7764.205639623585,7251.372768596128
2024-02-04 02:30:00,7590.99624596356,21.312280168290364,2,0,1,2,30,7688.296279409892,7710.700323944257,7203.568183273599
2024-02-04 02:45:00,7487.553089535448,21.1614779582378,2,0,1,2,45,7590.99624596356,7662.1823462928,7152.609506314269
2024-02-04 03:00:00,7409.44,21.047,2,0,1,3,0,7487.553089535448,7674.06,7106.74
2024-02-04 03:15:00,7384.968103039885,20.98255098259325,2,0,1,3,15,7409.44,7783.477628474282,7075.840912130918
2024-02-04 03:30:00,7429.800267570658,20.950797007259084,2,0,1,3,30,7384.968103039885,7954.523775434627,7076.345432580236
2024-02-04 03:45:00,7556.437298316104,20.92664452829538,2,0,1,3,45,7429.800267570658,8133.023034677659,7126.324736739435
2024-02-04 04:00:00,7777.38,20.885,2,0,1,4,0,7556.437298316104,8264.8,7243.85
2024-02-04 04:15:00,8090.67662093057,20.81182252542926,2,0,1,4,15,7777.38,8312.252127729289,7437.894520380199
2024-02-04 04:30:00,8436.565183753804,20.73728180267329,2,0,1,4,30,8090.67662093057,8304.068324317233,7681.040086405458
2024-02-04 04:45:00,8740.831154700136,20.70260017858068,2,0,1,4,45,8436.565183753804,8285.510358746562,7936.770609227987
2024-02-04 05:00:00,8929.26,20.749,2,0,1,5,0,8740.831154700136,8301.84,8168.57
2024-02-04 05:15:00,8955.897288237838,20.90420579068971,2,0,1,5,15,8929.26,8390.035579358564,8353.744756348284
2024-02-04 05:30:00,8887.828997414126,21.141950782047743,2,0,1,5,30,8955.897288237838,8553.941677296436,8524.891721797932
2024-02-04 05:45:00,8820.401207883353,21.422470382381903,2,0,1,5,45,8887.828997414126,8789.11943658609,8728.430326348616
2024-02-04 06:00:00,8848.96,21.706000000000003,2,0,1,6,0,8820.401207883353,9091.13,9010.78
2024-02-04 06:15:00,9036.010007368075,21.966369936811905,2,0,1,6,15,8848.96,9449.113367336457,9397.070204226666
2024-02-04 06:30:00,9312.690076589686,22.231790069135744,2,0,1,6,30,9036.010007368075,9826.524966497018,9827.270526402812
2024-02-04 06:45:00,9577.297607516452,22.54406516689171,2,0,1,6,45,9312.690076589686,10180.399082409074,10220.060585377556
2024-02-04 07:00:00,9728.13,22.945,2,0,1,7,0,9577.297607516452,10467.77,10494.12
2024-02-04 07:15:00,9705.333151039851,23.46193946206268,2,0,1,7,15,9728.13,10656.147045045616,10599.49645799506
2024-02-04 07:30:00,9616.44694622712,24.06438894140929,2,0,1,7,30,9705.333151039851,10754.939706715488,10611.709922590817
2024-02-04 07:45:00,9610.859768300834,24.70739395005125,2,0,1,7,45,9616.44694622712,10784.032515027617,10637.648425891168
2024-02-04 08:00:00,9837.96,25.346,2,0,1,8,0,9610.859768300834,10763.31,10784.2
2024-02-04 08:15:00,10389.13066972252,25.94360658993739,2,0,1,8,15,9837.96,10718.019077481082,11118.913807543113
2024-02-04 08:30:00,11123.73338850182,26.497029165227097,2,0,1,8,30,10389.13066972252,10694.856206641034,11551.983533233924
2024-02-04 08:45:00,11843.12441303021,27.01143715790326,2,0,1,8,45,11123.73338850182,10745.880232480473,11954.263992307777
2024-02-04 09:00:00,12348.66,27.492,2,0,1,9,0,11843.12441303021,10923.15,12196.61
2024-02-04 09:15:00,12498.828076320073,27.94291542818777,2,0,1,9,15,12348.66,11251.324145030054,12190.702061832506
2024-02-04 09:30:00,12380.6432497656,28.364494397682325,2,0,1,9,30,12498.828076320073,11645.460466720366,12011.523444473492
2024-02-04 09:45:00,12138.251798328329,28.756076168335703,2,0,1,9,45,12380.6432497656,11993.216555050496,11774.883104877732
2024-02-04 10:00:00,11915.8,29.117,2,0,1,10,0,12138.251798328329,12182.25,11596.59
2024-02-04 10:15:00,11825.038899997187,29.447356697311523,2,0,1,10,15,11915.8,12137.595279898704,11562.645288876867
2024-02-04 10:30:00,11848.138612435776,29.75024324404362,2,0,1,10,30,11825.038899997187,11933.794426477498,11639.818938872111
2024-02-04 10:45:00,11934.874018656476,30.02950816875391,2,0,1,10,45,11848.138612435776,11682.766359817544,11765.0731194313
2024-02-04 11:00:00,12035.02,30.289,2,0,1,11,0,11934.874018656476,11496.43,11875.37
2024-02-04 11:15:00,12107.472886191175,30.53048590756615,2,0,1,11,15,12035.02,11457.040672875137,11922.361470160018
2024-02-04 11:30:00,12147.614800491294,30.7474076261432,2,0,1,11,30,12107.472886191175,11528.199327369644,11916.458300038064
2024-02-04 11:45:00,12159.949314545764,30.931125531648654,2,0,1,11,45,12147.614800491294,11643.84331817933,11882.76097989708
2024-02-04 12:00:00,12148.98,31.073,2,0,1,12,0,12159.949314545764,11737.91,11846.37
2024-02-04 12:15:00,12115.22721148811,31.166027797423883,2,0,1,12,15,12148.98,11758.96343485076,11823.314767983058
2024-02-04 12:30:00,12043.278435599042,31.20975125138357,2,0,1,12,30,12115.22721148811,11714.074514043932,11793.340360975631
2024-02-04 12:45:00,11913.737941910456,31.20534907965148,2,0,1,12,45,12043.278435599042,11624.94083621514,11727.12077348039
2024-02-04 13:00:00,11707.21,31.154,2,0,1,13,0,11913.737941910456,11513.26,11595.33
2024-02-04 13:15:00,11422.432174106383,31.059356027738303,2,0,1,13,15,11707.21,11399.744962721825,11380.387114157753
2024-02-04 13:30:00,11130.675207112528,30.934962368322505,2,0,1,13,30,11422.432174106383,11301.170116454628,11111.691506059406
2024-02-04 13:45:00,10921.34313656241,30.79683752474545,2,0,1,13,45,11130.675207112528,11233.32521196012,10830.38764493136
2024-02-04 14:00:00,10883.84,30.661,2,0,1,14,0,10921.34313656241,11212.0,10577.62
2024-02-04 14:15:00,11065.030342086357,30.5380324666229,2,0,1,14,15,10883.84,11245.640464261953,10388.930212885947
2024-02-04 14:30:00,11341.620735950844,30.41677427532641,2,0,1,14,30,11065.030342086357,11313.317520137556,10277.448614786745
2024-02-04 14:45:00,11547.77826183991,30.28062894636673,2,0,1,14,45,11341.620735950844,11386.758315944386,10250.702709294172
2024-02-04 15:00:00,11517.67,30.113,2,0,1,15,0,11547.77826183991,11437.69,10316.22
2024-02-04 15:15:00,11146.16317629819,29.901701605770107,2,0,1,15,15,11517.67,11439.417242730378,10468.228753048465
2024-02-04 15:30:00,10570.925599084094,29.65219053037183,2,0,1,15,30,11146.16317629819,11371.554802995144,10647.760284793616
2024-02-04 15:45:00,9990.325222327949,29.37433418978763,2,0,1,15,45,10570.925599084094,11215.294961762338,10782.54667414196
2024-02-04 16:00:00,9602.73,29.078000000000003,2,0,1,16,0,9990.325222327949,10951.83,10800.32
2024-02-04 16:15:00,9543.846796470876,28.77116111029666,2,0,1,16,15,9602.73,10575.203221066542,10648.248368670193
2024-02-04 16:30:00,9698.738117712775,28.45421360318628,2,0,1,16,30,9543.846796470876,10130.862017881873,10351.243996038793
2024-02-04 16:45:00,9889.805380098289,28.125659294482755,2,0,1,16,45,9698.738117712775,9677.104805756266,9953.655125387992
2024-02-04 17:00:00,9939.45,27.784,2,0,1,17,0,9889.805380098289,9272.23,9499.83
2024-02-04 17:15:00,9725.528544068302,27.430747703043245,2,0,1,17,15,9939.45,8962.99002925345,9036.611366020765
2024-02-04 17:30:00,9347.718180064798,27.07945505688306,2,0,1,17,30,9725.528544068302,8749.95337547737,8620.81998105122
2024-02-04 17:45:00,8961.151226028893,26.746684882281347,2,0,1,17,45,9347.718180064798,8622.142533962604,8311.77110555607
2024-02-04 18:00:00,8720.96,26.449,2,0,1,18,0,8961.151226028893,8568.58,8168.78
2024-02-04 18:15:00,8732.457621005917,26.19772307753036,2,0,1,18,15,8720.96,8574.394005669654,8224.869292246762
2024-02-04 18:30:00,8901.680412028034,25.98321616928148,2,0,1,18,30,8732.457621005917,8609.135730208653,8407.89107975633
2024-02-04 18:45:00,9084.845497036134,25.790601176391863,2,0,1,18,45,8901.680412028034,8638.462089643324,8619.40482738773
2024-02-04 19:00:00,9138.17,25.605,2,0,1,19,0,9084.845497036134,8628.03,8760.97
2024-02-04 19:15:00,8962.840971908028,25.413813111835324,2,0,1,19,15,9138.17,8556.24410431793,8760.05724624219
2024-02-04 19:30:00,8639.925171823063,25.213555265991022,2,0,1,19,30,8962.840971908028,8452.49995368802,8647.781949923465
2024-02-04 19:45:00,8295.459285826568,25.003019787151207,2,0,1,19,45,8639.925171823063,8358.940826214102,8481.170678643006
2024-02-04 20:00:00,8055.48,24.781,2,0,1,20,0,8295.459285826568,8317.71,8317.25
2024-02-04 20:15:00,8009.096460111972,24.54816510012833,2,0,1,20,15,8055.48,8356.241608308628,8199.552191534474
2024-02-04 20:30:00,8097.70765067971,24.312687766754426,2,0,1,20,30,8009.096460111972,8443.133205039267,8117.632370549813
2024-02-04 20:45:00,8225.785015907593,24.084616550003293,2,0,1,20,45,8097.70765067971,8532.27319925027,8047.551364290244
2024-02-04 21:00:00,8297.8,23.873999999999995,2,0,1,21,0,8225.785015907593,8577.55,7965.37
2024-02-04 21:15:00,8243.971468894082,23.68940148765133,2,0,1,21,15,8297.8,8544.428524947545,7856.888831369916
2024-02-04 21:30:00,8097.507975458094,23.53344366699128,2,0,1,21,30,8243.971468894082,8444.679726154907,7746.867317877285
2024-02-04 21:45:00,7917.365494293057,23.407264012835583,2,0,1,21,45,8097.507975458094,8301.651064284817,7669.804645446012
2024-02-04 22:00:00,7762.5,23.312,2,0,1,22,0,7917.365494293057,8138.69,7660.2
2024-02-04 22:15:00,7678.257351811696,23.24502582426632,2,0,1,22,15,7762.5,7976.142729401184,7735.792482985861
2024-02-04 22:30:00,7655.542947487914,23.188662565280453,2,0,1,22,30,7678.257351811696,7822.350390341094,7847.280857941045
2024-02-04 22:45:00,7671.652069420175,23.12146802365436,2,0,1,22,45,7655.542947487914,7682.652856110459,7928.603803925705
2024-02-04 23:00:00,7703.88,23.022,2,0,1,23,0,7671.652069420175,7562.39,7913.7
2024-02-04 23:15:00,7732.919905109136,22.8766045902834,2,0,1,23,15,7703.88,7466.225401197721,7760.320142936636
2024-02-04 23:30:00,7753.056484590252,22.70278107188692,2,0,1,23,30,7732.919905109136,7396.117462480714,7521.463000358534
2024-02-04 23:45:00,7761.972321776241,22.525817017546974,2,0,1,23,45,7753.056484590252,7353.348292523351,7273.939357601164
2024-02-05 00:00:00,7757.35,22.371,2,0,0,0,0,7761.972321776241,7339.2,7094.56
2024-02-05 00:15:00,7738.04927775176,22.25641518960007,2,0,0,0,15,7757.35,7353.9887908079345,7037.949132767593
2024-02-05 00:30:00,7707.638614151082,22.17133814717187,2,0,0,0,30,7738.04927775176,7394.167259736047,7069.98464062482
2024-02-05 00:45:00,7670.863643474864,22.09784203115774,2,0,0,0,45,7707.638614151082,7455.222098796136,7134.357828169636
2024-02-05 01:00:00,7632.47,22.018,2,0,0,1,0,7670.863643474864,7532.64,7174.76
2024-02-05 01:15:00,7597.212827633825,21.91862527631632,2,0,0,1,15,7632.47,7619.287404320543,7152.244419742991
2024-02-05 01:30:00,7569.88530880542,21.8054913394256,2,0,0,1,30,7597.212827633825,7697.549748575098,7097.312187142189
2024-02-05 01:45:00,7555.290135574305,21.68911173282208,2,0,0,1,45,7569.88530880542,7747.192218542104,7057.826360970292
2024-02-05 02:00:00,7558.23,21.58,2,0,0,2,0,7555.290135574305,7747.98,7081.65
2024-02-05 02:15:00,7580.86550546294,21.48734933013467,2,0,0,2,15,7558.23,7688.296279409892,7199.608188260438
2024-02-05 02:30:00,7614.788900627234,21.415071495125744,2,0,0,2,30,7580.86550546294,7590.99624596356,7374.374110806423
2024-02-05 02:45:00,7648.950345477912,21.36575791255394,2,0,0,2,45,7614.788900627234,7487.553089535448,7551.582977949197
2024-02-05 03:00:00,7672.3,21.342,2,0,0,3,0,7648.950345477912,7409.44,7676.87
2024-02-05 03:15:00,7679.318588014416,21.342805528145,2,0,0,3,15,7672.3,7384.968103039885,7713.578920965255
2024-02-05 03:30:00,7686.609088685641,21.352847680071424,2,0,0,3,30,7679.318588014416,7429.800267570658,7695.887619632116
2024-02-05 03:45:00,7716.305045014045,21.353215991962145,2,0,0,3,45,7686.609088685641,7556.437298316104,7675.68250848292
2024-02-05 04:00:00,7790.54,21.325000000000003,2,0,0,4,0,7716.305045014045,7777.38,7704.85
2024-02-05 04:15:00,7921.335454979396,21.25975668228535,2,0,0,4,15,7790.54,8090.67662093057,7821.5003466285425
2024-02-05 04:30:00,8080.264744630201,21.190912784588555,2,0,0,4,30,7921.335454979396,8436.565183753804,8008.639160665111
2024-02-05 04:45:00,8228.789161965906,21.16236249459748,2,0,0,4,45,8080.264744630201,8740.831154700136,8235.495894369125
2024-02-05 05:00:00,8328.37,21.218,2,0,0,5,0,8228.789161965906,8929.26,8471.3
2024-02-05 05:15:00,8362.075685818003,21.38682399271361,2,0,0,5,15,8328.37,8955.897288237838,8688.901255020577
2024-02-05 05:30:00,8399.403182793554,21.63825118157437,2,0,0,5,30,8362.075685818003,8887.828997414126,8875.630737707434
2024-02-05 05:45:00,8531.45658837233,21.92680277964793,2,0,0,5,45,8399.403182793554,8820.401207883353,9022.439851540574
2024-02-05 06:00:00,8849.34,22.207,2,0,0,6,0,8531.45658837233,8848.96,9120.28
2024-02-05 06:15:00,9396.116645498596,22.4470254718602,2,0,0,6,15,8849.34,9036.010007368075,9171.732914539143
2024-02-05 06:30:00,10022.686274195585,22.66970748911399,2,0,0,6,30,9396.116645498596,9312.690076589686,9225.90163850515
2024-02-05 06:45:00,10531.907765794776,22.911535761810786,2,0,0,6,45,10022.686274195585,9577.297607516452,9343.519543218576
2024-02-05 07:00:00,10726.64,23.209,2,0,0,7,0,10531.907765794776,9728.13,9585.32
2024-02-05 07:15:00,10489.56960718761,23.5892928698456,2,0,0,7,15,10726.64,9705.333151039851,9982.613805572842
2024-02-05 07:30:00,10022.69422042412,24.04241886196968,2,0,0,7,30,10489.56960718761,9616.44694622712,10449.021458271973
2024-02-05 07:45:00,9607.839223448564,24.549085423108927,2,0,0,7,45,10022.69422042412,9610.859768300834,10868.740881835116
2024-02-05 08:00:00,9526.83,25.09,2,0,0,8,0,9607.839223448564,9837.96,11125.97
2024-02-05 08:15:00,9969.617894500956,25.64695929875744,2,0,0,8,15,9526.83,10389.13066972252,11148.179206919483
2024-02-05 08:30:00,10758.658094107945,26.20611706300729,2,0,0,8,30,9969.617894500956,11123.73338850182,11035.928778406962
2024-02-05 08:45:00,11624.531746660956,26.754716295753507,2,0,0,8,45,10758.658094107945,11843.12441303021,10933.051460690958
2024-02-05 09:00:00,12297.82,27.28,2,0,0,9,0,11624.531746660956,12348.66,10983.38
2024-02-05 09:15:00,12578.128814808562,27.77235431012466,2,0,0,9,15,12297.82,12498.828076320073,11280.409366749216
2024-02-05 09:30:00,12541.16340314411,28.23473788600114,2,0,0,9,30,12578.128814808562,12380.6432497656,11716.283428100174
2024-02-05 09:45:00,12331.653789907605,28.673252518877053,2,0,0,9,45,12541.16340314411,12138.251798328329,12132.808275401045
2024-02-05 10:00:00,12094.33,29.094,2,0,0,10,0,12331.653789907605,11915.8,12371.79
2024-02-05 10:15:00,11945.302471264791,29.500670335743926,2,0,0,10,15,12094.33,11825.038899997187,12325.92691983365
2024-02-05 10:30:00,11886.203293315615,29.887306392988144,2,0,0,10,30,11945.302471264791,11848.138612435776,12091.48625919234
2024-02-05 10:45:00,11890.04496870863,30.245539253738286,2,0,0,10,45,11886.203293315615,11934.874018656476,11815.627468954865
2024-02-05 11:00:00,11929.84,30.567,2,0,0,11,0,11890.04496870863,12035.02,11645.51
2024-02-05 11:15:00,11981.262706382262,30.845667471899624,2,0,0,11,15,11929.84,12107.472886191175,11683.27498516619
2024-02-05 11:30:00,12030.63467359343,31.084911542046285,2,0,0,11,30,11981.262706382262,12147.614800491294,11850.990285130463
2024-02-05 11:45:00,12066.939304007885,31.290449841169803,2,0,0,11,45,12030.63467359343,12159.949314545764,12025.705442529506
2024-02-05 12:00:00,12079.16,31.468,2,0,0,12,0,12066.939304007885,12148.98,12084.47
2024-02-05 12:15:00,12057.668109456152,31.62111290165757,2,0,0,12,15,12079.16,12115.22721148811,11942.370170751594
2024-02-05 12:30:00,11998.386762310663,31.744672438826708,2,0,0,12,30,12057.668109456152,12043.278435599042,11666.638850285806
2024-02-05 12:45:00,11898.627034009844,31.83139575658249,2,0,0,12,45,11998.386762310663,11913.737941910456,11362.545604677114
2024-02-05 13:00:00,11755.7,31.874,2,0,0,13,0,11898.627034009844,11707.21,11135.36
2024-02-05 13:15:00,11575.967355793124,31.86842779647009,2,0,0,13,15,11755.7,11422.432174106383,11061.866831827434
2024-02-05 13:30:00,11401.993277163912,31.82352370264687,2,0,0,13,30,11575.967355793124,11130.675207112528,11104.911813726318
2024-02-05 13:45:00,11285.392559952748,31.75135775750021,2,0,0,13,45,11401.993277163912,10921.34313656241,11198.855888762042
2024-02-05 14:00:00,11277.78,31.664,2,0,0,14,0,11285.392559952748,10883.84,11278.06
2024-02-05 14:15:00,11404.073404871357,31.56984778746205,2,0,0,14,15,11277.78,11065.030342086357,11288.168439438674
2024-02-05 14:30:00,11582.40262903369,31.46260775058581,2,0,0,14,30,11404.073404871357,11341.620735950844,11219.958894808928
2024-02-05 14:45:00,11704.200538679175,31.33231383841667,2,0,0,14,45,11582.40262903369,11547.77826183991,11075.492402774718
2024-02-05 15:00:00,11660.9,31.169,2,0,0,15,0,11704.200538679175,11517.67,10856.83
2024-02-05 15:15:00,11380.567930971456,30.96650917868171,2,0,0,15,15,11660.9,11146.16317629819,10571.250191667868
2024-02-05 15:30:00,10937.807456701332,30.73392029500988,2,0,0,15,30,11380.567930971456,10570.925599084094,10246.901357037965
2024-02-05 15:45:00,10443.855754080543,30.484121263833103,2,0,0,15,45,10937.807456701332,9990.325222327949,9917.149343889085
2024-02-05 16:00:00,10009.95,30.23,2,0,0,16,0,10443.855754080543,9602.73,9615.36
2024-02-05 16:15:00,9719.002527492825,29.977334247811104,2,0,0,16,15,10009.95,9543.846796470876,9369.750012639855
2024-02-05 16:30:00,9540.626294160984,29.70346106937468,2,0,0,16,30,9719.002527492825,9698.738117712775,9187.939427039208
2024-02-05 16:45:00,9416.109413748649,29.37860735625091,2,0,0,16,45,9540.626294160984,9889.805380098289,9072.399127918952
2024-02-05 17:00:00,9286.74,28.973,2,0,0,17,0,9416.109413748649,9939.45,9025.6
2024-02-05 17:15:00,9110.248052807248,28.47120070507388,2,0,0,17,15,9286.74,9725.528544068302,9044.864289022702
2024-02-05 17:30:00,8910.13111665474,27.915110427491417,2,0,0,17,30,9110.248052807248,9347.718180064798,9106.919684805209
2024-02-05 17:45:00,8726.328622174864,27.36096493616325,2,0,0,17,45,8910.13111665474,8961.151226028893,9183.34523818511
2024-02-05 18:00:00,8598.78,26.864999999999995,2,0,0,18,0,8726.328622174864,8720.96,9245.72
2024-02-05 18:15:00,8554.632605028186,26.46847230689339,2,0,0,18,15,8598.78,8732.457621005917,9271.555175019326
2024-02-05 18:30:00,8569.865489220056,26.15272222065964,2,0,0,18,30,8554.632605028186,8901.680412028034,9262.090583739957
2024-02-05 18:45:00,8607.665628801897,25.884111024096068,2,0,0,18,45,8569.865489220056,9084.845497036134,9224.498200590608
2024-02-05 19:00:00,8631.22,25.629,2,0,0,19,0,8607.665628801897,9138.17,9165.95
2024-02-05 19:15:00,8612.670120830013,25.36278506735255,2,0,0,19,15,8631.22,8962.840971908028,9091.356729649988
2024-02-05 19:30:00,8559.975676465043,25.097000689870026,2,0,0,19,30,8612.670120830013,8639.925171823063,8996.584230234963
2024-02-05 19:45:00,8490.050893867548,24.85221596745248,2,0,0,19,45,8559.975676465043,8295.459285826568,8875.23711570246
2024-02-05 20:00:00,8419.81,24.649,2,0,0,20,0,8490.050893867548,8055.48,8720.92
2024-02-05 20:15:00,8363.544880401758,24.5011842986964,2,0,0,20,15,8419.81,8009.096460111972,8532.463062630724
2024-02-05 20:30:00,8325.058054919777,24.39565001986029,2,0,0,20,30,8363.544880401758,8097.70765067971,8329.598745320187
2024-02-05 20:45:00,8305.529701977906,24.31254073109405,2,0,0,20,45,8325.058054919777,8225.785015907593,8137.285055349558
2024-02-05 21:00:00,8306.14,24.232,2,0,0,21,0,8305.529701977906,8297.8,7980.48
2024-02-05 21:15:00,8324.055045062953,24.137118362861862,2,0,0,21,15,8306.14,8243.971468894082,7875.845863577116
2024-02-05 21:30:00,8340.384603855851,24.02277423068881,2,0,0,21,30,8324.055045062953,8097.507975458094,7806.862038484281
2024-02-05 21:45:00,8332.224360720824,23.88679298317135,2,0,0,21,45,8340.384603855851,7917.365494293057,7748.712194149304
2024-02-05 22:00:00,8276.67,23.727,2,0,0,22,0,8332.224360720824,7762.5,7676.58
2024-02-05 22:15:00,8160.439470596429,23.54426412485613,2,0,0,22,15,8276.67,7678.257351811696,7573.472858060808
2024-02-05 22:30:00,8008.739779656819,23.351628057384463,2,0,0,22,30,8160.439470596429,7655.542947487914,7453.6931007426865
2024-02-05 22:45:00,7856.400198888801,23.165177961220564,2,0,0,22,45,8008.739779656819,7671.652069420175,7339.366793053222
2024-02-05 23:00:00,7738.25,23.001,2,0,0,23,0,7856.400198888801,7703.88,7252.62
2024-02-05 23:15:00,7680.577228801333,22.87030951271361,2,0,0,23,15,7738.25,7732.919905109136,7209.58020417965
2024-02-05 23:30:00,7675.50502751687,22.764838539773347,2,0,0,23,30,7680.577228801333,7753.056484590252,7202.380558544973
2024-02-05 23:45:00,7706.615312473971,22.6714482969464,2,0,0,23,45,7675.50502751687,7761.972321776241,7217.155633637809
2024-02-06 00:00:00,7757.49,22.577,2,0,0,0,0,7706.615312473971,7757.35,7240.04
2024-02-06 00:15:00,7813.073801698241,22.47149782428942,2,0,0,0,15,7757.49,7738.04927775176,7258.786012720589
2024-02-06 00:30:00,7863.7626102757,22.35751778352217,2,0,0,0,30,7813.073801698241,7707.638614151082,7267.617165077421
2024-02-06 00:45:00,7901.315113715309,22.24077885099384,2,0,0,0,45,7863.7626102757,7670.863643474864,7262.374734895544
2024-02-06 01:00:00,7917.49,22.127,2,0,0,1,0,7901.315113715309,7632.47,7238.9
2024-02-06 01:15:00,7906.3413144057,22.02108981512872,2,0,0,1,15,7917.49,7597.212827633825,7197.506838687991
2024-02-06 01:30:00,7871.104531380326,21.92471532613798,2,0,0,1,30,7906.3413144057,7569.88530880542,7156.399531145338
2024-02-06 01:45:00,7817.31048266479,21.838733174078246,2,0,0,1,45,7871.104531380326,7555.290135574305,7138.254958030016
2024-02-06 02:00:00,7750.49,21.764,2,0,0,2,0,7817.31048266479,7558.23,7165.75
2024-02-06 02:15:00,7679.762034428955,21.70133041519572,2,0,0,2,15,7750.49,7580.86550546294,7253.051007527446
2024-02-06 02:30:00,7628.59801420299,21.65137091192591,2,0,0,2,30,7679.762034428955,7614.788900627234,7380.282210341226
2024-02-06 02:45:00,7624.057486875532,21.61472595269316,2,0,0,2,45,7628.59801420299,7648.950345477912,7519.057307984393
2024-02-06 03:00:00,7693.2,21.591999999999995,2,0,0,3,0,7624.057486875532,7672.3,7640.99
2024-02-06 03:15:00,7849.33148537848,21.58219789908844,2,0,0,3,15,7693.2,7679.318588014416,7722.415849952225
2024-02-06 03:30:00,8050.743411807709,21.57792602615836,2,0,0,3,30,7849.33148537848,7686.609088685641,7758.557877489758
2024-02-06 03:45:00,8241.973632333082,21.5701911401491,2,0,0,3,45,8050.743411807709,7716.305045014045,7749.36096628241
2024-02-06 04:00:00,8367.56,21.55,2,0,0,4,0,8241.973632333082,7790.54,7694.77
2024-02-06 04:15:00,8388.693117807123,21.515081113450528,2,0,0,4,15,8367.56,7921.335454979396,7606.645905163654
2024-02-06 04:30:00,8333.174588566171,21.49004998344064,2,0,0,4,30,8388.693117807123,8080.264744630201,7544.513779699747
2024-02-06 04:45:00,8245.458765042136,21.50624386171044,2,0,0,4,45,8333.174588566171,8228.789161965906,7579.814764385966
2024-02-06 05:00:00,8170.0,21.595,2,0,0,5,0,8245.458765042136,8328.37,7783.99
2024-02-06 05:15:00,8148.492137143029,21.77654014710946,2,0,0,5,15,8170.0,8362.075685818003,8196.453966893161
2024-02-06 05:30:00,8211.586983927602,22.026624040079074,2,0,0,5,30,8148.492137143029,8399.403182793554,8728.514503711258
2024-02-06 05:45:00,8387.175838748373,22.30989591300916,2,0,0,5,45,8211.586983927602,8531.45658837233,9259.452788673723
2024-02-06 06:00:00,8703.15,22.591,2,0,0,6,0,8387.175838748373,8849.34,9668.55
2024-02-06 06:15:00,9167.708333620758,22.84607079811164,2,0,0,6,15,8703.15,9396.116645498596,9866.031352263704
2024-02-06 06:30:00,9710.27997572342,23.09720385624305,2,0,0,6,30,9167.708333620758,10022.686274195585,9885.898205455222
2024-02-06 06:45:00,10240.601629964369,23.377984986252933,2,0,0,6,45,9710.27997572342,10531.907765794776,9793.09595591913
2024-02-06 07:00:00,10668.41,23.722,2,0,0,7,0,10240.601629964369,10726.64,9652.57
2024-02-06 07:15:00,10926.721559623931,24.15275478544399,2,0,0,7,15,10668.41,10489.56960718761,9529.568749052023
2024-02-06 07:30:00,11041.671863178724,24.65343553494873,2,0,0,7,30,10926.721559623931,10022.69422042412,9490.552674467852
2024-02-06 07:45:00,11062.67623514415,25.19714851697912,2,0,0,7,45,11041.671863178724,9607.839223448564,9602.285262649755
2024-02-06 08:00:00,11039.15,25.757,2,0,0,8,0,11062.67623514415,9526.83,9931.53
2024-02-06 08:15:00,11018.038865383509,26.31009756011242,2,0,0,8,15,11039.15,9969.617894500956,10506.595682778208
2024-02-06 08:30:00,11036.41007156169,26.849554003962027,2,0,0,8,30,11018.038865383509,10758.658094107945,11201.972346673374
2024-02-06 08:45:00,11128.861241959032,27.37248344583062,2,0,0,8,45,11036.41007156169,11624.531746660956,11853.695337231857
2024-02-06 09:00:00,11329.99,27.876,2,0,0,9,0,11128.861241959032,12297.82,12297.8
2024-02-06 09:15:00,11654.141103842045,28.35740184910633,2,0,0,9,15,11329.99,12578.128814808562,12418.364144835155
2024-02-06 09:30:00,12034.64785057451,28.81472344920317,2,0,0,9,30,11654.141103842045,12541.16340314411,12291.635438838652
2024-02-06 09:45:00,12384.590672019722,29.246183324698425,2,0,0,9,45,12034.64785057451,12331.653789907605,12041.904013422823
2024-02-06 10:00:00,12617.05,29.65,2,0,0,10,0,12384.590672019722,12094.33,11793.46
2024-02-06 10:15:00,12672.352031748314,30.02540441846224,2,0,0,10,15,12617.05,11945.302471264791,11645.048206631172
2024-02-06 10:30:00,12599.80602614026,30.37567719922528,2,0,0,10,30,12672.352031748314,11886.203293315615,11593.232147972009
2024-02-06 10:45:00,12475.967007462074,30.70511138037568,2,0,0,10,45,12599.80602614026,11890.04496870863,11609.030015326838
2024-02-06 11:00:00,12377.39,31.018,2,0,0,11,0,12475.967007462074,11929.84,11663.46
2024-02-06 11:15:00,12359.312956664688,31.31682422704469,2,0,0,11,15,12377.39,11981.262706382262,11729.780684890156
2024-02-06 11:30:00,12391.705544864442,31.59681775389571,2,0,0,11,30,12359.312956664688,12030.63467359343,11790.212219273311
2024-02-06 11:45:00,12423.220360631974,31.851402403798865,2,0,0,11,45,12391.705544864442,12066.939304007885,11829.215144019814
2024-02-06 12:00:00,12402.51,32.074,2,0,0,12,0,12423.220360631974,12079.16,11831.25
2024-02-06 12:15:00,12293.310672842928,32.259923673358976,2,0,0,12,15,12402.51,12057.668109456152,11784.065772558206
2024-02-06 12:30:00,12119.693044401967,32.4120517851919,2,0,0,12,30,12293.310672842928,11998.386762310663,11688.56522493474
2024-02-06 12:45:00,11920.81139376002,32.535154004428854,2,0,0,12,45,12119.693044401967,11898.627034009844,11548.939564843902
2024-02-06 13:00:00,11735.82,32.634,2,0,0,13,0,11920.81139376002,11755.7,11369.38
2024-02-06 13:15:00,11597.682164463598,32.71241857951937,2,0,0,13,15,11735.82,11575.967355793124,11161.666537377025
2024-02-06 13:30:00,11514.597277527688,32.770475105336715,2,0,0,13,30,11597.682164463598,11401.993277163912,10967.934380987732
2024-02-06 13:45:00,11488.573751827931,32.8072940784857,2,0,0,13,45,11514.597277527688,11285.392559952748,10837.907534104574
2024-02-06 14:00:00,11521.62,32.822,2,0,0,14,0,11488.573751827931,11277.78,10821.31
2024-02-06 14:15:00,11605.770513052685,32.81283950856354,2,0,0,14,15,11521.62,11404.073404871357,10944.590890433696
2024-02-06 14:30:00,11693.164095487286,32.77454779346127,2,0,0,14,30,11605.770513052685,11582.40262903369,11141.09975111433
2024-02-06 14:45:00,11725.965630178243,32.700982181628355,2,0,0,14,45,11693.164095487286,11704.200538679175,11320.911236237796
2024-02-06 15:00:00,11646.34,32.586000000000006,2,0,0,15,0,11725.965630178243,11660.9,11394.1
2024-02-06 15:15:00,11416.949064575674,32.423598386226466,2,0,0,15,15,11646.34,11380.567930971456,11297.172869638183
2024-02-06 15:30:00,11082.442590523173,32.20833372081824,2,0,0,15,30,11416.949064575674,10937.807456701332,11072.365364554948
2024-02-06 15:45:00,10707.967321209084,31.93490219500089,2,0,0,15,45,11082.442590523173,10443.855754080543,10788.34517719424
2024-02-06 16:00:00,10358.67,31.598,2,0,0,16,0,10707.967321209084,10009.95,10513.78
2024-02-06 16:15:00,10085.043697394618,31.19447007153061,2,0,0,16,15,10358.67,9719.002527492825,10298.819037263576
2024-02-06 16:30:00,9878.966792420024,30.729742323265786,2,0,0,16,30,10085.043697394618,9540.626294160984,10119.537540665884
2024-02-06 16:45:00,9717.66399123542,30.211393413368064,2,0,0,16,45,9878.966792420024,9416.109413748649,9933.492273735254
2024-02-06 17:00:00,9578.36,29.647,2,0,0,17,0,9717.66399123542,9286.74,9698.24
2024-02-06 17:15:00,9443.139739595865,29.048099452651083,2,0,0,17,15,9578.36,9110.248052807248,9390.85191880752
2024-02-06 17:30:00,9313.528989796729,28.442071986118624,2,0,0,17,30,9443.139739595865,8910.13111665474,9066.456972781512
2024-02-06 17:45:00,9195.913745099231,27.860258526526845,2,0,0,17,45,9313.528989796729,8726.328622174864,8799.698540364749
2024-02-06 18:00:00,9096.68,27.334,2,0,0,18,0,9195.913745099231,8598.78,8665.22
2024-02-06 18:15:00,9020.031719221935,26.88675711786504,2,0,0,18,15,9096.68,8554.632605028186,8710.13281875634
2024-02-06 18:30:00,8961.444748393058,26.51046973225973,2,0,0,18,30,9020.031719221935,8569.865489220056,8871.42081820806
2024-02-06 18:45:00,8914.212903367648,26.189197480524555,2,0,0,18,45,8961.444748393058,8607.665628801897,9058.53590855575
2024-02-06 19:00:00,8871.63,25.907,2,0,0,19,0,8914.212903367648,8631.22,9180.93
2024-02-06 19:15:00,8828.229633516383,25.650903325888763,2,0,0,19,15,8871.63,8612.670120830013,9170.756806167115
2024-02-06 19:30:00,8783.504516631032,25.419799084842467,2,0,0,19,30,8828.229633516383,8559.975676465043,9050.977254386244
2024-02-06 19:45:00,8738.187141430166,25.215545301374927,2,0,0,19,45,8783.504516631032,8490.050893867548,8867.254075412253
2024-02-06 20:00:00,8693.01,25.04,2,0,0,20,0,8738.187141430166,8419.81,8665.25
2024-02-06 20:15:00,8648.200684212525,24.89241082857989,2,0,0,20,15,8693.01,8363.544880401758,8483.4574565752
2024-02-06 20:30:00,8601.967185082809,24.76158392837041,2,0,0,20,30,8648.200684212525,8325.058054919777,8331.687664246956
2024-02-06 20:45:00,8552.012593411686,24.63371506397572,2,0,0,20,45,8601.967185082809,8305.529701977906,8212.581539795237
2024-02-06 21:00:00,8496.04,24.495,2,0,0,21,0,8552.012593411686,8306.14,8128.78
2024-02-06 21:15:00,8432.428567133518,24.336297109791648,2,0,0,21,15,8496.04,8324.055045062953,8077.861023782093
2024-02-06 21:30:00,8362.261743037738,24.16711520167589,2,0,0,21,30,8432.428567133518,8340.384603855851,8037.150838625926
2024-02-06 21:45:00,8287.299047423088,24.0016256927222,2,0,0,21,45,8362.261743037738,8332.224360720824,7978.9127341567955
2024-02-06 22:00:00,8209.3,23.854,2,0,0,22,0,8287.299047423088,8276.67,7875.41
2024-02-06 22:15:00,8130.612703503403,23.73329135725352,2,0,0,22,15,8209.3,8160.439470596429,7711.488292046428
2024-02-06 22:30:00,8055.939592766242,23.628080264926,2,0,0,22,30,8130.612703503403,8008.739779656819,7522.322731249339
2024-02-06 22:45:00,7990.571685645959,23.52182904013549,2,0,0,22,45,8055.939592766242,7856.400198888801,7355.67080482758
2024-02-06 23:00:00,7939.8,23.398,2,0,0,23,0,7990.571685645959,7738.25,7259.29
2024-02-06 23:15:00,7909.630775102866,23.245662461194296,2,0,0,23,15,7939.8,7680.577228801333,7266.442058032191
2024-02-06 23:30:00,7908.931135897295,23.07631373862009,2,0,0,23,30,7909.630775102866,7675.50502751687,7352.405736376718
2024-02-06 23:45:00,7947.283428743074,22.90705814673584,2,0,0,23,45,7908.931135897295,7706.615312473971,7477.964046532886
2024-02-07 00:00:00,8034.27,22.755000000000003,2,0,0,0,0,7947.283428743074,7757.49,7603.9
2024-02-07 00:15:00,8170.083258585129,22.632793172969304,2,0,0,0,15,8034.27,7813.073801698241,7697.185194574804
2024-02-07 00:30:00,8317.355863644581,22.53528978059363,2,0,0,0,30,8170.083258585129,7863.7626102757,7749.545573243788
2024-02-07 00:45:00,8429.330536881744,22.45289149792114,2,0,0,0,45,8317.355863644581,7901.315113715309,7758.895665290877
2024-02-07 01:00:00,8459.25,22.376,2,0,0,1,0,8429.330536881744,7917.49,7723.15
2024-02-07 01:15:00,8376.854940556614,22.2969304719285,2,0,0,1,15,8459.25,7906.3413144057,7644.719038668591
2024-02-07 01:30:00,8217.877909524377,22.215652139005407,2,0,0,1,30,8376.854940556614,7871.104531380326,7543.996970648128
2024-02-07 01:45:00,8034.54942372995,22.134047736579603,2,0,0,1,45,8217.877909524377,7817.31048266479,7445.873917303602
2024-02-07 02:00:00,7879.1,22.054,2,0,0,2,0,8034.54942372995,7750.49,7375.24
2024-02-07 02:15:00,7791.80104168841,21.9783755643167,2,0,0,2,15,7879.1,7679.762034428955,7350.828650750832
2024-02-07 02:30:00,7765.087498257914,21.913976663384748,2,0,0,2,30,7791.80104168841,7628.59801420299,7366.746544163696
2024-02-07 02:45:00,7779.435205698462,21.868589430760423,2,0,0,2,45,7765.087498257914,7624.057486875532,7410.943665494713
2024-02-07 03:00:00,7815.32,21.85,2,0,0,3,0,7779.435205698462,7693.2,7471.37
2024-02-07 03:15:00,7856.439486439744,21.8617860208047,2,0,0,3,15,7815.32,7849.33148537848,7536.973545828081
2024-02-07 03:30:00,7899.378347443966,21.8906912074556,2,0,0,3,30,7856.439486439744,8050.743411807709,7600.694352697086
2024-02-07 03:45:00,7943.943034726207,21.91925079037868,2,0,0,3,45,7899.378347443966,8241.973632333082,7656.470483217548
2024-02-07 04:00:00,7989.94,21.93,2,0,0,4,0,7943.943034726207,8367.56,7698.24
2024-02-07 04:15:00,8040.260700052611,21.913589727464498,2,0,0,4,15,7989.94,8388.693117807123,7727.529197186844
2024-02-07 04:30:00,8110.136611966215,21.893133506792893,2,0,0,4,30,8040.260700052611,8333.174588566171,7776.217295047959
2024-02-07 04:45:00,8217.884217896712,21.899860532724844,2,0,0,4,45,8110.136611966215,8245.458765042136,7883.771745385094
2024-02-07 05:00:00,8381.82,21.965,2,0,0,5,0,8217.884217896712,8170.0,8089.66
2024-02-07 05:15:00,8609.949275849807,22.108198819337307,2,0,0,5,15,8381.82,8148.492137143029,8417.824509174543
2024-02-07 05:30:00,8869.032704691168,22.302774765372835,2,0,0,5,30,8609.949275849807,8211.586983927602,8830.10771711108
2024-02-07 05:45:00,9115.519781186944,22.510463328721947,2,0,0,5,45,8869.032704691168,8387.175838748373,9272.827066492073
2024-02-07 06:00:00,9305.86,22.693,2,0,0,6,0,9115.519781186944,8703.15,9692.3
2024-02-07 06:15:00,9412.76938404816,22.824630620186284,2,0,0,6,15,9305.86,9167.708333620758,10042.901203614978
2024-02-07 06:30:00,9474.030069269114,22.92964243171577,2,0,0,6,30,9412.76938404816,9710.27997572342,10311.234336507729
2024-02-07 06:45:00,9543.69071985551,23.044833027387376,2,0,0,6,45,9474.030069269114,10240.601629964369,10491.960301146612
2024-02-07 07:00:00,9675.8,23.207,2,0,0,7,0,9543.69071985551,10668.41,10579.74
2024-02-07 07:15:00,9911.104281707549,23.447559949917576,2,0,0,7,15,9675.8,10926.721559623931,10582.77817636554
2024-02-07 07:30:00,10237.140768232375,23.776405507764093,2,0,0,7,30,9911.104281707549,11041.671863178724,10563.45493685801
2024-02-07 07:45:00,10628.144370641015,24.19804831172856,2,0,0,7,45,10237.140768232375,11062.67623514415,10597.694228921478
2024-02-07 08:00:00,11058.35,24.717,2,0,0,8,0,10628.144370641015,11039.15,10761.42
2024-02-07 08:15:00,11499.284426621643,25.33055145514342,2,0,0,8,15,11058.35,11018.038865383509,11097.84468467286
2024-02-07 08:30:00,11911.641857801384,26.00711053722787,2,0,0,8,30,11499.284426621643,11036.41007156169,11519.334666060224
2024-02-07 08:45:00,12253.40836008043,26.70786435069838,2,0,0,8,45,11911.641857801384,11128.861241959032,11905.544814417475
2024-02-07 09:00:00,12482.57,27.394,2,0,0,9,0,12253.40836008043,11329.99,12136.13
2024-02-07 09:15:00,12570.253324305872,28.03499985450873,2,0,0,9,15,12482.57,11654.141103842045,12128.612616193015
2024-02-07 09:30:00,12540.146800562092,28.633527343324428,2,0,0,9,30,12570.253324305872,12034.64785057451,11951.985148901089
2024-02-07 09:45:00,12429.079376537264,29.200541160477908,2,0,0,9,45,12540.146800562092,12384.590672019722,11713.107607158618
2024-02-07 10:00:00,12273.88,29.747,2,0,0,10,0,12429.079376537264,12617.05,11518.84
2024-02-07 10:15:00,12109.776338654863,30.280464751821658,2,0,0,10,15,12273.88,12672.352031748314,11450.069538055075
2024-02-07 10:30:00,11965.590939950254,30.79490508947442,2,0,0,10,30,12109.776338654863,12599.80602614026,11483.792238335422
2024-02-07 10:45:00,11868.545071270515,31.28089288238997,2,0,0,10,45,11965.590939950254,12475.967007462074,11571.031319448057
2024-02-07 11:00:00,11845.86,31.729,2,0,0,11,0,11868.545071270515,12377.39,11662.81
2024-02-07 11:15:00,11911.472258574666,32.130844263204644,2,0,0,11,15,11845.86,12359.312956664688,11719.842200336683
2024-02-07 11:30:00,12026.179439636897,32.48222729877789,2,0,0,11,30,11911.472258574666,12391.705544864442,11741.604647757222
2024-02-07 11:45:00,12137.494400880678,32.77999668496219,2,0,0,11,45,12026.179439636897,12423.220360631974,11737.264771299151
2024-02-07 12:00:00,12192.93,33.021,2,0,0,12,0,12137.494400880678,12402.51,11715.99
2024-02-07 12:15:00,12155.796970796471,33.20509569535977,2,0,0,12,15,12192.93,12293.310672842928,11684.114160598188
2024-02-07 12:30:00,12052.597551502167,33.34418571541402,2,0,0,12,30,12155.796970796471,12119.693044401967,11636.636670635682
2024-02-07 12:45:00,11925.63185645678,33.45318287776126,2,0,0,12,45,12052.597551502167,11920.81139376002,11565.723345355336
2024-02-07 13:00:00,11817.2,33.547,2,0,0,13,0,11925.63185645678,11735.82,11463.54
2024-02-07 13:15:00,11759.03079573945,33.63591358035625,2,0,0,13,15,11817.2,11597.682164463598,11330.842251020564
2024-02-07 13:30:00,11740.567854354438,33.71165483956602,2,0,0,13,30,11759.03079573945,11514.597277527688,11202.744919700048
2024-02-07 13:45:00,11740.68348579221,33.76131867899277,2,0,0,13,45,11740.567854354438,11488.573751827931,11122.952628529509
2024-02-07 14:00:00,11738.25,33.772,2,0,0,14,0,11740.68348579221,11521.62,11135.17
2024-02-07 14:15:00,11713.713439995736,33.734874983215185,2,0,0,14,15,11738.25,11605.770513052685,11260.350272819554
2024-02-07 14:30:00,11653.814781080078,33.65744492632189,2,0,0,14,30,11713.713439995736,11693.164095487286,11428.441150564122
2024-02-07 14:45:00,11546.868731624383,33.551292406267635,2,0,0,14,45,11653.814781080078,11725.965630178243,11546.638953026626
2024-02-07 15:00:00,11381.19,33.428,2,0,0,15,0,11546.868731624383,11646.34,11522.14
2024-02-07 15:15:00,11151.598725527612,33.295539611782985,2,0,0,15,15,11381.19,11416.949064575674,11286.130720201214
2024-02-07 15:30:00,10878.936771325249,33.14744045514644,2,0,0,15,30,11151.598725527612,11082.442590523173,10865.757978043464
2024-02-07 15:45:00,10590.551431460255,32.97362107093668,2,0,0,15,45,10878.936771325249,10707.967321209084,10312.158746863975
2024-02-07 16:00:00,10313.79,32.764,2,0,0,16,0,10590.551431460255,10358.67,9676.47
2024-02-07 16:15:00,10070.398532893816,32.50604469465287,2,0,0,16,15,10313.79,10085.043697394618,9015.91075262558
2024-02-07 16:30:00,9859.71813361894,32.17741825309234,2,0,0,16,30,10070.398532893816,9878.966792420024,8412.028187262027
2024-02-07 16:45:00,9675.488667534595,31.753332684985644,2,0,0,16,45,9859.71813361894,9717.66399123542,7952.45152826746
2024-02-07 17:00:00,9511.45,31.209,2,0,0,17,0,9675.488667534595,9578.36,7724.81
2024-02-07 17:15:00,9363.258392897134,30.537062859605555,2,0,0,17,15,9511.45,9443.139739595865,7783.559238046462
2024-02-07 17:30:00,9234.235694198998,29.7998865324842,2,0,0,17,30,9363.258392897134,9313.528989796729,8050.46052290843
2024-02-07 17:45:00,9129.620148401367,29.077266939120744,2,0,0,17,45,9234.235694198998,9195.913745099231,8414.101546316182
2024-02-07 18:00:00,9054.65,28.449,2,0,0,18,0,9129.620148401367,9096.68,8763.07
2024-02-07 18:15:00,9011.936801767655,27.97379761692491,2,0,0,18,15,9054.65,9020.031719221935,9007.829170188572
2024-02-07 18:30:00,8993.585339585066,27.626035616970864,2,0,0,18,30,9011.936801767655,8961.444748393058,9146.344721104257
2024-02-07 18:45:00,8989.073707609941,27.35900580853139,2,0,0,18,45,8993.585339585066,8914.212903367648,9198.457911467807
2024-02-07 19:00:00,8987.88,27.126,2,0,0,19,0,8989.073707609941,8871.63,9184.01
2024-02-07 19:15:00,8980.974712532232,26.88902792269482,2,0,0,19,15,8987.88,8828.229633516383,9120.560174949243
2024-02-07 19:30:00,8965.297947460733,26.64497099963236,2,0,0,19,30,8980.974712532232,8783.504516631032,9016.539342674558
2024-02-07 19:45:00,8939.282208658866,26.39942857675371,2,0,0,19,45,8965.297947460733,8738.187141430166,8878.096339062588
2024-02-07 20:00:00,8901.36,26.158,2,0,0,20,0,8939.282208658866,8693.01,8711.38
2024-02-07 20:15:00,8850.644504353413,25.924246942295827,2,0,0,20,15,8901.36,8648.200684212525,8525.503723764441
2024-02-07 20:30:00,8788.971620572005,25.69358038449974,2,0,0,20,30,8850.644504353413,8601.967185082809,8341.439158197523
2024-02-07 20:45:00,8718.857926504597,25.45937363445378,2,0,0,20,45,8788.971620572005,8552.012593411686,8183.122513531843
2024-02-07 21:00:00,8642.82,25.215,2,0,0,21,0,8718.857926504597,8496.04,8074.49
2024-02-07 21:15:00,8563.498520054123,24.95895305812189,2,0,0,21,15,8642.82,8432.428567133518,8030.344617492984
2024-02-07 21:30:00,8484.030570251247,24.71020746236871,2,0,0,21,30,8563.498520054123,8362.261743037738,8028.95652453535
2024-02-07 21:45:00,8407.677335322747,24.49285813543117,2,0,0,21,45,8484.030570251247,8287.299047423088,8039.46266931004
2024-02-07 22:00:00,8337.7,24.331,2,0,0,22,0,8407.677335322747,8209.3,8031.0
2024-02-07 22:15:00,8275.933290430097,24.237143950216627,2,0,0,22,15,8337.7,8130.612703503403,7981.318275013621
2024-02-07 22:30:00,8218.506098423006,24.17746476602544,2,0,0,22,30,8275.933290430097,8055.939592766242,7902.618493661079
2024-02-07 22:45:00,8160.120857204411,24.10655319882152,2,0,0,22,45,8218.506098423006,7990.571685645959,7815.714465477998
2024-02-07 23:00:00,8095.48,23.979,2,0,0,23,0,8160.120857204411,7939.8,7741.42
2024-02-07 23:15:00,8023.692224475489,23.764486766011604,2,0,0,23,15,8095.48,7909.630775102866,7695.308688702535
2024-02-07 23:30:00,7961.491286056731,23.49305847352957,2,0,0,23,30,8023.692224475489,7908.931135897295,7671.993250820336
2024-02-07 23:45:00,7930.017204609607,23.209850944282746,2,0,0,23,45,7961.491286056731,7947.283428743074,7660.846187527972
2024-02-08 00:00:00,7950.41,22.96,2,0,0,0,0,7930.017204609607,8034.27,7651.24
2024-02-08 00:15:00,8032.437342917942,22.77808086073696,2,0,0,0,15,7950.41,8170.083258585129,7634.519157676244
2024-02-08 00:30:00,8140.377507350068,22.6564263398563,2,0,0,0,30,8032.437342917942,8317.355863644581,7609.916003057574
2024-02-08 00:45:00,8227.13641810716,22.576808649047493,2,0,0,0,45,8140.377507350068,8429.330536881744,7578.634846910116
2024-02-08 01:00:00,8245.62,22.521,2,0,0,1,0,8227.13641810716,8459.25,7541.88
2024-02-08 01:15:00,8166.10418510274,22.472189791040584,2,0,0,1,15,8245.62,8376.854940556614,7501.367493092487
2024-02-08 01:30:00,8028.344934542994,22.41923616704524,2,0,0,1,30,8166.10418510274,8217.877909524377,7460.860236949367
2024-02-08 01:45:00,7889.468216711753,22.35241445952728,2,0,0,1,45,8028.344934542994,8034.54942372995,7424.632862331563
2024-02-08 02:00:00,7806.6,22.262,2,0,0,2,0,7889.468216711753,7879.1,7396.96
2024-02-08 02:15:00,7820.618885421102,22.14280060010072,2,0,0,2,15,7806.6,7791.80104168841,7381.946182453809
2024-02-08 02:30:00,7907.414004477953,22.007753991962733,2,0,0,2,30,7820.618885421102,7765.087498257914,7383.01554914496
2024-02-08 02:45:00,8026.627121295827,21.87433038784339,2,0,0,2,45,7907.414004477953,7779.435205698462,7403.42214126363
2024-02-08 03:00:00,8137.9,21.76,2,0,0,3,0,8026.627121295827,7815.32,7446.42
2024-02-08 03:15:00,8210.206835712852,21.67692030855657,2,0,0,3,15,8137.9,7856.439486439744,7512.098402092279
2024-02-08 03:30:00,8249.85154754519,21.61599786510383,2,0,0,3,30,8210.206835712852,7899.378347443966,7587.887566470797
2024-02-08 03:45:00,8272.470485604936,21.562826489099173,2,0,0,3,45,8249.85154754519,7943.943034726207,7658.052947613916
2024-02-08 04:00:00,8293.7,21.503,2,0,0,4,0,8272.470485604936,7989.94,7706.86
2024-02-08 04:15:00,8330.149865477493,21.430533790673,2,0,0,4,15,8293.7,8040.260700052611,7730.972240427076
2024-02-08 04:30:00,8402.323555341283,21.37312954762196,2,0,0,4,30,8330.149865477493,8110.136611966215,7776.645434971852
2024-02-08 04:45:00,8531.697967534432,21.366910530759927,2,0,0,4,45,8402.323555341283,8217.884217896712,7902.533412030702
2024-02-08 05:00:00,8739.75,21.448,2,0,0,5,0,8531.697967534432,8381.82,8167.29
2024-02-08 05:15:00,9034.031827377175,21.63810077875144,2,0,0,5,15,8739.75,8609.949275849807,8601.002323699417
2024-02-08 05:30:00,9366.396731089677,21.901233944408368,2,0,0,5,30,9034.031827377175,8869.032704691168,9119.490693641794
2024-02-08 05:45:00,9674.773269257335,22.187000137861112,2,0,0,5,45,9366.396731089677,9115.519781186944,9610.008716763276
2024-02-08 06:00:00,9897.09,22.445,2,0,0,6,0,9674.773269257335,9305.86,9959.81
2024-02-08 06:15:00,9989.337512513795,22.642859969321243,2,0,0,6,15,9897.09,9412.76938404816,10087.81549602526
2024-02-08 06:30:00,9979.75452030001,22.82030967474458,2,0,0,6,30,9989.337512513795,9474.030069269114,10039.615540460967
2024-02-08 06:45:00,9914.641767936222,23.035104542795622,2,0,0,6,45,9979.75452030001,9543.69071985551,9892.467814666194
2024-02-08 07:00:00,9840.3,23.345,2,0,0,7,0,9914.641767936222,9675.8,9723.63
2024-02-08 07:15:00,9802.040310067634,23.79278746896357,2,0,0,7,15,9840.3,9911.104281707549,9600.505848449542
2024-02-08 07:30:00,9841.215187710275,24.36140235661331,2,0,0,7,30,9802.040310067634,10237.140768232375,9551.083394514328
2024-02-08 07:45:00,9998.187471497777,25.018816065956383,2,0,0,7,45,9841.215187710275,10628.144370641015,9593.496743321948
2024-02-08 08:00:00,10313.32,25.733,2,0,0,8,0,9998.187471497777,11058.35,9745.88
2024-02-08 08:15:00,10800.092184715655,26.47499015482443,2,0,0,8,15,10313.32,11499.284426621643,10015.582047676566
2024-02-08 08:30:00,11364.449728858886,27.22808089880218,2,0,0,8,30,10800.092184715655,11911.641857801384,10366.810881481715
2024-02-08 08:45:00,11885.45490857267,27.978631193378845,2,0,0,8,45,11364.449728858886,12253.40836008043,10752.989274546007
2024-02-08 09:00:00,12242.17,28.713,2,0,0,9,0,11885.45490857267,12482.57,11127.54
2024-02-08 09:15:00,12350.90516981973,29.41922066173872,2,0,0,9,15,12242.17,12570.253324305872,11450.14861709419
2024-02-08 09:30:00,12276.962146854185,30.09202404817797,2,0,0,9,30,12350.90516981973,12540.146800562092,11705.551829558806
2024-02-08 09:45:00,12122.890550461543,30.727815410528244,2,0,0,9,45,12276.962146854185,12429.079376537264,11884.74912724402
2024-02-08 10:00:00,11991.24,31.323,2,0,0,10,0,12122.890550461543,12273.88,11978.74
2024-02-08 10:15:00,11960.650729755418,31.872111573220725,2,0,0,10,15,11991.24,12109.776338654863,11986.781765196678
2024-02-08 10:30:00,12014.125433724384,32.36219790848593,2,0,0,10,30,11960.650729755418,11965.590939950254,11941.16305028306
2024-02-08 10:45:00,12110.757420831156,32.77843528950818,2,0,0,10,45,12014.125433724384,11868.545071270515,11882.43031022791
2024-02-08 11:00:00,12209.64,33.106,2,0,0,11,0,12110.757420831156,11845.86,11851.13
2024-02-08 11:15:00,12276.99050490859,33.3361611703784,2,0,0,11,15,12209.64,11911.472258574666,11874.817603369096
2024-02-08 11:30:00,12307.52236824828,33.48455931787828,2,0,0,11,30,12276.99050490859,12026.179439636897,11929.08471930896
2024-02-08 11:45:00,12303.073047463826,33.572927806439026,2,0,0,11,45,12307.52236824828,12137.494400880678,11976.531975594342
2024-02-08 12:00:00,12265.48,33.623000000000005,2,0,0,12,0,12303.073047463826,12192.93,11979.76
2024-02-08 12:15:00,12198.446781860215,33.6546187452657,2,0,0,12,15,12265.48,12155.796970796471,11911.030008826936
2024-02-08 12:30:00,12113.1413432825,33.68006482000096,2,0,0,12,30,12198.446781860215,12052.597551502167,11781.245572481106
2024-02-08 12:45:00,12022.597733063536,33.70972848473574,2,0,0,12,45,12113.1413432825,11925.63185645678,11610.970849894728
2024-02-08 13:00:00,11939.85,33.754,2,0,0,13,0,12022.597733063536,11817.2,11420.77
2024-02-08 13:15:00,11873.92689890055,33.817770098558825,2,0,0,13,15,11939.85,11759.03079573945,11232.58923632317
2024-02-08 13:30:00,11817.836008621724,33.88393140211789,2,0,0,13,30,11873.92689890055,11740.567854354438,11073.902990766615
2024-02-08 13:45:00,11760.579614032036,33.92987700461801,2,0,0,13,45,11817.836008621724,11740.68348579221,10973.567749826754
2024-02-08 14:00:00,11691.16,33.93299999999999,2,0,0,14,0,11760.579614032036,11738.25,10960.44
2024-02-08 14:15:00,11598.866716287586,33.87786336049899,2,0,0,14,15,11691.16,11713.713439995736,11045.089452130387
2024-02-08 14:30:00,11474.138372230604,33.77770957152747,2,0,0,14,30,11598.866716287586,11653.814781080078,11164.938714452426
2024-02-08 14:45:00,11307.70084205832,33.65295099679221,2,0,0,14,45,11474.138372230604,11546.868731624383,11239.123619548254
2024-02-08 15:00:00,11090.28,33.524,2,0,0,15,0,11307.70084205832,11381.19,11186.78
2024-02-08 15:15:00,10819.600298449104,33.40335458444518,2,0,0,15,15,11090.28,11151.598725527612,10954.449048905286
2024-02-08 15:30:00,10521.380502455855,33.27185531177223,2,0,0,15,30,10819.600298449104,10878.936771325249,10598.29340142368
2024-02-08 15:45:00,10228.337955234683,33.10242838321316,2,0,0,15,45,10521.380502455855,10590.551431460255,10201.881053230232
2024-02-08 16:00:00,9973.19,32.868,2,0,0,16,0,10228.337955234683,10313.79,9848.78
2024-02-08 16:15:00,9778.650058666,32.5456089267203,2,0,0,16,15,9973.19,10070.398532893816,9601.278883498471
2024-02-08 16:30:00,9627.415867945963,32.12874418138364,2,0,0,16,30,9778.650058666,9859.71813361894,9436.54892985286
2024-02-08 16:45:00,9492.181243252944,31.615007345355167,2,0,0,16,45,9627.415867945963,9675.488667534595,9310.48201128082
2024-02-08 17:00:00,9345.64,31.001999999999995,2,0,0,17,0,9492.181243252944,9511.45,9178.97
2024-02-08 17:15:00,9171.1743106369,30.30005345867365,2,0,0,17,15,9345.64,9363.258392897134,9011.711823350832
2024-02-08 17:30:00,8994.91977576029,29.570417962693213,2,0,0,17,30,9171.1743106369,9234.235694198998,8833.63462916488
2024-02-08 17:45:00,8853.700353003536,28.88707348536617,2,0,0,17,45,8994.91977576029,9129.620148401367,8683.472620396487
2024-02-08 18:00:00,8784.34,28.324,2,0,0,18,0,8853.700353003536,9054.65,8599.96
2024-02-08 18:15:00,8808.9339487864,27.931614738585097,2,0,0,18,15,8784.34,9011.936801767655,8607.013979348196
2024-02-08 18:30:00,8890.662529012872,27.6660839678435,2,0,0,18,30,8808.9339487864,8993.585339585066,8669.283803487613
2024-02-08 18:45:00,8977.977344732908,27.460011213180145,2,0,0,18,45,8890.662529012872,8989.073707609941,8736.601725883223
2024-02-08 19:00:00,9019.33,27.245999999999995,2,0,0,19,0,8977.977344732908,8987.88,8758.8
2024-02-08 19:15:00,8977.5906754675,26.974909461985952,2,0,0,19,15,9019.33,8980.974712532232,8700.803353006379
2024-02-08 19:30:00,8873.30385818822,26.67062116593278,2,0,0,19,30,8977.5906754675,8965.297947460733,8587.906406884662
2024-02-08 19:45:00,8741.432611814826,26.375272286913223,2,0,0,19,45,8873.30385818822,8939.282208658866,8460.496257320614
2024-02-08 20:00:00,8616.94,26.131,2,0,0,20,0,8741.432611814826,8901.36,8358.96
2024-02-08 20:15:00,8526.8763180936,25.967122413471085,2,0,0,20,15,8616.94,8850.644504353413,8312.449483626284
2024-02-08 20:30:00,8466.640788234257,25.86168136842537,2,0,0,20,30,8526.8763180936,8788.971620572005,8305.175568973735
2024-02-08 20:45:00,8423.719864257784,25.779899639166963,2,0,0,20,45,8466.640788234257,8718.857926504597,8310.113869834317
2024-02-08 21:00:00,8385.6,25.687,2,0,0,21,0,8423.719864257784,8642.82,8300.24
2024-02-08 21:15:00,8341.855927158098,25.55660088412971,2,0,0,21,15,8385.6,8563.498520054123,8254.673556238482
2024-02-08 21:30:00,8290.415488874756,25.39590336036576,2,0,0,21,30,8341.855927158098,8484.030570251247,8177.110067220397
2024-02-08 21:45:00,8231.29480615404,25.220504156418933,2,0,0,21,45,8290.415488874756,8407.677335322747,8077.389044592113
2024-02-08 22:00:00,8164.51,25.046,2,0,0,22,0,8231.29480615404,8337.7,7965.35
2024-02-08 22:15:00,8091.510285774014,24.88566155001007,2,0,0,22,15,8164.51,8275.933290430097,7850.173166419791
2024-02-08 22:30:00,8019.477256266718,24.743455190111582,2,0,0,22,30,8091.510285774014,8218.506098423006,7738.401662144683
2024-02-08 22:45:00,7957.025598626063,24.621021235157304,2,0,0,22,45,8019.477256266718,8160.120857204411,7635.9193267972305
2024-02-08 23:00:00,7912.77,24.52,2,0,0,23,0,7957.025598626063,8095.48,7548.61
2024-02-08 23:15:00,7893.017304745847,24.438956040830004,2,0,0,23,15,7912.77,8023.692224475489,7481.304559332354
2024-02-08 23:30:00,7894.842986058376,24.364150879187896,2,0,0,23,30,7893.017304745847,7961.491286056731,7434.622034200878
2024-02-08 23:45:00,7913.014674341715,24.27877027795185,2,0,0,23,45,7894.842986058376,7930.017204609607,7408.128491968963
2024-02-09 00:00:00,7942.3,24.166,2,0,0,0,0,7913.014674341715,7950.41,7401.39
2024-02-09 00:15:00,7976.781432742595,24.01567053666992,2,0,0,0,15,7942.3,8032.437342917942,7412.018752500794
2024-02-09 00:30:00,8007.800799499782,23.844191293136817,2,0,0,0,30,7976.781432742595,8140.377507350068,7429.811451051807
2024-02-09 00:45:00,8026.01476650708,23.6746164030353,2,0,0,0,45,8007.800799499782,8227.13641810716,7442.610924076916
2024-02-09 01:00:00,8022.08,23.53,2,0,0,1,0,8026.01476650708,8245.62,7438.26
2024-02-09 01:15:00,7991.136183033775,23.426955562490324,2,0,0,1,15,8022.08,8166.10418510274,7409.281524414472
2024-02-09 01:30:00,7946.255065942495,23.356333948264847,2,0,0,1,30,7991.136183033775,8028.344934542994,7366.918411591896
2024-02-09 01:45:00,7904.991415879967,23.30254535990695,2,0,0,1,45,7946.255065942495,7889.468216711753,7327.093592973371
2024-02-09 02:00:00,7884.9,23.25,2,0,0,2,0,7904.991415879967,7806.6,7305.73
2024-02-09 02:15:00,7897.490241372307,23.1866478383688,2,0,0,2,15,7884.9,7820.618885421102,7315.655774841318
2024-02-09 02:30:00,7930.0901867302355,23.1145979138038,2,0,0,2,30,7897.490241372307,7907.414004477953,7357.319902580609
2024-02-09 02:45:00,7963.982538723048,23.03949903233691,2,0,0,2,45,7930.0901867302355,8026.627121295827,7428.076579029597
2024-02-09 03:00:00,7980.45,22.967,2,0,0,3,0,7963.982538723048,8137.9,7525.28
2024-02-09 03:15:00,7967.684101477,22.90157808403449,2,0,0,3,15,7980.45,8210.206835712852,7645.761313720256
2024-02-09 03:30:00,7941.51168713656,22.843024396519937,2,0,0,3,30,7967.684101477,8249.85154754519,7784.259478085664
2024-02-09 03:45:00,7924.668429227839,22.78995851074541,2,0,0,3,45,7941.51168713656,8272.470485604936,7934.990403408241
2024-02-09 04:00:00,7939.89,22.741,2,0,0,4,0,7924.668429227839,8293.7,8092.17
2024-02-09 04:15:00,8003.675383969694,22.69922732549323,2,0,0,4,15,7939.89,8330.149865477493,8253.355845277658
2024-02-09 04:30:00,8107.576814723528,22.68555450011644,2,0,0,4,30,8003.675383969694,8402.323555341283,8429.472185076733
2024-02-09 04:45:00,8236.909838115598,22.72535442468143,2,0,0,4,45,8107.576814723528,8531.697967534432,8634.784932337438
2024-02-09 05:00:00,8376.99,22.844,2,0,0,5,0,8236.909838115598,8739.75,8883.56
2024-02-09 05:15:00,8515.165768894223,23.0566844889926,2,0,0,5,15,8376.99,9034.031827377175,9181.71499266911
2024-02-09 05:30:00,8646.917303969327,23.337882603014307,2,0,0,5,30,8515.165768894223,9366.396731089677,9501.774281607408
2024-02-09 05:45:00,8769.757687059768,23.651889415528863,2,0,0,5,45,8646.917303969327,9674.773269257335,9807.913929742
2024-02-09 06:00:00,8881.2,23.963,2,0,0,6,0,8769.757687059768,9897.09,10064.31
2024-02-09 06:15:00,8979.645759203415,24.24378471853637,2,0,0,6,15,8881.2,9989.337512513795,10246.36871529589
2024-02-09 06:30:00,9067.05021939916,24.499915087826327,2,0,0,6,30,8979.645759203415,9979.75452030001,10374.416938493632
2024-02-09 06:45:00,9146.257069895328,24.745337913203112,2,0,0,6,45,9067.05021939916,9914.641767936222,10480.01169244456
2024-02-09 07:00:00,9220.11,24.994,2,0,0,7,0,9146.257069895328,9840.3,10594.71
2024-02-09 07:15:00,9296.38885054212,25.259176636861906,2,0,0,7,15,9220.11,9802.040310067634,10738.592021147322
2024-02-09 07:30:00,9402.61806843403,25.551457045680387,2,0,0,7,30,9296.38885054212,9841.215187710275,10885.83046441806
2024-02-09 07:45:00,9571.258252108924,25.88075893165868,2,0,0,7,45,9402.61806843403,9998.187471497777,10999.12117547976
2024-02-09 08:00:00,9834.77,26.257,2,0,0,8,0,9571.258252108924,10313.32,11041.16
2024-02-09 08:15:00,10208.343682378108,26.682868109016013,2,0,0,8,15,9834.77,10800.092184715655,10991.48866886481
2024-02-09 08:30:00,10638.08875686472,27.13213172945213,2,0,0,8,30,10208.343682378108,11364.449728858886,10897.032453834134
2024-02-09 08:45:00,11052.844452918976,27.571329485162178,2,0,0,8,45,10638.08875686472,11885.45490857267,10821.562511886392
2024-02-09 09:00:00,11381.45,27.967,2,0,0,9,0,11052.844452918976,12242.17,10828.85
2024-02-09 09:15:00,11572.687982445455,28.29499155207403,2,0,0,9,15,11381.45,12350.90516981973,10960.250959643434
2024-02-09 09:30:00,11655.114404107091,28.56839103651109,2,0,0,9,30,11572.687982445455,12276.962146854185,11167.460970245402
2024-02-09 09:45:00,11677.22862371518,28.80959500269261,2,0,0,9,45,11655.114404107091,12122.890550461543,11379.76049572467
2024-02-09 10:00:00,11687.53,29.041,2,0,0,10,0,11677.22862371518,11991.24,11526.43
2024-02-09 10:15:00,11726.210794090071,29.280556307687856,2,0,0,10,15,11687.53,11960.650729755418,11559.796867561454
2024-02-09 10:30:00,11800.23487670692,29.52842912450348,2,0,0,10,30,11726.210794090071,12014.125433724384,11524.376165184256
2024-02-09 10:45:00,11908.259020970308,29.780337379067376,2,0,0,10,45,11800.23487670692,12110.757420831156,11487.72988021493
2024-02-09 11:00:00,12048.94,30.032,2,0,0,11,0,11908.259020970308,12209.64,11517.42
2024-02-09 11:15:00,12215.351653694252,30.278220717174545,2,0,0,11,15,12048.94,12276.99050490859,11657.576570110756
2024-02-09 11:30:00,12378.236089065236,30.510142465474967,2,0,0,11,30,12215.351653694252,12307.52236824828,11858.601869017575
2024-02-09 11:45:00,12502.7524799036,30.7179929810379,2,0,0,11,45,12378.236089065236,12303.073047463826,12047.46623341561
2024-02-09 12:00:00,12554.06,30.892,2,0,0,12,0,12502.7524799036,12265.48,12151.14
2024-02-09 12:15:00,12509.158059882911,31.02434207361396,2,0,0,12,15,12554.06,12198.446781860215,12118.220601995525
2024-02-09 12:30:00,12392.407017032136,31.115001013596665,2,0,0,12,30,12509.158059882911,12113.1413432825,11983.813858745438
2024-02-09 12:45:00,12240.007465665289,31.16590944678103,2,0,0,12,45,12392.407017032136,12022.597733063536,11804.652686122634
2024-02-09 13:00:00,12088.16,31.179,2,0,0,13,0,12240.007465665289,11939.85,11637.47
2024-02-09 13:15:00,11966.10095052409,31.15862973836961,2,0,0,13,15,12088.16,11873.92689890055,11525.430865657154
2024-02-09 13:30:00,11875.209592806215,31.11885348013838,2,0,0,13,30,11966.10095052409,11817.836008621724,11457.428946000671
2024-02-09 13:45:00,11809.900938685236,31.076150481837967,2,0,0,13,45,11875.209592806215,11760.579614032036,11408.790053343851
2024-02-09 14:00:00,11764.59,31.047,2,0,0,14,0,11809.900938685236,11691.16,11354.84
2024-02-09 14:15:00,11733.52032552072,31.040170222907605,2,0,0,14,15,11764.59,11598.866716287586,11274.027341625855
2024-02-09 14:30:00,11710.249611742993,31.03358506584981,2,0,0,14,30,11733.52032552072,11474.138372230604,11157.291607251876
2024-02-09 14:45:00,11688.16409209377,30.997457375867107,2,0,0,14,45,11710.249611742993,11307.70084205832,10998.69506925196
2024-02-09 15:00:00,11660.65,30.902,2,0,0,15,0,11688.16409209377,11090.28,10792.3
2024-02-09 15:15:00,11621.639309893028,30.72432999499997,2,0,0,15,15,11660.65,10819.600298449104,10538.804299089425
2024-02-09 15:30:00,11567.246960221804,30.469181256462395,2,0,0,15,30,11621.639309893028,10521.380502455855,10265.448374991814
2024-02-09 15:45:00,11494.133630439675,30.148191889693617,2,0,0,15,45,11567.246960221804,10228.337955234683,10006.108263398302
2024-02-09 16:00:00,11398.96,29.773,2,0,0,16,0,11494.133630439675,9973.19,9794.66
2024-02-09 16:15:00,11273.722747407168,29.35932229709251,2,0,0,16,15,11398.96,9778.650058666,9653.281868266453
2024-02-09 16:30:00,11091.762547369788,28.93918990830062,2,0,0,16,30,11273.722747407168,9627.415867945963,9557.361142780856
2024-02-09 16:45:00,10821.756073647512,28.54871256535842,2,0,0,16,45,11091.762547369788,9492.181243252944,9470.587345904834
2024-02-09 17:00:00,10432.38,28.224,2,0,0,17,0,10821.756073647512,9345.64,9356.65
2024-02-09 17:15:00,9916.654075478296,27.988662066629985,2,0,0,17,15,10432.38,9171.1743106369,9192.183227844773
2024-02-09 17:30:00,9364.97035029904,27.816309110335123,2,0,0,17,30,9916.654075478296,8994.91977576029,9005.599553884758
2024-02-09 17:45:00,8892.063949970267,27.6680515988727,2,0,0,17,45,9364.97035029904,8853.700353003536,8838.256102982366
2024-02-09 18:00:00,8612.67,27.505,2,0,0,18,0,8892.063949970267,8784.34,8731.51
2024-02-09 18:15:00,8601.715794429643,27.29809193638756,2,0,0,18,15,8612.67,8808.9339487864,8710.729751604458
2024-02-09 18:30:00,8774.897301434044,27.057573650358894,2,0,0,18,30,8601.715794429643,8890.662529012872,8737.329391680109
2024-02-09 18:45:00,9008.102657721423,26.803518539150783,2,0,0,18,45,8774.897301434044,8977.977344732908,8756.734335915704
2024-02-09 19:00:00,9177.22,26.556,2,0,0,19,0,9008.102657721423,9019.33,8714.37
2024-02-09 19:15:00,9189.789621803136,26.3314701878198,2,0,0,19,15,9177.22,8977.5906754675,8575.887140737395
2024-02-09 19:30:00,9079.96044396478,26.13189628822931,2,0,0,19,30,9189.789621803136,8873.30385818822,8387.837879394814
2024-02-09 19:45:00,8913.533544144037,25.95562424452417,2,0,0,19,45,9079.96044396478,8741.432611814826,8216.999678354827
2024-02-09 20:00:00,8756.31,25.801,2,0,0,20,0,8913.533544144037,8616.94,8130.15
2024-02-09 20:15:00,8659.204937107817,25.665527312333268,2,0,0,20,15,8756.31,8526.8763180936,8171.292779195965
2024-02-09 20:30:00,8613.58967270683,25.543341196723865,2,0,0,20,30,8659.204937107817,8466.640788234257,8293.337840740636
2024-02-09 20:45:00,8595.94957195243,25.42773448275253,2,0,0,20,45,8613.58967270683,8423.719864257784,8426.421481914987
2024-02-09 21:00:00,8582.77,25.312,2,0,0,21,0,8595.94957195243,8385.6,8500.68
2024-02-09 21:15:00,8554.159692265594,25.191717437847124,2,0,0,21,15,8582.77,8341.855927158098,8466.149398728743
2024-02-09 21:30:00,8504.720865207895,25.071613924875223,2,0,0,21,30,8554.159692265594,8290.415488874756,8352.464507642646
2024-02-09 21:45:00,8432.679105546247,24.958703449465705,2,0,0,21,45,8504.720865207895,8231.29480615404,8209.159862735225
2024-02-09 22:00:00,8336.26,24.860000000000003,2,0,0,22,0,8432.679105546247,8164.51,8085.77
2024-02-09 22:15:00,8217.00832507981,24.779868561278228,2,0,0,22,15,8336.26,8091.510285774014,8019.502594639062
2024-02-09 22:30:00,8089.745616461596,24.71207810377525,2,0,0,22,30,8217.00832507981,8019.477256266718,7998.257878688785
2024-02-09 22:45:00,7972.612599612584,24.64774859438466,2,0,0,22,45,8089.745616461596,7957.025598626063,7997.609223394116
2024-02-09 23:00:00,7883.75,24.578,2,0,0,23,0,7972.612599612584,7912.77,7993.13
2024-02-09 23:15:00,7835.929507415161,24.496964567039967,2,0,0,23,15,7883.75,7893.017304745847,7964.445222715009
2024-02-09 23:30:00,7820.446668945722,24.410823660023752,2,0,0,23,30,7835.929507415161,7894.842986058376,7907.386477602214
2024-02-09 23:45:00,7823.227996003421,24.32877092299565,2,0,0,23,45,7820.446668945722,7913.014674341715,7821.836993688312
2024-02-10 00:00:00,7830.2,24.26,2,0,1,0,0,7823.227996003421,7942.3,7707.68
2024-02-10 00:15:00,7830.107864009541,24.210398170561906,2,0,1,0,15,7830.2,7976.781432742595,7570.579639500904
2024-02-10 00:30:00,7822.971457755513,24.172627256129744,2,0,1,0,30,7830.107864009541,8007.800799499782,7439.32371090236
2024-02-10 00:45:00,7811.629322623729,24.136042713632715,2,0,1,0,45,7822.971457755513,8026.01476650708,7348.480926852638
2024-02-10 01:00:00,7798.92,24.09,2,0,1,1,0,7811.629322623729,8022.08,7332.62
2024-02-10 01:15:00,7787.471536546673,24.02661462571241,2,0,1,1,15,7798.92,7991.136183033775,7411.574031781378
2024-02-10 01:30:00,7779.070000032222,23.94904231545727,2,0,1,1,30,7787.471536546673,7946.255065942495,7546.233678788346
2024-02-10 01:45:00,7775.290963501661,23.863198847473484,2,0,1,1,45,7779.070000032222,7904.991415879967,7682.75398640114
2024-02-10 02:00:00,7777.71,23.775,2,0,1,2,0,7775.290963501661,7884.9,7767.29
2024-02-10 02:15:00,7786.73067730377,23.688065201588422,2,0,1,2,15,7777.71,7897.490241372307,7764.205639623585
2024-02-10 02:30:00,7798.068542115598,23.59682848204118,2,0,1,2,30,7786.73067730377,7930.0901867302355,7710.700323944257
2024-02-10 02:45:00,7806.267135869624,23.493427521473336,2,0,1,2,45,7798.068542115598,7963.982538723048,7662.1823462928
2024-02-10 03:00:00,7805.87,23.37,2,0,1,3,0,7806.267135869624,7980.45,7674.06
2024-02-10 03:15:00,7795.539035488244,23.222812067933862,2,0,1,3,15,7805.87,7967.684101477,7783.477628474282
2024-02-10 03:30:00,7790.409581505389,23.06464375637802,2,0,1,3,30,7795.539035488244,7941.51168713656,7954.523775434627
2024-02-10 03:45:00,7809.735336769839,22.912403566633163,2,0,1,3,45,7790.409581505389,7924.668429227839,8133.023034677659
2024-02-10 04:00:00,7872.77,22.783,2,0,1,4,0,7809.735336769839,7939.89,8264.8
2024-02-10 04:15:00,7992.35802449325,22.690233401676124,2,0,1,4,15,7872.77,8003.675383969694,8312.252127729289
2024-02-10 04:30:00,8155.706881862848,22.63547149244676,2,0,1,4,30,7992.35802449325,8107.576814723528,8304.068324317233
2024-02-10 04:45:00,8343.614798301021,22.616973836994006,2,0,1,4,45,8155.706881862848,8236.909838115598,8285.510358746562
2024-02-10 05:00:00,8536.88,22.633,2,0,1,5,0,8343.614798301021,8376.99,8301.84
2024-02-10 05:15:00,8717.089179038754,22.68289495036164,2,0,1,5,15,8536.88,8515.165768894223,8390.035579358564
2024-02-10 05:30:00,8868.982891043219,22.77034527383496,2,0,1,5,30,8717.089179038754,8646.917303969327,8553.941677296436
2024-02-10 05:45:00,8978.090157526078,22.900122960390807,2,0,1,5,45,8868.982891043219,8769.757687059768,8789.11943658609
2024-02-10 06:00:00,9029.94,23.077,2,0,1,6,0,8978.090157526078,8881.2,9091.13
2024-02-10 06:15:00,9020.525415601734,23.303561796877336,2,0,1,6,15,9029.94,8979.645759203415,9449.113367336457
2024-02-10 06:30:00,8987.695303964274,23.57364741221341,2,0,1,6,30,9020.525415601734,9067.05021939916,9826.524966497018
2024-02-10 06:45:00,8979.762540344676,23.878909321442777,2,0,1,6,45,8987.695303964274,9146.257069895328,10180.399082409074
2024-02-10 07:00:00,9045.04,24.211,2,0,1,7,0,8979.762540344676,9220.11,10467.77
2024-02-10 07:15:00,9217.48884605431,24.56260786212902,2,0,1,7,15,9045.04,9296.38885054212,10656.147045045616
2024-02-10 07:30:00,9473.663393099689,24.9305650773114,2,0,1,7,30,9217.48884605431,9402.61806843403,10754.939706715488
2024-02-10 07:45:00,9775.76624359522,25.31273975383808,2,0,1,7,45,9473.663393099689,9571.258252108924,10784.032515027617
2024-02-10 08:00:00,10086.0,25.707,2,0,1,8,0,9775.76624359522,9834.77,10763.31
2024-02-10 08:15:00,10367.683106431028,26.11203800460658,2,0,1,8,15,10086.0,10208.343682378108,10718.019077481082
2024-02-10 08:30:00,10588.59737363698,26.529842278541,2,0,1,8,30,10367.683106431028,10638.08875686472,10694.856206641034
2024-02-10 08:45:00,10717.64045402444,26.963225413204924,2,0,1,8,45,10588.59737363698,11052.844452918976,10745.880232480473
2024-02-10 09:00:00,10723.71,27.415,2,0,1,9,0,10717.64045402444,11381.45,10923.15
2024-02-10 09:15:00,10600.276696971572,27.88456824444468,2,0,1,9,15,10723.71,11572.687982445455,11251.324145030054
2024-02-10 09:30:00,10439.10336235239,28.3576908085246,2,0,1,9,30,10600.276696971572,11655.114404107091,11645.460466720366
2024-02-10 09:45:00,10356.525846557017,28.81671796834223,2,0,1,9,45,10439.10336235239,11677.22862371518,11993.216555050496
2024-02-10 10:00:00,10468.88,29.244000000000003,2,0,1,10,0,10356.525846557017,11687.53,12182.25
2024-02-10 10:15:00,10843.435574432677,29.625782767614727,2,0,1,10,15,10468.88,11726.210794090071,12137.595279898704
2024-02-10 10:30:00,11351.19792695345,29.963894487360605,2,0,1,10,30,10843.435574432677,11800.23487670692,11933.794426477498
2024-02-10 10:45:00,11814.1063159975,30.264058963426177,2,0,1,10,45,11351.19792695345,11908.259020970308,11682.766359817544
2024-02-10 11:00:00,12054.1,30.532,2,0,1,11,0,11814.1063159975,12048.94,11496.43
2024-02-10 11:15:00,11954.108349047723,30.77217568509642,2,0,1,11,15,12054.1,12215.351653694252,11457.040672875137
2024-02-10 11:30:00,11641.02117983381,30.983981242033,2,0,1,11,30,11954.108349047723,12378.236089065236,11528.199327369644
2024-02-10 11:45:00,11302.71842070299,31.165546177953072,2,0,1,11,45,11641.02117983381,12502.7524799036,11643.84331817933
2024-02-10 12:00:00,11127.08,31.315,2,0,1,12,0,11302.71842070299,12554.06,11737.91
2024-02-10 12:15:00,11244.417123126434,31.430889491999583,2,0,1,12,15,11127.08,12509.158059882911,11758.96343485076
2024-02-10 12:30:00,11554.766103711318,31.51343054450742,2,0,1,12,30,11244.417123126434,12392.407017032136,11714.074514043932
2024-02-10 12:45:00,11900.594532440544,31.563256324761547,2,0,1,12,45,11554.766103711318,12240.007465665289,11624.94083621514
2024-02-10 13:00:00,12124.37,31.581000000000003,2,0,1,13,0,11900.594532440544,12088.16,11513.26
2024-02-10 13:15:00,12115.840970946549,31.567688221905243,2,0,1,13,15,12124.37,11966.10095052409,11399.744962721825
2024-02-10 13:30:00,11953.87940532092,31.52592157993734,2,0,1,13,30,12115.840970946549,11875.209592806215,11301.170116454628
2024-02-10 13:45:00,11764.638137034834,31.458694148000767,2,0,1,13,45,11953.87940532092,11809.900938685236,11233.32521196012
2024-02-10 14:00:00,11674.27,31.369,2,0,1,14,0,11764.638137034834,11764.59,11212.0
2024-02-10 14:15:00,11765.78493058739,31.259607620379448,2,0,1,14,15,11674.27,11733.52032552072,11245.640464261953
2024-02-10 14:30:00,11949.621275005007,31.13238313574324,2,0,1,14,30,11765.78493058739,11710.249611742993,11313.317520137556
2024-02-10 14:45:00,12093.074481920125,30.988967083235405,2,0,1,14,45,11949.621275005007,11688.16409209377,11386.758315944386
2024-02-10 15:00:00,12063.44,30.831000000000003,2,0,1,15,0,12093.074481920125,11660.65,11437.69
2024-02-10 15:15:00,11771.3164942039,30.657100046576964,2,0,1,15,15,12063.44,11621.639309893028,11439.417242730378
2024-02-10 15:30:00,11300.515494659056,30.45379587708973,2,0,1,15,30,11771.3164942039,11567.246960221804,11371.554802995144
2024-02-10 15:45:00,10778.15174778468,30.204593769057634,2,0,1,15,45,11300.515494659056,11494.133630439675,11215.294961762338
2024-02-10 16:00:00,10331.34,29.893,2,0,1,16,0,10778.15174778468,11398.96,10951.83
2024-02-10 16:15:00,10053.41612384701,29.51166406831271,2,0,1,16,15,10331.34,11273.722747407168,10575.203221066542
2024-02-10 16:30:00,9902.600496358782,29.08980835589785,2,0,1,16,30,10053.41612384701,11091.762547369788,10130.862017881873
2024-02-10 16:45:00,9803.334620691166,28.66579846553407,2,0,1,16,45,9902.600496358782,10821.756073647512,9677.104805756266
2024-02-10 17:00:00,9680.06,28.278,2,0,1,17,0,9803.334620691166,10432.38,9272.23
2024-02-10 17:15:00,9478.22713540806,27.954493680172195,2,0,1,17,15,9680.06,9916.654075478296,8962.99002925345
2024-02-10 17:30:00,9227.322519905816,27.68222069931885,2,0,1,17,30,9478.22713540806,9364.97035029904,8749.95337547737
2024-02-10 17:45:00,8977.841644450664,27.437837368806093,2,0,1,17,45,9227.322519905816,8892.063949970267,8622.142533962604
2024-02-10 18:00:00,8780.28,27.198,2,0,1,18,0,8977.841644450664,8612.67,8568.58
2024-02-10 18:15:00,8671.880490770753,26.944423710998496,2,0,1,18,15,8780.28,8601.715794429643,8574.394005669654
2024-02-10 18:30:00,8636.875674017958,26.679058846826702,2,0,1,18,30,8671.880490770753,8774.897301434044,8609.135730208653
2024-02-10 18:45:00,8646.245520256185,26.408914559241563,2,0,1,18,45,8636.875674017958,9008.102657721423,8638.462089643324
2024-02-10 19:00:00,8670.97,26.141,2,0,1,19,0,8646.245520256185,9177.22,8628.03
2024-02-10 19:15:00,8687.416526508932,25.881077100833817,2,0,1,19,15,8670.97,9189.789621803136,8556.24410431793
2024-02-10 19:30:00,8693.502284022352,25.62991891337431,2,0,1,19,30,8687.416526508932,9079.96044396478,8452.49995368802
2024-02-10 19:45:00,8692.531899524598,25.38705126922765,2,0,1,19,45,8693.502284022352,8913.533544144037,8358.940826214102
2024-02-10 20:00:00,8687.81,25.152,2,0,1,20,0,8692.531899524598,8756.31,8317.71
2024-02-10 20:15:00,8682.15762194352,24.925502260666235,2,0,1,20,15,8687.81,8659.204937107817,8356.241608308628
2024-02-10 20:30:00,8676.461439892626,24.713140499676047,2,0,1,20,30,8682.15762194352,8613.58967270683,8443.133205039267
2024-02-10 20:45:00,8671.12453789542,24.52170848884784,2,0,1,20,45,8676.461439892626,8595.94957195243,8532.27319925027
2024-02-10 21:00:00,8666.55,24.358,2,0,1,21,0,8671.12453789542,8582.77,8577.55
2024-02-10 21:15:00,8660.857048216993,24.22575760650124,2,0,1,21,15,8666.55,8554.159692265594,8544.428524947545
2024-02-10 21:30:00,8643.029456407141,24.116519087921493,2,0,1,21,30,8660.857048216993,8504.720865207895,8444.679726154907
2024-02-10 21:45:00,8599.76713639372,24.018771025381,2,0,1,21,45,8643.029456407141,8432.679105546247,8301.651064284817
2024-02-10 22:00:00,8517.77,23.921,2,0,1,22,0,8599.76713639372,8336.26,8138.69
2024-02-10 22:15:00,8390.517466438512,23.814279813328803,2,0,1,22,15,8517.77,8217.00832507981,7976.142729401184
2024-02-10 22:30:00,8238.606984478807,23.70003314863797,2,0,1,22,30,8390.517466438512,8089.745616461596,7822.350390341094
2024-02-10 22:45:00,8089.415510279699,23.58226990962816,2,0,1,22,45,8238.606984478807,7972.612599612584,7682.652856110459
2024-02-10 23:00:00,7970.32,23.465,2,0,1,23,0,8089.415510279699,7883.75,7562.39
2024-02-10 23:15:00,7901.9826172789635,23.351029390183555,2,0,1,23,15,7970.32,7835.929507415161,7466.225401197721
2024-02-10 23:30:00,7878.206355677628,23.2383483175266,2,0,1,23,30,7901.9826172789635,7820.446668945722,7396.117462480714
2024-02-10 23:45:00,7886.07941623748,23.12374308610635,2,0,1,23,45,7878.206355677628,7823.227996003421,7353.348292523351
2024-02-11 00:00:00,7912.69,23.004,2,0,1,0,0,7886.07941623748,7830.2,7339.2
2024-02-11 00:15:00,7946.306595695634,22.877430750936984,2,0,1,0,15,7912.69,7830.107864009541,7353.9887908079345
2024-02-11 00:30:00,7979.918842810676,22.748448581255616,2,0,1,0,30,7946.306595695634,7822.971457755513,7394.167259736047
2024-02-11 00:45:00,8007.69666852038,22.62299212094645,2,0,1,0,45,7979.918842810676,7811.629322623729,7455.222098796136
2024-02-11 01:00:00,8023.81,22.507,2,0,1,1,0,8007.69666852038,7798.92,7532.64
2024-02-11 01:15:00,8024.2894374385,22.40391948106852,2,0,1,1,15,8023.81,7787.471536546673,7619.287404320543
2024-02-11 01:30:00,8012.608273079668,22.30723235745093,2,0,1,1,30,8024.2894374385,7779.070000032222,7697.549748575098
2024-02-11 01:45:00,7994.100472181002,22.207929055107883,2,0,1,1,45,8012.608273079668,7775.290963501661,7747.192218542104
2024-02-11 02:00:00,7974.1,22.097,2,0,1,2,0,7994.100472181002,7777.71,7747.98
2024-02-11 02:15:00,7956.88909205037,21.969422574788965,2,0,1,2,15,7974.1,7786.73067730377,7688.296279409892
2024-02-11 02:30:00,7942.543064870656,21.836121988940658,2,0,1,2,30,7956.88909205037,7798.068542115598,7590.99624596356
2024-02-11 02:45:00,7930.085505255614,21.712010408622028,2,0,1,2,45,7942.543064870656,7806.267135869624,7487.553089535448
2024-02-11 03:00:00,7918.54,21.612,2,0,1,3,0,7930.085505255614,7805.87,7409.44
2024-02-11 03:15:00,7909.0274756100225,21.54539021977563,2,0,1,3,15,7918.54,7795.539035488244,7384.968103039885
2024-02-11 03:30:00,7911.058217437709,21.499029686786432,2,0,1,3,30,7909.0274756100225,7790.409581505389,7429.800267570658
2024-02-11 03:45:00,7936.239850546541,21.45415431040401,2,0,1,3,45,7911.058217437709,7809.735336769839,7556.437298316104
2024-02-11 04:00:00,7996.18,21.392,2,0,1,4,0,7936.239850546541,7872.77,7777.38
2024-02-11 04:15:00,8098.379755509542,21.3031727961085,2,0,1,4,15,7996.18,7992.35802449325,8090.67662093057
2024-02-11 04:30:00,8233.914065378509,21.215759263913604,2,0,1,4,30,8098.379755509542,8155.706881862848,8436.565183753804
2024-02-11 04:45:00,8389.751342558224,21.16721609976191,2,0,1,4,45,8233.914065378509,8343.614798301021,8740.831154700136
2024-02-11 05:00:00,8552.86,21.195,2,0,1,5,0,8389.751342558224,8536.88,8929.26
2024-02-11 05:15:00,8717.637564851815,21.32480922079037,2,0,1,5,15,8552.86,8717.089179038754,8955.897288237838
2024-02-11 05:30:00,8908.198021048256,21.535308257559148,2,0,1,5,30,8717.637564851815,8868.982891043219,8887.828997414126
2024-02-11 05:45:00,9156.084466720567,21.793403165548348,2,0,1,5,45,8908.198021048256,8978.090157526078,8820.401207883353
2024-02-11 06:00:00,9492.84,22.066000000000003,2,0,1,6,0,9156.084466720567,9029.94,8848.96
2024-02-11 06:15:00,9924.520141333209,22.33291844573002,2,0,1,6,15,9492.84,9020.525415601734,9036.010007368075
2024-02-11 06:30:00,10355.230100428478,22.625632705849814,2,0,1,6,30,9924.520141333209,8987.695303964274,9312.690076589686
2024-02-11 06:45:00,10663.58750930951,22.98853061304471,2,0,1,6,45,10355.230100428478,8979.762540344676,9577.297607516452
2024-02-11 07:00:00,10728.21,23.466,2,0,1,7,0,10663.58750930951,9045.04,9728.13
2024-02-11 07:15:00,10479.46749481536,24.08353262128957,2,0,1,7,15,10728.21,9217.48884605431,9705.333151039851
2024-02-11 07:30:00,10054.73907723784,24.7910359190416,2,0,1,7,30,10479.46749481536,9473.663393099689,9616.44694622712
2024-02-11 07:45:00,9643.156121041397,25.519521257272824,2,0,1,7,45,10054.73907723784,9775.76624359522,9610.859768300834
2024-02-11 08:00:00,9433.85,26.2,2,0,1,8,0,9643.156121041397,10086.0,9837.96
2024-02-11 08:15:00,9563.722066905357,26.7801073191117,2,0,1,8,15,9433.85,10367.683106431028,10389.13066972252
2024-02-11 08:30:00,9960.753590620172,27.273973617983795,2,0,1,8,30,9563.722066905357,10588.59737363698,11123.73338850182
2024-02-11 08:45:00,10500.695819024902,27.712353107864,2,0,1,8,45,9960.753590620172,10717.64045402444,11843.12441303021
2024-02-11 09:00:00,11059.3,28.126,2,0,1,9,0,10500.695819024902,10723.71,12348.66
2024-02-11 09:15:00,11531.713768813212,28.53899122726364,2,0,1,9,15,11059.3,10600.276696971572,12498.828076320073
2024-02-11 09:30:00,11890.670310281472,28.948694609023217,2,0,1,9,30,11531.713768813212,10439.10336235239,12380.6432497656
2024-02-11 09:45:00,12128.299196608992,29.3458006862712,2,0,1,9,45,11890.670310281472,10356.525846557017,12138.251798328329
2024-02-11 10:00:00,12236.73,29.721,2,0,1,10,0,12128.299196608992,10468.88,11915.8
2024-02-11 10:15:00,12220.133014091783,30.067005896833766,2,0,1,10,15,12236.73,10843.435574432677,11825.038899997187
2024-02-11 10:30:00,12130.841418253936,30.384622945923333,2,0,1,10,30,12220.133014091783,11351.19792695345,11848.138612435776
2024-02-11 10:45:00,12033.22911328912,30.67667852205124,2,0,1,10,45,12130.841418253936,11814.1063159975,11934.874018656476
2024-02-11 11:00:00,11991.67,30.946,2,0,1,11,0,12033.22911328912,12054.1,12035.02
2024-02-11 11:15:00,12049.118081069646,31.19400081040132,2,0,1,11,15,11991.67,11954.108349047723,12107.472886191175
2024-02-11 11:30:00,12162.847766702778,31.416438607283467,2,0,1,11,30,12049.118081069646,11641.02117983381,12147.614800491294
2024-02-11 11:45:00,12268.71356898452,31.60765710052388,2,0,1,11,45,12162.847766702778,11302.71842070299,12159.949314545764
2024-02-11 12:00:00,12302.57,31.762,2,0,1,12,0,12268.71356898452,11127.08,12148.98
2024-02-11 12:15:00,12218.736536629627,31.875037736560976,2,0,1,12,15,12302.57,11244.417123126434,12115.22721148811
2024-02-11 12:30:00,12045.392514934952,31.947247624942825,2,0,1,12,30,12218.736536629627,11554.766103711318,12043.278435599042
2024-02-11 12:45:00,11829.1822357728,31.98033370085325,2,0,1,12,45,12045.392514934952,11900.594532440544,11913.737941910456
2024-02-11 13:00:00,11616.75,31.976000000000003,2,0,1,13,0,11829.1822357728,12124.37,11707.21
2024-02-11 13:15:00,11449.697334911838,31.93573886835478,2,0,1,13,15,11616.75,12115.840970946549,11422.432174106383
2024-02-11 13:30:00,11349.454673557417,31.86019589294526,2,0,1,13,30,11449.697334911838,11953.87940532092,11130.675207112528
2024-02-11 13:45:00,11332.409675424284,31.74980497106312,2,0,1,13,45,11349.454673557417,11764.638137034834,10921.34313656241
2024-02-11 14:00:00,11414.95,31.605000000000004,2,0,1,14,0,11332.409675424284,11674.27,10883.84
2024-02-11 14:15:00,11591.51912372302,31.426975540019924,2,0,1,14,15,11414.95,11765.78493058739,11065.030342086357
2024-02-11 14:30:00,11768.783790835392,31.21996880327616,2,0,1,14,30,11591.51912372302,11949.621275005007,11341.620735950844
2024-02-11 14:45:00,11831.46656253007,30.98897766489432,2,0,1,14,45,11768.783790835392,12093.074481920125,11547.77826183991
2024-02-11 15:00:00,11664.29,30.739,2,0,1,15,0,11831.46656253007,12063.44,11517.67
2024-02-11 15:15:00,11203.044295196089,30.47329647156554,2,0,1,15,15,11664.29,11771.3164942039,11146.16317629819
2024-02-11 15:30:00,10587.79016310102,30.18817889395012,2,0,1,15,30,11203.044295196089,11300.515494659056,10570.925599084094
2024-02-11 15:45:00,10009.655949455444,29.87822186935964,2,0,1,15,45,10587.79016310102,10778.15174778468,9990.325222327949
2024-02-11 16:00:00,9659.77,29.538,2,0,1,16,0,10009.655949455444,10331.34,9602.73
2024-02-11 16:15:00,9665.403695492638,29.16494794871792,2,0,1,16,15,9659.77,10053.41612384701,9543.846796470876
2024-02-11 16:30:00,9898.40055676053,28.767940620923365,2,0,1,16,30,9665.403695492638,9902.600496358782,9698.738117712775
2024-02-11 16:45:00,10166.747139648158,28.35871298266713,2,0,1,16,45,9898.40055676053,9803.334620691166,9889.805380098289
2024-02-11 17:00:00,10278.43,27.949,2,0,1,17,0,10166.747139648158,9680.06,9939.45
2024-02-11 17:15:00,10098.943266583365,27.54748985856279,2,0,1,17,15,10278.43,9478.22713540806,9725.528544068302
2024-02-11 17:30:00,9723.811359856863,27.15068362235642,2,0,1,17,30,10098.943266583365,9227.322519905816,9347.718180064798
2024-02-11 17:45:00,9306.06627320193,26.75203557497184,2,0,1,17,45,9723.811359856863,8977.841644450664,8961.151226028893
2024-02-11 18:00:00,8998.74,26.345,2,0,1,18,0,9306.06627320193,8780.28,8720.96
2024-02-11 18:15:00,8909.024331923902,25.92654574203092,2,0,1,18,15,8998.74,8671.880490770753,8732.457621005917
2024-02-11 18:30:00,8960.750253812019,25.50769988965094,2,0,1,18,30,8909.024331923902,8636.875674017958,8901.680412028034
2024-02-11 18:45:00,9031.908548794128,25.10300409244549,2,0,1,18,45,8960.750253812019,8646.245520256185,9084.845497036134
2024-02-11 19:00:00,9000.49,24.727,2,0,1,19,0,9031.908548794128,8670.97,9138.17
2024-02-11 19:15:00,8784.570968221029,24.390592798313538,2,0,1,19,15,9000.49,8687.416526508932,8962.840971908028
2024-02-11 19:30:00,8462.570124895063,24.09014181903981,2,0,1,19,30,8784.570968221029,8693.502284022352,8639.925171823063
2024-02-11 19:45:00,8152.9917191215645,23.818369930246178,2,0,1,19,45,8462.570124895063,8692.531899524598,8295.459285826568
2024-02-11 20:00:00,7974.34,23.568,2,0,1,20,0,8152.9917191215645,8687.81,8055.48
2024-02-11 20:15:00,8007.786013941984,23.33244243971494,2,0,1,20,15,7974.34,8682.15762194352,8009.096460111972
2024-02-11 20:30:00,8185.1679966077345,23.107857834189826,2,0,1,20,30,8007.786013941984,8676.461439892626,8097.70765067971
2024-02-11 20:45:00,8400.990980969618,22.8910943115698,2,0,1,20,45,8185.1679966077345,8671.12453789542,8225.785015907593
2024-02-11 21:00:00,8549.76,22.679,2,0,1,21,0,8400.990980969618,8666.55,8297.8
2024-02-11 21:15:00,8555.107319761035,22.46952806782672,2,0,1,21,15,8549.76,8660.857048216993,8243.971468894082
2024-02-11 21:30:00,8457.174138674,22.26505184420089,2,0,1,21,30,8555.107319761035,8643.029456407141,8097.507975458094
2024-02-11 21:45:00,8325.228888249967,22.069049698474625,2,0,1,21,45,8457.174138674,8599.76713639372,7917.365494293057
2024-02-11 22:00:00,8228.54,21.885,2,0,1,22,0,8325.228888249967,8517.77,7762.5
2024-02-11 22:15:00,8215.698613263887,21.71552341397819,2,0,1,22,15,8228.54,8390.517466438512,7678.257351811696
2024-02-11 22:30:00,8252.586698696272,21.5598097890066,2,0,1,22,30,8215.698613263887,8238.606984478807,7655.542947487914
2024-02-11 22:45:00,8284.408934780522,21.416191269531712,2,0,1,22,45,8252.586698696272,8089.415510279699,7671.652069420175
2024-02-11 23:00:00,8256.37,21.283,2,0,1,23,0,8284.408934780522,7970.32,7703.88
2024-02-11 23:15:00,8131.764320933426,21.157878276260533,2,0,1,23,15,8256.37,7901.9826172789635,7732.919905109136
2024-02-11 23:30:00,7946.24531654092,21.03570899977272,2,0,1,23,30,8131.764320933426,7878.206355677628,7753.056484590252
2024-02-11 23:45:00,7753.556153877954,20.91068522339853,2,0,1,23,45,7946.24531654092,7886.07941623748,7761.972321776241
2024-02-12 00:00:00,7607.44,20.777,2,0,0,0,0,7753.556153877954,7912.69,7757.35
2024-02-12 00:15:00,7546.674728002408,20.631229105979685,2,0,0,0,15,7607.44,7946.306595695634,7738.04927775176
2024-02-12 00:30:00,7550.177035140049,20.47947921190256,2,0,0,0,30,7546.674728002408,7979.918842810676,7707.638614151082
2024-02-12 00:45:00,7581.898324707664,20.330239711874142,2,0,0,0,45,7550.177035140049,8007.69666852038,7670.863643474864
2024-02-12 01:00:00,7605.79,20.192,2,0,0,1,0,7581.898324707664,8023.81,7632.47
2024-02-12 01:15:00,7596.132548306936,20.07123654982072,2,0,0,1,15,7605.79,8024.2894374385,7597.212827633825
2024-02-12 01:30:00,7568.522792898883,19.96637415261708,2,0,0,1,30,7596.132548306936,8012.608273079668,7569.88530880542
2024-02-12 01:45:00,7548.886641041389,19.873824679104903,2,0,0,1,45,7568.522792898883,7994.100472181002,7555.290135574305
2024-02-12 02:00:00,7563.15,19.79,2,0,0,2,0,7548.886641041389,7974.1,7558.23
2024-02-12 02:15:00,7628.246953769846,19.712543444737417,2,0,0,2,15,7563.15,7956.88909205037,7580.86550546294
2024-02-12 02:30:00,7725.144293264413,19.64402417762912,2,0,0,2,30,7628.246953769846,7942.543064870656,7614.788900627234
2024-02-12 02:45:00,7825.816986126775,19.58824282170625,2,0,0,2,45,7725.144293264413,7930.085505255614,7648.950345477912
2024-02-12 03:00:00,7902.24,19.549,2,0,0,3,0,7825.816986126775,7918.54,7672.3
2024-02-12 03:15:00,7936.048699113676,19.526074046229585,2,0,0,3,15,7902.24,7909.0274756100225,7679.318588014416
2024-02-12 03:30:00,7947.520034043458,19.503154136866456,2,0,0,3,30,7936.048699113676,7911.058217437709,7686.609088685641
2024-02-12 03:45:00,7966.59135195151,19.45990715907009,2,0,0,3,45,7947.520034043458,7936.239850546541,7716.305045014045
2024-02-12 04:00:00,8023.2,19.376,2,0,0,4,0,7966.59135195151,7996.18,7790.54
2024-02-12 04:15:00,8137.252468525446,19.24881662034424,2,0,0,4,15,8023.2,8098.379755509542,7921.335454979396
2024-02-12 04:30:00,8288.531820561755,19.14660927490508,2,0,0,4,30,8137.252468525446,8233.914065378509,8080.264744630201
2024-02-12 04:45:00,8446.790262317189,19.155347292013385,2,0,0,4,45,8288.531820561755,8389.751342558224,8228.789161965906
2024-02-12 05:00:00,8581.78,19.361,2,0,0,5,0,8446.790262317189,8552.86,8328.37
2024-02-12 05:15:00,8673.64892678454,19.815362597393488,2,0,0,5,15,8581.78,8717.637564851815,8362.075685818003
2024-02-12 05:30:00,8744.127683709523,20.43353376351325,2,0,0,5,30,8673.64892678454,8908.198021048256,8399.403182793554
2024-02-12 05:45:00,8825.342598779742,21.09643804787638,2,0,0,5,45,8744.127683709523,9156.084466720567,8531.45658837233
2024-02-12 06:00:00,8949.42,21.685,2,0,0,6,0,8825.342598779742,9492.84,8849.34
2024-02-12 06:15:00,9135.732605586389,22.112904865081813,2,0,0,6,15,8949.42,9924.520141333209,9396.116645498596
2024-02-12 06:30:00,9352.638694600158,22.424880671041933,2,0,0,6,30,9135.732605586389,10355.230100428478,10022.686274195585
2024-02-12 06:45:00,9555.742936313847,22.69841614148109,2,0,0,6,45,9352.638694600158,10663.58750930951,10531.907765794776
2024-02-12 07:00:00,9700.65,23.011,2,0,0,7,0,9555.742936313847,10728.21,10726.64
2024-02-12 07:15:00,9761.001588369903,23.421689817279265,2,0,0,7,15,9700.65,10479.46749481536,10489.56960718761
2024-02-12 07:30:00,9782.587537889844,23.915818552319013,2,0,0,7,30,9761.001588369903,10054.73907723784,10022.69422042412
2024-02-12 07:45:00,9829.234718464864,24.460288011199257,2,0,0,7,45,9782.587537889844,9643.156121041397,9607.839223448564
2024-02-12 08:00:00,9964.77,25.022,2,0,0,8,0,9829.234718464864,9433.85,9526.83
2024-02-12 08:15:00,10231.142290934,25.572679615801125,2,0,0,8,15,9964.77,9563.722066905357,9969.617894500956
2024-02-12 08:30:00,10582.788653840462,26.103345119682,2,0,0,8,30,10231.142290934,9960.753590620172,10758.658094107945
2024-02-12 08:45:00,10952.268189826693,26.609838063721885,2,0,0,8,45,10582.788653840462,10500.695819024902,11624.531746660956
2024-02-12 09:00:00,11272.14,27.088,2,0,0,9,0,10952.268189826693,11059.3,12297.82
2024-02-12 09:15:00,11492.572529144096,27.53456046951624,2,0,0,9,15,11272.14,11531.713768813212,12578.128814808562
2024-02-12 09:30:00,11634.171596748309,27.949800968952964,2,0,0,9,30,11492.572529144096,11890.670310281472,12541.16340314411
2024-02-12 09:45:00,11735.152365978363,28.33489098391321,2,0,0,9,45,11634.171596748309,12128.299196608992,12331.653789907605
2024-02-12 10:00:00,11833.73,28.691,2,0,0,10,0,11735.152365978363,12236.73,12094.33
2024-02-12 10:15:00,11956.741654989612,29.019984756133944,2,0,0,10,15,11833.73,12220.133014091783,11945.302471264791
2024-02-12 10:30:00,12085.512459166306,29.32645100450613,2,0,0,10,30,11956.741654989612,12130.841418253936,11886.203293315615
2024-02-12 10:45:00,12189.989533759845,29.61569175062525,2,0,0,10,45,12085.512459166306,12033.22911328912,11890.04496870863
2024-02-12 11:00:00,12240.12,29.893,2,0,0,11,0,12189.989533759845,11991.67,11929.84
2024-02-12 11:15:00,12216.682100897451,30.161922380947995,2,0,0,11,15,12240.12,12049.118081069646,11981.262706382262
2024-02-12 11:30:00,12143.778566586478,30.41902001302252,2,0,0,11,30,12216.682100897451,12162.847766702778,12030.63467359343
2024-02-12 11:45:00,12056.343248982264,30.659107638585787,2,0,0,11,45,12143.778566586478,12268.71356898452,12066.939304007885
2024-02-12 12:00:00,11989.31,30.877,2,0,0,12,0,12056.343248982264,12302.57,12079.16
2024-02-12 12:15:00,11966.491035170586,31.06765384507408,2,0,0,12,15,11989.31,12218.736536629627,12057.668109456152
2024-02-12 12:30:00,11967.21202448779,31.22659394340378,2,0,0,12,30,11966.491035170586,12045.392514934952,11998.386762310663
2024-02-12 12:45:00,11959.6770015611,31.3494870700316,2,0,0,12,45,11967.21202448779,11829.1822357728,11898.627034009844
2024-02-12 13:00:00,11912.09,31.431999999999995,2,0,0,13,0,11959.6770015611,11616.75,11755.7
2024-02-12 13:15:00,11807.425789670207,31.471399738755697,2,0,0,13,15,11912.09,11449.697334911838,11575.967355793124
2024-02-12 13:30:00,11687.742085462362,31.471354213362343,2,0,0,13,30,11807.425789670207,11349.454673557417,11401.993277163912
2024-02-12 13:45:00,11609.867338523336,31.43713158128782,2,0,0,13,45,11687.742085462362,11332.409675424284,11285.392559952748
2024-02-12 14:00:00,11630.63,31.374,2,0,0,14,0,11609.867338523336,11414.95,11277.78
2024-02-12 14:15:00,11775.349868648587,31.28474719990312,2,0,0,14,15,11630.63,11591.51912372302,11404.073404871357
2024-02-12 14:30:00,11943.312133662765,31.16223920314681,2,0,0,14,30,11775.349868648587,11768.783790835392,11582.40262903369
2024-02-12 14:45:00,12002.29333184556,30.99686160481711,2,0,0,14,45,11943.312133662765,11831.46656253007,11704.200538679175
2024-02-12 15:00:00,11820.07,30.779,2,0,0,15,0,12002.29333184556,11664.29,11660.9
2024-02-12 15:15:00,11323.764579485443,30.50229896163184,2,0,0,15,15,11820.07,11203.044295196089,11380.567930971456
2024-02-12 15:30:00,10677.883129886575,30.173438974050377,2,0,0,15,30,11323.764579485443,10587.79016310102,10937.807456701332
2024-02-12 15:45:00,10106.277615344425,29.80235949944373,2,0,0,15,45,10677.883129886575,10009.655949455444,10443.855754080543
2024-02-12 16:00:00,9832.8,29.399,2,0,0,16,0,10106.277615344425,9659.77,10009.95
2024-02-12 16:15:00,9996.97165715964,28.97260382856954,2,0,0,16,15,9832.8,9665.403695492638,9719.002527492825
2024-02-12 16:30:00,10400.991596790924,28.52962990065167,2,0,0,16,30,9996.97165715964,9898.40055676053,9540.626294160984
2024-02-12 16:45:00,10762.728238026746,28.075841022407968,2,0,0,16,45,10400.991596790924,10166.747139648158,9416.109413748649
2024-02-12 17:00:00,10800.05,27.617,2,0,0,17,0,10762.728238026746,10278.43,9286.74
2024-02-12 17:15:00,10326.849104375997,27.15889509909001,2,0,0,17,15,10800.05,10098.943266583365,9110.248052807248
2024-02-12 17:30:00,9541.112982949722,26.70741642334294,2,0,0,17,30,10326.849104375997,9723.811359856863,8910.13111665474
2024-02-12 17:45:00,8736.852870048586,26.268479535924403,2,0,0,17,45,9541.112982949722,9306.06627320193,8726.328622174864
2024-02-12 18:00:00,8208.08,25.848000000000003,2,0,0,18,0,8736.852870048586,8998.74,8598.78
2024-02-12 18:15:00,8163.45442533638,25.451315775070416,2,0,0,18,15,8208.08,8909.024331923902,8554.632605028186
2024-02-12 18:30:00,8470.231471410189,25.081454405976565,2,0,0,18,30,8163.45442533638,8960.750253812019,8569.865489220056
2024-02-12 18:45:00,8910.315281778905,24.74086583389444,2,0,0,18,45,8470.231471410189,9031.908548794128,8607.665628801897
2024-02-12 19:00:00,9265.61,24.432,2,0,0,19,0,8910.315281778905,9000.49,8631.22
2024-02-12 19:15:00,9370.753038028488,24.155638675628328,2,0,0,19,15,9265.61,8784.570968221029,8612.670120830013
2024-02-12 19:30:00,9271.314881409522,23.9058909527508,2,0,0,19,30,9370.753038028488,8462.570124895063,8559.975676465043
2024-02-12 19:45:00,9065.599284085798,23.67519775349787,2,0,0,19,45,9271.314881409522,8152.9917191215645,8490.050893867548
2024-02-12 20:00:00,8851.91,23.456,2,0,0,20,0,9065.599284085798,7974.34,8419.81
2024-02-12 20:15:00,8709.88670379967,23.243410772416272,2,0,0,20,15,8851.91,8007.786013941984,8363.544880401758
2024-02-12 20:30:00,8644.51275295172,23.04323178302024,2,0,0,20,30,8709.88670379967,8185.1679966077345,8325.058054919777
2024-02-12 20:45:00,8642.107425627912,22.86393690211409,2,0,0,20,45,8644.51275295172,8400.990980969618,8305.529701977906
2024-02-12 21:00:00,8688.99,22.714,2,0,0,21,0,8642.107425627912,8549.76,8306.14
2024-02-12 21:15:00,8764.88874052283,22.596936984706588,2,0,0,21,15,8688.99,8555.107319761035,8324.055045062953
2024-02-12 21:30:00,8823.167856783592,22.49643191516824,2,0,0,21,30,8764.88874052283,8457.174138674,8340.384603855851
2024-02-12 21:45:00,8810.600544652556,22.39121088804577,2,0,0,21,45,8823.167856783592,8325.228888249967,8332.224360720824
2024-02-12 22:00:00,8673.96,22.26,2,0,0,22,0,8810.600544652556,8228.54,8276.67
2024-02-12 22:15:00,8386.803802859005,22.08860691375737,2,0,0,22,15,8673.96,8215.698613263887,8160.439470596429
2024-02-12 22:30:00,8029.82706991391,21.89116555630681,2,0,0,22,30,8386.803802859005,8252.586698696272,8008.739779656819
2024-02-12 22:45:00,7710.509302011858,21.68889142070284,2,0,0,22,45,8029.82706991391,8284.408934780522,7856.400198888801
2024-02-12 23:00:00,7536.33,21.503,2,0,0,23,0,7710.509302011858,8256.37,7738.25
2024-02-12 23:15:00,7580.685891791144,21.34929161026392,2,0,0,23,15,7536.33,8131.764320933426,7680.577228801333
2024-02-12 23:30:00,7780.642613560766,21.221905859604536,2,0,0,23,30,7580.685891791144,7946.24531654092,7675.50502751687
2024-02-12 23:45:00,8039.183028550005,21.109567179142893,2,0,0,23,45,7780.642613560766,7753.556153877954,7706.615312473971
2024-02-13 00:00:00,8259.29,21.001,2,0,0,0,0,8039.183028550005,7607.44,7757.49
2024-02-13 00:15:00,8366.225754976418,20.88752352018696,2,0,0,0,15,8259.29,7546.674728002408,7813.073801698241
2024-02-13 00:30:00,8374.369975843027,20.770836005275047,2,0,0,0,30,8366.225754976418,7550.177035140049,7863.7626102757
2024-02-13 00:45:00,8320.381708788123,20.65523048772561,2,0,0,0,45,8374.369975843027,7581.898324707664,7901.315113715309
2024-02-13 01:00:00,8240.92,20.545,2,0,0,1,0,8320.381708788123,7605.79,7917.49
2024-02-13 01:15:00,8167.047650803185,20.443411183988264,2,0,0,1,15,8240.92,7596.132548306936,7906.3413144057
2024-02-13 01:30:00,8107.442483067126,20.34962511929529,2,0,0,1,30,8167.047650803185,7568.522792898883,7871.104531380326
2024-02-13 01:45:00,8065.186073797505,20.261776494954667,2,0,0,1,45,8107.442483067126,7548.886641041389,7817.31048266479
2024-02-13 02:00:00,8043.36,20.178,2,0,0,2,0,8065.186073797505,7563.15,7750.49
2024-02-13 02:15:00,8043.722235560842,20.09748799386,2,0,0,2,15,8043.36,7628.246953769846,7679.762034428955
2024-02-13 02:30:00,8062.736341888466,20.02366351754381,2,0,0,2,30,8043.722235560842,7725.144293264413,7628.59801420299
2024-02-13 02:45:00,8095.542277271857,19.96100728245572,2,0,0,2,45,8062.736341888466,7825.816986126775,7624.057486875532
2024-02-13 03:00:00,8137.28,19.914,2,0,0,3,0,8095.542277271857,7902.24,7693.2
2024-02-13 03:15:00,8181.654188203444,19.88516809057176,2,0,0,3,15,8137.28,7936.048699113676,7849.33148537848
2024-02-13 03:30:00,8216.628399379008,19.86922081052947,2,0,0,3,30,8181.654188203444,7947.520034043458,8050.743411807709
2024-02-13 03:45:00,8228.730910865066,19.858913125222447,2,0,0,3,45,8216.628399379008,7966.59135195151,8241.973632333082
2024-02-13 04:00:00,8204.49,19.847,2,0,0,4,0,8228.730910865066,8023.2,8367.56
2024-02-13 04:15:00,8142.871167875376,19.828964643852974,2,0,0,4,15,8204.49,8137.252468525446,8388.693117807123
2024-02-13 04:30:00,8092.588810595503,19.81120324033832,2,0,0,4,30,8142.871167875376,8288.531820561755,8333.174588566171
2024-02-13 04:45:00,8114.794548017878,19.8028402166545,2,0,0,4,45,8092.588810595503,8446.790262317189,8245.458765042136
2024-02-13 05:00:00,8270.64,19.813,2,0,0,5,0,8114.794548017878,8581.78,8170.0
2024-02-13 05:15:00,8590.228327795052,19.85252020901634,2,0,0,5,15,8270.64,8673.64892678454,8148.492137143029
2024-02-13 05:30:00,8979.468858238979,19.93909122811727,2,0,0,5,30,8590.228327795052,8744.127683709523,8211.586983927602
2024-02-13 05:45:00,9313.222459563416,20.09211663315956,2,0,0,5,45,8979.468858238979,8825.342598779742,8387.175838748373
2024-02-13 06:00:00,9466.35,20.331,2,0,0,6,0,9313.222459563416,8949.42,8703.15
2024-02-13 06:15:00,9363.282395944418,20.67018889508165,2,0,0,6,15,9466.35,9135.732605586389,9167.708333620758
2024-02-13 06:30:00,9126.730756448582,21.10430684719261,2,0,0,6,30,9363.282395944418,9352.638694600158,9710.27997572342
2024-02-13 06:45:00,8928.976238728452,21.623021375707275,2,0,0,6,45,9126.730756448582,9555.742936313847,10240.601629964369
2024-02-13 07:00:00,8942.3,22.216,2,0,0,7,0,8928.976238728452,9700.65,10668.41
2024-02-13 07:15:00,9283.686932177276,22.86986483565705,2,0,0,7,15,8942.3,9761.001588369903,10926.721559623931
2024-02-13 07:30:00,9848.9368659667,23.559056383112274,2,0,0,7,30,9283.686932177276,9782.587537889844,11041.671863178724
2024-02-13 07:45:00,10478.553366772772,24.25496973901135,2,0,0,7,45,9848.9368659667,9829.234718464864,11062.67623514415
2024-02-13 08:00:00,11013.04,24.929,2,0,0,8,0,10478.553366772772,9964.77,11039.15
2024-02-13 08:15:00,11332.506437846476,25.557804887290107,2,0,0,8,15,11013.04,10231.142290934,11018.038865383509
2024-02-13 08:30:00,11475.486779684628,26.139092620358284,2,0,0,8,30,11332.506437846476,10582.788653840462,11036.41007156169
2024-02-13 08:45:00,11520.12123168046,26.67583404324732,2,0,0,8,45,11475.486779684628,10952.268189826693,11128.861241959032
2024-02-13 09:00:00,11544.55,27.171,2,0,0,9,0,11520.12123168046,11272.14,11329.99
2024-02-13 09:15:00,11610.84137893682,27.62822811518251,2,0,0,9,15,11544.55,11492.572529144096,11654.141103842045
2024-02-13 09:30:00,11716.776015294798,28.053823135454586,2,0,0,9,30,11610.84137893682,11634.171596748309,12034.64785057451
2024-02-13 09:45:00,11844.062644005377,28.454756587999373,2,0,0,9,45,11716.776015294798,11735.152365978363,12384.590672019722
2024-02-13 10:00:00,11974.41,28.838,2,0,0,10,0,11844.062644005377,11833.73,12617.05
2024-02-13 10:15:00,12090.59914015624,29.209095151979867,2,0,0,10,15,11974.41,11956.741654989612,12672.352031748314
2024-02-13 10:30:00,12179.700409136176,29.567864837823382,2,0,0,10,30,12090.59914015624,12085.512459166306,12599.80602614026
2024-02-13 10:45:00,12229.856473548029,29.91270210475521,2,0,0,10,45,12179.700409136176,12189.989533759845,12475.967007462074
2024-02-13 11:00:00,12229.21,30.242,2,0,0,11,0,12229.856473548029,12240.12,12377.39
2024-02-13 11:15:00,12173.22737293822,30.55345377689802,2,0,0,11,15,12229.21,12216.682100897451,12359.312956664688
2024-02-13 11:30:00,12086.669848160493,30.841967513251884,2,0,0,11,30,12173.22737293822,12143.778566586478,12391.705544864442
2024-02-13 11:45:00,12001.622399302512,31.101747492979808,2,0,0,11,45,12086.669848160493,12056.343248982264,12423.220360631974
2024-02-13 12:00:00,11950.17,31.327,2,0,0,12,0,12001.622399302512,11989.31,12402.51
2024-02-13 12:15:00,11952.708711840864,31.514167865428053,2,0,0,12,15,11950.17,11966.491035170586,12293.310672842928
2024-02-13 12:30:00,11982.878948221856,31.668640109169083,2,0,0,12,30,11952.708711840864,11967.21202448779,12119.693044401967
2024-02-13 12:45:00,12002.632210491918,31.79804229832557,2,0,0,12,45,11982.878948221856,11959.6770015611,11920.81139376002
2024-02-13 13:00:00,11973.92,31.91,2,0,0,13,0,12002.632210491918,11912.09,11735.82
2024-02-13 13:15:00,11874.02871719831,32.00881226138975,2,0,0,13,15,11973.92,11807.425789670207,11597.682164463598
2024-02-13 13:30:00,11741.58435895208,32.085472050071786,2,0,0,13,30,11874.02871719831,11687.742085462362,11514.597277527688
2024-02-13 13:45:00,11630.547821229817,32.12764581371792,2,0,0,13,45,11741.58435895208,11609.867338523336,11488.573751827931
2024-02-13 14:00:00,11594.88,32.123,2,0,0,14,0,11630.547821229817,11630.63,11521.62
2024-02-13 14:15:00,11668.156419365896,32.06170808901291,2,0,0,14,15,11594.88,11775.349868648587,11605.770513052685
2024-02-13 14:30:00,11802.411115969817,31.943971690543773,2,0,0,14,30,11668.156419365896,11943.312133662765,11693.164095487286
2024-02-13 14:45:00,11929.292754588829,31.77249944680274,2,0,0,14,45,11802.411115969817,12002.29333184556,11725.965630178243
2024-02-13 15:00:00,11980.45,31.55,2,0,0,15,0,11929.292754588829,11820.07,11646.34
2024-02-13 15:15:00,11908.057480338106,31.279667882558588,2,0,0,15,15,11980.45,11323.764579485443,11416.949064575674
2024-02-13 15:30:00,11746.393677168664,30.96664118775312,2,0,0,15,30,11908.057480338106,10677.883129886575,11082.442590523173
2024-02-13 15:45:00,11550.26303541489,30.616543899071093,2,0,0,15,45,11746.393677168664,10106.277615344425,10707.967321209084
2024-02-13 16:00:00,11374.47,30.235000000000003,2,0,0,16,0,11550.26303541489,9832.8,10358.67
2024-02-13 16:15:00,11252.433659281684,29.82657350575274,2,0,0,16,15,11374.47,9996.97165715964,10085.043697394618
2024-02-13 16:30:00,11132.031675355534,29.39158855844376,2,0,0,16,30,11252.433659281684,10400.991596790924,9878.966792420024
2024-02-13 16:45:00,10939.756353751616,28.929309331912894,2,0,0,16,45,11132.031675355534,10762.728238026746,9717.66399123542
2024-02-13 17:00:00,10602.1,28.439,2,0,0,17,0,10939.756353751616,10800.05,9578.36
2024-02-13 17:15:00,10079.55225753516,27.924694344430467,2,0,0,17,15,10602.1,10326.849104375997,9443.139739595865
2024-02-13 17:30:00,9468.592121409203,27.40950457847187,2,0,0,17,30,10079.55225753516,9541.112982949722,9313.528989796729
2024-02-13 17:45:00,8899.695924578646,26.921312523277344,2,0,0,17,45,9468.592121409203,8736.852870048586,9195.913745099231
2024-02-13 18:00:00,8503.34,26.488000000000003,2,0,0,18,0,8899.695924578646,8208.08,9096.68
2024-02-13 18:15:00,8370.01871682768,26.1286803665254,2,0,0,18,15,8503.34,8163.45442533638,9020.031719221935
2024-02-13 18:30:00,8430.29858900766,25.827393127668763,2,0,0,18,30,8370.01871682768,8470.231471410189,8961.444748393058
2024-02-13 18:45:00,8574.76416668381,25.559409324977747,2,0,0,18,45,8430.29858900766,8910.315281778905,8914.212903367648
2024-02-13 19:00:00,8694.0,25.3,2,0,0,19,0,8574.76416668381,9265.61,8871.63
2024-02-13 19:15:00,8705.190218904123,25.03042793946795,2,0,0,19,15,8694.0,9370.753038028488,8828.229633516383
2024-02-13 19:30:00,8631.91727256016,24.75592291085309,2,0,0,19,30,8705.190218904123,9271.314881409522,8783.504516631032
2024-02-13 19:45:00,8524.363189936119,24.487706426811684,2,0,0,19,45,8631.91727256016,9065.599284085798,8738.187141430166
2024-02-13 20:00:00,8432.71,24.237,2,0,0,20,0,8524.363189936119,8851.91,8693.01
2024-02-13 20:15:00,8393.288845055828,24.0117172506028,2,0,0,20,15,8432.71,8709.88670379967,8648.200684212525
2024-02-13 20:30:00,8387.027320751695,23.80654022891888,2,0,0,20,30,8393.288845055828,8644.51275295172,8601.967185082809
2024-02-13 20:45:00,8381.002136071716,23.61284309277552,2,0,0,20,45,8387.027320751695,8642.107425627912,8552.012593411686
2024-02-13 21:00:00,8342.29,23.422,2,0,0,21,0,8381.002136071716,8688.99,8496.04
2024-02-13 21:15:00,8250.270025872569,23.22748430812084,2,0,0,21,15,8342.29,8764.88874052283,8432.428567133518
2024-02-13 21:30:00,8133.53094443306,23.03116617347139,2,0,0,21,30,8250.270025872569,8823.167856783592,8362.261743037738
2024-02-13 21:45:00,8032.963890777021,22.83701495208625,2,0,0,21,45,8133.53094443306,8810.600544652556,8287.299047423088
2024-02-13 22:00:00,7989.46,22.649,2,0,0,22,0,8032.963890777021,8673.96,8209.3
2024-02-13 22:15:00,8028.072145203901,22.470111141913858,2,0,0,22,15,7989.46,8386.803802859005,8130.612703503403
2024-02-13 22:30:00,8110.500151516069,22.299420077195563,2,0,0,22,30,8028.072145203901,8029.82706991391,8055.939592766242
2024-02-13 22:45:00,8182.605582070201,22.13501897387949,2,0,0,22,45,8110.500151516069,7710.509302011858,7990.571685645959
2024-02-13 23:00:00,8190.25,21.975,2,0,0,23,0,8182.605582070201,7536.33,7939.8
2024-02-13 23:15:00,8096.549518311823,21.817696124223733,2,0,0,23,15,8190.25,7580.685891791144,7909.630775102866
2024-02-13 23:30:00,7933.638449502664,21.66240351774636,2,0,0,23,30,8096.549518311823,7780.642613560766,7908.931135897295
2024-02-13 23:45:00,7750.905655942172,21.5086591523958,2,0,0,23,45,7933.638449502664,8039.183028550005,7947.283428743074
2024-02-14 00:00:00,7597.74,21.356,2,0,0,0,0,7750.905655942172,8259.29,8034.27
2024-02-14 00:15:00,7512.448062798805,21.204823111191214,2,0,0,0,15,7597.74,8366.225754976418,8170.083258585129
2024-02-14 00:30:00,7489.007300473276,21.05896585181901,2,0,0,0,30,7512.448062798805,8374.369975843027,8317.355863644581
2024-02-14 00:45:00,7510.312887911109,20.923125666537302,2,0,0,0,45,7489.007300473276,8320.381708788123,8429.330536881744
2024-02-14 01:00:00,7559.26,20.802,2,0,0,1,0,7510.312887911109,8240.92,8459.25
2024-02-14 01:15:00,7621.252761742957,20.69857393101142,2,0,0,1,15,7559.26,8167.047650803185,8376.854940556614
2024-02-14 01:30:00,7691.731098604233,20.608983074977587,2,0,0,1,30,7621.252761742957,8107.442483067126,8217.877909524377
2024-02-14 01:45:00,7768.643886163392,20.527650681454965,2,0,0,1,45,7691.731098604233,8065.186073797505,8034.54942372995
2024-02-14 02:00:00,7849.94,20.449,2,0,0,2,0,7768.643886163392,8043.36,7879.1
2024-02-14 02:15:00,7932.678077729367,20.36959991476312,2,0,0,2,15,7849.94,8043.722235560842,7791.80104168841
2024-02-14 02:30:00,8010.355805109794,20.29460184827063,2,0,0,2,30,7932.678077729367,8062.736341888466,7765.087498257914
2024-02-14 02:45:00,8075.580629935323,20.23130285764283,2,0,0,2,45,8010.355805109794,8095.542277271857,7779.435205698462
2024-02-14 03:00:00,8120.96,20.187,2,0,0,3,0,8075.580629935323,8137.28,7815.32
2024-02-14 03:15:00,8142.868052339572,20.162995159936123,2,0,0,3,15,8120.96,8181.654188203444,7856.439486439744
2024-02-14 03:30:00,8152.745680956594,20.136609531939897,2,0,0,3,30,8142.868052339572,8216.628399379008,7899.378347443966
2024-02-14 03:45:00,8165.8004690953185,20.079169137973725,2,0,0,3,45,8152.745680956594,8228.730910865066,7943.943034726207
2024-02-14 04:00:00,8197.24,19.962,2,0,0,4,0,8165.8004690953185,8204.49,7989.94
2024-02-14 04:15:00,8259.092837912342,19.7789350704924,2,0,0,4,15,8197.24,8142.871167875376,8040.260700052611
2024-02-14 04:30:00,8350.671471063832,19.613835023969784,2,0,0,4,30,8259.092837912342,8092.588810595503,8110.136611966215
2024-02-14 04:45:00,8468.109368683405,19.57306746546227,2,0,0,4,45,8350.671471063832,8114.794548017878,8217.884217896712
2024-02-14 05:00:00,8607.54,19.763,2,0,0,5,0,8468.109368683405,8270.64,8381.82
2024-02-14 05:15:00,8764.740283511062,20.246170808094263,2,0,0,5,15,8607.54,8590.228327795052,8609.949275849807
2024-02-14 05:30:00,8934.060934788082,20.90980037218097,2,0,0,5,30,8764.740283511062,8979.468858238979,8869.032704691168
2024-02-14 05:45:00,9109.49611867106,21.59727975017719,2,0,0,5,45,8934.060934788082,9313.222459563416,9115.519781186944
2024-02-14 06:00:00,9285.04,22.152,2,0,0,6,0,9109.49611867106,9466.35,9305.86
2024-02-14 06:15:00,9453.713684293414,22.462178572130547,2,0,0,6,15,9285.04,9363.282395944418,9412.76938404816
2024-02-14 06:30:00,9604.646039783847,22.59533848730633,2,0,0,6,30,9453.713684293414,9126.730756448582,9474.030069269114
2024-02-14 06:45:00,9725.99287538236,22.66382915882896,2,0,0,6,45,9604.646039783847,8928.976238728452,9543.69071985551
2024-02-14 07:00:00,9805.91,22.78,2,0,0,7,0,9725.99287538236,8942.3,9675.8
2024-02-14 07:15:00,9841.503729315282,23.03211490338355,2,0,0,7,15,9805.91,9283.686932177276,9911.104281707549
2024-02-14 07:30:00,9865.682406076528,23.41209567859369,2,0,0,7,30,9841.503729315282,9848.9368659667,10237.140768232375
2024-02-14 07:45:00,9920.304879799503,23.887778614506985,2,0,0,7,45,9865.682406076528,10478.553366772772,10628.144370641015
2024-02-14 08:00:00,10047.23,24.427,2,0,0,8,0,9920.304879799503,11013.04,11058.35
2024-02-14 08:15:00,10273.16296094546,25.00043993933524,2,0,0,8,15,10047.23,11332.506437846476,11499.284426621643
2024-02-14 08:30:00,10564.19433591005,25.59015379831889,2,0,0,8,30,10273.16296094546,11475.486779684628,11911.641857801384
2024-02-14 08:45:00,10871.261042919614,26.18104075814311,2,0,0,8,45,10564.19433591005,11520.12123168046,12253.40836008043
2024-02-14 09:00:00,11145.3,26.758,2,0,0,9,0,10871.261042919614,11544.55,12482.57
2024-02-14 09:15:00,11342.90505190288,27.30950033927549,2,0,0,9,15,11145.3,11610.84137893682,12570.253324305872
2024-02-14 09:30:00,11443.297750283276,27.838289128130715,2,0,0,9,30,11342.90505190288,11716.776015294798,12540.146800562092
2024-02-14 09:45:00,11431.35657352203,28.350683352920576,2,0,0,9,45,11443.297750283276,11844.062644005377,12429.079376537264
2024-02-14 10:00:00,11291.96,28.853,2,0,0,10,0,11431.35657352203,11974.41,12273.88
2024-02-14 10:15:00,11025.802300193014,29.348214953562792,2,0,0,10,15,11291.96,12090.59914015624,12109.776338654863
2024-02-14 10:30:00,10696.840912956846,29.82593968915825,2,0,0,10,30,11025.802300193014,12179.700409136176,11965.590939950254
2024-02-14 10:45:00,10384.849069242257,30.2724445801746,2,0,0,10,45,10696.840912956846,12229.856473548029,11868.545071270515
2024-02-14 11:00:00,10169.6,30.674,2,0,0,11,0,10384.849069242257,12229.21,11845.86
2024-02-14 11:15:00,10112.443091075063,31.02004609647335,2,0,0,11,15,10169.6,12173.22737293822,11911.472258574666
2024-02-14 11:30:00,10201.032347889335,31.31270211523628,2,0,0,11,30,10112.443091075063,12086.669848160493,12026.179439636897
2024-02-14 11:45:00,10404.597930758944,31.557257076381056,2,0,0,11,45,10201.032347889335,12001.622399302512,12137.494400880678
2024-02-14 12:00:00,10692.37,31.759,2,0,0,12,0,10404.597930758944,11950.17,12192.93
2024-02-14 12:15:00,11029.578773006737,31.9230694105438,2,0,0,12,15,10692.37,11952.708711840864,12155.796970796471
2024-02-14 12:30:00,11365.4546954858,32.05400184989664,2,0,0,12,30,11029.578773006737,11982.878948221856,12052.597551502167
2024-02-14 12:45:00,11645.228270221967,32.156183364301185,2,0,0,12,45,11365.4546954858,12002.632210491918,11925.63185645678
2024-02-14 13:00:00,11814.13,32.234,2,0,0,13,0,11645.228270221967,11973.92,11817.2
2024-02-14 13:15:00,11835.715410648005,32.29083251135148,2,0,0,13,15,11814.13,11874.02871719831,11759.03079573945
2024-02-14 13:30:00,11746.840120167455,32.326040485177124,2,0,0,13,30,11835.715410648005,11741.58435895208,11740.567854354438
2024-02-14 13:45:00,11602.68476960318,32.337978216414214,2,0,0,13,45,11746.840120167455,11630.547821229817,11740.68348579221
2024-02-14 14:00:00,11458.43,32.325,2,0,0,14,0,11602.68476960318,11594.88,11738.25
2024-02-14 14:15:00,11360.826459401256,32.28413179405029,2,0,0,14,15,11458.43,11668.156419365896,11713.713439995736
2024-02-14 14:30:00,11322.904823844374,32.207086209394845,2,0,0,14,30,11360.826459401256,11802.411115969817,11653.814781080078
2024-02-14 14:45:00,11349.265776365306,32.084247520041984,2,0,0,14,45,11322.904823844374,11929.292754588829,11546.868731624383
2024-02-14 15:00:00,11444.51,31.906,2,0,0,15,0,11349.265776365306,11980.45,11381.19
2024-02-14 15:15:00,11607.19031424698,31.665718437447385,2,0,0,15,15,11444.51,11908.057480338106,11151.598725527612
2024-02-14 15:30:00,11811.66808445505,31.36873967724349,2,0,0,15,30,11607.19031424698,11746.393677168664,10878.936771325249
2024-02-14 15:45:00,12026.256812435598,31.02339107841784,2,0,0,15,45,11811.66808445505,11550.26303541489,10590.551431460255
2024-02-14 16:00:00,12219.27,30.638,2,0,0,16,0,12026.256812435598,11374.47,10313.79
2024-02-14 16:15:00,12354.55822111083,30.218947581160165,2,0,0,16,15,12219.27,11252.433659281684,10070.398532893816
2024-02-14 16:30:00,12378.120338335424,29.764830081631207,2,0,0,16,30,12354.55822111083,11132.031675355534,9859.71813361894
2024-02-14 16:45:00,12231.492286392302,29.27229754128664,2,0,0,16,45,12378.120338335424,10939.756353751616,9675.488667534595
2024-02-14 17:00:00,11856.21,28.738,2,0,0,17,0,12231.492286392302,10602.1,9511.45
2024-02-14 17:15:00,11230.2275825597,28.163459987911946,2,0,0,17,15,11856.21,10079.55225753516,9363.258392897134
2024-02-14 17:30:00,10477.171812203256,27.56968999623169,2,0,0,17,30,11230.2275825597,9468.592121409203,9234.235694198998
2024-02-14 17:45:00,9757.087635745183,26.9825750064356,2,0,0,17,45,10477.171812203256,8899.695924578646,9129.620148401367
2024-02-14 18:00:00,9230.02,26.428,2,0,0,18,0,9757.087635745183,8503.34,9054.65
2024-02-14 18:15:00,9006.322542400369,25.928509342192044,2,0,0,18,15,9230.02,8370.01871682768,9011.936801767655
2024-02-14 18:30:00,8997.583662851554,25.49328493344201,2,0,0,18,30,9006.322542400369,8430.29858900766,8993.585339585066
2024-02-14 18:45:00,9065.70045187696,25.12816805797097,2,0,0,18,45,8997.583662851554,8574.76416668381,8989.073707609941
2024-02-14 19:00:00,9072.57,24.839,2,0,0,19,0,9065.70045187696,8694.0,8987.88
2024-02-14 19:15:00,8919.853029088823,24.62347139331988,2,0,0,19,15,9072.57,8705.190218904123,8980.974712532232
2024-02-14 19:30:00,8668.264786390537,24.446670270000265,2,0,0,19,30,8919.853029088823,8631.91727256016,8965.297947460733
2024-02-14 19:45:00,8418.28415049698,24.265534011680515,2,0,0,19,45,8668.264786390537,8524.363189936119,8939.282208658866
2024-02-14 20:00:00,8270.39,24.037,2,0,0,20,0,8418.28415049698,8432.71,8901.36
2024-02-14 20:15:00,8295.804247494332,23.732417584528434,2,0,0,20,15,8270.39,8393.288845055828,8850.644504353413
2024-02-14 20:30:00,8448.720941586304,23.38078398655693,2,0,0,20,30,8295.804247494332,8387.027320751695,8788.971620572005
2024-02-14 20:45:00,8654.07716488512,23.025508395306964,2,0,0,20,45,8448.720941586304,8381.002136071716,8718.857926504597
2024-02-14 21:00:00,8836.81,22.71,2,0,0,21,0,8654.07716488512,8342.29,8642.82
2024-02-14 21:15:00,8938.042480933836,22.46534264356639,2,0,0,21,15,8836.81,8250.270025872569,8563.498520054123
2024-02-14 21:30:00,8963.641447264248,22.27331878377201,2,0,0,21,30,8938.042480933836,8133.53094443306,8484.030570251247
2024-02-14 21:45:00,8935.659689962537,22.103385532091632,2,0,0,21,45,8963.641447264248,8032.963890777021,8407.677335322747
2024-02-14 22:00:00,8876.15,21.925,2,0,0,22,0,8935.659689962537,7989.46,8337.7
2024-02-14 22:15:00,8802.259891270318,21.716196216206004,2,0,0,22,15,8876.15,8028.072145203901,8275.933290430097
2024-02-14 22:30:00,8711.515769356702,21.48931587835501,2,0,0,22,30,8802.259891270318,8110.500151516069,8218.506098423006
2024-02-14 22:45:00,8596.538762764732,21.26527760132652,2,0,0,22,45,8711.515769356702,8182.605582070201,8160.120857204411
2024-02-14 23:00:00,8449.95,21.065,2,0,0,23,0,8596.538762764732,8190.25,8095.48
2024-02-14 23:15:00,8269.911547734888,20.905309991609585,2,0,0,23,15,8449.95,8096.549518311823,8023.692224475489
2024-02-14 23:30:00,8076.749225308952,20.786667702807925,2,0,0,23,30,8269.911547734888,7933.638449502664,7961.491286056731
2024-02-14 23:45:00,7896.329790228539,20.705441562602303,2,0,0,23,45,8076.749225308952,7750.905655942172,7930.017204609607
2024-02-15 00:00:00,7754.52,20.658,2,0,0,0,0,7896.329790228539,7597.74,7950.41
2024-02-15 00:15:00,7671.243292790129,20.63798569235565,2,0,0,0,15,7754.52,7512.448062798805,8032.437342917942
2024-02-15 00:30:00,7642.649829407495,20.628138310413288,2,0,0,0,30,7671.243292790129,7489.007300473276,8140.377507350068
2024-02-15 00:45:00,7658.946451321115,20.60847177326428,2,0,0,0,45,7642.649829407495,7510.312887911109,8227.13641810716
2024-02-15 01:00:00,7710.34,20.559,2,0,0,1,0,7658.946451321115,7559.26,8245.62
2024-02-15 01:15:00,7786.151062354596,20.4664191139678,2,0,0,1,15,7710.34,7621.252761742957,8166.10418510274
2024-02-15 01:30:00,7872.155207061066,20.34415405553892,2,0,0,1,30,7786.151062354596,7691.731098604233,8028.344934542994
2024-02-15 01:45:00,7953.241748237004,20.212311969340583,2,0,0,1,45,7872.155207061066,7768.643886163392,7889.468216711753
2024-02-15 02:00:00,8014.3,20.091,2,0,0,2,0,7953.241748237004,7849.94,7806.6
2024-02-15 02:15:00,8044.059801541487,19.998009726773148,2,0,0,2,15,8014.3,7932.678077729367,7820.618885421102
2024-02-15 02:30:00,8046.613092348241,19.941870467431023,2,0,0,2,30,8044.059801541487,8010.355805109794,7907.414004477953
2024-02-15 02:45:00,8029.892336980874,19.92879597437339,2,0,0,2,45,8046.613092348241,8075.580629935323,8026.627121295827
2024-02-15 03:00:00,8001.83,19.965,2,0,0,3,0,8029.892336980874,8120.96,8137.9
2024-02-15 03:15:00,7973.800825229457,20.05168260393961,2,0,0,3,15,8001.83,8142.868052339572,8210.206835712852
2024-02-15 03:30:00,7970.948673545973,20.16998907473699,2,0,0,3,30,7973.800825229457,8152.745680956594,8249.85154754519
2024-02-15 03:45:00,8021.859685089504,20.296051008165865,2,0,0,3,45,7970.948673545973,8165.8004690953185,8272.470485604936
2024-02-15 04:00:00,8155.12,20.406,2,0,0,4,0,8021.859685089504,8197.24,8293.7
2024-02-15 04:15:00,8382.053460040685,20.48455673246839,2,0,0,4,15,8155.12,8259.092837912342,8330.149865477493
2024-02-15 04:30:00,8644.934713467863,20.55079823362102,2,0,0,4,30,8382.053460040685,8350.671471063832,8402.323555341283
2024-02-15 04:45:00,8868.77611016111,20.632390617963143,2,0,0,4,45,8644.934713467863,8468.109368683405,8531.697967534432
2024-02-15 05:00:00,8978.59,20.757,2,0,0,5,0,8868.77611016111,8607.54,8739.75
2024-02-15 05:15:00,8932.192990857802,20.94237171618684,2,0,0,5,15,8978.59,8764.740283511062,9034.031827377175
2024-02-15 05:30:00,8818.618722582567,21.16656799077893,2,0,0,5,30,8932.192990857802,8934.060934788082,9366.396731089677
2024-02-15 05:45:00,8759.705093016053,21.39773026998155,2,0,0,5,45,8818.618722582567,9109.49611867106,9674.773269257335
2024-02-15 06:00:00,8877.29,21.604,2,0,0,6,0,8759.705093016053,9285.04,9897.09
2024-02-15 06:15:00,9246.244889028112,21.76415952778428,2,0,0,6,15,8877.29,9453.713684293414,9989.337512513795
2024-02-15 06:30:00,9753.575396201864,21.89955480326328,2,0,0,6,30,9246.244889028112,9604.646039783847,9979.75452030001
2024-02-15 06:45:00,10239.320705274686,22.04217267711065,2,0,0,6,45,9753.575396201864,9725.99287538236,9914.641767936222
2024-02-15 07:00:00,10543.52,22.224,2,0,0,7,0,10239.320705274686,9805.91,9840.3
2024-02-15 07:15:00,10557.925109279757,22.472912047676065,2,0,0,7,15,10543.52,9841.503729315282,9802.040310067634
2024-02-15 07:30:00,10381.138442609978,22.800337796167945,2,0,0,7,30,10557.925109279757,9865.682406076528,9841.215187710275
2024-02-15 07:45:00,10163.47505463521,23.213594646575856,2,0,0,7,45,10381.138442609978,9920.304879799503,9998.187471497777
2024-02-15 08:00:00,10055.25,23.72,2,0,0,8,0,10163.47505463521,10047.23,10313.32
2024-02-15 08:15:00,10169.780611352868,24.31991103151148,2,0,0,8,15,10055.25,10273.16296094546,10800.092184715655
2024-02-15 08:30:00,10472.393333358226,24.98584401206493,2,0,0,8,30,10169.780611352868,10564.19433591005,11364.449728858886
2024-02-15 08:45:00,10891.416888684476,25.683354986585925,2,0,0,8,45,10472.393333358226,10871.261042919614,11885.45490857267
2024-02-15 09:00:00,11355.18,26.378,2,0,0,9,0,10891.416888684476,11145.3,12242.17
2024-02-15 09:15:00,11799.113226558778,27.04185007627804,2,0,0,9,15,11355.18,11342.90505190288,12350.90516981973
2024-02-15 09:30:00,12187.054473957116,27.67303615557232,2,0,0,9,30,11799.113226558778,11443.297750283276,12276.962146854185
2024-02-15 09:45:00,12489.943484376894,28.27620415708044,2,0,0,9,45,12187.054473957116,11431.35657352203,12122.890550461543
2024-02-15 10:00:00,12678.72,28.856,2,0,0,10,0,12489.943484376894,11291.96,11991.24
2024-02-15 10:15:00,12734.998669912018,29.41461053837636,2,0,0,10,15,12678.72,11025.802300193014,11960.650729755418
2024-02-15 10:30:00,12683.093770813315,29.9443863656458,2,0,0,10,30,12734.998669912018,10696.840912956846,12014.125433724384
2024-02-15 10:45:00,12557.994486307956,30.43521901009233,2,0,0,10,45,12683.093770813315,10384.849069242257,12110.757420831156
2024-02-15 11:00:00,12394.69,30.877,2,0,0,11,0,12557.994486307956,10169.6,12209.64
2024-02-15 11:15:00,12224.396000043149,31.262285895216525,2,0,0,11,15,12394.69,10112.443091075063,12276.99050490859
2024-02-15 11:30:00,12063.234192789623,31.594293381844505,2,0,0,11,30,12224.396000043149,10201.032347889335,12307.52236824828
2024-02-15 11:45:00,11923.55278914129,31.878904177550226,2,0,0,11,45,12063.234192789623,10404.597930758944,12303.073047463826
2024-02-15 12:00:00,11817.7,32.122,2,0,0,12,0,11923.55278914129,10692.37,12265.48
2024-02-15 12:15:00,11753.63732991539,32.32860525575754,2,0,0,12,15,11817.7,11029.578773006737,12198.446781860215
2024-02-15 12:30:00,11721.779458028184,32.5003151069762,2,0,0,12,30,11753.63732991539,11365.4546954858,12113.1413432825
2024-02-15 12:45:00,11708.15435712689,32.63786740470675,2,0,0,12,45,11721.779458028184,11645.228270221967,12022.597733063536
2024-02-15 13:00:00,11698.79,32.742,2,0,0,13,0,11708.15435712689,11814.13,11939.85
2024-02-15 13:15:00,11684.699992795297,32.813058706753324,2,0,0,13,15,11698.79,11835.715410648005,11873.92689890055
2024-02-15 13:30:00,11676.840475097635,32.8498211902507,2,0,0,13,30,11684.699992795297,11746.840120167455,11817.836008621724
2024-02-15 13:45:00,11691.15321985116,32.85067307862273,2,0,0,13,45,11676.840475097635,11602.68476960318,11760.579614032036
2024-02-15 14:00:00,11743.58,32.814,2,0,0,14,0,11691.15321985116,11458.43,11691.16
2024-02-15 14:15:00,11841.43957390343,32.737488042229145,2,0,0,14,15,11743.58,11360.826459401256,11598.866716287586
2024-02-15 14:30:00,11957.55864158127,32.61602513202099,2,0,0,14,30,11841.43957390343,11322.904823844374,11474.138372230604
2024-02-15 14:45:00,12056.140888468472,32.44379965580232,2,0,0,14,45,11957.55864158127,11349.265776365306,11307.70084205832
2024-02-15 15:00:00,12101.39,32.215,2,0,0,15,0,12056.140888468472,11444.51,11090.28
2024-02-15 15:15:00,12067.035774090984,31.92745787433007,2,0,0,15,15,12101.39,11607.19031424698,10819.600298449104
2024-02-15 15:30:00,11964.912458577282,31.593578281665383,2,0,0,15,30,12067.035774090984,11811.66808445505,10521.380502455855
2024-02-15 15:45:00,11816.380413774945,31.229409548168007,2,0,0,15,45,11964.912458577282,12026.256812435598,10228.337955234683
2024-02-15 16:00:00,11642.8,30.851000000000003,2,0,0,16,0,11816.380413774945,12219.27,9973.19
2024-02-15 16:15:00,11457.976860982635,30.466211710450576,2,0,0,16,15,11642.8,12354.55822111083,9778.650058666
2024-02-15 16:30:00,11245.497774109595,30.050161741317496,2,0,0,16,30,11457.976860982635,12378.120338335424,9627.415867945963
2024-02-15 16:45:00,10981.394800181755,29.569780901525668,2,0,0,16,45,11245.497774109595,12231.492286392302,9492.181243252944
2024-02-15 17:00:00,10641.7,28.992,2,0,0,17,0,10981.394800181755,11856.21,9345.64
2024-02-15 17:15:00,10216.918500728469,28.30319528386764,2,0,0,17,15,10641.7,11230.2275825597,9171.1743106369
2024-02-15 17:30:00,9755.447694984334,27.56752475306465,2,0,0,17,30,10216.918500728469,10477.171812203256,8994.91977576029
2024-02-15 17:45:00,9320.158041748033,26.86859184572933,2,0,0,17,45,9755.447694984334,9757.087635745183,8853.700353003536
2024-02-15 18:00:00,8973.92,26.29,2,0,0,18,0,9320.158041748033,9230.02,8784.34
2024-02-15 18:15:00,8762.843979853496,25.89080402907888,2,0,0,18,15,8973.92,9006.322542400369,8808.9339487864
2024-02-15 18:30:00,8666.000195953073,25.63186424642392,2,0,0,18,30,8762.843979853496,8997.583662851554,8890.662529012872
2024-02-15 18:45:00,8645.698814076115,25.449492340557,2,0,0,18,45,8666.000195953073,9065.70045187696,8977.977344732908
2024-02-15 19:00:00,8664.25,25.28,2,0,0,19,0,8645.698814076115,9072.57,9019.33
2024-02-15 19:15:00,8688.002611107553,25.07022922481686,2,0,0,19,15,8664.25,8919.853029088823,8977.5906754675
2024-02-15 19:30:00,8699.460271203374,24.80914326123969,2,0,0,19,30,8688.002611107553,8668.264786390537,8873.30385818822
2024-02-15 19:45:00,8685.165295697507,24.496235667042683,2,0,0,19,45,8699.460271203374,8418.28415049698,8741.432611814826
2024-02-15 20:00:00,8631.66,24.131,2,0,0,20,0,8685.165295697507,8270.39,8616.94
2024-02-15 20:15:00,8531.711669466295,23.71823219665369,2,0,0,20,15,8631.66,8295.804247494332,8526.8763180936
2024-02-15 20:30:00,8402.98746923343,23.28393770861732,2,0,0,20,30,8531.711669466295,8448.720941586304,8466.640788234257
2024-02-15 20:45:00,8269.379534383852,22.85942436627228,2,0,0,20,45,8402.98746923343,8654.07716488512,8423.719864257784
2024-02-15 21:00:00,8154.78,22.476,2,0,0,21,0,8269.379534383852,8836.81,8385.6
2024-02-15 21:15:00,8078.668054777271,22.157154488568345,2,0,0,21,15,8154.78,8938.042480933836,8341.855927158098
2024-02-15 21:30:00,8042.8711018629,21.89510590429102,2,0,0,21,30,8078.668054777271,8963.641447264248,8290.415488874756
2024-02-15 21:45:00,8044.803598017079,21.674254367868187,2,0,0,21,45,8042.8711018629,8935.659689962537,8231.29480615404
2024-02-15 22:00:00,8081.88,21.479,2,0,0,22,0,8044.803598017079,8876.15,8164.51
2024-02-15 22:15:00,8148.785017674621,21.295227974072915,2,0,0,22,15,8081.88,8802.259891270318,8091.510285774014
2024-02-15 22:30:00,8229.284373314968,21.114763674218587,2,0,0,22,30,8148.785017674621,8711.515769356702,8019.477256266718
2024-02-15 22:45:00,8304.414042297829,20.930917537254967,2,0,0,22,45,8229.284373314968,8596.538762764732,7957.025598626063
2024-02-15 23:00:00,8355.21,20.737,2,0,0,23,0,8304.414042297829,8449.95,7912.77
2024-02-15 23:15:00,8366.360624524244,20.531480490139984,2,0,0,23,15,8355.21,8269.911547734888,7893.017304745847
2024-02-15 23:30:00,8337.163904877229,20.33346439883461,2,0,0,23,30,8366.360624524244,8076.749225308952,7894.842986058376
2024-02-15 23:45:00,8270.5702327916,20.167216108111944,2,0,0,23,45,8337.163904877229,7896.329790228539,7913.014674341715
2024-02-16 00:00:00,8169.53,20.057,2,0,0,0,0,8270.5702327916,7754.52,7942.3
2024-02-16 00:15:00,8040.152796728404,20.01750631536714,2,0,0,0,15,8169.53,7671.243292790129,7976.781432742595
2024-02-16 00:30:00,7901.185007176114,20.025128730442933,2,0,0,0,30,8040.152796728404,7642.649829407495,8007.800799499782
2024-02-16 00:45:00,7774.532214035768,20.046686780297257,2,0,0,0,45,7901.185007176114,7658.946451321115,8026.01476650708
2024-02-16 01:00:00,7682.1,20.049,2,0,0,1,0,7774.532214035768,7710.34,8022.08
2024-02-16 01:15:00,7639.092094812144,20.00577549839145,2,0,0,1,15,7682.1,7786.151062354596,7991.136183033775
2024-02-16 01:30:00,7633.904816418314,19.91827067939365,2,0,0,1,30,7639.092094812144,7872.155207061066,7946.255065942495
2024-02-16 01:45:00,7648.232629815328,19.79463052069902,2,0,0,1,45,7633.904816418314,7953.241748237004,7904.991415879967
2024-02-16 02:00:00,7663.77,19.643,2,0,0,2,0,7648.232629815328,8014.3,7884.9
2024-02-16 02:15:00,7667.226792773025,19.472985441067028,2,0,0,2,15,7663.77,8044.059801541487,7897.490241372307
2024-02-16 02:30:00,7665.374477150628,19.300038551982464,2,0,0,2,30,7667.226792773025,8046.613092348241,7930.0901867302355
2024-02-16 02:45:00,7669.999922952918,19.141072386906675,2,0,0,2,45,7665.374477150628,8029.892336980874,7963.982538723048
2024-02-16 03:00:00,7692.89,19.013,2,0,0,3,0,7669.999922952918,8001.83,7980.45
2024-02-16 03:15:00,7742.506515345757,18.927688987340435,2,0,0,3,15,7692.89,7973.800825229457,7967.684101477
2024-02-16 03:30:00,7814.011024979172,18.87682511267649,2,0,0,3,30,7742.506515345757,7970.948673545973,7941.51168713656
2024-02-16 03:45:00,7899.240022123001,18.84704868167429,2,0,0,3,45,7814.011024979172,8021.859685089504,7924.668429227839
2024-02-16 04:00:00,7990.03,18.825,2,0,0,4,0,7899.240022123001,8155.12,7939.89
2024-02-16 04:15:00,8080.846677093945,18.802617984571228,2,0,0,4,15,7990.03,8382.053460040685,8003.675383969694
2024-02-16 04:30:00,8176.672672932683,18.793035997311588,2,0,0,4,30,8080.846677093945,8644.934713467863,8107.576814723528
2024-02-16 04:45:00,8285.119832305078,18.814686011396148,2,0,0,4,45,8176.672672932683,8868.77611016111,8236.909838115598
2024-02-16 05:00:00,8413.8,18.886,2,0,0,5,0,8285.119832305078,8978.59,8376.99
2024-02-16 05:15:00,8563.692245028462,19.019917199374632,2,0,0,5,15,8413.8,8932.192990857802,8515.165768894223
2024-02-16 05:30:00,8709.244533290093,19.20740589807716,2,0,0,5,30,8563.692245028462,8818.618722582567,8646.917303969327
2024-02-16 05:45:00,8818.27205490668,19.43394164774111,2,0,0,5,45,8709.244533290093,8759.705093016053,8769.757687059768
2024-02-16 06:00:00,8858.59,19.685,2,0,0,6,0,8818.27205490668,8877.29,8881.2
2024-02-16 06:15:00,8814.086999042209,19.952385092930232,2,0,0,6,15,8858.59,9246.244889028112,8979.645759203415
2024-02-16 06:30:00,8732.945443906938,20.25321541037976,2,0,0,6,30,8814.086999042209,9753.575396201864,9067.05021939916
2024-02-16 06:45:00,8679.421166818202,20.6109380226394,2,0,0,6,45,8732.945443906938,10239.320705274686,9146.257069895328
2024-02-16 07:00:00,8717.77,21.049,2,0,0,7,0,8679.421166818202,10543.52,9220.11
2024-02-16 07:15:00,8895.906321302711,21.58412055390443,2,0,0,7,15,8717.77,10557.925109279757,9296.38885054212
2024-02-16 07:30:00,9196.378691082153,22.206107460403803,2,0,0,7,30,8895.906321302711,10381.138442609978,9402.61806843403
2024-02-16 07:45:00,9585.394215320524,22.89804063670128,2,0,0,7,45,9196.378691082153,10163.47505463521,9571.258252108924
2024-02-16 08:00:00,10029.16,23.643000000000004,2,0,0,8,0,9585.394215320524,10055.25,9834.77
2024-02-16 08:15:00,10493.628809496957,24.42396081645204,2,0,0,8,15,10029.16,10169.780611352868,10208.343682378108
2024-02-16 08:30:00,10943.736041764449,25.223479748005023,2,0,0,8,30,10493.628809496957,10472.393333358226,10638.08875686472
2024-02-16 08:45:00,11344.162753149718,26.024008805555503,2,0,0,8,45,10943.736041764449,10891.416888684476,11052.844452918976
2024-02-16 09:00:00,11659.59,26.808,2,0,0,9,0,11344.162753149718,11355.18,11381.45
2024-02-16 09:15:00,11863.70125320947,27.560333055287416,2,0,0,9,15,11659.59,11799.113226558778,11572.687982445455
2024-02-16 09:30:00,11966.189641860055,28.27559854757609,2,0,0,9,30,11863.70125320947,12187.054473957116,11655.114404107091
2024-02-16 09:45:00,11985.75070958061,28.95081476607672,2,0,0,9,45,11966.189641860055,12489.943484376894,11677.22862371518
2024-02-16 10:00:00,11941.08,29.583,2,0,0,10,0,11985.75070958061,12678.72,11687.53
2024-02-16 10:15:00,11853.632740165163,30.169019462398293,2,0,0,10,15,11941.08,12734.998669912018,11726.210794090071
2024-02-16 10:30:00,11755.902890795338,30.705126061690603,2,0,0,10,30,11853.632740165163,12683.093770813315,11800.23487670692
2024-02-16 10:45:00,11683.144096027843,31.18741963013761,2,0,0,10,45,11755.902890795338,12557.994486307956,11908.259020970308
2024-02-16 11:00:00,11670.61,31.612,2,0,0,11,0,11683.144096027843,12394.69,12048.94
2024-02-16 11:15:00,11741.45216112988,31.976198470119407,2,0,0,11,15,11670.61,12224.396000043149,12215.351653694252
2024-02-16 11:30:00,11870.413794958591,32.28227220566148,2,0,0,11,30,11741.45216112988,12063.234192789623,12378.236089065236
2024-02-16 11:45:00,12020.136031308011,32.5337098383728,2,0,0,11,45,11870.413794958591,11923.55278914129,12502.7524799036
2024-02-16 12:00:00,12153.26,32.733999999999995,2,0,0,12,0,12020.136031308011,11817.7,12554.06
2024-02-16 12:15:00,12239.299552815322,32.88726478212405,2,0,0,12,15,12153.26,11753.63732991539,12509.158059882911
2024-02-16 12:30:00,12275.259429370291,33.00016011566347,2,0,0,12,30,12239.299552815322,11721.779458028184,12392.407017032136
2024-02-16 12:45:00,12265.01709124012,33.079975391371164,2,0,0,12,45,12275.259429370291,11708.15435712689,12240.007465665289
2024-02-16 13:00:00,12212.45,33.134,2,0,0,13,0,12265.01709124012,11698.79,12088.16
2024-02-16 13:15:00,12124.665565108831,33.16788302638438,2,0,0,13,15,12212.45,11684.699992795297,11966.10095052409
2024-02-16 13:30:00,12021.690987560232,33.18071233168461,2,0,0,13,30,12124.665565108831,11676.840475097635,11875.209592806215
2024-02-16 13:45:00,11926.783416231525,33.16993547114255,2,0,0,13,45,12021.690987560232,11691.15321985116,11809.900938685236
2024-02-16 14:00:00,11863.2,33.133,2,0,0,14,0,11926.783416231525,11743.58,11764.59
2024-02-16 14:15:00,11847.58381174936,33.06654686233847,2,0,0,14,15,11863.2,11841.43957390343,11733.52032552072
2024-02-16 14:30:00,11870.121620388774,32.96399055759808,2,0,0,14,30,11847.58381174936,11957.55864158127,11710.249611742993
2024-02-16 14:45:00,11914.386118833803,32.817938974058656,2,0,0,14,45,11870.121620388774,12056.140888468472,11688.16409209377
2024-02-16 15:00:00,11963.95,32.620999999999995,2,0,0,15,0,11914.386118833803,12101.39,11660.65
2024-02-16 15:15:00,12000.519812893745,32.36832014926177,2,0,0,15,15,11963.95,12067.035774090984,11621.639309893028
2024-02-16 15:30:00,11998.337530884675,32.06520043792306,2,0,0,15,30,12000.519812893745,11964.912458577282,11567.246960221804
2024-02-16 15:45:00,11929.77898343327,31.71948050762282,2,0,0,15,45,11998.337530884675,11816.380413774945,11494.133630439675
2024-02-16 16:00:00,11767.22,31.339,2,0,0,16,0,11929.77898343327,11642.8,11398.96
2024-02-16 16:15:00,11492.817405425676,30.928516290614443,2,0,0,16,15,11767.22,11457.976860982635,11273.722747407168
2024-02-16 16:30:00,11127.852006072524,30.480457690709656,2,0,0,16,30,11492.817405425676,11245.497774109595,11091.762547369788
2024-02-16 16:45:00,10703.385603683108,29.98417024545004,2,0,0,16,45,11127.852006072524,10981.394800181755,10821.756073647512
2024-02-16 17:00:00,10250.48,29.429,2,0,0,17,0,10703.385603683108,10641.7,10432.38
2024-02-16 17:15:00,9800.58994040355,28.813770938280445,2,0,0,17,15,10250.48,10216.918500728469,9916.654075478296
2024-02-16 17:30:00,9386.741944825228,28.175218799238312,2,0,0,17,30,9800.58994040355,9755.447694984334,9364.97035029904
2024-02-16 17:45:00,9042.355476834296,27.559557260577016,2,0,0,17,45,9386.741944825228,9320.158041748033,8892.063949970267
2024-02-16 18:00:00,8800.85,27.013,2,0,0,18,0,9042.355476834296,8973.92,8612.67
2024-02-16 18:15:00,8681.079707960127,26.56654058126377,2,0,0,18,15,8800.85,8762.843979853496,8601.715794429643
2024-02-16 18:30:00,8643.63771462656,26.19029211233711,2,0,0,18,30,8681.079707960127,8666.000195953073,8774.897301434044
2024-02-16 18:45:00,8634.551863979712,25.8391475872419,2,0,0,18,45,8643.63771462656,8645.698814076115,9008.102657721423
2024-02-16 19:00:00,8599.85,25.468,2,0,0,19,0,8634.551863979712,8664.25,9177.22
2024-02-16 19:15:00,8503.299977755947,25.046316736664483,2,0,0,19,15,8599.85,8688.002611107553,9189.789621803136
2024-02-16 19:30:00,8379.629696668535,24.60186275141324,2,0,0,19,30,8503.299977755947,8699.460271203374,9079.96044396478
2024-02-16 19:45:00,8281.307067246853,24.176977390455384,2,0,0,19,45,8379.629696668535,8685.165295697507,8913.533544144037
2024-02-16 20:00:00,8260.8,23.814,2,0,0,20,0,8281.307067246853,8631.66,8756.31
2024-02-16 20:15:00,8349.486787266085,23.541645597078304,2,0,0,20,15,8260.8,8531.711669466295,8659.204937107817
2024-02-16 20:30:00,8494.387248699304,23.33413188200992,2,0,0,20,30,8349.486787266085,8402.98746923343,8613.58967270683
2024-02-16 20:45:00,8621.431585782871,23.15205222593657,2,0,0,20,45,8494.387248699304,8269.379534383852,8595.94957195243
2024-02-16 21:00:00,8656.55,22.956,2,0,0,21,0,8621.431585782871,8154.78,8582.77
2024-02-16 21:15:00,8550.834748179706,22.716757125022312,2,0,0,21,15,8656.55,8078.668054777271,8554.159692265594
2024-02-16 21:30:00,8356.02630853424,22.4458597205471,2,0,0,21,30,8550.834748179706,8042.8711018629,8504.720865207895
2024-02-16 21:45:00,8149.027214621654,22.16503245579834,2,0,0,21,45,8356.02630853424,8044.803598017079,8432.679105546247
2024-02-16 22:00:00,8006.74,21.896,2,0,0,22,0,8149.027214621654,8081.88,8336.26
2024-02-16 22:15:00,7983.344220015085,21.65793527783245,2,0,0,22,15,8006.74,8148.785017674621,8217.00832507981
2024-02-16 22:30:00,8042.127517163729,21.45980423580167,2,0,0,22,30,7983.344220015085,8229.284373314968,8089.745616461596
2024-02-16 22:45:00,8123.654555730509,21.30802107587006,2,0,0,22,45,8042.127517163729,8304.414042297829,7972.612599612584
2024-02-16 23:00:00,8168.49,21.209,2,0,0,23,0,8123.654555730509,8355.21,7883.75
2024-02-16 23:15:00,8133.9769655099535,21.161423638647893,2,0,0,23,15,8168.49,8366.360624524244,7835.929507415161
2024-02-16 23:30:00,8044.57237281084,21.1330483362462,2,0,0,23,30,8133.9769655099535,8337.163904877229,7820.446668945722
2024-02-16 23:45:00,7941.511593706306,21.08389886572141,2,0,0,23,45,8044.57237281084,8270.5702327916,7823.227996003421
2024-02-17 00:00:00,7866.03,20.974,2,0,1,0,0,7941.511593706306,8169.53,7830.2
2024-02-17 00:15:00,7848.214792945098,20.77826079257598,2,0,1,0,15,7866.03,8040.152796728404,7830.107864009541
2024-02-17 00:30:00,7873.560491592907,20.53112741921352,2,0,1,0,30,7848.214792945098,7901.185007176114,7822.971457755513
2024-02-17 00:45:00,7916.413444444263,20.281930336244287,2,0,1,0,45,7873.560491592907,7774.532214035768,7811.629322623729
2024-02-17 01:00:00,7951.12,20.08,2,0,1,1,0,7916.413444444263,7682.1,7798.92
2024-02-17 01:15:00,7957.74480020965,19.958658191048173,2,0,1,1,15,7951.12,7639.092094812144,7787.471536546673
2024-02-17 01:30:00,7939.225660817528,19.88719198689973,2,0,1,1,30,7957.74480020965,7633.904816418314,7779.070000032222
2024-02-17 01:45:00,7904.218691016641,19.818879789301416,2,0,1,1,45,7939.225660817528,7648.232629815328,7775.290963501661
2024-02-17 02:00:00,7861.38,19.707,2,0,1,2,0,7904.218691016641,7663.77,7777.71
2024-02-17 02:15:00,7819.566318716299,19.52180956823132,2,0,1,2,15,7861.38,7667.226792773025,7786.73067730377
2024-02-17 02:30:00,7788.436865136981,19.30147963318757,2,0,1,2,30,7819.566318716299,7665.374477150628,7798.068542115598
2024-02-17 02:45:00,7777.8514789891715,19.10115988155004,2,0,1,2,45,7788.436865136981,7669.999922952918,7806.267135869624
2024-02-17 03:00:00,7797.67,18.976,2,0,1,3,0,7777.8514789891715,7692.89,7805.87
2024-02-17 03:15:00,7853.020706175151,18.961259786026545,2,0,1,3,15,7797.67,7742.506515345757,7795.539035488244
2024-02-17 03:30:00,7930.105628634546,19.01263948034999,2,0,1,3,30,7853.020706175151,7814.011024979172,7790.409581505389
2024-02-17 03:45:00,8010.395236776669,19.065949434498435,2,0,1,3,45,7930.105628634546,7899.240022123001,7809.735336769839
2024-02-17 04:00:00,8075.36,19.057,2,0,1,4,0,8010.395236776669,7990.03,7872.77
2024-02-17 04:15:00,8114.898512833098,18.95077628766249,2,0,1,4,15,8075.36,8080.846677093945,7992.35802449325
2024-02-17 04:30:00,8152.621870324831,18.82896244541247,2,0,1,4,30,8114.898512833098,8176.672672932683,8155.706881862848
2024-02-17 04:45:00,8220.56929265415,18.80241738045622,2,0,1,4,45,8152.621870324831,8285.119832305078,8343.614798301021
2024-02-17 05:00:00,8350.78,18.982,2,0,1,5,0,8220.56929265415,8413.8,8536.88
2024-02-17 05:15:00,8559.781961242461,19.436931938323504,2,0,1,5,15,8350.78,8563.692245028462,8717.089179038754
2024-02-17 05:30:00,8802.058140066127,20.069885738000124,2,0,1,5,30,8559.781961242461,8709.244533290093,8868.982891043219
2024-02-17 05:45:00,9016.58024885673,20.741896668676684,2,0,1,5,45,8802.058140066127,8818.27205490668,8978.090157526078
2024-02-17 06:00:00,9142.32,21.314,2,0,1,6,0,9016.58024885673,8858.59,9029.94
2024-02-17 06:15:00,9139.328954697066,21.685074084043496,2,0,1,6,15,9142.32,8814.086999042209,9020.525415601734
2024-02-17 06:30:00,9051.978069410665,21.905369602587022,2,0,1,6,30,9139.328954697066,8732.945443906938,8987.695303964274
2024-02-17 06:45:00,8945.718149418928,22.06298031983704,2,0,1,6,45,9051.978069410665,8679.421166818202,8979.762540344676
2024-02-17 07:00:00,8886.0,22.246,2,0,1,7,0,8945.718149418928,8717.77,9045.04
2024-02-17 07:15:00,8931.077376219278,22.525302975502505,2,0,1,7,15,8886.0,8895.906321302711,9217.48884605431
2024-02-17 07:30:00,9110.41583229122,22.90288585165177,2,0,1,7,30,8931.077376219278,9196.378691082153,9473.663393099689
2024-02-17 07:45:00,9446.283872217557,23.36352580197515,2,0,1,7,45,9110.41583229122,9585.394215320524,9775.76624359522
2024-02-17 08:00:00,9960.95,23.892,2,0,1,8,0,9446.283872217557,10029.16,10086.0
2024-02-17 08:15:00,10652.066227925829,24.47254213894647,2,0,1,8,15,9960.95,10493.628809496957,10367.683106431028
2024-02-17 08:30:00,11418.818601424457,25.08721199080588,2,0,1,8,30,10652.066227925829,10943.736041764449,10588.59737363698
2024-02-17 08:45:00,12135.776674210858,25.71752584726235,2,0,1,8,45,11418.818601424457,11344.162753149718,10717.64045402444
2024-02-17 09:00:00,12677.51,26.345,2,0,1,9,0,12135.776674210858,11659.59,10723.71
2024-02-17 09:15:00,12950.690524577423,26.95485659371161,2,0,1,9,15,12677.51,11863.70125320947,10600.276696971572
2024-02-17 09:30:00,12990.39976201096,27.547141185124698,2,0,1,9,30,12950.690524577423,11966.189641860055,10439.10336235239
2024-02-17 09:45:00,12863.821618439017,28.12560518397544,2,0,1,9,45,12990.39976201096,11985.75070958061,10356.525846557017
2024-02-17 10:00:00,12638.14,28.694,2,0,1,10,0,12863.821618439017,11941.08,10468.88
2024-02-17 10:15:00,12376.098861264483,29.25331273620707,2,0,1,10,15,12638.14,11853.632740165163,10843.435574432677
2024-02-17 10:30:00,12122.682350531704,29.793473268695315,2,0,1,10,30,12376.098861264483,11755.902890795338,11351.19792695345
2024-02-17 10:45:00,11918.434664533075,30.301647166835902,2,0,1,10,45,12122.682350531704,11683.144096027843,11814.1063159975
2024-02-17 11:00:00,11803.9,30.765,2,0,1,11,0,11918.434664533075,11670.61,12054.1
2024-02-17 11:15:00,11803.436686614648,31.173267461460096,2,0,1,11,15,11803.9,11741.45216112988,11954.108349047723
2024-02-17 11:30:00,11876.659585862217,31.52646574009403,2,0,1,11,30,11803.436686614648,11870.413794958591,11641.02117983381
2024-02-17 11:45:00,11966.99769217868,31.827181148680943,2,0,1,11,45,11876.659585862217,12020.136031308011,11302.71842070299
2024-02-17 12:00:00,12017.88,32.078,2,0,1,12,0,11966.99769217868,12153.26,11127.08
2024-02-17 12:15:00,11988.962517276934,32.281820542952545,2,0,1,12,15,12017.88,12239.299552815322,11244.417123126434
2024-02-17 12:30:00,11904.809306019422,32.44278877092859,2,0,1,12,30,11988.962517276934,12275.259429370291,11554.766103711318
2024-02-17 12:45:00,11806.211441752204,32.56536261344034,2,0,1,12,45,11904.809306019422,12265.01709124012,11900.594532440544
2024-02-17 13:00:00,11733.96,32.654,2,0,1,13,0,11806.211441752204,12212.45,12124.37
2024-02-17 13:15:00,11718.019025527612,32.71220036672975,2,0,1,13,15,11733.96,12124.665565108831,12115.840970946549
2024-02-17 13:30:00,11745.044440060085,32.739629176191656,2,0,1,13,30,11718.019025527612,12021.690987560232,11953.87940532092
2024-02-17 13:45:00,11790.86513456251,32.73499339755772,2,0,1,13,45,11745.044440060085,11926.783416231525,11764.638137034834
2024-02-17 14:00:00,11831.31,32.697,2,0,1,14,0,11790.86513456251,11863.2,11674.27
2024-02-17 14:15:00,11843.63606811261,32.62617486512847,2,0,1,14,15,11831.31,11847.58381174936,11765.78493058739
2024-02-17 14:30:00,11810.81293374024,32.53031952430484,2,0,1,14,30,11843.63606811261,11870.121620388774,11949.621275005007
2024-02-17 14:45:00,11717.238332497753,32.41905442132879,2,0,1,14,45,11810.81293374024,11914.386118833803,12093.074481920125
2024-02-17 15:00:00,11547.31,32.30199999999999,2,0,1,15,0,11717.238332497753,11963.95,12063.44
2024-02-17 15:15:00,11298.829514521942,32.183006422756385,2,0,1,15,15,11547.31,12000.519812893745,11771.3164942039
2024-02-17 15:30:00,11023.213824978946,32.042842726588994,2,0,1,15,30,11298.829514521942,11998.337530884675,11300.515494659056
2024-02-17 15:45:00,10785.283722946477,31.8565076671271,2,0,1,15,45,11023.213824978946,11929.77898343327,10778.15174778468
2024-02-17 16:00:00,10649.86,31.599000000000004,2,0,1,16,0,10785.283722946477,11767.22,10331.34
2024-02-17 16:15:00,10654.91665504962,31.250455693845968,2,0,1,16,15,10649.86,11492.817405425676,10053.41612384701
2024-02-17 16:30:00,10731.040516343974,30.81155956933918,2,0,1,16,30,10654.91665504962,11127.852006072524,9902.600496358782
2024-02-17 16:45:00,10781.971619466343,30.288133660162803,2,0,1,16,45,10731.040516343974,10703.385603683108,9803.334620691166
2024-02-17 17:00:00,10711.45,29.686,2,0,1,17,0,10781.971619466343,10250.48,9680.06
2024-02-17 17:15:00,10454.291834029582,29.018139551859743,2,0,1,17,15,10711.45,9800.58994040355,9478.22713540806
2024-02-17 17:30:00,10069.617859645155,28.32616899605429,2,0,1,17,30,10454.291834029582,9386.741944825228,9227.322519905816
2024-02-17 17:45:00,9647.624955438154,27.65886394222169,2,0,1,17,45,10069.617859645155,9042.355476834296,8977.841644450664
2024-02-17 18:00:00,9278.51,27.065,2,0,1,18,0,9647.624955438154,8800.85,8780.28
2024-02-17 18:15:00,9032.755071332052,26.579376723715047,2,0,1,18,15,9278.51,8681.079707960127,8671.880490770753
2024-02-17 18:30:00,8901.983045075394,26.18088944644366,2,0,1,18,30,9032.755071332052,8643.63771462656,8636.875674017958
2024-02-17 18:45:00,8858.101996281042,25.83445744595044,2,0,1,18,45,8901.983045075394,8634.551863979712,8646.245520256185
2024-02-17 19:00:00,8873.02,25.505,2,0,1,19,0,8858.101996281042,8599.85,8670.97
2024-02-17 19:15:00,8920.657411892207,25.165212928280084,2,0,1,19,15,8873.02,8503.299977755947,8687.416526508932
2024-02-17 19:30:00,8982.983710053262,24.81889821817108,2,0,1,19,30,8920.657411892207,8379.629696668535,8693.502284022352
2024-02-17 19:45:00,9043.980653187686,24.477634398976537,2,0,1,19,45,8982.983710053262,8281.307067246853,8692.531899524598
2024-02-17 20:00:00,9087.63,24.153,2,0,1,20,0,9043.980653187686,8260.8,8687.81
2024-02-17 20:15:00,9100.23606234912,23.854537188164624,2,0,1,20,15,9087.63,8349.486787266085,8682.15762194352
2024-02-17 20:30:00,9077.393364711554,23.583642680872018,2,0,1,20,30,9100.23606234912,8494.387248699304,8676.461439892626
2024-02-17 20:45:00,9017.018984718214,23.3396768331434,2,0,1,20,45,9077.393364711554,8621.431585782871,8671.12453789542
2024-02-17 21:00:00,8917.03,23.122,2,0,1,21,0,9017.018984718214,8656.55,8666.55
2024-02-17 21:15:00,8779.757244961314,22.929294569061422,2,0,1,21,15,8917.03,8550.834748179706,8660.857048216993
2024-02-17 21:30:00,8625.186581100515,22.75753105834086,2,0,1,21,30,8779.757244961314,8356.02630853424,8643.029456407141
2024-02-17 21:45:00,8477.717626689462,22.60200201844986,2,0,1,21,45,8625.186581100515,8149.027214621654,8599.76713639372
2024-02-17 22:00:00,8361.75,22.45800000000001,2,0,1,22,0,8477.717626689462,8006.74,8517.77
2024-02-17 22:15:00,8293.355895305625,22.32044078558969,2,0,1,22,15,8361.75,7983.344220015085,8390.517466438512
2024-02-17 22:30:00,8255.297810886379,22.182733085764585,2,0,1,22,30,8293.355895305625,8042.127517163729,8238.606984478807
2024-02-17 22:45:00,8222.010821023945,22.037908843057185,2,0,1,22,45,8255.297810886379,8123.654555730509,8089.415510279699
2024-02-17 23:00:00,8167.93,21.879,2,0,1,23,0,8222.010821023945,8168.49,7970.32
2024-02-17 23:15:00,8077.429486316187,21.701223538579853,2,0,1,23,15,8167.93,8133.9769655099535,7901.9826172789635
2024-02-17 23:30:00,7974.639675353968,21.50853659860085,2,0,1,23,30,8077.429486316187,8044.57237281084,7878.206355677628
2024-02-17 23:45:00,7893.630026714765,21.307081359321423,2,0,1,23,45,7974.639675353968,7941.511593706306,7886.07941623748
2024-02-18 00:00:00,7868.47,21.103,2,0,1,0,0,7893.630026714765,7866.03,7912.69
2024-02-18 00:15:00,7919.929284429629,20.903586935090907,2,0,1,0,15,7868.47,7848.214792945098,7946.306595695634
2024-02-18 00:30:00,8015.578487697749,20.720745519832025,2,0,1,0,30,7919.929284429629,7873.560491592907,7979.918842810676
2024-02-18 00:45:00,8109.688447116995,20.567531344657134,2,0,1,0,45,8015.578487697749,7916.413444444263,8007.69666852038
2024-02-18 01:00:00,8156.53,20.457,2,0,1,1,0,8109.688447116995,7951.12,8023.81
2024-02-18 01:15:00,8124.425875965299,20.39708497105652,2,0,1,1,15,8156.53,7957.74480020965,8024.2894374385
2024-02-18 01:30:00,8037.906373855037,20.37523132207104,2,0,1,1,30,8124.425875965299,7939.225660817528,8012.608273079668
2024-02-18 01:45:00,7935.553684817255,20.373762012050044,2,0,1,1,45,8037.906373855037,7904.218691016641,7994.100472181002
2024-02-18 02:00:00,7855.95,20.375,2,0,1,2,0,7935.553684817255,7861.38,7974.1
2024-02-18 02:15:00,7827.873461709173,20.36507318068302,2,0,1,2,15,7855.95,7819.566318716299,7956.88909205037
2024-02-18 02:30:00,7840.886016882106,20.345329191883803,2,0,1,2,30,7827.873461709173,7788.436865136981,7942.543064870656
2024-02-18 02:45:00,7874.745563613986,20.32092060714268,2,0,1,2,45,7840.886016882106,7777.8514789891715,7930.085505255614
2024-02-18 03:00:00,7909.21,20.297000000000004,2,0,1,3,0,7874.745563613986,7797.67,7918.54
2024-02-18 03:15:00,7930.203089698008,20.27795043121141,2,0,1,3,15,7909.21,7853.020706175151,7909.0274756100225
2024-02-18 03:30:00,7948.312058616541,20.265076910393763,2,0,1,3,30,7930.203089698008,7930.105628634546,7911.058217437709
2024-02-18 03:45:00,7980.289998226804,20.25891493437924,2,0,1,3,45,7948.312058616541,8010.395236776669,7936.239850546541
2024-02-18 04:00:00,8042.89,20.26,2,0,1,4,0,7980.289998226804,8075.36,7996.18
2024-02-18 04:15:00,8143.079023248797,20.273640719471363,2,0,1,4,15,8042.89,8114.898512833098,8098.379755509542
2024-02-18 04:30:00,8248.67949865173,20.324238166541164,2,0,1,4,30,8143.079023248797,8152.621870324831,8233.914065378509
2024-02-18 04:45:00,8317.727724728798,20.440966530340383,2,0,1,4,45,8248.67949865173,8220.56929265415,8389.751342558224
2024-02-18 05:00:00,8308.26,20.653,2,0,1,5,0,8317.727724728798,8350.78,8552.86
2024-02-18 05:15:00,8205.966129806804,20.974736690903143,2,0,1,5,15,8308.26,8559.781961242461,8717.637564851815
2024-02-18 05:30:00,8107.149946776541,21.36147042344158,2,0,1,5,30,8205.966129806804,8802.058140066127,8908.198021048256
2024-02-18 05:45:00,8135.768790358007,21.75371894425923,2,0,1,5,45,8107.149946776541,9016.58024885673,9156.084466720567
2024-02-18 06:00:00,8415.78,22.092,2,0,1,6,0,8135.768790358007,9142.32,9492.84
2024-02-18 06:15:00,9012.837395023987,22.33711564191605,2,0,1,6,15,8415.78,9139.328954697066,9924.520141333209
2024-02-18 06:30:00,9759.38071424211,22.531005139692496,2,0,1,6,30,9012.837395023987,9051.978069410665,10355.230100428478
2024-02-18 06:45:00,10429.546176339176,22.735892067622693,2,0,1,6,45,9759.38071424211,8945.718149418928,10663.58750930951
2024-02-18 07:00:00,10797.47,23.014000000000003,2,0,1,7,0,10429.546176339176,8886.0,10728.21
2024-02-18 07:15:00,10719.979133847246,23.411847616432656,2,0,1,7,15,10797.47,8931.077376219278,10479.46749481536
2024-02-18 07:30:00,10384.663446255025,23.91313401778844,2,0,1,7,30,10719.979133847246,9110.41583229122,10054.73907723784
2024-02-18 07:45:00,10061.803535535286,24.485853410249995,2,0,1,7,45,10384.663446255025,9446.283872217557,9643.156121041397
2024-02-18 08:00:00,10021.68,25.098,2,0,1,8,0,10061.803535535286,9960.95,9433.85
2024-02-18 08:15:00,10450.235600837024,25.721681392353325,2,0,1,8,15,10021.68,10652.066227925829,9563.722066905357
2024-02-18 08:30:00,11196.0617507378,26.34545878915376,2,0,1,8,30,10450.235600837024,11418.818601424457,9960.753590620172
2024-02-18 08:45:00,12023.41202526968,26.96200679137732,2,0,1,8,45,11196.0617507378,12135.776674210858,10500.695819024902
2024-02-18 09:00:00,12696.54,27.564,2,0,1,9,0,12023.41202526968,12677.51,11059.3
2024-02-18 09:15:00,13037.634244054663,28.14606743915404,2,0,1,9,15,12696.54,12950.690524577423,11531.713768813212
2024-02-18 09:30:00,13100.623300793775,28.710655825596515,2,0,1,9,30,13037.634244054663,12990.39976201096,11890.670310281472
2024-02-18 09:45:00,12997.370707136002,29.26216629924074,2,0,1,9,45,13100.623300793775,12863.821618439017,12128.299196608992
2024-02-18 10:00:00,12839.74,29.805000000000003,2,0,1,10,0,12997.370707136002,12638.14,12236.73
2024-02-18 10:15:00,12717.493360444323,30.340580101030525,2,0,1,10,15,12839.74,12376.098861264483,12220.133014091783
2024-02-18 10:30:00,12631.987546087095,30.858417908460183,2,0,1,10,30,12717.493360444323,12122.682350531704,12130.841418253936
2024-02-18 10:45:00,12562.477958686315,31.345046761659745,2,0,1,10,45,12631.987546087095,11918.434664533075,12033.22911328912
2024-02-18 11:00:00,12488.22,31.787,2,0,1,11,0,12562.477958686315,11803.9,11991.67
2024-02-18 11:15:00,12392.800907918036,32.17264340672386,2,0,1,11,15,12488.22,11803.436686614648,12049.118081069646
2024-02-18 11:30:00,12277.135264857849,32.49767254056276,2,0,1,11,30,12392.800907918036,11876.659585862217,12162.847766702778
2024-02-18 11:45:00,12146.469489368734,32.75961540412028,2,0,1,11,45,12277.135264857849,11966.99769217868,12268.71356898452
2024-02-18 12:00:00,12006.05,32.956,2,0,1,12,0,12146.469489368734,12017.88,12302.57
2024-02-18 12:15:00,11862.282070383526,33.08722127207405,2,0,1,12,15,12006.05,11988.962517276934,12218.736536629627
2024-02-18 12:30:00,11726.206394481516,33.165141929288794,2,0,1,12,30,11862.282070383526,11904.809306019422,12045.392514934952
2024-02-18 12:45:00,11610.022521338748,33.204491621859134,2,0,1,12,45,11726.206394481516,11806.211441752204,11829.1822357728
2024-02-18 13:00:00,11525.93,33.22,2,0,1,13,0,11610.022521338748,11733.96,11616.75
2024-02-18 13:15:00,11484.612060547855,33.222846504979934,2,0,1,13,15,11525.93,11718.019025527612,11449.697334911838
2024-02-18 13:30:00,11490.68665721609,33.210009742282075,2,0,1,13,30,11484.612060547855,11745.044440060085,11349.454673557417
2024-02-18 13:45:00,11547.25542527628,33.17491810844317,2,0,1,13,45,11490.68665721609,11790.86513456251,11332.409675424284
2024-02-18 14:00:00,11657.42,33.111000000000004,2,0,1,14,0,11547.25542527628,11831.31,11414.95
2024-02-18 14:15:00,11815.606249925053,33.01165833300621,2,0,1,14,15,11657.42,11843.63606811261,11591.51912372302
2024-02-18 14:30:00,11981.536976654124,32.87019410158291,2,0,1,14,30,11815.606249925053,11810.81293374024,11768.783790835392
2024-02-18 14:45:00,12106.259215056136,32.679882819368174,2,0,1,14,45,11981.536976654124,11717.238332497753,11831.46656253007
2024-02-18 15:00:00,12140.82,32.434,2,0,1,15,0,12106.259215056136,11547.31,11664.29
2024-02-18 15:15:00,12052.153721001938,32.130223287995264,2,0,1,15,15,12140.82,11298.829514521942,11203.044295196089
2024-02-18 15:30:00,11870.74418616741,31.78383885138626,2,0,1,15,30,12052.153721001938,11023.213824978946,10587.79016310102
2024-02-18 15:45:00,11642.962558249175,31.414534989084128,2,0,1,15,45,11870.74418616741,10785.283722946477,10009.655949455444
2024-02-18 16:00:00,11415.18,31.042,2,0,1,16,0,11642.962558249175,10649.86,9659.77
2024-02-18 16:15:00,11221.393084817191,30.68012039001273,2,0,1,16,15,11415.18,10654.91665504962,9665.403695492638
2024-02-18 16:30:00,11046.100028676234,30.31957549287204,2,0,1,16,30,11221.393084817191,10731.040516343974,9898.40055676053
2024-02-18 16:45:00,10861.42445819716,29.945242849295315,2,0,1,16,45,11046.100028676234,10781.971619466343,10166.747139648158
2024-02-18 17:00:00,10639.49,29.541999999999994,2,0,1,17,0,10861.42445819716,10711.45,10278.43
2024-02-18 17:15:00,10359.7119084793,29.099654526953785,2,0,1,17,15,10639.49,10454.291834029582,10098.943266583365
2024-02-18 17:30:00,10030.671949127654,28.62773417712559,2,0,1,17,30,10359.7119084793,10069.617859645155,9723.811359856863
2024-02-18 17:45:00,9668.243515212183,28.1406967387346,2,0,1,17,45,10030.671949127654,9647.624955438154,9306.06627320193
2024-02-18 18:00:00,9288.3,27.653,2,0,1,18,0,9668.243515212183,9278.51,8998.74
2024-02-18 18:15:00,8908.588812515614,27.176730252172096,2,0,1,18,15,9288.3,9032.755071332052,8909.024331923902
2024-02-18 18:30:00,8554.353424813144,26.7144877986256,2,0,1,18,30,8908.588812515614,8901.983045075394,8960.750253812019
2024-02-18 18:45:00,8252.7113247041,26.26650144576629,2,0,1,18,45,8554.353424813144,8858.101996281042,9031.908548794128
2024-02-18 19:00:00,8030.78,25.833,2,0,1,19,0,8252.7113247041,8873.02,9000.49
2024-02-18 19:15:00,7905.346747708243,25.41604946435781,2,0,1,19,15,8030.78,8920.657411892207,8784.570968221029
2024-02-18 19:30:00,7851.878101619772,25.02506462837201,2,0,1,19,30,7905.346747708243,8982.983710053262,8462.570124895063
2024-02-18 19:45:00,7835.5104047214145,24.671297478200216,2,0,1,19,45,7851.878101619772,9043.980653187686,8152.9917191215645
2024-02-18 20:00:00,7821.38,24.366,2,0,1,20,0,7835.5104047214145,9087.63,7974.34
2024-02-18 20:15:00,7787.194665401414,24.11568126539666,2,0,1,20,15,7821.38,9100.23606234912,8007.786013941984
2024-02-18 20:30:00,7760.94791870777,23.907878687886324,2,0,1,20,30,7787.194665401414,9077.393364711554,8185.1679966077345
2024-02-18 20:45:00,7783.204712660242,23.725386766432823,2,0,1,20,45,7760.94791870777,9017.018984718214,8400.990980969618
2024-02-18 21:00:00,7894.53,23.550999999999995,2,0,1,21,0,7783.204712660242,8917.03,8549.76
2024-02-18 21:15:00,8112.740215686102,23.372037974055537,2,0,1,21,15,7894.53,8779.757244961314,8555.107319761035
2024-02-18 21:30:00,8364.657723549146,23.193920620082665,2,0,1,21,30,8112.740215686102,8625.186581100515,8457.174138674
2024-02-18 21:45:00,8554.356369637617,23.02659295606845,2,0,1,21,45,8364.657723549146,8477.717626689462,8325.228888249967
2024-02-18 22:00:00,8585.91,22.879999999999995,2,0,1,22,0,8554.356369637617,8361.75,8228.54
2024-02-18 22:15:00,8397.263846854179,22.760057463381155,2,0,1,22,15,8585.91,8293.355895305625,8215.698613263887
2024-02-18 22:30:00,8061.848687095642,22.65656383178299,2,0,1,22,30,8397.263846854179,8255.297810886379,8252.586698696272
2024-02-18 22:45:00,7686.966683789286,22.55528828429332,2,0,1,22,45,8061.848687095642,8222.010821023945,8284.408934780522
2024-02-18 23:00:00,7379.92,22.442,2,0,1,23,0,7686.966683789286,8167.93,8256.37
2024-02-18 23:15:00,7223.673303147186,22.30860717241981,2,0,1,23,15,7379.92,8077.429486316187,8131.764320933426
2024-02-18 23:30:00,7203.841278068281,22.17157405278537,2,0,1,23,30,7223.673303147186,7974.639675353968,7946.24531654092
2024-02-18 23:45:00,7281.701113955237,22.053503906758248,2,0,1,23,45,7203.841278068281,7893.630026714765,7753.556153877954
2024-02-19 00:00:00,7418.53,21.977,2,0,0,0,0,7281.701113955237,7868.47,7607.44
2024-02-19 00:15:00,7578.969971807081,21.95440447193959,2,0,0,0,15,7418.53,7919.929284429629,7546.674728002408
2024-02-19 00:30:00,7741.122450631231,21.95701495707553,2,0,0,0,30,7578.969971807081,8015.578487697749,7550.177035140049
2024-02-19 00:45:00,7886.453704139767,21.94586796367369,2,0,0,0,45,7741.122450631231,8109.688447116995,7581.898324707664
2024-02-19 01:00:00,7996.43,21.882,2,0,0,1,0,7886.453704139767,8156.53,7605.79
2024-02-19 01:15:00,8057.418215874493,21.741634314821827,2,0,0,1,15,7996.43,8124.425875965299,7596.132548306936
2024-02-19 01:30:00,8075.387669406795,21.561741118912533,2,0,0,1,30,8057.418215874493,8037.906373855037,7568.522792898883
2024-02-19 01:45:00,8061.208288235697,21.39447736354697,2,0,0,1,45,8075.387669406795,7935.553684817255,7548.886641041389
2024-02-19 02:00:00,8025.75,21.292,2,0,0,2,0,8061.208288235697,7855.95,7563.15
2024-02-19 02:15:00,7981.305602194947,21.28990201877311,2,0,0,2,15,8025.75,7827.873461709173,7628.246953769846
2024-02-19 02:30:00,7945.859371741593,21.35752056727436,2,0,0,2,30,7981.305602194947,7840.886016882106,7725.144293264413
2024-02-19 02:45:00,7938.818455417442,21.44762883213842,2,0,0,2,45,7945.859371741593,7874.745563613986,7825.816986126775
2024-02-19 03:00:00,7979.59,21.513,2,0,0,3,0,7938.818455417442,7909.21,7902.24
2024-02-19 03:15:00,8077.202187845718,21.51724198508573,2,0,0,3,15,7979.59,7930.203089698008,7936.048699113676
2024-02-19 03:30:00,8199.167343626834,21.46730161199005,2,0,0,3,30,8077.202187845718,7948.312058616541,7947.520034043458
2024-02-19 03:45:00,8302.618827594533,21.380960432899343,2,0,0,3,45,8199.167343626834,7980.289998226804,7966.59135195151
2024-02-19 04:00:00,8344.69,21.276,2,0,0,4,0,8302.618827594533,8042.89,8023.2
2024-02-19 04:15:00,8300.93845892218,21.170926915883964,2,0,0,4,15,8344.69,8143.079023248797,8137.252468525446
2024-02-19 04:30:00,8220.618753751072,21.08714798476544,2,0,0,4,30,8300.93845892218,8248.67949865173,8288.531820561755
2024-02-19 04:45:00,8171.409671704424,21.046795061264195,2,0,0,4,45,8220.618753751072,8317.727724728798,8446.790262317189
2024-02-19 05:00:00,8220.99,21.072,2,0,0,5,0,8171.409671704424,8308.26,8581.78
2024-02-19 05:15:00,8418.285538965558,21.17778472637841,2,0,0,5,15,8220.99,8205.966129806804,8673.64892678454
2024-02-19 05:30:00,8737.210141368883,21.35073144894818,2,0,0,5,30,8418.285538965558,8107.149946776541,8744.127683709523
2024-02-19 05:45:00,9132.924673087766,21.57031244704386,2,0,0,5,45,8737.210141368883,8135.768790358007,8825.342598779742
2024-02-19 06:00:00,9560.59,21.816000000000003,2,0,0,6,0,9132.924673087766,8415.78,8949.42
2024-02-19 06:15:00,9978.106103965589,22.0756373036024,2,0,0,6,15,9560.59,9012.837395023987,9135.732605586389
2024-02-19 06:30:00,10354.329430773396,22.37055121944184,2,0,0,6,30,9978.106103965589,9759.38071424211,9352.638694600158
2024-02-19 06:45:00,10660.855542194506,22.730439525560364,2,0,0,6,45,10354.329430773396,10429.546176339176,9555.742936313847
2024-02-19 07:00:00,10869.28,23.185,2,0,0,7,0,10660.855542194506,10797.47,9700.65
2024-02-19 07:15:00,10968.953482672092,23.753009809212,2,0,0,7,15,10869.28,10719.979133847246,9761.001588369903
2024-02-19 07:30:00,11020.247135537533,24.40956367328446,2,0,0,7,30,10968.953482672092,10384.663446255025,9782.587537889844
2024-02-19 07:45:00,11101.287220634207,25.11883570071469,2,0,0,7,45,11020.247135537533,10061.803535535286,9829.234718464864
2024-02-19 08:00:00,11290.2,25.845,2,0,0,8,0,11101.287220634207,10021.68,9964.77
2024-02-19 08:15:00,11633.28027784605,26.5578703345496,2,0,0,8,15,11290.2,10450.235600837024,10231.142290934
2024-02-19 08:30:00,12049.49702707648,27.249819087420324,2,0,0,8,30,11633.28027784605,11196.0617507378,10582.788653840462
2024-02-19 08:45:00,12425.987762768673,27.91885829658088,2,0,0,8,45,12049.49702707648,12023.41202526968,10952.268189826693
2024-02-19 09:00:00,12649.89,28.563,2,0,0,9,0,12425.987762768673,12696.54,11272.14
2024-02-19 09:15:00,12644.886030943717,29.18082135258958,2,0,0,9,15,12649.89,13037.634244054663,11492.572529144096
2024-02-19 09:30:00,12480.83725615655,29.773159977034243,2,0,0,9,30,12644.886030943717,13100.623300793775,11634.171596748309
2024-02-19 09:45:00,12264.14985329111,30.341418612961785,2,0,0,9,45,12480.83725615655,12997.370707136002,11735.152365978363
2024-02-19 10:00:00,12101.23,30.887,2,0,0,10,0,12264.14985329111,12839.74,11833.73
2024-02-19 10:15:00,12071.66059837909,31.409078630092075,2,0,0,10,15,12101.23,12717.493360444323,11956.741654989612
2024-02-19 10:30:00,12147.731448297318,31.897916004442703,2,0,0,10,30,12071.66059837909,12631.987546087095,12085.512459166306
2024-02-19 10:45:00,12274.909074066883,32.341545376571986,2,0,0,10,45,12147.731448297318,12562.477958686315,12189.989533759845
2024-02-19 11:00:00,12398.66,32.728,2,0,0,11,0,12274.909074066883,12488.22,12240.12
2024-02-19 11:15:00,12474.571888039924,33.04736412704214,2,0,0,11,15,12398.66,12392.800907918036,12216.682100897451
2024-02-19 11:30:00,12498.716950654183,33.297926005194945,2,0,0,11,30,12474.571888039924,12277.135264857849,12143.778566586478
2024-02-19 11:45:00,12477.288537941346,33.480024880750285,2,0,0,11,45,12498.716950654183,12146.469489368734,12056.343248982264
2024-02-19 12:00:00,12416.48,33.594,2,0,0,12,0,12477.288537941346,12006.05,11989.31
2024-02-19 12:15:00,12324.230286961203,33.642902361739395,2,0,0,12,15,12416.48,11862.282070383526,11966.491035170586
2024-02-19 12:30:00,12215.460749085954,33.64062997477752,2,0,0,12,30,12324.230286961203,11726.206394481516,11967.21202448779
2024-02-19 12:45:00,12106.838336667728,33.60379260042688,2,0,0,12,45,12215.460749085954,11610.022521338748,11959.6770015611
2024-02-19 13:00:00,12015.03,33.549,2,0,0,13,0,12106.838336667728,11525.93,11912.09
2024-02-19 13:15:00,11952.574776615256,33.48877642600031,2,0,0,13,15,12015.03,11484.612060547855,11807.425789670207
2024-02-19 13:30:00,11915.500053002,33.41930409569498,2,0,0,13,30,11952.574776615256,11490.68665721609,11687.742085462362
2024-02-19 13:45:00,11895.705302887744,33.33267971754218,2,0,0,13,45,11915.500053002,11547.25542527628,11609.867338523336
2024-02-19 14:00:00,11885.09,33.221000000000004,2,0,0,14,0,11895.705302887744,11657.42,11630.63
2024-02-19 14:15:00,11876.996856577774,33.07875755925941,2,0,0,14,15,11885.09,11815.606249925053,11775.349868648587
2024-02-19 14:30:00,11870.541538906044,32.91002864244256,2,0,0,14,30,11876.996856577774,11981.536976654124,11943.312133662765
2024-02-19 14:45:00,11866.282951781295,32.72128540440444,2,0,0,14,45,11870.541538906044,12106.259215056136,12002.29333184556
2024-02-19 15:00:00,11864.78,32.519000000000005,2,0,0,15,0,11866.282951781295,12140.82,11820.07
2024-02-19 15:15:00,11862.764203323655,32.30674021196208,2,0,0,15,15,11864.78,12052.153721001938,11323.764579485443
2024-02-19 15:30:00,11841.65754137382,32.0764563345348,2,0,0,15,30,11862.764203323655,11870.74418616741,10677.883129886575
2024-02-19 15:45:00,11779.054608737077,31.81719428984011,2,0,0,15,45,11841.65754137382,11642.962558249175,10106.277615344425
2024-02-19 16:00:00,11652.55,31.518,2,0,0,16,0,11779.054608737077,11415.18,9832.8
2024-02-19 16:15:00,11443.28117387761,31.170640967892297,2,0,0,16,15,11652.55,11221.393084817191,9996.97165715964
2024-02-19 16:30:00,11146.557045598674,30.77777101941829,2,0,0,16,30,11443.28117387761,11046.100028676234,10400.991596790924
2024-02-19 16:45:00,10761.229394520404,30.34476556123514,2,0,0,16,45,11146.557045598674,10861.42445819716,10762.728238026746
2024-02-19 17:00:00,10286.15,29.877,2,0,0,17,0,10761.229394520404,10639.49,10800.05
2024-02-19 17:15:00,9737.105632415902,29.382867791468737,2,0,0,17,15,10286.15,10359.7119084793,10326.849104375997
2024-02-19 17:30:00,9197.623026231471,28.882834587792043,2,0,0,17,30,9737.105632415902,10030.671949127654,9541.112982949722
2024-02-19 17:45:00,8768.163906931306,28.40038409021933,2,0,0,17,45,9197.623026231471,9668.243515212183,8736.852870048586
2024-02-19 18:00:00,8549.19,27.959,2,0,0,18,0,8768.163906931306,9288.3,8208.08
2024-02-19 18:15:00,8601.061921458788,27.57579411623276,2,0,0,18,15,8549.19,8908.588812515614,8163.45442533638
2024-02-19 18:30:00,8823.735849475437,27.24239062941353,2,0,0,18,30,8601.061921458788,8554.353424813144,8470.231471410189
2024-02-19 18:45:00,9077.066852754371,26.94404182788753,2,0,0,18,45,8823.735849475437,8252.7113247041,8910.315281778905
2024-02-19 19:00:00,9220.91,26.666,2,0,0,19,0,9077.066852754371,8030.78,9265.61
2024-02-19 19:15:00,9156.36824424896,26.395315118600227,2,0,0,19,15,9220.91,7905.346747708243,9370.753038028488
2024-02-19 19:30:00,8949.53607586678,26.12622789455384,2,0,0,19,30,9156.36824424896,7851.878101619772,9271.314881409522
2024-02-19 19:45:00,8707.755869551209,25.85477672323053,2,0,0,19,45,8949.53607586678,7835.5104047214145,9065.599284085798
2024-02-19 20:00:00,8538.37,25.577,2,0,0,20,0,8707.755869551209,7821.38,8851.91
2024-02-19 20:15:00,8520.120257795375,25.29150790936633,2,0,0,20,15,8538.37,7787.194665401414,8709.88670379967
2024-02-19 20:30:00,8617.346097057445,25.007197792371134,2,0,0,20,30,8520.120257795375,7760.94791870777,8644.51275295172
2024-02-19 20:45:00,8765.786387790795,24.735538779190364,2,0,0,20,45,8617.346097057445,7783.204712660242,8642.107425627912
2024-02-19 21:00:00,8901.18,24.488,2,0,0,21,0,8765.786387790795,7894.53,8688.99
2024-02-19 21:15:00,8972.525099569537,24.273309493934427,2,0,0,21,15,8901.18,8112.740215686102,8764.88874052283
2024-02-19 21:30:00,8981.857035903438,24.08923093596164,2,0,0,21,30,8972.525099569537,8364.657723549146,8823.167856783592
2024-02-19 21:45:00,8944.470454285616,23.93078691000803,2,0,0,21,45,8981.857035903438,8554.356369637617,8810.600544652556
2024-02-19 22:00:00,8875.66,23.793,2,0,0,22,0,8944.470454285616,8585.91,8673.96
2024-02-19 22:15:00,8789.463562676474,23.670754114895946,2,0,0,22,15,8875.66,8397.263846854179,8386.803802859005
2024-02-19 22:30:00,8694.892009328803,23.5583784637823,2,0,0,22,30,8789.463562676474,8061.848687095642,8029.82706991391
2024-02-19 22:45:00,8599.699451316734,23.45006358077751,2,0,0,22,45,8694.892009328803,7686.966683789286,7710.509302011858
2024-02-19 23:00:00,8511.64,23.34,2,0,0,23,0,8599.699451316734,7379.92,7536.33
2024-02-19 23:15:00,8435.699712224568,23.224017796481785,2,0,0,23,15,8511.64,7223.673303147186,7580.685891791144
2024-02-19 23:30:00,8365.792426781341,23.10450520890915,2,0,0,23,30,8435.699712224568,7203.841278068281,7780.642613560766
2024-02-19 23:45:00,8293.06392794744,22.985490016881933,2,0,0,23,45,8365.792426781341,7281.701113955237,8039.183028550005
2024-02-20 00:00:00,8208.66,22.871,2,0,0,0,0,8293.06392794744,7418.53,8259.29
2024-02-20 00:15:00,8107.651182175248,22.76494032417691,2,0,0,0,15,8208.66,7578.969971807081,8366.225754976418
2024-02-20 00:30:00,8000.807033545832,22.670725700581105,2,0,0,0,30,8107.651182175248,7741.122450631231,8374.369975843027
2024-02-20 00:45:00,7902.8218681435,22.59164822669475,2,0,0,0,45,8000.807033545832,7886.453704139767,8320.381708788123
2024-02-20 01:00:00,7828.39,22.531,2,0,0,1,0,7902.8218681435,7996.43,8240.92
2024-02-20 01:15:00,7788.720402824438,22.48947090681057,2,0,0,1,15,7828.39,8057.418215874493,8167.047650803185
2024-02-20 01:30:00,7781.080689035332,22.45734198876642,2,0,0,1,30,7788.720402824438,8075.387669406795,8107.442483067126
2024-02-20 01:45:00,7799.253130728561,22.42229207633906,2,0,0,1,45,7781.080689035332,8061.208288235697,8065.186073797505
2024-02-20 02:00:00,7837.02,22.372,2,0,0,2,0,7799.253130728561,8025.75,8043.36
2024-02-20 02:15:00,7888.353300277005,22.2980822985808,2,0,0,2,15,7837.02,7981.305602194947,8043.722235560842
2024-02-20 02:30:00,7947.983960312841,22.20790634435321,2,0,0,2,30,7888.353300277005,7945.859371741593,8062.736341888466
2024-02-20 02:45:00,8010.832640192258,22.11277721794901,2,0,0,2,45,7947.983960312841,7938.818455417442,8095.542277271857
2024-02-20 03:00:00,8071.82,22.024,2,0,0,3,0,8010.832640192258,7979.59,8137.28
2024-02-20 03:15:00,8128.733271067547,21.949403023866225,2,0,0,3,15,8071.82,8077.202187845718,8181.654188203444
2024-02-20 03:30:00,8190.825969713304,21.88290763382076,2,0,0,3,30,8128.733271067547,8199.167343626834,8216.628399379008
2024-02-20 03:45:00,8270.218183502411,21.8149584268649,2,0,0,3,45,8190.825969713304,8302.618827594533,8228.730910865066
2024-02-20 04:00:00,8379.03,21.736,2,0,0,4,0,8270.218183502411,8344.69,8204.49
2024-02-20 04:15:00,8524.262834202807,21.644336855954297,2,0,0,4,15,8379.03,8300.93845892218,8142.871167875376
2024-02-20 04:30:00,8692.443410833941,21.569713120363787,2,0,0,4,30,8524.262834202807,8220.618753751072,8092.588810595503
2024-02-20 04:45:00,8864.979782048105,21.549732824591377,2,0,0,4,45,8692.443410833941,8171.409671704424,8114.794548017878
2024-02-20 05:00:00,9023.28,21.622,2,0,0,5,0,8864.979782048105,8220.99,8270.64
2024-02-20 05:15:00,9153.534454621224,21.81065580231657,2,0,0,5,15,9023.28,8418.285538965558,8590.228327795052
2024-02-20 05:30:00,9261.062886950933,22.085989884724107,2,0,0,5,30,9153.534454621224,8737.210141368883,8979.468858238979
2024-02-20 05:45:00,9355.967375805176,22.404829024769576,2,0,0,5,45,9261.062886950933,9132.924673087766,9313.222459563416
2024-02-20 06:00:00,9448.35,22.724,2,0,0,6,0,9355.967375805176,9560.59,9466.35
2024-02-20 06:15:00,9547.768878562298,23.01444618477938,2,0,0,6,15,9448.35,9978.106103965589,9363.282395944418
2024-02-20 06:30:00,9661.60629136233,23.303577340739785,2,0,0,6,30,9547.768878562298,10354.329430773396,9126.730756448582
2024-02-20 06:45:00,9796.700558481196,23.6329198263303,2,0,0,6,45,9661.60629136233,10660.855542194506,8928.976238728452
2024-02-20 07:00:00,9959.89,24.044,2,0,0,7,0,9796.700558481196,10869.28,8942.3
2024-02-20 07:15:00,10159.064718629585,24.565028208565906,2,0,0,7,15,9959.89,10968.953482672092,9283.686932177276
2024-02-20 07:30:00,10406.321947599745,25.17095075231675,2,0,0,7,30,10159.064718629585,11020.247135537533,9848.9368659667
2024-02-20 07:45:00,10714.810702770035,25.823397919909223,2,0,0,7,45,10406.321947599745,11101.287220634207,10478.553366772772
2024-02-20 08:00:00,11097.68,26.483999999999995,2,0,0,8,0,10714.810702770035,11290.2,11013.04
2024-02-20 08:15:00,11554.544121919376,27.122487855957004,2,0,0,8,15,11097.68,11633.28027784605,11332.506437846476
2024-02-20 08:30:00,12030.878418238686,27.7409946499932,2,0,0,8,30,11554.544121919376,12049.49702707648,11475.486779684628
2024-02-20 08:45:00,12458.623505438654,28.3497541190328,2,0,0,8,45,12030.878418238686,12425.987762768673,11520.12123168046
2024-02-20 09:00:00,12769.72,28.959,2,0,0,9,0,12458.623505438654,12649.89,11544.55
2024-02-20 09:15:00,12915.576918692916,29.57516099260605,2,0,0,9,15,12769.72,12644.886030943717,11610.84137893682
2024-02-20 09:30:00,12925.476879445509,30.18944564771041,2,0,0,9,30,12915.576918692916,12480.83725615655,11716.776015294798
2024-02-20 09:45:00,12848.170900475345,30.78925747895957,2,0,0,9,45,12925.476879445509,12264.14985329111,11844.062644005377
2024-02-20 10:00:00,12732.41,31.362,2,0,0,10,0,12848.170900475345,12101.23,11974.41
2024-02-20 10:15:00,12620.861015808954,31.89575879861876,2,0,0,10,15,12732.41,12071.66059837909,12090.59914015624
2024-02-20 10:30:00,12531.854063979286,32.38134775916512,2,0,0,10,30,12620.861015808954,12147.731448297318,12179.700409136176
2024-02-20 10:45:00,12477.635080159973,32.810262840128914,2,0,0,10,45,12531.854063979286,12274.909074066883,12229.856473548029
2024-02-20 11:00:00,12470.45,33.174,2,0,0,11,0,12477.635080159973,12398.66,12229.21
2024-02-20 11:15:00,12514.851830571266,33.46706943791892,2,0,0,11,15,12470.45,12474.571888039924,12173.22737293822
2024-02-20 11:30:00,12584.621864637353,33.69603831562912,2,0,0,11,30,12514.851830571266,12498.716950654183,12086.669848160493
2024-02-20 11:45:00,12645.848466384765,33.87048803552476,2,0,0,11,45,12584.621864637353,12477.288537941346,12001.622399302512
2024-02-20 12:00:00,12664.62,34.0,2,0,0,12,0,12645.848466384765,12416.48,11950.17
2024-02-20 12:15:00,12616.393224405983,34.092697824705574,2,0,0,12,15,12664.62,12324.230286961203,11952.708711840864
2024-02-20 12:30:00,12514.098477471303,34.15087397831842,2,0,0,12,30,12616.393224405983,12215.460749085954,11982.878948221856
2024-02-20 12:45:00,12380.034491800974,34.175363142772056,2,0,0,12,45,12514.098477471303,12106.838336667728,12002.632210491918
2024-02-20 13:00:00,12236.5,34.166999999999994,2,0,0,13,0,12380.034491800974,12015.03,11973.92
2024-02-20 13:15:00,12104.2157405548,34.128436138258785,2,0,0,13,15,12236.5,11952.574776615256,11874.02871719831
2024-02-20 13:30:00,11997.590475477424,34.06959077109718,2,0,0,13,30,12104.2157405548,11915.500053002,11741.58435895208
2024-02-20 13:45:00,11929.45497266134,34.00220001838699,2,0,0,13,45,11997.590475477424,11895.705302887744,11630.547821229817
2024-02-20 14:00:00,11912.64,33.938,2,0,0,14,0,11929.45497266134,11885.09,11594.88
2024-02-20 14:15:00,11946.908657124815,33.87885449725926,2,0,0,14,15,11912.64,11876.996856577774,11668.156419365896
2024-02-20 14:30:00,11979.753370618992,33.787137937292826,2,0,0,14,30,11946.908657124815,11870.541538906044,11802.411115969817
2024-02-20 14:45:00,11945.59889880367,33.61535240867997,2,0,0,14,45,11979.753370618992,11866.282951781295,11929.292754588829
2024-02-20 15:00:00,11778.87,33.316,2,0,0,15,0,11945.59889880367,11864.78,11980.45
2024-02-20 15:15:00,11445.65244344593,32.86344274770416,2,0,0,15,15,11778.87,11862.764203323655,11908.057480338106
2024-02-20 15:30:00,11038.676042046607,32.319482479731526,2,0,0,15,30,11445.65244344593,11841.65754137382,11746.393677168664
2024-02-20 15:45:00,10682.33161962398,31.76778097189313,2,0,0,15,45,11038.676042046607,11779.054608737077,11550.26303541489
2024-02-20 16:00:00,10501.01,31.292,2,0,0,16,0,10682.33161962398,11652.55,11374.47
2024-02-20 16:15:00,10569.162819091463,30.949312011924093,2,0,0,16,15,10501.01,11443.28117387761,11252.433659281684
2024-02-20 16:30:00,10761.484961194576,30.69093214378107,2,0,0,16,30,10569.162819091463,11146.557045598674,11132.031675355534
2024-02-20 16:45:00,10902.732122700403,30.44158620374751,2,0,0,16,45,10761.484961194576,10761.229394520404,10939.756353751616
2024-02-20 17:00:00,10817.66,30.126,2,0,0,17,0,10902.732122700403,10286.15,10602.1
2024-02-20 17:15:00,10394.39034268822,29.691543579599465,2,0,0,17,15,10817.66,9737.105632415902,10079.55225753516
2024-02-20 17:30:00,9774.50911317508,29.1761639451442,2,0,0,17,30,10394.39034268822,9197.623026231471,9468.592121409203
2024-02-20 17:45:00,9162.968327074404,28.64045233811683,2,0,0,17,45,9774.50911317508,8768.163906931306,8899.695924578646
2024-02-20 18:00:00,8764.72,28.145,2,0,0,18,0,9162.968327074404,8549.19,8503.34
2024-02-20 18:15:00,8722.049716405663,27.73559179467804,2,0,0,18,15,8764.72,8601.061921458788,8370.01871682768
2024-02-20 18:30:00,8926.577336105094,27.398787075642133,2,0,0,18,30,8722.049716405663,8823.735849475437,8430.29858900766
2024-02-20 18:45:00,9207.25628775198,27.10633881878516,2,0,0,18,45,8926.577336105094,9077.066852754371,8574.76416668381
2024-02-20 19:00:00,9393.04,26.83,2,0,0,19,0,9207.25628775198,9220.91,8694.0
2024-02-20 19:15:00,9359.15532293913,26.54857361668836,2,0,0,19,15,9393.04,9156.36824424896,8705.190218904123
2024-02-20 19:30:00,9165.922792404535,26.26906275228726,2,0,0,19,30,9359.15532293913,8949.53607586678,8631.91727256016
2024-02-20 19:45:00,8919.936365667672,26.005520511742525,2,0,0,19,45,9165.922792404535,8707.755869551209,8524.363189936119
2024-02-20 20:00:00,8727.79,25.771999999999995,2,0,0,20,0,8919.936365667672,8538.37,8432.71
2024-02-20 20:15:00,8667.562116837815,25.57864498856849,2,0,0,20,15,8727.79,8520.120257795375,8393.288845055828
2024-02-20 20:30:00,8703.268994276765,25.419961915208813,2,0,0,20,30,8667.562116837815,8617.346097057445,8387.027320751695
2024-02-20 20:45:00,8770.41137457733,25.28654788424472,2,0,0,20,45,8703.268994276765,8765.786387790795,8381.002136071716
2024-02-20 21:00:00,8804.49,25.169,2,0,0,21,0,8770.41137457733,8901.18,8342.29
2024-02-20 21:15:00,8759.726990959609,25.05931517903764,2,0,0,21,15,8804.49,8972.525099569537,8250.270025872569
2024-02-20 21:30:00,8665.22998048841,24.95508958687748,2,0,0,21,30,8759.726990959609,8981.857035903438,8133.53094443306
2024-02-20 21:45:00,8568.827979773007,24.855319201278576,2,0,0,21,45,8665.22998048841,8944.470454285616,8032.963890777021
2024-02-20 22:00:00,8518.35,24.759,2,0,0,22,0,8568.827979773007,8875.66,7989.46
2024-02-20 22:15:00,8545.463513073748,24.66484429528096,2,0,0,22,15,8518.35,8789.463562676474,8028.072145203901
2024-02-20 22:30:00,8617.1898337696,24.57042973728129,2,0,0,22,30,8545.463513073748,8694.892009328803,8110.500151516069
2024-02-20 22:45:00,8684.38873758065,24.47305031064097,2,0,0,22,45,8617.1898337696,8599.699451316734,8182.605582070201
2024-02-20 23:00:00,8697.92,24.37,2,0,0,23,0,8684.38873758065,8511.64,8190.25
2024-02-20 23:15:00,8625.298019245398,24.258901389838524,2,0,0,23,15,8697.92,8435.699712224568,8096.549518311823
2024-02-20 23:30:00,8500.655684433195,24.138691463997368,2,0,0,23,30,8625.298019245398,8365.792426781341,7933.638449502664
2024-02-20 23:45:00,8374.780507404394,24.008635806157525,2,0,0,23,45,8500.655684433195,8293.06392794744,7750.905655942172
2024-02-21 00:00:00,8298.46,23.868,2,0,0,0,0,8374.780507404394,8208.66,7597.74
2024-02-21 00:15:00,8306.90769119466,23.717784520364944,2,0,0,0,15,8298.46,8107.651182175248,7512.448062798805
2024-02-21 00:30:00,8373.041178497619,23.56592940672924,2,0,0,0,30,8306.90769119466,8000.807033545832,7489.007300473276
2024-02-21 00:45:00,8454.204076551769,23.422109589728908,2,0,0,0,45,8373.041178497619,7902.8218681435,7510.312887911109
2024-02-21 01:00:00,8507.74,23.296,2,0,0,1,0,8454.204076551769,7828.39,7559.26
2024-02-21 01:15:00,8502.30996597596,23.194382403701685,2,0,0,1,15,8507.74,7788.720402824438,7621.252761742957
2024-02-21 01:30:00,8451.844601576324,23.11246590908568,2,0,0,1,30,8502.30996597596,7781.080689035332,7691.731098604233
2024-02-21 01:45:00,8381.591936388528,23.042566459926835,2,0,0,1,45,8451.844601576324,7799.253130728561,7768.643886163392
2024-02-21 02:00:00,8316.8,22.977000000000004,2,0,0,2,0,8381.591936388528,7837.02,7849.94
2024-02-21 02:15:00,8276.8805699015,22.910154614828315,2,0,0,2,15,8316.8,7888.353300277005,7932.678077729367
2024-02-21 02:30:00,8257.90041519708,22.844706956928054,2,0,0,2,30,8276.8805699015,7947.983960312841,8010.355805109794
2024-02-21 02:45:00,8250.09005289412,22.78540582056376,2,0,0,2,45,8257.90041519708,8010.832640192258,8075.580629935323
2024-02-21 03:00:00,8243.68,22.737,2,0,0,3,0,8250.09005289412,8071.82,8120.96
2024-02-21 03:15:00,8233.322910668043,22.70213976198505,2,0,0,3,15,8243.68,8128.733271067547,8142.868052339572
2024-02-21 03:30:00,8231.359987635353,22.67508126320212,2,0,0,3,30,8233.322910668043,8190.825969713304,8152.745680956594
2024-02-21 03:45:00,8254.554570784989,22.64798213281812,2,0,0,3,45,8231.359987635353,8270.218183502411,8165.8004690953185
2024-02-21 04:00:00,8319.67,22.613,2,0,0,4,0,8254.554570784989,8379.03,8197.24
2024-02-21 04:15:00,8440.362943676337,22.565801962231472,2,0,0,4,15,8319.67,8524.262834202807,8259.092837912342
2024-02-21 04:30:00,8617.863384261509,22.51609299026348,2,0,0,4,30,8440.362943676337,8692.443410833941,8350.671471063832
2024-02-21 04:45:00,8850.29463271593,22.477087523163743,2,0,0,4,45,8617.863384261509,8864.979782048105,8468.109368683405
2024-02-21 05:00:00,9135.78,22.462,2,0,0,5,0,8850.29463271593,9023.28,8607.54
2024-02-21 05:15:00,9459.748439626615,22.48438676408905,2,0,0,5,15,9135.78,9153.534454621224,8764.740283511062
2024-02-21 05:30:00,9756.85147531861,22.55917177574397,2,0,0,5,30,9459.748439626615,9261.062886950933,8934.060934788082
2024-02-21 05:45:00,9949.0462733513,22.701620899526905,2,0,0,5,45,9756.85147531861,9355.967375805176,9109.49611867106
2024-02-21 06:00:00,9958.29,22.927,2,0,0,6,0,9949.0462733513,9448.35,9285.04
2024-02-21 06:15:00,9742.2359540672,23.245135356412323,2,0,0,6,15,9958.29,9547.768878562298,9453.713684293414
2024-02-21 06:30:00,9401.321964464052,23.644094906760632,2,0,0,6,30,9742.2359540672,9661.60629136233,9604.646039783847
2024-02-21 06:45:00,9071.681992628875,24.10650700372863,2,0,0,6,45,9401.321964464052,9796.700558481196,9725.99287538236
2024-02-21 07:00:00,8889.45,24.615,2,0,0,7,0,9071.681992628875,9959.89,9805.91
2024-02-21 07:15:00,8956.51821285459,25.15435306026167,2,0,0,7,15,8889.45,10159.064718629585,9841.503729315282
2024-02-21 07:30:00,9237.81191682519,25.717948597213496,2,0,0,7,30,8956.51821285459,10406.321947599745,9865.682406076528
2024-02-21 07:45:00,9664.014662383195,26.301319835558573,2,0,0,7,45,9237.81191682519,10714.810702770035,9920.304879799503
2024-02-21 08:00:00,10165.81,26.899999999999995,2,0,0,8,0,9664.014662383195,11097.68,10047.23
2024-02-21 08:15:00,10678.687288264446,27.509327402541,2,0,0,8,15,10165.81,11554.544121919376,10273.16296094546
2024-02-21 08:30:00,11157.359118235192,28.123860704385365,2,0,0,8,30,10678.687288264446,12030.878418238686,10564.19433591005
2024-02-21 08:45:00,11561.34388908834,28.737963654037053,2,0,0,8,45,11157.359118235192,12458.623505438654,10871.261042919614
2024-02-21 09:00:00,11850.16,29.346000000000004,2,0,0,9,0,11561.34388908834,12769.72,11145.3
2024-02-21 09:15:00,11997.19497783762,29.94244670457435,2,0,0,9,15,11850.16,12915.576918692916,11342.90505190288
2024-02-21 09:30:00,12031.31286023404,30.522233585245043,2,0,0,9,30,11997.19497783762,12925.476879445509,11443.297750283276
2024-02-21 09:45:00,11995.246812513438,31.08040367329321,2,0,0,9,45,12031.31286023404,12848.170900475345,11431.35657352203
2024-02-21 10:00:00,11931.73,31.612,2,0,0,10,0,11995.246812513438,12732.41,11291.96
2024-02-21 10:15:00,11877.873112885069,32.1117451541616,2,0,0,10,15,11931.73,12620.861015808954,11025.802300193014
2024-02-21 10:30:00,11848.29694082865,32.573079954634466,2,0,0,10,30,11877.873112885069,12531.854063979286,10696.840912956846
2024-02-21 10:45:00,11851.999798357903,32.9891247777901,2,0,0,10,45,11848.29694082865,12477.635080159973,10384.849069242257
2024-02-21 11:00:00,11897.98,33.353,2,0,0,11,0,11851.999798357903,12470.45,10169.6
2024-02-21 11:15:00,11987.9680393721,33.66068205377923,2,0,0,11,15,11897.98,12514.851830571266,10112.443091075063
2024-02-21 11:30:00,12094.62312645136,33.91957159621708,2,0,0,11,30,11987.9680393721,12584.621864637353,10201.032347889335
2024-02-21 11:45:00,12183.336650304942,34.13992534054639,2,0,0,11,45,12094.62312645136,12645.848466384765,10404.597930758944
2024-02-21 12:00:00,12219.5,34.332,2,0,0,12,0,12183.336650304942,12664.62,10692.37
2024-02-21 12:15:00,12179.850510876531,34.503495380721475,2,0,0,12,15,12219.5,12616.393224405983,11029.578773006737
2024-02-21 12:30:00,12086.509303365903,34.65188366049721,2,0,0,12,30,12179.850510876531,12514.098477471303,11365.4546954858
2024-02-21 12:45:00,11972.943444172324,34.77208011002435,2,0,0,12,45,12086.509303365903,12380.034491800974,11645.228270221967
2024-02-21 13:00:00,11872.62,34.858999999999995,2,0,0,13,0,11972.943444172324,12236.5,11814.13
2024-02-21 13:15:00,11810.219135871776,34.90746142333488,2,0,0,13,15,11872.62,12104.2157405548,11835.715410648005
2024-02-21 13:30:00,11775.273410085028,34.911893761794055,2,0,0,13,30,11810.219135871776,11997.590475477424,11746.840120167455
2024-02-21 13:45:00,11748.528479255763,34.86662921935621,2,0,0,13,45,11775.273410085028,11929.45497266134,11602.68476960318
2024-02-21 14:00:00,11710.73,34.766,2,0,0,14,0,11748.528479255763,11912.64,11458.43
2024-02-21 14:15:00,11650.586070636366,34.60856517593901,2,0,0,14,15,11710.73,11946.908657124815,11360.826459401256
2024-02-21 14:30:00,11588.65455629399,34.409791292326545,2,0,0,14,30,11650.586070636366,11979.753370618992,11322.904823844374
2024-02-21 14:45:00,11553.455763804615,34.189371762550806,2,0,0,14,45,11588.65455629399,11945.59889880367,11349.265776365306
2024-02-21 15:00:00,11573.51,33.967,2,0,0,15,0,11553.455763804615,11778.87,11444.51
2024-02-21 15:15:00,11659.68595658276,33.75576224790907,2,0,0,15,15,11573.51,11445.65244344593,11607.19031424698
2024-02-21 15:30:00,11752.245864739014,33.54231606889976,2,0,0,15,30,11659.68595658276,11038.676042046607,11811.66808445505
2024-02-21 15:45:00,11773.800340525764,33.30671185544058,2,0,0,15,45,11752.245864739014,10682.33161962398,12026.256812435598
2024-02-21 16:00:00,11646.96,33.029,2,0,0,16,0,11773.800340525764,10501.01,12219.27
2024-02-21 16:15:00,11321.360259282596,32.691745207424745,2,0,0,16,15,11646.96,10569.162819091463,12354.55822111083
2024-02-21 16:30:00,10854.735734749953,32.28756943207443,2,0,0,16,30,11321.360259282596,10761.484961194576,12378.120338335424
2024-02-21 16:45:00,10331.845842842327,31.8116089406869,2,0,0,16,45,10854.735734749953,10902.732122700403,12231.492286392302
2024-02-21 17:00:00,9837.45,31.259,2,0,0,17,0,10331.845842842327,10817.66,11856.21
2024-02-21 17:15:00,9442.24956878685,30.63410067239197,2,0,0,17,15,9837.45,10394.39034268822,11230.2275825597
2024-02-21 17:30:00,9160.713696261184,29.97815620280254,2,0,0,17,30,9442.24956878685,9774.50911317508,10477.171812203256
2024-02-21 17:45:00,8993.253475604928,29.341633631811845,2,0,0,17,45,9160.713696261184,9162.968327074404,9757.087635745183
2024-02-21 18:00:00,8940.28,28.775,2,0,0,18,0,8993.253475604928,8764.72,9230.02
2024-02-21 18:15:00,8992.440840570007,28.315992728007384,2,0,0,18,15,8940.28,8722.049716405663,9006.322542400369
2024-02-21 18:30:00,9101.329480205311,27.9514307567154,2,0,0,18,30,8992.440840570007,8926.577336105094,8997.583662851554
2024-02-21 18:45:00,9208.77587973796,27.65540340706572,2,0,0,18,45,9101.329480205311,9207.25628775198,9065.70045187696
2024-02-21 19:00:00,9256.61,27.402,2,0,0,19,0,9208.77587973796,9393.04,9072.57
2024-02-21 19:15:00,9206.465975183122,27.1690534155785,2,0,0,19,15,9256.61,9359.15532293913,8919.853029088823
2024-02-21 19:30:00,9099.194632917572,26.94937077033585,2,0,0,19,30,9206.465975183122,9165.922792404535,8668.264786390537
2024-02-21 19:45:00,8995.450974193238,26.739502739925275,2,0,0,19,45,9099.194632917572,8919.936365667672,8418.28415049698
2024-02-21 20:00:00,8955.89,26.536,2,0,0,20,0,8995.450974193238,8727.79,8270.39
2024-02-21 20:15:00,9019.4513524475,26.33638735967862,2,0,0,20,15,8955.89,8667.562116837815,8295.804247494332
2024-02-21 20:30:00,9138.213238124394,26.142086161941208,2,0,0,20,30,9019.4513524475,8703.268994276765,8448.720941586304
2024-02-21 20:45:00,9242.53850473909,25.955491883233183,2,0,0,20,45,9138.213238124394,8770.41137457733,8654.07716488512
2024-02-21 21:00:00,9262.79,25.779,2,0,0,21,0,9242.53850473909,8804.49,8836.81
2024-02-21 21:15:00,9153.991427526878,25.61436589570701,2,0,0,21,15,9262.79,8759.726990959609,8938.042480933836
2024-02-21 21:30:00,8969.809914584852,25.46078458189932,2,0,0,21,30,9153.991427526878,8665.22998048841,8963.641447264248
2024-02-21 21:45:00,8788.573444350402,25.316810977141976,2,0,0,21,45,8969.809914584852,8568.827979773007,8935.659689962537
2024-02-21 22:00:00,8688.61,25.181,2,0,0,22,0,8788.573444350402,8518.35,8876.15
2024-02-21 22:15:00,8721.234187444994,25.051477182493333,2,0,0,22,15,8688.61,8545.463513073748,8802.259891270318
2024-02-21 22:30:00,8829.707103536197,24.924650510461497,2,0,0,22,30,8721.234187444994,8617.1898337696,8711.515769356702
2024-02-21 22:45:00,8930.276467859305,24.79649858319891,2,0,0,22,45,8829.707103536197,8684.38873758065,8596.538762764732
2024-02-21 23:00:00,8939.19,24.663000000000004,2,0,0,23,0,8930.276467859305,8697.92,8449.95
2024-02-21 23:15:00,8801.081822693153,24.522662874319668,2,0,0,23,15,8939.19,8625.298019245398,8269.911547734888
2024-02-21 23:30:00,8574.131671270356,24.384113376254707,2,0,0,23,30,8801.081822693153,8500.655684433195,8076.749225308952
2024-02-21 23:45:00,8344.905684212381,24.258507190062392,2,0,0,23,45,8574.131671270356,8374.780507404394,7896.329790228539
2024-02-22 00:00:00,8199.97,24.157,2,0,0,0,0,8344.905684212381,8298.46,7754.52
2024-02-22 00:15:00,8200.246490532394,24.085230695228,2,0,0,0,15,8199.97,8306.90769119466,7671.243292790129
2024-02-22 00:30:00,8304.079961382378,24.02677098451968,2,0,0,0,30,8200.246490532394,8373.041178497619,7642.649829407495
2024-02-22 00:45:00,8444.170951541175,23.95967578155152,2,0,0,0,45,8304.079961382378,8454.204076551769,7658.946451321115
2024-02-22 01:00:00,8553.22,23.862,2,0,0,1,0,8444.170951541175,8507.74,7710.34
2024-02-22 01:15:00,8580.061746427264,23.720508094768324,2,0,0,1,15,8553.22,8502.30996597596,7786.151062354596
2024-02-22 01:30:00,8538.067233200125,23.55680268566657,2,0,0,1,30,8580.061746427264,8451.844601576324,7872.155207061066
2024-02-22 01:45:00,8456.741603372922,23.401195933731533,2,0,0,1,45,8538.067233200125,8381.591936388528,7953.241748237004
2024-02-22 02:00:00,8365.59,23.284,2,0,0,2,0,8456.741603372922,8316.8,8014.3
2024-02-22 02:15:00,8288.640273758547,23.226861925698696,2,0,0,2,15,8365.59,8276.8805699015,8044.059801541487
2024-02-22 02:30:00,8228.01110581712,23.21676827281404,2,0,0,2,30,8288.640273758547,8257.90041519708,8046.613092348241
2024-02-22 02:45:00,8180.343884967138,23.23204048352236,2,0,0,2,45,8228.01110581712,8250.09005289412,8029.892336980874
2024-02-22 03:00:00,8142.28,23.251,2,0,0,3,0,8180.343884967138,8243.68,8001.83
2024-02-22 03:15:00,8115.159346038553,23.25596607743689,2,0,0,3,15,8142.28,8233.322910668043,7973.800825229457
2024-02-22 03:30:00,8119.115843531387,23.2452492230773,2,0,0,3,30,8115.159346038553,8231.359987635353,7970.948673545973
2024-02-22 03:45:00,8178.981919258527,23.22115775717905,2,0,0,3,45,8119.115843531387,8254.554570784989,8021.859685089504
2024-02-22 04:00:00,8319.59,23.186000000000003,2,0,0,4,0,8178.981919258527,8319.67,8155.12
2024-02-22 04:15:00,8549.93843583724,23.14413313955373,2,0,0,4,15,8319.59,8440.362943676337,8382.053460040685
2024-02-22 04:30:00,8815.68927005733,23.10810983487679,2,0,0,4,30,8549.93843583724,8617.863384261509,8644.934713467863
2024-02-22 04:45:00,9046.670469248753,23.09253161276145,2,0,0,4,45,8815.68927005733,8850.29463271593,8868.77611016111
2024-02-22 05:00:00,9172.71,23.112,2,0,0,5,0,9046.670469248753,9135.78,8978.59
2024-02-22 05:15:00,9151.28566061248,23.179376364348173,2,0,0,5,15,9172.71,9459.748439626615,8932.192990857802
2024-02-22 05:30:00,9050.474576239294,23.300561437415546,2,0,0,5,30,9151.28566061248,9756.85147531861,8818.618722582567
2024-02-22 05:45:00,8966.00370374646,23.479715791775146,2,0,0,5,45,9050.474576239294,9949.0462733513,8759.705093016053
2024-02-22 06:00:00,8993.6,23.721,2,0,0,6,0,8966.00370374646,9958.29,8877.29
2024-02-22 06:15:00,9195.019234212834,24.02704890305357,2,0,0,6,15,8993.6,9742.2359540672,9246.244889028112
2024-02-22 06:30:00,9496.132424985492,24.394394415461026,2,0,0,6,30,9195.019234212834,9401.321964464052,9753.575396201864
2024-02-22 06:45:00,9788.839403265403,24.818042720137967,2,0,0,6,45,9496.132424985492,9071.681992628875,10239.320705274686
2024-02-22 07:00:00,9965.04,25.293,2,0,0,7,0,9788.839403265403,8889.45,10543.52
2024-02-22 07:15:00,9960.604746286184,25.81258427343755,2,0,0,7,15,9965.04,8956.51821285459,10557.925109279757
2024-02-22 07:30:00,9887.28697381874,26.36336090074036,2,0,0,7,30,9960.604746286184,9237.81191682519,10381.138442609978
2024-02-22 07:45:00,9900.810714441925,26.93020707767299,2,0,0,7,45,9887.28697381874,9664.014662383195,10163.47505463521
2024-02-22 08:00:00,10156.9,27.498,2,0,0,8,0,9900.810714441925,10165.81,10055.25
2024-02-22 08:15:00,10750.451311892431,28.054551503196222,2,0,0,8,15,10156.9,10678.687288264446,10169.780611352868
2024-02-22 08:30:00,11533.050929739553,28.599411981577543,2,0,0,8,30,10750.451311892431,11157.359118235192,10472.393333358226
2024-02-22 08:45:00,12295.457582716896,29.135066469170088,2,0,0,8,45,11533.050929739553,11561.34388908834,10891.416888684476
2024-02-22 09:00:00,12828.43,29.664,2,0,0,9,0,12295.457582716896,11850.16,11355.18
2024-02-22 09:15:00,12984.704224894082,30.18730346377755,2,0,0,9,15,12828.43,11997.19497783762,11799.113226558778
2024-02-22 09:30:00,12864.925557223052,30.70049117294948,2,0,0,9,30,12984.704224894082,12031.31286023404,12187.054473957116
2024-02-22 09:45:00,12631.716610940495,31.19768329564667,2,0,0,9,45,12864.925557223052,11995.246812513438,12489.943484376894
2024-02-22 10:00:00,12447.7,31.673,2,0,0,10,0,12631.716610940495,11931.73,12678.72
2024-02-22 10:15:00,12432.848194781242,32.119890891693586,2,0,0,10,15,12447.7,11877.873112885069,12734.998669912018
2024-02-22 10:30:00,12536.53309136824,32.52912332662454,2,0,0,10,30,12432.848194781242,11848.29694082865,12683.093770813315
2024-02-22 10:45:00,12665.476442271123,32.89079409824323,2,0,0,10,45,12536.53309136824,11851.999798357903,12557.994486307956
2024-02-22 11:00:00,12726.4,33.195,2,0,0,11,0,12665.476442271123,11897.98,12394.69
2024-02-22 11:15:00,12652.563933480958,33.4360235944481,2,0,0,11,15,12726.4,11987.9680393721,12224.396000043149
2024-02-22 11:30:00,12483.38207730398,33.624890520552334,2,0,0,11,30,12652.563933480958,12094.62312645136,12063.234192789623
2024-02-22 11:45:00,12284.806682475011,33.776812186380404,2,0,0,11,45,12483.38207730398,12183.336650304942,11923.55278914129
2024-02-22 12:00:00,12122.79,33.907000000000004,2,0,0,12,0,12284.806682475011,12219.5,11817.7
2024-02-22 12:15:00,12045.057321294924,34.026389730514026,2,0,0,12,15,12122.79,12179.850510876531,11753.63732991539
2024-02-22 12:30:00,12026.42609941584,34.128814591166126,2,0,0,12,30,12045.057321294924,12086.509303365903,11721.779458028184
2024-02-22 12:45:00,12023.486827828836,34.20383215623516,2,0,0,12,45,12026.42609941584,11972.943444172324,11708.15435712689
2024-02-22 13:00:00,11992.83,34.241,2,0,0,13,0,12023.486827828836,11872.62,11698.79
2024-02-22 13:15:00,11906.664281339352,34.232495608495825,2,0,0,13,15,11992.83,11810.219135871776,11684.699992795297
2024-02-22 13:30:00,11799.671025032669,34.180976114783185,2,0,0,13,30,11906.664281339352,11775.273410085028,11676.840475097635
2024-02-22 13:45:00,11722.149756209645,34.09171856367895,2,0,0,13,45,11799.671025032669,11748.528479255763,11691.15321985116
2024-02-22 14:00:00,11724.4,33.97,2,0,0,14,0,11722.149756209645,11710.73,11743.58
2024-02-22 14:15:00,11834.320084597664,33.81915908550268,2,0,0,14,15,11724.4,11650.586070636366,11841.43957390343
2024-02-22 14:30:00,11990.203550453496,33.634780949701145,2,0,0,14,30,11834.320084597664,11588.65455629399,11957.55864158127
2024-02-22 14:45:00,12107.94274108258,33.41051233904904,2,0,0,14,45,11990.203550453496,11553.455763804615,12056.140888468472
2024-02-22 15:00:00,12103.43,33.14,2,0,0,15,0,12107.94274108258,11573.51,12101.39
2024-02-22 15:15:00,11918.29663026999,32.820368049493474,2,0,0,15,15,12103.43,11659.68595658276,12067.035774090984
2024-02-22 15:30:00,11597.12977315335,32.462650086412225,2,0,0,15,30,11918.29663026999,11752.245864739014,11964.912458577282
2024-02-22 15:45:00,11210.255529460035,32.081357080124874,2,0,0,15,45,11597.12977315335,11773.800340525764,11816.380413774945
2024-02-22 16:00:00,10828.0,31.691,2,0,0,16,0,11210.255529460035,11646.96,11642.8
2024-02-22 16:15:00,10504.80448807238,31.304368716523435,2,0,0,16,15,10828.0,11321.360259282596,11457.976860982635
2024-02-22 16:30:00,10231.5711069331,30.927368704649933,2,0,0,16,30,10504.80448807238,10854.735734749953,11245.497774109595
2024-02-22 16:45:00,9983.317172327268,30.56418434045145,2,0,0,16,45,10231.5711069331,10331.845842842327,10981.394800181755
2024-02-22 17:00:00,9735.06,30.219,2,0,0,17,0,9983.317172327268,9837.45,10641.7
2024-02-22 17:15:00,9472.199948690488,29.894250834412787,2,0,0,17,15,9735.06,9442.24956878685,10216.918500728469
2024-02-22 17:30:00,9221.66954911425,29.585375094988045,2,0,0,17,30,9472.199948690488,9160.713696261184,9755.447694984334
2024-02-22 17:45:00,9020.784374980887,29.28606180806929,2,0,0,17,45,9221.66954911425,8993.253475604928,9320.158041748033
2024-02-22 18:00:00,8906.86,28.99,2,0,0,18,0,9020.784374980887,8940.28,8973.92
2024-02-22 18:15:00,8902.761810915668,28.693377945825425,2,0,0,18,15,8906.86,8992.440840570007,8762.843979853496
2024-02-22 18:30:00,8973.554446609898,28.40238091539788,2,0,0,18,30,8902.761810915668,9101.329480205311,8666.000195953073
2024-02-22 18:45:00,9069.852358999178,28.12569342727138,2,0,0,18,45,8973.554446609898,9208.77587973796,8645.698814076115
2024-02-22 19:00:00,9142.27,27.872,2,0,0,19,0,9069.852358999178,9256.61,8664.25
2024-02-22 19:15:00,9153.848120146846,27.647831132285496,2,0,0,19,15,9142.27,9206.465975183122,8688.002611107553
2024-02-22 19:30:00,9117.33266444616,27.451101243420457,2,0,0,19,30,9153.848120146846,9099.194632917572,8699.460271203374
2024-02-22 19:45:00,9057.8958765224,27.277570732845195,2,0,0,19,45,9117.33266444616,8995.450974193238,8685.165295697507
2024-02-22 20:00:00,9000.71,27.123,2,0,0,20,0,9057.8958765224,8955.89,8631.66
2024-02-22 20:15:00,8964.189614746954,26.9825631500326,2,0,0,20,15,9000.71,9019.4513524475,8531.711669466295
2024-02-22 20:30:00,8939.71864560545,26.849089110920307,2,0,0,20,30,8964.189614746954,9138.213238124394,8402.98746923343
2024-02-22 20:45:00,8911.923353661221,26.71482051634786,2,0,0,20,45,8939.71864560545,9242.53850473909,8269.379534383852
2024-02-22 21:00:00,8865.43,26.572,2,0,0,21,0,8911.923353661221,9262.79,8154.78
2024-02-22 21:15:00,8792.724827115338,26.41552564258413,2,0,0,21,15,8865.43,9153.991427526878,8078.668054777271
2024-02-22 21:30:00,8717.734003132038,26.250917312898324,2,0,0,21,30,8792.724827115338,8969.809914584852,8042.8711018629
2024-02-22 21:45:00,8672.24367758272,26.08635032676337,2,0,0,21,45,8717.734003132038,8788.573444350402,8044.803598017079
2024-02-22 22:00:00,8688.04,25.930000000000003,2,0,0,22,0,8672.24367758272,8688.61,8081.88
2024-02-22 22:15:00,8781.543108041697,25.788240529630915,2,0,0,22,15,8688.04,8721.234187444994,8148.785017674621
2024-02-22 22:30:00,8907.7090918664,25.6602416374864,2,0,0,22,30,8781.543108041697,8829.707103536197,8229.284373314968
2024-02-22 22:45:00,9006.128029757903,25.54337192659869,2,0,0,22,45,8907.7090918664,8930.276467859305,8304.414042297829
2024-02-22 23:00:00,9016.39,25.435,2,0,0,23,0,9006.128029757903,8939.19,8355.21
2024-02-22 23:15:00,8898.279615717882,25.33312161389224,2,0,0,23,15,9016.39,8801.081822693153,8366.360624524244
2024-02-22 23:30:00,8692.359629402365,25.23824113715608,2,0,0,23,30,8898.279615717882,8574.131671270356,8337.163904877229
2024-02-22 23:45:00,8459.387328385665,25.15149009184188,2,0,0,23,45,8692.359629402365,8344.905684212381,8270.5702327916
2024-02-23 00:00:00,8260.12,25.074,2,0,0,0,0,8459.387328385665,8199.97,8169.53
2024-02-23 00:15:00,8141.501397836779,25.00567926480014,2,0,0,0,15,8260.12,8200.246490532394,8040.152796728404
2024-02-23 00:30:00,8095.221140524145,24.941543813889297,2,0,0,0,30,8141.501397836779,8304.079961382378,7901.185007176114
2024-02-23 00:45:00,8099.155312949441,24.8753864560338,2,0,0,0,45,8095.221140524145,8444.170951541175,7774.532214035768
2024-02-23 01:00:00,8131.18,24.801,2,0,0,1,0,8099.155312949441,8553.22,7682.1
2024-02-23 01:15:00,8171.41588668501,24.714661326907205,2,0,0,1,15,8131.18,8580.061746427264,7639.092094812144
2024-02-23 01:30:00,8208.962058501056,24.622583607286742,2,0,0,1,30,8171.41588668501,8538.067233200125,7633.904816418314
2024-02-23 01:45:00,8235.162201066574,24.533464084022903,2,0,0,1,45,8208.962058501056,8456.741603372922,7648.232629815328
2024-02-23 02:00:00,8241.36,24.456,2,0,0,2,0,8235.162201066574,8365.59,7663.77
2024-02-23 02:15:00,8223.304117923184,24.396534802571026,2,0,0,2,15,8241.36,8288.640273758547,7667.226792773025
2024-02-23 02:30:00,8194.363125471633,24.35199675696373,2,0,0,2,30,8223.304117923184,8228.01110581712,7665.374477150628
2024-02-23 02:45:00,8172.310570284264,24.316960332874576,2,0,0,2,45,8194.363125471633,8180.343884967138,7669.999922952918
2024-02-23 03:00:00,8174.92,24.286,2,0,0,3,0,8172.310570284264,8142.28,7692.89
2024-02-23 03:15:00,8214.302172872256,24.254136962808698,2,0,0,3,15,8174.92,8115.159346038553,7742.506515345757
2024-02-23 03:30:00,8279.91668961242,24.21817936485833,2,0,0,3,30,8214.302172872256,8119.115843531387,7814.011024979172
2024-02-23 03:45:00,8355.560361546373,24.175382084478795,2,0,0,3,45,8279.91668961242,8178.981919258527,7899.240022123001
2024-02-23 04:00:00,8425.03,24.123,2,0,0,4,0,8355.560361546373,8319.59,7990.03
2024-02-23 04:15:00,8478.662503087795,24.0611360961942,2,0,0,4,15,8425.03,8549.93843583724,8080.846677093945
2024-02-23 04:30:00,8532.955116078694,24.001285783602967,2,0,0,4,30,8478.662503087795,8815.68927005733,8176.672672932683
2024-02-23 04:45:00,8610.945171030246,23.95779257921026,2,0,0,4,45,8532.955116078694,9046.670469248753,8285.119832305078
2024-02-23 05:00:00,8735.67,23.945,2,0,0,5,0,8610.945171030246,9172.71,8413.8
2024-02-23 05:15:00,8919.793283526567,23.97667802741453,2,0,0,5,15,8735.67,9151.28566061248,8563.692245028462
2024-02-23 05:30:00,9134.484096072809,24.06430250072981,2,0,0,5,30,8919.793283526567,9050.474576239294,8709.244533290093
2024-02-23 05:45:00,9340.537860582646,24.21877572368017,2,0,0,5,45,9134.484096072809,8966.00370374646,8818.27205490668
2024-02-23 06:00:00,9498.75,24.451,2,0,0,6,0,9340.537860582646,8993.6,8858.59
2024-02-23 06:15:00,9580.410769055932,24.766354919147684,2,0,0,6,15,9498.75,9195.019234212834,8814.086999042209
2024-02-23 06:30:00,9598.789749630068,25.148129213477816,2,0,0,6,30,9580.410769055932,9496.132424985492,8732.945443906938
2024-02-23 06:45:00,9577.65135538917,25.574088901069043,2,0,0,6,45,9598.789749630068,9788.839403265403,8679.421166818202
2024-02-23 07:00:00,9540.76,26.021999999999995,2,0,0,7,0,9577.65135538917,9965.04,8717.77
2024-02-23 07:15:00,9514.541765249702,26.475058545994724,2,0,0,7,15,9540.76,9960.604746286184,8895.906321302711
2024-02-23 07:30:00,9536.069405406915,26.938180645358912,2,0,0,7,30,9514.541765249702,9887.28697381874,9196.378691082153
2024-02-23 07:45:00,9645.077342860675,27.421712422043644,2,0,0,7,45,9536.069405406915,9900.810714441925,9585.394215320524
2024-02-23 08:00:00,9881.3,27.936,2,0,0,8,0,9645.077342860675,10156.9,10029.16
2024-02-23 08:15:00,10264.996857445263,28.4861765218734,2,0,0,8,15,9881.3,10750.451311892431,10493.628809496957
2024-02-23 08:30:00,10738.527628742258,29.05652320508652,2,0,0,8,30,10264.996857445263,11533.050929739553,10943.736041764449
2024-02-23 08:45:00,11224.777085668124,29.626108285756384,2,0,0,8,45,10738.527628742258,12295.457582716896,11344.162753149718
2024-02-23 09:00:00,11646.63,30.174,2,0,0,9,0,11224.777085668124,12828.43,11659.59
2024-02-23 09:15:00,11945.90392996924,30.68189161651169,2,0,0,9,15,11646.63,12984.704224894082,11863.70125320947
2024-02-23 09:30:00,12140.147579624048,31.141976534295004,2,0,0,9,30,11945.90392996924,12864.925557223052,11966.189641860055
2024-02-23 09:45:00,12265.842439466824,31.549073184930823,2,0,0,9,45,12140.147579624048,12631.716610940495,11985.75070958061
2024-02-23 10:00:00,12359.47,31.898,2,0,0,10,0,12265.842439466824,12447.7,11941.08
2024-02-23 10:15:00,12449.328516427771,32.187491387079845,2,0,0,10,15,12359.47,12432.848194781242,11853.632740165163
2024-02-23 10:30:00,12530.983302761557,32.43194565773344,2,0,0,10,30,12449.328516427771,12536.53309136824,11755.902890795338
2024-02-23 10:45:00,12591.816437714562,32.64967709952032,2,0,0,10,45,12530.983302761557,12665.476442271123,11683.144096027843
2024-02-23 11:00:00,12619.21,32.859,2,0,0,11,0,12591.816437714562,12726.4,11670.61
2024-02-23 11:15:00,12606.663723069669,33.07317408516893,2,0,0,11,15,12619.21,12652.563933480958,11741.45216112988
2024-02-23 11:30:00,12572.147959329726,33.285240834771216,2,0,0,11,30,12606.663723069669,12483.38207730398,11870.413794958591
2024-02-23 11:45:00,12539.750715924918,33.483187166987896,2,0,0,11,45,12572.147959329726,12284.806682475011,12020.136031308011
2024-02-23 12:00:00,12533.56,33.655,2,0,0,12,0,12539.750715924918,12122.79,12153.26
2024-02-23 12:15:00,12569.991278793555,33.79070289724445,2,0,0,12,15,12533.56,12045.057321294924,12239.299552815322
2024-02-23 12:30:00,12634.76985991954,33.8884660031817,2,0,0,12,30,12569.991278793555,12026.42609941584,12275.259429370291
2024-02-23 12:45:00,12705.948511085757,33.9484961075281,2,0,0,12,45,12634.76985991954,12023.486827828836,12265.01709124012
2024-02-23 13:00:00,12761.58,33.971000000000004,2,0,0,13,0,12705.948511085757,11992.83,12212.45
2024-02-23 13:15:00,12782.397724256109,33.95495182585329,2,0,0,13,15,12761.58,11906.664281339352,12124.665565108831
2024-02-23 13:30:00,12759.857600992107,33.894395152502014,2,0,0,13,30,12782.397724256109,11799.671025032669,12021.690987560232
2024-02-23 13:45:00,12688.09617723205,33.78214090289972,2,0,0,13,45,12759.857600992107,11722.149756209645,11926.783416231525
2024-02-23 14:00:00,12561.25,33.611000000000004,2,0,0,14,0,12688.09617723205,11724.4,11863.2
2024-02-23 14:15:00,12378.835011682002,33.3806460493424,2,0,0,14,15,12561.25,11834.320084597664,11847.58381174936
2024-02-23 14:30:00,12161.884736112032,33.11820338681028,2,0,0,14,30,12378.835011682002,11990.203550453496,11870.121620388774
2024-02-23 14:45:00,11936.812092486043,32.85765903087303,2,0,0,14,45,12161.884736112032,12107.94274108258,11914.386118833803
2024-02-23 15:00:00,11730.03,32.633,2,0,0,15,0,11936.812092486043,12103.43,11963.95
2024-02-23 15:15:00,11559.799885265878,32.46485460177716,2,0,0,15,15,11730.03,11918.29663026999,12000.519812893745
2024-02-23 15:30:00,11411.777204559769,32.32041630025689,2,0,0,15,30,11559.799885265878,11597.12977315335,11998.337530884675
2024-02-23 15:45:00,11263.46592157377,32.15351984860817,2,0,0,15,45,11411.777204559769,11210.255529460035,11929.77898343327
2024-02-23 16:00:00,11092.37,31.918,2,0,0,16,0,11263.46592157377,10828.0,11767.22
2024-02-23 16:15:00,10880.91091600448,31.584154293548977,2,0,0,16,15,11092.37,10504.80448807238,11492.817405425676
2024-02-23 16:30:00,10631.180195648903,31.188131412162186,2,0,0,16,30,10880.91091600448,10231.5711069331,11127.852006072524
2024-02-23 16:45:00,10350.186877468876,30.782542824694293,2,0,0,16,45,10631.180195648903,9983.317172327268,10703.385603683108
2024-02-23 17:00:00,10044.94,30.42,2,0,0,17,0,10350.186877468876,9735.06,10250.48
2024-02-23 17:15:00,9728.928481966195,30.13721572402692,2,0,0,17,15,10044.94,9472.199948690488,9800.58994040355
2024-02-23 17:30:00,9441.560762844618,29.907308051094383,2,0,0,17,30,9728.928481966195,9221.66954911425,9386.741944825228
2024-02-23 17:45:00,9228.72516230073,29.68749635261466,2,0,0,17,45,9441.560762844618,9020.784374980887,9042.355476834296
2024-02-23 18:00:00,9136.31,29.435,2,0,0,18,0,9228.72516230073,8906.86,8800.85
2024-02-23 18:15:00,9191.046718630732,29.120654685343336,2,0,0,18,15,9136.31,8902.761810915668,8681.079707960127
2024-02-23 18:30:00,9343.03925297262,28.76976138346027,2,0,0,18,30,9191.046718630732,8973.554446609898,8643.63771462656
2024-02-23 18:45:00,9523.234660828197,28.421237389847068,2,0,0,18,45,9343.03925297262,9069.852358999178,8634.551863979712
2024-02-23 19:00:00,9662.58,28.114,2,0,0,19,0,9523.234660828197,9142.27,8599.85
2024-02-23 19:15:00,9706.789331010874,27.876837409599734,2,0,0,19,15,9662.58,9153.848120146846,8503.299977755947
2024-02-23 19:30:00,9660.6447252649,27.69802141506453,2,0,0,19,30,9706.789331010874,9117.33266444616,8379.629696668535
2024-02-23 19:45:00,9543.695256886478,27.55569471299707,2,0,0,19,45,9660.6447252649,9057.8958765224,8281.307067246853
2024-02-23 20:00:00,9375.49,27.428,2,0,0,20,0,9543.695256886478,9000.71,8260.8
2024-02-23 20:15:00,9178.559238575775,27.297026926257733,2,0,0,20,15,9375.49,8964.189614746954,8349.486787266085
2024-02-23 20:30:00,8987.358095967777,27.160652956281595,2,0,0,20,30,9178.559238575775,8939.71864560545,8494.387248699304
2024-02-23 20:45:00,8839.322905375888,27.020702508164664,2,0,0,20,45,8987.358095967777,8911.923353661221,8621.431585782871
2024-02-23 21:00:00,8771.89,26.879,2,0,0,21,0,8839.322905375888,8865.43,8656.55
2024-02-23 21:15:00,8806.657933436025,26.73799238536936,2,0,0,21,15,8771.89,8792.724827115338,8550.834748179706
2024-02-23 21:30:00,8901.874140863994,26.60261675980909,2,0,0,21,30,8806.657933436025,8717.734003132038,8356.02630853424
2024-02-23 21:45:00,8999.948277859967,26.478432754344297,2,0,0,21,45,8901.874140863994,8672.24367758272,8149.027214621654
2024-02-23 22:00:00,9043.29,26.371,2,0,0,22,0,8999.948277859967,8688.04,8006.74
2024-02-23 22:15:00,8991.294496430126,26.282722282264867,2,0,0,22,15,9043.29,8781.543108041697,7983.344220015085
2024-02-23 22:30:00,8871.29909057625,26.20338000448201,2,0,0,22,30,8991.294496430126,8907.7090918664,8042.127517163729
2024-02-23 22:45:00,8727.626639434251,26.11959772445816,2,0,0,22,45,8871.29909057625,9006.128029757903,8123.654555730509
2024-02-23 23:00:00,8604.6,26.018,2,0,0,23,0,8727.626639434251,9016.39,8168.49
2024-02-23 23:15:00,8536.72986209347,25.88943098557117,2,0,0,23,15,8604.6,8898.279615717882,8133.9769655099535
2024-02-23 23:30:00,8519.278246831002,25.74161322226284,2,0,0,23,30,8536.72986209347,8692.359629402365,8044.57237281084
2024-02-23 23:45:00,8537.695008153034,25.58648884782309,2,0,0,23,45,8519.278246831002,8459.387328385665,7941.511593706306
2024-02-24 00:00:00,8577.43,25.436,2,0,1,0,0,8537.695008153034,8260.12,7866.03
2024-02-24 00:15:00,8623.389961445995,25.300225650450457,2,0,1,0,15,8577.43,8141.501397836779,7848.214792945098
2024-02-24 00:30:00,8658.309172099742,25.181792106466617,2,0,1,0,30,8623.389961445995,8095.221140524145,7873.560491592907
2024-02-24 00:45:00,8664.378796703617,25.08146250924948,2,0,1,0,45,8658.309172099742,8099.155312949441,7916.413444444263
2024-02-24 01:00:00,8623.79,25.0,2,0,1,1,0,8664.378796703617,8131.18,7951.12
2024-02-24 01:15:00,8528.38060462255,24.93666641262701,2,0,1,1,15,8623.79,8171.41588668501,7957.74480020965
2024-02-24 01:30:00,8408.57506477004,24.88471835187068,2,0,1,1,30,8528.38060462255,8208.962058501056,7939.225660817528
2024-02-24 01:45:00,8304.444492532506,24.835911115179,2,0,1,1,45,8408.57506477004,8235.162201066574,7904.218691016641
2024-02-24 02:00:00,8256.06,24.782,2,0,1,2,0,8304.444492532506,8241.36,7861.38
2024-02-24 02:15:00,8289.402932563797,24.7187024490415,2,0,1,2,15,8256.06,8223.304117923184,7819.566318716299
2024-02-24 02:30:00,8374.095568820105,24.657584486050663,2,0,1,2,30,8289.402932563797,8194.363125471633,7788.436865136981
2024-02-24 02:45:00,8465.670420666358,24.614174280034504,2,0,1,2,45,8374.095568820105,8172.310570284264,7777.8514789891715
2024-02-24 03:00:00,8519.66,24.604,2,0,1,3,0,8465.670420666358,8174.92,7797.67
2024-02-24 03:15:00,8506.38485262226,24.635570666206988,2,0,1,3,15,8519.66,8214.302172872256,7853.020706175151
2024-02-24 03:30:00,8455.317659949542,24.68931870392665,2,0,1,3,30,8506.38485262226,8279.91668961242,7930.105628634546
2024-02-24 03:45:00,8410.719137302056,24.73865738968298,2,0,1,3,45,8455.317659949542,8355.560361546373,8010.395236776669
2024-02-24 04:00:00,8416.85,24.757,2,0,1,4,0,8410.719137302056,8425.03,8075.36
2024-02-24 04:15:00,8503.83171944717,24.72628051113054,2,0,1,4,15,8416.85,8478.662503087795,8114.898512833098
2024-02-24 04:30:00,8645.228791381727,24.662515698242736,2,0,1,4,30,8503.83171944717,8532.955116078694,8152.621870324831
2024-02-24 04:45:00,8800.466467625418,24.59024303623357,2,0,1,4,45,8645.228791381727,8610.945171030246,8220.56929265415
2024-02-24 05:00:00,8928.97,24.534,2,0,1,5,0,8800.466467625418,8735.67,8350.78
2024-02-24 05:15:00,9001.65467583906,24.513276039270856,2,0,1,5,15,8928.97,8919.793283526567,8559.781961242461
2024-02-24 05:30:00,9035.395924523553,24.527368503102394,2,0,1,5,30,9001.65467583906,9134.484096072809,8802.058140066127
2024-02-24 05:45:00,9058.559210946269,24.57052671538274,2,0,1,5,45,9035.395924523553,9340.537860582646,9016.58024885673
2024-02-24 06:00:00,9099.51,24.637000000000004,2,0,1,6,0,9058.559210946269,9498.75,9142.32
2024-02-24 06:15:00,9184.089108446591,24.725380956786047,2,0,1,6,15,9099.51,9580.410769055932,9139.328954697066
2024-02-24 06:30:00,9328.038760524068,24.851635289347687,2,0,1,6,30,9184.089108446591,9598.789749630068,9051.978069410665
2024-02-24 06:45:00,9544.576532339514,25.03607197723548,2,0,1,6,45,9328.038760524068,9577.65135538917,8945.718149418928
2024-02-24 07:00:00,9846.92,25.299,2,0,1,7,0,9544.576532339514,9540.76,8886.0
2024-02-24 07:15:00,10234.03498412458,25.65315325858497,2,0,1,7,15,9846.92,9514.541765249702,8931.077376219278
2024-02-24 07:30:00,10647.880283380176,26.080965339506875,2,0,1,7,30,10234.03498412458,9536.069405406915,9110.41583229122
2024-02-24 07:45:00,11016.162940945684,26.557294750675336,2,0,1,7,45,10647.880283380176,9645.077342860675,9446.283872217557
2024-02-24 08:00:00,11266.59,27.057,2,0,1,8,0,11016.162940945684,9881.3,9960.95
2024-02-24 08:15:00,11355.783767555096,27.55927163387405,2,0,1,8,15,11266.59,10264.996857445263,10652.066227925829
2024-02-24 08:30:00,11356.02760595523,28.060628352624818,2,0,1,8,30,11355.783767555096,10738.527628742258,11418.818601424457
2024-02-24 08:45:00,11368.520141377752,28.56192089506317,2,0,1,8,45,11356.02760595523,11224.777085668124,12135.776674210858
2024-02-24 09:00:00,11494.46,29.064,2,0,1,9,0,11368.520141377752,11646.63,12677.51
2024-02-24 09:15:00,11796.676195655047,29.563682080918824,2,0,1,9,15,11494.46,11945.90392996924,12950.690524577423
2024-02-24 09:30:00,12184.519292798905,30.041646249993853,2,0,1,9,30,11796.676195655047,12140.147579624048,12990.39976201096
2024-02-24 09:45:00,12528.970243543308,30.47453729407196,2,0,1,9,45,12184.519292798905,12265.842439466824,12863.821618439017
2024-02-24 10:00:00,12701.01,30.839,2,0,1,10,0,12528.970243543308,12359.47,12638.14
2024-02-24 10:15:00,12617.138168574716,31.11920316745065,2,0,1,10,15,12701.01,12449.328516427771,12376.098861264483
2024-02-24 10:30:00,12375.928972849151,31.32941164739977,2,0,1,10,30,12617.138168574716,12530.983302761557,12122.682350531704
2024-02-24 10:45:00,12121.475290699016,31.491414303649,2,0,1,10,45,12375.928972849151,12591.816437714562,11918.434664533075
2024-02-24 11:00:00,11997.87,31.627,2,0,1,11,0,12121.475290699016,12619.21,11803.9
2024-02-24 11:15:00,12105.338786296095,31.75356774927856,2,0,1,11,15,11997.87,12606.663723069669,11803.436686614648
2024-02-24 11:30:00,12368.638565804484,31.870957160407063,2,0,1,11,30,12105.338786296095,12572.147959329726,11876.659585862217
2024-02-24 11:45:00,12668.659062410628,31.974617991332035,2,0,1,11,45,12368.638565804484,12539.750715924918,11966.99769217868
2024-02-24 12:00:00,12886.29,32.06,2,0,1,12,0,12668.659062410628,12533.56,12017.88
2024-02-24 12:15:00,12933.8754362409,32.122103960435105,2,0,1,12,15,12886.29,12569.991278793555,11988.962517276934
2024-02-24 12:30:00,12849.576763932922,32.15413471097197,2,0,1,12,30,12933.8754362409,12634.76985991954,11904.809306019422
2024-02-24 12:45:00,12703.00970965848,32.14884810602285,2,0,1,12,45,12849.576763932922,12705.948511085757,11806.211441752204
2024-02-24 13:00:00,12563.79,32.099000000000004,2,0,1,13,0,12703.00970965848,12761.58,11733.96
2024-02-24 13:15:00,12484.512124990302,32.00109453398105,2,0,1,13,15,12563.79,12782.397724256109,11718.019025527612
2024-02-24 13:30:00,12449.685628463836,31.866628995705085,2,0,1,13,30,12484.512124990302,12759.857600992107,11745.044440060085
2024-02-24 13:45:00,12426.798817705452,31.71084895957658,2,0,1,13,45,12449.685628463836,12688.09617723205,11790.86513456251
2024-02-24 14:00:00,12383.34,31.549,2,0,1,14,0,12426.798817705452,12561.25,11831.31
2024-02-24 14:15:00,12295.09997004789,31.39247102864072,2,0,1,14,15,12383.34,12378.835011682002,11843.63606811261
2024-02-24 14:30:00,12171.079472211735,31.23722430620771,2,0,1,14,30,12295.09997004789,12161.884736112032,11810.81293374024
2024-02-24 14:45:00,12028.581738269717,31.07536543067085,2,0,1,14,45,12171.079472211735,11936.812092486043,11717.238332497753
2024-02-24 15:00:00,11884.91,30.899,2,0,1,15,0,12028.581738269717,11730.03,11547.31
2024-02-24 15:15:00,11753.039869818142,30.70244322645608,2,0,1,15,15,11884.91,11559.799885265878,11298.829514521942
2024-02-24 15:30:00,11628.636482689217,30.488848779464085,2,0,1,15,30,11753.039869818142,11411.777204559769,11023.213824978946
2024-02-24 15:45:00,11503.037354215685,30.263579942740044,2,0,1,15,45,11628.636482689217,11263.46592157377,10785.283722946477
2024-02-24 16:00:00,11367.58,30.032000000000004,2,0,1,16,0,11503.037354215685,11092.37,10649.86
2024-02-24 16:15:00,11213.651956929549,29.79963106553497,2,0,1,16,15,11367.58,10880.91091600448,10654.91665504962
2024-02-24 16:30:00,11032.8408470314,29.572630575935968,2,0,1,16,30,11213.651956929549,10631.180195648903,10731.040516343974
2024-02-24 16:45:00,10816.78431361755,29.357314798368986,2,0,1,16,45,11032.8408470314,10350.186877468876,10781.971619466343
2024-02-24 17:00:00,10557.12,29.16,2,0,1,17,0,10816.78431361755,10044.94,10711.45
2024-02-24 17:15:00,10255.13511496367,28.98292313640404,2,0,1,17,15,10557.12,9728.928481966195,10454.291834029582
2024-02-24 17:30:00,9950.71512918519,28.81200391679205,2,0,1,17,30,10255.13511496367,9441.560762844618,10069.617859645155
2024-02-24 17:45:00,9693.395078814114,28.62908273878405,2,0,1,17,45,9950.71512918519,9228.72516230073,9647.624955438154
2024-02-24 18:00:00,9532.71,28.416,2,0,1,18,0,9693.395078814114,9136.31,9278.51
2024-02-24 18:15:00,9498.530083215772,28.161395138848903,2,0,1,18,15,9532.71,9191.046718630732,9032.755071332052
2024-02-24 18:30:00,9542.06613622784,27.881103756895826,2,0,1,18,30,9498.530083215772,9343.03925297262,8901.983045075394
2024-02-24 18:45:00,9594.864121125993,27.59776049649483,2,0,1,18,45,9542.06613622784,9523.234660828197,8858.101996281042
2024-02-24 19:00:00,9588.47,27.334,2,0,1,19,0,9594.864121125993,9662.58,8873.02
2024-02-24 19:15:00,9475.00955217324,27.10743380820035,2,0,1,19,15,9588.47,9706.789331010874,8920.657411892207
2024-02-24 19:30:00,9288.927825903442,26.91558105562466,2,0,1,19,30,9475.00955217324,9660.6447252649,8982.983710053262
2024-02-24 19:45:00,9085.249686681922,26.75093777523664,2,0,1,19,45,9288.927825903442,9543.695256886478,9043.980653187686
2024-02-24 20:00:00,8919.0,26.606,2,0,1,20,0,9085.249686681922,9375.49,9087.63
2024-02-24 20:15:00,8832.844208091265,26.47341650334969,2,0,1,20,15,8919.0,9178.559238575775,9100.23606234912
2024-02-24 20:30:00,8820.01006015839,26.34644702060554,2,0,1,20,30,8832.844208091265,8987.358095967777,9077.393364711554
2024-02-24 20:45:00,8861.365882146321,26.218504027558623,2,0,1,20,45,8820.01006015839,8839.322905375888,9017.018984718214
2024-02-24 21:00:00,8937.78,26.083,2,0,1,21,0,8861.365882146321,8771.89,8917.03
2024-02-24 21:15:00,9030.2170529617,25.937353303400897,2,0,1,21,15,8937.78,8806.657933436025,8779.757244961314
2024-02-24 21:30:00,9120.026933463,25.79500586195318,2,0,1,21,30,9030.2170529617,8901.874140863994,8625.186581100515
2024-02-24 21:45:00,9188.655847232798,25.673405489528875,2,0,1,21,45,9120.026933463,8999.948277859967,8477.717626689462
2024-02-24 22:00:00,9217.55,25.590000000000003,2,0,1,22,0,9188.655847232798,9043.29,8361.75
2024-02-24 22:15:00,9192.880080061934,25.554482783046733,2,0,1,22,15,9217.55,8991.294496430126,8293.355895305625
2024-02-24 22:30:00,9119.714705989614,25.54552953158176,2,0,1,22,30,9192.880080061934,8871.29909057625,8255.297810886379
2024-02-24 22:45:00,9007.846978922493,25.5340615143259,2,0,1,22,45,9119.714705989614,8727.626639434251,8222.010821023945
2024-02-24 23:00:00,8867.07,25.491000000000003,2,0,1,23,0,9007.846978922493,8604.6,8167.93
2024-02-24 23:15:00,8710.017158040566,25.3956218144122,2,0,1,23,15,8867.07,8536.72986209347,8077.429486316187
2024-02-24 23:30:00,8560.682992578533,25.26062601171984,2,0,1,23,30,8710.017158040566,8519.278246831002,7974.639675353968
2024-02-24 23:45:00,8445.902330827237,25.10706720316756,2,0,1,23,45,8560.682992578533,8537.695008153034,7893.630026714765
2024-02-25 00:00:00,8392.51,24.956,2,0,1,0,0,8445.902330827237,8577.43,7868.47
2024-02-25 00:15:00,8416.929100275807,24.824311209304472,2,0,1,0,15,8392.51,8623.389961445995,7919.929284429629
2024-02-25 00:30:00,8493.935823696247,24.712216421538905,2,0,1,0,30,8416.929100275807,8658.309172099742,8015.578487697749
2024-02-25 00:45:00,8587.894635268565,24.615763423003887,2,0,1,0,45,8493.935823696247,8664.378796703617,8109.688447116995
2024-02-25 01:00:00,8663.17,24.531,2,0,1,1,0,8587.894635268565,8623.79,8156.53
2024-02-25 01:15:00,8692.792065856205,24.453992723369904,2,0,1,1,15,8663.17,8528.38060462255,8124.425875965299
2024-02-25 01:30:00,8684.453712636476,24.38088330212453,2,0,1,1,30,8692.792065856205,8408.57506477004,8037.906373855037
2024-02-25 01:45:00,8654.513503098506,24.307832229816896,2,0,1,1,45,8684.453712636476,8304.444492532506,7935.553684817255
2024-02-25 02:00:00,8619.33,24.231,2,0,1,2,0,8654.513503098506,8256.06,7855.95
2024-02-25 02:15:00,8591.15607379937,24.14768664721592,2,0,1,2,15,8619.33,8289.402932563797,7827.873461709173
2024-02-25 02:30:00,8565.821825757857,24.059750369962966,2,0,1,2,30,8591.15607379937,8374.095568820105,7840.886016882106
2024-02-25 02:45:00,8535.051664837414,23.970188907728527,2,0,1,2,45,8565.821825757857,8465.670420666358,7874.745563613986
2024-02-25 03:00:00,8490.57,23.882,2,0,1,3,0,8535.051664837414,8519.66,7909.21
2024-02-25 03:15:00,8431.898482696317,23.797198187766444,2,0,1,3,15,8490.57,8506.38485262226,7930.203089698008
2024-02-25 03:30:00,8389.747734332099,23.713865218023624,2,0,1,3,30,8431.898482696317,8455.317659949542,7948.312058616541
2024-02-25 03:45:00,8402.625618801829,23.629099639269,2,0,1,3,45,8389.747734332099,8410.719137302056,7980.289998226804
2024-02-25 04:00:00,8509.04,23.54,2,0,1,4,0,8402.625618801829,8416.85,8042.89
2024-02-25 04:15:00,8727.959682915363,23.44872372671832,2,0,1,4,15,8509.04,8503.83171944717,8143.079023248797
2024-02-25 04:30:00,9000.197236913753,23.377663757942543,2,0,1,4,30,8727.959682915363,8645.228791381727,8248.67949865173
2024-02-25 04:45:00,9247.026172455262,23.354271910195497,2,0,1,4,45,9000.197236913753,8800.466467625418,8317.727724728798
2024-02-25 05:00:00,9389.72,23.406,2,0,1,5,0,9247.026172455262,8928.97,8308.26
2024-02-25 05:15:00,9371.918879392228,23.55184440536028,2,0,1,5,15,9389.72,9001.65467583906,8205.966129806804
2024-02-25 05:30:00,9226.729568012894,23.776979750206195,2,0,1,5,30,9371.918879392228,9035.395924523553,8107.149946776541
2024-02-25 05:45:00,9009.625472627116,24.05812521994901,2,0,1,5,45,9226.729568012894,9058.559210946269,8135.768790358007
2024-02-25 06:00:00,8776.08,24.372,2,0,1,6,0,9009.625472627116,9099.51,8415.78
2024-02-25 06:15:00,8577.82558076572,24.701195526840568,2,0,1,6,15,8776.08,9184.089108446591,9012.837395023987
2024-02-25 06:30:00,8451.630741034667,25.05179224123268,2,0,1,6,30,8577.82558076572,9328.038760524068,9759.38071424211
2024-02-25 06:45:00,8430.52303078628,25.43574283500845,2,0,1,6,45,8451.630741034667,9544.576532339514,10429.546176339176
2024-02-25 07:00:00,8547.53,25.864999999999995,2,0,1,7,0,8430.52303078628,9846.92,10797.47
2024-02-25 07:15:00,8823.106610044888,26.34617036227745,2,0,1,7,15,8547.53,10234.03498412458,10719.979133847246
2024-02-25 07:30:00,9227.41746784844,26.86447628486308,2,0,1,7,30,8823.106610044888,10647.880283380176,10384.663446255025
2024-02-25 07:45:00,9718.054591727772,27.39979406501716,2,0,1,7,45,9227.41746784844,11016.162940945684,10061.803535535286
2024-02-25 08:00:00,10252.61,27.932,2,0,1,8,0,9718.054591727772,11266.59,10021.68
2024-02-25 08:15:00,10789.597041554733,28.44362302404961,2,0,1,8,15,10252.61,11355.783767555096,10450.235600837024
2024-02-25 08:30:00,11291.214387571576,28.927802619315003,2,0,1,8,30,10789.597041554733,11356.02760595523,11196.0617507378
2024-02-25 08:45:00,11720.582039802632,29.38033090492289,2,0,1,8,45,11291.214387571576,11368.520141377752,12023.41202526968
2024-02-25 09:00:00,12040.82,29.797,2,0,1,9,0,11720.582039802632,11494.46,12696.54
2024-02-25 09:15:00,12228.30084873618,30.17516566652408,2,0,1,9,15,12040.82,11796.676195655047,13037.634244054663
2024-02-25 09:30:00,12312.407481865252,30.518438237876914,2,0,1,9,30,12228.30084873618,12184.519292798905,13100.623300793775
2024-02-25 09:45:00,12335.7753740617,30.83199169029129,2,0,1,9,45,12312.407481865252,12528.970243543308,12997.370707136002
2024-02-25 10:00:00,12341.04,31.120999999999995,2,0,1,10,0,12335.7753740617,12701.01,12839.74
2024-02-25 10:15:00,12362.556282250547,31.38894868485405,2,0,1,10,15,12341.04,12617.138168574716,12717.493360444323
2024-02-25 10:30:00,12401.556934967412,31.63256942917733,2,0,1,10,30,12362.556282250547,12375.928972849151,12631.987546087095
2024-02-25 10:45:00,12450.994120200568,31.846905458911948,2,0,1,10,45,12401.556934967412,12121.475290699016,12562.477958686315
2024-02-25 11:00:00,12503.82,32.027,2,0,1,11,0,12450.994120200568,11997.87,12488.22
2024-02-25 11:15:00,12551.751522261626,32.16871146905971,2,0,1,11,15,12503.82,12105.338786296095,12392.800907918036
2024-02-25 11:30:00,12581.564778265105,32.271159045413754,2,0,1,11,30,12551.751522261626,12368.638565804484,12277.135264857849
2024-02-25 11:45:00,12578.800645136032,32.334277099060905,2,0,1,11,45,12581.564778265105,12668.659062410628,12146.469489368734
2024-02-25 12:00:00,12529.0,32.358,2,0,1,12,0,12578.800645136032,12886.29,12006.05
2024-02-25 12:15:00,12426.145441202949,32.34490856390712,2,0,1,12,15,12529.0,12933.8754362409,11862.282070383526
2024-02-25 12:30:00,12297.98645197217,32.30816938916767,2,0,1,12,30,12426.145441202949,12849.576763932922,11726.206394481516
2024-02-25 12:45:00,12180.714236755308,32.263595519844394,2,0,1,12,45,12297.98645197217,12703.00970965848,11610.022521338748
2024-02-25 13:00:00,12110.52,32.227,2,0,1,13,0,12180.714236755308,12563.79,11525.93
2024-02-25 13:15:00,12113.962181676588,32.20921677531181,2,0,1,13,15,12110.52,12484.512124990302,11484.612060547855
2024-02-25 13:30:00,12179.068163846216,32.20116339791554,2,0,1,13,30,12113.962181676588,12449.685628463836,11490.68665721609
2024-02-25 13:45:00,12284.232564092736,32.1887783215615,2,0,1,13,45,12179.068163846216,12426.798817705452,11547.25542527628
2024-02-25 14:00:00,12407.85,32.158,2,0,1,14,0,12284.232564092736,12383.34,11657.42
2024-02-25 14:15:00,12529.868800840704,32.09680245984563,2,0,1,14,15,12407.85,12295.09997004789,11815.606249925053
2024-02-25 14:30:00,12636.452142642964,32.00130201917014,2,0,1,14,30,12529.868800840704,12171.079472211735,11981.536976654124
2024-02-25 14:45:00,12715.316913123745,31.86965056890958,2,0,1,14,45,12636.452142642964,12028.581738269717,12106.259215056136
2024-02-25 15:00:00,12754.18,31.7,2,0,1,15,0,12715.316913123745,11884.91,12140.82
2024-02-25 15:15:00,12730.496052460594,31.49146401030568,2,0,1,15,15,12754.18,11753.039869818142,12052.153721001938
2024-02-25 15:30:00,12580.670765581926,31.24700352540389,2,0,1,15,30,12730.496052460594,11628.636482689217,11870.74418616741
2024-02-25 15:45:00,12230.8475959123,30.97054127780016,2,0,1,15,45,12580.670765581926,11503.037354215685,11642.962558249175
2024-02-25 16:00:00,11607.17,30.666,2,0,1,16,0,12230.8475959123,11367.58,11415.18
2024-02-25 16:15:00,10683.180583066922,30.337982123931663,2,0,1,16,15,11607.17,11213.651956929549,11221.393084817191
2024-02-25 16:30:00,9622.018545029328,29.9938088792143,2,0,1,16,30,10683.180583066922,11032.8408470314,11046.100028676234
2024-02-25 16:45:00,8634.222234477069,29.641481194889785,2,0,1,16,45,9622.018545029328,10816.78431361755,10861.42445819716
2024-02-25 17:00:00,7930.33,29.289,2,0,1,17,0,8634.222234477069,10557.12,10639.49
2024-02-25 17:15:00,7662.0555215217155,28.94415436896768,2,0,1,17,15,7930.33,10255.13511496367,10359.7119084793
2024-02-25 17:30:00,7745.813804300762,28.613885957738923,2,0,1,17,30,7662.0555215217155,9950.71512918519,10030.671949127654
2024-02-25 17:45:00,8039.195184929427,28.304924567640708,2,0,1,17,45,7745.813804300762,9693.395078814114,9668.243515212183
2024-02-25 18:00:00,8399.79,28.024,2,0,1,18,0,8039.195184929427,9532.71,9288.3
2024-02-25 18:15:00,8709.670143346222,27.774775400197644,2,0,1,18,15,8399.79,9498.530083215772,8908.588812515614
2024-02-25 18:30:00,8948.833737767627,27.54864728983001,2,0,1,18,30,8709.670143346222,9542.06613622784,8554.353424813144
2024-02-25 18:45:00,9121.760463305223,27.333945534547382,2,0,1,18,45,8948.833737767627,9594.864121125993,8252.7113247041
2024-02-25 19:00:00,9232.93,27.119,2,0,1,19,0,9121.760463305223,9588.47,8030.78
2024-02-25 19:15:00,9290.146873843409,26.89502528024175,2,0,1,19,15,9232.93,9475.00955217324,7905.346747708243
2024-02-25 19:30:00,9314.514994628724,26.66477488294101,2,0,1,19,30,9290.146873843409,9288.927825903442,7851.878101619772
2024-02-25 19:45:00,9330.463118099678,26.43388704416976,2,0,1,19,45,9314.514994628724,9085.249686681922,7835.5104047214145
2024-02-25 20:00:00,9362.42,26.208,2,0,1,20,0,9330.463118099678,8919.0,7821.38
2024-02-25 20:15:00,9422.337673780146,25.99193597883535,2,0,1,20,15,9362.42,8832.844208091265,7787.194665401414
2024-02-25 20:30:00,9472.261283717473,25.787253178405955,2,0,1,20,30,9422.337673780146,8820.01006015839,7760.94791870777
2024-02-25 20:45:00,9461.759251796064,25.594693788773576,2,0,1,20,45,9472.261283717473,8861.365882146321,7783.204712660242
2024-02-25 21:00:00,9340.4,25.415,2,0,1,21,0,9461.759251796064,8937.78,7894.53
2024-02-25 21:15:00,9079.001024786006,25.248871429416845,2,0,1,21,15,9340.4,9030.2170529617,8112.740215686102
2024-02-25 21:30:00,8733.37612050138,25.096837403435178,2,0,1,21,30,9079.001024786006,9120.026933463,8364.657723549146
2024-02-25 21:45:00,8380.588155966065,24.95938467573593,2,0,1,21,45,8733.37612050138,9188.655847232798,8554.356369637617
2024-02-25 22:00:00,8097.7,24.837000000000003,2,0,1,22,0,8380.588155966065,9217.55,8585.91
2024-02-25 22:15:00,7943.08275832583,24.72900017849728,2,0,1,22,15,8097.7,9192.880080061934,8397.263846854179
2024-02-25 22:30:00,7900.340484277006,24.630022207853337,2,0,1,22,30,7943.08275832583,9119.714705989614,8061.848687095642
2024-02-25 22:45:00,7934.385468089677,24.53353313328273,2,0,1,22,45,7900.340484277006,9007.846978922493,7686.966683789286
2024-02-25 23:00:00,8010.13,24.433,2,0,1,23,0,7934.385468089677,8867.07,7379.92
2024-02-25 23:15:00,8097.932941910674,24.32417473159408,2,0,1,23,15,8010.13,8710.017158040566,7223.673303147186
2024-02-25 23:30:00,8189.9394423906,24.21194876515148,2,0,1,23,30,8097.932941910674,8560.682992578533,7203.841278068281
2024-02-25 23:45:00,8283.741221675225,24.103498416133142,2,0,1,23,45,8189.9394423906,8445.902330827237,7281.701113955237
2024-02-26 00:00:00,8376.93,24.006,2,0,0,0,0,8283.741221675225,8392.51,7418.53
2024-02-26 00:15:00,8465.771099031475,23.92522277012644,2,0,0,0,15,8376.93,8416.929100275807,7578.969971807081
2024-02-26 00:30:00,8541.224246160597,23.861307731540748,2,0,0,0,30,8465.771099031475,8493.935823696247,7741.122450631231
2024-02-26 00:45:00,8592.922770209423,23.81298882718468,2,0,0,0,45,8541.224246160597,8587.894635268565,7886.453704139767
2024-02-26 01:00:00,8610.5,23.779,2,0,0,1,0,8592.922770209423,8663.17,7996.43
2024-02-26 01:15:00,8588.838755713428,23.756981062900174,2,0,0,1,15,8610.5,8692.792065856205,8057.418215874493
2024-02-26 01:30:00,8543.819822967005,23.74019530868553,2,0,0,1,30,8588.838755713428,8684.453712636476,8075.387669406795
2024-02-26 01:45:00,8496.57347873708,23.72081190012813,2,0,0,1,45,8543.819822967005,8654.513503098506,8061.208288235697
2024-02-26 02:00:00,8468.23,23.691000000000003,2,0,0,2,0,8496.57347873708,8619.33,8025.75
2024-02-26 02:15:00,8471.928409364811,23.64574360327288,2,0,0,2,15,8468.23,8591.15607379937,7981.305602194947
2024-02-26 02:30:00,8488.842711971376,23.591286033717125,2,0,0,2,30,8471.928409364811,8565.821825757857,7945.859371741593
2024-02-26 02:45:00,8492.155658592254,23.53668544730282,2,0,0,2,45,8488.842711971376,8535.051664837414,7938.818455417442
2024-02-26 03:00:00,8455.05,23.491,2,0,0,3,0,8492.155658592254,8490.57,7979.59
2024-02-26 03:15:00,8365.29026307732,23.459232024008337,2,0,0,3,15,8455.05,8431.898482696317,8077.202187845718
2024-02-26 03:30:00,8268.968079147488,23.43016055644596,2,0,0,3,30,8365.29026307732,8389.747734332099,8199.167343626834
2024-02-26 03:45:00,8226.75685564391,23.3885088106606,2,0,0,3,45,8268.968079147488,8402.625618801829,8302.618827594533
2024-02-26 04:00:00,8299.33,23.319,2,0,0,4,0,8226.75685564391,8509.04,8344.69
2024-02-26 04:15:00,8521.762257075901,23.215375175693765,2,0,0,4,15,8299.33,8727.959682915363,8300.93845892218
2024-02-26 04:30:00,8826.733721438675,23.10744674049903,2,0,0,4,30,8521.762257075901,9000.197236913753,8220.618753751072
2024-02-26 04:45:00,9121.325825082107,23.03404493505477,2,0,0,4,45,8826.733721438675,9247.026172455262,8171.409671704424
2024-02-26 05:00:00,9312.62,23.034,2,0,0,5,0,9121.325825082107,9389.72,8220.99
2024-02-26 05:15:00,9334.837114869077,23.135767273216587,2,0,0,5,15,9312.62,9371.918879392228,8418.285538965558
2024-02-26 05:30:00,9230.755785097816,23.326302481557924,2,0,0,5,30,9334.837114869077,9226.729568012894,8737.210141368883
2024-02-26 05:45:00,9070.294062777652,23.582186449120307,2,0,0,5,45,9230.755785097816,9009.625472627116,9132.924673087766
2024-02-26 06:00:00,8923.37,23.88,2,0,0,6,0,9070.294062777652,8776.08,9560.59
2024-02-26 06:15:00,8845.999595947804,24.201821356439886,2,0,0,6,15,8923.37,8577.82558076572,9978.106103965589
2024-02-26 06:30:00,8838.59063817006,24.551718333269257,2,0,0,6,30,8845.999595947804,8451.630741034667,10354.329430773396
2024-02-26 06:45:00,8887.648861307287,24.939256143464,2,0,0,6,45,8838.59063817006,8430.52303078628,10660.855542194506
2024-02-26 07:00:00,8979.68,25.373999999999995,2,0,0,7,0,8887.648861307287,8547.53,10869.28
2024-02-26 07:15:00,9109.732313839711,25.86010355102385,2,0,0,7,15,8979.68,8823.106610044888,10968.953482672092
2024-02-26 07:30:00,9307.024162221942,26.380074185365025,2,0,0,7,30,9109.732313839711,9227.41746784844,11020.247135537533
2024-02-26 07:45:00,9609.316429493198,26.911007727023684,2,0,0,7,45,9307.024162221942,9718.054591727772,11101.287220634207
2024-02-26 08:00:00,10054.37,27.43,2,0,0,8,0,9609.316429493198,10252.61,11290.2
2024-02-26 08:15:00,10656.260367443345,27.91915506446468,2,0,0,8,15,10054.37,10789.597041554733,11633.28027784605
2024-02-26 08:30:00,11334.321462942178,28.38060992527063,2,0,0,8,30,10656.260367443345,11291.214387571576,12049.49702707648
2024-02-26 08:45:00,11984.20182696992,28.821509823441257,2,0,0,8,45,11334.321462942178,11720.582039802632,12425.987762768673
2024-02-26 09:00:00,12501.55,29.249,2,0,0,9,0,11984.20182696992,12040.82,12649.89
2024-02-26 09:15:00,12806.556060136902,29.6667605661174,2,0,0,9,15,12501.55,12228.30084873618,12644.886030943717
2024-02-26 09:30:00,12917.576236009349,30.064611113552463,2,0,0,9,30,12806.556060136902,12312.407481865252,12480.83725615655
2024-02-26 09:45:00,12877.50829387712,30.42890610421129,2,0,0,9,45,12917.576236009349,12335.7753740617,12264.14985329111
2024-02-26 10:00:00,12729.25,30.745999999999995,2,0,0,10,0,12877.50829387712,12341.04,12101.23
2024-02-26 10:15:00,12519.562267009049,31.00727142106569,2,0,0,10,15,12729.25,12362.556282250547,12071.66059837909
2024-02-26 10:30:00,12310.658593020433,31.224195620519502,2,0,0,10,30,12519.562267009049,12401.556934967412,12147.731448297318
2024-02-26 10:45:00,12168.615622521598,31.41327200971357,2,0,0,10,45,12310.658593020433,12450.994120200568,12274.909074066883
2024-02-26 11:00:00,12159.51,31.591,2,0,0,11,0,12168.615622521598,12503.82,12398.66
2024-02-26 11:15:00,12319.984715576911,31.769341249619817,2,0,0,11,15,12159.51,12551.751522261626,12474.571888039924
2024-02-26 11:30:00,12568.948141908926,31.94210640436951,2,0,0,11,30,12319.984715576911,12581.564778265105,12498.716950654183
2024-02-26 11:45:00,12795.87499728648,32.09856835693444,2,0,0,11,45,12568.948141908926,12578.800645136032,12477.288537941346
2024-02-26 12:00:00,12890.24,32.228,2,0,0,12,0,12795.87499728648,12529.0,12416.48
2024-02-26 12:15:00,12775.795433183312,32.322394830455046,2,0,0,12,15,12890.24,12426.145441202949,12324.230286961203
2024-02-26 12:30:00,12513.40383934386,32.384628762002464,2,0,0,12,30,12775.795433183312,12297.98645197217,12215.460749085954
2024-02-26 12:45:00,12198.205325832476,32.42029831254865,2,0,0,12,45,12513.40383934386,12180.714236755308,12106.838336667728
2024-02-26 13:00:00,11925.34,32.434999999999995,2,0,0,13,0,12198.205325832476,12110.52,12015.03
2024-02-26 13:15:00,11769.041989189836,32.433016928559994,2,0,0,13,15,11925.34,12113.962181676588,11952.574776615256
2024-02-26 13:30:00,11719.921500715634,32.4133785476206,2,0,0,13,30,11769.041989189836,12179.068163846216,11915.500053002
2024-02-26 13:45:00,11747.682761883616,32.37380089287092,2,0,0,13,45,11719.921500715634,12284.232564092736,11895.705302887744
2024-02-26 14:00:00,11822.03,32.312,2,0,0,14,0,11747.682761883616,12407.85,11885.09
2024-02-26 14:15:00,11909.870516307348,32.226021830304965,2,0,0,14,15,11822.03,12529.868800840704,11876.996856577774
2024-02-26 14:30:00,11966.923907793604,32.11523204751508,2,0,0,14,30,11909.870516307348,12636.452142642964,11870.541538906044
2024-02-26 14:45:00,11946.11284538306,31.97932624096765,2,0,0,14,45,11966.923907793604,12715.316913123745,11866.282951781295
2024-02-26 15:00:00,11800.36,31.818,2,0,0,15,0,11946.11284538306,12754.18,11864.78
2024-02-26 15:15:00,11505.217820580776,31.62973950022015,2,0,0,15,15,11800.36,12730.496052460594,11862.764203323655
2024-02-26 15:30:00,11126.757868109951,31.408193262319067,2,0,0,15,30,11505.217820580776,12580.670765581926,11841.65754137382
2024-02-26 15:45:00,10753.681481584154,31.14580039325845,2,0,0,15,45,11126.757868109951,12230.8475959123,11779.054608737077
2024-02-26 16:00:00,10474.69,30.835,2,0,0,16,0,10753.681481584154,11607.17,11652.55
2024-02-26 16:15:00,10348.44929511955,30.47294204381445,2,0,0,16,15,10474.69,10683.180583066922,11443.28117387761
2024-02-26 16:30:00,10313.483369766587,30.07561990320866,2,0,0,16,30,10348.44929511955,9622.018545029328,11146.557045598674
2024-02-26 16:45:00,10278.280759530331,29.663737810998548,2,0,0,16,45,10313.483369766587,8634.222234477069,10761.229394520404
2024-02-26 17:00:00,10151.33,29.258,2,0,0,17,0,10278.280759530331,7930.33,10286.15
2024-02-26 17:15:00,9870.293123941025,28.874601699522056,2,0,0,17,15,10151.33,7662.0555215217155,9737.105632415902
2024-02-26 17:30:00,9489.526152823692,28.51170212484628,2,0,0,17,30,9870.293123941025,7745.813804300762,9197.623026231471
2024-02-26 17:45:00,9092.558605294516,28.162951487747364,2,0,0,17,45,9489.526152823692,8039.195184929427,8768.163906931306
2024-02-26 18:00:00,8762.92,27.822,2,0,0,18,0,9092.558605294516,8399.79,8549.19
2024-02-26 18:15:00,8567.126646616358,27.48502615809732,2,0,0,18,15,8762.92,8709.670143346222,8601.061921458788
2024-02-26 18:30:00,8503.64201893864,27.158321597406207,2,0,0,18,30,8567.126646616358,8948.833737767627,8823.735849475437
2024-02-26 18:45:00,8553.916381791601,26.85070623801199,2,0,0,18,45,8503.64201893864,9121.760463305223,9077.066852754371
2024-02-26 19:00:00,8699.4,26.571,2,0,0,19,0,8553.916381791601,9232.93,9220.91
2024-02-26 19:15:00,8917.09153959354,26.32538741808868,2,0,0,19,15,8699.4,9290.146873843409,9156.36824424896
2024-02-26 19:30:00,9166.183271421742,26.1095114855289,2,0,0,19,30,8917.09153959354,9314.514994628724,8949.53607586678
2024-02-26 19:45:00,9401.415867539074,25.91637981020468,2,0,0,19,45,9166.183271421742,9330.463118099678,8707.755869551209
2024-02-26 20:00:00,9577.53,25.739,2,0,0,20,0,9401.415867539074,9362.42,8538.37
2024-02-26 20:15:00,9661.92141375948,25.57117416954799,2,0,0,20,15,9577.53,9422.337673780146,8520.120257795375
2024-02-26 20:30:00,9672.606145374391,25.409882460478208,2,0,0,20,30,9661.92141375948,9472.261283717473,8617.346097057445
2024-02-26 20:45:00,9640.25530430211,25.25289952116932,2,0,0,20,45,9672.606145374391,9461.759251796064,8765.786387790795
2024-02-26 21:00:00,9595.54,25.098,2,0,0,21,0,9640.25530430211,9340.4,8901.18
2024-02-26 21:15:00,9563.517180368546,24.94271277871936,2,0,0,21,15,9595.54,9079.001024786006,8972.525099569537
2024-02-26 21:30:00,9546.78714708069,24.783583672558265,2,0,0,21,30,9563.517180368546,8733.37612050138,8981.857035903438
2024-02-26 21:45:00,9542.336040252489,24.61691273011804,2,0,0,21,45,9546.78714708069,8380.588155966065,8944.470454285616
2024-02-26 22:00:00,9547.15,24.439,2,0,0,22,0,9542.336040252489,8097.7,8875.66
2024-02-26 22:15:00,9553.33673976634,24.248302840574578,2,0,0,22,15,9547.15,7943.08275832583,8789.463562676474
2024-02-26 22:30:00,9533.490266302852,24.051907849288728,2,0,0,22,30,9553.33673976634,7900.340484277006,8694.892009328803
2024-02-26 22:45:00,9455.326159687938,23.859058933358508,2,0,0,22,45,9533.490266302852,7934.385468089677,8599.699451316734
2024-02-26 23:00:00,9286.56,23.679,2,0,0,23,0,9455.326159687938,8010.13,8511.64
2024-02-26 23:15:00,9014.433204316092,23.51807585898232,2,0,0,23,15,9286.56,8097.932941910674,8435.699712224568
2024-02-26 23:30:00,8704.290537707897,23.37103493028681,2,0,0,23,30,9014.433204316092,8189.9394423906,8365.792426781341
2024-02-26 23:45:00,8441.002602245755,23.22972653644792,2,0,0,23,45,8704.290537707897,8283.741221675225,8293.06392794744
2024-02-27 00:00:00,8309.44,23.086,2,0,0,0,0,8441.002602245755,8376.93,8208.66
2024-02-27 00:15:00,8363.194349219293,22.93465934849614,2,0,0,0,15,8309.44,8465.771099031475,8107.651182175248
2024-02-27 00:30:00,8530.741332865558,22.78232742956398,2,0,0,0,30,8363.194349219293,8541.224246160597,8000.807033545832
2024-02-27 00:45:00,8709.277650079046,22.63858179584984,2,0,0,0,45,8530.741332865558,8592.922770209423,7902.8218681435
2024-02-27 01:00:00,8796.0,22.513,2,0,0,1,0,8709.277650079046,8610.5,7828.39
2024-02-27 01:15:00,8718.77643005674,22.412536747033126,2,0,0,1,15,8796.0,8588.838755713428,7788.720402824438
2024-02-27 01:30:00,8528.16038082987,22.33365535145725,2,0,0,1,30,8718.77643005674,8543.819822967005,7781.080689035332
2024-02-27 01:45:00,8305.376641188064,22.27019628015275,2,0,0,1,45,8528.16038082987,8496.57347873708,7799.253130728561
2024-02-27 02:00:00,8131.65,22.216,2,0,0,2,0,8305.376641188064,8468.23,7837.02
2024-02-27 02:15:00,8067.913836803748,22.165646788371355,2,0,0,2,15,8131.65,8471.928409364811,7888.353300277005
2024-02-27 02:30:00,8093.9358938149635,22.11667616460702,2,0,0,2,30,8067.913836803748,8488.842711971376,7947.983960312841
2024-02-27 02:45:00,8169.192503918698,22.067367458539177,2,0,0,2,45,8093.9358938149635,8492.155658592254,8010.832640192258
2024-02-27 03:00:00,8253.16,22.016,2,0,0,3,0,8169.192503918698,8455.05,8071.82
2024-02-27 03:15:00,8314.205410228265,21.960719849481453,2,0,0,3,15,8253.16,8365.29026307732,8128.733271067547
2024-02-27 03:30:00,8356.258543910275,21.899139990114666,2,0,0,3,30,8314.205410228265,8268.968079147488,8190.825969713304
2024-02-27 03:45:00,8392.139905637143,21.828740135690545,2,0,0,3,45,8356.258543910275,8226.75685564391,8270.218183502411
2024-02-27 04:00:00,8434.67,21.747000000000003,2,0,0,4,0,8392.139905637143,8299.33,8379.03
2024-02-27 04:15:00,8493.705303533185,21.65681756370284,2,0,0,4,15,8434.67,8521.762257075901,8524.262834202807
2024-02-27 04:30:00,8567.246180543942,21.58276387493433,2,0,0,4,30,8493.705303533185,8826.733721438675,8692.443410833941
2024-02-27 04:45:00,8650.328967282725,21.55482824869866,2,0,0,4,45,8567.246180543942,9121.325825082107,8864.979782048105
2024-02-27 05:00:00,8737.99,21.603,2,0,0,5,0,8650.328967282725,9312.62,9023.28
2024-02-27 05:15:00,8826.599156888988,21.74865052070724,2,0,0,5,15,8737.99,9334.837114869077,9153.534454621224
2024-02-27 05:30:00,8917.860483913963,21.978679510148044,2,0,0,5,30,8826.599156888988,9230.755785097816,9261.062886950933
2024-02-27 05:45:00,9014.811568981955,22.271368744514835,2,0,0,5,45,8917.860483913963,9070.294062777652,9355.967375805176
2024-02-27 06:00:00,9120.49,22.605,2,0,0,6,0,9014.811568981955,8923.37,9448.35
2024-02-27 06:15:00,9235.782756410856,22.964392853468247,2,0,0,6,15,9120.49,8845.999595947804,9547.768878562298
2024-02-27 06:30:00,9352.974383800203,23.3605180844735,2,0,0,6,30,9235.782756410856,8838.59063817006,9661.60629136233
2024-02-27 06:45:00,9462.19881928945,23.810884273242007,2,0,0,6,45,9352.974383800203,8887.648861307287,9796.700558481196
2024-02-27 07:00:00,9553.59,24.333,2,0,0,7,0,9462.19881928945,8979.68,9959.89
2024-02-27 07:15:00,9627.861379967582,24.935043690419786,2,0,0,7,15,9553.59,9109.732313839711,10159.064718629585
2024-02-27 07:30:00,9728.044480885215,25.58787315195795,2,0,0,7,30,9627.861379967582,9307.024162221942,10406.321947599745
2024-02-27 07:45:00,9907.750341360244,26.25301603751714,2,0,0,7,45,9728.044480885215,9609.316429493198,10714.810702770035
2024-02-27 08:00:00,10220.59,26.892000000000003,2,0,0,8,0,9907.750341360244,10054.37,11097.68
2024-02-27 08:15:00,10692.726411218811,27.475432384852617,2,0,0,8,15,10220.59,10656.260367443345,11554.544121919376
2024-02-27 08:30:00,11240.530192658927,28.010239307694714,2,0,0,8,30,10692.726411218811,11334.321462942178,12030.878418238686
2024-02-27 08:45:00,11752.923877769585,28.512426576689453,2,0,0,8,45,11240.530192658927,11984.20182696992,12458.623505438654
2024-02-27 09:00:00,12118.83,28.998,2,0,0,9,0,11752.923877769585,12501.55,12769.72
2024-02-27 09:15:00,12261.685475157166,29.478398645169776,2,0,0,9,15,12118.83,12806.556060136902,12915.576918692916
2024-02-27 09:30:00,12242.984748479066,29.94679461726321,2,0,0,9,30,12261.685475157166,12917.576236009349,12925.476879445509
2024-02-27 09:45:00,12158.736647561433,30.391793280725057,2,0,0,9,45,12242.984748479066,12877.50829387712,12848.170900475345
2024-02-27 10:00:00,12104.95,30.802,2,0,0,10,0,12158.736647561433,12729.25,12732.41
2024-02-27 10:15:00,12154.66575065252,31.168957409468305,2,0,0,10,15,12104.95,12519.562267009049,12620.861015808954
2024-02-27 10:30:00,12289.053313424807,31.49595722325241,2,0,0,10,30,12154.66575065252,12310.658593020433,12531.854063979286
2024-02-27 10:45:00,12466.314219484691,31.78922842541032,2,0,0,10,45,12289.053313424807,12168.615622521598,12477.635080159973
2024-02-27 11:00:00,12644.65,32.055,2,0,0,11,0,12466.314219484691,12159.51,12470.45
2024-02-27 11:15:00,12786.261053482747,32.298521716957005,2,0,0,11,15,12644.65,12319.984715576911,12514.851830571266
2024-02-27 11:30:00,12869.3432478217,32.52112648972712,2,0,0,11,30,12786.261053482747,12568.948141908926,12584.621864637353
2024-02-27 11:45:00,12876.091318249802,32.723168017633675,2,0,0,11,45,12869.3432478217,12795.87499728648,12645.848466384765
2024-02-27 12:00:00,12788.7,32.905,2,0,0,12,0,12876.091318249802,12890.24,12664.62
2024-02-27 12:15:00,12603.745816666486,33.066174472703665,2,0,0,12,15,12788.7,12775.795433183312,12616.393224405983
2024-02-27 12:30:00,12375.332445288392,33.20303681783913,2,0,0,12,30,12603.745816666486,12513.40383934386,12514.098477471303
2024-02-27 12:45:00,12171.945351266106,33.31113075405501,2,0,0,12,45,12375.332445288392,12198.205325832476,12380.034491800974
2024-02-27 13:00:00,12062.07,33.386,2,0,0,13,0,12171.945351266106,11925.34,12236.5
2024-02-27 13:15:00,12092.211773601315,33.42435851722831,2,0,0,13,15,12062.07,11769.041989189836,12104.2157405548
2024-02-27 13:30:00,12220.955721024726,33.42760123891641,2,0,0,13,30,12092.211773601315,11719.921500715634,11997.590475477424
2024-02-27 13:45:00,12384.906807935777,33.3982933411463,2,0,0,13,45,12220.955721024726,11747.682761883616,11929.45497266134
2024-02-27 14:00:00,12520.67,33.339,2,0,0,14,0,12384.906807935777,11822.03,11912.64
2024-02-27 14:15:00,12574.743651428258,33.25132895838306,2,0,0,14,15,12520.67,11909.870516307348,11946.908657124815
2024-02-27 14:30:00,12533.199670612696,33.13305822649523,2,0,0,14,30,12574.743651428258,11966.923907793604,11979.753370618992
2024-02-27 14:45:00,12392.003354490787,32.98100838135978,2,0,0,14,45,12533.199670612696,11946.11284538306,11945.59889880367
2024-02-27 15:00:00,12147.12,32.792,2,0,0,15,0,12392.003354490787,11800.36,11778.87
2024-02-27 15:15:00,11808.494245685655,32.56232564923944,2,0,0,15,15,12147.12,11505.217820580776,11445.65244344593
2024-02-27 15:30:00,11441.988096524488,32.28616585510268,2,0,0,15,30,11808.494245685655,11126.757868109951,11038.676042046607
2024-02-27 15:45:00,11127.442899101072,31.957173133414585,2,0,0,15,45,11441.988096524488,10753.681481584154,10682.33161962398
2024-02-27 16:00:00,10944.7,31.569000000000003,2,0,0,16,0,11127.442899101072,10474.69,10501.01
2024-02-27 16:15:00,10941.558272079124,31.122665319659188,2,0,0,16,15,10944.7,10348.44929511955,10569.162819091463
2024-02-27 16:30:00,11037.646693289367,30.648653353094048,2,0,0,16,30,10941.558272079124,10313.483369766587,10761.484961194576
2024-02-27 16:45:00,11120.551767854926,30.18481470998188,2,0,0,16,45,11037.646693289367,10278.280759530331,10902.732122700403
2024-02-27 17:00:00,11077.86,29.769,2,0,0,17,0,11120.551767854926,10151.33,10817.66
2024-02-27 17:15:00,10835.663134747856,29.426997447123806,2,0,0,17,15,11077.86,9870.293123941025,10394.39034268822
2024-02-27 17:30:00,10474.073880318048,29.136345732521125,2,0,0,17,30,10835.663134747856,9489.526152823692,9774.50911317508
2024-02-27 17:45:00,10111.71018572922,28.862521151657884,2,0,0,17,45,10474.073880318048,9092.558605294516,9162.968327074404
2024-02-27 18:00:00,9867.19,28.571,2,0,0,18,0,10111.71018572922,8762.92,8764.72
2024-02-27 18:15:00,9819.674188929464,28.235579266845587,2,0,0,18,15,9867.19,8567.126646616358,8722.049716405663
2024-02-27 18:30:00,9890.49528543844,27.86333871682146,2,0,0,18,30,9819.674188929464,8503.64201893864,8926.577336105094
2024-02-27 18:45:00,9961.528739228195,27.4696788083866,2,0,0,18,45,9890.49528543844,8553.916381791601,9207.25628775198
2024-02-27 19:00:00,9914.65,27.07,2,0,0,19,0,9961.528739228195,8699.4,9393.04
2024-02-27 19:15:00,9670.973390784293,26.679716735493844,2,0,0,19,15,9914.65,8917.09153959354,9359.15532293913
2024-02-27 19:30:00,9308.568727928194,26.314299400193057,2,0,0,19,30,9670.973390784293,9166.183271421742,9165.922792404535
2024-02-27 19:45:00,8944.744701107998,25.989232364795736,2,0,0,19,45,9308.568727928194,9401.415867539074,8919.936365667672
2024-02-27 20:00:00,8696.81,25.72,2,0,0,20,0,8944.744701107998,9577.53,8727.79
2024-02-27 20:15:00,8647.828341683366,25.515428791179023,2,0,0,20,15,8696.81,9661.92141375948,8667.562116837815
2024-02-27 20:30:00,8743.88355284878,25.35771368240632,2,0,0,20,30,8647.828341683366,9672.606145374391,8703.268994276765
2024-02-27 20:45:00,8896.814487589805,25.22239173243044,2,0,0,20,45,8743.88355284878,9640.25530430211,8770.41137457733
2024-02-27 21:00:00,9018.46,25.085,2,0,0,21,0,8896.814487589805,9595.54,8804.49
2024-02-27 21:15:00,9042.73277373224,24.92631809979006,2,0,0,21,15,9018.46,9563.517180368546,8759.726990959609
2024-02-27 21:30:00,8991.840810676678,24.748095870181693,2,0,0,21,30,9042.73277373224,9546.78714708069,8665.22998048841
2024-02-27 21:45:00,8910.065942282778,24.55732570548248,2,0,0,21,45,8991.840810676678,9542.336040252489,8568.827979773007
2024-02-27 22:00:00,8841.69,24.361,2,0,0,22,0,8910.065942282778,9547.15,8518.35
2024-02-27 22:15:00,8817.877125887666,24.165455059660754,2,0,0,22,15,8841.69,9553.33673976634,8545.463513073748
2024-02-27 22:30:00,8817.3207044445,23.97440283686692,2,0,0,22,30,8817.877125887666,9533.490266302852,8617.1898337696
2024-02-27 22:45:00,8805.596430779085,23.79089919563964,2,0,0,22,45,8817.3207044445,9455.326159687938,8684.38873758065
2024-02-27 23:00:00,8748.28,23.618,2,0,0,23,0,8805.596430779085,9286.56,8697.92
2024-02-27 23:15:00,8624.598722717099,23.458486661566937,2,0,0,23,15,8748.28,9014.433204316092,8625.298019245398
2024-02-27 23:30:00,8468.386371545323,23.314042782350608,2,0,0,23,30,8624.598722717099,8704.290537707897,8500.655684433195
2024-02-27 23:45:00,8327.128334600882,23.18607751195897,2,0,0,23,45,8468.386371545323,8441.002602245755,8374.780507404394
2024-02-28 00:00:00,8248.31,23.076,2,0,0,0,0,8327.128334600882,8309.44,8298.46
2024-02-28 00:15:00,8263.700483243942,22.98437954407149,2,0,0,0,15,8248.31,8363.194349219293,8306.90769119466
2024-02-28 00:30:00,8342.203809374212,22.908426033730635,2,0,0,0,30,8263.700483243942,8530.741332865558,8373.041178497619
2024-02-28 00:45:00,8437.007730817379,22.844509506524464,2,0,0,0,45,8342.203809374212,8709.277650079046,8454.204076551769
2024-02-28 01:00:00,8501.3,22.789,2,0,0,1,0,8437.007730817379,8796.0,8507.74
2024-02-28 01:15:00,8500.798094307134,22.73807328714709,2,0,0,1,15,8501.3,8718.77643005674,8502.30996597596
2024-02-28 01:30:00,8451.338390957822,22.687128082726844,2,0,0,1,30,8500.798094307134,8528.16038082987,8451.844601576324
2024-02-28 01:45:00,8381.2869921296,22.63136883694317,2,0,0,1,45,8451.338390957822,8305.376641188064,8381.591936388528
2024-02-28 02:00:00,8319.01,22.566000000000003,2,0,0,2,0,8381.2869921296,8131.65,8316.8
2024-02-28 02:15:00,8286.932764527517,22.488561682340144,2,0,0,2,15,8319.01,8067.913836803748,8276.8805699015
2024-02-28 02:30:00,8283.717626794492,22.40593663536199,2,0,0,2,30,8286.932764527517,8093.9358938149635,8257.90041519708
2024-02-28 02:45:00,8302.08617566422,22.327343270702844,2,0,0,2,45,8283.717626794492,8169.192503918698,8250.09005289412
2024-02-28 03:00:00,8334.76,22.262,2,0,0,3,0,8302.08617566422,8253.16,8243.68
2024-02-28 03:15:00,8375.945691332792,22.21691435849235,2,0,0,3,15,8334.76,8314.205410228265,8233.322910668043
2024-02-28 03:30:00,8425.789851864207,22.1902503758252,2,0,0,3,30,8375.945691332792,8356.258543910275,8231.359987635353
2024-02-28 03:45:00,8485.924086463518,22.17796120524545,2,0,0,3,45,8425.789851864207,8392.139905637143,8254.554570784989
2024-02-28 04:00:00,8557.98,22.176,2,0,0,4,0,8485.924086463518,8434.67,8319.67
2024-02-28 04:15:00,8642.680563891314,22.181640258690447,2,0,0,4,15,8557.98,8493.705303533185,8440.362943676337
2024-02-28 04:30:00,8737.114215748681,22.19743686133719,2,0,0,4,30,8642.680563891314,8567.246180543942,8617.863384261509
2024-02-28 04:45:00,8837.460759731706,22.227265033315344,2,0,0,4,45,8737.114215748681,8650.328967282725,8850.29463271593
2024-02-28 05:00:00,8939.9,22.275,2,0,0,5,0,8837.460759731706,8737.99,9135.78
2024-02-28 05:15:00,9038.88220935195,22.344868356745856,2,0,0,5,15,8939.9,8826.599156888988,9459.748439626615
2024-02-28 05:30:00,9121.93953514107,22.44250217882601,2,0,0,5,30,9038.88220935195,8917.860483913963,9756.85147531861
2024-02-28 05:45:00,9174.874593359657,22.573884911493163,2,0,0,5,45,9121.93953514107,9014.811568981955,9949.0462733513
2024-02-28 06:00:00,9183.49,22.745,2,0,0,6,0,9174.874593359657,9120.49,9958.29
2024-02-28 06:15:00,9141.557161200886,22.96190193932613,2,0,0,6,15,9183.49,9235.782756410856,9742.2359540672
2024-02-28 06:30:00,9074.72264368704,23.23092942335876,2,0,0,6,30,9141.557161200886,9352.974383800203,9401.321964464052
2024-02-28 06:45:00,9016.601804329674,23.55849219571201,2,0,0,6,45,9074.72264368704,9462.19881928945,9071.681992628875
2024-02-28 07:00:00,9000.81,23.951,2,0,0,7,0,9016.601804329674,9553.59,8889.45
2024-02-28 07:15:00,9062.182114594503,24.41066451094964,2,0,0,7,15,9000.81,9627.861379967582,8956.51821285459
2024-02-28 07:30:00,9240.431140110768,24.92290512773896,2,0,0,7,30,9062.182114594503,9728.044480885215,9237.81191682519
2024-02-28 07:45:00,9576.489595571647,25.468943180658805,2,0,0,7,45,9240.431140110768,9907.750341360244,9664.014662383195
2024-02-28 08:00:00,10111.29,26.03,2,0,0,8,0,9576.489595571647,10220.59,10165.81
2024-02-28 08:15:00,10853.9537554211,26.58979939187533,2,0,0,8,15,10111.29,10692.726411218811,10678.687288264446
2024-02-28 08:30:00,11686.357795869892,27.1420750656854,2,0,0,8,30,10853.9537554211,11240.530192658927,11157.359118235192
2024-02-28 08:45:00,12458.567938383736,27.68306320665277,2,0,0,8,45,11686.357795869892,11752.923877769585,11561.34388908834
2024-02-28 09:00:00,13020.65,28.209,2,0,0,9,0,12458.567938383736,12118.83,11850.16
2024-02-28 09:15:00,13266.4255199711,28.71691917154904,2,0,0,9,15,13020.65,12261.685475157166,11997.19497783762
2024-02-28 09:30:00,13264.73892640967,29.207044609519432,2,0,0,9,30,13266.4255199711,12242.984748479066,12031.31286023404
2024-02-28 09:45:00,13128.190369643406,29.68039774273011,2,0,0,9,45,13264.73892640967,12158.736647561433,11995.246812513438
2024-02-28 10:00:00,12969.38,30.138,2,0,0,10,0,13128.190369643406,12104.95,11931.73
2024-02-28 10:15:00,12878.221195944505,30.579680171928505,2,0,0,10,15,12969.38,12154.66575065252,11877.873112885069
2024-02-28 10:30:00,12853.88024849143,31.000496496236867,2,0,0,10,30,12878.221195944505,12289.053313424807,11848.29694082865
2024-02-28 10:45:00,12872.836676792638,31.3943145724268,2,0,0,10,45,12853.88024849143,12466.314219484691,11851.999798357903
2024-02-28 11:00:00,12911.57,31.754999999999995,2,0,0,11,0,12872.836676792638,12644.65,11897.98
2024-02-28 11:15:00,12948.197352500878,32.077516390736946,2,0,0,11,15,12911.57,12786.261053482747,11987.9680393721
2024-02-28 11:30:00,12967.386329624613,32.3612194055331,2,0,0,11,30,12948.197352500878,12869.3432478217,12094.62312645136
2024-02-28 11:45:00,12955.44214193604,32.60656271756272,2,0,0,11,45,12967.386329624613,12876.091318249802,12183.336650304942
2024-02-28 12:00:00,12898.67,32.814,2,0,0,12,0,12955.44214193604,12788.7,12219.5
2024-02-28 12:15:00,12789.129550301986,32.98466051512372,2,0,0,12,15,12898.67,12603.745816666486,12179.850510876531
2024-02-28 12:30:00,12641.898183010122,33.12237588163072,2,0,0,12,30,12789.129550301986,12375.332445288392,12086.509303365903
2024-02-28 12:45:00,12477.807724213202,33.231653307322354,2,0,0,12,45,12641.898183010122,12171.945351266106,11972.943444172324
2024-02-28 13:00:00,12317.69,33.317,2,0,0,13,0,12477.807724213202,12062.07,11872.62
2024-02-28 13:15:00,12182.72335254118,33.38134154876817,2,0,0,13,15,12317.69,12092.211773601315,11810.219135871776
2024-02-28 13:30:00,12095.472188334892,33.42127706794402,2,0,0,13,30,12182.72335254118,12220.955721024726,11775.273410085028
2024-02-28 13:45:00,12078.847429961155,33.431824053147864,2,0,0,13,45,12095.472188334892,12384.906807935777,11748.528479255763
2024-02-28 14:00:00,12155.76,33.407999999999994,2,0,0,14,0,12078.847429961155,12520.67,11710.73
2024-02-28 14:15:00,12334.853289533292,33.34641078980359,2,0,0,14,15,12155.76,12574.743651428258,11650.586070636366
2024-02-28 14:30:00,12567.700563650304,33.25001584659318,2,0,0,14,30,12334.853289533292,12533.199670612696,11588.65455629399
2024-02-28 14:45:00,12791.607555942168,33.12336298008619,2,0,0,14,45,12567.700563650304,12392.003354490787,11553.455763804615
2024-02-28 15:00:00,12943.88,32.971000000000004,2,0,0,15,0,12791.607555942168,12147.12,11573.51
2024-02-28 15:15:00,12973.55364557565,32.79315591701748,2,0,0,15,15,12943.88,11808.494245685655,11659.68595658276
2024-02-28 15:30:00,12876.584307063882,32.57278454568325,2,0,0,15,30,12973.55364557565,11441.988096524488,11752.245864739014
2024-02-28 15:45:00,12660.65781502017,32.2885209015074,2,0,0,15,45,12876.584307063882,11127.442899101072,11773.800340525764
2024-02-28 16:00:00,12333.46,31.919,2,0,0,16,0,12660.65781502017,10944.7,11646.96
2024-02-28 16:15:00,11910.4088469141,31.455418667126512,2,0,0,16,15,12333.46,10941.558272079124,11321.360259282596
2024-02-28 16:30:00,11437.850958094166,30.93922097067384,2,0,0,16,30,11910.4088469141,11037.646693289367,10854.735734749953
2024-02-28 16:45:00,10969.865090227153,30.42441278888424,2,0,0,16,45,11437.850958094166,11120.551767854926,10331.845842842327
2024-02-28 17:00:00,10560.53,29.965,2,0,0,17,0,10969.865090227153,11077.86,9837.45
2024-02-28 17:15:00,10249.232529267956,29.59835691447648,2,0,0,17,15,10560.53,10835.663134747856,9442.24956878685
2024-02-28 17:30:00,10016.591860559449,29.295331571621407,2,0,0,17,30,10249.232529267956,10474.073880318048,9160.713696261184
2024-02-28 17:45:00,9828.535261571222,29.01014044295564,2,0,0,17,45,10016.591860559449,10111.71018572922,8993.253475604928
2024-02-28 18:00:00,9650.99,28.697,2,0,0,18,0,9828.535261571222,9867.19,8940.28
2024-02-28 18:15:00,9460.267129764088,28.322888049967585,2,0,0,18,15,9650.99,9819.674188929464,8992.440840570007
2024-02-28 18:30:00,9274.212849668036,27.90582774284052,2,0,0,18,30,9460.267129764088,9890.49528543844,9101.329480205311
2024-02-28 18:45:00,9121.057144737968,27.4766035642932,2,0,0,18,45,9274.212849668036,9961.528739228195,9208.77587973796
2024-02-28 19:00:00,9029.03,27.066000000000003,2,0,0,19,0,9121.057144737968,9914.65,9256.61
2024-02-28 19:15:00,9017.0728579257,26.69912213565319,2,0,0,19,15,9029.03,9670.973390784293,9206.465975183122
2024-02-28 19:30:00,9066.972990768403,26.378357457016502,2,0,0,19,30,9017.0728579257,9308.568727928194,9099.194632917572
2024-02-28 19:45:00,9151.22912822691,26.10041404987157,2,0,0,19,45,9066.972990768403,8944.744701107998,8995.450974193238
2024-02-28 20:00:00,9242.34,25.862,2,0,0,20,0,9151.22912822691,8696.81,8955.89
2024-02-28 20:15:00,9315.14159478312,25.658889032419665,2,0,0,20,15,9242.34,8647.828341683366,9019.4513524475
2024-02-28 20:30:00,9353.818937258338,25.48311742909346,2,0,0,20,30,9315.14159478312,8743.88355284878,9138.213238124394
2024-02-28 20:45:00,9344.894311104392,25.325787111220524,2,0,0,20,45,9353.818937258338,8896.814487589805,9242.53850473909
2024-02-28 21:00:00,9274.89,25.178,2,0,0,21,0,9344.894311104392,9018.46,9262.79
2024-02-28 21:15:00,9142.115450441825,25.032134234668145,2,0,0,21,15,9274.89,9042.73277373224,9153.991427526878
2024-02-28 21:30:00,8992.028760198229,24.88567282660965,2,0,0,21,30,9142.115450441825,8991.840810676678,8969.809914584852
2024-02-28 21:45:00,8881.875189855524,24.737375005246328,2,0,0,21,45,8992.028760198229,8910.065942282778,8788.573444350402
2024-02-28 22:00:00,8868.9,24.586,2,0,0,22,0,8881.875189855524,8841.69,8688.61
2024-02-28 22:15:00,8985.89707219959,24.43062090390777,2,0,0,22,15,8868.9,8817.877125887666,8721.234187444994
2024-02-28 22:30:00,9167.854771948736,24.271566264467943,2,0,0,22,30,8985.89707219959,8817.3207044445,8829.707103536197
2024-02-28 22:45:00,9325.310085723517,24.10947849279416,2,0,0,22,45,9167.854771948736,8805.596430779085,8930.276467859305
2024-02-28 23:00:00,9368.8,23.945,2,0,0,23,0,9325.310085723517,8748.28,8939.19
2024-02-28 23:15:00,9237.962042009818,23.78097589970079,2,0,0,23,15,9368.8,8624.598722717099,8801.081822693153
2024-02-28 23:30:00,8988.835902006822,23.62906211551857,2,0,0,23,30,9237.962042009818,8468.386371545323,8574.131671270356
2024-02-28 23:45:00,8706.561811000414,23.503117273577057,2,0,0,23,45,8988.835902006822,8327.128334600882,8344.905684212381
2024-02-29 00:00:00,8476.28,23.417,2,0,0,0,0,8706.561811000414,8248.31,8199.97
2024-02-29 00:15:00,8361.591791011135,23.376178622289075,2,0,0,0,15,8476.28,8263.700483243942,8200.246490532394
2024-02-29 00:30:00,8339.942870023977,23.35256027345779,2,0,0,0,30,8361.591791011135,8342.203809374212,8304.079961382378
2024-02-29 00:45:00,8367.240014024828,23.30966178789761,2,0,0,0,45,8339.942870023977,8437.007730817379,8444.170951541175
2024-02-29 01:00:00,8399.39,23.211,2,0,0,1,0,8367.240014024828,8501.3,8553.22
2024-02-29 01:15:00,8402.223450195639,23.03355961114291,2,0,0,1,15,8399.39,8500.798094307134,8580.061746427264
2024-02-29 01:30:00,8381.266367897275,22.808196790650268,2,0,0,1,30,8402.223450195639,8451.338390957822,8538.067233200125
2024-02-29 01:45:00,8351.968601650271,22.579235574832488,2,0,0,1,45,8381.266367897275,8381.2869921296,8456.741603372922
2024-02-29 02:00:00,8329.78,22.391,2,0,0,2,0,8351.968601650271,8319.01,8365.59
2024-02-29 02:15:00,8326.384251956306,22.27572355813928,2,0,0,2,15,8329.78,8286.932764527517,8288.640273758547
2024-02-29 02:30:00,8338.400408386928,22.217277563941128,2,0,0,2,30,8326.384251956306,8283.717626794492,8228.01110581712
2024-02-29 02:45:00,8358.681360624088,22.18744278777241,2,0,0,2,45,8338.400408386928,8302.08617566422,8180.343884967138
2024-02-29 03:00:00,8380.08,22.158,2,0,0,3,0,8358.681360624088,8334.76,8142.28
2024-02-29 03:15:00,8398.405948229143,22.105483656299967,2,0,0,3,15,8380.08,8375.945691332792,8115.159346038553
2024-02-29 03:30:00,8421.295748555016,22.02544295358522,2,0,0,3,30,8398.405948229143,8425.789851864207,8119.115843531387
2024-02-29 03:45:00,8459.34267460338,21.918180774077857,2,0,0,3,45,8421.295748555016,8485.924086463518,8178.981919258527
2024-02-29 04:00:00,8523.14,21.784,2,0,0,4,0,8459.34267460338,8557.98,8319.59
2024-02-29 04:15:00,8619.247267627125,21.63415431666085,2,0,0,4,15,8523.14,8642.680563891314,8549.93843583724
2024-02-29 04:30:00,8738.089097393005,21.523700621718007,2,0,0,4,30,8619.247267627125,8737.114215748681,8815.68927005733
2024-02-29 04:45:00,8866.056378462383,21.51864661591616,2,0,0,4,45,8738.089097393005,8837.460759731706,9046.670469248753
2024-02-29 05:00:00,8989.54,21.685,2,0,0,5,0,8866.056378462383,8939.9,9172.71
2024-02-29 05:15:00,9096.053106262356,22.058570952056623,2,0,0,5,15,8989.54,9038.88220935195,9151.28566061248
2024-02-29 05:30:00,9177.597861872964,22.55437955954276,2,0,0,5,30,9096.053106262356,9121.93953514107,9050.474576239294
2024-02-29 05:45:00,9227.298686547088,23.057248387257506,2,0,0,5,45,9177.597861872964,9174.874593359657,8966.00370374646
2024-02-29 06:00:00,9238.28,23.452000000000005,2,0,0,6,0,9227.298686547088,9183.49,8993.6
2024-02-29 06:15:00,9210.843276073452,23.660811875112657,2,0,0,6,15,9238.28,9141.557161200886,9195.019234212834
2024-02-29 06:30:00,9173.998205115147,23.755281140110995,2,0,0,6,30,9210.843276073452,9074.72264368704,9496.132424985492
2024-02-29 06:45:00,9163.931531599266,23.84435983505384,2,0,0,6,45,9173.998205115147,9016.601804329674,9788.839403265403
2024-02-29 07:00:00,9216.83,24.037,2,0,0,7,0,9163.931531599266,9000.81,9965.04
2024-02-29 07:15:00,9361.968633193832,24.413994047492764,2,0,0,7,15,9216.83,9062.182114594503,9960.604746286184
2024-02-29 07:30:00,9600.975567666454,24.94349588001328,2,0,0,7,30,9361.968633193832,9240.431140110768,9887.28697381874
2024-02-29 07:45:00,9928.567218305849,25.56549977252715,2,0,0,7,45,9600.975567666454,9576.489595571647,9900.810714441925
2024-02-29 08:00:00,10339.46,26.22,2,0,0,8,0,9928.567218305849,10111.29,10156.9
2024-02-29 08:15:00,10819.079378651211,26.86010255991628,2,0,0,8,15,10339.46,10853.9537554211,10750.451311892431
2024-02-29 08:30:00,11315.687024219042,27.49136033983589,2,0,0,8,30,10819.079378651211,11686.357795869892,11533.050929739553
2024-02-29 08:45:00,11768.253657677344,28.132437949837545,2,0,0,8,45,11315.687024219042,12458.567938383736,12295.457582716896
2024-02-29 09:00:00,12115.75,28.802,2,0,0,9,0,11768.253657677344,13020.65,12828.43
2024-02-29 09:15:00,12315.705102201311,29.51054883784209,2,0,0,9,15,12115.75,13266.4255199711,12984.704224894082
2024-02-29 09:30:00,12399.881335457383,30.23593776064317,2,0,0,9,30,12315.705102201311,13264.73892640967,12864.925557223052
2024-02-29 09:45:00,12418.599400984767,30.94785780312266,2,0,0,9,45,12399.881335457383,13128.190369643406,12631.716610940495
2024-02-29 10:00:00,12422.18,31.616000000000003,2,0,0,10,0,12418.599400984767,12969.38,12447.7
2024-02-29 10:15:00,12450.701306293537,32.21562396371532,2,0,0,10,15,12422.18,12878.221195944505,12432.848194781242
2024-02-29 10:30:00,12503.271383951418,32.74426361759144,2,0,0,10,30,12450.701306293537,12853.88024849143,12536.53309136824
2024-02-29 10:45:00,12568.755769633592,33.20502146267183,2,0,0,10,45,12503.271383951418,12872.836676792638,12665.476442271123
2024-02-29 11:00:00,12636.02,33.601,2,0,0,11,0,12568.755769633592,12911.57,12726.4
2024-02-29 11:15:00,12693.612641374544,33.93598655729661,2,0,0,11,15,12636.02,12948.197352500878,12652.563933480958
2024-02-29 11:30:00,12728.814378736944,34.216507768991086,2,0,0,11,30,12693.612641374544,12967.386329624613,12483.38207730398
2024-02-29 11:45:00,12728.58892673087,34.44977509619,2,0,0,11,45,12728.814378736944,12955.44214193604,12284.806682475011
2024-02-29 12:00:00,12679.9,34.642999999999994,2,0,0,12,0,12728.58892673087,12898.67,12122.79
2024-02-29 12:15:00,12576.874846958284,34.801226682098225,2,0,0,12,15,12679.9,12789.129550301986,12045.057321294924
2024-02-29 12:30:00,12442.294851100803,34.92083030644423,2,0,0,12,30,12576.874846958284,12641.898183010122,12026.42609941584
2024-02-29 12:45:00,12306.10492969292,34.99601877756812,2,0,0,12,45,12442.294851100803,12477.807724213202,12023.486827828836
2024-02-29 13:00:00,12198.25,35.020999999999994,2,0,0,13,0,12306.10492969292,12317.69,11992.83
2024-02-29 13:15:00,12139.95234579232,34.992747339310455,2,0,0,13,15,12198.25,12182.72335254118,11906.664281339352
2024-02-29 13:30:00,12117.543716859838,34.91929600523197,2,0,0,13,30,12139.95234579232,12095.472188334892,11799.671025032669
2024-02-29 13:45:00,12108.63322949744,34.8114466685375,2,0,0,13,45,12117.543716859838,12078.847429961155,11722.149756209645
2024-02-29 14:00:00,12090.83,34.67999999999999,2,0,0,14,0,12108.63322949744,12155.76,11724.4
2024-02-29 14:15:00,12045.88420737244,34.53284646065992,2,0,0,14,15,12090.83,12334.853289533292,11834.320084597664
2024-02-29 14:30:00,11972.110281459838,34.36623567262784,2,0,0,14,30,12045.88420737244,12567.700563650304,11990.203550453496
2024-02-29 14:45:00,11871.96371481732,34.17350704828185,2,0,0,14,45,11972.110281459838,12791.607555942168,12107.94274108258
2024-02-29 15:00:00,11747.9,33.94800000000001,2,0,0,15,0,11871.96371481732,12943.88,12103.43
2024-02-29 15:15:00,11600.978168467922,33.68571056804985,2,0,0,15,15,11747.9,12973.55364557565,11918.29663026999
2024-02-29 15:30:00,11426.671407300804,33.393261304256654,2,0,0,15,30,11600.978168467922,12876.584307063882,11597.12977315335
2024-02-29 15:45:00,11219.056442483285,33.07993138833513,2,0,0,15,45,11426.671407300804,12660.65781502017,11210.255529460035
2024-02-29 16:00:00,10972.21,32.754999999999995,2,0,0,16,0,11219.056442483285,12333.46,10828.0
2024-02-29 16:15:00,10683.72796250587,32.42393626714069,2,0,0,16,15,10972.21,11910.4088469141,10504.80448807238
2024-02-29 16:30:00,10365.282839336942,32.076969110345544,2,0,0,16,30,10683.72796250587,11437.850958094166,10231.5711069331
2024-02-29 16:45:00,10032.066296499544,31.70051739837763,2,0,0,16,45,10365.282839336942,10969.865090227153,9983.317172327268
2024-02-29 17:00:00,9699.27,31.281,2,0,0,17,0,10032.066296499544,10560.53,9735.06
2024-02-29 17:15:00,9383.722169008595,30.811809988387385,2,0,0,17,15,9699.27,10249.232529267956,9472.199948690488
2024-02-29 17:30:00,9108.79723535143,30.31423725436116,2,0,0,17,30,9383.722169008595,10016.591860559449,9221.66954911425
2024-02-29 17:45:00,8899.506184018546,29.816545893154352,2,0,0,17,45,9108.79723535143,9828.535261571222,9020.784374980887
2024-02-29 18:00:00,8780.86,29.347,2,0,0,18,0,8899.506184018546,9650.99,8906.86
2024-02-29 18:15:00,8765.876173959745,28.92716752930977,2,0,0,18,15,8780.86,9460.267129764088,8902.761810915668
2024-02-29 18:30:00,8819.598219257343,28.551831872209828,2,0,0,18,30,8765.876173959745,9274.212849668036,8973.554446609898
2024-02-29 18:45:00,8895.076154926272,28.20908027900497,2,0,0,18,45,8819.598219257343,9121.057144737968,9069.852358999178
2024-02-29 19:00:00,8945.36,27.887,2,0,0,19,0,8895.076154926272,9029.03,9142.27
2024-02-29 19:15:00,8936.318135152433,27.57644176937354,2,0,0,19,15,8945.36,9017.0728579257,9153.848120146846
2024-02-29 19:30:00,8885.0923876192,27.279310256799544,2,0,0,19,30,8936.318135152433,9066.972990768403,9117.33266444616
2024-02-29 19:45:00,8821.642946276366,27.000273615825765,2,0,0,19,45,8885.0923876192,9151.22912822691,9057.8958765224
2024-02-29 20:00:00,8775.93,26.744,2,0,0,20,0,8821.642946276366,9242.34,9000.71
2024-02-29 20:15:00,8770.411285430533,26.513159143196063,2,0,0,20,15,8775.93,9315.14159478312,8964.189614746954
2024-02-29 20:30:00,8797.534730265865,26.302427100592013,2,0,0,20,30,8770.411285430533,9353.818937258338,8939.71864560545
2024-02-29 20:45:00,8842.245809968264,26.10448150769195,2,0,0,20,45,8797.534730265865,9344.894311104392,8911.923353661221
2024-02-29 21:00:00,8889.49,25.912,2,0,0,21,0,8842.245809968264,9274.89,8865.43
2024-02-29 21:15:00,8925.174535625438,25.718859157842203,2,0,0,21,15,8889.49,9142.115450441825,8792.724827115338
2024-02-29 21:30:00,8939.053691317342,25.523731340832416,2,0,0,21,30,8925.174535625438,8992.028760198229,8717.734003132038
2024-02-29 21:45:00,8921.843501350575,25.326487853406416,2,0,0,21,45,8939.053691317342,8881.875189855524,8672.24367758272
2024-02-29 22:00:00,8864.26,25.127,2,0,0,22,0,8921.843501350575,8868.9,8688.04
2024-02-29 22:15:00,8764.296978317716,24.926482350435105,2,0,0,22,15,8864.26,8985.89707219959,8781.543108041697
2024-02-29 22:30:00,8649.059254464766,24.73152253607832,2,0,0,22,30,8764.296978317716,9167.854771948736,8907.7090918664
2024-02-29 22:45:00,8552.929403379434,24.55005145368237,2,0,0,22,45,8649.059254464766,9325.310085723517,9006.128029757903
2024-02-29 23:00:00,8510.29,24.39,2,0,0,23,0,8552.929403379434,9368.8,9016.39
2024-02-29 23:15:00,8538.939894853704,24.255430190417364,2,0,0,23,15,8510.29,9237.962042009818,8898.279615717882
2024-02-29 23:30:00,8590.343040823596,24.1349285148543,2,0,0,23,30,8538.939894853704,8988.835902006822,8692.359629402365
2024-02-29 23:45:00,8599.379666381692,24.01321258186409,2,0,0,23,45,8590.343040823596,8706.561811000414,8459.387328385665
2024-03-01 00:00:00,8500.93,23.875,3,0,0,0,0,8599.379666381692,8476.28,8260.12
2024-03-01 00:15:00,8258.868286017474,23.71109376289545,3,0,0,0,15,8500.93,8361.591791011135,8141.501397836779
2024-03-01 00:30:00,7953.044832240849,23.536638404504483,3,0,0,0,30,8258.868286017474,8339.942870023977,8095.221140524145
2024-03-01 00:45:00,7692.303962343799,23.37286384386127,3,0,0,0,45,7953.044832240849,8367.240014024828,8099.155312949441
2024-03-01 01:00:00,7585.49,23.241,3,0,0,1,0,7692.303962343799,8399.39,8131.18
2024-03-01 01:15:00,7705.9110235763965,23.155663508000824,3,0,0,1,15,7585.49,8402.223450195639,8171.41588668501
2024-03-01 01:30:00,7984.730130213005,23.105017867127764,3,0,0,1,30,7705.9110235763965,8381.266367897275,8208.962058501056
2024-03-01 01:45:00,8317.574171743112,23.070613292690823,3,0,0,1,45,7984.730130213005,8351.968601650271,8235.162201066574
2024-03-01 02:00:00,8600.07,23.034,3,0,0,2,0,8317.574171743112,8329.78,8241.36
2024-03-01 02:15:00,8749.090119676937,22.98223658010125,3,0,0,2,15,8600.07,8326.384251956306,8223.304117923184
2024-03-01 02:30:00,8766.489646907128,22.924415126984453,3,0,0,2,30,8749.090119676937,8338.400408386928,8194.363125471633
2024-03-01 02:45:00,8675.369350683752,22.875136110375426,3,0,0,2,45,8766.489646907128,8358.681360624088,8172.310570284264
2024-03-01 03:00:00,8498.83,22.849,3,0,0,3,0,8675.369350683752,8380.08,8174.92
2024-03-01 03:15:00,8262.88412271585,22.85245267159416,3,0,0,3,15,8498.83,8398.405948229143,8214.302172872256
2024-03-01 03:30:00,8005.191282158484,22.85932162493443,3,0,0,3,30,8262.88412271585,8421.295748555016,8279.91668961242
2024-03-01 03:45:00,7766.322800521873,22.835279765807485,3,0,0,3,45,8005.191282158484,8459.34267460338,8355.560361546373
2024-03-01 04:00:00,7586.85,22.746,3,0,0,4,0,7766.322800521873,8523.14,8425.03
2024-03-01 04:15:00,7503.1347957096605,22.57973398352211,3,0,0,4,15,7586.85,8619.247267627125,8478.662503087795
2024-03-01 04:30:00,7534.701474458941,22.41504837327783,3,0,0,4,30,7503.1347957096605,8738.089097393005,8532.955116078694
2024-03-01 04:45:00,7696.864915978751,22.35308857639464,3,0,0,4,45,7534.701474458941,8866.056378462383,8610.945171030246
2024-03-01 05:00:00,8004.94,22.495,3,0,0,5,0,7696.864915978751,8989.54,8735.67
2024-03-01 05:15:00,8457.322319445508,22.9024863943174,3,0,0,5,15,8004.94,9096.053106262356,8919.793283526567
2024-03-01 05:30:00,8984.73032000575,23.47948488195425,3,0,0,5,30,8457.322319445508,9177.597861872964,9134.484096072809
2024-03-01 05:45:00,9500.963160563118,24.090490928613978,3,0,0,5,45,8984.73032000575,9227.298686547088,9340.537860582646
2024-03-01 06:00:00,9919.82,24.6,3,0,0,6,0,9500.963160563118,9238.28,9498.75
2024-03-01 06:15:00,10174.075301508305,24.91317981420832,3,0,0,6,15,9919.82,9210.843276073452,9580.410769055932
2024-03-01 06:30:00,10272.40474551805,25.097887098905183,3,0,0,6,30,10174.075301508305,9173.998205115147,9598.789749630068
2024-03-01 06:45:00,10242.459316768767,25.26265083414946,3,0,0,6,45,10272.40474551805,9163.931531599266,9577.65135538917
2024-03-01 07:00:00,10111.89,25.516,3,0,0,7,0,10242.459316768767,9216.83,9540.76
2024-03-01 07:15:00,9919.702724521268,25.93805997384936,3,0,0,7,15,10111.89,9361.968633193832,9514.541765249702
2024-03-01 07:30:00,9750.323197922044,26.495341722425017,3,0,0,7,30,9919.702724521268,9600.975567666454,9536.069405406915
2024-03-01 07:45:00,9699.532072361802,27.125952609788165,3,0,0,7,45,9750.323197922044,9928.567218305849,9645.077342860675
2024-03-01 08:00:00,9863.11,27.768,3,0,0,8,0,9699.532072361802,10339.46,9881.3
2024-03-01 08:15:00,10295.998487906629,28.373049040394243,3,0,0,8,15,9863.11,10819.079378651211,10264.996857445263
2024-03-01 08:30:00,10889.782462793766,28.946496011394743,3,0,0,8,30,10295.998487906629,11315.687024219042,10738.527628742258
2024-03-01 08:45:00,11495.20770628402,29.50719497669787,3,0,0,8,45,10889.782462793766,11768.253657677344,11224.777085668124
2024-03-01 09:00:00,11963.02,30.074,3,0,0,9,0,11495.20770628402,12115.75,11646.63
2024-03-01 09:15:00,12183.24988635223,30.659368864573665,3,0,0,9,15,11963.02,12315.705102201311,11945.90392996924
2024-03-01 09:30:00,12203.0669509029,31.25017423199601,3,0,0,9,30,12183.24988635223,12399.881335457383,12140.147579624048
2024-03-01 09:45:00,12108.92554000212,31.82689248342035,3,0,0,9,45,12203.0669509029,12418.599400984767,12265.842439466824
2024-03-01 10:00:00,11987.28,32.37,3,0,0,10,0,12108.92554000212,12422.18,12359.47
2024-03-01 10:15:00,11905.947904184455,32.8635692513111,3,0,0,10,15,11987.28,12450.701306293537,12449.328516427771
2024-03-01 10:30:00,11858.199733594636,33.306057060621214,3,0,0,10,30,11905.947904184455,12503.271383951418,12530.983302761557
2024-03-01 10:45:00,11818.6691962075,33.699516339620715,3,0,0,10,45,11858.199733594636,12568.755769633592,12591.816437714562
2024-03-01 11:00:00,11761.99,34.046,3,0,0,11,0,11818.6691962075,12636.02,12619.21
2024-03-01 11:15:00,11672.377715659946,34.34490100518191,3,0,0,11,15,11761.99,12693.612641374544,12606.663723069669
2024-03-01 11:30:00,11572.37536471855,34.58497252551912,3,0,0,11,30,11672.377715659946,12728.814378736944,12572.147959329726
2024-03-01 11:45:00,11494.10783141788,34.75230778309678,3,0,0,11,45,11572.37536471855,12728.58892673087,12539.750715924918
2024-03-01 12:00:00,11469.7,34.833,3,0,0,12,0,11494.10783141788,12679.9,12533.56
2024-03-01 12:15:00,11521.65607692576,34.81982672796125,3,0,0,12,15,11469.7,12576.874846958284,12569.991278793555
2024-03-01 12:30:00,11633.997557531164,34.732302837302285,3,0,0,12,30,11521.65607692576,12442.294851100803,12634.76985991954
2024-03-01 12:45:00,11781.12525937098,34.596627527992176,3,0,0,12,45,11633.997557531164,12306.10492969292,12705.948511085757
2024-03-01 13:00:00,11937.44,34.439,3,0,0,13,0,11781.12525937098,12198.25,12761.58
2024-03-01 13:15:00,12079.507664137009,34.28080770797309,3,0,0,13,15,11937.44,12139.95234579232,12782.397724256109
2024-03-01 13:30:00,12192.554405156809,34.124191125271736,3,0,0,13,30,12079.507664137009,12117.543716859838,12759.857600992107
2024-03-01 13:45:00,12263.9714435982,33.96647897993453,3,0,0,13,45,12192.554405156809,12108.63322949744,12688.09617723205
2024-03-01 14:00:00,12281.15,33.805,3,0,0,14,0,12263.9714435982,12090.83,12561.25
2024-03-01 14:15:00,12238.404360276209,33.6368174401464,3,0,0,14,15,12281.15,12045.88420737244,12378.835011682002
2024-03-01 14:30:00,12157.741071841616,33.457932661610755,3,0,0,14,30,12238.404360276209,11972.110281459838,12161.884736112032
2024-03-01 14:45:00,12068.089747486216,33.264081552269715,3,0,0,14,45,12157.741071841616,11871.96371481732,11936.812092486043
2024-03-01 15:00:00,11998.38,33.051,3,0,0,15,0,12068.089747486216,11747.9,11730.03
2024-03-01 15:15:00,11961.227551008162,32.816719406441294,3,0,0,15,15,11998.38,11600.978168467922,11559.799885265878
2024-03-01 15:30:00,11903.992557476728,32.56845322828528,3,0,0,15,30,11961.227551008162,11426.671407300804,11411.777204559769
2024-03-01 15:45:00,11757.72128520693,32.31571043598662,3,0,0,15,45,11903.992557476728,11219.056442483285,11263.46592157377
2024-03-01 16:00:00,11453.46,32.068,3,0,0,16,0,11757.72128520693,10972.21,11092.37
2024-03-01 16:15:00,10952.071216941144,31.82957055908842,3,0,0,16,15,11453.46,10683.72796250587,10880.91091600448
2024-03-01 16:30:00,10333.682448251471,31.583629425248155,3,0,0,16,30,10952.071216941144,10365.282839336942,10631.180195648903
2024-03-01 16:45:00,9708.237455436063,31.308123578783817,3,0,0,16,45,10333.682448251471,10032.066296499544,10350.186877468876
2024-03-01 17:00:00,9185.68,30.981,3,0,0,17,0,9708.237455436063,9699.27,10044.94
2024-03-01 17:15:00,8851.028518727257,30.58770148220503,3,0,0,17,15,9185.68,9383.722169008595,9728.928481966195
2024-03-01 17:30:00,8689.600149517382,30.1436540707221,3,0,0,17,30,8851.028518727257,9108.79723535143,9441.560762844618
2024-03-01 17:45:00,8661.786705548815,29.67177962387812,3,0,0,17,45,8689.600149517382,8899.506184018546,9228.72516230073
2024-03-01 18:00:00,8727.98,29.195,3,0,0,18,0,8661.786705548815,8780.86,9136.31
2024-03-01 18:15:00,8845.695176899828,28.732123512091466,3,0,0,18,15,8727.98,8765.876173959745,9191.046718630732
2024-03-01 18:30:00,8960.940703679,28.28550429186345,3,0,0,18,30,8845.695176899828,8819.598219257343,9343.03925297262
2024-03-01 18:45:00,9016.848378618672,27.85338292570372,3,0,0,18,45,8960.940703679,8895.076154926272,9523.234660828197
2024-03-01 19:00:00,8956.55,27.434,3,0,0,19,0,9016.848378618672,8945.36,9662.58
2024-03-01 19:15:00,8749.958742423432,27.030788844429114,3,0,0,19,15,8956.55,8936.318135152433,9706.789331010874
2024-03-01 19:30:00,8474.113285766618,26.66795376182409,3,0,0,19,30,8749.958742423432,8885.0923876192,9660.6447252649
2024-03-01 19:45:00,8232.833686226493,26.374891798307026,3,0,0,19,45,8474.113285766618,8821.642946276366,9543.695256886478
2024-03-01 20:00:00,8129.94,26.181,3,0,0,20,0,8232.833686226493,8775.93,9375.49
2024-03-01 20:15:00,8235.865478406435,26.098752360192083,3,0,0,20,15,8129.94,8770.411285430533,9178.559238575775
2024-03-01 20:30:00,8487.496153254524,26.072930660840186,3,0,0,20,30,8235.865478406435,8797.534730265865,8987.358095967777
2024-03-01 20:45:00,8788.331251475352,26.0313936310682,3,0,0,20,45,8487.496153254524,8842.245809968264,8839.322905375888
2024-03-01 21:00:00,9041.87,25.902,3,0,0,21,0,8788.331251475352,8889.49,8771.89
2024-03-01 21:15:00,9172.837937700828,25.63546733980256,3,0,0,21,15,9041.87,8925.174535625438,8806.657933436025
2024-03-01 21:30:00,9190.865851215283,25.273948594815163,3,0,0,21,30,9172.837937700828,8939.053691317342,8901.874140863994
2024-03-01 21:45:00,9126.8108391221,24.882455552420183,3,0,0,21,45,9190.865851215283,8921.843501350575,8999.948277859967
2024-03-01 22:00:00,9011.53,24.526,3,0,0,22,0,9126.8108391221,8864.26,9043.29
2024-03-01 22:15:00,8873.766364540257,24.25490953059769,3,0,0,22,15,9011.53,8764.296978317716,8991.294496430126
2024-03-01 22:30:00,8733.806691884336,24.06077495989917,3,0,0,22,30,8873.766364540257,8649.059254464766,8871.29909057625
2024-03-01 22:45:00,8609.823673286244,23.920502909251063,3,0,0,22,45,8733.806691884336,8552.929403379434,8727.626639434251
2024-03-01 23:00:00,8519.99,23.811,3,0,0,23,0,8609.823673286244,8510.29,8604.6
2024-03-01 23:15:00,8476.398635388143,23.712863287806687,3,0,0,23,15,8519.99,8538.939894853704,8536.72986209347
2024-03-01 23:30:00,8466.823631247373,23.621451565588163,3,0,0,23,30,8476.398635388143,8590.343040823596,8519.278246831002
2024-03-01 23:45:00,8472.959311482913,23.53581406057556,3,0,0,23,45,8466.823631247373,8599.379666381692,8537.695008153034
2024-03-02 00:00:00,8476.5,23.455,3,0,1,0,0,8472.959311482913,8500.93,8577.43
2024-03-02 00:15:00,8463.700656407167,23.377996693175565,3,0,1,0,15,8476.5,8258.868286017474,8623.389961445995
2024-03-02 00:30:00,8439.058783126178,23.30354377774817,3,0,1,0,30,8463.700656407167,7953.044832240849,8658.309172099742
2024-03-02 00:45:00,8411.632518282098,23.230318973446693,3,0,1,0,45,8439.058783126178,7692.303962343799,8664.378796703617
2024-03-02 01:00:00,8390.48,23.157,3,0,1,1,0,8411.632518282098,7585.49,8623.79
2024-03-02 01:15:00,8381.101082733188,23.08177493949105,3,0,1,1,15,8390.48,7705.9110235763965,8528.38060462255
2024-03-02 01:30:00,8374.762486247922,23.00087332341915,3,0,1,1,30,8381.101082733188,7984.730130213005,8408.57506477004
2024-03-02 01:45:00,8359.172646638694,22.91003504563767,3,0,1,1,45,8374.762486247922,8317.574171743112,8304.444492532506
2024-03-02 02:00:00,8322.04,22.805,3,0,1,2,0,8359.172646638694,8600.07,8256.06
2024-03-02 02:15:00,8257.39704391008,22.687075423860225,3,0,1,2,15,8322.04,8749.090119676937,8289.402932563797
2024-03-02 02:30:00,8184.572521882138,22.57983792857524,3,0,1,2,30,8257.39704391008,8766.489646907128,8374.095568820105
2024-03-02 02:45:00,8129.219238913128,22.512431469002628,3,0,1,2,45,8184.572521882138,8675.369350683752,8465.670420666358
2024-03-02 03:00:00,8116.99,22.514,3,0,1,3,0,8129.219238913128,8498.83,8519.66
2024-03-02 03:15:00,8165.487304126496,22.59968899006805,3,0,1,3,15,8116.99,8262.88412271585,8506.38485262226
2024-03-02 03:30:00,8260.112426223528,22.728649962279903,3,0,1,3,30,8165.487304126496,8005.191282158484,8455.317659949542
2024-03-02 03:45:00,8378.216335208794,22.846035953351805,3,0,1,3,45,8260.112426223528,7766.322800521873,8410.719137302056
2024-03-02 04:00:00,8497.15,22.897,3,0,1,4,0,8378.216335208794,7586.85,8416.85
2024-03-02 04:15:00,8597.634208333933,22.848871740867587,3,0,1,4,15,8497.15,7503.1347957096605,8503.83171944717
2024-03-02 04:30:00,8673.86902322375,22.75768722230515,3,0,1,4,30,8597.634208333933,7534.701474458941,8645.228791381727
2024-03-02 04:45:00,8723.424326501688,22.701659092590138,3,0,1,4,45,8673.86902322375,7696.864915978751,8800.466467625418
2024-03-02 05:00:00,8743.87,22.759,3,0,1,5,0,8723.424326501688,8004.94,8928.97
2024-03-02 05:15:00,8737.257268787771,22.982324046461606,3,0,1,5,15,8743.87,8457.322319445508,9001.65467583906
2024-03-02 05:30:00,8723.56273088148,23.3218511484995,3,0,1,5,30,8737.257268787771,8984.73032000575,9035.395924523553
2024-03-02 05:45:00,8727.244327534449,23.702202676287644,3,0,1,5,45,8723.56273088148,9500.963160563118,9058.559210946269
2024-03-02 06:00:00,8772.76,24.048,3,0,1,6,0,8727.244327534449,9919.82,9099.51
2024-03-02 06:15:00,8874.346560264981,24.30773832328599,3,0,1,6,15,8772.76,10174.075301508305,9184.089108446591
2024-03-02 06:30:00,9005.356303250333,24.525408183696847,3,0,1,6,30,8874.346560264981,10272.40474551805,9328.038760524068
2024-03-02 06:45:00,9128.920394610515,24.768873952259288,3,0,1,6,45,9005.356303250333,10242.459316768767,9544.576532339514
2024-03-02 07:00:00,9208.17,25.106,3,0,1,7,0,9128.920394610515,10111.89,9846.92
2024-03-02 07:15:00,9224.5580526523,25.58558203539445,3,0,1,7,15,9208.17,9919.702724521268,10234.03498412458
2024-03-02 07:30:00,9232.824556117184,26.18014111671312,3,0,1,7,30,9224.5580526523,9750.323197922044,10647.880283380176
2024-03-02 07:45:00,9306.031281523476,26.84312963967521,3,0,1,7,45,9232.824556117184,9699.532072361802,11016.162940945684
2024-03-02 08:00:00,9517.24,27.527999999999995,3,0,1,8,0,9306.031281523476,9863.11,11266.59
2024-03-02 08:15:00,9909.904197875814,28.196808535136206,3,0,1,8,15,9517.24,10295.998487906629,11355.783767555096
2024-03-02 08:30:00,10409.044222280923,28.846027349450694,3,0,1,8,30,9909.904197875814,10889.782462793766,11356.02760595523
2024-03-02 08:45:00,10910.072135545572,29.48073248903984,3,0,1,8,45,10409.044222280923,11495.20770628402,11368.520141377752
2024-03-02 09:00:00,11308.4,30.106,3,0,1,9,0,10910.072135545572,11963.02,11494.46
2024-03-02 09:15:00,11527.65546834444,30.723730699060702,3,0,1,9,15,11308.4,12183.24988635223,11796.676195655047
2024-03-02 09:30:00,11604.328554759111,31.323124485484087,3,0,1,9,30,11527.65546834444,12203.0669509029,12184.519292798905
2024-03-02 09:45:00,11603.12486379423,31.890206029165423,3,0,1,9,45,11604.328554759111,12108.92554000212,12528.970243543308
2024-03-02 10:00:00,11588.75,32.410999999999994,3,0,1,10,0,11603.12486379423,11987.28,12701.01
2024-03-02 10:15:00,11612.412678746425,32.874815543620954,3,0,1,10,15,11588.75,11905.947904184455,12617.138168574716
2024-03-02 10:30:00,11671.334058682622,33.28409970861294,3,0,1,10,30,11612.412678746425,11858.199733594636,12375.928972849151
2024-03-02 10:45:00,11749.238409277512,33.64458401929845,3,0,1,10,45,11671.334058682622,11818.6691962075,12121.475290699016
2024-03-02 11:00:00,11829.85,33.962,3,0,1,11,0,11749.238409277512,11761.99,11997.87
2024-03-02 11:15:00,11900.321941669872,34.24096025145547,3,0,1,11,15,11829.85,11672.377715659946,12105.338786296095
2024-03-02 11:30:00,11961.5227105104,34.48160168006416,3,0,1,11,30,11900.321941669872,11572.37536471855,12368.638565804484
2024-03-02 11:45:00,12017.749624095728,34.68294226864078,3,0,1,11,45,11961.5227105104,11494.10783141788,12668.659062410628
2024-03-02 12:00:00,12073.3,34.844,3,0,1,12,0,12017.749624095728,11469.7,12886.29
2024-03-02 12:15:00,12131.310179574088,34.9651090755572,3,0,1,12,15,12073.3,11521.65607692576,12933.8754362409
2024-03-02 12:30:00,12190.272599275771,35.05186857113043,3,0,1,12,30,12131.310179574088,11633.997557531164,12849.576763932922
2024-03-02 12:45:00,12247.518719339576,35.11119378113845,3,0,1,12,45,12190.272599275771,11781.12525937098,12703.00970965848
2024-03-02 13:00:00,12300.38,35.15,3,0,1,13,0,12247.518719339576,11937.44,12563.79
2024-03-02 13:15:00,12344.982340033775,35.17108782131575,3,0,1,13,15,12300.38,12079.507664137009,12484.512124990302
2024-03-02 13:30:00,12372.629392386496,35.16079903541412,3,0,1,13,30,12344.982340033775,12192.554405156809,12449.685628463836
2024-03-02 13:45:00,12373.419248545968,35.10136073180543,3,0,1,13,45,12372.629392386496,12263.9714435982,12426.798817705452
2024-03-02 14:00:00,12337.45,34.975,3,0,1,14,0,12373.419248545968,12281.15,12383.34
2024-03-02 14:15:00,12259.061554040807,34.771633389179776,3,0,1,14,15,12337.45,12238.404360276209,12295.09997004789
2024-03-02 14:30:00,12149.561081178244,34.511935287213085,3,0,1,14,30,12259.061554040807,12157.741071841616,12171.079472211735
2024-03-02 14:45:00,12024.497567726556,34.22426954163985,3,0,1,14,45,12149.561081178244,12068.089747486216,12028.581738269717
2024-03-02 15:00:00,11899.42,33.937,3,0,1,15,0,12024.497567726556,11998.38,11884.91
2024-03-02 15:15:00,11782.635506302986,33.66942549696513,3,0,1,15,15,11899.42,11961.227551008162,11753.039869818142
2024-03-02 15:30:00,11653.483782900536,33.40458481573354,3,0,1,15,30,11782.635506302986,11903.992557476728,11628.636482689217
2024-03-02 15:45:00,11484.062668047814,33.11645172663518,3,0,1,15,45,11653.483782900536,11757.72128520693,11503.037354215685
2024-03-02 16:00:00,11246.47,32.779,3,0,1,16,0,11484.062668047814,11453.46,11367.58
2024-03-02 16:15:00,10923.23454574724,32.373617747959685,3,0,1,16,15,11246.47,10952.071216941144,11213.651956929549
2024-03-02 16:30:00,10538.608787219617,31.91135044985276,3,0,1,16,30,10923.23454574724,10333.682448251471,11032.8408470314
2024-03-02 16:45:00,10127.276135082184,31.410657926819447,3,0,1,16,45,10538.608787219617,9708.237455436063,10816.78431361755
2024-03-02 17:00:00,9723.92,30.89,3,0,1,17,0,10127.276135082184,9185.68,10557.12
2024-03-02 17:15:00,9359.970998208046,30.36647851119613,3,0,1,17,15,9723.92,8851.028518727257,10255.13511496367
2024-03-02 17:30:00,9053.848568220996,29.85176338485544,3,0,1,17,30,9359.970998208046,8689.600149517382,9950.71512918519
2024-03-02 17:45:00,8820.719354123448,29.35616656608704,3,0,1,17,45,9053.848568220996,8661.786705548815,9693.395078814114
2024-03-02 18:00:00,8675.75,28.89,3,0,1,18,0,8820.719354123448,8727.98,9532.71
2024-03-02 18:15:00,8625.732086420574,28.46068695725581,3,0,1,18,15,8675.75,8845.695176899828,9498.530083215772
2024-03-02 18:30:00,8643.956939896398,28.064096010725468,3,0,1,18,30,8625.732086420574,8960.940703679,9542.06613622784
2024-03-02 18:45:00,8695.340823424023,27.693207058832403,3,0,1,18,45,8643.956939896398,9016.848378618672,9594.864121125993
2024-03-02 19:00:00,8744.8,27.341,3,0,1,19,0,8695.340823424023,8956.55,9588.47
2024-03-02 19:15:00,8764.118781109655,27.003148659780656,3,0,1,19,15,8744.8,8749.958742423432,9475.00955217324
2024-03-02 19:30:00,8752.55367219341,26.68610257224268,3,0,1,19,30,8764.118781109655,8474.113285766618,9288.927825903442
2024-03-02 19:45:00,8716.22922718046,26.399005198583364,3,0,1,19,45,8752.55367219341,8232.833686226493,9085.249686681922
2024-03-02 20:00:00,8661.27,26.151,3,0,1,20,0,8716.22922718046,8129.94,8919.0
2024-03-02 20:15:00,8596.911070390806,25.946734028621574,3,0,1,20,15,8661.27,8235.865478406435,8832.844208091265
2024-03-02 20:30:00,8544.829621329962,25.77286870030381,3,0,1,20,30,8596.911070390806,8487.496153254524,8820.01006015839
2024-03-02 20:45:00,8529.81336160414,25.611569021834143,3,0,1,20,45,8544.829621329962,8788.331251475352,8861.365882146321
2024-03-02 21:00:00,8576.65,25.445,3,0,1,21,0,8529.81336160414,9041.87,8937.78
2024-03-02 21:15:00,8694.368968577122,25.260274600733062,3,0,1,21,15,8576.65,9172.837937700828,9030.2170529617
2024-03-02 21:30:00,8828.966592486737,25.06429762654208,3,0,1,21,30,8694.368968577122,9190.865851215283,9120.026933463
2024-03-02 21:45:00,8910.680920152983,24.86892183908005,3,0,1,21,45,8828.966592486737,9126.8108391221,9188.655847232798
2024-03-02 22:00:00,8869.75,24.686,3,0,1,22,0,8910.680920152983,9011.53,9217.55
2024-03-02 22:15:00,8665.9383678007,24.52469881844618,3,0,1,22,15,8869.75,8873.766364540257,9192.880080061934
2024-03-02 22:30:00,8377.116508723084,24.383440793527875,3,0,1,22,30,8665.9383678007,8733.806691884336,9119.714705989614
2024-03-02 22:45:00,8110.681395283927,24.25796237184564,3,0,1,22,45,8377.116508723084,8609.823673286244,9007.846978922493
2024-03-02 23:00:00,7974.03,24.144,3,0,1,23,0,8110.681395283927,8519.99,8867.07
2024-03-02 23:15:00,8038.407091470077,24.03769575048222,3,0,1,23,15,7974.03,8476.398635388143,8710.017158040566
2024-03-02 23:30:00,8230.448622620923,23.93681419934641,3,0,1,23,30,8038.407091470077,8466.823631247373,8560.682992578533
2024-03-02 23:45:00,8440.63834246131,23.8395255485374,3,0,1,23,45,8230.448622620923,8472.959311482913,8445.902330827237
2024-03-03 00:00:00,8559.46,23.744,3,0,1,0,0,8440.63834246131,8476.5,8392.51
2024-03-03 00:15:00,8507.726391318993,23.64909630462493,3,0,1,0,15,8559.46,8463.700656407167,8416.929100275807
2024-03-03 00:30:00,8327.566500793215,23.55642740908647,3,0,1,0,30,8507.726391318993,8439.058783126178,8493.935823696247
2024-03-03 00:45:00,8091.438359870831,23.46829480900477,3,0,1,0,45,8327.566500793215,8411.632518282098,8587.894635268565
2024-03-03 01:00:00,7871.8,23.387,3,0,1,1,0,8091.438359870831,8390.48,8663.17
2024-03-03 01:15:00,7728.276249503957,23.31454403101805,3,0,1,1,15,7871.8,8381.101082733188,8692.792065856205
2024-03-03 01:30:00,7669.159124206219,23.25172616430771,3,0,1,1,30,7728.276249503957,8374.762486247922,8684.453712636476
2024-03-03 01:45:00,7689.907436805369,23.19904521544352,3,0,1,1,45,7669.159124206219,8359.172646638694,8654.513503098506
2024-03-03 02:00:00,7785.98,23.157000000000004,3,0,1,2,0,7689.907436805369,8322.04,8619.33
2024-03-03 02:15:00,7946.768454415179,23.12416507130289,3,0,1,2,15,7785.98,8257.39704391008,8591.15607379937
2024-03-03 02:30:00,8137.395752381914,23.091417933682703,3,0,1,2,30,7946.768454415179,8184.572521882138,8565.821825757857
2024-03-03 02:45:00,8316.91767415769,23.047711829221168,3,0,1,2,45,8137.395752381914,8129.219238913128,8535.051664837414
2024-03-03 03:00:00,8444.39,22.982,3,0,1,3,0,8316.91767415769,8116.99,8490.57
2024-03-03 03:15:00,8491.362745335322,22.8894675587704,3,0,1,3,15,8444.39,8165.487304126496,8431.898482696317
2024-03-03 03:30:00,8479.362866266125,22.79022710096148,3,0,1,3,30,8491.362745335322,8260.112426223528,8389.747734332099
2024-03-03 03:45:00,8442.411554063863,22.710623092671817,3,0,1,3,45,8479.362866266125,8378.216335208794,8402.625618801829
2024-03-03 04:00:00,8414.53,22.677,3,0,1,4,0,8442.411554063863,8497.15,8509.04
2024-03-03 04:15:00,8425.106657993529,22.705355318615503,3,0,1,4,15,8414.53,8597.634208333933,8727.959682915363
2024-03-03 04:30:00,8484.999032553585,22.770298662471383,3,0,1,4,30,8425.106657993529,8673.86902322375,9000.197236913753
2024-03-03 04:45:00,8600.431890836851,22.836092675091567,3,0,1,4,45,8484.999032553585,8723.424326501688,9247.026172455262
2024-03-03 05:00:00,8777.63,22.867,3,0,1,5,0,8600.431890836851,8743.87,9389.72
2024-03-03 05:15:00,9008.348435190566,22.84475179176757,3,0,1,5,15,8777.63,8737.257268787771,9371.918879392228
2024-03-03 05:30:00,9226.463503519535,22.82095324915299,3,0,1,5,30,9008.348435190566,8723.56273088148,9226.729568012894
2024-03-03 05:45:00,9351.38182008873,22.86467808196192,3,0,1,5,45,9226.463503519535,8727.244327534449,9009.625472627116
2024-03-03 06:00:00,9302.51,23.045,3,0,1,6,0,9351.38182008873,8772.76,8776.08
2024-03-03 06:15:00,9037.939601244198,23.40985626431421,3,0,1,6,15,9302.51,8874.346560264981,8577.82558076572
2024-03-03 06:30:00,8670.501953368275,23.92263834091666,3,0,1,6,30,9037.939601244198,9005.356303250333,8451.630741034667
2024-03-03 06:45:00,8351.713328808219,24.525601247060784,3,0,1,6,45,8670.501953368275,9128.920394610515,8430.52303078628
2024-03-03 07:00:00,8233.09,25.161,3,0,1,7,0,8351.713328808219,9208.17,8547.53
2024-03-03 07:15:00,8423.318159832645,25.78176065097561,3,0,1,7,15,8233.09,9224.5580526523,8823.106610044888
2024-03-03 07:30:00,8859.763683007359,26.38349338718038,3,0,1,7,30,8423.318159832645,9232.824556117184,9227.41746784844
2024-03-03 07:45:00,9436.962364678397,26.97247942979496,3,0,1,7,45,8859.763683007359,9306.031281523476,9718.054591727772
2024-03-03 08:00:00,10049.45,27.555,3,0,1,8,0,9436.962364678397,9517.24,10252.61
2024-03-03 08:15:00,10604.533853175224,28.136179256783368,3,0,1,8,15,10049.45,9909.904197875814,10789.597041554733
2024-03-03 08:30:00,11060.607064602287,28.716513110361827,3,0,1,8,30,10604.533853175224,10409.044222280923,11291.214387571576
2024-03-03 08:45:00,11388.834243728208,29.295340408759376,3,0,1,8,45,11060.607064602287,10910.072135545572,11720.582039802632
2024-03-03 09:00:00,11560.38,29.872,3,0,1,9,0,11388.834243728208,11308.4,12040.82
2024-03-03 09:15:00,11566.73642746646,30.444584821890924,3,0,1,9,15,11560.38,11527.65546834444,12228.30084873618
2024-03-03 09:30:00,11480.705558583497,31.006204171372303,3,0,1,9,30,11566.73642746646,11604.328554759111,12312.407481865252
2024-03-03 09:45:00,11395.41691040878,31.54872143516753,3,0,1,9,45,11480.705558583497,11603.12486379423,12335.7753740617
2024-03-03 10:00:00,11404.0,32.064,3,0,1,10,0,11395.41691040878,11588.75,12341.04
2024-03-03 10:15:00,11570.178561958928,32.544668955652945,3,0,1,10,15,11404.0,11612.412678746425,12362.556282250547
2024-03-03 10:30:00,11840.05320106373,32.98642020414897,3,0,1,10,30,11570.178561958928,11671.334058682622,12401.556934967412
2024-03-03 10:45:00,12130.318739636668,33.385711350570496,3,0,1,10,45,11840.05320106373,11749.238409277512,12450.994120200568
2024-03-03 11:00:00,12357.67,33.739000000000004,3,0,1,11,0,12130.318739636668,11829.85,12503.82
2024-03-03 11:15:00,12463.368699697823,34.044051855497315,3,0,1,11,15,12357.67,11900.321941669872,12551.751522261626
2024-03-03 11:30:00,12486.94413716158,34.303865012031864,3,0,1,11,30,12463.368699697823,11961.5227105104,12581.564778265105
2024-03-03 11:45:00,12492.492506044548,34.522745662550484,3,0,1,11,45,12486.94413716158,12017.749624095728,12578.800645136032
2024-03-03 12:00:00,12544.11,34.705000000000005,3,0,1,12,0,12492.492506044548,12073.3,12529.0
2024-03-03 12:15:00,12673.267732999777,34.85257674735783,3,0,1,12,15,12544.11,12131.310179574088,12426.145441202949
2024-03-03 12:30:00,12780.936500289949,34.95799474772362,3,0,1,12,30,12673.267732999777,12190.272599275771,12297.98645197217
2024-03-03 12:45:00,12735.462017435142,35.0114153742276,3,0,1,12,45,12780.936500289949,12247.518719339576,12180.714236755308
2024-03-03 13:00:00,12405.19,35.00299999999999,3,0,1,13,0,12735.462017435142,12300.38,12110.52
2024-03-03 13:15:00,11725.773180803077,34.92810990507137,3,0,1,13,15,12405.19,12344.982340033775,12113.962181676588
2024-03-03 13:30:00,10902.092361678637,34.80290599707366,3,0,1,13,30,11725.773180803077,12372.629392386496,12179.068163846216
2024-03-03 13:45:00,10206.33536171488,34.64874909053911,3,0,1,13,45,10902.092361678637,12373.419248545968,12284.232564092736
2024-03-03 14:00:00,9910.69,34.487,3,0,1,14,0,10206.33536171488,12337.45,12407.85
2024-03-03 14:15:00,10188.467043787929,34.333655507356674,3,0,1,14,15,9910.69,12259.061554040807,12529.868800840704
2024-03-03 14:30:00,10817.469052995517,34.183256263981754,3,0,1,14,30,10188.467043787929,12149.561081178244,12636.452142642964
2024-03-03 14:45:00,11476.621535705346,34.024978888615955,3,0,1,14,45,10817.469052995517,12024.497567726556,12715.316913123745
2024-03-03 15:00:00,11844.85,33.848,3,0,1,15,0,11476.621535705346,11899.42,12754.18
2024-03-03 15:15:00,11692.895206545209,33.64239306550196,3,0,1,15,15,11844.85,11782.635506302986,12730.496052460594
2024-03-03 15:30:00,11158.758926339298,33.401818946999335,3,0,1,15,30,11692.895206545209,11653.483782900536,12580.670765581926
2024-03-03 15:45:00,10472.258182963737,33.120835354997055,3,0,1,15,45,11158.758926339298,11484.062668047814,12230.8475959123
2024-03-03 16:00:00,9863.21,32.794,3,0,1,16,0,10472.258182963737,11246.47,11607.17
2024-03-03 16:15:00,9507.446661281234,32.417647230635524,3,0,1,16,15,9863.21,10923.23454574724,10683.180583066922
2024-03-03 16:30:00,9364.861491647292,31.995217948020883,3,0,1,16,30,9507.446661281234,10538.608787219617,9622.018545029328
2024-03-03 16:45:00,9341.363076189704,31.5319296913958,3,0,1,16,45,9364.861491647292,10127.276135082184,8634.222234477069
2024-03-03 17:00:00,9342.86,31.033,3,0,1,17,0,9341.363076189704,9723.92,7930.33
2024-03-03 17:15:00,9294.955023329856,30.50697113695596,3,0,1,17,15,9342.86,9359.970998208046,7662.0555215217155
2024-03-03 17:30:00,9202.027607071534,29.97568426091713,3,0,1,17,30,9294.955023329856,9053.848568220996,7745.813804300762
2024-03-03 17:45:00,9088.151387277445,29.46430525441973,3,0,1,17,45,9202.027607071534,8820.719354123448,8039.195184929427
2024-03-03 18:00:00,8977.4,28.998,3,0,1,18,0,9088.151387277445,8675.75,8399.79
2024-03-03 18:15:00,8888.482464149347,28.59399947154066,3,0,1,18,15,8977.4,8625.732086420574,8709.670143346222
2024-03-03 18:30:00,8818.649330066577,28.2377950083106,3,0,1,18,30,8888.482464149347,8643.956939896398,8948.833737767627
2024-03-03 18:45:00,8759.786530950521,27.90694304092524,3,0,1,18,45,8818.649330066577,8695.340823424023,9121.760463305223
2024-03-03 19:00:00,8703.78,27.579,3,0,1,19,0,8759.786530950521,8744.8,9232.93
2024-03-03 19:15:00,8647.241057572757,27.23851535188141,3,0,1,19,15,8703.78,8764.118781109655,9290.146873843409
2024-03-03 19:30:00,8605.682572662157,26.89801070584048,3,0,1,19,30,8647.241057572757,8752.55367219341,9314.514994628724
2024-03-03 19:45:00,8599.34280142048,26.577000706879307,3,0,1,19,45,8605.682572662157,8716.22922718046,9330.463118099678
2024-03-03 20:00:00,8648.46,26.295,3,0,1,20,0,8599.34280142048,8661.27,9362.42
2024-03-03 20:15:00,8764.209243059624,26.065548495933683,3,0,1,20,15,8648.46,8596.911070390806,9422.337673780146
2024-03-03 20:30:00,8921.512879284788,25.87828716832748,3,0,1,20,30,8764.209243059624,8544.829621329962,9472.261283717473
2024-03-03 20:45:00,9086.230075867556,25.71688225655754,3,0,1,20,45,8921.512879284788,8529.81336160414,9461.759251796064
2024-03-03 21:00:00,9224.22,25.565,3,0,1,21,0,9086.230075867556,8576.65,9340.4
2024-03-03 21:15:00,9301.735251438744,25.40949378938387,3,0,1,21,15,9224.22,8694.368968577122,9079.001024786006
2024-03-03 21:30:00,9286.602160198683,25.2499656208496,3,0,1,21,30,9301.735251438744,8828.966592486737,8733.37612050138
2024-03-03 21:45:00,9147.040488859284,25.089204641890536,3,0,1,21,45,9286.602160198683,8910.680920152983,8380.588155966065
2024-03-03 22:00:00,8851.27,24.93,3,0,1,22,0,9147.040488859284,8869.75,8097.7
2024-03-03 22:15:00,8395.738657435399,24.77546072153086,3,0,1,22,15,8851.27,8665.9383678007,7943.08275832583
2024-03-03 22:30:00,7889.807229920469,24.62997534827412,3,0,1,22,30,8395.738657435399,8377.116508723084,7900.340484277006
2024-03-03 22:45:00,7471.064687445305,24.498252300880324,3,0,1,22,45,7889.807229920469,8110.681395283927,7934.385468089677
2024-03-03 23:00:00,7277.1,24.385,3,0,1,23,0,7471.064687445305,7974.03,8010.13
2024-03-03 23:15:00,7401.070118819664,24.292647699492694,3,0,1,23,15,7277.1,8038.407091470077,8097.932941910674
2024-03-03 23:30:00,7758.403920119443,24.21450798605392,3,0,1,23,30,7401.070118819664,8230.448622620923,8189.9394423906
2024-03-03 23:45:00,8220.0982613595,24.14161427958818,3,0,1,23,45,7758.403920119443,8440.63834246131,8283.741221675225
2024-03-04 00:00:00,8657.15,24.065,3,0,0,0,0,8220.0982613595,8559.46,8376.93
2024-03-04 00:15:00,8960.545711035951,23.97712035549837,3,0,0,0,15,8657.15,8507.726391318993,8465.771099031475
2024-03-04 00:30:00,9101.230839601763,23.876117707510225,3,0,0,0,30,8960.545711035951,8327.566500793215,8541.224246160597
2024-03-04 00:45:00,9070.140548366691,23.76155620576696,3,0,0,0,45,9101.230839601763,8091.438359870831,8592.922770209423
2024-03-04 01:00:00,8858.21,23.633,3,0,0,1,0,9070.140548366691,7871.8,8610.5
2024-03-04 01:15:00,8472.817193286533,23.49124587851381,3,0,0,1,15,8858.21,7728.276249503957,8588.838755713428
2024-03-04 01:30:00,7987.111471473507,23.34202118390519,3,0,0,1,30,8472.817193286533,7669.159124206219,8543.819822967005
2024-03-04 01:45:00,7490.685013923727,23.192285897343968,3,0,0,1,45,7987.111471473507,7689.907436805369,8496.57347873708
2024-03-04 02:00:00,7073.13,23.049,3,0,0,2,0,7490.685013923727,7785.98,8468.23
2024-03-04 02:15:00,6808.980359567915,22.91867738044637,3,0,0,2,15,7073.13,7946.768454415179,8471.928409364811
2024-03-04 02:30:00,6712.537024504208,22.806047556869025,3,0,0,2,30,6808.980359567915,8137.395752381914,8488.842711971376
2024-03-04 02:45:00,6783.042677188396,22.715393954857173,3,0,0,2,45,6712.537024504208,8316.91767415769,8492.155658592254
2024-03-04 03:00:00,7019.74,22.651,3,0,0,3,0,6783.042677188396,8444.39,8455.05
2024-03-04 03:15:00,7408.041524691805,22.613794599700725,3,0,0,3,15,7019.74,8491.362745335322,8365.29026307732
2024-03-04 03:30:00,7878.039180509663,22.59128858861871,3,0,0,3,30,7408.041524691805,8479.362866266125,8268.968079147488
2024-03-04 03:45:00,8345.994746072687,22.56763828322734,3,0,0,3,45,7878.039180509663,8442.411554063863,8226.75685564391
2024-03-04 04:00:00,8728.17,22.527,3,0,0,4,0,8345.994746072687,8414.53,8299.33
2024-03-04 04:15:00,8965.247447914862,22.45926922075073,3,0,0,4,15,8728.17,8425.106657993529,8521.762257075901
2024-03-04 04:30:00,9095.59250345714,22.37729808865614,3,0,0,4,30,8965.247447914862,8484.999032553585,8826.733721438675
2024-03-04 04:45:00,9181.99130727085,22.29967791223348,3,0,0,4,45,9095.59250345714,8600.431890836851,9121.325825082107
2024-03-04 05:00:00,9287.23,22.245,3,0,0,5,0,9181.99130727085,8777.63,9312.62
2024-03-04 05:15:00,9450.814933648742,22.232956642296354,3,0,0,5,15,9287.23,9008.348435190566,9334.837114869077
2024-03-04 05:30:00,9619.13330566177,22.287644056756744,3,0,0,5,30,9450.814933648742,9226.463503519535,9230.755785097816
2024-03-04 05:45:00,9715.292524843911,22.43425944283876,3,0,0,5,45,9619.13330566177,9351.38182008873,9070.294062777652
2024-03-04 06:00:00,9662.4,22.698,3,0,0,6,0,9715.292524843911,9302.51,8923.37
2024-03-04 06:15:00,9418.555473740167,23.094232335063857,3,0,0,6,15,9662.4,9037.939601244198,8845.999595947804
2024-03-04 06:30:00,9081.828023895776,23.599000684316906,3,0,0,6,30,9418.555473740167,8670.501953368275,8838.59063817006
2024-03-04 06:45:00,8785.279062103495,24.17851869141149,3,0,0,6,45,9081.828023895776,8351.713328808219,8887.648861307287
2024-03-04 07:00:00,8661.97,24.799,3,0,0,7,0,8785.279062103495,8233.09,8979.68
2024-03-04 07:15:00,8809.318952640591,25.43189526744821,3,0,0,7,15,8661.97,8423.318159832645,9109.732313839711
2024-03-04 07:30:00,9182.170848755128,26.069603205975657,3,0,0,7,30,8809.318952640591,8859.763683007359,9307.024162221942
2024-03-04 07:45:00,9699.7273204921,26.70975954151527,3,0,0,7,45,9182.170848755128,9436.962364678397,9609.316429493198
2024-03-04 08:00:00,10281.19,27.35,3,0,0,8,0,9699.7273204921,10049.45,10054.37
2024-03-04 08:15:00,10848.905903197465,27.98776472014328,3,0,0,8,15,10281.19,10604.533853175224,10656.260367443345
2024-03-04 08:30:00,11337.803581083715,28.61971149178048,3,0,0,8,30,10848.905903197465,11060.607064602287,11334.321462942178
2024-03-04 08:45:00,11685.956968428109,29.24230251752744,3,0,0,8,45,11337.803581083715,11388.834243728208,11984.20182696992
2024-03-04 09:00:00,11831.44,29.852,3,0,0,9,0,11685.956968428109,11560.38,12501.55
2024-03-04 09:15:00,11744.219465819544,30.443920851978657,3,0,0,9,15,11831.44,11566.73642746646,12806.556060136902
2024-03-04 09:30:00,11521.833576910014,31.00780082690243,3,0,0,9,30,11744.219465819544,11480.705558583497,12917.576236009349
2024-03-04 09:45:00,11293.71339954548,31.532030388374988,3,0,0,9,45,11521.833576910014,11395.41691040878,12877.50829387712
2024-03-04 10:00:00,11189.29,32.005,3,0,0,10,0,11293.71339954548,11404.0,12729.25
2024-03-04 10:15:00,11301.533421024364,32.4181612469421,3,0,0,10,15,11189.29,11570.178561958928,12519.562267009049
2024-03-04 10:30:00,11577.569611276229,32.775210200609806,3,0,0,10,30,11301.533421024364,11840.05320106373,12310.658593020433
2024-03-04 10:45:00,11928.06349588998,33.082904053972605,3,0,0,10,45,11577.569611276229,12130.318739636668,12168.615622521598
2024-03-04 11:00:00,12263.68,33.348,3,0,0,11,0,11928.06349588998,12357.67,12159.51
2024-03-04 11:15:00,12511.253725083006,33.57565291025295,3,0,0,11,15,12263.68,12463.368699697823,12319.984715576911
2024-03-04 11:30:00,12662.297977985072,33.76460837065836,3,0,0,11,30,12511.253725083006,12486.94413716158,12568.948141908926
2024-03-04 11:45:00,12724.4957418946,33.91200964573458,3,0,0,11,45,12662.297977985072,12492.492506044548,12795.87499728648
2024-03-04 12:00:00,12705.53,34.01499999999999,3,0,0,12,0,12724.4957418946,12544.11,12890.24
2024-03-04 12:15:00,12619.639022393609,34.071742737046065,3,0,0,12,15,12705.53,12673.267732999777,12775.795433183312
2024-03-04 12:30:00,12507.282226783484,34.084481316756744,3,0,0,12,30,12619.639022393609,12780.936500289949,12513.40383934386
2024-03-04 12:45:00,12415.47431778162,34.05647923808904,3,0,0,12,45,12507.282226783484,12735.462017435142,12198.205325832476
2024-03-04 13:00:00,12391.23,33.991,3,0,0,13,0,12415.47431778162,12405.19,11925.34
2024-03-04 13:15:00,12454.47252909256,33.89217301656274,3,0,0,13,15,12391.23,11725.773180803077,11769.041989189836
2024-03-04 13:30:00,12516.759364880989,33.767591362314654,3,0,0,13,30,12454.47252909256,10902.092361678637,11719.921500715634
2024-03-04 13:45:00,12462.556518228925,33.62571402690925,3,0,0,13,45,12516.759364880989,10206.33536171488,11747.682761883616
2024-03-04 14:00:00,12176.33,33.475,3,0,0,14,0,12462.556518228925,9910.69,11822.03
2024-03-04 14:15:00,11601.699454986156,33.32186207170299,3,0,0,14,15,12176.33,10188.467043787929,11909.870516307348
2024-03-04 14:30:00,10918.89906369256,33.164528233984626,3,0,0,14,30,11601.699454986156,10817.469052995517,11966.923907793604
2024-03-04 14:45:00,10367.316640552684,32.999180279273965,3,0,0,14,45,10918.89906369256,11476.621535705346,11946.11284538306
2024-03-04 15:00:00,10186.34,32.822,3,0,0,15,0,10367.316640552684,11844.85,11800.36
2024-03-04 15:15:00,10520.25043221282,32.62787869662534,3,0,0,15,15,10186.34,11692.895206545209,11505.217820580776
2024-03-04 15:30:00,11132.903130348774,32.40654570174682,3,0,0,15,30,10520.25043221282,11158.758926339298,11126.757868109951
2024-03-04 15:45:00,11693.046763310344,32.146439855994906,3,0,0,15,45,11132.903130348774,10472.258182963737,10753.681481584154
2024-03-04 16:00:00,11869.43,31.836,3,0,0,16,0,11693.046763310344,9863.21,10474.69
2024-03-04 16:15:00,11437.903816162576,31.46804501679568,3,0,0,16,15,11869.43,9507.446661281234,10348.44929511955
2024-03-04 16:30:00,10602.728414912344,31.052913959028064,3,0,0,16,30,11437.903816162576,9364.861491647292,10313.483369766587
2024-03-04 16:45:00,9675.266306205942,30.605325921746424,3,0,0,16,45,10602.728414912344,9341.363076189704,10278.280759530331
2024-03-04 17:00:00,8966.88,30.14,3,0,0,17,0,9675.266306205942,9342.86,10151.33
2024-03-04 17:15:00,8708.937115636878,29.671863111191943,3,0,0,17,15,8966.88,9294.955023329856,9870.293123941025
2024-03-04 17:30:00,8812.825710001844,29.216673462140907,3,0,0,17,30,8708.937115636878,9202.027607071534,9489.526152823692
2024-03-04 17:45:00,9109.938949365887,28.790397082019417,3,0,0,17,45,8812.825710001844,9088.151387277445,9092.558605294516
2024-03-04 18:00:00,9431.67,28.409,3,0,0,18,0,9109.938949365887,8977.4,8762.92
2024-03-04 18:15:00,9636.643190039907,28.083346288436537,3,0,0,18,15,9431.67,8888.482464149347,8567.126646616358
2024-03-04 18:30:00,9692.407495080275,27.803892192408306,3,0,0,18,30,9636.643190039907,8818.649330066577,8503.64201893864
2024-03-04 18:45:00,9593.743052580505,27.55599200017592,3,0,0,18,45,9692.407495080275,8759.786530950521,8553.916381791601
2024-03-04 19:00:00,9335.43,27.325,3,0,0,19,0,9593.743052580505,8703.78,8699.4
2024-03-04 19:15:00,8934.57199920349,27.098595485061903,3,0,0,19,15,9335.43,8647.241057572757,8917.09153959354
2024-03-04 19:30:00,8497.566809677051,26.87375776822589,3,0,0,19,30,8934.57199920349,8605.682572662157,9166.183271421742
2024-03-04 19:45:00,8153.135715312087,26.649791167276923,3,0,0,19,45,8497.566809677051,8599.34280142048,9401.415867539074
2024-03-04 20:00:00,8030.0,26.426,3,0,0,20,0,8153.135715312087,8648.46,9577.53
2024-03-04 20:15:00,8211.099906896128,26.202709271315843,3,0,0,20,15,8030.0,8764.209243059624,9661.92141375948
2024-03-04 20:30:00,8596.251516211518,25.98432673468816,3,0,0,20,30,8211.099906896128,8921.512879284788,9672.606145374391
2024-03-04 20:45:00,9039.48986742115,25.776280830716395,3,0,0,20,45,8596.251516211518,9086.230075867556,9640.25530430211
2024-03-04 21:00:00,9394.85,25.584,3,0,0,21,0,9039.48986742115,9224.22,9595.54
2024-03-04 21:15:00,9550.809310711997,25.41136430467472,3,0,0,21,15,9394.85,9301.735251438744,9563.517180368546
2024-03-04 21:30:00,9533.614625476874,25.25606029302148,3,0,0,21,30,9550.809310711997,9286.602160198683,9546.78714708069
2024-03-04 21:45:00,9403.955127503314,25.114226134857496,3,0,0,21,45,9533.614625476874,9147.040488859284,9542.336040252489
2024-03-04 22:00:00,9222.52,24.982,3,0,0,22,0,9403.955127503314,8851.27,9547.15
2024-03-04 22:15:00,9041.771444005884,24.85589600998528,3,0,0,22,15,9222.52,8395.738657435399,9553.33673976634
2024-03-04 22:30:00,8881.263731880987,24.733932093225928,3,0,0,22,30,9041.771444005884,7889.807229920469,9533.490266302852
2024-03-04 22:45:00,8752.324153815598,24.61450212985361,3,0,0,22,45,8881.263731880987,7471.064687445305,9455.326159687938
2024-03-04 23:00:00,8666.28,24.496,3,0,0,23,0,8752.324153815598,7277.1,9286.56
2024-03-04 23:15:00,8628.741163264467,24.37739540538416,3,0,0,23,15,8666.28,7401.070118819664,9014.433204316092
2024-03-04 23:30:00,8622.44794699918,24.25996133407481,3,0,0,23,30,8628.741163264467,7758.403920119443,8704.290537707897
2024-03-04 23:45:00,8624.423257234304,24.14554659572805,3,0,0,23,45,8622.44794699918,8220.0982613595,8441.002602245755
2024-03-05 00:00:00,8611.69,24.036,3,0,0,0,0,8624.423257234304,8657.15,8309.44
2024-03-05 00:15:00,8569.36609043625,23.93036611847807,3,0,0,0,15,8611.69,8960.545711035951,8363.194349219293
2024-03-05 00:30:00,8514.949480122295,23.816472570474847,3,0,0,0,30,8569.36609043625,9101.230839601763,8530.741332865558
2024-03-05 00:45:00,8474.033129747191,23.6793427372342,3,0,0,0,45,8514.949480122295,9070.140548366691,8709.277650079046
2024-03-05 01:00:00,8472.21,23.504,3,0,0,1,0,8474.033129747191,8858.21,8796.0
2024-03-05 01:15:00,8525.110568740534,23.284077620703552,3,0,0,1,15,8472.21,8472.817193286533,8718.77643005674
2024-03-05 01:30:00,8608.515382511643,23.04764838402582,3,0,0,1,30,8525.110568740534,7987.111471473507,8528.16038082987
2024-03-05 01:45:00,8688.24250502693,22.83139495533517,3,0,0,1,45,8608.515382511643,7490.685013923727,8305.376641188064
2024-03-05 02:00:00,8730.11,22.672,3,0,0,2,0,8688.24250502693,7073.13,8131.65
2024-03-05 02:15:00,8711.230384601613,22.595182773707712,3,0,0,2,15,8730.11,6808.980359567915,8067.913836803748
2024-03-05 02:30:00,8653.893989831136,22.582808893421884,3,0,0,2,30,8711.230384601613,6712.537024504208,8093.9358938149635
2024-03-05 02:45:00,8591.68560014509,22.605780566425107,3,0,0,2,45,8653.893989831136,6783.042677188396,8169.192503918698
2024-03-05 03:00:00,8558.19,22.635,3,0,0,3,0,8591.68560014509,7019.74,8253.16
2024-03-05 03:15:00,8577.765549103016,22.6441600344656,3,0,0,3,15,8558.19,7408.041524691805,8314.205410228265
2024-03-05 03:30:00,8637.864908163821,22.618116042286665,3,0,0,3,30,8577.765549103016,7878.039180509663,8356.258543910275
2024-03-05 03:45:00,8716.714313142711,22.5445140289644,3,0,0,3,45,8637.864908163821,8345.994746072687,8392.139905637143
2024-03-05 04:00:00,8792.54,22.411,3,0,0,4,0,8716.714313142711,8728.17,8434.67
2024-03-05 04:15:00,8847.495387736319,22.217302088429904,3,0,0,4,15,8792.54,8965.247447914862,8493.705303533185
2024-03-05 04:30:00,8879.442627513588,22.011476937431475,3,0,0,4,30,8847.495387736319,9095.59250345714,8567.246180543942
2024-03-05 04:45:00,8890.171053534068,21.853663317717302,3,0,0,4,45,8879.442627513588,9181.99130727085,8650.328967282725
2024-03-05 05:00:00,8881.47,21.804,3,0,0,5,0,8890.171053534068,9287.23,8737.99
2024-03-05 05:15:00,8860.340087451714,21.908022236814784,3,0,0,5,15,8881.47,9450.814933648742,8826.599156888988
2024-03-05 05:30:00,8854.62708178182,22.15285120798744,3,0,0,5,30,8860.340087451714,9619.13330566177,8917.860483913963
2024-03-05 05:45:00,8897.38803522102,22.51100457516637,3,0,0,5,45,8854.62708178182,9715.292524843911,9014.811568981955
2024-03-05 06:00:00,9021.68,22.955,3,0,0,6,0,8897.38803522102,9662.4,9120.49
2024-03-05 06:15:00,9244.838168706832,23.458483964310947,3,0,0,6,15,9021.68,9418.555473740167,9235.782756410856
2024-03-05 06:30:00,9521.310295359122,23.99961823061876,3,0,0,6,30,9244.838168706832,9081.828023895776,9352.974383800203
2024-03-05 06:45:00,9789.82227433185,24.557693381617188,3,0,0,6,45,9521.310295359122,8785.279062103495,9462.19881928945
2024-03-05 07:00:00,9989.1,25.112,3,0,0,7,0,9789.82227433185,8661.97,9553.59
2024-03-05 07:15:00,10081.936925220956,25.646807530941416,3,0,0,7,15,9989.1,8809.318952640591,9627.861379967582
2024-03-05 07:30:00,10127.396736781691,26.166300869537523,3,0,0,7,30,10081.936925220956,9182.170848755128,9728.044480885215
2024-03-05 07:45:00,10208.610679951584,26.679643773364862,3,0,0,7,45,10127.396736781691,9699.7273204921,9907.750341360244
2024-03-05 08:00:00,10408.71,27.196,3,0,0,8,0,10208.610679951584,10281.19,10220.59
2024-03-05 08:15:00,10781.402567909336,27.72208278692339,3,0,0,8,15,10408.71,10848.905903197465,10692.726411218811
2024-03-05 08:30:00,11262.702757514102,28.25480329123116,3,0,0,8,30,10781.402567909336,11337.803581083715,11240.530192658927
2024-03-05 08:45:00,11759.201568361816,28.788622149923345,3,0,0,8,45,11262.702757514102,11685.956968428109,11752.923877769585
2024-03-05 09:00:00,12177.49,29.318,3,0,0,9,0,11759.201568361816,11831.44,12118.83
2024-03-05 09:15:00,12445.305146891684,29.83811132136504,3,0,0,9,15,12177.49,11744.219465819544,12261.685475157166
2024-03-05 09:30:00,12574.968483161896,30.346985965537865,3,0,0,9,30,12445.305146891684,11521.833576910014,12242.984748479066
2024-03-05 09:45:00,12599.947577851157,30.84336762694176,3,0,0,9,45,12574.968483161896,11293.71339954548,12158.736647561433
2024-03-05 10:00:00,12553.71,31.326,3,0,0,10,0,12599.947577851157,11189.29,12104.95
2024-03-05 10:15:00,12472.191532023922,31.79356567761646,3,0,0,10,15,12553.71,11301.533421024364,12154.66575065252
2024-03-05 10:30:00,12401.200809838316,32.24450284661739,3,0,0,10,30,12472.191532023922,11577.569611276229,12289.053313424807
2024-03-05 10:45:00,12389.014682733554,32.67718859230962,3,0,0,10,45,12401.200809838316,11928.06349588998,12466.314219484691
2024-03-05 11:00:00,12483.91,33.09,3,0,0,11,0,12389.014682733554,12263.68,12644.65
2024-03-05 11:15:00,12700.975600012627,33.47917284316913,3,0,0,11,15,12483.91,12511.253725083006,12786.261053482747
2024-03-05 11:30:00,12922.54827748484,33.83237764799261,3,0,0,11,30,12700.975600012627,12662.297977985072,12869.3432478217
2024-03-05 11:45:00,12997.776816214628,34.135143628819776,3,0,0,11,45,12922.54827748484,12724.4957418946,12876.091318249802
2024-03-05 12:00:00,12775.81,34.373000000000005,3,0,0,12,0,12997.776816214628,12705.53,12788.7
2024-03-05 12:15:00,12176.123255425558,34.53675857470704,3,0,0,12,15,12775.81,12619.639022393609,12603.745816666486
2024-03-05 12:30:00,11399.498580222333,34.63836156141221,3,0,0,12,30,12176.123255425558,12507.282226783484,12375.332445288392
2024-03-05 12:45:00,10717.044614907938,34.69503376741128,3,0,0,12,45,11399.498580222333,12415.47431778162,12171.945351266106
2024-03-05 13:00:00,10399.87,34.724,3,0,0,13,0,10717.044614907938,12391.23,12062.07
2024-03-05 13:15:00,10631.45794078513,34.73830848300275,3,0,0,13,15,10399.87,12454.47252909256,12092.211773601315
2024-03-05 13:30:00,11244.78990162584,34.73430110635856,3,0,0,13,30,10631.45794078513,12516.759364880989,12220.955721024726
2024-03-05 13:45:00,11985.221911653633,34.704143176535084,3,0,0,13,45,11244.78990162584,12462.556518228925,12384.906807935777
2024-03-05 14:00:00,12598.11,34.64,3,0,0,14,0,11985.221911653633,12176.33,12520.67
2024-03-05 14:15:00,12882.163575183926,34.53571061828197,3,0,0,14,15,12598.11,11601.699454986156,12574.743651428258
2024-03-05 14:30:00,12849.505563274311,34.391809013153576,3,0,0,14,30,12882.163575183926,10918.89906369256,12533.199670612696
2024-03-05 14:45:00,12565.61226972754,34.2105029014484,3,0,0,14,45,12849.505563274311,10367.316640552684,12392.003354490787
2024-03-05 15:00:00,12095.96,33.994,3,0,0,15,0,12565.61226972754,10186.34,12147.12
2024-03-05 15:15:00,11510.741039729168,33.743427168869374,3,0,0,15,15,12095.96,10520.25043221282,11808.494245685655
2024-03-05 15:30:00,10899.011595276914,33.45558784102713,3,0,0,15,30,11510.741039729168,11132.903130348774,11441.988096524488
2024-03-05 15:45:00,10354.543853186202,33.12620459267133,3,0,0,15,45,10899.011595276914,11693.046763310344,11127.442899101072
2024-03-05 16:00:00,9971.11,32.751,3,0,0,16,0,10354.543853186202,11869.43,10944.7
2024-03-05 16:15:00,9808.433359649402,32.32979945624054,3,0,0,16,15,9971.11,11437.903816162576,10941.558272079124
2024-03-05 16:30:00,9790.041805618035,31.87883962273788,3,0,0,16,30,9808.433359649402,10602.728414912344,11037.646693289367
2024-03-05 16:45:00,9805.41434877765,31.41845997786627,3,0,0,16,45,9790.041805618035,9675.266306205942,11120.551767854926
2024-03-05 17:00:00,9744.03,30.969,3,0,0,17,0,9805.41434877765,8966.88,11077.86
2024-03-05 17:15:00,9530.989740423222,30.54667188116844,3,0,0,17,15,9744.03,8708.937115636878,10835.663134747856
2024-03-05 17:30:00,9233.882432250952,30.151178668021345,3,0,0,17,30,9530.989740423222,8812.825710001844,10474.073880318048
2024-03-05 17:45:00,8955.918907953208,29.778096120863577,3,0,0,17,45,9233.882432250952,9109.938949365887,10111.71018572922
2024-03-05 18:00:00,8800.31,29.423,3,0,0,18,0,8955.918907953208,9431.67,9867.19
2024-03-05 18:15:00,8833.45986615771,29.081716144085703,3,0,0,18,15,8800.31,9636.643190039907,9819.674188929464
2024-03-05 18:30:00,8974.545965378158,28.75107070517674,3,0,0,18,30,8833.45986615771,9692.407495080275,9890.49528543844
2024-03-05 18:45:00,9105.939081909526,28.428139913679416,3,0,0,18,45,8974.545965378158,9593.743052580505,9961.528739228195
2024-03-05 19:00:00,9110.01,28.11,3,0,0,19,0,9105.939081909526,9335.43,9914.65
2024-03-05 19:15:00,8913.94782619594,27.795088542488745,3,0,0,19,15,9110.01,8934.57199920349,9670.973390784293
2024-03-05 19:30:00,8624.21495623642,27.48728851127167,3,0,0,19,30,8913.94782619594,8497.566809677051,9308.568727928194
2024-03-05 19:45:00,8392.092108158688,27.19184422441877,3,0,0,19,45,8624.21495623642,8153.135715312087,8944.744701107998
2024-03-05 20:00:00,8368.86,26.914,3,0,0,20,0,8392.092108158688,8030.0,8696.81
2024-03-05 20:15:00,8644.431954058535,26.65814843595933,3,0,0,20,15,8368.86,8211.099906896128,8647.828341683366
2024-03-05 20:30:00,9063.251709676171,26.425275249736565,3,0,0,20,30,8644.431954058535,8596.251516211518,8743.88355284878
2024-03-05 20:45:00,9408.395610455726,26.21551443864552,3,0,0,20,45,9063.251709676171,9039.48986742115,8896.814487589805
2024-03-05 21:00:00,9462.94,26.029,3,0,0,21,0,9408.395610455726,9394.85,9018.46
2024-03-05 21:15:00,9091.126857569929,25.863817713673967,3,0,0,21,15,9462.94,9550.809310711997,9042.73277373224
2024-03-05 21:30:00,8481.860705058894,25.70986048978208,3,0,0,21,30,9091.126857569929,9533.614625476874,8991.840810676678
2024-03-05 21:45:00,7905.211700018417,25.554973020999142,3,0,0,21,45,8481.860705058894,9403.955127503314,8910.065942282778
2024-03-05 22:00:00,7631.25,25.387,3,0,0,22,0,7905.211700018417,9222.52,8841.69
2024-03-05 22:15:00,7844.531709411763,25.19815883434481,3,0,0,22,15,7631.25,9041.771444005884,8817.877125887666
2024-03-05 22:30:00,8387.55672008825,24.99815779113513,3,0,0,22,30,7844.531709411763,8881.263731880987,8817.3207044445
2024-03-05 22:45:00,9017.310870720612,24.801077852357896,3,0,0,22,45,8387.55672008825,8752.324153815598,8805.596430779085
2024-03-05 23:00:00,9490.78,24.621,3,0,0,23,0,9017.310870720612,8666.28,8748.28
2024-03-05 23:15:00,9628.806617283024,24.4693750739468,3,0,0,23,15,9490.78,8628.741163264467,8624.598722717099
2024-03-05 23:30:00,9507.659914588112,24.347133345677385,3,0,0,23,30,9628.806617283024,8622.44794699918,8468.386371545323
2024-03-05 23:45:00,9267.46575459914,24.252574944569275,3,0,0,23,45,9507.659914588112,8624.423257234304,8327.128334600882
2024-03-06 00:00:00,9048.35,24.184,3,0,0,0,0,9267.46575459914,8611.69,8248.31
2024-03-06 00:15:00,8955.736352706144,24.136450244867994,3,0,0,0,15,9048.35,8569.36609043625,8263.700483243942
2024-03-06 00:30:00,8956.239871559315,24.09193382615533,3,0,0,0,30,8955.736352706144,8514.949480122295,8342.203809374212
2024-03-06 00:45:00,8981.77345463283,24.029200494365003,3,0,0,0,45,8956.239871559315,8474.033129747191,8437.007730817379
2024-03-06 01:00:00,8964.25,23.927,3,0,0,1,0,8981.77345463283,8472.21,8501.3
2024-03-06 01:15:00,8855.8926593924,23.77252707158124,3,0,0,1,15,8964.25,8525.110568740534,8500.798094307134
2024-03-06 01:30:00,8690.16559917463,23.5867563497013,3,0,0,1,30,8855.8926593924,8608.515382511643,8451.338390957822
2024-03-06 01:45:00,8520.843239369544,23.39910745297072,3,0,0,1,45,8690.16559917463,8688.24250502693,8381.2869921296
2024-03-06 02:00:00,8401.7,23.239,3,0,0,2,0,8520.843239369544,8730.11,8319.01
2024-03-06 02:15:00,8371.736134724255,23.12881646880708,3,0,0,2,15,8401.7,8711.230384601613,8286.932764527517
2024-03-06 02:30:00,8410.855231742169,23.06279077503947,3,0,0,2,30,8371.736134724255,8653.893989831136,8283.717626794492
2024-03-06 02:45:00,8484.186712888997,23.02811969375213,3,0,0,2,45,8410.855231742169,8591.68560014509,8302.08617566422
2024-03-06 03:00:00,8556.86,23.012,3,0,0,3,0,8484.186712888997,8558.19,8334.76
2024-03-06 03:15:00,8602.272957960578,23.00306642819048,3,0,0,3,15,8556.86,8577.765549103016,8375.945691332792
2024-03-06 03:30:00,8626.8972238567,22.995705550140816,3,0,0,3,30,8602.272957960578,8637.864908163821,8425.789851864207
2024-03-06 03:45:00,8645.472877824472,22.98574189702075,3,0,0,3,45,8626.8972238567,8716.714313142711,8485.924086463518
2024-03-06 04:00:00,8672.74,22.969,3,0,0,4,0,8645.472877824472,8792.54,8557.98
2024-03-06 04:15:00,8718.780158433428,22.94238656843103,3,0,0,4,15,8672.74,8847.495387736319,8642.680563891314
2024-03-06 04:30:00,8775.040872831034,22.90713702439727,3,0,0,4,30,8718.780158433428,8879.442627513588,8737.114215748681
2024-03-06 04:45:00,8828.311150813119,22.86556896816487,3,0,0,4,45,8775.040872831034,8890.171053534068,8837.460759731706
2024-03-06 05:00:00,8865.38,22.82,3,0,0,5,0,8828.311150813119,8881.47,8939.9
2024-03-06 05:15:00,8880.414220805702,22.779856048085403,3,0,0,5,15,8865.38,8860.340087451714,9038.88220935195
2024-03-06 05:30:00,8897.091784819162,22.78299635227012,3,0,0,5,30,8880.414220805702,8854.62708178182,9121.93953514107
2024-03-06 05:45:00,8946.468456423045,22.874388480319777,3,0,0,5,45,8897.091784819162,8897.38803522102,9174.874593359657
2024-03-06 06:00:00,9059.6,23.099000000000004,3,0,0,6,0,8946.468456423045,9021.68,9183.49
2024-03-06 06:15:00,9253.556864593762,23.486282989227377,3,0,0,6,15,9059.6,9244.838168706832,9141.557161200886
2024-03-06 06:30:00,9489.468237892312,24.003627566522283,3,0,0,6,30,9253.556864593762,9521.310295359122,9074.72264368704
2024-03-06 06:45:00,9714.477992244709,24.602908360556043,3,0,0,6,45,9489.468237892312,9789.82227433185,9016.601804329674
2024-03-06 07:00:00,9875.73,25.236,3,0,0,7,0,9714.477992244709,9989.1,9000.81
2024-03-06 07:15:00,9940.458164569254,25.864340120005107,3,0,0,7,15,9875.73,10081.936925220956,9062.182114594503
2024-03-06 07:30:00,9956.256513611588,26.48761838164078,3,0,0,7,30,9940.458164569254,10127.396736781691,9240.431140110768
2024-03-06 07:45:00,9990.809105848124,27.115087452456063,3,0,0,7,45,9956.256513611588,10208.610679951584,9576.489595571647
2024-03-06 08:00:00,10111.8,27.756,3,0,0,8,0,9990.809105848124,10408.71,10111.29
2024-03-06 08:15:00,10362.79532087922,28.41446590575221,3,0,0,8,15,10111.8,10781.402567909336,10853.9537554211
2024-03-06 08:30:00,10690.889457661337,29.074023906914608,3,0,0,8,30,10362.79532087922,11262.702757514102,11686.357795869892
2024-03-06 08:45:00,11019.058865612787,29.713069954619705,3,0,0,8,45,10690.889457661337,11759.201568361816,12458.567938383736
2024-03-06 09:00:00,11270.28,30.31,3,0,0,9,0,11019.058865612787,12177.49,13020.65
2024-03-06 09:15:00,11395.319458163864,30.848905631986067,3,0,0,9,15,11270.28,12445.305146891684,13266.4255199711
2024-03-06 09:30:00,11456.10440574306,31.33666099070079,3,0,0,9,30,11395.319458163864,12574.968483161896,13264.73892640967
2024-03-06 09:45:00,11542.352150450728,31.78583585406512,3,0,0,9,45,11456.10440574306,12599.947577851157,13128.190369643406
2024-03-06 10:00:00,11743.78,32.209,3,0,0,10,0,11542.352150450728,12553.71,12969.38
2024-03-06 10:15:00,12109.894658965331,32.615911566303524,3,0,0,10,15,11743.78,12472.191532023922,12878.221195944505
2024-03-06 10:30:00,12529.360419366429,33.00508213028223,3,0,0,10,30,12109.894658965331,12401.200809838316,12853.88024849143
2024-03-06 10:45:00,12850.630970084309,33.37221162911983,3,0,0,10,45,12529.360419366429,12389.014682733554,12872.836676792638
2024-03-06 11:00:00,12922.16,33.712999999999994,3,0,0,11,0,12850.630970084309,12483.91,12911.57
2024-03-06 11:15:00,12645.498937224813,34.023682477799845,3,0,0,11,15,12922.16,12700.975600012627,12948.197352500878
2024-03-06 11:30:00,12134.590166791231,34.30263548817026,3,0,0,11,30,12645.498937224813,12922.54827748484,12967.386329624613
2024-03-06 11:45:00,11556.473812962038,34.548770754455546,3,0,0,11,45,12134.590166791231,12997.776816214628,12955.44214193604
2024-03-06 12:00:00,11078.19,34.761,3,0,0,12,0,11556.473812962038,12775.81,12898.67
2024-03-06 12:15:00,10824.390529635411,34.93626477249708,3,0,0,12,15,11078.19,12176.123255425558,12789.129550301986
2024-03-06 12:30:00,10750.173913468636,35.06362591703671,3,0,0,12,30,10824.390529635411,11399.498580222333,12641.898183010122
2024-03-06 12:45:00,10768.25034056754,35.130174103058,3,0,0,12,45,10750.173913468636,10717.044614907938,12477.807724213202
2024-03-06 13:00:00,10791.33,35.123,3,0,0,13,0,10768.25034056754,10399.87,12317.69
2024-03-06 13:15:00,10751.336912983534,35.03586780721185,3,0,0,13,15,10791.33,10631.45794078513,12182.72335254118
2024-03-06 13:30:00,10657.050429334226,34.88923584368289,3,0,0,13,30,10751.336912983534,11244.78990162584,12095.472188334892
2024-03-06 13:45:00,10536.463731017804,34.71023595831248,3,0,0,13,45,10657.050429334226,11985.221911653633,12078.847429961155
2024-03-06 14:00:00,10417.57,34.526,3,0,0,14,0,10536.463731017804,12598.11,12155.76
2024-03-06 14:15:00,10327.958068430453,34.35779524865551,3,0,0,14,15,10417.57,12882.163575183926,12334.853289533292
2024-03-06 14:30:00,10293.599369194464,34.203430708231735,3,0,0,14,30,10327.958068430453,12849.505563274311,12567.700563650304
2024-03-06 14:45:00,10340.06098536124,34.0548508136921,3,0,0,14,45,10293.599369194464,12565.61226972754,12791.607555942168
2024-03-06 15:00:00,10492.91,33.904,3,0,0,15,0,10340.06098536124,12095.96,12943.88
2024-03-06 15:15:00,10756.754563294651,33.74209182316611,3,0,0,15,15,10492.91,11510.741039729168,12973.55364557565
2024-03-06 15:30:00,11052.36709388792,33.557416323390164,3,0,0,15,30,10756.754563294651,10899.011595276914,12876.584307063882
2024-03-06 15:45:00,11279.561077537228,33.337532661919134,3,0,0,15,45,11052.36709388792,10354.543853186202,12660.65781502017
2024-03-06 16:00:00,11338.15,33.07,3,0,0,16,0,11279.561077537228,9971.11,12333.46
2024-03-06 16:15:00,11159.855240890936,32.74655620868004,3,0,0,16,15,11338.15,9808.433359649402,11910.4088469141
2024-03-06 16:30:00,10804.029755253852,32.3756539982076,3,0,0,16,30,11159.855240890936,9790.041805618035,11437.850958094166
2024-03-06 16:45:00,10361.934391989844,31.96992478863138,3,0,0,16,45,10804.029755253852,9805.41434877765,10969.865090227153
2024-03-06 17:00:00,9924.83,31.542000000000005,3,0,0,17,0,10361.934391989844,9744.03,10560.53
2024-03-06 17:15:00,9566.338848141602,31.10380834211377,3,0,0,17,15,9924.83,9530.989740423222,10249.232529267956
2024-03-06 17:30:00,9289.52888509667,30.664467683779424,3,0,0,17,30,9566.338848141602,9233.882432250952,10016.591860559449
2024-03-06 17:45:00,9079.829479503402,30.232393183555374,3,0,0,17,45,9289.52888509667,8955.918907953208,9828.535261571222
2024-03-06 18:00:00,8922.67,29.816,3,0,0,18,0,9079.829479503402,8800.31,9650.99
2024-03-06 18:15:00,8806.833585292652,29.421647922864924,3,0,0,18,15,8922.67,8833.45986615771,9460.267129764088
2024-03-06 18:30:00,8734.51845435947,29.047475266674702,3,0,0,18,30,8806.833585292652,8974.545965378158,9274.212849668036
2024-03-06 18:45:00,8711.276596246555,28.68956497714713,3,0,0,18,45,8734.51845435947,9105.939081909526,9121.057144737968
2024-03-06 19:00:00,8742.66,28.344,3,0,0,19,0,8711.276596246555,9110.01,9029.03
2024-03-06 19:15:00,8828.556966937791,28.007568716426544,3,0,0,19,15,8742.66,8913.94782619594,9017.0728579257
2024-03-06 19:30:00,8946.20104746545,27.679881249521763,3,0,0,19,30,8828.556966937791,8624.21495623642,9066.972990768403
2024-03-06 19:45:00,9067.162104260384,27.3612531578561,3,0,0,19,45,8946.20104746545,8392.092108158688,9151.22912822691
2024-03-06 20:00:00,9163.01,27.052,3,0,0,20,0,9067.162104260384,8368.86,9242.34
2024-03-06 20:15:00,9206.664484456183,26.7532647114289,3,0,0,20,15,9163.01,8644.431954058535,9315.14159478312
2024-03-06 20:30:00,9176.444855778733,26.469499735238248,3,0,0,20,30,9206.664484456183,9063.251709676171,9353.818937258338
2024-03-06 20:45:00,9052.020299211916,26.205984891428468,3,0,0,20,45,9176.444855778733,9408.395610455726,9344.894311104392
2024-03-06 21:00:00,8813.06,25.968,3,0,0,21,0,9052.020299211916,9462.94,9274.89
2024-03-06 21:15:00,8459.861345237467,25.75957556285784,3,0,0,21,15,8813.06,9091.126857569929,9142.115450441825
2024-03-06 21:30:00,8075.234529419619,25.579744809525245,3,0,0,21,30,8459.861345237467,8481.860705058894,8992.028760198229
2024-03-06 21:45:00,7762.617948891961,25.426291651430024,3,0,0,21,45,8075.234529419619,7905.211700018417,8881.875189855524
2024-03-06 22:00:00,7625.45,25.297,3,0,0,22,0,7762.617948891961,7631.25,8868.9
2024-03-06 22:15:00,7732.869665843944,25.18844866213973,3,0,0,22,15,7625.45,7844.531709411763,8985.89707219959
2024-03-06 22:30:00,8016.818276542791,25.092396026660783,3,0,0,22,30,7732.869665843944,8387.55672008825,9167.854771948736
2024-03-06 22:45:00,8374.937748970244,24.999395377851435,3,0,0,22,45,8016.818276542791,9017.310870720612,9325.310085723517
2024-03-06 23:00:00,8704.87,24.9,3,0,0,23,0,8374.937748970244,9490.78,9368.8
2024-03-06 23:15:00,8918.60233513676,24.78745791358321,3,0,0,23,15,8704.87,9628.806617283024,9237.962042009818
2024-03-06 23:30:00,8985.503614409217,24.66579608383162,3,0,0,23,30,8918.60233513676,9507.659914588112,8988.835902006822
2024-03-06 23:45:00,8889.288086477067,24.541736212164224,3,0,0,23,45,8985.503614409217,9267.46575459914,8706.561811000414
2024-03-07 00:00:00,8613.67,24.422,3,0,0,0,0,8889.288086477067,9048.35,8476.28
2024-03-07 00:15:00,8169.877399859017,24.31181343352741,3,0,0,0,15,8613.67,8955.736352706144,8361.591791011135
2024-03-07 00:30:00,7679.19351582034,24.210419638012723,3,0,0,0,30,8169.877399859017,8956.239871559315,8339.942870023977
2024-03-07 00:45:00,7290.415373871493,24.11556602349168,3,0,0,0,45,7679.19351582034,8981.77345463283,8367.240014024828
2024-03-07 01:00:00,7152.34,24.025,3,0,0,1,0,7290.415373871493,8964.25,8399.39
2024-03-07 01:15:00,7354.528377927169,23.93497585230715,3,0,0,1,15,7152.34,8855.8926593924,8402.223450195639
2024-03-07 01:30:00,7749.597322309421,23.83577536411748,3,0,0,1,30,7354.528377927169,8690.16559917463,8381.266367897275
2024-03-07 01:45:00,8130.927605536963,23.71618719386907,3,0,0,1,45,7749.597322309421,8520.843239369544,8351.968601650271
2024-03-07 02:00:00,8291.9,23.565,3,0,0,2,0,8130.927605536963,8401.7,8329.78
2024-03-07 02:15:00,8094.719088432309,23.37698628224399,3,0,0,2,15,8291.9,8371.736134724255,8326.384251956306
2024-03-07 02:30:00,7676.884694941975,23.17085390551735,3,0,0,2,30,8094.719088432309,8410.855231742169,8338.400408386928
2024-03-07 02:45:00,7244.720453980653,22.97129457603204,3,0,0,2,45,7676.884694941975,8484.186712888997,8358.681360624088
2024-03-07 03:00:00,7004.55,22.803,3,0,0,3,0,7244.720453980653,8556.86,8380.08
2024-03-07 03:15:00,7104.201987093592,22.683344643716893,3,0,0,3,15,7004.55,8602.272957960578,8398.405948229143
2024-03-07 03:30:00,7457.52514792268,22.600434013813125,3,0,0,3,30,7104.201987093592,8626.8972238567,8421.295748555016
2024-03-07 03:45:00,7919.873234790426,22.53505637700279,3,0,0,3,45,7457.52514792268,8645.472877824472,8459.34267460338
2024-03-07 04:00:00,8346.6,22.468,3,0,0,4,0,7919.873234790426,8672.74,8523.14
2024-03-07 04:15:00,8627.397963193322,22.38874451788844,3,0,0,4,15,8346.6,8718.780158433428,8619.247267627125
2024-03-07 04:30:00,8789.314713367308,22.32153503923016,3,0,0,4,30,8627.397963193322,8775.040872831034,8738.089097393005
2024-03-07 04:45:00,8893.736606857643,22.2993080409568,3,0,0,4,45,8789.314713367308,8828.311150813119,8866.056378462383
2024-03-07 05:00:00,9002.05,22.355,3,0,0,5,0,8893.736606857643,8865.38,8989.54
2024-03-07 05:15:00,9155.892722633129,22.513880409729342,3,0,0,5,15,9002.05,8880.414220805702,9096.053106262356
2024-03-07 05:30:00,9317.908498608083,22.770550829266234,3,0,0,5,30,9155.892722633129,8897.091784819162,9177.597861872964
2024-03-07 05:45:00,9430.992525278998,23.11194583417,3,0,0,5,45,9317.908498608083,8946.468456423045,9227.298686547088
2024-03-07 06:00:00,9438.04,23.525,3,0,0,6,0,9430.992525278998,9059.6,9238.28
2024-03-07 06:15:00,9307.46849002417,23.99721821819417,3,0,0,6,15,9438.04,9253.556864593762,9210.843276073452
2024-03-07 06:30:00,9109.785042200358,24.518386643704904,3,0,0,6,30,9307.46849002417,9489.468237892312,9173.998205115147
2024-03-07 06:45:00,8941.019073276366,25.07886174736318,3,0,0,6,45,9109.785042200358,9714.477992244709,9163.931531599266
2024-03-07 07:00:00,8897.2,25.669,3,0,0,7,0,8941.019073276366,9875.73,9216.83
2024-03-07 07:15:00,9047.639411020202,26.27940296749397,3,0,0,7,15,8897.2,9940.458164569254,9361.968633193832
2024-03-07 07:30:00,9354.777582590494,26.90165259591416,3,0,0,7,30,9047.639411020202,9956.256513611588,9600.975567666454
2024-03-07 07:45:00,9754.336962865536,27.527575926377267,3,0,0,7,45,9354.777582590494,9990.809105848124,9928.567218305849
2024-03-07 08:00:00,10182.04,28.149,3,0,0,8,0,9754.336962865536,10111.8,10339.46
2024-03-07 08:15:00,10580.497615895029,28.759482411829968,3,0,0,8,15,10182.04,10362.79532087922,10819.079378651211
2024-03-07 08:30:00,10919.874627437675,29.35950297263848,3,0,0,8,30,10580.497615895029,10690.889457661337,11315.687024219042
2024-03-07 08:45:00,11177.224325261488,29.951272047127745,3,0,0,8,45,10919.874627437675,11019.058865612787,11768.253657677344
2024-03-07 09:00:00,11329.6,30.537,3,0,0,9,0,11177.224325261488,11270.28,12115.75
2024-03-07 09:15:00,11364.327781649696,31.115229885186164,3,0,0,9,15,11329.6,11395.319458163864,12315.705102201311
2024-03-07 09:30:00,11309.825157658808,31.669835513531947,3,0,0,9,30,11364.327781649696,11456.10440574306,12399.881335457383
2024-03-07 09:45:00,11204.78245483852,32.181023385111764,3,0,0,9,45,11309.825157658808,11542.352150450728,12418.599400984767
2024-03-07 10:00:00,11087.89,32.629000000000005,3,0,0,10,0,11204.78245483852,11743.78,12422.18
2024-03-07 10:15:00,10988.835788756192,33.001582422425386,3,0,0,10,15,11087.89,12109.894658965331,12450.701306293537
2024-03-07 10:30:00,10901.298491927088,33.317029973233744,3,0,0,10,30,10988.835788756192,12529.360419366429,12503.271383951418
2024-03-07 10:45:00,10809.95444913444,33.60121253742524,3,0,0,10,45,10901.298491927088,12850.630970084309,12568.755769633592
2024-03-07 11:00:00,10699.48,33.88,3,0,0,11,0,10809.95444913444,12922.16,12636.02
2024-03-07 11:15:00,10570.33453207553,34.17194042511233,3,0,0,11,15,10699.48,12645.498937224813,12693.612641374544
2024-03-07 11:30:00,10486.109624632834,34.466294593533085,3,0,0,11,30,10570.33453207553,12134.590166791231,12728.814378736944
2024-03-07 11:45:00,10526.17990487372,34.7450014651873,3,0,0,11,45,10486.109624632834,11556.473812962038,12728.58892673087
2024-03-07 12:00:00,10769.92,34.99,3,0,0,12,0,10526.17990487372,11078.19,12679.9
2024-03-07 12:15:00,11247.245926691685,35.18764025212533,3,0,0,12,15,10769.92,10824.390529635411,12576.874846958284
2024-03-07 12:30:00,11790.239259541571,35.34191665263393,3,0,0,12,30,11247.245926691685,10750.173913468636,12442.294851100803
2024-03-07 12:45:00,12181.522962620676,35.461234726825566,3,0,0,12,45,11790.239259541571,10768.25034056754,12306.10492969292
2024-03-07 13:00:00,12203.72,35.554,3,0,0,13,0,12181.522962620676,10791.33,12198.25
2024-03-07 13:15:00,11728.723636157738,35.625842316386375,3,0,0,13,15,12203.72,10751.336912983534,12139.95234579232
2024-03-07 13:30:00,10985.508337200872,35.67128879593121,3,0,0,13,30,11728.723636157738,10657.050429334226,12117.543716859838
2024-03-07 13:45:00,10292.318869643568,35.682090877510454,3,0,0,13,45,10985.508337200872,10536.463731017804,12108.63322949744
2024-03-07 14:00:00,9967.4,35.650000000000006,3,0,0,14,0,10292.318869643568,10417.57,12090.83
2024-03-07 14:15:00,10226.470934927356,35.56858423232922,3,0,0,14,15,9967.4,10327.958068430453,12045.88420737244
2024-03-07 14:30:00,10875.148641654934,35.438678163641235,3,0,0,14,30,10226.470934927356,10293.599369194464,11972.110281459838
2024-03-07 14:45:00,11616.524527555042,35.26293301313264,3,0,0,14,45,10875.148641654934,10340.06098536124,11871.96371481732
2024-03-07 15:00:00,12153.69,35.044000000000004,3,0,0,15,0,11616.524527555042,10492.91,11747.9
2024-03-07 15:15:00,12265.374967882832,34.78413325429678,3,0,0,15,15,12153.69,10756.754563294651,11600.978168467922
2024-03-07 15:30:00,12032.863346179394,34.48399854950387,3,0,0,15,30,12265.374967882832,11052.36709388792,11426.671407300804
2024-03-07 15:45:00,11613.07755138626,34.14386456995903,3,0,0,15,45,12032.863346179394,11279.561077537228,11219.056442483285
2024-03-07 16:00:00,11162.94,33.764,3,0,0,16,0,11613.07755138626,11338.15,10972.21
2024-03-07 16:15:00,10805.27028729132,33.34746087548367,3,0,0,16,15,11162.94,11159.855240890936,10683.72796250587
2024-03-07 16:30:00,10526.476723627497,32.908452638343306,3,0,0,16,30,10805.27028729132,10804.029755253852,10365.282839336942
2024-03-07 16:45:00,10278.864798149918,32.463968082031286,3,0,0,16,45,10526.476723627497,10361.934391989844,10032.066296499544
2024-03-07 17:00:00,10014.74,32.031,3,0,0,17,0,10278.864798149918,9924.83,9699.27
2024-03-07 17:15:00,9703.886851701878,31.621523243768547,3,0,0,17,15,10014.74,9566.338848141602,9383.722169008595
2024-03-07 17:30:00,9386.006009310631,31.22744089712293,3,0,0,17,30,9703.886851701878,9289.52888509667,9108.79723535143
2024-03-07 17:45:00,9118.277162264068,30.83563810191584,3,0,0,17,45,9386.006009310631,9079.829479503402,8899.506184018546
2024-03-07 18:00:00,8957.88,30.433,3,0,0,18,0,9118.277162264068,8922.67,8780.86
2024-03-07 18:15:00,8941.90152465116,30.011696149442123,3,0,0,18,15,8957.88,8806.833585292652,8765.876173959745
2024-03-07 18:30:00,9027.057989129977,29.585033773164987,3,0,0,18,30,8941.90152465116,8734.51845435947,8819.598219257343
2024-03-07 18:45:00,9149.972959043806,29.17160451030535,3,0,0,18,45,9027.057989129977,8711.276596246555,8895.076154926272
2024-03-07 19:00:00,9247.27,28.79,3,0,0,19,0,9149.972959043806,8742.66,8945.36
2024-03-07 19:15:00,9272.70533094348,28.454285908462936,3,0,0,19,15,9247.27,8828.556966937791,8936.318135152433
2024-03-07 19:30:00,9248.56578416946,28.160424010217124,3,0,0,19,30,9272.70533094348,8946.20104746545,8885.0923876192
2024-03-07 19:45:00,9214.270845310704,27.899850106862747,3,0,0,19,45,9248.56578416946,9067.162104260384,8821.642946276366
2024-03-07 20:00:00,9209.24,27.664,3,0,0,20,0,9214.270845310704,9163.01,8775.93
2024-03-07 20:15:00,9261.674339074914,27.445082091706126,3,0,0,20,15,9209.24,9206.664484456183,8770.411285430533
2024-03-07 20:30:00,9354.901374192192,27.23839518596653,3,0,0,20,30,9261.674339074914,9176.444855778733,8797.534730265865
2024-03-07 20:45:00,9461.030222213374,27.040010687243672,3,0,0,20,45,9354.901374192192,9052.020299211916,8842.245809968264
2024-03-07 21:00:00,9552.17,26.846,3,0,0,21,0,9461.030222213374,8813.06,8889.49
2024-03-07 21:15:00,9598.038094006864,26.653979474712564,3,0,0,21,15,9552.17,8459.861345237467,8925.174535625438
2024-03-07 21:30:00,9558.784969061771,26.467745245916767,3,0,0,21,30,9598.038094006864,8075.234529419619,8939.053691317342
2024-03-07 21:45:00,9392.169359585798,26.29263839416258,3,0,0,21,45,9558.784969061771,7762.617948891961,8921.843501350575
2024-03-07 22:00:00,9055.95,26.134,3,0,0,22,0,9392.169359585798,7625.45,8864.26
2024-03-07 22:15:00,8539.054378647637,25.99446875944361,3,0,0,22,15,9055.95,7732.869665843944,8764.296978317716
2024-03-07 22:30:00,7955.084999560719,25.86587383036641,3,0,0,22,30,8539.054378647637,8016.818276542791,8649.059254464766
2024-03-07 22:45:00,7448.81312069344,25.73734198610601,3,0,0,22,45,7955.084999560719,8374.937748970244,8552.929403379434
2024-03-07 23:00:00,7165.01,25.598000000000003,3,0,0,23,0,7448.81312069344,8704.87,8510.29
2024-03-07 23:15:00,7203.746422652587,25.440473612513,3,0,0,23,15,7165.01,8918.60233513676,8538.939894853704
2024-03-07 23:30:00,7486.291282695355,25.271384432617594,3,0,0,23,30,7203.746422652587,8985.503614409217,8590.343040823596
2024-03-07 23:45:00,7889.213001390443,25.10085303641339,3,0,0,23,45,7486.291282695355,8889.288086477067,8599.379666381692
2024-03-08 00:00:00,8289.08,24.939,3,1,0,0,0,7889.213001390443,8613.67,8500.93
2024-03-08 00:15:00,8580.537274492011,24.79457429050441,3,1,0,0,15,8289.08,8169.877399859017,8258.868286017474
2024-03-08 00:30:00,8730.536119657861,24.670838439163223,3,1,0,0,30,8580.537274492011,7679.19351582034,7953.044832240849
2024-03-08 00:45:00,8724.10440499478,24.56968336824042,3,1,0,0,45,8730.536119657861,7290.415373871493,7692.303962343799
2024-03-08 01:00:00,8546.27,24.493,3,1,0,1,0,8724.10440499478,7152.34,7585.49
2024-03-08 01:15:00,8199.038541879368,24.44140110046936,3,1,0,1,15,8546.27,7354.528377927169,7705.9110235763965
2024-03-08 01:30:00,7752.326738673201,24.41038681072952,3,1,0,1,30,8199.038541879368,7749.597322309421,7984.730130213005
2024-03-08 01:45:00,7293.029066130433,24.39417911562492,3,1,0,1,45,7752.326738673201,8130.927605536963,8317.574171743112
2024-03-08 02:00:00,6908.04,24.387,3,1,0,2,0,7293.029066130433,8291.9,8600.07
2024-03-08 02:15:00,6670.419651740517,24.381071307618164,3,1,0,2,15,6908.04,8094.719088432309,8749.090119676937
2024-03-08 02:30:00,6597.890675649335,24.360614317918703,3,1,0,2,30,6670.419651740517,7676.884694941975,8766.489646907128
2024-03-08 02:45:00,6694.3413617334845,24.307850169259893,3,1,0,2,45,6597.890675649335,7244.720453980653,8675.369350683752
2024-03-08 03:00:00,6963.66,24.205,3,1,0,3,0,6694.3413617334845,7004.55,8498.83
2024-03-08 03:15:00,7393.369569908562,24.042235544057988,3,1,0,3,15,6963.66,7104.201987093592,8262.88412271585
2024-03-08 03:30:00,7905.531808729457,23.84153091759566,3,1,0,3,30,7393.369569908562,7457.52514792268,8005.191282158484
2024-03-08 03:45:00,8405.843143185624,23.63281083233549,3,1,0,3,45,7905.531808729457,7919.873234790426,7766.322800521873
2024-03-08 04:00:00,8800.0,23.446,3,1,0,4,0,8405.843143185624,8346.6,7586.85
2024-03-08 04:15:00,9018.002381125236,23.310939641149883,3,1,0,4,15,8800.0,8627.397963193322,7503.1347957096605
2024-03-08 04:30:00,9087.064589432835,23.25713701169868,3,1,0,4,30,9018.002381125236,8789.314713367308,7534.701474458941
2024-03-08 04:45:00,9058.70450302402,23.31401587639813,3,1,0,4,45,9087.064589432835,8893.736606857643,7696.864915978751
2024-03-08 05:00:00,8984.44,23.511,3,1,0,5,0,9058.70450302402,9002.05,8004.94
2024-03-08 05:15:00,8911.382780590497,23.86113089134249,3,1,0,5,15,8984.44,9155.892722633129,8457.322319445508
2024-03-08 05:30:00,8869.019833539201,24.31192103560965,3,1,0,5,30,8911.382780590497,9317.908498608083,8984.73032000575
2024-03-08 05:45:00,8882.431969718307,24.794500662071982,3,1,0,5,45,8869.019833539201,9430.992525278998,9500.963160563118
2024-03-08 06:00:00,8976.7,25.24,3,1,0,6,0,8882.431969718307,9438.04,9919.82
2024-03-08 06:15:00,9163.90477776278,25.59975554348016,3,1,0,6,15,8976.7,9307.46849002417,10174.075301508305
2024-03-08 06:30:00,9404.127326410362,25.905928845862725,3,1,0,6,30,9163.90477776278,9109.785042200358,10272.40474551805
2024-03-08 06:45:00,9644.44871185276,26.210887725313928,3,1,0,6,45,9404.127326410362,8941.019073276366,10242.459316768767
2024-03-08 07:00:00,9831.95,26.567,3,1,0,7,0,9644.44871185276,8897.2,10111.89
2024-03-08 07:15:00,9936.797639608383,27.013456309736885,3,1,0,7,15,9831.95,9047.639411020202,9919.702724521268
2024-03-08 07:30:00,10021.499610819355,27.536738580939453,3,1,0,7,30,9936.797639608383,9354.777582590494,9750.323197922044
2024-03-08 07:45:00,10171.64927662065,28.110151561672293,3,1,0,7,45,10021.499610819355,9754.336962865536,9699.532072361802
2024-03-08 08:00:00,10472.84,28.707,3,1,0,8,0,10171.64927662065,10182.04,9863.11
2024-03-08 08:15:00,10968.739663803692,29.303606717572304,3,1,0,8,15,10472.84,10580.497615895029,10295.998487906629
2024-03-08 08:30:00,11535.31423031222,29.888366830379468,3,1,0,8,30,10968.739663803692,10919.874627437675,10889.782462793766
2024-03-08 08:45:00,12006.60418166464,30.4526935279969,3,1,0,8,45,11535.31423031222,11177.224325261488,11495.20770628402
2024-03-08 09:00:00,12216.65,30.988,3,1,0,9,0,12006.60418166464,11329.6,11963.02
2024-03-08 09:15:00,12064.203548926856,31.488304319973903,3,1,0,9,15,12216.65,11364.327781649696,12183.24988635223
2024-03-08 09:30:00,11706.86221793177,31.958044097542672,3,1,0,9,30,12064.203548926856,11309.825157658808,12203.0669509029
2024-03-08 09:45:00,11366.934777970797,32.404261826340104,3,1,0,9,45,11706.86221793177,11204.78245483852,12108.92554000212
2024-03-08 10:00:00,11266.73,32.834,3,1,0,10,0,11366.934777970797,11087.89,11987.28
2024-03-08 10:15:00,11553.86629673888,33.2501760025321,3,1,0,10,15,11266.73,10988.835788756192,11905.947904184455
2024-03-08 10:30:00,12077.200647960706,33.63920677944986,3,1,0,10,30,11553.86629673888,10901.298491927088,11858.199733594636
2024-03-08 10:45:00,12610.899675202174,33.98338416664269,3,1,0,10,45,12077.200647960706,10809.95444913444,11818.6691962075
2024-03-08 11:00:00,12929.13,34.265,3,1,0,11,0,12610.899675202174,10699.48,11761.99
2024-03-08 11:15:00,12872.550639117617,34.47178854489772,3,1,0,11,15,12929.13,10570.33453207553,11672.377715659946
2024-03-08 11:30:00,12547.790190225413,34.6132537846579,3,1,0,11,30,12872.550639117617,10486.109624632834,11572.37536471855
2024-03-08 11:45:00,12127.9696462205,34.70434213208914,3,1,0,11,45,12547.790190225413,10526.17990487372,11494.10783141788
2024-03-08 12:00:00,11786.21,34.760000000000005,3,1,0,12,0,12127.9696462205,10769.92,11469.7
2024-03-08 12:15:00,11652.072240540649,34.79460731787703,3,1,0,12,15,11786.21,11247.245926691685,11521.65607692576
2024-03-08 12:30:00,11680.877341137646,34.820278081918524,3,1,0,12,30,11652.072240540649,11790.239259541571,11633.997557531164
2024-03-08 12:45:00,11784.386271165824,34.84855980500076,3,1,0,12,45,11680.877341137646,12181.522962620676,11781.12525937098
2024-03-08 13:00:00,11874.36,34.891,3,1,0,13,0,11784.386271165824,12203.72,11937.44
2024-03-08 13:15:00,11886.588992469797,34.95306343359418,3,1,0,13,15,11874.36,11728.723636157738,12079.507664137009
2024-03-08 13:30:00,11852.981695224,35.01588388766798,3,1,0,13,30,11886.588992469797,10985.508337200872,12192.554405156809
2024-03-08 13:45:00,11829.476050366206,35.05451239790781,3,1,0,13,45,11852.981695224,10292.318869643568,12263.9714435982
2024-03-08 14:00:00,11872.01,35.044,3,1,0,14,0,11829.476050366206,9967.4,12281.15
2024-03-08 14:15:00,12012.813039580176,34.96784207274626,3,1,0,14,15,11872.01,10226.470934927356,12238.404360276209
2024-03-08 14:30:00,12189.280877966352,34.84331136740951,3,1,0,14,30,12012.813039580176,10875.148641654934,12157.741071841616
2024-03-08 14:45:00,12315.10077736935,34.696124978368005,3,1,0,14,45,12189.280877966352,11616.524527555042,12068.089747486216
2024-03-08 15:00:00,12303.96,34.552,3,1,0,15,0,12315.10077736935,12153.69,11998.38
2024-03-08 15:15:00,12101.0572867095,34.42694327542079,3,1,0,15,15,12303.96,12265.374967882832,11961.227551008162
2024-03-08 15:30:00,11777.63729291059,34.29812064269395,3,1,0,15,30,12101.0572867095,12032.863346179394,11903.992557476728
2024-03-08 15:45:00,11436.456152656385,34.13298768862015,3,1,0,15,45,11777.63729291059,11613.07755138626,11757.72128520693
2024-03-08 16:00:00,11180.27,33.899,3,1,0,16,0,11436.456152656385,11162.94,11453.46
2024-03-08 16:15:00,11075.945782331824,33.57346295057059,3,1,0,16,15,11180.27,10805.27028729132,10952.071216941144
2024-03-08 16:30:00,11046.793700391292,33.17308106181466,3,1,0,16,30,11075.945782331824,10526.476723627497,10333.682448251471
2024-03-08 16:45:00,10980.234768255115,32.72440864215141,3,1,0,16,45,11046.793700391292,10278.864798149918,9708.237455436063
2024-03-08 17:00:00,10763.69,32.254000000000005,3,1,0,17,0,10980.234768255115,10014.74,9185.68
2024-03-08 17:15:00,10326.827396463212,31.78339242229687,3,1,0,17,15,10763.69,9703.886851701878,8851.028518727257
2024-03-08 17:30:00,9768.302905524248,31.3140551100474,3,1,0,17,30,10326.827396463212,9386.006009310631,8689.600149517382
2024-03-08 17:45:00,9229.019461823158,30.84244024277423,3,1,0,17,45,9768.302905524248,9118.277162264068,8661.786705548815
2024-03-08 18:00:00,8849.88,30.365,3,1,0,18,0,9229.019461823158,8957.88,8727.98
2024-03-08 18:15:00,8729.974475565328,29.882404860241948,3,1,0,18,15,8849.88,8941.90152465116,8845.695176899828
2024-03-08 18:30:00,8801.14092751172,29.41219849799575,3,1,0,18,30,8729.974475565328,9027.057989129977,8960.940703679
2024-03-08 18:45:00,8953.40441570225,28.97614288675168,3,1,0,18,45,8801.14092751172,9149.972959043806,9016.848378618672
2024-03-08 19:00:00,9076.79,28.596000000000004,3,1,0,19,0,8953.40441570225,9247.27,8956.55
2024-03-08 19:15:00,9090.190013775473,28.28583188673534,3,1,0,19,15,9076.79,9272.70533094348,8749.958742423432
2024-03-08 19:30:00,9027.965884428872,28.028900897969613,3,1,0,19,30,9090.190013775473,9248.56578416946,8474.113285766618
2024-03-08 19:45:00,8953.346312867838,27.80076946021908,3,1,0,19,45,9027.965884428872,9214.270845310704,8232.833686226493
2024-03-08 20:00:00,8929.56,27.577,3,1,0,20,0,8953.346312867838,9209.24,8129.94
2024-03-08 20:15:00,8993.962031832785,27.34004884281671,3,1,0,20,15,8929.56,9261.674339074914,8235.865478406435
2024-03-08 20:30:00,9080.413034772791,27.099947910125817,3,1,0,20,30,8993.962031832785,9354.901374192192,8487.496153254524
2024-03-08 20:45:00,9096.9000203264,26.873623022372016,3,1,0,20,45,9080.413034772791,9461.030222213374,8788.331251475352
2024-03-08 21:00:00,8951.41,26.678,3,1,0,21,0,9096.9000203264,9552.17,9041.87
2024-03-08 21:15:00,8594.304515143382,26.52434774199784,3,1,0,21,15,8951.41,9598.038094006864,9172.837937700828
2024-03-08 21:30:00,8145.443226479961,26.40130746152713,3,1,0,21,30,8594.304515143382,9558.784969061771,9190.865851215283
2024-03-08 21:45:00,7767.06032457656,26.29186345029285,3,1,0,21,45,8145.443226479961,9392.169359585798,9126.8108391221
2024-03-08 22:00:00,7621.39,26.179,3,1,0,22,0,7767.06032457656,9055.95,9011.53
2024-03-08 22:15:00,7813.988970093688,26.050747689191937,3,1,0,22,15,7621.39,8539.054378647637,8873.766364540257
2024-03-08 22:30:00,8223.704059307365,25.915322243765665,3,1,0,22,30,7813.988970093688,7955.084999560719,8733.806691884336
2024-03-08 22:45:00,8672.704618867361,25.785985676456555,3,1,0,22,45,8223.704059307365,7448.81312069344,8609.823673286244
2024-03-08 23:00:00,8983.16,25.676,3,1,0,23,0,8672.704618867361,7165.01,8519.99
2024-03-08 23:15:00,9028.262885731869,25.593286501234395,3,1,0,23,15,8983.16,7203.746422652587,8476.398635388143
2024-03-08 23:30:00,8885.299286290578,25.524403563410207,3,1,0,23,30,9028.262885731869,7486.291282695355,8466.823631247373
2024-03-08 23:45:00,8682.578543703998,25.45056884388092,3,1,0,23,45,8885.299286290578,7889.213001390443,8472.959311482913
2024-03-09 00:00:00,8548.41,25.353,3,0,1,0,0,8682.578543703998,8289.08,8476.5
2024-03-09 00:15:00,8568.795580728838,25.22035630587048,3,0,1,0,15,8548.41,8580.537274492011,8463.700656407167
2024-03-09 00:30:00,8660.507545530323,25.071063502593507,3,0,1,0,30,8568.795580728838,8730.536119657861,8439.058783126178
2024-03-09 00:45:00,8698.010737566645,24.93098894801978,3,0,1,0,45,8660.507545530323,8724.10440499478,8411.632518282098
2024-03-09 01:00:00,8555.77,24.826,3,0,1,1,0,8698.010737566645,8546.27,8390.48
2024-03-09 01:15:00,8160.446978852775,24.774788275283697,3,0,1,1,15,8555.77,8199.038541879368,8381.101082733188
2024-03-09 01:30:00,7647.490531588131,24.76734242621577,3,0,1,1,30,8160.446978852775,7752.326738673201,8374.762486247922
2024-03-09 01:45:00,7204.546318529421,24.78647536403996,3,0,1,1,45,7647.490531588131,7293.029066130433,8359.172646638694
2024-03-09 02:00:00,7019.26,24.815,3,0,1,2,0,7204.546318529421,6908.04,8322.04
2024-03-09 02:15:00,7212.434003860062,24.838256217994747,3,0,1,2,15,7019.26,6670.419651740517,8257.39704391008
2024-03-09 02:30:00,7637.497828117156,24.85169179254343,3,0,1,2,30,7212.434003860062,6597.890675649335,8184.572521882138
2024-03-09 02:45:00,8081.037738315673,24.8532814708204,3,0,1,2,45,7637.497828117156,6694.3413617334845,8129.219238913128
2024-03-09 03:00:00,8329.64,24.841,3,0,1,3,0,8081.037738315673,6963.66,8116.99
2024-03-09 03:15:00,8233.160443206978,24.81243685273733,3,0,1,3,15,8329.64,7393.369569908562,8165.487304126496
2024-03-09 03:30:00,7894.533155943242,24.763640403610527,3,0,1,3,30,8233.160443206978,7905.531808729457,8260.112426223528
2024-03-09 03:45:00,7479.961790707888,24.69027375267845,3,0,1,3,45,7894.533155943242,8405.843143185624,8378.216335208794
2024-03-09 04:00:00,7155.65,24.588,3,0,1,4,0,7479.961790707888,8800.0,8497.15
2024-03-09 04:15:00,7049.67078581203,24.46124637105593,3,0,1,4,15,7155.65,9018.002381125236,8597.634208333933
2024-03-09 04:30:00,7137.574548109871,24.34949659301448,3,0,1,4,30,7049.67078581203,9087.064589432835,8673.86902322375
2024-03-09 04:45:00,7356.781036352777,24.3009985184658,3,0,1,4,45,7137.574548109871,9058.70450302402,8723.424326501688
2024-03-09 05:00:00,7644.71,24.364,3,0,1,5,0,7356.781036352777,8984.44,8743.87
2024-03-09 05:15:00,7943.720944794902,24.56934328803896,3,0,1,5,15,7644.71,8911.382780590497,8737.257268787771
2024-03-09 05:30:00,8215.93240161727,24.878248224331543,3,0,1,5,30,7943.720944794902,8869.019833539201,8723.56273088148
2024-03-09 05:45:00,8428.402657631006,25.23452904845836,3,0,1,5,45,8215.93240161727,8882.431969718307,8727.244327534449
2024-03-09 06:00:00,8548.19,25.582,3,0,1,6,0,8428.402657631006,8976.7,8772.76
2024-03-09 06:15:00,8559.877935008364,25.879989851788217,3,0,1,6,15,8548.19,9163.90477776278,8874.346560264981
2024-03-09 06:30:00,8518.150845421045,26.149885509659324,3,0,1,6,30,8559.877935008364,9404.127326410362,9005.356303250333
2024-03-09 06:45:00,8495.218333123205,26.42858841270077,3,0,1,6,45,8518.150845421045,9644.44871185276,9128.920394610515
2024-03-09 07:00:00,8563.29,26.753,3,0,1,7,0,8495.218333123205,9831.95,9208.17
2024-03-09 07:15:00,8777.642783921645,27.150009804808164,3,0,1,7,15,8563.29,9936.797639608383,9224.5580526523
2024-03-09 07:30:00,9125.82296669855,27.60645973703116,3,0,1,7,30,8777.642783921645,10021.499610819355,9232.824556117184
2024-03-09 07:45:00,9578.444166126184,28.09917980073857,3,0,1,7,45,9125.82296669855,10171.64927662065,9306.031281523476
2024-03-09 08:00:00,10106.12,28.605,3,0,1,8,0,9578.444166126184,10472.84,9517.24
2024-03-09 08:15:00,10673.62546055506,29.10523655397913,3,0,1,8,15,10106.12,10968.739663803692,9909.904197875814
2024-03-09 08:30:00,11222.381037784757,29.599150542216044,3,0,1,8,30,10673.62546055506,11535.31423031222,10409.044222280923
2024-03-09 08:45:00,11687.968596122077,30.09048925934494,3,0,1,8,45,11222.381037784757,12006.60418166464,10910.072135545572
2024-03-09 09:00:00,12005.97,30.583,3,0,1,9,0,11687.968596122077,12216.65,11308.4
2024-03-09 09:15:00,12135.285842608111,31.07807522927532,3,0,1,9,15,12005.97,12064.203548926856,11527.65546834444
2024-03-09 09:30:00,12128.091632162415,31.567688094104657,3,0,1,9,30,12135.285842608111,11706.86221793177,11604.328554759111
2024-03-09 09:45:00,12059.881605635514,32.04145691188167,3,0,1,9,45,12128.091632162415,11366.934777970797,11603.12486379423
2024-03-09 10:00:00,12006.15,32.489,3,0,1,10,0,12059.881605635514,11266.73,11588.75
2024-03-09 10:15:00,12026.063044012482,32.90154065391957,3,0,1,10,15,12006.15,11553.86629673888,11612.412678746425
2024-03-09 10:30:00,12113.474933565569,33.27672208136531,3,0,1,10,30,12026.063044012482,12077.200647960706,11671.334058682622
2024-03-09 10:45:00,12245.911856335872,33.6137924681284,3,0,1,10,45,12113.474933565569,12610.899675202174,11749.238409277512
2024-03-09 11:00:00,12400.9,33.912000000000006,3,0,1,11,0,12245.911856335872,12929.13,11829.85
2024-03-09 11:15:00,12554.04385634196,34.170840280046384,3,0,1,11,15,12400.9,12872.550639117617,11900.321941669872
2024-03-09 11:30:00,12673.261133575308,34.390798580434094,3,0,1,11,30,12554.04385634196,12547.790190225413,11961.5227105104
2024-03-09 11:45:00,12724.547844021004,34.572607590604754,3,0,1,11,45,12673.261133575308,12127.9696462205,12017.749624095728
2024-03-09 12:00:00,12673.9,34.717,3,0,1,12,0,12724.547844021004,11786.21,12073.3
2024-03-09 12:15:00,12502.178561869683,34.82378572589489,3,0,1,12,15,12673.9,11652.072240540649,12131.310179574088
2024-03-09 12:30:00,12249.704282133196,34.88908359689832,3,0,1,12,30,12502.178561869683,11680.877341137646,12190.272599275771
2024-03-09 12:45:00,11971.662861330107,34.90808966945258,3,0,1,12,45,12249.704282133196,11784.386271165824,12247.518719339576
2024-03-09 13:00:00,11723.24,34.876,3,0,1,13,0,11971.662861330107,11874.36,12300.38
2024-03-09 13:15:00,11550.001896179305,34.793235566374015,3,0,1,13,15,11723.24,11886.588992469797,12344.982340033775
2024-03-09 13:30:00,11459.036737891907,34.68111703197261,3,0,1,13,30,11550.001896179305,11852.981695224,12372.629392386496
2024-03-09 13:45:00,11447.813210658556,34.56618998158491,3,0,1,13,45,11459.036737891907,11829.476050366206,12373.419248545968
2024-03-09 14:00:00,11513.8,34.475,3,0,1,14,0,11447.813210658556,11872.01,12337.45
2024-03-09 14:15:00,11645.912134663096,34.426272008609025,3,0,1,14,15,11513.8,12012.813039580176,12259.061554040807
2024-03-09 14:30:00,11798.85001629917,34.407448275211195,3,0,1,14,30,11645.912134663096,12189.280877966352,12149.561081178244
2024-03-09 14:45:00,11918.76038978566,34.398150404207776,3,0,1,14,45,11798.85001629917,12315.10077736935,12024.497567726556
2024-03-09 15:00:00,11951.79,34.378,3,0,1,15,0,11918.76038978566,12303.96,11899.42
2024-03-09 15:15:00,11860.05206516831,34.32522327418991,3,0,1,15,15,11951.79,12101.0572867095,11782.635506302986
2024-03-09 15:30:00,11669.525696911413,34.212464867182604,3,0,1,15,30,11860.05206516831,11777.63729291059,11653.483782900536
2024-03-09 15:45:00,11422.156480198808,34.010974026584,3,0,1,15,45,11669.525696911413,11436.456152656385,11484.062668047814
2024-03-09 16:00:00,11159.89,33.692,3,0,1,16,0,11422.156480198808,11180.27,11246.47
2024-03-09 16:15:00,10914.311635913664,33.24100676963136,3,0,1,16,15,11159.89,11075.945782331824,10923.23454574724
2024-03-09 16:30:00,10675.56594605518,32.70031725605838,3,0,1,16,30,10914.311635913664,11046.793700391292,10538.608787219617
2024-03-09 16:45:00,10423.437283169107,32.12646911445621,3,0,1,16,45,10675.56594605518,10980.234768255115,10127.276135082184
2024-03-09 17:00:00,10137.71,31.576,3,0,1,17,0,10423.437283169107,10763.69,9723.92
2024-03-09 17:15:00,9809.500453677032,31.09349964728463,3,0,1,17,15,10137.71,10326.827396463212,9359.970998208046
2024-03-09 17:30:00,9475.25301886786,30.67576610858386,3,0,1,17,30,9809.500453677032,9768.302905524248,9053.848568220996
2024-03-09 17:45:00,9182.74407462476,30.307649515591155,3,0,1,17,45,9475.25301886786,9229.019461823158,8820.719354123448
2024-03-09 18:00:00,8979.75,29.974,3,0,1,18,0,9182.74407462476,8849.88,8675.75
2024-03-09 18:15:00,8898.341393128205,29.66197901623011,3,0,1,18,15,8979.75,8729.974475565328,8625.732086420574
2024-03-09 18:30:00,8907.765728473376,29.36799330960618,3,0,1,18,30,8898.341393128205,8801.14092751172,8643.956939896398
2024-03-09 18:45:00,8961.564699581859,29.09076094817916,3,0,1,18,45,8907.765728473376,8953.40441570225,8695.340823424023
2024-03-09 19:00:00,9013.28,28.829,3,0,1,19,0,8961.564699581859,9076.79,8744.8
2024-03-09 19:15:00,9027.79178631015,28.58263116279494,3,0,1,19,15,9013.28,9090.190013775473,8764.118781109655
2024-03-09 19:30:00,9015.334067238638,28.356385652991428,3,0,1,19,30,9027.79178631015,9027.965884428872,8752.55367219341
2024-03-09 19:45:00,8997.47931454781,28.1561973166922,3,0,1,19,45,9015.334067238638,8953.346312867838,8716.22922718046
2024-03-09 20:00:00,8995.8,27.988,3,0,1,20,0,8997.47931454781,8929.56,8661.27
2024-03-09 20:15:00,9028.747555381204,27.85448070759013,3,0,1,20,15,8995.8,8993.962031832785,8596.911070390806
2024-03-09 20:30:00,9102.289252572067,27.74533907842812,3,0,1,20,30,9028.747555381204,9080.413034772791,8544.829621329962
2024-03-09 20:45:00,9219.2713234769,27.64702791005205,3,0,1,20,45,9102.289252572067,9096.9000203264,8529.81336160414
2024-03-09 21:00:00,9382.54,27.546,3,0,1,21,0,9219.2713234769,8951.41,8576.65
2024-03-09 21:15:00,9577.917523415035,27.43160225684453,3,0,1,21,15,9382.54,8594.304515143382,8694.368968577122
2024-03-09 21:30:00,9723.13017247309,27.3047580332961,3,0,1,21,30,9577.917523415035,8145.443226479961,8828.966592486737
2024-03-09 21:45:00,9718.8802352946,27.169284793099614,3,0,1,21,45,9723.13017247309,7767.06032457656,8910.680920152983
2024-03-09 22:00:00,9465.87,27.029,3,0,1,22,0,9718.8802352946,7621.39,8869.75
2024-03-09 22:15:00,8914.534694708653,26.888750890031726,3,0,1,22,15,9465.87,7813.988970093688,8665.9383678007
2024-03-09 22:30:00,8214.241307535576,26.75750378838748,3,0,1,22,30,8914.534694708653,8223.704059307365,8377.116508723084
2024-03-09 22:45:00,7564.089766594711,26.64525479254949,3,0,1,22,45,8214.241307535576,8672.704618867361,8110.681395283927
2024-03-09 23:00:00,7163.18,26.562,3,0,1,23,0,7564.089766594711,8983.16,7974.03
2024-03-09 23:15:00,7150.193541500358,26.51311293302855,3,0,1,23,15,7163.18,9028.262885731869,8038.407091470077
2024-03-09 23:30:00,7422.13834738461,26.485476813153976,3,0,1,23,30,7150.193541500358,8885.299286290578,8230.448622620923
2024-03-09 23:45:00,7815.603979576556,26.46135228670241,3,0,1,23,45,7422.13834738461,8682.578543703998,8440.63834246131
2024-03-10 00:00:00,8167.18,26.423,3,0,1,0,0,7815.603979576556,8548.41,8559.46
2024-03-10 00:15:00,8350.44254553992,26.356641127854058,3,0,1,0,15,8167.18,8568.795580728838,8507.726391318993
2024-03-10 00:30:00,8386.914052925986,26.264338958996607,3,0,1,0,30,8350.44254553992,8660.507545530323,8327.566500793215
2024-03-10 00:45:00,8335.103533849064,26.152117310640858,3,0,1,0,45,8386.914052925986,8698.010737566645,8091.438359870831
2024-03-10 01:00:00,8253.52,26.026,3,0,1,1,0,8335.103533849064,8555.77,7871.8
2024-03-10 01:15:00,8189.020338839973,25.89296318055522,3,0,1,1,15,8253.52,8160.446978852775,7728.276249503957
2024-03-10 01:30:00,8141.8529409114435,25.76379235085959,3,0,1,1,30,8189.020338839973,7647.490531588131,7669.159124206219
2024-03-10 01:45:00,8100.614072527192,25.650225345734164,3,0,1,1,45,8141.8529409114435,7204.546318529421,7689.907436805369
2024-03-10 02:00:00,8053.9,25.564,3,0,1,2,0,8100.614072527192,7019.26,7785.98
2024-03-10 02:15:00,7996.819536600188,25.511396774925075,3,0,1,2,15,8053.9,7212.434003860062,7946.768454415179
2024-03-10 02:30:00,7950.531683428239,25.476866637565035,3,0,1,2,30,7996.819536600188,7637.497828117156,8137.395752381914
2024-03-10 02:45:00,7942.70798854217,25.439403181422488,3,0,1,2,45,7950.531683428239,8081.037738315673,8316.91767415769
2024-03-10 03:00:00,8001.02,25.378,3,0,1,3,0,7942.70798854217,8329.64,8444.39
2024-03-10 03:15:00,8142.109327259271,25.2784340947445,3,0,1,3,15,8001.02,8233.160443206978,8491.362745335322
2024-03-10 03:30:00,8338.497825375602,25.15361609888026,3,0,1,3,30,8142.109327259271,7894.533155943242,8479.362866266125
2024-03-10 03:45:00,8551.677410804128,25.02324005357589,3,0,1,3,45,8338.497825375602,7479.961790707888,8442.411554063863
2024-03-10 04:00:00,8743.14,24.907,3,0,1,4,0,8551.677410804128,7155.65,8414.53
2024-03-10 04:15:00,8879.864716862729,24.82088247109692,3,0,1,4,15,8743.14,7049.67078581203,8425.106657993529
2024-03-10 04:30:00,8950.77951506936,24.76604396691392,3,0,1,4,30,8879.864716862729,7137.574548109871,8484.999032553585
2024-03-10 04:45:00,8950.299555741309,24.739933479273947,3,0,1,4,45,8950.77951506936,7356.781036352777,8600.431890836851
2024-03-10 05:00:00,8872.84,24.74,3,0,1,5,0,8950.299555741309,7644.71,8777.63
2024-03-10 05:15:00,8725.78446153981,24.7664110208678,3,0,1,5,15,8872.84,7943.720944794902,9008.348435190566
2024-03-10 05:30:00,8568.390364346958,24.830208033464068,3,0,1,5,30,8725.78446153981,8215.93240161727,9226.463503519535
2024-03-10 05:45:00,8472.88358498063,24.94515102932831,3,0,1,5,45,8568.390364346958,8428.402657631006,9351.38182008873
2024-03-10 06:00:00,8511.49,25.125,3,0,1,6,0,8472.88358498063,8548.19,9302.51
2024-03-10 06:15:00,8729.796030728034,25.37842657043189,3,0,1,6,15,8511.49,8559.877935008364,9037.939601244198
2024-03-10 06:30:00,9066.830277542806,25.693748899229803,3,0,1,6,30,8729.796030728034,8518.150845421045,8670.501953368275
2024-03-10 06:45:00,9434.981885586174,26.05419677841281,3,0,1,6,45,9066.830277542806,8495.218333123205,8351.713328808219
2024-03-10 07:00:00,9746.64,26.443,3,0,1,7,0,9434.981885586174,8563.29,8233.09
2024-03-10 07:15:00,9941.33454054806,26.84722644740464,3,0,1,7,15,9746.64,8777.642783921645,8423.318159832645
2024-03-10 07:30:00,10067.158525481822,27.269296369616725,3,0,1,7,30,9941.33454054806,9125.82296669855,8859.763683007359
2024-03-10 07:45:00,10199.345747674672,27.71546810702045,3,0,1,7,45,10067.158525481822,9578.444166126184,9436.962364678397
2024-03-10 08:00:00,10413.13,28.192,3,0,1,8,0,10199.345747674672,10106.12,10049.45
2024-03-10 08:15:00,10756.323463329723,28.70149576494956,3,0,1,8,15,10413.13,10673.62546055506,10604.533853175224
2024-03-10 08:30:00,11167.051870529906,29.23194062230329,3,0,1,8,30,10756.323463329723,11222.381037784757,11060.607064602287
2024-03-10 08:45:00,11556.019342465132,29.76766516850539,3,0,1,8,45,11167.051870529906,11687.968596122077,11388.834243728208
2024-03-10 09:00:00,11833.93,30.293,3,0,1,9,0,11556.019342465132,12005.97,11560.38
2024-03-10 09:15:00,11938.92113738304,30.795634242797128,3,0,1,9,15,11833.93,12135.285842608111,11566.73642746646
2024-03-10 09:30:00,11918.862742398556,31.276691141170083,3,0,1,9,30,11938.92113738304,12128.091632162415,11480.705558583497
2024-03-10 09:45:00,11849.057976214795,31.740652468958,3,0,1,9,45,11918.862742398556,12059.881605635514,11395.41691040878
2024-03-10 10:00:00,11804.81,32.19199999999999,3,0,1,10,0,11849.057976214795,12006.15,11404.0
2024-03-10 10:15:00,11832.121987138113,32.63232663886191,3,0,1,10,15,11804.81,12026.063044012482,11570.178561958928
2024-03-10 10:30:00,11859.797159875869,33.051669813016346,3,0,1,10,30,11832.121987138113,12113.474933565569,11840.05320106373
2024-03-10 10:45:00,11787.338752675689,33.43717808066261,3,0,1,10,45,11859.797159875869,12245.911856335872,12130.318739636668
2024-03-10 11:00:00,11514.25,33.776,3,0,1,11,0,11787.338752675689,12400.9,12357.67
2024-03-10 11:15:00,10994.813726564504,34.05684045175521,3,0,1,11,15,11514.25,12554.04385634196,12463.368699697823
2024-03-10 11:30:00,10402.431118097978,34.274629606764506,3,0,1,11,30,10994.813726564504,12673.261133575308,12486.94413716158
2024-03-10 11:45:00,9965.28295058246,34.42585395839154,3,0,1,11,45,10402.431118097978,12724.547844021004,12492.492506044548
2024-03-10 12:00:00,9911.55,34.507,3,0,1,12,0,9965.28295058246,12673.9,12544.11
2024-03-10 12:15:00,10377.260137853866,34.51918655411725,3,0,1,12,15,9911.55,12502.178561869683,12673.267732999777
2024-03-10 12:30:00,11129.829617732226,34.48206175992563,3,0,1,12,30,10377.260137853866,12249.704282133196,12780.936500289949
2024-03-10 12:45:00,11844.521788744474,34.41990608577119,3,0,1,12,45,11129.829617732226,11971.662861330107,12735.462017435142
2024-03-10 13:00:00,12196.6,34.357,3,0,1,13,0,11844.521788744474,11723.24,12405.19
2024-03-10 13:15:00,11967.57337827003,34.31144458177579,3,0,1,13,15,12196.6,11550.001896179305,11725.773180803077
2024-03-10 13:30:00,11363.934160973116,34.276623353532976,3,0,1,13,30,11967.57337827003,11459.036737891907,10902.092361678637
2024-03-10 13:45:00,10698.420363189643,34.23974044852368,3,0,1,13,45,11363.934160973116,11447.813210658556,10206.33536171488
2024-03-10 14:00:00,10283.77,34.187999999999995,3,0,1,14,0,10698.420363189643,11513.8,9910.69
2024-03-10 14:15:00,10344.224474066015,34.111003868779605,3,0,1,14,15,10283.77,11645.912134663096,10188.467043787929
2024-03-10 14:30:00,10750.038738375308,34.00794482594245,3,0,1,14,30,10344.224474066015,11798.85001629917,10817.469052995517
2024-03-10 14:45:00,11282.971133496949,33.88041337013408,3,0,1,14,45,10750.038738375308,11918.76038978566,11476.621535705346
2024-03-10 15:00:00,11724.78,33.73,3,0,1,15,0,11282.971133496949,11951.79,11844.85
2024-03-10 15:15:00,11904.171381715914,33.55668056810579,3,0,1,15,15,11724.78,11860.05206516831,11692.895206545209
2024-03-10 15:30:00,11837.642135525655,33.35397234269719,3,0,1,15,30,11904.171381715914,11669.525696911413,11158.758926339298
2024-03-10 15:45:00,11588.636821572569,33.11377794594,3,0,1,15,45,11837.642135525655,11422.156480198808,10472.258182963737
2024-03-10 16:00:00,11220.6,32.828,3,0,1,16,0,11588.636821572569,11159.89,9863.21
2024-03-10 16:15:00,10789.847811570333,32.49350823379724,3,0,1,16,15,11220.6,10914.311635913664,9507.446661281234
2024-03-10 16:30:00,10324.182719522074,32.127040803268784,3,0,1,16,30,10789.847811570333,10675.56594605518,9364.861491647292
2024-03-10 16:45:00,9844.278767712782,31.75030297110593,3,0,1,16,45,10324.182719522074,10423.437283169107,9341.363076189704
2024-03-10 17:00:00,9370.81,31.385,3,0,1,17,0,9844.278767712782,10137.71,9342.86
2024-03-10 17:15:00,8929.654090752763,31.047286496705247,3,0,1,17,15,9370.81,9809.500453677032,9294.955023329856
2024-03-10 17:30:00,8567.503236386048,30.73111444422769,3,0,1,17,30,8929.654090752763,9475.25301886786,9202.027607071534
2024-03-10 17:45:00,8336.253263826307,30.424885169636283,3,0,1,17,45,8567.503236386048,9182.74407462476,9088.151387277445
2024-03-10 18:00:00,8287.8,30.117,3,0,1,18,0,8336.253263826307,8979.75,8977.4
2024-03-10 18:15:00,8444.639262918607,29.79898640438178,3,0,1,18,15,8287.8,8898.341393128205,8888.482464149347
2024-03-10 18:30:00,8711.666834933729,29.47487641982048,3,0,1,18,30,8444.639262918607,8907.765728473376,8818.649330066577
2024-03-10 18:45:00,8964.378489481986,29.151828225348943,3,0,1,18,45,8711.666834933729,8961.564699581859,8759.786530950521
2024-03-10 19:00:00,9078.27,28.837,3,0,1,19,0,8964.378489481986,9013.28,8703.78
2024-03-10 19:15:00,8970.759951322801,28.53729913576764,3,0,1,19,15,9078.27,9027.79178631015,8647.241057572757
2024-03-10 19:30:00,8726.958173879035,28.258629876490385,3,0,1,19,30,8970.759951322801,9015.334067238638,8605.682572662157
2024-03-10 19:45:00,8473.897309495751,28.006645678967946,3,0,1,19,45,8726.958173879035,8997.47931454781,8599.34280142048
2024-03-10 20:00:00,8338.61,27.787,3,0,1,20,0,8473.897309495751,8995.8,8648.46
2024-03-10 20:15:00,8410.055306790187,27.60175455254768,3,0,1,20,15,8338.61,9028.747555381204,8764.209243059624
2024-03-10 20:30:00,8624.897969550131,27.438604074217963,3,0,1,20,30,8410.055306790187,9102.289252572067,8921.512879284788
2024-03-10 20:45:00,8881.72914753501,27.28165155877926,3,0,1,20,45,8624.897969550131,9219.2713234769,9086.230075867556
2024-03-10 21:00:00,9079.14,27.114999999999995,3,0,1,21,0,8881.72914753501,9382.54,9224.22
2024-03-10 21:15:00,9141.566634016452,26.927417029041624,3,0,1,21,15,9079.14,9577.917523415035,9301.735251438744
2024-03-10 21:30:00,9096.82494792044,26.72632882663774,3,0,1,21,30,9141.566634016452,9723.13017247309,9286.602160198683
2024-03-10 21:45:00,8998.575787864207,26.52382621091499,3,0,1,21,45,9096.82494792044,9718.8802352946,9147.040488859284
2024-03-10 22:00:00,8900.48,26.332,3,0,1,22,0,8998.575787864207,9465.87,8851.27
2024-03-10 22:15:00,8843.202375893998,26.16195233128581,3,0,1,22,15,8900.48,8914.534694708653,8395.738657435399
2024-03-10 22:30:00,8815.423488768105,26.02083061923106,3,0,1,22,30,8843.202375893998,8214.241307535576,7889.807229920469
2024-03-10 22:45:00,8792.82785725816,25.914793597560774,3,0,1,22,45,8815.423488768105,7564.089766594711,7471.064687445305
2024-03-10 23:00:00,8751.1,25.849999999999994,3,0,1,23,0,8792.82785725816,7163.18,7277.1
2024-03-10 23:15:00,8675.456362407554,25.82503927081512,3,0,1,23,15,8751.1,7150.193541500358,7401.070118819664
2024-03-10 23:30:00,8589.241097007136,25.80822369643801,3,0,1,23,30,8675.456362407554,7422.13834738461,7758.403920119443
2024-03-10 23:45:00,8525.33028310315,25.760296273841888,3,0,1,23,45,8589.241097007136,7815.603979576556,8220.0982613595
2024-03-11 00:00:00,8516.6,25.642,3,0,0,0,0,8525.33028310315,8167.18,8657.15
2024-03-11 00:15:00,8577.69858072578,25.428640585453696,3,0,0,0,15,8516.6,8350.44254553992,8960.545711035951
2024-03-11 00:30:00,8650.363373203347,25.15377459501689,3,0,0,0,30,8577.69858072578,8386.914052925986,9101.230839601763
2024-03-11 00:45:00,8658.103979079238,24.86552130707165,3,0,0,0,45,8650.363373203347,8335.103533849064,9070.140548366691
2024-03-11 01:00:00,8524.43,24.612,3,0,0,1,0,8658.103979079238,8253.52,8858.21
2024-03-11 01:15:00,8201.38072093932,24.42878901237009,3,0,0,1,15,8524.43,8189.020338839973,8472.817193286533
2024-03-11 01:30:00,7755.114160179477,24.301302923494404,3,0,0,1,30,8201.38072093932,8141.8529409114435,7987.111471473507
2024-03-11 01:45:00,7280.318019329896,24.20241537287152,3,0,0,1,45,7755.114160179477,8100.614072527192,7490.685013923727
2024-03-11 02:00:00,6871.68,24.105,3,0,0,2,0,7280.318019329896,8053.9,7073.13
2024-03-11 02:15:00,6609.119160516939,23.99153149006593,3,0,0,2,15,6871.68,7996.819536600188,6808.980359567915
2024-03-11 02:30:00,6513.479986078747,23.88288871100548,3,0,0,2,30,6609.119160516939,7950.531683428239,6712.537024504208
2024-03-11 02:45:00,6590.8383186011815,23.80955157644228,3,0,0,2,45,6513.479986078747,7942.70798854217,6783.042677188396
2024-03-11 03:00:00,6847.27,23.802000000000003,3,0,0,3,0,6590.8383186011815,8001.02,7019.74
2024-03-11 03:15:00,7264.740136992925,23.87571002736616,3,0,0,3,15,6847.27,8142.109327259271,7408.041524691805
2024-03-11 03:30:00,7728.770895505538,23.986142232483687,3,0,0,3,30,7264.740136992925,8338.497825375602,7878.039180509663
2024-03-11 03:45:00,8100.77370626538,24.07375332135937,3,0,0,3,45,7728.770895505538,8551.677410804128,8345.994746072687
2024-03-11 04:00:00,8242.16,24.079,3,0,0,4,0,8100.77370626538,8743.14,8728.17
2024-03-11 04:15:00,8070.302322761359,23.96967527546943,3,0,0,4,15,8242.16,8879.864716862729,8965.247447914862
2024-03-11 04:30:00,7726.417681899105,23.82291735905979,3,0,0,4,30,8070.302322761359,8950.77951506936,9095.59250345714
2024-03-11 04:45:00,7407.6842000872975,23.74320076312025,3,0,0,4,45,7726.417681899105,8950.299555741309,9181.99130727085
2024-03-11 05:00:00,7311.28,23.835,3,0,0,5,0,7407.6842000872975,8872.84,9287.23
2024-03-11 05:15:00,7574.042759461631,24.167666995756107,3,0,0,5,15,7311.28,8725.78446153981,9450.814933648742
2024-03-11 05:30:00,8091.448376898041,24.67006333127717,3,0,0,5,30,7574.042759461631,8568.390364346958,9619.13330566177
2024-03-11 05:45:00,8698.632305885429,25.23592800115964,3,0,0,5,45,8091.448376898041,8472.88358498063,9715.292524843911
2024-03-11 06:00:00,9230.73,25.759,3,0,0,6,0,8698.632305885429,8511.49,9662.4
2024-03-11 06:15:00,9559.197264392113,26.160437991506125,3,0,0,6,15,9230.73,8729.796030728034,9418.555473740167
2024-03-11 06:30:00,9700.771310508731,26.47107931583155,3,0,0,6,30,9559.197264392113,9066.830277542806,9081.828023895776
2024-03-11 06:45:00,9708.50970137099,26.749180982241192,3,0,0,6,45,9700.771310508731,9434.981885586174,8785.279062103495
2024-03-11 07:00:00,9635.47,27.053,3,0,0,7,0,9708.50970137099,9746.64,8661.97
2024-03-11 07:15:00,9538.12458921992,27.42770603821938,3,0,0,7,15,9635.47,9941.33454054806,8809.318952640591
2024-03-11 07:30:00,9486.605131067025,27.86611940539665,3,0,0,7,30,9538.12458921992,10067.158525481822,9182.170848755128
2024-03-11 07:45:00,9554.458107380617,28.34797306987559,3,0,0,7,45,9486.605131067025,10199.345747674672,9699.7273204921
2024-03-11 08:00:00,9815.23,28.853,3,0,0,8,0,9554.458107380617,10413.13,10281.19
2024-03-11 08:15:00,10309.908441228206,29.36314410561636,3,0,0,8,15,9815.23,10756.323463329723,10848.905903197465
2024-03-11 08:30:00,10949.245665223169,29.86919306258187,3,0,0,8,30,10309.908441228206,11167.051870529906,11337.803581083715
2024-03-11 08:45:00,11611.435056606548,30.36414548825645,3,0,0,8,45,10949.245665223169,11556.019342465132,11685.956968428109
2024-03-11 09:00:00,12174.67,30.841,3,0,0,9,0,11611.435056606548,11833.93,11831.44
2024-03-11 09:15:00,12541.292895867253,31.29421753931521,3,0,0,9,15,12174.67,11938.92113738304,11744.219465819544
2024-03-11 09:30:00,12710.242208040296,31.72410834427588,3,0,0,9,30,12541.292895867253,11918.862742398556,11521.833576910014
2024-03-11 09:45:00,12704.605416193192,32.1324449770986,3,0,0,9,45,12710.242208040296,11849.057976214795,11293.71339954548
2024-03-11 10:00:00,12547.47,32.520999999999994,3,0,0,10,0,12704.605416193192,11804.81,11189.29
2024-03-11 10:15:00,12276.998569052786,32.88893886212282,3,0,0,10,15,12547.47,11832.121987138113,11301.533421024364
2024-03-11 10:30:00,11991.654252615645,33.224998560314624,3,0,0,10,30,12276.998569052786,11859.797159875869,11577.569611276229
2024-03-11 10:45:00,11804.975309870682,33.51530897834911,3,0,0,10,45,11991.654252615645,11787.338752675689,11928.06349588998
2024-03-11 11:00:00,11830.5,33.746,3,0,0,11,0,11804.975309870682,11514.25,12263.68
2024-03-11 11:15:00,12128.507671671605,33.90957388719348,3,0,0,11,15,11830.5,10994.813726564504,12511.253725083006
2024-03-11 11:30:00,12546.242031497117,34.02402241446563,3,0,0,11,30,12128.507671671605,10402.431118097978,12662.297977985072
2024-03-11 11:45:00,12877.687875574074,34.11370973450495,3,0,0,11,45,12546.242031497117,9965.28295058246,12724.4957418946
2024-03-11 12:00:00,12916.83,34.203,3,0,0,12,0,12877.687875574074,9911.55,12705.53
2024-03-11 12:15:00,12525.3687130108,34.30812496410324,3,0,0,12,15,12916.83,10377.260137853866,12619.639022393609
2024-03-11 12:30:00,11835.86637139588,34.412786781822895,3,0,0,12,30,12525.3687130108,11129.829617732226,12507.282226783484
2024-03-11 12:45:00,11048.60084408302,34.4925552086311,3,0,0,12,45,11835.86637139588,11844.521788744474,12415.47431778162
2024-03-11 13:00:00,10363.85,34.523,3,0,0,13,0,11048.60084408302,12196.6,12391.23
2024-03-11 13:15:00,9941.853413785191,34.48753563139354,3,0,0,13,15,10363.85,11967.57337827003,12454.47252909256
2024-03-11 13:30:00,9782.697482919357,34.400955458242805,3,0,0,13,30,9941.853413785191,11363.934160973116,12516.759364880989
2024-03-11 13:45:00,9846.430310593843,34.285897555970664,3,0,0,13,45,9782.697482919357,10698.420363189643,12462.556518228925
2024-03-11 14:00:00,10093.1,34.165,3,0,0,14,0,9846.430310593843,10283.77,12176.33
2024-03-11 14:15:00,10475.667163098427,34.05559188532259,3,0,0,14,15,10093.1,10344.224474066015,11601.699454986156
2024-03-11 14:30:00,10918.742446926695,33.95376638520589,3,0,0,14,30,10475.667163098427,10750.038738375308,10918.89906369256
2024-03-11 14:45:00,11339.849007291614,33.85030769248624,3,0,0,14,45,10918.742446926695,11282.971133496949,10367.316640552684
2024-03-11 15:00:00,11656.51,33.736000000000004,3,0,0,15,0,11339.849007291614,11724.78,10186.34
2024-03-11 15:15:00,11799.792777571098,33.60015932731609,3,0,0,15,15,11656.51,11904.171381715914,10520.25043221282
2024-03-11 15:30:00,11754.941479373869,33.42622900093365,3,0,0,15,30,11799.792777571098,11837.642135525655,11132.903130348774
2024-03-11 15:45:00,11520.744441489704,33.196184174084394,3,0,0,15,45,11754.941479373869,11588.636821572569,11693.046763310344
2024-03-11 16:00:00,11095.99,32.892,3,0,0,16,0,11520.744441489704,11220.6,11869.43
2024-03-11 16:15:00,10498.624539117189,32.50714580541306,3,0,0,16,15,11095.99,10789.847811570333,11437.903816162576
2024-03-11 16:30:00,9823.22663557784,32.081067611059524,3,0,0,16,30,10498.624539117189,10324.182719522074,10602.728414912344
2024-03-11 16:45:00,9183.532914249574,31.664705611176228,3,0,0,16,45,9823.22663557784,9844.278767712782,9675.266306205942
2024-03-11 17:00:00,8693.28,31.309,3,0,0,17,0,9183.532914249574,9370.81,8966.88
2024-03-11 17:15:00,8433.257972210156,31.047913701031696,3,0,0,17,15,8693.28,8929.654090752763,8708.937115636878
2024-03-11 17:30:00,8352.47072831477,30.84750055482827,3,0,0,17,30,8433.257972210156,8567.503236386048,8812.825710001844
2024-03-11 17:45:00,8366.975620262003,30.656837131210708,3,0,0,17,45,8352.47072831477,8336.253263826307,9109.938949365887
2024-03-11 18:00:00,8392.83,30.425,3,0,0,18,0,8366.975620262003,8287.8,9431.67
2024-03-11 18:15:00,8368.825915792191,30.11604314046017,3,0,0,18,15,8392.83,8444.639262918607,9636.643190039907
2024-03-11 18:30:00,8324.694201163076,29.753930169627413,3,0,0,18,30,8368.825915792191,8711.666834933729,9692.407495080275
2024-03-11 18:45:00,8312.900385952422,29.377602113980945,3,0,0,18,45,8324.694201163076,8964.378489481986,9593.743052580505
2024-03-11 19:00:00,8385.91,29.026000000000003,3,0,0,19,0,8312.900385952422,9078.27,9335.43
2024-03-11 19:15:00,8573.966333371078,28.728929362127623,3,0,0,19,15,8385.91,8970.759951322801,8934.57199920349
2024-03-11 19:30:00,8818.423717032929,28.479653766662096,3,0,0,19,30,8573.966333371078,8726.958173879035,8497.566809677051
2024-03-11 19:45:00,9038.41424217831,28.26230128786552,3,0,0,19,45,8818.423717032929,8473.897309495751,8153.135715312087
2024-03-11 20:00:00,9153.07,28.061,3,0,0,20,0,9038.41424217831,8338.61,8030.0
2024-03-11 20:15:00,9107.307969473492,27.862817536029343,3,0,0,20,15,9153.07,8410.055306790187,8211.099906896128
2024-03-11 20:30:00,8949.184680705215,27.66657976372421,3,0,0,20,30,9107.307969473492,8624.897969550131,8596.251516211518
2024-03-11 20:45:00,8752.541551584332,27.47405210955697,3,0,0,20,45,8949.184680705215,8881.72914753501,9039.48986742115
2024-03-11 21:00:00,8591.22,27.287,3,0,0,21,0,8752.541551584332,9079.14,9394.85
2024-03-11 21:15:00,8524.48350748495,27.106456743755,3,0,0,21,15,8591.22,9141.566634016452,9550.809310711997
2024-03-11 21:30:00,8553.283810146208,26.930527178441043,3,0,0,21,30,8524.48350748495,9096.82494792044,9533.614625476874
2024-03-11 21:45:00,8663.99470773436,26.75658402390657,3,0,0,21,45,8553.283810146208,8998.575787864207,9403.955127503314
2024-03-11 22:00:00,8842.99,26.582,3,0,0,22,0,8663.99470773436,8900.48,9222.52
2024-03-11 22:15:00,9062.410344336697,26.40563673895068,3,0,0,22,15,8842.99,8843.202375893998,9041.771444005884
2024-03-11 22:30:00,9237.463828709946,26.232311522511623,3,0,0,22,30,9062.410344336697,8815.423488768105,8881.263731880987
2024-03-11 22:45:00,9269.125398728223,26.06833054481675,3,0,0,22,45,9237.463828709946,8792.82785725816,8752.324153815598
2024-03-11 23:00:00,9058.37,25.92,3,0,0,23,0,9269.125398728223,8751.1,8666.28
2024-03-11 23:15:00,8552.071521418262,25.791605675442284,3,0,0,23,15,9058.37,8675.456362407554,8628.741163264467
2024-03-11 23:30:00,7880.699625014008,25.679351731512472,3,0,0,23,30,8552.071521418262,8589.241097007136,8622.44794699918
2024-03-11 23:45:00,7220.622916102751,25.577421921826424,3,0,0,23,45,7880.699625014008,8525.33028310315,8624.423257234304
2024-03-12 00:00:00,6748.21,25.48,3,0,0,0,0,7220.622916102751,8516.6,8611.69
2024-03-12 00:15:00,6586.68356999026,25.382315559280183,3,0,0,0,15,6748.21,8577.69858072578,8569.36609043625
2024-03-12 00:30:00,6646.682671234021,25.283781551438484,3,0,0,0,30,6586.68356999026,8650.363373203347,8514.949480122295
2024-03-12 00:45:00,6785.700436860772,25.184856767877548,3,0,0,0,45,6646.682671234021,8658.103979079238,8474.033129747191
2024-03-12 01:00:00,6861.23,25.086,3,0,0,1,0,6785.700436860772,8524.43,8472.21
2024-03-12 01:15:00,6777.379511120701,24.98821021243697,3,0,0,1,15,6861.23,8201.38072093932,8525.110568740534
2024-03-12 01:30:00,6624.717190049906,24.894647062733576,3,0,0,1,30,6777.379511120701,7755.114160179477,8608.515382511643
2024-03-12 01:45:00,6540.426273954159,24.809010381663384,3,0,0,1,45,6624.717190049906,7280.318019329896,8688.24250502693
2024-03-12 02:00:00,6661.69,24.735,3,0,0,2,0,6540.426273954159,6871.68,8730.11
2024-03-12 02:15:00,7075.8255730269375,24.674249840971907,3,0,0,2,15,6661.69,6609.119160516939,8711.230384601613
2024-03-12 02:30:00,7670.6860685663505,24.62013019762721,3,0,0,2,30,7075.8255730269375,6513.479986078747,8653.893989831136
2024-03-12 02:45:00,8284.25852982259,24.563945455468907,3,0,0,2,45,7670.6860685663505,6590.8383186011815,8591.68560014509
2024-03-12 03:00:00,8754.53,24.497,3,0,0,3,0,8284.25852982259,6847.27,8558.19
2024-03-12 03:15:00,8964.563821771553,24.412868548675387,3,0,0,3,15,8754.53,7264.740136992925,8577.765549103016
2024-03-12 03:30:00,8977.728535684691,24.31420714675757,3,0,0,3,30,8964.563821771553,7728.770895505538,8637.864908163821
2024-03-12 03:45:00,8902.468981755486,24.205942171460983,3,0,0,3,45,8977.728535684691,8100.77370626538,8716.714313142711
2024-03-12 04:00:00,8847.23,24.093000000000004,3,0,0,4,0,8902.468981755486,8242.16,8792.54
2024-03-12 04:15:00,8888.575077386857,23.984041589326548,3,0,0,4,15,8847.23,8070.302322761359,8847.495387736319
2024-03-12 04:30:00,8975.542288694887,23.902666215342485,3,0,0,4,30,8888.575077386857,7726.417681899105,8879.442627513588
2024-03-12 04:45:00,9025.288355655472,23.87620773368718,3,0,0,4,45,8975.542288694887,7407.6842000872975,8890.171053534068
2024-03-12 05:00:00,8954.97,23.932,3,0,0,5,0,9025.288355655472,7311.28,8881.47
2024-03-12 05:15:00,8714.023524931017,24.08941821901844,3,0,0,5,15,8954.97,7574.042759461631,8860.340087451714
2024-03-12 05:30:00,8381.003559535757,24.33600299187249,3,0,0,5,30,8714.023524931017,8091.448376898041,8854.62708178182
2024-03-12 05:45:00,8066.744314372619,24.6513362687903,3,0,0,5,45,8381.003559535757,8698.632305885429,8897.38803522102
2024-03-12 06:00:00,7882.08,25.015,3,0,0,6,0,8066.744314372619,9230.73,9021.68
2024-03-12 06:15:00,7909.494572889068,25.41053553459972,3,0,0,6,15,7882.08,9559.197264392113,9244.838168706832
2024-03-12 06:30:00,8118.070973162076,25.83732181716755,3,0,0,6,30,7909.494572889068,9700.771310508731,9521.310295359122
2024-03-12 06:45:00,8448.541886854047,26.29869719115161,3,0,0,6,45,8118.070973162076,9708.50970137099,9789.82227433185
2024-03-12 07:00:00,8841.64,26.798,3,0,0,7,0,8448.541886854047,9635.47,9989.1
2024-03-12 07:15:00,9245.010058512706,27.336049017582702,3,0,0,7,15,8841.64,9538.12458921992,10081.936925220956
2024-03-12 07:30:00,9633.945047815932,27.903584739457305,3,0,0,7,30,9245.010058512706,9486.605131067025,10127.396736781691
2024-03-12 07:45:00,9990.650013211192,28.48882809160325,3,0,0,7,45,9633.945047815932,9554.458107380617,10208.610679951584
2024-03-12 08:00:00,10297.33,29.08,3,0,0,8,0,9990.650013211192,9815.23,10408.71
2024-03-12 08:15:00,10545.739568060104,29.667502770069444,3,0,0,8,15,10297.33,10309.908441228206,10781.402567909336
2024-03-12 08:30:00,10765.831335574194,30.250464225003217,3,0,0,8,30,10545.739568060104,10949.245665223169,11262.702757514102
2024-03-12 08:45:00,10997.107435301186,30.83019356743538,3,0,0,8,45,10765.831335574194,11611.435056606548,11759.201568361816
2024-03-12 09:00:00,11279.07,31.408,3,0,0,9,0,10997.107435301186,12174.67,12177.49
2024-03-12 09:15:00,11632.96791924687,31.983330527139515,3,0,0,9,15,11279.07,12541.292895867253,12445.305146891684
2024-03-12 09:30:00,12007.03710988729,32.54818336052983,3,0,0,9,30,11632.96791924687,12710.242208040296,12574.968483161896
2024-03-12 09:45:00,12331.260245584064,33.09269451365523,3,0,0,9,45,12007.03710988729,12704.605416193192,12599.947577851157
2024-03-12 10:00:00,12535.62,33.607,3,0,0,10,0,12331.260245584064,12547.47,12553.71
2024-03-12 10:15:00,12568.524379952414,34.082784496372504,3,0,0,10,15,12535.62,12276.998569052786,12472.191532023922
2024-03-12 10:30:00,12452.08272487665,34.51792733287746,3,0,0,10,30,12568.524379952414,11991.654252615645,12401.200809838316
2024-03-12 10:45:00,12226.82970736256,34.9118565029437,3,0,0,10,45,12452.08272487665,11804.975309870682,12389.014682733554
2024-03-12 11:00:00,11933.3,35.264,3,0,0,11,0,12226.82970736256,11830.5,12483.91
2024-03-12 11:15:00,11613.912060943472,35.57465648737048,3,0,0,11,15,11933.3,12128.507671671605,12700.975600012627
2024-03-12 11:30:00,11318.619490606108,35.84760730796032,3,0,0,11,30,11613.912060943472,12546.242031497117,12922.54827748484
2024-03-12 11:45:00,11099.25967496569,36.08750447457,3,0,0,11,45,11318.619490606108,12877.687875574074,12997.776816214628
2024-03-12 12:00:00,11007.67,36.299,3,0,0,12,0,11099.25967496569,12916.83,12775.81
2024-03-12 12:15:00,11078.494876273691,36.48268330414561,3,0,0,12,15,11007.67,12525.3687130108,12176.123255425558
2024-03-12 12:30:00,11277.606812698914,36.62289343528128,3,0,0,12,30,11078.494876273691,11835.86637139588,11399.498580222333
2024-03-12 12:45:00,11553.685342774676,36.69990684877633,3,0,0,12,45,11277.606812698914,11048.60084408302,10717.044614907938
2024-03-12 13:00:00,11855.41,36.694,3,0,0,13,0,11553.685342774676,10363.85,10399.87
2024-03-12 13:15:00,12137.276558961752,36.59476654604711,3,0,0,13,15,11855.41,9941.853413785191,10631.45794078513
2024-03-12 13:30:00,12377.04575859824,36.42906895091455,3,0,0,13,30,12137.276558961752,9782.697482919357,11244.78990162584
2024-03-12 13:45:00,12558.2945789356,36.2330868803247,3,0,0,13,45,12377.04575859824,9846.430310593843,11985.221911653633
2024-03-12 14:00:00,12664.6,36.04299999999999,3,0,0,14,0,12558.2945789356,10093.1,12598.11
2024-03-12 14:15:00,12683.765606629288,35.884781761665934,3,0,0,14,15,12664.6,10475.667163098427,12882.163575183926
2024-03-12 14:30:00,12620.501402908138,35.743580761060514,3,0,0,14,30,12683.765606629288,10918.742446926695,12849.505563274311
2024-03-12 14:45:00,12483.743997732916,35.59433937992484,3,0,0,14,45,12620.501402908138,11339.849007291614,12565.61226972754
2024-03-12 15:00:00,12282.43,35.412,3,0,0,15,0,12483.743997732916,11656.51,12095.96
2024-03-12 15:15:00,12029.387889521093,35.17609078228912,3,0,0,15,15,12282.43,11799.792777571098,11510.741039729168
2024-03-12 15:30:00,11753.01362976922,34.88448300484337,3,0,0,15,30,12029.387889521093,11754.941479373869,10899.011595276914
2024-03-12 15:45:00,11485.595055132737,34.53963372497593,3,0,0,15,45,11753.01362976922,11520.744441489704,10354.543853186202
2024-03-12 16:00:00,11259.42,34.144,3,0,0,16,0,11485.595055132737,11095.99,9971.11
2024-03-12 16:15:00,11092.446272786348,33.70205823417759,3,0,0,16,15,11259.42,10498.624539117189,9808.433359649402
2024-03-12 16:30:00,10945.311578014996,33.22636221956602,3,0,0,16,30,11092.446272786348,9823.22663557784,9790.041805618035
2024-03-12 16:45:00,10764.32359423615,32.73148509517144,3,0,0,16,45,10945.311578014996,9183.532914249574,9805.41434877765
2024-03-12 17:00:00,10495.79,32.232,3,0,0,17,0,10764.32359423615,8693.28,9744.03
2024-03-12 17:15:00,10107.455769333528,31.74194190600052,3,0,0,17,15,10495.79,8433.257972210156,9530.989740423222
2024-03-12 17:30:00,9652.8150581708,31.273193116892543,3,0,0,17,30,10107.455769333528,8352.47072831477,9233.882432250952
2024-03-12 17:45:00,9206.799317922676,30.8370977693383,3,0,0,17,45,9652.8150581708,8366.975620262003,8955.918907953208
2024-03-12 18:00:00,8844.34,30.445,3,0,0,18,0,9206.799317922676,8392.83,8800.31
2024-03-12 18:15:00,8625.07283737955,30.10350226682033,3,0,0,18,15,8844.34,8368.825915792191,8833.45986615771
2024-03-12 18:30:00,8547.4506893018,29.8002403128638,3,0,0,18,30,8625.07283737955,8324.694201163076,8974.545965378158
2024-03-12 18:45:00,8594.63069657315,29.518108202475364,3,0,0,18,45,8547.4506893018,8312.900385952422,9105.939081909526
2024-03-12 19:00:00,8749.77,29.24,3,0,0,19,0,8594.63069657315,8385.91,9110.01
2024-03-12 19:15:00,8982.177724898276,28.95448652671815,3,0,0,19,15,8749.77,8573.966333371078,8913.94782619594
2024-03-12 19:30:00,9205.770934621998,28.67284563165225,3,0,0,19,30,8982.177724898276,8818.423717032929,8624.21495623642
2024-03-12 19:45:00,9320.618677034725,28.412031920760228,3,0,0,19,45,9205.770934621998,9038.41424217831,8392.092108158688
2024-03-12 20:00:00,9226.79,28.189,3,0,0,20,0,9320.618677034725,9153.07,8368.86
2024-03-12 20:15:00,8875.003294277356,28.014942251307065,3,0,0,20,15,9226.79,9107.307969473492,8644.431954058535
2024-03-12 20:30:00,8418.57432221021,27.878002160527185,3,0,0,20,30,8875.003294277356,8949.184680705215,9063.251709676171
2024-03-12 20:45:00,8061.468189037961,27.760560989483714,3,0,0,20,45,8418.57432221021,8752.541551584332,9408.395610455726
2024-03-12 21:00:00,8007.65,27.645,3,0,0,21,0,8061.468189037961,8591.22,9462.94
2024-03-12 21:15:00,8380.898629242303,27.51765071805361,3,0,0,21,15,8007.65,8524.48350748495,9091.126857569929
2024-03-12 21:30:00,8984.248026537161,27.380645726239003,3,0,0,21,30,8380.898629242303,8553.283810146208,8481.860705058894
2024-03-12 21:45:00,9540.545910563436,27.240067871304905,3,0,0,21,45,8984.248026537161,8663.99470773436,7905.211700018417
2024-03-12 22:00:00,9772.64,27.102,3,0,0,22,0,9540.545910563436,8842.99,7631.25
2024-03-12 22:15:00,9487.361407503427,26.971220501478527,3,0,0,22,15,9772.64,9062.410344336697,7844.531709411763
2024-03-12 22:30:00,8827.474821641144,26.847289934516805,3,0,0,22,30,9487.361407503427,9237.463828709946,8387.55672008825
2024-03-12 22:45:00,8019.72832495829,26.728464400296684,3,0,0,22,45,8827.474821641144,9269.125398728223,9017.310870720612
2024-03-12 23:00:00,7290.87,26.613,3,0,0,23,0,8019.72832495829,9058.37,9490.78
2024-03-12 23:15:00,6825.534178243985,26.499639151032287,3,0,0,23,15,7290.87,8552.071521418262,9628.806617283024
2024-03-12 23:30:00,6639.900186898256,26.38906953569377,3,0,0,23,30,6825.534178243985,7880.699625014008,9507.659914588112
2024-03-12 23:45:00,6708.033602103399,26.28246515250837,3,0,0,23,45,6639.900186898256,7220.622916102751,9267.46575459914
2024-03-13 00:00:00,7004.0,26.181,3,0,0,0,0,6708.033602103399,6748.21,9048.35
2024-03-13 00:15:00,7485.573754520632,26.085051019392328,3,0,0,0,15,7004.0,6586.68356999026,8955.736352706144
2024-03-13 00:30:00,8045.364430765828,25.991806922708093,3,0,0,0,30,7485.573754520632,6646.682671234021,8956.239871559315
2024-03-13 00:45:00,8559.69039162811,25.897659364669817,3,0,0,0,45,8045.364430765828,6785.700436860772,8981.77345463283
2024-03-13 01:00:00,8904.87,25.799000000000003,3,0,0,1,0,8559.69039162811,6861.23,8964.25
2024-03-13 01:15:00,8996.362834923488,25.693500521398423,3,0,0,1,15,8904.87,6777.379511120701,8855.8926593924
2024-03-13 01:30:00,8906.193340038433,25.58395277347386,3,0,0,1,30,8996.362834923488,6624.717190049906,8690.16559917463
2024-03-13 01:45:00,8745.52717513416,25.47442863881237,3,0,0,1,45,8906.193340038433,6540.426273954159,8520.843239369544
2024-03-13 02:00:00,8625.53,25.369,3,0,0,2,0,8745.52717513416,6661.69,8401.7
2024-03-13 02:15:00,8627.738812035419,25.271056270014,3,0,0,2,15,8625.53,7075.8255730269375,8371.736134724255
2024-03-13 02:30:00,8715.175959080445,25.181256983396462,3,0,0,2,30,8627.738812035419,7670.6860685663505,8410.855231742169
2024-03-13 02:45:00,8821.235126585249,25.09957920508069,3,0,0,2,45,8715.175959080445,8284.25852982259,8484.186712888997
2024-03-13 03:00:00,8879.31,25.026,3,0,0,3,0,8821.235126585249,8754.53,8556.86
2024-03-13 03:15:00,8844.298010684837,24.958899398545583,3,0,0,3,15,8879.31,8964.563821771553,8602.272957960578
2024-03-13 03:30:00,8757.111573639788,24.89026929294028,3,0,0,3,30,8844.298010684837,8977.728535684691,8626.8972238567
2024-03-13 03:45:00,8680.166849774843,24.81050454086484,3,0,0,3,45,8757.111573639788,8902.468981755486,8645.472877824472
2024-03-13 04:00:00,8675.88,24.71,3,0,0,4,0,8680.166849774843,8847.23,8672.74
2024-03-13 04:15:00,8785.281176475228,24.59037738580368,3,0,0,4,15,8675.88,8888.575077386857,8718.780158433428
2024-03-13 04:30:00,8963.856496360402,24.498165844842408,3,0,0,4,30,8785.281176475228,8975.542288694887,8775.040872831034
2024-03-13 04:45:00,9145.706068065376,24.49112138145994,3,0,0,4,45,8963.856496360402,9025.288355655472,8828.311150813119
2024-03-13 05:00:00,9264.93,24.626999999999995,3,0,0,5,0,9145.706068065376,8954.97,8865.38
2024-03-13 05:15:00,9274.611658414253,24.941497308239725,3,0,0,5,15,9264.93,8714.023524931017,8880.414220805702
2024-03-13 05:30:00,9203.767440918606,25.38206732769006,3,0,0,5,30,9274.611658414253,8381.003559535757,8897.091784819162
2024-03-13 05:45:00,9100.397002963657,25.87410368329536,3,0,0,5,45,9203.767440918606,8066.744314372619,8946.468456423045
2024-03-13 06:00:00,9012.5,26.343,3,0,0,6,0,9100.397002963657,7882.08,9059.6
2024-03-13 06:15:00,8977.487033617765,26.73418025623741,3,0,0,6,15,9012.5,7909.494572889068,9253.556864593762
2024-03-13 06:30:00,8990.41248996518,27.073189844397334,3,0,0,6,30,8977.487033617765,8118.070973162076,9489.468237892312
2024-03-13 06:45:00,9035.741701330006,27.4056045103586,3,0,0,6,45,8990.41248996518,8448.541886854047,9714.477992244709
2024-03-13 07:00:00,9097.94,27.777,3,0,0,7,0,9035.741701330006,8841.64,9875.73
2024-03-13 07:15:00,9171.251613364691,28.22206291681064,3,0,0,7,15,9097.94,9245.010058512706,9940.458164569254
2024-03-13 07:30:00,9289.036349220676,28.7319232947206,3,0,0,7,30,9171.251613364691,9633.945047815932,9956.256513611588
2024-03-13 07:45:00,9494.432910466325,29.286822025270265,3,0,0,7,45,9289.036349220676,9990.650013211192,9990.809105848124
2024-03-13 08:00:00,9830.58,29.867,3,0,0,8,0,9494.432910466325,10297.33,10111.8
2024-03-13 08:15:00,10314.778856673474,30.45427120152005,3,0,0,8,15,9830.58,10545.739568060104,10362.79532087922
2024-03-13 08:30:00,10860.980863152114,31.03674197672027,3,0,0,8,30,10314.778856673474,10765.831335574194,10690.889457661337
2024-03-13 08:45:00,11357.2999380547,31.604091763560344,3,0,0,8,45,10860.980863152114,10997.107435301186,11019.058865612787
2024-03-13 09:00:00,11691.85,32.146,3,0,0,9,0,11357.2999380547,11279.07,11270.28
2024-03-13 09:15:00,11789.938272441415,32.65397727710913,3,0,0,9,15,11691.85,11632.96791924687,11395.319458163864
2024-03-13 09:30:00,11725.645198170863,33.12685879839833,3,0,0,9,30,11789.938272441415,12007.03710988729,11456.10440574306
2024-03-13 09:45:00,11610.244524814878,33.565310920488365,3,0,0,9,45,11725.645198170863,12331.260245584064,11542.352150450728
2024-03-13 10:00:00,11555.01,33.97,3,0,0,10,0,11610.244524814878,12535.62,11743.78
2024-03-13 10:15:00,11643.451647310858,34.341288440043414,3,0,0,10,15,11555.01,12568.524379952414,12109.894658965331
2024-03-13 10:30:00,11848.024594164432,34.678322829686415,3,0,0,10,30,11643.451647310858,12452.08272487665,12529.360419366429
2024-03-13 10:45:00,12113.420243935789,34.9799458044862,3,0,0,10,45,11848.024594164432,12226.82970736256,12850.630970084309
2024-03-13 11:00:00,12384.33,35.245,3,0,0,11,0,12113.420243935789,11933.3,12922.16
2024-03-13 11:15:00,12608.753263315151,35.47346271271719,3,0,0,11,15,12384.33,11613.912060943472,12645.498937224813
2024-03-13 11:30:00,12747.921425171411,35.669849882856,3,0,0,11,30,12608.753263315151,11318.619490606108,12134.590166791231
2024-03-13 11:45:00,12766.373874441966,35.8398121115668,3,0,0,11,45,12747.921425171411,11099.25967496569,11556.473812962038
2024-03-13 12:00:00,12628.65,35.989000000000004,3,0,0,12,0,12766.373874441966,11007.67,11078.19
2024-03-13 12:15:00,12317.421549428533,36.1202200840878,3,0,0,12,15,12628.65,11078.494876273691,10824.390529635411
2024-03-13 12:30:00,11887.88970514992,36.22490263888958,3,0,0,12,30,12317.421549428533,11277.606812698914,10750.173913468636
2024-03-13 12:45:00,11413.388008296344,36.291633874246585,3,0,0,12,45,11887.88970514992,11553.685342774676,10768.25034056754
2024-03-13 13:00:00,10967.25,36.309000000000005,3,0,0,13,0,11413.388008296344,11855.41,10791.33
2024-03-13 13:15:00,10618.771945220717,36.26917257593165,3,0,0,13,15,10967.25,12137.276558961752,10751.336912983534
2024-03-13 13:30:00,10421.101004228907,36.17866456158568,3,0,0,13,30,10618.771945220717,12377.04575859824,10657.050429334226
2024-03-13 13:45:00,10423.347061122651,36.04757426644689,3,0,0,13,45,10421.101004228907,12558.2945789356,10536.463731017804
2024-03-13 14:00:00,10674.62,35.886,3,0,0,14,0,10423.347061122651,12664.6,10417.57
2024-03-13 14:15:00,11181.866919688608,35.70240211218564,3,0,0,14,15,10674.62,12683.765606629288,10327.958068430453
2024-03-13 14:30:00,11783.38377793444,35.498689114767686,3,0,0,14,30,11181.866919688608,12620.501402908138,10293.599369194464
2024-03-13 14:45:00,12275.303747213056,35.2751315599659,3,0,0,14,45,11783.38377793444,12483.743997732916,10340.06098536124
2024-03-13 15:00:00,12453.76,35.032000000000004,3,0,0,15,0,12275.303747213056,12282.43,10492.91
2024-03-13 15:15:00,12184.304282274858,34.76932835032584,3,0,0,15,15,12453.76,12029.387889521093,10756.754563294651
2024-03-13 15:30:00,11610.162634033331,34.486203979343586,3,0,0,15,30,12184.304282274858,11753.01362976922,11052.36709388792
2024-03-13 15:45:00,10943.979668775131,34.18147761868955,3,0,0,15,45,11610.162634033331,11485.595055132737,11279.561077537228
2024-03-13 16:00:00,10398.4,33.854,3,0,0,16,0,10943.979668775131,11259.42,11338.15
2024-03-13 16:15:00,10129.428763711956,33.50198761151103,3,0,0,16,15,10398.4,11092.446272786348,11159.855240890936
2024-03-13 16:30:00,10066.51318593224,33.121119967857965,3,0,0,16,30,10129.428763711956,10945.311578014996,10804.029755253852
2024-03-13 16:45:00,10082.461015186407,32.706442340275906,3,0,0,16,45,10066.51318593224,10764.32359423615,10361.934391989844
2024-03-13 17:00:00,10050.08,32.253,3,0,0,17,0,10082.461015186407,10495.79,9924.83
2024-03-13 17:15:00,9877.36628787732,31.76247120363003,3,0,0,17,15,10050.08,10107.455769333528,9566.338848141602
2024-03-13 17:30:00,9613.069622237705,31.26306614922456,3,0,0,17,30,9877.36628787732,9652.8150581708,9289.52888509667
2024-03-13 17:45:00,9341.128145479232,30.7896280202068,3,0,0,17,45,9613.069622237705,9206.799317922676,9079.829479503402
2024-03-13 18:00:00,9145.48,30.376999999999995,3,0,0,18,0,9341.128145479232,8844.34,8922.67
2024-03-13 18:15:00,9086.564834778756,30.05047132396883,3,0,0,18,15,9145.48,8625.07283737955,8806.833585292652
2024-03-13 18:30:00,9130.82832511694,29.7971154352438,3,0,0,18,30,9086.564834778756,8547.4506893018,8734.51845435947
2024-03-13 18:45:00,9221.217652896654,29.594451828896872,3,0,0,18,45,9130.82832511694,8594.63069657315,8711.276596246555
2024-03-13 19:00:00,9300.68,29.42,3,0,0,19,0,9221.217652896654,8749.77,8742.66
2024-03-13 19:15:00,9324.878904257646,29.25450287549464,3,0,0,19,15,9300.68,8982.177724898276,8828.556966937791
2024-03-13 19:30:00,9300.343327294526,29.09159710980024,3,0,0,19,30,9324.878904257646,9205.770934621998,8946.20104746545
2024-03-13 19:45:00,9246.318586684143,28.928142789205708,3,0,0,19,45,9300.343327294526,9320.618677034725,9067.162104260384
2024-03-13 20:00:00,9182.05,28.761,3,0,0,20,0,9246.318586684143,9226.79,9163.01
2024-03-13 20:15:00,9128.357673190658,28.588251549052607,3,0,0,20,15,9182.05,8875.003294277356,9206.664484456183
2024-03-13 20:30:00,9112.36086570495,28.412871125555267,3,0,0,20,30,9128.357673190658,8418.57432221021,9176.444855778733
2024-03-13 20:45:00,9162.753625366766,28.2390551392803,3,0,0,20,45,9112.36086570495,8061.468189037961,9052.020299211916
2024-03-13 21:00:00,9308.23,28.071,3,0,0,21,0,9162.753625366766,8007.65,8813.06
2024-03-13 21:15:00,9551.66524672972,27.91213155329494,3,0,0,21,15,9308.23,8380.898629242303,8459.861345237467
2024-03-13 21:30:00,9792.659459885674,27.762793387978697,3,0,0,21,30,9551.66524672972,8984.248026537161,8075.234529419619
2024-03-13 21:45:00,9904.993943098792,27.622558528673107,3,0,0,21,45,9792.659459885674,9540.545910563436,7762.617948891961
2024-03-13 22:00:00,9762.45,27.491,3,0,0,22,0,9904.993943098792,9772.64,7625.45
2024-03-13 22:15:00,9289.22383989047,27.36720661276764,3,0,0,22,15,9762.45,9487.361407503427,7732.869665843944
2024-03-13 22:30:00,8611.171294752356,27.248330322529952,3,0,0,22,30,9289.22383989047,8827.474821641144,8016.818276542791
2024-03-13 22:45:00,7904.563102238065,27.13103887102729,3,0,0,22,45,8611.171294752356,8019.72832495829,8374.937748970244
2024-03-13 23:00:00,7345.67,27.012,3,0,0,23,0,7904.563102238065,7290.87,8704.87
2024-03-13 23:15:00,7063.354081208409,26.889135745634505,3,0,0,23,15,7345.67,6825.534178243985,8918.60233513676
2024-03-13 23:30:00,6996.842861104908,26.76538532190149,3,0,0,23,30,7063.354081208409,6639.900186898256,8985.503614409217
2024-03-13 23:45:00,7037.955210448952,26.64494223721774,3,0,0,23,45,6996.842861104908,6708.033602103399,8889.288086477067
2024-03-14 00:00:00,7078.51,26.532000000000004,3,0,0,0,0,7037.955210448952,7004.0,8613.67
2024-03-14 00:15:00,7042.703585275895,26.42957852969436,3,0,0,0,15,7078.51,7485.573754520632,8169.877399859017
2024-03-14 00:30:00,6984.242260828015,26.336003389864075,3,0,0,0,30,7042.703585275895,8045.364430765828,7679.19351582034
2024-03-14 00:45:00,6989.209805966129,26.24842655510176,3,0,0,0,45,6984.242260828015,8559.69039162811,7290.415373871493
2024-03-14 01:00:00,7143.69,26.164,3,0,0,1,0,6989.209805966129,8904.87,7152.34
2024-03-14 01:15:00,7500.556421438012,26.0802220105881,3,0,0,1,15,7143.69,8996.362834923488,7354.528377927169
2024-03-14 01:30:00,7979.84184558303,25.99597611864221,3,0,0,1,30,7500.556421438012,8906.193340038433,7749.597322309421
2024-03-14 01:45:00,8468.368846936532,25.910492167375228,3,0,0,1,45,7979.84184558303,8745.52717513416,8130.927605536963
2024-03-14 02:00:00,8852.96,25.823,3,0,0,2,0,8468.368846936532,8625.53,8291.9
2024-03-14 02:15:00,9044.319322722053,25.73343967795326,3,0,0,2,15,8852.96,8627.738812035419,8094.719088432309
2024-03-14 02:30:00,9048.676606839865,25.64459213556708,3,0,0,2,30,9044.319322722053,8715.175959080445,7676.884694941975
2024-03-14 02:45:00,8896.143087537743,25.55994852539735,3,0,0,2,45,9048.676606839865,8821.235126585249,7244.720453980653
2024-03-14 03:00:00,8616.83,25.483,3,0,0,3,0,8896.143087537743,8879.31,7004.55
2024-03-14 03:15:00,8246.877225173774,25.41467552759887,3,0,0,3,15,8616.83,8844.298010684837,7104.201987093592
2024-03-14 03:30:00,7846.539227057516,25.3456553390895,3,0,0,3,30,8246.877225173774,8757.111573639788,7457.52514792268
2024-03-14 03:45:00,7482.099115412499,25.264057481035383,3,0,0,3,45,7846.539227057516,8680.166849774843,7919.873234790426
2024-03-14 04:00:00,7219.84,25.158,3,0,0,4,0,7482.099115412499,8675.88,8346.6
2024-03-14 04:15:00,7113.969432832848,25.02376446165128,3,0,0,4,15,7219.84,8785.281176475228,8627.397963193322
2024-03-14 04:30:00,7170.392734930074,24.89028650807493,3,0,0,4,30,7113.969432832848,8963.856496360402,8789.314713367308
2024-03-14 04:45:00,7382.939669562263,24.79466530046112,3,0,0,4,45,7170.392734930074,9145.706068065376,8893.736606857643
2024-03-14 05:00:00,7745.44,24.774,3,0,0,5,0,7382.939669562263,9264.93,9002.05
2024-03-14 05:15:00,8236.139105994835,24.85770412579604,3,0,0,5,15,7745.44,9274.611658414253,9155.892722633129
2024-03-14 05:30:00,8770.944833222187,25.04444862861079,3,0,0,5,30,8236.139105994835,9203.767440918606,9317.908498608083
2024-03-14 05:45:00,9250.180643838446,25.32521881712016,3,0,0,5,45,8770.944833222187,9100.397002963657,9430.992525278998
2024-03-14 06:00:00,9574.17,25.690999999999995,3,0,0,6,0,9250.180643838446,9012.5,9438.04
2024-03-14 06:15:00,9674.516330687817,26.130934660164595,3,0,0,6,15,9574.17,8977.487033617765,9307.46849002417
2024-03-14 06:30:00,9607.942932181177,26.626793977481896,3,0,0,6,30,9674.516330687817,8990.41248996518,9109.785042200358
2024-03-14 06:45:00,9462.453067583943,27.158506306058246,3,0,0,6,45,9607.942932181177,9035.741701330006,8941.019073276366
2024-03-14 07:00:00,9326.05,27.706,3,0,0,7,0,9462.453067583943,9097.94,8897.2
2024-03-14 07:15:00,9275.367446253911,28.252541608545567,3,0,0,7,15,9326.05,9171.251613364691,9047.639411020202
2024-03-14 07:30:00,9341.560938053117,28.794750461461607,3,0,0,7,30,9275.367446253911,9289.036349220676,9354.777582590494
2024-03-14 07:45:00,9544.416460825762,29.332584083646847,3,0,0,7,45,9341.560938053117,9494.432910466325,9754.336962865536
2024-03-14 08:00:00,9903.72,29.866,3,0,0,8,0,9544.416460825762,9830.58,10182.04
2024-03-14 08:15:00,10420.80341554654,30.39549265565313,3,0,0,8,15,9903.72,10314.778856673474,10580.497615895029
2024-03-14 08:30:00,11023.182065606365,30.923704176671663,3,0,0,8,30,10420.80341554654,10860.980863152114,10919.874627437675
2024-03-14 08:45:00,11619.917182863004,31.45381360935437,3,0,0,8,45,11023.182065606365,11357.2999380547,11177.224325261488
2024-03-14 09:00:00,12120.07,31.989,3,0,0,9,0,11619.917182863004,11691.85,11329.6
2024-03-14 09:15:00,12451.283266559918,32.52861276884191,3,0,0,9,15,12120.07,11789.938272441415,11364.327781649696
2024-03-14 09:30:00,12615.525799521429,33.056682831851724,3,0,0,9,30,12451.283266559918,11725.645198170863,11309.825157658808
2024-03-14 09:45:00,12633.34793272222,33.55341147893569,3,0,0,9,45,12615.525799521429,11610.244524814878,11204.78245483852
2024-03-14 10:00:00,12525.3,33.999,3,0,0,10,0,12633.34793272222,11555.01,11087.89
2024-03-14 10:15:00,12321.701330713786,34.380228143979245,3,0,0,10,15,12525.3,11643.451647310858,10988.835788756192
2024-03-14 10:30:00,12091.947236307928,34.71018949592142,3,0,0,10,30,12321.701330713786,11848.024594164432,10901.298491927088
2024-03-14 10:45:00,11915.202023748108,35.00855609990288,3,0,0,10,45,12091.947236307928,12113.420243935789,10809.95444913444
2024-03-14 11:00:00,11870.63,35.294999999999995,3,0,0,11,0,11915.202023748108,12384.33,10699.48
2024-03-14 11:15:00,12003.019535584936,35.58224028024111,3,0,0,11,15,11870.63,12608.753263315151,10570.33453207553
2024-03-14 11:30:00,12219.655255246857,35.85518418446259,3,0,0,11,30,12003.019535584936,12747.921425171411,10486.109624632834
2024-03-14 11:45:00,12393.445847285348,36.09178599645277,3,0,0,11,45,12219.655255246857,12766.373874441966,10526.17990487372
2024-03-14 12:00:00,12397.3,36.27,3,0,0,12,0,12393.445847285348,12628.65,10769.92
2024-03-14 12:15:00,12144.90990194646,36.37554511005629,3,0,0,12,15,12397.3,12317.421549428533,11247.245926691685
2024-03-14 12:30:00,11713.10174270464,36.42519876622822,3,0,0,12,30,12144.90990194646,11887.88970514992,11790.239259541571
2024-03-14 12:45:00,11219.4852121105,36.44350303928604,3,0,0,12,45,11713.10174270464,11413.388008296344,12181.522962620676
2024-03-14 13:00:00,10781.67,36.455,3,0,0,13,0,11219.4852121105,10967.25,12203.72
2024-03-14 13:15:00,10491.97835662921,36.47562615453373,3,0,0,13,15,10781.67,10618.771945220717,11728.723636157738
2024-03-14 13:30:00,10341.582773934577,36.48689575062452,3,0,0,13,30,10491.97835662921,10421.101004228907,10985.508337200872
2024-03-14 13:45:00,10296.368304272655,36.461717471403055,3,0,0,13,45,10341.582773934577,10423.347061122651,10292.318869643568
2024-03-14 14:00:00,10322.22,36.373,3,0,0,14,0,10296.368304272655,10674.62,9967.4
2024-03-14 14:15:00,10384.1210465367,36.20276277180877,3,0,0,14,15,10322.22,11181.866919688608,10226.470934927356
2024-03-14 14:30:00,10443.447161557046,35.96946823127366,3,0,0,14,30,10384.1210465367,11783.38377793444,10875.148641654934
2024-03-14 14:45:00,10460.67219579887,35.70068957510173,3,0,0,14,45,10443.447161557046,12275.303747213056,11616.524527555042
2024-03-14 15:00:00,10396.27,35.424,3,0,0,15,0,10460.67219579887,12453.76,12153.69
2024-03-14 15:15:00,10230.913238473988,35.15924463323119,3,0,0,15,15,10396.27,12184.304282274858,12265.374967882832
2024-03-14 15:30:00,10026.069829837235,34.8953563242808,3,0,0,15,30,10230.913238473988,11610.162634033331,12032.863346179394
2024-03-14 15:45:00,9863.406506281866,34.61353985319001,3,0,0,15,45,10026.069829837235,10943.979668775131,11613.07755138626
2024-03-14 16:00:00,9824.59,34.295,3,0,0,16,0,9863.406506281866,10398.4,11162.94
2024-03-14 16:15:00,9953.65787456735,33.92571182026647,3,0,0,16,15,9824.59,10129.428763711956,10805.27028729132
2024-03-14 16:30:00,10144.13101909401,33.51073147160313,3,0,0,16,30,9953.65787456735,10066.51318593224,10526.476723627497
2024-03-14 16:45:00,10251.901154073665,33.05988538713823,3,0,0,16,45,10144.13101909401,10082.461015186407,10278.864798149918
2024-03-14 17:00:00,10132.86,32.583,3,0,0,17,0,10251.901154073665,10050.08,10014.74
2024-03-14 17:15:00,9700.491982006615,32.09003308570294,3,0,0,17,15,10132.86,9877.36628787732,9703.886851701878
2024-03-14 17:30:00,9098.65234378673,31.59146778930668,3,0,0,17,30,9700.491982006615,9613.069622237705,9386.006009310631
2024-03-14 17:45:00,8528.789033673482,31.097918598257063,3,0,0,17,45,9098.65234378673,9341.128145479232,9118.277162264068
2024-03-14 18:00:00,8192.35,30.62,3,0,0,18,0,8528.789033673482,9145.48,8957.88
2024-03-14 18:15:00,8230.524041156195,30.16759333692175,3,0,0,18,15,8192.35,9086.564834778756,8941.90152465116
2024-03-14 18:30:00,8543.463355759071,29.74764737117017,3,0,0,18,30,8230.524041156195,9130.82832511694,9027.057989129977
2024-03-14 18:45:00,8971.060992482413,29.366377719833505,3,0,0,18,45,8543.463355759071,9221.217652896654,9149.972959043806
2024-03-14 19:00:00,9353.21,29.03,3,0,0,19,0,8971.060992482413,9300.68,9247.27
2024-03-14 19:15:00,9563.309665868604,28.741484191610056,3,0,0,19,15,9353.21,9324.878904257646,9272.70533094348
2024-03-14 19:30:00,9608.78423317698,28.490817726012647,3,0,0,19,30,9563.309665868604,9300.343327294526,9248.56578416946
2024-03-14 19:45:00,9530.564183896866,28.26474239740892,3,0,0,19,45,9608.78423317698,9246.318586684143,9214.270845310704
2024-03-14 20:00:00,9369.58,28.05,3,0,0,20,0,9530.564183896866,9182.05,9209.24
2024-03-14 20:15:00,9169.35245161938,27.83651677163804,3,0,0,20,15,9369.58,9128.357673190658,9261.674339074914
2024-03-14 20:30:00,8983.763461533006,27.62695672477924,3,0,0,20,30,9169.35245161938,9112.36086570495,9354.901374192192
2024-03-14 20:45:00,8869.28524068013,27.427168315530817,3,0,0,20,45,8983.763461533006,9162.753625366766,9461.030222213374
2024-03-14 21:00:00,8882.39,27.243,3,0,0,21,0,8869.28524068013,9308.23,9552.17
2024-03-14 21:15:00,9045.973965153868,27.078261221837803,3,0,0,21,15,8882.39,9551.66524672972,9598.038094006864
2024-03-14 21:30:00,9248.629420690988,26.92860537487041,3,0,0,21,30,9045.973965153868,9792.659459885674,9558.784969061771
2024-03-14 21:45:00,9345.372665882616,26.78764684046782,3,0,0,21,45,9248.629420690988,9904.993943098792,9392.169359585798
2024-03-14 22:00:00,9191.22,26.649,3,0,0,22,0,9345.372665882616,9762.45,9055.95
2024-03-14 22:15:00,8702.558719015145,26.50781334101076,3,0,0,22,15,9191.22,9289.22383989047,8539.054378647637
2024-03-14 22:30:00,8041.260105703035,26.36537177573912,3,0,0,22,30,8702.558719015145,8611.171294752356,7955.084999560719
2024-03-14 22:45:00,7430.566439539411,26.22449432259792,3,0,0,22,45,8041.260105703035,7904.563102238065,7448.81312069344
2024-03-14 23:00:00,7093.72,26.088,3,0,0,23,0,7430.566439539411,7345.67,7165.01
2024-03-14 23:15:00,7184.3727212855565,25.957766664119173,3,0,0,23,15,7093.72,7063.354081208409,7203.746422652587
2024-03-14 23:30:00,7577.81515649687,25.83190752217313,3,0,0,23,30,7184.3727212855565,6996.842861104908,7486.291282695355
2024-03-14 23:45:00,8079.74751345975,25.70759461914052,3,0,0,23,45,7577.81515649687,7037.955210448952,7889.213001390443
2024-03-15 00:00:00,8495.87,25.582,3,0,0,0,0,8079.74751345975,7078.51,8289.08
2024-03-15 00:15:00,8681.554458342633,25.454010627512545,3,0,0,0,15,8495.87,7042.703585275895,8580.537274492011
2024-03-15 00:30:00,8690.859268309485,25.32937313556837,3,0,0,0,30,8681.554458342633,6984.242260828015,8730.536119657861
2024-03-15 00:45:00,8627.514444121594,25.215549075840016,3,0,0,0,45,8690.859268309485,6989.209805966129,8724.10440499478
2024-03-15 01:00:00,8595.25,25.12,3,0,0,1,0,8627.514444121594,7143.69,8546.27
2024-03-15 01:15:00,8668.37053909391,25.04709707583064,3,0,0,1,15,8595.25,7500.556421438012,8199.038541879368
2024-03-15 01:30:00,8803.47902026519,24.98884993555337,3,0,0,1,30,8668.37053909391,7979.84184558303,7752.326738673201
2024-03-15 01:45:00,8927.752991303876,24.93417782749942,3,0,0,1,45,8803.47902026519,8468.368846936532,7293.029066130433
2024-03-15 02:00:00,8968.37,24.872,3,0,0,2,0,8927.752991303876,8852.96,6908.04
2024-03-15 02:15:00,8875.55822903173,24.79399169416489,3,0,0,2,15,8968.37,9044.319322722053,6670.419651740517
2024-03-15 02:30:00,8691.74840062976,24.70285212221814,3,0,0,2,30,8875.55822903173,9048.676606839865,6597.890675649335
2024-03-15 02:45:00,8482.421871912908,24.60403648916231,3,0,0,2,45,8691.74840062976,8896.143087537743,6694.3413617334845
2024-03-15 03:00:00,8313.06,24.503,3,0,0,3,0,8482.421871912908,8616.83,6963.66
2024-03-15 03:15:00,8236.572951029168,24.40190489750977,3,0,0,3,15,8313.06,8246.877225173774,7393.369569908562
2024-03-15 03:30:00,8255.586127215776,24.28974157557408,3,0,0,3,30,8236.572951029168,7846.539227057516,7905.531808729457
2024-03-15 03:45:00,8360.153739794498,24.152207465851344,3,0,0,3,45,8255.586127215776,7482.099115412499,8405.843143185624
2024-03-15 04:00:00,8540.33,23.975,3,0,0,4,0,8360.153739794498,7219.84,8800.0
2024-03-15 04:15:00,8774.363404351594,23.761294965796026,3,0,0,4,15,8540.33,7113.969432832848,9018.002381125236
2024-03-15 04:30:00,8993.279590507134,23.58418157548556,3,0,0,4,30,8774.363404351594,7170.392734930074,9087.064589432835
2024-03-15 04:45:00,9116.298481409103,23.53422739743232,3,0,0,4,45,8993.279590507134,7382.939669562263,9058.70450302402
2024-03-15 05:00:00,9062.64,23.702,3,0,0,5,0,9116.298481409103,7745.44,8984.44
2024-03-15 05:15:00,8792.387962814453,24.14154023930615,3,0,0,5,15,9062.64,8236.139105994835,8911.382780590497
2024-03-15 05:30:00,8429.081760755691,24.760782122483693,3,0,0,5,30,8792.387962814453,8770.944833222187,8869.019833539201
2024-03-15 05:45:00,8137.124678319083,25.431132944419385,3,0,0,5,45,8429.081760755691,9250.180643838446,8882.431969718307
2024-03-15 06:00:00,8080.92,26.024,3,0,0,6,0,8137.124678319083,9574.17,8976.7
2024-03-15 06:15:00,8368.663806890589,26.44576282697938,3,0,0,6,15,8080.92,9674.516330687817,9163.90477776278
2024-03-15 06:30:00,8883.723366470102,26.742689934579683,3,0,0,6,30,8368.663806890589,9607.942932181177,9404.127326410362
2024-03-15 06:45:00,9453.258742814563,26.996022074890146,3,0,0,6,45,8883.723366470102,9462.453067583943,9644.44871185276
2024-03-15 07:00:00,9904.43,27.287000000000003,3,0,0,7,0,9453.258742814563,9326.05,9831.95
2024-03-15 07:15:00,10113.971497123188,27.67764282777633,3,0,0,7,15,9904.43,9275.367446253911,9936.797639608383
2024-03-15 07:30:00,10156.914773363904,28.153083139197594,3,0,0,7,30,10113.971497123188,9341.560938053117,10021.499610819355
2024-03-15 07:45:00,10157.865662922664,28.67923188102005,3,0,0,7,45,10156.914773363904,9544.416460825762,10171.64927662065
2024-03-15 08:00:00,10241.43,29.222,3,0,0,8,0,10157.865662922664,9903.72,10472.84
2024-03-15 08:15:00,10495.527860866658,29.75149398691528,3,0,0,8,15,10241.43,10420.80341554654,10968.739663803692
2024-03-15 08:30:00,10861.336290074294,30.25460250862996,3,0,0,8,30,10495.527860866658,11023.182065606365,11535.31423031222
2024-03-15 08:45:00,11243.346574244775,30.722409776029657,3,0,0,8,45,10861.336290074294,11619.917182863004,12006.60418166464
2024-03-15 09:00:00,11546.05,31.146,3,0,0,9,0,11243.346574244775,12120.07,12216.65
2024-03-15 09:15:00,11702.839246910178,31.522412474562547,3,0,0,9,15,11546.05,12451.283266559918,12064.203548926856
2024-03-15 09:30:00,11762.71256633893,31.87250682628258,3,0,0,9,30,11702.839246910178,12615.525799521429,11706.86221793177
2024-03-15 09:45:00,11803.569602598216,32.22309776486133,3,0,0,9,45,11762.71256633893,12633.34793272222,11366.934777970797
2024-03-15 10:00:00,11903.31,32.601,3,0,0,10,0,11803.569602598216,12525.3,11266.73
2024-03-15 10:15:00,12113.819995242628,33.02274673983454,3,0,0,10,15,11903.31,12321.701330713786,11553.86629673888
2024-03-15 10:30:00,12382.932194569988,33.46374518623971,3,0,0,10,30,12113.819995242628,12091.947236307928,12077.200647960706
2024-03-15 10:45:00,12632.465796612354,33.889121039525044,3,0,0,10,45,12382.932194569988,11915.202023748108,12610.899675202174
2024-03-15 11:00:00,12784.24,34.264,3,0,0,11,0,12632.465796612354,11870.63,12929.13
2024-03-15 11:15:00,12783.662490869314,34.560553691099315,3,0,0,11,15,12784.24,12003.019535584936,12872.550639117617
2024-03-15 11:30:00,12670.49490538112,34.779137428758546,3,0,0,11,30,12783.662490869314,12219.655255246857,12547.790190225413
2024-03-15 11:45:00,12508.087367202372,34.92715245203851,3,0,0,11,45,12670.49490538112,12393.445847285348,12127.9696462205
2024-03-15 12:00:00,12359.79,35.012,3,0,0,12,0,12508.087367202372,12397.3,11786.21
2024-03-15 12:15:00,12272.782385030125,35.04117912076823,3,0,0,12,15,12359.79,12144.90990194646,11652.072240540649
2024-03-15 12:30:00,12229.561933905525,35.02258009872609,3,0,0,12,30,12272.782385030125,11713.10174270464,11680.877341137646
2024-03-15 12:45:00,12196.455515828166,34.96419102732091,3,0,0,12,45,12229.561933905525,11219.4852121105,11784.386271165824
2024-03-15 13:00:00,12139.79,34.874,3,0,0,13,0,12196.455515828166,10781.67,11874.36
2024-03-15 13:15:00,12041.0540627602,34.7592923258278,3,0,0,13,15,12139.79,10491.97835662921,11886.588992469797
2024-03-15 13:30:00,11942.38360899678,34.62454217633712,3,0,0,13,30,12041.0540627602,10341.582773934577,11852.981695224
2024-03-15 13:45:00,11901.076350734971,34.47352093867788,3,0,0,13,45,11942.38360899678,10296.368304272655,11829.476050366206
2024-03-15 14:00:00,11974.43,34.31,3,0,0,14,0,11901.076350734971,10322.22,11872.01
2024-03-15 14:15:00,12185.12292642908,34.13721407592059,3,0,0,14,15,11974.43,10384.1210465367,12012.813039580176
2024-03-15 14:30:00,12417.35613010736,33.95625119592545,3,0,0,14,30,12185.12292642908,10443.447161557046,12189.280877966352
2024-03-15 14:45:00,12520.711268731957,33.76766271796758,3,0,0,14,45,12417.35613010736,10460.67219579887,12315.10077736935
2024-03-15 15:00:00,12344.77,33.572,3,0,0,15,0,12520.711268731957,10396.27,12303.96
2024-03-15 15:15:00,11793.161887773476,33.36772637048987,3,0,0,15,15,12344.77,10230.913238473988,12101.0572867095
2024-03-15 15:30:00,10985.708120573783,33.1449530399611,3,0,0,15,30,11793.161887773476,10026.069829837235,11777.63729291059
2024-03-15 15:45:00,10096.277793087207,32.89170318945178,3,0,0,15,45,10985.708120573783,9863.406506281866,11436.456152656385
2024-03-15 16:00:00,9298.74,32.596000000000004,3,0,0,16,0,10096.277793087207,9824.59,11180.27
2024-03-15 16:15:00,8731.817647477024,32.251896067119944,3,0,0,16,15,9298.74,9953.65787456735,11075.945782331824
2024-03-15 16:30:00,8393.648887597496,31.877561644230155,3,0,0,16,30,8731.817647477024,10144.13101909401,11046.793700391292
2024-03-15 16:45:00,8247.22568391922,31.49719639922529,3,0,0,16,45,8393.648887597496,10251.901154073665,10980.234768255115
2024-03-15 17:00:00,8255.54,31.135,3,0,0,17,0,8247.22568391922,10132.86,10763.69
2024-03-15 17:15:00,8380.71049106843,30.808861236030378,3,0,0,17,15,8255.54,9700.491982006615,10326.827396463212
2024-03-15 17:30:00,8581.362579036233,30.511425383118294,3,0,0,17,30,8380.71049106843,9098.65234378673,9768.302905524248
2024-03-15 17:45:00,8815.24837748592,30.229026838647066,3,0,0,17,45,8581.362579036233,8528.789033673482,9229.019461823158
2024-03-15 18:00:00,9040.12,29.948,3,0,0,18,0,8815.24837748592,8192.35,8849.88
2024-03-15 18:15:00,9218.90195074926,29.65861211375855,3,0,0,18,15,9040.12,8230.524041156195,8729.974475565328
2024-03-15 18:30:00,9335.208296257577,29.36686182329668,3,0,0,18,30,9218.90195074926,8543.463355759071,8801.14092751172
2024-03-15 18:45:00,9377.825493637109,29.082680621186466,3,0,0,18,45,9335.208296257577,8971.060992482413,8953.40441570225
2024-03-15 19:00:00,9335.54,28.815999999999995,3,0,0,19,0,9377.825493637109,9353.21,9076.79
2024-03-15 19:15:00,9210.214518434534,28.574018433935407,3,0,0,19,15,9335.54,9563.309665868604,9090.190013775473
2024-03-15 19:30:00,9056.016735933465,28.353002323694994,3,0,0,19,30,9210.214518434534,9608.78423317698,9027.965884428872
2024-03-15 19:45:00,8940.190585465658,28.14648505160708,3,0,0,19,45,9056.016735933465,9530.564183896866,8953.346312867838
2024-03-15 20:00:00,8929.98,27.948,3,0,0,20,0,8940.190585465658,9369.58,8929.56
2024-03-15 20:15:00,9057.600288012603,27.752126650499804,3,0,0,20,15,8929.98,9169.35245161938,8993.962031832785
2024-03-15 20:30:00,9215.15226000857,27.55762888192335,3,0,0,20,30,9057.600288012603,8983.763461533006,9080.413034772791
2024-03-15 20:45:00,9259.708102000252,27.364316672385225,3,0,0,20,45,9215.15226000857,8869.28524068013,9096.9000203264
2024-03-15 21:00:00,9048.34,27.172,3,0,0,21,0,9259.708102000252,8882.39,8951.41
2024-03-15 21:15:00,8503.469485765057,26.980740589065388,3,0,0,21,15,9048.34,9045.973965153868,8594.304515143382
2024-03-15 21:30:00,7808.915474032255,26.79160714861161,3,0,0,21,30,8503.469485765057,9248.629420690988,8145.443226479961
2024-03-15 21:45:00,7213.846225283327,26.605920133852035,3,0,0,21,45,7808.915474032255,9345.372665882616,7767.06032457656
2024-03-15 22:00:00,6967.43,26.425,3,0,0,22,0,7213.846225283327,9191.22,7621.39
2024-03-15 22:15:00,7236.497706427172,26.25022349323864,3,0,0,22,15,6967.43,8702.558719015145,7813.988970093688
2024-03-15 22:30:00,7858.53084386241,26.083192523630185,3,0,0,22,30,7236.497706427172,8041.260105703035,8223.704059307365
2024-03-15 22:45:00,8588.67355936644,25.925565292206635,3,0,0,22,45,7858.53084386241,7430.566439539411,8672.704618867361
2024-03-15 23:00:00,9182.07,25.779,3,0,0,23,0,8588.67355936644,7093.72,8983.16
2024-03-15 23:15:00,9454.419532276252,25.64566231298005,3,0,0,23,15,9182.07,7184.3727212855565,9028.262885731869
2024-03-15 23:30:00,9463.642400518109,25.529747756867646,3,0,0,23,30,9454.419532276252,7577.81515649687,8885.299286290578
2024-03-15 23:45:00,9328.21406850091,25.43595932232142,3,0,0,23,45,9463.642400518109,8079.74751345975,8682.578543703998
2024-03-16 00:00:00,9166.61,25.369,3,0,1,0,0,9328.21406850091,8495.87,8548.41
2024-03-16 00:15:00,9073.202601967816,25.330752254841155,3,0,1,0,15,9166.61,8681.554458342633,8568.795580728838
2024-03-16 00:30:00,9045.95205406516,25.311816448899226,3,0,1,0,30,9073.202601967816,8690.859268309485,8660.507545530323
2024-03-16 00:45:00,9058.715479129924,25.29997241850768,3,0,1,0,45,9045.95205406516,8627.514444121594,8698.010737566645
2024-03-16 01:00:00,9085.35,25.283,3,0,1,1,0,9058.715479129924,8595.25,8555.77
2024-03-16 01:15:00,9102.997872352482,25.25117241765533,3,0,1,1,15,9085.35,8668.37053909391,8160.446978852775
2024-03-16 01:30:00,9101.941883221254,25.20473644753546,3,0,1,1,30,9102.997872352482,8803.47902026519,7647.490531588131
2024-03-16 01:45:00,9075.749952479397,25.146432253647863,3,0,1,1,45,9101.941883221254,8927.752991303876,7204.546318529421
2024-03-16 02:00:00,9017.99,25.079,3,0,1,2,0,9075.749952479397,8968.37,7019.26
2024-03-16 02:15:00,8926.34606487226,25.00591744953753,3,0,1,2,15,9017.99,8875.55822903173,7212.434003860062
2024-03-16 02:30:00,8814.966663049829,24.93361276095893,3,0,1,2,30,8926.34606487226,8691.74840062976,7637.497828117156
2024-03-16 02:45:00,8702.116429702486,24.86925169190086,3,0,1,2,45,8814.966663049829,8482.421871912908,8081.037738315673
2024-03-16 03:00:00,8606.06,24.82,3,0,1,3,0,8702.116429702486,8313.06,8329.64
2024-03-16 03:15:00,8543.321930658487,24.78979840919455,3,0,1,3,15,8606.06,8236.572951029168,8233.160443206978
2024-03-16 03:30:00,8523.46646457943,24.76968750862883,3,0,1,3,30,8543.321930658487,8255.586127215776,7894.533155943242
2024-03-16 03:45:00,8554.317766210657,24.747482853748696,3,0,1,3,45,8523.46646457943,8360.153739794498,7479.961790707888
2024-03-16 04:00:00,8643.7,24.711,3,0,1,4,0,8554.317766210657,8540.33,7155.65
2024-03-16 04:15:00,8791.984181243803,24.655920163684275,3,0,1,4,15,8643.7,8774.363404351594,7049.67078581203
2024-03-16 04:30:00,8969.728728632459,24.60938720452576,3,0,1,4,30,8791.984181243803,8993.279590507134,7137.574548109871
2024-03-16 04:45:00,9140.038911704887,24.60641064310436,3,0,1,4,45,8969.728728632459,9116.298481409103,7356.781036352777
2024-03-16 05:00:00,9266.02,24.682,3,0,1,5,0,9140.038911704887,9062.64,7644.71
2024-03-16 05:15:00,9320.694938116312,24.86253656106836,3,0,1,5,15,9266.02,8792.387962814453,7943.720944794902
2024-03-16 05:30:00,9316.75737089074,25.139888673268143,3,0,1,5,30,9320.694938116312,8429.081760755691,8215.93240161727
2024-03-16 05:45:00,9276.818618219795,25.497296448833865,3,0,1,5,45,9316.75737089074,8137.124678319083,8428.402657631006
2024-03-16 06:00:00,9223.49,25.918,3,0,1,6,0,9276.818618219795,8080.92,8548.19
2024-03-16 06:15:00,9174.59559754095,26.384808592042315,3,0,1,6,15,9223.49,8368.663806890589,8559.877935008364
2024-03-16 06:30:00,9128.81053780459,26.878808102401656,3,0,1,6,30,9174.59559754095,8883.723366470102,8518.150845421045
2024-03-16 06:45:00,9080.02270916593,27.38065356156018,3,0,1,6,45,9128.81053780459,9453.258742814563,8495.218333123205
2024-03-16 07:00:00,9022.12,27.871,3,0,1,7,0,9080.02270916593,9904.43,8563.29
2024-03-16 07:15:00,8957.68001546988,28.3359009457624,3,0,1,7,15,9022.12,10113.971497123188,8777.642783921645
2024-03-16 07:30:00,8924.039227890908,28.78300391712521,3,0,1,7,30,8957.68001546988,10156.914773363904,9125.82296669855
2024-03-16 07:45:00,8967.22382636648,29.225354929925416,3,0,1,7,45,8924.039227890908,10157.865662922664,9578.444166126184
2024-03-16 08:00:00,9133.26,29.676,3,0,1,8,0,8967.22382636648,10241.43,10106.12
2024-03-16 08:15:00,9449.77965307953,30.14341574990809,3,0,1,8,15,9133.26,10495.527860866658,10673.62546055506
2024-03-16 08:30:00,9870.837550631786,30.61780122909749,3,0,1,8,30,9449.77965307953,10861.336290074294,11222.381037784757
2024-03-16 08:45:00,10332.094172868148,31.084786093738145,3,0,1,8,45,9870.837550631786,11243.346574244775,11687.968596122077
2024-03-16 09:00:00,10769.21,31.53,3,0,1,9,0,10332.094172868148,11546.05,12005.97
2024-03-16 09:15:00,11129.859497212,31.942889179605224,3,0,1,9,15,10769.21,11702.839246910178,12135.285842608111
2024-03-16 09:30:00,11409.77306958195,32.32816616648483,3,0,1,9,30,11129.859497212,11762.71256633893,12128.091632162415
2024-03-16 09:45:00,11616.695107160926,32.69436007012201,3,0,1,9,45,11409.77306958195,11803.569602598216,12059.881605635514
2024-03-16 10:00:00,11758.37,33.05,3,0,1,10,0,11616.695107160926,11903.31,12006.15
2024-03-16 10:15:00,11843.933764322464,33.399386906671005,3,0,1,10,15,11758.37,12113.819995242628,12026.063044012482
2024-03-16 10:30:00,11888.088921040411,33.72990910496322,3,0,1,10,30,11843.933764322464,12382.932194569988,12113.474933565569
2024-03-16 10:45:00,11906.929617238156,34.02472675077383,3,0,1,10,45,11888.088921040411,12632.465796612354,12245.911856335872
2024-03-16 11:00:00,11916.55,34.267,3,0,1,11,0,11906.929617238156,12784.24,12400.9
2024-03-16 11:15:00,11933.719820498149,34.44436006871076,3,0,1,11,15,11916.55,12783.662490869314,12554.04385634196
2024-03-16 11:30:00,11977.911246256395,34.562322413662315,3,0,1,11,30,11933.719820498149,12670.49490538112,12673.261133575308
2024-03-16 11:45:00,12069.27204888645,34.63087355178271,3,0,1,11,45,11977.911246256395,12508.087367202372,12724.547844021004
2024-03-16 12:00:00,12227.95,34.660000000000004,3,0,1,12,0,12069.27204888645,12359.79,12673.9
2024-03-16 12:15:00,12448.86648493495,34.658516568485986,3,0,1,12,15,12227.95,12272.782385030125,12502.178561869683
2024-03-16 12:30:00,12626.037343933996,34.63055124038755,3,0,1,12,30,12448.86648493495,12229.561933905525,12249.704282133196
2024-03-16 12:45:00,12628.252030966043,34.57906029209534,3,0,1,12,45,12626.037343933996,12196.455515828166,11971.662861330107
2024-03-16 13:00:00,12324.3,34.507,3,0,1,13,0,12628.252030966043,12139.79,11723.24
2024-03-16 13:15:00,11652.87189601206,34.41715178234531,3,0,1,13,15,12324.3,12041.0540627602,11550.001896179305
2024-03-16 13:30:00,10832.263128007622,34.311597624787495,3,0,1,13,30,11652.87189601206,11942.38360899678,11459.036737891907
2024-03-16 13:45:00,10150.670295999373,34.192244654835946,3,0,1,13,45,10832.263128007622,11901.076350734971,11447.813210658556
2024-03-16 14:00:00,9896.29,34.061,3,0,1,14,0,10150.670295999373,11974.43,11513.8
2024-03-16 14:15:00,10255.716556016803,33.91984505213279,3,0,1,14,15,9896.29,12185.12292642908,11645.912134663096
2024-03-16 14:30:00,11009.135144035516,33.771058260462446,3,0,1,14,30,10255.716556016803,12417.35613010736,11798.85001629917
2024-03-16 14:45:00,11835.12866003647,33.61699233856088,3,0,1,14,45,11009.135144035516,12520.711268731957,11918.76038978566
2024-03-16 15:00:00,12412.28,33.459999999999994,3,0,1,15,0,11835.12866003647,12344.77,11951.79
2024-03-16 15:15:00,12505.354379920718,33.299702384123535,3,0,1,15,15,12412.28,11793.161887773476,11860.05206516831
2024-03-16 15:30:00,12223.846295850317,33.12479433336269,3,0,1,15,30,12505.354379920718,10985.708120573783,11669.525696911413
2024-03-16 15:45:00,11763.432563854756,32.9212391159205,3,0,1,15,45,12223.846295850317,10096.277793087207,11422.156480198808
2024-03-16 16:00:00,11319.79,32.675,3,0,1,16,0,11763.432563854756,9298.74,11159.89
2024-03-16 16:15:00,11038.052643050323,32.377673536373045,3,0,1,16,15,11319.79,8731.817647477024,10914.311635913664
2024-03-16 16:30:00,10861.183422563225,32.04338940608677,3,0,1,16,30,11038.052643050323,8393.648887597496,10675.56594605518
2024-03-16 16:45:00,10681.602490794512,31.691910572757106,3,0,1,16,45,10861.183422563225,8247.22568391922,10423.437283169107
2024-03-16 17:00:00,10391.73,31.343,3,0,1,17,0,10681.602490794512,8255.54,10137.71
2024-03-16 17:15:00,9925.750204127997,31.01157222038428,3,0,1,17,15,10391.73,8380.71049106843,9809.500453677032
2024-03-16 17:30:00,9384.903763896797,30.69314804229024,3,0,1,17,30,9925.750204127997,8581.362579036233,9475.25301886786
2024-03-16 17:45:00,8912.195441717195,30.37839984305108,3,0,1,17,45,9384.903763896797,8815.24837748592,9182.74407462476
2024-03-16 18:00:00,8650.63,30.058,3,0,1,18,0,8912.195441717195,9040.12,8979.75
2024-03-16 18:15:00,8689.4895091877,29.72613133208986,3,0,1,18,15,8650.63,9218.90195074926,8898.341393128205
2024-03-16 18:30:00,8903.1652718496,29.39101842475228,3,0,1,18,30,8689.4895091877,9335.208296257577,8907.765728473376
2024-03-16 18:45:00,9112.3258985867,29.06439630503856,3,0,1,18,45,8903.1652718496,9377.825493637109,8961.564699581859
2024-03-16 19:00:00,9137.64,28.758,3,0,1,19,0,9112.3258985867,9335.54,9013.28
2024-03-16 19:15:00,8856.222384121204,28.48008995125629,3,0,1,19,15,9137.64,9210.214518434534,9027.79178631015
2024-03-16 19:30:00,8370.972648704805,28.225028258700647,3,0,1,19,30,8856.222384121204,9056.016735933465,9015.334067238638
2024-03-16 19:45:00,7841.236588936005,27.98370243679468,3,0,1,19,45,8370.972648704805,8940.190585465658,8997.47931454781
2024-03-16 20:00:00,7426.36,27.747,3,0,1,20,0,7841.236588936005,8929.98,8995.8
2024-03-16 20:15:00,7241.367985577487,27.50863386288499,3,0,1,20,15,7426.36,9057.600288012603,9028.747555381204
2024-03-16 20:30:00,7224.002883331176,27.273618540445145,3,0,1,20,30,7241.367985577487,9215.15226000857,9102.289252572067
2024-03-16 20:45:00,7267.686339419277,27.049793947782725,3,0,1,20,45,7224.002883331176,9259.708102000252,9219.2713234769
2024-03-16 21:00:00,7265.84,26.845,3,0,1,21,0,7267.686339419277,9048.34,9382.54
2024-03-16 21:15:00,7149.794736068847,26.66518709720375,3,0,1,21,15,7265.84,8503.469485765057,9577.917523415035
2024-03-16 21:30:00,7002.518317970488,26.50874757951878,3,0,1,21,30,7149.794736068847,7808.915474032255,9723.13017247309
2024-03-16 21:45:00,6944.887740886885,26.37218427207442,3,0,1,21,45,7002.518317970488,7213.846225283327,9718.8802352946
2024-03-16 22:00:00,7097.78,26.251999999999995,3,0,1,22,0,6944.887740886885,6967.43,9465.87
2024-03-16 22:15:00,7534.387601397125,26.14449274830001,3,0,1,22,15,7097.78,7236.497706427172,8914.534694708653
2024-03-16 22:30:00,8137.165094786871,26.045141141479725,3,0,1,22,30,7534.387601397125,7858.53084386241,8214.241307535576
2024-03-16 22:45:00,8740.882540783183,25.949218963919574,3,0,1,22,45,8137.165094786871,8588.67355936644,7564.089766594711
2024-03-16 23:00:00,9180.31,25.852,3,0,1,23,0,8740.882540783183,9182.07,7163.18
2024-03-16 23:15:00,9339.116420842654,25.75032628459619,3,0,1,23,15,9180.31,9454.419532276252,7150.193541500358
2024-03-16 23:30:00,9296.566302882024,25.64731285456231,3,0,1,23,30,9339.116420842654,9463.642400518109,7422.13834738461
2024-03-16 23:45:00,9180.823033480385,25.54764299724728,3,0,1,23,45,9296.566302882024,9328.21406850091,7815.603979576556
2024-03-17 00:00:00,9120.05,25.456000000000003,3,0,1,0,0,9180.823033480385,9166.61,8167.18
2024-03-17 00:15:00,9196.255777732262,25.37554586331524,3,0,1,0,15,9120.05,9073.202601967816,8350.44254553992
2024-03-17 00:30:00,9306.829693685027,25.303357440271053,3,0,1,0,30,9196.255777732262,9045.95205406516,8386.914052925986
2024-03-17 00:45:00,9303.00626279528,25.23499029709134,3,0,1,0,45,9306.829693685027,9058.715479129924,8335.103533849064
2024-03-17 01:00:00,9036.02,25.166,3,0,1,1,0,9303.00626279528,9085.35,8253.52
2024-03-17 01:15:00,8425.050624478303,25.09381838714286,3,0,1,1,15,9036.02,9102.997872352482,8189.020338839973
2024-03-17 01:30:00,7661.058672377862,25.02338238435348,3,0,1,1,30,8425.050624478303,9101.941883221254,8141.8529409114435
2024-03-17 01:45:00,7002.94988408849,24.961505189387363,3,0,1,1,45,7661.058672377862,9075.749952479397,8100.614072527192
2024-03-17 02:00:00,6709.63,24.915,3,0,1,2,0,7002.94988408849,9017.99,8053.9
2024-03-17 02:15:00,6954.779068104529,24.88722746311332,3,0,1,2,15,6709.63,8926.34606487226,7996.819536600188
2024-03-17 02:30:00,7571.174366803525,24.86773802231501,3,0,1,2,30,6954.779068104529,8814.966663049829,7950.531683428239
2024-03-17 02:45:00,8306.367482100757,24.8426295703592,3,0,1,2,45,7571.174366803525,8702.116429702486,7942.70798854217
2024-03-17 03:00:00,8907.91,24.798,3,0,1,3,0,8306.367482100757,8606.06,8001.02
2024-03-17 03:15:00,9185.31154060358,24.72309988540385,3,0,1,3,15,8907.91,8543.321930658487,8142.109327259271
2024-03-17 03:30:00,9195.913860408042,24.619790526386467,3,0,1,3,30,9185.31154060358,8523.46646457943,8338.497825375602
2024-03-17 03:45:00,9059.016750008484,24.49308590417585,3,0,1,3,45,9195.913860408042,8554.317766210657,8551.677410804128
2024-03-17 04:00:00,8893.92,24.347999999999995,3,0,1,4,0,9059.016750008484,8643.7,8743.14
2024-03-17 04:15:00,8797.989925731148,24.196341745271244,3,0,1,4,15,8893.92,8791.984181243803,8879.864716862729
2024-03-17 04:30:00,8780.85894156431,24.077099872139105,3,0,1,4,30,8797.989925731148,8969.728728632459,8950.77951506936
2024-03-17 04:45:00,8830.225986615314,24.036058062937418,3,0,1,4,45,8780.85894156431,9140.038911704887,8950.299555741309
2024-03-17 05:00:00,8933.79,24.119000000000003,3,0,1,5,0,8830.225986615314,9266.02,8872.84
2024-03-17 05:15:00,9077.987975221822,24.35676750851117,3,0,1,5,15,8933.79,9320.694938116312,8725.78446153981
2024-03-17 05:30:00,9244.209123334726,24.72043498505712,3,0,1,5,30,9077.987975221822,9316.75737089074,8568.390364346958
2024-03-17 05:45:00,9412.58070978026,25.1661349690745,3,0,1,5,45,9244.209123334726,9276.818618219795,8472.88358498063
2024-03-17 06:00:00,9563.23,25.65,3,0,1,6,0,9412.58070978026,9223.49,8511.49
2024-03-17 06:15:00,9678.700829631558,26.13513509568408,3,0,1,6,15,9563.23,9174.59559754095,8729.796030728034
2024-03-17 06:30:00,9751.203315096796,26.61253518763245,3,0,1,6,30,9678.700829631558,9128.81053780459,9066.830277542806
2024-03-17 06:45:00,9775.364143013638,27.08016768576459,3,0,1,6,45,9751.203315096796,9080.02270916593,9434.981885586174
2024-03-17 07:00:00,9745.81,27.536,3,0,1,7,0,9775.364143013638,9022.12,9746.64
2024-03-17 07:15:00,9669.570425001946,27.98031710875249,3,0,1,7,15,9745.81,8957.68001546988,9941.33454054806
2024-03-17 07:30:00,9603.286366278093,28.422674264413093,3,0,1,7,30,9669.570425001946,8924.039227890908,10067.158525481822
2024-03-17 07:45:00,9616.001624415192,28.874944287867155,3,0,1,7,45,9603.286366278093,8967.22382636648,10199.345747674672
2024-03-17 08:00:00,9776.76,29.349000000000004,3,0,1,8,0,9616.001624415192,9133.26,10413.13
2024-03-17 08:15:00,10128.423564110655,29.85136209430596,3,0,1,8,15,9776.76,9449.77965307953,10756.323463329723
2024-03-17 08:30:00,10609.127469790834,30.367142754715186,3,0,1,8,30,10128.423564110655,9870.837550631786,11167.051870529906
2024-03-17 08:45:00,11130.825140575596,30.87610203776682,3,0,1,8,45,10609.127469790834,10332.094172868148,11556.019342465132
2024-03-17 09:00:00,11605.47,31.358,3,0,1,9,0,11130.825140575596,10769.21,11833.93
2024-03-17 09:15:00,11956.672349805429,31.797875139023688,3,0,1,9,15,11605.47,11129.859497212,11938.92113738304
2024-03-17 09:30:00,12154.670004558568,32.201879716726175,3,0,1,9,30,11956.672349805429,11409.77306958195,11918.862742398556
2024-03-17 09:45:00,12181.357657032422,32.581444436065574,3,0,1,9,45,12154.670004558568,11616.695107160926,11849.057976214795
2024-03-17 10:00:00,12018.63,32.948,3,0,1,10,0,12181.357657032422,11758.37,11804.81
2024-03-17 10:15:00,11678.390005417625,33.30860609959929,3,0,1,10,15,12018.63,11843.933764322464,11832.121987138113
2024-03-17 10:30:00,11292.57376197489,33.65283837838011,3,0,1,10,30,11678.390005417625,11888.088921040411,11859.797159875869
2024-03-17 10:45:00,11023.125637544712,33.96590146797089,3,0,1,10,45,11292.57376197489,11906.929617238156,11787.338752675689
2024-03-17 11:00:00,11031.99,34.233000000000004,3,0,1,11,0,11023.125637544712,11916.55,11514.25
2024-03-17 11:15:00,11413.406222274072,34.44463796257918,3,0,1,11,15,11031.99,11933.719820498149,10994.813726564504
2024-03-17 11:30:00,11990.793697541869,34.612516769753384,3,0,1,11,30,11413.406222274072,11977.911246256395,10402.431118097978
2024-03-17 11:45:00,12519.866824038729,34.7536371920509,3,0,1,11,45,11990.793697541869,12069.27204888645,9965.28295058246
2024-03-17 12:00:00,12756.34,34.885,3,0,1,12,0,12519.866824038729,12227.95,9911.55
2024-03-17 12:15:00,12532.072761736086,35.017357675084,3,0,1,12,15,12756.34,12448.86648493495,10377.260137853866
2024-03-17 12:30:00,11983.505197857638,35.136469542606335,3,0,1,12,30,12532.072761736086,12626.037343933996,11129.829617732226
2024-03-17 12:45:00,11323.22253505037,35.22184663882552,3,0,1,12,45,11983.505197857638,12628.252030966043,11844.521788744474
2024-03-17 13:00:00,10763.81,35.253,3,0,1,13,0,11323.22253505037,12324.3,12196.6
2024-03-17 13:15:00,10465.723512031584,35.216946962084826,3,0,1,13,15,10763.81,11652.87189601206,11967.57337827003
2024-03-17 13:30:00,10380.90176102758,35.13073005982124,3,0,1,13,30,10465.723512031584,10832.263128007622,11363.934160973116
2024-03-17 13:45:00,10409.154129509783,35.018898127647034,3,0,1,13,45,10380.90176102758,10150.670295999373,10698.420363189643
2024-03-17 14:00:00,10450.29,34.90599999999999,3,0,1,14,0,10409.154129509783,9896.29,10283.77
2024-03-17 14:15:00,10434.389908887571,34.80799510157668,3,0,1,14,15,10450.29,10255.716556016803,10344.224474066015
2024-03-17 14:30:00,10412.619008032038,34.706485218108675,3,0,1,14,30,10434.389908887571,11009.135144035516,10750.038738375308
2024-03-17 14:45:00,10466.413603160485,34.57448272558633,3,0,1,14,45,10412.619008032038,11835.12866003647,11282.971133496949
2024-03-17 15:00:00,10677.21,34.385000000000005,3,0,1,15,0,10466.413603160485,12412.28,11724.78
2024-03-17 15:15:00,11082.746071168132,34.11930700660845,3,0,1,15,15,10677.21,12505.354379920718,11904.171381715914
2024-03-17 15:30:00,11545.965956844271,33.79170406774406,3,0,1,15,30,11082.746071168132,12223.846295850317,11837.642135525655
2024-03-17 15:45:00,11886.115364098276,33.42474909500764,3,0,1,15,45,11545.965956844271,11763.432563854756,11588.636821572569
2024-03-17 16:00:00,11922.44,33.041000000000004,3,0,1,16,0,11886.115364098276,11319.79,11220.6
2024-03-17 16:15:00,11536.309556439905,32.657667496989546,3,0,1,16,15,11922.44,11038.052643050323,10789.847811570333
2024-03-17 16:30:00,10857.589664590876,32.2705735109151,3,0,1,16,30,11536.309556439905,10861.183422563225,10324.182719522074
2024-03-17 16:45:00,10078.269940446413,31.8701927693831,3,0,1,16,45,10857.589664590876,10681.602490794512,9844.278767712782
2024-03-17 17:00:00,9390.34,31.447,3,0,1,17,0,10078.269940446413,10391.73,9370.81
2024-03-17 17:15:00,8941.116328072252,30.9967886304334,3,0,1,17,15,9390.34,9925.750204127997,8929.654090752763
2024-03-17 17:30:00,8699.222884792225,30.536626888595563,3,0,1,17,30,8941.116328072252,9384.903763896797,8567.503236386048
2024-03-17 17:45:00,8588.610499116083,30.08890170245995,3,0,1,17,45,8699.222884792225,8912.195441717195,8336.253263826307
2024-03-17 18:00:00,8533.23,29.676,3,0,1,18,0,8588.610499116083,8650.63,8287.8
2024-03-17 18:15:00,8475.118568771084,29.314162356276874,3,0,1,18,15,8533.23,8689.4895091877,8444.639262918607
2024-03-17 18:30:00,8428.658796240228,28.995043934702647,3,0,1,18,30,8475.118568771084,8903.1652718496,8711.666834933729
2024-03-17 18:45:00,8426.319625589256,28.704153545777093,3,0,1,18,45,8428.658796240228,9112.3258985867,8964.378489481986
2024-03-17 19:00:00,8500.57,28.427000000000003,3,0,1,19,0,8426.319625589256,9137.64,9078.27
2024-03-17 19:15:00,8668.185803093404,28.152436944459104,3,0,1,19,15,8500.57,8856.222384121204,8970.759951322801
2024-03-17 19:30:00,8883.170680246863,27.882697372593864,3,0,1,19,30,8668.185803093404,8370.972648704805,8726.958173879035
2024-03-17 19:45:00,9083.835217276892,27.623359114431693,3,0,1,19,45,8883.170680246863,7841.236588936005,8473.897309495751
2024-03-17 20:00:00,9208.49,27.380000000000003,3,0,1,20,0,9083.835217276892,7426.36,8338.61
2024-03-17 20:15:00,9217.2350938553,27.15702736588673,3,0,1,20,15,9208.49,7241.367985577487,8410.055306790187
2024-03-17 20:30:00,9157.328482772316,26.95416657492192,3,0,1,20,30,9217.2350938553,7224.002883331176,8624.897969550131
2024-03-17 20:45:00,9097.817630303174,26.769972496496152,3,0,1,20,45,9157.328482772316,7267.686339419277,8881.72914753501
2024-03-17 21:00:00,9107.75,26.603,3,0,1,21,0,9097.817630303174,7265.84,9079.14
2024-03-17 21:15:00,9224.5927277354,26.450953591994004,3,0,1,21,15,9107.75,7149.794736068847,9141.566634016452
2024-03-17 21:30:00,9359.491638663876,26.308136327718483,3,0,1,21,30,9224.5927277354,7002.518317970488,9096.82494792044
2024-03-17 21:45:00,9392.012230260412,26.16800089958372,3,0,1,21,45,9359.491638663876,6944.887740886885,8998.575787864207
2024-03-17 22:00:00,9201.72,26.024,3,0,1,22,0,9392.012230260412,7097.78,8900.48
2024-03-17 22:15:00,8722.148995203108,25.87125201613728,3,0,1,22,15,9201.72,7534.387601397125,8843.202375893998
2024-03-17 22:30:00,8102.707462572184,25.71153811420417,3,0,1,22,30,8722.148995203108,8137.165094786871,8815.423488768105
2024-03-17 22:45:00,7546.77219865517,25.54830515516897,3,0,1,22,45,8102.707462572184,8740.882540783183,8792.82785725816
2024-03-17 23:00:00,7257.72,25.385,3,0,1,23,0,7546.77219865517,9180.31,8751.1
2024-03-17 23:15:00,7377.478478952168,25.224366468456907,3,0,1,23,15,7257.72,9339.116420842654,8675.456362407554
2024-03-17 23:30:00,7802.178511047381,25.06633621546485,3,0,1,23,30,7377.478478952168,9296.566302882024,8589.241097007136
2024-03-17 23:45:00,8366.501787618905,24.910137854740373,3,0,1,23,45,7802.178511047381,9180.823033480385,8525.33028310315
2024-03-18 00:00:00,8905.13,24.755,3,0,0,0,0,8366.501787618905,9120.05,8516.6
2024-03-18 00:15:00,9276.592088988218,24.601782110035103,3,0,0,0,15,8905.13,9196.255777732262,8577.69858072578
2024-03-18 00:30:00,9434.805993238286,24.457867023936423,3,0,0,0,30,9276.592088988218,9306.829693685027,8650.363373203347
2024-03-18 00:45:00,9357.536900869209,24.332268425869533,3,0,0,0,45,9434.805993238286,9303.00626279528,8658.103979079238
2024-03-18 01:00:00,9022.55,24.234,3,0,0,1,0,9357.536900869209,9036.02,8524.43
2024-03-18 01:15:00,8444.24800884495,24.16919259140267,3,0,0,1,15,9022.55,8425.050624478303,8201.38072093932
2024-03-18 01:30:00,7783.583765999474,24.13244568878945,3,0,0,1,30,8444.24800884495,7661.058672377862,7755.114160179477
2024-03-18 01:45:00,7238.1476401542595,24.1154759417815,3,0,0,1,45,7783.583765999474,7002.94988408849,7280.318019329896
2024-03-18 02:00:00,7005.53,24.110000000000003,3,0,0,2,0,7238.1476401542595,6709.63,6871.68
2024-03-18 02:15:00,7215.479313131974,24.108541274354213,3,0,0,2,15,7005.53,6954.779068104529,6609.119160516939
2024-03-18 02:30:00,7726.376442763815,24.106850220905784,3,0,0,2,30,7215.479313131974,7571.174366803525,6513.479986078747
2024-03-18 02:45:00,8328.76035101375,24.101484057004463,3,0,0,2,45,7726.376442763815,8306.367482100757,6590.8383186011815
2024-03-18 03:00:00,8813.17,24.089,3,0,0,3,0,8328.76035101375,8907.91,6847.27
2024-03-18 03:15:00,9021.905988627155,24.065392311180485,3,0,0,3,15,8813.17,9185.31154060358,7264.740136992925
2024-03-18 03:30:00,9004.315462945262,24.02440342758742,3,0,0,3,30,9021.905988627155,9195.913860408042,7728.770895505538
2024-03-18 03:45:00,8861.507205790738,23.95921283020064,3,0,0,3,45,9004.315462945262,9059.016750008484,8100.77370626538
2024-03-18 04:00:00,8694.59,23.863,3,0,0,4,0,8861.507205790738,8893.92,8242.16
2024-03-18 04:15:00,8589.71048235941,23.739123855923847,3,0,0,4,15,8694.59,8797.989925731148,8070.302322761359
2024-03-18 04:30:00,8573.16670545514,23.63166106874456,3,0,0,4,30,8589.71048235941,8780.85894156431,7726.417681899105
2024-03-18 04:45:00,8656.294575823295,23.59486774719297,3,0,0,4,45,8573.16670545514,8830.225986615314,7407.6842000872975
2024-03-18 05:00:00,8850.43,23.683,3,0,0,5,0,8656.294575823295,8933.79,7311.28
2024-03-18 05:15:00,9149.910831935202,23.932284140124125,3,0,0,5,15,8850.43,9077.987975221822,7574.042759461631
2024-03-18 05:30:00,9481.08271523419,24.306827297434392,3,0,0,5,30,9149.910831935202,9244.209123334726,8091.448376898041
2024-03-18 05:45:00,9753.29324091608,24.75270680602745,3,0,0,5,45,9481.08271523419,9412.58070978026,8698.632305885429
2024-03-18 06:00:00,9875.89,25.216,3,0,0,6,0,9753.29324091608,9563.23,9230.73
2024-03-18 06:15:00,9789.884627399775,25.654458333579647,3,0,0,6,15,9875.89,9678.700829631558,9559.197264392113
2024-03-18 06:30:00,9562.944933608109,26.072529741517894,3,0,0,6,30,9789.884627399775,9751.203315096796,9700.771310508731
2024-03-18 06:45:00,9294.40277301238,26.48633627869719,3,0,0,6,45,9562.944933608109,9775.364143013638,9708.50970137099
2024-03-18 07:00:00,9083.59,26.912,3,0,0,7,0,9294.40277301238,9745.81,9635.47
2024-03-18 07:15:00,9014.51112721568,27.36258565055728,3,0,0,7,15,9083.59,9669.570425001946,9538.12458921992
2024-03-18 07:30:00,9109.861300333388,27.83892873649404,3,0,0,7,30,9014.51112721568,9603.286366278093,9486.605131067025
2024-03-18 07:45:00,9377.0083232844,28.33880745418377,3,0,0,7,45,9109.861300333388,9616.001624415192,9554.458107380617
2024-03-18 08:00:00,9823.32,28.86,3,0,0,8,0,9377.0083232844,9776.76,9815.23
2024-03-18 08:15:00,10431.6335199875,29.397792814191224,3,0,0,8,15,9823.32,10128.423564110655,10309.908441228206
2024-03-18 08:30:00,11086.663615058344,29.937505312505955,3,0,0,8,30,10431.6335199875,10609.127469790834,10949.245665223169
2024-03-18 08:45:00,11648.59440260002,30.461965154567714,3,0,0,8,45,11086.663615058344,11130.825140575596,11611.435056606548
2024-03-18 09:00:00,11977.61,30.954,3,0,0,9,0,11648.59440260002,11605.47,12174.67
2024-03-18 09:15:00,11983.682136584324,31.40150871767782,3,0,0,9,15,11977.61,11956.672349805429,12541.292895867253
2024-03-18 09:30:00,11775.932989433231,31.81267501348213,3,0,0,9,30,11983.682136584324,12154.670004558568,12710.242208040296
2024-03-18 09:45:00,11513.272347565526,32.20075380254538,3,0,0,9,45,11775.932989433231,12181.357657032422,12704.605416193192
2024-03-18 10:00:00,11354.61,32.579,3,0,0,10,0,11513.272347565526,12018.63,12547.47
2024-03-18 10:15:00,11417.56980867521,32.955000440097486,3,0,0,10,15,11354.61,11678.390005417625,12276.998569052786
2024-03-18 10:30:00,11654.631927208728,33.31366963356551,3,0,0,10,30,11417.56980867521,11292.57376197489,11991.654252615645
2024-03-18 10:45:00,11976.99058213788,33.63425401025077,3,0,0,10,45,11654.631927208728,11023.125637544712,11804.975309870682
2024-03-18 11:00:00,12295.84,33.896,3,0,0,11,0,11976.99058213788,11031.99,11830.5
2024-03-18 11:15:00,12538.40831621484,34.08869264693222,3,0,0,11,15,12295.84,11413.406222274072,12128.507671671605
2024-03-18 11:30:00,12696.059301731864,34.24427145225582,3,0,0,11,30,12538.40831621484,11990.793697541869,12546.242031497117
2024-03-18 11:45:00,12776.190636382951,34.40521453145152,3,0,0,11,45,12696.059301731864,12519.866824038729,12877.687875574074
2024-03-18 12:00:00,12786.2,34.614000000000004,3,0,0,12,0,12776.190636382951,12756.34,12916.83
2024-03-18 12:15:00,12738.458645215427,34.89446334717363,3,0,0,12,15,12786.2,12532.072761736086,12525.3687130108
2024-03-18 12:30:00,12665.232115863826,35.1958695574112,3,0,0,12,30,12738.458645215427,11983.505197857638,11835.86637139588
2024-03-18 12:45:00,12603.759528580307,35.448840988943175,3,0,0,12,45,12665.232115863826,11323.22253505037,11048.60084408302
2024-03-18 13:00:00,12591.28,35.584,3,0,0,13,0,12603.759528580307,10763.81,10363.85
2024-03-18 13:15:00,12645.797727923444,35.555969589373305,3,0,0,13,15,12591.28,10465.723512031584,9941.853413785191
2024-03-18 13:30:00,12708.377234812842,35.4153753180994,3,0,0,13,30,12645.797727923444,10380.90176102758,9782.697482919357
2024-03-18 13:45:00,12700.84812429582,35.2368433877758,3,0,0,13,45,12708.377234812842,10409.154129509783,9846.430310593843
2024-03-18 14:00:00,12545.04,35.095,3,0,0,14,0,12700.84812429582,10450.29,10093.1
2024-03-18 14:15:00,12192.6382555908,35.041814545333175,3,0,0,14,15,12545.04,10434.389908887571,10475.667163098427
2024-03-18 14:30:00,11714.75144488481,35.0386291701912,3,0,0,14,30,12192.6382555908,10412.619008032038,10918.742446926695
2024-03-18 14:45:00,11212.343911736414,35.02412920995362,3,0,0,14,45,11714.75144488481,10466.413603160485,11339.849007291614
2024-03-18 15:00:00,10786.38,34.937000000000005,3,0,0,15,0,11212.343911736414,10677.21,11656.51
2024-03-18 15:15:00,10511.23409346336,34.73186597929403,3,0,0,15,15,10786.38,11082.746071168132,11799.792777571098
2024-03-18 15:30:00,10354.920735647922,34.427108001135835,3,0,0,15,30,10511.23409346336,11545.965956844271,11754.941479373869
2024-03-18 15:45:00,10258.864510008523,34.05704602240973,3,0,0,15,45,10354.920735647922,11886.115364098276,11520.744441489704
2024-03-18 16:00:00,10164.49,33.656,3,0,0,16,0,10258.864510008523,11922.44,11095.99
2024-03-18 16:15:00,10023.86708930576,33.25200278749076,3,0,0,16,15,10164.49,11536.309556439905,10498.624539117189
2024-03-18 16:30:00,9831.6468625235,32.84793882526548,3,0,0,16,30,10023.86708930576,10857.589664590876,9823.22663557784
2024-03-18 16:45:00,9593.12570447949,32.440405450407454,3,0,0,16,45,9831.6468625235,10078.269940446413,9183.532914249574
2024-03-18 17:00:00,9313.6,32.026,3,0,0,17,0,9593.12570447949,9390.34,8693.28
2024-03-18 17:15:00,9006.377080563601,31.603966620742952,3,0,0,17,15,9313.6,8941.116328072252,8433.257972210156
2024-03-18 17:30:00,8716.808064258079,31.184136697802263,3,0,0,17,30,9006.377080563601,8699.222884792225,8352.47072831477
2024-03-18 17:45:00,8498.255015823515,30.77898842596045,3,0,0,17,45,8716.808064258079,8588.610499116083,8366.975620262003
2024-03-18 18:00:00,8404.08,30.401,3,0,0,18,0,8498.255015823515,8533.23,8392.83
2024-03-18 18:15:00,8469.081775939834,30.05863072953745,3,0,0,18,15,8404.08,8475.118568771084,8368.825915792191
2024-03-18 18:30:00,8653.805880444188,29.74426438352547,3,0,0,18,30,8469.081775939834,8428.658796240228,8324.694201163076
2024-03-18 18:45:00,8900.234544726449,29.44626584575075,3,0,0,18,45,8653.805880444188,8426.319625589256,8312.900385952422
2024-03-18 19:00:00,9150.35,29.153,3,0,0,19,0,8900.234544726449,8500.57,8385.91
2024-03-18 19:15:00,9347.22300317706,28.85663546110724,3,0,0,19,15,9150.35,8668.185803093404,8573.966333371078
2024-03-18 19:30:00,9438.27841396517,28.56455576809585,3,0,0,19,30,9347.22300317706,8883.170680246863,8818.423717032929
2024-03-18 19:45:00,9372.029617770691,28.28794819103653,3,0,0,19,45,9438.27841396517,9083.835217276892,9038.41424217831
2024-03-18 20:00:00,9096.99,28.038000000000004,3,0,0,20,0,9372.029617770691,9208.49,9153.07
2024-03-18 20:15:00,8605.961992601919,27.82192117603359,3,0,0,20,15,9096.99,9217.2350938553,9107.307969473492
2024-03-18 20:30:00,8068.904213695133,27.63101254409113,3,0,0,20,30,8605.961992601919,9157.328482772316,8949.184680705215
2024-03-18 20:45:00,7700.06432794078,27.452597640103114,3,0,0,20,45,8068.904213695133,9097.817630303174,8752.541551584332
2024-03-18 21:00:00,7713.69,27.274,3,0,0,21,0,7700.06432794078,9107.75,8591.22
2024-03-18 21:15:00,8230.270276415256,27.08649233475842,3,0,0,21,15,7713.69,9224.5927277354,8524.48350748495
2024-03-18 21:30:00,8995.259731254298,26.897144055539624,3,0,0,21,30,8230.270276415256,9359.491638663876,8553.283810146208
2024-03-18 21:45:00,9660.35432046619,26.716973748551013,3,0,0,21,45,8995.259731254298,9392.012230260412,8663.99470773436
2024-03-18 22:00:00,9877.25,26.556999999999995,3,0,0,22,0,9660.35432046619,9201.72,8842.99
2024-03-18 22:15:00,9419.90565173705,26.424328234932727,3,0,0,22,15,9877.25,8722.148995203108,9062.410344336697
2024-03-18 22:30:00,8551.331861287677,26.310411233750365,3,0,0,22,30,9419.90565173705,8102.707462572184,9237.463828709946
2024-03-18 22:45:00,7656.802140194464,26.20278861569282,3,0,0,22,45,8551.331861287677,7546.77219865517,9269.125398728223
2024-03-18 23:00:00,7121.59,26.089,3,0,0,23,0,7656.802140194464,7257.72,9058.37
2024-03-18 23:15:00,7219.787116636537,25.96085097551065,3,0,0,23,15,7121.59,7377.478478952168,8552.071521418262
2024-03-18 23:30:00,7780.757823594994,25.827211009458896,3,0,0,23,30,7219.787116636537,7802.178511047381,7880.699625014008
2024-03-18 23:45:00,8522.684618755953,25.70121553867769,3,0,0,23,45,7780.757823594994,8366.501787618905,7220.622916102751
2024-03-19 00:00:00,9163.75,25.596,3,0,0,0,0,8522.684618755953,8905.13,6748.21
2024-03-19 00:15:00,9485.9488504668,25.52065848802465,3,0,0,0,15,9163.75,9276.592088988218,6586.68356999026
2024-03-19 00:30:00,9526.525594332348,25.46811972841404,3,0,0,0,30,9485.9488504668,9434.805993238286,6646.682671234021
2024-03-19 00:45:00,9386.537041031725,25.427271104596404,3,0,0,0,45,9526.525594332348,9357.536900869209,6785.700436860772
2024-03-19 01:00:00,9167.04,25.387,3,0,0,1,0,9386.537041031725,9022.55,6861.23
2024-03-19 01:15:00,8957.026231496264,25.339155697390712,3,0,0,1,15,9167.04,8444.24800884495,6777.379511120701
2024-03-19 01:30:00,8797.227299075614,25.28743507688494,3,0,0,1,30,8957.026231496264,7783.583765999474,6624.717190049906
2024-03-19 01:45:00,8716.30971711716,25.238496917936697,3,0,0,1,45,8797.227299075614,7238.1476401542595,6540.426273954159
2024-03-19 02:00:00,8742.94,25.199,3,0,0,2,0,8716.30971711716,7005.53,6661.69
2024-03-19 02:15:00,8880.383723548146,25.17396872241249,3,0,0,2,15,8742.94,7215.479313131974,7075.8255730269375
2024-03-19 02:30:00,9030.302709365196,25.1618899640462,3,0,0,2,30,8880.383723548146,7726.376442763815,7670.6860685663505
2024-03-19 02:45:00,9068.957840499648,25.15961622365682,3,0,0,2,45,9030.302709365196,8328.76035101375,8284.25852982259
2024-03-19 03:00:00,8872.61,25.163999999999994,3,0,0,3,0,9068.957840499648,8813.17,8754.53
2024-03-19 03:15:00,8376.942936811152,25.17073503795934,3,0,0,3,15,8872.61,9021.905988627155,8964.563821771553
2024-03-19 03:30:00,7755.331863463604,25.17088006693024,3,0,0,3,30,8376.942936811152,9004.315462945262,8977.728535684691
2024-03-19 03:45:00,7240.574858384253,25.15433506243601,3,0,0,3,45,7755.331863463604,8861.507205790738,8902.468981755486
2024-03-19 04:00:00,7065.47,25.111,3,0,0,4,0,7240.574858384253,8694.59,8847.23
2024-03-19 04:15:00,7387.553747957244,25.03680987575013,3,0,0,4,15,7065.47,8589.71048235941,8888.575077386857
2024-03-19 04:30:00,8063.31608678039,24.95183976823282,3,0,0,4,30,7387.553747957244,8573.16670545514,8975.542288694887
2024-03-19 04:45:00,8873.98538221334,24.8821997765991,3,0,0,4,45,8063.31608678039,8656.294575823295,9025.288355655472
2024-03-19 05:00:00,9600.79,24.854,3,0,0,5,0,8873.98538221334,8850.43,8954.97
2024-03-19 05:15:00,10066.909727609873,24.89007233404013,3,0,0,5,15,9600.79,9149.910831935202,8714.023524931017
2024-03-19 05:30:00,10263.330039414845,25.00013586013847,3,0,0,5,30,10066.909727609873,9481.08271523419,8381.003559535757
2024-03-19 05:45:00,10222.987831512391,25.190631456167573,3,0,0,5,45,10263.330039414845,9753.29324091608,8066.744314372619
2024-03-19 06:00:00,9978.82,25.468,3,0,0,6,0,10222.987831512391,9875.89,7882.08
2024-03-19 06:15:00,9579.053747853264,25.83327578808934,3,0,0,6,15,9978.82,9789.884627399775,7909.494572889068
2024-03-19 06:30:00,9133.07750556024,26.26586679121329,3,0,0,6,30,9579.053747853264,9562.944933608109,8118.070973162076
2024-03-19 06:45:00,8765.570010487096,26.739774398730606,3,0,0,6,45,9133.07750556024,9294.40277301238,8448.541886854047
2024-03-19 07:00:00,8601.21,27.229000000000003,3,0,0,7,0,8765.570010487096,9083.59,8841.64
2024-03-19 07:15:00,8727.262468477064,27.71368388860252,3,0,0,7,15,8601.21,9014.51112721568,9245.010058512706
2024-03-19 07:30:00,9081.337438344191,28.198521975008354,3,0,0,7,30,8727.262468477064,9109.861300333388,9633.945047815932
2024-03-19 07:45:00,9563.63118903922,28.69434907391002,3,0,0,7,45,9081.337438344191,9377.0083232844,9990.650013211192
2024-03-19 08:00:00,10074.34,29.212,3,0,0,8,0,9563.63118903922,9823.32,10297.33
2024-03-19 08:15:00,10531.295596988472,29.7566136575006,3,0,0,8,15,10074.34,10431.6335199875,10545.739568060104
2024-03-19 08:30:00,10922.871491062995,30.310545308753287,3,0,0,8,30,10531.295596988472,11086.663615058344,10765.831335574194
2024-03-19 08:45:00,11255.07663960602,30.85045430562933,3,0,0,8,45,10922.871491062995,11648.59440260002,10997.107435301186
2024-03-19 09:00:00,11533.92,31.353,3,0,0,9,0,11255.07663960602,11977.61,11279.07
2024-03-19 09:15:00,11766.11170606904,31.800970856395093,3,0,0,9,15,11533.92,11983.682136584324,11632.96791924687
2024-03-19 09:30:00,11961.16659740383,32.201671789978505,3,0,0,9,30,11766.11170606904,11775.932989433231,12007.03710988729
2024-03-19 09:45:00,12129.300690036704,32.56853682857266,3,0,0,9,45,11961.16659740383,11513.272347565526,12331.260245584064
2024-03-19 10:00:00,12280.73,32.915,3,0,0,10,0,12129.300690036704,11354.61,12535.62
2024-03-19 10:15:00,12418.636172485363,33.24800291691904,3,0,0,10,15,12280.73,11417.56980867521,12568.524379952414
2024-03-19 10:30:00,12518.063369321682,33.548517531332706,3,0,0,10,30,12418.636172485363,11654.631927208728,12452.08272487665
2024-03-19 10:45:00,12547.02138149716,33.79102338008002,3,0,0,10,45,12518.063369321682,11976.99058213788,12226.82970736256
2024-03-19 11:00:00,12473.52,33.95,3,0,0,11,0,12547.02138149716,12295.84,11933.3
2024-03-19 11:15:00,12284.42829148951,34.01248622592876,3,0,0,11,15,12473.52,12538.40831621484,11613.912060943472
2024-03-19 11:30:00,12042.05242530944,34.01575808469069,3,0,0,11,30,12284.42829148951,12696.059301731864,11318.619490606108
2024-03-19 11:45:00,11827.557846474649,34.00965090110727,3,0,0,11,45,12042.05242530944,12776.190636382951,11099.25967496569
2024-03-19 12:00:00,11722.11,34.044000000000004,3,0,0,12,0,11827.557846474649,12786.2,11007.67
2024-03-19 12:15:00,11780.483630306606,34.15505217936595,3,0,0,12,15,11722.11,12738.458645215427,11078.494876273691
2024-03-19 12:30:00,11951.890679440568,34.32470012990456,3,0,0,12,30,11780.483630306606,12665.232115863826,11277.606812698914
2024-03-19 12:45:00,12159.152388854249,34.521248015490904,3,0,0,12,45,11951.890679440568,12603.759528580307,11553.685342774676
2024-03-19 13:00:00,12325.09,34.713,3,0,0,13,0,12159.152388854249,12591.28,11855.41
2024-03-19 13:15:00,12391.783906034074,34.87182068160747,3,0,0,13,15,12325.09,12645.797727923444,12137.276558961752
2024-03-19 13:30:00,12378.35110692829,34.98381639569106,3,0,0,13,30,12391.783906034074,12708.377234812842,12377.04575859824
2024-03-19 13:45:00,12323.16775435836,35.03865391192914,3,0,0,13,45,12378.35110692829,12700.84812429582,12558.2945789356
2024-03-19 14:00:00,12264.61,35.026,3,0,0,14,0,12323.16775435836,12545.04,12664.6
2024-03-19 14:15:00,12228.4926205571,34.94160259420421,3,0,0,14,15,12264.61,12192.6382555908,12683.765606629288
2024-03-19 14:30:00,12190.384892846274,34.8055342873312,3,0,0,14,30,12228.4926205571,11714.75144488481,12620.501402908138
2024-03-19 14:45:00,12113.294718712308,34.64394883679258,3,0,0,14,45,12190.384892846274,11212.343911736414,12483.743997732916
2024-03-19 15:00:00,11960.23,34.483000000000004,3,0,0,15,0,12113.294718712308,10786.38,12282.43
2024-03-19 15:15:00,11706.233111737523,34.3402845665757,3,0,0,15,15,11960.23,10511.23409346336,12029.387889521093
2024-03-19 15:30:00,11374.484321686616,34.199171454984175,3,0,0,15,30,11706.233111737523,10354.920735647922,11753.01362976922
2024-03-19 15:45:00,11000.1983707924,34.03447261590057,3,0,0,15,45,11374.484321686616,10258.864510008523,11485.595055132737
2024-03-19 16:00:00,10618.59,33.821,3,0,0,16,0,11000.1983707924,10164.49,11259.42
2024-03-19 16:15:00,10261.258682492802,33.539227889493034,3,0,0,16,15,10618.59,10023.86708930576,11092.446272786348
2024-03-19 16:30:00,9945.34282040726,33.19227989273212,3,0,0,16,30,10261.258682492802,9831.6468625235,10945.311578014996
2024-03-19 16:45:00,9684.365548118089,32.788941949605146,3,0,0,16,45,9945.34282040726,9593.12570447949,10764.32359423615
2024-03-19 17:00:00,9491.85,32.338,3,0,0,17,0,9684.365548118089,9313.6,10495.79
2024-03-19 17:15:00,9375.124033291266,31.85183512545216,3,0,0,17,15,9491.85,9006.377080563601,10107.455769333528
2024-03-19 17:30:00,9316.734396684344,31.35720897408735,3,0,0,17,30,9375.124033291266,8716.808064258079,9652.8150581708
2024-03-19 17:45:00,9293.032561735252,30.884478335678867,3,0,0,17,45,9316.734396684344,8498.255015823515,9206.799317922676
2024-03-19 18:00:00,9280.37,30.464,3,0,0,18,0,9293.032561735252,8404.08,8844.34
2024-03-19 18:15:00,9260.78518434214,30.11610348369832,3,0,0,18,15,9280.37,8469.081775939834,8625.07283737955
2024-03-19 18:30:00,9239.064592855362,29.82100921091848,3,0,0,18,30,9260.78518434214,8653.805880444188,8547.4506893018
2024-03-19 18:45:00,9225.681704940906,29.5489103326794,3,0,0,18,45,9239.064592855362,8900.234544726449,8594.63069657315
2024-03-19 19:00:00,9231.11,29.270000000000003,3,0,0,19,0,9225.681704940906,9150.35,8749.77
2024-03-19 19:15:00,9256.918979340182,28.961875939754567,3,0,0,19,15,9231.11,9347.22300317706,8982.177724898276
2024-03-19 19:30:00,9269.062231894208,28.631754182238744,3,0,0,19,30,9256.918979340182,9438.27841396517,9205.770934621998
2024-03-19 19:45:00,9224.589368501129,28.29425533360355,3,0,0,19,45,9269.062231894208,9372.029617770691,9320.618677034725
2024-03-19 20:00:00,9080.55,27.964,3,0,0,20,0,9224.589368501129,9096.99,9226.79
2024-03-19 20:15:00,8821.647804547127,27.65481463228344,3,0,0,20,15,9080.55,8605.961992601919,8875.003294277356
2024-03-19 20:30:00,8543.202729567809,27.37734906012655,3,0,0,20,30,8821.647804547127,8068.904213695133,8418.57432221021
2024-03-19 20:45:00,8368.188789804584,27.1414589579064,3,0,0,20,45,8543.202729567809,7700.06432794078,8061.468189037961
2024-03-19 21:00:00,8419.58,26.957,3,0,0,21,0,8368.188789804584,7713.69,8007.65
2024-03-19 21:15:00,8762.877927471302,26.8279124061117,3,0,0,21,15,8419.58,8230.270276415256,8380.898629242303
2024-03-19 21:30:00,9233.694349834555,26.73447457725505,3,0,0,21,30,8762.877927471302,8995.259731254298,8984.248026537161
2024-03-19 21:45:00,9610.168597280532,26.65104945977086,3,0,0,21,45,9233.694349834555,9660.35432046619,9540.545910563436
2024-03-19 22:00:00,9670.44,26.552,3,0,0,22,0,9610.168597280532,9877.25,9772.64
2024-03-19 22:15:00,9276.381110567663,26.41827011826976,3,0,0,22,15,9670.44,9419.90565173705,9487.361407503427
2024-03-19 22:30:00,8624.797371093968,26.257127630853272,3,0,0,22,30,9276.381110567663,8551.331861287677,8827.474821641144
2024-03-19 22:45:00,7996.227446073288,26.082421328010152,3,0,0,22,45,8624.797371093968,7656.802140194464,8019.72832495829
2024-03-19 23:00:00,7671.21,25.908,3,0,0,23,0,7996.227446073288,7121.59,7290.87
2024-03-19 23:15:00,7837.68325525804,25.74619462080928,3,0,0,23,15,7671.21,7219.787116636537,6825.534178243985
2024-03-19 23:30:00,8313.183665789571,25.603264899331872,3,0,0,23,30,7837.68325525804,7780.757823594994,6639.900186898256
2024-03-19 23:45:00,8822.647243426318,25.48395272818853,3,0,0,23,45,8313.183665789571,8522.684618755953,6708.033602103399
2024-03-20 00:00:00,9091.01,25.393,3,0,0,0,0,8822.647243426318,9163.75,7004.0
2024-03-20 00:15:00,8927.512743400177,25.331295148493133,3,0,0,0,15,9091.01,9485.9488504668,7485.573754520632
2024-03-20 00:30:00,8478.615465747744,25.28431277181924,3,0,0,0,30,8927.512743400177,9526.525594332348,8045.364430765828
2024-03-20 00:45:00,7975.082955221441,25.23367400923572,3,0,0,0,45,8478.615465747744,9386.537041031725,8559.69039162811
2024-03-20 01:00:00,7647.68,25.161,3,0,0,1,0,7975.082955221441,9167.04,8904.87
2024-03-20 01:15:00,7662.662802391259,25.05462478521819,3,0,0,1,15,7647.68,8957.026231496264,8996.362834923488
2024-03-20 01:30:00,7928.253221219453,24.929734013391187,3,0,0,1,30,7662.662802391259,8797.227299075614,8906.193340038433
2024-03-20 01:45:00,8288.164529437921,24.80822623486859,3,0,0,1,45,7928.253221219453,8716.30971711716,8745.52717513416
2024-03-20 02:00:00,8586.11,24.712,3,0,0,2,0,8288.164529437921,8742.94,8625.53
2024-03-20 02:15:00,8706.506672034791,24.65525258563412,3,0,0,2,15,8586.11,8880.383723548146,8627.738812035419
2024-03-20 02:30:00,8696.586649374445,24.62137617461602,3,0,0,2,30,8706.506672034791,9030.302709365196,8715.175959080445
2024-03-20 02:45:00,8644.285802026876,24.58606167628992,3,0,0,2,45,8696.586649374445,9068.957840499648,8821.235126585249
2024-03-20 03:00:00,8637.54,24.525,3,0,0,3,0,8644.285802026876,8872.61,8879.31
2024-03-20 03:15:00,8735.79629071958,24.42178674724536,3,0,0,3,15,8637.54,8376.942936811152,8844.298010684837
2024-03-20 03:30:00,8884.546431282773,24.29163628814472,3,0,0,3,30,8735.79629071958,7755.331863463604,8757.111573639788
2024-03-20 03:45:00,9000.793356204578,24.157667684971724,3,0,0,3,45,8884.546431282773,7240.574858384253,8680.166849774843
2024-03-20 04:00:00,9001.54,24.043000000000003,3,0,0,4,0,9000.793356204578,7065.47,8675.88
2024-03-20 04:15:00,8833.568790086889,23.96894417538447,3,0,0,4,15,9001.54,7387.553747957244,8785.281176475228
2024-03-20 04:30:00,8562.78012549447,23.949578672805107,3,0,0,4,30,8833.568790086889,8063.31608678039,8963.856496360402
2024-03-20 04:45:00,8284.853898154817,23.9971738338232,3,0,0,4,45,8562.78012549447,8873.98538221334,9145.706068065376
2024-03-20 05:00:00,8095.47,24.124,3,0,0,5,0,8284.853898154817,9600.79,9264.93
2024-03-20 05:15:00,8068.614798932866,24.335499051216782,3,0,0,5,15,8095.47,10066.909727609873,9274.611658414253
2024-03-20 05:30:00,8191.500566739349,24.609799020634853,3,0,0,5,30,8068.614798932866,10263.330039414845,9203.767440918606
2024-03-20 05:45:00,8429.646051176158,24.91819947973549,3,0,0,5,45,8191.500566739349,10222.987831512391,9100.397002963657
2024-03-20 06:00:00,8748.57,25.232,3,0,0,6,0,8429.646051176158,9978.82,9012.5
2024-03-20 06:15:00,9111.684357931648,25.52318461974838,3,0,0,6,15,8748.57,9579.053747853264,8977.487033617765
2024-03-20 06:30:00,9473.973857548135,25.76647524465548,3,0,0,6,30,9111.684357931648,9133.07750556024,8990.41248996518
2024-03-20 06:45:00,9788.316428390555,25.93727824723484,3,0,0,6,45,9473.973857548135,8765.570010487096,9035.741701330006
2024-03-20 07:00:00,10007.59,26.011,3,0,0,7,0,9788.316428390555,8601.21,9097.94
2024-03-20 07:15:00,10100.841363090538,25.97823121978968,3,0,0,7,15,10007.59,8727.262468477064,9171.251613364691
2024-03-20 07:30:00,10101.79275306811,25.890300000743224,3,0,0,7,30,10100.841363090538,9081.337438344191,9289.036349220676
2024-03-20 07:45:00,10060.335266511627,25.813718781325164,3,0,0,7,45,10101.79275306811,9563.63118903922,9494.432910466325
2024-03-20 08:00:00,10026.36,25.815,3,0,0,8,0,10060.335266511627,10074.34,9830.58
2024-03-20 08:15:00,10043.7036272062,25.947484251092902,3,0,0,8,15,10026.36,10531.295596988472,10314.778856673474
2024-03-20 08:30:00,10131.985130179426,26.21182475237162,3,0,0,8,30,10043.7036272062,10922.871491062995,10860.980863152114
2024-03-20 08:45:00,10304.76906806294,26.59550287746452,3,0,0,8,45,10131.985130179426,11255.07663960602,11357.2999380547
2024-03-20 09:00:00,10575.62,27.086,3,0,0,9,0,10304.76906806294,11533.92,11691.85
2024-03-20 09:15:00,10942.892721834663,27.6649880258387,3,0,0,9,15,10575.62,11766.11170606904,11789.938272441415
2024-03-20 09:30:00,11344.102976214188,28.290900989770307,3,0,0,9,30,10942.892721834663,11961.16659740383,11725.645198170863
2024-03-20 09:45:00,11701.556742486617,28.91636345881676,3,0,0,9,45,11344.102976214188,12129.300690036704,11610.244524814878
2024-03-20 10:00:00,11937.56,29.494,3,0,0,10,0,11701.556742486617,12280.73,11555.01
2024-03-20 10:15:00,11999.662360455137,29.98542302055229,3,0,0,10,15,11937.56,12418.636172485363,11643.451647310858
2024-03-20 10:30:00,11936.387964963824,30.38819628854716,3,0,0,10,30,11999.662360455137,12518.063369321682,11848.024594164432
2024-03-20 10:45:00,11821.504586990595,30.708871412268444,3,0,0,10,45,11936.387964963824,12547.02138149716,12113.420243935789
2024-03-20 11:00:00,11728.78,30.954,3,0,0,11,0,11821.504586990595,12473.52,12384.33
2024-03-20 11:15:00,11712.986742594783,31.12924176695214,3,0,0,11,15,11728.78,12284.42829148951,12608.753263315151
2024-03-20 11:30:00,11752.91641393052,31.236688856041063,3,0,0,11,30,11712.986742594783,12042.05242530944,12747.921425171411
2024-03-20 11:45:00,11808.365378300996,31.277541517109466,3,0,0,11,45,11752.91641393052,11827.557846474649,12766.373874441966
2024-03-20 12:00:00,11839.13,31.253,3,0,0,12,0,11808.365378300996,11722.11,12628.65
2024-03-20 12:15:00,11817.882075415737,31.170141161639155,3,0,0,12,15,11839.13,11780.483630306606,12317.421549428533
2024-03-20 12:30:00,11768.7951293141,31.05954828728857,3,0,0,12,30,11817.882075415737,11951.890679440568,11887.88970514992
2024-03-20 12:45:00,11728.918118555415,30.95768126929371,3,0,0,12,45,11768.7951293141,12159.152388854249,11413.388008296344
2024-03-20 13:00:00,11735.3,30.901,3,0,0,13,0,11728.918118555415,12325.09,10967.25
2024-03-20 13:15:00,11814.066049492274,30.91472483649125,3,0,0,13,15,11735.3,12391.783906034074,10618.771945220717
2024-03-20 13:30:00,11947.646818813071,30.97911799480464,3,0,0,13,30,11814.066049492274,12378.35110692829,10421.101004228907
2024-03-20 13:45:00,12107.549178727337,31.063202155715707,3,0,0,13,45,11947.646818813071,12323.16775435836,10423.347061122651
2024-03-20 14:00:00,12265.28,31.136000000000003,3,0,0,14,0,12107.549178727337,12264.61,10674.62
2024-03-20 14:15:00,12395.04700786517,31.16803761739587,3,0,0,14,15,12265.28,12228.4926205571,11181.866919688608
2024-03-20 14:30:00,12481.861345433608,31.13585473349289,3,0,0,14,30,12395.04700786517,12190.384892846274,11783.38377793444
2024-03-20 14:45:00,12513.435010285242,31.01749448284347,3,0,0,14,45,12481.861345433608,12113.294718712308,12275.303747213056
2024-03-20 15:00:00,12477.48,30.791,3,0,0,15,0,12513.435010285242,11960.23,12453.76
2024-03-20 15:15:00,12369.051700297045,30.44646844392528,3,0,0,15,15,12477.48,11706.233111737523,12184.304282274858
2024-03-20 15:30:00,12212.579049452492,30.022213071223785,3,0,0,15,30,12369.051700297045,11374.484321686616,11610.162634033331
2024-03-20 15:45:00,12039.834373881691,29.5686011629104,3,0,0,15,45,12212.579049452492,11000.1983707924,10943.979668775131
2024-03-20 16:00:00,11882.59,29.136,3,0,0,16,0,12039.834373881691,10618.59,10398.4
2024-03-20 16:15:00,11753.594628446648,28.763791731903,3,0,0,16,15,11882.59,10261.258682492802,10129.428763711956
2024-03-20 16:30:00,11589.502456756423,28.447417981611952,3,0,0,16,30,11753.594628446648,9945.34282040726,10066.51318593224
2024-03-20 16:45:00,11307.944056687984,28.171335240514924,3,0,0,16,45,11589.502456756423,9684.365548118089,10082.461015186407
2024-03-20 17:00:00,10826.55,27.92,3,0,0,17,0,11307.944056687984,9491.85,10050.08
2024-03-20 17:15:00,10105.484942166357,27.68120837846272,3,0,0,17,15,10826.55,9375.124033291266,9877.36628787732
2024-03-20 17:30:00,9275.049873521812,27.456115002328414,3,0,0,17,30,10105.484942166357,9316.734396684344,9613.069622237705
2024-03-20 17:45:00,8508.079868116367,27.24921412502991,3,0,0,17,45,9275.049873521812,9293.032561735252,9341.128145479232
2024-03-20 18:00:00,7977.41,27.065,3,0,0,18,0,8508.079868116367,9280.37,9145.48
2024-03-20 18:15:00,7802.0621653879325,26.90653100424615,3,0,0,18,15,7977.41,9260.78518434214,9086.564834778756
2024-03-20 18:30:00,7885.805549156317,26.7711220090744,3,0,0,18,30,7802.0621653879325,9239.064592855362,9130.82832511694
2024-03-20 18:45:00,8078.596158346544,26.65465200936545,3,0,0,18,45,7885.805549156317,9225.681704940906,9221.217652896654
2024-03-20 19:00:00,8230.39,26.553,3,0,0,19,0,8078.596158346544,9231.11,9300.68
2024-03-20 19:15:00,8234.259521281916,26.460292604552706,3,0,0,19,15,8230.39,9256.918979340182,9324.878904257646
2024-03-20 19:30:00,8155.742929852913,26.363646961374,3,0,0,19,30,8234.259521281916,9269.062231894208,9300.343327294526
2024-03-20 19:45:00,8103.494873497453,26.2484278375083,3,0,0,19,45,8155.742929852913,9224.589368501129,9246.318586684143
2024-03-20 20:00:00,8186.17,26.1,3,0,0,20,0,8103.494873497453,9080.55,9182.05
2024-03-20 20:15:00,8469.122405734402,25.90964232754305,3,0,0,20,15,8186.17,8821.647804547127,9128.357673190658
2024-03-20 20:30:00,8844.50398143203,25.69229014542961,3,0,0,20,30,8469.122405734402,8543.202729567809,9112.36086570495
2024-03-20 20:45:00,9161.166066413643,25.46879289060136,3,0,0,20,45,8844.50398143203,8368.188789804584,9162.753625366766
2024-03-20 21:00:00,9267.96,25.26,3,0,0,21,0,9161.166066413643,8419.58,9308.23
2024-03-20 21:15:00,9063.333668280477,25.082591210275083,3,0,0,21,15,9267.96,8762.877927471302,9551.66524672972
2024-03-20 21:30:00,8644.121144418963,24.93656745690757,3,0,0,21,30,9063.333668280477,9233.694349834555,9792.659459885674
2024-03-20 21:45:00,8156.753048347968,24.817759975086272,3,0,0,21,45,8644.121144418963,9610.168597280532,9904.993943098792
2024-03-20 22:00:00,7747.66,24.722,3,0,0,22,0,8156.753048347968,9670.44,9762.45
2024-03-20 22:15:00,7526.293233643686,24.64346158135661,3,0,0,22,15,7747.66,9276.381110567663,9289.22383989047
2024-03-20 22:30:00,7454.186440892115,24.569690026940112,3,0,0,22,30,7526.293233643686,8624.797371093968,8611.171294752356
2024-03-20 22:45:00,7455.893927694486,24.48657345905356,3,0,0,22,45,7454.186440892115,7996.227446073288,7904.563102238065
2024-03-20 23:00:00,7455.97,24.38,3,0,0,23,0,7455.893927694486,7671.21,7345.67
2024-03-20 23:15:00,7399.374647144776,24.24207808929848,3,0,0,23,15,7455.97,7837.68325525804,7063.354081208409
2024-03-20 23:30:00,7312.69059201258,24.08979743533198,3,0,0,23,30,7399.374647144776,8313.183665789571,6996.842861104908
2024-03-20 23:45:00,7242.906240874095,23.9463680636995,3,0,0,23,45,7312.69059201258,8822.647243426318,7037.955210448952
2024-03-21 00:00:00,7237.01,23.835,3,0,0,0,0,7242.906240874095,9091.01,7078.51
2024-03-21 00:15:00,7329.94052152721,23.771804186449486,3,0,0,0,15,7237.01,8927.512743400177,7042.703585275895
2024-03-21 00:30:00,7508.437441057566,23.744495231731968,3,0,0,0,30,7329.94052152721,8478.615465747744,6984.242260828015
2024-03-21 00:45:00,7747.190640059139,23.733688661148463,3,0,0,0,45,7508.437441057566,7975.082955221441,6989.209805966129
2024-03-21 01:00:00,8020.89,23.72,3,0,0,1,0,7747.190640059139,7647.68,7143.69
2024-03-21 01:15:00,8303.784047996383,23.68820516490357,3,0,0,1,15,8020.89,7662.662802391259,7500.556421438012
2024-03-21 01:30:00,8568.355893757156,23.63972163774015,3,0,0,1,30,8303.784047996383,7928.253221219453,7979.84184558303
2024-03-21 01:45:00,8786.647292639354,23.58012729170665,3,0,0,1,45,8568.355893757156,8288.164529437921,8468.368846936532
2024-03-21 02:00:00,8930.7,23.515,3,0,0,2,0,8786.647292639354,8586.11,8852.96
2024-03-21 02:15:00,8982.79203648726,23.4485001539362,3,0,0,2,15,8930.7,8706.506672034791,9044.319322722053
2024-03-21 02:30:00,8966.146483913808,23.37911821730744,3,0,0,2,30,8982.79203648726,8696.586649374445,9048.676606839865
2024-03-21 02:45:00,8914.222689383452,23.30392717202495,3,0,0,2,45,8966.146483913808,8644.285802026876,8896.143087537743
2024-03-21 03:00:00,8860.48,23.22,3,0,0,3,0,8914.222689383452,8637.54,8616.83
2024-03-21 03:15:00,8834.041868554577,23.126622344351627,3,0,0,3,15,8860.48,8735.79629071958,8246.877225173774
2024-03-21 03:30:00,8846.688170587606,23.03193049303012,3,0,0,3,30,8834.041868554577,8884.546431282773,7846.539227057516
2024-03-21 03:45:00,8905.862887326834,22.946273395193543,3,0,0,3,45,8846.688170587606,9000.793356204578,7482.099115412499
2024-03-21 04:00:00,9019.01,22.88,3,0,0,4,0,8905.862887326834,9001.54,7219.84
2024-03-21 04:15:00,9183.75017679443,22.839401093657287,3,0,0,4,15,9019.01,8833.568790086889,7113.969432832848
2024-03-21 04:30:00,9358.41083373576,22.814534810572106,3,0,0,4,30,9183.75017679443,8562.78012549447,7170.392734930074
2024-03-21 04:45:00,9491.496073809212,22.79140112220087,3,0,0,4,45,9358.41083373576,8284.853898154817,7382.939669562263
2024-03-21 05:00:00,9531.51,22.756,3,0,0,5,0,9491.496073809212,8095.47,7745.44
2024-03-21 05:15:00,9441.937736767708,22.703226406019223,3,0,0,5,15,9531.51,8068.614798932866,8236.139105994835
2024-03-21 05:30:00,9246.188494469352,22.663555264681467,3,0,0,5,30,9441.937736767708,8191.500566739349,8770.944833222187
2024-03-21 05:45:00,8982.652504936323,22.67635649100298,3,0,0,5,45,9246.188494469352,8429.646051176158,9250.180643838446
2024-03-21 06:00:00,8689.72,22.781,3,0,0,6,0,8982.652504936323,8748.57,9574.17
2024-03-21 06:15:00,8404.994188634746,23.007240157265823,3,0,0,6,15,8689.72,9111.684357931648,9674.516330687817
2024-03-21 06:30:00,8162.930188386831,23.34636913070202,3,0,0,6,30,8404.994188634746,9473.973857548135,9607.942932181177
2024-03-21 06:45:00,7997.1960939455,23.780063538787203,3,0,0,6,45,8162.930188386831,9788.316428390555,9462.453067583943
2024-03-21 07:00:00,7941.46,24.29,3,0,0,7,0,7997.1960939455,10007.59,9326.05
2024-03-21 07:15:00,8021.933321193308,24.85709421491748,3,0,0,7,15,7941.46,10100.841363090538,9275.367446253911
2024-03-21 07:30:00,8235.000751983322,25.45921821251045,3,0,0,7,30,8021.933321193308,10101.79275306811,9341.560938053117
2024-03-21 07:45:00,8569.590306781676,26.073483103848204,3,0,0,7,45,8235.000751983322,10060.335266511627,9544.416460825762
2024-03-21 08:00:00,9014.63,26.677,3,0,0,8,0,8569.590306781676,10026.36,9903.72
2024-03-21 08:15:00,9548.699714092025,27.251929858064287,3,0,0,8,15,9014.63,10043.7036272062,10420.80341554654
2024-03-21 08:30:00,10108.986803679876,27.800633019256185,3,0,0,8,30,9548.699714092025,10131.985130179426,11023.182065606365
2024-03-21 08:45:00,10622.33049142779,28.330519670819992,3,0,0,8,45,10108.986803679876,10304.76906806294,11619.917182863004
2024-03-21 09:00:00,11015.57,28.849,3,0,0,9,0,10622.33049142779,10575.62,12120.07
2024-03-21 09:15:00,11237.662509938602,29.36104572782538,3,0,0,9,15,11015.57,10942.892721834663,12451.283266559918
2024-03-21 09:30:00,11326.037033297172,29.861874710464804,3,0,0,9,30,11237.662509938602,11344.102976214188,12615.525799521429
2024-03-21 09:45:00,11340.240540007158,30.34426633787183,3,0,0,9,45,11326.037033297172,11701.556742486617,12633.34793272222
2024-03-21 10:00:00,11339.82,30.801,3,0,0,10,0,11340.240540007158,11937.56,12525.3
2024-03-21 10:15:00,11372.073214903572,31.2251528556342,3,0,0,10,15,11339.82,11999.662360455137,12321.701330713786
2024-03-21 10:30:00,11435.301313131433,31.610993138884584,3,0,0,10,30,11372.073214903572,11936.387964963824,12091.947236307928
2024-03-21 10:45:00,11515.55625479358,31.95308685269269,3,0,0,10,45,11435.301313131433,11821.504586990595,11915.202023748108
2024-03-21 11:00:00,11598.89,32.245999999999995,3,0,0,11,0,11515.55625479358,11728.78,11870.63
2024-03-21 11:15:00,11672.352911697117,32.48698347463784,3,0,0,11,15,11598.89,11712.986742594783,12003.019535584936
2024-03-21 11:30:00,11726.988964177091,32.68402773399683,3,0,0,11,30,11672.352911697117,11752.91641393052,12219.655255246857
2024-03-21 11:45:00,11754.840534568522,32.8478081263574,3,0,0,11,45,11726.988964177091,11808.365378300996,12393.445847285348
2024-03-21 12:00:00,11747.95,32.989,3,0,0,12,0,11754.840534568522,11839.13,12397.3
2024-03-21 12:15:00,11699.683732057963,33.11814762081444,3,0,0,12,15,11747.95,11817.882075415737,12144.90990194646
2024-03-21 12:30:00,11608.704080160202,33.245270925128075,3,0,0,12,30,11699.683732057963,11768.7951293141,11713.10174270464
2024-03-21 12:45:00,11474.997388182335,33.38025876687769,3,0,0,12,45,11608.704080160202,11728.918118555415,11219.4852121105
2024-03-21 13:00:00,11298.55,33.533,3,0,0,13,0,11474.997388182335,11735.3,10781.67
2024-03-21 13:15:00,11092.479035071028,33.70356666710442,3,0,0,13,15,11298.55,11814.066049492274,10491.97835662921
2024-03-21 13:30:00,10922.424715182107,33.852763565490854,3,0,0,13,30,11092.479035071028,11947.646818813071,10341.582773934577
2024-03-21 13:45:00,10867.158037702136,33.93157868113187,3,0,0,13,45,10922.424715182107,12107.549178727337,10296.368304272655
2024-03-21 14:00:00,11005.45,33.891,3,0,0,14,0,10867.158037702136,12265.28,10322.22
2024-03-21 14:15:00,11378.24606515792,33.701163835767886,3,0,0,14,15,11005.45,12395.04700786517,10384.1210465367
2024-03-21 14:30:00,11875.18955911137,33.408799812908484,3,0,0,14,30,11378.24606515792,12481.861345433608,10443.447161557046
2024-03-21 14:45:00,12348.098273509131,33.079785883594845,3,0,0,14,45,11875.18955911137,12513.435010285242,10460.67219579887
2024-03-21 15:00:00,12648.79,32.78,3,0,0,15,0,12348.098273509131,12477.48,10396.27
2024-03-21 15:15:00,12671.46873554729,32.55327798982403,3,0,0,15,15,12648.79,12369.051700297045,10230.913238473988
2024-03-21 15:30:00,12479.88329837242,32.355287182875195,3,0,0,15,30,12671.46873554729,12212.579049452492,10026.069829837235
2024-03-21 15:45:00,12180.16871201134,32.11965278448875,3,0,0,15,45,12479.88329837242,12039.834373881691,9863.406506281866
2024-03-21 16:00:00,11878.46,31.78,3,0,0,16,0,12180.16871201134,11882.59,9824.59
2024-03-21 16:15:00,11649.360867652922,31.29572420493597,3,0,0,16,15,11878.46,11753.594628446648,9953.65787456735
2024-03-21 16:30:00,11441.34974739895,30.729301455590743,3,0,0,16,30,11649.360867652922,11589.502456756423,10144.13101909401
2024-03-21 16:45:00,11171.373753445503,30.16897797845014,3,0,0,16,45,11441.34974739895,11307.944056687984,10251.901154073665
2024-03-21 17:00:00,10756.38,29.703,3,0,0,17,0,11171.373753445503,10826.55,10132.86
2024-03-21 17:15:00,10151.704668841016,29.39362206543208,3,0,0,17,15,10756.38,10105.484942166357,9700.491982006615
2024-03-21 17:30:00,9466.240212031777,29.199131994761835,3,0,0,17,30,10151.704668841016,9275.049873521812,9098.65234378673
2024-03-21 17:45:00,8847.268149206642,29.05182592671068,3,0,0,17,45,9466.240212031777,8508.079868116367,8528.789033673482
2024-03-21 18:00:00,8442.07,28.884,3,0,0,18,0,8847.268149206642,7977.41,8192.35
2024-03-21 18:15:00,8350.927956983003,28.644646908335734,3,0,0,18,15,8442.07,7802.0621653879325,8230.524041156195
2024-03-21 18:30:00,8486.126904473951,28.34954556536192,3,0,0,18,30,8350.927956983003,7885.805549156317,8543.463355759071
2024-03-21 18:45:00,8712.952399727923,28.03117143970715,3,0,0,18,45,8486.126904473951,8078.596158346544,8971.060992482413
2024-03-21 19:00:00,8896.69,27.722,3,0,0,19,0,8712.952399727923,8230.39,9353.21
2024-03-21 19:15:00,8938.560534476968,27.44719655122501,3,0,0,19,15,8896.69,8234.259521281916,9563.309665868604
2024-03-21 19:30:00,8883.525920072421,27.20268574379049,3,0,0,19,30,8938.560534476968,8155.742929852913,9608.78423317698
2024-03-21 19:45:00,8812.483345631665,26.97708206446073,3,0,0,19,45,8883.525920072421,8103.494873497453,9530.564183896866
2024-03-21 20:00:00,8806.33,26.759,3,0,0,20,0,8812.483345631665,8186.17,9369.58
2024-03-21 20:15:00,8919.174748859128,26.54100438676425,3,0,0,20,15,8806.33,8469.122405734402,9169.35245161938
2024-03-21 20:30:00,9097.97316523636,26.33146145947612,3,0,0,20,30,8919.174748859128,8844.50398143203,8983.763461533006
2024-03-21 20:45:00,9262.892498995414,26.14268780244993,3,0,0,20,45,9097.97316523636,9161.166066413643,8869.28524068013
2024-03-21 21:00:00,9334.1,25.987,3,0,0,21,0,9262.892498995414,9267.96,8882.39
2024-03-21 21:15:00,9262.73640758652,25.87172340171799,3,0,0,21,15,9334.1,9063.333668280477,9045.973965153868
2024-03-21 21:30:00,9123.836418982137,25.784218418305013,3,0,0,21,30,9262.73640758652,8644.121144418963,9248.629420690988
2024-03-21 21:45:00,9023.408220886678,25.70685422573953,3,0,0,21,45,9123.836418982137,8156.753048347968,9345.372665882616
2024-03-21 22:00:00,9067.46,25.622,3,0,0,22,0,9023.408220886678,7747.66,9191.22
2024-03-21 22:15:00,9312.66821454478,25.516430131363787,3,0,0,22,15,9067.46,7526.293233643686,8702.558719015145
2024-03-21 22:30:00,9618.382408835098,25.39453986730382,3,0,0,22,30,9312.66821454478,7454.186440892115,8041.260105703035
2024-03-21 22:45:00,9794.620398707864,25.26512966959195,3,0,0,22,45,9618.382408835098,7455.893927694486,7430.566439539411
2024-03-21 23:00:00,9651.4,25.137,3,0,0,23,0,9794.620398707864,7455.97,7093.72
2024-03-21 23:15:00,9076.289327984348,25.01664982282687,3,0,0,23,15,9651.4,7399.374647144776,7184.3727212855565
2024-03-21 23:30:00,8267.057695677468,24.9013721124797,3,0,0,23,30,9076.289327984348,7312.69059201258,7577.81515649687
2024-03-21 23:45:00,7499.024715531854,24.78615834589268,3,0,0,23,45,8267.057695677468,7242.906240874095,8079.74751345975
2024-03-22 00:00:00,7047.51,24.666,3,0,0,0,0,7499.024715531854,7237.01,8495.87
2024-03-22 00:15:00,7103.444161017834,24.537423702328727,3,0,0,0,15,7047.51,7329.94052152721,8681.554458342633
2024-03-22 00:30:00,7520.201808455033,24.40309668277738,3,0,0,0,30,7103.444161017834,7508.437441057566,8690.859268309485
2024-03-22 00:45:00,8066.768551664718,24.267221321837344,3,0,0,0,45,7520.201808455033,7747.190640059139,8627.514444121594
2024-03-22 01:00:00,8512.13,24.134,3,0,0,1,0,8066.768551664718,8020.89,8595.25
2024-03-22 01:15:00,8683.70480919432,24.007358492858216,3,0,0,1,15,8512.13,8303.784047996383,8668.37053909391
2024-03-22 01:30:00,8642.643820502397,23.89011615641078,3,0,0,1,30,8683.70480919432,8568.355893757156,8803.47902026519
2024-03-22 01:45:00,8508.530921559275,23.78481574175796,3,0,0,1,45,8642.643820502397,8786.647292639354,8927.752991303876
2024-03-22 02:00:00,8400.95,23.694,3,0,0,2,0,8508.530921559275,8930.7,8968.37
2024-03-22 02:15:00,8405.647695954893,23.6192048262384,3,0,0,2,15,8400.95,8982.79203648726,8875.55822903173
2024-03-22 02:30:00,8473.02165953538,23.55793869157949,3,0,0,2,30,8405.647695954893,8966.146483913808,8691.74840062976
2024-03-22 02:45:00,8519.63229334818,23.50670321113084,3,0,0,2,45,8473.02165953538,8914.222689383452,8482.421871912908
2024-03-22 03:00:00,8462.04,23.462,3,0,0,3,0,8519.63229334818,8860.48,8313.06
2024-03-22 03:15:00,8246.400344486123,23.4198534521882,3,0,0,3,15,8462.04,8834.041868554577,8236.572951029168
2024-03-22 03:30:00,7937.249541356086,23.374379077271257,3,0,0,3,30,8246.400344486123,8846.688170587606,8255.586127215776
2024-03-22 03:45:00,7628.7189675480095,23.31921516371869,3,0,0,3,45,7937.249541356086,8905.862887326834,8360.153739794498
2024-03-22 04:00:00,7414.94,23.248,3,0,0,4,0,7628.7189675480095,9019.01,8540.33
2024-03-22 04:15:00,7365.277176100625,23.162771990008828,3,0,0,4,15,7414.94,9183.75017679443,8774.363404351594
2024-03-22 04:30:00,7450.027675040273,23.09916999933547,3,0,0,4,30,7365.277176100625,9358.41083373576,8993.279590507134
2024-03-22 04:45:00,7614.721836459784,23.10123300899437,3,0,0,4,45,7450.027675040273,9491.496073809212,9116.298481409103
2024-03-22 05:00:00,7804.89,23.213,3,0,0,5,0,7614.721836459784,9531.51,9062.64
2024-03-22 05:15:00,7980.853451111377,23.4641210877765,3,0,0,5,15,7804.89,9441.937736767708,8792.387962814453
2024-03-22 05:30:00,8162.097258482822,23.826690925386863,3,0,0,5,30,7980.853451111377,9246.188494469352,8429.081760755691
2024-03-22 05:45:00,8382.897436612855,24.2584153003038,3,0,0,5,45,8162.097258482822,8982.652504936323,8137.124678319083
2024-03-22 06:00:00,8677.53,24.717,3,0,0,6,0,8382.897436612855,8689.72,8080.92
2024-03-22 06:15:00,9061.368238203868,25.16919678388518,3,0,0,6,15,8677.53,8404.994188634746,8368.663806890589
2024-03-22 06:30:00,9474.17454102844,25.617941299117074,3,0,0,6,30,9061.368238203868,8162.930188386831,8883.723366470102
2024-03-22 06:45:00,9836.808573338792,26.075215164790432,3,0,0,6,45,9474.17454102844,7997.1960939455,9453.258742814563
2024-03-22 07:00:00,10070.13,26.553,3,0,0,7,0,9836.808573338792,7941.46,9904.43
2024-03-22 07:15:00,10127.500783573152,27.059044901682785,3,0,0,7,15,10070.13,8021.933321193308,10113.971497123188
2024-03-22 07:30:00,10092.292077403416,27.58416887814484,3,0,0,7,30,10127.500783573152,8235.000751983322,10156.914773363904
2024-03-22 07:45:00,10080.377332531973,28.114958415534467,3,0,0,7,45,10092.292077403416,8569.590306781676,10157.865662922664
2024-03-22 08:00:00,10207.63,28.638,3,0,0,8,0,10080.377332531973,9014.63,10241.43
2024-03-22 08:15:00,10549.047846253514,29.142107984383696,3,0,0,8,15,10207.63,9548.699714092025,10495.527860866658
2024-03-22 08:30:00,11016.125899357883,29.6250081883036,3,0,0,8,30,10549.047846253514,10108.986803679876,10861.336290074294
2024-03-22 08:45:00,11479.483502783312,30.0866542980717,3,0,0,8,45,11016.125899357883,10622.33049142779,11243.346574244775
2024-03-22 09:00:00,11809.74,30.527,3,0,0,9,0,11479.483502783312,11015.57,11546.05
2024-03-22 09:15:00,11914.692050162785,30.94707003578244,3,0,0,9,15,11809.74,11237.662509938602,11702.839246910178
2024-03-22 09:30:00,11850.84557516504,31.352173368640784,3,0,0,9,30,11914.692050162785,11326.037033297172,11762.71256633893
2024-03-22 09:45:00,11711.883812584774,31.74869001717873,3,0,0,9,45,11850.84557516504,11340.240540007158,11803.569602598216
2024-03-22 10:00:00,11591.49,32.142999999999994,3,0,0,10,0,11711.883812584774,11339.82,11903.31
2024-03-22 10:15:00,11562.589109345348,32.53711187248652,3,0,0,10,15,11591.49,11372.073214903572,12113.819995242628
2024-03-22 10:30:00,11615.073049981953,32.91554833713325,3,0,0,10,30,11562.589109345348,11435.301313131433,12382.932194569988
2024-03-22 10:45:00,11718.075465627582,33.25846063321335,3,0,0,10,45,11615.073049981953,11515.55625479358,12632.465796612354
2024-03-22 11:00:00,11840.73,33.546,3,0,0,11,0,11718.075465627582,11598.89,12784.24
2024-03-22 11:15:00,11953.835106205828,33.76523247427144,3,0,0,11,15,11840.73,11672.352911697117,12783.662490869314
2024-03-22 11:30:00,12034.848474907143,33.93088328282619,3,0,0,11,30,11953.835106205828,11726.988964177091,12670.49490538112
2024-03-22 11:45:00,12062.89260615489,34.06459244996785,3,0,0,11,45,12034.848474907143,11754.840534568522,12508.087367202372
2024-03-22 12:00:00,12017.09,34.188,3,0,0,12,0,12062.89260615489,11747.95,12359.79
2024-03-22 12:15:00,11890.166090831335,34.31636448042773,3,0,0,12,15,12017.09,11699.683732057963,12272.782385030125
2024-03-22 12:30:00,11729.25805038946,34.439418531562005,3,0,0,12,30,11890.166090831335,11608.704080160202,12229.561933905525
2024-03-22 12:45:00,11595.105984752856,34.54051331691527,3,0,0,12,45,11729.25805038946,11474.997388182335,12196.455515828166
2024-03-22 13:00:00,11548.45,34.603,3,0,0,13,0,11595.105984752856,11298.55,12139.79
2024-03-22 13:15:00,11629.301936718824,34.61493460401766,3,0,0,13,15,11548.45,11092.479035071028,12041.0540627602
2024-03-22 13:30:00,11794.760573535012,34.58319259092582,3,0,0,13,30,11629.301936718824,10922.424715182107,11942.38360899678
2024-03-22 13:45:00,11981.196423583691,34.51935428237107,3,0,0,13,45,11794.760573535012,10867.158037702136,11901.076350734971
2024-03-22 14:00:00,12124.98,34.435,3,0,0,14,0,11981.196423583691,11005.45,11974.43
2024-03-22 14:15:00,12175.40928729337,34.33683460350164,3,0,0,14,15,12124.98,11378.24606515792,12185.12292642908
2024-03-22 14:30:00,12133.492155470494,34.21206110473472,3,0,0,14,30,12175.40928729337,11875.18955911137,12417.35613010736
2024-03-22 14:45:00,12013.16394591237,34.04300705360045,3,0,0,14,45,12133.492155470494,12348.098273509131,12520.711268731957
2024-03-22 15:00:00,11828.36,33.812,3,0,0,15,0,12013.16394591237,12648.79,12344.77
2024-03-22 15:15:00,11594.763101607698,33.507242606975794,3,0,0,15,15,11828.36,12671.46873554729,11793.161887773476
2024-03-22 15:30:00,11335.045804583018,33.140437990135275,3,0,0,15,30,11594.763101607698,12479.88329837242,10985.708120573783
2024-03-22 15:45:00,11073.62810526683,32.72916437822711,3,0,0,15,45,11335.045804583018,12180.16871201134,10096.277793087207
2024-03-22 16:00:00,10834.93,32.291,3,0,0,16,0,11073.62810526683,11878.46,9298.74
2024-03-22 16:15:00,10633.346743775845,31.843382468595177,3,0,0,16,15,10834.93,11649.360867652922,8731.817647477024
2024-03-22 16:30:00,10443.174626197442,31.403186934724168,3,0,0,16,30,10633.346743775845,11441.34974739895,8393.648887597496
2024-03-22 16:45:00,10228.68519552032,30.98714793349108,3,0,0,16,45,10443.174626197442,11171.373753445503,8247.22568391922
2024-03-22 17:00:00,9954.15,30.612,3,0,0,17,0,10228.68519552032,10756.38,8255.54
2024-03-22 17:15:00,9601.667892038924,30.287586893643496,3,0,0,17,15,9954.15,10151.704668841016,8380.71049106843
2024-03-22 17:30:00,9224.646940627215,29.99618927096804,3,0,0,17,30,9601.667892038924,9466.240212031777,8581.362579036233
2024-03-22 17:45:00,8894.322518901894,29.71319701280856,3,0,0,17,45,9224.646940627215,8847.268149206642,8815.24837748592
2024-03-22 18:00:00,8681.93,29.414,3,0,0,18,0,8894.322518901894,8442.07,9040.12
2024-03-22 18:15:00,8636.02950056845,29.08256683183084,3,0,0,18,15,8681.93,8350.927956983003,9218.90195074926
2024-03-22 18:30:00,8714.480111293704,28.73718098140368,3,0,0,18,30,8636.02950056845,8486.126904473951,9335.208296257577
2024-03-22 18:45:00,8852.465666372105,28.404704640274684,3,0,0,18,45,8714.480111293704,8712.952399727923,9377.825493637109
2024-03-22 19:00:00,8985.17,28.112,3,0,0,19,0,8852.465666372105,8896.69,9335.54
2024-03-22 19:15:00,9062.368168187277,27.87839577903316,3,0,0,19,15,8985.17,8938.560534476968,9210.214518434534
2024-03-22 19:30:00,9092.200114197974,27.69308680341724,3,0,0,19,30,9062.368168187277,8883.525920072421,9056.016735933465
2024-03-22 19:45:00,9097.397003109689,27.537734426092698,3,0,0,19,45,9092.200114197974,8812.483345631665,8940.190585465658
2024-03-22 20:00:00,9100.69,27.394,3,0,0,20,0,9097.397003109689,8806.33,8929.98
2024-03-22 20:15:00,9119.557514182452,27.24605317703653,3,0,0,20,15,9100.69,8919.174748859128,9057.600288012603
2024-03-22 20:30:00,9150.466931914398,27.088096804927368,3,0,0,20,30,9119.557514182452,9097.97316523636,9215.15226000857
2024-03-22 20:45:00,9184.632883689144,26.916842030354523,3,0,0,20,45,9150.466931914398,9262.892498995414,9259.708102000252
2024-03-22 21:00:00,9213.27,26.729000000000003,3,0,0,21,0,9184.632883689144,9334.1,9048.34
2024-03-22 21:15:00,9230.256931332917,26.523860262820737,3,0,0,21,15,9213.27,9262.73640758652,8503.469485765057
2024-03-22 21:30:00,9240.128408144436,26.311025976873307,3,0,0,21,30,9230.256931332917,9123.836418982137,7808.915474032255
2024-03-22 21:45:00,9250.083180883734,26.10267870248923,3,0,0,21,45,9240.128408144436,9023.408220886678,7213.846225283327
2024-03-22 22:00:00,9267.32,25.911,3,0,0,22,0,9250.083180883734,9067.46,6967.43
2024-03-22 22:15:00,9287.639916735878,25.745271396680547,3,0,0,22,15,9267.32,9312.66821454478,7236.497706427172
2024-03-22 22:30:00,9261.253185507863,25.603174287579417,3,0,0,22,30,9287.639916735878,9618.382408835098,7858.53084386241
2024-03-22 22:45:00,9126.972361525915,25.479490034688578,3,0,0,22,45,9261.253185507863,9794.620398707864,8588.67355936644
2024-03-22 23:00:00,8823.61,25.369,3,0,0,23,0,9126.972361525915,9651.4,9182.07
2024-03-22 23:15:00,8329.331214223575,25.26697602545709,3,0,0,23,15,8823.61,9076.289327984348,9454.419532276252
2024-03-22 23:30:00,7779.711349824113,25.17065187280904,3,0,0,23,30,8329.331214223575,8267.057695677468,9463.642400518109
2024-03-22 23:45:00,7349.678310512596,25.07775178375647,3,0,0,23,45,7779.711349824113,7499.024715531854,9328.21406850091
2024-03-23 00:00:00,7214.16,24.986,3,0,1,0,0,7349.678310512596,7047.51,9166.61
2024-03-23 00:15:00,7484.138507619828,24.893683876491085,3,0,1,0,15,7214.16,7103.444161017834,9073.202601967816
2024-03-23 00:30:00,8014.812665195684,24.801343221184432,3,0,1,0,30,7484.138507619828,7520.201808455033,9045.95205406516
2024-03-23 00:45:00,8597.4354901737,24.71008095528556,3,0,1,0,45,8014.812665195684,8066.768551664718,9058.715479129924
2024-03-23 01:00:00,9023.26,24.620999999999995,3,0,1,1,0,8597.4354901737,8512.13,9085.35
2024-03-23 01:15:00,9139.333974047113,24.53602284357856,3,0,1,1,15,9023.26,8683.70480919432,9102.997872352482
2024-03-23 01:30:00,9015.884239393148,24.46035024245323,3,0,1,1,30,9139.333974047113,8642.643820502397,9101.941883221254
2024-03-23 01:45:00,8778.932385042608,24.400002520101285,3,0,1,1,45,9015.884239393148,8508.530921559275,9075.749952479397
2024-03-23 02:00:00,8554.5,24.361,3,0,1,2,0,8778.932385042608,8400.95,9017.99
2024-03-23 02:15:00,8441.80715869172,24.346927874194662,3,0,1,2,15,8554.5,8405.647695954893,8926.34606487226
2024-03-23 02:30:00,8432.867877231725,24.351630809002643,3,0,1,2,30,8441.80715869172,8473.02165953538,8814.966663049829
2024-03-23 02:45:00,8492.894657155868,24.36651833930929,3,0,1,2,45,8432.867877231725,8519.63229334818,8702.116429702486
2024-03-23 03:00:00,8587.1,24.383000000000003,3,0,1,3,0,8492.894657155868,8462.04,8606.06
2024-03-23 03:15:00,8684.316297436011,24.391968784642778,3,0,1,3,15,8587.1,8246.400344486123,8543.321930658487
2024-03-23 03:30:00,8767.855501679955,24.38225152153621,3,0,1,3,30,8684.316297436011,7937.249541356086,8523.46646457943
2024-03-23 03:45:00,8824.64945508392,24.342158497661543,3,0,1,3,45,8767.855501679955,7628.7189675480095,8554.317766210657
2024-03-23 04:00:00,8841.63,24.26,3,0,1,4,0,8824.64945508392,7414.94,8643.7
2024-03-23 04:15:00,8812.398589064236,24.13444698723423,3,0,1,4,15,8841.63,7365.277176100625,8791.984181243803
2024-03-23 04:30:00,8757.23511604846,24.005613104852515,3,0,1,4,30,8812.398589064236,7450.027675040273,8969.728728632459
2024-03-23 04:45:00,8703.089085008454,23.92397267004454,3,0,1,4,45,8757.23511604846,7614.721836459784,9140.038911704887
2024-03-23 05:00:00,8676.91,23.94,3,0,1,5,0,8703.089085008454,7804.89,9266.02
2024-03-23 05:15:00,8692.856533807044,24.090337016420303,3,0,1,5,15,8676.91,7980.853451111377,9320.694938116312
2024-03-23 05:30:00,8713.924034126205,24.356296059053737,3,0,1,5,30,8692.856533807044,8162.097258482822,9316.75737089074
2024-03-23 05:45:00,8690.317017382262,24.7053570721603,3,0,1,5,45,8713.924034126205,8382.897436612855,9276.818618219795
2024-03-23 06:00:00,8572.24,25.105,3,0,1,6,0,8690.317017382262,8677.53,9223.49
2024-03-23 06:15:00,8341.798244457588,25.52882994708456,3,0,1,6,15,8572.24,9061.368238203868,9174.59559754095
2024-03-23 06:30:00,8108.699997446727,25.97495265893255,3,0,1,6,30,8341.798244457588,9474.17454102844,9128.81053780459
2024-03-23 06:45:00,8014.554251712502,26.44759904131427,3,0,1,6,45,8108.699997446727,9836.808573338792,9080.02270916593
2024-03-23 07:00:00,8200.97,26.951,3,0,1,7,0,8014.554251712502,10070.13,9022.12
2024-03-23 07:15:00,8750.928300862603,27.486749445241458,3,0,1,7,15,8200.97,10127.500783573152,8957.68001546988
2024-03-23 07:30:00,9512.898476086888,28.04589330521605,3,0,1,7,30,8750.928300862603,10092.292077403416,8924.039227890908
2024-03-23 07:45:00,10276.721913267727,28.61684051258262,3,0,1,7,45,9512.898476086888,10080.377332531973,8967.22382636648
2024-03-23 08:00:00,10832.24,29.187999999999995,3,0,1,8,0,10276.721913267727,10207.63,9133.26
2024-03-23 08:15:00,11030.293864592002,29.7499535219496,3,0,1,8,15,10832.24,10549.047846253514,9449.77965307953
2024-03-23 08:30:00,10965.723598205726,30.301974120203223,3,0,1,8,30,11030.293864592002,11016.125899357883,9870.837550631786
2024-03-23 08:45:00,10794.36903271659,30.845507658355224,3,0,1,8,45,10965.723598205726,11479.483502783312,10332.094172868148
2024-03-23 09:00:00,10672.07,31.381999999999994,3,0,1,9,0,10794.36903271659,11809.74,10769.21
2024-03-23 09:15:00,10718.385303269388,31.911873966960112,3,0,1,9,15,10672.07,11914.692050162785,11129.859497212
2024-03-23 09:30:00,10907.749631090206,32.43146021397104,3,0,1,9,30,10718.385303269388,11850.84557516504,11409.77306958195
2024-03-23 09:45:00,11178.316643365924,32.936066353996445,3,0,1,9,45,10907.749631090206,11711.883812584774,11616.695107160926
2024-03-23 10:00:00,11468.24,33.421,3,0,1,10,0,11178.316643365924,11591.49,11758.37
2024-03-23 10:15:00,11724.867422330446,33.87926936020993,3,0,1,10,15,11468.24,11562.589109345348,11843.933764322464
2024-03-23 10:30:00,11932.322877433446,34.29468502391261,3,0,1,10,30,11724.867422330446,11615.073049981953,11888.088921040411
2024-03-23 10:45:00,12083.92439381972,34.648758175659,3,0,1,10,45,11932.322877433446,11718.075465627582,11906.929617238156
2024-03-23 11:00:00,12172.99,34.923,3,0,1,11,0,12083.92439381972,11840.73,11916.55
2024-03-23 11:15:00,12196.233757408823,35.10675171720018,3,0,1,11,15,12172.99,11953.835106205828,11933.719820498149
2024-03-23 11:30:00,12163.953859176012,35.22067469037851,3,0,1,11,30,12196.233757408823,12034.848474907143,11977.911246256395
2024-03-23 11:45:00,12089.844531355193,35.293260318367594,3,0,1,11,45,12163.953859176012,12062.89260615489,12069.27204888645
2024-03-23 12:00:00,11987.6,35.353,3,0,1,12,0,12089.844531355193,12017.09,12227.95
2024-03-23 12:15:00,11869.655829284253,35.42286439598936,3,0,1,12,15,11987.6,11890.166090831335,12448.86648493495
2024-03-23 12:30:00,11743.412935862503,35.503741214573346,3,0,1,12,30,11869.655829284253,11729.25805038946,12626.037343933996
2024-03-23 12:45:00,11615.013574509509,35.59099742587066,3,0,1,12,45,11743.412935862503,11595.105984752856,12628.252030966043
2024-03-23 13:00:00,11490.6,35.68,3,0,1,13,0,11615.013574509509,11548.45,12324.3
2024-03-23 13:15:00,11378.86448795417,35.75982194884239,3,0,1,13,15,11490.6,11629.301936718824,11652.87189601206
2024-03-23 13:30:00,11298.699397373968,35.7943604513281,3,0,1,13,30,11378.86448795417,11794.760573535012,10832.263128007622
2024-03-23 13:45:00,11271.54710810678,35.741218728149775,3,0,1,13,45,11298.699397373968,11981.196423583691,10150.670295999373
2024-03-23 14:00:00,11318.85,35.558,3,0,1,14,0,11271.54710810678,12124.98,9896.29
2024-03-23 14:15:00,11448.258718899067,35.2219728086411,3,0,1,14,15,11318.85,12175.40928729337,10255.716556016803
2024-03-23 14:30:00,11612.25697464163,34.78906698011422,3,0,1,14,30,11448.258718899067,12133.492155470494,11009.135144035516
2024-03-23 14:45:00,11749.536743063374,34.33487766153024,3,0,1,14,45,11612.25697464163,12013.16394591237,11835.12866003647
2024-03-23 15:00:00,11798.79,33.934999999999995,3,0,1,15,0,11749.536743063374,11828.36,12412.28
2024-03-23 15:15:00,11714.355792699556,33.642505566593215,3,0,1,15,15,11798.79,11594.763101607698,12505.354379920718
2024-03-23 15:30:00,11513.16145405952,33.420371628214994,3,0,1,15,30,11714.355792699556,11335.045804583018,12223.846295850317
2024-03-23 15:45:00,11227.781388389723,33.20905187572927,3,0,1,15,45,11513.16145405952,11073.62810526683,11763.432563854756
2024-03-23 16:00:00,10890.79,32.949,3,0,1,16,0,11227.781388389723,10834.93,11319.79
2024-03-23 16:15:00,10530.70561030271,32.597989299986025,3,0,1,16,15,10890.79,10633.346743775845,11038.052643050323
2024-03-23 16:30:00,10159.822209120295,32.18307150702579,3,0,1,16,30,10530.70561030271,10443.174626197442,10861.183422563225
2024-03-23 16:45:00,9786.377703377737,31.748617960552668,3,0,1,16,45,10159.822209120295,10228.68519552032,10681.602490794512
2024-03-23 17:00:00,9418.61,31.339,3,0,1,17,0,9786.377703377737,9954.15,10391.73
2024-03-23 17:15:00,9069.50239108961,30.986677858462688,3,0,1,17,15,9418.61,9601.667892038924,9925.750204127997
2024-03-23 17:30:00,8771.019709459295,30.67646734368183,3,0,1,17,30,9069.50239108961,9224.646940627215,9384.903763896797
2024-03-23 17:45:00,8559.872173099333,30.38127315706005,3,0,1,17,45,8771.019709459295,8894.322518901894,8912.195441717195
2024-03-23 18:00:00,8472.77,30.074,3,0,1,18,0,8559.872173099333,8681.93,8650.63
2024-03-23 18:15:00,8527.54029408885,29.73515864116322,3,0,1,18,15,8472.77,8636.02950056845,8689.4895091877
2024-03-23 18:30:00,8666.477703042523,29.37568411824689,3,0,1,18,30,8527.54029408885,8714.480111293704,8903.1652718496
2024-03-23 18:45:00,8812.993760474934,29.014117536207127,3,0,1,18,45,8666.477703042523,8852.465666372105,9112.3258985867
2024-03-23 19:00:00,8890.5,28.669000000000004,3,0,1,19,0,8812.993760474934,8985.17,9137.64
2024-03-23 19:15:00,8847.729245054992,28.35581257688444,3,0,1,19,15,8890.5,9062.368168187277,8856.222384121204
2024-03-23 19:30:00,8734.699478370614,28.07779618333059,3,0,1,19,30,8847.729245054992,9092.200114197974,8370.972648704805
2024-03-23 19:45:00,8626.74997250093,27.83513169811145,3,0,1,19,45,8734.699478370614,9097.397003109689,7841.236588936005
2024-03-23 20:00:00,8599.22,27.628,3,0,1,20,0,8626.74997250093,9100.69,7426.36
2024-03-23 20:15:00,8703.139913191182,27.454356676299053,3,0,1,20,15,8599.22,9119.557514182452,7241.367985577487
2024-03-23 20:30:00,8892.304383475019,27.303256148430748,3,0,1,20,30,8703.139913191182,9150.466931914398,7224.002883331176
2024-03-23 20:45:00,9096.199162021345,27.16152754634707,3,0,1,20,45,8892.304383475019,9184.632883689144,7267.686339419277
2024-03-23 21:00:00,9244.31,27.016,3,0,1,21,0,9096.199162021345,9213.27,7265.84
2024-03-23 21:15:00,9288.279695930276,26.856963842919363,3,0,1,21,15,9244.31,9230.256931332917,7149.794736068847
2024-03-23 21:30:00,9268.37923772931,26.68855422294641,3,0,1,21,30,9288.279695930276,9240.128408144436,7002.518317970488
2024-03-23 21:45:00,9247.036660663687,26.518367491500257,3,0,1,21,45,9268.37923772931,9250.083180883734,6944.887740886885
2024-03-23 22:00:00,9286.68,26.354,3,0,1,22,0,9247.036660663687,9267.32,7097.78
2024-03-23 22:15:00,9419.756615587708,26.20133482702349,3,0,1,22,15,9286.68,9287.639916735878,7534.387601397125
2024-03-23 22:30:00,9558.791165607743,26.059401959783592,3,0,1,22,30,9419.756615587708,9261.253185507863,8137.165094786871
2024-03-23 22:45:00,9586.327632823908,25.925518112651893,3,0,1,22,45,9558.791165607743,9126.972361525915,8740.882540783183
2024-03-23 23:00:00,9384.91,25.797,3,0,1,23,0,9586.327632823908,8823.61,9180.31
2024-03-23 23:15:00,8890.896966718889,25.672509348986665,3,0,1,23,15,9384.91,8329.331214223575,9339.116420842654
2024-03-23 23:30:00,8255.906099839714,25.556087937919227,3,0,1,23,30,8890.896966718889,7779.711349824113,9296.566302882024
2024-03-23 23:45:00,7685.369683040682,25.453122557892176,3,0,1,23,45,8255.906099839714,7349.678310512596,9180.823033480385
2024-03-24 00:00:00,7384.72,25.369,3,0,1,0,0,7685.369683040682,7214.16,9120.05
2024-03-24 00:15:00,7493.011142536733,25.30640902702985,3,0,1,0,15,7384.72,7484.138507619828,9196.255777732262
2024-03-24 00:30:00,7883.784435033396,25.257246288539505,3,0,1,0,30,7493.011142536733,8014.812665195684,9306.829693685027
2024-03-24 00:45:00,8364.203010013362,25.21071040577941,3,0,1,0,45,7883.784435033396,8597.4354901737,9303.00626279528
2024-03-24 01:00:00,8741.43,25.156,3,0,1,1,0,8364.203010013362,9023.26,9036.02
2024-03-24 01:15:00,8873.035650634178,25.08596391789393,3,0,1,1,15,8741.43,9139.333974047113,8425.050624478303
2024-03-24 01:30:00,8818.218660026701,25.00805190792276,3,0,1,1,30,8873.035650634178,9015.884239393148,7661.058672377862
2024-03-24 01:45:00,8686.584839405878,24.933363943990194,3,0,1,1,45,8818.218660026701,8778.932385042608,7002.94988408849
2024-03-24 02:00:00,8587.74,24.873,3,0,1,2,0,8686.584839405878,8554.5,6709.63
2024-03-24 02:15:00,8599.633911176557,24.8354540513944,3,0,1,2,15,8587.74,8441.80715869172,6954.779068104529
2024-03-24 02:30:00,8673.592174859792,24.81879607976947,3,0,1,2,30,8599.633911176557,8432.867877231725,7571.174366803525
2024-03-24 02:45:00,8729.284351113129,24.818490068259816,3,0,1,2,45,8673.592174859792,8492.894657155868,8306.367482100757
2024-03-24 03:00:00,8686.38,24.83,3,0,1,3,0,8729.284351113129,8587.1,8907.91
2024-03-24 03:15:00,8492.57370465959,24.8472042515285,3,0,1,3,15,8686.38,8684.316297436011,9185.31154060358
2024-03-24 03:30:00,8207.66014053413,24.85763877299936,3,0,1,3,30,8492.57370465959,8767.855501679955,9195.913860408042
2024-03-24 03:45:00,7919.459006141603,24.847253907970543,3,0,1,3,45,8207.66014053413,8824.64945508392,9059.016750008484
2024-03-24 04:00:00,7715.79,24.802,3,0,1,4,0,7919.459006141603,8841.63,8893.92
2024-03-24 04:15:00,7662.315801435078,24.71711956749162,3,0,1,4,15,7715.79,8812.398589064236,8797.989925731148
2024-03-24 04:30:00,7736.07101300369,24.62502382823308,3,0,1,4,30,7662.315801435078,8757.23511604846,8780.85894156431
2024-03-24 04:45:00,7891.933218070454,24.567416174858,3,0,1,4,45,7736.07101300369,8703.089085008454,8830.225986615314
2024-03-24 05:00:00,8084.78,24.586,3,0,1,5,0,7891.933218070454,8676.91,8933.79
2024-03-24 05:15:00,8279.392464600094,24.71319247850503,3,0,1,5,15,8084.78,8692.856533807044,9077.987975221822
2024-03-24 05:30:00,8480.16580745111,24.94426591406832,3,0,1,5,30,8279.392464600094,8713.924034126205,9244.209123334726
2024-03-24 05:45:00,8701.398746576573,25.26520639259746,3,0,1,5,45,8480.16580745111,8690.317017382262,9412.58070978026
2024-03-24 06:00:00,8957.39,25.661999999999995,3,0,1,6,0,8701.398746576573,8572.24,9563.23
2024-03-24 06:15:00,9256.58027766454,26.12050114348826,3,0,1,6,15,8957.39,8341.798244457588,9678.700829631558
2024-03-24 06:30:00,9583.97825719186,26.626037515493607,3,0,1,6,30,9256.58027766454,8108.699997446727,9751.203315096796
2024-03-24 06:45:00,9918.734608123248,27.163805129752152,3,0,1,6,45,9583.97825719186,8014.554251712502,9775.364143013638
2024-03-24 07:00:00,10240.0,27.719,3,0,1,7,0,9918.734608123248,8200.97,9745.81
2024-03-24 07:15:00,10528.33126849174,28.27802169754191,3,0,1,7,15,10240.0,8750.928300862603,9669.570425001946
2024-03-24 07:30:00,10769.909913781446,28.832084023957226,3,0,1,7,30,10528.33126849174,9512.898476086888,9603.286366278093
2024-03-24 07:45:00,10952.32360218043,29.37360433839393,3,0,1,7,45,10769.909913781446,10276.721913267727,9616.001624415192
2024-03-24 08:00:00,11063.16,29.895,3,0,1,8,0,10952.32360218043,10832.24,9776.76
2024-03-24 08:15:00,11099.719179618492,30.391349566344086,3,0,1,8,15,11063.16,11030.293864592002,10128.423564110655
2024-03-24 08:30:00,11098.150837682351,30.868376388677486,3,0,1,8,30,11099.719179618492,10965.723598205726,10609.127469790834
2024-03-24 08:45:00,11104.317076905032,31.334465016672137,3,0,1,8,45,11098.150837682351,10794.36903271659,11130.825140575596
2024-03-24 09:00:00,11164.08,31.798,3,0,1,9,0,11104.317076905032,10672.07,11605.47
2024-03-24 09:15:00,11307.21623178428,32.26509566208173,3,0,1,9,15,11164.08,10718.385303269388,11956.672349805429
2024-03-24 09:30:00,11499.16048548915,32.73278542133283,3,0,1,9,30,11307.21623178428,10907.749631090206,12154.670004558568
2024-03-24 09:45:00,11689.261996449444,33.19583246991752,3,0,1,9,45,11499.16048548915,11178.316643365924,12181.357657032422
2024-03-24 10:00:00,11826.87,33.649,3,0,1,10,0,11689.261996449444,11468.24,12018.63
2024-03-24 10:15:00,11874.056361994382,34.08592403532899,3,0,1,10,15,11826.87,11724.867422330446,11678.390005417625
2024-03-24 10:30:00,11843.783470361048,34.495731925991194,3,0,1,10,30,11874.056361994382,11932.322877433446,11292.57376197489
2024-03-24 10:45:00,11761.736343547193,34.8664238536578,3,0,1,10,45,11843.783470361048,12083.92439381972,11023.125637544712
2024-03-24 11:00:00,11653.6,35.186,3,0,1,11,0,11761.736343547193,12172.99,11031.99
2024-03-24 11:15:00,11544.518945238196,35.4449269466023,3,0,1,11,15,11653.6,12196.233757408823,11413.406222274072
2024-03-24 11:30:00,11457.475633066657,35.6435368747024,3,0,1,11,30,11544.518945238196,12163.953859176012,11990.793697541869
2024-03-24 11:45:00,11414.912004361788,35.784628365451304,3,0,1,11,45,11457.475633066657,12089.844531355193,12519.866824038729
2024-03-24 12:00:00,11439.27,35.871,3,0,1,12,0,11414.912004361788,11987.6,12756.34
2024-03-24 12:15:00,11542.087857052831,35.906774428261805,3,0,1,12,15,11439.27,11869.655829284253,12532.072761736086
2024-03-24 12:30:00,11691.288997372329,35.901370575199216,3,0,1,12,30,11542.087857052831,11743.412935862503,11983.505197857638
2024-03-24 12:45:00,11843.89313900566,35.86553143453701,3,0,1,12,45,11691.288997372329,11615.013574509509,11323.22253505037
2024-03-24 13:00:00,11956.92,35.809999999999995,3,0,1,13,0,11843.89313900566,11490.6,10763.81
2024-03-24 13:15:00,11998.274939050476,35.74195971535047,3,0,1,13,15,11956.92,11378.86448795417,10465.723512031584
2024-03-24 13:30:00,11979.405877444036,35.65435582450075,3,0,1,13,30,11998.274939050476,11298.699397373968,10380.90176102758
2024-03-24 13:45:00,11922.646377115576,35.536574021400654,3,0,1,13,45,11979.405877444036,11271.54710810678,10409.154129509783
2024-03-24 14:00:00,11850.33,35.378,3,0,1,14,0,11922.646377115576,11318.85,10450.29
2024-03-24 14:15:00,11778.356761745266,35.17379296033629,3,0,1,14,15,11850.33,11448.258718899067,10434.389908887571
2024-03-24 14:30:00,11696.892492851535,34.94220612679779,3,0,1,14,30,11778.356761745266,11612.25697464163,10412.619008032038
2024-03-24 14:45:00,11589.66947753204,34.70726622986038,3,0,1,14,45,11696.892492851535,11749.536743063374,10466.413603160485
2024-03-24 15:00:00,11440.42,34.493,3,0,1,15,0,11589.66947753204,11798.79,10677.21
2024-03-24 15:15:00,11240.100513968466,34.313821568304334,3,0,1,15,15,11440.42,11714.355792699556,11082.746071168132
2024-03-24 15:30:00,11008.564151149816,34.14569466830812,3,0,1,15,30,11240.100513968466,11513.16145405952,11545.965956844271
2024-03-24 15:45:00,10772.88821275626,33.95497043415784,3,0,1,15,45,11008.564151149816,11227.781388389723,11886.115364098276
2024-03-24 16:00:00,10560.15,33.708,3,0,1,16,0,10772.88821275626,10890.79,11922.44
2024-03-24 16:15:00,10388.17196363087,33.38018639144637,3,0,1,16,15,10560.15,10530.70561030271,11536.309556439905
2024-03-24 16:30:00,10237.757152549197,32.98314019996977,3,0,1,16,30,10388.17196363087,10159.822209120295,10857.589664590876
2024-03-24 16:45:00,10080.453765192924,32.537523908508284,3,0,1,16,45,10237.757152549197,9786.377703377737,10078.269940446413
2024-03-24 17:00:00,9887.81,32.06399999999999,3,0,1,17,0,10080.453765192924,9418.61,9390.34
2024-03-24 17:15:00,9644.623194008043,31.581042240910165,3,0,1,17,15,9887.81,9069.50239108961,8941.116328072252
2024-03-24 17:30:00,9388.687238653392,31.098369531812786,3,0,1,17,30,9644.623194008043,8771.019709459295,8699.222884792225
2024-03-24 17:45:00,9171.04516397204,30.623512056809005,3,0,1,17,45,9388.687238653392,8559.872173099333,8588.610499116083
2024-03-24 18:00:00,9042.74,30.164,3,0,1,18,0,9171.04516397204,8472.77,8533.23
2024-03-24 18:15:00,9035.265885336945,29.727035269912943,3,0,1,18,15,9042.74,8527.54029408885,8475.118568771084
2024-03-24 18:30:00,9101.921392837236,29.318506672779087,3,0,1,18,30,9035.265885336945,8666.477703042523,8428.658796240228
2024-03-24 18:45:00,9176.45620391891,28.943974739255683,3,0,1,18,45,9101.921392837236,8812.993760474934,8426.319625589256
2024-03-24 19:00:00,9192.62,28.609,3,0,1,19,0,9176.45620391891,8890.5,8500.57
2024-03-24 19:15:00,9104.98263964418,28.31666042943806,3,0,1,19,15,9192.62,8847.729245054992,8668.185803093404
2024-03-24 19:30:00,8951.394689997667,28.06010377707088,3,0,1,19,30,9104.98263964418,8734.699478370614,8883.170680246863
2024-03-24 19:45:00,8790.526895352323,27.82999523616827,3,0,1,19,45,8951.394689997667,8626.74997250093,9083.835217276892
2024-03-24 20:00:00,8681.05,27.617,3,0,1,20,0,8790.526895352323,8599.22,9208.49
2024-03-24 20:15:00,8666.254962336336,27.41336988733484,3,0,1,20,15,8681.05,8703.139913191182,9217.2350938553
2024-03-24 20:30:00,8727.91359717209,27.2177032189374,3,0,1,20,30,8666.254962336336,8892.304383475019,9157.328482772316
2024-03-24 20:45:00,8832.417933421797,27.030184941071266,3,0,1,20,45,8727.91359717209,9096.199162021345,9097.817630303174
2024-03-24 21:00:00,8946.16,26.851,3,0,1,21,0,8832.417933421797,9244.31,9107.75
2024-03-24 21:15:00,9039.947979760474,26.679594396222583,3,0,1,21,15,8946.16,9288.279695930276,9224.5927277354
2024-03-24 21:30:00,9102.254671313973,26.51245834717952,3,0,1,21,30,9039.947979760474,9268.37923772931,9359.491638663876
2024-03-24 21:45:00,9125.969027210482,26.34534312454669,3,0,1,21,45,9102.254671313973,9247.036660663687,9392.012230260412
2024-03-24 22:00:00,9103.98,26.174,3,0,1,22,0,9125.969027210482,9286.68,9201.72
2024-03-24 22:15:00,9034.150306121765,25.996627527774823,3,0,1,22,15,9103.98,9419.756615587708,8722.148995203108
2024-03-24 22:30:00,8934.237717572023,25.82121339234453,3,0,1,22,30,9034.150306121765,9558.791165607743,8102.707462572184
2024-03-24 22:45:00,8826.97377023627,25.65819256074197,3,0,1,22,45,8934.237717572023,9586.327632823908,7546.77219865517
2024-03-24 23:00:00,8735.09,25.518,3,0,1,23,0,8826.97377023627,9384.91,7257.72
2024-03-24 23:15:00,8676.782514502467,25.40727049267812,3,0,1,23,15,8735.09,8890.896966718889,7377.478478952168
2024-03-24 23:30:00,8652.105708397934,25.31743808344237,3,0,1,23,30,8676.782514502467,8255.906099839714,7802.178511047381
2024-03-24 23:45:00,8656.578548094438,25.23613663248544,3,0,1,23,45,8652.105708397934,7685.369683040682,8366.501787618905
2024-03-25 00:00:00,8685.72,25.151,3,1,0,0,0,8656.578548094438,7384.72,8905.13
2024-03-25 00:15:00,8728.586510868374,25.0526811265127,3,1,0,0,15,8685.72,7493.011142536733,9276.592088988218
2024-03-25 00:30:00,8748.384448836234,24.94390927388599,3,1,0,0,30,8728.586510868374,7883.784435033396,9434.805993238286
2024-03-25 00:45:00,8701.857662385977,24.830432784316287,3,1,0,0,45,8748.384448836234,8364.203010013362,9357.536900869209
2024-03-25 01:00:00,8545.75,24.718,3,1,0,1,0,8701.857662385977,8741.43,9022.55
2024-03-25 01:15:00,8261.731910774035,24.611817501271084,3,1,0,1,15,8545.75,8873.035650634178,8444.24800884495
2024-03-25 01:30:00,7931.180246257126,24.51492482101367,3,1,0,1,30,8261.731910774035,8818.218660026701,7783.583765999474
2024-03-25 01:45:00,7660.398458611655,24.429819730249413,3,1,0,1,45,7931.180246257126,8686.584839405878,7238.1476401542595
2024-03-25 02:00:00,7555.69,24.359,3,1,0,2,0,7660.398458611655,8587.74,7005.53
2024-03-25 02:15:00,7685.71662728549,24.303017618402965,3,1,0,2,15,7555.69,8599.633911176557,7215.479313131974
2024-03-25 02:30:00,7968.573316135262,24.25464144205934,3,1,0,2,30,7685.71662728549,8673.592174859792,7726.376442763815
2024-03-25 02:45:00,8284.713346917402,24.20469454468605,3,1,0,2,45,7968.573316135262,8729.284351113129,8328.76035101375
2024-03-25 03:00:00,8514.59,24.144,3,1,0,3,0,8284.713346917402,8686.38,8813.17
2024-03-25 03:15:00,8574.651580084002,24.06547140011706,3,1,0,3,15,8514.59,8492.57370465959,9021.905988627155
2024-03-25 03:30:00,8525.326489201825,23.970384410748963,3,1,0,3,30,8574.651580084002,8207.66014053413,9004.315462945262
2024-03-25 03:45:00,8463.038153718731,23.862105216006377,3,1,0,3,45,8525.326489201825,7919.459006141603,8861.507205790738
2024-03-25 04:00:00,8484.21,23.744,3,1,0,4,0,8463.038153718731,7715.79,8694.59
2024-03-25 04:15:00,8656.849083628491,23.627206156128786,3,1,0,4,15,8484.21,7662.315801435078,8589.71048235941
2024-03-25 04:30:00,8935.296977057442,23.553945914944805,3,1,0,4,30,8656.849083628491,7736.07101300369,8573.16670545514
2024-03-25 04:45:00,9245.47888195767,23.574212716288425,3,1,0,4,45,8935.296977057442,7891.933218070454,8656.294575823295
2024-03-25 05:00:00,9513.32,23.738,3,1,0,5,0,9245.47888195767,8084.78,8850.43
2024-03-25 05:15:00,9682.59896040202,24.074860225367807,3,1,0,5,15,9513.32,8279.392464600094,9149.910831935202
2024-03-25 05:30:00,9768.508102568405,24.53258192947182,3,1,0,5,30,9682.59896040202,8480.16580745111,9481.08271523419
2024-03-25 05:45:00,9804.093193450582,25.03851266883992,3,1,0,5,45,9768.508102568405,8701.398746576573,9753.29324091608
2024-03-25 06:00:00,9822.4,25.52,3,1,0,6,0,9804.093193450582,8957.39,9875.89
2024-03-25 06:15:00,9848.320074763418,25.924196692399978,3,1,0,6,15,9822.4,9256.58027766454,9789.884627399775
2024-03-25 06:30:00,9874.12811266894,26.27747636716791,3,1,0,6,30,9848.320074763418,9583.97825719186,9562.944933608109
2024-03-25 06:45:00,9883.944594239989,26.626017858351887,3,1,0,6,45,9874.12811266894,9918.734608123248,9294.40277301238
2024-03-25 07:00:00,9861.89,27.016,3,1,0,7,0,9883.944594239989,10240.0,9083.59
2024-03-25 07:15:00,9803.7644905443,27.48104050503227,3,1,0,7,15,9861.89,10528.33126849174,9014.51112721568
2024-03-25 07:30:00,9752.086946755837,28.00451260185652,3,1,0,7,30,9803.7644905443,10769.909913781446,9109.861300333388
2024-03-25 07:45:00,9761.055929589456,28.55722839775251,3,1,0,7,45,9752.086946755837,10952.32360218043,9377.0083232844
2024-03-25 08:00:00,9884.87,29.11,3,1,0,8,0,9761.055929589456,11063.16,9823.32
2024-03-25 08:15:00,10155.79024430938,29.63967253747093,3,1,0,8,15,9884.87,11099.719179618492,10431.6335199875
2024-03-25 08:30:00,10518.327850307718,30.14722322540598,3,1,0,8,30,10155.79024430938,11098.150837682351,11086.663615058344
2024-03-25 08:45:00,10895.056531152197,30.63966230063805,3,1,0,8,45,10518.327850307718,11104.317076905032,11648.59440260002
2024-03-25 09:00:00,11208.55,31.124,3,1,0,9,0,10895.056531152197,11164.08,11977.61
2024-03-25 09:15:00,11402.230157218182,31.60570684508401,3,1,0,9,15,11208.55,11307.21623178428,11983.682136584324
2024-03-25 09:30:00,11502.911652013296,32.08409449651954,3,1,0,9,30,11402.230157218182,11499.16048548915,11775.932989433231
2024-03-25 09:45:00,11558.257320801762,32.55693489969529,3,1,0,9,45,11502.911652013296,11689.261996449444,11513.272347565526
2024-03-25 10:00:00,11615.93,33.022000000000006,3,1,0,10,0,11558.257320801762,11826.87,11354.61
2024-03-25 10:15:00,11710.042095567886,33.477406332193006,3,1,0,10,15,11615.93,11874.056361994382,11417.56980867521
2024-03-25 10:30:00,11820.504291639092,33.92264878851589,3,1,0,10,30,11710.042095567886,11843.783470361048,11654.631927208728
2024-03-25 10:45:00,11913.676841890754,34.35756685058083,3,1,0,10,45,11820.504291639092,11761.736343547193,11976.99058213788
2024-03-25 11:00:00,11955.92,34.782,3,1,0,11,0,11913.676841890754,11653.6,12295.84
2024-03-25 11:15:00,11926.526148010282,35.191370951143966,3,1,0,11,15,11955.92,11544.518945238196,12538.40831621484
2024-03-25 11:30:00,11856.516181430332,35.5634353494169,3,1,0,11,30,11926.526148010282,11457.475633066657,12696.059301731864
2024-03-25 11:45:00,11789.84312413522,35.871532072981395,3,1,0,11,45,11856.516181430332,11414.912004361788,12776.190636382951
2024-03-25 12:00:00,11770.46,36.089,3,1,0,12,0,11789.84312413522,11439.27,12786.2
2024-03-25 12:15:00,11827.586593640992,36.19817236323113,3,1,0,12,15,11770.46,11542.087857052831,12738.458645215427
2024-03-25 12:30:00,11931.50973263957,36.21735981381649,3,1,0,12,30,11827.586593640992,11691.288997372329,12665.232115863826
2024-03-25 12:45:00,12037.78300531836,36.173867357493606,3,1,0,12,45,11931.50973263957,11843.89313900566,12603.759528580307
2024-03-25 13:00:00,12101.96,36.095,3,1,0,13,0,12037.78300531836,11956.92,12591.28
2024-03-25 13:15:00,12095.596227425744,36.00420522093151,3,1,0,13,15,12101.96,11998.274939050476,12645.797727923444
2024-03-25 13:30:00,12054.254888011385,35.909500395317146,3,1,0,13,30,12095.596227425744,11979.405877444036,12708.377234812842
2024-03-25 13:45:00,12029.501104591329,35.8150453720442,3,1,0,13,45,12054.254888011385,11922.646377115576,12700.84812429582
2024-03-25 14:00:00,12072.9,35.725,3,1,0,14,0,12029.501104591329,11850.33,12545.04
2024-03-25 14:15:00,12211.484902906026,35.63649112804284,3,1,0,14,15,12072.9,11778.356761745266,12192.6382555908
2024-03-25 14:30:00,12374.161965314895,35.518513604914965,3,1,0,14,30,12211.484902906026,11696.892492851535,11714.75144488481
2024-03-25 14:45:00,12465.30554506632,35.3330292793296,3,1,0,14,45,12374.161965314895,11589.66947753204,11212.343911736414
2024-03-25 15:00:00,12389.29,35.042,3,1,0,15,0,12465.30554506632,11440.42,10786.38
2024-03-25 15:15:00,12082.594004700151,34.62337714189714,3,1,0,15,15,12389.29,11240.100513968466,10511.23409346336
2024-03-25 15:30:00,11610.113500729029,34.11907018502302,3,1,0,15,30,12082.594004700151,11008.564151149816,10354.920735647922
2024-03-25 15:45:00,11068.84874639339,33.586978135637395,3,1,0,15,45,11610.113500729029,10772.88821275626,10258.864510008523
2024-03-25 16:00:00,10555.8,33.085,3,1,0,16,0,11068.84874639339,10560.15,10164.49
2024-03-25 16:15:00,10148.065484543364,32.65632842936861,3,1,0,16,15,10555.8,10388.17196363087,10023.86708930576
2024-03-25 16:30:00,9843.135281768986,32.28533065499296,3,1,0,16,30,10148.065484543364,10237.757152549197,9831.6468625235
2024-03-25 16:45:00,9618.597438110117,31.94166755312084,3,1,0,16,45,9843.135281768986,10080.453765192924,9593.12570447949
2024-03-25 17:00:00,9452.04,31.595,3,1,0,17,0,9618.597438110117,9887.81,9313.6
2024-03-25 17:15:00,9322.092338376391,31.22130914062844,3,1,0,17,15,9452.04,9644.623194008043,9006.377080563601
2024-03-25 17:30:00,9211.549122195029,30.821857195005126,3,1,0,17,30,9322.092338376391,9388.687238653392,8716.808064258079
2024-03-25 17:45:00,9104.24634491615,30.40422665187925,3,1,0,17,45,9211.549122195029,9171.04516397204,8498.255015823515
2024-03-25 18:00:00,8984.02,29.976,3,1,0,18,0,9104.24634491615,9042.74,8404.08
2024-03-25 18:15:00,8841.787505701075,29.544263133117617,3,1,0,18,15,8984.02,9035.265885336945,8469.081775939834
2024-03-25 18:30:00,8696.791979450905,29.11411556498652,3,1,0,18,30,8841.787505701075,9101.921392837236,8653.805880444188
2024-03-25 18:45:00,8575.357963475284,28.69016021436217,3,1,0,18,45,8696.791979450905,9176.45620391891,8900.234544726449
2024-03-25 19:00:00,8503.81,28.277,3,1,0,19,0,8575.357963475284,9192.62,9150.35
2024-03-25 19:15:00,8496.55638881931,27.88085707690108,3,1,0,19,15,8503.81,9104.98263964418,9347.22300317706
2024-03-25 19:30:00,8520.340460001347,27.514430545048786,3,1,0,19,30,8496.55638881931,8951.394689997667,9438.27841396517
2024-03-25 19:45:00,8529.98930118271,27.192038740672103,3,1,0,19,45,8520.340460001347,8790.526895352323,9372.029617770691
2024-03-25 20:00:00,8480.33,26.928,3,1,0,20,0,8529.98930118271,8681.05,9096.99
2024-03-25 20:15:00,8348.650376521682,26.730058559278067,3,1,0,20,15,8480.33,8666.254962336336,8605.961992601919
2024-03-25 20:30:00,8202.081180543704,26.57966225481833,3,1,0,20,30,8348.650376521682,8727.91359717209,8068.904213695133
2024-03-25 20:45:00,8130.213894293872,26.45168482294943,3,1,0,20,45,8202.081180543704,8832.417933421797,7700.06432794078
2024-03-25 21:00:00,8222.64,26.321,3,1,0,21,0,8130.213894293872,8946.16,7713.69
2024-03-25 21:15:00,8534.595073843955,26.168033685986657,3,1,0,21,15,8222.64,9039.947979760474,8230.270276415256
2024-03-25 21:30:00,8983.891067823837,25.99542043567789,3,1,0,21,30,8534.595073843955,9102.254671313973,8995.259731254298
2024-03-25 21:45:00,9453.9840278918,25.81134696753018,3,1,0,21,45,8983.891067823837,9125.969027210482,9660.35432046619
2024-03-25 22:00:00,9828.33,25.624,3,1,0,22,0,9453.9840278918,9103.98,9877.25
2024-03-25 22:15:00,10015.383859352494,25.440228571775314,3,1,0,22,15,9828.33,9034.150306121765,9419.90565173705
2024-03-25 22:30:00,10023.595798160948,25.261531002470107,3,1,0,22,30,10015.383859352494,8934.237717572023,8551.331861287677
2024-03-25 22:45:00,9886.414837888928,25.08806793192984,3,1,0,22,45,10023.595798160948,8826.97377023627,7656.802140194464
2024-03-25 23:00:00,9637.29,24.92,3,1,0,23,0,9886.414837888928,8735.09,7121.59
2024-03-25 23:15:00,9312.58808249607,24.75720827691208,3,1,0,23,15,9637.29,8676.782514502467,7219.787116636537
2024-03-25 23:30:00,8960.346989532374,24.59845555444168,3,1,0,23,30,9312.58808249607,8652.105708397934,7780.757823594994
2024-03-25 23:45:00,8631.522401802495,24.442225054750445,3,1,0,23,45,8960.346989532374,8656.578548094438,8522.684618755953
2024-03-26 00:00:00,8377.07,24.287,3,0,0,0,0,8631.522401802495,8685.72,9163.75
2024-03-26 00:15:00,8235.553654413228,24.13207894557637,3,0,0,0,15,8377.07,8728.586510868374,9485.9488504668
2024-03-26 00:30:00,8195.969993709552,23.98002177976317,3,0,0,0,30,8235.553654413228,8748.384448836234,9526.525594332348
2024-03-26 00:45:00,8234.923836151096,23.834203724068377,3,0,0,0,45,8195.969993709552,8701.857662385977,9386.537041031725
2024-03-26 01:00:00,8329.02,23.698,3,0,0,1,0,8234.923836151096,8545.75,9167.04
2024-03-26 01:15:00,8454.962768601017,23.574038440782424,3,0,0,1,15,8329.02,8261.731910774035,8957.026231496264
2024-03-26 01:30:00,8589.85428562942,23.461957326505647,3,0,0,1,30,8454.962768601017,7931.180246257126,8797.227299075614
2024-03-26 01:45:00,8710.896159843114,23.36064754897604,3,0,0,1,45,8589.85428562942,7660.398458611655,8716.30971711716
2024-03-26 02:00:00,8795.29,23.269,3,0,0,2,0,8710.896159843114,7555.69,8742.94
2024-03-26 02:15:00,8826.419177432706,23.18701729129392,3,0,0,2,15,8795.29,7685.71662728549,8880.383723548146
2024-03-26 02:30:00,8812.394113772767,23.119148914214243,3,0,0,2,30,8826.419177432706,7968.573316135262,9030.302709365196
2024-03-26 02:45:00,8767.506993226445,23.070956080027447,3,0,0,2,45,8812.394113772767,8284.713346917402,9068.957840499648
2024-03-26 03:00:00,8706.05,23.048,3,0,0,3,0,8767.506993226445,8514.59,8872.61
2024-03-26 03:15:00,8644.930209168157,23.049548644041906,3,0,0,3,15,8706.05,8574.651580084002,8376.942936811152
2024-03-26 03:30:00,8611.514259279507,23.04969701663737,3,0,0,3,30,8644.930209168157,8525.326489201825,7755.331863463604
2024-03-26 03:45:00,8635.783679751103,23.01624688091416,3,0,0,3,45,8611.514259279507,8463.038153718731,7240.574858384253
2024-03-26 04:00:00,8747.72,22.917,3,0,0,4,0,8635.783679751103,8484.21,7065.47
2024-03-26 04:15:00,8957.538423394662,22.740147507538467,3,0,0,4,15,8747.72,8656.849083628491,7387.553747957244
2024-03-26 04:30:00,9196.388849109204,22.55543801923627,3,0,0,4,30,8957.538423394662,8935.296977057442,8063.31608678039
2024-03-26 04:45:00,9375.65485026914,22.45300952131594,3,0,0,4,45,9196.388849109204,9245.47888195767,8873.98538221334
2024-03-26 05:00:00,9406.72,22.523,3,0,0,5,0,9375.65485026914,9513.32,9600.79
2024-03-26 05:15:00,9237.311878503187,22.82717382580424,3,0,0,5,15,9406.72,9682.59896040202,10066.909727609873
2024-03-26 05:30:00,8960.53409428368,23.313800906417544,3,0,0,5,30,9237.311878503187,9768.508102568405,10263.330039414845
2024-03-26 05:45:00,8705.83426292233,23.90277753382208,3,0,0,5,45,8960.53409428368,9804.093193450582,10222.987831512391
2024-03-26 06:00:00,8602.66,24.514000000000003,3,0,0,6,0,8705.83426292233,9822.4,9978.82
2024-03-26 06:15:00,8739.00765634258,25.084375939244588,3,0,0,6,15,8602.66,9848.320074763418,9579.053747853264
2024-03-26 06:30:00,9037.068523756076,25.61885835509356,3,0,0,6,30,8739.00765634258,9874.12811266894,9133.07750556024
2024-03-26 06:45:00,9377.582629291535,26.139411593395742,3,0,0,6,45,9037.068523756076,9883.944594239989,8765.570010487096
2024-03-26 07:00:00,9641.29,26.668,3,0,0,7,0,9377.582629291535,9861.89,8601.21
2024-03-26 07:15:00,9746.404996126495,27.22085366721743,3,0,0,7,15,9641.29,9803.7644905443,8727.262468477064
2024-03-26 07:30:00,9761.039310692013,27.79126567320824,3,0,0,7,30,9746.404996126495,9752.086946755837,9081.337438344191
2024-03-26 07:45:00,9790.77896991152,28.36679484259493,3,0,0,7,45,9761.039310692013,9761.055929589456,9563.63118903922
2024-03-26 08:00:00,9941.21,28.935,3,0,0,8,0,9790.77896991152,9884.87,10074.34
2024-03-26 08:15:00,10281.524546651435,29.486053141885705,3,0,0,8,15,9941.21,10155.79024430938,10531.295596988472
2024-03-26 08:30:00,10735.339233475876,30.020578952073475,3,0,0,8,30,10281.524546651435,10518.327850307718,10922.871491062995
2024-03-26 08:45:00,11189.87680356238,30.541815286224505,3,0,0,8,45,10735.339233475876,10895.056531152197,11255.07663960602
2024-03-26 09:00:00,11532.36,31.053,3,0,0,9,0,11189.87680356238,11208.55,11533.92
2024-03-26 09:15:00,11683.235723517755,31.556418140239742,3,0,0,9,15,11532.36,11402.230157218182,11766.11170606904
2024-03-26 09:30:00,11695.847505404485,32.05054351849786,3,0,0,9,30,11683.235723517755,11502.911652013296,11961.16659740383
2024-03-26 09:45:00,11656.763034588968,32.53289713750705,3,0,0,9,45,11695.847505404485,11558.257320801762,12129.300690036704
2024-03-26 10:00:00,11652.55,33.001,3,0,0,10,0,11656.763034588968,11615.93,12280.73
2024-03-26 10:15:00,11747.777715527536,33.45124304715531,3,0,0,10,15,11652.55,11710.042095567886,12418.636172485363
2024-03-26 10:30:00,11919.021994906194,33.875496973935086,3,0,0,10,30,11747.777715527536,11820.504291639092,12518.063369321682
2024-03-26 10:45:00,12120.860276831756,34.26450241374732,3,0,0,10,45,11919.021994906194,11913.676841890754,12547.02138149716
2024-03-26 11:00:00,12307.87,34.609,3,0,0,11,0,12120.860276831756,11955.92,12473.52
2024-03-26 11:15:00,12442.186383122096,34.90251592113903,3,0,0,11,15,12307.87,11926.526148010282,12284.42829148951
2024-03-26 11:30:00,12516.175764970743,35.14971858576181,3,0,0,11,30,12442.186383122096,11856.516181430332,12042.05242530944
2024-03-26 11:45:00,12529.762264334016,35.35806195750369,3,0,0,11,45,12516.175764970743,11789.84312413522,11827.557846474649
2024-03-26 12:00:00,12482.87,35.535,3,0,0,12,0,12529.762264334016,11770.46,11722.11
2024-03-26 12:15:00,12380.73222073408,35.6856151432886,3,0,0,12,15,12482.87,11827.586593640992,11780.483630306606
2024-03-26 12:30:00,12249.818695210844,35.80550368301766,3,0,0,12,30,12380.73222073408,11931.50973263957,11951.890679440568
2024-03-26 12:45:00,12121.908322082185,35.88789038123789,3,0,0,12,45,12249.818695210844,12037.78300531836,12159.152388854249
2024-03-26 13:00:00,12028.78,35.925999999999995,3,0,0,13,0,12121.908322082185,12101.96,12325.09
2024-03-26 13:15:00,11994.158952691592,35.914898505706546,3,0,0,13,15,12028.78,12095.596227425744,12391.783906034074
2024-03-26 13:30:00,12009.555704185892,35.857016682167526,3,0,0,13,30,11994.158952691592,12054.254888011385,12378.35110692829
2024-03-26 13:45:00,12058.42710358725,35.75662651754473,3,0,0,13,45,12009.555704185892,12029.501104591329,12323.16775435836
2024-03-26 14:00:00,12124.23,35.618,3,0,0,14,0,12058.42710358725,12072.9,12264.61
2024-03-26 14:15:00,12192.219624749558,35.44475958388518,3,0,0,14,15,12124.23,12211.484902906026,12228.4926205571
2024-03-26 14:30:00,12254.84473804559,35.23792958831224,3,0,0,14,30,12192.219624749558,12374.161965314895,12190.384892846274
2024-03-26 14:45:00,12306.352482318824,34.99788479858318,3,0,0,14,45,12254.84473804559,12465.30554506632,12113.294718712308
2024-03-26 15:00:00,12340.99,34.725,3,0,0,15,0,12306.352482318824,12389.29,11960.23
2024-03-26 15:15:00,12346.299735810178,34.41946940875274,3,0,0,15,15,12340.99,12082.594004700151,11706.233111737523
2024-03-26 15:30:00,12283.005343631752,34.08076496458353,3,0,0,15,30,12346.299735810178,11610.113500729029,11374.484321686616
2024-03-26 15:45:00,12105.125779637452,33.70817803812256,3,0,0,15,45,12283.005343631752,11068.84874639339,11000.1983707924
2024-03-26 16:00:00,11766.68,33.301,3,0,0,16,0,12105.125779637452,10555.8,10618.59
2024-03-26 16:15:00,11244.414557009732,32.86062840610387,3,0,0,16,15,11766.68,10148.065484543364,10261.258682492802
2024-03-26 16:30:00,10605.9863874274,32.396885553353634,3,0,0,16,30,11244.414557009732,9843.135281768986,9945.34282040726
2024-03-26 16:45:00,9941.78002413137,31.92169992392657,3,0,0,16,45,10605.9863874274,9618.597438110117,9684.365548118089
2024-03-26 17:00:00,9342.18,31.447,3,0,0,17,0,9941.78002413137,9452.04,9491.85
2024-03-26 17:15:00,8881.2353174009,30.983173216831773,3,0,0,17,15,9342.18,9322.092338376391,9375.124033291266
2024-03-26 17:30:00,8567.652856658648,30.53444282200196,3,0,0,17,30,8881.2353174009,9211.549122195029,9316.734396684344
2024-03-26 17:45:00,8393.803967587073,30.10349101617116,3,0,0,17,45,8567.652856658648,9104.24634491615,9293.032561735252
2024-03-26 18:00:00,8352.06,29.693,3,0,0,18,0,8393.803967587073,8984.02,9280.37
2024-03-26 18:15:00,8426.26120463667,29.30439747656903,3,0,0,18,15,8352.06,8841.787505701075,9260.78518434214
2024-03-26 18:30:00,8566.123435938003,28.934093158638547,3,0,0,18,30,8426.26120463667,8696.791979450905,9239.064592855362
2024-03-26 18:45:00,8712.831449270334,28.57724226138879,3,0,0,18,45,8566.123435938003,8575.357963475284,9225.681704940906
2024-03-26 19:00:00,8807.57,28.229,3,0,0,19,0,8712.831449270334,8503.81,9231.11
2024-03-26 19:15:00,8810.902989052418,27.88709625189212,3,0,0,19,15,8807.57,8496.55638881931,9256.918979340182
2024-03-26 19:30:00,8760.910899589333,27.55955954344386,3,0,0,19,30,8810.902989052418,8520.340460001347,9269.062231894208
2024-03-26 19:45:00,8715.053360331585,27.256993063273683,3,0,0,19,45,8760.910899589333,8529.98930118271,9224.589368501129
2024-03-26 20:00:00,8730.79,26.99,3,0,0,20,0,8715.053360331585,8480.33,9080.55
2024-03-26 20:15:00,8850.827151653666,26.76485814086251,3,0,0,20,15,8730.79,8348.650376521682,8821.647804547127
2024-03-26 20:30:00,9058.857965704665,26.570543667586,3,0,0,20,30,8850.827151653666,8202.081180543704,8543.202729567809
2024-03-26 20:45:00,9323.82229690333,26.39170736051648,3,0,0,20,45,9058.857965704665,8130.213894293872,8368.188789804584
2024-03-26 21:00:00,9614.66,26.213,3,0,0,21,0,9323.82229690333,8222.64,8419.58
2024-03-26 21:15:00,9895.568560582928,26.022924309657824,3,0,0,21,15,9614.66,8534.595073843955,8762.877927471302
2024-03-26 21:30:00,10111.775987592022,25.82539078621215,3,0,0,21,30,9895.568560582928,8983.891067823837,9233.694349834555
2024-03-26 21:45:00,10203.767920805103,25.6281618696604,3,0,0,21,45,10111.775987592022,9453.9840278918,9610.168597280532
2024-03-26 22:00:00,10112.03,25.439,3,0,0,22,0,10203.767920805103,9828.33,9670.44
2024-03-26 22:15:00,9809.445949764626,25.26430399550619,3,0,0,22,15,10112.03,10015.383859352494,9276.381110567663
2024-03-26 22:30:00,9398.491833927255,25.105018187565417,3,0,0,22,30,9809.445949764626,10023.595798160948,8624.797371093968
2024-03-26 22:45:00,9014.04180112626,24.960723285841933,3,0,0,22,45,9398.491833927255,9886.414837888928,7996.227446073288
2024-03-26 23:00:00,8790.97,24.831,3,0,0,23,0,9014.04180112626,9637.29,7671.21
2024-03-26 23:15:00,8819.945765358569,24.714828458317417,3,0,0,23,15,8790.97,9312.58808249607,7837.68325525804
2024-03-26 23:30:00,9014.819176698951,24.6087864635262,3,0,0,23,30,8819.945765358569,8960.346989532374,8313.183665789571
2024-03-26 23:45:00,9245.23549968986,24.508851236971868,3,0,0,23,45,9014.819176698951,8631.522401802495,8822.647243426318
2024-03-27 00:00:00,9380.84,24.411,3,0,0,0,0,9245.23549968986,8377.07,9091.01
2024-03-27 00:15:00,9326.167707551094,24.312725921224136,3,0,0,0,15,9380.84,8235.553654413228,8927.512743400177
2024-03-27 00:30:00,9125.312709276928,24.21758595832982,3,0,0,0,30,9326.167707551094,8195.969993709552,8478.615465747744
2024-03-27 00:45:00,8857.258856364298,24.1306530162706,3,0,0,0,45,9125.312709276928,8234.923836151096,7975.082955221441
2024-03-27 01:00:00,8600.99,24.057,3,0,0,1,0,8857.258856364298,8329.02,7647.68
2024-03-27 01:15:00,8423.360748187053,23.99872098178604,3,0,0,1,15,8600.99,8454.962768601017,7662.662802391259
2024-03-27 01:30:00,8342.708736193334,23.945994703154536,3,0,0,1,30,8423.360748187053,8589.85428562942,7928.253221219453
2024-03-27 01:45:00,8365.24235610295,23.88602107294576,3,0,0,1,45,8342.708736193334,8710.896159843114,8288.164529437921
2024-03-27 02:00:00,8497.17,23.806,3,0,0,2,0,8365.24235610295,8795.29,8586.11
2024-03-27 02:15:00,8724.3188309507,23.698952651631707,3,0,0,2,15,8497.17,8826.419177432706,8706.506672034791
2024-03-27 02:30:00,8950.991095949734,23.581185229052043,3,0,0,2,30,8724.3188309507,8812.394113772767,8696.586649374445
2024-03-27 02:45:00,9061.107812973903,23.47482519194636,3,0,0,2,45,8950.991095949734,8767.506993226445,8644.285802026876
2024-03-27 03:00:00,8938.59,23.402,3,0,0,3,0,9061.107812973903,8706.05,8637.54
2024-03-27 03:15:00,8524.169553010146,23.376999661687144,3,0,0,3,15,8938.59,8644.930209168157,8735.79629071958
2024-03-27 03:30:00,7985.821880007727,23.38276438063729,3,0,0,3,30,8524.169553010146,8611.514259279507,8884.546431282773
2024-03-27 03:45:00,7548.333267001442,23.394396909268803,3,0,0,3,45,7985.821880007727,8635.783679751103,9000.793356204578
2024-03-27 04:00:00,7436.49,23.387,3,0,0,4,0,7548.333267001442,8747.72,9001.54
2024-03-27 04:15:00,7793.507800758716,23.34907995161973,3,0,0,4,15,7436.49,8957.538423394662,8833.568790086889
2024-03-27 04:30:00,8436.320134019363,23.32275724839878,3,0,0,4,30,7793.507800758716,9196.388849109204,8562.78012549447
2024-03-27 04:45:00,9100.28990027033,23.36355592097844,3,0,0,4,45,8436.320134019363,9375.65485026914,8284.853898154817
2024-03-27 05:00:00,9520.78,23.527,3,0,0,5,0,9100.28990027033,9406.72,8095.47
2024-03-27 05:15:00,9514.001118954991,23.84936803183395,3,0,0,5,15,9520.78,9237.311878503187,8068.614798932866
2024-03-27 05:30:00,9219.55508391482,24.289956625767594,3,0,0,5,30,9514.001118954991,8960.53409428368,8191.500566739349
2024-03-27 05:45:00,8857.89150691724,24.788816906817445,3,0,0,5,45,9219.55508391482,8705.83426292233,8429.646051176158
2024-03-27 06:00:00,8649.46,25.286,3,0,0,6,0,8857.89150691724,8602.66,8748.57
2024-03-27 06:15:00,8753.971629671323,25.73749479604447,3,0,0,6,15,8649.46,8739.00765634258,9111.684357931648
2024-03-27 06:30:00,9088.183280321353,26.16304124853084,3,0,0,6,30,8753.971629671323,9037.068523756076,9473.973857548135
2024-03-27 06:45:00,9508.113290810708,26.59831707675179,3,0,0,6,45,9088.183280321353,9377.582629291535,9788.316428390555
2024-03-27 07:00:00,9869.78,27.079,3,0,0,7,0,9508.113290810708,9641.29,10007.59
2024-03-27 07:15:00,10069.300331109716,27.63005903398817,3,0,0,7,15,9869.78,9746.404996126495,10100.841363090538
2024-03-27 07:30:00,10163.18554479977,28.233628380109053,3,0,0,7,30,10069.300331109716,9761.039310692013,10101.79275306811
2024-03-27 07:45:00,10248.04548608994,28.86113353617541,3,0,0,7,45,10163.18554479977,9790.77896991152,10060.335266511627
2024-03-27 08:00:00,10420.49,29.484,3,0,0,8,0,10248.04548608994,9941.21,10026.36
2024-03-27 08:15:00,10744.215327139813,30.079612818002847,3,0,0,8,15,10420.49,10281.524546651435,10043.7036272062
2024-03-27 08:30:00,11151.26329047957,30.649195231032955,3,0,0,8,30,10744.215327139813,10735.339233475876,10131.985130179426
2024-03-27 08:45:00,11540.76210857954,31.19993002854659,3,0,0,8,45,11151.26329047957,11189.87680356238,10304.76906806294
2024-03-27 09:00:00,11811.84,31.739,3,0,0,9,0,11540.76210857954,11532.36,10575.62
2024-03-27 09:15:00,11894.68945408103,32.27017719400044,3,0,0,9,15,11811.84,11683.235723517755,10942.892721834663
2024-03-27 09:30:00,11843.76004328195,32.78359069575913,3,0,0,9,30,11894.68945408103,11695.847505404485,11344.102976214188
2024-03-27 09:45:00,11744.565610841895,33.265958849638245,3,0,0,9,45,11843.76004328195,11656.763034588968,11701.556742486617
2024-03-27 10:00:00,11682.62,33.704,3,0,0,10,0,11744.565610841895,11652.55,11937.56
2024-03-27 10:15:00,11723.314669036072,34.087209655995366,3,0,0,10,15,11682.62,11747.777715527536,11999.662360455137
2024-03-27 10:30:00,11851.551536392626,34.41619198593052,3,0,0,10,30,11723.314669036072,11919.021994906194,11936.387964963824
2024-03-27 10:45:00,12032.11013555287,34.69432832290041,3,0,0,10,45,11851.551536392626,12120.860276831756,11821.504586990595
2024-03-27 11:00:00,12229.77,34.925,3,0,0,11,0,12032.11013555287,12307.87,11728.78
2024-03-27 11:15:00,12412.358432274696,35.11148418201808,3,0,0,11,15,12229.77,12442.186383122096,11712.986742594783
2024-03-27 11:30:00,12559.893811147547,35.2566413605188,3,0,0,11,30,12412.358432274696,12516.175764970743,11752.91641393052
2024-03-27 11:45:00,12655.442284446626,35.36322785876011,3,0,0,11,45,12559.893811147547,12529.762264334016,11808.365378300996
2024-03-27 12:00:00,12682.07,35.434,3,0,0,12,0,12655.442284446626,12482.87,11839.13
2024-03-27 12:15:00,12632.827695615146,35.471869240932286,3,0,0,12,15,12682.07,12380.73222073408,11817.882075415737
2024-03-27 12:30:00,12540.704469017175,35.48036757199427,3,0,0,12,30,12632.827695615146,12249.818695210844,11768.7951293141
2024-03-27 12:45:00,12448.674007910622,35.46318211705913,3,0,0,12,45,12540.704469017175,12121.908322082185,11728.918118555415
2024-03-27 13:00:00,12399.71,35.424,3,0,0,13,0,12448.674007910622,12028.78,11735.3
2024-03-27 13:15:00,12419.68797276472,35.36711697925276,3,0,0,13,15,12399.71,11994.158952691592,11814.066049492274
2024-03-27 13:30:00,12466.090812783734,35.299263351504095,3,0,0,13,30,12419.68797276472,12009.555704185892,11947.646818813071
2024-03-27 13:45:00,12479.303246410884,35.22777804800339,3,0,0,13,45,12466.090812783734,12058.42710358725,12107.549178727337
2024-03-27 14:00:00,12399.71,35.16,3,0,0,14,0,12479.303246410884,12124.23,12265.28
2024-03-27 14:15:00,12187.786350825972,35.09803784205665,3,0,0,14,15,12399.71,12192.219624749558,12395.04700786517
2024-03-27 14:30:00,11884.36977984788,35.02307902198933,3,0,0,14,30,12187.786350825972,12254.84473804559,12481.861345433608
2024-03-27 14:45:00,11550.388318945848,34.91108069092734,3,0,0,14,45,11884.36977984788,12306.352482318824,12513.435010285242
2024-03-27 15:00:00,11246.77,34.738,3,0,0,15,0,11550.388318945848,12340.99,12477.48
2024-03-27 15:15:00,11023.596623931391,34.486606652520614,3,0,0,15,15,11246.77,12346.299735810178,12369.051700297045
2024-03-27 15:30:00,10887.565067824748,34.166920560538564,3,0,0,15,30,11023.596623931391,12283.005343631752,12212.579049452492
2024-03-27 15:45:00,10834.525977805732,33.79577418828723,3,0,0,15,45,10887.565067824748,12105.125779637452,12039.834373881691
2024-03-27 16:00:00,10860.33,33.39,3,0,0,16,0,10834.525977805732,11766.68,11882.59
2024-03-27 16:15:00,10949.311528448472,32.96576992286088,3,0,0,16,15,10860.33,11244.414557009732,11753.594628446648
2024-03-27 16:30:00,11039.73994885313,32.536613735856406,3,0,0,16,30,10949.311528448472,10605.9863874274,11589.502456756423
2024-03-27 16:45:00,11058.368394831225,32.11540068092373,3,0,0,16,45,11039.73994885313,9941.78002413137,11307.944056687984
2024-03-27 17:00:00,10931.95,31.715,3,0,0,17,0,11058.368394831225,9342.18,10826.55
2024-03-27 17:15:00,10618.173199774728,31.345235531035858,3,0,0,17,15,10931.95,8881.2353174009,10105.484942166357
2024-03-27 17:30:00,10198.467636762733,31.00374949603581,3,0,0,17,30,10618.173199774728,8567.652856658648,9275.049873521812
2024-03-27 17:45:00,9785.198255369372,30.685138713017867,3,0,0,17,45,10198.467636762733,8393.803967587073,8508.079868116367
2024-03-27 18:00:00,9490.73,30.384,3,0,0,18,0,9785.198255369372,8352.06,7977.41
2024-03-27 18:15:00,9394.63098495263,30.094709827995693,3,0,0,18,15,9490.73,8426.26120463667,7802.0621653879325
2024-03-27 18:30:00,9445.28200409594,29.810763280000337,3,0,0,18,30,9394.63098495263,8566.123435938003,7885.805549156317
2024-03-27 18:45:00,9558.267021191285,29.525435092004813,3,0,0,18,45,9445.28200409594,8712.831449270334,8078.596158346544
2024-03-27 19:00:00,9649.17,29.232,3,0,0,19,0,9558.267021191285,8807.57,8230.39
2024-03-27 19:15:00,9657.567391664756,28.92672203198138,3,0,0,19,15,9649.17,8810.902989052418,8234.259521281916
2024-03-27 19:30:00,9619.005596853502,28.61782238396284,3,0,0,19,30,9657.567391664756,8760.910899589333,8155.742929852913
2024-03-27 19:45:00,9593.023503615494,28.31651154396288,3,0,0,19,45,9619.005596853502,8715.053360331585,8103.494873497453
2024-03-27 20:00:00,9639.16,28.034,3,0,0,20,0,9593.023503615494,8730.79,8186.17
2024-03-27 20:15:00,9788.71413588834,27.779464544078795,3,0,0,20,15,9639.16,8850.827151653666,8469.122405734402
2024-03-27 20:30:00,9960.025608490056,27.553947184148296,3,0,0,20,30,9788.71413588834,9058.857965704665,8844.50398143203
2024-03-27 20:45:00,10043.194276846743,27.356456232143657,3,0,0,20,45,9960.025608490056,9323.82229690333,9161.166066413643
2024-03-27 21:00:00,9928.32,27.186,3,0,0,21,0,10043.194276846743,9614.66,9267.96
2024-03-27 21:15:00,9551.594971031878,27.039888541703444,3,0,0,21,15,9928.32,9895.568560582928,9063.333668280477
2024-03-27 21:30:00,9033.580719186271,26.908638879443963,3,0,0,21,30,9551.594971031878,10111.775987592022,8644.121144418963
2024-03-27 21:45:00,8540.93110774753,26.781069777462505,3,0,0,21,45,9033.580719186271,10203.767920805103,8156.753048347968
2024-03-27 22:00:00,8240.3,26.646,3,0,0,22,0,8540.93110774753,10112.03,7747.66
2024-03-27 22:15:00,8249.677386234142,26.49546566410743,3,0,0,22,15,8240.3,9809.445949764626,7526.293233643686
2024-03-27 22:30:00,8492.397764764852,26.33437229807585,3,0,0,22,30,8249.677386234142,9398.491833927255,7454.186440892115
2024-03-27 22:45:00,8843.131760913137,26.17084278300635,3,0,0,22,45,8492.397764764852,9014.04180112626,7455.893927694486
2024-03-27 23:00:00,9176.55,26.013,3,0,0,23,0,8843.131760913137,8790.97,7455.97
2024-03-27 23:15:00,9393.566577781554,25.86731130186684,3,0,0,23,15,9176.55,8819.945765358569,7399.374647144776
2024-03-27 23:30:00,9500.06947175432,25.733621928252635,3,0,0,23,30,9393.566577781554,9014.819176698951,7312.69059201258
2024-03-27 23:45:00,9528.190129849929,25.61012159051212,3,0,0,23,45,9500.06947175432,9245.23549968986,7242.906240874095
2024-03-28 00:00:00,9510.06,25.495,3,0,0,0,0,9528.190129849929,9380.84,7237.01
2024-03-28 00:15:00,9466.951615139644,25.387101628425228,3,0,0,0,15,9510.06,9326.167707551094,7329.94052152721
2024-03-28 00:30:00,9376.701848217872,25.287889988913605,3,0,0,0,30,9466.951615139644,9125.312709276928,7508.437441057566
2024-03-28 00:45:00,9206.28865718716,25.199483354945187,3,0,0,0,45,9376.701848217872,8857.258856364298,7747.190640059139
2024-03-28 01:00:00,8922.69,25.124,3,0,0,1,0,9206.28865718716,8600.99,8020.89
2024-03-28 01:15:00,8519.077117909867,25.061704059432262,3,0,0,1,15,8922.69,8423.360748187053,8303.784047996383
2024-03-28 01:30:00,8093.394385374199,25.00544311609293,3,0,0,1,30,8519.077117909867,8342.708736193334,8568.355893757156
2024-03-28 01:45:00,7769.779460151432,24.94621061470713,3,0,0,1,45,8093.394385374199,8365.24235610295,8786.647292639354
2024-03-28 02:00:00,7672.37,24.875,3,0,0,2,0,7769.779460151432,8497.17,8930.7
2024-03-28 02:15:00,7875.298506970893,24.78628525884572,3,0,0,2,15,7672.37,8724.3188309507,8982.79203648726
2024-03-28 02:30:00,8252.676860285334,24.688462546714668,3,0,0,2,30,7875.298506970893,8950.991095949734,8966.146483913808
2024-03-28 02:45:00,8628.611783457109,24.593408561226287,3,0,0,2,45,8252.676860285334,9061.107812973903,8914.222689383452
2024-03-28 03:00:00,8827.21,24.513,3,0,0,3,0,8628.611783457109,8938.59,8860.48
2024-03-28 03:15:00,8724.711510456562,24.454029905184868,3,0,0,3,15,8827.21,8524.169553010146,8834.041868554577
2024-03-28 03:30:00,8405.889423484461,24.402956697048392,3,0,0,3,30,8724.711510456562,7985.821880007727,8846.688170587606
2024-03-28 03:45:00,8007.650124770127,24.341155140387727,3,0,0,3,45,8405.889423484461,7548.333267001442,8905.862887326834
2024-03-28 04:00:00,7666.9,24.25,3,0,0,4,0,8007.650124770127,7436.49,9019.01
2024-03-28 04:15:00,7497.914982452851,24.122485745414824,3,0,0,4,15,7666.9,7793.507800758716,9183.75017679443
2024-03-28 04:30:00,7524.449195776819,23.99808566509176,3,0,0,4,30,7497.914982452851,8436.320134019363,9358.41083373576
2024-03-28 04:45:00,7747.626311212377,23.927892752222807,3,0,0,4,45,7524.449195776819,9100.28990027033,9491.496073809212
2024-03-28 05:00:00,8168.57,23.963,3,0,0,5,0,7747.626311212377,9520.78,9531.51
2024-03-28 05:15:00,8758.96340348203,24.140964613155827,3,0,0,5,15,8168.57,9514.001118954991,9441.937736767708
2024-03-28 05:30:00,9372.727543408262,24.44520064258459,3,0,0,5,30,8758.96340348203,9219.55508391482,9246.188494469352
2024-03-28 05:45:00,9834.342911630363,24.845586350721064,3,0,0,5,45,9372.727543408262,8857.89150691724,8982.652504936323
2024-03-28 06:00:00,9968.29,25.312,3,0,0,6,0,9834.342911630363,8649.46,8689.72
2024-03-28 06:15:00,9672.211872369033,25.817577676961868,3,0,0,6,15,9968.29,8753.971629671323,8404.994188634746
2024-03-28 06:30:00,9136.401880590132,26.34848676456988,3,0,0,6,30,9672.211872369033,9088.183280321353,8162.930188386831
2024-03-28 06:45:00,8624.315948516165,26.894152469892955,3,0,0,6,45,9136.401880590132,9508.113290810708,7997.1960939455
2024-03-28 07:00:00,8399.41,27.444,3,0,0,7,0,8624.315948516165,9869.78,7941.46
2024-03-28 07:15:00,8649.257075791837,27.990521553996704,3,0,0,7,15,8399.41,10069.300331109716,8021.933321193308
2024-03-28 07:30:00,9257.898684231208,28.53847729913588,3,0,0,7,30,8649.257075791837,10163.18554479977,8235.000751983322
2024-03-28 07:45:00,10033.493450554974,29.09569439470712,3,0,0,7,45,9257.898684231208,10248.04548608994,8569.590306781676
2024-03-28 08:00:00,10784.2,29.67,3,0,0,8,0,10033.493450554974,10420.49,9014.63
2024-03-28 08:15:00,11357.16591821362,30.266367357051315,3,0,0,8,15,10784.2,10744.215327139813,9548.699714092025
2024-03-28 08:30:00,11755.494632485044,30.87835403888659,3,0,0,8,30,11357.16591821362,11151.26329047957,10108.986803679876
2024-03-28 08:45:00,12021.278530513942,31.49666370127858,3,0,0,8,45,11755.494632485044,11540.76210857954,10622.33049142779
2024-03-28 09:00:00,12196.61,32.112,3,0,0,9,0,12021.278530513942,11811.84,11015.57
2024-03-28 09:15:00,12317.196438853684,32.71524339279806,3,0,0,9,15,12196.61,11894.68945408103,11237.662509938602
2024-03-28 09:30:00,12393.20528582863,33.29798154531775,3,0,0,9,30,12317.196438853684,11843.76004328195,11326.037033297172
2024-03-28 09:45:00,12428.418989889258,33.85197892517857,3,0,0,9,45,12393.20528582863,11744.565610841895,11340.240540007158
2024-03-28 10:00:00,12426.62,34.36899999999999,3,0,0,10,0,12428.418989889258,11682.62,11339.82
2024-03-28 10:15:00,12394.828638871644,34.841815321756464,3,0,0,10,15,12426.62,11723.314669036072,11372.073214903572
2024-03-28 10:30:00,12353.016724200445,35.26721977984239,3,0,0,10,30,12394.828638871644,11851.551536392626,11435.301313131433
2024-03-28 10:45:00,12324.393947429024,35.643014348007114,3,0,0,10,45,12353.016724200445,12032.11013555287,11515.55625479358
2024-03-28 11:00:00,12332.17,35.967000000000006,3,0,0,11,0,12324.393947429024,12229.77,11598.89
2024-03-28 11:15:00,12388.460880659744,36.23768282017605,3,0,0,11,15,12332.17,12412.358432274696,11672.352911697117
2024-03-28 11:30:00,12461.007817369597,36.45638933531269,3,0,0,11,30,12388.460880659744,12559.893811147547,11726.988964177091
2024-03-28 11:45:00,12506.458345394652,36.62515118279299,3,0,0,11,45,12461.007817369597,12655.442284446626,11754.840534568522
2024-03-28 12:00:00,12481.46,36.746,3,0,0,12,0,12506.458345394652,12682.07,11747.95
2024-03-28 12:15:00,12354.93221348938,36.82156277253935,3,0,0,12,15,12481.46,12632.827695615146,11699.683732057963
2024-03-28 12:30:00,12144.882006321166,36.85684787890687,3,0,0,12,30,12354.93221348938,12540.704469017175,11608.704080160202
2024-03-28 12:45:00,11881.588295992364,36.85745904582096,3,0,0,12,45,12144.882006321166,12448.674007910622,11474.997388182335
2024-03-28 13:00:00,11595.33,36.829,3,0,0,13,0,11881.588295992364,12399.71,11298.55
2024-03-28 13:15:00,11322.539640382724,36.775691089666566,3,0,0,13,15,11595.33,12419.68797276472,11092.479035071028
2024-03-28 13:30:00,11124.264157345742,36.69621914905984,3,0,0,13,30,11322.539640382724,12466.090812783734,10922.424715182107
2024-03-28 13:45:00,11067.704095635889,36.5878876339232,3,0,0,13,45,11124.264157345742,12479.303246410884,10867.158037702136
2024-03-28 14:00:00,11220.06,36.448,3,0,0,14,0,11067.704095635889,12399.71,11005.45
2024-03-28 14:15:00,11612.984381229717,36.275766618794414,3,0,0,14,15,11220.06,12187.786350825972,11378.24606515792
2024-03-28 14:30:00,12135.937614295866,36.07802552485379,3,0,0,14,30,11612.984381229717,11884.36977984788,11875.18955911137
2024-03-28 14:45:00,12642.832040214083,35.86352166848627,3,0,0,14,45,12135.937614295866,11550.388318945848,12348.098273509131
2024-03-28 15:00:00,12987.58,35.641,3,0,0,15,0,12642.832040214083,11246.77,12648.79
2024-03-28 15:15:00,13063.01986594841,35.41503931015577,3,0,0,15,15,12987.58,11023.596623931391,12671.46873554729
2024-03-28 15:30:00,12917.694135470789,35.17355375152499,3,0,0,15,30,13063.01986594841,10887.565067824748,12479.88329837242
2024-03-28 15:45:00,12639.071337257774,34.90029131713171,3,0,0,15,45,12917.694135470789,10834.525977805732,12180.16871201134
2024-03-28 16:00:00,12314.62,34.579,3,0,0,16,0,12639.071337257774,10860.33,11878.46
2024-03-28 16:15:00,12012.955998726638,34.1971542655825,3,0,0,16,15,12314.62,10949.311528448472,11649.360867652922
2024-03-28 16:30:00,11727.284593820974,33.757134469046235,3,0,0,16,30,12012.955998726638,11039.73994885313,11441.34974739895
2024-03-28 16:45:00,11431.958392004824,33.265047437986865,3,0,0,16,45,11727.284593820974,11058.368394831225,11171.373753445503
2024-03-28 17:00:00,11101.33,32.727,3,0,0,17,0,11431.958392004824,10931.95,10756.38
2024-03-28 17:15:00,10720.484889145038,32.15417175251424,3,0,0,17,15,11101.33,10618.173199774728,10151.704668841016
2024-03-28 17:30:00,10317.439989245318,31.57803337229004,3,0,0,17,30,10720.484889145038,10198.467636762733,9466.240212031777
2024-03-28 17:45:00,9930.94509472294,31.03512830592082,3,0,0,17,45,10317.439989245318,9785.198255369372,8847.268149206642
2024-03-28 18:00:00,9599.75,30.562,3,0,0,18,0,9930.94509472294,9490.73,8442.07
2024-03-28 18:15:00,9353.02006969321,30.184236849360545,3,0,0,18,15,9599.75,9394.63098495263,8350.927956983003
2024-03-28 18:30:00,9181.582949197753,29.8836070417936,3,0,0,18,30,9353.02006969321,9445.28200409594,8486.126904473951
2024-03-28 18:45:00,9066.681854103415,29.630923713329853,3,0,0,18,45,9181.582949197753,9558.267021191285,8712.952399727923
2024-03-28 19:00:00,8989.56,29.397,3,0,0,19,0,9066.681854103415,9649.17,8896.69
2024-03-28 19:15:00,8933.788269582119,29.15852147504359,3,0,0,19,15,8989.56,9657.567391664756,8938.560534476968
2024-03-28 19:30:00,8892.248213963676,28.91566346053558,3,0,0,19,30,8933.788269582119,9619.005596853502,8883.525920072421
2024-03-28 19:45:00,8860.149051363398,28.674473715759778,3,0,0,19,45,8892.248213963676,9593.023503615494,8812.483345631665
2024-03-28 20:00:00,8832.7,28.441000000000003,3,0,0,20,0,8860.149051363398,9639.16,8806.33
2024-03-28 20:15:00,8804.118726978313,28.220411625465104,3,0,0,20,15,8832.7,9788.71413588834,8919.174748859128
2024-03-28 20:30:00,8764.656694947542,28.01436411606409,3,0,0,20,30,8804.118726978313,9960.025608490056,9097.97316523636
2024-03-28 20:45:00,8703.573815443,27.82363454863104,3,0,0,20,45,8764.656694947542,10043.194276846743,9262.892498995414
2024-03-28 21:00:00,8610.13,27.649,3,0,0,21,0,8703.573815443,9928.32,9334.1
2024-03-28 21:15:00,8482.750103754635,27.49072264809601,3,0,0,21,15,8610.13,9551.594971031878,9262.73640758652
2024-03-28 21:30:00,8356.518756246156,27.34700507520805,3,0,0,21,30,8482.750103754635,9033.580719186271,9123.836418982137
2024-03-28 21:45:00,8275.6855306146,27.215534964716063,3,0,0,21,45,8356.518756246156,8540.93110774753,9023.408220886678
2024-03-28 22:00:00,8284.5,27.094,3,0,0,22,0,8275.6855306146,8240.3,9067.46
2024-03-28 22:15:00,8413.128670503145,26.979650907150848,3,0,0,22,15,8284.5,8249.677386234142,9312.66821454478
2024-03-28 22:30:00,8635.40578006783,26.86799058310371,3,0,0,22,30,8413.128670503145,8492.397764764852,9618.382408835098
2024-03-28 22:45:00,8911.082499598599,26.75408496750472,3,0,0,22,45,8635.40578006783,8843.131760913137,9794.620398707864
2024-03-28 23:00:00,9199.91,26.633,3,0,0,23,0,8911.082499598599,9176.55,9651.4
2024-03-28 23:15:00,9462.590526732787,26.501845598300594,3,0,0,23,15,9199.91,9393.566577781554,9076.289327984348
2024-03-28 23:30:00,9663.63062348253,26.36590759237712,3,0,0,23,30,9462.590526732787,9500.06947175432,8267.057695677468
2024-03-28 23:45:00,9768.487908491008,26.232515790265083,3,0,0,23,45,9663.63062348253,9528.190129849929,7499.024715531854
2024-03-29 00:00:00,9742.62,26.109,3,0,0,0,0,9768.487908491008,9510.06,7047.51
2024-03-29 00:15:00,9572.393597565711,26.00051357464677,3,0,0,0,15,9742.62,9466.951615139644,7103.444161017834
2024-03-29 00:30:00,9327.811726002054,25.903504047387823,3,0,0,0,30,9572.393597565711,9376.701848217872,7520.201808455033
2024-03-29 00:45:00,9099.78649143737,25.81224249643496,3,0,0,0,45,9327.811726002054,9206.28865718716,8066.768551664718
2024-03-29 01:00:00,8979.23,25.721,3,0,0,1,0,9099.78649143737,8922.69,8512.13
2024-03-29 01:15:00,9026.21789550437,25.62575635311232,3,0,0,1,15,8979.23,8519.077117909867,8683.70480919432
2024-03-29 01:30:00,9177.47997250925,25.5293262180716,3,0,0,1,30,9026.21789550437,8093.394385374199,8642.643820502397
2024-03-29 01:45:00,9338.909563259507,25.43623297399508,3,0,0,1,45,9177.47997250925,7769.779460151432,8508.530921559275
2024-03-29 02:00:00,9416.4,25.351,3,0,0,2,0,9338.909563259507,7672.37,8400.95
2024-03-29 02:15:00,9344.33638291681,25.27761726290394,3,0,0,2,15,9416.4,7875.298506970893,8405.647695954893
2024-03-29 02:30:00,9171.070883960934,25.217941080325776,3,0,0,2,30,9344.33638291681,8252.676860285334,8473.02165953538
2024-03-29 02:45:00,8973.44744302459,25.17329435758473,3,0,0,2,45,9171.070883960934,8628.611783457109,8519.63229334818
2024-03-29 03:00:00,8828.31,25.145000000000003,3,0,0,3,0,8973.44744302459,8827.21,8462.04
2024-03-29 03:15:00,8789.47547907839,25.13155584527193,3,0,0,3,15,8828.31,8724.711510456562,8246.400344486123
2024-03-29 03:30:00,8818.65274164701,25.12015946062529,3,0,0,3,30,8789.47547907839,8405.889423484461,7937.249541356086
2024-03-29 03:45:00,8854.523633392128,25.09518334566601,3,0,0,3,45,8818.65274164701,8007.650124770127,7628.7189675480095
2024-03-29 04:00:00,8835.77,25.041,3,0,0,4,0,8854.523633392128,7666.9,7414.94
2024-03-29 04:15:00,8722.178107019638,24.95114373100837,3,0,0,4,15,8835.77,7497.914982452851,7365.277176100625
2024-03-29 04:30:00,8557.951899451025,24.855796077173064,3,0,0,4,30,8722.178107019638,7524.449195776819,7450.027675040273
2024-03-29 04:45:00,8408.3997421569,24.794300384751228,3,0,0,4,45,8557.951899451025,7747.626311212377,7614.721836459784
2024-03-29 05:00:00,8338.83,24.806,3,0,0,5,0,8408.3997421569,8168.57,7804.89
2024-03-29 05:15:00,8398.20318659307,24.922978605694603,3,0,0,5,15,8338.83,8758.96340348203,7980.853451111377
2024-03-29 05:30:00,8570.088410548891,25.14828123068246,3,0,0,5,30,8398.20318659307,9372.727543408262,8162.097258482822
2024-03-29 05:45:00,8821.70692923027,25.47769324032909,3,0,0,5,45,8570.088410548891,9834.342911630363,8382.897436612855
2024-03-29 06:00:00,9120.28,25.907,3,0,0,6,0,8821.70692923027,9968.29,8677.53
2024-03-29 06:15:00,9432.339302858096,26.42778559621324,3,0,0,6,15,9120.28,9672.211872369033,9061.368238203868
2024-03-29 06:30:00,9721.658208353412,27.01482900009709,3,0,0,6,30,9432.339302858096,9136.401880590132,9474.17454102844
2024-03-29 06:45:00,9951.320509672025,27.638707903932403,3,0,0,6,45,9721.658208353412,8624.315948516165,9836.808573338792
2024-03-29 07:00:00,10084.41,28.270000000000003,3,0,0,7,0,9951.320509672025,8399.41,10070.13
2024-03-29 07:15:00,10103.140851974556,28.884879009452447,3,0,0,7,15,10084.41,8649.257075791837,10127.500783573152
2024-03-29 07:30:00,10066.248756037465,29.481902768929164,3,0,0,7,30,10103.140851974556,9257.898684231208,10092.292077403416
2024-03-29 07:45:00,10051.599782081636,30.0652251439413,3,0,0,7,45,10066.248756037465,10033.493450554974,10080.377332531973
2024-03-29 08:00:00,10137.06,30.639,3,0,0,8,0,10051.599782081636,10784.2,10207.63
2024-03-29 08:15:00,10377.262914243684,31.20646399097698,3,0,0,8,15,10137.06,11357.16591821362,10549.047846253514
2024-03-29 08:30:00,10733.91176749674,31.767184924186253,3,0,0,8,30,10377.262914243684,11755.494632485044,11016.125899357883
2024-03-29 08:45:00,11145.477237001422,32.3198133953024,3,0,0,8,45,10733.91176749674,12021.278530513942,11479.483502783312
2024-03-29 09:00:00,11550.43,32.863,3,0,0,9,0,11145.477237001422,12196.61,11809.74
2024-03-29 09:15:00,11895.0260848007,33.39410877663963,3,0,0,9,15,11550.43,12317.196438853684,11914.692050162785
2024-03-29 09:30:00,12156.662923975582,33.90535753432582,3,0,0,9,30,11895.0260848007,12393.20528582863,11850.84557516504
2024-03-29 09:45:00,12320.523301162675,34.387677524849096,3,0,0,9,45,12156.662923975582,12428.418989889258,11711.883812584774
2024-03-29 10:00:00,12371.79,34.832,3,0,0,10,0,12320.523301162675,12426.62,11591.49
2024-03-29 10:15:00,12309.96540280352,35.23191340246451,3,0,0,10,15,12371.79,12394.828638871644,11562.589109345348
2024-03-29 10:30:00,12191.830286600934,35.59163493851047,3,0,0,10,30,12309.96540280352,12353.016724200445,11615.073049981953
2024-03-29 10:45:00,12088.485027097882,35.9180390053012,3,0,0,10,45,12191.830286600934,12324.393947429024,11718.075465627582
2024-03-29 11:00:00,12071.03,36.218,3,0,0,11,0,12088.485027097882,12332.17,11840.73
2024-03-29 11:15:00,12186.181210235229,36.49605011350236,3,0,0,11,15,12071.03,12388.460880659744,11953.835106205828
2024-03-29 11:30:00,12383.117179620684,36.74735271163232,3,0,0,11,30,12186.181210235229,12461.007817369597,12034.848474907143
2024-03-29 11:45:00,12586.632059195805,36.96472895394613,3,0,0,11,45,12383.117179620684,12506.458345394652,12062.89260615489
2024-03-29 12:00:00,12721.52,37.141,3,0,0,12,0,12586.632059195805,12481.46,12017.09
2024-03-29 12:15:00,12735.488193755577,37.27083926852608,3,0,0,12,15,12721.52,12354.93221348938,11890.166090831335
2024-03-29 12:30:00,12667.895994916322,37.35632921496025,3,0,0,12,30,12735.488193755577,12144.882006321166,11729.25805038946
2024-03-29 12:45:00,12581.015798618908,37.40140455391429,3,0,0,12,45,12667.895994916322,11881.588295992364,11595.105984752856
2024-03-29 13:00:00,12537.12,37.41,3,0,0,13,0,12581.015798618908,11595.33,11548.45
2024-03-29 13:15:00,12577.249920992472,37.385749062393295,3,0,0,13,15,12537.12,11322.539640382724,11629.301936718824
2024-03-29 13:30:00,12657.522590714028,37.331080428526654,3,0,0,13,30,12577.249920992472,11124.264157345742,11794.760573535012
2024-03-29 13:45:00,12712.823965078564,37.24812158039669,3,0,0,13,45,12657.522590714028,11067.704095635889,11981.196423583691
2024-03-29 14:00:00,12678.04,37.139,3,0,0,14,0,12712.823965078564,11220.06,12124.98
2024-03-29 14:15:00,12508.478528524538,37.00477385690075,3,0,0,14,15,12678.04,11612.984381229717,12175.40928729337
2024-03-29 14:30:00,12241.13489222758,36.84222407093314,3,0,0,14,30,12508.478528524538,12135.937614295866,12133.492155470494
2024-03-29 14:45:00,11933.426309816832,36.64706224949897,3,0,0,14,45,12241.13489222758,12642.832040214083,12013.16394591237
2024-03-29 15:00:00,11642.77,36.415,3,0,0,15,0,11933.426309816832,12987.58,11828.36
2024-03-29 15:15:00,11416.002371159384,36.14379613500376,3,0,0,15,15,11642.77,13063.01986594841,11594.763101607698
2024-03-29 15:30:00,11257.63659037566,35.839398287740806,3,0,0,15,30,11416.002371159384,12917.694135470789,11335.045804583018
2024-03-29 15:45:00,11161.605014404107,35.50980129660744,3,0,0,15,45,11257.63659037566,12639.071337257774,11073.62810526683
2024-03-29 16:00:00,11121.84,35.163,3,0,0,16,0,11161.605014404107,12314.62,10834.93
2024-03-29 16:15:00,11123.360580587934,34.80102597808422,3,0,0,16,15,11121.84,12012.955998726638,10633.346743775845
2024-03-29 16:30:00,11115.532496269783,34.40205777810363,3,0,0,16,30,11123.360580587934,11727.284593820974,10443.174626197442
2024-03-29 16:45:00,11038.80816381674,33.938310689071244,3,0,0,16,45,11115.532496269783,11431.958392004824,10228.68519552032
2024-03-29 17:00:00,10833.64,33.382,3,0,0,17,0,11038.80816381674,11101.33,9954.15
2024-03-29 17:15:00,10467.17015023888,32.72089682765936,3,0,0,17,15,10833.64,10720.484889145038,9601.667892038924
2024-03-29 17:30:00,10013.299674545206,32.004995599844634,3,0,0,17,30,10467.17015023888,10317.439989245318,9224.646940627215
2024-03-29 17:45:00,9572.619361578929,31.29984657210759,3,0,0,17,45,10013.299674545206,9930.94509472294,8894.322518901894
2024-03-29 18:00:00,9245.72,30.671,3,0,0,18,0,9572.619361578929,9599.75,8681.93
2024-03-29 18:15:00,9103.164287206544,30.16752733627833,3,0,0,18,15,9245.72,9353.02006969321,8636.02950056845
2024-03-29 18:30:00,9095.402555549388,29.77258482251781,3,0,0,18,30,9103.164287206544,9181.582949197753,8714.480111293704
2024-03-29 18:45:00,9142.85704611754,29.4528498974984,3,0,0,18,45,9095.402555549388,9066.681854103415,8852.465666372105
2024-03-29 19:00:00,9165.95,29.175,3,0,0,19,0,9142.85704611754,8989.56,8985.17
2024-03-29 19:15:00,9105.381294684948,28.91149382722733,3,0,0,19,15,9165.95,8933.788269582119,9062.368168187277
2024-03-29 19:30:00,8982.96135325724,28.65791511008411,3,0,0,19,30,9105.381294684948,8892.248213963676,9092.200114197974
2024-03-29 19:45:00,8840.778235200914,28.41562883789884,3,0,0,19,45,8982.96135325724,8860.149051363398,9097.397003109689
2024-03-29 20:00:00,8720.92,28.186,3,0,0,20,0,8840.778235200914,8832.7,9100.69
2024-03-29 20:15:00,8653.68647155367,27.96998172981236,3,0,0,20,15,8720.92,8804.118726978313,9119.557514182452
2024-03-29 20:30:00,8622.22453142165,27.766879737145736,3,0,0,20,30,8653.68647155367,8764.656694947542,9150.466931914398
2024-03-29 20:45:00,8597.892825578805,27.57558787590625,3,0,0,20,45,8622.22453142165,8703.573815443,9184.632883689144
2024-03-29 21:00:00,8552.05,27.395000000000003,3,0,0,21,0,8597.892825578805,8610.13,9213.27
2024-03-29 21:15:00,8465.35156910037,27.22351675352326,3,0,0,21,15,8552.05,8482.750103754635,9230.256931332917
2024-03-29 21:30:00,8355.640521056153,27.05756594133295,3,0,0,21,30,8465.35156910037,8356.518756246156,9240.128408144436
2024-03-29 21:45:00,8250.05671248386,26.893082158476165,3,0,0,21,45,8355.640521056153,8275.6855306146,9250.083180883734
2024-03-29 22:00:00,8175.74,26.726,3,0,0,22,0,8250.05671248386,8284.5,9267.32
2024-03-29 22:15:00,8148.095533294847,26.554576256094617,3,0,0,22,15,8175.74,8413.128670503145,9287.639916735878
2024-03-29 22:30:00,8135.589634353734,26.38635649752247,3,0,0,22,30,8148.095533294847,8635.40578006783,9261.253185507863
2024-03-29 22:45:00,8094.953918235752,26.23120849018909,3,0,0,22,45,8135.589634353734,8911.082499598599,9126.972361525915
2024-03-29 23:00:00,7982.92,26.099,3,0,0,23,0,8094.953918235752,9199.91,8823.61
2024-03-29 23:15:00,7783.684266470238,25.99613134709828,3,0,0,23,15,7982.92,9462.590526732787,8329.331214223575
2024-03-29 23:30:00,7591.30219152891,25.91513306857717,3,0,0,23,30,7783.684266470238,9663.63062348253,7779.711349824113
2024-03-29 23:45:00,7527.294020823127,25.84506825576748,3,0,0,23,45,7591.30219152891,9768.487908491008,7349.678310512596
2024-03-30 00:00:00,7713.18,25.775,3,0,1,0,0,7527.294020823127,9742.62,7214.16
2024-03-30 00:15:00,8211.9114633242,25.69636710551228,3,0,1,0,15,7713.18,9572.393597565711,7484.138507619828
2024-03-30 00:30:00,8852.164099530626,25.61011122816885,3,0,1,0,30,8211.9114633242,9327.811726002054,8014.812665195684
2024-03-30 00:45:00,9404.04468597174,25.519549736741,3,0,1,0,45,8852.164099530626,9099.78649143737,8597.4354901737
2024-03-30 01:00:00,9637.66,25.428,3,0,1,1,0,9404.04468597174,8979.23,9023.26
2024-03-30 01:15:00,9399.356755232964,25.33797835585261,3,0,1,1,15,9637.66,9026.21789550437,9139.333974047113
2024-03-30 01:30:00,8840.441410348585,25.248797018747428,3,0,1,1,30,9399.356755232964,9177.47997250925,9015.884239393148
2024-03-30 01:45:00,8188.460360289915,25.15896717226853,3,0,1,1,45,8840.441410348585,9338.909563259507,8778.932385042608
2024-03-30 02:00:00,7670.96,25.067,3,0,1,2,0,8188.460360289915,9416.4,8554.5
2024-03-30 02:15:00,7455.241359493942,24.973031971077283,3,0,1,2,15,7670.96,9344.33638291681,8441.80715869172
2024-03-30 02:30:00,7467.624009075029,24.88370069684143,3,0,1,2,30,7455.241359493942,9171.070883960934,8432.867877231725
2024-03-30 02:45:00,7574.182154118602,24.80726907418486,3,0,1,2,45,7467.624009075029,8973.44744302459,8492.894657155868
2024-03-30 03:00:00,7640.99,24.752,3,0,1,3,0,7574.182154118602,8828.31,8587.1
2024-03-30 03:15:00,7578.84936929127,24.721237509838243,3,0,1,3,15,7640.99,8789.47547907839,8684.316297436011
2024-03-30 03:30:00,7477.472553351297,24.698650193886845,3,0,1,3,30,7578.84936929127,8818.65274164701,8767.855501679955
2024-03-30 03:45:00,7471.299460735677,24.662987780992022,3,0,1,3,45,7477.472553351297,8854.523633392128,8824.64945508392
2024-03-30 04:00:00,7694.77,24.593,3,0,1,4,0,7471.299460735677,8835.77,8841.63
2024-03-30 04:15:00,8224.279132090978,24.48058048956973,3,0,1,4,15,7694.77,8722.178107019638,8812.398589064236
2024-03-30 04:30:00,8904.042027519783,24.370198527611176,3,0,1,4,30,8224.279132090978,8557.951899451025,8757.23511604846
2024-03-30 04:45:00,9520.228909188692,24.31946730184704,3,0,1,4,45,8904.042027519783,8408.3997421569,8703.089085008454
2024-03-30 05:00:00,9859.01,24.386,3,0,1,5,0,9520.228909188692,8338.83,8676.91
2024-03-30 05:15:00,9782.141758594817,24.61008115688282,3,0,1,5,15,9859.01,8398.20318659307,8692.856533807044
2024-03-30 05:30:00,9453.72558656958,24.96268069566844,3,0,1,5,30,9782.141758594817,8570.088410548891,8713.924034126205
2024-03-30 05:45:00,9113.44912125955,25.39743988661984,3,0,1,5,45,9453.72558656958,8821.70692923027,8690.317017382262
2024-03-30 06:00:00,9001.0,25.868,3,0,1,6,0,9113.44912125955,9120.28,8572.24
2024-03-30 06:15:00,9276.886802279758,26.33781363289898,3,0,1,6,15,9001.0,9432.339302858096,8341.798244457588
2024-03-30 06:30:00,9784.90187620191,26.809578689715064,3,0,1,6,30,9276.886802279758,9721.658208353412,8108.699997446727
2024-03-30 06:45:00,10289.658512023105,27.29580440167362,3,0,1,6,45,9784.90187620191,9951.320509672025,8014.554251712502
2024-03-30 07:00:00,10555.77,27.809,3,0,1,7,0,10289.658512023105,10084.41,8200.97
2024-03-30 07:15:00,10426.345407286157,28.35869556152127,3,0,1,7,15,10555.77,10103.140851974556,8750.928300862603
2024-03-30 07:30:00,10058.476908622788,28.9425045454713,3,0,1,7,30,10426.345407286157,10066.248756037465,9512.898476086888
2024-03-30 07:45:00,9687.752455648026,29.555061256685683,3,0,1,7,45,10058.476908622788,10051.599782081636,10276.721913267727
2024-03-30 08:00:00,9549.76,30.190999999999995,3,0,1,8,0,9687.752455648026,10137.06,10832.24
2024-03-30 08:15:00,9810.901724825622,30.844357246015942,3,0,1,8,15,9549.76,10377.262914243684,11030.293864592002
2024-03-30 08:30:00,10360.836739306938,31.50677812839972,3,0,1,8,30,9810.901724825622,10733.91176749674,10965.723598205726
2024-03-30 08:45:00,11020.038384134788,32.16930994658363,3,0,1,8,45,10360.836739306938,11145.477237001422,10794.36903271659
2024-03-30 09:00:00,11608.98,32.82299999999999,3,0,1,9,0,11020.038384134788,11550.43,10672.07
2024-03-30 09:15:00,11987.36175591136,33.45873482941492,3,0,1,9,15,11608.98,11895.0260848007,10718.385303269388
2024-03-30 09:30:00,12171.791134149456,34.066757940929804,3,0,1,9,30,11987.36175591136,12156.662923975582,10907.749631090206
2024-03-30 09:45:00,12218.102445312825,34.637152081979764,3,0,1,9,45,12171.791134149456,12320.523301162675,11178.316643365924
2024-03-30 10:00:00,12182.13,35.16,3,0,1,10,0,12218.102445312825,12371.79,11468.24
2024-03-30 10:15:00,12114.155782778937,35.6275003113243,3,0,1,10,15,12182.13,12309.96540280352,11724.867422330446
2024-03-30 10:30:00,12042.252474095236,36.04031510788105,3,0,1,10,30,12114.155782778937,12191.830286600934,11932.322877433446
2024-03-30 10:45:00,11988.940428363918,36.401222350497285,3,0,1,10,45,12042.252474095236,12088.485027097882,12083.92439381972
2024-03-30 11:00:00,11976.74,36.713,3,0,1,11,0,11988.940428363918,12071.03,12172.99
2024-03-30 11:15:00,12021.114175472896,36.97831080028785,3,0,1,11,15,11976.74,12186.181210235229,12196.233757408823
2024-03-30 11:30:00,12109.2964694696,37.19935662754597,3,0,1,11,30,12021.114175472896,12383.117179620684,12163.953859176012
2024-03-30 11:45:00,12221.463028731509,37.378224141031104,3,0,1,11,45,12109.2964694696,12586.632059195805,12089.844531355193
2024-03-30 12:00:00,12337.79,37.517,3,0,1,12,0,12221.463028731509,12721.52,11987.6
2024-03-30 12:15:00,12435.166109079482,37.61742836252429,3,0,1,12,15,12337.79,12735.488193755577,11869.655829284253
2024-03-30 12:30:00,12477.330398026364,37.67988338193508,3,0,1,12,30,12435.166109079482,12667.895994916322,11743.412935862503
2024-03-30 12:45:00,12424.734487960062,37.70439671037831,3,0,1,12,45,12477.330398026364,12581.015798618908,11615.013574509509
2024-03-30 13:00:00,12237.83,37.691,3,0,1,13,0,12424.734487960062,12537.12,11490.6
2024-03-30 13:15:00,11904.54795070918,37.640569499615,3,0,1,13,15,12237.83,12577.249920992472,11378.86448795417
2024-03-30 13:30:00,11522.736938424949,37.557359844713766,3,0,1,13,30,11904.54795070918,12657.522590714028,11298.699397373968
2024-03-30 13:45:00,11217.72495692824,37.44647026745565,3,0,1,13,45,11522.736938424949,12712.823965078564,11271.54710810678
2024-03-30 14:00:00,11114.84,37.313,3,0,1,14,0,11217.72495692824,12678.04,11318.85
2024-03-30 14:15:00,11291.143963083803,37.16112176401572,3,0,1,14,15,11114.84,12508.478528524538,11448.258718899067
2024-03-30 14:30:00,11630.634348273848,36.99130223920987,3,0,1,14,30,11291.143963083803,12241.13489222758,11612.25697464163
2024-03-30 14:45:00,11969.042559326965,36.80308159479909,3,0,1,14,45,11630.634348273848,11933.426309816832,11749.536743063374
2024-03-30 15:00:00,12142.1,36.596,3,0,1,15,0,11969.042559326965,11642.77,11798.79
2024-03-30 15:15:00,12033.359009455604,36.368709069322136,3,0,1,15,15,12142.1,11416.002371159384,11714.355792699556
2024-03-30 15:30:00,11717.655668479669,36.11630619844674,3,0,1,15,30,12033.359009455604,11257.63659037566,11513.16145405952
2024-03-30 15:45:00,11317.6469932639,35.83300022834798,3,0,1,15,45,11717.655668479669,11161.605014404107,11227.781388389723
2024-03-30 16:00:00,10955.99,35.513,3,0,1,16,0,11317.6469932639,11121.84,10890.79
2024-03-30 16:15:00,10723.35968659378,35.14991695869573,3,0,1,16,15,10955.99,11123.360580587934,10530.70561030271
2024-03-30 16:30:00,10582.502977807477,34.734972967003145,3,0,1,16,30,10723.35968659378,11115.532496269783,10159.822209120295
2024-03-30 16:45:00,10464.184780117435,34.25879249180899,3,0,1,16,45,10582.502977807477,11038.80816381674,9786.377703377737
2024-03-30 17:00:00,10299.17,33.712,3,0,1,17,0,10464.184780117435,10833.64,9418.61
2024-03-30 17:15:00,10038.474587919276,33.09338872089495,3,0,1,17,15,10299.17,10467.17015023888,9069.50239108961
2024-03-30 17:30:00,9714.118670290423,32.434426933540685,3,0,1,17,30,10038.474587919276,10013.299674545206,8771.019709459295
2024-03-30 17:45:00,9378.373417516355,31.77475167941608,3,0,1,17,45,9714.118670290423,9572.619361578929,8559.872173099333
2024-03-30 18:00:00,9083.51,31.154,3,0,1,18,0,9378.373417516355,9245.72,8472.77
2024-03-30 18:15:00,8871.469774229114,30.60379378272448,3,0,1,18,15,9083.51,9103.164287206544,8527.54029408885
2024-03-30 18:30:00,8742.87484103083,30.123694298834128,3,0,1,18,30,8871.469774229114,9095.402555549388,8666.477703042523
2024-03-30 18:45:00,8688.017487317135,29.70524766552672,3,0,1,18,45,8742.87484103083,9142.85704611754,8812.993760474934
2024-03-30 19:00:00,8697.19,29.34,3,0,1,19,0,8688.017487317135,9165.95,8890.5
2024-03-30 19:15:00,8754.492721414272,29.019358023207133,3,0,1,19,15,8697.19,9105.381294684948,8847.729245054992
2024-03-30 19:30:00,8819.258215586253,28.7341708711228,3,0,1,19,30,8754.492721414272,8982.96135325724,8734.699478370614
2024-03-30 19:45:00,8844.627101965105,28.47514828347707,3,0,1,19,45,8819.258215586253,8840.778235200914,8626.74997250093
2024-03-30 20:00:00,8783.74,28.233,3,0,1,20,0,8844.627101965105,8720.92,8599.22
2024-03-30 20:15:00,8616.0629338638,28.000367874446983,3,0,1,20,15,8783.74,8653.68647155367,8703.139913191182
2024-03-30 20:30:00,8426.363546624163,27.777622216674672,3,0,1,20,30,8616.0629338638,8622.22453142165,8892.304383475019
2024-03-30 20:45:00,8325.734886072447,27.567065450565018,3,0,1,20,45,8426.363546624163,8597.892825578805,9096.199162021345
2024-03-30 21:00:00,8425.27,27.371,3,0,1,21,0,8325.734886072447,8552.05,9244.31
2024-03-30 21:15:00,8785.795855630526,27.190576729004928,3,0,1,21,15,8425.27,8465.35156910037,9288.279695930276
2024-03-30 21:30:00,9267.075097917092,27.02234026217852,3,0,1,21,30,8785.795855630526,8355.640521056153,9268.37923772931
2024-03-30 21:45:00,9678.604291245112,26.861683664262856,3,0,1,21,45,9267.075097917092,8250.05671248386,9247.036660663687
2024-03-30 22:00:00,9829.88,26.704,3,0,1,22,0,9678.604291245112,8175.74,9286.68
2024-03-30 22:15:00,9590.565362364096,26.545247084533315,3,0,1,22,15,9829.88,8148.095533294847,9419.756615587708
2024-03-30 22:30:00,9070.989811707464,26.383641734611253,3,0,1,22,30,9590.565362364096,8135.589634353734,9558.791165607743
2024-03-30 22:45:00,8441.6493551971,26.21796551738357,3,0,1,22,45,9070.989811707464,8094.953918235752,9586.327632823908
2024-03-30 23:00:00,7873.04,26.047,3,0,1,23,0,8441.6493551971,7982.92,9384.91
2024-03-30 23:15:00,7504.221288663093,25.871231807861832,3,0,1,23,15,7873.04,7783.684266470238,8890.896966718889
2024-03-30 23:30:00,7348.5069052530525,25.697967799376475,3,0,1,23,30,7504.221288663093,7591.30219152891,8255.906099839714
2024-03-30 23:45:00,7387.774069216485,25.536219891202883,3,0,1,23,45,7348.5069052530525,7527.294020823127,7685.369683040682
2024-03-31 00:00:00,7603.9,25.395,3,0,1,0,0,7387.774069216485,7713.18,7384.72
2024-03-31 00:15:00,7966.258701733533,25.28151318401936,3,0,1,0,15,7603.9,8211.9114633242,7493.011142536733
2024-03-31 00:30:00,8394.21131728033,25.19573706788284,3,0,1,0,30,7966.258701733533,8852.164099530626,7883.784435033396
2024-03-31 00:45:00,8794.61577418696,25.1358424178049,3,0,1,0,45,8394.21131728033,9404.04468597174,8364.203010013362
2024-03-31 01:00:00,9074.33,25.1,3,0,1,1,0,8794.61577418696,9637.66,8741.43
2024-03-31 01:15:00,9167.028591902774,25.08429358106073,3,0,1,1,15,9074.33,9399.356755232964,8873.035650634178
2024-03-31 01:30:00,9113.65282562563,25.076458929092173,3,0,1,1,30,9167.028591902774,8840.441410348585,8818.218660026701
2024-03-31 01:45:00,8981.96064653567,25.062144812577525,3,0,1,1,45,9113.65282562563,8188.460360289915,8686.584839405878
2024-03-31 02:00:00,8839.71,25.027,3,0,1,2,0,8981.96064653567,7670.96,8587.74
2024-03-31 02:15:00,8742.03646190537,24.96212499173772,3,0,1,2,15,8839.71,7455.241359493942,8599.633911176557
2024-03-31 02:30:00,8693.586130217149,24.880427215748472,3,0,1,2,30,8742.03646190537,7467.624009075029,8673.592174859792
2024-03-31 02:45:00,8686.382733420352,24.800265831885,3,0,1,2,45,8693.586130217149,7574.182154118602,8729.284351113129
2024-03-31 03:00:00,8712.45,24.74,3,0,1,3,0,8686.382733420352,7640.99,8686.38
2024-03-31 03:15:00,8763.038685475745,24.7107845769884,3,0,1,3,15,8712.45,7578.84936929127,8492.57370465959
2024-03-31 03:30:00,8826.307653505775,24.69495720791392,3,0,1,3,30,8763.038685475745,7477.472553351297,8207.66014053413
2024-03-31 03:45:00,8889.64279478292,24.66765123488248,3,0,1,3,45,8826.307653505775,7471.299460735677,7919.459006141603
2024-03-31 04:00:00,8940.43,24.604,3,0,1,4,0,8889.64279478292,7694.77,7715.79
2024-03-31 04:15:00,8966.657702441655,24.49362732530868,3,0,1,4,15,8940.43,8224.279132090978,7662.315801435078
2024-03-31 04:30:00,8958.724505759754,24.38411895259584,3,0,1,4,30,8966.657702441655,8904.042027519783,7736.07101300369
2024-03-31 04:45:00,8907.631556197974,24.337551103585085,3,0,1,4,45,8958.724505759754,9520.228909188692,7891.933218070454
2024-03-31 05:00:00,8804.38,24.416,3,0,1,5,0,8907.631556197974,9859.01,8084.78
2024-03-31 05:15:00,8651.828004757635,24.661799871776875,3,0,1,5,15,8804.38,9782.141758594817,8279.392464600094
2024-03-31 05:30:00,8500.261823455214,25.03831698170271,3,0,1,5,30,8651.828004757635,9453.72558656958,8480.16580745111
2024-03-31 05:45:00,8411.824730425182,25.489175600777195,3,0,1,5,45,8500.261823455214,9113.44912125955,8701.398746576573
2024-03-31 06:00:00,8448.66,25.958,3,0,1,6,0,8411.824730425182,9001.0,8957.39
2024-03-31 06:15:00,8647.078247277796,26.401891937583816,3,0,1,6,15,8448.66,9276.886802279758,9256.58027766454
2024-03-31 06:30:00,8940.059450419394,26.831863120593308,3,0,1,6,30,8647.078247277796,9784.90187620191,9583.97825719186
2024-03-31 06:45:00,9234.750928351294,27.27240274330615,3,0,1,6,45,8940.059450419394,10289.658512023105,9918.734608123248
2024-03-31 07:00:00,9438.3,27.748,3,0,1,7,0,9234.750928351294,10555.77,10240.0
2024-03-31 07:15:00,9494.34619363118,28.276210502887864,3,0,1,7,15,9438.3,10426.345407286157,10528.33126849174
2024-03-31 07:30:00,9492.497874867213,28.84685553592405,3,0,1,7,30,9494.34619363118,10058.476908622788,10769.909913781446
2024-03-31 07:45:00,9558.855618669631,29.44282280099821,3,0,1,7,45,9492.497874867213,9687.752455648026,10952.32360218043
2024-03-31 08:00:00,9819.52,30.047,3,0,1,8,0,9558.855618669631,9549.76,11063.16
2024-03-31 08:15:00,10350.730259447482,30.64546917586474,3,0,1,8,15,9819.52,9810.901724825622,11099.719179618492
2024-03-31 08:30:00,11029.280300111768,31.23708973571049,3,0,1,8,30,10350.730259447482,10360.836739306938,11098.150837682351
2024-03-31 08:45:00,11682.102690720169,31.823915427701,3,0,1,8,45,11029.280300111768,11020.038384134788,11104.317076905032
2024-03-31 09:00:00,12136.13,32.408,3,0,1,9,0,11682.102690720169,11608.98,11164.08
2024-03-31 09:15:00,12269.63761232889,32.98838154365318,3,0,1,9,15,12136.13,11987.36175591136,11307.21623178428
2024-03-31 09:30:00,12166.27217468572,33.55203552123399,3,0,1,9,30,12269.63761232889,12171.791134149456,11499.16048548915
2024-03-31 09:45:00,11961.023149699691,34.0829217381978,3,0,1,9,45,12166.27217468572,12218.102445312825,11689.261996449444
2024-03-31 10:00:00,11788.88,34.565,3,0,1,10,0,11961.023149699691,12182.13,11826.87
2024-03-31 10:15:00,11754.234447486955,34.986739024522535,3,0,1,10,15,11788.88,12114.155782778937,11874.056361994382
2024-03-31 10:30:00,11839.087251145347,35.35464317935357,3,0,1,10,30,11754.234447486955,12042.252474095236,11843.783470361048
2024-03-31 10:45:00,11994.841429231064,35.67972574450781,3,0,1,10,45,11839.087251145347,11988.940428363918,11761.736343547193
2024-03-31 11:00:00,12172.9,35.973,3,0,1,11,0,11994.841429231064,11976.74,11653.6
2024-03-31 11:15:00,12328.816160223278,36.24259985825668,3,0,1,11,15,12172.9,12021.114175472896,11544.518945238196
2024-03-31 11:30:00,12434.74382073289,36.48514176135175,3,0,1,11,30,12328.816160223278,12109.2964694696,11457.475633066657
2024-03-31 11:45:00,12466.98707087606,36.69436278377094,3,0,1,11,45,12434.74382073289,12221.463028731509,11414.912004361788
2024-03-31 12:00:00,12401.85,36.864,3,0,1,12,0,12466.98707087606,12337.79,11439.27
2024-03-31 12:15:00,12227.667317869931,36.98939279245074,3,0,1,12,15,12401.85,12435.166109079482,11542.087857052831
2024-03-31 12:30:00,11980.89621592309,37.07228977523943,3,0,1,12,30,12227.667317869931,12477.330398026364,11691.288997372329
2024-03-31 12:45:00,11710.024506014704,37.1160418704084,3,0,1,12,45,11980.89621592309,12424.734487960062,11843.89313900566
2024-03-31 13:00:00,11463.54,37.124,3,0,1,13,0,11710.024506014704,12237.83,11956.92
2024-03-31 13:15:00,11281.24206829699,37.09928209694034,3,0,1,13,15,11463.54,11904.54795070918,11998.274939050476
2024-03-31 13:30:00,11168.176315574749,37.04407413769054,3,0,1,13,30,11281.24206829699,11522.736938424949,11979.405877444036
2024-03-31 13:45:00,11120.699905065138,36.96032910959546,3,0,1,13,45,11168.176315574749,11217.72495692824,11922.646377115576
2024-03-31 14:00:00,11135.17,36.85,3,0,1,14,0,11120.699905065138,11114.84,11850.33
2024-03-31 14:15:00,11204.545033942111,36.71524444478789,3,0,1,14,15,11135.17,11291.143963083803,11778.356761745266
2024-03-31 14:30:00,11308.188521777907,36.55903867399842,3,0,1,14,30,11204.545033942111,11630.634348273848,11696.892492851535
2024-03-31 14:45:00,11422.065248724752,36.38456356620974,3,0,1,14,45,11308.188521777907,11969.042559326965,11589.66947753204
2024-03-31 15:00:00,11522.14,36.195,3,0,1,15,0,11422.065248724752,12142.1,11440.42
2024-03-31 15:15:00,11585.542327184568,35.99033387390809,3,0,1,15,15,11522.14,12033.359009455604,11240.100513968466
2024-03-31 15:30:00,11594.06084731361,35.75777116631578,3,0,1,15,30,11585.542327184568,11717.655668479669,11008.564151149816
2024-03-31 15:45:00,11530.648943785847,35.48132287556558,3,0,1,15,45,11594.06084731361,11317.6469932639,10772.88821275626
2024-03-31 16:00:00,11378.26,35.145,3,0,1,16,0,11530.648943785847,10955.99,10560.15
2024-03-31 16:15:00,11128.012219819622,34.73931068457977,3,0,1,16,15,11378.26,10723.35968659378,10388.17196363087
2024-03-31 16:30:00,10803.683088967648,34.280751660738474,3,0,1,16,30,11128.012219819622,10582.502977807477,10237.757152549197
2024-03-31 16:45:00,10437.214913631848,33.79231680652795,3,0,1,16,45,10803.683088967648,10464.184780117435,10080.453765192924
2024-03-31 17:00:00,10060.55,33.297,3,0,1,17,0,10437.214913631848,10299.17,9887.81
2024-03-31 17:15:00,9701.916293536944,32.81362651277285,3,0,1,17,15,10060.55,10038.474587919276,9644.623194008043
2024-03-31 17:30:00,9374.6842968158,32.34434719073032,3,0,1,17,30,9701.916293536944,9714.118670290423,9388.687238653392
2024-03-31 17:45:00,9088.510151686754,31.88714427332264,3,0,1,17,45,9374.6842968158,9378.373417516355,9171.04516397204
2024-03-31 18:00:00,8853.05,31.440000000000005,3,0,1,18,0,9088.510151686754,9083.51,9042.74
2024-03-31 18:15:00,8677.808856032598,31.002652014328834,3,0,1,18,15,8853.05,8871.469774229114,9035.265885336945
2024-03-31 18:30:00,8571.687223769148,30.581859576340246,3,0,1,18,30,8677.808856032598,8742.87484103083,9101.921392837236
2024-03-31 18:45:00,8543.43447962112,30.18613735018153,3,0,1,18,45,8571.687223769148,8688.017487317135,9176.45620391891
2024-03-31 19:00:00,8601.8,29.824,3,0,1,19,0,8543.43447962112,8697.19,9192.62
2024-03-31 19:15:00,8742.61562608266,29.50053105491183,3,0,1,19,15,8601.8,8754.492721414272,9104.98263964418
2024-03-31 19:30:00,8910.043058107607,29.207089503908712,3,0,1,19,30,8742.61562608266,8819.258215586253,8951.394689997667
2024-03-31 19:45:00,9035.326461078748,28.931603200951244,3,0,1,19,45,8910.043058107607,8844.627101965105,8790.526895352323
2024-03-31 20:00:00,9049.71,28.661999999999995,3,0,1,20,0,9035.326461078748,8783.74,8681.05
2024-03-31 20:15:00,8914.77145213676,28.38963001602385,3,0,1,20,15,9049.71,8616.0629338638,8666.254962336336
2024-03-31 20:30:00,8713.423043800422,28.11953240802489,3,0,1,20,30,8914.77145213676,8426.363546624163,8727.91359717209
2024-03-31 20:45:00,8558.910613563872,27.860168596013484,3,0,1,20,45,8713.423043800422,8325.734886072447,8832.417933421797
2024-03-31 21:00:00,8564.48,27.62,3,0,1,21,0,8558.910613563872,8425.27,8946.16
2024-03-31 21:15:00,8802.482784120297,27.40555825599274,3,0,1,21,15,8564.48,8785.795855630526,9039.947979760474
2024-03-31 21:30:00,9181.6935166907,27.215655863991703,3,0,1,21,30,8802.482784120297,9267.075097917092,9102.254671313973
2024-03-31 21:45:00,9569.992490915754,27.04717553999481,3,0,1,21,45,9181.6935166907,9678.604291245112,9125.969027210482
2024-03-31 22:00:00,9835.26,26.897,3,0,1,22,0,9569.992490915754,9829.88,9103.98
2024-03-31 22:15:00,9878.914130132049,26.762011960005182,3,0,1,22,15,9835.26,9590.565362364096,9034.150306121765
2024-03-31 22:30:00,9736.524139436771,26.639094136008296,3,0,1,22,30,9878.914130132049,9070.989811707464,8934.237717572023
2024-03-31 22:45:00,9477.19707902311,26.525129244007257,3,0,1,22,45,9736.524139436771,8441.6493551971,8826.97377023627
2024-03-31 23:00:00,9170.04,26.417,3,0,1,23,0,9477.19707902311,7873.04,8735.09
2026-06-24 11:30:00+05:30,10742.0,10711.641406111736,37.35800528526306,6,0,0,11,30,10742.0,10634.58,10527.16
2026-06-24 06:00:00+00:00,10816.0,10696.602146031257,37.35800528526306,6,0,0,11,30,10742.0,10707.84,10599.68
2026-06-24 06:00:00+00:00,10816.0,10696.602146031257,37.35800528526306,6,0,0,11,30,10742.0,10707.84,10599.68
2026-06-24 06:00:00+00:00,11026.0,10857.413659582506,37.53111267089844,6,0,0,11,30,10742.0,10915.74,10805.48
2026-06-24 06:00:00+00:00,11026.0,10857.413659582506,37.53111267089844,6,0,0,11,30,10742.0,10915.74,10805.48
2026-06-24 06:00:00+00:00,11152.0,11075.299193393674,37.53111267089844,6,0,0,11,30,10742.0,11040.48,10928.96
2026-06-24 06:00:00+00:00,11152.0,11075.299193393674,37.53111267089844,6,0,0,11,30,10742.0,11040.48,10928.96
2026-06-24 11:45:00+05:30,11134.0,11009.46050299427,37.53111267089844,6,0,0,11,45,11152.0,11022.66,10911.32
2026-06-24 06:15:00+00:00,11134.0,11009.46050299427,37.53111267089844,6,0,0,11,45,11152.0,11022.66,10911.32
2026-06-24 06:15:00+00:00,11108.0,10853.517490565746,37.684648752212524,6,0,0,11,45,11152.0,10996.92,10885.84
2026-06-24 06:15:00+00:00,11108.0,10853.517490565746,37.684648752212524,6,0,0,11,45,11152.0,10996.92,10885.84
2026-06-24 06:15:00+00:00,10928.0,10784.335494529605,37.684648752212524,6,0,0,11,45,11152.0,10818.72,10709.44
2026-06-24 06:15:00+00:00,11250.0,11160.319366806778,37.684648752212524,6,0,0,11,45,11152.0,11137.5,11025.0
2026-06-24 12:00:00+05:30,11112.0,10976.737367279145,37.684648752212524,6,0,0,12,0,11250.0,11000.88,10889.76
2026-06-24 06:30:00+00:00,11112.0,10976.737367279145,37.684648752212524,6,0,0,12,0,11250.0,11000.88,10889.76
2026-06-24 06:30:00+00:00,11235.0,11076.190909912251,37.860469579696655,6,0,0,12,0,11250.0,11122.65,11010.3
2026-06-24 06:30:00+00:00,11266.0,11125.485248547937,37.860469579696655,6,0,0,12,0,11250.0,11153.34,11040.68
2026-06-24 06:30:00+00:00,11248.0,11119.389649708313,37.860469579696655,6,0,0,12,0,11250.0,11135.52,11023.04
2026-06-24 06:30:00+00:00,11248.0,11119.389649708313,37.860469579696655,6,0,0,12,0,11250.0,11135.52,11023.04
2026-06-24 12:15:00+05:30,11304.0,11133.016613617085,37.860469579696655,6,0,0,12,15,11248.0,11190.96,11077.92
2026-06-24 06:45:00+00:00,11282.0,11138.626091787148,37.860469579696655,6,0,0,12,15,11248.0,11169.18,11056.36
2026-06-24 06:45:00+00:00,11234.0,11061.83409441459,38.015817403793335,6,0,0,12,15,11248.0,11121.66,11009.32
2026-06-24 06:45:00+00:00,11234.0,11061.83409441459,38.015817403793335,6,0,0,12,15,11248.0,11121.66,11009.32
2026-06-24 06:45:00+00:00,11183.0,11006.382826473273,38.015817403793335,6,0,0,12,15,11248.0,11071.17,10959.34
2026-06-24 06:45:00+00:00,11332.0,11131.941944193608,38.015817403793335,6,0,0,12,15,11248.0,11218.68,11105.36
2026-06-24 12:30:00+05:30,11263.0,11085.473852749654,38.015817403793335,6,0,0,12,30,11332.0,11150.37,11037.74
2026-06-24 07:00:00+00:00,11263.0,11085.473852749654,38.015817403793335,6,0,0,12,30,11332.0,11150.37,11037.74
2026-06-24 07:00:00+00:00,11168.0,10973.710190483185,38.15683555603027,6,0,0,12,30,11332.0,11056.32,10944.64
2026-06-24 07:00:00+00:00,11168.0,10973.710190483185,38.15683555603027,6,0,0,12,30,11332.0,11056.32,10944.64
2026-06-24 07:00:00+00:00,11168.0,10973.710190483185,38.15683555603027,6,0,0,12,30,11332.0,11056.32,10944.64
2026-06-24 12:45:00+05:30,11168.0,10956.430357292353,38.15683555603027,6,0,0,12,45,11168.0,11056.32,10944.64
2026-06-24 07:15:00+00:00,11105.0,10775.190684486846,38.15683555603027,6,0,0,12,45,11168.0,10993.95,10882.9
2026-06-24 07:15:00+00:00,11105.0,10775.190684486846,38.15683555603027,6,0,0,12,45,11168.0,10993.95,10882.9
2026-06-24 07:15:00+00:00,11155.0,10952.711863764795,38.2948534488678,6,0,0,12,45,11168.0,11043.45,10931.9
2026-06-24 07:15:00+00:00,11070.0,10764.774202108198,38.2948534488678,6,0,0,12,45,11168.0,10959.3,10848.6
2026-06-24 07:15:00+00:00,10960.0,10725.304161995038,38.2948534488678,6,0,0,12,45,11168.0,10850.4,10740.8
2026-06-24 13:00:00+05:30,10960.0,10608.532689757176,38.2948534488678,6,0,0,13,0,10960.0,10850.4,10740.8
2026-06-24 07:30:00+00:00,10953.0,10608.532689757176,38.2948534488678,6,0,0,13,0,10960.0,10843.47,10733.94
2026-06-24 07:30:00+00:00,10997.0,10626.608470204124,38.2948534488678,6,0,0,13,0,10960.0,10887.03,10777.06
2026-06-24 07:30:00+00:00,10839.0,10571.389692272864,38.35077214241028,6,0,0,13,0,10960.0,10730.61,10622.22
2026-06-24 07:30:00+00:00,10839.0,10571.389692272864,38.35077214241028,6,0,0,13,0,10960.0,10730.61,10622.22
2026-06-24 13:15:00+05:30,10843.0,10602.227599304453,38.46655344963074,6,0,0,13,15,10839.0,10734.57,10626.14
2026-06-24 07:45:00+00:00,10853.0,10603.390237960997,38.46655344963074,6,0,0,13,15,10839.0,10744.47,10635.94
2026-06-24 07:45:00+00:00,10890.0,10630.98312064103,38.36164569854736,6,0,0,13,15,10839.0,10781.1,10672.2
2026-06-24 07:45:00+00:00,10890.0,10630.98312064103,38.36164569854736,6,0,0,13,15,10839.0,10781.1,10672.2
2026-06-24 14:15:00+05:30,10942.0,10841.056066442863,37.74258780479431,6,0,0,14,15,10942.0,10832.58,10723.16
2026-06-24 08:45:00+00:00,10942.0,10841.056066442863,37.74258780479431,6,0,0,14,15,10942.0,10832.58,10723.16
2026-06-24 08:45:00+00:00,11490.0,11403.982780541928,37.57429528236389,6,0,0,14,15,11490.0,11375.1,11260.2
2026-06-24 08:45:00+00:00,11490.0,11403.982780541928,37.57429528236389,6,0,0,14,15,11490.0,11375.1,11260.2
2026-06-24 14:30:00+05:30,11521.0,11417.215586161503,37.57429528236389,6,0,0,14,30,11490.0,11405.79,11290.58
2026-06-24 09:00:00+00:00,11521.0,11417.215586161503,37.57429528236389,6,0,0,14,30,11490.0,11405.79,11290.58
2026-06-24 09:00:00+00:00,11478.0,11409.803633109274,37.57429528236389,6,0,0,14,30,11490.0,11363.22,11248.44
2026-06-24 09:00:00+00:00,11552.0,11464.245303257405,37.45799899101257,6,0,0,14,30,11490.0,11436.48,11320.96
2026-06-24 14:45:00+05:30,11552.0,11481.323420341874,37.45799899101257,6,0,0,14,45,11552.0,11436.48,11320.96
2026-06-30 11:45:00+05:30,11293.0,11183.489423424544,38.667569637298584,6,0,0,11,45,11293.0,11180.07,11067.14
2026-06-30 12:15:00+05:30,11324.0,11131.137439272017,39.002877950668335,6,0,0,12,15,11293.0,11210.76,11097.52
2026-06-30 06:45:00+00:00,11336.0,11131.137439272017,39.002877950668335,6,0,0,12,15,11293.0,11222.64,11109.28
2026-06-30 06:45:00+00:00,11429.0,11274.356017254358,39.20325779914856,6,0,0,12,15,11293.0,11314.71,11200.42
2026-06-30 06:45:00+00:00,11429.0,11274.356017254358,39.20325779914856,6,0,0,12,15,11293.0,11314.71,11200.42
2026-06-30 12:30:00+05:30,11424.0,11268.668451817992,39.452109575271606,6,0,0,12,30,11429.0,11309.76,11195.52
2026-06-30 07:00:00+00:00,11500.0,11318.13752166099,39.452109575271606,6,0,0,12,30,11429.0,11385.0,11270.0
2026-06-30 07:00:00+00:00,11500.0,11318.13752166099,39.452109575271606,6,0,0,12,30,11429.0,11385.0,11270.0
2026-06-30 12:45:00+05:30,11268.0,11089.469541926486,39.71696901321411,6,0,0,12,45,11500.0,11155.32,11042.64
2026-06-30 07:15:00+00:00,11268.0,11089.469541926486,39.71696901321411,6,0,0,12,45,11500.0,11155.32,11042.64
2026-06-30 13:15:00+05:30,11428.0,11131.609584091319,39.820054054260254,6,0,0,13,15,11268.0,11313.72,11199.44
2026-06-30 07:45:00+00:00,11428.0,11131.609584091319,39.820054054260254,6,0,0,13,15,11268.0,11313.72,11199.44
2026-06-30 13:30:00+05:30,11407.0,11118.153520503703,39.658202171325684,6,0,0,13,30,11428.0,11292.93,11178.86
2026-06-30 08:00:00+00:00,11407.0,11118.153520503703,39.658202171325684,6,0,0,13,30,11428.0,11292.93,11178.86
2026-06-30 13:45:00+05:30,11623.0,11375.138841024254,39.38917422294617,6,0,0,13,45,11407.0,11506.77,11390.54
2026-06-30 08:15:00+00:00,11623.0,11375.138841024254,38.46873211860657,6,0,0,13,45,11407.0,11506.77,11390.54
2026-07-02 12:00:00+05:30,11399.0,11281.18249442333,34.394054651260376,7,0,0,12,0,11399.0,11285.01,11171.02
2026-07-02 12:15:00+05:30,11347.0,11177.509771725297,34.60987162590027,7,0,0,12,15,11399.0,11233.53,11120.06
2026-07-07 18:00:00+05:30,9079.0,8834.399129033127,34.5701539516449,7,0,0,18,0,9079.0,8949.6,8859.2
2026-07-07 18:15:00+05:30,9075.0,8945.216971267948,34.5701539516449,7,0,0,18,15,9079.0,8984.25,8893.5
2026-07-07 12:45:00+00:00,9061.0,8926.32000514438,34.31153225898743,7,0,0,18,15,9079.0,8970.39,8879.78
2026-07-07 18:30:00+05:30,9133.0,9072.232070254813,34.31153225898743,7,0,0,18,30,9061.0,9041.67,8950.34
