State,Date,Hourly Demand Met (in MW),,,,
Madhya Pradesh - 2024,01-Jan 12am,11116.43,,,,
Madhya Pradesh - 2024,01-Jan 1am,10713.61,,,,
Madhya Pradesh - 2024,01-Jan 2am,10211.59,,,,
Madhya Pradesh - 2024,01-Jan 3am,10310.55,,,,
Madhya Pradesh - 2024,01-Jan 4am,10470.74,,,,
Madhya Pradesh - 2024,01-Jan 5am,10845.95,,,,
Madhya Pradesh - 2024,01-Jan 6am,11900.31,,,,
Madhya Pradesh - 2024,01-Jan 7am,13804.31,,,,
Madhya Pradesh - 2024,01-Jan 8am,15070.58,,,,
Madhya Pradesh - 2024,01-Jan 9am,16320.48,,,,
Madhya Pradesh - 2024,01-Jan 10am,17007.31,,,,
Madhya Pradesh - 2024,01-Jan 11am,17078.48,,,,
Madhya Pradesh - 2024,01-Jan 12pm,16759.39,,,,
Madhya Pradesh - 2024,01-Jan 1pm,16717.28,,,,
Madhya Pradesh - 2024,01-Jan 2pm,16357.68,,,,
Madhya Pradesh - 2024,01-Jan 3pm,16206.19,,,,
Madhya Pradesh - 2024,01-Jan 4pm,15702.14,,,,
Madhya Pradesh - 2024,01-Jan 5pm,14774.01,,,,
Madhya Pradesh - 2024,01-Jan 6pm,13721.77,,,,
Madhya Pradesh - 2024,01-Jan 7pm,12658.17,,,,
Madhya Pradesh - 2024,01-Jan 8pm,11193.39,,,,
Madhya Pradesh - 2024,01-Jan 9pm,10321.17,,,,
Madhya Pradesh - 2024,01-Jan 10pm,10566.87,,,,
Madhya Pradesh - 2024,01-Jan 11pm,11075.64,,,,
Madhya Pradesh - 2024,02-Jan 12am,10757.63,,,,
Madhya Pradesh - 2024,02-Jan 1am,10316.04,,,,
Madhya Pradesh - 2024,02-Jan 2am,9729.84,,,,
Madhya Pradesh - 2024,02-Jan 3am,9720.81,,,,
Madhya Pradesh - 2024,02-Jan 4am,9837.17,,,,
Madhya Pradesh - 2024,02-Jan 5am,10149.86,,,,
Madhya Pradesh - 2024,02-Jan 6am,11099.67,,,,
Madhya Pradesh - 2024,02-Jan 7am,13071.82,,,,
Madhya Pradesh - 2024,02-Jan 8am,14583.32,,,,
Madhya Pradesh - 2024,02-Jan 9am,15943.2,,,,
Madhya Pradesh - 2024,02-Jan 10am,16648,,,,
Madhya Pradesh - 2024,02-Jan 11am,16793.43,,,,
Madhya Pradesh - 2024,02-Jan 12pm,16444.34,,,,
Madhya Pradesh - 2024,02-Jan 1pm,16370.47,,,,
Madhya Pradesh - 2024,02-Jan 2pm,16193.08,,,,
Madhya Pradesh - 2024,02-Jan 3pm,16165.98,,,,
Madhya Pradesh - 2024,02-Jan 4pm,15752.47,,,,
Madhya Pradesh - 2024,02-Jan 5pm,15034.71,,,,
Madhya Pradesh - 2024,02-Jan 6pm,14252.66,,,,
Madhya Pradesh - 2024,02-Jan 7pm,13217.66,,,,
Madhya Pradesh - 2024,02-Jan 8pm,11583.99,,,,
Madhya Pradesh - 2024,02-Jan 9pm,10623.88,,,,
Madhya Pradesh - 2024,02-Jan 10pm,10884.76,,,,
Madhya Pradesh - 2024,02-Jan 11pm,11271.3,,,,
Madhya Pradesh - 2024,03-Jan 12am,10832.69,,,,
Madhya Pradesh - 2024,03-Jan 1am,10265.71,,,,
Madhya Pradesh - 2024,03-Jan 2am,9602.9,,,,
Madhya Pradesh - 2024,03-Jan 3am,9543.23,,,,
Madhya Pradesh - 2024,03-Jan 4am,9503.88,,,,
Madhya Pradesh - 2024,03-Jan 5am,9788.61,,,,
Madhya Pradesh - 2024,03-Jan 6am,10731.09,,,,
Madhya Pradesh - 2024,03-Jan 7am,12642.52,,,,
Madhya Pradesh - 2024,03-Jan 8am,14185.23,,,,
Madhya Pradesh - 2024,03-Jan 9am,15414.48,,,,
Madhya Pradesh - 2024,03-Jan 10am,16057.96,,,,
Madhya Pradesh - 2024,03-Jan 11am,16086.77,,,,
Madhya Pradesh - 2024,03-Jan 12pm,15595.52,,,,
Madhya Pradesh - 2024,03-Jan 1pm,15591.28,,,,
Madhya Pradesh - 2024,03-Jan 2pm,15476.03,,,,
Madhya Pradesh - 2024,03-Jan 3pm,15531.91,,,,
Madhya Pradesh - 2024,03-Jan 4pm,15171.75,,,,
Madhya Pradesh - 2024,03-Jan 5pm,14789.57,,,,
Madhya Pradesh - 2024,03-Jan 6pm,14067.19,,,,
Madhya Pradesh - 2024,03-Jan 7pm,13064.09,,,,
Madhya Pradesh - 2024,03-Jan 8pm,11605.76,,,,
Madhya Pradesh - 2024,03-Jan 9pm,10493.74,,,,
Madhya Pradesh - 2024,03-Jan 10pm,10555.7,,,,
Madhya Pradesh - 2024,03-Jan 11pm,10806.59,,,,
Madhya Pradesh - 2024,04-Jan 12am,10493.53,,,,
Madhya Pradesh - 2024,04-Jan 1am,10080.08,,,,
Madhya Pradesh - 2024,04-Jan 2am,9596.17,,,,
Madhya Pradesh - 2024,04-Jan 3am,9623.99,,,,
Madhya Pradesh - 2024,04-Jan 4am,9778.7,,,,
Madhya Pradesh - 2024,04-Jan 5am,10089.42,,,,
Madhya Pradesh - 2024,04-Jan 6am,11113.41,,,,
Madhya Pradesh - 2024,04-Jan 7am,12929.85,,,,
Madhya Pradesh - 2024,04-Jan 8am,14560.55,,,,
Madhya Pradesh - 2024,04-Jan 9am,15591.09,,,,
Madhya Pradesh - 2024,04-Jan 10am,16018.37,,,,
Madhya Pradesh - 2024,04-Jan 11am,15786.43,,,,
Madhya Pradesh - 2024,04-Jan 12pm,15212.45,,,,
Madhya Pradesh - 2024,04-Jan 1pm,15121.95,,,,
Madhya Pradesh - 2024,04-Jan 2pm,14927.2,,,,
Madhya Pradesh - 2024,04-Jan 3pm,15167.61,,,,
Madhya Pradesh - 2024,04-Jan 4pm,15008.27,,,,
Madhya Pradesh - 2024,04-Jan 5pm,14409.4,,,,
Madhya Pradesh - 2024,04-Jan 6pm,13694.45,,,,
Madhya Pradesh - 2024,04-Jan 7pm,12732.91,,,,
Madhya Pradesh - 2024,04-Jan 8pm,11325.73,,,,
Madhya Pradesh - 2024,04-Jan 9pm,10427.28,,,,
Madhya Pradesh - 2024,04-Jan 10pm,10361.86,,,,
Madhya Pradesh - 2024,04-Jan 11pm,10390.93,,,,
Madhya Pradesh - 2024,05-Jan 12am,10011.61,,,,
Madhya Pradesh - 2024,05-Jan 1am,9596.58,,,,
Madhya Pradesh - 2024,05-Jan 2am,9154.22,,,,
Madhya Pradesh - 2024,05-Jan 3am,9240.97,,,,
Madhya Pradesh - 2024,05-Jan 4am,9348.65,,,,
Madhya Pradesh - 2024,05-Jan 5am,9632.24,,,,
Madhya Pradesh - 2024,05-Jan 6am,10706.67,,,,
Madhya Pradesh - 2024,05-Jan 7am,12872.86,,,,
Madhya Pradesh - 2024,05-Jan 8am,14410.17,,,,
Madhya Pradesh - 2024,05-Jan 9am,15441.37,,,,
Madhya Pradesh - 2024,05-Jan 10am,15877.16,,,,
Madhya Pradesh - 2024,05-Jan 11am,15361.45,,,,
Madhya Pradesh - 2024,05-Jan 12pm,15009.69,,,,
Madhya Pradesh - 2024,05-Jan 1pm,14777.08,,,,
Madhya Pradesh - 2024,05-Jan 2pm,14515.26,,,,
Madhya Pradesh - 2024,05-Jan 3pm,14341.93,,,,
Madhya Pradesh - 2024,05-Jan 4pm,13973.93,,,,
Madhya Pradesh - 2024,05-Jan 5pm,13583.21,,,,
Madhya Pradesh - 2024,05-Jan 6pm,12962.13,,,,
Madhya Pradesh - 2024,05-Jan 7pm,12039.21,,,,
Madhya Pradesh - 2024,05-Jan 8pm,10656.97,,,,
Madhya Pradesh - 2024,05-Jan 9pm,9658.36,,,,
Madhya Pradesh - 2024,05-Jan 10pm,9379.88,,,,
Madhya Pradesh - 2024,05-Jan 11pm,9272.14,,,,
Madhya Pradesh - 2024,06-Jan 12am,8720.26,,,,
Madhya Pradesh - 2024,06-Jan 1am,8260.52,,,,
Madhya Pradesh - 2024,06-Jan 2am,7922.77,,,,
Madhya Pradesh - 2024,06-Jan 3am,7908.9,,,,
Madhya Pradesh - 2024,06-Jan 4am,7976.32,,,,
Madhya Pradesh - 2024,06-Jan 5am,8339.5,,,,
Madhya Pradesh - 2024,06-Jan 6am,9546.54,,,,
Madhya Pradesh - 2024,06-Jan 7am,11621.49,,,,
Madhya Pradesh - 2024,06-Jan 8am,13062.71,,,,
Madhya Pradesh - 2024,06-Jan 9am,14172.36,,,,
Madhya Pradesh - 2024,06-Jan 10am,14559.93,,,,
Madhya Pradesh - 2024,06-Jan 11am,14119.36,,,,
Madhya Pradesh - 2024,06-Jan 12pm,13681.2,,,,
Madhya Pradesh - 2024,06-Jan 1pm,13590.28,,,,
Madhya Pradesh - 2024,06-Jan 2pm,13482.17,,,,
Madhya Pradesh - 2024,06-Jan 3pm,13464.04,,,,
Madhya Pradesh - 2024,06-Jan 4pm,13347.2,,,,
Madhya Pradesh - 2024,06-Jan 5pm,13052.91,,,,
Madhya Pradesh - 2024,06-Jan 6pm,12939.71,,,,
Madhya Pradesh - 2024,06-Jan 7pm,12046.62,,,,
Madhya Pradesh - 2024,06-Jan 8pm,10753.21,,,,
Madhya Pradesh - 2024,06-Jan 9pm,9768,,,,
Madhya Pradesh - 2024,06-Jan 10pm,9671.45,,,,
Madhya Pradesh - 2024,06-Jan 11pm,9612.91,,,,
Madhya Pradesh - 2024,07-Jan 12am,9226.8,,,,
Madhya Pradesh - 2024,07-Jan 1am,8792.72,,,,
Madhya Pradesh - 2024,07-Jan 2am,8460.04,,,,
Madhya Pradesh - 2024,07-Jan 3am,8503.08,,,,
Madhya Pradesh - 2024,07-Jan 4am,8579.41,,,,
Madhya Pradesh - 2024,07-Jan 5am,8927.04,,,,
Madhya Pradesh - 2024,07-Jan 6am,9935.82,,,,
Madhya Pradesh - 2024,07-Jan 7am,11846.38,,,,
Madhya Pradesh - 2024,07-Jan 8am,13415.08,,,,
Madhya Pradesh - 2024,07-Jan 9am,14467.25,,,,
Madhya Pradesh - 2024,07-Jan 10am,14851.31,,,,
Madhya Pradesh - 2024,07-Jan 11am,14414.97,,,,
Madhya Pradesh - 2024,07-Jan 12pm,13854.96,,,,
Madhya Pradesh - 2024,07-Jan 1pm,13589.37,,,,
Madhya Pradesh - 2024,07-Jan 2pm,13172.17,,,,
Madhya Pradesh - 2024,07-Jan 3pm,13072.4,,,,
Madhya Pradesh - 2024,07-Jan 4pm,12988.94,,,,
Madhya Pradesh - 2024,07-Jan 5pm,12683.58,,,,
Madhya Pradesh - 2024,07-Jan 6pm,12377.82,,,,
Madhya Pradesh - 2024,07-Jan 7pm,11670.64,,,,
Madhya Pradesh - 2024,07-Jan 8pm,10516.35,,,,
Madhya Pradesh - 2024,07-Jan 9pm,9661.53,,,,
Madhya Pradesh - 2024,07-Jan 10pm,9375.07,,,,
Madhya Pradesh - 2024,07-Jan 11pm,9130.73,,,,
Madhya Pradesh - 2024,08-Jan 12am,8709.83,,,,
Madhya Pradesh - 2024,08-Jan 1am,8372.38,,,,
Madhya Pradesh - 2024,08-Jan 2am,8092.54,,,,
Madhya Pradesh - 2024,08-Jan 3am,8104.2,,,,
Madhya Pradesh - 2024,08-Jan 4am,8299.94,,,,
Madhya Pradesh - 2024,08-Jan 5am,8772.69,,,,
Madhya Pradesh - 2024,08-Jan 6am,10120.79,,,,
Madhya Pradesh - 2024,08-Jan 7am,12301.75,,,,
Madhya Pradesh - 2024,08-Jan 8am,13768.48,,,,
Madhya Pradesh - 2024,08-Jan 9am,14677.57,,,,
Madhya Pradesh - 2024,08-Jan 10am,14739.56,,,,
Madhya Pradesh - 2024,08-Jan 11am,14385.55,,,,
Madhya Pradesh - 2024,08-Jan 12pm,13975.83,,,,
Madhya Pradesh - 2024,08-Jan 1pm,13715.61,,,,
Madhya Pradesh - 2024,08-Jan 2pm,13276.29,,,,
Madhya Pradesh - 2024,08-Jan 3pm,13231.39,,,,
Madhya Pradesh - 2024,08-Jan 4pm,13346.94,,,,
Madhya Pradesh - 2024,08-Jan 5pm,13149.27,,,,
Madhya Pradesh - 2024,08-Jan 6pm,12906.32,,,,
Madhya Pradesh - 2024,08-Jan 7pm,12161.7,,,,
Madhya Pradesh - 2024,08-Jan 8pm,10924.57,,,,
Madhya Pradesh - 2024,08-Jan 9pm,10030.98,,,,
Madhya Pradesh - 2024,08-Jan 10pm,9844.36,,,,
Madhya Pradesh - 2024,08-Jan 11pm,9703.57,,,,
Madhya Pradesh - 2024,09-Jan 12am,9317.99,,,,
Madhya Pradesh - 2024,09-Jan 1am,8882.99,,,,
Madhya Pradesh - 2024,09-Jan 2am,8486.5,,,,
Madhya Pradesh - 2024,09-Jan 3am,8485.67,,,,
Madhya Pradesh - 2024,09-Jan 4am,8451.73,,,,
Madhya Pradesh - 2024,09-Jan 5am,8643.97,,,,
Madhya Pradesh - 2024,09-Jan 6am,9872.29,,,,
Madhya Pradesh - 2024,09-Jan 7am,12113.61,,,,
Madhya Pradesh - 2024,09-Jan 8am,13447.96,,,,
Madhya Pradesh - 2024,09-Jan 9am,14101.83,,,,
Madhya Pradesh - 2024,09-Jan 10am,14189.72,,,,
Madhya Pradesh - 2024,09-Jan 11am,13792.83,,,,
Madhya Pradesh - 2024,09-Jan 12pm,13529.52,,,,
Madhya Pradesh - 2024,09-Jan 1pm,13484.23,,,,
Madhya Pradesh - 2024,09-Jan 2pm,13271.92,,,,
Madhya Pradesh - 2024,09-Jan 3pm,13341.43,,,,
Madhya Pradesh - 2024,09-Jan 4pm,13398.73,,,,
Madhya Pradesh - 2024,09-Jan 5pm,13176.96,,,,
Madhya Pradesh - 2024,09-Jan 6pm,12891.63,,,,
Madhya Pradesh - 2024,09-Jan 7pm,12130.52,,,,
Madhya Pradesh - 2024,09-Jan 8pm,10795.98,,,,
Madhya Pradesh - 2024,09-Jan 9pm,9801.8,,,,
Madhya Pradesh - 2024,09-Jan 10pm,9631.65,,,,
Madhya Pradesh - 2024,09-Jan 11pm,9563.01,,,,
Madhya Pradesh - 2024,10-Jan 12am,9126.52,,,,
Madhya Pradesh - 2024,10-Jan 1am,8754.92,,,,
Madhya Pradesh - 2024,10-Jan 2am,8440.04,,,,
Madhya Pradesh - 2024,10-Jan 3am,8483.3,,,,
Madhya Pradesh - 2024,10-Jan 4am,8673.99,,,,
Madhya Pradesh - 2024,10-Jan 5am,9033.15,,,,
Madhya Pradesh - 2024,10-Jan 6am,10312.85,,,,
Madhya Pradesh - 2024,10-Jan 7am,12598.67,,,,
Madhya Pradesh - 2024,10-Jan 8am,14074.87,,,,
Madhya Pradesh - 2024,10-Jan 9am,14916.45,,,,
Madhya Pradesh - 2024,10-Jan 10am,15112.46,,,,
Madhya Pradesh - 2024,10-Jan 11am,14698.89,,,,
Madhya Pradesh - 2024,10-Jan 12pm,14005.68,,,,
Madhya Pradesh - 2024,10-Jan 1pm,13714.71,,,,
Madhya Pradesh - 2024,10-Jan 2pm,13445.82,,,,
Madhya Pradesh - 2024,10-Jan 3pm,13435.48,,,,
Madhya Pradesh - 2024,10-Jan 4pm,13348.04,,,,
Madhya Pradesh - 2024,10-Jan 5pm,13213.3,,,,
Madhya Pradesh - 2024,10-Jan 6pm,13124.75,,,,
Madhya Pradesh - 2024,10-Jan 7pm,12350.57,,,,
Madhya Pradesh - 2024,10-Jan 8pm,11080.95,,,,
Madhya Pradesh - 2024,10-Jan 9pm,10093.2,,,,
Madhya Pradesh - 2024,10-Jan 10pm,9815.48,,,,
Madhya Pradesh - 2024,10-Jan 11pm,9710.03,,,,
Madhya Pradesh - 2024,11-Jan 12am,9233.49,,,,
Madhya Pradesh - 2024,11-Jan 1am,8760.97,,,,
Madhya Pradesh - 2024,11-Jan 2am,8365.94,,,,
Madhya Pradesh - 2024,11-Jan 3am,8343.82,,,,
Madhya Pradesh - 2024,11-Jan 4am,8482.38,,,,
Madhya Pradesh - 2024,11-Jan 5am,8953.21,,,,
Madhya Pradesh - 2024,11-Jan 6am,10196.91,,,,
Madhya Pradesh - 2024,11-Jan 7am,12368.15,,,,
Madhya Pradesh - 2024,11-Jan 8am,13952.1,,,,
Madhya Pradesh - 2024,11-Jan 9am,14830.49,,,,
Madhya Pradesh - 2024,11-Jan 10am,14970.09,,,,
Madhya Pradesh - 2024,11-Jan 11am,14488.95,,,,
Madhya Pradesh - 2024,11-Jan 12pm,14040.26,,,,
Madhya Pradesh - 2024,11-Jan 1pm,13830.3,,,,
Madhya Pradesh - 2024,11-Jan 2pm,13453.27,,,,
Madhya Pradesh - 2024,11-Jan 3pm,13569.59,,,,
Madhya Pradesh - 2024,11-Jan 4pm,13544.44,,,,
Madhya Pradesh - 2024,11-Jan 5pm,13189.29,,,,
Madhya Pradesh - 2024,11-Jan 6pm,13008.66,,,,
Madhya Pradesh - 2024,11-Jan 7pm,12449.53,,,,
Madhya Pradesh - 2024,11-Jan 8pm,11291.15,,,,
Madhya Pradesh - 2024,11-Jan 9pm,10264.88,,,,
Madhya Pradesh - 2024,11-Jan 10pm,10039.41,,,,
Madhya Pradesh - 2024,11-Jan 11pm,9955.63,,,,
Madhya Pradesh - 2024,12-Jan 12am,9523.44,,,,
Madhya Pradesh - 2024,12-Jan 1am,9169.41,,,,
Madhya Pradesh - 2024,12-Jan 2am,8766.46,,,,
Madhya Pradesh - 2024,12-Jan 3am,8622.36,,,,
Madhya Pradesh - 2024,12-Jan 4am,8757.49,,,,
Madhya Pradesh - 2024,12-Jan 5am,9209.96,,,,
Madhya Pradesh - 2024,12-Jan 6am,10428.35,,,,
Madhya Pradesh - 2024,12-Jan 7am,12690.55,,,,
Madhya Pradesh - 2024,12-Jan 8am,14267.41,,,,
Madhya Pradesh - 2024,12-Jan 9am,14991.39,,,,
Madhya Pradesh - 2024,12-Jan 10am,15361.28,,,,
Madhya Pradesh - 2024,12-Jan 11am,15104.76,,,,
Madhya Pradesh - 2024,12-Jan 12pm,14801.34,,,,
Madhya Pradesh - 2024,12-Jan 1pm,14518.28,,,,
Madhya Pradesh - 2024,12-Jan 2pm,14161.83,,,,
Madhya Pradesh - 2024,12-Jan 3pm,14210.54,,,,
Madhya Pradesh - 2024,12-Jan 4pm,13928.82,,,,
Madhya Pradesh - 2024,12-Jan 5pm,13408.02,,,,
Madhya Pradesh - 2024,12-Jan 6pm,13222.59,,,,
Madhya Pradesh - 2024,12-Jan 7pm,12533.61,,,,
Madhya Pradesh - 2024,12-Jan 8pm,11344.27,,,,
Madhya Pradesh - 2024,12-Jan 9pm,10399.61,,,,
Madhya Pradesh - 2024,12-Jan 10pm,10258.09,,,,
Madhya Pradesh - 2024,12-Jan 11pm,10280.79,,,,
Madhya Pradesh - 2024,13-Jan 12am,9749.33,,,,
Madhya Pradesh - 2024,13-Jan 1am,9307.22,,,,
Madhya Pradesh - 2024,13-Jan 2am,8936.8,,,,
Madhya Pradesh - 2024,13-Jan 3am,9018.18,,,,
Madhya Pradesh - 2024,13-Jan 4am,9180.21,,,,
Madhya Pradesh - 2024,13-Jan 5am,9562.42,,,,
Madhya Pradesh - 2024,13-Jan 6am,10866.74,,,,
Madhya Pradesh - 2024,13-Jan 7am,13223.45,,,,
Madhya Pradesh - 2024,13-Jan 8am,14886.32,,,,
Madhya Pradesh - 2024,13-Jan 9am,15763.48,,,,
Madhya Pradesh - 2024,13-Jan 10am,15879.36,,,,
Madhya Pradesh - 2024,13-Jan 11am,15397.81,,,,
Madhya Pradesh - 2024,13-Jan 12pm,14998.99,,,,
Madhya Pradesh - 2024,13-Jan 1pm,14755,,,,
Madhya Pradesh - 2024,13-Jan 2pm,14438.73,,,,
Madhya Pradesh - 2024,13-Jan 3pm,14513.69,,,,
Madhya Pradesh - 2024,13-Jan 4pm,14359.22,,,,
Madhya Pradesh - 2024,13-Jan 5pm,13620.95,,,,
Madhya Pradesh - 2024,13-Jan 6pm,13369.22,,,,
Madhya Pradesh - 2024,13-Jan 7pm,12736.64,,,,
Madhya Pradesh - 2024,13-Jan 8pm,11369.89,,,,
Madhya Pradesh - 2024,13-Jan 9pm,10535.37,,,,
Madhya Pradesh - 2024,13-Jan 10pm,10558.87,,,,
Madhya Pradesh - 2024,13-Jan 11pm,10703.97,,,,
Madhya Pradesh - 2024,14-Jan 12am,10317.56,,,,
Madhya Pradesh - 2024,14-Jan 1am,9835.21,,,,
Madhya Pradesh - 2024,14-Jan 2am,9377.69,,,,
Madhya Pradesh - 2024,14-Jan 3am,9547.66,,,,
Madhya Pradesh - 2024,14-Jan 4am,9755.69,,,,
Madhya Pradesh - 2024,14-Jan 5am,10103.41,,,,
Madhya Pradesh - 2024,14-Jan 6am,11222.15,,,,
Madhya Pradesh - 2024,14-Jan 7am,13135.48,,,,
Madhya Pradesh - 2024,14-Jan 8am,14720.93,,,,
Madhya Pradesh - 2024,14-Jan 9am,15666.49,,,,
Madhya Pradesh - 2024,14-Jan 10am,16171.8,,,,
Madhya Pradesh - 2024,14-Jan 11am,16011.67,,,,
Madhya Pradesh - 2024,14-Jan 12pm,15599.17,,,,
Madhya Pradesh - 2024,14-Jan 1pm,15293.26,,,,
Madhya Pradesh - 2024,14-Jan 2pm,14915.18,,,,
Madhya Pradesh - 2024,14-Jan 3pm,14755.44,,,,
Madhya Pradesh - 2024,14-Jan 4pm,14329.15,,,,
Madhya Pradesh - 2024,14-Jan 5pm,13734.41,,,,
Madhya Pradesh - 2024,14-Jan 6pm,13259.55,,,,
Madhya Pradesh - 2024,14-Jan 7pm,12558.02,,,,
Madhya Pradesh - 2024,14-Jan 8pm,11414.16,,,,
Madhya Pradesh - 2024,14-Jan 9pm,10611.23,,,,
Madhya Pradesh - 2024,14-Jan 10pm,10594.76,,,,
Madhya Pradesh - 2024,14-Jan 11pm,10604.31,,,,
Madhya Pradesh - 2024,15-Jan 12am,10191.85,,,,
Madhya Pradesh - 2024,15-Jan 1am,9704.85,,,,
Madhya Pradesh - 2024,15-Jan 2am,9189.15,,,,
Madhya Pradesh - 2024,15-Jan 3am,9347.58,,,,
Madhya Pradesh - 2024,15-Jan 4am,9506.51,,,,
Madhya Pradesh - 2024,15-Jan 5am,10035.17,,,,
Madhya Pradesh - 2024,15-Jan 6am,11248.17,,,,
Madhya Pradesh - 2024,15-Jan 7am,13505.91,,,,
Madhya Pradesh - 2024,15-Jan 8am,15319.03,,,,
Madhya Pradesh - 2024,15-Jan 9am,16260.03,,,,
Madhya Pradesh - 2024,15-Jan 10am,16428.98,,,,
Madhya Pradesh - 2024,15-Jan 11am,15951.77,,,,
Madhya Pradesh - 2024,15-Jan 12pm,15337.61,,,,
Madhya Pradesh - 2024,15-Jan 1pm,15119.06,,,,
Madhya Pradesh - 2024,15-Jan 2pm,14854.24,,,,
Madhya Pradesh - 2024,15-Jan 3pm,14781.88,,,,
Madhya Pradesh - 2024,15-Jan 4pm,14375.87,,,,
Madhya Pradesh - 2024,15-Jan 5pm,13662.91,,,,
Madhya Pradesh - 2024,15-Jan 6pm,13231.73,,,,
Madhya Pradesh - 2024,15-Jan 7pm,12636.2,,,,
Madhya Pradesh - 2024,15-Jan 8pm,11202.63,,,,
Madhya Pradesh - 2024,15-Jan 9pm,10407.17,,,,
Madhya Pradesh - 2024,15-Jan 10pm,10532.48,,,,
Madhya Pradesh - 2024,15-Jan 11pm,10727.27,,,,
Madhya Pradesh - 2024,16-Jan 12am,10213.95,,,,
Madhya Pradesh - 2024,16-Jan 1am,9864.38,,,,
Madhya Pradesh - 2024,16-Jan 2am,9460.91,,,,
Madhya Pradesh - 2024,16-Jan 3am,9435.88,,,,
Madhya Pradesh - 2024,16-Jan 4am,9539.26,,,,
Madhya Pradesh - 2024,16-Jan 5am,9841.16,,,,
Madhya Pradesh - 2024,16-Jan 6am,10892.36,,,,
Madhya Pradesh - 2024,16-Jan 7am,13232.52,,,,
Madhya Pradesh - 2024,16-Jan 8am,15138.16,,,,
Madhya Pradesh - 2024,16-Jan 9am,16171.94,,,,
Madhya Pradesh - 2024,16-Jan 10am,16445.3,,,,
Madhya Pradesh - 2024,16-Jan 11am,16127.69,,,,
Madhya Pradesh - 2024,16-Jan 12pm,15682.42,,,,
Madhya Pradesh - 2024,16-Jan 1pm,15471.1,,,,
Madhya Pradesh - 2024,16-Jan 2pm,15398.42,,,,
Madhya Pradesh - 2024,16-Jan 3pm,15397.95,,,,
Madhya Pradesh - 2024,16-Jan 4pm,15043.6,,,,
Madhya Pradesh - 2024,16-Jan 5pm,14381.74,,,,
Madhya Pradesh - 2024,16-Jan 6pm,13986.52,,,,
Madhya Pradesh - 2024,16-Jan 7pm,13171,,,,
Madhya Pradesh - 2024,16-Jan 8pm,11729.03,,,,
Madhya Pradesh - 2024,16-Jan 9pm,10710.47,,,,
Madhya Pradesh - 2024,16-Jan 10pm,10782.39,,,,
Madhya Pradesh - 2024,16-Jan 11pm,11031.37,,,,
Madhya Pradesh - 2024,17-Jan 12am,10624.97,,,,
Madhya Pradesh - 2024,17-Jan 1am,10191.76,,,,
Madhya Pradesh - 2024,17-Jan 2am,9723.42,,,,
Madhya Pradesh - 2024,17-Jan 3am,9851.25,,,,
Madhya Pradesh - 2024,17-Jan 4am,10000.91,,,,
Madhya Pradesh - 2024,17-Jan 5am,10274.44,,,,
Madhya Pradesh - 2024,17-Jan 6am,11335.46,,,,
Madhya Pradesh - 2024,17-Jan 7am,13697.46,,,,
Madhya Pradesh - 2024,17-Jan 8am,15581.75,,,,
Madhya Pradesh - 2024,17-Jan 9am,16578.96,,,,
Madhya Pradesh - 2024,17-Jan 10am,16906.94,,,,
Madhya Pradesh - 2024,17-Jan 11am,16533.14,,,,
Madhya Pradesh - 2024,17-Jan 12pm,16119.88,,,,
Madhya Pradesh - 2024,17-Jan 1pm,15935.07,,,,
Madhya Pradesh - 2024,17-Jan 2pm,15596.61,,,,
Madhya Pradesh - 2024,17-Jan 3pm,15583.4,,,,
Madhya Pradesh - 2024,17-Jan 4pm,15413.21,,,,
Madhya Pradesh - 2024,17-Jan 5pm,14717.58,,,,
Madhya Pradesh - 2024,17-Jan 6pm,14151.04,,,,
Madhya Pradesh - 2024,17-Jan 7pm,13347.51,,,,
Madhya Pradesh - 2024,17-Jan 8pm,11866.8,,,,
Madhya Pradesh - 2024,17-Jan 9pm,10826.65,,,,
Madhya Pradesh - 2024,17-Jan 10pm,11002.97,,,,
Madhya Pradesh - 2024,17-Jan 11pm,11271.51,,,,
Madhya Pradesh - 2024,18-Jan 12am,10676.59,,,,
Madhya Pradesh - 2024,18-Jan 1am,10336.36,,,,
Madhya Pradesh - 2024,18-Jan 2am,10046.61,,,,
Madhya Pradesh - 2024,18-Jan 3am,10165.65,,,,
Madhya Pradesh - 2024,18-Jan 4am,10263.94,,,,
Madhya Pradesh - 2024,18-Jan 5am,10496.04,,,,
Madhya Pradesh - 2024,18-Jan 6am,11676.57,,,,
Madhya Pradesh - 2024,18-Jan 7am,14106.18,,,,
Madhya Pradesh - 2024,18-Jan 8am,15915.11,,,,
Madhya Pradesh - 2024,18-Jan 9am,16854.59,,,,
Madhya Pradesh - 2024,18-Jan 10am,16942.56,,,,
Madhya Pradesh - 2024,18-Jan 11am,16563.58,,,,
Madhya Pradesh - 2024,18-Jan 12pm,16173.33,,,,
Madhya Pradesh - 2024,18-Jan 1pm,16011.51,,,,
Madhya Pradesh - 2024,18-Jan 2pm,15781.68,,,,
Madhya Pradesh - 2024,18-Jan 3pm,15854.46,,,,
Madhya Pradesh - 2024,18-Jan 4pm,15695.2,,,,
Madhya Pradesh - 2024,18-Jan 5pm,14857.3,,,,
Madhya Pradesh - 2024,18-Jan 6pm,14272.17,,,,
Madhya Pradesh - 2024,18-Jan 7pm,13506.74,,,,
Madhya Pradesh - 2024,18-Jan 8pm,12046.41,,,,
Madhya Pradesh - 2024,18-Jan 9pm,10977.71,,,,
Madhya Pradesh - 2024,18-Jan 10pm,10999.1,,,,
Madhya Pradesh - 2024,18-Jan 11pm,11050.96,,,,
Madhya Pradesh - 2024,19-Jan 12am,10539.81,,,,
Madhya Pradesh - 2024,19-Jan 1am,10179.81,,,,
Madhya Pradesh - 2024,19-Jan 2am,9916.83,,,,
Madhya Pradesh - 2024,19-Jan 3am,9993.04,,,,
Madhya Pradesh - 2024,19-Jan 4am,10135.81,,,,
Madhya Pradesh - 2024,19-Jan 5am,10208.63,,,,
Madhya Pradesh - 2024,19-Jan 6am,11349.25,,,,
Madhya Pradesh - 2024,19-Jan 7am,13775.63,,,,
Madhya Pradesh - 2024,19-Jan 8am,15460.72,,,,
Madhya Pradesh - 2024,19-Jan 9am,16020.09,,,,
Madhya Pradesh - 2024,19-Jan 10am,16217.51,,,,
Madhya Pradesh - 2024,19-Jan 11am,16247.52,,,,
Madhya Pradesh - 2024,19-Jan 12pm,16639.11,,,,
Madhya Pradesh - 2024,19-Jan 1pm,16231.95,,,,
Madhya Pradesh - 2024,19-Jan 2pm,16223.99,,,,
Madhya Pradesh - 2024,19-Jan 3pm,15593.56,,,,
Madhya Pradesh - 2024,19-Jan 4pm,15715.74,,,,
Madhya Pradesh - 2024,19-Jan 5pm,14909.1,,,,
Madhya Pradesh - 2024,19-Jan 6pm,14366.64,,,,
Madhya Pradesh - 2024,19-Jan 7pm,13579.53,,,,
Madhya Pradesh - 2024,19-Jan 8pm,12057.52,,,,
Madhya Pradesh - 2024,19-Jan 9pm,10990.92,,,,
Madhya Pradesh - 2024,19-Jan 10pm,11012.46,,,,
Madhya Pradesh - 2024,19-Jan 11pm,11013.33,,,,
Madhya Pradesh - 2024,20-Jan 12am,10495.71,,,,
Madhya Pradesh - 2024,20-Jan 1am,10288.34,,,,
Madhya Pradesh - 2024,20-Jan 2am,10043.51,,,,
Madhya Pradesh - 2024,20-Jan 3am,10227.92,,,,
Madhya Pradesh - 2024,20-Jan 4am,10406.85,,,,
Madhya Pradesh - 2024,20-Jan 5am,10526.12,,,,
Madhya Pradesh - 2024,20-Jan 6am,11631.83,,,,
Madhya Pradesh - 2024,20-Jan 7am,14010.46,,,,
Madhya Pradesh - 2024,20-Jan 8am,15257.9,,,,
Madhya Pradesh - 2024,20-Jan 9am,16085.31,,,,
Madhya Pradesh - 2024,20-Jan 10am,16027.32,,,,
Madhya Pradesh - 2024,20-Jan 11am,16116.86,,,,
Madhya Pradesh - 2024,20-Jan 12pm,16488.74,,,,
Madhya Pradesh - 2024,20-Jan 1pm,16293.15,,,,
Madhya Pradesh - 2024,20-Jan 2pm,15771.15,,,,
Madhya Pradesh - 2024,20-Jan 3pm,15724.41,,,,
Madhya Pradesh - 2024,20-Jan 4pm,15839.42,,,,
Madhya Pradesh - 2024,20-Jan 5pm,15244.83,,,,
Madhya Pradesh - 2024,20-Jan 6pm,14596.65,,,,
Madhya Pradesh - 2024,20-Jan 7pm,13793.99,,,,
Madhya Pradesh - 2024,20-Jan 8pm,12202.15,,,,
Madhya Pradesh - 2024,20-Jan 9pm,11045.82,,,,
Madhya Pradesh - 2024,20-Jan 10pm,10962.77,,,,
Madhya Pradesh - 2024,20-Jan 11pm,11010.98,,,,
Madhya Pradesh - 2024,21-Jan 12am,10625.79,,,,
Madhya Pradesh - 2024,21-Jan 1am,10270.48,,,,
Madhya Pradesh - 2024,21-Jan 2am,9970.08,,,,
Madhya Pradesh - 2024,21-Jan 3am,10083.22,,,,
Madhya Pradesh - 2024,21-Jan 4am,10145.89,,,,
Madhya Pradesh - 2024,21-Jan 5am,10101.7,,,,
Madhya Pradesh - 2024,21-Jan 6am,10984.9,,,,
Madhya Pradesh - 2024,21-Jan 7am,13042.73,,,,
Madhya Pradesh - 2024,21-Jan 8am,14637.26,,,,
Madhya Pradesh - 2024,21-Jan 9am,15883.69,,,,
Madhya Pradesh - 2024,21-Jan 10am,16239.28,,,,
Madhya Pradesh - 2024,21-Jan 11am,16662.87,,,,
Madhya Pradesh - 2024,21-Jan 12pm,16647.9,,,,
Madhya Pradesh - 2024,21-Jan 1pm,16738.82,,,,
Madhya Pradesh - 2024,21-Jan 2pm,16651.21,,,,
Madhya Pradesh - 2024,21-Jan 3pm,16149.86,,,,
Madhya Pradesh - 2024,21-Jan 4pm,15973.01,,,,
Madhya Pradesh - 2024,21-Jan 5pm,15180.12,,,,
Madhya Pradesh - 2024,21-Jan 6pm,14583.33,,,,
Madhya Pradesh - 2024,21-Jan 7pm,13872.61,,,,
Madhya Pradesh - 2024,21-Jan 8pm,12302.13,,,,
Madhya Pradesh - 2024,21-Jan 9pm,11218.91,,,,
Madhya Pradesh - 2024,21-Jan 10pm,11086.64,,,,
Madhya Pradesh - 2024,21-Jan 11pm,11092.87,,,,
Madhya Pradesh - 2024,22-Jan 12am,10694.11,,,,
Madhya Pradesh - 2024,22-Jan 1am,10507.14,,,,
Madhya Pradesh - 2024,22-Jan 2am,9996.62,,,,
Madhya Pradesh - 2024,22-Jan 3am,10136.46,,,,
Madhya Pradesh - 2024,22-Jan 4am,10284.8,,,,
Madhya Pradesh - 2024,22-Jan 5am,10385.43,,,,
Madhya Pradesh - 2024,22-Jan 6am,11432.93,,,,
Madhya Pradesh - 2024,22-Jan 7am,14009.7,,,,
Madhya Pradesh - 2024,22-Jan 8am,15762.75,,,,
Madhya Pradesh - 2024,22-Jan 9am,16485.09,,,,
Madhya Pradesh - 2024,22-Jan 10am,16878.14,,,,
Madhya Pradesh - 2024,22-Jan 11am,17253.56,,,,
Madhya Pradesh - 2024,22-Jan 12pm,17281.27,,,,
Madhya Pradesh - 2024,22-Jan 1pm,17010.92,,,,
Madhya Pradesh - 2024,22-Jan 2pm,16410.02,,,,
Madhya Pradesh - 2024,22-Jan 3pm,16208.34,,,,
Madhya Pradesh - 2024,22-Jan 4pm,15797.53,,,,
Madhya Pradesh - 2024,22-Jan 5pm,14938.69,,,,
Madhya Pradesh - 2024,22-Jan 6pm,14296.77,,,,
Madhya Pradesh - 2024,22-Jan 7pm,13497.99,,,,
Madhya Pradesh - 2024,22-Jan 8pm,11931.56,,,,
Madhya Pradesh - 2024,22-Jan 9pm,10910.47,,,,
Madhya Pradesh - 2024,22-Jan 10pm,10932.9,,,,
Madhya Pradesh - 2024,22-Jan 11pm,10997.52,,,,
Madhya Pradesh - 2024,23-Jan 12am,10663.1,,,,
Madhya Pradesh - 2024,23-Jan 1am,10300.71,,,,
Madhya Pradesh - 2024,23-Jan 2am,9906.73,,,,
Madhya Pradesh - 2024,23-Jan 3am,10106.99,,,,
Madhya Pradesh - 2024,23-Jan 4am,10223.37,,,,
Madhya Pradesh - 2024,23-Jan 5am,10181.8,,,,
Madhya Pradesh - 2024,23-Jan 6am,11330.07,,,,
Madhya Pradesh - 2024,23-Jan 7am,13842.25,,,,
Madhya Pradesh - 2024,23-Jan 8am,15851.12,,,,
Madhya Pradesh - 2024,23-Jan 9am,16450.72,,,,
Madhya Pradesh - 2024,23-Jan 10am,16638.34,,,,
Madhya Pradesh - 2024,23-Jan 11am,16893.33,,,,
Madhya Pradesh - 2024,23-Jan 12pm,16605.52,,,,
Madhya Pradesh - 2024,23-Jan 1pm,16419.28,,,,
Madhya Pradesh - 2024,23-Jan 2pm,16173.45,,,,
Madhya Pradesh - 2024,23-Jan 3pm,16328.2,,,,
Madhya Pradesh - 2024,23-Jan 4pm,16082.34,,,,
Madhya Pradesh - 2024,23-Jan 5pm,15212.14,,,,
Madhya Pradesh - 2024,23-Jan 6pm,14811.18,,,,
Madhya Pradesh - 2024,23-Jan 7pm,14205.89,,,,
Madhya Pradesh - 2024,23-Jan 8pm,12564.15,,,,
Madhya Pradesh - 2024,23-Jan 9pm,11380.28,,,,
Madhya Pradesh - 2024,23-Jan 10pm,11356.78,,,,
Madhya Pradesh - 2024,23-Jan 11pm,11396.5,,,,
Madhya Pradesh - 2024,24-Jan 12am,10921.84,,,,
Madhya Pradesh - 2024,24-Jan 1am,10590.86,,,,
Madhya Pradesh - 2024,24-Jan 2am,10242.51,,,,
Madhya Pradesh - 2024,24-Jan 3am,10439.24,,,,
Madhya Pradesh - 2024,24-Jan 4am,10533.05,,,,
Madhya Pradesh - 2024,24-Jan 5am,10509.68,,,,
Madhya Pradesh - 2024,24-Jan 6am,11610.05,,,,
Madhya Pradesh - 2024,24-Jan 7am,14083.25,,,,
Madhya Pradesh - 2024,24-Jan 8am,15871.59,,,,
Madhya Pradesh - 2024,24-Jan 9am,16211.2,,,,
Madhya Pradesh - 2024,24-Jan 10am,16394.1,,,,
Madhya Pradesh - 2024,24-Jan 11am,16691.53,,,,
Madhya Pradesh - 2024,24-Jan 12pm,16809.42,,,,
Madhya Pradesh - 2024,24-Jan 1pm,16548.42,,,,
Madhya Pradesh - 2024,24-Jan 2pm,16183.97,,,,
Madhya Pradesh - 2024,24-Jan 3pm,16278.92,,,,
Madhya Pradesh - 2024,24-Jan 4pm,15965.01,,,,
Madhya Pradesh - 2024,24-Jan 5pm,15316.49,,,,
Madhya Pradesh - 2024,24-Jan 6pm,14979.39,,,,
Madhya Pradesh - 2024,24-Jan 7pm,14149.43,,,,
Madhya Pradesh - 2024,24-Jan 8pm,12799.77,,,,
Madhya Pradesh - 2024,24-Jan 9pm,11704.75,,,,
Madhya Pradesh - 2024,24-Jan 10pm,11672.76,,,,
Madhya Pradesh - 2024,24-Jan 11pm,11616.23,,,,
Madhya Pradesh - 2024,25-Jan 12am,11148.44,,,,
Madhya Pradesh - 2024,25-Jan 1am,10771.06,,,,
Madhya Pradesh - 2024,25-Jan 2am,10494.47,,,,
Madhya Pradesh - 2024,25-Jan 3am,10664.03,,,,
Madhya Pradesh - 2024,25-Jan 4am,10717.33,,,,
Madhya Pradesh - 2024,25-Jan 5am,10769.98,,,,
Madhya Pradesh - 2024,25-Jan 6am,11925.73,,,,
Madhya Pradesh - 2024,25-Jan 7am,14501.25,,,,
Madhya Pradesh - 2024,25-Jan 8am,15880.95,,,,
Madhya Pradesh - 2024,25-Jan 9am,16182.57,,,,
Madhya Pradesh - 2024,25-Jan 10am,16324.18,,,,
Madhya Pradesh - 2024,25-Jan 11am,16831.92,,,,
Madhya Pradesh - 2024,25-Jan 12pm,16484.17,,,,
Madhya Pradesh - 2024,25-Jan 1pm,15954.5,,,,
Madhya Pradesh - 2024,25-Jan 2pm,16147.51,,,,
Madhya Pradesh - 2024,25-Jan 3pm,15875.6,,,,
Madhya Pradesh - 2024,25-Jan 4pm,15997.22,,,,
Madhya Pradesh - 2024,25-Jan 5pm,15194.21,,,,
Madhya Pradesh - 2024,25-Jan 6pm,14433.15,,,,
Madhya Pradesh - 2024,25-Jan 7pm,13333.88,,,,
Madhya Pradesh - 2024,25-Jan 8pm,11915.07,,,,
Madhya Pradesh - 2024,25-Jan 9pm,10894.64,,,,
Madhya Pradesh - 2024,25-Jan 10pm,11288.47,,,,
Madhya Pradesh - 2024,25-Jan 11pm,11540.88,,,,
Madhya Pradesh - 2024,26-Jan 12am,11146.01,,,,
Madhya Pradesh - 2024,26-Jan 1am,10752.58,,,,
Madhya Pradesh - 2024,26-Jan 2am,10486.31,,,,
Madhya Pradesh - 2024,26-Jan 3am,10676.12,,,,
Madhya Pradesh - 2024,26-Jan 4am,10847.02,,,,
Madhya Pradesh - 2024,26-Jan 5am,11272.26,,,,
Madhya Pradesh - 2024,26-Jan 6am,12823.24,,,,
Madhya Pradesh - 2024,26-Jan 7am,15013.31,,,,
Madhya Pradesh - 2024,26-Jan 8am,16039.8,,,,
Madhya Pradesh - 2024,26-Jan 9am,16745.04,,,,
Madhya Pradesh - 2024,26-Jan 10am,16757.82,,,,
Madhya Pradesh - 2024,26-Jan 11am,17188.24,,,,
Madhya Pradesh - 2024,26-Jan 12pm,17340.6,,,,
Madhya Pradesh - 2024,26-Jan 1pm,16996.49,,,,
Madhya Pradesh - 2024,26-Jan 2pm,16276.83,,,,
Madhya Pradesh - 2024,26-Jan 3pm,16242.64,,,,
Madhya Pradesh - 2024,26-Jan 4pm,15828.74,,,,
Madhya Pradesh - 2024,26-Jan 5pm,14856.35,,,,
Madhya Pradesh - 2024,26-Jan 6pm,14386.91,,,,
Madhya Pradesh - 2024,26-Jan 7pm,13311.11,,,,
Madhya Pradesh - 2024,26-Jan 8pm,12000.13,,,,
Madhya Pradesh - 2024,26-Jan 9pm,11027.8,,,,
Madhya Pradesh - 2024,26-Jan 10pm,11174.4,,,,
Madhya Pradesh - 2024,26-Jan 11pm,11270.72,,,,
Madhya Pradesh - 2024,27-Jan 12am,10814.42,,,,
Madhya Pradesh - 2024,27-Jan 1am,10531.05,,,,
Madhya Pradesh - 2024,27-Jan 2am,10288.1,,,,
Madhya Pradesh - 2024,27-Jan 3am,10474.14,,,,
Madhya Pradesh - 2024,27-Jan 4am,10596.57,,,,
Madhya Pradesh - 2024,27-Jan 5am,10651.23,,,,
Madhya Pradesh - 2024,27-Jan 6am,11760.83,,,,
Madhya Pradesh - 2024,27-Jan 7am,14305.29,,,,
Madhya Pradesh - 2024,27-Jan 8am,15703.95,,,,
Madhya Pradesh - 2024,27-Jan 9am,16115.28,,,,
Madhya Pradesh - 2024,27-Jan 10am,16241.33,,,,
Madhya Pradesh - 2024,27-Jan 11am,16400.28,,,,
Madhya Pradesh - 2024,27-Jan 12pm,16445.3,,,,
Madhya Pradesh - 2024,27-Jan 1pm,16698.61,,,,
Madhya Pradesh - 2024,27-Jan 2pm,16401.26,,,,
Madhya Pradesh - 2024,27-Jan 3pm,16417.56,,,,
Madhya Pradesh - 2024,27-Jan 4pm,16144.13,,,,
Madhya Pradesh - 2024,27-Jan 5pm,15296.04,,,,
Madhya Pradesh - 2024,27-Jan 6pm,14710.53,,,,
Madhya Pradesh - 2024,27-Jan 7pm,14062.3,,,,
Madhya Pradesh - 2024,27-Jan 8pm,12584.71,,,,
Madhya Pradesh - 2024,27-Jan 9pm,11395.77,,,,
Madhya Pradesh - 2024,27-Jan 10pm,11708.34,,,,
Madhya Pradesh - 2024,27-Jan 11pm,11733.57,,,,
Madhya Pradesh - 2024,28-Jan 12am,11369.66,,,,
Madhya Pradesh - 2024,28-Jan 1am,11058.91,,,,
Madhya Pradesh - 2024,28-Jan 2am,10695.8,,,,
Madhya Pradesh - 2024,28-Jan 3am,10848.69,,,,
Madhya Pradesh - 2024,28-Jan 4am,10948.69,,,,
Madhya Pradesh - 2024,28-Jan 5am,11028.39,,,,
Madhya Pradesh - 2024,28-Jan 6am,12137.75,,,,
Madhya Pradesh - 2024,28-Jan 7am,14685.16,,,,
Madhya Pradesh - 2024,28-Jan 8am,15922.03,,,,
Madhya Pradesh - 2024,28-Jan 9am,16326.25,,,,
Madhya Pradesh - 2024,28-Jan 10am,16664.87,,,,
Madhya Pradesh - 2024,28-Jan 11am,17097.48,,,,
Madhya Pradesh - 2024,28-Jan 12pm,16933.92,,,,
Madhya Pradesh - 2024,28-Jan 1pm,16725.53,,,,
Madhya Pradesh - 2024,28-Jan 2pm,16274.91,,,,
Madhya Pradesh - 2024,28-Jan 3pm,16518.43,,,,
Madhya Pradesh - 2024,28-Jan 4pm,15905.64,,,,
Madhya Pradesh - 2024,28-Jan 5pm,14818.01,,,,
Madhya Pradesh - 2024,28-Jan 6pm,14034.5,,,,
Madhya Pradesh - 2024,28-Jan 7pm,13529.31,,,,
Madhya Pradesh - 2024,28-Jan 8pm,12044.45,,,,
Madhya Pradesh - 2024,28-Jan 9pm,11067.24,,,,
Madhya Pradesh - 2024,28-Jan 10pm,11379.92,,,,
Madhya Pradesh - 2024,28-Jan 11pm,11456.73,,,,
Madhya Pradesh - 2024,29-Jan 12am,11050.6,,,,
Madhya Pradesh - 2024,29-Jan 1am,10714.92,,,,
Madhya Pradesh - 2024,29-Jan 2am,10402.84,,,,
Madhya Pradesh - 2024,29-Jan 3am,10584.65,,,,
Madhya Pradesh - 2024,29-Jan 4am,10741.04,,,,
Madhya Pradesh - 2024,29-Jan 5am,10809.2,,,,
Madhya Pradesh - 2024,29-Jan 6am,12116.36,,,,
Madhya Pradesh - 2024,29-Jan 7am,14914.48,,,,
Madhya Pradesh - 2024,29-Jan 8am,16299.07,,,,
Madhya Pradesh - 2024,29-Jan 9am,16692.93,,,,
Madhya Pradesh - 2024,29-Jan 10am,16476.85,,,,
Madhya Pradesh - 2024,29-Jan 11am,16709.18,,,,
Madhya Pradesh - 2024,29-Jan 12pm,16561.72,,,,
Madhya Pradesh - 2024,29-Jan 1pm,16485.2,,,,
Madhya Pradesh - 2024,29-Jan 2pm,16175.9,,,,
Madhya Pradesh - 2024,29-Jan 3pm,16252.6,,,,
Madhya Pradesh - 2024,29-Jan 4pm,15915.84,,,,
Madhya Pradesh - 2024,29-Jan 5pm,15104.74,,,,
Madhya Pradesh - 2024,29-Jan 6pm,14340.65,,,,
Madhya Pradesh - 2024,29-Jan 7pm,13732.41,,,,
Madhya Pradesh - 2024,29-Jan 8pm,12213.19,,,,
Madhya Pradesh - 2024,29-Jan 9pm,11175.14,,,,
Madhya Pradesh - 2024,29-Jan 10pm,11533.07,,,,
Madhya Pradesh - 2024,29-Jan 11pm,11548.12,,,,
Madhya Pradesh - 2024,30-Jan 12am,11132.84,,,,
Madhya Pradesh - 2024,30-Jan 1am,10984.37,,,,
Madhya Pradesh - 2024,30-Jan 2am,10726.35,,,,
Madhya Pradesh - 2024,30-Jan 3am,10567.81,,,,
Madhya Pradesh - 2024,30-Jan 4am,10777.41,,,,
Madhya Pradesh - 2024,30-Jan 5am,10825.23,,,,
Madhya Pradesh - 2024,30-Jan 6am,12034.55,,,,
Madhya Pradesh - 2024,30-Jan 7am,14656.14,,,,
Madhya Pradesh - 2024,30-Jan 8am,15815.86,,,,
Madhya Pradesh - 2024,30-Jan 9am,16201.74,,,,
Madhya Pradesh - 2024,30-Jan 10am,16255.25,,,,
Madhya Pradesh - 2024,30-Jan 11am,16352.05,,,,
Madhya Pradesh - 2024,30-Jan 12pm,16006.69,,,,
Madhya Pradesh - 2024,30-Jan 1pm,16285.11,,,,
Madhya Pradesh - 2024,30-Jan 2pm,15746.2,,,,
Madhya Pradesh - 2024,30-Jan 3pm,15205.79,,,,
Madhya Pradesh - 2024,30-Jan 4pm,15200.08,,,,
Madhya Pradesh - 2024,30-Jan 5pm,14733.64,,,,
Madhya Pradesh - 2024,30-Jan 6pm,14112.88,,,,
Madhya Pradesh - 2024,30-Jan 7pm,13418.53,,,,
Madhya Pradesh - 2024,30-Jan 8pm,12127.26,,,,
Madhya Pradesh - 2024,30-Jan 9pm,11092.13,,,,
Madhya Pradesh - 2024,30-Jan 10pm,11469.22,,,,
Madhya Pradesh - 2024,30-Jan 11pm,11605.11,,,,
Madhya Pradesh - 2024,31-Jan 12am,11309.64,,,,
Madhya Pradesh - 2024,31-Jan 1am,11013.72,,,,
Madhya Pradesh - 2024,31-Jan 2am,10675.43,,,,
Madhya Pradesh - 2024,31-Jan 3am,10854.94,,,,
Madhya Pradesh - 2024,31-Jan 4am,10971.41,,,,
Madhya Pradesh - 2024,31-Jan 5am,11073.89,,,,
Madhya Pradesh - 2024,31-Jan 6am,12397.25,,,,
Madhya Pradesh - 2024,31-Jan 7am,14519.44,,,,
Madhya Pradesh - 2024,31-Jan 8am,15183.3,,,,
Madhya Pradesh - 2024,31-Jan 9am,15848.49,,,,
Madhya Pradesh - 2024,31-Jan 10am,16154.72,,,,
Madhya Pradesh - 2024,31-Jan 11am,16018.96,,,,
Madhya Pradesh - 2024,31-Jan 12pm,16101.04,,,,
Madhya Pradesh - 2024,31-Jan 1pm,16495.55,,,,
Madhya Pradesh - 2024,31-Jan 2pm,16116.89,,,,
Madhya Pradesh - 2024,31-Jan 3pm,16021.2,,,,
Madhya Pradesh - 2024,31-Jan 4pm,15718.59,,,,
Madhya Pradesh - 2024,31-Jan 5pm,14854.85,,,,
Madhya Pradesh - 2024,31-Jan 6pm,13827.42,,,,
Madhya Pradesh - 2024,31-Jan 7pm,13085.62,,,,
Madhya Pradesh - 2024,31-Jan 8pm,11820.95,,,,
Madhya Pradesh - 2024,31-Jan 9pm,10871.64,,,,
Madhya Pradesh - 2024,31-Jan 10pm,11206.51,,,,
Madhya Pradesh - 2024,31-Jan 11pm,11272.43,,,,
Madhya Pradesh - 2024,01-Feb 12am,10846.4,,,,
Madhya Pradesh - 2024,01-Feb 1am,10635.6,,,,
Madhya Pradesh - 2024,01-Feb 2am,10279.13,,,,
Madhya Pradesh - 2024,01-Feb 3am,10509.32,,,,
Madhya Pradesh - 2024,01-Feb 4am,10662.59,,,,
Madhya Pradesh - 2024,01-Feb 5am,10789.39,,,,
Madhya Pradesh - 2024,01-Feb 6am,12101.91,,,,
Madhya Pradesh - 2024,01-Feb 7am,14504.58,,,,
Madhya Pradesh - 2024,01-Feb 8am,15551.01,,,,
Madhya Pradesh - 2024,01-Feb 9am,16206.03,,,,
Madhya Pradesh - 2024,01-Feb 10am,16286.5,,,,
Madhya Pradesh - 2024,01-Feb 11am,16351.68,,,,
Madhya Pradesh - 2024,01-Feb 12pm,15932.16,,,,
Madhya Pradesh - 2024,01-Feb 1pm,15964.52,,,,
Madhya Pradesh - 2024,01-Feb 2pm,15630.41,,,,
Madhya Pradesh - 2024,01-Feb 3pm,15667.42,,,,
Madhya Pradesh - 2024,01-Feb 4pm,15443.65,,,,
Madhya Pradesh - 2024,01-Feb 5pm,14635.72,,,,
Madhya Pradesh - 2024,01-Feb 6pm,13873.77,,,,
Madhya Pradesh - 2024,01-Feb 7pm,13412.23,,,,
Madhya Pradesh - 2024,01-Feb 8pm,11915.61,,,,
Madhya Pradesh - 2024,01-Feb 9pm,10857.65,,,,
Madhya Pradesh - 2024,01-Feb 10pm,11182.41,,,,
Madhya Pradesh - 2024,01-Feb 11pm,11281.63,,,,
Madhya Pradesh - 2024,02-Feb 12am,10920.92,,,,
Madhya Pradesh - 2024,02-Feb 1am,10682.1,,,,
Madhya Pradesh - 2024,02-Feb 2am,10357.62,,,,
Madhya Pradesh - 2024,02-Feb 3am,10545.44,,,,
Madhya Pradesh - 2024,02-Feb 4am,10722.52,,,,
Madhya Pradesh - 2024,02-Feb 5am,10845.24,,,,
Madhya Pradesh - 2024,02-Feb 6am,12243.19,,,,
Madhya Pradesh - 2024,02-Feb 7am,14723.69,,,,
Madhya Pradesh - 2024,02-Feb 8am,15715.21,,,,
Madhya Pradesh - 2024,02-Feb 9am,16214.93,,,,
Madhya Pradesh - 2024,02-Feb 10am,16543.17,,,,
Madhya Pradesh - 2024,02-Feb 11am,16789.6,,,,
Madhya Pradesh - 2024,02-Feb 12pm,16455.44,,,,
Madhya Pradesh - 2024,02-Feb 1pm,16471.19,,,,
Madhya Pradesh - 2024,02-Feb 2pm,15970.78,,,,
Madhya Pradesh - 2024,02-Feb 3pm,15871.33,,,,
Madhya Pradesh - 2024,02-Feb 4pm,15541.28,,,,
Madhya Pradesh - 2024,02-Feb 5pm,14678.83,,,,
Madhya Pradesh - 2024,02-Feb 6pm,13902.62,,,,
Madhya Pradesh - 2024,02-Feb 7pm,13460.72,,,,
Madhya Pradesh - 2024,02-Feb 8pm,11893.97,,,,
Madhya Pradesh - 2024,02-Feb 9pm,10911.28,,,,
Madhya Pradesh - 2024,02-Feb 10pm,11225.77,,,,
Madhya Pradesh - 2024,02-Feb 11pm,11430.78,,,,
Madhya Pradesh - 2024,03-Feb 12am,10974.25,,,,
Madhya Pradesh - 2024,03-Feb 1am,10723.92,,,,
Madhya Pradesh - 2024,03-Feb 2am,10423.73,,,,
Madhya Pradesh - 2024,03-Feb 3am,10566.37,,,,
Madhya Pradesh - 2024,03-Feb 4am,10697.01,,,,
Madhya Pradesh - 2024,03-Feb 5am,10865.45,,,,
Madhya Pradesh - 2024,03-Feb 6am,12245.69,,,,
Madhya Pradesh - 2024,03-Feb 7am,14698.68,,,,
Madhya Pradesh - 2024,03-Feb 8am,15524.41,,,,
Madhya Pradesh - 2024,03-Feb 9am,16081.08,,,,
Madhya Pradesh - 2024,03-Feb 10am,16289.81,,,,
Madhya Pradesh - 2024,03-Feb 11am,16425.07,,,,
Madhya Pradesh - 2024,03-Feb 12pm,16102.84,,,,
Madhya Pradesh - 2024,03-Feb 1pm,16164.15,,,,
Madhya Pradesh - 2024,03-Feb 2pm,15777.86,,,,
Madhya Pradesh - 2024,03-Feb 3pm,15808.37,,,,
Madhya Pradesh - 2024,03-Feb 4pm,15524.3,,,,
Madhya Pradesh - 2024,03-Feb 5pm,14613.43,,,,
Madhya Pradesh - 2024,03-Feb 6pm,13910.34,,,,
Madhya Pradesh - 2024,03-Feb 7pm,13490.6,,,,
Madhya Pradesh - 2024,03-Feb 8pm,11934.83,,,,
Madhya Pradesh - 2024,03-Feb 9pm,10980.08,,,,
Madhya Pradesh - 2024,03-Feb 10pm,11466.32,,,,
Madhya Pradesh - 2024,03-Feb 11pm,11565.24,,,,
Madhya Pradesh - 2024,04-Feb 12am,11119.14,,,,
Madhya Pradesh - 2024,04-Feb 1am,10829.36,,,,
Madhya Pradesh - 2024,04-Feb 2am,10578.55,,,,
Madhya Pradesh - 2024,04-Feb 3am,10685.91,,,,
Madhya Pradesh - 2024,04-Feb 4am,10776.46,,,,
Madhya Pradesh - 2024,04-Feb 5am,10917.66,,,,
Madhya Pradesh - 2024,04-Feb 6am,12139.39,,,,
Madhya Pradesh - 2024,04-Feb 7am,14479.21,,,,
Madhya Pradesh - 2024,04-Feb 8am,15607.32,,,,
Madhya Pradesh - 2024,04-Feb 9am,16217.32,,,,
Madhya Pradesh - 2024,04-Feb 10am,16239.66,,,,
Madhya Pradesh - 2024,04-Feb 11am,16401.69,,,,
Madhya Pradesh - 2024,04-Feb 12pm,16182.07,,,,
Madhya Pradesh - 2024,04-Feb 1pm,16190.41,,,,
Madhya Pradesh - 2024,04-Feb 2pm,15528.18,,,,
Madhya Pradesh - 2024,04-Feb 3pm,15478.73,,,,
Madhya Pradesh - 2024,04-Feb 4pm,15047.33,,,,
Madhya Pradesh - 2024,04-Feb 5pm,14070.47,,,,
Madhya Pradesh - 2024,04-Feb 6pm,13210.35,,,,
Madhya Pradesh - 2024,04-Feb 7pm,12584.5,,,,
Madhya Pradesh - 2024,04-Feb 8pm,10945.34,,,,
Madhya Pradesh - 2024,04-Feb 9pm,9781.9,,,,
Madhya Pradesh - 2024,04-Feb 10pm,10153.58,,,,
Madhya Pradesh - 2024,04-Feb 11pm,10009.15,,,,
Madhya Pradesh - 2024,05-Feb 12am,9547.37,,,,
Madhya Pradesh - 2024,05-Feb 1am,9350.08,,,,
Madhya Pradesh - 2024,05-Feb 2am,9228.9,,,,
Madhya Pradesh - 2024,05-Feb 3am,9522.61,,,,
Madhya Pradesh - 2024,05-Feb 4am,9618.28,,,,
Madhya Pradesh - 2024,05-Feb 5am,9867.39,,,,
Madhya Pradesh - 2024,05-Feb 6am,11271.32,,,,
Madhya Pradesh - 2024,05-Feb 7am,13806.39,,,,
Madhya Pradesh - 2024,05-Feb 8am,15027.64,,,,
Madhya Pradesh - 2024,05-Feb 9am,15664.23,,,,
Madhya Pradesh - 2024,05-Feb 10am,15460.48,,,,
Madhya Pradesh - 2024,05-Feb 11am,15556.33,,,,
Madhya Pradesh - 2024,05-Feb 12pm,15297.19,,,,
Madhya Pradesh - 2024,05-Feb 1pm,15383.08,,,,
Madhya Pradesh - 2024,05-Feb 2pm,14950,,,,
Madhya Pradesh - 2024,05-Feb 3pm,15001.25,,,,
Madhya Pradesh - 2024,05-Feb 4pm,14817.99,,,,
Madhya Pradesh - 2024,05-Feb 5pm,13914.29,,,,
Madhya Pradesh - 2024,05-Feb 6pm,13203.79,,,,
Madhya Pradesh - 2024,05-Feb 7pm,12888.86,,,,
Madhya Pradesh - 2024,05-Feb 8pm,11387.34,,,,
Madhya Pradesh - 2024,05-Feb 9pm,10494,,,,
Madhya Pradesh - 2024,05-Feb 10pm,11011.48,,,,
Madhya Pradesh - 2024,05-Feb 11pm,11262.59,,,,
Madhya Pradesh - 2024,06-Feb 12am,11089.11,,,,
Madhya Pradesh - 2024,06-Feb 1am,10679.34,,,,
Madhya Pradesh - 2024,06-Feb 2am,10556.85,,,,
Madhya Pradesh - 2024,06-Feb 3am,10711.25,,,,
Madhya Pradesh - 2024,06-Feb 4am,10853.93,,,,
Madhya Pradesh - 2024,06-Feb 5am,10920.82,,,,
Madhya Pradesh - 2024,06-Feb 6am,12192.78,,,,
Madhya Pradesh - 2024,06-Feb 7am,14401.26,,,,
Madhya Pradesh - 2024,06-Feb 8am,15114.25,,,,
Madhya Pradesh - 2024,06-Feb 9am,15422.64,,,,
Madhya Pradesh - 2024,06-Feb 10am,15652.54,,,,
Madhya Pradesh - 2024,06-Feb 11am,16077.66,,,,
Madhya Pradesh - 2024,06-Feb 12pm,15557.08,,,,
Madhya Pradesh - 2024,06-Feb 1pm,15536.53,,,,
Madhya Pradesh - 2024,06-Feb 2pm,15137.87,,,,
Madhya Pradesh - 2024,06-Feb 3pm,15108.25,,,,
Madhya Pradesh - 2024,06-Feb 4pm,14929.27,,,,
Madhya Pradesh - 2024,06-Feb 5pm,14072.35,,,,
Madhya Pradesh - 2024,06-Feb 6pm,13378.01,,,,
Madhya Pradesh - 2024,06-Feb 7pm,12988.59,,,,
Madhya Pradesh - 2024,06-Feb 8pm,11486.3,,,,
Madhya Pradesh - 2024,06-Feb 9pm,10520.51,,,,
Madhya Pradesh - 2024,06-Feb 10pm,11005.13,,,,
Madhya Pradesh - 2024,06-Feb 11pm,11230.72,,,,
Madhya Pradesh - 2024,07-Feb 12am,10968.06,,,,
Madhya Pradesh - 2024,07-Feb 1am,10708.28,,,,
Madhya Pradesh - 2024,07-Feb 2am,10460.25,,,,
Madhya Pradesh - 2024,07-Feb 3am,10542.88,,,,
Madhya Pradesh - 2024,07-Feb 4am,10739.02,,,,
Madhya Pradesh - 2024,07-Feb 5am,10755.21,,,,
Madhya Pradesh - 2024,07-Feb 6am,12058.22,,,,
Madhya Pradesh - 2024,07-Feb 7am,14508.03,,,,
Madhya Pradesh - 2024,07-Feb 8am,15245.44,,,,
Madhya Pradesh - 2024,07-Feb 9am,15479.48,,,,
Madhya Pradesh - 2024,07-Feb 10am,15749.98,,,,
Madhya Pradesh - 2024,07-Feb 11am,15800.12,,,,
Madhya Pradesh - 2024,07-Feb 12pm,15520.64,,,,
Madhya Pradesh - 2024,07-Feb 1pm,15383.79,,,,
Madhya Pradesh - 2024,07-Feb 2pm,15184.12,,,,
Madhya Pradesh - 2024,07-Feb 3pm,15196.49,,,,
Madhya Pradesh - 2024,07-Feb 4pm,14747.06,,,,
Madhya Pradesh - 2024,07-Feb 5pm,13639.81,,,,
Madhya Pradesh - 2024,07-Feb 6pm,13274.7,,,,
Madhya Pradesh - 2024,07-Feb 7pm,12987.26,,,,
Madhya Pradesh - 2024,07-Feb 8pm,11472.2,,,,
Madhya Pradesh - 2024,07-Feb 9pm,10634.93,,,,
Madhya Pradesh - 2024,07-Feb 10pm,10955.08,,,,
Madhya Pradesh - 2024,07-Feb 11pm,11113.72,,,,
Madhya Pradesh - 2024,08-Feb 12am,10868.79,,,,
Madhya Pradesh - 2024,08-Feb 1am,10472.43,,,,
Madhya Pradesh - 2024,08-Feb 2am,10175.97,,,,
Madhya Pradesh - 2024,08-Feb 3am,10359.89,,,,
Madhya Pradesh - 2024,08-Feb 4am,10448.54,,,,
Madhya Pradesh - 2024,08-Feb 5am,10619.01,,,,
Madhya Pradesh - 2024,08-Feb 6am,12002.66,,,,
Madhya Pradesh - 2024,08-Feb 7am,14381.72,,,,
Madhya Pradesh - 2024,08-Feb 8am,15011.14,,,,
Madhya Pradesh - 2024,08-Feb 9am,15358.18,,,,
Madhya Pradesh - 2024,08-Feb 10am,15893.16,,,,
Madhya Pradesh - 2024,08-Feb 11am,16109.83,,,,
Madhya Pradesh - 2024,08-Feb 12pm,15585.68,,,,
Madhya Pradesh - 2024,08-Feb 1pm,15439.12,,,,
Madhya Pradesh - 2024,08-Feb 2pm,14999.86,,,,
Madhya Pradesh - 2024,08-Feb 3pm,14890.51,,,,
Madhya Pradesh - 2024,08-Feb 4pm,14694.97,,,,
Madhya Pradesh - 2024,08-Feb 5pm,14057.78,,,,
Madhya Pradesh - 2024,08-Feb 6pm,13473.57,,,,
Madhya Pradesh - 2024,08-Feb 7pm,12819.5,,,,
Madhya Pradesh - 2024,08-Feb 8pm,11549.81,,,,
Madhya Pradesh - 2024,08-Feb 9pm,10819.5,,,,
Madhya Pradesh - 2024,08-Feb 10pm,10947.82,,,,
Madhya Pradesh - 2024,08-Feb 11pm,11002.29,,,,
Madhya Pradesh - 2024,09-Feb 12am,10720.44,,,,
Madhya Pradesh - 2024,09-Feb 1am,10429.8,,,,
Madhya Pradesh - 2024,09-Feb 2am,10159.22,,,,
Madhya Pradesh - 2024,09-Feb 3am,10299.9,,,,
Madhya Pradesh - 2024,09-Feb 4am,10426.83,,,,
Madhya Pradesh - 2024,09-Feb 5am,10610.64,,,,
Madhya Pradesh - 2024,09-Feb 6am,12032.86,,,,
Madhya Pradesh - 2024,09-Feb 7am,14125.86,,,,
Madhya Pradesh - 2024,09-Feb 8am,14723,,,,
Madhya Pradesh - 2024,09-Feb 9am,14554.77,,,,
Madhya Pradesh - 2024,09-Feb 10am,15941.21,,,,
Madhya Pradesh - 2024,09-Feb 11am,16306.49,,,,
Madhya Pradesh - 2024,09-Feb 12pm,16021.45,,,,
Madhya Pradesh - 2024,09-Feb 1pm,15718.69,,,,
Madhya Pradesh - 2024,09-Feb 2pm,15066.59,,,,
Madhya Pradesh - 2024,09-Feb 3pm,15018.18,,,,
Madhya Pradesh - 2024,09-Feb 4pm,14763.37,,,,
Madhya Pradesh - 2024,09-Feb 5pm,14055.35,,,,
Madhya Pradesh - 2024,09-Feb 6pm,13600.96,,,,
Madhya Pradesh - 2024,09-Feb 7pm,13424.76,,,,
Madhya Pradesh - 2024,09-Feb 8pm,11988.07,,,,
Madhya Pradesh - 2024,09-Feb 9pm,10845.57,,,,
Madhya Pradesh - 2024,09-Feb 10pm,11022.12,,,,
Madhya Pradesh - 2024,09-Feb 11pm,11092.75,,,,
Madhya Pradesh - 2024,10-Feb 12am,10728.55,,,,
Madhya Pradesh - 2024,10-Feb 1am,10442.85,,,,
Madhya Pradesh - 2024,10-Feb 2am,10102.02,,,,
Madhya Pradesh - 2024,10-Feb 3am,10307.54,,,,
Madhya Pradesh - 2024,10-Feb 4am,10472.92,,,,
Madhya Pradesh - 2024,10-Feb 5am,10665.61,,,,
Madhya Pradesh - 2024,10-Feb 6am,12089.73,,,,
Madhya Pradesh - 2024,10-Feb 7am,14595.74,,,,
Madhya Pradesh - 2024,10-Feb 8am,14898.4,,,,
Madhya Pradesh - 2024,10-Feb 9am,15481.47,,,,
Madhya Pradesh - 2024,10-Feb 10am,15828.48,,,,
Madhya Pradesh - 2024,10-Feb 11am,16252.58,,,,
Madhya Pradesh - 2024,10-Feb 12pm,15898.99,,,,
Madhya Pradesh - 2024,10-Feb 1pm,15749.56,,,,
Madhya Pradesh - 2024,10-Feb 2pm,15238.22,,,,
Madhya Pradesh - 2024,10-Feb 3pm,15122.83,,,,
Madhya Pradesh - 2024,10-Feb 4pm,14610.82,,,,
Madhya Pradesh - 2024,10-Feb 5pm,13727.87,,,,
Madhya Pradesh - 2024,10-Feb 6pm,12999.1,,,,
Madhya Pradesh - 2024,10-Feb 7pm,12791.48,,,,
Madhya Pradesh - 2024,10-Feb 8pm,11831.7,,,,
Madhya Pradesh - 2024,10-Feb 9pm,10817.26,,,,
Madhya Pradesh - 2024,10-Feb 10pm,11093.79,,,,
Madhya Pradesh - 2024,10-Feb 11pm,11198.35,,,,
Madhya Pradesh - 2024,11-Feb 12am,10807.46,,,,
Madhya Pradesh - 2024,11-Feb 1am,10485.51,,,,
Madhya Pradesh - 2024,11-Feb 2am,10188.9,,,,
Madhya Pradesh - 2024,11-Feb 3am,10247.4,,,,
Madhya Pradesh - 2024,11-Feb 4am,10400.03,,,,
Madhya Pradesh - 2024,11-Feb 5am,10399.86,,,,
Madhya Pradesh - 2024,11-Feb 6am,11569.99,,,,
Madhya Pradesh - 2024,11-Feb 7am,13951.1,,,,
Madhya Pradesh - 2024,11-Feb 8am,15182.61,,,,
Madhya Pradesh - 2024,11-Feb 9am,15739.11,,,,
Madhya Pradesh - 2024,11-Feb 10am,15645.71,,,,
Madhya Pradesh - 2024,11-Feb 11am,15672.05,,,,
Madhya Pradesh - 2024,11-Feb 12pm,15318.5,,,,
Madhya Pradesh - 2024,11-Feb 1pm,15390.69,,,,
Madhya Pradesh - 2024,11-Feb 2pm,14833.87,,,,
Madhya Pradesh - 2024,11-Feb 3pm,14699.35,,,,
Madhya Pradesh - 2024,11-Feb 4pm,14360.99,,,,
Madhya Pradesh - 2024,11-Feb 5pm,13649.01,,,,
Madhya Pradesh - 2024,11-Feb 6pm,13041.19,,,,
Madhya Pradesh - 2024,11-Feb 7pm,12810.21,,,,
Madhya Pradesh - 2024,11-Feb 8pm,11363.87,,,,
Madhya Pradesh - 2024,11-Feb 9pm,10413.79,,,,
Madhya Pradesh - 2024,11-Feb 10pm,10698,,,,
Madhya Pradesh - 2024,11-Feb 11pm,10755.84,,,,
Madhya Pradesh - 2024,12-Feb 12am,10450.9,,,,
Madhya Pradesh - 2024,12-Feb 1am,10159.34,,,,
Madhya Pradesh - 2024,12-Feb 2am,9897.85,,,,
Madhya Pradesh - 2024,12-Feb 3am,10022.39,,,,
Madhya Pradesh - 2024,12-Feb 4am,10161.98,,,,
Madhya Pradesh - 2024,12-Feb 5am,10374.26,,,,
Madhya Pradesh - 2024,12-Feb 6am,11842.02,,,,
Madhya Pradesh - 2024,12-Feb 7am,14462.39,,,,
Madhya Pradesh - 2024,12-Feb 8am,15518.95,,,,
Madhya Pradesh - 2024,12-Feb 9am,15960.29,,,,
Madhya Pradesh - 2024,12-Feb 10am,15968.68,,,,
Madhya Pradesh - 2024,12-Feb 11am,15808.44,,,,
Madhya Pradesh - 2024,12-Feb 12pm,15382.25,,,,
Madhya Pradesh - 2024,12-Feb 1pm,15452.57,,,,
Madhya Pradesh - 2024,12-Feb 2pm,14964.47,,,,
Madhya Pradesh - 2024,12-Feb 3pm,14941.02,,,,
Madhya Pradesh - 2024,12-Feb 4pm,14693.28,,,,
Madhya Pradesh - 2024,12-Feb 5pm,14016.11,,,,
Madhya Pradesh - 2024,12-Feb 6pm,13353.1,,,,
Madhya Pradesh - 2024,12-Feb 7pm,12835.81,,,,
Madhya Pradesh - 2024,12-Feb 8pm,11224.9,,,,
Madhya Pradesh - 2024,12-Feb 9pm,10356.7,,,,
Madhya Pradesh - 2024,12-Feb 10pm,10710.27,,,,
Madhya Pradesh - 2024,12-Feb 11pm,10819.84,,,,
Madhya Pradesh - 2024,13-Feb 12am,10470.28,,,,
Madhya Pradesh - 2024,13-Feb 1am,10074.51,,,,
Madhya Pradesh - 2024,13-Feb 2am,9733.74,,,,
Madhya Pradesh - 2024,13-Feb 3am,9855.9,,,,
Madhya Pradesh - 2024,13-Feb 4am,9904.15,,,,
Madhya Pradesh - 2024,13-Feb 5am,10090.43,,,,
Madhya Pradesh - 2024,13-Feb 6am,11308.43,,,,
Madhya Pradesh - 2024,13-Feb 7am,13694.33,,,,
Madhya Pradesh - 2024,13-Feb 8am,14843.12,,,,
Madhya Pradesh - 2024,13-Feb 9am,15384.59,,,,
Madhya Pradesh - 2024,13-Feb 10am,15222.23,,,,
Madhya Pradesh - 2024,13-Feb 11am,15302.78,,,,
Madhya Pradesh - 2024,13-Feb 12pm,14829.42,,,,
Madhya Pradesh - 2024,13-Feb 1pm,14766.37,,,,
Madhya Pradesh - 2024,13-Feb 2pm,14374.51,,,,
Madhya Pradesh - 2024,13-Feb 3pm,14245.05,,,,
Madhya Pradesh - 2024,13-Feb 4pm,14137.34,,,,
Madhya Pradesh - 2024,13-Feb 5pm,13577.91,,,,
Madhya Pradesh - 2024,13-Feb 6pm,13093.5,,,,
Madhya Pradesh - 2024,13-Feb 7pm,12641.51,,,,
Madhya Pradesh - 2024,13-Feb 8pm,11029.09,,,,
Madhya Pradesh - 2024,13-Feb 9pm,10005.96,,,,
Madhya Pradesh - 2024,13-Feb 10pm,10284.14,,,,
Madhya Pradesh - 2024,13-Feb 11pm,10451.89,,,,
Madhya Pradesh - 2024,14-Feb 12am,10188.44,,,,
Madhya Pradesh - 2024,14-Feb 1am,9843.79,,,,
Madhya Pradesh - 2024,14-Feb 2am,9597.79,,,,
Madhya Pradesh - 2024,14-Feb 3am,9708.16,,,,
Madhya Pradesh - 2024,14-Feb 4am,9806.05,,,,
Madhya Pradesh - 2024,14-Feb 5am,9996.27,,,,
Madhya Pradesh - 2024,14-Feb 6am,11342.32,,,,
Madhya Pradesh - 2024,14-Feb 7am,13825.19,,,,
Madhya Pradesh - 2024,14-Feb 8am,14663.28,,,,
Madhya Pradesh - 2024,14-Feb 9am,15283.45,,,,
Madhya Pradesh - 2024,14-Feb 10am,15294.18,,,,
Madhya Pradesh - 2024,14-Feb 11am,15199.05,,,,
Madhya Pradesh - 2024,14-Feb 12pm,14758.14,,,,
Madhya Pradesh - 2024,14-Feb 1pm,14709.09,,,,
Madhya Pradesh - 2024,14-Feb 2pm,14231.69,,,,
Madhya Pradesh - 2024,14-Feb 3pm,14198.5,,,,
Madhya Pradesh - 2024,14-Feb 4pm,13986.56,,,,
Madhya Pradesh - 2024,14-Feb 5pm,13313.29,,,,
Madhya Pradesh - 2024,14-Feb 6pm,12829.32,,,,
Madhya Pradesh - 2024,14-Feb 7pm,12535.1,,,,
Madhya Pradesh - 2024,14-Feb 8pm,10997.99,,,,
Madhya Pradesh - 2024,14-Feb 9pm,10082.04,,,,
Madhya Pradesh - 2024,14-Feb 10pm,10455.43,,,,
Madhya Pradesh - 2024,14-Feb 11pm,10636.97,,,,
Madhya Pradesh - 2024,15-Feb 12am,10301.52,,,,
Madhya Pradesh - 2024,15-Feb 1am,9978.64,,,,
Madhya Pradesh - 2024,15-Feb 2am,9602.66,,,,
Madhya Pradesh - 2024,15-Feb 3am,9699.29,,,,
Madhya Pradesh - 2024,15-Feb 4am,9840.49,,,,
Madhya Pradesh - 2024,15-Feb 5am,10030.55,,,,
Madhya Pradesh - 2024,15-Feb 6am,11355.17,,,,
Madhya Pradesh - 2024,15-Feb 7am,13894.18,,,,
Madhya Pradesh - 2024,15-Feb 8am,14931.94,,,,
Madhya Pradesh - 2024,15-Feb 9am,15201.31,,,,
Madhya Pradesh - 2024,15-Feb 10am,14907.45,,,,
Madhya Pradesh - 2024,15-Feb 11am,14815.02,,,,
Madhya Pradesh - 2024,15-Feb 12pm,14339.16,,,,
Madhya Pradesh - 2024,15-Feb 1pm,14195.66,,,,
Madhya Pradesh - 2024,15-Feb 2pm,13852.89,,,,
Madhya Pradesh - 2024,15-Feb 3pm,13881.41,,,,
Madhya Pradesh - 2024,15-Feb 4pm,13706.12,,,,
Madhya Pradesh - 2024,15-Feb 5pm,13074.64,,,,
Madhya Pradesh - 2024,15-Feb 6pm,12648.5,,,,
Madhya Pradesh - 2024,15-Feb 7pm,12453.57,,,,
Madhya Pradesh - 2024,15-Feb 8pm,10991.18,,,,
Madhya Pradesh - 2024,15-Feb 9pm,10022.95,,,,
Madhya Pradesh - 2024,15-Feb 10pm,10317.69,,,,
Madhya Pradesh - 2024,15-Feb 11pm,10437.53,,,,
Madhya Pradesh - 2024,16-Feb 12am,10058.91,,,,
Madhya Pradesh - 2024,16-Feb 1am,9916.3,,,,
Madhya Pradesh - 2024,16-Feb 2am,9606.3,,,,
Madhya Pradesh - 2024,16-Feb 3am,9667.54,,,,
Madhya Pradesh - 2024,16-Feb 4am,9800.09,,,,
Madhya Pradesh - 2024,16-Feb 5am,10001.6,,,,
Madhya Pradesh - 2024,16-Feb 6am,11419.58,,,,
Madhya Pradesh - 2024,16-Feb 7am,13948.03,,,,
Madhya Pradesh - 2024,16-Feb 8am,15015.69,,,,
Madhya Pradesh - 2024,16-Feb 9am,15231.69,,,,
Madhya Pradesh - 2024,16-Feb 10am,15040.28,,,,
Madhya Pradesh - 2024,16-Feb 11am,15013.01,,,,
Madhya Pradesh - 2024,16-Feb 12pm,14550.43,,,,
Madhya Pradesh - 2024,16-Feb 1pm,14475.26,,,,
Madhya Pradesh - 2024,16-Feb 2pm,14063.11,,,,
Madhya Pradesh - 2024,16-Feb 3pm,14012.95,,,,
Madhya Pradesh - 2024,16-Feb 4pm,13696.84,,,,
Madhya Pradesh - 2024,16-Feb 5pm,12960.67,,,,
Madhya Pradesh - 2024,16-Feb 6pm,12578.68,,,,
Madhya Pradesh - 2024,16-Feb 7pm,12423.7,,,,
Madhya Pradesh - 2024,16-Feb 8pm,10959.1,,,,
Madhya Pradesh - 2024,16-Feb 9pm,10110.64,,,,
Madhya Pradesh - 2024,16-Feb 10pm,10468.82,,,,
Madhya Pradesh - 2024,16-Feb 11pm,10632.78,,,,
Madhya Pradesh - 2024,17-Feb 12am,10207.26,,,,
Madhya Pradesh - 2024,17-Feb 1am,9997.78,,,,
Madhya Pradesh - 2024,17-Feb 2am,9737.55,,,,
Madhya Pradesh - 2024,17-Feb 3am,9847.87,,,,
Madhya Pradesh - 2024,17-Feb 4am,9972.14,,,,
Madhya Pradesh - 2024,17-Feb 5am,10140.71,,,,
Madhya Pradesh - 2024,17-Feb 6am,11495.43,,,,
Madhya Pradesh - 2024,17-Feb 7am,13962.5,,,,
Madhya Pradesh - 2024,17-Feb 8am,14763.13,,,,
Madhya Pradesh - 2024,17-Feb 9am,14872.39,,,,
Madhya Pradesh - 2024,17-Feb 10am,14788.14,,,,
Madhya Pradesh - 2024,17-Feb 11am,14852.57,,,,
Madhya Pradesh - 2024,17-Feb 12pm,14375.58,,,,
Madhya Pradesh - 2024,17-Feb 1pm,14297.46,,,,
Madhya Pradesh - 2024,17-Feb 2pm,13973.23,,,,
Madhya Pradesh - 2024,17-Feb 3pm,14048.23,,,,
Madhya Pradesh - 2024,17-Feb 4pm,13829.51,,,,
Madhya Pradesh - 2024,17-Feb 5pm,13139.61,,,,
Madhya Pradesh - 2024,17-Feb 6pm,12541.98,,,,
Madhya Pradesh - 2024,17-Feb 7pm,12560.24,,,,
Madhya Pradesh - 2024,17-Feb 8pm,11120.26,,,,
Madhya Pradesh - 2024,17-Feb 9pm,10236.57,,,,
Madhya Pradesh - 2024,17-Feb 10pm,10688.19,,,,
Madhya Pradesh - 2024,17-Feb 11pm,10889.69,,,,
Madhya Pradesh - 2024,18-Feb 12am,10591.63,,,,
Madhya Pradesh - 2024,18-Feb 1am,10403.86,,,,
Madhya Pradesh - 2024,18-Feb 2am,10151.95,,,,
Madhya Pradesh - 2024,18-Feb 3am,10230.96,,,,
Madhya Pradesh - 2024,18-Feb 4am,10339.22,,,,
Madhya Pradesh - 2024,18-Feb 5am,10412.28,,,,
Madhya Pradesh - 2024,18-Feb 6am,11559.74,,,,
Madhya Pradesh - 2024,18-Feb 7am,13779.58,,,,
Madhya Pradesh - 2024,18-Feb 8am,14669.21,,,,
Madhya Pradesh - 2024,18-Feb 9am,14769.16,,,,
Madhya Pradesh - 2024,18-Feb 10am,14592.75,,,,
Madhya Pradesh - 2024,18-Feb 11am,14558.12,,,,
Madhya Pradesh - 2024,18-Feb 12pm,14297.11,,,,
Madhya Pradesh - 2024,18-Feb 1pm,14209.97,,,,
Madhya Pradesh - 2024,18-Feb 2pm,13773.46,,,,
Madhya Pradesh - 2024,18-Feb 3pm,13715.32,,,,
Madhya Pradesh - 2024,18-Feb 4pm,13359.1,,,,
Madhya Pradesh - 2024,18-Feb 5pm,12821.5,,,,
Madhya Pradesh - 2024,18-Feb 6pm,12315.32,,,,
Madhya Pradesh - 2024,18-Feb 7pm,12137.75,,,,
Madhya Pradesh - 2024,18-Feb 8pm,10670.3,,,,
Madhya Pradesh - 2024,18-Feb 9pm,9890.46,,,,
Madhya Pradesh - 2024,18-Feb 10pm,10349.54,,,,
Madhya Pradesh - 2024,18-Feb 11pm,10625.49,,,,
Madhya Pradesh - 2024,19-Feb 12am,10323.36,,,,
Madhya Pradesh - 2024,19-Feb 1am,10196.29,,,,
Madhya Pradesh - 2024,19-Feb 2am,9948.75,,,,
Madhya Pradesh - 2024,19-Feb 3am,10013.53,,,,
Madhya Pradesh - 2024,19-Feb 4am,10138.47,,,,
Madhya Pradesh - 2024,19-Feb 5am,10277.8,,,,
Madhya Pradesh - 2024,19-Feb 6am,11652.26,,,,
Madhya Pradesh - 2024,19-Feb 7am,14016.45,,,,
Madhya Pradesh - 2024,19-Feb 8am,14569.82,,,,
Madhya Pradesh - 2024,19-Feb 9am,14684.1,,,,
Madhya Pradesh - 2024,19-Feb 10am,14493.62,,,,
Madhya Pradesh - 2024,19-Feb 11am,14500.81,,,,
Madhya Pradesh - 2024,19-Feb 12pm,13848.45,,,,
Madhya Pradesh - 2024,19-Feb 1pm,13367.91,,,,
Madhya Pradesh - 2024,19-Feb 2pm,12823.63,,,,
Madhya Pradesh - 2024,19-Feb 3pm,13070.18,,,,
Madhya Pradesh - 2024,19-Feb 4pm,13021.91,,,,
Madhya Pradesh - 2024,19-Feb 5pm,12804.87,,,,
Madhya Pradesh - 2024,19-Feb 6pm,12531.47,,,,
Madhya Pradesh - 2024,19-Feb 7pm,12572.24,,,,
Madhya Pradesh - 2024,19-Feb 8pm,11082.42,,,,
Madhya Pradesh - 2024,19-Feb 9pm,10128.72,,,,
Madhya Pradesh - 2024,19-Feb 10pm,10526.93,,,,
Madhya Pradesh - 2024,19-Feb 11pm,10787.4,,,,
Madhya Pradesh - 2024,20-Feb 12am,10533.02,,,,
Madhya Pradesh - 2024,20-Feb 1am,10309.16,,,,
Madhya Pradesh - 2024,20-Feb 2am,10050.64,,,,
Madhya Pradesh - 2024,20-Feb 3am,10112.69,,,,
Madhya Pradesh - 2024,20-Feb 4am,10211.89,,,,
Madhya Pradesh - 2024,20-Feb 5am,10268.04,,,,
Madhya Pradesh - 2024,20-Feb 6am,11570.56,,,,
Madhya Pradesh - 2024,20-Feb 7am,13844.06,,,,
Madhya Pradesh - 2024,20-Feb 8am,14589.73,,,,
Madhya Pradesh - 2024,20-Feb 9am,14602.25,,,,
Madhya Pradesh - 2024,20-Feb 10am,14464.15,,,,
Madhya Pradesh - 2024,20-Feb 11am,14467.16,,,,
Madhya Pradesh - 2024,20-Feb 12pm,14161.28,,,,
Madhya Pradesh - 2024,20-Feb 1pm,14058.39,,,,
Madhya Pradesh - 2024,20-Feb 2pm,13851.97,,,,
Madhya Pradesh - 2024,20-Feb 3pm,13850.38,,,,
Madhya Pradesh - 2024,20-Feb 4pm,13512.45,,,,
Madhya Pradesh - 2024,20-Feb 5pm,13031.57,,,,
Madhya Pradesh - 2024,20-Feb 6pm,12610.65,,,,
Madhya Pradesh - 2024,20-Feb 7pm,12696.46,,,,
Madhya Pradesh - 2024,20-Feb 8pm,11236.84,,,,
Madhya Pradesh - 2024,20-Feb 9pm,10306,,,,
Madhya Pradesh - 2024,20-Feb 10pm,10745.95,,,,
Madhya Pradesh - 2024,20-Feb 11pm,11003.4,,,,
Madhya Pradesh - 2024,21-Feb 12am,10826.48,,,,
Madhya Pradesh - 2024,21-Feb 1am,10620.38,,,,
Madhya Pradesh - 2024,21-Feb 2am,10445.05,,,,
Madhya Pradesh - 2024,21-Feb 3am,10553.83,,,,
Madhya Pradesh - 2024,21-Feb 4am,10617.33,,,,
Madhya Pradesh - 2024,21-Feb 5am,10664.47,,,,
Madhya Pradesh - 2024,21-Feb 6am,11890.57,,,,
Madhya Pradesh - 2024,21-Feb 7am,13841.57,,,,
Madhya Pradesh - 2024,21-Feb 8am,14209.67,,,,
Madhya Pradesh - 2024,21-Feb 9am,14320.8,,,,
Madhya Pradesh - 2024,21-Feb 10am,14381.58,,,,
Madhya Pradesh - 2024,21-Feb 11am,14453.37,,,,
Madhya Pradesh - 2024,21-Feb 12pm,13997.48,,,,
Madhya Pradesh - 2024,21-Feb 1pm,13801.68,,,,
Madhya Pradesh - 2024,21-Feb 2pm,13301.62,,,,
Madhya Pradesh - 2024,21-Feb 3pm,13271.06,,,,
Madhya Pradesh - 2024,21-Feb 4pm,13011.04,,,,
Madhya Pradesh - 2024,21-Feb 5pm,12540.34,,,,
Madhya Pradesh - 2024,21-Feb 6pm,12307.95,,,,
Madhya Pradesh - 2024,21-Feb 7pm,12365.71,,,,
Madhya Pradesh - 2024,21-Feb 8pm,10857.47,,,,
Madhya Pradesh - 2024,21-Feb 9pm,10003.52,,,,
Madhya Pradesh - 2024,21-Feb 10pm,10466.27,,,,
Madhya Pradesh - 2024,21-Feb 11pm,10753.27,,,,
Madhya Pradesh - 2024,22-Feb 12am,10566.51,,,,
Madhya Pradesh - 2024,22-Feb 1am,10358.37,,,,
Madhya Pradesh - 2024,22-Feb 2am,10090.17,,,,
Madhya Pradesh - 2024,22-Feb 3am,10202.79,,,,
Madhya Pradesh - 2024,22-Feb 4am,10281.37,,,,
Madhya Pradesh - 2024,22-Feb 5am,10405.32,,,,
Madhya Pradesh - 2024,22-Feb 6am,11627.19,,,,
Madhya Pradesh - 2024,22-Feb 7am,13719.99,,,,
Madhya Pradesh - 2024,22-Feb 8am,13963.02,,,,
Madhya Pradesh - 2024,22-Feb 9am,13990.98,,,,
Madhya Pradesh - 2024,22-Feb 10am,13961.6,,,,
Madhya Pradesh - 2024,22-Feb 11am,13956.23,,,,
Madhya Pradesh - 2024,22-Feb 12pm,13615.03,,,,
Madhya Pradesh - 2024,22-Feb 1pm,13442.75,,,,
Madhya Pradesh - 2024,22-Feb 2pm,13024.25,,,,
Madhya Pradesh - 2024,22-Feb 3pm,13064.14,,,,
Madhya Pradesh - 2024,22-Feb 4pm,12976.36,,,,
Madhya Pradesh - 2024,22-Feb 5pm,12518.65,,,,
Madhya Pradesh - 2024,22-Feb 6pm,12268.11,,,,
Madhya Pradesh - 2024,22-Feb 7pm,11971.66,,,,
Madhya Pradesh - 2024,22-Feb 8pm,10749.65,,,,
Madhya Pradesh - 2024,22-Feb 9pm,9940.39,,,,
Madhya Pradesh - 2024,22-Feb 10pm,10313.57,,,,
Madhya Pradesh - 2024,22-Feb 11pm,10525.24,,,,
Madhya Pradesh - 2024,23-Feb 12am,10320.42,,,,
Madhya Pradesh - 2024,23-Feb 1am,10011.94,,,,
Madhya Pradesh - 2024,23-Feb 2am,9688.38,,,,
Madhya Pradesh - 2024,23-Feb 3am,9725.53,,,,
Madhya Pradesh - 2024,23-Feb 4am,9807.63,,,,
Madhya Pradesh - 2024,23-Feb 5am,9964.91,,,,
Madhya Pradesh - 2024,23-Feb 6am,11383.07,,,,
Madhya Pradesh - 2024,23-Feb 7am,13436.86,,,,
Madhya Pradesh - 2024,23-Feb 8am,13688.86,,,,
Madhya Pradesh - 2024,23-Feb 9am,14183.5,,,,
Madhya Pradesh - 2024,23-Feb 10am,14290.41,,,,
Madhya Pradesh - 2024,23-Feb 11am,14436.11,,,,
Madhya Pradesh - 2024,23-Feb 12pm,14171.29,,,,
Madhya Pradesh - 2024,23-Feb 1pm,13845.57,,,,
Madhya Pradesh - 2024,23-Feb 2pm,13539.66,,,,
Madhya Pradesh - 2024,23-Feb 3pm,13364.35,,,,
Madhya Pradesh - 2024,23-Feb 4pm,12874.9,,,,
Madhya Pradesh - 2024,23-Feb 5pm,12013.08,,,,
Madhya Pradesh - 2024,23-Feb 6pm,11495.08,,,,
Madhya Pradesh - 2024,23-Feb 7pm,11515.61,,,,
Madhya Pradesh - 2024,23-Feb 8pm,10669.1,,,,
Madhya Pradesh - 2024,23-Feb 9pm,10140.81,,,,
Madhya Pradesh - 2024,23-Feb 10pm,10613.82,,,,
Madhya Pradesh - 2024,23-Feb 11pm,10748.44,,,,
Madhya Pradesh - 2024,24-Feb 12am,10420.24,,,,
Madhya Pradesh - 2024,24-Feb 1am,10199.93,,,,
Madhya Pradesh - 2024,24-Feb 2am,9842.61,,,,
Madhya Pradesh - 2024,24-Feb 3am,9988.25,,,,
Madhya Pradesh - 2024,24-Feb 4am,10084.68,,,,
Madhya Pradesh - 2024,24-Feb 5am,10224.66,,,,
Madhya Pradesh - 2024,24-Feb 6am,11618.49,,,,
Madhya Pradesh - 2024,24-Feb 7am,13472.03,,,,
Madhya Pradesh - 2024,24-Feb 8am,14000.02,,,,
Madhya Pradesh - 2024,24-Feb 9am,14249.15,,,,
Madhya Pradesh - 2024,24-Feb 10am,14216.37,,,,
Madhya Pradesh - 2024,24-Feb 11am,14449.5,,,,
Madhya Pradesh - 2024,24-Feb 12pm,14247.01,,,,
Madhya Pradesh - 2024,24-Feb 1pm,14160.95,,,,
Madhya Pradesh - 2024,24-Feb 2pm,13776.41,,,,
Madhya Pradesh - 2024,24-Feb 3pm,13796.53,,,,
Madhya Pradesh - 2024,24-Feb 4pm,13569.41,,,,
Madhya Pradesh - 2024,24-Feb 5pm,12968.18,,,,
Madhya Pradesh - 2024,24-Feb 6pm,12563.32,,,,
Madhya Pradesh - 2024,24-Feb 7pm,12582.52,,,,
Madhya Pradesh - 2024,24-Feb 8pm,11122.32,,,,
Madhya Pradesh - 2024,24-Feb 9pm,10191.52,,,,
Madhya Pradesh - 2024,24-Feb 10pm,10567.65,,,,
Madhya Pradesh - 2024,24-Feb 11pm,10694.43,,,,
Madhya Pradesh - 2024,25-Feb 12am,10422.46,,,,
Madhya Pradesh - 2024,25-Feb 1am,10164.74,,,,
Madhya Pradesh - 2024,25-Feb 2am,9693.77,,,,
Madhya Pradesh - 2024,25-Feb 3am,9907.26,,,,
Madhya Pradesh - 2024,25-Feb 4am,9953.4,,,,
Madhya Pradesh - 2024,25-Feb 5am,10113.29,,,,
Madhya Pradesh - 2024,25-Feb 6am,11393.96,,,,
Madhya Pradesh - 2024,25-Feb 7am,13591.81,,,,
Madhya Pradesh - 2024,25-Feb 8am,14230.11,,,,
Madhya Pradesh - 2024,25-Feb 9am,14300.8,,,,
Madhya Pradesh - 2024,25-Feb 10am,14041.39,,,,
Madhya Pradesh - 2024,25-Feb 11am,14014.89,,,,
Madhya Pradesh - 2024,25-Feb 12pm,13592.29,,,,
Madhya Pradesh - 2024,25-Feb 1pm,13517.66,,,,
Madhya Pradesh - 2024,25-Feb 2pm,13277.9,,,,
Madhya Pradesh - 2024,25-Feb 3pm,13508.01,,,,
Madhya Pradesh - 2024,25-Feb 4pm,13350.56,,,,
Madhya Pradesh - 2024,25-Feb 5pm,12780.9,,,,
Madhya Pradesh - 2024,25-Feb 6pm,12385.18,,,,
Madhya Pradesh - 2024,25-Feb 7pm,12373.45,,,,
Madhya Pradesh - 2024,25-Feb 8pm,11015.33,,,,
Madhya Pradesh - 2024,25-Feb 9pm,10122.91,,,,
Madhya Pradesh - 2024,25-Feb 10pm,10429.66,,,,
Madhya Pradesh - 2024,25-Feb 11pm,10537.68,,,,
Madhya Pradesh - 2024,26-Feb 12am,10227.76,,,,
Madhya Pradesh - 2024,26-Feb 1am,9987.12,,,,
Madhya Pradesh - 2024,26-Feb 2am,9612.2,,,,
Madhya Pradesh - 2024,26-Feb 3am,9729.85,,,,
Madhya Pradesh - 2024,26-Feb 4am,9842.2,,,,
Madhya Pradesh - 2024,26-Feb 5am,10160.49,,,,
Madhya Pradesh - 2024,26-Feb 6am,11585.83,,,,
Madhya Pradesh - 2024,26-Feb 7am,13823.29,,,,
Madhya Pradesh - 2024,26-Feb 8am,14592.13,,,,
Madhya Pradesh - 2024,26-Feb 9am,14572.28,,,,
Madhya Pradesh - 2024,26-Feb 10am,14111.98,,,,
Madhya Pradesh - 2024,26-Feb 11am,14140.85,,,,
Madhya Pradesh - 2024,26-Feb 12pm,13614.74,,,,
Madhya Pradesh - 2024,26-Feb 1pm,13477.43,,,,
Madhya Pradesh - 2024,26-Feb 2pm,13185.52,,,,
Madhya Pradesh - 2024,26-Feb 3pm,13285.71,,,,
Madhya Pradesh - 2024,26-Feb 4pm,12921.92,,,,
Madhya Pradesh - 2024,26-Feb 5pm,12519.78,,,,
Madhya Pradesh - 2024,26-Feb 6pm,12052.53,,,,
Madhya Pradesh - 2024,26-Feb 7pm,11905.65,,,,
Madhya Pradesh - 2024,26-Feb 8pm,10455.03,,,,
Madhya Pradesh - 2024,26-Feb 9pm,9640.03,,,,
Madhya Pradesh - 2024,26-Feb 10pm,9972.13,,,,
Madhya Pradesh - 2024,26-Feb 11pm,10004.76,,,,
Madhya Pradesh - 2024,27-Feb 12am,9736.96,,,,
Madhya Pradesh - 2024,27-Feb 1am,9481.84,,,,
Madhya Pradesh - 2024,27-Feb 2am,9209.73,,,,
Madhya Pradesh - 2024,27-Feb 3am,9320.41,,,,
Madhya Pradesh - 2024,27-Feb 4am,9384.96,,,,
Madhya Pradesh - 2024,27-Feb 5am,9531.09,,,,
Madhya Pradesh - 2024,27-Feb 6am,10851.01,,,,
Madhya Pradesh - 2024,27-Feb 7am,12961.21,,,,
Madhya Pradesh - 2024,27-Feb 8am,13677.44,,,,
Madhya Pradesh - 2024,27-Feb 9am,13631.41,,,,
Madhya Pradesh - 2024,27-Feb 10am,13188.24,,,,
Madhya Pradesh - 2024,27-Feb 11am,12836.11,,,,
Madhya Pradesh - 2024,27-Feb 12pm,12207.45,,,,
Madhya Pradesh - 2024,27-Feb 1pm,11994.87,,,,
Madhya Pradesh - 2024,27-Feb 2pm,11682.32,,,,
Madhya Pradesh - 2024,27-Feb 3pm,11545.42,,,,
Madhya Pradesh - 2024,27-Feb 4pm,10914.1,,,,
Madhya Pradesh - 2024,27-Feb 5pm,10469.65,,,,
Madhya Pradesh - 2024,27-Feb 6pm,10377,,,,
Madhya Pradesh - 2024,27-Feb 7pm,10403.17,,,,
Madhya Pradesh - 2024,27-Feb 8pm,9230.69,,,,
Madhya Pradesh - 2024,27-Feb 9pm,8530.11,,,,
Madhya Pradesh - 2024,27-Feb 10pm,8588.81,,,,
Madhya Pradesh - 2024,27-Feb 11pm,8538.32,,,,
Madhya Pradesh - 2024,28-Feb 12am,8320.24,,,,
Madhya Pradesh - 2024,28-Feb 1am,8037.63,,,,
Madhya Pradesh - 2024,28-Feb 2am,7917.05,,,,
Madhya Pradesh - 2024,28-Feb 3am,7976.24,,,,
Madhya Pradesh - 2024,28-Feb 4am,8046.4,,,,
Madhya Pradesh - 2024,28-Feb 5am,8382.83,,,,
Madhya Pradesh - 2024,28-Feb 6am,9901.47,,,,
Madhya Pradesh - 2024,28-Feb 7am,11930.58,,,,
Madhya Pradesh - 2024,28-Feb 8am,12493.4,,,,
Madhya Pradesh - 2024,28-Feb 9am,12486.8,,,,
Madhya Pradesh - 2024,28-Feb 10am,12194.88,,,,
Madhya Pradesh - 2024,28-Feb 11am,12052.78,,,,
Madhya Pradesh - 2024,28-Feb 12pm,11631.84,,,,
Madhya Pradesh - 2024,28-Feb 1pm,11513.13,,,,
Madhya Pradesh - 2024,28-Feb 2pm,11378.26,,,,
Madhya Pradesh - 2024,28-Feb 3pm,11408.61,,,,
Madhya Pradesh - 2024,28-Feb 4pm,11234.12,,,,
Madhya Pradesh - 2024,28-Feb 5pm,11040.6,,,,
Madhya Pradesh - 2024,28-Feb 6pm,11097.25,,,,
Madhya Pradesh - 2024,28-Feb 7pm,11412.12,,,,
Madhya Pradesh - 2024,28-Feb 8pm,10230.89,,,,
Madhya Pradesh - 2024,28-Feb 9pm,9366.96,,,,
Madhya Pradesh - 2024,28-Feb 10pm,9412.73,,,,
Madhya Pradesh - 2024,28-Feb 11pm,9334.48,,,,
Madhya Pradesh - 2024,29-Feb 12am,9088.87,,,,
Madhya Pradesh - 2024,29-Feb 1am,8895.27,,,,
Madhya Pradesh - 2024,29-Feb 2am,8628.49,,,,
Madhya Pradesh - 2024,29-Feb 3am,8642.63,,,,
Madhya Pradesh - 2024,29-Feb 4am,8676.44,,,,
Madhya Pradesh - 2024,29-Feb 5am,9022.93,,,,
Madhya Pradesh - 2024,29-Feb 6am,10480.15,,,,
Madhya Pradesh - 2024,29-Feb 7am,12618.45,,,,
Madhya Pradesh - 2024,29-Feb 8am,13169.03,,,,
Madhya Pradesh - 2024,29-Feb 9am,12985.31,,,,
Madhya Pradesh - 2024,29-Feb 10am,12630.79,,,,
Madhya Pradesh - 2024,29-Feb 11am,12618.82,,,,
Madhya Pradesh - 2024,29-Feb 12pm,12195.71,,,,
Madhya Pradesh - 2024,29-Feb 1pm,12179.86,,,,
Madhya Pradesh - 2024,29-Feb 2pm,11853.53,,,,
Madhya Pradesh - 2024,29-Feb 3pm,11826.95,,,,
Madhya Pradesh - 2024,29-Feb 4pm,11621.52,,,,
Madhya Pradesh - 2024,29-Feb 5pm,11480.22,,,,
Madhya Pradesh - 2024,29-Feb 6pm,11403.22,,,,
Madhya Pradesh - 2024,29-Feb 7pm,11737.41,,,,
Madhya Pradesh - 2024,29-Feb 8pm,10442.55,,,,
Madhya Pradesh - 2024,29-Feb 9pm,9524.74,,,,
Madhya Pradesh - 2024,29-Feb 10pm,9701.67,,,,
Madhya Pradesh - 2024,29-Feb 11pm,9700.01,,,,
Madhya Pradesh - 2024,01-Mar 12am,9370.96,,,,
Madhya Pradesh - 2024,01-Mar 1am,9154.1,,,,
Madhya Pradesh - 2024,01-Mar 2am,8900.36,,,,
Madhya Pradesh - 2024,01-Mar 3am,8915.68,,,,
Madhya Pradesh - 2024,01-Mar 4am,8961,,,,
Madhya Pradesh - 2024,01-Mar 5am,9345.62,,,,
Madhya Pradesh - 2024,01-Mar 6am,10834.59,,,,
Madhya Pradesh - 2024,01-Mar 7am,12783.01,,,,
Madhya Pradesh - 2024,01-Mar 8am,13253.4,,,,
Madhya Pradesh - 2024,01-Mar 9am,13090.71,,,,
Madhya Pradesh - 2024,01-Mar 10am,12756.79,,,,
Madhya Pradesh - 2024,01-Mar 11am,12603.22,,,,
Madhya Pradesh - 2024,01-Mar 12pm,11891.72,,,,
Madhya Pradesh - 2024,01-Mar 1pm,11414.57,,,,
Madhya Pradesh - 2024,01-Mar 2pm,10989.77,,,,
Madhya Pradesh - 2024,01-Mar 3pm,10919.89,,,,
Madhya Pradesh - 2024,01-Mar 4pm,10528.86,,,,
Madhya Pradesh - 2024,01-Mar 5pm,9981.53,,,,
Madhya Pradesh - 2024,01-Mar 6pm,9561.81,,,,
Madhya Pradesh - 2024,01-Mar 7pm,9807.49,,,,
Madhya Pradesh - 2024,01-Mar 8pm,8789.61,,,,
Madhya Pradesh - 2024,01-Mar 9pm,8110.28,,,,
Madhya Pradesh - 2024,01-Mar 10pm,8265.73,,,,
Madhya Pradesh - 2024,01-Mar 11pm,8447.75,,,,
Madhya Pradesh - 2024,02-Mar 12am,8073.18,,,,
Madhya Pradesh - 2024,02-Mar 1am,7761.45,,,,
Madhya Pradesh - 2024,02-Mar 2am,7557.1,,,,
Madhya Pradesh - 2024,02-Mar 3am,7411.89,,,,
Madhya Pradesh - 2024,02-Mar 4am,7359.03,,,,
Madhya Pradesh - 2024,02-Mar 5am,7408.14,,,,
Madhya Pradesh - 2024,02-Mar 6am,8100.44,,,,
Madhya Pradesh - 2024,02-Mar 7am,10052.1,,,,
Madhya Pradesh - 2024,02-Mar 8am,10504.85,,,,
Madhya Pradesh - 2024,02-Mar 9am,10715.97,,,,
Madhya Pradesh - 2024,02-Mar 10am,10385.08,,,,
Madhya Pradesh - 2024,02-Mar 11am,11205.04,,,,
Madhya Pradesh - 2024,02-Mar 12pm,9719.12,,,,
Madhya Pradesh - 2024,02-Mar 1pm,9636.73,,,,
Madhya Pradesh - 2024,02-Mar 2pm,9508.39,,,,
Madhya Pradesh - 2024,02-Mar 3pm,9609.49,,,,
Madhya Pradesh - 2024,02-Mar 4pm,9569.19,,,,
Madhya Pradesh - 2024,02-Mar 5pm,9512.82,,,,
Madhya Pradesh - 2024,02-Mar 6pm,9881.46,,,,
Madhya Pradesh - 2024,02-Mar 7pm,10118.45,,,,
Madhya Pradesh - 2024,02-Mar 8pm,9047.44,,,,
Madhya Pradesh - 2024,02-Mar 9pm,8130.97,,,,
Madhya Pradesh - 2024,02-Mar 10pm,7986.46,,,,
Madhya Pradesh - 2024,02-Mar 11pm,7853.87,,,,
Madhya Pradesh - 2024,03-Mar 12am,7627.85,,,,
Madhya Pradesh - 2024,03-Mar 1am,7497.72,,,,
Madhya Pradesh - 2024,03-Mar 2am,7289.53,,,,
Madhya Pradesh - 2024,03-Mar 3am,7286.82,,,,
Madhya Pradesh - 2024,03-Mar 4am,7289.87,,,,
Madhya Pradesh - 2024,03-Mar 5am,7463.47,,,,
Madhya Pradesh - 2024,03-Mar 6am,8607.51,,,,
Madhya Pradesh - 2024,03-Mar 7am,10292.79,,,,
Madhya Pradesh - 2024,03-Mar 8am,11113.72,,,,
Madhya Pradesh - 2024,03-Mar 9am,11211.04,,,,
Madhya Pradesh - 2024,03-Mar 10am,10748.69,,,,
Madhya Pradesh - 2024,03-Mar 11am,10213.11,,,,
Madhya Pradesh - 2024,03-Mar 12pm,9677.8,,,,
Madhya Pradesh - 2024,03-Mar 1pm,9400.39,,,,
Madhya Pradesh - 2024,03-Mar 2pm,9023.09,,,,
Madhya Pradesh - 2024,03-Mar 3pm,8945.68,,,,
Madhya Pradesh - 2024,03-Mar 4pm,9002.7,,,,
Madhya Pradesh - 2024,03-Mar 5pm,9121.51,,,,
Madhya Pradesh - 2024,03-Mar 6pm,9310.68,,,,
Madhya Pradesh - 2024,03-Mar 7pm,9851.7,,,,
Madhya Pradesh - 2024,03-Mar 8pm,8955.29,,,,
Madhya Pradesh - 2024,03-Mar 9pm,8111.68,,,,
Madhya Pradesh - 2024,03-Mar 10pm,8068.49,,,,
Madhya Pradesh - 2024,03-Mar 11pm,8021.85,,,,
Madhya Pradesh - 2024,04-Mar 12am,7696.03,,,,
Madhya Pradesh - 2024,04-Mar 1am,7508.61,,,,
Madhya Pradesh - 2024,04-Mar 2am,7317.31,,,,
Madhya Pradesh - 2024,04-Mar 3am,7406.69,,,,
Madhya Pradesh - 2024,04-Mar 4am,7491.6,,,,
Madhya Pradesh - 2024,04-Mar 5am,7858.59,,,,
Madhya Pradesh - 2024,04-Mar 6am,9334.64,,,,
Madhya Pradesh - 2024,04-Mar 7am,11081.15,,,,
Madhya Pradesh - 2024,04-Mar 8am,11755.46,,,,
Madhya Pradesh - 2024,04-Mar 9am,11645.27,,,,
Madhya Pradesh - 2024,04-Mar 10am,11311.27,,,,
Madhya Pradesh - 2024,04-Mar 11am,10987.66,,,,
Madhya Pradesh - 2024,04-Mar 12pm,10523.06,,,,
Madhya Pradesh - 2024,04-Mar 1pm,10342.16,,,,
Madhya Pradesh - 2024,04-Mar 2pm,10006.7,,,,
Madhya Pradesh - 2024,04-Mar 3pm,10006.05,,,,
Madhya Pradesh - 2024,04-Mar 4pm,10077.35,,,,
Madhya Pradesh - 2024,04-Mar 5pm,9833.93,,,,
Madhya Pradesh - 2024,04-Mar 6pm,9938.41,,,,
Madhya Pradesh - 2024,04-Mar 7pm,10520.83,,,,
Madhya Pradesh - 2024,04-Mar 8pm,9418.93,,,,
Madhya Pradesh - 2024,04-Mar 9pm,8474.14,,,,
Madhya Pradesh - 2024,04-Mar 10pm,8430.42,,,,
Madhya Pradesh - 2024,04-Mar 11pm,8352.34,,,,
Madhya Pradesh - 2024,05-Mar 12am,8053.71,,,,
Madhya Pradesh - 2024,05-Mar 1am,7843.58,,,,
Madhya Pradesh - 2024,05-Mar 2am,7612.55,,,,
Madhya Pradesh - 2024,05-Mar 3am,7608.84,,,,
Madhya Pradesh - 2024,05-Mar 4am,7668.62,,,,
Madhya Pradesh - 2024,05-Mar 5am,8062.77,,,,
Madhya Pradesh - 2024,05-Mar 6am,9745.67,,,,
Madhya Pradesh - 2024,05-Mar 7am,11852.49,,,,
Madhya Pradesh - 2024,05-Mar 8am,12409.88,,,,
Madhya Pradesh - 2024,05-Mar 9am,12249.95,,,,
Madhya Pradesh - 2024,05-Mar 10am,11735.09,,,,
Madhya Pradesh - 2024,05-Mar 11am,11415.06,,,,
Madhya Pradesh - 2024,05-Mar 12pm,10795.25,,,,
Madhya Pradesh - 2024,05-Mar 1pm,10661.4,,,,
Madhya Pradesh - 2024,05-Mar 2pm,10388.52,,,,
Madhya Pradesh - 2024,05-Mar 3pm,10394.86,,,,
Madhya Pradesh - 2024,05-Mar 4pm,10276.31,,,,
Madhya Pradesh - 2024,05-Mar 5pm,10126.54,,,,
Madhya Pradesh - 2024,05-Mar 6pm,10269.34,,,,
Madhya Pradesh - 2024,05-Mar 7pm,10784.61,,,,
Madhya Pradesh - 2024,05-Mar 8pm,9666.45,,,,
Madhya Pradesh - 2024,05-Mar 9pm,8794.27,,,,
Madhya Pradesh - 2024,05-Mar 10pm,8740.03,,,,
Madhya Pradesh - 2024,05-Mar 11pm,8750.94,,,,
Madhya Pradesh - 2024,06-Mar 12am,8432.45,,,,
Madhya Pradesh - 2024,06-Mar 1am,8197.73,,,,
Madhya Pradesh - 2024,06-Mar 2am,7958.52,,,,
Madhya Pradesh - 2024,06-Mar 3am,8022,,,,
Madhya Pradesh - 2024,06-Mar 4am,8102.29,,,,
Madhya Pradesh - 2024,06-Mar 5am,8500.58,,,,
Madhya Pradesh - 2024,06-Mar 6am,10253.69,,,,
Madhya Pradesh - 2024,06-Mar 7am,12300.68,,,,
Madhya Pradesh - 2024,06-Mar 8am,12635.89,,,,
Madhya Pradesh - 2024,06-Mar 9am,12481.17,,,,
Madhya Pradesh - 2024,06-Mar 10am,12067.36,,,,
Madhya Pradesh - 2024,06-Mar 11am,11865.96,,,,
Madhya Pradesh - 2024,06-Mar 12pm,11321.49,,,,
Madhya Pradesh - 2024,06-Mar 1pm,11078.65,,,,
Madhya Pradesh - 2024,06-Mar 2pm,10756.08,,,,
Madhya Pradesh - 2024,06-Mar 3pm,10697.81,,,,
Madhya Pradesh - 2024,06-Mar 4pm,10468.45,,,,
Madhya Pradesh - 2024,06-Mar 5pm,10255.07,,,,
Madhya Pradesh - 2024,06-Mar 6pm,10342.25,,,,
Madhya Pradesh - 2024,06-Mar 7pm,10758.95,,,,
Madhya Pradesh - 2024,06-Mar 8pm,9665.09,,,,
Madhya Pradesh - 2024,06-Mar 9pm,8796.09,,,,
Madhya Pradesh - 2024,06-Mar 10pm,8851.05,,,,
Madhya Pradesh - 2024,06-Mar 11pm,8817.18,,,,
Madhya Pradesh - 2024,07-Mar 12am,8471.87,,,,
Madhya Pradesh - 2024,07-Mar 1am,8343,,,,
Madhya Pradesh - 2024,07-Mar 2am,8128.07,,,,
Madhya Pradesh - 2024,07-Mar 3am,8164.31,,,,
Madhya Pradesh - 2024,07-Mar 4am,8295.88,,,,
Madhya Pradesh - 2024,07-Mar 5am,8501.57,,,,
Madhya Pradesh - 2024,07-Mar 6am,10225.34,,,,
Madhya Pradesh - 2024,07-Mar 7am,12413.81,,,,
Madhya Pradesh - 2024,07-Mar 8am,12634.68,,,,
Madhya Pradesh - 2024,07-Mar 9am,12337.59,,,,
Madhya Pradesh - 2024,07-Mar 10am,11921.56,,,,
Madhya Pradesh - 2024,07-Mar 11am,11867.34,,,,
Madhya Pradesh - 2024,07-Mar 12pm,11385.8,,,,
Madhya Pradesh - 2024,07-Mar 1pm,11082.88,,,,
Madhya Pradesh - 2024,07-Mar 2pm,10754.36,,,,
Madhya Pradesh - 2024,07-Mar 3pm,10759.14,,,,
Madhya Pradesh - 2024,07-Mar 4pm,10542.61,,,,
Madhya Pradesh - 2024,07-Mar 5pm,10345.93,,,,
Madhya Pradesh - 2024,07-Mar 6pm,10506.55,,,,
Madhya Pradesh - 2024,07-Mar 7pm,11097.42,,,,
Madhya Pradesh - 2024,07-Mar 8pm,9983.28,,,,
Madhya Pradesh - 2024,07-Mar 9pm,9082.92,,,,
Madhya Pradesh - 2024,07-Mar 10pm,9094.76,,,,
Madhya Pradesh - 2024,07-Mar 11pm,9111.41,,,,
Madhya Pradesh - 2024,08-Mar 12am,8788.52,,,,
Madhya Pradesh - 2024,08-Mar 1am,8646.66,,,,
Madhya Pradesh - 2024,08-Mar 2am,8342.1,,,,
Madhya Pradesh - 2024,08-Mar 3am,8465.77,,,,
Madhya Pradesh - 2024,08-Mar 4am,8622.19,,,,
Madhya Pradesh - 2024,08-Mar 5am,9021.98,,,,
Madhya Pradesh - 2024,08-Mar 6am,10627.33,,,,
Madhya Pradesh - 2024,08-Mar 7am,12703.66,,,,
Madhya Pradesh - 2024,08-Mar 8am,13234.77,,,,
Madhya Pradesh - 2024,08-Mar 9am,13250.79,,,,
Madhya Pradesh - 2024,08-Mar 10am,12784.33,,,,
Madhya Pradesh - 2024,08-Mar 11am,12464.55,,,,
Madhya Pradesh - 2024,08-Mar 12pm,11854.97,,,,
Madhya Pradesh - 2024,08-Mar 1pm,11410.53,,,,
Madhya Pradesh - 2024,08-Mar 2pm,10943.75,,,,
Madhya Pradesh - 2024,08-Mar 3pm,10893.63,,,,
Madhya Pradesh - 2024,08-Mar 4pm,10649.35,,,,
Madhya Pradesh - 2024,08-Mar 5pm,10296.31,,,,
Madhya Pradesh - 2024,08-Mar 6pm,10379,,,,
Madhya Pradesh - 2024,08-Mar 7pm,10739.73,,,,
Madhya Pradesh - 2024,08-Mar 8pm,9605.21,,,,
Madhya Pradesh - 2024,08-Mar 9pm,8894.93,,,,
Madhya Pradesh - 2024,08-Mar 10pm,9190.02,,,,
Madhya Pradesh - 2024,08-Mar 11pm,9204.2,,,,
Madhya Pradesh - 2024,09-Mar 12am,8887.55,,,,
Madhya Pradesh - 2024,09-Mar 1am,8764.43,,,,
Madhya Pradesh - 2024,09-Mar 2am,8470.95,,,,
Madhya Pradesh - 2024,09-Mar 3am,8474.41,,,,
Madhya Pradesh - 2024,09-Mar 4am,8534.92,,,,
Madhya Pradesh - 2024,09-Mar 5am,8837.77,,,,
Madhya Pradesh - 2024,09-Mar 6am,10517.95,,,,
Madhya Pradesh - 2024,09-Mar 7am,12633.35,,,,
Madhya Pradesh - 2024,09-Mar 8am,12825.52,,,,
Madhya Pradesh - 2024,09-Mar 9am,12639.7,,,,
Madhya Pradesh - 2024,09-Mar 10am,12181.92,,,,
Madhya Pradesh - 2024,09-Mar 11am,11944.07,,,,
Madhya Pradesh - 2024,09-Mar 12pm,11382.3,,,,
Madhya Pradesh - 2024,09-Mar 1pm,11186.75,,,,
Madhya Pradesh - 2024,09-Mar 2pm,10967.31,,,,
Madhya Pradesh - 2024,09-Mar 3pm,11083.95,,,,
Madhya Pradesh - 2024,09-Mar 4pm,10984.58,,,,
Madhya Pradesh - 2024,09-Mar 5pm,10746.57,,,,
Madhya Pradesh - 2024,09-Mar 6pm,10788.96,,,,
Madhya Pradesh - 2024,09-Mar 7pm,11266.99,,,,
Madhya Pradesh - 2024,09-Mar 8pm,10025.38,,,,
Madhya Pradesh - 2024,09-Mar 9pm,9205.85,,,,
Madhya Pradesh - 2024,09-Mar 10pm,9471.56,,,,
Madhya Pradesh - 2024,09-Mar 11pm,9588.72,,,,
Madhya Pradesh - 2024,10-Mar 12am,9293.14,,,,
Madhya Pradesh - 2024,10-Mar 1am,9037.87,,,,
Madhya Pradesh - 2024,10-Mar 2am,8722.13,,,,
Madhya Pradesh - 2024,10-Mar 3am,8736.62,,,,
Madhya Pradesh - 2024,10-Mar 4am,8797.62,,,,
Madhya Pradesh - 2024,10-Mar 5am,9091.41,,,,
Madhya Pradesh - 2024,10-Mar 6am,10527.56,,,,
Madhya Pradesh - 2024,10-Mar 7am,12404.9,,,,
Madhya Pradesh - 2024,10-Mar 8am,12796.07,,,,
Madhya Pradesh - 2024,10-Mar 9am,12658.88,,,,
Madhya Pradesh - 2024,10-Mar 10am,12102.41,,,,
Madhya Pradesh - 2024,10-Mar 11am,11838.52,,,,
Madhya Pradesh - 2024,10-Mar 12pm,11283.62,,,,
Madhya Pradesh - 2024,10-Mar 1pm,10978.28,,,,
Madhya Pradesh - 2024,10-Mar 2pm,10686.52,,,,
Madhya Pradesh - 2024,10-Mar 3pm,10679.83,,,,
Madhya Pradesh - 2024,10-Mar 4pm,10614.52,,,,
Madhya Pradesh - 2024,10-Mar 5pm,10383.24,,,,
Madhya Pradesh - 2024,10-Mar 6pm,10484.34,,,,
Madhya Pradesh - 2024,10-Mar 7pm,11022.68,,,,
Madhya Pradesh - 2024,10-Mar 8pm,9997.73,,,,
Madhya Pradesh - 2024,10-Mar 9pm,9242.48,,,,
Madhya Pradesh - 2024,10-Mar 10pm,9525.65,,,,
Madhya Pradesh - 2024,10-Mar 11pm,9659.43,,,,
Madhya Pradesh - 2024,11-Mar 12am,9457.43,,,,
Madhya Pradesh - 2024,11-Mar 1am,9201.68,,,,
Madhya Pradesh - 2024,11-Mar 2am,8954.82,,,,
Madhya Pradesh - 2024,11-Mar 3am,8947.53,,,,
Madhya Pradesh - 2024,11-Mar 4am,8988.41,,,,
Madhya Pradesh - 2024,11-Mar 5am,9368.31,,,,
Madhya Pradesh - 2024,11-Mar 6am,11011.68,,,,
Madhya Pradesh - 2024,11-Mar 7am,12919.6,,,,
Madhya Pradesh - 2024,11-Mar 8am,13064.34,,,,
Madhya Pradesh - 2024,11-Mar 9am,12748.13,,,,
Madhya Pradesh - 2024,11-Mar 10am,12318.57,,,,
Madhya Pradesh - 2024,11-Mar 11am,12290.05,,,,
Madhya Pradesh - 2024,11-Mar 12pm,11869.31,,,,
Madhya Pradesh - 2024,11-Mar 1pm,11576.37,,,,
Madhya Pradesh - 2024,11-Mar 2pm,11267.2,,,,
Madhya Pradesh - 2024,11-Mar 3pm,11269.08,,,,
Madhya Pradesh - 2024,11-Mar 4pm,11169.93,,,,
Madhya Pradesh - 2024,11-Mar 5pm,10935.88,,,,
Madhya Pradesh - 2024,11-Mar 6pm,10970.47,,,,
Madhya Pradesh - 2024,11-Mar 7pm,11435.49,,,,
Madhya Pradesh - 2024,11-Mar 8pm,10303.74,,,,
Madhya Pradesh - 2024,11-Mar 9pm,9540.63,,,,
Madhya Pradesh - 2024,11-Mar 10pm,9876.47,,,,
Madhya Pradesh - 2024,11-Mar 11pm,10068.77,,,,
Madhya Pradesh - 2024,12-Mar 12am,9820.72,,,,
Madhya Pradesh - 2024,12-Mar 1am,9619.17,,,,
Madhya Pradesh - 2024,12-Mar 2am,9274.47,,,,
Madhya Pradesh - 2024,12-Mar 3am,9388.38,,,,
Madhya Pradesh - 2024,12-Mar 4am,9595.07,,,,
Madhya Pradesh - 2024,12-Mar 5am,9773.99,,,,
Madhya Pradesh - 2024,12-Mar 6am,11157.14,,,,
Madhya Pradesh - 2024,12-Mar 7am,12777.7,,,,
Madhya Pradesh - 2024,12-Mar 8am,12802.54,,,,
Madhya Pradesh - 2024,12-Mar 9am,12612.68,,,,
Madhya Pradesh - 2024,12-Mar 10am,12254.75,,,,
Madhya Pradesh - 2024,12-Mar 11am,12253.46,,,,
Madhya Pradesh - 2024,12-Mar 12pm,11868.7,,,,
Madhya Pradesh - 2024,12-Mar 1pm,11552.91,,,,
Madhya Pradesh - 2024,12-Mar 2pm,11182.68,,,,
Madhya Pradesh - 2024,12-Mar 3pm,11280.15,,,,
Madhya Pradesh - 2024,12-Mar 4pm,11343.51,,,,
Madhya Pradesh - 2024,12-Mar 5pm,11197.44,,,,
Madhya Pradesh - 2024,12-Mar 6pm,11252.75,,,,
Madhya Pradesh - 2024,12-Mar 7pm,11700.12,,,,
Madhya Pradesh - 2024,12-Mar 8pm,10595.9,,,,
Madhya Pradesh - 2024,12-Mar 9pm,9867.93,,,,
Madhya Pradesh - 2024,12-Mar 10pm,10285.69,,,,
Madhya Pradesh - 2024,12-Mar 11pm,10403.29,,,,
Madhya Pradesh - 2024,13-Mar 12am,10167.28,,,,
Madhya Pradesh - 2024,13-Mar 1am,9925.42,,,,
Madhya Pradesh - 2024,13-Mar 2am,9510.07,,,,
Madhya Pradesh - 2024,13-Mar 3am,9613.3,,,,
Madhya Pradesh - 2024,13-Mar 4am,9854.37,,,,
Madhya Pradesh - 2024,13-Mar 5am,10003.09,,,,
Madhya Pradesh - 2024,13-Mar 6am,11319.17,,,,
Madhya Pradesh - 2024,13-Mar 7am,12953.94,,,,
Madhya Pradesh - 2024,13-Mar 8am,13051.48,,,,
Madhya Pradesh - 2024,13-Mar 9am,12818.02,,,,
Madhya Pradesh - 2024,13-Mar 10am,12419.06,,,,
Madhya Pradesh - 2024,13-Mar 11am,12318.46,,,,
Madhya Pradesh - 2024,13-Mar 12pm,11837.79,,,,
Madhya Pradesh - 2024,13-Mar 1pm,11452.97,,,,
Madhya Pradesh - 2024,13-Mar 2pm,11096.03,,,,
Madhya Pradesh - 2024,13-Mar 3pm,11232.06,,,,
Madhya Pradesh - 2024,13-Mar 4pm,11184.73,,,,
Madhya Pradesh - 2024,13-Mar 5pm,11013.07,,,,
Madhya Pradesh - 2024,13-Mar 6pm,11110.77,,,,
Madhya Pradesh - 2024,13-Mar 7pm,11663.56,,,,
Madhya Pradesh - 2024,13-Mar 8pm,10623.5,,,,
Madhya Pradesh - 2024,13-Mar 9pm,9980.93,,,,
Madhya Pradesh - 2024,13-Mar 10pm,10345.03,,,,
Madhya Pradesh - 2024,13-Mar 11pm,10491.39,,,,
Madhya Pradesh - 2024,14-Mar 12am,10230.13,,,,
Madhya Pradesh - 2024,14-Mar 1am,10039.62,,,,
Madhya Pradesh - 2024,14-Mar 2am,9721.38,,,,
Madhya Pradesh - 2024,14-Mar 3am,9826.44,,,,
Madhya Pradesh - 2024,14-Mar 4am,9985.94,,,,
Madhya Pradesh - 2024,14-Mar 5am,10099.96,,,,
Madhya Pradesh - 2024,14-Mar 6am,11507.17,,,,
Madhya Pradesh - 2024,14-Mar 7am,13102.89,,,,
Madhya Pradesh - 2024,14-Mar 8am,13062.28,,,,
Madhya Pradesh - 2024,14-Mar 9am,12706.65,,,,
Madhya Pradesh - 2024,14-Mar 10am,12345.11,,,,
Madhya Pradesh - 2024,14-Mar 11am,12301.2,,,,
Madhya Pradesh - 2024,14-Mar 12pm,11644.31,,,,
Madhya Pradesh - 2024,14-Mar 1pm,11355.19,,,,
Madhya Pradesh - 2024,14-Mar 2pm,11163.62,,,,
Madhya Pradesh - 2024,14-Mar 3pm,11285.7,,,,
Madhya Pradesh - 2024,14-Mar 4pm,11354.91,,,,
Madhya Pradesh - 2024,14-Mar 5pm,11148.03,,,,
Madhya Pradesh - 2024,14-Mar 6pm,11260.42,,,,
Madhya Pradesh - 2024,14-Mar 7pm,11865.2,,,,
Madhya Pradesh - 2024,14-Mar 8pm,10806.4,,,,
Madhya Pradesh - 2024,14-Mar 9pm,10097.58,,,,
Madhya Pradesh - 2024,14-Mar 10pm,10592.89,,,,
Madhya Pradesh - 2024,14-Mar 11pm,10719.51,,,,
Madhya Pradesh - 2024,15-Mar 12am,10464.38,,,,
Madhya Pradesh - 2024,15-Mar 1am,10207.21,,,,
Madhya Pradesh - 2024,15-Mar 2am,9870.94,,,,
Madhya Pradesh - 2024,15-Mar 3am,9886.14,,,,
Madhya Pradesh - 2024,15-Mar 4am,10004.48,,,,
Madhya Pradesh - 2024,15-Mar 5am,10128.92,,,,
Madhya Pradesh - 2024,15-Mar 6am,11429.9,,,,
Madhya Pradesh - 2024,15-Mar 7am,13004.46,,,,
Madhya Pradesh - 2024,15-Mar 8am,13161.85,,,,
Madhya Pradesh - 2024,15-Mar 9am,12744.46,,,,
Madhya Pradesh - 2024,15-Mar 10am,12308.94,,,,
Madhya Pradesh - 2024,15-Mar 11am,12211.12,,,,
Madhya Pradesh - 2024,15-Mar 12pm,11707.89,,,,
Madhya Pradesh - 2024,15-Mar 1pm,11426.46,,,,
Madhya Pradesh - 2024,15-Mar 2pm,11158.12,,,,
Madhya Pradesh - 2024,15-Mar 3pm,11379.34,,,,
Madhya Pradesh - 2024,15-Mar 4pm,11202.31,,,,
Madhya Pradesh - 2024,15-Mar 5pm,10980.14,,,,
Madhya Pradesh - 2024,15-Mar 6pm,11237.65,,,,
Madhya Pradesh - 2024,15-Mar 7pm,11752.5,,,,
Madhya Pradesh - 2024,15-Mar 8pm,10689.44,,,,
Madhya Pradesh - 2024,15-Mar 9pm,9976.49,,,,
Madhya Pradesh - 2024,15-Mar 10pm,10304.21,,,,
Madhya Pradesh - 2024,15-Mar 11pm,10523.04,,,,
Madhya Pradesh - 2024,16-Mar 12am,10210.33,,,,
Madhya Pradesh - 2024,16-Mar 1am,10036.42,,,,
Madhya Pradesh - 2024,16-Mar 2am,9755.95,,,,
Madhya Pradesh - 2024,16-Mar 3am,9747.74,,,,
Madhya Pradesh - 2024,16-Mar 4am,9917.7,,,,
Madhya Pradesh - 2024,16-Mar 5am,10071.18,,,,
Madhya Pradesh - 2024,16-Mar 6am,11378.93,,,,
Madhya Pradesh - 2024,16-Mar 7am,12907.96,,,,
Madhya Pradesh - 2024,16-Mar 8am,12951.9,,,,
Madhya Pradesh - 2024,16-Mar 9am,12576.12,,,,
Madhya Pradesh - 2024,16-Mar 10am,11860.25,,,,
Madhya Pradesh - 2024,16-Mar 11am,11775.7,,,,
Madhya Pradesh - 2024,16-Mar 12pm,11373.58,,,,
Madhya Pradesh - 2024,16-Mar 1pm,11304.8,,,,
Madhya Pradesh - 2024,16-Mar 2pm,11178.33,,,,
Madhya Pradesh - 2024,16-Mar 3pm,11354.88,,,,
Madhya Pradesh - 2024,16-Mar 4pm,11221.07,,,,
Madhya Pradesh - 2024,16-Mar 5pm,10901.82,,,,
Madhya Pradesh - 2024,16-Mar 6pm,10954.6,,,,
Madhya Pradesh - 2024,16-Mar 7pm,11407.7,,,,
Madhya Pradesh - 2024,16-Mar 8pm,10357.62,,,,
Madhya Pradesh - 2024,16-Mar 9pm,9728.25,,,,
Madhya Pradesh - 2024,16-Mar 10pm,10130.36,,,,
Madhya Pradesh - 2024,16-Mar 11pm,10308.81,,,,
Madhya Pradesh - 2024,17-Mar 12am,10099.87,,,,
Madhya Pradesh - 2024,17-Mar 1am,9856.25,,,,
Madhya Pradesh - 2024,17-Mar 2am,9521.2,,,,
Madhya Pradesh - 2024,17-Mar 3am,9588.06,,,,
Madhya Pradesh - 2024,17-Mar 4am,9780.04,,,,
Madhya Pradesh - 2024,17-Mar 5am,9870.03,,,,
Madhya Pradesh - 2024,17-Mar 6am,10981.94,,,,
Madhya Pradesh - 2024,17-Mar 7am,12421.32,,,,
Madhya Pradesh - 2024,17-Mar 8am,12483.59,,,,
Madhya Pradesh - 2024,17-Mar 9am,12087.11,,,,
Madhya Pradesh - 2024,17-Mar 10am,11261.16,,,,
Madhya Pradesh - 2024,17-Mar 11am,10919.93,,,,
Madhya Pradesh - 2024,17-Mar 12pm,10608.18,,,,
Madhya Pradesh - 2024,17-Mar 1pm,10544.52,,,,
Madhya Pradesh - 2024,17-Mar 2pm,10413.7,,,,
Madhya Pradesh - 2024,17-Mar 3pm,10604.11,,,,
Madhya Pradesh - 2024,17-Mar 4pm,10636.56,,,,
Madhya Pradesh - 2024,17-Mar 5pm,10471.01,,,,
Madhya Pradesh - 2024,17-Mar 6pm,10509.34,,,,
Madhya Pradesh - 2024,17-Mar 7pm,10754.57,,,,
Madhya Pradesh - 2024,17-Mar 8pm,9895.47,,,,
Madhya Pradesh - 2024,17-Mar 9pm,9403.56,,,,
Madhya Pradesh - 2024,17-Mar 10pm,9872.42,,,,
Madhya Pradesh - 2024,17-Mar 11pm,9969.83,,,,
Madhya Pradesh - 2024,18-Mar 12am,9644.4,,,,
Madhya Pradesh - 2024,18-Mar 1am,9472.63,,,,
Madhya Pradesh - 2024,18-Mar 2am,9202.5,,,,
Madhya Pradesh - 2024,18-Mar 3am,9348.73,,,,
Madhya Pradesh - 2024,18-Mar 4am,9643.33,,,,
Madhya Pradesh - 2024,18-Mar 5am,9800.59,,,,
Madhya Pradesh - 2024,18-Mar 6am,11048.43,,,,
Madhya Pradesh - 2024,18-Mar 7am,12565.11,,,,
Madhya Pradesh - 2024,18-Mar 8am,12754.45,,,,
Madhya Pradesh - 2024,18-Mar 9am,12387.37,,,,
Madhya Pradesh - 2024,18-Mar 10am,11774.18,,,,
Madhya Pradesh - 2024,18-Mar 11am,11595.74,,,,
Madhya Pradesh - 2024,18-Mar 12pm,11259.86,,,,
Madhya Pradesh - 2024,18-Mar 1pm,11059.1,,,,
Madhya Pradesh - 2024,18-Mar 2pm,10863.89,,,,
Madhya Pradesh - 2024,18-Mar 3pm,10741.93,,,,
Madhya Pradesh - 2024,18-Mar 4pm,10598.44,,,,
Madhya Pradesh - 2024,18-Mar 5pm,10466.97,,,,
Madhya Pradesh - 2024,18-Mar 6pm,10548.92,,,,
Madhya Pradesh - 2024,18-Mar 7pm,11140.12,,,,
Madhya Pradesh - 2024,18-Mar 8pm,10224.2,,,,
Madhya Pradesh - 2024,18-Mar 9pm,9623.74,,,,
Madhya Pradesh - 2024,18-Mar 10pm,10052.91,,,,
Madhya Pradesh - 2024,18-Mar 11pm,10160.06,,,,
Madhya Pradesh - 2024,19-Mar 12am,9902.45,,,,
Madhya Pradesh - 2024,19-Mar 1am,9722.77,,,,
Madhya Pradesh - 2024,19-Mar 2am,9476.54,,,,
Madhya Pradesh - 2024,19-Mar 3am,9521.14,,,,
Madhya Pradesh - 2024,19-Mar 4am,9638.18,,,,
Madhya Pradesh - 2024,19-Mar 5am,9823.05,,,,
Madhya Pradesh - 2024,19-Mar 6am,11046.98,,,,
Madhya Pradesh - 2024,19-Mar 7am,12498.51,,,,
Madhya Pradesh - 2024,19-Mar 8am,12463.1,,,,
Madhya Pradesh - 2024,19-Mar 9am,12162.61,,,,
Madhya Pradesh - 2024,19-Mar 10am,11610.5,,,,
Madhya Pradesh - 2024,19-Mar 11am,11488.81,,,,
Madhya Pradesh - 2024,19-Mar 12pm,10952.1,,,,
Madhya Pradesh - 2024,19-Mar 1pm,10659.94,,,,
Madhya Pradesh - 2024,19-Mar 2pm,10338.08,,,,
Madhya Pradesh - 2024,19-Mar 3pm,10444.55,,,,
Madhya Pradesh - 2024,19-Mar 4pm,10386.8,,,,
Madhya Pradesh - 2024,19-Mar 5pm,10397.84,,,,
Madhya Pradesh - 2024,19-Mar 6pm,10668.96,,,,
Madhya Pradesh - 2024,19-Mar 7pm,11270.69,,,,
Madhya Pradesh - 2024,19-Mar 8pm,10325.83,,,,
Madhya Pradesh - 2024,19-Mar 9pm,9798.04,,,,
Madhya Pradesh - 2024,19-Mar 10pm,10158.51,,,,
Madhya Pradesh - 2024,19-Mar 11pm,10167.05,,,,
Madhya Pradesh - 2024,20-Mar 12am,9926.14,,,,
Madhya Pradesh - 2024,20-Mar 1am,9815.44,,,,
Madhya Pradesh - 2024,20-Mar 2am,9492.84,,,,
Madhya Pradesh - 2024,20-Mar 3am,9523.9,,,,
Madhya Pradesh - 2024,20-Mar 4am,9643.5,,,,
Madhya Pradesh - 2024,20-Mar 5am,9801.83,,,,
Madhya Pradesh - 2024,20-Mar 6am,11094.88,,,,
Madhya Pradesh - 2024,20-Mar 7am,12546.4,,,,
Madhya Pradesh - 2024,20-Mar 8am,12474.45,,,,
Madhya Pradesh - 2024,20-Mar 9am,12197.48,,,,
Madhya Pradesh - 2024,20-Mar 10am,11780.82,,,,
Madhya Pradesh - 2024,20-Mar 11am,11561.56,,,,
Madhya Pradesh - 2024,20-Mar 12pm,11028.99,,,,
Madhya Pradesh - 2024,20-Mar 1pm,10485,,,,
Madhya Pradesh - 2024,20-Mar 2pm,10301.32,,,,
Madhya Pradesh - 2024,20-Mar 3pm,10389.89,,,,
Madhya Pradesh - 2024,20-Mar 4pm,10424.77,,,,
Madhya Pradesh - 2024,20-Mar 5pm,10373.57,,,,
Madhya Pradesh - 2024,20-Mar 6pm,10606.93,,,,
Madhya Pradesh - 2024,20-Mar 7pm,11283.42,,,,
Madhya Pradesh - 2024,20-Mar 8pm,10332.81,,,,
Madhya Pradesh - 2024,20-Mar 9pm,9692.48,,,,
Madhya Pradesh - 2024,20-Mar 10pm,10027.59,,,,
Madhya Pradesh - 2024,20-Mar 11pm,10133,,,,
Madhya Pradesh - 2024,21-Mar 12am,9916.89,,,,
Madhya Pradesh - 2024,21-Mar 1am,9750.6,,,,
Madhya Pradesh - 2024,21-Mar 2am,9530.51,,,,
Madhya Pradesh - 2024,21-Mar 3am,9481.84,,,,
Madhya Pradesh - 2024,21-Mar 4am,9458.16,,,,
Madhya Pradesh - 2024,21-Mar 5am,9576.38,,,,
Madhya Pradesh - 2024,21-Mar 6am,11000.23,,,,
Madhya Pradesh - 2024,21-Mar 7am,12472.25,,,,
Madhya Pradesh - 2024,21-Mar 8am,12446.72,,,,
Madhya Pradesh - 2024,21-Mar 9am,12026.77,,,,
Madhya Pradesh - 2024,21-Mar 10am,11587.37,,,,
Madhya Pradesh - 2024,21-Mar 11am,11413.2,,,,
Madhya Pradesh - 2024,21-Mar 12pm,10913.17,,,,
Madhya Pradesh - 2024,21-Mar 1pm,10804.89,,,,
Madhya Pradesh - 2024,21-Mar 2pm,10569.7,,,,
Madhya Pradesh - 2024,21-Mar 3pm,10611.3,,,,
Madhya Pradesh - 2024,21-Mar 4pm,10567.52,,,,
Madhya Pradesh - 2024,21-Mar 5pm,10469.06,,,,
Madhya Pradesh - 2024,21-Mar 6pm,10640.35,,,,
Madhya Pradesh - 2024,21-Mar 7pm,11218.99,,,,
Madhya Pradesh - 2024,21-Mar 8pm,10339.77,,,,
Madhya Pradesh - 2024,21-Mar 9pm,9741.28,,,,
Madhya Pradesh - 2024,21-Mar 10pm,10125.24,,,,
Madhya Pradesh - 2024,21-Mar 11pm,10183.53,,,,
Madhya Pradesh - 2024,22-Mar 12am,9945.56,,,,
Madhya Pradesh - 2024,22-Mar 1am,9792.02,,,,
Madhya Pradesh - 2024,22-Mar 2am,9612.35,,,,
Madhya Pradesh - 2024,22-Mar 3am,9659.03,,,,
Madhya Pradesh - 2024,22-Mar 4am,9729.39,,,,
Madhya Pradesh - 2024,22-Mar 5am,9813.02,,,,
Madhya Pradesh - 2024,22-Mar 6am,11128.59,,,,
Madhya Pradesh - 2024,22-Mar 7am,12465.09,,,,
Madhya Pradesh - 2024,22-Mar 8am,12399.25,,,,
Madhya Pradesh - 2024,22-Mar 9am,12126.25,,,,
Madhya Pradesh - 2024,22-Mar 10am,11713.93,,,,
Madhya Pradesh - 2024,22-Mar 11am,11705.67,,,,
Madhya Pradesh - 2024,22-Mar 12pm,11184.82,,,,
Madhya Pradesh - 2024,22-Mar 1pm,10890.91,,,,
Madhya Pradesh - 2024,22-Mar 2pm,10585.28,,,,
Madhya Pradesh - 2024,22-Mar 3pm,10658.69,,,,
Madhya Pradesh - 2024,22-Mar 4pm,10653.89,,,,
Madhya Pradesh - 2024,22-Mar 5pm,10464.72,,,,
Madhya Pradesh - 2024,22-Mar 6pm,10684.46,,,,
Madhya Pradesh - 2024,22-Mar 7pm,11334.99,,,,
Madhya Pradesh - 2024,22-Mar 8pm,10566.06,,,,
Madhya Pradesh - 2024,22-Mar 9pm,9969.97,,,,
Madhya Pradesh - 2024,22-Mar 10pm,10326.71,,,,
Madhya Pradesh - 2024,22-Mar 11pm,10359.76,,,,
Madhya Pradesh - 2024,23-Mar 12am,10153.98,,,,
Madhya Pradesh - 2024,23-Mar 1am,10047.92,,,,
Madhya Pradesh - 2024,23-Mar 2am,9756.66,,,,
Madhya Pradesh - 2024,23-Mar 3am,9768.18,,,,
Madhya Pradesh - 2024,23-Mar 4am,9886.65,,,,
Madhya Pradesh - 2024,23-Mar 5am,10047.41,,,,
Madhya Pradesh - 2024,23-Mar 6am,11249.34,,,,
Madhya Pradesh - 2024,23-Mar 7am,12542.48,,,,
Madhya Pradesh - 2024,23-Mar 8am,12312.95,,,,
Madhya Pradesh - 2024,23-Mar 9am,12013.21,,,,
Madhya Pradesh - 2024,23-Mar 10am,11622.63,,,,
Madhya Pradesh - 2024,23-Mar 11am,11626.8,,,,
Madhya Pradesh - 2024,23-Mar 12pm,11131.9,,,,
Madhya Pradesh - 2024,23-Mar 1pm,10648.93,,,,
Madhya Pradesh - 2024,23-Mar 2pm,10428.18,,,,
Madhya Pradesh - 2024,23-Mar 3pm,10562.31,,,,
Madhya Pradesh - 2024,23-Mar 4pm,10574.72,,,,
Madhya Pradesh - 2024,23-Mar 5pm,10449.88,,,,
Madhya Pradesh - 2024,23-Mar 6pm,10737.7,,,,
Madhya Pradesh - 2024,23-Mar 7pm,11349.1,,,,
Madhya Pradesh - 2024,23-Mar 8pm,11093.97,,,,
Madhya Pradesh - 2024,23-Mar 9pm,9967.67,,,,
Madhya Pradesh - 2024,23-Mar 10pm,10468.01,,,,
Madhya Pradesh - 2024,23-Mar 11pm,10706.78,,,,
Madhya Pradesh - 2024,24-Mar 12am,10349.07,,,,
Madhya Pradesh - 2024,24-Mar 1am,10156.94,,,,
Madhya Pradesh - 2024,24-Mar 2am,9932.65,,,,
Madhya Pradesh - 2024,24-Mar 3am,9980.89,,,,
Madhya Pradesh - 2024,24-Mar 4am,10099.8,,,,
Madhya Pradesh - 2024,24-Mar 5am,10208.59,,,,
Madhya Pradesh - 2024,24-Mar 6am,11246.27,,,,
Madhya Pradesh - 2024,24-Mar 7am,12271.17,,,,
Madhya Pradesh - 2024,24-Mar 8am,12088.65,,,,
Madhya Pradesh - 2024,24-Mar 9am,11789.5,,,,
Madhya Pradesh - 2024,24-Mar 10am,11477.34,,,,
Madhya Pradesh - 2024,24-Mar 11am,11562.97,,,,
Madhya Pradesh - 2024,24-Mar 12pm,11183.47,,,,
Madhya Pradesh - 2024,24-Mar 1pm,10877.88,,,,
Madhya Pradesh - 2024,24-Mar 2pm,10672.36,,,,
Madhya Pradesh - 2024,24-Mar 3pm,10773.08,,,,
Madhya Pradesh - 2024,24-Mar 4pm,10476.03,,,,
Madhya Pradesh - 2024,24-Mar 5pm,10175.65,,,,
Madhya Pradesh - 2024,24-Mar 6pm,10290.7,,,,
Madhya Pradesh - 2024,24-Mar 7pm,10769.28,,,,
Madhya Pradesh - 2024,24-Mar 8pm,10187.2,,,,
Madhya Pradesh - 2024,24-Mar 9pm,9781.38,,,,
Madhya Pradesh - 2024,24-Mar 10pm,10228.03,,,,
Madhya Pradesh - 2024,24-Mar 11pm,10523.9,,,,
Madhya Pradesh - 2024,25-Mar 12am,10338.03,,,,
Madhya Pradesh - 2024,25-Mar 1am,10128.93,,,,
Madhya Pradesh - 2024,25-Mar 2am,9790.67,,,,
Madhya Pradesh - 2024,25-Mar 3am,9754.96,,,,
Madhya Pradesh - 2024,25-Mar 4am,9824.03,,,,
Madhya Pradesh - 2024,25-Mar 5am,9926.52,,,,
Madhya Pradesh - 2024,25-Mar 6am,10698.56,,,,
Madhya Pradesh - 2024,25-Mar 7am,11508.42,,,,
Madhya Pradesh - 2024,25-Mar 8am,11275.57,,,,
Madhya Pradesh - 2024,25-Mar 9am,10766.85,,,,
Madhya Pradesh - 2024,25-Mar 10am,10369.86,,,,
Madhya Pradesh - 2024,25-Mar 11am,10421.48,,,,
Madhya Pradesh - 2024,25-Mar 12pm,10176.92,,,,
Madhya Pradesh - 2024,25-Mar 1pm,10015.57,,,,
Madhya Pradesh - 2024,25-Mar 2pm,9869.88,,,,
Madhya Pradesh - 2024,25-Mar 3pm,9885.06,,,,
Madhya Pradesh - 2024,25-Mar 4pm,9711.18,,,,
Madhya Pradesh - 2024,25-Mar 5pm,9506.07,,,,
Madhya Pradesh - 2024,25-Mar 6pm,9473.27,,,,
Madhya Pradesh - 2024,25-Mar 7pm,9948.47,,,,
Madhya Pradesh - 2024,25-Mar 8pm,9301.19,,,,
Madhya Pradesh - 2024,25-Mar 9pm,8969.07,,,,
Madhya Pradesh - 2024,25-Mar 10pm,9604.74,,,,
Madhya Pradesh - 2024,25-Mar 11pm,9778.49,,,,
Madhya Pradesh - 2024,26-Mar 12am,9596.02,,,,
Madhya Pradesh - 2024,26-Mar 1am,9464.37,,,,
Madhya Pradesh - 2024,26-Mar 2am,9184.67,,,,
Madhya Pradesh - 2024,26-Mar 3am,9165.6,,,,
Madhya Pradesh - 2024,26-Mar 4am,9271.21,,,,
Madhya Pradesh - 2024,26-Mar 5am,9306.16,,,,
Madhya Pradesh - 2024,26-Mar 6am,10334.86,,,,
Madhya Pradesh - 2024,26-Mar 7am,11485.53,,,,
Madhya Pradesh - 2024,26-Mar 8am,11542.21,,,,
Madhya Pradesh - 2024,26-Mar 9am,11534.39,,,,
Madhya Pradesh - 2024,26-Mar 10am,11134.41,,,,
Madhya Pradesh - 2024,26-Mar 11am,11072.55,,,,
Madhya Pradesh - 2024,26-Mar 12pm,10839.87,,,,
Madhya Pradesh - 2024,26-Mar 1pm,10617.27,,,,
Madhya Pradesh - 2024,26-Mar 2pm,10443.5,,,,
Madhya Pradesh - 2024,26-Mar 3pm,10615.67,,,,
Madhya Pradesh - 2024,26-Mar 4pm,10476.92,,,,
Madhya Pradesh - 2024,26-Mar 5pm,10233.69,,,,
Madhya Pradesh - 2024,26-Mar 6pm,10300.74,,,,
Madhya Pradesh - 2024,26-Mar 7pm,10970.57,,,,
Madhya Pradesh - 2024,26-Mar 8pm,10236.05,,,,
Madhya Pradesh - 2024,26-Mar 9pm,9935.52,,,,
Madhya Pradesh - 2024,26-Mar 10pm,10512.76,,,,
Madhya Pradesh - 2024,26-Mar 11pm,10604.97,,,,
Madhya Pradesh - 2024,27-Mar 12am,10494.12,,,,
Madhya Pradesh - 2024,27-Mar 1am,10299.71,,,,
Madhya Pradesh - 2024,27-Mar 2am,9999.46,,,,
Madhya Pradesh - 2024,27-Mar 3am,9941.8,,,,
Madhya Pradesh - 2024,27-Mar 4am,9987.7,,,,
Madhya Pradesh - 2024,27-Mar 5am,10085.39,,,,
Madhya Pradesh - 2024,27-Mar 6am,11160.76,,,,
Madhya Pradesh - 2024,27-Mar 7am,12147.68,,,,
Madhya Pradesh - 2024,27-Mar 8am,11954.03,,,,
Madhya Pradesh - 2024,27-Mar 9am,11756.78,,,,
Madhya Pradesh - 2024,27-Mar 10am,11423.24,,,,
Madhya Pradesh - 2024,27-Mar 11am,11479.06,,,,
Madhya Pradesh - 2024,27-Mar 12pm,11082.45,,,,
Madhya Pradesh - 2024,27-Mar 1pm,10932.1,,,,
Madhya Pradesh - 2024,27-Mar 2pm,10925.96,,,,
Madhya Pradesh - 2024,27-Mar 3pm,11092.9,,,,
Madhya Pradesh - 2024,27-Mar 4pm,10893.69,,,,
Madhya Pradesh - 2024,27-Mar 5pm,10557.33,,,,
Madhya Pradesh - 2024,27-Mar 6pm,10647.22,,,,
Madhya Pradesh - 2024,27-Mar 7pm,11278.22,,,,
Madhya Pradesh - 2024,27-Mar 8pm,10742.21,,,,
Madhya Pradesh - 2024,27-Mar 9pm,10446.25,,,,
Madhya Pradesh - 2024,27-Mar 10pm,11033.26,,,,
Madhya Pradesh - 2024,27-Mar 11pm,11241.44,,,,
Madhya Pradesh - 2024,28-Mar 12am,10987.41,,,,
Madhya Pradesh - 2024,28-Mar 1am,10733.93,,,,
Madhya Pradesh - 2024,28-Mar 2am,10424.26,,,,
Madhya Pradesh - 2024,28-Mar 3am,10383.71,,,,
Madhya Pradesh - 2024,28-Mar 4am,10479.83,,,,
Madhya Pradesh - 2024,28-Mar 5am,10590.5,,,,
Madhya Pradesh - 2024,28-Mar 6am,11575.28,,,,
Madhya Pradesh - 2024,28-Mar 7am,12467.11,,,,
Madhya Pradesh - 2024,28-Mar 8am,12142.83,,,,
Madhya Pradesh - 2024,28-Mar 9am,11899.59,,,,
Madhya Pradesh - 2024,28-Mar 10am,11588.34,,,,
Madhya Pradesh - 2024,28-Mar 11am,11557.47,,,,
Madhya Pradesh - 2024,28-Mar 12pm,11272.77,,,,
Madhya Pradesh - 2024,28-Mar 1pm,11072.01,,,,
Madhya Pradesh - 2024,28-Mar 2pm,10910.34,,,,
Madhya Pradesh - 2024,28-Mar 3pm,10916.53,,,,
Madhya Pradesh - 2024,28-Mar 4pm,10797.27,,,,
Madhya Pradesh - 2024,28-Mar 5pm,10590.01,,,,
Madhya Pradesh - 2024,28-Mar 6pm,10818.49,,,,
Madhya Pradesh - 2024,28-Mar 7pm,11624.58,,,,
Madhya Pradesh - 2024,28-Mar 8pm,11015.74,,,,
Madhya Pradesh - 2024,28-Mar 9pm,10633.46,,,,
Madhya Pradesh - 2024,28-Mar 10pm,11221.88,,,,
Madhya Pradesh - 2024,28-Mar 11pm,11534.46,,,,
Madhya Pradesh - 2024,29-Mar 12am,11382.02,,,,
Madhya Pradesh - 2024,29-Mar 1am,11194.34,,,,
Madhya Pradesh - 2024,29-Mar 2am,10884.61,,,,
Madhya Pradesh - 2024,29-Mar 3am,10847.21,,,,
Madhya Pradesh - 2024,29-Mar 4am,10845.61,,,,
Madhya Pradesh - 2024,29-Mar 5am,10922.11,,,,
Madhya Pradesh - 2024,29-Mar 6am,11748.42,,,,
Madhya Pradesh - 2024,29-Mar 7am,12489.76,,,,
Madhya Pradesh - 2024,29-Mar 8am,12233.89,,,,
Madhya Pradesh - 2024,29-Mar 9am,12097.34,,,,
Madhya Pradesh - 2024,29-Mar 10am,11862.53,,,,
Madhya Pradesh - 2024,29-Mar 11am,11839,,,,
Madhya Pradesh - 2024,29-Mar 12pm,11393.32,,,,
Madhya Pradesh - 2024,29-Mar 1pm,11251.43,,,,
Madhya Pradesh - 2024,29-Mar 2pm,11250.55,,,,
Madhya Pradesh - 2024,29-Mar 3pm,11270.22,,,,
Madhya Pradesh - 2024,29-Mar 4pm,10889.42,,,,
Madhya Pradesh - 2024,29-Mar 5pm,10171.37,,,,
Madhya Pradesh - 2024,29-Mar 6pm,10132.46,,,,
Madhya Pradesh - 2024,29-Mar 7pm,10603.89,,,,
Madhya Pradesh - 2024,29-Mar 8pm,9983.08,,,,
Madhya Pradesh - 2024,29-Mar 9pm,9873.39,,,,
Madhya Pradesh - 2024,29-Mar 10pm,10595.66,,,,
Madhya Pradesh - 2024,29-Mar 11pm,10864.63,,,,
Madhya Pradesh - 2024,30-Mar 12am,10703.65,,,,
Madhya Pradesh - 2024,30-Mar 1am,10532.38,,,,
Madhya Pradesh - 2024,30-Mar 2am,10248.64,,,,
Madhya Pradesh - 2024,30-Mar 3am,10223.71,,,,
Madhya Pradesh - 2024,30-Mar 4am,10251,,,,
Madhya Pradesh - 2024,30-Mar 5am,10270.87,,,,
Madhya Pradesh - 2024,30-Mar 6am,11038.86,,,,
Madhya Pradesh - 2024,30-Mar 7am,11753.54,,,,
Madhya Pradesh - 2024,30-Mar 8am,11646.49,,,,
Madhya Pradesh - 2024,30-Mar 9am,11418.34,,,,
Madhya Pradesh - 2024,30-Mar 10am,11131.83,,,,
Madhya Pradesh - 2024,30-Mar 11am,11090.62,,,,
Madhya Pradesh - 2024,30-Mar 12pm,10766.56,,,,
Madhya Pradesh - 2024,30-Mar 1pm,10679.11,,,,
Madhya Pradesh - 2024,30-Mar 2pm,10671.89,,,,
Madhya Pradesh - 2024,30-Mar 3pm,10784.99,,,,
Madhya Pradesh - 2024,30-Mar 4pm,10619.78,,,,
Madhya Pradesh - 2024,30-Mar 5pm,10105.27,,,,
Madhya Pradesh - 2024,30-Mar 6pm,10021.84,,,,
Madhya Pradesh - 2024,30-Mar 7pm,10719.97,,,,
Madhya Pradesh - 2024,30-Mar 8pm,10350.29,,,,
Madhya Pradesh - 2024,30-Mar 9pm,10139.5,,,,
Madhya Pradesh - 2024,30-Mar 10pm,10829.48,,,,
Madhya Pradesh - 2024,30-Mar 11pm,11127.24,,,,
Madhya Pradesh - 2024,31-Mar 12am,10965.3,,,,
Madhya Pradesh - 2024,31-Mar 1am,10797.49,,,,
Madhya Pradesh - 2024,31-Mar 2am,10652.81,,,,
Madhya Pradesh - 2024,31-Mar 3am,10649.52,,,,
Madhya Pradesh - 2024,31-Mar 4am,10626.42,,,,
Madhya Pradesh - 2024,31-Mar 5am,10627.73,,,,
Madhya Pradesh - 2024,31-Mar 6am,11408.28,,,,
Madhya Pradesh - 2024,31-Mar 7am,11981.74,,,,
Madhya Pradesh - 2024,31-Mar 8am,11748.63,,,,
Madhya Pradesh - 2024,31-Mar 9am,11387.55,,,,
Madhya Pradesh - 2024,31-Mar 10am,11181.94,,,,
Madhya Pradesh - 2024,31-Mar 11am,11152.47,,,,
Madhya Pradesh - 2024,31-Mar 12pm,10758.72,,,,
Madhya Pradesh - 2024,31-Mar 1pm,10609.48,,,,
Madhya Pradesh - 2024,31-Mar 2pm,10565.62,,,,
Madhya Pradesh - 2024,31-Mar 3pm,10636.51,,,,
Madhya Pradesh - 2024,31-Mar 4pm,10491.54,,,,
Madhya Pradesh - 2024,31-Mar 5pm,10318,,,,
Madhya Pradesh - 2024,31-Mar 6pm,10477.25,,,,
Madhya Pradesh - 2024,31-Mar 7pm,11310.81,,,,
Madhya Pradesh - 2024,31-Mar 8pm,10981.92,,,,
Madhya Pradesh - 2024,31-Mar 9pm,10743.12,,,,
Madhya Pradesh - 2024,31-Mar 10pm,11335.27,,,,
Madhya Pradesh - 2024,31-Mar 11pm,11484.47,,,,
Madhya Pradesh - 2024,01-Apr 12am,9370.96,,,,
Madhya Pradesh - 2024,01-Apr 1am,9154.1,,,,
Madhya Pradesh - 2024,01-Apr 2am,8900.36,,,,
Madhya Pradesh - 2024,01-Apr 3am,8915.68,,,,
Madhya Pradesh - 2024,01-Apr 4am,8961,,,,
Madhya Pradesh - 2024,01-Apr 5am,9345.62,,,,
Madhya Pradesh - 2024,01-Apr 6am,10834.59,,,,
Madhya Pradesh - 2024,01-Apr 7am,12783.01,,,,
Madhya Pradesh - 2024,01-Apr 8am,13253.4,,,,
Madhya Pradesh - 2024,01-Apr 9am,13090.71,,,,
Madhya Pradesh - 2024,01-Apr 10am,12756.79,,,,
Madhya Pradesh - 2024,01-Apr 11am,12603.22,,,,
Madhya Pradesh - 2024,01-Apr 12pm,11891.72,,,,
Madhya Pradesh - 2024,01-Apr 1pm,11414.57,,,,
Madhya Pradesh - 2024,01-Apr 2pm,10989.77,,,,
Madhya Pradesh - 2024,01-Apr 3pm,10919.89,,,,
Madhya Pradesh - 2024,01-Apr 4pm,10528.86,,,,
Madhya Pradesh - 2024,01-Apr 5pm,9981.53,,,,
Madhya Pradesh - 2024,01-Apr 6pm,9561.81,,,,
Madhya Pradesh - 2024,01-Apr 7pm,9807.49,,,,
Madhya Pradesh - 2024,01-Apr 8pm,8789.61,,,,
Madhya Pradesh - 2024,01-Apr 9pm,8110.28,,,,
Madhya Pradesh - 2024,01-Apr 10pm,8265.73,,,,
Madhya Pradesh - 2024,01-Apr 11pm,8447.75,,,,
Madhya Pradesh - 2024,02-Apr 12am,8073.18,,,,
Madhya Pradesh - 2024,02-Apr 1am,7761.45,,,,
Madhya Pradesh - 2024,02-Apr 2am,7557.1,,,,
Madhya Pradesh - 2024,02-Apr 3am,7411.89,,,,
Madhya Pradesh - 2024,02-Apr 4am,7359.03,,,,
Madhya Pradesh - 2024,02-Apr 5am,7408.14,,,,
Madhya Pradesh - 2024,02-Apr 6am,8100.44,,,,
Madhya Pradesh - 2024,02-Apr 7am,10052.1,,,,
Madhya Pradesh - 2024,02-Apr 8am,10504.85,,,,
Madhya Pradesh - 2024,02-Apr 9am,10715.97,,,,
Madhya Pradesh - 2024,02-Apr 10am,10385.08,,,,
Madhya Pradesh - 2024,02-Apr 11am,11205.04,,,,
Madhya Pradesh - 2024,02-Apr 12pm,9719.12,,,,
Madhya Pradesh - 2024,02-Apr 1pm,9636.73,,,,
Madhya Pradesh - 2024,02-Apr 2pm,9508.39,,,,
Madhya Pradesh - 2024,02-Apr 3pm,9609.49,,,,
Madhya Pradesh - 2024,02-Apr 4pm,9569.19,,,,
Madhya Pradesh - 2024,02-Apr 5pm,9512.82,,,,
Madhya Pradesh - 2024,02-Apr 6pm,9881.46,,,,
Madhya Pradesh - 2024,02-Apr 7pm,10118.45,,,,
Madhya Pradesh - 2024,02-Apr 8pm,9047.44,,,,
Madhya Pradesh - 2024,02-Apr 9pm,8130.97,,,,
Madhya Pradesh - 2024,02-Apr 10pm,7986.46,,,,
Madhya Pradesh - 2024,02-Apr 11pm,7853.87,,,,
Madhya Pradesh - 2024,03-Apr 12am,7627.85,,,,
Madhya Pradesh - 2024,03-Apr 1am,7497.72,,,,
Madhya Pradesh - 2024,03-Apr 2am,7289.53,,,,
Madhya Pradesh - 2024,03-Apr 3am,7286.82,,,,
Madhya Pradesh - 2024,03-Apr 4am,7289.87,,,,
Madhya Pradesh - 2024,03-Apr 5am,7463.47,,,,
Madhya Pradesh - 2024,03-Apr 6am,8607.51,,,,
Madhya Pradesh - 2024,03-Apr 7am,10292.79,,,,
Madhya Pradesh - 2024,03-Apr 8am,11113.72,,,,
Madhya Pradesh - 2024,03-Apr 9am,11211.04,,,,
Madhya Pradesh - 2024,03-Apr 10am,10748.69,,,,
Madhya Pradesh - 2024,03-Apr 11am,10213.11,,,,
Madhya Pradesh - 2024,03-Apr 12pm,9677.8,,,,
Madhya Pradesh - 2024,03-Apr 1pm,9400.39,,,,
Madhya Pradesh - 2024,03-Apr 2pm,9023.09,,,,
Madhya Pradesh - 2024,03-Apr 3pm,8945.68,,,,
Madhya Pradesh - 2024,03-Apr 4pm,9002.7,,,,
Madhya Pradesh - 2024,03-Apr 5pm,9121.51,,,,
Madhya Pradesh - 2024,03-Apr 6pm,9310.68,,,,
Madhya Pradesh - 2024,03-Apr 7pm,9851.7,,,,
Madhya Pradesh - 2024,03-Apr 8pm,8955.29,,,,
Madhya Pradesh - 2024,03-Apr 9pm,8111.68,,,,
Madhya Pradesh - 2024,03-Apr 10pm,8068.49,,,,
Madhya Pradesh - 2024,03-Apr 11pm,8021.85,,,,
Madhya Pradesh - 2024,04-Apr 12am,7696.03,,,,
Madhya Pradesh - 2024,04-Apr 1am,7508.61,,,,
Madhya Pradesh - 2024,04-Apr 2am,7317.31,,,,
Madhya Pradesh - 2024,04-Apr 3am,7406.69,,,,
Madhya Pradesh - 2024,04-Apr 4am,7491.6,,,,
Madhya Pradesh - 2024,04-Apr 5am,7858.59,,,,
Madhya Pradesh - 2024,04-Apr 6am,9334.64,,,,
Madhya Pradesh - 2024,04-Apr 7am,11081.15,,,,
Madhya Pradesh - 2024,04-Apr 8am,11755.46,,,,
Madhya Pradesh - 2024,04-Apr 9am,11645.27,,,,
Madhya Pradesh - 2024,04-Apr 10am,11311.27,,,,
Madhya Pradesh - 2024,04-Apr 11am,10987.66,,,,
Madhya Pradesh - 2024,04-Apr 12pm,10523.06,,,,
Madhya Pradesh - 2024,04-Apr 1pm,10342.16,,,,
Madhya Pradesh - 2024,04-Apr 2pm,10006.7,,,,
Madhya Pradesh - 2024,04-Apr 3pm,10006.05,,,,
Madhya Pradesh - 2024,04-Apr 4pm,10077.35,,,,
Madhya Pradesh - 2024,04-Apr 5pm,9833.93,,,,
Madhya Pradesh - 2024,04-Apr 6pm,9938.41,,,,
Madhya Pradesh - 2024,04-Apr 7pm,10520.83,,,,
Madhya Pradesh - 2024,04-Apr 8pm,9418.93,,,,
Madhya Pradesh - 2024,04-Apr 9pm,8474.14,,,,
Madhya Pradesh - 2024,04-Apr 10pm,8430.42,,,,
Madhya Pradesh - 2024,04-Apr 11pm,8352.34,,,,
Madhya Pradesh - 2024,05-Apr 12am,8053.71,,,,
Madhya Pradesh - 2024,05-Apr 1am,7843.58,,,,
Madhya Pradesh - 2024,05-Apr 2am,7612.55,,,,
Madhya Pradesh - 2024,05-Apr 3am,7608.84,,,,
Madhya Pradesh - 2024,05-Apr 4am,7668.62,,,,
Madhya Pradesh - 2024,05-Apr 5am,8062.77,,,,
Madhya Pradesh - 2024,05-Apr 6am,9745.67,,,,
Madhya Pradesh - 2024,05-Apr 7am,11852.49,,,,
Madhya Pradesh - 2024,05-Apr 8am,12409.88,,,,
Madhya Pradesh - 2024,05-Apr 9am,12249.95,,,,
Madhya Pradesh - 2024,05-Apr 10am,11735.09,,,,
Madhya Pradesh - 2024,05-Apr 11am,11415.06,,,,
Madhya Pradesh - 2024,05-Apr 12pm,10795.25,,,,
Madhya Pradesh - 2024,05-Apr 1pm,10661.4,,,,
Madhya Pradesh - 2024,05-Apr 2pm,10388.52,,,,
Madhya Pradesh - 2024,05-Apr 3pm,10394.86,,,,
Madhya Pradesh - 2024,05-Apr 4pm,10276.31,,,,
Madhya Pradesh - 2024,05-Apr 5pm,10126.54,,,,
Madhya Pradesh - 2024,05-Apr 6pm,10269.34,,,,
Madhya Pradesh - 2024,05-Apr 7pm,10784.61,,,,
Madhya Pradesh - 2024,05-Apr 8pm,9666.45,,,,
Madhya Pradesh - 2024,05-Apr 9pm,8794.27,,,,
Madhya Pradesh - 2024,05-Apr 10pm,8740.03,,,,
Madhya Pradesh - 2024,05-Apr 11pm,8750.94,,,,
Madhya Pradesh - 2024,06-Apr 12am,8432.45,,,,
Madhya Pradesh - 2024,06-Apr 1am,8197.73,,,,
Madhya Pradesh - 2024,06-Apr 2am,7958.52,,,,
Madhya Pradesh - 2024,06-Apr 3am,8022,,,,
Madhya Pradesh - 2024,06-Apr 4am,8102.29,,,,
Madhya Pradesh - 2024,06-Apr 5am,8500.58,,,,
Madhya Pradesh - 2024,06-Apr 6am,10253.69,,,,
Madhya Pradesh - 2024,06-Apr 7am,12300.68,,,,
Madhya Pradesh - 2024,06-Apr 8am,12635.89,,,,
Madhya Pradesh - 2024,06-Apr 9am,12481.17,,,,
Madhya Pradesh - 2024,06-Apr 10am,12067.36,,,,
Madhya Pradesh - 2024,06-Apr 11am,11865.96,,,,
Madhya Pradesh - 2024,06-Apr 12pm,11321.49,,,,
Madhya Pradesh - 2024,06-Apr 1pm,11078.65,,,,
Madhya Pradesh - 2024,06-Apr 2pm,10756.08,,,,
Madhya Pradesh - 2024,06-Apr 3pm,10697.81,,,,
Madhya Pradesh - 2024,06-Apr 4pm,10468.45,,,,
Madhya Pradesh - 2024,06-Apr 5pm,10255.07,,,,
Madhya Pradesh - 2024,06-Apr 6pm,10342.25,,,,
Madhya Pradesh - 2024,06-Apr 7pm,10758.95,,,,
Madhya Pradesh - 2024,06-Apr 8pm,9665.09,,,,
Madhya Pradesh - 2024,06-Apr 9pm,8796.09,,,,
Madhya Pradesh - 2024,06-Apr 10pm,8851.05,,,,
Madhya Pradesh - 2024,06-Apr 11pm,8817.18,,,,
Madhya Pradesh - 2024,07-Apr 12am,8471.87,,,,
Madhya Pradesh - 2024,07-Apr 1am,8343,,,,
Madhya Pradesh - 2024,07-Apr 2am,8128.07,,,,
Madhya Pradesh - 2024,07-Apr 3am,8164.31,,,,
Madhya Pradesh - 2024,07-Apr 4am,8295.88,,,,
Madhya Pradesh - 2024,07-Apr 5am,8501.57,,,,
Madhya Pradesh - 2024,07-Apr 6am,10225.34,,,,
Madhya Pradesh - 2024,07-Apr 7am,12413.81,,,,
Madhya Pradesh - 2024,07-Apr 8am,12634.68,,,,
Madhya Pradesh - 2024,07-Apr 9am,12337.59,,,,
Madhya Pradesh - 2024,07-Apr 10am,11921.56,,,,
Madhya Pradesh - 2024,07-Apr 11am,11867.34,,,,
Madhya Pradesh - 2024,07-Apr 12pm,11385.8,,,,
Madhya Pradesh - 2024,07-Apr 1pm,11082.88,,,,
Madhya Pradesh - 2024,07-Apr 2pm,10754.36,,,,
Madhya Pradesh - 2024,07-Apr 3pm,10759.14,,,,
Madhya Pradesh - 2024,07-Apr 4pm,10542.61,,,,
Madhya Pradesh - 2024,07-Apr 5pm,10345.93,,,,
Madhya Pradesh - 2024,07-Apr 6pm,10506.55,,,,
Madhya Pradesh - 2024,07-Apr 7pm,11097.42,,,,
Madhya Pradesh - 2024,07-Apr 8pm,9983.28,,,,
Madhya Pradesh - 2024,07-Apr 9pm,9082.92,,,,
Madhya Pradesh - 2024,07-Apr 10pm,9094.76,,,,
Madhya Pradesh - 2024,07-Apr 11pm,9111.41,,,,
Madhya Pradesh - 2024,08-Apr 12am,8788.52,,,,
Madhya Pradesh - 2024,08-Apr 1am,8646.66,,,,
Madhya Pradesh - 2024,08-Apr 2am,8342.1,,,,
Madhya Pradesh - 2024,08-Apr 3am,8465.77,,,,
Madhya Pradesh - 2024,08-Apr 4am,8622.19,,,,
Madhya Pradesh - 2024,08-Apr 5am,9021.98,,,,
Madhya Pradesh - 2024,08-Apr 6am,10627.33,,,,
Madhya Pradesh - 2024,08-Apr 7am,12703.66,,,,
Madhya Pradesh - 2024,08-Apr 8am,13234.77,,,,
Madhya Pradesh - 2024,08-Apr 9am,13250.79,,,,
Madhya Pradesh - 2024,08-Apr 10am,12784.33,,,,
Madhya Pradesh - 2024,08-Apr 11am,12464.55,,,,
Madhya Pradesh - 2024,08-Apr 12pm,11854.97,,,,
Madhya Pradesh - 2024,08-Apr 1pm,11410.53,,,,
Madhya Pradesh - 2024,08-Apr 2pm,10943.75,,,,
Madhya Pradesh - 2024,08-Apr 3pm,10893.63,,,,
Madhya Pradesh - 2024,08-Apr 4pm,10649.35,,,,
Madhya Pradesh - 2024,08-Apr 5pm,10296.31,,,,
Madhya Pradesh - 2024,08-Apr 6pm,10379,,,,
Madhya Pradesh - 2024,08-Apr 7pm,10739.73,,,,
Madhya Pradesh - 2024,08-Apr 8pm,9605.21,,,,
Madhya Pradesh - 2024,08-Apr 9pm,8894.93,,,,
Madhya Pradesh - 2024,08-Apr 10pm,9190.02,,,,
Madhya Pradesh - 2024,08-Apr 11pm,9204.2,,,,
Madhya Pradesh - 2024,09-Apr 12am,8887.55,,,,
Madhya Pradesh - 2024,09-Apr 1am,8764.43,,,,
Madhya Pradesh - 2024,09-Apr 2am,8470.95,,,,
Madhya Pradesh - 2024,09-Apr 3am,8474.41,,,,
Madhya Pradesh - 2024,09-Apr 4am,8534.92,,,,
Madhya Pradesh - 2024,09-Apr 5am,8837.77,,,,
Madhya Pradesh - 2024,09-Apr 6am,10517.95,,,,
Madhya Pradesh - 2024,09-Apr 7am,12633.35,,,,
Madhya Pradesh - 2024,09-Apr 8am,12825.52,,,,
Madhya Pradesh - 2024,09-Apr 9am,12639.7,,,,
Madhya Pradesh - 2024,09-Apr 10am,12181.92,,,,
Madhya Pradesh - 2024,09-Apr 11am,11944.07,,,,
Madhya Pradesh - 2024,09-Apr 12pm,11382.3,,,,
Madhya Pradesh - 2024,09-Apr 1pm,11186.75,,,,
Madhya Pradesh - 2024,09-Apr 2pm,10967.31,,,,
Madhya Pradesh - 2024,09-Apr 3pm,11083.95,,,,
Madhya Pradesh - 2024,09-Apr 4pm,10984.58,,,,
Madhya Pradesh - 2024,09-Apr 5pm,10746.57,,,,
Madhya Pradesh - 2024,09-Apr 6pm,10788.96,,,,
Madhya Pradesh - 2024,09-Apr 7pm,11266.99,,,,
Madhya Pradesh - 2024,09-Apr 8pm,10025.38,,,,
Madhya Pradesh - 2024,09-Apr 9pm,9205.85,,,,
Madhya Pradesh - 2024,09-Apr 10pm,9471.56,,,,
Madhya Pradesh - 2024,09-Apr 11pm,9588.72,,,,
Madhya Pradesh - 2024,10-Apr 12am,9293.14,,,,
Madhya Pradesh - 2024,10-Apr 1am,9037.87,,,,
Madhya Pradesh - 2024,10-Apr 2am,8722.13,,,,
Madhya Pradesh - 2024,10-Apr 3am,8736.62,,,,
Madhya Pradesh - 2024,10-Apr 4am,8797.62,,,,
Madhya Pradesh - 2024,10-Apr 5am,9091.41,,,,
Madhya Pradesh - 2024,10-Apr 6am,10527.56,,,,
Madhya Pradesh - 2024,10-Apr 7am,12404.9,,,,
Madhya Pradesh - 2024,10-Apr 8am,12796.07,,,,
Madhya Pradesh - 2024,10-Apr 9am,12658.88,,,,
Madhya Pradesh - 2024,10-Apr 10am,12102.41,,,,
Madhya Pradesh - 2024,10-Apr 11am,11838.52,,,,
Madhya Pradesh - 2024,10-Apr 12pm,11283.62,,,,
Madhya Pradesh - 2024,10-Apr 1pm,10978.28,,,,
Madhya Pradesh - 2024,10-Apr 2pm,10686.52,,,,
Madhya Pradesh - 2024,10-Apr 3pm,10679.83,,,,
Madhya Pradesh - 2024,10-Apr 4pm,10614.52,,,,
Madhya Pradesh - 2024,10-Apr 5pm,10383.24,,,,
Madhya Pradesh - 2024,10-Apr 6pm,10484.34,,,,
Madhya Pradesh - 2024,10-Apr 7pm,11022.68,,,,
Madhya Pradesh - 2024,10-Apr 8pm,9997.73,,,,
Madhya Pradesh - 2024,10-Apr 9pm,9242.48,,,,
Madhya Pradesh - 2024,10-Apr 10pm,9525.65,,,,
Madhya Pradesh - 2024,10-Apr 11pm,9659.43,,,,
Madhya Pradesh - 2024,11-Apr 12am,9457.43,,,,
Madhya Pradesh - 2024,11-Apr 1am,9201.68,,,,
Madhya Pradesh - 2024,11-Apr 2am,8954.82,,,,
Madhya Pradesh - 2024,11-Apr 3am,8947.53,,,,
Madhya Pradesh - 2024,11-Apr 4am,8988.41,,,,
Madhya Pradesh - 2024,11-Apr 5am,9368.31,,,,
Madhya Pradesh - 2024,11-Apr 6am,11011.68,,,,
Madhya Pradesh - 2024,11-Apr 7am,12919.6,,,,
Madhya Pradesh - 2024,11-Apr 8am,13064.34,,,,
Madhya Pradesh - 2024,11-Apr 9am,12748.13,,,,
Madhya Pradesh - 2024,11-Apr 10am,12318.57,,,,
Madhya Pradesh - 2024,11-Apr 11am,12290.05,,,,
Madhya Pradesh - 2024,11-Apr 12pm,11869.31,,,,
Madhya Pradesh - 2024,11-Apr 1pm,11576.37,,,,
Madhya Pradesh - 2024,11-Apr 2pm,11267.2,,,,
Madhya Pradesh - 2024,11-Apr 3pm,11269.08,,,,
Madhya Pradesh - 2024,11-Apr 4pm,11169.93,,,,
Madhya Pradesh - 2024,11-Apr 5pm,10935.88,,,,
Madhya Pradesh - 2024,11-Apr 6pm,10970.47,,,,
Madhya Pradesh - 2024,11-Apr 7pm,11435.49,,,,
Madhya Pradesh - 2024,11-Apr 8pm,10303.74,,,,
Madhya Pradesh - 2024,11-Apr 9pm,9540.63,,,,
Madhya Pradesh - 2024,11-Apr 10pm,9876.47,,,,
Madhya Pradesh - 2024,11-Apr 11pm,10068.77,,,,
Madhya Pradesh - 2024,12-Apr 12am,9820.72,,,,
Madhya Pradesh - 2024,12-Apr 1am,9619.17,,,,
Madhya Pradesh - 2024,12-Apr 2am,9274.47,,,,
Madhya Pradesh - 2024,12-Apr 3am,9388.38,,,,
Madhya Pradesh - 2024,12-Apr 4am,9595.07,,,,
Madhya Pradesh - 2024,12-Apr 5am,9773.99,,,,
Madhya Pradesh - 2024,12-Apr 6am,11157.14,,,,
Madhya Pradesh - 2024,12-Apr 7am,12777.7,,,,
Madhya Pradesh - 2024,12-Apr 8am,12802.54,,,,
Madhya Pradesh - 2024,12-Apr 9am,12612.68,,,,
Madhya Pradesh - 2024,12-Apr 10am,12254.75,,,,
Madhya Pradesh - 2024,12-Apr 11am,12253.46,,,,
Madhya Pradesh - 2024,12-Apr 12pm,11868.7,,,,
Madhya Pradesh - 2024,12-Apr 1pm,11552.91,,,,
Madhya Pradesh - 2024,12-Apr 2pm,11182.68,,,,
Madhya Pradesh - 2024,12-Apr 3pm,11280.15,,,,
Madhya Pradesh - 2024,12-Apr 4pm,11343.51,,,,
Madhya Pradesh - 2024,12-Apr 5pm,11197.44,,,,
Madhya Pradesh - 2024,12-Apr 6pm,11252.75,,,,
Madhya Pradesh - 2024,12-Apr 7pm,11700.12,,,,
Madhya Pradesh - 2024,12-Apr 8pm,10595.9,,,,
Madhya Pradesh - 2024,12-Apr 9pm,9867.93,,,,
Madhya Pradesh - 2024,12-Apr 10pm,10285.69,,,,
Madhya Pradesh - 2024,12-Apr 11pm,10403.29,,,,
Madhya Pradesh - 2024,13-Apr 12am,10167.28,,,,
Madhya Pradesh - 2024,13-Apr 1am,9925.42,,,,
Madhya Pradesh - 2024,13-Apr 2am,9510.07,,,,
Madhya Pradesh - 2024,13-Apr 3am,9613.3,,,,
Madhya Pradesh - 2024,13-Apr 4am,9854.37,,,,
Madhya Pradesh - 2024,13-Apr 5am,10003.09,,,,
Madhya Pradesh - 2024,13-Apr 6am,11319.17,,,,
Madhya Pradesh - 2024,13-Apr 7am,12953.94,,,,
Madhya Pradesh - 2024,13-Apr 8am,13051.48,,,,
Madhya Pradesh - 2024,13-Apr 9am,12818.02,,,,
Madhya Pradesh - 2024,13-Apr 10am,12419.06,,,,
Madhya Pradesh - 2024,13-Apr 11am,12318.46,,,,
Madhya Pradesh - 2024,13-Apr 12pm,11837.79,,,,
Madhya Pradesh - 2024,13-Apr 1pm,11452.97,,,,
Madhya Pradesh - 2024,13-Apr 2pm,11096.03,,,,
Madhya Pradesh - 2024,13-Apr 3pm,11232.06,,,,
Madhya Pradesh - 2024,13-Apr 4pm,11184.73,,,,
Madhya Pradesh - 2024,13-Apr 5pm,11013.07,,,,
Madhya Pradesh - 2024,13-Apr 6pm,11110.77,,,,
Madhya Pradesh - 2024,13-Apr 7pm,11663.56,,,,
Madhya Pradesh - 2024,13-Apr 8pm,10623.5,,,,
Madhya Pradesh - 2024,13-Apr 9pm,9980.93,,,,
Madhya Pradesh - 2024,13-Apr 10pm,10345.03,,,,
Madhya Pradesh - 2024,13-Apr 11pm,10491.39,,,,
Madhya Pradesh - 2024,14-Apr 12am,10230.13,,,,
Madhya Pradesh - 2024,14-Apr 1am,10039.62,,,,
Madhya Pradesh - 2024,14-Apr 2am,9721.38,,,,
Madhya Pradesh - 2024,14-Apr 3am,9826.44,,,,
Madhya Pradesh - 2024,14-Apr 4am,9985.94,,,,
Madhya Pradesh - 2024,14-Apr 5am,10099.96,,,,
Madhya Pradesh - 2024,14-Apr 6am,11507.17,,,,
Madhya Pradesh - 2024,14-Apr 7am,13102.89,,,,
Madhya Pradesh - 2024,14-Apr 8am,13062.28,,,,
Madhya Pradesh - 2024,14-Apr 9am,12706.65,,,,
Madhya Pradesh - 2024,14-Apr 10am,12345.11,,,,
Madhya Pradesh - 2024,14-Apr 11am,12301.2,,,,
Madhya Pradesh - 2024,14-Apr 12pm,11644.31,,,,
Madhya Pradesh - 2024,14-Apr 1pm,11355.19,,,,
Madhya Pradesh - 2024,14-Apr 2pm,11163.62,,,,
Madhya Pradesh - 2024,14-Apr 3pm,11285.7,,,,
Madhya Pradesh - 2024,14-Apr 4pm,11354.91,,,,
Madhya Pradesh - 2024,14-Apr 5pm,11148.03,,,,
Madhya Pradesh - 2024,14-Apr 6pm,11260.42,,,,
Madhya Pradesh - 2024,14-Apr 7pm,11865.2,,,,
Madhya Pradesh - 2024,14-Apr 8pm,10806.4,,,,
Madhya Pradesh - 2024,14-Apr 9pm,10097.58,,,,
Madhya Pradesh - 2024,14-Apr 10pm,10592.89,,,,
Madhya Pradesh - 2024,14-Apr 11pm,10719.51,,,,
Madhya Pradesh - 2024,15-Apr 12am,10464.38,,,,
Madhya Pradesh - 2024,15-Apr 1am,10207.21,,,,
Madhya Pradesh - 2024,15-Apr 2am,9870.94,,,,
Madhya Pradesh - 2024,15-Apr 3am,9886.14,,,,
Madhya Pradesh - 2024,15-Apr 4am,10004.48,,,,
Madhya Pradesh - 2024,15-Apr 5am,10128.92,,,,
Madhya Pradesh - 2024,15-Apr 6am,11429.9,,,,
Madhya Pradesh - 2024,15-Apr 7am,13004.46,,,,
Madhya Pradesh - 2024,15-Apr 8am,13161.85,,,,
Madhya Pradesh - 2024,15-Apr 9am,12744.46,,,,
Madhya Pradesh - 2024,15-Apr 10am,12308.94,,,,
Madhya Pradesh - 2024,15-Apr 11am,12211.12,,,,
Madhya Pradesh - 2024,15-Apr 12pm,11707.89,,,,
Madhya Pradesh - 2024,15-Apr 1pm,11426.46,,,,
Madhya Pradesh - 2024,15-Apr 2pm,11158.12,,,,
Madhya Pradesh - 2024,15-Apr 3pm,11379.34,,,,
Madhya Pradesh - 2024,15-Apr 4pm,11202.31,,,,
Madhya Pradesh - 2024,15-Apr 5pm,10980.14,,,,
Madhya Pradesh - 2024,15-Apr 6pm,11237.65,,,,
Madhya Pradesh - 2024,15-Apr 7pm,11752.5,,,,
Madhya Pradesh - 2024,15-Apr 8pm,10689.44,,,,
Madhya Pradesh - 2024,15-Apr 9pm,9976.49,,,,
Madhya Pradesh - 2024,15-Apr 10pm,10304.21,,,,
Madhya Pradesh - 2024,15-Apr 11pm,10523.04,,,,
Madhya Pradesh - 2024,16-Apr 12am,10210.33,,,,
Madhya Pradesh - 2024,16-Apr 1am,10036.42,,,,
Madhya Pradesh - 2024,16-Apr 2am,9755.95,,,,
Madhya Pradesh - 2024,16-Apr 3am,9747.74,,,,
Madhya Pradesh - 2024,16-Apr 4am,9917.7,,,,
Madhya Pradesh - 2024,16-Apr 5am,10071.18,,,,
Madhya Pradesh - 2024,16-Apr 6am,11378.93,,,,
Madhya Pradesh - 2024,16-Apr 7am,12907.96,,,,
Madhya Pradesh - 2024,16-Apr 8am,12951.9,,,,
Madhya Pradesh - 2024,16-Apr 9am,12576.12,,,,
Madhya Pradesh - 2024,16-Apr 10am,11860.25,,,,
Madhya Pradesh - 2024,16-Apr 11am,11775.7,,,,
Madhya Pradesh - 2024,16-Apr 12pm,11373.58,,,,
Madhya Pradesh - 2024,16-Apr 1pm,11304.8,,,,
Madhya Pradesh - 2024,16-Apr 2pm,11178.33,,,,
Madhya Pradesh - 2024,16-Apr 3pm,11354.88,,,,
Madhya Pradesh - 2024,16-Apr 4pm,11221.07,,,,
Madhya Pradesh - 2024,16-Apr 5pm,10901.82,,,,
Madhya Pradesh - 2024,16-Apr 6pm,10954.6,,,,
Madhya Pradesh - 2024,16-Apr 7pm,11407.7,,,,
Madhya Pradesh - 2024,16-Apr 8pm,10357.62,,,,
Madhya Pradesh - 2024,16-Apr 9pm,9728.25,,,,
Madhya Pradesh - 2024,16-Apr 10pm,10130.36,,,,
Madhya Pradesh - 2024,16-Apr 11pm,10308.81,,,,
Madhya Pradesh - 2024,17-Apr 12am,10099.87,,,,
Madhya Pradesh - 2024,17-Apr 1am,9856.25,,,,
Madhya Pradesh - 2024,17-Apr 2am,9521.2,,,,
Madhya Pradesh - 2024,17-Apr 3am,9588.06,,,,
Madhya Pradesh - 2024,17-Apr 4am,9780.04,,,,
Madhya Pradesh - 2024,17-Apr 5am,9870.03,,,,
Madhya Pradesh - 2024,17-Apr 6am,10981.94,,,,
Madhya Pradesh - 2024,17-Apr 7am,12421.32,,,,
Madhya Pradesh - 2024,17-Apr 8am,12483.59,,,,
Madhya Pradesh - 2024,17-Apr 9am,12087.11,,,,
Madhya Pradesh - 2024,17-Apr 10am,11261.16,,,,
Madhya Pradesh - 2024,17-Apr 11am,10919.93,,,,
Madhya Pradesh - 2024,17-Apr 12pm,10608.18,,,,
Madhya Pradesh - 2024,17-Apr 1pm,10544.52,,,,
Madhya Pradesh - 2024,17-Apr 2pm,10413.7,,,,
Madhya Pradesh - 2024,17-Apr 3pm,10604.11,,,,
Madhya Pradesh - 2024,17-Apr 4pm,10636.56,,,,
Madhya Pradesh - 2024,17-Apr 5pm,10471.01,,,,
Madhya Pradesh - 2024,17-Apr 6pm,10509.34,,,,
Madhya Pradesh - 2024,17-Apr 7pm,10754.57,,,,
Madhya Pradesh - 2024,17-Apr 8pm,9895.47,,,,
Madhya Pradesh - 2024,17-Apr 9pm,9403.56,,,,
Madhya Pradesh - 2024,17-Apr 10pm,9872.42,,,,
Madhya Pradesh - 2024,17-Apr 11pm,9969.83,,,,
Madhya Pradesh - 2024,18-Apr 12am,9644.4,,,,
Madhya Pradesh - 2024,18-Apr 1am,9472.63,,,,
Madhya Pradesh - 2024,18-Apr 2am,9202.5,,,,
Madhya Pradesh - 2024,18-Apr 3am,9348.73,,,,
Madhya Pradesh - 2024,18-Apr 4am,9643.33,,,,
Madhya Pradesh - 2024,18-Apr 5am,9800.59,,,,
Madhya Pradesh - 2024,18-Apr 6am,11048.43,,,,
Madhya Pradesh - 2024,18-Apr 7am,12565.11,,,,
Madhya Pradesh - 2024,18-Apr 8am,12754.45,,,,
Madhya Pradesh - 2024,18-Apr 9am,12387.37,,,,
Madhya Pradesh - 2024,18-Apr 10am,11774.18,,,,
Madhya Pradesh - 2024,18-Apr 11am,11595.74,,,,
Madhya Pradesh - 2024,18-Apr 12pm,11259.86,,,,
Madhya Pradesh - 2024,18-Apr 1pm,11059.1,,,,
Madhya Pradesh - 2024,18-Apr 2pm,10863.89,,,,
Madhya Pradesh - 2024,18-Apr 3pm,10741.93,,,,
Madhya Pradesh - 2024,18-Apr 4pm,10598.44,,,,
Madhya Pradesh - 2024,18-Apr 5pm,10466.97,,,,
Madhya Pradesh - 2024,18-Apr 6pm,10548.92,,,,
Madhya Pradesh - 2024,18-Apr 7pm,11140.12,,,,
Madhya Pradesh - 2024,18-Apr 8pm,10224.2,,,,
Madhya Pradesh - 2024,18-Apr 9pm,9623.74,,,,
Madhya Pradesh - 2024,18-Apr 10pm,10052.91,,,,
Madhya Pradesh - 2024,18-Apr 11pm,10160.06,,,,
Madhya Pradesh - 2024,19-Apr 12am,9902.45,,,,
Madhya Pradesh - 2024,19-Apr 1am,9722.77,,,,
Madhya Pradesh - 2024,19-Apr 2am,9476.54,,,,
Madhya Pradesh - 2024,19-Apr 3am,9521.14,,,,
Madhya Pradesh - 2024,19-Apr 4am,9638.18,,,,
Madhya Pradesh - 2024,19-Apr 5am,9823.05,,,,
Madhya Pradesh - 2024,19-Apr 6am,11046.98,,,,
Madhya Pradesh - 2024,19-Apr 7am,12498.51,,,,
Madhya Pradesh - 2024,19-Apr 8am,12463.1,,,,
Madhya Pradesh - 2024,19-Apr 9am,12162.61,,,,
Madhya Pradesh - 2024,19-Apr 10am,11610.5,,,,
Madhya Pradesh - 2024,19-Apr 11am,11488.81,,,,
Madhya Pradesh - 2024,19-Apr 12pm,10952.1,,,,
Madhya Pradesh - 2024,19-Apr 1pm,10659.94,,,,
Madhya Pradesh - 2024,19-Apr 2pm,10338.08,,,,
Madhya Pradesh - 2024,19-Apr 3pm,10444.55,,,,
Madhya Pradesh - 2024,19-Apr 4pm,10386.8,,,,
Madhya Pradesh - 2024,19-Apr 5pm,10397.84,,,,
Madhya Pradesh - 2024,19-Apr 6pm,10668.96,,,,
Madhya Pradesh - 2024,19-Apr 7pm,11270.69,,,,
Madhya Pradesh - 2024,19-Apr 8pm,10325.83,,,,
Madhya Pradesh - 2024,19-Apr 9pm,9798.04,,,,
Madhya Pradesh - 2024,19-Apr 10pm,10158.51,,,,
Madhya Pradesh - 2024,19-Apr 11pm,10167.05,,,,
Madhya Pradesh - 2024,20-Apr 12am,9926.14,,,,
Madhya Pradesh - 2024,20-Apr 1am,9815.44,,,,
Madhya Pradesh - 2024,20-Apr 2am,9492.84,,,,
Madhya Pradesh - 2024,20-Apr 3am,9523.9,,,,
Madhya Pradesh - 2024,20-Apr 4am,9643.5,,,,
Madhya Pradesh - 2024,20-Apr 5am,9801.83,,,,
Madhya Pradesh - 2024,20-Apr 6am,11094.88,,,,
Madhya Pradesh - 2024,20-Apr 7am,12546.4,,,,
Madhya Pradesh - 2024,20-Apr 8am,12474.45,,,,
Madhya Pradesh - 2024,20-Apr 9am,12197.48,,,,
Madhya Pradesh - 2024,20-Apr 10am,11780.82,,,,
Madhya Pradesh - 2024,20-Apr 11am,11561.56,,,,
Madhya Pradesh - 2024,20-Apr 12pm,11028.99,,,,
Madhya Pradesh - 2024,20-Apr 1pm,10485,,,,
Madhya Pradesh - 2024,20-Apr 2pm,10301.32,,,,
Madhya Pradesh - 2024,20-Apr 3pm,10389.89,,,,
Madhya Pradesh - 2024,20-Apr 4pm,10424.77,,,,
Madhya Pradesh - 2024,20-Apr 5pm,10373.57,,,,
Madhya Pradesh - 2024,20-Apr 6pm,10606.93,,,,
Madhya Pradesh - 2024,20-Apr 7pm,11283.42,,,,
Madhya Pradesh - 2024,20-Apr 8pm,10332.81,,,,
Madhya Pradesh - 2024,20-Apr 9pm,9692.48,,,,
Madhya Pradesh - 2024,20-Apr 10pm,10027.59,,,,
Madhya Pradesh - 2024,20-Apr 11pm,10133,,,,
Madhya Pradesh - 2024,21-Apr 12am,9916.89,,,,
Madhya Pradesh - 2024,21-Apr 1am,9750.6,,,,
Madhya Pradesh - 2024,21-Apr 2am,9530.51,,,,
Madhya Pradesh - 2024,21-Apr 3am,9481.84,,,,
Madhya Pradesh - 2024,21-Apr 4am,9458.16,,,,
Madhya Pradesh - 2024,21-Apr 5am,9576.38,,,,
Madhya Pradesh - 2024,21-Apr 6am,11000.23,,,,
Madhya Pradesh - 2024,21-Apr 7am,12472.25,,,,
Madhya Pradesh - 2024,21-Apr 8am,12446.72,,,,
Madhya Pradesh - 2024,21-Apr 9am,12026.77,,,,
Madhya Pradesh - 2024,21-Apr 10am,11587.37,,,,
Madhya Pradesh - 2024,21-Apr 11am,11413.2,,,,
Madhya Pradesh - 2024,21-Apr 12pm,10913.17,,,,
Madhya Pradesh - 2024,21-Apr 1pm,10804.89,,,,
Madhya Pradesh - 2024,21-Apr 2pm,10569.7,,,,
Madhya Pradesh - 2024,21-Apr 3pm,10611.3,,,,
Madhya Pradesh - 2024,21-Apr 4pm,10567.52,,,,
Madhya Pradesh - 2024,21-Apr 5pm,10469.06,,,,
Madhya Pradesh - 2024,21-Apr 6pm,10640.35,,,,
Madhya Pradesh - 2024,21-Apr 7pm,11218.99,,,,
Madhya Pradesh - 2024,21-Apr 8pm,10339.77,,,,
Madhya Pradesh - 2024,21-Apr 9pm,9741.28,,,,
Madhya Pradesh - 2024,21-Apr 10pm,10125.24,,,,
Madhya Pradesh - 2024,21-Apr 11pm,10183.53,,,,
Madhya Pradesh - 2024,22-Apr 12am,9945.56,,,,
Madhya Pradesh - 2024,22-Apr 1am,9792.02,,,,
Madhya Pradesh - 2024,22-Apr 2am,9612.35,,,,
Madhya Pradesh - 2024,22-Apr 3am,9659.03,,,,
Madhya Pradesh - 2024,22-Apr 4am,9729.39,,,,
Madhya Pradesh - 2024,22-Apr 5am,9813.02,,,,
Madhya Pradesh - 2024,22-Apr 6am,11128.59,,,,
Madhya Pradesh - 2024,22-Apr 7am,12465.09,,,,
Madhya Pradesh - 2024,22-Apr 8am,12399.25,,,,
Madhya Pradesh - 2024,22-Apr 9am,12126.25,,,,
Madhya Pradesh - 2024,22-Apr 10am,11713.93,,,,
Madhya Pradesh - 2024,22-Apr 11am,11705.67,,,,
Madhya Pradesh - 2024,22-Apr 12pm,11184.82,,,,
Madhya Pradesh - 2024,22-Apr 1pm,10890.91,,,,
Madhya Pradesh - 2024,22-Apr 2pm,10585.28,,,,
Madhya Pradesh - 2024,22-Apr 3pm,10658.69,,,,
Madhya Pradesh - 2024,22-Apr 4pm,10653.89,,,,
Madhya Pradesh - 2024,22-Apr 5pm,10464.72,,,,
Madhya Pradesh - 2024,22-Apr 6pm,10684.46,,,,
Madhya Pradesh - 2024,22-Apr 7pm,11334.99,,,,
Madhya Pradesh - 2024,22-Apr 8pm,10566.06,,,,
Madhya Pradesh - 2024,22-Apr 9pm,9969.97,,,,
Madhya Pradesh - 2024,22-Apr 10pm,10326.71,,,,
Madhya Pradesh - 2024,22-Apr 11pm,10359.76,,,,
Madhya Pradesh - 2024,23-Apr 12am,10153.98,,,,
Madhya Pradesh - 2024,23-Apr 1am,10047.92,,,,
Madhya Pradesh - 2024,23-Apr 2am,9756.66,,,,
Madhya Pradesh - 2024,23-Apr 3am,9768.18,,,,
Madhya Pradesh - 2024,23-Apr 4am,9886.65,,,,
Madhya Pradesh - 2024,23-Apr 5am,10047.41,,,,
Madhya Pradesh - 2024,23-Apr 6am,11249.34,,,,
Madhya Pradesh - 2024,23-Apr 7am,12542.48,,,,
Madhya Pradesh - 2024,23-Apr 8am,12312.95,,,,
Madhya Pradesh - 2024,23-Apr 9am,12013.21,,,,
Madhya Pradesh - 2024,23-Apr 10am,11622.63,,,,
Madhya Pradesh - 2024,23-Apr 11am,11626.8,,,,
Madhya Pradesh - 2024,23-Apr 12pm,11131.9,,,,
Madhya Pradesh - 2024,23-Apr 1pm,10648.93,,,,
Madhya Pradesh - 2024,23-Apr 2pm,10428.18,,,,
Madhya Pradesh - 2024,23-Apr 3pm,10562.31,,,,
Madhya Pradesh - 2024,23-Apr 4pm,10574.72,,,,
Madhya Pradesh - 2024,23-Apr 5pm,10449.88,,,,
Madhya Pradesh - 2024,23-Apr 6pm,10737.7,,,,
Madhya Pradesh - 2024,23-Apr 7pm,11349.1,,,,
Madhya Pradesh - 2024,23-Apr 8pm,11093.97,,,,
Madhya Pradesh - 2024,23-Apr 9pm,9967.67,,,,
Madhya Pradesh - 2024,23-Apr 10pm,10468.01,,,,
Madhya Pradesh - 2024,23-Apr 11pm,10706.78,,,,
Madhya Pradesh - 2024,24-Apr 12am,10349.07,,,,
Madhya Pradesh - 2024,24-Apr 1am,10156.94,,,,
Madhya Pradesh - 2024,24-Apr 2am,9932.65,,,,
Madhya Pradesh - 2024,24-Apr 3am,9980.89,,,,
Madhya Pradesh - 2024,24-Apr 4am,10099.8,,,,
Madhya Pradesh - 2024,24-Apr 5am,10208.59,,,,
Madhya Pradesh - 2024,24-Apr 6am,11246.27,,,,
Madhya Pradesh - 2024,24-Apr 7am,12271.17,,,,
Madhya Pradesh - 2024,24-Apr 8am,12088.65,,,,
Madhya Pradesh - 2024,24-Apr 9am,11789.5,,,,
Madhya Pradesh - 2024,24-Apr 10am,11477.34,,,,
Madhya Pradesh - 2024,24-Apr 11am,11562.97,,,,
Madhya Pradesh - 2024,24-Apr 12pm,11183.47,,,,
Madhya Pradesh - 2024,24-Apr 1pm,10877.88,,,,
Madhya Pradesh - 2024,24-Apr 2pm,10672.36,,,,
Madhya Pradesh - 2024,24-Apr 3pm,10773.08,,,,
Madhya Pradesh - 2024,24-Apr 4pm,10476.03,,,,
Madhya Pradesh - 2024,24-Apr 5pm,10175.65,,,,
Madhya Pradesh - 2024,24-Apr 6pm,10290.7,,,,
Madhya Pradesh - 2024,24-Apr 7pm,10769.28,,,,
Madhya Pradesh - 2024,24-Apr 8pm,10187.2,,,,
Madhya Pradesh - 2024,24-Apr 9pm,9781.38,,,,
Madhya Pradesh - 2024,24-Apr 10pm,10228.03,,,,
Madhya Pradesh - 2024,24-Apr 11pm,10523.9,,,,
Madhya Pradesh - 2024,25-Apr 12am,10338.03,,,,
Madhya Pradesh - 2024,25-Apr 1am,10128.93,,,,
Madhya Pradesh - 2024,25-Apr 2am,9790.67,,,,
Madhya Pradesh - 2024,25-Apr 3am,9754.96,,,,
Madhya Pradesh - 2024,25-Apr 4am,9824.03,,,,
Madhya Pradesh - 2024,25-Apr 5am,9926.52,,,,
Madhya Pradesh - 2024,25-Apr 6am,10698.56,,,,
Madhya Pradesh - 2024,25-Apr 7am,11508.42,,,,
Madhya Pradesh - 2024,25-Apr 8am,11275.57,,,,
Madhya Pradesh - 2024,25-Apr 9am,10766.85,,,,
Madhya Pradesh - 2024,25-Apr 10am,10369.86,,,,
Madhya Pradesh - 2024,25-Apr 11am,10421.48,,,,
Madhya Pradesh - 2024,25-Apr 12pm,10176.92,,,,
Madhya Pradesh - 2024,25-Apr 1pm,10015.57,,,,
Madhya Pradesh - 2024,25-Apr 2pm,9869.88,,,,
Madhya Pradesh - 2024,25-Apr 3pm,9885.06,,,,
Madhya Pradesh - 2024,25-Apr 4pm,9711.18,,,,
Madhya Pradesh - 2024,25-Apr 5pm,9506.07,,,,
Madhya Pradesh - 2024,25-Apr 6pm,9473.27,,,,
Madhya Pradesh - 2024,25-Apr 7pm,9948.47,,,,
Madhya Pradesh - 2024,25-Apr 8pm,9301.19,,,,
Madhya Pradesh - 2024,25-Apr 9pm,8969.07,,,,
Madhya Pradesh - 2024,25-Apr 10pm,9604.74,,,,
Madhya Pradesh - 2024,25-Apr 11pm,9778.49,,,,
Madhya Pradesh - 2024,26-Apr 12am,9596.02,,,,
Madhya Pradesh - 2024,26-Apr 1am,9464.37,,,,
Madhya Pradesh - 2024,26-Apr 2am,9184.67,,,,
Madhya Pradesh - 2024,26-Apr 3am,9165.6,,,,
Madhya Pradesh - 2024,26-Apr 4am,9271.21,,,,
Madhya Pradesh - 2024,26-Apr 5am,9306.16,,,,
Madhya Pradesh - 2024,26-Apr 6am,10334.86,,,,
Madhya Pradesh - 2024,26-Apr 7am,11485.53,,,,
Madhya Pradesh - 2024,26-Apr 8am,11542.21,,,,
Madhya Pradesh - 2024,26-Apr 9am,11534.39,,,,
Madhya Pradesh - 2024,26-Apr 10am,11134.41,,,,
Madhya Pradesh - 2024,26-Apr 11am,11072.55,,,,
Madhya Pradesh - 2024,26-Apr 12pm,10839.87,,,,
Madhya Pradesh - 2024,26-Apr 1pm,10617.27,,,,
Madhya Pradesh - 2024,26-Apr 2pm,10443.5,,,,
Madhya Pradesh - 2024,26-Apr 3pm,10615.67,,,,
Madhya Pradesh - 2024,26-Apr 4pm,10476.92,,,,
Madhya Pradesh - 2024,26-Apr 5pm,10233.69,,,,
Madhya Pradesh - 2024,26-Apr 6pm,10300.74,,,,
Madhya Pradesh - 2024,26-Apr 7pm,10970.57,,,,
Madhya Pradesh - 2024,26-Apr 8pm,10236.05,,,,
Madhya Pradesh - 2024,26-Apr 9pm,9935.52,,,,
Madhya Pradesh - 2024,26-Apr 10pm,10512.76,,,,
Madhya Pradesh - 2024,26-Apr 11pm,10604.97,,,,
Madhya Pradesh - 2024,27-Apr 12am,10494.12,,,,
Madhya Pradesh - 2024,27-Apr 1am,10299.71,,,,
Madhya Pradesh - 2024,27-Apr 2am,9999.46,,,,
Madhya Pradesh - 2024,27-Apr 3am,9941.8,,,,
Madhya Pradesh - 2024,27-Apr 4am,9987.7,,,,
Madhya Pradesh - 2024,27-Apr 5am,10085.39,,,,
Madhya Pradesh - 2024,27-Apr 6am,11160.76,,,,
Madhya Pradesh - 2024,27-Apr 7am,12147.68,,,,
Madhya Pradesh - 2024,27-Apr 8am,11954.03,,,,
Madhya Pradesh - 2024,27-Apr 9am,11756.78,,,,
Madhya Pradesh - 2024,27-Apr 10am,11423.24,,,,
Madhya Pradesh - 2024,27-Apr 11am,11479.06,,,,
Madhya Pradesh - 2024,27-Apr 12pm,11082.45,,,,
Madhya Pradesh - 2024,27-Apr 1pm,10932.1,,,,
Madhya Pradesh - 2024,27-Apr 2pm,10925.96,,,,
Madhya Pradesh - 2024,27-Apr 3pm,11092.9,,,,
Madhya Pradesh - 2024,27-Apr 4pm,10893.69,,,,
Madhya Pradesh - 2024,27-Apr 5pm,10557.33,,,,
Madhya Pradesh - 2024,27-Apr 6pm,10647.22,,,,
Madhya Pradesh - 2024,27-Apr 7pm,11278.22,,,,
Madhya Pradesh - 2024,27-Apr 8pm,10742.21,,,,
Madhya Pradesh - 2024,27-Apr 9pm,10446.25,,,,
Madhya Pradesh - 2024,27-Apr 10pm,11033.26,,,,
Madhya Pradesh - 2024,27-Apr 11pm,11241.44,,,,
Madhya Pradesh - 2024,28-Apr 12am,10987.41,,,,
Madhya Pradesh - 2024,28-Apr 1am,10733.93,,,,
Madhya Pradesh - 2024,28-Apr 2am,10424.26,,,,
Madhya Pradesh - 2024,28-Apr 3am,10383.71,,,,
Madhya Pradesh - 2024,28-Apr 4am,10479.83,,,,
Madhya Pradesh - 2024,28-Apr 5am,10590.5,,,,
Madhya Pradesh - 2024,28-Apr 6am,11575.28,,,,
Madhya Pradesh - 2024,28-Apr 7am,12467.11,,,,
Madhya Pradesh - 2024,28-Apr 8am,12142.83,,,,
Madhya Pradesh - 2024,28-Apr 9am,11899.59,,,,
Madhya Pradesh - 2024,28-Apr 10am,11588.34,,,,
Madhya Pradesh - 2024,28-Apr 11am,11557.47,,,,
Madhya Pradesh - 2024,28-Apr 12pm,11272.77,,,,
Madhya Pradesh - 2024,28-Apr 1pm,11072.01,,,,
Madhya Pradesh - 2024,28-Apr 2pm,10910.34,,,,
Madhya Pradesh - 2024,28-Apr 3pm,10916.53,,,,
Madhya Pradesh - 2024,28-Apr 4pm,10797.27,,,,
Madhya Pradesh - 2024,28-Apr 5pm,10590.01,,,,
Madhya Pradesh - 2024,28-Apr 6pm,10818.49,,,,
Madhya Pradesh - 2024,28-Apr 7pm,11624.58,,,,
Madhya Pradesh - 2024,28-Apr 8pm,11015.74,,,,
Madhya Pradesh - 2024,28-Apr 9pm,10633.46,,,,
Madhya Pradesh - 2024,28-Apr 10pm,11221.88,,,,
Madhya Pradesh - 2024,28-Apr 11pm,11534.46,,,,
Madhya Pradesh - 2024,29-Apr 12am,11382.02,,,,
Madhya Pradesh - 2024,29-Apr 1am,11194.34,,,,
Madhya Pradesh - 2024,29-Apr 2am,10884.61,,,,
Madhya Pradesh - 2024,29-Apr 3am,10847.21,,,,
Madhya Pradesh - 2024,29-Apr 4am,10845.61,,,,
Madhya Pradesh - 2024,29-Apr 5am,10922.11,,,,
Madhya Pradesh - 2024,29-Apr 6am,11748.42,,,,
Madhya Pradesh - 2024,29-Apr 7am,12489.76,,,,
Madhya Pradesh - 2024,29-Apr 8am,12233.89,,,,
Madhya Pradesh - 2024,29-Apr 9am,12097.34,,,,
Madhya Pradesh - 2024,29-Apr 10am,11862.53,,,,
Madhya Pradesh - 2024,29-Apr 11am,11839,,,,
Madhya Pradesh - 2024,29-Apr 12pm,11393.32,,,,
Madhya Pradesh - 2024,29-Apr 1pm,11251.43,,,,
Madhya Pradesh - 2024,29-Apr 2pm,11250.55,,,,
Madhya Pradesh - 2024,29-Apr 3pm,11270.22,,,,
Madhya Pradesh - 2024,29-Apr 4pm,10889.42,,,,
Madhya Pradesh - 2024,29-Apr 5pm,10171.37,,,,
Madhya Pradesh - 2024,29-Apr 6pm,10132.46,,,,
Madhya Pradesh - 2024,29-Apr 7pm,10603.89,,,,
Madhya Pradesh - 2024,29-Apr 8pm,9983.08,,,,
Madhya Pradesh - 2024,29-Apr 9pm,9873.39,,,,
Madhya Pradesh - 2024,29-Apr 10pm,10595.66,,,,
Madhya Pradesh - 2024,29-Apr 11pm,10864.63,,,,
Madhya Pradesh - 2024,30-Apr 12am,10703.65,,,,
Madhya Pradesh - 2024,30-Apr 1am,10532.38,,,,
Madhya Pradesh - 2024,30-Apr 2am,10248.64,,,,
Madhya Pradesh - 2024,30-Apr 3am,10223.71,,,,
Madhya Pradesh - 2024,30-Apr 4am,10251,,,,
Madhya Pradesh - 2024,30-Apr 5am,10270.87,,,,
Madhya Pradesh - 2024,30-Apr 6am,11038.86,,,,
Madhya Pradesh - 2024,30-Apr 7am,11753.54,,,,
Madhya Pradesh - 2024,30-Apr 8am,11646.49,,,,
Madhya Pradesh - 2024,30-Apr 9am,11418.34,,,,
Madhya Pradesh - 2024,30-Apr 10am,11131.83,,,,
Madhya Pradesh - 2024,30-Apr 11am,11090.62,,,,
Madhya Pradesh - 2024,30-Apr 12pm,10766.56,,,,
Madhya Pradesh - 2024,30-Apr 1pm,10679.11,,,,
Madhya Pradesh - 2024,30-Apr 2pm,10671.89,,,,
Madhya Pradesh - 2024,30-Apr 3pm,10784.99,,,,
Madhya Pradesh - 2024,30-Apr 4pm,10619.78,,,,
Madhya Pradesh - 2024,30-Apr 5pm,10105.27,,,,
Madhya Pradesh - 2024,30-Apr 6pm,10021.84,,,,
Madhya Pradesh - 2024,30-Apr 7pm,10719.97,,,,
Madhya Pradesh - 2024,30-Apr 8pm,10350.29,,,,
Madhya Pradesh - 2024,30-Apr 9pm,10139.5,,,,
Madhya Pradesh - 2024,30-Apr 10pm,10829.48,,,,
Madhya Pradesh - 2024,30-Apr 11pm,11127.24,,,,
Madhya Pradesh - 2024,01-May 12am,12830,,,,
Madhya Pradesh - 2024,01-May 1am,12384,,,,
Madhya Pradesh - 2024,01-May 2am,12046,,,,
Madhya Pradesh - 2024,01-May 3am,11895,,,,
Madhya Pradesh - 2024,01-May 4am,11741,,,,
Madhya Pradesh - 2024,01-May 5am,11505,,,,
Madhya Pradesh - 2024,01-May 6am,12040,,,,
Madhya Pradesh - 2024,01-May 7am,12593,,,,
Madhya Pradesh - 2024,01-May 8am,12227,,,,
Madhya Pradesh - 2024,01-May 9am,11994,,,,
Madhya Pradesh - 2024,01-May 10am,11652,,,,
Madhya Pradesh - 2024,01-May 11am,11710,,,,
Madhya Pradesh - 2024,01-May 12pm,11798,,,,
Madhya Pradesh - 2024,01-May 1pm,12079,,,,
Madhya Pradesh - 2024,01-May 2pm,11990,,,,
Madhya Pradesh - 2024,01-May 3pm,12065,,,,
Madhya Pradesh - 2024,01-May 4pm,12049,,,,
Madhya Pradesh - 2024,01-May 5pm,11278,,,,
Madhya Pradesh - 2024,01-May 6pm,10755,,,,
Madhya Pradesh - 2024,01-May 7pm,11515,,,,
Madhya Pradesh - 2024,01-May 8pm,11923,,,,
Madhya Pradesh - 2024,01-May 9pm,11329,,,,
Madhya Pradesh - 2024,01-May 10pm,11686,,,,
Madhya Pradesh - 2024,01-May 11pm,12748,,,,
Madhya Pradesh - 2024,02-May 12am,12518,,,,
Madhya Pradesh - 2024,02-May 1am,12161,,,,
Madhya Pradesh - 2024,02-May 2am,11779,,,,
Madhya Pradesh - 2024,02-May 3am,11630,,,,
Madhya Pradesh - 2024,02-May 4am,11363,,,,
Madhya Pradesh - 2024,02-May 5am,11010,,,,
Madhya Pradesh - 2024,02-May 6am,11448,,,,
Madhya Pradesh - 2024,02-May 7am,12230,,,,
Madhya Pradesh - 2024,02-May 8am,11870,,,,
Madhya Pradesh - 2024,02-May 9am,11647,,,,
Madhya Pradesh - 2024,02-May 10am,11527,,,,
Madhya Pradesh - 2024,02-May 11am,11682,,,,
Madhya Pradesh - 2024,02-May 12pm,11735,,,,
Madhya Pradesh - 2024,02-May 1pm,12095,,,,
Madhya Pradesh - 2024,02-May 2pm,12315,,,,
Madhya Pradesh - 2024,02-May 3pm,12521,,,,
Madhya Pradesh - 2024,02-May 4pm,12473,,,,
Madhya Pradesh - 2024,02-May 5pm,11635,,,,
Madhya Pradesh - 2024,02-May 6pm,11121,,,,
Madhya Pradesh - 2024,02-May 7pm,11554,,,,
Madhya Pradesh - 2024,02-May 8pm,11914,,,,
Madhya Pradesh - 2024,02-May 9pm,11281,,,,
Madhya Pradesh - 2024,02-May 10pm,11633,,,,
Madhya Pradesh - 2024,02-May 11pm,12669,,,,
Madhya Pradesh - 2024,03-May 12am,12403,,,,
Madhya Pradesh - 2024,03-May 1am,12161,,,,
Madhya Pradesh - 2024,03-May 2am,11690,,,,
Madhya Pradesh - 2024,03-May 3am,11593,,,,
Madhya Pradesh - 2024,03-May 4am,11347,,,,
Madhya Pradesh - 2024,03-May 5am,11129,,,,
Madhya Pradesh - 2024,03-May 6am,11564,,,,
Madhya Pradesh - 2024,03-May 7am,12380,,,,
Madhya Pradesh - 2024,03-May 8am,12022,,,,
Madhya Pradesh - 2024,03-May 9am,11657,,,,
Madhya Pradesh - 2024,03-May 10am,11625,,,,
Madhya Pradesh - 2024,03-May 11am,11849,,,,
Madhya Pradesh - 2024,03-May 12pm,12018,,,,
Madhya Pradesh - 2024,03-May 1pm,12250,,,,
Madhya Pradesh - 2024,03-May 2pm,12386,,,,
Madhya Pradesh - 2024,03-May 3pm,12681,,,,
Madhya Pradesh - 2024,03-May 4pm,12690,,,,
Madhya Pradesh - 2024,03-May 5pm,11985,,,,
Madhya Pradesh - 2024,03-May 6pm,11178,,,,
Madhya Pradesh - 2024,03-May 7pm,11814,,,,
Madhya Pradesh - 2024,03-May 8pm,12171,,,,
Madhya Pradesh - 2024,03-May 9pm,11417,,,,
Madhya Pradesh - 2024,03-May 10pm,11814,,,,
Madhya Pradesh - 2024,03-May 11pm,12794,,,,
Madhya Pradesh - 2024,04-May 12am,12572,,,,
Madhya Pradesh - 2024,04-May 1am,12220,,,,
Madhya Pradesh - 2024,04-May 2am,11860,,,,
Madhya Pradesh - 2024,04-May 3am,11796,,,,
Madhya Pradesh - 2024,04-May 4am,11540,,,,
Madhya Pradesh - 2024,04-May 5am,11285,,,,
Madhya Pradesh - 2024,04-May 6am,11821,,,,
Madhya Pradesh - 2024,04-May 7am,12479,,,,
Madhya Pradesh - 2024,04-May 8am,12037,,,,
Madhya Pradesh - 2024,04-May 9am,11800,,,,
Madhya Pradesh - 2024,04-May 10am,11793,,,,
Madhya Pradesh - 2024,04-May 11am,11811,,,,
Madhya Pradesh - 2024,04-May 12pm,12041,,,,
Madhya Pradesh - 2024,04-May 1pm,12468,,,,
Madhya Pradesh - 2024,04-May 2pm,12559,,,,
Madhya Pradesh - 2024,04-May 3pm,12826,,,,
Madhya Pradesh - 2024,04-May 4pm,12724,,,,
Madhya Pradesh - 2024,04-May 5pm,12024,,,,
Madhya Pradesh - 2024,04-May 6pm,11392,,,,
Madhya Pradesh - 2024,04-May 7pm,11810,,,,
Madhya Pradesh - 2024,04-May 8pm,12214,,,,
Madhya Pradesh - 2024,04-May 9pm,11632,,,,
Madhya Pradesh - 2024,04-May 10pm,12048,,,,
Madhya Pradesh - 2024,04-May 11pm,13057,,,,
Madhya Pradesh - 2024,05-May 12am,12739,,,,
Madhya Pradesh - 2024,05-May 1am,12637,,,,
Madhya Pradesh - 2024,05-May 2am,12328,,,,
Madhya Pradesh - 2024,05-May 3am,12255,,,,
Madhya Pradesh - 2024,05-May 4am,12033,,,,
Madhya Pradesh - 2024,05-May 5am,11705,,,,
Madhya Pradesh - 2024,05-May 6am,12173,,,,
Madhya Pradesh - 2024,05-May 7am,12770,,,,
Madhya Pradesh - 2024,05-May 8am,12258,,,,
Madhya Pradesh - 2024,05-May 9am,11899,,,,
Madhya Pradesh - 2024,05-May 10am,11584,,,,
Madhya Pradesh - 2024,05-May 11am,11735,,,,
Madhya Pradesh - 2024,05-May 12pm,12364,,,,
Madhya Pradesh - 2024,05-May 1pm,12733,,,,
Madhya Pradesh - 2024,05-May 2pm,12037,,,,
Madhya Pradesh - 2024,05-May 3pm,12224,,,,
Madhya Pradesh - 2024,05-May 4pm,12138,,,,
Madhya Pradesh - 2024,05-May 5pm,11541,,,,
Madhya Pradesh - 2024,05-May 6pm,10910,,,,
Madhya Pradesh - 2024,05-May 7pm,11562,,,,
Madhya Pradesh - 2024,05-May 8pm,11894,,,,
Madhya Pradesh - 2024,05-May 9pm,11395,,,,
Madhya Pradesh - 2024,05-May 10pm,11941,,,,
Madhya Pradesh - 2024,05-May 11pm,12996,,,,
Madhya Pradesh - 2024,06-May 12am,12750,,,,
Madhya Pradesh - 2024,06-May 1am,12400,,,,
Madhya Pradesh - 2024,06-May 2am,11989,,,,
Madhya Pradesh - 2024,06-May 3am,12023,,,,
Madhya Pradesh - 2024,06-May 4am,11884,,,,
Madhya Pradesh - 2024,06-May 5am,11732,,,,
Madhya Pradesh - 2024,06-May 6am,12225,,,,
Madhya Pradesh - 2024,06-May 7am,12631,,,,
Madhya Pradesh - 2024,06-May 8am,12509,,,,
Madhya Pradesh - 2024,06-May 9am,12208,,,,
Madhya Pradesh - 2024,06-May 10am,12377,,,,
Madhya Pradesh - 2024,06-May 11am,12610,,,,
Madhya Pradesh - 2024,06-May 12pm,12746,,,,
Madhya Pradesh - 2024,06-May 1pm,13117,,,,
Madhya Pradesh - 2024,06-May 2pm,13147,,,,
Madhya Pradesh - 2024,06-May 3pm,13423,,,,
Madhya Pradesh - 2024,06-May 4pm,13382,,,,
Madhya Pradesh - 2024,06-May 5pm,12693,,,,
Madhya Pradesh - 2024,06-May 6pm,11927,,,,
Madhya Pradesh - 2024,06-May 7pm,12247,,,,
Madhya Pradesh - 2024,06-May 8pm,12633,,,,
Madhya Pradesh - 2024,06-May 9pm,12031,,,,
Madhya Pradesh - 2024,06-May 10pm,12398,,,,
Madhya Pradesh - 2024,06-May 11pm,13299,,,,
Madhya Pradesh - 2024,07-May 12am,13160,,,,
Madhya Pradesh - 2024,07-May 1am,12831,,,,
Madhya Pradesh - 2024,07-May 2am,12540,,,,
Madhya Pradesh - 2024,07-May 3am,12393,,,,
Madhya Pradesh - 2024,07-May 4am,12341,,,,
Madhya Pradesh - 2024,07-May 5am,12103,,,,
Madhya Pradesh - 2024,07-May 6am,12641,,,,
Madhya Pradesh - 2024,07-May 7am,13063,,,,
Madhya Pradesh - 2024,07-May 8am,12631,,,,
Madhya Pradesh - 2024,07-May 9am,12613,,,,
Madhya Pradesh - 2024,07-May 10am,12511,,,,
Madhya Pradesh - 2024,07-May 11am,12604,,,,
Madhya Pradesh - 2024,07-May 12pm,12945,,,,
Madhya Pradesh - 2024,07-May 1pm,13239,,,,
Madhya Pradesh - 2024,07-May 2pm,13144,,,,
Madhya Pradesh - 2024,07-May 3pm,13023,,,,
Madhya Pradesh - 2024,07-May 4pm,12964,,,,
Madhya Pradesh - 2024,07-May 5pm,12083,,,,
Madhya Pradesh - 2024,07-May 6pm,11551,,,,
Madhya Pradesh - 2024,07-May 7pm,11876,,,,
Madhya Pradesh - 2024,07-May 8pm,12061,,,,
Madhya Pradesh - 2024,07-May 9pm,11435,,,,
Madhya Pradesh - 2024,07-May 10pm,12004,,,,
Madhya Pradesh - 2024,07-May 11pm,12963,,,,
Madhya Pradesh - 2024,08-May 12am,12639,,,,
Madhya Pradesh - 2024,08-May 1am,12407,,,,
Madhya Pradesh - 2024,08-May 2am,12020,,,,
Madhya Pradesh - 2024,08-May 3am,11969,,,,
Madhya Pradesh - 2024,08-May 4am,11761,,,,
Madhya Pradesh - 2024,08-May 5am,11559,,,,
Madhya Pradesh - 2024,08-May 6am,12028,,,,
Madhya Pradesh - 2024,08-May 7am,12643,,,,
Madhya Pradesh - 2024,08-May 8am,12464,,,,
Madhya Pradesh - 2024,08-May 9am,12233,,,,
Madhya Pradesh - 2024,08-May 10am,12229,,,,
Madhya Pradesh - 2024,08-May 11am,12341,,,,
Madhya Pradesh - 2024,08-May 12pm,12563,,,,
Madhya Pradesh - 2024,08-May 1pm,13235,,,,
Madhya Pradesh - 2024,08-May 2pm,13198,,,,
Madhya Pradesh - 2024,08-May 3pm,13200,,,,
Madhya Pradesh - 2024,08-May 4pm,12795,,,,
Madhya Pradesh - 2024,08-May 5pm,11140,,,,
Madhya Pradesh - 2024,08-May 6pm,10033,,,,
Madhya Pradesh - 2024,08-May 7pm,10564,,,,
Madhya Pradesh - 2024,08-May 8pm,11174,,,,
Madhya Pradesh - 2024,08-May 9pm,10758,,,,
Madhya Pradesh - 2024,08-May 10pm,11291,,,,
Madhya Pradesh - 2024,08-May 11pm,12372,,,,
Madhya Pradesh - 2024,09-May 12am,12323,,,,
Madhya Pradesh - 2024,09-May 1am,12116,,,,
Madhya Pradesh - 2024,09-May 2am,11712,,,,
Madhya Pradesh - 2024,09-May 3am,11512,,,,
Madhya Pradesh - 2024,09-May 4am,11447,,,,
Madhya Pradesh - 2024,09-May 5am,11183,,,,
Madhya Pradesh - 2024,09-May 6am,11696,,,,
Madhya Pradesh - 2024,09-May 7am,12060,,,,
Madhya Pradesh - 2024,09-May 8am,11818,,,,
Madhya Pradesh - 2024,09-May 9am,11453,,,,
Madhya Pradesh - 2024,09-May 10am,11500,,,,
Madhya Pradesh - 2024,09-May 11am,11488,,,,
Madhya Pradesh - 2024,09-May 12pm,11825,,,,
Madhya Pradesh - 2024,09-May 1pm,12260,,,,
Madhya Pradesh - 2024,09-May 2pm,12586,,,,
Madhya Pradesh - 2024,09-May 3pm,12576,,,,
Madhya Pradesh - 2024,09-May 4pm,11740,,,,
Madhya Pradesh - 2024,09-May 5pm,9959,,,,
Madhya Pradesh - 2024,09-May 6pm,9334,,,,
Madhya Pradesh - 2024,09-May 7pm,10180,,,,
Madhya Pradesh - 2024,09-May 8pm,10894,,,,
Madhya Pradesh - 2024,09-May 9pm,10722,,,,
Madhya Pradesh - 2024,09-May 10pm,11178,,,,
Madhya Pradesh - 2024,09-May 11pm,12006,,,,
Madhya Pradesh - 2024,10-May 12am,11913,,,,
Madhya Pradesh - 2024,10-May 1am,11701,,,,
Madhya Pradesh - 2024,10-May 2am,11409,,,,
Madhya Pradesh - 2024,10-May 3am,11287,,,,
Madhya Pradesh - 2024,10-May 4am,11233,,,,
Madhya Pradesh - 2024,10-May 5am,10962,,,,
Madhya Pradesh - 2024,10-May 6am,11591,,,,
Madhya Pradesh - 2024,10-May 7am,11869,,,,
Madhya Pradesh - 2024,10-May 8am,11808,,,,
Madhya Pradesh - 2024,10-May 9am,11520,,,,
Madhya Pradesh - 2024,10-May 10am,11568,,,,
Madhya Pradesh - 2024,10-May 11am,11763,,,,
Madhya Pradesh - 2024,10-May 12pm,12104,,,,
Madhya Pradesh - 2024,10-May 1pm,12412,,,,
Madhya Pradesh - 2024,10-May 2pm,12541,,,,
Madhya Pradesh - 2024,10-May 3pm,12684,,,,
Madhya Pradesh - 2024,10-May 4pm,12269,,,,
Madhya Pradesh - 2024,10-May 5pm,10757,,,,
Madhya Pradesh - 2024,10-May 6pm,9878,,,,
Madhya Pradesh - 2024,10-May 7pm,10166,,,,
Madhya Pradesh - 2024,10-May 8pm,10495,,,,
Madhya Pradesh - 2024,10-May 9pm,10439,,,,
Madhya Pradesh - 2024,10-May 10pm,11063,,,,
Madhya Pradesh - 2024,10-May 11pm,12039,,,,
Madhya Pradesh - 2024,11-May 12am,11920,,,,
Madhya Pradesh - 2024,11-May 1am,11580,,,,
Madhya Pradesh - 2024,11-May 2am,11558,,,,
Madhya Pradesh - 2024,11-May 3am,11419,,,,
Madhya Pradesh - 2024,11-May 4am,11173,,,,
Madhya Pradesh - 2024,11-May 5am,10970,,,,
Madhya Pradesh - 2024,11-May 6am,11369,,,,
Madhya Pradesh - 2024,11-May 7am,11720,,,,
Madhya Pradesh - 2024,11-May 8am,11470,,,,
Madhya Pradesh - 2024,11-May 9am,11448,,,,
Madhya Pradesh - 2024,11-May 10am,11257,,,,
Madhya Pradesh - 2024,11-May 11am,11356,,,,
Madhya Pradesh - 2024,11-May 12pm,11721,,,,
Madhya Pradesh - 2024,11-May 1pm,12114,,,,
Madhya Pradesh - 2024,11-May 2pm,12265,,,,
Madhya Pradesh - 2024,11-May 3pm,12576,,,,
Madhya Pradesh - 2024,11-May 4pm,12443,,,,
Madhya Pradesh - 2024,11-May 5pm,11840,,,,
Madhya Pradesh - 2024,11-May 6pm,11105,,,,
Madhya Pradesh - 2024,11-May 7pm,11676,,,,
Madhya Pradesh - 2024,11-May 8pm,12264,,,,
Madhya Pradesh - 2024,11-May 9pm,11777,,,,
Madhya Pradesh - 2024,11-May 10pm,12182,,,,
Madhya Pradesh - 2024,11-May 11pm,12939,,,,
Madhya Pradesh - 2024,12-May 12am,12823,,,,
Madhya Pradesh - 2024,12-May 1am,12621,,,,
Madhya Pradesh - 2024,12-May 2am,12215,,,,
Madhya Pradesh - 2024,12-May 3am,12134,,,,
Madhya Pradesh - 2024,12-May 4am,11672,,,,
Madhya Pradesh - 2024,12-May 5am,11345,,,,
Madhya Pradesh - 2024,12-May 6am,11767,,,,
Madhya Pradesh - 2024,12-May 7am,12067,,,,
Madhya Pradesh - 2024,12-May 8am,11834,,,,
Madhya Pradesh - 2024,12-May 9am,11546,,,,
Madhya Pradesh - 2024,12-May 10am,11278,,,,
Madhya Pradesh - 2024,12-May 11am,11409,,,,
Madhya Pradesh - 2024,12-May 12pm,11552,,,,
Madhya Pradesh - 2024,12-May 1pm,11849,,,,
Madhya Pradesh - 2024,12-May 2pm,12138,,,,
Madhya Pradesh - 2024,12-May 3pm,12213,,,,
Madhya Pradesh - 2024,12-May 4pm,11988,,,,
Madhya Pradesh - 2024,12-May 5pm,11167,,,,
Madhya Pradesh - 2024,12-May 6pm,10558,,,,
Madhya Pradesh - 2024,12-May 7pm,10961,,,,
Madhya Pradesh - 2024,12-May 8pm,11320,,,,
Madhya Pradesh - 2024,12-May 9pm,10930,,,,
Madhya Pradesh - 2024,12-May 10pm,11144,,,,
Madhya Pradesh - 2024,12-May 11pm,11715,,,,
Madhya Pradesh - 2024,13-May 12am,11556,,,,
Madhya Pradesh - 2024,13-May 1am,11489,,,,
Madhya Pradesh - 2024,13-May 2am,11132,,,,
Madhya Pradesh - 2024,13-May 3am,10958,,,,
Madhya Pradesh - 2024,13-May 4am,10820,,,,
Madhya Pradesh - 2024,13-May 5am,10520,,,,
Madhya Pradesh - 2024,13-May 6am,10900,,,,
Madhya Pradesh - 2024,13-May 7am,11224,,,,
Madhya Pradesh - 2024,13-May 8am,10989,,,,
Madhya Pradesh - 2024,13-May 9am,10897,,,,
Madhya Pradesh - 2024,13-May 10am,10750,,,,
Madhya Pradesh - 2024,13-May 11am,10970,,,,
Madhya Pradesh - 2024,13-May 12pm,11267,,,,
Madhya Pradesh - 2024,13-May 1pm,11704,,,,
Madhya Pradesh - 2024,13-May 2pm,11775,,,,
Madhya Pradesh - 2024,13-May 3pm,12047,,,,
Madhya Pradesh - 2024,13-May 4pm,11710,,,,
Madhya Pradesh - 2024,13-May 5pm,10767,,,,
Madhya Pradesh - 2024,13-May 6pm,10651,,,,
Madhya Pradesh - 2024,13-May 7pm,10651,,,,
Madhya Pradesh - 2024,13-May 8pm,10651,,,,
Madhya Pradesh - 2024,13-May 9pm,10651,,,,
Madhya Pradesh - 2024,13-May 10pm,10651,,,,
Madhya Pradesh - 2024,13-May 11pm,12118,,,,
Madhya Pradesh - 2024,14-May 12am,11946,,,,
Madhya Pradesh - 2024,14-May 1am,11659,,,,
Madhya Pradesh - 2024,14-May 2am,11326,,,,
Madhya Pradesh - 2024,14-May 3am,11281,,,,
Madhya Pradesh - 2024,14-May 4am,11061,,,,
Madhya Pradesh - 2024,14-May 5am,10807,,,,
Madhya Pradesh - 2024,14-May 6am,11383,,,,
Madhya Pradesh - 2024,14-May 7am,10355,,,,
Madhya Pradesh - 2024,14-May 8am,11534,,,,
Madhya Pradesh - 2024,14-May 9am,11364,,,,
Madhya Pradesh - 2024,14-May 10am,11344,,,,
Madhya Pradesh - 2024,14-May 11am,11420,,,,
Madhya Pradesh - 2024,14-May 12pm,11677,,,,
Madhya Pradesh - 2024,14-May 1pm,12011,,,,
Madhya Pradesh - 2024,14-May 2pm,11926,,,,
Madhya Pradesh - 2024,14-May 3pm,11674,,,,
Madhya Pradesh - 2024,14-May 4pm,11036,,,,
Madhya Pradesh - 2024,14-May 5pm,10087,,,,
Madhya Pradesh - 2024,14-May 6pm,9273,,,,
Madhya Pradesh - 2024,14-May 7pm,9668,,,,
Madhya Pradesh - 2024,14-May 8pm,9793,,,,
Madhya Pradesh - 2024,14-May 9pm,9437,,,,
Madhya Pradesh - 2024,14-May 10pm,10200,,,,
Madhya Pradesh - 2024,14-May 11pm,11007,,,,
Madhya Pradesh - 2024,15-May 12am,11273,,,,
Madhya Pradesh - 2024,15-May 1am,10998,,,,
Madhya Pradesh - 2024,15-May 2am,10861,,,,
Madhya Pradesh - 2024,15-May 3am,10750,,,,
Madhya Pradesh - 2024,15-May 4am,10608,,,,
Madhya Pradesh - 2024,15-May 5am,10390,,,,
Madhya Pradesh - 2024,15-May 6am,11021,,,,
Madhya Pradesh - 2024,15-May 7am,11399,,,,
Madhya Pradesh - 2024,15-May 8am,11165,,,,
Madhya Pradesh - 2024,15-May 9am,10981,,,,
Madhya Pradesh - 2024,15-May 10am,10926,,,,
Madhya Pradesh - 2024,15-May 11am,10931,,,,
Madhya Pradesh - 2024,15-May 12pm,11315,,,,
Madhya Pradesh - 2024,15-May 1pm,11614,,,,
Madhya Pradesh - 2024,15-May 2pm,11712,,,,
Madhya Pradesh - 2024,15-May 3pm,11938,,,,
Madhya Pradesh - 2024,15-May 4pm,11861,,,,
Madhya Pradesh - 2024,15-May 5pm,11014,,,,
Madhya Pradesh - 2024,15-May 6pm,10640,,,,
Madhya Pradesh - 2024,15-May 7pm,11252,,,,
Madhya Pradesh - 2024,15-May 8pm,11835,,,,
Madhya Pradesh - 2024,15-May 9pm,11492,,,,
Madhya Pradesh - 2024,15-May 10pm,11901,,,,
Madhya Pradesh - 2024,15-May 11pm,12658,,,,
Madhya Pradesh - 2024,16-May 12am,12620,,,,
Madhya Pradesh - 2024,16-May 1am,12284,,,,
Madhya Pradesh - 2024,16-May 2am,11976,,,,
Madhya Pradesh - 2024,16-May 3am,11819,,,,
Madhya Pradesh - 2024,16-May 4am,11559,,,,
Madhya Pradesh - 2024,16-May 5am,11311,,,,
Madhya Pradesh - 2024,16-May 6am,11752,,,,
Madhya Pradesh - 2024,16-May 7am,11914,,,,
Madhya Pradesh - 2024,16-May 8am,11727,,,,
Madhya Pradesh - 2024,16-May 9am,11586,,,,
Madhya Pradesh - 2024,16-May 10am,11491,,,,
Madhya Pradesh - 2024,16-May 11am,11695,,,,
Madhya Pradesh - 2024,16-May 12pm,12026,,,,
Madhya Pradesh - 2024,16-May 1pm,12374,,,,
Madhya Pradesh - 2024,16-May 2pm,12366,,,,
Madhya Pradesh - 2024,16-May 3pm,12382,,,,
Madhya Pradesh - 2024,16-May 4pm,12286,,,,
Madhya Pradesh - 2024,16-May 5pm,11544,,,,
Madhya Pradesh - 2024,16-May 6pm,11007,,,,
Madhya Pradesh - 2024,16-May 7pm,11465,,,,
Madhya Pradesh - 2024,16-May 8pm,12104,,,,
Madhya Pradesh - 2024,16-May 9pm,11581,,,,
Madhya Pradesh - 2024,16-May 10pm,12120,,,,
Madhya Pradesh - 2024,16-May 11pm,12902,,,,
Madhya Pradesh - 2024,17-May 12am,12792,,,,
Madhya Pradesh - 2024,17-May 1am,12591,,,,
Madhya Pradesh - 2024,17-May 2am,12372,,,,
Madhya Pradesh - 2024,17-May 3am,12232,,,,
Madhya Pradesh - 2024,17-May 4am,11997,,,,
Madhya Pradesh - 2024,17-May 5am,11727,,,,
Madhya Pradesh - 2024,17-May 6am,12100,,,,
Madhya Pradesh - 2024,17-May 7am,12305,,,,
Madhya Pradesh - 2024,17-May 8am,12056,,,,
Madhya Pradesh - 2024,17-May 9am,11903,,,,
Madhya Pradesh - 2024,17-May 10am,11885,,,,
Madhya Pradesh - 2024,17-May 11am,11890,,,,
Madhya Pradesh - 2024,17-May 12pm,12232,,,,
Madhya Pradesh - 2024,17-May 1pm,12658,,,,
Madhya Pradesh - 2024,17-May 2pm,12724,,,,
Madhya Pradesh - 2024,17-May 3pm,12867,,,,
Madhya Pradesh - 2024,17-May 4pm,12528,,,,
Madhya Pradesh - 2024,17-May 5pm,11442,,,,
Madhya Pradesh - 2024,17-May 6pm,10799,,,,
Madhya Pradesh - 2024,17-May 7pm,11506,,,,
Madhya Pradesh - 2024,17-May 8pm,12029,,,,
Madhya Pradesh - 2024,17-May 9pm,11706,,,,
Madhya Pradesh - 2024,17-May 10pm,12166,,,,
Madhya Pradesh - 2024,17-May 11pm,12775,,,,
Madhya Pradesh - 2024,18-May 12am,12676,,,,
Madhya Pradesh - 2024,18-May 1am,12552,,,,
Madhya Pradesh - 2024,18-May 2am,12257,,,,
Madhya Pradesh - 2024,18-May 3am,12161,,,,
Madhya Pradesh - 2024,18-May 4am,11718,,,,
Madhya Pradesh - 2024,18-May 5am,11524,,,,
Madhya Pradesh - 2024,18-May 6am,12192,,,,
Madhya Pradesh - 2024,18-May 7am,12494,,,,
Madhya Pradesh - 2024,18-May 8am,11979,,,,
Madhya Pradesh - 2024,18-May 9am,11818,,,,
Madhya Pradesh - 2024,18-May 10am,11810,,,,
Madhya Pradesh - 2024,18-May 11am,11919,,,,
Madhya Pradesh - 2024,18-May 12pm,12248,,,,
Madhya Pradesh - 2024,18-May 1pm,12698,,,,
Madhya Pradesh - 2024,18-May 2pm,12909,,,,
Madhya Pradesh - 2024,18-May 3pm,13208,,,,
Madhya Pradesh - 2024,18-May 4pm,12996,,,,
Madhya Pradesh - 2024,18-May 5pm,12012,,,,
Madhya Pradesh - 2024,18-May 6pm,10990,,,,
Madhya Pradesh - 2024,18-May 7pm,11590,,,,
Madhya Pradesh - 2024,18-May 8pm,12184,,,,
Madhya Pradesh - 2024,18-May 9pm,11680,,,,
Madhya Pradesh - 2024,18-May 10pm,12001,,,,
Madhya Pradesh - 2024,18-May 11pm,12849,,,,
Madhya Pradesh - 2024,19-May 12am,12755,,,,
Madhya Pradesh - 2024,19-May 1am,12511,,,,
Madhya Pradesh - 2024,19-May 2am,12235,,,,
Madhya Pradesh - 2024,19-May 3am,12134,,,,
Madhya Pradesh - 2024,19-May 4am,11848,,,,
Madhya Pradesh - 2024,19-May 5am,11543,,,,
Madhya Pradesh - 2024,19-May 6am,11886,,,,
Madhya Pradesh - 2024,19-May 7am,11922,,,,
Madhya Pradesh - 2024,19-May 8am,11632,,,,
Madhya Pradesh - 2024,19-May 9am,11046,,,,
Madhya Pradesh - 2024,19-May 10am,11070,,,,
Madhya Pradesh - 2024,19-May 11am,11300,,,,
Madhya Pradesh - 2024,19-May 12pm,12073,,,,
Madhya Pradesh - 2024,19-May 1pm,12591,,,,
Madhya Pradesh - 2024,19-May 2pm,12618,,,,
Madhya Pradesh - 2024,19-May 3pm,12750,,,,
Madhya Pradesh - 2024,19-May 4pm,12449,,,,
Madhya Pradesh - 2024,19-May 5pm,11156,,,,
Madhya Pradesh - 2024,19-May 6pm,10496,,,,
Madhya Pradesh - 2024,19-May 7pm,10738,,,,
Madhya Pradesh - 2024,19-May 8pm,11576,,,,
Madhya Pradesh - 2024,19-May 9pm,11267,,,,
Madhya Pradesh - 2024,19-May 10pm,11836,,,,
Madhya Pradesh - 2024,19-May 11pm,12587,,,,
Madhya Pradesh - 2024,20-May 12am,12442,,,,
Madhya Pradesh - 2024,20-May 1am,12116,,,,
Madhya Pradesh - 2024,20-May 2am,11918,,,,
Madhya Pradesh - 2024,20-May 3am,11793,,,,
Madhya Pradesh - 2024,20-May 4am,11531,,,,
Madhya Pradesh - 2024,20-May 5am,11391,,,,
Madhya Pradesh - 2024,20-May 6am,11774,,,,
Madhya Pradesh - 2024,20-May 7am,12038,,,,
Madhya Pradesh - 2024,20-May 8am,11788,,,,
Madhya Pradesh - 2024,20-May 9am,11661,,,,
Madhya Pradesh - 2024,20-May 10am,11793,,,,
Madhya Pradesh - 2024,20-May 11am,12144,,,,
Madhya Pradesh - 2024,20-May 12pm,12448,,,,
Madhya Pradesh - 2024,20-May 1pm,12926,,,,
Madhya Pradesh - 2024,20-May 2pm,13075,,,,
Madhya Pradesh - 2024,20-May 3pm,13194,,,,
Madhya Pradesh - 2024,20-May 4pm,13030,,,,
Madhya Pradesh - 2024,20-May 5pm,11749,,,,
Madhya Pradesh - 2024,20-May 6pm,10667,,,,
Madhya Pradesh - 2024,20-May 7pm,11009,,,,
Madhya Pradesh - 2024,20-May 8pm,11793,,,,
Madhya Pradesh - 2024,20-May 9pm,11673,,,,
Madhya Pradesh - 2024,20-May 10pm,12231,,,,
Madhya Pradesh - 2024,20-May 11pm,12928,,,,
Madhya Pradesh - 2024,21-May 12am,12669,,,,
Madhya Pradesh - 2024,21-May 1am,12380,,,,
Madhya Pradesh - 2024,21-May 2am,12178,,,,
Madhya Pradesh - 2024,21-May 3am,12092,,,,
Madhya Pradesh - 2024,21-May 4am,11929,,,,
Madhya Pradesh - 2024,21-May 5am,11696,,,,
Madhya Pradesh - 2024,21-May 6am,12153,,,,
Madhya Pradesh - 2024,21-May 7am,12462,,,,
Madhya Pradesh - 2024,21-May 8am,12099,,,,
Madhya Pradesh - 2024,21-May 9am,11829,,,,
Madhya Pradesh - 2024,21-May 10am,11956,,,,
Madhya Pradesh - 2024,21-May 11am,12194,,,,
Madhya Pradesh - 2024,21-May 12pm,12551,,,,
Madhya Pradesh - 2024,21-May 1pm,13110,,,,
Madhya Pradesh - 2024,21-May 2pm,13283,,,,
Madhya Pradesh - 2024,21-May 3pm,13304,,,,
Madhya Pradesh - 2024,21-May 4pm,12992,,,,
Madhya Pradesh - 2024,21-May 5pm,12032,,,,
Madhya Pradesh - 2024,21-May 6pm,11154,,,,
Madhya Pradesh - 2024,21-May 7pm,11684,,,,
Madhya Pradesh - 2024,21-May 8pm,12350,,,,
Madhya Pradesh - 2024,21-May 9pm,12027,,,,
Madhya Pradesh - 2024,21-May 10pm,12518,,,,
Madhya Pradesh - 2024,21-May 11pm,12908,,,,
Madhya Pradesh - 2024,22-May 12am,12898,,,,
Madhya Pradesh - 2024,22-May 1am,12723,,,,
Madhya Pradesh - 2024,22-May 2am,12426,,,,
Madhya Pradesh - 2024,22-May 3am,12380,,,,
Madhya Pradesh - 2024,22-May 4am,12432,,,,
Madhya Pradesh - 2024,22-May 5am,12137,,,,
Madhya Pradesh - 2024,22-May 6am,12419,,,,
Madhya Pradesh - 2024,22-May 7am,12637,,,,
Madhya Pradesh - 2024,22-May 8am,12335,,,,
Madhya Pradesh - 2024,22-May 9am,12191,,,,
Madhya Pradesh - 2024,22-May 10am,12332,,,,
Madhya Pradesh - 2024,22-May 11am,12598,,,,
Madhya Pradesh - 2024,22-May 12pm,12883,,,,
Madhya Pradesh - 2024,22-May 1pm,13271,,,,
Madhya Pradesh - 2024,22-May 2pm,13582,,,,
Madhya Pradesh - 2024,22-May 3pm,13473,,,,
Madhya Pradesh - 2024,22-May 4pm,13112,,,,
Madhya Pradesh - 2024,22-May 5pm,12293,,,,
Madhya Pradesh - 2024,22-May 6pm,11597,,,,
Madhya Pradesh - 2024,22-May 7pm,11880,,,,
Madhya Pradesh - 2024,22-May 8pm,12642,,,,
Madhya Pradesh - 2024,22-May 9pm,12316,,,,
Madhya Pradesh - 2024,22-May 10pm,12739,,,,
Madhya Pradesh - 2024,22-May 11pm,13101,,,,
Madhya Pradesh - 2024,23-May 12am,13155,,,,
Madhya Pradesh - 2024,23-May 1am,12941,,,,
Madhya Pradesh - 2024,23-May 2am,12744,,,,
Madhya Pradesh - 2024,23-May 3am,12735,,,,
Madhya Pradesh - 2024,23-May 4am,12569,,,,
Madhya Pradesh - 2024,23-May 5am,12375,,,,
Madhya Pradesh - 2024,23-May 6am,12649,,,,
Madhya Pradesh - 2024,23-May 7am,12757,,,,
Madhya Pradesh - 2024,23-May 8am,12359,,,,
Madhya Pradesh - 2024,23-May 9am,12297,,,,
Madhya Pradesh - 2024,23-May 10am,12307,,,,
Madhya Pradesh - 2024,23-May 11am,12446,,,,
Madhya Pradesh - 2024,23-May 12pm,12877,,,,
Madhya Pradesh - 2024,23-May 1pm,13159,,,,
Madhya Pradesh - 2024,23-May 2pm,13215,,,,
Madhya Pradesh - 2024,23-May 3pm,13457,,,,
Madhya Pradesh - 2024,23-May 4pm,13422,,,,
Madhya Pradesh - 2024,23-May 5pm,12429,,,,
Madhya Pradesh - 2024,23-May 6pm,11528,,,,
Madhya Pradesh - 2024,23-May 7pm,11882,,,,
Madhya Pradesh - 2024,23-May 8pm,12537,,,,
Madhya Pradesh - 2024,23-May 9pm,12048,,,,
Madhya Pradesh - 2024,23-May 10pm,12554,,,,
Madhya Pradesh - 2024,23-May 11pm,13373,,,,
Madhya Pradesh - 2024,24-May 12am,13244,,,,
Madhya Pradesh - 2024,24-May 1am,12927,,,,
Madhya Pradesh - 2024,24-May 2am,12759,,,,
Madhya Pradesh - 2024,24-May 3am,12681,,,,
Madhya Pradesh - 2024,24-May 4am,12551,,,,
Madhya Pradesh - 2024,24-May 5am,12348,,,,
Madhya Pradesh - 2024,24-May 6am,12604,,,,
Madhya Pradesh - 2024,24-May 7am,12851,,,,
Madhya Pradesh - 2024,24-May 8am,12450,,,,
Madhya Pradesh - 2024,24-May 9am,12411,,,,
Madhya Pradesh - 2024,24-May 10am,12397,,,,
Madhya Pradesh - 2024,24-May 11am,12968,,,,
Madhya Pradesh - 2024,24-May 12pm,13435,,,,
Madhya Pradesh - 2024,24-May 1pm,13751,,,,
Madhya Pradesh - 2024,24-May 2pm,13648,,,,
Madhya Pradesh - 2024,24-May 3pm,13902,,,,
Madhya Pradesh - 2024,24-May 4pm,13877,,,,
Madhya Pradesh - 2024,24-May 5pm,12732,,,,
Madhya Pradesh - 2024,24-May 6pm,11954,,,,
Madhya Pradesh - 2024,24-May 7pm,12332,,,,
Madhya Pradesh - 2024,24-May 8pm,13248,,,,
Madhya Pradesh - 2024,24-May 9pm,12793,,,,
Madhya Pradesh - 2024,24-May 10pm,13161,,,,
Madhya Pradesh - 2024,24-May 11pm,13621,,,,
Madhya Pradesh - 2024,25-May 12am,13579,,,,
Madhya Pradesh - 2024,25-May 1am,13306,,,,
Madhya Pradesh - 2024,25-May 2am,13137,,,,
Madhya Pradesh - 2024,25-May 3am,13193,,,,
Madhya Pradesh - 2024,25-May 4am,13003,,,,
Madhya Pradesh - 2024,25-May 5am,12874,,,,
Madhya Pradesh - 2024,25-May 6am,13039,,,,
Madhya Pradesh - 2024,25-May 7am,13251,,,,
Madhya Pradesh - 2024,25-May 8am,12792,,,,
Madhya Pradesh - 2024,25-May 9am,12852,,,,
Madhya Pradesh - 2024,25-May 10am,13120,,,,
Madhya Pradesh - 2024,25-May 11am,12964,,,,
Madhya Pradesh - 2024,25-May 12pm,13695,,,,
Madhya Pradesh - 2024,25-May 1pm,13908,,,,
Madhya Pradesh - 2024,25-May 2pm,13730,,,,
Madhya Pradesh - 2024,25-May 3pm,13768,,,,
Madhya Pradesh - 2024,25-May 4pm,13630,,,,
Madhya Pradesh - 2024,25-May 5pm,12699,,,,
Madhya Pradesh - 2024,25-May 6pm,11746,,,,
Madhya Pradesh - 2024,25-May 7pm,12067,,,,
Madhya Pradesh - 2024,25-May 8pm,12963,,,,
Madhya Pradesh - 2024,25-May 9pm,12563,,,,
Madhya Pradesh - 2024,25-May 10pm,12981,,,,
Madhya Pradesh - 2024,25-May 11pm,13582,,,,
Madhya Pradesh - 2024,26-May 12am,13473,,,,
Madhya Pradesh - 2024,26-May 1am,13519,,,,
Madhya Pradesh - 2024,26-May 2am,13110,,,,
Madhya Pradesh - 2024,26-May 3am,13150,,,,
Madhya Pradesh - 2024,26-May 4am,12907,,,,
Madhya Pradesh - 2024,26-May 5am,12691,,,,
Madhya Pradesh - 2024,26-May 6am,13082,,,,
Madhya Pradesh - 2024,26-May 7am,12935,,,,
Madhya Pradesh - 2024,26-May 8am,12566,,,,
Madhya Pradesh - 2024,26-May 9am,12212,,,,
Madhya Pradesh - 2024,26-May 10am,12014,,,,
Madhya Pradesh - 2024,26-May 11am,12358,,,,
Madhya Pradesh - 2024,26-May 12pm,12890,,,,
Madhya Pradesh - 2024,26-May 1pm,13002,,,,
Madhya Pradesh - 2024,26-May 2pm,12699,,,,
Madhya Pradesh - 2024,26-May 3pm,12252,,,,
Madhya Pradesh - 2024,26-May 4pm,11809,,,,
Madhya Pradesh - 2024,26-May 5pm,10816,,,,
Madhya Pradesh - 2024,26-May 6pm,10479,,,,
Madhya Pradesh - 2024,26-May 7pm,11002,,,,
Madhya Pradesh - 2024,26-May 8pm,12028,,,,
Madhya Pradesh - 2024,26-May 9pm,11856,,,,
Madhya Pradesh - 2024,26-May 10pm,12332,,,,
Madhya Pradesh - 2024,26-May 11pm,13061,,,,
Madhya Pradesh - 2024,27-May 12am,13012,,,,
Madhya Pradesh - 2024,27-May 1am,12824,,,,
Madhya Pradesh - 2024,27-May 2am,12531,,,,
Madhya Pradesh - 2024,27-May 3am,12369,,,,
Madhya Pradesh - 2024,27-May 4am,12333,,,,
Madhya Pradesh - 2024,27-May 5am,12156,,,,
Madhya Pradesh - 2024,27-May 6am,12474,,,,
Madhya Pradesh - 2024,27-May 7am,12469,,,,
Madhya Pradesh - 2024,27-May 8am,12469,,,,
Madhya Pradesh - 2024,27-May 9am,12469,,,,
Madhya Pradesh - 2024,27-May 10am,12469,,,,
Madhya Pradesh - 2024,27-May 11am,12469,,,,
Madhya Pradesh - 2024,27-May 12pm,12469,,,,
Madhya Pradesh - 2024,27-May 1pm,12469,,,,
Madhya Pradesh - 2024,27-May 2pm,12469,,,,
Madhya Pradesh - 2024,27-May 3pm,12469,,,,
Madhya Pradesh - 2024,27-May 4pm,13227,,,,
Madhya Pradesh - 2024,27-May 5pm,12512,,,,
Madhya Pradesh - 2024,27-May 6pm,11755,,,,
Madhya Pradesh - 2024,27-May 7pm,12047,,,,
Madhya Pradesh - 2024,27-May 8pm,12878,,,,
Madhya Pradesh - 2024,27-May 9pm,12402,,,,
Madhya Pradesh - 2024,27-May 10pm,12673,,,,
Madhya Pradesh - 2024,27-May 11pm,13439,,,,
Madhya Pradesh - 2024,28-May 12am,13408,,,,
Madhya Pradesh - 2024,28-May 1am,13028,,,,
Madhya Pradesh - 2024,28-May 2am,12863,,,,
Madhya Pradesh - 2024,28-May 3am,12811,,,,
Madhya Pradesh - 2024,28-May 4am,12541,,,,
Madhya Pradesh - 2024,28-May 5am,12318,,,,
Madhya Pradesh - 2024,28-May 6am,12544,,,,
Madhya Pradesh - 2024,28-May 7am,12621,,,,
Madhya Pradesh - 2024,28-May 8am,11958,,,,
Madhya Pradesh - 2024,28-May 9am,11276,,,,
Madhya Pradesh - 2024,28-May 10am,11305,,,,
Madhya Pradesh - 2024,28-May 11am,11658,,,,
Madhya Pradesh - 2024,28-May 12pm,12092,,,,
Madhya Pradesh - 2024,28-May 1pm,12462,,,,
Madhya Pradesh - 2024,28-May 2pm,12443,,,,
Madhya Pradesh - 2024,28-May 3pm,12698,,,,
Madhya Pradesh - 2024,28-May 4pm,12805,,,,
Madhya Pradesh - 2024,28-May 5pm,12126,,,,
Madhya Pradesh - 2024,28-May 6pm,11500,,,,
Madhya Pradesh - 2024,28-May 7pm,11911,,,,
Madhya Pradesh - 2024,28-May 8pm,12943,,,,
Madhya Pradesh - 2024,28-May 9pm,12606,,,,
Madhya Pradesh - 2024,28-May 10pm,12817,,,,
Madhya Pradesh - 2024,28-May 11pm,13469,,,,
Madhya Pradesh - 2024,29-May 12am,13347,,,,
Madhya Pradesh - 2024,29-May 1am,13135,,,,
Madhya Pradesh - 2024,29-May 2am,13003,,,,
Madhya Pradesh - 2024,29-May 3am,12923,,,,
Madhya Pradesh - 2024,29-May 4am,12795,,,,
Madhya Pradesh - 2024,29-May 5am,12594,,,,
Madhya Pradesh - 2024,29-May 6am,12971,,,,
Madhya Pradesh - 2024,29-May 7am,13087,,,,
Madhya Pradesh - 2024,29-May 8am,12285,,,,
Madhya Pradesh - 2024,29-May 9am,11876,,,,
Madhya Pradesh - 2024,29-May 10am,11960,,,,
Madhya Pradesh - 2024,29-May 11am,12538,,,,
Madhya Pradesh - 2024,29-May 12pm,13293,,,,
Madhya Pradesh - 2024,29-May 1pm,13606,,,,
Madhya Pradesh - 2024,29-May 2pm,13739,,,,
Madhya Pradesh - 2024,29-May 3pm,13815,,,,
Madhya Pradesh - 2024,29-May 4pm,13552,,,,
Madhya Pradesh - 2024,29-May 5pm,12207,,,,
Madhya Pradesh - 2024,29-May 6pm,11357,,,,
Madhya Pradesh - 2024,29-May 7pm,11761,,,,
Madhya Pradesh - 2024,29-May 8pm,12880,,,,
Madhya Pradesh - 2024,29-May 9pm,12418,,,,
Madhya Pradesh - 2024,29-May 10pm,12833,,,,
Madhya Pradesh - 2024,29-May 11pm,13415,,,,
Madhya Pradesh - 2024,30-May 12am,13437,,,,
Madhya Pradesh - 2024,30-May 1am,13067,,,,
Madhya Pradesh - 2024,30-May 2am,12766,,,,
Madhya Pradesh - 2024,30-May 3am,12888,,,,
Madhya Pradesh - 2024,30-May 4am,12726,,,,
Madhya Pradesh - 2024,30-May 5am,12620,,,,
Madhya Pradesh - 2024,30-May 6am,12849,,,,
Madhya Pradesh - 2024,30-May 7am,13051,,,,
Madhya Pradesh - 2024,30-May 8am,12447,,,,
Madhya Pradesh - 2024,30-May 9am,12177,,,,
Madhya Pradesh - 2024,30-May 10am,12312,,,,
Madhya Pradesh - 2024,30-May 11am,12882,,,,
Madhya Pradesh - 2024,30-May 12pm,13632,,,,
Madhya Pradesh - 2024,30-May 1pm,14044,,,,
Madhya Pradesh - 2024,30-May 2pm,14115,,,,
Madhya Pradesh - 2024,30-May 3pm,14063,,,,
Madhya Pradesh - 2024,30-May 4pm,13864,,,,
Madhya Pradesh - 2024,30-May 5pm,12475,,,,
Madhya Pradesh - 2024,30-May 6pm,11450,,,,
Madhya Pradesh - 2024,30-May 7pm,11826,,,,
Madhya Pradesh - 2024,30-May 8pm,12709,,,,
Madhya Pradesh - 2024,30-May 9pm,12343,,,,
Madhya Pradesh - 2024,30-May 10pm,12731,,,,
Madhya Pradesh - 2024,30-May 11pm,13359,,,,
Madhya Pradesh - 2024,31-May 12am,13287,,,,
Madhya Pradesh - 2024,31-May 1am,13107,,,,
Madhya Pradesh - 2024,31-May 2am,12810,,,,
Madhya Pradesh - 2024,31-May 3am,12921,,,,
Madhya Pradesh - 2024,31-May 4am,12690,,,,
Madhya Pradesh - 2024,31-May 5am,12493,,,,
Madhya Pradesh - 2024,31-May 6am,12761,,,,
Madhya Pradesh - 2024,31-May 7am,13039,,,,
Madhya Pradesh - 2024,31-May 8am,12578,,,,
Madhya Pradesh - 2024,31-May 9am,12273,,,,
Madhya Pradesh - 2024,31-May 10am,12335,,,,
Madhya Pradesh - 2024,31-May 11am,12769,,,,
Madhya Pradesh - 2024,31-May 12pm,13401,,,,
Madhya Pradesh - 2024,31-May 1pm,13718,,,,
Madhya Pradesh - 2024,31-May 2pm,13891,,,,
Madhya Pradesh - 2024,31-May 3pm,13949,,,,
Madhya Pradesh - 2024,31-May 4pm,13815,,,,
Madhya Pradesh - 2024,31-May 5pm,12368,,,,
Madhya Pradesh - 2024,31-May 6pm,11659,,,,
Madhya Pradesh - 2024,31-May 7pm,11722,,,,
Madhya Pradesh - 2024,31-May 8pm,12783,,,,
Madhya Pradesh - 2024,31-May 9pm,12221,,,,
Madhya Pradesh - 2024,31-May 10pm,12583,,,,
Madhya Pradesh - 2024,31-May 11pm,13400,,,,
Madhya Pradesh - 2024,01-Jun 12am,13273,,,,
Madhya Pradesh - 2024,01-Jun 1am,12974,,,,
Madhya Pradesh - 2024,01-Jun 2am,12833,,,,
Madhya Pradesh - 2024,01-Jun 3am,12822,,,,
Madhya Pradesh - 2024,01-Jun 4am,12619,,,,
Madhya Pradesh - 2024,01-Jun 5am,12364,,,,
Madhya Pradesh - 2024,01-Jun 6am,12744,,,,
Madhya Pradesh - 2024,01-Jun 7am,12806,,,,
Madhya Pradesh - 2024,01-Jun 8am,12259,,,,
Madhya Pradesh - 2024,01-Jun 9am,11934,,,,
Madhya Pradesh - 2024,01-Jun 10am,12028,,,,
Madhya Pradesh - 2024,01-Jun 11am,12433,,,,
Madhya Pradesh - 2024,01-Jun 12pm,13034,,,,
Madhya Pradesh - 2024,01-Jun 1pm,13561,,,,
Madhya Pradesh - 2024,01-Jun 2pm,13654,,,,
Madhya Pradesh - 2024,01-Jun 3pm,13739,,,,
Madhya Pradesh - 2024,01-Jun 4pm,13529,,,,
Madhya Pradesh - 2024,01-Jun 5pm,12093,,,,
Madhya Pradesh - 2024,01-Jun 6pm,11224,,,,
Madhya Pradesh - 2024,01-Jun 7pm,11616,,,,
Madhya Pradesh - 2024,01-Jun 8pm,12353,,,,
Madhya Pradesh - 2024,01-Jun 9pm,11902,,,,
Madhya Pradesh - 2024,01-Jun 10pm,12247,,,,
Madhya Pradesh - 2024,01-Jun 11pm,13103,,,,
Madhya Pradesh - 2024,02-Jun 12am,12864,,,,
Madhya Pradesh - 2024,02-Jun 1am,12728,,,,
Madhya Pradesh - 2024,02-Jun 2am,12541,,,,
Madhya Pradesh - 2024,02-Jun 3am,12567,,,,
Madhya Pradesh - 2024,02-Jun 4am,12388,,,,
Madhya Pradesh - 2024,02-Jun 5am,12087,,,,
Madhya Pradesh - 2024,02-Jun 6am,12285,,,,
Madhya Pradesh - 2024,02-Jun 7am,12502,,,,
Madhya Pradesh - 2024,02-Jun 8am,11892,,,,
Madhya Pradesh - 2024,02-Jun 9am,11554,,,,
Madhya Pradesh - 2024,02-Jun 10am,11557,,,,
Madhya Pradesh - 2024,02-Jun 11am,11944,,,,
Madhya Pradesh - 2024,02-Jun 12pm,12567,,,,
Madhya Pradesh - 2024,02-Jun 1pm,12784,,,,
Madhya Pradesh - 2024,02-Jun 2pm,12684,,,,
Madhya Pradesh - 2024,02-Jun 3pm,12493,,,,
Madhya Pradesh - 2024,02-Jun 4pm,12547,,,,
Madhya Pradesh - 2024,02-Jun 5pm,11673,,,,
Madhya Pradesh - 2024,02-Jun 6pm,10820,,,,
Madhya Pradesh - 2024,02-Jun 7pm,11072,,,,
Madhya Pradesh - 2024,02-Jun 8pm,11978,,,,
Madhya Pradesh - 2024,02-Jun 9pm,11726,,,,
Madhya Pradesh - 2024,02-Jun 10pm,11959,,,,
Madhya Pradesh - 2024,02-Jun 11pm,12670,,,,
Madhya Pradesh - 2024,03-Jun 12am,12707,,,,
Madhya Pradesh - 2024,03-Jun 1am,12537,,,,
Madhya Pradesh - 2024,03-Jun 2am,12270,,,,
Madhya Pradesh - 2024,03-Jun 3am,12119,,,,
Madhya Pradesh - 2024,03-Jun 4am,11974,,,,
Madhya Pradesh - 2024,03-Jun 5am,11859,,,,
Madhya Pradesh - 2024,03-Jun 6am,12024,,,,
Madhya Pradesh - 2024,03-Jun 7am,12385,,,,
Madhya Pradesh - 2024,03-Jun 8am,11962,,,,
Madhya Pradesh - 2024,03-Jun 9am,11596,,,,
Madhya Pradesh - 2024,03-Jun 10am,11634,,,,
Madhya Pradesh - 2024,03-Jun 11am,12209,,,,
Madhya Pradesh - 2024,03-Jun 12pm,13008,,,,
Madhya Pradesh - 2024,03-Jun 1pm,13304,,,,
Madhya Pradesh - 2024,03-Jun 2pm,13128,,,,
Madhya Pradesh - 2024,03-Jun 3pm,12487,,,,
Madhya Pradesh - 2024,03-Jun 4pm,12021,,,,
Madhya Pradesh - 2024,03-Jun 5pm,11066,,,,
Madhya Pradesh - 2024,03-Jun 6pm,10544,,,,
Madhya Pradesh - 2024,03-Jun 7pm,10913,,,,
Madhya Pradesh - 2024,03-Jun 8pm,11817,,,,
Madhya Pradesh - 2024,03-Jun 9pm,11691,,,,
Madhya Pradesh - 2024,03-Jun 10pm,11937,,,,
Madhya Pradesh - 2024,03-Jun 11pm,12706,,,,
Madhya Pradesh - 2024,04-Jun 12am,12754,,,,
Madhya Pradesh - 2024,04-Jun 1am,12275,,,,
Madhya Pradesh - 2024,04-Jun 2am,11563,,,,
Madhya Pradesh - 2024,04-Jun 3am,11852,,,,
Madhya Pradesh - 2024,04-Jun 4am,11598,,,,
Madhya Pradesh - 2024,04-Jun 5am,11437,,,,
Madhya Pradesh - 2024,04-Jun 6am,11678,,,,
Madhya Pradesh - 2024,04-Jun 7am,11952,,,,
Madhya Pradesh - 2024,04-Jun 8am,11708,,,,
Madhya Pradesh - 2024,04-Jun 9am,11658,,,,
Madhya Pradesh - 2024,04-Jun 10am,11644,,,,
Madhya Pradesh - 2024,04-Jun 11am,12274,,,,
Madhya Pradesh - 2024,04-Jun 12pm,12751,,,,
Madhya Pradesh - 2024,04-Jun 1pm,13214,,,,
Madhya Pradesh - 2024,04-Jun 2pm,13430,,,,
Madhya Pradesh - 2024,04-Jun 3pm,13573,,,,
Madhya Pradesh - 2024,04-Jun 4pm,12978,,,,
Madhya Pradesh - 2024,04-Jun 5pm,11254,,,,
Madhya Pradesh - 2024,04-Jun 6pm,10046,,,,
Madhya Pradesh - 2024,04-Jun 7pm,10202,,,,
Madhya Pradesh - 2024,04-Jun 8pm,11242,,,,
Madhya Pradesh - 2024,04-Jun 9pm,10947,,,,
Madhya Pradesh - 2024,04-Jun 10pm,11439,,,,
Madhya Pradesh - 2024,04-Jun 11pm,11983,,,,
Madhya Pradesh - 2024,05-Jun 12am,11817,,,,
Madhya Pradesh - 2024,05-Jun 1am,11548,,,,
Madhya Pradesh - 2024,05-Jun 2am,11271,,,,
Madhya Pradesh - 2024,05-Jun 3am,11150,,,,
Madhya Pradesh - 2024,05-Jun 4am,11023,,,,
Madhya Pradesh - 2024,05-Jun 5am,10839,,,,
Madhya Pradesh - 2024,05-Jun 6am,11059,,,,
Madhya Pradesh - 2024,05-Jun 7am,11322,,,,
Madhya Pradesh - 2024,05-Jun 8am,11041,,,,
Madhya Pradesh - 2024,05-Jun 9am,10442,,,,
Madhya Pradesh - 2024,05-Jun 10am,10507,,,,
Madhya Pradesh - 2024,05-Jun 11am,11104,,,,
Madhya Pradesh - 2024,05-Jun 12pm,11670,,,,
Madhya Pradesh - 2024,05-Jun 1pm,12227,,,,
Madhya Pradesh - 2024,05-Jun 2pm,12526,,,,
Madhya Pradesh - 2024,05-Jun 3pm,12816,,,,
Madhya Pradesh - 2024,05-Jun 4pm,12758,,,,
Madhya Pradesh - 2024,05-Jun 5pm,11815,,,,
Madhya Pradesh - 2024,05-Jun 6pm,11018,,,,
Madhya Pradesh - 2024,05-Jun 7pm,11309,,,,
Madhya Pradesh - 2024,05-Jun 8pm,12233,,,,
Madhya Pradesh - 2024,05-Jun 9pm,11983,,,,
Madhya Pradesh - 2024,05-Jun 10pm,12126,,,,
Madhya Pradesh - 2024,05-Jun 11pm,12660,,,,
Madhya Pradesh - 2024,06-Jun 12am,12670,,,,
Madhya Pradesh - 2024,06-Jun 1am,12220,,,,
Madhya Pradesh - 2024,06-Jun 2am,11942,,,,
Madhya Pradesh - 2024,06-Jun 3am,11693,,,,
Madhya Pradesh - 2024,06-Jun 4am,11411,,,,
Madhya Pradesh - 2024,06-Jun 5am,11151,,,,
Madhya Pradesh - 2024,06-Jun 6am,11623,,,,
Madhya Pradesh - 2024,06-Jun 7am,11695,,,,
Madhya Pradesh - 2024,06-Jun 8am,11458,,,,
Madhya Pradesh - 2024,06-Jun 9am,10993,,,,
Madhya Pradesh - 2024,06-Jun 10am,11176,,,,
Madhya Pradesh - 2024,06-Jun 11am,11570,,,,
Madhya Pradesh - 2024,06-Jun 12pm,11408,,,,
Madhya Pradesh - 2024,06-Jun 1pm,12628,,,,
Madhya Pradesh - 2024,06-Jun 2pm,12924,,,,
Madhya Pradesh - 2024,06-Jun 3pm,13145,,,,
Madhya Pradesh - 2024,06-Jun 4pm,13227,,,,
Madhya Pradesh - 2024,06-Jun 5pm,12155,,,,
Madhya Pradesh - 2024,06-Jun 6pm,11329,,,,
Madhya Pradesh - 2024,06-Jun 7pm,11393,,,,
Madhya Pradesh - 2024,06-Jun 8pm,12366,,,,
Madhya Pradesh - 2024,06-Jun 9pm,12043,,,,
Madhya Pradesh - 2024,06-Jun 10pm,12269,,,,
Madhya Pradesh - 2024,06-Jun 11pm,12855,,,,
Madhya Pradesh - 2024,07-Jun 12am,12649,,,,
Madhya Pradesh - 2024,07-Jun 1am,12355,,,,
Madhya Pradesh - 2024,07-Jun 2am,12287,,,,
Madhya Pradesh - 2024,07-Jun 3am,12186,,,,
Madhya Pradesh - 2024,07-Jun 4am,12009,,,,
Madhya Pradesh - 2024,07-Jun 5am,11796,,,,
Madhya Pradesh - 2024,07-Jun 6am,12054,,,,
Madhya Pradesh - 2024,07-Jun 7am,12316,,,,
Madhya Pradesh - 2024,07-Jun 8am,11755,,,,
Madhya Pradesh - 2024,07-Jun 9am,11375,,,,
Madhya Pradesh - 2024,07-Jun 10am,11451,,,,
Madhya Pradesh - 2024,07-Jun 11am,11914,,,,
Madhya Pradesh - 2024,07-Jun 12pm,12667,,,,
Madhya Pradesh - 2024,07-Jun 1pm,13112,,,,
Madhya Pradesh - 2024,07-Jun 2pm,13123,,,,
Madhya Pradesh - 2024,07-Jun 3pm,12919,,,,
Madhya Pradesh - 2024,07-Jun 4pm,12430,,,,
Madhya Pradesh - 2024,07-Jun 5pm,11571,,,,
Madhya Pradesh - 2024,07-Jun 6pm,10846,,,,
Madhya Pradesh - 2024,07-Jun 7pm,11033,,,,
Madhya Pradesh - 2024,07-Jun 8pm,11232,,,,
Madhya Pradesh - 2024,07-Jun 9pm,11181,,,,
Madhya Pradesh - 2024,07-Jun 10pm,11533,,,,
Madhya Pradesh - 2024,07-Jun 11pm,12381,,,,
Madhya Pradesh - 2024,08-Jun 12am,12400,,,,
Madhya Pradesh - 2024,08-Jun 1am,12179,,,,
Madhya Pradesh - 2024,08-Jun 2am,11917,,,,
Madhya Pradesh - 2024,08-Jun 3am,11670,,,,
Madhya Pradesh - 2024,08-Jun 4am,11533,,,,
Madhya Pradesh - 2024,08-Jun 5am,10950,,,,
Madhya Pradesh - 2024,08-Jun 6am,11157,,,,
Madhya Pradesh - 2024,08-Jun 7am,11274,,,,
Madhya Pradesh - 2024,08-Jun 8am,10975,,,,
Madhya Pradesh - 2024,08-Jun 9am,10671,,,,
Madhya Pradesh - 2024,08-Jun 10am,10546,,,,
Madhya Pradesh - 2024,08-Jun 11am,10427,,,,
Madhya Pradesh - 2024,08-Jun 12pm,10791,,,,
Madhya Pradesh - 2024,08-Jun 1pm,11081,,,,
Madhya Pradesh - 2024,08-Jun 2pm,11387,,,,
Madhya Pradesh - 2024,08-Jun 3pm,11470,,,,
Madhya Pradesh - 2024,08-Jun 4pm,11684,,,,
Madhya Pradesh - 2024,08-Jun 5pm,11193,,,,
Madhya Pradesh - 2024,08-Jun 6pm,10868,,,,
Madhya Pradesh - 2024,08-Jun 7pm,11160,,,,
Madhya Pradesh - 2024,08-Jun 8pm,11920,,,,
Madhya Pradesh - 2024,08-Jun 9pm,11641,,,,
Madhya Pradesh - 2024,08-Jun 10pm,11794,,,,
Madhya Pradesh - 2024,08-Jun 11pm,12491,,,,
Madhya Pradesh - 2024,09-Jun 12am,12451,,,,
Madhya Pradesh - 2024,09-Jun 1am,12231,,,,
Madhya Pradesh - 2024,09-Jun 2am,12018,,,,
Madhya Pradesh - 2024,09-Jun 3am,11886,,,,
Madhya Pradesh - 2024,09-Jun 4am,11580,,,,
Madhya Pradesh - 2024,09-Jun 5am,11362,,,,
Madhya Pradesh - 2024,09-Jun 6am,11679,,,,
Madhya Pradesh - 2024,09-Jun 7am,11884,,,,
Madhya Pradesh - 2024,09-Jun 8am,11256,,,,
Madhya Pradesh - 2024,09-Jun 9am,10642,,,,
Madhya Pradesh - 2024,09-Jun 10am,10460,,,,
Madhya Pradesh - 2024,09-Jun 11am,10535,,,,
Madhya Pradesh - 2024,09-Jun 12pm,11187,,,,
Madhya Pradesh - 2024,09-Jun 1pm,11970,,,,
Madhya Pradesh - 2024,09-Jun 2pm,12152,,,,
Madhya Pradesh - 2024,09-Jun 3pm,12255,,,,
Madhya Pradesh - 2024,09-Jun 4pm,11990,,,,
Madhya Pradesh - 2024,09-Jun 5pm,11102,,,,
Madhya Pradesh - 2024,09-Jun 6pm,10449,,,,
Madhya Pradesh - 2024,09-Jun 7pm,11063,,,,
Madhya Pradesh - 2024,09-Jun 8pm,11760,,,,
Madhya Pradesh - 2024,09-Jun 9pm,11472,,,,
Madhya Pradesh - 2024,09-Jun 10pm,11590,,,,
Madhya Pradesh - 2024,09-Jun 11pm,12063,,,,
Madhya Pradesh - 2024,10-Jun 12am,11768,,,,
Madhya Pradesh - 2024,10-Jun 1am,11428,,,,
Madhya Pradesh - 2024,10-Jun 2am,11143,,,,
Madhya Pradesh - 2024,10-Jun 3am,10968,,,,
Madhya Pradesh - 2024,10-Jun 4am,10982,,,,
Madhya Pradesh - 2024,10-Jun 5am,10989,,,,
Madhya Pradesh - 2024,10-Jun 6am,11294,,,,
Madhya Pradesh - 2024,10-Jun 7am,11532,,,,
Madhya Pradesh - 2024,10-Jun 8am,11275,,,,
Madhya Pradesh - 2024,10-Jun 9am,10856,,,,
Madhya Pradesh - 2024,10-Jun 10am,10815,,,,
Madhya Pradesh - 2024,10-Jun 11am,10911,,,,
Madhya Pradesh - 2024,10-Jun 12pm,11362,,,,
Madhya Pradesh - 2024,10-Jun 1pm,11796,,,,
Madhya Pradesh - 2024,10-Jun 2pm,12006,,,,
Madhya Pradesh - 2024,10-Jun 3pm,12291,,,,
Madhya Pradesh - 2024,10-Jun 4pm,12159,,,,
Madhya Pradesh - 2024,10-Jun 5pm,11413,,,,
Madhya Pradesh - 2024,10-Jun 6pm,10925,,,,
Madhya Pradesh - 2024,10-Jun 7pm,11353,,,,
Madhya Pradesh - 2024,10-Jun 8pm,11938,,,,
Madhya Pradesh - 2024,10-Jun 9pm,11453,,,,
Madhya Pradesh - 2024,10-Jun 10pm,11575,,,,
Madhya Pradesh - 2024,10-Jun 11pm,12022,,,,
Madhya Pradesh - 2024,11-Jun 12am,11964,,,,
Madhya Pradesh - 2024,11-Jun 1am,11673,,,,
Madhya Pradesh - 2024,11-Jun 2am,11466,,,,
Madhya Pradesh - 2024,11-Jun 3am,11228,,,,
Madhya Pradesh - 2024,11-Jun 4am,11120,,,,
Madhya Pradesh - 2024,11-Jun 5am,10956,,,,
Madhya Pradesh - 2024,11-Jun 6am,11418,,,,
Madhya Pradesh - 2024,11-Jun 7am,11551,,,,
Madhya Pradesh - 2024,11-Jun 8am,11264,,,,
Madhya Pradesh - 2024,11-Jun 9am,10852,,,,
Madhya Pradesh - 2024,11-Jun 10am,10779,,,,
Madhya Pradesh - 2024,11-Jun 11am,10912,,,,
Madhya Pradesh - 2024,11-Jun 12pm,11296,,,,
Madhya Pradesh - 2024,11-Jun 1pm,11829,,,,
Madhya Pradesh - 2024,11-Jun 2pm,12107,,,,
Madhya Pradesh - 2024,11-Jun 3pm,12255,,,,
Madhya Pradesh - 2024,11-Jun 4pm,12053,,,,
Madhya Pradesh - 2024,11-Jun 5pm,11394,,,,
Madhya Pradesh - 2024,11-Jun 6pm,10721,,,,
Madhya Pradesh - 2024,11-Jun 7pm,11071,,,,
Madhya Pradesh - 2024,11-Jun 8pm,11744,,,,
Madhya Pradesh - 2024,11-Jun 9pm,11479,,,,
Madhya Pradesh - 2024,11-Jun 10pm,11524,,,,
Madhya Pradesh - 2024,11-Jun 11pm,11980,,,,
Madhya Pradesh - 2024,12-Jun 12am,12106,,,,
Madhya Pradesh - 2024,12-Jun 1am,11576,,,,
Madhya Pradesh - 2024,12-Jun 2am,11496,,,,
Madhya Pradesh - 2024,12-Jun 3am,11135,,,,
Madhya Pradesh - 2024,12-Jun 4am,11025,,,,
Madhya Pradesh - 2024,12-Jun 5am,11085,,,,
Madhya Pradesh - 2024,12-Jun 6am,11530,,,,
Madhya Pradesh - 2024,12-Jun 7am,11580,,,,
Madhya Pradesh - 2024,12-Jun 8am,11207,,,,
Madhya Pradesh - 2024,12-Jun 9am,10812,,,,
Madhya Pradesh - 2024,12-Jun 10am,10744,,,,
Madhya Pradesh - 2024,12-Jun 11am,10817,,,,
Madhya Pradesh - 2024,12-Jun 12pm,11324,,,,
Madhya Pradesh - 2024,12-Jun 1pm,11705,,,,
Madhya Pradesh - 2024,12-Jun 2pm,12002,,,,
Madhya Pradesh - 2024,12-Jun 3pm,12295,,,,
Madhya Pradesh - 2024,12-Jun 4pm,12221,,,,
Madhya Pradesh - 2024,12-Jun 5pm,11381,,,,
Madhya Pradesh - 2024,12-Jun 6pm,10654,,,,
Madhya Pradesh - 2024,12-Jun 7pm,10904,,,,
Madhya Pradesh - 2024,12-Jun 8pm,11482,,,,
Madhya Pradesh - 2024,12-Jun 9pm,11073,,,,
Madhya Pradesh - 2024,12-Jun 10pm,11184,,,,
Madhya Pradesh - 2024,12-Jun 11pm,11647,,,,
Madhya Pradesh - 2024,13-Jun 12am,11474,,,,
Madhya Pradesh - 2024,13-Jun 1am,11147,,,,
Madhya Pradesh - 2024,13-Jun 2am,11039,,,,
Madhya Pradesh - 2024,13-Jun 3am,10915,,,,
Madhya Pradesh - 2024,13-Jun 4am,10757,,,,
Madhya Pradesh - 2024,13-Jun 5am,10594,,,,
Madhya Pradesh - 2024,13-Jun 6am,11090,,,,
Madhya Pradesh - 2024,13-Jun 7am,11284,,,,
Madhya Pradesh - 2024,13-Jun 8am,10856,,,,
Madhya Pradesh - 2024,13-Jun 9am,10421,,,,
Madhya Pradesh - 2024,13-Jun 10am,10350,,,,
Madhya Pradesh - 2024,13-Jun 11am,10535,,,,
Madhya Pradesh - 2024,13-Jun 12pm,10986,,,,
Madhya Pradesh - 2024,13-Jun 1pm,11397,,,,
Madhya Pradesh - 2024,13-Jun 2pm,11705,,,,
Madhya Pradesh - 2024,13-Jun 3pm,12010,,,,
Madhya Pradesh - 2024,13-Jun 4pm,11816,,,,
Madhya Pradesh - 2024,13-Jun 5pm,10989,,,,
Madhya Pradesh - 2024,13-Jun 6pm,10449,,,,
Madhya Pradesh - 2024,13-Jun 7pm,10793,,,,
Madhya Pradesh - 2024,13-Jun 8pm,11721,,,,
Madhya Pradesh - 2024,13-Jun 9pm,11493,,,,
Madhya Pradesh - 2024,13-Jun 10pm,11582,,,,
Madhya Pradesh - 2024,13-Jun 11pm,12041,,,,
Madhya Pradesh - 2024,14-Jun 12am,11989,,,,
Madhya Pradesh - 2024,14-Jun 1am,11606,,,,
Madhya Pradesh - 2024,14-Jun 2am,11348,,,,
Madhya Pradesh - 2024,14-Jun 3am,11326,,,,
Madhya Pradesh - 2024,14-Jun 4am,11233,,,,
Madhya Pradesh - 2024,14-Jun 5am,11070,,,,
Madhya Pradesh - 2024,14-Jun 6am,11667,,,,
Madhya Pradesh - 2024,14-Jun 7am,11837,,,,
Madhya Pradesh - 2024,14-Jun 8am,11311,,,,
Madhya Pradesh - 2024,14-Jun 9am,10900,,,,
Madhya Pradesh - 2024,14-Jun 10am,10880,,,,
Madhya Pradesh - 2024,14-Jun 11am,11185,,,,
Madhya Pradesh - 2024,14-Jun 12pm,11633,,,,
Madhya Pradesh - 2024,14-Jun 1pm,11913,,,,
Madhya Pradesh - 2024,14-Jun 2pm,11991,,,,
Madhya Pradesh - 2024,14-Jun 3pm,12059,,,,
Madhya Pradesh - 2024,14-Jun 4pm,11868,,,,
Madhya Pradesh - 2024,14-Jun 5pm,11170,,,,
Madhya Pradesh - 2024,14-Jun 6pm,10778,,,,
Madhya Pradesh - 2024,14-Jun 7pm,10992,,,,
Madhya Pradesh - 2024,14-Jun 8pm,11872,,,,
Madhya Pradesh - 2024,14-Jun 9pm,11628,,,,
Madhya Pradesh - 2024,14-Jun 10pm,11651,,,,
Madhya Pradesh - 2024,14-Jun 11pm,12084,,,,
Madhya Pradesh - 2024,15-Jun 12am,11986,,,,
Madhya Pradesh - 2024,15-Jun 1am,11568,,,,
Madhya Pradesh - 2024,15-Jun 2am,11368,,,,
Madhya Pradesh - 2024,15-Jun 3am,11271,,,,
Madhya Pradesh - 2024,15-Jun 4am,11228,,,,
Madhya Pradesh - 2024,15-Jun 5am,11061,,,,
Madhya Pradesh - 2024,15-Jun 6am,11718,,,,
Madhya Pradesh - 2024,15-Jun 7am,11903,,,,
Madhya Pradesh - 2024,15-Jun 8am,11367,,,,
Madhya Pradesh - 2024,15-Jun 9am,10994,,,,
Madhya Pradesh - 2024,15-Jun 10am,10802,,,,
Madhya Pradesh - 2024,15-Jun 11am,10916,,,,
Madhya Pradesh - 2024,15-Jun 12pm,11486,,,,
Madhya Pradesh - 2024,15-Jun 1pm,12054,,,,
Madhya Pradesh - 2024,15-Jun 2pm,12168,,,,
Madhya Pradesh - 2024,15-Jun 3pm,11954,,,,
Madhya Pradesh - 2024,15-Jun 4pm,11680,,,,
Madhya Pradesh - 2024,15-Jun 5pm,10911,,,,
Madhya Pradesh - 2024,15-Jun 6pm,10353,,,,
Madhya Pradesh - 2024,15-Jun 7pm,10851,,,,
Madhya Pradesh - 2024,15-Jun 8pm,11768,,,,
Madhya Pradesh - 2024,15-Jun 9pm,11617,,,,
Madhya Pradesh - 2024,15-Jun 10pm,11711,,,,
Madhya Pradesh - 2024,15-Jun 11pm,11999,,,,
Madhya Pradesh - 2024,16-Jun 12am,11975,,,,
Madhya Pradesh - 2024,16-Jun 1am,11582,,,,
Madhya Pradesh - 2024,16-Jun 2am,11155,,,,
Madhya Pradesh - 2024,16-Jun 3am,10953,,,,
Madhya Pradesh - 2024,16-Jun 4am,10847,,,,
Madhya Pradesh - 2024,16-Jun 5am,11020,,,,
Madhya Pradesh - 2024,16-Jun 6am,11581,,,,
Madhya Pradesh - 2024,16-Jun 7am,11668,,,,
Madhya Pradesh - 2024,16-Jun 8am,10962,,,,
Madhya Pradesh - 2024,16-Jun 9am,10348,,,,
Madhya Pradesh - 2024,16-Jun 10am,10197,,,,
Madhya Pradesh - 2024,16-Jun 11am,10370,,,,
Madhya Pradesh - 2024,16-Jun 12pm,10929,,,,
Madhya Pradesh - 2024,16-Jun 1pm,11661,,,,
Madhya Pradesh - 2024,16-Jun 2pm,12220,,,,
Madhya Pradesh - 2024,16-Jun 3pm,12270,,,,
Madhya Pradesh - 2024,16-Jun 4pm,12135,,,,
Madhya Pradesh - 2024,16-Jun 5pm,10702,,,,
Madhya Pradesh - 2024,16-Jun 6pm,10246,,,,
Madhya Pradesh - 2024,16-Jun 7pm,10523,,,,
Madhya Pradesh - 2024,16-Jun 8pm,11611,,,,
Madhya Pradesh - 2024,16-Jun 9pm,11402,,,,
Madhya Pradesh - 2024,16-Jun 10pm,11489,,,,
Madhya Pradesh - 2024,16-Jun 11pm,11990,,,,
Madhya Pradesh - 2024,17-Jun 12am,11914,,,,
Madhya Pradesh - 2024,17-Jun 1am,11634,,,,
Madhya Pradesh - 2024,17-Jun 2am,11346,,,,
Madhya Pradesh - 2024,17-Jun 3am,11105,,,,
Madhya Pradesh - 2024,17-Jun 4am,10877,,,,
Madhya Pradesh - 2024,17-Jun 5am,10891,,,,
Madhya Pradesh - 2024,17-Jun 6am,11456,,,,
Madhya Pradesh - 2024,17-Jun 7am,11633,,,,
Madhya Pradesh - 2024,17-Jun 8am,11121,,,,
Madhya Pradesh - 2024,17-Jun 9am,10773,,,,
Madhya Pradesh - 2024,17-Jun 10am,10854,,,,
Madhya Pradesh - 2024,17-Jun 11am,11292,,,,
Madhya Pradesh - 2024,17-Jun 12pm,11536,,,,
Madhya Pradesh - 2024,17-Jun 1pm,11998,,,,
Madhya Pradesh - 2024,17-Jun 2pm,11980,,,,
Madhya Pradesh - 2024,17-Jun 3pm,11609,,,,
Madhya Pradesh - 2024,17-Jun 4pm,11226,,,,
Madhya Pradesh - 2024,17-Jun 5pm,10369,,,,
Madhya Pradesh - 2024,17-Jun 6pm,10086,,,,
Madhya Pradesh - 2024,17-Jun 7pm,10334,,,,
Madhya Pradesh - 2024,17-Jun 8pm,11027,,,,
Madhya Pradesh - 2024,17-Jun 9pm,10921,,,,
Madhya Pradesh - 2024,17-Jun 10pm,11035,,,,
Madhya Pradesh - 2024,17-Jun 11pm,11468,,,,
Madhya Pradesh - 2024,18-Jun 12am,11196,,,,
Madhya Pradesh - 2024,18-Jun 1am,10935,,,,
Madhya Pradesh - 2024,18-Jun 2am,10822,,,,
Madhya Pradesh - 2024,18-Jun 3am,10642,,,,
Madhya Pradesh - 2024,18-Jun 4am,10615,,,,
Madhya Pradesh - 2024,18-Jun 5am,10463,,,,
Madhya Pradesh - 2024,18-Jun 6am,11189,,,,
Madhya Pradesh - 2024,18-Jun 7am,11574,,,,
Madhya Pradesh - 2024,18-Jun 8am,11119,,,,
Madhya Pradesh - 2024,18-Jun 9am,10970,,,,
Madhya Pradesh - 2024,18-Jun 10am,10885,,,,
Madhya Pradesh - 2024,18-Jun 11am,10977,,,,
Madhya Pradesh - 2024,18-Jun 12pm,11398,,,,
Madhya Pradesh - 2024,18-Jun 1pm,11625,,,,
Madhya Pradesh - 2024,18-Jun 2pm,11629,,,,
Madhya Pradesh - 2024,18-Jun 3pm,11231,,,,
Madhya Pradesh - 2024,18-Jun 4pm,10556,,,,
Madhya Pradesh - 2024,18-Jun 5pm,9674,,,,
Madhya Pradesh - 2024,18-Jun 6pm,9246,,,,
Madhya Pradesh - 2024,18-Jun 7pm,9243,,,,
Madhya Pradesh - 2024,18-Jun 8pm,9632,,,,
Madhya Pradesh - 2024,18-Jun 9pm,9628,,,,
Madhya Pradesh - 2024,18-Jun 10pm,9835,,,,
Madhya Pradesh - 2024,18-Jun 11pm,10164,,,,
Madhya Pradesh - 2024,19-Jun 12am,10178,,,,
Madhya Pradesh - 2024,19-Jun 1am,10101,,,,
Madhya Pradesh - 2024,19-Jun 2am,9837,,,,
Madhya Pradesh - 2024,19-Jun 3am,9850,,,,
Madhya Pradesh - 2024,19-Jun 4am,9744,,,,
Madhya Pradesh - 2024,19-Jun 5am,9662,,,,
Madhya Pradesh - 2024,19-Jun 6am,10136,,,,
Madhya Pradesh - 2024,19-Jun 7am,10624,,,,
Madhya Pradesh - 2024,19-Jun 8am,10395,,,,
Madhya Pradesh - 2024,19-Jun 9am,10193,,,,
Madhya Pradesh - 2024,19-Jun 10am,10270,,,,
Madhya Pradesh - 2024,19-Jun 11am,10244,,,,
Madhya Pradesh - 2024,19-Jun 12pm,10460,,,,
Madhya Pradesh - 2024,19-Jun 1pm,10761,,,,
Madhya Pradesh - 2024,19-Jun 2pm,10930,,,,
Madhya Pradesh - 2024,19-Jun 3pm,11108,,,,
Madhya Pradesh - 2024,19-Jun 4pm,11279,,,,
Madhya Pradesh - 2024,19-Jun 5pm,10818,,,,
Madhya Pradesh - 2024,19-Jun 6pm,10342,,,,
Madhya Pradesh - 2024,19-Jun 7pm,10570,,,,
Madhya Pradesh - 2024,19-Jun 8pm,11355,,,,
Madhya Pradesh - 2024,19-Jun 9pm,11001,,,,
Madhya Pradesh - 2024,19-Jun 10pm,11053,,,,
Madhya Pradesh - 2024,19-Jun 11pm,11479,,,,
Madhya Pradesh - 2024,20-Jun 12am,11408,,,,
Madhya Pradesh - 2024,20-Jun 1am,11007,,,,
Madhya Pradesh - 2024,20-Jun 2am,10869,,,,
Madhya Pradesh - 2024,20-Jun 3am,10868,,,,
Madhya Pradesh - 2024,20-Jun 4am,10679,,,,
Madhya Pradesh - 2024,20-Jun 5am,10703,,,,
Madhya Pradesh - 2024,20-Jun 6am,11221,,,,
Madhya Pradesh - 2024,20-Jun 7am,11660,,,,
Madhya Pradesh - 2024,20-Jun 8am,11343,,,,
Madhya Pradesh - 2024,20-Jun 9am,11026,,,,
Madhya Pradesh - 2024,20-Jun 10am,10992,,,,
Madhya Pradesh - 2024,20-Jun 11am,11065,,,,
Madhya Pradesh - 2024,20-Jun 12pm,11289,,,,
Madhya Pradesh - 2024,20-Jun 1pm,11439,,,,
Madhya Pradesh - 2024,20-Jun 2pm,11152,,,,
Madhya Pradesh - 2024,20-Jun 3pm,10715,,,,
Madhya Pradesh - 2024,20-Jun 4pm,10230,,,,
Madhya Pradesh - 2024,20-Jun 5pm,9617,,,,
Madhya Pradesh - 2024,20-Jun 6pm,9503,,,,
Madhya Pradesh - 2024,20-Jun 7pm,9747,,,,
Madhya Pradesh - 2024,20-Jun 8pm,10629,,,,
Madhya Pradesh - 2024,20-Jun 9pm,10339,,,,
Madhya Pradesh - 2024,20-Jun 10pm,10382,,,,
Madhya Pradesh - 2024,20-Jun 11pm,10842,,,,
Madhya Pradesh - 2024,21-Jun 12am,10829,,,,
Madhya Pradesh - 2024,21-Jun 1am,10466,,,,
Madhya Pradesh - 2024,21-Jun 2am,10081,,,,
Madhya Pradesh - 2024,21-Jun 3am,9874,,,,
Madhya Pradesh - 2024,21-Jun 4am,9670,,,,
Madhya Pradesh - 2024,21-Jun 5am,9597,,,,
Madhya Pradesh - 2024,21-Jun 6am,9804,,,,
Madhya Pradesh - 2024,21-Jun 7am,10211,,,,
Madhya Pradesh - 2024,21-Jun 8am,9969,,,,
Madhya Pradesh - 2024,21-Jun 9am,9831,,,,
Madhya Pradesh - 2024,21-Jun 10am,9734,,,,
Madhya Pradesh - 2024,21-Jun 11am,9680,,,,
Madhya Pradesh - 2024,21-Jun 12pm,9841,,,,
Madhya Pradesh - 2024,21-Jun 1pm,10017,,,,
Madhya Pradesh - 2024,21-Jun 2pm,10045,,,,
Madhya Pradesh - 2024,21-Jun 3pm,10205,,,,
Madhya Pradesh - 2024,21-Jun 4pm,9900,,,,
Madhya Pradesh - 2024,21-Jun 5pm,9747,,,,
Madhya Pradesh - 2024,21-Jun 6pm,9617,,,,
Madhya Pradesh - 2024,21-Jun 7pm,9923,,,,
Madhya Pradesh - 2024,21-Jun 8pm,10594,,,,
Madhya Pradesh - 2024,21-Jun 9pm,10396,,,,
Madhya Pradesh - 2024,21-Jun 10pm,10533,,,,
Madhya Pradesh - 2024,21-Jun 11pm,10793,,,,
Madhya Pradesh - 2024,22-Jun 12am,10650,,,,
Madhya Pradesh - 2024,22-Jun 1am,10430,,,,
Madhya Pradesh - 2024,22-Jun 2am,10167,,,,
Madhya Pradesh - 2024,22-Jun 3am,9997,,,,
Madhya Pradesh - 2024,22-Jun 4am,9853,,,,
Madhya Pradesh - 2024,22-Jun 5am,9804,,,,
Madhya Pradesh - 2024,22-Jun 6am,10261,,,,
Madhya Pradesh - 2024,22-Jun 7am,10508,,,,
Madhya Pradesh - 2024,22-Jun 8am,10196,,,,
Madhya Pradesh - 2024,22-Jun 9am,9875,,,,
Madhya Pradesh - 2024,22-Jun 10am,9679,,,,
Madhya Pradesh - 2024,22-Jun 11am,9612,,,,
Madhya Pradesh - 2024,22-Jun 12pm,9680,,,,
Madhya Pradesh - 2024,22-Jun 1pm,10002,,,,
Madhya Pradesh - 2024,22-Jun 2pm,9783,,,,
Madhya Pradesh - 2024,22-Jun 3pm,9783,,,,
Madhya Pradesh - 2024,22-Jun 4pm,9537,,,,
Madhya Pradesh - 2024,22-Jun 5pm,9260,,,,
Madhya Pradesh - 2024,22-Jun 6pm,9111,,,,
Madhya Pradesh - 2024,22-Jun 7pm,9557,,,,
Madhya Pradesh - 2024,22-Jun 8pm,10169,,,,
Madhya Pradesh - 2024,22-Jun 9pm,10072,,,,
Madhya Pradesh - 2024,22-Jun 10pm,10140,,,,
Madhya Pradesh - 2024,22-Jun 11pm,10457,,,,
Madhya Pradesh - 2024,23-Jun 12am,10208,,,,
Madhya Pradesh - 2024,23-Jun 1am,10172,,,,
Madhya Pradesh - 2024,23-Jun 2am,9958,,,,
Madhya Pradesh - 2024,23-Jun 3am,9827,,,,
Madhya Pradesh - 2024,23-Jun 4am,9685,,,,
Madhya Pradesh - 2024,23-Jun 5am,9709,,,,
Madhya Pradesh - 2024,23-Jun 6am,10162,,,,
Madhya Pradesh - 2024,23-Jun 7am,10265,,,,
Madhya Pradesh - 2024,23-Jun 8am,10052,,,,
Madhya Pradesh - 2024,23-Jun 9am,9702,,,,
Madhya Pradesh - 2024,23-Jun 10am,9478,,,,
Madhya Pradesh - 2024,23-Jun 11am,9407,,,,
Madhya Pradesh - 2024,23-Jun 12pm,9380,,,,
Madhya Pradesh - 2024,23-Jun 1pm,9584,,,,
Madhya Pradesh - 2024,23-Jun 2pm,9701,,,,
Madhya Pradesh - 2024,23-Jun 3pm,9653,,,,
Madhya Pradesh - 2024,23-Jun 4pm,9360,,,,
Madhya Pradesh - 2024,23-Jun 5pm,8992,,,,
Madhya Pradesh - 2024,23-Jun 6pm,9078,,,,
Madhya Pradesh - 2024,23-Jun 7pm,9484,,,,
Madhya Pradesh - 2024,23-Jun 8pm,10326,,,,
Madhya Pradesh - 2024,23-Jun 9pm,9889,,,,
Madhya Pradesh - 2024,23-Jun 10pm,10007,,,,
Madhya Pradesh - 2024,23-Jun 11pm,10082,,,,
Madhya Pradesh - 2024,24-Jun 12am,9971,,,,
Madhya Pradesh - 2024,24-Jun 1am,9704,,,,
Madhya Pradesh - 2024,24-Jun 2am,9722,,,,
Madhya Pradesh - 2024,24-Jun 3am,9467,,,,
Madhya Pradesh - 2024,24-Jun 4am,9334,,,,
Madhya Pradesh - 2024,24-Jun 5am,9343,,,,
Madhya Pradesh - 2024,24-Jun 6am,9857,,,,
Madhya Pradesh - 2024,24-Jun 7am,10012,,,,
Madhya Pradesh - 2024,24-Jun 8am,9858,,,,
Madhya Pradesh - 2024,24-Jun 9am,9668,,,,
Madhya Pradesh - 2024,24-Jun 10am,9707,,,,
Madhya Pradesh - 2024,24-Jun 11am,9746,,,,
Madhya Pradesh - 2024,24-Jun 12pm,9821,,,,
Madhya Pradesh - 2024,24-Jun 1pm,10006,,,,
Madhya Pradesh - 2024,24-Jun 2pm,10185,,,,
Madhya Pradesh - 2024,24-Jun 3pm,10470,,,,
Madhya Pradesh - 2024,24-Jun 4pm,10345,,,,
Madhya Pradesh - 2024,24-Jun 5pm,9921,,,,
Madhya Pradesh - 2024,24-Jun 6pm,9566,,,,
Madhya Pradesh - 2024,24-Jun 7pm,10142,,,,
Madhya Pradesh - 2024,24-Jun 8pm,10940,,,,
Madhya Pradesh - 2024,24-Jun 9pm,10905,,,,
Madhya Pradesh - 2024,24-Jun 10pm,10811,,,,
Madhya Pradesh - 2024,24-Jun 11pm,10953,,,,
Madhya Pradesh - 2024,25-Jun 12am,10814,,,,
Madhya Pradesh - 2024,25-Jun 1am,10580,,,,
Madhya Pradesh - 2024,25-Jun 2am,10415,,,,
Madhya Pradesh - 2024,25-Jun 3am,10240,,,,
Madhya Pradesh - 2024,25-Jun 4am,10064,,,,
Madhya Pradesh - 2024,25-Jun 5am,9981,,,,
Madhya Pradesh - 2024,25-Jun 6am,10513,,,,
Madhya Pradesh - 2024,25-Jun 7am,10811,,,,
Madhya Pradesh - 2024,25-Jun 8am,10597,,,,
Madhya Pradesh - 2024,25-Jun 9am,10371,,,,
Madhya Pradesh - 2024,25-Jun 10am,10247,,,,
Madhya Pradesh - 2024,25-Jun 11am,10158,,,,
Madhya Pradesh - 2024,25-Jun 12pm,10414,,,,
Madhya Pradesh - 2024,25-Jun 1pm,10486,,,,
Madhya Pradesh - 2024,25-Jun 2pm,10316,,,,
Madhya Pradesh - 2024,25-Jun 3pm,10495,,,,
Madhya Pradesh - 2024,25-Jun 4pm,10349,,,,
Madhya Pradesh - 2024,25-Jun 5pm,10043,,,,
Madhya Pradesh - 2024,25-Jun 6pm,9768,,,,
Madhya Pradesh - 2024,25-Jun 7pm,10216,,,,
Madhya Pradesh - 2024,25-Jun 8pm,10962,,,,
Madhya Pradesh - 2024,25-Jun 9pm,10798,,,,
Madhya Pradesh - 2024,25-Jun 10pm,10864,,,,
Madhya Pradesh - 2024,25-Jun 11pm,11183,,,,
Madhya Pradesh - 2024,26-Jun 12am,11083,,,,
Madhya Pradesh - 2024,26-Jun 1am,10785,,,,
Madhya Pradesh - 2024,26-Jun 2am,10609,,,,
Madhya Pradesh - 2024,26-Jun 3am,10395,,,,
Madhya Pradesh - 2024,26-Jun 4am,10299,,,,
Madhya Pradesh - 2024,26-Jun 5am,10265,,,,
Madhya Pradesh - 2024,26-Jun 6am,10782,,,,
Madhya Pradesh - 2024,26-Jun 7am,11082,,,,
Madhya Pradesh - 2024,26-Jun 8am,10770,,,,
Madhya Pradesh - 2024,26-Jun 9am,10498,,,,
Madhya Pradesh - 2024,26-Jun 10am,10422,,,,
Madhya Pradesh - 2024,26-Jun 11am,10415,,,,
Madhya Pradesh - 2024,26-Jun 12pm,10494,,,,
Madhya Pradesh - 2024,26-Jun 1pm,10691,,,,
Madhya Pradesh - 2024,26-Jun 2pm,10737,,,,
Madhya Pradesh - 2024,26-Jun 3pm,10355,,,,
Madhya Pradesh - 2024,26-Jun 4pm,9902,,,,
Madhya Pradesh - 2024,26-Jun 5pm,9434,,,,
Madhya Pradesh - 2024,26-Jun 6pm,9467,,,,
Madhya Pradesh - 2024,26-Jun 7pm,9965,,,,
Madhya Pradesh - 2024,26-Jun 8pm,10646,,,,
Madhya Pradesh - 2024,26-Jun 9pm,10550,,,,
Madhya Pradesh - 2024,26-Jun 10pm,10657,,,,
Madhya Pradesh - 2024,26-Jun 11pm,10770,,,,
Madhya Pradesh - 2024,27-Jun 12am,10698,,,,
Madhya Pradesh - 2024,27-Jun 1am,10452,,,,
Madhya Pradesh - 2024,27-Jun 2am,10103,,,,
Madhya Pradesh - 2024,27-Jun 3am,9808,,,,
Madhya Pradesh - 2024,27-Jun 4am,9591,,,,
Madhya Pradesh - 2024,27-Jun 5am,9488,,,,
Madhya Pradesh - 2024,27-Jun 6am,9963,,,,
Madhya Pradesh - 2024,27-Jun 7am,10328,,,,
Madhya Pradesh - 2024,27-Jun 8am,10013,,,,
Madhya Pradesh - 2024,27-Jun 9am,9957,,,,
Madhya Pradesh - 2024,27-Jun 10am,9924,,,,
Madhya Pradesh - 2024,27-Jun 11am,10127,,,,
Madhya Pradesh - 2024,27-Jun 12pm,10203,,,,
Madhya Pradesh - 2024,27-Jun 1pm,10299,,,,
Madhya Pradesh - 2024,27-Jun 2pm,10401,,,,
Madhya Pradesh - 2024,27-Jun 3pm,10334,,,,
Madhya Pradesh - 2024,27-Jun 4pm,10036,,,,
Madhya Pradesh - 2024,27-Jun 5pm,9243,,,,
Madhya Pradesh - 2024,27-Jun 6pm,9280,,,,
Madhya Pradesh - 2024,27-Jun 7pm,10022,,,,
Madhya Pradesh - 2024,27-Jun 8pm,10432,,,,
Madhya Pradesh - 2024,27-Jun 9pm,10340,,,,
Madhya Pradesh - 2024,27-Jun 10pm,10370,,,,
Madhya Pradesh - 2024,27-Jun 11pm,10817,,,,
Madhya Pradesh - 2024,28-Jun 12am,10717,,,,
Madhya Pradesh - 2024,28-Jun 1am,10280,,,,
Madhya Pradesh - 2024,28-Jun 2am,10079,,,,
Madhya Pradesh - 2024,28-Jun 3am,9918,,,,
Madhya Pradesh - 2024,28-Jun 4am,9804,,,,
Madhya Pradesh - 2024,28-Jun 5am,9720,,,,
Madhya Pradesh - 2024,28-Jun 6am,10237,,,,
Madhya Pradesh - 2024,28-Jun 7am,10441,,,,
Madhya Pradesh - 2024,28-Jun 8am,10149,,,,
Madhya Pradesh - 2024,28-Jun 9am,10008,,,,
Madhya Pradesh - 2024,28-Jun 10am,9778,,,,
Madhya Pradesh - 2024,28-Jun 11am,9568,,,,
Madhya Pradesh - 2024,28-Jun 12pm,9721,,,,
Madhya Pradesh - 2024,28-Jun 1pm,9601,,,,
Madhya Pradesh - 2024,28-Jun 2pm,9702,,,,
Madhya Pradesh - 2024,28-Jun 3pm,9839,,,,
Madhya Pradesh - 2024,28-Jun 4pm,9740,,,,
Madhya Pradesh - 2024,28-Jun 5pm,9583,,,,
Madhya Pradesh - 2024,28-Jun 6pm,9724,,,,
Madhya Pradesh - 2024,28-Jun 7pm,10027,,,,
Madhya Pradesh - 2024,28-Jun 8pm,10671,,,,
Madhya Pradesh - 2024,28-Jun 9pm,10339,,,,
Madhya Pradesh - 2024,28-Jun 10pm,10262,,,,
Madhya Pradesh - 2024,28-Jun 11pm,10520,,,,
Madhya Pradesh - 2024,29-Jun 12am,10139,,,,
Madhya Pradesh - 2024,29-Jun 1am,10052,,,,
Madhya Pradesh - 2024,29-Jun 2am,9965,,,,
Madhya Pradesh - 2024,29-Jun 3am,9688,,,,
Madhya Pradesh - 2024,29-Jun 4am,9536,,,,
Madhya Pradesh - 2024,29-Jun 5am,9397,,,,
Madhya Pradesh - 2024,29-Jun 6am,9826,,,,
Madhya Pradesh - 2024,29-Jun 7am,10095,,,,
Madhya Pradesh - 2024,29-Jun 8am,9822,,,,
Madhya Pradesh - 2024,29-Jun 9am,9441,,,,
Madhya Pradesh - 2024,29-Jun 10am,9165,,,,
Madhya Pradesh - 2024,29-Jun 11am,9113,,,,
Madhya Pradesh - 2024,29-Jun 12pm,9070,,,,
Madhya Pradesh - 2024,29-Jun 1pm,9165,,,,
Madhya Pradesh - 2024,29-Jun 2pm,9311,,,,
Madhya Pradesh - 2024,29-Jun 3pm,9529,,,,
Madhya Pradesh - 2024,29-Jun 4pm,9361,,,,
Madhya Pradesh - 2024,29-Jun 5pm,9205,,,,
Madhya Pradesh - 2024,29-Jun 6pm,9305,,,,
Madhya Pradesh - 2024,29-Jun 7pm,9710,,,,
Madhya Pradesh - 2024,29-Jun 8pm,10047,,,,
Madhya Pradesh - 2024,29-Jun 9pm,9846,,,,
Madhya Pradesh - 2024,29-Jun 10pm,9806,,,,
Madhya Pradesh - 2024,29-Jun 11pm,10032,,,,
Madhya Pradesh - 2024,30-Jun 12am,9920,,,,
Madhya Pradesh - 2024,30-Jun 1am,9668,,,,
Madhya Pradesh - 2024,30-Jun 2am,9594,,,,
Madhya Pradesh - 2024,30-Jun 3am,9421,,,,
Madhya Pradesh - 2024,30-Jun 4am,9115,,,,
Madhya Pradesh - 2024,30-Jun 5am,8982,,,,
Madhya Pradesh - 2024,30-Jun 6am,9370,,,,
Madhya Pradesh - 2024,30-Jun 7am,9809,,,,
Madhya Pradesh - 2024,30-Jun 8am,9492,,,,
Madhya Pradesh - 2024,30-Jun 9am,9113,,,,
Madhya Pradesh - 2024,30-Jun 10am,8947,,,,
Madhya Pradesh - 2024,30-Jun 11am,8882,,,,
Madhya Pradesh - 2024,30-Jun 12pm,8707,,,,
Madhya Pradesh - 2024,30-Jun 1pm,8616,,,,
Madhya Pradesh - 2024,30-Jun 2pm,8627,,,,
Madhya Pradesh - 2024,30-Jun 3pm,8513,,,,
Madhya Pradesh - 2024,30-Jun 4pm,8378,,,,
Madhya Pradesh - 2024,30-Jun 5pm,8302,,,,
Madhya Pradesh - 2024,30-Jun 6pm,8631,,,,
Madhya Pradesh - 2024,30-Jun 7pm,9137,,,,
Madhya Pradesh - 2024,30-Jun 8pm,9510,,,,
Madhya Pradesh - 2024,30-Jun 9pm,9228,,,,
Madhya Pradesh - 2024,30-Jun 10pm,9474,,,,
Madhya Pradesh - 2024,30-Jun 11pm,9664,,,,
Madhya Pradesh - 2024,01-Jul 12am,9549,,,,
Madhya Pradesh - 2024,01-Jul 1am,9302,,,,
Madhya Pradesh - 2024,01-Jul 2am,9172,,,,
Madhya Pradesh - 2024,01-Jul 3am,9122,,,,
Madhya Pradesh - 2024,01-Jul 4am,8915,,,,
Madhya Pradesh - 2024,01-Jul 5am,8878,,,,
Madhya Pradesh - 2024,01-Jul 6am,9484,,,,
Madhya Pradesh - 2024,01-Jul 7am,9723,,,,
Madhya Pradesh - 2024,01-Jul 8am,9630,,,,
Madhya Pradesh - 2024,01-Jul 9am,9149,,,,
Madhya Pradesh - 2024,01-Jul 10am,8857,,,,
Madhya Pradesh - 2024,01-Jul 11am,8668,,,,
Madhya Pradesh - 2024,01-Jul 12pm,8387,,,,
Madhya Pradesh - 2024,01-Jul 1pm,8281,,,,
Madhya Pradesh - 2024,01-Jul 2pm,8249,,,,
Madhya Pradesh - 2024,01-Jul 3pm,8366,,,,
Madhya Pradesh - 2024,01-Jul 4pm,8482,,,,
Madhya Pradesh - 2024,01-Jul 5pm,8459,,,,
Madhya Pradesh - 2024,01-Jul 6pm,8692,,,,
Madhya Pradesh - 2024,01-Jul 7pm,9207,,,,
Madhya Pradesh - 2024,01-Jul 8pm,9580,,,,
Madhya Pradesh - 2024,01-Jul 9pm,9271,,,,
Madhya Pradesh - 2024,01-Jul 10pm,9329,,,,
Madhya Pradesh - 2024,01-Jul 11pm,9497,,,,
Madhya Pradesh - 2024,02-Jul 12am,9427,,,,
Madhya Pradesh - 2024,02-Jul 1am,9164,,,,
Madhya Pradesh - 2024,02-Jul 2am,8941,,,,
Madhya Pradesh - 2024,02-Jul 3am,8978,,,,
Madhya Pradesh - 2024,02-Jul 4am,8824,,,,
Madhya Pradesh - 2024,02-Jul 5am,8891,,,,
Madhya Pradesh - 2024,02-Jul 6am,9589,,,,
Madhya Pradesh - 2024,02-Jul 7am,9977,,,,
Madhya Pradesh - 2024,02-Jul 8am,9815,,,,
Madhya Pradesh - 2024,02-Jul 9am,9495,,,,
Madhya Pradesh - 2024,02-Jul 10am,9079,,,,
Madhya Pradesh - 2024,02-Jul 11am,8775,,,,
Madhya Pradesh - 2024,02-Jul 12pm,8461,,,,
Madhya Pradesh - 2024,02-Jul 1pm,8385,,,,
Madhya Pradesh - 2024,02-Jul 2pm,8458,,,,
Madhya Pradesh - 2024,02-Jul 3pm,8587,,,,
Madhya Pradesh - 2024,02-Jul 4pm,8794,,,,
Madhya Pradesh - 2024,02-Jul 5pm,8783,,,,
Madhya Pradesh - 2024,02-Jul 6pm,8996,,,,
Madhya Pradesh - 2024,02-Jul 7pm,9634,,,,
Madhya Pradesh - 2024,02-Jul 8pm,10187,,,,
Madhya Pradesh - 2024,02-Jul 9pm,9821,,,,
Madhya Pradesh - 2024,02-Jul 10pm,9855,,,,
Madhya Pradesh - 2024,02-Jul 11pm,10139,,,,
Madhya Pradesh - 2024,03-Jul 12am,9897,,,,
Madhya Pradesh - 2024,03-Jul 1am,9665,,,,
Madhya Pradesh - 2024,03-Jul 2am,9334,,,,
Madhya Pradesh - 2024,03-Jul 3am,9258,,,,
Madhya Pradesh - 2024,03-Jul 4am,9322,,,,
Madhya Pradesh - 2024,03-Jul 5am,9324,,,,
Madhya Pradesh - 2024,03-Jul 6am,10025,,,,
Madhya Pradesh - 2024,03-Jul 7am,10640,,,,
Madhya Pradesh - 2024,03-Jul 8am,10468,,,,
Madhya Pradesh - 2024,03-Jul 9am,10073,,,,
Madhya Pradesh - 2024,03-Jul 10am,9595,,,,
Madhya Pradesh - 2024,03-Jul 11am,9209,,,,
Madhya Pradesh - 2024,03-Jul 12pm,8932,,,,
Madhya Pradesh - 2024,03-Jul 1pm,8978,,,,
Madhya Pradesh - 2024,03-Jul 2pm,8819,,,,
Madhya Pradesh - 2024,03-Jul 3pm,9088,,,,
Madhya Pradesh - 2024,03-Jul 4pm,9186,,,,
Madhya Pradesh - 2024,03-Jul 5pm,9089,,,,
Madhya Pradesh - 2024,03-Jul 6pm,9396,,,,
Madhya Pradesh - 2024,03-Jul 7pm,9920,,,,
Madhya Pradesh - 2024,03-Jul 8pm,10305,,,,
Madhya Pradesh - 2024,03-Jul 9pm,9764,,,,
Madhya Pradesh - 2024,03-Jul 10pm,9843,,,,
Madhya Pradesh - 2024,03-Jul 11pm,9903,,,,
Madhya Pradesh - 2024,04-Jul 12am,9774,,,,
Madhya Pradesh - 2024,04-Jul 1am,9511,,,,
Madhya Pradesh - 2024,04-Jul 2am,9422,,,,
Madhya Pradesh - 2024,04-Jul 3am,9392,,,,
Madhya Pradesh - 2024,04-Jul 4am,9371,,,,
Madhya Pradesh - 2024,04-Jul 5am,9348,,,,
Madhya Pradesh - 2024,04-Jul 6am,10007,,,,
Madhya Pradesh - 2024,04-Jul 7am,10514,,,,
Madhya Pradesh - 2024,04-Jul 8am,10140,,,,
Madhya Pradesh - 2024,04-Jul 9am,9922,,,,
Madhya Pradesh - 2024,04-Jul 10am,9582,,,,
Madhya Pradesh - 2024,04-Jul 11am,9204,,,,
Madhya Pradesh - 2024,04-Jul 12pm,9110,,,,
Madhya Pradesh - 2024,04-Jul 1pm,8901,,,,
Madhya Pradesh - 2024,04-Jul 2pm,8916,,,,
Madhya Pradesh - 2024,04-Jul 3pm,8957,,,,
Madhya Pradesh - 2024,04-Jul 4pm,8780,,,,
Madhya Pradesh - 2024,04-Jul 5pm,8945,,,,
Madhya Pradesh - 2024,04-Jul 6pm,9176,,,,
Madhya Pradesh - 2024,04-Jul 7pm,9691,,,,
Madhya Pradesh - 2024,04-Jul 8pm,10119,,,,
Madhya Pradesh - 2024,04-Jul 9pm,9728,,,,
Madhya Pradesh - 2024,04-Jul 10pm,9694,,,,
Madhya Pradesh - 2024,04-Jul 11pm,9781,,,,
Madhya Pradesh - 2024,05-Jul 12am,9623,,,,
Madhya Pradesh - 2024,05-Jul 1am,9295,,,,
Madhya Pradesh - 2024,05-Jul 2am,8939,,,,
Madhya Pradesh - 2024,05-Jul 3am,8995,,,,
Madhya Pradesh - 2024,05-Jul 4am,9039,,,,
Madhya Pradesh - 2024,05-Jul 5am,8846,,,,
Madhya Pradesh - 2024,05-Jul 6am,9585,,,,
Madhya Pradesh - 2024,05-Jul 7am,9921,,,,
Madhya Pradesh - 2024,05-Jul 8am,9906,,,,
Madhya Pradesh - 2024,05-Jul 9am,9687,,,,
Madhya Pradesh - 2024,05-Jul 10am,9516,,,,
Madhya Pradesh - 2024,05-Jul 11am,9126,,,,
Madhya Pradesh - 2024,05-Jul 12pm,8669,,,,
Madhya Pradesh - 2024,05-Jul 1pm,8591,,,,
Madhya Pradesh - 2024,05-Jul 2pm,8607,,,,
Madhya Pradesh - 2024,05-Jul 3pm,8645,,,,
Madhya Pradesh - 2024,05-Jul 4pm,8865,,,,
Madhya Pradesh - 2024,05-Jul 5pm,8922,,,,
Madhya Pradesh - 2024,05-Jul 6pm,9068,,,,
Madhya Pradesh - 2024,05-Jul 7pm,9442,,,,
Madhya Pradesh - 2024,05-Jul 8pm,9892,,,,
Madhya Pradesh - 2024,05-Jul 9pm,9464,,,,
Madhya Pradesh - 2024,05-Jul 10pm,9477,,,,
Madhya Pradesh - 2024,05-Jul 11pm,9565,,,,
Madhya Pradesh - 2024,06-Jul 12am,9361,,,,
Madhya Pradesh - 2024,06-Jul 1am,9164,,,,
Madhya Pradesh - 2024,06-Jul 2am,9108,,,,
Madhya Pradesh - 2024,06-Jul 3am,9023,,,,
Madhya Pradesh - 2024,06-Jul 4am,8776,,,,
Madhya Pradesh - 2024,06-Jul 5am,8680,,,,
Madhya Pradesh - 2024,06-Jul 6am,9182,,,,
Madhya Pradesh - 2024,06-Jul 7am,9764,,,,
Madhya Pradesh - 2024,06-Jul 8am,9684,,,,
Madhya Pradesh - 2024,06-Jul 9am,9531,,,,
Madhya Pradesh - 2024,06-Jul 10am,9189,,,,
Madhya Pradesh - 2024,06-Jul 11am,8737,,,,
Madhya Pradesh - 2024,06-Jul 12pm,8588,,,,
Madhya Pradesh - 2024,06-Jul 1pm,8576,,,,
Madhya Pradesh - 2024,06-Jul 2pm,8586,,,,
Madhya Pradesh - 2024,06-Jul 3pm,8837,,,,
Madhya Pradesh - 2024,06-Jul 4pm,8869,,,,
Madhya Pradesh - 2024,06-Jul 5pm,8867,,,,
Madhya Pradesh - 2024,06-Jul 6pm,9338,,,,
Madhya Pradesh - 2024,06-Jul 7pm,9813,,,,
Madhya Pradesh - 2024,06-Jul 8pm,10316,,,,
Madhya Pradesh - 2024,06-Jul 9pm,9724,,,,
Madhya Pradesh - 2024,06-Jul 10pm,9632,,,,
Madhya Pradesh - 2024,06-Jul 11pm,9830,,,,
Madhya Pradesh - 2024,07-Jul 12am,9675,,,,
Madhya Pradesh - 2024,07-Jul 1am,9506,,,,
Madhya Pradesh - 2024,07-Jul 2am,9292,,,,
Madhya Pradesh - 2024,07-Jul 3am,9259,,,,
Madhya Pradesh - 2024,07-Jul 4am,9189,,,,
Madhya Pradesh - 2024,07-Jul 5am,9201,,,,
Madhya Pradesh - 2024,07-Jul 6am,9797,,,,
Madhya Pradesh - 2024,07-Jul 7am,10351,,,,
Madhya Pradesh - 2024,07-Jul 8am,10299,,,,
Madhya Pradesh - 2024,07-Jul 9am,10041,,,,
Madhya Pradesh - 2024,07-Jul 10am,9599,,,,
Madhya Pradesh - 2024,07-Jul 11am,9241,,,,
Madhya Pradesh - 2024,07-Jul 12pm,9223,,,,
Madhya Pradesh - 2024,07-Jul 1pm,9242,,,,
Madhya Pradesh - 2024,07-Jul 2pm,9264,,,,
Madhya Pradesh - 2024,07-Jul 3pm,9343,,,,
Madhya Pradesh - 2024,07-Jul 4pm,9428,,,,
Madhya Pradesh - 2024,07-Jul 5pm,9298,,,,
Madhya Pradesh - 2024,07-Jul 6pm,9329,,,,
Madhya Pradesh - 2024,07-Jul 7pm,9750,,,,
Madhya Pradesh - 2024,07-Jul 8pm,10395,,,,
Madhya Pradesh - 2024,07-Jul 9pm,9871,,,,
Madhya Pradesh - 2024,07-Jul 10pm,9799,,,,
Madhya Pradesh - 2024,07-Jul 11pm,10050,,,,
Madhya Pradesh - 2024,08-Jul 12am,9859,,,,
Madhya Pradesh - 2024,08-Jul 1am,9718,,,,
Madhya Pradesh - 2024,08-Jul 2am,9565,,,,
Madhya Pradesh - 2024,08-Jul 3am,9492,,,,
Madhya Pradesh - 2024,08-Jul 4am,9417,,,,
Madhya Pradesh - 2024,08-Jul 5am,9447,,,,
Madhya Pradesh - 2024,08-Jul 6am,10125,,,,
Madhya Pradesh - 2024,08-Jul 7am,10667,,,,
Madhya Pradesh - 2024,08-Jul 8am,10577,,,,
Madhya Pradesh - 2024,08-Jul 9am,10256,,,,
Madhya Pradesh - 2024,08-Jul 10am,10196,,,,
Madhya Pradesh - 2024,08-Jul 11am,10060,,,,
Madhya Pradesh - 2024,08-Jul 12pm,10087,,,,
Madhya Pradesh - 2024,08-Jul 1pm,9900,,,,
Madhya Pradesh - 2024,08-Jul 2pm,10000,,,,
Madhya Pradesh - 2024,08-Jul 3pm,9905,,,,
Madhya Pradesh - 2024,08-Jul 4pm,9659,,,,
Madhya Pradesh - 2024,08-Jul 5pm,9641,,,,
Madhya Pradesh - 2024,08-Jul 6pm,9894,,,,
Madhya Pradesh - 2024,08-Jul 7pm,10196,,,,
Madhya Pradesh - 2024,08-Jul 8pm,10602,,,,
Madhya Pradesh - 2024,08-Jul 9pm,10373,,,,
Madhya Pradesh - 2024,08-Jul 10pm,10428,,,,
Madhya Pradesh - 2024,08-Jul 11pm,10659,,,,
Madhya Pradesh - 2024,09-Jul 12am,10507,,,,
Madhya Pradesh - 2024,09-Jul 1am,10271,,,,
Madhya Pradesh - 2024,09-Jul 2am,10071,,,,
Madhya Pradesh - 2024,09-Jul 3am,10134,,,,
Madhya Pradesh - 2024,09-Jul 4am,10062,,,,
Madhya Pradesh - 2024,09-Jul 5am,10106,,,,
Madhya Pradesh - 2024,09-Jul 6am,10765,,,,
Madhya Pradesh - 2024,09-Jul 7am,11199,,,,
Madhya Pradesh - 2024,09-Jul 8am,10813,,,,
Madhya Pradesh - 2024,09-Jul 9am,10550,,,,
Madhya Pradesh - 2024,09-Jul 10am,10381,,,,
Madhya Pradesh - 2024,09-Jul 11am,10268,,,,
Madhya Pradesh - 2024,09-Jul 12pm,10249,,,,
Madhya Pradesh - 2024,09-Jul 1pm,10363,,,,
Madhya Pradesh - 2024,09-Jul 2pm,10477,,,,
Madhya Pradesh - 2024,09-Jul 3pm,10803,,,,
Madhya Pradesh - 2024,09-Jul 4pm,10689,,,,
Madhya Pradesh - 2024,09-Jul 5pm,10585,,,,
Madhya Pradesh - 2024,09-Jul 6pm,10446,,,,
Madhya Pradesh - 2024,09-Jul 7pm,10732,,,,
Madhya Pradesh - 2024,09-Jul 8pm,11319,,,,
Madhya Pradesh - 2024,09-Jul 9pm,10950,,,,
Madhya Pradesh - 2024,09-Jul 10pm,11112,,,,
Madhya Pradesh - 2024,09-Jul 11pm,11243,,,,
Madhya Pradesh - 2024,10-Jul 12am,11071,,,,
Madhya Pradesh - 2024,10-Jul 1am,10760,,,,
Madhya Pradesh - 2024,10-Jul 2am,10751,,,,
Madhya Pradesh - 2024,10-Jul 3am,10760,,,,
Madhya Pradesh - 2024,10-Jul 4am,10584,,,,
Madhya Pradesh - 2024,10-Jul 5am,10545,,,,
Madhya Pradesh - 2024,10-Jul 6am,11230,,,,
Madhya Pradesh - 2024,10-Jul 7am,11802,,,,
Madhya Pradesh - 2024,10-Jul 8am,11403,,,,
Madhya Pradesh - 2024,10-Jul 9am,11157,,,,
Madhya Pradesh - 2024,10-Jul 10am,11042,,,,
Madhya Pradesh - 2024,10-Jul 11am,10807,,,,
Madhya Pradesh - 2024,10-Jul 12pm,10843,,,,
Madhya Pradesh - 2024,10-Jul 1pm,10899,,,,
Madhya Pradesh - 2024,10-Jul 2pm,10812,,,,
Madhya Pradesh - 2024,10-Jul 3pm,10828,,,,
Madhya Pradesh - 2024,10-Jul 4pm,10859,,,,
Madhya Pradesh - 2024,10-Jul 5pm,10624,,,,
Madhya Pradesh - 2024,10-Jul 6pm,10562,,,,
Madhya Pradesh - 2024,10-Jul 7pm,10993,,,,
Madhya Pradesh - 2024,10-Jul 8pm,11388,,,,
Madhya Pradesh - 2024,10-Jul 9pm,11054,,,,
Madhya Pradesh - 2024,10-Jul 10pm,11139,,,,
Madhya Pradesh - 2024,10-Jul 11pm,11424,,,,
Madhya Pradesh - 2024,11-Jul 12am,11253,,,,
Madhya Pradesh - 2024,11-Jul 1am,10966,,,,
Madhya Pradesh - 2024,11-Jul 2am,10854,,,,
Madhya Pradesh - 2024,11-Jul 3am,10941,,,,
Madhya Pradesh - 2024,11-Jul 4am,10918,,,,
Madhya Pradesh - 2024,11-Jul 5am,10821,,,,
Madhya Pradesh - 2024,11-Jul 6am,11446,,,,
Madhya Pradesh - 2024,11-Jul 7am,11822,,,,
Madhya Pradesh - 2024,11-Jul 8am,11468,,,,
Madhya Pradesh - 2024,11-Jul 9am,11028,,,,
Madhya Pradesh - 2024,11-Jul 10am,10700,,,,
Madhya Pradesh - 2024,11-Jul 11am,10138,,,,
Madhya Pradesh - 2024,11-Jul 12pm,10512,,,,
Madhya Pradesh - 2024,11-Jul 1pm,10560,,,,
Madhya Pradesh - 2024,11-Jul 2pm,10178,,,,
Madhya Pradesh - 2024,11-Jul 3pm,10172,,,,
Madhya Pradesh - 2024,11-Jul 4pm,10071,,,,
Madhya Pradesh - 2024,11-Jul 5pm,10015,,,,
Madhya Pradesh - 2024,11-Jul 6pm,10266,,,,
Madhya Pradesh - 2024,11-Jul 7pm,10564,,,,
Madhya Pradesh - 2024,11-Jul 8pm,11030,,,,
Madhya Pradesh - 2024,11-Jul 9pm,10473,,,,
Madhya Pradesh - 2024,11-Jul 10pm,10409,,,,
Madhya Pradesh - 2024,11-Jul 11pm,10612,,,,
Madhya Pradesh - 2024,12-Jul 12am,10606,,,,
Madhya Pradesh - 2024,12-Jul 1am,10606,,,,
Madhya Pradesh - 2024,12-Jul 2am,10355,,,,
Madhya Pradesh - 2024,12-Jul 3am,10435,,,,
Madhya Pradesh - 2024,12-Jul 4am,10387,,,,
Madhya Pradesh - 2024,12-Jul 5am,10488,,,,
Madhya Pradesh - 2024,12-Jul 6am,10983,,,,
Madhya Pradesh - 2024,12-Jul 7am,11449,,,,
Madhya Pradesh - 2024,12-Jul 8am,11090,,,,
Madhya Pradesh - 2024,12-Jul 9am,10912,,,,
Madhya Pradesh - 2024,12-Jul 10am,10558,,,,
Madhya Pradesh - 2024,12-Jul 11am,10386,,,,
Madhya Pradesh - 2024,12-Jul 12pm,10394,,,,
Madhya Pradesh - 2024,12-Jul 1pm,10317,,,,
Madhya Pradesh - 2024,12-Jul 2pm,10396,,,,
Madhya Pradesh - 2024,12-Jul 3pm,10357,,,,
Madhya Pradesh - 2024,12-Jul 4pm,10342,,,,
Madhya Pradesh - 2024,12-Jul 5pm,9951,,,,
Madhya Pradesh - 2024,12-Jul 6pm,10095,,,,
Madhya Pradesh - 2024,12-Jul 7pm,10448,,,,
Madhya Pradesh - 2024,12-Jul 8pm,10907,,,,
Madhya Pradesh - 2024,12-Jul 9pm,10446,,,,
Madhya Pradesh - 2024,12-Jul 10pm,10330,,,,
Madhya Pradesh - 2024,12-Jul 11pm,10759,,,,
Madhya Pradesh - 2024,13-Jul 12am,10645,,,,
Madhya Pradesh - 2024,13-Jul 1am,10684,,,,
Madhya Pradesh - 2024,13-Jul 2am,10464,,,,
Madhya Pradesh - 2024,13-Jul 3am,10417,,,,
Madhya Pradesh - 2024,13-Jul 4am,10253,,,,
Madhya Pradesh - 2024,13-Jul 5am,10232,,,,
Madhya Pradesh - 2024,13-Jul 6am,10827,,,,
Madhya Pradesh - 2024,13-Jul 7am,11200,,,,
Madhya Pradesh - 2024,13-Jul 8am,10856,,,,
Madhya Pradesh - 2024,13-Jul 9am,10738,,,,
Madhya Pradesh - 2024,13-Jul 10am,10524,,,,
Madhya Pradesh - 2024,13-Jul 11am,10247,,,,
Madhya Pradesh - 2024,13-Jul 12pm,10401,,,,
Madhya Pradesh - 2024,13-Jul 1pm,10488,,,,
Madhya Pradesh - 2024,13-Jul 2pm,10480,,,,
Madhya Pradesh - 2024,13-Jul 3pm,10679,,,,
Madhya Pradesh - 2024,13-Jul 4pm,10509,,,,
Madhya Pradesh - 2024,13-Jul 5pm,10164,,,,
Madhya Pradesh - 2024,13-Jul 6pm,10264,,,,
Madhya Pradesh - 2024,13-Jul 7pm,10713,,,,
Madhya Pradesh - 2024,13-Jul 8pm,11273,,,,
Madhya Pradesh - 2024,13-Jul 9pm,10702,,,,
Madhya Pradesh - 2024,13-Jul 10pm,10793,,,,
Madhya Pradesh - 2024,13-Jul 11pm,11140,,,,
Madhya Pradesh - 2024,14-Jul 12am,11023,,,,
Madhya Pradesh - 2024,14-Jul 1am,10888,,,,
Madhya Pradesh - 2024,14-Jul 2am,10613,,,,
Madhya Pradesh - 2024,14-Jul 3am,10542,,,,
Madhya Pradesh - 2024,14-Jul 4am,10579,,,,
Madhya Pradesh - 2024,14-Jul 5am,10436,,,,
Madhya Pradesh - 2024,14-Jul 6am,10935,,,,
Madhya Pradesh - 2024,14-Jul 7am,11438,,,,
Madhya Pradesh - 2024,14-Jul 8am,11325,,,,
Madhya Pradesh - 2024,14-Jul 9am,11089,,,,
Madhya Pradesh - 2024,14-Jul 10am,10797,,,,
Madhya Pradesh - 2024,14-Jul 11am,10454,,,,
Madhya Pradesh - 2024,14-Jul 12pm,10505,,,,
Madhya Pradesh - 2024,14-Jul 1pm,10393,,,,
Madhya Pradesh - 2024,14-Jul 2pm,10418,,,,
Madhya Pradesh - 2024,14-Jul 3pm,10358,,,,
Madhya Pradesh - 2024,14-Jul 4pm,10419,,,,
Madhya Pradesh - 2024,14-Jul 5pm,10237,,,,
Madhya Pradesh - 2024,14-Jul 6pm,10228,,,,
Madhya Pradesh - 2024,14-Jul 7pm,10584,,,,
Madhya Pradesh - 2024,14-Jul 8pm,11072,,,,
Madhya Pradesh - 2024,14-Jul 9pm,10694,,,,
Madhya Pradesh - 2024,14-Jul 10pm,10656,,,,
Madhya Pradesh - 2024,14-Jul 11pm,10974,,,,
Madhya Pradesh - 2024,15-Jul 12am,10888,,,,
Madhya Pradesh - 2024,15-Jul 1am,10865,,,,
Madhya Pradesh - 2024,15-Jul 2am,10707,,,,
Madhya Pradesh - 2024,15-Jul 3am,10597,,,,
Madhya Pradesh - 2024,15-Jul 4am,10504,,,,
Madhya Pradesh - 2024,15-Jul 5am,10542,,,,
Madhya Pradesh - 2024,15-Jul 6am,11068,,,,
Madhya Pradesh - 2024,15-Jul 7am,11655,,,,
Madhya Pradesh - 2024,15-Jul 8am,11556,,,,
Madhya Pradesh - 2024,15-Jul 9am,11415,,,,
Madhya Pradesh - 2024,15-Jul 10am,11028,,,,
Madhya Pradesh - 2024,15-Jul 11am,10741,,,,
Madhya Pradesh - 2024,15-Jul 12pm,10886,,,,
Madhya Pradesh - 2024,15-Jul 1pm,10661,,,,
Madhya Pradesh - 2024,15-Jul 2pm,10592,,,,
Madhya Pradesh - 2024,15-Jul 3pm,10752,,,,
Madhya Pradesh - 2024,15-Jul 4pm,10729,,,,
Madhya Pradesh - 2024,15-Jul 5pm,10627,,,,
Madhya Pradesh - 2024,15-Jul 6pm,10726,,,,
Madhya Pradesh - 2024,15-Jul 7pm,10705,,,,
Madhya Pradesh - 2024,15-Jul 8pm,10878,,,,
Madhya Pradesh - 2024,15-Jul 9pm,10257,,,,
Madhya Pradesh - 2024,15-Jul 10pm,10517,,,,
Madhya Pradesh - 2024,15-Jul 11pm,10951,,,,
Madhya Pradesh - 2024,16-Jul 12am,10965,,,,
Madhya Pradesh - 2024,16-Jul 1am,11040,,,,
Madhya Pradesh - 2024,16-Jul 2am,10921,,,,
Madhya Pradesh - 2024,16-Jul 3am,10731,,,,
Madhya Pradesh - 2024,16-Jul 4am,10783,,,,
Madhya Pradesh - 2024,16-Jul 5am,10733,,,,
Madhya Pradesh - 2024,16-Jul 6am,11276,,,,
Madhya Pradesh - 2024,16-Jul 7am,11701,,,,
Madhya Pradesh - 2024,16-Jul 8am,11269,,,,
Madhya Pradesh - 2024,16-Jul 9am,11206,,,,
Madhya Pradesh - 2024,16-Jul 10am,11150,,,,
Madhya Pradesh - 2024,16-Jul 11am,10752,,,,
Madhya Pradesh - 2024,16-Jul 12pm,11012,,,,
Madhya Pradesh - 2024,16-Jul 1pm,11071,,,,
Madhya Pradesh - 2024,16-Jul 2pm,11225,,,,
Madhya Pradesh - 2024,16-Jul 3pm,11465,,,,
Madhya Pradesh - 2024,16-Jul 4pm,11215,,,,
Madhya Pradesh - 2024,16-Jul 5pm,10980,,,,
Madhya Pradesh - 2024,16-Jul 6pm,11037,,,,
Madhya Pradesh - 2024,16-Jul 7pm,11251,,,,
Madhya Pradesh - 2024,16-Jul 8pm,11752,,,,
Madhya Pradesh - 2024,16-Jul 9pm,11501,,,,
Madhya Pradesh - 2024,16-Jul 10pm,11437,,,,
Madhya Pradesh - 2024,16-Jul 11pm,11654,,,,
Madhya Pradesh - 2024,17-Jul 12am,11429,,,,
Madhya Pradesh - 2024,17-Jul 1am,11403,,,,
Madhya Pradesh - 2024,17-Jul 2am,11263,,,,
Madhya Pradesh - 2024,17-Jul 3am,11162,,,,
Madhya Pradesh - 2024,17-Jul 4am,11115,,,,
Madhya Pradesh - 2024,17-Jul 5am,11038,,,,
Madhya Pradesh - 2024,17-Jul 6am,11478,,,,
Madhya Pradesh - 2024,17-Jul 7am,11918,,,,
Madhya Pradesh - 2024,17-Jul 8am,11697,,,,
Madhya Pradesh - 2024,17-Jul 9am,11779,,,,
Madhya Pradesh - 2024,17-Jul 10am,11725,,,,
Madhya Pradesh - 2024,17-Jul 11am,11453,,,,
Madhya Pradesh - 2024,17-Jul 12pm,11426,,,,
Madhya Pradesh - 2024,17-Jul 1pm,11350,,,,
Madhya Pradesh - 2024,17-Jul 2pm,11268,,,,
Madhya Pradesh - 2024,17-Jul 3pm,11203,,,,
Madhya Pradesh - 2024,17-Jul 4pm,11048,,,,
Madhya Pradesh - 2024,17-Jul 5pm,10694,,,,
Madhya Pradesh - 2024,17-Jul 6pm,10715,,,,
Madhya Pradesh - 2024,17-Jul 7pm,11153,,,,
Madhya Pradesh - 2024,17-Jul 8pm,11363,,,,
Madhya Pradesh - 2024,17-Jul 9pm,11127,,,,
Madhya Pradesh - 2024,17-Jul 10pm,11261,,,,
Madhya Pradesh - 2024,17-Jul 11pm,11506,,,,
Madhya Pradesh - 2024,18-Jul 12am,11252,,,,
Madhya Pradesh - 2024,18-Jul 1am,11272,,,,
Madhya Pradesh - 2024,18-Jul 2am,11201,,,,
Madhya Pradesh - 2024,18-Jul 3am,11132,,,,
Madhya Pradesh - 2024,18-Jul 4am,11127,,,,
Madhya Pradesh - 2024,18-Jul 5am,11094,,,,
Madhya Pradesh - 2024,18-Jul 6am,11815,,,,
Madhya Pradesh - 2024,18-Jul 7am,12338,,,,
Madhya Pradesh - 2024,18-Jul 8am,12010,,,,
Madhya Pradesh - 2024,18-Jul 9am,11784,,,,
Madhya Pradesh - 2024,18-Jul 10am,11364,,,,
Madhya Pradesh - 2024,18-Jul 11am,10896,,,,
Madhya Pradesh - 2024,18-Jul 12pm,10796,,,,
Madhya Pradesh - 2024,18-Jul 1pm,10703,,,,
Madhya Pradesh - 2024,18-Jul 2pm,10759,,,,
Madhya Pradesh - 2024,18-Jul 3pm,10665,,,,
Madhya Pradesh - 2024,18-Jul 4pm,10778,,,,
Madhya Pradesh - 2024,18-Jul 5pm,10724,,,,
Madhya Pradesh - 2024,18-Jul 6pm,10664,,,,
Madhya Pradesh - 2024,18-Jul 7pm,11169,,,,
Madhya Pradesh - 2024,18-Jul 8pm,11604,,,,
Madhya Pradesh - 2024,18-Jul 9pm,11209,,,,
Madhya Pradesh - 2024,18-Jul 10pm,11269,,,,
Madhya Pradesh - 2024,18-Jul 11pm,11589,,,,
Madhya Pradesh - 2024,19-Jul 12am,11305,,,,
Madhya Pradesh - 2024,19-Jul 1am,11158,,,,
Madhya Pradesh - 2024,19-Jul 2am,11184,,,,
Madhya Pradesh - 2024,19-Jul 3am,11145,,,,
Madhya Pradesh - 2024,19-Jul 4am,11026,,,,
Madhya Pradesh - 2024,19-Jul 5am,11037,,,,
Madhya Pradesh - 2024,19-Jul 6am,11660,,,,
Madhya Pradesh - 2024,19-Jul 7am,12136,,,,
Madhya Pradesh - 2024,19-Jul 8am,11806,,,,
Madhya Pradesh - 2024,19-Jul 9am,11650,,,,
Madhya Pradesh - 2024,19-Jul 10am,11415,,,,
Madhya Pradesh - 2024,19-Jul 11am,11041,,,,
Madhya Pradesh - 2024,19-Jul 12pm,11002,,,,
Madhya Pradesh - 2024,19-Jul 1pm,11003,,,,
Madhya Pradesh - 2024,19-Jul 2pm,10957,,,,
Madhya Pradesh - 2024,19-Jul 3pm,11068,,,,
Madhya Pradesh - 2024,19-Jul 4pm,10776,,,,
Madhya Pradesh - 2024,19-Jul 5pm,10704,,,,
Madhya Pradesh - 2024,19-Jul 6pm,10637,,,,
Madhya Pradesh - 2024,19-Jul 7pm,11290,,,,
Madhya Pradesh - 2024,19-Jul 8pm,12101,,,,
Madhya Pradesh - 2024,19-Jul 9pm,11543,,,,
Madhya Pradesh - 2024,19-Jul 10pm,11419,,,,
Madhya Pradesh - 2024,19-Jul 11pm,11817,,,,
Madhya Pradesh - 2024,20-Jul 12am,11578,,,,
Madhya Pradesh - 2024,20-Jul 1am,11481,,,,
Madhya Pradesh - 2024,20-Jul 2am,11337,,,,
Madhya Pradesh - 2024,20-Jul 3am,11478,,,,
Madhya Pradesh - 2024,20-Jul 4am,11478,,,,
Madhya Pradesh - 2024,20-Jul 5am,11478,,,,
Madhya Pradesh - 2024,20-Jul 6am,11478,,,,
Madhya Pradesh - 2024,20-Jul 7am,11478,,,,
Madhya Pradesh - 2024,20-Jul 8am,11478,,,,
Madhya Pradesh - 2024,20-Jul 9am,11478,,,,
Madhya Pradesh - 2024,20-Jul 10am,11312,,,,
Madhya Pradesh - 2024,20-Jul 11am,11405,,,,
Madhya Pradesh - 2024,20-Jul 12pm,11041,,,,
Madhya Pradesh - 2024,20-Jul 1pm,11131,,,,
Madhya Pradesh - 2024,20-Jul 2pm,11000,,,,
Madhya Pradesh - 2024,20-Jul 3pm,11336,,,,
Madhya Pradesh - 2024,20-Jul 4pm,11057,,,,
Madhya Pradesh - 2024,20-Jul 5pm,11095,,,,
Madhya Pradesh - 2024,20-Jul 6pm,11285,,,,
Madhya Pradesh - 2024,20-Jul 7pm,11826,,,,
Madhya Pradesh - 2024,20-Jul 8pm,11687,,,,
Madhya Pradesh - 2024,20-Jul 9pm,11763,,,,
Madhya Pradesh - 2024,20-Jul 10pm,11585,,,,
Madhya Pradesh - 2024,20-Jul 11pm,11609,,,,
Madhya Pradesh - 2024,21-Jul 12am,11299,,,,
Madhya Pradesh - 2024,21-Jul 1am,11222,,,,
Madhya Pradesh - 2024,21-Jul 2am,10934,,,,
Madhya Pradesh - 2024,21-Jul 3am,10962,,,,
Madhya Pradesh - 2024,21-Jul 4am,10760,,,,
Madhya Pradesh - 2024,21-Jul 5am,10934,,,,
Madhya Pradesh - 2024,21-Jul 6am,11605,,,,
Madhya Pradesh - 2024,21-Jul 7am,11745,,,,
Madhya Pradesh - 2024,21-Jul 8am,11399,,,,
Madhya Pradesh - 2024,21-Jul 9am,11068,,,,
Madhya Pradesh - 2024,21-Jul 10am,10823,,,,
Madhya Pradesh - 2024,21-Jul 11am,10671,,,,
Madhya Pradesh - 2024,21-Jul 12pm,10469,,,,
Madhya Pradesh - 2024,21-Jul 1pm,10438,,,,
Madhya Pradesh - 2024,21-Jul 2pm,10597,,,,
Madhya Pradesh - 2024,21-Jul 3pm,10879,,,,
Madhya Pradesh - 2024,21-Jul 4pm,10621,,,,
Madhya Pradesh - 2024,21-Jul 5pm,10330,,,,
Madhya Pradesh - 2024,21-Jul 6pm,10579,,,,
Madhya Pradesh - 2024,21-Jul 7pm,11293,,,,
Madhya Pradesh - 2024,21-Jul 8pm,11020,,,,
Madhya Pradesh - 2024,21-Jul 9pm,10408,,,,
Madhya Pradesh - 2024,21-Jul 10pm,10856,,,,
Madhya Pradesh - 2024,21-Jul 11pm,10770,,,,
Madhya Pradesh - 2024,22-Jul 12am,10733,,,,
Madhya Pradesh - 2024,22-Jul 1am,10844,,,,
Madhya Pradesh - 2024,22-Jul 2am,10737,,,,
Madhya Pradesh - 2024,22-Jul 3am,10780,,,,
Madhya Pradesh - 2024,22-Jul 4am,10440,,,,
Madhya Pradesh - 2024,22-Jul 5am,10709,,,,
Madhya Pradesh - 2024,22-Jul 6am,11221,,,,
Madhya Pradesh - 2024,22-Jul 7am,11545,,,,
Madhya Pradesh - 2024,22-Jul 8am,10956,,,,
Madhya Pradesh - 2024,22-Jul 9am,11058,,,,
Madhya Pradesh - 2024,22-Jul 10am,10716,,,,
Madhya Pradesh - 2024,22-Jul 11am,10861,,,,
Madhya Pradesh - 2024,22-Jul 12pm,10869,,,,
Madhya Pradesh - 2024,22-Jul 1pm,10674,,,,
Madhya Pradesh - 2024,22-Jul 2pm,10776,,,,
Madhya Pradesh - 2024,22-Jul 3pm,10476,,,,
Madhya Pradesh - 2024,22-Jul 4pm,10469,,,,
Madhya Pradesh - 2024,22-Jul 5pm,10858,,,,
Madhya Pradesh - 2024,22-Jul 6pm,10891,,,,
Madhya Pradesh - 2024,22-Jul 7pm,10927,,,,
Madhya Pradesh - 2024,22-Jul 8pm,10611,,,,
Madhya Pradesh - 2024,22-Jul 9pm,10707,,,,
Madhya Pradesh - 2024,22-Jul 10pm,10793,,,,
Madhya Pradesh - 2024,22-Jul 11pm,10761,,,,
Madhya Pradesh - 2024,23-Jul 12am,10636,,,,
Madhya Pradesh - 2024,23-Jul 1am,10535,,,,
Madhya Pradesh - 2024,23-Jul 2am,10231,,,,
Madhya Pradesh - 2024,23-Jul 3am,10224,,,,
Madhya Pradesh - 2024,23-Jul 4am,9853,,,,
Madhya Pradesh - 2024,23-Jul 5am,9900,,,,
Madhya Pradesh - 2024,23-Jul 6am,10443,,,,
Madhya Pradesh - 2024,23-Jul 7am,10726,,,,
Madhya Pradesh - 2024,23-Jul 8am,10559,,,,
Madhya Pradesh - 2024,23-Jul 9am,10334,,,,
Madhya Pradesh - 2024,23-Jul 10am,9785,,,,
Madhya Pradesh - 2024,23-Jul 11am,9535,,,,
Madhya Pradesh - 2024,23-Jul 12pm,9199,,,,
Madhya Pradesh - 2024,23-Jul 1pm,9238,,,,
Madhya Pradesh - 2024,23-Jul 2pm,9437,,,,
Madhya Pradesh - 2024,23-Jul 3pm,9608,,,,
Madhya Pradesh - 2024,23-Jul 4pm,9501,,,,
Madhya Pradesh - 2024,23-Jul 5pm,9836,,,,
Madhya Pradesh - 2024,23-Jul 6pm,10168,,,,
Madhya Pradesh - 2024,23-Jul 7pm,10722,,,,
Madhya Pradesh - 2024,23-Jul 8pm,10318,,,,
Madhya Pradesh - 2024,23-Jul 9pm,9985,,,,
Madhya Pradesh - 2024,23-Jul 10pm,10071,,,,
Madhya Pradesh - 2024,23-Jul 11pm,10162,,,,
Madhya Pradesh - 2024,24-Jul 12am,10074,,,,
Madhya Pradesh - 2024,24-Jul 1am,9957,,,,
Madhya Pradesh - 2024,24-Jul 2am,9932,,,,
Madhya Pradesh - 2024,24-Jul 3am,9652,,,,
Madhya Pradesh - 2024,24-Jul 4am,9616,,,,
Madhya Pradesh - 2024,24-Jul 5am,9773,,,,
Madhya Pradesh - 2024,24-Jul 6am,10657,,,,
Madhya Pradesh - 2024,24-Jul 7am,10678,,,,
Madhya Pradesh - 2024,24-Jul 8am,10202,,,,
Madhya Pradesh - 2024,24-Jul 9am,9968,,,,
Madhya Pradesh - 2024,24-Jul 10am,9628,,,,
Madhya Pradesh - 2024,24-Jul 11am,9424,,,,
Madhya Pradesh - 2024,24-Jul 12pm,9006,,,,
Madhya Pradesh - 2024,24-Jul 1pm,9050,,,,
Madhya Pradesh - 2024,24-Jul 2pm,9121,,,,
Madhya Pradesh - 2024,24-Jul 3pm,8986,,,,
Madhya Pradesh - 2024,24-Jul 4pm,9298,,,,
Madhya Pradesh - 2024,24-Jul 5pm,9590,,,,
Madhya Pradesh - 2024,24-Jul 6pm,9945,,,,
Madhya Pradesh - 2024,24-Jul 7pm,10611,,,,
Madhya Pradesh - 2024,24-Jul 8pm,10318,,,,
Madhya Pradesh - 2024,24-Jul 9pm,9979,,,,
Madhya Pradesh - 2024,24-Jul 10pm,10081,,,,
Madhya Pradesh - 2024,24-Jul 11pm,10027,,,,
Madhya Pradesh - 2024,25-Jul 12am,9943,,,,
Madhya Pradesh - 2024,25-Jul 1am,9683,,,,
Madhya Pradesh - 2024,25-Jul 2am,9705,,,,
Madhya Pradesh - 2024,25-Jul 3am,9610,,,,
Madhya Pradesh - 2024,25-Jul 4am,9539,,,,
Madhya Pradesh - 2024,25-Jul 5am,9742,,,,
Madhya Pradesh - 2024,25-Jul 6am,10704,,,,
Madhya Pradesh - 2024,25-Jul 7am,10978,,,,
Madhya Pradesh - 2024,25-Jul 8am,10719,,,,
Madhya Pradesh - 2024,25-Jul 9am,10449,,,,
Madhya Pradesh - 2024,25-Jul 10am,10090,,,,
Madhya Pradesh - 2024,25-Jul 11am,9820,,,,
Madhya Pradesh - 2024,25-Jul 12pm,9548,,,,
Madhya Pradesh - 2024,25-Jul 1pm,9503,,,,
Madhya Pradesh - 2024,25-Jul 2pm,9648,,,,
Madhya Pradesh - 2024,25-Jul 3pm,9545,,,,
Madhya Pradesh - 2024,25-Jul 4pm,9727,,,,
Madhya Pradesh - 2024,25-Jul 5pm,10016,,,,
Madhya Pradesh - 2024,25-Jul 6pm,10252,,,,
Madhya Pradesh - 2024,25-Jul 7pm,10802,,,,
Madhya Pradesh - 2024,25-Jul 8pm,10380,,,,
Madhya Pradesh - 2024,25-Jul 9pm,10127,,,,
Madhya Pradesh - 2024,25-Jul 10pm,10239,,,,
Madhya Pradesh - 2024,25-Jul 11pm,10043,,,,
Madhya Pradesh - 2024,26-Jul 12am,9972,,,,
Madhya Pradesh - 2024,26-Jul 1am,9755,,,,
Madhya Pradesh - 2024,26-Jul 2am,9733,,,,
Madhya Pradesh - 2024,26-Jul 3am,9705,,,,
Madhya Pradesh - 2024,26-Jul 4am,9553,,,,
Madhya Pradesh - 2024,26-Jul 5am,9789,,,,
Madhya Pradesh - 2024,26-Jul 6am,11141,,,,
Madhya Pradesh - 2024,26-Jul 7am,11101,,,,
Madhya Pradesh - 2024,26-Jul 8am,10869,,,,
Madhya Pradesh - 2024,26-Jul 9am,10478,,,,
Madhya Pradesh - 2024,26-Jul 10am,10076,,,,
Madhya Pradesh - 2024,26-Jul 11am,9901,,,,
Madhya Pradesh - 2024,26-Jul 12pm,9432,,,,
Madhya Pradesh - 2024,26-Jul 1pm,9491,,,,
Madhya Pradesh - 2024,26-Jul 2pm,9377,,,,
Madhya Pradesh - 2024,26-Jul 3pm,9113,,,,
Madhya Pradesh - 2024,26-Jul 4pm,9282,,,,
Madhya Pradesh - 2024,26-Jul 5pm,9844,,,,
Madhya Pradesh - 2024,26-Jul 6pm,10219,,,,
Madhya Pradesh - 2024,26-Jul 7pm,10844,,,,
Madhya Pradesh - 2024,26-Jul 8pm,10428,,,,
Madhya Pradesh - 2024,26-Jul 9pm,10142,,,,
Madhya Pradesh - 2024,26-Jul 10pm,10103,,,,
Madhya Pradesh - 2024,26-Jul 11pm,10073,,,,
Madhya Pradesh - 2024,27-Jul 12am,9943,,,,
Madhya Pradesh - 2024,27-Jul 1am,9755,,,,
Madhya Pradesh - 2024,27-Jul 2am,9657,,,,
Madhya Pradesh - 2024,27-Jul 3am,9401,,,,
Madhya Pradesh - 2024,27-Jul 4am,9426,,,,
Madhya Pradesh - 2024,27-Jul 5am,9556,,,,
Madhya Pradesh - 2024,27-Jul 6am,10555,,,,
Madhya Pradesh - 2024,27-Jul 7am,10680,,,,
Madhya Pradesh - 2024,27-Jul 8am,10459,,,,
Madhya Pradesh - 2024,27-Jul 9am,10191,,,,
Madhya Pradesh - 2024,27-Jul 10am,9895,,,,
Madhya Pradesh - 2024,27-Jul 11am,9522,,,,
Madhya Pradesh - 2024,27-Jul 12pm,9449,,,,
Madhya Pradesh - 2024,27-Jul 1pm,9384,,,,
Madhya Pradesh - 2024,27-Jul 2pm,9127,,,,
Madhya Pradesh - 2024,27-Jul 3pm,9118,,,,
Madhya Pradesh - 2024,27-Jul 4pm,9185,,,,
Madhya Pradesh - 2024,27-Jul 5pm,9491,,,,
Madhya Pradesh - 2024,27-Jul 6pm,9980,,,,
Madhya Pradesh - 2024,27-Jul 7pm,10584,,,,
Madhya Pradesh - 2024,27-Jul 8pm,10308,,,,
Madhya Pradesh - 2024,27-Jul 9pm,9948,,,,
Madhya Pradesh - 2024,27-Jul 10pm,10134,,,,
Madhya Pradesh - 2024,27-Jul 11pm,9778,,,,
Madhya Pradesh - 2024,28-Jul 12am,9558,,,,
Madhya Pradesh - 2024,28-Jul 1am,9461,,,,
Madhya Pradesh - 2024,28-Jul 2am,9340,,,,
Madhya Pradesh - 2024,28-Jul 3am,9350,,,,
Madhya Pradesh - 2024,28-Jul 4am,9396,,,,
Madhya Pradesh - 2024,28-Jul 5am,9554,,,,
Madhya Pradesh - 2024,28-Jul 6am,10460,,,,
Madhya Pradesh - 2024,28-Jul 7am,10687,,,,
Madhya Pradesh - 2024,28-Jul 8am,10556,,,,
Madhya Pradesh - 2024,28-Jul 9am,10151,,,,
Madhya Pradesh - 2024,28-Jul 10am,9805,,,,
Madhya Pradesh - 2024,28-Jul 11am,9612,,,,
Madhya Pradesh - 2024,28-Jul 12pm,9429,,,,
Madhya Pradesh - 2024,28-Jul 1pm,9296,,,,
Madhya Pradesh - 2024,28-Jul 2pm,9141,,,,
Madhya Pradesh - 2024,28-Jul 3pm,9374,,,,
Madhya Pradesh - 2024,28-Jul 4pm,9106,,,,
Madhya Pradesh - 2024,28-Jul 5pm,9540,,,,
Madhya Pradesh - 2024,28-Jul 6pm,9866,,,,
Madhya Pradesh - 2024,28-Jul 7pm,10496,,,,
Madhya Pradesh - 2024,28-Jul 8pm,10239,,,,
Madhya Pradesh - 2024,28-Jul 9pm,9868,,,,
Madhya Pradesh - 2024,28-Jul 10pm,9955,,,,
Madhya Pradesh - 2024,28-Jul 11pm,9900,,,,
Madhya Pradesh - 2024,29-Jul 12am,9897,,,,
Madhya Pradesh - 2024,29-Jul 1am,9617,,,,
Madhya Pradesh - 2024,29-Jul 2am,9529,,,,
Madhya Pradesh - 2024,29-Jul 3am,9556,,,,
Madhya Pradesh - 2024,29-Jul 4am,9655,,,,
Madhya Pradesh - 2024,29-Jul 5am,9870,,,,
Madhya Pradesh - 2024,29-Jul 6am,10825,,,,
Madhya Pradesh - 2024,29-Jul 7am,11147,,,,
Madhya Pradesh - 2024,29-Jul 8am,10905,,,,
Madhya Pradesh - 2024,29-Jul 9am,10599,,,,
Madhya Pradesh - 2024,29-Jul 10am,10406,,,,
Madhya Pradesh - 2024,29-Jul 11am,10337,,,,
Madhya Pradesh - 2024,29-Jul 12pm,10087,,,,
Madhya Pradesh - 2024,29-Jul 1pm,9903,,,,
Madhya Pradesh - 2024,29-Jul 2pm,10167,,,,
Madhya Pradesh - 2024,29-Jul 3pm,10249,,,,
Madhya Pradesh - 2024,29-Jul 4pm,10239,,,,
Madhya Pradesh - 2024,29-Jul 5pm,10300,,,,
Madhya Pradesh - 2024,29-Jul 6pm,10422,,,,
Madhya Pradesh - 2024,29-Jul 7pm,10972,,,,
Madhya Pradesh - 2024,29-Jul 8pm,10591,,,,
Madhya Pradesh - 2024,29-Jul 9pm,9984,,,,
Madhya Pradesh - 2024,29-Jul 10pm,10319,,,,
Madhya Pradesh - 2024,29-Jul 11pm,10355,,,,
Madhya Pradesh - 2024,30-Jul 12am,10360,,,,
Madhya Pradesh - 2024,30-Jul 1am,10235,,,,
Madhya Pradesh - 2024,30-Jul 2am,10214,,,,
Madhya Pradesh - 2024,30-Jul 3am,10099,,,,
Madhya Pradesh - 2024,30-Jul 4am,10138,,,,
Madhya Pradesh - 2024,30-Jul 5am,10366,,,,
Madhya Pradesh - 2024,30-Jul 6am,11254,,,,
Madhya Pradesh - 2024,30-Jul 7am,11164,,,,
Madhya Pradesh - 2024,30-Jul 8am,11195,,,,
Madhya Pradesh - 2024,30-Jul 9am,11132,,,,
Madhya Pradesh - 2024,30-Jul 10am,10627,,,,
Madhya Pradesh - 2024,30-Jul 11am,10472,,,,
Madhya Pradesh - 2024,30-Jul 12pm,10201,,,,
Madhya Pradesh - 2024,30-Jul 1pm,10081,,,,
Madhya Pradesh - 2024,30-Jul 2pm,10358,,,,
Madhya Pradesh - 2024,30-Jul 3pm,10479,,,,
Madhya Pradesh - 2024,30-Jul 4pm,10464,,,,
Madhya Pradesh - 2024,30-Jul 5pm,10672,,,,
Madhya Pradesh - 2024,30-Jul 6pm,10815,,,,
Madhya Pradesh - 2024,30-Jul 7pm,11411,,,,
Madhya Pradesh - 2024,30-Jul 8pm,10959,,,,
Madhya Pradesh - 2024,30-Jul 9pm,10566,,,,
Madhya Pradesh - 2024,30-Jul 10pm,10947,,,,
Madhya Pradesh - 2024,30-Jul 11pm,10668,,,,
Madhya Pradesh - 2024,31-Jul 12am,10672,,,,
Madhya Pradesh - 2024,31-Jul 1am,10791,,,,
Madhya Pradesh - 2024,31-Jul 2am,10601,,,,
Madhya Pradesh - 2024,31-Jul 3am,10546,,,,
Madhya Pradesh - 2024,31-Jul 4am,10563,,,,
Madhya Pradesh - 2024,31-Jul 5am,11059,,,,
Madhya Pradesh - 2024,31-Jul 6am,11895,,,,
Madhya Pradesh - 2024,31-Jul 7am,11813,,,,
Madhya Pradesh - 2024,31-Jul 8am,11879,,,,
Madhya Pradesh - 2024,31-Jul 9am,11491,,,,
Madhya Pradesh - 2024,31-Jul 10am,11087,,,,
Madhya Pradesh - 2024,31-Jul 11am,10708,,,,
Madhya Pradesh - 2024,31-Jul 12pm,10563,,,,
Madhya Pradesh - 2024,31-Jul 1pm,10410,,,,
Madhya Pradesh - 2024,31-Jul 2pm,10404,,,,
Madhya Pradesh - 2024,31-Jul 3pm,10545,,,,
Madhya Pradesh - 2024,31-Jul 4pm,10220,,,,
Madhya Pradesh - 2024,31-Jul 5pm,10099,,,,
Madhya Pradesh - 2024,31-Jul 6pm,10354,,,,
Madhya Pradesh - 2024,31-Jul 7pm,11202,,,,
Madhya Pradesh - 2024,31-Jul 8pm,10771,,,,
Madhya Pradesh - 2024,31-Jul 9pm,10394,,,,
Madhya Pradesh - 2024,31-Jul 10pm,10446,,,,
Madhya Pradesh - 2024,31-Jul 11pm,10323,,,,
Madhya Pradesh - 2024,01-Aug 12am,10293,,,,
Madhya Pradesh - 2024,01-Aug 1am,10187,,,,
Madhya Pradesh - 2024,01-Aug 2am,9925,,,,
Madhya Pradesh - 2024,01-Aug 3am,9736,,,,
Madhya Pradesh - 2024,01-Aug 4am,9616,,,,
Madhya Pradesh - 2024,01-Aug 5am,9872,,,,
Madhya Pradesh - 2024,01-Aug 6am,10799,,,,
Madhya Pradesh - 2024,01-Aug 7am,11084,,,,
Madhya Pradesh - 2024,01-Aug 8am,11006,,,,
Madhya Pradesh - 2024,01-Aug 9am,10618,,,,
Madhya Pradesh - 2024,01-Aug 10am,10294,,,,
Madhya Pradesh - 2024,01-Aug 11am,9996,,,,
Madhya Pradesh - 2024,01-Aug 12pm,9702,,,,
Madhya Pradesh - 2024,01-Aug 1pm,9340,,,,
Madhya Pradesh - 2024,01-Aug 2pm,9349,,,,
Madhya Pradesh - 2024,01-Aug 3pm,8988,,,,
Madhya Pradesh - 2024,01-Aug 4pm,9130,,,,
Madhya Pradesh - 2024,01-Aug 5pm,9482,,,,
Madhya Pradesh - 2024,01-Aug 6pm,9971,,,,
Madhya Pradesh - 2024,01-Aug 7pm,10668,,,,
Madhya Pradesh - 2024,01-Aug 8pm,10175,,,,
Madhya Pradesh - 2024,01-Aug 9pm,9955,,,,
Madhya Pradesh - 2024,01-Aug 10pm,10032,,,,
Madhya Pradesh - 2024,01-Aug 11pm,9950,,,,
Madhya Pradesh - 2024,02-Aug 12am,9780,,,,
Madhya Pradesh - 2024,02-Aug 1am,9573,,,,
Madhya Pradesh - 2024,02-Aug 2am,9500,,,,
Madhya Pradesh - 2024,02-Aug 3am,9295,,,,
Madhya Pradesh - 2024,02-Aug 4am,9152,,,,
Madhya Pradesh - 2024,02-Aug 5am,9212,,,,
Madhya Pradesh - 2024,02-Aug 6am,10092,,,,
Madhya Pradesh - 2024,02-Aug 7am,10399,,,,
Madhya Pradesh - 2024,02-Aug 8am,10119,,,,
Madhya Pradesh - 2024,02-Aug 9am,9988,,,,
Madhya Pradesh - 2024,02-Aug 10am,9586,,,,
Madhya Pradesh - 2024,02-Aug 11am,9145,,,,
Madhya Pradesh - 2024,02-Aug 12pm,9015,,,,
Madhya Pradesh - 2024,02-Aug 1pm,8659,,,,
Madhya Pradesh - 2024,02-Aug 2pm,8632,,,,
Madhya Pradesh - 2024,02-Aug 3pm,8874,,,,
Madhya Pradesh - 2024,02-Aug 4pm,8941,,,,
Madhya Pradesh - 2024,02-Aug 5pm,9188,,,,
Madhya Pradesh - 2024,02-Aug 6pm,9733,,,,
Madhya Pradesh - 2024,02-Aug 7pm,9988,,,,
Madhya Pradesh - 2024,02-Aug 8pm,9749,,,,
Madhya Pradesh - 2024,02-Aug 9pm,9526,,,,
Madhya Pradesh - 2024,02-Aug 10pm,9435,,,,
Madhya Pradesh - 2024,02-Aug 11pm,9368,,,,
Madhya Pradesh - 2024,03-Aug 12am,9182,,,,
Madhya Pradesh - 2024,03-Aug 1am,8997,,,,
Madhya Pradesh - 2024,03-Aug 2am,8843,,,,
Madhya Pradesh - 2024,03-Aug 3am,8883,,,,
Madhya Pradesh - 2024,03-Aug 4am,8681,,,,
Madhya Pradesh - 2024,03-Aug 5am,8822,,,,
Madhya Pradesh - 2024,03-Aug 6am,10145,,,,
Madhya Pradesh - 2024,03-Aug 7am,10449,,,,
Madhya Pradesh - 2024,03-Aug 8am,10226,,,,
Madhya Pradesh - 2024,03-Aug 9am,9998,,,,
Madhya Pradesh - 2024,03-Aug 10am,9478,,,,
Madhya Pradesh - 2024,03-Aug 11am,9028,,,,
Madhya Pradesh - 2024,03-Aug 12pm,8794,,,,
Madhya Pradesh - 2024,03-Aug 1pm,8748,,,,
Madhya Pradesh - 2024,03-Aug 2pm,8612,,,,
Madhya Pradesh - 2024,03-Aug 3pm,8686,,,,
Madhya Pradesh - 2024,03-Aug 4pm,8769,,,,
Madhya Pradesh - 2024,03-Aug 5pm,9148,,,,
Madhya Pradesh - 2024,03-Aug 6pm,9557,,,,
Madhya Pradesh - 2024,03-Aug 7pm,10090,,,,
Madhya Pradesh - 2024,03-Aug 8pm,9726,,,,
Madhya Pradesh - 2024,03-Aug 9pm,9303,,,,
Madhya Pradesh - 2024,03-Aug 10pm,9060,,,,
Madhya Pradesh - 2024,03-Aug 11pm,8851,,,,
Madhya Pradesh - 2024,04-Aug 12am,8592,,,,
Madhya Pradesh - 2024,04-Aug 1am,8418,,,,
Madhya Pradesh - 2024,04-Aug 2am,8194,,,,
Madhya Pradesh - 2024,04-Aug 3am,7875,,,,
Madhya Pradesh - 2024,04-Aug 4am,7767,,,,
Madhya Pradesh - 2024,04-Aug 5am,7936,,,,
Madhya Pradesh - 2024,04-Aug 6am,8755,,,,
Madhya Pradesh - 2024,04-Aug 7am,9095,,,,
Madhya Pradesh - 2024,04-Aug 8am,9064,,,,
Madhya Pradesh - 2024,04-Aug 9am,9010,,,,
Madhya Pradesh - 2024,04-Aug 10am,8709,,,,
Madhya Pradesh - 2024,04-Aug 11am,8247,,,,
Madhya Pradesh - 2024,04-Aug 12pm,7755,,,,
Madhya Pradesh - 2024,04-Aug 1pm,7282,,,,
Madhya Pradesh - 2024,04-Aug 2pm,7023,,,,
Madhya Pradesh - 2024,04-Aug 3pm,6986,,,,
Madhya Pradesh - 2024,04-Aug 4pm,7076,,,,
Madhya Pradesh - 2024,04-Aug 5pm,7399,,,,
Madhya Pradesh - 2024,04-Aug 6pm,8008,,,,
Madhya Pradesh - 2024,04-Aug 7pm,8605,,,,
Madhya Pradesh - 2024,04-Aug 8pm,8293,,,,
Madhya Pradesh - 2024,04-Aug 9pm,8182,,,,
Madhya Pradesh - 2024,04-Aug 10pm,8129,,,,
Madhya Pradesh - 2024,04-Aug 11pm,7983,,,,
Madhya Pradesh - 2024,05-Aug 12am,7915,,,,
Madhya Pradesh - 2024,05-Aug 1am,7796,,,,
Madhya Pradesh - 2024,05-Aug 2am,7258,,,,
Madhya Pradesh - 2024,05-Aug 3am,6950,,,,
Madhya Pradesh - 2024,05-Aug 4am,7250,,,,
Madhya Pradesh - 2024,05-Aug 5am,7465,,,,
Madhya Pradesh - 2024,05-Aug 6am,8556,,,,
Madhya Pradesh - 2024,05-Aug 7am,9248,,,,
Madhya Pradesh - 2024,05-Aug 8am,9394,,,,
Madhya Pradesh - 2024,05-Aug 9am,9163,,,,
Madhya Pradesh - 2024,05-Aug 10am,8830,,,,
Madhya Pradesh - 2024,05-Aug 11am,8558,,,,
Madhya Pradesh - 2024,05-Aug 12pm,8299,,,,
Madhya Pradesh - 2024,05-Aug 1pm,8193,,,,
Madhya Pradesh - 2024,05-Aug 2pm,8267,,,,
Madhya Pradesh - 2024,05-Aug 3pm,8479,,,,
Madhya Pradesh - 2024,05-Aug 4pm,8721,,,,
Madhya Pradesh - 2024,05-Aug 5pm,9057,,,,
Madhya Pradesh - 2024,05-Aug 6pm,9433,,,,
Madhya Pradesh - 2024,05-Aug 7pm,10429,,,,
Madhya Pradesh - 2024,05-Aug 8pm,10079,,,,
Madhya Pradesh - 2024,05-Aug 9pm,9764,,,,
Madhya Pradesh - 2024,05-Aug 10pm,9733,,,,
Madhya Pradesh - 2024,05-Aug 11pm,9615,,,,
Madhya Pradesh - 2024,06-Aug 12am,9385,,,,
Madhya Pradesh - 2024,06-Aug 1am,9214,,,,
Madhya Pradesh - 2024,06-Aug 2am,9071,,,,
Madhya Pradesh - 2024,06-Aug 3am,8825,,,,
Madhya Pradesh - 2024,06-Aug 4am,8841,,,,
Madhya Pradesh - 2024,06-Aug 5am,9085,,,,
Madhya Pradesh - 2024,06-Aug 6am,10214,,,,
Madhya Pradesh - 2024,06-Aug 7am,10432,,,,
Madhya Pradesh - 2024,06-Aug 8am,10182,,,,
Madhya Pradesh - 2024,06-Aug 9am,9819,,,,
Madhya Pradesh - 2024,06-Aug 10am,9591,,,,
Madhya Pradesh - 2024,06-Aug 11am,9373,,,,
Madhya Pradesh - 2024,06-Aug 12pm,9032,,,,
Madhya Pradesh - 2024,06-Aug 1pm,8939,,,,
Madhya Pradesh - 2024,06-Aug 2pm,9007,,,,
Madhya Pradesh - 2024,06-Aug 3pm,9210,,,,
Madhya Pradesh - 2024,06-Aug 4pm,9071,,,,
Madhya Pradesh - 2024,06-Aug 5pm,9442,,,,
Madhya Pradesh - 2024,06-Aug 6pm,9949,,,,
Madhya Pradesh - 2024,06-Aug 7pm,10862,,,,
Madhya Pradesh - 2024,06-Aug 8pm,10510,,,,
Madhya Pradesh - 2024,06-Aug 9pm,10066,,,,
Madhya Pradesh - 2024,06-Aug 10pm,10120,,,,
Madhya Pradesh - 2024,06-Aug 11pm,9984,,,,
Madhya Pradesh - 2024,07-Aug 12am,9795,,,,
Madhya Pradesh - 2024,07-Aug 1am,9623,,,,
Madhya Pradesh - 2024,07-Aug 2am,9463,,,,
Madhya Pradesh - 2024,07-Aug 3am,9437,,,,
Madhya Pradesh - 2024,07-Aug 4am,9367,,,,
Madhya Pradesh - 2024,07-Aug 5am,9635,,,,
Madhya Pradesh - 2024,07-Aug 6am,10695,,,,
Madhya Pradesh - 2024,07-Aug 7am,10873,,,,
Madhya Pradesh - 2024,07-Aug 8am,10694,,,,
Madhya Pradesh - 2024,07-Aug 9am,10090,,,,
Madhya Pradesh - 2024,07-Aug 10am,9597,,,,
Madhya Pradesh - 2024,07-Aug 11am,9334,,,,
Madhya Pradesh - 2024,07-Aug 12pm,8909,,,,
Madhya Pradesh - 2024,07-Aug 1pm,8823,,,,
Madhya Pradesh - 2024,07-Aug 2pm,8770,,,,
Madhya Pradesh - 2024,07-Aug 3pm,9006,,,,
Madhya Pradesh - 2024,07-Aug 4pm,9076,,,,
Madhya Pradesh - 2024,07-Aug 5pm,9511,,,,
Madhya Pradesh - 2024,07-Aug 6pm,10013,,,,
Madhya Pradesh - 2024,07-Aug 7pm,10809,,,,
Madhya Pradesh - 2024,07-Aug 8pm,10280,,,,
Madhya Pradesh - 2024,07-Aug 9pm,9759,,,,
Madhya Pradesh - 2024,07-Aug 10pm,9772,,,,
Madhya Pradesh - 2024,07-Aug 11pm,9750,,,,
Madhya Pradesh - 2024,08-Aug 12am,9492,,,,
Madhya Pradesh - 2024,08-Aug 1am,9297,,,,
Madhya Pradesh - 2024,08-Aug 2am,9096,,,,
Madhya Pradesh - 2024,08-Aug 3am,8885,,,,
Madhya Pradesh - 2024,08-Aug 4am,8756,,,,
Madhya Pradesh - 2024,08-Aug 5am,8989,,,,
Madhya Pradesh - 2024,08-Aug 6am,9953,,,,
Madhya Pradesh - 2024,08-Aug 7am,10348,,,,
Madhya Pradesh - 2024,08-Aug 8am,10271,,,,
Madhya Pradesh - 2024,08-Aug 9am,9966,,,,
Madhya Pradesh - 2024,08-Aug 10am,9567,,,,
Madhya Pradesh - 2024,08-Aug 11am,9174,,,,
Madhya Pradesh - 2024,08-Aug 12pm,8919,,,,
Madhya Pradesh - 2024,08-Aug 1pm,8847,,,,
Madhya Pradesh - 2024,08-Aug 2pm,8876,,,,
Madhya Pradesh - 2024,08-Aug 3pm,8895,,,,
Madhya Pradesh - 2024,08-Aug 4pm,9022,,,,
Madhya Pradesh - 2024,08-Aug 5pm,9455,,,,
Madhya Pradesh - 2024,08-Aug 6pm,9942,,,,
Madhya Pradesh - 2024,08-Aug 7pm,10518,,,,
Madhya Pradesh - 2024,08-Aug 8pm,10024,,,,
Madhya Pradesh - 2024,08-Aug 9pm,9639,,,,
Madhya Pradesh - 2024,08-Aug 10pm,9639,,,,
Madhya Pradesh - 2024,08-Aug 11pm,9567,,,,
Madhya Pradesh - 2024,09-Aug 12am,9356,,,,
Madhya Pradesh - 2024,09-Aug 1am,9212,,,,
Madhya Pradesh - 2024,09-Aug 2am,9055,,,,
Madhya Pradesh - 2024,09-Aug 3am,8968,,,,
Madhya Pradesh - 2024,09-Aug 4am,8929,,,,
Madhya Pradesh - 2024,09-Aug 5am,9235,,,,
Madhya Pradesh - 2024,09-Aug 6am,10415,,,,
Madhya Pradesh - 2024,09-Aug 7am,10829,,,,
Madhya Pradesh - 2024,09-Aug 8am,10802,,,,
Madhya Pradesh - 2024,09-Aug 9am,10545,,,,
Madhya Pradesh - 2024,09-Aug 10am,10065,,,,
Madhya Pradesh - 2024,09-Aug 11am,9746,,,,
Madhya Pradesh - 2024,09-Aug 12pm,9241,,,,
Madhya Pradesh - 2024,09-Aug 1pm,8926,,,,
Madhya Pradesh - 2024,09-Aug 2pm,8926,,,,
Madhya Pradesh - 2024,09-Aug 3pm,8931,,,,
Madhya Pradesh - 2024,09-Aug 4pm,8997,,,,
Madhya Pradesh - 2024,09-Aug 5pm,9170,,,,
Madhya Pradesh - 2024,09-Aug 6pm,9598,,,,
Madhya Pradesh - 2024,09-Aug 7pm,10310,,,,
Madhya Pradesh - 2024,09-Aug 8pm,9898,,,,
Madhya Pradesh - 2024,09-Aug 9pm,9592,,,,
Madhya Pradesh - 2024,09-Aug 10pm,9361,,,,
Madhya Pradesh - 2024,09-Aug 11pm,9217,,,,
Madhya Pradesh - 2024,10-Aug 12am,9351,,,,
Madhya Pradesh - 2024,10-Aug 1am,9173,,,,
Madhya Pradesh - 2024,10-Aug 2am,9077,,,,
Madhya Pradesh - 2024,10-Aug 3am,8999,,,,
Madhya Pradesh - 2024,10-Aug 4am,9088,,,,
Madhya Pradesh - 2024,10-Aug 5am,9442,,,,
Madhya Pradesh - 2024,10-Aug 6am,10499,,,,
Madhya Pradesh - 2024,10-Aug 7am,10849,,,,
Madhya Pradesh - 2024,10-Aug 8am,10671,,,,
Madhya Pradesh - 2024,10-Aug 9am,10363,,,,
Madhya Pradesh - 2024,10-Aug 10am,9932,,,,
Madhya Pradesh - 2024,10-Aug 11am,9700,,,,
Madhya Pradesh - 2024,10-Aug 12pm,9369,,,,
Madhya Pradesh - 2024,10-Aug 1pm,9095,,,,
Madhya Pradesh - 2024,10-Aug 2pm,9105,,,,
Madhya Pradesh - 2024,10-Aug 3pm,9274,,,,
Madhya Pradesh - 2024,10-Aug 4pm,9260,,,,
Madhya Pradesh - 2024,10-Aug 5pm,9414,,,,
Madhya Pradesh - 2024,10-Aug 6pm,9848,,,,
Madhya Pradesh - 2024,10-Aug 7pm,10537,,,,
Madhya Pradesh - 2024,10-Aug 8pm,9985,,,,
Madhya Pradesh - 2024,10-Aug 9pm,9554,,,,
Madhya Pradesh - 2024,10-Aug 10pm,9636,,,,
Madhya Pradesh - 2024,10-Aug 11pm,9578,,,,
Madhya Pradesh - 2024,11-Aug 12am,9387,,,,
Madhya Pradesh - 2024,11-Aug 1am,9138,,,,
Madhya Pradesh - 2024,11-Aug 2am,9017,,,,
Madhya Pradesh - 2024,11-Aug 3am,9021,,,,
Madhya Pradesh - 2024,11-Aug 4am,8972,,,,
Madhya Pradesh - 2024,11-Aug 5am,9145,,,,
Madhya Pradesh - 2024,11-Aug 6am,10056,,,,
Madhya Pradesh - 2024,11-Aug 7am,10371,,,,
Madhya Pradesh - 2024,11-Aug 8am,10260,,,,
Madhya Pradesh - 2024,11-Aug 9am,9962,,,,
Madhya Pradesh - 2024,11-Aug 10am,9378,,,,
Madhya Pradesh - 2024,11-Aug 11am,9203,,,,
Madhya Pradesh - 2024,11-Aug 12pm,8917,,,,
Madhya Pradesh - 2024,11-Aug 1pm,8502,,,,
Madhya Pradesh - 2024,11-Aug 2pm,8380,,,,
Madhya Pradesh - 2024,11-Aug 3pm,8467,,,,
Madhya Pradesh - 2024,11-Aug 4pm,8410,,,,
Madhya Pradesh - 2024,11-Aug 5pm,8783,,,,
Madhya Pradesh - 2024,11-Aug 6pm,9331,,,,
Madhya Pradesh - 2024,11-Aug 7pm,10178,,,,
Madhya Pradesh - 2024,11-Aug 8pm,9729,,,,
Madhya Pradesh - 2024,11-Aug 9pm,9412,,,,
Madhya Pradesh - 2024,11-Aug 10pm,9489,,,,
Madhya Pradesh - 2024,11-Aug 11pm,9406,,,,
Madhya Pradesh - 2024,12-Aug 12am,9171,,,,
Madhya Pradesh - 2024,12-Aug 1am,9071,,,,
Madhya Pradesh - 2024,12-Aug 2am,8977,,,,
Madhya Pradesh - 2024,12-Aug 3am,8906,,,,
Madhya Pradesh - 2024,12-Aug 4am,8912,,,,
Madhya Pradesh - 2024,12-Aug 5am,9238,,,,
Madhya Pradesh - 2024,12-Aug 6am,10419,,,,
Madhya Pradesh - 2024,12-Aug 7am,10615,,,,
Madhya Pradesh - 2024,12-Aug 8am,10647,,,,
Madhya Pradesh - 2024,12-Aug 9am,10212,,,,
Madhya Pradesh - 2024,12-Aug 10am,9942,,,,
Madhya Pradesh - 2024,12-Aug 11am,9466,,,,
Madhya Pradesh - 2024,12-Aug 12pm,9004,,,,
Madhya Pradesh - 2024,12-Aug 1pm,9016,,,,
Madhya Pradesh - 2024,12-Aug 2pm,9016,,,,
Madhya Pradesh - 2024,12-Aug 3pm,9094,,,,
Madhya Pradesh - 2024,12-Aug 4pm,9365,,,,
Madhya Pradesh - 2024,12-Aug 5pm,9429,,,,
Madhya Pradesh - 2024,12-Aug 6pm,9722,,,,
Madhya Pradesh - 2024,12-Aug 7pm,10565,,,,
Madhya Pradesh - 2024,12-Aug 8pm,10087,,,,
Madhya Pradesh - 2024,12-Aug 9pm,9730,,,,
Madhya Pradesh - 2024,12-Aug 10pm,9931,,,,
Madhya Pradesh - 2024,12-Aug 11pm,9844,,,,
Madhya Pradesh - 2024,13-Aug 12am,9700,,,,
Madhya Pradesh - 2024,13-Aug 1am,9453,,,,
Madhya Pradesh - 2024,13-Aug 2am,9368,,,,
Madhya Pradesh - 2024,13-Aug 3am,9407,,,,
Madhya Pradesh - 2024,13-Aug 4am,9317,,,,
Madhya Pradesh - 2024,13-Aug 5am,9596,,,,
Madhya Pradesh - 2024,13-Aug 6am,10589,,,,
Madhya Pradesh - 2024,13-Aug 7am,10987,,,,
Madhya Pradesh - 2024,13-Aug 8am,10813,,,,
Madhya Pradesh - 2024,13-Aug 9am,10486,,,,
Madhya Pradesh - 2024,13-Aug 10am,9971,,,,
Madhya Pradesh - 2024,13-Aug 11am,9691,,,,
Madhya Pradesh - 2024,13-Aug 12pm,9343,,,,
Madhya Pradesh - 2024,13-Aug 1pm,9331,,,,
Madhya Pradesh - 2024,13-Aug 2pm,9231,,,,
Madhya Pradesh - 2024,13-Aug 3pm,9370,,,,
Madhya Pradesh - 2024,13-Aug 4pm,9537,,,,
Madhya Pradesh - 2024,13-Aug 5pm,9645,,,,
Madhya Pradesh - 2024,13-Aug 6pm,10040,,,,
Madhya Pradesh - 2024,13-Aug 7pm,10980,,,,
Madhya Pradesh - 2024,13-Aug 8pm,10384,,,,
Madhya Pradesh - 2024,13-Aug 9pm,10067,,,,
Madhya Pradesh - 2024,13-Aug 10pm,10471,,,,
Madhya Pradesh - 2024,13-Aug 11pm,10389,,,,
Madhya Pradesh - 2024,14-Aug 12am,10180,,,,
Madhya Pradesh - 2024,14-Aug 1am,9970,,,,
Madhya Pradesh - 2024,14-Aug 2am,9795,,,,
Madhya Pradesh - 2024,14-Aug 3am,9773,,,,
Madhya Pradesh - 2024,14-Aug 4am,9821,,,,
Madhya Pradesh - 2024,14-Aug 5am,9992,,,,
Madhya Pradesh - 2024,14-Aug 6am,11065,,,,
Madhya Pradesh - 2024,14-Aug 7am,11412,,,,
Madhya Pradesh - 2024,14-Aug 8am,11224,,,,
Madhya Pradesh - 2024,14-Aug 9am,10890,,,,
Madhya Pradesh - 2024,14-Aug 10am,10410,,,,
Madhya Pradesh - 2024,14-Aug 11am,10206,,,,
Madhya Pradesh - 2024,14-Aug 12pm,9730,,,,
Madhya Pradesh - 2024,14-Aug 1pm,9595,,,,
Madhya Pradesh - 2024,14-Aug 2pm,9700,,,,
Madhya Pradesh - 2024,14-Aug 3pm,9813,,,,
Madhya Pradesh - 2024,14-Aug 4pm,9902,,,,
Madhya Pradesh - 2024,14-Aug 5pm,10011,,,,
Madhya Pradesh - 2024,14-Aug 6pm,10360,,,,
Madhya Pradesh - 2024,14-Aug 7pm,11291,,,,
Madhya Pradesh - 2024,14-Aug 8pm,10745,,,,
Madhya Pradesh - 2024,14-Aug 9pm,10344,,,,
Madhya Pradesh - 2024,14-Aug 10pm,10473,,,,
Madhya Pradesh - 2024,14-Aug 11pm,10310,,,,
Madhya Pradesh - 2024,15-Aug 12am,10111,,,,
Madhya Pradesh - 2024,15-Aug 1am,9890,,,,
Madhya Pradesh - 2024,15-Aug 2am,9507,,,,
Madhya Pradesh - 2024,15-Aug 3am,9429,,,,
Madhya Pradesh - 2024,15-Aug 4am,9454,,,,
Madhya Pradesh - 2024,15-Aug 5am,9848,,,,
Madhya Pradesh - 2024,15-Aug 6am,10758,,,,
Madhya Pradesh - 2024,15-Aug 7am,10573,,,,
Madhya Pradesh - 2024,15-Aug 8am,10262,,,,
Madhya Pradesh - 2024,15-Aug 9am,9755,,,,
Madhya Pradesh - 2024,15-Aug 10am,9207,,,,
Madhya Pradesh - 2024,15-Aug 11am,9195,,,,
Madhya Pradesh - 2024,15-Aug 12pm,9058,,,,
Madhya Pradesh - 2024,15-Aug 1pm,9036,,,,
Madhya Pradesh - 2024,15-Aug 2pm,8903,,,,
Madhya Pradesh - 2024,15-Aug 3pm,8882,,,,
Madhya Pradesh - 2024,15-Aug 4pm,8873,,,,
Madhya Pradesh - 2024,15-Aug 5pm,9084,,,,
Madhya Pradesh - 2024,15-Aug 6pm,9425,,,,
Madhya Pradesh - 2024,15-Aug 7pm,10210,,,,
Madhya Pradesh - 2024,15-Aug 8pm,9800,,,,
Madhya Pradesh - 2024,15-Aug 9pm,9593,,,,
Madhya Pradesh - 2024,15-Aug 10pm,9702,,,,
Madhya Pradesh - 2024,15-Aug 11pm,9604,,,,
Madhya Pradesh - 2024,16-Aug 12am,9486,,,,
Madhya Pradesh - 2024,16-Aug 1am,9380,,,,
Madhya Pradesh - 2024,16-Aug 2am,9183,,,,
Madhya Pradesh - 2024,16-Aug 3am,9082,,,,
Madhya Pradesh - 2024,16-Aug 4am,9161,,,,
Madhya Pradesh - 2024,16-Aug 5am,9193,,,,
Madhya Pradesh - 2024,16-Aug 6am,10467,,,,
Madhya Pradesh - 2024,16-Aug 7am,10764,,,,
Madhya Pradesh - 2024,16-Aug 8am,10659,,,,
Madhya Pradesh - 2024,16-Aug 9am,10408,,,,
Madhya Pradesh - 2024,16-Aug 10am,9985,,,,
Madhya Pradesh - 2024,16-Aug 11am,9802,,,,
Madhya Pradesh - 2024,16-Aug 12pm,9752,,,,
Madhya Pradesh - 2024,16-Aug 1pm,9650,,,,
Madhya Pradesh - 2024,16-Aug 2pm,9891,,,,
Madhya Pradesh - 2024,16-Aug 3pm,9818,,,,
Madhya Pradesh - 2024,16-Aug 4pm,9721,,,,
Madhya Pradesh - 2024,16-Aug 5pm,9836,,,,
Madhya Pradesh - 2024,16-Aug 6pm,10238,,,,
Madhya Pradesh - 2024,16-Aug 7pm,11326,,,,
Madhya Pradesh - 2024,16-Aug 8pm,10603,,,,
Madhya Pradesh - 2024,16-Aug 9pm,10228,,,,
Madhya Pradesh - 2024,16-Aug 10pm,10259,,,,
Madhya Pradesh - 2024,16-Aug 11pm,10243,,,,
Madhya Pradesh - 2024,17-Aug 12am,10010,,,,
Madhya Pradesh - 2024,17-Aug 1am,9807,,,,
Madhya Pradesh - 2024,17-Aug 2am,9698,,,,
Madhya Pradesh - 2024,17-Aug 3am,9648,,,,
Madhya Pradesh - 2024,17-Aug 4am,9636,,,,
Madhya Pradesh - 2024,17-Aug 5am,10009,,,,
Madhya Pradesh - 2024,17-Aug 6am,10972,,,,
Madhya Pradesh - 2024,17-Aug 7am,11149,,,,
Madhya Pradesh - 2024,17-Aug 8am,10992,,,,
Madhya Pradesh - 2024,17-Aug 9am,10686,,,,
Madhya Pradesh - 2024,17-Aug 10am,10458,,,,
Madhya Pradesh - 2024,17-Aug 11am,10255,,,,
Madhya Pradesh - 2024,17-Aug 12pm,10107,,,,
Madhya Pradesh - 2024,17-Aug 1pm,10242,,,,
Madhya Pradesh - 2024,17-Aug 2pm,10324,,,,
Madhya Pradesh - 2024,17-Aug 3pm,10331,,,,
Madhya Pradesh - 2024,17-Aug 4pm,10373,,,,
Madhya Pradesh - 2024,17-Aug 5pm,10381,,,,
Madhya Pradesh - 2024,17-Aug 6pm,10637,,,,
Madhya Pradesh - 2024,17-Aug 7pm,11552,,,,
Madhya Pradesh - 2024,17-Aug 8pm,10883,,,,
Madhya Pradesh - 2024,17-Aug 9pm,10408,,,,
Madhya Pradesh - 2024,17-Aug 10pm,10715,,,,
Madhya Pradesh - 2024,17-Aug 11pm,10798,,,,
Madhya Pradesh - 2024,18-Aug 12am,10628,,,,
Madhya Pradesh - 2024,18-Aug 1am,10464,,,,
Madhya Pradesh - 2024,18-Aug 2am,10246,,,,
Madhya Pradesh - 2024,18-Aug 3am,10253,,,,
Madhya Pradesh - 2024,18-Aug 4am,10247,,,,
Madhya Pradesh - 2024,18-Aug 5am,10396,,,,
Madhya Pradesh - 2024,18-Aug 6am,11204,,,,
Madhya Pradesh - 2024,18-Aug 7am,11358,,,,
Madhya Pradesh - 2024,18-Aug 8am,11272,,,,
Madhya Pradesh - 2024,18-Aug 9am,10924,,,,
Madhya Pradesh - 2024,18-Aug 10am,10470,,,,
Madhya Pradesh - 2024,18-Aug 11am,10198,,,,
Madhya Pradesh - 2024,18-Aug 12pm,10140,,,,
Madhya Pradesh - 2024,18-Aug 1pm,10084,,,,
Madhya Pradesh - 2024,18-Aug 2pm,10120,,,,
Madhya Pradesh - 2024,18-Aug 3pm,10128,,,,
Madhya Pradesh - 2024,18-Aug 4pm,10000,,,,
Madhya Pradesh - 2024,18-Aug 5pm,10036,,,,
Madhya Pradesh - 2024,18-Aug 6pm,10122,,,,
Madhya Pradesh - 2024,18-Aug 7pm,11095,,,,
Madhya Pradesh - 2024,18-Aug 8pm,10685,,,,
Madhya Pradesh - 2024,18-Aug 9pm,10426,,,,
Madhya Pradesh - 2024,18-Aug 10pm,10611,,,,
Madhya Pradesh - 2024,18-Aug 11pm,10582,,,,
Madhya Pradesh - 2024,19-Aug 12am,10429,,,,
Madhya Pradesh - 2024,19-Aug 1am,10337,,,,
Madhya Pradesh - 2024,19-Aug 2am,10132,,,,
Madhya Pradesh - 2024,19-Aug 3am,10104,,,,
Madhya Pradesh - 2024,19-Aug 4am,10082,,,,
Madhya Pradesh - 2024,19-Aug 5am,10279,,,,
Madhya Pradesh - 2024,19-Aug 6am,10934,,,,
Madhya Pradesh - 2024,19-Aug 7am,11152,,,,
Madhya Pradesh - 2024,19-Aug 8am,11055,,,,
Madhya Pradesh - 2024,19-Aug 9am,11038,,,,
Madhya Pradesh - 2024,19-Aug 10am,10746,,,,
Madhya Pradesh - 2024,19-Aug 11am,10732,,,,
Madhya Pradesh - 2024,19-Aug 12pm,10396,,,,
Madhya Pradesh - 2024,19-Aug 1pm,9989,,,,
Madhya Pradesh - 2024,19-Aug 2pm,10014,,,,
Madhya Pradesh - 2024,19-Aug 3pm,10042,,,,
Madhya Pradesh - 2024,19-Aug 4pm,9847,,,,
Madhya Pradesh - 2024,19-Aug 5pm,9705,,,,
Madhya Pradesh - 2024,19-Aug 6pm,9448,,,,
Madhya Pradesh - 2024,19-Aug 7pm,10024,,,,
Madhya Pradesh - 2024,19-Aug 8pm,9654,,,,
Madhya Pradesh - 2024,19-Aug 9pm,9566,,,,
Madhya Pradesh - 2024,19-Aug 10pm,9876,,,,
Madhya Pradesh - 2024,19-Aug 11pm,9921,,,,
Madhya Pradesh - 2024,20-Aug 12am,9942,,,,
Madhya Pradesh - 2024,20-Aug 1am,9833,,,,
Madhya Pradesh - 2024,20-Aug 2am,9796,,,,
Madhya Pradesh - 2024,20-Aug 3am,9753,,,,
Madhya Pradesh - 2024,20-Aug 4am,9711,,,,
Madhya Pradesh - 2024,20-Aug 5am,9875,,,,
Madhya Pradesh - 2024,20-Aug 6am,10357,,,,
Madhya Pradesh - 2024,20-Aug 7am,10705,,,,
Madhya Pradesh - 2024,20-Aug 8am,10801,,,,
Madhya Pradesh - 2024,20-Aug 9am,10906,,,,
Madhya Pradesh - 2024,20-Aug 10am,10864,,,,
Madhya Pradesh - 2024,20-Aug 11am,10899,,,,
Madhya Pradesh - 2024,20-Aug 12pm,10457,,,,
Madhya Pradesh - 2024,20-Aug 1pm,10435,,,,
Madhya Pradesh - 2024,20-Aug 2pm,10495,,,,
Madhya Pradesh - 2024,20-Aug 3pm,10403,,,,
Madhya Pradesh - 2024,20-Aug 4pm,10040,,,,
Madhya Pradesh - 2024,20-Aug 5pm,9742,,,,
Madhya Pradesh - 2024,20-Aug 6pm,9814,,,,
Madhya Pradesh - 2024,20-Aug 7pm,10633,,,,
Madhya Pradesh - 2024,20-Aug 8pm,10254,,,,
Madhya Pradesh - 2024,20-Aug 9pm,9950,,,,
Madhya Pradesh - 2024,20-Aug 10pm,10108,,,,
Madhya Pradesh - 2024,20-Aug 11pm,10109,,,,
Madhya Pradesh - 2024,21-Aug 12am,9978,,,,
Madhya Pradesh - 2024,21-Aug 1am,10072,,,,
Madhya Pradesh - 2024,21-Aug 2am,9840,,,,
Madhya Pradesh - 2024,21-Aug 3am,9969,,,,
Madhya Pradesh - 2024,21-Aug 4am,9987,,,,
Madhya Pradesh - 2024,21-Aug 5am,10162,,,,
Madhya Pradesh - 2024,21-Aug 6am,10952,,,,
Madhya Pradesh - 2024,21-Aug 7am,11216,,,,
Madhya Pradesh - 2024,21-Aug 8am,10968,,,,
Madhya Pradesh - 2024,21-Aug 9am,10875,,,,
Madhya Pradesh - 2024,21-Aug 10am,10791,,,,
Madhya Pradesh - 2024,21-Aug 11am,10729,,,,
Madhya Pradesh - 2024,21-Aug 12pm,10496,,,,
Madhya Pradesh - 2024,21-Aug 1pm,10285,,,,
Madhya Pradesh - 2024,21-Aug 2pm,10209,,,,
Madhya Pradesh - 2024,21-Aug 3pm,10270,,,,
Madhya Pradesh - 2024,21-Aug 4pm,10053,,,,
Madhya Pradesh - 2024,21-Aug 5pm,10151,,,,
Madhya Pradesh - 2024,21-Aug 6pm,10446,,,,
Madhya Pradesh - 2024,21-Aug 7pm,10590,,,,
Madhya Pradesh - 2024,21-Aug 8pm,10142,,,,
Madhya Pradesh - 2024,21-Aug 9pm,10061,,,,
Madhya Pradesh - 2024,21-Aug 10pm,10037,,,,
Madhya Pradesh - 2024,21-Aug 11pm,9719,,,,
Madhya Pradesh - 2024,22-Aug 12am,9861,,,,
Madhya Pradesh - 2024,22-Aug 1am,10192,,,,
Madhya Pradesh - 2024,22-Aug 2am,10147,,,,
Madhya Pradesh - 2024,22-Aug 3am,10138,,,,
Madhya Pradesh - 2024,22-Aug 4am,10230,,,,
Madhya Pradesh - 2024,22-Aug 5am,10411,,,,
Madhya Pradesh - 2024,22-Aug 6am,11056,,,,
Madhya Pradesh - 2024,22-Aug 7am,11351,,,,
Madhya Pradesh - 2024,22-Aug 8am,11433,,,,
Madhya Pradesh - 2024,22-Aug 9am,11155,,,,
Madhya Pradesh - 2024,22-Aug 10am,10748,,,,
Madhya Pradesh - 2024,22-Aug 11am,10624,,,,
Madhya Pradesh - 2024,22-Aug 12pm,10235,,,,
Madhya Pradesh - 2024,22-Aug 1pm,10080,,,,
Madhya Pradesh - 2024,22-Aug 2pm,9924,,,,
Madhya Pradesh - 2024,22-Aug 3pm,9957,,,,
Madhya Pradesh - 2024,22-Aug 4pm,9987,,,,
Madhya Pradesh - 2024,22-Aug 5pm,10270,,,,
Madhya Pradesh - 2024,22-Aug 6pm,10574,,,,
Madhya Pradesh - 2024,22-Aug 7pm,10655,,,,
Madhya Pradesh - 2024,22-Aug 8pm,10738,,,,
Madhya Pradesh - 2024,22-Aug 9pm,9823,,,,
Madhya Pradesh - 2024,22-Aug 10pm,10095,,,,
Madhya Pradesh - 2024,22-Aug 11pm,9908,,,,
Madhya Pradesh - 2024,23-Aug 12am,9579,,,,
Madhya Pradesh - 2024,23-Aug 1am,10128,,,,
Madhya Pradesh - 2024,23-Aug 2am,9986,,,,
Madhya Pradesh - 2024,23-Aug 3am,9852,,,,
Madhya Pradesh - 2024,23-Aug 4am,9878,,,,
Madhya Pradesh - 2024,23-Aug 5am,9961,,,,
Madhya Pradesh - 2024,23-Aug 6am,10709,,,,
Madhya Pradesh - 2024,23-Aug 7am,10939,,,,
Madhya Pradesh - 2024,23-Aug 8am,10731,,,,
Madhya Pradesh - 2024,23-Aug 9am,10550,,,,
Madhya Pradesh - 2024,23-Aug 10am,10219,,,,
Madhya Pradesh - 2024,23-Aug 11am,10070,,,,
Madhya Pradesh - 2024,23-Aug 12pm,10031,,,,
Madhya Pradesh - 2024,23-Aug 1pm,9748,,,,
Madhya Pradesh - 2024,23-Aug 2pm,9886,,,,
Madhya Pradesh - 2024,23-Aug 3pm,9937,,,,
Madhya Pradesh - 2024,23-Aug 4pm,9969,,,,
Madhya Pradesh - 2024,23-Aug 5pm,9942,,,,
Madhya Pradesh - 2024,23-Aug 6pm,10429,,,,
Madhya Pradesh - 2024,23-Aug 7pm,11049,,,,
Madhya Pradesh - 2024,23-Aug 8pm,10548,,,,
Madhya Pradesh - 2024,23-Aug 9pm,10270,,,,
Madhya Pradesh - 2024,23-Aug 10pm,10329,,,,
Madhya Pradesh - 2024,23-Aug 11pm,10242,,,,
Madhya Pradesh - 2024,24-Aug 12am,10102,,,,
Madhya Pradesh - 2024,24-Aug 1am,10021,,,,
Madhya Pradesh - 2024,24-Aug 2am,9800,,,,
Madhya Pradesh - 2024,24-Aug 3am,9684,,,,
Madhya Pradesh - 2024,24-Aug 4am,9563,,,,
Madhya Pradesh - 2024,24-Aug 5am,9757,,,,
Madhya Pradesh - 2024,24-Aug 6am,10419,,,,
Madhya Pradesh - 2024,24-Aug 7am,10606,,,,
Madhya Pradesh - 2024,24-Aug 8am,10558,,,,
Madhya Pradesh - 2024,24-Aug 9am,10294,,,,
Madhya Pradesh - 2024,24-Aug 10am,9915,,,,
Madhya Pradesh - 2024,24-Aug 11am,9478,,,,
Madhya Pradesh - 2024,24-Aug 12pm,9264,,,,
Madhya Pradesh - 2024,24-Aug 1pm,8881,,,,
Madhya Pradesh - 2024,24-Aug 2pm,8770,,,,
Madhya Pradesh - 2024,24-Aug 3pm,8615,,,,
Madhya Pradesh - 2024,24-Aug 4pm,8644,,,,
Madhya Pradesh - 2024,24-Aug 5pm,9153,,,,
Madhya Pradesh - 2024,24-Aug 6pm,9669,,,,
Madhya Pradesh - 2024,24-Aug 7pm,10095,,,,
Madhya Pradesh - 2024,24-Aug 8pm,9458,,,,
Madhya Pradesh - 2024,24-Aug 9pm,9215,,,,
Madhya Pradesh - 2024,24-Aug 10pm,9241,,,,
Madhya Pradesh - 2024,24-Aug 11pm,9175,,,,
Madhya Pradesh - 2024,25-Aug 12am,9168,,,,
Madhya Pradesh - 2024,25-Aug 1am,9067,,,,
Madhya Pradesh - 2024,25-Aug 2am,8776,,,,
Madhya Pradesh - 2024,25-Aug 3am,8694,,,,
Madhya Pradesh - 2024,25-Aug 4am,8621,,,,
Madhya Pradesh - 2024,25-Aug 5am,8618,,,,
Madhya Pradesh - 2024,25-Aug 6am,9410,,,,
Madhya Pradesh - 2024,25-Aug 7am,9767,,,,
Madhya Pradesh - 2024,25-Aug 8am,9646,,,,
Madhya Pradesh - 2024,25-Aug 9am,9286,,,,
Madhya Pradesh - 2024,25-Aug 10am,8844,,,,
Madhya Pradesh - 2024,25-Aug 11am,8649,,,,
Madhya Pradesh - 2024,25-Aug 12pm,8244,,,,
Madhya Pradesh - 2024,25-Aug 1pm,7945,,,,
Madhya Pradesh - 2024,25-Aug 2pm,8034,,,,
Madhya Pradesh - 2024,25-Aug 3pm,8062,,,,
Madhya Pradesh - 2024,25-Aug 4pm,8191,,,,
Madhya Pradesh - 2024,25-Aug 5pm,8642,,,,
Madhya Pradesh - 2024,25-Aug 6pm,9215,,,,
Madhya Pradesh - 2024,25-Aug 7pm,9730,,,,
Madhya Pradesh - 2024,25-Aug 8pm,9246,,,,
Madhya Pradesh - 2024,25-Aug 9pm,8943,,,,
Madhya Pradesh - 2024,25-Aug 10pm,8760,,,,
Madhya Pradesh - 2024,25-Aug 11pm,8694,,,,
Madhya Pradesh - 2024,26-Aug 12am,8686,,,,
Madhya Pradesh - 2024,26-Aug 1am,8437,,,,
Madhya Pradesh - 2024,26-Aug 2am,8397,,,,
Madhya Pradesh - 2024,26-Aug 3am,8442,,,,
Madhya Pradesh - 2024,26-Aug 4am,8523,,,,
Madhya Pradesh - 2024,26-Aug 5am,8745,,,,
Madhya Pradesh - 2024,26-Aug 6am,9660,,,,
Madhya Pradesh - 2024,26-Aug 7am,10104,,,,
Madhya Pradesh - 2024,26-Aug 8am,10248,,,,
Madhya Pradesh - 2024,26-Aug 9am,10022,,,,
Madhya Pradesh - 2024,26-Aug 10am,9815,,,,
Madhya Pradesh - 2024,26-Aug 11am,9513,,,,
Madhya Pradesh - 2024,26-Aug 12pm,8943,,,,
Madhya Pradesh - 2024,26-Aug 1pm,8692,,,,
Madhya Pradesh - 2024,26-Aug 2pm,8758,,,,
Madhya Pradesh - 2024,26-Aug 3pm,8756,,,,
Madhya Pradesh - 2024,26-Aug 4pm,8939,,,,
Madhya Pradesh - 2024,26-Aug 5pm,9431,,,,
Madhya Pradesh - 2024,26-Aug 6pm,9656,,,,
Madhya Pradesh - 2024,26-Aug 7pm,10012,,,,
Madhya Pradesh - 2024,26-Aug 8pm,9285,,,,
Madhya Pradesh - 2024,26-Aug 9pm,8805,,,,
Madhya Pradesh - 2024,26-Aug 10pm,8595,,,,
Madhya Pradesh - 2024,26-Aug 11pm,8463,,,,
Madhya Pradesh - 2024,27-Aug 12am,8379,,,,
Madhya Pradesh - 2024,27-Aug 1am,8320,,,,
Madhya Pradesh - 2024,27-Aug 2am,8377,,,,
Madhya Pradesh - 2024,27-Aug 3am,8354,,,,
Madhya Pradesh - 2024,27-Aug 4am,8330,,,,
Madhya Pradesh - 2024,27-Aug 5am,8583,,,,
Madhya Pradesh - 2024,27-Aug 6am,9562,,,,
Madhya Pradesh - 2024,27-Aug 7am,10000,,,,
Madhya Pradesh - 2024,27-Aug 8am,9929,,,,
Madhya Pradesh - 2024,27-Aug 9am,9529,,,,
Madhya Pradesh - 2024,27-Aug 10am,9171,,,,
Madhya Pradesh - 2024,27-Aug 11am,8784,,,,
Madhya Pradesh - 2024,27-Aug 12pm,8755,,,,
Madhya Pradesh - 2024,27-Aug 1pm,8822,,,,
Madhya Pradesh - 2024,27-Aug 2pm,8920,,,,
Madhya Pradesh - 2024,27-Aug 3pm,9124,,,,
Madhya Pradesh - 2024,27-Aug 4pm,9408,,,,
Madhya Pradesh - 2024,27-Aug 5pm,9387,,,,
Madhya Pradesh - 2024,27-Aug 6pm,9949,,,,
Madhya Pradesh - 2024,27-Aug 7pm,10854,,,,
Madhya Pradesh - 2024,27-Aug 8pm,9959,,,,
Madhya Pradesh - 2024,27-Aug 9pm,9718,,,,
Madhya Pradesh - 2024,27-Aug 10pm,9752,,,,
Madhya Pradesh - 2024,27-Aug 11pm,9767,,,,
Madhya Pradesh - 2024,28-Aug 12am,9642,,,,
Madhya Pradesh - 2024,28-Aug 1am,9626,,,,
Madhya Pradesh - 2024,28-Aug 2am,9457,,,,
Madhya Pradesh - 2024,28-Aug 3am,9913,,,,
Madhya Pradesh - 2024,28-Aug 4am,9579,,,,
Madhya Pradesh - 2024,28-Aug 5am,9614,,,,
Madhya Pradesh - 2024,28-Aug 6am,10573,,,,
Madhya Pradesh - 2024,28-Aug 7am,10702,,,,
Madhya Pradesh - 2024,28-Aug 8am,10528,,,,
Madhya Pradesh - 2024,28-Aug 9am,10319,,,,
Madhya Pradesh - 2024,28-Aug 10am,9638,,,,
Madhya Pradesh - 2024,28-Aug 11am,9454,,,,
Madhya Pradesh - 2024,28-Aug 12pm,9387,,,,
Madhya Pradesh - 2024,28-Aug 1pm,8988,,,,
Madhya Pradesh - 2024,28-Aug 2pm,9470,,,,
Madhya Pradesh - 2024,28-Aug 3pm,9708,,,,
Madhya Pradesh - 2024,28-Aug 4pm,9822,,,,
Madhya Pradesh - 2024,28-Aug 5pm,9970,,,,
Madhya Pradesh - 2024,28-Aug 6pm,10518,,,,
Madhya Pradesh - 2024,28-Aug 7pm,11298,,,,
Madhya Pradesh - 2024,28-Aug 8pm,10614,,,,
Madhya Pradesh - 2024,28-Aug 9pm,10331,,,,
Madhya Pradesh - 2024,28-Aug 10pm,10374,,,,
Madhya Pradesh - 2024,28-Aug 11pm,10324,,,,
Madhya Pradesh - 2024,29-Aug 12am,10195,,,,
Madhya Pradesh - 2024,29-Aug 1am,10123,,,,
Madhya Pradesh - 2024,29-Aug 2am,10093,,,,
Madhya Pradesh - 2024,29-Aug 3am,9940,,,,
Madhya Pradesh - 2024,29-Aug 4am,9880,,,,
Madhya Pradesh - 2024,29-Aug 5am,10142,,,,
Madhya Pradesh - 2024,29-Aug 6am,11096,,,,
Madhya Pradesh - 2024,29-Aug 7am,11440,,,,
Madhya Pradesh - 2024,29-Aug 8am,11161,,,,
Madhya Pradesh - 2024,29-Aug 9am,10766,,,,
Madhya Pradesh - 2024,29-Aug 10am,10355,,,,
Madhya Pradesh - 2024,29-Aug 11am,10237,,,,
Madhya Pradesh - 2024,29-Aug 12pm,10049,,,,
Madhya Pradesh - 2024,29-Aug 1pm,10087,,,,
Madhya Pradesh - 2024,29-Aug 2pm,10147,,,,
Madhya Pradesh - 2024,29-Aug 3pm,10234,,,,
Madhya Pradesh - 2024,29-Aug 4pm,10137,,,,
Madhya Pradesh - 2024,29-Aug 5pm,10110,,,,
Madhya Pradesh - 2024,29-Aug 6pm,10644,,,,
Madhya Pradesh - 2024,29-Aug 7pm,11599,,,,
Madhya Pradesh - 2024,29-Aug 8pm,10924,,,,
Madhya Pradesh - 2024,29-Aug 9pm,10593,,,,
Madhya Pradesh - 2024,29-Aug 10pm,10654,,,,
Madhya Pradesh - 2024,29-Aug 11pm,10545,,,,
Madhya Pradesh - 2024,30-Aug 12am,10551,,,,
Madhya Pradesh - 2024,30-Aug 1am,10470,,,,
Madhya Pradesh - 2024,30-Aug 2am,10292,,,,
Madhya Pradesh - 2024,30-Aug 3am,10254,,,,
Madhya Pradesh - 2024,30-Aug 4am,10217,,,,
Madhya Pradesh - 2024,30-Aug 5am,10247,,,,
Madhya Pradesh - 2024,30-Aug 6am,11138,,,,
Madhya Pradesh - 2024,30-Aug 7am,11474,,,,
Madhya Pradesh - 2024,30-Aug 8am,11274,,,,
Madhya Pradesh - 2024,30-Aug 9am,11019,,,,
Madhya Pradesh - 2024,30-Aug 10am,10804,,,,
Madhya Pradesh - 2024,30-Aug 11am,10844,,,,
Madhya Pradesh - 2024,30-Aug 12pm,10531,,,,
Madhya Pradesh - 2024,30-Aug 1pm,10549,,,,
Madhya Pradesh - 2024,30-Aug 2pm,10292,,,,
Madhya Pradesh - 2024,30-Aug 3pm,10430,,,,
Madhya Pradesh - 2024,30-Aug 4pm,9795,,,,
Madhya Pradesh - 2024,30-Aug 5pm,9999,,,,
Madhya Pradesh - 2024,30-Aug 6pm,10455,,,,
Madhya Pradesh - 2024,30-Aug 7pm,10966,,,,
Madhya Pradesh - 2024,30-Aug 8pm,10280,,,,
Madhya Pradesh - 2024,30-Aug 9pm,10239,,,,
Madhya Pradesh - 2024,30-Aug 10pm,10247,,,,
Madhya Pradesh - 2024,30-Aug 11pm,10207,,,,
Madhya Pradesh - 2024,31-Aug 12am,10159,,,,
Madhya Pradesh - 2024,31-Aug 1am,10072,,,,
Madhya Pradesh - 2024,31-Aug 2am,9947,,,,
Madhya Pradesh - 2024,31-Aug 3am,9968,,,,
Madhya Pradesh - 2024,31-Aug 4am,9951,,,,
Madhya Pradesh - 2024,31-Aug 5am,10220,,,,
Madhya Pradesh - 2024,31-Aug 6am,11289,,,,
Madhya Pradesh - 2024,31-Aug 7am,11528,,,,
Madhya Pradesh - 2024,31-Aug 8am,11398,,,,
Madhya Pradesh - 2024,31-Aug 9am,10891,,,,
Madhya Pradesh - 2024,31-Aug 10am,10631,,,,
Madhya Pradesh - 2024,31-Aug 11am,10601,,,,
Madhya Pradesh - 2024,31-Aug 12pm,10355,,,,
Madhya Pradesh - 2024,31-Aug 1pm,10468,,,,
Madhya Pradesh - 2024,31-Aug 2pm,10438,,,,
Madhya Pradesh - 2024,31-Aug 3pm,10566,,,,
Madhya Pradesh - 2024,31-Aug 4pm,10439,,,,
Madhya Pradesh - 2024,31-Aug 5pm,10223,,,,
Madhya Pradesh - 2024,31-Aug 6pm,10724,,,,
Madhya Pradesh - 2024,31-Aug 7pm,11338,,,,
Madhya Pradesh - 2024,31-Aug 8pm,10714,,,,
Madhya Pradesh - 2024,31-Aug 9pm,10513,,,,
Madhya Pradesh - 2024,31-Aug 10pm,10309,,,,
Madhya Pradesh - 2024,31-Aug 11pm,10597,,,,
Madhya Pradesh - 2024,01-Sep 12am,10543,,,,
Madhya Pradesh - 2024,01-Sep 1am,10384,,,,
Madhya Pradesh - 2024,01-Sep 2am,10303,,,,
Madhya Pradesh - 2024,01-Sep 3am,10188,,,,
Madhya Pradesh - 2024,01-Sep 4am,10273,,,,
Madhya Pradesh - 2024,01-Sep 5am,10599,,,,
Madhya Pradesh - 2024,01-Sep 6am,11131,,,,
Madhya Pradesh - 2024,01-Sep 7am,11568,,,,
Madhya Pradesh - 2024,01-Sep 8am,11505,,,,
Madhya Pradesh - 2024,01-Sep 9am,11066,,,,
Madhya Pradesh - 2024,01-Sep 10am,10750,,,,
Madhya Pradesh - 2024,01-Sep 11am,10704,,,,
Madhya Pradesh - 2024,01-Sep 12pm,10344,,,,
Madhya Pradesh - 2024,01-Sep 1pm,10288,,,,
Madhya Pradesh - 2024,01-Sep 2pm,10178,,,,
Madhya Pradesh - 2024,01-Sep 3pm,9715,,,,
Madhya Pradesh - 2024,01-Sep 4pm,9417,,,,
Madhya Pradesh - 2024,01-Sep 5pm,9520,,,,
Madhya Pradesh - 2024,01-Sep 6pm,10038,,,,
Madhya Pradesh - 2024,01-Sep 7pm,10527,,,,
Madhya Pradesh - 2024,01-Sep 8pm,10108,,,,
Madhya Pradesh - 2024,01-Sep 9pm,9822,,,,
Madhya Pradesh - 2024,01-Sep 10pm,9926,,,,
Madhya Pradesh - 2024,01-Sep 11pm,9933,,,,
Madhya Pradesh - 2024,02-Sep 12am,9830,,,,
Madhya Pradesh - 2024,02-Sep 1am,9865,,,,
Madhya Pradesh - 2024,02-Sep 2am,9621,,,,
Madhya Pradesh - 2024,02-Sep 3am,9658,,,,
Madhya Pradesh - 2024,02-Sep 4am,9632,,,,
Madhya Pradesh - 2024,02-Sep 5am,10001,,,,
Madhya Pradesh - 2024,02-Sep 6am,10919,,,,
Madhya Pradesh - 2024,02-Sep 7am,11214,,,,
Madhya Pradesh - 2024,02-Sep 8am,11015,,,,
Madhya Pradesh - 2024,02-Sep 9am,10870,,,,
Madhya Pradesh - 2024,02-Sep 10am,10530,,,,
Madhya Pradesh - 2024,02-Sep 11am,10342,,,,
Madhya Pradesh - 2024,02-Sep 12pm,10078,,,,
Madhya Pradesh - 2024,02-Sep 1pm,10106,,,,
Madhya Pradesh - 2024,02-Sep 2pm,10055,,,,
Madhya Pradesh - 2024,02-Sep 3pm,10073,,,,
Madhya Pradesh - 2024,02-Sep 4pm,9915,,,,
Madhya Pradesh - 2024,02-Sep 5pm,10260,,,,
Madhya Pradesh - 2024,02-Sep 6pm,10677,,,,
Madhya Pradesh - 2024,02-Sep 7pm,11399,,,,
Madhya Pradesh - 2024,02-Sep 8pm,10599,,,,
Madhya Pradesh - 2024,02-Sep 9pm,10475,,,,
Madhya Pradesh - 2024,02-Sep 10pm,10589,,,,
Madhya Pradesh - 2024,02-Sep 11pm,10527,,,,
Madhya Pradesh - 2024,03-Sep 12am,10514,,,,
Madhya Pradesh - 2024,03-Sep 1am,10362,,,,
Madhya Pradesh - 2024,03-Sep 2am,10258,,,,
Madhya Pradesh - 2024,03-Sep 3am,10191,,,,
Madhya Pradesh - 2024,03-Sep 4am,10133,,,,
Madhya Pradesh - 2024,03-Sep 5am,10405,,,,
Madhya Pradesh - 2024,03-Sep 6am,11421,,,,
Madhya Pradesh - 2024,03-Sep 7am,11684,,,,
Madhya Pradesh - 2024,03-Sep 8am,11496,,,,
Madhya Pradesh - 2024,03-Sep 9am,11211,,,,
Madhya Pradesh - 2024,03-Sep 10am,10891,,,,
Madhya Pradesh - 2024,03-Sep 11am,10941,,,,
Madhya Pradesh - 2024,03-Sep 12pm,10479,,,,
Madhya Pradesh - 2024,03-Sep 1pm,10532,,,,
Madhya Pradesh - 2024,03-Sep 2pm,10605,,,,
Madhya Pradesh - 2024,03-Sep 3pm,10445,,,,
Madhya Pradesh - 2024,03-Sep 4pm,10218,,,,
Madhya Pradesh - 2024,03-Sep 5pm,10703,,,,
Madhya Pradesh - 2024,03-Sep 6pm,11266,,,,
Madhya Pradesh - 2024,03-Sep 7pm,11651,,,,
Madhya Pradesh - 2024,03-Sep 8pm,11069,,,,
Madhya Pradesh - 2024,03-Sep 9pm,10798,,,,
Madhya Pradesh - 2024,03-Sep 10pm,11050,,,,
Madhya Pradesh - 2024,03-Sep 11pm,10941,,,,
Madhya Pradesh - 2024,04-Sep 12am,10794,,,,
Madhya Pradesh - 2024,04-Sep 1am,10705,,,,
Madhya Pradesh - 2024,04-Sep 2am,10555,,,,
Madhya Pradesh - 2024,04-Sep 3am,10539,,,,
Madhya Pradesh - 2024,04-Sep 4am,10509,,,,
Madhya Pradesh - 2024,04-Sep 5am,10616,,,,
Madhya Pradesh - 2024,04-Sep 6am,11628,,,,
Madhya Pradesh - 2024,04-Sep 7am,11968,,,,
Madhya Pradesh - 2024,04-Sep 8am,11892,,,,
Madhya Pradesh - 2024,04-Sep 9am,11412,,,,
Madhya Pradesh - 2024,04-Sep 10am,11243,,,,
Madhya Pradesh - 2024,04-Sep 11am,11150,,,,
Madhya Pradesh - 2024,04-Sep 12pm,10840,,,,
Madhya Pradesh - 2024,04-Sep 1pm,10870,,,,
Madhya Pradesh - 2024,04-Sep 2pm,10737,,,,
Madhya Pradesh - 2024,04-Sep 3pm,10592,,,,
Madhya Pradesh - 2024,04-Sep 4pm,10357,,,,
Madhya Pradesh - 2024,04-Sep 5pm,10282,,,,
Madhya Pradesh - 2024,04-Sep 6pm,10969,,,,
Madhya Pradesh - 2024,04-Sep 7pm,11712,,,,
Madhya Pradesh - 2024,04-Sep 8pm,10805,,,,
Madhya Pradesh - 2024,04-Sep 9pm,10676,,,,
Madhya Pradesh - 2024,04-Sep 10pm,10815,,,,
Madhya Pradesh - 2024,04-Sep 11pm,10721,,,,
Madhya Pradesh - 2024,05-Sep 12am,10761,,,,
Madhya Pradesh - 2024,05-Sep 1am,10485,,,,
Madhya Pradesh - 2024,05-Sep 2am,10405,,,,
Madhya Pradesh - 2024,05-Sep 3am,10275,,,,
Madhya Pradesh - 2024,05-Sep 4am,10285,,,,
Madhya Pradesh - 2024,05-Sep 5am,10582,,,,
Madhya Pradesh - 2024,05-Sep 6am,11604,,,,
Madhya Pradesh - 2024,05-Sep 7am,12032,,,,
Madhya Pradesh - 2024,05-Sep 8am,11765,,,,
Madhya Pradesh - 2024,05-Sep 9am,11303,,,,
Madhya Pradesh - 2024,05-Sep 10am,10906,,,,
Madhya Pradesh - 2024,05-Sep 11am,10919,,,,
Madhya Pradesh - 2024,05-Sep 12pm,10460,,,,
Madhya Pradesh - 2024,05-Sep 1pm,10318,,,,
Madhya Pradesh - 2024,05-Sep 2pm,10337,,,,
Madhya Pradesh - 2024,05-Sep 3pm,10319,,,,
Madhya Pradesh - 2024,05-Sep 4pm,10312,,,,
Madhya Pradesh - 2024,05-Sep 5pm,10273,,,,
Madhya Pradesh - 2024,05-Sep 6pm,10694,,,,
Madhya Pradesh - 2024,05-Sep 7pm,11540,,,,
Madhya Pradesh - 2024,05-Sep 8pm,10717,,,,
Madhya Pradesh - 2024,05-Sep 9pm,10480,,,,
Madhya Pradesh - 2024,05-Sep 10pm,10638,,,,
Madhya Pradesh - 2024,05-Sep 11pm,10711,,,,
Madhya Pradesh - 2024,06-Sep 12am,10708,,,,
Madhya Pradesh - 2024,06-Sep 1am,10510,,,,
Madhya Pradesh - 2024,06-Sep 2am,10324,,,,
Madhya Pradesh - 2024,06-Sep 3am,10325,,,,
Madhya Pradesh - 2024,06-Sep 4am,10372,,,,
Madhya Pradesh - 2024,06-Sep 5am,10659,,,,
Madhya Pradesh - 2024,06-Sep 6am,11504,,,,
Madhya Pradesh - 2024,06-Sep 7am,11793,,,,
Madhya Pradesh - 2024,06-Sep 8am,11590,,,,
Madhya Pradesh - 2024,06-Sep 9am,11364,,,,
Madhya Pradesh - 2024,06-Sep 10am,11047,,,,
Madhya Pradesh - 2024,06-Sep 11am,10727,,,,
Madhya Pradesh - 2024,06-Sep 12pm,10338,,,,
Madhya Pradesh - 2024,06-Sep 1pm,10275,,,,
Madhya Pradesh - 2024,06-Sep 2pm,10194,,,,
Madhya Pradesh - 2024,06-Sep 3pm,10419,,,,
Madhya Pradesh - 2024,06-Sep 4pm,10356,,,,
Madhya Pradesh - 2024,06-Sep 5pm,10488,,,,
Madhya Pradesh - 2024,06-Sep 6pm,10917,,,,
Madhya Pradesh - 2024,06-Sep 7pm,11422,,,,
Madhya Pradesh - 2024,06-Sep 8pm,10527,,,,
Madhya Pradesh - 2024,06-Sep 9pm,10305,,,,
Madhya Pradesh - 2024,06-Sep 10pm,10582,,,,
Madhya Pradesh - 2024,06-Sep 11pm,10641,,,,
Madhya Pradesh - 2024,07-Sep 12am,10650,,,,
Madhya Pradesh - 2024,07-Sep 1am,10505,,,,
Madhya Pradesh - 2024,07-Sep 2am,10297,,,,
Madhya Pradesh - 2024,07-Sep 3am,10247,,,,
Madhya Pradesh - 2024,07-Sep 4am,10377,,,,
Madhya Pradesh - 2024,07-Sep 5am,10487,,,,
Madhya Pradesh - 2024,07-Sep 6am,11389,,,,
Madhya Pradesh - 2024,07-Sep 7am,11734,,,,
Madhya Pradesh - 2024,07-Sep 8am,11762,,,,
Madhya Pradesh - 2024,07-Sep 9am,11449,,,,
Madhya Pradesh - 2024,07-Sep 10am,11043,,,,
Madhya Pradesh - 2024,07-Sep 11am,10953,,,,
Madhya Pradesh - 2024,07-Sep 12pm,10517,,,,
Madhya Pradesh - 2024,07-Sep 1pm,10478,,,,
Madhya Pradesh - 2024,07-Sep 2pm,10689,,,,
Madhya Pradesh - 2024,07-Sep 3pm,10622,,,,
Madhya Pradesh - 2024,07-Sep 4pm,10637,,,,
Madhya Pradesh - 2024,07-Sep 5pm,10575,,,,
Madhya Pradesh - 2024,07-Sep 6pm,10929,,,,
Madhya Pradesh - 2024,07-Sep 7pm,11541,,,,
Madhya Pradesh - 2024,07-Sep 8pm,10813,,,,
Madhya Pradesh - 2024,07-Sep 9pm,10567,,,,
Madhya Pradesh - 2024,07-Sep 10pm,10778,,,,
Madhya Pradesh - 2024,07-Sep 11pm,10865,,,,
Madhya Pradesh - 2024,08-Sep 12am,10905,,,,
Madhya Pradesh - 2024,08-Sep 1am,10672,,,,
Madhya Pradesh - 2024,08-Sep 2am,10458,,,,
Madhya Pradesh - 2024,08-Sep 3am,10412,,,,
Madhya Pradesh - 2024,08-Sep 4am,10325,,,,
Madhya Pradesh - 2024,08-Sep 5am,10538,,,,
Madhya Pradesh - 2024,08-Sep 6am,11341,,,,
Madhya Pradesh - 2024,08-Sep 7am,11757,,,,
Madhya Pradesh - 2024,08-Sep 8am,11526,,,,
Madhya Pradesh - 2024,08-Sep 9am,11151,,,,
Madhya Pradesh - 2024,08-Sep 10am,10640,,,,
Madhya Pradesh - 2024,08-Sep 11am,10598,,,,
Madhya Pradesh - 2024,08-Sep 12pm,10277,,,,
Madhya Pradesh - 2024,08-Sep 1pm,10420,,,,
Madhya Pradesh - 2024,08-Sep 2pm,10472,,,,
Madhya Pradesh - 2024,08-Sep 3pm,10303,,,,
Madhya Pradesh - 2024,08-Sep 4pm,10136,,,,
Madhya Pradesh - 2024,08-Sep 5pm,10050,,,,
Madhya Pradesh - 2024,08-Sep 6pm,10537,,,,
Madhya Pradesh - 2024,08-Sep 7pm,11349,,,,
Madhya Pradesh - 2024,08-Sep 8pm,10691,,,,
Madhya Pradesh - 2024,08-Sep 9pm,10563,,,,
Madhya Pradesh - 2024,08-Sep 10pm,10803,,,,
Madhya Pradesh - 2024,08-Sep 11pm,10784,,,,
Madhya Pradesh - 2024,09-Sep 12am,10672,,,,
Madhya Pradesh - 2024,09-Sep 1am,10648,,,,
Madhya Pradesh - 2024,09-Sep 2am,10363,,,,
Madhya Pradesh - 2024,09-Sep 3am,10339,,,,
Madhya Pradesh - 2024,09-Sep 4am,10280,,,,
Madhya Pradesh - 2024,09-Sep 5am,10531,,,,
Madhya Pradesh - 2024,09-Sep 6am,11569,,,,
Madhya Pradesh - 2024,09-Sep 7am,11894,,,,
Madhya Pradesh - 2024,09-Sep 8am,11723,,,,
Madhya Pradesh - 2024,09-Sep 9am,11341,,,,
Madhya Pradesh - 2024,09-Sep 10am,10936,,,,
Madhya Pradesh - 2024,09-Sep 11am,10861,,,,
Madhya Pradesh - 2024,09-Sep 12pm,10573,,,,
Madhya Pradesh - 2024,09-Sep 1pm,10553,,,,
Madhya Pradesh - 2024,09-Sep 2pm,10603,,,,
Madhya Pradesh - 2024,09-Sep 3pm,10409,,,,
Madhya Pradesh - 2024,09-Sep 4pm,10370,,,,
Madhya Pradesh - 2024,09-Sep 5pm,10461,,,,
Madhya Pradesh - 2024,09-Sep 6pm,11033,,,,
Madhya Pradesh - 2024,09-Sep 7pm,11628,,,,
Madhya Pradesh - 2024,09-Sep 8pm,10999,,,,
Madhya Pradesh - 2024,09-Sep 9pm,10645,,,,
Madhya Pradesh - 2024,09-Sep 10pm,10818,,,,
Madhya Pradesh - 2024,09-Sep 11pm,10962,,,,
Madhya Pradesh - 2024,10-Sep 12am,10862,,,,
Madhya Pradesh - 2024,10-Sep 1am,10729,,,,
Madhya Pradesh - 2024,10-Sep 2am,10376,,,,
Madhya Pradesh - 2024,10-Sep 3am,10243,,,,
Madhya Pradesh - 2024,10-Sep 4am,10131,,,,
Madhya Pradesh - 2024,10-Sep 5am,10449,,,,
Madhya Pradesh - 2024,10-Sep 6am,11200,,,,
Madhya Pradesh - 2024,10-Sep 7am,11533,,,,
Madhya Pradesh - 2024,10-Sep 8am,11455,,,,
Madhya Pradesh - 2024,10-Sep 9am,11153,,,,
Madhya Pradesh - 2024,10-Sep 10am,10736,,,,
Madhya Pradesh - 2024,10-Sep 11am,10546,,,,
Madhya Pradesh - 2024,10-Sep 12pm,10097,,,,
Madhya Pradesh - 2024,10-Sep 1pm,9868,,,,
Madhya Pradesh - 2024,10-Sep 2pm,9741,,,,
Madhya Pradesh - 2024,10-Sep 3pm,9589,,,,
Madhya Pradesh - 2024,10-Sep 4pm,9556,,,,
Madhya Pradesh - 2024,10-Sep 5pm,9484,,,,
Madhya Pradesh - 2024,10-Sep 6pm,10226,,,,
Madhya Pradesh - 2024,10-Sep 7pm,10488,,,,
Madhya Pradesh - 2024,10-Sep 8pm,9867,,,,
Madhya Pradesh - 2024,10-Sep 9pm,9730,,,,
Madhya Pradesh - 2024,10-Sep 10pm,9655,,,,
Madhya Pradesh - 2024,10-Sep 11pm,9438,,,,
Madhya Pradesh - 2024,11-Sep 12am,9261,,,,
Madhya Pradesh - 2024,11-Sep 1am,9072,,,,
Madhya Pradesh - 2024,11-Sep 2am,8879,,,,
Madhya Pradesh - 2024,11-Sep 3am,8787,,,,
Madhya Pradesh - 2024,11-Sep 4am,8516,,,,
Madhya Pradesh - 2024,11-Sep 5am,8460,,,,
Madhya Pradesh - 2024,11-Sep 6am,9263,,,,
Madhya Pradesh - 2024,11-Sep 7am,9810,,,,
Madhya Pradesh - 2024,11-Sep 8am,9603,,,,
Madhya Pradesh - 2024,11-Sep 9am,9164,,,,
Madhya Pradesh - 2024,11-Sep 10am,8682,,,,
Madhya Pradesh - 2024,11-Sep 11am,8190,,,,
Madhya Pradesh - 2024,11-Sep 12pm,7857,,,,
Madhya Pradesh - 2024,11-Sep 1pm,7474,,,,
Madhya Pradesh - 2024,11-Sep 2pm,7728,,,,
Madhya Pradesh - 2024,11-Sep 3pm,7909,,,,
Madhya Pradesh - 2024,11-Sep 4pm,8038,,,,
Madhya Pradesh - 2024,11-Sep 5pm,8390,,,,
Madhya Pradesh - 2024,11-Sep 6pm,9271,,,,
Madhya Pradesh - 2024,11-Sep 7pm,9421,,,,
Madhya Pradesh - 2024,11-Sep 8pm,8684,,,,
Madhya Pradesh - 2024,11-Sep 9pm,8400,,,,
Madhya Pradesh - 2024,11-Sep 10pm,8329,,,,
Madhya Pradesh - 2024,11-Sep 11pm,8207,,,,
Madhya Pradesh - 2024,12-Sep 12am,7893,,,,
Madhya Pradesh - 2024,12-Sep 1am,7914,,,,
Madhya Pradesh - 2024,12-Sep 2am,7747,,,,
Madhya Pradesh - 2024,12-Sep 3am,7655,,,,
Madhya Pradesh - 2024,12-Sep 4am,7609,,,,
Madhya Pradesh - 2024,12-Sep 5am,7586,,,,
Madhya Pradesh - 2024,12-Sep 6am,8691,,,,
Madhya Pradesh - 2024,12-Sep 7am,8765,,,,
Madhya Pradesh - 2024,12-Sep 8am,9153,,,,
Madhya Pradesh - 2024,12-Sep 9am,8641,,,,
Madhya Pradesh - 2024,12-Sep 10am,8236,,,,
Madhya Pradesh - 2024,12-Sep 11am,7939,,,,
Madhya Pradesh - 2024,12-Sep 12pm,7649,,,,
Madhya Pradesh - 2024,12-Sep 1pm,7465,,,,
Madhya Pradesh - 2024,12-Sep 2pm,7556,,,,
Madhya Pradesh - 2024,12-Sep 3pm,7635,,,,
Madhya Pradesh - 2024,12-Sep 4pm,8075,,,,
Madhya Pradesh - 2024,12-Sep 5pm,8622,,,,
Madhya Pradesh - 2024,12-Sep 6pm,9454,,,,
Madhya Pradesh - 2024,12-Sep 7pm,9841,,,,
Madhya Pradesh - 2024,12-Sep 8pm,9083,,,,
Madhya Pradesh - 2024,12-Sep 9pm,8908,,,,
Madhya Pradesh - 2024,12-Sep 10pm,8876,,,,
Madhya Pradesh - 2024,12-Sep 11pm,8755,,,,
Madhya Pradesh - 2024,13-Sep 12am,8654,,,,
Madhya Pradesh - 2024,13-Sep 1am,8395,,,,
Madhya Pradesh - 2024,13-Sep 2am,8297,,,,
Madhya Pradesh - 2024,13-Sep 3am,8294,,,,
Madhya Pradesh - 2024,13-Sep 4am,8352,,,,
Madhya Pradesh - 2024,13-Sep 5am,8582,,,,
Madhya Pradesh - 2024,13-Sep 6am,9698,,,,
Madhya Pradesh - 2024,13-Sep 7am,10078,,,,
Madhya Pradesh - 2024,13-Sep 8am,10072,,,,
Madhya Pradesh - 2024,13-Sep 9am,9889,,,,
Madhya Pradesh - 2024,13-Sep 10am,9280,,,,
Madhya Pradesh - 2024,13-Sep 11am,9103,,,,
Madhya Pradesh - 2024,13-Sep 12pm,8685,,,,
Madhya Pradesh - 2024,13-Sep 1pm,8548,,,,
Madhya Pradesh - 2024,13-Sep 2pm,8567,,,,
Madhya Pradesh - 2024,13-Sep 3pm,8552,,,,
Madhya Pradesh - 2024,13-Sep 4pm,8702,,,,
Madhya Pradesh - 2024,13-Sep 5pm,9122,,,,
Madhya Pradesh - 2024,13-Sep 6pm,9728,,,,
Madhya Pradesh - 2024,13-Sep 7pm,10519,,,,
Madhya Pradesh - 2024,13-Sep 8pm,9718,,,,
Madhya Pradesh - 2024,13-Sep 9pm,9315,,,,
Madhya Pradesh - 2024,13-Sep 10pm,9451,,,,
Madhya Pradesh - 2024,13-Sep 11pm,9415,,,,
Madhya Pradesh - 2024,14-Sep 12am,9319,,,,
Madhya Pradesh - 2024,14-Sep 1am,9182,,,,
Madhya Pradesh - 2024,14-Sep 2am,9089,,,,
Madhya Pradesh - 2024,14-Sep 3am,8964,,,,
Madhya Pradesh - 2024,14-Sep 4am,8912,,,,
Madhya Pradesh - 2024,14-Sep 5am,9086,,,,
Madhya Pradesh - 2024,14-Sep 6am,10067,,,,
Madhya Pradesh - 2024,14-Sep 7am,10772,,,,
Madhya Pradesh - 2024,14-Sep 8am,10509,,,,
Madhya Pradesh - 2024,14-Sep 9am,10071,,,,
Madhya Pradesh - 2024,14-Sep 10am,9660,,,,
Madhya Pradesh - 2024,14-Sep 11am,9585,,,,
Madhya Pradesh - 2024,14-Sep 12pm,9252,,,,
Madhya Pradesh - 2024,14-Sep 1pm,9347,,,,
Madhya Pradesh - 2024,14-Sep 2pm,9373,,,,
Madhya Pradesh - 2024,14-Sep 3pm,9394,,,,
Madhya Pradesh - 2024,14-Sep 4pm,9363,,,,
Madhya Pradesh - 2024,14-Sep 5pm,9674,,,,
Madhya Pradesh - 2024,14-Sep 6pm,10249,,,,
Madhya Pradesh - 2024,14-Sep 7pm,10876,,,,
Madhya Pradesh - 2024,14-Sep 8pm,10058,,,,
Madhya Pradesh - 2024,14-Sep 9pm,9722,,,,
Madhya Pradesh - 2024,14-Sep 10pm,9830,,,,
Madhya Pradesh - 2024,14-Sep 11pm,9772,,,,
Madhya Pradesh - 2024,15-Sep 12am,9646,,,,
Madhya Pradesh - 2024,15-Sep 1am,9551,,,,
Madhya Pradesh - 2024,15-Sep 2am,9476,,,,
Madhya Pradesh - 2024,15-Sep 3am,9327,,,,
Madhya Pradesh - 2024,15-Sep 4am,9275,,,,
Madhya Pradesh - 2024,15-Sep 5am,9505,,,,
Madhya Pradesh - 2024,15-Sep 6am,10341,,,,
Madhya Pradesh - 2024,15-Sep 7am,10908,,,,
Madhya Pradesh - 2024,15-Sep 8am,10769,,,,
Madhya Pradesh - 2024,15-Sep 9am,10343,,,,
Madhya Pradesh - 2024,15-Sep 10am,10023,,,,
Madhya Pradesh - 2024,15-Sep 11am,9603,,,,
Madhya Pradesh - 2024,15-Sep 12pm,9281,,,,
Madhya Pradesh - 2024,15-Sep 1pm,9497,,,,
Madhya Pradesh - 2024,15-Sep 2pm,9519,,,,
Madhya Pradesh - 2024,15-Sep 3pm,9371,,,,
Madhya Pradesh - 2024,15-Sep 4pm,9217,,,,
Madhya Pradesh - 2024,15-Sep 5pm,9406,,,,
Madhya Pradesh - 2024,15-Sep 6pm,10037,,,,
Madhya Pradesh - 2024,15-Sep 7pm,10639,,,,
Madhya Pradesh - 2024,15-Sep 8pm,9900,,,,
Madhya Pradesh - 2024,15-Sep 9pm,9633,,,,
Madhya Pradesh - 2024,15-Sep 10pm,9740,,,,
Madhya Pradesh - 2024,15-Sep 11pm,9839,,,,
Madhya Pradesh - 2024,16-Sep 12am,9719,,,,
Madhya Pradesh - 2024,16-Sep 1am,9681,,,,
Madhya Pradesh - 2024,16-Sep 2am,9444,,,,
Madhya Pradesh - 2024,16-Sep 3am,9368,,,,
Madhya Pradesh - 2024,16-Sep 4am,9183,,,,
Madhya Pradesh - 2024,16-Sep 5am,9516,,,,
Madhya Pradesh - 2024,16-Sep 6am,10515,,,,
Madhya Pradesh - 2024,16-Sep 7am,10990,,,,
Madhya Pradesh - 2024,16-Sep 8am,10955,,,,
Madhya Pradesh - 2024,16-Sep 9am,10781,,,,
Madhya Pradesh - 2024,16-Sep 10am,10565,,,,
Madhya Pradesh - 2024,16-Sep 11am,10448,,,,
Madhya Pradesh - 2024,16-Sep 12pm,10123,,,,
Madhya Pradesh - 2024,16-Sep 1pm,9861,,,,
Madhya Pradesh - 2024,16-Sep 2pm,9843,,,,
Madhya Pradesh - 2024,16-Sep 3pm,9729,,,,
Madhya Pradesh - 2024,16-Sep 4pm,9526,,,,
Madhya Pradesh - 2024,16-Sep 5pm,9656,,,,
Madhya Pradesh - 2024,16-Sep 6pm,9947,,,,
Madhya Pradesh - 2024,16-Sep 7pm,10736,,,,
Madhya Pradesh - 2024,16-Sep 8pm,9717,,,,
Madhya Pradesh - 2024,16-Sep 9pm,9457,,,,
Madhya Pradesh - 2024,16-Sep 10pm,9582,,,,
Madhya Pradesh - 2024,16-Sep 11pm,9707,,,,
Madhya Pradesh - 2024,17-Sep 12am,9642,,,,
Madhya Pradesh - 2024,17-Sep 1am,9510,,,,
Madhya Pradesh - 2024,17-Sep 2am,9353,,,,
Madhya Pradesh - 2024,17-Sep 3am,9342,,,,
Madhya Pradesh - 2024,17-Sep 4am,9218,,,,
Madhya Pradesh - 2024,17-Sep 5am,9343,,,,
Madhya Pradesh - 2024,17-Sep 6am,10167,,,,
Madhya Pradesh - 2024,17-Sep 7am,10488,,,,
Madhya Pradesh - 2024,17-Sep 8am,10244,,,,
Madhya Pradesh - 2024,17-Sep 9am,9762,,,,
Madhya Pradesh - 2024,17-Sep 10am,9369,,,,
Madhya Pradesh - 2024,17-Sep 11am,8977,,,,
Madhya Pradesh - 2024,17-Sep 12pm,8435,,,,
Madhya Pradesh - 2024,17-Sep 1pm,8262,,,,
Madhya Pradesh - 2024,17-Sep 2pm,7926,,,,
Madhya Pradesh - 2024,17-Sep 3pm,7753,,,,
Madhya Pradesh - 2024,17-Sep 4pm,7658,,,,
Madhya Pradesh - 2024,17-Sep 5pm,7866,,,,
Madhya Pradesh - 2024,17-Sep 6pm,8392,,,,
Madhya Pradesh - 2024,17-Sep 7pm,8791,,,,
Madhya Pradesh - 2024,17-Sep 8pm,8198,,,,
Madhya Pradesh - 2024,17-Sep 9pm,7978,,,,
Madhya Pradesh - 2024,17-Sep 10pm,8036,,,,
Madhya Pradesh - 2024,17-Sep 11pm,7890,,,,
Madhya Pradesh - 2024,18-Sep 12am,7808,,,,
Madhya Pradesh - 2024,18-Sep 1am,7612,,,,
Madhya Pradesh - 2024,18-Sep 2am,7477,,,,
Madhya Pradesh - 2024,18-Sep 3am,7413,,,,
Madhya Pradesh - 2024,18-Sep 4am,7383,,,,
Madhya Pradesh - 2024,18-Sep 5am,7583,,,,
Madhya Pradesh - 2024,18-Sep 6am,8578,,,,
Madhya Pradesh - 2024,18-Sep 7am,9186,,,,
Madhya Pradesh - 2024,18-Sep 8am,9069,,,,
Madhya Pradesh - 2024,18-Sep 9am,8618,,,,
Madhya Pradesh - 2024,18-Sep 10am,8451,,,,
Madhya Pradesh - 2024,18-Sep 11am,8215,,,,
Madhya Pradesh - 2024,18-Sep 12pm,7944,,,,
Madhya Pradesh - 2024,18-Sep 1pm,7946,,,,
Madhya Pradesh - 2024,18-Sep 2pm,8123,,,,
Madhya Pradesh - 2024,18-Sep 3pm,8115,,,,
Madhya Pradesh - 2024,18-Sep 4pm,8115,,,,
Madhya Pradesh - 2024,18-Sep 5pm,8775,,,,
Madhya Pradesh - 2024,18-Sep 6pm,9501,,,,
Madhya Pradesh - 2024,18-Sep 7pm,10074,,,,
Madhya Pradesh - 2024,18-Sep 8pm,9120,,,,
Madhya Pradesh - 2024,18-Sep 9pm,8761,,,,
Madhya Pradesh - 2024,18-Sep 10pm,8776,,,,
Madhya Pradesh - 2024,18-Sep 11pm,8710,,,,
Madhya Pradesh - 2024,19-Sep 12am,8506,,,,
Madhya Pradesh - 2024,19-Sep 1am,8428,,,,
Madhya Pradesh - 2024,19-Sep 2am,8274,,,,
Madhya Pradesh - 2024,19-Sep 3am,8221,,,,
Madhya Pradesh - 2024,19-Sep 4am,8322,,,,
Madhya Pradesh - 2024,19-Sep 5am,8659,,,,
Madhya Pradesh - 2024,19-Sep 6am,9906,,,,
Madhya Pradesh - 2024,19-Sep 7am,10515,,,,
Madhya Pradesh - 2024,19-Sep 8am,10249,,,,
Madhya Pradesh - 2024,19-Sep 9am,9781,,,,
Madhya Pradesh - 2024,19-Sep 10am,9310,,,,
Madhya Pradesh - 2024,19-Sep 11am,9135,,,,
Madhya Pradesh - 2024,19-Sep 12pm,9033,,,,
Madhya Pradesh - 2024,19-Sep 1pm,9016,,,,
Madhya Pradesh - 2024,19-Sep 2pm,9289,,,,
Madhya Pradesh - 2024,19-Sep 3pm,9173,,,,
Madhya Pradesh - 2024,19-Sep 4pm,9370,,,,
Madhya Pradesh - 2024,19-Sep 5pm,9642,,,,
Madhya Pradesh - 2024,19-Sep 6pm,10436,,,,
Madhya Pradesh - 2024,19-Sep 7pm,10615,,,,
Madhya Pradesh - 2024,19-Sep 8pm,10116,,,,
Madhya Pradesh - 2024,19-Sep 9pm,9734,,,,
Madhya Pradesh - 2024,19-Sep 10pm,9833,,,,
Madhya Pradesh - 2024,19-Sep 11pm,9762,,,,
Madhya Pradesh - 2024,20-Sep 12am,9541,,,,
Madhya Pradesh - 2024,20-Sep 1am,9455,,,,
Madhya Pradesh - 2024,20-Sep 2am,9267,,,,
Madhya Pradesh - 2024,20-Sep 3am,9292,,,,
Madhya Pradesh - 2024,20-Sep 4am,9383,,,,
Madhya Pradesh - 2024,20-Sep 5am,9679,,,,
Madhya Pradesh - 2024,20-Sep 6am,10786,,,,
Madhya Pradesh - 2024,20-Sep 7am,11356,,,,
Madhya Pradesh - 2024,20-Sep 8am,11049,,,,
Madhya Pradesh - 2024,20-Sep 9am,10711,,,,
Madhya Pradesh - 2024,20-Sep 10am,10505,,,,
Madhya Pradesh - 2024,20-Sep 11am,10300,,,,
Madhya Pradesh - 2024,20-Sep 12pm,9982,,,,
Madhya Pradesh - 2024,20-Sep 1pm,9972,,,,
Madhya Pradesh - 2024,20-Sep 2pm,10197,,,,
Madhya Pradesh - 2024,20-Sep 3pm,10205,,,,
Madhya Pradesh - 2024,20-Sep 4pm,10152,,,,
Madhya Pradesh - 2024,20-Sep 5pm,10315,,,,
Madhya Pradesh - 2024,20-Sep 6pm,11074,,,,
Madhya Pradesh - 2024,20-Sep 7pm,11466,,,,
Madhya Pradesh - 2024,20-Sep 8pm,10780,,,,
Madhya Pradesh - 2024,20-Sep 9pm,10488,,,,
Madhya Pradesh - 2024,20-Sep 10pm,10588,,,,
Madhya Pradesh - 2024,20-Sep 11pm,10475,,,,
Madhya Pradesh - 2024,21-Sep 12am,10362,,,,
Madhya Pradesh - 2024,21-Sep 1am,10256,,,,
Madhya Pradesh - 2024,21-Sep 2am,10109,,,,
Madhya Pradesh - 2024,21-Sep 3am,10089,,,,
Madhya Pradesh - 2024,21-Sep 4am,10057,,,,
Madhya Pradesh - 2024,21-Sep 5am,10436,,,,
Madhya Pradesh - 2024,21-Sep 6am,11555,,,,
Madhya Pradesh - 2024,21-Sep 7am,12018,,,,
Madhya Pradesh - 2024,21-Sep 8am,11721,,,,
Madhya Pradesh - 2024,21-Sep 9am,11285,,,,
Madhya Pradesh - 2024,21-Sep 10am,10874,,,,
Madhya Pradesh - 2024,21-Sep 11am,10812,,,,
Madhya Pradesh - 2024,21-Sep 12pm,10679,,,,
Madhya Pradesh - 2024,21-Sep 1pm,10741,,,,
Madhya Pradesh - 2024,21-Sep 2pm,10766,,,,
Madhya Pradesh - 2024,21-Sep 3pm,11311,,,,
Madhya Pradesh - 2024,21-Sep 4pm,11307,,,,
Madhya Pradesh - 2024,21-Sep 5pm,11153,,,,
Madhya Pradesh - 2024,21-Sep 6pm,11539,,,,
Madhya Pradesh - 2024,21-Sep 7pm,11747,,,,
Madhya Pradesh - 2024,21-Sep 8pm,11264,,,,
Madhya Pradesh - 2024,21-Sep 9pm,10862,,,,
Madhya Pradesh - 2024,21-Sep 10pm,11018,,,,
Madhya Pradesh - 2024,21-Sep 11pm,10923,,,,
Madhya Pradesh - 2024,22-Sep 12am,10933,,,,
Madhya Pradesh - 2024,22-Sep 1am,10787,,,,
Madhya Pradesh - 2024,22-Sep 2am,10691,,,,
Madhya Pradesh - 2024,22-Sep 3am,10662,,,,
Madhya Pradesh - 2024,22-Sep 4am,10720,,,,
Madhya Pradesh - 2024,22-Sep 5am,10986,,,,
Madhya Pradesh - 2024,22-Sep 6am,11797,,,,
Madhya Pradesh - 2024,22-Sep 7am,12104,,,,
Madhya Pradesh - 2024,22-Sep 8am,11761,,,,
Madhya Pradesh - 2024,22-Sep 9am,11502,,,,
Madhya Pradesh - 2024,22-Sep 10am,11176,,,,
Madhya Pradesh - 2024,22-Sep 11am,11219,,,,
Madhya Pradesh - 2024,22-Sep 12pm,10902,,,,
Madhya Pradesh - 2024,22-Sep 1pm,11085,,,,
Madhya Pradesh - 2024,22-Sep 2pm,11160,,,,
Madhya Pradesh - 2024,22-Sep 3pm,11283,,,,
Madhya Pradesh - 2024,22-Sep 4pm,11082,,,,
Madhya Pradesh - 2024,22-Sep 5pm,10994,,,,
Madhya Pradesh - 2024,22-Sep 6pm,11609,,,,
Madhya Pradesh - 2024,22-Sep 7pm,11691,,,,
Madhya Pradesh - 2024,22-Sep 8pm,11424,,,,
Madhya Pradesh - 2024,22-Sep 9pm,10999,,,,
Madhya Pradesh - 2024,22-Sep 10pm,11114,,,,
Madhya Pradesh - 2024,22-Sep 11pm,11124,,,,
Madhya Pradesh - 2024,23-Sep 12am,11047,,,,
Madhya Pradesh - 2024,23-Sep 1am,11030,,,,
Madhya Pradesh - 2024,23-Sep 2am,10868,,,,
Madhya Pradesh - 2024,23-Sep 3am,10788,,,,
Madhya Pradesh - 2024,23-Sep 4am,10773,,,,
Madhya Pradesh - 2024,23-Sep 5am,11187,,,,
Madhya Pradesh - 2024,23-Sep 6am,12215,,,,
Madhya Pradesh - 2024,23-Sep 7am,12638,,,,
Madhya Pradesh - 2024,23-Sep 8am,12263,,,,
Madhya Pradesh - 2024,23-Sep 9am,11876,,,,
Madhya Pradesh - 2024,23-Sep 10am,11717,,,,
Madhya Pradesh - 2024,23-Sep 11am,11381,,,,
Madhya Pradesh - 2024,23-Sep 12pm,11374,,,,
Madhya Pradesh - 2024,23-Sep 1pm,11342,,,,
Madhya Pradesh - 2024,23-Sep 2pm,11430,,,,
Madhya Pradesh - 2024,23-Sep 3pm,11329,,,,
Madhya Pradesh - 2024,23-Sep 4pm,11105,,,,
Madhya Pradesh - 2024,23-Sep 5pm,11100,,,,
Madhya Pradesh - 2024,23-Sep 6pm,11708,,,,
Madhya Pradesh - 2024,23-Sep 7pm,12204,,,,
Madhya Pradesh - 2024,23-Sep 8pm,11546,,,,
Madhya Pradesh - 2024,23-Sep 9pm,11371,,,,
Madhya Pradesh - 2024,23-Sep 10pm,11486,,,,
Madhya Pradesh - 2024,23-Sep 11pm,11338,,,,
Madhya Pradesh - 2024,24-Sep 12am,11511,,,,
Madhya Pradesh - 2024,24-Sep 1am,11474,,,,
Madhya Pradesh - 2024,24-Sep 2am,11152,,,,
Madhya Pradesh - 2024,24-Sep 3am,11112,,,,
Madhya Pradesh - 2024,24-Sep 4am,11164,,,,
Madhya Pradesh - 2024,24-Sep 5am,11518,,,,
Madhya Pradesh - 2024,24-Sep 6am,12254,,,,
Madhya Pradesh - 2024,24-Sep 7am,12364,,,,
Madhya Pradesh - 2024,24-Sep 8am,12133,,,,
Madhya Pradesh - 2024,24-Sep 9am,11749,,,,
Madhya Pradesh - 2024,24-Sep 10am,11492,,,,
Madhya Pradesh - 2024,24-Sep 11am,11467,,,,
Madhya Pradesh - 2024,24-Sep 12pm,11345,,,,
Madhya Pradesh - 2024,24-Sep 1pm,11272,,,,
Madhya Pradesh - 2024,24-Sep 2pm,11367,,,,
Madhya Pradesh - 2024,24-Sep 3pm,11281,,,,
Madhya Pradesh - 2024,24-Sep 4pm,11242,,,,
Madhya Pradesh - 2024,24-Sep 5pm,11170,,,,
Madhya Pradesh - 2024,24-Sep 6pm,11793,,,,
Madhya Pradesh - 2024,24-Sep 7pm,12153,,,,
Madhya Pradesh - 2024,24-Sep 8pm,11218,,,,
Madhya Pradesh - 2024,24-Sep 9pm,11052,,,,
Madhya Pradesh - 2024,24-Sep 10pm,11195,,,,
Madhya Pradesh - 2024,24-Sep 11pm,11213,,,,
Madhya Pradesh - 2024,25-Sep 12am,11089,,,,
Madhya Pradesh - 2024,25-Sep 1am,11118,,,,
Madhya Pradesh - 2024,25-Sep 2am,10987,,,,
Madhya Pradesh - 2024,25-Sep 3am,10837,,,,
Madhya Pradesh - 2024,25-Sep 4am,10873,,,,
Madhya Pradesh - 2024,25-Sep 5am,11299,,,,
Madhya Pradesh - 2024,25-Sep 6am,12083,,,,
Madhya Pradesh - 2024,25-Sep 7am,12371,,,,
Madhya Pradesh - 2024,25-Sep 8am,11933,,,,
Madhya Pradesh - 2024,25-Sep 9am,11574,,,,
Madhya Pradesh - 2024,25-Sep 10am,11258,,,,
Madhya Pradesh - 2024,25-Sep 11am,11054,,,,
Madhya Pradesh - 2024,25-Sep 12pm,10952,,,,
Madhya Pradesh - 2024,25-Sep 1pm,10826,,,,
Madhya Pradesh - 2024,25-Sep 2pm,10734,,,,
Madhya Pradesh - 2024,25-Sep 3pm,10598,,,,
Madhya Pradesh - 2024,25-Sep 4pm,10328,,,,
Madhya Pradesh - 2024,25-Sep 5pm,10470,,,,
Madhya Pradesh - 2024,25-Sep 6pm,11241,,,,
Madhya Pradesh - 2024,25-Sep 7pm,11400,,,,
Madhya Pradesh - 2024,25-Sep 8pm,10865,,,,
Madhya Pradesh - 2024,25-Sep 9pm,10619,,,,
Madhya Pradesh - 2024,25-Sep 10pm,10808,,,,
Madhya Pradesh - 2024,25-Sep 11pm,10794,,,,
Madhya Pradesh - 2024,26-Sep 12am,10626,,,,
Madhya Pradesh - 2024,26-Sep 1am,10590,,,,
Madhya Pradesh - 2024,26-Sep 2am,10488,,,,
Madhya Pradesh - 2024,26-Sep 3am,10411,,,,
Madhya Pradesh - 2024,26-Sep 4am,10357,,,,
Madhya Pradesh - 2024,26-Sep 5am,10799,,,,
Madhya Pradesh - 2024,26-Sep 6am,11767,,,,
Madhya Pradesh - 2024,26-Sep 7am,11968,,,,
Madhya Pradesh - 2024,26-Sep 8am,11636,,,,
Madhya Pradesh - 2024,26-Sep 9am,11175,,,,
Madhya Pradesh - 2024,26-Sep 10am,10783,,,,
Madhya Pradesh - 2024,26-Sep 11am,10786,,,,
Madhya Pradesh - 2024,26-Sep 12pm,10373,,,,
Madhya Pradesh - 2024,26-Sep 1pm,10179,,,,
Madhya Pradesh - 2024,26-Sep 2pm,10142,,,,
Madhya Pradesh - 2024,26-Sep 3pm,10070,,,,
Madhya Pradesh - 2024,26-Sep 4pm,10008,,,,
Madhya Pradesh - 2024,26-Sep 5pm,10451,,,,
Madhya Pradesh - 2024,26-Sep 6pm,11314,,,,
Madhya Pradesh - 2024,26-Sep 7pm,11454,,,,
Madhya Pradesh - 2024,26-Sep 8pm,10762,,,,
Madhya Pradesh - 2024,26-Sep 9pm,10492,,,,
Madhya Pradesh - 2024,26-Sep 10pm,10645,,,,
Madhya Pradesh - 2024,26-Sep 11pm,10611,,,,
Madhya Pradesh - 2024,27-Sep 12am,10479,,,,
Madhya Pradesh - 2024,27-Sep 1am,10471,,,,
Madhya Pradesh - 2024,27-Sep 2am,10269,,,,
Madhya Pradesh - 2024,27-Sep 3am,10250,,,,
Madhya Pradesh - 2024,27-Sep 4am,10235,,,,
Madhya Pradesh - 2024,27-Sep 5am,10521,,,,
Madhya Pradesh - 2024,27-Sep 6am,11417,,,,
Madhya Pradesh - 2024,27-Sep 7am,11786,,,,
Madhya Pradesh - 2024,27-Sep 8am,11437,,,,
Madhya Pradesh - 2024,27-Sep 9am,10940,,,,
Madhya Pradesh - 2024,27-Sep 10am,10515,,,,
Madhya Pradesh - 2024,27-Sep 11am,10378,,,,
Madhya Pradesh - 2024,27-Sep 12pm,9997,,,,
Madhya Pradesh - 2024,27-Sep 1pm,9832,,,,
Madhya Pradesh - 2024,27-Sep 2pm,9856,,,,
Madhya Pradesh - 2024,27-Sep 3pm,9841,,,,
Madhya Pradesh - 2024,27-Sep 4pm,9911,,,,
Madhya Pradesh - 2024,27-Sep 5pm,10293,,,,
Madhya Pradesh - 2024,27-Sep 6pm,11256,,,,
Madhya Pradesh - 2024,27-Sep 7pm,10846,,,,
Madhya Pradesh - 2024,27-Sep 8pm,10240,,,,
Madhya Pradesh - 2024,27-Sep 9pm,9984,,,,
Madhya Pradesh - 2024,27-Sep 10pm,9921,,,,
Madhya Pradesh - 2024,27-Sep 11pm,9866,,,,
Madhya Pradesh - 2024,28-Sep 12am,9684,,,,
Madhya Pradesh - 2024,28-Sep 1am,9643,,,,
Madhya Pradesh - 2024,28-Sep 2am,9450,,,,
Madhya Pradesh - 2024,28-Sep 3am,9385,,,,
Madhya Pradesh - 2024,28-Sep 4am,9319,,,,
Madhya Pradesh - 2024,28-Sep 5am,9686,,,,
Madhya Pradesh - 2024,28-Sep 6am,10631,,,,
Madhya Pradesh - 2024,28-Sep 7am,11103,,,,
Madhya Pradesh - 2024,28-Sep 8am,10891,,,,
Madhya Pradesh - 2024,28-Sep 9am,10558,,,,
Madhya Pradesh - 2024,28-Sep 10am,9918,,,,
Madhya Pradesh - 2024,28-Sep 11am,9566,,,,
Madhya Pradesh - 2024,28-Sep 12pm,9413,,,,
Madhya Pradesh - 2024,28-Sep 1pm,9256,,,,
Madhya Pradesh - 2024,28-Sep 2pm,9409,,,,
Madhya Pradesh - 2024,28-Sep 3pm,9623,,,,
Madhya Pradesh - 2024,28-Sep 4pm,9445,,,,
Madhya Pradesh - 2024,28-Sep 5pm,9840,,,,
Madhya Pradesh - 2024,28-Sep 6pm,10814,,,,
Madhya Pradesh - 2024,28-Sep 7pm,10720,,,,
Madhya Pradesh - 2024,28-Sep 8pm,9975,,,,
Madhya Pradesh - 2024,28-Sep 9pm,9735,,,,
Madhya Pradesh - 2024,28-Sep 10pm,9865,,,,
Madhya Pradesh - 2024,28-Sep 11pm,9810,,,,
Madhya Pradesh - 2024,29-Sep 12am,9749,,,,
Madhya Pradesh - 2024,29-Sep 1am,9632,,,,
Madhya Pradesh - 2024,29-Sep 2am,9473,,,,
Madhya Pradesh - 2024,29-Sep 3am,9453,,,,
Madhya Pradesh - 2024,29-Sep 4am,9402,,,,
Madhya Pradesh - 2024,29-Sep 5am,9695,,,,
Madhya Pradesh - 2024,29-Sep 6am,10549,,,,
Madhya Pradesh - 2024,29-Sep 7am,11080,,,,
Madhya Pradesh - 2024,29-Sep 8am,10919,,,,
Madhya Pradesh - 2024,29-Sep 9am,10451,,,,
Madhya Pradesh - 2024,29-Sep 10am,9947,,,,
Madhya Pradesh - 2024,29-Sep 11am,9787,,,,
Madhya Pradesh - 2024,29-Sep 12pm,9493,,,,
Madhya Pradesh - 2024,29-Sep 1pm,9447,,,,
Madhya Pradesh - 2024,29-Sep 2pm,9327,,,,
Madhya Pradesh - 2024,29-Sep 3pm,9547,,,,
Madhya Pradesh - 2024,29-Sep 4pm,9675,,,,
Madhya Pradesh - 2024,29-Sep 5pm,9969,,,,
Madhya Pradesh - 2024,29-Sep 6pm,10805,,,,
Madhya Pradesh - 2024,29-Sep 7pm,11010,,,,
Madhya Pradesh - 2024,29-Sep 8pm,10361,,,,
Madhya Pradesh - 2024,29-Sep 9pm,10165,,,,
Madhya Pradesh - 2024,29-Sep 10pm,10101,,,,
Madhya Pradesh - 2024,29-Sep 11pm,10150,,,,
Madhya Pradesh - 2024,30-Sep 12am,9951,,,,
Madhya Pradesh - 2024,30-Sep 1am,9860,,,,
Madhya Pradesh - 2024,30-Sep 2am,9692,,,,
Madhya Pradesh - 2024,30-Sep 3am,9591,,,,
Madhya Pradesh - 2024,30-Sep 4am,9637,,,,
Madhya Pradesh - 2024,30-Sep 5am,9985,,,,
Madhya Pradesh - 2024,30-Sep 6am,11263,,,,
Madhya Pradesh - 2024,30-Sep 7am,11763,,,,
Madhya Pradesh - 2024,30-Sep 8am,11375,,,,
Madhya Pradesh - 2024,30-Sep 9am,10970,,,,
Madhya Pradesh - 2024,30-Sep 10am,10670,,,,
Madhya Pradesh - 2024,30-Sep 11am,10373,,,,
Madhya Pradesh - 2024,30-Sep 12pm,10077,,,,
Madhya Pradesh - 2024,30-Sep 1pm,9907,,,,
Madhya Pradesh - 2024,30-Sep 2pm,10212,,,,
Madhya Pradesh - 2024,30-Sep 3pm,10318,,,,
Madhya Pradesh - 2024,30-Sep 4pm,10002,,,,
Madhya Pradesh - 2024,30-Sep 5pm,10307,,,,
Madhya Pradesh - 2024,30-Sep 6pm,11500,,,,
Madhya Pradesh - 2024,30-Sep 7pm,11762,,,,
Madhya Pradesh - 2024,30-Sep 8pm,10817,,,,
Madhya Pradesh - 2024,30-Sep 9pm,10370,,,,
Madhya Pradesh - 2024,30-Sep 10pm,10495,,,,
Madhya Pradesh - 2024,30-Sep 11pm,10452,,,,
Madhya Pradesh - 2024,01-Oct 12am,10203,,,,
Madhya Pradesh - 2024,01-Oct 1am,10377,,,,
Madhya Pradesh - 2024,01-Oct 2am,10144,,,,
Madhya Pradesh - 2024,01-Oct 3am,10112,,,,
Madhya Pradesh - 2024,01-Oct 4am,9873,,,,
Madhya Pradesh - 2024,01-Oct 5am,10252,,,,
Madhya Pradesh - 2024,01-Oct 6am,11528,,,,
Madhya Pradesh - 2024,01-Oct 7am,11588,,,,
Madhya Pradesh - 2024,01-Oct 8am,11075,,,,
Madhya Pradesh - 2024,01-Oct 9am,10778,,,,
Madhya Pradesh - 2024,01-Oct 10am,10109,,,,
Madhya Pradesh - 2024,01-Oct 11am,10262,,,,
Madhya Pradesh - 2024,01-Oct 12pm,9963,,,,
Madhya Pradesh - 2024,01-Oct 1pm,10131,,,,
Madhya Pradesh - 2024,01-Oct 2pm,10416,,,,
Madhya Pradesh - 2024,01-Oct 3pm,10565,,,,
Madhya Pradesh - 2024,01-Oct 4pm,10562,,,,
Madhya Pradesh - 2024,01-Oct 5pm,10861,,,,
Madhya Pradesh - 2024,01-Oct 6pm,11865,,,,
Madhya Pradesh - 2024,01-Oct 7pm,12137,,,,
Madhya Pradesh - 2024,01-Oct 8pm,11333,,,,
Madhya Pradesh - 2024,01-Oct 9pm,10992,,,,
Madhya Pradesh - 2024,01-Oct 10pm,11139,,,,
Madhya Pradesh - 2024,01-Oct 11pm,11066,,,,
Madhya Pradesh - 2024,02-Oct 12am,11006,,,,
Madhya Pradesh - 2024,02-Oct 1am,10847,,,,
Madhya Pradesh - 2024,02-Oct 2am,10634,,,,
Madhya Pradesh - 2024,02-Oct 3am,10500,,,,
Madhya Pradesh - 2024,02-Oct 4am,10604,,,,
Madhya Pradesh - 2024,02-Oct 5am,10830,,,,
Madhya Pradesh - 2024,02-Oct 6am,11812,,,,
Madhya Pradesh - 2024,02-Oct 7am,11965,,,,
Madhya Pradesh - 2024,02-Oct 8am,11715,,,,
Madhya Pradesh - 2024,02-Oct 9am,11187,,,,
Madhya Pradesh - 2024,02-Oct 10am,10812,,,,
Madhya Pradesh - 2024,02-Oct 11am,10767,,,,
Madhya Pradesh - 2024,02-Oct 12pm,10511,,,,
Madhya Pradesh - 2024,02-Oct 1pm,10492,,,,
Madhya Pradesh - 2024,02-Oct 2pm,10611,,,,
Madhya Pradesh - 2024,02-Oct 3pm,10805,,,,
Madhya Pradesh - 2024,02-Oct 4pm,10613,,,,
Madhya Pradesh - 2024,02-Oct 5pm,10685,,,,
Madhya Pradesh - 2024,02-Oct 6pm,11715,,,,
Madhya Pradesh - 2024,02-Oct 7pm,11981,,,,
Madhya Pradesh - 2024,02-Oct 8pm,11238,,,,
Madhya Pradesh - 2024,02-Oct 9pm,10877,,,,
Madhya Pradesh - 2024,02-Oct 10pm,11115,,,,
Madhya Pradesh - 2024,02-Oct 11pm,11157,,,,
Madhya Pradesh - 2024,03-Oct 12am,11004,,,,
Madhya Pradesh - 2024,03-Oct 1am,10943,,,,
Madhya Pradesh - 2024,03-Oct 2am,10772,,,,
Madhya Pradesh - 2024,03-Oct 3am,10655,,,,
Madhya Pradesh - 2024,03-Oct 4am,10715,,,,
Madhya Pradesh - 2024,03-Oct 5am,11118,,,,
Madhya Pradesh - 2024,03-Oct 6am,11992,,,,
Madhya Pradesh - 2024,03-Oct 7am,12258,,,,
Madhya Pradesh - 2024,03-Oct 8am,11725,,,,
Madhya Pradesh - 2024,03-Oct 9am,11355,,,,
Madhya Pradesh - 2024,03-Oct 10am,11095,,,,
Madhya Pradesh - 2024,03-Oct 11am,11017,,,,
Madhya Pradesh - 2024,03-Oct 12pm,10687,,,,
Madhya Pradesh - 2024,03-Oct 1pm,11007,,,,
Madhya Pradesh - 2024,03-Oct 2pm,11402,,,,
Madhya Pradesh - 2024,03-Oct 3pm,11600,,,,
Madhya Pradesh - 2024,03-Oct 4pm,11332,,,,
Madhya Pradesh - 2024,03-Oct 5pm,11349,,,,
Madhya Pradesh - 2024,03-Oct 6pm,12247,,,,
Madhya Pradesh - 2024,03-Oct 7pm,12467,,,,
Madhya Pradesh - 2024,03-Oct 8pm,11496,,,,
Madhya Pradesh - 2024,03-Oct 9pm,11113,,,,
Madhya Pradesh - 2024,03-Oct 10pm,11386,,,,
Madhya Pradesh - 2024,03-Oct 11pm,11403,,,,
Madhya Pradesh - 2024,04-Oct 12am,11371,,,,
Madhya Pradesh - 2024,04-Oct 1am,11153,,,,
Madhya Pradesh - 2024,04-Oct 2am,10857,,,,
Madhya Pradesh - 2024,04-Oct 3am,10928,,,,
Madhya Pradesh - 2024,04-Oct 4am,10929,,,,
Madhya Pradesh - 2024,04-Oct 5am,11350,,,,
Madhya Pradesh - 2024,04-Oct 6am,12387,,,,
Madhya Pradesh - 2024,04-Oct 7am,12506,,,,
Madhya Pradesh - 2024,04-Oct 8am,11854,,,,
Madhya Pradesh - 2024,04-Oct 9am,11432,,,,
Madhya Pradesh - 2024,04-Oct 10am,11214,,,,
Madhya Pradesh - 2024,04-Oct 11am,11284,,,,
Madhya Pradesh - 2024,04-Oct 12pm,11224,,,,
Madhya Pradesh - 2024,04-Oct 1pm,11278,,,,
Madhya Pradesh - 2024,04-Oct 2pm,11450,,,,
Madhya Pradesh - 2024,04-Oct 3pm,11455,,,,
Madhya Pradesh - 2024,04-Oct 4pm,11441,,,,
Madhya Pradesh - 2024,04-Oct 5pm,11751,,,,
Madhya Pradesh - 2024,04-Oct 6pm,12485,,,,
Madhya Pradesh - 2024,04-Oct 7pm,12609,,,,
Madhya Pradesh - 2024,04-Oct 8pm,11730,,,,
Madhya Pradesh - 2024,04-Oct 9pm,11358,,,,
Madhya Pradesh - 2024,04-Oct 10pm,11595,,,,
Madhya Pradesh - 2024,04-Oct 11pm,11675,,,,
Madhya Pradesh - 2024,05-Oct 12am,11517,,,,
Madhya Pradesh - 2024,05-Oct 1am,11336,,,,
Madhya Pradesh - 2024,05-Oct 2am,11228,,,,
Madhya Pradesh - 2024,05-Oct 3am,11219,,,,
Madhya Pradesh - 2024,05-Oct 4am,11165,,,,
Madhya Pradesh - 2024,05-Oct 5am,11573,,,,
Madhya Pradesh - 2024,05-Oct 6am,12441,,,,
Madhya Pradesh - 2024,05-Oct 7am,12630,,,,
Madhya Pradesh - 2024,05-Oct 8am,12186,,,,
Madhya Pradesh - 2024,05-Oct 9am,11654,,,,
Madhya Pradesh - 2024,05-Oct 10am,11384,,,,
Madhya Pradesh - 2024,05-Oct 11am,11324,,,,
Madhya Pradesh - 2024,05-Oct 12pm,11150,,,,
Madhya Pradesh - 2024,05-Oct 1pm,11221,,,,
Madhya Pradesh - 2024,05-Oct 2pm,11624,,,,
Madhya Pradesh - 2024,05-Oct 3pm,11570,,,,
Madhya Pradesh - 2024,05-Oct 4pm,11514,,,,
Madhya Pradesh - 2024,05-Oct 5pm,11519,,,,
Madhya Pradesh - 2024,05-Oct 6pm,12423,,,,
Madhya Pradesh - 2024,05-Oct 7pm,12513,,,,
Madhya Pradesh - 2024,05-Oct 8pm,11520,,,,
Madhya Pradesh - 2024,05-Oct 9pm,11214,,,,
Madhya Pradesh - 2024,05-Oct 10pm,11404,,,,
Madhya Pradesh - 2024,05-Oct 11pm,11495,,,,
Madhya Pradesh - 2024,06-Oct 12am,11427,,,,
Madhya Pradesh - 2024,06-Oct 1am,11349,,,,
Madhya Pradesh - 2024,06-Oct 2am,11084,,,,
Madhya Pradesh - 2024,06-Oct 3am,11012,,,,
Madhya Pradesh - 2024,06-Oct 4am,11035,,,,
Madhya Pradesh - 2024,06-Oct 5am,11323,,,,
Madhya Pradesh - 2024,06-Oct 6am,12084,,,,
Madhya Pradesh - 2024,06-Oct 7am,12443,,,,
Madhya Pradesh - 2024,06-Oct 8am,11985,,,,
Madhya Pradesh - 2024,06-Oct 9am,11582,,,,
Madhya Pradesh - 2024,06-Oct 10am,11267,,,,
Madhya Pradesh - 2024,06-Oct 11am,11364,,,,
Madhya Pradesh - 2024,06-Oct 12pm,11037,,,,
Madhya Pradesh - 2024,06-Oct 1pm,10974,,,,
Madhya Pradesh - 2024,06-Oct 2pm,11202,,,,
Madhya Pradesh - 2024,06-Oct 3pm,11133,,,,
Madhya Pradesh - 2024,06-Oct 4pm,11002,,,,
Madhya Pradesh - 2024,06-Oct 5pm,11095,,,,
Madhya Pradesh - 2024,06-Oct 6pm,12017,,,,
Madhya Pradesh - 2024,06-Oct 7pm,12025,,,,
Madhya Pradesh - 2024,06-Oct 8pm,11080,,,,
Madhya Pradesh - 2024,06-Oct 9pm,10840,,,,
Madhya Pradesh - 2024,06-Oct 10pm,11050,,,,
Madhya Pradesh - 2024,06-Oct 11pm,11146,,,,
Madhya Pradesh - 2024,07-Oct 12am,11114,,,,
Madhya Pradesh - 2024,07-Oct 1am,11023,,,,
Madhya Pradesh - 2024,07-Oct 2am,10794,,,,
Madhya Pradesh - 2024,07-Oct 3am,10810,,,,
Madhya Pradesh - 2024,07-Oct 4am,10948,,,,
Madhya Pradesh - 2024,07-Oct 5am,11225,,,,
Madhya Pradesh - 2024,07-Oct 6am,12273,,,,
Madhya Pradesh - 2024,07-Oct 7am,12725,,,,
Madhya Pradesh - 2024,07-Oct 8am,12227,,,,
Madhya Pradesh - 2024,07-Oct 9am,11689,,,,
Madhya Pradesh - 2024,07-Oct 10am,11565,,,,
Madhya Pradesh - 2024,07-Oct 11am,11567,,,,
Madhya Pradesh - 2024,07-Oct 12pm,11513,,,,
Madhya Pradesh - 2024,07-Oct 1pm,11387,,,,
Madhya Pradesh - 2024,07-Oct 2pm,11729,,,,
Madhya Pradesh - 2024,07-Oct 3pm,11523,,,,
Madhya Pradesh - 2024,07-Oct 4pm,11712,,,,
Madhya Pradesh - 2024,07-Oct 5pm,12053,,,,
Madhya Pradesh - 2024,07-Oct 6pm,12664,,,,
Madhya Pradesh - 2024,07-Oct 7pm,12640,,,,
Madhya Pradesh - 2024,07-Oct 8pm,11453,,,,
Madhya Pradesh - 2024,07-Oct 9pm,10999,,,,
Madhya Pradesh - 2024,07-Oct 10pm,11453,,,,
Madhya Pradesh - 2024,07-Oct 11pm,11559,,,,
Madhya Pradesh - 2024,08-Oct 12am,11519,,,,
Madhya Pradesh - 2024,08-Oct 1am,11396,,,,
Madhya Pradesh - 2024,08-Oct 2am,11153,,,,
Madhya Pradesh - 2024,08-Oct 3am,11076,,,,
Madhya Pradesh - 2024,08-Oct 4am,11109,,,,
Madhya Pradesh - 2024,08-Oct 5am,11510,,,,
Madhya Pradesh - 2024,08-Oct 6am,12357,,,,
Madhya Pradesh - 2024,08-Oct 7am,12593,,,,
Madhya Pradesh - 2024,08-Oct 8am,12189,,,,
Madhya Pradesh - 2024,08-Oct 9am,11638,,,,
Madhya Pradesh - 2024,08-Oct 10am,11461,,,,
Madhya Pradesh - 2024,08-Oct 11am,11682,,,,
Madhya Pradesh - 2024,08-Oct 12pm,11308,,,,
Madhya Pradesh - 2024,08-Oct 1pm,11461,,,,
Madhya Pradesh - 2024,08-Oct 2pm,11738,,,,
Madhya Pradesh - 2024,08-Oct 3pm,11539,,,,
Madhya Pradesh - 2024,08-Oct 4pm,11479,,,,
Madhya Pradesh - 2024,08-Oct 5pm,11770,,,,
Madhya Pradesh - 2024,08-Oct 6pm,12686,,,,
Madhya Pradesh - 2024,08-Oct 7pm,12518,,,,
Madhya Pradesh - 2024,08-Oct 8pm,11464,,,,
Madhya Pradesh - 2024,08-Oct 9pm,11007,,,,
Madhya Pradesh - 2024,08-Oct 10pm,11374,,,,
Madhya Pradesh - 2024,08-Oct 11pm,11477,,,,
Madhya Pradesh - 2024,09-Oct 12am,11396,,,,
Madhya Pradesh - 2024,09-Oct 1am,11249,,,,
Madhya Pradesh - 2024,09-Oct 2am,11157,,,,
Madhya Pradesh - 2024,09-Oct 3am,10957,,,,
Madhya Pradesh - 2024,09-Oct 4am,10990,,,,
Madhya Pradesh - 2024,09-Oct 5am,11342,,,,
Madhya Pradesh - 2024,09-Oct 6am,12377,,,,
Madhya Pradesh - 2024,09-Oct 7am,12813,,,,
Madhya Pradesh - 2024,09-Oct 8am,12469,,,,
Madhya Pradesh - 2024,09-Oct 9am,12182,,,,
Madhya Pradesh - 2024,09-Oct 10am,11843,,,,
Madhya Pradesh - 2024,09-Oct 11am,11923,,,,
Madhya Pradesh - 2024,09-Oct 12pm,11526,,,,
Madhya Pradesh - 2024,09-Oct 1pm,11578,,,,
Madhya Pradesh - 2024,09-Oct 2pm,11263,,,,
Madhya Pradesh - 2024,09-Oct 3pm,11191,,,,
Madhya Pradesh - 2024,09-Oct 4pm,11164,,,,
Madhya Pradesh - 2024,09-Oct 5pm,11424,,,,
Madhya Pradesh - 2024,09-Oct 6pm,12387,,,,
Madhya Pradesh - 2024,09-Oct 7pm,12166,,,,
Madhya Pradesh - 2024,09-Oct 8pm,11099,,,,
Madhya Pradesh - 2024,09-Oct 9pm,10669,,,,
Madhya Pradesh - 2024,09-Oct 10pm,11171,,,,
Madhya Pradesh - 2024,09-Oct 11pm,11175,,,,
Madhya Pradesh - 2024,10-Oct 12am,11103,,,,
Madhya Pradesh - 2024,10-Oct 1am,11005,,,,
Madhya Pradesh - 2024,10-Oct 2am,10808,,,,
Madhya Pradesh - 2024,10-Oct 3am,10715,,,,
Madhya Pradesh - 2024,10-Oct 4am,10683,,,,
Madhya Pradesh - 2024,10-Oct 5am,11061,,,,
Madhya Pradesh - 2024,10-Oct 6am,11966,,,,
Madhya Pradesh - 2024,10-Oct 7am,12465,,,,
Madhya Pradesh - 2024,10-Oct 8am,12239,,,,
Madhya Pradesh - 2024,10-Oct 9am,11890,,,,
Madhya Pradesh - 2024,10-Oct 10am,11602,,,,
Madhya Pradesh - 2024,10-Oct 11am,11553,,,,
Madhya Pradesh - 2024,10-Oct 12pm,11329,,,,
Madhya Pradesh - 2024,10-Oct 1pm,11012,,,,
Madhya Pradesh - 2024,10-Oct 2pm,11247,,,,
Madhya Pradesh - 2024,10-Oct 3pm,11146,,,,
Madhya Pradesh - 2024,10-Oct 4pm,11085,,,,
Madhya Pradesh - 2024,10-Oct 5pm,11219,,,,
Madhya Pradesh - 2024,10-Oct 6pm,12076,,,,
Madhya Pradesh - 2024,10-Oct 7pm,11708,,,,
Madhya Pradesh - 2024,10-Oct 8pm,10726,,,,
Madhya Pradesh - 2024,10-Oct 9pm,10410,,,,
Madhya Pradesh - 2024,10-Oct 10pm,10669,,,,
Madhya Pradesh - 2024,10-Oct 11pm,10774,,,,
Madhya Pradesh - 2024,11-Oct 12am,10741,,,,
Madhya Pradesh - 2024,11-Oct 1am,10765,,,,
Madhya Pradesh - 2024,11-Oct 2am,10526,,,,
Madhya Pradesh - 2024,11-Oct 3am,10531,,,,
Madhya Pradesh - 2024,11-Oct 4am,10550,,,,
Madhya Pradesh - 2024,11-Oct 5am,10787,,,,
Madhya Pradesh - 2024,11-Oct 6am,11536,,,,
Madhya Pradesh - 2024,11-Oct 7am,12215,,,,
Madhya Pradesh - 2024,11-Oct 8am,12137,,,,
Madhya Pradesh - 2024,11-Oct 9am,11899,,,,
Madhya Pradesh - 2024,11-Oct 10am,11569,,,,
Madhya Pradesh - 2024,11-Oct 11am,11467,,,,
Madhya Pradesh - 2024,11-Oct 12pm,11169,,,,
Madhya Pradesh - 2024,11-Oct 1pm,10943,,,,
Madhya Pradesh - 2024,11-Oct 2pm,10892,,,,
Madhya Pradesh - 2024,11-Oct 3pm,10809,,,,
Madhya Pradesh - 2024,11-Oct 4pm,10763,,,,
Madhya Pradesh - 2024,11-Oct 5pm,10785,,,,
Madhya Pradesh - 2024,11-Oct 6pm,11194,,,,
Madhya Pradesh - 2024,11-Oct 7pm,10961,,,,
Madhya Pradesh - 2024,11-Oct 8pm,10307,,,,
Madhya Pradesh - 2024,11-Oct 9pm,10036,,,,
Madhya Pradesh - 2024,11-Oct 10pm,10263,,,,
Madhya Pradesh - 2024,11-Oct 11pm,10459,,,,
Madhya Pradesh - 2024,12-Oct 12am,10210,,,,
Madhya Pradesh - 2024,12-Oct 1am,10080,,,,
Madhya Pradesh - 2024,12-Oct 2am,9952,,,,
Madhya Pradesh - 2024,12-Oct 3am,9851,,,,
Madhya Pradesh - 2024,12-Oct 4am,9844,,,,
Madhya Pradesh - 2024,12-Oct 5am,10047,,,,
Madhya Pradesh - 2024,12-Oct 6am,10815,,,,
Madhya Pradesh - 2024,12-Oct 7am,11379,,,,
Madhya Pradesh - 2024,12-Oct 8am,11377,,,,
Madhya Pradesh - 2024,12-Oct 9am,11152,,,,
Madhya Pradesh - 2024,12-Oct 10am,10820,,,,
Madhya Pradesh - 2024,12-Oct 11am,10456,,,,
Madhya Pradesh - 2024,12-Oct 12pm,10120,,,,
Madhya Pradesh - 2024,12-Oct 1pm,9999,,,,
Madhya Pradesh - 2024,12-Oct 2pm,10063,,,,
Madhya Pradesh - 2024,12-Oct 3pm,10147,,,,
Madhya Pradesh - 2024,12-Oct 4pm,9967,,,,
Madhya Pradesh - 2024,12-Oct 5pm,10227,,,,
Madhya Pradesh - 2024,12-Oct 6pm,10910,,,,
Madhya Pradesh - 2024,12-Oct 7pm,10489,,,,
Madhya Pradesh - 2024,12-Oct 8pm,9695,,,,
Madhya Pradesh - 2024,12-Oct 9pm,9481,,,,
Madhya Pradesh - 2024,12-Oct 10pm,9611,,,,
Madhya Pradesh - 2024,12-Oct 11pm,9690,,,,
Madhya Pradesh - 2024,13-Oct 12am,9685,,,,
Madhya Pradesh - 2024,13-Oct 1am,9601,,,,
Madhya Pradesh - 2024,13-Oct 2am,9428,,,,
Madhya Pradesh - 2024,13-Oct 3am,9421,,,,
Madhya Pradesh - 2024,13-Oct 4am,9433,,,,
Madhya Pradesh - 2024,13-Oct 5am,9563,,,,
Madhya Pradesh - 2024,13-Oct 6am,10369,,,,
Madhya Pradesh - 2024,13-Oct 7am,11045,,,,
Madhya Pradesh - 2024,13-Oct 8am,10969,,,,
Madhya Pradesh - 2024,13-Oct 9am,10528,,,,
Madhya Pradesh - 2024,13-Oct 10am,10123,,,,
Madhya Pradesh - 2024,13-Oct 11am,10023,,,,
Madhya Pradesh - 2024,13-Oct 12pm,9719,,,,
Madhya Pradesh - 2024,13-Oct 1pm,9520,,,,
Madhya Pradesh - 2024,13-Oct 2pm,9612,,,,
Madhya Pradesh - 2024,13-Oct 3pm,9628,,,,
Madhya Pradesh - 2024,13-Oct 4pm,9462,,,,
Madhya Pradesh - 2024,13-Oct 5pm,9836,,,,
Madhya Pradesh - 2024,13-Oct 6pm,10541,,,,
Madhya Pradesh - 2024,13-Oct 7pm,10289,,,,
Madhya Pradesh - 2024,13-Oct 8pm,9670,,,,
Madhya Pradesh - 2024,13-Oct 9pm,9423,,,,
Madhya Pradesh - 2024,13-Oct 10pm,9453,,,,
Madhya Pradesh - 2024,13-Oct 11pm,9454,,,,
Madhya Pradesh - 2024,14-Oct 12am,9289,,,,
Madhya Pradesh - 2024,14-Oct 1am,9267,,,,
Madhya Pradesh - 2024,14-Oct 2am,9042,,,,
Madhya Pradesh - 2024,14-Oct 3am,9065,,,,
Madhya Pradesh - 2024,14-Oct 4am,9074,,,,
Madhya Pradesh - 2024,14-Oct 5am,9387,,,,
Madhya Pradesh - 2024,14-Oct 6am,10501,,,,
Madhya Pradesh - 2024,14-Oct 7am,11070,,,,
Madhya Pradesh - 2024,14-Oct 8am,10729,,,,
Madhya Pradesh - 2024,14-Oct 9am,10355,,,,
Madhya Pradesh - 2024,14-Oct 10am,10119,,,,
Madhya Pradesh - 2024,14-Oct 11am,9856,,,,
Madhya Pradesh - 2024,14-Oct 12pm,9554,,,,
Madhya Pradesh - 2024,14-Oct 1pm,9702,,,,
Madhya Pradesh - 2024,14-Oct 2pm,9683,,,,
Madhya Pradesh - 2024,14-Oct 3pm,9682,,,,
Madhya Pradesh - 2024,14-Oct 4pm,9756,,,,
Madhya Pradesh - 2024,14-Oct 5pm,10271,,,,
Madhya Pradesh - 2024,14-Oct 6pm,11423,,,,
Madhya Pradesh - 2024,14-Oct 7pm,11098,,,,
Madhya Pradesh - 2024,14-Oct 8pm,10256,,,,
Madhya Pradesh - 2024,14-Oct 9pm,9937,,,,
Madhya Pradesh - 2024,14-Oct 10pm,9980,,,,
Madhya Pradesh - 2024,14-Oct 11pm,9908,,,,
Madhya Pradesh - 2024,15-Oct 12am,9686,,,,
Madhya Pradesh - 2024,15-Oct 1am,9682,,,,
Madhya Pradesh - 2024,15-Oct 2am,9524,,,,
Madhya Pradesh - 2024,15-Oct 3am,9393,,,,
Madhya Pradesh - 2024,15-Oct 4am,9314,,,,
Madhya Pradesh - 2024,15-Oct 5am,9650,,,,
Madhya Pradesh - 2024,15-Oct 6am,10936,,,,
Madhya Pradesh - 2024,15-Oct 7am,11519,,,,
Madhya Pradesh - 2024,15-Oct 8am,11152,,,,
Madhya Pradesh - 2024,15-Oct 9am,10680,,,,
Madhya Pradesh - 2024,15-Oct 10am,10124,,,,
Madhya Pradesh - 2024,15-Oct 11am,10098,,,,
Madhya Pradesh - 2024,15-Oct 12pm,9844,,,,
Madhya Pradesh - 2024,15-Oct 1pm,9749,,,,
Madhya Pradesh - 2024,15-Oct 2pm,9926,,,,
Madhya Pradesh - 2024,15-Oct 3pm,9828,,,,
Madhya Pradesh - 2024,15-Oct 4pm,9978,,,,
Madhya Pradesh - 2024,15-Oct 5pm,10658,,,,
Madhya Pradesh - 2024,15-Oct 6pm,11607,,,,
Madhya Pradesh - 2024,15-Oct 7pm,11358,,,,
Madhya Pradesh - 2024,15-Oct 8pm,10493,,,,
Madhya Pradesh - 2024,15-Oct 9pm,10105,,,,
Madhya Pradesh - 2024,15-Oct 10pm,10192,,,,
Madhya Pradesh - 2024,15-Oct 11pm,10194,,,,
Madhya Pradesh - 2024,16-Oct 12am,10039,,,,
Madhya Pradesh - 2024,16-Oct 1am,9899,,,,
Madhya Pradesh - 2024,16-Oct 2am,9662,,,,
Madhya Pradesh - 2024,16-Oct 3am,9632,,,,
Madhya Pradesh - 2024,16-Oct 4am,9694,,,,
Madhya Pradesh - 2024,16-Oct 5am,9969,,,,
Madhya Pradesh - 2024,16-Oct 6am,11116,,,,
Madhya Pradesh - 2024,16-Oct 7am,11616,,,,
Madhya Pradesh - 2024,16-Oct 8am,11358,,,,
Madhya Pradesh - 2024,16-Oct 9am,10907,,,,
Madhya Pradesh - 2024,16-Oct 10am,10312,,,,
Madhya Pradesh - 2024,16-Oct 11am,10373,,,,
Madhya Pradesh - 2024,16-Oct 12pm,9935,,,,
Madhya Pradesh - 2024,16-Oct 1pm,9942,,,,
Madhya Pradesh - 2024,16-Oct 2pm,10114,,,,
Madhya Pradesh - 2024,16-Oct 3pm,10293,,,,
Madhya Pradesh - 2024,16-Oct 4pm,10332,,,,
Madhya Pradesh - 2024,16-Oct 5pm,10681,,,,
Madhya Pradesh - 2024,16-Oct 6pm,11724,,,,
Madhya Pradesh - 2024,16-Oct 7pm,11542,,,,
Madhya Pradesh - 2024,16-Oct 8pm,10455,,,,
Madhya Pradesh - 2024,16-Oct 9pm,10076,,,,
Madhya Pradesh - 2024,16-Oct 10pm,10111,,,,
Madhya Pradesh - 2024,16-Oct 11pm,10061,,,,
Madhya Pradesh - 2024,17-Oct 12am,9981,,,,
Madhya Pradesh - 2024,17-Oct 1am,9753,,,,
Madhya Pradesh - 2024,17-Oct 2am,9544,,,,
Madhya Pradesh - 2024,17-Oct 3am,9541,,,,
Madhya Pradesh - 2024,17-Oct 4am,9550,,,,
Madhya Pradesh - 2024,17-Oct 5am,9858,,,,
Madhya Pradesh - 2024,17-Oct 6am,10770,,,,
Madhya Pradesh - 2024,17-Oct 7am,11336,,,,
Madhya Pradesh - 2024,17-Oct 8am,11179,,,,
Madhya Pradesh - 2024,17-Oct 9am,11022,,,,
Madhya Pradesh - 2024,17-Oct 10am,10619,,,,
Madhya Pradesh - 2024,17-Oct 11am,10490,,,,
Madhya Pradesh - 2024,17-Oct 12pm,10244,,,,
Madhya Pradesh - 2024,17-Oct 1pm,10309,,,,
Madhya Pradesh - 2024,17-Oct 2pm,10398,,,,
Madhya Pradesh - 2024,17-Oct 3pm,10475,,,,
Madhya Pradesh - 2024,17-Oct 4pm,10683,,,,
Madhya Pradesh - 2024,17-Oct 5pm,10832,,,,
Madhya Pradesh - 2024,17-Oct 6pm,11837,,,,
Madhya Pradesh - 2024,17-Oct 7pm,11366,,,,
Madhya Pradesh - 2024,17-Oct 8pm,10317,,,,
Madhya Pradesh - 2024,17-Oct 9pm,10111,,,,
Madhya Pradesh - 2024,17-Oct 10pm,10170,,,,
Madhya Pradesh - 2024,17-Oct 11pm,10181,,,,
Madhya Pradesh - 2024,18-Oct 12am,10005,,,,
Madhya Pradesh - 2024,18-Oct 1am,9888,,,,
Madhya Pradesh - 2024,18-Oct 2am,9707,,,,
Madhya Pradesh - 2024,18-Oct 3am,9658,,,,
Madhya Pradesh - 2024,18-Oct 4am,9763,,,,
Madhya Pradesh - 2024,18-Oct 5am,10172,,,,
Madhya Pradesh - 2024,18-Oct 6am,11214,,,,
Madhya Pradesh - 2024,18-Oct 7am,11793,,,,
Madhya Pradesh - 2024,18-Oct 8am,11505,,,,
Madhya Pradesh - 2024,18-Oct 9am,11087,,,,
Madhya Pradesh - 2024,18-Oct 10am,10801,,,,
Madhya Pradesh - 2024,18-Oct 11am,10733,,,,
Madhya Pradesh - 2024,18-Oct 12pm,10517,,,,
Madhya Pradesh - 2024,18-Oct 1pm,10444,,,,
Madhya Pradesh - 2024,18-Oct 2pm,10487,,,,
Madhya Pradesh - 2024,18-Oct 3pm,10300,,,,
Madhya Pradesh - 2024,18-Oct 4pm,10378,,,,
Madhya Pradesh - 2024,18-Oct 5pm,10869,,,,
Madhya Pradesh - 2024,18-Oct 6pm,11699,,,,
Madhya Pradesh - 2024,18-Oct 7pm,11331,,,,
Madhya Pradesh - 2024,18-Oct 8pm,10423,,,,
Madhya Pradesh - 2024,18-Oct 9pm,10057,,,,
Madhya Pradesh - 2024,18-Oct 10pm,10146,,,,
Madhya Pradesh - 2024,18-Oct 11pm,10017,,,,
Madhya Pradesh - 2024,19-Oct 12am,9806,,,,
Madhya Pradesh - 2024,19-Oct 1am,9665,,,,
Madhya Pradesh - 2024,19-Oct 2am,9496,,,,
Madhya Pradesh - 2024,19-Oct 3am,9507,,,,
Madhya Pradesh - 2024,19-Oct 4am,9654,,,,
Madhya Pradesh - 2024,19-Oct 5am,10026,,,,
Madhya Pradesh - 2024,19-Oct 6am,11266,,,,
Madhya Pradesh - 2024,19-Oct 7am,11657,,,,
Madhya Pradesh - 2024,19-Oct 8am,11468,,,,
Madhya Pradesh - 2024,19-Oct 9am,11110,,,,
Madhya Pradesh - 2024,19-Oct 10am,10692,,,,
Madhya Pradesh - 2024,19-Oct 11am,10519,,,,
Madhya Pradesh - 2024,19-Oct 12pm,10253,,,,
Madhya Pradesh - 2024,19-Oct 1pm,10255,,,,
Madhya Pradesh - 2024,19-Oct 2pm,10383,,,,
Madhya Pradesh - 2024,19-Oct 3pm,10415,,,,
Madhya Pradesh - 2024,19-Oct 4pm,10383,,,,
Madhya Pradesh - 2024,19-Oct 5pm,10859,,,,
Madhya Pradesh - 2024,19-Oct 6pm,11783,,,,
Madhya Pradesh - 2024,19-Oct 7pm,11322,,,,
Madhya Pradesh - 2024,19-Oct 8pm,10525,,,,
Madhya Pradesh - 2024,19-Oct 9pm,10173,,,,
Madhya Pradesh - 2024,19-Oct 10pm,10264,,,,
Madhya Pradesh - 2024,19-Oct 11pm,10136,,,,
Madhya Pradesh - 2024,20-Oct 12am,10046,,,,
Madhya Pradesh - 2024,20-Oct 1am,9880,,,,
Madhya Pradesh - 2024,20-Oct 2am,9741,,,,
Madhya Pradesh - 2024,20-Oct 3am,9825,,,,
Madhya Pradesh - 2024,20-Oct 4am,9512,,,,
Madhya Pradesh - 2024,20-Oct 5am,9718,,,,
Madhya Pradesh - 2024,20-Oct 6am,10764,,,,
Madhya Pradesh - 2024,20-Oct 7am,11258,,,,
Madhya Pradesh - 2024,20-Oct 8am,11380,,,,
Madhya Pradesh - 2024,20-Oct 9am,11035,,,,
Madhya Pradesh - 2024,20-Oct 10am,10441,,,,
Madhya Pradesh - 2024,20-Oct 11am,10405,,,,
Madhya Pradesh - 2024,20-Oct 12pm,10171,,,,
Madhya Pradesh - 2024,20-Oct 1pm,9931,,,,
Madhya Pradesh - 2024,20-Oct 2pm,10344,,,,
Madhya Pradesh - 2024,20-Oct 3pm,10349,,,,
Madhya Pradesh - 2024,20-Oct 4pm,10631,,,,
Madhya Pradesh - 2024,20-Oct 5pm,10947,,,,
Madhya Pradesh - 2024,20-Oct 6pm,11457,,,,
Madhya Pradesh - 2024,20-Oct 7pm,10820,,,,
Madhya Pradesh - 2024,20-Oct 8pm,9755,,,,
Madhya Pradesh - 2024,20-Oct 9pm,9557,,,,
Madhya Pradesh - 2024,20-Oct 10pm,9657,,,,
Madhya Pradesh - 2024,20-Oct 11pm,9684,,,,
Madhya Pradesh - 2024,21-Oct 12am,9521,,,,
Madhya Pradesh - 2024,21-Oct 1am,9474,,,,
Madhya Pradesh - 2024,21-Oct 2am,9283,,,,
Madhya Pradesh - 2024,21-Oct 3am,9235,,,,
Madhya Pradesh - 2024,21-Oct 4am,9214,,,,
Madhya Pradesh - 2024,21-Oct 5am,9487,,,,
Madhya Pradesh - 2024,21-Oct 6am,10697,,,,
Madhya Pradesh - 2024,21-Oct 7am,11348,,,,
Madhya Pradesh - 2024,21-Oct 8am,11246,,,,
Madhya Pradesh - 2024,21-Oct 9am,10949,,,,
Madhya Pradesh - 2024,21-Oct 10am,10706,,,,
Madhya Pradesh - 2024,21-Oct 11am,10773,,,,
Madhya Pradesh - 2024,21-Oct 12pm,10528,,,,
Madhya Pradesh - 2024,21-Oct 1pm,10459,,,,
Madhya Pradesh - 2024,21-Oct 2pm,10669,,,,
Madhya Pradesh - 2024,21-Oct 3pm,10537,,,,
Madhya Pradesh - 2024,21-Oct 4pm,10655,,,,
Madhya Pradesh - 2024,21-Oct 5pm,10821,,,,
Madhya Pradesh - 2024,21-Oct 6pm,11703,,,,
Madhya Pradesh - 2024,21-Oct 7pm,11354,,,,
Madhya Pradesh - 2024,21-Oct 8pm,10319,,,,
Madhya Pradesh - 2024,21-Oct 9pm,10028,,,,
Madhya Pradesh - 2024,21-Oct 10pm,9948,,,,
Madhya Pradesh - 2024,21-Oct 11pm,9877,,,,
Madhya Pradesh - 2024,22-Oct 12am,9877,,,,
Madhya Pradesh - 2024,22-Oct 1am,9707,,,,
Madhya Pradesh - 2024,22-Oct 2am,9530,,,,
Madhya Pradesh - 2024,22-Oct 3am,9466,,,,
Madhya Pradesh - 2024,22-Oct 4am,9524,,,,
Madhya Pradesh - 2024,22-Oct 5am,9884,,,,
Madhya Pradesh - 2024,22-Oct 6am,11050,,,,
Madhya Pradesh - 2024,22-Oct 7am,11843,,,,
Madhya Pradesh - 2024,22-Oct 8am,11722,,,,
Madhya Pradesh - 2024,22-Oct 9am,11390,,,,
Madhya Pradesh - 2024,22-Oct 10am,11034,,,,
Madhya Pradesh - 2024,22-Oct 11am,10873,,,,
Madhya Pradesh - 2024,22-Oct 12pm,10588,,,,
Madhya Pradesh - 2024,22-Oct 1pm,10604,,,,
Madhya Pradesh - 2024,22-Oct 2pm,10743,,,,
Madhya Pradesh - 2024,22-Oct 3pm,10495,,,,
Madhya Pradesh - 2024,22-Oct 4pm,10486,,,,
Madhya Pradesh - 2024,22-Oct 5pm,10793,,,,
Madhya Pradesh - 2024,22-Oct 6pm,11382,,,,
Madhya Pradesh - 2024,22-Oct 7pm,11111,,,,
Madhya Pradesh - 2024,22-Oct 8pm,10225,,,,
Madhya Pradesh - 2024,22-Oct 9pm,9957,,,,
Madhya Pradesh - 2024,22-Oct 10pm,9920,,,,
Madhya Pradesh - 2024,22-Oct 11pm,9854,,,,
Madhya Pradesh - 2024,23-Oct 12am,9842,,,,
Madhya Pradesh - 2024,23-Oct 1am,9630,,,,
Madhya Pradesh - 2024,23-Oct 2am,9467,,,,
Madhya Pradesh - 2024,23-Oct 3am,9476,,,,
Madhya Pradesh - 2024,23-Oct 4am,9424,,,,
Madhya Pradesh - 2024,23-Oct 5am,9843,,,,
Madhya Pradesh - 2024,23-Oct 6am,11059,,,,
Madhya Pradesh - 2024,23-Oct 7am,11782,,,,
Madhya Pradesh - 2024,23-Oct 8am,11618,,,,
Madhya Pradesh - 2024,23-Oct 9am,11398,,,,
Madhya Pradesh - 2024,23-Oct 10am,11051,,,,
Madhya Pradesh - 2024,23-Oct 11am,10879,,,,
Madhya Pradesh - 2024,23-Oct 12pm,10500,,,,
Madhya Pradesh - 2024,23-Oct 1pm,10433,,,,
Madhya Pradesh - 2024,23-Oct 2pm,10536,,,,
Madhya Pradesh - 2024,23-Oct 3pm,10609,,,,
Madhya Pradesh - 2024,23-Oct 4pm,10632,,,,
Madhya Pradesh - 2024,23-Oct 5pm,10744,,,,
Madhya Pradesh - 2024,23-Oct 6pm,11713,,,,
Madhya Pradesh - 2024,23-Oct 7pm,11271,,,,
Madhya Pradesh - 2024,23-Oct 8pm,10220,,,,
Madhya Pradesh - 2024,23-Oct 9pm,9841,,,,
Madhya Pradesh - 2024,23-Oct 10pm,9906,,,,
Madhya Pradesh - 2024,23-Oct 11pm,9821,,,,
Madhya Pradesh - 2024,24-Oct 12am,9679,,,,
Madhya Pradesh - 2024,24-Oct 1am,9413,,,,
Madhya Pradesh - 2024,24-Oct 2am,9309,,,,
Madhya Pradesh - 2024,24-Oct 3am,9230,,,,
Madhya Pradesh - 2024,24-Oct 4am,9227,,,,
Madhya Pradesh - 2024,24-Oct 5am,9567,,,,
Madhya Pradesh - 2024,24-Oct 6am,10942,,,,
Madhya Pradesh - 2024,24-Oct 7am,11850,,,,
Madhya Pradesh - 2024,24-Oct 8am,11716,,,,
Madhya Pradesh - 2024,24-Oct 9am,11505,,,,
Madhya Pradesh - 2024,24-Oct 10am,11165,,,,
Madhya Pradesh - 2024,24-Oct 11am,10910,,,,
Madhya Pradesh - 2024,24-Oct 12pm,10533,,,,
Madhya Pradesh - 2024,24-Oct 1pm,10290,,,,
Madhya Pradesh - 2024,24-Oct 2pm,10422,,,,
Madhya Pradesh - 2024,24-Oct 3pm,10177,,,,
Madhya Pradesh - 2024,24-Oct 4pm,10393,,,,
Madhya Pradesh - 2024,24-Oct 5pm,10948,,,,
Madhya Pradesh - 2024,24-Oct 6pm,11530,,,,
Madhya Pradesh - 2024,24-Oct 7pm,11147,,,,
Madhya Pradesh - 2024,24-Oct 8pm,10052,,,,
Madhya Pradesh - 2024,24-Oct 9pm,9660,,,,
Madhya Pradesh - 2024,24-Oct 10pm,9744,,,,
Madhya Pradesh - 2024,24-Oct 11pm,9633,,,,
Madhya Pradesh - 2024,25-Oct 12am,9457,,,,
Madhya Pradesh - 2024,25-Oct 1am,9197,,,,
Madhya Pradesh - 2024,25-Oct 2am,9001,,,,
Madhya Pradesh - 2024,25-Oct 3am,9018,,,,
Madhya Pradesh - 2024,25-Oct 4am,9094,,,,
Madhya Pradesh - 2024,25-Oct 5am,9511,,,,
Madhya Pradesh - 2024,25-Oct 6am,11037,,,,
Madhya Pradesh - 2024,25-Oct 7am,12044,,,,
Madhya Pradesh - 2024,25-Oct 8am,11968,,,,
Madhya Pradesh - 2024,25-Oct 9am,11730,,,,
Madhya Pradesh - 2024,25-Oct 10am,11228,,,,
Madhya Pradesh - 2024,25-Oct 11am,10944,,,,
Madhya Pradesh - 2024,25-Oct 12pm,10692,,,,
Madhya Pradesh - 2024,25-Oct 1pm,9204,,,,
Madhya Pradesh - 2024,25-Oct 2pm,10913,,,,
Madhya Pradesh - 2024,25-Oct 3pm,10902,,,,
Madhya Pradesh - 2024,25-Oct 4pm,10767,,,,
Madhya Pradesh - 2024,25-Oct 5pm,10821,,,,
Madhya Pradesh - 2024,25-Oct 6pm,11506,,,,
Madhya Pradesh - 2024,25-Oct 7pm,11011,,,,
Madhya Pradesh - 2024,25-Oct 8pm,10050,,,,
Madhya Pradesh - 2024,25-Oct 9pm,9653,,,,
Madhya Pradesh - 2024,25-Oct 10pm,9908,,,,
Madhya Pradesh - 2024,25-Oct 11pm,9820,,,,
Madhya Pradesh - 2024,26-Oct 12am,9591,,,,
Madhya Pradesh - 2024,26-Oct 1am,9350,,,,
Madhya Pradesh - 2024,26-Oct 2am,9140,,,,
Madhya Pradesh - 2024,26-Oct 3am,9057,,,,
Madhya Pradesh - 2024,26-Oct 4am,9110,,,,
Madhya Pradesh - 2024,26-Oct 5am,9518,,,,
Madhya Pradesh - 2024,26-Oct 6am,11092,,,,
Madhya Pradesh - 2024,26-Oct 7am,11779,,,,
Madhya Pradesh - 2024,26-Oct 8am,12137,,,,
Madhya Pradesh - 2024,26-Oct 9am,11873,,,,
Madhya Pradesh - 2024,26-Oct 10am,11801,,,,
Madhya Pradesh - 2024,26-Oct 11am,11418,,,,
Madhya Pradesh - 2024,26-Oct 12pm,10875,,,,
Madhya Pradesh - 2024,26-Oct 1pm,10939,,,,
Madhya Pradesh - 2024,26-Oct 2pm,10980,,,,
Madhya Pradesh - 2024,26-Oct 3pm,10778,,,,
Madhya Pradesh - 2024,26-Oct 4pm,10984,,,,
Madhya Pradesh - 2024,26-Oct 5pm,11325,,,,
Madhya Pradesh - 2024,26-Oct 6pm,11663,,,,
Madhya Pradesh - 2024,26-Oct 7pm,11271,,,,
Madhya Pradesh - 2024,26-Oct 8pm,10264,,,,
Madhya Pradesh - 2024,26-Oct 9pm,9944,,,,
Madhya Pradesh - 2024,26-Oct 10pm,9808,,,,
Madhya Pradesh - 2024,26-Oct 11pm,9772,,,,
Madhya Pradesh - 2024,27-Oct 12am,9646,,,,
Madhya Pradesh - 2024,27-Oct 1am,9441,,,,
Madhya Pradesh - 2024,27-Oct 2am,9243,,,,
Madhya Pradesh - 2024,27-Oct 3am,9263,,,,
Madhya Pradesh - 2024,27-Oct 4am,9266,,,,
Madhya Pradesh - 2024,27-Oct 5am,9599,,,,
Madhya Pradesh - 2024,27-Oct 6am,10975,,,,
Madhya Pradesh - 2024,27-Oct 7am,12035,,,,
Madhya Pradesh - 2024,27-Oct 8am,11993,,,,
Madhya Pradesh - 2024,27-Oct 9am,11800,,,,
Madhya Pradesh - 2024,27-Oct 10am,11676,,,,
Madhya Pradesh - 2024,27-Oct 11am,11609,,,,
Madhya Pradesh - 2024,27-Oct 12pm,11195,,,,
Madhya Pradesh - 2024,27-Oct 1pm,11260,,,,
Madhya Pradesh - 2024,27-Oct 2pm,11310,,,,
Madhya Pradesh - 2024,27-Oct 3pm,11114,,,,
Madhya Pradesh - 2024,27-Oct 4pm,10975,,,,
Madhya Pradesh - 2024,27-Oct 5pm,11150,,,,
Madhya Pradesh - 2024,27-Oct 6pm,11328,,,,
Madhya Pradesh - 2024,27-Oct 7pm,11427,,,,
Madhya Pradesh - 2024,27-Oct 8pm,9923,,,,
Madhya Pradesh - 2024,27-Oct 9pm,9523,,,,
Madhya Pradesh - 2024,27-Oct 10pm,9725,,,,
Madhya Pradesh - 2024,27-Oct 11pm,10090,,,,
Madhya Pradesh - 2024,28-Oct 12am,9745,,,,
Madhya Pradesh - 2024,28-Oct 1am,9475,,,,
Madhya Pradesh - 2024,28-Oct 2am,9286,,,,
Madhya Pradesh - 2024,28-Oct 3am,9324,,,,
Madhya Pradesh - 2024,28-Oct 4am,9325,,,,
Madhya Pradesh - 2024,28-Oct 5am,9726,,,,
Madhya Pradesh - 2024,28-Oct 6am,10979,,,,
Madhya Pradesh - 2024,28-Oct 7am,12215,,,,
Madhya Pradesh - 2024,28-Oct 8am,12471,,,,
Madhya Pradesh - 2024,28-Oct 9am,12641,,,,
Madhya Pradesh - 2024,28-Oct 10am,12602,,,,
Madhya Pradesh - 2024,28-Oct 11am,12477,,,,
Madhya Pradesh - 2024,28-Oct 12pm,12280,,,,
Madhya Pradesh - 2024,28-Oct 1pm,12142,,,,
Madhya Pradesh - 2024,28-Oct 2pm,12037,,,,
Madhya Pradesh - 2024,28-Oct 3pm,11964,,,,
Madhya Pradesh - 2024,28-Oct 4pm,11880,,,,
Madhya Pradesh - 2024,28-Oct 5pm,11376,,,,
Madhya Pradesh - 2024,28-Oct 6pm,11782,,,,
Madhya Pradesh - 2024,28-Oct 7pm,11461,,,,
Madhya Pradesh - 2024,28-Oct 8pm,10371,,,,
Madhya Pradesh - 2024,28-Oct 9pm,10137,,,,
Madhya Pradesh - 2024,28-Oct 10pm,10241,,,,
Madhya Pradesh - 2024,28-Oct 11pm,10178,,,,
Madhya Pradesh - 2024,29-Oct 12am,10054,,,,
Madhya Pradesh - 2024,29-Oct 1am,10084,,,,
Madhya Pradesh - 2024,29-Oct 2am,9696,,,,
Madhya Pradesh - 2024,29-Oct 3am,9692,,,,
Madhya Pradesh - 2024,29-Oct 4am,9672,,,,
Madhya Pradesh - 2024,29-Oct 5am,10077,,,,
Madhya Pradesh - 2024,29-Oct 6am,11479,,,,
Madhya Pradesh - 2024,29-Oct 7am,12612,,,,
Madhya Pradesh - 2024,29-Oct 8am,12933,,,,
Madhya Pradesh - 2024,29-Oct 9am,13198,,,,
Madhya Pradesh - 2024,29-Oct 10am,13093,,,,
Madhya Pradesh - 2024,29-Oct 11am,13088,,,,
Madhya Pradesh - 2024,29-Oct 12pm,12794,,,,
Madhya Pradesh - 2024,29-Oct 1pm,12928,,,,
Madhya Pradesh - 2024,29-Oct 2pm,12821,,,,
Madhya Pradesh - 2024,29-Oct 3pm,12638,,,,
Madhya Pradesh - 2024,29-Oct 4pm,12215,,,,
Madhya Pradesh - 2024,29-Oct 5pm,11903,,,,
Madhya Pradesh - 2024,29-Oct 6pm,11844,,,,
Madhya Pradesh - 2024,29-Oct 7pm,11465,,,,
Madhya Pradesh - 2024,29-Oct 8pm,10486,,,,
Madhya Pradesh - 2024,29-Oct 9pm,10220,,,,
Madhya Pradesh - 2024,29-Oct 10pm,10576,,,,
Madhya Pradesh - 2024,29-Oct 11pm,10550,,,,
Madhya Pradesh - 2024,30-Oct 12am,10383,,,,
Madhya Pradesh - 2024,30-Oct 1am,10116,,,,
Madhya Pradesh - 2024,30-Oct 2am,9984,,,,
Madhya Pradesh - 2024,30-Oct 3am,9983,,,,
Madhya Pradesh - 2024,30-Oct 4am,9969,,,,
Madhya Pradesh - 2024,30-Oct 5am,10120,,,,
Madhya Pradesh - 2024,30-Oct 6am,11579,,,,
Madhya Pradesh - 2024,30-Oct 7am,12757,,,,
Madhya Pradesh - 2024,30-Oct 8am,12990,,,,
Madhya Pradesh - 2024,30-Oct 9am,13287,,,,
Madhya Pradesh - 2024,30-Oct 10am,13117,,,,
Madhya Pradesh - 2024,30-Oct 11am,13085,,,,
Madhya Pradesh - 2024,30-Oct 12pm,12877,,,,
Madhya Pradesh - 2024,30-Oct 1pm,12913,,,,
Madhya Pradesh - 2024,30-Oct 2pm,13037,,,,
Madhya Pradesh - 2024,30-Oct 3pm,12559,,,,
Madhya Pradesh - 2024,30-Oct 4pm,12240,,,,
Madhya Pradesh - 2024,30-Oct 5pm,11873,,,,
Madhya Pradesh - 2024,30-Oct 6pm,11763,,,,
Madhya Pradesh - 2024,30-Oct 7pm,11342,,,,
Madhya Pradesh - 2024,30-Oct 8pm,10423,,,,
Madhya Pradesh - 2024,30-Oct 9pm,10062,,,,
Madhya Pradesh - 2024,30-Oct 10pm,10530,,,,
Madhya Pradesh - 2024,30-Oct 11pm,10491,,,,
Madhya Pradesh - 2024,31-Oct 12am,10276,,,,
Madhya Pradesh - 2024,31-Oct 1am,9933,,,,
Madhya Pradesh - 2024,31-Oct 2am,9813,,,,
Madhya Pradesh - 2024,31-Oct 3am,9879,,,,
Madhya Pradesh - 2024,31-Oct 4am,9929,,,,
Madhya Pradesh - 2024,31-Oct 5am,9947,,,,
Madhya Pradesh - 2024,31-Oct 6am,11314,,,,
Madhya Pradesh - 2024,31-Oct 7am,12492,,,,
Madhya Pradesh - 2024,31-Oct 8am,12876,,,,
Madhya Pradesh - 2024,31-Oct 9am,13232,,,,
Madhya Pradesh - 2024,31-Oct 10am,12961,,,,
Madhya Pradesh - 2024,31-Oct 11am,12866,,,,
Madhya Pradesh - 2024,31-Oct 12pm,12558,,,,
Madhya Pradesh - 2024,31-Oct 1pm,12705,,,,
Madhya Pradesh - 2024,31-Oct 2pm,12641,,,,
Madhya Pradesh - 2024,31-Oct 3pm,12500,,,,
Madhya Pradesh - 2024,31-Oct 4pm,12184,,,,
Madhya Pradesh - 2024,31-Oct 5pm,11644,,,,
Madhya Pradesh - 2024,31-Oct 6pm,11124,,,,
Madhya Pradesh - 2024,31-Oct 7pm,10332,,,,
Madhya Pradesh - 2024,31-Oct 8pm,9504,,,,
Madhya Pradesh - 2024,31-Oct 9pm,9115,,,,
Madhya Pradesh - 2024,31-Oct 10pm,9665,,,,
Madhya Pradesh - 2024,31-Oct 11pm,9676,,,,
Madhya Pradesh - 2024,01-Nov 12am,9643,,,,
Madhya Pradesh - 2024,01-Nov 1am,9320,,,,
Madhya Pradesh - 2024,01-Nov 2am,9132,,,,
Madhya Pradesh - 2024,01-Nov 3am,9132,,,,
Madhya Pradesh - 2024,01-Nov 4am,9132,,,,
Madhya Pradesh - 2024,01-Nov 5am,9132,,,,
Madhya Pradesh - 2024,01-Nov 6am,9132,,,,
Madhya Pradesh - 2024,01-Nov 7am,9132,,,,
Madhya Pradesh - 2024,01-Nov 8am,9132,,,,
Madhya Pradesh - 2024,01-Nov 9am,9132,,,,
Madhya Pradesh - 2024,01-Nov 10am,12661,,,,
Madhya Pradesh - 2024,01-Nov 11am,12456,,,,
Madhya Pradesh - 2024,01-Nov 12pm,12297,,,,
Madhya Pradesh - 2024,01-Nov 1pm,12368,,,,
Madhya Pradesh - 2024,01-Nov 2pm,12293,,,,
Madhya Pradesh - 2024,01-Nov 3pm,11986,,,,
Madhya Pradesh - 2024,01-Nov 4pm,11803,,,,
Madhya Pradesh - 2024,01-Nov 5pm,11321,,,,
Madhya Pradesh - 2024,01-Nov 6pm,10978,,,,
Madhya Pradesh - 2024,01-Nov 7pm,10368,,,,
Madhya Pradesh - 2024,01-Nov 8pm,9598,,,,
Madhya Pradesh - 2024,01-Nov 9pm,9304,,,,
Madhya Pradesh - 2024,01-Nov 10pm,9974,,,,
Madhya Pradesh - 2024,01-Nov 11pm,10053,,,,
Madhya Pradesh - 2024,02-Nov 12am,9937,,,,
Madhya Pradesh - 2024,02-Nov 1am,9680,,,,
Madhya Pradesh - 2024,02-Nov 2am,9572,,,,
Madhya Pradesh - 2024,02-Nov 3am,9510,,,,
Madhya Pradesh - 2024,02-Nov 4am,9763,,,,
Madhya Pradesh - 2024,02-Nov 5am,9779,,,,
Madhya Pradesh - 2024,02-Nov 6am,11081,,,,
Madhya Pradesh - 2024,02-Nov 7am,11201,,,,
Madhya Pradesh - 2024,02-Nov 8am,11201,,,,
Madhya Pradesh - 2024,02-Nov 9am,11201,,,,
Madhya Pradesh - 2024,02-Nov 10am,11201,,,,
Madhya Pradesh - 2024,02-Nov 11am,11201,,,,
Madhya Pradesh - 2024,02-Nov 12pm,12262,,,,
Madhya Pradesh - 2024,02-Nov 1pm,12363,,,,
Madhya Pradesh - 2024,02-Nov 2pm,12183,,,,
Madhya Pradesh - 2024,02-Nov 3pm,12137,,,,
Madhya Pradesh - 2024,02-Nov 4pm,12036,,,,
Madhya Pradesh - 2024,02-Nov 5pm,11791,,,,
Madhya Pradesh - 2024,02-Nov 6pm,11313,,,,
Madhya Pradesh - 2024,02-Nov 7pm,10838,,,,
Madhya Pradesh - 2024,02-Nov 8pm,10027,,,,
Madhya Pradesh - 2024,02-Nov 9pm,9649,,,,
Madhya Pradesh - 2024,02-Nov 10pm,9863,,,,
Madhya Pradesh - 2024,02-Nov 11pm,10268,,,,
Madhya Pradesh - 2024,03-Nov 12am,10421,,,,
Madhya Pradesh - 2024,03-Nov 1am,9953,,,,
Madhya Pradesh - 2024,03-Nov 2am,9822,,,,
Madhya Pradesh - 2024,03-Nov 3am,9824,,,,
Madhya Pradesh - 2024,03-Nov 4am,9799,,,,
Madhya Pradesh - 2024,03-Nov 5am,9829,,,,
Madhya Pradesh - 2024,03-Nov 6am,10985,,,,
Madhya Pradesh - 2024,03-Nov 7am,12701,,,,
Madhya Pradesh - 2024,03-Nov 8am,13291,,,,
Madhya Pradesh - 2024,03-Nov 9am,13809,,,,
Madhya Pradesh - 2024,03-Nov 10am,13201,,,,
Madhya Pradesh - 2024,03-Nov 11am,13104,,,,
Madhya Pradesh - 2024,03-Nov 12pm,12583,,,,
Madhya Pradesh - 2024,03-Nov 1pm,12888,,,,
Madhya Pradesh - 2024,03-Nov 2pm,12831,,,,
Madhya Pradesh - 2024,03-Nov 3pm,12473,,,,
Madhya Pradesh - 2024,03-Nov 4pm,12088,,,,
Madhya Pradesh - 2024,03-Nov 5pm,11678,,,,
Madhya Pradesh - 2024,03-Nov 6pm,11104,,,,
Madhya Pradesh - 2024,03-Nov 7pm,10654,,,,
Madhya Pradesh - 2024,03-Nov 8pm,9690,,,,
Madhya Pradesh - 2024,03-Nov 9pm,9482,,,,
Madhya Pradesh - 2024,03-Nov 10pm,10270,,,,
Madhya Pradesh - 2024,03-Nov 11pm,10479,,,,
Madhya Pradesh - 2024,04-Nov 12am,10207,,,,
Madhya Pradesh - 2024,04-Nov 1am,9945,,,,
Madhya Pradesh - 2024,04-Nov 2am,9913,,,,
Madhya Pradesh - 2024,04-Nov 3am,9985,,,,
Madhya Pradesh - 2024,04-Nov 4am,9981,,,,
Madhya Pradesh - 2024,04-Nov 5am,10183,,,,
Madhya Pradesh - 2024,04-Nov 6am,11735,,,,
Madhya Pradesh - 2024,04-Nov 7am,13076,,,,
Madhya Pradesh - 2024,04-Nov 8am,13585,,,,
Madhya Pradesh - 2024,04-Nov 9am,13726,,,,
Madhya Pradesh - 2024,04-Nov 10am,13366,,,,
Madhya Pradesh - 2024,04-Nov 11am,13189,,,,
Madhya Pradesh - 2024,04-Nov 12pm,12725,,,,
Madhya Pradesh - 2024,04-Nov 1pm,13061,,,,
Madhya Pradesh - 2024,04-Nov 2pm,13054,,,,
Madhya Pradesh - 2024,04-Nov 3pm,12919,,,,
Madhya Pradesh - 2024,04-Nov 4pm,12758,,,,
Madhya Pradesh - 2024,04-Nov 5pm,12545,,,,
Madhya Pradesh - 2024,04-Nov 6pm,11924,,,,
Madhya Pradesh - 2024,04-Nov 7pm,11232,,,,
Madhya Pradesh - 2024,04-Nov 8pm,9943,,,,
Madhya Pradesh - 2024,04-Nov 9pm,9662,,,,
Madhya Pradesh - 2024,04-Nov 10pm,10507,,,,
Madhya Pradesh - 2024,04-Nov 11pm,10599,,,,
Madhya Pradesh - 2024,05-Nov 12am,10480,,,,
Madhya Pradesh - 2024,05-Nov 1am,10120,,,,
Madhya Pradesh - 2024,05-Nov 2am,10034,,,,
Madhya Pradesh - 2024,05-Nov 3am,10046,,,,
Madhya Pradesh - 2024,05-Nov 4am,10153,,,,
Madhya Pradesh - 2024,05-Nov 5am,10367,,,,
Madhya Pradesh - 2024,05-Nov 6am,12004,,,,
Madhya Pradesh - 2024,05-Nov 7am,13449,,,,
Madhya Pradesh - 2024,05-Nov 8am,13757,,,,
Madhya Pradesh - 2024,05-Nov 9am,13833,,,,
Madhya Pradesh - 2024,05-Nov 10am,13505,,,,
Madhya Pradesh - 2024,05-Nov 11am,13279,,,,
Madhya Pradesh - 2024,05-Nov 12pm,13059,,,,
Madhya Pradesh - 2024,05-Nov 1pm,13288,,,,
Madhya Pradesh - 2024,05-Nov 2pm,13235,,,,
Madhya Pradesh - 2024,05-Nov 3pm,12960,,,,
Madhya Pradesh - 2024,05-Nov 4pm,12810,,,,
Madhya Pradesh - 2024,05-Nov 5pm,12763,,,,
Madhya Pradesh - 2024,05-Nov 6pm,12257,,,,
Madhya Pradesh - 2024,05-Nov 7pm,11483,,,,
Madhya Pradesh - 2024,05-Nov 8pm,10259,,,,
Madhya Pradesh - 2024,05-Nov 9pm,9929,,,,
Madhya Pradesh - 2024,05-Nov 10pm,10777,,,,
Madhya Pradesh - 2024,05-Nov 11pm,10963,,,,
Madhya Pradesh - 2024,06-Nov 12am,10809,,,,
Madhya Pradesh - 2024,06-Nov 1am,10257,,,,
Madhya Pradesh - 2024,06-Nov 2am,10252,,,,
Madhya Pradesh - 2024,06-Nov 3am,10311,,,,
Madhya Pradesh - 2024,06-Nov 4am,10441,,,,
Madhya Pradesh - 2024,06-Nov 5am,10635,,,,
Madhya Pradesh - 2024,06-Nov 6am,12437,,,,
Madhya Pradesh - 2024,06-Nov 7am,13771,,,,
Madhya Pradesh - 2024,06-Nov 8am,14116,,,,
Madhya Pradesh - 2024,06-Nov 9am,14246,,,,
Madhya Pradesh - 2024,06-Nov 10am,13972,,,,
Madhya Pradesh - 2024,06-Nov 11am,13664,,,,
Madhya Pradesh - 2024,06-Nov 12pm,13330,,,,
Madhya Pradesh - 2024,06-Nov 1pm,13517,,,,
Madhya Pradesh - 2024,06-Nov 2pm,13570,,,,
Madhya Pradesh - 2024,06-Nov 3pm,13425,,,,
Madhya Pradesh - 2024,06-Nov 4pm,13427,,,,
Madhya Pradesh - 2024,06-Nov 5pm,13156,,,,
Madhya Pradesh - 2024,06-Nov 6pm,12433,,,,
Madhya Pradesh - 2024,06-Nov 7pm,11690,,,,
Madhya Pradesh - 2024,06-Nov 8pm,10322,,,,
Madhya Pradesh - 2024,06-Nov 9pm,9996,,,,
Madhya Pradesh - 2024,06-Nov 10pm,10997,,,,
Madhya Pradesh - 2024,06-Nov 11pm,11234,,,,
Madhya Pradesh - 2024,07-Nov 12am,11106,,,,
Madhya Pradesh - 2024,07-Nov 1am,10523,,,,
Madhya Pradesh - 2024,07-Nov 2am,10517,,,,
Madhya Pradesh - 2024,07-Nov 3am,10572,,,,
Madhya Pradesh - 2024,07-Nov 4am,10648,,,,
Madhya Pradesh - 2024,07-Nov 5am,10808,,,,
Madhya Pradesh - 2024,07-Nov 6am,12623,,,,
Madhya Pradesh - 2024,07-Nov 7am,13970,,,,
Madhya Pradesh - 2024,07-Nov 8am,14356,,,,
Madhya Pradesh - 2024,07-Nov 9am,14564,,,,
Madhya Pradesh - 2024,07-Nov 10am,14294,,,,
Madhya Pradesh - 2024,07-Nov 11am,13971,,,,
Madhya Pradesh - 2024,07-Nov 12pm,13745,,,,
Madhya Pradesh - 2024,07-Nov 1pm,13962,,,,
Madhya Pradesh - 2024,07-Nov 2pm,14062,,,,
Madhya Pradesh - 2024,07-Nov 3pm,13796,,,,
Madhya Pradesh - 2024,07-Nov 4pm,13769,,,,
Madhya Pradesh - 2024,07-Nov 5pm,13456,,,,
Madhya Pradesh - 2024,07-Nov 6pm,12788,,,,
Madhya Pradesh - 2024,07-Nov 7pm,11906,,,,
Madhya Pradesh - 2024,07-Nov 8pm,10559,,,,
Madhya Pradesh - 2024,07-Nov 9pm,10309,,,,
Madhya Pradesh - 2024,07-Nov 10pm,11336,,,,
Madhya Pradesh - 2024,07-Nov 11pm,11603,,,,
Madhya Pradesh - 2024,08-Nov 12am,11558,,,,
Madhya Pradesh - 2024,08-Nov 1am,10879,,,,
Madhya Pradesh - 2024,08-Nov 2am,10847,,,,
Madhya Pradesh - 2024,08-Nov 3am,10946,,,,
Madhya Pradesh - 2024,08-Nov 4am,11026,,,,
Madhya Pradesh - 2024,08-Nov 5am,11238,,,,
Madhya Pradesh - 2024,08-Nov 6am,12951,,,,
Madhya Pradesh - 2024,08-Nov 7am,14358,,,,
Madhya Pradesh - 2024,08-Nov 8am,14801,,,,
Madhya Pradesh - 2024,08-Nov 9am,14958,,,,
Madhya Pradesh - 2024,08-Nov 10am,14737,,,,
Madhya Pradesh - 2024,08-Nov 11am,14323,,,,
Madhya Pradesh - 2024,08-Nov 12pm,14083,,,,
Madhya Pradesh - 2024,08-Nov 1pm,14281,,,,
Madhya Pradesh - 2024,08-Nov 2pm,14170,,,,
Madhya Pradesh - 2024,08-Nov 3pm,13870,,,,
Madhya Pradesh - 2024,08-Nov 4pm,13832,,,,
Madhya Pradesh - 2024,08-Nov 5pm,13589,,,,
Madhya Pradesh - 2024,08-Nov 6pm,12866,,,,
Madhya Pradesh - 2024,08-Nov 7pm,12022,,,,
Madhya Pradesh - 2024,08-Nov 8pm,10556,,,,
Madhya Pradesh - 2024,08-Nov 9pm,10242,,,,
Madhya Pradesh - 2024,08-Nov 10pm,11488,,,,
Madhya Pradesh - 2024,08-Nov 11pm,11721,,,,
Madhya Pradesh - 2024,09-Nov 12am,11634,,,,
Madhya Pradesh - 2024,09-Nov 1am,10999,,,,
Madhya Pradesh - 2024,09-Nov 2am,10969,,,,
Madhya Pradesh - 2024,09-Nov 3am,11133,,,,
Madhya Pradesh - 2024,09-Nov 4am,11215,,,,
Madhya Pradesh - 2024,09-Nov 5am,11404,,,,
Madhya Pradesh - 2024,09-Nov 6am,13238,,,,
Madhya Pradesh - 2024,09-Nov 7am,14657,,,,
Madhya Pradesh - 2024,09-Nov 8am,14971,,,,
Madhya Pradesh - 2024,09-Nov 9am,15064,,,,
Madhya Pradesh - 2024,09-Nov 10am,14714,,,,
Madhya Pradesh - 2024,09-Nov 11am,14326,,,,
Madhya Pradesh - 2024,09-Nov 12pm,14022,,,,
Madhya Pradesh - 2024,09-Nov 1pm,14299,,,,
Madhya Pradesh - 2024,09-Nov 2pm,14206,,,,
Madhya Pradesh - 2024,09-Nov 3pm,14135,,,,
Madhya Pradesh - 2024,09-Nov 4pm,14240,,,,
Madhya Pradesh - 2024,09-Nov 5pm,13758,,,,
Madhya Pradesh - 2024,09-Nov 6pm,13162,,,,
Madhya Pradesh - 2024,09-Nov 7pm,12197,,,,
Madhya Pradesh - 2024,09-Nov 8pm,10674,,,,
Madhya Pradesh - 2024,09-Nov 9pm,10384,,,,
Madhya Pradesh - 2024,09-Nov 10pm,11672,,,,
Madhya Pradesh - 2024,09-Nov 11pm,11901,,,,
Madhya Pradesh - 2024,10-Nov 12am,11856,,,,
Madhya Pradesh - 2024,10-Nov 1am,11228,,,,
Madhya Pradesh - 2024,10-Nov 2am,11257,,,,
Madhya Pradesh - 2024,10-Nov 3am,11289,,,,
Madhya Pradesh - 2024,10-Nov 4am,11435,,,,
Madhya Pradesh - 2024,10-Nov 5am,11510,,,,
Madhya Pradesh - 2024,10-Nov 6am,13067,,,,
Madhya Pradesh - 2024,10-Nov 7am,14546,,,,
Madhya Pradesh - 2024,10-Nov 8am,15022,,,,
Madhya Pradesh - 2024,10-Nov 9am,15153,,,,
Madhya Pradesh - 2024,10-Nov 10am,14945,,,,
Madhya Pradesh - 2024,10-Nov 11am,14447,,,,
Madhya Pradesh - 2024,10-Nov 12pm,14144,,,,
Madhya Pradesh - 2024,10-Nov 1pm,14428,,,,
Madhya Pradesh - 2024,10-Nov 2pm,14290,,,,
Madhya Pradesh - 2024,10-Nov 3pm,14438,,,,
Madhya Pradesh - 2024,10-Nov 4pm,14335,,,,
Madhya Pradesh - 2024,10-Nov 5pm,13711,,,,
Madhya Pradesh - 2024,10-Nov 6pm,12895,,,,
Madhya Pradesh - 2024,10-Nov 7pm,11969,,,,
Madhya Pradesh - 2024,10-Nov 8pm,10536,,,,
Madhya Pradesh - 2024,10-Nov 9pm,10263,,,,
Madhya Pradesh - 2024,10-Nov 10pm,11669,,,,
Madhya Pradesh - 2024,10-Nov 11pm,11973,,,,
Madhya Pradesh - 2024,11-Nov 12am,11890,,,,
Madhya Pradesh - 2024,11-Nov 1am,11107,,,,
Madhya Pradesh - 2024,11-Nov 2am,10953,,,,
Madhya Pradesh - 2024,11-Nov 3am,11170,,,,
Madhya Pradesh - 2024,11-Nov 4am,11326,,,,
Madhya Pradesh - 2024,11-Nov 5am,11411,,,,
Madhya Pradesh - 2024,11-Nov 6am,13377,,,,
Madhya Pradesh - 2024,11-Nov 7am,14870,,,,
Madhya Pradesh - 2024,11-Nov 8am,15280,,,,
Madhya Pradesh - 2024,11-Nov 9am,15523,,,,
Madhya Pradesh - 2024,11-Nov 10am,15142,,,,
Madhya Pradesh - 2024,11-Nov 11am,14786,,,,
Madhya Pradesh - 2024,11-Nov 12pm,14537,,,,
Madhya Pradesh - 2024,11-Nov 1pm,14452,,,,
Madhya Pradesh - 2024,11-Nov 2pm,14659,,,,
Madhya Pradesh - 2024,11-Nov 3pm,14607,,,,
Madhya Pradesh - 2024,11-Nov 4pm,14791,,,,
Madhya Pradesh - 2024,11-Nov 5pm,14130,,,,
Madhya Pradesh - 2024,11-Nov 6pm,13328,,,,
Madhya Pradesh - 2024,11-Nov 7pm,12348,,,,
Madhya Pradesh - 2024,11-Nov 8pm,10777,,,,
Madhya Pradesh - 2024,11-Nov 9pm,10421,,,,
Madhya Pradesh - 2024,11-Nov 10pm,11847,,,,
Madhya Pradesh - 2024,11-Nov 11pm,12187,,,,
Madhya Pradesh - 2024,12-Nov 12am,12089,,,,
Madhya Pradesh - 2024,12-Nov 1am,11389,,,,
Madhya Pradesh - 2024,12-Nov 2am,11359,,,,
Madhya Pradesh - 2024,12-Nov 3am,11452,,,,
Madhya Pradesh - 2024,12-Nov 4am,11559,,,,
Madhya Pradesh - 2024,12-Nov 5am,11666,,,,
Madhya Pradesh - 2024,12-Nov 6am,13531,,,,
Madhya Pradesh - 2024,12-Nov 7am,14586,,,,
Madhya Pradesh - 2024,12-Nov 8am,15258,,,,
Madhya Pradesh - 2024,12-Nov 9am,15627,,,,
Madhya Pradesh - 2024,12-Nov 10am,15520,,,,
Madhya Pradesh - 2024,12-Nov 11am,15327,,,,
Madhya Pradesh - 2024,12-Nov 12pm,15241,,,,
Madhya Pradesh - 2024,12-Nov 1pm,15391,,,,
Madhya Pradesh - 2024,12-Nov 2pm,15265,,,,
Madhya Pradesh - 2024,12-Nov 3pm,15138,,,,
Madhya Pradesh - 2024,12-Nov 4pm,14984,,,,
Madhya Pradesh - 2024,12-Nov 5pm,14438,,,,
Madhya Pradesh - 2024,12-Nov 6pm,13258,,,,
Madhya Pradesh - 2024,12-Nov 7pm,12270,,,,
Madhya Pradesh - 2024,12-Nov 8pm,10619,,,,
Madhya Pradesh - 2024,12-Nov 9pm,10206,,,,
Madhya Pradesh - 2024,12-Nov 10pm,11759,,,,
Madhya Pradesh - 2024,12-Nov 11pm,12058,,,,
Madhya Pradesh - 2024,13-Nov 12am,11983,,,,
Madhya Pradesh - 2024,13-Nov 1am,11298,,,,
Madhya Pradesh - 2024,13-Nov 2am,11334,,,,
Madhya Pradesh - 2024,13-Nov 3am,11416,,,,
Madhya Pradesh - 2024,13-Nov 4am,11533,,,,
Madhya Pradesh - 2024,13-Nov 5am,11621,,,,
Madhya Pradesh - 2024,13-Nov 6am,13406,,,,
Madhya Pradesh - 2024,13-Nov 7am,14978,,,,
Madhya Pradesh - 2024,13-Nov 8am,15718,,,,
Madhya Pradesh - 2024,13-Nov 9am,15646,,,,
Madhya Pradesh - 2024,13-Nov 10am,15457,,,,
Madhya Pradesh - 2024,13-Nov 11am,15077,,,,
Madhya Pradesh - 2024,13-Nov 12pm,14697,,,,
Madhya Pradesh - 2024,13-Nov 1pm,14945,,,,
Madhya Pradesh - 2024,13-Nov 2pm,14805,,,,
Madhya Pradesh - 2024,13-Nov 3pm,14976,,,,
Madhya Pradesh - 2024,13-Nov 4pm,14801,,,,
Madhya Pradesh - 2024,13-Nov 5pm,14266,,,,
Madhya Pradesh - 2024,13-Nov 6pm,13250,,,,
Madhya Pradesh - 2024,13-Nov 7pm,12340,,,,
Madhya Pradesh - 2024,13-Nov 8pm,10761,,,,
Madhya Pradesh - 2024,13-Nov 9pm,10337,,,,
Madhya Pradesh - 2024,13-Nov 10pm,11819,,,,
Madhya Pradesh - 2024,13-Nov 11pm,12223,,,,
Madhya Pradesh - 2024,14-Nov 12am,12098,,,,
Madhya Pradesh - 2024,14-Nov 1am,11419,,,,
Madhya Pradesh - 2024,14-Nov 2am,11468,,,,
Madhya Pradesh - 2024,14-Nov 3am,11525,,,,
Madhya Pradesh - 2024,14-Nov 4am,11598,,,,
Madhya Pradesh - 2024,14-Nov 5am,11696,,,,
Madhya Pradesh - 2024,14-Nov 6am,13524,,,,
Madhya Pradesh - 2024,14-Nov 7am,15103,,,,
Madhya Pradesh - 2024,14-Nov 8am,15779,,,,
Madhya Pradesh - 2024,14-Nov 9am,15868,,,,
Madhya Pradesh - 2024,14-Nov 10am,15599,,,,
Madhya Pradesh - 2024,14-Nov 11am,14992,,,,
Madhya Pradesh - 2024,14-Nov 12pm,14802,,,,
Madhya Pradesh - 2024,14-Nov 1pm,15059,,,,
Madhya Pradesh - 2024,14-Nov 2pm,14789,,,,
Madhya Pradesh - 2024,14-Nov 3pm,14860,,,,
Madhya Pradesh - 2024,14-Nov 4pm,14890,,,,
Madhya Pradesh - 2024,14-Nov 5pm,14325,,,,
Madhya Pradesh - 2024,14-Nov 6pm,13351,,,,
Madhya Pradesh - 2024,14-Nov 7pm,12548,,,,
Madhya Pradesh - 2024,14-Nov 8pm,10784,,,,
Madhya Pradesh - 2024,14-Nov 9pm,10307,,,,
Madhya Pradesh - 2024,14-Nov 10pm,11716,,,,
Madhya Pradesh - 2024,14-Nov 11pm,11986,,,,
Madhya Pradesh - 2024,15-Nov 12am,11968,,,,
Madhya Pradesh - 2024,15-Nov 1am,11293,,,,
Madhya Pradesh - 2024,15-Nov 2am,11284,,,,
Madhya Pradesh - 2024,15-Nov 3am,11433,,,,
Madhya Pradesh - 2024,15-Nov 4am,11618,,,,
Madhya Pradesh - 2024,15-Nov 5am,11697,,,,
Madhya Pradesh - 2024,15-Nov 6am,13396,,,,
Madhya Pradesh - 2024,15-Nov 7am,15095,,,,
Madhya Pradesh - 2024,15-Nov 8am,15748,,,,
Madhya Pradesh - 2024,15-Nov 9am,16236,,,,
Madhya Pradesh - 2024,15-Nov 10am,16097,,,,
Madhya Pradesh - 2024,15-Nov 11am,15845,,,,
Madhya Pradesh - 2024,15-Nov 12pm,14981,,,,
Madhya Pradesh - 2024,15-Nov 1pm,15428,,,,
Madhya Pradesh - 2024,15-Nov 2pm,15270,,,,
Madhya Pradesh - 2024,15-Nov 3pm,15326,,,,
Madhya Pradesh - 2024,15-Nov 4pm,15272,,,,
Madhya Pradesh - 2024,15-Nov 5pm,14539,,,,
Madhya Pradesh - 2024,15-Nov 6pm,13657,,,,
Madhya Pradesh - 2024,15-Nov 7pm,12623,,,,
Madhya Pradesh - 2024,15-Nov 8pm,10890,,,,
Madhya Pradesh - 2024,15-Nov 9pm,10398,,,,
Madhya Pradesh - 2024,15-Nov 10pm,11622,,,,
Madhya Pradesh - 2024,15-Nov 11pm,12251,,,,
Madhya Pradesh - 2024,16-Nov 12am,11855,,,,
Madhya Pradesh - 2024,16-Nov 1am,11344,,,,
Madhya Pradesh - 2024,16-Nov 2am,11480,,,,
Madhya Pradesh - 2024,16-Nov 3am,11461,,,,
Madhya Pradesh - 2024,16-Nov 4am,11589,,,,
Madhya Pradesh - 2024,16-Nov 5am,11695,,,,
Madhya Pradesh - 2024,16-Nov 6am,13636,,,,
Madhya Pradesh - 2024,16-Nov 7am,15403,,,,
Madhya Pradesh - 2024,16-Nov 8am,16084,,,,
Madhya Pradesh - 2024,16-Nov 9am,16117,,,,
Madhya Pradesh - 2024,16-Nov 10am,15766,,,,
Madhya Pradesh - 2024,16-Nov 11am,15498,,,,
Madhya Pradesh - 2024,16-Nov 12pm,15176,,,,
Madhya Pradesh - 2024,16-Nov 1pm,15709,,,,
Madhya Pradesh - 2024,16-Nov 2pm,15290,,,,
Madhya Pradesh - 2024,16-Nov 3pm,15236,,,,
Madhya Pradesh - 2024,16-Nov 4pm,15089,,,,
Madhya Pradesh - 2024,16-Nov 5pm,14604,,,,
Madhya Pradesh - 2024,16-Nov 6pm,13536,,,,
Madhya Pradesh - 2024,16-Nov 7pm,12577,,,,
Madhya Pradesh - 2024,16-Nov 8pm,11003,,,,
Madhya Pradesh - 2024,16-Nov 9pm,10496,,,,
Madhya Pradesh - 2024,16-Nov 10pm,11961,,,,
Madhya Pradesh - 2024,16-Nov 11pm,12298,,,,
Madhya Pradesh - 2024,17-Nov 12am,12014,,,,
Madhya Pradesh - 2024,17-Nov 1am,11522,,,,
Madhya Pradesh - 2024,17-Nov 2am,11485,,,,
Madhya Pradesh - 2024,17-Nov 3am,11546,,,,
Madhya Pradesh - 2024,17-Nov 4am,11704,,,,
Madhya Pradesh - 2024,17-Nov 5am,11757,,,,
Madhya Pradesh - 2024,17-Nov 6am,13609,,,,
Madhya Pradesh - 2024,17-Nov 7am,15220,,,,
Madhya Pradesh - 2024,17-Nov 8am,15825,,,,
Madhya Pradesh - 2024,17-Nov 9am,16055,,,,
Madhya Pradesh - 2024,17-Nov 10am,15900,,,,
Madhya Pradesh - 2024,17-Nov 11am,15627,,,,
Madhya Pradesh - 2024,17-Nov 12pm,15052,,,,
Madhya Pradesh - 2024,17-Nov 1pm,15399,,,,
Madhya Pradesh - 2024,17-Nov 2pm,15248,,,,
Madhya Pradesh - 2024,17-Nov 3pm,15278,,,,
Madhya Pradesh - 2024,17-Nov 4pm,15139,,,,
Madhya Pradesh - 2024,17-Nov 5pm,14295,,,,
Madhya Pradesh - 2024,17-Nov 6pm,13226,,,,
Madhya Pradesh - 2024,17-Nov 7pm,12324,,,,
Madhya Pradesh - 2024,17-Nov 8pm,10681,,,,
Madhya Pradesh - 2024,17-Nov 9pm,10251,,,,
Madhya Pradesh - 2024,17-Nov 10pm,11534,,,,
Madhya Pradesh - 2024,17-Nov 11pm,11808,,,,
Madhya Pradesh - 2024,18-Nov 12am,11675,,,,
Madhya Pradesh - 2024,18-Nov 1am,11214,,,,
Madhya Pradesh - 2024,18-Nov 2am,11338,,,,
Madhya Pradesh - 2024,18-Nov 3am,11347,,,,
Madhya Pradesh - 2024,18-Nov 4am,11150,,,,
Madhya Pradesh - 2024,18-Nov 5am,11537,,,,
Madhya Pradesh - 2024,18-Nov 6am,14205,,,,
Madhya Pradesh - 2024,18-Nov 7am,15355,,,,
Madhya Pradesh - 2024,18-Nov 8am,16071,,,,
Madhya Pradesh - 2024,18-Nov 9am,16519,,,,
Madhya Pradesh - 2024,18-Nov 10am,16024,,,,
Madhya Pradesh - 2024,18-Nov 11am,15828,,,,
Madhya Pradesh - 2024,18-Nov 12pm,15557,,,,
Madhya Pradesh - 2024,18-Nov 1pm,15699,,,,
Madhya Pradesh - 2024,18-Nov 2pm,15483,,,,
Madhya Pradesh - 2024,18-Nov 3pm,15863,,,,
Madhya Pradesh - 2024,18-Nov 4pm,15808,,,,
Madhya Pradesh - 2024,18-Nov 5pm,15144,,,,
Madhya Pradesh - 2024,18-Nov 6pm,13889,,,,
Madhya Pradesh - 2024,18-Nov 7pm,12726,,,,
Madhya Pradesh - 2024,18-Nov 8pm,10939,,,,
Madhya Pradesh - 2024,18-Nov 9pm,10332,,,,
Madhya Pradesh - 2024,18-Nov 10pm,11695,,,,
Madhya Pradesh - 2024,18-Nov 11pm,11949,,,,
Madhya Pradesh - 2024,19-Nov 12am,11826,,,,
Madhya Pradesh - 2024,19-Nov 1am,11343,,,,
Madhya Pradesh - 2024,19-Nov 2am,11467,,,,
Madhya Pradesh - 2024,19-Nov 3am,11544,,,,
Madhya Pradesh - 2024,19-Nov 4am,11618,,,,
Madhya Pradesh - 2024,19-Nov 5am,11928,,,,
Madhya Pradesh - 2024,19-Nov 6am,14040,,,,
Madhya Pradesh - 2024,19-Nov 7am,15874,,,,
Madhya Pradesh - 2024,19-Nov 8am,16535,,,,
Madhya Pradesh - 2024,19-Nov 9am,16787,,,,
Madhya Pradesh - 2024,19-Nov 10am,16468,,,,
Madhya Pradesh - 2024,19-Nov 11am,15945,,,,
Madhya Pradesh - 2024,19-Nov 12pm,15311,,,,
Madhya Pradesh - 2024,19-Nov 1pm,15901,,,,
Madhya Pradesh - 2024,19-Nov 2pm,15624,,,,
Madhya Pradesh - 2024,19-Nov 3pm,15886,,,,
Madhya Pradesh - 2024,19-Nov 4pm,15794,,,,
Madhya Pradesh - 2024,19-Nov 5pm,15283,,,,
Madhya Pradesh - 2024,19-Nov 6pm,13981,,,,
Madhya Pradesh - 2024,19-Nov 7pm,12818,,,,
Madhya Pradesh - 2024,19-Nov 8pm,11052,,,,
Madhya Pradesh - 2024,19-Nov 9pm,10309,,,,
Madhya Pradesh - 2024,19-Nov 10pm,11668,,,,
Madhya Pradesh - 2024,19-Nov 11pm,11914,,,,
Madhya Pradesh - 2024,20-Nov 12am,11706,,,,
Madhya Pradesh - 2024,20-Nov 1am,11210,,,,
Madhya Pradesh - 2024,20-Nov 2am,11292,,,,
Madhya Pradesh - 2024,20-Nov 3am,11456,,,,
Madhya Pradesh - 2024,20-Nov 4am,11545,,,,
Madhya Pradesh - 2024,20-Nov 5am,11573,,,,
Madhya Pradesh - 2024,20-Nov 6am,13946,,,,
Madhya Pradesh - 2024,20-Nov 7am,15762,,,,
Madhya Pradesh - 2024,20-Nov 8am,16641,,,,
Madhya Pradesh - 2024,20-Nov 9am,16949,,,,
Madhya Pradesh - 2024,20-Nov 10am,16664,,,,
Madhya Pradesh - 2024,20-Nov 11am,15999,,,,
Madhya Pradesh - 2024,20-Nov 12pm,15744,,,,
Madhya Pradesh - 2024,20-Nov 1pm,16015,,,,
Madhya Pradesh - 2024,20-Nov 2pm,15849,,,,
Madhya Pradesh - 2024,20-Nov 3pm,15860,,,,
Madhya Pradesh - 2024,20-Nov 4pm,15843,,,,
Madhya Pradesh - 2024,20-Nov 5pm,15292,,,,
Madhya Pradesh - 2024,20-Nov 6pm,14068,,,,
Madhya Pradesh - 2024,20-Nov 7pm,12990,,,,
Madhya Pradesh - 2024,20-Nov 8pm,11071,,,,
Madhya Pradesh - 2024,20-Nov 9pm,10390,,,,
Madhya Pradesh - 2024,20-Nov 10pm,11489,,,,
Madhya Pradesh - 2024,20-Nov 11pm,11730,,,,
Madhya Pradesh - 2024,21-Nov 12am,11608,,,,
Madhya Pradesh - 2024,21-Nov 1am,10993,,,,
Madhya Pradesh - 2024,21-Nov 2am,10991,,,,
Madhya Pradesh - 2024,21-Nov 3am,11245,,,,
Madhya Pradesh - 2024,21-Nov 4am,11302,,,,
Madhya Pradesh - 2024,21-Nov 5am,11561,,,,
Madhya Pradesh - 2024,21-Nov 6am,13802,,,,
Madhya Pradesh - 2024,21-Nov 7am,16027,,,,
Madhya Pradesh - 2024,21-Nov 8am,16482,,,,
Madhya Pradesh - 2024,21-Nov 9am,16844,,,,
Madhya Pradesh - 2024,21-Nov 10am,16672,,,,
Madhya Pradesh - 2024,21-Nov 11am,16379,,,,
Madhya Pradesh - 2024,21-Nov 12pm,15858,,,,
Madhya Pradesh - 2024,21-Nov 1pm,16062,,,,
Madhya Pradesh - 2024,21-Nov 2pm,15831,,,,
Madhya Pradesh - 2024,21-Nov 3pm,16031,,,,
Madhya Pradesh - 2024,21-Nov 4pm,15790,,,,
Madhya Pradesh - 2024,21-Nov 5pm,15175,,,,
Madhya Pradesh - 2024,21-Nov 6pm,14086,,,,
Madhya Pradesh - 2024,21-Nov 7pm,13034,,,,
Madhya Pradesh - 2024,21-Nov 8pm,11099,,,,
Madhya Pradesh - 2024,21-Nov 9pm,10289,,,,
Madhya Pradesh - 2024,21-Nov 10pm,11350,,,,
Madhya Pradesh - 2024,21-Nov 11pm,11471,,,,
Madhya Pradesh - 2024,22-Nov 12am,11407,,,,
Madhya Pradesh - 2024,22-Nov 1am,10923,,,,
Madhya Pradesh - 2024,22-Nov 2am,10948,,,,
Madhya Pradesh - 2024,22-Nov 3am,11082,,,,
Madhya Pradesh - 2024,22-Nov 4am,11169,,,,
Madhya Pradesh - 2024,22-Nov 5am,11483,,,,
Madhya Pradesh - 2024,22-Nov 6am,13680,,,,
Madhya Pradesh - 2024,22-Nov 7am,15918,,,,
Madhya Pradesh - 2024,22-Nov 8am,16635,,,,
Madhya Pradesh - 2024,22-Nov 9am,17111,,,,
Madhya Pradesh - 2024,22-Nov 10am,16748,,,,
Madhya Pradesh - 2024,22-Nov 11am,16334,,,,
Madhya Pradesh - 2024,22-Nov 12pm,16056,,,,
Madhya Pradesh - 2024,22-Nov 1pm,16199,,,,
Madhya Pradesh - 2024,22-Nov 2pm,15692,,,,
Madhya Pradesh - 2024,22-Nov 3pm,16103,,,,
Madhya Pradesh - 2024,22-Nov 4pm,15616,,,,
Madhya Pradesh - 2024,22-Nov 5pm,15171,,,,
Madhya Pradesh - 2024,22-Nov 6pm,14134,,,,
Madhya Pradesh - 2024,22-Nov 7pm,13032,,,,
Madhya Pradesh - 2024,22-Nov 8pm,10954,,,,
Madhya Pradesh - 2024,22-Nov 9pm,10159,,,,
Madhya Pradesh - 2024,22-Nov 10pm,11292,,,,
Madhya Pradesh - 2024,22-Nov 11pm,11470,,,,
Madhya Pradesh - 2024,23-Nov 12am,11275,,,,
Madhya Pradesh - 2024,23-Nov 1am,10895,,,,
Madhya Pradesh - 2024,23-Nov 2am,10856,,,,
Madhya Pradesh - 2024,23-Nov 3am,11042,,,,
Madhya Pradesh - 2024,23-Nov 4am,11112,,,,
Madhya Pradesh - 2024,23-Nov 5am,11248,,,,
Madhya Pradesh - 2024,23-Nov 6am,13579,,,,
Madhya Pradesh - 2024,23-Nov 7am,15948,,,,
Madhya Pradesh - 2024,23-Nov 8am,16870,,,,
Madhya Pradesh - 2024,23-Nov 9am,17139,,,,
Madhya Pradesh - 2024,23-Nov 10am,16876,,,,
Madhya Pradesh - 2024,23-Nov 11am,16425,,,,
Madhya Pradesh - 2024,23-Nov 12pm,15957,,,,
Madhya Pradesh - 2024,23-Nov 1pm,16210,,,,
Madhya Pradesh - 2024,23-Nov 2pm,15962,,,,
Madhya Pradesh - 2024,23-Nov 3pm,16050,,,,
Madhya Pradesh - 2024,23-Nov 4pm,15943,,,,
Madhya Pradesh - 2024,23-Nov 5pm,15512,,,,
Madhya Pradesh - 2024,23-Nov 6pm,14048,,,,
Madhya Pradesh - 2024,23-Nov 7pm,12896,,,,
Madhya Pradesh - 2024,23-Nov 8pm,11080,,,,
Madhya Pradesh - 2024,23-Nov 9pm,10278,,,,
Madhya Pradesh - 2024,23-Nov 10pm,11395,,,,
Madhya Pradesh - 2024,23-Nov 11pm,11505,,,,
Madhya Pradesh - 2024,24-Nov 12am,11416,,,,
Madhya Pradesh - 2024,24-Nov 1am,11009,,,,
Madhya Pradesh - 2024,24-Nov 2am,11064,,,,
Madhya Pradesh - 2024,24-Nov 3am,11132,,,,
Madhya Pradesh - 2024,24-Nov 4am,11166,,,,
Madhya Pradesh - 2024,24-Nov 5am,11415,,,,
Madhya Pradesh - 2024,24-Nov 6am,13262,,,,
Madhya Pradesh - 2024,24-Nov 7am,15686,,,,
Madhya Pradesh - 2024,24-Nov 8am,16548,,,,
Madhya Pradesh - 2024,24-Nov 9am,16907,,,,
Madhya Pradesh - 2024,24-Nov 10am,16833,,,,
Madhya Pradesh - 2024,24-Nov 11am,16534,,,,
Madhya Pradesh - 2024,24-Nov 12pm,16154,,,,
Madhya Pradesh - 2024,24-Nov 1pm,16214,,,,
Madhya Pradesh - 2024,24-Nov 2pm,15878,,,,
Madhya Pradesh - 2024,24-Nov 3pm,16028,,,,
Madhya Pradesh - 2024,24-Nov 4pm,15691,,,,
Madhya Pradesh - 2024,24-Nov 5pm,15188,,,,
Madhya Pradesh - 2024,24-Nov 6pm,13757,,,,
Madhya Pradesh - 2024,24-Nov 7pm,12660,,,,
Madhya Pradesh - 2024,24-Nov 8pm,10930,,,,
Madhya Pradesh - 2024,24-Nov 9pm,10182,,,,
Madhya Pradesh - 2024,24-Nov 10pm,11367,,,,
Madhya Pradesh - 2024,24-Nov 11pm,11528,,,,
Madhya Pradesh - 2024,25-Nov 12am,11450,,,,
Madhya Pradesh - 2024,25-Nov 1am,11038,,,,
Madhya Pradesh - 2024,25-Nov 2am,11024,,,,
Madhya Pradesh - 2024,25-Nov 3am,11148,,,,
Madhya Pradesh - 2024,25-Nov 4am,11270,,,,
Madhya Pradesh - 2024,25-Nov 5am,11560,,,,
Madhya Pradesh - 2024,25-Nov 6am,13854,,,,
Madhya Pradesh - 2024,25-Nov 7am,16020,,,,
Madhya Pradesh - 2024,25-Nov 8am,16379,,,,
Madhya Pradesh - 2024,25-Nov 9am,17390,,,,
Madhya Pradesh - 2024,25-Nov 10am,17033,,,,
Madhya Pradesh - 2024,25-Nov 11am,16460,,,,
Madhya Pradesh - 2024,25-Nov 12pm,16003,,,,
Madhya Pradesh - 2024,25-Nov 1pm,16235,,,,
Madhya Pradesh - 2024,25-Nov 2pm,16080,,,,
Madhya Pradesh - 2024,25-Nov 3pm,16046,,,,
Madhya Pradesh - 2024,25-Nov 4pm,15971,,,,
Madhya Pradesh - 2024,25-Nov 5pm,15414,,,,
Madhya Pradesh - 2024,25-Nov 6pm,14323,,,,
Madhya Pradesh - 2024,25-Nov 7pm,13176,,,,
Madhya Pradesh - 2024,25-Nov 8pm,11285,,,,
Madhya Pradesh - 2024,25-Nov 9pm,10401,,,,
Madhya Pradesh - 2024,25-Nov 10pm,11553,,,,
Madhya Pradesh - 2024,25-Nov 11pm,11653,,,,
Madhya Pradesh - 2024,26-Nov 12am,11612,,,,
Madhya Pradesh - 2024,26-Nov 1am,11024,,,,
Madhya Pradesh - 2024,26-Nov 2am,11035,,,,
Madhya Pradesh - 2024,26-Nov 3am,11208,,,,
Madhya Pradesh - 2024,26-Nov 4am,11220,,,,
Madhya Pradesh - 2024,26-Nov 5am,11631,,,,
Madhya Pradesh - 2024,26-Nov 6am,13911,,,,
Madhya Pradesh - 2024,26-Nov 7am,15952,,,,
Madhya Pradesh - 2024,26-Nov 8am,16807,,,,
Madhya Pradesh - 2024,26-Nov 9am,17363,,,,
Madhya Pradesh - 2024,26-Nov 10am,16853,,,,
Madhya Pradesh - 2024,26-Nov 11am,16401,,,,
Madhya Pradesh - 2024,26-Nov 12pm,15981,,,,
Madhya Pradesh - 2024,26-Nov 1pm,16322,,,,
Madhya Pradesh - 2024,26-Nov 2pm,16136,,,,
Madhya Pradesh - 2024,26-Nov 3pm,16128,,,,
Madhya Pradesh - 2024,26-Nov 4pm,15979,,,,
Madhya Pradesh - 2024,26-Nov 5pm,15492,,,,
Madhya Pradesh - 2024,26-Nov 6pm,14214,,,,
Madhya Pradesh - 2024,26-Nov 7pm,13184,,,,
Madhya Pradesh - 2024,26-Nov 8pm,11275,,,,
Madhya Pradesh - 2024,26-Nov 9pm,10353,,,,
Madhya Pradesh - 2024,26-Nov 10pm,11492,,,,
Madhya Pradesh - 2024,26-Nov 11pm,11584,,,,
Madhya Pradesh - 2024,27-Nov 12am,11636,,,,
Madhya Pradesh - 2024,27-Nov 1am,11020,,,,
Madhya Pradesh - 2024,27-Nov 2am,10964,,,,
Madhya Pradesh - 2024,27-Nov 3am,11032,,,,
Madhya Pradesh - 2024,27-Nov 4am,11135,,,,
Madhya Pradesh - 2024,27-Nov 5am,11591,,,,
Madhya Pradesh - 2024,27-Nov 6am,13909,,,,
Madhya Pradesh - 2024,27-Nov 7am,16127,,,,
Madhya Pradesh - 2024,27-Nov 8am,16773,,,,
Madhya Pradesh - 2024,27-Nov 9am,17555,,,,
Madhya Pradesh - 2024,27-Nov 10am,17246,,,,
Madhya Pradesh - 2024,27-Nov 11am,16705,,,,
Madhya Pradesh - 2024,27-Nov 12pm,16212,,,,
Madhya Pradesh - 2024,27-Nov 1pm,16575,,,,
Madhya Pradesh - 2024,27-Nov 2pm,16274,,,,
Madhya Pradesh - 2024,27-Nov 3pm,16367,,,,
Madhya Pradesh - 2024,27-Nov 4pm,16072,,,,
Madhya Pradesh - 2024,27-Nov 5pm,15691,,,,
Madhya Pradesh - 2024,27-Nov 6pm,14356,,,,
Madhya Pradesh - 2024,27-Nov 7pm,13256,,,,
Madhya Pradesh - 2024,27-Nov 8pm,11365,,,,
Madhya Pradesh - 2024,27-Nov 9pm,10467,,,,
Madhya Pradesh - 2024,27-Nov 10pm,11596,,,,
Madhya Pradesh - 2024,27-Nov 11pm,11752,,,,
Madhya Pradesh - 2024,28-Nov 12am,11665,,,,
Madhya Pradesh - 2024,28-Nov 1am,11019,,,,
Madhya Pradesh - 2024,28-Nov 2am,10889,,,,
Madhya Pradesh - 2024,28-Nov 3am,11195,,,,
Madhya Pradesh - 2024,28-Nov 4am,11150,,,,
Madhya Pradesh - 2024,28-Nov 5am,11647,,,,
Madhya Pradesh - 2024,28-Nov 6am,14009,,,,
Madhya Pradesh - 2024,28-Nov 7am,16319,,,,
Madhya Pradesh - 2024,28-Nov 8am,16843,,,,
Madhya Pradesh - 2024,28-Nov 9am,17596,,,,
Madhya Pradesh - 2024,28-Nov 10am,17341,,,,
Madhya Pradesh - 2024,28-Nov 11am,16907,,,,
Madhya Pradesh - 2024,28-Nov 12pm,16223,,,,
Madhya Pradesh - 2024,28-Nov 1pm,16414,,,,
Madhya Pradesh - 2024,28-Nov 2pm,16042,,,,
Madhya Pradesh - 2024,28-Nov 3pm,16196,,,,
Madhya Pradesh - 2024,28-Nov 4pm,16125,,,,
Madhya Pradesh - 2024,28-Nov 5pm,15668,,,,
Madhya Pradesh - 2024,28-Nov 6pm,14319,,,,
Madhya Pradesh - 2024,28-Nov 7pm,13214,,,,
Madhya Pradesh - 2024,28-Nov 8pm,11310,,,,
Madhya Pradesh - 2024,28-Nov 9pm,10383,,,,
Madhya Pradesh - 2024,28-Nov 10pm,11305,,,,
Madhya Pradesh - 2024,28-Nov 11pm,11584,,,,
Madhya Pradesh - 2024,29-Nov 12am,11529,,,,
Madhya Pradesh - 2024,29-Nov 1am,11037,,,,
Madhya Pradesh - 2024,29-Nov 2am,10927,,,,
Madhya Pradesh - 2024,29-Nov 3am,11036,,,,
Madhya Pradesh - 2024,29-Nov 4am,11144,,,,
Madhya Pradesh - 2024,29-Nov 5am,11486,,,,
Madhya Pradesh - 2024,29-Nov 6am,13895,,,,
Madhya Pradesh - 2024,29-Nov 7am,16219,,,,
Madhya Pradesh - 2024,29-Nov 8am,17025,,,,
Madhya Pradesh - 2024,29-Nov 9am,17533,,,,
Madhya Pradesh - 2024,29-Nov 10am,17307,,,,
Madhya Pradesh - 2024,29-Nov 11am,16917,,,,
Madhya Pradesh - 2024,29-Nov 12pm,16489,,,,
Madhya Pradesh - 2024,29-Nov 1pm,16634,,,,
Madhya Pradesh - 2024,29-Nov 2pm,16040,,,,
Madhya Pradesh - 2024,29-Nov 3pm,16209,,,,
Madhya Pradesh - 2024,29-Nov 4pm,16148,,,,
Madhya Pradesh - 2024,29-Nov 5pm,15581,,,,
Madhya Pradesh - 2024,29-Nov 6pm,14388,,,,
Madhya Pradesh - 2024,29-Nov 7pm,13413,,,,
Madhya Pradesh - 2024,29-Nov 8pm,11511,,,,
Madhya Pradesh - 2024,29-Nov 9pm,10441,,,,
Madhya Pradesh - 2024,29-Nov 10pm,11401,,,,
Madhya Pradesh - 2024,29-Nov 11pm,11488,,,,
Madhya Pradesh - 2024,30-Nov 12am,11353,,,,
Madhya Pradesh - 2024,30-Nov 1am,10865,,,,
Madhya Pradesh - 2024,30-Nov 2am,10739,,,,
Madhya Pradesh - 2024,30-Nov 3am,10890,,,,
Madhya Pradesh - 2024,30-Nov 4am,10785,,,,
Madhya Pradesh - 2024,30-Nov 5am,11257,,,,
Madhya Pradesh - 2024,30-Nov 6am,13735,,,,
Madhya Pradesh - 2024,30-Nov 7am,16342,,,,
Madhya Pradesh - 2024,30-Nov 8am,17180,,,,
Madhya Pradesh - 2024,30-Nov 9am,17629,,,,
Madhya Pradesh - 2024,30-Nov 10am,17413,,,,
Madhya Pradesh - 2024,30-Nov 11am,16842,,,,
Madhya Pradesh - 2024,30-Nov 12pm,16464,,,,
Madhya Pradesh - 2024,30-Nov 1pm,16691,,,,
Madhya Pradesh - 2024,30-Nov 2pm,16459,,,,
Madhya Pradesh - 2024,30-Nov 3pm,16379,,,,
Madhya Pradesh - 2024,30-Nov 4pm,16287,,,,
Madhya Pradesh - 2024,30-Nov 5pm,15959,,,,
Madhya Pradesh - 2024,30-Nov 6pm,14377,,,,
Madhya Pradesh - 2024,30-Nov 7pm,13332,,,,
Madhya Pradesh - 2024,30-Nov 8pm,11385,,,,
Madhya Pradesh - 2024,30-Nov 9pm,10376,,,,
Madhya Pradesh - 2024,30-Nov 10pm,11201,,,,
Madhya Pradesh - 2024,30-Nov 11pm,11282,,,,
Madhya Pradesh - 2024,01-Dec 12am,11136,,,,
Madhya Pradesh - 2024,01-Dec 1am,10617,,,,
Madhya Pradesh - 2024,01-Dec 2am,10529,,,,
Madhya Pradesh - 2024,01-Dec 3am,10625,,,,
Madhya Pradesh - 2024,01-Dec 4am,10858,,,,
Madhya Pradesh - 2024,01-Dec 5am,11048,,,,
Madhya Pradesh - 2024,01-Dec 6am,13069,,,,
Madhya Pradesh - 2024,01-Dec 7am,15481,,,,
Madhya Pradesh - 2024,01-Dec 8am,16846,,,,
Madhya Pradesh - 2024,01-Dec 9am,17685,,,,
Madhya Pradesh - 2024,01-Dec 10am,17551,,,,
Madhya Pradesh - 2024,01-Dec 11am,17108,,,,
Madhya Pradesh - 2024,01-Dec 12pm,16625,,,,
Madhya Pradesh - 2024,01-Dec 1pm,16666,,,,
Madhya Pradesh - 2024,01-Dec 2pm,16077,,,,
Madhya Pradesh - 2024,01-Dec 3pm,16050,,,,
Madhya Pradesh - 2024,01-Dec 4pm,16028,,,,
Madhya Pradesh - 2024,01-Dec 5pm,15327,,,,
Madhya Pradesh - 2024,01-Dec 6pm,13729,,,,
Madhya Pradesh - 2024,01-Dec 7pm,12772,,,,
Madhya Pradesh - 2024,01-Dec 8pm,11134,,,,
Madhya Pradesh - 2024,01-Dec 9pm,10119,,,,
Madhya Pradesh - 2024,01-Dec 10pm,10951,,,,
Madhya Pradesh - 2024,01-Dec 11pm,11014,,,,
Madhya Pradesh - 2024,02-Dec 12am,10884,,,,
Madhya Pradesh - 2024,02-Dec 1am,10433,,,,
Madhya Pradesh - 2024,02-Dec 2am,10079,,,,
Madhya Pradesh - 2024,02-Dec 3am,10270,,,,
Madhya Pradesh - 2024,02-Dec 4am,10627,,,,
Madhya Pradesh - 2024,02-Dec 5am,10923,,,,
Madhya Pradesh - 2024,02-Dec 6am,13075,,,,
Madhya Pradesh - 2024,02-Dec 7am,16015,,,,
Madhya Pradesh - 2024,02-Dec 8am,16971,,,,
Madhya Pradesh - 2024,02-Dec 9am,17494,,,,
Madhya Pradesh - 2024,02-Dec 10am,17309,,,,
Madhya Pradesh - 2024,02-Dec 11am,16683,,,,
Madhya Pradesh - 2024,02-Dec 12pm,16249,,,,
Madhya Pradesh - 2024,02-Dec 1pm,16329,,,,
Madhya Pradesh - 2024,02-Dec 2pm,16221,,,,
Madhya Pradesh - 2024,02-Dec 3pm,16039,,,,
Madhya Pradesh - 2024,02-Dec 4pm,15933,,,,
Madhya Pradesh - 2024,02-Dec 5pm,15557,,,,
Madhya Pradesh - 2024,02-Dec 6pm,14064,,,,
Madhya Pradesh - 2024,02-Dec 7pm,13003,,,,
Madhya Pradesh - 2024,02-Dec 8pm,11466,,,,
Madhya Pradesh - 2024,02-Dec 9pm,10498,,,,
Madhya Pradesh - 2024,02-Dec 10pm,11371,,,,
Madhya Pradesh - 2024,02-Dec 11pm,11483,,,,
Madhya Pradesh - 2024,03-Dec 12am,11246,,,,
Madhya Pradesh - 2024,03-Dec 1am,10744,,,,
Madhya Pradesh - 2024,03-Dec 2am,10511,,,,
Madhya Pradesh - 2024,03-Dec 3am,10619,,,,
Madhya Pradesh - 2024,03-Dec 4am,10849,,,,
Madhya Pradesh - 2024,03-Dec 5am,11254,,,,
Madhya Pradesh - 2024,03-Dec 6am,13457,,,,
Madhya Pradesh - 2024,03-Dec 7am,16089,,,,
Madhya Pradesh - 2024,03-Dec 8am,17197,,,,
Madhya Pradesh - 2024,03-Dec 9am,17795,,,,
Madhya Pradesh - 2024,03-Dec 10am,17204,,,,
Madhya Pradesh - 2024,03-Dec 11am,16642,,,,
Madhya Pradesh - 2024,03-Dec 12pm,16171,,,,
Madhya Pradesh - 2024,03-Dec 1pm,16518,,,,
Madhya Pradesh - 2024,03-Dec 2pm,15944,,,,
Madhya Pradesh - 2024,03-Dec 3pm,16259,,,,
Madhya Pradesh - 2024,03-Dec 4pm,16103,,,,
Madhya Pradesh - 2024,03-Dec 5pm,15515,,,,
Madhya Pradesh - 2024,03-Dec 6pm,14005,,,,
Madhya Pradesh - 2024,03-Dec 7pm,12932,,,,
Madhya Pradesh - 2024,03-Dec 8pm,11080,,,,
Madhya Pradesh - 2024,03-Dec 9pm,10290,,,,
Madhya Pradesh - 2024,03-Dec 10pm,11347,,,,
Madhya Pradesh - 2024,03-Dec 11pm,11462,,,,
Madhya Pradesh - 2024,04-Dec 12am,11211,,,,
Madhya Pradesh - 2024,04-Dec 1am,10777,,,,
Madhya Pradesh - 2024,04-Dec 2am,10632,,,,
Madhya Pradesh - 2024,04-Dec 3am,10754,,,,
Madhya Pradesh - 2024,04-Dec 4am,10939,,,,
Madhya Pradesh - 2024,04-Dec 5am,11469,,,,
Madhya Pradesh - 2024,04-Dec 6am,13851,,,,
Madhya Pradesh - 2024,04-Dec 7am,16647,,,,
Madhya Pradesh - 2024,04-Dec 8am,17530,,,,
Madhya Pradesh - 2024,04-Dec 9am,17949,,,,
Madhya Pradesh - 2024,04-Dec 10am,17497,,,,
Madhya Pradesh - 2024,04-Dec 11am,16862,,,,
Madhya Pradesh - 2024,04-Dec 12pm,16546,,,,
Madhya Pradesh - 2024,04-Dec 1pm,16495,,,,
Madhya Pradesh - 2024,04-Dec 2pm,16298,,,,
Madhya Pradesh - 2024,04-Dec 3pm,16265,,,,
Madhya Pradesh - 2024,04-Dec 4pm,16144,,,,
Madhya Pradesh - 2024,04-Dec 5pm,15539,,,,
Madhya Pradesh - 2024,04-Dec 6pm,14046,,,,
Madhya Pradesh - 2024,04-Dec 7pm,13018,,,,
Madhya Pradesh - 2024,04-Dec 8pm,11269,,,,
Madhya Pradesh - 2024,04-Dec 9pm,10426,,,,
Madhya Pradesh - 2024,04-Dec 10pm,11245,,,,
Madhya Pradesh - 2024,04-Dec 11pm,11429,,,,
Madhya Pradesh - 2024,05-Dec 12am,11257,,,,
Madhya Pradesh - 2024,05-Dec 1am,10790,,,,
Madhya Pradesh - 2024,05-Dec 2am,10687,,,,
Madhya Pradesh - 2024,05-Dec 3am,10821,,,,
Madhya Pradesh - 2024,05-Dec 4am,11091,,,,
Madhya Pradesh - 2024,05-Dec 5am,11457,,,,
Madhya Pradesh - 2024,05-Dec 6am,13869,,,,
Madhya Pradesh - 2024,05-Dec 7am,16523,,,,
Madhya Pradesh - 2024,05-Dec 8am,17406,,,,
Madhya Pradesh - 2024,05-Dec 9am,17715,,,,
Madhya Pradesh - 2024,05-Dec 10am,17306,,,,
Madhya Pradesh - 2024,05-Dec 11am,16740,,,,
Madhya Pradesh - 2024,05-Dec 12pm,16328,,,,
Madhya Pradesh - 2024,05-Dec 1pm,16365,,,,
Madhya Pradesh - 2024,05-Dec 2pm,15961,,,,
Madhya Pradesh - 2024,05-Dec 3pm,16252,,,,
Madhya Pradesh - 2024,05-Dec 4pm,15800,,,,
Madhya Pradesh - 2024,05-Dec 5pm,15415,,,,
Madhya Pradesh - 2024,05-Dec 6pm,14136,,,,
Madhya Pradesh - 2024,05-Dec 7pm,13108,,,,
Madhya Pradesh - 2024,05-Dec 8pm,11365,,,,
Madhya Pradesh - 2024,05-Dec 9pm,10605,,,,
Madhya Pradesh - 2024,05-Dec 10pm,11549,,,,
Madhya Pradesh - 2024,05-Dec 11pm,11698,,,,
Madhya Pradesh - 2024,06-Dec 12am,11439,,,,
Madhya Pradesh - 2024,06-Dec 1am,10964,,,,
Madhya Pradesh - 2024,06-Dec 2am,10773,,,,
Madhya Pradesh - 2024,06-Dec 3am,10923,,,,
Madhya Pradesh - 2024,06-Dec 4am,11099,,,,
Madhya Pradesh - 2024,06-Dec 5am,11474,,,,
Madhya Pradesh - 2024,06-Dec 6am,13853,,,,
Madhya Pradesh - 2024,06-Dec 7am,16633,,,,
Madhya Pradesh - 2024,06-Dec 8am,17492,,,,
Madhya Pradesh - 2024,06-Dec 9am,18110,,,,
Madhya Pradesh - 2024,06-Dec 10am,17715,,,,
Madhya Pradesh - 2024,06-Dec 11am,16984,,,,
Madhya Pradesh - 2024,06-Dec 12pm,16612,,,,
Madhya Pradesh - 2024,06-Dec 1pm,16563,,,,
Madhya Pradesh - 2024,06-Dec 2pm,16170,,,,
Madhya Pradesh - 2024,06-Dec 3pm,16411,,,,
Madhya Pradesh - 2024,06-Dec 4pm,16267,,,,
Madhya Pradesh - 2024,06-Dec 5pm,15609,,,,
Madhya Pradesh - 2024,06-Dec 6pm,14284,,,,
Madhya Pradesh - 2024,06-Dec 7pm,13267,,,,
Madhya Pradesh - 2024,06-Dec 8pm,11356,,,,
Madhya Pradesh - 2024,06-Dec 9pm,10535,,,,
Madhya Pradesh - 2024,06-Dec 10pm,11418,,,,
Madhya Pradesh - 2024,06-Dec 11pm,11630,,,,
Madhya Pradesh - 2024,07-Dec 12am,11352,,,,
Madhya Pradesh - 2024,07-Dec 1am,10863,,,,
Madhya Pradesh - 2024,07-Dec 2am,10696,,,,
Madhya Pradesh - 2024,07-Dec 3am,10861,,,,
Madhya Pradesh - 2024,07-Dec 4am,11094,,,,
Madhya Pradesh - 2024,07-Dec 5am,11565,,,,
Madhya Pradesh - 2024,07-Dec 6am,13942,,,,
Madhya Pradesh - 2024,07-Dec 7am,16375,,,,
Madhya Pradesh - 2024,07-Dec 8am,17418,,,,
Madhya Pradesh - 2024,07-Dec 9am,17943,,,,
Madhya Pradesh - 2024,07-Dec 10am,17464,,,,
Madhya Pradesh - 2024,07-Dec 11am,16895,,,,
Madhya Pradesh - 2024,07-Dec 12pm,16253,,,,
Madhya Pradesh - 2024,07-Dec 1pm,16564,,,,
Madhya Pradesh - 2024,07-Dec 2pm,16211,,,,
Madhya Pradesh - 2024,07-Dec 3pm,16303,,,,
Madhya Pradesh - 2024,07-Dec 4pm,16209,,,,
Madhya Pradesh - 2024,07-Dec 5pm,15838,,,,
Madhya Pradesh - 2024,07-Dec 6pm,14395,,,,
Madhya Pradesh - 2024,07-Dec 7pm,13276,,,,
Madhya Pradesh - 2024,07-Dec 8pm,11471,,,,
Madhya Pradesh - 2024,07-Dec 9pm,10508,,,,
Madhya Pradesh - 2024,07-Dec 10pm,11448,,,,
Madhya Pradesh - 2024,07-Dec 11pm,11613,,,,
Madhya Pradesh - 2024,08-Dec 12am,11432,,,,
Madhya Pradesh - 2024,08-Dec 1am,10923,,,,
Madhya Pradesh - 2024,08-Dec 2am,10686,,,,
Madhya Pradesh - 2024,08-Dec 3am,10905,,,,
Madhya Pradesh - 2024,08-Dec 4am,11159,,,,
Madhya Pradesh - 2024,08-Dec 5am,11424,,,,
Madhya Pradesh - 2024,08-Dec 6am,13513,,,,
Madhya Pradesh - 2024,08-Dec 7am,15959,,,,
Madhya Pradesh - 2024,08-Dec 8am,17109,,,,
Madhya Pradesh - 2024,08-Dec 9am,17741,,,,
Madhya Pradesh - 2024,08-Dec 10am,17572,,,,
Madhya Pradesh - 2024,08-Dec 11am,17013,,,,
Madhya Pradesh - 2024,08-Dec 12pm,16541,,,,
Madhya Pradesh - 2024,08-Dec 1pm,16682,,,,
Madhya Pradesh - 2024,08-Dec 2pm,16117,,,,
Madhya Pradesh - 2024,08-Dec 3pm,16316,,,,
Madhya Pradesh - 2024,08-Dec 4pm,15992,,,,
Madhya Pradesh - 2024,08-Dec 5pm,15512,,,,
Madhya Pradesh - 2024,08-Dec 6pm,13940,,,,
Madhya Pradesh - 2024,08-Dec 7pm,12923,,,,
Madhya Pradesh - 2024,08-Dec 8pm,11087,,,,
Madhya Pradesh - 2024,08-Dec 9pm,10197,,,,
Madhya Pradesh - 2024,08-Dec 10pm,11179,,,,
Madhya Pradesh - 2024,08-Dec 11pm,11316,,,,
Madhya Pradesh - 2024,09-Dec 12am,11025,,,,
Madhya Pradesh - 2024,09-Dec 1am,10608,,,,
Madhya Pradesh - 2024,09-Dec 2am,10406,,,,
Madhya Pradesh - 2024,09-Dec 3am,10394,,,,
Madhya Pradesh - 2024,09-Dec 4am,10678,,,,
Madhya Pradesh - 2024,09-Dec 5am,11110,,,,
Madhya Pradesh - 2024,09-Dec 6am,13379,,,,
Madhya Pradesh - 2024,09-Dec 7am,16091,,,,
Madhya Pradesh - 2024,09-Dec 8am,17200,,,,
Madhya Pradesh - 2024,09-Dec 9am,17908,,,,
Madhya Pradesh - 2024,09-Dec 10am,17536,,,,
Madhya Pradesh - 2024,09-Dec 11am,16854,,,,
Madhya Pradesh - 2024,09-Dec 12pm,16508,,,,
Madhya Pradesh - 2024,09-Dec 1pm,16542,,,,
Madhya Pradesh - 2024,09-Dec 2pm,16151,,,,
Madhya Pradesh - 2024,09-Dec 3pm,16259,,,,
Madhya Pradesh - 2024,09-Dec 4pm,16183,,,,
Madhya Pradesh - 2024,09-Dec 5pm,15770,,,,
Madhya Pradesh - 2024,09-Dec 6pm,14364,,,,
Madhya Pradesh - 2024,09-Dec 7pm,13372,,,,
Madhya Pradesh - 2024,09-Dec 8pm,11470,,,,
Madhya Pradesh - 2024,09-Dec 9pm,10244,,,,
Madhya Pradesh - 2024,09-Dec 10pm,10947,,,,
Madhya Pradesh - 2024,09-Dec 11pm,10964,,,,
Madhya Pradesh - 2024,10-Dec 12am,10757,,,,
Madhya Pradesh - 2024,10-Dec 1am,10112,,,,
Madhya Pradesh - 2024,10-Dec 2am,10074,,,,
Madhya Pradesh - 2024,10-Dec 3am,10063,,,,
Madhya Pradesh - 2024,10-Dec 4am,10262,,,,
Madhya Pradesh - 2024,10-Dec 5am,10637,,,,
Madhya Pradesh - 2024,10-Dec 6am,12934,,,,
Madhya Pradesh - 2024,10-Dec 7am,15630,,,,
Madhya Pradesh - 2024,10-Dec 8am,16923,,,,
Madhya Pradesh - 2024,10-Dec 9am,17697,,,,
Madhya Pradesh - 2024,10-Dec 10am,17227,,,,
Madhya Pradesh - 2024,10-Dec 11am,16592,,,,
Madhya Pradesh - 2024,10-Dec 12pm,16252,,,,
Madhya Pradesh - 2024,10-Dec 1pm,16683,,,,
Madhya Pradesh - 2024,10-Dec 2pm,16261,,,,
Madhya Pradesh - 2024,10-Dec 3pm,16415,,,,
Madhya Pradesh - 2024,10-Dec 4pm,16388,,,,
Madhya Pradesh - 2024,10-Dec 5pm,16062,,,,
Madhya Pradesh - 2024,10-Dec 6pm,14596,,,,
Madhya Pradesh - 2024,10-Dec 7pm,13642,,,,
Madhya Pradesh - 2024,10-Dec 8pm,11730,,,,
Madhya Pradesh - 2024,10-Dec 9pm,10401,,,,
Madhya Pradesh - 2024,10-Dec 10pm,10982,,,,
Madhya Pradesh - 2024,10-Dec 11pm,10913,,,,
Madhya Pradesh - 2024,11-Dec 12am,10763,,,,
Madhya Pradesh - 2024,11-Dec 1am,10225,,,,
Madhya Pradesh - 2024,11-Dec 2am,10020,,,,
Madhya Pradesh - 2024,11-Dec 3am,10092,,,,
Madhya Pradesh - 2024,11-Dec 4am,10319,,,,
Madhya Pradesh - 2024,11-Dec 5am,10791,,,,
Madhya Pradesh - 2024,11-Dec 6am,13026,,,,
Madhya Pradesh - 2024,11-Dec 7am,16000,,,,
Madhya Pradesh - 2024,11-Dec 8am,17156,,,,
Madhya Pradesh - 2024,11-Dec 9am,17969,,,,
Madhya Pradesh - 2024,11-Dec 10am,17725,,,,
Madhya Pradesh - 2024,11-Dec 11am,17009,,,,
Madhya Pradesh - 2024,11-Dec 12pm,16661,,,,
Madhya Pradesh - 2024,11-Dec 1pm,16733,,,,
Madhya Pradesh - 2024,11-Dec 2pm,16454,,,,
Madhya Pradesh - 2024,11-Dec 3pm,16468,,,,
Madhya Pradesh - 2024,11-Dec 4pm,16426,,,,
Madhya Pradesh - 2024,11-Dec 5pm,16143,,,,
Madhya Pradesh - 2024,11-Dec 6pm,14725,,,,
Madhya Pradesh - 2024,11-Dec 7pm,13825,,,,
Madhya Pradesh - 2024,11-Dec 8pm,11783,,,,
Madhya Pradesh - 2024,11-Dec 9pm,10503,,,,
Madhya Pradesh - 2024,11-Dec 10pm,11256,,,,
Madhya Pradesh - 2024,11-Dec 11pm,11098,,,,
Madhya Pradesh - 2024,12-Dec 12am,10956,,,,
Madhya Pradesh - 2024,12-Dec 1am,10322,,,,
Madhya Pradesh - 2024,12-Dec 2am,10074,,,,
Madhya Pradesh - 2024,12-Dec 3am,10237,,,,
Madhya Pradesh - 2024,12-Dec 4am,10491,,,,
Madhya Pradesh - 2024,12-Dec 5am,10885,,,,
Madhya Pradesh - 2024,12-Dec 6am,13301,,,,
Madhya Pradesh - 2024,12-Dec 7am,16174,,,,
Madhya Pradesh - 2024,12-Dec 8am,17374,,,,
Madhya Pradesh - 2024,12-Dec 9am,18228,,,,
Madhya Pradesh - 2024,12-Dec 10am,17772,,,,
Madhya Pradesh - 2024,12-Dec 11am,17772,,,,
Madhya Pradesh - 2024,12-Dec 12pm,17772,,,,
Madhya Pradesh - 2024,12-Dec 1pm,17772,,,,
Madhya Pradesh - 2024,12-Dec 2pm,16221,,,,
Madhya Pradesh - 2024,12-Dec 3pm,16396,,,,
Madhya Pradesh - 2024,12-Dec 4pm,16550,,,,
Madhya Pradesh - 2024,12-Dec 5pm,16078,,,,
Madhya Pradesh - 2024,12-Dec 6pm,15474,,,,
Madhya Pradesh - 2024,12-Dec 7pm,13835,,,,
Madhya Pradesh - 2024,12-Dec 8pm,11807,,,,
Madhya Pradesh - 2024,12-Dec 9pm,10637,,,,
Madhya Pradesh - 2024,12-Dec 10pm,11228,,,,
Madhya Pradesh - 2024,12-Dec 11pm,11164,,,,
Madhya Pradesh - 2024,13-Dec 12am,10832,,,,
Madhya Pradesh - 2024,13-Dec 1am,10326,,,,
Madhya Pradesh - 2024,13-Dec 2am,10044,,,,
Madhya Pradesh - 2024,13-Dec 3am,10248,,,,
Madhya Pradesh - 2024,13-Dec 4am,10424,,,,
Madhya Pradesh - 2024,13-Dec 5am,10900,,,,
Madhya Pradesh - 2024,13-Dec 6am,13186,,,,
Madhya Pradesh - 2024,13-Dec 7am,16369,,,,
Madhya Pradesh - 2024,13-Dec 8am,17602,,,,
Madhya Pradesh - 2024,13-Dec 9am,18450,,,,
Madhya Pradesh - 2024,13-Dec 10am,18083,,,,
Madhya Pradesh - 2024,13-Dec 11am,17260,,,,
Madhya Pradesh - 2024,13-Dec 12pm,16871,,,,
Madhya Pradesh - 2024,13-Dec 1pm,16852,,,,
Madhya Pradesh - 2024,13-Dec 2pm,16446,,,,
Madhya Pradesh - 2024,13-Dec 3pm,16345,,,,
Madhya Pradesh - 2024,13-Dec 4pm,16451,,,,
Madhya Pradesh - 2024,13-Dec 5pm,15967,,,,
Madhya Pradesh - 2024,13-Dec 6pm,14770,,,,
Madhya Pradesh - 2024,13-Dec 7pm,13970,,,,
Madhya Pradesh - 2024,13-Dec 8pm,11968,,,,
Madhya Pradesh - 2024,13-Dec 9pm,10691,,,,
Madhya Pradesh - 2024,13-Dec 10pm,11262,,,,
Madhya Pradesh - 2024,13-Dec 11pm,11075,,,,
Madhya Pradesh - 2024,14-Dec 12am,10714,,,,
Madhya Pradesh - 2024,14-Dec 1am,10212,,,,
Madhya Pradesh - 2024,14-Dec 2am,10031,,,,
Madhya Pradesh - 2024,14-Dec 3am,10150,,,,
Madhya Pradesh - 2024,14-Dec 4am,10362,,,,
Madhya Pradesh - 2024,14-Dec 5am,10766,,,,
Madhya Pradesh - 2024,14-Dec 6am,13091,,,,
Madhya Pradesh - 2024,14-Dec 7am,16091,,,,
Madhya Pradesh - 2024,14-Dec 8am,17462,,,,
Madhya Pradesh - 2024,14-Dec 9am,18305,,,,
Madhya Pradesh - 2024,14-Dec 10am,18094,,,,
Madhya Pradesh - 2024,14-Dec 11am,17425,,,,
Madhya Pradesh - 2024,14-Dec 12pm,16885,,,,
Madhya Pradesh - 2024,14-Dec 1pm,16917,,,,
Madhya Pradesh - 2024,14-Dec 2pm,16546,,,,
Madhya Pradesh - 2024,14-Dec 3pm,16579,,,,
Madhya Pradesh - 2024,14-Dec 4pm,16506,,,,
Madhya Pradesh - 2024,14-Dec 5pm,15968,,,,
Madhya Pradesh - 2024,14-Dec 6pm,14957,,,,
Madhya Pradesh - 2024,14-Dec 7pm,14027,,,,
Madhya Pradesh - 2024,14-Dec 8pm,11997,,,,
Madhya Pradesh - 2024,14-Dec 9pm,10733,,,,
Madhya Pradesh - 2024,14-Dec 10pm,11186,,,,
Madhya Pradesh - 2024,14-Dec 11pm,11069,,,,
Madhya Pradesh - 2024,15-Dec 12am,10847,,,,
Madhya Pradesh - 2024,15-Dec 1am,10314,,,,
Madhya Pradesh - 2024,15-Dec 2am,10109,,,,
Madhya Pradesh - 2024,15-Dec 3am,10253,,,,
Madhya Pradesh - 2024,15-Dec 4am,10405,,,,
Madhya Pradesh - 2024,15-Dec 5am,10794,,,,
Madhya Pradesh - 2024,15-Dec 6am,12858,,,,
Madhya Pradesh - 2024,15-Dec 7am,15625,,,,
Madhya Pradesh - 2024,15-Dec 8am,17139,,,,
Madhya Pradesh - 2024,15-Dec 9am,18084,,,,
Madhya Pradesh - 2024,15-Dec 10am,17898,,,,
Madhya Pradesh - 2024,15-Dec 11am,17287,,,,
Madhya Pradesh - 2024,15-Dec 12pm,16850,,,,
Madhya Pradesh - 2024,15-Dec 1pm,16848,,,,
Madhya Pradesh - 2024,15-Dec 2pm,16436,,,,
Madhya Pradesh - 2024,15-Dec 3pm,16506,,,,
Madhya Pradesh - 2024,15-Dec 4pm,16362,,,,
Madhya Pradesh - 2024,15-Dec 5pm,15938,,,,
Madhya Pradesh - 2024,15-Dec 6pm,14387,,,,
Madhya Pradesh - 2024,15-Dec 7pm,13580,,,,
Madhya Pradesh - 2024,15-Dec 8pm,11767,,,,
Madhya Pradesh - 2024,15-Dec 9pm,10518,,,,
Madhya Pradesh - 2024,15-Dec 10pm,10992,,,,
Madhya Pradesh - 2024,15-Dec 11pm,10910,,,,
Madhya Pradesh - 2024,16-Dec 12am,10533,,,,
Madhya Pradesh - 2024,16-Dec 1am,10101,,,,
Madhya Pradesh - 2024,16-Dec 2am,9918,,,,
Madhya Pradesh - 2024,16-Dec 3am,10042,,,,
Madhya Pradesh - 2024,16-Dec 4am,10332,,,,
Madhya Pradesh - 2024,16-Dec 5am,10839,,,,
Madhya Pradesh - 2024,16-Dec 6am,13211,,,,
Madhya Pradesh - 2024,16-Dec 7am,16471,,,,
Madhya Pradesh - 2024,16-Dec 8am,17703,,,,
Madhya Pradesh - 2024,16-Dec 9am,18532,,,,
Madhya Pradesh - 2024,16-Dec 10am,18076,,,,
Madhya Pradesh - 2024,16-Dec 11am,17469,,,,
Madhya Pradesh - 2024,16-Dec 12pm,16923,,,,
Madhya Pradesh - 2024,16-Dec 1pm,17039,,,,
Madhya Pradesh - 2024,16-Dec 2pm,16584,,,,
Madhya Pradesh - 2024,16-Dec 3pm,16744,,,,
Madhya Pradesh - 2024,16-Dec 4pm,16789,,,,
Madhya Pradesh - 2024,16-Dec 5pm,16516,,,,
Madhya Pradesh - 2024,16-Dec 6pm,14957,,,,
Madhya Pradesh - 2024,16-Dec 7pm,14154,,,,
Madhya Pradesh - 2024,16-Dec 8pm,12157,,,,
Madhya Pradesh - 2024,16-Dec 9pm,10889,,,,
Madhya Pradesh - 2024,16-Dec 10pm,11403,,,,
Madhya Pradesh - 2024,16-Dec 11pm,11372,,,,
Madhya Pradesh - 2024,17-Dec 12am,11049,,,,
Madhya Pradesh - 2024,17-Dec 1am,10643,,,,
Madhya Pradesh - 2024,17-Dec 2am,10280,,,,
Madhya Pradesh - 2024,17-Dec 3am,10466,,,,
Madhya Pradesh - 2024,17-Dec 4am,10768,,,,
Madhya Pradesh - 2024,17-Dec 5am,11211,,,,
Madhya Pradesh - 2024,17-Dec 6am,13478,,,,
Madhya Pradesh - 2024,17-Dec 7am,16241,,,,
Madhya Pradesh - 2024,17-Dec 8am,17849,,,,
Madhya Pradesh - 2024,17-Dec 9am,18529,,,,
Madhya Pradesh - 2024,17-Dec 10am,18064,,,,
Madhya Pradesh - 2024,17-Dec 11am,17633,,,,
Madhya Pradesh - 2024,17-Dec 12pm,17241,,,,
Madhya Pradesh - 2024,17-Dec 1pm,17351,,,,
Madhya Pradesh - 2024,17-Dec 2pm,16785,,,,
Madhya Pradesh - 2024,17-Dec 3pm,16885,,,,
Madhya Pradesh - 2024,17-Dec 4pm,16893,,,,
Madhya Pradesh - 2024,17-Dec 5pm,16376,,,,
Madhya Pradesh - 2024,17-Dec 6pm,15190,,,,
Madhya Pradesh - 2024,17-Dec 7pm,14030,,,,
Madhya Pradesh - 2024,17-Dec 8pm,12235,,,,
Madhya Pradesh - 2024,17-Dec 9pm,11011,,,,
Madhya Pradesh - 2024,17-Dec 10pm,11667,,,,
Madhya Pradesh - 2024,17-Dec 11pm,11443,,,,
Madhya Pradesh - 2024,18-Dec 12am,11223,,,,
Madhya Pradesh - 2024,18-Dec 1am,10790,,,,
Madhya Pradesh - 2024,18-Dec 2am,10534,,,,
Madhya Pradesh - 2024,18-Dec 3am,10754,,,,
Madhya Pradesh - 2024,18-Dec 4am,10908,,,,
Madhya Pradesh - 2024,18-Dec 5am,11359,,,,
Madhya Pradesh - 2024,18-Dec 6am,13772,,,,
Madhya Pradesh - 2024,18-Dec 7am,16834,,,,
Madhya Pradesh - 2024,18-Dec 8am,18035,,,,
Madhya Pradesh - 2024,18-Dec 9am,18698,,,,
Madhya Pradesh - 2024,18-Dec 10am,18403,,,,
Madhya Pradesh - 2024,18-Dec 11am,17723,,,,
Madhya Pradesh - 2024,18-Dec 12pm,17464,,,,
Madhya Pradesh - 2024,18-Dec 1pm,17477,,,,
Madhya Pradesh - 2024,18-Dec 2pm,16787,,,,
Madhya Pradesh - 2024,18-Dec 3pm,17117,,,,
Madhya Pradesh - 2024,18-Dec 4pm,17076,,,,
Madhya Pradesh - 2024,18-Dec 5pm,16429,,,,
Madhya Pradesh - 2024,18-Dec 6pm,15223,,,,
Madhya Pradesh - 2024,18-Dec 7pm,14406,,,,
Madhya Pradesh - 2024,18-Dec 8pm,12371,,,,
Madhya Pradesh - 2024,18-Dec 9pm,11096,,,,
Madhya Pradesh - 2024,18-Dec 10pm,11670,,,,
Madhya Pradesh - 2024,18-Dec 11pm,11556,,,,
Madhya Pradesh - 2024,19-Dec 12am,11284,,,,
Madhya Pradesh - 2024,19-Dec 1am,10740,,,,
Madhya Pradesh - 2024,19-Dec 2am,10585,,,,
Madhya Pradesh - 2024,19-Dec 3am,10790,,,,
Madhya Pradesh - 2024,19-Dec 4am,11029,,,,
Madhya Pradesh - 2024,19-Dec 5am,11478,,,,
Madhya Pradesh - 2024,19-Dec 6am,13672,,,,
Madhya Pradesh - 2024,19-Dec 7am,16726,,,,
Madhya Pradesh - 2024,19-Dec 8am,17999,,,,
Madhya Pradesh - 2024,19-Dec 9am,18762,,,,
Madhya Pradesh - 2024,19-Dec 10am,18177,,,,
Madhya Pradesh - 2024,19-Dec 11am,17733,,,,
Madhya Pradesh - 2024,19-Dec 12pm,17217,,,,
Madhya Pradesh - 2024,19-Dec 1pm,17259,,,,
Madhya Pradesh - 2024,19-Dec 2pm,16933,,,,
Madhya Pradesh - 2024,19-Dec 3pm,16854,,,,
Madhya Pradesh - 2024,19-Dec 4pm,17031,,,,
Madhya Pradesh - 2024,19-Dec 5pm,16482,,,,
Madhya Pradesh - 2024,19-Dec 6pm,15168,,,,
Madhya Pradesh - 2024,19-Dec 7pm,14341,,,,
Madhya Pradesh - 2024,19-Dec 8pm,12283,,,,
Madhya Pradesh - 2024,19-Dec 9pm,11093,,,,
Madhya Pradesh - 2024,19-Dec 10pm,11898,,,,
Madhya Pradesh - 2024,19-Dec 11pm,11695,,,,
Madhya Pradesh - 2024,20-Dec 12am,11453,,,,
Madhya Pradesh - 2024,20-Dec 1am,10888,,,,
Madhya Pradesh - 2024,20-Dec 2am,10738,,,,
Madhya Pradesh - 2024,20-Dec 3am,10962,,,,
Madhya Pradesh - 2024,20-Dec 4am,11242,,,,
Madhya Pradesh - 2024,20-Dec 5am,11521,,,,
Madhya Pradesh - 2024,20-Dec 6am,13659,,,,
Madhya Pradesh - 2024,20-Dec 7am,16778,,,,
Madhya Pradesh - 2024,20-Dec 8am,18042,,,,
Madhya Pradesh - 2024,20-Dec 9am,18944,,,,
Madhya Pradesh - 2024,20-Dec 10am,18574,,,,
Madhya Pradesh - 2024,20-Dec 11am,18197,,,,
Madhya Pradesh - 2024,20-Dec 12pm,17561,,,,
Madhya Pradesh - 2024,20-Dec 1pm,17507,,,,
Madhya Pradesh - 2024,20-Dec 2pm,17042,,,,
Madhya Pradesh - 2024,20-Dec 3pm,17359,,,,
Madhya Pradesh - 2024,20-Dec 4pm,17205,,,,
Madhya Pradesh - 2024,20-Dec 5pm,16457,,,,
Madhya Pradesh - 2024,20-Dec 6pm,15176,,,,
Madhya Pradesh - 2024,20-Dec 7pm,14031,,,,
Madhya Pradesh - 2024,20-Dec 8pm,12175,,,,
Madhya Pradesh - 2024,20-Dec 9pm,10952,,,,
Madhya Pradesh - 2024,20-Dec 10pm,11718,,,,
Madhya Pradesh - 2024,20-Dec 11pm,11755,,,,
Madhya Pradesh - 2024,21-Dec 12am,11408,,,,
Madhya Pradesh - 2024,21-Dec 1am,11047,,,,
Madhya Pradesh - 2024,21-Dec 2am,10907,,,,
Madhya Pradesh - 2024,21-Dec 3am,11064,,,,
Madhya Pradesh - 2024,21-Dec 4am,11165,,,,
Madhya Pradesh - 2024,21-Dec 5am,11659,,,,
Madhya Pradesh - 2024,21-Dec 6am,13660,,,,
Madhya Pradesh - 2024,21-Dec 7am,16544,,,,
Madhya Pradesh - 2024,21-Dec 8am,17599,,,,
Madhya Pradesh - 2024,21-Dec 9am,18083,,,,
Madhya Pradesh - 2024,21-Dec 10am,18322,,,,
Madhya Pradesh - 2024,21-Dec 11am,17555,,,,
Madhya Pradesh - 2024,21-Dec 12pm,17062,,,,
Madhya Pradesh - 2024,21-Dec 1pm,17197,,,,
Madhya Pradesh - 2024,21-Dec 2pm,16659,,,,
Madhya Pradesh - 2024,21-Dec 3pm,16858,,,,
Madhya Pradesh - 2024,21-Dec 4pm,16630,,,,
Madhya Pradesh - 2024,21-Dec 5pm,15931,,,,
Madhya Pradesh - 2024,21-Dec 6pm,15229,,,,
Madhya Pradesh - 2024,21-Dec 7pm,13541,,,,
Madhya Pradesh - 2024,21-Dec 8pm,12221,,,,
Madhya Pradesh - 2024,21-Dec 9pm,11027,,,,
Madhya Pradesh - 2024,21-Dec 10pm,11681,,,,
Madhya Pradesh - 2024,21-Dec 11pm,11676,,,,
Madhya Pradesh - 2024,22-Dec 12am,11498,,,,
Madhya Pradesh - 2024,22-Dec 1am,11201,,,,
Madhya Pradesh - 2024,22-Dec 2am,10980,,,,
Madhya Pradesh - 2024,22-Dec 3am,11010,,,,
Madhya Pradesh - 2024,22-Dec 4am,11174,,,,
Madhya Pradesh - 2024,22-Dec 5am,11453,,,,
Madhya Pradesh - 2024,22-Dec 6am,13147,,,,
Madhya Pradesh - 2024,22-Dec 7am,15848,,,,
Madhya Pradesh - 2024,22-Dec 8am,17178,,,,
Madhya Pradesh - 2024,22-Dec 9am,17937,,,,
Madhya Pradesh - 2024,22-Dec 10am,17921,,,,
Madhya Pradesh - 2024,22-Dec 11am,17414,,,,
Madhya Pradesh - 2024,22-Dec 12pm,17157,,,,
Madhya Pradesh - 2024,22-Dec 1pm,17183,,,,
Madhya Pradesh - 2024,22-Dec 2pm,16678,,,,
Madhya Pradesh - 2024,22-Dec 3pm,16841,,,,
Madhya Pradesh - 2024,22-Dec 4pm,16668,,,,
Madhya Pradesh - 2024,22-Dec 5pm,15643,,,,
Madhya Pradesh - 2024,22-Dec 6pm,14640,,,,
Madhya Pradesh - 2024,22-Dec 7pm,13880,,,,
Madhya Pradesh - 2024,22-Dec 8pm,12071,,,,
Madhya Pradesh - 2024,22-Dec 9pm,10836,,,,
Madhya Pradesh - 2024,22-Dec 10pm,11468,,,,
Madhya Pradesh - 2024,22-Dec 11pm,11411,,,,
Madhya Pradesh - 2024,23-Dec 12am,11263,,,,
Madhya Pradesh - 2024,23-Dec 1am,11069,,,,
Madhya Pradesh - 2024,23-Dec 2am,10906,,,,
Madhya Pradesh - 2024,23-Dec 3am,11049,,,,
Madhya Pradesh - 2024,23-Dec 4am,11148,,,,
Madhya Pradesh - 2024,23-Dec 5am,11558,,,,
Madhya Pradesh - 2024,23-Dec 6am,13698,,,,
Madhya Pradesh - 2024,23-Dec 7am,16161,,,,
Madhya Pradesh - 2024,23-Dec 8am,16944,,,,
Madhya Pradesh - 2024,23-Dec 9am,17513,,,,
Madhya Pradesh - 2024,23-Dec 10am,16919,,,,
Madhya Pradesh - 2024,23-Dec 11am,17144,,,,
Madhya Pradesh - 2024,23-Dec 12pm,16969,,,,
Madhya Pradesh - 2024,23-Dec 1pm,17264,,,,
Madhya Pradesh - 2024,23-Dec 2pm,16483,,,,
Madhya Pradesh - 2024,23-Dec 3pm,16188,,,,
Madhya Pradesh - 2024,23-Dec 4pm,15475,,,,
Madhya Pradesh - 2024,23-Dec 5pm,15010,,,,
Madhya Pradesh - 2024,23-Dec 6pm,14136,,,,
Madhya Pradesh - 2024,23-Dec 7pm,12939,,,,
Madhya Pradesh - 2024,23-Dec 8pm,11881,,,,
Madhya Pradesh - 2024,23-Dec 9pm,10690,,,,
Madhya Pradesh - 2024,23-Dec 10pm,11367,,,,
Madhya Pradesh - 2024,23-Dec 11pm,11314,,,,
Madhya Pradesh - 2024,24-Dec 12am,11034,,,,
Madhya Pradesh - 2024,24-Dec 1am,10706,,,,
Madhya Pradesh - 2024,24-Dec 2am,10692,,,,
Madhya Pradesh - 2024,24-Dec 3am,10845,,,,
Madhya Pradesh - 2024,24-Dec 4am,10790,,,,
Madhya Pradesh - 2024,24-Dec 5am,11223,,,,
Madhya Pradesh - 2024,24-Dec 6am,13117,,,,
Madhya Pradesh - 2024,24-Dec 7am,15730,,,,
Madhya Pradesh - 2024,24-Dec 8am,16304,,,,
Madhya Pradesh - 2024,24-Dec 9am,16787,,,,
Madhya Pradesh - 2024,24-Dec 10am,16904,,,,
Madhya Pradesh - 2024,24-Dec 11am,16760,,,,
Madhya Pradesh - 2024,24-Dec 12pm,16752,,,,
Madhya Pradesh - 2024,24-Dec 1pm,17169,,,,
Madhya Pradesh - 2024,24-Dec 2pm,16732,,,,
Madhya Pradesh - 2024,24-Dec 3pm,16656,,,,
Madhya Pradesh - 2024,24-Dec 4pm,16320,,,,
Madhya Pradesh - 2024,24-Dec 5pm,15857,,,,
Madhya Pradesh - 2024,24-Dec 6pm,14426,,,,
Madhya Pradesh - 2024,24-Dec 7pm,12989,,,,
Madhya Pradesh - 2024,24-Dec 8pm,11890,,,,
Madhya Pradesh - 2024,24-Dec 9pm,10719,,,,
Madhya Pradesh - 2024,24-Dec 10pm,11452,,,,
Madhya Pradesh - 2024,24-Dec 11pm,11342,,,,
Madhya Pradesh - 2024,25-Dec 12am,11079,,,,
Madhya Pradesh - 2024,25-Dec 1am,10895,,,,
Madhya Pradesh - 2024,25-Dec 2am,10976,,,,
Madhya Pradesh - 2024,25-Dec 3am,11012,,,,
Madhya Pradesh - 2024,25-Dec 4am,10969,,,,
Madhya Pradesh - 2024,25-Dec 5am,11130,,,,
Madhya Pradesh - 2024,25-Dec 6am,12780,,,,
Madhya Pradesh - 2024,25-Dec 7am,15681,,,,
Madhya Pradesh - 2024,25-Dec 8am,16995,,,,
Madhya Pradesh - 2024,25-Dec 9am,17568,,,,
Madhya Pradesh - 2024,25-Dec 10am,18278,,,,
Madhya Pradesh - 2024,25-Dec 11am,17424,,,,
Madhya Pradesh - 2024,25-Dec 12pm,17490,,,,
Madhya Pradesh - 2024,25-Dec 1pm,17564,,,,
Madhya Pradesh - 2024,25-Dec 2pm,16948,,,,
Madhya Pradesh - 2024,25-Dec 3pm,16887,,,,
Madhya Pradesh - 2024,25-Dec 4pm,16556,,,,
Madhya Pradesh - 2024,25-Dec 5pm,16059,,,,
Madhya Pradesh - 2024,25-Dec 6pm,15018,,,,
Madhya Pradesh - 2024,25-Dec 7pm,13890,,,,
Madhya Pradesh - 2024,25-Dec 8pm,11968,,,,
Madhya Pradesh - 2024,25-Dec 9pm,10974,,,,
Madhya Pradesh - 2024,25-Dec 10pm,11500,,,,
Madhya Pradesh - 2024,25-Dec 11pm,11351,,,,
Madhya Pradesh - 2024,26-Dec 12am,11163,,,,
Madhya Pradesh - 2024,26-Dec 1am,11097,,,,
Madhya Pradesh - 2024,26-Dec 2am,10756,,,,
Madhya Pradesh - 2024,26-Dec 3am,10986,,,,
Madhya Pradesh - 2024,26-Dec 4am,11042,,,,
Madhya Pradesh - 2024,26-Dec 5am,11251,,,,
Madhya Pradesh - 2024,26-Dec 6am,13277,,,,
Madhya Pradesh - 2024,26-Dec 7am,16220,,,,
Madhya Pradesh - 2024,26-Dec 8am,17168,,,,
Madhya Pradesh - 2024,26-Dec 9am,17648,,,,
Madhya Pradesh - 2024,26-Dec 10am,18116,,,,
Madhya Pradesh - 2024,26-Dec 11am,17539,,,,
Madhya Pradesh - 2024,26-Dec 12pm,16852,,,,
Madhya Pradesh - 2024,26-Dec 1pm,16795,,,,
Madhya Pradesh - 2024,26-Dec 2pm,16256,,,,
Madhya Pradesh - 2024,26-Dec 3pm,16198,,,,
Madhya Pradesh - 2024,26-Dec 4pm,15961,,,,
Madhya Pradesh - 2024,26-Dec 5pm,15882,,,,
Madhya Pradesh - 2024,26-Dec 6pm,14709,,,,
Madhya Pradesh - 2024,26-Dec 7pm,13734,,,,
Madhya Pradesh - 2024,26-Dec 8pm,11849,,,,
Madhya Pradesh - 2024,26-Dec 9pm,10764,,,,
Madhya Pradesh - 2024,26-Dec 10pm,11435,,,,
Madhya Pradesh - 2024,26-Dec 11pm,11502,,,,
Madhya Pradesh - 2024,27-Dec 12am,11291,,,,
Madhya Pradesh - 2024,27-Dec 1am,11080,,,,
Madhya Pradesh - 2024,27-Dec 2am,10899,,,,
Madhya Pradesh - 2024,27-Dec 3am,11125,,,,
Madhya Pradesh - 2024,27-Dec 4am,11059,,,,
Madhya Pradesh - 2024,27-Dec 5am,11407,,,,
Madhya Pradesh - 2024,27-Dec 6am,13260,,,,
Madhya Pradesh - 2024,27-Dec 7am,16185,,,,
Madhya Pradesh - 2024,27-Dec 8am,17324,,,,
Madhya Pradesh - 2024,27-Dec 9am,17736,,,,
Madhya Pradesh - 2024,27-Dec 10am,17723,,,,
Madhya Pradesh - 2024,27-Dec 11am,17388,,,,
Madhya Pradesh - 2024,27-Dec 12pm,16736,,,,
Madhya Pradesh - 2024,27-Dec 1pm,16842,,,,
Madhya Pradesh - 2024,27-Dec 2pm,16404,,,,
Madhya Pradesh - 2024,27-Dec 3pm,16174,,,,
Madhya Pradesh - 2024,27-Dec 4pm,15770,,,,
Madhya Pradesh - 2024,27-Dec 5pm,15052,,,,
Madhya Pradesh - 2024,27-Dec 6pm,14188,,,,
Madhya Pradesh - 2024,27-Dec 7pm,12912,,,,
Madhya Pradesh - 2024,27-Dec 8pm,11221,,,,
Madhya Pradesh - 2024,27-Dec 9pm,9962,,,,
Madhya Pradesh - 2024,27-Dec 10pm,9293,,,,
Madhya Pradesh - 2024,27-Dec 11pm,8766,,,,
Madhya Pradesh - 2024,28-Dec 12am,8062,,,,
Madhya Pradesh - 2024,28-Dec 1am,7737,,,,
Madhya Pradesh - 2024,28-Dec 2am,6949,,,,
Madhya Pradesh - 2024,28-Dec 3am,6838,,,,
Madhya Pradesh - 2024,28-Dec 4am,6782,,,,
Madhya Pradesh - 2024,28-Dec 5am,6901,,,,
Madhya Pradesh - 2024,28-Dec 6am,7990,,,,
Madhya Pradesh - 2024,28-Dec 7am,9211,,,,
Madhya Pradesh - 2024,28-Dec 8am,9917,,,,
Madhya Pradesh - 2024,28-Dec 9am,10164,,,,
Madhya Pradesh - 2024,28-Dec 10am,10160,,,,
Madhya Pradesh - 2024,28-Dec 11am,10079,,,,
Madhya Pradesh - 2024,28-Dec 12pm,9976,,,,
Madhya Pradesh - 2024,28-Dec 1pm,9761,,,,
Madhya Pradesh - 2024,28-Dec 2pm,9723,,,,
Madhya Pradesh - 2024,28-Dec 3pm,9844,,,,
Madhya Pradesh - 2024,28-Dec 4pm,10345,,,,
Madhya Pradesh - 2024,28-Dec 5pm,10721,,,,
Madhya Pradesh - 2024,28-Dec 6pm,10867,,,,
Madhya Pradesh - 2024,28-Dec 7pm,10229,,,,
Madhya Pradesh - 2024,28-Dec 8pm,8939,,,,
Madhya Pradesh - 2024,28-Dec 9pm,8145,,,,
Madhya Pradesh - 2024,28-Dec 10pm,7942,,,,
Madhya Pradesh - 2024,28-Dec 11pm,7590,,,,
Madhya Pradesh - 2024,29-Dec 12am,7276,,,,
Madhya Pradesh - 2024,29-Dec 1am,7012,,,,
Madhya Pradesh - 2024,29-Dec 2am,6970,,,,
Madhya Pradesh - 2024,29-Dec 3am,6941,,,,
Madhya Pradesh - 2024,29-Dec 4am,7111,,,,
Madhya Pradesh - 2024,29-Dec 5am,7487,,,,
Madhya Pradesh - 2024,29-Dec 6am,9146,,,,
Madhya Pradesh - 2024,29-Dec 7am,11239,,,,
Madhya Pradesh - 2024,29-Dec 8am,12308,,,,
Madhya Pradesh - 2024,29-Dec 9am,12503,,,,
Madhya Pradesh - 2024,29-Dec 10am,12309,,,,
Madhya Pradesh - 2024,29-Dec 11am,11982,,,,
Madhya Pradesh - 2024,29-Dec 12pm,11190,,,,
Madhya Pradesh - 2024,29-Dec 1pm,11060,,,,
Madhya Pradesh - 2024,29-Dec 2pm,10498,,,,
Madhya Pradesh - 2024,29-Dec 3pm,10711,,,,
Madhya Pradesh - 2024,29-Dec 4pm,10970,,,,
Madhya Pradesh - 2024,29-Dec 5pm,11304,,,,
Madhya Pradesh - 2024,29-Dec 6pm,11490,,,,
Madhya Pradesh - 2024,29-Dec 7pm,10918,,,,
Madhya Pradesh - 2024,29-Dec 8pm,9569,,,,
Madhya Pradesh - 2024,29-Dec 9pm,8651,,,,
Madhya Pradesh - 2024,29-Dec 10pm,8331,,,,
Madhya Pradesh - 2024,29-Dec 11pm,7922,,,,
Madhya Pradesh - 2024,30-Dec 12am,7625,,,,
Madhya Pradesh - 2024,30-Dec 1am,7252,,,,
Madhya Pradesh - 2024,30-Dec 2am,7088,,,,
Madhya Pradesh - 2024,30-Dec 3am,7120,,,,
Madhya Pradesh - 2024,30-Dec 4am,7207,,,,
Madhya Pradesh - 2024,30-Dec 5am,7877,,,,
Madhya Pradesh - 2024,30-Dec 6am,9505,,,,
Madhya Pradesh - 2024,30-Dec 7am,11799,,,,
Madhya Pradesh - 2024,30-Dec 8am,12775,,,,
Madhya Pradesh - 2024,30-Dec 9am,13236,,,,
Madhya Pradesh - 2024,30-Dec 10am,12907,,,,
Madhya Pradesh - 2024,30-Dec 11am,12310,,,,
Madhya Pradesh - 2024,30-Dec 12pm,11730,,,,
Madhya Pradesh - 2024,30-Dec 1pm,11629,,,,
Madhya Pradesh - 2024,30-Dec 2pm,11237,,,,
Madhya Pradesh - 2024,30-Dec 3pm,11494,,,,
Madhya Pradesh - 2024,30-Dec 4pm,11599,,,,
Madhya Pradesh - 2024,30-Dec 5pm,11890,,,,
Madhya Pradesh - 2024,30-Dec 6pm,12061,,,,
Madhya Pradesh - 2024,30-Dec 7pm,11456,,,,
Madhya Pradesh - 2024,30-Dec 8pm,9997,,,,
Madhya Pradesh - 2024,30-Dec 9pm,9120,,,,
Madhya Pradesh - 2024,30-Dec 10pm,8768,,,,
Madhya Pradesh - 2024,30-Dec 11pm,8519,,,,
Madhya Pradesh - 2024,31-Dec 12am,8140,,,,
Madhya Pradesh - 2024,31-Dec 1am,7901,,,,
Madhya Pradesh - 2024,31-Dec 2am,7618,,,,
Madhya Pradesh - 2024,31-Dec 3am,7626,,,,
Madhya Pradesh - 2024,31-Dec 4am,7754,,,,
Madhya Pradesh - 2024,31-Dec 5am,8138,,,,
Madhya Pradesh - 2024,31-Dec 6am,9698,,,,
Madhya Pradesh - 2024,31-Dec 7am,11998,,,,
Madhya Pradesh - 2024,31-Dec 8am,13121,,,,
Madhya Pradesh - 2024,31-Dec 9am,13861,,,,
Madhya Pradesh - 2024,31-Dec 10am,13541,,,,
Madhya Pradesh - 2024,31-Dec 11am,13195,,,,
Madhya Pradesh - 2024,31-Dec 12pm,12622,,,,
Madhya Pradesh - 2024,31-Dec 1pm,12382,,,,
Madhya Pradesh - 2024,31-Dec 2pm,12067,,,,
Madhya Pradesh - 2024,31-Dec 3pm,11995,,,,
Madhya Pradesh - 2024,31-Dec 4pm,12310,,,,
Madhya Pradesh - 2024,31-Dec 5pm,12612,,,,
Madhya Pradesh - 2024,31-Dec 6pm,12589,,,,
Madhya Pradesh - 2024,31-Dec 7pm,12034,,,,
Madhya Pradesh - 2024,31-Dec 8pm,10455,,,,
Madhya Pradesh - 2024,31-Dec 9pm,9236,,,,
Madhya Pradesh - 2024,31-Dec 10pm,9069,,,,
Madhya Pradesh - 2024,31-Dec 11pm,8710,,,,
Madhya Pradesh - 2025,01-Jan 12am,8229.23,,,,
Madhya Pradesh - 2025,01-Jan 1am,8122.46,,,,
Madhya Pradesh - 2025,01-Jan 2am,7770.61,,,,
Madhya Pradesh - 2025,01-Jan 3am,7688.2,,,,
Madhya Pradesh - 2025,01-Jan 4am,7633.96,,,,
Madhya Pradesh - 2025,01-Jan 5am,7994.36,,,,
Madhya Pradesh - 2025,01-Jan 6am,9032.21,,,,
Madhya Pradesh - 2025,01-Jan 7am,11373,,,,
Madhya Pradesh - 2025,01-Jan 8am,13052.81,,,,
Madhya Pradesh - 2025,01-Jan 9am,13760.12,,,,
Madhya Pradesh - 2025,01-Jan 10am,13858.63,,,,
Madhya Pradesh - 2025,01-Jan 11am,13716.34,,,,
Madhya Pradesh - 2025,01-Jan 12pm,12762.79,,,,
Madhya Pradesh - 2025,01-Jan 1pm,12800.82,,,,
Madhya Pradesh - 2025,01-Jan 2pm,12220.65,,,,
Madhya Pradesh - 2025,01-Jan 3pm,12068.3,,,,
Madhya Pradesh - 2025,01-Jan 4pm,11945.5,,,,
Madhya Pradesh - 2025,01-Jan 5pm,12390.8,,,,
Madhya Pradesh - 2025,01-Jan 6pm,12349.17,,,,
Madhya Pradesh - 2025,01-Jan 7pm,12083.19,,,,
Madhya Pradesh - 2025,01-Jan 8pm,10771.09,,,,
Madhya Pradesh - 2025,01-Jan 9pm,9552.52,,,,
Madhya Pradesh - 2025,01-Jan 10pm,8733.23,,,,
Madhya Pradesh - 2025,01-Jan 11pm,8588.82,,,,
Madhya Pradesh - 2025,02-Jan 12am,8053.32,,,,
Madhya Pradesh - 2025,02-Jan 1am,7876.32,,,,
Madhya Pradesh - 2025,02-Jan 2am,7442.83,,,,
Madhya Pradesh - 2025,02-Jan 3am,7393.19,,,,
Madhya Pradesh - 2025,02-Jan 4am,7368.96,,,,
Madhya Pradesh - 2025,02-Jan 5am,7535.79,,,,
Madhya Pradesh - 2025,02-Jan 6am,8295.27,,,,
Madhya Pradesh - 2025,02-Jan 7am,10728.43,,,,
Madhya Pradesh - 2025,02-Jan 8am,12445.08,,,,
Madhya Pradesh - 2025,02-Jan 9am,13480.22,,,,
Madhya Pradesh - 2025,02-Jan 10am,13560.02,,,,
Madhya Pradesh - 2025,02-Jan 11am,13658.94,,,,
Madhya Pradesh - 2025,02-Jan 12pm,13030.05,,,,
Madhya Pradesh - 2025,02-Jan 1pm,13178.48,,,,
Madhya Pradesh - 2025,02-Jan 2pm,12614.99,,,,
Madhya Pradesh - 2025,02-Jan 3pm,12631.34,,,,
Madhya Pradesh - 2025,02-Jan 4pm,12604.54,,,,
Madhya Pradesh - 2025,02-Jan 5pm,12946.67,,,,
Madhya Pradesh - 2025,02-Jan 6pm,12769.9,,,,
Madhya Pradesh - 2025,02-Jan 7pm,12756.47,,,,
Madhya Pradesh - 2025,02-Jan 8pm,11527.72,,,,
Madhya Pradesh - 2025,02-Jan 9pm,10093.03,,,,
Madhya Pradesh - 2025,02-Jan 10pm,9307.97,,,,
Madhya Pradesh - 2025,02-Jan 11pm,9242.78,,,,
Madhya Pradesh - 2025,03-Jan 12am,8609.31,,,,
Madhya Pradesh - 2025,03-Jan 1am,8580.62,,,,
Madhya Pradesh - 2025,03-Jan 2am,8163.28,,,,
Madhya Pradesh - 2025,03-Jan 3am,8139.78,,,,
Madhya Pradesh - 2025,03-Jan 4am,8023.1,,,,
Madhya Pradesh - 2025,03-Jan 5am,8317.97,,,,
Madhya Pradesh - 2025,03-Jan 6am,8454.01,,,,
Madhya Pradesh - 2025,03-Jan 7am,11639.34,,,,
Madhya Pradesh - 2025,03-Jan 8am,13437.47,,,,
Madhya Pradesh - 2025,03-Jan 9am,14675.2,,,,
Madhya Pradesh - 2025,03-Jan 10am,14767.43,,,,
Madhya Pradesh - 2025,03-Jan 11am,14870.78,,,,
Madhya Pradesh - 2025,03-Jan 12pm,14163.78,,,,
Madhya Pradesh - 2025,03-Jan 1pm,14369.27,,,,
Madhya Pradesh - 2025,03-Jan 2pm,13257.66,,,,
Madhya Pradesh - 2025,03-Jan 3pm,13292.79,,,,
Madhya Pradesh - 2025,03-Jan 4pm,13167.36,,,,
Madhya Pradesh - 2025,03-Jan 5pm,13283.4,,,,
Madhya Pradesh - 2025,03-Jan 6pm,13179.35,,,,
Madhya Pradesh - 2025,03-Jan 7pm,13029.01,,,,
Madhya Pradesh - 2025,03-Jan 8pm,11629.01,,,,
Madhya Pradesh - 2025,03-Jan 9pm,10169.23,,,,
Madhya Pradesh - 2025,03-Jan 10pm,9458.41,,,,
Madhya Pradesh - 2025,03-Jan 11pm,9470.6,,,,
Madhya Pradesh - 2025,04-Jan 12am,8808.45,,,,
Madhya Pradesh - 2025,04-Jan 1am,8744.39,,,,
Madhya Pradesh - 2025,04-Jan 2am,8507.29,,,,
Madhya Pradesh - 2025,04-Jan 3am,8607.55,,,,
Madhya Pradesh - 2025,04-Jan 4am,8641.21,,,,
Madhya Pradesh - 2025,04-Jan 5am,8837.99,,,,
Madhya Pradesh - 2025,04-Jan 6am,9504.09,,,,
Madhya Pradesh - 2025,04-Jan 7am,12347.54,,,,
Madhya Pradesh - 2025,04-Jan 8am,14184.4,,,,
Madhya Pradesh - 2025,04-Jan 9am,15146.37,,,,
Madhya Pradesh - 2025,04-Jan 10am,15179.33,,,,
Madhya Pradesh - 2025,04-Jan 11am,15015.56,,,,
Madhya Pradesh - 2025,04-Jan 12pm,14207.12,,,,
Madhya Pradesh - 2025,04-Jan 1pm,14412.47,,,,
Madhya Pradesh - 2025,04-Jan 2pm,13953.18,,,,
Madhya Pradesh - 2025,04-Jan 3pm,13999.55,,,,
Madhya Pradesh - 2025,04-Jan 4pm,13827.52,,,,
Madhya Pradesh - 2025,04-Jan 5pm,14019.38,,,,
Madhya Pradesh - 2025,04-Jan 6pm,13653.55,,,,
Madhya Pradesh - 2025,04-Jan 7pm,13295.23,,,,
Madhya Pradesh - 2025,04-Jan 8pm,12043.82,,,,
Madhya Pradesh - 2025,04-Jan 9pm,10493.7,,,,
Madhya Pradesh - 2025,04-Jan 10pm,9737.8,,,,
Madhya Pradesh - 2025,04-Jan 11pm,10020.96,,,,
Madhya Pradesh - 2025,05-Jan 12am,9257.91,,,,
Madhya Pradesh - 2025,05-Jan 1am,9357.81,,,,
Madhya Pradesh - 2025,05-Jan 2am,8823.43,,,,
Madhya Pradesh - 2025,05-Jan 3am,9057.48,,,,
Madhya Pradesh - 2025,05-Jan 4am,8951.98,,,,
Madhya Pradesh - 2025,05-Jan 5am,9156.22,,,,
Madhya Pradesh - 2025,05-Jan 6am,9850.19,,,,
Madhya Pradesh - 2025,05-Jan 7am,12588.83,,,,
Madhya Pradesh - 2025,05-Jan 8am,14513.36,,,,
Madhya Pradesh - 2025,05-Jan 9am,15328.46,,,,
Madhya Pradesh - 2025,05-Jan 10am,15711.34,,,,
Madhya Pradesh - 2025,05-Jan 11am,15554.3,,,,
Madhya Pradesh - 2025,05-Jan 12pm,14514.94,,,,
Madhya Pradesh - 2025,05-Jan 1pm,14973.19,,,,
Madhya Pradesh - 2025,05-Jan 2pm,14670.81,,,,
Madhya Pradesh - 2025,05-Jan 3pm,14406.29,,,,
Madhya Pradesh - 2025,05-Jan 4pm,14257.06,,,,
Madhya Pradesh - 2025,05-Jan 5pm,14255.56,,,,
Madhya Pradesh - 2025,05-Jan 6pm,13525.51,,,,
Madhya Pradesh - 2025,05-Jan 7pm,13087.58,,,,
Madhya Pradesh - 2025,05-Jan 8pm,11654.4,,,,
Madhya Pradesh - 2025,05-Jan 9pm,10219.43,,,,
Madhya Pradesh - 2025,05-Jan 10pm,9670.73,,,,
Madhya Pradesh - 2025,05-Jan 11pm,9972.89,,,,
Madhya Pradesh - 2025,06-Jan 12am,9353.88,,,,
Madhya Pradesh - 2025,06-Jan 1am,9314.32,,,,
Madhya Pradesh - 2025,06-Jan 2am,8951.97,,,,
Madhya Pradesh - 2025,06-Jan 3am,9075.63,,,,
Madhya Pradesh - 2025,06-Jan 4am,9084.2,,,,
Madhya Pradesh - 2025,06-Jan 5am,9284.25,,,,
Madhya Pradesh - 2025,06-Jan 6am,10154.38,,,,
Madhya Pradesh - 2025,06-Jan 7am,13231.34,,,,
Madhya Pradesh - 2025,06-Jan 8am,15118.47,,,,
Madhya Pradesh - 2025,06-Jan 9am,16131.32,,,,
Madhya Pradesh - 2025,06-Jan 10am,16361.52,,,,
Madhya Pradesh - 2025,06-Jan 11am,16358.6,,,,
Madhya Pradesh - 2025,06-Jan 12pm,15237.44,,,,
Madhya Pradesh - 2025,06-Jan 1pm,15542.67,,,,
Madhya Pradesh - 2025,06-Jan 2pm,15094.93,,,,
Madhya Pradesh - 2025,06-Jan 3pm,15076.74,,,,
Madhya Pradesh - 2025,06-Jan 4pm,14699.66,,,,
Madhya Pradesh - 2025,06-Jan 5pm,14779.9,,,,
Madhya Pradesh - 2025,06-Jan 6pm,14092.41,,,,
Madhya Pradesh - 2025,06-Jan 7pm,13766.39,,,,
Madhya Pradesh - 2025,06-Jan 8pm,12254.13,,,,
Madhya Pradesh - 2025,06-Jan 9pm,10656.76,,,,
Madhya Pradesh - 2025,06-Jan 10pm,10071.32,,,,
Madhya Pradesh - 2025,06-Jan 11pm,10279.52,,,,
Madhya Pradesh - 2025,07-Jan 12am,9726.85,,,,
Madhya Pradesh - 2025,07-Jan 1am,9715.64,,,,
Madhya Pradesh - 2025,07-Jan 2am,9160.22,,,,
Madhya Pradesh - 2025,07-Jan 3am,9304.37,,,,
Madhya Pradesh - 2025,07-Jan 4am,9294.65,,,,
Madhya Pradesh - 2025,07-Jan 5am,9492.18,,,,
Madhya Pradesh - 2025,07-Jan 6am,10452.69,,,,
Madhya Pradesh - 2025,07-Jan 7am,13402.65,,,,
Madhya Pradesh - 2025,07-Jan 8am,15457.18,,,,
Madhya Pradesh - 2025,07-Jan 9am,16459.63,,,,
Madhya Pradesh - 2025,07-Jan 10am,16579.98,,,,
Madhya Pradesh - 2025,07-Jan 11am,16405.6,,,,
Madhya Pradesh - 2025,07-Jan 12pm,15431.07,,,,
Madhya Pradesh - 2025,07-Jan 1pm,15761.32,,,,
Madhya Pradesh - 2025,07-Jan 2pm,15357.52,,,,
Madhya Pradesh - 2025,07-Jan 3pm,15147.37,,,,
Madhya Pradesh - 2025,07-Jan 4pm,15152.86,,,,
Madhya Pradesh - 2025,07-Jan 5pm,15197.59,,,,
Madhya Pradesh - 2025,07-Jan 6pm,14617.5,,,,
Madhya Pradesh - 2025,07-Jan 7pm,14206.55,,,,
Madhya Pradesh - 2025,07-Jan 8pm,12809.58,,,,
Madhya Pradesh - 2025,07-Jan 9pm,11172.86,,,,
Madhya Pradesh - 2025,07-Jan 10pm,10412.15,,,,
Madhya Pradesh - 2025,07-Jan 11pm,10560.74,,,,
Madhya Pradesh - 2025,08-Jan 12am,9869.63,,,,
Madhya Pradesh - 2025,08-Jan 1am,9929.78,,,,
Madhya Pradesh - 2025,08-Jan 2am,9440.74,,,,
Madhya Pradesh - 2025,08-Jan 3am,9528.01,,,,
Madhya Pradesh - 2025,08-Jan 4am,9420.9,,,,
Madhya Pradesh - 2025,08-Jan 5am,9532.95,,,,
Madhya Pradesh - 2025,08-Jan 6am,10305.34,,,,
Madhya Pradesh - 2025,08-Jan 7am,13136.25,,,,
Madhya Pradesh - 2025,08-Jan 8am,15061.5,,,,
Madhya Pradesh - 2025,08-Jan 9am,16190.44,,,,
Madhya Pradesh - 2025,08-Jan 10am,16327.31,,,,
Madhya Pradesh - 2025,08-Jan 11am,16310.99,,,,
Madhya Pradesh - 2025,08-Jan 12pm,15768.68,,,,
Madhya Pradesh - 2025,08-Jan 1pm,16147.31,,,,
Madhya Pradesh - 2025,08-Jan 2pm,15592.06,,,,
Madhya Pradesh - 2025,08-Jan 3pm,15473.22,,,,
Madhya Pradesh - 2025,08-Jan 4pm,15308.35,,,,
Madhya Pradesh - 2025,08-Jan 5pm,15513.98,,,,
Madhya Pradesh - 2025,08-Jan 6pm,14857,,,,
Madhya Pradesh - 2025,08-Jan 7pm,14550.83,,,,
Madhya Pradesh - 2025,08-Jan 8pm,13105.61,,,,
Madhya Pradesh - 2025,08-Jan 9pm,11519.82,,,,
Madhya Pradesh - 2025,08-Jan 10pm,10657.46,,,,
Madhya Pradesh - 2025,08-Jan 11pm,10800.87,,,,
Madhya Pradesh - 2025,09-Jan 12am,10261.87,,,,
Madhya Pradesh - 2025,09-Jan 1am,10217.44,,,,
Madhya Pradesh - 2025,09-Jan 2am,9688.9,,,,
Madhya Pradesh - 2025,09-Jan 3am,9935.49,,,,
Madhya Pradesh - 2025,09-Jan 4am,9936.91,,,,
Madhya Pradesh - 2025,09-Jan 5am,9968.16,,,,
Madhya Pradesh - 2025,09-Jan 6am,10755.35,,,,
Madhya Pradesh - 2025,09-Jan 7am,13969.19,,,,
Madhya Pradesh - 2025,09-Jan 8am,16047.64,,,,
Madhya Pradesh - 2025,09-Jan 9am,16862.64,,,,
Madhya Pradesh - 2025,09-Jan 10am,16979.74,,,,
Madhya Pradesh - 2025,09-Jan 11am,16961.06,,,,
Madhya Pradesh - 2025,09-Jan 12pm,16041.27,,,,
Madhya Pradesh - 2025,09-Jan 1pm,16351.63,,,,
Madhya Pradesh - 2025,09-Jan 2pm,15982.95,,,,
Madhya Pradesh - 2025,09-Jan 3pm,15889.18,,,,
Madhya Pradesh - 2025,09-Jan 4pm,15547.83,,,,
Madhya Pradesh - 2025,09-Jan 5pm,15767.11,,,,
Madhya Pradesh - 2025,09-Jan 6pm,14968.7,,,,
Madhya Pradesh - 2025,09-Jan 7pm,14532.26,,,,
Madhya Pradesh - 2025,09-Jan 8pm,13169.39,,,,
Madhya Pradesh - 2025,09-Jan 9pm,11473.7,,,,
Madhya Pradesh - 2025,09-Jan 10pm,10770.77,,,,
Madhya Pradesh - 2025,09-Jan 11pm,11136.37,,,,
Madhya Pradesh - 2025,10-Jan 12am,10507.65,,,,
Madhya Pradesh - 2025,10-Jan 1am,10571.7,,,,
Madhya Pradesh - 2025,10-Jan 2am,9892.97,,,,
Madhya Pradesh - 2025,10-Jan 3am,10360.32,,,,
Madhya Pradesh - 2025,10-Jan 4am,10329.46,,,,
Madhya Pradesh - 2025,10-Jan 5am,10509.03,,,,
Madhya Pradesh - 2025,10-Jan 6am,11206.44,,,,
Madhya Pradesh - 2025,10-Jan 7am,14450.86,,,,
Madhya Pradesh - 2025,10-Jan 8am,16489.09,,,,
Madhya Pradesh - 2025,10-Jan 9am,17438.42,,,,
Madhya Pradesh - 2025,10-Jan 10am,17472.46,,,,
Madhya Pradesh - 2025,10-Jan 11am,17590.9,,,,
Madhya Pradesh - 2025,10-Jan 12pm,16803.7,,,,
Madhya Pradesh - 2025,10-Jan 1pm,17237.47,,,,
Madhya Pradesh - 2025,10-Jan 2pm,16639.54,,,,
Madhya Pradesh - 2025,10-Jan 3pm,16353.53,,,,
Madhya Pradesh - 2025,10-Jan 4pm,16141.44,,,,
Madhya Pradesh - 2025,10-Jan 5pm,16131.09,,,,
Madhya Pradesh - 2025,10-Jan 6pm,15337.67,,,,
Madhya Pradesh - 2025,10-Jan 7pm,14821.34,,,,
Madhya Pradesh - 2025,10-Jan 8pm,13202.77,,,,
Madhya Pradesh - 2025,10-Jan 9pm,11597.52,,,,
Madhya Pradesh - 2025,10-Jan 10pm,11000.97,,,,
Madhya Pradesh - 2025,10-Jan 11pm,11388.96,,,,
Madhya Pradesh - 2025,11-Jan 12am,10678.97,,,,
Madhya Pradesh - 2025,11-Jan 1am,10834.54,,,,
Madhya Pradesh - 2025,11-Jan 2am,10223.22,,,,
Madhya Pradesh - 2025,11-Jan 3am,10513.24,,,,
Madhya Pradesh - 2025,11-Jan 4am,10443.02,,,,
Madhya Pradesh - 2025,11-Jan 5am,10554.92,,,,
Madhya Pradesh - 2025,11-Jan 6am,11099.46,,,,
Madhya Pradesh - 2025,11-Jan 7am,14572.6,,,,
Madhya Pradesh - 2025,11-Jan 8am,16607.99,,,,
Madhya Pradesh - 2025,11-Jan 9am,17586.65,,,,
Madhya Pradesh - 2025,11-Jan 10am,17916,,,,
Madhya Pradesh - 2025,11-Jan 11am,17815.87,,,,
Madhya Pradesh - 2025,11-Jan 12pm,16939.42,,,,
Madhya Pradesh - 2025,11-Jan 1pm,17313.07,,,,
Madhya Pradesh - 2025,11-Jan 2pm,16821.59,,,,
Madhya Pradesh - 2025,11-Jan 3pm,16729.96,,,,
Madhya Pradesh - 2025,11-Jan 4pm,16222.66,,,,
Madhya Pradesh - 2025,11-Jan 5pm,16186.06,,,,
Madhya Pradesh - 2025,11-Jan 6pm,14749.15,,,,
Madhya Pradesh - 2025,11-Jan 7pm,13968.37,,,,
Madhya Pradesh - 2025,11-Jan 8pm,12792.37,,,,
Madhya Pradesh - 2025,11-Jan 9pm,11572.61,,,,
Madhya Pradesh - 2025,11-Jan 10pm,11068.88,,,,
Madhya Pradesh - 2025,11-Jan 11pm,11593.32,,,,
Madhya Pradesh - 2025,12-Jan 12am,10863.68,,,,
Madhya Pradesh - 2025,12-Jan 1am,10742.29,,,,
Madhya Pradesh - 2025,12-Jan 2am,9997.67,,,,
Madhya Pradesh - 2025,12-Jan 3am,10189.27,,,,
Madhya Pradesh - 2025,12-Jan 4am,10101.45,,,,
Madhya Pradesh - 2025,12-Jan 5am,10162,,,,
Madhya Pradesh - 2025,12-Jan 6am,10640.54,,,,
Madhya Pradesh - 2025,12-Jan 7am,13395.38,,,,
Madhya Pradesh - 2025,12-Jan 8am,15450.45,,,,
Madhya Pradesh - 2025,12-Jan 9am,16610.79,,,,
Madhya Pradesh - 2025,12-Jan 10am,16530.34,,,,
Madhya Pradesh - 2025,12-Jan 11am,17116.04,,,,
Madhya Pradesh - 2025,12-Jan 12pm,16124,,,,
Madhya Pradesh - 2025,12-Jan 1pm,16659,,,,
Madhya Pradesh - 2025,12-Jan 2pm,16050.32,,,,
Madhya Pradesh - 2025,12-Jan 3pm,15883.45,,,,
Madhya Pradesh - 2025,12-Jan 4pm,15646.06,,,,
Madhya Pradesh - 2025,12-Jan 5pm,15525.43,,,,
Madhya Pradesh - 2025,12-Jan 6pm,14290.56,,,,
Madhya Pradesh - 2025,12-Jan 7pm,13726.26,,,,
Madhya Pradesh - 2025,12-Jan 8pm,12252.38,,,,
Madhya Pradesh - 2025,12-Jan 9pm,10884.06,,,,
Madhya Pradesh - 2025,12-Jan 10pm,10329.35,,,,
Madhya Pradesh - 2025,12-Jan 11pm,10546.38,,,,
Madhya Pradesh - 2025,13-Jan 12am,9971.95,,,,
Madhya Pradesh - 2025,13-Jan 1am,9925.29,,,,
Madhya Pradesh - 2025,13-Jan 2am,9631.17,,,,
Madhya Pradesh - 2025,13-Jan 3am,9513.58,,,,
Madhya Pradesh - 2025,13-Jan 4am,9346.11,,,,
Madhya Pradesh - 2025,13-Jan 5am,9567.35,,,,
Madhya Pradesh - 2025,13-Jan 6am,10508.72,,,,
Madhya Pradesh - 2025,13-Jan 7am,13457.8,,,,
Madhya Pradesh - 2025,13-Jan 8am,15642.5,,,,
Madhya Pradesh - 2025,13-Jan 9am,16422.6,,,,
Madhya Pradesh - 2025,13-Jan 10am,16772.87,,,,
Madhya Pradesh - 2025,13-Jan 11am,16858.85,,,,
Madhya Pradesh - 2025,13-Jan 12pm,16533.88,,,,
Madhya Pradesh - 2025,13-Jan 1pm,16849.28,,,,
Madhya Pradesh - 2025,13-Jan 2pm,16350.36,,,,
Madhya Pradesh - 2025,13-Jan 3pm,16039.94,,,,
Madhya Pradesh - 2025,13-Jan 4pm,15829.8,,,,
Madhya Pradesh - 2025,13-Jan 5pm,15879.33,,,,
Madhya Pradesh - 2025,13-Jan 6pm,14760.67,,,,
Madhya Pradesh - 2025,13-Jan 7pm,14245.51,,,,
Madhya Pradesh - 2025,13-Jan 8pm,12910.54,,,,
Madhya Pradesh - 2025,13-Jan 9pm,11422.18,,,,
Madhya Pradesh - 2025,13-Jan 10pm,10849.77,,,,
Madhya Pradesh - 2025,13-Jan 11pm,11281.17,,,,
Madhya Pradesh - 2025,14-Jan 12am,10358.34,,,,
Madhya Pradesh - 2025,14-Jan 1am,10328.29,,,,
Madhya Pradesh - 2025,14-Jan 2am,9723.53,,,,
Madhya Pradesh - 2025,14-Jan 3am,9888.15,,,,
Madhya Pradesh - 2025,14-Jan 4am,9843.36,,,,
Madhya Pradesh - 2025,14-Jan 5am,10021.84,,,,
Madhya Pradesh - 2025,14-Jan 6am,10814.52,,,,
Madhya Pradesh - 2025,14-Jan 7am,13579.92,,,,
Madhya Pradesh - 2025,14-Jan 8am,15732.25,,,,
Madhya Pradesh - 2025,14-Jan 9am,17144.44,,,,
Madhya Pradesh - 2025,14-Jan 10am,17651.54,,,,
Madhya Pradesh - 2025,14-Jan 11am,17837.84,,,,
Madhya Pradesh - 2025,14-Jan 12pm,16822.75,,,,
Madhya Pradesh - 2025,14-Jan 1pm,16801.75,,,,
Madhya Pradesh - 2025,14-Jan 2pm,16277.68,,,,
Madhya Pradesh - 2025,14-Jan 3pm,15974.24,,,,
Madhya Pradesh - 2025,14-Jan 4pm,15657.34,,,,
Madhya Pradesh - 2025,14-Jan 5pm,15462.93,,,,
Madhya Pradesh - 2025,14-Jan 6pm,14280.16,,,,
Madhya Pradesh - 2025,14-Jan 7pm,13658.42,,,,
Madhya Pradesh - 2025,14-Jan 8pm,12167.15,,,,
Madhya Pradesh - 2025,14-Jan 9pm,10867.69,,,,
Madhya Pradesh - 2025,14-Jan 10pm,10451.8,,,,
Madhya Pradesh - 2025,14-Jan 11pm,10904.29,,,,
Madhya Pradesh - 2025,15-Jan 12am,10328.49,,,,
Madhya Pradesh - 2025,15-Jan 1am,10346.52,,,,
Madhya Pradesh - 2025,15-Jan 2am,9765.75,,,,
Madhya Pradesh - 2025,15-Jan 3am,10011.35,,,,
Madhya Pradesh - 2025,15-Jan 4am,9920,,,,
Madhya Pradesh - 2025,15-Jan 5am,10015.36,,,,
Madhya Pradesh - 2025,15-Jan 6am,10663.52,,,,
Madhya Pradesh - 2025,15-Jan 7am,13760.16,,,,
Madhya Pradesh - 2025,15-Jan 8am,15559.84,,,,
Madhya Pradesh - 2025,15-Jan 9am,16209.28,,,,
Madhya Pradesh - 2025,15-Jan 10am,17318.03,,,,
Madhya Pradesh - 2025,15-Jan 11am,17486.62,,,,
Madhya Pradesh - 2025,15-Jan 12pm,16769.89,,,,
Madhya Pradesh - 2025,15-Jan 1pm,17213.96,,,,
Madhya Pradesh - 2025,15-Jan 2pm,16477.44,,,,
Madhya Pradesh - 2025,15-Jan 3pm,16261.27,,,,
Madhya Pradesh - 2025,15-Jan 4pm,16110.77,,,,
Madhya Pradesh - 2025,15-Jan 5pm,15783.6,,,,
Madhya Pradesh - 2025,15-Jan 6pm,14352.01,,,,
Madhya Pradesh - 2025,15-Jan 7pm,13600.72,,,,
Madhya Pradesh - 2025,15-Jan 8pm,12557.71,,,,
Madhya Pradesh - 2025,15-Jan 9pm,11025.81,,,,
Madhya Pradesh - 2025,15-Jan 10pm,10716.4,,,,
Madhya Pradesh - 2025,15-Jan 11pm,11185.97,,,,
Madhya Pradesh - 2025,16-Jan 12am,10427.8,,,,
Madhya Pradesh - 2025,16-Jan 1am,10513.67,,,,
Madhya Pradesh - 2025,16-Jan 2am,9931.17,,,,
Madhya Pradesh - 2025,16-Jan 3am,10355.78,,,,
Madhya Pradesh - 2025,16-Jan 4am,10191.33,,,,
Madhya Pradesh - 2025,16-Jan 5am,10311.71,,,,
Madhya Pradesh - 2025,16-Jan 6am,10874.49,,,,
Madhya Pradesh - 2025,16-Jan 7am,13832.5,,,,
Madhya Pradesh - 2025,16-Jan 8am,16109.54,,,,
Madhya Pradesh - 2025,16-Jan 9am,16068.5,,,,
Madhya Pradesh - 2025,16-Jan 10am,17144.86,,,,
Madhya Pradesh - 2025,16-Jan 11am,17406.33,,,,
Madhya Pradesh - 2025,16-Jan 12pm,16626.58,,,,
Madhya Pradesh - 2025,16-Jan 1pm,17284.09,,,,
Madhya Pradesh - 2025,16-Jan 2pm,16783.29,,,,
Madhya Pradesh - 2025,16-Jan 3pm,16543.55,,,,
Madhya Pradesh - 2025,16-Jan 4pm,16247.66,,,,
Madhya Pradesh - 2025,16-Jan 5pm,15945.52,,,,
Madhya Pradesh - 2025,16-Jan 6pm,14858.12,,,,
Madhya Pradesh - 2025,16-Jan 7pm,14126.71,,,,
Madhya Pradesh - 2025,16-Jan 8pm,12631.21,,,,
Madhya Pradesh - 2025,16-Jan 9pm,11168.7,,,,
Madhya Pradesh - 2025,16-Jan 10pm,10458.43,,,,
Madhya Pradesh - 2025,16-Jan 11pm,10887.56,,,,
Madhya Pradesh - 2025,17-Jan 12am,10315.17,,,,
Madhya Pradesh - 2025,17-Jan 1am,10355.43,,,,
Madhya Pradesh - 2025,17-Jan 2am,9827.26,,,,
Madhya Pradesh - 2025,17-Jan 3am,9987.23,,,,
Madhya Pradesh - 2025,17-Jan 4am,9960.4,,,,
Madhya Pradesh - 2025,17-Jan 5am,10071.5,,,,
Madhya Pradesh - 2025,17-Jan 6am,10706.85,,,,
Madhya Pradesh - 2025,17-Jan 7am,13705.59,,,,
Madhya Pradesh - 2025,17-Jan 8am,16144.38,,,,
Madhya Pradesh - 2025,17-Jan 9am,17220.61,,,,
Madhya Pradesh - 2025,17-Jan 10am,17691.6,,,,
Madhya Pradesh - 2025,17-Jan 11am,18278.65,,,,
Madhya Pradesh - 2025,17-Jan 12pm,17179.03,,,,
Madhya Pradesh - 2025,17-Jan 1pm,17752.94,,,,
Madhya Pradesh - 2025,17-Jan 2pm,17091.61,,,,
Madhya Pradesh - 2025,17-Jan 3pm,16766.03,,,,
Madhya Pradesh - 2025,17-Jan 4pm,16419.99,,,,
Madhya Pradesh - 2025,17-Jan 5pm,16357.83,,,,
Madhya Pradesh - 2025,17-Jan 6pm,15108.44,,,,
Madhya Pradesh - 2025,17-Jan 7pm,14473.81,,,,
Madhya Pradesh - 2025,17-Jan 8pm,13017.3,,,,
Madhya Pradesh - 2025,17-Jan 9pm,11402.18,,,,
Madhya Pradesh - 2025,17-Jan 10pm,10981.32,,,,
Madhya Pradesh - 2025,17-Jan 11pm,11436.78,,,,
Madhya Pradesh - 2025,18-Jan 12am,10502.82,,,,
Madhya Pradesh - 2025,18-Jan 1am,10770.31,,,,
Madhya Pradesh - 2025,18-Jan 2am,10257.61,,,,
Madhya Pradesh - 2025,18-Jan 3am,10486.49,,,,
Madhya Pradesh - 2025,18-Jan 4am,10374.55,,,,
Madhya Pradesh - 2025,18-Jan 5am,10307.21,,,,
Madhya Pradesh - 2025,18-Jan 6am,10806.38,,,,
Madhya Pradesh - 2025,18-Jan 7am,14027.54,,,,
Madhya Pradesh - 2025,18-Jan 8am,16104.73,,,,
Madhya Pradesh - 2025,18-Jan 9am,17072,,,,
Madhya Pradesh - 2025,18-Jan 10am,17621.59,,,,
Madhya Pradesh - 2025,18-Jan 11am,17972.36,,,,
Madhya Pradesh - 2025,18-Jan 12pm,16916.69,,,,
Madhya Pradesh - 2025,18-Jan 1pm,17539.61,,,,
Madhya Pradesh - 2025,18-Jan 2pm,16884.53,,,,
Madhya Pradesh - 2025,18-Jan 3pm,16610.17,,,,
Madhya Pradesh - 2025,18-Jan 4pm,16419.04,,,,
Madhya Pradesh - 2025,18-Jan 5pm,16030.71,,,,
Madhya Pradesh - 2025,18-Jan 6pm,14881.84,,,,
Madhya Pradesh - 2025,18-Jan 7pm,14388.38,,,,
Madhya Pradesh - 2025,18-Jan 8pm,12778.93,,,,
Madhya Pradesh - 2025,18-Jan 9pm,11199.92,,,,
Madhya Pradesh - 2025,18-Jan 10pm,10844.19,,,,
Madhya Pradesh - 2025,18-Jan 11pm,11520.49,,,,
Madhya Pradesh - 2025,19-Jan 12am,10797.15,,,,
Madhya Pradesh - 2025,19-Jan 1am,11027.84,,,,
Madhya Pradesh - 2025,19-Jan 2am,10494.92,,,,
Madhya Pradesh - 2025,19-Jan 3am,10722.29,,,,
Madhya Pradesh - 2025,19-Jan 4am,10645.45,,,,
Madhya Pradesh - 2025,19-Jan 5am,10717.54,,,,
Madhya Pradesh - 2025,19-Jan 6am,11125.84,,,,
Madhya Pradesh - 2025,19-Jan 7am,13865.3,,,,
Madhya Pradesh - 2025,19-Jan 8am,16105.27,,,,
Madhya Pradesh - 2025,19-Jan 9am,17186.43,,,,
Madhya Pradesh - 2025,19-Jan 10am,17661.95,,,,
Madhya Pradesh - 2025,19-Jan 11am,17777.55,,,,
Madhya Pradesh - 2025,19-Jan 12pm,16809.96,,,,
Madhya Pradesh - 2025,19-Jan 1pm,17346.65,,,,
Madhya Pradesh - 2025,19-Jan 2pm,16763.94,,,,
Madhya Pradesh - 2025,19-Jan 3pm,16491.88,,,,
Madhya Pradesh - 2025,19-Jan 4pm,16130.16,,,,
Madhya Pradesh - 2025,19-Jan 5pm,15805.97,,,,
Madhya Pradesh - 2025,19-Jan 6pm,14430.71,,,,
Madhya Pradesh - 2025,19-Jan 7pm,14115.03,,,,
Madhya Pradesh - 2025,19-Jan 8pm,12581.45,,,,
Madhya Pradesh - 2025,19-Jan 9pm,11215.6,,,,
Madhya Pradesh - 2025,19-Jan 10pm,10799.87,,,,
Madhya Pradesh - 2025,19-Jan 11pm,11467.85,,,,
Madhya Pradesh - 2025,20-Jan 12am,10653.03,,,,
Madhya Pradesh - 2025,20-Jan 1am,11090.27,,,,
Madhya Pradesh - 2025,20-Jan 2am,10639.96,,,,
Madhya Pradesh - 2025,20-Jan 3am,10960.15,,,,
Madhya Pradesh - 2025,20-Jan 4am,10802.91,,,,
Madhya Pradesh - 2025,20-Jan 5am,11000.09,,,,
Madhya Pradesh - 2025,20-Jan 6am,11555.64,,,,
Madhya Pradesh - 2025,20-Jan 7am,14661.51,,,,
Madhya Pradesh - 2025,20-Jan 8am,16759.98,,,,
Madhya Pradesh - 2025,20-Jan 9am,17539.35,,,,
Madhya Pradesh - 2025,20-Jan 10am,17659.27,,,,
Madhya Pradesh - 2025,20-Jan 11am,17876.05,,,,
Madhya Pradesh - 2025,20-Jan 12pm,17084.9,,,,
Madhya Pradesh - 2025,20-Jan 1pm,17566.33,,,,
Madhya Pradesh - 2025,20-Jan 2pm,16946.83,,,,
Madhya Pradesh - 2025,20-Jan 3pm,16759.49,,,,
Madhya Pradesh - 2025,20-Jan 4pm,16496.53,,,,
Madhya Pradesh - 2025,20-Jan 5pm,16390.9,,,,
Madhya Pradesh - 2025,20-Jan 6pm,14925.24,,,,
Madhya Pradesh - 2025,20-Jan 7pm,14548.26,,,,
Madhya Pradesh - 2025,20-Jan 8pm,12838.46,,,,
Madhya Pradesh - 2025,20-Jan 9pm,11336.03,,,,
Madhya Pradesh - 2025,20-Jan 10pm,10986,,,,
Madhya Pradesh - 2025,20-Jan 11pm,11810.48,,,,
Madhya Pradesh - 2025,21-Jan 12am,11159.44,,,,
Madhya Pradesh - 2025,21-Jan 1am,11364.52,,,,
Madhya Pradesh - 2025,21-Jan 2am,10812.19,,,,
Madhya Pradesh - 2025,21-Jan 3am,11194.46,,,,
Madhya Pradesh - 2025,21-Jan 4am,11048.36,,,,
Madhya Pradesh - 2025,21-Jan 5am,11220.89,,,,
Madhya Pradesh - 2025,21-Jan 6am,11698.71,,,,
Madhya Pradesh - 2025,21-Jan 7am,15009.33,,,,
Madhya Pradesh - 2025,21-Jan 8am,16424.74,,,,
Madhya Pradesh - 2025,21-Jan 9am,17303.65,,,,
Madhya Pradesh - 2025,21-Jan 10am,17731.53,,,,
Madhya Pradesh - 2025,21-Jan 11am,17938.22,,,,
Madhya Pradesh - 2025,21-Jan 12pm,16931,,,,
Madhya Pradesh - 2025,21-Jan 1pm,17489,,,,
Madhya Pradesh - 2025,21-Jan 2pm,17106.92,,,,
Madhya Pradesh - 2025,21-Jan 3pm,17004.87,,,,
Madhya Pradesh - 2025,21-Jan 4pm,16551.3,,,,
Madhya Pradesh - 2025,21-Jan 5pm,16383.57,,,,
Madhya Pradesh - 2025,21-Jan 6pm,15021.61,,,,
Madhya Pradesh - 2025,21-Jan 7pm,14635.91,,,,
Madhya Pradesh - 2025,21-Jan 8pm,12843.47,,,,
Madhya Pradesh - 2025,21-Jan 9pm,11383.25,,,,
Madhya Pradesh - 2025,21-Jan 10pm,11005.92,,,,
Madhya Pradesh - 2025,21-Jan 11pm,11879.89,,,,
Madhya Pradesh - 2025,22-Jan 12am,11352.49,,,,
Madhya Pradesh - 2025,22-Jan 1am,11553.7,,,,
Madhya Pradesh - 2025,22-Jan 2am,11037.01,,,,
Madhya Pradesh - 2025,22-Jan 3am,11387.31,,,,
Madhya Pradesh - 2025,22-Jan 4am,11309.64,,,,
Madhya Pradesh - 2025,22-Jan 5am,11396.47,,,,
Madhya Pradesh - 2025,22-Jan 6am,11779.49,,,,
Madhya Pradesh - 2025,22-Jan 7am,15221.22,,,,
Madhya Pradesh - 2025,22-Jan 8am,15997.68,,,,
Madhya Pradesh - 2025,22-Jan 9am,17456.03,,,,
Madhya Pradesh - 2025,22-Jan 10am,17888.3,,,,
Madhya Pradesh - 2025,22-Jan 11am,18020.26,,,,
Madhya Pradesh - 2025,22-Jan 12pm,16933.21,,,,
Madhya Pradesh - 2025,22-Jan 1pm,17529.56,,,,
Madhya Pradesh - 2025,22-Jan 2pm,16959,,,,
Madhya Pradesh - 2025,22-Jan 3pm,16903.6,,,,
Madhya Pradesh - 2025,22-Jan 4pm,16588.43,,,,
Madhya Pradesh - 2025,22-Jan 5pm,16236.92,,,,
Madhya Pradesh - 2025,22-Jan 6pm,14980.42,,,,
Madhya Pradesh - 2025,22-Jan 7pm,14673.25,,,,
Madhya Pradesh - 2025,22-Jan 8pm,12997.72,,,,
Madhya Pradesh - 2025,22-Jan 9pm,11479.3,,,,
Madhya Pradesh - 2025,22-Jan 10pm,11148.57,,,,
Madhya Pradesh - 2025,22-Jan 11pm,11918.83,,,,
Madhya Pradesh - 2025,23-Jan 12am,11520.93,,,,
Madhya Pradesh - 2025,23-Jan 1am,11809.93,,,,
Madhya Pradesh - 2025,23-Jan 2am,11294.36,,,,
Madhya Pradesh - 2025,23-Jan 3am,11715.64,,,,
Madhya Pradesh - 2025,23-Jan 4am,11531.26,,,,
Madhya Pradesh - 2025,23-Jan 5am,11659.83,,,,
Madhya Pradesh - 2025,23-Jan 6am,12127.52,,,,
Madhya Pradesh - 2025,23-Jan 7am,15296.98,,,,
Madhya Pradesh - 2025,23-Jan 8am,16190.71,,,,
Madhya Pradesh - 2025,23-Jan 9am,17385.35,,,,
Madhya Pradesh - 2025,23-Jan 10am,17758.22,,,,
Madhya Pradesh - 2025,23-Jan 11am,17815.14,,,,
Madhya Pradesh - 2025,23-Jan 12pm,16715.87,,,,
Madhya Pradesh - 2025,23-Jan 1pm,17466.71,,,,
Madhya Pradesh - 2025,23-Jan 2pm,16964.86,,,,
Madhya Pradesh - 2025,23-Jan 3pm,16599.68,,,,
Madhya Pradesh - 2025,23-Jan 4pm,16351.98,,,,
Madhya Pradesh - 2025,23-Jan 5pm,16410.1,,,,
Madhya Pradesh - 2025,23-Jan 6pm,15028,,,,
Madhya Pradesh - 2025,23-Jan 7pm,14650.61,,,,
Madhya Pradesh - 2025,23-Jan 8pm,12866.6,,,,
Madhya Pradesh - 2025,23-Jan 9pm,11319.51,,,,
Madhya Pradesh - 2025,23-Jan 10pm,11033.25,,,,
Madhya Pradesh - 2025,23-Jan 11pm,11839.62,,,,
Madhya Pradesh - 2025,24-Jan 12am,11387.48,,,,
Madhya Pradesh - 2025,24-Jan 1am,11549.2,,,,
Madhya Pradesh - 2025,24-Jan 2am,10985.72,,,,
Madhya Pradesh - 2025,24-Jan 3am,11463.46,,,,
Madhya Pradesh - 2025,24-Jan 4am,11272.72,,,,
Madhya Pradesh - 2025,24-Jan 5am,11376.63,,,,
Madhya Pradesh - 2025,24-Jan 6am,11868.37,,,,
Madhya Pradesh - 2025,24-Jan 7am,15215.52,,,,
Madhya Pradesh - 2025,24-Jan 8am,17195.76,,,,
Madhya Pradesh - 2025,24-Jan 9am,18087.21,,,,
Madhya Pradesh - 2025,24-Jan 10am,18235.33,,,,
Madhya Pradesh - 2025,24-Jan 11am,18249.8,,,,
Madhya Pradesh - 2025,24-Jan 12pm,17227.4,,,,
Madhya Pradesh - 2025,24-Jan 1pm,17728.59,,,,
Madhya Pradesh - 2025,24-Jan 2pm,17073.38,,,,
Madhya Pradesh - 2025,24-Jan 3pm,16912.21,,,,
Madhya Pradesh - 2025,24-Jan 4pm,16512.63,,,,
Madhya Pradesh - 2025,24-Jan 5pm,16179.17,,,,
Madhya Pradesh - 2025,24-Jan 6pm,15058.29,,,,
Madhya Pradesh - 2025,24-Jan 7pm,14777.13,,,,
Madhya Pradesh - 2025,24-Jan 8pm,13016.67,,,,
Madhya Pradesh - 2025,24-Jan 9pm,11356.06,,,,
Madhya Pradesh - 2025,24-Jan 10pm,10998.37,,,,
Madhya Pradesh - 2025,24-Jan 11pm,11874.53,,,,
Madhya Pradesh - 2025,25-Jan 12am,11101.76,,,,
Madhya Pradesh - 2025,25-Jan 1am,11433.83,,,,
Madhya Pradesh - 2025,25-Jan 2am,10939.12,,,,
Madhya Pradesh - 2025,25-Jan 3am,11392.54,,,,
Madhya Pradesh - 2025,25-Jan 4am,11222.21,,,,
Madhya Pradesh - 2025,25-Jan 5am,11370.91,,,,
Madhya Pradesh - 2025,25-Jan 6am,11861.71,,,,
Madhya Pradesh - 2025,25-Jan 7am,15228.72,,,,
Madhya Pradesh - 2025,25-Jan 8am,17041.44,,,,
Madhya Pradesh - 2025,25-Jan 9am,17971.9,,,,
Madhya Pradesh - 2025,25-Jan 10am,17994.59,,,,
Madhya Pradesh - 2025,25-Jan 11am,18282.14,,,,
Madhya Pradesh - 2025,25-Jan 12pm,17064.25,,,,
Madhya Pradesh - 2025,25-Jan 1pm,17644.23,,,,
Madhya Pradesh - 2025,25-Jan 2pm,17069.78,,,,
Madhya Pradesh - 2025,25-Jan 3pm,16963.07,,,,
Madhya Pradesh - 2025,25-Jan 4pm,16667.84,,,,
Madhya Pradesh - 2025,25-Jan 5pm,16545.13,,,,
Madhya Pradesh - 2025,25-Jan 6pm,14985.11,,,,
Madhya Pradesh - 2025,25-Jan 7pm,14778.47,,,,
Madhya Pradesh - 2025,25-Jan 8pm,13224.57,,,,
Madhya Pradesh - 2025,25-Jan 9pm,11678.88,,,,
Madhya Pradesh - 2025,25-Jan 10pm,11275.85,,,,
Madhya Pradesh - 2025,25-Jan 11pm,12078.32,,,,
Madhya Pradesh - 2025,26-Jan 12am,11568.76,,,,
Madhya Pradesh - 2025,26-Jan 1am,11752.54,,,,
Madhya Pradesh - 2025,26-Jan 2am,11164.85,,,,
Madhya Pradesh - 2025,26-Jan 3am,11563.09,,,,
Madhya Pradesh - 2025,26-Jan 4am,11498.33,,,,
Madhya Pradesh - 2025,26-Jan 5am,11808.55,,,,
Madhya Pradesh - 2025,26-Jan 6am,12626.88,,,,
Madhya Pradesh - 2025,26-Jan 7am,15858.3,,,,
Madhya Pradesh - 2025,26-Jan 8am,16455.52,,,,
Madhya Pradesh - 2025,26-Jan 9am,17384.46,,,,
Madhya Pradesh - 2025,26-Jan 10am,17560.45,,,,
Madhya Pradesh - 2025,26-Jan 11am,17886.83,,,,
Madhya Pradesh - 2025,26-Jan 12pm,17197.34,,,,
Madhya Pradesh - 2025,26-Jan 1pm,17925.48,,,,
Madhya Pradesh - 2025,26-Jan 2pm,17293.06,,,,
Madhya Pradesh - 2025,26-Jan 3pm,16704.91,,,,
Madhya Pradesh - 2025,26-Jan 4pm,16285.75,,,,
Madhya Pradesh - 2025,26-Jan 5pm,15809.19,,,,
Madhya Pradesh - 2025,26-Jan 6pm,14235.76,,,,
Madhya Pradesh - 2025,26-Jan 7pm,13968.8,,,,
Madhya Pradesh - 2025,26-Jan 8pm,12517.33,,,,
Madhya Pradesh - 2025,26-Jan 9pm,10882.94,,,,
Madhya Pradesh - 2025,26-Jan 10pm,10475.71,,,,
Madhya Pradesh - 2025,26-Jan 11pm,11329.33,,,,
Madhya Pradesh - 2025,27-Jan 12am,10882.22,,,,
Madhya Pradesh - 2025,27-Jan 1am,11160.36,,,,
Madhya Pradesh - 2025,27-Jan 2am,10719.43,,,,
Madhya Pradesh - 2025,27-Jan 3am,11224.25,,,,
Madhya Pradesh - 2025,27-Jan 4am,10988.55,,,,
Madhya Pradesh - 2025,27-Jan 5am,11096.95,,,,
Madhya Pradesh - 2025,27-Jan 6am,11600.44,,,,
Madhya Pradesh - 2025,27-Jan 7am,15142.3,,,,
Madhya Pradesh - 2025,27-Jan 8am,16882.32,,,,
Madhya Pradesh - 2025,27-Jan 9am,17687.93,,,,
Madhya Pradesh - 2025,27-Jan 10am,17668.8,,,,
Madhya Pradesh - 2025,27-Jan 11am,17929.72,,,,
Madhya Pradesh - 2025,27-Jan 12pm,17640.42,,,,
Madhya Pradesh - 2025,27-Jan 1pm,17499.49,,,,
Madhya Pradesh - 2025,27-Jan 2pm,16988.43,,,,
Madhya Pradesh - 2025,27-Jan 3pm,16700.3,,,,
Madhya Pradesh - 2025,27-Jan 4pm,16442.77,,,,
Madhya Pradesh - 2025,27-Jan 5pm,16196.85,,,,
Madhya Pradesh - 2025,27-Jan 6pm,14795.62,,,,
Madhya Pradesh - 2025,27-Jan 7pm,14657.81,,,,
Madhya Pradesh - 2025,27-Jan 8pm,12933.04,,,,
Madhya Pradesh - 2025,27-Jan 9pm,11551.82,,,,
Madhya Pradesh - 2025,27-Jan 10pm,11223.83,,,,
Madhya Pradesh - 2025,27-Jan 11pm,12000.03,,,,
Madhya Pradesh - 2025,28-Jan 12am,11480.05,,,,
Madhya Pradesh - 2025,28-Jan 1am,11766.48,,,,
Madhya Pradesh - 2025,28-Jan 2am,11187.2,,,,
Madhya Pradesh - 2025,28-Jan 3am,11569.82,,,,
Madhya Pradesh - 2025,28-Jan 4am,11417.18,,,,
Madhya Pradesh - 2025,28-Jan 5am,11587.63,,,,
Madhya Pradesh - 2025,28-Jan 6am,12028.22,,,,
Madhya Pradesh - 2025,28-Jan 7am,15253.72,,,,
Madhya Pradesh - 2025,28-Jan 8am,15704.03,,,,
Madhya Pradesh - 2025,28-Jan 9am,17505.5,,,,
Madhya Pradesh - 2025,28-Jan 10am,17818.49,,,,
Madhya Pradesh - 2025,28-Jan 11am,17869.34,,,,
Madhya Pradesh - 2025,28-Jan 12pm,9328.73,,,,
Madhya Pradesh - 2025,28-Jan 1pm,17429.33,,,,
Madhya Pradesh - 2025,28-Jan 2pm,17084.83,,,,
Madhya Pradesh - 2025,28-Jan 3pm,16767.26,,,,
Madhya Pradesh - 2025,28-Jan 4pm,16559.2,,,,
Madhya Pradesh - 2025,28-Jan 5pm,16413.31,,,,
Madhya Pradesh - 2025,28-Jan 6pm,15231.79,,,,
Madhya Pradesh - 2025,28-Jan 7pm,14573.71,,,,
Madhya Pradesh - 2025,28-Jan 8pm,12646.24,,,,
Madhya Pradesh - 2025,28-Jan 9pm,11655.21,,,,
Madhya Pradesh - 2025,28-Jan 10pm,11387.49,,,,
Madhya Pradesh - 2025,28-Jan 11pm,12109.42,,,,
Madhya Pradesh - 2025,29-Jan 12am,11580.14,,,,
Madhya Pradesh - 2025,29-Jan 1am,11791.69,,,,
Madhya Pradesh - 2025,29-Jan 2am,11234.96,,,,
Madhya Pradesh - 2025,29-Jan 3am,11629.11,,,,
Madhya Pradesh - 2025,29-Jan 4am,11565.34,,,,
Madhya Pradesh - 2025,29-Jan 5am,11683.79,,,,
Madhya Pradesh - 2025,29-Jan 6am,12257.21,,,,
Madhya Pradesh - 2025,29-Jan 7am,15181.6,,,,
Madhya Pradesh - 2025,29-Jan 8am,16207.41,,,,
Madhya Pradesh - 2025,29-Jan 9am,17381.11,,,,
Madhya Pradesh - 2025,29-Jan 10am,17958.33,,,,
Madhya Pradesh - 2025,29-Jan 11am,18055.11,,,,
Madhya Pradesh - 2025,29-Jan 12pm,16895.97,,,,
Madhya Pradesh - 2025,29-Jan 1pm,17477.8,,,,
Madhya Pradesh - 2025,29-Jan 2pm,16883.35,,,,
Madhya Pradesh - 2025,29-Jan 3pm,16700.68,,,,
Madhya Pradesh - 2025,29-Jan 4pm,16395.77,,,,
Madhya Pradesh - 2025,29-Jan 5pm,16387.36,,,,
Madhya Pradesh - 2025,29-Jan 6pm,14591.2,,,,
Madhya Pradesh - 2025,29-Jan 7pm,13850.32,,,,
Madhya Pradesh - 2025,29-Jan 8pm,12378.41,,,,
Madhya Pradesh - 2025,29-Jan 9pm,11655.56,,,,
Madhya Pradesh - 2025,29-Jan 10pm,11380.96,,,,
Madhya Pradesh - 2025,29-Jan 11pm,12207.14,,,,
Madhya Pradesh - 2025,30-Jan 12am,11794.98,,,,
Madhya Pradesh - 2025,30-Jan 1am,11947.12,,,,
Madhya Pradesh - 2025,30-Jan 2am,11385.19,,,,
Madhya Pradesh - 2025,30-Jan 3am,11788.02,,,,
Madhya Pradesh - 2025,30-Jan 4am,11673.88,,,,
Madhya Pradesh - 2025,30-Jan 5am,11787.29,,,,
Madhya Pradesh - 2025,30-Jan 6am,12325.14,,,,
Madhya Pradesh - 2025,30-Jan 7am,15377.2,,,,
Madhya Pradesh - 2025,30-Jan 8am,16070,,,,
Madhya Pradesh - 2025,30-Jan 9am,16951.6,,,,
Madhya Pradesh - 2025,30-Jan 10am,18136.18,,,,
Madhya Pradesh - 2025,30-Jan 11am,18262.69,,,,
Madhya Pradesh - 2025,30-Jan 12pm,17066.96,,,,
Madhya Pradesh - 2025,30-Jan 1pm,17457.92,,,,
Madhya Pradesh - 2025,30-Jan 2pm,16758.26,,,,
Madhya Pradesh - 2025,30-Jan 3pm,16578.12,,,,
Madhya Pradesh - 2025,30-Jan 4pm,16544.38,,,,
Madhya Pradesh - 2025,30-Jan 5pm,16232.32,,,,
Madhya Pradesh - 2025,30-Jan 6pm,14826.92,,,,
Madhya Pradesh - 2025,30-Jan 7pm,14046.67,,,,
Madhya Pradesh - 2025,30-Jan 8pm,12493.99,,,,
Madhya Pradesh - 2025,30-Jan 9pm,11593.28,,,,
Madhya Pradesh - 2025,30-Jan 10pm,11474.42,,,,
Madhya Pradesh - 2025,30-Jan 11pm,12212.92,,,,
Madhya Pradesh - 2025,31-Jan 12am,11890.91,,,,
Madhya Pradesh - 2025,31-Jan 1am,12089.37,,,,
Madhya Pradesh - 2025,31-Jan 2am,11430.91,,,,
Madhya Pradesh - 2025,31-Jan 3am,11869.42,,,,
Madhya Pradesh - 2025,31-Jan 4am,11779.75,,,,
Madhya Pradesh - 2025,31-Jan 5am,11865.54,,,,
Madhya Pradesh - 2025,31-Jan 6am,12261.77,,,,
Madhya Pradesh - 2025,31-Jan 7am,15035.55,,,,
Madhya Pradesh - 2025,31-Jan 8am,15610.07,,,,
Madhya Pradesh - 2025,31-Jan 9am,17117.53,,,,
Madhya Pradesh - 2025,31-Jan 10am,17715.55,,,,
Madhya Pradesh - 2025,31-Jan 11am,17857.35,,,,
Madhya Pradesh - 2025,31-Jan 12pm,17412.82,,,,
Madhya Pradesh - 2025,31-Jan 1pm,17945.65,,,,
Madhya Pradesh - 2025,31-Jan 2pm,17148.07,,,,
Madhya Pradesh - 2025,31-Jan 3pm,16845.86,,,,
Madhya Pradesh - 2025,31-Jan 4pm,16591.99,,,,
Madhya Pradesh - 2025,31-Jan 5pm,16318.94,,,,
Madhya Pradesh - 2025,31-Jan 6pm,14877.81,,,,
Madhya Pradesh - 2025,31-Jan 7pm,14514.27,,,,
Madhya Pradesh - 2025,31-Jan 8pm,12639.96,,,,
Madhya Pradesh - 2025,31-Jan 9pm,11604.17,,,,
Madhya Pradesh - 2025,31-Jan 10pm,11431.79,,,,
Madhya Pradesh - 2025,31-Jan 11pm,12397.7,,,,
Madhya Pradesh - 2025,01-Feb 12am,11341.61,,,,
Madhya Pradesh - 2025,01-Feb 1am,12002.13,,,,
Madhya Pradesh - 2025,01-Feb 2am,11392.18,,,,
Madhya Pradesh - 2025,01-Feb 3am,11894.53,,,,
Madhya Pradesh - 2025,01-Feb 4am,11764.91,,,,
Madhya Pradesh - 2025,01-Feb 5am,11898.6,,,,
Madhya Pradesh - 2025,01-Feb 6am,12368.84,,,,
Madhya Pradesh - 2025,01-Feb 7am,14838.93,,,,
Madhya Pradesh - 2025,01-Feb 8am,15498.92,,,,
Madhya Pradesh - 2025,01-Feb 9am,16737.68,,,,
Madhya Pradesh - 2025,01-Feb 10am,17779.1,,,,
Madhya Pradesh - 2025,01-Feb 11am,18214.4,,,,
Madhya Pradesh - 2025,01-Feb 12pm,17067.48,,,,
Madhya Pradesh - 2025,01-Feb 1pm,17731.93,,,,
Madhya Pradesh - 2025,01-Feb 2pm,17162.09,,,,
Madhya Pradesh - 2025,01-Feb 3pm,17094.32,,,,
Madhya Pradesh - 2025,01-Feb 4pm,16903.95,,,,
Madhya Pradesh - 2025,01-Feb 5pm,16130.68,,,,
Madhya Pradesh - 2025,01-Feb 6pm,14947.69,,,,
Madhya Pradesh - 2025,01-Feb 7pm,14607.36,,,,
Madhya Pradesh - 2025,01-Feb 8pm,12974.54,,,,
Madhya Pradesh - 2025,01-Feb 9pm,11507.83,,,,
Madhya Pradesh - 2025,01-Feb 10pm,11485.34,,,,
Madhya Pradesh - 2025,01-Feb 11pm,12669.02,,,,
Madhya Pradesh - 2025,02-Feb 12am,12140.99,,,,
Madhya Pradesh - 2025,02-Feb 1am,12427.98,,,,
Madhya Pradesh - 2025,02-Feb 2am,11706.39,,,,
Madhya Pradesh - 2025,02-Feb 3am,11969.85,,,,
Madhya Pradesh - 2025,02-Feb 4am,12038.57,,,,
Madhya Pradesh - 2025,02-Feb 5am,12117.93,,,,
Madhya Pradesh - 2025,02-Feb 6am,12306.81,,,,
Madhya Pradesh - 2025,02-Feb 7am,14998.34,,,,
Madhya Pradesh - 2025,02-Feb 8am,16121.85,,,,
Madhya Pradesh - 2025,02-Feb 9am,16892.09,,,,
Madhya Pradesh - 2025,02-Feb 10am,17544.4,,,,
Madhya Pradesh - 2025,02-Feb 11am,18106.67,,,,
Madhya Pradesh - 2025,02-Feb 12pm,16935.4,,,,
Madhya Pradesh - 2025,02-Feb 1pm,17583.73,,,,
Madhya Pradesh - 2025,02-Feb 2pm,17037.89,,,,
Madhya Pradesh - 2025,02-Feb 3pm,16881.23,,,,
Madhya Pradesh - 2025,02-Feb 4pm,16633.14,,,,
Madhya Pradesh - 2025,02-Feb 5pm,16156.83,,,,
Madhya Pradesh - 2025,02-Feb 6pm,14591.83,,,,
Madhya Pradesh - 2025,02-Feb 7pm,14118.91,,,,
Madhya Pradesh - 2025,02-Feb 8pm,12582.09,,,,
Madhya Pradesh - 2025,02-Feb 9pm,11256.9,,,,
Madhya Pradesh - 2025,02-Feb 10pm,11255.19,,,,
Madhya Pradesh - 2025,02-Feb 11pm,12491.91,,,,
Madhya Pradesh - 2025,03-Feb 12am,12031.14,,,,
Madhya Pradesh - 2025,03-Feb 1am,12188.65,,,,
Madhya Pradesh - 2025,03-Feb 2am,11495.19,,,,
Madhya Pradesh - 2025,03-Feb 3am,11859.99,,,,
Madhya Pradesh - 2025,03-Feb 4am,11862.42,,,,
Madhya Pradesh - 2025,03-Feb 5am,12038.62,,,,
Madhya Pradesh - 2025,03-Feb 6am,12470.1,,,,
Madhya Pradesh - 2025,03-Feb 7am,14833.32,,,,
Madhya Pradesh - 2025,03-Feb 8am,15828.21,,,,
Madhya Pradesh - 2025,03-Feb 9am,16764.77,,,,
Madhya Pradesh - 2025,03-Feb 10am,17214.36,,,,
Madhya Pradesh - 2025,03-Feb 11am,18133.44,,,,
Madhya Pradesh - 2025,03-Feb 12pm,17089.37,,,,
Madhya Pradesh - 2025,03-Feb 1pm,17692.02,,,,
Madhya Pradesh - 2025,03-Feb 2pm,17183.7,,,,
Madhya Pradesh - 2025,03-Feb 3pm,16949.59,,,,
Madhya Pradesh - 2025,03-Feb 4pm,16997.97,,,,
Madhya Pradesh - 2025,03-Feb 5pm,16021.48,,,,
Madhya Pradesh - 2025,03-Feb 6pm,14891.96,,,,
Madhya Pradesh - 2025,03-Feb 7pm,14507.7,,,,
Madhya Pradesh - 2025,03-Feb 8pm,12798.47,,,,
Madhya Pradesh - 2025,03-Feb 9pm,11384.18,,,,
Madhya Pradesh - 2025,03-Feb 10pm,11541.01,,,,
Madhya Pradesh - 2025,03-Feb 11pm,12848.59,,,,
Madhya Pradesh - 2025,04-Feb 12am,12252.21,,,,
Madhya Pradesh - 2025,04-Feb 1am,12262.09,,,,
Madhya Pradesh - 2025,04-Feb 2am,11817.45,,,,
Madhya Pradesh - 2025,04-Feb 3am,12149.73,,,,
Madhya Pradesh - 2025,04-Feb 4am,12136.61,,,,
Madhya Pradesh - 2025,04-Feb 5am,12236.57,,,,
Madhya Pradesh - 2025,04-Feb 6am,12596.19,,,,
Madhya Pradesh - 2025,04-Feb 7am,14343.2,,,,
Madhya Pradesh - 2025,04-Feb 8am,14493.1,,,,
Madhya Pradesh - 2025,04-Feb 9am,16343.93,,,,
Madhya Pradesh - 2025,04-Feb 10am,16928.88,,,,
Madhya Pradesh - 2025,04-Feb 11am,17875.3,,,,
Madhya Pradesh - 2025,04-Feb 12pm,17066.83,,,,
Madhya Pradesh - 2025,04-Feb 1pm,17619.71,,,,
Madhya Pradesh - 2025,04-Feb 2pm,17199.02,,,,
Madhya Pradesh - 2025,04-Feb 3pm,17023.28,,,,
Madhya Pradesh - 2025,04-Feb 4pm,17112.92,,,,
Madhya Pradesh - 2025,04-Feb 5pm,16355.33,,,,
Madhya Pradesh - 2025,04-Feb 6pm,14913.7,,,,
Madhya Pradesh - 2025,04-Feb 7pm,14535.98,,,,
Madhya Pradesh - 2025,04-Feb 8pm,12741.81,,,,
Madhya Pradesh - 2025,04-Feb 9pm,11306.22,,,,
Madhya Pradesh - 2025,04-Feb 10pm,11587.5,,,,
Madhya Pradesh - 2025,04-Feb 11pm,12843.67,,,,
Madhya Pradesh - 2025,05-Feb 12am,12236.03,,,,
Madhya Pradesh - 2025,05-Feb 1am,12577.16,,,,
Madhya Pradesh - 2025,05-Feb 2am,11907.97,,,,
Madhya Pradesh - 2025,05-Feb 3am,12343.94,,,,
Madhya Pradesh - 2025,05-Feb 4am,12293.72,,,,
Madhya Pradesh - 2025,05-Feb 5am,12231.44,,,,
Madhya Pradesh - 2025,05-Feb 6am,12620.94,,,,
Madhya Pradesh - 2025,05-Feb 7am,14820.62,,,,
Madhya Pradesh - 2025,05-Feb 8am,15111.41,,,,
Madhya Pradesh - 2025,05-Feb 9am,17007.17,,,,
Madhya Pradesh - 2025,05-Feb 10am,16878.88,,,,
Madhya Pradesh - 2025,05-Feb 11am,17296.51,,,,
Madhya Pradesh - 2025,05-Feb 12pm,16717.21,,,,
Madhya Pradesh - 2025,05-Feb 1pm,17449.98,,,,
Madhya Pradesh - 2025,05-Feb 2pm,17021.49,,,,
Madhya Pradesh - 2025,05-Feb 3pm,16888.59,,,,
Madhya Pradesh - 2025,05-Feb 4pm,16803.07,,,,
Madhya Pradesh - 2025,05-Feb 5pm,16386.15,,,,
Madhya Pradesh - 2025,05-Feb 6pm,15035.78,,,,
Madhya Pradesh - 2025,05-Feb 7pm,14731.45,,,,
Madhya Pradesh - 2025,05-Feb 8pm,13153.15,,,,
Madhya Pradesh - 2025,05-Feb 9pm,11529.96,,,,
Madhya Pradesh - 2025,05-Feb 10pm,11589.04,,,,
Madhya Pradesh - 2025,05-Feb 11pm,12849.81,,,,
Madhya Pradesh - 2025,06-Feb 12am,12687.68,,,,
Madhya Pradesh - 2025,06-Feb 1am,9328.73,,,,
Madhya Pradesh - 2025,06-Feb 2am,11861.14,,,,
Madhya Pradesh - 2025,06-Feb 3am,12218.63,,,,
Madhya Pradesh - 2025,06-Feb 4am,12117.26,,,,
Madhya Pradesh - 2025,06-Feb 5am,12081.77,,,,
Madhya Pradesh - 2025,06-Feb 6am,12349.74,,,,
Madhya Pradesh - 2025,06-Feb 7am,15610.98,,,,
Madhya Pradesh - 2025,06-Feb 8am,16841.6,,,,
Madhya Pradesh - 2025,06-Feb 9am,17446.09,,,,
Madhya Pradesh - 2025,06-Feb 10am,17509.3,,,,
Madhya Pradesh - 2025,06-Feb 11am,17526.68,,,,
Madhya Pradesh - 2025,06-Feb 12pm,16456.23,,,,
Madhya Pradesh - 2025,06-Feb 1pm,16956.2,,,,
Madhya Pradesh - 2025,06-Feb 2pm,16327.7,,,,
Madhya Pradesh - 2025,06-Feb 3pm,16433.74,,,,
Madhya Pradesh - 2025,06-Feb 4pm,16424.26,,,,
Madhya Pradesh - 2025,06-Feb 5pm,16107.31,,,,
Madhya Pradesh - 2025,06-Feb 6pm,14679.88,,,,
Madhya Pradesh - 2025,06-Feb 7pm,14510.82,,,,
Madhya Pradesh - 2025,06-Feb 8pm,12940.61,,,,
Madhya Pradesh - 2025,06-Feb 9pm,11465.63,,,,
Madhya Pradesh - 2025,06-Feb 10pm,11421.1,,,,
Madhya Pradesh - 2025,06-Feb 11pm,12603.74,,,,
Madhya Pradesh - 2025,07-Feb 12am,12235.6,,,,
Madhya Pradesh - 2025,07-Feb 1am,12060.78,,,,
Madhya Pradesh - 2025,07-Feb 2am,11472.32,,,,
Madhya Pradesh - 2025,07-Feb 3am,11936.34,,,,
Madhya Pradesh - 2025,07-Feb 4am,11711.7,,,,
Madhya Pradesh - 2025,07-Feb 5am,11879.32,,,,
Madhya Pradesh - 2025,07-Feb 6am,12062.39,,,,
Madhya Pradesh - 2025,07-Feb 7am,15404.11,,,,
Madhya Pradesh - 2025,07-Feb 8am,16795.65,,,,
Madhya Pradesh - 2025,07-Feb 9am,17535.71,,,,
Madhya Pradesh - 2025,07-Feb 10am,17912.75,,,,
Madhya Pradesh - 2025,07-Feb 11am,18133.61,,,,
Madhya Pradesh - 2025,07-Feb 12pm,17067.19,,,,
Madhya Pradesh - 2025,07-Feb 1pm,17455.59,,,,
Madhya Pradesh - 2025,07-Feb 2pm,16733.68,,,,
Madhya Pradesh - 2025,07-Feb 3pm,16421.9,,,,
Madhya Pradesh - 2025,07-Feb 4pm,16497.89,,,,
Madhya Pradesh - 2025,07-Feb 5pm,16152.76,,,,
Madhya Pradesh - 2025,07-Feb 6pm,14866.12,,,,
Madhya Pradesh - 2025,07-Feb 7pm,14445.36,,,,
Madhya Pradesh - 2025,07-Feb 8pm,12951.19,,,,
Madhya Pradesh - 2025,07-Feb 9pm,11418.14,,,,
Madhya Pradesh - 2025,07-Feb 10pm,11382.62,,,,
Madhya Pradesh - 2025,07-Feb 11pm,12650.54,,,,
Madhya Pradesh - 2025,08-Feb 12am,12094.17,,,,
Madhya Pradesh - 2025,08-Feb 1am,12195.27,,,,
Madhya Pradesh - 2025,08-Feb 2am,11480.19,,,,
Madhya Pradesh - 2025,08-Feb 3am,11929.53,,,,
Madhya Pradesh - 2025,08-Feb 4am,11827.87,,,,
Madhya Pradesh - 2025,08-Feb 5am,11805.82,,,,
Madhya Pradesh - 2025,08-Feb 6am,12184.02,,,,
Madhya Pradesh - 2025,08-Feb 7am,15469.7,,,,
Madhya Pradesh - 2025,08-Feb 8am,16752.62,,,,
Madhya Pradesh - 2025,08-Feb 9am,17680.27,,,,
Madhya Pradesh - 2025,08-Feb 10am,17988.33,,,,
Madhya Pradesh - 2025,08-Feb 11am,18120.58,,,,
Madhya Pradesh - 2025,08-Feb 12pm,17117.63,,,,
Madhya Pradesh - 2025,08-Feb 1pm,17702.21,,,,
Madhya Pradesh - 2025,08-Feb 2pm,17096.27,,,,
Madhya Pradesh - 2025,08-Feb 3pm,16939.54,,,,
Madhya Pradesh - 2025,08-Feb 4pm,16824.14,,,,
Madhya Pradesh - 2025,08-Feb 5pm,16447.06,,,,
Madhya Pradesh - 2025,08-Feb 6pm,14939.43,,,,
Madhya Pradesh - 2025,08-Feb 7pm,14650.55,,,,
Madhya Pradesh - 2025,08-Feb 8pm,13087.97,,,,
Madhya Pradesh - 2025,08-Feb 9pm,11613.86,,,,
Madhya Pradesh - 2025,08-Feb 10pm,11553.46,,,,
Madhya Pradesh - 2025,08-Feb 11pm,12875.22,,,,
Madhya Pradesh - 2025,09-Feb 12am,12443.12,,,,
Madhya Pradesh - 2025,09-Feb 1am,12473.98,,,,
Madhya Pradesh - 2025,09-Feb 2am,11768.87,,,,
Madhya Pradesh - 2025,09-Feb 3am,12208.34,,,,
Madhya Pradesh - 2025,09-Feb 4am,12153.49,,,,
Madhya Pradesh - 2025,09-Feb 5am,12086.66,,,,
Madhya Pradesh - 2025,09-Feb 6am,12272.9,,,,
Madhya Pradesh - 2025,09-Feb 7am,15333.67,,,,
Madhya Pradesh - 2025,09-Feb 8am,16512.01,,,,
Madhya Pradesh - 2025,09-Feb 9am,17397.92,,,,
Madhya Pradesh - 2025,09-Feb 10am,17615.09,,,,
Madhya Pradesh - 2025,09-Feb 11am,17939.78,,,,
Madhya Pradesh - 2025,09-Feb 12pm,16940.38,,,,
Madhya Pradesh - 2025,09-Feb 1pm,17343.66,,,,
Madhya Pradesh - 2025,09-Feb 2pm,16855.15,,,,
Madhya Pradesh - 2025,09-Feb 3pm,16600.41,,,,
Madhya Pradesh - 2025,09-Feb 4pm,16448.44,,,,
Madhya Pradesh - 2025,09-Feb 5pm,15870.82,,,,
Madhya Pradesh - 2025,09-Feb 6pm,14307.89,,,,
Madhya Pradesh - 2025,09-Feb 7pm,14142.62,,,,
Madhya Pradesh - 2025,09-Feb 8pm,12707.71,,,,
Madhya Pradesh - 2025,09-Feb 9pm,11340.18,,,,
Madhya Pradesh - 2025,09-Feb 10pm,11566.06,,,,
Madhya Pradesh - 2025,09-Feb 11pm,12907.78,,,,
Madhya Pradesh - 2025,10-Feb 12am,12439.05,,,,
Madhya Pradesh - 2025,10-Feb 1am,12498.44,,,,
Madhya Pradesh - 2025,10-Feb 2am,11766.8,,,,
Madhya Pradesh - 2025,10-Feb 3am,12191.82,,,,
Madhya Pradesh - 2025,10-Feb 4am,12142.89,,,,
Madhya Pradesh - 2025,10-Feb 5am,12216.75,,,,
Madhya Pradesh - 2025,10-Feb 6am,12591.01,,,,
Madhya Pradesh - 2025,10-Feb 7am,15209.68,,,,
Madhya Pradesh - 2025,10-Feb 8am,16057.69,,,,
Madhya Pradesh - 2025,10-Feb 9am,16978.12,,,,
Madhya Pradesh - 2025,10-Feb 10am,17663.51,,,,
Madhya Pradesh - 2025,10-Feb 11am,17949.35,,,,
Madhya Pradesh - 2025,10-Feb 12pm,17538.24,,,,
Madhya Pradesh - 2025,10-Feb 1pm,17181.91,,,,
Madhya Pradesh - 2025,10-Feb 2pm,16528.27,,,,
Madhya Pradesh - 2025,10-Feb 3pm,16430.58,,,,
Madhya Pradesh - 2025,10-Feb 4pm,16438.18,,,,
Madhya Pradesh - 2025,10-Feb 5pm,15863.41,,,,
Madhya Pradesh - 2025,10-Feb 6pm,14850.94,,,,
Madhya Pradesh - 2025,10-Feb 7pm,14458.18,,,,
Madhya Pradesh - 2025,10-Feb 8pm,12997.81,,,,
Madhya Pradesh - 2025,10-Feb 9pm,11626.28,,,,
Madhya Pradesh - 2025,10-Feb 10pm,11852.78,,,,
Madhya Pradesh - 2025,10-Feb 11pm,13097.46,,,,
Madhya Pradesh - 2025,11-Feb 12am,12833.15,,,,
Madhya Pradesh - 2025,11-Feb 1am,12835.31,,,,
Madhya Pradesh - 2025,11-Feb 2am,12167.41,,,,
Madhya Pradesh - 2025,11-Feb 3am,12531.03,,,,
Madhya Pradesh - 2025,11-Feb 4am,12466.05,,,,
Madhya Pradesh - 2025,11-Feb 5am,12333.13,,,,
Madhya Pradesh - 2025,11-Feb 6am,12611.33,,,,
Madhya Pradesh - 2025,11-Feb 7am,14843.63,,,,
Madhya Pradesh - 2025,11-Feb 8am,15262.64,,,,
Madhya Pradesh - 2025,11-Feb 9am,16863.61,,,,
Madhya Pradesh - 2025,11-Feb 10am,16779.76,,,,
Madhya Pradesh - 2025,11-Feb 11am,17361.73,,,,
Madhya Pradesh - 2025,11-Feb 12pm,16561.22,,,,
Madhya Pradesh - 2025,11-Feb 1pm,16986.86,,,,
Madhya Pradesh - 2025,11-Feb 2pm,16498.34,,,,
Madhya Pradesh - 2025,11-Feb 3pm,16269.08,,,,
Madhya Pradesh - 2025,11-Feb 4pm,16374.8,,,,
Madhya Pradesh - 2025,11-Feb 5pm,16084.33,,,,
Madhya Pradesh - 2025,11-Feb 6pm,14749.66,,,,
Madhya Pradesh - 2025,11-Feb 7pm,14482.22,,,,
Madhya Pradesh - 2025,11-Feb 8pm,12948.33,,,,
Madhya Pradesh - 2025,11-Feb 9pm,11547.77,,,,
Madhya Pradesh - 2025,11-Feb 10pm,11770.46,,,,
Madhya Pradesh - 2025,11-Feb 11pm,13125.06,,,,
Madhya Pradesh - 2025,12-Feb 12am,12832.76,,,,
Madhya Pradesh - 2025,12-Feb 1am,12756.2,,,,
Madhya Pradesh - 2025,12-Feb 2am,12160.69,,,,
Madhya Pradesh - 2025,12-Feb 3am,12462.35,,,,
Madhya Pradesh - 2025,12-Feb 4am,12409.42,,,,
Madhya Pradesh - 2025,12-Feb 5am,12495.8,,,,
Madhya Pradesh - 2025,12-Feb 6am,12610.29,,,,
Madhya Pradesh - 2025,12-Feb 7am,15133.85,,,,
Madhya Pradesh - 2025,12-Feb 8am,16490.04,,,,
Madhya Pradesh - 2025,12-Feb 9am,17366.84,,,,
Madhya Pradesh - 2025,12-Feb 10am,17525.94,,,,
Madhya Pradesh - 2025,12-Feb 11am,17903.35,,,,
Madhya Pradesh - 2025,12-Feb 12pm,16769.25,,,,
Madhya Pradesh - 2025,12-Feb 1pm,17112.83,,,,
Madhya Pradesh - 2025,12-Feb 2pm,16672.97,,,,
Madhya Pradesh - 2025,12-Feb 3pm,16460.53,,,,
Madhya Pradesh - 2025,12-Feb 4pm,16306.73,,,,
Madhya Pradesh - 2025,12-Feb 5pm,15974.25,,,,
Madhya Pradesh - 2025,12-Feb 6pm,14714.39,,,,
Madhya Pradesh - 2025,12-Feb 7pm,14617.09,,,,
Madhya Pradesh - 2025,12-Feb 8pm,12951.53,,,,
Madhya Pradesh - 2025,12-Feb 9pm,11558.38,,,,
Madhya Pradesh - 2025,12-Feb 10pm,11713.45,,,,
Madhya Pradesh - 2025,12-Feb 11pm,13138.95,,,,
Madhya Pradesh - 2025,13-Feb 12am,12916.79,,,,
Madhya Pradesh - 2025,13-Feb 1am,12807.42,,,,
Madhya Pradesh - 2025,13-Feb 2am,12211.87,,,,
Madhya Pradesh - 2025,13-Feb 3am,12605.53,,,,
Madhya Pradesh - 2025,13-Feb 4am,12492.21,,,,
Madhya Pradesh - 2025,13-Feb 5am,12423.42,,,,
Madhya Pradesh - 2025,13-Feb 6am,12705.69,,,,
Madhya Pradesh - 2025,13-Feb 7am,15212.89,,,,
Madhya Pradesh - 2025,13-Feb 8am,16400.87,,,,
Madhya Pradesh - 2025,13-Feb 9am,17357.27,,,,
Madhya Pradesh - 2025,13-Feb 10am,17346.89,,,,
Madhya Pradesh - 2025,13-Feb 11am,17477.78,,,,
Madhya Pradesh - 2025,13-Feb 12pm,16305.17,,,,
Madhya Pradesh - 2025,13-Feb 1pm,16951.89,,,,
Madhya Pradesh - 2025,13-Feb 2pm,16359.25,,,,
Madhya Pradesh - 2025,13-Feb 3pm,16489.74,,,,
Madhya Pradesh - 2025,13-Feb 4pm,16466.37,,,,
Madhya Pradesh - 2025,13-Feb 5pm,15994.56,,,,
Madhya Pradesh - 2025,13-Feb 6pm,14835.58,,,,
Madhya Pradesh - 2025,13-Feb 7pm,14719.77,,,,
Madhya Pradesh - 2025,13-Feb 8pm,13174.84,,,,
Madhya Pradesh - 2025,13-Feb 9pm,11746.63,,,,
Madhya Pradesh - 2025,13-Feb 10pm,11791.99,,,,
Madhya Pradesh - 2025,13-Feb 11pm,13051.26,,,,
Madhya Pradesh - 2025,14-Feb 12am,12788.79,,,,
Madhya Pradesh - 2025,14-Feb 1am,12712.36,,,,
Madhya Pradesh - 2025,14-Feb 2am,12115.27,,,,
Madhya Pradesh - 2025,14-Feb 3am,12470.4,,,,
Madhya Pradesh - 2025,14-Feb 4am,12488.86,,,,
Madhya Pradesh - 2025,14-Feb 5am,12252.41,,,,
Madhya Pradesh - 2025,14-Feb 6am,12565.63,,,,
Madhya Pradesh - 2025,14-Feb 7am,15374.96,,,,
Madhya Pradesh - 2025,14-Feb 8am,16462.26,,,,
Madhya Pradesh - 2025,14-Feb 9am,17620.28,,,,
Madhya Pradesh - 2025,14-Feb 10am,17609.58,,,,
Madhya Pradesh - 2025,14-Feb 11am,17903.43,,,,
Madhya Pradesh - 2025,14-Feb 12pm,16829.24,,,,
Madhya Pradesh - 2025,14-Feb 1pm,17455.88,,,,
Madhya Pradesh - 2025,14-Feb 2pm,16725.33,,,,
Madhya Pradesh - 2025,14-Feb 3pm,16497.69,,,,
Madhya Pradesh - 2025,14-Feb 4pm,16544.7,,,,
Madhya Pradesh - 2025,14-Feb 5pm,16064.51,,,,
Madhya Pradesh - 2025,14-Feb 6pm,14577.38,,,,
Madhya Pradesh - 2025,14-Feb 7pm,14525.51,,,,
Madhya Pradesh - 2025,14-Feb 8pm,12855.03,,,,
Madhya Pradesh - 2025,14-Feb 9pm,11641.62,,,,
Madhya Pradesh - 2025,14-Feb 10pm,11670.62,,,,
Madhya Pradesh - 2025,14-Feb 11pm,13047.71,,,,
Madhya Pradesh - 2025,15-Feb 12am,12670.98,,,,
Madhya Pradesh - 2025,15-Feb 1am,12751.26,,,,
Madhya Pradesh - 2025,15-Feb 2am,12036.78,,,,
Madhya Pradesh - 2025,15-Feb 3am,12414.53,,,,
Madhya Pradesh - 2025,15-Feb 4am,12297.86,,,,
Madhya Pradesh - 2025,15-Feb 5am,12260.17,,,,
Madhya Pradesh - 2025,15-Feb 6am,12461.92,,,,
Madhya Pradesh - 2025,15-Feb 7am,15740.52,,,,
Madhya Pradesh - 2025,15-Feb 8am,16705.76,,,,
Madhya Pradesh - 2025,15-Feb 9am,17279.75,,,,
Madhya Pradesh - 2025,15-Feb 10am,17421.2,,,,
Madhya Pradesh - 2025,15-Feb 11am,17846.38,,,,
Madhya Pradesh - 2025,15-Feb 12pm,16485.51,,,,
Madhya Pradesh - 2025,15-Feb 1pm,17144.93,,,,
Madhya Pradesh - 2025,15-Feb 2pm,16538.7,,,,
Madhya Pradesh - 2025,15-Feb 3pm,16579.7,,,,
Madhya Pradesh - 2025,15-Feb 4pm,16327.63,,,,
Madhya Pradesh - 2025,15-Feb 5pm,15810.88,,,,
Madhya Pradesh - 2025,15-Feb 6pm,14470.15,,,,
Madhya Pradesh - 2025,15-Feb 7pm,14393.7,,,,
Madhya Pradesh - 2025,15-Feb 8pm,12854.38,,,,
Madhya Pradesh - 2025,15-Feb 9pm,11404.03,,,,
Madhya Pradesh - 2025,15-Feb 10pm,11615.52,,,,
Madhya Pradesh - 2025,15-Feb 11pm,12955.52,,,,
Madhya Pradesh - 2025,16-Feb 12am,12340.74,,,,
Madhya Pradesh - 2025,16-Feb 1am,12627.78,,,,
Madhya Pradesh - 2025,16-Feb 2am,12077.77,,,,
Madhya Pradesh - 2025,16-Feb 3am,12550.87,,,,
Madhya Pradesh - 2025,16-Feb 4am,12399.34,,,,
Madhya Pradesh - 2025,16-Feb 5am,12246.14,,,,
Madhya Pradesh - 2025,16-Feb 6am,12443.45,,,,
Madhya Pradesh - 2025,16-Feb 7am,15379.96,,,,
Madhya Pradesh - 2025,16-Feb 8am,16224.43,,,,
Madhya Pradesh - 2025,16-Feb 9am,16893.61,,,,
Madhya Pradesh - 2025,16-Feb 10am,17053.55,,,,
Madhya Pradesh - 2025,16-Feb 11am,17404.34,,,,
Madhya Pradesh - 2025,16-Feb 12pm,16322.94,,,,
Madhya Pradesh - 2025,16-Feb 1pm,16909.4,,,,
Madhya Pradesh - 2025,16-Feb 2pm,16424.8,,,,
Madhya Pradesh - 2025,16-Feb 3pm,16288.77,,,,
Madhya Pradesh - 2025,16-Feb 4pm,16031.56,,,,
Madhya Pradesh - 2025,16-Feb 5pm,15226.24,,,,
Madhya Pradesh - 2025,16-Feb 6pm,14029.29,,,,
Madhya Pradesh - 2025,16-Feb 7pm,13837.42,,,,
Madhya Pradesh - 2025,16-Feb 8pm,12313.12,,,,
Madhya Pradesh - 2025,16-Feb 9pm,11211.51,,,,
Madhya Pradesh - 2025,16-Feb 10pm,11590.9,,,,
Madhya Pradesh - 2025,16-Feb 11pm,13007.4,,,,
Madhya Pradesh - 2025,17-Feb 12am,12454.48,,,,
Madhya Pradesh - 2025,17-Feb 1am,12629.81,,,,
Madhya Pradesh - 2025,17-Feb 2am,12016.18,,,,
Madhya Pradesh - 2025,17-Feb 3am,12469.74,,,,
Madhya Pradesh - 2025,17-Feb 4am,12320.95,,,,
Madhya Pradesh - 2025,17-Feb 5am,12261.08,,,,
Madhya Pradesh - 2025,17-Feb 6am,12660.03,,,,
Madhya Pradesh - 2025,17-Feb 7am,15693,,,,
Madhya Pradesh - 2025,17-Feb 8am,16553.81,,,,
Madhya Pradesh - 2025,17-Feb 9am,17109.82,,,,
Madhya Pradesh - 2025,17-Feb 10am,17229.12,,,,
Madhya Pradesh - 2025,17-Feb 11am,17434.39,,,,
Madhya Pradesh - 2025,17-Feb 12pm,16446.48,,,,
Madhya Pradesh - 2025,17-Feb 1pm,17033.21,,,,
Madhya Pradesh - 2025,17-Feb 2pm,16466.57,,,,
Madhya Pradesh - 2025,17-Feb 3pm,16385.11,,,,
Madhya Pradesh - 2025,17-Feb 4pm,16363.32,,,,
Madhya Pradesh - 2025,17-Feb 5pm,15790.65,,,,
Madhya Pradesh - 2025,17-Feb 6pm,14452.71,,,,
Madhya Pradesh - 2025,17-Feb 7pm,14531.75,,,,
Madhya Pradesh - 2025,17-Feb 8pm,12864.66,,,,
Madhya Pradesh - 2025,17-Feb 9pm,11416.64,,,,
Madhya Pradesh - 2025,17-Feb 10pm,11864.47,,,,
Madhya Pradesh - 2025,17-Feb 11pm,13266.67,,,,
Madhya Pradesh - 2025,18-Feb 12am,12836.58,,,,
Madhya Pradesh - 2025,18-Feb 1am,12853.52,,,,
Madhya Pradesh - 2025,18-Feb 2am,12262.04,,,,
Madhya Pradesh - 2025,18-Feb 3am,12618.16,,,,
Madhya Pradesh - 2025,18-Feb 4am,12444.38,,,,
Madhya Pradesh - 2025,18-Feb 5am,12391.79,,,,
Madhya Pradesh - 2025,18-Feb 6am,12784.44,,,,
Madhya Pradesh - 2025,18-Feb 7am,15540.81,,,,
Madhya Pradesh - 2025,18-Feb 8am,16659.63,,,,
Madhya Pradesh - 2025,18-Feb 9am,17113.98,,,,
Madhya Pradesh - 2025,18-Feb 10am,16883.07,,,,
Madhya Pradesh - 2025,18-Feb 11am,17504.15,,,,
Madhya Pradesh - 2025,18-Feb 12pm,16409.3,,,,
Madhya Pradesh - 2025,18-Feb 1pm,16858.07,,,,
Madhya Pradesh - 2025,18-Feb 2pm,16335.98,,,,
Madhya Pradesh - 2025,18-Feb 3pm,16339.06,,,,
Madhya Pradesh - 2025,18-Feb 4pm,16298.01,,,,
Madhya Pradesh - 2025,18-Feb 5pm,15734.13,,,,
Madhya Pradesh - 2025,18-Feb 6pm,14510.37,,,,
Madhya Pradesh - 2025,18-Feb 7pm,14511.93,,,,
Madhya Pradesh - 2025,18-Feb 8pm,12824.24,,,,
Madhya Pradesh - 2025,18-Feb 9pm,11442.08,,,,
Madhya Pradesh - 2025,18-Feb 10pm,11772.88,,,,
Madhya Pradesh - 2025,18-Feb 11pm,13119.9,,,,
Madhya Pradesh - 2025,19-Feb 12am,12743.74,,,,
Madhya Pradesh - 2025,19-Feb 1am,12930.56,,,,
Madhya Pradesh - 2025,19-Feb 2am,12230.8,,,,
Madhya Pradesh - 2025,19-Feb 3am,12654.34,,,,
Madhya Pradesh - 2025,19-Feb 4am,12519.5,,,,
Madhya Pradesh - 2025,19-Feb 5am,12470.92,,,,
Madhya Pradesh - 2025,19-Feb 6am,12769.86,,,,
Madhya Pradesh - 2025,19-Feb 7am,15663.26,,,,
Madhya Pradesh - 2025,19-Feb 8am,16465.91,,,,
Madhya Pradesh - 2025,19-Feb 9am,16966.79,,,,
Madhya Pradesh - 2025,19-Feb 10am,17109.75,,,,
Madhya Pradesh - 2025,19-Feb 11am,17261.27,,,,
Madhya Pradesh - 2025,19-Feb 12pm,16037.35,,,,
Madhya Pradesh - 2025,19-Feb 1pm,16707.67,,,,
Madhya Pradesh - 2025,19-Feb 2pm,16323.22,,,,
Madhya Pradesh - 2025,19-Feb 3pm,16450.15,,,,
Madhya Pradesh - 2025,19-Feb 4pm,16134.23,,,,
Madhya Pradesh - 2025,19-Feb 5pm,15662.45,,,,
Madhya Pradesh - 2025,19-Feb 6pm,14389.37,,,,
Madhya Pradesh - 2025,19-Feb 7pm,14472.19,,,,
Madhya Pradesh - 2025,19-Feb 8pm,12992.65,,,,
Madhya Pradesh - 2025,19-Feb 9pm,11510.41,,,,
Madhya Pradesh - 2025,19-Feb 10pm,11829.38,,,,
Madhya Pradesh - 2025,19-Feb 11pm,13147.93,,,,
Madhya Pradesh - 2025,20-Feb 12am,12574.8,,,,
Madhya Pradesh - 2025,20-Feb 1am,12585.9,,,,
Madhya Pradesh - 2025,20-Feb 2am,12056.51,,,,
Madhya Pradesh - 2025,20-Feb 3am,12340.6,,,,
Madhya Pradesh - 2025,20-Feb 4am,12210.91,,,,
Madhya Pradesh - 2025,20-Feb 5am,12086.22,,,,
Madhya Pradesh - 2025,20-Feb 6am,12207.43,,,,
Madhya Pradesh - 2025,20-Feb 7am,15155.42,,,,
Madhya Pradesh - 2025,20-Feb 8am,16052.37,,,,
Madhya Pradesh - 2025,20-Feb 9am,16477.55,,,,
Madhya Pradesh - 2025,20-Feb 10am,16617.03,,,,
Madhya Pradesh - 2025,20-Feb 11am,16886.03,,,,
Madhya Pradesh - 2025,20-Feb 12pm,15776.5,,,,
Madhya Pradesh - 2025,20-Feb 1pm,16233.44,,,,
Madhya Pradesh - 2025,20-Feb 2pm,15882.45,,,,
Madhya Pradesh - 2025,20-Feb 3pm,15673.36,,,,
Madhya Pradesh - 2025,20-Feb 4pm,15733.24,,,,
Madhya Pradesh - 2025,20-Feb 5pm,15234.88,,,,
Madhya Pradesh - 2025,20-Feb 6pm,14234.09,,,,
Madhya Pradesh - 2025,20-Feb 7pm,14247.48,,,,
Madhya Pradesh - 2025,20-Feb 8pm,12645.39,,,,
Madhya Pradesh - 2025,20-Feb 9pm,11179.72,,,,
Madhya Pradesh - 2025,20-Feb 10pm,11441.92,,,,
Madhya Pradesh - 2025,20-Feb 11pm,12823.52,,,,
Madhya Pradesh - 2025,21-Feb 12am,12673.48,,,,
Madhya Pradesh - 2025,21-Feb 1am,12488.96,,,,
Madhya Pradesh - 2025,21-Feb 2am,11893.43,,,,
Madhya Pradesh - 2025,21-Feb 3am,12430.84,,,,
Madhya Pradesh - 2025,21-Feb 4am,12316.51,,,,
Madhya Pradesh - 2025,21-Feb 5am,12190.01,,,,
Madhya Pradesh - 2025,21-Feb 6am,12406.45,,,,
Madhya Pradesh - 2025,21-Feb 7am,15386.83,,,,
Madhya Pradesh - 2025,21-Feb 8am,16189.86,,,,
Madhya Pradesh - 2025,21-Feb 9am,16784.44,,,,
Madhya Pradesh - 2025,21-Feb 10am,16843.62,,,,
Madhya Pradesh - 2025,21-Feb 11am,16978.31,,,,
Madhya Pradesh - 2025,21-Feb 12pm,16123.76,,,,
Madhya Pradesh - 2025,21-Feb 1pm,16490.15,,,,
Madhya Pradesh - 2025,21-Feb 2pm,15997.41,,,,
Madhya Pradesh - 2025,21-Feb 3pm,15868.56,,,,
Madhya Pradesh - 2025,21-Feb 4pm,15922.29,,,,
Madhya Pradesh - 2025,21-Feb 5pm,15325.6,,,,
Madhya Pradesh - 2025,21-Feb 6pm,14412.05,,,,
Madhya Pradesh - 2025,21-Feb 7pm,14603.08,,,,
Madhya Pradesh - 2025,21-Feb 8pm,13039.27,,,,
Madhya Pradesh - 2025,21-Feb 9pm,11696.17,,,,
Madhya Pradesh - 2025,21-Feb 10pm,11627.11,,,,
Madhya Pradesh - 2025,21-Feb 11pm,12962.04,,,,
Madhya Pradesh - 2025,22-Feb 12am,12759.71,,,,
Madhya Pradesh - 2025,22-Feb 1am,12696.8,,,,
Madhya Pradesh - 2025,22-Feb 2am,12098.24,,,,
Madhya Pradesh - 2025,22-Feb 3am,12468.24,,,,
Madhya Pradesh - 2025,22-Feb 4am,12383.46,,,,
Madhya Pradesh - 2025,22-Feb 5am,12213.87,,,,
Madhya Pradesh - 2025,22-Feb 6am,12535.65,,,,
Madhya Pradesh - 2025,22-Feb 7am,15431.89,,,,
Madhya Pradesh - 2025,22-Feb 8am,16093.48,,,,
Madhya Pradesh - 2025,22-Feb 9am,16420.81,,,,
Madhya Pradesh - 2025,22-Feb 10am,16466.06,,,,
Madhya Pradesh - 2025,22-Feb 11am,16644.53,,,,
Madhya Pradesh - 2025,22-Feb 12pm,15466.35,,,,
Madhya Pradesh - 2025,22-Feb 1pm,15995.03,,,,
Madhya Pradesh - 2025,22-Feb 2pm,15584.4,,,,
Madhya Pradesh - 2025,22-Feb 3pm,15568.04,,,,
Madhya Pradesh - 2025,22-Feb 4pm,15647.28,,,,
Madhya Pradesh - 2025,22-Feb 5pm,15200.58,,,,
Madhya Pradesh - 2025,22-Feb 6pm,13975.63,,,,
Madhya Pradesh - 2025,22-Feb 7pm,14283.94,,,,
Madhya Pradesh - 2025,22-Feb 8pm,12882.68,,,,
Madhya Pradesh - 2025,22-Feb 9pm,11483.03,,,,
Madhya Pradesh - 2025,22-Feb 10pm,11594.53,,,,
Madhya Pradesh - 2025,22-Feb 11pm,12922.16,,,,
Madhya Pradesh - 2025,23-Feb 12am,12612.86,,,,
Madhya Pradesh - 2025,23-Feb 1am,12668.61,,,,
Madhya Pradesh - 2025,23-Feb 2am,11963.67,,,,
Madhya Pradesh - 2025,23-Feb 3am,12415.83,,,,
Madhya Pradesh - 2025,23-Feb 4am,12298.37,,,,
Madhya Pradesh - 2025,23-Feb 5am,12213.45,,,,
Madhya Pradesh - 2025,23-Feb 6am,12372.31,,,,
Madhya Pradesh - 2025,23-Feb 7am,15143.01,,,,
Madhya Pradesh - 2025,23-Feb 8am,15835.58,,,,
Madhya Pradesh - 2025,23-Feb 9am,16119.41,,,,
Madhya Pradesh - 2025,23-Feb 10am,15973.72,,,,
Madhya Pradesh - 2025,23-Feb 11am,16177.06,,,,
Madhya Pradesh - 2025,23-Feb 12pm,15275.3,,,,
Madhya Pradesh - 2025,23-Feb 1pm,15975.18,,,,
Madhya Pradesh - 2025,23-Feb 2pm,15795,,,,
Madhya Pradesh - 2025,23-Feb 3pm,15841.36,,,,
Madhya Pradesh - 2025,23-Feb 4pm,15585.13,,,,
Madhya Pradesh - 2025,23-Feb 5pm,15040.11,,,,
Madhya Pradesh - 2025,23-Feb 6pm,13613.34,,,,
Madhya Pradesh - 2025,23-Feb 7pm,13838.97,,,,
Madhya Pradesh - 2025,23-Feb 8pm,12378.81,,,,
Madhya Pradesh - 2025,23-Feb 9pm,11053.4,,,,
Madhya Pradesh - 2025,23-Feb 10pm,11199.8,,,,
Madhya Pradesh - 2025,23-Feb 11pm,12413.12,,,,
Madhya Pradesh - 2025,24-Feb 12am,12176.25,,,,
Madhya Pradesh - 2025,24-Feb 1am,12287.12,,,,
Madhya Pradesh - 2025,24-Feb 2am,11675.76,,,,
Madhya Pradesh - 2025,24-Feb 3am,11929.39,,,,
Madhya Pradesh - 2025,24-Feb 4am,11856.85,,,,
Madhya Pradesh - 2025,24-Feb 5am,11909.95,,,,
Madhya Pradesh - 2025,24-Feb 6am,12356.08,,,,
Madhya Pradesh - 2025,24-Feb 7am,15210.49,,,,
Madhya Pradesh - 2025,24-Feb 8am,16178.92,,,,
Madhya Pradesh - 2025,24-Feb 9am,16343.18,,,,
Madhya Pradesh - 2025,24-Feb 10am,16621.55,,,,
Madhya Pradesh - 2025,24-Feb 11am,16800.84,,,,
Madhya Pradesh - 2025,24-Feb 12pm,15820.4,,,,
Madhya Pradesh - 2025,24-Feb 1pm,16036.9,,,,
Madhya Pradesh - 2025,24-Feb 2pm,15676.57,,,,
Madhya Pradesh - 2025,24-Feb 3pm,15538.62,,,,
Madhya Pradesh - 2025,24-Feb 4pm,15366.11,,,,
Madhya Pradesh - 2025,24-Feb 5pm,15162.27,,,,
Madhya Pradesh - 2025,24-Feb 6pm,13851.65,,,,
Madhya Pradesh - 2025,24-Feb 7pm,14013.39,,,,
Madhya Pradesh - 2025,24-Feb 8pm,12598.89,,,,
Madhya Pradesh - 2025,24-Feb 9pm,11152.45,,,,
Madhya Pradesh - 2025,24-Feb 10pm,11428.68,,,,
Madhya Pradesh - 2025,24-Feb 11pm,12832.59,,,,
Madhya Pradesh - 2025,25-Feb 12am,12679.13,,,,
Madhya Pradesh - 2025,25-Feb 1am,12459.61,,,,
Madhya Pradesh - 2025,25-Feb 2am,11907.15,,,,
Madhya Pradesh - 2025,25-Feb 3am,12352.92,,,,
Madhya Pradesh - 2025,25-Feb 4am,12203.57,,,,
Madhya Pradesh - 2025,25-Feb 5am,12182.44,,,,
Madhya Pradesh - 2025,25-Feb 6am,12537.72,,,,
Madhya Pradesh - 2025,25-Feb 7am,15358.65,,,,
Madhya Pradesh - 2025,25-Feb 8am,16032.68,,,,
Madhya Pradesh - 2025,25-Feb 9am,16371.53,,,,
Madhya Pradesh - 2025,25-Feb 10am,16163.66,,,,
Madhya Pradesh - 2025,25-Feb 11am,16350.5,,,,
Madhya Pradesh - 2025,25-Feb 12pm,15509.34,,,,
Madhya Pradesh - 2025,25-Feb 1pm,16108.77,,,,
Madhya Pradesh - 2025,25-Feb 2pm,15441.32,,,,
Madhya Pradesh - 2025,25-Feb 3pm,15401.76,,,,
Madhya Pradesh - 2025,25-Feb 4pm,15366.02,,,,
Madhya Pradesh - 2025,25-Feb 5pm,14913.61,,,,
Madhya Pradesh - 2025,25-Feb 6pm,13794.21,,,,
Madhya Pradesh - 2025,25-Feb 7pm,14075.4,,,,
Madhya Pradesh - 2025,25-Feb 8pm,12673.14,,,,
Madhya Pradesh - 2025,25-Feb 9pm,11327.31,,,,
Madhya Pradesh - 2025,25-Feb 10pm,11496.83,,,,
Madhya Pradesh - 2025,25-Feb 11pm,12762.9,,,,
Madhya Pradesh - 2025,26-Feb 12am,12496.25,,,,
Madhya Pradesh - 2025,26-Feb 1am,12452.97,,,,
Madhya Pradesh - 2025,26-Feb 2am,11757.03,,,,
Madhya Pradesh - 2025,26-Feb 3am,12204.49,,,,
Madhya Pradesh - 2025,26-Feb 4am,12101.58,,,,
Madhya Pradesh - 2025,26-Feb 5am,12233.14,,,,
Madhya Pradesh - 2025,26-Feb 6am,12579.86,,,,
Madhya Pradesh - 2025,26-Feb 7am,15489.93,,,,
Madhya Pradesh - 2025,26-Feb 8am,16309.31,,,,
Madhya Pradesh - 2025,26-Feb 9am,16853.44,,,,
Madhya Pradesh - 2025,26-Feb 10am,16906.92,,,,
Madhya Pradesh - 2025,26-Feb 11am,17305.4,,,,
Madhya Pradesh - 2025,26-Feb 12pm,15717,,,,
Madhya Pradesh - 2025,26-Feb 1pm,16235.05,,,,
Madhya Pradesh - 2025,26-Feb 2pm,15550.66,,,,
Madhya Pradesh - 2025,26-Feb 3pm,15317.58,,,,
Madhya Pradesh - 2025,26-Feb 4pm,15202.09,,,,
Madhya Pradesh - 2025,26-Feb 5pm,14813.88,,,,
Madhya Pradesh - 2025,26-Feb 6pm,13729.71,,,,
Madhya Pradesh - 2025,26-Feb 7pm,13667.88,,,,
Madhya Pradesh - 2025,26-Feb 8pm,12127.64,,,,
Madhya Pradesh - 2025,26-Feb 9pm,10978.39,,,,
Madhya Pradesh - 2025,26-Feb 10pm,11123.55,,,,
Madhya Pradesh - 2025,26-Feb 11pm,12400.02,,,,
Madhya Pradesh - 2025,27-Feb 12am,12187.63,,,,
Madhya Pradesh - 2025,27-Feb 1am,11989.91,,,,
Madhya Pradesh - 2025,27-Feb 2am,11415.51,,,,
Madhya Pradesh - 2025,27-Feb 3am,11861.61,,,,
Madhya Pradesh - 2025,27-Feb 4am,11748.73,,,,
Madhya Pradesh - 2025,27-Feb 5am,11769.09,,,,
Madhya Pradesh - 2025,27-Feb 6am,12128.96,,,,
Madhya Pradesh - 2025,27-Feb 7am,15303.42,,,,
Madhya Pradesh - 2025,27-Feb 8am,15984.31,,,,
Madhya Pradesh - 2025,27-Feb 9am,16381.98,,,,
Madhya Pradesh - 2025,27-Feb 10am,16381.47,,,,
Madhya Pradesh - 2025,27-Feb 11am,16261.88,,,,
Madhya Pradesh - 2025,27-Feb 12pm,15092.72,,,,
Madhya Pradesh - 2025,27-Feb 1pm,15477.04,,,,
Madhya Pradesh - 2025,27-Feb 2pm,15124.37,,,,
Madhya Pradesh - 2025,27-Feb 3pm,15109.64,,,,
Madhya Pradesh - 2025,27-Feb 4pm,15231.08,,,,
Madhya Pradesh - 2025,27-Feb 5pm,14762.54,,,,
Madhya Pradesh - 2025,27-Feb 6pm,13953.59,,,,
Madhya Pradesh - 2025,27-Feb 7pm,14194.87,,,,
Madhya Pradesh - 2025,27-Feb 8pm,12706.54,,,,
Madhya Pradesh - 2025,27-Feb 9pm,11342.17,,,,
Madhya Pradesh - 2025,27-Feb 10pm,11574.45,,,,
Madhya Pradesh - 2025,27-Feb 11pm,13000.88,,,,
Madhya Pradesh - 2025,28-Feb 12am,12726.68,,,,
Madhya Pradesh - 2025,28-Feb 1am,12675.09,,,,
Madhya Pradesh - 2025,28-Feb 2am,11910.04,,,,
Madhya Pradesh - 2025,28-Feb 3am,12391.16,,,,
Madhya Pradesh - 2025,28-Feb 4am,12317.56,,,,
Madhya Pradesh - 2025,28-Feb 5am,12336.63,,,,
Madhya Pradesh - 2025,28-Feb 6am,12733.09,,,,
Madhya Pradesh - 2025,28-Feb 7am,15492.9,,,,
Madhya Pradesh - 2025,28-Feb 8am,16100.18,,,,
Madhya Pradesh - 2025,28-Feb 9am,16464.45,,,,
Madhya Pradesh - 2025,28-Feb 10am,16426.52,,,,
Madhya Pradesh - 2025,28-Feb 11am,16656.94,,,,
Madhya Pradesh - 2025,28-Feb 12pm,15563.57,,,,
Madhya Pradesh - 2025,28-Feb 1pm,15741.08,,,,
Madhya Pradesh - 2025,28-Feb 2pm,15014.63,,,,
Madhya Pradesh - 2025,28-Feb 3pm,15101.33,,,,
Madhya Pradesh - 2025,28-Feb 4pm,15157.26,,,,
Madhya Pradesh - 2025,28-Feb 5pm,14733.99,,,,
Madhya Pradesh - 2025,28-Feb 6pm,13787.34,,,,
Madhya Pradesh - 2025,28-Feb 7pm,14017.51,,,,
Madhya Pradesh - 2025,28-Feb 8pm,12600.59,,,,
Madhya Pradesh - 2025,28-Feb 9pm,11389.26,,,,
Madhya Pradesh - 2025,28-Feb 10pm,11606.15,,,,
Madhya Pradesh - 2025,28-Feb 11pm,13025.97,,,,
Madhya Pradesh - 2025,01-Mar 12am,12317.93,,,,
Madhya Pradesh - 2025,01-Mar 1am,12597.71,,,,
Madhya Pradesh - 2025,01-Mar 2am,11977.78,,,,
Madhya Pradesh - 2025,01-Mar 3am,12281.3,,,,
Madhya Pradesh - 2025,01-Mar 4am,12260.63,,,,
Madhya Pradesh - 2025,01-Mar 5am,12226.09,,,,
Madhya Pradesh - 2025,01-Mar 6am,12649.99,,,,
Madhya Pradesh - 2025,01-Mar 7am,14912.9,,,,
Madhya Pradesh - 2025,01-Mar 8am,15416.04,,,,
Madhya Pradesh - 2025,01-Mar 9am,15795.55,,,,
Madhya Pradesh - 2025,01-Mar 10am,16038.72,,,,
Madhya Pradesh - 2025,01-Mar 11am,16387.33,,,,
Madhya Pradesh - 2025,01-Mar 12pm,15254.13,,,,
Madhya Pradesh - 2025,01-Mar 1pm,15732.44,,,,
Madhya Pradesh - 2025,01-Mar 2pm,15302.14,,,,
Madhya Pradesh - 2025,01-Mar 3pm,15210.95,,,,
Madhya Pradesh - 2025,01-Mar 4pm,15191.26,,,,
Madhya Pradesh - 2025,01-Mar 5pm,14776.21,,,,
Madhya Pradesh - 2025,01-Mar 6pm,13732.37,,,,
Madhya Pradesh - 2025,01-Mar 7pm,14084.87,,,,
Madhya Pradesh - 2025,01-Mar 8pm,12578.21,,,,
Madhya Pradesh - 2025,01-Mar 9pm,11401.04,,,,
Madhya Pradesh - 2025,01-Mar 10pm,11644.84,,,,
Madhya Pradesh - 2025,01-Mar 11pm,13075.15,,,,
Madhya Pradesh - 2025,02-Mar 12am,12667.76,,,,
Madhya Pradesh - 2025,02-Mar 1am,12647.99,,,,
Madhya Pradesh - 2025,02-Mar 2am,11987.35,,,,
Madhya Pradesh - 2025,02-Mar 3am,12338.38,,,,
Madhya Pradesh - 2025,02-Mar 4am,12477.05,,,,
Madhya Pradesh - 2025,02-Mar 5am,12351.44,,,,
Madhya Pradesh - 2025,02-Mar 6am,12462.53,,,,
Madhya Pradesh - 2025,02-Mar 7am,14021.53,,,,
Madhya Pradesh - 2025,02-Mar 8am,14635.73,,,,
Madhya Pradesh - 2025,02-Mar 9am,15599.53,,,,
Madhya Pradesh - 2025,02-Mar 10am,15552.94,,,,
Madhya Pradesh - 2025,02-Mar 11am,15894.31,,,,
Madhya Pradesh - 2025,02-Mar 12pm,14830.91,,,,
Madhya Pradesh - 2025,02-Mar 1pm,15370.33,,,,
Madhya Pradesh - 2025,02-Mar 2pm,14834.02,,,,
Madhya Pradesh - 2025,02-Mar 3pm,14814.95,,,,
Madhya Pradesh - 2025,02-Mar 4pm,14811.42,,,,
Madhya Pradesh - 2025,02-Mar 5pm,14493.81,,,,
Madhya Pradesh - 2025,02-Mar 6pm,13466.96,,,,
Madhya Pradesh - 2025,02-Mar 7pm,13398.91,,,,
Madhya Pradesh - 2025,02-Mar 8pm,12400.05,,,,
Madhya Pradesh - 2025,02-Mar 9pm,11068.86,,,,
Madhya Pradesh - 2025,02-Mar 10pm,11397.34,,,,
Madhya Pradesh - 2025,02-Mar 11pm,12754.19,,,,
Madhya Pradesh - 2025,03-Mar 12am,12242.96,,,,
Madhya Pradesh - 2025,03-Mar 1am,12392.75,,,,
Madhya Pradesh - 2025,03-Mar 2am,11796.41,,,,
Madhya Pradesh - 2025,03-Mar 3am,12105.78,,,,
Madhya Pradesh - 2025,03-Mar 4am,12145.96,,,,
Madhya Pradesh - 2025,03-Mar 5am,12301.7,,,,
Madhya Pradesh - 2025,03-Mar 6am,12386.25,,,,
Madhya Pradesh - 2025,03-Mar 7am,13183,,,,
Madhya Pradesh - 2025,03-Mar 8am,13455.54,,,,
Madhya Pradesh - 2025,03-Mar 9am,15448.32,,,,
Madhya Pradesh - 2025,03-Mar 10am,15633.28,,,,
Madhya Pradesh - 2025,03-Mar 11am,16223.5,,,,
Madhya Pradesh - 2025,03-Mar 12pm,15107.53,,,,
Madhya Pradesh - 2025,03-Mar 1pm,15489.73,,,,
Madhya Pradesh - 2025,03-Mar 2pm,14980.83,,,,
Madhya Pradesh - 2025,03-Mar 3pm,14861.09,,,,
Madhya Pradesh - 2025,03-Mar 4pm,14853.58,,,,
Madhya Pradesh - 2025,03-Mar 5pm,14444.7,,,,
Madhya Pradesh - 2025,03-Mar 6pm,13245.14,,,,
Madhya Pradesh - 2025,03-Mar 7pm,13514.24,,,,
Madhya Pradesh - 2025,03-Mar 8pm,12162.54,,,,
Madhya Pradesh - 2025,03-Mar 9pm,11302.69,,,,
Madhya Pradesh - 2025,03-Mar 10pm,11470.12,,,,
Madhya Pradesh - 2025,03-Mar 11pm,12886.15,,,,
Madhya Pradesh - 2025,04-Mar 12am,12415.27,,,,
Madhya Pradesh - 2025,04-Mar 1am,12453.91,,,,
Madhya Pradesh - 2025,04-Mar 2am,11850.32,,,,
Madhya Pradesh - 2025,04-Mar 3am,12148.75,,,,
Madhya Pradesh - 2025,04-Mar 4am,12169.44,,,,
Madhya Pradesh - 2025,04-Mar 5am,12171.19,,,,
Madhya Pradesh - 2025,04-Mar 6am,12569.02,,,,
Madhya Pradesh - 2025,04-Mar 7am,13595.14,,,,
Madhya Pradesh - 2025,04-Mar 8am,14555.69,,,,
Madhya Pradesh - 2025,04-Mar 9am,15486.8,,,,
Madhya Pradesh - 2025,04-Mar 10am,15436.61,,,,
Madhya Pradesh - 2025,04-Mar 11am,15655.55,,,,
Madhya Pradesh - 2025,04-Mar 12pm,14634.82,,,,
Madhya Pradesh - 2025,04-Mar 1pm,14773.99,,,,
Madhya Pradesh - 2025,04-Mar 2pm,14166.54,,,,
Madhya Pradesh - 2025,04-Mar 3pm,14059.01,,,,
Madhya Pradesh - 2025,04-Mar 4pm,14166.95,,,,
Madhya Pradesh - 2025,04-Mar 5pm,14445.15,,,,
Madhya Pradesh - 2025,04-Mar 6pm,14445.15,,,,
Madhya Pradesh - 2025,04-Mar 7pm,13670.43,,,,
Madhya Pradesh - 2025,04-Mar 8pm,12425.34,,,,
Madhya Pradesh - 2025,04-Mar 9pm,11051.95,,,,
Madhya Pradesh - 2025,04-Mar 10pm,11148.65,,,,
Madhya Pradesh - 2025,04-Mar 11pm,12276.12,,,,
Madhya Pradesh - 2025,05-Mar 12am,11847.61,,,,
Madhya Pradesh - 2025,05-Mar 1am,11859.34,,,,
Madhya Pradesh - 2025,05-Mar 2am,11277.32,,,,
Madhya Pradesh - 2025,05-Mar 3am,11533.7,,,,
Madhya Pradesh - 2025,05-Mar 4am,11449.93,,,,
Madhya Pradesh - 2025,05-Mar 5am,11362.58,,,,
Madhya Pradesh - 2025,05-Mar 6am,11718.44,,,,
Madhya Pradesh - 2025,05-Mar 7am,14667.78,,,,
Madhya Pradesh - 2025,05-Mar 8am,15189,,,,
Madhya Pradesh - 2025,05-Mar 9am,15176.81,,,,
Madhya Pradesh - 2025,05-Mar 10am,14853.03,,,,
Madhya Pradesh - 2025,05-Mar 11am,15038.28,,,,
Madhya Pradesh - 2025,05-Mar 12pm,13736.38,,,,
Madhya Pradesh - 2025,05-Mar 1pm,13625.02,,,,
Madhya Pradesh - 2025,05-Mar 2pm,12592.18,,,,
Madhya Pradesh - 2025,05-Mar 3pm,12445.94,,,,
Madhya Pradesh - 2025,05-Mar 4pm,12837.58,,,,
Madhya Pradesh - 2025,05-Mar 5pm,13044.29,,,,
Madhya Pradesh - 2025,05-Mar 6pm,12662.94,,,,
Madhya Pradesh - 2025,05-Mar 7pm,13166.65,,,,
Madhya Pradesh - 2025,05-Mar 8pm,12109.97,,,,
Madhya Pradesh - 2025,05-Mar 9pm,10661.5,,,,
Madhya Pradesh - 2025,05-Mar 10pm,10665.46,,,,
Madhya Pradesh - 2025,05-Mar 11pm,11620.02,,,,
Madhya Pradesh - 2025,06-Mar 12am,11474.83,,,,
Madhya Pradesh - 2025,06-Mar 1am,11314.26,,,,
Madhya Pradesh - 2025,06-Mar 2am,10665.16,,,,
Madhya Pradesh - 2025,06-Mar 3am,10997.21,,,,
Madhya Pradesh - 2025,06-Mar 4am,11010.18,,,,
Madhya Pradesh - 2025,06-Mar 5am,11136.85,,,,
Madhya Pradesh - 2025,06-Mar 6am,11535.37,,,,
Madhya Pradesh - 2025,06-Mar 7am,13527.28,,,,
Madhya Pradesh - 2025,06-Mar 8am,14085.04,,,,
Madhya Pradesh - 2025,06-Mar 9am,15146.43,,,,
Madhya Pradesh - 2025,06-Mar 10am,15231.92,,,,
Madhya Pradesh - 2025,06-Mar 11am,15265.35,,,,
Madhya Pradesh - 2025,06-Mar 12pm,14410.85,,,,
Madhya Pradesh - 2025,06-Mar 1pm,13886.2,,,,
Madhya Pradesh - 2025,06-Mar 2pm,14060.26,,,,
Madhya Pradesh - 2025,06-Mar 3pm,13297.46,,,,
Madhya Pradesh - 2025,06-Mar 4pm,13630.25,,,,
Madhya Pradesh - 2025,06-Mar 5pm,13414.42,,,,
Madhya Pradesh - 2025,06-Mar 6pm,12604.81,,,,
Madhya Pradesh - 2025,06-Mar 7pm,13262.67,,,,
Madhya Pradesh - 2025,06-Mar 8pm,12167.84,,,,
Madhya Pradesh - 2025,06-Mar 9pm,10786.41,,,,
Madhya Pradesh - 2025,06-Mar 10pm,10771.01,,,,
Madhya Pradesh - 2025,06-Mar 11pm,11732.78,,,,
Madhya Pradesh - 2025,07-Mar 12am,11514.83,,,,
Madhya Pradesh - 2025,07-Mar 1am,11469.8,,,,
Madhya Pradesh - 2025,07-Mar 2am,10748.67,,,,
Madhya Pradesh - 2025,07-Mar 3am,11110.7,,,,
Madhya Pradesh - 2025,07-Mar 4am,11243.23,,,,
Madhya Pradesh - 2025,07-Mar 5am,11281.12,,,,
Madhya Pradesh - 2025,07-Mar 6am,11821.92,,,,
Madhya Pradesh - 2025,07-Mar 7am,14452.86,,,,
Madhya Pradesh - 2025,07-Mar 8am,15316.77,,,,
Madhya Pradesh - 2025,07-Mar 9am,15464.93,,,,
Madhya Pradesh - 2025,07-Mar 10am,15379.72,,,,
Madhya Pradesh - 2025,07-Mar 11am,15593.3,,,,
Madhya Pradesh - 2025,07-Mar 12pm,14256.39,,,,
Madhya Pradesh - 2025,07-Mar 1pm,15612.5,,,,
Madhya Pradesh - 2025,07-Mar 2pm,13675.38,,,,
Madhya Pradesh - 2025,07-Mar 3pm,13522.31,,,,
Madhya Pradesh - 2025,07-Mar 4pm,13721.2,,,,
Madhya Pradesh - 2025,07-Mar 5pm,13565.82,,,,
Madhya Pradesh - 2025,07-Mar 6pm,12852.41,,,,
Madhya Pradesh - 2025,07-Mar 7pm,13054.17,,,,
Madhya Pradesh - 2025,07-Mar 8pm,12290.51,,,,
Madhya Pradesh - 2025,07-Mar 9pm,10853.73,,,,
Madhya Pradesh - 2025,07-Mar 10pm,10929.15,,,,
Madhya Pradesh - 2025,07-Mar 11pm,12086.6,,,,
Madhya Pradesh - 2025,08-Mar 12am,11777.36,,,,
Madhya Pradesh - 2025,08-Mar 1am,11740.97,,,,
Madhya Pradesh - 2025,08-Mar 2am,11007.77,,,,
Madhya Pradesh - 2025,08-Mar 3am,11246.71,,,,
Madhya Pradesh - 2025,08-Mar 4am,11264.89,,,,
Madhya Pradesh - 2025,08-Mar 5am,11373.86,,,,
Madhya Pradesh - 2025,08-Mar 6am,11921.53,,,,
Madhya Pradesh - 2025,08-Mar 7am,14742.11,,,,
Madhya Pradesh - 2025,08-Mar 8am,15090.85,,,,
Madhya Pradesh - 2025,08-Mar 9am,15136.59,,,,
Madhya Pradesh - 2025,08-Mar 10am,15041.25,,,,
Madhya Pradesh - 2025,08-Mar 11am,15261.22,,,,
Madhya Pradesh - 2025,08-Mar 12pm,15261.22,,,,
Madhya Pradesh - 2025,08-Mar 1pm,15261.22,,,,
Madhya Pradesh - 2025,08-Mar 2pm,13448.98,,,,
Madhya Pradesh - 2025,08-Mar 3pm,13398.31,,,,
Madhya Pradesh - 2025,08-Mar 4pm,13519.64,,,,
Madhya Pradesh - 2025,08-Mar 5pm,13520.9,,,,
Madhya Pradesh - 2025,08-Mar 6pm,13520.9,,,,
Madhya Pradesh - 2025,08-Mar 7pm,13520.9,,,,
Madhya Pradesh - 2025,08-Mar 8pm,13520.9,,,,
Madhya Pradesh - 2025,08-Mar 9pm,10876.51,,,,
Madhya Pradesh - 2025,08-Mar 10pm,11011.48,,,,
Madhya Pradesh - 2025,08-Mar 11pm,12101.41,,,,
Madhya Pradesh - 2025,09-Mar 12am,12062.61,,,,
Madhya Pradesh - 2025,09-Mar 1am,12041.64,,,,
Madhya Pradesh - 2025,09-Mar 2am,12041.64,,,,
Madhya Pradesh - 2025,09-Mar 3am,12041.64,,,,
Madhya Pradesh - 2025,09-Mar 4am,12041.64,,,,
Madhya Pradesh - 2025,09-Mar 5am,12041.64,,,,
Madhya Pradesh - 2025,09-Mar 6am,12041.64,,,,
Madhya Pradesh - 2025,09-Mar 7am,12041.64,,,,
Madhya Pradesh - 2025,09-Mar 8am,12041.64,,,,
Madhya Pradesh - 2025,09-Mar 9am,12041.64,,,,
Madhya Pradesh - 2025,09-Mar 10am,12041.64,,,,
Madhya Pradesh - 2025,09-Mar 11am,14128.27,,,,
Madhya Pradesh - 2025,09-Mar 12pm,13810.05,,,,
Madhya Pradesh - 2025,09-Mar 1pm,13377.16,,,,
Madhya Pradesh - 2025,09-Mar 2pm,13111.94,,,,
Madhya Pradesh - 2025,09-Mar 3pm,13327.65,,,,
Madhya Pradesh - 2025,09-Mar 4pm,13565.39,,,,
Madhya Pradesh - 2025,09-Mar 5pm,13558.6,,,,
Madhya Pradesh - 2025,09-Mar 6pm,12688.99,,,,
Madhya Pradesh - 2025,09-Mar 7pm,13144.95,,,,
Madhya Pradesh - 2025,09-Mar 8pm,12150.76,,,,
Madhya Pradesh - 2025,09-Mar 9pm,10933.68,,,,
Madhya Pradesh - 2025,09-Mar 10pm,11064.45,,,,
Madhya Pradesh - 2025,09-Mar 11pm,12131.17,,,,
Madhya Pradesh - 2025,10-Mar 12am,11970.29,,,,
Madhya Pradesh - 2025,10-Mar 1am,11890.26,,,,
Madhya Pradesh - 2025,10-Mar 2am,11124.33,,,,
Madhya Pradesh - 2025,10-Mar 3am,11347.88,,,,
Madhya Pradesh - 2025,10-Mar 4am,11468.43,,,,
Madhya Pradesh - 2025,10-Mar 5am,11530.75,,,,
Madhya Pradesh - 2025,10-Mar 6am,12151.93,,,,
Madhya Pradesh - 2025,10-Mar 7am,14974.97,,,,
Madhya Pradesh - 2025,10-Mar 8am,15156.61,,,,
Madhya Pradesh - 2025,10-Mar 9am,14939.62,,,,
Madhya Pradesh - 2025,10-Mar 10am,14597.09,,,,
Madhya Pradesh - 2025,10-Mar 11am,14626.75,,,,
Madhya Pradesh - 2025,10-Mar 12pm,13451.02,,,,
Madhya Pradesh - 2025,10-Mar 1pm,13116.05,,,,
Madhya Pradesh - 2025,10-Mar 2pm,13164.31,,,,
Madhya Pradesh - 2025,10-Mar 3pm,13203.16,,,,
Madhya Pradesh - 2025,10-Mar 4pm,13419.68,,,,
Madhya Pradesh - 2025,10-Mar 5pm,13303.54,,,,
Madhya Pradesh - 2025,10-Mar 6pm,12701.89,,,,
Madhya Pradesh - 2025,10-Mar 7pm,13296.67,,,,
Madhya Pradesh - 2025,10-Mar 8pm,12393.96,,,,
Madhya Pradesh - 2025,10-Mar 9pm,11410.75,,,,
Madhya Pradesh - 2025,10-Mar 10pm,11300.63,,,,
Madhya Pradesh - 2025,10-Mar 11pm,12277.99,,,,
Madhya Pradesh - 2025,11-Mar 12am,12220.99,,,,
Madhya Pradesh - 2025,11-Mar 1am,12231.62,,,,
Madhya Pradesh - 2025,11-Mar 2am,11416.99,,,,
Madhya Pradesh - 2025,11-Mar 3am,11692.24,,,,
Madhya Pradesh - 2025,11-Mar 4am,11723.93,,,,
Madhya Pradesh - 2025,11-Mar 5am,11768.26,,,,
Madhya Pradesh - 2025,11-Mar 6am,12332.31,,,,
Madhya Pradesh - 2025,11-Mar 7am,14111.63,,,,
Madhya Pradesh - 2025,11-Mar 8am,14857.59,,,,
Madhya Pradesh - 2025,11-Mar 9am,14661.24,,,,
Madhya Pradesh - 2025,11-Mar 10am,14556.3,,,,
Madhya Pradesh - 2025,11-Mar 11am,14454.4,,,,
Madhya Pradesh - 2025,11-Mar 12pm,13392.96,,,,
Madhya Pradesh - 2025,11-Mar 1pm,13495,,,,
Madhya Pradesh - 2025,11-Mar 2pm,12821.37,,,,
Madhya Pradesh - 2025,11-Mar 3pm,12818.97,,,,
Madhya Pradesh - 2025,11-Mar 4pm,12966.36,,,,
Madhya Pradesh - 2025,11-Mar 5pm,12987.9,,,,
Madhya Pradesh - 2025,11-Mar 6pm,12521.36,,,,
Madhya Pradesh - 2025,11-Mar 7pm,13028.67,,,,
Madhya Pradesh - 2025,11-Mar 8pm,12274.1,,,,
Madhya Pradesh - 2025,11-Mar 9pm,10986.42,,,,
Madhya Pradesh - 2025,11-Mar 10pm,11228.38,,,,
Madhya Pradesh - 2025,11-Mar 11pm,12539,,,,
Madhya Pradesh - 2025,12-Mar 12am,12150.88,,,,
Madhya Pradesh - 2025,12-Mar 1am,12251.29,,,,
Madhya Pradesh - 2025,12-Mar 2am,11473.86,,,,
Madhya Pradesh - 2025,12-Mar 3am,11578.59,,,,
Madhya Pradesh - 2025,12-Mar 4am,11659.49,,,,
Madhya Pradesh - 2025,12-Mar 5am,11728.17,,,,
Madhya Pradesh - 2025,12-Mar 6am,12249.4,,,,
Madhya Pradesh - 2025,12-Mar 7am,14104.28,,,,
Madhya Pradesh - 2025,12-Mar 8am,14268.7,,,,
Madhya Pradesh - 2025,12-Mar 9am,14432.48,,,,
Madhya Pradesh - 2025,12-Mar 10am,14188.04,,,,
Madhya Pradesh - 2025,12-Mar 11am,14260.41,,,,
Madhya Pradesh - 2025,12-Mar 12pm,12875.89,,,,
Madhya Pradesh - 2025,12-Mar 1pm,12490.18,,,,
Madhya Pradesh - 2025,12-Mar 2pm,11826.94,,,,
Madhya Pradesh - 2025,12-Mar 3pm,11783.38,,,,
Madhya Pradesh - 2025,12-Mar 4pm,12440.69,,,,
Madhya Pradesh - 2025,12-Mar 5pm,12602.02,,,,
Madhya Pradesh - 2025,12-Mar 6pm,12537.03,,,,
Madhya Pradesh - 2025,12-Mar 7pm,13197.31,,,,
Madhya Pradesh - 2025,12-Mar 8pm,12429.93,,,,
Madhya Pradesh - 2025,12-Mar 9pm,11281.43,,,,
Madhya Pradesh - 2025,12-Mar 10pm,11431.22,,,,
Madhya Pradesh - 2025,12-Mar 11pm,12593.15,,,,
Madhya Pradesh - 2025,13-Mar 12am,12417.23,,,,
Madhya Pradesh - 2025,13-Mar 1am,12294.01,,,,
Madhya Pradesh - 2025,13-Mar 2am,11675.57,,,,
Madhya Pradesh - 2025,13-Mar 3am,11862.41,,,,
Madhya Pradesh - 2025,13-Mar 4am,11858.52,,,,
Madhya Pradesh - 2025,13-Mar 5am,11948.25,,,,
Madhya Pradesh - 2025,13-Mar 6am,12529.04,,,,
Madhya Pradesh - 2025,13-Mar 7am,14497.22,,,,
Madhya Pradesh - 2025,13-Mar 8am,14441.75,,,,
Madhya Pradesh - 2025,13-Mar 9am,14357.71,,,,
Madhya Pradesh - 2025,13-Mar 10am,14121.78,,,,
Madhya Pradesh - 2025,13-Mar 11am,14061.09,,,,
Madhya Pradesh - 2025,13-Mar 12pm,12533.65,,,,
Madhya Pradesh - 2025,13-Mar 1pm,11964.39,,,,
Madhya Pradesh - 2025,13-Mar 2pm,11156.71,,,,
Madhya Pradesh - 2025,13-Mar 3pm,11180.79,,,,
Madhya Pradesh - 2025,13-Mar 4pm,11530.06,,,,
Madhya Pradesh - 2025,13-Mar 5pm,12038.47,,,,
Madhya Pradesh - 2025,13-Mar 6pm,12011.76,,,,
Madhya Pradesh - 2025,13-Mar 7pm,12821.98,,,,
Madhya Pradesh - 2025,13-Mar 8pm,11693.67,,,,
Madhya Pradesh - 2025,13-Mar 9pm,10663.61,,,,
Madhya Pradesh - 2025,13-Mar 10pm,10987.27,,,,
Madhya Pradesh - 2025,13-Mar 11pm,11985.22,,,,
Madhya Pradesh - 2025,14-Mar 12am,11780.85,,,,
Madhya Pradesh - 2025,14-Mar 1am,11875.37,,,,
Madhya Pradesh - 2025,14-Mar 2am,11071.02,,,,
Madhya Pradesh - 2025,14-Mar 3am,11246.89,,,,
Madhya Pradesh - 2025,14-Mar 4am,11225.67,,,,
Madhya Pradesh - 2025,14-Mar 5am,11182.78,,,,
Madhya Pradesh - 2025,14-Mar 6am,11561.07,,,,
Madhya Pradesh - 2025,14-Mar 7am,13249.04,,,,
Madhya Pradesh - 2025,14-Mar 8am,13187.95,,,,
Madhya Pradesh - 2025,14-Mar 9am,12758.52,,,,
Madhya Pradesh - 2025,14-Mar 10am,12350.48,,,,
Madhya Pradesh - 2025,14-Mar 11am,12354.92,,,,
Madhya Pradesh - 2025,14-Mar 12pm,12354.92,,,,
Madhya Pradesh - 2025,14-Mar 1pm,12354.92,,,,
Madhya Pradesh - 2025,14-Mar 2pm,10606.19,,,,
Madhya Pradesh - 2025,14-Mar 3pm,10117.13,,,,
Madhya Pradesh - 2025,14-Mar 4pm,10571.04,,,,
Madhya Pradesh - 2025,14-Mar 5pm,10845.19,,,,
Madhya Pradesh - 2025,14-Mar 6pm,10716.96,,,,
Madhya Pradesh - 2025,14-Mar 7pm,10991.75,,,,
Madhya Pradesh - 2025,14-Mar 8pm,10400.29,,,,
Madhya Pradesh - 2025,14-Mar 9pm,9672.57,,,,
Madhya Pradesh - 2025,14-Mar 10pm,10091.69,,,,
Madhya Pradesh - 2025,14-Mar 11pm,11215.86,,,,
Madhya Pradesh - 2025,15-Mar 12am,11102.9,,,,
Madhya Pradesh - 2025,15-Mar 1am,10982.09,,,,
Madhya Pradesh - 2025,15-Mar 2am,10317.02,,,,
Madhya Pradesh - 2025,15-Mar 3am,10463.49,,,,
Madhya Pradesh - 2025,15-Mar 4am,10509.63,,,,
Madhya Pradesh - 2025,15-Mar 5am,10522.17,,,,
Madhya Pradesh - 2025,15-Mar 6am,11084.11,,,,
Madhya Pradesh - 2025,15-Mar 7am,13197.66,,,,
Madhya Pradesh - 2025,15-Mar 8am,13622.46,,,,
Madhya Pradesh - 2025,15-Mar 9am,13401.4,,,,
Madhya Pradesh - 2025,15-Mar 10am,13064.97,,,,
Madhya Pradesh - 2025,15-Mar 11am,13045,,,,
Madhya Pradesh - 2025,15-Mar 12pm,11671.92,,,,
Madhya Pradesh - 2025,15-Mar 1pm,11676.84,,,,
Madhya Pradesh - 2025,15-Mar 2pm,11379.21,,,,
Madhya Pradesh - 2025,15-Mar 3pm,11295.86,,,,
Madhya Pradesh - 2025,15-Mar 4pm,11442.41,,,,
Madhya Pradesh - 2025,15-Mar 5pm,11759.09,,,,
Madhya Pradesh - 2025,15-Mar 6pm,11580.74,,,,
Madhya Pradesh - 2025,15-Mar 7pm,12266.74,,,,
Madhya Pradesh - 2025,15-Mar 8pm,11536.03,,,,
Madhya Pradesh - 2025,15-Mar 9pm,10841.98,,,,
Madhya Pradesh - 2025,15-Mar 10pm,11193.13,,,,
Madhya Pradesh - 2025,15-Mar 11pm,12312.68,,,,
Madhya Pradesh - 2025,16-Mar 12am,11968.5,,,,
Madhya Pradesh - 2025,16-Mar 1am,11967.52,,,,
Madhya Pradesh - 2025,16-Mar 2am,11248.13,,,,
Madhya Pradesh - 2025,16-Mar 3am,11435.66,,,,
Madhya Pradesh - 2025,16-Mar 4am,11495.84,,,,
Madhya Pradesh - 2025,16-Mar 5am,11637.48,,,,
Madhya Pradesh - 2025,16-Mar 6am,11977.44,,,,
Madhya Pradesh - 2025,16-Mar 7am,13797.49,,,,
Madhya Pradesh - 2025,16-Mar 8am,13598.85,,,,
Madhya Pradesh - 2025,16-Mar 9am,13313.14,,,,
Madhya Pradesh - 2025,16-Mar 10am,12777.32,,,,
Madhya Pradesh - 2025,16-Mar 11am,12340.17,,,,
Madhya Pradesh - 2025,16-Mar 12pm,11124.21,,,,
Madhya Pradesh - 2025,16-Mar 1pm,11042.86,,,,
Madhya Pradesh - 2025,16-Mar 2pm,10701.98,,,,
Madhya Pradesh - 2025,16-Mar 3pm,10631.7,,,,
Madhya Pradesh - 2025,16-Mar 4pm,10767.62,,,,
Madhya Pradesh - 2025,16-Mar 5pm,11091.99,,,,
Madhya Pradesh - 2025,16-Mar 6pm,11156.2,,,,
Madhya Pradesh - 2025,16-Mar 7pm,12007.94,,,,
Madhya Pradesh - 2025,16-Mar 8pm,11370.01,,,,
Madhya Pradesh - 2025,16-Mar 9pm,10607.77,,,,
Madhya Pradesh - 2025,16-Mar 10pm,10877.95,,,,
Madhya Pradesh - 2025,16-Mar 11pm,11979.61,,,,
Madhya Pradesh - 2025,17-Mar 12am,11791.24,,,,
Madhya Pradesh - 2025,17-Mar 1am,11805.74,,,,
Madhya Pradesh - 2025,17-Mar 2am,11193.63,,,,
Madhya Pradesh - 2025,17-Mar 3am,11208.61,,,,
Madhya Pradesh - 2025,17-Mar 4am,11255.33,,,,
Madhya Pradesh - 2025,17-Mar 5am,11387.98,,,,
Madhya Pradesh - 2025,17-Mar 6am,11987.81,,,,
Madhya Pradesh - 2025,17-Mar 7am,13959.78,,,,
Madhya Pradesh - 2025,17-Mar 8am,13762.36,,,,
Madhya Pradesh - 2025,17-Mar 9am,13180.48,,,,
Madhya Pradesh - 2025,17-Mar 10am,12762.14,,,,
Madhya Pradesh - 2025,17-Mar 11am,12223.36,,,,
Madhya Pradesh - 2025,17-Mar 12pm,11263.92,,,,
Madhya Pradesh - 2025,17-Mar 1pm,10836.38,,,,
Madhya Pradesh - 2025,17-Mar 2pm,10613.8,,,,
Madhya Pradesh - 2025,17-Mar 3pm,10505.32,,,,
Madhya Pradesh - 2025,17-Mar 4pm,10778.51,,,,
Madhya Pradesh - 2025,17-Mar 5pm,11163.34,,,,
Madhya Pradesh - 2025,17-Mar 6pm,11317.58,,,,
Madhya Pradesh - 2025,17-Mar 7pm,12298.67,,,,
Madhya Pradesh - 2025,17-Mar 8pm,11573.15,,,,
Madhya Pradesh - 2025,17-Mar 9pm,10626.91,,,,
Madhya Pradesh - 2025,17-Mar 10pm,10932.13,,,,
Madhya Pradesh - 2025,17-Mar 11pm,12159.06,,,,
Madhya Pradesh - 2025,18-Mar 12am,11778.32,,,,
Madhya Pradesh - 2025,18-Mar 1am,11713.06,,,,
Madhya Pradesh - 2025,18-Mar 2am,11254.03,,,,
Madhya Pradesh - 2025,18-Mar 3am,11276.85,,,,
Madhya Pradesh - 2025,18-Mar 4am,11192.87,,,,
Madhya Pradesh - 2025,18-Mar 5am,11393.52,,,,
Madhya Pradesh - 2025,18-Mar 6am,11962.36,,,,
Madhya Pradesh - 2025,18-Mar 7am,14104.95,,,,
Madhya Pradesh - 2025,18-Mar 8am,13847.76,,,,
Madhya Pradesh - 2025,18-Mar 9am,13494.56,,,,
Madhya Pradesh - 2025,18-Mar 10am,12609.45,,,,
Madhya Pradesh - 2025,18-Mar 11am,11856.21,,,,
Madhya Pradesh - 2025,18-Mar 12pm,10740.2,,,,
Madhya Pradesh - 2025,18-Mar 1pm,10490.43,,,,
Madhya Pradesh - 2025,18-Mar 2pm,10440.37,,,,
Madhya Pradesh - 2025,18-Mar 3pm,10512.89,,,,
Madhya Pradesh - 2025,18-Mar 4pm,10841.19,,,,
Madhya Pradesh - 2025,18-Mar 5pm,11084.86,,,,
Madhya Pradesh - 2025,18-Mar 6pm,11249.97,,,,
Madhya Pradesh - 2025,18-Mar 7pm,12203.97,,,,
Madhya Pradesh - 2025,18-Mar 8pm,11735.83,,,,
Madhya Pradesh - 2025,18-Mar 9pm,10713.74,,,,
Madhya Pradesh - 2025,18-Mar 10pm,10965,,,,
Madhya Pradesh - 2025,18-Mar 11pm,12092.76,,,,
Madhya Pradesh - 2025,19-Mar 12am,11863.89,,,,
Madhya Pradesh - 2025,19-Mar 1am,11729.3,,,,
Madhya Pradesh - 2025,19-Mar 2am,11115.31,,,,
Madhya Pradesh - 2025,19-Mar 3am,11114.68,,,,
Madhya Pradesh - 2025,19-Mar 4am,11125.88,,,,
Madhya Pradesh - 2025,19-Mar 5am,11235.53,,,,
Madhya Pradesh - 2025,19-Mar 6am,11914.29,,,,
Madhya Pradesh - 2025,19-Mar 7am,14015.18,,,,
Madhya Pradesh - 2025,19-Mar 8am,13826.81,,,,
Madhya Pradesh - 2025,19-Mar 9am,13368.77,,,,
Madhya Pradesh - 2025,19-Mar 10am,12662.53,,,,
Madhya Pradesh - 2025,19-Mar 11am,11889.99,,,,
Madhya Pradesh - 2025,19-Mar 12pm,10518.81,,,,
Madhya Pradesh - 2025,19-Mar 1pm,10505.94,,,,
Madhya Pradesh - 2025,19-Mar 2pm,10254.52,,,,
Madhya Pradesh - 2025,19-Mar 3pm,10171.09,,,,
Madhya Pradesh - 2025,19-Mar 4pm,10593.02,,,,
Madhya Pradesh - 2025,19-Mar 5pm,10817.57,,,,
Madhya Pradesh - 2025,19-Mar 6pm,10968.94,,,,
Madhya Pradesh - 2025,19-Mar 7pm,11882.85,,,,
Madhya Pradesh - 2025,19-Mar 8pm,11354,,,,
Madhya Pradesh - 2025,19-Mar 9pm,10466.14,,,,
Madhya Pradesh - 2025,19-Mar 10pm,10608.54,,,,
Madhya Pradesh - 2025,19-Mar 11pm,11868.64,,,,
Madhya Pradesh - 2025,20-Mar 12am,11559.69,,,,
Madhya Pradesh - 2025,20-Mar 1am,11353.17,,,,
Madhya Pradesh - 2025,20-Mar 2am,10728.53,,,,
Madhya Pradesh - 2025,20-Mar 3am,10857.67,,,,
Madhya Pradesh - 2025,20-Mar 4am,10909.64,,,,
Madhya Pradesh - 2025,20-Mar 5am,11073.56,,,,
Madhya Pradesh - 2025,20-Mar 6am,11752.89,,,,
Madhya Pradesh - 2025,20-Mar 7am,13851.03,,,,
Madhya Pradesh - 2025,20-Mar 8am,13679.97,,,,
Madhya Pradesh - 2025,20-Mar 9am,13233.85,,,,
Madhya Pradesh - 2025,20-Mar 10am,12424.99,,,,
Madhya Pradesh - 2025,20-Mar 11am,11603.13,,,,
Madhya Pradesh - 2025,20-Mar 12pm,10364.22,,,,
Madhya Pradesh - 2025,20-Mar 1pm,10199.76,,,,
Madhya Pradesh - 2025,20-Mar 2pm,10073.17,,,,
Madhya Pradesh - 2025,20-Mar 3pm,10116.29,,,,
Madhya Pradesh - 2025,20-Mar 4pm,10258.13,,,,
Madhya Pradesh - 2025,20-Mar 5pm,10514.1,,,,
Madhya Pradesh - 2025,20-Mar 6pm,10749.83,,,,
Madhya Pradesh - 2025,20-Mar 7pm,11618.84,,,,
Madhya Pradesh - 2025,20-Mar 8pm,11141.6,,,,
Madhya Pradesh - 2025,20-Mar 9pm,10398.46,,,,
Madhya Pradesh - 2025,20-Mar 10pm,10546.46,,,,
Madhya Pradesh - 2025,20-Mar 11pm,11441.31,,,,
Madhya Pradesh - 2025,21-Mar 12am,11154.63,,,,
Madhya Pradesh - 2025,21-Mar 1am,11101.02,,,,
Madhya Pradesh - 2025,21-Mar 2am,10598.36,,,,
Madhya Pradesh - 2025,21-Mar 3am,10541.88,,,,
Madhya Pradesh - 2025,21-Mar 4am,10618.8,,,,
Madhya Pradesh - 2025,21-Mar 5am,10816.45,,,,
Madhya Pradesh - 2025,21-Mar 6am,11475.96,,,,
Madhya Pradesh - 2025,21-Mar 7am,13307.33,,,,
Madhya Pradesh - 2025,21-Mar 8am,13122.73,,,,
Madhya Pradesh - 2025,21-Mar 9am,12695.89,,,,
Madhya Pradesh - 2025,21-Mar 10am,12280.76,,,,
Madhya Pradesh - 2025,21-Mar 11am,11434.59,,,,
Madhya Pradesh - 2025,21-Mar 12pm,10662.87,,,,
Madhya Pradesh - 2025,21-Mar 1pm,10161.89,,,,
Madhya Pradesh - 2025,21-Mar 2pm,9801.34,,,,
Madhya Pradesh - 2025,21-Mar 3pm,9655.63,,,,
Madhya Pradesh - 2025,21-Mar 4pm,9955.23,,,,
Madhya Pradesh - 2025,21-Mar 5pm,10159.25,,,,
Madhya Pradesh - 2025,21-Mar 6pm,10475.23,,,,
Madhya Pradesh - 2025,21-Mar 7pm,11429.49,,,,
Madhya Pradesh - 2025,21-Mar 8pm,11123.77,,,,
Madhya Pradesh - 2025,21-Mar 9pm,10187.58,,,,
Madhya Pradesh - 2025,21-Mar 10pm,10586.7,,,,
Madhya Pradesh - 2025,21-Mar 11pm,11530.45,,,,
Madhya Pradesh - 2025,22-Mar 12am,11319.58,,,,
Madhya Pradesh - 2025,22-Mar 1am,11214.04,,,,
Madhya Pradesh - 2025,22-Mar 2am,10712.41,,,,
Madhya Pradesh - 2025,22-Mar 3am,10772.39,,,,
Madhya Pradesh - 2025,22-Mar 4am,10794.29,,,,
Madhya Pradesh - 2025,22-Mar 5am,10883.63,,,,
Madhya Pradesh - 2025,22-Mar 6am,11500.49,,,,
Madhya Pradesh - 2025,22-Mar 7am,13518.09,,,,
Madhya Pradesh - 2025,22-Mar 8am,13241.14,,,,
Madhya Pradesh - 2025,22-Mar 9am,12738.72,,,,
Madhya Pradesh - 2025,22-Mar 10am,12136.22,,,,
Madhya Pradesh - 2025,22-Mar 11am,11301.64,,,,
Madhya Pradesh - 2025,22-Mar 12pm,10078.56,,,,
Madhya Pradesh - 2025,22-Mar 1pm,9875.09,,,,
Madhya Pradesh - 2025,22-Mar 2pm,9675.46,,,,
Madhya Pradesh - 2025,22-Mar 3pm,9552.79,,,,
Madhya Pradesh - 2025,22-Mar 4pm,9990.31,,,,
Madhya Pradesh - 2025,22-Mar 5pm,10364.23,,,,
Madhya Pradesh - 2025,22-Mar 6pm,10581.77,,,,
Madhya Pradesh - 2025,22-Mar 7pm,11414.77,,,,
Madhya Pradesh - 2025,22-Mar 8pm,11130.28,,,,
Madhya Pradesh - 2025,22-Mar 9pm,10306.39,,,,
Madhya Pradesh - 2025,22-Mar 10pm,10567.19,,,,
Madhya Pradesh - 2025,22-Mar 11pm,11659.02,,,,
Madhya Pradesh - 2025,23-Mar 12am,11497.22,,,,
Madhya Pradesh - 2025,23-Mar 1am,11296.31,,,,
Madhya Pradesh - 2025,23-Mar 2am,10657.63,,,,
Madhya Pradesh - 2025,23-Mar 3am,10741.47,,,,
Madhya Pradesh - 2025,23-Mar 4am,10729.58,,,,
Madhya Pradesh - 2025,23-Mar 5am,10722.13,,,,
Madhya Pradesh - 2025,23-Mar 6am,11597.07,,,,
Madhya Pradesh - 2025,23-Mar 7am,13524.06,,,,
Madhya Pradesh - 2025,23-Mar 8am,13274.62,,,,
Madhya Pradesh - 2025,23-Mar 9am,12512.51,,,,
Madhya Pradesh - 2025,23-Mar 10am,11870.26,,,,
Madhya Pradesh - 2025,23-Mar 11am,10888.68,,,,
Madhya Pradesh - 2025,23-Mar 12pm,9776.41,,,,
Madhya Pradesh - 2025,23-Mar 1pm,9615.92,,,,
Madhya Pradesh - 2025,23-Mar 2pm,9415.72,,,,
Madhya Pradesh - 2025,23-Mar 3pm,9238.14,,,,
Madhya Pradesh - 2025,23-Mar 4pm,9693.48,,,,
Madhya Pradesh - 2025,23-Mar 5pm,10009.59,,,,
Madhya Pradesh - 2025,23-Mar 6pm,10438.76,,,,
Madhya Pradesh - 2025,23-Mar 7pm,11346.68,,,,
Madhya Pradesh - 2025,23-Mar 8pm,11081.43,,,,
Madhya Pradesh - 2025,23-Mar 9pm,10355.31,,,,
Madhya Pradesh - 2025,23-Mar 10pm,10551.75,,,,
Madhya Pradesh - 2025,23-Mar 11pm,11655.74,,,,
Madhya Pradesh - 2025,24-Mar 12am,11389.98,,,,
Madhya Pradesh - 2025,24-Mar 1am,11238.64,,,,
Madhya Pradesh - 2025,24-Mar 2am,10550.38,,,,
Madhya Pradesh - 2025,24-Mar 3am,10697.27,,,,
Madhya Pradesh - 2025,24-Mar 4am,10779.32,,,,
Madhya Pradesh - 2025,24-Mar 5am,10905.59,,,,
Madhya Pradesh - 2025,24-Mar 6am,11723.12,,,,
Madhya Pradesh - 2025,24-Mar 7am,13758.19,,,,
Madhya Pradesh - 2025,24-Mar 8am,13561.64,,,,
Madhya Pradesh - 2025,24-Mar 9am,12876.98,,,,
Madhya Pradesh - 2025,24-Mar 10am,12207.71,,,,
Madhya Pradesh - 2025,24-Mar 11am,11544.49,,,,
Madhya Pradesh - 2025,24-Mar 12pm,10289.04,,,,
Madhya Pradesh - 2025,24-Mar 1pm,9858.63,,,,
Madhya Pradesh - 2025,24-Mar 2pm,9680.23,,,,
Madhya Pradesh - 2025,24-Mar 3pm,9712.29,,,,
Madhya Pradesh - 2025,24-Mar 4pm,10077.97,,,,
Madhya Pradesh - 2025,24-Mar 5pm,10250.1,,,,
Madhya Pradesh - 2025,24-Mar 6pm,10589.97,,,,
Madhya Pradesh - 2025,24-Mar 7pm,11547.47,,,,
Madhya Pradesh - 2025,24-Mar 8pm,11344.5,,,,
Madhya Pradesh - 2025,24-Mar 9pm,10594.23,,,,
Madhya Pradesh - 2025,24-Mar 10pm,10964.81,,,,
Madhya Pradesh - 2025,24-Mar 11pm,12007.92,,,,
Madhya Pradesh - 2025,25-Mar 12am,11672.76,,,,
Madhya Pradesh - 2025,25-Mar 1am,11676.65,,,,
Madhya Pradesh - 2025,25-Mar 2am,10930.12,,,,
Madhya Pradesh - 2025,25-Mar 3am,11065.34,,,,
Madhya Pradesh - 2025,25-Mar 4am,10986.77,,,,
Madhya Pradesh - 2025,25-Mar 5am,11019.27,,,,
Madhya Pradesh - 2025,25-Mar 6am,11982.88,,,,
Madhya Pradesh - 2025,25-Mar 7am,13882.65,,,,
Madhya Pradesh - 2025,25-Mar 8am,13497.33,,,,
Madhya Pradesh - 2025,25-Mar 9am,13055.6,,,,
Madhya Pradesh - 2025,25-Mar 10am,12414.82,,,,
Madhya Pradesh - 2025,25-Mar 11am,11702.27,,,,
Madhya Pradesh - 2025,25-Mar 12pm,10528.96,,,,
Madhya Pradesh - 2025,25-Mar 1pm,10093.39,,,,
Madhya Pradesh - 2025,25-Mar 2pm,9958.26,,,,
Madhya Pradesh - 2025,25-Mar 3pm,9875.34,,,,
Madhya Pradesh - 2025,25-Mar 4pm,10383.33,,,,
Madhya Pradesh - 2025,25-Mar 5pm,10562.24,,,,
Madhya Pradesh - 2025,25-Mar 6pm,10803.34,,,,
Madhya Pradesh - 2025,25-Mar 7pm,11823.9,,,,
Madhya Pradesh - 2025,25-Mar 8pm,11665.09,,,,
Madhya Pradesh - 2025,25-Mar 9pm,10803.13,,,,
Madhya Pradesh - 2025,25-Mar 10pm,11051.69,,,,
Madhya Pradesh - 2025,25-Mar 11pm,12269.03,,,,
Madhya Pradesh - 2025,26-Mar 12am,11945.27,,,,
Madhya Pradesh - 2025,26-Mar 1am,11722.22,,,,
Madhya Pradesh - 2025,26-Mar 2am,11091.64,,,,
Madhya Pradesh - 2025,26-Mar 3am,11174.81,,,,
Madhya Pradesh - 2025,26-Mar 4am,11025.2,,,,
Madhya Pradesh - 2025,26-Mar 5am,11198.59,,,,
Madhya Pradesh - 2025,26-Mar 6am,12088.13,,,,
Madhya Pradesh - 2025,26-Mar 7am,13266.34,,,,
Madhya Pradesh - 2025,26-Mar 8am,13658.97,,,,
Madhya Pradesh - 2025,26-Mar 9am,13174.77,,,,
Madhya Pradesh - 2025,26-Mar 10am,12627.18,,,,
Madhya Pradesh - 2025,26-Mar 11am,11788.76,,,,
Madhya Pradesh - 2025,26-Mar 12pm,10539.51,,,,
Madhya Pradesh - 2025,26-Mar 1pm,10292.06,,,,
Madhya Pradesh - 2025,26-Mar 2pm,10074.76,,,,
Madhya Pradesh - 2025,26-Mar 3pm,10125.43,,,,
Madhya Pradesh - 2025,26-Mar 4pm,10383.16,,,,
Madhya Pradesh - 2025,26-Mar 5pm,10686.01,,,,
Madhya Pradesh - 2025,26-Mar 6pm,10895.62,,,,
Madhya Pradesh - 2025,26-Mar 7pm,12010.45,,,,
Madhya Pradesh - 2025,26-Mar 8pm,11692.15,,,,
Madhya Pradesh - 2025,26-Mar 9pm,10918.88,,,,
Madhya Pradesh - 2025,26-Mar 10pm,11252.65,,,,
Madhya Pradesh - 2025,26-Mar 11pm,12440.57,,,,
Madhya Pradesh - 2025,27-Mar 12am,12180.92,,,,
Madhya Pradesh - 2025,27-Mar 1am,11920.16,,,,
Madhya Pradesh - 2025,27-Mar 2am,11398.63,,,,
Madhya Pradesh - 2025,27-Mar 3am,11394.25,,,,
Madhya Pradesh - 2025,27-Mar 4am,11434.94,,,,
Madhya Pradesh - 2025,27-Mar 5am,11450.44,,,,
Madhya Pradesh - 2025,27-Mar 6am,12269.41,,,,
Madhya Pradesh - 2025,27-Mar 7am,13428.53,,,,
Madhya Pradesh - 2025,27-Mar 8am,13578.57,,,,
Madhya Pradesh - 2025,27-Mar 9am,13158.58,,,,
Madhya Pradesh - 2025,27-Mar 10am,12554.07,,,,
Madhya Pradesh - 2025,27-Mar 11am,11799.02,,,,
Madhya Pradesh - 2025,27-Mar 12pm,10588.48,,,,
Madhya Pradesh - 2025,27-Mar 1pm,10469.29,,,,
Madhya Pradesh - 2025,27-Mar 2pm,10282.08,,,,
Madhya Pradesh - 2025,27-Mar 3pm,10209.22,,,,
Madhya Pradesh - 2025,27-Mar 4pm,10632.73,,,,
Madhya Pradesh - 2025,27-Mar 5pm,10827.43,,,,
Madhya Pradesh - 2025,27-Mar 6pm,11016.89,,,,
Madhya Pradesh - 2025,27-Mar 7pm,11890.07,,,,
Madhya Pradesh - 2025,27-Mar 8pm,11760.21,,,,
Madhya Pradesh - 2025,27-Mar 9pm,11037.96,,,,
Madhya Pradesh - 2025,27-Mar 10pm,11429.47,,,,
Madhya Pradesh - 2025,27-Mar 11pm,12603.83,,,,
Madhya Pradesh - 2025,28-Mar 12am,12393.49,,,,
Madhya Pradesh - 2025,28-Mar 1am,12075.55,,,,
Madhya Pradesh - 2025,28-Mar 2am,11449.42,,,,
Madhya Pradesh - 2025,28-Mar 3am,11417.34,,,,
Madhya Pradesh - 2025,28-Mar 4am,11405.29,,,,
Madhya Pradesh - 2025,28-Mar 5am,11487.2,,,,
Madhya Pradesh - 2025,28-Mar 6am,12277.76,,,,
Madhya Pradesh - 2025,28-Mar 7am,13979.22,,,,
Madhya Pradesh - 2025,28-Mar 8am,13605.34,,,,
Madhya Pradesh - 2025,28-Mar 9am,12585.77,,,,
Madhya Pradesh - 2025,28-Mar 10am,11759.11,,,,
Madhya Pradesh - 2025,28-Mar 11am,11280.4,,,,
Madhya Pradesh - 2025,28-Mar 12pm,10129.69,,,,
Madhya Pradesh - 2025,28-Mar 1pm,10117.53,,,,
Madhya Pradesh - 2025,28-Mar 2pm,9937.45,,,,
Madhya Pradesh - 2025,28-Mar 3pm,9965.79,,,,
Madhya Pradesh - 2025,28-Mar 4pm,10346.08,,,,
Madhya Pradesh - 2025,28-Mar 5pm,10604.25,,,,
Madhya Pradesh - 2025,28-Mar 6pm,10764.61,,,,
Madhya Pradesh - 2025,28-Mar 7pm,11886.78,,,,
Madhya Pradesh - 2025,28-Mar 8pm,11842.97,,,,
Madhya Pradesh - 2025,28-Mar 9pm,11079.74,,,,
Madhya Pradesh - 2025,28-Mar 10pm,11457.78,,,,
Madhya Pradesh - 2025,28-Mar 11pm,12579.51,,,,
Madhya Pradesh - 2025,29-Mar 12am,12238.01,,,,
Madhya Pradesh - 2025,29-Mar 1am,11910.91,,,,
Madhya Pradesh - 2025,29-Mar 2am,11344.5,,,,
Madhya Pradesh - 2025,29-Mar 3am,11360.45,,,,
Madhya Pradesh - 2025,29-Mar 4am,11372.11,,,,
Madhya Pradesh - 2025,29-Mar 5am,11222.13,,,,
Madhya Pradesh - 2025,29-Mar 6am,11992.68,,,,
Madhya Pradesh - 2025,29-Mar 7am,13823.91,,,,
Madhya Pradesh - 2025,29-Mar 8am,13580.02,,,,
Madhya Pradesh - 2025,29-Mar 9am,12949.57,,,,
Madhya Pradesh - 2025,29-Mar 10am,13018.04,,,,
Madhya Pradesh - 2025,29-Mar 11am,11194.41,,,,
Madhya Pradesh - 2025,29-Mar 12pm,9909.05,,,,
Madhya Pradesh - 2025,29-Mar 1pm,9794.63,,,,
Madhya Pradesh - 2025,29-Mar 2pm,9659.12,,,,
Madhya Pradesh - 2025,29-Mar 3pm,9707.49,,,,
Madhya Pradesh - 2025,29-Mar 4pm,10179.88,,,,
Madhya Pradesh - 2025,29-Mar 5pm,10303.44,,,,
Madhya Pradesh - 2025,29-Mar 6pm,10520.72,,,,
Madhya Pradesh - 2025,29-Mar 7pm,11593.76,,,,
Madhya Pradesh - 2025,29-Mar 8pm,11648.05,,,,
Madhya Pradesh - 2025,29-Mar 9pm,10704.8,,,,
Madhya Pradesh - 2025,29-Mar 10pm,10935.88,,,,
Madhya Pradesh - 2025,29-Mar 11pm,12033.75,,,,
Madhya Pradesh - 2025,30-Mar 12am,11719.58,,,,
Madhya Pradesh - 2025,30-Mar 1am,11545.28,,,,
Madhya Pradesh - 2025,30-Mar 2am,10971.04,,,,
Madhya Pradesh - 2025,30-Mar 3am,10951.37,,,,
Madhya Pradesh - 2025,30-Mar 4am,11005.27,,,,
Madhya Pradesh - 2025,30-Mar 5am,10945.81,,,,
Madhya Pradesh - 2025,30-Mar 6am,11967.52,,,,
Madhya Pradesh - 2025,30-Mar 7am,13674.01,,,,
Madhya Pradesh - 2025,30-Mar 8am,13360.15,,,,
Madhya Pradesh - 2025,30-Mar 9am,12998.21,,,,
Madhya Pradesh - 2025,30-Mar 10am,12106.94,,,,
Madhya Pradesh - 2025,30-Mar 11am,11106.27,,,,
Madhya Pradesh - 2025,30-Mar 12pm,9966.26,,,,
Madhya Pradesh - 2025,30-Mar 1pm,9810.21,,,,
Madhya Pradesh - 2025,30-Mar 2pm,9692.45,,,,
Madhya Pradesh - 2025,30-Mar 3pm,9653.24,,,,
Madhya Pradesh - 2025,30-Mar 4pm,9956.12,,,,
Madhya Pradesh - 2025,30-Mar 5pm,10220.89,,,,
Madhya Pradesh - 2025,30-Mar 6pm,10501.98,,,,
Madhya Pradesh - 2025,30-Mar 7pm,11516.32,,,,
Madhya Pradesh - 2025,30-Mar 8pm,11385.86,,,,
Madhya Pradesh - 2025,30-Mar 9pm,10669.3,,,,
Madhya Pradesh - 2025,30-Mar 10pm,10868.73,,,,
Madhya Pradesh - 2025,30-Mar 11pm,12017.78,,,,
Madhya Pradesh - 2025,31-Mar 12am,11773.55,,,,
Madhya Pradesh - 2025,31-Mar 1am,11582.22,,,,
Madhya Pradesh - 2025,31-Mar 2am,11098.3,,,,
Madhya Pradesh - 2025,31-Mar 3am,11037.87,,,,
Madhya Pradesh - 2025,31-Mar 4am,10900.08,,,,
Madhya Pradesh - 2025,31-Mar 5am,11083.98,,,,
Madhya Pradesh - 2025,31-Mar 6am,12485.08,,,,
Madhya Pradesh - 2025,31-Mar 7am,14315.75,,,,
Madhya Pradesh - 2025,31-Mar 8am,13858.21,,,,
Madhya Pradesh - 2025,31-Mar 9am,13161.73,,,,
Madhya Pradesh - 2025,31-Mar 10am,12398.54,,,,
Madhya Pradesh - 2025,31-Mar 11am,11636.98,,,,
Madhya Pradesh - 2025,31-Mar 12pm,10377.19,,,,
Madhya Pradesh - 2025,31-Mar 1pm,10130.56,,,,
Madhya Pradesh - 2025,31-Mar 2pm,9971.6,,,,
Madhya Pradesh - 2025,31-Mar 3pm,9972.13,,,,
Madhya Pradesh - 2025,31-Mar 4pm,10355.47,,,,
Madhya Pradesh - 2025,31-Mar 5pm,10490.87,,,,
Madhya Pradesh - 2025,31-Mar 6pm,10557.57,,,,
Madhya Pradesh - 2025,31-Mar 7pm,11664.68,,,,
Madhya Pradesh - 2025,31-Mar 8pm,11318.19,,,,
Madhya Pradesh - 2025,31-Mar 9pm,10632.3,,,,
Madhya Pradesh - 2025,31-Mar 10pm,10866.26,,,,
Madhya Pradesh - 2025,31-Mar 11pm,12038.54,,,,
Madhya Pradesh - 2025,01-Apr 12am,11608.1,,,,
Madhya Pradesh - 2025,01-Apr 1am,11467.38,,,,
Madhya Pradesh - 2025,01-Apr 2am,10910.67,,,,
Madhya Pradesh - 2025,01-Apr 3am,10856.53,,,,
Madhya Pradesh - 2025,01-Apr 4am,10806.56,,,,
Madhya Pradesh - 2025,01-Apr 5am,10825.1,,,,
Madhya Pradesh - 2025,01-Apr 6am,12040.6,,,,
Madhya Pradesh - 2025,01-Apr 7am,13607.23,,,,
Madhya Pradesh - 2025,01-Apr 8am,13268.46,,,,
Madhya Pradesh - 2025,01-Apr 9am,13439.32,,,,
Madhya Pradesh - 2025,01-Apr 10am,12535.55,,,,
Madhya Pradesh - 2025,01-Apr 11am,11567.32,,,,
Madhya Pradesh - 2025,01-Apr 12pm,10565.57,,,,
Madhya Pradesh - 2025,01-Apr 1pm,10547.22,,,,
Madhya Pradesh - 2025,01-Apr 2pm,10375.69,,,,
Madhya Pradesh - 2025,01-Apr 3pm,10427.41,,,,
Madhya Pradesh - 2025,01-Apr 4pm,10885.85,,,,
Madhya Pradesh - 2025,01-Apr 5pm,11090.83,,,,
Madhya Pradesh - 2025,01-Apr 6pm,10752.01,,,,
Madhya Pradesh - 2025,01-Apr 7pm,11633.13,,,,
Madhya Pradesh - 2025,01-Apr 8pm,11306.4,,,,
Madhya Pradesh - 2025,01-Apr 9pm,10442.94,,,,
Madhya Pradesh - 2025,01-Apr 10pm,10649.16,,,,
Madhya Pradesh - 2025,01-Apr 11pm,11727.21,,,,
Madhya Pradesh - 2025,02-Apr 12am,11621.3,,,,
Madhya Pradesh - 2025,02-Apr 1am,11328.19,,,,
Madhya Pradesh - 2025,02-Apr 2am,10792.41,,,,
Madhya Pradesh - 2025,02-Apr 3am,10653.38,,,,
Madhya Pradesh - 2025,02-Apr 4am,10607.42,,,,
Madhya Pradesh - 2025,02-Apr 5am,10688.18,,,,
Madhya Pradesh - 2025,02-Apr 6am,11524.07,,,,
Madhya Pradesh - 2025,02-Apr 7am,13298.48,,,,
Madhya Pradesh - 2025,02-Apr 8am,12772.61,,,,
Madhya Pradesh - 2025,02-Apr 9am,13052.67,,,,
Madhya Pradesh - 2025,02-Apr 10am,12568.02,,,,
Madhya Pradesh - 2025,02-Apr 11am,11583.21,,,,
Madhya Pradesh - 2025,02-Apr 12pm,10423.31,,,,
Madhya Pradesh - 2025,02-Apr 1pm,10508.18,,,,
Madhya Pradesh - 2025,02-Apr 2pm,10315.27,,,,
Madhya Pradesh - 2025,02-Apr 3pm,10340.01,,,,
Madhya Pradesh - 2025,02-Apr 4pm,10889.04,,,,
Madhya Pradesh - 2025,02-Apr 5pm,10972.71,,,,
Madhya Pradesh - 2025,02-Apr 6pm,10697.02,,,,
Madhya Pradesh - 2025,02-Apr 7pm,11517.14,,,,
Madhya Pradesh - 2025,02-Apr 8pm,11246.24,,,,
Madhya Pradesh - 2025,02-Apr 9pm,10256.42,,,,
Madhya Pradesh - 2025,02-Apr 10pm,10449.38,,,,
Madhya Pradesh - 2025,02-Apr 11pm,11198.78,,,,
Madhya Pradesh - 2025,03-Apr 12am,10981.97,,,,
Madhya Pradesh - 2025,03-Apr 1am,10611.54,,,,
Madhya Pradesh - 2025,03-Apr 2am,10198.9,,,,
Madhya Pradesh - 2025,03-Apr 3am,9996.96,,,,
Madhya Pradesh - 2025,03-Apr 4am,9712.44,,,,
Madhya Pradesh - 2025,03-Apr 5am,9729.83,,,,
Madhya Pradesh - 2025,03-Apr 6am,10573.46,,,,
Madhya Pradesh - 2025,03-Apr 7am,12261.5,,,,
Madhya Pradesh - 2025,03-Apr 8am,12265.21,,,,
Madhya Pradesh - 2025,03-Apr 9am,12490.9,,,,
Madhya Pradesh - 2025,03-Apr 10am,12036.57,,,,
Madhya Pradesh - 2025,03-Apr 11am,11147.97,,,,
Madhya Pradesh - 2025,03-Apr 12pm,10256.87,,,,
Madhya Pradesh - 2025,03-Apr 1pm,10194.86,,,,
Madhya Pradesh - 2025,03-Apr 2pm,10259.79,,,,
Madhya Pradesh - 2025,03-Apr 3pm,10300.41,,,,
Madhya Pradesh - 2025,03-Apr 4pm,10737.01,,,,
Madhya Pradesh - 2025,03-Apr 5pm,10784.07,,,,
Madhya Pradesh - 2025,03-Apr 6pm,10524.81,,,,
Madhya Pradesh - 2025,03-Apr 7pm,11347.27,,,,
Madhya Pradesh - 2025,03-Apr 8pm,11160.33,,,,
Madhya Pradesh - 2025,03-Apr 9pm,10449.05,,,,
Madhya Pradesh - 2025,03-Apr 10pm,10641.39,,,,
Madhya Pradesh - 2025,03-Apr 11pm,11711.04,,,,
Madhya Pradesh - 2025,04-Apr 12am,11367.93,,,,
Madhya Pradesh - 2025,04-Apr 1am,11183.01,,,,
Madhya Pradesh - 2025,04-Apr 2am,10794.1,,,,
Madhya Pradesh - 2025,04-Apr 3am,10463.6,,,,
Madhya Pradesh - 2025,04-Apr 4am,10223.56,,,,
Madhya Pradesh - 2025,04-Apr 5am,10348.49,,,,
Madhya Pradesh - 2025,04-Apr 6am,11406.35,,,,
Madhya Pradesh - 2025,04-Apr 7am,13182.41,,,,
Madhya Pradesh - 2025,04-Apr 8am,12762.15,,,,
Madhya Pradesh - 2025,04-Apr 9am,12703.49,,,,
Madhya Pradesh - 2025,04-Apr 10am,12270.87,,,,
Madhya Pradesh - 2025,04-Apr 11am,11554.78,,,,
Madhya Pradesh - 2025,04-Apr 12pm,10522.16,,,,
Madhya Pradesh - 2025,04-Apr 1pm,10614.75,,,,
Madhya Pradesh - 2025,04-Apr 2pm,10482.22,,,,
Madhya Pradesh - 2025,04-Apr 3pm,10627.89,,,,
Madhya Pradesh - 2025,04-Apr 4pm,10998.32,,,,
Madhya Pradesh - 2025,04-Apr 5pm,11358.05,,,,
Madhya Pradesh - 2025,04-Apr 6pm,10961.48,,,,
Madhya Pradesh - 2025,04-Apr 7pm,11788.88,,,,
Madhya Pradesh - 2025,04-Apr 8pm,11690.33,,,,
Madhya Pradesh - 2025,04-Apr 9pm,10723.41,,,,
Madhya Pradesh - 2025,04-Apr 10pm,11114.15,,,,
Madhya Pradesh - 2025,04-Apr 11pm,11952.33,,,,
Madhya Pradesh - 2025,05-Apr 12am,11646.89,,,,
Madhya Pradesh - 2025,05-Apr 1am,11517.38,,,,
Madhya Pradesh - 2025,05-Apr 2am,10888.68,,,,
Madhya Pradesh - 2025,05-Apr 3am,10943.78,,,,
Madhya Pradesh - 2025,05-Apr 4am,10851.66,,,,
Madhya Pradesh - 2025,05-Apr 5am,10973.76,,,,
Madhya Pradesh - 2025,05-Apr 6am,12085.33,,,,
Madhya Pradesh - 2025,05-Apr 7am,13748.94,,,,
Madhya Pradesh - 2025,05-Apr 8am,13182.39,,,,
Madhya Pradesh - 2025,05-Apr 9am,13329.8,,,,
Madhya Pradesh - 2025,05-Apr 10am,12775.28,,,,
Madhya Pradesh - 2025,05-Apr 11am,11869.79,,,,
Madhya Pradesh - 2025,05-Apr 12pm,10804.55,,,,
Madhya Pradesh - 2025,05-Apr 1pm,10729.61,,,,
Madhya Pradesh - 2025,05-Apr 2pm,10366.55,,,,
Madhya Pradesh - 2025,05-Apr 3pm,10461.58,,,,
Madhya Pradesh - 2025,05-Apr 4pm,10969.72,,,,
Madhya Pradesh - 2025,05-Apr 5pm,11429.59,,,,
Madhya Pradesh - 2025,05-Apr 6pm,11037.6,,,,
Madhya Pradesh - 2025,05-Apr 7pm,11841.23,,,,
Madhya Pradesh - 2025,05-Apr 8pm,11809.61,,,,
Madhya Pradesh - 2025,05-Apr 9pm,11009.67,,,,
Madhya Pradesh - 2025,05-Apr 10pm,11213.5,,,,
Madhya Pradesh - 2025,05-Apr 11pm,12288.85,,,,
Madhya Pradesh - 2025,06-Apr 12am,11973.93,,,,
Madhya Pradesh - 2025,06-Apr 1am,11820.92,,,,
Madhya Pradesh - 2025,06-Apr 2am,11216.39,,,,
Madhya Pradesh - 2025,06-Apr 3am,11191.42,,,,
Madhya Pradesh - 2025,06-Apr 4am,11154.88,,,,
Madhya Pradesh - 2025,06-Apr 5am,11317.05,,,,
Madhya Pradesh - 2025,06-Apr 6am,11317.05,,,,
Madhya Pradesh - 2025,06-Apr 7am,11317.05,,,,
Madhya Pradesh - 2025,06-Apr 8am,11317.05,,,,
Madhya Pradesh - 2025,06-Apr 9am,11317.05,,,,
Madhya Pradesh - 2025,06-Apr 10am,13041.96,,,,
Madhya Pradesh - 2025,06-Apr 11am,11892.89,,,,
Madhya Pradesh - 2025,06-Apr 12pm,10831.86,,,,
Madhya Pradesh - 2025,06-Apr 1pm,10734.71,,,,
Madhya Pradesh - 2025,06-Apr 2pm,10422.07,,,,
Madhya Pradesh - 2025,06-Apr 3pm,10425.48,,,,
Madhya Pradesh - 2025,06-Apr 4pm,11039.53,,,,
Madhya Pradesh - 2025,06-Apr 5pm,11335.38,,,,
Madhya Pradesh - 2025,06-Apr 6pm,10611.33,,,,
Madhya Pradesh - 2025,06-Apr 7pm,11513.67,,,,
Madhya Pradesh - 2025,06-Apr 8pm,11457.31,,,,
Madhya Pradesh - 2025,06-Apr 9pm,10811.86,,,,
Madhya Pradesh - 2025,06-Apr 10pm,11305.5,,,,
Madhya Pradesh - 2025,06-Apr 11pm,12391.93,,,,
Madhya Pradesh - 2025,07-Apr 12am,12193.17,,,,
Madhya Pradesh - 2025,07-Apr 1am,12020.94,,,,
Madhya Pradesh - 2025,07-Apr 2am,11393.46,,,,
Madhya Pradesh - 2025,07-Apr 3am,11323.33,,,,
Madhya Pradesh - 2025,07-Apr 4am,11138.9,,,,
Madhya Pradesh - 2025,07-Apr 5am,11254.8,,,,
Madhya Pradesh - 2025,07-Apr 6am,12493.85,,,,
Madhya Pradesh - 2025,07-Apr 7am,13902.06,,,,
Madhya Pradesh - 2025,07-Apr 8am,13237.06,,,,
Madhya Pradesh - 2025,07-Apr 9am,13406.27,,,,
Madhya Pradesh - 2025,07-Apr 10am,13353.15,,,,
Madhya Pradesh - 2025,07-Apr 11am,12255.75,,,,
Madhya Pradesh - 2025,07-Apr 12pm,11159.99,,,,
Madhya Pradesh - 2025,07-Apr 1pm,11301.16,,,,
Madhya Pradesh - 2025,07-Apr 2pm,11278.97,,,,
Madhya Pradesh - 2025,07-Apr 3pm,11296.69,,,,
Madhya Pradesh - 2025,07-Apr 4pm,11829.72,,,,
Madhya Pradesh - 2025,07-Apr 5pm,12057.65,,,,
Madhya Pradesh - 2025,07-Apr 6pm,11379.21,,,,
Madhya Pradesh - 2025,07-Apr 7pm,12055.06,,,,
Madhya Pradesh - 2025,07-Apr 8pm,12080.72,,,,
Madhya Pradesh - 2025,07-Apr 9pm,11339.67,,,,
Madhya Pradesh - 2025,07-Apr 10pm,11798.28,,,,
Madhya Pradesh - 2025,07-Apr 11pm,12864.29,,,,
Madhya Pradesh - 2025,08-Apr 12am,12657.54,,,,
Madhya Pradesh - 2025,08-Apr 1am,12400.22,,,,
Madhya Pradesh - 2025,08-Apr 2am,11723.61,,,,
Madhya Pradesh - 2025,08-Apr 3am,11695.31,,,,
Madhya Pradesh - 2025,08-Apr 4am,11627.38,,,,
Madhya Pradesh - 2025,08-Apr 5am,11627.14,,,,
Madhya Pradesh - 2025,08-Apr 6am,12618.88,,,,
Madhya Pradesh - 2025,08-Apr 7am,13509.27,,,,
Madhya Pradesh - 2025,08-Apr 8am,13156.09,,,,
Madhya Pradesh - 2025,08-Apr 9am,13433.54,,,,
Madhya Pradesh - 2025,08-Apr 10am,13066.83,,,,
Madhya Pradesh - 2025,08-Apr 11am,11738.01,,,,
Madhya Pradesh - 2025,08-Apr 12pm,11234.86,,,,
Madhya Pradesh - 2025,08-Apr 1pm,11435.28,,,,
Madhya Pradesh - 2025,08-Apr 2pm,11606.04,,,,
Madhya Pradesh - 2025,08-Apr 3pm,11661.44,,,,
Madhya Pradesh - 2025,08-Apr 4pm,12289.54,,,,
Madhya Pradesh - 2025,08-Apr 5pm,12225.87,,,,
Madhya Pradesh - 2025,08-Apr 6pm,11669.07,,,,
Madhya Pradesh - 2025,08-Apr 7pm,12494.31,,,,
Madhya Pradesh - 2025,08-Apr 8pm,12487.91,,,,
Madhya Pradesh - 2025,08-Apr 9pm,11798.01,,,,
Madhya Pradesh - 2025,08-Apr 10pm,12389.8,,,,
Madhya Pradesh - 2025,08-Apr 11pm,13597.29,,,,
Madhya Pradesh - 2025,09-Apr 12am,13314.19,,,,
Madhya Pradesh - 2025,09-Apr 1am,13053.25,,,,
Madhya Pradesh - 2025,09-Apr 2am,12329.79,,,,
Madhya Pradesh - 2025,09-Apr 3am,12323.72,,,,
Madhya Pradesh - 2025,09-Apr 4am,12033.45,,,,
Madhya Pradesh - 2025,09-Apr 5am,12012.5,,,,
Madhya Pradesh - 2025,09-Apr 6am,13069.71,,,,
Madhya Pradesh - 2025,09-Apr 7am,13615.87,,,,
Madhya Pradesh - 2025,09-Apr 8am,13428.35,,,,
Madhya Pradesh - 2025,09-Apr 9am,13756.74,,,,
Madhya Pradesh - 2025,09-Apr 10am,13493.89,,,,
Madhya Pradesh - 2025,09-Apr 11am,12659.18,,,,
Madhya Pradesh - 2025,09-Apr 12pm,11840.98,,,,
Madhya Pradesh - 2025,09-Apr 1pm,12062.57,,,,
Madhya Pradesh - 2025,09-Apr 2pm,11987.53,,,,
Madhya Pradesh - 2025,09-Apr 3pm,12161.33,,,,
Madhya Pradesh - 2025,09-Apr 4pm,12437.48,,,,
Madhya Pradesh - 2025,09-Apr 5pm,12436.15,,,,
Madhya Pradesh - 2025,09-Apr 6pm,11768.1,,,,
Madhya Pradesh - 2025,09-Apr 7pm,12477.53,,,,
Madhya Pradesh - 2025,09-Apr 8pm,12712.56,,,,
Madhya Pradesh - 2025,09-Apr 9pm,12171.79,,,,
Madhya Pradesh - 2025,09-Apr 10pm,12419.62,,,,
Madhya Pradesh - 2025,09-Apr 11pm,13633.37,,,,
Madhya Pradesh - 2025,10-Apr 12am,13340.75,,,,
Madhya Pradesh - 2025,10-Apr 1am,13116.52,,,,
Madhya Pradesh - 2025,10-Apr 2am,12421.86,,,,
Madhya Pradesh - 2025,10-Apr 3am,12156.98,,,,
Madhya Pradesh - 2025,10-Apr 4am,11940.31,,,,
Madhya Pradesh - 2025,10-Apr 5am,11711.31,,,,
Madhya Pradesh - 2025,10-Apr 6am,12531.91,,,,
Madhya Pradesh - 2025,10-Apr 7am,13636.28,,,,
Madhya Pradesh - 2025,10-Apr 8am,13138.42,,,,
Madhya Pradesh - 2025,10-Apr 9am,13625.84,,,,
Madhya Pradesh - 2025,10-Apr 10am,13623.34,,,,
Madhya Pradesh - 2025,10-Apr 11am,13019.29,,,,
Madhya Pradesh - 2025,10-Apr 12pm,11900.6,,,,
Madhya Pradesh - 2025,10-Apr 1pm,11646.51,,,,
Madhya Pradesh - 2025,10-Apr 2pm,11186.32,,,,
Madhya Pradesh - 2025,10-Apr 3pm,11049.59,,,,
Madhya Pradesh - 2025,10-Apr 4pm,11239.48,,,,
Madhya Pradesh - 2025,10-Apr 5pm,11467.28,,,,
Madhya Pradesh - 2025,10-Apr 6pm,11269.04,,,,
Madhya Pradesh - 2025,10-Apr 7pm,11934.31,,,,
Madhya Pradesh - 2025,10-Apr 8pm,11983.85,,,,
Madhya Pradesh - 2025,10-Apr 9pm,11481.8,,,,
Madhya Pradesh - 2025,10-Apr 10pm,12025.19,,,,
Madhya Pradesh - 2025,10-Apr 11pm,13125.93,,,,
Madhya Pradesh - 2025,11-Apr 12am,13039.36,,,,
Madhya Pradesh - 2025,11-Apr 1am,12806.07,,,,
Madhya Pradesh - 2025,11-Apr 2am,12136.42,,,,
Madhya Pradesh - 2025,11-Apr 3am,12051.74,,,,
Madhya Pradesh - 2025,11-Apr 4am,11882.11,,,,
Madhya Pradesh - 2025,11-Apr 5am,11820.13,,,,
Madhya Pradesh - 2025,11-Apr 6am,12644.48,,,,
Madhya Pradesh - 2025,11-Apr 7am,13684.67,,,,
Madhya Pradesh - 2025,11-Apr 8am,13131.54,,,,
Madhya Pradesh - 2025,11-Apr 9am,13409.16,,,,
Madhya Pradesh - 2025,11-Apr 10am,13341.12,,,,
Madhya Pradesh - 2025,11-Apr 11am,12473.46,,,,
Madhya Pradesh - 2025,11-Apr 12pm,11731.34,,,,
Madhya Pradesh - 2025,11-Apr 1pm,11810.38,,,,
Madhya Pradesh - 2025,11-Apr 2pm,11295.18,,,,
Madhya Pradesh - 2025,11-Apr 3pm,10656.51,,,,
Madhya Pradesh - 2025,11-Apr 4pm,10928.22,,,,
Madhya Pradesh - 2025,11-Apr 5pm,11216.64,,,,
Madhya Pradesh - 2025,11-Apr 6pm,10773.58,,,,
Madhya Pradesh - 2025,11-Apr 7pm,11711.31,,,,
Madhya Pradesh - 2025,11-Apr 8pm,12188.18,,,,
Madhya Pradesh - 2025,11-Apr 9pm,11478.71,,,,
Madhya Pradesh - 2025,11-Apr 10pm,11453.65,,,,
Madhya Pradesh - 2025,11-Apr 11pm,12782.74,,,,
Madhya Pradesh - 2025,12-Apr 12am,12615.76,,,,
Madhya Pradesh - 2025,12-Apr 1am,12499.1,,,,
Madhya Pradesh - 2025,12-Apr 2am,12013.91,,,,
Madhya Pradesh - 2025,12-Apr 3am,11870.7,,,,
Madhya Pradesh - 2025,12-Apr 4am,11723.32,,,,
Madhya Pradesh - 2025,12-Apr 5am,11574.38,,,,
Madhya Pradesh - 2025,12-Apr 6am,12117.37,,,,
Madhya Pradesh - 2025,12-Apr 7am,13063.64,,,,
Madhya Pradesh - 2025,12-Apr 8am,12448.18,,,,
Madhya Pradesh - 2025,12-Apr 9am,13049.72,,,,
Madhya Pradesh - 2025,12-Apr 10am,13235.29,,,,
Madhya Pradesh - 2025,12-Apr 11am,12777.79,,,,
Madhya Pradesh - 2025,12-Apr 12pm,11867.73,,,,
Madhya Pradesh - 2025,12-Apr 1pm,11945.42,,,,
Madhya Pradesh - 2025,12-Apr 2pm,12096.04,,,,
Madhya Pradesh - 2025,12-Apr 3pm,11945.09,,,,
Madhya Pradesh - 2025,12-Apr 4pm,11962.63,,,,
Madhya Pradesh - 2025,12-Apr 5pm,12128.18,,,,
Madhya Pradesh - 2025,12-Apr 6pm,11041.86,,,,
Madhya Pradesh - 2025,12-Apr 7pm,11831.69,,,,
Madhya Pradesh - 2025,12-Apr 8pm,11975.71,,,,
Madhya Pradesh - 2025,12-Apr 9pm,11358.14,,,,
Madhya Pradesh - 2025,12-Apr 10pm,12023.83,,,,
Madhya Pradesh - 2025,12-Apr 11pm,13104.67,,,,
Madhya Pradesh - 2025,13-Apr 12am,12713.07,,,,
Madhya Pradesh - 2025,13-Apr 1am,11862.72,,,,
Madhya Pradesh - 2025,13-Apr 2am,11249.97,,,,
Madhya Pradesh - 2025,13-Apr 3am,11103.93,,,,
Madhya Pradesh - 2025,13-Apr 4am,10808.83,,,,
Madhya Pradesh - 2025,13-Apr 5am,10575.04,,,,
Madhya Pradesh - 2025,13-Apr 6am,10721.17,,,,
Madhya Pradesh - 2025,13-Apr 7am,11858.02,,,,
Madhya Pradesh - 2025,13-Apr 8am,11589.41,,,,
Madhya Pradesh - 2025,13-Apr 9am,12337.74,,,,
Madhya Pradesh - 2025,13-Apr 10am,12302.82,,,,
Madhya Pradesh - 2025,13-Apr 11am,11566.82,,,,
Madhya Pradesh - 2025,13-Apr 12pm,11122.79,,,,
Madhya Pradesh - 2025,13-Apr 1pm,11452.59,,,,
Madhya Pradesh - 2025,13-Apr 2pm,11470.73,,,,
Madhya Pradesh - 2025,13-Apr 3pm,11397.25,,,,
Madhya Pradesh - 2025,13-Apr 4pm,11232.02,,,,
Madhya Pradesh - 2025,13-Apr 5pm,11199.48,,,,
Madhya Pradesh - 2025,13-Apr 6pm,10595.57,,,,
Madhya Pradesh - 2025,13-Apr 7pm,11279.42,,,,
Madhya Pradesh - 2025,13-Apr 8pm,11661.6,,,,
Madhya Pradesh - 2025,13-Apr 9pm,11215.5,,,,
Madhya Pradesh - 2025,13-Apr 10pm,11609.09,,,,
Madhya Pradesh - 2025,13-Apr 11pm,12663.13,,,,
Madhya Pradesh - 2025,14-Apr 12am,12394.78,,,,
Madhya Pradesh - 2025,14-Apr 1am,12352.57,,,,
Madhya Pradesh - 2025,14-Apr 2am,11646.3,,,,
Madhya Pradesh - 2025,14-Apr 3am,11583.75,,,,
Madhya Pradesh - 2025,14-Apr 4am,11411.84,,,,
Madhya Pradesh - 2025,14-Apr 5am,11207.89,,,,
Madhya Pradesh - 2025,14-Apr 6am,11802.37,,,,
Madhya Pradesh - 2025,14-Apr 7am,12893.29,,,,
Madhya Pradesh - 2025,14-Apr 8am,12501.01,,,,
Madhya Pradesh - 2025,14-Apr 9am,13162.46,,,,
Madhya Pradesh - 2025,14-Apr 10am,13396.56,,,,
Madhya Pradesh - 2025,14-Apr 11am,12749.76,,,,
Madhya Pradesh - 2025,14-Apr 12pm,11875.75,,,,
Madhya Pradesh - 2025,14-Apr 1pm,12055.19,,,,
Madhya Pradesh - 2025,14-Apr 2pm,12070.75,,,,
Madhya Pradesh - 2025,14-Apr 3pm,12369.45,,,,
Madhya Pradesh - 2025,14-Apr 4pm,12738.58,,,,
Madhya Pradesh - 2025,14-Apr 5pm,12583.23,,,,
Madhya Pradesh - 2025,14-Apr 6pm,11479.55,,,,
Madhya Pradesh - 2025,14-Apr 7pm,12184.59,,,,
Madhya Pradesh - 2025,14-Apr 8pm,12259.46,,,,
Madhya Pradesh - 2025,14-Apr 9pm,11614.6,,,,
Madhya Pradesh - 2025,14-Apr 10pm,12189.63,,,,
Madhya Pradesh - 2025,14-Apr 11pm,13233.91,,,,
Madhya Pradesh - 2025,15-Apr 12am,13210.53,,,,
Madhya Pradesh - 2025,15-Apr 1am,12898.83,,,,
Madhya Pradesh - 2025,15-Apr 2am,12340.5,,,,
Madhya Pradesh - 2025,15-Apr 3am,12350.32,,,,
Madhya Pradesh - 2025,15-Apr 4am,12152.46,,,,
Madhya Pradesh - 2025,15-Apr 5am,12025.25,,,,
Madhya Pradesh - 2025,15-Apr 6am,12765.4,,,,
Madhya Pradesh - 2025,15-Apr 7am,13213.71,,,,
Madhya Pradesh - 2025,15-Apr 8am,12886.79,,,,
Madhya Pradesh - 2025,15-Apr 9am,13402.59,,,,
Madhya Pradesh - 2025,15-Apr 10am,13479.24,,,,
Madhya Pradesh - 2025,15-Apr 11am,12850.02,,,,
Madhya Pradesh - 2025,15-Apr 12pm,12076.43,,,,
Madhya Pradesh - 2025,15-Apr 1pm,12440.07,,,,
Madhya Pradesh - 2025,15-Apr 2pm,12572.81,,,,
Madhya Pradesh - 2025,15-Apr 3pm,12762.97,,,,
Madhya Pradesh - 2025,15-Apr 4pm,13203.38,,,,
Madhya Pradesh - 2025,15-Apr 5pm,13028.04,,,,
Madhya Pradesh - 2025,15-Apr 6pm,11816.57,,,,
Madhya Pradesh - 2025,15-Apr 7pm,12632.87,,,,
Madhya Pradesh - 2025,15-Apr 8pm,12508.65,,,,
Madhya Pradesh - 2025,15-Apr 9pm,11991.51,,,,
Madhya Pradesh - 2025,15-Apr 10pm,12526.35,,,,
Madhya Pradesh - 2025,15-Apr 11pm,13533.46,,,,
Madhya Pradesh - 2025,16-Apr 12am,12842.5,,,,
Madhya Pradesh - 2025,16-Apr 1am,12668.5,,,,
Madhya Pradesh - 2025,16-Apr 2am,12357.91,,,,
Madhya Pradesh - 2025,16-Apr 3am,12400.03,,,,
Madhya Pradesh - 2025,16-Apr 4am,12204.57,,,,
Madhya Pradesh - 2025,16-Apr 5am,12019.11,,,,
Madhya Pradesh - 2025,16-Apr 6am,12943.65,,,,
Madhya Pradesh - 2025,16-Apr 7am,13446.81,,,,
Madhya Pradesh - 2025,16-Apr 8am,13131.27,,,,
Madhya Pradesh - 2025,16-Apr 9am,13791.66,,,,
Madhya Pradesh - 2025,16-Apr 10am,13745.58,,,,
Madhya Pradesh - 2025,16-Apr 11am,13122.33,,,,
Madhya Pradesh - 2025,16-Apr 12pm,12373.72,,,,
Madhya Pradesh - 2025,16-Apr 1pm,12634.96,,,,
Madhya Pradesh - 2025,16-Apr 2pm,12821.23,,,,
Madhya Pradesh - 2025,16-Apr 3pm,13048.42,,,,
Madhya Pradesh - 2025,16-Apr 4pm,13243.3,,,,
Madhya Pradesh - 2025,16-Apr 5pm,13342.54,,,,
Madhya Pradesh - 2025,16-Apr 6pm,12087.18,,,,
Madhya Pradesh - 2025,16-Apr 7pm,12262.61,,,,
Madhya Pradesh - 2025,16-Apr 8pm,12520.51,,,,
Madhya Pradesh - 2025,16-Apr 9pm,11991.62,,,,
Madhya Pradesh - 2025,16-Apr 10pm,12467.16,,,,
Madhya Pradesh - 2025,16-Apr 11pm,13358.32,,,,
Madhya Pradesh - 2025,17-Apr 12am,13173.76,,,,
Madhya Pradesh - 2025,17-Apr 1am,12813.77,,,,
Madhya Pradesh - 2025,17-Apr 2am,12277.44,,,,
Madhya Pradesh - 2025,17-Apr 3am,12143.21,,,,
Madhya Pradesh - 2025,17-Apr 4am,12087.76,,,,
Madhya Pradesh - 2025,17-Apr 5am,12179.19,,,,
Madhya Pradesh - 2025,17-Apr 6am,12957.85,,,,
Madhya Pradesh - 2025,17-Apr 7am,13703.34,,,,
Madhya Pradesh - 2025,17-Apr 8am,13116.85,,,,
Madhya Pradesh - 2025,17-Apr 9am,13977.57,,,,
Madhya Pradesh - 2025,17-Apr 10am,13913.31,,,,
Madhya Pradesh - 2025,17-Apr 11am,13357.54,,,,
Madhya Pradesh - 2025,17-Apr 12pm,12719.8,,,,
Madhya Pradesh - 2025,17-Apr 1pm,12877.83,,,,
Madhya Pradesh - 2025,17-Apr 2pm,12930.72,,,,
Madhya Pradesh - 2025,17-Apr 3pm,13314.66,,,,
Madhya Pradesh - 2025,17-Apr 4pm,13618.44,,,,
Madhya Pradesh - 2025,17-Apr 5pm,13276.37,,,,
Madhya Pradesh - 2025,17-Apr 6pm,11750.68,,,,
Madhya Pradesh - 2025,17-Apr 7pm,12184.49,,,,
Madhya Pradesh - 2025,17-Apr 8pm,12219.18,,,,
Madhya Pradesh - 2025,17-Apr 9pm,11682.04,,,,
Madhya Pradesh - 2025,17-Apr 10pm,12334.53,,,,
Madhya Pradesh - 2025,17-Apr 11pm,13455.09,,,,
Madhya Pradesh - 2025,18-Apr 12am,13271.84,,,,
Madhya Pradesh - 2025,18-Apr 1am,13060.74,,,,
Madhya Pradesh - 2025,18-Apr 2am,12611.26,,,,
Madhya Pradesh - 2025,18-Apr 3am,12514.52,,,,
Madhya Pradesh - 2025,18-Apr 4am,12320.95,,,,
Madhya Pradesh - 2025,18-Apr 5am,12212.87,,,,
Madhya Pradesh - 2025,18-Apr 6am,12698.09,,,,
Madhya Pradesh - 2025,18-Apr 7am,13434.55,,,,
Madhya Pradesh - 2025,18-Apr 8am,12946.93,,,,
Madhya Pradesh - 2025,18-Apr 9am,13821.34,,,,
Madhya Pradesh - 2025,18-Apr 10am,13739.7,,,,
Madhya Pradesh - 2025,18-Apr 11am,13201.57,,,,
Madhya Pradesh - 2025,18-Apr 12pm,12620.68,,,,
Madhya Pradesh - 2025,18-Apr 1pm,12853.78,,,,
Madhya Pradesh - 2025,18-Apr 2pm,12862.43,,,,
Madhya Pradesh - 2025,18-Apr 3pm,13028.17,,,,
Madhya Pradesh - 2025,18-Apr 4pm,13078.03,,,,
Madhya Pradesh - 2025,18-Apr 5pm,12842.01,,,,
Madhya Pradesh - 2025,18-Apr 6pm,11843.83,,,,
Madhya Pradesh - 2025,18-Apr 7pm,12448.5,,,,
Madhya Pradesh - 2025,18-Apr 8pm,12632.25,,,,
Madhya Pradesh - 2025,18-Apr 9pm,12082.01,,,,
Madhya Pradesh - 2025,18-Apr 10pm,12381.57,,,,
Madhya Pradesh - 2025,18-Apr 11pm,13525.63,,,,
Madhya Pradesh - 2025,19-Apr 12am,13415.5,,,,
Madhya Pradesh - 2025,19-Apr 1am,13105.1,,,,
Madhya Pradesh - 2025,19-Apr 2am,12490.49,,,,
Madhya Pradesh - 2025,19-Apr 3am,12469.63,,,,
Madhya Pradesh - 2025,19-Apr 4am,12329.68,,,,
Madhya Pradesh - 2025,19-Apr 5am,12194.46,,,,
Madhya Pradesh - 2025,19-Apr 6am,12621.49,,,,
Madhya Pradesh - 2025,19-Apr 7am,13332.91,,,,
Madhya Pradesh - 2025,19-Apr 8am,12797.92,,,,
Madhya Pradesh - 2025,19-Apr 9am,13637.1,,,,
Madhya Pradesh - 2025,19-Apr 10am,13307.41,,,,
Madhya Pradesh - 2025,19-Apr 11am,12734.86,,,,
Madhya Pradesh - 2025,19-Apr 12pm,12283.46,,,,
Madhya Pradesh - 2025,19-Apr 1pm,12598.05,,,,
Madhya Pradesh - 2025,19-Apr 2pm,12750.69,,,,
Madhya Pradesh - 2025,19-Apr 3pm,12966.11,,,,
Madhya Pradesh - 2025,19-Apr 4pm,13303.12,,,,
Madhya Pradesh - 2025,19-Apr 5pm,13335.23,,,,
Madhya Pradesh - 2025,19-Apr 6pm,11960.49,,,,
Madhya Pradesh - 2025,19-Apr 7pm,12530.57,,,,
Madhya Pradesh - 2025,19-Apr 8pm,12768.72,,,,
Madhya Pradesh - 2025,19-Apr 9pm,12140.16,,,,
Madhya Pradesh - 2025,19-Apr 10pm,12557.57,,,,
Madhya Pradesh - 2025,19-Apr 11pm,13547.68,,,,
Madhya Pradesh - 2025,20-Apr 12am,13392.33,,,,
Madhya Pradesh - 2025,20-Apr 1am,13243.06,,,,
Madhya Pradesh - 2025,20-Apr 2am,12805.22,,,,
Madhya Pradesh - 2025,20-Apr 3am,12619.87,,,,
Madhya Pradesh - 2025,20-Apr 4am,12495.72,,,,
Madhya Pradesh - 2025,20-Apr 5am,12395.12,,,,
Madhya Pradesh - 2025,20-Apr 6am,12910.6,,,,
Madhya Pradesh - 2025,20-Apr 7am,13427.36,,,,
Madhya Pradesh - 2025,20-Apr 8am,12823.7,,,,
Madhya Pradesh - 2025,20-Apr 9am,13446.29,,,,
Madhya Pradesh - 2025,20-Apr 10am,13088.78,,,,
Madhya Pradesh - 2025,20-Apr 11am,12432.03,,,,
Madhya Pradesh - 2025,20-Apr 12pm,11978.15,,,,
Madhya Pradesh - 2025,20-Apr 1pm,12266.26,,,,
Madhya Pradesh - 2025,20-Apr 2pm,12270.77,,,,
Madhya Pradesh - 2025,20-Apr 3pm,12513.01,,,,
Madhya Pradesh - 2025,20-Apr 4pm,12913.24,,,,
Madhya Pradesh - 2025,20-Apr 5pm,12859.93,,,,
Madhya Pradesh - 2025,20-Apr 6pm,11372.06,,,,
Madhya Pradesh - 2025,20-Apr 7pm,11956.81,,,,
Madhya Pradesh - 2025,20-Apr 8pm,12265.96,,,,
Madhya Pradesh - 2025,20-Apr 9pm,11718.01,,,,
Madhya Pradesh - 2025,20-Apr 10pm,12217.14,,,,
Madhya Pradesh - 2025,20-Apr 11pm,13177.58,,,,
Madhya Pradesh - 2025,21-Apr 12am,13109.84,,,,
Madhya Pradesh - 2025,21-Apr 1am,12949.29,,,,
Madhya Pradesh - 2025,21-Apr 2am,12399.36,,,,
Madhya Pradesh - 2025,21-Apr 3am,12357.53,,,,
Madhya Pradesh - 2025,21-Apr 4am,12171.35,,,,
Madhya Pradesh - 2025,21-Apr 5am,12062.12,,,,
Madhya Pradesh - 2025,21-Apr 6am,12715.3,,,,
Madhya Pradesh - 2025,21-Apr 7am,13332.93,,,,
Madhya Pradesh - 2025,21-Apr 8am,12771.05,,,,
Madhya Pradesh - 2025,21-Apr 9am,13769.04,,,,
Madhya Pradesh - 2025,21-Apr 10am,13733.88,,,,
Madhya Pradesh - 2025,21-Apr 11am,13021.12,,,,
Madhya Pradesh - 2025,21-Apr 12pm,12477.99,,,,
Madhya Pradesh - 2025,21-Apr 1pm,12920.58,,,,
Madhya Pradesh - 2025,21-Apr 2pm,12995.34,,,,
Madhya Pradesh - 2025,21-Apr 3pm,13033.62,,,,
Madhya Pradesh - 2025,21-Apr 4pm,13709.43,,,,
Madhya Pradesh - 2025,21-Apr 5pm,13229.09,,,,
Madhya Pradesh - 2025,21-Apr 6pm,11906.51,,,,
Madhya Pradesh - 2025,21-Apr 7pm,11974.47,,,,
Madhya Pradesh - 2025,21-Apr 8pm,11599.68,,,,
Madhya Pradesh - 2025,21-Apr 9pm,11495.74,,,,
Madhya Pradesh - 2025,21-Apr 10pm,11707.62,,,,
Madhya Pradesh - 2025,21-Apr 11pm,12870.54,,,,
Madhya Pradesh - 2025,22-Apr 12am,12962.27,,,,
Madhya Pradesh - 2025,22-Apr 1am,12320.23,,,,
Madhya Pradesh - 2025,22-Apr 2am,12352.41,,,,
Madhya Pradesh - 2025,22-Apr 3am,12444.68,,,,
Madhya Pradesh - 2025,22-Apr 4am,12230.3,,,,
Madhya Pradesh - 2025,22-Apr 5am,12177,,,,
Madhya Pradesh - 2025,22-Apr 6am,12893.53,,,,
Madhya Pradesh - 2025,22-Apr 7am,13324.08,,,,
Madhya Pradesh - 2025,22-Apr 8am,13115.1,,,,
Madhya Pradesh - 2025,22-Apr 9am,13886.97,,,,
Madhya Pradesh - 2025,22-Apr 10am,13762.39,,,,
Madhya Pradesh - 2025,22-Apr 11am,13179.79,,,,
Madhya Pradesh - 2025,22-Apr 12pm,12654.22,,,,
Madhya Pradesh - 2025,22-Apr 1pm,12978.82,,,,
Madhya Pradesh - 2025,22-Apr 2pm,13009.39,,,,
Madhya Pradesh - 2025,22-Apr 3pm,13270.64,,,,
Madhya Pradesh - 2025,22-Apr 4pm,13644.18,,,,
Madhya Pradesh - 2025,22-Apr 5pm,13669.47,,,,
Madhya Pradesh - 2025,22-Apr 6pm,12166.3,,,,
Madhya Pradesh - 2025,22-Apr 7pm,12555.11,,,,
Madhya Pradesh - 2025,22-Apr 8pm,12739.36,,,,
Madhya Pradesh - 2025,22-Apr 9pm,12332.23,,,,
Madhya Pradesh - 2025,22-Apr 10pm,12460.79,,,,
Madhya Pradesh - 2025,22-Apr 11pm,13084.16,,,,
Madhya Pradesh - 2025,23-Apr 12am,13035.31,,,,
Madhya Pradesh - 2025,23-Apr 1am,12658.12,,,,
Madhya Pradesh - 2025,23-Apr 2am,12593.6,,,,
Madhya Pradesh - 2025,23-Apr 3am,12474.58,,,,
Madhya Pradesh - 2025,23-Apr 4am,12267.37,,,,
Madhya Pradesh - 2025,23-Apr 5am,12169.93,,,,
Madhya Pradesh - 2025,23-Apr 6am,12846.57,,,,
Madhya Pradesh - 2025,23-Apr 7am,13164.32,,,,
Madhya Pradesh - 2025,23-Apr 8am,13066.92,,,,
Madhya Pradesh - 2025,23-Apr 9am,14126.42,,,,
Madhya Pradesh - 2025,23-Apr 10am,13898.47,,,,
Madhya Pradesh - 2025,23-Apr 11am,13346,,,,
Madhya Pradesh - 2025,23-Apr 12pm,12729.93,,,,
Madhya Pradesh - 2025,23-Apr 1pm,12934.44,,,,
Madhya Pradesh - 2025,23-Apr 2pm,12860.7,,,,
Madhya Pradesh - 2025,23-Apr 3pm,13038.29,,,,
Madhya Pradesh - 2025,23-Apr 4pm,13391.74,,,,
Madhya Pradesh - 2025,23-Apr 5pm,13327.55,,,,
Madhya Pradesh - 2025,23-Apr 6pm,12078.2,,,,
Madhya Pradesh - 2025,23-Apr 7pm,12495.87,,,,
Madhya Pradesh - 2025,23-Apr 8pm,12763.57,,,,
Madhya Pradesh - 2025,23-Apr 9pm,12061.2,,,,
Madhya Pradesh - 2025,23-Apr 10pm,12121.84,,,,
Madhya Pradesh - 2025,23-Apr 11pm,12768.33,,,,
Madhya Pradesh - 2025,24-Apr 12am,12463.72,,,,
Madhya Pradesh - 2025,24-Apr 1am,12055.54,,,,
Madhya Pradesh - 2025,24-Apr 2am,12127.7,,,,
Madhya Pradesh - 2025,24-Apr 3am,12056.62,,,,
Madhya Pradesh - 2025,24-Apr 4am,11855.86,,,,
Madhya Pradesh - 2025,24-Apr 5am,11832.72,,,,
Madhya Pradesh - 2025,24-Apr 6am,12682.62,,,,
Madhya Pradesh - 2025,24-Apr 7am,13410.79,,,,
Madhya Pradesh - 2025,24-Apr 8am,12791.02,,,,
Madhya Pradesh - 2025,24-Apr 9am,13850.91,,,,
Madhya Pradesh - 2025,24-Apr 10am,13879.42,,,,
Madhya Pradesh - 2025,24-Apr 11am,13184.23,,,,
Madhya Pradesh - 2025,24-Apr 12pm,12622.33,,,,
Madhya Pradesh - 2025,24-Apr 1pm,12915,,,,
Madhya Pradesh - 2025,24-Apr 2pm,12844.94,,,,
Madhya Pradesh - 2025,24-Apr 3pm,12991.94,,,,
Madhya Pradesh - 2025,24-Apr 4pm,13161.73,,,,
Madhya Pradesh - 2025,24-Apr 5pm,13453.59,,,,
Madhya Pradesh - 2025,24-Apr 6pm,12039.83,,,,
Madhya Pradesh - 2025,24-Apr 7pm,12560.77,,,,
Madhya Pradesh - 2025,24-Apr 8pm,12974.43,,,,
Madhya Pradesh - 2025,24-Apr 9pm,12178.55,,,,
Madhya Pradesh - 2025,24-Apr 10pm,12664.36,,,,
Madhya Pradesh - 2025,24-Apr 11pm,13768.57,,,,
Madhya Pradesh - 2025,25-Apr 12am,13631.55,,,,
Madhya Pradesh - 2025,25-Apr 1am,13118.11,,,,
Madhya Pradesh - 2025,25-Apr 2am,12571.16,,,,
Madhya Pradesh - 2025,25-Apr 3am,12515.56,,,,
Madhya Pradesh - 2025,25-Apr 4am,12165.28,,,,
Madhya Pradesh - 2025,25-Apr 5am,12057.99,,,,
Madhya Pradesh - 2025,25-Apr 6am,12822.02,,,,
Madhya Pradesh - 2025,25-Apr 7am,13425.84,,,,
Madhya Pradesh - 2025,25-Apr 8am,12921.48,,,,
Madhya Pradesh - 2025,25-Apr 9am,14103.37,,,,
Madhya Pradesh - 2025,25-Apr 10am,13964.51,,,,
Madhya Pradesh - 2025,25-Apr 11am,13483.94,,,,
Madhya Pradesh - 2025,25-Apr 12pm,13022.83,,,,
Madhya Pradesh - 2025,25-Apr 1pm,13141.44,,,,
Madhya Pradesh - 2025,25-Apr 2pm,13167.18,,,,
Madhya Pradesh - 2025,25-Apr 3pm,13415.87,,,,
Madhya Pradesh - 2025,25-Apr 4pm,13745.5,,,,
Madhya Pradesh - 2025,25-Apr 5pm,13667.18,,,,
Madhya Pradesh - 2025,25-Apr 6pm,12120.57,,,,
Madhya Pradesh - 2025,25-Apr 7pm,12668.28,,,,
Madhya Pradesh - 2025,25-Apr 8pm,12922.68,,,,
Madhya Pradesh - 2025,25-Apr 9pm,12194.14,,,,
Madhya Pradesh - 2025,25-Apr 10pm,12685.9,,,,
Madhya Pradesh - 2025,25-Apr 11pm,13788.28,,,,
Madhya Pradesh - 2025,26-Apr 12am,13719.63,,,,
Madhya Pradesh - 2025,26-Apr 1am,12987.28,,,,
Madhya Pradesh - 2025,26-Apr 2am,12619.55,,,,
Madhya Pradesh - 2025,26-Apr 3am,12648.53,,,,
Madhya Pradesh - 2025,26-Apr 4am,12241.29,,,,
Madhya Pradesh - 2025,26-Apr 5am,11939.24,,,,
Madhya Pradesh - 2025,26-Apr 6am,12572.85,,,,
Madhya Pradesh - 2025,26-Apr 7am,12984.07,,,,
Madhya Pradesh - 2025,26-Apr 8am,12613.95,,,,
Madhya Pradesh - 2025,26-Apr 9am,13614.56,,,,
Madhya Pradesh - 2025,26-Apr 10am,13468.58,,,,
Madhya Pradesh - 2025,26-Apr 11am,13158.66,,,,
Madhya Pradesh - 2025,26-Apr 12pm,12532.99,,,,
Madhya Pradesh - 2025,26-Apr 1pm,12688.95,,,,
Madhya Pradesh - 2025,26-Apr 2pm,12649.19,,,,
Madhya Pradesh - 2025,26-Apr 3pm,12754.75,,,,
Madhya Pradesh - 2025,26-Apr 4pm,12987.84,,,,
Madhya Pradesh - 2025,26-Apr 5pm,12574.22,,,,
Madhya Pradesh - 2025,26-Apr 6pm,11386.3,,,,
Madhya Pradesh - 2025,26-Apr 7pm,11546.58,,,,
Madhya Pradesh - 2025,26-Apr 8pm,11716.83,,,,
Madhya Pradesh - 2025,26-Apr 9pm,11540.86,,,,
Madhya Pradesh - 2025,26-Apr 10pm,12101.56,,,,
Madhya Pradesh - 2025,26-Apr 11pm,12980.42,,,,
Madhya Pradesh - 2025,27-Apr 12am,12922.75,,,,
Madhya Pradesh - 2025,27-Apr 1am,12680.79,,,,
Madhya Pradesh - 2025,27-Apr 2am,12231.05,,,,
Madhya Pradesh - 2025,27-Apr 3am,12094.93,,,,
Madhya Pradesh - 2025,27-Apr 4am,12016.35,,,,
Madhya Pradesh - 2025,27-Apr 5am,11793.45,,,,
Madhya Pradesh - 2025,27-Apr 6am,12138.43,,,,
Madhya Pradesh - 2025,27-Apr 7am,12611.6,,,,
Madhya Pradesh - 2025,27-Apr 8am,12079.1,,,,
Madhya Pradesh - 2025,27-Apr 9am,12312.31,,,,
Madhya Pradesh - 2025,27-Apr 10am,12098.41,,,,
Madhya Pradesh - 2025,27-Apr 11am,11755.21,,,,
Madhya Pradesh - 2025,27-Apr 12pm,11485.84,,,,
Madhya Pradesh - 2025,27-Apr 1pm,11790.06,,,,
Madhya Pradesh - 2025,27-Apr 2pm,11469.97,,,,
Madhya Pradesh - 2025,27-Apr 3pm,10815.16,,,,
Madhya Pradesh - 2025,27-Apr 4pm,10577.23,,,,
Madhya Pradesh - 2025,27-Apr 5pm,10633.47,,,,
Madhya Pradesh - 2025,27-Apr 6pm,9819.08,,,,
Madhya Pradesh - 2025,27-Apr 7pm,10328.02,,,,
Madhya Pradesh - 2025,27-Apr 8pm,10690.54,,,,
Madhya Pradesh - 2025,27-Apr 9pm,10361.59,,,,
Madhya Pradesh - 2025,27-Apr 10pm,10789.16,,,,
Madhya Pradesh - 2025,27-Apr 11pm,11909.02,,,,
Madhya Pradesh - 2025,28-Apr 12am,11972.16,,,,
Madhya Pradesh - 2025,28-Apr 1am,11655.82,,,,
Madhya Pradesh - 2025,28-Apr 2am,11229.23,,,,
Madhya Pradesh - 2025,28-Apr 3am,11104.23,,,,
Madhya Pradesh - 2025,28-Apr 4am,10890.25,,,,
Madhya Pradesh - 2025,28-Apr 5am,10882.16,,,,
Madhya Pradesh - 2025,28-Apr 6am,11669.63,,,,
Madhya Pradesh - 2025,28-Apr 7am,12276.74,,,,
Madhya Pradesh - 2025,28-Apr 8am,11902.36,,,,
Madhya Pradesh - 2025,28-Apr 9am,12741.75,,,,
Madhya Pradesh - 2025,28-Apr 10am,12868.18,,,,
Madhya Pradesh - 2025,28-Apr 11am,12620.09,,,,
Madhya Pradesh - 2025,28-Apr 12pm,12052.77,,,,
Madhya Pradesh - 2025,28-Apr 1pm,12331.97,,,,
Madhya Pradesh - 2025,28-Apr 2pm,12605.77,,,,
Madhya Pradesh - 2025,28-Apr 3pm,12824.78,,,,
Madhya Pradesh - 2025,28-Apr 4pm,13159.96,,,,
Madhya Pradesh - 2025,28-Apr 5pm,12907.76,,,,
Madhya Pradesh - 2025,28-Apr 6pm,11568.31,,,,
Madhya Pradesh - 2025,28-Apr 7pm,11958.21,,,,
Madhya Pradesh - 2025,28-Apr 8pm,12192.38,,,,
Madhya Pradesh - 2025,28-Apr 9pm,11738.04,,,,
Madhya Pradesh - 2025,28-Apr 10pm,12333.27,,,,
Madhya Pradesh - 2025,28-Apr 11pm,13347.45,,,,
Madhya Pradesh - 2025,29-Apr 12am,13347.06,,,,
Madhya Pradesh - 2025,29-Apr 1am,12876.63,,,,
Madhya Pradesh - 2025,29-Apr 2am,12478.87,,,,
Madhya Pradesh - 2025,29-Apr 3am,12228.69,,,,
Madhya Pradesh - 2025,29-Apr 4am,12101.75,,,,
Madhya Pradesh - 2025,29-Apr 5am,11950.05,,,,
Madhya Pradesh - 2025,29-Apr 6am,12695.24,,,,
Madhya Pradesh - 2025,29-Apr 7am,13133.95,,,,
Madhya Pradesh - 2025,29-Apr 8am,12673.93,,,,
Madhya Pradesh - 2025,29-Apr 9am,13521.24,,,,
Madhya Pradesh - 2025,29-Apr 10am,13455.21,,,,
Madhya Pradesh - 2025,29-Apr 11am,12922.52,,,,
Madhya Pradesh - 2025,29-Apr 12pm,12262.19,,,,
Madhya Pradesh - 2025,29-Apr 1pm,12303.09,,,,
Madhya Pradesh - 2025,29-Apr 2pm,12246,,,,
Madhya Pradesh - 2025,29-Apr 3pm,12150.59,,,,
Madhya Pradesh - 2025,29-Apr 4pm,11924.01,,,,
Madhya Pradesh - 2025,29-Apr 5pm,11516.61,,,,
Madhya Pradesh - 2025,29-Apr 6pm,10575.11,,,,
Madhya Pradesh - 2025,29-Apr 7pm,10645.88,,,,
Madhya Pradesh - 2025,29-Apr 8pm,11006.48,,,,
Madhya Pradesh - 2025,29-Apr 9pm,10701.15,,,,
Madhya Pradesh - 2025,29-Apr 10pm,11276.02,,,,
Madhya Pradesh - 2025,29-Apr 11pm,12265.87,,,,
Madhya Pradesh - 2025,30-Apr 12am,12577.16,,,,
Madhya Pradesh - 2025,30-Apr 1am,12348.63,,,,
Madhya Pradesh - 2025,30-Apr 2am,11824.17,,,,
Madhya Pradesh - 2025,30-Apr 3am,11872.46,,,,
Madhya Pradesh - 2025,30-Apr 4am,11765.49,,,,
Madhya Pradesh - 2025,30-Apr 5am,11568.95,,,,
Madhya Pradesh - 2025,30-Apr 6am,12068.73,,,,
Madhya Pradesh - 2025,30-Apr 7am,12396.41,,,,
Madhya Pradesh - 2025,30-Apr 8am,12003.9,,,,
Madhya Pradesh - 2025,30-Apr 9am,13086.45,,,,
Madhya Pradesh - 2025,30-Apr 10am,13253.45,,,,
Madhya Pradesh - 2025,30-Apr 11am,12899.46,,,,
Madhya Pradesh - 2025,30-Apr 12pm,12473.43,,,,
Madhya Pradesh - 2025,30-Apr 1pm,12653.41,,,,
Madhya Pradesh - 2025,30-Apr 2pm,12948.49,,,,
Madhya Pradesh - 2025,30-Apr 3pm,13035.12,,,,
Madhya Pradesh - 2025,30-Apr 4pm,12940.09,,,,
Madhya Pradesh - 2025,30-Apr 5pm,12524.27,,,,
Madhya Pradesh - 2025,30-Apr 6pm,10214.33,,,,
Madhya Pradesh - 2025,30-Apr 7pm,10504.61,,,,
Madhya Pradesh - 2025,30-Apr 8pm,10934.68,,,,
Madhya Pradesh - 2025,30-Apr 9pm,10963.95,,,,
Madhya Pradesh - 2025,30-Apr 10pm,11641.48,,,,
Madhya Pradesh - 2025,30-Apr 11pm,12618.39,,,,
Madhya Pradesh - 2025,01-May 12am,12573.75,,,,
Madhya Pradesh - 2025,01-May 1am,12501.37,,,,
Madhya Pradesh - 2025,01-May 2am,12040.06,,,,
Madhya Pradesh - 2025,01-May 3am,11928.41,,,,
Madhya Pradesh - 2025,01-May 4am,11826.18,,,,
Madhya Pradesh - 2025,01-May 5am,11624.78,,,,
Madhya Pradesh - 2025,01-May 6am,12225.63,,,,
Madhya Pradesh - 2025,01-May 7am,12514.32,,,,
Madhya Pradesh - 2025,01-May 8am,12062.4,,,,
Madhya Pradesh - 2025,01-May 9am,12710.04,,,,
Madhya Pradesh - 2025,01-May 10am,12871.32,,,,
Madhya Pradesh - 2025,01-May 11am,12714.16,,,,
Madhya Pradesh - 2025,01-May 12pm,12414.61,,,,
Madhya Pradesh - 2025,01-May 1pm,12887.2,,,,
Madhya Pradesh - 2025,01-May 2pm,12931.02,,,,
Madhya Pradesh - 2025,01-May 3pm,13107.47,,,,
Madhya Pradesh - 2025,01-May 4pm,13136.65,,,,
Madhya Pradesh - 2025,01-May 5pm,12587.55,,,,
Madhya Pradesh - 2025,01-May 6pm,11338.85,,,,
Madhya Pradesh - 2025,01-May 7pm,11522.74,,,,
Madhya Pradesh - 2025,01-May 8pm,11790.29,,,,
Madhya Pradesh - 2025,01-May 9pm,11412.73,,,,
Madhya Pradesh - 2025,01-May 10pm,11893.16,,,,
Madhya Pradesh - 2025,01-May 11pm,13005.2,,,,
Madhya Pradesh - 2025,02-May 12am,13039.95,,,,
Madhya Pradesh - 2025,02-May 1am,12628.73,,,,
Madhya Pradesh - 2025,02-May 2am,12222.12,,,,
Madhya Pradesh - 2025,02-May 3am,12093.08,,,,
Madhya Pradesh - 2025,02-May 4am,11995.21,,,,
Madhya Pradesh - 2025,02-May 5am,11841.72,,,,
Madhya Pradesh - 2025,02-May 6am,12504.2,,,,
Madhya Pradesh - 2025,02-May 7am,12584.27,,,,
Madhya Pradesh - 2025,02-May 8am,12109.93,,,,
Madhya Pradesh - 2025,02-May 9am,12588.54,,,,
Madhya Pradesh - 2025,02-May 10am,12623.92,,,,
Madhya Pradesh - 2025,02-May 11am,12085.76,,,,
Madhya Pradesh - 2025,02-May 12pm,11428.34,,,,
Madhya Pradesh - 2025,02-May 1pm,11847.08,,,,
Madhya Pradesh - 2025,02-May 2pm,12205.17,,,,
Madhya Pradesh - 2025,02-May 3pm,12597.69,,,,
Madhya Pradesh - 2025,02-May 4pm,13151.56,,,,
Madhya Pradesh - 2025,02-May 5pm,13020.13,,,,
Madhya Pradesh - 2025,02-May 6pm,11614.63,,,,
Madhya Pradesh - 2025,02-May 7pm,12033.71,,,,
Madhya Pradesh - 2025,02-May 8pm,12395.01,,,,
Madhya Pradesh - 2025,02-May 9pm,11887.47,,,,
Madhya Pradesh - 2025,02-May 10pm,12424.87,,,,
Madhya Pradesh - 2025,02-May 11pm,13447.41,,,,
Madhya Pradesh - 2025,03-May 12am,13313.72,,,,
Madhya Pradesh - 2025,03-May 1am,13055.82,,,,
Madhya Pradesh - 2025,03-May 2am,12450.99,,,,
Madhya Pradesh - 2025,03-May 3am,12438.23,,,,
Madhya Pradesh - 2025,03-May 4am,12147.26,,,,
Madhya Pradesh - 2025,03-May 5am,11965.78,,,,
Madhya Pradesh - 2025,03-May 6am,12599.79,,,,
Madhya Pradesh - 2025,03-May 7am,13008.54,,,,
Madhya Pradesh - 2025,03-May 8am,12650.43,,,,
Madhya Pradesh - 2025,03-May 9am,13545.84,,,,
Madhya Pradesh - 2025,03-May 10am,13679.34,,,,
Madhya Pradesh - 2025,03-May 11am,13140.51,,,,
Madhya Pradesh - 2025,03-May 12pm,12582.87,,,,
Madhya Pradesh - 2025,03-May 1pm,12448.03,,,,
Madhya Pradesh - 2025,03-May 2pm,11894.74,,,,
Madhya Pradesh - 2025,03-May 3pm,11268.36,,,,
Madhya Pradesh - 2025,03-May 4pm,11341.35,,,,
Madhya Pradesh - 2025,03-May 5pm,10372.73,,,,
Madhya Pradesh - 2025,03-May 6pm,8944.49,,,,
Madhya Pradesh - 2025,03-May 7pm,9168.53,,,,
Madhya Pradesh - 2025,03-May 8pm,9376.07,,,,
Madhya Pradesh - 2025,03-May 9pm,9277.73,,,,
Madhya Pradesh - 2025,03-May 10pm,10153.48,,,,
Madhya Pradesh - 2025,03-May 11pm,11234.52,,,,
Madhya Pradesh - 2025,04-May 12am,11233.52,,,,
Madhya Pradesh - 2025,04-May 1am,11102.46,,,,
Madhya Pradesh - 2025,04-May 2am,10719.87,,,,
Madhya Pradesh - 2025,04-May 3am,10621.23,,,,
Madhya Pradesh - 2025,04-May 4am,10454.37,,,,
Madhya Pradesh - 2025,04-May 5am,10325.24,,,,
Madhya Pradesh - 2025,04-May 6am,10798.86,,,,
Madhya Pradesh - 2025,04-May 7am,11441.76,,,,
Madhya Pradesh - 2025,04-May 8am,11050.5,,,,
Madhya Pradesh - 2025,04-May 9am,11539.98,,,,
Madhya Pradesh - 2025,04-May 10am,11468.78,,,,
Madhya Pradesh - 2025,04-May 11am,10958.26,,,,
Madhya Pradesh - 2025,04-May 12pm,10813.82,,,,
Madhya Pradesh - 2025,04-May 1pm,11320.03,,,,
Madhya Pradesh - 2025,04-May 2pm,11603.75,,,,
Madhya Pradesh - 2025,04-May 3pm,11798.01,,,,
Madhya Pradesh - 2025,04-May 4pm,11490.42,,,,
Madhya Pradesh - 2025,04-May 5pm,10713.78,,,,
Madhya Pradesh - 2025,04-May 6pm,8997.55,,,,
Madhya Pradesh - 2025,04-May 7pm,9392.08,,,,
Madhya Pradesh - 2025,04-May 8pm,9643.91,,,,
Madhya Pradesh - 2025,04-May 9pm,9177.28,,,,
Madhya Pradesh - 2025,04-May 10pm,9502.82,,,,
Madhya Pradesh - 2025,04-May 11pm,10285.74,,,,
Madhya Pradesh - 2025,05-May 12am,10631.26,,,,
Madhya Pradesh - 2025,05-May 1am,10334.62,,,,
Madhya Pradesh - 2025,05-May 2am,9888.23,,,,
Madhya Pradesh - 2025,05-May 3am,10014.6,,,,
Madhya Pradesh - 2025,05-May 4am,9940.85,,,,
Madhya Pradesh - 2025,05-May 5am,9836.28,,,,
Madhya Pradesh - 2025,05-May 6am,10555.15,,,,
Madhya Pradesh - 2025,05-May 7am,11044.75,,,,
Madhya Pradesh - 2025,05-May 8am,10825.73,,,,
Madhya Pradesh - 2025,05-May 9am,11330.32,,,,
Madhya Pradesh - 2025,05-May 10am,11477.49,,,,
Madhya Pradesh - 2025,05-May 11am,10886.16,,,,
Madhya Pradesh - 2025,05-May 12pm,10327.39,,,,
Madhya Pradesh - 2025,05-May 1pm,10322.03,,,,
Madhya Pradesh - 2025,05-May 2pm,9516.48,,,,
Madhya Pradesh - 2025,05-May 3pm,9450.16,,,,
Madhya Pradesh - 2025,05-May 4pm,8653.25,,,,
Madhya Pradesh - 2025,05-May 5pm,8802.81,,,,
Madhya Pradesh - 2025,05-May 6pm,8496.58,,,,
Madhya Pradesh - 2025,05-May 7pm,9026.54,,,,
Madhya Pradesh - 2025,05-May 8pm,9505.44,,,,
Madhya Pradesh - 2025,05-May 9pm,8943.34,,,,
Madhya Pradesh - 2025,05-May 10pm,7943.47,,,,
Madhya Pradesh - 2025,05-May 11pm,8563.69,,,,
Madhya Pradesh - 2025,06-May 12am,8670.53,,,,
Madhya Pradesh - 2025,06-May 1am,7945.57,,,,
Madhya Pradesh - 2025,06-May 2am,7895.71,,,,
Madhya Pradesh - 2025,06-May 3am,8054.69,,,,
Madhya Pradesh - 2025,06-May 4am,8126.62,,,,
Madhya Pradesh - 2025,06-May 5am,8082.67,,,,
Madhya Pradesh - 2025,06-May 6am,8616.08,,,,
Madhya Pradesh - 2025,06-May 7am,9376.53,,,,
Madhya Pradesh - 2025,06-May 8am,9260.09,,,,
Madhya Pradesh - 2025,06-May 9am,9465.26,,,,
Madhya Pradesh - 2025,06-May 10am,9715.59,,,,
Madhya Pradesh - 2025,06-May 11am,9560.2,,,,
Madhya Pradesh - 2025,06-May 12pm,9576.25,,,,
Madhya Pradesh - 2025,06-May 1pm,9876.44,,,,
Madhya Pradesh - 2025,06-May 2pm,10069.26,,,,
Madhya Pradesh - 2025,06-May 3pm,9793.45,,,,
Madhya Pradesh - 2025,06-May 4pm,9997.5,,,,
Madhya Pradesh - 2025,06-May 5pm,9585.79,,,,
Madhya Pradesh - 2025,06-May 6pm,9204.94,,,,
Madhya Pradesh - 2025,06-May 7pm,9583.67,,,,
Madhya Pradesh - 2025,06-May 8pm,9852.08,,,,
Madhya Pradesh - 2025,06-May 9pm,9506.53,,,,
Madhya Pradesh - 2025,06-May 10pm,9564.57,,,,
Madhya Pradesh - 2025,06-May 11pm,9749.03,,,,
Madhya Pradesh - 2025,07-May 12am,9927.56,,,,
Madhya Pradesh - 2025,07-May 1am,9784.71,,,,
Madhya Pradesh - 2025,07-May 2am,9656.82,,,,
Madhya Pradesh - 2025,07-May 3am,9534.75,,,,
Madhya Pradesh - 2025,07-May 4am,9416.97,,,,
Madhya Pradesh - 2025,07-May 5am,9376.82,,,,
Madhya Pradesh - 2025,07-May 6am,10238.27,,,,
Madhya Pradesh - 2025,07-May 7am,10879.55,,,,
Madhya Pradesh - 2025,07-May 8am,10438.07,,,,
Madhya Pradesh - 2025,07-May 9am,10586.16,,,,
Madhya Pradesh - 2025,07-May 10am,10536.45,,,,
Madhya Pradesh - 2025,07-May 11am,10064.67,,,,
Madhya Pradesh - 2025,07-May 12pm,9917.35,,,,
Madhya Pradesh - 2025,07-May 1pm,10047.65,,,,
Madhya Pradesh - 2025,07-May 2pm,10064.66,,,,
Madhya Pradesh - 2025,07-May 3pm,10503.72,,,,
Madhya Pradesh - 2025,07-May 4pm,10682.21,,,,
Madhya Pradesh - 2025,07-May 5pm,10564.35,,,,
Madhya Pradesh - 2025,07-May 6pm,10038.43,,,,
Madhya Pradesh - 2025,07-May 7pm,10439.89,,,,
Madhya Pradesh - 2025,07-May 8pm,10449.42,,,,
Madhya Pradesh - 2025,07-May 9pm,10148.59,,,,
Madhya Pradesh - 2025,07-May 10pm,10624.94,,,,
Madhya Pradesh - 2025,07-May 11pm,11378.53,,,,
Madhya Pradesh - 2025,08-May 12am,11388.38,,,,
Madhya Pradesh - 2025,08-May 1am,10951.77,,,,
Madhya Pradesh - 2025,08-May 2am,10692.57,,,,
Madhya Pradesh - 2025,08-May 3am,10685.43,,,,
Madhya Pradesh - 2025,08-May 4am,10532.19,,,,
Madhya Pradesh - 2025,08-May 5am,10377.67,,,,
Madhya Pradesh - 2025,08-May 6am,11012.77,,,,
Madhya Pradesh - 2025,08-May 7am,11505.8,,,,
Madhya Pradesh - 2025,08-May 8am,11162.67,,,,
Madhya Pradesh - 2025,08-May 9am,11510.33,,,,
Madhya Pradesh - 2025,08-May 10am,11483.68,,,,
Madhya Pradesh - 2025,08-May 11am,11013.75,,,,
Madhya Pradesh - 2025,08-May 12pm,10603.08,,,,
Madhya Pradesh - 2025,08-May 1pm,10797.89,,,,
Madhya Pradesh - 2025,08-May 2pm,10689.53,,,,
Madhya Pradesh - 2025,08-May 3pm,10952.69,,,,
Madhya Pradesh - 2025,08-May 4pm,10849.33,,,,
Madhya Pradesh - 2025,08-May 5pm,10709.22,,,,
Madhya Pradesh - 2025,08-May 6pm,10120.13,,,,
Madhya Pradesh - 2025,08-May 7pm,10678.57,,,,
Madhya Pradesh - 2025,08-May 8pm,10934.78,,,,
Madhya Pradesh - 2025,08-May 9pm,10438.4,,,,
Madhya Pradesh - 2025,08-May 10pm,10755.71,,,,
Madhya Pradesh - 2025,08-May 11pm,11352.67,,,,
Madhya Pradesh - 2025,09-May 12am,11333.88,,,,
Madhya Pradesh - 2025,09-May 1am,11088.41,,,,
Madhya Pradesh - 2025,09-May 2am,10747.78,,,,
Madhya Pradesh - 2025,09-May 3am,10736.04,,,,
Madhya Pradesh - 2025,09-May 4am,10509.7,,,,
Madhya Pradesh - 2025,09-May 5am,10609.94,,,,
Madhya Pradesh - 2025,09-May 6am,11536.32,,,,
Madhya Pradesh - 2025,09-May 7am,11686.73,,,,
Madhya Pradesh - 2025,09-May 8am,11059.47,,,,
Madhya Pradesh - 2025,09-May 9am,11130.65,,,,
Madhya Pradesh - 2025,09-May 10am,10992.83,,,,
Madhya Pradesh - 2025,09-May 11am,10385.1,,,,
Madhya Pradesh - 2025,09-May 12pm,11079.45,,,,
Madhya Pradesh - 2025,09-May 1pm,11029.01,,,,
Madhya Pradesh - 2025,09-May 2pm,11109.93,,,,
Madhya Pradesh - 2025,09-May 3pm,11103.82,,,,
Madhya Pradesh - 2025,09-May 4pm,11132.45,,,,
Madhya Pradesh - 2025,09-May 5pm,10733.39,,,,
Madhya Pradesh - 2025,09-May 6pm,10271.59,,,,
Madhya Pradesh - 2025,09-May 7pm,11073.96,,,,
Madhya Pradesh - 2025,09-May 8pm,11285.13,,,,
Madhya Pradesh - 2025,09-May 9pm,10799.61,,,,
Madhya Pradesh - 2025,09-May 10pm,11351.9,,,,
Madhya Pradesh - 2025,09-May 11pm,12040.51,,,,
Madhya Pradesh - 2025,10-May 12am,11913.46,,,,
Madhya Pradesh - 2025,10-May 1am,11590.84,,,,
Madhya Pradesh - 2025,10-May 2am,11194.09,,,,
Madhya Pradesh - 2025,10-May 3am,11135.63,,,,
Madhya Pradesh - 2025,10-May 4am,10869.2,,,,
Madhya Pradesh - 2025,10-May 5am,10789.53,,,,
Madhya Pradesh - 2025,10-May 6am,11316.08,,,,
Madhya Pradesh - 2025,10-May 7am,11827.05,,,,
Madhya Pradesh - 2025,10-May 8am,11541.38,,,,
Madhya Pradesh - 2025,10-May 9am,11974.44,,,,
Madhya Pradesh - 2025,10-May 10am,12070.85,,,,
Madhya Pradesh - 2025,10-May 11am,11606.96,,,,
Madhya Pradesh - 2025,10-May 12pm,11380.66,,,,
Madhya Pradesh - 2025,10-May 1pm,11647.29,,,,
Madhya Pradesh - 2025,10-May 2pm,11534.48,,,,
Madhya Pradesh - 2025,10-May 3pm,11404.79,,,,
Madhya Pradesh - 2025,10-May 4pm,11139.12,,,,
Madhya Pradesh - 2025,10-May 5pm,10859.52,,,,
Madhya Pradesh - 2025,10-May 6pm,10105.07,,,,
Madhya Pradesh - 2025,10-May 7pm,10803.08,,,,
Madhya Pradesh - 2025,10-May 8pm,11531.99,,,,
Madhya Pradesh - 2025,10-May 9pm,11030.48,,,,
Madhya Pradesh - 2025,10-May 10pm,11372.04,,,,
Madhya Pradesh - 2025,10-May 11pm,12145.51,,,,
Madhya Pradesh - 2025,11-May 12am,12122.78,,,,
Madhya Pradesh - 2025,11-May 1am,11754.55,,,,
Madhya Pradesh - 2025,11-May 2am,11398.85,,,,
Madhya Pradesh - 2025,11-May 3am,11345.93,,,,
Madhya Pradesh - 2025,11-May 4am,11259.25,,,,
Madhya Pradesh - 2025,11-May 5am,11144.29,,,,
Madhya Pradesh - 2025,11-May 6am,11710.63,,,,
Madhya Pradesh - 2025,11-May 7am,11993.35,,,,
Madhya Pradesh - 2025,11-May 8am,11470.5,,,,
Madhya Pradesh - 2025,11-May 9am,11887.34,,,,
Madhya Pradesh - 2025,11-May 10am,11746.6,,,,
Madhya Pradesh - 2025,11-May 11am,11420.16,,,,
Madhya Pradesh - 2025,11-May 12pm,10899.07,,,,
Madhya Pradesh - 2025,11-May 1pm,11268.5,,,,
Madhya Pradesh - 2025,11-May 2pm,11039.54,,,,
Madhya Pradesh - 2025,11-May 3pm,11056.73,,,,
Madhya Pradesh - 2025,11-May 4pm,11092.28,,,,
Madhya Pradesh - 2025,11-May 5pm,10735.96,,,,
Madhya Pradesh - 2025,11-May 6pm,9770.57,,,,
Madhya Pradesh - 2025,11-May 7pm,10048.53,,,,
Madhya Pradesh - 2025,11-May 8pm,10584.1,,,,
Madhya Pradesh - 2025,11-May 9pm,10317.85,,,,
Madhya Pradesh - 2025,11-May 10pm,10865.79,,,,
Madhya Pradesh - 2025,11-May 11pm,11615.54,,,,
Madhya Pradesh - 2025,12-May 12am,11710.45,,,,
Madhya Pradesh - 2025,12-May 1am,11484.28,,,,
Madhya Pradesh - 2025,12-May 2am,11162.92,,,,
Madhya Pradesh - 2025,12-May 3am,11181,,,,
Madhya Pradesh - 2025,12-May 4am,10979.63,,,,
Madhya Pradesh - 2025,12-May 5am,10819.24,,,,
Madhya Pradesh - 2025,12-May 6am,11344.06,,,,
Madhya Pradesh - 2025,12-May 7am,11609.82,,,,
Madhya Pradesh - 2025,12-May 8am,11409.99,,,,
Madhya Pradesh - 2025,12-May 9am,11813.92,,,,
Madhya Pradesh - 2025,12-May 10am,11940.9,,,,
Madhya Pradesh - 2025,12-May 11am,11721.27,,,,
Madhya Pradesh - 2025,12-May 12pm,11352.85,,,,
Madhya Pradesh - 2025,12-May 1pm,11648.3,,,,
Madhya Pradesh - 2025,12-May 2pm,11756.72,,,,
Madhya Pradesh - 2025,12-May 3pm,12057.17,,,,
Madhya Pradesh - 2025,12-May 4pm,12198.46,,,,
Madhya Pradesh - 2025,12-May 5pm,11898.35,,,,
Madhya Pradesh - 2025,12-May 6pm,11039.33,,,,
Madhya Pradesh - 2025,12-May 7pm,11437.92,,,,
Madhya Pradesh - 2025,12-May 8pm,11925.78,,,,
Madhya Pradesh - 2025,12-May 9pm,11574.71,,,,
Madhya Pradesh - 2025,12-May 10pm,11959.19,,,,
Madhya Pradesh - 2025,12-May 11pm,12715.07,,,,
Madhya Pradesh - 2025,13-May 12am,12497.21,,,,
Madhya Pradesh - 2025,13-May 1am,12030.84,,,,
Madhya Pradesh - 2025,13-May 2am,11847.33,,,,
Madhya Pradesh - 2025,13-May 3am,11966.12,,,,
Madhya Pradesh - 2025,13-May 4am,11772.24,,,,
Madhya Pradesh - 2025,13-May 5am,11611.67,,,,
Madhya Pradesh - 2025,13-May 6am,12137.34,,,,
Madhya Pradesh - 2025,13-May 7am,12418.06,,,,
Madhya Pradesh - 2025,13-May 8am,11965.12,,,,
Madhya Pradesh - 2025,13-May 9am,12482.28,,,,
Madhya Pradesh - 2025,13-May 10am,12625.37,,,,
Madhya Pradesh - 2025,13-May 11am,12263.11,,,,
Madhya Pradesh - 2025,13-May 12pm,11780.74,,,,
Madhya Pradesh - 2025,13-May 1pm,12166.59,,,,
Madhya Pradesh - 2025,13-May 2pm,12073.23,,,,
Madhya Pradesh - 2025,13-May 3pm,11818.77,,,,
Madhya Pradesh - 2025,13-May 4pm,11624.54,,,,
Madhya Pradesh - 2025,13-May 5pm,11447.26,,,,
Madhya Pradesh - 2025,13-May 6pm,10567.92,,,,
Madhya Pradesh - 2025,13-May 7pm,11174.06,,,,
Madhya Pradesh - 2025,13-May 8pm,11453.93,,,,
Madhya Pradesh - 2025,13-May 9pm,11136.14,,,,
Madhya Pradesh - 2025,13-May 10pm,11694.37,,,,
Madhya Pradesh - 2025,13-May 11pm,12306.06,,,,
Madhya Pradesh - 2025,14-May 12am,12452.62,,,,
Madhya Pradesh - 2025,14-May 1am,12057.1,,,,
Madhya Pradesh - 2025,14-May 2am,11790.44,,,,
Madhya Pradesh - 2025,14-May 3am,11758.3,,,,
Madhya Pradesh - 2025,14-May 4am,11571.44,,,,
Madhya Pradesh - 2025,14-May 5am,11439.86,,,,
Madhya Pradesh - 2025,14-May 6am,12112.1,,,,
Madhya Pradesh - 2025,14-May 7am,12376.8,,,,
Madhya Pradesh - 2025,14-May 8am,11850.92,,,,
Madhya Pradesh - 2025,14-May 9am,12274.1,,,,
Madhya Pradesh - 2025,14-May 10am,12379.73,,,,
Madhya Pradesh - 2025,14-May 11am,12052.67,,,,
Madhya Pradesh - 2025,14-May 12pm,11786.3,,,,
Madhya Pradesh - 2025,14-May 1pm,12169.25,,,,
Madhya Pradesh - 2025,14-May 2pm,12276.33,,,,
Madhya Pradesh - 2025,14-May 3pm,12125.51,,,,
Madhya Pradesh - 2025,14-May 4pm,12004.11,,,,
Madhya Pradesh - 2025,14-May 5pm,11527.84,,,,
Madhya Pradesh - 2025,14-May 6pm,11142.75,,,,
Madhya Pradesh - 2025,14-May 7pm,11371.82,,,,
Madhya Pradesh - 2025,14-May 8pm,11899.26,,,,
Madhya Pradesh - 2025,14-May 9pm,11485.74,,,,
Madhya Pradesh - 2025,14-May 10pm,11957.23,,,,
Madhya Pradesh - 2025,14-May 11pm,12759.33,,,,
Madhya Pradesh - 2025,15-May 12am,12766.44,,,,
Madhya Pradesh - 2025,15-May 1am,12444.71,,,,
Madhya Pradesh - 2025,15-May 2am,12097.68,,,,
Madhya Pradesh - 2025,15-May 3am,12071.93,,,,
Madhya Pradesh - 2025,15-May 4am,11825.81,,,,
Madhya Pradesh - 2025,15-May 5am,11805.59,,,,
Madhya Pradesh - 2025,15-May 6am,12300.46,,,,
Madhya Pradesh - 2025,15-May 7am,12242.11,,,,
Madhya Pradesh - 2025,15-May 8am,11801.25,,,,
Madhya Pradesh - 2025,15-May 9am,12277.53,,,,
Madhya Pradesh - 2025,15-May 10am,12416.17,,,,
Madhya Pradesh - 2025,15-May 11am,11975.61,,,,
Madhya Pradesh - 2025,15-May 12pm,11735.96,,,,
Madhya Pradesh - 2025,15-May 1pm,12066.6,,,,
Madhya Pradesh - 2025,15-May 2pm,12136.13,,,,
Madhya Pradesh - 2025,15-May 3pm,12205.92,,,,
Madhya Pradesh - 2025,15-May 4pm,12186.25,,,,
Madhya Pradesh - 2025,15-May 5pm,11819.74,,,,
Madhya Pradesh - 2025,15-May 6pm,11106.97,,,,
Madhya Pradesh - 2025,15-May 7pm,11620.61,,,,
Madhya Pradesh - 2025,15-May 8pm,12044.42,,,,
Madhya Pradesh - 2025,15-May 9pm,11713.39,,,,
Madhya Pradesh - 2025,15-May 10pm,12153.51,,,,
Madhya Pradesh - 2025,15-May 11pm,12738.2,,,,
Madhya Pradesh - 2025,16-May 12am,12321.24,,,,
Madhya Pradesh - 2025,16-May 1am,12182.66,,,,
Madhya Pradesh - 2025,16-May 2am,12108.14,,,,
Madhya Pradesh - 2025,16-May 3am,12123.5,,,,
Madhya Pradesh - 2025,16-May 4am,11891.71,,,,
Madhya Pradesh - 2025,16-May 5am,11843.32,,,,
Madhya Pradesh - 2025,16-May 6am,12321.39,,,,
Madhya Pradesh - 2025,16-May 7am,12512.22,,,,
Madhya Pradesh - 2025,16-May 8am,12055.92,,,,
Madhya Pradesh - 2025,16-May 9am,12496.33,,,,
Madhya Pradesh - 2025,16-May 10am,12685.12,,,,
Madhya Pradesh - 2025,16-May 11am,12069.07,,,,
Madhya Pradesh - 2025,16-May 12pm,11805.04,,,,
Madhya Pradesh - 2025,16-May 1pm,12325.66,,,,
Madhya Pradesh - 2025,16-May 2pm,12513.76,,,,
Madhya Pradesh - 2025,16-May 3pm,12603.04,,,,
Madhya Pradesh - 2025,16-May 4pm,12775.71,,,,
Madhya Pradesh - 2025,16-May 5pm,12094.85,,,,
Madhya Pradesh - 2025,16-May 6pm,11351.86,,,,
Madhya Pradesh - 2025,16-May 7pm,11817.54,,,,
Madhya Pradesh - 2025,16-May 8pm,12251.92,,,,
Madhya Pradesh - 2025,16-May 9pm,11754.82,,,,
Madhya Pradesh - 2025,16-May 10pm,12297.54,,,,
Madhya Pradesh - 2025,16-May 11pm,13101.53,,,,
Madhya Pradesh - 2025,17-May 12am,13027.85,,,,
Madhya Pradesh - 2025,17-May 1am,12633.38,,,,
Madhya Pradesh - 2025,17-May 2am,12246.12,,,,
Madhya Pradesh - 2025,17-May 3am,12229.68,,,,
Madhya Pradesh - 2025,17-May 4am,12060.65,,,,
Madhya Pradesh - 2025,17-May 5am,11939.55,,,,
Madhya Pradesh - 2025,17-May 6am,12476.61,,,,
Madhya Pradesh - 2025,17-May 7am,12684.95,,,,
Madhya Pradesh - 2025,17-May 8am,11956.94,,,,
Madhya Pradesh - 2025,17-May 9am,12563.81,,,,
Madhya Pradesh - 2025,17-May 10am,12658.12,,,,
Madhya Pradesh - 2025,17-May 11am,12077.62,,,,
Madhya Pradesh - 2025,17-May 12pm,12231.88,,,,
Madhya Pradesh - 2025,17-May 1pm,12713.54,,,,
Madhya Pradesh - 2025,17-May 2pm,12843.93,,,,
Madhya Pradesh - 2025,17-May 3pm,12644.04,,,,
Madhya Pradesh - 2025,17-May 4pm,12012,,,,
Madhya Pradesh - 2025,17-May 5pm,11111.98,,,,
Madhya Pradesh - 2025,17-May 6pm,10605.35,,,,
Madhya Pradesh - 2025,17-May 7pm,10934.83,,,,
Madhya Pradesh - 2025,17-May 8pm,11716.48,,,,
Madhya Pradesh - 2025,17-May 9pm,11334.94,,,,
Madhya Pradesh - 2025,17-May 10pm,11797.05,,,,
Madhya Pradesh - 2025,17-May 11pm,11837,,,,
Madhya Pradesh - 2025,18-May 12am,11829.55,,,,
Madhya Pradesh - 2025,18-May 1am,11739.97,,,,
Madhya Pradesh - 2025,18-May 2am,11479.3,,,,
Madhya Pradesh - 2025,18-May 3am,11347.68,,,,
Madhya Pradesh - 2025,18-May 4am,11289.67,,,,
Madhya Pradesh - 2025,18-May 5am,11219.34,,,,
Madhya Pradesh - 2025,18-May 6am,11635.04,,,,
Madhya Pradesh - 2025,18-May 7am,11734.05,,,,
Madhya Pradesh - 2025,18-May 8am,11327.86,,,,
Madhya Pradesh - 2025,18-May 9am,11681.04,,,,
Madhya Pradesh - 2025,18-May 10am,11673.53,,,,
Madhya Pradesh - 2025,18-May 11am,11370.69,,,,
Madhya Pradesh - 2025,18-May 12pm,11295.37,,,,
Madhya Pradesh - 2025,18-May 1pm,11718.53,,,,
Madhya Pradesh - 2025,18-May 2pm,12193.88,,,,
Madhya Pradesh - 2025,18-May 3pm,12343.34,,,,
Madhya Pradesh - 2025,18-May 4pm,12241.43,,,,
Madhya Pradesh - 2025,18-May 5pm,11606.32,,,,
Madhya Pradesh - 2025,18-May 6pm,10624.48,,,,
Madhya Pradesh - 2025,18-May 7pm,11177.91,,,,
Madhya Pradesh - 2025,18-May 8pm,11874.06,,,,
Madhya Pradesh - 2025,18-May 9pm,11564.94,,,,
Madhya Pradesh - 2025,18-May 10pm,12100.39,,,,
Madhya Pradesh - 2025,18-May 11pm,12903.18,,,,
Madhya Pradesh - 2025,19-May 12am,12694.54,,,,
Madhya Pradesh - 2025,19-May 1am,12536.21,,,,
Madhya Pradesh - 2025,19-May 2am,12190.71,,,,
Madhya Pradesh - 2025,19-May 3am,11999.21,,,,
Madhya Pradesh - 2025,19-May 4am,11920.96,,,,
Madhya Pradesh - 2025,19-May 5am,11846.77,,,,
Madhya Pradesh - 2025,19-May 6am,12352.76,,,,
Madhya Pradesh - 2025,19-May 7am,12501.89,,,,
Madhya Pradesh - 2025,19-May 8am,12141.94,,,,
Madhya Pradesh - 2025,19-May 9am,12524.98,,,,
Madhya Pradesh - 2025,19-May 10am,12798.84,,,,
Madhya Pradesh - 2025,19-May 11am,12546.53,,,,
Madhya Pradesh - 2025,19-May 12pm,12486.12,,,,
Madhya Pradesh - 2025,19-May 1pm,12813.71,,,,
Madhya Pradesh - 2025,19-May 2pm,12584.13,,,,
Madhya Pradesh - 2025,19-May 3pm,11899.35,,,,
Madhya Pradesh - 2025,19-May 4pm,11332.92,,,,
Madhya Pradesh - 2025,19-May 5pm,10323.79,,,,
Madhya Pradesh - 2025,19-May 6pm,10006.91,,,,
Madhya Pradesh - 2025,19-May 7pm,10513.93,,,,
Madhya Pradesh - 2025,19-May 8pm,11446.76,,,,
Madhya Pradesh - 2025,19-May 9pm,11313.26,,,,
Madhya Pradesh - 2025,19-May 10pm,11932.99,,,,
Madhya Pradesh - 2025,19-May 11pm,12537.06,,,,
Madhya Pradesh - 2025,20-May 12am,12464.12,,,,
Madhya Pradesh - 2025,20-May 1am,12307.51,,,,
Madhya Pradesh - 2025,20-May 2am,12180.26,,,,
Madhya Pradesh - 2025,20-May 3am,12070.66,,,,
Madhya Pradesh - 2025,20-May 4am,11967.55,,,,
Madhya Pradesh - 2025,20-May 5am,11788.11,,,,
Madhya Pradesh - 2025,20-May 6am,12144.76,,,,
Madhya Pradesh - 2025,20-May 7am,12132.27,,,,
Madhya Pradesh - 2025,20-May 8am,11773.69,,,,
Madhya Pradesh - 2025,20-May 9am,12102.92,,,,
Madhya Pradesh - 2025,20-May 10am,12126.65,,,,
Madhya Pradesh - 2025,20-May 11am,11962.16,,,,
Madhya Pradesh - 2025,20-May 12pm,11899.74,,,,
Madhya Pradesh - 2025,20-May 1pm,12306.23,,,,
Madhya Pradesh - 2025,20-May 2pm,12497.68,,,,
Madhya Pradesh - 2025,20-May 3pm,12535.28,,,,
Madhya Pradesh - 2025,20-May 4pm,12499.48,,,,
Madhya Pradesh - 2025,20-May 5pm,12025.63,,,,
Madhya Pradesh - 2025,20-May 6pm,10837.75,,,,
Madhya Pradesh - 2025,20-May 7pm,11577.35,,,,
Madhya Pradesh - 2025,20-May 8pm,12251.65,,,,
Madhya Pradesh - 2025,20-May 9pm,11951.98,,,,
Madhya Pradesh - 2025,20-May 10pm,12352.53,,,,
Madhya Pradesh - 2025,20-May 11pm,12996.3,,,,
Madhya Pradesh - 2025,21-May 12am,13026.3,,,,
Madhya Pradesh - 2025,21-May 1am,12608.03,,,,
Madhya Pradesh - 2025,21-May 2am,12354.68,,,,
Madhya Pradesh - 2025,21-May 3am,12202.98,,,,
Madhya Pradesh - 2025,21-May 4am,12025.4,,,,
Madhya Pradesh - 2025,21-May 5am,11919.05,,,,
Madhya Pradesh - 2025,21-May 6am,12373.42,,,,
Madhya Pradesh - 2025,21-May 7am,12451.28,,,,
Madhya Pradesh - 2025,21-May 8am,11809.91,,,,
Madhya Pradesh - 2025,21-May 9am,12292.89,,,,
Madhya Pradesh - 2025,21-May 10am,12466.51,,,,
Madhya Pradesh - 2025,21-May 11am,12339.65,,,,
Madhya Pradesh - 2025,21-May 12pm,12228.37,,,,
Madhya Pradesh - 2025,21-May 1pm,12637.26,,,,
Madhya Pradesh - 2025,21-May 2pm,12768.88,,,,
Madhya Pradesh - 2025,21-May 3pm,12120.38,,,,
Madhya Pradesh - 2025,21-May 4pm,11355.42,,,,
Madhya Pradesh - 2025,21-May 5pm,10920.7,,,,
Madhya Pradesh - 2025,21-May 6pm,10247.61,,,,
Madhya Pradesh - 2025,21-May 7pm,10639.21,,,,
Madhya Pradesh - 2025,21-May 8pm,11583.94,,,,
Madhya Pradesh - 2025,21-May 9pm,11235.31,,,,
Madhya Pradesh - 2025,21-May 10pm,11564.09,,,,
Madhya Pradesh - 2025,21-May 11pm,11263.63,,,,
Madhya Pradesh - 2025,22-May 12am,10089.6,,,,
Madhya Pradesh - 2025,22-May 1am,10052.48,,,,
Madhya Pradesh - 2025,22-May 2am,9547.43,,,,
Madhya Pradesh - 2025,22-May 3am,9495.75,,,,
Madhya Pradesh - 2025,22-May 4am,9263.98,,,,
Madhya Pradesh - 2025,22-May 5am,9040.98,,,,
Madhya Pradesh - 2025,22-May 6am,9435.99,,,,
Madhya Pradesh - 2025,22-May 7am,9800.68,,,,
Madhya Pradesh - 2025,22-May 8am,9588.77,,,,
Madhya Pradesh - 2025,22-May 9am,9959.31,,,,
Madhya Pradesh - 2025,22-May 10am,10573.03,,,,
Madhya Pradesh - 2025,22-May 11am,10305.93,,,,
Madhya Pradesh - 2025,22-May 12pm,10504.01,,,,
Madhya Pradesh - 2025,22-May 1pm,10784.17,,,,
Madhya Pradesh - 2025,22-May 2pm,11196.1,,,,
Madhya Pradesh - 2025,22-May 3pm,11677.75,,,,
Madhya Pradesh - 2025,22-May 4pm,12089.02,,,,
Madhya Pradesh - 2025,22-May 5pm,11818.64,,,,
Madhya Pradesh - 2025,22-May 6pm,10695.9,,,,
Madhya Pradesh - 2025,22-May 7pm,10990.44,,,,
Madhya Pradesh - 2025,22-May 8pm,11543.25,,,,
Madhya Pradesh - 2025,22-May 9pm,10867.75,,,,
Madhya Pradesh - 2025,22-May 10pm,10833.68,,,,
Madhya Pradesh - 2025,22-May 11pm,11269.86,,,,
Madhya Pradesh - 2025,23-May 12am,11293.59,,,,
Madhya Pradesh - 2025,23-May 1am,10945.86,,,,
Madhya Pradesh - 2025,23-May 2am,10445.68,,,,
Madhya Pradesh - 2025,23-May 3am,10705.46,,,,
Madhya Pradesh - 2025,23-May 4am,10602.62,,,,
Madhya Pradesh - 2025,23-May 5am,10595.5,,,,
Madhya Pradesh - 2025,23-May 6am,11115.63,,,,
Madhya Pradesh - 2025,23-May 7am,11072.6,,,,
Madhya Pradesh - 2025,23-May 8am,10757.91,,,,
Madhya Pradesh - 2025,23-May 9am,11078.32,,,,
Madhya Pradesh - 2025,23-May 10am,11379.32,,,,
Madhya Pradesh - 2025,23-May 11am,11494.7,,,,
Madhya Pradesh - 2025,23-May 12pm,11441.73,,,,
Madhya Pradesh - 2025,23-May 1pm,11655.11,,,,
Madhya Pradesh - 2025,23-May 2pm,12014.75,,,,
Madhya Pradesh - 2025,23-May 3pm,12228.22,,,,
Madhya Pradesh - 2025,23-May 4pm,12137.92,,,,
Madhya Pradesh - 2025,23-May 5pm,11496.23,,,,
Madhya Pradesh - 2025,23-May 6pm,10728.21,,,,
Madhya Pradesh - 2025,23-May 7pm,11105.16,,,,
Madhya Pradesh - 2025,23-May 8pm,11815.66,,,,
Madhya Pradesh - 2025,23-May 9pm,11481.27,,,,
Madhya Pradesh - 2025,23-May 10pm,11928.62,,,,
Madhya Pradesh - 2025,23-May 11pm,12619.47,,,,
Madhya Pradesh - 2025,24-May 12am,12550.46,,,,
Madhya Pradesh - 2025,24-May 1am,12223.08,,,,
Madhya Pradesh - 2025,24-May 2am,11975.77,,,,
Madhya Pradesh - 2025,24-May 3am,11884.69,,,,
Madhya Pradesh - 2025,24-May 4am,11817.21,,,,
Madhya Pradesh - 2025,24-May 5am,11612.52,,,,
Madhya Pradesh - 2025,24-May 6am,12136.25,,,,
Madhya Pradesh - 2025,24-May 7am,12009.02,,,,
Madhya Pradesh - 2025,24-May 8am,11589.68,,,,
Madhya Pradesh - 2025,24-May 9am,11953.76,,,,
Madhya Pradesh - 2025,24-May 10am,11999.92,,,,
Madhya Pradesh - 2025,24-May 11am,11713.8,,,,
Madhya Pradesh - 2025,24-May 12pm,11302.36,,,,
Madhya Pradesh - 2025,24-May 1pm,11505.21,,,,
Madhya Pradesh - 2025,24-May 2pm,11462.95,,,,
Madhya Pradesh - 2025,24-May 3pm,11350.59,,,,
Madhya Pradesh - 2025,24-May 4pm,11062.94,,,,
Madhya Pradesh - 2025,24-May 5pm,10748.84,,,,
Madhya Pradesh - 2025,24-May 6pm,10062.65,,,,
Madhya Pradesh - 2025,24-May 7pm,10298.87,,,,
Madhya Pradesh - 2025,24-May 8pm,10705.68,,,,
Madhya Pradesh - 2025,24-May 9pm,10711.53,,,,
Madhya Pradesh - 2025,24-May 10pm,11365.59,,,,
Madhya Pradesh - 2025,24-May 11pm,11876.6,,,,
Madhya Pradesh - 2025,25-May 12am,11908.67,,,,
Madhya Pradesh - 2025,25-May 1am,11761.19,,,,
Madhya Pradesh - 2025,25-May 2am,11570.25,,,,
Madhya Pradesh - 2025,25-May 3am,11464.98,,,,
Madhya Pradesh - 2025,25-May 4am,11242.89,,,,
Madhya Pradesh - 2025,25-May 5am,10979.34,,,,
Madhya Pradesh - 2025,25-May 6am,11142.72,,,,
Madhya Pradesh - 2025,25-May 7am,11054.25,,,,
Madhya Pradesh - 2025,25-May 8am,10549.06,,,,
Madhya Pradesh - 2025,25-May 9am,10695.45,,,,
Madhya Pradesh - 2025,25-May 10am,10760.05,,,,
Madhya Pradesh - 2025,25-May 11am,10405.38,,,,
Madhya Pradesh - 2025,25-May 12pm,10290.67,,,,
Madhya Pradesh - 2025,25-May 1pm,10672.88,,,,
Madhya Pradesh - 2025,25-May 2pm,10929.21,,,,
Madhya Pradesh - 2025,25-May 3pm,11123,,,,
Madhya Pradesh - 2025,25-May 4pm,11422.57,,,,
Madhya Pradesh - 2025,25-May 5pm,11110.25,,,,
Madhya Pradesh - 2025,25-May 6pm,10493.75,,,,
Madhya Pradesh - 2025,25-May 7pm,10728.32,,,,
Madhya Pradesh - 2025,25-May 8pm,11539.7,,,,
Madhya Pradesh - 2025,25-May 9pm,11277.31,,,,
Madhya Pradesh - 2025,25-May 10pm,11603.43,,,,
Madhya Pradesh - 2025,25-May 11pm,12174.41,,,,
Madhya Pradesh - 2025,26-May 12am,12107.47,,,,
Madhya Pradesh - 2025,26-May 1am,11800.38,,,,
Madhya Pradesh - 2025,26-May 2am,11767.56,,,,
Madhya Pradesh - 2025,26-May 3am,11729.73,,,,
Madhya Pradesh - 2025,26-May 4am,11598.01,,,,
Madhya Pradesh - 2025,26-May 5am,11379.18,,,,
Madhya Pradesh - 2025,26-May 6am,11892.92,,,,
Madhya Pradesh - 2025,26-May 7am,11689.42,,,,
Madhya Pradesh - 2025,26-May 8am,11057.96,,,,
Madhya Pradesh - 2025,26-May 9am,11812.31,,,,
Madhya Pradesh - 2025,26-May 10am,12370.79,,,,
Madhya Pradesh - 2025,26-May 11am,12066.48,,,,
Madhya Pradesh - 2025,26-May 12pm,11583.89,,,,
Madhya Pradesh - 2025,26-May 1pm,11894.66,,,,
Madhya Pradesh - 2025,26-May 2pm,11788.7,,,,
Madhya Pradesh - 2025,26-May 3pm,11691.11,,,,
Madhya Pradesh - 2025,26-May 4pm,11708.25,,,,
Madhya Pradesh - 2025,26-May 5pm,11259.56,,,,
Madhya Pradesh - 2025,26-May 6pm,10832.84,,,,
Madhya Pradesh - 2025,26-May 7pm,11163,,,,
Madhya Pradesh - 2025,26-May 8pm,12024.44,,,,
Madhya Pradesh - 2025,26-May 9pm,11737.91,,,,
Madhya Pradesh - 2025,26-May 10pm,12052.82,,,,
Madhya Pradesh - 2025,26-May 11pm,12528.7,,,,
Madhya Pradesh - 2025,27-May 12am,12441.24,,,,
Madhya Pradesh - 2025,27-May 1am,12197.21,,,,
Madhya Pradesh - 2025,27-May 2am,11923,,,,
Madhya Pradesh - 2025,27-May 3am,11905.44,,,,
Madhya Pradesh - 2025,27-May 4am,11720.39,,,,
Madhya Pradesh - 2025,27-May 5am,11569.2,,,,
Madhya Pradesh - 2025,27-May 6am,12153.9,,,,
Madhya Pradesh - 2025,27-May 7am,12033.72,,,,
Madhya Pradesh - 2025,27-May 8am,11480.18,,,,
Madhya Pradesh - 2025,27-May 9am,12118.56,,,,
Madhya Pradesh - 2025,27-May 10am,12375.8,,,,
Madhya Pradesh - 2025,27-May 11am,12308.76,,,,
Madhya Pradesh - 2025,27-May 12pm,11967.11,,,,
Madhya Pradesh - 2025,27-May 1pm,12277.44,,,,
Madhya Pradesh - 2025,27-May 2pm,12134.92,,,,
Madhya Pradesh - 2025,27-May 3pm,12089.58,,,,
Madhya Pradesh - 2025,27-May 4pm,11986.84,,,,
Madhya Pradesh - 2025,27-May 5pm,11468.91,,,,
Madhya Pradesh - 2025,27-May 6pm,10542.9,,,,
Madhya Pradesh - 2025,27-May 7pm,10795.02,,,,
Madhya Pradesh - 2025,27-May 8pm,11671.97,,,,
Madhya Pradesh - 2025,27-May 9pm,11356.2,,,,
Madhya Pradesh - 2025,27-May 10pm,11540.06,,,,
Madhya Pradesh - 2025,27-May 11pm,11841.6,,,,
Madhya Pradesh - 2025,28-May 12am,11755.97,,,,
Madhya Pradesh - 2025,28-May 1am,11556.35,,,,
Madhya Pradesh - 2025,28-May 2am,11219.1,,,,
Madhya Pradesh - 2025,28-May 3am,11111.54,,,,
Madhya Pradesh - 2025,28-May 4am,10835.22,,,,
Madhya Pradesh - 2025,28-May 5am,10462.68,,,,
Madhya Pradesh - 2025,28-May 6am,10661.96,,,,
Madhya Pradesh - 2025,28-May 7am,10679.77,,,,
Madhya Pradesh - 2025,28-May 8am,10487.7,,,,
Madhya Pradesh - 2025,28-May 9am,10790.69,,,,
Madhya Pradesh - 2025,28-May 10am,10834.61,,,,
Madhya Pradesh - 2025,28-May 11am,10825.14,,,,
Madhya Pradesh - 2025,28-May 12pm,10816.46,,,,
Madhya Pradesh - 2025,28-May 1pm,11119.54,,,,
Madhya Pradesh - 2025,28-May 2pm,11189.33,,,,
Madhya Pradesh - 2025,28-May 3pm,11333.14,,,,
Madhya Pradesh - 2025,28-May 4pm,10850.6,,,,
Madhya Pradesh - 2025,28-May 5pm,9941.2,,,,
Madhya Pradesh - 2025,28-May 6pm,9431.75,,,,
Madhya Pradesh - 2025,28-May 7pm,9993.62,,,,
Madhya Pradesh - 2025,28-May 8pm,10567.06,,,,
Madhya Pradesh - 2025,28-May 9pm,10474.79,,,,
Madhya Pradesh - 2025,28-May 10pm,10716.85,,,,
Madhya Pradesh - 2025,28-May 11pm,11207.39,,,,
Madhya Pradesh - 2025,29-May 12am,11128.93,,,,
Madhya Pradesh - 2025,29-May 1am,10655.24,,,,
Madhya Pradesh - 2025,29-May 2am,10703.72,,,,
Madhya Pradesh - 2025,29-May 3am,10451.65,,,,
Madhya Pradesh - 2025,29-May 4am,10470.58,,,,
Madhya Pradesh - 2025,29-May 5am,10477.56,,,,
Madhya Pradesh - 2025,29-May 6am,10930.25,,,,
Madhya Pradesh - 2025,29-May 7am,10894.61,,,,
Madhya Pradesh - 2025,29-May 8am,10361.76,,,,
Madhya Pradesh - 2025,29-May 9am,10138.88,,,,
Madhya Pradesh - 2025,29-May 10am,10656.54,,,,
Madhya Pradesh - 2025,29-May 11am,10587.74,,,,
Madhya Pradesh - 2025,29-May 12pm,10316.94,,,,
Madhya Pradesh - 2025,29-May 1pm,10588.49,,,,
Madhya Pradesh - 2025,29-May 2pm,10637.66,,,,
Madhya Pradesh - 2025,29-May 3pm,10736.81,,,,
Madhya Pradesh - 2025,29-May 4pm,10801.22,,,,
Madhya Pradesh - 2025,29-May 5pm,10549.25,,,,
Madhya Pradesh - 2025,29-May 6pm,10160.67,,,,
Madhya Pradesh - 2025,29-May 7pm,10761.63,,,,
Madhya Pradesh - 2025,29-May 8pm,11699.67,,,,
Madhya Pradesh - 2025,29-May 9pm,11312.68,,,,
Madhya Pradesh - 2025,29-May 10pm,11497,,,,
Madhya Pradesh - 2025,29-May 11pm,11659.06,,,,
Madhya Pradesh - 2025,30-May 12am,11479.62,,,,
Madhya Pradesh - 2025,30-May 1am,11274.17,,,,
Madhya Pradesh - 2025,30-May 2am,11256,,,,
Madhya Pradesh - 2025,30-May 3am,10961.65,,,,
Madhya Pradesh - 2025,30-May 4am,10896.68,,,,
Madhya Pradesh - 2025,30-May 5am,10761.05,,,,
Madhya Pradesh - 2025,30-May 6am,11168.89,,,,
Madhya Pradesh - 2025,30-May 7am,11346.36,,,,
Madhya Pradesh - 2025,30-May 8am,10861.64,,,,
Madhya Pradesh - 2025,30-May 9am,10946.76,,,,
Madhya Pradesh - 2025,30-May 10am,10839.08,,,,
Madhya Pradesh - 2025,30-May 11am,10759.77,,,,
Madhya Pradesh - 2025,30-May 12pm,10517.65,,,,
Madhya Pradesh - 2025,30-May 1pm,10871.49,,,,
Madhya Pradesh - 2025,30-May 2pm,10911.17,,,,
Madhya Pradesh - 2025,30-May 3pm,11051.74,,,,
Madhya Pradesh - 2025,30-May 4pm,10971.16,,,,
Madhya Pradesh - 2025,30-May 5pm,10465.49,,,,
Madhya Pradesh - 2025,30-May 6pm,9971.58,,,,
Madhya Pradesh - 2025,30-May 7pm,10495.11,,,,
Madhya Pradesh - 2025,30-May 8pm,11303.43,,,,
Madhya Pradesh - 2025,30-May 9pm,11081.31,,,,
Madhya Pradesh - 2025,30-May 10pm,11317.62,,,,
Madhya Pradesh - 2025,30-May 11pm,11568.68,,,,
Madhya Pradesh - 2025,31-May 12am,11567.66,,,,
Madhya Pradesh - 2025,31-May 1am,11168.79,,,,
Madhya Pradesh - 2025,31-May 2am,10989.88,,,,
Madhya Pradesh - 2025,31-May 3am,10940.59,,,,
Madhya Pradesh - 2025,31-May 4am,10811.66,,,,
Madhya Pradesh - 2025,31-May 5am,10851.94,,,,
Madhya Pradesh - 2025,31-May 6am,11284.84,,,,
Madhya Pradesh - 2025,31-May 7am,11259.73,,,,
Madhya Pradesh - 2025,31-May 8am,10495.12,,,,
Madhya Pradesh - 2025,31-May 9am,10313.54,,,,
Madhya Pradesh - 2025,31-May 10am,10211.05,,,,
Madhya Pradesh - 2025,31-May 11am,10027.07,,,,
Madhya Pradesh - 2025,31-May 12pm,10030.1,,,,
Madhya Pradesh - 2025,31-May 1pm,10335.42,,,,
Madhya Pradesh - 2025,31-May 2pm,10414.7,,,,
Madhya Pradesh - 2025,31-May 3pm,10655.24,,,,
Madhya Pradesh - 2025,31-May 4pm,10751.58,,,,
Madhya Pradesh - 2025,31-May 5pm,10525.25,,,,
Madhya Pradesh - 2025,31-May 6pm,9865.87,,,,
Madhya Pradesh - 2025,31-May 7pm,10445.94,,,,
Madhya Pradesh - 2025,31-May 8pm,11330.21,,,,
Madhya Pradesh - 2025,31-May 9pm,10968.78,,,,
Madhya Pradesh - 2025,31-May 10pm,11176.47,,,,
Madhya Pradesh - 2025,31-May 11pm,11571.46,,,,
Madhya Pradesh - 2025,01-Jun 12am,11443.48,,,,
Madhya Pradesh - 2025,01-Jun 1am,11216.77,,,,
Madhya Pradesh - 2025,01-Jun 2am,10991.57,,,,
Madhya Pradesh - 2025,01-Jun 3am,10911.76,,,,
Madhya Pradesh - 2025,01-Jun 4am,10715.96,,,,
Madhya Pradesh - 2025,01-Jun 5am,10555.19,,,,
Madhya Pradesh - 2025,01-Jun 6am,10959.22,,,,
Madhya Pradesh - 2025,01-Jun 7am,11024.4,,,,
Madhya Pradesh - 2025,01-Jun 8am,10197.51,,,,
Madhya Pradesh - 2025,01-Jun 9am,9931.11,,,,
Madhya Pradesh - 2025,01-Jun 10am,9712.76,,,,
Madhya Pradesh - 2025,01-Jun 11am,9513.13,,,,
Madhya Pradesh - 2025,01-Jun 12pm,9496.26,,,,
Madhya Pradesh - 2025,01-Jun 1pm,9946.77,,,,
Madhya Pradesh - 2025,01-Jun 2pm,10251.2,,,,
Madhya Pradesh - 2025,01-Jun 3pm,10422.31,,,,
Madhya Pradesh - 2025,01-Jun 4pm,10450.46,,,,
Madhya Pradesh - 2025,01-Jun 5pm,10456,,,,
Madhya Pradesh - 2025,01-Jun 6pm,9822.36,,,,
Madhya Pradesh - 2025,01-Jun 7pm,10188.93,,,,
Madhya Pradesh - 2025,01-Jun 8pm,11110.33,,,,
Madhya Pradesh - 2025,01-Jun 9pm,10719.2,,,,
Madhya Pradesh - 2025,01-Jun 10pm,10890.18,,,,
Madhya Pradesh - 2025,01-Jun 11pm,11322.62,,,,
Madhya Pradesh - 2025,02-Jun 12am,11368.25,,,,
Madhya Pradesh - 2025,02-Jun 1am,11116.61,,,,
Madhya Pradesh - 2025,02-Jun 2am,10787.68,,,,
Madhya Pradesh - 2025,02-Jun 3am,10698.99,,,,
Madhya Pradesh - 2025,02-Jun 4am,10433.03,,,,
Madhya Pradesh - 2025,02-Jun 5am,10304.8,,,,
Madhya Pradesh - 2025,02-Jun 6am,10886.99,,,,
Madhya Pradesh - 2025,02-Jun 7am,11256.08,,,,
Madhya Pradesh - 2025,02-Jun 8am,10670.2,,,,
Madhya Pradesh - 2025,02-Jun 9am,10889.07,,,,
Madhya Pradesh - 2025,02-Jun 10am,10766.3,,,,
Madhya Pradesh - 2025,02-Jun 11am,10573.7,,,,
Madhya Pradesh - 2025,02-Jun 12pm,10249.16,,,,
Madhya Pradesh - 2025,02-Jun 1pm,10393.43,,,,
Madhya Pradesh - 2025,02-Jun 2pm,10551.49,,,,
Madhya Pradesh - 2025,02-Jun 3pm,10740.38,,,,
Madhya Pradesh - 2025,02-Jun 4pm,10819.15,,,,
Madhya Pradesh - 2025,02-Jun 5pm,10517.85,,,,
Madhya Pradesh - 2025,02-Jun 6pm,9964.25,,,,
Madhya Pradesh - 2025,02-Jun 7pm,10417.82,,,,
Madhya Pradesh - 2025,02-Jun 8pm,11210.05,,,,
Madhya Pradesh - 2025,02-Jun 9pm,10823.07,,,,
Madhya Pradesh - 2025,02-Jun 10pm,11071.97,,,,
Madhya Pradesh - 2025,02-Jun 11pm,11424.32,,,,
Madhya Pradesh - 2025,03-Jun 12am,11457.64,,,,
Madhya Pradesh - 2025,03-Jun 1am,11117.4,,,,
Madhya Pradesh - 2025,03-Jun 2am,10814.32,,,,
Madhya Pradesh - 2025,03-Jun 3am,10675.12,,,,
Madhya Pradesh - 2025,03-Jun 4am,10552.84,,,,
Madhya Pradesh - 2025,03-Jun 5am,10447.47,,,,
Madhya Pradesh - 2025,03-Jun 6am,10858.68,,,,
Madhya Pradesh - 2025,03-Jun 7am,11143.78,,,,
Madhya Pradesh - 2025,03-Jun 8am,10577.64,,,,
Madhya Pradesh - 2025,03-Jun 9am,10612.7,,,,
Madhya Pradesh - 2025,03-Jun 10am,10341.94,,,,
Madhya Pradesh - 2025,03-Jun 11am,9926.37,,,,
Madhya Pradesh - 2025,03-Jun 12pm,9659.72,,,,
Madhya Pradesh - 2025,03-Jun 1pm,9549.56,,,,
Madhya Pradesh - 2025,03-Jun 2pm,9224.41,,,,
Madhya Pradesh - 2025,03-Jun 3pm,9502.12,,,,
Madhya Pradesh - 2025,03-Jun 4pm,9744,,,,
Madhya Pradesh - 2025,03-Jun 5pm,9640.85,,,,
Madhya Pradesh - 2025,03-Jun 6pm,9534.95,,,,
Madhya Pradesh - 2025,03-Jun 7pm,9978.35,,,,
Madhya Pradesh - 2025,03-Jun 8pm,10740.08,,,,
Madhya Pradesh - 2025,03-Jun 9pm,10464,,,,
Madhya Pradesh - 2025,03-Jun 10pm,10513.74,,,,
Madhya Pradesh - 2025,03-Jun 11pm,11015.32,,,,
Madhya Pradesh - 2025,04-Jun 12am,10914.1,,,,
Madhya Pradesh - 2025,04-Jun 1am,10717.6,,,,
Madhya Pradesh - 2025,04-Jun 2am,10412.02,,,,
Madhya Pradesh - 2025,04-Jun 3am,10329.37,,,,
Madhya Pradesh - 2025,04-Jun 4am,10130.72,,,,
Madhya Pradesh - 2025,04-Jun 5am,10104.29,,,,
Madhya Pradesh - 2025,04-Jun 6am,10609.54,,,,
Madhya Pradesh - 2025,04-Jun 7am,10879.1,,,,
Madhya Pradesh - 2025,04-Jun 8am,10471.78,,,,
Madhya Pradesh - 2025,04-Jun 9am,10491.57,,,,
Madhya Pradesh - 2025,04-Jun 10am,10607.7,,,,
Madhya Pradesh - 2025,04-Jun 11am,10243.44,,,,
Madhya Pradesh - 2025,04-Jun 12pm,10000.4,,,,
Madhya Pradesh - 2025,04-Jun 1pm,10085.28,,,,
Madhya Pradesh - 2025,04-Jun 2pm,9884.94,,,,
Madhya Pradesh - 2025,04-Jun 3pm,9834.81,,,,
Madhya Pradesh - 2025,04-Jun 4pm,9753.17,,,,
Madhya Pradesh - 2025,04-Jun 5pm,9720.33,,,,
Madhya Pradesh - 2025,04-Jun 6pm,9412.93,,,,
Madhya Pradesh - 2025,04-Jun 7pm,10024.37,,,,
Madhya Pradesh - 2025,04-Jun 8pm,10657.82,,,,
Madhya Pradesh - 2025,04-Jun 9pm,10326.53,,,,
Madhya Pradesh - 2025,04-Jun 10pm,10370.05,,,,
Madhya Pradesh - 2025,04-Jun 11pm,10856.82,,,,
Madhya Pradesh - 2025,05-Jun 12am,10811.27,,,,
Madhya Pradesh - 2025,05-Jun 1am,10541.29,,,,
Madhya Pradesh - 2025,05-Jun 2am,10262.69,,,,
Madhya Pradesh - 2025,05-Jun 3am,10178.76,,,,
Madhya Pradesh - 2025,05-Jun 4am,10018.3,,,,
Madhya Pradesh - 2025,05-Jun 5am,9972.51,,,,
Madhya Pradesh - 2025,05-Jun 6am,10443.81,,,,
Madhya Pradesh - 2025,05-Jun 7am,10759.1,,,,
Madhya Pradesh - 2025,05-Jun 8am,10230.38,,,,
Madhya Pradesh - 2025,05-Jun 9am,10313.69,,,,
Madhya Pradesh - 2025,05-Jun 10am,10346.36,,,,
Madhya Pradesh - 2025,05-Jun 11am,10232.97,,,,
Madhya Pradesh - 2025,05-Jun 12pm,9284.2,,,,
Madhya Pradesh - 2025,05-Jun 1pm,10183.73,,,,
Madhya Pradesh - 2025,05-Jun 2pm,10409.99,,,,
Madhya Pradesh - 2025,05-Jun 3pm,10410.74,,,,
Madhya Pradesh - 2025,05-Jun 4pm,10456.57,,,,
Madhya Pradesh - 2025,05-Jun 5pm,10391.45,,,,
Madhya Pradesh - 2025,05-Jun 6pm,9668.16,,,,
Madhya Pradesh - 2025,05-Jun 7pm,10052.23,,,,
Madhya Pradesh - 2025,05-Jun 8pm,11082.1,,,,
Madhya Pradesh - 2025,05-Jun 9pm,10633.55,,,,
Madhya Pradesh - 2025,05-Jun 10pm,10685.67,,,,
Madhya Pradesh - 2025,05-Jun 11pm,11171.26,,,,
Madhya Pradesh - 2025,06-Jun 12am,11255.76,,,,
Madhya Pradesh - 2025,06-Jun 1am,10898.21,,,,
Madhya Pradesh - 2025,06-Jun 2am,10612.03,,,,
Madhya Pradesh - 2025,06-Jun 3am,10563.54,,,,
Madhya Pradesh - 2025,06-Jun 4am,10458.67,,,,
Madhya Pradesh - 2025,06-Jun 5am,10426.02,,,,
Madhya Pradesh - 2025,06-Jun 6am,10753.17,,,,
Madhya Pradesh - 2025,06-Jun 7am,10942.06,,,,
Madhya Pradesh - 2025,06-Jun 8am,10671.64,,,,
Madhya Pradesh - 2025,06-Jun 9am,10696.88,,,,
Madhya Pradesh - 2025,06-Jun 10am,10850.02,,,,
Madhya Pradesh - 2025,06-Jun 11am,10674.15,,,,
Madhya Pradesh - 2025,06-Jun 12pm,10345.68,,,,
Madhya Pradesh - 2025,06-Jun 1pm,10448.15,,,,
Madhya Pradesh - 2025,06-Jun 2pm,10771.44,,,,
Madhya Pradesh - 2025,06-Jun 3pm,10881.14,,,,
Madhya Pradesh - 2025,06-Jun 4pm,11100.92,,,,
Madhya Pradesh - 2025,06-Jun 5pm,10889.57,,,,
Madhya Pradesh - 2025,06-Jun 6pm,10147.07,,,,
Madhya Pradesh - 2025,06-Jun 7pm,10533.91,,,,
Madhya Pradesh - 2025,06-Jun 8pm,11389.9,,,,
Madhya Pradesh - 2025,06-Jun 9pm,10878.87,,,,
Madhya Pradesh - 2025,06-Jun 10pm,11127.77,,,,
Madhya Pradesh - 2025,06-Jun 11pm,11525.46,,,,
Madhya Pradesh - 2025,07-Jun 12am,11572.54,,,,
Madhya Pradesh - 2025,07-Jun 1am,11257.11,,,,
Madhya Pradesh - 2025,07-Jun 2am,10826.17,,,,
Madhya Pradesh - 2025,07-Jun 3am,10734.67,,,,
Madhya Pradesh - 2025,07-Jun 4am,10686.85,,,,
Madhya Pradesh - 2025,07-Jun 5am,10592.95,,,,
Madhya Pradesh - 2025,07-Jun 6am,11189.9,,,,
Madhya Pradesh - 2025,07-Jun 7am,11488.65,,,,
Madhya Pradesh - 2025,07-Jun 8am,11038.62,,,,
Madhya Pradesh - 2025,07-Jun 9am,11151.34,,,,
Madhya Pradesh - 2025,07-Jun 10am,11226.97,,,,
Madhya Pradesh - 2025,07-Jun 11am,11086.79,,,,
Madhya Pradesh - 2025,07-Jun 12pm,10829.31,,,,
Madhya Pradesh - 2025,07-Jun 1pm,11141.84,,,,
Madhya Pradesh - 2025,07-Jun 2pm,11308.18,,,,
Madhya Pradesh - 2025,07-Jun 3pm,11465.28,,,,
Madhya Pradesh - 2025,07-Jun 4pm,11572.62,,,,
Madhya Pradesh - 2025,07-Jun 5pm,11195.5,,,,
Madhya Pradesh - 2025,07-Jun 6pm,10482.82,,,,
Madhya Pradesh - 2025,07-Jun 7pm,10781.41,,,,
Madhya Pradesh - 2025,07-Jun 8pm,11564.4,,,,
Madhya Pradesh - 2025,07-Jun 9pm,11113.24,,,,
Madhya Pradesh - 2025,07-Jun 10pm,11299.89,,,,
Madhya Pradesh - 2025,07-Jun 11pm,11751.77,,,,
Madhya Pradesh - 2025,08-Jun 12am,11795.4,,,,
Madhya Pradesh - 2025,08-Jun 1am,11520.56,,,,
Madhya Pradesh - 2025,08-Jun 2am,11218.64,,,,
Madhya Pradesh - 2025,08-Jun 3am,11250.27,,,,
Madhya Pradesh - 2025,08-Jun 4am,11046.11,,,,
Madhya Pradesh - 2025,08-Jun 5am,11026.54,,,,
Madhya Pradesh - 2025,08-Jun 6am,11500.04,,,,
Madhya Pradesh - 2025,08-Jun 7am,11668.54,,,,
Madhya Pradesh - 2025,08-Jun 8am,11081.43,,,,
Madhya Pradesh - 2025,08-Jun 9am,11116.99,,,,
Madhya Pradesh - 2025,08-Jun 10am,10920.26,,,,
Madhya Pradesh - 2025,08-Jun 11am,10632.1,,,,
Madhya Pradesh - 2025,08-Jun 12pm,10470.69,,,,
Madhya Pradesh - 2025,08-Jun 1pm,10770.13,,,,
Madhya Pradesh - 2025,08-Jun 2pm,10889.39,,,,
Madhya Pradesh - 2025,08-Jun 3pm,11257.26,,,,
Madhya Pradesh - 2025,08-Jun 4pm,11667.79,,,,
Madhya Pradesh - 2025,08-Jun 5pm,11610.76,,,,
Madhya Pradesh - 2025,08-Jun 6pm,10637.96,,,,
Madhya Pradesh - 2025,08-Jun 7pm,10925.29,,,,
Madhya Pradesh - 2025,08-Jun 8pm,11977.67,,,,
Madhya Pradesh - 2025,08-Jun 9pm,11503.48,,,,
Madhya Pradesh - 2025,08-Jun 10pm,11583.61,,,,
Madhya Pradesh - 2025,08-Jun 11pm,12038.26,,,,
Madhya Pradesh - 2025,09-Jun 12am,12112.2,,,,
Madhya Pradesh - 2025,09-Jun 1am,11969.32,,,,
Madhya Pradesh - 2025,09-Jun 2am,11541.86,,,,
Madhya Pradesh - 2025,09-Jun 3am,11428.21,,,,
Madhya Pradesh - 2025,09-Jun 4am,11351.85,,,,
Madhya Pradesh - 2025,09-Jun 5am,11333.84,,,,
Madhya Pradesh - 2025,09-Jun 6am,11795.4,,,,
Madhya Pradesh - 2025,09-Jun 7am,12164.86,,,,
Madhya Pradesh - 2025,09-Jun 8am,11700.9,,,,
Madhya Pradesh - 2025,09-Jun 9am,11847.07,,,,
Madhya Pradesh - 2025,09-Jun 10am,11918.31,,,,
Madhya Pradesh - 2025,09-Jun 11am,11419.39,,,,
Madhya Pradesh - 2025,09-Jun 12pm,10981.15,,,,
Madhya Pradesh - 2025,09-Jun 1pm,11360.73,,,,
Madhya Pradesh - 2025,09-Jun 2pm,11358.24,,,,
Madhya Pradesh - 2025,09-Jun 3pm,11646.16,,,,
Madhya Pradesh - 2025,09-Jun 4pm,12202.74,,,,
Madhya Pradesh - 2025,09-Jun 5pm,12011.15,,,,
Madhya Pradesh - 2025,09-Jun 6pm,11083.54,,,,
Madhya Pradesh - 2025,09-Jun 7pm,11267.77,,,,
Madhya Pradesh - 2025,09-Jun 8pm,12259.22,,,,
Madhya Pradesh - 2025,09-Jun 9pm,11752.32,,,,
Madhya Pradesh - 2025,09-Jun 10pm,11955.16,,,,
Madhya Pradesh - 2025,09-Jun 11pm,12456.94,,,,
Madhya Pradesh - 2025,10-Jun 12am,12378.62,,,,
Madhya Pradesh - 2025,10-Jun 1am,12102.84,,,,
Madhya Pradesh - 2025,10-Jun 2am,11868.34,,,,
Madhya Pradesh - 2025,10-Jun 3am,11829.49,,,,
Madhya Pradesh - 2025,10-Jun 4am,11654.16,,,,
Madhya Pradesh - 2025,10-Jun 5am,11691.79,,,,
Madhya Pradesh - 2025,10-Jun 6am,12104.85,,,,
Madhya Pradesh - 2025,10-Jun 7am,12351.61,,,,
Madhya Pradesh - 2025,10-Jun 8am,11863.12,,,,
Madhya Pradesh - 2025,10-Jun 9am,12141.76,,,,
Madhya Pradesh - 2025,10-Jun 10am,11880.76,,,,
Madhya Pradesh - 2025,10-Jun 11am,11699.7,,,,
Madhya Pradesh - 2025,10-Jun 12pm,11357.94,,,,
Madhya Pradesh - 2025,10-Jun 1pm,11479.73,,,,
Madhya Pradesh - 2025,10-Jun 2pm,11677.28,,,,
Madhya Pradesh - 2025,10-Jun 3pm,11919.54,,,,
Madhya Pradesh - 2025,10-Jun 4pm,12253.91,,,,
Madhya Pradesh - 2025,10-Jun 5pm,11828.46,,,,
Madhya Pradesh - 2025,10-Jun 6pm,10736.18,,,,
Madhya Pradesh - 2025,10-Jun 7pm,10984.3,,,,
Madhya Pradesh - 2025,10-Jun 8pm,11890.94,,,,
Madhya Pradesh - 2025,10-Jun 9pm,11746.84,,,,
Madhya Pradesh - 2025,10-Jun 10pm,11884.48,,,,
Madhya Pradesh - 2025,10-Jun 11pm,12616.97,,,,
Madhya Pradesh - 2025,11-Jun 12am,12559.12,,,,
Madhya Pradesh - 2025,11-Jun 1am,12222.84,,,,
Madhya Pradesh - 2025,11-Jun 2am,11950.61,,,,
Madhya Pradesh - 2025,11-Jun 3am,11775.88,,,,
Madhya Pradesh - 2025,11-Jun 4am,11695.38,,,,
Madhya Pradesh - 2025,11-Jun 5am,11548.15,,,,
Madhya Pradesh - 2025,11-Jun 6am,12159.51,,,,
Madhya Pradesh - 2025,11-Jun 7am,12367.02,,,,
Madhya Pradesh - 2025,11-Jun 8am,11960.51,,,,
Madhya Pradesh - 2025,11-Jun 9am,12135.67,,,,
Madhya Pradesh - 2025,11-Jun 10am,12156.47,,,,
Madhya Pradesh - 2025,11-Jun 11am,11943.55,,,,
Madhya Pradesh - 2025,11-Jun 12pm,11612.06,,,,
Madhya Pradesh - 2025,11-Jun 1pm,12018.51,,,,
Madhya Pradesh - 2025,11-Jun 2pm,12101.27,,,,
Madhya Pradesh - 2025,11-Jun 3pm,12261.25,,,,
Madhya Pradesh - 2025,11-Jun 4pm,12599.32,,,,
Madhya Pradesh - 2025,11-Jun 5pm,12341.29,,,,
Madhya Pradesh - 2025,11-Jun 6pm,11338.38,,,,
Madhya Pradesh - 2025,11-Jun 7pm,11551.26,,,,
Madhya Pradesh - 2025,11-Jun 8pm,12400.04,,,,
Madhya Pradesh - 2025,11-Jun 9pm,11897.13,,,,
Madhya Pradesh - 2025,11-Jun 10pm,11869.73,,,,
Madhya Pradesh - 2025,11-Jun 11pm,12327.64,,,,
Madhya Pradesh - 2025,12-Jun 12am,12273.59,,,,
Madhya Pradesh - 2025,12-Jun 1am,11972.63,,,,
Madhya Pradesh - 2025,12-Jun 2am,11810.1,,,,
Madhya Pradesh - 2025,12-Jun 3am,11823.63,,,,
Madhya Pradesh - 2025,12-Jun 4am,11722.26,,,,
Madhya Pradesh - 2025,12-Jun 5am,11589.01,,,,
Madhya Pradesh - 2025,12-Jun 6am,12212.58,,,,
Madhya Pradesh - 2025,12-Jun 7am,12411.72,,,,
Madhya Pradesh - 2025,12-Jun 8am,12006.54,,,,
Madhya Pradesh - 2025,12-Jun 9am,12401.84,,,,
Madhya Pradesh - 2025,12-Jun 10am,12368.78,,,,
Madhya Pradesh - 2025,12-Jun 11am,12005.4,,,,
Madhya Pradesh - 2025,12-Jun 12pm,11950.93,,,,
Madhya Pradesh - 2025,12-Jun 1pm,12277,,,,
Madhya Pradesh - 2025,12-Jun 2pm,12499.87,,,,
Madhya Pradesh - 2025,12-Jun 3pm,12652.71,,,,
Madhya Pradesh - 2025,12-Jun 4pm,12538.29,,,,
Madhya Pradesh - 2025,12-Jun 5pm,11801.57,,,,
Madhya Pradesh - 2025,12-Jun 6pm,10720.26,,,,
Madhya Pradesh - 2025,12-Jun 7pm,10903.42,,,,
Madhya Pradesh - 2025,12-Jun 8pm,11834.07,,,,
Madhya Pradesh - 2025,12-Jun 9pm,11754.68,,,,
Madhya Pradesh - 2025,12-Jun 10pm,12080.5,,,,
Madhya Pradesh - 2025,12-Jun 11pm,12356.26,,,,
Madhya Pradesh - 2025,13-Jun 12am,12477.26,,,,
Madhya Pradesh - 2025,13-Jun 1am,12258.84,,,,
Madhya Pradesh - 2025,13-Jun 2am,11926.86,,,,
Madhya Pradesh - 2025,13-Jun 3am,11936.85,,,,
Madhya Pradesh - 2025,13-Jun 4am,11755.92,,,,
Madhya Pradesh - 2025,13-Jun 5am,11767.23,,,,
Madhya Pradesh - 2025,13-Jun 6am,12226.52,,,,
Madhya Pradesh - 2025,13-Jun 7am,12429.62,,,,
Madhya Pradesh - 2025,13-Jun 8am,11941.93,,,,
Madhya Pradesh - 2025,13-Jun 9am,12201.68,,,,
Madhya Pradesh - 2025,13-Jun 10am,12269.27,,,,
Madhya Pradesh - 2025,13-Jun 11am,12207.85,,,,
Madhya Pradesh - 2025,13-Jun 12pm,12186.23,,,,
Madhya Pradesh - 2025,13-Jun 1pm,12313.78,,,,
Madhya Pradesh - 2025,13-Jun 2pm,12460.45,,,,
Madhya Pradesh - 2025,13-Jun 3pm,12612.46,,,,
Madhya Pradesh - 2025,13-Jun 4pm,12113.59,,,,
Madhya Pradesh - 2025,13-Jun 5pm,10946.2,,,,
Madhya Pradesh - 2025,13-Jun 6pm,10158.26,,,,
Madhya Pradesh - 2025,13-Jun 7pm,10238.24,,,,
Madhya Pradesh - 2025,13-Jun 8pm,11203.71,,,,
Madhya Pradesh - 2025,13-Jun 9pm,11377.97,,,,
Madhya Pradesh - 2025,13-Jun 10pm,11752.08,,,,
Madhya Pradesh - 2025,13-Jun 11pm,12174.62,,,,
Madhya Pradesh - 2025,14-Jun 12am,12118.78,,,,
Madhya Pradesh - 2025,14-Jun 1am,11942.26,,,,
Madhya Pradesh - 2025,14-Jun 2am,11717.68,,,,
Madhya Pradesh - 2025,14-Jun 3am,11536.25,,,,
Madhya Pradesh - 2025,14-Jun 4am,11499.44,,,,
Madhya Pradesh - 2025,14-Jun 5am,11508.06,,,,
Madhya Pradesh - 2025,14-Jun 6am,11860.04,,,,
Madhya Pradesh - 2025,14-Jun 7am,11831.49,,,,
Madhya Pradesh - 2025,14-Jun 8am,11551.65,,,,
Madhya Pradesh - 2025,14-Jun 9am,11825.13,,,,
Madhya Pradesh - 2025,14-Jun 10am,11758.77,,,,
Madhya Pradesh - 2025,14-Jun 11am,11663.54,,,,
Madhya Pradesh - 2025,14-Jun 12pm,11689.94,,,,
Madhya Pradesh - 2025,14-Jun 1pm,11984.75,,,,
Madhya Pradesh - 2025,14-Jun 2pm,11935.79,,,,
Madhya Pradesh - 2025,14-Jun 3pm,11647.28,,,,
Madhya Pradesh - 2025,14-Jun 4pm,10876.94,,,,
Madhya Pradesh - 2025,14-Jun 5pm,10212.97,,,,
Madhya Pradesh - 2025,14-Jun 6pm,9464.13,,,,
Madhya Pradesh - 2025,14-Jun 7pm,9696,,,,
Madhya Pradesh - 2025,14-Jun 8pm,10361.72,,,,
Madhya Pradesh - 2025,14-Jun 9pm,10271.74,,,,
Madhya Pradesh - 2025,14-Jun 10pm,10577.73,,,,
Madhya Pradesh - 2025,14-Jun 11pm,10837.9,,,,
Madhya Pradesh - 2025,15-Jun 12am,10758.88,,,,
Madhya Pradesh - 2025,15-Jun 1am,10454.03,,,,
Madhya Pradesh - 2025,15-Jun 2am,10490.57,,,,
Madhya Pradesh - 2025,15-Jun 3am,10197.02,,,,
Madhya Pradesh - 2025,15-Jun 4am,10042.98,,,,
Madhya Pradesh - 2025,15-Jun 5am,9862.66,,,,
Madhya Pradesh - 2025,15-Jun 6am,10134.8,,,,
Madhya Pradesh - 2025,15-Jun 7am,10228.06,,,,
Madhya Pradesh - 2025,15-Jun 8am,9898.75,,,,
Madhya Pradesh - 2025,15-Jun 9am,9964.99,,,,
Madhya Pradesh - 2025,15-Jun 10am,9777.18,,,,
Madhya Pradesh - 2025,15-Jun 11am,9580.88,,,,
Madhya Pradesh - 2025,15-Jun 12pm,9826.07,,,,
Madhya Pradesh - 2025,15-Jun 1pm,10131.34,,,,
Madhya Pradesh - 2025,15-Jun 2pm,10339.64,,,,
Madhya Pradesh - 2025,15-Jun 3pm,10555.44,,,,
Madhya Pradesh - 2025,15-Jun 4pm,10580.32,,,,
Madhya Pradesh - 2025,15-Jun 5pm,10304.45,,,,
Madhya Pradesh - 2025,15-Jun 6pm,9970.42,,,,
Madhya Pradesh - 2025,15-Jun 7pm,10236.08,,,,
Madhya Pradesh - 2025,15-Jun 8pm,10864.69,,,,
Madhya Pradesh - 2025,15-Jun 9pm,10538.98,,,,
Madhya Pradesh - 2025,15-Jun 10pm,10669.49,,,,
Madhya Pradesh - 2025,15-Jun 11pm,11037.81,,,,
Madhya Pradesh - 2025,16-Jun 12am,11043.45,,,,
Madhya Pradesh - 2025,16-Jun 1am,10537.63,,,,
Madhya Pradesh - 2025,16-Jun 2am,10229.55,,,,
Madhya Pradesh - 2025,16-Jun 3am,10344.93,,,,
Madhya Pradesh - 2025,16-Jun 4am,10249.16,,,,
Madhya Pradesh - 2025,16-Jun 5am,10243.94,,,,
Madhya Pradesh - 2025,16-Jun 6am,10726.16,,,,
Madhya Pradesh - 2025,16-Jun 7am,10953.73,,,,
Madhya Pradesh - 2025,16-Jun 8am,10677.53,,,,
Madhya Pradesh - 2025,16-Jun 9am,10623.48,,,,
Madhya Pradesh - 2025,16-Jun 10am,10561.15,,,,
Madhya Pradesh - 2025,16-Jun 11am,10339.83,,,,
Madhya Pradesh - 2025,16-Jun 12pm,10089.24,,,,
Madhya Pradesh - 2025,16-Jun 1pm,10039.03,,,,
Madhya Pradesh - 2025,16-Jun 2pm,9940.96,,,,
Madhya Pradesh - 2025,16-Jun 3pm,10141.93,,,,
Madhya Pradesh - 2025,16-Jun 4pm,10175.28,,,,
Madhya Pradesh - 2025,16-Jun 5pm,10026.95,,,,
Madhya Pradesh - 2025,16-Jun 6pm,9831.44,,,,
Madhya Pradesh - 2025,16-Jun 7pm,10278.88,,,,
Madhya Pradesh - 2025,16-Jun 8pm,11082.17,,,,
Madhya Pradesh - 2025,16-Jun 9pm,10844.96,,,,
Madhya Pradesh - 2025,16-Jun 10pm,11337.4,,,,
Madhya Pradesh - 2025,16-Jun 11pm,11563.51,,,,
Madhya Pradesh - 2025,17-Jun 12am,11379.92,,,,
Madhya Pradesh - 2025,17-Jun 1am,11200.43,,,,
Madhya Pradesh - 2025,17-Jun 2am,10963.2,,,,
Madhya Pradesh - 2025,17-Jun 3am,10772.63,,,,
Madhya Pradesh - 2025,17-Jun 4am,10594,,,,
Madhya Pradesh - 2025,17-Jun 5am,10547.46,,,,
Madhya Pradesh - 2025,17-Jun 6am,10997.33,,,,
Madhya Pradesh - 2025,17-Jun 7am,11083.41,,,,
Madhya Pradesh - 2025,17-Jun 8am,10665.71,,,,
Madhya Pradesh - 2025,17-Jun 9am,10648.5,,,,
Madhya Pradesh - 2025,17-Jun 10am,10501.09,,,,
Madhya Pradesh - 2025,17-Jun 11am,10103.53,,,,
Madhya Pradesh - 2025,17-Jun 12pm,9845.48,,,,
Madhya Pradesh - 2025,17-Jun 1pm,10021.16,,,,
Madhya Pradesh - 2025,17-Jun 2pm,10032.87,,,,
Madhya Pradesh - 2025,17-Jun 3pm,9811.09,,,,
Madhya Pradesh - 2025,17-Jun 4pm,9610.11,,,,
Madhya Pradesh - 2025,17-Jun 5pm,9533.09,,,,
Madhya Pradesh - 2025,17-Jun 6pm,9334.69,,,,
Madhya Pradesh - 2025,17-Jun 7pm,9896.24,,,,
Madhya Pradesh - 2025,17-Jun 8pm,10460.98,,,,
Madhya Pradesh - 2025,17-Jun 9pm,10265.91,,,,
Madhya Pradesh - 2025,17-Jun 10pm,10555.87,,,,
Madhya Pradesh - 2025,17-Jun 11pm,10724.13,,,,
Madhya Pradesh - 2025,18-Jun 12am,10671.85,,,,
Madhya Pradesh - 2025,18-Jun 1am,10472.02,,,,
Madhya Pradesh - 2025,18-Jun 2am,10259.99,,,,
Madhya Pradesh - 2025,18-Jun 3am,10145.11,,,,
Madhya Pradesh - 2025,18-Jun 4am,10074.6,,,,
Madhya Pradesh - 2025,18-Jun 5am,9996.83,,,,
Madhya Pradesh - 2025,18-Jun 6am,10477.32,,,,
Madhya Pradesh - 2025,18-Jun 7am,10686.15,,,,
Madhya Pradesh - 2025,18-Jun 8am,10430.73,,,,
Madhya Pradesh - 2025,18-Jun 9am,10194.63,,,,
Madhya Pradesh - 2025,18-Jun 10am,10153.36,,,,
Madhya Pradesh - 2025,18-Jun 11am,9764.87,,,,
Madhya Pradesh - 2025,18-Jun 12pm,9586.03,,,,
Madhya Pradesh - 2025,18-Jun 1pm,9848.07,,,,
Madhya Pradesh - 2025,18-Jun 2pm,10081.69,,,,
Madhya Pradesh - 2025,18-Jun 3pm,10157.64,,,,
Madhya Pradesh - 2025,18-Jun 4pm,10322.32,,,,
Madhya Pradesh - 2025,18-Jun 5pm,10179.14,,,,
Madhya Pradesh - 2025,18-Jun 6pm,10098.62,,,,
Madhya Pradesh - 2025,18-Jun 7pm,10572.2,,,,
Madhya Pradesh - 2025,18-Jun 8pm,11256.43,,,,
Madhya Pradesh - 2025,18-Jun 9pm,10940.37,,,,
Madhya Pradesh - 2025,18-Jun 10pm,11143.78,,,,
Madhya Pradesh - 2025,18-Jun 11pm,11336.47,,,,
Madhya Pradesh - 2025,19-Jun 12am,11229.42,,,,
Madhya Pradesh - 2025,19-Jun 1am,10979.46,,,,
Madhya Pradesh - 2025,19-Jun 2am,10610.21,,,,
Madhya Pradesh - 2025,19-Jun 3am,10308.18,,,,
Madhya Pradesh - 2025,19-Jun 4am,10032.86,,,,
Madhya Pradesh - 2025,19-Jun 5am,9944.06,,,,
Madhya Pradesh - 2025,19-Jun 6am,10371.68,,,,
Madhya Pradesh - 2025,19-Jun 7am,10713.92,,,,
Madhya Pradesh - 2025,19-Jun 8am,10331.39,,,,
Madhya Pradesh - 2025,19-Jun 9am,10147.6,,,,
Madhya Pradesh - 2025,19-Jun 10am,9802.67,,,,
Madhya Pradesh - 2025,19-Jun 11am,9465.09,,,,
Madhya Pradesh - 2025,19-Jun 12pm,9221.14,,,,
Madhya Pradesh - 2025,19-Jun 1pm,9229.58,,,,
Madhya Pradesh - 2025,19-Jun 2pm,9107.13,,,,
Madhya Pradesh - 2025,19-Jun 3pm,8968.18,,,,
Madhya Pradesh - 2025,19-Jun 4pm,8703.8,,,,
Madhya Pradesh - 2025,19-Jun 5pm,9019.49,,,,
Madhya Pradesh - 2025,19-Jun 6pm,9205.73,,,,
Madhya Pradesh - 2025,19-Jun 7pm,9713.9,,,,
Madhya Pradesh - 2025,19-Jun 8pm,9930.78,,,,
Madhya Pradesh - 2025,19-Jun 9pm,9684.66,,,,
Madhya Pradesh - 2025,19-Jun 10pm,9795.01,,,,
Madhya Pradesh - 2025,19-Jun 11pm,9943.74,,,,
Madhya Pradesh - 2025,20-Jun 12am,9840.42,,,,
Madhya Pradesh - 2025,20-Jun 1am,9443.92,,,,
Madhya Pradesh - 2025,20-Jun 2am,9264.03,,,,
Madhya Pradesh - 2025,20-Jun 3am,9093.64,,,,
Madhya Pradesh - 2025,20-Jun 4am,8891.17,,,,
Madhya Pradesh - 2025,20-Jun 5am,8843.17,,,,
Madhya Pradesh - 2025,20-Jun 6am,9363.95,,,,
Madhya Pradesh - 2025,20-Jun 7am,9736.35,,,,
Madhya Pradesh - 2025,20-Jun 8am,9567.95,,,,
Madhya Pradesh - 2025,20-Jun 9am,9343.49,,,,
Madhya Pradesh - 2025,20-Jun 10am,8883.06,,,,
Madhya Pradesh - 2025,20-Jun 11am,8462.2,,,,
Madhya Pradesh - 2025,20-Jun 12pm,8182.33,,,,
Madhya Pradesh - 2025,20-Jun 1pm,8129.84,,,,
Madhya Pradesh - 2025,20-Jun 2pm,8045.07,,,,
Madhya Pradesh - 2025,20-Jun 3pm,8346.43,,,,
Madhya Pradesh - 2025,20-Jun 4pm,8609.07,,,,
Madhya Pradesh - 2025,20-Jun 5pm,8743.77,,,,
Madhya Pradesh - 2025,20-Jun 6pm,9086.26,,,,
Madhya Pradesh - 2025,20-Jun 7pm,9828.08,,,,
Madhya Pradesh - 2025,20-Jun 8pm,10225.2,,,,
Madhya Pradesh - 2025,20-Jun 9pm,9951.62,,,,
Madhya Pradesh - 2025,20-Jun 10pm,10033.65,,,,
Madhya Pradesh - 2025,20-Jun 11pm,10107.73,,,,
Madhya Pradesh - 2025,21-Jun 12am,9929.09,,,,
Madhya Pradesh - 2025,21-Jun 1am,9744.2,,,,
Madhya Pradesh - 2025,21-Jun 2am,9550.86,,,,
Madhya Pradesh - 2025,21-Jun 3am,9429.29,,,,
Madhya Pradesh - 2025,21-Jun 4am,9223.37,,,,
Madhya Pradesh - 2025,21-Jun 5am,9194.07,,,,
Madhya Pradesh - 2025,21-Jun 6am,9665.34,,,,
Madhya Pradesh - 2025,21-Jun 7am,9988.82,,,,
Madhya Pradesh - 2025,21-Jun 8am,9947.89,,,,
Madhya Pradesh - 2025,21-Jun 9am,9690.79,,,,
Madhya Pradesh - 2025,21-Jun 10am,9393.83,,,,
Madhya Pradesh - 2025,21-Jun 11am,9037.16,,,,
Madhya Pradesh - 2025,21-Jun 12pm,8558.71,,,,
Madhya Pradesh - 2025,21-Jun 1pm,8579.02,,,,
Madhya Pradesh - 2025,21-Jun 2pm,8498.76,,,,
Madhya Pradesh - 2025,21-Jun 3pm,8512.25,,,,
Madhya Pradesh - 2025,21-Jun 4pm,8714.63,,,,
Madhya Pradesh - 2025,21-Jun 5pm,9009.26,,,,
Madhya Pradesh - 2025,21-Jun 6pm,9005.24,,,,
Madhya Pradesh - 2025,21-Jun 7pm,9462.25,,,,
Madhya Pradesh - 2025,21-Jun 8pm,9986.62,,,,
Madhya Pradesh - 2025,21-Jun 9pm,9794.43,,,,
Madhya Pradesh - 2025,21-Jun 10pm,9627.79,,,,
Madhya Pradesh - 2025,21-Jun 11pm,9796.73,,,,
Madhya Pradesh - 2025,22-Jun 12am,9730.57,,,,
Madhya Pradesh - 2025,22-Jun 1am,9563.62,,,,
Madhya Pradesh - 2025,22-Jun 2am,9313.65,,,,
Madhya Pradesh - 2025,22-Jun 3am,9149.09,,,,
Madhya Pradesh - 2025,22-Jun 4am,9026.45,,,,
Madhya Pradesh - 2025,22-Jun 5am,8767.04,,,,
Madhya Pradesh - 2025,22-Jun 6am,9212.77,,,,
Madhya Pradesh - 2025,22-Jun 7am,9578.41,,,,
Madhya Pradesh - 2025,22-Jun 8am,9524.58,,,,
Madhya Pradesh - 2025,22-Jun 9am,9336.12,,,,
Madhya Pradesh - 2025,22-Jun 10am,8911.79,,,,
Madhya Pradesh - 2025,22-Jun 11am,8362.18,,,,
Madhya Pradesh - 2025,22-Jun 12pm,8085.13,,,,
Madhya Pradesh - 2025,22-Jun 1pm,7610.04,,,,
Madhya Pradesh - 2025,22-Jun 2pm,7757.71,,,,
Madhya Pradesh - 2025,22-Jun 3pm,7921.31,,,,
Madhya Pradesh - 2025,22-Jun 4pm,8019.84,,,,
Madhya Pradesh - 2025,22-Jun 5pm,8386.76,,,,
Madhya Pradesh - 2025,22-Jun 6pm,8797,,,,
Madhya Pradesh - 2025,22-Jun 7pm,9092.22,,,,
Madhya Pradesh - 2025,22-Jun 8pm,9515.17,,,,
Madhya Pradesh - 2025,22-Jun 9pm,9380.03,,,,
Madhya Pradesh - 2025,22-Jun 10pm,9249.03,,,,
Madhya Pradesh - 2025,22-Jun 11pm,9373.95,,,,
Madhya Pradesh - 2025,23-Jun 12am,9320.68,,,,
Madhya Pradesh - 2025,23-Jun 1am,9046.48,,,,
Madhya Pradesh - 2025,23-Jun 2am,8916.67,,,,
Madhya Pradesh - 2025,23-Jun 3am,8880.77,,,,
Madhya Pradesh - 2025,23-Jun 4am,8679.92,,,,
Madhya Pradesh - 2025,23-Jun 5am,8808.93,,,,
Madhya Pradesh - 2025,23-Jun 6am,9263.38,,,,
Madhya Pradesh - 2025,23-Jun 7am,9881.5,,,,
Madhya Pradesh - 2025,23-Jun 8am,9900.17,,,,
Madhya Pradesh - 2025,23-Jun 9am,9775.76,,,,
Madhya Pradesh - 2025,23-Jun 10am,9434.16,,,,
Madhya Pradesh - 2025,23-Jun 11am,9117.6,,,,
Madhya Pradesh - 2025,23-Jun 12pm,8485.45,,,,
Madhya Pradesh - 2025,23-Jun 1pm,8337.9,,,,
Madhya Pradesh - 2025,23-Jun 2pm,8304.07,,,,
Madhya Pradesh - 2025,23-Jun 3pm,8377.37,,,,
Madhya Pradesh - 2025,23-Jun 4pm,8579.24,,,,
Madhya Pradesh - 2025,23-Jun 5pm,8894.83,,,,
Madhya Pradesh - 2025,23-Jun 6pm,9213.16,,,,
Madhya Pradesh - 2025,23-Jun 7pm,9677.06,,,,
Madhya Pradesh - 2025,23-Jun 8pm,10069.44,,,,
Madhya Pradesh - 2025,23-Jun 9pm,9597.64,,,,
Madhya Pradesh - 2025,23-Jun 10pm,9526.17,,,,
Madhya Pradesh - 2025,23-Jun 11pm,9538.58,,,,
Madhya Pradesh - 2025,24-Jun 12am,9525.9,,,,
Madhya Pradesh - 2025,24-Jun 1am,9315.61,,,,
Madhya Pradesh - 2025,24-Jun 2am,9153.82,,,,
Madhya Pradesh - 2025,24-Jun 3am,8960.7,,,,
Madhya Pradesh - 2025,24-Jun 4am,8937.48,,,,
Madhya Pradesh - 2025,24-Jun 5am,8780.98,,,,
Madhya Pradesh - 2025,24-Jun 6am,9824.1,,,,
Madhya Pradesh - 2025,24-Jun 7am,10208.07,,,,
Madhya Pradesh - 2025,24-Jun 8am,10221.32,,,,
Madhya Pradesh - 2025,24-Jun 9am,9948.74,,,,
Madhya Pradesh - 2025,24-Jun 10am,9510.73,,,,
Madhya Pradesh - 2025,24-Jun 11am,9098.11,,,,
Madhya Pradesh - 2025,24-Jun 12pm,8559.96,,,,
Madhya Pradesh - 2025,24-Jun 1pm,8475.48,,,,
Madhya Pradesh - 2025,24-Jun 2pm,8590.17,,,,
Madhya Pradesh - 2025,24-Jun 3pm,8637.2,,,,
Madhya Pradesh - 2025,24-Jun 4pm,8713.24,,,,
Madhya Pradesh - 2025,24-Jun 5pm,9093.28,,,,
Madhya Pradesh - 2025,24-Jun 6pm,9393.91,,,,
Madhya Pradesh - 2025,24-Jun 7pm,9760.92,,,,
Madhya Pradesh - 2025,24-Jun 8pm,10029.4,,,,
Madhya Pradesh - 2025,24-Jun 9pm,9713.79,,,,
Madhya Pradesh - 2025,24-Jun 10pm,9581.16,,,,
Madhya Pradesh - 2025,24-Jun 11pm,9615.83,,,,
Madhya Pradesh - 2025,25-Jun 12am,9264.04,,,,
Madhya Pradesh - 2025,25-Jun 1am,9058.28,,,,
Madhya Pradesh - 2025,25-Jun 2am,8825.42,,,,
Madhya Pradesh - 2025,25-Jun 3am,8808.79,,,,
Madhya Pradesh - 2025,25-Jun 4am,8689.62,,,,
Madhya Pradesh - 2025,25-Jun 5am,8574.14,,,,
Madhya Pradesh - 2025,25-Jun 6am,9387.37,,,,
Madhya Pradesh - 2025,25-Jun 7am,9974.6,,,,
Madhya Pradesh - 2025,25-Jun 8am,9924.87,,,,
Madhya Pradesh - 2025,25-Jun 9am,9943.3,,,,
Madhya Pradesh - 2025,25-Jun 10am,9607.1,,,,
Madhya Pradesh - 2025,25-Jun 11am,9206.94,,,,
Madhya Pradesh - 2025,25-Jun 12pm,8776.25,,,,
Madhya Pradesh - 2025,25-Jun 1pm,8449.18,,,,
Madhya Pradesh - 2025,25-Jun 2pm,8442.41,,,,
Madhya Pradesh - 2025,25-Jun 3pm,8514.53,,,,
Madhya Pradesh - 2025,25-Jun 4pm,8611.37,,,,
Madhya Pradesh - 2025,25-Jun 5pm,8719.47,,,,
Madhya Pradesh - 2025,25-Jun 6pm,9139.48,,,,
Madhya Pradesh - 2025,25-Jun 7pm,9673.28,,,,
Madhya Pradesh - 2025,25-Jun 8pm,10063.1,,,,
Madhya Pradesh - 2025,25-Jun 9pm,9880.48,,,,
Madhya Pradesh - 2025,25-Jun 10pm,9753.13,,,,
Madhya Pradesh - 2025,25-Jun 11pm,9902.32,,,,
Madhya Pradesh - 2025,26-Jun 12am,9692.52,,,,
Madhya Pradesh - 2025,26-Jun 1am,9483.99,,,,
Madhya Pradesh - 2025,26-Jun 2am,9377.02,,,,
Madhya Pradesh - 2025,26-Jun 3am,9204.3,,,,
Madhya Pradesh - 2025,26-Jun 4am,9167.96,,,,
Madhya Pradesh - 2025,26-Jun 5am,9149.79,,,,
Madhya Pradesh - 2025,26-Jun 6am,9905.37,,,,
Madhya Pradesh - 2025,26-Jun 7am,10386.77,,,,
Madhya Pradesh - 2025,26-Jun 8am,10195.54,,,,
Madhya Pradesh - 2025,26-Jun 9am,10060.61,,,,
Madhya Pradesh - 2025,26-Jun 10am,9688.09,,,,
Madhya Pradesh - 2025,26-Jun 11am,9278.2,,,,
Madhya Pradesh - 2025,26-Jun 12pm,9009.87,,,,
Madhya Pradesh - 2025,26-Jun 1pm,8750.17,,,,
Madhya Pradesh - 2025,26-Jun 2pm,8512.03,,,,
Madhya Pradesh - 2025,26-Jun 3pm,8840.57,,,,
Madhya Pradesh - 2025,26-Jun 4pm,8621.21,,,,
Madhya Pradesh - 2025,26-Jun 5pm,8957.41,,,,
Madhya Pradesh - 2025,26-Jun 6pm,9300.27,,,,
Madhya Pradesh - 2025,26-Jun 7pm,9692.49,,,,
Madhya Pradesh - 2025,26-Jun 8pm,9926.67,,,,
Madhya Pradesh - 2025,26-Jun 9pm,9570.39,,,,
Madhya Pradesh - 2025,26-Jun 10pm,9635.61,,,,
Madhya Pradesh - 2025,26-Jun 11pm,9690.14,,,,
Madhya Pradesh - 2025,27-Jun 12am,9539.75,,,,
Madhya Pradesh - 2025,27-Jun 1am,9381.93,,,,
Madhya Pradesh - 2025,27-Jun 2am,9232.43,,,,
Madhya Pradesh - 2025,27-Jun 3am,9177.62,,,,
Madhya Pradesh - 2025,27-Jun 4am,9081.8,,,,
Madhya Pradesh - 2025,27-Jun 5am,8974.09,,,,
Madhya Pradesh - 2025,27-Jun 6am,9773.48,,,,
Madhya Pradesh - 2025,27-Jun 7am,10260.55,,,,
Madhya Pradesh - 2025,27-Jun 8am,10167.74,,,,
Madhya Pradesh - 2025,27-Jun 9am,10015.58,,,,
Madhya Pradesh - 2025,27-Jun 10am,9717.5,,,,
Madhya Pradesh - 2025,27-Jun 11am,9291.33,,,,
Madhya Pradesh - 2025,27-Jun 12pm,8828.28,,,,
Madhya Pradesh - 2025,27-Jun 1pm,8679.07,,,,
Madhya Pradesh - 2025,27-Jun 2pm,8440.64,,,,
Madhya Pradesh - 2025,27-Jun 3pm,8502.83,,,,
Madhya Pradesh - 2025,27-Jun 4pm,8620.2,,,,
Madhya Pradesh - 2025,27-Jun 5pm,8758.03,,,,
Madhya Pradesh - 2025,27-Jun 6pm,9105.06,,,,
Madhya Pradesh - 2025,27-Jun 7pm,9599.43,,,,
Madhya Pradesh - 2025,27-Jun 8pm,10170.94,,,,
Madhya Pradesh - 2025,27-Jun 9pm,9742.05,,,,
Madhya Pradesh - 2025,27-Jun 10pm,9069.71,,,,
Madhya Pradesh - 2025,27-Jun 11pm,9706.15,,,,
Madhya Pradesh - 2025,28-Jun 12am,9630.46,,,,
Madhya Pradesh - 2025,28-Jun 1am,9353.47,,,,
Madhya Pradesh - 2025,28-Jun 2am,9232.21,,,,
Madhya Pradesh - 2025,28-Jun 3am,9017.65,,,,
Madhya Pradesh - 2025,28-Jun 4am,9019.77,,,,
Madhya Pradesh - 2025,28-Jun 5am,8968.08,,,,
Madhya Pradesh - 2025,28-Jun 6am,9733.2,,,,
Madhya Pradesh - 2025,28-Jun 7am,10247.35,,,,
Madhya Pradesh - 2025,28-Jun 8am,10084.23,,,,
Madhya Pradesh - 2025,28-Jun 9am,9851.71,,,,
Madhya Pradesh - 2025,28-Jun 10am,9453.87,,,,
Madhya Pradesh - 2025,28-Jun 11am,9199.31,,,,
Madhya Pradesh - 2025,28-Jun 12pm,8750.62,,,,
Madhya Pradesh - 2025,28-Jun 1pm,8450.13,,,,
Madhya Pradesh - 2025,28-Jun 2pm,8381.59,,,,
Madhya Pradesh - 2025,28-Jun 3pm,8677.88,,,,
Madhya Pradesh - 2025,28-Jun 4pm,8804.72,,,,
Madhya Pradesh - 2025,28-Jun 5pm,9026.1,,,,
Madhya Pradesh - 2025,28-Jun 6pm,9074.61,,,,
Madhya Pradesh - 2025,28-Jun 7pm,9665.87,,,,
Madhya Pradesh - 2025,28-Jun 8pm,9393.1,,,,
Madhya Pradesh - 2025,28-Jun 9pm,9693.16,,,,
Madhya Pradesh - 2025,28-Jun 10pm,9618.79,,,,
Madhya Pradesh - 2025,28-Jun 11pm,9018.38,,,,
Madhya Pradesh - 2025,29-Jun 12am,9571.98,,,,
Madhya Pradesh - 2025,29-Jun 1am,9437.87,,,,
Madhya Pradesh - 2025,29-Jun 2am,9255.01,,,,
Madhya Pradesh - 2025,29-Jun 3am,9126.04,,,,
Madhya Pradesh - 2025,29-Jun 4am,9087.78,,,,
Madhya Pradesh - 2025,29-Jun 5am,9037.36,,,,
Madhya Pradesh - 2025,29-Jun 6am,9727.67,,,,
Madhya Pradesh - 2025,29-Jun 7am,10178.26,,,,
Madhya Pradesh - 2025,29-Jun 8am,9988.61,,,,
Madhya Pradesh - 2025,29-Jun 9am,9688.57,,,,
Madhya Pradesh - 2025,29-Jun 10am,9225.59,,,,
Madhya Pradesh - 2025,29-Jun 11am,8582.75,,,,
Madhya Pradesh - 2025,29-Jun 12pm,8251.42,,,,
Madhya Pradesh - 2025,29-Jun 1pm,7958.54,,,,
Madhya Pradesh - 2025,29-Jun 2pm,7845.33,,,,
Madhya Pradesh - 2025,29-Jun 3pm,7865.88,,,,
Madhya Pradesh - 2025,29-Jun 4pm,7943.03,,,,
Madhya Pradesh - 2025,29-Jun 5pm,8198.49,,,,
Madhya Pradesh - 2025,29-Jun 6pm,8448.49,,,,
Madhya Pradesh - 2025,29-Jun 7pm,9005.66,,,,
Madhya Pradesh - 2025,29-Jun 8pm,9336.67,,,,
Madhya Pradesh - 2025,29-Jun 9pm,9057.07,,,,
Madhya Pradesh - 2025,29-Jun 10pm,9014.86,,,,
Madhya Pradesh - 2025,29-Jun 11pm,9131.06,,,,
Madhya Pradesh - 2025,30-Jun 12am,8995.56,,,,
Madhya Pradesh - 2025,30-Jun 1am,8850.88,,,,
Madhya Pradesh - 2025,30-Jun 2am,8677.14,,,,
Madhya Pradesh - 2025,30-Jun 3am,8508.55,,,,
Madhya Pradesh - 2025,30-Jun 4am,8525.28,,,,
Madhya Pradesh - 2025,30-Jun 5am,8616.28,,,,
Madhya Pradesh - 2025,30-Jun 6am,9503.07,,,,
Madhya Pradesh - 2025,30-Jun 7am,10293.29,,,,
Madhya Pradesh - 2025,30-Jun 8am,10120.21,,,,
Madhya Pradesh - 2025,30-Jun 9am,9938.77,,,,
Madhya Pradesh - 2025,30-Jun 10am,9755.64,,,,
Madhya Pradesh - 2025,30-Jun 11am,9159.33,,,,
Madhya Pradesh - 2025,30-Jun 12pm,8701.14,,,,
Madhya Pradesh - 2025,30-Jun 1pm,8484.37,,,,
Madhya Pradesh - 2025,30-Jun 2pm,8435.29,,,,
Madhya Pradesh - 2025,30-Jun 3pm,8480.22,,,,
Madhya Pradesh - 2025,30-Jun 4pm,8653.43,,,,
Madhya Pradesh - 2025,30-Jun 5pm,8961.95,,,,
Madhya Pradesh - 2025,30-Jun 6pm,9237.77,,,,
Madhya Pradesh - 2025,30-Jun 7pm,9857.97,,,,
Madhya Pradesh - 2025,30-Jun 8pm,10252.85,,,,
Madhya Pradesh - 2025,30-Jun 9pm,9834.56,,,,
Madhya Pradesh - 2025,30-Jun 10pm,9720.67,,,,
Madhya Pradesh - 2025,30-Jun 11pm,9660.52,,,,
Madhya Pradesh - 2025,01-Jul 12am,9517.08,,,,
Madhya Pradesh - 2025,01-Jul 1am,9125.53,,,,
Madhya Pradesh - 2025,01-Jul 2am,8862.84,,,,
Madhya Pradesh - 2025,01-Jul 3am,8776.76,,,,
Madhya Pradesh - 2025,01-Jul 4am,8577.85,,,,
Madhya Pradesh - 2025,01-Jul 5am,8440.14,,,,
Madhya Pradesh - 2025,01-Jul 6am,9132.69,,,,
Madhya Pradesh - 2025,01-Jul 7am,9725.2,,,,
Madhya Pradesh - 2025,01-Jul 8am,9743.06,,,,
Madhya Pradesh - 2025,01-Jul 9am,9683.31,,,,
Madhya Pradesh - 2025,01-Jul 10am,9394.87,,,,
Madhya Pradesh - 2025,01-Jul 11am,8896.48,,,,
Madhya Pradesh - 2025,01-Jul 12pm,8251.6,,,,
Madhya Pradesh - 2025,01-Jul 1pm,8243.61,,,,
Madhya Pradesh - 2025,01-Jul 2pm,7953.77,,,,
Madhya Pradesh - 2025,01-Jul 3pm,8363.51,,,,
Madhya Pradesh - 2025,01-Jul 4pm,8509.14,,,,
Madhya Pradesh - 2025,01-Jul 5pm,8777.3,,,,
Madhya Pradesh - 2025,01-Jul 6pm,9115.02,,,,
Madhya Pradesh - 2025,01-Jul 7pm,9749.37,,,,
Madhya Pradesh - 2025,01-Jul 8pm,10169.21,,,,
Madhya Pradesh - 2025,01-Jul 9pm,9571.54,,,,
Madhya Pradesh - 2025,01-Jul 10pm,9474.52,,,,
Madhya Pradesh - 2025,01-Jul 11pm,9579.45,,,,
Madhya Pradesh - 2025,02-Jul 12am,9417.32,,,,
Madhya Pradesh - 2025,02-Jul 1am,9190.81,,,,
Madhya Pradesh - 2025,02-Jul 2am,9044.72,,,,
Madhya Pradesh - 2025,02-Jul 3am,8903.18,,,,
Madhya Pradesh - 2025,02-Jul 4am,8889.34,,,,
Madhya Pradesh - 2025,02-Jul 5am,8779.89,,,,
Madhya Pradesh - 2025,02-Jul 6am,9508.58,,,,
Madhya Pradesh - 2025,02-Jul 7am,10208.32,,,,
Madhya Pradesh - 2025,02-Jul 8am,10260.1,,,,
Madhya Pradesh - 2025,02-Jul 9am,10065.58,,,,
Madhya Pradesh - 2025,02-Jul 10am,9804.41,,,,
Madhya Pradesh - 2025,02-Jul 11am,9265.93,,,,
Madhya Pradesh - 2025,02-Jul 12pm,8794.75,,,,
Madhya Pradesh - 2025,02-Jul 1pm,8683.64,,,,
Madhya Pradesh - 2025,02-Jul 2pm,8514.71,,,,
Madhya Pradesh - 2025,02-Jul 3pm,8601.22,,,,
Madhya Pradesh - 2025,02-Jul 4pm,8920.2,,,,
Madhya Pradesh - 2025,02-Jul 5pm,9094.54,,,,
Madhya Pradesh - 2025,02-Jul 6pm,9425.33,,,,
Madhya Pradesh - 2025,02-Jul 7pm,9922.6,,,,
Madhya Pradesh - 2025,02-Jul 8pm,10101.5,,,,
Madhya Pradesh - 2025,02-Jul 9pm,10154.04,,,,
Madhya Pradesh - 2025,02-Jul 10pm,9954.85,,,,
Madhya Pradesh - 2025,02-Jul 11pm,9956.94,,,,
Madhya Pradesh - 2025,03-Jul 12am,9437.23,,,,
Madhya Pradesh - 2025,03-Jul 1am,9636.74,,,,
Madhya Pradesh - 2025,03-Jul 2am,9549.02,,,,
Madhya Pradesh - 2025,03-Jul 3am,9360.33,,,,
Madhya Pradesh - 2025,03-Jul 4am,9205.37,,,,
Madhya Pradesh - 2025,03-Jul 5am,9366.07,,,,
Madhya Pradesh - 2025,03-Jul 6am,10222.72,,,,
Madhya Pradesh - 2025,03-Jul 7am,10828.13,,,,
Madhya Pradesh - 2025,03-Jul 8am,10668.4,,,,
Madhya Pradesh - 2025,03-Jul 9am,10396.56,,,,
Madhya Pradesh - 2025,03-Jul 10am,10057.55,,,,
Madhya Pradesh - 2025,03-Jul 11am,9655.55,,,,
Madhya Pradesh - 2025,03-Jul 12pm,8893.77,,,,
Madhya Pradesh - 2025,03-Jul 1pm,8882.81,,,,
Madhya Pradesh - 2025,03-Jul 2pm,8592.37,,,,
Madhya Pradesh - 2025,03-Jul 3pm,8882.84,,,,
Madhya Pradesh - 2025,03-Jul 4pm,9214.27,,,,
Madhya Pradesh - 2025,03-Jul 5pm,9507.27,,,,
Madhya Pradesh - 2025,03-Jul 6pm,9676.9,,,,
Madhya Pradesh - 2025,03-Jul 7pm,10213.03,,,,
Madhya Pradesh - 2025,03-Jul 8pm,10592.86,,,,
Madhya Pradesh - 2025,03-Jul 9pm,10229.9,,,,
Madhya Pradesh - 2025,03-Jul 10pm,10069.57,,,,
Madhya Pradesh - 2025,03-Jul 11pm,10143.83,,,,
Madhya Pradesh - 2025,04-Jul 12am,10037.06,,,,
Madhya Pradesh - 2025,04-Jul 1am,9774.74,,,,
Madhya Pradesh - 2025,04-Jul 2am,9600.47,,,,
Madhya Pradesh - 2025,04-Jul 3am,9503.99,,,,
Madhya Pradesh - 2025,04-Jul 4am,9348.98,,,,
Madhya Pradesh - 2025,04-Jul 5am,9387.45,,,,
Madhya Pradesh - 2025,04-Jul 6am,10197.92,,,,
Madhya Pradesh - 2025,04-Jul 7am,10913.18,,,,
Madhya Pradesh - 2025,04-Jul 8am,10686.77,,,,
Madhya Pradesh - 2025,04-Jul 9am,10496.84,,,,
Madhya Pradesh - 2025,04-Jul 10am,10260.73,,,,
Madhya Pradesh - 2025,04-Jul 11am,9659.62,,,,
Madhya Pradesh - 2025,04-Jul 12pm,9246.92,,,,
Madhya Pradesh - 2025,04-Jul 1pm,9047.8,,,,
Madhya Pradesh - 2025,04-Jul 2pm,8622.99,,,,
Madhya Pradesh - 2025,04-Jul 3pm,8641.29,,,,
Madhya Pradesh - 2025,04-Jul 4pm,8754.88,,,,
Madhya Pradesh - 2025,04-Jul 5pm,8941.52,,,,
Madhya Pradesh - 2025,04-Jul 6pm,9312.24,,,,
Madhya Pradesh - 2025,04-Jul 7pm,9836.47,,,,
Madhya Pradesh - 2025,04-Jul 8pm,10221.96,,,,
Madhya Pradesh - 2025,04-Jul 9pm,9809.36,,,,
Madhya Pradesh - 2025,04-Jul 10pm,9640.05,,,,
Madhya Pradesh - 2025,04-Jul 11pm,9606.32,,,,
Madhya Pradesh - 2025,05-Jul 12am,9552.54,,,,
Madhya Pradesh - 2025,05-Jul 1am,9323.77,,,,
Madhya Pradesh - 2025,05-Jul 2am,9064.23,,,,
Madhya Pradesh - 2025,05-Jul 3am,9058.34,,,,
Madhya Pradesh - 2025,05-Jul 4am,8892.87,,,,
Madhya Pradesh - 2025,05-Jul 5am,8871.45,,,,
Madhya Pradesh - 2025,05-Jul 6am,9667.7,,,,
Madhya Pradesh - 2025,05-Jul 7am,10313.9,,,,
Madhya Pradesh - 2025,05-Jul 8am,10360.8,,,,
Madhya Pradesh - 2025,05-Jul 9am,10349.08,,,,
Madhya Pradesh - 2025,05-Jul 10am,9973.84,,,,
Madhya Pradesh - 2025,05-Jul 11am,9347.45,,,,
Madhya Pradesh - 2025,05-Jul 12pm,8977.28,,,,
Madhya Pradesh - 2025,05-Jul 1pm,8885.39,,,,
Madhya Pradesh - 2025,05-Jul 2pm,8788.23,,,,
Madhya Pradesh - 2025,05-Jul 3pm,8864.32,,,,
Madhya Pradesh - 2025,05-Jul 4pm,8931.75,,,,
Madhya Pradesh - 2025,05-Jul 5pm,9324.9,,,,
Madhya Pradesh - 2025,05-Jul 6pm,9495.32,,,,
Madhya Pradesh - 2025,05-Jul 7pm,9979.01,,,,
Madhya Pradesh - 2025,05-Jul 8pm,10205.04,,,,
Madhya Pradesh - 2025,05-Jul 9pm,9799.84,,,,
Madhya Pradesh - 2025,05-Jul 10pm,9614.59,,,,
Madhya Pradesh - 2025,05-Jul 11pm,9698.72,,,,
Madhya Pradesh - 2025,06-Jul 12am,9472.6,,,,
Madhya Pradesh - 2025,06-Jul 1am,9414.86,,,,
Madhya Pradesh - 2025,06-Jul 2am,9080.89,,,,
Madhya Pradesh - 2025,06-Jul 3am,9021.19,,,,
Madhya Pradesh - 2025,06-Jul 4am,8857.13,,,,
Madhya Pradesh - 2025,06-Jul 5am,8838.12,,,,
Madhya Pradesh - 2025,06-Jul 6am,9902.71,,,,
Madhya Pradesh - 2025,06-Jul 7am,10225.81,,,,
Madhya Pradesh - 2025,06-Jul 8am,10157.79,,,,
Madhya Pradesh - 2025,06-Jul 9am,10166.73,,,,
Madhya Pradesh - 2025,06-Jul 10am,9940.73,,,,
Madhya Pradesh - 2025,06-Jul 11am,9596.43,,,,
Madhya Pradesh - 2025,06-Jul 12pm,9113.71,,,,
Madhya Pradesh - 2025,06-Jul 1pm,8964.91,,,,
Madhya Pradesh - 2025,06-Jul 2pm,8896.47,,,,
Madhya Pradesh - 2025,06-Jul 3pm,9251.24,,,,
Madhya Pradesh - 2025,06-Jul 4pm,8922.92,,,,
Madhya Pradesh - 2025,06-Jul 5pm,9210.61,,,,
Madhya Pradesh - 2025,06-Jul 6pm,9327.84,,,,
Madhya Pradesh - 2025,06-Jul 7pm,9495.45,,,,
Madhya Pradesh - 2025,06-Jul 8pm,9874.55,,,,
Madhya Pradesh - 2025,06-Jul 9pm,9509.77,,,,
Madhya Pradesh - 2025,06-Jul 10pm,9407.87,,,,
Madhya Pradesh - 2025,06-Jul 11pm,9288.75,,,,
Madhya Pradesh - 2025,07-Jul 12am,9085.48,,,,
Madhya Pradesh - 2025,07-Jul 1am,9032.67,,,,
Madhya Pradesh - 2025,07-Jul 2am,8696.71,,,,
Madhya Pradesh - 2025,07-Jul 3am,8597.46,,,,
Madhya Pradesh - 2025,07-Jul 4am,8618.71,,,,
Madhya Pradesh - 2025,07-Jul 5am,8613.99,,,,
Madhya Pradesh - 2025,07-Jul 6am,9308.91,,,,
Madhya Pradesh - 2025,07-Jul 7am,9847.64,,,,
Madhya Pradesh - 2025,07-Jul 8am,9841.79,,,,
Madhya Pradesh - 2025,07-Jul 9am,9757.59,,,,
Madhya Pradesh - 2025,07-Jul 10am,9675.84,,,,
Madhya Pradesh - 2025,07-Jul 11am,9417.48,,,,
Madhya Pradesh - 2025,07-Jul 12pm,8904.83,,,,
Madhya Pradesh - 2025,07-Jul 1pm,8850.85,,,,
Madhya Pradesh - 2025,07-Jul 2pm,8769.19,,,,
Madhya Pradesh - 2025,07-Jul 3pm,8924.95,,,,
Madhya Pradesh - 2025,07-Jul 4pm,8886.41,,,,
Madhya Pradesh - 2025,07-Jul 5pm,9331.53,,,,
Madhya Pradesh - 2025,07-Jul 6pm,9412.96,,,,
Madhya Pradesh - 2025,07-Jul 7pm,9760.32,,,,
Madhya Pradesh - 2025,07-Jul 8pm,10134.14,,,,
Madhya Pradesh - 2025,07-Jul 9pm,9848.88,,,,
Madhya Pradesh - 2025,07-Jul 10pm,9776.04,,,,
Madhya Pradesh - 2025,07-Jul 11pm,9635.59,,,,
Madhya Pradesh - 2025,08-Jul 12am,9652.14,,,,
Madhya Pradesh - 2025,08-Jul 1am,9407.86,,,,
Madhya Pradesh - 2025,08-Jul 2am,9224.78,,,,
Madhya Pradesh - 2025,08-Jul 3am,9201.81,,,,
Madhya Pradesh - 2025,08-Jul 4am,8980.53,,,,
Madhya Pradesh - 2025,08-Jul 5am,9019.32,,,,
Madhya Pradesh - 2025,08-Jul 6am,9756.86,,,,
Madhya Pradesh - 2025,08-Jul 7am,10400.06,,,,
Madhya Pradesh - 2025,08-Jul 8am,10275,,,,
Madhya Pradesh - 2025,08-Jul 9am,10122.78,,,,
Madhya Pradesh - 2025,08-Jul 10am,9973.44,,,,
Madhya Pradesh - 2025,08-Jul 11am,9606.29,,,,
Madhya Pradesh - 2025,08-Jul 12pm,9163.8,,,,
Madhya Pradesh - 2025,08-Jul 1pm,9029.52,,,,
Madhya Pradesh - 2025,08-Jul 2pm,8889.85,,,,
Madhya Pradesh - 2025,08-Jul 3pm,9209.34,,,,
Madhya Pradesh - 2025,08-Jul 4pm,9325.34,,,,
Madhya Pradesh - 2025,08-Jul 5pm,9676.14,,,,
Madhya Pradesh - 2025,08-Jul 6pm,9764.24,,,,
Madhya Pradesh - 2025,08-Jul 7pm,10385.52,,,,
Madhya Pradesh - 2025,08-Jul 8pm,10604.38,,,,
Madhya Pradesh - 2025,08-Jul 9pm,10286.75,,,,
Madhya Pradesh - 2025,08-Jul 10pm,10108.89,,,,
Madhya Pradesh - 2025,08-Jul 11pm,10094.64,,,,
Madhya Pradesh - 2025,09-Jul 12am,9930.31,,,,
Madhya Pradesh - 2025,09-Jul 1am,9973.34,,,,
Madhya Pradesh - 2025,09-Jul 2am,9737.34,,,,
Madhya Pradesh - 2025,09-Jul 3am,9587.68,,,,
Madhya Pradesh - 2025,09-Jul 4am,9449.72,,,,
Madhya Pradesh - 2025,09-Jul 5am,9530.33,,,,
Madhya Pradesh - 2025,09-Jul 6am,10425.3,,,,
Madhya Pradesh - 2025,09-Jul 7am,11047.77,,,,
Madhya Pradesh - 2025,09-Jul 8am,10773.9,,,,
Madhya Pradesh - 2025,09-Jul 9am,10586.32,,,,
Madhya Pradesh - 2025,09-Jul 10am,10217.33,,,,
Madhya Pradesh - 2025,09-Jul 11am,9633.28,,,,
Madhya Pradesh - 2025,09-Jul 12pm,9129.91,,,,
Madhya Pradesh - 2025,09-Jul 1pm,8971.42,,,,
Madhya Pradesh - 2025,09-Jul 2pm,8768.18,,,,
Madhya Pradesh - 2025,09-Jul 3pm,9064.87,,,,
Madhya Pradesh - 2025,09-Jul 4pm,9398.17,,,,
Madhya Pradesh - 2025,09-Jul 5pm,9738.66,,,,
Madhya Pradesh - 2025,09-Jul 6pm,9876.99,,,,
Madhya Pradesh - 2025,09-Jul 7pm,10204.3,,,,
Madhya Pradesh - 2025,09-Jul 8pm,10531.8,,,,
Madhya Pradesh - 2025,09-Jul 9pm,10028.5,,,,
Madhya Pradesh - 2025,09-Jul 10pm,9959.62,,,,
Madhya Pradesh - 2025,09-Jul 11pm,10029.37,,,,
Madhya Pradesh - 2025,10-Jul 12am,9967.47,,,,
Madhya Pradesh - 2025,10-Jul 1am,9824.59,,,,
Madhya Pradesh - 2025,10-Jul 2am,9700.64,,,,
Madhya Pradesh - 2025,10-Jul 3am,9537.68,,,,
Madhya Pradesh - 2025,10-Jul 4am,9553.11,,,,
Madhya Pradesh - 2025,10-Jul 5am,9528.53,,,,
Madhya Pradesh - 2025,10-Jul 6am,10334.29,,,,
Madhya Pradesh - 2025,10-Jul 7am,10746.64,,,,
Madhya Pradesh - 2025,10-Jul 8am,10725.76,,,,
Madhya Pradesh - 2025,10-Jul 9am,10698.92,,,,
Madhya Pradesh - 2025,10-Jul 10am,10302.72,,,,
Madhya Pradesh - 2025,10-Jul 11am,9804.68,,,,
Madhya Pradesh - 2025,10-Jul 12pm,9420.23,,,,
Madhya Pradesh - 2025,10-Jul 1pm,9112.39,,,,
Madhya Pradesh - 2025,10-Jul 2pm,9120.36,,,,
Madhya Pradesh - 2025,10-Jul 3pm,9183.54,,,,
Madhya Pradesh - 2025,10-Jul 4pm,9313.93,,,,
Madhya Pradesh - 2025,10-Jul 5pm,9585.53,,,,
Madhya Pradesh - 2025,10-Jul 6pm,9876.88,,,,
Madhya Pradesh - 2025,10-Jul 7pm,10272.14,,,,
Madhya Pradesh - 2025,10-Jul 8pm,10545.39,,,,
Madhya Pradesh - 2025,10-Jul 9pm,10265.22,,,,
Madhya Pradesh - 2025,10-Jul 10pm,10068.17,,,,
Madhya Pradesh - 2025,10-Jul 11pm,10162.98,,,,
Madhya Pradesh - 2025,11-Jul 12am,10031.78,,,,
Madhya Pradesh - 2025,11-Jul 1am,9927.44,,,,
Madhya Pradesh - 2025,11-Jul 2am,9736.25,,,,
Madhya Pradesh - 2025,11-Jul 3am,9698.63,,,,
Madhya Pradesh - 2025,11-Jul 4am,9810.24,,,,
Madhya Pradesh - 2025,11-Jul 5am,9632.56,,,,
Madhya Pradesh - 2025,11-Jul 6am,10450.03,,,,
Madhya Pradesh - 2025,11-Jul 7am,11001.21,,,,
Madhya Pradesh - 2025,11-Jul 8am,10626.67,,,,
Madhya Pradesh - 2025,11-Jul 9am,10400.02,,,,
Madhya Pradesh - 2025,11-Jul 10am,10336.92,,,,
Madhya Pradesh - 2025,11-Jul 11am,9877.98,,,,
Madhya Pradesh - 2025,11-Jul 12pm,9375.22,,,,
Madhya Pradesh - 2025,11-Jul 1pm,9240.12,,,,
Madhya Pradesh - 2025,11-Jul 2pm,9198.88,,,,
Madhya Pradesh - 2025,11-Jul 3pm,9453.12,,,,
Madhya Pradesh - 2025,11-Jul 4pm,9465.61,,,,
Madhya Pradesh - 2025,11-Jul 5pm,9680.61,,,,
Madhya Pradesh - 2025,11-Jul 6pm,9896.12,,,,
Madhya Pradesh - 2025,11-Jul 7pm,10360.87,,,,
Madhya Pradesh - 2025,11-Jul 8pm,10694.11,,,,
Madhya Pradesh - 2025,11-Jul 9pm,10236.39,,,,
Madhya Pradesh - 2025,11-Jul 10pm,9952.79,,,,
Madhya Pradesh - 2025,11-Jul 11pm,10114.16,,,,
Madhya Pradesh - 2025,12-Jul 12am,9945.21,,,,
Madhya Pradesh - 2025,12-Jul 1am,9741.07,,,,
Madhya Pradesh - 2025,12-Jul 2am,9501.57,,,,
Madhya Pradesh - 2025,12-Jul 3am,9338.74,,,,
Madhya Pradesh - 2025,12-Jul 4am,9286.47,,,,
Madhya Pradesh - 2025,12-Jul 5am,9425.38,,,,
Madhya Pradesh - 2025,12-Jul 6am,10052.3,,,,
Madhya Pradesh - 2025,12-Jul 7am,10641.32,,,,
Madhya Pradesh - 2025,12-Jul 8am,10370.56,,,,
Madhya Pradesh - 2025,12-Jul 9am,10287.58,,,,
Madhya Pradesh - 2025,12-Jul 10am,9894.68,,,,
Madhya Pradesh - 2025,12-Jul 11am,9487.19,,,,
Madhya Pradesh - 2025,12-Jul 12pm,9049.98,,,,
Madhya Pradesh - 2025,12-Jul 1pm,8800.56,,,,
Madhya Pradesh - 2025,12-Jul 2pm,8742.61,,,,
Madhya Pradesh - 2025,12-Jul 3pm,9004.38,,,,
Madhya Pradesh - 2025,12-Jul 4pm,9167.8,,,,
Madhya Pradesh - 2025,12-Jul 5pm,9536.65,,,,
Madhya Pradesh - 2025,12-Jul 6pm,9867.13,,,,
Madhya Pradesh - 2025,12-Jul 7pm,10319.31,,,,
Madhya Pradesh - 2025,12-Jul 8pm,10765.19,,,,
Madhya Pradesh - 2025,12-Jul 9pm,10197.12,,,,
Madhya Pradesh - 2025,12-Jul 10pm,10055.04,,,,
Madhya Pradesh - 2025,12-Jul 11pm,9924.2,,,,
Madhya Pradesh - 2025,13-Jul 12am,9765.46,,,,
Madhya Pradesh - 2025,13-Jul 1am,9589.67,,,,
Madhya Pradesh - 2025,13-Jul 2am,9317.11,,,,
Madhya Pradesh - 2025,13-Jul 3am,9263.05,,,,
Madhya Pradesh - 2025,13-Jul 4am,9264.38,,,,
Madhya Pradesh - 2025,13-Jul 5am,9070.55,,,,
Madhya Pradesh - 2025,13-Jul 6am,9697.54,,,,
Madhya Pradesh - 2025,13-Jul 7am,10414.23,,,,
Madhya Pradesh - 2025,13-Jul 8am,10287.89,,,,
Madhya Pradesh - 2025,13-Jul 9am,10104.16,,,,
Madhya Pradesh - 2025,13-Jul 10am,9886.37,,,,
Madhya Pradesh - 2025,13-Jul 11am,9347.38,,,,
Madhya Pradesh - 2025,13-Jul 12pm,8654.28,,,,
Madhya Pradesh - 2025,13-Jul 1pm,8537.42,,,,
Madhya Pradesh - 2025,13-Jul 2pm,8616.21,,,,
Madhya Pradesh - 2025,13-Jul 3pm,8821.45,,,,
Madhya Pradesh - 2025,13-Jul 4pm,8901.75,,,,
Madhya Pradesh - 2025,13-Jul 5pm,9058.41,,,,
Madhya Pradesh - 2025,13-Jul 6pm,9389.49,,,,
Madhya Pradesh - 2025,13-Jul 7pm,9614.27,,,,
Madhya Pradesh - 2025,13-Jul 8pm,10176.79,,,,
Madhya Pradesh - 2025,13-Jul 9pm,9550.2,,,,
Madhya Pradesh - 2025,13-Jul 10pm,9748.3,,,,
Madhya Pradesh - 2025,13-Jul 11pm,9710.58,,,,
Madhya Pradesh - 2025,14-Jul 12am,9624.99,,,,
Madhya Pradesh - 2025,14-Jul 1am,9442.48,,,,
Madhya Pradesh - 2025,14-Jul 2am,9149.38,,,,
Madhya Pradesh - 2025,14-Jul 3am,8944,,,,
Madhya Pradesh - 2025,14-Jul 4am,8824.67,,,,
Madhya Pradesh - 2025,14-Jul 5am,8970.32,,,,
Madhya Pradesh - 2025,14-Jul 6am,9778.32,,,,
Madhya Pradesh - 2025,14-Jul 7am,10646.36,,,,
Madhya Pradesh - 2025,14-Jul 8am,10613.12,,,,
Madhya Pradesh - 2025,14-Jul 9am,10704.43,,,,
Madhya Pradesh - 2025,14-Jul 10am,10378.64,,,,
Madhya Pradesh - 2025,14-Jul 11am,10001.27,,,,
Madhya Pradesh - 2025,14-Jul 12pm,9362.92,,,,
Madhya Pradesh - 2025,14-Jul 1pm,9143.06,,,,
Madhya Pradesh - 2025,14-Jul 2pm,8904.56,,,,
Madhya Pradesh - 2025,14-Jul 3pm,9144.1,,,,
Madhya Pradesh - 2025,14-Jul 4pm,9300.06,,,,
Madhya Pradesh - 2025,14-Jul 5pm,9617.98,,,,
Madhya Pradesh - 2025,14-Jul 6pm,9832.29,,,,
Madhya Pradesh - 2025,14-Jul 7pm,10174.72,,,,
Madhya Pradesh - 2025,14-Jul 8pm,10628.78,,,,
Madhya Pradesh - 2025,14-Jul 9pm,10066.09,,,,
Madhya Pradesh - 2025,14-Jul 10pm,10044.24,,,,
Madhya Pradesh - 2025,14-Jul 11pm,10129.88,,,,
Madhya Pradesh - 2025,15-Jul 12am,9872.96,,,,
Madhya Pradesh - 2025,15-Jul 1am,9771.72,,,,
Madhya Pradesh - 2025,15-Jul 2am,9546.06,,,,
Madhya Pradesh - 2025,15-Jul 3am,9597.54,,,,
Madhya Pradesh - 2025,15-Jul 4am,9500.2,,,,
Madhya Pradesh - 2025,15-Jul 5am,9490.43,,,,
Madhya Pradesh - 2025,15-Jul 6am,10490.5,,,,
Madhya Pradesh - 2025,15-Jul 7am,11211.66,,,,
Madhya Pradesh - 2025,15-Jul 8am,10972.66,,,,
Madhya Pradesh - 2025,15-Jul 9am,10873.25,,,,
Madhya Pradesh - 2025,15-Jul 10am,10543,,,,
Madhya Pradesh - 2025,15-Jul 11am,10032.88,,,,
Madhya Pradesh - 2025,15-Jul 12pm,9631.7,,,,
Madhya Pradesh - 2025,15-Jul 1pm,9571.92,,,,
Madhya Pradesh - 2025,15-Jul 2pm,9342.72,,,,
Madhya Pradesh - 2025,15-Jul 3pm,9661.53,,,,
Madhya Pradesh - 2025,15-Jul 4pm,9825.02,,,,
Madhya Pradesh - 2025,15-Jul 5pm,10183.24,,,,
Madhya Pradesh - 2025,15-Jul 6pm,10292.89,,,,
Madhya Pradesh - 2025,15-Jul 7pm,10831.29,,,,
Madhya Pradesh - 2025,15-Jul 8pm,11255.89,,,,
Madhya Pradesh - 2025,15-Jul 9pm,10698.38,,,,
Madhya Pradesh - 2025,15-Jul 10pm,10447.06,,,,
Madhya Pradesh - 2025,15-Jul 11pm,10571.48,,,,
Madhya Pradesh - 2025,16-Jul 12am,10530.07,,,,
Madhya Pradesh - 2025,16-Jul 1am,10421.07,,,,
Madhya Pradesh - 2025,16-Jul 2am,10123.31,,,,
Madhya Pradesh - 2025,16-Jul 3am,10017.6,,,,
Madhya Pradesh - 2025,16-Jul 4am,9991.53,,,,
Madhya Pradesh - 2025,16-Jul 5am,9985.2,,,,
Madhya Pradesh - 2025,16-Jul 6am,11027.43,,,,
Madhya Pradesh - 2025,16-Jul 7am,11634.54,,,,
Madhya Pradesh - 2025,16-Jul 8am,11450.63,,,,
Madhya Pradesh - 2025,16-Jul 9am,11386.14,,,,
Madhya Pradesh - 2025,16-Jul 10am,10982.98,,,,
Madhya Pradesh - 2025,16-Jul 11am,10523.46,,,,
Madhya Pradesh - 2025,16-Jul 12pm,9929.95,,,,
Madhya Pradesh - 2025,16-Jul 1pm,9759.94,,,,
Madhya Pradesh - 2025,16-Jul 2pm,9739.76,,,,
Madhya Pradesh - 2025,16-Jul 3pm,9837.57,,,,
Madhya Pradesh - 2025,16-Jul 4pm,10018.04,,,,
Madhya Pradesh - 2025,16-Jul 5pm,10222.97,,,,
Madhya Pradesh - 2025,16-Jul 6pm,9798.43,,,,
Madhya Pradesh - 2025,16-Jul 7pm,10825.89,,,,
Madhya Pradesh - 2025,16-Jul 8pm,11090.36,,,,
Madhya Pradesh - 2025,16-Jul 9pm,10525.07,,,,
Madhya Pradesh - 2025,16-Jul 10pm,10436.98,,,,
Madhya Pradesh - 2025,16-Jul 11pm,10417.1,,,,
Madhya Pradesh - 2025,17-Jul 12am,10308.92,,,,
Madhya Pradesh - 2025,17-Jul 1am,10176.13,,,,
Madhya Pradesh - 2025,17-Jul 2am,9906.88,,,,
Madhya Pradesh - 2025,17-Jul 3am,9765.12,,,,
Madhya Pradesh - 2025,17-Jul 4am,9763.61,,,,
Madhya Pradesh - 2025,17-Jul 5am,9581.03,,,,
Madhya Pradesh - 2025,17-Jul 6am,10451.26,,,,
Madhya Pradesh - 2025,17-Jul 7am,11234.35,,,,
Madhya Pradesh - 2025,17-Jul 8am,10942.63,,,,
Madhya Pradesh - 2025,17-Jul 9am,10802.05,,,,
Madhya Pradesh - 2025,17-Jul 10am,10453.55,,,,
Madhya Pradesh - 2025,17-Jul 11am,9840.08,,,,
Madhya Pradesh - 2025,17-Jul 12pm,9332.27,,,,
Madhya Pradesh - 2025,17-Jul 1pm,9122.03,,,,
Madhya Pradesh - 2025,17-Jul 2pm,8948.66,,,,
Madhya Pradesh - 2025,17-Jul 3pm,9129.79,,,,
Madhya Pradesh - 2025,17-Jul 4pm,9247.04,,,,
Madhya Pradesh - 2025,17-Jul 5pm,9423.55,,,,
Madhya Pradesh - 2025,17-Jul 6pm,9800.82,,,,
Madhya Pradesh - 2025,17-Jul 7pm,10065.38,,,,
Madhya Pradesh - 2025,17-Jul 8pm,10326.37,,,,
Madhya Pradesh - 2025,17-Jul 9pm,9789.16,,,,
Madhya Pradesh - 2025,17-Jul 10pm,9632.17,,,,
Madhya Pradesh - 2025,17-Jul 11pm,9799.57,,,,
Madhya Pradesh - 2025,18-Jul 12am,9666.1,,,,
Madhya Pradesh - 2025,18-Jul 1am,9415.24,,,,
Madhya Pradesh - 2025,18-Jul 2am,9190.41,,,,
Madhya Pradesh - 2025,18-Jul 3am,8980.99,,,,
Madhya Pradesh - 2025,18-Jul 4am,8761.33,,,,
Madhya Pradesh - 2025,18-Jul 5am,8771.16,,,,
Madhya Pradesh - 2025,18-Jul 6am,9579.91,,,,
Madhya Pradesh - 2025,18-Jul 7am,10266.56,,,,
Madhya Pradesh - 2025,18-Jul 8am,10177.43,,,,
Madhya Pradesh - 2025,18-Jul 9am,10100.36,,,,
Madhya Pradesh - 2025,18-Jul 10am,9924.94,,,,
Madhya Pradesh - 2025,18-Jul 11am,9394.25,,,,
Madhya Pradesh - 2025,18-Jul 12pm,8989.7,,,,
Madhya Pradesh - 2025,18-Jul 1pm,8797.46,,,,
Madhya Pradesh - 2025,18-Jul 2pm,8547.48,,,,
Madhya Pradesh - 2025,18-Jul 3pm,8643.49,,,,
Madhya Pradesh - 2025,18-Jul 4pm,8915.86,,,,
Madhya Pradesh - 2025,18-Jul 5pm,9439.82,,,,
Madhya Pradesh - 2025,18-Jul 6pm,9674.7,,,,
Madhya Pradesh - 2025,18-Jul 7pm,10072.03,,,,
Madhya Pradesh - 2025,18-Jul 8pm,10473.05,,,,
Madhya Pradesh - 2025,18-Jul 9pm,9943.82,,,,
Madhya Pradesh - 2025,18-Jul 10pm,9900.57,,,,
Madhya Pradesh - 2025,18-Jul 11pm,9923.29,,,,
Madhya Pradesh - 2025,19-Jul 12am,9892.65,,,,
Madhya Pradesh - 2025,19-Jul 1am,9675.92,,,,
Madhya Pradesh - 2025,19-Jul 2am,9501.39,,,,
Madhya Pradesh - 2025,19-Jul 3am,9479.91,,,,
Madhya Pradesh - 2025,19-Jul 4am,9376.95,,,,
Madhya Pradesh - 2025,19-Jul 5am,9503.16,,,,
Madhya Pradesh - 2025,19-Jul 6am,10447.79,,,,
Madhya Pradesh - 2025,19-Jul 7am,11235.12,,,,
Madhya Pradesh - 2025,19-Jul 8am,10807.12,,,,
Madhya Pradesh - 2025,19-Jul 9am,10852.99,,,,
Madhya Pradesh - 2025,19-Jul 10am,10524.98,,,,
Madhya Pradesh - 2025,19-Jul 11am,10179.55,,,,
Madhya Pradesh - 2025,19-Jul 12pm,9693.05,,,,
Madhya Pradesh - 2025,19-Jul 1pm,9777.49,,,,
Madhya Pradesh - 2025,19-Jul 2pm,9891.97,,,,
Madhya Pradesh - 2025,19-Jul 3pm,10121.57,,,,
Madhya Pradesh - 2025,19-Jul 4pm,10525.34,,,,
Madhya Pradesh - 2025,19-Jul 5pm,10678.57,,,,
Madhya Pradesh - 2025,19-Jul 6pm,10411.84,,,,
Madhya Pradesh - 2025,19-Jul 7pm,10831.06,,,,
Madhya Pradesh - 2025,19-Jul 8pm,11706.55,,,,
Madhya Pradesh - 2025,19-Jul 9pm,11061.89,,,,
Madhya Pradesh - 2025,19-Jul 10pm,10859.66,,,,
Madhya Pradesh - 2025,19-Jul 11pm,11011.27,,,,
Madhya Pradesh - 2025,20-Jul 12am,10904.84,,,,
Madhya Pradesh - 2025,20-Jul 1am,10664.49,,,,
Madhya Pradesh - 2025,20-Jul 2am,10439.93,,,,
Madhya Pradesh - 2025,20-Jul 3am,10439.55,,,,
Madhya Pradesh - 2025,20-Jul 4am,10351.21,,,,
Madhya Pradesh - 2025,20-Jul 5am,10281.78,,,,
Madhya Pradesh - 2025,20-Jul 6am,11114.9,,,,
Madhya Pradesh - 2025,20-Jul 7am,11795.78,,,,
Madhya Pradesh - 2025,20-Jul 8am,11616.56,,,,
Madhya Pradesh - 2025,20-Jul 9am,11444.58,,,,
Madhya Pradesh - 2025,20-Jul 10am,11342.2,,,,
Madhya Pradesh - 2025,20-Jul 11am,10885.72,,,,
Madhya Pradesh - 2025,20-Jul 12pm,10370.39,,,,
Madhya Pradesh - 2025,20-Jul 1pm,10422.33,,,,
Madhya Pradesh - 2025,20-Jul 2pm,10540.07,,,,
Madhya Pradesh - 2025,20-Jul 3pm,10742.23,,,,
Madhya Pradesh - 2025,20-Jul 4pm,10904.1,,,,
Madhya Pradesh - 2025,20-Jul 5pm,10829.76,,,,
Madhya Pradesh - 2025,20-Jul 6pm,10642.52,,,,
Madhya Pradesh - 2025,20-Jul 7pm,10805.75,,,,
Madhya Pradesh - 2025,20-Jul 8pm,11446.17,,,,
Madhya Pradesh - 2025,20-Jul 9pm,11039.88,,,,
Madhya Pradesh - 2025,20-Jul 10pm,11005.29,,,,
Madhya Pradesh - 2025,20-Jul 11pm,11190.76,,,,
Madhya Pradesh - 2025,21-Jul 12am,11033.66,,,,
Madhya Pradesh - 2025,21-Jul 1am,10951.13,,,,
Madhya Pradesh - 2025,21-Jul 2am,10757.43,,,,
Madhya Pradesh - 2025,21-Jul 3am,10685.66,,,,
Madhya Pradesh - 2025,21-Jul 4am,10630.15,,,,
Madhya Pradesh - 2025,21-Jul 5am,10708.78,,,,
Madhya Pradesh - 2025,21-Jul 6am,11484.14,,,,
Madhya Pradesh - 2025,21-Jul 7am,12167.29,,,,
Madhya Pradesh - 2025,21-Jul 8am,11555.71,,,,
Madhya Pradesh - 2025,21-Jul 9am,12047.52,,,,
Madhya Pradesh - 2025,21-Jul 10am,11957.7,,,,
Madhya Pradesh - 2025,21-Jul 11am,11817.66,,,,
Madhya Pradesh - 2025,21-Jul 12pm,11329.17,,,,
Madhya Pradesh - 2025,21-Jul 1pm,11266.99,,,,
Madhya Pradesh - 2025,21-Jul 2pm,11196.34,,,,
Madhya Pradesh - 2025,21-Jul 3pm,11603.02,,,,
Madhya Pradesh - 2025,21-Jul 4pm,11593.91,,,,
Madhya Pradesh - 2025,21-Jul 5pm,11735.09,,,,
Madhya Pradesh - 2025,21-Jul 6pm,11273.87,,,,
Madhya Pradesh - 2025,21-Jul 7pm,11450.53,,,,
Madhya Pradesh - 2025,21-Jul 8pm,11951.35,,,,
Madhya Pradesh - 2025,21-Jul 9pm,11685.06,,,,
Madhya Pradesh - 2025,21-Jul 10pm,11514.8,,,,
Madhya Pradesh - 2025,21-Jul 11pm,11802.96,,,,
Madhya Pradesh - 2025,22-Jul 12am,11794.77,,,,
Madhya Pradesh - 2025,22-Jul 1am,11547.93,,,,
Madhya Pradesh - 2025,22-Jul 2am,11270.58,,,,
Madhya Pradesh - 2025,22-Jul 3am,11242.54,,,,
Madhya Pradesh - 2025,22-Jul 4am,11215.87,,,,
Madhya Pradesh - 2025,22-Jul 5am,11227.25,,,,
Madhya Pradesh - 2025,22-Jul 6am,12027.43,,,,
Madhya Pradesh - 2025,22-Jul 7am,12791.84,,,,
Madhya Pradesh - 2025,22-Jul 8am,12322.66,,,,
Madhya Pradesh - 2025,22-Jul 9am,12637.7,,,,
Madhya Pradesh - 2025,22-Jul 10am,12485.12,,,,
Madhya Pradesh - 2025,22-Jul 11am,12093.98,,,,
Madhya Pradesh - 2025,22-Jul 12pm,11619.97,,,,
Madhya Pradesh - 2025,22-Jul 1pm,11426.52,,,,
Madhya Pradesh - 2025,22-Jul 2pm,11478.77,,,,
Madhya Pradesh - 2025,22-Jul 3pm,11461.41,,,,
Madhya Pradesh - 2025,22-Jul 4pm,11204.7,,,,
Madhya Pradesh - 2025,22-Jul 5pm,11224.02,,,,
Madhya Pradesh - 2025,22-Jul 6pm,10995.84,,,,
Madhya Pradesh - 2025,22-Jul 7pm,11338.34,,,,
Madhya Pradesh - 2025,22-Jul 8pm,11523.4,,,,
Madhya Pradesh - 2025,22-Jul 9pm,11309.47,,,,
Madhya Pradesh - 2025,22-Jul 10pm,11356.91,,,,
Madhya Pradesh - 2025,22-Jul 11pm,11524.33,,,,
Madhya Pradesh - 2025,23-Jul 12am,11504.89,,,,
Madhya Pradesh - 2025,23-Jul 1am,11113.72,,,,
Madhya Pradesh - 2025,23-Jul 2am,10772.22,,,,
Madhya Pradesh - 2025,23-Jul 3am,10843.34,,,,
Madhya Pradesh - 2025,23-Jul 4am,10878.37,,,,
Madhya Pradesh - 2025,23-Jul 5am,10891.98,,,,
Madhya Pradesh - 2025,23-Jul 6am,11803.25,,,,
Madhya Pradesh - 2025,23-Jul 7am,12489.13,,,,
Madhya Pradesh - 2025,23-Jul 8am,12278.31,,,,
Madhya Pradesh - 2025,23-Jul 9am,12707.74,,,,
Madhya Pradesh - 2025,23-Jul 10am,12009.04,,,,
Madhya Pradesh - 2025,23-Jul 11am,11229.37,,,,
Madhya Pradesh - 2025,23-Jul 12pm,10485,,,,
Madhya Pradesh - 2025,23-Jul 1pm,10074.41,,,,
Madhya Pradesh - 2025,23-Jul 2pm,9698.65,,,,
Madhya Pradesh - 2025,23-Jul 3pm,9946.43,,,,
Madhya Pradesh - 2025,23-Jul 4pm,10328.15,,,,
Madhya Pradesh - 2025,23-Jul 5pm,10639.33,,,,
Madhya Pradesh - 2025,23-Jul 6pm,10705.14,,,,
Madhya Pradesh - 2025,23-Jul 7pm,10857.44,,,,
Madhya Pradesh - 2025,23-Jul 8pm,10969.18,,,,
Madhya Pradesh - 2025,23-Jul 9pm,10658.3,,,,
Madhya Pradesh - 2025,23-Jul 10pm,10800.34,,,,
Madhya Pradesh - 2025,23-Jul 11pm,10886.31,,,,
Madhya Pradesh - 2025,24-Jul 12am,10721.13,,,,
Madhya Pradesh - 2025,24-Jul 1am,10493.02,,,,
Madhya Pradesh - 2025,24-Jul 2am,10368.89,,,,
Madhya Pradesh - 2025,24-Jul 3am,10239.58,,,,
Madhya Pradesh - 2025,24-Jul 4am,10226.07,,,,
Madhya Pradesh - 2025,24-Jul 5am,10240.75,,,,
Madhya Pradesh - 2025,24-Jul 6am,10863.3,,,,
Madhya Pradesh - 2025,24-Jul 7am,11901.4,,,,
Madhya Pradesh - 2025,24-Jul 8am,11784.26,,,,
Madhya Pradesh - 2025,24-Jul 9am,11716.01,,,,
Madhya Pradesh - 2025,24-Jul 10am,11357.42,,,,
Madhya Pradesh - 2025,24-Jul 11am,10430.72,,,,
Madhya Pradesh - 2025,24-Jul 12pm,9839.08,,,,
Madhya Pradesh - 2025,24-Jul 1pm,9620.96,,,,
Madhya Pradesh - 2025,24-Jul 2pm,9590.86,,,,
Madhya Pradesh - 2025,24-Jul 3pm,9909.44,,,,
Madhya Pradesh - 2025,24-Jul 4pm,9970.74,,,,
Madhya Pradesh - 2025,24-Jul 5pm,10152.39,,,,
Madhya Pradesh - 2025,24-Jul 6pm,10365.42,,,,
Madhya Pradesh - 2025,24-Jul 7pm,10225.88,,,,
Madhya Pradesh - 2025,24-Jul 8pm,11079.9,,,,
Madhya Pradesh - 2025,24-Jul 9pm,10627.29,,,,
Madhya Pradesh - 2025,24-Jul 10pm,10535.45,,,,
Madhya Pradesh - 2025,24-Jul 11pm,10546.98,,,,
Madhya Pradesh - 2025,25-Jul 12am,10427.42,,,,
Madhya Pradesh - 2025,25-Jul 1am,10233.27,,,,
Madhya Pradesh - 2025,25-Jul 2am,9936.02,,,,
Madhya Pradesh - 2025,25-Jul 3am,9705.7,,,,
Madhya Pradesh - 2025,25-Jul 4am,9550.02,,,,
Madhya Pradesh - 2025,25-Jul 5am,9625.61,,,,
Madhya Pradesh - 2025,25-Jul 6am,10536.1,,,,
Madhya Pradesh - 2025,25-Jul 7am,11335.76,,,,
Madhya Pradesh - 2025,25-Jul 8am,11079.24,,,,
Madhya Pradesh - 2025,25-Jul 9am,10868.18,,,,
Madhya Pradesh - 2025,25-Jul 10am,10583.93,,,,
Madhya Pradesh - 2025,25-Jul 11am,10288.03,,,,
Madhya Pradesh - 2025,25-Jul 12pm,9886.8,,,,
Madhya Pradesh - 2025,25-Jul 1pm,9957.26,,,,
Madhya Pradesh - 2025,25-Jul 2pm,9704.19,,,,
Madhya Pradesh - 2025,25-Jul 3pm,9749.1,,,,
Madhya Pradesh - 2025,25-Jul 4pm,9735.03,,,,
Madhya Pradesh - 2025,25-Jul 5pm,10043.1,,,,
Madhya Pradesh - 2025,25-Jul 6pm,10403.12,,,,
Madhya Pradesh - 2025,25-Jul 7pm,10774.57,,,,
Madhya Pradesh - 2025,25-Jul 8pm,10728.67,,,,
Madhya Pradesh - 2025,25-Jul 9pm,10022.04,,,,
Madhya Pradesh - 2025,25-Jul 10pm,9571.14,,,,
Madhya Pradesh - 2025,25-Jul 11pm,9694.16,,,,
Madhya Pradesh - 2025,26-Jul 12am,9630.48,,,,
Madhya Pradesh - 2025,26-Jul 1am,9448.72,,,,
Madhya Pradesh - 2025,26-Jul 2am,8950.49,,,,
Madhya Pradesh - 2025,26-Jul 3am,8774.51,,,,
Madhya Pradesh - 2025,26-Jul 4am,8735.59,,,,
Madhya Pradesh - 2025,26-Jul 5am,8736.38,,,,
Madhya Pradesh - 2025,26-Jul 6am,9360.17,,,,
Madhya Pradesh - 2025,26-Jul 7am,10049.12,,,,
Madhya Pradesh - 2025,26-Jul 8am,9867.48,,,,
Madhya Pradesh - 2025,26-Jul 9am,10061.25,,,,
Madhya Pradesh - 2025,26-Jul 10am,9948.17,,,,
Madhya Pradesh - 2025,26-Jul 11am,9508.59,,,,
Madhya Pradesh - 2025,26-Jul 12pm,8881.5,,,,
Madhya Pradesh - 2025,26-Jul 1pm,8679.03,,,,
Madhya Pradesh - 2025,26-Jul 2pm,8508.96,,,,
Madhya Pradesh - 2025,26-Jul 3pm,8649.76,,,,
Madhya Pradesh - 2025,26-Jul 4pm,8713.92,,,,
Madhya Pradesh - 2025,26-Jul 5pm,9029.68,,,,
Madhya Pradesh - 2025,26-Jul 6pm,9283.12,,,,
Madhya Pradesh - 2025,26-Jul 7pm,9870.75,,,,
Madhya Pradesh - 2025,26-Jul 8pm,10049.84,,,,
Madhya Pradesh - 2025,26-Jul 9pm,9346.52,,,,
Madhya Pradesh - 2025,26-Jul 10pm,9121.69,,,,
Madhya Pradesh - 2025,26-Jul 11pm,9068.54,,,,
Madhya Pradesh - 2025,27-Jul 12am,8930.08,,,,
Madhya Pradesh - 2025,27-Jul 1am,8848.68,,,,
Madhya Pradesh - 2025,27-Jul 2am,8740.07,,,,
Madhya Pradesh - 2025,27-Jul 3am,8607.56,,,,
Madhya Pradesh - 2025,27-Jul 4am,8543.03,,,,
Madhya Pradesh - 2025,27-Jul 5am,8611.02,,,,
Madhya Pradesh - 2025,27-Jul 6am,9138.02,,,,
Madhya Pradesh - 2025,27-Jul 7am,9873.34,,,,
Madhya Pradesh - 2025,27-Jul 8am,9787.18,,,,
Madhya Pradesh - 2025,27-Jul 9am,9862.29,,,,
Madhya Pradesh - 2025,27-Jul 10am,9367.15,,,,
Madhya Pradesh - 2025,27-Jul 11am,9022.22,,,,
Madhya Pradesh - 2025,27-Jul 12pm,8494.59,,,,
Madhya Pradesh - 2025,27-Jul 1pm,8167.77,,,,
Madhya Pradesh - 2025,27-Jul 2pm,7978.75,,,,
Madhya Pradesh - 2025,27-Jul 3pm,8105.87,,,,
Madhya Pradesh - 2025,27-Jul 4pm,8363.28,,,,
Madhya Pradesh - 2025,27-Jul 5pm,8608.09,,,,
Madhya Pradesh - 2025,27-Jul 6pm,8962.83,,,,
Madhya Pradesh - 2025,27-Jul 7pm,9515.97,,,,
Madhya Pradesh - 2025,27-Jul 8pm,9713.49,,,,
Madhya Pradesh - 2025,27-Jul 9pm,9307.6,,,,
Madhya Pradesh - 2025,27-Jul 10pm,9123.06,,,,
Madhya Pradesh - 2025,27-Jul 11pm,9170.39,,,,
Madhya Pradesh - 2025,28-Jul 12am,8992.22,,,,
Madhya Pradesh - 2025,28-Jul 1am,8865.47,,,,
Madhya Pradesh - 2025,28-Jul 2am,8720.51,,,,
Madhya Pradesh - 2025,28-Jul 3am,8661.26,,,,
Madhya Pradesh - 2025,28-Jul 4am,8490.78,,,,
Madhya Pradesh - 2025,28-Jul 5am,8601.77,,,,
Madhya Pradesh - 2025,28-Jul 6am,9418.71,,,,
Madhya Pradesh - 2025,28-Jul 7am,10225,,,,
Madhya Pradesh - 2025,28-Jul 8am,10209.37,,,,
Madhya Pradesh - 2025,28-Jul 9am,10192.6,,,,
Madhya Pradesh - 2025,28-Jul 10am,9922.97,,,,
Madhya Pradesh - 2025,28-Jul 11am,9587.4,,,,
Madhya Pradesh - 2025,28-Jul 12pm,9016.91,,,,
Madhya Pradesh - 2025,28-Jul 1pm,8750.46,,,,
Madhya Pradesh - 2025,28-Jul 2pm,8598.68,,,,
Madhya Pradesh - 2025,28-Jul 3pm,8743.16,,,,
Madhya Pradesh - 2025,28-Jul 4pm,9086,,,,
Madhya Pradesh - 2025,28-Jul 5pm,9571.32,,,,
Madhya Pradesh - 2025,28-Jul 6pm,9764.63,,,,
Madhya Pradesh - 2025,28-Jul 7pm,10072.99,,,,
Madhya Pradesh - 2025,28-Jul 8pm,10148.19,,,,
Madhya Pradesh - 2025,28-Jul 9pm,9670.38,,,,
Madhya Pradesh - 2025,28-Jul 10pm,9568.83,,,,
Madhya Pradesh - 2025,28-Jul 11pm,9388.63,,,,
Madhya Pradesh - 2025,29-Jul 12am,9294.19,,,,
Madhya Pradesh - 2025,29-Jul 1am,9127.94,,,,
Madhya Pradesh - 2025,29-Jul 2am,8854.44,,,,
Madhya Pradesh - 2025,29-Jul 3am,8741.91,,,,
Madhya Pradesh - 2025,29-Jul 4am,8671.04,,,,
Madhya Pradesh - 2025,29-Jul 5am,8703.13,,,,
Madhya Pradesh - 2025,29-Jul 6am,9359.48,,,,
Madhya Pradesh - 2025,29-Jul 7am,10299.58,,,,
Madhya Pradesh - 2025,29-Jul 8am,10330.56,,,,
Madhya Pradesh - 2025,29-Jul 9am,10144.53,,,,
Madhya Pradesh - 2025,29-Jul 10am,9683.51,,,,
Madhya Pradesh - 2025,29-Jul 11am,9303.1,,,,
Madhya Pradesh - 2025,29-Jul 12pm,8644.93,,,,
Madhya Pradesh - 2025,29-Jul 1pm,8347.53,,,,
Madhya Pradesh - 2025,29-Jul 2pm,7964.1,,,,
Madhya Pradesh - 2025,29-Jul 3pm,8014.22,,,,
Madhya Pradesh - 2025,29-Jul 4pm,7971.37,,,,
Madhya Pradesh - 2025,29-Jul 5pm,8519.44,,,,
Madhya Pradesh - 2025,29-Jul 6pm,8685.97,,,,
Madhya Pradesh - 2025,29-Jul 7pm,9300.82,,,,
Madhya Pradesh - 2025,29-Jul 8pm,9242.69,,,,
Madhya Pradesh - 2025,29-Jul 9pm,8964.88,,,,
Madhya Pradesh - 2025,29-Jul 10pm,8892.16,,,,
Madhya Pradesh - 2025,29-Jul 11pm,8807.35,,,,
Madhya Pradesh - 2025,30-Jul 12am,8680.35,,,,
Madhya Pradesh - 2025,30-Jul 1am,8524.79,,,,
Madhya Pradesh - 2025,30-Jul 2am,8471.46,,,,
Madhya Pradesh - 2025,30-Jul 3am,8279.59,,,,
Madhya Pradesh - 2025,30-Jul 4am,8276.9,,,,
Madhya Pradesh - 2025,30-Jul 5am,8354.23,,,,
Madhya Pradesh - 2025,30-Jul 6am,9077.91,,,,
Madhya Pradesh - 2025,30-Jul 7am,9872.24,,,,
Madhya Pradesh - 2025,30-Jul 8am,9811.66,,,,
Madhya Pradesh - 2025,30-Jul 9am,9908.08,,,,
Madhya Pradesh - 2025,30-Jul 10am,9485.01,,,,
Madhya Pradesh - 2025,30-Jul 11am,9137.2,,,,
Madhya Pradesh - 2025,30-Jul 12pm,8649.25,,,,
Madhya Pradesh - 2025,30-Jul 1pm,8451.99,,,,
Madhya Pradesh - 2025,30-Jul 2pm,8159.89,,,,
Madhya Pradesh - 2025,30-Jul 3pm,8269.15,,,,
Madhya Pradesh - 2025,30-Jul 4pm,8387,,,,
Madhya Pradesh - 2025,30-Jul 5pm,8868.56,,,,
Madhya Pradesh - 2025,30-Jul 6pm,9355.17,,,,
Madhya Pradesh - 2025,30-Jul 7pm,10078.62,,,,
Madhya Pradesh - 2025,30-Jul 8pm,10186.43,,,,
Madhya Pradesh - 2025,30-Jul 9pm,9534.57,,,,
Madhya Pradesh - 2025,30-Jul 10pm,9372.06,,,,
Madhya Pradesh - 2025,30-Jul 11pm,9258.53,,,,
Madhya Pradesh - 2025,31-Jul 12am,9071.79,,,,
Madhya Pradesh - 2025,31-Jul 1am,8921.33,,,,
Madhya Pradesh - 2025,31-Jul 2am,8803.29,,,,
Madhya Pradesh - 2025,31-Jul 3am,8687.15,,,,
Madhya Pradesh - 2025,31-Jul 4am,8602.96,,,,
Madhya Pradesh - 2025,31-Jul 5am,8692.86,,,,
Madhya Pradesh - 2025,31-Jul 6am,9441.36,,,,
Madhya Pradesh - 2025,31-Jul 7am,10302.6,,,,
Madhya Pradesh - 2025,31-Jul 8am,10285.04,,,,
Madhya Pradesh - 2025,31-Jul 9am,10163.83,,,,
Madhya Pradesh - 2025,31-Jul 10am,9633.37,,,,
Madhya Pradesh - 2025,31-Jul 11am,9106.85,,,,
Madhya Pradesh - 2025,31-Jul 12pm,8590.57,,,,
Madhya Pradesh - 2025,31-Jul 1pm,8362.48,,,,
Madhya Pradesh - 2025,31-Jul 2pm,8199.62,,,,
Madhya Pradesh - 2025,31-Jul 3pm,8453.45,,,,
Madhya Pradesh - 2025,31-Jul 4pm,8583.04,,,,
Madhya Pradesh - 2025,31-Jul 5pm,8554.22,,,,
Madhya Pradesh - 2025,31-Jul 6pm,9439.2,,,,
Madhya Pradesh - 2025,31-Jul 7pm,10134.95,,,,
Madhya Pradesh - 2025,31-Jul 8pm,10408.17,,,,
Madhya Pradesh - 2025,31-Jul 9pm,9717.54,,,,
Madhya Pradesh - 2025,31-Jul 10pm,9432.42,,,,
Madhya Pradesh - 2025,31-Jul 11pm,9255.6,,,,
Madhya Pradesh - 2025,01-Aug 12am,9328.85,,,,
Madhya Pradesh - 2025,01-Aug 1am,9118.68,,,,
Madhya Pradesh - 2025,01-Aug 2am,8964.82,,,,
Madhya Pradesh - 2025,01-Aug 3am,8881.78,,,,
Madhya Pradesh - 2025,01-Aug 4am,8815.98,,,,
Madhya Pradesh - 2025,01-Aug 5am,8879.31,,,,
Madhya Pradesh - 2025,01-Aug 6am,9929.49,,,,
Madhya Pradesh - 2025,01-Aug 7am,10824.26,,,,
Madhya Pradesh - 2025,01-Aug 8am,10672.89,,,,
Madhya Pradesh - 2025,01-Aug 9am,10612.45,,,,
Madhya Pradesh - 2025,01-Aug 10am,10100.31,,,,
Madhya Pradesh - 2025,01-Aug 11am,9613.79,,,,
Madhya Pradesh - 2025,01-Aug 12pm,9086.77,,,,
Madhya Pradesh - 2025,01-Aug 1pm,8849.71,,,,
Madhya Pradesh - 2025,01-Aug 2pm,8715.27,,,,
Madhya Pradesh - 2025,01-Aug 3pm,8844.85,,,,
Madhya Pradesh - 2025,01-Aug 4pm,9152.75,,,,
Madhya Pradesh - 2025,01-Aug 5pm,9488.45,,,,
Madhya Pradesh - 2025,01-Aug 6pm,9789.88,,,,
Madhya Pradesh - 2025,01-Aug 7pm,10542.38,,,,
Madhya Pradesh - 2025,01-Aug 8pm,10994.83,,,,
Madhya Pradesh - 2025,01-Aug 9pm,10247.73,,,,
Madhya Pradesh - 2025,01-Aug 10pm,9971.19,,,,
Madhya Pradesh - 2025,01-Aug 11pm,9974.99,,,,
Madhya Pradesh - 2025,02-Aug 12am,9760.46,,,,
Madhya Pradesh - 2025,02-Aug 1am,9546.38,,,,
Madhya Pradesh - 2025,02-Aug 2am,9296.2,,,,
Madhya Pradesh - 2025,02-Aug 3am,9254.48,,,,
Madhya Pradesh - 2025,02-Aug 4am,9141.69,,,,
Madhya Pradesh - 2025,02-Aug 5am,9165.16,,,,
Madhya Pradesh - 2025,02-Aug 6am,10055.44,,,,
Madhya Pradesh - 2025,02-Aug 7am,10911.46,,,,
Madhya Pradesh - 2025,02-Aug 8am,10851.17,,,,
Madhya Pradesh - 2025,02-Aug 9am,10618.7,,,,
Madhya Pradesh - 2025,02-Aug 10am,10218.73,,,,
Madhya Pradesh - 2025,02-Aug 11am,9679.78,,,,
Madhya Pradesh - 2025,02-Aug 12pm,9276.53,,,,
Madhya Pradesh - 2025,02-Aug 1pm,9134.84,,,,
Madhya Pradesh - 2025,02-Aug 2pm,8957.48,,,,
Madhya Pradesh - 2025,02-Aug 3pm,9292.83,,,,
Madhya Pradesh - 2025,02-Aug 4pm,9369.55,,,,
Madhya Pradesh - 2025,02-Aug 5pm,9866.32,,,,
Madhya Pradesh - 2025,02-Aug 6pm,9943.17,,,,
Madhya Pradesh - 2025,02-Aug 7pm,10710.19,,,,
Madhya Pradesh - 2025,02-Aug 8pm,10962.3,,,,
Madhya Pradesh - 2025,02-Aug 9pm,10318.32,,,,
Madhya Pradesh - 2025,02-Aug 10pm,10098.22,,,,
Madhya Pradesh - 2025,02-Aug 11pm,9993.78,,,,
Madhya Pradesh - 2025,03-Aug 12am,9836.12,,,,
Madhya Pradesh - 2025,03-Aug 1am,9808.53,,,,
Madhya Pradesh - 2025,03-Aug 2am,9591.84,,,,
Madhya Pradesh - 2025,03-Aug 3am,9549.37,,,,
Madhya Pradesh - 2025,03-Aug 4am,9350.79,,,,
Madhya Pradesh - 2025,03-Aug 5am,9389.57,,,,
Madhya Pradesh - 2025,03-Aug 6am,10076.19,,,,
Madhya Pradesh - 2025,03-Aug 7am,10870.14,,,,
Madhya Pradesh - 2025,03-Aug 8am,10927.78,,,,
Madhya Pradesh - 2025,03-Aug 9am,10718.67,,,,
Madhya Pradesh - 2025,03-Aug 10am,10385.58,,,,
Madhya Pradesh - 2025,03-Aug 11am,9937.13,,,,
Madhya Pradesh - 2025,03-Aug 12pm,9408.24,,,,
Madhya Pradesh - 2025,03-Aug 1pm,9267.05,,,,
Madhya Pradesh - 2025,03-Aug 2pm,9132.75,,,,
Madhya Pradesh - 2025,03-Aug 3pm,9326.11,,,,
Madhya Pradesh - 2025,03-Aug 4pm,9581.83,,,,
Madhya Pradesh - 2025,03-Aug 5pm,9814.71,,,,
Madhya Pradesh - 2025,03-Aug 6pm,9851.05,,,,
Madhya Pradesh - 2025,03-Aug 7pm,10305.65,,,,
Madhya Pradesh - 2025,03-Aug 8pm,10493.45,,,,
Madhya Pradesh - 2025,03-Aug 9pm,10022.45,,,,
Madhya Pradesh - 2025,03-Aug 10pm,9867.51,,,,
Madhya Pradesh - 2025,03-Aug 11pm,10028.73,,,,
Madhya Pradesh - 2025,04-Aug 12am,9865.36,,,,
Madhya Pradesh - 2025,04-Aug 1am,9724.13,,,,
Madhya Pradesh - 2025,04-Aug 2am,9523.91,,,,
Madhya Pradesh - 2025,04-Aug 3am,9436.47,,,,
Madhya Pradesh - 2025,04-Aug 4am,9497.75,,,,
Madhya Pradesh - 2025,04-Aug 5am,9511.53,,,,
Madhya Pradesh - 2025,04-Aug 6am,10315.46,,,,
Madhya Pradesh - 2025,04-Aug 7am,11315.58,,,,
Madhya Pradesh - 2025,04-Aug 8am,11137.02,,,,
Madhya Pradesh - 2025,04-Aug 9am,11037.15,,,,
Madhya Pradesh - 2025,04-Aug 10am,10927.71,,,,
Madhya Pradesh - 2025,04-Aug 11am,10463.86,,,,
Madhya Pradesh - 2025,04-Aug 12pm,9970.28,,,,
Madhya Pradesh - 2025,04-Aug 1pm,9828.3,,,,
Madhya Pradesh - 2025,04-Aug 2pm,9986.25,,,,
Madhya Pradesh - 2025,04-Aug 3pm,9990.26,,,,
Madhya Pradesh - 2025,04-Aug 4pm,10008.7,,,,
Madhya Pradesh - 2025,04-Aug 5pm,10477.24,,,,
Madhya Pradesh - 2025,04-Aug 6pm,10517.81,,,,
Madhya Pradesh - 2025,04-Aug 7pm,10907.74,,,,
Madhya Pradesh - 2025,04-Aug 8pm,10962.21,,,,
Madhya Pradesh - 2025,04-Aug 9pm,10484.91,,,,
Madhya Pradesh - 2025,04-Aug 10pm,10458.51,,,,
Madhya Pradesh - 2025,04-Aug 11pm,10557.86,,,,
Madhya Pradesh - 2025,05-Aug 12am,10514.8,,,,
Madhya Pradesh - 2025,05-Aug 1am,10368.62,,,,
Madhya Pradesh - 2025,05-Aug 2am,10071.8,,,,
Madhya Pradesh - 2025,05-Aug 3am,10023.58,,,,
Madhya Pradesh - 2025,05-Aug 4am,10002.67,,,,
Madhya Pradesh - 2025,05-Aug 5am,10044.31,,,,
Madhya Pradesh - 2025,05-Aug 6am,10949.08,,,,
Madhya Pradesh - 2025,05-Aug 7am,11864.42,,,,
Madhya Pradesh - 2025,05-Aug 8am,11621.09,,,,
Madhya Pradesh - 2025,05-Aug 9am,11603.68,,,,
Madhya Pradesh - 2025,05-Aug 10am,11428.59,,,,
Madhya Pradesh - 2025,05-Aug 11am,11021,,,,
Madhya Pradesh - 2025,05-Aug 12pm,10401.24,,,,
Madhya Pradesh - 2025,05-Aug 1pm,10360.7,,,,
Madhya Pradesh - 2025,05-Aug 2pm,10394.67,,,,
Madhya Pradesh - 2025,05-Aug 3pm,10647.85,,,,
Madhya Pradesh - 2025,05-Aug 4pm,10918.75,,,,
Madhya Pradesh - 2025,05-Aug 5pm,11133.45,,,,
Madhya Pradesh - 2025,05-Aug 6pm,10943.29,,,,
Madhya Pradesh - 2025,05-Aug 7pm,11319.48,,,,
Madhya Pradesh - 2025,05-Aug 8pm,11414.02,,,,
Madhya Pradesh - 2025,05-Aug 9pm,10786.25,,,,
Madhya Pradesh - 2025,05-Aug 10pm,11059.54,,,,
Madhya Pradesh - 2025,05-Aug 11pm,11195.14,,,,
Madhya Pradesh - 2025,06-Aug 12am,11182.51,,,,
Madhya Pradesh - 2025,06-Aug 1am,10983.89,,,,
Madhya Pradesh - 2025,06-Aug 2am,10634.1,,,,
Madhya Pradesh - 2025,06-Aug 3am,10742.56,,,,
Madhya Pradesh - 2025,06-Aug 4am,10575.61,,,,
Madhya Pradesh - 2025,06-Aug 5am,10577.78,,,,
Madhya Pradesh - 2025,06-Aug 6am,11061.04,,,,
Madhya Pradesh - 2025,06-Aug 7am,12294.53,,,,
Madhya Pradesh - 2025,06-Aug 8am,12039.96,,,,
Madhya Pradesh - 2025,06-Aug 9am,12317.23,,,,
Madhya Pradesh - 2025,06-Aug 10am,12210.09,,,,
Madhya Pradesh - 2025,06-Aug 11am,11641.13,,,,
Madhya Pradesh - 2025,06-Aug 12pm,11158.86,,,,
Madhya Pradesh - 2025,06-Aug 1pm,10970.84,,,,
Madhya Pradesh - 2025,06-Aug 2pm,11036.37,,,,
Madhya Pradesh - 2025,06-Aug 3pm,11409.32,,,,
Madhya Pradesh - 2025,06-Aug 4pm,11706.49,,,,
Madhya Pradesh - 2025,06-Aug 5pm,11732.54,,,,
Madhya Pradesh - 2025,06-Aug 6pm,11272.32,,,,
Madhya Pradesh - 2025,06-Aug 7pm,11854.91,,,,
Madhya Pradesh - 2025,06-Aug 8pm,12353.48,,,,
Madhya Pradesh - 2025,06-Aug 9pm,11815.1,,,,
Madhya Pradesh - 2025,06-Aug 10pm,11643.66,,,,
Madhya Pradesh - 2025,06-Aug 11pm,12056.13,,,,
Madhya Pradesh - 2025,07-Aug 12am,11821.86,,,,
Madhya Pradesh - 2025,07-Aug 1am,11650.06,,,,
Madhya Pradesh - 2025,07-Aug 2am,11379.9,,,,
Madhya Pradesh - 2025,07-Aug 3am,11300.16,,,,
Madhya Pradesh - 2025,07-Aug 4am,11205.13,,,,
Madhya Pradesh - 2025,07-Aug 5am,11157.94,,,,
Madhya Pradesh - 2025,07-Aug 6am,11844.14,,,,
Madhya Pradesh - 2025,07-Aug 7am,12659.67,,,,
Madhya Pradesh - 2025,07-Aug 8am,12388.66,,,,
Madhya Pradesh - 2025,07-Aug 9am,12840.23,,,,
Madhya Pradesh - 2025,07-Aug 10am,12674.78,,,,
Madhya Pradesh - 2025,07-Aug 11am,12179.1,,,,
Madhya Pradesh - 2025,07-Aug 12pm,11834.51,,,,
Madhya Pradesh - 2025,07-Aug 1pm,11871.19,,,,
Madhya Pradesh - 2025,07-Aug 2pm,11968.43,,,,
Madhya Pradesh - 2025,07-Aug 3pm,12300.46,,,,
Madhya Pradesh - 2025,07-Aug 4pm,12423.09,,,,
Madhya Pradesh - 2025,07-Aug 5pm,12538.32,,,,
Madhya Pradesh - 2025,07-Aug 6pm,11559.75,,,,
Madhya Pradesh - 2025,07-Aug 7pm,11912.55,,,,
Madhya Pradesh - 2025,07-Aug 8pm,12303.63,,,,
Madhya Pradesh - 2025,07-Aug 9pm,11956.96,,,,
Madhya Pradesh - 2025,07-Aug 10pm,11718.85,,,,
Madhya Pradesh - 2025,07-Aug 11pm,11915.09,,,,
Madhya Pradesh - 2025,08-Aug 12am,11912.47,,,,
Madhya Pradesh - 2025,08-Aug 1am,11773.02,,,,
Madhya Pradesh - 2025,08-Aug 2am,11481.57,,,,
Madhya Pradesh - 2025,08-Aug 3am,11443.13,,,,
Madhya Pradesh - 2025,08-Aug 4am,11267.38,,,,
Madhya Pradesh - 2025,08-Aug 5am,11335.46,,,,
Madhya Pradesh - 2025,08-Aug 6am,11845.69,,,,
Madhya Pradesh - 2025,08-Aug 7am,12477.5,,,,
Madhya Pradesh - 2025,08-Aug 8am,12342.75,,,,
Madhya Pradesh - 2025,08-Aug 9am,12691.38,,,,
Madhya Pradesh - 2025,08-Aug 10am,12577.29,,,,
Madhya Pradesh - 2025,08-Aug 11am,12304.5,,,,
Madhya Pradesh - 2025,08-Aug 12pm,11726.46,,,,
Madhya Pradesh - 2025,08-Aug 1pm,11799.55,,,,
Madhya Pradesh - 2025,08-Aug 2pm,11652.01,,,,
Madhya Pradesh - 2025,08-Aug 3pm,11698.75,,,,
Madhya Pradesh - 2025,08-Aug 4pm,11822.79,,,,
Madhya Pradesh - 2025,08-Aug 5pm,11787.2,,,,
Madhya Pradesh - 2025,08-Aug 6pm,11419.93,,,,
Madhya Pradesh - 2025,08-Aug 7pm,11390.83,,,,
Madhya Pradesh - 2025,08-Aug 8pm,11554.64,,,,
Madhya Pradesh - 2025,08-Aug 9pm,11177.24,,,,
Madhya Pradesh - 2025,08-Aug 10pm,10999.34,,,,
Madhya Pradesh - 2025,08-Aug 11pm,11416.01,,,,
Madhya Pradesh - 2025,09-Aug 12am,11408.66,,,,
Madhya Pradesh - 2025,09-Aug 1am,11148.24,,,,
Madhya Pradesh - 2025,09-Aug 2am,10918.54,,,,
Madhya Pradesh - 2025,09-Aug 3am,10889.88,,,,
Madhya Pradesh - 2025,09-Aug 4am,10712.51,,,,
Madhya Pradesh - 2025,09-Aug 5am,10806.38,,,,
Madhya Pradesh - 2025,09-Aug 6am,11207.65,,,,
Madhya Pradesh - 2025,09-Aug 7am,11757.84,,,,
Madhya Pradesh - 2025,09-Aug 8am,11400.56,,,,
Madhya Pradesh - 2025,09-Aug 9am,12325.52,,,,
Madhya Pradesh - 2025,09-Aug 10am,12178.51,,,,
Madhya Pradesh - 2025,09-Aug 11am,11920.02,,,,
Madhya Pradesh - 2025,09-Aug 12pm,11359.19,,,,
Madhya Pradesh - 2025,09-Aug 1pm,11274.77,,,,
Madhya Pradesh - 2025,09-Aug 2pm,10887.08,,,,
Madhya Pradesh - 2025,09-Aug 3pm,10797.94,,,,
Madhya Pradesh - 2025,09-Aug 4pm,10749.57,,,,
Madhya Pradesh - 2025,09-Aug 5pm,10617.98,,,,
Madhya Pradesh - 2025,09-Aug 6pm,9824.65,,,,
Madhya Pradesh - 2025,09-Aug 7pm,9787.9,,,,
Madhya Pradesh - 2025,09-Aug 8pm,9971.95,,,,
Madhya Pradesh - 2025,09-Aug 9pm,9871.74,,,,
Madhya Pradesh - 2025,09-Aug 10pm,9904.2,,,,
Madhya Pradesh - 2025,09-Aug 11pm,10226.22,,,,
Madhya Pradesh - 2025,10-Aug 12am,10236.13,,,,
Madhya Pradesh - 2025,10-Aug 1am,10302.99,,,,
Madhya Pradesh - 2025,10-Aug 2am,10046.09,,,,
Madhya Pradesh - 2025,10-Aug 3am,10003.65,,,,
Madhya Pradesh - 2025,10-Aug 4am,9927.6,,,,
Madhya Pradesh - 2025,10-Aug 5am,9935.87,,,,
Madhya Pradesh - 2025,10-Aug 6am,10199.61,,,,
Madhya Pradesh - 2025,10-Aug 7am,10995.28,,,,
Madhya Pradesh - 2025,10-Aug 8am,11043.93,,,,
Madhya Pradesh - 2025,10-Aug 9am,11471.68,,,,
Madhya Pradesh - 2025,10-Aug 10am,11496.49,,,,
Madhya Pradesh - 2025,10-Aug 11am,11195.13,,,,
Madhya Pradesh - 2025,10-Aug 12pm,10785.94,,,,
Madhya Pradesh - 2025,10-Aug 1pm,10714.23,,,,
Madhya Pradesh - 2025,10-Aug 2pm,10611.31,,,,
Madhya Pradesh - 2025,10-Aug 3pm,10702.91,,,,
Madhya Pradesh - 2025,10-Aug 4pm,10707.54,,,,
Madhya Pradesh - 2025,10-Aug 5pm,10875.96,,,,
Madhya Pradesh - 2025,10-Aug 6pm,10239.92,,,,
Madhya Pradesh - 2025,10-Aug 7pm,10437.43,,,,
Madhya Pradesh - 2025,10-Aug 8pm,10734.54,,,,
Madhya Pradesh - 2025,10-Aug 9pm,10387.51,,,,
Madhya Pradesh - 2025,10-Aug 10pm,10390.74,,,,
Madhya Pradesh - 2025,10-Aug 11pm,10723.85,,,,
Madhya Pradesh - 2025,11-Aug 12am,10712.45,,,,
Madhya Pradesh - 2025,11-Aug 1am,10676.16,,,,
Madhya Pradesh - 2025,11-Aug 2am,10419.23,,,,
Madhya Pradesh - 2025,11-Aug 3am,10266.34,,,,
Madhya Pradesh - 2025,11-Aug 4am,10259.81,,,,
Madhya Pradesh - 2025,11-Aug 5am,10335.69,,,,
Madhya Pradesh - 2025,11-Aug 6am,10711.98,,,,
Madhya Pradesh - 2025,11-Aug 7am,11565.53,,,,
Madhya Pradesh - 2025,11-Aug 8am,11527.97,,,,
Madhya Pradesh - 2025,11-Aug 9am,11976.06,,,,
Madhya Pradesh - 2025,11-Aug 10am,11961.43,,,,
Madhya Pradesh - 2025,11-Aug 11am,11724.13,,,,
Madhya Pradesh - 2025,11-Aug 12pm,11259.98,,,,
Madhya Pradesh - 2025,11-Aug 1pm,11263.12,,,,
Madhya Pradesh - 2025,11-Aug 2pm,11183.17,,,,
Madhya Pradesh - 2025,11-Aug 3pm,11509.23,,,,
Madhya Pradesh - 2025,11-Aug 4pm,11511.05,,,,
Madhya Pradesh - 2025,11-Aug 5pm,11790.45,,,,
Madhya Pradesh - 2025,11-Aug 6pm,11132.28,,,,
Madhya Pradesh - 2025,11-Aug 7pm,11321.1,,,,
Madhya Pradesh - 2025,11-Aug 8pm,11513.29,,,,
Madhya Pradesh - 2025,11-Aug 9pm,10993.45,,,,
Madhya Pradesh - 2025,11-Aug 10pm,10911.92,,,,
Madhya Pradesh - 2025,11-Aug 11pm,11207.18,,,,
Madhya Pradesh - 2025,12-Aug 12am,11236.98,,,,
Madhya Pradesh - 2025,12-Aug 1am,11164.65,,,,
Madhya Pradesh - 2025,12-Aug 2am,10849.14,,,,
Madhya Pradesh - 2025,12-Aug 3am,10818.25,,,,
Madhya Pradesh - 2025,12-Aug 4am,10763.22,,,,
Madhya Pradesh - 2025,12-Aug 5am,10842.54,,,,
Madhya Pradesh - 2025,12-Aug 6am,11180.81,,,,
Madhya Pradesh - 2025,12-Aug 7am,12024.43,,,,
Madhya Pradesh - 2025,12-Aug 8am,12002.81,,,,
Madhya Pradesh - 2025,12-Aug 9am,12526.2,,,,
Madhya Pradesh - 2025,12-Aug 10am,12444.17,,,,
Madhya Pradesh - 2025,12-Aug 11am,12241.22,,,,
Madhya Pradesh - 2025,12-Aug 12pm,11468.88,,,,
Madhya Pradesh - 2025,12-Aug 1pm,11737.36,,,,
Madhya Pradesh - 2025,12-Aug 2pm,11317.45,,,,
Madhya Pradesh - 2025,12-Aug 3pm,11656.44,,,,
Madhya Pradesh - 2025,12-Aug 4pm,11884.33,,,,
Madhya Pradesh - 2025,12-Aug 5pm,11975.03,,,,
Madhya Pradesh - 2025,12-Aug 6pm,11503.13,,,,
Madhya Pradesh - 2025,12-Aug 7pm,11466.62,,,,
Madhya Pradesh - 2025,12-Aug 8pm,11698.55,,,,
Madhya Pradesh - 2025,12-Aug 9pm,10957.4,,,,
Madhya Pradesh - 2025,12-Aug 10pm,11061.14,,,,
Madhya Pradesh - 2025,12-Aug 11pm,11364.4,,,,
Madhya Pradesh - 2025,13-Aug 12am,11388.62,,,,
Madhya Pradesh - 2025,13-Aug 1am,11291.54,,,,
Madhya Pradesh - 2025,13-Aug 2am,11029.6,,,,
Madhya Pradesh - 2025,13-Aug 3am,10955.4,,,,
Madhya Pradesh - 2025,13-Aug 4am,10923.83,,,,
Madhya Pradesh - 2025,13-Aug 5am,11153.6,,,,
Madhya Pradesh - 2025,13-Aug 6am,11297.49,,,,
Madhya Pradesh - 2025,13-Aug 7am,12120.82,,,,
Madhya Pradesh - 2025,13-Aug 8am,12403.62,,,,
Madhya Pradesh - 2025,13-Aug 9am,12336.42,,,,
Madhya Pradesh - 2025,13-Aug 10am,12592.31,,,,
Madhya Pradesh - 2025,13-Aug 11am,11774.31,,,,
Madhya Pradesh - 2025,13-Aug 12pm,11454.65,,,,
Madhya Pradesh - 2025,13-Aug 1pm,11300.45,,,,
Madhya Pradesh - 2025,13-Aug 2pm,11140.35,,,,
Madhya Pradesh - 2025,13-Aug 3pm,11444.12,,,,
Madhya Pradesh - 2025,13-Aug 4pm,11062.78,,,,
Madhya Pradesh - 2025,13-Aug 5pm,11309.82,,,,
Madhya Pradesh - 2025,13-Aug 6pm,11199.08,,,,
Madhya Pradesh - 2025,13-Aug 7pm,11359.58,,,,
Madhya Pradesh - 2025,13-Aug 8pm,11283.24,,,,
Madhya Pradesh - 2025,13-Aug 9pm,10671.33,,,,
Madhya Pradesh - 2025,13-Aug 10pm,10657.21,,,,
Madhya Pradesh - 2025,13-Aug 11pm,10779.84,,,,
Madhya Pradesh - 2025,14-Aug 12am,10861.23,,,,
Madhya Pradesh - 2025,14-Aug 1am,10720.85,,,,
Madhya Pradesh - 2025,14-Aug 2am,10426.08,,,,
Madhya Pradesh - 2025,14-Aug 3am,10636.36,,,,
Madhya Pradesh - 2025,14-Aug 4am,10390.34,,,,
Madhya Pradesh - 2025,14-Aug 5am,10267.71,,,,
Madhya Pradesh - 2025,14-Aug 6am,10449.9,,,,
Madhya Pradesh - 2025,14-Aug 7am,10376.13,,,,
Madhya Pradesh - 2025,14-Aug 8am,10874.23,,,,
Madhya Pradesh - 2025,14-Aug 9am,12012.58,,,,
Madhya Pradesh - 2025,14-Aug 10am,11952.59,,,,
Madhya Pradesh - 2025,14-Aug 11am,11239.36,,,,
Madhya Pradesh - 2025,14-Aug 12pm,10626.64,,,,
Madhya Pradesh - 2025,14-Aug 1pm,11495.64,,,,
Madhya Pradesh - 2025,14-Aug 2pm,10583.18,,,,
Madhya Pradesh - 2025,14-Aug 3pm,10698.7,,,,
Madhya Pradesh - 2025,14-Aug 4pm,10912.77,,,,
Madhya Pradesh - 2025,14-Aug 5pm,10891.7,,,,
Madhya Pradesh - 2025,14-Aug 6pm,10841.48,,,,
Madhya Pradesh - 2025,14-Aug 7pm,11331.21,,,,
Madhya Pradesh - 2025,14-Aug 8pm,11517.77,,,,
Madhya Pradesh - 2025,14-Aug 9pm,11083.71,,,,
Madhya Pradesh - 2025,14-Aug 10pm,10960.86,,,,
Madhya Pradesh - 2025,14-Aug 11pm,11036.33,,,,
Madhya Pradesh - 2025,15-Aug 12am,10975.83,,,,
Madhya Pradesh - 2025,15-Aug 1am,10746.49,,,,
Madhya Pradesh - 2025,15-Aug 2am,10579.21,,,,
Madhya Pradesh - 2025,15-Aug 3am,10526,,,,
Madhya Pradesh - 2025,15-Aug 4am,10522.04,,,,
Madhya Pradesh - 2025,15-Aug 5am,10663.38,,,,
Madhya Pradesh - 2025,15-Aug 6am,11432.58,,,,
Madhya Pradesh - 2025,15-Aug 7am,11873.16,,,,
Madhya Pradesh - 2025,15-Aug 8am,11525.96,,,,
Madhya Pradesh - 2025,15-Aug 9am,11578.99,,,,
Madhya Pradesh - 2025,15-Aug 10am,11387.91,,,,
Madhya Pradesh - 2025,15-Aug 11am,11196.31,,,,
Madhya Pradesh - 2025,15-Aug 12pm,11043.88,,,,
Madhya Pradesh - 2025,15-Aug 1pm,11003.58,,,,
Madhya Pradesh - 2025,15-Aug 2pm,10623.28,,,,
Madhya Pradesh - 2025,15-Aug 3pm,10548.91,,,,
Madhya Pradesh - 2025,15-Aug 4pm,10394.06,,,,
Madhya Pradesh - 2025,15-Aug 5pm,10616.05,,,,
Madhya Pradesh - 2025,15-Aug 6pm,10514.1,,,,
Madhya Pradesh - 2025,15-Aug 7pm,10552.17,,,,
Madhya Pradesh - 2025,15-Aug 8pm,10950.72,,,,
Madhya Pradesh - 2025,15-Aug 9pm,10583.12,,,,
Madhya Pradesh - 2025,15-Aug 10pm,10471.67,,,,
Madhya Pradesh - 2025,15-Aug 11pm,10727.96,,,,
Madhya Pradesh - 2025,16-Aug 12am,10696.3,,,,
Madhya Pradesh - 2025,16-Aug 1am,10627.43,,,,
Madhya Pradesh - 2025,16-Aug 2am,10472.93,,,,
Madhya Pradesh - 2025,16-Aug 3am,10439.1,,,,
Madhya Pradesh - 2025,16-Aug 4am,10236.94,,,,
Madhya Pradesh - 2025,16-Aug 5am,10283.52,,,,
Madhya Pradesh - 2025,16-Aug 6am,10636.38,,,,
Madhya Pradesh - 2025,16-Aug 7am,11217.28,,,,
Madhya Pradesh - 2025,16-Aug 8am,11201.54,,,,
Madhya Pradesh - 2025,16-Aug 9am,11321.95,,,,
Madhya Pradesh - 2025,16-Aug 10am,11419.64,,,,
Madhya Pradesh - 2025,16-Aug 11am,11181.63,,,,
Madhya Pradesh - 2025,16-Aug 12pm,10907.21,,,,
Madhya Pradesh - 2025,16-Aug 1pm,10831.42,,,,
Madhya Pradesh - 2025,16-Aug 2pm,10499.17,,,,
Madhya Pradesh - 2025,16-Aug 3pm,10643.25,,,,
Madhya Pradesh - 2025,16-Aug 4pm,10677.44,,,,
Madhya Pradesh - 2025,16-Aug 5pm,10842.78,,,,
Madhya Pradesh - 2025,16-Aug 6pm,11022.1,,,,
Madhya Pradesh - 2025,16-Aug 7pm,11597.29,,,,
Madhya Pradesh - 2025,16-Aug 8pm,11544.33,,,,
Madhya Pradesh - 2025,16-Aug 9pm,11159.19,,,,
Madhya Pradesh - 2025,16-Aug 10pm,10977.51,,,,
Madhya Pradesh - 2025,16-Aug 11pm,11004.22,,,,
Madhya Pradesh - 2025,17-Aug 12am,10799.36,,,,
Madhya Pradesh - 2025,17-Aug 1am,11031.23,,,,
Madhya Pradesh - 2025,17-Aug 2am,10827.53,,,,
Madhya Pradesh - 2025,17-Aug 3am,10631.03,,,,
Madhya Pradesh - 2025,17-Aug 4am,10631.25,,,,
Madhya Pradesh - 2025,17-Aug 5am,10607.34,,,,
Madhya Pradesh - 2025,17-Aug 6am,11024.16,,,,
Madhya Pradesh - 2025,17-Aug 7am,11621.18,,,,
Madhya Pradesh - 2025,17-Aug 8am,11441.73,,,,
Madhya Pradesh - 2025,17-Aug 9am,11347.67,,,,
Madhya Pradesh - 2025,17-Aug 10am,11307.09,,,,
Madhya Pradesh - 2025,17-Aug 11am,10871.91,,,,
Madhya Pradesh - 2025,17-Aug 12pm,10533.79,,,,
Madhya Pradesh - 2025,17-Aug 1pm,10388.73,,,,
Madhya Pradesh - 2025,17-Aug 2pm,10388.73,,,,
Madhya Pradesh - 2025,17-Aug 3pm,10459.86,,,,
Madhya Pradesh - 2025,17-Aug 4pm,10884.45,,,,
Madhya Pradesh - 2025,17-Aug 5pm,10904.87,,,,
Madhya Pradesh - 2025,17-Aug 6pm,10889.08,,,,
Madhya Pradesh - 2025,17-Aug 7pm,11407.37,,,,
Madhya Pradesh - 2025,17-Aug 8pm,12031.71,,,,
Madhya Pradesh - 2025,17-Aug 9pm,11607.53,,,,
Madhya Pradesh - 2025,17-Aug 10pm,11630.77,,,,
Madhya Pradesh - 2025,17-Aug 11pm,11684.42,,,,
Madhya Pradesh - 2025,18-Aug 12am,11691.32,,,,
Madhya Pradesh - 2025,18-Aug 1am,11515.25,,,,
Madhya Pradesh - 2025,18-Aug 2am,11123.15,,,,
Madhya Pradesh - 2025,18-Aug 3am,11133.87,,,,
Madhya Pradesh - 2025,18-Aug 4am,11036.95,,,,
Madhya Pradesh - 2025,18-Aug 5am,11070.63,,,,
Madhya Pradesh - 2025,18-Aug 6am,11549.78,,,,
Madhya Pradesh - 2025,18-Aug 7am,12041.11,,,,
Madhya Pradesh - 2025,18-Aug 8am,11828.41,,,,
Madhya Pradesh - 2025,18-Aug 9am,12048.84,,,,
Madhya Pradesh - 2025,18-Aug 10am,12170.49,,,,
Madhya Pradesh - 2025,18-Aug 11am,11558.78,,,,
Madhya Pradesh - 2025,18-Aug 12pm,11225.35,,,,
Madhya Pradesh - 2025,18-Aug 1pm,10805.79,,,,
Madhya Pradesh - 2025,18-Aug 2pm,10743.65,,,,
Madhya Pradesh - 2025,18-Aug 3pm,10915.76,,,,
Madhya Pradesh - 2025,18-Aug 4pm,10851.62,,,,
Madhya Pradesh - 2025,18-Aug 5pm,11017.37,,,,
Madhya Pradesh - 2025,18-Aug 6pm,11069.36,,,,
Madhya Pradesh - 2025,18-Aug 7pm,11788.52,,,,
Madhya Pradesh - 2025,18-Aug 8pm,11946.3,,,,
Madhya Pradesh - 2025,18-Aug 9pm,11434.72,,,,
Madhya Pradesh - 2025,18-Aug 10pm,11453.03,,,,
Madhya Pradesh - 2025,18-Aug 11pm,11702.49,,,,
Madhya Pradesh - 2025,19-Aug 12am,11583.5,,,,
Madhya Pradesh - 2025,19-Aug 1am,11449.85,,,,
Madhya Pradesh - 2025,19-Aug 2am,11250.84,,,,
Madhya Pradesh - 2025,19-Aug 3am,11239.08,,,,
Madhya Pradesh - 2025,19-Aug 4am,11213.12,,,,
Madhya Pradesh - 2025,19-Aug 5am,11220.07,,,,
Madhya Pradesh - 2025,19-Aug 6am,11767.34,,,,
Madhya Pradesh - 2025,19-Aug 7am,12468.85,,,,
Madhya Pradesh - 2025,19-Aug 8am,12122.08,,,,
Madhya Pradesh - 2025,19-Aug 9am,12122.04,,,,
Madhya Pradesh - 2025,19-Aug 10am,11775.04,,,,
Madhya Pradesh - 2025,19-Aug 11am,11328.38,,,,
Madhya Pradesh - 2025,19-Aug 12pm,11016.81,,,,
Madhya Pradesh - 2025,19-Aug 1pm,11049.69,,,,
Madhya Pradesh - 2025,19-Aug 2pm,11053,,,,
Madhya Pradesh - 2025,19-Aug 3pm,11121.16,,,,
Madhya Pradesh - 2025,19-Aug 4pm,11272.42,,,,
Madhya Pradesh - 2025,19-Aug 5pm,11137.23,,,,
Madhya Pradesh - 2025,19-Aug 6pm,11201.34,,,,
Madhya Pradesh - 2025,19-Aug 7pm,11712.92,,,,
Madhya Pradesh - 2025,19-Aug 8pm,12032.11,,,,
Madhya Pradesh - 2025,19-Aug 9pm,11603.34,,,,
Madhya Pradesh - 2025,19-Aug 10pm,11281.91,,,,
Madhya Pradesh - 2025,19-Aug 11pm,11293.64,,,,
Madhya Pradesh - 2025,20-Aug 12am,11419.6,,,,
Madhya Pradesh - 2025,20-Aug 1am,11317.41,,,,
Madhya Pradesh - 2025,20-Aug 2am,11230.88,,,,
Madhya Pradesh - 2025,20-Aug 3am,10964.91,,,,
Madhya Pradesh - 2025,20-Aug 4am,10882.29,,,,
Madhya Pradesh - 2025,20-Aug 5am,11108.43,,,,
Madhya Pradesh - 2025,20-Aug 6am,11424.56,,,,
Madhya Pradesh - 2025,20-Aug 7am,12147.1,,,,
Madhya Pradesh - 2025,20-Aug 8am,11979.54,,,,
Madhya Pradesh - 2025,20-Aug 9am,11789.29,,,,
Madhya Pradesh - 2025,20-Aug 10am,11864.77,,,,
Madhya Pradesh - 2025,20-Aug 11am,11173.25,,,,
Madhya Pradesh - 2025,20-Aug 12pm,10922.61,,,,
Madhya Pradesh - 2025,20-Aug 1pm,10641.79,,,,
Madhya Pradesh - 2025,20-Aug 2pm,10500.08,,,,
Madhya Pradesh - 2025,20-Aug 3pm,11166.83,,,,
Madhya Pradesh - 2025,20-Aug 4pm,10220.16,,,,
Madhya Pradesh - 2025,20-Aug 5pm,10533.75,,,,
Madhya Pradesh - 2025,20-Aug 6pm,10556.91,,,,
Madhya Pradesh - 2025,20-Aug 7pm,11288.89,,,,
Madhya Pradesh - 2025,20-Aug 8pm,11230.8,,,,
Madhya Pradesh - 2025,20-Aug 9pm,10843.43,,,,
Madhya Pradesh - 2025,20-Aug 10pm,10486.11,,,,
Madhya Pradesh - 2025,20-Aug 11pm,10662.74,,,,
Madhya Pradesh - 2025,21-Aug 12am,10757.14,,,,
Madhya Pradesh - 2025,21-Aug 1am,10498.04,,,,
Madhya Pradesh - 2025,21-Aug 2am,10607.1,,,,
Madhya Pradesh - 2025,21-Aug 3am,10296.54,,,,
Madhya Pradesh - 2025,21-Aug 4am,10304.71,,,,
Madhya Pradesh - 2025,21-Aug 5am,10122.76,,,,
Madhya Pradesh - 2025,21-Aug 6am,10841.17,,,,
Madhya Pradesh - 2025,21-Aug 7am,11535.21,,,,
Madhya Pradesh - 2025,21-Aug 8am,11846.82,,,,
Madhya Pradesh - 2025,21-Aug 9am,11139.49,,,,
Madhya Pradesh - 2025,21-Aug 10am,11232.75,,,,
Madhya Pradesh - 2025,21-Aug 11am,10351.28,,,,
Madhya Pradesh - 2025,21-Aug 12pm,9468.81,,,,
Madhya Pradesh - 2025,21-Aug 1pm,9761.45,,,,
Madhya Pradesh - 2025,21-Aug 2pm,8814.76,,,,
Madhya Pradesh - 2025,21-Aug 3pm,9481.61,,,,
Madhya Pradesh - 2025,21-Aug 4pm,9889.15,,,,
Madhya Pradesh - 2025,21-Aug 5pm,10159.21,,,,
Madhya Pradesh - 2025,21-Aug 6pm,10476.82,,,,
Madhya Pradesh - 2025,21-Aug 7pm,11090.75,,,,
Madhya Pradesh - 2025,21-Aug 8pm,11220.88,,,,
Madhya Pradesh - 2025,21-Aug 9pm,10762.51,,,,
Madhya Pradesh - 2025,21-Aug 10pm,10712.3,,,,
Madhya Pradesh - 2025,21-Aug 11pm,10878.27,,,,
Madhya Pradesh - 2025,22-Aug 12am,10905.11,,,,
Madhya Pradesh - 2025,22-Aug 1am,10644.63,,,,
Madhya Pradesh - 2025,22-Aug 2am,10223.26,,,,
Madhya Pradesh - 2025,22-Aug 3am,10261.07,,,,
Madhya Pradesh - 2025,22-Aug 4am,10640.11,,,,
Madhya Pradesh - 2025,22-Aug 5am,10918.61,,,,
Madhya Pradesh - 2025,22-Aug 6am,10763.89,,,,
Madhya Pradesh - 2025,22-Aug 7am,10664.89,,,,
Madhya Pradesh - 2025,22-Aug 8am,10472.7,,,,
Madhya Pradesh - 2025,22-Aug 9am,11144.32,,,,
Madhya Pradesh - 2025,22-Aug 10am,11356.77,,,,
Madhya Pradesh - 2025,22-Aug 11am,11101.28,,,,
Madhya Pradesh - 2025,22-Aug 12pm,9442.14,,,,
Madhya Pradesh - 2025,22-Aug 1pm,9294.07,,,,
Madhya Pradesh - 2025,22-Aug 2pm,9398.48,,,,
Madhya Pradesh - 2025,22-Aug 3pm,9361.24,,,,
Madhya Pradesh - 2025,22-Aug 4pm,9293.42,,,,
Madhya Pradesh - 2025,22-Aug 5pm,9861.5,,,,
Madhya Pradesh - 2025,22-Aug 6pm,9824.02,,,,
Madhya Pradesh - 2025,22-Aug 7pm,10665.44,,,,
Madhya Pradesh - 2025,22-Aug 8pm,10404.52,,,,
Madhya Pradesh - 2025,22-Aug 9pm,9803.12,,,,
Madhya Pradesh - 2025,22-Aug 10pm,9719.98,,,,
Madhya Pradesh - 2025,22-Aug 11pm,9682.84,,,,
Madhya Pradesh - 2025,23-Aug 12am,9892.8,,,,
Madhya Pradesh - 2025,23-Aug 1am,9476.31,,,,
Madhya Pradesh - 2025,23-Aug 2am,9374.96,,,,
Madhya Pradesh - 2025,23-Aug 3am,9301.34,,,,
Madhya Pradesh - 2025,23-Aug 4am,9098.46,,,,
Madhya Pradesh - 2025,23-Aug 5am,9137.67,,,,
Madhya Pradesh - 2025,23-Aug 6am,9785.84,,,,
Madhya Pradesh - 2025,23-Aug 7am,10688.67,,,,
Madhya Pradesh - 2025,23-Aug 8am,10810.69,,,,
Madhya Pradesh - 2025,23-Aug 9am,10762.57,,,,
Madhya Pradesh - 2025,23-Aug 10am,10311.87,,,,
Madhya Pradesh - 2025,23-Aug 11am,9925.7,,,,
Madhya Pradesh - 2025,23-Aug 12pm,9387.49,,,,
Madhya Pradesh - 2025,23-Aug 1pm,9020.97,,,,
Madhya Pradesh - 2025,23-Aug 2pm,8890.92,,,,
Madhya Pradesh - 2025,23-Aug 3pm,9079.63,,,,
Madhya Pradesh - 2025,23-Aug 4pm,9322.48,,,,
Madhya Pradesh - 2025,23-Aug 5pm,9489.29,,,,
Madhya Pradesh - 2025,23-Aug 6pm,9674.25,,,,
Madhya Pradesh - 2025,23-Aug 7pm,10122.23,,,,
Madhya Pradesh - 2025,23-Aug 8pm,10161.72,,,,
Madhya Pradesh - 2025,23-Aug 9pm,9783.79,,,,
Madhya Pradesh - 2025,23-Aug 10pm,9662.37,,,,
Madhya Pradesh - 2025,23-Aug 11pm,9671.14,,,,
Madhya Pradesh - 2025,24-Aug 12am,9446.01,,,,
Madhya Pradesh - 2025,24-Aug 1am,9220.71,,,,
Madhya Pradesh - 2025,24-Aug 2am,9034.96,,,,
Madhya Pradesh - 2025,24-Aug 3am,8746.27,,,,
Madhya Pradesh - 2025,24-Aug 4am,8491.68,,,,
Madhya Pradesh - 2025,24-Aug 5am,8537.05,,,,
Madhya Pradesh - 2025,24-Aug 6am,8988.17,,,,
Madhya Pradesh - 2025,24-Aug 7am,9728.4,,,,
Madhya Pradesh - 2025,24-Aug 8am,9908.61,,,,
Madhya Pradesh - 2025,24-Aug 9am,9969.72,,,,
Madhya Pradesh - 2025,24-Aug 10am,9516.14,,,,
Madhya Pradesh - 2025,24-Aug 11am,8910.84,,,,
Madhya Pradesh - 2025,24-Aug 12pm,8430.26,,,,
Madhya Pradesh - 2025,24-Aug 1pm,8051.45,,,,
Madhya Pradesh - 2025,24-Aug 2pm,7917.62,,,,
Madhya Pradesh - 2025,24-Aug 3pm,8107.1,,,,
Madhya Pradesh - 2025,24-Aug 4pm,8388.06,,,,
Madhya Pradesh - 2025,24-Aug 5pm,8677.12,,,,
Madhya Pradesh - 2025,24-Aug 6pm,9063.05,,,,
Madhya Pradesh - 2025,24-Aug 7pm,9531.77,,,,
Madhya Pradesh - 2025,24-Aug 8pm,10176.23,,,,
Madhya Pradesh - 2025,24-Aug 9pm,9300.83,,,,
Madhya Pradesh - 2025,24-Aug 10pm,9078.46,,,,
Madhya Pradesh - 2025,24-Aug 11pm,9004.65,,,,
Madhya Pradesh - 2025,25-Aug 12am,9145.02,,,,
Madhya Pradesh - 2025,25-Aug 1am,8815.87,,,,
Madhya Pradesh - 2025,25-Aug 2am,8763.68,,,,
Madhya Pradesh - 2025,25-Aug 3am,8593.68,,,,
Madhya Pradesh - 2025,25-Aug 4am,8640.52,,,,
Madhya Pradesh - 2025,25-Aug 5am,8370.61,,,,
Madhya Pradesh - 2025,25-Aug 6am,9226.38,,,,
Madhya Pradesh - 2025,25-Aug 7am,10236.62,,,,
Madhya Pradesh - 2025,25-Aug 8am,10490.81,,,,
Madhya Pradesh - 2025,25-Aug 9am,10871.24,,,,
Madhya Pradesh - 2025,25-Aug 10am,10054.52,,,,
Madhya Pradesh - 2025,25-Aug 11am,9705.2,,,,
Madhya Pradesh - 2025,25-Aug 12pm,9003.4,,,,
Madhya Pradesh - 2025,25-Aug 1pm,8864.04,,,,
Madhya Pradesh - 2025,25-Aug 2pm,8984.44,,,,
Madhya Pradesh - 2025,25-Aug 3pm,9011.79,,,,
Madhya Pradesh - 2025,25-Aug 4pm,9047.14,,,,
Madhya Pradesh - 2025,25-Aug 5pm,9387.08,,,,
Madhya Pradesh - 2025,25-Aug 6pm,9577.64,,,,
Madhya Pradesh - 2025,25-Aug 7pm,10637.1,,,,
Madhya Pradesh - 2025,25-Aug 8pm,10669.15,,,,
Madhya Pradesh - 2025,25-Aug 9pm,10233.95,,,,
Madhya Pradesh - 2025,25-Aug 10pm,9667.83,,,,
Madhya Pradesh - 2025,25-Aug 11pm,9946.49,,,,
Madhya Pradesh - 2025,26-Aug 12am,10125.47,,,,
Madhya Pradesh - 2025,26-Aug 1am,9927.65,,,,
Madhya Pradesh - 2025,26-Aug 2am,9778.66,,,,
Madhya Pradesh - 2025,26-Aug 3am,10049.14,,,,
Madhya Pradesh - 2025,26-Aug 4am,9779.64,,,,
Madhya Pradesh - 2025,26-Aug 5am,9378.82,,,,
Madhya Pradesh - 2025,26-Aug 6am,9515.24,,,,
Madhya Pradesh - 2025,26-Aug 7am,10400.82,,,,
Madhya Pradesh - 2025,26-Aug 8am,11069.27,,,,
Madhya Pradesh - 2025,26-Aug 9am,11755.31,,,,
Madhya Pradesh - 2025,26-Aug 10am,11141.87,,,,
Madhya Pradesh - 2025,26-Aug 11am,10819,,,,
Madhya Pradesh - 2025,26-Aug 12pm,10095.09,,,,
Madhya Pradesh - 2025,26-Aug 1pm,9984.25,,,,
Madhya Pradesh - 2025,26-Aug 2pm,9655.03,,,,
Madhya Pradesh - 2025,26-Aug 3pm,9954.5,,,,
Madhya Pradesh - 2025,26-Aug 4pm,9702.98,,,,
Madhya Pradesh - 2025,26-Aug 5pm,10151.83,,,,
Madhya Pradesh - 2025,26-Aug 6pm,9865.8,,,,
Madhya Pradesh - 2025,26-Aug 7pm,10643.54,,,,
Madhya Pradesh - 2025,26-Aug 8pm,10494.83,,,,
Madhya Pradesh - 2025,26-Aug 9pm,9906.11,,,,
Madhya Pradesh - 2025,26-Aug 10pm,9772.39,,,,
Madhya Pradesh - 2025,26-Aug 11pm,9719.46,,,,
Madhya Pradesh - 2025,27-Aug 12am,9793.92,,,,
Madhya Pradesh - 2025,27-Aug 1am,9833.37,,,,
Madhya Pradesh - 2025,27-Aug 2am,9872.11,,,,
Madhya Pradesh - 2025,27-Aug 3am,9656.5,,,,
Madhya Pradesh - 2025,27-Aug 4am,9665.71,,,,
Madhya Pradesh - 2025,27-Aug 5am,9596.54,,,,
Madhya Pradesh - 2025,27-Aug 6am,9932.33,,,,
Madhya Pradesh - 2025,27-Aug 7am,10841.84,,,,
Madhya Pradesh - 2025,27-Aug 8am,10927.99,,,,
Madhya Pradesh - 2025,27-Aug 9am,11636.8,,,,
Madhya Pradesh - 2025,27-Aug 10am,11848.81,,,,
Madhya Pradesh - 2025,27-Aug 11am,11394.98,,,,
Madhya Pradesh - 2025,27-Aug 12pm,10768.77,,,,
Madhya Pradesh - 2025,27-Aug 1pm,10696.68,,,,
Madhya Pradesh - 2025,27-Aug 2pm,10399.04,,,,
Madhya Pradesh - 2025,27-Aug 3pm,10635.73,,,,
Madhya Pradesh - 2025,27-Aug 4pm,10624.69,,,,
Madhya Pradesh - 2025,27-Aug 5pm,10728.81,,,,
Madhya Pradesh - 2025,27-Aug 6pm,9622.24,,,,
Madhya Pradesh - 2025,27-Aug 7pm,10289.51,,,,
Madhya Pradesh - 2025,27-Aug 8pm,10182.37,,,,
Madhya Pradesh - 2025,27-Aug 9pm,10202.81,,,,
Madhya Pradesh - 2025,27-Aug 10pm,10545.11,,,,
Madhya Pradesh - 2025,27-Aug 11pm,10957.05,,,,
Madhya Pradesh - 2025,28-Aug 12am,10877.91,,,,
Madhya Pradesh - 2025,28-Aug 1am,11282.78,,,,
Madhya Pradesh - 2025,28-Aug 2am,11081.25,,,,
Madhya Pradesh - 2025,28-Aug 3am,11028.51,,,,
Madhya Pradesh - 2025,28-Aug 4am,10825.9,,,,
Madhya Pradesh - 2025,28-Aug 5am,10719.17,,,,
Madhya Pradesh - 2025,28-Aug 6am,11038.08,,,,
Madhya Pradesh - 2025,28-Aug 7am,11684.26,,,,
Madhya Pradesh - 2025,28-Aug 8am,11523.18,,,,
Madhya Pradesh - 2025,28-Aug 9am,12254.76,,,,
Madhya Pradesh - 2025,28-Aug 10am,12237,,,,
Madhya Pradesh - 2025,28-Aug 11am,11815.82,,,,
Madhya Pradesh - 2025,28-Aug 12pm,10934.97,,,,
Madhya Pradesh - 2025,28-Aug 1pm,10609.61,,,,
Madhya Pradesh - 2025,28-Aug 2pm,10447.75,,,,
Madhya Pradesh - 2025,28-Aug 3pm,11016.15,,,,
Madhya Pradesh - 2025,28-Aug 4pm,11062.52,,,,
Madhya Pradesh - 2025,28-Aug 5pm,11039.42,,,,
Madhya Pradesh - 2025,28-Aug 6pm,10600.47,,,,
Madhya Pradesh - 2025,28-Aug 7pm,10831.82,,,,
Madhya Pradesh - 2025,28-Aug 8pm,11012.48,,,,
Madhya Pradesh - 2025,28-Aug 9pm,10273.47,,,,
Madhya Pradesh - 2025,28-Aug 10pm,10256.98,,,,
Madhya Pradesh - 2025,28-Aug 11pm,10888.21,,,,
Madhya Pradesh - 2025,29-Aug 12am,11410.37,,,,
Madhya Pradesh - 2025,29-Aug 1am,11324.2,,,,
Madhya Pradesh - 2025,29-Aug 2am,11322.07,,,,
Madhya Pradesh - 2025,29-Aug 3am,10852.85,,,,
Madhya Pradesh - 2025,29-Aug 4am,10788.44,,,,
Madhya Pradesh - 2025,29-Aug 5am,10793.54,,,,
Madhya Pradesh - 2025,29-Aug 6am,11190.82,,,,
Madhya Pradesh - 2025,29-Aug 7am,12229.79,,,,
Madhya Pradesh - 2025,29-Aug 8am,12398.58,,,,
Madhya Pradesh - 2025,29-Aug 9am,12194.08,,,,
Madhya Pradesh - 2025,29-Aug 10am,12078.18,,,,
Madhya Pradesh - 2025,29-Aug 11am,11547.72,,,,
Madhya Pradesh - 2025,29-Aug 12pm,11151.06,,,,
Madhya Pradesh - 2025,29-Aug 1pm,10903.05,,,,
Madhya Pradesh - 2025,29-Aug 2pm,10934.98,,,,
Madhya Pradesh - 2025,29-Aug 3pm,10890.5,,,,
Madhya Pradesh - 2025,29-Aug 4pm,10953.54,,,,
Madhya Pradesh - 2025,29-Aug 5pm,10920.37,,,,
Madhya Pradesh - 2025,29-Aug 6pm,10982.61,,,,
Madhya Pradesh - 2025,29-Aug 7pm,11818.69,,,,
Madhya Pradesh - 2025,29-Aug 8pm,11770.77,,,,
Madhya Pradesh - 2025,29-Aug 9pm,11266.5,,,,
Madhya Pradesh - 2025,29-Aug 10pm,11138.2,,,,
Madhya Pradesh - 2025,29-Aug 11pm,11461.08,,,,
Madhya Pradesh - 2025,30-Aug 12am,11337.37,,,,
Madhya Pradesh - 2025,30-Aug 1am,11292.01,,,,
Madhya Pradesh - 2025,30-Aug 2am,11083.9,,,,
Madhya Pradesh - 2025,30-Aug 3am,10879,,,,
Madhya Pradesh - 2025,30-Aug 4am,10803.82,,,,
Madhya Pradesh - 2025,30-Aug 5am,10845.97,,,,
Madhya Pradesh - 2025,30-Aug 6am,11266.07,,,,
Madhya Pradesh - 2025,30-Aug 7am,12179.51,,,,
Madhya Pradesh - 2025,30-Aug 8am,11937.81,,,,
Madhya Pradesh - 2025,30-Aug 9am,11863.85,,,,
Madhya Pradesh - 2025,30-Aug 10am,11503.2,,,,
Madhya Pradesh - 2025,30-Aug 11am,11108.85,,,,
Madhya Pradesh - 2025,30-Aug 12pm,10936.69,,,,
Madhya Pradesh - 2025,30-Aug 1pm,10800.52,,,,
Madhya Pradesh - 2025,30-Aug 2pm,10896.48,,,,
Madhya Pradesh - 2025,30-Aug 3pm,11017.75,,,,
Madhya Pradesh - 2025,30-Aug 4pm,11089.6,,,,
Madhya Pradesh - 2025,30-Aug 5pm,11208.62,,,,
Madhya Pradesh - 2025,30-Aug 6pm,11219.23,,,,
Madhya Pradesh - 2025,30-Aug 7pm,11915.24,,,,
Madhya Pradesh - 2025,30-Aug 8pm,11666.57,,,,
Madhya Pradesh - 2025,30-Aug 9pm,11247.44,,,,
Madhya Pradesh - 2025,30-Aug 10pm,10990.73,,,,
Madhya Pradesh - 2025,30-Aug 11pm,11123.52,,,,
Madhya Pradesh - 2025,31-Aug 12am,10994.23,,,,
Madhya Pradesh - 2025,31-Aug 1am,11019.62,,,,
Madhya Pradesh - 2025,31-Aug 2am,10837.19,,,,
Madhya Pradesh - 2025,31-Aug 3am,10845.27,,,,
Madhya Pradesh - 2025,31-Aug 4am,10757.08,,,,
Madhya Pradesh - 2025,31-Aug 5am,10582.14,,,,
Madhya Pradesh - 2025,31-Aug 6am,11055.31,,,,
Madhya Pradesh - 2025,31-Aug 7am,11732.85,,,,
Madhya Pradesh - 2025,31-Aug 8am,11859.83,,,,
Madhya Pradesh - 2025,31-Aug 9am,11946.81,,,,
Madhya Pradesh - 2025,31-Aug 10am,11622.19,,,,
Madhya Pradesh - 2025,31-Aug 11am,11116.86,,,,
Madhya Pradesh - 2025,31-Aug 12pm,10455.28,,,,
Madhya Pradesh - 2025,31-Aug 1pm,10035.04,,,,
Madhya Pradesh - 2025,31-Aug 2pm,9884.47,,,,
Madhya Pradesh - 2025,31-Aug 3pm,10001.04,,,,
Madhya Pradesh - 2025,31-Aug 4pm,9896.64,,,,
Madhya Pradesh - 2025,31-Aug 5pm,10044.72,,,,
Madhya Pradesh - 2025,31-Aug 6pm,10632.36,,,,
Madhya Pradesh - 2025,31-Aug 7pm,11289.4,,,,
Madhya Pradesh - 2025,31-Aug 8pm,10899.38,,,,
Madhya Pradesh - 2025,31-Aug 9pm,10430.41,,,,
Madhya Pradesh - 2025,31-Aug 10pm,10408.23,,,,
Madhya Pradesh - 2025,31-Aug 11pm,10525.41,,,,
Madhya Pradesh - 2025,01-Sep 12am,10489.57,,,,
Madhya Pradesh - 2025,01-Sep 1am,10188.27,,,,
Madhya Pradesh - 2025,01-Sep 2am,10043.48,,,,
Madhya Pradesh - 2025,01-Sep 3am,9741.4,,,,
Madhya Pradesh - 2025,01-Sep 4am,9601.61,,,,
Madhya Pradesh - 2025,01-Sep 5am,9589.62,,,,
Madhya Pradesh - 2025,01-Sep 6am,10283.13,,,,
Madhya Pradesh - 2025,01-Sep 7am,11303.4,,,,
Madhya Pradesh - 2025,01-Sep 8am,11198.12,,,,
Madhya Pradesh - 2025,01-Sep 9am,11070.62,,,,
Madhya Pradesh - 2025,01-Sep 10am,10793.15,,,,
Madhya Pradesh - 2025,01-Sep 11am,10362.6,,,,
Madhya Pradesh - 2025,01-Sep 12pm,9821.23,,,,
Madhya Pradesh - 2025,01-Sep 1pm,9468.36,,,,
Madhya Pradesh - 2025,01-Sep 2pm,9328.85,,,,
Madhya Pradesh - 2025,01-Sep 3pm,9320.39,,,,
Madhya Pradesh - 2025,01-Sep 4pm,9140.34,,,,
Madhya Pradesh - 2025,01-Sep 5pm,9741.57,,,,
Madhya Pradesh - 2025,01-Sep 6pm,10160.85,,,,
Madhya Pradesh - 2025,01-Sep 7pm,10891.11,,,,
Madhya Pradesh - 2025,01-Sep 8pm,10593.2,,,,
Madhya Pradesh - 2025,01-Sep 9pm,10190.93,,,,
Madhya Pradesh - 2025,01-Sep 10pm,10090,,,,
Madhya Pradesh - 2025,01-Sep 11pm,10177.99,,,,
Madhya Pradesh - 2025,02-Sep 12am,10155.6,,,,
Madhya Pradesh - 2025,02-Sep 1am,9848.48,,,,
Madhya Pradesh - 2025,02-Sep 2am,9627.07,,,,
Madhya Pradesh - 2025,02-Sep 3am,9446.83,,,,
Madhya Pradesh - 2025,02-Sep 4am,9406.3,,,,
Madhya Pradesh - 2025,02-Sep 5am,9429.42,,,,
Madhya Pradesh - 2025,02-Sep 6am,10148.13,,,,
Madhya Pradesh - 2025,02-Sep 7am,11057.91,,,,
Madhya Pradesh - 2025,02-Sep 8am,10906.78,,,,
Madhya Pradesh - 2025,02-Sep 9am,10795.58,,,,
Madhya Pradesh - 2025,02-Sep 10am,10679.26,,,,
Madhya Pradesh - 2025,02-Sep 11am,10281.07,,,,
Madhya Pradesh - 2025,02-Sep 12pm,9748.86,,,,
Madhya Pradesh - 2025,02-Sep 1pm,9421.69,,,,
Madhya Pradesh - 2025,02-Sep 2pm,9257.84,,,,
Madhya Pradesh - 2025,02-Sep 3pm,9523.49,,,,
Madhya Pradesh - 2025,02-Sep 4pm,9478.96,,,,
Madhya Pradesh - 2025,02-Sep 5pm,9919.05,,,,
Madhya Pradesh - 2025,02-Sep 6pm,10039.19,,,,
Madhya Pradesh - 2025,02-Sep 7pm,10981.91,,,,
Madhya Pradesh - 2025,02-Sep 8pm,10637.27,,,,
Madhya Pradesh - 2025,02-Sep 9pm,10063.02,,,,
Madhya Pradesh - 2025,02-Sep 10pm,10060.17,,,,
Madhya Pradesh - 2025,02-Sep 11pm,10265.32,,,,
Madhya Pradesh - 2025,03-Sep 12am,10054.65,,,,
Madhya Pradesh - 2025,03-Sep 1am,9990.5,,,,
Madhya Pradesh - 2025,03-Sep 2am,9632.79,,,,
Madhya Pradesh - 2025,03-Sep 3am,9659.12,,,,
Madhya Pradesh - 2025,03-Sep 4am,9440.57,,,,
Madhya Pradesh - 2025,03-Sep 5am,9357.38,,,,
Madhya Pradesh - 2025,03-Sep 6am,9762.48,,,,
Madhya Pradesh - 2025,03-Sep 7am,10661.97,,,,
Madhya Pradesh - 2025,03-Sep 8am,10614.21,,,,
Madhya Pradesh - 2025,03-Sep 9am,10377.17,,,,
Madhya Pradesh - 2025,03-Sep 10am,10223.57,,,,
Madhya Pradesh - 2025,03-Sep 11am,9783.1,,,,
Madhya Pradesh - 2025,03-Sep 12pm,9260.47,,,,
Madhya Pradesh - 2025,03-Sep 1pm,8841.31,,,,
Madhya Pradesh - 2025,03-Sep 2pm,8698.83,,,,
Madhya Pradesh - 2025,03-Sep 3pm,8995.76,,,,
Madhya Pradesh - 2025,03-Sep 4pm,9066.97,,,,
Madhya Pradesh - 2025,03-Sep 5pm,9609.22,,,,
Madhya Pradesh - 2025,03-Sep 6pm,9639.5,,,,
Madhya Pradesh - 2025,03-Sep 7pm,10417.29,,,,
Madhya Pradesh - 2025,03-Sep 8pm,10021.25,,,,
Madhya Pradesh - 2025,03-Sep 9pm,9489.55,,,,
Madhya Pradesh - 2025,03-Sep 10pm,9474.06,,,,
Madhya Pradesh - 2025,03-Sep 11pm,9577.55,,,,
Madhya Pradesh - 2025,04-Sep 12am,9402.9,,,,
Madhya Pradesh - 2025,04-Sep 1am,9227.05,,,,
Madhya Pradesh - 2025,04-Sep 2am,9071.56,,,,
Madhya Pradesh - 2025,04-Sep 3am,8922.22,,,,
Madhya Pradesh - 2025,04-Sep 4am,8857.66,,,,
Madhya Pradesh - 2025,04-Sep 5am,8913.35,,,,
Madhya Pradesh - 2025,04-Sep 6am,9460,,,,
Madhya Pradesh - 2025,04-Sep 7am,10533.03,,,,
Madhya Pradesh - 2025,04-Sep 8am,10506.22,,,,
Madhya Pradesh - 2025,04-Sep 9am,10392.63,,,,
Madhya Pradesh - 2025,04-Sep 10am,10113.68,,,,
Madhya Pradesh - 2025,04-Sep 11am,9599.16,,,,
Madhya Pradesh - 2025,04-Sep 12pm,9231.56,,,,
Madhya Pradesh - 2025,04-Sep 1pm,8948.18,,,,
Madhya Pradesh - 2025,04-Sep 2pm,8816.16,,,,
Madhya Pradesh - 2025,04-Sep 3pm,8875.53,,,,
Madhya Pradesh - 2025,04-Sep 4pm,9185.94,,,,
Madhya Pradesh - 2025,04-Sep 5pm,9474.22,,,,
Madhya Pradesh - 2025,04-Sep 6pm,9807.26,,,,
Madhya Pradesh - 2025,04-Sep 7pm,10684.93,,,,
Madhya Pradesh - 2025,04-Sep 8pm,10244.49,,,,
Madhya Pradesh - 2025,04-Sep 9pm,9680.32,,,,
Madhya Pradesh - 2025,04-Sep 10pm,9539.84,,,,
Madhya Pradesh - 2025,04-Sep 11pm,9643.11,,,,
Madhya Pradesh - 2025,05-Sep 12am,9519.64,,,,
Madhya Pradesh - 2025,05-Sep 1am,9398.45,,,,
Madhya Pradesh - 2025,05-Sep 2am,9314.63,,,,
Madhya Pradesh - 2025,05-Sep 3am,9102.54,,,,
Madhya Pradesh - 2025,05-Sep 4am,9019.19,,,,
Madhya Pradesh - 2025,05-Sep 5am,9040.63,,,,
Madhya Pradesh - 2025,05-Sep 6am,9524.91,,,,
Madhya Pradesh - 2025,05-Sep 7am,10353.36,,,,
Madhya Pradesh - 2025,05-Sep 8am,10497.77,,,,
Madhya Pradesh - 2025,05-Sep 9am,10550.86,,,,
Madhya Pradesh - 2025,05-Sep 10am,10317.94,,,,
Madhya Pradesh - 2025,05-Sep 11am,9928.53,,,,
Madhya Pradesh - 2025,05-Sep 12pm,9598.56,,,,
Madhya Pradesh - 2025,05-Sep 1pm,9235.13,,,,
Madhya Pradesh - 2025,05-Sep 2pm,8913.99,,,,
Madhya Pradesh - 2025,05-Sep 3pm,9069.6,,,,
Madhya Pradesh - 2025,05-Sep 4pm,9339.07,,,,
Madhya Pradesh - 2025,05-Sep 5pm,9723.88,,,,
Madhya Pradesh - 2025,05-Sep 6pm,10091.55,,,,
Madhya Pradesh - 2025,05-Sep 7pm,10737.77,,,,
Madhya Pradesh - 2025,05-Sep 8pm,10132.44,,,,
Madhya Pradesh - 2025,05-Sep 9pm,9743.77,,,,
Madhya Pradesh - 2025,05-Sep 10pm,9523.61,,,,
Madhya Pradesh - 2025,05-Sep 11pm,9465.02,,,,
Madhya Pradesh - 2025,06-Sep 12am,9523.9,,,,
Madhya Pradesh - 2025,06-Sep 1am,9517.11,,,,
Madhya Pradesh - 2025,06-Sep 2am,9266.78,,,,
Madhya Pradesh - 2025,06-Sep 3am,9169.53,,,,
Madhya Pradesh - 2025,06-Sep 4am,9144.36,,,,
Madhya Pradesh - 2025,06-Sep 5am,9190.13,,,,
Madhya Pradesh - 2025,06-Sep 6am,9724.57,,,,
Madhya Pradesh - 2025,06-Sep 7am,10895.42,,,,
Madhya Pradesh - 2025,06-Sep 8am,10960.36,,,,
Madhya Pradesh - 2025,06-Sep 9am,10996.4,,,,
Madhya Pradesh - 2025,06-Sep 10am,10806.11,,,,
Madhya Pradesh - 2025,06-Sep 11am,10333.03,,,,
Madhya Pradesh - 2025,06-Sep 12pm,9860.98,,,,
Madhya Pradesh - 2025,06-Sep 1pm,9383.88,,,,
Madhya Pradesh - 2025,06-Sep 2pm,9356.55,,,,
Madhya Pradesh - 2025,06-Sep 3pm,9508.42,,,,
Madhya Pradesh - 2025,06-Sep 4pm,9678.18,,,,
Madhya Pradesh - 2025,06-Sep 5pm,9895.93,,,,
Madhya Pradesh - 2025,06-Sep 6pm,10087.71,,,,
Madhya Pradesh - 2025,06-Sep 7pm,11074.85,,,,
Madhya Pradesh - 2025,06-Sep 8pm,10715.28,,,,
Madhya Pradesh - 2025,06-Sep 9pm,10145.45,,,,
Madhya Pradesh - 2025,06-Sep 10pm,9893.77,,,,
Madhya Pradesh - 2025,06-Sep 11pm,9854.01,,,,
Madhya Pradesh - 2025,07-Sep 12am,9640.97,,,,
Madhya Pradesh - 2025,07-Sep 1am,9697.5,,,,
Madhya Pradesh - 2025,07-Sep 2am,9399.34,,,,
Madhya Pradesh - 2025,07-Sep 3am,9305.1,,,,
Madhya Pradesh - 2025,07-Sep 4am,9209.31,,,,
Madhya Pradesh - 2025,07-Sep 5am,9324.66,,,,
Madhya Pradesh - 2025,07-Sep 6am,9750.02,,,,
Madhya Pradesh - 2025,07-Sep 7am,10666.25,,,,
Madhya Pradesh - 2025,07-Sep 8am,10662.72,,,,
Madhya Pradesh - 2025,07-Sep 9am,10635.65,,,,
Madhya Pradesh - 2025,07-Sep 10am,10351.53,,,,
Madhya Pradesh - 2025,07-Sep 11am,9850.36,,,,
Madhya Pradesh - 2025,07-Sep 12pm,9156.15,,,,
Madhya Pradesh - 2025,07-Sep 1pm,9130.79,,,,
Madhya Pradesh - 2025,07-Sep 2pm,9112.05,,,,
Madhya Pradesh - 2025,07-Sep 3pm,9171,,,,
Madhya Pradesh - 2025,07-Sep 4pm,9301.2,,,,
Madhya Pradesh - 2025,07-Sep 5pm,9500.88,,,,
Madhya Pradesh - 2025,07-Sep 6pm,9895.33,,,,
Madhya Pradesh - 2025,07-Sep 7pm,10849.64,,,,
Madhya Pradesh - 2025,07-Sep 8pm,10727.42,,,,
Madhya Pradesh - 2025,07-Sep 9pm,10235.4,,,,
Madhya Pradesh - 2025,07-Sep 10pm,10163.71,,,,
Madhya Pradesh - 2025,07-Sep 11pm,10070.73,,,,
Madhya Pradesh - 2025,08-Sep 12am,9917.88,,,,
Madhya Pradesh - 2025,08-Sep 1am,9800.59,,,,
Madhya Pradesh - 2025,08-Sep 2am,9485.71,,,,
Madhya Pradesh - 2025,08-Sep 3am,9397.84,,,,
Madhya Pradesh - 2025,08-Sep 4am,9350.71,,,,
Madhya Pradesh - 2025,08-Sep 5am,9506.63,,,,
Madhya Pradesh - 2025,08-Sep 6am,10234.98,,,,
Madhya Pradesh - 2025,08-Sep 7am,11105.21,,,,
Madhya Pradesh - 2025,08-Sep 8am,10957.45,,,,
Madhya Pradesh - 2025,08-Sep 9am,10727.19,,,,
Madhya Pradesh - 2025,08-Sep 10am,10537.33,,,,
Madhya Pradesh - 2025,08-Sep 11am,10234.96,,,,
Madhya Pradesh - 2025,08-Sep 12pm,9850.5,,,,
Madhya Pradesh - 2025,08-Sep 1pm,9902.91,,,,
Madhya Pradesh - 2025,08-Sep 2pm,9664.83,,,,
Madhya Pradesh - 2025,08-Sep 3pm,9958.11,,,,
Madhya Pradesh - 2025,08-Sep 4pm,10115.5,,,,
Madhya Pradesh - 2025,08-Sep 5pm,10350.18,,,,
Madhya Pradesh - 2025,08-Sep 6pm,10448.51,,,,
Madhya Pradesh - 2025,08-Sep 7pm,11414.02,,,,
Madhya Pradesh - 2025,08-Sep 8pm,11270.7,,,,
Madhya Pradesh - 2025,08-Sep 9pm,10742.56,,,,
Madhya Pradesh - 2025,08-Sep 10pm,10599.36,,,,
Madhya Pradesh - 2025,08-Sep 11pm,10628.72,,,,
Madhya Pradesh - 2025,09-Sep 12am,10491.45,,,,
Madhya Pradesh - 2025,09-Sep 1am,10315.1,,,,
Madhya Pradesh - 2025,09-Sep 2am,10143.04,,,,
Madhya Pradesh - 2025,09-Sep 3am,10088.91,,,,
Madhya Pradesh - 2025,09-Sep 4am,10035.01,,,,
Madhya Pradesh - 2025,09-Sep 5am,10040.61,,,,
Madhya Pradesh - 2025,09-Sep 6am,10796.72,,,,
Madhya Pradesh - 2025,09-Sep 7am,11682.78,,,,
Madhya Pradesh - 2025,09-Sep 8am,11465.19,,,,
Madhya Pradesh - 2025,09-Sep 9am,11308.54,,,,
Madhya Pradesh - 2025,09-Sep 10am,10966.61,,,,
Madhya Pradesh - 2025,09-Sep 11am,10576.65,,,,
Madhya Pradesh - 2025,09-Sep 12pm,10075.49,,,,
Madhya Pradesh - 2025,09-Sep 1pm,10013.46,,,,
Madhya Pradesh - 2025,09-Sep 2pm,10146.84,,,,
Madhya Pradesh - 2025,09-Sep 3pm,10336.12,,,,
Madhya Pradesh - 2025,09-Sep 4pm,10079.35,,,,
Madhya Pradesh - 2025,09-Sep 5pm,10694.41,,,,
Madhya Pradesh - 2025,09-Sep 6pm,10921.3,,,,
Madhya Pradesh - 2025,09-Sep 7pm,11691.87,,,,
Madhya Pradesh - 2025,09-Sep 8pm,11597.75,,,,
Madhya Pradesh - 2025,09-Sep 9pm,10986.17,,,,
Madhya Pradesh - 2025,09-Sep 10pm,10847.21,,,,
Madhya Pradesh - 2025,09-Sep 11pm,11011.28,,,,
Madhya Pradesh - 2025,10-Sep 12am,10880.82,,,,
Madhya Pradesh - 2025,10-Sep 1am,10721.76,,,,
Madhya Pradesh - 2025,10-Sep 2am,10515.41,,,,
Madhya Pradesh - 2025,10-Sep 3am,10402.54,,,,
Madhya Pradesh - 2025,10-Sep 4am,10331.68,,,,
Madhya Pradesh - 2025,10-Sep 5am,10464.27,,,,
Madhya Pradesh - 2025,10-Sep 6am,11013.13,,,,
Madhya Pradesh - 2025,10-Sep 7am,11870.81,,,,
Madhya Pradesh - 2025,10-Sep 8am,11581.3,,,,
Madhya Pradesh - 2025,10-Sep 9am,11583.82,,,,
Madhya Pradesh - 2025,10-Sep 10am,11153.66,,,,
Madhya Pradesh - 2025,10-Sep 11am,10848.05,,,,
Madhya Pradesh - 2025,10-Sep 12pm,10513.47,,,,
Madhya Pradesh - 2025,10-Sep 1pm,10497.07,,,,
Madhya Pradesh - 2025,10-Sep 2pm,10444.71,,,,
Madhya Pradesh - 2025,10-Sep 3pm,10800.74,,,,
Madhya Pradesh - 2025,10-Sep 4pm,10970.55,,,,
Madhya Pradesh - 2025,10-Sep 5pm,11183.94,,,,
Madhya Pradesh - 2025,10-Sep 6pm,11202.95,,,,
Madhya Pradesh - 2025,10-Sep 7pm,12238.82,,,,
Madhya Pradesh - 2025,10-Sep 8pm,11966.19,,,,
Madhya Pradesh - 2025,10-Sep 9pm,11417.12,,,,
Madhya Pradesh - 2025,10-Sep 10pm,11238.95,,,,
Madhya Pradesh - 2025,10-Sep 11pm,11239.69,,,,
Madhya Pradesh - 2025,11-Sep 12am,11134.28,,,,
Madhya Pradesh - 2025,11-Sep 1am,11069.83,,,,
Madhya Pradesh - 2025,11-Sep 2am,10888.46,,,,
Madhya Pradesh - 2025,11-Sep 3am,10751.06,,,,
Madhya Pradesh - 2025,11-Sep 4am,10706.18,,,,
Madhya Pradesh - 2025,11-Sep 5am,10840.7,,,,
Madhya Pradesh - 2025,11-Sep 6am,11388.9,,,,
Madhya Pradesh - 2025,11-Sep 7am,12365.89,,,,
Madhya Pradesh - 2025,11-Sep 8am,11996.94,,,,
Madhya Pradesh - 2025,11-Sep 9am,11713.54,,,,
Madhya Pradesh - 2025,11-Sep 10am,11492.9,,,,
Madhya Pradesh - 2025,11-Sep 11am,10989.16,,,,
Madhya Pradesh - 2025,11-Sep 12pm,10579.17,,,,
Madhya Pradesh - 2025,11-Sep 1pm,10335.39,,,,
Madhya Pradesh - 2025,11-Sep 2pm,10542.74,,,,
Madhya Pradesh - 2025,11-Sep 3pm,11010,,,,
Madhya Pradesh - 2025,11-Sep 4pm,10991.86,,,,
Madhya Pradesh - 2025,11-Sep 5pm,11198.42,,,,
Madhya Pradesh - 2025,11-Sep 6pm,11375.29,,,,
Madhya Pradesh - 2025,11-Sep 7pm,12166.91,,,,
Madhya Pradesh - 2025,11-Sep 8pm,11880.17,,,,
Madhya Pradesh - 2025,11-Sep 9pm,11243.29,,,,
Madhya Pradesh - 2025,11-Sep 10pm,11125.9,,,,
Madhya Pradesh - 2025,11-Sep 11pm,11278.51,,,,
Madhya Pradesh - 2025,12-Sep 12am,11237.34,,,,
Madhya Pradesh - 2025,12-Sep 1am,11001.8,,,,
Madhya Pradesh - 2025,12-Sep 2am,10841.03,,,,
Madhya Pradesh - 2025,12-Sep 3am,10824.43,,,,
Madhya Pradesh - 2025,12-Sep 4am,10769.4,,,,
Madhya Pradesh - 2025,12-Sep 5am,10685.11,,,,
Madhya Pradesh - 2025,12-Sep 6am,11545.15,,,,
Madhya Pradesh - 2025,12-Sep 7am,12270.49,,,,
Madhya Pradesh - 2025,12-Sep 8am,12275.86,,,,
Madhya Pradesh - 2025,12-Sep 9am,12681.97,,,,
Madhya Pradesh - 2025,12-Sep 10am,12049.24,,,,
Madhya Pradesh - 2025,12-Sep 11am,11330.26,,,,
Madhya Pradesh - 2025,12-Sep 12pm,10917.95,,,,
Madhya Pradesh - 2025,12-Sep 1pm,10633.07,,,,
Madhya Pradesh - 2025,12-Sep 2pm,10556.45,,,,
Madhya Pradesh - 2025,12-Sep 3pm,10921.94,,,,
Madhya Pradesh - 2025,12-Sep 4pm,10886.46,,,,
Madhya Pradesh - 2025,12-Sep 5pm,10499.26,,,,
Madhya Pradesh - 2025,12-Sep 6pm,11258.02,,,,
Madhya Pradesh - 2025,12-Sep 7pm,12268.8,,,,
Madhya Pradesh - 2025,12-Sep 8pm,11904.04,,,,
Madhya Pradesh - 2025,12-Sep 9pm,11287.1,,,,
Madhya Pradesh - 2025,12-Sep 10pm,11253.37,,,,
Madhya Pradesh - 2025,12-Sep 11pm,11289.36,,,,
Madhya Pradesh - 2025,13-Sep 12am,11274.3,,,,
Madhya Pradesh - 2025,13-Sep 1am,11198.61,,,,
Madhya Pradesh - 2025,13-Sep 2am,10981.78,,,,
Madhya Pradesh - 2025,13-Sep 3am,10948.51,,,,
Madhya Pradesh - 2025,13-Sep 4am,10820.29,,,,
Madhya Pradesh - 2025,13-Sep 5am,10889.45,,,,
Madhya Pradesh - 2025,13-Sep 6am,11653.35,,,,
Madhya Pradesh - 2025,13-Sep 7am,12394.39,,,,
Madhya Pradesh - 2025,13-Sep 8am,12451.09,,,,
Madhya Pradesh - 2025,13-Sep 9am,12024.51,,,,
Madhya Pradesh - 2025,13-Sep 10am,11704.53,,,,
Madhya Pradesh - 2025,13-Sep 11am,11584.08,,,,
Madhya Pradesh - 2025,13-Sep 12pm,10818.69,,,,
Madhya Pradesh - 2025,13-Sep 1pm,11046.51,,,,
Madhya Pradesh - 2025,13-Sep 2pm,10972.87,,,,
Madhya Pradesh - 2025,13-Sep 3pm,11191.3,,,,
Madhya Pradesh - 2025,13-Sep 4pm,11185.66,,,,
Madhya Pradesh - 2025,13-Sep 5pm,11206.12,,,,
Madhya Pradesh - 2025,13-Sep 6pm,11464.57,,,,
Madhya Pradesh - 2025,13-Sep 7pm,12395.04,,,,
Madhya Pradesh - 2025,13-Sep 8pm,12038.94,,,,
Madhya Pradesh - 2025,13-Sep 9pm,11417.45,,,,
Madhya Pradesh - 2025,13-Sep 10pm,11253.42,,,,
Madhya Pradesh - 2025,13-Sep 11pm,11429.39,,,,
Madhya Pradesh - 2025,14-Sep 12am,11245.23,,,,
Madhya Pradesh - 2025,14-Sep 1am,11278.46,,,,
Madhya Pradesh - 2025,14-Sep 2am,11070.84,,,,
Madhya Pradesh - 2025,14-Sep 3am,11040.5,,,,
Madhya Pradesh - 2025,14-Sep 4am,10970.15,,,,
Madhya Pradesh - 2025,14-Sep 5am,10998.41,,,,
Madhya Pradesh - 2025,14-Sep 6am,11531.65,,,,
Madhya Pradesh - 2025,14-Sep 7am,12036.15,,,,
Madhya Pradesh - 2025,14-Sep 8am,12107.92,,,,
Madhya Pradesh - 2025,14-Sep 9am,11927,,,,
Madhya Pradesh - 2025,14-Sep 10am,11764.78,,,,
Madhya Pradesh - 2025,14-Sep 11am,11512.6,,,,
Madhya Pradesh - 2025,14-Sep 12pm,11011.82,,,,
Madhya Pradesh - 2025,14-Sep 1pm,11028.1,,,,
Madhya Pradesh - 2025,14-Sep 2pm,11028.95,,,,
Madhya Pradesh - 2025,14-Sep 3pm,11108.37,,,,
Madhya Pradesh - 2025,14-Sep 4pm,11505.29,,,,
Madhya Pradesh - 2025,14-Sep 5pm,11226.44,,,,
Madhya Pradesh - 2025,14-Sep 6pm,11010.4,,,,
Madhya Pradesh - 2025,14-Sep 7pm,11915.47,,,,
Madhya Pradesh - 2025,14-Sep 8pm,11628.19,,,,
Madhya Pradesh - 2025,14-Sep 9pm,11567.42,,,,
Madhya Pradesh - 2025,14-Sep 10pm,11320.11,,,,
Madhya Pradesh - 2025,14-Sep 11pm,11400.12,,,,
Madhya Pradesh - 2025,15-Sep 12am,11313.6,,,,
Madhya Pradesh - 2025,15-Sep 1am,11284.25,,,,
Madhya Pradesh - 2025,15-Sep 2am,11030.17,,,,
Madhya Pradesh - 2025,15-Sep 3am,11092.83,,,,
Madhya Pradesh - 2025,15-Sep 4am,10980.23,,,,
Madhya Pradesh - 2025,15-Sep 5am,11105.24,,,,
Madhya Pradesh - 2025,15-Sep 6am,11567.2,,,,
Madhya Pradesh - 2025,15-Sep 7am,12414.22,,,,
Madhya Pradesh - 2025,15-Sep 8am,12403.33,,,,
Madhya Pradesh - 2025,15-Sep 9am,13163.55,,,,
Madhya Pradesh - 2025,15-Sep 10am,12147.23,,,,
Madhya Pradesh - 2025,15-Sep 11am,11698.16,,,,
Madhya Pradesh - 2025,15-Sep 12pm,10897.46,,,,
Madhya Pradesh - 2025,15-Sep 1pm,10909.51,,,,
Madhya Pradesh - 2025,15-Sep 2pm,10835.16,,,,
Madhya Pradesh - 2025,15-Sep 3pm,11026.27,,,,
Madhya Pradesh - 2025,15-Sep 4pm,10973.35,,,,
Madhya Pradesh - 2025,15-Sep 5pm,10966.58,,,,
Madhya Pradesh - 2025,15-Sep 6pm,10845.35,,,,
Madhya Pradesh - 2025,15-Sep 7pm,12040.59,,,,
Madhya Pradesh - 2025,15-Sep 8pm,11645.08,,,,
Madhya Pradesh - 2025,15-Sep 9pm,11076.81,,,,
Madhya Pradesh - 2025,15-Sep 10pm,10798.15,,,,
Madhya Pradesh - 2025,15-Sep 11pm,10996.48,,,,
Madhya Pradesh - 2025,16-Sep 12am,11885.99,,,,
Madhya Pradesh - 2025,16-Sep 1am,10525.41,,,,
Madhya Pradesh - 2025,16-Sep 2am,10482.28,,,,
Madhya Pradesh - 2025,16-Sep 3am,11191.28,,,,
Madhya Pradesh - 2025,16-Sep 4am,10790.8,,,,
Madhya Pradesh - 2025,16-Sep 5am,10755.14,,,,
Madhya Pradesh - 2025,16-Sep 6am,10977.37,,,,
Madhya Pradesh - 2025,16-Sep 7am,11547.75,,,,
Madhya Pradesh - 2025,16-Sep 8am,12707.01,,,,
Madhya Pradesh - 2025,16-Sep 9am,12640.56,,,,
Madhya Pradesh - 2025,16-Sep 10am,11496.48,,,,
Madhya Pradesh - 2025,16-Sep 11am,11241.66,,,,
Madhya Pradesh - 2025,16-Sep 12pm,10587.19,,,,
Madhya Pradesh - 2025,16-Sep 1pm,10744.49,,,,
Madhya Pradesh - 2025,16-Sep 2pm,10519.86,,,,
Madhya Pradesh - 2025,16-Sep 3pm,10851.8,,,,
Madhya Pradesh - 2025,16-Sep 4pm,10964.73,,,,
Madhya Pradesh - 2025,16-Sep 5pm,11152.35,,,,
Madhya Pradesh - 2025,16-Sep 6pm,11096.34,,,,
Madhya Pradesh - 2025,16-Sep 7pm,12328.96,,,,
Madhya Pradesh - 2025,16-Sep 8pm,11774.29,,,,
Madhya Pradesh - 2025,16-Sep 9pm,11189.96,,,,
Madhya Pradesh - 2025,16-Sep 10pm,11028.35,,,,
Madhya Pradesh - 2025,16-Sep 11pm,11109.51,,,,
Madhya Pradesh - 2025,17-Sep 12am,11325.16,,,,
Madhya Pradesh - 2025,17-Sep 1am,10850.9,,,,
Madhya Pradesh - 2025,17-Sep 2am,11124.35,,,,
Madhya Pradesh - 2025,17-Sep 3am,10676.31,,,,
Madhya Pradesh - 2025,17-Sep 4am,10454.09,,,,
Madhya Pradesh - 2025,17-Sep 5am,10406.04,,,,
Madhya Pradesh - 2025,17-Sep 6am,11060.53,,,,
Madhya Pradesh - 2025,17-Sep 7am,11806.22,,,,
Madhya Pradesh - 2025,17-Sep 8am,11916.86,,,,
Madhya Pradesh - 2025,17-Sep 9am,12238,,,,
Madhya Pradesh - 2025,17-Sep 10am,11369.71,,,,
Madhya Pradesh - 2025,17-Sep 11am,11161.91,,,,
Madhya Pradesh - 2025,17-Sep 12pm,10762.83,,,,
Madhya Pradesh - 2025,17-Sep 1pm,10830.88,,,,
Madhya Pradesh - 2025,17-Sep 2pm,10386.44,,,,
Madhya Pradesh - 2025,17-Sep 3pm,10783.32,,,,
Madhya Pradesh - 2025,17-Sep 4pm,10918.28,,,,
Madhya Pradesh - 2025,17-Sep 5pm,10603.75,,,,
Madhya Pradesh - 2025,17-Sep 6pm,10536.56,,,,
Madhya Pradesh - 2025,17-Sep 7pm,11444.08,,,,
Madhya Pradesh - 2025,17-Sep 8pm,10957.01,,,,
Madhya Pradesh - 2025,17-Sep 9pm,10450.7,,,,
Madhya Pradesh - 2025,17-Sep 10pm,10134.83,,,,
Madhya Pradesh - 2025,17-Sep 11pm,10370.83,,,,
Madhya Pradesh - 2025,18-Sep 12am,10438.58,,,,
Madhya Pradesh - 2025,18-Sep 1am,10186.64,,,,
Madhya Pradesh - 2025,18-Sep 2am,10459.22,,,,
Madhya Pradesh - 2025,18-Sep 3am,10384.08,,,,
Madhya Pradesh - 2025,18-Sep 4am,9925.19,,,,
Madhya Pradesh - 2025,18-Sep 5am,9935.47,,,,
Madhya Pradesh - 2025,18-Sep 6am,10320.43,,,,
Madhya Pradesh - 2025,18-Sep 7am,11199.5,,,,
Madhya Pradesh - 2025,18-Sep 8am,11645.92,,,,
Madhya Pradesh - 2025,18-Sep 9am,12190.32,,,,
Madhya Pradesh - 2025,18-Sep 10am,11774.25,,,,
Madhya Pradesh - 2025,18-Sep 11am,10846.81,,,,
Madhya Pradesh - 2025,18-Sep 12pm,10462.08,,,,
Madhya Pradesh - 2025,18-Sep 1pm,10236.47,,,,
Madhya Pradesh - 2025,18-Sep 2pm,10140.39,,,,
Madhya Pradesh - 2025,18-Sep 3pm,10288.91,,,,
Madhya Pradesh - 2025,18-Sep 4pm,10263.67,,,,
Madhya Pradesh - 2025,18-Sep 5pm,10349.78,,,,
Madhya Pradesh - 2025,18-Sep 6pm,10787.31,,,,
Madhya Pradesh - 2025,18-Sep 7pm,11692.32,,,,
Madhya Pradesh - 2025,18-Sep 8pm,11492.19,,,,
Madhya Pradesh - 2025,18-Sep 9pm,10877.56,,,,
Madhya Pradesh - 2025,18-Sep 10pm,10776.58,,,,
Madhya Pradesh - 2025,18-Sep 11pm,10764.9,,,,
Madhya Pradesh - 2025,19-Sep 12am,10863.23,,,,
Madhya Pradesh - 2025,19-Sep 1am,10666.68,,,,
Madhya Pradesh - 2025,19-Sep 2am,10552.86,,,,
Madhya Pradesh - 2025,19-Sep 3am,10304.76,,,,
Madhya Pradesh - 2025,19-Sep 4am,10317.75,,,,
Madhya Pradesh - 2025,19-Sep 5am,10324.3,,,,
Madhya Pradesh - 2025,19-Sep 6am,10959.26,,,,
Madhya Pradesh - 2025,19-Sep 7am,11839.73,,,,
Madhya Pradesh - 2025,19-Sep 8am,11963.6,,,,
Madhya Pradesh - 2025,19-Sep 9am,12366.52,,,,
Madhya Pradesh - 2025,19-Sep 10am,11364.06,,,,
Madhya Pradesh - 2025,19-Sep 11am,11233.02,,,,
Madhya Pradesh - 2025,19-Sep 12pm,10679.42,,,,
Madhya Pradesh - 2025,19-Sep 1pm,10671.57,,,,
Madhya Pradesh - 2025,19-Sep 2pm,10654.44,,,,
Madhya Pradesh - 2025,19-Sep 3pm,10855.18,,,,
Madhya Pradesh - 2025,19-Sep 4pm,10909.64,,,,
Madhya Pradesh - 2025,19-Sep 5pm,11009.36,,,,
Madhya Pradesh - 2025,19-Sep 6pm,11198.38,,,,
Madhya Pradesh - 2025,19-Sep 7pm,12192.53,,,,
Madhya Pradesh - 2025,19-Sep 8pm,11694.49,,,,
Madhya Pradesh - 2025,19-Sep 9pm,11140.8,,,,
Madhya Pradesh - 2025,19-Sep 10pm,10946.06,,,,
Madhya Pradesh - 2025,19-Sep 11pm,10966.04,,,,
Madhya Pradesh - 2025,20-Sep 12am,10940.26,,,,
Madhya Pradesh - 2025,20-Sep 1am,10879.06,,,,
Madhya Pradesh - 2025,20-Sep 2am,10660.68,,,,
Madhya Pradesh - 2025,20-Sep 3am,10551.52,,,,
Madhya Pradesh - 2025,20-Sep 4am,10426.58,,,,
Madhya Pradesh - 2025,20-Sep 5am,10496.12,,,,
Madhya Pradesh - 2025,20-Sep 6am,11226.36,,,,
Madhya Pradesh - 2025,20-Sep 7am,12133.91,,,,
Madhya Pradesh - 2025,20-Sep 8am,11726.94,,,,
Madhya Pradesh - 2025,20-Sep 9am,11671.22,,,,
Madhya Pradesh - 2025,20-Sep 10am,11381.04,,,,
Madhya Pradesh - 2025,20-Sep 11am,11204.78,,,,
Madhya Pradesh - 2025,20-Sep 12pm,10560.55,,,,
Madhya Pradesh - 2025,20-Sep 1pm,10658.21,,,,
Madhya Pradesh - 2025,20-Sep 2pm,10412.87,,,,
Madhya Pradesh - 2025,20-Sep 3pm,10609.99,,,,
Madhya Pradesh - 2025,20-Sep 4pm,10418.58,,,,
Madhya Pradesh - 2025,20-Sep 5pm,10649.53,,,,
Madhya Pradesh - 2025,20-Sep 6pm,11039.23,,,,
Madhya Pradesh - 2025,20-Sep 7pm,11949.28,,,,
Madhya Pradesh - 2025,20-Sep 8pm,11396.1,,,,
Madhya Pradesh - 2025,20-Sep 9pm,10835.72,,,,
Madhya Pradesh - 2025,20-Sep 10pm,10909.16,,,,
Madhya Pradesh - 2025,20-Sep 11pm,10971.62,,,,
Madhya Pradesh - 2025,21-Sep 12am,10785.97,,,,
Madhya Pradesh - 2025,21-Sep 1am,10705.06,,,,
Madhya Pradesh - 2025,21-Sep 2am,10597.42,,,,
Madhya Pradesh - 2025,21-Sep 3am,10532.5,,,,
Madhya Pradesh - 2025,21-Sep 4am,10456.52,,,,
Madhya Pradesh - 2025,21-Sep 5am,10466.12,,,,
Madhya Pradesh - 2025,21-Sep 6am,11075.18,,,,
Madhya Pradesh - 2025,21-Sep 7am,11849.27,,,,
Madhya Pradesh - 2025,21-Sep 8am,11655.17,,,,
Madhya Pradesh - 2025,21-Sep 9am,11454.46,,,,
Madhya Pradesh - 2025,21-Sep 10am,11174.75,,,,
Madhya Pradesh - 2025,21-Sep 11am,10532.32,,,,
Madhya Pradesh - 2025,21-Sep 12pm,10095.36,,,,
Madhya Pradesh - 2025,21-Sep 1pm,10153.45,,,,
Madhya Pradesh - 2025,21-Sep 2pm,10056.86,,,,
Madhya Pradesh - 2025,21-Sep 3pm,10269.33,,,,
Madhya Pradesh - 2025,21-Sep 4pm,10435.61,,,,
Madhya Pradesh - 2025,21-Sep 5pm,10720.6,,,,
Madhya Pradesh - 2025,21-Sep 6pm,10783.49,,,,
Madhya Pradesh - 2025,21-Sep 7pm,11885.73,,,,
Madhya Pradesh - 2025,21-Sep 8pm,11439.75,,,,
Madhya Pradesh - 2025,21-Sep 9pm,11080.63,,,,
Madhya Pradesh - 2025,21-Sep 10pm,11069.04,,,,
Madhya Pradesh - 2025,21-Sep 11pm,11226.31,,,,
Madhya Pradesh - 2025,22-Sep 12am,11146.24,,,,
Madhya Pradesh - 2025,22-Sep 1am,11001.49,,,,
Madhya Pradesh - 2025,22-Sep 2am,10772.52,,,,
Madhya Pradesh - 2025,22-Sep 3am,10608.24,,,,
Madhya Pradesh - 2025,22-Sep 4am,10577.35,,,,
Madhya Pradesh - 2025,22-Sep 5am,10826.81,,,,
Madhya Pradesh - 2025,22-Sep 6am,11442.41,,,,
Madhya Pradesh - 2025,22-Sep 7am,12279.55,,,,
Madhya Pradesh - 2025,22-Sep 8am,11998.13,,,,
Madhya Pradesh - 2025,22-Sep 9am,11886.34,,,,
Madhya Pradesh - 2025,22-Sep 10am,11714.9,,,,
Madhya Pradesh - 2025,22-Sep 11am,11502.16,,,,
Madhya Pradesh - 2025,22-Sep 12pm,11213.36,,,,
Madhya Pradesh - 2025,22-Sep 1pm,11066.97,,,,
Madhya Pradesh - 2025,22-Sep 2pm,11139.91,,,,
Madhya Pradesh - 2025,22-Sep 3pm,11337.29,,,,
Madhya Pradesh - 2025,22-Sep 4pm,11271.08,,,,
Madhya Pradesh - 2025,22-Sep 5pm,11438.09,,,,
Madhya Pradesh - 2025,22-Sep 6pm,11620.12,,,,
Madhya Pradesh - 2025,22-Sep 7pm,12759.34,,,,
Madhya Pradesh - 2025,22-Sep 8pm,12192.7,,,,
Madhya Pradesh - 2025,22-Sep 9pm,11662.42,,,,
Madhya Pradesh - 2025,22-Sep 10pm,11528.92,,,,
Madhya Pradesh - 2025,22-Sep 11pm,11692.23,,,,
Madhya Pradesh - 2025,23-Sep 12am,11648.81,,,,
Madhya Pradesh - 2025,23-Sep 1am,11566.74,,,,
Madhya Pradesh - 2025,23-Sep 2am,11429.52,,,,
Madhya Pradesh - 2025,23-Sep 3am,11385.24,,,,
Madhya Pradesh - 2025,23-Sep 4am,11277.51,,,,
Madhya Pradesh - 2025,23-Sep 5am,11439.6,,,,
Madhya Pradesh - 2025,23-Sep 6am,12136.27,,,,
Madhya Pradesh - 2025,23-Sep 7am,12813.64,,,,
Madhya Pradesh - 2025,23-Sep 8am,12445.64,,,,
Madhya Pradesh - 2025,23-Sep 9am,12073.37,,,,
Madhya Pradesh - 2025,23-Sep 10am,11859.1,,,,
Madhya Pradesh - 2025,23-Sep 11am,11583.33,,,,
Madhya Pradesh - 2025,23-Sep 12pm,11200.34,,,,
Madhya Pradesh - 2025,23-Sep 1pm,11298.29,,,,
Madhya Pradesh - 2025,23-Sep 2pm,11156.8,,,,
Madhya Pradesh - 2025,23-Sep 3pm,11460.06,,,,
Madhya Pradesh - 2025,23-Sep 4pm,11608.81,,,,
Madhya Pradesh - 2025,23-Sep 5pm,11725.69,,,,
Madhya Pradesh - 2025,23-Sep 6pm,11819.28,,,,
Madhya Pradesh - 2025,23-Sep 7pm,13133.43,,,,
Madhya Pradesh - 2025,23-Sep 8pm,12369.96,,,,
Madhya Pradesh - 2025,23-Sep 9pm,11816.61,,,,
Madhya Pradesh - 2025,23-Sep 10pm,11799.89,,,,
Madhya Pradesh - 2025,23-Sep 11pm,11876.81,,,,
Madhya Pradesh - 2025,24-Sep 12am,11796.65,,,,
Madhya Pradesh - 2025,24-Sep 1am,11710.96,,,,
Madhya Pradesh - 2025,24-Sep 2am,11571.76,,,,
Madhya Pradesh - 2025,24-Sep 3am,11486.51,,,,
Madhya Pradesh - 2025,24-Sep 4am,11422.95,,,,
Madhya Pradesh - 2025,24-Sep 5am,11390.62,,,,
Madhya Pradesh - 2025,24-Sep 6am,12176.84,,,,
Madhya Pradesh - 2025,24-Sep 7am,12929.15,,,,
Madhya Pradesh - 2025,24-Sep 8am,12516.34,,,,
Madhya Pradesh - 2025,24-Sep 9am,12303.55,,,,
Madhya Pradesh - 2025,24-Sep 10am,12209.2,,,,
Madhya Pradesh - 2025,24-Sep 11am,11690.02,,,,
Madhya Pradesh - 2025,24-Sep 12pm,11228.1,,,,
Madhya Pradesh - 2025,24-Sep 1pm,11217.51,,,,
Madhya Pradesh - 2025,24-Sep 2pm,11246.71,,,,
Madhya Pradesh - 2025,24-Sep 3pm,11426.51,,,,
Madhya Pradesh - 2025,24-Sep 4pm,11510.3,,,,
Madhya Pradesh - 2025,24-Sep 5pm,11497.55,,,,
Madhya Pradesh - 2025,24-Sep 6pm,11505.42,,,,
Madhya Pradesh - 2025,24-Sep 7pm,12959.07,,,,
Madhya Pradesh - 2025,24-Sep 8pm,12280.49,,,,
Madhya Pradesh - 2025,24-Sep 9pm,11639.54,,,,
Madhya Pradesh - 2025,24-Sep 10pm,11587.13,,,,
Madhya Pradesh - 2025,24-Sep 11pm,11785.74,,,,
Madhya Pradesh - 2025,25-Sep 12am,11746.6,,,,
Madhya Pradesh - 2025,25-Sep 1am,11596.3,,,,
Madhya Pradesh - 2025,25-Sep 2am,11285.41,,,,
Madhya Pradesh - 2025,25-Sep 3am,11257.78,,,,
Madhya Pradesh - 2025,25-Sep 4am,10985.77,,,,
Madhya Pradesh - 2025,25-Sep 5am,10985.34,,,,
Madhya Pradesh - 2025,25-Sep 6am,11752.6,,,,
Madhya Pradesh - 2025,25-Sep 7am,12520.66,,,,
Madhya Pradesh - 2025,25-Sep 8am,12212.86,,,,
Madhya Pradesh - 2025,25-Sep 9am,11785.54,,,,
Madhya Pradesh - 2025,25-Sep 10am,11555.65,,,,
Madhya Pradesh - 2025,25-Sep 11am,11102.73,,,,
Madhya Pradesh - 2025,25-Sep 12pm,10683.75,,,,
Madhya Pradesh - 2025,25-Sep 1pm,10779.86,,,,
Madhya Pradesh - 2025,25-Sep 2pm,10821.9,,,,
Madhya Pradesh - 2025,25-Sep 3pm,11087.64,,,,
Madhya Pradesh - 2025,25-Sep 4pm,11213.23,,,,
Madhya Pradesh - 2025,25-Sep 5pm,11333.22,,,,
Madhya Pradesh - 2025,25-Sep 6pm,11525.3,,,,
Madhya Pradesh - 2025,25-Sep 7pm,12787.44,,,,
Madhya Pradesh - 2025,25-Sep 8pm,12015.71,,,,
Madhya Pradesh - 2025,25-Sep 9pm,11417.75,,,,
Madhya Pradesh - 2025,25-Sep 10pm,11379.16,,,,
Madhya Pradesh - 2025,25-Sep 11pm,11607.07,,,,
Madhya Pradesh - 2025,26-Sep 12am,11677.95,,,,
Madhya Pradesh - 2025,26-Sep 1am,11486.21,,,,
Madhya Pradesh - 2025,26-Sep 2am,11302.89,,,,
Madhya Pradesh - 2025,26-Sep 3am,11205.18,,,,
Madhya Pradesh - 2025,26-Sep 4am,11143.92,,,,
Madhya Pradesh - 2025,26-Sep 5am,11258.36,,,,
Madhya Pradesh - 2025,26-Sep 6am,12031.16,,,,
Madhya Pradesh - 2025,26-Sep 7am,12768.47,,,,
Madhya Pradesh - 2025,26-Sep 8am,12437.11,,,,
Madhya Pradesh - 2025,26-Sep 9am,12358.67,,,,
Madhya Pradesh - 2025,26-Sep 10am,12190.42,,,,
Madhya Pradesh - 2025,26-Sep 11am,11609.4,,,,
Madhya Pradesh - 2025,26-Sep 12pm,11033.25,,,,
Madhya Pradesh - 2025,26-Sep 1pm,10809.48,,,,
Madhya Pradesh - 2025,26-Sep 2pm,10749.55,,,,
Madhya Pradesh - 2025,26-Sep 3pm,10920.78,,,,
Madhya Pradesh - 2025,26-Sep 4pm,11114.44,,,,
Madhya Pradesh - 2025,26-Sep 5pm,11340.93,,,,
Madhya Pradesh - 2025,26-Sep 6pm,11522.55,,,,
Madhya Pradesh - 2025,26-Sep 7pm,12771.61,,,,
Madhya Pradesh - 2025,26-Sep 8pm,11813.48,,,,
Madhya Pradesh - 2025,26-Sep 9pm,11159.11,,,,
Madhya Pradesh - 2025,26-Sep 10pm,11139.76,,,,
Madhya Pradesh - 2025,26-Sep 11pm,11255.52,,,,
Madhya Pradesh - 2025,27-Sep 12am,11138.74,,,,
Madhya Pradesh - 2025,27-Sep 1am,11160.89,,,,
Madhya Pradesh - 2025,27-Sep 2am,10957.73,,,,
Madhya Pradesh - 2025,27-Sep 3am,10779.26,,,,
Madhya Pradesh - 2025,27-Sep 4am,10869.32,,,,
Madhya Pradesh - 2025,27-Sep 5am,10962.56,,,,
Madhya Pradesh - 2025,27-Sep 6am,11181.86,,,,
Madhya Pradesh - 2025,27-Sep 7am,12068.27,,,,
Madhya Pradesh - 2025,27-Sep 8am,11616.19,,,,
Madhya Pradesh - 2025,27-Sep 9am,11476.13,,,,
Madhya Pradesh - 2025,27-Sep 10am,10743.93,,,,
Madhya Pradesh - 2025,27-Sep 11am,9985.64,,,,
Madhya Pradesh - 2025,27-Sep 12pm,9491.64,,,,
Madhya Pradesh - 2025,27-Sep 1pm,9396.7,,,,
Madhya Pradesh - 2025,27-Sep 2pm,9480.07,,,,
Madhya Pradesh - 2025,27-Sep 3pm,9583.42,,,,
Madhya Pradesh - 2025,27-Sep 4pm,9792.93,,,,
Madhya Pradesh - 2025,27-Sep 5pm,10083.77,,,,
Madhya Pradesh - 2025,27-Sep 6pm,10634.61,,,,
Madhya Pradesh - 2025,27-Sep 7pm,11805.16,,,,
Madhya Pradesh - 2025,27-Sep 8pm,11120.63,,,,
Madhya Pradesh - 2025,27-Sep 9pm,10518.54,,,,
Madhya Pradesh - 2025,27-Sep 10pm,10528.9,,,,
Madhya Pradesh - 2025,27-Sep 11pm,10513.15,,,,
Madhya Pradesh - 2025,28-Sep 12am,10427.86,,,,
Madhya Pradesh - 2025,28-Sep 1am,10247.37,,,,
Madhya Pradesh - 2025,28-Sep 2am,10193.81,,,,
Madhya Pradesh - 2025,28-Sep 3am,10026.33,,,,
Madhya Pradesh - 2025,28-Sep 4am,9917.54,,,,
Madhya Pradesh - 2025,28-Sep 5am,10004.92,,,,
Madhya Pradesh - 2025,28-Sep 6am,10466.31,,,,
Madhya Pradesh - 2025,28-Sep 7am,11383.58,,,,
Madhya Pradesh - 2025,28-Sep 8am,11158.7,,,,
Madhya Pradesh - 2025,28-Sep 9am,10978.94,,,,
Madhya Pradesh - 2025,28-Sep 10am,10636.95,,,,
Madhya Pradesh - 2025,28-Sep 11am,10228.05,,,,
Madhya Pradesh - 2025,28-Sep 12pm,9894.88,,,,
Madhya Pradesh - 2025,28-Sep 1pm,9593.53,,,,
Madhya Pradesh - 2025,28-Sep 2pm,9604.95,,,,
Madhya Pradesh - 2025,28-Sep 3pm,9703.92,,,,
Madhya Pradesh - 2025,28-Sep 4pm,9886.77,,,,
Madhya Pradesh - 2025,28-Sep 5pm,10341.28,,,,
Madhya Pradesh - 2025,28-Sep 6pm,10643.77,,,,
Madhya Pradesh - 2025,28-Sep 7pm,11971.24,,,,
Madhya Pradesh - 2025,28-Sep 8pm,11338.24,,,,
Madhya Pradesh - 2025,28-Sep 9pm,10524.04,,,,
Madhya Pradesh - 2025,28-Sep 10pm,10574.74,,,,
Madhya Pradesh - 2025,28-Sep 11pm,10660.21,,,,
Madhya Pradesh - 2025,29-Sep 12am,10814.32,,,,
Madhya Pradesh - 2025,29-Sep 1am,10639.26,,,,
Madhya Pradesh - 2025,29-Sep 2am,10475.86,,,,
Madhya Pradesh - 2025,29-Sep 3am,10418.14,,,,
Madhya Pradesh - 2025,29-Sep 4am,10274.95,,,,
Madhya Pradesh - 2025,29-Sep 5am,10364.17,,,,
Madhya Pradesh - 2025,29-Sep 6am,11018.91,,,,
Madhya Pradesh - 2025,29-Sep 7am,12122.8,,,,
Madhya Pradesh - 2025,29-Sep 8am,11930.04,,,,
Madhya Pradesh - 2025,29-Sep 9am,11746.46,,,,
Madhya Pradesh - 2025,29-Sep 10am,11432.12,,,,
Madhya Pradesh - 2025,29-Sep 11am,11059.45,,,,
Madhya Pradesh - 2025,29-Sep 12pm,10825.35,,,,
Madhya Pradesh - 2025,29-Sep 1pm,10682.29,,,,
Madhya Pradesh - 2025,29-Sep 2pm,10333.62,,,,
Madhya Pradesh - 2025,29-Sep 3pm,10318.84,,,,
Madhya Pradesh - 2025,29-Sep 4pm,10433.43,,,,
Madhya Pradesh - 2025,29-Sep 5pm,10794.78,,,,
Madhya Pradesh - 2025,29-Sep 6pm,11247.63,,,,
Madhya Pradesh - 2025,29-Sep 7pm,12104.89,,,,
Madhya Pradesh - 2025,29-Sep 8pm,11319.56,,,,
Madhya Pradesh - 2025,29-Sep 9pm,10665.38,,,,
Madhya Pradesh - 2025,29-Sep 10pm,10667.43,,,,
Madhya Pradesh - 2025,29-Sep 11pm,10916.88,,,,
Madhya Pradesh - 2025,30-Sep 12am,10893.75,,,,
Madhya Pradesh - 2025,30-Sep 1am,10868.09,,,,
Madhya Pradesh - 2025,30-Sep 2am,10660.37,,,,
Madhya Pradesh - 2025,30-Sep 3am,10550.55,,,,
Madhya Pradesh - 2025,30-Sep 4am,10447.58,,,,
Madhya Pradesh - 2025,30-Sep 5am,10511.16,,,,
Madhya Pradesh - 2025,30-Sep 6am,11198.7,,,,
Madhya Pradesh - 2025,30-Sep 7am,12066.76,,,,
Madhya Pradesh - 2025,30-Sep 8am,11844.63,,,,
Madhya Pradesh - 2025,30-Sep 9am,11821.86,,,,
Madhya Pradesh - 2025,30-Sep 10am,11537.7,,,,
Madhya Pradesh - 2025,30-Sep 11am,11107.21,,,,
Madhya Pradesh - 2025,30-Sep 12pm,10655.31,,,,
Madhya Pradesh - 2025,30-Sep 1pm,10517.11,,,,
Madhya Pradesh - 2025,30-Sep 2pm,10215.15,,,,
Madhya Pradesh - 2025,30-Sep 3pm,10072.75,,,,
Madhya Pradesh - 2025,30-Sep 4pm,10064.66,,,,
Madhya Pradesh - 2025,30-Sep 5pm,10103.5,,,,
Madhya Pradesh - 2025,30-Sep 6pm,10364.2,,,,
Madhya Pradesh - 2025,30-Sep 7pm,11038.83,,,,
Madhya Pradesh - 2025,30-Sep 8pm,10322.75,,,,
Madhya Pradesh - 2025,30-Sep 9pm,9739.59,,,,
Madhya Pradesh - 2025,30-Sep 10pm,9665.51,,,,
Madhya Pradesh - 2025,30-Sep 11pm,9894.19,,,,
Madhya Pradesh - 2025,01-Oct 12am,9924.03,,,,
Madhya Pradesh - 2025,01-Oct 1am,9808.85,,,,
Madhya Pradesh - 2025,01-Oct 2am,9584.36,,,,
Madhya Pradesh - 2025,01-Oct 3am,9470.41,,,,
Madhya Pradesh - 2025,01-Oct 4am,9397.14,,,,
Madhya Pradesh - 2025,01-Oct 5am,9611.23,,,,
Madhya Pradesh - 2025,01-Oct 6am,10204.85,,,,
Madhya Pradesh - 2025,01-Oct 7am,11266.19,,,,
Madhya Pradesh - 2025,01-Oct 8am,11163.72,,,,
Madhya Pradesh - 2025,01-Oct 9am,11018.75,,,,
Madhya Pradesh - 2025,01-Oct 10am,11082.63,,,,
Madhya Pradesh - 2025,01-Oct 11am,10379.34,,,,
Madhya Pradesh - 2025,01-Oct 12pm,9658.69,,,,
Madhya Pradesh - 2025,01-Oct 1pm,9953.4,,,,
Madhya Pradesh - 2025,01-Oct 2pm,10023.4,,,,
Madhya Pradesh - 2025,01-Oct 3pm,10154.4,,,,
Madhya Pradesh - 2025,01-Oct 4pm,10246.99,,,,
Madhya Pradesh - 2025,01-Oct 5pm,10491.44,,,,
Madhya Pradesh - 2025,01-Oct 6pm,10403.01,,,,
Madhya Pradesh - 2025,01-Oct 7pm,11251.54,,,,
Madhya Pradesh - 2025,01-Oct 8pm,10491.64,,,,
Madhya Pradesh - 2025,01-Oct 9pm,10108.13,,,,
Madhya Pradesh - 2025,01-Oct 10pm,9881.52,,,,
Madhya Pradesh - 2025,01-Oct 11pm,10032.24,,,,
Madhya Pradesh - 2025,02-Oct 12am,10105.67,,,,
Madhya Pradesh - 2025,02-Oct 1am,10076.84,,,,
Madhya Pradesh - 2025,02-Oct 2am,9975.71,,,,
Madhya Pradesh - 2025,02-Oct 3am,9805.57,,,,
Madhya Pradesh - 2025,02-Oct 4am,9723.28,,,,
Madhya Pradesh - 2025,02-Oct 5am,9790.22,,,,
Madhya Pradesh - 2025,02-Oct 6am,10304.85,,,,
Madhya Pradesh - 2025,02-Oct 7am,11113.98,,,,
Madhya Pradesh - 2025,02-Oct 8am,10844.88,,,,
Madhya Pradesh - 2025,02-Oct 9am,10869.01,,,,
Madhya Pradesh - 2025,02-Oct 10am,10533.39,,,,
Madhya Pradesh - 2025,02-Oct 11am,10251.93,,,,
Madhya Pradesh - 2025,02-Oct 12pm,9646.54,,,,
Madhya Pradesh - 2025,02-Oct 1pm,9647.03,,,,
Madhya Pradesh - 2025,02-Oct 2pm,9449.41,,,,
Madhya Pradesh - 2025,02-Oct 3pm,9617.21,,,,
Madhya Pradesh - 2025,02-Oct 4pm,9678.88,,,,
Madhya Pradesh - 2025,02-Oct 5pm,9870.98,,,,
Madhya Pradesh - 2025,02-Oct 6pm,10054.45,,,,
Madhya Pradesh - 2025,02-Oct 7pm,10830.51,,,,
Madhya Pradesh - 2025,02-Oct 8pm,10186.22,,,,
Madhya Pradesh - 2025,02-Oct 9pm,9664.61,,,,
Madhya Pradesh - 2025,02-Oct 10pm,9679.16,,,,
Madhya Pradesh - 2025,02-Oct 11pm,9902.48,,,,
Madhya Pradesh - 2025,03-Oct 12am,9960.08,,,,
Madhya Pradesh - 2025,03-Oct 1am,9803.22,,,,
Madhya Pradesh - 2025,03-Oct 2am,9671.62,,,,
Madhya Pradesh - 2025,03-Oct 3am,9574.26,,,,
Madhya Pradesh - 2025,03-Oct 4am,9595.23,,,,
Madhya Pradesh - 2025,03-Oct 5am,9614.58,,,,
Madhya Pradesh - 2025,03-Oct 6am,10138.31,,,,
Madhya Pradesh - 2025,03-Oct 7am,11088.71,,,,
Madhya Pradesh - 2025,03-Oct 8am,11064.82,,,,
Madhya Pradesh - 2025,03-Oct 9am,11081.48,,,,
Madhya Pradesh - 2025,03-Oct 10am,10988,,,,
Madhya Pradesh - 2025,03-Oct 11am,10531.38,,,,
Madhya Pradesh - 2025,03-Oct 12pm,9995.27,,,,
Madhya Pradesh - 2025,03-Oct 1pm,9918.39,,,,
Madhya Pradesh - 2025,03-Oct 2pm,9864.92,,,,
Madhya Pradesh - 2025,03-Oct 3pm,9935.59,,,,
Madhya Pradesh - 2025,03-Oct 4pm,9981.24,,,,
Madhya Pradesh - 2025,03-Oct 5pm,10129.39,,,,
Madhya Pradesh - 2025,03-Oct 6pm,10526.92,,,,
Madhya Pradesh - 2025,03-Oct 7pm,11380.23,,,,
Madhya Pradesh - 2025,03-Oct 8pm,10615.33,,,,
Madhya Pradesh - 2025,03-Oct 9pm,10063.6,,,,
Madhya Pradesh - 2025,03-Oct 10pm,9947.65,,,,
Madhya Pradesh - 2025,03-Oct 11pm,10122.15,,,,
Madhya Pradesh - 2025,04-Oct 12am,10020.11,,,,
Madhya Pradesh - 2025,04-Oct 1am,9834.96,,,,
Madhya Pradesh - 2025,04-Oct 2am,9590.13,,,,
Madhya Pradesh - 2025,04-Oct 3am,9641.82,,,,
Madhya Pradesh - 2025,04-Oct 4am,9460.32,,,,
Madhya Pradesh - 2025,04-Oct 5am,9519.88,,,,
Madhya Pradesh - 2025,04-Oct 6am,10140.49,,,,
Madhya Pradesh - 2025,04-Oct 7am,11161.72,,,,
Madhya Pradesh - 2025,04-Oct 8am,10984.01,,,,
Madhya Pradesh - 2025,04-Oct 9am,10890.16,,,,
Madhya Pradesh - 2025,04-Oct 10am,10711.16,,,,
Madhya Pradesh - 2025,04-Oct 11am,9995.6,,,,
Madhya Pradesh - 2025,04-Oct 12pm,9579.5,,,,
Madhya Pradesh - 2025,04-Oct 1pm,9476.75,,,,
Madhya Pradesh - 2025,04-Oct 2pm,9492.53,,,,
Madhya Pradesh - 2025,04-Oct 3pm,9639.51,,,,
Madhya Pradesh - 2025,04-Oct 4pm,9890.33,,,,
Madhya Pradesh - 2025,04-Oct 5pm,10317.02,,,,
Madhya Pradesh - 2025,04-Oct 6pm,10611.46,,,,
Madhya Pradesh - 2025,04-Oct 7pm,11532.32,,,,
Madhya Pradesh - 2025,04-Oct 8pm,10715.38,,,,
Madhya Pradesh - 2025,04-Oct 9pm,10171.57,,,,
Madhya Pradesh - 2025,04-Oct 10pm,10091.75,,,,
Madhya Pradesh - 2025,04-Oct 11pm,10171.76,,,,
Madhya Pradesh - 2025,05-Oct 12am,10134.65,,,,
Madhya Pradesh - 2025,05-Oct 1am,10113.02,,,,
Madhya Pradesh - 2025,05-Oct 2am,9850.04,,,,
Madhya Pradesh - 2025,05-Oct 3am,9833.78,,,,
Madhya Pradesh - 2025,05-Oct 4am,9786.68,,,,
Madhya Pradesh - 2025,05-Oct 5am,9837.09,,,,
Madhya Pradesh - 2025,05-Oct 6am,10379.26,,,,
Madhya Pradesh - 2025,05-Oct 7am,11270.34,,,,
Madhya Pradesh - 2025,05-Oct 8am,11143.59,,,,
Madhya Pradesh - 2025,05-Oct 9am,10817.19,,,,
Madhya Pradesh - 2025,05-Oct 10am,10358.55,,,,
Madhya Pradesh - 2025,05-Oct 11am,9843.52,,,,
Madhya Pradesh - 2025,05-Oct 12pm,9360.55,,,,
Madhya Pradesh - 2025,05-Oct 1pm,9221.4,,,,
Madhya Pradesh - 2025,05-Oct 2pm,9214.91,,,,
Madhya Pradesh - 2025,05-Oct 3pm,9279.37,,,,
Madhya Pradesh - 2025,05-Oct 4pm,9496.46,,,,
Madhya Pradesh - 2025,05-Oct 5pm,9588.67,,,,
Madhya Pradesh - 2025,05-Oct 6pm,9939.64,,,,
Madhya Pradesh - 2025,05-Oct 7pm,10852.34,,,,
Madhya Pradesh - 2025,05-Oct 8pm,10063.8,,,,
Madhya Pradesh - 2025,05-Oct 9pm,9668.07,,,,
Madhya Pradesh - 2025,05-Oct 10pm,9378.72,,,,
Madhya Pradesh - 2025,05-Oct 11pm,9400.77,,,,
Madhya Pradesh - 2025,06-Oct 12am,9433.6,,,,
Madhya Pradesh - 2025,06-Oct 1am,9366.97,,,,
Madhya Pradesh - 2025,06-Oct 2am,9144.61,,,,
Madhya Pradesh - 2025,06-Oct 3am,8993.82,,,,
Madhya Pradesh - 2025,06-Oct 4am,8986.33,,,,
Madhya Pradesh - 2025,06-Oct 5am,9033.73,,,,
Madhya Pradesh - 2025,06-Oct 6am,9851.33,,,,
Madhya Pradesh - 2025,06-Oct 7am,10973.13,,,,
Madhya Pradesh - 2025,06-Oct 8am,10875.36,,,,
Madhya Pradesh - 2025,06-Oct 9am,10640.28,,,,
Madhya Pradesh - 2025,06-Oct 10am,10328.76,,,,
Madhya Pradesh - 2025,06-Oct 11am,9898.87,,,,
Madhya Pradesh - 2025,06-Oct 12pm,9253.31,,,,
Madhya Pradesh - 2025,06-Oct 1pm,9018.67,,,,
Madhya Pradesh - 2025,06-Oct 2pm,9047.89,,,,
Madhya Pradesh - 2025,06-Oct 3pm,9550.5,,,,
Madhya Pradesh - 2025,06-Oct 4pm,9608.62,,,,
Madhya Pradesh - 2025,06-Oct 5pm,9947.37,,,,
Madhya Pradesh - 2025,06-Oct 6pm,10481.52,,,,
Madhya Pradesh - 2025,06-Oct 7pm,11142.6,,,,
Madhya Pradesh - 2025,06-Oct 8pm,10327.01,,,,
Madhya Pradesh - 2025,06-Oct 9pm,9777.17,,,,
Madhya Pradesh - 2025,06-Oct 10pm,9611.33,,,,
Madhya Pradesh - 2025,06-Oct 11pm,9666.83,,,,
Madhya Pradesh - 2025,07-Oct 12am,9505.04,,,,
Madhya Pradesh - 2025,07-Oct 1am,9650.65,,,,
Madhya Pradesh - 2025,07-Oct 2am,9222.54,,,,
Madhya Pradesh - 2025,07-Oct 3am,9159.08,,,,
Madhya Pradesh - 2025,07-Oct 4am,9103.56,,,,
Madhya Pradesh - 2025,07-Oct 5am,9432.97,,,,
Madhya Pradesh - 2025,07-Oct 6am,9772.72,,,,
Madhya Pradesh - 2025,07-Oct 7am,10771.19,,,,
Madhya Pradesh - 2025,07-Oct 8am,10529.85,,,,
Madhya Pradesh - 2025,07-Oct 9am,10516.5,,,,
Madhya Pradesh - 2025,07-Oct 10am,10228.63,,,,
Madhya Pradesh - 2025,07-Oct 11am,9653.47,,,,
Madhya Pradesh - 2025,07-Oct 12pm,9226.19,,,,
Madhya Pradesh - 2025,07-Oct 1pm,9050.52,,,,
Madhya Pradesh - 2025,07-Oct 2pm,9126.51,,,,
Madhya Pradesh - 2025,07-Oct 3pm,9508.26,,,,
Madhya Pradesh - 2025,07-Oct 4pm,9878.97,,,,
Madhya Pradesh - 2025,07-Oct 5pm,10219.56,,,,
Madhya Pradesh - 2025,07-Oct 6pm,10610.3,,,,
Madhya Pradesh - 2025,07-Oct 7pm,11256.11,,,,
Madhya Pradesh - 2025,07-Oct 8pm,10314.51,,,,
Madhya Pradesh - 2025,07-Oct 9pm,9807.51,,,,
Madhya Pradesh - 2025,07-Oct 10pm,9521.5,,,,
Madhya Pradesh - 2025,07-Oct 11pm,9616.63,,,,
Madhya Pradesh - 2025,08-Oct 12am,9529.68,,,,
Madhya Pradesh - 2025,08-Oct 1am,9457.88,,,,
Madhya Pradesh - 2025,08-Oct 2am,9185.71,,,,
Madhya Pradesh - 2025,08-Oct 3am,9097.65,,,,
Madhya Pradesh - 2025,08-Oct 4am,9041.1,,,,
Madhya Pradesh - 2025,08-Oct 5am,9198.38,,,,
Madhya Pradesh - 2025,08-Oct 6am,9964.17,,,,
Madhya Pradesh - 2025,08-Oct 7am,11098.83,,,,
Madhya Pradesh - 2025,08-Oct 8am,10875.56,,,,
Madhya Pradesh - 2025,08-Oct 9am,10610.35,,,,
Madhya Pradesh - 2025,08-Oct 10am,10182.69,,,,
Madhya Pradesh - 2025,08-Oct 11am,9564.1,,,,
Madhya Pradesh - 2025,08-Oct 12pm,9135.47,,,,
Madhya Pradesh - 2025,08-Oct 1pm,9229.69,,,,
Madhya Pradesh - 2025,08-Oct 2pm,9006.28,,,,
Madhya Pradesh - 2025,08-Oct 3pm,9456.71,,,,
Madhya Pradesh - 2025,08-Oct 4pm,9898.54,,,,
Madhya Pradesh - 2025,08-Oct 5pm,10377.06,,,,
Madhya Pradesh - 2025,08-Oct 6pm,10694.78,,,,
Madhya Pradesh - 2025,08-Oct 7pm,11433.37,,,,
Madhya Pradesh - 2025,08-Oct 8pm,10503.86,,,,
Madhya Pradesh - 2025,08-Oct 9pm,9891.98,,,,
Madhya Pradesh - 2025,08-Oct 10pm,9540.19,,,,
Madhya Pradesh - 2025,08-Oct 11pm,9659.93,,,,
Madhya Pradesh - 2025,09-Oct 12am,9594.46,,,,
Madhya Pradesh - 2025,09-Oct 1am,9480.76,,,,
Madhya Pradesh - 2025,09-Oct 2am,9136.8,,,,
Madhya Pradesh - 2025,09-Oct 3am,9262.5,,,,
Madhya Pradesh - 2025,09-Oct 4am,9046.72,,,,
Madhya Pradesh - 2025,09-Oct 5am,9265.3,,,,
Madhya Pradesh - 2025,09-Oct 6am,10067.69,,,,
Madhya Pradesh - 2025,09-Oct 7am,11254.68,,,,
Madhya Pradesh - 2025,09-Oct 8am,11020.17,,,,
Madhya Pradesh - 2025,09-Oct 9am,10715.14,,,,
Madhya Pradesh - 2025,09-Oct 10am,10330.7,,,,
Madhya Pradesh - 2025,09-Oct 11am,9734.11,,,,
Madhya Pradesh - 2025,09-Oct 12pm,9193.7,,,,
Madhya Pradesh - 2025,09-Oct 1pm,9198.76,,,,
Madhya Pradesh - 2025,09-Oct 2pm,9251.2,,,,
Madhya Pradesh - 2025,09-Oct 3pm,9665.19,,,,
Madhya Pradesh - 2025,09-Oct 4pm,10007.49,,,,
Madhya Pradesh - 2025,09-Oct 5pm,10430.52,,,,
Madhya Pradesh - 2025,09-Oct 6pm,10771.78,,,,
Madhya Pradesh - 2025,09-Oct 7pm,11317.92,,,,
Madhya Pradesh - 2025,09-Oct 8pm,10361.84,,,,
Madhya Pradesh - 2025,09-Oct 9pm,9677.46,,,,
Madhya Pradesh - 2025,09-Oct 10pm,9362.55,,,,
Madhya Pradesh - 2025,09-Oct 11pm,9506.2,,,,
Madhya Pradesh - 2025,10-Oct 12am,9436.88,,,,
Madhya Pradesh - 2025,10-Oct 1am,9332.81,,,,
Madhya Pradesh - 2025,10-Oct 2am,8950.39,,,,
Madhya Pradesh - 2025,10-Oct 3am,8942.64,,,,
Madhya Pradesh - 2025,10-Oct 4am,8913.03,,,,
Madhya Pradesh - 2025,10-Oct 5am,9202.83,,,,
Madhya Pradesh - 2025,10-Oct 6am,9911.93,,,,
Madhya Pradesh - 2025,10-Oct 7am,11150.17,,,,
Madhya Pradesh - 2025,10-Oct 8am,11026.11,,,,
Madhya Pradesh - 2025,10-Oct 9am,10977.09,,,,
Madhya Pradesh - 2025,10-Oct 10am,10778.39,,,,
Madhya Pradesh - 2025,10-Oct 11am,10307.38,,,,
Madhya Pradesh - 2025,10-Oct 12pm,9771.55,,,,
Madhya Pradesh - 2025,10-Oct 1pm,9571.46,,,,
Madhya Pradesh - 2025,10-Oct 2pm,9606.61,,,,
Madhya Pradesh - 2025,10-Oct 3pm,10038.41,,,,
Madhya Pradesh - 2025,10-Oct 4pm,10351.26,,,,
Madhya Pradesh - 2025,10-Oct 5pm,11008.48,,,,
Madhya Pradesh - 2025,10-Oct 6pm,11137.23,,,,
Madhya Pradesh - 2025,10-Oct 7pm,11103.49,,,,
Madhya Pradesh - 2025,10-Oct 8pm,9908.19,,,,
Madhya Pradesh - 2025,10-Oct 9pm,9035.44,,,,
Madhya Pradesh - 2025,10-Oct 10pm,8800.95,,,,
Madhya Pradesh - 2025,10-Oct 11pm,9009.47,,,,
Madhya Pradesh - 2025,11-Oct 12am,9021.54,,,,
Madhya Pradesh - 2025,11-Oct 1am,8802.37,,,,
Madhya Pradesh - 2025,11-Oct 2am,8558.66,,,,
Madhya Pradesh - 2025,11-Oct 3am,8603.13,,,,
Madhya Pradesh - 2025,11-Oct 4am,8562.5,,,,
Madhya Pradesh - 2025,11-Oct 5am,8647.67,,,,
Madhya Pradesh - 2025,11-Oct 6am,9524.44,,,,
Madhya Pradesh - 2025,11-Oct 7am,11128.68,,,,
Madhya Pradesh - 2025,11-Oct 8am,10915.98,,,,
Madhya Pradesh - 2025,11-Oct 9am,10869.14,,,,
Madhya Pradesh - 2025,11-Oct 10am,10585.07,,,,
Madhya Pradesh - 2025,11-Oct 11am,9950.43,,,,
Madhya Pradesh - 2025,11-Oct 12pm,9371.34,,,,
Madhya Pradesh - 2025,11-Oct 1pm,9308.01,,,,
Madhya Pradesh - 2025,11-Oct 2pm,9345.45,,,,
Madhya Pradesh - 2025,11-Oct 3pm,9604.58,,,,
Madhya Pradesh - 2025,11-Oct 4pm,10137.05,,,,
Madhya Pradesh - 2025,11-Oct 5pm,10463.33,,,,
Madhya Pradesh - 2025,11-Oct 6pm,10750.95,,,,
Madhya Pradesh - 2025,11-Oct 7pm,11133.77,,,,
Madhya Pradesh - 2025,11-Oct 8pm,10101.38,,,,
Madhya Pradesh - 2025,11-Oct 9pm,9252.61,,,,
Madhya Pradesh - 2025,11-Oct 10pm,8858.13,,,,
Madhya Pradesh - 2025,11-Oct 11pm,9046.09,,,,
Madhya Pradesh - 2025,12-Oct 12am,8939.74,,,,
Madhya Pradesh - 2025,12-Oct 1am,8922.46,,,,
Madhya Pradesh - 2025,12-Oct 2am,8619.87,,,,
Madhya Pradesh - 2025,12-Oct 3am,8551.19,,,,
Madhya Pradesh - 2025,12-Oct 4am,8525.13,,,,
Madhya Pradesh - 2025,12-Oct 5am,8818.22,,,,
Madhya Pradesh - 2025,12-Oct 6am,9528.08,,,,
Madhya Pradesh - 2025,12-Oct 7am,11006.91,,,,
Madhya Pradesh - 2025,12-Oct 8am,10910.62,,,,
Madhya Pradesh - 2025,12-Oct 9am,10781.89,,,,
Madhya Pradesh - 2025,12-Oct 10am,10354.49,,,,
Madhya Pradesh - 2025,12-Oct 11am,9683.32,,,,
Madhya Pradesh - 2025,12-Oct 12pm,9028.78,,,,
Madhya Pradesh - 2025,12-Oct 1pm,9203.53,,,,
Madhya Pradesh - 2025,12-Oct 2pm,9256.29,,,,
Madhya Pradesh - 2025,12-Oct 3pm,9592.3,,,,
Madhya Pradesh - 2025,12-Oct 4pm,9951.98,,,,
Madhya Pradesh - 2025,12-Oct 5pm,10601.56,,,,
Madhya Pradesh - 2025,12-Oct 6pm,10659.14,,,,
Madhya Pradesh - 2025,12-Oct 7pm,10973.58,,,,
Madhya Pradesh - 2025,12-Oct 8pm,9884.61,,,,
Madhya Pradesh - 2025,12-Oct 9pm,9042.44,,,,
Madhya Pradesh - 2025,12-Oct 10pm,8742.81,,,,
Madhya Pradesh - 2025,12-Oct 11pm,8890.75,,,,
Madhya Pradesh - 2025,13-Oct 12am,8763.28,,,,
Madhya Pradesh - 2025,13-Oct 1am,8853.45,,,,
Madhya Pradesh - 2025,13-Oct 2am,8570.03,,,,
Madhya Pradesh - 2025,13-Oct 3am,8543.19,,,,
Madhya Pradesh - 2025,13-Oct 4am,8495.74,,,,
Madhya Pradesh - 2025,13-Oct 5am,8785.07,,,,
Madhya Pradesh - 2025,13-Oct 6am,9817.02,,,,
Madhya Pradesh - 2025,13-Oct 7am,11448.25,,,,
Madhya Pradesh - 2025,13-Oct 8am,11395.75,,,,
Madhya Pradesh - 2025,13-Oct 9am,11452.62,,,,
Madhya Pradesh - 2025,13-Oct 10am,11022.89,,,,
Madhya Pradesh - 2025,13-Oct 11am,10660.78,,,,
Madhya Pradesh - 2025,13-Oct 12pm,9900.67,,,,
Madhya Pradesh - 2025,13-Oct 1pm,10056.73,,,,
Madhya Pradesh - 2025,13-Oct 2pm,9936.06,,,,
Madhya Pradesh - 2025,13-Oct 3pm,10345.2,,,,
Madhya Pradesh - 2025,13-Oct 4pm,10629.93,,,,
Madhya Pradesh - 2025,13-Oct 5pm,11121.46,,,,
Madhya Pradesh - 2025,13-Oct 6pm,11053.1,,,,
Madhya Pradesh - 2025,13-Oct 7pm,11377.09,,,,
Madhya Pradesh - 2025,13-Oct 8pm,10196.07,,,,
Madhya Pradesh - 2025,13-Oct 9pm,9427.61,,,,
Madhya Pradesh - 2025,13-Oct 10pm,9031.08,,,,
Madhya Pradesh - 2025,13-Oct 11pm,9202.52,,,,
Madhya Pradesh - 2025,14-Oct 12am,9118.3,,,,
Madhya Pradesh - 2025,14-Oct 1am,9037.02,,,,
Madhya Pradesh - 2025,14-Oct 2am,8614.06,,,,
Madhya Pradesh - 2025,14-Oct 3am,8678.23,,,,
Madhya Pradesh - 2025,14-Oct 4am,8545.95,,,,
Madhya Pradesh - 2025,14-Oct 5am,8876.6,,,,
Madhya Pradesh - 2025,14-Oct 6am,9779.78,,,,
Madhya Pradesh - 2025,14-Oct 7am,11470.02,,,,
Madhya Pradesh - 2025,14-Oct 8am,11394.13,,,,
Madhya Pradesh - 2025,14-Oct 9am,11511.18,,,,
Madhya Pradesh - 2025,14-Oct 10am,11311.65,,,,
Madhya Pradesh - 2025,14-Oct 11am,10925.64,,,,
Madhya Pradesh - 2025,14-Oct 12pm,10211.53,,,,
Madhya Pradesh - 2025,14-Oct 1pm,10185.82,,,,
Madhya Pradesh - 2025,14-Oct 2pm,10162.35,,,,
Madhya Pradesh - 2025,14-Oct 3pm,10620.61,,,,
Madhya Pradesh - 2025,14-Oct 4pm,10925.09,,,,
Madhya Pradesh - 2025,14-Oct 5pm,11392.31,,,,
Madhya Pradesh - 2025,14-Oct 6pm,11374.4,,,,
Madhya Pradesh - 2025,14-Oct 7pm,11526.2,,,,
Madhya Pradesh - 2025,14-Oct 8pm,10410.6,,,,
Madhya Pradesh - 2025,14-Oct 9pm,9536.63,,,,
Madhya Pradesh - 2025,14-Oct 10pm,9314.7,,,,
Madhya Pradesh - 2025,14-Oct 11pm,9493.64,,,,
Madhya Pradesh - 2025,15-Oct 12am,9418.68,,,,
Madhya Pradesh - 2025,15-Oct 1am,9300.68,,,,
Madhya Pradesh - 2025,15-Oct 2am,8805.13,,,,
Madhya Pradesh - 2025,15-Oct 3am,8845.48,,,,
Madhya Pradesh - 2025,15-Oct 4am,8888.21,,,,
Madhya Pradesh - 2025,15-Oct 5am,9162.28,,,,
Madhya Pradesh - 2025,15-Oct 6am,10196.3,,,,
Madhya Pradesh - 2025,15-Oct 7am,11706.16,,,,
Madhya Pradesh - 2025,15-Oct 8am,11742.18,,,,
Madhya Pradesh - 2025,15-Oct 9am,11927.13,,,,
Madhya Pradesh - 2025,15-Oct 10am,11427.78,,,,
Madhya Pradesh - 2025,15-Oct 11am,11131.23,,,,
Madhya Pradesh - 2025,15-Oct 12pm,10731.63,,,,
Madhya Pradesh - 2025,15-Oct 1pm,10709.94,,,,
Madhya Pradesh - 2025,15-Oct 2pm,10657.12,,,,
Madhya Pradesh - 2025,15-Oct 3pm,10975.67,,,,
Madhya Pradesh - 2025,15-Oct 4pm,11213.46,,,,
Madhya Pradesh - 2025,15-Oct 5pm,11759.07,,,,
Madhya Pradesh - 2025,15-Oct 6pm,11568.85,,,,
Madhya Pradesh - 2025,15-Oct 7pm,11747.6,,,,
Madhya Pradesh - 2025,15-Oct 8pm,10663.3,,,,
Madhya Pradesh - 2025,15-Oct 9pm,9829.18,,,,
Madhya Pradesh - 2025,15-Oct 10pm,9590.66,,,,
Madhya Pradesh - 2025,15-Oct 11pm,9748.28,,,,
Madhya Pradesh - 2025,16-Oct 12am,9580.41,,,,
Madhya Pradesh - 2025,16-Oct 1am,9530.09,,,,
Madhya Pradesh - 2025,16-Oct 2am,9223.48,,,,
Madhya Pradesh - 2025,16-Oct 3am,9185.08,,,,
Madhya Pradesh - 2025,16-Oct 4am,9189.42,,,,
Madhya Pradesh - 2025,16-Oct 5am,9378.01,,,,
Madhya Pradesh - 2025,16-Oct 6am,10347.02,,,,
Madhya Pradesh - 2025,16-Oct 7am,11714.86,,,,
Madhya Pradesh - 2025,16-Oct 8am,11739.8,,,,
Madhya Pradesh - 2025,16-Oct 9am,12169.49,,,,
Madhya Pradesh - 2025,16-Oct 10am,11954.64,,,,
Madhya Pradesh - 2025,16-Oct 11am,11568.84,,,,
Madhya Pradesh - 2025,16-Oct 12pm,10887.97,,,,
Madhya Pradesh - 2025,16-Oct 1pm,10924.05,,,,
Madhya Pradesh - 2025,16-Oct 2pm,10860.82,,,,
Madhya Pradesh - 2025,16-Oct 3pm,11244.85,,,,
Madhya Pradesh - 2025,16-Oct 4pm,11291.54,,,,
Madhya Pradesh - 2025,16-Oct 5pm,11538.82,,,,
Madhya Pradesh - 2025,16-Oct 6pm,11428.03,,,,
Madhya Pradesh - 2025,16-Oct 7pm,11822.1,,,,
Madhya Pradesh - 2025,16-Oct 8pm,10796.72,,,,
Madhya Pradesh - 2025,16-Oct 9pm,10038.11,,,,
Madhya Pradesh - 2025,16-Oct 10pm,9746.03,,,,
Madhya Pradesh - 2025,16-Oct 11pm,9893.6,,,,
Madhya Pradesh - 2025,17-Oct 12am,9692.5,,,,
Madhya Pradesh - 2025,17-Oct 1am,9557.84,,,,
Madhya Pradesh - 2025,17-Oct 2am,9140.57,,,,
Madhya Pradesh - 2025,17-Oct 3am,9107.32,,,,
Madhya Pradesh - 2025,17-Oct 4am,9188.82,,,,
Madhya Pradesh - 2025,17-Oct 5am,9475.22,,,,
Madhya Pradesh - 2025,17-Oct 6am,10400.38,,,,
Madhya Pradesh - 2025,17-Oct 7am,11867.55,,,,
Madhya Pradesh - 2025,17-Oct 8am,11781.4,,,,
Madhya Pradesh - 2025,17-Oct 9am,12517.63,,,,
Madhya Pradesh - 2025,17-Oct 10am,12298.09,,,,
Madhya Pradesh - 2025,17-Oct 11am,11875.13,,,,
Madhya Pradesh - 2025,17-Oct 12pm,11344.96,,,,
Madhya Pradesh - 2025,17-Oct 1pm,11480.29,,,,
Madhya Pradesh - 2025,17-Oct 2pm,11255.17,,,,
Madhya Pradesh - 2025,17-Oct 3pm,11350.68,,,,
Madhya Pradesh - 2025,17-Oct 4pm,11503.27,,,,
Madhya Pradesh - 2025,17-Oct 5pm,11740.9,,,,
Madhya Pradesh - 2025,17-Oct 6pm,11539.9,,,,
Madhya Pradesh - 2025,17-Oct 7pm,11692.33,,,,
Madhya Pradesh - 2025,17-Oct 8pm,10682.42,,,,
Madhya Pradesh - 2025,17-Oct 9pm,10002.61,,,,
Madhya Pradesh - 2025,17-Oct 10pm,9653.84,,,,
Madhya Pradesh - 2025,17-Oct 11pm,9877.7,,,,
Madhya Pradesh - 2025,18-Oct 12am,9598.52,,,,
Madhya Pradesh - 2025,18-Oct 1am,9577.13,,,,
Madhya Pradesh - 2025,18-Oct 2am,9198.97,,,,
Madhya Pradesh - 2025,18-Oct 3am,9148.35,,,,
Madhya Pradesh - 2025,18-Oct 4am,9125.72,,,,
Madhya Pradesh - 2025,18-Oct 5am,9388.25,,,,
Madhya Pradesh - 2025,18-Oct 6am,10162.47,,,,
Madhya Pradesh - 2025,18-Oct 7am,11530.69,,,,
Madhya Pradesh - 2025,18-Oct 8am,11707.14,,,,
Madhya Pradesh - 2025,18-Oct 9am,12634.72,,,,
Madhya Pradesh - 2025,18-Oct 10am,12459.32,,,,
Madhya Pradesh - 2025,18-Oct 11am,12143.75,,,,
Madhya Pradesh - 2025,18-Oct 12pm,11588.77,,,,
Madhya Pradesh - 2025,18-Oct 1pm,11634.62,,,,
Madhya Pradesh - 2025,18-Oct 2pm,11506.42,,,,
Madhya Pradesh - 2025,18-Oct 3pm,11516.71,,,,
Madhya Pradesh - 2025,18-Oct 4pm,11827.86,,,,
Madhya Pradesh - 2025,18-Oct 5pm,12081.28,,,,
Madhya Pradesh - 2025,18-Oct 6pm,11504.33,,,,
Madhya Pradesh - 2025,18-Oct 7pm,11309.89,,,,
Madhya Pradesh - 2025,18-Oct 8pm,10530.5,,,,
Madhya Pradesh - 2025,18-Oct 9pm,9795.65,,,,
Madhya Pradesh - 2025,18-Oct 10pm,9627.58,,,,
Madhya Pradesh - 2025,18-Oct 11pm,9718.26,,,,
Madhya Pradesh - 2025,19-Oct 12am,9519.45,,,,
Madhya Pradesh - 2025,19-Oct 1am,9409.62,,,,
Madhya Pradesh - 2025,19-Oct 2am,9113.97,,,,
Madhya Pradesh - 2025,19-Oct 3am,9104.37,,,,
Madhya Pradesh - 2025,19-Oct 4am,9083.61,,,,
Madhya Pradesh - 2025,19-Oct 5am,9329.76,,,,
Madhya Pradesh - 2025,19-Oct 6am,10026.85,,,,
Madhya Pradesh - 2025,19-Oct 7am,11224.46,,,,
Madhya Pradesh - 2025,19-Oct 8am,11307.34,,,,
Madhya Pradesh - 2025,19-Oct 9am,12405.38,,,,
Madhya Pradesh - 2025,19-Oct 10am,12203.91,,,,
Madhya Pradesh - 2025,19-Oct 11am,11807.49,,,,
Madhya Pradesh - 2025,19-Oct 12pm,11261.91,,,,
Madhya Pradesh - 2025,19-Oct 1pm,11396.17,,,,
Madhya Pradesh - 2025,19-Oct 2pm,11210.41,,,,
Madhya Pradesh - 2025,19-Oct 3pm,11414.46,,,,
Madhya Pradesh - 2025,19-Oct 4pm,11368.76,,,,
Madhya Pradesh - 2025,19-Oct 5pm,11640.7,,,,
Madhya Pradesh - 2025,19-Oct 6pm,11116.69,,,,
Madhya Pradesh - 2025,19-Oct 7pm,11505.01,,,,
Madhya Pradesh - 2025,19-Oct 8pm,10100.29,,,,
Madhya Pradesh - 2025,19-Oct 9pm,9237.22,,,,
Madhya Pradesh - 2025,19-Oct 10pm,9116.89,,,,
Madhya Pradesh - 2025,19-Oct 11pm,9274.64,,,,
Madhya Pradesh - 2025,20-Oct 12am,9163.36,,,,
Madhya Pradesh - 2025,20-Oct 1am,9064.21,,,,
Madhya Pradesh - 2025,20-Oct 2am,8787.57,,,,
Madhya Pradesh - 2025,20-Oct 3am,8735.51,,,,
Madhya Pradesh - 2025,20-Oct 4am,8706.45,,,,
Madhya Pradesh - 2025,20-Oct 5am,8818.38,,,,
Madhya Pradesh - 2025,20-Oct 6am,9495.91,,,,
Madhya Pradesh - 2025,20-Oct 7am,10926.4,,,,
Madhya Pradesh - 2025,20-Oct 8am,11033.98,,,,
Madhya Pradesh - 2025,20-Oct 9am,12246.92,,,,
Madhya Pradesh - 2025,20-Oct 10am,12263.69,,,,
Madhya Pradesh - 2025,20-Oct 11am,12153.38,,,,
Madhya Pradesh - 2025,20-Oct 12pm,11675.01,,,,
Madhya Pradesh - 2025,20-Oct 1pm,11596.82,,,,
Madhya Pradesh - 2025,20-Oct 2pm,11545.63,,,,
Madhya Pradesh - 2025,20-Oct 3pm,11474.97,,,,
Madhya Pradesh - 2025,20-Oct 4pm,11334.89,,,,
Madhya Pradesh - 2025,20-Oct 5pm,10952.98,,,,
Madhya Pradesh - 2025,20-Oct 6pm,10563.65,,,,
Madhya Pradesh - 2025,20-Oct 7pm,10176.07,,,,
Madhya Pradesh - 2025,20-Oct 8pm,9082.82,,,,
Madhya Pradesh - 2025,20-Oct 9pm,8371.23,,,,
Madhya Pradesh - 2025,20-Oct 10pm,8129.75,,,,
Madhya Pradesh - 2025,20-Oct 11pm,8432.57,,,,
Madhya Pradesh - 2025,21-Oct 12am,8419.27,,,,
Madhya Pradesh - 2025,21-Oct 1am,8267.87,,,,
Madhya Pradesh - 2025,21-Oct 2am,7955.14,,,,
Madhya Pradesh - 2025,21-Oct 3am,8039.85,,,,
Madhya Pradesh - 2025,21-Oct 4am,7997.68,,,,
Madhya Pradesh - 2025,21-Oct 5am,8316.09,,,,
Madhya Pradesh - 2025,21-Oct 6am,8859.78,,,,
Madhya Pradesh - 2025,21-Oct 7am,10292.76,,,,
Madhya Pradesh - 2025,21-Oct 8am,10681,,,,
Madhya Pradesh - 2025,21-Oct 9am,11922.6,,,,
Madhya Pradesh - 2025,21-Oct 10am,11852.25,,,,
Madhya Pradesh - 2025,21-Oct 11am,11512.43,,,,
Madhya Pradesh - 2025,21-Oct 12pm,10889.8,,,,
Madhya Pradesh - 2025,21-Oct 1pm,10721.01,,,,
Madhya Pradesh - 2025,21-Oct 2pm,10748.66,,,,
Madhya Pradesh - 2025,21-Oct 3pm,10811.43,,,,
Madhya Pradesh - 2025,21-Oct 4pm,10884.06,,,,
Madhya Pradesh - 2025,21-Oct 5pm,11224.57,,,,
Madhya Pradesh - 2025,21-Oct 6pm,10591.42,,,,
Madhya Pradesh - 2025,21-Oct 7pm,10180.01,,,,
Madhya Pradesh - 2025,21-Oct 8pm,9258.4,,,,
Madhya Pradesh - 2025,21-Oct 9pm,8753.32,,,,
Madhya Pradesh - 2025,21-Oct 10pm,8658.34,,,,
Madhya Pradesh - 2025,21-Oct 11pm,8967.03,,,,
Madhya Pradesh - 2025,22-Oct 12am,8832.14,,,,
Madhya Pradesh - 2025,22-Oct 1am,8705.17,,,,
Madhya Pradesh - 2025,22-Oct 2am,8385.81,,,,
Madhya Pradesh - 2025,22-Oct 3am,8474.83,,,,
Madhya Pradesh - 2025,22-Oct 4am,8618.45,,,,
Madhya Pradesh - 2025,22-Oct 5am,9111.09,,,,
Madhya Pradesh - 2025,22-Oct 6am,9542.79,,,,
Madhya Pradesh - 2025,22-Oct 7am,10760.91,,,,
Madhya Pradesh - 2025,22-Oct 8am,11132.53,,,,
Madhya Pradesh - 2025,22-Oct 9am,12255.42,,,,
Madhya Pradesh - 2025,22-Oct 10am,12361.79,,,,
Madhya Pradesh - 2025,22-Oct 11am,12083.71,,,,
Madhya Pradesh - 2025,22-Oct 12pm,11135.85,,,,
Madhya Pradesh - 2025,22-Oct 1pm,11016.48,,,,
Madhya Pradesh - 2025,22-Oct 2pm,10802.61,,,,
Madhya Pradesh - 2025,22-Oct 3pm,11094.32,,,,
Madhya Pradesh - 2025,22-Oct 4pm,11262.53,,,,
Madhya Pradesh - 2025,22-Oct 5pm,11255.33,,,,
Madhya Pradesh - 2025,22-Oct 6pm,10547.55,,,,
Madhya Pradesh - 2025,22-Oct 7pm,10296.58,,,,
Madhya Pradesh - 2025,22-Oct 8pm,9563.72,,,,
Madhya Pradesh - 2025,22-Oct 9pm,8997.05,,,,
Madhya Pradesh - 2025,22-Oct 10pm,9004.54,,,,
Madhya Pradesh - 2025,22-Oct 11pm,9382.93,,,,
Madhya Pradesh - 2025,23-Oct 12am,9312.58,,,,
Madhya Pradesh - 2025,23-Oct 1am,9220.33,,,,
Madhya Pradesh - 2025,23-Oct 2am,8810.52,,,,
Madhya Pradesh - 2025,23-Oct 3am,8938.98,,,,
Madhya Pradesh - 2025,23-Oct 4am,8901.65,,,,
Madhya Pradesh - 2025,23-Oct 5am,9092.42,,,,
Madhya Pradesh - 2025,23-Oct 6am,9627.34,,,,
Madhya Pradesh - 2025,23-Oct 7am,11180.34,,,,
Madhya Pradesh - 2025,23-Oct 8am,11502.17,,,,
Madhya Pradesh - 2025,23-Oct 9am,12889.4,,,,
Madhya Pradesh - 2025,23-Oct 10am,12565.9,,,,
Madhya Pradesh - 2025,23-Oct 11am,12258.43,,,,
Madhya Pradesh - 2025,23-Oct 12pm,11457.24,,,,
Madhya Pradesh - 2025,23-Oct 1pm,11545.32,,,,
Madhya Pradesh - 2025,23-Oct 2pm,11477.01,,,,
Madhya Pradesh - 2025,23-Oct 3pm,11621.99,,,,
Madhya Pradesh - 2025,23-Oct 4pm,11718.96,,,,
Madhya Pradesh - 2025,23-Oct 5pm,12083.7,,,,
Madhya Pradesh - 2025,23-Oct 6pm,11211.16,,,,
Madhya Pradesh - 2025,23-Oct 7pm,10855.43,,,,
Madhya Pradesh - 2025,23-Oct 8pm,10004.58,,,,
Madhya Pradesh - 2025,23-Oct 9pm,9553.26,,,,
Madhya Pradesh - 2025,23-Oct 10pm,9451.64,,,,
Madhya Pradesh - 2025,23-Oct 11pm,9862.61,,,,
Madhya Pradesh - 2025,24-Oct 12am,9661.64,,,,
Madhya Pradesh - 2025,24-Oct 1am,9582.96,,,,
Madhya Pradesh - 2025,24-Oct 2am,9035.65,,,,
Madhya Pradesh - 2025,24-Oct 3am,9146.86,,,,
Madhya Pradesh - 2025,24-Oct 4am,9120.44,,,,
Madhya Pradesh - 2025,24-Oct 5am,9324.8,,,,
Madhya Pradesh - 2025,24-Oct 6am,9849.43,,,,
Madhya Pradesh - 2025,24-Oct 7am,11628.31,,,,
Madhya Pradesh - 2025,24-Oct 8am,11803.12,,,,
Madhya Pradesh - 2025,24-Oct 9am,12860.67,,,,
Madhya Pradesh - 2025,24-Oct 10am,12641.84,,,,
Madhya Pradesh - 2025,24-Oct 11am,12557.74,,,,
Madhya Pradesh - 2025,24-Oct 12pm,11724.86,,,,
Madhya Pradesh - 2025,24-Oct 1pm,11828.12,,,,
Madhya Pradesh - 2025,24-Oct 2pm,11923.96,,,,
Madhya Pradesh - 2025,24-Oct 3pm,12007.32,,,,
Madhya Pradesh - 2025,24-Oct 4pm,12289.33,,,,
Madhya Pradesh - 2025,24-Oct 5pm,12758.67,,,,
Madhya Pradesh - 2025,24-Oct 6pm,12069.34,,,,
Madhya Pradesh - 2025,24-Oct 7pm,11521.68,,,,
Madhya Pradesh - 2025,24-Oct 8pm,10515.52,,,,
Madhya Pradesh - 2025,24-Oct 9pm,9981.48,,,,
Madhya Pradesh - 2025,24-Oct 10pm,9949.56,,,,
Madhya Pradesh - 2025,24-Oct 11pm,10427.44,,,,
Madhya Pradesh - 2025,25-Oct 12am,10222.86,,,,
Madhya Pradesh - 2025,25-Oct 1am,10146.78,,,,
Madhya Pradesh - 2025,25-Oct 2am,9612.65,,,,
Madhya Pradesh - 2025,25-Oct 3am,9777.19,,,,
Madhya Pradesh - 2025,25-Oct 4am,9791.54,,,,
Madhya Pradesh - 2025,25-Oct 5am,9925.3,,,,
Madhya Pradesh - 2025,25-Oct 6am,10493.06,,,,
Madhya Pradesh - 2025,25-Oct 7am,12039.34,,,,
Madhya Pradesh - 2025,25-Oct 8am,12096,,,,
Madhya Pradesh - 2025,25-Oct 9am,13349.58,,,,
Madhya Pradesh - 2025,25-Oct 10am,13032.76,,,,
Madhya Pradesh - 2025,25-Oct 11am,12813.76,,,,
Madhya Pradesh - 2025,25-Oct 12pm,11915.12,,,,
Madhya Pradesh - 2025,25-Oct 1pm,11915.2,,,,
Madhya Pradesh - 2025,25-Oct 2pm,11522.48,,,,
Madhya Pradesh - 2025,25-Oct 3pm,11397.29,,,,
Madhya Pradesh - 2025,25-Oct 4pm,11460.63,,,,
Madhya Pradesh - 2025,25-Oct 5pm,11692.55,,,,
Madhya Pradesh - 2025,25-Oct 6pm,11368.63,,,,
Madhya Pradesh - 2025,25-Oct 7pm,10950.98,,,,
Madhya Pradesh - 2025,25-Oct 8pm,9899.12,,,,
Madhya Pradesh - 2025,25-Oct 9pm,9414.06,,,,
Madhya Pradesh - 2025,25-Oct 10pm,9259.81,,,,
Madhya Pradesh - 2025,25-Oct 11pm,9456.3,,,,
Madhya Pradesh - 2025,26-Oct 12am,9284.6,,,,
Madhya Pradesh - 2025,26-Oct 1am,9199.71,,,,
Madhya Pradesh - 2025,26-Oct 2am,8805.25,,,,
Madhya Pradesh - 2025,26-Oct 3am,8718.54,,,,
Madhya Pradesh - 2025,26-Oct 4am,8659.06,,,,
Madhya Pradesh - 2025,26-Oct 5am,8841.2,,,,
Madhya Pradesh - 2025,26-Oct 6am,9397.35,,,,
Madhya Pradesh - 2025,26-Oct 7am,10704.47,,,,
Madhya Pradesh - 2025,26-Oct 8am,10848.23,,,,
Madhya Pradesh - 2025,26-Oct 9am,11597.14,,,,
Madhya Pradesh - 2025,26-Oct 10am,11320.82,,,,
Madhya Pradesh - 2025,26-Oct 11am,10722.12,,,,
Madhya Pradesh - 2025,26-Oct 12pm,10056.69,,,,
Madhya Pradesh - 2025,26-Oct 1pm,9750.27,,,,
Madhya Pradesh - 2025,26-Oct 2pm,9417.17,,,,
Madhya Pradesh - 2025,26-Oct 3pm,9410.84,,,,
Madhya Pradesh - 2025,26-Oct 4pm,9355.37,,,,
Madhya Pradesh - 2025,26-Oct 5pm,9814.09,,,,
Madhya Pradesh - 2025,26-Oct 6pm,9878.24,,,,
Madhya Pradesh - 2025,26-Oct 7pm,10428.02,,,,
Madhya Pradesh - 2025,26-Oct 8pm,9070.03,,,,
Madhya Pradesh - 2025,26-Oct 9pm,8566.16,,,,
Madhya Pradesh - 2025,26-Oct 10pm,8404.7,,,,
Madhya Pradesh - 2025,26-Oct 11pm,8506.17,,,,
Madhya Pradesh - 2025,27-Oct 12am,8284.14,,,,
Madhya Pradesh - 2025,27-Oct 1am,8066.41,,,,
Madhya Pradesh - 2025,27-Oct 2am,7913.8,,,,
Madhya Pradesh - 2025,27-Oct 3am,7743.15,,,,
Madhya Pradesh - 2025,27-Oct 4am,7701.74,,,,
Madhya Pradesh - 2025,27-Oct 5am,7912.48,,,,
Madhya Pradesh - 2025,27-Oct 6am,8689.73,,,,
Madhya Pradesh - 2025,27-Oct 7am,10076.56,,,,
Madhya Pradesh - 2025,27-Oct 8am,10241.18,,,,
Madhya Pradesh - 2025,27-Oct 9am,10507.56,,,,
Madhya Pradesh - 2025,27-Oct 10am,10206.53,,,,
Madhya Pradesh - 2025,27-Oct 11am,9876.31,,,,
Madhya Pradesh - 2025,27-Oct 12pm,9279.99,,,,
Madhya Pradesh - 2025,27-Oct 1pm,9050.6,,,,
Madhya Pradesh - 2025,27-Oct 2pm,8957.98,,,,
Madhya Pradesh - 2025,27-Oct 3pm,9061.05,,,,
Madhya Pradesh - 2025,27-Oct 4pm,9274.37,,,,
Madhya Pradesh - 2025,27-Oct 5pm,9490.33,,,,
Madhya Pradesh - 2025,27-Oct 6pm,9702.36,,,,
Madhya Pradesh - 2025,27-Oct 7pm,9695.81,,,,
Madhya Pradesh - 2025,27-Oct 8pm,8690.85,,,,
Madhya Pradesh - 2025,27-Oct 9pm,8079.53,,,,
Madhya Pradesh - 2025,27-Oct 10pm,7825.58,,,,
Madhya Pradesh - 2025,27-Oct 11pm,7714.96,,,,
Madhya Pradesh - 2025,28-Oct 12am,7536.91,,,,
Madhya Pradesh - 2025,28-Oct 1am,7231.58,,,,
Madhya Pradesh - 2025,28-Oct 2am,7043.54,,,,
Madhya Pradesh - 2025,28-Oct 3am,7049.14,,,,
Madhya Pradesh - 2025,28-Oct 4am,7037.51,,,,
Madhya Pradesh - 2025,28-Oct 5am,7269.53,,,,
Madhya Pradesh - 2025,28-Oct 6am,8159.09,,,,
Madhya Pradesh - 2025,28-Oct 7am,9601.48,,,,
Madhya Pradesh - 2025,28-Oct 8am,10058.49,,,,
Madhya Pradesh - 2025,28-Oct 9am,10386.27,,,,
Madhya Pradesh - 2025,28-Oct 10am,10108.01,,,,
Madhya Pradesh - 2025,28-Oct 11am,9717.47,,,,
Madhya Pradesh - 2025,28-Oct 12pm,8995.11,,,,
Madhya Pradesh - 2025,28-Oct 1pm,8693.96,,,,
Madhya Pradesh - 2025,28-Oct 2pm,8572.44,,,,
Madhya Pradesh - 2025,28-Oct 3pm,8894.27,,,,
Madhya Pradesh - 2025,28-Oct 4pm,9293.7,,,,
Madhya Pradesh - 2025,28-Oct 5pm,9877.76,,,,
Madhya Pradesh - 2025,28-Oct 6pm,10254.96,,,,
Madhya Pradesh - 2025,28-Oct 7pm,9995.45,,,,
Madhya Pradesh - 2025,28-Oct 8pm,8835.83,,,,
Madhya Pradesh - 2025,28-Oct 9pm,8185.64,,,,
Madhya Pradesh - 2025,28-Oct 10pm,7912.27,,,,
Madhya Pradesh - 2025,28-Oct 11pm,7956.87,,,,
Madhya Pradesh - 2025,29-Oct 12am,7745.84,,,,
Madhya Pradesh - 2025,29-Oct 1am,7613.37,,,,
Madhya Pradesh - 2025,29-Oct 2am,7307.79,,,,
Madhya Pradesh - 2025,29-Oct 3am,7315.5,,,,
Madhya Pradesh - 2025,29-Oct 4am,7245.22,,,,
Madhya Pradesh - 2025,29-Oct 5am,7441.74,,,,
Madhya Pradesh - 2025,29-Oct 6am,8519.23,,,,
Madhya Pradesh - 2025,29-Oct 7am,10413.05,,,,
Madhya Pradesh - 2025,29-Oct 8am,10833.6,,,,
Madhya Pradesh - 2025,29-Oct 9am,11360.65,,,,
Madhya Pradesh - 2025,29-Oct 10am,10767.49,,,,
Madhya Pradesh - 2025,29-Oct 11am,9850.81,,,,
Madhya Pradesh - 2025,29-Oct 12pm,9123.71,,,,
Madhya Pradesh - 2025,29-Oct 1pm,8888.25,,,,
Madhya Pradesh - 2025,29-Oct 2pm,8805.11,,,,
Madhya Pradesh - 2025,29-Oct 3pm,9014.68,,,,
Madhya Pradesh - 2025,29-Oct 4pm,9495.88,,,,
Madhya Pradesh - 2025,29-Oct 5pm,9871.73,,,,
Madhya Pradesh - 2025,29-Oct 6pm,9583.64,,,,
Madhya Pradesh - 2025,29-Oct 7pm,9713.44,,,,
Madhya Pradesh - 2025,29-Oct 8pm,8758,,,,
Madhya Pradesh - 2025,29-Oct 9pm,7948.9,,,,
Madhya Pradesh - 2025,29-Oct 10pm,8179.49,,,,
Madhya Pradesh - 2025,29-Oct 11pm,8068.19,,,,
Madhya Pradesh - 2025,30-Oct 12am,8068.31,,,,
Madhya Pradesh - 2025,30-Oct 1am,7874.47,,,,
Madhya Pradesh - 2025,30-Oct 2am,7690.64,,,,
Madhya Pradesh - 2025,30-Oct 3am,7645.52,,,,
Madhya Pradesh - 2025,30-Oct 4am,7577.77,,,,
Madhya Pradesh - 2025,30-Oct 5am,7768.23,,,,
Madhya Pradesh - 2025,30-Oct 6am,8660.1,,,,
Madhya Pradesh - 2025,30-Oct 7am,10207.79,,,,
Madhya Pradesh - 2025,30-Oct 8am,10458.41,,,,
Madhya Pradesh - 2025,30-Oct 9am,11041.65,,,,
Madhya Pradesh - 2025,30-Oct 10am,10846.29,,,,
Madhya Pradesh - 2025,30-Oct 11am,10148.55,,,,
Madhya Pradesh - 2025,30-Oct 12pm,9764.71,,,,
Madhya Pradesh - 2025,30-Oct 1pm,9574.24,,,,
Madhya Pradesh - 2025,30-Oct 2pm,9232.11,,,,
Madhya Pradesh - 2025,30-Oct 3pm,9345.5,,,,
Madhya Pradesh - 2025,30-Oct 4pm,9588.46,,,,
Madhya Pradesh - 2025,30-Oct 5pm,9923.62,,,,
Madhya Pradesh - 2025,30-Oct 6pm,9337.1,,,,
Madhya Pradesh - 2025,30-Oct 7pm,9024.93,,,,
Madhya Pradesh - 2025,30-Oct 8pm,8336.53,,,,
Madhya Pradesh - 2025,30-Oct 9pm,7523.31,,,,
Madhya Pradesh - 2025,30-Oct 10pm,7656.49,,,,
Madhya Pradesh - 2025,30-Oct 11pm,7591.66,,,,
Madhya Pradesh - 2025,31-Oct 12am,7577.07,,,,
Madhya Pradesh - 2025,31-Oct 1am,7424.69,,,,
Madhya Pradesh - 2025,31-Oct 2am,7545.69,,,,
Madhya Pradesh - 2025,31-Oct 3am,7620.91,,,,
Madhya Pradesh - 2025,31-Oct 4am,7783.38,,,,
Madhya Pradesh - 2025,31-Oct 5am,8095.09,,,,
Madhya Pradesh - 2025,31-Oct 6am,8598.84,,,,
Madhya Pradesh - 2025,31-Oct 7am,9260.52,,,,
Madhya Pradesh - 2025,31-Oct 8am,9873.18,,,,
Madhya Pradesh - 2025,31-Oct 9am,10713.74,,,,
Madhya Pradesh - 2025,31-Oct 10am,10397.81,,,,
Madhya Pradesh - 2025,31-Oct 11am,10222.44,,,,
Madhya Pradesh - 2025,31-Oct 12pm,9779.93,,,,
Madhya Pradesh - 2025,31-Oct 1pm,9411.29,,,,
Madhya Pradesh - 2025,31-Oct 2pm,9103.83,,,,
Madhya Pradesh - 2025,31-Oct 3pm,9292.35,,,,
Madhya Pradesh - 2025,31-Oct 4pm,9444.8,,,,
Madhya Pradesh - 2025,31-Oct 5pm,9812.76,,,,
Madhya Pradesh - 2025,31-Oct 6pm,9691.62,,,,
Madhya Pradesh - 2025,31-Oct 7pm,9720.31,,,,
Madhya Pradesh - 2025,31-Oct 8pm,8751.2,,,,
Madhya Pradesh - 2025,31-Oct 9pm,8675.93,,,,
Madhya Pradesh - 2025,31-Oct 10pm,8407.07,,,,
Madhya Pradesh - 2025,31-Oct 11pm,8562.14,,,,
Madhya Pradesh - 2025,01-Nov 12am,8677.14,,,,
Madhya Pradesh - 2025,01-Nov 1am,8629.59,,,,
Madhya Pradesh - 2025,01-Nov 2am,8252.42,,,,
Madhya Pradesh - 2025,01-Nov 3am,8386.14,,,,
Madhya Pradesh - 2025,01-Nov 4am,8410.92,,,,
Madhya Pradesh - 2025,01-Nov 5am,8365.61,,,,
Madhya Pradesh - 2025,01-Nov 6am,8492.43,,,,
Madhya Pradesh - 2025,01-Nov 7am,10222.61,,,,
Madhya Pradesh - 2025,01-Nov 8am,11163.53,,,,
Madhya Pradesh - 2025,01-Nov 9am,11131.31,,,,
Madhya Pradesh - 2025,01-Nov 10am,11091.82,,,,
Madhya Pradesh - 2025,01-Nov 11am,10248.04,,,,
Madhya Pradesh - 2025,01-Nov 12pm,9939.4,,,,
Madhya Pradesh - 2025,01-Nov 1pm,9469.46,,,,
Madhya Pradesh - 2025,01-Nov 2pm,9272.86,,,,
Madhya Pradesh - 2025,01-Nov 3pm,9853.71,,,,
Madhya Pradesh - 2025,01-Nov 4pm,10031.63,,,,
Madhya Pradesh - 2025,01-Nov 5pm,10263.1,,,,
Madhya Pradesh - 2025,01-Nov 6pm,10231.03,,,,
Madhya Pradesh - 2025,01-Nov 7pm,10092.83,,,,
Madhya Pradesh - 2025,01-Nov 8pm,8711.14,,,,
Madhya Pradesh - 2025,01-Nov 9pm,9009.34,,,,
Madhya Pradesh - 2025,01-Nov 10pm,9382.88,,,,
Madhya Pradesh - 2025,01-Nov 11pm,9378.78,,,,
Madhya Pradesh - 2025,02-Nov 12am,9298.64,,,,
Madhya Pradesh - 2025,02-Nov 1am,9105.15,,,,
Madhya Pradesh - 2025,02-Nov 2am,8872.34,,,,
Madhya Pradesh - 2025,02-Nov 3am,8993.47,,,,
Madhya Pradesh - 2025,02-Nov 4am,8871.91,,,,
Madhya Pradesh - 2025,02-Nov 5am,8746.48,,,,
Madhya Pradesh - 2025,02-Nov 6am,9501.48,,,,
Madhya Pradesh - 2025,02-Nov 7am,10718.65,,,,
Madhya Pradesh - 2025,02-Nov 8am,11118.85,,,,
Madhya Pradesh - 2025,02-Nov 9am,11397.62,,,,
Madhya Pradesh - 2025,02-Nov 10am,10666.07,,,,
Madhya Pradesh - 2025,02-Nov 11am,9988.46,,,,
Madhya Pradesh - 2025,02-Nov 12pm,9175.16,,,,
Madhya Pradesh - 2025,02-Nov 1pm,9356.85,,,,
Madhya Pradesh - 2025,02-Nov 2pm,9115.71,,,,
Madhya Pradesh - 2025,02-Nov 3pm,9601.15,,,,
Madhya Pradesh - 2025,02-Nov 4pm,10013.81,,,,
Madhya Pradesh - 2025,02-Nov 5pm,10662.21,,,,
Madhya Pradesh - 2025,02-Nov 6pm,10678.18,,,,
Madhya Pradesh - 2025,02-Nov 7pm,10672.65,,,,
Madhya Pradesh - 2025,02-Nov 8pm,9897.72,,,,
Madhya Pradesh - 2025,02-Nov 9pm,9376.92,,,,
Madhya Pradesh - 2025,02-Nov 10pm,9286.49,,,,
Madhya Pradesh - 2025,02-Nov 11pm,9490.81,,,,
Madhya Pradesh - 2025,03-Nov 12am,9622.83,,,,
Madhya Pradesh - 2025,03-Nov 1am,9540.26,,,,
Madhya Pradesh - 2025,03-Nov 2am,9041.67,,,,
Madhya Pradesh - 2025,03-Nov 3am,8943.97,,,,
Madhya Pradesh - 2025,03-Nov 4am,8959.27,,,,
Madhya Pradesh - 2025,03-Nov 5am,9070.6,,,,
Madhya Pradesh - 2025,03-Nov 6am,9548.33,,,,
Madhya Pradesh - 2025,03-Nov 7am,10888.54,,,,
Madhya Pradesh - 2025,03-Nov 8am,11561.82,,,,
Madhya Pradesh - 2025,03-Nov 9am,12075.18,,,,
Madhya Pradesh - 2025,03-Nov 10am,11159.82,,,,
Madhya Pradesh - 2025,03-Nov 11am,10459.34,,,,
Madhya Pradesh - 2025,03-Nov 12pm,9558.35,,,,
Madhya Pradesh - 2025,03-Nov 1pm,9183.47,,,,
Madhya Pradesh - 2025,03-Nov 2pm,9218.61,,,,
Madhya Pradesh - 2025,03-Nov 3pm,9524.27,,,,
Madhya Pradesh - 2025,03-Nov 4pm,10126.89,,,,
Madhya Pradesh - 2025,03-Nov 5pm,11156.03,,,,
Madhya Pradesh - 2025,03-Nov 6pm,10628.5,,,,
Madhya Pradesh - 2025,03-Nov 7pm,10568.58,,,,
Madhya Pradesh - 2025,03-Nov 8pm,10292.22,,,,
Madhya Pradesh - 2025,03-Nov 9pm,9847.4,,,,
Madhya Pradesh - 2025,03-Nov 10pm,9432.03,,,,
Madhya Pradesh - 2025,03-Nov 11pm,9389.57,,,,
Madhya Pradesh - 2025,04-Nov 12am,9284.89,,,,
Madhya Pradesh - 2025,04-Nov 1am,9217.6,,,,
Madhya Pradesh - 2025,04-Nov 2am,8936.47,,,,
Madhya Pradesh - 2025,04-Nov 3am,8855.58,,,,
Madhya Pradesh - 2025,04-Nov 4am,8652.09,,,,
Madhya Pradesh - 2025,04-Nov 5am,8916.42,,,,
Madhya Pradesh - 2025,04-Nov 6am,9319.84,,,,
Madhya Pradesh - 2025,04-Nov 7am,10765.08,,,,
Madhya Pradesh - 2025,04-Nov 8am,11043.37,,,,
Madhya Pradesh - 2025,04-Nov 9am,11667.48,,,,
Madhya Pradesh - 2025,04-Nov 10am,10582.65,,,,
Madhya Pradesh - 2025,04-Nov 11am,9755.32,,,,
Madhya Pradesh - 2025,04-Nov 12pm,8705.45,,,,
Madhya Pradesh - 2025,04-Nov 1pm,8898.52,,,,
Madhya Pradesh - 2025,04-Nov 2pm,8780.62,,,,
Madhya Pradesh - 2025,04-Nov 3pm,9085.7,,,,
Madhya Pradesh - 2025,04-Nov 4pm,9824.53,,,,
Madhya Pradesh - 2025,04-Nov 5pm,10320.43,,,,
Madhya Pradesh - 2025,04-Nov 6pm,10278.44,,,,
Madhya Pradesh - 2025,04-Nov 7pm,10188.58,,,,
Madhya Pradesh - 2025,04-Nov 8pm,9848.55,,,,
Madhya Pradesh - 2025,04-Nov 9pm,8952.53,,,,
Madhya Pradesh - 2025,04-Nov 10pm,8707.76,,,,
Madhya Pradesh - 2025,04-Nov 11pm,8889.7,,,,
Madhya Pradesh - 2025,05-Nov 12am,8919.46,,,,
Madhya Pradesh - 2025,05-Nov 1am,8701.2,,,,
Madhya Pradesh - 2025,05-Nov 2am,8550.2,,,,
Madhya Pradesh - 2025,05-Nov 3am,8306.23,,,,
Madhya Pradesh - 2025,05-Nov 4am,8327.49,,,,
Madhya Pradesh - 2025,05-Nov 5am,8625.58,,,,
Madhya Pradesh - 2025,05-Nov 6am,8910.95,,,,
Madhya Pradesh - 2025,05-Nov 7am,10276.99,,,,
Madhya Pradesh - 2025,05-Nov 8am,10525.89,,,,
Madhya Pradesh - 2025,05-Nov 9am,11513.82,,,,
Madhya Pradesh - 2025,05-Nov 10am,10820.16,,,,
Madhya Pradesh - 2025,05-Nov 11am,9915.48,,,,
Madhya Pradesh - 2025,05-Nov 12pm,8805.36,,,,
Madhya Pradesh - 2025,05-Nov 1pm,9418.02,,,,
Madhya Pradesh - 2025,05-Nov 2pm,9434.16,,,,
Madhya Pradesh - 2025,05-Nov 3pm,9733.11,,,,
Madhya Pradesh - 2025,05-Nov 4pm,10509.08,,,,
Madhya Pradesh - 2025,05-Nov 5pm,10835.88,,,,
Madhya Pradesh - 2025,05-Nov 6pm,10822.53,,,,
Madhya Pradesh - 2025,05-Nov 7pm,10606.85,,,,
Madhya Pradesh - 2025,05-Nov 8pm,9797.61,,,,
Madhya Pradesh - 2025,05-Nov 9pm,9346.17,,,,
Madhya Pradesh - 2025,05-Nov 10pm,9265.43,,,,
Madhya Pradesh - 2025,05-Nov 11pm,9636.46,,,,
Madhya Pradesh - 2025,06-Nov 12am,9466.98,,,,
Madhya Pradesh - 2025,06-Nov 1am,9307.78,,,,
Madhya Pradesh - 2025,06-Nov 2am,8971.95,,,,
Madhya Pradesh - 2025,06-Nov 3am,9230.47,,,,
Madhya Pradesh - 2025,06-Nov 4am,9243.97,,,,
Madhya Pradesh - 2025,06-Nov 5am,9404.55,,,,
Madhya Pradesh - 2025,06-Nov 6am,9683.07,,,,
Madhya Pradesh - 2025,06-Nov 7am,10952.89,,,,
Madhya Pradesh - 2025,06-Nov 8am,11069.74,,,,
Madhya Pradesh - 2025,06-Nov 9am,12463.29,,,,
Madhya Pradesh - 2025,06-Nov 10am,11632.95,,,,
Madhya Pradesh - 2025,06-Nov 11am,10633.14,,,,
Madhya Pradesh - 2025,06-Nov 12pm,9833.43,,,,
Madhya Pradesh - 2025,06-Nov 1pm,9810.71,,,,
Madhya Pradesh - 2025,06-Nov 2pm,9858.43,,,,
Madhya Pradesh - 2025,06-Nov 3pm,10686.03,,,,
Madhya Pradesh - 2025,06-Nov 4pm,11391.59,,,,
Madhya Pradesh - 2025,06-Nov 5pm,11103.65,,,,
Madhya Pradesh - 2025,06-Nov 6pm,10928.23,,,,
Madhya Pradesh - 2025,06-Nov 7pm,9808.75,,,,
Madhya Pradesh - 2025,06-Nov 8pm,9512.02,,,,
Madhya Pradesh - 2025,06-Nov 9pm,8783.58,,,,
Madhya Pradesh - 2025,06-Nov 10pm,8700.45,,,,
Madhya Pradesh - 2025,06-Nov 11pm,9080.18,,,,
Madhya Pradesh - 2025,07-Nov 12am,9247.24,,,,
Madhya Pradesh - 2025,07-Nov 1am,9249.36,,,,
Madhya Pradesh - 2025,07-Nov 2am,8773.16,,,,
Madhya Pradesh - 2025,07-Nov 3am,8892.83,,,,
Madhya Pradesh - 2025,07-Nov 4am,8858.54,,,,
Madhya Pradesh - 2025,07-Nov 5am,9047.56,,,,
Madhya Pradesh - 2025,07-Nov 6am,9334.66,,,,
Madhya Pradesh - 2025,07-Nov 7am,10759.92,,,,
Madhya Pradesh - 2025,07-Nov 8am,11120.59,,,,
Madhya Pradesh - 2025,07-Nov 9am,12335.56,,,,
Madhya Pradesh - 2025,07-Nov 10am,12045.26,,,,
Madhya Pradesh - 2025,07-Nov 11am,11616.51,,,,
Madhya Pradesh - 2025,07-Nov 12pm,10762.88,,,,
Madhya Pradesh - 2025,07-Nov 1pm,10832.62,,,,
Madhya Pradesh - 2025,07-Nov 2pm,10856,,,,
Madhya Pradesh - 2025,07-Nov 3pm,11394.78,,,,
Madhya Pradesh - 2025,07-Nov 4pm,12055.04,,,,
Madhya Pradesh - 2025,07-Nov 5pm,12069.99,,,,
Madhya Pradesh - 2025,07-Nov 6pm,10681.96,,,,
Madhya Pradesh - 2025,07-Nov 7pm,10098.28,,,,
Madhya Pradesh - 2025,07-Nov 8pm,9806.84,,,,
Madhya Pradesh - 2025,07-Nov 9pm,8788.33,,,,
Madhya Pradesh - 2025,07-Nov 10pm,8795.46,,,,
Madhya Pradesh - 2025,07-Nov 11pm,9361.47,,,,
Madhya Pradesh - 2025,08-Nov 12am,9173.52,,,,
Madhya Pradesh - 2025,08-Nov 1am,9074.3,,,,
Madhya Pradesh - 2025,08-Nov 2am,8663.76,,,,
Madhya Pradesh - 2025,08-Nov 3am,8749.24,,,,
Madhya Pradesh - 2025,08-Nov 4am,8860.21,,,,
Madhya Pradesh - 2025,08-Nov 5am,9009.16,,,,
Madhya Pradesh - 2025,08-Nov 6am,9370.82,,,,
Madhya Pradesh - 2025,08-Nov 7am,11739.73,,,,
Madhya Pradesh - 2025,08-Nov 8am,11853.06,,,,
Madhya Pradesh - 2025,08-Nov 9am,12918.07,,,,
Madhya Pradesh - 2025,08-Nov 10am,12876.02,,,,
Madhya Pradesh - 2025,08-Nov 11am,12301.73,,,,
Madhya Pradesh - 2025,08-Nov 12pm,10929.74,,,,
Madhya Pradesh - 2025,08-Nov 1pm,11079.98,,,,
Madhya Pradesh - 2025,08-Nov 2pm,11070.32,,,,
Madhya Pradesh - 2025,08-Nov 3pm,11638.02,,,,
Madhya Pradesh - 2025,08-Nov 4pm,12049.18,,,,
Madhya Pradesh - 2025,08-Nov 5pm,11938.51,,,,
Madhya Pradesh - 2025,08-Nov 6pm,10555.99,,,,
Madhya Pradesh - 2025,08-Nov 7pm,10254.39,,,,
Madhya Pradesh - 2025,08-Nov 8pm,9767.19,,,,
Madhya Pradesh - 2025,08-Nov 9pm,9012.42,,,,
Madhya Pradesh - 2025,08-Nov 10pm,8701.56,,,,
Madhya Pradesh - 2025,08-Nov 11pm,9099.75,,,,
Madhya Pradesh - 2025,09-Nov 12am,8952.07,,,,
Madhya Pradesh - 2025,09-Nov 1am,9014.64,,,,
Madhya Pradesh - 2025,09-Nov 2am,8486.77,,,,
Madhya Pradesh - 2025,09-Nov 3am,8748.33,,,,
Madhya Pradesh - 2025,09-Nov 4am,8784.24,,,,
Madhya Pradesh - 2025,09-Nov 5am,8966.56,,,,
Madhya Pradesh - 2025,09-Nov 6am,9254.01,,,,
Madhya Pradesh - 2025,09-Nov 7am,11511.74,,,,
Madhya Pradesh - 2025,09-Nov 8am,11788.47,,,,
Madhya Pradesh - 2025,09-Nov 9am,12910.23,,,,
Madhya Pradesh - 2025,09-Nov 10am,12568.4,,,,
Madhya Pradesh - 2025,09-Nov 11am,12575.45,,,,
Madhya Pradesh - 2025,09-Nov 12pm,11339.81,,,,
Madhya Pradesh - 2025,09-Nov 1pm,11497.61,,,,
Madhya Pradesh - 2025,09-Nov 2pm,11292.11,,,,
Madhya Pradesh - 2025,09-Nov 3pm,11756.68,,,,
Madhya Pradesh - 2025,09-Nov 4pm,12414.63,,,,
Madhya Pradesh - 2025,09-Nov 5pm,12502.95,,,,
Madhya Pradesh - 2025,09-Nov 6pm,11027.4,,,,
Madhya Pradesh - 2025,09-Nov 7pm,10785.3,,,,
Madhya Pradesh - 2025,09-Nov 8pm,9730.99,,,,
Madhya Pradesh - 2025,09-Nov 9pm,9070.21,,,,
Madhya Pradesh - 2025,09-Nov 10pm,8936.56,,,,
Madhya Pradesh - 2025,09-Nov 11pm,9445.25,,,,
Madhya Pradesh - 2025,10-Nov 12am,9286.14,,,,
Madhya Pradesh - 2025,10-Nov 1am,9269.67,,,,
Madhya Pradesh - 2025,10-Nov 2am,8816.89,,,,
Madhya Pradesh - 2025,10-Nov 3am,8948.79,,,,
Madhya Pradesh - 2025,10-Nov 4am,9039.93,,,,
Madhya Pradesh - 2025,10-Nov 5am,9160.55,,,,
Madhya Pradesh - 2025,10-Nov 6am,9380.66,,,,
Madhya Pradesh - 2025,10-Nov 7am,11691.92,,,,
Madhya Pradesh - 2025,10-Nov 8am,11999.36,,,,
Madhya Pradesh - 2025,10-Nov 9am,13416.45,,,,
Madhya Pradesh - 2025,10-Nov 10am,13467.39,,,,
Madhya Pradesh - 2025,10-Nov 11am,12933.69,,,,
Madhya Pradesh - 2025,10-Nov 12pm,12204.85,,,,
Madhya Pradesh - 2025,10-Nov 1pm,12312.08,,,,
Madhya Pradesh - 2025,10-Nov 2pm,12206.77,,,,
Madhya Pradesh - 2025,10-Nov 3pm,12766.53,,,,
Madhya Pradesh - 2025,10-Nov 4pm,12493.26,,,,
Madhya Pradesh - 2025,10-Nov 5pm,12788.19,,,,
Madhya Pradesh - 2025,10-Nov 6pm,11576.96,,,,
Madhya Pradesh - 2025,10-Nov 7pm,10280.72,,,,
Madhya Pradesh - 2025,10-Nov 8pm,9494.98,,,,
Madhya Pradesh - 2025,10-Nov 9pm,8991.02,,,,
Madhya Pradesh - 2025,10-Nov 10pm,9259.27,,,,
Madhya Pradesh - 2025,10-Nov 11pm,9485.65,,,,
Madhya Pradesh - 2025,11-Nov 12am,9504.49,,,,
Madhya Pradesh - 2025,11-Nov 1am,9489.46,,,,
Madhya Pradesh - 2025,11-Nov 2am,9111.52,,,,
Madhya Pradesh - 2025,11-Nov 3am,9319.05,,,,
Madhya Pradesh - 2025,11-Nov 4am,9194.02,,,,
Madhya Pradesh - 2025,11-Nov 5am,9643.1,,,,
Madhya Pradesh - 2025,11-Nov 6am,10157.64,,,,
Madhya Pradesh - 2025,11-Nov 7am,12552.49,,,,
Madhya Pradesh - 2025,11-Nov 8am,13265.3,,,,
Madhya Pradesh - 2025,11-Nov 9am,14264.03,,,,
Madhya Pradesh - 2025,11-Nov 10am,13851.27,,,,
Madhya Pradesh - 2025,11-Nov 11am,13655.58,,,,
Madhya Pradesh - 2025,11-Nov 12pm,12436.9,,,,
Madhya Pradesh - 2025,11-Nov 1pm,12612.69,,,,
Madhya Pradesh - 2025,11-Nov 2pm,12398.19,,,,
Madhya Pradesh - 2025,11-Nov 3pm,13091.04,,,,
Madhya Pradesh - 2025,11-Nov 4pm,13152.45,,,,
Madhya Pradesh - 2025,11-Nov 5pm,13500.42,,,,
Madhya Pradesh - 2025,11-Nov 6pm,12140.48,,,,
Madhya Pradesh - 2025,11-Nov 7pm,11233.95,,,,
Madhya Pradesh - 2025,11-Nov 8pm,10075.35,,,,
Madhya Pradesh - 2025,11-Nov 9pm,9670.12,,,,
Madhya Pradesh - 2025,11-Nov 10pm,9366.58,,,,
Madhya Pradesh - 2025,11-Nov 11pm,9934.55,,,,
Madhya Pradesh - 2025,12-Nov 12am,9674.04,,,,
Madhya Pradesh - 2025,12-Nov 1am,9874.73,,,,
Madhya Pradesh - 2025,12-Nov 2am,9209.87,,,,
Madhya Pradesh - 2025,12-Nov 3am,9529.65,,,,
Madhya Pradesh - 2025,12-Nov 4am,9570.17,,,,
Madhya Pradesh - 2025,12-Nov 5am,9766.48,,,,
Madhya Pradesh - 2025,12-Nov 6am,10454.15,,,,
Madhya Pradesh - 2025,12-Nov 7am,13052.45,,,,
Madhya Pradesh - 2025,12-Nov 8am,13896.54,,,,
Madhya Pradesh - 2025,12-Nov 9am,15085.11,,,,
Madhya Pradesh - 2025,12-Nov 10am,14534.55,,,,
Madhya Pradesh - 2025,12-Nov 11am,14027.63,,,,
Madhya Pradesh - 2025,12-Nov 12pm,12589.47,,,,
Madhya Pradesh - 2025,12-Nov 1pm,12944.89,,,,
Madhya Pradesh - 2025,12-Nov 2pm,12568.35,,,,
Madhya Pradesh - 2025,12-Nov 3pm,13079.05,,,,
Madhya Pradesh - 2025,12-Nov 4pm,13460.83,,,,
Madhya Pradesh - 2025,12-Nov 5pm,13972.01,,,,
Madhya Pradesh - 2025,12-Nov 6pm,12382.96,,,,
Madhya Pradesh - 2025,12-Nov 7pm,10994.57,,,,
Madhya Pradesh - 2025,12-Nov 8pm,10465.42,,,,
Madhya Pradesh - 2025,12-Nov 9pm,9960.33,,,,
Madhya Pradesh - 2025,12-Nov 10pm,9860.66,,,,
Madhya Pradesh - 2025,12-Nov 11pm,10487.15,,,,
Madhya Pradesh - 2025,13-Nov 12am,10011.47,,,,
Madhya Pradesh - 2025,13-Nov 1am,9784.07,,,,
Madhya Pradesh - 2025,13-Nov 2am,9161.43,,,,
Madhya Pradesh - 2025,13-Nov 3am,9386.57,,,,
Madhya Pradesh - 2025,13-Nov 4am,9519.76,,,,
Madhya Pradesh - 2025,13-Nov 5am,9762.83,,,,
Madhya Pradesh - 2025,13-Nov 6am,10040.37,,,,
Madhya Pradesh - 2025,13-Nov 7am,12636.14,,,,
Madhya Pradesh - 2025,13-Nov 8am,13513.45,,,,
Madhya Pradesh - 2025,13-Nov 9am,14719.09,,,,
Madhya Pradesh - 2025,13-Nov 10am,14226.16,,,,
Madhya Pradesh - 2025,13-Nov 11am,13745.29,,,,
Madhya Pradesh - 2025,13-Nov 12pm,12704.46,,,,
Madhya Pradesh - 2025,13-Nov 1pm,12764.56,,,,
Madhya Pradesh - 2025,13-Nov 2pm,12572.55,,,,
Madhya Pradesh - 2025,13-Nov 3pm,12985.7,,,,
Madhya Pradesh - 2025,13-Nov 4pm,12985.7,,,,
Madhya Pradesh - 2025,13-Nov 5pm,13959.2,,,,
Madhya Pradesh - 2025,13-Nov 6pm,11683.37,,,,
Madhya Pradesh - 2025,13-Nov 7pm,10526.81,,,,
Madhya Pradesh - 2025,13-Nov 8pm,10078.85,,,,
Madhya Pradesh - 2025,13-Nov 9pm,9642.42,,,,
Madhya Pradesh - 2025,13-Nov 10pm,9215.29,,,,
Madhya Pradesh - 2025,13-Nov 11pm,9817.53,,,,
Madhya Pradesh - 2025,14-Nov 12am,9657.08,,,,
Madhya Pradesh - 2025,14-Nov 1am,9613.42,,,,
Madhya Pradesh - 2025,14-Nov 2am,8587.39,,,,
Madhya Pradesh - 2025,14-Nov 3am,8896.65,,,,
Madhya Pradesh - 2025,14-Nov 4am,9077.58,,,,
Madhya Pradesh - 2025,14-Nov 5am,9554.04,,,,
Madhya Pradesh - 2025,14-Nov 6am,10193.25,,,,
Madhya Pradesh - 2025,14-Nov 7am,12235.58,,,,
Madhya Pradesh - 2025,14-Nov 8am,12810.92,,,,
Madhya Pradesh - 2025,14-Nov 9am,14307.56,,,,
Madhya Pradesh - 2025,14-Nov 10am,14143.69,,,,
Madhya Pradesh - 2025,14-Nov 11am,13987.35,,,,
Madhya Pradesh - 2025,14-Nov 12pm,12155.34,,,,
Madhya Pradesh - 2025,14-Nov 1pm,13449.37,,,,
Madhya Pradesh - 2025,14-Nov 2pm,13250.57,,,,
Madhya Pradesh - 2025,14-Nov 3pm,13698.36,,,,
Madhya Pradesh - 2025,14-Nov 4pm,12851.25,,,,
Madhya Pradesh - 2025,14-Nov 5pm,13481.09,,,,
Madhya Pradesh - 2025,14-Nov 6pm,11354.9,,,,
Madhya Pradesh - 2025,14-Nov 7pm,10140.93,,,,
Madhya Pradesh - 2025,14-Nov 8pm,10204.89,,,,
Madhya Pradesh - 2025,14-Nov 9pm,9473.64,,,,
Madhya Pradesh - 2025,14-Nov 10pm,9345.76,,,,
Madhya Pradesh - 2025,14-Nov 11pm,9875.12,,,,
Madhya Pradesh - 2025,15-Nov 12am,9560.42,,,,
Madhya Pradesh - 2025,15-Nov 1am,9445.84,,,,
Madhya Pradesh - 2025,15-Nov 2am,8740.16,,,,
Madhya Pradesh - 2025,15-Nov 3am,8974.14,,,,
Madhya Pradesh - 2025,15-Nov 4am,9093.44,,,,
Madhya Pradesh - 2025,15-Nov 5am,9467.36,,,,
Madhya Pradesh - 2025,15-Nov 6am,10140.75,,,,
Madhya Pradesh - 2025,15-Nov 7am,12305.2,,,,
Madhya Pradesh - 2025,15-Nov 8am,13288.65,,,,
Madhya Pradesh - 2025,15-Nov 9am,14449.57,,,,
Madhya Pradesh - 2025,15-Nov 10am,14911.93,,,,
Madhya Pradesh - 2025,15-Nov 11am,14263.8,,,,
Madhya Pradesh - 2025,15-Nov 12pm,13224.51,,,,
Madhya Pradesh - 2025,15-Nov 1pm,13745.97,,,,
Madhya Pradesh - 2025,15-Nov 2pm,13279.51,,,,
Madhya Pradesh - 2025,15-Nov 3pm,13745.05,,,,
Madhya Pradesh - 2025,15-Nov 4pm,13578.21,,,,
Madhya Pradesh - 2025,15-Nov 5pm,13771.6,,,,
Madhya Pradesh - 2025,15-Nov 6pm,11383.82,,,,
Madhya Pradesh - 2025,15-Nov 7pm,10651.75,,,,
Madhya Pradesh - 2025,15-Nov 8pm,10105.98,,,,
Madhya Pradesh - 2025,15-Nov 9pm,9848.58,,,,
Madhya Pradesh - 2025,15-Nov 10pm,9299.98,,,,
Madhya Pradesh - 2025,15-Nov 11pm,9872.08,,,,
Madhya Pradesh - 2025,16-Nov 12am,9600.24,,,,
Madhya Pradesh - 2025,16-Nov 1am,9736.67,,,,
Madhya Pradesh - 2025,16-Nov 2am,8880.7,,,,
Madhya Pradesh - 2025,16-Nov 3am,9204.36,,,,
Madhya Pradesh - 2025,16-Nov 4am,9129.19,,,,
Madhya Pradesh - 2025,16-Nov 5am,9445.35,,,,
Madhya Pradesh - 2025,16-Nov 6am,9882.03,,,,
Madhya Pradesh - 2025,16-Nov 7am,12052.56,,,,
Madhya Pradesh - 2025,16-Nov 8am,13245.48,,,,
Madhya Pradesh - 2025,16-Nov 9am,14631.15,,,,
Madhya Pradesh - 2025,16-Nov 10am,13946.73,,,,
Madhya Pradesh - 2025,16-Nov 11am,14314.42,,,,
Madhya Pradesh - 2025,16-Nov 12pm,12946.15,,,,
Madhya Pradesh - 2025,16-Nov 1pm,13424.91,,,,
Madhya Pradesh - 2025,16-Nov 2pm,13063.92,,,,
Madhya Pradesh - 2025,16-Nov 3pm,13593.08,,,,
Madhya Pradesh - 2025,16-Nov 4pm,13375.56,,,,
Madhya Pradesh - 2025,16-Nov 5pm,14035.16,,,,
Madhya Pradesh - 2025,16-Nov 6pm,12219.14,,,,
Madhya Pradesh - 2025,16-Nov 7pm,11180.27,,,,
Madhya Pradesh - 2025,16-Nov 8pm,10354.89,,,,
Madhya Pradesh - 2025,16-Nov 9pm,9751.11,,,,
Madhya Pradesh - 2025,16-Nov 10pm,9435.97,,,,
Madhya Pradesh - 2025,16-Nov 11pm,9891.86,,,,
Madhya Pradesh - 2025,17-Nov 12am,9431.13,,,,
Madhya Pradesh - 2025,17-Nov 1am,9375.96,,,,
Madhya Pradesh - 2025,17-Nov 2am,8555.65,,,,
Madhya Pradesh - 2025,17-Nov 3am,8684.41,,,,
Madhya Pradesh - 2025,17-Nov 4am,8730.82,,,,
Madhya Pradesh - 2025,17-Nov 5am,9213.01,,,,
Madhya Pradesh - 2025,17-Nov 6am,9643.28,,,,
Madhya Pradesh - 2025,17-Nov 7am,11779.73,,,,
Madhya Pradesh - 2025,17-Nov 8am,12716.72,,,,
Madhya Pradesh - 2025,17-Nov 9am,14520.51,,,,
Madhya Pradesh - 2025,17-Nov 10am,14944.35,,,,
Madhya Pradesh - 2025,17-Nov 11am,14240.05,,,,
Madhya Pradesh - 2025,17-Nov 12pm,12881.99,,,,
Madhya Pradesh - 2025,17-Nov 1pm,13447.79,,,,
Madhya Pradesh - 2025,17-Nov 2pm,13157.17,,,,
Madhya Pradesh - 2025,17-Nov 3pm,13653.82,,,,
Madhya Pradesh - 2025,17-Nov 4pm,13520.13,,,,
Madhya Pradesh - 2025,17-Nov 5pm,13176.3,,,,
Madhya Pradesh - 2025,17-Nov 6pm,11139.16,,,,
Madhya Pradesh - 2025,17-Nov 7pm,9844.92,,,,
Madhya Pradesh - 2025,17-Nov 8pm,9741.55,,,,
Madhya Pradesh - 2025,17-Nov 9pm,9658.98,,,,
Madhya Pradesh - 2025,17-Nov 10pm,9507.47,,,,
Madhya Pradesh - 2025,17-Nov 11pm,10047.33,,,,
Madhya Pradesh - 2025,18-Nov 12am,9289.76,,,,
Madhya Pradesh - 2025,18-Nov 1am,9320.44,,,,
Madhya Pradesh - 2025,18-Nov 2am,8364.74,,,,
Madhya Pradesh - 2025,18-Nov 3am,8692.46,,,,
Madhya Pradesh - 2025,18-Nov 4am,8579.73,,,,
Madhya Pradesh - 2025,18-Nov 5am,8957.16,,,,
Madhya Pradesh - 2025,18-Nov 6am,9836.48,,,,
Madhya Pradesh - 2025,18-Nov 7am,11692.27,,,,
Madhya Pradesh - 2025,18-Nov 8am,12140.08,,,,
Madhya Pradesh - 2025,18-Nov 9am,13663.73,,,,
Madhya Pradesh - 2025,18-Nov 10am,14149.93,,,,
Madhya Pradesh - 2025,18-Nov 11am,14388.58,,,,
Madhya Pradesh - 2025,18-Nov 12pm,13150.02,,,,
Madhya Pradesh - 2025,18-Nov 1pm,13638.17,,,,
Madhya Pradesh - 2025,18-Nov 2pm,13523.84,,,,
Madhya Pradesh - 2025,18-Nov 3pm,13888.02,,,,
Madhya Pradesh - 2025,18-Nov 4pm,13261.84,,,,
Madhya Pradesh - 2025,18-Nov 5pm,13397.2,,,,
Madhya Pradesh - 2025,18-Nov 6pm,11600.37,,,,
Madhya Pradesh - 2025,18-Nov 7pm,9986.75,,,,
Madhya Pradesh - 2025,18-Nov 8pm,10018.9,,,,
Madhya Pradesh - 2025,18-Nov 9pm,9659.3,,,,
Madhya Pradesh - 2025,18-Nov 10pm,9075.05,,,,
Madhya Pradesh - 2025,18-Nov 11pm,9483.84,,,,
Madhya Pradesh - 2025,19-Nov 12am,9091.92,,,,
Madhya Pradesh - 2025,19-Nov 1am,9247.42,,,,
Madhya Pradesh - 2025,19-Nov 2am,8569.71,,,,
Madhya Pradesh - 2025,19-Nov 3am,8853.89,,,,
Madhya Pradesh - 2025,19-Nov 4am,8725.94,,,,
Madhya Pradesh - 2025,19-Nov 5am,9247.66,,,,
Madhya Pradesh - 2025,19-Nov 6am,9483.02,,,,
Madhya Pradesh - 2025,19-Nov 7am,11965.21,,,,
Madhya Pradesh - 2025,19-Nov 8am,13248.7,,,,
Madhya Pradesh - 2025,19-Nov 9am,14525.63,,,,
Madhya Pradesh - 2025,19-Nov 10am,14124.93,,,,
Madhya Pradesh - 2025,19-Nov 11am,13808.47,,,,
Madhya Pradesh - 2025,19-Nov 12pm,13319.77,,,,
Madhya Pradesh - 2025,19-Nov 1pm,14129.8,,,,
Madhya Pradesh - 2025,19-Nov 2pm,14046.71,,,,
Madhya Pradesh - 2025,19-Nov 3pm,13483.54,,,,
Madhya Pradesh - 2025,19-Nov 4pm,14013.36,,,,
Madhya Pradesh - 2025,19-Nov 5pm,13552.52,,,,
Madhya Pradesh - 2025,19-Nov 6pm,11541.95,,,,
Madhya Pradesh - 2025,19-Nov 7pm,9930.73,,,,
Madhya Pradesh - 2025,19-Nov 8pm,9520.43,,,,
Madhya Pradesh - 2025,19-Nov 9pm,9420.73,,,,
Madhya Pradesh - 2025,19-Nov 10pm,9535.73,,,,
Madhya Pradesh - 2025,19-Nov 11pm,9877.88,,,,
Madhya Pradesh - 2025,20-Nov 12am,10003.42,,,,
Madhya Pradesh - 2025,20-Nov 1am,9973.19,,,,
Madhya Pradesh - 2025,20-Nov 2am,9014.49,,,,
Madhya Pradesh - 2025,20-Nov 3am,9476.2,,,,
Madhya Pradesh - 2025,20-Nov 4am,9408.45,,,,
Madhya Pradesh - 2025,20-Nov 5am,9598.88,,,,
Madhya Pradesh - 2025,20-Nov 6am,9555.64,,,,
Madhya Pradesh - 2025,20-Nov 7am,12685.06,,,,
Madhya Pradesh - 2025,20-Nov 8am,13742.69,,,,
Madhya Pradesh - 2025,20-Nov 9am,15366.31,,,,
Madhya Pradesh - 2025,20-Nov 10am,15057.13,,,,
Madhya Pradesh - 2025,20-Nov 11am,15221.03,,,,
Madhya Pradesh - 2025,20-Nov 12pm,13908.12,,,,
Madhya Pradesh - 2025,20-Nov 1pm,14514.08,,,,
Madhya Pradesh - 2025,20-Nov 2pm,14369.27,,,,
Madhya Pradesh - 2025,20-Nov 3pm,14470.36,,,,
Madhya Pradesh - 2025,20-Nov 4pm,14076.55,,,,
Madhya Pradesh - 2025,20-Nov 5pm,13910.57,,,,
Madhya Pradesh - 2025,20-Nov 6pm,11608.4,,,,
Madhya Pradesh - 2025,20-Nov 7pm,10066.04,,,,
Madhya Pradesh - 2025,20-Nov 8pm,9789.81,,,,
Madhya Pradesh - 2025,20-Nov 9pm,9352.35,,,,
Madhya Pradesh - 2025,20-Nov 10pm,9435.11,,,,
Madhya Pradesh - 2025,20-Nov 11pm,10270.43,,,,
Madhya Pradesh - 2025,21-Nov 12am,10167.75,,,,
Madhya Pradesh - 2025,21-Nov 1am,10009.96,,,,
Madhya Pradesh - 2025,21-Nov 2am,9110.4,,,,
Madhya Pradesh - 2025,21-Nov 3am,9689.53,,,,
Madhya Pradesh - 2025,21-Nov 4am,9802.91,,,,
Madhya Pradesh - 2025,21-Nov 5am,9855.3,,,,
Madhya Pradesh - 2025,21-Nov 6am,9754.9,,,,
Madhya Pradesh - 2025,21-Nov 7am,12644.26,,,,
Madhya Pradesh - 2025,21-Nov 8am,13552.73,,,,
Madhya Pradesh - 2025,21-Nov 9am,15697.38,,,,
Madhya Pradesh - 2025,21-Nov 10am,15251.76,,,,
Madhya Pradesh - 2025,21-Nov 11am,15064.25,,,,
Madhya Pradesh - 2025,21-Nov 12pm,14635.58,,,,
Madhya Pradesh - 2025,21-Nov 1pm,15194.45,,,,
Madhya Pradesh - 2025,21-Nov 2pm,14631.26,,,,
Madhya Pradesh - 2025,21-Nov 3pm,14270.68,,,,
Madhya Pradesh - 2025,21-Nov 4pm,14524.55,,,,
Madhya Pradesh - 2025,21-Nov 5pm,14464.81,,,,
Madhya Pradesh - 2025,21-Nov 6pm,12443.14,,,,
Madhya Pradesh - 2025,21-Nov 7pm,10524.26,,,,
Madhya Pradesh - 2025,21-Nov 8pm,9304.88,,,,
Madhya Pradesh - 2025,21-Nov 9pm,9145.28,,,,
Madhya Pradesh - 2025,21-Nov 10pm,9814.09,,,,
Madhya Pradesh - 2025,21-Nov 11pm,10019.76,,,,
Madhya Pradesh - 2025,22-Nov 12am,9911.13,,,,
Madhya Pradesh - 2025,22-Nov 1am,9604.58,,,,
Madhya Pradesh - 2025,22-Nov 2am,9374.51,,,,
Madhya Pradesh - 2025,22-Nov 3am,9836.05,,,,
Madhya Pradesh - 2025,22-Nov 4am,9843.3,,,,
Madhya Pradesh - 2025,22-Nov 5am,9752.51,,,,
Madhya Pradesh - 2025,22-Nov 6am,9207.99,,,,
Madhya Pradesh - 2025,22-Nov 7am,12462.54,,,,
Madhya Pradesh - 2025,22-Nov 8am,13468.85,,,,
Madhya Pradesh - 2025,22-Nov 9am,15181.82,,,,
Madhya Pradesh - 2025,22-Nov 10am,15080.44,,,,
Madhya Pradesh - 2025,22-Nov 11am,14738.18,,,,
Madhya Pradesh - 2025,22-Nov 12pm,13969.24,,,,
Madhya Pradesh - 2025,22-Nov 1pm,14686.12,,,,
Madhya Pradesh - 2025,22-Nov 2pm,14405.06,,,,
Madhya Pradesh - 2025,22-Nov 3pm,14435.24,,,,
Madhya Pradesh - 2025,22-Nov 4pm,13837.41,,,,
Madhya Pradesh - 2025,22-Nov 5pm,14014.97,,,,
Madhya Pradesh - 2025,22-Nov 6pm,12172.27,,,,
Madhya Pradesh - 2025,22-Nov 7pm,10610.08,,,,
Madhya Pradesh - 2025,22-Nov 8pm,9969.22,,,,
Madhya Pradesh - 2025,22-Nov 9pm,9419.62,,,,
Madhya Pradesh - 2025,22-Nov 10pm,10010.34,,,,
Madhya Pradesh - 2025,22-Nov 11pm,10482.63,,,,
Madhya Pradesh - 2025,23-Nov 12am,10130.94,,,,
Madhya Pradesh - 2025,23-Nov 1am,10116.58,,,,
Madhya Pradesh - 2025,23-Nov 2am,9839.45,,,,
Madhya Pradesh - 2025,23-Nov 3am,10199.5,,,,
Madhya Pradesh - 2025,23-Nov 4am,10142.99,,,,
Madhya Pradesh - 2025,23-Nov 5am,9874.54,,,,
Madhya Pradesh - 2025,23-Nov 6am,9493.92,,,,
Madhya Pradesh - 2025,23-Nov 7am,12801.98,,,,
Madhya Pradesh - 2025,23-Nov 8am,13928.83,,,,
Madhya Pradesh - 2025,23-Nov 9am,15538.99,,,,
Madhya Pradesh - 2025,23-Nov 10am,15653.24,,,,
Madhya Pradesh - 2025,23-Nov 11am,15071.81,,,,
Madhya Pradesh - 2025,23-Nov 12pm,14575.91,,,,
Madhya Pradesh - 2025,23-Nov 1pm,14870.87,,,,
Madhya Pradesh - 2025,23-Nov 2pm,14788.37,,,,
Madhya Pradesh - 2025,23-Nov 3pm,14855.48,,,,
Madhya Pradesh - 2025,23-Nov 4pm,14365.52,,,,
Madhya Pradesh - 2025,23-Nov 5pm,14392.95,,,,
Madhya Pradesh - 2025,23-Nov 6pm,12462.96,,,,
Madhya Pradesh - 2025,23-Nov 7pm,11522.28,,,,
Madhya Pradesh - 2025,23-Nov 8pm,10501.15,,,,
Madhya Pradesh - 2025,23-Nov 9pm,9759.12,,,,
Madhya Pradesh - 2025,23-Nov 10pm,9617.67,,,,
Madhya Pradesh - 2025,23-Nov 11pm,10604.26,,,,
Madhya Pradesh - 2025,24-Nov 12am,10288.77,,,,
Madhya Pradesh - 2025,24-Nov 1am,10294.75,,,,
Madhya Pradesh - 2025,24-Nov 2am,9374.38,,,,
Madhya Pradesh - 2025,24-Nov 3am,9965.44,,,,
Madhya Pradesh - 2025,24-Nov 4am,9884.97,,,,
Madhya Pradesh - 2025,24-Nov 5am,10014.86,,,,
Madhya Pradesh - 2025,24-Nov 6am,9993.32,,,,
Madhya Pradesh - 2025,24-Nov 7am,12750.4,,,,
Madhya Pradesh - 2025,24-Nov 8am,14063.96,,,,
Madhya Pradesh - 2025,24-Nov 9am,15642.16,,,,
Madhya Pradesh - 2025,24-Nov 10am,15889.56,,,,
Madhya Pradesh - 2025,24-Nov 11am,15442.27,,,,
Madhya Pradesh - 2025,24-Nov 12pm,14455.12,,,,
Madhya Pradesh - 2025,24-Nov 1pm,15338.16,,,,
Madhya Pradesh - 2025,24-Nov 2pm,14751.99,,,,
Madhya Pradesh - 2025,24-Nov 3pm,14329.01,,,,
Madhya Pradesh - 2025,24-Nov 4pm,14243.24,,,,
Madhya Pradesh - 2025,24-Nov 5pm,14137.74,,,,
Madhya Pradesh - 2025,24-Nov 6pm,11907.32,,,,
Madhya Pradesh - 2025,24-Nov 7pm,10485.19,,,,
Madhya Pradesh - 2025,24-Nov 8pm,8823.06,,,,
Madhya Pradesh - 2025,24-Nov 9pm,9312.91,,,,
Madhya Pradesh - 2025,24-Nov 10pm,9588.25,,,,
Madhya Pradesh - 2025,24-Nov 11pm,10249.71,,,,
Madhya Pradesh - 2025,25-Nov 12am,10213.56,,,,
Madhya Pradesh - 2025,25-Nov 1am,10427.37,,,,
Madhya Pradesh - 2025,25-Nov 2am,9652.38,,,,
Madhya Pradesh - 2025,25-Nov 3am,10151.99,,,,
Madhya Pradesh - 2025,25-Nov 4am,9928.86,,,,
Madhya Pradesh - 2025,25-Nov 5am,10110.17,,,,
Madhya Pradesh - 2025,25-Nov 6am,9994.35,,,,
Madhya Pradesh - 2025,25-Nov 7am,12662.79,,,,
Madhya Pradesh - 2025,25-Nov 8am,13683.26,,,,
Madhya Pradesh - 2025,25-Nov 9am,15055.96,,,,
Madhya Pradesh - 2025,25-Nov 10am,14940.26,,,,
Madhya Pradesh - 2025,25-Nov 11am,15096.04,,,,
Madhya Pradesh - 2025,25-Nov 12pm,14701.64,,,,
Madhya Pradesh - 2025,25-Nov 1pm,15298.35,,,,
Madhya Pradesh - 2025,25-Nov 2pm,14760.71,,,,
Madhya Pradesh - 2025,25-Nov 3pm,14881.83,,,,
Madhya Pradesh - 2025,25-Nov 4pm,14553.53,,,,
Madhya Pradesh - 2025,25-Nov 5pm,14771.38,,,,
Madhya Pradesh - 2025,25-Nov 6pm,12346.64,,,,
Madhya Pradesh - 2025,25-Nov 7pm,10791.24,,,,
Madhya Pradesh - 2025,25-Nov 8pm,9422.1,,,,
Madhya Pradesh - 2025,25-Nov 9pm,9303.96,,,,
Madhya Pradesh - 2025,25-Nov 10pm,9486.4,,,,
Madhya Pradesh - 2025,25-Nov 11pm,10328.55,,,,
Madhya Pradesh - 2025,26-Nov 12am,10018.29,,,,
Madhya Pradesh - 2025,26-Nov 1am,10234.7,,,,
Madhya Pradesh - 2025,26-Nov 2am,9313.76,,,,
Madhya Pradesh - 2025,26-Nov 3am,9811.66,,,,
Madhya Pradesh - 2025,26-Nov 4am,9877.91,,,,
Madhya Pradesh - 2025,26-Nov 5am,9860.9,,,,
Madhya Pradesh - 2025,26-Nov 6am,9284.38,,,,
Madhya Pradesh - 2025,26-Nov 7am,12775.46,,,,
Madhya Pradesh - 2025,26-Nov 8am,13863.99,,,,
Madhya Pradesh - 2025,26-Nov 9am,15248.89,,,,
Madhya Pradesh - 2025,26-Nov 10am,15452.35,,,,
Madhya Pradesh - 2025,26-Nov 11am,15569.61,,,,
Madhya Pradesh - 2025,26-Nov 12pm,14621.71,,,,
Madhya Pradesh - 2025,26-Nov 1pm,14928.23,,,,
Madhya Pradesh - 2025,26-Nov 2pm,14849.78,,,,
Madhya Pradesh - 2025,26-Nov 3pm,14452.51,,,,
Madhya Pradesh - 2025,26-Nov 4pm,14163.4,,,,
Madhya Pradesh - 2025,26-Nov 5pm,13745.7,,,,
Madhya Pradesh - 2025,26-Nov 6pm,11990.99,,,,
Madhya Pradesh - 2025,26-Nov 7pm,10284.08,,,,
Madhya Pradesh - 2025,26-Nov 8pm,10218.08,,,,
Madhya Pradesh - 2025,26-Nov 9pm,10019.86,,,,
Madhya Pradesh - 2025,26-Nov 10pm,9530.23,,,,
Madhya Pradesh - 2025,26-Nov 11pm,10325.89,,,,
Madhya Pradesh - 2025,27-Nov 12am,10226.47,,,,
Madhya Pradesh - 2025,27-Nov 1am,10245.04,,,,
Madhya Pradesh - 2025,27-Nov 2am,9843.32,,,,
Madhya Pradesh - 2025,27-Nov 3am,10303.94,,,,
Madhya Pradesh - 2025,27-Nov 4am,10334.12,,,,
Madhya Pradesh - 2025,27-Nov 5am,10368.98,,,,
Madhya Pradesh - 2025,27-Nov 6am,10148.08,,,,
Madhya Pradesh - 2025,27-Nov 7am,13441.56,,,,
Madhya Pradesh - 2025,27-Nov 8am,13395.31,,,,
Madhya Pradesh - 2025,27-Nov 9am,14612.48,,,,
Madhya Pradesh - 2025,27-Nov 10am,15398.02,,,,
Madhya Pradesh - 2025,27-Nov 11am,15569.86,,,,
Madhya Pradesh - 2025,27-Nov 12pm,14366.71,,,,
Madhya Pradesh - 2025,27-Nov 1pm,15099.01,,,,
Madhya Pradesh - 2025,27-Nov 2pm,14769.36,,,,
Madhya Pradesh - 2025,27-Nov 3pm,14335.08,,,,
Madhya Pradesh - 2025,27-Nov 4pm,13654.97,,,,
Madhya Pradesh - 2025,27-Nov 5pm,13602.57,,,,
Madhya Pradesh - 2025,27-Nov 6pm,12027.23,,,,
Madhya Pradesh - 2025,27-Nov 7pm,10445.58,,,,
Madhya Pradesh - 2025,27-Nov 8pm,9475.67,,,,
Madhya Pradesh - 2025,27-Nov 9pm,9367.77,,,,
Madhya Pradesh - 2025,27-Nov 10pm,9905.92,,,,
Madhya Pradesh - 2025,27-Nov 11pm,10296.1,,,,
Madhya Pradesh - 2025,28-Nov 12am,10172.78,,,,
Madhya Pradesh - 2025,28-Nov 1am,10445.33,,,,
Madhya Pradesh - 2025,28-Nov 2am,10290.91,,,,
Madhya Pradesh - 2025,28-Nov 3am,10754.75,,,,
Madhya Pradesh - 2025,28-Nov 4am,10411.02,,,,
Madhya Pradesh - 2025,28-Nov 5am,10105.79,,,,
Madhya Pradesh - 2025,28-Nov 6am,10400.1,,,,
Madhya Pradesh - 2025,28-Nov 7am,13305.33,,,,
Madhya Pradesh - 2025,28-Nov 8am,14221.97,,,,
Madhya Pradesh - 2025,28-Nov 9am,14927.56,,,,
Madhya Pradesh - 2025,28-Nov 10am,15055.14,,,,
Madhya Pradesh - 2025,28-Nov 11am,15795.74,,,,
Madhya Pradesh - 2025,28-Nov 12pm,14430.57,,,,
Madhya Pradesh - 2025,28-Nov 1pm,15135.94,,,,
Madhya Pradesh - 2025,28-Nov 2pm,14744.68,,,,
Madhya Pradesh - 2025,28-Nov 3pm,15132.99,,,,
Madhya Pradesh - 2025,28-Nov 4pm,13684.9,,,,
Madhya Pradesh - 2025,28-Nov 5pm,13568.42,,,,
Madhya Pradesh - 2025,28-Nov 6pm,12330.73,,,,
Madhya Pradesh - 2025,28-Nov 7pm,10625.07,,,,
Madhya Pradesh - 2025,28-Nov 8pm,9742.24,,,,
Madhya Pradesh - 2025,28-Nov 9pm,9804.62,,,,
Madhya Pradesh - 2025,28-Nov 10pm,9760.08,,,,
Madhya Pradesh - 2025,28-Nov 11pm,10192.14,,,,
Madhya Pradesh - 2025,29-Nov 12am,10082.37,,,,
Madhya Pradesh - 2025,29-Nov 1am,10625.47,,,,
Madhya Pradesh - 2025,29-Nov 2am,10592.44,,,,
Madhya Pradesh - 2025,29-Nov 3am,11212.13,,,,
Madhya Pradesh - 2025,29-Nov 4am,11293.83,,,,
Madhya Pradesh - 2025,29-Nov 5am,10272.52,,,,
Madhya Pradesh - 2025,29-Nov 6am,10367.65,,,,
Madhya Pradesh - 2025,29-Nov 7am,12915.24,,,,
Madhya Pradesh - 2025,29-Nov 8am,14088.26,,,,
Madhya Pradesh - 2025,29-Nov 9am,15012.98,,,,
Madhya Pradesh - 2025,29-Nov 10am,14992.45,,,,
Madhya Pradesh - 2025,29-Nov 11am,15911.27,,,,
Madhya Pradesh - 2025,29-Nov 12pm,14654.95,,,,
Madhya Pradesh - 2025,29-Nov 1pm,14771.59,,,,
Madhya Pradesh - 2025,29-Nov 2pm,14950.11,,,,
Madhya Pradesh - 2025,29-Nov 3pm,14514.79,,,,
Madhya Pradesh - 2025,29-Nov 4pm,13619.64,,,,
Madhya Pradesh - 2025,29-Nov 5pm,13799.26,,,,
Madhya Pradesh - 2025,29-Nov 6pm,12249.64,,,,
Madhya Pradesh - 2025,29-Nov 7pm,10880.71,,,,
Madhya Pradesh - 2025,29-Nov 8pm,10404.62,,,,
Madhya Pradesh - 2025,29-Nov 9pm,10194.25,,,,
Madhya Pradesh - 2025,29-Nov 10pm,9775.35,,,,
Madhya Pradesh - 2025,29-Nov 11pm,10621.67,,,,
Madhya Pradesh - 2025,30-Nov 12am,10299.34,,,,
Madhya Pradesh - 2025,30-Nov 1am,10824.36,,,,
Madhya Pradesh - 2025,30-Nov 2am,10852.5,,,,
Madhya Pradesh - 2025,30-Nov 3am,11327.99,,,,
Madhya Pradesh - 2025,30-Nov 4am,11233.44,,,,
Madhya Pradesh - 2025,30-Nov 5am,10935.22,,,,
Madhya Pradesh - 2025,30-Nov 6am,10388.63,,,,
Madhya Pradesh - 2025,30-Nov 7am,13289.45,,,,
Madhya Pradesh - 2025,30-Nov 8am,14142.74,,,,
Madhya Pradesh - 2025,30-Nov 9am,14455.33,,,,
Madhya Pradesh - 2025,30-Nov 10am,14804.72,,,,
Madhya Pradesh - 2025,30-Nov 11am,15746.63,,,,
Madhya Pradesh - 2025,30-Nov 12pm,14747.94,,,,
Madhya Pradesh - 2025,30-Nov 1pm,15552.06,,,,
Madhya Pradesh - 2025,30-Nov 2pm,15211.19,,,,
Madhya Pradesh - 2025,30-Nov 3pm,14903.08,,,,
Madhya Pradesh - 2025,30-Nov 4pm,14018.09,,,,
Madhya Pradesh - 2025,30-Nov 5pm,13852.07,,,,
Madhya Pradesh - 2025,30-Nov 6pm,13016.84,,,,
Madhya Pradesh - 2025,30-Nov 7pm,11885.14,,,,
Madhya Pradesh - 2025,30-Nov 8pm,10739.84,,,,
Madhya Pradesh - 2025,30-Nov 9pm,9896.36,,,,
Madhya Pradesh - 2025,30-Nov 10pm,9924.39,,,,
Madhya Pradesh - 2025,30-Nov 11pm,10595.51,,,,
Madhya Pradesh - 2025,01-Dec 12am,10147.13,,,,
Madhya Pradesh - 2025,01-Dec 1am,10753.27,,,,
Madhya Pradesh - 2025,01-Dec 2am,10715.92,,,,
Madhya Pradesh - 2025,01-Dec 3am,11072.65,,,,
Madhya Pradesh - 2025,01-Dec 4am,11064.51,,,,
Madhya Pradesh - 2025,01-Dec 5am,10886.43,,,,
Madhya Pradesh - 2025,01-Dec 6am,10619.35,,,,
Madhya Pradesh - 2025,01-Dec 7am,13210.35,,,,
Madhya Pradesh - 2025,01-Dec 8am,14103.36,,,,
Madhya Pradesh - 2025,01-Dec 9am,15469.74,,,,
Madhya Pradesh - 2025,01-Dec 10am,15715.5,,,,
Madhya Pradesh - 2025,01-Dec 11am,15466.85,,,,
Madhya Pradesh - 2025,01-Dec 12pm,14304.58,,,,
Madhya Pradesh - 2025,01-Dec 1pm,15406.47,,,,
Madhya Pradesh - 2025,01-Dec 2pm,14794.11,,,,
Madhya Pradesh - 2025,01-Dec 3pm,15016.65,,,,
Madhya Pradesh - 2025,01-Dec 4pm,13943.77,,,,
Madhya Pradesh - 2025,01-Dec 5pm,13707.39,,,,
Madhya Pradesh - 2025,01-Dec 6pm,12289.45,,,,
Madhya Pradesh - 2025,01-Dec 7pm,10805.63,,,,
Madhya Pradesh - 2025,01-Dec 8pm,9687.08,,,,
Madhya Pradesh - 2025,01-Dec 9pm,9716.22,,,,
Madhya Pradesh - 2025,01-Dec 10pm,9668.5,,,,
Madhya Pradesh - 2025,01-Dec 11pm,10138.03,,,,
Madhya Pradesh - 2025,02-Dec 12am,10027.31,,,,
Madhya Pradesh - 2025,02-Dec 1am,9921.79,,,,
Madhya Pradesh - 2025,02-Dec 2am,10311.33,,,,
Madhya Pradesh - 2025,02-Dec 3am,10529.96,,,,
Madhya Pradesh - 2025,02-Dec 4am,10634.29,,,,
Madhya Pradesh - 2025,02-Dec 5am,10285.78,,,,
Madhya Pradesh - 2025,02-Dec 6am,10227.87,,,,
Madhya Pradesh - 2025,02-Dec 7am,13167.05,,,,
Madhya Pradesh - 2025,02-Dec 8am,14040.85,,,,
Madhya Pradesh - 2025,02-Dec 9am,15324.64,,,,
Madhya Pradesh - 2025,02-Dec 10am,15465.26,,,,
Madhya Pradesh - 2025,02-Dec 11am,15754.07,,,,
Madhya Pradesh - 2025,02-Dec 12pm,14675.4,,,,
Madhya Pradesh - 2025,02-Dec 1pm,15201.4,,,,
Madhya Pradesh - 2025,02-Dec 2pm,15117.54,,,,
Madhya Pradesh - 2025,02-Dec 3pm,14891.76,,,,
Madhya Pradesh - 2025,02-Dec 4pm,13674.68,,,,
Madhya Pradesh - 2025,02-Dec 5pm,13353.45,,,,
Madhya Pradesh - 2025,02-Dec 6pm,12076.24,,,,
Madhya Pradesh - 2025,02-Dec 7pm,10766.68,,,,
Madhya Pradesh - 2025,02-Dec 8pm,9630.44,,,,
Madhya Pradesh - 2025,02-Dec 9pm,9631.84,,,,
Madhya Pradesh - 2025,02-Dec 10pm,9680.23,,,,
Madhya Pradesh - 2025,02-Dec 11pm,10141.69,,,,
Madhya Pradesh - 2025,03-Dec 12am,10349.53,,,,
Madhya Pradesh - 2025,03-Dec 1am,10751.56,,,,
Madhya Pradesh - 2025,03-Dec 2am,10633.86,,,,
Madhya Pradesh - 2025,03-Dec 3am,10858.49,,,,
Madhya Pradesh - 2025,03-Dec 4am,10867.92,,,,
Madhya Pradesh - 2025,03-Dec 5am,10541.67,,,,
Madhya Pradesh - 2025,03-Dec 6am,10323.86,,,,
Madhya Pradesh - 2025,03-Dec 7am,13310.16,,,,
Madhya Pradesh - 2025,03-Dec 8am,14277.36,,,,
Madhya Pradesh - 2025,03-Dec 9am,15150.28,,,,
Madhya Pradesh - 2025,03-Dec 10am,15112.31,,,,
Madhya Pradesh - 2025,03-Dec 11am,15527.16,,,,
Madhya Pradesh - 2025,03-Dec 12pm,13765.42,,,,
Madhya Pradesh - 2025,03-Dec 1pm,15705.62,,,,
Madhya Pradesh - 2025,03-Dec 2pm,15578.59,,,,
Madhya Pradesh - 2025,03-Dec 3pm,14770,,,,
Madhya Pradesh - 2025,03-Dec 4pm,13757.74,,,,
Madhya Pradesh - 2025,03-Dec 5pm,13240.34,,,,
Madhya Pradesh - 2025,03-Dec 6pm,12114.66,,,,
Madhya Pradesh - 2025,03-Dec 7pm,11042.9,,,,
Madhya Pradesh - 2025,03-Dec 8pm,9689.42,,,,
Madhya Pradesh - 2025,03-Dec 9pm,9477.44,,,,
Madhya Pradesh - 2025,03-Dec 10pm,9633.01,,,,
Madhya Pradesh - 2025,03-Dec 11pm,10411.87,,,,
Madhya Pradesh - 2025,04-Dec 12am,9989.2,,,,
Madhya Pradesh - 2025,04-Dec 1am,10394.79,,,,
Madhya Pradesh - 2025,04-Dec 2am,10632.21,,,,
Madhya Pradesh - 2025,04-Dec 3am,11042.38,,,,
Madhya Pradesh - 2025,04-Dec 4am,11090.96,,,,
Madhya Pradesh - 2025,04-Dec 5am,10862.27,,,,
Madhya Pradesh - 2025,04-Dec 6am,10019.24,,,,
Madhya Pradesh - 2025,04-Dec 7am,12814.75,,,,
Madhya Pradesh - 2025,04-Dec 8am,13885.86,,,,
Madhya Pradesh - 2025,04-Dec 9am,14846.32,,,,
Madhya Pradesh - 2025,04-Dec 10am,14979.78,,,,
Madhya Pradesh - 2025,04-Dec 11am,15279.89,,,,
Madhya Pradesh - 2025,04-Dec 12pm,14273.3,,,,
Madhya Pradesh - 2025,04-Dec 1pm,15310.85,,,,
Madhya Pradesh - 2025,04-Dec 2pm,15533.25,,,,
Madhya Pradesh - 2025,04-Dec 3pm,14892.4,,,,
Madhya Pradesh - 2025,04-Dec 4pm,13605.06,,,,
Madhya Pradesh - 2025,04-Dec 5pm,13395.43,,,,
Madhya Pradesh - 2025,04-Dec 6pm,12272.57,,,,
Madhya Pradesh - 2025,04-Dec 7pm,10947.88,,,,
Madhya Pradesh - 2025,04-Dec 8pm,9467.85,,,,
Madhya Pradesh - 2025,04-Dec 9pm,9516.98,,,,
Madhya Pradesh - 2025,04-Dec 10pm,9539.77,,,,
Madhya Pradesh - 2025,04-Dec 11pm,10492.4,,,,
Madhya Pradesh - 2025,05-Dec 12am,10122.09,,,,
Madhya Pradesh - 2025,05-Dec 1am,10705.04,,,,
Madhya Pradesh - 2025,05-Dec 2am,10522.03,,,,
Madhya Pradesh - 2025,05-Dec 3am,11009.49,,,,
Madhya Pradesh - 2025,05-Dec 4am,10966.62,,,,
Madhya Pradesh - 2025,05-Dec 5am,10253.43,,,,
Madhya Pradesh - 2025,05-Dec 6am,9680.32,,,,
Madhya Pradesh - 2025,05-Dec 7am,13103.93,,,,
Madhya Pradesh - 2025,05-Dec 8am,14198.55,,,,
Madhya Pradesh - 2025,05-Dec 9am,15051.95,,,,
Madhya Pradesh - 2025,05-Dec 10am,15489.6,,,,
Madhya Pradesh - 2025,05-Dec 11am,15893.83,,,,
Madhya Pradesh - 2025,05-Dec 12pm,14844.98,,,,
Madhya Pradesh - 2025,05-Dec 1pm,16034.25,,,,
Madhya Pradesh - 2025,05-Dec 2pm,15659.61,,,,
Madhya Pradesh - 2025,05-Dec 3pm,15445.75,,,,
Madhya Pradesh - 2025,05-Dec 4pm,13891.37,,,,
Madhya Pradesh - 2025,05-Dec 5pm,13961.6,,,,
Madhya Pradesh - 2025,05-Dec 6pm,12558.24,,,,
Madhya Pradesh - 2025,05-Dec 7pm,11123.08,,,,
Madhya Pradesh - 2025,05-Dec 8pm,10027.3,,,,
Madhya Pradesh - 2025,05-Dec 9pm,9446.91,,,,
Madhya Pradesh - 2025,05-Dec 10pm,9523.41,,,,
Madhya Pradesh - 2025,05-Dec 11pm,10661.01,,,,
Madhya Pradesh - 2025,06-Dec 12am,10537.41,,,,
Madhya Pradesh - 2025,06-Dec 1am,10650.43,,,,
Madhya Pradesh - 2025,06-Dec 2am,10794.17,,,,
Madhya Pradesh - 2025,06-Dec 3am,11216.33,,,,
Madhya Pradesh - 2025,06-Dec 4am,11086.67,,,,
Madhya Pradesh - 2025,06-Dec 5am,10950.19,,,,
Madhya Pradesh - 2025,06-Dec 6am,9840.54,,,,
Madhya Pradesh - 2025,06-Dec 7am,12890.85,,,,
Madhya Pradesh - 2025,06-Dec 8am,14583.95,,,,
Madhya Pradesh - 2025,06-Dec 9am,15333.96,,,,
Madhya Pradesh - 2025,06-Dec 10am,16080.28,,,,
Madhya Pradesh - 2025,06-Dec 11am,16147.95,,,,
Madhya Pradesh - 2025,06-Dec 12pm,15241.58,,,,
Madhya Pradesh - 2025,06-Dec 1pm,16053.06,,,,
Madhya Pradesh - 2025,06-Dec 2pm,15491.07,,,,
Madhya Pradesh - 2025,06-Dec 3pm,14926.4,,,,
Madhya Pradesh - 2025,06-Dec 4pm,14209.24,,,,
Madhya Pradesh - 2025,06-Dec 5pm,13921.87,,,,
Madhya Pradesh - 2025,06-Dec 6pm,12825.2,,,,
Madhya Pradesh - 2025,06-Dec 7pm,11243.88,,,,
Madhya Pradesh - 2025,06-Dec 8pm,10354.63,,,,
Madhya Pradesh - 2025,06-Dec 9pm,9836.64,,,,
Madhya Pradesh - 2025,06-Dec 10pm,9643.15,,,,
Madhya Pradesh - 2025,06-Dec 11pm,9789.11,,,,
Madhya Pradesh - 2025,07-Dec 12am,9882.53,,,,
Madhya Pradesh - 2025,07-Dec 1am,10423.97,,,,
Madhya Pradesh - 2025,07-Dec 2am,10374.67,,,,
Madhya Pradesh - 2025,07-Dec 3am,10853.16,,,,
Madhya Pradesh - 2025,07-Dec 4am,10578.04,,,,
Madhya Pradesh - 2025,07-Dec 5am,10317.96,,,,
Madhya Pradesh - 2025,07-Dec 6am,9912.98,,,,
Madhya Pradesh - 2025,07-Dec 7am,12038.4,,,,
Madhya Pradesh - 2025,07-Dec 8am,13408.85,,,,
Madhya Pradesh - 2025,07-Dec 9am,15694.17,,,,
Madhya Pradesh - 2025,07-Dec 10am,15729.12,,,,
Madhya Pradesh - 2025,07-Dec 11am,16647.07,,,,
Madhya Pradesh - 2025,07-Dec 12pm,15716.33,,,,
Madhya Pradesh - 2025,07-Dec 1pm,15978.65,,,,
Madhya Pradesh - 2025,07-Dec 2pm,15061.57,,,,
Madhya Pradesh - 2025,07-Dec 3pm,15425.02,,,,
Madhya Pradesh - 2025,07-Dec 4pm,13706.92,,,,
Madhya Pradesh - 2025,07-Dec 5pm,13863.11,,,,
Madhya Pradesh - 2025,07-Dec 6pm,13574.09,,,,
Madhya Pradesh - 2025,07-Dec 7pm,12166.33,,,,
Madhya Pradesh - 2025,07-Dec 8pm,11212.74,,,,
Madhya Pradesh - 2025,07-Dec 9pm,10508.44,,,,
Madhya Pradesh - 2025,07-Dec 10pm,10263.92,,,,
Madhya Pradesh - 2025,07-Dec 11pm,10816.27,,,,
Madhya Pradesh - 2025,08-Dec 12am,10801.7,,,,
Madhya Pradesh - 2025,08-Dec 1am,11011.64,,,,
Madhya Pradesh - 2025,08-Dec 2am,11075.97,,,,
Madhya Pradesh - 2025,08-Dec 3am,11245.75,,,,
Madhya Pradesh - 2025,08-Dec 4am,11279.37,,,,
Madhya Pradesh - 2025,08-Dec 5am,10614.08,,,,
Madhya Pradesh - 2025,08-Dec 6am,10491.36,,,,
Madhya Pradesh - 2025,08-Dec 7am,13177.06,,,,
Madhya Pradesh - 2025,08-Dec 8am,14616.38,,,,
Madhya Pradesh - 2025,08-Dec 9am,15552.51,,,,
Madhya Pradesh - 2025,08-Dec 10am,15966.14,,,,
Madhya Pradesh - 2025,08-Dec 11am,16602.61,,,,
Madhya Pradesh - 2025,08-Dec 12pm,15714.96,,,,
Madhya Pradesh - 2025,08-Dec 1pm,16546.93,,,,
Madhya Pradesh - 2025,08-Dec 2pm,16161.52,,,,
Madhya Pradesh - 2025,08-Dec 3pm,16020.99,,,,
Madhya Pradesh - 2025,08-Dec 4pm,14781.76,,,,
Madhya Pradesh - 2025,08-Dec 5pm,14574.3,,,,
Madhya Pradesh - 2025,08-Dec 6pm,15241.31,,,,
Madhya Pradesh - 2025,08-Dec 7pm,13908.9,,,,
Madhya Pradesh - 2025,08-Dec 8pm,12208.38,,,,
Madhya Pradesh - 2025,08-Dec 9pm,10952.3,,,,
Madhya Pradesh - 2025,08-Dec 10pm,10444.74,,,,
Madhya Pradesh - 2025,08-Dec 11pm,11106.21,,,,
Madhya Pradesh - 2025,09-Dec 12am,10833.45,,,,
Madhya Pradesh - 2025,09-Dec 1am,10901.35,,,,
Madhya Pradesh - 2025,09-Dec 2am,10815.81,,,,
Madhya Pradesh - 2025,09-Dec 3am,11204.58,,,,
Madhya Pradesh - 2025,09-Dec 4am,11169.43,,,,
Madhya Pradesh - 2025,09-Dec 5am,10931.81,,,,
Madhya Pradesh - 2025,09-Dec 6am,11723.63,,,,
Madhya Pradesh - 2025,09-Dec 7am,15704.6,,,,
Madhya Pradesh - 2025,09-Dec 8am,17148.56,,,,
Madhya Pradesh - 2025,09-Dec 9am,17561.63,,,,
Madhya Pradesh - 2025,09-Dec 10am,17941.63,,,,
Madhya Pradesh - 2025,09-Dec 11am,18751.08,,,,
Madhya Pradesh - 2025,09-Dec 12pm,17161.72,,,,
Madhya Pradesh - 2025,09-Dec 1pm,17775.57,,,,
Madhya Pradesh - 2025,09-Dec 2pm,17165.46,,,,
Madhya Pradesh - 2025,09-Dec 3pm,17381.58,,,,
Madhya Pradesh - 2025,09-Dec 4pm,16228.77,,,,
Madhya Pradesh - 2025,09-Dec 5pm,16177.11,,,,
Madhya Pradesh - 2025,09-Dec 6pm,15328.1,,,,
Madhya Pradesh - 2025,09-Dec 7pm,14085.44,,,,
Madhya Pradesh - 2025,09-Dec 8pm,12485.3,,,,
Madhya Pradesh - 2025,09-Dec 9pm,11127.13,,,,
Madhya Pradesh - 2025,09-Dec 10pm,10566.55,,,,
Madhya Pradesh - 2025,09-Dec 11pm,11269.95,,,,
Madhya Pradesh - 2025,10-Dec 12am,10724.4,,,,
Madhya Pradesh - 2025,10-Dec 1am,10953.59,,,,
Madhya Pradesh - 2025,10-Dec 2am,10852.46,,,,
Madhya Pradesh - 2025,10-Dec 3am,11298.02,,,,
Madhya Pradesh - 2025,10-Dec 4am,11304.27,,,,
Madhya Pradesh - 2025,10-Dec 5am,11099.36,,,,
Madhya Pradesh - 2025,10-Dec 6am,11945.31,,,,
Madhya Pradesh - 2025,10-Dec 7am,15915.95,,,,
Madhya Pradesh - 2025,10-Dec 8am,17282.65,,,,
Madhya Pradesh - 2025,10-Dec 9am,17627.01,,,,
Madhya Pradesh - 2025,10-Dec 10am,17880.23,,,,
Madhya Pradesh - 2025,10-Dec 11am,18561.58,,,,
Madhya Pradesh - 2025,10-Dec 12pm,17134.65,,,,
Madhya Pradesh - 2025,10-Dec 1pm,17633.96,,,,
Madhya Pradesh - 2025,10-Dec 2pm,16969.09,,,,
Madhya Pradesh - 2025,10-Dec 3pm,17357.59,,,,
Madhya Pradesh - 2025,10-Dec 4pm,16054.37,,,,
Madhya Pradesh - 2025,10-Dec 5pm,15990.35,,,,
Madhya Pradesh - 2025,10-Dec 6pm,15280.6,,,,
Madhya Pradesh - 2025,10-Dec 7pm,14069.02,,,,
Madhya Pradesh - 2025,10-Dec 8pm,12493.16,,,,
Madhya Pradesh - 2025,10-Dec 9pm,11192.77,,,,
Madhya Pradesh - 2025,10-Dec 10pm,10636.62,,,,
Madhya Pradesh - 2025,10-Dec 11pm,11422.83,,,,
Madhya Pradesh - 2025,11-Dec 12am,10936.73,,,,
Madhya Pradesh - 2025,11-Dec 1am,11058.62,,,,
Madhya Pradesh - 2025,11-Dec 2am,10914.57,,,,
Madhya Pradesh - 2025,11-Dec 3am,11405.72,,,,
Madhya Pradesh - 2025,11-Dec 4am,11359.82,,,,
Madhya Pradesh - 2025,11-Dec 5am,11171.5,,,,
Madhya Pradesh - 2025,11-Dec 6am,12018.11,,,,
Madhya Pradesh - 2025,11-Dec 7am,15976.25,,,,
Madhya Pradesh - 2025,11-Dec 8am,17342.48,,,,
Madhya Pradesh - 2025,11-Dec 9am,17769.21,,,,
Madhya Pradesh - 2025,11-Dec 10am,17993.45,,,,
Madhya Pradesh - 2025,11-Dec 11am,18661.44,,,,
Madhya Pradesh - 2025,11-Dec 12pm,17210.26,,,,
Madhya Pradesh - 2025,11-Dec 1pm,17778.26,,,,
Madhya Pradesh - 2025,11-Dec 2pm,17321.61,,,,
Madhya Pradesh - 2025,11-Dec 3pm,17453.03,,,,
Madhya Pradesh - 2025,11-Dec 4pm,16415.71,,,,
Madhya Pradesh - 2025,11-Dec 5pm,16068.37,,,,
Madhya Pradesh - 2025,11-Dec 6pm,15457.97,,,,
Madhya Pradesh - 2025,11-Dec 7pm,14199.04,,,,
Madhya Pradesh - 2025,11-Dec 8pm,12666.44,,,,
Madhya Pradesh - 2025,11-Dec 9pm,11193.43,,,,
Madhya Pradesh - 2025,11-Dec 10pm,10661.9,,,,
Madhya Pradesh - 2025,11-Dec 11pm,11394.53,,,,
Madhya Pradesh - 2025,12-Dec 12am,10999.22,,,,
Madhya Pradesh - 2025,12-Dec 1am,11143.47,,,,
Madhya Pradesh - 2025,12-Dec 2am,11082.79,,,,
Madhya Pradesh - 2025,12-Dec 3am,11451.8,,,,
Madhya Pradesh - 2025,12-Dec 4am,11443.57,,,,
Madhya Pradesh - 2025,12-Dec 5am,11179.8,,,,
Madhya Pradesh - 2025,12-Dec 6am,12119.45,,,,
Madhya Pradesh - 2025,12-Dec 7am,16117.39,,,,
Madhya Pradesh - 2025,12-Dec 8am,17314.14,,,,
Madhya Pradesh - 2025,12-Dec 9am,17916.74,,,,
Madhya Pradesh - 2025,12-Dec 10am,18247.65,,,,
Madhya Pradesh - 2025,12-Dec 11am,18850.88,,,,
Madhya Pradesh - 2025,12-Dec 12pm,17502.13,,,,
Madhya Pradesh - 2025,12-Dec 1pm,17988.79,,,,
Madhya Pradesh - 2025,12-Dec 2pm,17248.75,,,,
Madhya Pradesh - 2025,12-Dec 3pm,17247.95,,,,
Madhya Pradesh - 2025,12-Dec 4pm,16246.32,,,,
Madhya Pradesh - 2025,12-Dec 5pm,16281.67,,,,
Madhya Pradesh - 2025,12-Dec 6pm,15379.91,,,,
Madhya Pradesh - 2025,12-Dec 7pm,14199.58,,,,
Madhya Pradesh - 2025,12-Dec 8pm,12394.39,,,,
Madhya Pradesh - 2025,12-Dec 9pm,11221.37,,,,
Madhya Pradesh - 2025,12-Dec 10pm,10704.58,,,,
Madhya Pradesh - 2025,12-Dec 11pm,11400.07,,,,
Madhya Pradesh - 2025,13-Dec 12am,10965.41,,,,
Madhya Pradesh - 2025,13-Dec 1am,11144.71,,,,
Madhya Pradesh - 2025,13-Dec 2am,11010.2,,,,
Madhya Pradesh - 2025,13-Dec 3am,11372.79,,,,
Madhya Pradesh - 2025,13-Dec 4am,11374.37,,,,
Madhya Pradesh - 2025,13-Dec 5am,11172.5,,,,
Madhya Pradesh - 2025,13-Dec 6am,11976.75,,,,
Madhya Pradesh - 2025,13-Dec 7am,15554.13,,,,
Madhya Pradesh - 2025,13-Dec 8am,17314.62,,,,
Madhya Pradesh - 2025,13-Dec 9am,17858.09,,,,
Madhya Pradesh - 2025,13-Dec 10am,18229.85,,,,
Madhya Pradesh - 2025,13-Dec 11am,18706.95,,,,
Madhya Pradesh - 2025,13-Dec 12pm,17627.1,,,,
Madhya Pradesh - 2025,13-Dec 1pm,17895.29,,,,
Madhya Pradesh - 2025,13-Dec 2pm,17475.5,,,,
Madhya Pradesh - 2025,13-Dec 3pm,17461.17,,,,
Madhya Pradesh - 2025,13-Dec 4pm,16281.43,,,,
Madhya Pradesh - 2025,13-Dec 5pm,16413.75,,,,
Madhya Pradesh - 2025,13-Dec 6pm,15441.1,,,,
Madhya Pradesh - 2025,13-Dec 7pm,14420.96,,,,
Madhya Pradesh - 2025,13-Dec 8pm,13243.24,,,,
Madhya Pradesh - 2025,13-Dec 9pm,11402.65,,,,
Madhya Pradesh - 2025,13-Dec 10pm,10775.02,,,,
Madhya Pradesh - 2025,13-Dec 11pm,11626.17,,,,
Madhya Pradesh - 2025,14-Dec 12am,11286.25,,,,
Madhya Pradesh - 2025,14-Dec 1am,10952.79,,,,
Madhya Pradesh - 2025,14-Dec 2am,11143.34,,,,
Madhya Pradesh - 2025,14-Dec 3am,11503.11,,,,
Madhya Pradesh - 2025,14-Dec 4am,11517.54,,,,
Madhya Pradesh - 2025,14-Dec 5am,11175.3,,,,
Madhya Pradesh - 2025,14-Dec 6am,11724.17,,,,
Madhya Pradesh - 2025,14-Dec 7am,15185.38,,,,
Madhya Pradesh - 2025,14-Dec 8am,16812.54,,,,
Madhya Pradesh - 2025,14-Dec 9am,17638.38,,,,
Madhya Pradesh - 2025,14-Dec 10am,18119.75,,,,
Madhya Pradesh - 2025,14-Dec 11am,18045.09,,,,
Madhya Pradesh - 2025,14-Dec 12pm,17367.96,,,,
Madhya Pradesh - 2025,14-Dec 1pm,17846.38,,,,
Madhya Pradesh - 2025,14-Dec 2pm,17054.95,,,,
Madhya Pradesh - 2025,14-Dec 3pm,17149.87,,,,
Madhya Pradesh - 2025,14-Dec 4pm,16280.99,,,,
Madhya Pradesh - 2025,14-Dec 5pm,16021.81,,,,
Madhya Pradesh - 2025,14-Dec 6pm,14904.71,,,,
Madhya Pradesh - 2025,14-Dec 7pm,14053.78,,,,
Madhya Pradesh - 2025,14-Dec 8pm,12698.52,,,,
Madhya Pradesh - 2025,14-Dec 9pm,11538.78,,,,
Madhya Pradesh - 2025,14-Dec 10pm,10831.45,,,,
Madhya Pradesh - 2025,14-Dec 11pm,11140.79,,,,
Madhya Pradesh - 2025,15-Dec 12am,10828.64,,,,
Madhya Pradesh - 2025,15-Dec 1am,11090.05,,,,
Madhya Pradesh - 2025,15-Dec 2am,10849.06,,,,
Madhya Pradesh - 2025,15-Dec 3am,11220.51,,,,
Madhya Pradesh - 2025,15-Dec 4am,11084.51,,,,
Madhya Pradesh - 2025,15-Dec 5am,10936.72,,,,
Madhya Pradesh - 2025,15-Dec 6am,11203.74,,,,
Madhya Pradesh - 2025,15-Dec 7am,14722.92,,,,
Madhya Pradesh - 2025,15-Dec 8am,16746.26,,,,
Madhya Pradesh - 2025,15-Dec 9am,17646.87,,,,
Madhya Pradesh - 2025,15-Dec 10am,17733.46,,,,
Madhya Pradesh - 2025,15-Dec 11am,18819.56,,,,
Madhya Pradesh - 2025,15-Dec 12pm,17669.15,,,,
Madhya Pradesh - 2025,15-Dec 1pm,17960.24,,,,
Madhya Pradesh - 2025,15-Dec 2pm,17255.26,,,,
Madhya Pradesh - 2025,15-Dec 3pm,17425.84,,,,
Madhya Pradesh - 2025,15-Dec 4pm,16315.22,,,,
Madhya Pradesh - 2025,15-Dec 5pm,16426.91,,,,
Madhya Pradesh - 2025,15-Dec 6pm,15381.4,,,,
Madhya Pradesh - 2025,15-Dec 7pm,14199.41,,,,
Madhya Pradesh - 2025,15-Dec 8pm,12549.35,,,,
Madhya Pradesh - 2025,15-Dec 9pm,11309.68,,,,
Madhya Pradesh - 2025,15-Dec 10pm,10632.6,,,,
Madhya Pradesh - 2025,15-Dec 11pm,11321.12,,,,
Madhya Pradesh - 2025,16-Dec 12am,10541.27,,,,
Madhya Pradesh - 2025,16-Dec 1am,10802.24,,,,
Madhya Pradesh - 2025,16-Dec 2am,10720.75,,,,
Madhya Pradesh - 2025,16-Dec 3am,11152.2,,,,
Madhya Pradesh - 2025,16-Dec 4am,11147.98,,,,
Madhya Pradesh - 2025,16-Dec 5am,10742.77,,,,
Madhya Pradesh - 2025,16-Dec 6am,11509.2,,,,
Madhya Pradesh - 2025,16-Dec 7am,15373.72,,,,
Madhya Pradesh - 2025,16-Dec 8am,16836.43,,,,
Madhya Pradesh - 2025,16-Dec 9am,17484.49,,,,
Madhya Pradesh - 2025,16-Dec 10am,17775.15,,,,
Madhya Pradesh - 2025,16-Dec 11am,18518.78,,,,
Madhya Pradesh - 2025,16-Dec 12pm,17364.04,,,,
Madhya Pradesh - 2025,16-Dec 1pm,17816,,,,
Madhya Pradesh - 2025,16-Dec 2pm,17256.01,,,,
Madhya Pradesh - 2025,16-Dec 3pm,17120.41,,,,
Madhya Pradesh - 2025,16-Dec 4pm,16425.02,,,,
Madhya Pradesh - 2025,16-Dec 5pm,16536.74,,,,
Madhya Pradesh - 2025,16-Dec 6pm,15539.94,,,,
Madhya Pradesh - 2025,16-Dec 7pm,14431.67,,,,
Madhya Pradesh - 2025,16-Dec 8pm,13224.72,,,,
Madhya Pradesh - 2025,16-Dec 9pm,11227.93,,,,
Madhya Pradesh - 2025,16-Dec 10pm,10650.21,,,,
Madhya Pradesh - 2025,16-Dec 11pm,11301.59,,,,
Madhya Pradesh - 2025,17-Dec 12am,10759.34,,,,
Madhya Pradesh - 2025,17-Dec 1am,11103.21,,,,
Madhya Pradesh - 2025,17-Dec 2am,10747.49,,,,
Madhya Pradesh - 2025,17-Dec 3am,11224.52,,,,
Madhya Pradesh - 2025,17-Dec 4am,11249.81,,,,
Madhya Pradesh - 2025,17-Dec 5am,11053,,,,
Madhya Pradesh - 2025,17-Dec 6am,11913.14,,,,
Madhya Pradesh - 2025,17-Dec 7am,15539.49,,,,
Madhya Pradesh - 2025,17-Dec 8am,17204.92,,,,
Madhya Pradesh - 2025,17-Dec 9am,17687.07,,,,
Madhya Pradesh - 2025,17-Dec 10am,17896.89,,,,
Madhya Pradesh - 2025,17-Dec 11am,18502.22,,,,
Madhya Pradesh - 2025,17-Dec 12pm,17333.34,,,,
Madhya Pradesh - 2025,17-Dec 1pm,17856.34,,,,
Madhya Pradesh - 2025,17-Dec 2pm,17229.96,,,,
Madhya Pradesh - 2025,17-Dec 3pm,17534.05,,,,
Madhya Pradesh - 2025,17-Dec 4pm,16560.6,,,,
Madhya Pradesh - 2025,17-Dec 5pm,16527.02,,,,
Madhya Pradesh - 2025,17-Dec 6pm,15765.72,,,,
Madhya Pradesh - 2025,17-Dec 7pm,14643.04,,,,
Madhya Pradesh - 2025,17-Dec 8pm,13025.41,,,,
Madhya Pradesh - 2025,17-Dec 9pm,11706.96,,,,
Madhya Pradesh - 2025,17-Dec 10pm,10781.8,,,,
Madhya Pradesh - 2025,17-Dec 11pm,11489.22,,,,
Madhya Pradesh - 2025,18-Dec 12am,10854.03,,,,
Madhya Pradesh - 2025,18-Dec 1am,11001.54,,,,
Madhya Pradesh - 2025,18-Dec 2am,10979.74,,,,
Madhya Pradesh - 2025,18-Dec 3am,11282.34,,,,
Madhya Pradesh - 2025,18-Dec 4am,11263.24,,,,
Madhya Pradesh - 2025,18-Dec 5am,11020.55,,,,
Madhya Pradesh - 2025,18-Dec 6am,11916.91,,,,
Madhya Pradesh - 2025,18-Dec 7am,15665.12,,,,
Madhya Pradesh - 2025,18-Dec 8am,17187.89,,,,
Madhya Pradesh - 2025,18-Dec 9am,17869.22,,,,
Madhya Pradesh - 2025,18-Dec 10am,18092.73,,,,
Madhya Pradesh - 2025,18-Dec 11am,18712.22,,,,
Madhya Pradesh - 2025,18-Dec 12pm,17401.96,,,,
Madhya Pradesh - 2025,18-Dec 1pm,17825.52,,,,
Madhya Pradesh - 2025,18-Dec 2pm,17239.4,,,,
Madhya Pradesh - 2025,18-Dec 3pm,17311.9,,,,
Madhya Pradesh - 2025,18-Dec 4pm,16435.66,,,,
Madhya Pradesh - 2025,18-Dec 5pm,16339.71,,,,
Madhya Pradesh - 2025,18-Dec 6pm,14821.02,,,,
Madhya Pradesh - 2025,18-Dec 7pm,13647.26,,,,
Madhya Pradesh - 2025,18-Dec 8pm,12411.51,,,,
Madhya Pradesh - 2025,18-Dec 9pm,11391.43,,,,
Madhya Pradesh - 2025,18-Dec 10pm,10807.2,,,,
Madhya Pradesh - 2025,18-Dec 11pm,11257.64,,,,
Madhya Pradesh - 2025,19-Dec 12am,10886.59,,,,
Madhya Pradesh - 2025,19-Dec 1am,10990.74,,,,
Madhya Pradesh - 2025,19-Dec 2am,10931.67,,,,
Madhya Pradesh - 2025,19-Dec 3am,11376.15,,,,
Madhya Pradesh - 2025,19-Dec 4am,11362.83,,,,
Madhya Pradesh - 2025,19-Dec 5am,11072.84,,,,
Madhya Pradesh - 2025,19-Dec 6am,11981.57,,,,
Madhya Pradesh - 2025,19-Dec 7am,15749.29,,,,
Madhya Pradesh - 2025,19-Dec 8am,17119.24,,,,
Madhya Pradesh - 2025,19-Dec 9am,18131.05,,,,
Madhya Pradesh - 2025,19-Dec 10am,18398.49,,,,
Madhya Pradesh - 2025,19-Dec 11am,18771.24,,,,
Madhya Pradesh - 2025,19-Dec 12pm,17582.57,,,,
Madhya Pradesh - 2025,19-Dec 1pm,18249.52,,,,
Madhya Pradesh - 2025,19-Dec 2pm,17648.85,,,,
Madhya Pradesh - 2025,19-Dec 3pm,17710.28,,,,
Madhya Pradesh - 2025,19-Dec 4pm,16382.68,,,,
Madhya Pradesh - 2025,19-Dec 5pm,16394.5,,,,
Madhya Pradesh - 2025,19-Dec 6pm,15058.02,,,,
Madhya Pradesh - 2025,19-Dec 7pm,14380.71,,,,
Madhya Pradesh - 2025,19-Dec 8pm,12717.62,,,,
Madhya Pradesh - 2025,19-Dec 9pm,11389.6,,,,
Madhya Pradesh - 2025,19-Dec 10pm,10643.35,,,,
Madhya Pradesh - 2025,19-Dec 11pm,11368.93,,,,
Madhya Pradesh - 2025,20-Dec 12am,10678.51,,,,
Madhya Pradesh - 2025,20-Dec 1am,10894.1,,,,
Madhya Pradesh - 2025,20-Dec 2am,10699.61,,,,
Madhya Pradesh - 2025,20-Dec 3am,11143.18,,,,
Madhya Pradesh - 2025,20-Dec 4am,11157.43,,,,
Madhya Pradesh - 2025,20-Dec 5am,10928.75,,,,
Madhya Pradesh - 2025,20-Dec 6am,11725.58,,,,
Madhya Pradesh - 2025,20-Dec 7am,15343.19,,,,
Madhya Pradesh - 2025,20-Dec 8am,16848.63,,,,
Madhya Pradesh - 2025,20-Dec 9am,17463.06,,,,
Madhya Pradesh - 2025,20-Dec 10am,17970.47,,,,
Madhya Pradesh - 2025,20-Dec 11am,18587.62,,,,
Madhya Pradesh - 2025,20-Dec 12pm,17272.55,,,,
Madhya Pradesh - 2025,20-Dec 1pm,17857.68,,,,
Madhya Pradesh - 2025,20-Dec 2pm,17586.47,,,,
Madhya Pradesh - 2025,20-Dec 3pm,17819.48,,,,
Madhya Pradesh - 2025,20-Dec 4pm,16818.03,,,,
Madhya Pradesh - 2025,20-Dec 5pm,16896.49,,,,
Madhya Pradesh - 2025,20-Dec 6pm,15680,,,,
Madhya Pradesh - 2025,20-Dec 7pm,14558.93,,,,
Madhya Pradesh - 2025,20-Dec 8pm,12856.74,,,,
Madhya Pradesh - 2025,20-Dec 9pm,11593.85,,,,
Madhya Pradesh - 2025,20-Dec 10pm,10845.56,,,,
Madhya Pradesh - 2025,20-Dec 11pm,11527.86,,,,
Madhya Pradesh - 2025,21-Dec 12am,11042.68,,,,
Madhya Pradesh - 2025,21-Dec 1am,11124.51,,,,
Madhya Pradesh - 2025,21-Dec 2am,10907.35,,,,
Madhya Pradesh - 2025,21-Dec 3am,11330.59,,,,
Madhya Pradesh - 2025,21-Dec 4am,11369.56,,,,
Madhya Pradesh - 2025,21-Dec 5am,11146.14,,,,
Madhya Pradesh - 2025,21-Dec 6am,11786.99,,,,
Madhya Pradesh - 2025,21-Dec 7am,15318.9,,,,
Madhya Pradesh - 2025,21-Dec 8am,16952.68,,,,
Madhya Pradesh - 2025,21-Dec 9am,17828.59,,,,
Madhya Pradesh - 2025,21-Dec 10am,18321.97,,,,
Madhya Pradesh - 2025,21-Dec 11am,19122.22,,,,
Madhya Pradesh - 2025,21-Dec 12pm,17490.39,,,,
Madhya Pradesh - 2025,21-Dec 1pm,18103.27,,,,
Madhya Pradesh - 2025,21-Dec 2pm,17627.4,,,,
Madhya Pradesh - 2025,21-Dec 3pm,17585.25,,,,
Madhya Pradesh - 2025,21-Dec 4pm,16347.23,,,,
Madhya Pradesh - 2025,21-Dec 5pm,16760.73,,,,
Madhya Pradesh - 2025,21-Dec 6pm,15531.66,,,,
Madhya Pradesh - 2025,21-Dec 7pm,14023.03,,,,
Madhya Pradesh - 2025,21-Dec 8pm,12376.45,,,,
Madhya Pradesh - 2025,21-Dec 9pm,11205.18,,,,
Madhya Pradesh - 2025,21-Dec 10pm,10308.37,,,,
Madhya Pradesh - 2025,21-Dec 11pm,11098.39,,,,
Madhya Pradesh - 2025,22-Dec 12am,10728.33,,,,
Madhya Pradesh - 2025,22-Dec 1am,10808.15,,,,
Madhya Pradesh - 2025,22-Dec 2am,10678.2,,,,
Madhya Pradesh - 2025,22-Dec 3am,11060.06,,,,
Madhya Pradesh - 2025,22-Dec 4am,10777.52,,,,
Madhya Pradesh - 2025,22-Dec 5am,10332.55,,,,
Madhya Pradesh - 2025,22-Dec 6am,11730.43,,,,
Madhya Pradesh - 2025,22-Dec 7am,15577.9,,,,
Madhya Pradesh - 2025,22-Dec 8am,16524.78,,,,
Madhya Pradesh - 2025,22-Dec 9am,17864.01,,,,
Madhya Pradesh - 2025,22-Dec 10am,18430.84,,,,
Madhya Pradesh - 2025,22-Dec 11am,19060.92,,,,
Madhya Pradesh - 2025,22-Dec 12pm,17767.5,,,,
Madhya Pradesh - 2025,22-Dec 1pm,18236.15,,,,
Madhya Pradesh - 2025,22-Dec 2pm,17832.34,,,,
Madhya Pradesh - 2025,22-Dec 3pm,17767.62,,,,
Madhya Pradesh - 2025,22-Dec 4pm,16629.39,,,,
Madhya Pradesh - 2025,22-Dec 5pm,16469.09,,,,
Madhya Pradesh - 2025,22-Dec 6pm,15831.15,,,,
Madhya Pradesh - 2025,22-Dec 7pm,14507.11,,,,
Madhya Pradesh - 2025,22-Dec 8pm,12922.32,,,,
Madhya Pradesh - 2025,22-Dec 9pm,11445.11,,,,
Madhya Pradesh - 2025,22-Dec 10pm,10796.29,,,,
Madhya Pradesh - 2025,22-Dec 11pm,11452.74,,,,
Madhya Pradesh - 2025,23-Dec 12am,11004.29,,,,
Madhya Pradesh - 2025,23-Dec 1am,10926.66,,,,
Madhya Pradesh - 2025,23-Dec 2am,10743.53,,,,
Madhya Pradesh - 2025,23-Dec 3am,11129.06,,,,
Madhya Pradesh - 2025,23-Dec 4am,11028.61,,,,
Madhya Pradesh - 2025,23-Dec 5am,10475.08,,,,
Madhya Pradesh - 2025,23-Dec 6am,11828.47,,,,
Madhya Pradesh - 2025,23-Dec 7am,15423.3,,,,
Madhya Pradesh - 2025,23-Dec 8am,16246.93,,,,
Madhya Pradesh - 2025,23-Dec 9am,17653.59,,,,
Madhya Pradesh - 2025,23-Dec 10am,18216.98,,,,
Madhya Pradesh - 2025,23-Dec 11am,18784.66,,,,
Madhya Pradesh - 2025,23-Dec 12pm,17504.79,,,,
Madhya Pradesh - 2025,23-Dec 1pm,18066.98,,,,
Madhya Pradesh - 2025,23-Dec 2pm,17383.32,,,,
Madhya Pradesh - 2025,23-Dec 3pm,17665.69,,,,
Madhya Pradesh - 2025,23-Dec 4pm,16580.01,,,,
Madhya Pradesh - 2025,23-Dec 5pm,16646.38,,,,
Madhya Pradesh - 2025,23-Dec 6pm,15563.84,,,,
Madhya Pradesh - 2025,23-Dec 7pm,14551.05,,,,
Madhya Pradesh - 2025,23-Dec 8pm,12921.21,,,,
Madhya Pradesh - 2025,23-Dec 9pm,11583.83,,,,
Madhya Pradesh - 2025,23-Dec 10pm,10949.28,,,,
Madhya Pradesh - 2025,23-Dec 11pm,11580.59,,,,
Madhya Pradesh - 2025,24-Dec 12am,11012.99,,,,
Madhya Pradesh - 2025,24-Dec 1am,11081.79,,,,
Madhya Pradesh - 2025,24-Dec 2am,10954.46,,,,
Madhya Pradesh - 2025,24-Dec 3am,11467.61,,,,
Madhya Pradesh - 2025,24-Dec 4am,11452.23,,,,
Madhya Pradesh - 2025,24-Dec 5am,11328.28,,,,
Madhya Pradesh - 2025,24-Dec 6am,12124.18,,,,
Madhya Pradesh - 2025,24-Dec 7am,16106.06,,,,
Madhya Pradesh - 2025,24-Dec 8am,16789.14,,,,
Madhya Pradesh - 2025,24-Dec 9am,18402.9,,,,
Madhya Pradesh - 2025,24-Dec 10am,18673.46,,,,
Madhya Pradesh - 2025,24-Dec 11am,19208.35,,,,
Madhya Pradesh - 2025,24-Dec 12pm,17629.53,,,,
Madhya Pradesh - 2025,24-Dec 1pm,18322.16,,,,
Madhya Pradesh - 2025,24-Dec 2pm,17585.29,,,,
Madhya Pradesh - 2025,24-Dec 3pm,17532.42,,,,
Madhya Pradesh - 2025,24-Dec 4pm,16762.09,,,,
Madhya Pradesh - 2025,24-Dec 5pm,16484.53,,,,
Madhya Pradesh - 2025,24-Dec 6pm,15562.04,,,,
Madhya Pradesh - 2025,24-Dec 7pm,14521.1,,,,
Madhya Pradesh - 2025,24-Dec 8pm,12860.25,,,,
Madhya Pradesh - 2025,24-Dec 9pm,11565.57,,,,
Madhya Pradesh - 2025,24-Dec 10pm,10907.95,,,,
Madhya Pradesh - 2025,24-Dec 11pm,11631.25,,,,
Madhya Pradesh - 2025,25-Dec 12am,11179.04,,,,
Madhya Pradesh - 2025,25-Dec 1am,11304.66,,,,
Madhya Pradesh - 2025,25-Dec 2am,11085.05,,,,
Madhya Pradesh - 2025,25-Dec 3am,11492.56,,,,
Madhya Pradesh - 2025,25-Dec 4am,11499.07,,,,
Madhya Pradesh - 2025,25-Dec 5am,11362.04,,,,
Madhya Pradesh - 2025,25-Dec 6am,11983.12,,,,
Madhya Pradesh - 2025,25-Dec 7am,15534.68,,,,
Madhya Pradesh - 2025,25-Dec 8am,17206.69,,,,
Madhya Pradesh - 2025,25-Dec 9am,18232.66,,,,
Madhya Pradesh - 2025,25-Dec 10am,18879.96,,,,
Madhya Pradesh - 2025,25-Dec 11am,19632.15,,,,
Madhya Pradesh - 2025,25-Dec 12pm,18032.8,,,,
Madhya Pradesh - 2025,25-Dec 1pm,18622.66,,,,
Madhya Pradesh - 2025,25-Dec 2pm,18006.58,,,,
Madhya Pradesh - 2025,25-Dec 3pm,17938.75,,,,
Madhya Pradesh - 2025,25-Dec 4pm,16883.7,,,,
Madhya Pradesh - 2025,25-Dec 5pm,16816.41,,,,
Madhya Pradesh - 2025,25-Dec 6pm,15844.94,,,,
Madhya Pradesh - 2025,25-Dec 7pm,14606.03,,,,
Madhya Pradesh - 2025,25-Dec 8pm,12825.54,,,,
Madhya Pradesh - 2025,25-Dec 9pm,11558.87,,,,
Madhya Pradesh - 2025,25-Dec 10pm,10881.28,,,,
Madhya Pradesh - 2025,25-Dec 11pm,11700.09,,,,
Madhya Pradesh - 2025,26-Dec 12am,11182.39,,,,
Madhya Pradesh - 2025,26-Dec 1am,11071.02,,,,
Madhya Pradesh - 2025,26-Dec 2am,10979.65,,,,
Madhya Pradesh - 2025,26-Dec 3am,11482.88,,,,
Madhya Pradesh - 2025,26-Dec 4am,11482.15,,,,
Madhya Pradesh - 2025,26-Dec 5am,11325.65,,,,
Madhya Pradesh - 2025,26-Dec 6am,12123.18,,,,
Madhya Pradesh - 2025,26-Dec 7am,15910.55,,,,
Madhya Pradesh - 2025,26-Dec 8am,17499.66,,,,
Madhya Pradesh - 2025,26-Dec 9am,18360.29,,,,
Madhya Pradesh - 2025,26-Dec 10am,18792.63,,,,
Madhya Pradesh - 2025,26-Dec 11am,19454.13,,,,
Madhya Pradesh - 2025,26-Dec 12pm,17949.86,,,,
Madhya Pradesh - 2025,26-Dec 1pm,18524.82,,,,
Madhya Pradesh - 2025,26-Dec 2pm,17791.42,,,,
Madhya Pradesh - 2025,26-Dec 3pm,17878.13,,,,
Madhya Pradesh - 2025,26-Dec 4pm,16728.29,,,,
Madhya Pradesh - 2025,26-Dec 5pm,16759.7,,,,
Madhya Pradesh - 2025,26-Dec 6pm,15796.69,,,,
Madhya Pradesh - 2025,26-Dec 7pm,14646.56,,,,
Madhya Pradesh - 2025,26-Dec 8pm,12967.87,,,,
Madhya Pradesh - 2025,26-Dec 9pm,11660.04,,,,
Madhya Pradesh - 2025,26-Dec 10pm,11169.53,,,,
Madhya Pradesh - 2025,26-Dec 11pm,11790.04,,,,
Madhya Pradesh - 2025,27-Dec 12am,11218.94,,,,
Madhya Pradesh - 2025,27-Dec 1am,11275.51,,,,
Madhya Pradesh - 2025,27-Dec 2am,11162.82,,,,
Madhya Pradesh - 2025,27-Dec 3am,11540.43,,,,
Madhya Pradesh - 2025,27-Dec 4am,11657.54,,,,
Madhya Pradesh - 2025,27-Dec 5am,11398.86,,,,
Madhya Pradesh - 2025,27-Dec 6am,11876.6,,,,
Madhya Pradesh - 2025,27-Dec 7am,15107.41,,,,
Madhya Pradesh - 2025,27-Dec 8am,16592.22,,,,
Madhya Pradesh - 2025,27-Dec 9am,17438.37,,,,
Madhya Pradesh - 2025,27-Dec 10am,17780.22,,,,
Madhya Pradesh - 2025,27-Dec 11am,19118.13,,,,
Madhya Pradesh - 2025,27-Dec 12pm,17624.82,,,,
Madhya Pradesh - 2025,27-Dec 1pm,18231.04,,,,
Madhya Pradesh - 2025,27-Dec 2pm,17643.08,,,,
Madhya Pradesh - 2025,27-Dec 3pm,17821.04,,,,
Madhya Pradesh - 2025,27-Dec 4pm,16728.1,,,,
Madhya Pradesh - 2025,27-Dec 5pm,16691.5,,,,
Madhya Pradesh - 2025,27-Dec 6pm,15414.31,,,,
Madhya Pradesh - 2025,27-Dec 7pm,14473.69,,,,
Madhya Pradesh - 2025,27-Dec 8pm,12653.75,,,,
Madhya Pradesh - 2025,27-Dec 9pm,11406.93,,,,
Madhya Pradesh - 2025,27-Dec 10pm,10755.26,,,,
Madhya Pradesh - 2025,27-Dec 11pm,11557.21,,,,
Madhya Pradesh - 2025,28-Dec 12am,11054.83,,,,
Madhya Pradesh - 2025,28-Dec 1am,11127.21,,,,
Madhya Pradesh - 2025,28-Dec 2am,10990.24,,,,
Madhya Pradesh - 2025,28-Dec 3am,11320.12,,,,
Madhya Pradesh - 2025,28-Dec 4am,11313.78,,,,
Madhya Pradesh - 2025,28-Dec 5am,11127.2,,,,
Madhya Pradesh - 2025,28-Dec 6am,11746.92,,,,
Madhya Pradesh - 2025,28-Dec 7am,15107.51,,,,
Madhya Pradesh - 2025,28-Dec 8am,16927.45,,,,
Madhya Pradesh - 2025,28-Dec 9am,17910.41,,,,
Madhya Pradesh - 2025,28-Dec 10am,18392.77,,,,
Madhya Pradesh - 2025,28-Dec 11am,19257.4,,,,
Madhya Pradesh - 2025,28-Dec 12pm,17826.83,,,,
Madhya Pradesh - 2025,28-Dec 1pm,18186.98,,,,
Madhya Pradesh - 2025,28-Dec 2pm,17527.52,,,,
Madhya Pradesh - 2025,28-Dec 3pm,17358.2,,,,
Madhya Pradesh - 2025,28-Dec 4pm,16243.11,,,,
Madhya Pradesh - 2025,28-Dec 5pm,16326.21,,,,
Madhya Pradesh - 2025,28-Dec 6pm,15329.87,,,,
Madhya Pradesh - 2025,28-Dec 7pm,14193.61,,,,
Madhya Pradesh - 2025,28-Dec 8pm,12730.63,,,,
Madhya Pradesh - 2025,28-Dec 9pm,11255.13,,,,
Madhya Pradesh - 2025,28-Dec 10pm,10711.01,,,,
Madhya Pradesh - 2025,28-Dec 11pm,11254.38,,,,
Madhya Pradesh - 2025,29-Dec 12am,10678.62,,,,
Madhya Pradesh - 2025,29-Dec 1am,10864.22,,,,
Madhya Pradesh - 2025,29-Dec 2am,10707.72,,,,
Madhya Pradesh - 2025,29-Dec 3am,11117.15,,,,
Madhya Pradesh - 2025,29-Dec 4am,11101.39,,,,
Madhya Pradesh - 2025,29-Dec 5am,10939.68,,,,
Madhya Pradesh - 2025,29-Dec 6am,11754.32,,,,
Madhya Pradesh - 2025,29-Dec 7am,15585.26,,,,
Madhya Pradesh - 2025,29-Dec 8am,17296.96,,,,
Madhya Pradesh - 2025,29-Dec 9am,18265.06,,,,
Madhya Pradesh - 2025,29-Dec 10am,18812.9,,,,
Madhya Pradesh - 2025,29-Dec 11am,19315.21,,,,
Madhya Pradesh - 2025,29-Dec 12pm,17294.95,,,,
Madhya Pradesh - 2025,29-Dec 1pm,18351.09,,,,
Madhya Pradesh - 2025,29-Dec 2pm,17786.45,,,,
Madhya Pradesh - 2025,29-Dec 3pm,17633.54,,,,
Madhya Pradesh - 2025,29-Dec 4pm,16847.52,,,,
Madhya Pradesh - 2025,29-Dec 5pm,16650.14,,,,
Madhya Pradesh - 2025,29-Dec 6pm,15657.87,,,,
Madhya Pradesh - 2025,29-Dec 7pm,14603.07,,,,
Madhya Pradesh - 2025,29-Dec 8pm,12991.39,,,,
Madhya Pradesh - 2025,29-Dec 9pm,11732.74,,,,
Madhya Pradesh - 2025,29-Dec 10pm,11194.45,,,,
Madhya Pradesh - 2025,29-Dec 11pm,11728.83,,,,
Madhya Pradesh - 2025,30-Dec 12am,11215.17,,,,
Madhya Pradesh - 2025,30-Dec 1am,11282.09,,,,
Madhya Pradesh - 2025,30-Dec 2am,11015.04,,,,
Madhya Pradesh - 2025,30-Dec 3am,11329.16,,,,
Madhya Pradesh - 2025,30-Dec 4am,11416.02,,,,
Madhya Pradesh - 2025,30-Dec 5am,11213.51,,,,
Madhya Pradesh - 2025,30-Dec 6am,11841.35,,,,
Madhya Pradesh - 2025,30-Dec 7am,15288.42,,,,
Madhya Pradesh - 2025,30-Dec 8am,17064.56,,,,
Madhya Pradesh - 2025,30-Dec 9am,18062.62,,,,
Madhya Pradesh - 2025,30-Dec 10am,18621.56,,,,
Madhya Pradesh - 2025,30-Dec 11am,19151.64,,,,
Madhya Pradesh - 2025,30-Dec 12pm,17537.62,,,,
Madhya Pradesh - 2025,30-Dec 1pm,18260.09,,,,
Madhya Pradesh - 2025,30-Dec 2pm,17836.43,,,,
Madhya Pradesh - 2025,30-Dec 3pm,17735.21,,,,
Madhya Pradesh - 2025,30-Dec 4pm,16783.67,,,,
Madhya Pradesh - 2025,30-Dec 5pm,16657.21,,,,
Madhya Pradesh - 2025,30-Dec 6pm,15723.61,,,,
Madhya Pradesh - 2025,30-Dec 7pm,14572.87,,,,
Madhya Pradesh - 2025,30-Dec 8pm,13044.74,,,,
Madhya Pradesh - 2025,30-Dec 9pm,11782.36,,,,
Madhya Pradesh - 2025,30-Dec 10pm,11170.53,,,,
Madhya Pradesh - 2025,30-Dec 11pm,11733.83,,,,
Madhya Pradesh - 2025,31-Dec 12am,11148.04,,,,
Madhya Pradesh - 2025,31-Dec 1am,11151.15,,,,
Madhya Pradesh - 2025,31-Dec 2am,10987.54,,,,
Madhya Pradesh - 2025,31-Dec 3am,11463.94,,,,
Madhya Pradesh - 2025,31-Dec 4am,11482.13,,,,
Madhya Pradesh - 2025,31-Dec 5am,11174.18,,,,
Madhya Pradesh - 2025,31-Dec 6am,11992.75,,,,
Madhya Pradesh - 2025,31-Dec 7am,15574.93,,,,
Madhya Pradesh - 2025,31-Dec 8am,17343.75,,,,
Madhya Pradesh - 2025,31-Dec 9am,18417.65,,,,
Madhya Pradesh - 2025,31-Dec 10am,18956.13,,,,
Madhya Pradesh - 2025,31-Dec 11am,19689.56,,,,
Madhya Pradesh - 2025,31-Dec 12pm,18278.61,,,,
Madhya Pradesh - 2025,31-Dec 1pm,18826.33,,,,
Madhya Pradesh - 2025,31-Dec 2pm,18044.98,,,,
Madhya Pradesh - 2025,31-Dec 3pm,18164.15,,,,
Madhya Pradesh - 2025,31-Dec 4pm,16922.29,,,,
Madhya Pradesh - 2025,31-Dec 5pm,16936.06,,,,
Madhya Pradesh - 2025,31-Dec 6pm,15826.63,,,,
Madhya Pradesh - 2025,31-Dec 7pm,14497.94,,,,
Madhya Pradesh - 2025,31-Dec 8pm,12976.67,,,,
Madhya Pradesh - 2025,31-Dec 9pm,11571.21,,,,
Madhya Pradesh - 2025,31-Dec 10pm,10946.34,,,,
Madhya Pradesh - 2025,31-Dec 11pm,11552.11,,,,
Madhya Pradesh - 2026,01-Jan 12am,10764.74,,,,
Madhya Pradesh - 2026,01-Jan 1am,11041.99,,,,
Madhya Pradesh - 2026,01-Jan 2am,10820.58,,,,
Madhya Pradesh - 2026,01-Jan 3am,11224.57,,,,
Madhya Pradesh - 2026,01-Jan 4am,11285.82,,,,
Madhya Pradesh - 2026,01-Jan 5am,11163.69,,,,
Madhya Pradesh - 2026,01-Jan 6am,12033.69,,,,
Madhya Pradesh - 2026,01-Jan 7am,15608.62,,,,
Madhya Pradesh - 2026,01-Jan 8am,17300.19,,,,
Madhya Pradesh - 2026,01-Jan 9am,18290.61,,,,
Madhya Pradesh - 2026,01-Jan 10am,18957.46,,,,
Madhya Pradesh - 2026,01-Jan 11am,19431.61,,,,
Madhya Pradesh - 2026,01-Jan 12pm,17721.62,,,,
Madhya Pradesh - 2026,01-Jan 1pm,18155.02,,,,
Madhya Pradesh - 2026,01-Jan 2pm,17554.14,,,,
Madhya Pradesh - 2026,01-Jan 3pm,17491.52,,,,
Madhya Pradesh - 2026,01-Jan 4pm,16247.29,,,,
Madhya Pradesh - 2026,01-Jan 5pm,16197.42,,,,
Madhya Pradesh - 2026,01-Jan 6pm,14696.87,,,,
Madhya Pradesh - 2026,01-Jan 7pm,13430.99,,,,
Madhya Pradesh - 2026,01-Jan 8pm,12063,,,,
Madhya Pradesh - 2026,01-Jan 9pm,10749.52,,,,
Madhya Pradesh - 2026,01-Jan 10pm,10286.66,,,,
Madhya Pradesh - 2026,01-Jan 11pm,10998.17,,,,
Madhya Pradesh - 2026,02-Jan 12am,10508.54,,,,
Madhya Pradesh - 2026,02-Jan 1am,10585.44,,,,
Madhya Pradesh - 2026,02-Jan 2am,10296.6,,,,
Madhya Pradesh - 2026,02-Jan 3am,10856.92,,,,
Madhya Pradesh - 2026,02-Jan 4am,10925.12,,,,
Madhya Pradesh - 2026,02-Jan 5am,10565.36,,,,
Madhya Pradesh - 2026,02-Jan 6am,11260.36,,,,
Madhya Pradesh - 2026,02-Jan 7am,14597.56,,,,
Madhya Pradesh - 2026,02-Jan 8am,16716.77,,,,
Madhya Pradesh - 2026,02-Jan 9am,17985.2,,,,
Madhya Pradesh - 2026,02-Jan 10am,18669.74,,,,
Madhya Pradesh - 2026,02-Jan 11am,19302.8,,,,
Madhya Pradesh - 2026,02-Jan 12pm,17750.38,,,,
Madhya Pradesh - 2026,02-Jan 1pm,18384.53,,,,
Madhya Pradesh - 2026,02-Jan 2pm,17396.96,,,,
Madhya Pradesh - 2026,02-Jan 3pm,17453.2,,,,
Madhya Pradesh - 2026,02-Jan 4pm,16606.69,,,,
Madhya Pradesh - 2026,02-Jan 5pm,16387.14,,,,
Madhya Pradesh - 2026,02-Jan 6pm,15538.06,,,,
Madhya Pradesh - 2026,02-Jan 7pm,14267.32,,,,
Madhya Pradesh - 2026,02-Jan 8pm,12601.17,,,,
Madhya Pradesh - 2026,02-Jan 9pm,11358.09,,,,
Madhya Pradesh - 2026,02-Jan 10pm,10631.55,,,,
Madhya Pradesh - 2026,02-Jan 11pm,11225.23,,,,
Madhya Pradesh - 2026,03-Jan 12am,10390.09,,,,
Madhya Pradesh - 2026,03-Jan 1am,10586.32,,,,
Madhya Pradesh - 2026,03-Jan 2am,10345.3,,,,
Madhya Pradesh - 2026,03-Jan 3am,10703.67,,,,
Madhya Pradesh - 2026,03-Jan 4am,10666.64,,,,
Madhya Pradesh - 2026,03-Jan 5am,10487.32,,,,
Madhya Pradesh - 2026,03-Jan 6am,11234.98,,,,
Madhya Pradesh - 2026,03-Jan 7am,14362.07,,,,
Madhya Pradesh - 2026,03-Jan 8am,16539.55,,,,
Madhya Pradesh - 2026,03-Jan 9am,17843.77,,,,
Madhya Pradesh - 2026,03-Jan 10am,18678.68,,,,
Madhya Pradesh - 2026,03-Jan 11am,19279.08,,,,
Madhya Pradesh - 2026,03-Jan 12pm,17622.59,,,,
Madhya Pradesh - 2026,03-Jan 1pm,18033.98,,,,
Madhya Pradesh - 2026,03-Jan 2pm,17329.58,,,,
Madhya Pradesh - 2026,03-Jan 3pm,17476.95,,,,
Madhya Pradesh - 2026,03-Jan 4pm,16650.42,,,,
Madhya Pradesh - 2026,03-Jan 5pm,16605.65,,,,
Madhya Pradesh - 2026,03-Jan 6pm,15692.44,,,,
Madhya Pradesh - 2026,03-Jan 7pm,14358.96,,,,
Madhya Pradesh - 2026,03-Jan 8pm,12863.04,,,,
Madhya Pradesh - 2026,03-Jan 9pm,11480.54,,,,
Madhya Pradesh - 2026,03-Jan 10pm,10617.13,,,,
Madhya Pradesh - 2026,03-Jan 11pm,10975.72,,,,
Madhya Pradesh - 2026,04-Jan 12am,10326,,,,
Madhya Pradesh - 2026,04-Jan 1am,10316.37,,,,
Madhya Pradesh - 2026,04-Jan 2am,9931.37,,,,
Madhya Pradesh - 2026,04-Jan 3am,10194.8,,,,
Madhya Pradesh - 2026,04-Jan 4am,9984.79,,,,
Madhya Pradesh - 2026,04-Jan 5am,9828.18,,,,
Madhya Pradesh - 2026,04-Jan 6am,10489.08,,,,
Madhya Pradesh - 2026,04-Jan 7am,13166.33,,,,
Madhya Pradesh - 2026,04-Jan 8am,14982.99,,,,
Madhya Pradesh - 2026,04-Jan 9am,16145.41,,,,
Madhya Pradesh - 2026,04-Jan 10am,16835.93,,,,
Madhya Pradesh - 2026,04-Jan 11am,17803.92,,,,
Madhya Pradesh - 2026,04-Jan 12pm,16897.15,,,,
Madhya Pradesh - 2026,04-Jan 1pm,17520.09,,,,
Madhya Pradesh - 2026,04-Jan 2pm,16954.9,,,,
Madhya Pradesh - 2026,04-Jan 3pm,17203.62,,,,
Madhya Pradesh - 2026,04-Jan 4pm,16243.38,,,,
Madhya Pradesh - 2026,04-Jan 5pm,16352.79,,,,
Madhya Pradesh - 2026,04-Jan 6pm,15289.8,,,,
Madhya Pradesh - 2026,04-Jan 7pm,14082.57,,,,
Madhya Pradesh - 2026,04-Jan 8pm,12767.9,,,,
Madhya Pradesh - 2026,04-Jan 9pm,11257.92,,,,
Madhya Pradesh - 2026,04-Jan 10pm,10419.44,,,,
Madhya Pradesh - 2026,04-Jan 11pm,10652.74,,,,
Madhya Pradesh - 2026,05-Jan 12am,9876.25,,,,
Madhya Pradesh - 2026,05-Jan 1am,9917.72,,,,
Madhya Pradesh - 2026,05-Jan 2am,9557.64,,,,
Madhya Pradesh - 2026,05-Jan 3am,9667.41,,,,
Madhya Pradesh - 2026,05-Jan 4am,9543.81,,,,
Madhya Pradesh - 2026,05-Jan 5am,9431.14,,,,
Madhya Pradesh - 2026,05-Jan 6am,10178.13,,,,
Madhya Pradesh - 2026,05-Jan 7am,13228.32,,,,
Madhya Pradesh - 2026,05-Jan 8am,15388.2,,,,
Madhya Pradesh - 2026,05-Jan 9am,16551.28,,,,
Madhya Pradesh - 2026,05-Jan 10am,17414,,,,
Madhya Pradesh - 2026,05-Jan 11am,18311.38,,,,
Madhya Pradesh - 2026,05-Jan 12pm,17234.72,,,,
Madhya Pradesh - 2026,05-Jan 1pm,17714.15,,,,
Madhya Pradesh - 2026,05-Jan 2pm,17368.46,,,,
Madhya Pradesh - 2026,05-Jan 3pm,17403.98,,,,
Madhya Pradesh - 2026,05-Jan 4pm,16581.41,,,,
Madhya Pradesh - 2026,05-Jan 5pm,16664.41,,,,
Madhya Pradesh - 2026,05-Jan 6pm,15780.29,,,,
Madhya Pradesh - 2026,05-Jan 7pm,14921.95,,,,
Madhya Pradesh - 2026,05-Jan 8pm,13428.44,,,,
Madhya Pradesh - 2026,05-Jan 9pm,12006.66,,,,
Madhya Pradesh - 2026,05-Jan 10pm,11069.34,,,,
Madhya Pradesh - 2026,05-Jan 11pm,11309.4,,,,
Madhya Pradesh - 2026,06-Jan 12am,10642.19,,,,
Madhya Pradesh - 2026,06-Jan 1am,10470.98,,,,
Madhya Pradesh - 2026,06-Jan 2am,10241.27,,,,
Madhya Pradesh - 2026,06-Jan 3am,10461.78,,,,
Madhya Pradesh - 2026,06-Jan 4am,10237.61,,,,
Madhya Pradesh - 2026,06-Jan 5am,10088.34,,,,
Madhya Pradesh - 2026,06-Jan 6am,10837.96,,,,
Madhya Pradesh - 2026,06-Jan 7am,13871.95,,,,
Madhya Pradesh - 2026,06-Jan 8am,16284.83,,,,
Madhya Pradesh - 2026,06-Jan 9am,17390.54,,,,
Madhya Pradesh - 2026,06-Jan 10am,18030.44,,,,
Madhya Pradesh - 2026,06-Jan 11am,18793.33,,,,
Madhya Pradesh - 2026,06-Jan 12pm,17532.21,,,,
Madhya Pradesh - 2026,06-Jan 1pm,18277.4,,,,
Madhya Pradesh - 2026,06-Jan 2pm,17660.3,,,,
Madhya Pradesh - 2026,06-Jan 3pm,17664.59,,,,
Madhya Pradesh - 2026,06-Jan 4pm,16675.19,,,,
Madhya Pradesh - 2026,06-Jan 5pm,16839.89,,,,
Madhya Pradesh - 2026,06-Jan 6pm,16037.96,,,,
Madhya Pradesh - 2026,06-Jan 7pm,14884.62,,,,
Madhya Pradesh - 2026,06-Jan 8pm,13374.83,,,,
Madhya Pradesh - 2026,06-Jan 9pm,12303.7,,,,
Madhya Pradesh - 2026,06-Jan 10pm,11349.08,,,,
Madhya Pradesh - 2026,06-Jan 11pm,11631.67,,,,
Madhya Pradesh - 2026,07-Jan 12am,10863.73,,,,
Madhya Pradesh - 2026,07-Jan 1am,10692.12,,,,
Madhya Pradesh - 2026,07-Jan 2am,10593.25,,,,
Madhya Pradesh - 2026,07-Jan 3am,10922.24,,,,
Madhya Pradesh - 2026,07-Jan 4am,10984.8,,,,
Madhya Pradesh - 2026,07-Jan 5am,10577.39,,,,
Madhya Pradesh - 2026,07-Jan 6am,10634.41,,,,
Madhya Pradesh - 2026,07-Jan 7am,13881.2,,,,
Madhya Pradesh - 2026,07-Jan 8am,17073.86,,,,
Madhya Pradesh - 2026,07-Jan 9am,18224.65,,,,
Madhya Pradesh - 2026,07-Jan 10am,18789.79,,,,
Madhya Pradesh - 2026,07-Jan 11am,19429.84,,,,
Madhya Pradesh - 2026,07-Jan 12pm,18017.36,,,,
Madhya Pradesh - 2026,07-Jan 1pm,18542.48,,,,
Madhya Pradesh - 2026,07-Jan 2pm,17955.24,,,,
Madhya Pradesh - 2026,07-Jan 3pm,17831.79,,,,
Madhya Pradesh - 2026,07-Jan 4pm,16789.08,,,,
Madhya Pradesh - 2026,07-Jan 5pm,16864.12,,,,
Madhya Pradesh - 2026,07-Jan 6pm,15878.99,,,,
Madhya Pradesh - 2026,07-Jan 7pm,14823.39,,,,
Madhya Pradesh - 2026,07-Jan 8pm,13483.36,,,,
Madhya Pradesh - 2026,07-Jan 9pm,12415.5,,,,
Madhya Pradesh - 2026,07-Jan 10pm,11194.35,,,,
Madhya Pradesh - 2026,07-Jan 11pm,11524.69,,,,
Madhya Pradesh - 2026,08-Jan 12am,11075.08,,,,
Madhya Pradesh - 2026,08-Jan 1am,10958.5,,,,
Madhya Pradesh - 2026,08-Jan 2am,10687.58,,,,
Madhya Pradesh - 2026,08-Jan 3am,11070.8,,,,
Madhya Pradesh - 2026,08-Jan 4am,10978.04,,,,
Madhya Pradesh - 2026,08-Jan 5am,10460.7,,,,
Madhya Pradesh - 2026,08-Jan 6am,10270.97,,,,
Madhya Pradesh - 2026,08-Jan 7am,13570.09,,,,
Madhya Pradesh - 2026,08-Jan 8am,16321.23,,,,
Madhya Pradesh - 2026,08-Jan 9am,17246.71,,,,
Madhya Pradesh - 2026,08-Jan 10am,18408.26,,,,
Madhya Pradesh - 2026,08-Jan 11am,19478.02,,,,
Madhya Pradesh - 2026,08-Jan 12pm,17655.16,,,,
Madhya Pradesh - 2026,08-Jan 1pm,18386.38,,,,
Madhya Pradesh - 2026,08-Jan 2pm,17598.51,,,,
Madhya Pradesh - 2026,08-Jan 3pm,17728.03,,,,
Madhya Pradesh - 2026,08-Jan 4pm,16834.98,,,,
Madhya Pradesh - 2026,08-Jan 5pm,16851.15,,,,
Madhya Pradesh - 2026,08-Jan 6pm,15856.43,,,,
Madhya Pradesh - 2026,08-Jan 7pm,14793.05,,,,
Madhya Pradesh - 2026,08-Jan 8pm,13312.13,,,,
Madhya Pradesh - 2026,08-Jan 9pm,11840.16,,,,
Madhya Pradesh - 2026,08-Jan 10pm,11125.31,,,,
Madhya Pradesh - 2026,08-Jan 11pm,11468.07,,,,
Madhya Pradesh - 2026,09-Jan 12am,10923.48,,,,
Madhya Pradesh - 2026,09-Jan 1am,10849.76,,,,
Madhya Pradesh - 2026,09-Jan 2am,10629.77,,,,
Madhya Pradesh - 2026,09-Jan 3am,10968.82,,,,
Madhya Pradesh - 2026,09-Jan 4am,10910.99,,,,
Madhya Pradesh - 2026,09-Jan 5am,10555.71,,,,
Madhya Pradesh - 2026,09-Jan 6am,11315.55,,,,
Madhya Pradesh - 2026,09-Jan 7am,15046.18,,,,
Madhya Pradesh - 2026,09-Jan 8am,17381.86,,,,
Madhya Pradesh - 2026,09-Jan 9am,18375.78,,,,
Madhya Pradesh - 2026,09-Jan 10am,18853.65,,,,
Madhya Pradesh - 2026,09-Jan 11am,19402.41,,,,
Madhya Pradesh - 2026,09-Jan 12pm,17864.39,,,,
Madhya Pradesh - 2026,09-Jan 1pm,18336.21,,,,
Madhya Pradesh - 2026,09-Jan 2pm,17691.68,,,,
Madhya Pradesh - 2026,09-Jan 3pm,17599.17,,,,
Madhya Pradesh - 2026,09-Jan 4pm,16603.11,,,,
Madhya Pradesh - 2026,09-Jan 5pm,16774.38,,,,
Madhya Pradesh - 2026,09-Jan 6pm,15564.2,,,,
Madhya Pradesh - 2026,09-Jan 7pm,14736.5,,,,
Madhya Pradesh - 2026,09-Jan 8pm,13279.35,,,,
Madhya Pradesh - 2026,09-Jan 9pm,11993.34,,,,
Madhya Pradesh - 2026,09-Jan 10pm,11172.67,,,,
Madhya Pradesh - 2026,09-Jan 11pm,11563.85,,,,
Madhya Pradesh - 2026,10-Jan 12am,10954.96,,,,
Madhya Pradesh - 2026,10-Jan 1am,10899.81,,,,
Madhya Pradesh - 2026,10-Jan 2am,10780.62,,,,
Madhya Pradesh - 2026,10-Jan 3am,11090.64,,,,
Madhya Pradesh - 2026,10-Jan 4am,11092.72,,,,
Madhya Pradesh - 2026,10-Jan 5am,10900.51,,,,
Madhya Pradesh - 2026,10-Jan 6am,11704.72,,,,
Madhya Pradesh - 2026,10-Jan 7am,15224.09,,,,
Madhya Pradesh - 2026,10-Jan 8am,17245.63,,,,
Madhya Pradesh - 2026,10-Jan 9am,18262.38,,,,
Madhya Pradesh - 2026,10-Jan 10am,18641.52,,,,
Madhya Pradesh - 2026,10-Jan 11am,19457.41,,,,
Madhya Pradesh - 2026,10-Jan 12pm,17596.08,,,,
Madhya Pradesh - 2026,10-Jan 1pm,18092.19,,,,
Madhya Pradesh - 2026,10-Jan 2pm,17436.17,,,,
Madhya Pradesh - 2026,10-Jan 3pm,17525.6,,,,
Madhya Pradesh - 2026,10-Jan 4pm,16462.95,,,,
Madhya Pradesh - 2026,10-Jan 5pm,16563.46,,,,
Madhya Pradesh - 2026,10-Jan 6pm,15775.23,,,,
Madhya Pradesh - 2026,10-Jan 7pm,14978.41,,,,
Madhya Pradesh - 2026,10-Jan 8pm,13447.27,,,,
Madhya Pradesh - 2026,10-Jan 9pm,12003.51,,,,
Madhya Pradesh - 2026,10-Jan 10pm,11346.39,,,,
Madhya Pradesh - 2026,10-Jan 11pm,11697.86,,,,
Madhya Pradesh - 2026,11-Jan 12am,11255.22,,,,
Madhya Pradesh - 2026,11-Jan 1am,11123.78,,,,
Madhya Pradesh - 2026,11-Jan 2am,10865.93,,,,
Madhya Pradesh - 2026,11-Jan 3am,11259.87,,,,
Madhya Pradesh - 2026,11-Jan 4am,11225.73,,,,
Madhya Pradesh - 2026,11-Jan 5am,11026.1,,,,
Madhya Pradesh - 2026,11-Jan 6am,11647.28,,,,
Madhya Pradesh - 2026,11-Jan 7am,15023.28,,,,
Madhya Pradesh - 2026,11-Jan 8am,17161.45,,,,
Madhya Pradesh - 2026,11-Jan 9am,18153.59,,,,
Madhya Pradesh - 2026,11-Jan 10am,18633,,,,
Madhya Pradesh - 2026,11-Jan 11am,19343.28,,,,
Madhya Pradesh - 2026,11-Jan 12pm,17787.13,,,,
Madhya Pradesh - 2026,11-Jan 1pm,18098.31,,,,
Madhya Pradesh - 2026,11-Jan 2pm,17486.95,,,,
Madhya Pradesh - 2026,11-Jan 3pm,17347.54,,,,
Madhya Pradesh - 2026,11-Jan 4pm,16359.68,,,,
Madhya Pradesh - 2026,11-Jan 5pm,16213.27,,,,
Madhya Pradesh - 2026,11-Jan 6pm,15285.3,,,,
Madhya Pradesh - 2026,11-Jan 7pm,14545.14,,,,
Madhya Pradesh - 2026,11-Jan 8pm,13334.24,,,,
Madhya Pradesh - 2026,11-Jan 9pm,11885.44,,,,
Madhya Pradesh - 2026,11-Jan 10pm,11112.35,,,,
Madhya Pradesh - 2026,11-Jan 11pm,11511.17,,,,
Madhya Pradesh - 2026,12-Jan 12am,11028.68,,,,
Madhya Pradesh - 2026,12-Jan 1am,10956.33,,,,
Madhya Pradesh - 2026,12-Jan 2am,10702.58,,,,
Madhya Pradesh - 2026,12-Jan 3am,11148.21,,,,
Madhya Pradesh - 2026,12-Jan 4am,11140.73,,,,
Madhya Pradesh - 2026,12-Jan 5am,10979.78,,,,
Madhya Pradesh - 2026,12-Jan 6am,11868.48,,,,
Madhya Pradesh - 2026,12-Jan 7am,15641.4,,,,
Madhya Pradesh - 2026,12-Jan 8am,17090.51,,,,
Madhya Pradesh - 2026,12-Jan 9am,17879.99,,,,
Madhya Pradesh - 2026,12-Jan 10am,18759.85,,,,
Madhya Pradesh - 2026,12-Jan 11am,19183.18,,,,
Madhya Pradesh - 2026,12-Jan 12pm,17730.76,,,,
Madhya Pradesh - 2026,12-Jan 1pm,18114.3,,,,
Madhya Pradesh - 2026,12-Jan 2pm,17386.71,,,,
Madhya Pradesh - 2026,12-Jan 3pm,17562.02,,,,
Madhya Pradesh - 2026,12-Jan 4pm,16448.85,,,,
Madhya Pradesh - 2026,12-Jan 5pm,16426.62,,,,
Madhya Pradesh - 2026,12-Jan 6pm,15602.03,,,,
Madhya Pradesh - 2026,12-Jan 7pm,14634.9,,,,
Madhya Pradesh - 2026,12-Jan 8pm,13135.86,,,,
Madhya Pradesh - 2026,12-Jan 9pm,11907.53,,,,
Madhya Pradesh - 2026,12-Jan 10pm,11225.51,,,,
Madhya Pradesh - 2026,12-Jan 11pm,11732.56,,,,
Madhya Pradesh - 2026,13-Jan 12am,11066.29,,,,
Madhya Pradesh - 2026,13-Jan 1am,11050.53,,,,
Madhya Pradesh - 2026,13-Jan 2am,10892.63,,,,
Madhya Pradesh - 2026,13-Jan 3am,11270.7,,,,
Madhya Pradesh - 2026,13-Jan 4am,11309.72,,,,
Madhya Pradesh - 2026,13-Jan 5am,11149.46,,,,
Madhya Pradesh - 2026,13-Jan 6am,11973.66,,,,
Madhya Pradesh - 2026,13-Jan 7am,15791.64,,,,
Madhya Pradesh - 2026,13-Jan 8am,17181.81,,,,
Madhya Pradesh - 2026,13-Jan 9am,18490.8,,,,
Madhya Pradesh - 2026,13-Jan 10am,18754.93,,,,
Madhya Pradesh - 2026,13-Jan 11am,19301.99,,,,
Madhya Pradesh - 2026,13-Jan 12pm,17744.27,,,,
Madhya Pradesh - 2026,13-Jan 1pm,17922.54,,,,
Madhya Pradesh - 2026,13-Jan 2pm,17380.39,,,,
Madhya Pradesh - 2026,13-Jan 3pm,17254.23,,,,
Madhya Pradesh - 2026,13-Jan 4pm,16406.73,,,,
Madhya Pradesh - 2026,13-Jan 5pm,16629.8,,,,
Madhya Pradesh - 2026,13-Jan 6pm,15594.03,,,,
Madhya Pradesh - 2026,13-Jan 7pm,14582.27,,,,
Madhya Pradesh - 2026,13-Jan 8pm,13081.8,,,,
Madhya Pradesh - 2026,13-Jan 9pm,12006.18,,,,
Madhya Pradesh - 2026,13-Jan 10pm,11444.33,,,,
Madhya Pradesh - 2026,13-Jan 11pm,11860.35,,,,
Madhya Pradesh - 2026,14-Jan 12am,11293.98,,,,
Madhya Pradesh - 2026,14-Jan 1am,11328.78,,,,
Madhya Pradesh - 2026,14-Jan 2am,11129.18,,,,
Madhya Pradesh - 2026,14-Jan 3am,11601.24,,,,
Madhya Pradesh - 2026,14-Jan 4am,11620.16,,,,
Madhya Pradesh - 2026,14-Jan 5am,11476.2,,,,
Madhya Pradesh - 2026,14-Jan 6am,12424.67,,,,
Madhya Pradesh - 2026,14-Jan 7am,15741.58,,,,
Madhya Pradesh - 2026,14-Jan 8am,17315.42,,,,
Madhya Pradesh - 2026,14-Jan 9am,18763.37,,,,
Madhya Pradesh - 2026,14-Jan 10am,19062.81,,,,
Madhya Pradesh - 2026,14-Jan 11am,19541.73,,,,
Madhya Pradesh - 2026,14-Jan 12pm,17886.09,,,,
Madhya Pradesh - 2026,14-Jan 1pm,18256.39,,,,
Madhya Pradesh - 2026,14-Jan 2pm,17509.09,,,,
Madhya Pradesh - 2026,14-Jan 3pm,17382.7,,,,
Madhya Pradesh - 2026,14-Jan 4pm,16118.84,,,,
Madhya Pradesh - 2026,14-Jan 5pm,16208.39,,,,
Madhya Pradesh - 2026,14-Jan 6pm,15024.18,,,,
Madhya Pradesh - 2026,14-Jan 7pm,14048.01,,,,
Madhya Pradesh - 2026,14-Jan 8pm,12859.73,,,,
Madhya Pradesh - 2026,14-Jan 9pm,11356.77,,,,
Madhya Pradesh - 2026,14-Jan 10pm,10777.86,,,,
Madhya Pradesh - 2026,14-Jan 11pm,11385.98,,,,
Madhya Pradesh - 2026,15-Jan 12am,10839.32,,,,
Madhya Pradesh - 2026,15-Jan 1am,10855.21,,,,
Madhya Pradesh - 2026,15-Jan 2am,10792.71,,,,
Madhya Pradesh - 2026,15-Jan 3am,11138.23,,,,
Madhya Pradesh - 2026,15-Jan 4am,11216.09,,,,
Madhya Pradesh - 2026,15-Jan 5am,11017.61,,,,
Madhya Pradesh - 2026,15-Jan 6am,11829.79,,,,
Madhya Pradesh - 2026,15-Jan 7am,15434.96,,,,
Madhya Pradesh - 2026,15-Jan 8am,17504.76,,,,
Madhya Pradesh - 2026,15-Jan 9am,18316.74,,,,
Madhya Pradesh - 2026,15-Jan 10am,18488.59,,,,
Madhya Pradesh - 2026,15-Jan 11am,19059.3,,,,
Madhya Pradesh - 2026,15-Jan 12pm,17105.02,,,,
Madhya Pradesh - 2026,15-Jan 1pm,17431.35,,,,
Madhya Pradesh - 2026,15-Jan 2pm,16905.75,,,,
Madhya Pradesh - 2026,15-Jan 3pm,17087.35,,,,
Madhya Pradesh - 2026,15-Jan 4pm,16021.77,,,,
Madhya Pradesh - 2026,15-Jan 5pm,16020.94,,,,
Madhya Pradesh - 2026,15-Jan 6pm,14882.66,,,,
Madhya Pradesh - 2026,15-Jan 7pm,14036.59,,,,
Madhya Pradesh - 2026,15-Jan 8pm,12688.44,,,,
Madhya Pradesh - 2026,15-Jan 9pm,11546.78,,,,
Madhya Pradesh - 2026,15-Jan 10pm,10844.29,,,,
Madhya Pradesh - 2026,15-Jan 11pm,11436.11,,,,
Madhya Pradesh - 2026,16-Jan 12am,10525.29,,,,
Madhya Pradesh - 2026,16-Jan 1am,10771.86,,,,
Madhya Pradesh - 2026,16-Jan 2am,10448.6,,,,
Madhya Pradesh - 2026,16-Jan 3am,11038.92,,,,
Madhya Pradesh - 2026,16-Jan 4am,11146.54,,,,
Madhya Pradesh - 2026,16-Jan 5am,10998.37,,,,
Madhya Pradesh - 2026,16-Jan 6am,11560.7,,,,
Madhya Pradesh - 2026,16-Jan 7am,15239.08,,,,
Madhya Pradesh - 2026,16-Jan 8am,17437.35,,,,
Madhya Pradesh - 2026,16-Jan 9am,18275.19,,,,
Madhya Pradesh - 2026,16-Jan 10am,18654.79,,,,
Madhya Pradesh - 2026,16-Jan 11am,18958.93,,,,
Madhya Pradesh - 2026,16-Jan 12pm,17099.77,,,,
Madhya Pradesh - 2026,16-Jan 1pm,17988.63,,,,
Madhya Pradesh - 2026,16-Jan 2pm,17474.78,,,,
Madhya Pradesh - 2026,16-Jan 3pm,17363.78,,,,
Madhya Pradesh - 2026,16-Jan 4pm,16154.7,,,,
Madhya Pradesh - 2026,16-Jan 5pm,16071.05,,,,
Madhya Pradesh - 2026,16-Jan 6pm,14860.68,,,,
Madhya Pradesh - 2026,16-Jan 7pm,13754.47,,,,
Madhya Pradesh - 2026,16-Jan 8pm,12714.71,,,,
Madhya Pradesh - 2026,16-Jan 9pm,11674.85,,,,
Madhya Pradesh - 2026,16-Jan 10pm,11078.81,,,,
Madhya Pradesh - 2026,16-Jan 11pm,11999.45,,,,
Madhya Pradesh - 2026,17-Jan 12am,11120.86,,,,
Madhya Pradesh - 2026,17-Jan 1am,11063.9,,,,
Madhya Pradesh - 2026,17-Jan 2am,10658.68,,,,
Madhya Pradesh - 2026,17-Jan 3am,11311.99,,,,
Madhya Pradesh - 2026,17-Jan 4am,11396.73,,,,
Madhya Pradesh - 2026,17-Jan 5am,11145.79,,,,
Madhya Pradesh - 2026,17-Jan 6am,11777.97,,,,
Madhya Pradesh - 2026,17-Jan 7am,14708.49,,,,
Madhya Pradesh - 2026,17-Jan 8am,17718.37,,,,
Madhya Pradesh - 2026,17-Jan 9am,18316.16,,,,
Madhya Pradesh - 2026,17-Jan 10am,18333.59,,,,
Madhya Pradesh - 2026,17-Jan 11am,18642.52,,,,
Madhya Pradesh - 2026,17-Jan 12pm,17162.55,,,,
Madhya Pradesh - 2026,17-Jan 1pm,18034.84,,,,
Madhya Pradesh - 2026,17-Jan 2pm,17513.05,,,,
Madhya Pradesh - 2026,17-Jan 3pm,17391.19,,,,
Madhya Pradesh - 2026,17-Jan 4pm,16391.56,,,,
Madhya Pradesh - 2026,17-Jan 5pm,16437.57,,,,
Madhya Pradesh - 2026,17-Jan 6pm,14952.41,,,,
Madhya Pradesh - 2026,17-Jan 7pm,13701.27,,,,
Madhya Pradesh - 2026,17-Jan 8pm,12619.07,,,,
Madhya Pradesh - 2026,17-Jan 9pm,11482.75,,,,
Madhya Pradesh - 2026,17-Jan 10pm,11026.21,,,,
Madhya Pradesh - 2026,17-Jan 11pm,12122.27,,,,
Madhya Pradesh - 2026,18-Jan 12am,11263.99,,,,
Madhya Pradesh - 2026,18-Jan 1am,11249.83,,,,
Madhya Pradesh - 2026,18-Jan 2am,10814.1,,,,
Madhya Pradesh - 2026,18-Jan 3am,11503.04,,,,
Madhya Pradesh - 2026,18-Jan 4am,11605.64,,,,
Madhya Pradesh - 2026,18-Jan 5am,11336.74,,,,
Madhya Pradesh - 2026,18-Jan 6am,11669.82,,,,
Madhya Pradesh - 2026,18-Jan 7am,15513,,,,
Madhya Pradesh - 2026,18-Jan 8am,17503.3,,,,
Madhya Pradesh - 2026,18-Jan 9am,18209.65,,,,
Madhya Pradesh - 2026,18-Jan 10am,18939.82,,,,
Madhya Pradesh - 2026,18-Jan 11am,19395.25,,,,
Madhya Pradesh - 2026,18-Jan 12pm,16856.72,,,,
Madhya Pradesh - 2026,18-Jan 1pm,17707.6,,,,
Madhya Pradesh - 2026,18-Jan 2pm,17334.03,,,,
Madhya Pradesh - 2026,18-Jan 3pm,17201.37,,,,
Madhya Pradesh - 2026,18-Jan 4pm,16063.32,,,,
Madhya Pradesh - 2026,18-Jan 5pm,15834.38,,,,
Madhya Pradesh - 2026,18-Jan 6pm,14342.25,,,,
Madhya Pradesh - 2026,18-Jan 7pm,13283.87,,,,
Madhya Pradesh - 2026,18-Jan 8pm,12200.44,,,,
Madhya Pradesh - 2026,18-Jan 9pm,11183.81,,,,
Madhya Pradesh - 2026,18-Jan 10pm,10706.76,,,,
Madhya Pradesh - 2026,18-Jan 11pm,11811.18,,,,
Madhya Pradesh - 2026,19-Jan 12am,10917.51,,,,
Madhya Pradesh - 2026,19-Jan 1am,10928.56,,,,
Madhya Pradesh - 2026,19-Jan 2am,10400.04,,,,
Madhya Pradesh - 2026,19-Jan 3am,11176.68,,,,
Madhya Pradesh - 2026,19-Jan 4am,11203.83,,,,
Madhya Pradesh - 2026,19-Jan 5am,10933.62,,,,
Madhya Pradesh - 2026,19-Jan 6am,11724.69,,,,
Madhya Pradesh - 2026,19-Jan 7am,15607.35,,,,
Madhya Pradesh - 2026,19-Jan 8am,17863.16,,,,
Madhya Pradesh - 2026,19-Jan 9am,18278.32,,,,
Madhya Pradesh - 2026,19-Jan 10am,18843.85,,,,
Madhya Pradesh - 2026,19-Jan 11am,19363.59,,,,
Madhya Pradesh - 2026,19-Jan 12pm,17326.45,,,,
Madhya Pradesh - 2026,19-Jan 1pm,18329.83,,,,
Madhya Pradesh - 2026,19-Jan 2pm,17881.69,,,,
Madhya Pradesh - 2026,19-Jan 3pm,17660.88,,,,
Madhya Pradesh - 2026,19-Jan 4pm,16507.39,,,,
Madhya Pradesh - 2026,19-Jan 5pm,16542.95,,,,
Madhya Pradesh - 2026,19-Jan 6pm,14878.01,,,,
Madhya Pradesh - 2026,19-Jan 7pm,13666.2,,,,
Madhya Pradesh - 2026,19-Jan 8pm,12567.71,,,,
Madhya Pradesh - 2026,19-Jan 9pm,11446.37,,,,
Madhya Pradesh - 2026,19-Jan 10pm,10840.36,,,,
Madhya Pradesh - 2026,19-Jan 11pm,12042.24,,,,
Madhya Pradesh - 2026,20-Jan 12am,11113.93,,,,
Madhya Pradesh - 2026,20-Jan 1am,11181.04,,,,
Madhya Pradesh - 2026,20-Jan 2am,10820.56,,,,
Madhya Pradesh - 2026,20-Jan 3am,11483.22,,,,
Madhya Pradesh - 2026,20-Jan 4am,11498.28,,,,
Madhya Pradesh - 2026,20-Jan 5am,11309.88,,,,
Madhya Pradesh - 2026,20-Jan 6am,11915.16,,,,
Madhya Pradesh - 2026,20-Jan 7am,15684.8,,,,
Madhya Pradesh - 2026,20-Jan 8am,17235.64,,,,
Madhya Pradesh - 2026,20-Jan 9am,18380.05,,,,
Madhya Pradesh - 2026,20-Jan 10am,18769.18,,,,
Madhya Pradesh - 2026,20-Jan 11am,19070.65,,,,
Madhya Pradesh - 2026,20-Jan 12pm,17105.75,,,,
Madhya Pradesh - 2026,20-Jan 1pm,18114.6,,,,
Madhya Pradesh - 2026,20-Jan 2pm,17488.63,,,,
Madhya Pradesh - 2026,20-Jan 3pm,17477.05,,,,
Madhya Pradesh - 2026,20-Jan 4pm,16282.38,,,,
Madhya Pradesh - 2026,20-Jan 5pm,16280.86,,,,
Madhya Pradesh - 2026,20-Jan 6pm,14744.97,,,,
Madhya Pradesh - 2026,20-Jan 7pm,13713.14,,,,
Madhya Pradesh - 2026,20-Jan 8pm,12426.02,,,,
Madhya Pradesh - 2026,20-Jan 9pm,11381.57,,,,
Madhya Pradesh - 2026,20-Jan 10pm,10844.63,,,,
Madhya Pradesh - 2026,20-Jan 11pm,11905.41,,,,
Madhya Pradesh - 2026,21-Jan 12am,11349.36,,,,
Madhya Pradesh - 2026,21-Jan 1am,11216.3,,,,
Madhya Pradesh - 2026,21-Jan 2am,10711.02,,,,
Madhya Pradesh - 2026,21-Jan 3am,11427.5,,,,
Madhya Pradesh - 2026,21-Jan 4am,11519.56,,,,
Madhya Pradesh - 2026,21-Jan 5am,11228.24,,,,
Madhya Pradesh - 2026,21-Jan 6am,11704.48,,,,
Madhya Pradesh - 2026,21-Jan 7am,15603.73,,,,
Madhya Pradesh - 2026,21-Jan 8am,17665.23,,,,
Madhya Pradesh - 2026,21-Jan 9am,18538.57,,,,
Madhya Pradesh - 2026,21-Jan 10am,18988.02,,,,
Madhya Pradesh - 2026,21-Jan 11am,19450.33,,,,
Madhya Pradesh - 2026,21-Jan 12pm,17316.13,,,,
Madhya Pradesh - 2026,21-Jan 1pm,18161.72,,,,
Madhya Pradesh - 2026,21-Jan 2pm,17728.56,,,,
Madhya Pradesh - 2026,21-Jan 3pm,17886.27,,,,
Madhya Pradesh - 2026,21-Jan 4pm,16584.62,,,,
Madhya Pradesh - 2026,21-Jan 5pm,16692.07,,,,
Madhya Pradesh - 2026,21-Jan 6pm,14871.66,,,,
Madhya Pradesh - 2026,21-Jan 7pm,13796.94,,,,
Madhya Pradesh - 2026,21-Jan 8pm,12570.88,,,,
Madhya Pradesh - 2026,21-Jan 9pm,11638.56,,,,
Madhya Pradesh - 2026,21-Jan 10pm,10977.93,,,,
Madhya Pradesh - 2026,21-Jan 11pm,12015.21,,,,
Madhya Pradesh - 2026,22-Jan 12am,11436.9,,,,
Madhya Pradesh - 2026,22-Jan 1am,11230.05,,,,
Madhya Pradesh - 2026,22-Jan 2am,10826.47,,,,
Madhya Pradesh - 2026,22-Jan 3am,11598.31,,,,
Madhya Pradesh - 2026,22-Jan 4am,11637.28,,,,
Madhya Pradesh - 2026,22-Jan 5am,11364.15,,,,
Madhya Pradesh - 2026,22-Jan 6am,11896.69,,,,
Madhya Pradesh - 2026,22-Jan 7am,15695.85,,,,
Madhya Pradesh - 2026,22-Jan 8am,17938.75,,,,
Madhya Pradesh - 2026,22-Jan 9am,18347.75,,,,
Madhya Pradesh - 2026,22-Jan 10am,18825.39,,,,
Madhya Pradesh - 2026,22-Jan 11am,19178,,,,
Madhya Pradesh - 2026,22-Jan 12pm,16987.3,,,,
Madhya Pradesh - 2026,22-Jan 1pm,18107.18,,,,
Madhya Pradesh - 2026,22-Jan 2pm,17488.28,,,,
Madhya Pradesh - 2026,22-Jan 3pm,17454.6,,,,
Madhya Pradesh - 2026,22-Jan 4pm,16437.76,,,,
Madhya Pradesh - 2026,22-Jan 5pm,16298.48,,,,
Madhya Pradesh - 2026,22-Jan 6pm,14800.44,,,,
Madhya Pradesh - 2026,22-Jan 7pm,13595.63,,,,
Madhya Pradesh - 2026,22-Jan 8pm,12491.8,,,,
Madhya Pradesh - 2026,22-Jan 9pm,11363.65,,,,
Madhya Pradesh - 2026,22-Jan 10pm,10975.65,,,,
Madhya Pradesh - 2026,22-Jan 11pm,12118.71,,,,
Madhya Pradesh - 2026,23-Jan 12am,11458.11,,,,
Madhya Pradesh - 2026,23-Jan 1am,11318.78,,,,
Madhya Pradesh - 2026,23-Jan 2am,10973.8,,,,
Madhya Pradesh - 2026,23-Jan 3am,11604.49,,,,
Madhya Pradesh - 2026,23-Jan 4am,11763.95,,,,
Madhya Pradesh - 2026,23-Jan 5am,11473.47,,,,
Madhya Pradesh - 2026,23-Jan 6am,11991.81,,,,
Madhya Pradesh - 2026,23-Jan 7am,15983.43,,,,
Madhya Pradesh - 2026,23-Jan 8am,18054.55,,,,
Madhya Pradesh - 2026,23-Jan 9am,18819.97,,,,
Madhya Pradesh - 2026,23-Jan 10am,19263.29,,,,
Madhya Pradesh - 2026,23-Jan 11am,19443.03,,,,
Madhya Pradesh - 2026,23-Jan 12pm,17176.91,,,,
Madhya Pradesh - 2026,23-Jan 1pm,17261.49,,,,
Madhya Pradesh - 2026,23-Jan 2pm,17281.89,,,,
Madhya Pradesh - 2026,23-Jan 3pm,17205.72,,,,
Madhya Pradesh - 2026,23-Jan 4pm,15992.54,,,,
Madhya Pradesh - 2026,23-Jan 5pm,16005.53,,,,
Madhya Pradesh - 2026,23-Jan 6pm,14576.69,,,,
Madhya Pradesh - 2026,23-Jan 7pm,12596.79,,,,
Madhya Pradesh - 2026,23-Jan 8pm,11245.59,,,,
Madhya Pradesh - 2026,23-Jan 9pm,11096.32,,,,
Madhya Pradesh - 2026,23-Jan 10pm,10774.82,,,,
Madhya Pradesh - 2026,23-Jan 11pm,11853.3,,,,
Madhya Pradesh - 2026,24-Jan 12am,11098.88,,,,
Madhya Pradesh - 2026,24-Jan 1am,11179.24,,,,
Madhya Pradesh - 2026,24-Jan 2am,10836.17,,,,
Madhya Pradesh - 2026,24-Jan 3am,11552.19,,,,
Madhya Pradesh - 2026,24-Jan 4am,11564.58,,,,
Madhya Pradesh - 2026,24-Jan 5am,11274.54,,,,
Madhya Pradesh - 2026,24-Jan 6am,11746.07,,,,
Madhya Pradesh - 2026,24-Jan 7am,15352.25,,,,
Madhya Pradesh - 2026,24-Jan 8am,17479.25,,,,
Madhya Pradesh - 2026,24-Jan 9am,18315.12,,,,
Madhya Pradesh - 2026,24-Jan 10am,18732.73,,,,
Madhya Pradesh - 2026,24-Jan 11am,19106.72,,,,
Madhya Pradesh - 2026,24-Jan 12pm,16989.52,,,,
Madhya Pradesh - 2026,24-Jan 1pm,17669.97,,,,
Madhya Pradesh - 2026,24-Jan 2pm,17187.51,,,,
Madhya Pradesh - 2026,24-Jan 3pm,17304.79,,,,
Madhya Pradesh - 2026,24-Jan 4pm,16151.36,,,,
Madhya Pradesh - 2026,24-Jan 5pm,16134.8,,,,
Madhya Pradesh - 2026,24-Jan 6pm,14782.04,,,,
Madhya Pradesh - 2026,24-Jan 7pm,13433.89,,,,
Madhya Pradesh - 2026,24-Jan 8pm,12289.89,,,,
Madhya Pradesh - 2026,24-Jan 9pm,11157.25,,,,
Madhya Pradesh - 2026,24-Jan 10pm,10675.17,,,,
Madhya Pradesh - 2026,24-Jan 11pm,11789.53,,,,
Madhya Pradesh - 2026,25-Jan 12am,11154.65,,,,
Madhya Pradesh - 2026,25-Jan 1am,11062.18,,,,
Madhya Pradesh - 2026,25-Jan 2am,10670.54,,,,
Madhya Pradesh - 2026,25-Jan 3am,11320.23,,,,
Madhya Pradesh - 2026,25-Jan 4am,11300.4,,,,
Madhya Pradesh - 2026,25-Jan 5am,11010.42,,,,
Madhya Pradesh - 2026,25-Jan 6am,11418.68,,,,
Madhya Pradesh - 2026,25-Jan 7am,15048.13,,,,
Madhya Pradesh - 2026,25-Jan 8am,17175.96,,,,
Madhya Pradesh - 2026,25-Jan 9am,18238.45,,,,
Madhya Pradesh - 2026,25-Jan 10am,19056.64,,,,
Madhya Pradesh - 2026,25-Jan 11am,19641.17,,,,
Madhya Pradesh - 2026,25-Jan 12pm,17517.68,,,,
Madhya Pradesh - 2026,25-Jan 1pm,18133.23,,,,
Madhya Pradesh - 2026,25-Jan 2pm,17522.99,,,,
Madhya Pradesh - 2026,25-Jan 3pm,17295.97,,,,
Madhya Pradesh - 2026,25-Jan 4pm,15964.79,,,,
Madhya Pradesh - 2026,25-Jan 5pm,15783.88,,,,
Madhya Pradesh - 2026,25-Jan 6pm,14250.58,,,,
Madhya Pradesh - 2026,25-Jan 7pm,13204.5,,,,
Madhya Pradesh - 2026,25-Jan 8pm,12131.01,,,,
Madhya Pradesh - 2026,25-Jan 9pm,11045.12,,,,
Madhya Pradesh - 2026,25-Jan 10pm,10543.68,,,,
Madhya Pradesh - 2026,25-Jan 11pm,11510.26,,,,
Madhya Pradesh - 2026,26-Jan 12am,10832.38,,,,
Madhya Pradesh - 2026,26-Jan 1am,10840.12,,,,
Madhya Pradesh - 2026,26-Jan 2am,10473.01,,,,
Madhya Pradesh - 2026,26-Jan 3am,11077.54,,,,
Madhya Pradesh - 2026,26-Jan 4am,11193.05,,,,
Madhya Pradesh - 2026,26-Jan 5am,11124.51,,,,
Madhya Pradesh - 2026,26-Jan 6am,12109.41,,,,
Madhya Pradesh - 2026,26-Jan 7am,15692.11,,,,
Madhya Pradesh - 2026,26-Jan 8am,17235.24,,,,
Madhya Pradesh - 2026,26-Jan 9am,17686.39,,,,
Madhya Pradesh - 2026,26-Jan 10am,18275.96,,,,
Madhya Pradesh - 2026,26-Jan 11am,18924.18,,,,
Madhya Pradesh - 2026,26-Jan 12pm,17018.99,,,,
Madhya Pradesh - 2026,26-Jan 1pm,17827.27,,,,
Madhya Pradesh - 2026,26-Jan 2pm,17363.75,,,,
Madhya Pradesh - 2026,26-Jan 3pm,17056.47,,,,
Madhya Pradesh - 2026,26-Jan 4pm,15677.82,,,,
Madhya Pradesh - 2026,26-Jan 5pm,15506.63,,,,
Madhya Pradesh - 2026,26-Jan 6pm,13838.03,,,,
Madhya Pradesh - 2026,26-Jan 7pm,12632.5,,,,
Madhya Pradesh - 2026,26-Jan 8pm,11608.88,,,,
Madhya Pradesh - 2026,26-Jan 9pm,10519.89,,,,
Madhya Pradesh - 2026,26-Jan 10pm,10129.1,,,,
Madhya Pradesh - 2026,26-Jan 11pm,11234.51,,,,
Madhya Pradesh - 2026,27-Jan 12am,10631.11,,,,
Madhya Pradesh - 2026,27-Jan 1am,10415.6,,,,
Madhya Pradesh - 2026,27-Jan 2am,10188.19,,,,
Madhya Pradesh - 2026,27-Jan 3am,10812.7,,,,
Madhya Pradesh - 2026,27-Jan 4am,10840.65,,,,
Madhya Pradesh - 2026,27-Jan 5am,10584.39,,,,
Madhya Pradesh - 2026,27-Jan 6am,11105.25,,,,
Madhya Pradesh - 2026,27-Jan 7am,15006.9,,,,
Madhya Pradesh - 2026,27-Jan 8am,17067.38,,,,
Madhya Pradesh - 2026,27-Jan 9am,17708.29,,,,
Madhya Pradesh - 2026,27-Jan 10am,17836.83,,,,
Madhya Pradesh - 2026,27-Jan 11am,18050.43,,,,
Madhya Pradesh - 2026,27-Jan 12pm,16097.73,,,,
Madhya Pradesh - 2026,27-Jan 1pm,16833.42,,,,
Madhya Pradesh - 2026,27-Jan 2pm,16000.9,,,,
Madhya Pradesh - 2026,27-Jan 3pm,15430.54,,,,
Madhya Pradesh - 2026,27-Jan 4pm,13970.07,,,,
Madhya Pradesh - 2026,27-Jan 5pm,13859.07,,,,
Madhya Pradesh - 2026,27-Jan 6pm,12566.06,,,,
Madhya Pradesh - 2026,27-Jan 7pm,11688.68,,,,
Madhya Pradesh - 2026,27-Jan 8pm,10452.81,,,,
Madhya Pradesh - 2026,27-Jan 9pm,9420.28,,,,
Madhya Pradesh - 2026,27-Jan 10pm,8688.38,,,,
Madhya Pradesh - 2026,27-Jan 11pm,8831.86,,,,
Madhya Pradesh - 2026,28-Jan 12am,8142.73,,,,
Madhya Pradesh - 2026,28-Jan 1am,7859.23,,,,
Madhya Pradesh - 2026,28-Jan 2am,7623.94,,,,
Madhya Pradesh - 2026,28-Jan 3am,7754.5,,,,
Madhya Pradesh - 2026,28-Jan 4am,7556.21,,,,
Madhya Pradesh - 2026,28-Jan 5am,7207.44,,,,
Madhya Pradesh - 2026,28-Jan 6am,8044.72,,,,
Madhya Pradesh - 2026,28-Jan 7am,10757.98,,,,
Madhya Pradesh - 2026,28-Jan 8am,12855.88,,,,
Madhya Pradesh - 2026,28-Jan 9am,13554.65,,,,
Madhya Pradesh - 2026,28-Jan 10am,14167.73,,,,
Madhya Pradesh - 2026,28-Jan 11am,15067.73,,,,
Madhya Pradesh - 2026,28-Jan 12pm,13642.3,,,,
Madhya Pradesh - 2026,28-Jan 1pm,14087.12,,,,
Madhya Pradesh - 2026,28-Jan 2pm,13940.1,,,,
Madhya Pradesh - 2026,28-Jan 3pm,13983.7,,,,
Madhya Pradesh - 2026,28-Jan 4pm,13399.29,,,,
Madhya Pradesh - 2026,28-Jan 5pm,13535.85,,,,
Madhya Pradesh - 2026,28-Jan 6pm,12568.63,,,,
Madhya Pradesh - 2026,28-Jan 7pm,12276.54,,,,
Madhya Pradesh - 2026,28-Jan 8pm,11319.04,,,,
Madhya Pradesh - 2026,28-Jan 9pm,10344.54,,,,
Madhya Pradesh - 2026,28-Jan 10pm,9814.74,,,,
Madhya Pradesh - 2026,28-Jan 11pm,10422.91,,,,
Madhya Pradesh - 2026,29-Jan 12am,9681.44,,,,
Madhya Pradesh - 2026,29-Jan 1am,9294.41,,,,
Madhya Pradesh - 2026,29-Jan 2am,9086.97,,,,
Madhya Pradesh - 2026,29-Jan 3am,9504.73,,,,
Madhya Pradesh - 2026,29-Jan 4am,9473.25,,,,
Madhya Pradesh - 2026,29-Jan 5am,9321.22,,,,
Madhya Pradesh - 2026,29-Jan 6am,10002.65,,,,
Madhya Pradesh - 2026,29-Jan 7am,13419.83,,,,
Madhya Pradesh - 2026,29-Jan 8am,15733.45,,,,
Madhya Pradesh - 2026,29-Jan 9am,16384.73,,,,
Madhya Pradesh - 2026,29-Jan 10am,16573.6,,,,
Madhya Pradesh - 2026,29-Jan 11am,16545.08,,,,
Madhya Pradesh - 2026,29-Jan 12pm,14566.57,,,,
Madhya Pradesh - 2026,29-Jan 1pm,14999.66,,,,
Madhya Pradesh - 2026,29-Jan 2pm,14828.78,,,,
Madhya Pradesh - 2026,29-Jan 3pm,14803.2,,,,
Madhya Pradesh - 2026,29-Jan 4pm,13764.81,,,,
Madhya Pradesh - 2026,29-Jan 5pm,13861.62,,,,
Madhya Pradesh - 2026,29-Jan 6pm,13227.68,,,,
Madhya Pradesh - 2026,29-Jan 7pm,12846.74,,,,
Madhya Pradesh - 2026,29-Jan 8pm,11884.08,,,,
Madhya Pradesh - 2026,29-Jan 9pm,10679.25,,,,
Madhya Pradesh - 2026,29-Jan 10pm,10044.24,,,,
Madhya Pradesh - 2026,29-Jan 11pm,10628.74,,,,
Madhya Pradesh - 2026,30-Jan 12am,9887.76,,,,
Madhya Pradesh - 2026,30-Jan 1am,9717.85,,,,
Madhya Pradesh - 2026,30-Jan 2am,9394.25,,,,
Madhya Pradesh - 2026,30-Jan 3am,9961.21,,,,
Madhya Pradesh - 2026,30-Jan 4am,9896.57,,,,
Madhya Pradesh - 2026,30-Jan 5am,9594.97,,,,
Madhya Pradesh - 2026,30-Jan 6am,10308.12,,,,
Madhya Pradesh - 2026,30-Jan 7am,13939.98,,,,
Madhya Pradesh - 2026,30-Jan 8am,16179.82,,,,
Madhya Pradesh - 2026,30-Jan 9am,16919.73,,,,
Madhya Pradesh - 2026,30-Jan 10am,17143.96,,,,
Madhya Pradesh - 2026,30-Jan 11am,17227.68,,,,
Madhya Pradesh - 2026,30-Jan 12pm,15611.73,,,,
Madhya Pradesh - 2026,30-Jan 1pm,16129.78,,,,
Madhya Pradesh - 2026,30-Jan 2pm,15525.92,,,,
Madhya Pradesh - 2026,30-Jan 3pm,15311.9,,,,
Madhya Pradesh - 2026,30-Jan 4pm,14082.29,,,,
Madhya Pradesh - 2026,30-Jan 5pm,14178.52,,,,
Madhya Pradesh - 2026,30-Jan 6pm,13372.95,,,,
Madhya Pradesh - 2026,30-Jan 7pm,12830.92,,,,
Madhya Pradesh - 2026,30-Jan 8pm,11912.84,,,,
Madhya Pradesh - 2026,30-Jan 9pm,10911.05,,,,
Madhya Pradesh - 2026,30-Jan 10pm,10207.79,,,,
Madhya Pradesh - 2026,30-Jan 11pm,10807.4,,,,
Madhya Pradesh - 2026,31-Jan 12am,9995.55,,,,
Madhya Pradesh - 2026,31-Jan 1am,9905.39,,,,
Madhya Pradesh - 2026,31-Jan 2am,9625.92,,,,
Madhya Pradesh - 2026,31-Jan 3am,10056.59,,,,
Madhya Pradesh - 2026,31-Jan 4am,10103.87,,,,
Madhya Pradesh - 2026,31-Jan 5am,9814.57,,,,
Madhya Pradesh - 2026,31-Jan 6am,10464.58,,,,
Madhya Pradesh - 2026,31-Jan 7am,14092.95,,,,
Madhya Pradesh - 2026,31-Jan 8am,16224.37,,,,
Madhya Pradesh - 2026,31-Jan 9am,16864.16,,,,
Madhya Pradesh - 2026,31-Jan 10am,16991.83,,,,
Madhya Pradesh - 2026,31-Jan 11am,17185.81,,,,
Madhya Pradesh - 2026,31-Jan 12pm,15213.95,,,,
Madhya Pradesh - 2026,31-Jan 1pm,15691.13,,,,
Madhya Pradesh - 2026,31-Jan 2pm,15332.81,,,,
Madhya Pradesh - 2026,31-Jan 3pm,15428.34,,,,
Madhya Pradesh - 2026,31-Jan 4pm,14385.56,,,,
Madhya Pradesh - 2026,31-Jan 5pm,14388.94,,,,
Madhya Pradesh - 2026,31-Jan 6pm,13388.26,,,,
Madhya Pradesh - 2026,31-Jan 7pm,12862.58,,,,
Madhya Pradesh - 2026,31-Jan 8pm,11748.57,,,,
Madhya Pradesh - 2026,31-Jan 9pm,10721.32,,,,
Madhya Pradesh - 2026,31-Jan 10pm,10074.85,,,,
Madhya Pradesh - 2026,31-Jan 11pm,10739.09,,,,
Madhya Pradesh - 2026,01-Feb 12am,9964.25,,,,
Madhya Pradesh - 2026,01-Feb 1am,9680.85,,,,
Madhya Pradesh - 2026,01-Feb 2am,9355.22,,,,
Madhya Pradesh - 2026,01-Feb 3am,9855.68,,,,
Madhya Pradesh - 2026,01-Feb 4am,9848.46,,,,
Madhya Pradesh - 2026,01-Feb 5am,9618.45,,,,
Madhya Pradesh - 2026,01-Feb 6am,10129.48,,,,
Madhya Pradesh - 2026,01-Feb 7am,13477.34,,,,
Madhya Pradesh - 2026,01-Feb 8am,15853.01,,,,
Madhya Pradesh - 2026,01-Feb 9am,16840.79,,,,
Madhya Pradesh - 2026,01-Feb 10am,17037.31,,,,
Madhya Pradesh - 2026,01-Feb 11am,17364.04,,,,
Madhya Pradesh - 2026,01-Feb 12pm,15418.39,,,,
Madhya Pradesh - 2026,01-Feb 1pm,16121.63,,,,
Madhya Pradesh - 2026,01-Feb 2pm,15482.41,,,,
Madhya Pradesh - 2026,01-Feb 3pm,15205.1,,,,
Madhya Pradesh - 2026,01-Feb 4pm,13903.81,,,,
Madhya Pradesh - 2026,01-Feb 5pm,13898.26,,,,
Madhya Pradesh - 2026,01-Feb 6pm,13016.75,,,,
Madhya Pradesh - 2026,01-Feb 7pm,12407.75,,,,
Madhya Pradesh - 2026,01-Feb 8pm,11464.45,,,,
Madhya Pradesh - 2026,01-Feb 9pm,10248.62,,,,
Madhya Pradesh - 2026,01-Feb 10pm,9759.7,,,,
Madhya Pradesh - 2026,01-Feb 11pm,10491.22,,,,
Madhya Pradesh - 2026,02-Feb 12am,9726.05,,,,
Madhya Pradesh - 2026,02-Feb 1am,9586.93,,,,
Madhya Pradesh - 2026,02-Feb 2am,9395.68,,,,
Madhya Pradesh - 2026,02-Feb 3am,9842.33,,,,
Madhya Pradesh - 2026,02-Feb 4am,9837.55,,,,
Madhya Pradesh - 2026,02-Feb 5am,9557.7,,,,
Madhya Pradesh - 2026,02-Feb 6am,10237.34,,,,
Madhya Pradesh - 2026,02-Feb 7am,13791.8,,,,
Madhya Pradesh - 2026,02-Feb 8am,15885.81,,,,
Madhya Pradesh - 2026,02-Feb 9am,16574.48,,,,
Madhya Pradesh - 2026,02-Feb 10am,16650.94,,,,
Madhya Pradesh - 2026,02-Feb 11am,16870.78,,,,
Madhya Pradesh - 2026,02-Feb 12pm,15063.82,,,,
Madhya Pradesh - 2026,02-Feb 1pm,15584.22,,,,
Madhya Pradesh - 2026,02-Feb 2pm,15133.26,,,,
Madhya Pradesh - 2026,02-Feb 3pm,15035.28,,,,
Madhya Pradesh - 2026,02-Feb 4pm,13865.41,,,,
Madhya Pradesh - 2026,02-Feb 5pm,13878.23,,,,
Madhya Pradesh - 2026,02-Feb 6pm,13176.49,,,,
Madhya Pradesh - 2026,02-Feb 7pm,12628.83,,,,
Madhya Pradesh - 2026,02-Feb 8pm,11574.66,,,,
Madhya Pradesh - 2026,02-Feb 9pm,10270.93,,,,
Madhya Pradesh - 2026,02-Feb 10pm,9769.18,,,,
Madhya Pradesh - 2026,02-Feb 11pm,10505.21,,,,
Madhya Pradesh - 2026,03-Feb 12am,9757.4,,,,
Madhya Pradesh - 2026,03-Feb 1am,9562.83,,,,
Madhya Pradesh - 2026,03-Feb 2am,9465.29,,,,
Madhya Pradesh - 2026,03-Feb 3am,9822.51,,,,
Madhya Pradesh - 2026,03-Feb 4am,9910.33,,,,
Madhya Pradesh - 2026,03-Feb 5am,9546.1,,,,
Madhya Pradesh - 2026,03-Feb 6am,10225.64,,,,
Madhya Pradesh - 2026,03-Feb 7am,13651.3,,,,
Madhya Pradesh - 2026,03-Feb 8am,15560.87,,,,
Madhya Pradesh - 2026,03-Feb 9am,16172.84,,,,
Madhya Pradesh - 2026,03-Feb 10am,16365.46,,,,
Madhya Pradesh - 2026,03-Feb 11am,16606.52,,,,
Madhya Pradesh - 2026,03-Feb 12pm,14881.88,,,,
Madhya Pradesh - 2026,03-Feb 1pm,15629.65,,,,
Madhya Pradesh - 2026,03-Feb 2pm,15081.96,,,,
Madhya Pradesh - 2026,03-Feb 3pm,15124.42,,,,
Madhya Pradesh - 2026,03-Feb 4pm,14182.56,,,,
Madhya Pradesh - 2026,03-Feb 5pm,14114.39,,,,
Madhya Pradesh - 2026,03-Feb 6pm,13051.67,,,,
Madhya Pradesh - 2026,03-Feb 7pm,12412.69,,,,
Madhya Pradesh - 2026,03-Feb 8pm,11284.61,,,,
Madhya Pradesh - 2026,03-Feb 9pm,10198.77,,,,
Madhya Pradesh - 2026,03-Feb 10pm,9583.98,,,,
Madhya Pradesh - 2026,03-Feb 11pm,10369.11,,,,
Madhya Pradesh - 2026,04-Feb 12am,9577.16,,,,
Madhya Pradesh - 2026,04-Feb 1am,9403.84,,,,
Madhya Pradesh - 2026,04-Feb 2am,9304.7,,,,
Madhya Pradesh - 2026,04-Feb 3am,9885.34,,,,
Madhya Pradesh - 2026,04-Feb 4am,9867.89,,,,
Madhya Pradesh - 2026,04-Feb 5am,9705.55,,,,
Madhya Pradesh - 2026,04-Feb 6am,10335.94,,,,
Madhya Pradesh - 2026,04-Feb 7am,13774.26,,,,
Madhya Pradesh - 2026,04-Feb 8am,15963.16,,,,
Madhya Pradesh - 2026,04-Feb 9am,16730.39,,,,
Madhya Pradesh - 2026,04-Feb 10am,16822.88,,,,
Madhya Pradesh - 2026,04-Feb 11am,16945.05,,,,
Madhya Pradesh - 2026,04-Feb 12pm,14975.28,,,,
Madhya Pradesh - 2026,04-Feb 1pm,15684.9,,,,
Madhya Pradesh - 2026,04-Feb 2pm,15092.61,,,,
Madhya Pradesh - 2026,04-Feb 3pm,15181.78,,,,
Madhya Pradesh - 2026,04-Feb 4pm,14030.4,,,,
Madhya Pradesh - 2026,04-Feb 5pm,14083.75,,,,
Madhya Pradesh - 2026,04-Feb 6pm,13088.81,,,,
Madhya Pradesh - 2026,04-Feb 7pm,12521.28,,,,
Madhya Pradesh - 2026,04-Feb 8pm,11448.1,,,,
Madhya Pradesh - 2026,04-Feb 9pm,10299.85,,,,
Madhya Pradesh - 2026,04-Feb 10pm,9973.8,,,,
Madhya Pradesh - 2026,04-Feb 11pm,10706.83,,,,
Madhya Pradesh - 2026,05-Feb 12am,9801.11,,,,
Madhya Pradesh - 2026,05-Feb 1am,9723.25,,,,
Madhya Pradesh - 2026,05-Feb 2am,9453.78,,,,
Madhya Pradesh - 2026,05-Feb 3am,9994.23,,,,
Madhya Pradesh - 2026,05-Feb 4am,10030.52,,,,
Madhya Pradesh - 2026,05-Feb 5am,9823.29,,,,
Madhya Pradesh - 2026,05-Feb 6am,10404.53,,,,
Madhya Pradesh - 2026,05-Feb 7am,14134.6,,,,
Madhya Pradesh - 2026,05-Feb 8am,16087.33,,,,
Madhya Pradesh - 2026,05-Feb 9am,16486.52,,,,
Madhya Pradesh - 2026,05-Feb 10am,16735.69,,,,
Madhya Pradesh - 2026,05-Feb 11am,17133.55,,,,
Madhya Pradesh - 2026,05-Feb 12pm,15247.08,,,,
Madhya Pradesh - 2026,05-Feb 1pm,15944.15,,,,
Madhya Pradesh - 2026,05-Feb 2pm,15534.68,,,,
Madhya Pradesh - 2026,05-Feb 3pm,15443,,,,
Madhya Pradesh - 2026,05-Feb 4pm,14410.27,,,,
Madhya Pradesh - 2026,05-Feb 5pm,14374.4,,,,
Madhya Pradesh - 2026,05-Feb 6pm,13167.79,,,,
Madhya Pradesh - 2026,05-Feb 7pm,12690.07,,,,
Madhya Pradesh - 2026,05-Feb 8pm,11678.56,,,,
Madhya Pradesh - 2026,05-Feb 9pm,10613.71,,,,
Madhya Pradesh - 2026,05-Feb 10pm,10142.44,,,,
Madhya Pradesh - 2026,05-Feb 11pm,10950.58,,,,
Madhya Pradesh - 2026,06-Feb 12am,10349.8,,,,
Madhya Pradesh - 2026,06-Feb 1am,10084.81,,,,
Madhya Pradesh - 2026,06-Feb 2am,9925.39,,,,
Madhya Pradesh - 2026,06-Feb 3am,10524.72,,,,
Madhya Pradesh - 2026,06-Feb 4am,10586.11,,,,
Madhya Pradesh - 2026,06-Feb 5am,10329.4,,,,
Madhya Pradesh - 2026,06-Feb 6am,10769.48,,,,
Madhya Pradesh - 2026,06-Feb 7am,14581.1,,,,
Madhya Pradesh - 2026,06-Feb 8am,16617.45,,,,
Madhya Pradesh - 2026,06-Feb 9am,17134.91,,,,
Madhya Pradesh - 2026,06-Feb 10am,17356.86,,,,
Madhya Pradesh - 2026,06-Feb 11am,17616.3,,,,
Madhya Pradesh - 2026,06-Feb 12pm,16352.14,,,,
Madhya Pradesh - 2026,06-Feb 1pm,16580.63,,,,
Madhya Pradesh - 2026,06-Feb 2pm,15952.01,,,,
Madhya Pradesh - 2026,06-Feb 3pm,15734.9,,,,
Madhya Pradesh - 2026,06-Feb 4pm,14646.74,,,,
Madhya Pradesh - 2026,06-Feb 5pm,14567.07,,,,
Madhya Pradesh - 2026,06-Feb 6pm,13392.68,,,,
Madhya Pradesh - 2026,06-Feb 7pm,12794.7,,,,
Madhya Pradesh - 2026,06-Feb 8pm,11812.3,,,,
Madhya Pradesh - 2026,06-Feb 9pm,10837.15,,,,
Madhya Pradesh - 2026,06-Feb 10pm,10333.68,,,,
Madhya Pradesh - 2026,06-Feb 11pm,11218.12,,,,
Madhya Pradesh - 2026,07-Feb 12am,10473.76,,,,
Madhya Pradesh - 2026,07-Feb 1am,10430.63,,,,
Madhya Pradesh - 2026,07-Feb 2am,10155.44,,,,
Madhya Pradesh - 2026,07-Feb 3am,10875.6,,,,
Madhya Pradesh - 2026,07-Feb 4am,10804.45,,,,
Madhya Pradesh - 2026,07-Feb 5am,10417.66,,,,
Madhya Pradesh - 2026,07-Feb 6am,11035.76,,,,
Madhya Pradesh - 2026,07-Feb 7am,14824.11,,,,
Madhya Pradesh - 2026,07-Feb 8am,16938.22,,,,
Madhya Pradesh - 2026,07-Feb 9am,17240.15,,,,
Madhya Pradesh - 2026,07-Feb 10am,17499.86,,,,
Madhya Pradesh - 2026,07-Feb 11am,17848.03,,,,
Madhya Pradesh - 2026,07-Feb 12pm,15889.23,,,,
Madhya Pradesh - 2026,07-Feb 1pm,16597.53,,,,
Madhya Pradesh - 2026,07-Feb 2pm,16114.4,,,,
Madhya Pradesh - 2026,07-Feb 3pm,16101.79,,,,
Madhya Pradesh - 2026,07-Feb 4pm,14876.32,,,,
Madhya Pradesh - 2026,07-Feb 5pm,14881.46,,,,
Madhya Pradesh - 2026,07-Feb 6pm,13556.55,,,,
Madhya Pradesh - 2026,07-Feb 7pm,12912.68,,,,
Madhya Pradesh - 2026,07-Feb 8pm,12005.07,,,,
Madhya Pradesh - 2026,07-Feb 9pm,10883.58,,,,
Madhya Pradesh - 2026,07-Feb 10pm,10474.69,,,,
Madhya Pradesh - 2026,07-Feb 11pm,11481.7,,,,
Madhya Pradesh - 2026,08-Feb 12am,10844.08,,,,
Madhya Pradesh - 2026,08-Feb 1am,10795.23,,,,
Madhya Pradesh - 2026,08-Feb 2am,10619.63,,,,
Madhya Pradesh - 2026,08-Feb 3am,11033.22,,,,
Madhya Pradesh - 2026,08-Feb 4am,11161.19,,,,
Madhya Pradesh - 2026,08-Feb 5am,10783.15,,,,
Madhya Pradesh - 2026,08-Feb 6am,11047.79,,,,
Madhya Pradesh - 2026,08-Feb 7am,14656.9,,,,
Madhya Pradesh - 2026,08-Feb 8am,16684.17,,,,
Madhya Pradesh - 2026,08-Feb 9am,17183.3,,,,
Madhya Pradesh - 2026,08-Feb 10am,17743.22,,,,
Madhya Pradesh - 2026,08-Feb 11am,17962.17,,,,
Madhya Pradesh - 2026,08-Feb 12pm,16030.23,,,,
Madhya Pradesh - 2026,08-Feb 1pm,16875.4,,,,
Madhya Pradesh - 2026,08-Feb 2pm,16329.71,,,,
Madhya Pradesh - 2026,08-Feb 3pm,16064.24,,,,
Madhya Pradesh - 2026,08-Feb 4pm,14791.1,,,,
Madhya Pradesh - 2026,08-Feb 5pm,14811.99,,,,
Madhya Pradesh - 2026,08-Feb 6pm,13271.39,,,,
Madhya Pradesh - 2026,08-Feb 7pm,12749.94,,,,
Madhya Pradesh - 2026,08-Feb 8pm,11768.82,,,,
Madhya Pradesh - 2026,08-Feb 9pm,10831.71,,,,
Madhya Pradesh - 2026,08-Feb 10pm,10554.98,,,,
Madhya Pradesh - 2026,08-Feb 11pm,11533.55,,,,
Madhya Pradesh - 2026,09-Feb 12am,10910.26,,,,
Madhya Pradesh - 2026,09-Feb 1am,10843.46,,,,
Madhya Pradesh - 2026,09-Feb 2am,10694.66,,,,
Madhya Pradesh - 2026,09-Feb 3am,11282.53,,,,
Madhya Pradesh - 2026,09-Feb 4am,11359.78,,,,
Madhya Pradesh - 2026,09-Feb 5am,10721.76,,,,
Madhya Pradesh - 2026,09-Feb 6am,11268.44,,,,
Madhya Pradesh - 2026,09-Feb 7am,15218.05,,,,
Madhya Pradesh - 2026,09-Feb 8am,17028.09,,,,
Madhya Pradesh - 2026,09-Feb 9am,17588.98,,,,
Madhya Pradesh - 2026,09-Feb 10am,17881.44,,,,
Madhya Pradesh - 2026,09-Feb 11am,18370.57,,,,
Madhya Pradesh - 2026,09-Feb 12pm,16327.92,,,,
Madhya Pradesh - 2026,09-Feb 1pm,17174.96,,,,
Madhya Pradesh - 2026,09-Feb 2pm,16782.88,,,,
Madhya Pradesh - 2026,09-Feb 3pm,16696.4,,,,
Madhya Pradesh - 2026,09-Feb 4pm,15364.35,,,,
Madhya Pradesh - 2026,09-Feb 5pm,15272.91,,,,
Madhya Pradesh - 2026,09-Feb 6pm,13814.9,,,,
Madhya Pradesh - 2026,09-Feb 7pm,13171.84,,,,
Madhya Pradesh - 2026,09-Feb 8pm,12217.27,,,,
Madhya Pradesh - 2026,09-Feb 9pm,11198.29,,,,
Madhya Pradesh - 2026,09-Feb 10pm,10792.63,,,,
Madhya Pradesh - 2026,09-Feb 11pm,11852.21,,,,
Madhya Pradesh - 2026,10-Feb 12am,11186.44,,,,
Madhya Pradesh - 2026,10-Feb 1am,11083.82,,,,
Madhya Pradesh - 2026,10-Feb 2am,11013.47,,,,
Madhya Pradesh - 2026,10-Feb 3am,11418.82,,,,
Madhya Pradesh - 2026,10-Feb 4am,11510.41,,,,
Madhya Pradesh - 2026,10-Feb 5am,11054.61,,,,
Madhya Pradesh - 2026,10-Feb 6am,11611.4,,,,
Madhya Pradesh - 2026,10-Feb 7am,15519.32,,,,
Madhya Pradesh - 2026,10-Feb 8am,17120.11,,,,
Madhya Pradesh - 2026,10-Feb 9am,17663.7,,,,
Madhya Pradesh - 2026,10-Feb 10am,18140.12,,,,
Madhya Pradesh - 2026,10-Feb 11am,18580.02,,,,
Madhya Pradesh - 2026,10-Feb 12pm,16679.61,,,,
Madhya Pradesh - 2026,10-Feb 1pm,17296.71,,,,
Madhya Pradesh - 2026,10-Feb 2pm,16931.15,,,,
Madhya Pradesh - 2026,10-Feb 3pm,16863.1,,,,
Madhya Pradesh - 2026,10-Feb 4pm,15641.27,,,,
Madhya Pradesh - 2026,10-Feb 5pm,15544.54,,,,
Madhya Pradesh - 2026,10-Feb 6pm,14073.1,,,,
Madhya Pradesh - 2026,10-Feb 7pm,13419.82,,,,
Madhya Pradesh - 2026,10-Feb 8pm,12370.95,,,,
Madhya Pradesh - 2026,10-Feb 9pm,11156.34,,,,
Madhya Pradesh - 2026,10-Feb 10pm,10675.81,,,,
Madhya Pradesh - 2026,10-Feb 11pm,11799.82,,,,
Madhya Pradesh - 2026,11-Feb 12am,11376.18,,,,
Madhya Pradesh - 2026,11-Feb 1am,11233.32,,,,
Madhya Pradesh - 2026,11-Feb 2am,11066.88,,,,
Madhya Pradesh - 2026,11-Feb 3am,11680.18,,,,
Madhya Pradesh - 2026,11-Feb 4am,11754.64,,,,
Madhya Pradesh - 2026,11-Feb 5am,11267.57,,,,
Madhya Pradesh - 2026,11-Feb 6am,11752.1,,,,
Madhya Pradesh - 2026,11-Feb 7am,15669.57,,,,
Madhya Pradesh - 2026,11-Feb 8am,17213.66,,,,
Madhya Pradesh - 2026,11-Feb 9am,17646.63,,,,
Madhya Pradesh - 2026,11-Feb 10am,17937.7,,,,
Madhya Pradesh - 2026,11-Feb 11am,18581.63,,,,
Madhya Pradesh - 2026,11-Feb 12pm,16905.58,,,,
Madhya Pradesh - 2026,11-Feb 1pm,17655.89,,,,
Madhya Pradesh - 2026,11-Feb 2pm,17098.78,,,,
Madhya Pradesh - 2026,11-Feb 3pm,17122.15,,,,
Madhya Pradesh - 2026,11-Feb 4pm,15846.58,,,,
Madhya Pradesh - 2026,11-Feb 5pm,15799.37,,,,
Madhya Pradesh - 2026,11-Feb 6pm,14489.79,,,,
Madhya Pradesh - 2026,11-Feb 7pm,13602.32,,,,
Madhya Pradesh - 2026,11-Feb 8pm,12462.82,,,,
Madhya Pradesh - 2026,11-Feb 9pm,11538.17,,,,
Madhya Pradesh - 2026,11-Feb 10pm,11179.43,,,,
Madhya Pradesh - 2026,11-Feb 11pm,12390.8,,,,
Madhya Pradesh - 2026,12-Feb 12am,11956.63,,,,
Madhya Pradesh - 2026,12-Feb 1am,11842.47,,,,
Madhya Pradesh - 2026,12-Feb 2am,11602.09,,,,
Madhya Pradesh - 2026,12-Feb 3am,12133.3,,,,
Madhya Pradesh - 2026,12-Feb 4am,12219.2,,,,
Madhya Pradesh - 2026,12-Feb 5am,11868.52,,,,
Madhya Pradesh - 2026,12-Feb 6am,12334.58,,,,
Madhya Pradesh - 2026,12-Feb 7am,16031.78,,,,
Madhya Pradesh - 2026,12-Feb 8am,17088.71,,,,
Madhya Pradesh - 2026,12-Feb 9am,17656.95,,,,
Madhya Pradesh - 2026,12-Feb 10am,18251.37,,,,
Madhya Pradesh - 2026,12-Feb 11am,18823.94,,,,
Madhya Pradesh - 2026,12-Feb 12pm,16621.38,,,,
Madhya Pradesh - 2026,12-Feb 1pm,17529.66,,,,
Madhya Pradesh - 2026,12-Feb 2pm,16965.45,,,,
Madhya Pradesh - 2026,12-Feb 3pm,16862.78,,,,
Madhya Pradesh - 2026,12-Feb 4pm,15959.68,,,,
Madhya Pradesh - 2026,12-Feb 5pm,15809.65,,,,
Madhya Pradesh - 2026,12-Feb 6pm,14254.99,,,,
Madhya Pradesh - 2026,12-Feb 7pm,13474.43,,,,
Madhya Pradesh - 2026,12-Feb 8pm,12432.22,,,,
Madhya Pradesh - 2026,12-Feb 9pm,11443.21,,,,
Madhya Pradesh - 2026,12-Feb 10pm,11228.96,,,,
Madhya Pradesh - 2026,12-Feb 11pm,12430.15,,,,
Madhya Pradesh - 2026,13-Feb 12am,11977.85,,,,
Madhya Pradesh - 2026,13-Feb 1am,11862.33,,,,
Madhya Pradesh - 2026,13-Feb 2am,11673.47,,,,
Madhya Pradesh - 2026,13-Feb 3am,12271.38,,,,
Madhya Pradesh - 2026,13-Feb 4am,12351.62,,,,
Madhya Pradesh - 2026,13-Feb 5am,11935.91,,,,
Madhya Pradesh - 2026,13-Feb 6am,12358.29,,,,
Madhya Pradesh - 2026,13-Feb 7am,16073.89,,,,
Madhya Pradesh - 2026,13-Feb 8am,17127.45,,,,
Madhya Pradesh - 2026,13-Feb 9am,17942.55,,,,
Madhya Pradesh - 2026,13-Feb 10am,18332.18,,,,
Madhya Pradesh - 2026,13-Feb 11am,18940.68,,,,
Madhya Pradesh - 2026,13-Feb 12pm,17183.39,,,,
Madhya Pradesh - 2026,13-Feb 1pm,17809.34,,,,
Madhya Pradesh - 2026,13-Feb 2pm,17309.94,,,,
Madhya Pradesh - 2026,13-Feb 3pm,17188.54,,,,
Madhya Pradesh - 2026,13-Feb 4pm,11670.34,,,,
Madhya Pradesh - 2026,13-Feb 5pm,15521.97,,,,
Madhya Pradesh - 2026,13-Feb 6pm,14304.75,,,,
Madhya Pradesh - 2026,13-Feb 7pm,13568.51,,,,
Madhya Pradesh - 2026,13-Feb 8pm,12468.53,,,,
Madhya Pradesh - 2026,13-Feb 9pm,11425.99,,,,
Madhya Pradesh - 2026,13-Feb 10pm,11206.57,,,,
Madhya Pradesh - 2026,13-Feb 11pm,12428.97,,,,
Madhya Pradesh - 2026,14-Feb 12am,11890.11,,,,
Madhya Pradesh - 2026,14-Feb 1am,11911.3,,,,
Madhya Pradesh - 2026,14-Feb 2am,11699.45,,,,
Madhya Pradesh - 2026,14-Feb 3am,12313.25,,,,
Madhya Pradesh - 2026,14-Feb 4am,12348.84,,,,
Madhya Pradesh - 2026,14-Feb 5am,11794.28,,,,
Madhya Pradesh - 2026,14-Feb 6am,12278.5,,,,
Madhya Pradesh - 2026,14-Feb 7am,16077.67,,,,
Madhya Pradesh - 2026,14-Feb 8am,17504.09,,,,
Madhya Pradesh - 2026,14-Feb 9am,18050.48,,,,
Madhya Pradesh - 2026,14-Feb 10am,18355.17,,,,
Madhya Pradesh - 2026,14-Feb 11am,19087.35,,,,
Madhya Pradesh - 2026,14-Feb 12pm,17176.57,,,,
Madhya Pradesh - 2026,14-Feb 1pm,17922.8,,,,
Madhya Pradesh - 2026,14-Feb 2pm,17240.84,,,,
Madhya Pradesh - 2026,14-Feb 3pm,17321.85,,,,
Madhya Pradesh - 2026,14-Feb 4pm,16112.48,,,,
Madhya Pradesh - 2026,14-Feb 5pm,15842.54,,,,
Madhya Pradesh - 2026,14-Feb 6pm,14301,,,,
Madhya Pradesh - 2026,14-Feb 7pm,13619.06,,,,
Madhya Pradesh - 2026,14-Feb 8pm,12567.64,,,,
Madhya Pradesh - 2026,14-Feb 9pm,11567.84,,,,
Madhya Pradesh - 2026,14-Feb 10pm,11469.8,,,,
Madhya Pradesh - 2026,14-Feb 11pm,12690.16,,,,
Madhya Pradesh - 2026,15-Feb 12am,12072.04,,,,
Madhya Pradesh - 2026,15-Feb 1am,12046.89,,,,
Madhya Pradesh - 2026,15-Feb 2am,11846.48,,,,
Madhya Pradesh - 2026,15-Feb 3am,12519.35,,,,
Madhya Pradesh - 2026,15-Feb 4am,12623.44,,,,
Madhya Pradesh - 2026,15-Feb 5am,12211.87,,,,
Madhya Pradesh - 2026,15-Feb 6am,12636.7,,,,
Madhya Pradesh - 2026,15-Feb 7am,15972.41,,,,
Madhya Pradesh - 2026,15-Feb 8am,17610.29,,,,
Madhya Pradesh - 2026,15-Feb 9am,18081.13,,,,
Madhya Pradesh - 2026,15-Feb 10am,18487.03,,,,
Madhya Pradesh - 2026,15-Feb 11am,19000.32,,,,
Madhya Pradesh - 2026,15-Feb 12pm,17035.53,,,,
Madhya Pradesh - 2026,15-Feb 1pm,17871.39,,,,
Madhya Pradesh - 2026,15-Feb 2pm,17217.42,,,,
Madhya Pradesh - 2026,15-Feb 3pm,17114.48,,,,
Madhya Pradesh - 2026,15-Feb 4pm,15599.45,,,,
Madhya Pradesh - 2026,15-Feb 5pm,15400.01,,,,
Madhya Pradesh - 2026,15-Feb 6pm,13589.27,,,,
Madhya Pradesh - 2026,15-Feb 7pm,12882.97,,,,
Madhya Pradesh - 2026,15-Feb 8pm,11968.97,,,,
Madhya Pradesh - 2026,15-Feb 9pm,11177.24,,,,
Madhya Pradesh - 2026,15-Feb 10pm,11080.94,,,,
Madhya Pradesh - 2026,15-Feb 11pm,12307.17,,,,
Madhya Pradesh - 2026,16-Feb 12am,11476.81,,,,
Madhya Pradesh - 2026,16-Feb 1am,11525.07,,,,
Madhya Pradesh - 2026,16-Feb 2am,11303.66,,,,
Madhya Pradesh - 2026,16-Feb 3am,11937.31,,,,
Madhya Pradesh - 2026,16-Feb 4am,12014.47,,,,
Madhya Pradesh - 2026,16-Feb 5am,11583.2,,,,
Madhya Pradesh - 2026,16-Feb 6am,12057.28,,,,
Madhya Pradesh - 2026,16-Feb 7am,15863.66,,,,
Madhya Pradesh - 2026,16-Feb 8am,17508.13,,,,
Madhya Pradesh - 2026,16-Feb 9am,17742.2,,,,
Madhya Pradesh - 2026,16-Feb 10am,18122.8,,,,
Madhya Pradesh - 2026,16-Feb 11am,18575.78,,,,
Madhya Pradesh - 2026,16-Feb 12pm,16538.04,,,,
Madhya Pradesh - 2026,16-Feb 1pm,17377.51,,,,
Madhya Pradesh - 2026,16-Feb 2pm,16901.89,,,,
Madhya Pradesh - 2026,16-Feb 3pm,16924.5,,,,
Madhya Pradesh - 2026,16-Feb 4pm,15840.2,,,,
Madhya Pradesh - 2026,16-Feb 5pm,15687.22,,,,
Madhya Pradesh - 2026,16-Feb 6pm,14312.97,,,,
Madhya Pradesh - 2026,16-Feb 7pm,13598.79,,,,
Madhya Pradesh - 2026,16-Feb 8pm,12392.35,,,,
Madhya Pradesh - 2026,16-Feb 9pm,11425.92,,,,
Madhya Pradesh - 2026,16-Feb 10pm,11363.73,,,,
Madhya Pradesh - 2026,16-Feb 11pm,12657.82,,,,
Madhya Pradesh - 2026,17-Feb 12am,11827.96,,,,
Madhya Pradesh - 2026,17-Feb 1am,11881.81,,,,
Madhya Pradesh - 2026,17-Feb 2am,11713.63,,,,
Madhya Pradesh - 2026,17-Feb 3am,12275.11,,,,
Madhya Pradesh - 2026,17-Feb 4am,12263.83,,,,
Madhya Pradesh - 2026,17-Feb 5am,11930.58,,,,
Madhya Pradesh - 2026,17-Feb 6am,12406.78,,,,
Madhya Pradesh - 2026,17-Feb 7am,16143.45,,,,
Madhya Pradesh - 2026,17-Feb 8am,17528.26,,,,
Madhya Pradesh - 2026,17-Feb 9am,17845.54,,,,
Madhya Pradesh - 2026,17-Feb 10am,18245.27,,,,
Madhya Pradesh - 2026,17-Feb 11am,18637.1,,,,
Madhya Pradesh - 2026,17-Feb 12pm,16906.47,,,,
Madhya Pradesh - 2026,17-Feb 1pm,17328.79,,,,
Madhya Pradesh - 2026,17-Feb 2pm,16905.42,,,,
Madhya Pradesh - 2026,17-Feb 3pm,16962.38,,,,
Madhya Pradesh - 2026,17-Feb 4pm,15814.57,,,,
Madhya Pradesh - 2026,17-Feb 5pm,15661.21,,,,
Madhya Pradesh - 2026,17-Feb 6pm,14399.32,,,,
Madhya Pradesh - 2026,17-Feb 7pm,13719.77,,,,
Madhya Pradesh - 2026,17-Feb 8pm,12675.44,,,,
Madhya Pradesh - 2026,17-Feb 9pm,11550.38,,,,
Madhya Pradesh - 2026,17-Feb 10pm,11381.16,,,,
Madhya Pradesh - 2026,17-Feb 11pm,12599.69,,,,
Madhya Pradesh - 2026,18-Feb 12am,11880.8,,,,
Madhya Pradesh - 2026,18-Feb 1am,11663.44,,,,
Madhya Pradesh - 2026,18-Feb 2am,11509.81,,,,
Madhya Pradesh - 2026,18-Feb 3am,11975.4,,,,
Madhya Pradesh - 2026,18-Feb 4am,11964.5,,,,
Madhya Pradesh - 2026,18-Feb 5am,11514.13,,,,
Madhya Pradesh - 2026,18-Feb 6am,12053.13,,,,
Madhya Pradesh - 2026,18-Feb 7am,15642.83,,,,
Madhya Pradesh - 2026,18-Feb 8am,16963.44,,,,
Madhya Pradesh - 2026,18-Feb 9am,17164.56,,,,
Madhya Pradesh - 2026,18-Feb 10am,17593.75,,,,
Madhya Pradesh - 2026,18-Feb 11am,17973.5,,,,
Madhya Pradesh - 2026,18-Feb 12pm,16128.68,,,,
Madhya Pradesh - 2026,18-Feb 1pm,16757.25,,,,
Madhya Pradesh - 2026,18-Feb 2pm,16304.77,,,,
Madhya Pradesh - 2026,18-Feb 3pm,16398.27,,,,
Madhya Pradesh - 2026,18-Feb 4pm,15317.62,,,,
Madhya Pradesh - 2026,18-Feb 5pm,15221.06,,,,
Madhya Pradesh - 2026,18-Feb 6pm,13847.57,,,,
Madhya Pradesh - 2026,18-Feb 7pm,13412.41,,,,
Madhya Pradesh - 2026,18-Feb 8pm,12042.69,,,,
Madhya Pradesh - 2026,18-Feb 9pm,10742.74,,,,
Madhya Pradesh - 2026,18-Feb 10pm,10074.95,,,,
Madhya Pradesh - 2026,18-Feb 11pm,10854.59,,,,
Madhya Pradesh - 2026,19-Feb 12am,10066.39,,,,
Madhya Pradesh - 2026,19-Feb 1am,9551.7,,,,
Madhya Pradesh - 2026,19-Feb 2am,9573.89,,,,
Madhya Pradesh - 2026,19-Feb 3am,9849.36,,,,
Madhya Pradesh - 2026,19-Feb 4am,9975.04,,,,
Madhya Pradesh - 2026,19-Feb 5am,9590.08,,,,
Madhya Pradesh - 2026,19-Feb 6am,10146.94,,,,
Madhya Pradesh - 2026,19-Feb 7am,13449.87,,,,
Madhya Pradesh - 2026,19-Feb 8am,14950.65,,,,
Madhya Pradesh - 2026,19-Feb 9am,15579.47,,,,
Madhya Pradesh - 2026,19-Feb 10am,15809.01,,,,
Madhya Pradesh - 2026,19-Feb 11am,15965.04,,,,
Madhya Pradesh - 2026,19-Feb 12pm,13728.48,,,,
Madhya Pradesh - 2026,19-Feb 1pm,15054.86,,,,
Madhya Pradesh - 2026,19-Feb 2pm,14892.08,,,,
Madhya Pradesh - 2026,19-Feb 3pm,15154,,,,
Madhya Pradesh - 2026,19-Feb 4pm,14479.36,,,,
Madhya Pradesh - 2026,19-Feb 5pm,14546.33,,,,
Madhya Pradesh - 2026,19-Feb 6pm,13500.51,,,,
Madhya Pradesh - 2026,19-Feb 7pm,12921.31,,,,
Madhya Pradesh - 2026,19-Feb 8pm,11672.66,,,,
Madhya Pradesh - 2026,19-Feb 9pm,10596.17,,,,
Madhya Pradesh - 2026,19-Feb 10pm,10332.91,,,,
Madhya Pradesh - 2026,19-Feb 11pm,11080.79,,,,
Madhya Pradesh - 2026,20-Feb 12am,10567.5,,,,
Madhya Pradesh - 2026,20-Feb 1am,10355.61,,,,
Madhya Pradesh - 2026,20-Feb 2am,10079.25,,,,
Madhya Pradesh - 2026,20-Feb 3am,10476.34,,,,
Madhya Pradesh - 2026,20-Feb 4am,10716.08,,,,
Madhya Pradesh - 2026,20-Feb 5am,10543.29,,,,
Madhya Pradesh - 2026,20-Feb 6am,10805.79,,,,
Madhya Pradesh - 2026,20-Feb 7am,13648.04,,,,
Madhya Pradesh - 2026,20-Feb 8am,15019.95,,,,
Madhya Pradesh - 2026,20-Feb 9am,15499.93,,,,
Madhya Pradesh - 2026,20-Feb 10am,15884.97,,,,
Madhya Pradesh - 2026,20-Feb 11am,15999.83,,,,
Madhya Pradesh - 2026,20-Feb 12pm,14534.75,,,,
Madhya Pradesh - 2026,20-Feb 1pm,14776.76,,,,
Madhya Pradesh - 2026,20-Feb 2pm,14346.32,,,,
Madhya Pradesh - 2026,20-Feb 3pm,14098.98,,,,
Madhya Pradesh - 2026,20-Feb 4pm,13329.9,,,,
Madhya Pradesh - 2026,20-Feb 5pm,13541.05,,,,
Madhya Pradesh - 2026,20-Feb 6pm,12841.9,,,,
Madhya Pradesh - 2026,20-Feb 7pm,12584.01,,,,
Madhya Pradesh - 2026,20-Feb 8pm,11543.14,,,,
Madhya Pradesh - 2026,20-Feb 9pm,10612.37,,,,
Madhya Pradesh - 2026,20-Feb 10pm,9695.92,,,,
Madhya Pradesh - 2026,20-Feb 11pm,10244.29,,,,
Madhya Pradesh - 2026,21-Feb 12am,9772.94,,,,
Madhya Pradesh - 2026,21-Feb 1am,9737.85,,,,
Madhya Pradesh - 2026,21-Feb 2am,9553.53,,,,
Madhya Pradesh - 2026,21-Feb 3am,10060.84,,,,
Madhya Pradesh - 2026,21-Feb 4am,10185.61,,,,
Madhya Pradesh - 2026,21-Feb 5am,10082.69,,,,
Madhya Pradesh - 2026,21-Feb 6am,10452.04,,,,
Madhya Pradesh - 2026,21-Feb 7am,13454.06,,,,
Madhya Pradesh - 2026,21-Feb 8am,14735.5,,,,
Madhya Pradesh - 2026,21-Feb 9am,15161.2,,,,
Madhya Pradesh - 2026,21-Feb 10am,15599.18,,,,
Madhya Pradesh - 2026,21-Feb 11am,15934.18,,,,
Madhya Pradesh - 2026,21-Feb 12pm,14317.49,,,,
Madhya Pradesh - 2026,21-Feb 1pm,14867.63,,,,
Madhya Pradesh - 2026,21-Feb 2pm,14287.36,,,,
Madhya Pradesh - 2026,21-Feb 3pm,14386.79,,,,
Madhya Pradesh - 2026,21-Feb 4pm,13742.59,,,,
Madhya Pradesh - 2026,21-Feb 5pm,13924.28,,,,
Madhya Pradesh - 2026,21-Feb 6pm,13302.21,,,,
Madhya Pradesh - 2026,21-Feb 7pm,13137.55,,,,
Madhya Pradesh - 2026,21-Feb 8pm,11843.17,,,,
Madhya Pradesh - 2026,21-Feb 9pm,10825.63,,,,
Madhya Pradesh - 2026,21-Feb 10pm,10428.85,,,,
Madhya Pradesh - 2026,21-Feb 11pm,11283.54,,,,
Madhya Pradesh - 2026,22-Feb 12am,10798.49,,,,
Madhya Pradesh - 2026,22-Feb 1am,10662.39,,,,
Madhya Pradesh - 2026,22-Feb 2am,10488.27,,,,
Madhya Pradesh - 2026,22-Feb 3am,10975.96,,,,
Madhya Pradesh - 2026,22-Feb 4am,11093.99,,,,
Madhya Pradesh - 2026,22-Feb 5am,10845.87,,,,
Madhya Pradesh - 2026,22-Feb 6am,11067.06,,,,
Madhya Pradesh - 2026,22-Feb 7am,14145.97,,,,
Madhya Pradesh - 2026,22-Feb 8am,15689.52,,,,
Madhya Pradesh - 2026,22-Feb 9am,15801.76,,,,
Madhya Pradesh - 2026,22-Feb 10am,16395.03,,,,
Madhya Pradesh - 2026,22-Feb 11am,16501.92,,,,
Madhya Pradesh - 2026,22-Feb 12pm,14544.46,,,,
Madhya Pradesh - 2026,22-Feb 1pm,14814.9,,,,
Madhya Pradesh - 2026,22-Feb 2pm,14206.88,,,,
Madhya Pradesh - 2026,22-Feb 3pm,14190.44,,,,
Madhya Pradesh - 2026,22-Feb 4pm,13462.75,,,,
Madhya Pradesh - 2026,22-Feb 5pm,13628.88,,,,
Madhya Pradesh - 2026,22-Feb 6pm,12830.28,,,,
Madhya Pradesh - 2026,22-Feb 7pm,12752.17,,,,
Madhya Pradesh - 2026,22-Feb 8pm,11779.79,,,,
Madhya Pradesh - 2026,22-Feb 9pm,10810.34,,,,
Madhya Pradesh - 2026,22-Feb 10pm,10536.26,,,,
Madhya Pradesh - 2026,22-Feb 11pm,11327.04,,,,
Madhya Pradesh - 2026,23-Feb 12am,10318.5,,,,
Madhya Pradesh - 2026,23-Feb 1am,10913.38,,,,
Madhya Pradesh - 2026,23-Feb 2am,10678.91,,,,
Madhya Pradesh - 2026,23-Feb 3am,11172.58,,,,
Madhya Pradesh - 2026,23-Feb 4am,11330.67,,,,
Madhya Pradesh - 2026,23-Feb 5am,11138.86,,,,
Madhya Pradesh - 2026,23-Feb 6am,11553.28,,,,
Madhya Pradesh - 2026,23-Feb 7am,14909.96,,,,
Madhya Pradesh - 2026,23-Feb 8am,16257.44,,,,
Madhya Pradesh - 2026,23-Feb 9am,16272.63,,,,
Madhya Pradesh - 2026,23-Feb 10am,16678.34,,,,
Madhya Pradesh - 2026,23-Feb 11am,17022.94,,,,
Madhya Pradesh - 2026,23-Feb 12pm,15019.66,,,,
Madhya Pradesh - 2026,23-Feb 1pm,15466.72,,,,
Madhya Pradesh - 2026,23-Feb 2pm,14915.26,,,,
Madhya Pradesh - 2026,23-Feb 3pm,14866.63,,,,
Madhya Pradesh - 2026,23-Feb 4pm,13854.76,,,,
Madhya Pradesh - 2026,23-Feb 5pm,13924.89,,,,
Madhya Pradesh - 2026,23-Feb 6pm,12742.49,,,,
Madhya Pradesh - 2026,23-Feb 7pm,12628.91,,,,
Madhya Pradesh - 2026,23-Feb 8pm,11740.24,,,,
Madhya Pradesh - 2026,23-Feb 9pm,10643.11,,,,
Madhya Pradesh - 2026,23-Feb 10pm,10472.26,,,,
Madhya Pradesh - 2026,23-Feb 11pm,11305.36,,,,
Madhya Pradesh - 2026,24-Feb 12am,10916.79,,,,
Madhya Pradesh - 2026,24-Feb 1am,10842,,,,
Madhya Pradesh - 2026,24-Feb 2am,10569.14,,,,
Madhya Pradesh - 2026,24-Feb 3am,11043.71,,,,
Madhya Pradesh - 2026,24-Feb 4am,11133.3,,,,
Madhya Pradesh - 2026,24-Feb 5am,11031.82,,,,
Madhya Pradesh - 2026,24-Feb 6am,11406.74,,,,
Madhya Pradesh - 2026,24-Feb 7am,14787.23,,,,
Madhya Pradesh - 2026,24-Feb 8am,15970.02,,,,
Madhya Pradesh - 2026,24-Feb 9am,15984.79,,,,
Madhya Pradesh - 2026,24-Feb 10am,16281.23,,,,
Madhya Pradesh - 2026,24-Feb 11am,16634.8,,,,
Madhya Pradesh - 2026,24-Feb 12pm,14921.32,,,,
Madhya Pradesh - 2026,24-Feb 1pm,15419.42,,,,
Madhya Pradesh - 2026,24-Feb 2pm,14654.54,,,,
Madhya Pradesh - 2026,24-Feb 3pm,14871.2,,,,
Madhya Pradesh - 2026,24-Feb 4pm,14183.76,,,,
Madhya Pradesh - 2026,24-Feb 5pm,14332.36,,,,
Madhya Pradesh - 2026,24-Feb 6pm,13190.17,,,,
Madhya Pradesh - 2026,24-Feb 7pm,12988.08,,,,
Madhya Pradesh - 2026,24-Feb 8pm,11849.77,,,,
Madhya Pradesh - 2026,24-Feb 9pm,10667.76,,,,
Madhya Pradesh - 2026,24-Feb 10pm,10415.79,,,,
Madhya Pradesh - 2026,24-Feb 11pm,11484.65,,,,
Madhya Pradesh - 2026,25-Feb 12am,11151.14,,,,
Madhya Pradesh - 2026,25-Feb 1am,10923.45,,,,
Madhya Pradesh - 2026,25-Feb 2am,10708.95,,,,
Madhya Pradesh - 2026,25-Feb 3am,11243.88,,,,
Madhya Pradesh - 2026,25-Feb 4am,11386.5,,,,
Madhya Pradesh - 2026,25-Feb 5am,11135.57,,,,
Madhya Pradesh - 2026,25-Feb 6am,11596.73,,,,
Madhya Pradesh - 2026,25-Feb 7am,15102.66,,,,
Madhya Pradesh - 2026,25-Feb 8am,16220.13,,,,
Madhya Pradesh - 2026,25-Feb 9am,16242.82,,,,
Madhya Pradesh - 2026,25-Feb 10am,16397.33,,,,
Madhya Pradesh - 2026,25-Feb 11am,16718.11,,,,
Madhya Pradesh - 2026,25-Feb 12pm,14919.15,,,,
Madhya Pradesh - 2026,25-Feb 1pm,15598.39,,,,
Madhya Pradesh - 2026,25-Feb 2pm,15128.23,,,,
Madhya Pradesh - 2026,25-Feb 3pm,15280.07,,,,
Madhya Pradesh - 2026,25-Feb 4pm,14460.58,,,,
Madhya Pradesh - 2026,25-Feb 5pm,14293.21,,,,
Madhya Pradesh - 2026,25-Feb 6pm,13335.77,,,,
Madhya Pradesh - 2026,25-Feb 7pm,13007.02,,,,
Madhya Pradesh - 2026,25-Feb 8pm,12040.02,,,,
Madhya Pradesh - 2026,25-Feb 9pm,10968.38,,,,
Madhya Pradesh - 2026,25-Feb 10pm,10640.93,,,,
Madhya Pradesh - 2026,25-Feb 11pm,11575.26,,,,
Madhya Pradesh - 2026,26-Feb 12am,11239.51,,,,
Madhya Pradesh - 2026,26-Feb 1am,11120.72,,,,
Madhya Pradesh - 2026,26-Feb 2am,10939.24,,,,
Madhya Pradesh - 2026,26-Feb 3am,11362.9,,,,
Madhya Pradesh - 2026,26-Feb 4am,11567.91,,,,
Madhya Pradesh - 2026,26-Feb 5am,11228.2,,,,
Madhya Pradesh - 2026,26-Feb 6am,11738.88,,,,
Madhya Pradesh - 2026,26-Feb 7am,15022.25,,,,
Madhya Pradesh - 2026,26-Feb 8am,15957.54,,,,
Madhya Pradesh - 2026,26-Feb 9am,16309.54,,,,
Madhya Pradesh - 2026,26-Feb 10am,16482.76,,,,
Madhya Pradesh - 2026,26-Feb 11am,16833.64,,,,
Madhya Pradesh - 2026,26-Feb 12pm,15156.25,,,,
Madhya Pradesh - 2026,26-Feb 1pm,15524.98,,,,
Madhya Pradesh - 2026,26-Feb 2pm,15176.76,,,,
Madhya Pradesh - 2026,26-Feb 3pm,15229.69,,,,
Madhya Pradesh - 2026,26-Feb 4pm,14435.85,,,,
Madhya Pradesh - 2026,26-Feb 5pm,14439.87,,,,
Madhya Pradesh - 2026,26-Feb 6pm,13540.06,,,,
Madhya Pradesh - 2026,26-Feb 7pm,13158.84,,,,
Madhya Pradesh - 2026,26-Feb 8pm,12335.62,,,,
Madhya Pradesh - 2026,26-Feb 9pm,11208.39,,,,
Madhya Pradesh - 2026,26-Feb 10pm,11015.14,,,,
Madhya Pradesh - 2026,26-Feb 11pm,11903.46,,,,
Madhya Pradesh - 2026,27-Feb 12am,11495.7,,,,
Madhya Pradesh - 2026,27-Feb 1am,11264.94,,,,
Madhya Pradesh - 2026,27-Feb 2am,11109,,,,
Madhya Pradesh - 2026,27-Feb 3am,11562.84,,,,
Madhya Pradesh - 2026,27-Feb 4am,11841.25,,,,
Madhya Pradesh - 2026,27-Feb 5am,9239.59,,,,
Madhya Pradesh - 2026,27-Feb 6am,12244.18,,,,
Madhya Pradesh - 2026,27-Feb 7am,15262.76,,,,
Madhya Pradesh - 2026,27-Feb 8am,16479.1,,,,
Madhya Pradesh - 2026,27-Feb 9am,16555.82,,,,
Madhya Pradesh - 2026,27-Feb 10am,16783.29,,,,
Madhya Pradesh - 2026,27-Feb 11am,17219.07,,,,
Madhya Pradesh - 2026,27-Feb 12pm,15557.45,,,,
Madhya Pradesh - 2026,27-Feb 1pm,16052.85,,,,
Madhya Pradesh - 2026,27-Feb 2pm,15434.99,,,,
Madhya Pradesh - 2026,27-Feb 3pm,15526.96,,,,
Madhya Pradesh - 2026,27-Feb 4pm,14360.4,,,,
Madhya Pradesh - 2026,27-Feb 5pm,14380.35,,,,
Madhya Pradesh - 2026,27-Feb 6pm,13623.91,,,,
Madhya Pradesh - 2026,27-Feb 7pm,13315.81,,,,
Madhya Pradesh - 2026,27-Feb 8pm,11793.52,,,,
Madhya Pradesh - 2026,27-Feb 9pm,11217.58,,,,
Madhya Pradesh - 2026,27-Feb 10pm,11063.1,,,,
Madhya Pradesh - 2026,27-Feb 11pm,12059.92,,,,
Madhya Pradesh - 2026,28-Feb 12am,11627.65,,,,
Madhya Pradesh - 2026,28-Feb 1am,11588.47,,,,
Madhya Pradesh - 2026,28-Feb 2am,11298.26,,,,
Madhya Pradesh - 2026,28-Feb 3am,11700.15,,,,
Madhya Pradesh - 2026,28-Feb 4am,11841.3,,,,
Madhya Pradesh - 2026,28-Feb 5am,11647.08,,,,
Madhya Pradesh - 2026,28-Feb 6am,11978.39,,,,
Madhya Pradesh - 2026,28-Feb 7am,15168.27,,,,
Madhya Pradesh - 2026,28-Feb 8am,16324.33,,,,
Madhya Pradesh - 2026,28-Feb 9am,16221.69,,,,
Madhya Pradesh - 2026,28-Feb 10am,16291.95,,,,
Madhya Pradesh - 2026,28-Feb 11am,16682.41,,,,
Madhya Pradesh - 2026,28-Feb 12pm,15035.94,,,,
Madhya Pradesh - 2026,28-Feb 1pm,15466.61,,,,
Madhya Pradesh - 2026,28-Feb 2pm,15073.71,,,,
Madhya Pradesh - 2026,28-Feb 3pm,15242.08,,,,
Madhya Pradesh - 2026,28-Feb 4pm,14321.81,,,,
Madhya Pradesh - 2026,28-Feb 5pm,14453.86,,,,
Madhya Pradesh - 2026,28-Feb 6pm,13300.25,,,,
Madhya Pradesh - 2026,28-Feb 7pm,13031.74,,,,
Madhya Pradesh - 2026,28-Feb 8pm,12207.16,,,,
Madhya Pradesh - 2026,28-Feb 9pm,11303.42,,,,
Madhya Pradesh - 2026,28-Feb 10pm,11175.95,,,,
Madhya Pradesh - 2026,28-Feb 11pm,12109.53,,,,
Madhya Pradesh - 2026,01-Mar 12am,10764.74,,,,
Madhya Pradesh - 2026,01-Mar 1am,11041.99,,,,
Madhya Pradesh - 2026,01-Mar 2am,10820.58,,,,
Madhya Pradesh - 2026,01-Mar 3am,11224.57,,,,
Madhya Pradesh - 2026,01-Mar 4am,11285.82,,,,
Madhya Pradesh - 2026,01-Mar 5am,11163.69,,,,
Madhya Pradesh - 2026,01-Mar 6am,12033.69,,,,
Madhya Pradesh - 2026,01-Mar 7am,15608.62,,,,
Madhya Pradesh - 2026,01-Mar 8am,17300.19,,,,
Madhya Pradesh - 2026,01-Mar 9am,18290.61,,,,
Madhya Pradesh - 2026,01-Mar 10am,18957.46,,,,
Madhya Pradesh - 2026,01-Mar 11am,19431.61,,,,
Madhya Pradesh - 2026,01-Mar 12pm,17721.62,,,,
Madhya Pradesh - 2026,01-Mar 1pm,18155.02,,,,
Madhya Pradesh - 2026,01-Mar 2pm,17554.14,,,,
Madhya Pradesh - 2026,01-Mar 3pm,17491.52,,,,
Madhya Pradesh - 2026,01-Mar 4pm,16247.29,,,,
Madhya Pradesh - 2026,01-Mar 5pm,16197.42,,,,
Madhya Pradesh - 2026,01-Mar 6pm,14696.87,,,,
Madhya Pradesh - 2026,01-Mar 7pm,13430.99,,,,
Madhya Pradesh - 2026,01-Mar 8pm,12063,,,,
Madhya Pradesh - 2026,01-Mar 9pm,10749.52,,,,
Madhya Pradesh - 2026,01-Mar 10pm,10286.66,,,,
Madhya Pradesh - 2026,01-Mar 11pm,10998.17,,,,
Madhya Pradesh - 2026,02-Mar 12am,10508.54,,,,
Madhya Pradesh - 2026,02-Mar 1am,10585.44,,,,
Madhya Pradesh - 2026,02-Mar 2am,10296.6,,,,
Madhya Pradesh - 2026,02-Mar 3am,10856.92,,,,
Madhya Pradesh - 2026,02-Mar 4am,10925.12,,,,
Madhya Pradesh - 2026,02-Mar 5am,10565.36,,,,
Madhya Pradesh - 2026,02-Mar 6am,11260.36,,,,
Madhya Pradesh - 2026,02-Mar 7am,14597.56,,,,
Madhya Pradesh - 2026,02-Mar 8am,16716.77,,,,
Madhya Pradesh - 2026,02-Mar 9am,17985.2,,,,
Madhya Pradesh - 2026,02-Mar 10am,18669.74,,,,
Madhya Pradesh - 2026,02-Mar 11am,19302.8,,,,
Madhya Pradesh - 2026,02-Mar 12pm,17750.38,,,,
Madhya Pradesh - 2026,02-Mar 1pm,18384.53,,,,
Madhya Pradesh - 2026,02-Mar 2pm,17396.96,,,,
Madhya Pradesh - 2026,02-Mar 3pm,17453.2,,,,
Madhya Pradesh - 2026,02-Mar 4pm,16606.69,,,,
Madhya Pradesh - 2026,02-Mar 5pm,16387.14,,,,
Madhya Pradesh - 2026,02-Mar 6pm,15538.06,,,,
Madhya Pradesh - 2026,02-Mar 7pm,14267.32,,,,
Madhya Pradesh - 2026,02-Mar 8pm,12601.17,,,,
Madhya Pradesh - 2026,02-Mar 9pm,11358.09,,,,
Madhya Pradesh - 2026,02-Mar 10pm,10631.55,,,,
Madhya Pradesh - 2026,02-Mar 11pm,11225.23,,,,
Madhya Pradesh - 2026,03-Mar 12am,10390.09,,,,
Madhya Pradesh - 2026,03-Mar 1am,10586.32,,,,
Madhya Pradesh - 2026,03-Mar 2am,10345.3,,,,
Madhya Pradesh - 2026,03-Mar 3am,10703.67,,,,
Madhya Pradesh - 2026,03-Mar 4am,10666.64,,,,
Madhya Pradesh - 2026,03-Mar 5am,10487.32,,,,
Madhya Pradesh - 2026,03-Mar 6am,11234.98,,,,
Madhya Pradesh - 2026,03-Mar 7am,14362.07,,,,
Madhya Pradesh - 2026,03-Mar 8am,16539.55,,,,
Madhya Pradesh - 2026,03-Mar 9am,17843.77,,,,
Madhya Pradesh - 2026,03-Mar 10am,18678.68,,,,
Madhya Pradesh - 2026,03-Mar 11am,19279.08,,,,
Madhya Pradesh - 2026,03-Mar 12pm,17622.59,,,,
Madhya Pradesh - 2026,03-Mar 1pm,18033.98,,,,
Madhya Pradesh - 2026,03-Mar 2pm,17329.58,,,,
Madhya Pradesh - 2026,03-Mar 3pm,17476.95,,,,
Madhya Pradesh - 2026,03-Mar 4pm,16650.42,,,,
Madhya Pradesh - 2026,03-Mar 5pm,16605.65,,,,
Madhya Pradesh - 2026,03-Mar 6pm,15692.44,,,,
Madhya Pradesh - 2026,03-Mar 7pm,14358.96,,,,
Madhya Pradesh - 2026,03-Mar 8pm,12863.04,,,,
Madhya Pradesh - 2026,03-Mar 9pm,11480.54,,,,
Madhya Pradesh - 2026,03-Mar 10pm,10617.13,,,,
Madhya Pradesh - 2026,03-Mar 11pm,10975.72,,,,
Madhya Pradesh - 2026,04-Mar 12am,10326,,,,
Madhya Pradesh - 2026,04-Mar 1am,10316.37,,,,
Madhya Pradesh - 2026,04-Mar 2am,9931.37,,,,
Madhya Pradesh - 2026,04-Mar 3am,10194.8,,,,
Madhya Pradesh - 2026,04-Mar 4am,9984.79,,,,
Madhya Pradesh - 2026,04-Mar 5am,9828.18,,,,
Madhya Pradesh - 2026,04-Mar 6am,10489.08,,,,
Madhya Pradesh - 2026,04-Mar 7am,13166.33,,,,
Madhya Pradesh - 2026,04-Mar 8am,14982.99,,,,
Madhya Pradesh - 2026,04-Mar 9am,16145.41,,,,
Madhya Pradesh - 2026,04-Mar 10am,16835.93,,,,
Madhya Pradesh - 2026,04-Mar 11am,17803.92,,,,
Madhya Pradesh - 2026,04-Mar 12pm,16897.15,,,,
Madhya Pradesh - 2026,04-Mar 1pm,17520.09,,,,
Madhya Pradesh - 2026,04-Mar 2pm,16954.9,,,,
Madhya Pradesh - 2026,04-Mar 3pm,17203.62,,,,
Madhya Pradesh - 2026,04-Mar 4pm,16243.38,,,,
Madhya Pradesh - 2026,04-Mar 5pm,16352.79,,,,
Madhya Pradesh - 2026,04-Mar 6pm,15289.8,,,,
Madhya Pradesh - 2026,04-Mar 7pm,14082.57,,,,
Madhya Pradesh - 2026,04-Mar 8pm,12767.9,,,,
Madhya Pradesh - 2026,04-Mar 9pm,11257.92,,,,
Madhya Pradesh - 2026,04-Mar 10pm,10419.44,,,,
Madhya Pradesh - 2026,04-Mar 11pm,10652.74,,,,
Madhya Pradesh - 2026,05-Mar 12am,9876.25,,,,
Madhya Pradesh - 2026,05-Mar 1am,9917.72,,,,
Madhya Pradesh - 2026,05-Mar 2am,9557.64,,,,
Madhya Pradesh - 2026,05-Mar 3am,9667.41,,,,
Madhya Pradesh - 2026,05-Mar 4am,9543.81,,,,
Madhya Pradesh - 2026,05-Mar 5am,9431.14,,,,
Madhya Pradesh - 2026,05-Mar 6am,10178.13,,,,
Madhya Pradesh - 2026,05-Mar 7am,13228.32,,,,
Madhya Pradesh - 2026,05-Mar 8am,15388.2,,,,
Madhya Pradesh - 2026,05-Mar 9am,16551.28,,,,
Madhya Pradesh - 2026,05-Mar 10am,17414,,,,
Madhya Pradesh - 2026,05-Mar 11am,18311.38,,,,
Madhya Pradesh - 2026,05-Mar 12pm,17234.72,,,,
Madhya Pradesh - 2026,05-Mar 1pm,17714.15,,,,
Madhya Pradesh - 2026,05-Mar 2pm,17368.46,,,,
Madhya Pradesh - 2026,05-Mar 3pm,17403.98,,,,
Madhya Pradesh - 2026,05-Mar 4pm,16581.41,,,,
Madhya Pradesh - 2026,05-Mar 5pm,16664.41,,,,
Madhya Pradesh - 2026,05-Mar 6pm,15780.29,,,,
Madhya Pradesh - 2026,05-Mar 7pm,14921.95,,,,
Madhya Pradesh - 2026,05-Mar 8pm,13428.44,,,,
Madhya Pradesh - 2026,05-Mar 9pm,12006.66,,,,
Madhya Pradesh - 2026,05-Mar 10pm,11069.34,,,,
Madhya Pradesh - 2026,05-Mar 11pm,11309.4,,,,
Madhya Pradesh - 2026,06-Mar 12am,10642.19,,,,
Madhya Pradesh - 2026,06-Mar 1am,10470.98,,,,
Madhya Pradesh - 2026,06-Mar 2am,10241.27,,,,
Madhya Pradesh - 2026,06-Mar 3am,10461.78,,,,
Madhya Pradesh - 2026,06-Mar 4am,10237.61,,,,
Madhya Pradesh - 2026,06-Mar 5am,10088.34,,,,
Madhya Pradesh - 2026,06-Mar 6am,10837.96,,,,
Madhya Pradesh - 2026,06-Mar 7am,13871.95,,,,
Madhya Pradesh - 2026,06-Mar 8am,16284.83,,,,
Madhya Pradesh - 2026,06-Mar 9am,17390.54,,,,
Madhya Pradesh - 2026,06-Mar 10am,18030.44,,,,
Madhya Pradesh - 2026,06-Mar 11am,18793.33,,,,
Madhya Pradesh - 2026,06-Mar 12pm,17532.21,,,,
Madhya Pradesh - 2026,06-Mar 1pm,18277.4,,,,
Madhya Pradesh - 2026,06-Mar 2pm,17660.3,,,,
Madhya Pradesh - 2026,06-Mar 3pm,17664.59,,,,
Madhya Pradesh - 2026,06-Mar 4pm,16675.19,,,,
Madhya Pradesh - 2026,06-Mar 5pm,16839.89,,,,
Madhya Pradesh - 2026,06-Mar 6pm,16037.96,,,,
Madhya Pradesh - 2026,06-Mar 7pm,14884.62,,,,
Madhya Pradesh - 2026,06-Mar 8pm,13374.83,,,,
Madhya Pradesh - 2026,06-Mar 9pm,12303.7,,,,
Madhya Pradesh - 2026,06-Mar 10pm,11349.08,,,,
Madhya Pradesh - 2026,06-Mar 11pm,11631.67,,,,
Madhya Pradesh - 2026,07-Mar 12am,10863.73,,,,
Madhya Pradesh - 2026,07-Mar 1am,10692.12,,,,
Madhya Pradesh - 2026,07-Mar 2am,10593.25,,,,
Madhya Pradesh - 2026,07-Mar 3am,10922.24,,,,
Madhya Pradesh - 2026,07-Mar 4am,10984.8,,,,
Madhya Pradesh - 2026,07-Mar 5am,10577.39,,,,
Madhya Pradesh - 2026,07-Mar 6am,10634.41,,,,
Madhya Pradesh - 2026,07-Mar 7am,13881.2,,,,
Madhya Pradesh - 2026,07-Mar 8am,17073.86,,,,
Madhya Pradesh - 2026,07-Mar 9am,18224.65,,,,
Madhya Pradesh - 2026,07-Mar 10am,18789.79,,,,
Madhya Pradesh - 2026,07-Mar 11am,19429.84,,,,
Madhya Pradesh - 2026,07-Mar 12pm,18017.36,,,,
Madhya Pradesh - 2026,07-Mar 1pm,18542.48,,,,
Madhya Pradesh - 2026,07-Mar 2pm,17955.24,,,,
Madhya Pradesh - 2026,07-Mar 3pm,17831.79,,,,
Madhya Pradesh - 2026,07-Mar 4pm,16789.08,,,,
Madhya Pradesh - 2026,07-Mar 5pm,16864.12,,,,
Madhya Pradesh - 2026,07-Mar 6pm,15878.99,,,,
Madhya Pradesh - 2026,07-Mar 7pm,14823.39,,,,
Madhya Pradesh - 2026,07-Mar 8pm,13483.36,,,,
Madhya Pradesh - 2026,07-Mar 9pm,12415.5,,,,
Madhya Pradesh - 2026,07-Mar 10pm,11194.35,,,,
Madhya Pradesh - 2026,07-Mar 11pm,11524.69,,,,
Madhya Pradesh - 2026,08-Mar 12am,11075.08,,,,
Madhya Pradesh - 2026,08-Mar 1am,10958.5,,,,
Madhya Pradesh - 2026,08-Mar 2am,10687.58,,,,
Madhya Pradesh - 2026,08-Mar 3am,11070.8,,,,
Madhya Pradesh - 2026,08-Mar 4am,10978.04,,,,
Madhya Pradesh - 2026,08-Mar 5am,10460.7,,,,
Madhya Pradesh - 2026,08-Mar 6am,10270.97,,,,
Madhya Pradesh - 2026,08-Mar 7am,13570.09,,,,
Madhya Pradesh - 2026,08-Mar 8am,16321.23,,,,
Madhya Pradesh - 2026,08-Mar 9am,17246.71,,,,
Madhya Pradesh - 2026,08-Mar 10am,18408.26,,,,
Madhya Pradesh - 2026,08-Mar 11am,19478.02,,,,
Madhya Pradesh - 2026,08-Mar 12pm,17655.16,,,,
Madhya Pradesh - 2026,08-Mar 1pm,18386.38,,,,
Madhya Pradesh - 2026,08-Mar 2pm,17598.51,,,,
Madhya Pradesh - 2026,08-Mar 3pm,17728.03,,,,
Madhya Pradesh - 2026,08-Mar 4pm,16834.98,,,,
Madhya Pradesh - 2026,08-Mar 5pm,16851.15,,,,
Madhya Pradesh - 2026,08-Mar 6pm,15856.43,,,,
Madhya Pradesh - 2026,08-Mar 7pm,14793.05,,,,
Madhya Pradesh - 2026,08-Mar 8pm,13312.13,,,,
Madhya Pradesh - 2026,08-Mar 9pm,11840.16,,,,
Madhya Pradesh - 2026,08-Mar 10pm,11125.31,,,,
Madhya Pradesh - 2026,08-Mar 11pm,11468.07,,,,
Madhya Pradesh - 2026,09-Mar 12am,10923.48,,,,
Madhya Pradesh - 2026,09-Mar 1am,10849.76,,,,
Madhya Pradesh - 2026,09-Mar 2am,10629.77,,,,
Madhya Pradesh - 2026,09-Mar 3am,10968.82,,,,
Madhya Pradesh - 2026,09-Mar 4am,10910.99,,,,
Madhya Pradesh - 2026,09-Mar 5am,10555.71,,,,
Madhya Pradesh - 2026,09-Mar 6am,11315.55,,,,
Madhya Pradesh - 2026,09-Mar 7am,15046.18,,,,
Madhya Pradesh - 2026,09-Mar 8am,17381.86,,,,
Madhya Pradesh - 2026,09-Mar 9am,18375.78,,,,
Madhya Pradesh - 2026,09-Mar 10am,18853.65,,,,
Madhya Pradesh - 2026,09-Mar 11am,19402.41,,,,
Madhya Pradesh - 2026,09-Mar 12pm,17864.39,,,,
Madhya Pradesh - 2026,09-Mar 1pm,18336.21,,,,
Madhya Pradesh - 2026,09-Mar 2pm,17691.68,,,,
Madhya Pradesh - 2026,09-Mar 3pm,17599.17,,,,
Madhya Pradesh - 2026,09-Mar 4pm,16603.11,,,,
Madhya Pradesh - 2026,09-Mar 5pm,16774.38,,,,
Madhya Pradesh - 2026,09-Mar 6pm,15564.2,,,,
Madhya Pradesh - 2026,09-Mar 7pm,14736.5,,,,
Madhya Pradesh - 2026,09-Mar 8pm,13279.35,,,,
Madhya Pradesh - 2026,09-Mar 9pm,11993.34,,,,
Madhya Pradesh - 2026,09-Mar 10pm,11172.67,,,,
Madhya Pradesh - 2026,09-Mar 11pm,11563.85,,,,
Madhya Pradesh - 2026,10-Mar 12am,10954.96,,,,
Madhya Pradesh - 2026,10-Mar 1am,10899.81,,,,
Madhya Pradesh - 2026,10-Mar 2am,10780.62,,,,
Madhya Pradesh - 2026,10-Mar 3am,11090.64,,,,
Madhya Pradesh - 2026,10-Mar 4am,11092.72,,,,
Madhya Pradesh - 2026,10-Mar 5am,10900.51,,,,
Madhya Pradesh - 2026,10-Mar 6am,11704.72,,,,
Madhya Pradesh - 2026,10-Mar 7am,15224.09,,,,
Madhya Pradesh - 2026,10-Mar 8am,17245.63,,,,
Madhya Pradesh - 2026,10-Mar 9am,18262.38,,,,
Madhya Pradesh - 2026,10-Mar 10am,18641.52,,,,
Madhya Pradesh - 2026,10-Mar 11am,19457.41,,,,
Madhya Pradesh - 2026,10-Mar 12pm,17596.08,,,,
Madhya Pradesh - 2026,10-Mar 1pm,18092.19,,,,
Madhya Pradesh - 2026,10-Mar 2pm,17436.17,,,,
Madhya Pradesh - 2026,10-Mar 3pm,17525.6,,,,
Madhya Pradesh - 2026,10-Mar 4pm,16462.95,,,,
Madhya Pradesh - 2026,10-Mar 5pm,16563.46,,,,
Madhya Pradesh - 2026,10-Mar 6pm,15775.23,,,,
Madhya Pradesh - 2026,10-Mar 7pm,14978.41,,,,
Madhya Pradesh - 2026,10-Mar 8pm,13447.27,,,,
Madhya Pradesh - 2026,10-Mar 9pm,12003.51,,,,
Madhya Pradesh - 2026,10-Mar 10pm,11346.39,,,,
Madhya Pradesh - 2026,10-Mar 11pm,11697.86,,,,
Madhya Pradesh - 2026,11-Mar 12am,11255.22,,,,
Madhya Pradesh - 2026,11-Mar 1am,11123.78,,,,
Madhya Pradesh - 2026,11-Mar 2am,10865.93,,,,
Madhya Pradesh - 2026,11-Mar 3am,11259.87,,,,
Madhya Pradesh - 2026,11-Mar 4am,11225.73,,,,
Madhya Pradesh - 2026,11-Mar 5am,11026.1,,,,
Madhya Pradesh - 2026,11-Mar 6am,11647.28,,,,
Madhya Pradesh - 2026,11-Mar 7am,15023.28,,,,
Madhya Pradesh - 2026,11-Mar 8am,17161.45,,,,
Madhya Pradesh - 2026,11-Mar 9am,18153.59,,,,
Madhya Pradesh - 2026,11-Mar 10am,18633,,,,
Madhya Pradesh - 2026,11-Mar 11am,19343.28,,,,
Madhya Pradesh - 2026,11-Mar 12pm,17787.13,,,,
Madhya Pradesh - 2026,11-Mar 1pm,18098.31,,,,
Madhya Pradesh - 2026,11-Mar 2pm,17486.95,,,,
Madhya Pradesh - 2026,11-Mar 3pm,17347.54,,,,
Madhya Pradesh - 2026,11-Mar 4pm,16359.68,,,,
Madhya Pradesh - 2026,11-Mar 5pm,16213.27,,,,
Madhya Pradesh - 2026,11-Mar 6pm,15285.3,,,,
Madhya Pradesh - 2026,11-Mar 7pm,14545.14,,,,
Madhya Pradesh - 2026,11-Mar 8pm,13334.24,,,,
Madhya Pradesh - 2026,11-Mar 9pm,11885.44,,,,
Madhya Pradesh - 2026,11-Mar 10pm,11112.35,,,,
Madhya Pradesh - 2026,11-Mar 11pm,11511.17,,,,
Madhya Pradesh - 2026,12-Mar 12am,11028.68,,,,
Madhya Pradesh - 2026,12-Mar 1am,10956.33,,,,
Madhya Pradesh - 2026,12-Mar 2am,10702.58,,,,
Madhya Pradesh - 2026,12-Mar 3am,11148.21,,,,
Madhya Pradesh - 2026,12-Mar 4am,11140.73,,,,
Madhya Pradesh - 2026,12-Mar 5am,10979.78,,,,
Madhya Pradesh - 2026,12-Mar 6am,11868.48,,,,
Madhya Pradesh - 2026,12-Mar 7am,15641.4,,,,
Madhya Pradesh - 2026,12-Mar 8am,17090.51,,,,
Madhya Pradesh - 2026,12-Mar 9am,17879.99,,,,
Madhya Pradesh - 2026,12-Mar 10am,18759.85,,,,
Madhya Pradesh - 2026,12-Mar 11am,19183.18,,,,
Madhya Pradesh - 2026,12-Mar 12pm,17730.76,,,,
Madhya Pradesh - 2026,12-Mar 1pm,18114.3,,,,
Madhya Pradesh - 2026,12-Mar 2pm,17386.71,,,,
Madhya Pradesh - 2026,12-Mar 3pm,17562.02,,,,
Madhya Pradesh - 2026,12-Mar 4pm,16448.85,,,,
Madhya Pradesh - 2026,12-Mar 5pm,16426.62,,,,
Madhya Pradesh - 2026,12-Mar 6pm,15602.03,,,,
Madhya Pradesh - 2026,12-Mar 7pm,14634.9,,,,
Madhya Pradesh - 2026,12-Mar 8pm,13135.86,,,,
Madhya Pradesh - 2026,12-Mar 9pm,11907.53,,,,
Madhya Pradesh - 2026,12-Mar 10pm,11225.51,,,,
Madhya Pradesh - 2026,12-Mar 11pm,11732.56,,,,
Madhya Pradesh - 2026,13-Mar 12am,11066.29,,,,
Madhya Pradesh - 2026,13-Mar 1am,11050.53,,,,
Madhya Pradesh - 2026,13-Mar 2am,10892.63,,,,
Madhya Pradesh - 2026,13-Mar 3am,11270.7,,,,
Madhya Pradesh - 2026,13-Mar 4am,11309.72,,,,
Madhya Pradesh - 2026,13-Mar 5am,11149.46,,,,
Madhya Pradesh - 2026,13-Mar 6am,11973.66,,,,
Madhya Pradesh - 2026,13-Mar 7am,15791.64,,,,
Madhya Pradesh - 2026,13-Mar 8am,17181.81,,,,
Madhya Pradesh - 2026,13-Mar 9am,18490.8,,,,
Madhya Pradesh - 2026,13-Mar 10am,18754.93,,,,
Madhya Pradesh - 2026,13-Mar 11am,19301.99,,,,
Madhya Pradesh - 2026,13-Mar 12pm,17744.27,,,,
Madhya Pradesh - 2026,13-Mar 1pm,17922.54,,,,
Madhya Pradesh - 2026,13-Mar 2pm,17380.39,,,,
Madhya Pradesh - 2026,13-Mar 3pm,17254.23,,,,
Madhya Pradesh - 2026,13-Mar 4pm,16406.73,,,,
Madhya Pradesh - 2026,13-Mar 5pm,16629.8,,,,
Madhya Pradesh - 2026,13-Mar 6pm,15594.03,,,,
Madhya Pradesh - 2026,13-Mar 7pm,14582.27,,,,
Madhya Pradesh - 2026,13-Mar 8pm,13081.8,,,,
Madhya Pradesh - 2026,13-Mar 9pm,12006.18,,,,
Madhya Pradesh - 2026,13-Mar 10pm,11444.33,,,,
Madhya Pradesh - 2026,13-Mar 11pm,11860.35,,,,
Madhya Pradesh - 2026,14-Mar 12am,11293.98,,,,
Madhya Pradesh - 2026,14-Mar 1am,11328.78,,,,
Madhya Pradesh - 2026,14-Mar 2am,11129.18,,,,
Madhya Pradesh - 2026,14-Mar 3am,11601.24,,,,
Madhya Pradesh - 2026,14-Mar 4am,11620.16,,,,
Madhya Pradesh - 2026,14-Mar 5am,11476.2,,,,
Madhya Pradesh - 2026,14-Mar 6am,12424.67,,,,
Madhya Pradesh - 2026,14-Mar 7am,15741.58,,,,
Madhya Pradesh - 2026,14-Mar 8am,17315.42,,,,
Madhya Pradesh - 2026,14-Mar 9am,18763.37,,,,
Madhya Pradesh - 2026,14-Mar 10am,19062.81,,,,
Madhya Pradesh - 2026,14-Mar 11am,19541.73,,,,
Madhya Pradesh - 2026,14-Mar 12pm,17886.09,,,,
Madhya Pradesh - 2026,14-Mar 1pm,18256.39,,,,
Madhya Pradesh - 2026,14-Mar 2pm,17509.09,,,,
Madhya Pradesh - 2026,14-Mar 3pm,17382.7,,,,
Madhya Pradesh - 2026,14-Mar 4pm,16118.84,,,,
Madhya Pradesh - 2026,14-Mar 5pm,16208.39,,,,
Madhya Pradesh - 2026,14-Mar 6pm,15024.18,,,,
Madhya Pradesh - 2026,14-Mar 7pm,14048.01,,,,
Madhya Pradesh - 2026,14-Mar 8pm,12859.73,,,,
Madhya Pradesh - 2026,14-Mar 9pm,11356.77,,,,
Madhya Pradesh - 2026,14-Mar 10pm,10777.86,,,,
Madhya Pradesh - 2026,14-Mar 11pm,11385.98,,,,
Madhya Pradesh - 2026,15-Mar 12am,10839.32,,,,
Madhya Pradesh - 2026,15-Mar 1am,10855.21,,,,
Madhya Pradesh - 2026,15-Mar 2am,10792.71,,,,
Madhya Pradesh - 2026,15-Mar 3am,11138.23,,,,
Madhya Pradesh - 2026,15-Mar 4am,11216.09,,,,
Madhya Pradesh - 2026,15-Mar 5am,11017.61,,,,
Madhya Pradesh - 2026,15-Mar 6am,11829.79,,,,
Madhya Pradesh - 2026,15-Mar 7am,15434.96,,,,
Madhya Pradesh - 2026,15-Mar 8am,17504.76,,,,
Madhya Pradesh - 2026,15-Mar 9am,18316.74,,,,
Madhya Pradesh - 2026,15-Mar 10am,18488.59,,,,
Madhya Pradesh - 2026,15-Mar 11am,19059.3,,,,
Madhya Pradesh - 2026,15-Mar 12pm,17105.02,,,,
Madhya Pradesh - 2026,15-Mar 1pm,17431.35,,,,
Madhya Pradesh - 2026,15-Mar 2pm,16905.75,,,,
Madhya Pradesh - 2026,15-Mar 3pm,17087.35,,,,
Madhya Pradesh - 2026,15-Mar 4pm,16021.77,,,,
Madhya Pradesh - 2026,15-Mar 5pm,16020.94,,,,
Madhya Pradesh - 2026,15-Mar 6pm,14882.66,,,,
Madhya Pradesh - 2026,15-Mar 7pm,14036.59,,,,
Madhya Pradesh - 2026,15-Mar 8pm,12688.44,,,,
Madhya Pradesh - 2026,15-Mar 9pm,11546.78,,,,
Madhya Pradesh - 2026,15-Mar 10pm,10844.29,,,,
Madhya Pradesh - 2026,15-Mar 11pm,11436.11,,,,
Madhya Pradesh - 2026,16-Mar 12am,10525.29,,,,
Madhya Pradesh - 2026,16-Mar 1am,10771.86,,,,
Madhya Pradesh - 2026,16-Mar 2am,10448.6,,,,
Madhya Pradesh - 2026,16-Mar 3am,11038.92,,,,
Madhya Pradesh - 2026,16-Mar 4am,11146.54,,,,
Madhya Pradesh - 2026,16-Mar 5am,10998.37,,,,
Madhya Pradesh - 2026,16-Mar 6am,11560.7,,,,
Madhya Pradesh - 2026,16-Mar 7am,15239.08,,,,
Madhya Pradesh - 2026,16-Mar 8am,17437.35,,,,
Madhya Pradesh - 2026,16-Mar 9am,18275.19,,,,
Madhya Pradesh - 2026,16-Mar 10am,18654.79,,,,
Madhya Pradesh - 2026,16-Mar 11am,18958.93,,,,
Madhya Pradesh - 2026,16-Mar 12pm,17099.77,,,,
Madhya Pradesh - 2026,16-Mar 1pm,17988.63,,,,
Madhya Pradesh - 2026,16-Mar 2pm,17474.78,,,,
Madhya Pradesh - 2026,16-Mar 3pm,17363.78,,,,
Madhya Pradesh - 2026,16-Mar 4pm,16154.7,,,,
Madhya Pradesh - 2026,16-Mar 5pm,16071.05,,,,
Madhya Pradesh - 2026,16-Mar 6pm,14860.68,,,,
Madhya Pradesh - 2026,16-Mar 7pm,13754.47,,,,
Madhya Pradesh - 2026,16-Mar 8pm,12714.71,,,,
Madhya Pradesh - 2026,16-Mar 9pm,11674.85,,,,
Madhya Pradesh - 2026,16-Mar 10pm,11078.81,,,,
Madhya Pradesh - 2026,16-Mar 11pm,11999.45,,,,
Madhya Pradesh - 2026,17-Mar 12am,11120.86,,,,
Madhya Pradesh - 2026,17-Mar 1am,11063.9,,,,
Madhya Pradesh - 2026,17-Mar 2am,10658.68,,,,
Madhya Pradesh - 2026,17-Mar 3am,11311.99,,,,
Madhya Pradesh - 2026,17-Mar 4am,11396.73,,,,
Madhya Pradesh - 2026,17-Mar 5am,11145.79,,,,
Madhya Pradesh - 2026,17-Mar 6am,11777.97,,,,
Madhya Pradesh - 2026,17-Mar 7am,14708.49,,,,
Madhya Pradesh - 2026,17-Mar 8am,17718.37,,,,
Madhya Pradesh - 2026,17-Mar 9am,18316.16,,,,
Madhya Pradesh - 2026,17-Mar 10am,18333.59,,,,
Madhya Pradesh - 2026,17-Mar 11am,18642.52,,,,
Madhya Pradesh - 2026,17-Mar 12pm,17162.55,,,,
Madhya Pradesh - 2026,17-Mar 1pm,18034.84,,,,
Madhya Pradesh - 2026,17-Mar 2pm,17513.05,,,,
Madhya Pradesh - 2026,17-Mar 3pm,17391.19,,,,
Madhya Pradesh - 2026,17-Mar 4pm,16391.56,,,,
Madhya Pradesh - 2026,17-Mar 5pm,16437.57,,,,
Madhya Pradesh - 2026,17-Mar 6pm,14952.41,,,,
Madhya Pradesh - 2026,17-Mar 7pm,13701.27,,,,
Madhya Pradesh - 2026,17-Mar 8pm,12619.07,,,,
Madhya Pradesh - 2026,17-Mar 9pm,11482.75,,,,
Madhya Pradesh - 2026,17-Mar 10pm,11026.21,,,,
Madhya Pradesh - 2026,17-Mar 11pm,12122.27,,,,
Madhya Pradesh - 2026,18-Mar 12am,11263.99,,,,
Madhya Pradesh - 2026,18-Mar 1am,11249.83,,,,
Madhya Pradesh - 2026,18-Mar 2am,10814.1,,,,
Madhya Pradesh - 2026,18-Mar 3am,11503.04,,,,
Madhya Pradesh - 2026,18-Mar 4am,11605.64,,,,
Madhya Pradesh - 2026,18-Mar 5am,11336.74,,,,
Madhya Pradesh - 2026,18-Mar 6am,11669.82,,,,
Madhya Pradesh - 2026,18-Mar 7am,15513,,,,
Madhya Pradesh - 2026,18-Mar 8am,17503.3,,,,
Madhya Pradesh - 2026,18-Mar 9am,18209.65,,,,
Madhya Pradesh - 2026,18-Mar 10am,18939.82,,,,
Madhya Pradesh - 2026,18-Mar 11am,19395.25,,,,
Madhya Pradesh - 2026,18-Mar 12pm,16856.72,,,,
Madhya Pradesh - 2026,18-Mar 1pm,17707.6,,,,
Madhya Pradesh - 2026,18-Mar 2pm,17334.03,,,,
Madhya Pradesh - 2026,18-Mar 3pm,17201.37,,,,
Madhya Pradesh - 2026,18-Mar 4pm,16063.32,,,,
Madhya Pradesh - 2026,18-Mar 5pm,15834.38,,,,
Madhya Pradesh - 2026,18-Mar 6pm,14342.25,,,,
Madhya Pradesh - 2026,18-Mar 7pm,13283.87,,,,
Madhya Pradesh - 2026,18-Mar 8pm,12200.44,,,,
Madhya Pradesh - 2026,18-Mar 9pm,11183.81,,,,
Madhya Pradesh - 2026,18-Mar 10pm,10706.76,,,,
Madhya Pradesh - 2026,18-Mar 11pm,11811.18,,,,
Madhya Pradesh - 2026,19-Mar 12am,10917.51,,,,
Madhya Pradesh - 2026,19-Mar 1am,10928.56,,,,
Madhya Pradesh - 2026,19-Mar 2am,10400.04,,,,
Madhya Pradesh - 2026,19-Mar 3am,11176.68,,,,
Madhya Pradesh - 2026,19-Mar 4am,11203.83,,,,
Madhya Pradesh - 2026,19-Mar 5am,10933.62,,,,
Madhya Pradesh - 2026,19-Mar 6am,11724.69,,,,
Madhya Pradesh - 2026,19-Mar 7am,15607.35,,,,
Madhya Pradesh - 2026,19-Mar 8am,17863.16,,,,
Madhya Pradesh - 2026,19-Mar 9am,18278.32,,,,
Madhya Pradesh - 2026,19-Mar 10am,18843.85,,,,
Madhya Pradesh - 2026,19-Mar 11am,19363.59,,,,
Madhya Pradesh - 2026,19-Mar 12pm,17326.45,,,,
Madhya Pradesh - 2026,19-Mar 1pm,18329.83,,,,
Madhya Pradesh - 2026,19-Mar 2pm,17881.69,,,,
Madhya Pradesh - 2026,19-Mar 3pm,17660.88,,,,
Madhya Pradesh - 2026,19-Mar 4pm,16507.39,,,,
Madhya Pradesh - 2026,19-Mar 5pm,16542.95,,,,
Madhya Pradesh - 2026,19-Mar 6pm,14878.01,,,,
Madhya Pradesh - 2026,19-Mar 7pm,13666.2,,,,
Madhya Pradesh - 2026,19-Mar 8pm,12567.71,,,,
Madhya Pradesh - 2026,19-Mar 9pm,11446.37,,,,
Madhya Pradesh - 2026,19-Mar 10pm,10840.36,,,,
Madhya Pradesh - 2026,19-Mar 11pm,12042.24,,,,
Madhya Pradesh - 2026,20-Mar 12am,11113.93,,,,
Madhya Pradesh - 2026,20-Mar 1am,11181.04,,,,
Madhya Pradesh - 2026,20-Mar 2am,10820.56,,,,
Madhya Pradesh - 2026,20-Mar 3am,11483.22,,,,
Madhya Pradesh - 2026,20-Mar 4am,11498.28,,,,
Madhya Pradesh - 2026,20-Mar 5am,11309.88,,,,
Madhya Pradesh - 2026,20-Mar 6am,11915.16,,,,
Madhya Pradesh - 2026,20-Mar 7am,15684.8,,,,
Madhya Pradesh - 2026,20-Mar 8am,17235.64,,,,
Madhya Pradesh - 2026,20-Mar 9am,18380.05,,,,
Madhya Pradesh - 2026,20-Mar 10am,18769.18,,,,
Madhya Pradesh - 2026,20-Mar 11am,19070.65,,,,
Madhya Pradesh - 2026,20-Mar 12pm,17105.75,,,,
Madhya Pradesh - 2026,20-Mar 1pm,18114.6,,,,
Madhya Pradesh - 2026,20-Mar 2pm,17488.63,,,,
Madhya Pradesh - 2026,20-Mar 3pm,17477.05,,,,
Madhya Pradesh - 2026,20-Mar 4pm,16282.38,,,,
Madhya Pradesh - 2026,20-Mar 5pm,16280.86,,,,
Madhya Pradesh - 2026,20-Mar 6pm,14744.97,,,,
Madhya Pradesh - 2026,20-Mar 7pm,13713.14,,,,
Madhya Pradesh - 2026,20-Mar 8pm,12426.02,,,,
Madhya Pradesh - 2026,20-Mar 9pm,11381.57,,,,
Madhya Pradesh - 2026,20-Mar 10pm,10844.63,,,,
Madhya Pradesh - 2026,20-Mar 11pm,11905.41,,,,
Madhya Pradesh - 2026,21-Mar 12am,11349.36,,,,
Madhya Pradesh - 2026,21-Mar 1am,11216.3,,,,
Madhya Pradesh - 2026,21-Mar 2am,10711.02,,,,
Madhya Pradesh - 2026,21-Mar 3am,11427.5,,,,
Madhya Pradesh - 2026,21-Mar 4am,11519.56,,,,
Madhya Pradesh - 2026,21-Mar 5am,11228.24,,,,
Madhya Pradesh - 2026,21-Mar 6am,11704.48,,,,
Madhya Pradesh - 2026,21-Mar 7am,15603.73,,,,
Madhya Pradesh - 2026,21-Mar 8am,17665.23,,,,
Madhya Pradesh - 2026,21-Mar 9am,18538.57,,,,
Madhya Pradesh - 2026,21-Mar 10am,18988.02,,,,
Madhya Pradesh - 2026,21-Mar 11am,19450.33,,,,
Madhya Pradesh - 2026,21-Mar 12pm,17316.13,,,,
Madhya Pradesh - 2026,21-Mar 1pm,18161.72,,,,
Madhya Pradesh - 2026,21-Mar 2pm,17728.56,,,,
Madhya Pradesh - 2026,21-Mar 3pm,17886.27,,,,
Madhya Pradesh - 2026,21-Mar 4pm,16584.62,,,,
Madhya Pradesh - 2026,21-Mar 5pm,16692.07,,,,
Madhya Pradesh - 2026,21-Mar 6pm,14871.66,,,,
Madhya Pradesh - 2026,21-Mar 7pm,13796.94,,,,
Madhya Pradesh - 2026,21-Mar 8pm,12570.88,,,,
Madhya Pradesh - 2026,21-Mar 9pm,11638.56,,,,
Madhya Pradesh - 2026,21-Mar 10pm,10977.93,,,,
Madhya Pradesh - 2026,21-Mar 11pm,12015.21,,,,
Madhya Pradesh - 2026,22-Mar 12am,11436.9,,,,
Madhya Pradesh - 2026,22-Mar 1am,11230.05,,,,
Madhya Pradesh - 2026,22-Mar 2am,10826.47,,,,
Madhya Pradesh - 2026,22-Mar 3am,11598.31,,,,
Madhya Pradesh - 2026,22-Mar 4am,11637.28,,,,
Madhya Pradesh - 2026,22-Mar 5am,11364.15,,,,
Madhya Pradesh - 2026,22-Mar 6am,11896.69,,,,
Madhya Pradesh - 2026,22-Mar 7am,15695.85,,,,
Madhya Pradesh - 2026,22-Mar 8am,17938.75,,,,
Madhya Pradesh - 2026,22-Mar 9am,18347.75,,,,
Madhya Pradesh - 2026,22-Mar 10am,18825.39,,,,
Madhya Pradesh - 2026,22-Mar 11am,19178,,,,
Madhya Pradesh - 2026,22-Mar 12pm,16987.3,,,,
Madhya Pradesh - 2026,22-Mar 1pm,18107.18,,,,
Madhya Pradesh - 2026,22-Mar 2pm,17488.28,,,,
Madhya Pradesh - 2026,22-Mar 3pm,17454.6,,,,
Madhya Pradesh - 2026,22-Mar 4pm,16437.76,,,,
Madhya Pradesh - 2026,22-Mar 5pm,16298.48,,,,
Madhya Pradesh - 2026,22-Mar 6pm,14800.44,,,,
Madhya Pradesh - 2026,22-Mar 7pm,13595.63,,,,
Madhya Pradesh - 2026,22-Mar 8pm,12491.8,,,,
Madhya Pradesh - 2026,22-Mar 9pm,11363.65,,,,
Madhya Pradesh - 2026,22-Mar 10pm,10975.65,,,,
Madhya Pradesh - 2026,22-Mar 11pm,12118.71,,,,
Madhya Pradesh - 2026,23-Mar 12am,11458.11,,,,
Madhya Pradesh - 2026,23-Mar 1am,11318.78,,,,
Madhya Pradesh - 2026,23-Mar 2am,10973.8,,,,
Madhya Pradesh - 2026,23-Mar 3am,11604.49,,,,
Madhya Pradesh - 2026,23-Mar 4am,11763.95,,,,
Madhya Pradesh - 2026,23-Mar 5am,11473.47,,,,
Madhya Pradesh - 2026,23-Mar 6am,11991.81,,,,
Madhya Pradesh - 2026,23-Mar 7am,15983.43,,,,
Madhya Pradesh - 2026,23-Mar 8am,18054.55,,,,
Madhya Pradesh - 2026,23-Mar 9am,18819.97,,,,
Madhya Pradesh - 2026,23-Mar 10am,19263.29,,,,
Madhya Pradesh - 2026,23-Mar 11am,19443.03,,,,
Madhya Pradesh - 2026,23-Mar 12pm,17176.91,,,,
Madhya Pradesh - 2026,23-Mar 1pm,17261.49,,,,
Madhya Pradesh - 2026,23-Mar 2pm,17281.89,,,,
Madhya Pradesh - 2026,23-Mar 3pm,17205.72,,,,
Madhya Pradesh - 2026,23-Mar 4pm,15992.54,,,,
Madhya Pradesh - 2026,23-Mar 5pm,16005.53,,,,
Madhya Pradesh - 2026,23-Mar 6pm,14576.69,,,,
Madhya Pradesh - 2026,23-Mar 7pm,12596.79,,,,
Madhya Pradesh - 2026,23-Mar 8pm,11245.59,,,,
Madhya Pradesh - 2026,23-Mar 9pm,11096.32,,,,
Madhya Pradesh - 2026,23-Mar 10pm,10774.82,,,,
Madhya Pradesh - 2026,23-Mar 11pm,11853.3,,,,
Madhya Pradesh - 2026,24-Mar 12am,11098.88,,,,
Madhya Pradesh - 2026,24-Mar 1am,11179.24,,,,
Madhya Pradesh - 2026,24-Mar 2am,10836.17,,,,
Madhya Pradesh - 2026,24-Mar 3am,11552.19,,,,
Madhya Pradesh - 2026,24-Mar 4am,11564.58,,,,
Madhya Pradesh - 2026,24-Mar 5am,11274.54,,,,
Madhya Pradesh - 2026,24-Mar 6am,11746.07,,,,
Madhya Pradesh - 2026,24-Mar 7am,15352.25,,,,
Madhya Pradesh - 2026,24-Mar 8am,17479.25,,,,
Madhya Pradesh - 2026,24-Mar 9am,18315.12,,,,
Madhya Pradesh - 2026,24-Mar 10am,18732.73,,,,
Madhya Pradesh - 2026,24-Mar 11am,19106.72,,,,
Madhya Pradesh - 2026,24-Mar 12pm,16989.52,,,,
Madhya Pradesh - 2026,24-Mar 1pm,17669.97,,,,
Madhya Pradesh - 2026,24-Mar 2pm,17187.51,,,,
Madhya Pradesh - 2026,24-Mar 3pm,17304.79,,,,
Madhya Pradesh - 2026,24-Mar 4pm,16151.36,,,,
Madhya Pradesh - 2026,24-Mar 5pm,16134.8,,,,
Madhya Pradesh - 2026,24-Mar 6pm,14782.04,,,,
Madhya Pradesh - 2026,24-Mar 7pm,13433.89,,,,
Madhya Pradesh - 2026,24-Mar 8pm,12289.89,,,,
Madhya Pradesh - 2026,24-Mar 9pm,11157.25,,,,
Madhya Pradesh - 2026,24-Mar 10pm,10675.17,,,,
Madhya Pradesh - 2026,24-Mar 11pm,11789.53,,,,
Madhya Pradesh - 2026,25-Mar 12am,11154.65,,,,
Madhya Pradesh - 2026,25-Mar 1am,11062.18,,,,
Madhya Pradesh - 2026,25-Mar 2am,10670.54,,,,
Madhya Pradesh - 2026,25-Mar 3am,11320.23,,,,
Madhya Pradesh - 2026,25-Mar 4am,11300.4,,,,
Madhya Pradesh - 2026,25-Mar 5am,11010.42,,,,
Madhya Pradesh - 2026,25-Mar 6am,11418.68,,,,
Madhya Pradesh - 2026,25-Mar 7am,15048.13,,,,
Madhya Pradesh - 2026,25-Mar 8am,17175.96,,,,
Madhya Pradesh - 2026,25-Mar 9am,18238.45,,,,
Madhya Pradesh - 2026,25-Mar 10am,19056.64,,,,
Madhya Pradesh - 2026,25-Mar 11am,19641.17,,,,
Madhya Pradesh - 2026,25-Mar 12pm,17517.68,,,,
Madhya Pradesh - 2026,25-Mar 1pm,18133.23,,,,
Madhya Pradesh - 2026,25-Mar 2pm,17522.99,,,,
Madhya Pradesh - 2026,25-Mar 3pm,17295.97,,,,
Madhya Pradesh - 2026,25-Mar 4pm,15964.79,,,,
Madhya Pradesh - 2026,25-Mar 5pm,15783.88,,,,
Madhya Pradesh - 2026,25-Mar 6pm,14250.58,,,,
Madhya Pradesh - 2026,25-Mar 7pm,13204.5,,,,
Madhya Pradesh - 2026,25-Mar 8pm,12131.01,,,,
Madhya Pradesh - 2026,25-Mar 9pm,11045.12,,,,
Madhya Pradesh - 2026,25-Mar 10pm,10543.68,,,,
Madhya Pradesh - 2026,25-Mar 11pm,11510.26,,,,
Madhya Pradesh - 2026,26-Mar 12am,10832.38,,,,
Madhya Pradesh - 2026,26-Mar 1am,10840.12,,,,
Madhya Pradesh - 2026,26-Mar 2am,10473.01,,,,
Madhya Pradesh - 2026,26-Mar 3am,11077.54,,,,
Madhya Pradesh - 2026,26-Mar 4am,11193.05,,,,
Madhya Pradesh - 2026,26-Mar 5am,11124.51,,,,
Madhya Pradesh - 2026,26-Mar 6am,12109.41,,,,
Madhya Pradesh - 2026,26-Mar 7am,15692.11,,,,
Madhya Pradesh - 2026,26-Mar 8am,17235.24,,,,
Madhya Pradesh - 2026,26-Mar 9am,17686.39,,,,
Madhya Pradesh - 2026,26-Mar 10am,18275.96,,,,
Madhya Pradesh - 2026,26-Mar 11am,18924.18,,,,
Madhya Pradesh - 2026,26-Mar 12pm,17018.99,,,,
Madhya Pradesh - 2026,26-Mar 1pm,17827.27,,,,
Madhya Pradesh - 2026,26-Mar 2pm,17363.75,,,,
Madhya Pradesh - 2026,26-Mar 3pm,17056.47,,,,
Madhya Pradesh - 2026,26-Mar 4pm,15677.82,,,,
Madhya Pradesh - 2026,26-Mar 5pm,15506.63,,,,
Madhya Pradesh - 2026,26-Mar 6pm,13838.03,,,,
Madhya Pradesh - 2026,26-Mar 7pm,12632.5,,,,
Madhya Pradesh - 2026,26-Mar 8pm,11608.88,,,,
Madhya Pradesh - 2026,26-Mar 9pm,10519.89,,,,
Madhya Pradesh - 2026,26-Mar 10pm,10129.1,,,,
Madhya Pradesh - 2026,26-Mar 11pm,11234.51,,,,
Madhya Pradesh - 2026,27-Mar 12am,10631.11,,,,
Madhya Pradesh - 2026,27-Mar 1am,10415.6,,,,
Madhya Pradesh - 2026,27-Mar 2am,10188.19,,,,
Madhya Pradesh - 2026,27-Mar 3am,10812.7,,,,
Madhya Pradesh - 2026,27-Mar 4am,10840.65,,,,
Madhya Pradesh - 2026,27-Mar 5am,10584.39,,,,
Madhya Pradesh - 2026,27-Mar 6am,11105.25,,,,
Madhya Pradesh - 2026,27-Mar 7am,15006.9,,,,
Madhya Pradesh - 2026,27-Mar 8am,17067.38,,,,
Madhya Pradesh - 2026,27-Mar 9am,17708.29,,,,
Madhya Pradesh - 2026,27-Mar 10am,17836.83,,,,
Madhya Pradesh - 2026,27-Mar 11am,18050.43,,,,
Madhya Pradesh - 2026,27-Mar 12pm,16097.73,,,,
Madhya Pradesh - 2026,27-Mar 1pm,16833.42,,,,
Madhya Pradesh - 2026,27-Mar 2pm,16000.9,,,,
Madhya Pradesh - 2026,27-Mar 3pm,15430.54,,,,
Madhya Pradesh - 2026,27-Mar 4pm,13970.07,,,,
Madhya Pradesh - 2026,27-Mar 5pm,13859.07,,,,
Madhya Pradesh - 2026,27-Mar 6pm,12566.06,,,,
Madhya Pradesh - 2026,27-Mar 7pm,11688.68,,,,
Madhya Pradesh - 2026,27-Mar 8pm,10452.81,,,,
Madhya Pradesh - 2026,27-Mar 9pm,9420.28,,,,
Madhya Pradesh - 2026,27-Mar 10pm,8688.38,,,,
Madhya Pradesh - 2026,27-Mar 11pm,8831.86,,,,
Madhya Pradesh - 2026,28-Mar 12am,8142.73,,,,
Madhya Pradesh - 2026,28-Mar 1am,7859.23,,,,
Madhya Pradesh - 2026,28-Mar 2am,7623.94,,,,
Madhya Pradesh - 2026,28-Mar 3am,7754.5,,,,
Madhya Pradesh - 2026,28-Mar 4am,7556.21,,,,
Madhya Pradesh - 2026,28-Mar 5am,7207.44,,,,
Madhya Pradesh - 2026,28-Mar 6am,8044.72,,,,
Madhya Pradesh - 2026,28-Mar 7am,10757.98,,,,
Madhya Pradesh - 2026,28-Mar 8am,12855.88,,,,
Madhya Pradesh - 2026,28-Mar 9am,13554.65,,,,
Madhya Pradesh - 2026,28-Mar 10am,14167.73,,,,
Madhya Pradesh - 2026,28-Mar 11am,15067.73,,,,
Madhya Pradesh - 2026,28-Mar 12pm,13642.3,,,,
Madhya Pradesh - 2026,28-Mar 1pm,14087.12,,,,
Madhya Pradesh - 2026,28-Mar 2pm,13940.1,,,,
Madhya Pradesh - 2026,28-Mar 3pm,13983.7,,,,
Madhya Pradesh - 2026,28-Mar 4pm,13399.29,,,,
Madhya Pradesh - 2026,28-Mar 5pm,13535.85,,,,
Madhya Pradesh - 2026,28-Mar 6pm,12568.63,,,,
Madhya Pradesh - 2026,28-Mar 7pm,12276.54,,,,
Madhya Pradesh - 2026,28-Mar 8pm,11319.04,,,,
Madhya Pradesh - 2026,28-Mar 9pm,10344.54,,,,
Madhya Pradesh - 2026,28-Mar 10pm,9814.74,,,,
Madhya Pradesh - 2026,28-Mar 11pm,10422.91,,,,
Madhya Pradesh - 2026,29-Mar 12am,9681.44,,,,
Madhya Pradesh - 2026,29-Mar 1am,9294.41,,,,
Madhya Pradesh - 2026,29-Mar 2am,9086.97,,,,
Madhya Pradesh - 2026,29-Mar 3am,9504.73,,,,
Madhya Pradesh - 2026,29-Mar 4am,9473.25,,,,
Madhya Pradesh - 2026,29-Mar 5am,9321.22,,,,
Madhya Pradesh - 2026,29-Mar 6am,10002.65,,,,
Madhya Pradesh - 2026,29-Mar 7am,13419.83,,,,
Madhya Pradesh - 2026,29-Mar 8am,15733.45,,,,
Madhya Pradesh - 2026,29-Mar 9am,16384.73,,,,
Madhya Pradesh - 2026,29-Mar 10am,16573.6,,,,
Madhya Pradesh - 2026,29-Mar 11am,16545.08,,,,
Madhya Pradesh - 2026,29-Mar 12pm,14566.57,,,,
Madhya Pradesh - 2026,29-Mar 1pm,14999.66,,,,
Madhya Pradesh - 2026,29-Mar 2pm,14828.78,,,,
Madhya Pradesh - 2026,29-Mar 3pm,14803.2,,,,
Madhya Pradesh - 2026,29-Mar 4pm,13764.81,,,,
Madhya Pradesh - 2026,29-Mar 5pm,13861.62,,,,
Madhya Pradesh - 2026,29-Mar 6pm,13227.68,,,,
Madhya Pradesh - 2026,29-Mar 7pm,12846.74,,,,
Madhya Pradesh - 2026,29-Mar 8pm,11884.08,,,,
Madhya Pradesh - 2026,29-Mar 9pm,10679.25,,,,
Madhya Pradesh - 2026,29-Mar 10pm,10044.24,,,,
Madhya Pradesh - 2026,29-Mar 11pm,10628.74,,,,
Madhya Pradesh - 2026,30-Mar 12am,9887.76,,,,
Madhya Pradesh - 2026,30-Mar 1am,9717.85,,,,
Madhya Pradesh - 2026,30-Mar 2am,9394.25,,,,
Madhya Pradesh - 2026,30-Mar 3am,9961.21,,,,
Madhya Pradesh - 2026,30-Mar 4am,9896.57,,,,
Madhya Pradesh - 2026,30-Mar 5am,9594.97,,,,
Madhya Pradesh - 2026,30-Mar 6am,10308.12,,,,
Madhya Pradesh - 2026,30-Mar 7am,13939.98,,,,
Madhya Pradesh - 2026,30-Mar 8am,16179.82,,,,
Madhya Pradesh - 2026,30-Mar 9am,16919.73,,,,
Madhya Pradesh - 2026,30-Mar 10am,17143.96,,,,
Madhya Pradesh - 2026,30-Mar 11am,17227.68,,,,
Madhya Pradesh - 2026,30-Mar 12pm,15611.73,,,,
Madhya Pradesh - 2026,30-Mar 1pm,16129.78,,,,
Madhya Pradesh - 2026,30-Mar 2pm,15525.92,,,,
Madhya Pradesh - 2026,30-Mar 3pm,15311.9,,,,
Madhya Pradesh - 2026,30-Mar 4pm,14082.29,,,,
Madhya Pradesh - 2026,30-Mar 5pm,14178.52,,,,
Madhya Pradesh - 2026,30-Mar 6pm,13372.95,,,,
Madhya Pradesh - 2026,30-Mar 7pm,12830.92,,,,
Madhya Pradesh - 2026,30-Mar 8pm,11912.84,,,,
Madhya Pradesh - 2026,30-Mar 9pm,10911.05,,,,
Madhya Pradesh - 2026,30-Mar 10pm,10207.79,,,,
Madhya Pradesh - 2026,30-Mar 11pm,10807.4,,,,
Madhya Pradesh - 2026,31-Mar 12am,9995.55,,,,
Madhya Pradesh - 2026,31-Mar 1am,9905.39,,,,
Madhya Pradesh - 2026,31-Mar 2am,9625.92,,,,
Madhya Pradesh - 2026,31-Mar 3am,10056.59,,,,
Madhya Pradesh - 2026,31-Mar 4am,10103.87,,,,
Madhya Pradesh - 2026,31-Mar 5am,9814.57,,,,
Madhya Pradesh - 2026,31-Mar 6am,10464.58,,,,
Madhya Pradesh - 2026,31-Mar 7am,14092.95,,,,
Madhya Pradesh - 2026,31-Mar 8am,16224.37,,,,
Madhya Pradesh - 2026,31-Mar 9am,16864.16,,,,
Madhya Pradesh - 2026,31-Mar 10am,16991.83,,,,
Madhya Pradesh - 2026,31-Mar 11am,17185.81,,,,
Madhya Pradesh - 2026,31-Mar 12pm,15213.95,,,,
Madhya Pradesh - 2026,31-Mar 1pm,15691.13,,,,
Madhya Pradesh - 2026,31-Mar 2pm,15332.81,,,,
Madhya Pradesh - 2026,31-Mar 3pm,15428.34,,,,
Madhya Pradesh - 2026,31-Mar 4pm,14385.56,,,,
Madhya Pradesh - 2026,31-Mar 5pm,14388.94,,,,
Madhya Pradesh - 2026,31-Mar 6pm,13388.26,,,,
Madhya Pradesh - 2026,31-Mar 7pm,12862.58,,,,
Madhya Pradesh - 2026,31-Mar 8pm,11748.57,,,,
Madhya Pradesh - 2026,31-Mar 9pm,10721.32,,,,
Madhya Pradesh - 2026,31-Mar 10pm,10074.85,,,,
Madhya Pradesh - 2026,31-Mar 11pm,10739.09,,,,