time,season
1/1/2024 0:00,Winter
1/1/2024 1:00,Winter
1/1/2024 2:00,Winter
1/1/2024 3:00,Winter
1/1/2024 4:00,Winter
1/1/2024 5:00,Winter
1/1/2024 6:00,Winter
1/1/2024 7:00,Winter
1/1/2024 8:00,Winter
1/1/2024 9:00,Winter
1/1/2024 10:00,Winter
1/1/2024 11:00,Winter
1/1/2024 12:00,Winter
1/1/2024 13:00,Winter
1/1/2024 14:00,Winter
1/1/2024 15:00,Winter
1/1/2024 16:00,Winter
1/1/2024 17:00,Winter
1/1/2024 18:00,Winter
1/1/2024 19:00,Winter
1/1/2024 20:00,Winter
1/1/2024 21:00,Winter
1/1/2024 22:00,Winter
1/1/2024 23:00,Winter
1/2/2024 0:00,Winter
1/2/2024 1:00,Winter
1/2/2024 2:00,Winter
1/2/2024 3:00,Winter
1/2/2024 4:00,Winter
1/2/2024 5:00,Winter
1/2/2024 6:00,Winter
1/2/2024 7:00,Winter
1/2/2024 8:00,Winter
1/2/2024 9:00,Winter
1/2/2024 10:00,Winter
1/2/2024 11:00,Winter
1/2/2024 12:00,Winter
1/2/2024 13:00,Winter
1/2/2024 14:00,Winter
1/2/2024 15:00,Winter
1/2/2024 16:00,Winter
1/2/2024 17:00,Winter
1/2/2024 18:00,Winter
1/2/2024 19:00,Winter
1/2/2024 20:00,Winter
1/2/2024 21:00,Winter
1/2/2024 22:00,Winter
1/2/2024 23:00,Winter
1/3/2024 0:00,Winter
1/3/2024 1:00,Winter
1/3/2024 2:00,Winter
1/3/2024 3:00,Winter
1/3/2024 4:00,Winter
1/3/2024 5:00,Winter
1/3/2024 6:00,Winter
1/3/2024 7:00,Winter
1/3/2024 8:00,Winter
1/3/2024 9:00,Winter
1/3/2024 10:00,Winter
1/3/2024 11:00,Winter
1/3/2024 12:00,Winter
1/3/2024 13:00,Winter
1/3/2024 14:00,Winter
1/3/2024 15:00,Winter
1/3/2024 16:00,Winter
1/3/2024 17:00,Winter
1/3/2024 18:00,Winter
1/3/2024 19:00,Winter
1/3/2024 20:00,Winter
1/3/2024 21:00,Winter
1/3/2024 22:00,Winter
1/3/2024 23:00,Winter
1/4/2024 0:00,Winter
1/4/2024 1:00,Winter
1/4/2024 2:00,Winter
1/4/2024 3:00,Winter
1/4/2024 4:00,Winter
1/4/2024 5:00,Winter
1/4/2024 6:00,Winter
1/4/2024 7:00,Winter
1/4/2024 8:00,Winter
1/4/2024 9:00,Winter
1/4/2024 10:00,Winter
1/4/2024 11:00,Winter
1/4/2024 12:00,Winter
1/4/2024 13:00,Winter
1/4/2024 14:00,Winter
1/4/2024 15:00,Winter
1/4/2024 16:00,Winter
1/4/2024 17:00,Winter
1/4/2024 18:00,Winter
1/4/2024 19:00,Winter
1/4/2024 20:00,Winter
1/4/2024 21:00,Winter
1/4/2024 22:00,Winter
1/4/2024 23:00,Winter
1/5/2024 0:00,Winter
1/5/2024 1:00,Winter
1/5/2024 2:00,Winter
1/5/2024 3:00,Winter
1/5/2024 4:00,Winter
1/5/2024 5:00,Winter
1/5/2024 6:00,Winter
1/5/2024 7:00,Winter
1/5/2024 8:00,Winter
1/5/2024 9:00,Winter
1/5/2024 10:00,Winter
1/5/2024 11:00,Winter
1/5/2024 12:00,Winter
1/5/2024 13:00,Winter
1/5/2024 14:00,Winter
1/5/2024 15:00,Winter
1/5/2024 16:00,Winter
1/5/2024 17:00,Winter
1/5/2024 18:00,Winter
1/5/2024 19:00,Winter
1/5/2024 20:00,Winter
1/5/2024 21:00,Winter
1/5/2024 22:00,Winter
1/5/2024 23:00,Winter
1/6/2024 0:00,Winter
1/6/2024 1:00,Winter
1/6/2024 2:00,Winter
1/6/2024 3:00,Winter
1/6/2024 4:00,Winter
1/6/2024 5:00,Winter
1/6/2024 6:00,Winter
1/6/2024 7:00,Winter
1/6/2024 8:00,Winter
1/6/2024 9:00,Winter
1/6/2024 10:00,Winter
1/6/2024 11:00,Winter
1/6/2024 12:00,Winter
1/6/2024 13:00,Winter
1/6/2024 14:00,Winter
1/6/2024 15:00,Winter
1/6/2024 16:00,Winter
1/6/2024 17:00,Winter
1/6/2024 18:00,Winter
1/6/2024 19:00,Winter
1/6/2024 20:00,Winter
1/6/2024 21:00,Winter
1/6/2024 22:00,Winter
1/6/2024 23:00,Winter
1/7/2024 0:00,Winter
1/7/2024 1:00,Winter
1/7/2024 2:00,Winter
1/7/2024 3:00,Winter
1/7/2024 4:00,Winter
1/7/2024 5:00,Winter
1/7/2024 6:00,Winter
1/7/2024 7:00,Winter
1/7/2024 8:00,Winter
1/7/2024 9:00,Winter
1/7/2024 10:00,Winter
1/7/2024 11:00,Winter
1/7/2024 12:00,Winter
1/7/2024 13:00,Winter
1/7/2024 14:00,Winter
1/7/2024 15:00,Winter
1/7/2024 16:00,Winter
1/7/2024 17:00,Winter
1/7/2024 18:00,Winter
1/7/2024 19:00,Winter
1/7/2024 20:00,Winter
1/7/2024 21:00,Winter
1/7/2024 22:00,Winter
1/7/2024 23:00,Winter
1/8/2024 0:00,Winter
1/8/2024 1:00,Winter
1/8/2024 2:00,Winter
1/8/2024 3:00,Winter
1/8/2024 4:00,Winter
1/8/2024 5:00,Winter
1/8/2024 6:00,Winter
1/8/2024 7:00,Winter
1/8/2024 8:00,Winter
1/8/2024 9:00,Winter
1/8/2024 10:00,Winter
1/8/2024 11:00,Winter
1/8/2024 12:00,Winter
1/8/2024 13:00,Winter
1/8/2024 14:00,Winter
1/8/2024 15:00,Winter
1/8/2024 16:00,Winter
1/8/2024 17:00,Winter
1/8/2024 18:00,Winter
1/8/2024 19:00,Winter
1/8/2024 20:00,Winter
1/8/2024 21:00,Winter
1/8/2024 22:00,Winter
1/8/2024 23:00,Winter
1/9/2024 0:00,Winter
1/9/2024 1:00,Winter
1/9/2024 2:00,Winter
1/9/2024 3:00,Winter
1/9/2024 4:00,Winter
1/9/2024 5:00,Winter
1/9/2024 6:00,Winter
1/9/2024 7:00,Winter
1/9/2024 8:00,Winter
1/9/2024 9:00,Winter
1/9/2024 10:00,Winter
1/9/2024 11:00,Winter
1/9/2024 12:00,Winter
1/9/2024 13:00,Winter
1/9/2024 14:00,Winter
1/9/2024 15:00,Winter
1/9/2024 16:00,Winter
1/9/2024 17:00,Winter
1/9/2024 18:00,Winter
1/9/2024 19:00,Winter
1/9/2024 20:00,Winter
1/9/2024 21:00,Winter
1/9/2024 22:00,Winter
1/9/2024 23:00,Winter
1/10/2024 0:00,Winter
1/10/2024 1:00,Winter
1/10/2024 2:00,Winter
1/10/2024 3:00,Winter
1/10/2024 4:00,Winter
1/10/2024 5:00,Winter
1/10/2024 6:00,Winter
1/10/2024 7:00,Winter
1/10/2024 8:00,Winter
1/10/2024 9:00,Winter
1/10/2024 10:00,Winter
1/10/2024 11:00,Winter
1/10/2024 12:00,Winter
1/10/2024 13:00,Winter
1/10/2024 14:00,Winter
1/10/2024 15:00,Winter
1/10/2024 16:00,Winter
1/10/2024 17:00,Winter
1/10/2024 18:00,Winter
1/10/2024 19:00,Winter
1/10/2024 20:00,Winter
1/10/2024 21:00,Winter
1/10/2024 22:00,Winter
1/10/2024 23:00,Winter
1/11/2024 0:00,Winter
1/11/2024 1:00,Winter
1/11/2024 2:00,Winter
1/11/2024 3:00,Winter
1/11/2024 4:00,Winter
1/11/2024 5:00,Winter
1/11/2024 6:00,Winter
1/11/2024 7:00,Winter
1/11/2024 8:00,Winter
1/11/2024 9:00,Winter
1/11/2024 10:00,Winter
1/11/2024 11:00,Winter
1/11/2024 12:00,Winter
1/11/2024 13:00,Winter
1/11/2024 14:00,Winter
1/11/2024 15:00,Winter
1/11/2024 16:00,Winter
1/11/2024 17:00,Winter
1/11/2024 18:00,Winter
1/11/2024 19:00,Winter
1/11/2024 20:00,Winter
1/11/2024 21:00,Winter
1/11/2024 22:00,Winter
1/11/2024 23:00,Winter
1/12/2024 0:00,Winter
1/12/2024 1:00,Winter
1/12/2024 2:00,Winter
1/12/2024 3:00,Winter
1/12/2024 4:00,Winter
1/12/2024 5:00,Winter
1/12/2024 6:00,Winter
1/12/2024 7:00,Winter
1/12/2024 8:00,Winter
1/12/2024 9:00,Winter
1/12/2024 10:00,Winter
1/12/2024 11:00,Winter
1/12/2024 12:00,Winter
1/12/2024 13:00,Winter
1/12/2024 14:00,Winter
1/12/2024 15:00,Winter
1/12/2024 16:00,Winter
1/12/2024 17:00,Winter
1/12/2024 18:00,Winter
1/12/2024 19:00,Winter
1/12/2024 20:00,Winter
1/12/2024 21:00,Winter
1/12/2024 22:00,Winter
1/12/2024 23:00,Winter
1/13/2024 0:00,Winter
1/13/2024 1:00,Winter
1/13/2024 2:00,Winter
1/13/2024 3:00,Winter
1/13/2024 4:00,Winter
1/13/2024 5:00,Winter
1/13/2024 6:00,Winter
1/13/2024 7:00,Winter
1/13/2024 8:00,Winter
1/13/2024 9:00,Winter
1/13/2024 10:00,Winter
1/13/2024 11:00,Winter
1/13/2024 12:00,Winter
1/13/2024 13:00,Winter
1/13/2024 14:00,Winter
1/13/2024 15:00,Winter
1/13/2024 16:00,Winter
1/13/2024 17:00,Winter
1/13/2024 18:00,Winter
1/13/2024 19:00,Winter
1/13/2024 20:00,Winter
1/13/2024 21:00,Winter
1/13/2024 22:00,Winter
1/13/2024 23:00,Winter
1/14/2024 0:00,Winter
1/14/2024 1:00,Winter
1/14/2024 2:00,Winter
1/14/2024 3:00,Winter
1/14/2024 4:00,Winter
1/14/2024 5:00,Winter
1/14/2024 6:00,Winter
1/14/2024 7:00,Winter
1/14/2024 8:00,Winter
1/14/2024 9:00,Winter
1/14/2024 10:00,Winter
1/14/2024 11:00,Winter
1/14/2024 12:00,Winter
1/14/2024 13:00,Winter
1/14/2024 14:00,Winter
1/14/2024 15:00,Winter
1/14/2024 16:00,Winter
1/14/2024 17:00,Winter
1/14/2024 18:00,Winter
1/14/2024 19:00,Winter
1/14/2024 20:00,Winter
1/14/2024 21:00,Winter
1/14/2024 22:00,Winter
1/14/2024 23:00,Winter
1/15/2024 0:00,Winter
1/15/2024 1:00,Winter
1/15/2024 2:00,Winter
1/15/2024 3:00,Winter
1/15/2024 4:00,Winter
1/15/2024 5:00,Winter
1/15/2024 6:00,Winter
1/15/2024 7:00,Winter
1/15/2024 8:00,Winter
1/15/2024 9:00,Winter
1/15/2024 10:00,Winter
1/15/2024 11:00,Winter
1/15/2024 12:00,Winter
1/15/2024 13:00,Winter
1/15/2024 14:00,Winter
1/15/2024 15:00,Winter
1/15/2024 16:00,Winter
1/15/2024 17:00,Winter
1/15/2024 18:00,Winter
1/15/2024 19:00,Winter
1/15/2024 20:00,Winter
1/15/2024 21:00,Winter
1/15/2024 22:00,Winter
1/15/2024 23:00,Winter
1/16/2024 0:00,Winter
1/16/2024 1:00,Winter
1/16/2024 2:00,Winter
1/16/2024 3:00,Winter
1/16/2024 4:00,Winter
1/16/2024 5:00,Winter
1/16/2024 6:00,Winter
1/16/2024 7:00,Winter
1/16/2024 8:00,Winter
1/16/2024 9:00,Winter
1/16/2024 10:00,Winter
1/16/2024 11:00,Winter
1/16/2024 12:00,Winter
1/16/2024 13:00,Winter
1/16/2024 14:00,Winter
1/16/2024 15:00,Winter
1/16/2024 16:00,Winter
1/16/2024 17:00,Winter
1/16/2024 18:00,Winter
1/16/2024 19:00,Winter
1/16/2024 20:00,Winter
1/16/2024 21:00,Winter
1/16/2024 22:00,Winter
1/16/2024 23:00,Winter
1/17/2024 0:00,Winter
1/17/2024 1:00,Winter
1/17/2024 2:00,Winter
1/17/2024 3:00,Winter
1/17/2024 4:00,Winter
1/17/2024 5:00,Winter
1/17/2024 6:00,Winter
1/17/2024 7:00,Winter
1/17/2024 8:00,Winter
1/17/2024 9:00,Winter
1/17/2024 10:00,Winter
1/17/2024 11:00,Winter
1/17/2024 12:00,Winter
1/17/2024 13:00,Winter
1/17/2024 14:00,Winter
1/17/2024 15:00,Winter
1/17/2024 16:00,Winter
1/17/2024 17:00,Winter
1/17/2024 18:00,Winter
1/17/2024 19:00,Winter
1/17/2024 20:00,Winter
1/17/2024 21:00,Winter
1/17/2024 22:00,Winter
1/17/2024 23:00,Winter
1/18/2024 0:00,Winter
1/18/2024 1:00,Winter
1/18/2024 2:00,Winter
1/18/2024 3:00,Winter
1/18/2024 4:00,Winter
1/18/2024 5:00,Winter
1/18/2024 6:00,Winter
1/18/2024 7:00,Winter
1/18/2024 8:00,Winter
1/18/2024 9:00,Winter
1/18/2024 10:00,Winter
1/18/2024 11:00,Winter
1/18/2024 12:00,Winter
1/18/2024 13:00,Winter
1/18/2024 14:00,Winter
1/18/2024 15:00,Winter
1/18/2024 16:00,Winter
1/18/2024 17:00,Winter
1/18/2024 18:00,Winter
1/18/2024 19:00,Winter
1/18/2024 20:00,Winter
1/18/2024 21:00,Winter
1/18/2024 22:00,Winter
1/18/2024 23:00,Winter
1/19/2024 0:00,Winter
1/19/2024 1:00,Winter
1/19/2024 2:00,Winter
1/19/2024 3:00,Winter
1/19/2024 4:00,Winter
1/19/2024 5:00,Winter
1/19/2024 6:00,Winter
1/19/2024 7:00,Winter
1/19/2024 8:00,Winter
1/19/2024 9:00,Winter
1/19/2024 10:00,Winter
1/19/2024 11:00,Winter
1/19/2024 12:00,Winter
1/19/2024 13:00,Winter
1/19/2024 14:00,Winter
1/19/2024 15:00,Winter
1/19/2024 16:00,Winter
1/19/2024 17:00,Winter
1/19/2024 18:00,Winter
1/19/2024 19:00,Winter
1/19/2024 20:00,Winter
1/19/2024 21:00,Winter
1/19/2024 22:00,Winter
1/19/2024 23:00,Winter
1/20/2024 0:00,Winter
1/20/2024 1:00,Winter
1/20/2024 2:00,Winter
1/20/2024 3:00,Winter
1/20/2024 4:00,Winter
1/20/2024 5:00,Winter
1/20/2024 6:00,Winter
1/20/2024 7:00,Winter
1/20/2024 8:00,Winter
1/20/2024 9:00,Winter
1/20/2024 10:00,Winter
1/20/2024 11:00,Winter
1/20/2024 12:00,Winter
1/20/2024 13:00,Winter
1/20/2024 14:00,Winter
1/20/2024 15:00,Winter
1/20/2024 16:00,Winter
1/20/2024 17:00,Winter
1/20/2024 18:00,Winter
1/20/2024 19:00,Winter
1/20/2024 20:00,Winter
1/20/2024 21:00,Winter
1/20/2024 22:00,Winter
1/20/2024 23:00,Winter
1/21/2024 0:00,Winter
1/21/2024 1:00,Winter
1/21/2024 2:00,Winter
1/21/2024 3:00,Winter
1/21/2024 4:00,Winter
1/21/2024 5:00,Winter
1/21/2024 6:00,Winter
1/21/2024 7:00,Winter
1/21/2024 8:00,Winter
1/21/2024 9:00,Winter
1/21/2024 10:00,Winter
1/21/2024 11:00,Winter
1/21/2024 12:00,Winter
1/21/2024 13:00,Winter
1/21/2024 14:00,Winter
1/21/2024 15:00,Winter
1/21/2024 16:00,Winter
1/21/2024 17:00,Winter
1/21/2024 18:00,Winter
1/21/2024 19:00,Winter
1/21/2024 20:00,Winter
1/21/2024 21:00,Winter
1/21/2024 22:00,Winter
1/21/2024 23:00,Winter
1/22/2024 0:00,Winter
1/22/2024 1:00,Winter
1/22/2024 2:00,Winter
1/22/2024 3:00,Winter
1/22/2024 4:00,Winter
1/22/2024 5:00,Winter
1/22/2024 6:00,Winter
1/22/2024 7:00,Winter
1/22/2024 8:00,Winter
1/22/2024 9:00,Winter
1/22/2024 10:00,Winter
1/22/2024 11:00,Winter
1/22/2024 12:00,Winter
1/22/2024 13:00,Winter
1/22/2024 14:00,Winter
1/22/2024 15:00,Winter
1/22/2024 16:00,Winter
1/22/2024 17:00,Winter
1/22/2024 18:00,Winter
1/22/2024 19:00,Winter
1/22/2024 20:00,Winter
1/22/2024 21:00,Winter
1/22/2024 22:00,Winter
1/22/2024 23:00,Winter
1/23/2024 0:00,Winter
1/23/2024 1:00,Winter
1/23/2024 2:00,Winter
1/23/2024 3:00,Winter
1/23/2024 4:00,Winter
1/23/2024 5:00,Winter
1/23/2024 6:00,Winter
1/23/2024 7:00,Winter
1/23/2024 8:00,Winter
1/23/2024 9:00,Winter
1/23/2024 10:00,Winter
1/23/2024 11:00,Winter
1/23/2024 12:00,Winter
1/23/2024 13:00,Winter
1/23/2024 14:00,Winter
1/23/2024 15:00,Winter
1/23/2024 16:00,Winter
1/23/2024 17:00,Winter
1/23/2024 18:00,Winter
1/23/2024 19:00,Winter
1/23/2024 20:00,Winter
1/23/2024 21:00,Winter
1/23/2024 22:00,Winter
1/23/2024 23:00,Winter
1/24/2024 0:00,Winter
1/24/2024 1:00,Winter
1/24/2024 2:00,Winter
1/24/2024 3:00,Winter
1/24/2024 4:00,Winter
1/24/2024 5:00,Winter
1/24/2024 6:00,Winter
1/24/2024 7:00,Winter
1/24/2024 8:00,Winter
1/24/2024 9:00,Winter
1/24/2024 10:00,Winter
1/24/2024 11:00,Winter
1/24/2024 12:00,Winter
1/24/2024 13:00,Winter
1/24/2024 14:00,Winter
1/24/2024 15:00,Winter
1/24/2024 16:00,Winter
1/24/2024 17:00,Winter
1/24/2024 18:00,Winter
1/24/2024 19:00,Winter
1/24/2024 20:00,Winter
1/24/2024 21:00,Winter
1/24/2024 22:00,Winter
1/24/2024 23:00,Winter
1/25/2024 0:00,Winter
1/25/2024 1:00,Winter
1/25/2024 2:00,Winter
1/25/2024 3:00,Winter
1/25/2024 4:00,Winter
1/25/2024 5:00,Winter
1/25/2024 6:00,Winter
1/25/2024 7:00,Winter
1/25/2024 8:00,Winter
1/25/2024 9:00,Winter
1/25/2024 10:00,Winter
1/25/2024 11:00,Winter
1/25/2024 12:00,Winter
1/25/2024 13:00,Winter
1/25/2024 14:00,Winter
1/25/2024 15:00,Winter
1/25/2024 16:00,Winter
1/25/2024 17:00,Winter
1/25/2024 18:00,Winter
1/25/2024 19:00,Winter
1/25/2024 20:00,Winter
1/25/2024 21:00,Winter
1/25/2024 22:00,Winter
1/25/2024 23:00,Winter
1/26/2024 0:00,Winter
1/26/2024 1:00,Winter
1/26/2024 2:00,Winter
1/26/2024 3:00,Winter
1/26/2024 4:00,Winter
1/26/2024 5:00,Winter
1/26/2024 6:00,Winter
1/26/2024 7:00,Winter
1/26/2024 8:00,Winter
1/26/2024 9:00,Winter
1/26/2024 10:00,Winter
1/26/2024 11:00,Winter
1/26/2024 12:00,Winter
1/26/2024 13:00,Winter
1/26/2024 14:00,Winter
1/26/2024 15:00,Winter
1/26/2024 16:00,Winter
1/26/2024 17:00,Winter
1/26/2024 18:00,Winter
1/26/2024 19:00,Winter
1/26/2024 20:00,Winter
1/26/2024 21:00,Winter
1/26/2024 22:00,Winter
1/26/2024 23:00,Winter
1/27/2024 0:00,Winter
1/27/2024 1:00,Winter
1/27/2024 2:00,Winter
1/27/2024 3:00,Winter
1/27/2024 4:00,Winter
1/27/2024 5:00,Winter
1/27/2024 6:00,Winter
1/27/2024 7:00,Winter
1/27/2024 8:00,Winter
1/27/2024 9:00,Winter
1/27/2024 10:00,Winter
1/27/2024 11:00,Winter
1/27/2024 12:00,Winter
1/27/2024 13:00,Winter
1/27/2024 14:00,Winter
1/27/2024 15:00,Winter
1/27/2024 16:00,Winter
1/27/2024 17:00,Winter
1/27/2024 18:00,Winter
1/27/2024 19:00,Winter
1/27/2024 20:00,Winter
1/27/2024 21:00,Winter
1/27/2024 22:00,Winter
1/27/2024 23:00,Winter
1/28/2024 0:00,Winter
1/28/2024 1:00,Winter
1/28/2024 2:00,Winter
1/28/2024 3:00,Winter
1/28/2024 4:00,Winter
1/28/2024 5:00,Winter
1/28/2024 6:00,Winter
1/28/2024 7:00,Winter
1/28/2024 8:00,Winter
1/28/2024 9:00,Winter
1/28/2024 10:00,Winter
1/28/2024 11:00,Winter
1/28/2024 12:00,Winter
1/28/2024 13:00,Winter
1/28/2024 14:00,Winter
1/28/2024 15:00,Winter
1/28/2024 16:00,Winter
1/28/2024 17:00,Winter
1/28/2024 18:00,Winter
1/28/2024 19:00,Winter
1/28/2024 20:00,Winter
1/28/2024 21:00,Winter
1/28/2024 22:00,Winter
1/28/2024 23:00,Winter
1/29/2024 0:00,Winter
1/29/2024 1:00,Winter
1/29/2024 2:00,Winter
1/29/2024 3:00,Winter
1/29/2024 4:00,Winter
1/29/2024 5:00,Winter
1/29/2024 6:00,Winter
1/29/2024 7:00,Winter
1/29/2024 8:00,Winter
1/29/2024 9:00,Winter
1/29/2024 10:00,Winter
1/29/2024 11:00,Winter
1/29/2024 12:00,Winter
1/29/2024 13:00,Winter
1/29/2024 14:00,Winter
1/29/2024 15:00,Winter
1/29/2024 16:00,Winter
1/29/2024 17:00,Winter
1/29/2024 18:00,Winter
1/29/2024 19:00,Winter
1/29/2024 20:00,Winter
1/29/2024 21:00,Winter
1/29/2024 22:00,Winter
1/29/2024 23:00,Winter
1/30/2024 0:00,Winter
1/30/2024 1:00,Winter
1/30/2024 2:00,Winter
1/30/2024 3:00,Winter
1/30/2024 4:00,Winter
1/30/2024 5:00,Winter
1/30/2024 6:00,Winter
1/30/2024 7:00,Winter
1/30/2024 8:00,Winter
1/30/2024 9:00,Winter
1/30/2024 10:00,Winter
1/30/2024 11:00,Winter
1/30/2024 12:00,Winter
1/30/2024 13:00,Winter
1/30/2024 14:00,Winter
1/30/2024 15:00,Winter
1/30/2024 16:00,Winter
1/30/2024 17:00,Winter
1/30/2024 18:00,Winter
1/30/2024 19:00,Winter
1/30/2024 20:00,Winter
1/30/2024 21:00,Winter
1/30/2024 22:00,Winter
1/30/2024 23:00,Winter
1/31/2024 0:00,Winter
1/31/2024 1:00,Winter
1/31/2024 2:00,Winter
1/31/2024 3:00,Winter
1/31/2024 4:00,Winter
1/31/2024 5:00,Winter
1/31/2024 6:00,Winter
1/31/2024 7:00,Winter
1/31/2024 8:00,Winter
1/31/2024 9:00,Winter
1/31/2024 10:00,Winter
1/31/2024 11:00,Winter
1/31/2024 12:00,Winter
1/31/2024 13:00,Winter
1/31/2024 14:00,Winter
1/31/2024 15:00,Winter
1/31/2024 16:00,Winter
1/31/2024 17:00,Winter
1/31/2024 18:00,Winter
1/31/2024 19:00,Winter
1/31/2024 20:00,Winter
1/31/2024 21:00,Winter
1/31/2024 22:00,Winter
1/31/2024 23:00,Winter
2/1/2024 0:00,Winter
2/1/2024 1:00,Winter
2/1/2024 2:00,Winter
2/1/2024 3:00,Winter
2/1/2024 4:00,Winter
2/1/2024 5:00,Winter
2/1/2024 6:00,Winter
2/1/2024 7:00,Winter
2/1/2024 8:00,Winter
2/1/2024 9:00,Winter
2/1/2024 10:00,Winter
2/1/2024 11:00,Winter
2/1/2024 12:00,Winter
2/1/2024 13:00,Winter
2/1/2024 14:00,Winter
2/1/2024 15:00,Winter
2/1/2024 16:00,Winter
2/1/2024 17:00,Winter
2/1/2024 18:00,Winter
2/1/2024 19:00,Winter
2/1/2024 20:00,Winter
2/1/2024 21:00,Winter
2/1/2024 22:00,Winter
2/1/2024 23:00,Winter
2/2/2024 0:00,Winter
2/2/2024 1:00,Winter
2/2/2024 2:00,Winter
2/2/2024 3:00,Winter
2/2/2024 4:00,Winter
2/2/2024 5:00,Winter
2/2/2024 6:00,Winter
2/2/2024 7:00,Winter
2/2/2024 8:00,Winter
2/2/2024 9:00,Winter
2/2/2024 10:00,Winter
2/2/2024 11:00,Winter
2/2/2024 12:00,Winter
2/2/2024 13:00,Winter
2/2/2024 14:00,Winter
2/2/2024 15:00,Winter
2/2/2024 16:00,Winter
2/2/2024 17:00,Winter
2/2/2024 18:00,Winter
2/2/2024 19:00,Winter
2/2/2024 20:00,Winter
2/2/2024 21:00,Winter
2/2/2024 22:00,Winter
2/2/2024 23:00,Winter
2/3/2024 0:00,Winter
2/3/2024 1:00,Winter
2/3/2024 2:00,Winter
2/3/2024 3:00,Winter
2/3/2024 4:00,Winter
2/3/2024 5:00,Winter
2/3/2024 6:00,Winter
2/3/2024 7:00,Winter
2/3/2024 8:00,Winter
2/3/2024 9:00,Winter
2/3/2024 10:00,Winter
2/3/2024 11:00,Winter
2/3/2024 12:00,Winter
2/3/2024 13:00,Winter
2/3/2024 14:00,Winter
2/3/2024 15:00,Winter
2/3/2024 16:00,Winter
2/3/2024 17:00,Winter
2/3/2024 18:00,Winter
2/3/2024 19:00,Winter
2/3/2024 20:00,Winter
2/3/2024 21:00,Winter
2/3/2024 22:00,Winter
2/3/2024 23:00,Winter
2/4/2024 0:00,Winter
2/4/2024 1:00,Winter
2/4/2024 2:00,Winter
2/4/2024 3:00,Winter
2/4/2024 4:00,Winter
2/4/2024 5:00,Winter
2/4/2024 6:00,Winter
2/4/2024 7:00,Winter
2/4/2024 8:00,Winter
2/4/2024 9:00,Winter
2/4/2024 10:00,Winter
2/4/2024 11:00,Winter
2/4/2024 12:00,Winter
2/4/2024 13:00,Winter
2/4/2024 14:00,Winter
2/4/2024 15:00,Winter
2/4/2024 16:00,Winter
2/4/2024 17:00,Winter
2/4/2024 18:00,Winter
2/4/2024 19:00,Winter
2/4/2024 20:00,Winter
2/4/2024 21:00,Winter
2/4/2024 22:00,Winter
2/4/2024 23:00,Winter
2/5/2024 0:00,Winter
2/5/2024 1:00,Winter
2/5/2024 2:00,Winter
2/5/2024 3:00,Winter
2/5/2024 4:00,Winter
2/5/2024 5:00,Winter
2/5/2024 6:00,Winter
2/5/2024 7:00,Winter
2/5/2024 8:00,Winter
2/5/2024 9:00,Winter
2/5/2024 10:00,Winter
2/5/2024 11:00,Winter
2/5/2024 12:00,Winter
2/5/2024 13:00,Winter
2/5/2024 14:00,Winter
2/5/2024 15:00,Winter
2/5/2024 16:00,Winter
2/5/2024 17:00,Winter
2/5/2024 18:00,Winter
2/5/2024 19:00,Winter
2/5/2024 20:00,Winter
2/5/2024 21:00,Winter
2/5/2024 22:00,Winter
2/5/2024 23:00,Winter
2/6/2024 0:00,Winter
2/6/2024 1:00,Winter
2/6/2024 2:00,Winter
2/6/2024 3:00,Winter
2/6/2024 4:00,Winter
2/6/2024 5:00,Winter
2/6/2024 6:00,Winter
2/6/2024 7:00,Winter
2/6/2024 8:00,Winter
2/6/2024 9:00,Winter
2/6/2024 10:00,Winter
2/6/2024 11:00,Winter
2/6/2024 12:00,Winter
2/6/2024 13:00,Winter
2/6/2024 14:00,Winter
2/6/2024 15:00,Winter
2/6/2024 16:00,Winter
2/6/2024 17:00,Winter
2/6/2024 18:00,Winter
2/6/2024 19:00,Winter
2/6/2024 20:00,Winter
2/6/2024 21:00,Winter
2/6/2024 22:00,Winter
2/6/2024 23:00,Winter
2/7/2024 0:00,Winter
2/7/2024 1:00,Winter
2/7/2024 2:00,Winter
2/7/2024 3:00,Winter
2/7/2024 4:00,Winter
2/7/2024 5:00,Winter
2/7/2024 6:00,Winter
2/7/2024 7:00,Winter
2/7/2024 8:00,Winter
2/7/2024 9:00,Winter
2/7/2024 10:00,Winter
2/7/2024 11:00,Winter
2/7/2024 12:00,Winter
2/7/2024 13:00,Winter
2/7/2024 14:00,Winter
2/7/2024 15:00,Winter
2/7/2024 16:00,Winter
2/7/2024 17:00,Winter
2/7/2024 18:00,Winter
2/7/2024 19:00,Winter
2/7/2024 20:00,Winter
2/7/2024 21:00,Winter
2/7/2024 22:00,Winter
2/7/2024 23:00,Winter
2/8/2024 0:00,Winter
2/8/2024 1:00,Winter
2/8/2024 2:00,Winter
2/8/2024 3:00,Winter
2/8/2024 4:00,Winter
2/8/2024 5:00,Winter
2/8/2024 6:00,Winter
2/8/2024 7:00,Winter
2/8/2024 8:00,Winter
2/8/2024 9:00,Winter
2/8/2024 10:00,Winter
2/8/2024 11:00,Winter
2/8/2024 12:00,Winter
2/8/2024 13:00,Winter
2/8/2024 14:00,Winter
2/8/2024 15:00,Winter
2/8/2024 16:00,Winter
2/8/2024 17:00,Winter
2/8/2024 18:00,Winter
2/8/2024 19:00,Winter
2/8/2024 20:00,Winter
2/8/2024 21:00,Winter
2/8/2024 22:00,Winter
2/8/2024 23:00,Winter
2/9/2024 0:00,Winter
2/9/2024 1:00,Winter
2/9/2024 2:00,Winter
2/9/2024 3:00,Winter
2/9/2024 4:00,Winter
2/9/2024 5:00,Winter
2/9/2024 6:00,Winter
2/9/2024 7:00,Winter
2/9/2024 8:00,Winter
2/9/2024 9:00,Winter
2/9/2024 10:00,Winter
2/9/2024 11:00,Winter
2/9/2024 12:00,Winter
2/9/2024 13:00,Winter
2/9/2024 14:00,Winter
2/9/2024 15:00,Winter
2/9/2024 16:00,Winter
2/9/2024 17:00,Winter
2/9/2024 18:00,Winter
2/9/2024 19:00,Winter
2/9/2024 20:00,Winter
2/9/2024 21:00,Winter
2/9/2024 22:00,Winter
2/9/2024 23:00,Winter
2/10/2024 0:00,Winter
2/10/2024 1:00,Winter
2/10/2024 2:00,Winter
2/10/2024 3:00,Winter
2/10/2024 4:00,Winter
2/10/2024 5:00,Winter
2/10/2024 6:00,Winter
2/10/2024 7:00,Winter
2/10/2024 8:00,Winter
2/10/2024 9:00,Winter
2/10/2024 10:00,Winter
2/10/2024 11:00,Winter
2/10/2024 12:00,Winter
2/10/2024 13:00,Winter
2/10/2024 14:00,Winter
2/10/2024 15:00,Winter
2/10/2024 16:00,Winter
2/10/2024 17:00,Winter
2/10/2024 18:00,Winter
2/10/2024 19:00,Winter
2/10/2024 20:00,Winter
2/10/2024 21:00,Winter
2/10/2024 22:00,Winter
2/10/2024 23:00,Winter
2/11/2024 0:00,Winter
2/11/2024 1:00,Winter
2/11/2024 2:00,Winter
2/11/2024 3:00,Winter
2/11/2024 4:00,Winter
2/11/2024 5:00,Winter
2/11/2024 6:00,Winter
2/11/2024 7:00,Winter
2/11/2024 8:00,Winter
2/11/2024 9:00,Winter
2/11/2024 10:00,Winter
2/11/2024 11:00,Winter
2/11/2024 12:00,Winter
2/11/2024 13:00,Winter
2/11/2024 14:00,Winter
2/11/2024 15:00,Winter
2/11/2024 16:00,Winter
2/11/2024 17:00,Winter
2/11/2024 18:00,Winter
2/11/2024 19:00,Winter
2/11/2024 20:00,Winter
2/11/2024 21:00,Winter
2/11/2024 22:00,Winter
2/11/2024 23:00,Winter
2/12/2024 0:00,Winter
2/12/2024 1:00,Winter
2/12/2024 2:00,Winter
2/12/2024 3:00,Winter
2/12/2024 4:00,Winter
2/12/2024 5:00,Winter
2/12/2024 6:00,Winter
2/12/2024 7:00,Winter
2/12/2024 8:00,Winter
2/12/2024 9:00,Winter
2/12/2024 10:00,Winter
2/12/2024 11:00,Winter
2/12/2024 12:00,Winter
2/12/2024 13:00,Winter
2/12/2024 14:00,Winter
2/12/2024 15:00,Winter
2/12/2024 16:00,Winter
2/12/2024 17:00,Winter
2/12/2024 18:00,Winter
2/12/2024 19:00,Winter
2/12/2024 20:00,Winter
2/12/2024 21:00,Winter
2/12/2024 22:00,Winter
2/12/2024 23:00,Winter
2/13/2024 0:00,Winter
2/13/2024 1:00,Winter
2/13/2024 2:00,Winter
2/13/2024 3:00,Winter
2/13/2024 4:00,Winter
2/13/2024 5:00,Winter
2/13/2024 6:00,Winter
2/13/2024 7:00,Winter
2/13/2024 8:00,Winter
2/13/2024 9:00,Winter
2/13/2024 10:00,Winter
2/13/2024 11:00,Winter
2/13/2024 12:00,Winter
2/13/2024 13:00,Winter
2/13/2024 14:00,Winter
2/13/2024 15:00,Winter
2/13/2024 16:00,Winter
2/13/2024 17:00,Winter
2/13/2024 18:00,Winter
2/13/2024 19:00,Winter
2/13/2024 20:00,Winter
2/13/2024 21:00,Winter
2/13/2024 22:00,Winter
2/13/2024 23:00,Winter
2/14/2024 0:00,Winter
2/14/2024 1:00,Winter
2/14/2024 2:00,Winter
2/14/2024 3:00,Winter
2/14/2024 4:00,Winter
2/14/2024 5:00,Winter
2/14/2024 6:00,Winter
2/14/2024 7:00,Winter
2/14/2024 8:00,Winter
2/14/2024 9:00,Winter
2/14/2024 10:00,Winter
2/14/2024 11:00,Winter
2/14/2024 12:00,Winter
2/14/2024 13:00,Winter
2/14/2024 14:00,Winter
2/14/2024 15:00,Winter
2/14/2024 16:00,Winter
2/14/2024 17:00,Winter
2/14/2024 18:00,Winter
2/14/2024 19:00,Winter
2/14/2024 20:00,Winter
2/14/2024 21:00,Winter
2/14/2024 22:00,Winter
2/14/2024 23:00,Winter
2/15/2024 0:00,Winter
2/15/2024 1:00,Winter
2/15/2024 2:00,Winter
2/15/2024 3:00,Winter
2/15/2024 4:00,Winter
2/15/2024 5:00,Winter
2/15/2024 6:00,Winter
2/15/2024 7:00,Winter
2/15/2024 8:00,Winter
2/15/2024 9:00,Winter
2/15/2024 10:00,Winter
2/15/2024 11:00,Winter
2/15/2024 12:00,Winter
2/15/2024 13:00,Winter
2/15/2024 14:00,Winter
2/15/2024 15:00,Winter
2/15/2024 16:00,Winter
2/15/2024 17:00,Winter
2/15/2024 18:00,Winter
2/15/2024 19:00,Winter
2/15/2024 20:00,Winter
2/15/2024 21:00,Winter
2/15/2024 22:00,Winter
2/15/2024 23:00,Winter
2/16/2024 0:00,Winter
2/16/2024 1:00,Winter
2/16/2024 2:00,Winter
2/16/2024 3:00,Winter
2/16/2024 4:00,Winter
2/16/2024 5:00,Winter
2/16/2024 6:00,Winter
2/16/2024 7:00,Winter
2/16/2024 8:00,Winter
2/16/2024 9:00,Winter
2/16/2024 10:00,Winter
2/16/2024 11:00,Winter
2/16/2024 12:00,Winter
2/16/2024 13:00,Winter
2/16/2024 14:00,Winter
2/16/2024 15:00,Winter
2/16/2024 16:00,Winter
2/16/2024 17:00,Winter
2/16/2024 18:00,Winter
2/16/2024 19:00,Winter
2/16/2024 20:00,Winter
2/16/2024 21:00,Winter
2/16/2024 22:00,Winter
2/16/2024 23:00,Winter
2/17/2024 0:00,Winter
2/17/2024 1:00,Winter
2/17/2024 2:00,Winter
2/17/2024 3:00,Winter
2/17/2024 4:00,Winter
2/17/2024 5:00,Winter
2/17/2024 6:00,Winter
2/17/2024 7:00,Winter
2/17/2024 8:00,Winter
2/17/2024 9:00,Winter
2/17/2024 10:00,Winter
2/17/2024 11:00,Winter
2/17/2024 12:00,Winter
2/17/2024 13:00,Winter
2/17/2024 14:00,Winter
2/17/2024 15:00,Winter
2/17/2024 16:00,Winter
2/17/2024 17:00,Winter
2/17/2024 18:00,Winter
2/17/2024 19:00,Winter
2/17/2024 20:00,Winter
2/17/2024 21:00,Winter
2/17/2024 22:00,Winter
2/17/2024 23:00,Winter
2/18/2024 0:00,Winter
2/18/2024 1:00,Winter
2/18/2024 2:00,Winter
2/18/2024 3:00,Winter
2/18/2024 4:00,Winter
2/18/2024 5:00,Winter
2/18/2024 6:00,Winter
2/18/2024 7:00,Winter
2/18/2024 8:00,Winter
2/18/2024 9:00,Winter
2/18/2024 10:00,Winter
2/18/2024 11:00,Winter
2/18/2024 12:00,Winter
2/18/2024 13:00,Winter
2/18/2024 14:00,Winter
2/18/2024 15:00,Winter
2/18/2024 16:00,Winter
2/18/2024 17:00,Winter
2/18/2024 18:00,Winter
2/18/2024 19:00,Winter
2/18/2024 20:00,Winter
2/18/2024 21:00,Winter
2/18/2024 22:00,Winter
2/18/2024 23:00,Winter
2/19/2024 0:00,Winter
2/19/2024 1:00,Winter
2/19/2024 2:00,Winter
2/19/2024 3:00,Winter
2/19/2024 4:00,Winter
2/19/2024 5:00,Winter
2/19/2024 6:00,Winter
2/19/2024 7:00,Winter
2/19/2024 8:00,Winter
2/19/2024 9:00,Winter
2/19/2024 10:00,Winter
2/19/2024 11:00,Winter
2/19/2024 12:00,Winter
2/19/2024 13:00,Winter
2/19/2024 14:00,Winter
2/19/2024 15:00,Winter
2/19/2024 16:00,Winter
2/19/2024 17:00,Winter
2/19/2024 18:00,Winter
2/19/2024 19:00,Winter
2/19/2024 20:00,Winter
2/19/2024 21:00,Winter
2/19/2024 22:00,Winter
2/19/2024 23:00,Winter
2/20/2024 0:00,Winter
2/20/2024 1:00,Winter
2/20/2024 2:00,Winter
2/20/2024 3:00,Winter
2/20/2024 4:00,Winter
2/20/2024 5:00,Winter
2/20/2024 6:00,Winter
2/20/2024 7:00,Winter
2/20/2024 8:00,Winter
2/20/2024 9:00,Winter
2/20/2024 10:00,Winter
2/20/2024 11:00,Winter
2/20/2024 12:00,Winter
2/20/2024 13:00,Winter
2/20/2024 14:00,Winter
2/20/2024 15:00,Winter
2/20/2024 16:00,Winter
2/20/2024 17:00,Winter
2/20/2024 18:00,Winter
2/20/2024 19:00,Winter
2/20/2024 20:00,Winter
2/20/2024 21:00,Winter
2/20/2024 22:00,Winter
2/20/2024 23:00,Winter
2/21/2024 0:00,Winter
2/21/2024 1:00,Winter
2/21/2024 2:00,Winter
2/21/2024 3:00,Winter
2/21/2024 4:00,Winter
2/21/2024 5:00,Winter
2/21/2024 6:00,Winter
2/21/2024 7:00,Winter
2/21/2024 8:00,Winter
2/21/2024 9:00,Winter
2/21/2024 10:00,Winter
2/21/2024 11:00,Winter
2/21/2024 12:00,Winter
2/21/2024 13:00,Winter
2/21/2024 14:00,Winter
2/21/2024 15:00,Winter
2/21/2024 16:00,Winter
2/21/2024 17:00,Winter
2/21/2024 18:00,Winter
2/21/2024 19:00,Winter
2/21/2024 20:00,Winter
2/21/2024 21:00,Winter
2/21/2024 22:00,Winter
2/21/2024 23:00,Winter
2/22/2024 0:00,Winter
2/22/2024 1:00,Winter
2/22/2024 2:00,Winter
2/22/2024 3:00,Winter
2/22/2024 4:00,Winter
2/22/2024 5:00,Winter
2/22/2024 6:00,Winter
2/22/2024 7:00,Winter
2/22/2024 8:00,Winter
2/22/2024 9:00,Winter
2/22/2024 10:00,Winter
2/22/2024 11:00,Winter
2/22/2024 12:00,Winter
2/22/2024 13:00,Winter
2/22/2024 14:00,Winter
2/22/2024 15:00,Winter
2/22/2024 16:00,Winter
2/22/2024 17:00,Winter
2/22/2024 18:00,Winter
2/22/2024 19:00,Winter
2/22/2024 20:00,Winter
2/22/2024 21:00,Winter
2/22/2024 22:00,Winter
2/22/2024 23:00,Winter
2/23/2024 0:00,Winter
2/23/2024 1:00,Winter
2/23/2024 2:00,Winter
2/23/2024 3:00,Winter
2/23/2024 4:00,Winter
2/23/2024 5:00,Winter
2/23/2024 6:00,Winter
2/23/2024 7:00,Winter
2/23/2024 8:00,Winter
2/23/2024 9:00,Winter
2/23/2024 10:00,Winter
2/23/2024 11:00,Winter
2/23/2024 12:00,Winter
2/23/2024 13:00,Winter
2/23/2024 14:00,Winter
2/23/2024 15:00,Winter
2/23/2024 16:00,Winter
2/23/2024 17:00,Winter
2/23/2024 18:00,Winter
2/23/2024 19:00,Winter
2/23/2024 20:00,Winter
2/23/2024 21:00,Winter
2/23/2024 22:00,Winter
2/23/2024 23:00,Winter
2/24/2024 0:00,Winter
2/24/2024 1:00,Winter
2/24/2024 2:00,Winter
2/24/2024 3:00,Winter
2/24/2024 4:00,Winter
2/24/2024 5:00,Winter
2/24/2024 6:00,Winter
2/24/2024 7:00,Winter
2/24/2024 8:00,Winter
2/24/2024 9:00,Winter
2/24/2024 10:00,Winter
2/24/2024 11:00,Winter
2/24/2024 12:00,Winter
2/24/2024 13:00,Winter
2/24/2024 14:00,Winter
2/24/2024 15:00,Winter
2/24/2024 16:00,Winter
2/24/2024 17:00,Winter
2/24/2024 18:00,Winter
2/24/2024 19:00,Winter
2/24/2024 20:00,Winter
2/24/2024 21:00,Winter
2/24/2024 22:00,Winter
2/24/2024 23:00,Winter
2/25/2024 0:00,Winter
2/25/2024 1:00,Winter
2/25/2024 2:00,Winter
2/25/2024 3:00,Winter
2/25/2024 4:00,Winter
2/25/2024 5:00,Winter
2/25/2024 6:00,Winter
2/25/2024 7:00,Winter
2/25/2024 8:00,Winter
2/25/2024 9:00,Winter
2/25/2024 10:00,Winter
2/25/2024 11:00,Winter
2/25/2024 12:00,Winter
2/25/2024 13:00,Winter
2/25/2024 14:00,Winter
2/25/2024 15:00,Winter
2/25/2024 16:00,Winter
2/25/2024 17:00,Winter
2/25/2024 18:00,Winter
2/25/2024 19:00,Winter
2/25/2024 20:00,Winter
2/25/2024 21:00,Winter
2/25/2024 22:00,Winter
2/25/2024 23:00,Winter
2/26/2024 0:00,Winter
2/26/2024 1:00,Winter
2/26/2024 2:00,Winter
2/26/2024 3:00,Winter
2/26/2024 4:00,Winter
2/26/2024 5:00,Winter
2/26/2024 6:00,Winter
2/26/2024 7:00,Winter
2/26/2024 8:00,Winter
2/26/2024 9:00,Winter
2/26/2024 10:00,Winter
2/26/2024 11:00,Winter
2/26/2024 12:00,Winter
2/26/2024 13:00,Winter
2/26/2024 14:00,Winter
2/26/2024 15:00,Winter
2/26/2024 16:00,Winter
2/26/2024 17:00,Winter
2/26/2024 18:00,Winter
2/26/2024 19:00,Winter
2/26/2024 20:00,Winter
2/26/2024 21:00,Winter
2/26/2024 22:00,Winter
2/26/2024 23:00,Winter
2/27/2024 0:00,Winter
2/27/2024 1:00,Winter
2/27/2024 2:00,Winter
2/27/2024 3:00,Winter
2/27/2024 4:00,Winter
2/27/2024 5:00,Winter
2/27/2024 6:00,Winter
2/27/2024 7:00,Winter
2/27/2024 8:00,Winter
2/27/2024 9:00,Winter
2/27/2024 10:00,Winter
2/27/2024 11:00,Winter
2/27/2024 12:00,Winter
2/27/2024 13:00,Winter
2/27/2024 14:00,Winter
2/27/2024 15:00,Winter
2/27/2024 16:00,Winter
2/27/2024 17:00,Winter
2/27/2024 18:00,Winter
2/27/2024 19:00,Winter
2/27/2024 20:00,Winter
2/27/2024 21:00,Winter
2/27/2024 22:00,Winter
2/27/2024 23:00,Winter
2/28/2024 0:00,Winter
2/28/2024 1:00,Winter
2/28/2024 2:00,Winter
2/28/2024 3:00,Winter
2/28/2024 4:00,Winter
2/28/2024 5:00,Winter
2/28/2024 6:00,Winter
2/28/2024 7:00,Winter
2/28/2024 8:00,Winter
2/28/2024 9:00,Winter
2/28/2024 10:00,Winter
2/28/2024 11:00,Winter
2/28/2024 12:00,Winter
2/28/2024 13:00,Winter
2/28/2024 14:00,Winter
2/28/2024 15:00,Winter
2/28/2024 16:00,Winter
2/28/2024 17:00,Winter
2/28/2024 18:00,Winter
2/28/2024 19:00,Winter
2/28/2024 20:00,Winter
2/28/2024 21:00,Winter
2/28/2024 22:00,Winter
2/28/2024 23:00,Winter
2/29/2024 0:00,Winter
2/29/2024 1:00,Winter
2/29/2024 2:00,Winter
2/29/2024 3:00,Winter
2/29/2024 4:00,Winter
2/29/2024 5:00,Winter
2/29/2024 6:00,Winter
2/29/2024 7:00,Winter
2/29/2024 8:00,Winter
2/29/2024 9:00,Winter
2/29/2024 10:00,Winter
2/29/2024 11:00,Winter
2/29/2024 12:00,Winter
2/29/2024 13:00,Winter
2/29/2024 14:00,Winter
2/29/2024 15:00,Winter
2/29/2024 16:00,Winter
2/29/2024 17:00,Winter
2/29/2024 18:00,Winter
2/29/2024 19:00,Winter
2/29/2024 20:00,Winter
2/29/2024 21:00,Winter
2/29/2024 22:00,Winter
2/29/2024 23:00,Winter
3/1/2024 0:00,Summer
3/1/2024 1:00,Summer
3/1/2024 2:00,Summer
3/1/2024 3:00,Summer
3/1/2024 4:00,Summer
3/1/2024 5:00,Summer
3/1/2024 6:00,Summer
3/1/2024 7:00,Summer
3/1/2024 8:00,Summer
3/1/2024 9:00,Summer
3/1/2024 10:00,Summer
3/1/2024 11:00,Summer
3/1/2024 12:00,Summer
3/1/2024 13:00,Summer
3/1/2024 14:00,Summer
3/1/2024 15:00,Summer
3/1/2024 16:00,Summer
3/1/2024 17:00,Summer
3/1/2024 18:00,Summer
3/1/2024 19:00,Summer
3/1/2024 20:00,Summer
3/1/2024 21:00,Summer
3/1/2024 22:00,Summer
3/1/2024 23:00,Summer
3/2/2024 0:00,Summer
3/2/2024 1:00,Summer
3/2/2024 2:00,Summer
3/2/2024 3:00,Summer
3/2/2024 4:00,Summer
3/2/2024 5:00,Summer
3/2/2024 6:00,Summer
3/2/2024 7:00,Summer
3/2/2024 8:00,Summer
3/2/2024 9:00,Summer
3/2/2024 10:00,Summer
3/2/2024 11:00,Summer
3/2/2024 12:00,Summer
3/2/2024 13:00,Summer
3/2/2024 14:00,Summer
3/2/2024 15:00,Summer
3/2/2024 16:00,Summer
3/2/2024 17:00,Summer
3/2/2024 18:00,Summer
3/2/2024 19:00,Summer
3/2/2024 20:00,Summer
3/2/2024 21:00,Summer
3/2/2024 22:00,Summer
3/2/2024 23:00,Summer
3/3/2024 0:00,Summer
3/3/2024 1:00,Summer
3/3/2024 2:00,Summer
3/3/2024 3:00,Summer
3/3/2024 4:00,Summer
3/3/2024 5:00,Summer
3/3/2024 6:00,Summer
3/3/2024 7:00,Summer
3/3/2024 8:00,Summer
3/3/2024 9:00,Summer
3/3/2024 10:00,Summer
3/3/2024 11:00,Summer
3/3/2024 12:00,Summer
3/3/2024 13:00,Summer
3/3/2024 14:00,Summer
3/3/2024 15:00,Summer
3/3/2024 16:00,Summer
3/3/2024 17:00,Summer
3/3/2024 18:00,Summer
3/3/2024 19:00,Summer
3/3/2024 20:00,Summer
3/3/2024 21:00,Summer
3/3/2024 22:00,Summer
3/3/2024 23:00,Summer
3/4/2024 0:00,Summer
3/4/2024 1:00,Summer
3/4/2024 2:00,Summer
3/4/2024 3:00,Summer
3/4/2024 4:00,Summer
3/4/2024 5:00,Summer
3/4/2024 6:00,Summer
3/4/2024 7:00,Summer
3/4/2024 8:00,Summer
3/4/2024 9:00,Summer
3/4/2024 10:00,Summer
3/4/2024 11:00,Summer
3/4/2024 12:00,Summer
3/4/2024 13:00,Summer
3/4/2024 14:00,Summer
3/4/2024 15:00,Summer
3/4/2024 16:00,Summer
3/4/2024 17:00,Summer
3/4/2024 18:00,Summer
3/4/2024 19:00,Summer
3/4/2024 20:00,Summer
3/4/2024 21:00,Summer
3/4/2024 22:00,Summer
3/4/2024 23:00,Summer
3/5/2024 0:00,Summer
3/5/2024 1:00,Summer
3/5/2024 2:00,Summer
3/5/2024 3:00,Summer
3/5/2024 4:00,Summer
3/5/2024 5:00,Summer
3/5/2024 6:00,Summer
3/5/2024 7:00,Summer
3/5/2024 8:00,Summer
3/5/2024 9:00,Summer
3/5/2024 10:00,Summer
3/5/2024 11:00,Summer
3/5/2024 12:00,Summer
3/5/2024 13:00,Summer
3/5/2024 14:00,Summer
3/5/2024 15:00,Summer
3/5/2024 16:00,Summer
3/5/2024 17:00,Summer
3/5/2024 18:00,Summer
3/5/2024 19:00,Summer
3/5/2024 20:00,Summer
3/5/2024 21:00,Summer
3/5/2024 22:00,Summer
3/5/2024 23:00,Summer
3/6/2024 0:00,Summer
3/6/2024 1:00,Summer
3/6/2024 2:00,Summer
3/6/2024 3:00,Summer
3/6/2024 4:00,Summer
3/6/2024 5:00,Summer
3/6/2024 6:00,Summer
3/6/2024 7:00,Summer
3/6/2024 8:00,Summer
3/6/2024 9:00,Summer
3/6/2024 10:00,Summer
3/6/2024 11:00,Summer
3/6/2024 12:00,Summer
3/6/2024 13:00,Summer
3/6/2024 14:00,Summer
3/6/2024 15:00,Summer
3/6/2024 16:00,Summer
3/6/2024 17:00,Summer
3/6/2024 18:00,Summer
3/6/2024 19:00,Summer
3/6/2024 20:00,Summer
3/6/2024 21:00,Summer
3/6/2024 22:00,Summer
3/6/2024 23:00,Summer
3/7/2024 0:00,Summer
3/7/2024 1:00,Summer
3/7/2024 2:00,Summer
3/7/2024 3:00,Summer
3/7/2024 4:00,Summer
3/7/2024 5:00,Summer
3/7/2024 6:00,Summer
3/7/2024 7:00,Summer
3/7/2024 8:00,Summer
3/7/2024 9:00,Summer
3/7/2024 10:00,Summer
3/7/2024 11:00,Summer
3/7/2024 12:00,Summer
3/7/2024 13:00,Summer
3/7/2024 14:00,Summer
3/7/2024 15:00,Summer
3/7/2024 16:00,Summer
3/7/2024 17:00,Summer
3/7/2024 18:00,Summer
3/7/2024 19:00,Summer
3/7/2024 20:00,Summer
3/7/2024 21:00,Summer
3/7/2024 22:00,Summer
3/7/2024 23:00,Summer
3/8/2024 0:00,Summer
3/8/2024 1:00,Summer
3/8/2024 2:00,Summer
3/8/2024 3:00,Summer
3/8/2024 4:00,Summer
3/8/2024 5:00,Summer
3/8/2024 6:00,Summer
3/8/2024 7:00,Summer
3/8/2024 8:00,Summer
3/8/2024 9:00,Summer
3/8/2024 10:00,Summer
3/8/2024 11:00,Summer
3/8/2024 12:00,Summer
3/8/2024 13:00,Summer
3/8/2024 14:00,Summer
3/8/2024 15:00,Summer
3/8/2024 16:00,Summer
3/8/2024 17:00,Summer
3/8/2024 18:00,Summer
3/8/2024 19:00,Summer
3/8/2024 20:00,Summer
3/8/2024 21:00,Summer
3/8/2024 22:00,Summer
3/8/2024 23:00,Summer
3/9/2024 0:00,Summer
3/9/2024 1:00,Summer
3/9/2024 2:00,Summer
3/9/2024 3:00,Summer
3/9/2024 4:00,Summer
3/9/2024 5:00,Summer
3/9/2024 6:00,Summer
3/9/2024 7:00,Summer
3/9/2024 8:00,Summer
3/9/2024 9:00,Summer
3/9/2024 10:00,Summer
3/9/2024 11:00,Summer
3/9/2024 12:00,Summer
3/9/2024 13:00,Summer
3/9/2024 14:00,Summer
3/9/2024 15:00,Summer
3/9/2024 16:00,Summer
3/9/2024 17:00,Summer
3/9/2024 18:00,Summer
3/9/2024 19:00,Summer
3/9/2024 20:00,Summer
3/9/2024 21:00,Summer
3/9/2024 22:00,Summer
3/9/2024 23:00,Summer
3/10/2024 0:00,Summer
3/10/2024 1:00,Summer
3/10/2024 2:00,Summer
3/10/2024 3:00,Summer
3/10/2024 4:00,Summer
3/10/2024 5:00,Summer
3/10/2024 6:00,Summer
3/10/2024 7:00,Summer
3/10/2024 8:00,Summer
3/10/2024 9:00,Summer
3/10/2024 10:00,Summer
3/10/2024 11:00,Summer
3/10/2024 12:00,Summer
3/10/2024 13:00,Summer
3/10/2024 14:00,Summer
3/10/2024 15:00,Summer
3/10/2024 16:00,Summer
3/10/2024 17:00,Summer
3/10/2024 18:00,Summer
3/10/2024 19:00,Summer
3/10/2024 20:00,Summer
3/10/2024 21:00,Summer
3/10/2024 22:00,Summer
3/10/2024 23:00,Summer
3/11/2024 0:00,Summer
3/11/2024 1:00,Summer
3/11/2024 2:00,Summer
3/11/2024 3:00,Summer
3/11/2024 4:00,Summer
3/11/2024 5:00,Summer
3/11/2024 6:00,Summer
3/11/2024 7:00,Summer
3/11/2024 8:00,Summer
3/11/2024 9:00,Summer
3/11/2024 10:00,Summer
3/11/2024 11:00,Summer
3/11/2024 12:00,Summer
3/11/2024 13:00,Summer
3/11/2024 14:00,Summer
3/11/2024 15:00,Summer
3/11/2024 16:00,Summer
3/11/2024 17:00,Summer
3/11/2024 18:00,Summer
3/11/2024 19:00,Summer
3/11/2024 20:00,Summer
3/11/2024 21:00,Summer
3/11/2024 22:00,Summer
3/11/2024 23:00,Summer
3/12/2024 0:00,Summer
3/12/2024 1:00,Summer
3/12/2024 2:00,Summer
3/12/2024 3:00,Summer
3/12/2024 4:00,Summer
3/12/2024 5:00,Summer
3/12/2024 6:00,Summer
3/12/2024 7:00,Summer
3/12/2024 8:00,Summer
3/12/2024 9:00,Summer
3/12/2024 10:00,Summer
3/12/2024 11:00,Summer
3/12/2024 12:00,Summer
3/12/2024 13:00,Summer
3/12/2024 14:00,Summer
3/12/2024 15:00,Summer
3/12/2024 16:00,Summer
3/12/2024 17:00,Summer
3/12/2024 18:00,Summer
3/12/2024 19:00,Summer
3/12/2024 20:00,Summer
3/12/2024 21:00,Summer
3/12/2024 22:00,Summer
3/12/2024 23:00,Summer
3/13/2024 0:00,Summer
3/13/2024 1:00,Summer
3/13/2024 2:00,Summer
3/13/2024 3:00,Summer
3/13/2024 4:00,Summer
3/13/2024 5:00,Summer
3/13/2024 6:00,Summer
3/13/2024 7:00,Summer
3/13/2024 8:00,Summer
3/13/2024 9:00,Summer
3/13/2024 10:00,Summer
3/13/2024 11:00,Summer
3/13/2024 12:00,Summer
3/13/2024 13:00,Summer
3/13/2024 14:00,Summer
3/13/2024 15:00,Summer
3/13/2024 16:00,Summer
3/13/2024 17:00,Summer
3/13/2024 18:00,Summer
3/13/2024 19:00,Summer
3/13/2024 20:00,Summer
3/13/2024 21:00,Summer
3/13/2024 22:00,Summer
3/13/2024 23:00,Summer
3/14/2024 0:00,Summer
3/14/2024 1:00,Summer
3/14/2024 2:00,Summer
3/14/2024 3:00,Summer
3/14/2024 4:00,Summer
3/14/2024 5:00,Summer
3/14/2024 6:00,Summer
3/14/2024 7:00,Summer
3/14/2024 8:00,Summer
3/14/2024 9:00,Summer
3/14/2024 10:00,Summer
3/14/2024 11:00,Summer
3/14/2024 12:00,Summer
3/14/2024 13:00,Summer
3/14/2024 14:00,Summer
3/14/2024 15:00,Summer
3/14/2024 16:00,Summer
3/14/2024 17:00,Summer
3/14/2024 18:00,Summer
3/14/2024 19:00,Summer
3/14/2024 20:00,Summer
3/14/2024 21:00,Summer
3/14/2024 22:00,Summer
3/14/2024 23:00,Summer
3/15/2024 0:00,Summer
3/15/2024 1:00,Summer
3/15/2024 2:00,Summer
3/15/2024 3:00,Summer
3/15/2024 4:00,Summer
3/15/2024 5:00,Summer
3/15/2024 6:00,Summer
3/15/2024 7:00,Summer
3/15/2024 8:00,Summer
3/15/2024 9:00,Summer
3/15/2024 10:00,Summer
3/15/2024 11:00,Summer
3/15/2024 12:00,Summer
3/15/2024 13:00,Summer
3/15/2024 14:00,Summer
3/15/2024 15:00,Summer
3/15/2024 16:00,Summer
3/15/2024 17:00,Summer
3/15/2024 18:00,Summer
3/15/2024 19:00,Summer
3/15/2024 20:00,Summer
3/15/2024 21:00,Summer
3/15/2024 22:00,Summer
3/15/2024 23:00,Summer
3/16/2024 0:00,Summer
3/16/2024 1:00,Summer
3/16/2024 2:00,Summer
3/16/2024 3:00,Summer
3/16/2024 4:00,Summer
3/16/2024 5:00,Summer
3/16/2024 6:00,Summer
3/16/2024 7:00,Summer
3/16/2024 8:00,Summer
3/16/2024 9:00,Summer
3/16/2024 10:00,Summer
3/16/2024 11:00,Summer
3/16/2024 12:00,Summer
3/16/2024 13:00,Summer
3/16/2024 14:00,Summer
3/16/2024 15:00,Summer
3/16/2024 16:00,Summer
3/16/2024 17:00,Summer
3/16/2024 18:00,Summer
3/16/2024 19:00,Summer
3/16/2024 20:00,Summer
3/16/2024 21:00,Summer
3/16/2024 22:00,Summer
3/16/2024 23:00,Summer
3/17/2024 0:00,Summer
3/17/2024 1:00,Summer
3/17/2024 2:00,Summer
3/17/2024 3:00,Summer
3/17/2024 4:00,Summer
3/17/2024 5:00,Summer
3/17/2024 6:00,Summer
3/17/2024 7:00,Summer
3/17/2024 8:00,Summer
3/17/2024 9:00,Summer
3/17/2024 10:00,Summer
3/17/2024 11:00,Summer
3/17/2024 12:00,Summer
3/17/2024 13:00,Summer
3/17/2024 14:00,Summer
3/17/2024 15:00,Summer
3/17/2024 16:00,Summer
3/17/2024 17:00,Summer
3/17/2024 18:00,Summer
3/17/2024 19:00,Summer
3/17/2024 20:00,Summer
3/17/2024 21:00,Summer
3/17/2024 22:00,Summer
3/17/2024 23:00,Summer
3/18/2024 0:00,Summer
3/18/2024 1:00,Summer
3/18/2024 2:00,Summer
3/18/2024 3:00,Summer
3/18/2024 4:00,Summer
3/18/2024 5:00,Summer
3/18/2024 6:00,Summer
3/18/2024 7:00,Summer
3/18/2024 8:00,Summer
3/18/2024 9:00,Summer
3/18/2024 10:00,Summer
3/18/2024 11:00,Summer
3/18/2024 12:00,Summer
3/18/2024 13:00,Summer
3/18/2024 14:00,Summer
3/18/2024 15:00,Summer
3/18/2024 16:00,Summer
3/18/2024 17:00,Summer
3/18/2024 18:00,Summer
3/18/2024 19:00,Summer
3/18/2024 20:00,Summer
3/18/2024 21:00,Summer
3/18/2024 22:00,Summer
3/18/2024 23:00,Summer
3/19/2024 0:00,Summer
3/19/2024 1:00,Summer
3/19/2024 2:00,Summer
3/19/2024 3:00,Summer
3/19/2024 4:00,Summer
3/19/2024 5:00,Summer
3/19/2024 6:00,Summer
3/19/2024 7:00,Summer
3/19/2024 8:00,Summer
3/19/2024 9:00,Summer
3/19/2024 10:00,Summer
3/19/2024 11:00,Summer
3/19/2024 12:00,Summer
3/19/2024 13:00,Summer
3/19/2024 14:00,Summer
3/19/2024 15:00,Summer
3/19/2024 16:00,Summer
3/19/2024 17:00,Summer
3/19/2024 18:00,Summer
3/19/2024 19:00,Summer
3/19/2024 20:00,Summer
3/19/2024 21:00,Summer
3/19/2024 22:00,Summer
3/19/2024 23:00,Summer
3/20/2024 0:00,Summer
3/20/2024 1:00,Summer
3/20/2024 2:00,Summer
3/20/2024 3:00,Summer
3/20/2024 4:00,Summer
3/20/2024 5:00,Summer
3/20/2024 6:00,Summer
3/20/2024 7:00,Summer
3/20/2024 8:00,Summer
3/20/2024 9:00,Summer
3/20/2024 10:00,Summer
3/20/2024 11:00,Summer
3/20/2024 12:00,Summer
3/20/2024 13:00,Summer
3/20/2024 14:00,Summer
3/20/2024 15:00,Summer
3/20/2024 16:00,Summer
3/20/2024 17:00,Summer
3/20/2024 18:00,Summer
3/20/2024 19:00,Summer
3/20/2024 20:00,Summer
3/20/2024 21:00,Summer
3/20/2024 22:00,Summer
3/20/2024 23:00,Summer
3/21/2024 0:00,Summer
3/21/2024 1:00,Summer
3/21/2024 2:00,Summer
3/21/2024 3:00,Summer
3/21/2024 4:00,Summer
3/21/2024 5:00,Summer
3/21/2024 6:00,Summer
3/21/2024 7:00,Summer
3/21/2024 8:00,Summer
3/21/2024 9:00,Summer
3/21/2024 10:00,Summer
3/21/2024 11:00,Summer
3/21/2024 12:00,Summer
3/21/2024 13:00,Summer
3/21/2024 14:00,Summer
3/21/2024 15:00,Summer
3/21/2024 16:00,Summer
3/21/2024 17:00,Summer
3/21/2024 18:00,Summer
3/21/2024 19:00,Summer
3/21/2024 20:00,Summer
3/21/2024 21:00,Summer
3/21/2024 22:00,Summer
3/21/2024 23:00,Summer
3/22/2024 0:00,Summer
3/22/2024 1:00,Summer
3/22/2024 2:00,Summer
3/22/2024 3:00,Summer
3/22/2024 4:00,Summer
3/22/2024 5:00,Summer
3/22/2024 6:00,Summer
3/22/2024 7:00,Summer
3/22/2024 8:00,Summer
3/22/2024 9:00,Summer
3/22/2024 10:00,Summer
3/22/2024 11:00,Summer
3/22/2024 12:00,Summer
3/22/2024 13:00,Summer
3/22/2024 14:00,Summer
3/22/2024 15:00,Summer
3/22/2024 16:00,Summer
3/22/2024 17:00,Summer
3/22/2024 18:00,Summer
3/22/2024 19:00,Summer
3/22/2024 20:00,Summer
3/22/2024 21:00,Summer
3/22/2024 22:00,Summer
3/22/2024 23:00,Summer
3/23/2024 0:00,Summer
3/23/2024 1:00,Summer
3/23/2024 2:00,Summer
3/23/2024 3:00,Summer
3/23/2024 4:00,Summer
3/23/2024 5:00,Summer
3/23/2024 6:00,Summer
3/23/2024 7:00,Summer
3/23/2024 8:00,Summer
3/23/2024 9:00,Summer
3/23/2024 10:00,Summer
3/23/2024 11:00,Summer
3/23/2024 12:00,Summer
3/23/2024 13:00,Summer
3/23/2024 14:00,Summer
3/23/2024 15:00,Summer
3/23/2024 16:00,Summer
3/23/2024 17:00,Summer
3/23/2024 18:00,Summer
3/23/2024 19:00,Summer
3/23/2024 20:00,Summer
3/23/2024 21:00,Summer
3/23/2024 22:00,Summer
3/23/2024 23:00,Summer
3/24/2024 0:00,Summer
3/24/2024 1:00,Summer
3/24/2024 2:00,Summer
3/24/2024 3:00,Summer
3/24/2024 4:00,Summer
3/24/2024 5:00,Summer
3/24/2024 6:00,Summer
3/24/2024 7:00,Summer
3/24/2024 8:00,Summer
3/24/2024 9:00,Summer
3/24/2024 10:00,Summer
3/24/2024 11:00,Summer
3/24/2024 12:00,Summer
3/24/2024 13:00,Summer
3/24/2024 14:00,Summer
3/24/2024 15:00,Summer
3/24/2024 16:00,Summer
3/24/2024 17:00,Summer
3/24/2024 18:00,Summer
3/24/2024 19:00,Summer
3/24/2024 20:00,Summer
3/24/2024 21:00,Summer
3/24/2024 22:00,Summer
3/24/2024 23:00,Summer
3/25/2024 0:00,Summer
3/25/2024 1:00,Summer
3/25/2024 2:00,Summer
3/25/2024 3:00,Summer
3/25/2024 4:00,Summer
3/25/2024 5:00,Summer
3/25/2024 6:00,Summer
3/25/2024 7:00,Summer
3/25/2024 8:00,Summer
3/25/2024 9:00,Summer
3/25/2024 10:00,Summer
3/25/2024 11:00,Summer
3/25/2024 12:00,Summer
3/25/2024 13:00,Summer
3/25/2024 14:00,Summer
3/25/2024 15:00,Summer
3/25/2024 16:00,Summer
3/25/2024 17:00,Summer
3/25/2024 18:00,Summer
3/25/2024 19:00,Summer
3/25/2024 20:00,Summer
3/25/2024 21:00,Summer
3/25/2024 22:00,Summer
3/25/2024 23:00,Summer
3/26/2024 0:00,Summer
3/26/2024 1:00,Summer
3/26/2024 2:00,Summer
3/26/2024 3:00,Summer
3/26/2024 4:00,Summer
3/26/2024 5:00,Summer
3/26/2024 6:00,Summer
3/26/2024 7:00,Summer
3/26/2024 8:00,Summer
3/26/2024 9:00,Summer
3/26/2024 10:00,Summer
3/26/2024 11:00,Summer
3/26/2024 12:00,Summer
3/26/2024 13:00,Summer
3/26/2024 14:00,Summer
3/26/2024 15:00,Summer
3/26/2024 16:00,Summer
3/26/2024 17:00,Summer
3/26/2024 18:00,Summer
3/26/2024 19:00,Summer
3/26/2024 20:00,Summer
3/26/2024 21:00,Summer
3/26/2024 22:00,Summer
3/26/2024 23:00,Summer
3/27/2024 0:00,Summer
3/27/2024 1:00,Summer
3/27/2024 2:00,Summer
3/27/2024 3:00,Summer
3/27/2024 4:00,Summer
3/27/2024 5:00,Summer
3/27/2024 6:00,Summer
3/27/2024 7:00,Summer
3/27/2024 8:00,Summer
3/27/2024 9:00,Summer
3/27/2024 10:00,Summer
3/27/2024 11:00,Summer
3/27/2024 12:00,Summer
3/27/2024 13:00,Summer
3/27/2024 14:00,Summer
3/27/2024 15:00,Summer
3/27/2024 16:00,Summer
3/27/2024 17:00,Summer
3/27/2024 18:00,Summer
3/27/2024 19:00,Summer
3/27/2024 20:00,Summer
3/27/2024 21:00,Summer
3/27/2024 22:00,Summer
3/27/2024 23:00,Summer
3/28/2024 0:00,Summer
3/28/2024 1:00,Summer
3/28/2024 2:00,Summer
3/28/2024 3:00,Summer
3/28/2024 4:00,Summer
3/28/2024 5:00,Summer
3/28/2024 6:00,Summer
3/28/2024 7:00,Summer
3/28/2024 8:00,Summer
3/28/2024 9:00,Summer
3/28/2024 10:00,Summer
3/28/2024 11:00,Summer
3/28/2024 12:00,Summer
3/28/2024 13:00,Summer
3/28/2024 14:00,Summer
3/28/2024 15:00,Summer
3/28/2024 16:00,Summer
3/28/2024 17:00,Summer
3/28/2024 18:00,Summer
3/28/2024 19:00,Summer
3/28/2024 20:00,Summer
3/28/2024 21:00,Summer
3/28/2024 22:00,Summer
3/28/2024 23:00,Summer
3/29/2024 0:00,Summer
3/29/2024 1:00,Summer
3/29/2024 2:00,Summer
3/29/2024 3:00,Summer
3/29/2024 4:00,Summer
3/29/2024 5:00,Summer
3/29/2024 6:00,Summer
3/29/2024 7:00,Summer
3/29/2024 8:00,Summer
3/29/2024 9:00,Summer
3/29/2024 10:00,Summer
3/29/2024 11:00,Summer
3/29/2024 12:00,Summer
3/29/2024 13:00,Summer
3/29/2024 14:00,Summer
3/29/2024 15:00,Summer
3/29/2024 16:00,Summer
3/29/2024 17:00,Summer
3/29/2024 18:00,Summer
3/29/2024 19:00,Summer
3/29/2024 20:00,Summer
3/29/2024 21:00,Summer
3/29/2024 22:00,Summer
3/29/2024 23:00,Summer
3/30/2024 0:00,Summer
3/30/2024 1:00,Summer
3/30/2024 2:00,Summer
3/30/2024 3:00,Summer
3/30/2024 4:00,Summer
3/30/2024 5:00,Summer
3/30/2024 6:00,Summer
3/30/2024 7:00,Summer
3/30/2024 8:00,Summer
3/30/2024 9:00,Summer
3/30/2024 10:00,Summer
3/30/2024 11:00,Summer
3/30/2024 12:00,Summer
3/30/2024 13:00,Summer
3/30/2024 14:00,Summer
3/30/2024 15:00,Summer
3/30/2024 16:00,Summer
3/30/2024 17:00,Summer
3/30/2024 18:00,Summer
3/30/2024 19:00,Summer
3/30/2024 20:00,Summer
3/30/2024 21:00,Summer
3/30/2024 22:00,Summer
3/30/2024 23:00,Summer
3/31/2024 0:00,Summer
3/31/2024 1:00,Summer
3/31/2024 2:00,Summer
3/31/2024 3:00,Summer
3/31/2024 4:00,Summer
3/31/2024 5:00,Summer
3/31/2024 6:00,Summer
3/31/2024 7:00,Summer
3/31/2024 8:00,Summer
3/31/2024 9:00,Summer
3/31/2024 10:00,Summer
3/31/2024 11:00,Summer
3/31/2024 12:00,Summer
3/31/2024 13:00,Summer
3/31/2024 14:00,Summer
3/31/2024 15:00,Summer
3/31/2024 16:00,Summer
3/31/2024 17:00,Summer
3/31/2024 18:00,Summer
3/31/2024 19:00,Summer
3/31/2024 20:00,Summer
3/31/2024 21:00,Summer
3/31/2024 22:00,Summer
3/31/2024 23:00,Summer
4/1/2024 0:00,Summer
4/1/2024 1:00,Summer
4/1/2024 2:00,Summer
4/1/2024 3:00,Summer
4/1/2024 4:00,Summer
4/1/2024 5:00,Summer
4/1/2024 6:00,Summer
4/1/2024 7:00,Summer
4/1/2024 8:00,Summer
4/1/2024 9:00,Summer
4/1/2024 10:00,Summer
4/1/2024 11:00,Summer
4/1/2024 12:00,Summer
4/1/2024 13:00,Summer
4/1/2024 14:00,Summer
4/1/2024 15:00,Summer
4/1/2024 16:00,Summer
4/1/2024 17:00,Summer
4/1/2024 18:00,Summer
4/1/2024 19:00,Summer
4/1/2024 20:00,Summer
4/1/2024 21:00,Summer
4/1/2024 22:00,Summer
4/1/2024 23:00,Summer
4/2/2024 0:00,Summer
4/2/2024 1:00,Summer
4/2/2024 2:00,Summer
4/2/2024 3:00,Summer
4/2/2024 4:00,Summer
4/2/2024 5:00,Summer
4/2/2024 6:00,Summer
4/2/2024 7:00,Summer
4/2/2024 8:00,Summer
4/2/2024 9:00,Summer
4/2/2024 10:00,Summer
4/2/2024 11:00,Summer
4/2/2024 12:00,Summer
4/2/2024 13:00,Summer
4/2/2024 14:00,Summer
4/2/2024 15:00,Summer
4/2/2024 16:00,Summer
4/2/2024 17:00,Summer
4/2/2024 18:00,Summer
4/2/2024 19:00,Summer
4/2/2024 20:00,Summer
4/2/2024 21:00,Summer
4/2/2024 22:00,Summer
4/2/2024 23:00,Summer
4/3/2024 0:00,Summer
4/3/2024 1:00,Summer
4/3/2024 2:00,Summer
4/3/2024 3:00,Summer
4/3/2024 4:00,Summer
4/3/2024 5:00,Summer
4/3/2024 6:00,Summer
4/3/2024 7:00,Summer
4/3/2024 8:00,Summer
4/3/2024 9:00,Summer
4/3/2024 10:00,Summer
4/3/2024 11:00,Summer
4/3/2024 12:00,Summer
4/3/2024 13:00,Summer
4/3/2024 14:00,Summer
4/3/2024 15:00,Summer
4/3/2024 16:00,Summer
4/3/2024 17:00,Summer
4/3/2024 18:00,Summer
4/3/2024 19:00,Summer
4/3/2024 20:00,Summer
4/3/2024 21:00,Summer
4/3/2024 22:00,Summer
4/3/2024 23:00,Summer
4/4/2024 0:00,Summer
4/4/2024 1:00,Summer
4/4/2024 2:00,Summer
4/4/2024 3:00,Summer
4/4/2024 4:00,Summer
4/4/2024 5:00,Summer
4/4/2024 6:00,Summer
4/4/2024 7:00,Summer
4/4/2024 8:00,Summer
4/4/2024 9:00,Summer
4/4/2024 10:00,Summer
4/4/2024 11:00,Summer
4/4/2024 12:00,Summer
4/4/2024 13:00,Summer
4/4/2024 14:00,Summer
4/4/2024 15:00,Summer
4/4/2024 16:00,Summer
4/4/2024 17:00,Summer
4/4/2024 18:00,Summer
4/4/2024 19:00,Summer
4/4/2024 20:00,Summer
4/4/2024 21:00,Summer
4/4/2024 22:00,Summer
4/4/2024 23:00,Summer
4/5/2024 0:00,Summer
4/5/2024 1:00,Summer
4/5/2024 2:00,Summer
4/5/2024 3:00,Summer
4/5/2024 4:00,Summer
4/5/2024 5:00,Summer
4/5/2024 6:00,Summer
4/5/2024 7:00,Summer
4/5/2024 8:00,Summer
4/5/2024 9:00,Summer
4/5/2024 10:00,Summer
4/5/2024 11:00,Summer
4/5/2024 12:00,Summer
4/5/2024 13:00,Summer
4/5/2024 14:00,Summer
4/5/2024 15:00,Summer
4/5/2024 16:00,Summer
4/5/2024 17:00,Summer
4/5/2024 18:00,Summer
4/5/2024 19:00,Summer
4/5/2024 20:00,Summer
4/5/2024 21:00,Summer
4/5/2024 22:00,Summer
4/5/2024 23:00,Summer
4/6/2024 0:00,Summer
4/6/2024 1:00,Summer
4/6/2024 2:00,Summer
4/6/2024 3:00,Summer
4/6/2024 4:00,Summer
4/6/2024 5:00,Summer
4/6/2024 6:00,Summer
4/6/2024 7:00,Summer
4/6/2024 8:00,Summer
4/6/2024 9:00,Summer
4/6/2024 10:00,Summer
4/6/2024 11:00,Summer
4/6/2024 12:00,Summer
4/6/2024 13:00,Summer
4/6/2024 14:00,Summer
4/6/2024 15:00,Summer
4/6/2024 16:00,Summer
4/6/2024 17:00,Summer
4/6/2024 18:00,Summer
4/6/2024 19:00,Summer
4/6/2024 20:00,Summer
4/6/2024 21:00,Summer
4/6/2024 22:00,Summer
4/6/2024 23:00,Summer
4/7/2024 0:00,Summer
4/7/2024 1:00,Summer
4/7/2024 2:00,Summer
4/7/2024 3:00,Summer
4/7/2024 4:00,Summer
4/7/2024 5:00,Summer
4/7/2024 6:00,Summer
4/7/2024 7:00,Summer
4/7/2024 8:00,Summer
4/7/2024 9:00,Summer
4/7/2024 10:00,Summer
4/7/2024 11:00,Summer
4/7/2024 12:00,Summer
4/7/2024 13:00,Summer
4/7/2024 14:00,Summer
4/7/2024 15:00,Summer
4/7/2024 16:00,Summer
4/7/2024 17:00,Summer
4/7/2024 18:00,Summer
4/7/2024 19:00,Summer
4/7/2024 20:00,Summer
4/7/2024 21:00,Summer
4/7/2024 22:00,Summer
4/7/2024 23:00,Summer
4/8/2024 0:00,Summer
4/8/2024 1:00,Summer
4/8/2024 2:00,Summer
4/8/2024 3:00,Summer
4/8/2024 4:00,Summer
4/8/2024 5:00,Summer
4/8/2024 6:00,Summer
4/8/2024 7:00,Summer
4/8/2024 8:00,Summer
4/8/2024 9:00,Summer
4/8/2024 10:00,Summer
4/8/2024 11:00,Summer
4/8/2024 12:00,Summer
4/8/2024 13:00,Summer
4/8/2024 14:00,Summer
4/8/2024 15:00,Summer
4/8/2024 16:00,Summer
4/8/2024 17:00,Summer
4/8/2024 18:00,Summer
4/8/2024 19:00,Summer
4/8/2024 20:00,Summer
4/8/2024 21:00,Summer
4/8/2024 22:00,Summer
4/8/2024 23:00,Summer
4/9/2024 0:00,Summer
4/9/2024 1:00,Summer
4/9/2024 2:00,Summer
4/9/2024 3:00,Summer
4/9/2024 4:00,Summer
4/9/2024 5:00,Summer
4/9/2024 6:00,Summer
4/9/2024 7:00,Summer
4/9/2024 8:00,Summer
4/9/2024 9:00,Summer
4/9/2024 10:00,Summer
4/9/2024 11:00,Summer
4/9/2024 12:00,Summer
4/9/2024 13:00,Summer
4/9/2024 14:00,Summer
4/9/2024 15:00,Summer
4/9/2024 16:00,Summer
4/9/2024 17:00,Summer
4/9/2024 18:00,Summer
4/9/2024 19:00,Summer
4/9/2024 20:00,Summer
4/9/2024 21:00,Summer
4/9/2024 22:00,Summer
4/9/2024 23:00,Summer
4/10/2024 0:00,Summer
4/10/2024 1:00,Summer
4/10/2024 2:00,Summer
4/10/2024 3:00,Summer
4/10/2024 4:00,Summer
4/10/2024 5:00,Summer
4/10/2024 6:00,Summer
4/10/2024 7:00,Summer
4/10/2024 8:00,Summer
4/10/2024 9:00,Summer
4/10/2024 10:00,Summer
4/10/2024 11:00,Summer
4/10/2024 12:00,Summer
4/10/2024 13:00,Summer
4/10/2024 14:00,Summer
4/10/2024 15:00,Summer
4/10/2024 16:00,Summer
4/10/2024 17:00,Summer
4/10/2024 18:00,Summer
4/10/2024 19:00,Summer
4/10/2024 20:00,Summer
4/10/2024 21:00,Summer
4/10/2024 22:00,Summer
4/10/2024 23:00,Summer
4/11/2024 0:00,Summer
4/11/2024 1:00,Summer
4/11/2024 2:00,Summer
4/11/2024 3:00,Summer
4/11/2024 4:00,Summer
4/11/2024 5:00,Summer
4/11/2024 6:00,Summer
4/11/2024 7:00,Summer
4/11/2024 8:00,Summer
4/11/2024 9:00,Summer
4/11/2024 10:00,Summer
4/11/2024 11:00,Summer
4/11/2024 12:00,Summer
4/11/2024 13:00,Summer
4/11/2024 14:00,Summer
4/11/2024 15:00,Summer
4/11/2024 16:00,Summer
4/11/2024 17:00,Summer
4/11/2024 18:00,Summer
4/11/2024 19:00,Summer
4/11/2024 20:00,Summer
4/11/2024 21:00,Summer
4/11/2024 22:00,Summer
4/11/2024 23:00,Summer
4/12/2024 0:00,Summer
4/12/2024 1:00,Summer
4/12/2024 2:00,Summer
4/12/2024 3:00,Summer
4/12/2024 4:00,Summer
4/12/2024 5:00,Summer
4/12/2024 6:00,Summer
4/12/2024 7:00,Summer
4/12/2024 8:00,Summer
4/12/2024 9:00,Summer
4/12/2024 10:00,Summer
4/12/2024 11:00,Summer
4/12/2024 12:00,Summer
4/12/2024 13:00,Summer
4/12/2024 14:00,Summer
4/12/2024 15:00,Summer
4/12/2024 16:00,Summer
4/12/2024 17:00,Summer
4/12/2024 18:00,Summer
4/12/2024 19:00,Summer
4/12/2024 20:00,Summer
4/12/2024 21:00,Summer
4/12/2024 22:00,Summer
4/12/2024 23:00,Summer
4/13/2024 0:00,Summer
4/13/2024 1:00,Summer
4/13/2024 2:00,Summer
4/13/2024 3:00,Summer
4/13/2024 4:00,Summer
4/13/2024 5:00,Summer
4/13/2024 6:00,Summer
4/13/2024 7:00,Summer
4/13/2024 8:00,Summer
4/13/2024 9:00,Summer
4/13/2024 10:00,Summer
4/13/2024 11:00,Summer
4/13/2024 12:00,Summer
4/13/2024 13:00,Summer
4/13/2024 14:00,Summer
4/13/2024 15:00,Summer
4/13/2024 16:00,Summer
4/13/2024 17:00,Summer
4/13/2024 18:00,Summer
4/13/2024 19:00,Summer
4/13/2024 20:00,Summer
4/13/2024 21:00,Summer
4/13/2024 22:00,Summer
4/13/2024 23:00,Summer
4/14/2024 0:00,Summer
4/14/2024 1:00,Summer
4/14/2024 2:00,Summer
4/14/2024 3:00,Summer
4/14/2024 4:00,Summer
4/14/2024 5:00,Summer
4/14/2024 6:00,Summer
4/14/2024 7:00,Summer
4/14/2024 8:00,Summer
4/14/2024 9:00,Summer
4/14/2024 10:00,Summer
4/14/2024 11:00,Summer
4/14/2024 12:00,Summer
4/14/2024 13:00,Summer
4/14/2024 14:00,Summer
4/14/2024 15:00,Summer
4/14/2024 16:00,Summer
4/14/2024 17:00,Summer
4/14/2024 18:00,Summer
4/14/2024 19:00,Summer
4/14/2024 20:00,Summer
4/14/2024 21:00,Summer
4/14/2024 22:00,Summer
4/14/2024 23:00,Summer
4/15/2024 0:00,Summer
4/15/2024 1:00,Summer
4/15/2024 2:00,Summer
4/15/2024 3:00,Summer
4/15/2024 4:00,Summer
4/15/2024 5:00,Summer
4/15/2024 6:00,Summer
4/15/2024 7:00,Summer
4/15/2024 8:00,Summer
4/15/2024 9:00,Summer
4/15/2024 10:00,Summer
4/15/2024 11:00,Summer
4/15/2024 12:00,Summer
4/15/2024 13:00,Summer
4/15/2024 14:00,Summer
4/15/2024 15:00,Summer
4/15/2024 16:00,Summer
4/15/2024 17:00,Summer
4/15/2024 18:00,Summer
4/15/2024 19:00,Summer
4/15/2024 20:00,Summer
4/15/2024 21:00,Summer
4/15/2024 22:00,Summer
4/15/2024 23:00,Summer
4/16/2024 0:00,Summer
4/16/2024 1:00,Summer
4/16/2024 2:00,Summer
4/16/2024 3:00,Summer
4/16/2024 4:00,Summer
4/16/2024 5:00,Summer
4/16/2024 6:00,Summer
4/16/2024 7:00,Summer
4/16/2024 8:00,Summer
4/16/2024 9:00,Summer
4/16/2024 10:00,Summer
4/16/2024 11:00,Summer
4/16/2024 12:00,Summer
4/16/2024 13:00,Summer
4/16/2024 14:00,Summer
4/16/2024 15:00,Summer
4/16/2024 16:00,Summer
4/16/2024 17:00,Summer
4/16/2024 18:00,Summer
4/16/2024 19:00,Summer
4/16/2024 20:00,Summer
4/16/2024 21:00,Summer
4/16/2024 22:00,Summer
4/16/2024 23:00,Summer
4/17/2024 0:00,Summer
4/17/2024 1:00,Summer
4/17/2024 2:00,Summer
4/17/2024 3:00,Summer
4/17/2024 4:00,Summer
4/17/2024 5:00,Summer
4/17/2024 6:00,Summer
4/17/2024 7:00,Summer
4/17/2024 8:00,Summer
4/17/2024 9:00,Summer
4/17/2024 10:00,Summer
4/17/2024 11:00,Summer
4/17/2024 12:00,Summer
4/17/2024 13:00,Summer
4/17/2024 14:00,Summer
4/17/2024 15:00,Summer
4/17/2024 16:00,Summer
4/17/2024 17:00,Summer
4/17/2024 18:00,Summer
4/17/2024 19:00,Summer
4/17/2024 20:00,Summer
4/17/2024 21:00,Summer
4/17/2024 22:00,Summer
4/17/2024 23:00,Summer
4/18/2024 0:00,Summer
4/18/2024 1:00,Summer
4/18/2024 2:00,Summer
4/18/2024 3:00,Summer
4/18/2024 4:00,Summer
4/18/2024 5:00,Summer
4/18/2024 6:00,Summer
4/18/2024 7:00,Summer
4/18/2024 8:00,Summer
4/18/2024 9:00,Summer
4/18/2024 10:00,Summer
4/18/2024 11:00,Summer
4/18/2024 12:00,Summer
4/18/2024 13:00,Summer
4/18/2024 14:00,Summer
4/18/2024 15:00,Summer
4/18/2024 16:00,Summer
4/18/2024 17:00,Summer
4/18/2024 18:00,Summer
4/18/2024 19:00,Summer
4/18/2024 20:00,Summer
4/18/2024 21:00,Summer
4/18/2024 22:00,Summer
4/18/2024 23:00,Summer
4/19/2024 0:00,Summer
4/19/2024 1:00,Summer
4/19/2024 2:00,Summer
4/19/2024 3:00,Summer
4/19/2024 4:00,Summer
4/19/2024 5:00,Summer
4/19/2024 6:00,Summer
4/19/2024 7:00,Summer
4/19/2024 8:00,Summer
4/19/2024 9:00,Summer
4/19/2024 10:00,Summer
4/19/2024 11:00,Summer
4/19/2024 12:00,Summer
4/19/2024 13:00,Summer
4/19/2024 14:00,Summer
4/19/2024 15:00,Summer
4/19/2024 16:00,Summer
4/19/2024 17:00,Summer
4/19/2024 18:00,Summer
4/19/2024 19:00,Summer
4/19/2024 20:00,Summer
4/19/2024 21:00,Summer
4/19/2024 22:00,Summer
4/19/2024 23:00,Summer
4/20/2024 0:00,Summer
4/20/2024 1:00,Summer
4/20/2024 2:00,Summer
4/20/2024 3:00,Summer
4/20/2024 4:00,Summer
4/20/2024 5:00,Summer
4/20/2024 6:00,Summer
4/20/2024 7:00,Summer
4/20/2024 8:00,Summer
4/20/2024 9:00,Summer
4/20/2024 10:00,Summer
4/20/2024 11:00,Summer
4/20/2024 12:00,Summer
4/20/2024 13:00,Summer
4/20/2024 14:00,Summer
4/20/2024 15:00,Summer
4/20/2024 16:00,Summer
4/20/2024 17:00,Summer
4/20/2024 18:00,Summer
4/20/2024 19:00,Summer
4/20/2024 20:00,Summer
4/20/2024 21:00,Summer
4/20/2024 22:00,Summer
4/20/2024 23:00,Summer
4/21/2024 0:00,Summer
4/21/2024 1:00,Summer
4/21/2024 2:00,Summer
4/21/2024 3:00,Summer
4/21/2024 4:00,Summer
4/21/2024 5:00,Summer
4/21/2024 6:00,Summer
4/21/2024 7:00,Summer
4/21/2024 8:00,Summer
4/21/2024 9:00,Summer
4/21/2024 10:00,Summer
4/21/2024 11:00,Summer
4/21/2024 12:00,Summer
4/21/2024 13:00,Summer
4/21/2024 14:00,Summer
4/21/2024 15:00,Summer
4/21/2024 16:00,Summer
4/21/2024 17:00,Summer
4/21/2024 18:00,Summer
4/21/2024 19:00,Summer
4/21/2024 20:00,Summer
4/21/2024 21:00,Summer
4/21/2024 22:00,Summer
4/21/2024 23:00,Summer
4/22/2024 0:00,Summer
4/22/2024 1:00,Summer
4/22/2024 2:00,Summer
4/22/2024 3:00,Summer
4/22/2024 4:00,Summer
4/22/2024 5:00,Summer
4/22/2024 6:00,Summer
4/22/2024 7:00,Summer
4/22/2024 8:00,Summer
4/22/2024 9:00,Summer
4/22/2024 10:00,Summer
4/22/2024 11:00,Summer
4/22/2024 12:00,Summer
4/22/2024 13:00,Summer
4/22/2024 14:00,Summer
4/22/2024 15:00,Summer
4/22/2024 16:00,Summer
4/22/2024 17:00,Summer
4/22/2024 18:00,Summer
4/22/2024 19:00,Summer
4/22/2024 20:00,Summer
4/22/2024 21:00,Summer
4/22/2024 22:00,Summer
4/22/2024 23:00,Summer
4/23/2024 0:00,Summer
4/23/2024 1:00,Summer
4/23/2024 2:00,Summer
4/23/2024 3:00,Summer
4/23/2024 4:00,Summer
4/23/2024 5:00,Summer
4/23/2024 6:00,Summer
4/23/2024 7:00,Summer
4/23/2024 8:00,Summer
4/23/2024 9:00,Summer
4/23/2024 10:00,Summer
4/23/2024 11:00,Summer
4/23/2024 12:00,Summer
4/23/2024 13:00,Summer
4/23/2024 14:00,Summer
4/23/2024 15:00,Summer
4/23/2024 16:00,Summer
4/23/2024 17:00,Summer
4/23/2024 18:00,Summer
4/23/2024 19:00,Summer
4/23/2024 20:00,Summer
4/23/2024 21:00,Summer
4/23/2024 22:00,Summer
4/23/2024 23:00,Summer
4/24/2024 0:00,Summer
4/24/2024 1:00,Summer
4/24/2024 2:00,Summer
4/24/2024 3:00,Summer
4/24/2024 4:00,Summer
4/24/2024 5:00,Summer
4/24/2024 6:00,Summer
4/24/2024 7:00,Summer
4/24/2024 8:00,Summer
4/24/2024 9:00,Summer
4/24/2024 10:00,Summer
4/24/2024 11:00,Summer
4/24/2024 12:00,Summer
4/24/2024 13:00,Summer
4/24/2024 14:00,Summer
4/24/2024 15:00,Summer
4/24/2024 16:00,Summer
4/24/2024 17:00,Summer
4/24/2024 18:00,Summer
4/24/2024 19:00,Summer
4/24/2024 20:00,Summer
4/24/2024 21:00,Summer
4/24/2024 22:00,Summer
4/24/2024 23:00,Summer
4/25/2024 0:00,Summer
4/25/2024 1:00,Summer
4/25/2024 2:00,Summer
4/25/2024 3:00,Summer
4/25/2024 4:00,Summer
4/25/2024 5:00,Summer
4/25/2024 6:00,Summer
4/25/2024 7:00,Summer
4/25/2024 8:00,Summer
4/25/2024 9:00,Summer
4/25/2024 10:00,Summer
4/25/2024 11:00,Summer
4/25/2024 12:00,Summer
4/25/2024 13:00,Summer
4/25/2024 14:00,Summer
4/25/2024 15:00,Summer
4/25/2024 16:00,Summer
4/25/2024 17:00,Summer
4/25/2024 18:00,Summer
4/25/2024 19:00,Summer
4/25/2024 20:00,Summer
4/25/2024 21:00,Summer
4/25/2024 22:00,Summer
4/25/2024 23:00,Summer
4/26/2024 0:00,Summer
4/26/2024 1:00,Summer
4/26/2024 2:00,Summer
4/26/2024 3:00,Summer
4/26/2024 4:00,Summer
4/26/2024 5:00,Summer
4/26/2024 6:00,Summer
4/26/2024 7:00,Summer
4/26/2024 8:00,Summer
4/26/2024 9:00,Summer
4/26/2024 10:00,Summer
4/26/2024 11:00,Summer
4/26/2024 12:00,Summer
4/26/2024 13:00,Summer
4/26/2024 14:00,Summer
4/26/2024 15:00,Summer
4/26/2024 16:00,Summer
4/26/2024 17:00,Summer
4/26/2024 18:00,Summer
4/26/2024 19:00,Summer
4/26/2024 20:00,Summer
4/26/2024 21:00,Summer
4/26/2024 22:00,Summer
4/26/2024 23:00,Summer
4/27/2024 0:00,Summer
4/27/2024 1:00,Summer
4/27/2024 2:00,Summer
4/27/2024 3:00,Summer
4/27/2024 4:00,Summer
4/27/2024 5:00,Summer
4/27/2024 6:00,Summer
4/27/2024 7:00,Summer
4/27/2024 8:00,Summer
4/27/2024 9:00,Summer
4/27/2024 10:00,Summer
4/27/2024 11:00,Summer
4/27/2024 12:00,Summer
4/27/2024 13:00,Summer
4/27/2024 14:00,Summer
4/27/2024 15:00,Summer
4/27/2024 16:00,Summer
4/27/2024 17:00,Summer
4/27/2024 18:00,Summer
4/27/2024 19:00,Summer
4/27/2024 20:00,Summer
4/27/2024 21:00,Summer
4/27/2024 22:00,Summer
4/27/2024 23:00,Summer
4/28/2024 0:00,Summer
4/28/2024 1:00,Summer
4/28/2024 2:00,Summer
4/28/2024 3:00,Summer
4/28/2024 4:00,Summer
4/28/2024 5:00,Summer
4/28/2024 6:00,Summer
4/28/2024 7:00,Summer
4/28/2024 8:00,Summer
4/28/2024 9:00,Summer
4/28/2024 10:00,Summer
4/28/2024 11:00,Summer
4/28/2024 12:00,Summer
4/28/2024 13:00,Summer
4/28/2024 14:00,Summer
4/28/2024 15:00,Summer
4/28/2024 16:00,Summer
4/28/2024 17:00,Summer
4/28/2024 18:00,Summer
4/28/2024 19:00,Summer
4/28/2024 20:00,Summer
4/28/2024 21:00,Summer
4/28/2024 22:00,Summer
4/28/2024 23:00,Summer
4/29/2024 0:00,Summer
4/29/2024 1:00,Summer
4/29/2024 2:00,Summer
4/29/2024 3:00,Summer
4/29/2024 4:00,Summer
4/29/2024 5:00,Summer
4/29/2024 6:00,Summer
4/29/2024 7:00,Summer
4/29/2024 8:00,Summer
4/29/2024 9:00,Summer
4/29/2024 10:00,Summer
4/29/2024 11:00,Summer
4/29/2024 12:00,Summer
4/29/2024 13:00,Summer
4/29/2024 14:00,Summer
4/29/2024 15:00,Summer
4/29/2024 16:00,Summer
4/29/2024 17:00,Summer
4/29/2024 18:00,Summer
4/29/2024 19:00,Summer
4/29/2024 20:00,Summer
4/29/2024 21:00,Summer
4/29/2024 22:00,Summer
4/29/2024 23:00,Summer
4/30/2024 0:00,Summer
4/30/2024 1:00,Summer
4/30/2024 2:00,Summer
4/30/2024 3:00,Summer
4/30/2024 4:00,Summer
4/30/2024 5:00,Summer
4/30/2024 6:00,Summer
4/30/2024 7:00,Summer
4/30/2024 8:00,Summer
4/30/2024 9:00,Summer
4/30/2024 10:00,Summer
4/30/2024 11:00,Summer
4/30/2024 12:00,Summer
4/30/2024 13:00,Summer
4/30/2024 14:00,Summer
4/30/2024 15:00,Summer
4/30/2024 16:00,Summer
4/30/2024 17:00,Summer
4/30/2024 18:00,Summer
4/30/2024 19:00,Summer
4/30/2024 20:00,Summer
4/30/2024 21:00,Summer
4/30/2024 22:00,Summer
4/30/2024 23:00,Summer
5/1/2024 0:00,Summer
5/1/2024 1:00,Summer
5/1/2024 2:00,Summer
5/1/2024 3:00,Summer
5/1/2024 4:00,Summer
5/1/2024 5:00,Summer
5/1/2024 6:00,Summer
5/1/2024 7:00,Summer
5/1/2024 8:00,Summer
5/1/2024 9:00,Summer
5/1/2024 10:00,Summer
5/1/2024 11:00,Summer
5/1/2024 12:00,Summer
5/1/2024 13:00,Summer
5/1/2024 14:00,Summer
5/1/2024 15:00,Summer
5/1/2024 16:00,Summer
5/1/2024 17:00,Summer
5/1/2024 18:00,Summer
5/1/2024 19:00,Summer
5/1/2024 20:00,Summer
5/1/2024 21:00,Summer
5/1/2024 22:00,Summer
5/1/2024 23:00,Summer
5/2/2024 0:00,Summer
5/2/2024 1:00,Summer
5/2/2024 2:00,Summer
5/2/2024 3:00,Summer
5/2/2024 4:00,Summer
5/2/2024 5:00,Summer
5/2/2024 6:00,Summer
5/2/2024 7:00,Summer
5/2/2024 8:00,Summer
5/2/2024 9:00,Summer
5/2/2024 10:00,Summer
5/2/2024 11:00,Summer
5/2/2024 12:00,Summer
5/2/2024 13:00,Summer
5/2/2024 14:00,Summer
5/2/2024 15:00,Summer
5/2/2024 16:00,Summer
5/2/2024 17:00,Summer
5/2/2024 18:00,Summer
5/2/2024 19:00,Summer
5/2/2024 20:00,Summer
5/2/2024 21:00,Summer
5/2/2024 22:00,Summer
5/2/2024 23:00,Summer
5/3/2024 0:00,Summer
5/3/2024 1:00,Summer
5/3/2024 2:00,Summer
5/3/2024 3:00,Summer
5/3/2024 4:00,Summer
5/3/2024 5:00,Summer
5/3/2024 6:00,Summer
5/3/2024 7:00,Summer
5/3/2024 8:00,Summer
5/3/2024 9:00,Summer
5/3/2024 10:00,Summer
5/3/2024 11:00,Summer
5/3/2024 12:00,Summer
5/3/2024 13:00,Summer
5/3/2024 14:00,Summer
5/3/2024 15:00,Summer
5/3/2024 16:00,Summer
5/3/2024 17:00,Summer
5/3/2024 18:00,Summer
5/3/2024 19:00,Summer
5/3/2024 20:00,Summer
5/3/2024 21:00,Summer
5/3/2024 22:00,Summer
5/3/2024 23:00,Summer
5/4/2024 0:00,Summer
5/4/2024 1:00,Summer
5/4/2024 2:00,Summer
5/4/2024 3:00,Summer
5/4/2024 4:00,Summer
5/4/2024 5:00,Summer
5/4/2024 6:00,Summer
5/4/2024 7:00,Summer
5/4/2024 8:00,Summer
5/4/2024 9:00,Summer
5/4/2024 10:00,Summer
5/4/2024 11:00,Summer
5/4/2024 12:00,Summer
5/4/2024 13:00,Summer
5/4/2024 14:00,Summer
5/4/2024 15:00,Summer
5/4/2024 16:00,Summer
5/4/2024 17:00,Summer
5/4/2024 18:00,Summer
5/4/2024 19:00,Summer
5/4/2024 20:00,Summer
5/4/2024 21:00,Summer
5/4/2024 22:00,Summer
5/4/2024 23:00,Summer
5/5/2024 0:00,Summer
5/5/2024 1:00,Summer
5/5/2024 2:00,Summer
5/5/2024 3:00,Summer
5/5/2024 4:00,Summer
5/5/2024 5:00,Summer
5/5/2024 6:00,Summer
5/5/2024 7:00,Summer
5/5/2024 8:00,Summer
5/5/2024 9:00,Summer
5/5/2024 10:00,Summer
5/5/2024 11:00,Summer
5/5/2024 12:00,Summer
5/5/2024 13:00,Summer
5/5/2024 14:00,Summer
5/5/2024 15:00,Summer
5/5/2024 16:00,Summer
5/5/2024 17:00,Summer
5/5/2024 18:00,Summer
5/5/2024 19:00,Summer
5/5/2024 20:00,Summer
5/5/2024 21:00,Summer
5/5/2024 22:00,Summer
5/5/2024 23:00,Summer
5/6/2024 0:00,Summer
5/6/2024 1:00,Summer
5/6/2024 2:00,Summer
5/6/2024 3:00,Summer
5/6/2024 4:00,Summer
5/6/2024 5:00,Summer
5/6/2024 6:00,Summer
5/6/2024 7:00,Summer
5/6/2024 8:00,Summer
5/6/2024 9:00,Summer
5/6/2024 10:00,Summer
5/6/2024 11:00,Summer
5/6/2024 12:00,Summer
5/6/2024 13:00,Summer
5/6/2024 14:00,Summer
5/6/2024 15:00,Summer
5/6/2024 16:00,Summer
5/6/2024 17:00,Summer
5/6/2024 18:00,Summer
5/6/2024 19:00,Summer
5/6/2024 20:00,Summer
5/6/2024 21:00,Summer
5/6/2024 22:00,Summer
5/6/2024 23:00,Summer
5/7/2024 0:00,Summer
5/7/2024 1:00,Summer
5/7/2024 2:00,Summer
5/7/2024 3:00,Summer
5/7/2024 4:00,Summer
5/7/2024 5:00,Summer
5/7/2024 6:00,Summer
5/7/2024 7:00,Summer
5/7/2024 8:00,Summer
5/7/2024 9:00,Summer
5/7/2024 10:00,Summer
5/7/2024 11:00,Summer
5/7/2024 12:00,Summer
5/7/2024 13:00,Summer
5/7/2024 14:00,Summer
5/7/2024 15:00,Summer
5/7/2024 16:00,Summer
5/7/2024 17:00,Summer
5/7/2024 18:00,Summer
5/7/2024 19:00,Summer
5/7/2024 20:00,Summer
5/7/2024 21:00,Summer
5/7/2024 22:00,Summer
5/7/2024 23:00,Summer
5/8/2024 0:00,Summer
5/8/2024 1:00,Summer
5/8/2024 2:00,Summer
5/8/2024 3:00,Summer
5/8/2024 4:00,Summer
5/8/2024 5:00,Summer
5/8/2024 6:00,Summer
5/8/2024 7:00,Summer
5/8/2024 8:00,Summer
5/8/2024 9:00,Summer
5/8/2024 10:00,Summer
5/8/2024 11:00,Summer
5/8/2024 12:00,Summer
5/8/2024 13:00,Summer
5/8/2024 14:00,Summer
5/8/2024 15:00,Summer
5/8/2024 16:00,Summer
5/8/2024 17:00,Summer
5/8/2024 18:00,Summer
5/8/2024 19:00,Summer
5/8/2024 20:00,Summer
5/8/2024 21:00,Summer
5/8/2024 22:00,Summer
5/8/2024 23:00,Summer
5/9/2024 0:00,Summer
5/9/2024 1:00,Summer
5/9/2024 2:00,Summer
5/9/2024 3:00,Summer
5/9/2024 4:00,Summer
5/9/2024 5:00,Summer
5/9/2024 6:00,Summer
5/9/2024 7:00,Summer
5/9/2024 8:00,Summer
5/9/2024 9:00,Summer
5/9/2024 10:00,Summer
5/9/2024 11:00,Summer
5/9/2024 12:00,Summer
5/9/2024 13:00,Summer
5/9/2024 14:00,Summer
5/9/2024 15:00,Summer
5/9/2024 16:00,Summer
5/9/2024 17:00,Summer
5/9/2024 18:00,Summer
5/9/2024 19:00,Summer
5/9/2024 20:00,Summer
5/9/2024 21:00,Summer
5/9/2024 22:00,Summer
5/9/2024 23:00,Summer
5/10/2024 0:00,Summer
5/10/2024 1:00,Summer
5/10/2024 2:00,Summer
5/10/2024 3:00,Summer
5/10/2024 4:00,Summer
5/10/2024 5:00,Summer
5/10/2024 6:00,Summer
5/10/2024 7:00,Summer
5/10/2024 8:00,Summer
5/10/2024 9:00,Summer
5/10/2024 10:00,Summer
5/10/2024 11:00,Summer
5/10/2024 12:00,Summer
5/10/2024 13:00,Summer
5/10/2024 14:00,Summer
5/10/2024 15:00,Summer
5/10/2024 16:00,Summer
5/10/2024 17:00,Summer
5/10/2024 18:00,Summer
5/10/2024 19:00,Summer
5/10/2024 20:00,Summer
5/10/2024 21:00,Summer
5/10/2024 22:00,Summer
5/10/2024 23:00,Summer
5/11/2024 0:00,Summer
5/11/2024 1:00,Summer
5/11/2024 2:00,Summer
5/11/2024 3:00,Summer
5/11/2024 4:00,Summer
5/11/2024 5:00,Summer
5/11/2024 6:00,Summer
5/11/2024 7:00,Summer
5/11/2024 8:00,Summer
5/11/2024 9:00,Summer
5/11/2024 10:00,Summer
5/11/2024 11:00,Summer
5/11/2024 12:00,Summer
5/11/2024 13:00,Summer
5/11/2024 14:00,Summer
5/11/2024 15:00,Summer
5/11/2024 16:00,Summer
5/11/2024 17:00,Summer
5/11/2024 18:00,Summer
5/11/2024 19:00,Summer
5/11/2024 20:00,Summer
5/11/2024 21:00,Summer
5/11/2024 22:00,Summer
5/11/2024 23:00,Summer
5/12/2024 0:00,Summer
5/12/2024 1:00,Summer
5/12/2024 2:00,Summer
5/12/2024 3:00,Summer
5/12/2024 4:00,Summer
5/12/2024 5:00,Summer
5/12/2024 6:00,Summer
5/12/2024 7:00,Summer
5/12/2024 8:00,Summer
5/12/2024 9:00,Summer
5/12/2024 10:00,Summer
5/12/2024 11:00,Summer
5/12/2024 12:00,Summer
5/12/2024 13:00,Summer
5/12/2024 14:00,Summer
5/12/2024 15:00,Summer
5/12/2024 16:00,Summer
5/12/2024 17:00,Summer
5/12/2024 18:00,Summer
5/12/2024 19:00,Summer
5/12/2024 20:00,Summer
5/12/2024 21:00,Summer
5/12/2024 22:00,Summer
5/12/2024 23:00,Summer
5/13/2024 0:00,Summer
5/13/2024 1:00,Summer
5/13/2024 2:00,Summer
5/13/2024 3:00,Summer
5/13/2024 4:00,Summer
5/13/2024 5:00,Summer
5/13/2024 6:00,Summer
5/13/2024 7:00,Summer
5/13/2024 8:00,Summer
5/13/2024 9:00,Summer
5/13/2024 10:00,Summer
5/13/2024 11:00,Summer
5/13/2024 12:00,Summer
5/13/2024 13:00,Summer
5/13/2024 14:00,Summer
5/13/2024 15:00,Summer
5/13/2024 16:00,Summer
5/13/2024 17:00,Summer
5/13/2024 18:00,Summer
5/13/2024 19:00,Summer
5/13/2024 20:00,Summer
5/13/2024 21:00,Summer
5/13/2024 22:00,Summer
5/13/2024 23:00,Summer
5/14/2024 0:00,Summer
5/14/2024 1:00,Summer
5/14/2024 2:00,Summer
5/14/2024 3:00,Summer
5/14/2024 4:00,Summer
5/14/2024 5:00,Summer
5/14/2024 6:00,Summer
5/14/2024 7:00,Summer
5/14/2024 8:00,Summer
5/14/2024 9:00,Summer
5/14/2024 10:00,Summer
5/14/2024 11:00,Summer
5/14/2024 12:00,Summer
5/14/2024 13:00,Summer
5/14/2024 14:00,Summer
5/14/2024 15:00,Summer
5/14/2024 16:00,Summer
5/14/2024 17:00,Summer
5/14/2024 18:00,Summer
5/14/2024 19:00,Summer
5/14/2024 20:00,Summer
5/14/2024 21:00,Summer
5/14/2024 22:00,Summer
5/14/2024 23:00,Summer
5/15/2024 0:00,Summer
5/15/2024 1:00,Summer
5/15/2024 2:00,Summer
5/15/2024 3:00,Summer
5/15/2024 4:00,Summer
5/15/2024 5:00,Summer
5/15/2024 6:00,Summer
5/15/2024 7:00,Summer
5/15/2024 8:00,Summer
5/15/2024 9:00,Summer
5/15/2024 10:00,Summer
5/15/2024 11:00,Summer
5/15/2024 12:00,Summer
5/15/2024 13:00,Summer
5/15/2024 14:00,Summer
5/15/2024 15:00,Summer
5/15/2024 16:00,Summer
5/15/2024 17:00,Summer
5/15/2024 18:00,Summer
5/15/2024 19:00,Summer
5/15/2024 20:00,Summer
5/15/2024 21:00,Summer
5/15/2024 22:00,Summer
5/15/2024 23:00,Summer
5/16/2024 0:00,Summer
5/16/2024 1:00,Summer
5/16/2024 2:00,Summer
5/16/2024 3:00,Summer
5/16/2024 4:00,Summer
5/16/2024 5:00,Summer
5/16/2024 6:00,Summer
5/16/2024 7:00,Summer
5/16/2024 8:00,Summer
5/16/2024 9:00,Summer
5/16/2024 10:00,Summer
5/16/2024 11:00,Summer
5/16/2024 12:00,Summer
5/16/2024 13:00,Summer
5/16/2024 14:00,Summer
5/16/2024 15:00,Summer
5/16/2024 16:00,Summer
5/16/2024 17:00,Summer
5/16/2024 18:00,Summer
5/16/2024 19:00,Summer
5/16/2024 20:00,Summer
5/16/2024 21:00,Summer
5/16/2024 22:00,Summer
5/16/2024 23:00,Summer
5/17/2024 0:00,Summer
5/17/2024 1:00,Summer
5/17/2024 2:00,Summer
5/17/2024 3:00,Summer
5/17/2024 4:00,Summer
5/17/2024 5:00,Summer
5/17/2024 6:00,Summer
5/17/2024 7:00,Summer
5/17/2024 8:00,Summer
5/17/2024 9:00,Summer
5/17/2024 10:00,Summer
5/17/2024 11:00,Summer
5/17/2024 12:00,Summer
5/17/2024 13:00,Summer
5/17/2024 14:00,Summer
5/17/2024 15:00,Summer
5/17/2024 16:00,Summer
5/17/2024 17:00,Summer
5/17/2024 18:00,Summer
5/17/2024 19:00,Summer
5/17/2024 20:00,Summer
5/17/2024 21:00,Summer
5/17/2024 22:00,Summer
5/17/2024 23:00,Summer
5/18/2024 0:00,Summer
5/18/2024 1:00,Summer
5/18/2024 2:00,Summer
5/18/2024 3:00,Summer
5/18/2024 4:00,Summer
5/18/2024 5:00,Summer
5/18/2024 6:00,Summer
5/18/2024 7:00,Summer
5/18/2024 8:00,Summer
5/18/2024 9:00,Summer
5/18/2024 10:00,Summer
5/18/2024 11:00,Summer
5/18/2024 12:00,Summer
5/18/2024 13:00,Summer
5/18/2024 14:00,Summer
5/18/2024 15:00,Summer
5/18/2024 16:00,Summer
5/18/2024 17:00,Summer
5/18/2024 18:00,Summer
5/18/2024 19:00,Summer
5/18/2024 20:00,Summer
5/18/2024 21:00,Summer
5/18/2024 22:00,Summer
5/18/2024 23:00,Summer
5/19/2024 0:00,Summer
5/19/2024 1:00,Summer
5/19/2024 2:00,Summer
5/19/2024 3:00,Summer
5/19/2024 4:00,Summer
5/19/2024 5:00,Summer
5/19/2024 6:00,Summer
5/19/2024 7:00,Summer
5/19/2024 8:00,Summer
5/19/2024 9:00,Summer
5/19/2024 10:00,Summer
5/19/2024 11:00,Summer
5/19/2024 12:00,Summer
5/19/2024 13:00,Summer
5/19/2024 14:00,Summer
5/19/2024 15:00,Summer
5/19/2024 16:00,Summer
5/19/2024 17:00,Summer
5/19/2024 18:00,Summer
5/19/2024 19:00,Summer
5/19/2024 20:00,Summer
5/19/2024 21:00,Summer
5/19/2024 22:00,Summer
5/19/2024 23:00,Summer
5/20/2024 0:00,Summer
5/20/2024 1:00,Summer
5/20/2024 2:00,Summer
5/20/2024 3:00,Summer
5/20/2024 4:00,Summer
5/20/2024 5:00,Summer
5/20/2024 6:00,Summer
5/20/2024 7:00,Summer
5/20/2024 8:00,Summer
5/20/2024 9:00,Summer
5/20/2024 10:00,Summer
5/20/2024 11:00,Summer
5/20/2024 12:00,Summer
5/20/2024 13:00,Summer
5/20/2024 14:00,Summer
5/20/2024 15:00,Summer
5/20/2024 16:00,Summer
5/20/2024 17:00,Summer
5/20/2024 18:00,Summer
5/20/2024 19:00,Summer
5/20/2024 20:00,Summer
5/20/2024 21:00,Summer
5/20/2024 22:00,Summer
5/20/2024 23:00,Summer
5/21/2024 0:00,Summer
5/21/2024 1:00,Summer
5/21/2024 2:00,Summer
5/21/2024 3:00,Summer
5/21/2024 4:00,Summer
5/21/2024 5:00,Summer
5/21/2024 6:00,Summer
5/21/2024 7:00,Summer
5/21/2024 8:00,Summer
5/21/2024 9:00,Summer
5/21/2024 10:00,Summer
5/21/2024 11:00,Summer
5/21/2024 12:00,Summer
5/21/2024 13:00,Summer
5/21/2024 14:00,Summer
5/21/2024 15:00,Summer
5/21/2024 16:00,Summer
5/21/2024 17:00,Summer
5/21/2024 18:00,Summer
5/21/2024 19:00,Summer
5/21/2024 20:00,Summer
5/21/2024 21:00,Summer
5/21/2024 22:00,Summer
5/21/2024 23:00,Summer
5/22/2024 0:00,Summer
5/22/2024 1:00,Summer
5/22/2024 2:00,Summer
5/22/2024 3:00,Summer
5/22/2024 4:00,Summer
5/22/2024 5:00,Summer
5/22/2024 6:00,Summer
5/22/2024 7:00,Summer
5/22/2024 8:00,Summer
5/22/2024 9:00,Summer
5/22/2024 10:00,Summer
5/22/2024 11:00,Summer
5/22/2024 12:00,Summer
5/22/2024 13:00,Summer
5/22/2024 14:00,Summer
5/22/2024 15:00,Summer
5/22/2024 16:00,Summer
5/22/2024 17:00,Summer
5/22/2024 18:00,Summer
5/22/2024 19:00,Summer
5/22/2024 20:00,Summer
5/22/2024 21:00,Summer
5/22/2024 22:00,Summer
5/22/2024 23:00,Summer
5/23/2024 0:00,Summer
5/23/2024 1:00,Summer
5/23/2024 2:00,Summer
5/23/2024 3:00,Summer
5/23/2024 4:00,Summer
5/23/2024 5:00,Summer
5/23/2024 6:00,Summer
5/23/2024 7:00,Summer
5/23/2024 8:00,Summer
5/23/2024 9:00,Summer
5/23/2024 10:00,Summer
5/23/2024 11:00,Summer
5/23/2024 12:00,Summer
5/23/2024 13:00,Summer
5/23/2024 14:00,Summer
5/23/2024 15:00,Summer
5/23/2024 16:00,Summer
5/23/2024 17:00,Summer
5/23/2024 18:00,Summer
5/23/2024 19:00,Summer
5/23/2024 20:00,Summer
5/23/2024 21:00,Summer
5/23/2024 22:00,Summer
5/23/2024 23:00,Summer
5/24/2024 0:00,Summer
5/24/2024 1:00,Summer
5/24/2024 2:00,Summer
5/24/2024 3:00,Summer
5/24/2024 4:00,Summer
5/24/2024 5:00,Summer
5/24/2024 6:00,Summer
5/24/2024 7:00,Summer
5/24/2024 8:00,Summer
5/24/2024 9:00,Summer
5/24/2024 10:00,Summer
5/24/2024 11:00,Summer
5/24/2024 12:00,Summer
5/24/2024 13:00,Summer
5/24/2024 14:00,Summer
5/24/2024 15:00,Summer
5/24/2024 16:00,Summer
5/24/2024 17:00,Summer
5/24/2024 18:00,Summer
5/24/2024 19:00,Summer
5/24/2024 20:00,Summer
5/24/2024 21:00,Summer
5/24/2024 22:00,Summer
5/24/2024 23:00,Summer
5/25/2024 0:00,Summer
5/25/2024 1:00,Summer
5/25/2024 2:00,Summer
5/25/2024 3:00,Summer
5/25/2024 4:00,Summer
5/25/2024 5:00,Summer
5/25/2024 6:00,Summer
5/25/2024 7:00,Summer
5/25/2024 8:00,Summer
5/25/2024 9:00,Summer
5/25/2024 10:00,Summer
5/25/2024 11:00,Summer
5/25/2024 12:00,Summer
5/25/2024 13:00,Summer
5/25/2024 14:00,Summer
5/25/2024 15:00,Summer
5/25/2024 16:00,Summer
5/25/2024 17:00,Summer
5/25/2024 18:00,Summer
5/25/2024 19:00,Summer
5/25/2024 20:00,Summer
5/25/2024 21:00,Summer
5/25/2024 22:00,Summer
5/25/2024 23:00,Summer
5/26/2024 0:00,Summer
5/26/2024 1:00,Summer
5/26/2024 2:00,Summer
5/26/2024 3:00,Summer
5/26/2024 4:00,Summer
5/26/2024 5:00,Summer
5/26/2024 6:00,Summer
5/26/2024 7:00,Summer
5/26/2024 8:00,Summer
5/26/2024 9:00,Summer
5/26/2024 10:00,Summer
5/26/2024 11:00,Summer
5/26/2024 12:00,Summer
5/26/2024 13:00,Summer
5/26/2024 14:00,Summer
5/26/2024 15:00,Summer
5/26/2024 16:00,Summer
5/26/2024 17:00,Summer
5/26/2024 18:00,Summer
5/26/2024 19:00,Summer
5/26/2024 20:00,Summer
5/26/2024 21:00,Summer
5/26/2024 22:00,Summer
5/26/2024 23:00,Summer
5/27/2024 0:00,Summer
5/27/2024 1:00,Summer
5/27/2024 2:00,Summer
5/27/2024 3:00,Summer
5/27/2024 4:00,Summer
5/27/2024 5:00,Summer
5/27/2024 6:00,Summer
5/27/2024 7:00,Summer
5/27/2024 8:00,Summer
5/27/2024 9:00,Summer
5/27/2024 10:00,Summer
5/27/2024 11:00,Summer
5/27/2024 12:00,Summer
5/27/2024 13:00,Summer
5/27/2024 14:00,Summer
5/27/2024 15:00,Summer
5/27/2024 16:00,Summer
5/27/2024 17:00,Summer
5/27/2024 18:00,Summer
5/27/2024 19:00,Summer
5/27/2024 20:00,Summer
5/27/2024 21:00,Summer
5/27/2024 22:00,Summer
5/27/2024 23:00,Summer
5/28/2024 0:00,Summer
5/28/2024 1:00,Summer
5/28/2024 2:00,Summer
5/28/2024 3:00,Summer
5/28/2024 4:00,Summer
5/28/2024 5:00,Summer
5/28/2024 6:00,Summer
5/28/2024 7:00,Summer
5/28/2024 8:00,Summer
5/28/2024 9:00,Summer
5/28/2024 10:00,Summer
5/28/2024 11:00,Summer
5/28/2024 12:00,Summer
5/28/2024 13:00,Summer
5/28/2024 14:00,Summer
5/28/2024 15:00,Summer
5/28/2024 16:00,Summer
5/28/2024 17:00,Summer
5/28/2024 18:00,Summer
5/28/2024 19:00,Summer
5/28/2024 20:00,Summer
5/28/2024 21:00,Summer
5/28/2024 22:00,Summer
5/28/2024 23:00,Summer
5/29/2024 0:00,Summer
5/29/2024 1:00,Summer
5/29/2024 2:00,Summer
5/29/2024 3:00,Summer
5/29/2024 4:00,Summer
5/29/2024 5:00,Summer
5/29/2024 6:00,Summer
5/29/2024 7:00,Summer
5/29/2024 8:00,Summer
5/29/2024 9:00,Summer
5/29/2024 10:00,Summer
5/29/2024 11:00,Summer
5/29/2024 12:00,Summer
5/29/2024 13:00,Summer
5/29/2024 14:00,Summer
5/29/2024 15:00,Summer
5/29/2024 16:00,Summer
5/29/2024 17:00,Summer
5/29/2024 18:00,Summer
5/29/2024 19:00,Summer
5/29/2024 20:00,Summer
5/29/2024 21:00,Summer
5/29/2024 22:00,Summer
5/29/2024 23:00,Summer
5/30/2024 0:00,Summer
5/30/2024 1:00,Summer
5/30/2024 2:00,Summer
5/30/2024 3:00,Summer
5/30/2024 4:00,Summer
5/30/2024 5:00,Summer
5/30/2024 6:00,Summer
5/30/2024 7:00,Summer
5/30/2024 8:00,Summer
5/30/2024 9:00,Summer
5/30/2024 10:00,Summer
5/30/2024 11:00,Summer
5/30/2024 12:00,Summer
5/30/2024 13:00,Summer
5/30/2024 14:00,Summer
5/30/2024 15:00,Summer
5/30/2024 16:00,Summer
5/30/2024 17:00,Summer
5/30/2024 18:00,Summer
5/30/2024 19:00,Summer
5/30/2024 20:00,Summer
5/30/2024 21:00,Summer
5/30/2024 22:00,Summer
5/30/2024 23:00,Summer
5/31/2024 0:00,Summer
5/31/2024 1:00,Summer
5/31/2024 2:00,Summer
5/31/2024 3:00,Summer
5/31/2024 4:00,Summer
5/31/2024 5:00,Summer
5/31/2024 6:00,Summer
5/31/2024 7:00,Summer
5/31/2024 8:00,Summer
5/31/2024 9:00,Summer
5/31/2024 10:00,Summer
5/31/2024 11:00,Summer
5/31/2024 12:00,Summer
5/31/2024 13:00,Summer
5/31/2024 14:00,Summer
5/31/2024 15:00,Summer
5/31/2024 16:00,Summer
5/31/2024 17:00,Summer
5/31/2024 18:00,Summer
5/31/2024 19:00,Summer
5/31/2024 20:00,Summer
5/31/2024 21:00,Summer
5/31/2024 22:00,Summer
5/31/2024 23:00,Summer
6/1/2024 0:00,Monsoon
6/1/2024 1:00,Monsoon
6/1/2024 2:00,Monsoon
6/1/2024 3:00,Monsoon
6/1/2024 4:00,Monsoon
6/1/2024 5:00,Monsoon
6/1/2024 6:00,Monsoon
6/1/2024 7:00,Monsoon
6/1/2024 8:00,Monsoon
6/1/2024 9:00,Monsoon
6/1/2024 10:00,Monsoon
6/1/2024 11:00,Monsoon
6/1/2024 12:00,Monsoon
6/1/2024 13:00,Monsoon
6/1/2024 14:00,Monsoon
6/1/2024 15:00,Monsoon
6/1/2024 16:00,Monsoon
6/1/2024 17:00,Monsoon
6/1/2024 18:00,Monsoon
6/1/2024 19:00,Monsoon
6/1/2024 20:00,Monsoon
6/1/2024 21:00,Monsoon
6/1/2024 22:00,Monsoon
6/1/2024 23:00,Monsoon
6/2/2024 0:00,Monsoon
6/2/2024 1:00,Monsoon
6/2/2024 2:00,Monsoon
6/2/2024 3:00,Monsoon
6/2/2024 4:00,Monsoon
6/2/2024 5:00,Monsoon
6/2/2024 6:00,Monsoon
6/2/2024 7:00,Monsoon
6/2/2024 8:00,Monsoon
6/2/2024 9:00,Monsoon
6/2/2024 10:00,Monsoon
6/2/2024 11:00,Monsoon
6/2/2024 12:00,Monsoon
6/2/2024 13:00,Monsoon
6/2/2024 14:00,Monsoon
6/2/2024 15:00,Monsoon
6/2/2024 16:00,Monsoon
6/2/2024 17:00,Monsoon
6/2/2024 18:00,Monsoon
6/2/2024 19:00,Monsoon
6/2/2024 20:00,Monsoon
6/2/2024 21:00,Monsoon
6/2/2024 22:00,Monsoon
6/2/2024 23:00,Monsoon
6/3/2024 0:00,Monsoon
6/3/2024 1:00,Monsoon
6/3/2024 2:00,Monsoon
6/3/2024 3:00,Monsoon
6/3/2024 4:00,Monsoon
6/3/2024 5:00,Monsoon
6/3/2024 6:00,Monsoon
6/3/2024 7:00,Monsoon
6/3/2024 8:00,Monsoon
6/3/2024 9:00,Monsoon
6/3/2024 10:00,Monsoon
6/3/2024 11:00,Monsoon
6/3/2024 12:00,Monsoon
6/3/2024 13:00,Monsoon
6/3/2024 14:00,Monsoon
6/3/2024 15:00,Monsoon
6/3/2024 16:00,Monsoon
6/3/2024 17:00,Monsoon
6/3/2024 18:00,Monsoon
6/3/2024 19:00,Monsoon
6/3/2024 20:00,Monsoon
6/3/2024 21:00,Monsoon
6/3/2024 22:00,Monsoon
6/3/2024 23:00,Monsoon
6/4/2024 0:00,Monsoon
6/4/2024 1:00,Monsoon
6/4/2024 2:00,Monsoon
6/4/2024 3:00,Monsoon
6/4/2024 4:00,Monsoon
6/4/2024 5:00,Monsoon
6/4/2024 6:00,Monsoon
6/4/2024 7:00,Monsoon
6/4/2024 8:00,Monsoon
6/4/2024 9:00,Monsoon
6/4/2024 10:00,Monsoon
6/4/2024 11:00,Monsoon
6/4/2024 12:00,Monsoon
6/4/2024 13:00,Monsoon
6/4/2024 14:00,Monsoon
6/4/2024 15:00,Monsoon
6/4/2024 16:00,Monsoon
6/4/2024 17:00,Monsoon
6/4/2024 18:00,Monsoon
6/4/2024 19:00,Monsoon
6/4/2024 20:00,Monsoon
6/4/2024 21:00,Monsoon
6/4/2024 22:00,Monsoon
6/4/2024 23:00,Monsoon
6/5/2024 0:00,Monsoon
6/5/2024 1:00,Monsoon
6/5/2024 2:00,Monsoon
6/5/2024 3:00,Monsoon
6/5/2024 4:00,Monsoon
6/5/2024 5:00,Monsoon
6/5/2024 6:00,Monsoon
6/5/2024 7:00,Monsoon
6/5/2024 8:00,Monsoon
6/5/2024 9:00,Monsoon
6/5/2024 10:00,Monsoon
6/5/2024 11:00,Monsoon
6/5/2024 12:00,Monsoon
6/5/2024 13:00,Monsoon
6/5/2024 14:00,Monsoon
6/5/2024 15:00,Monsoon
6/5/2024 16:00,Monsoon
6/5/2024 17:00,Monsoon
6/5/2024 18:00,Monsoon
6/5/2024 19:00,Monsoon
6/5/2024 20:00,Monsoon
6/5/2024 21:00,Monsoon
6/5/2024 22:00,Monsoon
6/5/2024 23:00,Monsoon
6/6/2024 0:00,Monsoon
6/6/2024 1:00,Monsoon
6/6/2024 2:00,Monsoon
6/6/2024 3:00,Monsoon
6/6/2024 4:00,Monsoon
6/6/2024 5:00,Monsoon
6/6/2024 6:00,Monsoon
6/6/2024 7:00,Monsoon
6/6/2024 8:00,Monsoon
6/6/2024 9:00,Monsoon
6/6/2024 10:00,Monsoon
6/6/2024 11:00,Monsoon
6/6/2024 12:00,Monsoon
6/6/2024 13:00,Monsoon
6/6/2024 14:00,Monsoon
6/6/2024 15:00,Monsoon
6/6/2024 16:00,Monsoon
6/6/2024 17:00,Monsoon
6/6/2024 18:00,Monsoon
6/6/2024 19:00,Monsoon
6/6/2024 20:00,Monsoon
6/6/2024 21:00,Monsoon
6/6/2024 22:00,Monsoon
6/6/2024 23:00,Monsoon
6/7/2024 0:00,Monsoon
6/7/2024 1:00,Monsoon
6/7/2024 2:00,Monsoon
6/7/2024 3:00,Monsoon
6/7/2024 4:00,Monsoon
6/7/2024 5:00,Monsoon
6/7/2024 6:00,Monsoon
6/7/2024 7:00,Monsoon
6/7/2024 8:00,Monsoon
6/7/2024 9:00,Monsoon
6/7/2024 10:00,Monsoon
6/7/2024 11:00,Monsoon
6/7/2024 12:00,Monsoon
6/7/2024 13:00,Monsoon
6/7/2024 14:00,Monsoon
6/7/2024 15:00,Monsoon
6/7/2024 16:00,Monsoon
6/7/2024 17:00,Monsoon
6/7/2024 18:00,Monsoon
6/7/2024 19:00,Monsoon
6/7/2024 20:00,Monsoon
6/7/2024 21:00,Monsoon
6/7/2024 22:00,Monsoon
6/7/2024 23:00,Monsoon
6/8/2024 0:00,Monsoon
6/8/2024 1:00,Monsoon
6/8/2024 2:00,Monsoon
6/8/2024 3:00,Monsoon
6/8/2024 4:00,Monsoon
6/8/2024 5:00,Monsoon
6/8/2024 6:00,Monsoon
6/8/2024 7:00,Monsoon
6/8/2024 8:00,Monsoon
6/8/2024 9:00,Monsoon
6/8/2024 10:00,Monsoon
6/8/2024 11:00,Monsoon
6/8/2024 12:00,Monsoon
6/8/2024 13:00,Monsoon
6/8/2024 14:00,Monsoon
6/8/2024 15:00,Monsoon
6/8/2024 16:00,Monsoon
6/8/2024 17:00,Monsoon
6/8/2024 18:00,Monsoon
6/8/2024 19:00,Monsoon
6/8/2024 20:00,Monsoon
6/8/2024 21:00,Monsoon
6/8/2024 22:00,Monsoon
6/8/2024 23:00,Monsoon
6/9/2024 0:00,Monsoon
6/9/2024 1:00,Monsoon
6/9/2024 2:00,Monsoon
6/9/2024 3:00,Monsoon
6/9/2024 4:00,Monsoon
6/9/2024 5:00,Monsoon
6/9/2024 6:00,Monsoon
6/9/2024 7:00,Monsoon
6/9/2024 8:00,Monsoon
6/9/2024 9:00,Monsoon
6/9/2024 10:00,Monsoon
6/9/2024 11:00,Monsoon
6/9/2024 12:00,Monsoon
6/9/2024 13:00,Monsoon
6/9/2024 14:00,Monsoon
6/9/2024 15:00,Monsoon
6/9/2024 16:00,Monsoon
6/9/2024 17:00,Monsoon
6/9/2024 18:00,Monsoon
6/9/2024 19:00,Monsoon
6/9/2024 20:00,Monsoon
6/9/2024 21:00,Monsoon
6/9/2024 22:00,Monsoon
6/9/2024 23:00,Monsoon
6/10/2024 0:00,Monsoon
6/10/2024 1:00,Monsoon
6/10/2024 2:00,Monsoon
6/10/2024 3:00,Monsoon
6/10/2024 4:00,Monsoon
6/10/2024 5:00,Monsoon
6/10/2024 6:00,Monsoon
6/10/2024 7:00,Monsoon
6/10/2024 8:00,Monsoon
6/10/2024 9:00,Monsoon
6/10/2024 10:00,Monsoon
6/10/2024 11:00,Monsoon
6/10/2024 12:00,Monsoon
6/10/2024 13:00,Monsoon
6/10/2024 14:00,Monsoon
6/10/2024 15:00,Monsoon
6/10/2024 16:00,Monsoon
6/10/2024 17:00,Monsoon
6/10/2024 18:00,Monsoon
6/10/2024 19:00,Monsoon
6/10/2024 20:00,Monsoon
6/10/2024 21:00,Monsoon
6/10/2024 22:00,Monsoon
6/10/2024 23:00,Monsoon
6/11/2024 0:00,Monsoon
6/11/2024 1:00,Monsoon
6/11/2024 2:00,Monsoon
6/11/2024 3:00,Monsoon
6/11/2024 4:00,Monsoon
6/11/2024 5:00,Monsoon
6/11/2024 6:00,Monsoon
6/11/2024 7:00,Monsoon
6/11/2024 8:00,Monsoon
6/11/2024 9:00,Monsoon
6/11/2024 10:00,Monsoon
6/11/2024 11:00,Monsoon
6/11/2024 12:00,Monsoon
6/11/2024 13:00,Monsoon
6/11/2024 14:00,Monsoon
6/11/2024 15:00,Monsoon
6/11/2024 16:00,Monsoon
6/11/2024 17:00,Monsoon
6/11/2024 18:00,Monsoon
6/11/2024 19:00,Monsoon
6/11/2024 20:00,Monsoon
6/11/2024 21:00,Monsoon
6/11/2024 22:00,Monsoon
6/11/2024 23:00,Monsoon
6/12/2024 0:00,Monsoon
6/12/2024 1:00,Monsoon
6/12/2024 2:00,Monsoon
6/12/2024 3:00,Monsoon
6/12/2024 4:00,Monsoon
6/12/2024 5:00,Monsoon
6/12/2024 6:00,Monsoon
6/12/2024 7:00,Monsoon
6/12/2024 8:00,Monsoon
6/12/2024 9:00,Monsoon
6/12/2024 10:00,Monsoon
6/12/2024 11:00,Monsoon
6/12/2024 12:00,Monsoon
6/12/2024 13:00,Monsoon
6/12/2024 14:00,Monsoon
6/12/2024 15:00,Monsoon
6/12/2024 16:00,Monsoon
6/12/2024 17:00,Monsoon
6/12/2024 18:00,Monsoon
6/12/2024 19:00,Monsoon
6/12/2024 20:00,Monsoon
6/12/2024 21:00,Monsoon
6/12/2024 22:00,Monsoon
6/12/2024 23:00,Monsoon
6/13/2024 0:00,Monsoon
6/13/2024 1:00,Monsoon
6/13/2024 2:00,Monsoon
6/13/2024 3:00,Monsoon
6/13/2024 4:00,Monsoon
6/13/2024 5:00,Monsoon
6/13/2024 6:00,Monsoon
6/13/2024 7:00,Monsoon
6/13/2024 8:00,Monsoon
6/13/2024 9:00,Monsoon
6/13/2024 10:00,Monsoon
6/13/2024 11:00,Monsoon
6/13/2024 12:00,Monsoon
6/13/2024 13:00,Monsoon
6/13/2024 14:00,Monsoon
6/13/2024 15:00,Monsoon
6/13/2024 16:00,Monsoon
6/13/2024 17:00,Monsoon
6/13/2024 18:00,Monsoon
6/13/2024 19:00,Monsoon
6/13/2024 20:00,Monsoon
6/13/2024 21:00,Monsoon
6/13/2024 22:00,Monsoon
6/13/2024 23:00,Monsoon
6/14/2024 0:00,Monsoon
6/14/2024 1:00,Monsoon
6/14/2024 2:00,Monsoon
6/14/2024 3:00,Monsoon
6/14/2024 4:00,Monsoon
6/14/2024 5:00,Monsoon
6/14/2024 6:00,Monsoon
6/14/2024 7:00,Monsoon
6/14/2024 8:00,Monsoon
6/14/2024 9:00,Monsoon
6/14/2024 10:00,Monsoon
6/14/2024 11:00,Monsoon
6/14/2024 12:00,Monsoon
6/14/2024 13:00,Monsoon
6/14/2024 14:00,Monsoon
6/14/2024 15:00,Monsoon
6/14/2024 16:00,Monsoon
6/14/2024 17:00,Monsoon
6/14/2024 18:00,Monsoon
6/14/2024 19:00,Monsoon
6/14/2024 20:00,Monsoon
6/14/2024 21:00,Monsoon
6/14/2024 22:00,Monsoon
6/14/2024 23:00,Monsoon
6/15/2024 0:00,Monsoon
6/15/2024 1:00,Monsoon
6/15/2024 2:00,Monsoon
6/15/2024 3:00,Monsoon
6/15/2024 4:00,Monsoon
6/15/2024 5:00,Monsoon
6/15/2024 6:00,Monsoon
6/15/2024 7:00,Monsoon
6/15/2024 8:00,Monsoon
6/15/2024 9:00,Monsoon
6/15/2024 10:00,Monsoon
6/15/2024 11:00,Monsoon
6/15/2024 12:00,Monsoon
6/15/2024 13:00,Monsoon
6/15/2024 14:00,Monsoon
6/15/2024 15:00,Monsoon
6/15/2024 16:00,Monsoon
6/15/2024 17:00,Monsoon
6/15/2024 18:00,Monsoon
6/15/2024 19:00,Monsoon
6/15/2024 20:00,Monsoon
6/15/2024 21:00,Monsoon
6/15/2024 22:00,Monsoon
6/15/2024 23:00,Monsoon
6/16/2024 0:00,Monsoon
6/16/2024 1:00,Monsoon
6/16/2024 2:00,Monsoon
6/16/2024 3:00,Monsoon
6/16/2024 4:00,Monsoon
6/16/2024 5:00,Monsoon
6/16/2024 6:00,Monsoon
6/16/2024 7:00,Monsoon
6/16/2024 8:00,Monsoon
6/16/2024 9:00,Monsoon
6/16/2024 10:00,Monsoon
6/16/2024 11:00,Monsoon
6/16/2024 12:00,Monsoon
6/16/2024 13:00,Monsoon
6/16/2024 14:00,Monsoon
6/16/2024 15:00,Monsoon
6/16/2024 16:00,Monsoon
6/16/2024 17:00,Monsoon
6/16/2024 18:00,Monsoon
6/16/2024 19:00,Monsoon
6/16/2024 20:00,Monsoon
6/16/2024 21:00,Monsoon
6/16/2024 22:00,Monsoon
6/16/2024 23:00,Monsoon
6/17/2024 0:00,Monsoon
6/17/2024 1:00,Monsoon
6/17/2024 2:00,Monsoon
6/17/2024 3:00,Monsoon
6/17/2024 4:00,Monsoon
6/17/2024 5:00,Monsoon
6/17/2024 6:00,Monsoon
6/17/2024 7:00,Monsoon
6/17/2024 8:00,Monsoon
6/17/2024 9:00,Monsoon
6/17/2024 10:00,Monsoon
6/17/2024 11:00,Monsoon
6/17/2024 12:00,Monsoon
6/17/2024 13:00,Monsoon
6/17/2024 14:00,Monsoon
6/17/2024 15:00,Monsoon
6/17/2024 16:00,Monsoon
6/17/2024 17:00,Monsoon
6/17/2024 18:00,Monsoon
6/17/2024 19:00,Monsoon
6/17/2024 20:00,Monsoon
6/17/2024 21:00,Monsoon
6/17/2024 22:00,Monsoon
6/17/2024 23:00,Monsoon
6/18/2024 0:00,Monsoon
6/18/2024 1:00,Monsoon
6/18/2024 2:00,Monsoon
6/18/2024 3:00,Monsoon
6/18/2024 4:00,Monsoon
6/18/2024 5:00,Monsoon
6/18/2024 6:00,Monsoon
6/18/2024 7:00,Monsoon
6/18/2024 8:00,Monsoon
6/18/2024 9:00,Monsoon
6/18/2024 10:00,Monsoon
6/18/2024 11:00,Monsoon
6/18/2024 12:00,Monsoon
6/18/2024 13:00,Monsoon
6/18/2024 14:00,Monsoon
6/18/2024 15:00,Monsoon
6/18/2024 16:00,Monsoon
6/18/2024 17:00,Monsoon
6/18/2024 18:00,Monsoon
6/18/2024 19:00,Monsoon
6/18/2024 20:00,Monsoon
6/18/2024 21:00,Monsoon
6/18/2024 22:00,Monsoon
6/18/2024 23:00,Monsoon
6/19/2024 0:00,Monsoon
6/19/2024 1:00,Monsoon
6/19/2024 2:00,Monsoon
6/19/2024 3:00,Monsoon
6/19/2024 4:00,Monsoon
6/19/2024 5:00,Monsoon
6/19/2024 6:00,Monsoon
6/19/2024 7:00,Monsoon
6/19/2024 8:00,Monsoon
6/19/2024 9:00,Monsoon
6/19/2024 10:00,Monsoon
6/19/2024 11:00,Monsoon
6/19/2024 12:00,Monsoon
6/19/2024 13:00,Monsoon
6/19/2024 14:00,Monsoon
6/19/2024 15:00,Monsoon
6/19/2024 16:00,Monsoon
6/19/2024 17:00,Monsoon
6/19/2024 18:00,Monsoon
6/19/2024 19:00,Monsoon
6/19/2024 20:00,Monsoon
6/19/2024 21:00,Monsoon
6/19/2024 22:00,Monsoon
6/19/2024 23:00,Monsoon
6/20/2024 0:00,Monsoon
6/20/2024 1:00,Monsoon
6/20/2024 2:00,Monsoon
6/20/2024 3:00,Monsoon
6/20/2024 4:00,Monsoon
6/20/2024 5:00,Monsoon
6/20/2024 6:00,Monsoon
6/20/2024 7:00,Monsoon
6/20/2024 8:00,Monsoon
6/20/2024 9:00,Monsoon
6/20/2024 10:00,Monsoon
6/20/2024 11:00,Monsoon
6/20/2024 12:00,Monsoon
6/20/2024 13:00,Monsoon
6/20/2024 14:00,Monsoon
6/20/2024 15:00,Monsoon
6/20/2024 16:00,Monsoon
6/20/2024 17:00,Monsoon
6/20/2024 18:00,Monsoon
6/20/2024 19:00,Monsoon
6/20/2024 20:00,Monsoon
6/20/2024 21:00,Monsoon
6/20/2024 22:00,Monsoon
6/20/2024 23:00,Monsoon
6/21/2024 0:00,Monsoon
6/21/2024 1:00,Monsoon
6/21/2024 2:00,Monsoon
6/21/2024 3:00,Monsoon
6/21/2024 4:00,Monsoon
6/21/2024 5:00,Monsoon
6/21/2024 6:00,Monsoon
6/21/2024 7:00,Monsoon
6/21/2024 8:00,Monsoon
6/21/2024 9:00,Monsoon
6/21/2024 10:00,Monsoon
6/21/2024 11:00,Monsoon
6/21/2024 12:00,Monsoon
6/21/2024 13:00,Monsoon
6/21/2024 14:00,Monsoon
6/21/2024 15:00,Monsoon
6/21/2024 16:00,Monsoon
6/21/2024 17:00,Monsoon
6/21/2024 18:00,Monsoon
6/21/2024 19:00,Monsoon
6/21/2024 20:00,Monsoon
6/21/2024 21:00,Monsoon
6/21/2024 22:00,Monsoon
6/21/2024 23:00,Monsoon
6/22/2024 0:00,Monsoon
6/22/2024 1:00,Monsoon
6/22/2024 2:00,Monsoon
6/22/2024 3:00,Monsoon
6/22/2024 4:00,Monsoon
6/22/2024 5:00,Monsoon
6/22/2024 6:00,Monsoon
6/22/2024 7:00,Monsoon
6/22/2024 8:00,Monsoon
6/22/2024 9:00,Monsoon
6/22/2024 10:00,Monsoon
6/22/2024 11:00,Monsoon
6/22/2024 12:00,Monsoon
6/22/2024 13:00,Monsoon
6/22/2024 14:00,Monsoon
6/22/2024 15:00,Monsoon
6/22/2024 16:00,Monsoon
6/22/2024 17:00,Monsoon
6/22/2024 18:00,Monsoon
6/22/2024 19:00,Monsoon
6/22/2024 20:00,Monsoon
6/22/2024 21:00,Monsoon
6/22/2024 22:00,Monsoon
6/22/2024 23:00,Monsoon
6/23/2024 0:00,Monsoon
6/23/2024 1:00,Monsoon
6/23/2024 2:00,Monsoon
6/23/2024 3:00,Monsoon
6/23/2024 4:00,Monsoon
6/23/2024 5:00,Monsoon
6/23/2024 6:00,Monsoon
6/23/2024 7:00,Monsoon
6/23/2024 8:00,Monsoon
6/23/2024 9:00,Monsoon
6/23/2024 10:00,Monsoon
6/23/2024 11:00,Monsoon
6/23/2024 12:00,Monsoon
6/23/2024 13:00,Monsoon
6/23/2024 14:00,Monsoon
6/23/2024 15:00,Monsoon
6/23/2024 16:00,Monsoon
6/23/2024 17:00,Monsoon
6/23/2024 18:00,Monsoon
6/23/2024 19:00,Monsoon
6/23/2024 20:00,Monsoon
6/23/2024 21:00,Monsoon
6/23/2024 22:00,Monsoon
6/23/2024 23:00,Monsoon
6/24/2024 0:00,Monsoon
6/24/2024 1:00,Monsoon
6/24/2024 2:00,Monsoon
6/24/2024 3:00,Monsoon
6/24/2024 4:00,Monsoon
6/24/2024 5:00,Monsoon
6/24/2024 6:00,Monsoon
6/24/2024 7:00,Monsoon
6/24/2024 8:00,Monsoon
6/24/2024 9:00,Monsoon
6/24/2024 10:00,Monsoon
6/24/2024 11:00,Monsoon
6/24/2024 12:00,Monsoon
6/24/2024 13:00,Monsoon
6/24/2024 14:00,Monsoon
6/24/2024 15:00,Monsoon
6/24/2024 16:00,Monsoon
6/24/2024 17:00,Monsoon
6/24/2024 18:00,Monsoon
6/24/2024 19:00,Monsoon
6/24/2024 20:00,Monsoon
6/24/2024 21:00,Monsoon
6/24/2024 22:00,Monsoon
6/24/2024 23:00,Monsoon
6/25/2024 0:00,Monsoon
6/25/2024 1:00,Monsoon
6/25/2024 2:00,Monsoon
6/25/2024 3:00,Monsoon
6/25/2024 4:00,Monsoon
6/25/2024 5:00,Monsoon
6/25/2024 6:00,Monsoon
6/25/2024 7:00,Monsoon
6/25/2024 8:00,Monsoon
6/25/2024 9:00,Monsoon
6/25/2024 10:00,Monsoon
6/25/2024 11:00,Monsoon
6/25/2024 12:00,Monsoon
6/25/2024 13:00,Monsoon
6/25/2024 14:00,Monsoon
6/25/2024 15:00,Monsoon
6/25/2024 16:00,Monsoon
6/25/2024 17:00,Monsoon
6/25/2024 18:00,Monsoon
6/25/2024 19:00,Monsoon
6/25/2024 20:00,Monsoon
6/25/2024 21:00,Monsoon
6/25/2024 22:00,Monsoon
6/25/2024 23:00,Monsoon
6/26/2024 0:00,Monsoon
6/26/2024 1:00,Monsoon
6/26/2024 2:00,Monsoon
6/26/2024 3:00,Monsoon
6/26/2024 4:00,Monsoon
6/26/2024 5:00,Monsoon
6/26/2024 6:00,Monsoon
6/26/2024 7:00,Monsoon
6/26/2024 8:00,Monsoon
6/26/2024 9:00,Monsoon
6/26/2024 10:00,Monsoon
6/26/2024 11:00,Monsoon
6/26/2024 12:00,Monsoon
6/26/2024 13:00,Monsoon
6/26/2024 14:00,Monsoon
6/26/2024 15:00,Monsoon
6/26/2024 16:00,Monsoon
6/26/2024 17:00,Monsoon
6/26/2024 18:00,Monsoon
6/26/2024 19:00,Monsoon
6/26/2024 20:00,Monsoon
6/26/2024 21:00,Monsoon
6/26/2024 22:00,Monsoon
6/26/2024 23:00,Monsoon
6/27/2024 0:00,Monsoon
6/27/2024 1:00,Monsoon
6/27/2024 2:00,Monsoon
6/27/2024 3:00,Monsoon
6/27/2024 4:00,Monsoon
6/27/2024 5:00,Monsoon
6/27/2024 6:00,Monsoon
6/27/2024 7:00,Monsoon
6/27/2024 8:00,Monsoon
6/27/2024 9:00,Monsoon
6/27/2024 10:00,Monsoon
6/27/2024 11:00,Monsoon
6/27/2024 12:00,Monsoon
6/27/2024 13:00,Monsoon
6/27/2024 14:00,Monsoon
6/27/2024 15:00,Monsoon
6/27/2024 16:00,Monsoon
6/27/2024 17:00,Monsoon
6/27/2024 18:00,Monsoon
6/27/2024 19:00,Monsoon
6/27/2024 20:00,Monsoon
6/27/2024 21:00,Monsoon
6/27/2024 22:00,Monsoon
6/27/2024 23:00,Monsoon
6/28/2024 0:00,Monsoon
6/28/2024 1:00,Monsoon
6/28/2024 2:00,Monsoon
6/28/2024 3:00,Monsoon
6/28/2024 4:00,Monsoon
6/28/2024 5:00,Monsoon
6/28/2024 6:00,Monsoon
6/28/2024 7:00,Monsoon
6/28/2024 8:00,Monsoon
6/28/2024 9:00,Monsoon
6/28/2024 10:00,Monsoon
6/28/2024 11:00,Monsoon
6/28/2024 12:00,Monsoon
6/28/2024 13:00,Monsoon
6/28/2024 14:00,Monsoon
6/28/2024 15:00,Monsoon
6/28/2024 16:00,Monsoon
6/28/2024 17:00,Monsoon
6/28/2024 18:00,Monsoon
6/28/2024 19:00,Monsoon
6/28/2024 20:00,Monsoon
6/28/2024 21:00,Monsoon
6/28/2024 22:00,Monsoon
6/28/2024 23:00,Monsoon
6/29/2024 0:00,Monsoon
6/29/2024 1:00,Monsoon
6/29/2024 2:00,Monsoon
6/29/2024 3:00,Monsoon
6/29/2024 4:00,Monsoon
6/29/2024 5:00,Monsoon
6/29/2024 6:00,Monsoon
6/29/2024 7:00,Monsoon
6/29/2024 8:00,Monsoon
6/29/2024 9:00,Monsoon
6/29/2024 10:00,Monsoon
6/29/2024 11:00,Monsoon
6/29/2024 12:00,Monsoon
6/29/2024 13:00,Monsoon
6/29/2024 14:00,Monsoon
6/29/2024 15:00,Monsoon
6/29/2024 16:00,Monsoon
6/29/2024 17:00,Monsoon
6/29/2024 18:00,Monsoon
6/29/2024 19:00,Monsoon
6/29/2024 20:00,Monsoon
6/29/2024 21:00,Monsoon
6/29/2024 22:00,Monsoon
6/29/2024 23:00,Monsoon
6/30/2024 0:00,Monsoon
6/30/2024 1:00,Monsoon
6/30/2024 2:00,Monsoon
6/30/2024 3:00,Monsoon
6/30/2024 4:00,Monsoon
6/30/2024 5:00,Monsoon
6/30/2024 6:00,Monsoon
6/30/2024 7:00,Monsoon
6/30/2024 8:00,Monsoon
6/30/2024 9:00,Monsoon
6/30/2024 10:00,Monsoon
6/30/2024 11:00,Monsoon
6/30/2024 12:00,Monsoon
6/30/2024 13:00,Monsoon
6/30/2024 14:00,Monsoon
6/30/2024 15:00,Monsoon
6/30/2024 16:00,Monsoon
6/30/2024 17:00,Monsoon
6/30/2024 18:00,Monsoon
6/30/2024 19:00,Monsoon
6/30/2024 20:00,Monsoon
6/30/2024 21:00,Monsoon
6/30/2024 22:00,Monsoon
6/30/2024 23:00,Monsoon
7/1/2024 0:00,Monsoon
7/1/2024 1:00,Monsoon
7/1/2024 2:00,Monsoon
7/1/2024 3:00,Monsoon
7/1/2024 4:00,Monsoon
7/1/2024 5:00,Monsoon
7/1/2024 6:00,Monsoon
7/1/2024 7:00,Monsoon
7/1/2024 8:00,Monsoon
7/1/2024 9:00,Monsoon
7/1/2024 10:00,Monsoon
7/1/2024 11:00,Monsoon
7/1/2024 12:00,Monsoon
7/1/2024 13:00,Monsoon
7/1/2024 14:00,Monsoon
7/1/2024 15:00,Monsoon
7/1/2024 16:00,Monsoon
7/1/2024 17:00,Monsoon
7/1/2024 18:00,Monsoon
7/1/2024 19:00,Monsoon
7/1/2024 20:00,Monsoon
7/1/2024 21:00,Monsoon
7/1/2024 22:00,Monsoon
7/1/2024 23:00,Monsoon
7/2/2024 0:00,Monsoon
7/2/2024 1:00,Monsoon
7/2/2024 2:00,Monsoon
7/2/2024 3:00,Monsoon
7/2/2024 4:00,Monsoon
7/2/2024 5:00,Monsoon
7/2/2024 6:00,Monsoon
7/2/2024 7:00,Monsoon
7/2/2024 8:00,Monsoon
7/2/2024 9:00,Monsoon
7/2/2024 10:00,Monsoon
7/2/2024 11:00,Monsoon
7/2/2024 12:00,Monsoon
7/2/2024 13:00,Monsoon
7/2/2024 14:00,Monsoon
7/2/2024 15:00,Monsoon
7/2/2024 16:00,Monsoon
7/2/2024 17:00,Monsoon
7/2/2024 18:00,Monsoon
7/2/2024 19:00,Monsoon
7/2/2024 20:00,Monsoon
7/2/2024 21:00,Monsoon
7/2/2024 22:00,Monsoon
7/2/2024 23:00,Monsoon
7/3/2024 0:00,Monsoon
7/3/2024 1:00,Monsoon
7/3/2024 2:00,Monsoon
7/3/2024 3:00,Monsoon
7/3/2024 4:00,Monsoon
7/3/2024 5:00,Monsoon
7/3/2024 6:00,Monsoon
7/3/2024 7:00,Monsoon
7/3/2024 8:00,Monsoon
7/3/2024 9:00,Monsoon
7/3/2024 10:00,Monsoon
7/3/2024 11:00,Monsoon
7/3/2024 12:00,Monsoon
7/3/2024 13:00,Monsoon
7/3/2024 14:00,Monsoon
7/3/2024 15:00,Monsoon
7/3/2024 16:00,Monsoon
7/3/2024 17:00,Monsoon
7/3/2024 18:00,Monsoon
7/3/2024 19:00,Monsoon
7/3/2024 20:00,Monsoon
7/3/2024 21:00,Monsoon
7/3/2024 22:00,Monsoon
7/3/2024 23:00,Monsoon
7/4/2024 0:00,Monsoon
7/4/2024 1:00,Monsoon
7/4/2024 2:00,Monsoon
7/4/2024 3:00,Monsoon
7/4/2024 4:00,Monsoon
7/4/2024 5:00,Monsoon
7/4/2024 6:00,Monsoon
7/4/2024 7:00,Monsoon
7/4/2024 8:00,Monsoon
7/4/2024 9:00,Monsoon
7/4/2024 10:00,Monsoon
7/4/2024 11:00,Monsoon
7/4/2024 12:00,Monsoon
7/4/2024 13:00,Monsoon
7/4/2024 14:00,Monsoon
7/4/2024 15:00,Monsoon
7/4/2024 16:00,Monsoon
7/4/2024 17:00,Monsoon
7/4/2024 18:00,Monsoon
7/4/2024 19:00,Monsoon
7/4/2024 20:00,Monsoon
7/4/2024 21:00,Monsoon
7/4/2024 22:00,Monsoon
7/4/2024 23:00,Monsoon
7/5/2024 0:00,Monsoon
7/5/2024 1:00,Monsoon
7/5/2024 2:00,Monsoon
7/5/2024 3:00,Monsoon
7/5/2024 4:00,Monsoon
7/5/2024 5:00,Monsoon
7/5/2024 6:00,Monsoon
7/5/2024 7:00,Monsoon
7/5/2024 8:00,Monsoon
7/5/2024 9:00,Monsoon
7/5/2024 10:00,Monsoon
7/5/2024 11:00,Monsoon
7/5/2024 12:00,Monsoon
7/5/2024 13:00,Monsoon
7/5/2024 14:00,Monsoon
7/5/2024 15:00,Monsoon
7/5/2024 16:00,Monsoon
7/5/2024 17:00,Monsoon
7/5/2024 18:00,Monsoon
7/5/2024 19:00,Monsoon
7/5/2024 20:00,Monsoon
7/5/2024 21:00,Monsoon
7/5/2024 22:00,Monsoon
7/5/2024 23:00,Monsoon
7/6/2024 0:00,Monsoon
7/6/2024 1:00,Monsoon
7/6/2024 2:00,Monsoon
7/6/2024 3:00,Monsoon
7/6/2024 4:00,Monsoon
7/6/2024 5:00,Monsoon
7/6/2024 6:00,Monsoon
7/6/2024 7:00,Monsoon
7/6/2024 8:00,Monsoon
7/6/2024 9:00,Monsoon
7/6/2024 10:00,Monsoon
7/6/2024 11:00,Monsoon
7/6/2024 12:00,Monsoon
7/6/2024 13:00,Monsoon
7/6/2024 14:00,Monsoon
7/6/2024 15:00,Monsoon
7/6/2024 16:00,Monsoon
7/6/2024 17:00,Monsoon
7/6/2024 18:00,Monsoon
7/6/2024 19:00,Monsoon
7/6/2024 20:00,Monsoon
7/6/2024 21:00,Monsoon
7/6/2024 22:00,Monsoon
7/6/2024 23:00,Monsoon
7/7/2024 0:00,Monsoon
7/7/2024 1:00,Monsoon
7/7/2024 2:00,Monsoon
7/7/2024 3:00,Monsoon
7/7/2024 4:00,Monsoon
7/7/2024 5:00,Monsoon
7/7/2024 6:00,Monsoon
7/7/2024 7:00,Monsoon
7/7/2024 8:00,Monsoon
7/7/2024 9:00,Monsoon
7/7/2024 10:00,Monsoon
7/7/2024 11:00,Monsoon
7/7/2024 12:00,Monsoon
7/7/2024 13:00,Monsoon
7/7/2024 14:00,Monsoon
7/7/2024 15:00,Monsoon
7/7/2024 16:00,Monsoon
7/7/2024 17:00,Monsoon
7/7/2024 18:00,Monsoon
7/7/2024 19:00,Monsoon
7/7/2024 20:00,Monsoon
7/7/2024 21:00,Monsoon
7/7/2024 22:00,Monsoon
7/7/2024 23:00,Monsoon
7/8/2024 0:00,Monsoon
7/8/2024 1:00,Monsoon
7/8/2024 2:00,Monsoon
7/8/2024 3:00,Monsoon
7/8/2024 4:00,Monsoon
7/8/2024 5:00,Monsoon
7/8/2024 6:00,Monsoon
7/8/2024 7:00,Monsoon
7/8/2024 8:00,Monsoon
7/8/2024 9:00,Monsoon
7/8/2024 10:00,Monsoon
7/8/2024 11:00,Monsoon
7/8/2024 12:00,Monsoon
7/8/2024 13:00,Monsoon
7/8/2024 14:00,Monsoon
7/8/2024 15:00,Monsoon
7/8/2024 16:00,Monsoon
7/8/2024 17:00,Monsoon
7/8/2024 18:00,Monsoon
7/8/2024 19:00,Monsoon
7/8/2024 20:00,Monsoon
7/8/2024 21:00,Monsoon
7/8/2024 22:00,Monsoon
7/8/2024 23:00,Monsoon
7/9/2024 0:00,Monsoon
7/9/2024 1:00,Monsoon
7/9/2024 2:00,Monsoon
7/9/2024 3:00,Monsoon
7/9/2024 4:00,Monsoon
7/9/2024 5:00,Monsoon
7/9/2024 6:00,Monsoon
7/9/2024 7:00,Monsoon
7/9/2024 8:00,Monsoon
7/9/2024 9:00,Monsoon
7/9/2024 10:00,Monsoon
7/9/2024 11:00,Monsoon
7/9/2024 12:00,Monsoon
7/9/2024 13:00,Monsoon
7/9/2024 14:00,Monsoon
7/9/2024 15:00,Monsoon
7/9/2024 16:00,Monsoon
7/9/2024 17:00,Monsoon
7/9/2024 18:00,Monsoon
7/9/2024 19:00,Monsoon
7/9/2024 20:00,Monsoon
7/9/2024 21:00,Monsoon
7/9/2024 22:00,Monsoon
7/9/2024 23:00,Monsoon
7/10/2024 0:00,Monsoon
7/10/2024 1:00,Monsoon
7/10/2024 2:00,Monsoon
7/10/2024 3:00,Monsoon
7/10/2024 4:00,Monsoon
7/10/2024 5:00,Monsoon
7/10/2024 6:00,Monsoon
7/10/2024 7:00,Monsoon
7/10/2024 8:00,Monsoon
7/10/2024 9:00,Monsoon
7/10/2024 10:00,Monsoon
7/10/2024 11:00,Monsoon
7/10/2024 12:00,Monsoon
7/10/2024 13:00,Monsoon
7/10/2024 14:00,Monsoon
7/10/2024 15:00,Monsoon
7/10/2024 16:00,Monsoon
7/10/2024 17:00,Monsoon
7/10/2024 18:00,Monsoon
7/10/2024 19:00,Monsoon
7/10/2024 20:00,Monsoon
7/10/2024 21:00,Monsoon
7/10/2024 22:00,Monsoon
7/10/2024 23:00,Monsoon
7/11/2024 0:00,Monsoon
7/11/2024 1:00,Monsoon
7/11/2024 2:00,Monsoon
7/11/2024 3:00,Monsoon
7/11/2024 4:00,Monsoon
7/11/2024 5:00,Monsoon
7/11/2024 6:00,Monsoon
7/11/2024 7:00,Monsoon
7/11/2024 8:00,Monsoon
7/11/2024 9:00,Monsoon
7/11/2024 10:00,Monsoon
7/11/2024 11:00,Monsoon
7/11/2024 12:00,Monsoon
7/11/2024 13:00,Monsoon
7/11/2024 14:00,Monsoon
7/11/2024 15:00,Monsoon
7/11/2024 16:00,Monsoon
7/11/2024 17:00,Monsoon
7/11/2024 18:00,Monsoon
7/11/2024 19:00,Monsoon
7/11/2024 20:00,Monsoon
7/11/2024 21:00,Monsoon
7/11/2024 22:00,Monsoon
7/11/2024 23:00,Monsoon
7/12/2024 0:00,Monsoon
7/12/2024 1:00,Monsoon
7/12/2024 2:00,Monsoon
7/12/2024 3:00,Monsoon
7/12/2024 4:00,Monsoon
7/12/2024 5:00,Monsoon
7/12/2024 6:00,Monsoon
7/12/2024 7:00,Monsoon
7/12/2024 8:00,Monsoon
7/12/2024 9:00,Monsoon
7/12/2024 10:00,Monsoon
7/12/2024 11:00,Monsoon
7/12/2024 12:00,Monsoon
7/12/2024 13:00,Monsoon
7/12/2024 14:00,Monsoon
7/12/2024 15:00,Monsoon
7/12/2024 16:00,Monsoon
7/12/2024 17:00,Monsoon
7/12/2024 18:00,Monsoon
7/12/2024 19:00,Monsoon
7/12/2024 20:00,Monsoon
7/12/2024 21:00,Monsoon
7/12/2024 22:00,Monsoon
7/12/2024 23:00,Monsoon
7/13/2024 0:00,Monsoon
7/13/2024 1:00,Monsoon
7/13/2024 2:00,Monsoon
7/13/2024 3:00,Monsoon
7/13/2024 4:00,Monsoon
7/13/2024 5:00,Monsoon
7/13/2024 6:00,Monsoon
7/13/2024 7:00,Monsoon
7/13/2024 8:00,Monsoon
7/13/2024 9:00,Monsoon
7/13/2024 10:00,Monsoon
7/13/2024 11:00,Monsoon
7/13/2024 12:00,Monsoon
7/13/2024 13:00,Monsoon
7/13/2024 14:00,Monsoon
7/13/2024 15:00,Monsoon
7/13/2024 16:00,Monsoon
7/13/2024 17:00,Monsoon
7/13/2024 18:00,Monsoon
7/13/2024 19:00,Monsoon
7/13/2024 20:00,Monsoon
7/13/2024 21:00,Monsoon
7/13/2024 22:00,Monsoon
7/13/2024 23:00,Monsoon
7/14/2024 0:00,Monsoon
7/14/2024 1:00,Monsoon
7/14/2024 2:00,Monsoon
7/14/2024 3:00,Monsoon
7/14/2024 4:00,Monsoon
7/14/2024 5:00,Monsoon
7/14/2024 6:00,Monsoon
7/14/2024 7:00,Monsoon
7/14/2024 8:00,Monsoon
7/14/2024 9:00,Monsoon
7/14/2024 10:00,Monsoon
7/14/2024 11:00,Monsoon
7/14/2024 12:00,Monsoon
7/14/2024 13:00,Monsoon
7/14/2024 14:00,Monsoon
7/14/2024 15:00,Monsoon
7/14/2024 16:00,Monsoon
7/14/2024 17:00,Monsoon
7/14/2024 18:00,Monsoon
7/14/2024 19:00,Monsoon
7/14/2024 20:00,Monsoon
7/14/2024 21:00,Monsoon
7/14/2024 22:00,Monsoon
7/14/2024 23:00,Monsoon
7/15/2024 0:00,Monsoon
7/15/2024 1:00,Monsoon
7/15/2024 2:00,Monsoon
7/15/2024 3:00,Monsoon
7/15/2024 4:00,Monsoon
7/15/2024 5:00,Monsoon
7/15/2024 6:00,Monsoon
7/15/2024 7:00,Monsoon
7/15/2024 8:00,Monsoon
7/15/2024 9:00,Monsoon
7/15/2024 10:00,Monsoon
7/15/2024 11:00,Monsoon
7/15/2024 12:00,Monsoon
7/15/2024 13:00,Monsoon
7/15/2024 14:00,Monsoon
7/15/2024 15:00,Monsoon
7/15/2024 16:00,Monsoon
7/15/2024 17:00,Monsoon
7/15/2024 18:00,Monsoon
7/15/2024 19:00,Monsoon
7/15/2024 20:00,Monsoon
7/15/2024 21:00,Monsoon
7/15/2024 22:00,Monsoon
7/15/2024 23:00,Monsoon
7/16/2024 0:00,Monsoon
7/16/2024 1:00,Monsoon
7/16/2024 2:00,Monsoon
7/16/2024 3:00,Monsoon
7/16/2024 4:00,Monsoon
7/16/2024 5:00,Monsoon
7/16/2024 6:00,Monsoon
7/16/2024 7:00,Monsoon
7/16/2024 8:00,Monsoon
7/16/2024 9:00,Monsoon
7/16/2024 10:00,Monsoon
7/16/2024 11:00,Monsoon
7/16/2024 12:00,Monsoon
7/16/2024 13:00,Monsoon
7/16/2024 14:00,Monsoon
7/16/2024 15:00,Monsoon
7/16/2024 16:00,Monsoon
7/16/2024 17:00,Monsoon
7/16/2024 18:00,Monsoon
7/16/2024 19:00,Monsoon
7/16/2024 20:00,Monsoon
7/16/2024 21:00,Monsoon
7/16/2024 22:00,Monsoon
7/16/2024 23:00,Monsoon
7/17/2024 0:00,Monsoon
7/17/2024 1:00,Monsoon
7/17/2024 2:00,Monsoon
7/17/2024 3:00,Monsoon
7/17/2024 4:00,Monsoon
7/17/2024 5:00,Monsoon
7/17/2024 6:00,Monsoon
7/17/2024 7:00,Monsoon
7/17/2024 8:00,Monsoon
7/17/2024 9:00,Monsoon
7/17/2024 10:00,Monsoon
7/17/2024 11:00,Monsoon
7/17/2024 12:00,Monsoon
7/17/2024 13:00,Monsoon
7/17/2024 14:00,Monsoon
7/17/2024 15:00,Monsoon
7/17/2024 16:00,Monsoon
7/17/2024 17:00,Monsoon
7/17/2024 18:00,Monsoon
7/17/2024 19:00,Monsoon
7/17/2024 20:00,Monsoon
7/17/2024 21:00,Monsoon
7/17/2024 22:00,Monsoon
7/17/2024 23:00,Monsoon
7/18/2024 0:00,Monsoon
7/18/2024 1:00,Monsoon
7/18/2024 2:00,Monsoon
7/18/2024 3:00,Monsoon
7/18/2024 4:00,Monsoon
7/18/2024 5:00,Monsoon
7/18/2024 6:00,Monsoon
7/18/2024 7:00,Monsoon
7/18/2024 8:00,Monsoon
7/18/2024 9:00,Monsoon
7/18/2024 10:00,Monsoon
7/18/2024 11:00,Monsoon
7/18/2024 12:00,Monsoon
7/18/2024 13:00,Monsoon
7/18/2024 14:00,Monsoon
7/18/2024 15:00,Monsoon
7/18/2024 16:00,Monsoon
7/18/2024 17:00,Monsoon
7/18/2024 18:00,Monsoon
7/18/2024 19:00,Monsoon
7/18/2024 20:00,Monsoon
7/18/2024 21:00,Monsoon
7/18/2024 22:00,Monsoon
7/18/2024 23:00,Monsoon
7/19/2024 0:00,Monsoon
7/19/2024 1:00,Monsoon
7/19/2024 2:00,Monsoon
7/19/2024 3:00,Monsoon
7/19/2024 4:00,Monsoon
7/19/2024 5:00,Monsoon
7/19/2024 6:00,Monsoon
7/19/2024 7:00,Monsoon
7/19/2024 8:00,Monsoon
7/19/2024 9:00,Monsoon
7/19/2024 10:00,Monsoon
7/19/2024 11:00,Monsoon
7/19/2024 12:00,Monsoon
7/19/2024 13:00,Monsoon
7/19/2024 14:00,Monsoon
7/19/2024 15:00,Monsoon
7/19/2024 16:00,Monsoon
7/19/2024 17:00,Monsoon
7/19/2024 18:00,Monsoon
7/19/2024 19:00,Monsoon
7/19/2024 20:00,Monsoon
7/19/2024 21:00,Monsoon
7/19/2024 22:00,Monsoon
7/19/2024 23:00,Monsoon
7/20/2024 0:00,Monsoon
7/20/2024 1:00,Monsoon
7/20/2024 2:00,Monsoon
7/20/2024 3:00,Monsoon
7/20/2024 4:00,Monsoon
7/20/2024 5:00,Monsoon
7/20/2024 6:00,Monsoon
7/20/2024 7:00,Monsoon
7/20/2024 8:00,Monsoon
7/20/2024 9:00,Monsoon
7/20/2024 10:00,Monsoon
7/20/2024 11:00,Monsoon
7/20/2024 12:00,Monsoon
7/20/2024 13:00,Monsoon
7/20/2024 14:00,Monsoon
7/20/2024 15:00,Monsoon
7/20/2024 16:00,Monsoon
7/20/2024 17:00,Monsoon
7/20/2024 18:00,Monsoon
7/20/2024 19:00,Monsoon
7/20/2024 20:00,Monsoon
7/20/2024 21:00,Monsoon
7/20/2024 22:00,Monsoon
7/20/2024 23:00,Monsoon
7/21/2024 0:00,Monsoon
7/21/2024 1:00,Monsoon
7/21/2024 2:00,Monsoon
7/21/2024 3:00,Monsoon
7/21/2024 4:00,Monsoon
7/21/2024 5:00,Monsoon
7/21/2024 6:00,Monsoon
7/21/2024 7:00,Monsoon
7/21/2024 8:00,Monsoon
7/21/2024 9:00,Monsoon
7/21/2024 10:00,Monsoon
7/21/2024 11:00,Monsoon
7/21/2024 12:00,Monsoon
7/21/2024 13:00,Monsoon
7/21/2024 14:00,Monsoon
7/21/2024 15:00,Monsoon
7/21/2024 16:00,Monsoon
7/21/2024 17:00,Monsoon
7/21/2024 18:00,Monsoon
7/21/2024 19:00,Monsoon
7/21/2024 20:00,Monsoon
7/21/2024 21:00,Monsoon
7/21/2024 22:00,Monsoon
7/21/2024 23:00,Monsoon
7/22/2024 0:00,Monsoon
7/22/2024 1:00,Monsoon
7/22/2024 2:00,Monsoon
7/22/2024 3:00,Monsoon
7/22/2024 4:00,Monsoon
7/22/2024 5:00,Monsoon
7/22/2024 6:00,Monsoon
7/22/2024 7:00,Monsoon
7/22/2024 8:00,Monsoon
7/22/2024 9:00,Monsoon
7/22/2024 10:00,Monsoon
7/22/2024 11:00,Monsoon
7/22/2024 12:00,Monsoon
7/22/2024 13:00,Monsoon
7/22/2024 14:00,Monsoon
7/22/2024 15:00,Monsoon
7/22/2024 16:00,Monsoon
7/22/2024 17:00,Monsoon
7/22/2024 18:00,Monsoon
7/22/2024 19:00,Monsoon
7/22/2024 20:00,Monsoon
7/22/2024 21:00,Monsoon
7/22/2024 22:00,Monsoon
7/22/2024 23:00,Monsoon
7/23/2024 0:00,Monsoon
7/23/2024 1:00,Monsoon
7/23/2024 2:00,Monsoon
7/23/2024 3:00,Monsoon
7/23/2024 4:00,Monsoon
7/23/2024 5:00,Monsoon
7/23/2024 6:00,Monsoon
7/23/2024 7:00,Monsoon
7/23/2024 8:00,Monsoon
7/23/2024 9:00,Monsoon
7/23/2024 10:00,Monsoon
7/23/2024 11:00,Monsoon
7/23/2024 12:00,Monsoon
7/23/2024 13:00,Monsoon
7/23/2024 14:00,Monsoon
7/23/2024 15:00,Monsoon
7/23/2024 16:00,Monsoon
7/23/2024 17:00,Monsoon
7/23/2024 18:00,Monsoon
7/23/2024 19:00,Monsoon
7/23/2024 20:00,Monsoon
7/23/2024 21:00,Monsoon
7/23/2024 22:00,Monsoon
7/23/2024 23:00,Monsoon
7/24/2024 0:00,Monsoon
7/24/2024 1:00,Monsoon
7/24/2024 2:00,Monsoon
7/24/2024 3:00,Monsoon
7/24/2024 4:00,Monsoon
7/24/2024 5:00,Monsoon
7/24/2024 6:00,Monsoon
7/24/2024 7:00,Monsoon
7/24/2024 8:00,Monsoon
7/24/2024 9:00,Monsoon
7/24/2024 10:00,Monsoon
7/24/2024 11:00,Monsoon
7/24/2024 12:00,Monsoon
7/24/2024 13:00,Monsoon
7/24/2024 14:00,Monsoon
7/24/2024 15:00,Monsoon
7/24/2024 16:00,Monsoon
7/24/2024 17:00,Monsoon
7/24/2024 18:00,Monsoon
7/24/2024 19:00,Monsoon
7/24/2024 20:00,Monsoon
7/24/2024 21:00,Monsoon
7/24/2024 22:00,Monsoon
7/24/2024 23:00,Monsoon
7/25/2024 0:00,Monsoon
7/25/2024 1:00,Monsoon
7/25/2024 2:00,Monsoon
7/25/2024 3:00,Monsoon
7/25/2024 4:00,Monsoon
7/25/2024 5:00,Monsoon
7/25/2024 6:00,Monsoon
7/25/2024 7:00,Monsoon
7/25/2024 8:00,Monsoon
7/25/2024 9:00,Monsoon
7/25/2024 10:00,Monsoon
7/25/2024 11:00,Monsoon
7/25/2024 12:00,Monsoon
7/25/2024 13:00,Monsoon
7/25/2024 14:00,Monsoon
7/25/2024 15:00,Monsoon
7/25/2024 16:00,Monsoon
7/25/2024 17:00,Monsoon
7/25/2024 18:00,Monsoon
7/25/2024 19:00,Monsoon
7/25/2024 20:00,Monsoon
7/25/2024 21:00,Monsoon
7/25/2024 22:00,Monsoon
7/25/2024 23:00,Monsoon
7/26/2024 0:00,Monsoon
7/26/2024 1:00,Monsoon
7/26/2024 2:00,Monsoon
7/26/2024 3:00,Monsoon
7/26/2024 4:00,Monsoon
7/26/2024 5:00,Monsoon
7/26/2024 6:00,Monsoon
7/26/2024 7:00,Monsoon
7/26/2024 8:00,Monsoon
7/26/2024 9:00,Monsoon
7/26/2024 10:00,Monsoon
7/26/2024 11:00,Monsoon
7/26/2024 12:00,Monsoon
7/26/2024 13:00,Monsoon
7/26/2024 14:00,Monsoon
7/26/2024 15:00,Monsoon
7/26/2024 16:00,Monsoon
7/26/2024 17:00,Monsoon
7/26/2024 18:00,Monsoon
7/26/2024 19:00,Monsoon
7/26/2024 20:00,Monsoon
7/26/2024 21:00,Monsoon
7/26/2024 22:00,Monsoon
7/26/2024 23:00,Monsoon
7/27/2024 0:00,Monsoon
7/27/2024 1:00,Monsoon
7/27/2024 2:00,Monsoon
7/27/2024 3:00,Monsoon
7/27/2024 4:00,Monsoon
7/27/2024 5:00,Monsoon
7/27/2024 6:00,Monsoon
7/27/2024 7:00,Monsoon
7/27/2024 8:00,Monsoon
7/27/2024 9:00,Monsoon
7/27/2024 10:00,Monsoon
7/27/2024 11:00,Monsoon
7/27/2024 12:00,Monsoon
7/27/2024 13:00,Monsoon
7/27/2024 14:00,Monsoon
7/27/2024 15:00,Monsoon
7/27/2024 16:00,Monsoon
7/27/2024 17:00,Monsoon
7/27/2024 18:00,Monsoon
7/27/2024 19:00,Monsoon
7/27/2024 20:00,Monsoon
7/27/2024 21:00,Monsoon
7/27/2024 22:00,Monsoon
7/27/2024 23:00,Monsoon
7/28/2024 0:00,Monsoon
7/28/2024 1:00,Monsoon
7/28/2024 2:00,Monsoon
7/28/2024 3:00,Monsoon
7/28/2024 4:00,Monsoon
7/28/2024 5:00,Monsoon
7/28/2024 6:00,Monsoon
7/28/2024 7:00,Monsoon
7/28/2024 8:00,Monsoon
7/28/2024 9:00,Monsoon
7/28/2024 10:00,Monsoon
7/28/2024 11:00,Monsoon
7/28/2024 12:00,Monsoon
7/28/2024 13:00,Monsoon
7/28/2024 14:00,Monsoon
7/28/2024 15:00,Monsoon
7/28/2024 16:00,Monsoon
7/28/2024 17:00,Monsoon
7/28/2024 18:00,Monsoon
7/28/2024 19:00,Monsoon
7/28/2024 20:00,Monsoon
7/28/2024 21:00,Monsoon
7/28/2024 22:00,Monsoon
7/28/2024 23:00,Monsoon
7/29/2024 0:00,Monsoon
7/29/2024 1:00,Monsoon
7/29/2024 2:00,Monsoon
7/29/2024 3:00,Monsoon
7/29/2024 4:00,Monsoon
7/29/2024 5:00,Monsoon
7/29/2024 6:00,Monsoon
7/29/2024 7:00,Monsoon
7/29/2024 8:00,Monsoon
7/29/2024 9:00,Monsoon
7/29/2024 10:00,Monsoon
7/29/2024 11:00,Monsoon
7/29/2024 12:00,Monsoon
7/29/2024 13:00,Monsoon
7/29/2024 14:00,Monsoon
7/29/2024 15:00,Monsoon
7/29/2024 16:00,Monsoon
7/29/2024 17:00,Monsoon
7/29/2024 18:00,Monsoon
7/29/2024 19:00,Monsoon
7/29/2024 20:00,Monsoon
7/29/2024 21:00,Monsoon
7/29/2024 22:00,Monsoon
7/29/2024 23:00,Monsoon
7/30/2024 0:00,Monsoon
7/30/2024 1:00,Monsoon
7/30/2024 2:00,Monsoon
7/30/2024 3:00,Monsoon
7/30/2024 4:00,Monsoon
7/30/2024 5:00,Monsoon
7/30/2024 6:00,Monsoon
7/30/2024 7:00,Monsoon
7/30/2024 8:00,Monsoon
7/30/2024 9:00,Monsoon
7/30/2024 10:00,Monsoon
7/30/2024 11:00,Monsoon
7/30/2024 12:00,Monsoon
7/30/2024 13:00,Monsoon
7/30/2024 14:00,Monsoon
7/30/2024 15:00,Monsoon
7/30/2024 16:00,Monsoon
7/30/2024 17:00,Monsoon
7/30/2024 18:00,Monsoon
7/30/2024 19:00,Monsoon
7/30/2024 20:00,Monsoon
7/30/2024 21:00,Monsoon
7/30/2024 22:00,Monsoon
7/30/2024 23:00,Monsoon
7/31/2024 0:00,Monsoon
7/31/2024 1:00,Monsoon
7/31/2024 2:00,Monsoon
7/31/2024 3:00,Monsoon
7/31/2024 4:00,Monsoon
7/31/2024 5:00,Monsoon
7/31/2024 6:00,Monsoon
7/31/2024 7:00,Monsoon
7/31/2024 8:00,Monsoon
7/31/2024 9:00,Monsoon
7/31/2024 10:00,Monsoon
7/31/2024 11:00,Monsoon
7/31/2024 12:00,Monsoon
7/31/2024 13:00,Monsoon
7/31/2024 14:00,Monsoon
7/31/2024 15:00,Monsoon
7/31/2024 16:00,Monsoon
7/31/2024 17:00,Monsoon
7/31/2024 18:00,Monsoon
7/31/2024 19:00,Monsoon
7/31/2024 20:00,Monsoon
7/31/2024 21:00,Monsoon
7/31/2024 22:00,Monsoon
7/31/2024 23:00,Monsoon
8/1/2024 0:00,Monsoon
8/1/2024 1:00,Monsoon
8/1/2024 2:00,Monsoon
8/1/2024 3:00,Monsoon
8/1/2024 4:00,Monsoon
8/1/2024 5:00,Monsoon
8/1/2024 6:00,Monsoon
8/1/2024 7:00,Monsoon
8/1/2024 8:00,Monsoon
8/1/2024 9:00,Monsoon
8/1/2024 10:00,Monsoon
8/1/2024 11:00,Monsoon
8/1/2024 12:00,Monsoon
8/1/2024 13:00,Monsoon
8/1/2024 14:00,Monsoon
8/1/2024 15:00,Monsoon
8/1/2024 16:00,Monsoon
8/1/2024 17:00,Monsoon
8/1/2024 18:00,Monsoon
8/1/2024 19:00,Monsoon
8/1/2024 20:00,Monsoon
8/1/2024 21:00,Monsoon
8/1/2024 22:00,Monsoon
8/1/2024 23:00,Monsoon
8/2/2024 0:00,Monsoon
8/2/2024 1:00,Monsoon
8/2/2024 2:00,Monsoon
8/2/2024 3:00,Monsoon
8/2/2024 4:00,Monsoon
8/2/2024 5:00,Monsoon
8/2/2024 6:00,Monsoon
8/2/2024 7:00,Monsoon
8/2/2024 8:00,Monsoon
8/2/2024 9:00,Monsoon
8/2/2024 10:00,Monsoon
8/2/2024 11:00,Monsoon
8/2/2024 12:00,Monsoon
8/2/2024 13:00,Monsoon
8/2/2024 14:00,Monsoon
8/2/2024 15:00,Monsoon
8/2/2024 16:00,Monsoon
8/2/2024 17:00,Monsoon
8/2/2024 18:00,Monsoon
8/2/2024 19:00,Monsoon
8/2/2024 20:00,Monsoon
8/2/2024 21:00,Monsoon
8/2/2024 22:00,Monsoon
8/2/2024 23:00,Monsoon
8/3/2024 0:00,Monsoon
8/3/2024 1:00,Monsoon
8/3/2024 2:00,Monsoon
8/3/2024 3:00,Monsoon
8/3/2024 4:00,Monsoon
8/3/2024 5:00,Monsoon
8/3/2024 6:00,Monsoon
8/3/2024 7:00,Monsoon
8/3/2024 8:00,Monsoon
8/3/2024 9:00,Monsoon
8/3/2024 10:00,Monsoon
8/3/2024 11:00,Monsoon
8/3/2024 12:00,Monsoon
8/3/2024 13:00,Monsoon
8/3/2024 14:00,Monsoon
8/3/2024 15:00,Monsoon
8/3/2024 16:00,Monsoon
8/3/2024 17:00,Monsoon
8/3/2024 18:00,Monsoon
8/3/2024 19:00,Monsoon
8/3/2024 20:00,Monsoon
8/3/2024 21:00,Monsoon
8/3/2024 22:00,Monsoon
8/3/2024 23:00,Monsoon
8/4/2024 0:00,Monsoon
8/4/2024 1:00,Monsoon
8/4/2024 2:00,Monsoon
8/4/2024 3:00,Monsoon
8/4/2024 4:00,Monsoon
8/4/2024 5:00,Monsoon
8/4/2024 6:00,Monsoon
8/4/2024 7:00,Monsoon
8/4/2024 8:00,Monsoon
8/4/2024 9:00,Monsoon
8/4/2024 10:00,Monsoon
8/4/2024 11:00,Monsoon
8/4/2024 12:00,Monsoon
8/4/2024 13:00,Monsoon
8/4/2024 14:00,Monsoon
8/4/2024 15:00,Monsoon
8/4/2024 16:00,Monsoon
8/4/2024 17:00,Monsoon
8/4/2024 18:00,Monsoon
8/4/2024 19:00,Monsoon
8/4/2024 20:00,Monsoon
8/4/2024 21:00,Monsoon
8/4/2024 22:00,Monsoon
8/4/2024 23:00,Monsoon
8/5/2024 0:00,Monsoon
8/5/2024 1:00,Monsoon
8/5/2024 2:00,Monsoon
8/5/2024 3:00,Monsoon
8/5/2024 4:00,Monsoon
8/5/2024 5:00,Monsoon
8/5/2024 6:00,Monsoon
8/5/2024 7:00,Monsoon
8/5/2024 8:00,Monsoon
8/5/2024 9:00,Monsoon
8/5/2024 10:00,Monsoon
8/5/2024 11:00,Monsoon
8/5/2024 12:00,Monsoon
8/5/2024 13:00,Monsoon
8/5/2024 14:00,Monsoon
8/5/2024 15:00,Monsoon
8/5/2024 16:00,Monsoon
8/5/2024 17:00,Monsoon
8/5/2024 18:00,Monsoon
8/5/2024 19:00,Monsoon
8/5/2024 20:00,Monsoon
8/5/2024 21:00,Monsoon
8/5/2024 22:00,Monsoon
8/5/2024 23:00,Monsoon
8/6/2024 0:00,Monsoon
8/6/2024 1:00,Monsoon
8/6/2024 2:00,Monsoon
8/6/2024 3:00,Monsoon
8/6/2024 4:00,Monsoon
8/6/2024 5:00,Monsoon
8/6/2024 6:00,Monsoon
8/6/2024 7:00,Monsoon
8/6/2024 8:00,Monsoon
8/6/2024 9:00,Monsoon
8/6/2024 10:00,Monsoon
8/6/2024 11:00,Monsoon
8/6/2024 12:00,Monsoon
8/6/2024 13:00,Monsoon
8/6/2024 14:00,Monsoon
8/6/2024 15:00,Monsoon
8/6/2024 16:00,Monsoon
8/6/2024 17:00,Monsoon
8/6/2024 18:00,Monsoon
8/6/2024 19:00,Monsoon
8/6/2024 20:00,Monsoon
8/6/2024 21:00,Monsoon
8/6/2024 22:00,Monsoon
8/6/2024 23:00,Monsoon
8/7/2024 0:00,Monsoon
8/7/2024 1:00,Monsoon
8/7/2024 2:00,Monsoon
8/7/2024 3:00,Monsoon
8/7/2024 4:00,Monsoon
8/7/2024 5:00,Monsoon
8/7/2024 6:00,Monsoon
8/7/2024 7:00,Monsoon
8/7/2024 8:00,Monsoon
8/7/2024 9:00,Monsoon
8/7/2024 10:00,Monsoon
8/7/2024 11:00,Monsoon
8/7/2024 12:00,Monsoon
8/7/2024 13:00,Monsoon
8/7/2024 14:00,Monsoon
8/7/2024 15:00,Monsoon
8/7/2024 16:00,Monsoon
8/7/2024 17:00,Monsoon
8/7/2024 18:00,Monsoon
8/7/2024 19:00,Monsoon
8/7/2024 20:00,Monsoon
8/7/2024 21:00,Monsoon
8/7/2024 22:00,Monsoon
8/7/2024 23:00,Monsoon
8/8/2024 0:00,Monsoon
8/8/2024 1:00,Monsoon
8/8/2024 2:00,Monsoon
8/8/2024 3:00,Monsoon
8/8/2024 4:00,Monsoon
8/8/2024 5:00,Monsoon
8/8/2024 6:00,Monsoon
8/8/2024 7:00,Monsoon
8/8/2024 8:00,Monsoon
8/8/2024 9:00,Monsoon
8/8/2024 10:00,Monsoon
8/8/2024 11:00,Monsoon
8/8/2024 12:00,Monsoon
8/8/2024 13:00,Monsoon
8/8/2024 14:00,Monsoon
8/8/2024 15:00,Monsoon
8/8/2024 16:00,Monsoon
8/8/2024 17:00,Monsoon
8/8/2024 18:00,Monsoon
8/8/2024 19:00,Monsoon
8/8/2024 20:00,Monsoon
8/8/2024 21:00,Monsoon
8/8/2024 22:00,Monsoon
8/8/2024 23:00,Monsoon
8/9/2024 0:00,Monsoon
8/9/2024 1:00,Monsoon
8/9/2024 2:00,Monsoon
8/9/2024 3:00,Monsoon
8/9/2024 4:00,Monsoon
8/9/2024 5:00,Monsoon
8/9/2024 6:00,Monsoon
8/9/2024 7:00,Monsoon
8/9/2024 8:00,Monsoon
8/9/2024 9:00,Monsoon
8/9/2024 10:00,Monsoon
8/9/2024 11:00,Monsoon
8/9/2024 12:00,Monsoon
8/9/2024 13:00,Monsoon
8/9/2024 14:00,Monsoon
8/9/2024 15:00,Monsoon
8/9/2024 16:00,Monsoon
8/9/2024 17:00,Monsoon
8/9/2024 18:00,Monsoon
8/9/2024 19:00,Monsoon
8/9/2024 20:00,Monsoon
8/9/2024 21:00,Monsoon
8/9/2024 22:00,Monsoon
8/9/2024 23:00,Monsoon
8/10/2024 0:00,Monsoon
8/10/2024 1:00,Monsoon
8/10/2024 2:00,Monsoon
8/10/2024 3:00,Monsoon
8/10/2024 4:00,Monsoon
8/10/2024 5:00,Monsoon
8/10/2024 6:00,Monsoon
8/10/2024 7:00,Monsoon
8/10/2024 8:00,Monsoon
8/10/2024 9:00,Monsoon
8/10/2024 10:00,Monsoon
8/10/2024 11:00,Monsoon
8/10/2024 12:00,Monsoon
8/10/2024 13:00,Monsoon
8/10/2024 14:00,Monsoon
8/10/2024 15:00,Monsoon
8/10/2024 16:00,Monsoon
8/10/2024 17:00,Monsoon
8/10/2024 18:00,Monsoon
8/10/2024 19:00,Monsoon
8/10/2024 20:00,Monsoon
8/10/2024 21:00,Monsoon
8/10/2024 22:00,Monsoon
8/10/2024 23:00,Monsoon
8/11/2024 0:00,Monsoon
8/11/2024 1:00,Monsoon
8/11/2024 2:00,Monsoon
8/11/2024 3:00,Monsoon
8/11/2024 4:00,Monsoon
8/11/2024 5:00,Monsoon
8/11/2024 6:00,Monsoon
8/11/2024 7:00,Monsoon
8/11/2024 8:00,Monsoon
8/11/2024 9:00,Monsoon
8/11/2024 10:00,Monsoon
8/11/2024 11:00,Monsoon
8/11/2024 12:00,Monsoon
8/11/2024 13:00,Monsoon
8/11/2024 14:00,Monsoon
8/11/2024 15:00,Monsoon
8/11/2024 16:00,Monsoon
8/11/2024 17:00,Monsoon
8/11/2024 18:00,Monsoon
8/11/2024 19:00,Monsoon
8/11/2024 20:00,Monsoon
8/11/2024 21:00,Monsoon
8/11/2024 22:00,Monsoon
8/11/2024 23:00,Monsoon
8/12/2024 0:00,Monsoon
8/12/2024 1:00,Monsoon
8/12/2024 2:00,Monsoon
8/12/2024 3:00,Monsoon
8/12/2024 4:00,Monsoon
8/12/2024 5:00,Monsoon
8/12/2024 6:00,Monsoon
8/12/2024 7:00,Monsoon
8/12/2024 8:00,Monsoon
8/12/2024 9:00,Monsoon
8/12/2024 10:00,Monsoon
8/12/2024 11:00,Monsoon
8/12/2024 12:00,Monsoon
8/12/2024 13:00,Monsoon
8/12/2024 14:00,Monsoon
8/12/2024 15:00,Monsoon
8/12/2024 16:00,Monsoon
8/12/2024 17:00,Monsoon
8/12/2024 18:00,Monsoon
8/12/2024 19:00,Monsoon
8/12/2024 20:00,Monsoon
8/12/2024 21:00,Monsoon
8/12/2024 22:00,Monsoon
8/12/2024 23:00,Monsoon
8/13/2024 0:00,Monsoon
8/13/2024 1:00,Monsoon
8/13/2024 2:00,Monsoon
8/13/2024 3:00,Monsoon
8/13/2024 4:00,Monsoon
8/13/2024 5:00,Monsoon
8/13/2024 6:00,Monsoon
8/13/2024 7:00,Monsoon
8/13/2024 8:00,Monsoon
8/13/2024 9:00,Monsoon
8/13/2024 10:00,Monsoon
8/13/2024 11:00,Monsoon
8/13/2024 12:00,Monsoon
8/13/2024 13:00,Monsoon
8/13/2024 14:00,Monsoon
8/13/2024 15:00,Monsoon
8/13/2024 16:00,Monsoon
8/13/2024 17:00,Monsoon
8/13/2024 18:00,Monsoon
8/13/2024 19:00,Monsoon
8/13/2024 20:00,Monsoon
8/13/2024 21:00,Monsoon
8/13/2024 22:00,Monsoon
8/13/2024 23:00,Monsoon
8/14/2024 0:00,Monsoon
8/14/2024 1:00,Monsoon
8/14/2024 2:00,Monsoon
8/14/2024 3:00,Monsoon
8/14/2024 4:00,Monsoon
8/14/2024 5:00,Monsoon
8/14/2024 6:00,Monsoon
8/14/2024 7:00,Monsoon
8/14/2024 8:00,Monsoon
8/14/2024 9:00,Monsoon
8/14/2024 10:00,Monsoon
8/14/2024 11:00,Monsoon
8/14/2024 12:00,Monsoon
8/14/2024 13:00,Monsoon
8/14/2024 14:00,Monsoon
8/14/2024 15:00,Monsoon
8/14/2024 16:00,Monsoon
8/14/2024 17:00,Monsoon
8/14/2024 18:00,Monsoon
8/14/2024 19:00,Monsoon
8/14/2024 20:00,Monsoon
8/14/2024 21:00,Monsoon
8/14/2024 22:00,Monsoon
8/14/2024 23:00,Monsoon
8/15/2024 0:00,Monsoon
8/15/2024 1:00,Monsoon
8/15/2024 2:00,Monsoon
8/15/2024 3:00,Monsoon
8/15/2024 4:00,Monsoon
8/15/2024 5:00,Monsoon
8/15/2024 6:00,Monsoon
8/15/2024 7:00,Monsoon
8/15/2024 8:00,Monsoon
8/15/2024 9:00,Monsoon
8/15/2024 10:00,Monsoon
8/15/2024 11:00,Monsoon
8/15/2024 12:00,Monsoon
8/15/2024 13:00,Monsoon
8/15/2024 14:00,Monsoon
8/15/2024 15:00,Monsoon
8/15/2024 16:00,Monsoon
8/15/2024 17:00,Monsoon
8/15/2024 18:00,Monsoon
8/15/2024 19:00,Monsoon
8/15/2024 20:00,Monsoon
8/15/2024 21:00,Monsoon
8/15/2024 22:00,Monsoon
8/15/2024 23:00,Monsoon
8/16/2024 0:00,Monsoon
8/16/2024 1:00,Monsoon
8/16/2024 2:00,Monsoon
8/16/2024 3:00,Monsoon
8/16/2024 4:00,Monsoon
8/16/2024 5:00,Monsoon
8/16/2024 6:00,Monsoon
8/16/2024 7:00,Monsoon
8/16/2024 8:00,Monsoon
8/16/2024 9:00,Monsoon
8/16/2024 10:00,Monsoon
8/16/2024 11:00,Monsoon
8/16/2024 12:00,Monsoon
8/16/2024 13:00,Monsoon
8/16/2024 14:00,Monsoon
8/16/2024 15:00,Monsoon
8/16/2024 16:00,Monsoon
8/16/2024 17:00,Monsoon
8/16/2024 18:00,Monsoon
8/16/2024 19:00,Monsoon
8/16/2024 20:00,Monsoon
8/16/2024 21:00,Monsoon
8/16/2024 22:00,Monsoon
8/16/2024 23:00,Monsoon
8/17/2024 0:00,Monsoon
8/17/2024 1:00,Monsoon
8/17/2024 2:00,Monsoon
8/17/2024 3:00,Monsoon
8/17/2024 4:00,Monsoon
8/17/2024 5:00,Monsoon
8/17/2024 6:00,Monsoon
8/17/2024 7:00,Monsoon
8/17/2024 8:00,Monsoon
8/17/2024 9:00,Monsoon
8/17/2024 10:00,Monsoon
8/17/2024 11:00,Monsoon
8/17/2024 12:00,Monsoon
8/17/2024 13:00,Monsoon
8/17/2024 14:00,Monsoon
8/17/2024 15:00,Monsoon
8/17/2024 16:00,Monsoon
8/17/2024 17:00,Monsoon
8/17/2024 18:00,Monsoon
8/17/2024 19:00,Monsoon
8/17/2024 20:00,Monsoon
8/17/2024 21:00,Monsoon
8/17/2024 22:00,Monsoon
8/17/2024 23:00,Monsoon
8/18/2024 0:00,Monsoon
8/18/2024 1:00,Monsoon
8/18/2024 2:00,Monsoon
8/18/2024 3:00,Monsoon
8/18/2024 4:00,Monsoon
8/18/2024 5:00,Monsoon
8/18/2024 6:00,Monsoon
8/18/2024 7:00,Monsoon
8/18/2024 8:00,Monsoon
8/18/2024 9:00,Monsoon
8/18/2024 10:00,Monsoon
8/18/2024 11:00,Monsoon
8/18/2024 12:00,Monsoon
8/18/2024 13:00,Monsoon
8/18/2024 14:00,Monsoon
8/18/2024 15:00,Monsoon
8/18/2024 16:00,Monsoon
8/18/2024 17:00,Monsoon
8/18/2024 18:00,Monsoon
8/18/2024 19:00,Monsoon
8/18/2024 20:00,Monsoon
8/18/2024 21:00,Monsoon
8/18/2024 22:00,Monsoon
8/18/2024 23:00,Monsoon
8/19/2024 0:00,Monsoon
8/19/2024 1:00,Monsoon
8/19/2024 2:00,Monsoon
8/19/2024 3:00,Monsoon
8/19/2024 4:00,Monsoon
8/19/2024 5:00,Monsoon
8/19/2024 6:00,Monsoon
8/19/2024 7:00,Monsoon
8/19/2024 8:00,Monsoon
8/19/2024 9:00,Monsoon
8/19/2024 10:00,Monsoon
8/19/2024 11:00,Monsoon
8/19/2024 12:00,Monsoon
8/19/2024 13:00,Monsoon
8/19/2024 14:00,Monsoon
8/19/2024 15:00,Monsoon
8/19/2024 16:00,Monsoon
8/19/2024 17:00,Monsoon
8/19/2024 18:00,Monsoon
8/19/2024 19:00,Monsoon
8/19/2024 20:00,Monsoon
8/19/2024 21:00,Monsoon
8/19/2024 22:00,Monsoon
8/19/2024 23:00,Monsoon
8/20/2024 0:00,Monsoon
8/20/2024 1:00,Monsoon
8/20/2024 2:00,Monsoon
8/20/2024 3:00,Monsoon
8/20/2024 4:00,Monsoon
8/20/2024 5:00,Monsoon
8/20/2024 6:00,Monsoon
8/20/2024 7:00,Monsoon
8/20/2024 8:00,Monsoon
8/20/2024 9:00,Monsoon
8/20/2024 10:00,Monsoon
8/20/2024 11:00,Monsoon
8/20/2024 12:00,Monsoon
8/20/2024 13:00,Monsoon
8/20/2024 14:00,Monsoon
8/20/2024 15:00,Monsoon
8/20/2024 16:00,Monsoon
8/20/2024 17:00,Monsoon
8/20/2024 18:00,Monsoon
8/20/2024 19:00,Monsoon
8/20/2024 20:00,Monsoon
8/20/2024 21:00,Monsoon
8/20/2024 22:00,Monsoon
8/20/2024 23:00,Monsoon
8/21/2024 0:00,Monsoon
8/21/2024 1:00,Monsoon
8/21/2024 2:00,Monsoon
8/21/2024 3:00,Monsoon
8/21/2024 4:00,Monsoon
8/21/2024 5:00,Monsoon
8/21/2024 6:00,Monsoon
8/21/2024 7:00,Monsoon
8/21/2024 8:00,Monsoon
8/21/2024 9:00,Monsoon
8/21/2024 10:00,Monsoon
8/21/2024 11:00,Monsoon
8/21/2024 12:00,Monsoon
8/21/2024 13:00,Monsoon
8/21/2024 14:00,Monsoon
8/21/2024 15:00,Monsoon
8/21/2024 16:00,Monsoon
8/21/2024 17:00,Monsoon
8/21/2024 18:00,Monsoon
8/21/2024 19:00,Monsoon
8/21/2024 20:00,Monsoon
8/21/2024 21:00,Monsoon
8/21/2024 22:00,Monsoon
8/21/2024 23:00,Monsoon
8/22/2024 0:00,Monsoon
8/22/2024 1:00,Monsoon
8/22/2024 2:00,Monsoon
8/22/2024 3:00,Monsoon
8/22/2024 4:00,Monsoon
8/22/2024 5:00,Monsoon
8/22/2024 6:00,Monsoon
8/22/2024 7:00,Monsoon
8/22/2024 8:00,Monsoon
8/22/2024 9:00,Monsoon
8/22/2024 10:00,Monsoon
8/22/2024 11:00,Monsoon
8/22/2024 12:00,Monsoon
8/22/2024 13:00,Monsoon
8/22/2024 14:00,Monsoon
8/22/2024 15:00,Monsoon
8/22/2024 16:00,Monsoon
8/22/2024 17:00,Monsoon
8/22/2024 18:00,Monsoon
8/22/2024 19:00,Monsoon
8/22/2024 20:00,Monsoon
8/22/2024 21:00,Monsoon
8/22/2024 22:00,Monsoon
8/22/2024 23:00,Monsoon
8/23/2024 0:00,Monsoon
8/23/2024 1:00,Monsoon
8/23/2024 2:00,Monsoon
8/23/2024 3:00,Monsoon
8/23/2024 4:00,Monsoon
8/23/2024 5:00,Monsoon
8/23/2024 6:00,Monsoon
8/23/2024 7:00,Monsoon
8/23/2024 8:00,Monsoon
8/23/2024 9:00,Monsoon
8/23/2024 10:00,Monsoon
8/23/2024 11:00,Monsoon
8/23/2024 12:00,Monsoon
8/23/2024 13:00,Monsoon
8/23/2024 14:00,Monsoon
8/23/2024 15:00,Monsoon
8/23/2024 16:00,Monsoon
8/23/2024 17:00,Monsoon
8/23/2024 18:00,Monsoon
8/23/2024 19:00,Monsoon
8/23/2024 20:00,Monsoon
8/23/2024 21:00,Monsoon
8/23/2024 22:00,Monsoon
8/23/2024 23:00,Monsoon
8/24/2024 0:00,Monsoon
8/24/2024 1:00,Monsoon
8/24/2024 2:00,Monsoon
8/24/2024 3:00,Monsoon
8/24/2024 4:00,Monsoon
8/24/2024 5:00,Monsoon
8/24/2024 6:00,Monsoon
8/24/2024 7:00,Monsoon
8/24/2024 8:00,Monsoon
8/24/2024 9:00,Monsoon
8/24/2024 10:00,Monsoon
8/24/2024 11:00,Monsoon
8/24/2024 12:00,Monsoon
8/24/2024 13:00,Monsoon
8/24/2024 14:00,Monsoon
8/24/2024 15:00,Monsoon
8/24/2024 16:00,Monsoon
8/24/2024 17:00,Monsoon
8/24/2024 18:00,Monsoon
8/24/2024 19:00,Monsoon
8/24/2024 20:00,Monsoon
8/24/2024 21:00,Monsoon
8/24/2024 22:00,Monsoon
8/24/2024 23:00,Monsoon
8/25/2024 0:00,Monsoon
8/25/2024 1:00,Monsoon
8/25/2024 2:00,Monsoon
8/25/2024 3:00,Monsoon
8/25/2024 4:00,Monsoon
8/25/2024 5:00,Monsoon
8/25/2024 6:00,Monsoon
8/25/2024 7:00,Monsoon
8/25/2024 8:00,Monsoon
8/25/2024 9:00,Monsoon
8/25/2024 10:00,Monsoon
8/25/2024 11:00,Monsoon
8/25/2024 12:00,Monsoon
8/25/2024 13:00,Monsoon
8/25/2024 14:00,Monsoon
8/25/2024 15:00,Monsoon
8/25/2024 16:00,Monsoon
8/25/2024 17:00,Monsoon
8/25/2024 18:00,Monsoon
8/25/2024 19:00,Monsoon
8/25/2024 20:00,Monsoon
8/25/2024 21:00,Monsoon
8/25/2024 22:00,Monsoon
8/25/2024 23:00,Monsoon
8/26/2024 0:00,Monsoon
8/26/2024 1:00,Monsoon
8/26/2024 2:00,Monsoon
8/26/2024 3:00,Monsoon
8/26/2024 4:00,Monsoon
8/26/2024 5:00,Monsoon
8/26/2024 6:00,Monsoon
8/26/2024 7:00,Monsoon
8/26/2024 8:00,Monsoon
8/26/2024 9:00,Monsoon
8/26/2024 10:00,Monsoon
8/26/2024 11:00,Monsoon
8/26/2024 12:00,Monsoon
8/26/2024 13:00,Monsoon
8/26/2024 14:00,Monsoon
8/26/2024 15:00,Monsoon
8/26/2024 16:00,Monsoon
8/26/2024 17:00,Monsoon
8/26/2024 18:00,Monsoon
8/26/2024 19:00,Monsoon
8/26/2024 20:00,Monsoon
8/26/2024 21:00,Monsoon
8/26/2024 22:00,Monsoon
8/26/2024 23:00,Monsoon
8/27/2024 0:00,Monsoon
8/27/2024 1:00,Monsoon
8/27/2024 2:00,Monsoon
8/27/2024 3:00,Monsoon
8/27/2024 4:00,Monsoon
8/27/2024 5:00,Monsoon
8/27/2024 6:00,Monsoon
8/27/2024 7:00,Monsoon
8/27/2024 8:00,Monsoon
8/27/2024 9:00,Monsoon
8/27/2024 10:00,Monsoon
8/27/2024 11:00,Monsoon
8/27/2024 12:00,Monsoon
8/27/2024 13:00,Monsoon
8/27/2024 14:00,Monsoon
8/27/2024 15:00,Monsoon
8/27/2024 16:00,Monsoon
8/27/2024 17:00,Monsoon
8/27/2024 18:00,Monsoon
8/27/2024 19:00,Monsoon
8/27/2024 20:00,Monsoon
8/27/2024 21:00,Monsoon
8/27/2024 22:00,Monsoon
8/27/2024 23:00,Monsoon
8/28/2024 0:00,Monsoon
8/28/2024 1:00,Monsoon
8/28/2024 2:00,Monsoon
8/28/2024 3:00,Monsoon
8/28/2024 4:00,Monsoon
8/28/2024 5:00,Monsoon
8/28/2024 6:00,Monsoon
8/28/2024 7:00,Monsoon
8/28/2024 8:00,Monsoon
8/28/2024 9:00,Monsoon
8/28/2024 10:00,Monsoon
8/28/2024 11:00,Monsoon
8/28/2024 12:00,Monsoon
8/28/2024 13:00,Monsoon
8/28/2024 14:00,Monsoon
8/28/2024 15:00,Monsoon
8/28/2024 16:00,Monsoon
8/28/2024 17:00,Monsoon
8/28/2024 18:00,Monsoon
8/28/2024 19:00,Monsoon
8/28/2024 20:00,Monsoon
8/28/2024 21:00,Monsoon
8/28/2024 22:00,Monsoon
8/28/2024 23:00,Monsoon
8/29/2024 0:00,Monsoon
8/29/2024 1:00,Monsoon
8/29/2024 2:00,Monsoon
8/29/2024 3:00,Monsoon
8/29/2024 4:00,Monsoon
8/29/2024 5:00,Monsoon
8/29/2024 6:00,Monsoon
8/29/2024 7:00,Monsoon
8/29/2024 8:00,Monsoon
8/29/2024 9:00,Monsoon
8/29/2024 10:00,Monsoon
8/29/2024 11:00,Monsoon
8/29/2024 12:00,Monsoon
8/29/2024 13:00,Monsoon
8/29/2024 14:00,Monsoon
8/29/2024 15:00,Monsoon
8/29/2024 16:00,Monsoon
8/29/2024 17:00,Monsoon
8/29/2024 18:00,Monsoon
8/29/2024 19:00,Monsoon
8/29/2024 20:00,Monsoon
8/29/2024 21:00,Monsoon
8/29/2024 22:00,Monsoon
8/29/2024 23:00,Monsoon
8/30/2024 0:00,Monsoon
8/30/2024 1:00,Monsoon
8/30/2024 2:00,Monsoon
8/30/2024 3:00,Monsoon
8/30/2024 4:00,Monsoon
8/30/2024 5:00,Monsoon
8/30/2024 6:00,Monsoon
8/30/2024 7:00,Monsoon
8/30/2024 8:00,Monsoon
8/30/2024 9:00,Monsoon
8/30/2024 10:00,Monsoon
8/30/2024 11:00,Monsoon
8/30/2024 12:00,Monsoon
8/30/2024 13:00,Monsoon
8/30/2024 14:00,Monsoon
8/30/2024 15:00,Monsoon
8/30/2024 16:00,Monsoon
8/30/2024 17:00,Monsoon
8/30/2024 18:00,Monsoon
8/30/2024 19:00,Monsoon
8/30/2024 20:00,Monsoon
8/30/2024 21:00,Monsoon
8/30/2024 22:00,Monsoon
8/30/2024 23:00,Monsoon
8/31/2024 0:00,Monsoon
8/31/2024 1:00,Monsoon
8/31/2024 2:00,Monsoon
8/31/2024 3:00,Monsoon
8/31/2024 4:00,Monsoon
8/31/2024 5:00,Monsoon
8/31/2024 6:00,Monsoon
8/31/2024 7:00,Monsoon
8/31/2024 8:00,Monsoon
8/31/2024 9:00,Monsoon
8/31/2024 10:00,Monsoon
8/31/2024 11:00,Monsoon
8/31/2024 12:00,Monsoon
8/31/2024 13:00,Monsoon
8/31/2024 14:00,Monsoon
8/31/2024 15:00,Monsoon
8/31/2024 16:00,Monsoon
8/31/2024 17:00,Monsoon
8/31/2024 18:00,Monsoon
8/31/2024 19:00,Monsoon
8/31/2024 20:00,Monsoon
8/31/2024 21:00,Monsoon
8/31/2024 22:00,Monsoon
8/31/2024 23:00,Monsoon
9/1/2024 0:00,Monsoon
9/1/2024 1:00,Monsoon
9/1/2024 2:00,Monsoon
9/1/2024 3:00,Monsoon
9/1/2024 4:00,Monsoon
9/1/2024 5:00,Monsoon
9/1/2024 6:00,Monsoon
9/1/2024 7:00,Monsoon
9/1/2024 8:00,Monsoon
9/1/2024 9:00,Monsoon
9/1/2024 10:00,Monsoon
9/1/2024 11:00,Monsoon
9/1/2024 12:00,Monsoon
9/1/2024 13:00,Monsoon
9/1/2024 14:00,Monsoon
9/1/2024 15:00,Monsoon
9/1/2024 16:00,Monsoon
9/1/2024 17:00,Monsoon
9/1/2024 18:00,Monsoon
9/1/2024 19:00,Monsoon
9/1/2024 20:00,Monsoon
9/1/2024 21:00,Monsoon
9/1/2024 22:00,Monsoon
9/1/2024 23:00,Monsoon
9/2/2024 0:00,Monsoon
9/2/2024 1:00,Monsoon
9/2/2024 2:00,Monsoon
9/2/2024 3:00,Monsoon
9/2/2024 4:00,Monsoon
9/2/2024 5:00,Monsoon
9/2/2024 6:00,Monsoon
9/2/2024 7:00,Monsoon
9/2/2024 8:00,Monsoon
9/2/2024 9:00,Monsoon
9/2/2024 10:00,Monsoon
9/2/2024 11:00,Monsoon
9/2/2024 12:00,Monsoon
9/2/2024 13:00,Monsoon
9/2/2024 14:00,Monsoon
9/2/2024 15:00,Monsoon
9/2/2024 16:00,Monsoon
9/2/2024 17:00,Monsoon
9/2/2024 18:00,Monsoon
9/2/2024 19:00,Monsoon
9/2/2024 20:00,Monsoon
9/2/2024 21:00,Monsoon
9/2/2024 22:00,Monsoon
9/2/2024 23:00,Monsoon
9/3/2024 0:00,Monsoon
9/3/2024 1:00,Monsoon
9/3/2024 2:00,Monsoon
9/3/2024 3:00,Monsoon
9/3/2024 4:00,Monsoon
9/3/2024 5:00,Monsoon
9/3/2024 6:00,Monsoon
9/3/2024 7:00,Monsoon
9/3/2024 8:00,Monsoon
9/3/2024 9:00,Monsoon
9/3/2024 10:00,Monsoon
9/3/2024 11:00,Monsoon
9/3/2024 12:00,Monsoon
9/3/2024 13:00,Monsoon
9/3/2024 14:00,Monsoon
9/3/2024 15:00,Monsoon
9/3/2024 16:00,Monsoon
9/3/2024 17:00,Monsoon
9/3/2024 18:00,Monsoon
9/3/2024 19:00,Monsoon
9/3/2024 20:00,Monsoon
9/3/2024 21:00,Monsoon
9/3/2024 22:00,Monsoon
9/3/2024 23:00,Monsoon
9/4/2024 0:00,Monsoon
9/4/2024 1:00,Monsoon
9/4/2024 2:00,Monsoon
9/4/2024 3:00,Monsoon
9/4/2024 4:00,Monsoon
9/4/2024 5:00,Monsoon
9/4/2024 6:00,Monsoon
9/4/2024 7:00,Monsoon
9/4/2024 8:00,Monsoon
9/4/2024 9:00,Monsoon
9/4/2024 10:00,Monsoon
9/4/2024 11:00,Monsoon
9/4/2024 12:00,Monsoon
9/4/2024 13:00,Monsoon
9/4/2024 14:00,Monsoon
9/4/2024 15:00,Monsoon
9/4/2024 16:00,Monsoon
9/4/2024 17:00,Monsoon
9/4/2024 18:00,Monsoon
9/4/2024 19:00,Monsoon
9/4/2024 20:00,Monsoon
9/4/2024 21:00,Monsoon
9/4/2024 22:00,Monsoon
9/4/2024 23:00,Monsoon
9/5/2024 0:00,Monsoon
9/5/2024 1:00,Monsoon
9/5/2024 2:00,Monsoon
9/5/2024 3:00,Monsoon
9/5/2024 4:00,Monsoon
9/5/2024 5:00,Monsoon
9/5/2024 6:00,Monsoon
9/5/2024 7:00,Monsoon
9/5/2024 8:00,Monsoon
9/5/2024 9:00,Monsoon
9/5/2024 10:00,Monsoon
9/5/2024 11:00,Monsoon
9/5/2024 12:00,Monsoon
9/5/2024 13:00,Monsoon
9/5/2024 14:00,Monsoon
9/5/2024 15:00,Monsoon
9/5/2024 16:00,Monsoon
9/5/2024 17:00,Monsoon
9/5/2024 18:00,Monsoon
9/5/2024 19:00,Monsoon
9/5/2024 20:00,Monsoon
9/5/2024 21:00,Monsoon
9/5/2024 22:00,Monsoon
9/5/2024 23:00,Monsoon
9/6/2024 0:00,Monsoon
9/6/2024 1:00,Monsoon
9/6/2024 2:00,Monsoon
9/6/2024 3:00,Monsoon
9/6/2024 4:00,Monsoon
9/6/2024 5:00,Monsoon
9/6/2024 6:00,Monsoon
9/6/2024 7:00,Monsoon
9/6/2024 8:00,Monsoon
9/6/2024 9:00,Monsoon
9/6/2024 10:00,Monsoon
9/6/2024 11:00,Monsoon
9/6/2024 12:00,Monsoon
9/6/2024 13:00,Monsoon
9/6/2024 14:00,Monsoon
9/6/2024 15:00,Monsoon
9/6/2024 16:00,Monsoon
9/6/2024 17:00,Monsoon
9/6/2024 18:00,Monsoon
9/6/2024 19:00,Monsoon
9/6/2024 20:00,Monsoon
9/6/2024 21:00,Monsoon
9/6/2024 22:00,Monsoon
9/6/2024 23:00,Monsoon
9/7/2024 0:00,Monsoon
9/7/2024 1:00,Monsoon
9/7/2024 2:00,Monsoon
9/7/2024 3:00,Monsoon
9/7/2024 4:00,Monsoon
9/7/2024 5:00,Monsoon
9/7/2024 6:00,Monsoon
9/7/2024 7:00,Monsoon
9/7/2024 8:00,Monsoon
9/7/2024 9:00,Monsoon
9/7/2024 10:00,Monsoon
9/7/2024 11:00,Monsoon
9/7/2024 12:00,Monsoon
9/7/2024 13:00,Monsoon
9/7/2024 14:00,Monsoon
9/7/2024 15:00,Monsoon
9/7/2024 16:00,Monsoon
9/7/2024 17:00,Monsoon
9/7/2024 18:00,Monsoon
9/7/2024 19:00,Monsoon
9/7/2024 20:00,Monsoon
9/7/2024 21:00,Monsoon
9/7/2024 22:00,Monsoon
9/7/2024 23:00,Monsoon
9/8/2024 0:00,Monsoon
9/8/2024 1:00,Monsoon
9/8/2024 2:00,Monsoon
9/8/2024 3:00,Monsoon
9/8/2024 4:00,Monsoon
9/8/2024 5:00,Monsoon
9/8/2024 6:00,Monsoon
9/8/2024 7:00,Monsoon
9/8/2024 8:00,Monsoon
9/8/2024 9:00,Monsoon
9/8/2024 10:00,Monsoon
9/8/2024 11:00,Monsoon
9/8/2024 12:00,Monsoon
9/8/2024 13:00,Monsoon
9/8/2024 14:00,Monsoon
9/8/2024 15:00,Monsoon
9/8/2024 16:00,Monsoon
9/8/2024 17:00,Monsoon
9/8/2024 18:00,Monsoon
9/8/2024 19:00,Monsoon
9/8/2024 20:00,Monsoon
9/8/2024 21:00,Monsoon
9/8/2024 22:00,Monsoon
9/8/2024 23:00,Monsoon
9/9/2024 0:00,Monsoon
9/9/2024 1:00,Monsoon
9/9/2024 2:00,Monsoon
9/9/2024 3:00,Monsoon
9/9/2024 4:00,Monsoon
9/9/2024 5:00,Monsoon
9/9/2024 6:00,Monsoon
9/9/2024 7:00,Monsoon
9/9/2024 8:00,Monsoon
9/9/2024 9:00,Monsoon
9/9/2024 10:00,Monsoon
9/9/2024 11:00,Monsoon
9/9/2024 12:00,Monsoon
9/9/2024 13:00,Monsoon
9/9/2024 14:00,Monsoon
9/9/2024 15:00,Monsoon
9/9/2024 16:00,Monsoon
9/9/2024 17:00,Monsoon
9/9/2024 18:00,Monsoon
9/9/2024 19:00,Monsoon
9/9/2024 20:00,Monsoon
9/9/2024 21:00,Monsoon
9/9/2024 22:00,Monsoon
9/9/2024 23:00,Monsoon
9/10/2024 0:00,Monsoon
9/10/2024 1:00,Monsoon
9/10/2024 2:00,Monsoon
9/10/2024 3:00,Monsoon
9/10/2024 4:00,Monsoon
9/10/2024 5:00,Monsoon
9/10/2024 6:00,Monsoon
9/10/2024 7:00,Monsoon
9/10/2024 8:00,Monsoon
9/10/2024 9:00,Monsoon
9/10/2024 10:00,Monsoon
9/10/2024 11:00,Monsoon
9/10/2024 12:00,Monsoon
9/10/2024 13:00,Monsoon
9/10/2024 14:00,Monsoon
9/10/2024 15:00,Monsoon
9/10/2024 16:00,Monsoon
9/10/2024 17:00,Monsoon
9/10/2024 18:00,Monsoon
9/10/2024 19:00,Monsoon
9/10/2024 20:00,Monsoon
9/10/2024 21:00,Monsoon
9/10/2024 22:00,Monsoon
9/10/2024 23:00,Monsoon
9/11/2024 0:00,Monsoon
9/11/2024 1:00,Monsoon
9/11/2024 2:00,Monsoon
9/11/2024 3:00,Monsoon
9/11/2024 4:00,Monsoon
9/11/2024 5:00,Monsoon
9/11/2024 6:00,Monsoon
9/11/2024 7:00,Monsoon
9/11/2024 8:00,Monsoon
9/11/2024 9:00,Monsoon
9/11/2024 10:00,Monsoon
9/11/2024 11:00,Monsoon
9/11/2024 12:00,Monsoon
9/11/2024 13:00,Monsoon
9/11/2024 14:00,Monsoon
9/11/2024 15:00,Monsoon
9/11/2024 16:00,Monsoon
9/11/2024 17:00,Monsoon
9/11/2024 18:00,Monsoon
9/11/2024 19:00,Monsoon
9/11/2024 20:00,Monsoon
9/11/2024 21:00,Monsoon
9/11/2024 22:00,Monsoon
9/11/2024 23:00,Monsoon
9/12/2024 0:00,Monsoon
9/12/2024 1:00,Monsoon
9/12/2024 2:00,Monsoon
9/12/2024 3:00,Monsoon
9/12/2024 4:00,Monsoon
9/12/2024 5:00,Monsoon
9/12/2024 6:00,Monsoon
9/12/2024 7:00,Monsoon
9/12/2024 8:00,Monsoon
9/12/2024 9:00,Monsoon
9/12/2024 10:00,Monsoon
9/12/2024 11:00,Monsoon
9/12/2024 12:00,Monsoon
9/12/2024 13:00,Monsoon
9/12/2024 14:00,Monsoon
9/12/2024 15:00,Monsoon
9/12/2024 16:00,Monsoon
9/12/2024 17:00,Monsoon
9/12/2024 18:00,Monsoon
9/12/2024 19:00,Monsoon
9/12/2024 20:00,Monsoon
9/12/2024 21:00,Monsoon
9/12/2024 22:00,Monsoon
9/12/2024 23:00,Monsoon
9/13/2024 0:00,Monsoon
9/13/2024 1:00,Monsoon
9/13/2024 2:00,Monsoon
9/13/2024 3:00,Monsoon
9/13/2024 4:00,Monsoon
9/13/2024 5:00,Monsoon
9/13/2024 6:00,Monsoon
9/13/2024 7:00,Monsoon
9/13/2024 8:00,Monsoon
9/13/2024 9:00,Monsoon
9/13/2024 10:00,Monsoon
9/13/2024 11:00,Monsoon
9/13/2024 12:00,Monsoon
9/13/2024 13:00,Monsoon
9/13/2024 14:00,Monsoon
9/13/2024 15:00,Monsoon
9/13/2024 16:00,Monsoon
9/13/2024 17:00,Monsoon
9/13/2024 18:00,Monsoon
9/13/2024 19:00,Monsoon
9/13/2024 20:00,Monsoon
9/13/2024 21:00,Monsoon
9/13/2024 22:00,Monsoon
9/13/2024 23:00,Monsoon
9/14/2024 0:00,Monsoon
9/14/2024 1:00,Monsoon
9/14/2024 2:00,Monsoon
9/14/2024 3:00,Monsoon
9/14/2024 4:00,Monsoon
9/14/2024 5:00,Monsoon
9/14/2024 6:00,Monsoon
9/14/2024 7:00,Monsoon
9/14/2024 8:00,Monsoon
9/14/2024 9:00,Monsoon
9/14/2024 10:00,Monsoon
9/14/2024 11:00,Monsoon
9/14/2024 12:00,Monsoon
9/14/2024 13:00,Monsoon
9/14/2024 14:00,Monsoon
9/14/2024 15:00,Monsoon
9/14/2024 16:00,Monsoon
9/14/2024 17:00,Monsoon
9/14/2024 18:00,Monsoon
9/14/2024 19:00,Monsoon
9/14/2024 20:00,Monsoon
9/14/2024 21:00,Monsoon
9/14/2024 22:00,Monsoon
9/14/2024 23:00,Monsoon
9/15/2024 0:00,Monsoon
9/15/2024 1:00,Monsoon
9/15/2024 2:00,Monsoon
9/15/2024 3:00,Monsoon
9/15/2024 4:00,Monsoon
9/15/2024 5:00,Monsoon
9/15/2024 6:00,Monsoon
9/15/2024 7:00,Monsoon
9/15/2024 8:00,Monsoon
9/15/2024 9:00,Monsoon
9/15/2024 10:00,Monsoon
9/15/2024 11:00,Monsoon
9/15/2024 12:00,Monsoon
9/15/2024 13:00,Monsoon
9/15/2024 14:00,Monsoon
9/15/2024 15:00,Monsoon
9/15/2024 16:00,Monsoon
9/15/2024 17:00,Monsoon
9/15/2024 18:00,Monsoon
9/15/2024 19:00,Monsoon
9/15/2024 20:00,Monsoon
9/15/2024 21:00,Monsoon
9/15/2024 22:00,Monsoon
9/15/2024 23:00,Monsoon
9/16/2024 0:00,Monsoon
9/16/2024 1:00,Monsoon
9/16/2024 2:00,Monsoon
9/16/2024 3:00,Monsoon
9/16/2024 4:00,Monsoon
9/16/2024 5:00,Monsoon
9/16/2024 6:00,Monsoon
9/16/2024 7:00,Monsoon
9/16/2024 8:00,Monsoon
9/16/2024 9:00,Monsoon
9/16/2024 10:00,Monsoon
9/16/2024 11:00,Monsoon
9/16/2024 12:00,Monsoon
9/16/2024 13:00,Monsoon
9/16/2024 14:00,Monsoon
9/16/2024 15:00,Monsoon
9/16/2024 16:00,Monsoon
9/16/2024 17:00,Monsoon
9/16/2024 18:00,Monsoon
9/16/2024 19:00,Monsoon
9/16/2024 20:00,Monsoon
9/16/2024 21:00,Monsoon
9/16/2024 22:00,Monsoon
9/16/2024 23:00,Monsoon
9/17/2024 0:00,Monsoon
9/17/2024 1:00,Monsoon
9/17/2024 2:00,Monsoon
9/17/2024 3:00,Monsoon
9/17/2024 4:00,Monsoon
9/17/2024 5:00,Monsoon
9/17/2024 6:00,Monsoon
9/17/2024 7:00,Monsoon
9/17/2024 8:00,Monsoon
9/17/2024 9:00,Monsoon
9/17/2024 10:00,Monsoon
9/17/2024 11:00,Monsoon
9/17/2024 12:00,Monsoon
9/17/2024 13:00,Monsoon
9/17/2024 14:00,Monsoon
9/17/2024 15:00,Monsoon
9/17/2024 16:00,Monsoon
9/17/2024 17:00,Monsoon
9/17/2024 18:00,Monsoon
9/17/2024 19:00,Monsoon
9/17/2024 20:00,Monsoon
9/17/2024 21:00,Monsoon
9/17/2024 22:00,Monsoon
9/17/2024 23:00,Monsoon
9/18/2024 0:00,Monsoon
9/18/2024 1:00,Monsoon
9/18/2024 2:00,Monsoon
9/18/2024 3:00,Monsoon
9/18/2024 4:00,Monsoon
9/18/2024 5:00,Monsoon
9/18/2024 6:00,Monsoon
9/18/2024 7:00,Monsoon
9/18/2024 8:00,Monsoon
9/18/2024 9:00,Monsoon
9/18/2024 10:00,Monsoon
9/18/2024 11:00,Monsoon
9/18/2024 12:00,Monsoon
9/18/2024 13:00,Monsoon
9/18/2024 14:00,Monsoon
9/18/2024 15:00,Monsoon
9/18/2024 16:00,Monsoon
9/18/2024 17:00,Monsoon
9/18/2024 18:00,Monsoon
9/18/2024 19:00,Monsoon
9/18/2024 20:00,Monsoon
9/18/2024 21:00,Monsoon
9/18/2024 22:00,Monsoon
9/18/2024 23:00,Monsoon
9/19/2024 0:00,Monsoon
9/19/2024 1:00,Monsoon
9/19/2024 2:00,Monsoon
9/19/2024 3:00,Monsoon
9/19/2024 4:00,Monsoon
9/19/2024 5:00,Monsoon
9/19/2024 6:00,Monsoon
9/19/2024 7:00,Monsoon
9/19/2024 8:00,Monsoon
9/19/2024 9:00,Monsoon
9/19/2024 10:00,Monsoon
9/19/2024 11:00,Monsoon
9/19/2024 12:00,Monsoon
9/19/2024 13:00,Monsoon
9/19/2024 14:00,Monsoon
9/19/2024 15:00,Monsoon
9/19/2024 16:00,Monsoon
9/19/2024 17:00,Monsoon
9/19/2024 18:00,Monsoon
9/19/2024 19:00,Monsoon
9/19/2024 20:00,Monsoon
9/19/2024 21:00,Monsoon
9/19/2024 22:00,Monsoon
9/19/2024 23:00,Monsoon
9/20/2024 0:00,Monsoon
9/20/2024 1:00,Monsoon
9/20/2024 2:00,Monsoon
9/20/2024 3:00,Monsoon
9/20/2024 4:00,Monsoon
9/20/2024 5:00,Monsoon
9/20/2024 6:00,Monsoon
9/20/2024 7:00,Monsoon
9/20/2024 8:00,Monsoon
9/20/2024 9:00,Monsoon
9/20/2024 10:00,Monsoon
9/20/2024 11:00,Monsoon
9/20/2024 12:00,Monsoon
9/20/2024 13:00,Monsoon
9/20/2024 14:00,Monsoon
9/20/2024 15:00,Monsoon
9/20/2024 16:00,Monsoon
9/20/2024 17:00,Monsoon
9/20/2024 18:00,Monsoon
9/20/2024 19:00,Monsoon
9/20/2024 20:00,Monsoon
9/20/2024 21:00,Monsoon
9/20/2024 22:00,Monsoon
9/20/2024 23:00,Monsoon
9/21/2024 0:00,Monsoon
9/21/2024 1:00,Monsoon
9/21/2024 2:00,Monsoon
9/21/2024 3:00,Monsoon
9/21/2024 4:00,Monsoon
9/21/2024 5:00,Monsoon
9/21/2024 6:00,Monsoon
9/21/2024 7:00,Monsoon
9/21/2024 8:00,Monsoon
9/21/2024 9:00,Monsoon
9/21/2024 10:00,Monsoon
9/21/2024 11:00,Monsoon
9/21/2024 12:00,Monsoon
9/21/2024 13:00,Monsoon
9/21/2024 14:00,Monsoon
9/21/2024 15:00,Monsoon
9/21/2024 16:00,Monsoon
9/21/2024 17:00,Monsoon
9/21/2024 18:00,Monsoon
9/21/2024 19:00,Monsoon
9/21/2024 20:00,Monsoon
9/21/2024 21:00,Monsoon
9/21/2024 22:00,Monsoon
9/21/2024 23:00,Monsoon
9/22/2024 0:00,Monsoon
9/22/2024 1:00,Monsoon
9/22/2024 2:00,Monsoon
9/22/2024 3:00,Monsoon
9/22/2024 4:00,Monsoon
9/22/2024 5:00,Monsoon
9/22/2024 6:00,Monsoon
9/22/2024 7:00,Monsoon
9/22/2024 8:00,Monsoon
9/22/2024 9:00,Monsoon
9/22/2024 10:00,Monsoon
9/22/2024 11:00,Monsoon
9/22/2024 12:00,Monsoon
9/22/2024 13:00,Monsoon
9/22/2024 14:00,Monsoon
9/22/2024 15:00,Monsoon
9/22/2024 16:00,Monsoon
9/22/2024 17:00,Monsoon
9/22/2024 18:00,Monsoon
9/22/2024 19:00,Monsoon
9/22/2024 20:00,Monsoon
9/22/2024 21:00,Monsoon
9/22/2024 22:00,Monsoon
9/22/2024 23:00,Monsoon
9/23/2024 0:00,Monsoon
9/23/2024 1:00,Monsoon
9/23/2024 2:00,Monsoon
9/23/2024 3:00,Monsoon
9/23/2024 4:00,Monsoon
9/23/2024 5:00,Monsoon
9/23/2024 6:00,Monsoon
9/23/2024 7:00,Monsoon
9/23/2024 8:00,Monsoon
9/23/2024 9:00,Monsoon
9/23/2024 10:00,Monsoon
9/23/2024 11:00,Monsoon
9/23/2024 12:00,Monsoon
9/23/2024 13:00,Monsoon
9/23/2024 14:00,Monsoon
9/23/2024 15:00,Monsoon
9/23/2024 16:00,Monsoon
9/23/2024 17:00,Monsoon
9/23/2024 18:00,Monsoon
9/23/2024 19:00,Monsoon
9/23/2024 20:00,Monsoon
9/23/2024 21:00,Monsoon
9/23/2024 22:00,Monsoon
9/23/2024 23:00,Monsoon
9/24/2024 0:00,Monsoon
9/24/2024 1:00,Monsoon
9/24/2024 2:00,Monsoon
9/24/2024 3:00,Monsoon
9/24/2024 4:00,Monsoon
9/24/2024 5:00,Monsoon
9/24/2024 6:00,Monsoon
9/24/2024 7:00,Monsoon
9/24/2024 8:00,Monsoon
9/24/2024 9:00,Monsoon
9/24/2024 10:00,Monsoon
9/24/2024 11:00,Monsoon
9/24/2024 12:00,Monsoon
9/24/2024 13:00,Monsoon
9/24/2024 14:00,Monsoon
9/24/2024 15:00,Monsoon
9/24/2024 16:00,Monsoon
9/24/2024 17:00,Monsoon
9/24/2024 18:00,Monsoon
9/24/2024 19:00,Monsoon
9/24/2024 20:00,Monsoon
9/24/2024 21:00,Monsoon
9/24/2024 22:00,Monsoon
9/24/2024 23:00,Monsoon
9/25/2024 0:00,Monsoon
9/25/2024 1:00,Monsoon
9/25/2024 2:00,Monsoon
9/25/2024 3:00,Monsoon
9/25/2024 4:00,Monsoon
9/25/2024 5:00,Monsoon
9/25/2024 6:00,Monsoon
9/25/2024 7:00,Monsoon
9/25/2024 8:00,Monsoon
9/25/2024 9:00,Monsoon
9/25/2024 10:00,Monsoon
9/25/2024 11:00,Monsoon
9/25/2024 12:00,Monsoon
9/25/2024 13:00,Monsoon
9/25/2024 14:00,Monsoon
9/25/2024 15:00,Monsoon
9/25/2024 16:00,Monsoon
9/25/2024 17:00,Monsoon
9/25/2024 18:00,Monsoon
9/25/2024 19:00,Monsoon
9/25/2024 20:00,Monsoon
9/25/2024 21:00,Monsoon
9/25/2024 22:00,Monsoon
9/25/2024 23:00,Monsoon
9/26/2024 0:00,Monsoon
9/26/2024 1:00,Monsoon
9/26/2024 2:00,Monsoon
9/26/2024 3:00,Monsoon
9/26/2024 4:00,Monsoon
9/26/2024 5:00,Monsoon
9/26/2024 6:00,Monsoon
9/26/2024 7:00,Monsoon
9/26/2024 8:00,Monsoon
9/26/2024 9:00,Monsoon
9/26/2024 10:00,Monsoon
9/26/2024 11:00,Monsoon
9/26/2024 12:00,Monsoon
9/26/2024 13:00,Monsoon
9/26/2024 14:00,Monsoon
9/26/2024 15:00,Monsoon
9/26/2024 16:00,Monsoon
9/26/2024 17:00,Monsoon
9/26/2024 18:00,Monsoon
9/26/2024 19:00,Monsoon
9/26/2024 20:00,Monsoon
9/26/2024 21:00,Monsoon
9/26/2024 22:00,Monsoon
9/26/2024 23:00,Monsoon
9/27/2024 0:00,Monsoon
9/27/2024 1:00,Monsoon
9/27/2024 2:00,Monsoon
9/27/2024 3:00,Monsoon
9/27/2024 4:00,Monsoon
9/27/2024 5:00,Monsoon
9/27/2024 6:00,Monsoon
9/27/2024 7:00,Monsoon
9/27/2024 8:00,Monsoon
9/27/2024 9:00,Monsoon
9/27/2024 10:00,Monsoon
9/27/2024 11:00,Monsoon
9/27/2024 12:00,Monsoon
9/27/2024 13:00,Monsoon
9/27/2024 14:00,Monsoon
9/27/2024 15:00,Monsoon
9/27/2024 16:00,Monsoon
9/27/2024 17:00,Monsoon
9/27/2024 18:00,Monsoon
9/27/2024 19:00,Monsoon
9/27/2024 20:00,Monsoon
9/27/2024 21:00,Monsoon
9/27/2024 22:00,Monsoon
9/27/2024 23:00,Monsoon
9/28/2024 0:00,Monsoon
9/28/2024 1:00,Monsoon
9/28/2024 2:00,Monsoon
9/28/2024 3:00,Monsoon
9/28/2024 4:00,Monsoon
9/28/2024 5:00,Monsoon
9/28/2024 6:00,Monsoon
9/28/2024 7:00,Monsoon
9/28/2024 8:00,Monsoon
9/28/2024 9:00,Monsoon
9/28/2024 10:00,Monsoon
9/28/2024 11:00,Monsoon
9/28/2024 12:00,Monsoon
9/28/2024 13:00,Monsoon
9/28/2024 14:00,Monsoon
9/28/2024 15:00,Monsoon
9/28/2024 16:00,Monsoon
9/28/2024 17:00,Monsoon
9/28/2024 18:00,Monsoon
9/28/2024 19:00,Monsoon
9/28/2024 20:00,Monsoon
9/28/2024 21:00,Monsoon
9/28/2024 22:00,Monsoon
9/28/2024 23:00,Monsoon
9/29/2024 0:00,Monsoon
9/29/2024 1:00,Monsoon
9/29/2024 2:00,Monsoon
9/29/2024 3:00,Monsoon
9/29/2024 4:00,Monsoon
9/29/2024 5:00,Monsoon
9/29/2024 6:00,Monsoon
9/29/2024 7:00,Monsoon
9/29/2024 8:00,Monsoon
9/29/2024 9:00,Monsoon
9/29/2024 10:00,Monsoon
9/29/2024 11:00,Monsoon
9/29/2024 12:00,Monsoon
9/29/2024 13:00,Monsoon
9/29/2024 14:00,Monsoon
9/29/2024 15:00,Monsoon
9/29/2024 16:00,Monsoon
9/29/2024 17:00,Monsoon
9/29/2024 18:00,Monsoon
9/29/2024 19:00,Monsoon
9/29/2024 20:00,Monsoon
9/29/2024 21:00,Monsoon
9/29/2024 22:00,Monsoon
9/29/2024 23:00,Monsoon
9/30/2024 0:00,Monsoon
9/30/2024 1:00,Monsoon
9/30/2024 2:00,Monsoon
9/30/2024 3:00,Monsoon
9/30/2024 4:00,Monsoon
9/30/2024 5:00,Monsoon
9/30/2024 6:00,Monsoon
9/30/2024 7:00,Monsoon
9/30/2024 8:00,Monsoon
9/30/2024 9:00,Monsoon
9/30/2024 10:00,Monsoon
9/30/2024 11:00,Monsoon
9/30/2024 12:00,Monsoon
9/30/2024 13:00,Monsoon
9/30/2024 14:00,Monsoon
9/30/2024 15:00,Monsoon
9/30/2024 16:00,Monsoon
9/30/2024 17:00,Monsoon
9/30/2024 18:00,Monsoon
9/30/2024 19:00,Monsoon
9/30/2024 20:00,Monsoon
9/30/2024 21:00,Monsoon
9/30/2024 22:00,Monsoon
9/30/2024 23:00,Monsoon
1/1/2025 0:00,Winter
1/1/2025 1:00,Winter
1/1/2025 2:00,Winter
1/1/2025 3:00,Winter
1/1/2025 4:00,Winter
1/1/2025 5:00,Winter
1/1/2025 6:00,Winter
1/1/2025 7:00,Winter
1/1/2025 8:00,Winter
1/1/2025 9:00,Winter
1/1/2025 10:00,Winter
1/1/2025 11:00,Winter
1/1/2025 12:00,Winter
1/1/2025 13:00,Winter
1/1/2025 14:00,Winter
1/1/2025 15:00,Winter
1/1/2025 16:00,Winter
1/1/2025 17:00,Winter
1/1/2025 18:00,Winter
1/1/2025 19:00,Winter
1/1/2025 20:00,Winter
1/1/2025 21:00,Winter
1/1/2025 22:00,Winter
1/1/2025 23:00,Winter
1/2/2025 0:00,Winter
1/2/2025 1:00,Winter
1/2/2025 2:00,Winter
1/2/2025 3:00,Winter
1/2/2025 4:00,Winter
1/2/2025 5:00,Winter
1/2/2025 6:00,Winter
1/2/2025 7:00,Winter
1/2/2025 8:00,Winter
1/2/2025 9:00,Winter
1/2/2025 10:00,Winter
1/2/2025 11:00,Winter
1/2/2025 12:00,Winter
1/2/2025 13:00,Winter
1/2/2025 14:00,Winter
1/2/2025 15:00,Winter
1/2/2025 16:00,Winter
1/2/2025 17:00,Winter
1/2/2025 18:00,Winter
1/2/2025 19:00,Winter
1/2/2025 20:00,Winter
1/2/2025 21:00,Winter
1/2/2025 22:00,Winter
1/2/2025 23:00,Winter
1/3/2025 0:00,Winter
1/3/2025 1:00,Winter
1/3/2025 2:00,Winter
1/3/2025 3:00,Winter
1/3/2025 4:00,Winter
1/3/2025 5:00,Winter
1/3/2025 6:00,Winter
1/3/2025 7:00,Winter
1/3/2025 8:00,Winter
1/3/2025 9:00,Winter
1/3/2025 10:00,Winter
1/3/2025 11:00,Winter
1/3/2025 12:00,Winter
1/3/2025 13:00,Winter
1/3/2025 14:00,Winter
1/3/2025 15:00,Winter
1/3/2025 16:00,Winter
1/3/2025 17:00,Winter
1/3/2025 18:00,Winter
1/3/2025 19:00,Winter
1/3/2025 20:00,Winter
1/3/2025 21:00,Winter
1/3/2025 22:00,Winter
1/3/2025 23:00,Winter
1/4/2025 0:00,Winter
1/4/2025 1:00,Winter
1/4/2025 2:00,Winter
1/4/2025 3:00,Winter
1/4/2025 4:00,Winter
1/4/2025 5:00,Winter
1/4/2025 6:00,Winter
1/4/2025 7:00,Winter
1/4/2025 8:00,Winter
1/4/2025 9:00,Winter
1/4/2025 10:00,Winter
1/4/2025 11:00,Winter
1/4/2025 12:00,Winter
1/4/2025 13:00,Winter
1/4/2025 14:00,Winter
1/4/2025 15:00,Winter
1/4/2025 16:00,Winter
1/4/2025 17:00,Winter
1/4/2025 18:00,Winter
1/4/2025 19:00,Winter
1/4/2025 20:00,Winter
1/4/2025 21:00,Winter
1/4/2025 22:00,Winter
1/4/2025 23:00,Winter
1/5/2025 0:00,Winter
1/5/2025 1:00,Winter
1/5/2025 2:00,Winter
1/5/2025 3:00,Winter
1/5/2025 4:00,Winter
1/5/2025 5:00,Winter
1/5/2025 6:00,Winter
1/5/2025 7:00,Winter
1/5/2025 8:00,Winter
1/5/2025 9:00,Winter
1/5/2025 10:00,Winter
1/5/2025 11:00,Winter
1/5/2025 12:00,Winter
1/5/2025 13:00,Winter
1/5/2025 14:00,Winter
1/5/2025 15:00,Winter
1/5/2025 16:00,Winter
1/5/2025 17:00,Winter
1/5/2025 18:00,Winter
1/5/2025 19:00,Winter
1/5/2025 20:00,Winter
1/5/2025 21:00,Winter
1/5/2025 22:00,Winter
1/5/2025 23:00,Winter
1/6/2025 0:00,Winter
1/6/2025 1:00,Winter
1/6/2025 2:00,Winter
1/6/2025 3:00,Winter
1/6/2025 4:00,Winter
1/6/2025 5:00,Winter
1/6/2025 6:00,Winter
1/6/2025 7:00,Winter
1/6/2025 8:00,Winter
1/6/2025 9:00,Winter
1/6/2025 10:00,Winter
1/6/2025 11:00,Winter
1/6/2025 12:00,Winter
1/6/2025 13:00,Winter
1/6/2025 14:00,Winter
1/6/2025 15:00,Winter
1/6/2025 16:00,Winter
1/6/2025 17:00,Winter
1/6/2025 18:00,Winter
1/6/2025 19:00,Winter
1/6/2025 20:00,Winter
1/6/2025 21:00,Winter
1/6/2025 22:00,Winter
1/6/2025 23:00,Winter
1/7/2025 0:00,Winter
1/7/2025 1:00,Winter
1/7/2025 2:00,Winter
1/7/2025 3:00,Winter
1/7/2025 4:00,Winter
1/7/2025 5:00,Winter
1/7/2025 6:00,Winter
1/7/2025 7:00,Winter
1/7/2025 8:00,Winter
1/7/2025 9:00,Winter
1/7/2025 10:00,Winter
1/7/2025 11:00,Winter
1/7/2025 12:00,Winter
1/7/2025 13:00,Winter
1/7/2025 14:00,Winter
1/7/2025 15:00,Winter
1/7/2025 16:00,Winter
1/7/2025 17:00,Winter
1/7/2025 18:00,Winter
1/7/2025 19:00,Winter
1/7/2025 20:00,Winter
1/7/2025 21:00,Winter
1/7/2025 22:00,Winter
1/7/2025 23:00,Winter
1/8/2025 0:00,Winter
1/8/2025 1:00,Winter
1/8/2025 2:00,Winter
1/8/2025 3:00,Winter
1/8/2025 4:00,Winter
1/8/2025 5:00,Winter
1/8/2025 6:00,Winter
1/8/2025 7:00,Winter
1/8/2025 8:00,Winter
1/8/2025 9:00,Winter
1/8/2025 10:00,Winter
1/8/2025 11:00,Winter
1/8/2025 12:00,Winter
1/8/2025 13:00,Winter
1/8/2025 14:00,Winter
1/8/2025 15:00,Winter
1/8/2025 16:00,Winter
1/8/2025 17:00,Winter
1/8/2025 18:00,Winter
1/8/2025 19:00,Winter
1/8/2025 20:00,Winter
1/8/2025 21:00,Winter
1/8/2025 22:00,Winter
1/8/2025 23:00,Winter
1/9/2025 0:00,Winter
1/9/2025 1:00,Winter
1/9/2025 2:00,Winter
1/9/2025 3:00,Winter
1/9/2025 4:00,Winter
1/9/2025 5:00,Winter
1/9/2025 6:00,Winter
1/9/2025 7:00,Winter
1/9/2025 8:00,Winter
1/9/2025 9:00,Winter
1/9/2025 10:00,Winter
1/9/2025 11:00,Winter
1/9/2025 12:00,Winter
1/9/2025 13:00,Winter
1/9/2025 14:00,Winter
1/9/2025 15:00,Winter
1/9/2025 16:00,Winter
1/9/2025 17:00,Winter
1/9/2025 18:00,Winter
1/9/2025 19:00,Winter
1/9/2025 20:00,Winter
1/9/2025 21:00,Winter
1/9/2025 22:00,Winter
1/9/2025 23:00,Winter
1/10/2025 0:00,Winter
1/10/2025 1:00,Winter
1/10/2025 2:00,Winter
1/10/2025 3:00,Winter
1/10/2025 4:00,Winter
1/10/2025 5:00,Winter
1/10/2025 6:00,Winter
1/10/2025 7:00,Winter
1/10/2025 8:00,Winter
1/10/2025 9:00,Winter
1/10/2025 10:00,Winter
1/10/2025 11:00,Winter
1/10/2025 12:00,Winter
1/10/2025 13:00,Winter
1/10/2025 14:00,Winter
1/10/2025 15:00,Winter
1/10/2025 16:00,Winter
1/10/2025 17:00,Winter
1/10/2025 18:00,Winter
1/10/2025 19:00,Winter
1/10/2025 20:00,Winter
1/10/2025 21:00,Winter
1/10/2025 22:00,Winter
1/10/2025 23:00,Winter
1/11/2025 0:00,Winter
1/11/2025 1:00,Winter
1/11/2025 2:00,Winter
1/11/2025 3:00,Winter
1/11/2025 4:00,Winter
1/11/2025 5:00,Winter
1/11/2025 6:00,Winter
1/11/2025 7:00,Winter
1/11/2025 8:00,Winter
1/11/2025 9:00,Winter
1/11/2025 10:00,Winter
1/11/2025 11:00,Winter
1/11/2025 12:00,Winter
1/11/2025 13:00,Winter
1/11/2025 14:00,Winter
1/11/2025 15:00,Winter
1/11/2025 16:00,Winter
1/11/2025 17:00,Winter
1/11/2025 18:00,Winter
1/11/2025 19:00,Winter
1/11/2025 20:00,Winter
1/11/2025 21:00,Winter
1/11/2025 22:00,Winter
1/11/2025 23:00,Winter
1/12/2025 0:00,Winter
1/12/2025 1:00,Winter
1/12/2025 2:00,Winter
1/12/2025 3:00,Winter
1/12/2025 4:00,Winter
1/12/2025 5:00,Winter
1/12/2025 6:00,Winter
1/12/2025 7:00,Winter
1/12/2025 8:00,Winter
1/12/2025 9:00,Winter
1/12/2025 10:00,Winter
1/12/2025 11:00,Winter
1/12/2025 12:00,Winter
1/12/2025 13:00,Winter
1/12/2025 14:00,Winter
1/12/2025 15:00,Winter
1/12/2025 16:00,Winter
1/12/2025 17:00,Winter
1/12/2025 18:00,Winter
1/12/2025 19:00,Winter
1/12/2025 20:00,Winter
1/12/2025 21:00,Winter
1/12/2025 22:00,Winter
1/12/2025 23:00,Winter
1/13/2025 0:00,Winter
1/13/2025 1:00,Winter
1/13/2025 2:00,Winter
1/13/2025 3:00,Winter
1/13/2025 4:00,Winter
1/13/2025 5:00,Winter
1/13/2025 6:00,Winter
1/13/2025 7:00,Winter
1/13/2025 8:00,Winter
1/13/2025 9:00,Winter
1/13/2025 10:00,Winter
1/13/2025 11:00,Winter
1/13/2025 12:00,Winter
1/13/2025 13:00,Winter
1/13/2025 14:00,Winter
1/13/2025 15:00,Winter
1/13/2025 16:00,Winter
1/13/2025 17:00,Winter
1/13/2025 18:00,Winter
1/13/2025 19:00,Winter
1/13/2025 20:00,Winter
1/13/2025 21:00,Winter
1/13/2025 22:00,Winter
1/13/2025 23:00,Winter
1/14/2025 0:00,Winter
1/14/2025 1:00,Winter
1/14/2025 2:00,Winter
1/14/2025 3:00,Winter
1/14/2025 4:00,Winter
1/14/2025 5:00,Winter
1/14/2025 6:00,Winter
1/14/2025 7:00,Winter
1/14/2025 8:00,Winter
1/14/2025 9:00,Winter
1/14/2025 10:00,Winter
1/14/2025 11:00,Winter
1/14/2025 12:00,Winter
1/14/2025 13:00,Winter
1/14/2025 14:00,Winter
1/14/2025 15:00,Winter
1/14/2025 16:00,Winter
1/14/2025 17:00,Winter
1/14/2025 18:00,Winter
1/14/2025 19:00,Winter
1/14/2025 20:00,Winter
1/14/2025 21:00,Winter
1/14/2025 22:00,Winter
1/14/2025 23:00,Winter
1/15/2025 0:00,Winter
1/15/2025 1:00,Winter
1/15/2025 2:00,Winter
1/15/2025 3:00,Winter
1/15/2025 4:00,Winter
1/15/2025 5:00,Winter
1/15/2025 6:00,Winter
1/15/2025 7:00,Winter
1/15/2025 8:00,Winter
1/15/2025 9:00,Winter
1/15/2025 10:00,Winter
1/15/2025 11:00,Winter
1/15/2025 12:00,Winter
1/15/2025 13:00,Winter
1/15/2025 14:00,Winter
1/15/2025 15:00,Winter
1/15/2025 16:00,Winter
1/15/2025 17:00,Winter
1/15/2025 18:00,Winter
1/15/2025 19:00,Winter
1/15/2025 20:00,Winter
1/15/2025 21:00,Winter
1/15/2025 22:00,Winter
1/15/2025 23:00,Winter
1/16/2025 0:00,Winter
1/16/2025 1:00,Winter
1/16/2025 2:00,Winter
1/16/2025 3:00,Winter
1/16/2025 4:00,Winter
1/16/2025 5:00,Winter
1/16/2025 6:00,Winter
1/16/2025 7:00,Winter
1/16/2025 8:00,Winter
1/16/2025 9:00,Winter
1/16/2025 10:00,Winter
1/16/2025 11:00,Winter
1/16/2025 12:00,Winter
1/16/2025 13:00,Winter
1/16/2025 14:00,Winter
1/16/2025 15:00,Winter
1/16/2025 16:00,Winter
1/16/2025 17:00,Winter
1/16/2025 18:00,Winter
1/16/2025 19:00,Winter
1/16/2025 20:00,Winter
1/16/2025 21:00,Winter
1/16/2025 22:00,Winter
1/16/2025 23:00,Winter
1/17/2025 0:00,Winter
1/17/2025 1:00,Winter
1/17/2025 2:00,Winter
1/17/2025 3:00,Winter
1/17/2025 4:00,Winter
1/17/2025 5:00,Winter
1/17/2025 6:00,Winter
1/17/2025 7:00,Winter
1/17/2025 8:00,Winter
1/17/2025 9:00,Winter
1/17/2025 10:00,Winter
1/17/2025 11:00,Winter
1/17/2025 12:00,Winter
1/17/2025 13:00,Winter
1/17/2025 14:00,Winter
1/17/2025 15:00,Winter
1/17/2025 16:00,Winter
1/17/2025 17:00,Winter
1/17/2025 18:00,Winter
1/17/2025 19:00,Winter
1/17/2025 20:00,Winter
1/17/2025 21:00,Winter
1/17/2025 22:00,Winter
1/17/2025 23:00,Winter
1/18/2025 0:00,Winter
1/18/2025 1:00,Winter
1/18/2025 2:00,Winter
1/18/2025 3:00,Winter
1/18/2025 4:00,Winter
1/18/2025 5:00,Winter
1/18/2025 6:00,Winter
1/18/2025 7:00,Winter
1/18/2025 8:00,Winter
1/18/2025 9:00,Winter
1/18/2025 10:00,Winter
1/18/2025 11:00,Winter
1/18/2025 12:00,Winter
1/18/2025 13:00,Winter
1/18/2025 14:00,Winter
1/18/2025 15:00,Winter
1/18/2025 16:00,Winter
1/18/2025 17:00,Winter
1/18/2025 18:00,Winter
1/18/2025 19:00,Winter
1/18/2025 20:00,Winter
1/18/2025 21:00,Winter
1/18/2025 22:00,Winter
1/18/2025 23:00,Winter
1/19/2025 0:00,Winter
1/19/2025 1:00,Winter
1/19/2025 2:00,Winter
1/19/2025 3:00,Winter
1/19/2025 4:00,Winter
1/19/2025 5:00,Winter
1/19/2025 6:00,Winter
1/19/2025 7:00,Winter
1/19/2025 8:00,Winter
1/19/2025 9:00,Winter
1/19/2025 10:00,Winter
1/19/2025 11:00,Winter
1/19/2025 12:00,Winter
1/19/2025 13:00,Winter
1/19/2025 14:00,Winter
1/19/2025 15:00,Winter
1/19/2025 16:00,Winter
1/19/2025 17:00,Winter
1/19/2025 18:00,Winter
1/19/2025 19:00,Winter
1/19/2025 20:00,Winter
1/19/2025 21:00,Winter
1/19/2025 22:00,Winter
1/19/2025 23:00,Winter
1/20/2025 0:00,Winter
1/20/2025 1:00,Winter
1/20/2025 2:00,Winter
1/20/2025 3:00,Winter
1/20/2025 4:00,Winter
1/20/2025 5:00,Winter
1/20/2025 6:00,Winter
1/20/2025 7:00,Winter
1/20/2025 8:00,Winter
1/20/2025 9:00,Winter
1/20/2025 10:00,Winter
1/20/2025 11:00,Winter
1/20/2025 12:00,Winter
1/20/2025 13:00,Winter
1/20/2025 14:00,Winter
1/20/2025 15:00,Winter
1/20/2025 16:00,Winter
1/20/2025 17:00,Winter
1/20/2025 18:00,Winter
1/20/2025 19:00,Winter
1/20/2025 20:00,Winter
1/20/2025 21:00,Winter
1/20/2025 22:00,Winter
1/20/2025 23:00,Winter
1/21/2025 0:00,Winter
1/21/2025 1:00,Winter
1/21/2025 2:00,Winter
1/21/2025 3:00,Winter
1/21/2025 4:00,Winter
1/21/2025 5:00,Winter
1/21/2025 6:00,Winter
1/21/2025 7:00,Winter
1/21/2025 8:00,Winter
1/21/2025 9:00,Winter
1/21/2025 10:00,Winter
1/21/2025 11:00,Winter
1/21/2025 12:00,Winter
1/21/2025 13:00,Winter
1/21/2025 14:00,Winter
1/21/2025 15:00,Winter
1/21/2025 16:00,Winter
1/21/2025 17:00,Winter
1/21/2025 18:00,Winter
1/21/2025 19:00,Winter
1/21/2025 20:00,Winter
1/21/2025 21:00,Winter
1/21/2025 22:00,Winter
1/21/2025 23:00,Winter
1/22/2025 0:00,Winter
1/22/2025 1:00,Winter
1/22/2025 2:00,Winter
1/22/2025 3:00,Winter
1/22/2025 4:00,Winter
1/22/2025 5:00,Winter
1/22/2025 6:00,Winter
1/22/2025 7:00,Winter
1/22/2025 8:00,Winter
1/22/2025 9:00,Winter
1/22/2025 10:00,Winter
1/22/2025 11:00,Winter
1/22/2025 12:00,Winter
1/22/2025 13:00,Winter
1/22/2025 14:00,Winter
1/22/2025 15:00,Winter
1/22/2025 16:00,Winter
1/22/2025 17:00,Winter
1/22/2025 18:00,Winter
1/22/2025 19:00,Winter
1/22/2025 20:00,Winter
1/22/2025 21:00,Winter
1/22/2025 22:00,Winter
1/22/2025 23:00,Winter
1/23/2025 0:00,Winter
1/23/2025 1:00,Winter
1/23/2025 2:00,Winter
1/23/2025 3:00,Winter
1/23/2025 4:00,Winter
1/23/2025 5:00,Winter
1/23/2025 6:00,Winter
1/23/2025 7:00,Winter
1/23/2025 8:00,Winter
1/23/2025 9:00,Winter
1/23/2025 10:00,Winter
1/23/2025 11:00,Winter
1/23/2025 12:00,Winter
1/23/2025 13:00,Winter
1/23/2025 14:00,Winter
1/23/2025 15:00,Winter
1/23/2025 16:00,Winter
1/23/2025 17:00,Winter
1/23/2025 18:00,Winter
1/23/2025 19:00,Winter
1/23/2025 20:00,Winter
1/23/2025 21:00,Winter
1/23/2025 22:00,Winter
1/23/2025 23:00,Winter
1/24/2025 0:00,Winter
1/24/2025 1:00,Winter
1/24/2025 2:00,Winter
1/24/2025 3:00,Winter
1/24/2025 4:00,Winter
1/24/2025 5:00,Winter
1/24/2025 6:00,Winter
1/24/2025 7:00,Winter
1/24/2025 8:00,Winter
1/24/2025 9:00,Winter
1/24/2025 10:00,Winter
1/24/2025 11:00,Winter
1/24/2025 12:00,Winter
1/24/2025 13:00,Winter
1/24/2025 14:00,Winter
1/24/2025 15:00,Winter
1/24/2025 16:00,Winter
1/24/2025 17:00,Winter
1/24/2025 18:00,Winter
1/24/2025 19:00,Winter
1/24/2025 20:00,Winter
1/24/2025 21:00,Winter
1/24/2025 22:00,Winter
1/24/2025 23:00,Winter
1/25/2025 0:00,Winter
1/25/2025 1:00,Winter
1/25/2025 2:00,Winter
1/25/2025 3:00,Winter
1/25/2025 4:00,Winter
1/25/2025 5:00,Winter
1/25/2025 6:00,Winter
1/25/2025 7:00,Winter
1/25/2025 8:00,Winter
1/25/2025 9:00,Winter
1/25/2025 10:00,Winter
1/25/2025 11:00,Winter
1/25/2025 12:00,Winter
1/25/2025 13:00,Winter
1/25/2025 14:00,Winter
1/25/2025 15:00,Winter
1/25/2025 16:00,Winter
1/25/2025 17:00,Winter
1/25/2025 18:00,Winter
1/25/2025 19:00,Winter
1/25/2025 20:00,Winter
1/25/2025 21:00,Winter
1/25/2025 22:00,Winter
1/25/2025 23:00,Winter
1/26/2025 0:00,Winter
1/26/2025 1:00,Winter
1/26/2025 2:00,Winter
1/26/2025 3:00,Winter
1/26/2025 4:00,Winter
1/26/2025 5:00,Winter
1/26/2025 6:00,Winter
1/26/2025 7:00,Winter
1/26/2025 8:00,Winter
1/26/2025 9:00,Winter
1/26/2025 10:00,Winter
1/26/2025 11:00,Winter
1/26/2025 12:00,Winter
1/26/2025 13:00,Winter
1/26/2025 14:00,Winter
1/26/2025 15:00,Winter
1/26/2025 16:00,Winter
1/26/2025 17:00,Winter
1/26/2025 18:00,Winter
1/26/2025 19:00,Winter
1/26/2025 20:00,Winter
1/26/2025 21:00,Winter
1/26/2025 22:00,Winter
1/26/2025 23:00,Winter
1/27/2025 0:00,Winter
1/27/2025 1:00,Winter
1/27/2025 2:00,Winter
1/27/2025 3:00,Winter
1/27/2025 4:00,Winter
1/27/2025 5:00,Winter
1/27/2025 6:00,Winter
1/27/2025 7:00,Winter
1/27/2025 8:00,Winter
1/27/2025 9:00,Winter
1/27/2025 10:00,Winter
1/27/2025 11:00,Winter
1/27/2025 12:00,Winter
1/27/2025 13:00,Winter
1/27/2025 14:00,Winter
1/27/2025 15:00,Winter
1/27/2025 16:00,Winter
1/27/2025 17:00,Winter
1/27/2025 18:00,Winter
1/27/2025 19:00,Winter
1/27/2025 20:00,Winter
1/27/2025 21:00,Winter
1/27/2025 22:00,Winter
1/27/2025 23:00,Winter
1/28/2025 0:00,Winter
1/28/2025 1:00,Winter
1/28/2025 2:00,Winter
1/28/2025 3:00,Winter
1/28/2025 4:00,Winter
1/28/2025 5:00,Winter
1/28/2025 6:00,Winter
1/28/2025 7:00,Winter
1/28/2025 8:00,Winter
1/28/2025 9:00,Winter
1/28/2025 10:00,Winter
1/28/2025 11:00,Winter
1/28/2025 12:00,Winter
1/28/2025 13:00,Winter
1/28/2025 14:00,Winter
1/28/2025 15:00,Winter
1/28/2025 16:00,Winter
1/28/2025 17:00,Winter
1/28/2025 18:00,Winter
1/28/2025 19:00,Winter
1/28/2025 20:00,Winter
1/28/2025 21:00,Winter
1/28/2025 22:00,Winter
1/28/2025 23:00,Winter
1/29/2025 0:00,Winter
1/29/2025 1:00,Winter
1/29/2025 2:00,Winter
1/29/2025 3:00,Winter
1/29/2025 4:00,Winter
1/29/2025 5:00,Winter
1/29/2025 6:00,Winter
1/29/2025 7:00,Winter
1/29/2025 8:00,Winter
1/29/2025 9:00,Winter
1/29/2025 10:00,Winter
1/29/2025 11:00,Winter
1/29/2025 12:00,Winter
1/29/2025 13:00,Winter
1/29/2025 14:00,Winter
1/29/2025 15:00,Winter
1/29/2025 16:00,Winter
1/29/2025 17:00,Winter
1/29/2025 18:00,Winter
1/29/2025 19:00,Winter
1/29/2025 20:00,Winter
1/29/2025 21:00,Winter
1/29/2025 22:00,Winter
1/29/2025 23:00,Winter
1/30/2025 0:00,Winter
1/30/2025 1:00,Winter
1/30/2025 2:00,Winter
1/30/2025 3:00,Winter
1/30/2025 4:00,Winter
1/30/2025 5:00,Winter
1/30/2025 6:00,Winter
1/30/2025 7:00,Winter
1/30/2025 8:00,Winter
1/30/2025 9:00,Winter
1/30/2025 10:00,Winter
1/30/2025 11:00,Winter
1/30/2025 12:00,Winter
1/30/2025 13:00,Winter
1/30/2025 14:00,Winter
1/30/2025 15:00,Winter
1/30/2025 16:00,Winter
1/30/2025 17:00,Winter
1/30/2025 18:00,Winter
1/30/2025 19:00,Winter
1/30/2025 20:00,Winter
1/30/2025 21:00,Winter
1/30/2025 22:00,Winter
1/30/2025 23:00,Winter
1/31/2025 0:00,Winter
1/31/2025 1:00,Winter
1/31/2025 2:00,Winter
1/31/2025 3:00,Winter
1/31/2025 4:00,Winter
1/31/2025 5:00,Winter
1/31/2025 6:00,Winter
1/31/2025 7:00,Winter
1/31/2025 8:00,Winter
1/31/2025 9:00,Winter
1/31/2025 10:00,Winter
1/31/2025 11:00,Winter
1/31/2025 12:00,Winter
1/31/2025 13:00,Winter
1/31/2025 14:00,Winter
1/31/2025 15:00,Winter
1/31/2025 16:00,Winter
1/31/2025 17:00,Winter
1/31/2025 18:00,Winter
1/31/2025 19:00,Winter
1/31/2025 20:00,Winter
1/31/2025 21:00,Winter
1/31/2025 22:00,Winter
1/31/2025 23:00,Winter
2/1/2025 0:00,Winter
2/1/2025 1:00,Winter
2/1/2025 2:00,Winter
2/1/2025 3:00,Winter
2/1/2025 4:00,Winter
2/1/2025 5:00,Winter
2/1/2025 6:00,Winter
2/1/2025 7:00,Winter
2/1/2025 8:00,Winter
2/1/2025 9:00,Winter
2/1/2025 10:00,Winter
2/1/2025 11:00,Winter
2/1/2025 12:00,Winter
2/1/2025 13:00,Winter
2/1/2025 14:00,Winter
2/1/2025 15:00,Winter
2/1/2025 16:00,Winter
2/1/2025 17:00,Winter
2/1/2025 18:00,Winter
2/1/2025 19:00,Winter
2/1/2025 20:00,Winter
2/1/2025 21:00,Winter
2/1/2025 22:00,Winter
2/1/2025 23:00,Winter
2/2/2025 0:00,Winter
2/2/2025 1:00,Winter
2/2/2025 2:00,Winter
2/2/2025 3:00,Winter
2/2/2025 4:00,Winter
2/2/2025 5:00,Winter
2/2/2025 6:00,Winter
2/2/2025 7:00,Winter
2/2/2025 8:00,Winter
2/2/2025 9:00,Winter
2/2/2025 10:00,Winter
2/2/2025 11:00,Winter
2/2/2025 12:00,Winter
2/2/2025 13:00,Winter
2/2/2025 14:00,Winter
2/2/2025 15:00,Winter
2/2/2025 16:00,Winter
2/2/2025 17:00,Winter
2/2/2025 18:00,Winter
2/2/2025 19:00,Winter
2/2/2025 20:00,Winter
2/2/2025 21:00,Winter
2/2/2025 22:00,Winter
2/2/2025 23:00,Winter
2/3/2025 0:00,Winter
2/3/2025 1:00,Winter
2/3/2025 2:00,Winter
2/3/2025 3:00,Winter
2/3/2025 4:00,Winter
2/3/2025 5:00,Winter
2/3/2025 6:00,Winter
2/3/2025 7:00,Winter
2/3/2025 8:00,Winter
2/3/2025 9:00,Winter
2/3/2025 10:00,Winter
2/3/2025 11:00,Winter
2/3/2025 12:00,Winter
2/3/2025 13:00,Winter
2/3/2025 14:00,Winter
2/3/2025 15:00,Winter
2/3/2025 16:00,Winter
2/3/2025 17:00,Winter
2/3/2025 18:00,Winter
2/3/2025 19:00,Winter
2/3/2025 20:00,Winter
2/3/2025 21:00,Winter
2/3/2025 22:00,Winter
2/3/2025 23:00,Winter
2/4/2025 0:00,Winter
2/4/2025 1:00,Winter
2/4/2025 2:00,Winter
2/4/2025 3:00,Winter
2/4/2025 4:00,Winter
2/4/2025 5:00,Winter
2/4/2025 6:00,Winter
2/4/2025 7:00,Winter
2/4/2025 8:00,Winter
2/4/2025 9:00,Winter
2/4/2025 10:00,Winter
2/4/2025 11:00,Winter
2/4/2025 12:00,Winter
2/4/2025 13:00,Winter
2/4/2025 14:00,Winter
2/4/2025 15:00,Winter
2/4/2025 16:00,Winter
2/4/2025 17:00,Winter
2/4/2025 18:00,Winter
2/4/2025 19:00,Winter
2/4/2025 20:00,Winter
2/4/2025 21:00,Winter
2/4/2025 22:00,Winter
2/4/2025 23:00,Winter
2/5/2025 0:00,Winter
2/5/2025 1:00,Winter
2/5/2025 2:00,Winter
2/5/2025 3:00,Winter
2/5/2025 4:00,Winter
2/5/2025 5:00,Winter
2/5/2025 6:00,Winter
2/5/2025 7:00,Winter
2/5/2025 8:00,Winter
2/5/2025 9:00,Winter
2/5/2025 10:00,Winter
2/5/2025 11:00,Winter
2/5/2025 12:00,Winter
2/5/2025 13:00,Winter
2/5/2025 14:00,Winter
2/5/2025 15:00,Winter
2/5/2025 16:00,Winter
2/5/2025 17:00,Winter
2/5/2025 18:00,Winter
2/5/2025 19:00,Winter
2/5/2025 20:00,Winter
2/5/2025 21:00,Winter
2/5/2025 22:00,Winter
2/5/2025 23:00,Winter
2/6/2025 0:00,Winter
2/6/2025 1:00,Winter
2/6/2025 2:00,Winter
2/6/2025 3:00,Winter
2/6/2025 4:00,Winter
2/6/2025 5:00,Winter
2/6/2025 6:00,Winter
2/6/2025 7:00,Winter
2/6/2025 8:00,Winter
2/6/2025 9:00,Winter
2/6/2025 10:00,Winter
2/6/2025 11:00,Winter
2/6/2025 12:00,Winter
2/6/2025 13:00,Winter
2/6/2025 14:00,Winter
2/6/2025 15:00,Winter
2/6/2025 16:00,Winter
2/6/2025 17:00,Winter
2/6/2025 18:00,Winter
2/6/2025 19:00,Winter
2/6/2025 20:00,Winter
2/6/2025 21:00,Winter
2/6/2025 22:00,Winter
2/6/2025 23:00,Winter
2/7/2025 0:00,Winter
2/7/2025 1:00,Winter
2/7/2025 2:00,Winter
2/7/2025 3:00,Winter
2/7/2025 4:00,Winter
2/7/2025 5:00,Winter
2/7/2025 6:00,Winter
2/7/2025 7:00,Winter
2/7/2025 8:00,Winter
2/7/2025 9:00,Winter
2/7/2025 10:00,Winter
2/7/2025 11:00,Winter
2/7/2025 12:00,Winter
2/7/2025 13:00,Winter
2/7/2025 14:00,Winter
2/7/2025 15:00,Winter
2/7/2025 16:00,Winter
2/7/2025 17:00,Winter
2/7/2025 18:00,Winter
2/7/2025 19:00,Winter
2/7/2025 20:00,Winter
2/7/2025 21:00,Winter
2/7/2025 22:00,Winter
2/7/2025 23:00,Winter
2/8/2025 0:00,Winter
2/8/2025 1:00,Winter
2/8/2025 2:00,Winter
2/8/2025 3:00,Winter
2/8/2025 4:00,Winter
2/8/2025 5:00,Winter
2/8/2025 6:00,Winter
2/8/2025 7:00,Winter
2/8/2025 8:00,Winter
2/8/2025 9:00,Winter
2/8/2025 10:00,Winter
2/8/2025 11:00,Winter
2/8/2025 12:00,Winter
2/8/2025 13:00,Winter
2/8/2025 14:00,Winter
2/8/2025 15:00,Winter
2/8/2025 16:00,Winter
2/8/2025 17:00,Winter
2/8/2025 18:00,Winter
2/8/2025 19:00,Winter
2/8/2025 20:00,Winter
2/8/2025 21:00,Winter
2/8/2025 22:00,Winter
2/8/2025 23:00,Winter
2/9/2025 0:00,Winter
2/9/2025 1:00,Winter
2/9/2025 2:00,Winter
2/9/2025 3:00,Winter
2/9/2025 4:00,Winter
2/9/2025 5:00,Winter
2/9/2025 6:00,Winter
2/9/2025 7:00,Winter
2/9/2025 8:00,Winter
2/9/2025 9:00,Winter
2/9/2025 10:00,Winter
2/9/2025 11:00,Winter
2/9/2025 12:00,Winter
2/9/2025 13:00,Winter
2/9/2025 14:00,Winter
2/9/2025 15:00,Winter
2/9/2025 16:00,Winter
2/9/2025 17:00,Winter
2/9/2025 18:00,Winter
2/9/2025 19:00,Winter
2/9/2025 20:00,Winter
2/9/2025 21:00,Winter
2/9/2025 22:00,Winter
2/9/2025 23:00,Winter
2/10/2025 0:00,Winter
2/10/2025 1:00,Winter
2/10/2025 2:00,Winter
2/10/2025 3:00,Winter
2/10/2025 4:00,Winter
2/10/2025 5:00,Winter
2/10/2025 6:00,Winter
2/10/2025 7:00,Winter
2/10/2025 8:00,Winter
2/10/2025 9:00,Winter
2/10/2025 10:00,Winter
2/10/2025 11:00,Winter
2/10/2025 12:00,Winter
2/10/2025 13:00,Winter
2/10/2025 14:00,Winter
2/10/2025 15:00,Winter
2/10/2025 16:00,Winter
2/10/2025 17:00,Winter
2/10/2025 18:00,Winter
2/10/2025 19:00,Winter
2/10/2025 20:00,Winter
2/10/2025 21:00,Winter
2/10/2025 22:00,Winter
2/10/2025 23:00,Winter
2/11/2025 0:00,Winter
2/11/2025 1:00,Winter
2/11/2025 2:00,Winter
2/11/2025 3:00,Winter
2/11/2025 4:00,Winter
2/11/2025 5:00,Winter
2/11/2025 6:00,Winter
2/11/2025 7:00,Winter
2/11/2025 8:00,Winter
2/11/2025 9:00,Winter
2/11/2025 10:00,Winter
2/11/2025 11:00,Winter
2/11/2025 12:00,Winter
2/11/2025 13:00,Winter
2/11/2025 14:00,Winter
2/11/2025 15:00,Winter
2/11/2025 16:00,Winter
2/11/2025 17:00,Winter
2/11/2025 18:00,Winter
2/11/2025 19:00,Winter
2/11/2025 20:00,Winter
2/11/2025 21:00,Winter
2/11/2025 22:00,Winter
2/11/2025 23:00,Winter
2/12/2025 0:00,Winter
2/12/2025 1:00,Winter
2/12/2025 2:00,Winter
2/12/2025 3:00,Winter
2/12/2025 4:00,Winter
2/12/2025 5:00,Winter
2/12/2025 6:00,Winter
2/12/2025 7:00,Winter
2/12/2025 8:00,Winter
2/12/2025 9:00,Winter
2/12/2025 10:00,Winter
2/12/2025 11:00,Winter
2/12/2025 12:00,Winter
2/12/2025 13:00,Winter
2/12/2025 14:00,Winter
2/12/2025 15:00,Winter
2/12/2025 16:00,Winter
2/12/2025 17:00,Winter
2/12/2025 18:00,Winter
2/12/2025 19:00,Winter
2/12/2025 20:00,Winter
2/12/2025 21:00,Winter
2/12/2025 22:00,Winter
2/12/2025 23:00,Winter
2/13/2025 0:00,Winter
2/13/2025 1:00,Winter
2/13/2025 2:00,Winter
2/13/2025 3:00,Winter
2/13/2025 4:00,Winter
2/13/2025 5:00,Winter
2/13/2025 6:00,Winter
2/13/2025 7:00,Winter
2/13/2025 8:00,Winter
2/13/2025 9:00,Winter
2/13/2025 10:00,Winter
2/13/2025 11:00,Winter
2/13/2025 12:00,Winter
2/13/2025 13:00,Winter
2/13/2025 14:00,Winter
2/13/2025 15:00,Winter
2/13/2025 16:00,Winter
2/13/2025 17:00,Winter
2/13/2025 18:00,Winter
2/13/2025 19:00,Winter
2/13/2025 20:00,Winter
2/13/2025 21:00,Winter
2/13/2025 22:00,Winter
2/13/2025 23:00,Winter
2/14/2025 0:00,Winter
2/14/2025 1:00,Winter
2/14/2025 2:00,Winter
2/14/2025 3:00,Winter
2/14/2025 4:00,Winter
2/14/2025 5:00,Winter
2/14/2025 6:00,Winter
2/14/2025 7:00,Winter
2/14/2025 8:00,Winter
2/14/2025 9:00,Winter
2/14/2025 10:00,Winter
2/14/2025 11:00,Winter
2/14/2025 12:00,Winter
2/14/2025 13:00,Winter
2/14/2025 14:00,Winter
2/14/2025 15:00,Winter
2/14/2025 16:00,Winter
2/14/2025 17:00,Winter
2/14/2025 18:00,Winter
2/14/2025 19:00,Winter
2/14/2025 20:00,Winter
2/14/2025 21:00,Winter
2/14/2025 22:00,Winter
2/14/2025 23:00,Winter
2/15/2025 0:00,Winter
2/15/2025 1:00,Winter
2/15/2025 2:00,Winter
2/15/2025 3:00,Winter
2/15/2025 4:00,Winter
2/15/2025 5:00,Winter
2/15/2025 6:00,Winter
2/15/2025 7:00,Winter
2/15/2025 8:00,Winter
2/15/2025 9:00,Winter
2/15/2025 10:00,Winter
2/15/2025 11:00,Winter
2/15/2025 12:00,Winter
2/15/2025 13:00,Winter
2/15/2025 14:00,Winter
2/15/2025 15:00,Winter
2/15/2025 16:00,Winter
2/15/2025 17:00,Winter
2/15/2025 18:00,Winter
2/15/2025 19:00,Winter
2/15/2025 20:00,Winter
2/15/2025 21:00,Winter
2/15/2025 22:00,Winter
2/15/2025 23:00,Winter
2/16/2025 0:00,Winter
2/16/2025 1:00,Winter
2/16/2025 2:00,Winter
2/16/2025 3:00,Winter
2/16/2025 4:00,Winter
2/16/2025 5:00,Winter
2/16/2025 6:00,Winter
2/16/2025 7:00,Winter
2/16/2025 8:00,Winter
2/16/2025 9:00,Winter
2/16/2025 10:00,Winter
2/16/2025 11:00,Winter
2/16/2025 12:00,Winter
2/16/2025 13:00,Winter
2/16/2025 14:00,Winter
2/16/2025 15:00,Winter
2/16/2025 16:00,Winter
2/16/2025 17:00,Winter
2/16/2025 18:00,Winter
2/16/2025 19:00,Winter
2/16/2025 20:00,Winter
2/16/2025 21:00,Winter
2/16/2025 22:00,Winter
2/16/2025 23:00,Winter
2/17/2025 0:00,Winter
2/17/2025 1:00,Winter
2/17/2025 2:00,Winter
2/17/2025 3:00,Winter
2/17/2025 4:00,Winter
2/17/2025 5:00,Winter
2/17/2025 6:00,Winter
2/17/2025 7:00,Winter
2/17/2025 8:00,Winter
2/17/2025 9:00,Winter
2/17/2025 10:00,Winter
2/17/2025 11:00,Winter
2/17/2025 12:00,Winter
2/17/2025 13:00,Winter
2/17/2025 14:00,Winter
2/17/2025 15:00,Winter
2/17/2025 16:00,Winter
2/17/2025 17:00,Winter
2/17/2025 18:00,Winter
2/17/2025 19:00,Winter
2/17/2025 20:00,Winter
2/17/2025 21:00,Winter
2/17/2025 22:00,Winter
2/17/2025 23:00,Winter
2/18/2025 0:00,Winter
2/18/2025 1:00,Winter
2/18/2025 2:00,Winter
2/18/2025 3:00,Winter
2/18/2025 4:00,Winter
2/18/2025 5:00,Winter
2/18/2025 6:00,Winter
2/18/2025 7:00,Winter
2/18/2025 8:00,Winter
2/18/2025 9:00,Winter
2/18/2025 10:00,Winter
2/18/2025 11:00,Winter
2/18/2025 12:00,Winter
2/18/2025 13:00,Winter
2/18/2025 14:00,Winter
2/18/2025 15:00,Winter
2/18/2025 16:00,Winter
2/18/2025 17:00,Winter
2/18/2025 18:00,Winter
2/18/2025 19:00,Winter
2/18/2025 20:00,Winter
2/18/2025 21:00,Winter
2/18/2025 22:00,Winter
2/18/2025 23:00,Winter
2/19/2025 0:00,Winter
2/19/2025 1:00,Winter
2/19/2025 2:00,Winter
2/19/2025 3:00,Winter
2/19/2025 4:00,Winter
2/19/2025 5:00,Winter
2/19/2025 6:00,Winter
2/19/2025 7:00,Winter
2/19/2025 8:00,Winter
2/19/2025 9:00,Winter
2/19/2025 10:00,Winter
2/19/2025 11:00,Winter
2/19/2025 12:00,Winter
2/19/2025 13:00,Winter
2/19/2025 14:00,Winter
2/19/2025 15:00,Winter
2/19/2025 16:00,Winter
2/19/2025 17:00,Winter
2/19/2025 18:00,Winter
2/19/2025 19:00,Winter
2/19/2025 20:00,Winter
2/19/2025 21:00,Winter
2/19/2025 22:00,Winter
2/19/2025 23:00,Winter
2/20/2025 0:00,Winter
2/20/2025 1:00,Winter
2/20/2025 2:00,Winter
2/20/2025 3:00,Winter
2/20/2025 4:00,Winter
2/20/2025 5:00,Winter
2/20/2025 6:00,Winter
2/20/2025 7:00,Winter
2/20/2025 8:00,Winter
2/20/2025 9:00,Winter
2/20/2025 10:00,Winter
2/20/2025 11:00,Winter
2/20/2025 12:00,Winter
2/20/2025 13:00,Winter
2/20/2025 14:00,Winter
2/20/2025 15:00,Winter
2/20/2025 16:00,Winter
2/20/2025 17:00,Winter
2/20/2025 18:00,Winter
2/20/2025 19:00,Winter
2/20/2025 20:00,Winter
2/20/2025 21:00,Winter
2/20/2025 22:00,Winter
2/20/2025 23:00,Winter
2/21/2025 0:00,Winter
2/21/2025 1:00,Winter
2/21/2025 2:00,Winter
2/21/2025 3:00,Winter
2/21/2025 4:00,Winter
2/21/2025 5:00,Winter
2/21/2025 6:00,Winter
2/21/2025 7:00,Winter
2/21/2025 8:00,Winter
2/21/2025 9:00,Winter
2/21/2025 10:00,Winter
2/21/2025 11:00,Winter
2/21/2025 12:00,Winter
2/21/2025 13:00,Winter
2/21/2025 14:00,Winter
2/21/2025 15:00,Winter
2/21/2025 16:00,Winter
2/21/2025 17:00,Winter
2/21/2025 18:00,Winter
2/21/2025 19:00,Winter
2/21/2025 20:00,Winter
2/21/2025 21:00,Winter
2/21/2025 22:00,Winter
2/21/2025 23:00,Winter
2/22/2025 0:00,Winter
2/22/2025 1:00,Winter
2/22/2025 2:00,Winter
2/22/2025 3:00,Winter
2/22/2025 4:00,Winter
2/22/2025 5:00,Winter
2/22/2025 6:00,Winter
2/22/2025 7:00,Winter
2/22/2025 8:00,Winter
2/22/2025 9:00,Winter
2/22/2025 10:00,Winter
2/22/2025 11:00,Winter
2/22/2025 12:00,Winter
2/22/2025 13:00,Winter
2/22/2025 14:00,Winter
2/22/2025 15:00,Winter
2/22/2025 16:00,Winter
2/22/2025 17:00,Winter
2/22/2025 18:00,Winter
2/22/2025 19:00,Winter
2/22/2025 20:00,Winter
2/22/2025 21:00,Winter
2/22/2025 22:00,Winter
2/22/2025 23:00,Winter
2/23/2025 0:00,Winter
2/23/2025 1:00,Winter
2/23/2025 2:00,Winter
2/23/2025 3:00,Winter
2/23/2025 4:00,Winter
2/23/2025 5:00,Winter
2/23/2025 6:00,Winter
2/23/2025 7:00,Winter
2/23/2025 8:00,Winter
2/23/2025 9:00,Winter
2/23/2025 10:00,Winter
2/23/2025 11:00,Winter
2/23/2025 12:00,Winter
2/23/2025 13:00,Winter
2/23/2025 14:00,Winter
2/23/2025 15:00,Winter
2/23/2025 16:00,Winter
2/23/2025 17:00,Winter
2/23/2025 18:00,Winter
2/23/2025 19:00,Winter
2/23/2025 20:00,Winter
2/23/2025 21:00,Winter
2/23/2025 22:00,Winter
2/23/2025 23:00,Winter
2/24/2025 0:00,Winter
2/24/2025 1:00,Winter
2/24/2025 2:00,Winter
2/24/2025 3:00,Winter
2/24/2025 4:00,Winter
2/24/2025 5:00,Winter
2/24/2025 6:00,Winter
2/24/2025 7:00,Winter
2/24/2025 8:00,Winter
2/24/2025 9:00,Winter
2/24/2025 10:00,Winter
2/24/2025 11:00,Winter
2/24/2025 12:00,Winter
2/24/2025 13:00,Winter
2/24/2025 14:00,Winter
2/24/2025 15:00,Winter
2/24/2025 16:00,Winter
2/24/2025 17:00,Winter
2/24/2025 18:00,Winter
2/24/2025 19:00,Winter
2/24/2025 20:00,Winter
2/24/2025 21:00,Winter
2/24/2025 22:00,Winter
2/24/2025 23:00,Winter
2/25/2025 0:00,Winter
2/25/2025 1:00,Winter
2/25/2025 2:00,Winter
2/25/2025 3:00,Winter
2/25/2025 4:00,Winter
2/25/2025 5:00,Winter
2/25/2025 6:00,Winter
2/25/2025 7:00,Winter
2/25/2025 8:00,Winter
2/25/2025 9:00,Winter
2/25/2025 10:00,Winter
2/25/2025 11:00,Winter
2/25/2025 12:00,Winter
2/25/2025 13:00,Winter
2/25/2025 14:00,Winter
2/25/2025 15:00,Winter
2/25/2025 16:00,Winter
2/25/2025 17:00,Winter
2/25/2025 18:00,Winter
2/25/2025 19:00,Winter
2/25/2025 20:00,Winter
2/25/2025 21:00,Winter
2/25/2025 22:00,Winter
2/25/2025 23:00,Winter
2/26/2025 0:00,Winter
2/26/2025 1:00,Winter
2/26/2025 2:00,Winter
2/26/2025 3:00,Winter
2/26/2025 4:00,Winter
2/26/2025 5:00,Winter
2/26/2025 6:00,Winter
2/26/2025 7:00,Winter
2/26/2025 8:00,Winter
2/26/2025 9:00,Winter
2/26/2025 10:00,Winter
2/26/2025 11:00,Winter
2/26/2025 12:00,Winter
2/26/2025 13:00,Winter
2/26/2025 14:00,Winter
2/26/2025 15:00,Winter
2/26/2025 16:00,Winter
2/26/2025 17:00,Winter
2/26/2025 18:00,Winter
2/26/2025 19:00,Winter
2/26/2025 20:00,Winter
2/26/2025 21:00,Winter
2/26/2025 22:00,Winter
2/26/2025 23:00,Winter
2/27/2025 0:00,Winter
2/27/2025 1:00,Winter
2/27/2025 2:00,Winter
2/27/2025 3:00,Winter
2/27/2025 4:00,Winter
2/27/2025 5:00,Winter
2/27/2025 6:00,Winter
2/27/2025 7:00,Winter
2/27/2025 8:00,Winter
2/27/2025 9:00,Winter
2/27/2025 10:00,Winter
2/27/2025 11:00,Winter
2/27/2025 12:00,Winter
2/27/2025 13:00,Winter
2/27/2025 14:00,Winter
2/27/2025 15:00,Winter
2/27/2025 16:00,Winter
2/27/2025 17:00,Winter
2/27/2025 18:00,Winter
2/27/2025 19:00,Winter
2/27/2025 20:00,Winter
2/27/2025 21:00,Winter
2/27/2025 22:00,Winter
2/27/2025 23:00,Winter
2/28/2025 0:00,Winter
2/28/2025 1:00,Winter
2/28/2025 2:00,Winter
2/28/2025 3:00,Winter
2/28/2025 4:00,Winter
2/28/2025 5:00,Winter
2/28/2025 6:00,Winter
2/28/2025 7:00,Winter
2/28/2025 8:00,Winter
2/28/2025 9:00,Winter
2/28/2025 10:00,Winter
2/28/2025 11:00,Winter
2/28/2025 12:00,Winter
2/28/2025 13:00,Winter
2/28/2025 14:00,Winter
2/28/2025 15:00,Winter
2/28/2025 16:00,Winter
2/28/2025 17:00,Winter
2/28/2025 18:00,Winter
2/28/2025 19:00,Winter
2/28/2025 20:00,Winter
2/28/2025 21:00,Winter
2/28/2025 22:00,Winter
2/28/2025 23:00,Winter
3/1/2025 0:00,Summer
3/1/2025 1:00,Summer
3/1/2025 2:00,Summer
3/1/2025 3:00,Summer
3/1/2025 4:00,Summer
3/1/2025 5:00,Summer
3/1/2025 6:00,Summer
3/1/2025 7:00,Summer
3/1/2025 8:00,Summer
3/1/2025 9:00,Summer
3/1/2025 10:00,Summer
3/1/2025 11:00,Summer
3/1/2025 12:00,Summer
3/1/2025 13:00,Summer
3/1/2025 14:00,Summer
3/1/2025 15:00,Summer
3/1/2025 16:00,Summer
3/1/2025 17:00,Summer
3/1/2025 18:00,Summer
3/1/2025 19:00,Summer
3/1/2025 20:00,Summer
3/1/2025 21:00,Summer
3/1/2025 22:00,Summer
3/1/2025 23:00,Summer
3/2/2025 0:00,Summer
3/2/2025 1:00,Summer
3/2/2025 2:00,Summer
3/2/2025 3:00,Summer
3/2/2025 4:00,Summer
3/2/2025 5:00,Summer
3/2/2025 6:00,Summer
3/2/2025 7:00,Summer
3/2/2025 8:00,Summer
3/2/2025 9:00,Summer
3/2/2025 10:00,Summer
3/2/2025 11:00,Summer
3/2/2025 12:00,Summer
3/2/2025 13:00,Summer
3/2/2025 14:00,Summer
3/2/2025 15:00,Summer
3/2/2025 16:00,Summer
3/2/2025 17:00,Summer
3/2/2025 18:00,Summer
3/2/2025 19:00,Summer
3/2/2025 20:00,Summer
3/2/2025 21:00,Summer
3/2/2025 22:00,Summer
3/2/2025 23:00,Summer
3/3/2025 0:00,Summer
3/3/2025 1:00,Summer
3/3/2025 2:00,Summer
3/3/2025 3:00,Summer
3/3/2025 4:00,Summer
3/3/2025 5:00,Summer
3/3/2025 6:00,Summer
3/3/2025 7:00,Summer
3/3/2025 8:00,Summer
3/3/2025 9:00,Summer
3/3/2025 10:00,Summer
3/3/2025 11:00,Summer
3/3/2025 12:00,Summer
3/3/2025 13:00,Summer
3/3/2025 14:00,Summer
3/3/2025 15:00,Summer
3/3/2025 16:00,Summer
3/3/2025 17:00,Summer
3/3/2025 18:00,Summer
3/3/2025 19:00,Summer
3/3/2025 20:00,Summer
3/3/2025 21:00,Summer
3/3/2025 22:00,Summer
3/3/2025 23:00,Summer
3/4/2025 0:00,Summer
3/4/2025 1:00,Summer
3/4/2025 2:00,Summer
3/4/2025 3:00,Summer
3/4/2025 4:00,Summer
3/4/2025 5:00,Summer
3/4/2025 6:00,Summer
3/4/2025 7:00,Summer
3/4/2025 8:00,Summer
3/4/2025 9:00,Summer
3/4/2025 10:00,Summer
3/4/2025 11:00,Summer
3/4/2025 12:00,Summer
3/4/2025 13:00,Summer
3/4/2025 14:00,Summer
3/4/2025 15:00,Summer
3/4/2025 16:00,Summer
3/4/2025 17:00,Summer
3/4/2025 18:00,Summer
3/4/2025 19:00,Summer
3/4/2025 20:00,Summer
3/4/2025 21:00,Summer
3/4/2025 22:00,Summer
3/4/2025 23:00,Summer
3/5/2025 0:00,Summer
3/5/2025 1:00,Summer
3/5/2025 2:00,Summer
3/5/2025 3:00,Summer
3/5/2025 4:00,Summer
3/5/2025 5:00,Summer
3/5/2025 6:00,Summer
3/5/2025 7:00,Summer
3/5/2025 8:00,Summer
3/5/2025 9:00,Summer
3/5/2025 10:00,Summer
3/5/2025 11:00,Summer
3/5/2025 12:00,Summer
3/5/2025 13:00,Summer
3/5/2025 14:00,Summer
3/5/2025 15:00,Summer
3/5/2025 16:00,Summer
3/5/2025 17:00,Summer
3/5/2025 18:00,Summer
3/5/2025 19:00,Summer
3/5/2025 20:00,Summer
3/5/2025 21:00,Summer
3/5/2025 22:00,Summer
3/5/2025 23:00,Summer
3/6/2025 0:00,Summer
3/6/2025 1:00,Summer
3/6/2025 2:00,Summer
3/6/2025 3:00,Summer
3/6/2025 4:00,Summer
3/6/2025 5:00,Summer
3/6/2025 6:00,Summer
3/6/2025 7:00,Summer
3/6/2025 8:00,Summer
3/6/2025 9:00,Summer
3/6/2025 10:00,Summer
3/6/2025 11:00,Summer
3/6/2025 12:00,Summer
3/6/2025 13:00,Summer
3/6/2025 14:00,Summer
3/6/2025 15:00,Summer
3/6/2025 16:00,Summer
3/6/2025 17:00,Summer
3/6/2025 18:00,Summer
3/6/2025 19:00,Summer
3/6/2025 20:00,Summer
3/6/2025 21:00,Summer
3/6/2025 22:00,Summer
3/6/2025 23:00,Summer
3/7/2025 0:00,Summer
3/7/2025 1:00,Summer
3/7/2025 2:00,Summer
3/7/2025 3:00,Summer
3/7/2025 4:00,Summer
3/7/2025 5:00,Summer
3/7/2025 6:00,Summer
3/7/2025 7:00,Summer
3/7/2025 8:00,Summer
3/7/2025 9:00,Summer
3/7/2025 10:00,Summer
3/7/2025 11:00,Summer
3/7/2025 12:00,Summer
3/7/2025 13:00,Summer
3/7/2025 14:00,Summer
3/7/2025 15:00,Summer
3/7/2025 16:00,Summer
3/7/2025 17:00,Summer
3/7/2025 18:00,Summer
3/7/2025 19:00,Summer
3/7/2025 20:00,Summer
3/7/2025 21:00,Summer
3/7/2025 22:00,Summer
3/7/2025 23:00,Summer
3/8/2025 0:00,Summer
3/8/2025 1:00,Summer
3/8/2025 2:00,Summer
3/8/2025 3:00,Summer
3/8/2025 4:00,Summer
3/8/2025 5:00,Summer
3/8/2025 6:00,Summer
3/8/2025 7:00,Summer
3/8/2025 8:00,Summer
3/8/2025 9:00,Summer
3/8/2025 10:00,Summer
3/8/2025 11:00,Summer
3/8/2025 12:00,Summer
3/8/2025 13:00,Summer
3/8/2025 14:00,Summer
3/8/2025 15:00,Summer
3/8/2025 16:00,Summer
3/8/2025 17:00,Summer
3/8/2025 18:00,Summer
3/8/2025 19:00,Summer
3/8/2025 20:00,Summer
3/8/2025 21:00,Summer
3/8/2025 22:00,Summer
3/8/2025 23:00,Summer
3/9/2025 0:00,Summer
3/9/2025 1:00,Summer
3/9/2025 2:00,Summer
3/9/2025 3:00,Summer
3/9/2025 4:00,Summer
3/9/2025 5:00,Summer
3/9/2025 6:00,Summer
3/9/2025 7:00,Summer
3/9/2025 8:00,Summer
3/9/2025 9:00,Summer
3/9/2025 10:00,Summer
3/9/2025 11:00,Summer
3/9/2025 12:00,Summer
3/9/2025 13:00,Summer
3/9/2025 14:00,Summer
3/9/2025 15:00,Summer
3/9/2025 16:00,Summer
3/9/2025 17:00,Summer
3/9/2025 18:00,Summer
3/9/2025 19:00,Summer
3/9/2025 20:00,Summer
3/9/2025 21:00,Summer
3/9/2025 22:00,Summer
3/9/2025 23:00,Summer
3/10/2025 0:00,Summer
3/10/2025 1:00,Summer
3/10/2025 2:00,Summer
3/10/2025 3:00,Summer
3/10/2025 4:00,Summer
3/10/2025 5:00,Summer
3/10/2025 6:00,Summer
3/10/2025 7:00,Summer
3/10/2025 8:00,Summer
3/10/2025 9:00,Summer
3/10/2025 10:00,Summer
3/10/2025 11:00,Summer
3/10/2025 12:00,Summer
3/10/2025 13:00,Summer
3/10/2025 14:00,Summer
3/10/2025 15:00,Summer
3/10/2025 16:00,Summer
3/10/2025 17:00,Summer
3/10/2025 18:00,Summer
3/10/2025 19:00,Summer
3/10/2025 20:00,Summer
3/10/2025 21:00,Summer
3/10/2025 22:00,Summer
3/10/2025 23:00,Summer
3/11/2025 0:00,Summer
3/11/2025 1:00,Summer
3/11/2025 2:00,Summer
3/11/2025 3:00,Summer
3/11/2025 4:00,Summer
3/11/2025 5:00,Summer
3/11/2025 6:00,Summer
3/11/2025 7:00,Summer
3/11/2025 8:00,Summer
3/11/2025 9:00,Summer
3/11/2025 10:00,Summer
3/11/2025 11:00,Summer
3/11/2025 12:00,Summer
3/11/2025 13:00,Summer
3/11/2025 14:00,Summer
3/11/2025 15:00,Summer
3/11/2025 16:00,Summer
3/11/2025 17:00,Summer
3/11/2025 18:00,Summer
3/11/2025 19:00,Summer
3/11/2025 20:00,Summer
3/11/2025 21:00,Summer
3/11/2025 22:00,Summer
3/11/2025 23:00,Summer
3/12/2025 0:00,Summer
3/12/2025 1:00,Summer
3/12/2025 2:00,Summer
3/12/2025 3:00,Summer
3/12/2025 4:00,Summer
3/12/2025 5:00,Summer
3/12/2025 6:00,Summer
3/12/2025 7:00,Summer
3/12/2025 8:00,Summer
3/12/2025 9:00,Summer
3/12/2025 10:00,Summer
3/12/2025 11:00,Summer
3/12/2025 12:00,Summer
3/12/2025 13:00,Summer
3/12/2025 14:00,Summer
3/12/2025 15:00,Summer
3/12/2025 16:00,Summer
3/12/2025 17:00,Summer
3/12/2025 18:00,Summer
3/12/2025 19:00,Summer
3/12/2025 20:00,Summer
3/12/2025 21:00,Summer
3/12/2025 22:00,Summer
3/12/2025 23:00,Summer
3/13/2025 0:00,Summer
3/13/2025 1:00,Summer
3/13/2025 2:00,Summer
3/13/2025 3:00,Summer
3/13/2025 4:00,Summer
3/13/2025 5:00,Summer
3/13/2025 6:00,Summer
3/13/2025 7:00,Summer
3/13/2025 8:00,Summer
3/13/2025 9:00,Summer
3/13/2025 10:00,Summer
3/13/2025 11:00,Summer
3/13/2025 12:00,Summer
3/13/2025 13:00,Summer
3/13/2025 14:00,Summer
3/13/2025 15:00,Summer
3/13/2025 16:00,Summer
3/13/2025 17:00,Summer
3/13/2025 18:00,Summer
3/13/2025 19:00,Summer
3/13/2025 20:00,Summer
3/13/2025 21:00,Summer
3/13/2025 22:00,Summer
3/13/2025 23:00,Summer
3/14/2025 0:00,Summer
3/14/2025 1:00,Summer
3/14/2025 2:00,Summer
3/14/2025 3:00,Summer
3/14/2025 4:00,Summer
3/14/2025 5:00,Summer
3/14/2025 6:00,Summer
3/14/2025 7:00,Summer
3/14/2025 8:00,Summer
3/14/2025 9:00,Summer
3/14/2025 10:00,Summer
3/14/2025 11:00,Summer
3/14/2025 12:00,Summer
3/14/2025 13:00,Summer
3/14/2025 14:00,Summer
3/14/2025 15:00,Summer
3/14/2025 16:00,Summer
3/14/2025 17:00,Summer
3/14/2025 18:00,Summer
3/14/2025 19:00,Summer
3/14/2025 20:00,Summer
3/14/2025 21:00,Summer
3/14/2025 22:00,Summer
3/14/2025 23:00,Summer
3/15/2025 0:00,Summer
3/15/2025 1:00,Summer
3/15/2025 2:00,Summer
3/15/2025 3:00,Summer
3/15/2025 4:00,Summer
3/15/2025 5:00,Summer
3/15/2025 6:00,Summer
3/15/2025 7:00,Summer
3/15/2025 8:00,Summer
3/15/2025 9:00,Summer
3/15/2025 10:00,Summer
3/15/2025 11:00,Summer
3/15/2025 12:00,Summer
3/15/2025 13:00,Summer
3/15/2025 14:00,Summer
3/15/2025 15:00,Summer
3/15/2025 16:00,Summer
3/15/2025 17:00,Summer
3/15/2025 18:00,Summer
3/15/2025 19:00,Summer
3/15/2025 20:00,Summer
3/15/2025 21:00,Summer
3/15/2025 22:00,Summer
3/15/2025 23:00,Summer
3/16/2025 0:00,Summer
3/16/2025 1:00,Summer
3/16/2025 2:00,Summer
3/16/2025 3:00,Summer
3/16/2025 4:00,Summer
3/16/2025 5:00,Summer
3/16/2025 6:00,Summer
3/16/2025 7:00,Summer
3/16/2025 8:00,Summer
3/16/2025 9:00,Summer
3/16/2025 10:00,Summer
3/16/2025 11:00,Summer
3/16/2025 12:00,Summer
3/16/2025 13:00,Summer
3/16/2025 14:00,Summer
3/16/2025 15:00,Summer
3/16/2025 16:00,Summer
3/16/2025 17:00,Summer
3/16/2025 18:00,Summer
3/16/2025 19:00,Summer
3/16/2025 20:00,Summer
3/16/2025 21:00,Summer
3/16/2025 22:00,Summer
3/16/2025 23:00,Summer
3/17/2025 0:00,Summer
3/17/2025 1:00,Summer
3/17/2025 2:00,Summer
3/17/2025 3:00,Summer
3/17/2025 4:00,Summer
3/17/2025 5:00,Summer
3/17/2025 6:00,Summer
3/17/2025 7:00,Summer
3/17/2025 8:00,Summer
3/17/2025 9:00,Summer
3/17/2025 10:00,Summer
3/17/2025 11:00,Summer
3/17/2025 12:00,Summer
3/17/2025 13:00,Summer
3/17/2025 14:00,Summer
3/17/2025 15:00,Summer
3/17/2025 16:00,Summer
3/17/2025 17:00,Summer
3/17/2025 18:00,Summer
3/17/2025 19:00,Summer
3/17/2025 20:00,Summer
3/17/2025 21:00,Summer
3/17/2025 22:00,Summer
3/17/2025 23:00,Summer
3/18/2025 0:00,Summer
3/18/2025 1:00,Summer
3/18/2025 2:00,Summer
3/18/2025 3:00,Summer
3/18/2025 4:00,Summer
3/18/2025 5:00,Summer
3/18/2025 6:00,Summer
3/18/2025 7:00,Summer
3/18/2025 8:00,Summer
3/18/2025 9:00,Summer
3/18/2025 10:00,Summer
3/18/2025 11:00,Summer
3/18/2025 12:00,Summer
3/18/2025 13:00,Summer
3/18/2025 14:00,Summer
3/18/2025 15:00,Summer
3/18/2025 16:00,Summer
3/18/2025 17:00,Summer
3/18/2025 18:00,Summer
3/18/2025 19:00,Summer
3/18/2025 20:00,Summer
3/18/2025 21:00,Summer
3/18/2025 22:00,Summer
3/18/2025 23:00,Summer
3/19/2025 0:00,Summer
3/19/2025 1:00,Summer
3/19/2025 2:00,Summer
3/19/2025 3:00,Summer
3/19/2025 4:00,Summer
3/19/2025 5:00,Summer
3/19/2025 6:00,Summer
3/19/2025 7:00,Summer
3/19/2025 8:00,Summer
3/19/2025 9:00,Summer
3/19/2025 10:00,Summer
3/19/2025 11:00,Summer
3/19/2025 12:00,Summer
3/19/2025 13:00,Summer
3/19/2025 14:00,Summer
3/19/2025 15:00,Summer
3/19/2025 16:00,Summer
3/19/2025 17:00,Summer
3/19/2025 18:00,Summer
3/19/2025 19:00,Summer
3/19/2025 20:00,Summer
3/19/2025 21:00,Summer
3/19/2025 22:00,Summer
3/19/2025 23:00,Summer
3/20/2025 0:00,Summer
3/20/2025 1:00,Summer
3/20/2025 2:00,Summer
3/20/2025 3:00,Summer
3/20/2025 4:00,Summer
3/20/2025 5:00,Summer
3/20/2025 6:00,Summer
3/20/2025 7:00,Summer
3/20/2025 8:00,Summer
3/20/2025 9:00,Summer
3/20/2025 10:00,Summer
3/20/2025 11:00,Summer
3/20/2025 12:00,Summer
3/20/2025 13:00,Summer
3/20/2025 14:00,Summer
3/20/2025 15:00,Summer
3/20/2025 16:00,Summer
3/20/2025 17:00,Summer
3/20/2025 18:00,Summer
3/20/2025 19:00,Summer
3/20/2025 20:00,Summer
3/20/2025 21:00,Summer
3/20/2025 22:00,Summer
3/20/2025 23:00,Summer
3/21/2025 0:00,Summer
3/21/2025 1:00,Summer
3/21/2025 2:00,Summer
3/21/2025 3:00,Summer
3/21/2025 4:00,Summer
3/21/2025 5:00,Summer
3/21/2025 6:00,Summer
3/21/2025 7:00,Summer
3/21/2025 8:00,Summer
3/21/2025 9:00,Summer
3/21/2025 10:00,Summer
3/21/2025 11:00,Summer
3/21/2025 12:00,Summer
3/21/2025 13:00,Summer
3/21/2025 14:00,Summer
3/21/2025 15:00,Summer
3/21/2025 16:00,Summer
3/21/2025 17:00,Summer
3/21/2025 18:00,Summer
3/21/2025 19:00,Summer
3/21/2025 20:00,Summer
3/21/2025 21:00,Summer
3/21/2025 22:00,Summer
3/21/2025 23:00,Summer
3/22/2025 0:00,Summer
3/22/2025 1:00,Summer
3/22/2025 2:00,Summer
3/22/2025 3:00,Summer
3/22/2025 4:00,Summer
3/22/2025 5:00,Summer
3/22/2025 6:00,Summer
3/22/2025 7:00,Summer
3/22/2025 8:00,Summer
3/22/2025 9:00,Summer
3/22/2025 10:00,Summer
3/22/2025 11:00,Summer
3/22/2025 12:00,Summer
3/22/2025 13:00,Summer
3/22/2025 14:00,Summer
3/22/2025 15:00,Summer
3/22/2025 16:00,Summer
3/22/2025 17:00,Summer
3/22/2025 18:00,Summer
3/22/2025 19:00,Summer
3/22/2025 20:00,Summer
3/22/2025 21:00,Summer
3/22/2025 22:00,Summer
3/22/2025 23:00,Summer
3/23/2025 0:00,Summer
3/23/2025 1:00,Summer
3/23/2025 2:00,Summer
3/23/2025 3:00,Summer
3/23/2025 4:00,Summer
3/23/2025 5:00,Summer
3/23/2025 6:00,Summer
3/23/2025 7:00,Summer
3/23/2025 8:00,Summer
3/23/2025 9:00,Summer
3/23/2025 10:00,Summer
3/23/2025 11:00,Summer
3/23/2025 12:00,Summer
3/23/2025 13:00,Summer
3/23/2025 14:00,Summer
3/23/2025 15:00,Summer
3/23/2025 16:00,Summer
3/23/2025 17:00,Summer
3/23/2025 18:00,Summer
3/23/2025 19:00,Summer
3/23/2025 20:00,Summer
3/23/2025 21:00,Summer
3/23/2025 22:00,Summer
3/23/2025 23:00,Summer
3/24/2025 0:00,Summer
3/24/2025 1:00,Summer
3/24/2025 2:00,Summer
3/24/2025 3:00,Summer
3/24/2025 4:00,Summer
3/24/2025 5:00,Summer
3/24/2025 6:00,Summer
3/24/2025 7:00,Summer
3/24/2025 8:00,Summer
3/24/2025 9:00,Summer
3/24/2025 10:00,Summer
3/24/2025 11:00,Summer
3/24/2025 12:00,Summer
3/24/2025 13:00,Summer
3/24/2025 14:00,Summer
3/24/2025 15:00,Summer
3/24/2025 16:00,Summer
3/24/2025 17:00,Summer
3/24/2025 18:00,Summer
3/24/2025 19:00,Summer
3/24/2025 20:00,Summer
3/24/2025 21:00,Summer
3/24/2025 22:00,Summer
3/24/2025 23:00,Summer
3/25/2025 0:00,Summer
3/25/2025 1:00,Summer
3/25/2025 2:00,Summer
3/25/2025 3:00,Summer
3/25/2025 4:00,Summer
3/25/2025 5:00,Summer
3/25/2025 6:00,Summer
3/25/2025 7:00,Summer
3/25/2025 8:00,Summer
3/25/2025 9:00,Summer
3/25/2025 10:00,Summer
3/25/2025 11:00,Summer
3/25/2025 12:00,Summer
3/25/2025 13:00,Summer
3/25/2025 14:00,Summer
3/25/2025 15:00,Summer
3/25/2025 16:00,Summer
3/25/2025 17:00,Summer
3/25/2025 18:00,Summer
3/25/2025 19:00,Summer
3/25/2025 20:00,Summer
3/25/2025 21:00,Summer
3/25/2025 22:00,Summer
3/25/2025 23:00,Summer
3/26/2025 0:00,Summer
3/26/2025 1:00,Summer
3/26/2025 2:00,Summer
3/26/2025 3:00,Summer
3/26/2025 4:00,Summer
3/26/2025 5:00,Summer
3/26/2025 6:00,Summer
3/26/2025 7:00,Summer
3/26/2025 8:00,Summer
3/26/2025 9:00,Summer
3/26/2025 10:00,Summer
3/26/2025 11:00,Summer
3/26/2025 12:00,Summer
3/26/2025 13:00,Summer
3/26/2025 14:00,Summer
3/26/2025 15:00,Summer
3/26/2025 16:00,Summer
3/26/2025 17:00,Summer
3/26/2025 18:00,Summer
3/26/2025 19:00,Summer
3/26/2025 20:00,Summer
3/26/2025 21:00,Summer
3/26/2025 22:00,Summer
3/26/2025 23:00,Summer
3/27/2025 0:00,Summer
3/27/2025 1:00,Summer
3/27/2025 2:00,Summer
3/27/2025 3:00,Summer
3/27/2025 4:00,Summer
3/27/2025 5:00,Summer
3/27/2025 6:00,Summer
3/27/2025 7:00,Summer
3/27/2025 8:00,Summer
3/27/2025 9:00,Summer
3/27/2025 10:00,Summer
3/27/2025 11:00,Summer
3/27/2025 12:00,Summer
3/27/2025 13:00,Summer
3/27/2025 14:00,Summer
3/27/2025 15:00,Summer
3/27/2025 16:00,Summer
3/27/2025 17:00,Summer
3/27/2025 18:00,Summer
3/27/2025 19:00,Summer
3/27/2025 20:00,Summer
3/27/2025 21:00,Summer
3/27/2025 22:00,Summer
3/27/2025 23:00,Summer
3/28/2025 0:00,Summer
3/28/2025 1:00,Summer
3/28/2025 2:00,Summer
3/28/2025 3:00,Summer
3/28/2025 4:00,Summer
3/28/2025 5:00,Summer
3/28/2025 6:00,Summer
3/28/2025 7:00,Summer
3/28/2025 8:00,Summer
3/28/2025 9:00,Summer
3/28/2025 10:00,Summer
3/28/2025 11:00,Summer
3/28/2025 12:00,Summer
3/28/2025 13:00,Summer
3/28/2025 14:00,Summer
3/28/2025 15:00,Summer
3/28/2025 16:00,Summer
3/28/2025 17:00,Summer
3/28/2025 18:00,Summer
3/28/2025 19:00,Summer
3/28/2025 20:00,Summer
3/28/2025 21:00,Summer
3/28/2025 22:00,Summer
3/28/2025 23:00,Summer
3/29/2025 0:00,Summer
3/29/2025 1:00,Summer
3/29/2025 2:00,Summer
3/29/2025 3:00,Summer
3/29/2025 4:00,Summer
3/29/2025 5:00,Summer
3/29/2025 6:00,Summer
3/29/2025 7:00,Summer
3/29/2025 8:00,Summer
3/29/2025 9:00,Summer
3/29/2025 10:00,Summer
3/29/2025 11:00,Summer
3/29/2025 12:00,Summer
3/29/2025 13:00,Summer
3/29/2025 14:00,Summer
3/29/2025 15:00,Summer
3/29/2025 16:00,Summer
3/29/2025 17:00,Summer
3/29/2025 18:00,Summer
3/29/2025 19:00,Summer
3/29/2025 20:00,Summer
3/29/2025 21:00,Summer
3/29/2025 22:00,Summer
3/29/2025 23:00,Summer
3/30/2025 0:00,Summer
3/30/2025 1:00,Summer
3/30/2025 2:00,Summer
3/30/2025 3:00,Summer
3/30/2025 4:00,Summer
3/30/2025 5:00,Summer
3/30/2025 6:00,Summer
3/30/2025 7:00,Summer
3/30/2025 8:00,Summer
3/30/2025 9:00,Summer
3/30/2025 10:00,Summer
3/30/2025 11:00,Summer
3/30/2025 12:00,Summer
3/30/2025 13:00,Summer
3/30/2025 14:00,Summer
3/30/2025 15:00,Summer
3/30/2025 16:00,Summer
3/30/2025 17:00,Summer
3/30/2025 18:00,Summer
3/30/2025 19:00,Summer
3/30/2025 20:00,Summer
3/30/2025 21:00,Summer
3/30/2025 22:00,Summer
3/30/2025 23:00,Summer
3/31/2025 0:00,Summer
3/31/2025 1:00,Summer
3/31/2025 2:00,Summer
3/31/2025 3:00,Summer
3/31/2025 4:00,Summer
3/31/2025 5:00,Summer
3/31/2025 6:00,Summer
3/31/2025 7:00,Summer
3/31/2025 8:00,Summer
3/31/2025 9:00,Summer
3/31/2025 10:00,Summer
3/31/2025 11:00,Summer
3/31/2025 12:00,Summer
3/31/2025 13:00,Summer
3/31/2025 14:00,Summer
3/31/2025 15:00,Summer
3/31/2025 16:00,Summer
3/31/2025 17:00,Summer
3/31/2025 18:00,Summer
3/31/2025 19:00,Summer
3/31/2025 20:00,Summer
3/31/2025 21:00,Summer
3/31/2025 22:00,Summer
3/31/2025 23:00,Summer
4/1/2025 0:00,Summer
4/1/2025 1:00,Summer
4/1/2025 2:00,Summer
4/1/2025 3:00,Summer
4/1/2025 4:00,Summer
4/1/2025 5:00,Summer
4/1/2025 6:00,Summer
4/1/2025 7:00,Summer
4/1/2025 8:00,Summer
4/1/2025 9:00,Summer
4/1/2025 10:00,Summer
4/1/2025 11:00,Summer
4/1/2025 12:00,Summer
4/1/2025 13:00,Summer
4/1/2025 14:00,Summer
4/1/2025 15:00,Summer
4/1/2025 16:00,Summer
4/1/2025 17:00,Summer
4/1/2025 18:00,Summer
4/1/2025 19:00,Summer
4/1/2025 20:00,Summer
4/1/2025 21:00,Summer
4/1/2025 22:00,Summer
4/1/2025 23:00,Summer
4/2/2025 0:00,Summer
4/2/2025 1:00,Summer
4/2/2025 2:00,Summer
4/2/2025 3:00,Summer
4/2/2025 4:00,Summer
4/2/2025 5:00,Summer
4/2/2025 6:00,Summer
4/2/2025 7:00,Summer
4/2/2025 8:00,Summer
4/2/2025 9:00,Summer
4/2/2025 10:00,Summer
4/2/2025 11:00,Summer
4/2/2025 12:00,Summer
4/2/2025 13:00,Summer
4/2/2025 14:00,Summer
4/2/2025 15:00,Summer
4/2/2025 16:00,Summer
4/2/2025 17:00,Summer
4/2/2025 18:00,Summer
4/2/2025 19:00,Summer
4/2/2025 20:00,Summer
4/2/2025 21:00,Summer
4/2/2025 22:00,Summer
4/2/2025 23:00,Summer
4/3/2025 0:00,Summer
4/3/2025 1:00,Summer
4/3/2025 2:00,Summer
4/3/2025 3:00,Summer
4/3/2025 4:00,Summer
4/3/2025 5:00,Summer
4/3/2025 6:00,Summer
4/3/2025 7:00,Summer
4/3/2025 8:00,Summer
4/3/2025 9:00,Summer
4/3/2025 10:00,Summer
4/3/2025 11:00,Summer
4/3/2025 12:00,Summer
4/3/2025 13:00,Summer
4/3/2025 14:00,Summer
4/3/2025 15:00,Summer
4/3/2025 16:00,Summer
4/3/2025 17:00,Summer
4/3/2025 18:00,Summer
4/3/2025 19:00,Summer
4/3/2025 20:00,Summer
4/3/2025 21:00,Summer
4/3/2025 22:00,Summer
4/3/2025 23:00,Summer
4/4/2025 0:00,Summer
4/4/2025 1:00,Summer
4/4/2025 2:00,Summer
4/4/2025 3:00,Summer
4/4/2025 4:00,Summer
4/4/2025 5:00,Summer
4/4/2025 6:00,Summer
4/4/2025 7:00,Summer
4/4/2025 8:00,Summer
4/4/2025 9:00,Summer
4/4/2025 10:00,Summer
4/4/2025 11:00,Summer
4/4/2025 12:00,Summer
4/4/2025 13:00,Summer
4/4/2025 14:00,Summer
4/4/2025 15:00,Summer
4/4/2025 16:00,Summer
4/4/2025 17:00,Summer
4/4/2025 18:00,Summer
4/4/2025 19:00,Summer
4/4/2025 20:00,Summer
4/4/2025 21:00,Summer
4/4/2025 22:00,Summer
4/4/2025 23:00,Summer
4/5/2025 0:00,Summer
4/5/2025 1:00,Summer
4/5/2025 2:00,Summer
4/5/2025 3:00,Summer
4/5/2025 4:00,Summer
4/5/2025 5:00,Summer
4/5/2025 6:00,Summer
4/5/2025 7:00,Summer
4/5/2025 8:00,Summer
4/5/2025 9:00,Summer
4/5/2025 10:00,Summer
4/5/2025 11:00,Summer
4/5/2025 12:00,Summer
4/5/2025 13:00,Summer
4/5/2025 14:00,Summer
4/5/2025 15:00,Summer
4/5/2025 16:00,Summer
4/5/2025 17:00,Summer
4/5/2025 18:00,Summer
4/5/2025 19:00,Summer
4/5/2025 20:00,Summer
4/5/2025 21:00,Summer
4/5/2025 22:00,Summer
4/5/2025 23:00,Summer
4/6/2025 0:00,Summer
4/6/2025 1:00,Summer
4/6/2025 2:00,Summer
4/6/2025 3:00,Summer
4/6/2025 4:00,Summer
4/6/2025 5:00,Summer
4/6/2025 6:00,Summer
4/6/2025 7:00,Summer
4/6/2025 8:00,Summer
4/6/2025 9:00,Summer
4/6/2025 10:00,Summer
4/6/2025 11:00,Summer
4/6/2025 12:00,Summer
4/6/2025 13:00,Summer
4/6/2025 14:00,Summer
4/6/2025 15:00,Summer
4/6/2025 16:00,Summer
4/6/2025 17:00,Summer
4/6/2025 18:00,Summer
4/6/2025 19:00,Summer
4/6/2025 20:00,Summer
4/6/2025 21:00,Summer
4/6/2025 22:00,Summer
4/6/2025 23:00,Summer
4/7/2025 0:00,Summer
4/7/2025 1:00,Summer
4/7/2025 2:00,Summer
4/7/2025 3:00,Summer
4/7/2025 4:00,Summer
4/7/2025 5:00,Summer
4/7/2025 6:00,Summer
4/7/2025 7:00,Summer
4/7/2025 8:00,Summer
4/7/2025 9:00,Summer
4/7/2025 10:00,Summer
4/7/2025 11:00,Summer
4/7/2025 12:00,Summer
4/7/2025 13:00,Summer
4/7/2025 14:00,Summer
4/7/2025 15:00,Summer
4/7/2025 16:00,Summer
4/7/2025 17:00,Summer
4/7/2025 18:00,Summer
4/7/2025 19:00,Summer
4/7/2025 20:00,Summer
4/7/2025 21:00,Summer
4/7/2025 22:00,Summer
4/7/2025 23:00,Summer
4/8/2025 0:00,Summer
4/8/2025 1:00,Summer
4/8/2025 2:00,Summer
4/8/2025 3:00,Summer
4/8/2025 4:00,Summer
4/8/2025 5:00,Summer
4/8/2025 6:00,Summer
4/8/2025 7:00,Summer
4/8/2025 8:00,Summer
4/8/2025 9:00,Summer
4/8/2025 10:00,Summer
4/8/2025 11:00,Summer
4/8/2025 12:00,Summer
4/8/2025 13:00,Summer
4/8/2025 14:00,Summer
4/8/2025 15:00,Summer
4/8/2025 16:00,Summer
4/8/2025 17:00,Summer
4/8/2025 18:00,Summer
4/8/2025 19:00,Summer
4/8/2025 20:00,Summer
4/8/2025 21:00,Summer
4/8/2025 22:00,Summer
4/8/2025 23:00,Summer
4/9/2025 0:00,Summer
4/9/2025 1:00,Summer
4/9/2025 2:00,Summer
4/9/2025 3:00,Summer
4/9/2025 4:00,Summer
4/9/2025 5:00,Summer
4/9/2025 6:00,Summer
4/9/2025 7:00,Summer
4/9/2025 8:00,Summer
4/9/2025 9:00,Summer
4/9/2025 10:00,Summer
4/9/2025 11:00,Summer
4/9/2025 12:00,Summer
4/9/2025 13:00,Summer
4/9/2025 14:00,Summer
4/9/2025 15:00,Summer
4/9/2025 16:00,Summer
4/9/2025 17:00,Summer
4/9/2025 18:00,Summer
4/9/2025 19:00,Summer
4/9/2025 20:00,Summer
4/9/2025 21:00,Summer
4/9/2025 22:00,Summer
4/9/2025 23:00,Summer
4/10/2025 0:00,Summer
4/10/2025 1:00,Summer
4/10/2025 2:00,Summer
4/10/2025 3:00,Summer
4/10/2025 4:00,Summer
4/10/2025 5:00,Summer
4/10/2025 6:00,Summer
4/10/2025 7:00,Summer
4/10/2025 8:00,Summer
4/10/2025 9:00,Summer
4/10/2025 10:00,Summer
4/10/2025 11:00,Summer
4/10/2025 12:00,Summer
4/10/2025 13:00,Summer
4/10/2025 14:00,Summer
4/10/2025 15:00,Summer
4/10/2025 16:00,Summer
4/10/2025 17:00,Summer
4/10/2025 18:00,Summer
4/10/2025 19:00,Summer
4/10/2025 20:00,Summer
4/10/2025 21:00,Summer
4/10/2025 22:00,Summer
4/10/2025 23:00,Summer
4/11/2025 0:00,Summer
4/11/2025 1:00,Summer
4/11/2025 2:00,Summer
4/11/2025 3:00,Summer
4/11/2025 4:00,Summer
4/11/2025 5:00,Summer
4/11/2025 6:00,Summer
4/11/2025 7:00,Summer
4/11/2025 8:00,Summer
4/11/2025 9:00,Summer
4/11/2025 10:00,Summer
4/11/2025 11:00,Summer
4/11/2025 12:00,Summer
4/11/2025 13:00,Summer
4/11/2025 14:00,Summer
4/11/2025 15:00,Summer
4/11/2025 16:00,Summer
4/11/2025 17:00,Summer
4/11/2025 18:00,Summer
4/11/2025 19:00,Summer
4/11/2025 20:00,Summer
4/11/2025 21:00,Summer
4/11/2025 22:00,Summer
4/11/2025 23:00,Summer
4/12/2025 0:00,Summer
4/12/2025 1:00,Summer
4/12/2025 2:00,Summer
4/12/2025 3:00,Summer
4/12/2025 4:00,Summer
4/12/2025 5:00,Summer
4/12/2025 6:00,Summer
4/12/2025 7:00,Summer
4/12/2025 8:00,Summer
4/12/2025 9:00,Summer
4/12/2025 10:00,Summer
4/12/2025 11:00,Summer
4/12/2025 12:00,Summer
4/12/2025 13:00,Summer
4/12/2025 14:00,Summer
4/12/2025 15:00,Summer
4/12/2025 16:00,Summer
4/12/2025 17:00,Summer
4/12/2025 18:00,Summer
4/12/2025 19:00,Summer
4/12/2025 20:00,Summer
4/12/2025 21:00,Summer
4/12/2025 22:00,Summer
4/12/2025 23:00,Summer
4/13/2025 0:00,Summer
4/13/2025 1:00,Summer
4/13/2025 2:00,Summer
4/13/2025 3:00,Summer
4/13/2025 4:00,Summer
4/13/2025 5:00,Summer
4/13/2025 6:00,Summer
4/13/2025 7:00,Summer
4/13/2025 8:00,Summer
4/13/2025 9:00,Summer
4/13/2025 10:00,Summer
4/13/2025 11:00,Summer
4/13/2025 12:00,Summer
4/13/2025 13:00,Summer
4/13/2025 14:00,Summer
4/13/2025 15:00,Summer
4/13/2025 16:00,Summer
4/13/2025 17:00,Summer
4/13/2025 18:00,Summer
4/13/2025 19:00,Summer
4/13/2025 20:00,Summer
4/13/2025 21:00,Summer
4/13/2025 22:00,Summer
4/13/2025 23:00,Summer
4/14/2025 0:00,Summer
4/14/2025 1:00,Summer
4/14/2025 2:00,Summer
4/14/2025 3:00,Summer
4/14/2025 4:00,Summer
4/14/2025 5:00,Summer
4/14/2025 6:00,Summer
4/14/2025 7:00,Summer
4/14/2025 8:00,Summer
4/14/2025 9:00,Summer
4/14/2025 10:00,Summer
4/14/2025 11:00,Summer
4/14/2025 12:00,Summer
4/14/2025 13:00,Summer
4/14/2025 14:00,Summer
4/14/2025 15:00,Summer
4/14/2025 16:00,Summer
4/14/2025 17:00,Summer
4/14/2025 18:00,Summer
4/14/2025 19:00,Summer
4/14/2025 20:00,Summer
4/14/2025 21:00,Summer
4/14/2025 22:00,Summer
4/14/2025 23:00,Summer
4/15/2025 0:00,Summer
4/15/2025 1:00,Summer
4/15/2025 2:00,Summer
4/15/2025 3:00,Summer
4/15/2025 4:00,Summer
4/15/2025 5:00,Summer
4/15/2025 6:00,Summer
4/15/2025 7:00,Summer
4/15/2025 8:00,Summer
4/15/2025 9:00,Summer
4/15/2025 10:00,Summer
4/15/2025 11:00,Summer
4/15/2025 12:00,Summer
4/15/2025 13:00,Summer
4/15/2025 14:00,Summer
4/15/2025 15:00,Summer
4/15/2025 16:00,Summer
4/15/2025 17:00,Summer
4/15/2025 18:00,Summer
4/15/2025 19:00,Summer
4/15/2025 20:00,Summer
4/15/2025 21:00,Summer
4/15/2025 22:00,Summer
4/15/2025 23:00,Summer
4/16/2025 0:00,Summer
4/16/2025 1:00,Summer
4/16/2025 2:00,Summer
4/16/2025 3:00,Summer
4/16/2025 4:00,Summer
4/16/2025 5:00,Summer
4/16/2025 6:00,Summer
4/16/2025 7:00,Summer
4/16/2025 8:00,Summer
4/16/2025 9:00,Summer
4/16/2025 10:00,Summer
4/16/2025 11:00,Summer
4/16/2025 12:00,Summer
4/16/2025 13:00,Summer
4/16/2025 14:00,Summer
4/16/2025 15:00,Summer
4/16/2025 16:00,Summer
4/16/2025 17:00,Summer
4/16/2025 18:00,Summer
4/16/2025 19:00,Summer
4/16/2025 20:00,Summer
4/16/2025 21:00,Summer
4/16/2025 22:00,Summer
4/16/2025 23:00,Summer
4/17/2025 0:00,Summer
4/17/2025 1:00,Summer
4/17/2025 2:00,Summer
4/17/2025 3:00,Summer
4/17/2025 4:00,Summer
4/17/2025 5:00,Summer
4/17/2025 6:00,Summer
4/17/2025 7:00,Summer
4/17/2025 8:00,Summer
4/17/2025 9:00,Summer
4/17/2025 10:00,Summer
4/17/2025 11:00,Summer
4/17/2025 12:00,Summer
4/17/2025 13:00,Summer
4/17/2025 14:00,Summer
4/17/2025 15:00,Summer
4/17/2025 16:00,Summer
4/17/2025 17:00,Summer
4/17/2025 18:00,Summer
4/17/2025 19:00,Summer
4/17/2025 20:00,Summer
4/17/2025 21:00,Summer
4/17/2025 22:00,Summer
4/17/2025 23:00,Summer
4/18/2025 0:00,Summer
4/18/2025 1:00,Summer
4/18/2025 2:00,Summer
4/18/2025 3:00,Summer
4/18/2025 4:00,Summer
4/18/2025 5:00,Summer
4/18/2025 6:00,Summer
4/18/2025 7:00,Summer
4/18/2025 8:00,Summer
4/18/2025 9:00,Summer
4/18/2025 10:00,Summer
4/18/2025 11:00,Summer
4/18/2025 12:00,Summer
4/18/2025 13:00,Summer
4/18/2025 14:00,Summer
4/18/2025 15:00,Summer
4/18/2025 16:00,Summer
4/18/2025 17:00,Summer
4/18/2025 18:00,Summer
4/18/2025 19:00,Summer
4/18/2025 20:00,Summer
4/18/2025 21:00,Summer
4/18/2025 22:00,Summer
4/18/2025 23:00,Summer
4/19/2025 0:00,Summer
4/19/2025 1:00,Summer
4/19/2025 2:00,Summer
4/19/2025 3:00,Summer
4/19/2025 4:00,Summer
4/19/2025 5:00,Summer
4/19/2025 6:00,Summer
4/19/2025 7:00,Summer
4/19/2025 8:00,Summer
4/19/2025 9:00,Summer
4/19/2025 10:00,Summer
4/19/2025 11:00,Summer
4/19/2025 12:00,Summer
4/19/2025 13:00,Summer
4/19/2025 14:00,Summer
4/19/2025 15:00,Summer
4/19/2025 16:00,Summer
4/19/2025 17:00,Summer
4/19/2025 18:00,Summer
4/19/2025 19:00,Summer
4/19/2025 20:00,Summer
4/19/2025 21:00,Summer
4/19/2025 22:00,Summer
4/19/2025 23:00,Summer
4/20/2025 0:00,Summer
4/20/2025 1:00,Summer
4/20/2025 2:00,Summer
4/20/2025 3:00,Summer
4/20/2025 4:00,Summer
4/20/2025 5:00,Summer
4/20/2025 6:00,Summer
4/20/2025 7:00,Summer
4/20/2025 8:00,Summer
4/20/2025 9:00,Summer
4/20/2025 10:00,Summer
4/20/2025 11:00,Summer
4/20/2025 12:00,Summer
4/20/2025 13:00,Summer
4/20/2025 14:00,Summer
4/20/2025 15:00,Summer
4/20/2025 16:00,Summer
4/20/2025 17:00,Summer
4/20/2025 18:00,Summer
4/20/2025 19:00,Summer
4/20/2025 20:00,Summer
4/20/2025 21:00,Summer
4/20/2025 22:00,Summer
4/20/2025 23:00,Summer
4/21/2025 0:00,Summer
4/21/2025 1:00,Summer
4/21/2025 2:00,Summer
4/21/2025 3:00,Summer
4/21/2025 4:00,Summer
4/21/2025 5:00,Summer
4/21/2025 6:00,Summer
4/21/2025 7:00,Summer
4/21/2025 8:00,Summer
4/21/2025 9:00,Summer
4/21/2025 10:00,Summer
4/21/2025 11:00,Summer
4/21/2025 12:00,Summer
4/21/2025 13:00,Summer
4/21/2025 14:00,Summer
4/21/2025 15:00,Summer
4/21/2025 16:00,Summer
4/21/2025 17:00,Summer
4/21/2025 18:00,Summer
4/21/2025 19:00,Summer
4/21/2025 20:00,Summer
4/21/2025 21:00,Summer
4/21/2025 22:00,Summer
4/21/2025 23:00,Summer
4/22/2025 0:00,Summer
4/22/2025 1:00,Summer
4/22/2025 2:00,Summer
4/22/2025 3:00,Summer
4/22/2025 4:00,Summer
4/22/2025 5:00,Summer
4/22/2025 6:00,Summer
4/22/2025 7:00,Summer
4/22/2025 8:00,Summer
4/22/2025 9:00,Summer
4/22/2025 10:00,Summer
4/22/2025 11:00,Summer
4/22/2025 12:00,Summer
4/22/2025 13:00,Summer
4/22/2025 14:00,Summer
4/22/2025 15:00,Summer
4/22/2025 16:00,Summer
4/22/2025 17:00,Summer
4/22/2025 18:00,Summer
4/22/2025 19:00,Summer
4/22/2025 20:00,Summer
4/22/2025 21:00,Summer
4/22/2025 22:00,Summer
4/22/2025 23:00,Summer
4/23/2025 0:00,Summer
4/23/2025 1:00,Summer
4/23/2025 2:00,Summer
4/23/2025 3:00,Summer
4/23/2025 4:00,Summer
4/23/2025 5:00,Summer
4/23/2025 6:00,Summer
4/23/2025 7:00,Summer
4/23/2025 8:00,Summer
4/23/2025 9:00,Summer
4/23/2025 10:00,Summer
4/23/2025 11:00,Summer
4/23/2025 12:00,Summer
4/23/2025 13:00,Summer
4/23/2025 14:00,Summer
4/23/2025 15:00,Summer
4/23/2025 16:00,Summer
4/23/2025 17:00,Summer
4/23/2025 18:00,Summer
4/23/2025 19:00,Summer
4/23/2025 20:00,Summer
4/23/2025 21:00,Summer
4/23/2025 22:00,Summer
4/23/2025 23:00,Summer
4/24/2025 0:00,Summer
4/24/2025 1:00,Summer
4/24/2025 2:00,Summer
4/24/2025 3:00,Summer
4/24/2025 4:00,Summer
4/24/2025 5:00,Summer
4/24/2025 6:00,Summer
4/24/2025 7:00,Summer
4/24/2025 8:00,Summer
4/24/2025 9:00,Summer
4/24/2025 10:00,Summer
4/24/2025 11:00,Summer
4/24/2025 12:00,Summer
4/24/2025 13:00,Summer
4/24/2025 14:00,Summer
4/24/2025 15:00,Summer
4/24/2025 16:00,Summer
4/24/2025 17:00,Summer
4/24/2025 18:00,Summer
4/24/2025 19:00,Summer
4/24/2025 20:00,Summer
4/24/2025 21:00,Summer
4/24/2025 22:00,Summer
4/24/2025 23:00,Summer
4/25/2025 0:00,Summer
4/25/2025 1:00,Summer
4/25/2025 2:00,Summer
4/25/2025 3:00,Summer
4/25/2025 4:00,Summer
4/25/2025 5:00,Summer
4/25/2025 6:00,Summer
4/25/2025 7:00,Summer
4/25/2025 8:00,Summer
4/25/2025 9:00,Summer
4/25/2025 10:00,Summer
4/25/2025 11:00,Summer
4/25/2025 12:00,Summer
4/25/2025 13:00,Summer
4/25/2025 14:00,Summer
4/25/2025 15:00,Summer
4/25/2025 16:00,Summer
4/25/2025 17:00,Summer
4/25/2025 18:00,Summer
4/25/2025 19:00,Summer
4/25/2025 20:00,Summer
4/25/2025 21:00,Summer
4/25/2025 22:00,Summer
4/25/2025 23:00,Summer
4/26/2025 0:00,Summer
4/26/2025 1:00,Summer
4/26/2025 2:00,Summer
4/26/2025 3:00,Summer
4/26/2025 4:00,Summer
4/26/2025 5:00,Summer
4/26/2025 6:00,Summer
4/26/2025 7:00,Summer
4/26/2025 8:00,Summer
4/26/2025 9:00,Summer
4/26/2025 10:00,Summer
4/26/2025 11:00,Summer
4/26/2025 12:00,Summer
4/26/2025 13:00,Summer
4/26/2025 14:00,Summer
4/26/2025 15:00,Summer
4/26/2025 16:00,Summer
4/26/2025 17:00,Summer
4/26/2025 18:00,Summer
4/26/2025 19:00,Summer
4/26/2025 20:00,Summer
4/26/2025 21:00,Summer
4/26/2025 22:00,Summer
4/26/2025 23:00,Summer
4/27/2025 0:00,Summer
4/27/2025 1:00,Summer
4/27/2025 2:00,Summer
4/27/2025 3:00,Summer
4/27/2025 4:00,Summer
4/27/2025 5:00,Summer
4/27/2025 6:00,Summer
4/27/2025 7:00,Summer
4/27/2025 8:00,Summer
4/27/2025 9:00,Summer
4/27/2025 10:00,Summer
4/27/2025 11:00,Summer
4/27/2025 12:00,Summer
4/27/2025 13:00,Summer
4/27/2025 14:00,Summer
4/27/2025 15:00,Summer
4/27/2025 16:00,Summer
4/27/2025 17:00,Summer
4/27/2025 18:00,Summer
4/27/2025 19:00,Summer
4/27/2025 20:00,Summer
4/27/2025 21:00,Summer
4/27/2025 22:00,Summer
4/27/2025 23:00,Summer
4/28/2025 0:00,Summer
4/28/2025 1:00,Summer
4/28/2025 2:00,Summer
4/28/2025 3:00,Summer
4/28/2025 4:00,Summer
4/28/2025 5:00,Summer
4/28/2025 6:00,Summer
4/28/2025 7:00,Summer
4/28/2025 8:00,Summer
4/28/2025 9:00,Summer
4/28/2025 10:00,Summer
4/28/2025 11:00,Summer
4/28/2025 12:00,Summer
4/28/2025 13:00,Summer
4/28/2025 14:00,Summer
4/28/2025 15:00,Summer
4/28/2025 16:00,Summer
4/28/2025 17:00,Summer
4/28/2025 18:00,Summer
4/28/2025 19:00,Summer
4/28/2025 20:00,Summer
4/28/2025 21:00,Summer
4/28/2025 22:00,Summer
4/28/2025 23:00,Summer
4/29/2025 0:00,Summer
4/29/2025 1:00,Summer
4/29/2025 2:00,Summer
4/29/2025 3:00,Summer
4/29/2025 4:00,Summer
4/29/2025 5:00,Summer
4/29/2025 6:00,Summer
4/29/2025 7:00,Summer
4/29/2025 8:00,Summer
4/29/2025 9:00,Summer
4/29/2025 10:00,Summer
4/29/2025 11:00,Summer
4/29/2025 12:00,Summer
4/29/2025 13:00,Summer
4/29/2025 14:00,Summer
4/29/2025 15:00,Summer
4/29/2025 16:00,Summer
4/29/2025 17:00,Summer
4/29/2025 18:00,Summer
4/29/2025 19:00,Summer
4/29/2025 20:00,Summer
4/29/2025 21:00,Summer
4/29/2025 22:00,Summer
4/29/2025 23:00,Summer
4/30/2025 0:00,Summer
4/30/2025 1:00,Summer
4/30/2025 2:00,Summer
4/30/2025 3:00,Summer
4/30/2025 4:00,Summer
4/30/2025 5:00,Summer
4/30/2025 6:00,Summer
4/30/2025 7:00,Summer
4/30/2025 8:00,Summer
4/30/2025 9:00,Summer
4/30/2025 10:00,Summer
4/30/2025 11:00,Summer
4/30/2025 12:00,Summer
4/30/2025 13:00,Summer
4/30/2025 14:00,Summer
4/30/2025 15:00,Summer
4/30/2025 16:00,Summer
4/30/2025 17:00,Summer
4/30/2025 18:00,Summer
4/30/2025 19:00,Summer
4/30/2025 20:00,Summer
4/30/2025 21:00,Summer
4/30/2025 22:00,Summer
4/30/2025 23:00,Summer
5/1/2025 0:00,Summer
5/1/2025 1:00,Summer
5/1/2025 2:00,Summer
5/1/2025 3:00,Summer
5/1/2025 4:00,Summer
5/1/2025 5:00,Summer
5/1/2025 6:00,Summer
5/1/2025 7:00,Summer
5/1/2025 8:00,Summer
5/1/2025 9:00,Summer
5/1/2025 10:00,Summer
5/1/2025 11:00,Summer
5/1/2025 12:00,Summer
5/1/2025 13:00,Summer
5/1/2025 14:00,Summer
5/1/2025 15:00,Summer
5/1/2025 16:00,Summer
5/1/2025 17:00,Summer
5/1/2025 18:00,Summer
5/1/2025 19:00,Summer
5/1/2025 20:00,Summer
5/1/2025 21:00,Summer
5/1/2025 22:00,Summer
5/1/2025 23:00,Summer
5/2/2025 0:00,Summer
5/2/2025 1:00,Summer
5/2/2025 2:00,Summer
5/2/2025 3:00,Summer
5/2/2025 4:00,Summer
5/2/2025 5:00,Summer
5/2/2025 6:00,Summer
5/2/2025 7:00,Summer
5/2/2025 8:00,Summer
5/2/2025 9:00,Summer
5/2/2025 10:00,Summer
5/2/2025 11:00,Summer
5/2/2025 12:00,Summer
5/2/2025 13:00,Summer
5/2/2025 14:00,Summer
5/2/2025 15:00,Summer
5/2/2025 16:00,Summer
5/2/2025 17:00,Summer
5/2/2025 18:00,Summer
5/2/2025 19:00,Summer
5/2/2025 20:00,Summer
5/2/2025 21:00,Summer
5/2/2025 22:00,Summer
5/2/2025 23:00,Summer
5/3/2025 0:00,Summer
5/3/2025 1:00,Summer
5/3/2025 2:00,Summer
5/3/2025 3:00,Summer
5/3/2025 4:00,Summer
5/3/2025 5:00,Summer
5/3/2025 6:00,Summer
5/3/2025 7:00,Summer
5/3/2025 8:00,Summer
5/3/2025 9:00,Summer
5/3/2025 10:00,Summer
5/3/2025 11:00,Summer
5/3/2025 12:00,Summer
5/3/2025 13:00,Summer
5/3/2025 14:00,Summer
5/3/2025 15:00,Summer
5/3/2025 16:00,Summer
5/3/2025 17:00,Summer
5/3/2025 18:00,Summer
5/3/2025 19:00,Summer
5/3/2025 20:00,Summer
5/3/2025 21:00,Summer
5/3/2025 22:00,Summer
5/3/2025 23:00,Summer
5/4/2025 0:00,Summer
5/4/2025 1:00,Summer
5/4/2025 2:00,Summer
5/4/2025 3:00,Summer
5/4/2025 4:00,Summer
5/4/2025 5:00,Summer
5/4/2025 6:00,Summer
5/4/2025 7:00,Summer
5/4/2025 8:00,Summer
5/4/2025 9:00,Summer
5/4/2025 10:00,Summer
5/4/2025 11:00,Summer
5/4/2025 12:00,Summer
5/4/2025 13:00,Summer
5/4/2025 14:00,Summer
5/4/2025 15:00,Summer
5/4/2025 16:00,Summer
5/4/2025 17:00,Summer
5/4/2025 18:00,Summer
5/4/2025 19:00,Summer
5/4/2025 20:00,Summer
5/4/2025 21:00,Summer
5/4/2025 22:00,Summer
5/4/2025 23:00,Summer
5/5/2025 0:00,Summer
5/5/2025 1:00,Summer
5/5/2025 2:00,Summer
5/5/2025 3:00,Summer
5/5/2025 4:00,Summer
5/5/2025 5:00,Summer
5/5/2025 6:00,Summer
5/5/2025 7:00,Summer
5/5/2025 8:00,Summer
5/5/2025 9:00,Summer
5/5/2025 10:00,Summer
5/5/2025 11:00,Summer
5/5/2025 12:00,Summer
5/5/2025 13:00,Summer
5/5/2025 14:00,Summer
5/5/2025 15:00,Summer
5/5/2025 16:00,Summer
5/5/2025 17:00,Summer
5/5/2025 18:00,Summer
5/5/2025 19:00,Summer
5/5/2025 20:00,Summer
5/5/2025 21:00,Summer
5/5/2025 22:00,Summer
5/5/2025 23:00,Summer
5/6/2025 0:00,Summer
5/6/2025 1:00,Summer
5/6/2025 2:00,Summer
5/6/2025 3:00,Summer
5/6/2025 4:00,Summer
5/6/2025 5:00,Summer
5/6/2025 6:00,Summer
5/6/2025 7:00,Summer
5/6/2025 8:00,Summer
5/6/2025 9:00,Summer
5/6/2025 10:00,Summer
5/6/2025 11:00,Summer
5/6/2025 12:00,Summer
5/6/2025 13:00,Summer
5/6/2025 14:00,Summer
5/6/2025 15:00,Summer
5/6/2025 16:00,Summer
5/6/2025 17:00,Summer
5/6/2025 18:00,Summer
5/6/2025 19:00,Summer
5/6/2025 20:00,Summer
5/6/2025 21:00,Summer
5/6/2025 22:00,Summer
5/6/2025 23:00,Summer
5/7/2025 0:00,Summer
5/7/2025 1:00,Summer
5/7/2025 2:00,Summer
5/7/2025 3:00,Summer
5/7/2025 4:00,Summer
5/7/2025 5:00,Summer
5/7/2025 6:00,Summer
5/7/2025 7:00,Summer
5/7/2025 8:00,Summer
5/7/2025 9:00,Summer
5/7/2025 10:00,Summer
5/7/2025 11:00,Summer
5/7/2025 12:00,Summer
5/7/2025 13:00,Summer
5/7/2025 14:00,Summer
5/7/2025 15:00,Summer
5/7/2025 16:00,Summer
5/7/2025 17:00,Summer
5/7/2025 18:00,Summer
5/7/2025 19:00,Summer
5/7/2025 20:00,Summer
5/7/2025 21:00,Summer
5/7/2025 22:00,Summer
5/7/2025 23:00,Summer
5/8/2025 0:00,Summer
5/8/2025 1:00,Summer
5/8/2025 2:00,Summer
5/8/2025 3:00,Summer
5/8/2025 4:00,Summer
5/8/2025 5:00,Summer
5/8/2025 6:00,Summer
5/8/2025 7:00,Summer
5/8/2025 8:00,Summer
5/8/2025 9:00,Summer
5/8/2025 10:00,Summer
5/8/2025 11:00,Summer
5/8/2025 12:00,Summer
5/8/2025 13:00,Summer
5/8/2025 14:00,Summer
5/8/2025 15:00,Summer
5/8/2025 16:00,Summer
5/8/2025 17:00,Summer
5/8/2025 18:00,Summer
5/8/2025 19:00,Summer
5/8/2025 20:00,Summer
5/8/2025 21:00,Summer
5/8/2025 22:00,Summer
5/8/2025 23:00,Summer
5/9/2025 0:00,Summer
5/9/2025 1:00,Summer
5/9/2025 2:00,Summer
5/9/2025 3:00,Summer
5/9/2025 4:00,Summer
5/9/2025 5:00,Summer
5/9/2025 6:00,Summer
5/9/2025 7:00,Summer
5/9/2025 8:00,Summer
5/9/2025 9:00,Summer
5/9/2025 10:00,Summer
5/9/2025 11:00,Summer
5/9/2025 12:00,Summer
5/9/2025 13:00,Summer
5/9/2025 14:00,Summer
5/9/2025 15:00,Summer
5/9/2025 16:00,Summer
5/9/2025 17:00,Summer
5/9/2025 18:00,Summer
5/9/2025 19:00,Summer
5/9/2025 20:00,Summer
5/9/2025 21:00,Summer
5/9/2025 22:00,Summer
5/9/2025 23:00,Summer
5/10/2025 0:00,Summer
5/10/2025 1:00,Summer
5/10/2025 2:00,Summer
5/10/2025 3:00,Summer
5/10/2025 4:00,Summer
5/10/2025 5:00,Summer
5/10/2025 6:00,Summer
5/10/2025 7:00,Summer
5/10/2025 8:00,Summer
5/10/2025 9:00,Summer
5/10/2025 10:00,Summer
5/10/2025 11:00,Summer
5/10/2025 12:00,Summer
5/10/2025 13:00,Summer
5/10/2025 14:00,Summer
5/10/2025 15:00,Summer
5/10/2025 16:00,Summer
5/10/2025 17:00,Summer
5/10/2025 18:00,Summer
5/10/2025 19:00,Summer
5/10/2025 20:00,Summer
5/10/2025 21:00,Summer
5/10/2025 22:00,Summer
5/10/2025 23:00,Summer
5/11/2025 0:00,Summer
5/11/2025 1:00,Summer
5/11/2025 2:00,Summer
5/11/2025 3:00,Summer
5/11/2025 4:00,Summer
5/11/2025 5:00,Summer
5/11/2025 6:00,Summer
5/11/2025 7:00,Summer
5/11/2025 8:00,Summer
5/11/2025 9:00,Summer
5/11/2025 10:00,Summer
5/11/2025 11:00,Summer
5/11/2025 12:00,Summer
5/11/2025 13:00,Summer
5/11/2025 14:00,Summer
5/11/2025 15:00,Summer
5/11/2025 16:00,Summer
5/11/2025 17:00,Summer
5/11/2025 18:00,Summer
5/11/2025 19:00,Summer
5/11/2025 20:00,Summer
5/11/2025 21:00,Summer
5/11/2025 22:00,Summer
5/11/2025 23:00,Summer
5/12/2025 0:00,Summer
5/12/2025 1:00,Summer
5/12/2025 2:00,Summer
5/12/2025 3:00,Summer
5/12/2025 4:00,Summer
5/12/2025 5:00,Summer
5/12/2025 6:00,Summer
5/12/2025 7:00,Summer
5/12/2025 8:00,Summer
5/12/2025 9:00,Summer
5/12/2025 10:00,Summer
5/12/2025 11:00,Summer
5/12/2025 12:00,Summer
5/12/2025 13:00,Summer
5/12/2025 14:00,Summer
5/12/2025 15:00,Summer
5/12/2025 16:00,Summer
5/12/2025 17:00,Summer
5/12/2025 18:00,Summer
5/12/2025 19:00,Summer
5/12/2025 20:00,Summer
5/12/2025 21:00,Summer
5/12/2025 22:00,Summer
5/12/2025 23:00,Summer
5/13/2025 0:00,Summer
5/13/2025 1:00,Summer
5/13/2025 2:00,Summer
5/13/2025 3:00,Summer
5/13/2025 4:00,Summer
5/13/2025 5:00,Summer
5/13/2025 6:00,Summer
5/13/2025 7:00,Summer
5/13/2025 8:00,Summer
5/13/2025 9:00,Summer
5/13/2025 10:00,Summer
5/13/2025 11:00,Summer
5/13/2025 12:00,Summer
5/13/2025 13:00,Summer
5/13/2025 14:00,Summer
5/13/2025 15:00,Summer
5/13/2025 16:00,Summer
5/13/2025 17:00,Summer
5/13/2025 18:00,Summer
5/13/2025 19:00,Summer
5/13/2025 20:00,Summer
5/13/2025 21:00,Summer
5/13/2025 22:00,Summer
5/13/2025 23:00,Summer
5/14/2025 0:00,Summer
5/14/2025 1:00,Summer
5/14/2025 2:00,Summer
5/14/2025 3:00,Summer
5/14/2025 4:00,Summer
5/14/2025 5:00,Summer
5/14/2025 6:00,Summer
5/14/2025 7:00,Summer
5/14/2025 8:00,Summer
5/14/2025 9:00,Summer
5/14/2025 10:00,Summer
5/14/2025 11:00,Summer
5/14/2025 12:00,Summer
5/14/2025 13:00,Summer
5/14/2025 14:00,Summer
5/14/2025 15:00,Summer
5/14/2025 16:00,Summer
5/14/2025 17:00,Summer
5/14/2025 18:00,Summer
5/14/2025 19:00,Summer
5/14/2025 20:00,Summer
5/14/2025 21:00,Summer
5/14/2025 22:00,Summer
5/14/2025 23:00,Summer
5/15/2025 0:00,Summer
5/15/2025 1:00,Summer
5/15/2025 2:00,Summer
5/15/2025 3:00,Summer
5/15/2025 4:00,Summer
5/15/2025 5:00,Summer
5/15/2025 6:00,Summer
5/15/2025 7:00,Summer
5/15/2025 8:00,Summer
5/15/2025 9:00,Summer
5/15/2025 10:00,Summer
5/15/2025 11:00,Summer
5/15/2025 12:00,Summer
5/15/2025 13:00,Summer
5/15/2025 14:00,Summer
5/15/2025 15:00,Summer
5/15/2025 16:00,Summer
5/15/2025 17:00,Summer
5/15/2025 18:00,Summer
5/15/2025 19:00,Summer
5/15/2025 20:00,Summer
5/15/2025 21:00,Summer
5/15/2025 22:00,Summer
5/15/2025 23:00,Summer
5/16/2025 0:00,Summer
5/16/2025 1:00,Summer
5/16/2025 2:00,Summer
5/16/2025 3:00,Summer
5/16/2025 4:00,Summer
5/16/2025 5:00,Summer
5/16/2025 6:00,Summer
5/16/2025 7:00,Summer
5/16/2025 8:00,Summer
5/16/2025 9:00,Summer
5/16/2025 10:00,Summer
5/16/2025 11:00,Summer
5/16/2025 12:00,Summer
5/16/2025 13:00,Summer
5/16/2025 14:00,Summer
5/16/2025 15:00,Summer
5/16/2025 16:00,Summer
5/16/2025 17:00,Summer
5/16/2025 18:00,Summer
5/16/2025 19:00,Summer
5/16/2025 20:00,Summer
5/16/2025 21:00,Summer
5/16/2025 22:00,Summer
5/16/2025 23:00,Summer
5/17/2025 0:00,Summer
5/17/2025 1:00,Summer
5/17/2025 2:00,Summer
5/17/2025 3:00,Summer
5/17/2025 4:00,Summer
5/17/2025 5:00,Summer
5/17/2025 6:00,Summer
5/17/2025 7:00,Summer
5/17/2025 8:00,Summer
5/17/2025 9:00,Summer
5/17/2025 10:00,Summer
5/17/2025 11:00,Summer
5/17/2025 12:00,Summer
5/17/2025 13:00,Summer
5/17/2025 14:00,Summer
5/17/2025 15:00,Summer
5/17/2025 16:00,Summer
5/17/2025 17:00,Summer
5/17/2025 18:00,Summer
5/17/2025 19:00,Summer
5/17/2025 20:00,Summer
5/17/2025 21:00,Summer
5/17/2025 22:00,Summer
5/17/2025 23:00,Summer
5/18/2025 0:00,Summer
5/18/2025 1:00,Summer
5/18/2025 2:00,Summer
5/18/2025 3:00,Summer
5/18/2025 4:00,Summer
5/18/2025 5:00,Summer
5/18/2025 6:00,Summer
5/18/2025 7:00,Summer
5/18/2025 8:00,Summer
5/18/2025 9:00,Summer
5/18/2025 10:00,Summer
5/18/2025 11:00,Summer
5/18/2025 12:00,Summer
5/18/2025 13:00,Summer
5/18/2025 14:00,Summer
5/18/2025 15:00,Summer
5/18/2025 16:00,Summer
5/18/2025 17:00,Summer
5/18/2025 18:00,Summer
5/18/2025 19:00,Summer
5/18/2025 20:00,Summer
5/18/2025 21:00,Summer
5/18/2025 22:00,Summer
5/18/2025 23:00,Summer
5/19/2025 0:00,Summer
5/19/2025 1:00,Summer
5/19/2025 2:00,Summer
5/19/2025 3:00,Summer
5/19/2025 4:00,Summer
5/19/2025 5:00,Summer
5/19/2025 6:00,Summer
5/19/2025 7:00,Summer
5/19/2025 8:00,Summer
5/19/2025 9:00,Summer
5/19/2025 10:00,Summer
5/19/2025 11:00,Summer
5/19/2025 12:00,Summer
5/19/2025 13:00,Summer
5/19/2025 14:00,Summer
5/19/2025 15:00,Summer
5/19/2025 16:00,Summer
5/19/2025 17:00,Summer
5/19/2025 18:00,Summer
5/19/2025 19:00,Summer
5/19/2025 20:00,Summer
5/19/2025 21:00,Summer
5/19/2025 22:00,Summer
5/19/2025 23:00,Summer
5/20/2025 0:00,Summer
5/20/2025 1:00,Summer
5/20/2025 2:00,Summer
5/20/2025 3:00,Summer
5/20/2025 4:00,Summer
5/20/2025 5:00,Summer
5/20/2025 6:00,Summer
5/20/2025 7:00,Summer
5/20/2025 8:00,Summer
5/20/2025 9:00,Summer
5/20/2025 10:00,Summer
5/20/2025 11:00,Summer
5/20/2025 12:00,Summer
5/20/2025 13:00,Summer
5/20/2025 14:00,Summer
5/20/2025 15:00,Summer
5/20/2025 16:00,Summer
5/20/2025 17:00,Summer
5/20/2025 18:00,Summer
5/20/2025 19:00,Summer
5/20/2025 20:00,Summer
5/20/2025 21:00,Summer
5/20/2025 22:00,Summer
5/20/2025 23:00,Summer
5/21/2025 0:00,Summer
5/21/2025 1:00,Summer
5/21/2025 2:00,Summer
5/21/2025 3:00,Summer
5/21/2025 4:00,Summer
5/21/2025 5:00,Summer
5/21/2025 6:00,Summer
5/21/2025 7:00,Summer
5/21/2025 8:00,Summer
5/21/2025 9:00,Summer
5/21/2025 10:00,Summer
5/21/2025 11:00,Summer
5/21/2025 12:00,Summer
5/21/2025 13:00,Summer
5/21/2025 14:00,Summer
5/21/2025 15:00,Summer
5/21/2025 16:00,Summer
5/21/2025 17:00,Summer
5/21/2025 18:00,Summer
5/21/2025 19:00,Summer
5/21/2025 20:00,Summer
5/21/2025 21:00,Summer
5/21/2025 22:00,Summer
5/21/2025 23:00,Summer
5/22/2025 0:00,Summer
5/22/2025 1:00,Summer
5/22/2025 2:00,Summer
5/22/2025 3:00,Summer
5/22/2025 4:00,Summer
5/22/2025 5:00,Summer
5/22/2025 6:00,Summer
5/22/2025 7:00,Summer
5/22/2025 8:00,Summer
5/22/2025 9:00,Summer
5/22/2025 10:00,Summer
5/22/2025 11:00,Summer
5/22/2025 12:00,Summer
5/22/2025 13:00,Summer
5/22/2025 14:00,Summer
5/22/2025 15:00,Summer
5/22/2025 16:00,Summer
5/22/2025 17:00,Summer
5/22/2025 18:00,Summer
5/22/2025 19:00,Summer
5/22/2025 20:00,Summer
5/22/2025 21:00,Summer
5/22/2025 22:00,Summer
5/22/2025 23:00,Summer
5/23/2025 0:00,Summer
5/23/2025 1:00,Summer
5/23/2025 2:00,Summer
5/23/2025 3:00,Summer
5/23/2025 4:00,Summer
5/23/2025 5:00,Summer
5/23/2025 6:00,Summer
5/23/2025 7:00,Summer
5/23/2025 8:00,Summer
5/23/2025 9:00,Summer
5/23/2025 10:00,Summer
5/23/2025 11:00,Summer
5/23/2025 12:00,Summer
5/23/2025 13:00,Summer
5/23/2025 14:00,Summer
5/23/2025 15:00,Summer
5/23/2025 16:00,Summer
5/23/2025 17:00,Summer
5/23/2025 18:00,Summer
5/23/2025 19:00,Summer
5/23/2025 20:00,Summer
5/23/2025 21:00,Summer
5/23/2025 22:00,Summer
5/23/2025 23:00,Summer
5/24/2025 0:00,Summer
5/24/2025 1:00,Summer
5/24/2025 2:00,Summer
5/24/2025 3:00,Summer
5/24/2025 4:00,Summer
5/24/2025 5:00,Summer
5/24/2025 6:00,Summer
5/24/2025 7:00,Summer
5/24/2025 8:00,Summer
5/24/2025 9:00,Summer
5/24/2025 10:00,Summer
5/24/2025 11:00,Summer
5/24/2025 12:00,Summer
5/24/2025 13:00,Summer
5/24/2025 14:00,Summer
5/24/2025 15:00,Summer
5/24/2025 16:00,Summer
5/24/2025 17:00,Summer
5/24/2025 18:00,Summer
5/24/2025 19:00,Summer
5/24/2025 20:00,Summer
5/24/2025 21:00,Summer
5/24/2025 22:00,Summer
5/24/2025 23:00,Summer
5/25/2025 0:00,Summer
5/25/2025 1:00,Summer
5/25/2025 2:00,Summer
5/25/2025 3:00,Summer
5/25/2025 4:00,Summer
5/25/2025 5:00,Summer
5/25/2025 6:00,Summer
5/25/2025 7:00,Summer
5/25/2025 8:00,Summer
5/25/2025 9:00,Summer
5/25/2025 10:00,Summer
5/25/2025 11:00,Summer
5/25/2025 12:00,Summer
5/25/2025 13:00,Summer
5/25/2025 14:00,Summer
5/25/2025 15:00,Summer
5/25/2025 16:00,Summer
5/25/2025 17:00,Summer
5/25/2025 18:00,Summer
5/25/2025 19:00,Summer
5/25/2025 20:00,Summer
5/25/2025 21:00,Summer
5/25/2025 22:00,Summer
5/25/2025 23:00,Summer
5/26/2025 0:00,Summer
5/26/2025 1:00,Summer
5/26/2025 2:00,Summer
5/26/2025 3:00,Summer
5/26/2025 4:00,Summer
5/26/2025 5:00,Summer
5/26/2025 6:00,Summer
5/26/2025 7:00,Summer
5/26/2025 8:00,Summer
5/26/2025 9:00,Summer
5/26/2025 10:00,Summer
5/26/2025 11:00,Summer
5/26/2025 12:00,Summer
5/26/2025 13:00,Summer
5/26/2025 14:00,Summer
5/26/2025 15:00,Summer
5/26/2025 16:00,Summer
5/26/2025 17:00,Summer
5/26/2025 18:00,Summer
5/26/2025 19:00,Summer
5/26/2025 20:00,Summer
5/26/2025 21:00,Summer
5/26/2025 22:00,Summer
5/26/2025 23:00,Summer
5/27/2025 0:00,Summer
5/27/2025 1:00,Summer
5/27/2025 2:00,Summer
5/27/2025 3:00,Summer
5/27/2025 4:00,Summer
5/27/2025 5:00,Summer
5/27/2025 6:00,Summer
5/27/2025 7:00,Summer
5/27/2025 8:00,Summer
5/27/2025 9:00,Summer
5/27/2025 10:00,Summer
5/27/2025 11:00,Summer
5/27/2025 12:00,Summer
5/27/2025 13:00,Summer
5/27/2025 14:00,Summer
5/27/2025 15:00,Summer
5/27/2025 16:00,Summer
5/27/2025 17:00,Summer
5/27/2025 18:00,Summer
5/27/2025 19:00,Summer
5/27/2025 20:00,Summer
5/27/2025 21:00,Summer
5/27/2025 22:00,Summer
5/27/2025 23:00,Summer
5/28/2025 0:00,Summer
5/28/2025 1:00,Summer
5/28/2025 2:00,Summer
5/28/2025 3:00,Summer
5/28/2025 4:00,Summer
5/28/2025 5:00,Summer
5/28/2025 6:00,Summer
5/28/2025 7:00,Summer
5/28/2025 8:00,Summer
5/28/2025 9:00,Summer
5/28/2025 10:00,Summer
5/28/2025 11:00,Summer
5/28/2025 12:00,Summer
5/28/2025 13:00,Summer
5/28/2025 14:00,Summer
5/28/2025 15:00,Summer
5/28/2025 16:00,Summer
5/28/2025 17:00,Summer
5/28/2025 18:00,Summer
5/28/2025 19:00,Summer
5/28/2025 20:00,Summer
5/28/2025 21:00,Summer
5/28/2025 22:00,Summer
5/28/2025 23:00,Summer
5/29/2025 0:00,Summer
5/29/2025 1:00,Summer
5/29/2025 2:00,Summer
5/29/2025 3:00,Summer
5/29/2025 4:00,Summer
5/29/2025 5:00,Summer
5/29/2025 6:00,Summer
5/29/2025 7:00,Summer
5/29/2025 8:00,Summer
5/29/2025 9:00,Summer
5/29/2025 10:00,Summer
5/29/2025 11:00,Summer
5/29/2025 12:00,Summer
5/29/2025 13:00,Summer
5/29/2025 14:00,Summer
5/29/2025 15:00,Summer
5/29/2025 16:00,Summer
5/29/2025 17:00,Summer
5/29/2025 18:00,Summer
5/29/2025 19:00,Summer
5/29/2025 20:00,Summer
5/29/2025 21:00,Summer
5/29/2025 22:00,Summer
5/29/2025 23:00,Summer
5/30/2025 0:00,Summer
5/30/2025 1:00,Summer
5/30/2025 2:00,Summer
5/30/2025 3:00,Summer
5/30/2025 4:00,Summer
5/30/2025 5:00,Summer
5/30/2025 6:00,Summer
5/30/2025 7:00,Summer
5/30/2025 8:00,Summer
5/30/2025 9:00,Summer
5/30/2025 10:00,Summer
5/30/2025 11:00,Summer
5/30/2025 12:00,Summer
5/30/2025 13:00,Summer
5/30/2025 14:00,Summer
5/30/2025 15:00,Summer
5/30/2025 16:00,Summer
5/30/2025 17:00,Summer
5/30/2025 18:00,Summer
5/30/2025 19:00,Summer
5/30/2025 20:00,Summer
5/30/2025 21:00,Summer
5/30/2025 22:00,Summer
5/30/2025 23:00,Summer
5/31/2025 0:00,Summer
5/31/2025 1:00,Summer
5/31/2025 2:00,Summer
5/31/2025 3:00,Summer
5/31/2025 4:00,Summer
5/31/2025 5:00,Summer
5/31/2025 6:00,Summer
5/31/2025 7:00,Summer
5/31/2025 8:00,Summer
5/31/2025 9:00,Summer
5/31/2025 10:00,Summer
5/31/2025 11:00,Summer
5/31/2025 12:00,Summer
5/31/2025 13:00,Summer
5/31/2025 14:00,Summer
5/31/2025 15:00,Summer
5/31/2025 16:00,Summer
5/31/2025 17:00,Summer
5/31/2025 18:00,Summer
5/31/2025 19:00,Summer
5/31/2025 20:00,Summer
5/31/2025 21:00,Summer
5/31/2025 22:00,Summer
5/31/2025 23:00,Summer
6/1/2025 0:00,Monsoon
6/1/2025 1:00,Monsoon
6/1/2025 2:00,Monsoon
6/1/2025 3:00,Monsoon
6/1/2025 4:00,Monsoon
6/1/2025 5:00,Monsoon
6/1/2025 6:00,Monsoon
6/1/2025 7:00,Monsoon
6/1/2025 8:00,Monsoon
6/1/2025 9:00,Monsoon
6/1/2025 10:00,Monsoon
6/1/2025 11:00,Monsoon
6/1/2025 12:00,Monsoon
6/1/2025 13:00,Monsoon
6/1/2025 14:00,Monsoon
6/1/2025 15:00,Monsoon
6/1/2025 16:00,Monsoon
6/1/2025 17:00,Monsoon
6/1/2025 18:00,Monsoon
6/1/2025 19:00,Monsoon
6/1/2025 20:00,Monsoon
6/1/2025 21:00,Monsoon
6/1/2025 22:00,Monsoon
6/1/2025 23:00,Monsoon
6/2/2025 0:00,Monsoon
6/2/2025 1:00,Monsoon
6/2/2025 2:00,Monsoon
6/2/2025 3:00,Monsoon
6/2/2025 4:00,Monsoon
6/2/2025 5:00,Monsoon
6/2/2025 6:00,Monsoon
6/2/2025 7:00,Monsoon
6/2/2025 8:00,Monsoon
6/2/2025 9:00,Monsoon
6/2/2025 10:00,Monsoon
6/2/2025 11:00,Monsoon
6/2/2025 12:00,Monsoon
6/2/2025 13:00,Monsoon
6/2/2025 14:00,Monsoon
6/2/2025 15:00,Monsoon
6/2/2025 16:00,Monsoon
6/2/2025 17:00,Monsoon
6/2/2025 18:00,Monsoon
6/2/2025 19:00,Monsoon
6/2/2025 20:00,Monsoon
6/2/2025 21:00,Monsoon
6/2/2025 22:00,Monsoon
6/2/2025 23:00,Monsoon
6/3/2025 0:00,Monsoon
6/3/2025 1:00,Monsoon
6/3/2025 2:00,Monsoon
6/3/2025 3:00,Monsoon
6/3/2025 4:00,Monsoon
6/3/2025 5:00,Monsoon
6/3/2025 6:00,Monsoon
6/3/2025 7:00,Monsoon
6/3/2025 8:00,Monsoon
6/3/2025 9:00,Monsoon
6/3/2025 10:00,Monsoon
6/3/2025 11:00,Monsoon
6/3/2025 12:00,Monsoon
6/3/2025 13:00,Monsoon
6/3/2025 14:00,Monsoon
6/3/2025 15:00,Monsoon
6/3/2025 16:00,Monsoon
6/3/2025 17:00,Monsoon
6/3/2025 18:00,Monsoon
6/3/2025 19:00,Monsoon
6/3/2025 20:00,Monsoon
6/3/2025 21:00,Monsoon
6/3/2025 22:00,Monsoon
6/3/2025 23:00,Monsoon
6/4/2025 0:00,Monsoon
6/4/2025 1:00,Monsoon
6/4/2025 2:00,Monsoon
6/4/2025 3:00,Monsoon
6/4/2025 4:00,Monsoon
6/4/2025 5:00,Monsoon
6/4/2025 6:00,Monsoon
6/4/2025 7:00,Monsoon
6/4/2025 8:00,Monsoon
6/4/2025 9:00,Monsoon
6/4/2025 10:00,Monsoon
6/4/2025 11:00,Monsoon
6/4/2025 12:00,Monsoon
6/4/2025 13:00,Monsoon
6/4/2025 14:00,Monsoon
6/4/2025 15:00,Monsoon
6/4/2025 16:00,Monsoon
6/4/2025 17:00,Monsoon
6/4/2025 18:00,Monsoon
6/4/2025 19:00,Monsoon
6/4/2025 20:00,Monsoon
6/4/2025 21:00,Monsoon
6/4/2025 22:00,Monsoon
6/4/2025 23:00,Monsoon
6/5/2025 0:00,Monsoon
6/5/2025 1:00,Monsoon
6/5/2025 2:00,Monsoon
6/5/2025 3:00,Monsoon
6/5/2025 4:00,Monsoon
6/5/2025 5:00,Monsoon
6/5/2025 6:00,Monsoon
6/5/2025 7:00,Monsoon
6/5/2025 8:00,Monsoon
6/5/2025 9:00,Monsoon
6/5/2025 10:00,Monsoon
6/5/2025 11:00,Monsoon
6/5/2025 12:00,Monsoon
6/5/2025 13:00,Monsoon
6/5/2025 14:00,Monsoon
6/5/2025 15:00,Monsoon
6/5/2025 16:00,Monsoon
6/5/2025 17:00,Monsoon
6/5/2025 18:00,Monsoon
6/5/2025 19:00,Monsoon
6/5/2025 20:00,Monsoon
6/5/2025 21:00,Monsoon
6/5/2025 22:00,Monsoon
6/5/2025 23:00,Monsoon
6/6/2025 0:00,Monsoon
6/6/2025 1:00,Monsoon
6/6/2025 2:00,Monsoon
6/6/2025 3:00,Monsoon
6/6/2025 4:00,Monsoon
6/6/2025 5:00,Monsoon
6/6/2025 6:00,Monsoon
6/6/2025 7:00,Monsoon
6/6/2025 8:00,Monsoon
6/6/2025 9:00,Monsoon
6/6/2025 10:00,Monsoon
6/6/2025 11:00,Monsoon
6/6/2025 12:00,Monsoon
6/6/2025 13:00,Monsoon
6/6/2025 14:00,Monsoon
6/6/2025 15:00,Monsoon
6/6/2025 16:00,Monsoon
6/6/2025 17:00,Monsoon
6/6/2025 18:00,Monsoon
6/6/2025 19:00,Monsoon
6/6/2025 20:00,Monsoon
6/6/2025 21:00,Monsoon
6/6/2025 22:00,Monsoon
6/6/2025 23:00,Monsoon
6/7/2025 0:00,Monsoon
6/7/2025 1:00,Monsoon
6/7/2025 2:00,Monsoon
6/7/2025 3:00,Monsoon
6/7/2025 4:00,Monsoon
6/7/2025 5:00,Monsoon
6/7/2025 6:00,Monsoon
6/7/2025 7:00,Monsoon
6/7/2025 8:00,Monsoon
6/7/2025 9:00,Monsoon
6/7/2025 10:00,Monsoon
6/7/2025 11:00,Monsoon
6/7/2025 12:00,Monsoon
6/7/2025 13:00,Monsoon
6/7/2025 14:00,Monsoon
6/7/2025 15:00,Monsoon
6/7/2025 16:00,Monsoon
6/7/2025 17:00,Monsoon
6/7/2025 18:00,Monsoon
6/7/2025 19:00,Monsoon
6/7/2025 20:00,Monsoon
6/7/2025 21:00,Monsoon
6/7/2025 22:00,Monsoon
6/7/2025 23:00,Monsoon
6/8/2025 0:00,Monsoon
6/8/2025 1:00,Monsoon
6/8/2025 2:00,Monsoon
6/8/2025 3:00,Monsoon
6/8/2025 4:00,Monsoon
6/8/2025 5:00,Monsoon
6/8/2025 6:00,Monsoon
6/8/2025 7:00,Monsoon
6/8/2025 8:00,Monsoon
6/8/2025 9:00,Monsoon
6/8/2025 10:00,Monsoon
6/8/2025 11:00,Monsoon
6/8/2025 12:00,Monsoon
6/8/2025 13:00,Monsoon
6/8/2025 14:00,Monsoon
6/8/2025 15:00,Monsoon
6/8/2025 16:00,Monsoon
6/8/2025 17:00,Monsoon
6/8/2025 18:00,Monsoon
6/8/2025 19:00,Monsoon
6/8/2025 20:00,Monsoon
6/8/2025 21:00,Monsoon
6/8/2025 22:00,Monsoon
6/8/2025 23:00,Monsoon
6/9/2025 0:00,Monsoon
6/9/2025 1:00,Monsoon
6/9/2025 2:00,Monsoon
6/9/2025 3:00,Monsoon
6/9/2025 4:00,Monsoon
6/9/2025 5:00,Monsoon
6/9/2025 6:00,Monsoon
6/9/2025 7:00,Monsoon
6/9/2025 8:00,Monsoon
6/9/2025 9:00,Monsoon
6/9/2025 10:00,Monsoon
6/9/2025 11:00,Monsoon
6/9/2025 12:00,Monsoon
6/9/2025 13:00,Monsoon
6/9/2025 14:00,Monsoon
6/9/2025 15:00,Monsoon
6/9/2025 16:00,Monsoon
6/9/2025 17:00,Monsoon
6/9/2025 18:00,Monsoon
6/9/2025 19:00,Monsoon
6/9/2025 20:00,Monsoon
6/9/2025 21:00,Monsoon
6/9/2025 22:00,Monsoon
6/9/2025 23:00,Monsoon
6/10/2025 0:00,Monsoon
6/10/2025 1:00,Monsoon
6/10/2025 2:00,Monsoon
6/10/2025 3:00,Monsoon
6/10/2025 4:00,Monsoon
6/10/2025 5:00,Monsoon
6/10/2025 6:00,Monsoon
6/10/2025 7:00,Monsoon
6/10/2025 8:00,Monsoon
6/10/2025 9:00,Monsoon
6/10/2025 10:00,Monsoon
6/10/2025 11:00,Monsoon
6/10/2025 12:00,Monsoon
6/10/2025 13:00,Monsoon
6/10/2025 14:00,Monsoon
6/10/2025 15:00,Monsoon
6/10/2025 16:00,Monsoon
6/10/2025 17:00,Monsoon
6/10/2025 18:00,Monsoon
6/10/2025 19:00,Monsoon
6/10/2025 20:00,Monsoon
6/10/2025 21:00,Monsoon
6/10/2025 22:00,Monsoon
6/10/2025 23:00,Monsoon
6/11/2025 0:00,Monsoon
6/11/2025 1:00,Monsoon
6/11/2025 2:00,Monsoon
6/11/2025 3:00,Monsoon
6/11/2025 4:00,Monsoon
6/11/2025 5:00,Monsoon
6/11/2025 6:00,Monsoon
6/11/2025 7:00,Monsoon
6/11/2025 8:00,Monsoon
6/11/2025 9:00,Monsoon
6/11/2025 10:00,Monsoon
6/11/2025 11:00,Monsoon
6/11/2025 12:00,Monsoon
6/11/2025 13:00,Monsoon
6/11/2025 14:00,Monsoon
6/11/2025 15:00,Monsoon
6/11/2025 16:00,Monsoon
6/11/2025 17:00,Monsoon
6/11/2025 18:00,Monsoon
6/11/2025 19:00,Monsoon
6/11/2025 20:00,Monsoon
6/11/2025 21:00,Monsoon
6/11/2025 22:00,Monsoon
6/11/2025 23:00,Monsoon
6/12/2025 0:00,Monsoon
6/12/2025 1:00,Monsoon
6/12/2025 2:00,Monsoon
6/12/2025 3:00,Monsoon
6/12/2025 4:00,Monsoon
6/12/2025 5:00,Monsoon
6/12/2025 6:00,Monsoon
6/12/2025 7:00,Monsoon
6/12/2025 8:00,Monsoon
6/12/2025 9:00,Monsoon
6/12/2025 10:00,Monsoon
6/12/2025 11:00,Monsoon
6/12/2025 12:00,Monsoon
6/12/2025 13:00,Monsoon
6/12/2025 14:00,Monsoon
6/12/2025 15:00,Monsoon
6/12/2025 16:00,Monsoon
6/12/2025 17:00,Monsoon
6/12/2025 18:00,Monsoon
6/12/2025 19:00,Monsoon
6/12/2025 20:00,Monsoon
6/12/2025 21:00,Monsoon
6/12/2025 22:00,Monsoon
6/12/2025 23:00,Monsoon
6/13/2025 0:00,Monsoon
6/13/2025 1:00,Monsoon
6/13/2025 2:00,Monsoon
6/13/2025 3:00,Monsoon
6/13/2025 4:00,Monsoon
6/13/2025 5:00,Monsoon
6/13/2025 6:00,Monsoon
6/13/2025 7:00,Monsoon
6/13/2025 8:00,Monsoon
6/13/2025 9:00,Monsoon
6/13/2025 10:00,Monsoon
6/13/2025 11:00,Monsoon
6/13/2025 12:00,Monsoon
6/13/2025 13:00,Monsoon
6/13/2025 14:00,Monsoon
6/13/2025 15:00,Monsoon
6/13/2025 16:00,Monsoon
6/13/2025 17:00,Monsoon
6/13/2025 18:00,Monsoon
6/13/2025 19:00,Monsoon
6/13/2025 20:00,Monsoon
6/13/2025 21:00,Monsoon
6/13/2025 22:00,Monsoon
6/13/2025 23:00,Monsoon
6/14/2025 0:00,Monsoon
6/14/2025 1:00,Monsoon
6/14/2025 2:00,Monsoon
6/14/2025 3:00,Monsoon
6/14/2025 4:00,Monsoon
6/14/2025 5:00,Monsoon
6/14/2025 6:00,Monsoon
6/14/2025 7:00,Monsoon
6/14/2025 8:00,Monsoon
6/14/2025 9:00,Monsoon
6/14/2025 10:00,Monsoon
6/14/2025 11:00,Monsoon
6/14/2025 12:00,Monsoon
6/14/2025 13:00,Monsoon
6/14/2025 14:00,Monsoon
6/14/2025 15:00,Monsoon
6/14/2025 16:00,Monsoon
6/14/2025 17:00,Monsoon
6/14/2025 18:00,Monsoon
6/14/2025 19:00,Monsoon
6/14/2025 20:00,Monsoon
6/14/2025 21:00,Monsoon
6/14/2025 22:00,Monsoon
6/14/2025 23:00,Monsoon
6/15/2025 0:00,Monsoon
6/15/2025 1:00,Monsoon
6/15/2025 2:00,Monsoon
6/15/2025 3:00,Monsoon
6/15/2025 4:00,Monsoon
6/15/2025 5:00,Monsoon
6/15/2025 6:00,Monsoon
6/15/2025 7:00,Monsoon
6/15/2025 8:00,Monsoon
6/15/2025 9:00,Monsoon
6/15/2025 10:00,Monsoon
6/15/2025 11:00,Monsoon
6/15/2025 12:00,Monsoon
6/15/2025 13:00,Monsoon
6/15/2025 14:00,Monsoon
6/15/2025 15:00,Monsoon
6/15/2025 16:00,Monsoon
6/15/2025 17:00,Monsoon
6/15/2025 18:00,Monsoon
6/15/2025 19:00,Monsoon
6/15/2025 20:00,Monsoon
6/15/2025 21:00,Monsoon
6/15/2025 22:00,Monsoon
6/15/2025 23:00,Monsoon
6/16/2025 0:00,Monsoon
6/16/2025 1:00,Monsoon
6/16/2025 2:00,Monsoon
6/16/2025 3:00,Monsoon
6/16/2025 4:00,Monsoon
6/16/2025 5:00,Monsoon
6/16/2025 6:00,Monsoon
6/16/2025 7:00,Monsoon
6/16/2025 8:00,Monsoon
6/16/2025 9:00,Monsoon
6/16/2025 10:00,Monsoon
6/16/2025 11:00,Monsoon
6/16/2025 12:00,Monsoon
6/16/2025 13:00,Monsoon
6/16/2025 14:00,Monsoon
6/16/2025 15:00,Monsoon
6/16/2025 16:00,Monsoon
6/16/2025 17:00,Monsoon
6/16/2025 18:00,Monsoon
6/16/2025 19:00,Monsoon
6/16/2025 20:00,Monsoon
6/16/2025 21:00,Monsoon
6/16/2025 22:00,Monsoon
6/16/2025 23:00,Monsoon
6/17/2025 0:00,Monsoon
6/17/2025 1:00,Monsoon
6/17/2025 2:00,Monsoon
6/17/2025 3:00,Monsoon
6/17/2025 4:00,Monsoon
6/17/2025 5:00,Monsoon
6/17/2025 6:00,Monsoon
6/17/2025 7:00,Monsoon
6/17/2025 8:00,Monsoon
6/17/2025 9:00,Monsoon
6/17/2025 10:00,Monsoon
6/17/2025 11:00,Monsoon
6/17/2025 12:00,Monsoon
6/17/2025 13:00,Monsoon
6/17/2025 14:00,Monsoon
6/17/2025 15:00,Monsoon
6/17/2025 16:00,Monsoon
6/17/2025 17:00,Monsoon
6/17/2025 18:00,Monsoon
6/17/2025 19:00,Monsoon
6/17/2025 20:00,Monsoon
6/17/2025 21:00,Monsoon
6/17/2025 22:00,Monsoon
6/17/2025 23:00,Monsoon
6/18/2025 0:00,Monsoon
6/18/2025 1:00,Monsoon
6/18/2025 2:00,Monsoon
6/18/2025 3:00,Monsoon
6/18/2025 4:00,Monsoon
6/18/2025 5:00,Monsoon
6/18/2025 6:00,Monsoon
6/18/2025 7:00,Monsoon
6/18/2025 8:00,Monsoon
6/18/2025 9:00,Monsoon
6/18/2025 10:00,Monsoon
6/18/2025 11:00,Monsoon
6/18/2025 12:00,Monsoon
6/18/2025 13:00,Monsoon
6/18/2025 14:00,Monsoon
6/18/2025 15:00,Monsoon
6/18/2025 16:00,Monsoon
6/18/2025 17:00,Monsoon
6/18/2025 18:00,Monsoon
6/18/2025 19:00,Monsoon
6/18/2025 20:00,Monsoon
6/18/2025 21:00,Monsoon
6/18/2025 22:00,Monsoon
6/18/2025 23:00,Monsoon
6/19/2025 0:00,Monsoon
6/19/2025 1:00,Monsoon
6/19/2025 2:00,Monsoon
6/19/2025 3:00,Monsoon
6/19/2025 4:00,Monsoon
6/19/2025 5:00,Monsoon
6/19/2025 6:00,Monsoon
6/19/2025 7:00,Monsoon
6/19/2025 8:00,Monsoon
6/19/2025 9:00,Monsoon
6/19/2025 10:00,Monsoon
6/19/2025 11:00,Monsoon
6/19/2025 12:00,Monsoon
6/19/2025 13:00,Monsoon
6/19/2025 14:00,Monsoon
6/19/2025 15:00,Monsoon
6/19/2025 16:00,Monsoon
6/19/2025 17:00,Monsoon
6/19/2025 18:00,Monsoon
6/19/2025 19:00,Monsoon
6/19/2025 20:00,Monsoon
6/19/2025 21:00,Monsoon
6/19/2025 22:00,Monsoon
6/19/2025 23:00,Monsoon
6/20/2025 0:00,Monsoon
6/20/2025 1:00,Monsoon
6/20/2025 2:00,Monsoon
6/20/2025 3:00,Monsoon
6/20/2025 4:00,Monsoon
6/20/2025 5:00,Monsoon
6/20/2025 6:00,Monsoon
6/20/2025 7:00,Monsoon
6/20/2025 8:00,Monsoon
6/20/2025 9:00,Monsoon
6/20/2025 10:00,Monsoon
6/20/2025 11:00,Monsoon
6/20/2025 12:00,Monsoon
6/20/2025 13:00,Monsoon
6/20/2025 14:00,Monsoon
6/20/2025 15:00,Monsoon
6/20/2025 16:00,Monsoon
6/20/2025 17:00,Monsoon
6/20/2025 18:00,Monsoon
6/20/2025 19:00,Monsoon
6/20/2025 20:00,Monsoon
6/20/2025 21:00,Monsoon
6/20/2025 22:00,Monsoon
6/20/2025 23:00,Monsoon
6/21/2025 0:00,Monsoon
6/21/2025 1:00,Monsoon
6/21/2025 2:00,Monsoon
6/21/2025 3:00,Monsoon
6/21/2025 4:00,Monsoon
6/21/2025 5:00,Monsoon
6/21/2025 6:00,Monsoon
6/21/2025 7:00,Monsoon
6/21/2025 8:00,Monsoon
6/21/2025 9:00,Monsoon
6/21/2025 10:00,Monsoon
6/21/2025 11:00,Monsoon
6/21/2025 12:00,Monsoon
6/21/2025 13:00,Monsoon
6/21/2025 14:00,Monsoon
6/21/2025 15:00,Monsoon
6/21/2025 16:00,Monsoon
6/21/2025 17:00,Monsoon
6/21/2025 18:00,Monsoon
6/21/2025 19:00,Monsoon
6/21/2025 20:00,Monsoon
6/21/2025 21:00,Monsoon
6/21/2025 22:00,Monsoon
6/21/2025 23:00,Monsoon
6/22/2025 0:00,Monsoon
6/22/2025 1:00,Monsoon
6/22/2025 2:00,Monsoon
6/22/2025 3:00,Monsoon
6/22/2025 4:00,Monsoon
6/22/2025 5:00,Monsoon
6/22/2025 6:00,Monsoon
6/22/2025 7:00,Monsoon
6/22/2025 8:00,Monsoon
6/22/2025 9:00,Monsoon
6/22/2025 10:00,Monsoon
6/22/2025 11:00,Monsoon
6/22/2025 12:00,Monsoon
6/22/2025 13:00,Monsoon
6/22/2025 14:00,Monsoon
6/22/2025 15:00,Monsoon
6/22/2025 16:00,Monsoon
6/22/2025 17:00,Monsoon
6/22/2025 18:00,Monsoon
6/22/2025 19:00,Monsoon
6/22/2025 20:00,Monsoon
6/22/2025 21:00,Monsoon
6/22/2025 22:00,Monsoon
6/22/2025 23:00,Monsoon
6/23/2025 0:00,Monsoon
6/23/2025 1:00,Monsoon
6/23/2025 2:00,Monsoon
6/23/2025 3:00,Monsoon
6/23/2025 4:00,Monsoon
6/23/2025 5:00,Monsoon
6/23/2025 6:00,Monsoon
6/23/2025 7:00,Monsoon
6/23/2025 8:00,Monsoon
6/23/2025 9:00,Monsoon
6/23/2025 10:00,Monsoon
6/23/2025 11:00,Monsoon
6/23/2025 12:00,Monsoon
6/23/2025 13:00,Monsoon
6/23/2025 14:00,Monsoon
6/23/2025 15:00,Monsoon
6/23/2025 16:00,Monsoon
6/23/2025 17:00,Monsoon
6/23/2025 18:00,Monsoon
6/23/2025 19:00,Monsoon
6/23/2025 20:00,Monsoon
6/23/2025 21:00,Monsoon
6/23/2025 22:00,Monsoon
6/23/2025 23:00,Monsoon
6/24/2025 0:00,Monsoon
6/24/2025 1:00,Monsoon
6/24/2025 2:00,Monsoon
6/24/2025 3:00,Monsoon
6/24/2025 4:00,Monsoon
6/24/2025 5:00,Monsoon
6/24/2025 6:00,Monsoon
6/24/2025 7:00,Monsoon
6/24/2025 8:00,Monsoon
6/24/2025 9:00,Monsoon
6/24/2025 10:00,Monsoon
6/24/2025 11:00,Monsoon
6/24/2025 12:00,Monsoon
6/24/2025 13:00,Monsoon
6/24/2025 14:00,Monsoon
6/24/2025 15:00,Monsoon
6/24/2025 16:00,Monsoon
6/24/2025 17:00,Monsoon
6/24/2025 18:00,Monsoon
6/24/2025 19:00,Monsoon
6/24/2025 20:00,Monsoon
6/24/2025 21:00,Monsoon
6/24/2025 22:00,Monsoon
6/24/2025 23:00,Monsoon
6/25/2025 0:00,Monsoon
6/25/2025 1:00,Monsoon
6/25/2025 2:00,Monsoon
6/25/2025 3:00,Monsoon
6/25/2025 4:00,Monsoon
6/25/2025 5:00,Monsoon
6/25/2025 6:00,Monsoon
6/25/2025 7:00,Monsoon
6/25/2025 8:00,Monsoon
6/25/2025 9:00,Monsoon
6/25/2025 10:00,Monsoon
6/25/2025 11:00,Monsoon
6/25/2025 12:00,Monsoon
6/25/2025 13:00,Monsoon
6/25/2025 14:00,Monsoon
6/25/2025 15:00,Monsoon
6/25/2025 16:00,Monsoon
6/25/2025 17:00,Monsoon
6/25/2025 18:00,Monsoon
6/25/2025 19:00,Monsoon
6/25/2025 20:00,Monsoon
6/25/2025 21:00,Monsoon
6/25/2025 22:00,Monsoon
6/25/2025 23:00,Monsoon
6/26/2025 0:00,Monsoon
6/26/2025 1:00,Monsoon
6/26/2025 2:00,Monsoon
6/26/2025 3:00,Monsoon
6/26/2025 4:00,Monsoon
6/26/2025 5:00,Monsoon
6/26/2025 6:00,Monsoon
6/26/2025 7:00,Monsoon
6/26/2025 8:00,Monsoon
6/26/2025 9:00,Monsoon
6/26/2025 10:00,Monsoon
6/26/2025 11:00,Monsoon
6/26/2025 12:00,Monsoon
6/26/2025 13:00,Monsoon
6/26/2025 14:00,Monsoon
6/26/2025 15:00,Monsoon
6/26/2025 16:00,Monsoon
6/26/2025 17:00,Monsoon
6/26/2025 18:00,Monsoon
6/26/2025 19:00,Monsoon
6/26/2025 20:00,Monsoon
6/26/2025 21:00,Monsoon
6/26/2025 22:00,Monsoon
6/26/2025 23:00,Monsoon
6/27/2025 0:00,Monsoon
6/27/2025 1:00,Monsoon
6/27/2025 2:00,Monsoon
6/27/2025 3:00,Monsoon
6/27/2025 4:00,Monsoon
6/27/2025 5:00,Monsoon
6/27/2025 6:00,Monsoon
6/27/2025 7:00,Monsoon
6/27/2025 8:00,Monsoon
6/27/2025 9:00,Monsoon
6/27/2025 10:00,Monsoon
6/27/2025 11:00,Monsoon
6/27/2025 12:00,Monsoon
6/27/2025 13:00,Monsoon
6/27/2025 14:00,Monsoon
6/27/2025 15:00,Monsoon
6/27/2025 16:00,Monsoon
6/27/2025 17:00,Monsoon
6/27/2025 18:00,Monsoon
6/27/2025 19:00,Monsoon
6/27/2025 20:00,Monsoon
6/27/2025 21:00,Monsoon
6/27/2025 22:00,Monsoon
6/27/2025 23:00,Monsoon
6/28/2025 0:00,Monsoon
6/28/2025 1:00,Monsoon
6/28/2025 2:00,Monsoon
6/28/2025 3:00,Monsoon
6/28/2025 4:00,Monsoon
6/28/2025 5:00,Monsoon
6/28/2025 6:00,Monsoon
6/28/2025 7:00,Monsoon
6/28/2025 8:00,Monsoon
6/28/2025 9:00,Monsoon
6/28/2025 10:00,Monsoon
6/28/2025 11:00,Monsoon
6/28/2025 12:00,Monsoon
6/28/2025 13:00,Monsoon
6/28/2025 14:00,Monsoon
6/28/2025 15:00,Monsoon
6/28/2025 16:00,Monsoon
6/28/2025 17:00,Monsoon
6/28/2025 18:00,Monsoon
6/28/2025 19:00,Monsoon
6/28/2025 20:00,Monsoon
6/28/2025 21:00,Monsoon
6/28/2025 22:00,Monsoon
6/28/2025 23:00,Monsoon
6/29/2025 0:00,Monsoon
6/29/2025 1:00,Monsoon
6/29/2025 2:00,Monsoon
6/29/2025 3:00,Monsoon
6/29/2025 4:00,Monsoon
6/29/2025 5:00,Monsoon
6/29/2025 6:00,Monsoon
6/29/2025 7:00,Monsoon
6/29/2025 8:00,Monsoon
6/29/2025 9:00,Monsoon
6/29/2025 10:00,Monsoon
6/29/2025 11:00,Monsoon
6/29/2025 12:00,Monsoon
6/29/2025 13:00,Monsoon
6/29/2025 14:00,Monsoon
6/29/2025 15:00,Monsoon
6/29/2025 16:00,Monsoon
6/29/2025 17:00,Monsoon
6/29/2025 18:00,Monsoon
6/29/2025 19:00,Monsoon
6/29/2025 20:00,Monsoon
6/29/2025 21:00,Monsoon
6/29/2025 22:00,Monsoon
6/29/2025 23:00,Monsoon
6/30/2025 0:00,Monsoon
6/30/2025 1:00,Monsoon
6/30/2025 2:00,Monsoon
6/30/2025 3:00,Monsoon
6/30/2025 4:00,Monsoon
6/30/2025 5:00,Monsoon
6/30/2025 6:00,Monsoon
6/30/2025 7:00,Monsoon
6/30/2025 8:00,Monsoon
6/30/2025 9:00,Monsoon
6/30/2025 10:00,Monsoon
6/30/2025 11:00,Monsoon
6/30/2025 12:00,Monsoon
6/30/2025 13:00,Monsoon
6/30/2025 14:00,Monsoon
6/30/2025 15:00,Monsoon
6/30/2025 16:00,Monsoon
6/30/2025 17:00,Monsoon
6/30/2025 18:00,Monsoon
6/30/2025 19:00,Monsoon
6/30/2025 20:00,Monsoon
6/30/2025 21:00,Monsoon
6/30/2025 22:00,Monsoon
6/30/2025 23:00,Monsoon
7/1/2025 0:00,Monsoon
7/1/2025 1:00,Monsoon
7/1/2025 2:00,Monsoon
7/1/2025 3:00,Monsoon
7/1/2025 4:00,Monsoon
7/1/2025 5:00,Monsoon
7/1/2025 6:00,Monsoon
7/1/2025 7:00,Monsoon
7/1/2025 8:00,Monsoon
7/1/2025 9:00,Monsoon
7/1/2025 10:00,Monsoon
7/1/2025 11:00,Monsoon
7/1/2025 12:00,Monsoon
7/1/2025 13:00,Monsoon
7/1/2025 14:00,Monsoon
7/1/2025 15:00,Monsoon
7/1/2025 16:00,Monsoon
7/1/2025 17:00,Monsoon
7/1/2025 18:00,Monsoon
7/1/2025 19:00,Monsoon
7/1/2025 20:00,Monsoon
7/1/2025 21:00,Monsoon
7/1/2025 22:00,Monsoon
7/1/2025 23:00,Monsoon
7/2/2025 0:00,Monsoon
7/2/2025 1:00,Monsoon
7/2/2025 2:00,Monsoon
7/2/2025 3:00,Monsoon
7/2/2025 4:00,Monsoon
7/2/2025 5:00,Monsoon
7/2/2025 6:00,Monsoon
7/2/2025 7:00,Monsoon
7/2/2025 8:00,Monsoon
7/2/2025 9:00,Monsoon
7/2/2025 10:00,Monsoon
7/2/2025 11:00,Monsoon
7/2/2025 12:00,Monsoon
7/2/2025 13:00,Monsoon
7/2/2025 14:00,Monsoon
7/2/2025 15:00,Monsoon
7/2/2025 16:00,Monsoon
7/2/2025 17:00,Monsoon
7/2/2025 18:00,Monsoon
7/2/2025 19:00,Monsoon
7/2/2025 20:00,Monsoon
7/2/2025 21:00,Monsoon
7/2/2025 22:00,Monsoon
7/2/2025 23:00,Monsoon
7/3/2025 0:00,Monsoon
7/3/2025 1:00,Monsoon
7/3/2025 2:00,Monsoon
7/3/2025 3:00,Monsoon
7/3/2025 4:00,Monsoon
7/3/2025 5:00,Monsoon
7/3/2025 6:00,Monsoon
7/3/2025 7:00,Monsoon
7/3/2025 8:00,Monsoon
7/3/2025 9:00,Monsoon
7/3/2025 10:00,Monsoon
7/3/2025 11:00,Monsoon
7/3/2025 12:00,Monsoon
7/3/2025 13:00,Monsoon
7/3/2025 14:00,Monsoon
7/3/2025 15:00,Monsoon
7/3/2025 16:00,Monsoon
7/3/2025 17:00,Monsoon
7/3/2025 18:00,Monsoon
7/3/2025 19:00,Monsoon
7/3/2025 20:00,Monsoon
7/3/2025 21:00,Monsoon
7/3/2025 22:00,Monsoon
7/3/2025 23:00,Monsoon
7/4/2025 0:00,Monsoon
7/4/2025 1:00,Monsoon
7/4/2025 2:00,Monsoon
7/4/2025 3:00,Monsoon
7/4/2025 4:00,Monsoon
7/4/2025 5:00,Monsoon
7/4/2025 6:00,Monsoon
7/4/2025 7:00,Monsoon
7/4/2025 8:00,Monsoon
7/4/2025 9:00,Monsoon
7/4/2025 10:00,Monsoon
7/4/2025 11:00,Monsoon
7/4/2025 12:00,Monsoon
7/4/2025 13:00,Monsoon
7/4/2025 14:00,Monsoon
7/4/2025 15:00,Monsoon
7/4/2025 16:00,Monsoon
7/4/2025 17:00,Monsoon
7/4/2025 18:00,Monsoon
7/4/2025 19:00,Monsoon
7/4/2025 20:00,Monsoon
7/4/2025 21:00,Monsoon
7/4/2025 22:00,Monsoon
7/4/2025 23:00,Monsoon
7/5/2025 0:00,Monsoon
7/5/2025 1:00,Monsoon
7/5/2025 2:00,Monsoon
7/5/2025 3:00,Monsoon
7/5/2025 4:00,Monsoon
7/5/2025 5:00,Monsoon
7/5/2025 6:00,Monsoon
7/5/2025 7:00,Monsoon
7/5/2025 8:00,Monsoon
7/5/2025 9:00,Monsoon
7/5/2025 10:00,Monsoon
7/5/2025 11:00,Monsoon
7/5/2025 12:00,Monsoon
7/5/2025 13:00,Monsoon
7/5/2025 14:00,Monsoon
7/5/2025 15:00,Monsoon
7/5/2025 16:00,Monsoon
7/5/2025 17:00,Monsoon
7/5/2025 18:00,Monsoon
7/5/2025 19:00,Monsoon
7/5/2025 20:00,Monsoon
7/5/2025 21:00,Monsoon
7/5/2025 22:00,Monsoon
7/5/2025 23:00,Monsoon
7/6/2025 0:00,Monsoon
7/6/2025 1:00,Monsoon
7/6/2025 2:00,Monsoon
7/6/2025 3:00,Monsoon
7/6/2025 4:00,Monsoon
7/6/2025 5:00,Monsoon
7/6/2025 6:00,Monsoon
7/6/2025 7:00,Monsoon
7/6/2025 8:00,Monsoon
7/6/2025 9:00,Monsoon
7/6/2025 10:00,Monsoon
7/6/2025 11:00,Monsoon
7/6/2025 12:00,Monsoon
7/6/2025 13:00,Monsoon
7/6/2025 14:00,Monsoon
7/6/2025 15:00,Monsoon
7/6/2025 16:00,Monsoon
7/6/2025 17:00,Monsoon
7/6/2025 18:00,Monsoon
7/6/2025 19:00,Monsoon
7/6/2025 20:00,Monsoon
7/6/2025 21:00,Monsoon
7/6/2025 22:00,Monsoon
7/6/2025 23:00,Monsoon
7/7/2025 0:00,Monsoon
7/7/2025 1:00,Monsoon
7/7/2025 2:00,Monsoon
7/7/2025 3:00,Monsoon
7/7/2025 4:00,Monsoon
7/7/2025 5:00,Monsoon
7/7/2025 6:00,Monsoon
7/7/2025 7:00,Monsoon
7/7/2025 8:00,Monsoon
7/7/2025 9:00,Monsoon
7/7/2025 10:00,Monsoon
7/7/2025 11:00,Monsoon
7/7/2025 12:00,Monsoon
7/7/2025 13:00,Monsoon
7/7/2025 14:00,Monsoon
7/7/2025 15:00,Monsoon
7/7/2025 16:00,Monsoon
7/7/2025 17:00,Monsoon
7/7/2025 18:00,Monsoon
7/7/2025 19:00,Monsoon
7/7/2025 20:00,Monsoon
7/7/2025 21:00,Monsoon
7/7/2025 22:00,Monsoon
7/7/2025 23:00,Monsoon
7/8/2025 0:00,Monsoon
7/8/2025 1:00,Monsoon
7/8/2025 2:00,Monsoon
7/8/2025 3:00,Monsoon
7/8/2025 4:00,Monsoon
7/8/2025 5:00,Monsoon
7/8/2025 6:00,Monsoon
7/8/2025 7:00,Monsoon
7/8/2025 8:00,Monsoon
7/8/2025 9:00,Monsoon
7/8/2025 10:00,Monsoon
7/8/2025 11:00,Monsoon
7/8/2025 12:00,Monsoon
7/8/2025 13:00,Monsoon
7/8/2025 14:00,Monsoon
7/8/2025 15:00,Monsoon
7/8/2025 16:00,Monsoon
7/8/2025 17:00,Monsoon
7/8/2025 18:00,Monsoon
7/8/2025 19:00,Monsoon
7/8/2025 20:00,Monsoon
7/8/2025 21:00,Monsoon
7/8/2025 22:00,Monsoon
7/8/2025 23:00,Monsoon
7/9/2025 0:00,Monsoon
7/9/2025 1:00,Monsoon
7/9/2025 2:00,Monsoon
7/9/2025 3:00,Monsoon
7/9/2025 4:00,Monsoon
7/9/2025 5:00,Monsoon
7/9/2025 6:00,Monsoon
7/9/2025 7:00,Monsoon
7/9/2025 8:00,Monsoon
7/9/2025 9:00,Monsoon
7/9/2025 10:00,Monsoon
7/9/2025 11:00,Monsoon
7/9/2025 12:00,Monsoon
7/9/2025 13:00,Monsoon
7/9/2025 14:00,Monsoon
7/9/2025 15:00,Monsoon
7/9/2025 16:00,Monsoon
7/9/2025 17:00,Monsoon
7/9/2025 18:00,Monsoon
7/9/2025 19:00,Monsoon
7/9/2025 20:00,Monsoon
7/9/2025 21:00,Monsoon
7/9/2025 22:00,Monsoon
7/9/2025 23:00,Monsoon
7/10/2025 0:00,Monsoon
7/10/2025 1:00,Monsoon
7/10/2025 2:00,Monsoon
7/10/2025 3:00,Monsoon
7/10/2025 4:00,Monsoon
7/10/2025 5:00,Monsoon
7/10/2025 6:00,Monsoon
7/10/2025 7:00,Monsoon
7/10/2025 8:00,Monsoon
7/10/2025 9:00,Monsoon
7/10/2025 10:00,Monsoon
7/10/2025 11:00,Monsoon
7/10/2025 12:00,Monsoon
7/10/2025 13:00,Monsoon
7/10/2025 14:00,Monsoon
7/10/2025 15:00,Monsoon
7/10/2025 16:00,Monsoon
7/10/2025 17:00,Monsoon
7/10/2025 18:00,Monsoon
7/10/2025 19:00,Monsoon
7/10/2025 20:00,Monsoon
7/10/2025 21:00,Monsoon
7/10/2025 22:00,Monsoon
7/10/2025 23:00,Monsoon
7/11/2025 0:00,Monsoon
7/11/2025 1:00,Monsoon
7/11/2025 2:00,Monsoon
7/11/2025 3:00,Monsoon
7/11/2025 4:00,Monsoon
7/11/2025 5:00,Monsoon
7/11/2025 6:00,Monsoon
7/11/2025 7:00,Monsoon
7/11/2025 8:00,Monsoon
7/11/2025 9:00,Monsoon
7/11/2025 10:00,Monsoon
7/11/2025 11:00,Monsoon
7/11/2025 12:00,Monsoon
7/11/2025 13:00,Monsoon
7/11/2025 14:00,Monsoon
7/11/2025 15:00,Monsoon
7/11/2025 16:00,Monsoon
7/11/2025 17:00,Monsoon
7/11/2025 18:00,Monsoon
7/11/2025 19:00,Monsoon
7/11/2025 20:00,Monsoon
7/11/2025 21:00,Monsoon
7/11/2025 22:00,Monsoon
7/11/2025 23:00,Monsoon
7/12/2025 0:00,Monsoon
7/12/2025 1:00,Monsoon
7/12/2025 2:00,Monsoon
7/12/2025 3:00,Monsoon
7/12/2025 4:00,Monsoon
7/12/2025 5:00,Monsoon
7/12/2025 6:00,Monsoon
7/12/2025 7:00,Monsoon
7/12/2025 8:00,Monsoon
7/12/2025 9:00,Monsoon
7/12/2025 10:00,Monsoon
7/12/2025 11:00,Monsoon
7/12/2025 12:00,Monsoon
7/12/2025 13:00,Monsoon
7/12/2025 14:00,Monsoon
7/12/2025 15:00,Monsoon
7/12/2025 16:00,Monsoon
7/12/2025 17:00,Monsoon
7/12/2025 18:00,Monsoon
7/12/2025 19:00,Monsoon
7/12/2025 20:00,Monsoon
7/12/2025 21:00,Monsoon
7/12/2025 22:00,Monsoon
7/12/2025 23:00,Monsoon
7/13/2025 0:00,Monsoon
7/13/2025 1:00,Monsoon
7/13/2025 2:00,Monsoon
7/13/2025 3:00,Monsoon
7/13/2025 4:00,Monsoon
7/13/2025 5:00,Monsoon
7/13/2025 6:00,Monsoon
7/13/2025 7:00,Monsoon
7/13/2025 8:00,Monsoon
7/13/2025 9:00,Monsoon
7/13/2025 10:00,Monsoon
7/13/2025 11:00,Monsoon
7/13/2025 12:00,Monsoon
7/13/2025 13:00,Monsoon
7/13/2025 14:00,Monsoon
7/13/2025 15:00,Monsoon
7/13/2025 16:00,Monsoon
7/13/2025 17:00,Monsoon
7/13/2025 18:00,Monsoon
7/13/2025 19:00,Monsoon
7/13/2025 20:00,Monsoon
7/13/2025 21:00,Monsoon
7/13/2025 22:00,Monsoon
7/13/2025 23:00,Monsoon
7/14/2025 0:00,Monsoon
7/14/2025 1:00,Monsoon
7/14/2025 2:00,Monsoon
7/14/2025 3:00,Monsoon
7/14/2025 4:00,Monsoon
7/14/2025 5:00,Monsoon
7/14/2025 6:00,Monsoon
7/14/2025 7:00,Monsoon
7/14/2025 8:00,Monsoon
7/14/2025 9:00,Monsoon
7/14/2025 10:00,Monsoon
7/14/2025 11:00,Monsoon
7/14/2025 12:00,Monsoon
7/14/2025 13:00,Monsoon
7/14/2025 14:00,Monsoon
7/14/2025 15:00,Monsoon
7/14/2025 16:00,Monsoon
7/14/2025 17:00,Monsoon
7/14/2025 18:00,Monsoon
7/14/2025 19:00,Monsoon
7/14/2025 20:00,Monsoon
7/14/2025 21:00,Monsoon
7/14/2025 22:00,Monsoon
7/14/2025 23:00,Monsoon
7/15/2025 0:00,Monsoon
7/15/2025 1:00,Monsoon
7/15/2025 2:00,Monsoon
7/15/2025 3:00,Monsoon
7/15/2025 4:00,Monsoon
7/15/2025 5:00,Monsoon
7/15/2025 6:00,Monsoon
7/15/2025 7:00,Monsoon
7/15/2025 8:00,Monsoon
7/15/2025 9:00,Monsoon
7/15/2025 10:00,Monsoon
7/15/2025 11:00,Monsoon
7/15/2025 12:00,Monsoon
7/15/2025 13:00,Monsoon
7/15/2025 14:00,Monsoon
7/15/2025 15:00,Monsoon
7/15/2025 16:00,Monsoon
7/15/2025 17:00,Monsoon
7/15/2025 18:00,Monsoon
7/15/2025 19:00,Monsoon
7/15/2025 20:00,Monsoon
7/15/2025 21:00,Monsoon
7/15/2025 22:00,Monsoon
7/15/2025 23:00,Monsoon
7/16/2025 0:00,Monsoon
7/16/2025 1:00,Monsoon
7/16/2025 2:00,Monsoon
7/16/2025 3:00,Monsoon
7/16/2025 4:00,Monsoon
7/16/2025 5:00,Monsoon
7/16/2025 6:00,Monsoon
7/16/2025 7:00,Monsoon
7/16/2025 8:00,Monsoon
7/16/2025 9:00,Monsoon
7/16/2025 10:00,Monsoon
7/16/2025 11:00,Monsoon
7/16/2025 12:00,Monsoon
7/16/2025 13:00,Monsoon
7/16/2025 14:00,Monsoon
7/16/2025 15:00,Monsoon
7/16/2025 16:00,Monsoon
7/16/2025 17:00,Monsoon
7/16/2025 18:00,Monsoon
7/16/2025 19:00,Monsoon
7/16/2025 20:00,Monsoon
7/16/2025 21:00,Monsoon
7/16/2025 22:00,Monsoon
7/16/2025 23:00,Monsoon
7/17/2025 0:00,Monsoon
7/17/2025 1:00,Monsoon
7/17/2025 2:00,Monsoon
7/17/2025 3:00,Monsoon
7/17/2025 4:00,Monsoon
7/17/2025 5:00,Monsoon
7/17/2025 6:00,Monsoon
7/17/2025 7:00,Monsoon
7/17/2025 8:00,Monsoon
7/17/2025 9:00,Monsoon
7/17/2025 10:00,Monsoon
7/17/2025 11:00,Monsoon
7/17/2025 12:00,Monsoon
7/17/2025 13:00,Monsoon
7/17/2025 14:00,Monsoon
7/17/2025 15:00,Monsoon
7/17/2025 16:00,Monsoon
7/17/2025 17:00,Monsoon
7/17/2025 18:00,Monsoon
7/17/2025 19:00,Monsoon
7/17/2025 20:00,Monsoon
7/17/2025 21:00,Monsoon
7/17/2025 22:00,Monsoon
7/17/2025 23:00,Monsoon
7/18/2025 0:00,Monsoon
7/18/2025 1:00,Monsoon
7/18/2025 2:00,Monsoon
7/18/2025 3:00,Monsoon
7/18/2025 4:00,Monsoon
7/18/2025 5:00,Monsoon
7/18/2025 6:00,Monsoon
7/18/2025 7:00,Monsoon
7/18/2025 8:00,Monsoon
7/18/2025 9:00,Monsoon
7/18/2025 10:00,Monsoon
7/18/2025 11:00,Monsoon
7/18/2025 12:00,Monsoon
7/18/2025 13:00,Monsoon
7/18/2025 14:00,Monsoon
7/18/2025 15:00,Monsoon
7/18/2025 16:00,Monsoon
7/18/2025 17:00,Monsoon
7/18/2025 18:00,Monsoon
7/18/2025 19:00,Monsoon
7/18/2025 20:00,Monsoon
7/18/2025 21:00,Monsoon
7/18/2025 22:00,Monsoon
7/18/2025 23:00,Monsoon
7/19/2025 0:00,Monsoon
7/19/2025 1:00,Monsoon
7/19/2025 2:00,Monsoon
7/19/2025 3:00,Monsoon
7/19/2025 4:00,Monsoon
7/19/2025 5:00,Monsoon
7/19/2025 6:00,Monsoon
7/19/2025 7:00,Monsoon
7/19/2025 8:00,Monsoon
7/19/2025 9:00,Monsoon
7/19/2025 10:00,Monsoon
7/19/2025 11:00,Monsoon
7/19/2025 12:00,Monsoon
7/19/2025 13:00,Monsoon
7/19/2025 14:00,Monsoon
7/19/2025 15:00,Monsoon
7/19/2025 16:00,Monsoon
7/19/2025 17:00,Monsoon
7/19/2025 18:00,Monsoon
7/19/2025 19:00,Monsoon
7/19/2025 20:00,Monsoon
7/19/2025 21:00,Monsoon
7/19/2025 22:00,Monsoon
7/19/2025 23:00,Monsoon
7/20/2025 0:00,Monsoon
7/20/2025 1:00,Monsoon
7/20/2025 2:00,Monsoon
7/20/2025 3:00,Monsoon
7/20/2025 4:00,Monsoon
7/20/2025 5:00,Monsoon
7/20/2025 6:00,Monsoon
7/20/2025 7:00,Monsoon
7/20/2025 8:00,Monsoon
7/20/2025 9:00,Monsoon
7/20/2025 10:00,Monsoon
7/20/2025 11:00,Monsoon
7/20/2025 12:00,Monsoon
7/20/2025 13:00,Monsoon
7/20/2025 14:00,Monsoon
7/20/2025 15:00,Monsoon
7/20/2025 16:00,Monsoon
7/20/2025 17:00,Monsoon
7/20/2025 18:00,Monsoon
7/20/2025 19:00,Monsoon
7/20/2025 20:00,Monsoon
7/20/2025 21:00,Monsoon
7/20/2025 22:00,Monsoon
7/20/2025 23:00,Monsoon
7/21/2025 0:00,Monsoon
7/21/2025 1:00,Monsoon
7/21/2025 2:00,Monsoon
7/21/2025 3:00,Monsoon
7/21/2025 4:00,Monsoon
7/21/2025 5:00,Monsoon
7/21/2025 6:00,Monsoon
7/21/2025 7:00,Monsoon
7/21/2025 8:00,Monsoon
7/21/2025 9:00,Monsoon
7/21/2025 10:00,Monsoon
7/21/2025 11:00,Monsoon
7/21/2025 12:00,Monsoon
7/21/2025 13:00,Monsoon
7/21/2025 14:00,Monsoon
7/21/2025 15:00,Monsoon
7/21/2025 16:00,Monsoon
7/21/2025 17:00,Monsoon
7/21/2025 18:00,Monsoon
7/21/2025 19:00,Monsoon
7/21/2025 20:00,Monsoon
7/21/2025 21:00,Monsoon
7/21/2025 22:00,Monsoon
7/21/2025 23:00,Monsoon
7/22/2025 0:00,Monsoon
7/22/2025 1:00,Monsoon
7/22/2025 2:00,Monsoon
7/22/2025 3:00,Monsoon
7/22/2025 4:00,Monsoon
7/22/2025 5:00,Monsoon
7/22/2025 6:00,Monsoon
7/22/2025 7:00,Monsoon
7/22/2025 8:00,Monsoon
7/22/2025 9:00,Monsoon
7/22/2025 10:00,Monsoon
7/22/2025 11:00,Monsoon
7/22/2025 12:00,Monsoon
7/22/2025 13:00,Monsoon
7/22/2025 14:00,Monsoon
7/22/2025 15:00,Monsoon
7/22/2025 16:00,Monsoon
7/22/2025 17:00,Monsoon
7/22/2025 18:00,Monsoon
7/22/2025 19:00,Monsoon
7/22/2025 20:00,Monsoon
7/22/2025 21:00,Monsoon
7/22/2025 22:00,Monsoon
7/22/2025 23:00,Monsoon
7/23/2025 0:00,Monsoon
7/23/2025 1:00,Monsoon
7/23/2025 2:00,Monsoon
7/23/2025 3:00,Monsoon
7/23/2025 4:00,Monsoon
7/23/2025 5:00,Monsoon
7/23/2025 6:00,Monsoon
7/23/2025 7:00,Monsoon
7/23/2025 8:00,Monsoon
7/23/2025 9:00,Monsoon
7/23/2025 10:00,Monsoon
7/23/2025 11:00,Monsoon
7/23/2025 12:00,Monsoon
7/23/2025 13:00,Monsoon
7/23/2025 14:00,Monsoon
7/23/2025 15:00,Monsoon
7/23/2025 16:00,Monsoon
7/23/2025 17:00,Monsoon
7/23/2025 18:00,Monsoon
7/23/2025 19:00,Monsoon
7/23/2025 20:00,Monsoon
7/23/2025 21:00,Monsoon
7/23/2025 22:00,Monsoon
7/23/2025 23:00,Monsoon
7/24/2025 0:00,Monsoon
7/24/2025 1:00,Monsoon
7/24/2025 2:00,Monsoon
7/24/2025 3:00,Monsoon
7/24/2025 4:00,Monsoon
7/24/2025 5:00,Monsoon
7/24/2025 6:00,Monsoon
7/24/2025 7:00,Monsoon
7/24/2025 8:00,Monsoon
7/24/2025 9:00,Monsoon
7/24/2025 10:00,Monsoon
7/24/2025 11:00,Monsoon
7/24/2025 12:00,Monsoon
7/24/2025 13:00,Monsoon
7/24/2025 14:00,Monsoon
7/24/2025 15:00,Monsoon
7/24/2025 16:00,Monsoon
7/24/2025 17:00,Monsoon
7/24/2025 18:00,Monsoon
7/24/2025 19:00,Monsoon
7/24/2025 20:00,Monsoon
7/24/2025 21:00,Monsoon
7/24/2025 22:00,Monsoon
7/24/2025 23:00,Monsoon
7/25/2025 0:00,Monsoon
7/25/2025 1:00,Monsoon
7/25/2025 2:00,Monsoon
7/25/2025 3:00,Monsoon
7/25/2025 4:00,Monsoon
7/25/2025 5:00,Monsoon
7/25/2025 6:00,Monsoon
7/25/2025 7:00,Monsoon
7/25/2025 8:00,Monsoon
7/25/2025 9:00,Monsoon
7/25/2025 10:00,Monsoon
7/25/2025 11:00,Monsoon
7/25/2025 12:00,Monsoon
7/25/2025 13:00,Monsoon
7/25/2025 14:00,Monsoon
7/25/2025 15:00,Monsoon
7/25/2025 16:00,Monsoon
7/25/2025 17:00,Monsoon
7/25/2025 18:00,Monsoon
7/25/2025 19:00,Monsoon
7/25/2025 20:00,Monsoon
7/25/2025 21:00,Monsoon
7/25/2025 22:00,Monsoon
7/25/2025 23:00,Monsoon
7/26/2025 0:00,Monsoon
7/26/2025 1:00,Monsoon
7/26/2025 2:00,Monsoon
7/26/2025 3:00,Monsoon
7/26/2025 4:00,Monsoon
7/26/2025 5:00,Monsoon
7/26/2025 6:00,Monsoon
7/26/2025 7:00,Monsoon
7/26/2025 8:00,Monsoon
7/26/2025 9:00,Monsoon
7/26/2025 10:00,Monsoon
7/26/2025 11:00,Monsoon
7/26/2025 12:00,Monsoon
7/26/2025 13:00,Monsoon
7/26/2025 14:00,Monsoon
7/26/2025 15:00,Monsoon
7/26/2025 16:00,Monsoon
7/26/2025 17:00,Monsoon
7/26/2025 18:00,Monsoon
7/26/2025 19:00,Monsoon
7/26/2025 20:00,Monsoon
7/26/2025 21:00,Monsoon
7/26/2025 22:00,Monsoon
7/26/2025 23:00,Monsoon
7/27/2025 0:00,Monsoon
7/27/2025 1:00,Monsoon
7/27/2025 2:00,Monsoon
7/27/2025 3:00,Monsoon
7/27/2025 4:00,Monsoon
7/27/2025 5:00,Monsoon
7/27/2025 6:00,Monsoon
7/27/2025 7:00,Monsoon
7/27/2025 8:00,Monsoon
7/27/2025 9:00,Monsoon
7/27/2025 10:00,Monsoon
7/27/2025 11:00,Monsoon
7/27/2025 12:00,Monsoon
7/27/2025 13:00,Monsoon
7/27/2025 14:00,Monsoon
7/27/2025 15:00,Monsoon
7/27/2025 16:00,Monsoon
7/27/2025 17:00,Monsoon
7/27/2025 18:00,Monsoon
7/27/2025 19:00,Monsoon
7/27/2025 20:00,Monsoon
7/27/2025 21:00,Monsoon
7/27/2025 22:00,Monsoon
7/27/2025 23:00,Monsoon
7/28/2025 0:00,Monsoon
7/28/2025 1:00,Monsoon
7/28/2025 2:00,Monsoon
7/28/2025 3:00,Monsoon
7/28/2025 4:00,Monsoon
7/28/2025 5:00,Monsoon
7/28/2025 6:00,Monsoon
7/28/2025 7:00,Monsoon
7/28/2025 8:00,Monsoon
7/28/2025 9:00,Monsoon
7/28/2025 10:00,Monsoon
7/28/2025 11:00,Monsoon
7/28/2025 12:00,Monsoon
7/28/2025 13:00,Monsoon
7/28/2025 14:00,Monsoon
7/28/2025 15:00,Monsoon
7/28/2025 16:00,Monsoon
7/28/2025 17:00,Monsoon
7/28/2025 18:00,Monsoon
7/28/2025 19:00,Monsoon
7/28/2025 20:00,Monsoon
7/28/2025 21:00,Monsoon
7/28/2025 22:00,Monsoon
7/28/2025 23:00,Monsoon
7/29/2025 0:00,Monsoon
7/29/2025 1:00,Monsoon
7/29/2025 2:00,Monsoon
7/29/2025 3:00,Monsoon
7/29/2025 4:00,Monsoon
7/29/2025 5:00,Monsoon
7/29/2025 6:00,Monsoon
7/29/2025 7:00,Monsoon
7/29/2025 8:00,Monsoon
7/29/2025 9:00,Monsoon
7/29/2025 10:00,Monsoon
7/29/2025 11:00,Monsoon
7/29/2025 12:00,Monsoon
7/29/2025 13:00,Monsoon
7/29/2025 14:00,Monsoon
7/29/2025 15:00,Monsoon
7/29/2025 16:00,Monsoon
7/29/2025 17:00,Monsoon
7/29/2025 18:00,Monsoon
7/29/2025 19:00,Monsoon
7/29/2025 20:00,Monsoon
7/29/2025 21:00,Monsoon
7/29/2025 22:00,Monsoon
7/29/2025 23:00,Monsoon
7/30/2025 0:00,Monsoon
7/30/2025 1:00,Monsoon
7/30/2025 2:00,Monsoon
7/30/2025 3:00,Monsoon
7/30/2025 4:00,Monsoon
7/30/2025 5:00,Monsoon
7/30/2025 6:00,Monsoon
7/30/2025 7:00,Monsoon
7/30/2025 8:00,Monsoon
7/30/2025 9:00,Monsoon
7/30/2025 10:00,Monsoon
7/30/2025 11:00,Monsoon
7/30/2025 12:00,Monsoon
7/30/2025 13:00,Monsoon
7/30/2025 14:00,Monsoon
7/30/2025 15:00,Monsoon
7/30/2025 16:00,Monsoon
7/30/2025 17:00,Monsoon
7/30/2025 18:00,Monsoon
7/30/2025 19:00,Monsoon
7/30/2025 20:00,Monsoon
7/30/2025 21:00,Monsoon
7/30/2025 22:00,Monsoon
7/30/2025 23:00,Monsoon
7/31/2025 0:00,Monsoon
7/31/2025 1:00,Monsoon
7/31/2025 2:00,Monsoon
7/31/2025 3:00,Monsoon
7/31/2025 4:00,Monsoon
7/31/2025 5:00,Monsoon
7/31/2025 6:00,Monsoon
7/31/2025 7:00,Monsoon
7/31/2025 8:00,Monsoon
7/31/2025 9:00,Monsoon
7/31/2025 10:00,Monsoon
7/31/2025 11:00,Monsoon
7/31/2025 12:00,Monsoon
7/31/2025 13:00,Monsoon
7/31/2025 14:00,Monsoon
7/31/2025 15:00,Monsoon
7/31/2025 16:00,Monsoon
7/31/2025 17:00,Monsoon
7/31/2025 18:00,Monsoon
7/31/2025 19:00,Monsoon
7/31/2025 20:00,Monsoon
7/31/2025 21:00,Monsoon
7/31/2025 22:00,Monsoon
7/31/2025 23:00,Monsoon
8/1/2025 0:00,Monsoon
8/1/2025 1:00,Monsoon
8/1/2025 2:00,Monsoon
8/1/2025 3:00,Monsoon
8/1/2025 4:00,Monsoon
8/1/2025 5:00,Monsoon
8/1/2025 6:00,Monsoon
8/1/2025 7:00,Monsoon
8/1/2025 8:00,Monsoon
8/1/2025 9:00,Monsoon
8/1/2025 10:00,Monsoon
8/1/2025 11:00,Monsoon
8/1/2025 12:00,Monsoon
8/1/2025 13:00,Monsoon
8/1/2025 14:00,Monsoon
8/1/2025 15:00,Monsoon
8/1/2025 16:00,Monsoon
8/1/2025 17:00,Monsoon
8/1/2025 18:00,Monsoon
8/1/2025 19:00,Monsoon
8/1/2025 20:00,Monsoon
8/1/2025 21:00,Monsoon
8/1/2025 22:00,Monsoon
8/1/2025 23:00,Monsoon
8/2/2025 0:00,Monsoon
8/2/2025 1:00,Monsoon
8/2/2025 2:00,Monsoon
8/2/2025 3:00,Monsoon
8/2/2025 4:00,Monsoon
8/2/2025 5:00,Monsoon
8/2/2025 6:00,Monsoon
8/2/2025 7:00,Monsoon
8/2/2025 8:00,Monsoon
8/2/2025 9:00,Monsoon
8/2/2025 10:00,Monsoon
8/2/2025 11:00,Monsoon
8/2/2025 12:00,Monsoon
8/2/2025 13:00,Monsoon
8/2/2025 14:00,Monsoon
8/2/2025 15:00,Monsoon
8/2/2025 16:00,Monsoon
8/2/2025 17:00,Monsoon
8/2/2025 18:00,Monsoon
8/2/2025 19:00,Monsoon
8/2/2025 20:00,Monsoon
8/2/2025 21:00,Monsoon
8/2/2025 22:00,Monsoon
8/2/2025 23:00,Monsoon
8/3/2025 0:00,Monsoon
8/3/2025 1:00,Monsoon
8/3/2025 2:00,Monsoon
8/3/2025 3:00,Monsoon
8/3/2025 4:00,Monsoon
8/3/2025 5:00,Monsoon
8/3/2025 6:00,Monsoon
8/3/2025 7:00,Monsoon
8/3/2025 8:00,Monsoon
8/3/2025 9:00,Monsoon
8/3/2025 10:00,Monsoon
8/3/2025 11:00,Monsoon
8/3/2025 12:00,Monsoon
8/3/2025 13:00,Monsoon
8/3/2025 14:00,Monsoon
8/3/2025 15:00,Monsoon
8/3/2025 16:00,Monsoon
8/3/2025 17:00,Monsoon
8/3/2025 18:00,Monsoon
8/3/2025 19:00,Monsoon
8/3/2025 20:00,Monsoon
8/3/2025 21:00,Monsoon
8/3/2025 22:00,Monsoon
8/3/2025 23:00,Monsoon
8/4/2025 0:00,Monsoon
8/4/2025 1:00,Monsoon
8/4/2025 2:00,Monsoon
8/4/2025 3:00,Monsoon
8/4/2025 4:00,Monsoon
8/4/2025 5:00,Monsoon
8/4/2025 6:00,Monsoon
8/4/2025 7:00,Monsoon
8/4/2025 8:00,Monsoon
8/4/2025 9:00,Monsoon
8/4/2025 10:00,Monsoon
8/4/2025 11:00,Monsoon
8/4/2025 12:00,Monsoon
8/4/2025 13:00,Monsoon
8/4/2025 14:00,Monsoon
8/4/2025 15:00,Monsoon
8/4/2025 16:00,Monsoon
8/4/2025 17:00,Monsoon
8/4/2025 18:00,Monsoon
8/4/2025 19:00,Monsoon
8/4/2025 20:00,Monsoon
8/4/2025 21:00,Monsoon
8/4/2025 22:00,Monsoon
8/4/2025 23:00,Monsoon
8/5/2025 0:00,Monsoon
8/5/2025 1:00,Monsoon
8/5/2025 2:00,Monsoon
8/5/2025 3:00,Monsoon
8/5/2025 4:00,Monsoon
8/5/2025 5:00,Monsoon
8/5/2025 6:00,Monsoon
8/5/2025 7:00,Monsoon
8/5/2025 8:00,Monsoon
8/5/2025 9:00,Monsoon
8/5/2025 10:00,Monsoon
8/5/2025 11:00,Monsoon
8/5/2025 12:00,Monsoon
8/5/2025 13:00,Monsoon
8/5/2025 14:00,Monsoon
8/5/2025 15:00,Monsoon
8/5/2025 16:00,Monsoon
8/5/2025 17:00,Monsoon
8/5/2025 18:00,Monsoon
8/5/2025 19:00,Monsoon
8/5/2025 20:00,Monsoon
8/5/2025 21:00,Monsoon
8/5/2025 22:00,Monsoon
8/5/2025 23:00,Monsoon
8/6/2025 0:00,Monsoon
8/6/2025 1:00,Monsoon
8/6/2025 2:00,Monsoon
8/6/2025 3:00,Monsoon
8/6/2025 4:00,Monsoon
8/6/2025 5:00,Monsoon
8/6/2025 6:00,Monsoon
8/6/2025 7:00,Monsoon
8/6/2025 8:00,Monsoon
8/6/2025 9:00,Monsoon
8/6/2025 10:00,Monsoon
8/6/2025 11:00,Monsoon
8/6/2025 12:00,Monsoon
8/6/2025 13:00,Monsoon
8/6/2025 14:00,Monsoon
8/6/2025 15:00,Monsoon
8/6/2025 16:00,Monsoon
8/6/2025 17:00,Monsoon
8/6/2025 18:00,Monsoon
8/6/2025 19:00,Monsoon
8/6/2025 20:00,Monsoon
8/6/2025 21:00,Monsoon
8/6/2025 22:00,Monsoon
8/6/2025 23:00,Monsoon
8/7/2025 0:00,Monsoon
8/7/2025 1:00,Monsoon
8/7/2025 2:00,Monsoon
8/7/2025 3:00,Monsoon
8/7/2025 4:00,Monsoon
8/7/2025 5:00,Monsoon
8/7/2025 6:00,Monsoon
8/7/2025 7:00,Monsoon
8/7/2025 8:00,Monsoon
8/7/2025 9:00,Monsoon
8/7/2025 10:00,Monsoon
8/7/2025 11:00,Monsoon
8/7/2025 12:00,Monsoon
8/7/2025 13:00,Monsoon
8/7/2025 14:00,Monsoon
8/7/2025 15:00,Monsoon
8/7/2025 16:00,Monsoon
8/7/2025 17:00,Monsoon
8/7/2025 18:00,Monsoon
8/7/2025 19:00,Monsoon
8/7/2025 20:00,Monsoon
8/7/2025 21:00,Monsoon
8/7/2025 22:00,Monsoon
8/7/2025 23:00,Monsoon
8/8/2025 0:00,Monsoon
8/8/2025 1:00,Monsoon
8/8/2025 2:00,Monsoon
8/8/2025 3:00,Monsoon
8/8/2025 4:00,Monsoon
8/8/2025 5:00,Monsoon
8/8/2025 6:00,Monsoon
8/8/2025 7:00,Monsoon
8/8/2025 8:00,Monsoon
8/8/2025 9:00,Monsoon
8/8/2025 10:00,Monsoon
8/8/2025 11:00,Monsoon
8/8/2025 12:00,Monsoon
8/8/2025 13:00,Monsoon
8/8/2025 14:00,Monsoon
8/8/2025 15:00,Monsoon
8/8/2025 16:00,Monsoon
8/8/2025 17:00,Monsoon
8/8/2025 18:00,Monsoon
8/8/2025 19:00,Monsoon
8/8/2025 20:00,Monsoon
8/8/2025 21:00,Monsoon
8/8/2025 22:00,Monsoon
8/8/2025 23:00,Monsoon
8/9/2025 0:00,Monsoon
8/9/2025 1:00,Monsoon
8/9/2025 2:00,Monsoon
8/9/2025 3:00,Monsoon
8/9/2025 4:00,Monsoon
8/9/2025 5:00,Monsoon
8/9/2025 6:00,Monsoon
8/9/2025 7:00,Monsoon
8/9/2025 8:00,Monsoon
8/9/2025 9:00,Monsoon
8/9/2025 10:00,Monsoon
8/9/2025 11:00,Monsoon
8/9/2025 12:00,Monsoon
8/9/2025 13:00,Monsoon
8/9/2025 14:00,Monsoon
8/9/2025 15:00,Monsoon
8/9/2025 16:00,Monsoon
8/9/2025 17:00,Monsoon
8/9/2025 18:00,Monsoon
8/9/2025 19:00,Monsoon
8/9/2025 20:00,Monsoon
8/9/2025 21:00,Monsoon
8/9/2025 22:00,Monsoon
8/9/2025 23:00,Monsoon
8/10/2025 0:00,Monsoon
8/10/2025 1:00,Monsoon
8/10/2025 2:00,Monsoon
8/10/2025 3:00,Monsoon
8/10/2025 4:00,Monsoon
8/10/2025 5:00,Monsoon
8/10/2025 6:00,Monsoon
8/10/2025 7:00,Monsoon
8/10/2025 8:00,Monsoon
8/10/2025 9:00,Monsoon
8/10/2025 10:00,Monsoon
8/10/2025 11:00,Monsoon
8/10/2025 12:00,Monsoon
8/10/2025 13:00,Monsoon
8/10/2025 14:00,Monsoon
8/10/2025 15:00,Monsoon
8/10/2025 16:00,Monsoon
8/10/2025 17:00,Monsoon
8/10/2025 18:00,Monsoon
8/10/2025 19:00,Monsoon
8/10/2025 20:00,Monsoon
8/10/2025 21:00,Monsoon
8/10/2025 22:00,Monsoon
8/10/2025 23:00,Monsoon
8/11/2025 0:00,Monsoon
8/11/2025 1:00,Monsoon
8/11/2025 2:00,Monsoon
8/11/2025 3:00,Monsoon
8/11/2025 4:00,Monsoon
8/11/2025 5:00,Monsoon
8/11/2025 6:00,Monsoon
8/11/2025 7:00,Monsoon
8/11/2025 8:00,Monsoon
8/11/2025 9:00,Monsoon
8/11/2025 10:00,Monsoon
8/11/2025 11:00,Monsoon
8/11/2025 12:00,Monsoon
8/11/2025 13:00,Monsoon
8/11/2025 14:00,Monsoon
8/11/2025 15:00,Monsoon
8/11/2025 16:00,Monsoon
8/11/2025 17:00,Monsoon
8/11/2025 18:00,Monsoon
8/11/2025 19:00,Monsoon
8/11/2025 20:00,Monsoon
8/11/2025 21:00,Monsoon
8/11/2025 22:00,Monsoon
8/11/2025 23:00,Monsoon
8/12/2025 0:00,Monsoon
8/12/2025 1:00,Monsoon
8/12/2025 2:00,Monsoon
8/12/2025 3:00,Monsoon
8/12/2025 4:00,Monsoon
8/12/2025 5:00,Monsoon
8/12/2025 6:00,Monsoon
8/12/2025 7:00,Monsoon
8/12/2025 8:00,Monsoon
8/12/2025 9:00,Monsoon
8/12/2025 10:00,Monsoon
8/12/2025 11:00,Monsoon
8/12/2025 12:00,Monsoon
8/12/2025 13:00,Monsoon
8/12/2025 14:00,Monsoon
8/12/2025 15:00,Monsoon
8/12/2025 16:00,Monsoon
8/12/2025 17:00,Monsoon
8/12/2025 18:00,Monsoon
8/12/2025 19:00,Monsoon
8/12/2025 20:00,Monsoon
8/12/2025 21:00,Monsoon
8/12/2025 22:00,Monsoon
8/12/2025 23:00,Monsoon
8/13/2025 0:00,Monsoon
8/13/2025 1:00,Monsoon
8/13/2025 2:00,Monsoon
8/13/2025 3:00,Monsoon
8/13/2025 4:00,Monsoon
8/13/2025 5:00,Monsoon
8/13/2025 6:00,Monsoon
8/13/2025 7:00,Monsoon
8/13/2025 8:00,Monsoon
8/13/2025 9:00,Monsoon
8/13/2025 10:00,Monsoon
8/13/2025 11:00,Monsoon
8/13/2025 12:00,Monsoon
8/13/2025 13:00,Monsoon
8/13/2025 14:00,Monsoon
8/13/2025 15:00,Monsoon
8/13/2025 16:00,Monsoon
8/13/2025 17:00,Monsoon
8/13/2025 18:00,Monsoon
8/13/2025 19:00,Monsoon
8/13/2025 20:00,Monsoon
8/13/2025 21:00,Monsoon
8/13/2025 22:00,Monsoon
8/13/2025 23:00,Monsoon
8/14/2025 0:00,Monsoon
8/14/2025 1:00,Monsoon
8/14/2025 2:00,Monsoon
8/14/2025 3:00,Monsoon
8/14/2025 4:00,Monsoon
8/14/2025 5:00,Monsoon
8/14/2025 6:00,Monsoon
8/14/2025 7:00,Monsoon
8/14/2025 8:00,Monsoon
8/14/2025 9:00,Monsoon
8/14/2025 10:00,Monsoon
8/14/2025 11:00,Monsoon
8/14/2025 12:00,Monsoon
8/14/2025 13:00,Monsoon
8/14/2025 14:00,Monsoon
8/14/2025 15:00,Monsoon
8/14/2025 16:00,Monsoon
8/14/2025 17:00,Monsoon
8/14/2025 18:00,Monsoon
8/14/2025 19:00,Monsoon
8/14/2025 20:00,Monsoon
8/14/2025 21:00,Monsoon
8/14/2025 22:00,Monsoon
8/14/2025 23:00,Monsoon
8/15/2025 0:00,Monsoon
8/15/2025 1:00,Monsoon
8/15/2025 2:00,Monsoon
8/15/2025 3:00,Monsoon
8/15/2025 4:00,Monsoon
8/15/2025 5:00,Monsoon
8/15/2025 6:00,Monsoon
8/15/2025 7:00,Monsoon
8/15/2025 8:00,Monsoon
8/15/2025 9:00,Monsoon
8/15/2025 10:00,Monsoon
8/15/2025 11:00,Monsoon
8/15/2025 12:00,Monsoon
8/15/2025 13:00,Monsoon
8/15/2025 14:00,Monsoon
8/15/2025 15:00,Monsoon
8/15/2025 16:00,Monsoon
8/15/2025 17:00,Monsoon
8/15/2025 18:00,Monsoon
8/15/2025 19:00,Monsoon
8/15/2025 20:00,Monsoon
8/15/2025 21:00,Monsoon
8/15/2025 22:00,Monsoon
8/15/2025 23:00,Monsoon
8/16/2025 0:00,Monsoon
8/16/2025 1:00,Monsoon
8/16/2025 2:00,Monsoon
8/16/2025 3:00,Monsoon
8/16/2025 4:00,Monsoon
8/16/2025 5:00,Monsoon
8/16/2025 6:00,Monsoon
8/16/2025 7:00,Monsoon
8/16/2025 8:00,Monsoon
8/16/2025 9:00,Monsoon
8/16/2025 10:00,Monsoon
8/16/2025 11:00,Monsoon
8/16/2025 12:00,Monsoon
8/16/2025 13:00,Monsoon
8/16/2025 14:00,Monsoon
8/16/2025 15:00,Monsoon
8/16/2025 16:00,Monsoon
8/16/2025 17:00,Monsoon
8/16/2025 18:00,Monsoon
8/16/2025 19:00,Monsoon
8/16/2025 20:00,Monsoon
8/16/2025 21:00,Monsoon
8/16/2025 22:00,Monsoon
8/16/2025 23:00,Monsoon
8/17/2025 0:00,Monsoon
8/17/2025 1:00,Monsoon
8/17/2025 2:00,Monsoon
8/17/2025 3:00,Monsoon
8/17/2025 4:00,Monsoon
8/17/2025 5:00,Monsoon
8/17/2025 6:00,Monsoon
8/17/2025 7:00,Monsoon
8/17/2025 8:00,Monsoon
8/17/2025 9:00,Monsoon
8/17/2025 10:00,Monsoon
8/17/2025 11:00,Monsoon
8/17/2025 12:00,Monsoon
8/17/2025 13:00,Monsoon
8/17/2025 14:00,Monsoon
8/17/2025 15:00,Monsoon
8/17/2025 16:00,Monsoon
8/17/2025 17:00,Monsoon
8/17/2025 18:00,Monsoon
8/17/2025 19:00,Monsoon
8/17/2025 20:00,Monsoon
8/17/2025 21:00,Monsoon
8/17/2025 22:00,Monsoon
8/17/2025 23:00,Monsoon
8/18/2025 0:00,Monsoon
8/18/2025 1:00,Monsoon
8/18/2025 2:00,Monsoon
8/18/2025 3:00,Monsoon
8/18/2025 4:00,Monsoon
8/18/2025 5:00,Monsoon
8/18/2025 6:00,Monsoon
8/18/2025 7:00,Monsoon
8/18/2025 8:00,Monsoon
8/18/2025 9:00,Monsoon
8/18/2025 10:00,Monsoon
8/18/2025 11:00,Monsoon
8/18/2025 12:00,Monsoon
8/18/2025 13:00,Monsoon
8/18/2025 14:00,Monsoon
8/18/2025 15:00,Monsoon
8/18/2025 16:00,Monsoon
8/18/2025 17:00,Monsoon
8/18/2025 18:00,Monsoon
8/18/2025 19:00,Monsoon
8/18/2025 20:00,Monsoon
8/18/2025 21:00,Monsoon
8/18/2025 22:00,Monsoon
8/18/2025 23:00,Monsoon
8/19/2025 0:00,Monsoon
8/19/2025 1:00,Monsoon
8/19/2025 2:00,Monsoon
8/19/2025 3:00,Monsoon
8/19/2025 4:00,Monsoon
8/19/2025 5:00,Monsoon
8/19/2025 6:00,Monsoon
8/19/2025 7:00,Monsoon
8/19/2025 8:00,Monsoon
8/19/2025 9:00,Monsoon
8/19/2025 10:00,Monsoon
8/19/2025 11:00,Monsoon
8/19/2025 12:00,Monsoon
8/19/2025 13:00,Monsoon
8/19/2025 14:00,Monsoon
8/19/2025 15:00,Monsoon
8/19/2025 16:00,Monsoon
8/19/2025 17:00,Monsoon
8/19/2025 18:00,Monsoon
8/19/2025 19:00,Monsoon
8/19/2025 20:00,Monsoon
8/19/2025 21:00,Monsoon
8/19/2025 22:00,Monsoon
8/19/2025 23:00,Monsoon
8/20/2025 0:00,Monsoon
8/20/2025 1:00,Monsoon
8/20/2025 2:00,Monsoon
8/20/2025 3:00,Monsoon
8/20/2025 4:00,Monsoon
8/20/2025 5:00,Monsoon
8/20/2025 6:00,Monsoon
8/20/2025 7:00,Monsoon
8/20/2025 8:00,Monsoon
8/20/2025 9:00,Monsoon
8/20/2025 10:00,Monsoon
8/20/2025 11:00,Monsoon
8/20/2025 12:00,Monsoon
8/20/2025 13:00,Monsoon
8/20/2025 14:00,Monsoon
8/20/2025 15:00,Monsoon
8/20/2025 16:00,Monsoon
8/20/2025 17:00,Monsoon
8/20/2025 18:00,Monsoon
8/20/2025 19:00,Monsoon
8/20/2025 20:00,Monsoon
8/20/2025 21:00,Monsoon
8/20/2025 22:00,Monsoon
8/20/2025 23:00,Monsoon
8/21/2025 0:00,Monsoon
8/21/2025 1:00,Monsoon
8/21/2025 2:00,Monsoon
8/21/2025 3:00,Monsoon
8/21/2025 4:00,Monsoon
8/21/2025 5:00,Monsoon
8/21/2025 6:00,Monsoon
8/21/2025 7:00,Monsoon
8/21/2025 8:00,Monsoon
8/21/2025 9:00,Monsoon
8/21/2025 10:00,Monsoon
8/21/2025 11:00,Monsoon
8/21/2025 12:00,Monsoon
8/21/2025 13:00,Monsoon
8/21/2025 14:00,Monsoon
8/21/2025 15:00,Monsoon
8/21/2025 16:00,Monsoon
8/21/2025 17:00,Monsoon
8/21/2025 18:00,Monsoon
8/21/2025 19:00,Monsoon
8/21/2025 20:00,Monsoon
8/21/2025 21:00,Monsoon
8/21/2025 22:00,Monsoon
8/21/2025 23:00,Monsoon
8/22/2025 0:00,Monsoon
8/22/2025 1:00,Monsoon
8/22/2025 2:00,Monsoon
8/22/2025 3:00,Monsoon
8/22/2025 4:00,Monsoon
8/22/2025 5:00,Monsoon
8/22/2025 6:00,Monsoon
8/22/2025 7:00,Monsoon
8/22/2025 8:00,Monsoon
8/22/2025 9:00,Monsoon
8/22/2025 10:00,Monsoon
8/22/2025 11:00,Monsoon
8/22/2025 12:00,Monsoon
8/22/2025 13:00,Monsoon
8/22/2025 14:00,Monsoon
8/22/2025 15:00,Monsoon
8/22/2025 16:00,Monsoon
8/22/2025 17:00,Monsoon
8/22/2025 18:00,Monsoon
8/22/2025 19:00,Monsoon
8/22/2025 20:00,Monsoon
8/22/2025 21:00,Monsoon
8/22/2025 22:00,Monsoon
8/22/2025 23:00,Monsoon
8/23/2025 0:00,Monsoon
8/23/2025 1:00,Monsoon
8/23/2025 2:00,Monsoon
8/23/2025 3:00,Monsoon
8/23/2025 4:00,Monsoon
8/23/2025 5:00,Monsoon
8/23/2025 6:00,Monsoon
8/23/2025 7:00,Monsoon
8/23/2025 8:00,Monsoon
8/23/2025 9:00,Monsoon
8/23/2025 10:00,Monsoon
8/23/2025 11:00,Monsoon
8/23/2025 12:00,Monsoon
8/23/2025 13:00,Monsoon
8/23/2025 14:00,Monsoon
8/23/2025 15:00,Monsoon
8/23/2025 16:00,Monsoon
8/23/2025 17:00,Monsoon
8/23/2025 18:00,Monsoon
8/23/2025 19:00,Monsoon
8/23/2025 20:00,Monsoon
8/23/2025 21:00,Monsoon
8/23/2025 22:00,Monsoon
8/23/2025 23:00,Monsoon
8/24/2025 0:00,Monsoon
8/24/2025 1:00,Monsoon
8/24/2025 2:00,Monsoon
8/24/2025 3:00,Monsoon
8/24/2025 4:00,Monsoon
8/24/2025 5:00,Monsoon
8/24/2025 6:00,Monsoon
8/24/2025 7:00,Monsoon
8/24/2025 8:00,Monsoon
8/24/2025 9:00,Monsoon
8/24/2025 10:00,Monsoon
8/24/2025 11:00,Monsoon
8/24/2025 12:00,Monsoon
8/24/2025 13:00,Monsoon
8/24/2025 14:00,Monsoon
8/24/2025 15:00,Monsoon
8/24/2025 16:00,Monsoon
8/24/2025 17:00,Monsoon
8/24/2025 18:00,Monsoon
8/24/2025 19:00,Monsoon
8/24/2025 20:00,Monsoon
8/24/2025 21:00,Monsoon
8/24/2025 22:00,Monsoon
8/24/2025 23:00,Monsoon
8/25/2025 0:00,Monsoon
8/25/2025 1:00,Monsoon
8/25/2025 2:00,Monsoon
8/25/2025 3:00,Monsoon
8/25/2025 4:00,Monsoon
8/25/2025 5:00,Monsoon
8/25/2025 6:00,Monsoon
8/25/2025 7:00,Monsoon
8/25/2025 8:00,Monsoon
8/25/2025 9:00,Monsoon
8/25/2025 10:00,Monsoon
8/25/2025 11:00,Monsoon
8/25/2025 12:00,Monsoon
8/25/2025 13:00,Monsoon
8/25/2025 14:00,Monsoon
8/25/2025 15:00,Monsoon
8/25/2025 16:00,Monsoon
8/25/2025 17:00,Monsoon
8/25/2025 18:00,Monsoon
8/25/2025 19:00,Monsoon
8/25/2025 20:00,Monsoon
8/25/2025 21:00,Monsoon
8/25/2025 22:00,Monsoon
8/25/2025 23:00,Monsoon
8/26/2025 0:00,Monsoon
8/26/2025 1:00,Monsoon
8/26/2025 2:00,Monsoon
8/26/2025 3:00,Monsoon
8/26/2025 4:00,Monsoon
8/26/2025 5:00,Monsoon
8/26/2025 6:00,Monsoon
8/26/2025 7:00,Monsoon
8/26/2025 8:00,Monsoon
8/26/2025 9:00,Monsoon
8/26/2025 10:00,Monsoon
8/26/2025 11:00,Monsoon
8/26/2025 12:00,Monsoon
8/26/2025 13:00,Monsoon
8/26/2025 14:00,Monsoon
8/26/2025 15:00,Monsoon
8/26/2025 16:00,Monsoon
8/26/2025 17:00,Monsoon
8/26/2025 18:00,Monsoon
8/26/2025 19:00,Monsoon
8/26/2025 20:00,Monsoon
8/26/2025 21:00,Monsoon
8/26/2025 22:00,Monsoon
8/26/2025 23:00,Monsoon
8/27/2025 0:00,Monsoon
8/27/2025 1:00,Monsoon
8/27/2025 2:00,Monsoon
8/27/2025 3:00,Monsoon
8/27/2025 4:00,Monsoon
8/27/2025 5:00,Monsoon
8/27/2025 6:00,Monsoon
8/27/2025 7:00,Monsoon
8/27/2025 8:00,Monsoon
8/27/2025 9:00,Monsoon
8/27/2025 10:00,Monsoon
8/27/2025 11:00,Monsoon
8/27/2025 12:00,Monsoon
8/27/2025 13:00,Monsoon
8/27/2025 14:00,Monsoon
8/27/2025 15:00,Monsoon
8/27/2025 16:00,Monsoon
8/27/2025 17:00,Monsoon
8/27/2025 18:00,Monsoon
8/27/2025 19:00,Monsoon
8/27/2025 20:00,Monsoon
8/27/2025 21:00,Monsoon
8/27/2025 22:00,Monsoon
8/27/2025 23:00,Monsoon
8/28/2025 0:00,Monsoon
8/28/2025 1:00,Monsoon
8/28/2025 2:00,Monsoon
8/28/2025 3:00,Monsoon
8/28/2025 4:00,Monsoon
8/28/2025 5:00,Monsoon
8/28/2025 6:00,Monsoon
8/28/2025 7:00,Monsoon
8/28/2025 8:00,Monsoon
8/28/2025 9:00,Monsoon
8/28/2025 10:00,Monsoon
8/28/2025 11:00,Monsoon
8/28/2025 12:00,Monsoon
8/28/2025 13:00,Monsoon
8/28/2025 14:00,Monsoon
8/28/2025 15:00,Monsoon
8/28/2025 16:00,Monsoon
8/28/2025 17:00,Monsoon
8/28/2025 18:00,Monsoon
8/28/2025 19:00,Monsoon
8/28/2025 20:00,Monsoon
8/28/2025 21:00,Monsoon
8/28/2025 22:00,Monsoon
8/28/2025 23:00,Monsoon
8/29/2025 0:00,Monsoon
8/29/2025 1:00,Monsoon
8/29/2025 2:00,Monsoon
8/29/2025 3:00,Monsoon
8/29/2025 4:00,Monsoon
8/29/2025 5:00,Monsoon
8/29/2025 6:00,Monsoon
8/29/2025 7:00,Monsoon
8/29/2025 8:00,Monsoon
8/29/2025 9:00,Monsoon
8/29/2025 10:00,Monsoon
8/29/2025 11:00,Monsoon
8/29/2025 12:00,Monsoon
8/29/2025 13:00,Monsoon
8/29/2025 14:00,Monsoon
8/29/2025 15:00,Monsoon
8/29/2025 16:00,Monsoon
8/29/2025 17:00,Monsoon
8/29/2025 18:00,Monsoon
8/29/2025 19:00,Monsoon
8/29/2025 20:00,Monsoon
8/29/2025 21:00,Monsoon
8/29/2025 22:00,Monsoon
8/29/2025 23:00,Monsoon
8/30/2025 0:00,Monsoon
8/30/2025 1:00,Monsoon
8/30/2025 2:00,Monsoon
8/30/2025 3:00,Monsoon
8/30/2025 4:00,Monsoon
8/30/2025 5:00,Monsoon
8/30/2025 6:00,Monsoon
8/30/2025 7:00,Monsoon
8/30/2025 8:00,Monsoon
8/30/2025 9:00,Monsoon
8/30/2025 10:00,Monsoon
8/30/2025 11:00,Monsoon
8/30/2025 12:00,Monsoon
8/30/2025 13:00,Monsoon
8/30/2025 14:00,Monsoon
8/30/2025 15:00,Monsoon
8/30/2025 16:00,Monsoon
8/30/2025 17:00,Monsoon
8/30/2025 18:00,Monsoon
8/30/2025 19:00,Monsoon
8/30/2025 20:00,Monsoon
8/30/2025 21:00,Monsoon
8/30/2025 22:00,Monsoon
8/30/2025 23:00,Monsoon
8/31/2025 0:00,Monsoon
8/31/2025 1:00,Monsoon
8/31/2025 2:00,Monsoon
8/31/2025 3:00,Monsoon
8/31/2025 4:00,Monsoon
8/31/2025 5:00,Monsoon
8/31/2025 6:00,Monsoon
8/31/2025 7:00,Monsoon
8/31/2025 8:00,Monsoon
8/31/2025 9:00,Monsoon
8/31/2025 10:00,Monsoon
8/31/2025 11:00,Monsoon
8/31/2025 12:00,Monsoon
8/31/2025 13:00,Monsoon
8/31/2025 14:00,Monsoon
8/31/2025 15:00,Monsoon
8/31/2025 16:00,Monsoon
8/31/2025 17:00,Monsoon
8/31/2025 18:00,Monsoon
8/31/2025 19:00,Monsoon
8/31/2025 20:00,Monsoon
8/31/2025 21:00,Monsoon
8/31/2025 22:00,Monsoon
8/31/2025 23:00,Monsoon
9/1/2025 0:00,Monsoon
9/1/2025 1:00,Monsoon
9/1/2025 2:00,Monsoon
9/1/2025 3:00,Monsoon
9/1/2025 4:00,Monsoon
9/1/2025 5:00,Monsoon
9/1/2025 6:00,Monsoon
9/1/2025 7:00,Monsoon
9/1/2025 8:00,Monsoon
9/1/2025 9:00,Monsoon
9/1/2025 10:00,Monsoon
9/1/2025 11:00,Monsoon
9/1/2025 12:00,Monsoon
9/1/2025 13:00,Monsoon
9/1/2025 14:00,Monsoon
9/1/2025 15:00,Monsoon
9/1/2025 16:00,Monsoon
9/1/2025 17:00,Monsoon
9/1/2025 18:00,Monsoon
9/1/2025 19:00,Monsoon
9/1/2025 20:00,Monsoon
9/1/2025 21:00,Monsoon
9/1/2025 22:00,Monsoon
9/1/2025 23:00,Monsoon
9/2/2025 0:00,Monsoon
9/2/2025 1:00,Monsoon
9/2/2025 2:00,Monsoon
9/2/2025 3:00,Monsoon
9/2/2025 4:00,Monsoon
9/2/2025 5:00,Monsoon
9/2/2025 6:00,Monsoon
9/2/2025 7:00,Monsoon
9/2/2025 8:00,Monsoon
9/2/2025 9:00,Monsoon
9/2/2025 10:00,Monsoon
9/2/2025 11:00,Monsoon
9/2/2025 12:00,Monsoon
9/2/2025 13:00,Monsoon
9/2/2025 14:00,Monsoon
9/2/2025 15:00,Monsoon
9/2/2025 16:00,Monsoon
9/2/2025 17:00,Monsoon
9/2/2025 18:00,Monsoon
9/2/2025 19:00,Monsoon
9/2/2025 20:00,Monsoon
9/2/2025 21:00,Monsoon
9/2/2025 22:00,Monsoon
9/2/2025 23:00,Monsoon
9/3/2025 0:00,Monsoon
9/3/2025 1:00,Monsoon
9/3/2025 2:00,Monsoon
9/3/2025 3:00,Monsoon
9/3/2025 4:00,Monsoon
9/3/2025 5:00,Monsoon
9/3/2025 6:00,Monsoon
9/3/2025 7:00,Monsoon
9/3/2025 8:00,Monsoon
9/3/2025 9:00,Monsoon
9/3/2025 10:00,Monsoon
9/3/2025 11:00,Monsoon
9/3/2025 12:00,Monsoon
9/3/2025 13:00,Monsoon
9/3/2025 14:00,Monsoon
9/3/2025 15:00,Monsoon
9/3/2025 16:00,Monsoon
9/3/2025 17:00,Monsoon
9/3/2025 18:00,Monsoon
9/3/2025 19:00,Monsoon
9/3/2025 20:00,Monsoon
9/3/2025 21:00,Monsoon
9/3/2025 22:00,Monsoon
9/3/2025 23:00,Monsoon
9/4/2025 0:00,Monsoon
9/4/2025 1:00,Monsoon
9/4/2025 2:00,Monsoon
9/4/2025 3:00,Monsoon
9/4/2025 4:00,Monsoon
9/4/2025 5:00,Monsoon
9/4/2025 6:00,Monsoon
9/4/2025 7:00,Monsoon
9/4/2025 8:00,Monsoon
9/4/2025 9:00,Monsoon
9/4/2025 10:00,Monsoon
9/4/2025 11:00,Monsoon
9/4/2025 12:00,Monsoon
9/4/2025 13:00,Monsoon
9/4/2025 14:00,Monsoon
9/4/2025 15:00,Monsoon
9/4/2025 16:00,Monsoon
9/4/2025 17:00,Monsoon
9/4/2025 18:00,Monsoon
9/4/2025 19:00,Monsoon
9/4/2025 20:00,Monsoon
9/4/2025 21:00,Monsoon
9/4/2025 22:00,Monsoon
9/4/2025 23:00,Monsoon
9/5/2025 0:00,Monsoon
9/5/2025 1:00,Monsoon
9/5/2025 2:00,Monsoon
9/5/2025 3:00,Monsoon
9/5/2025 4:00,Monsoon
9/5/2025 5:00,Monsoon
9/5/2025 6:00,Monsoon
9/5/2025 7:00,Monsoon
9/5/2025 8:00,Monsoon
9/5/2025 9:00,Monsoon
9/5/2025 10:00,Monsoon
9/5/2025 11:00,Monsoon
9/5/2025 12:00,Monsoon
9/5/2025 13:00,Monsoon
9/5/2025 14:00,Monsoon
9/5/2025 15:00,Monsoon
9/5/2025 16:00,Monsoon
9/5/2025 17:00,Monsoon
9/5/2025 18:00,Monsoon
9/5/2025 19:00,Monsoon
9/5/2025 20:00,Monsoon
9/5/2025 21:00,Monsoon
9/5/2025 22:00,Monsoon
9/5/2025 23:00,Monsoon
9/6/2025 0:00,Monsoon
9/6/2025 1:00,Monsoon
9/6/2025 2:00,Monsoon
9/6/2025 3:00,Monsoon
9/6/2025 4:00,Monsoon
9/6/2025 5:00,Monsoon
9/6/2025 6:00,Monsoon
9/6/2025 7:00,Monsoon
9/6/2025 8:00,Monsoon
9/6/2025 9:00,Monsoon
9/6/2025 10:00,Monsoon
9/6/2025 11:00,Monsoon
9/6/2025 12:00,Monsoon
9/6/2025 13:00,Monsoon
9/6/2025 14:00,Monsoon
9/6/2025 15:00,Monsoon
9/6/2025 16:00,Monsoon
9/6/2025 17:00,Monsoon
9/6/2025 18:00,Monsoon
9/6/2025 19:00,Monsoon
9/6/2025 20:00,Monsoon
9/6/2025 21:00,Monsoon
9/6/2025 22:00,Monsoon
9/6/2025 23:00,Monsoon
9/7/2025 0:00,Monsoon
9/7/2025 1:00,Monsoon
9/7/2025 2:00,Monsoon
9/7/2025 3:00,Monsoon
9/7/2025 4:00,Monsoon
9/7/2025 5:00,Monsoon
9/7/2025 6:00,Monsoon
9/7/2025 7:00,Monsoon
9/7/2025 8:00,Monsoon
9/7/2025 9:00,Monsoon
9/7/2025 10:00,Monsoon
9/7/2025 11:00,Monsoon
9/7/2025 12:00,Monsoon
9/7/2025 13:00,Monsoon
9/7/2025 14:00,Monsoon
9/7/2025 15:00,Monsoon
9/7/2025 16:00,Monsoon
9/7/2025 17:00,Monsoon
9/7/2025 18:00,Monsoon
9/7/2025 19:00,Monsoon
9/7/2025 20:00,Monsoon
9/7/2025 21:00,Monsoon
9/7/2025 22:00,Monsoon
9/7/2025 23:00,Monsoon
9/8/2025 0:00,Monsoon
9/8/2025 1:00,Monsoon
9/8/2025 2:00,Monsoon
9/8/2025 3:00,Monsoon
9/8/2025 4:00,Monsoon
9/8/2025 5:00,Monsoon
9/8/2025 6:00,Monsoon
9/8/2025 7:00,Monsoon
9/8/2025 8:00,Monsoon
9/8/2025 9:00,Monsoon
9/8/2025 10:00,Monsoon
9/8/2025 11:00,Monsoon
9/8/2025 12:00,Monsoon
9/8/2025 13:00,Monsoon
9/8/2025 14:00,Monsoon
9/8/2025 15:00,Monsoon
9/8/2025 16:00,Monsoon
9/8/2025 17:00,Monsoon
9/8/2025 18:00,Monsoon
9/8/2025 19:00,Monsoon
9/8/2025 20:00,Monsoon
9/8/2025 21:00,Monsoon
9/8/2025 22:00,Monsoon
9/8/2025 23:00,Monsoon
9/9/2025 0:00,Monsoon
9/9/2025 1:00,Monsoon
9/9/2025 2:00,Monsoon
9/9/2025 3:00,Monsoon
9/9/2025 4:00,Monsoon
9/9/2025 5:00,Monsoon
9/9/2025 6:00,Monsoon
9/9/2025 7:00,Monsoon
9/9/2025 8:00,Monsoon
9/9/2025 9:00,Monsoon
9/9/2025 10:00,Monsoon
9/9/2025 11:00,Monsoon
9/9/2025 12:00,Monsoon
9/9/2025 13:00,Monsoon
9/9/2025 14:00,Monsoon
9/9/2025 15:00,Monsoon
9/9/2025 16:00,Monsoon
9/9/2025 17:00,Monsoon
9/9/2025 18:00,Monsoon
9/9/2025 19:00,Monsoon
9/9/2025 20:00,Monsoon
9/9/2025 21:00,Monsoon
9/9/2025 22:00,Monsoon
9/9/2025 23:00,Monsoon
9/10/2025 0:00,Monsoon
9/10/2025 1:00,Monsoon
9/10/2025 2:00,Monsoon
9/10/2025 3:00,Monsoon
9/10/2025 4:00,Monsoon
9/10/2025 5:00,Monsoon
9/10/2025 6:00,Monsoon
9/10/2025 7:00,Monsoon
9/10/2025 8:00,Monsoon
9/10/2025 9:00,Monsoon
9/10/2025 10:00,Monsoon
9/10/2025 11:00,Monsoon
9/10/2025 12:00,Monsoon
9/10/2025 13:00,Monsoon
9/10/2025 14:00,Monsoon
9/10/2025 15:00,Monsoon
9/10/2025 16:00,Monsoon
9/10/2025 17:00,Monsoon
9/10/2025 18:00,Monsoon
9/10/2025 19:00,Monsoon
9/10/2025 20:00,Monsoon
9/10/2025 21:00,Monsoon
9/10/2025 22:00,Monsoon
9/10/2025 23:00,Monsoon
9/11/2025 0:00,Monsoon
9/11/2025 1:00,Monsoon
9/11/2025 2:00,Monsoon
9/11/2025 3:00,Monsoon
9/11/2025 4:00,Monsoon
9/11/2025 5:00,Monsoon
9/11/2025 6:00,Monsoon
9/11/2025 7:00,Monsoon
9/11/2025 8:00,Monsoon
9/11/2025 9:00,Monsoon
9/11/2025 10:00,Monsoon
9/11/2025 11:00,Monsoon
9/11/2025 12:00,Monsoon
9/11/2025 13:00,Monsoon
9/11/2025 14:00,Monsoon
9/11/2025 15:00,Monsoon
9/11/2025 16:00,Monsoon
9/11/2025 17:00,Monsoon
9/11/2025 18:00,Monsoon
9/11/2025 19:00,Monsoon
9/11/2025 20:00,Monsoon
9/11/2025 21:00,Monsoon
9/11/2025 22:00,Monsoon
9/11/2025 23:00,Monsoon
9/12/2025 0:00,Monsoon
9/12/2025 1:00,Monsoon
9/12/2025 2:00,Monsoon
9/12/2025 3:00,Monsoon
9/12/2025 4:00,Monsoon
9/12/2025 5:00,Monsoon
9/12/2025 6:00,Monsoon
9/12/2025 7:00,Monsoon
9/12/2025 8:00,Monsoon
9/12/2025 9:00,Monsoon
9/12/2025 10:00,Monsoon
9/12/2025 11:00,Monsoon
9/12/2025 12:00,Monsoon
9/12/2025 13:00,Monsoon
9/12/2025 14:00,Monsoon
9/12/2025 15:00,Monsoon
9/12/2025 16:00,Monsoon
9/12/2025 17:00,Monsoon
9/12/2025 18:00,Monsoon
9/12/2025 19:00,Monsoon
9/12/2025 20:00,Monsoon
9/12/2025 21:00,Monsoon
9/12/2025 22:00,Monsoon
9/12/2025 23:00,Monsoon
9/13/2025 0:00,Monsoon
9/13/2025 1:00,Monsoon
9/13/2025 2:00,Monsoon
9/13/2025 3:00,Monsoon
9/13/2025 4:00,Monsoon
9/13/2025 5:00,Monsoon
9/13/2025 6:00,Monsoon
9/13/2025 7:00,Monsoon
9/13/2025 8:00,Monsoon
9/13/2025 9:00,Monsoon
9/13/2025 10:00,Monsoon
9/13/2025 11:00,Monsoon
9/13/2025 12:00,Monsoon
9/13/2025 13:00,Monsoon
9/13/2025 14:00,Monsoon
9/13/2025 15:00,Monsoon
9/13/2025 16:00,Monsoon
9/13/2025 17:00,Monsoon
9/13/2025 18:00,Monsoon
9/13/2025 19:00,Monsoon
9/13/2025 20:00,Monsoon
9/13/2025 21:00,Monsoon
9/13/2025 22:00,Monsoon
9/13/2025 23:00,Monsoon
9/14/2025 0:00,Monsoon
9/14/2025 1:00,Monsoon
9/14/2025 2:00,Monsoon
9/14/2025 3:00,Monsoon
9/14/2025 4:00,Monsoon
9/14/2025 5:00,Monsoon
9/14/2025 6:00,Monsoon
9/14/2025 7:00,Monsoon
9/14/2025 8:00,Monsoon
9/14/2025 9:00,Monsoon
9/14/2025 10:00,Monsoon
9/14/2025 11:00,Monsoon
9/14/2025 12:00,Monsoon
9/14/2025 13:00,Monsoon
9/14/2025 14:00,Monsoon
9/14/2025 15:00,Monsoon
9/14/2025 16:00,Monsoon
9/14/2025 17:00,Monsoon
9/14/2025 18:00,Monsoon
9/14/2025 19:00,Monsoon
9/14/2025 20:00,Monsoon
9/14/2025 21:00,Monsoon
9/14/2025 22:00,Monsoon
9/14/2025 23:00,Monsoon
9/15/2025 0:00,Monsoon
9/15/2025 1:00,Monsoon
9/15/2025 2:00,Monsoon
9/15/2025 3:00,Monsoon
9/15/2025 4:00,Monsoon
9/15/2025 5:00,Monsoon
9/15/2025 6:00,Monsoon
9/15/2025 7:00,Monsoon
9/15/2025 8:00,Monsoon
9/15/2025 9:00,Monsoon
9/15/2025 10:00,Monsoon
9/15/2025 11:00,Monsoon
9/15/2025 12:00,Monsoon
9/15/2025 13:00,Monsoon
9/15/2025 14:00,Monsoon
9/15/2025 15:00,Monsoon
9/15/2025 16:00,Monsoon
9/15/2025 17:00,Monsoon
9/15/2025 18:00,Monsoon
9/15/2025 19:00,Monsoon
9/15/2025 20:00,Monsoon
9/15/2025 21:00,Monsoon
9/15/2025 22:00,Monsoon
9/15/2025 23:00,Monsoon
9/16/2025 0:00,Monsoon
9/16/2025 1:00,Monsoon
9/16/2025 2:00,Monsoon
9/16/2025 3:00,Monsoon
9/16/2025 4:00,Monsoon
9/16/2025 5:00,Monsoon
9/16/2025 6:00,Monsoon
9/16/2025 7:00,Monsoon
9/16/2025 8:00,Monsoon
9/16/2025 9:00,Monsoon
9/16/2025 10:00,Monsoon
9/16/2025 11:00,Monsoon
9/16/2025 12:00,Monsoon
9/16/2025 13:00,Monsoon
9/16/2025 14:00,Monsoon
9/16/2025 15:00,Monsoon
9/16/2025 16:00,Monsoon
9/16/2025 17:00,Monsoon
9/16/2025 18:00,Monsoon
9/16/2025 19:00,Monsoon
9/16/2025 20:00,Monsoon
9/16/2025 21:00,Monsoon
9/16/2025 22:00,Monsoon
9/16/2025 23:00,Monsoon
9/17/2025 0:00,Monsoon
9/17/2025 1:00,Monsoon
9/17/2025 2:00,Monsoon
9/17/2025 3:00,Monsoon
9/17/2025 4:00,Monsoon
9/17/2025 5:00,Monsoon
9/17/2025 6:00,Monsoon
9/17/2025 7:00,Monsoon
9/17/2025 8:00,Monsoon
9/17/2025 9:00,Monsoon
9/17/2025 10:00,Monsoon
9/17/2025 11:00,Monsoon
9/17/2025 12:00,Monsoon
9/17/2025 13:00,Monsoon
9/17/2025 14:00,Monsoon
9/17/2025 15:00,Monsoon
9/17/2025 16:00,Monsoon
9/17/2025 17:00,Monsoon
9/17/2025 18:00,Monsoon
9/17/2025 19:00,Monsoon
9/17/2025 20:00,Monsoon
9/17/2025 21:00,Monsoon
9/17/2025 22:00,Monsoon
9/17/2025 23:00,Monsoon
9/18/2025 0:00,Monsoon
9/18/2025 1:00,Monsoon
9/18/2025 2:00,Monsoon
9/18/2025 3:00,Monsoon
9/18/2025 4:00,Monsoon
9/18/2025 5:00,Monsoon
9/18/2025 6:00,Monsoon
9/18/2025 7:00,Monsoon
9/18/2025 8:00,Monsoon
9/18/2025 9:00,Monsoon
9/18/2025 10:00,Monsoon
9/18/2025 11:00,Monsoon
9/18/2025 12:00,Monsoon
9/18/2025 13:00,Monsoon
9/18/2025 14:00,Monsoon
9/18/2025 15:00,Monsoon
9/18/2025 16:00,Monsoon
9/18/2025 17:00,Monsoon
9/18/2025 18:00,Monsoon
9/18/2025 19:00,Monsoon
9/18/2025 20:00,Monsoon
9/18/2025 21:00,Monsoon
9/18/2025 22:00,Monsoon
9/18/2025 23:00,Monsoon
9/19/2025 0:00,Monsoon
9/19/2025 1:00,Monsoon
9/19/2025 2:00,Monsoon
9/19/2025 3:00,Monsoon
9/19/2025 4:00,Monsoon
9/19/2025 5:00,Monsoon
9/19/2025 6:00,Monsoon
9/19/2025 7:00,Monsoon
9/19/2025 8:00,Monsoon
9/19/2025 9:00,Monsoon
9/19/2025 10:00,Monsoon
9/19/2025 11:00,Monsoon
9/19/2025 12:00,Monsoon
9/19/2025 13:00,Monsoon
9/19/2025 14:00,Monsoon
9/19/2025 15:00,Monsoon
9/19/2025 16:00,Monsoon
9/19/2025 17:00,Monsoon
9/19/2025 18:00,Monsoon
9/19/2025 19:00,Monsoon
9/19/2025 20:00,Monsoon
9/19/2025 21:00,Monsoon
9/19/2025 22:00,Monsoon
9/19/2025 23:00,Monsoon
9/20/2025 0:00,Monsoon
9/20/2025 1:00,Monsoon
9/20/2025 2:00,Monsoon
9/20/2025 3:00,Monsoon
9/20/2025 4:00,Monsoon
9/20/2025 5:00,Monsoon
9/20/2025 6:00,Monsoon
9/20/2025 7:00,Monsoon
9/20/2025 8:00,Monsoon
9/20/2025 9:00,Monsoon
9/20/2025 10:00,Monsoon
9/20/2025 11:00,Monsoon
9/20/2025 12:00,Monsoon
9/20/2025 13:00,Monsoon
9/20/2025 14:00,Monsoon
9/20/2025 15:00,Monsoon
9/20/2025 16:00,Monsoon
9/20/2025 17:00,Monsoon
9/20/2025 18:00,Monsoon
9/20/2025 19:00,Monsoon
9/20/2025 20:00,Monsoon
9/20/2025 21:00,Monsoon
9/20/2025 22:00,Monsoon
9/20/2025 23:00,Monsoon
9/21/2025 0:00,Monsoon
9/21/2025 1:00,Monsoon
9/21/2025 2:00,Monsoon
9/21/2025 3:00,Monsoon
9/21/2025 4:00,Monsoon
9/21/2025 5:00,Monsoon
9/21/2025 6:00,Monsoon
9/21/2025 7:00,Monsoon
9/21/2025 8:00,Monsoon
9/21/2025 9:00,Monsoon
9/21/2025 10:00,Monsoon
9/21/2025 11:00,Monsoon
9/21/2025 12:00,Monsoon
9/21/2025 13:00,Monsoon
9/21/2025 14:00,Monsoon
9/21/2025 15:00,Monsoon
9/21/2025 16:00,Monsoon
9/21/2025 17:00,Monsoon
9/21/2025 18:00,Monsoon
9/21/2025 19:00,Monsoon
9/21/2025 20:00,Monsoon
9/21/2025 21:00,Monsoon
9/21/2025 22:00,Monsoon
9/21/2025 23:00,Monsoon
9/22/2025 0:00,Monsoon
9/22/2025 1:00,Monsoon
9/22/2025 2:00,Monsoon
9/22/2025 3:00,Monsoon
9/22/2025 4:00,Monsoon
9/22/2025 5:00,Monsoon
9/22/2025 6:00,Monsoon
9/22/2025 7:00,Monsoon
9/22/2025 8:00,Monsoon
9/22/2025 9:00,Monsoon
9/22/2025 10:00,Monsoon
9/22/2025 11:00,Monsoon
9/22/2025 12:00,Monsoon
9/22/2025 13:00,Monsoon
9/22/2025 14:00,Monsoon
9/22/2025 15:00,Monsoon
9/22/2025 16:00,Monsoon
9/22/2025 17:00,Monsoon
9/22/2025 18:00,Monsoon
9/22/2025 19:00,Monsoon
9/22/2025 20:00,Monsoon
9/22/2025 21:00,Monsoon
9/22/2025 22:00,Monsoon
9/22/2025 23:00,Monsoon
9/23/2025 0:00,Monsoon
9/23/2025 1:00,Monsoon
9/23/2025 2:00,Monsoon
9/23/2025 3:00,Monsoon
9/23/2025 4:00,Monsoon
9/23/2025 5:00,Monsoon
9/23/2025 6:00,Monsoon
9/23/2025 7:00,Monsoon
9/23/2025 8:00,Monsoon
9/23/2025 9:00,Monsoon
9/23/2025 10:00,Monsoon
9/23/2025 11:00,Monsoon
9/23/2025 12:00,Monsoon
9/23/2025 13:00,Monsoon
9/23/2025 14:00,Monsoon
9/23/2025 15:00,Monsoon
9/23/2025 16:00,Monsoon
9/23/2025 17:00,Monsoon
9/23/2025 18:00,Monsoon
9/23/2025 19:00,Monsoon
9/23/2025 20:00,Monsoon
9/23/2025 21:00,Monsoon
9/23/2025 22:00,Monsoon
9/23/2025 23:00,Monsoon
9/24/2025 0:00,Monsoon
9/24/2025 1:00,Monsoon
9/24/2025 2:00,Monsoon
9/24/2025 3:00,Monsoon
9/24/2025 4:00,Monsoon
9/24/2025 5:00,Monsoon
9/24/2025 6:00,Monsoon
9/24/2025 7:00,Monsoon
9/24/2025 8:00,Monsoon
9/24/2025 9:00,Monsoon
9/24/2025 10:00,Monsoon
9/24/2025 11:00,Monsoon
9/24/2025 12:00,Monsoon
9/24/2025 13:00,Monsoon
9/24/2025 14:00,Monsoon
9/24/2025 15:00,Monsoon
9/24/2025 16:00,Monsoon
9/24/2025 17:00,Monsoon
9/24/2025 18:00,Monsoon
9/24/2025 19:00,Monsoon
9/24/2025 20:00,Monsoon
9/24/2025 21:00,Monsoon
9/24/2025 22:00,Monsoon
9/24/2025 23:00,Monsoon
9/25/2025 0:00,Monsoon
9/25/2025 1:00,Monsoon
9/25/2025 2:00,Monsoon
9/25/2025 3:00,Monsoon
9/25/2025 4:00,Monsoon
9/25/2025 5:00,Monsoon
9/25/2025 6:00,Monsoon
9/25/2025 7:00,Monsoon
9/25/2025 8:00,Monsoon
9/25/2025 9:00,Monsoon
9/25/2025 10:00,Monsoon
9/25/2025 11:00,Monsoon
9/25/2025 12:00,Monsoon
9/25/2025 13:00,Monsoon
9/25/2025 14:00,Monsoon
9/25/2025 15:00,Monsoon
9/25/2025 16:00,Monsoon
9/25/2025 17:00,Monsoon
9/25/2025 18:00,Monsoon
9/25/2025 19:00,Monsoon
9/25/2025 20:00,Monsoon
9/25/2025 21:00,Monsoon
9/25/2025 22:00,Monsoon
9/25/2025 23:00,Monsoon
9/26/2025 0:00,Monsoon
9/26/2025 1:00,Monsoon
9/26/2025 2:00,Monsoon
9/26/2025 3:00,Monsoon
9/26/2025 4:00,Monsoon
9/26/2025 5:00,Monsoon
9/26/2025 6:00,Monsoon
9/26/2025 7:00,Monsoon
9/26/2025 8:00,Monsoon
9/26/2025 9:00,Monsoon
9/26/2025 10:00,Monsoon
9/26/2025 11:00,Monsoon
9/26/2025 12:00,Monsoon
9/26/2025 13:00,Monsoon
9/26/2025 14:00,Monsoon
9/26/2025 15:00,Monsoon
9/26/2025 16:00,Monsoon
9/26/2025 17:00,Monsoon
9/26/2025 18:00,Monsoon
9/26/2025 19:00,Monsoon
9/26/2025 20:00,Monsoon
9/26/2025 21:00,Monsoon
9/26/2025 22:00,Monsoon
9/26/2025 23:00,Monsoon
9/27/2025 0:00,Monsoon
9/27/2025 1:00,Monsoon
9/27/2025 2:00,Monsoon
9/27/2025 3:00,Monsoon
9/27/2025 4:00,Monsoon
9/27/2025 5:00,Monsoon
9/27/2025 6:00,Monsoon
9/27/2025 7:00,Monsoon
9/27/2025 8:00,Monsoon
9/27/2025 9:00,Monsoon
9/27/2025 10:00,Monsoon
9/27/2025 11:00,Monsoon
9/27/2025 12:00,Monsoon
9/27/2025 13:00,Monsoon
9/27/2025 14:00,Monsoon
9/27/2025 15:00,Monsoon
9/27/2025 16:00,Monsoon
9/27/2025 17:00,Monsoon
9/27/2025 18:00,Monsoon
9/27/2025 19:00,Monsoon
9/27/2025 20:00,Monsoon
9/27/2025 21:00,Monsoon
9/27/2025 22:00,Monsoon
9/27/2025 23:00,Monsoon
9/28/2025 0:00,Monsoon
9/28/2025 1:00,Monsoon
9/28/2025 2:00,Monsoon
9/28/2025 3:00,Monsoon
9/28/2025 4:00,Monsoon
9/28/2025 5:00,Monsoon
9/28/2025 6:00,Monsoon
9/28/2025 7:00,Monsoon
9/28/2025 8:00,Monsoon
9/28/2025 9:00,Monsoon
9/28/2025 10:00,Monsoon
9/28/2025 11:00,Monsoon
9/28/2025 12:00,Monsoon
9/28/2025 13:00,Monsoon
9/28/2025 14:00,Monsoon
9/28/2025 15:00,Monsoon
9/28/2025 16:00,Monsoon
9/28/2025 17:00,Monsoon
9/28/2025 18:00,Monsoon
9/28/2025 19:00,Monsoon
9/28/2025 20:00,Monsoon
9/28/2025 21:00,Monsoon
9/28/2025 22:00,Monsoon
9/28/2025 23:00,Monsoon
9/29/2025 0:00,Monsoon
9/29/2025 1:00,Monsoon
9/29/2025 2:00,Monsoon
9/29/2025 3:00,Monsoon
9/29/2025 4:00,Monsoon
9/29/2025 5:00,Monsoon
9/29/2025 6:00,Monsoon
9/29/2025 7:00,Monsoon
9/29/2025 8:00,Monsoon
9/29/2025 9:00,Monsoon
9/29/2025 10:00,Monsoon
9/29/2025 11:00,Monsoon
9/29/2025 12:00,Monsoon
9/29/2025 13:00,Monsoon
9/29/2025 14:00,Monsoon
9/29/2025 15:00,Monsoon
9/29/2025 16:00,Monsoon
9/29/2025 17:00,Monsoon
9/29/2025 18:00,Monsoon
9/29/2025 19:00,Monsoon
9/29/2025 20:00,Monsoon
9/29/2025 21:00,Monsoon
9/29/2025 22:00,Monsoon
9/29/2025 23:00,Monsoon
9/30/2025 0:00,Monsoon
9/30/2025 1:00,Monsoon
9/30/2025 2:00,Monsoon
9/30/2025 3:00,Monsoon
9/30/2025 4:00,Monsoon
9/30/2025 5:00,Monsoon
9/30/2025 6:00,Monsoon
9/30/2025 7:00,Monsoon
9/30/2025 8:00,Monsoon
9/30/2025 9:00,Monsoon
9/30/2025 10:00,Monsoon
9/30/2025 11:00,Monsoon
9/30/2025 12:00,Monsoon
9/30/2025 13:00,Monsoon
9/30/2025 14:00,Monsoon
9/30/2025 15:00,Monsoon
9/30/2025 16:00,Monsoon
9/30/2025 17:00,Monsoon
9/30/2025 18:00,Monsoon
9/30/2025 19:00,Monsoon
9/30/2025 20:00,Monsoon
9/30/2025 21:00,Monsoon
9/30/2025 22:00,Monsoon
9/30/2025 23:00,Monsoon
1/1/2026 0:00,Winter
1/1/2026 1:00,Winter
1/1/2026 2:00,Winter
1/1/2026 3:00,Winter
1/1/2026 4:00,Winter
1/1/2026 5:00,Winter
1/1/2026 6:00,Winter
1/1/2026 7:00,Winter
1/1/2026 8:00,Winter
1/1/2026 9:00,Winter
1/1/2026 10:00,Winter
1/1/2026 11:00,Winter
1/1/2026 12:00,Winter
1/1/2026 13:00,Winter
1/1/2026 14:00,Winter
1/1/2026 15:00,Winter
1/1/2026 16:00,Winter
1/1/2026 17:00,Winter
1/1/2026 18:00,Winter
1/1/2026 19:00,Winter
1/1/2026 20:00,Winter
1/1/2026 21:00,Winter
1/1/2026 22:00,Winter
1/1/2026 23:00,Winter
1/2/2026 0:00,Winter
1/2/2026 1:00,Winter
1/2/2026 2:00,Winter
1/2/2026 3:00,Winter
1/2/2026 4:00,Winter
1/2/2026 5:00,Winter
1/2/2026 6:00,Winter
1/2/2026 7:00,Winter
1/2/2026 8:00,Winter
1/2/2026 9:00,Winter
1/2/2026 10:00,Winter
1/2/2026 11:00,Winter
1/2/2026 12:00,Winter
1/2/2026 13:00,Winter
1/2/2026 14:00,Winter
1/2/2026 15:00,Winter
1/2/2026 16:00,Winter
1/2/2026 17:00,Winter
1/2/2026 18:00,Winter
1/2/2026 19:00,Winter
1/2/2026 20:00,Winter
1/2/2026 21:00,Winter
1/2/2026 22:00,Winter
1/2/2026 23:00,Winter
1/3/2026 0:00,Winter
1/3/2026 1:00,Winter
1/3/2026 2:00,Winter
1/3/2026 3:00,Winter
1/3/2026 4:00,Winter
1/3/2026 5:00,Winter
1/3/2026 6:00,Winter
1/3/2026 7:00,Winter
1/3/2026 8:00,Winter
1/3/2026 9:00,Winter
1/3/2026 10:00,Winter
1/3/2026 11:00,Winter
1/3/2026 12:00,Winter
1/3/2026 13:00,Winter
1/3/2026 14:00,Winter
1/3/2026 15:00,Winter
1/3/2026 16:00,Winter
1/3/2026 17:00,Winter
1/3/2026 18:00,Winter
1/3/2026 19:00,Winter
1/3/2026 20:00,Winter
1/3/2026 21:00,Winter
1/3/2026 22:00,Winter
1/3/2026 23:00,Winter
1/4/2026 0:00,Winter
1/4/2026 1:00,Winter
1/4/2026 2:00,Winter
1/4/2026 3:00,Winter
1/4/2026 4:00,Winter
1/4/2026 5:00,Winter
1/4/2026 6:00,Winter
1/4/2026 7:00,Winter
1/4/2026 8:00,Winter
1/4/2026 9:00,Winter
1/4/2026 10:00,Winter
1/4/2026 11:00,Winter
1/4/2026 12:00,Winter
1/4/2026 13:00,Winter
1/4/2026 14:00,Winter
1/4/2026 15:00,Winter
1/4/2026 16:00,Winter
1/4/2026 17:00,Winter
1/4/2026 18:00,Winter
1/4/2026 19:00,Winter
1/4/2026 20:00,Winter
1/4/2026 21:00,Winter
1/4/2026 22:00,Winter
1/4/2026 23:00,Winter
1/5/2026 0:00,Winter
1/5/2026 1:00,Winter
1/5/2026 2:00,Winter
1/5/2026 3:00,Winter
1/5/2026 4:00,Winter
1/5/2026 5:00,Winter
1/5/2026 6:00,Winter
1/5/2026 7:00,Winter
1/5/2026 8:00,Winter
1/5/2026 9:00,Winter
1/5/2026 10:00,Winter
1/5/2026 11:00,Winter
1/5/2026 12:00,Winter
1/5/2026 13:00,Winter
1/5/2026 14:00,Winter
1/5/2026 15:00,Winter
1/5/2026 16:00,Winter
1/5/2026 17:00,Winter
1/5/2026 18:00,Winter
1/5/2026 19:00,Winter
1/5/2026 20:00,Winter
1/5/2026 21:00,Winter
1/5/2026 22:00,Winter
1/5/2026 23:00,Winter
1/6/2026 0:00,Winter
1/6/2026 1:00,Winter
1/6/2026 2:00,Winter
1/6/2026 3:00,Winter
1/6/2026 4:00,Winter
1/6/2026 5:00,Winter
1/6/2026 6:00,Winter
1/6/2026 7:00,Winter
1/6/2026 8:00,Winter
1/6/2026 9:00,Winter
1/6/2026 10:00,Winter
1/6/2026 11:00,Winter
1/6/2026 12:00,Winter
1/6/2026 13:00,Winter
1/6/2026 14:00,Winter
1/6/2026 15:00,Winter
1/6/2026 16:00,Winter
1/6/2026 17:00,Winter
1/6/2026 18:00,Winter
1/6/2026 19:00,Winter
1/6/2026 20:00,Winter
1/6/2026 21:00,Winter
1/6/2026 22:00,Winter
1/6/2026 23:00,Winter
1/7/2026 0:00,Winter
1/7/2026 1:00,Winter
1/7/2026 2:00,Winter
1/7/2026 3:00,Winter
1/7/2026 4:00,Winter
1/7/2026 5:00,Winter
1/7/2026 6:00,Winter
1/7/2026 7:00,Winter
1/7/2026 8:00,Winter
1/7/2026 9:00,Winter
1/7/2026 10:00,Winter
1/7/2026 11:00,Winter
1/7/2026 12:00,Winter
1/7/2026 13:00,Winter
1/7/2026 14:00,Winter
1/7/2026 15:00,Winter
1/7/2026 16:00,Winter
1/7/2026 17:00,Winter
1/7/2026 18:00,Winter
1/7/2026 19:00,Winter
1/7/2026 20:00,Winter
1/7/2026 21:00,Winter
1/7/2026 22:00,Winter
1/7/2026 23:00,Winter
1/8/2026 0:00,Winter
1/8/2026 1:00,Winter
1/8/2026 2:00,Winter
1/8/2026 3:00,Winter
1/8/2026 4:00,Winter
1/8/2026 5:00,Winter
1/8/2026 6:00,Winter
1/8/2026 7:00,Winter
1/8/2026 8:00,Winter
1/8/2026 9:00,Winter
1/8/2026 10:00,Winter
1/8/2026 11:00,Winter
1/8/2026 12:00,Winter
1/8/2026 13:00,Winter
1/8/2026 14:00,Winter
1/8/2026 15:00,Winter
1/8/2026 16:00,Winter
1/8/2026 17:00,Winter
1/8/2026 18:00,Winter
1/8/2026 19:00,Winter
1/8/2026 20:00,Winter
1/8/2026 21:00,Winter
1/8/2026 22:00,Winter
1/8/2026 23:00,Winter
1/9/2026 0:00,Winter
1/9/2026 1:00,Winter
1/9/2026 2:00,Winter
1/9/2026 3:00,Winter
1/9/2026 4:00,Winter
1/9/2026 5:00,Winter
1/9/2026 6:00,Winter
1/9/2026 7:00,Winter
1/9/2026 8:00,Winter
1/9/2026 9:00,Winter
1/9/2026 10:00,Winter
1/9/2026 11:00,Winter
1/9/2026 12:00,Winter
1/9/2026 13:00,Winter
1/9/2026 14:00,Winter
1/9/2026 15:00,Winter
1/9/2026 16:00,Winter
1/9/2026 17:00,Winter
1/9/2026 18:00,Winter
1/9/2026 19:00,Winter
1/9/2026 20:00,Winter
1/9/2026 21:00,Winter
1/9/2026 22:00,Winter
1/9/2026 23:00,Winter
1/10/2026 0:00,Winter
1/10/2026 1:00,Winter
1/10/2026 2:00,Winter
1/10/2026 3:00,Winter
1/10/2026 4:00,Winter
1/10/2026 5:00,Winter
1/10/2026 6:00,Winter
1/10/2026 7:00,Winter
1/10/2026 8:00,Winter
1/10/2026 9:00,Winter
1/10/2026 10:00,Winter
1/10/2026 11:00,Winter
1/10/2026 12:00,Winter
1/10/2026 13:00,Winter
1/10/2026 14:00,Winter
1/10/2026 15:00,Winter
1/10/2026 16:00,Winter
1/10/2026 17:00,Winter
1/10/2026 18:00,Winter
1/10/2026 19:00,Winter
1/10/2026 20:00,Winter
1/10/2026 21:00,Winter
1/10/2026 22:00,Winter
1/10/2026 23:00,Winter
1/11/2026 0:00,Winter
1/11/2026 1:00,Winter
1/11/2026 2:00,Winter
1/11/2026 3:00,Winter
1/11/2026 4:00,Winter
1/11/2026 5:00,Winter
1/11/2026 6:00,Winter
1/11/2026 7:00,Winter
1/11/2026 8:00,Winter
1/11/2026 9:00,Winter
1/11/2026 10:00,Winter
1/11/2026 11:00,Winter
1/11/2026 12:00,Winter
1/11/2026 13:00,Winter
1/11/2026 14:00,Winter
1/11/2026 15:00,Winter
1/11/2026 16:00,Winter
1/11/2026 17:00,Winter
1/11/2026 18:00,Winter
1/11/2026 19:00,Winter
1/11/2026 20:00,Winter
1/11/2026 21:00,Winter
1/11/2026 22:00,Winter
1/11/2026 23:00,Winter
1/12/2026 0:00,Winter
1/12/2026 1:00,Winter
1/12/2026 2:00,Winter
1/12/2026 3:00,Winter
1/12/2026 4:00,Winter
1/12/2026 5:00,Winter
1/12/2026 6:00,Winter
1/12/2026 7:00,Winter
1/12/2026 8:00,Winter
1/12/2026 9:00,Winter
1/12/2026 10:00,Winter
1/12/2026 11:00,Winter
1/12/2026 12:00,Winter
1/12/2026 13:00,Winter
1/12/2026 14:00,Winter
1/12/2026 15:00,Winter
1/12/2026 16:00,Winter
1/12/2026 17:00,Winter
1/12/2026 18:00,Winter
1/12/2026 19:00,Winter
1/12/2026 20:00,Winter
1/12/2026 21:00,Winter
1/12/2026 22:00,Winter
1/12/2026 23:00,Winter
1/13/2026 0:00,Winter
1/13/2026 1:00,Winter
1/13/2026 2:00,Winter
1/13/2026 3:00,Winter
1/13/2026 4:00,Winter
1/13/2026 5:00,Winter
1/13/2026 6:00,Winter
1/13/2026 7:00,Winter
1/13/2026 8:00,Winter
1/13/2026 9:00,Winter
1/13/2026 10:00,Winter
1/13/2026 11:00,Winter
1/13/2026 12:00,Winter
1/13/2026 13:00,Winter
1/13/2026 14:00,Winter
1/13/2026 15:00,Winter
1/13/2026 16:00,Winter
1/13/2026 17:00,Winter
1/13/2026 18:00,Winter
1/13/2026 19:00,Winter
1/13/2026 20:00,Winter
1/13/2026 21:00,Winter
1/13/2026 22:00,Winter
1/13/2026 23:00,Winter
1/14/2026 0:00,Winter
1/14/2026 1:00,Winter
1/14/2026 2:00,Winter
1/14/2026 3:00,Winter
1/14/2026 4:00,Winter
1/14/2026 5:00,Winter
1/14/2026 6:00,Winter
1/14/2026 7:00,Winter
1/14/2026 8:00,Winter
1/14/2026 9:00,Winter
1/14/2026 10:00,Winter
1/14/2026 11:00,Winter
1/14/2026 12:00,Winter
1/14/2026 13:00,Winter
1/14/2026 14:00,Winter
1/14/2026 15:00,Winter
1/14/2026 16:00,Winter
1/14/2026 17:00,Winter
1/14/2026 18:00,Winter
1/14/2026 19:00,Winter
1/14/2026 20:00,Winter
1/14/2026 21:00,Winter
1/14/2026 22:00,Winter
1/14/2026 23:00,Winter
1/15/2026 0:00,Winter
1/15/2026 1:00,Winter
1/15/2026 2:00,Winter
1/15/2026 3:00,Winter
1/15/2026 4:00,Winter
1/15/2026 5:00,Winter
1/15/2026 6:00,Winter
1/15/2026 7:00,Winter
1/15/2026 8:00,Winter
1/15/2026 9:00,Winter
1/15/2026 10:00,Winter
1/15/2026 11:00,Winter
1/15/2026 12:00,Winter
1/15/2026 13:00,Winter
1/15/2026 14:00,Winter
1/15/2026 15:00,Winter
1/15/2026 16:00,Winter
1/15/2026 17:00,Winter
1/15/2026 18:00,Winter
1/15/2026 19:00,Winter
1/15/2026 20:00,Winter
1/15/2026 21:00,Winter
1/15/2026 22:00,Winter
1/15/2026 23:00,Winter
1/16/2026 0:00,Winter
1/16/2026 1:00,Winter
1/16/2026 2:00,Winter
1/16/2026 3:00,Winter
1/16/2026 4:00,Winter
1/16/2026 5:00,Winter
1/16/2026 6:00,Winter
1/16/2026 7:00,Winter
1/16/2026 8:00,Winter
1/16/2026 9:00,Winter
1/16/2026 10:00,Winter
1/16/2026 11:00,Winter
1/16/2026 12:00,Winter
1/16/2026 13:00,Winter
1/16/2026 14:00,Winter
1/16/2026 15:00,Winter
1/16/2026 16:00,Winter
1/16/2026 17:00,Winter
1/16/2026 18:00,Winter
1/16/2026 19:00,Winter
1/16/2026 20:00,Winter
1/16/2026 21:00,Winter
1/16/2026 22:00,Winter
1/16/2026 23:00,Winter
1/17/2026 0:00,Winter
1/17/2026 1:00,Winter
1/17/2026 2:00,Winter
1/17/2026 3:00,Winter
1/17/2026 4:00,Winter
1/17/2026 5:00,Winter
1/17/2026 6:00,Winter
1/17/2026 7:00,Winter
1/17/2026 8:00,Winter
1/17/2026 9:00,Winter
1/17/2026 10:00,Winter
1/17/2026 11:00,Winter
1/17/2026 12:00,Winter
1/17/2026 13:00,Winter
1/17/2026 14:00,Winter
1/17/2026 15:00,Winter
1/17/2026 16:00,Winter
1/17/2026 17:00,Winter
1/17/2026 18:00,Winter
1/17/2026 19:00,Winter
1/17/2026 20:00,Winter
1/17/2026 21:00,Winter
1/17/2026 22:00,Winter
1/17/2026 23:00,Winter
1/18/2026 0:00,Winter
1/18/2026 1:00,Winter
1/18/2026 2:00,Winter
1/18/2026 3:00,Winter
1/18/2026 4:00,Winter
1/18/2026 5:00,Winter
1/18/2026 6:00,Winter
1/18/2026 7:00,Winter
1/18/2026 8:00,Winter
1/18/2026 9:00,Winter
1/18/2026 10:00,Winter
1/18/2026 11:00,Winter
1/18/2026 12:00,Winter
1/18/2026 13:00,Winter
1/18/2026 14:00,Winter
1/18/2026 15:00,Winter
1/18/2026 16:00,Winter
1/18/2026 17:00,Winter
1/18/2026 18:00,Winter
1/18/2026 19:00,Winter
1/18/2026 20:00,Winter
1/18/2026 21:00,Winter
1/18/2026 22:00,Winter
1/18/2026 23:00,Winter
1/19/2026 0:00,Winter
1/19/2026 1:00,Winter
1/19/2026 2:00,Winter
1/19/2026 3:00,Winter
1/19/2026 4:00,Winter
1/19/2026 5:00,Winter
1/19/2026 6:00,Winter
1/19/2026 7:00,Winter
1/19/2026 8:00,Winter
1/19/2026 9:00,Winter
1/19/2026 10:00,Winter
1/19/2026 11:00,Winter
1/19/2026 12:00,Winter
1/19/2026 13:00,Winter
1/19/2026 14:00,Winter
1/19/2026 15:00,Winter
1/19/2026 16:00,Winter
1/19/2026 17:00,Winter
1/19/2026 18:00,Winter
1/19/2026 19:00,Winter
1/19/2026 20:00,Winter
1/19/2026 21:00,Winter
1/19/2026 22:00,Winter
1/19/2026 23:00,Winter
1/20/2026 0:00,Winter
1/20/2026 1:00,Winter
1/20/2026 2:00,Winter
1/20/2026 3:00,Winter
1/20/2026 4:00,Winter
1/20/2026 5:00,Winter
1/20/2026 6:00,Winter
1/20/2026 7:00,Winter
1/20/2026 8:00,Winter
1/20/2026 9:00,Winter
1/20/2026 10:00,Winter
1/20/2026 11:00,Winter
1/20/2026 12:00,Winter
1/20/2026 13:00,Winter
1/20/2026 14:00,Winter
1/20/2026 15:00,Winter
1/20/2026 16:00,Winter
1/20/2026 17:00,Winter
1/20/2026 18:00,Winter
1/20/2026 19:00,Winter
1/20/2026 20:00,Winter
1/20/2026 21:00,Winter
1/20/2026 22:00,Winter
1/20/2026 23:00,Winter
1/21/2026 0:00,Winter
1/21/2026 1:00,Winter
1/21/2026 2:00,Winter
1/21/2026 3:00,Winter
1/21/2026 4:00,Winter
1/21/2026 5:00,Winter
1/21/2026 6:00,Winter
1/21/2026 7:00,Winter
1/21/2026 8:00,Winter
1/21/2026 9:00,Winter
1/21/2026 10:00,Winter
1/21/2026 11:00,Winter
1/21/2026 12:00,Winter
1/21/2026 13:00,Winter
1/21/2026 14:00,Winter
1/21/2026 15:00,Winter
1/21/2026 16:00,Winter
1/21/2026 17:00,Winter
1/21/2026 18:00,Winter
1/21/2026 19:00,Winter
1/21/2026 20:00,Winter
1/21/2026 21:00,Winter
1/21/2026 22:00,Winter
1/21/2026 23:00,Winter
1/22/2026 0:00,Winter
1/22/2026 1:00,Winter
1/22/2026 2:00,Winter
1/22/2026 3:00,Winter
1/22/2026 4:00,Winter
1/22/2026 5:00,Winter
1/22/2026 6:00,Winter
1/22/2026 7:00,Winter
1/22/2026 8:00,Winter
1/22/2026 9:00,Winter
1/22/2026 10:00,Winter
1/22/2026 11:00,Winter
1/22/2026 12:00,Winter
1/22/2026 13:00,Winter
1/22/2026 14:00,Winter
1/22/2026 15:00,Winter
1/22/2026 16:00,Winter
1/22/2026 17:00,Winter
1/22/2026 18:00,Winter
1/22/2026 19:00,Winter
1/22/2026 20:00,Winter
1/22/2026 21:00,Winter
1/22/2026 22:00,Winter
1/22/2026 23:00,Winter
1/23/2026 0:00,Winter
1/23/2026 1:00,Winter
1/23/2026 2:00,Winter
1/23/2026 3:00,Winter
1/23/2026 4:00,Winter
1/23/2026 5:00,Winter
1/23/2026 6:00,Winter
1/23/2026 7:00,Winter
1/23/2026 8:00,Winter
1/23/2026 9:00,Winter
1/23/2026 10:00,Winter
1/23/2026 11:00,Winter
1/23/2026 12:00,Winter
1/23/2026 13:00,Winter
1/23/2026 14:00,Winter
1/23/2026 15:00,Winter
1/23/2026 16:00,Winter
1/23/2026 17:00,Winter
1/23/2026 18:00,Winter
1/23/2026 19:00,Winter
1/23/2026 20:00,Winter
1/23/2026 21:00,Winter
1/23/2026 22:00,Winter
1/23/2026 23:00,Winter
1/24/2026 0:00,Winter
1/24/2026 1:00,Winter
1/24/2026 2:00,Winter
1/24/2026 3:00,Winter
1/24/2026 4:00,Winter
1/24/2026 5:00,Winter
1/24/2026 6:00,Winter
1/24/2026 7:00,Winter
1/24/2026 8:00,Winter
1/24/2026 9:00,Winter
1/24/2026 10:00,Winter
1/24/2026 11:00,Winter
1/24/2026 12:00,Winter
1/24/2026 13:00,Winter
1/24/2026 14:00,Winter
1/24/2026 15:00,Winter
1/24/2026 16:00,Winter
1/24/2026 17:00,Winter
1/24/2026 18:00,Winter
1/24/2026 19:00,Winter
1/24/2026 20:00,Winter
1/24/2026 21:00,Winter
1/24/2026 22:00,Winter
1/24/2026 23:00,Winter
1/25/2026 0:00,Winter
1/25/2026 1:00,Winter
1/25/2026 2:00,Winter
1/25/2026 3:00,Winter
1/25/2026 4:00,Winter
1/25/2026 5:00,Winter
1/25/2026 6:00,Winter
1/25/2026 7:00,Winter
1/25/2026 8:00,Winter
1/25/2026 9:00,Winter
1/25/2026 10:00,Winter
1/25/2026 11:00,Winter
1/25/2026 12:00,Winter
1/25/2026 13:00,Winter
1/25/2026 14:00,Winter
1/25/2026 15:00,Winter
1/25/2026 16:00,Winter
1/25/2026 17:00,Winter
1/25/2026 18:00,Winter
1/25/2026 19:00,Winter
1/25/2026 20:00,Winter
1/25/2026 21:00,Winter
1/25/2026 22:00,Winter
1/25/2026 23:00,Winter
1/26/2026 0:00,Winter
1/26/2026 1:00,Winter
1/26/2026 2:00,Winter
1/26/2026 3:00,Winter
1/26/2026 4:00,Winter
1/26/2026 5:00,Winter
1/26/2026 6:00,Winter
1/26/2026 7:00,Winter
1/26/2026 8:00,Winter
1/26/2026 9:00,Winter
1/26/2026 10:00,Winter
1/26/2026 11:00,Winter
1/26/2026 12:00,Winter
1/26/2026 13:00,Winter
1/26/2026 14:00,Winter
1/26/2026 15:00,Winter
1/26/2026 16:00,Winter
1/26/2026 17:00,Winter
1/26/2026 18:00,Winter
1/26/2026 19:00,Winter
1/26/2026 20:00,Winter
1/26/2026 21:00,Winter
1/26/2026 22:00,Winter
1/26/2026 23:00,Winter
1/27/2026 0:00,Winter
1/27/2026 1:00,Winter
1/27/2026 2:00,Winter
1/27/2026 3:00,Winter
1/27/2026 4:00,Winter
1/27/2026 5:00,Winter
1/27/2026 6:00,Winter
1/27/2026 7:00,Winter
1/27/2026 8:00,Winter
1/27/2026 9:00,Winter
1/27/2026 10:00,Winter
1/27/2026 11:00,Winter
1/27/2026 12:00,Winter
1/27/2026 13:00,Winter
1/27/2026 14:00,Winter
1/27/2026 15:00,Winter
1/27/2026 16:00,Winter
1/27/2026 17:00,Winter
1/27/2026 18:00,Winter
1/27/2026 19:00,Winter
1/27/2026 20:00,Winter
1/27/2026 21:00,Winter
1/27/2026 22:00,Winter
1/27/2026 23:00,Winter
1/28/2026 0:00,Winter
1/28/2026 1:00,Winter
1/28/2026 2:00,Winter
1/28/2026 3:00,Winter
1/28/2026 4:00,Winter
1/28/2026 5:00,Winter
1/28/2026 6:00,Winter
1/28/2026 7:00,Winter
1/28/2026 8:00,Winter
1/28/2026 9:00,Winter
1/28/2026 10:00,Winter
1/28/2026 11:00,Winter
1/28/2026 12:00,Winter
1/28/2026 13:00,Winter
1/28/2026 14:00,Winter
1/28/2026 15:00,Winter
1/28/2026 16:00,Winter
1/28/2026 17:00,Winter
1/28/2026 18:00,Winter
1/28/2026 19:00,Winter
1/28/2026 20:00,Winter
1/28/2026 21:00,Winter
1/28/2026 22:00,Winter
1/28/2026 23:00,Winter
1/29/2026 0:00,Winter
1/29/2026 1:00,Winter
1/29/2026 2:00,Winter
1/29/2026 3:00,Winter
1/29/2026 4:00,Winter
1/29/2026 5:00,Winter
1/29/2026 6:00,Winter
1/29/2026 7:00,Winter
1/29/2026 8:00,Winter
1/29/2026 9:00,Winter
1/29/2026 10:00,Winter
1/29/2026 11:00,Winter
1/29/2026 12:00,Winter
1/29/2026 13:00,Winter
1/29/2026 14:00,Winter
1/29/2026 15:00,Winter
1/29/2026 16:00,Winter
1/29/2026 17:00,Winter
1/29/2026 18:00,Winter
1/29/2026 19:00,Winter
1/29/2026 20:00,Winter
1/29/2026 21:00,Winter
1/29/2026 22:00,Winter
1/29/2026 23:00,Winter
1/30/2026 0:00,Winter
1/30/2026 1:00,Winter
1/30/2026 2:00,Winter
1/30/2026 3:00,Winter
1/30/2026 4:00,Winter
1/30/2026 5:00,Winter
1/30/2026 6:00,Winter
1/30/2026 7:00,Winter
1/30/2026 8:00,Winter
1/30/2026 9:00,Winter
1/30/2026 10:00,Winter
1/30/2026 11:00,Winter
1/30/2026 12:00,Winter
1/30/2026 13:00,Winter
1/30/2026 14:00,Winter
1/30/2026 15:00,Winter
1/30/2026 16:00,Winter
1/30/2026 17:00,Winter
1/30/2026 18:00,Winter
1/30/2026 19:00,Winter
1/30/2026 20:00,Winter
1/30/2026 21:00,Winter
1/30/2026 22:00,Winter
1/30/2026 23:00,Winter
1/31/2026 0:00,Winter
1/31/2026 1:00,Winter
1/31/2026 2:00,Winter
1/31/2026 3:00,Winter
1/31/2026 4:00,Winter
1/31/2026 5:00,Winter
1/31/2026 6:00,Winter
1/31/2026 7:00,Winter
1/31/2026 8:00,Winter
1/31/2026 9:00,Winter
1/31/2026 10:00,Winter
1/31/2026 11:00,Winter
1/31/2026 12:00,Winter
1/31/2026 13:00,Winter
1/31/2026 14:00,Winter
1/31/2026 15:00,Winter
1/31/2026 16:00,Winter
1/31/2026 17:00,Winter
1/31/2026 18:00,Winter
1/31/2026 19:00,Winter
1/31/2026 20:00,Winter
1/31/2026 21:00,Winter
1/31/2026 22:00,Winter
1/31/2026 23:00,Winter
2/1/2026 0:00,Winter
2/1/2026 1:00,Winter
2/1/2026 2:00,Winter
2/1/2026 3:00,Winter
2/1/2026 4:00,Winter
2/1/2026 5:00,Winter
2/1/2026 6:00,Winter
2/1/2026 7:00,Winter
2/1/2026 8:00,Winter
2/1/2026 9:00,Winter
2/1/2026 10:00,Winter
2/1/2026 11:00,Winter
2/1/2026 12:00,Winter
2/1/2026 13:00,Winter
2/1/2026 14:00,Winter
2/1/2026 15:00,Winter
2/1/2026 16:00,Winter
2/1/2026 17:00,Winter
2/1/2026 18:00,Winter
2/1/2026 19:00,Winter
2/1/2026 20:00,Winter
2/1/2026 21:00,Winter
2/1/2026 22:00,Winter
2/1/2026 23:00,Winter
2/2/2026 0:00,Winter
2/2/2026 1:00,Winter
2/2/2026 2:00,Winter
2/2/2026 3:00,Winter
2/2/2026 4:00,Winter
2/2/2026 5:00,Winter
2/2/2026 6:00,Winter
2/2/2026 7:00,Winter
2/2/2026 8:00,Winter
2/2/2026 9:00,Winter
2/2/2026 10:00,Winter
2/2/2026 11:00,Winter
2/2/2026 12:00,Winter
2/2/2026 13:00,Winter
2/2/2026 14:00,Winter
2/2/2026 15:00,Winter
2/2/2026 16:00,Winter
2/2/2026 17:00,Winter
2/2/2026 18:00,Winter
2/2/2026 19:00,Winter
2/2/2026 20:00,Winter
2/2/2026 21:00,Winter
2/2/2026 22:00,Winter
2/2/2026 23:00,Winter
2/3/2026 0:00,Winter
2/3/2026 1:00,Winter
2/3/2026 2:00,Winter
2/3/2026 3:00,Winter
2/3/2026 4:00,Winter
2/3/2026 5:00,Winter
2/3/2026 6:00,Winter
2/3/2026 7:00,Winter
2/3/2026 8:00,Winter
2/3/2026 9:00,Winter
2/3/2026 10:00,Winter
2/3/2026 11:00,Winter
2/3/2026 12:00,Winter
2/3/2026 13:00,Winter
2/3/2026 14:00,Winter
2/3/2026 15:00,Winter
2/3/2026 16:00,Winter
2/3/2026 17:00,Winter
2/3/2026 18:00,Winter
2/3/2026 19:00,Winter
2/3/2026 20:00,Winter
2/3/2026 21:00,Winter
2/3/2026 22:00,Winter
2/3/2026 23:00,Winter
2/4/2026 0:00,Winter
2/4/2026 1:00,Winter
2/4/2026 2:00,Winter
2/4/2026 3:00,Winter
2/4/2026 4:00,Winter
2/4/2026 5:00,Winter
2/4/2026 6:00,Winter
2/4/2026 7:00,Winter
2/4/2026 8:00,Winter
2/4/2026 9:00,Winter
2/4/2026 10:00,Winter
2/4/2026 11:00,Winter
2/4/2026 12:00,Winter
2/4/2026 13:00,Winter
2/4/2026 14:00,Winter
2/4/2026 15:00,Winter
2/4/2026 16:00,Winter
2/4/2026 17:00,Winter
2/4/2026 18:00,Winter
2/4/2026 19:00,Winter
2/4/2026 20:00,Winter
2/4/2026 21:00,Winter
2/4/2026 22:00,Winter
2/4/2026 23:00,Winter
2/5/2026 0:00,Winter
2/5/2026 1:00,Winter
2/5/2026 2:00,Winter
2/5/2026 3:00,Winter
2/5/2026 4:00,Winter
2/5/2026 5:00,Winter
2/5/2026 6:00,Winter
2/5/2026 7:00,Winter
2/5/2026 8:00,Winter
2/5/2026 9:00,Winter
2/5/2026 10:00,Winter
2/5/2026 11:00,Winter
2/5/2026 12:00,Winter
2/5/2026 13:00,Winter
2/5/2026 14:00,Winter
2/5/2026 15:00,Winter
2/5/2026 16:00,Winter
2/5/2026 17:00,Winter
2/5/2026 18:00,Winter
2/5/2026 19:00,Winter
2/5/2026 20:00,Winter
2/5/2026 21:00,Winter
2/5/2026 22:00,Winter
2/5/2026 23:00,Winter
2/6/2026 0:00,Winter
2/6/2026 1:00,Winter
2/6/2026 2:00,Winter
2/6/2026 3:00,Winter
2/6/2026 4:00,Winter
2/6/2026 5:00,Winter
2/6/2026 6:00,Winter
2/6/2026 7:00,Winter
2/6/2026 8:00,Winter
2/6/2026 9:00,Winter
2/6/2026 10:00,Winter
2/6/2026 11:00,Winter
2/6/2026 12:00,Winter
2/6/2026 13:00,Winter
2/6/2026 14:00,Winter
2/6/2026 15:00,Winter
2/6/2026 16:00,Winter
2/6/2026 17:00,Winter
2/6/2026 18:00,Winter
2/6/2026 19:00,Winter
2/6/2026 20:00,Winter
2/6/2026 21:00,Winter
2/6/2026 22:00,Winter
2/6/2026 23:00,Winter
2/7/2026 0:00,Winter
2/7/2026 1:00,Winter
2/7/2026 2:00,Winter
2/7/2026 3:00,Winter
2/7/2026 4:00,Winter
2/7/2026 5:00,Winter
2/7/2026 6:00,Winter
2/7/2026 7:00,Winter
2/7/2026 8:00,Winter
2/7/2026 9:00,Winter
2/7/2026 10:00,Winter
2/7/2026 11:00,Winter
2/7/2026 12:00,Winter
2/7/2026 13:00,Winter
2/7/2026 14:00,Winter
2/7/2026 15:00,Winter
2/7/2026 16:00,Winter
2/7/2026 17:00,Winter
2/7/2026 18:00,Winter
2/7/2026 19:00,Winter
2/7/2026 20:00,Winter
2/7/2026 21:00,Winter
2/7/2026 22:00,Winter
2/7/2026 23:00,Winter
2/8/2026 0:00,Winter
2/8/2026 1:00,Winter
2/8/2026 2:00,Winter
2/8/2026 3:00,Winter
2/8/2026 4:00,Winter
2/8/2026 5:00,Winter
2/8/2026 6:00,Winter
2/8/2026 7:00,Winter
2/8/2026 8:00,Winter
2/8/2026 9:00,Winter
2/8/2026 10:00,Winter
2/8/2026 11:00,Winter
2/8/2026 12:00,Winter
2/8/2026 13:00,Winter
2/8/2026 14:00,Winter
2/8/2026 15:00,Winter
2/8/2026 16:00,Winter
2/8/2026 17:00,Winter
2/8/2026 18:00,Winter
2/8/2026 19:00,Winter
2/8/2026 20:00,Winter
2/8/2026 21:00,Winter
2/8/2026 22:00,Winter
2/8/2026 23:00,Winter
2/9/2026 0:00,Winter
2/9/2026 1:00,Winter
2/9/2026 2:00,Winter
2/9/2026 3:00,Winter
2/9/2026 4:00,Winter
2/9/2026 5:00,Winter
2/9/2026 6:00,Winter
2/9/2026 7:00,Winter
2/9/2026 8:00,Winter
2/9/2026 9:00,Winter
2/9/2026 10:00,Winter
2/9/2026 11:00,Winter
2/9/2026 12:00,Winter
2/9/2026 13:00,Winter
2/9/2026 14:00,Winter
2/9/2026 15:00,Winter
2/9/2026 16:00,Winter
2/9/2026 17:00,Winter
2/9/2026 18:00,Winter
2/9/2026 19:00,Winter
2/9/2026 20:00,Winter
2/9/2026 21:00,Winter
2/9/2026 22:00,Winter
2/9/2026 23:00,Winter
2/10/2026 0:00,Winter
2/10/2026 1:00,Winter
2/10/2026 2:00,Winter
2/10/2026 3:00,Winter
2/10/2026 4:00,Winter
2/10/2026 5:00,Winter
2/10/2026 6:00,Winter
2/10/2026 7:00,Winter
2/10/2026 8:00,Winter
2/10/2026 9:00,Winter
2/10/2026 10:00,Winter
2/10/2026 11:00,Winter
2/10/2026 12:00,Winter
2/10/2026 13:00,Winter
2/10/2026 14:00,Winter
2/10/2026 15:00,Winter
2/10/2026 16:00,Winter
2/10/2026 17:00,Winter
2/10/2026 18:00,Winter
2/10/2026 19:00,Winter
2/10/2026 20:00,Winter
2/10/2026 21:00,Winter
2/10/2026 22:00,Winter
2/10/2026 23:00,Winter
2/11/2026 0:00,Winter
2/11/2026 1:00,Winter
2/11/2026 2:00,Winter
2/11/2026 3:00,Winter
2/11/2026 4:00,Winter
2/11/2026 5:00,Winter
2/11/2026 6:00,Winter
2/11/2026 7:00,Winter
2/11/2026 8:00,Winter
2/11/2026 9:00,Winter
2/11/2026 10:00,Winter
2/11/2026 11:00,Winter
2/11/2026 12:00,Winter
2/11/2026 13:00,Winter
2/11/2026 14:00,Winter
2/11/2026 15:00,Winter
2/11/2026 16:00,Winter
2/11/2026 17:00,Winter
2/11/2026 18:00,Winter
2/11/2026 19:00,Winter
2/11/2026 20:00,Winter
2/11/2026 21:00,Winter
2/11/2026 22:00,Winter
2/11/2026 23:00,Winter
2/12/2026 0:00,Winter
2/12/2026 1:00,Winter
2/12/2026 2:00,Winter
2/12/2026 3:00,Winter
2/12/2026 4:00,Winter
2/12/2026 5:00,Winter
2/12/2026 6:00,Winter
2/12/2026 7:00,Winter
2/12/2026 8:00,Winter
2/12/2026 9:00,Winter
2/12/2026 10:00,Winter
2/12/2026 11:00,Winter
2/12/2026 12:00,Winter
2/12/2026 13:00,Winter
2/12/2026 14:00,Winter
2/12/2026 15:00,Winter
2/12/2026 16:00,Winter
2/12/2026 17:00,Winter
2/12/2026 18:00,Winter
2/12/2026 19:00,Winter
2/12/2026 20:00,Winter
2/12/2026 21:00,Winter
2/12/2026 22:00,Winter
2/12/2026 23:00,Winter
2/13/2026 0:00,Winter
2/13/2026 1:00,Winter
2/13/2026 2:00,Winter
2/13/2026 3:00,Winter
2/13/2026 4:00,Winter
2/13/2026 5:00,Winter
2/13/2026 6:00,Winter
2/13/2026 7:00,Winter
2/13/2026 8:00,Winter
2/13/2026 9:00,Winter
2/13/2026 10:00,Winter
2/13/2026 11:00,Winter
2/13/2026 12:00,Winter
2/13/2026 13:00,Winter
2/13/2026 14:00,Winter
2/13/2026 15:00,Winter
2/13/2026 16:00,Winter
2/13/2026 17:00,Winter
2/13/2026 18:00,Winter
2/13/2026 19:00,Winter
2/13/2026 20:00,Winter
2/13/2026 21:00,Winter
2/13/2026 22:00,Winter
2/13/2026 23:00,Winter
2/14/2026 0:00,Winter
2/14/2026 1:00,Winter
2/14/2026 2:00,Winter
2/14/2026 3:00,Winter
2/14/2026 4:00,Winter
2/14/2026 5:00,Winter
2/14/2026 6:00,Winter
2/14/2026 7:00,Winter
2/14/2026 8:00,Winter
2/14/2026 9:00,Winter
2/14/2026 10:00,Winter
2/14/2026 11:00,Winter
2/14/2026 12:00,Winter
2/14/2026 13:00,Winter
2/14/2026 14:00,Winter
2/14/2026 15:00,Winter
2/14/2026 16:00,Winter
2/14/2026 17:00,Winter
2/14/2026 18:00,Winter
2/14/2026 19:00,Winter
2/14/2026 20:00,Winter
2/14/2026 21:00,Winter
2/14/2026 22:00,Winter
2/14/2026 23:00,Winter
2/15/2026 0:00,Winter
2/15/2026 1:00,Winter
2/15/2026 2:00,Winter
2/15/2026 3:00,Winter
2/15/2026 4:00,Winter
2/15/2026 5:00,Winter
2/15/2026 6:00,Winter
2/15/2026 7:00,Winter
2/15/2026 8:00,Winter
2/15/2026 9:00,Winter
2/15/2026 10:00,Winter
2/15/2026 11:00,Winter
2/15/2026 12:00,Winter
2/15/2026 13:00,Winter
2/15/2026 14:00,Winter
2/15/2026 15:00,Winter
2/15/2026 16:00,Winter
2/15/2026 17:00,Winter
2/15/2026 18:00,Winter
2/15/2026 19:00,Winter
2/15/2026 20:00,Winter
2/15/2026 21:00,Winter
2/15/2026 22:00,Winter
2/15/2026 23:00,Winter
2/16/2026 0:00,Winter
2/16/2026 1:00,Winter
2/16/2026 2:00,Winter
2/16/2026 3:00,Winter
2/16/2026 4:00,Winter
2/16/2026 5:00,Winter
2/16/2026 6:00,Winter
2/16/2026 7:00,Winter
2/16/2026 8:00,Winter
2/16/2026 9:00,Winter
2/16/2026 10:00,Winter
2/16/2026 11:00,Winter
2/16/2026 12:00,Winter
2/16/2026 13:00,Winter
2/16/2026 14:00,Winter
2/16/2026 15:00,Winter
2/16/2026 16:00,Winter
2/16/2026 17:00,Winter
2/16/2026 18:00,Winter
2/16/2026 19:00,Winter
2/16/2026 20:00,Winter
2/16/2026 21:00,Winter
2/16/2026 22:00,Winter
2/16/2026 23:00,Winter
2/17/2026 0:00,Winter
2/17/2026 1:00,Winter
2/17/2026 2:00,Winter
2/17/2026 3:00,Winter
2/17/2026 4:00,Winter
2/17/2026 5:00,Winter
2/17/2026 6:00,Winter
2/17/2026 7:00,Winter
2/17/2026 8:00,Winter
2/17/2026 9:00,Winter
2/17/2026 10:00,Winter
2/17/2026 11:00,Winter
2/17/2026 12:00,Winter
2/17/2026 13:00,Winter
2/17/2026 14:00,Winter
2/17/2026 15:00,Winter
2/17/2026 16:00,Winter
2/17/2026 17:00,Winter
2/17/2026 18:00,Winter
2/17/2026 19:00,Winter
2/17/2026 20:00,Winter
2/17/2026 21:00,Winter
2/17/2026 22:00,Winter
2/17/2026 23:00,Winter
2/18/2026 0:00,Winter
2/18/2026 1:00,Winter
2/18/2026 2:00,Winter
2/18/2026 3:00,Winter
2/18/2026 4:00,Winter
2/18/2026 5:00,Winter
2/18/2026 6:00,Winter
2/18/2026 7:00,Winter
2/18/2026 8:00,Winter
2/18/2026 9:00,Winter
2/18/2026 10:00,Winter
2/18/2026 11:00,Winter
2/18/2026 12:00,Winter
2/18/2026 13:00,Winter
2/18/2026 14:00,Winter
2/18/2026 15:00,Winter
2/18/2026 16:00,Winter
2/18/2026 17:00,Winter
2/18/2026 18:00,Winter
2/18/2026 19:00,Winter
2/18/2026 20:00,Winter
2/18/2026 21:00,Winter
2/18/2026 22:00,Winter
2/18/2026 23:00,Winter
2/19/2026 0:00,Winter
2/19/2026 1:00,Winter
2/19/2026 2:00,Winter
2/19/2026 3:00,Winter
2/19/2026 4:00,Winter
2/19/2026 5:00,Winter
2/19/2026 6:00,Winter
2/19/2026 7:00,Winter
2/19/2026 8:00,Winter
2/19/2026 9:00,Winter
2/19/2026 10:00,Winter
2/19/2026 11:00,Winter
2/19/2026 12:00,Winter
2/19/2026 13:00,Winter
2/19/2026 14:00,Winter
2/19/2026 15:00,Winter
2/19/2026 16:00,Winter
2/19/2026 17:00,Winter
2/19/2026 18:00,Winter
2/19/2026 19:00,Winter
2/19/2026 20:00,Winter
2/19/2026 21:00,Winter
2/19/2026 22:00,Winter
2/19/2026 23:00,Winter
2/20/2026 0:00,Winter
2/20/2026 1:00,Winter
2/20/2026 2:00,Winter
2/20/2026 3:00,Winter
2/20/2026 4:00,Winter
2/20/2026 5:00,Winter
2/20/2026 6:00,Winter
2/20/2026 7:00,Winter
2/20/2026 8:00,Winter
2/20/2026 9:00,Winter
2/20/2026 10:00,Winter
2/20/2026 11:00,Winter
2/20/2026 12:00,Winter
2/20/2026 13:00,Winter
2/20/2026 14:00,Winter
2/20/2026 15:00,Winter
2/20/2026 16:00,Winter
2/20/2026 17:00,Winter
2/20/2026 18:00,Winter
2/20/2026 19:00,Winter
2/20/2026 20:00,Winter
2/20/2026 21:00,Winter
2/20/2026 22:00,Winter
2/20/2026 23:00,Winter
2/21/2026 0:00,Winter
2/21/2026 1:00,Winter
2/21/2026 2:00,Winter
2/21/2026 3:00,Winter
2/21/2026 4:00,Winter
2/21/2026 5:00,Winter
2/21/2026 6:00,Winter
2/21/2026 7:00,Winter
2/21/2026 8:00,Winter
2/21/2026 9:00,Winter
2/21/2026 10:00,Winter
2/21/2026 11:00,Winter
2/21/2026 12:00,Winter
2/21/2026 13:00,Winter
2/21/2026 14:00,Winter
2/21/2026 15:00,Winter
2/21/2026 16:00,Winter
2/21/2026 17:00,Winter
2/21/2026 18:00,Winter
2/21/2026 19:00,Winter
2/21/2026 20:00,Winter
2/21/2026 21:00,Winter
2/21/2026 22:00,Winter
2/21/2026 23:00,Winter
2/22/2026 0:00,Winter
2/22/2026 1:00,Winter
2/22/2026 2:00,Winter
2/22/2026 3:00,Winter
2/22/2026 4:00,Winter
2/22/2026 5:00,Winter
2/22/2026 6:00,Winter
2/22/2026 7:00,Winter
2/22/2026 8:00,Winter
2/22/2026 9:00,Winter
2/22/2026 10:00,Winter
2/22/2026 11:00,Winter
2/22/2026 12:00,Winter
2/22/2026 13:00,Winter
2/22/2026 14:00,Winter
2/22/2026 15:00,Winter
2/22/2026 16:00,Winter
2/22/2026 17:00,Winter
2/22/2026 18:00,Winter
2/22/2026 19:00,Winter
2/22/2026 20:00,Winter
2/22/2026 21:00,Winter
2/22/2026 22:00,Winter
2/22/2026 23:00,Winter
2/23/2026 0:00,Winter
2/23/2026 1:00,Winter
2/23/2026 2:00,Winter
2/23/2026 3:00,Winter
2/23/2026 4:00,Winter
2/23/2026 5:00,Winter
2/23/2026 6:00,Winter
2/23/2026 7:00,Winter
2/23/2026 8:00,Winter
2/23/2026 9:00,Winter
2/23/2026 10:00,Winter
2/23/2026 11:00,Winter
2/23/2026 12:00,Winter
2/23/2026 13:00,Winter
2/23/2026 14:00,Winter
2/23/2026 15:00,Winter
2/23/2026 16:00,Winter
2/23/2026 17:00,Winter
2/23/2026 18:00,Winter
2/23/2026 19:00,Winter
2/23/2026 20:00,Winter
2/23/2026 21:00,Winter
2/23/2026 22:00,Winter
2/23/2026 23:00,Winter
2/24/2026 0:00,Winter
2/24/2026 1:00,Winter
2/24/2026 2:00,Winter
2/24/2026 3:00,Winter
2/24/2026 4:00,Winter
2/24/2026 5:00,Winter
2/24/2026 6:00,Winter
2/24/2026 7:00,Winter
2/24/2026 8:00,Winter
2/24/2026 9:00,Winter
2/24/2026 10:00,Winter
2/24/2026 11:00,Winter
2/24/2026 12:00,Winter
2/24/2026 13:00,Winter
2/24/2026 14:00,Winter
2/24/2026 15:00,Winter
2/24/2026 16:00,Winter
2/24/2026 17:00,Winter
2/24/2026 18:00,Winter
2/24/2026 19:00,Winter
2/24/2026 20:00,Winter
2/24/2026 21:00,Winter
2/24/2026 22:00,Winter
2/24/2026 23:00,Winter
2/25/2026 0:00,Winter
2/25/2026 1:00,Winter
2/25/2026 2:00,Winter
2/25/2026 3:00,Winter
2/25/2026 4:00,Winter
2/25/2026 5:00,Winter
2/25/2026 6:00,Winter
2/25/2026 7:00,Winter
2/25/2026 8:00,Winter
2/25/2026 9:00,Winter
2/25/2026 10:00,Winter
2/25/2026 11:00,Winter
2/25/2026 12:00,Winter
2/25/2026 13:00,Winter
2/25/2026 14:00,Winter
2/25/2026 15:00,Winter
2/25/2026 16:00,Winter
2/25/2026 17:00,Winter
2/25/2026 18:00,Winter
2/25/2026 19:00,Winter
2/25/2026 20:00,Winter
2/25/2026 21:00,Winter
2/25/2026 22:00,Winter
2/25/2026 23:00,Winter
2/26/2026 0:00,Winter
2/26/2026 1:00,Winter
2/26/2026 2:00,Winter
2/26/2026 3:00,Winter
2/26/2026 4:00,Winter
2/26/2026 5:00,Winter
2/26/2026 6:00,Winter
2/26/2026 7:00,Winter
2/26/2026 8:00,Winter
2/26/2026 9:00,Winter
2/26/2026 10:00,Winter
2/26/2026 11:00,Winter
2/26/2026 12:00,Winter
2/26/2026 13:00,Winter
2/26/2026 14:00,Winter
2/26/2026 15:00,Winter
2/26/2026 16:00,Winter
2/26/2026 17:00,Winter
2/26/2026 18:00,Winter
2/26/2026 19:00,Winter
2/26/2026 20:00,Winter
2/26/2026 21:00,Winter
2/26/2026 22:00,Winter
2/26/2026 23:00,Winter
2/27/2026 0:00,Winter
2/27/2026 1:00,Winter
2/27/2026 2:00,Winter
2/27/2026 3:00,Winter
2/27/2026 4:00,Winter
2/27/2026 5:00,Winter
2/27/2026 6:00,Winter
2/27/2026 7:00,Winter
2/27/2026 8:00,Winter
2/27/2026 9:00,Winter
2/27/2026 10:00,Winter
2/27/2026 11:00,Winter
2/27/2026 12:00,Winter
2/27/2026 13:00,Winter
2/27/2026 14:00,Winter
2/27/2026 15:00,Winter
2/27/2026 16:00,Winter
2/27/2026 17:00,Winter
2/27/2026 18:00,Winter
2/27/2026 19:00,Winter
2/27/2026 20:00,Winter
2/27/2026 21:00,Winter
2/27/2026 22:00,Winter
2/27/2026 23:00,Winter
2/28/2026 0:00,Winter
2/28/2026 1:00,Winter
2/28/2026 2:00,Winter
2/28/2026 3:00,Winter
2/28/2026 4:00,Winter
2/28/2026 5:00,Winter
2/28/2026 6:00,Winter
2/28/2026 7:00,Winter
2/28/2026 8:00,Winter
2/28/2026 9:00,Winter
2/28/2026 10:00,Winter
2/28/2026 11:00,Winter
2/28/2026 12:00,Winter
2/28/2026 13:00,Winter
2/28/2026 14:00,Winter
2/28/2026 15:00,Winter
2/28/2026 16:00,Winter
2/28/2026 17:00,Winter
2/28/2026 18:00,Winter
2/28/2026 19:00,Winter
2/28/2026 20:00,Winter
2/28/2026 21:00,Winter
2/28/2026 22:00,Winter
2/28/2026 23:00,Winter
3/1/2026 0:00,Summer
3/1/2026 1:00,Summer
3/1/2026 2:00,Summer
3/1/2026 3:00,Summer
3/1/2026 4:00,Summer
3/1/2026 5:00,Summer
3/1/2026 6:00,Summer
3/1/2026 7:00,Summer
3/1/2026 8:00,Summer
3/1/2026 9:00,Summer
3/1/2026 10:00,Summer
3/1/2026 11:00,Summer
3/1/2026 12:00,Summer
3/1/2026 13:00,Summer
3/1/2026 14:00,Summer
3/1/2026 15:00,Summer
3/1/2026 16:00,Summer
3/1/2026 17:00,Summer
3/1/2026 18:00,Summer
3/1/2026 19:00,Summer
3/1/2026 20:00,Summer
3/1/2026 21:00,Summer
3/1/2026 22:00,Summer
3/1/2026 23:00,Summer
3/2/2026 0:00,Summer
3/2/2026 1:00,Summer
3/2/2026 2:00,Summer
3/2/2026 3:00,Summer
3/2/2026 4:00,Summer
3/2/2026 5:00,Summer
3/2/2026 6:00,Summer
3/2/2026 7:00,Summer
3/2/2026 8:00,Summer
3/2/2026 9:00,Summer
3/2/2026 10:00,Summer
3/2/2026 11:00,Summer
3/2/2026 12:00,Summer
3/2/2026 13:00,Summer
3/2/2026 14:00,Summer
3/2/2026 15:00,Summer
3/2/2026 16:00,Summer
3/2/2026 17:00,Summer
3/2/2026 18:00,Summer
3/2/2026 19:00,Summer
3/2/2026 20:00,Summer
3/2/2026 21:00,Summer
3/2/2026 22:00,Summer
3/2/2026 23:00,Summer
3/3/2026 0:00,Summer
3/3/2026 1:00,Summer
3/3/2026 2:00,Summer
3/3/2026 3:00,Summer
3/3/2026 4:00,Summer
3/3/2026 5:00,Summer
3/3/2026 6:00,Summer
3/3/2026 7:00,Summer
3/3/2026 8:00,Summer
3/3/2026 9:00,Summer
3/3/2026 10:00,Summer
3/3/2026 11:00,Summer
3/3/2026 12:00,Summer
3/3/2026 13:00,Summer
3/3/2026 14:00,Summer
3/3/2026 15:00,Summer
3/3/2026 16:00,Summer
3/3/2026 17:00,Summer
3/3/2026 18:00,Summer
3/3/2026 19:00,Summer
3/3/2026 20:00,Summer
3/3/2026 21:00,Summer
3/3/2026 22:00,Summer
3/3/2026 23:00,Summer
3/4/2026 0:00,Summer
3/4/2026 1:00,Summer
3/4/2026 2:00,Summer
3/4/2026 3:00,Summer
3/4/2026 4:00,Summer
3/4/2026 5:00,Summer
3/4/2026 6:00,Summer
3/4/2026 7:00,Summer
3/4/2026 8:00,Summer
3/4/2026 9:00,Summer
3/4/2026 10:00,Summer
3/4/2026 11:00,Summer
3/4/2026 12:00,Summer
3/4/2026 13:00,Summer
3/4/2026 14:00,Summer
3/4/2026 15:00,Summer
3/4/2026 16:00,Summer
3/4/2026 17:00,Summer
3/4/2026 18:00,Summer
3/4/2026 19:00,Summer
3/4/2026 20:00,Summer
3/4/2026 21:00,Summer
3/4/2026 22:00,Summer
3/4/2026 23:00,Summer
3/5/2026 0:00,Summer
3/5/2026 1:00,Summer
3/5/2026 2:00,Summer
3/5/2026 3:00,Summer
3/5/2026 4:00,Summer
3/5/2026 5:00,Summer
3/5/2026 6:00,Summer
3/5/2026 7:00,Summer
3/5/2026 8:00,Summer
3/5/2026 9:00,Summer
3/5/2026 10:00,Summer
3/5/2026 11:00,Summer
3/5/2026 12:00,Summer
3/5/2026 13:00,Summer
3/5/2026 14:00,Summer
3/5/2026 15:00,Summer
3/5/2026 16:00,Summer
3/5/2026 17:00,Summer
3/5/2026 18:00,Summer
3/5/2026 19:00,Summer
3/5/2026 20:00,Summer
3/5/2026 21:00,Summer
3/5/2026 22:00,Summer
3/5/2026 23:00,Summer
3/6/2026 0:00,Summer
3/6/2026 1:00,Summer
3/6/2026 2:00,Summer
3/6/2026 3:00,Summer
3/6/2026 4:00,Summer
3/6/2026 5:00,Summer
3/6/2026 6:00,Summer
3/6/2026 7:00,Summer
3/6/2026 8:00,Summer
3/6/2026 9:00,Summer
3/6/2026 10:00,Summer
3/6/2026 11:00,Summer
3/6/2026 12:00,Summer
3/6/2026 13:00,Summer
3/6/2026 14:00,Summer
3/6/2026 15:00,Summer
3/6/2026 16:00,Summer
3/6/2026 17:00,Summer
3/6/2026 18:00,Summer
3/6/2026 19:00,Summer
3/6/2026 20:00,Summer
3/6/2026 21:00,Summer
3/6/2026 22:00,Summer
3/6/2026 23:00,Summer
3/7/2026 0:00,Summer
3/7/2026 1:00,Summer
3/7/2026 2:00,Summer
3/7/2026 3:00,Summer
3/7/2026 4:00,Summer
3/7/2026 5:00,Summer
3/7/2026 6:00,Summer
3/7/2026 7:00,Summer
3/7/2026 8:00,Summer
3/7/2026 9:00,Summer
3/7/2026 10:00,Summer
3/7/2026 11:00,Summer
3/7/2026 12:00,Summer
3/7/2026 13:00,Summer
3/7/2026 14:00,Summer
3/7/2026 15:00,Summer
3/7/2026 16:00,Summer
3/7/2026 17:00,Summer
3/7/2026 18:00,Summer
3/7/2026 19:00,Summer
3/7/2026 20:00,Summer
3/7/2026 21:00,Summer
3/7/2026 22:00,Summer
3/7/2026 23:00,Summer
3/8/2026 0:00,Summer
3/8/2026 1:00,Summer
3/8/2026 2:00,Summer
3/8/2026 3:00,Summer
3/8/2026 4:00,Summer
3/8/2026 5:00,Summer
3/8/2026 6:00,Summer
3/8/2026 7:00,Summer
3/8/2026 8:00,Summer
3/8/2026 9:00,Summer
3/8/2026 10:00,Summer
3/8/2026 11:00,Summer
3/8/2026 12:00,Summer
3/8/2026 13:00,Summer
3/8/2026 14:00,Summer
3/8/2026 15:00,Summer
3/8/2026 16:00,Summer
3/8/2026 17:00,Summer
3/8/2026 18:00,Summer
3/8/2026 19:00,Summer
3/8/2026 20:00,Summer
3/8/2026 21:00,Summer
3/8/2026 22:00,Summer
3/8/2026 23:00,Summer
3/9/2026 0:00,Summer
3/9/2026 1:00,Summer
3/9/2026 2:00,Summer
3/9/2026 3:00,Summer
3/9/2026 4:00,Summer
3/9/2026 5:00,Summer
3/9/2026 6:00,Summer
3/9/2026 7:00,Summer
3/9/2026 8:00,Summer
3/9/2026 9:00,Summer
3/9/2026 10:00,Summer
3/9/2026 11:00,Summer
3/9/2026 12:00,Summer
3/9/2026 13:00,Summer
3/9/2026 14:00,Summer
3/9/2026 15:00,Summer
3/9/2026 16:00,Summer
3/9/2026 17:00,Summer
3/9/2026 18:00,Summer
3/9/2026 19:00,Summer
3/9/2026 20:00,Summer
3/9/2026 21:00,Summer
3/9/2026 22:00,Summer
3/9/2026 23:00,Summer
3/10/2026 0:00,Summer
3/10/2026 1:00,Summer
3/10/2026 2:00,Summer
3/10/2026 3:00,Summer
3/10/2026 4:00,Summer
3/10/2026 5:00,Summer
3/10/2026 6:00,Summer
3/10/2026 7:00,Summer
3/10/2026 8:00,Summer
3/10/2026 9:00,Summer
3/10/2026 10:00,Summer
3/10/2026 11:00,Summer
3/10/2026 12:00,Summer
3/10/2026 13:00,Summer
3/10/2026 14:00,Summer
3/10/2026 15:00,Summer
3/10/2026 16:00,Summer
3/10/2026 17:00,Summer
3/10/2026 18:00,Summer
3/10/2026 19:00,Summer
3/10/2026 20:00,Summer
3/10/2026 21:00,Summer
3/10/2026 22:00,Summer
3/10/2026 23:00,Summer
3/11/2026 0:00,Summer
3/11/2026 1:00,Summer
3/11/2026 2:00,Summer
3/11/2026 3:00,Summer
3/11/2026 4:00,Summer
3/11/2026 5:00,Summer
3/11/2026 6:00,Summer
3/11/2026 7:00,Summer
3/11/2026 8:00,Summer
3/11/2026 9:00,Summer
3/11/2026 10:00,Summer
3/11/2026 11:00,Summer
3/11/2026 12:00,Summer
3/11/2026 13:00,Summer
3/11/2026 14:00,Summer
3/11/2026 15:00,Summer
3/11/2026 16:00,Summer
3/11/2026 17:00,Summer
3/11/2026 18:00,Summer
3/11/2026 19:00,Summer
3/11/2026 20:00,Summer
3/11/2026 21:00,Summer
3/11/2026 22:00,Summer
3/11/2026 23:00,Summer
3/12/2026 0:00,Summer
3/12/2026 1:00,Summer
3/12/2026 2:00,Summer
3/12/2026 3:00,Summer
3/12/2026 4:00,Summer
3/12/2026 5:00,Summer
3/12/2026 6:00,Summer
3/12/2026 7:00,Summer
3/12/2026 8:00,Summer
3/12/2026 9:00,Summer
3/12/2026 10:00,Summer
3/12/2026 11:00,Summer
3/12/2026 12:00,Summer
3/12/2026 13:00,Summer
3/12/2026 14:00,Summer
3/12/2026 15:00,Summer
3/12/2026 16:00,Summer
3/12/2026 17:00,Summer
3/12/2026 18:00,Summer
3/12/2026 19:00,Summer
3/12/2026 20:00,Summer
3/12/2026 21:00,Summer
3/12/2026 22:00,Summer
3/12/2026 23:00,Summer
3/13/2026 0:00,Summer
3/13/2026 1:00,Summer
3/13/2026 2:00,Summer
3/13/2026 3:00,Summer
3/13/2026 4:00,Summer
3/13/2026 5:00,Summer
3/13/2026 6:00,Summer
3/13/2026 7:00,Summer
3/13/2026 8:00,Summer
3/13/2026 9:00,Summer
3/13/2026 10:00,Summer
3/13/2026 11:00,Summer
3/13/2026 12:00,Summer
3/13/2026 13:00,Summer
3/13/2026 14:00,Summer
3/13/2026 15:00,Summer
3/13/2026 16:00,Summer
3/13/2026 17:00,Summer
3/13/2026 18:00,Summer
3/13/2026 19:00,Summer
3/13/2026 20:00,Summer
3/13/2026 21:00,Summer
3/13/2026 22:00,Summer
3/13/2026 23:00,Summer
3/14/2026 0:00,Summer
3/14/2026 1:00,Summer
3/14/2026 2:00,Summer
3/14/2026 3:00,Summer
3/14/2026 4:00,Summer
3/14/2026 5:00,Summer
3/14/2026 6:00,Summer
3/14/2026 7:00,Summer
3/14/2026 8:00,Summer
3/14/2026 9:00,Summer
3/14/2026 10:00,Summer
3/14/2026 11:00,Summer
3/14/2026 12:00,Summer
3/14/2026 13:00,Summer
3/14/2026 14:00,Summer
3/14/2026 15:00,Summer
3/14/2026 16:00,Summer
3/14/2026 17:00,Summer
3/14/2026 18:00,Summer
3/14/2026 19:00,Summer
3/14/2026 20:00,Summer
3/14/2026 21:00,Summer
3/14/2026 22:00,Summer
3/14/2026 23:00,Summer
3/15/2026 0:00,Summer
3/15/2026 1:00,Summer
3/15/2026 2:00,Summer
3/15/2026 3:00,Summer
3/15/2026 4:00,Summer
3/15/2026 5:00,Summer
3/15/2026 6:00,Summer
3/15/2026 7:00,Summer
3/15/2026 8:00,Summer
3/15/2026 9:00,Summer
3/15/2026 10:00,Summer
3/15/2026 11:00,Summer
3/15/2026 12:00,Summer
3/15/2026 13:00,Summer
3/15/2026 14:00,Summer
3/15/2026 15:00,Summer
3/15/2026 16:00,Summer
3/15/2026 17:00,Summer
3/15/2026 18:00,Summer
3/15/2026 19:00,Summer
3/15/2026 20:00,Summer
3/15/2026 21:00,Summer
3/15/2026 22:00,Summer
3/15/2026 23:00,Summer
3/16/2026 0:00,Summer
3/16/2026 1:00,Summer
3/16/2026 2:00,Summer
3/16/2026 3:00,Summer
3/16/2026 4:00,Summer
3/16/2026 5:00,Summer
3/16/2026 6:00,Summer
3/16/2026 7:00,Summer
3/16/2026 8:00,Summer
3/16/2026 9:00,Summer
3/16/2026 10:00,Summer
3/16/2026 11:00,Summer
3/16/2026 12:00,Summer
3/16/2026 13:00,Summer
3/16/2026 14:00,Summer
3/16/2026 15:00,Summer
3/16/2026 16:00,Summer
3/16/2026 17:00,Summer
3/16/2026 18:00,Summer
3/16/2026 19:00,Summer
3/16/2026 20:00,Summer
3/16/2026 21:00,Summer
3/16/2026 22:00,Summer
3/16/2026 23:00,Summer
3/17/2026 0:00,Summer
3/17/2026 1:00,Summer
3/17/2026 2:00,Summer
3/17/2026 3:00,Summer
3/17/2026 4:00,Summer
3/17/2026 5:00,Summer
3/17/2026 6:00,Summer
3/17/2026 7:00,Summer
3/17/2026 8:00,Summer
3/17/2026 9:00,Summer
3/17/2026 10:00,Summer
3/17/2026 11:00,Summer
3/17/2026 12:00,Summer
3/17/2026 13:00,Summer
3/17/2026 14:00,Summer
3/17/2026 15:00,Summer
3/17/2026 16:00,Summer
3/17/2026 17:00,Summer
3/17/2026 18:00,Summer
3/17/2026 19:00,Summer
3/17/2026 20:00,Summer
3/17/2026 21:00,Summer
3/17/2026 22:00,Summer
3/17/2026 23:00,Summer
3/18/2026 0:00,Summer
3/18/2026 1:00,Summer
3/18/2026 2:00,Summer
3/18/2026 3:00,Summer
3/18/2026 4:00,Summer
3/18/2026 5:00,Summer
3/18/2026 6:00,Summer
3/18/2026 7:00,Summer
3/18/2026 8:00,Summer
3/18/2026 9:00,Summer
3/18/2026 10:00,Summer
3/18/2026 11:00,Summer
3/18/2026 12:00,Summer
3/18/2026 13:00,Summer
3/18/2026 14:00,Summer
3/18/2026 15:00,Summer
3/18/2026 16:00,Summer
3/18/2026 17:00,Summer
3/18/2026 18:00,Summer
3/18/2026 19:00,Summer
3/18/2026 20:00,Summer
3/18/2026 21:00,Summer
3/18/2026 22:00,Summer
3/18/2026 23:00,Summer
3/19/2026 0:00,Summer
3/19/2026 1:00,Summer
3/19/2026 2:00,Summer
3/19/2026 3:00,Summer
3/19/2026 4:00,Summer
3/19/2026 5:00,Summer
3/19/2026 6:00,Summer
3/19/2026 7:00,Summer
3/19/2026 8:00,Summer
3/19/2026 9:00,Summer
3/19/2026 10:00,Summer
3/19/2026 11:00,Summer
3/19/2026 12:00,Summer
3/19/2026 13:00,Summer
3/19/2026 14:00,Summer
3/19/2026 15:00,Summer
3/19/2026 16:00,Summer
3/19/2026 17:00,Summer
3/19/2026 18:00,Summer
3/19/2026 19:00,Summer
3/19/2026 20:00,Summer
3/19/2026 21:00,Summer
3/19/2026 22:00,Summer
3/19/2026 23:00,Summer
3/20/2026 0:00,Summer
3/20/2026 1:00,Summer
3/20/2026 2:00,Summer
3/20/2026 3:00,Summer
3/20/2026 4:00,Summer
3/20/2026 5:00,Summer
3/20/2026 6:00,Summer
3/20/2026 7:00,Summer
3/20/2026 8:00,Summer
3/20/2026 9:00,Summer
3/20/2026 10:00,Summer
3/20/2026 11:00,Summer
3/20/2026 12:00,Summer
3/20/2026 13:00,Summer
3/20/2026 14:00,Summer
3/20/2026 15:00,Summer
3/20/2026 16:00,Summer
3/20/2026 17:00,Summer
3/20/2026 18:00,Summer
3/20/2026 19:00,Summer
3/20/2026 20:00,Summer
3/20/2026 21:00,Summer
3/20/2026 22:00,Summer
3/20/2026 23:00,Summer
3/21/2026 0:00,Summer
3/21/2026 1:00,Summer
3/21/2026 2:00,Summer
3/21/2026 3:00,Summer
3/21/2026 4:00,Summer
3/21/2026 5:00,Summer
3/21/2026 6:00,Summer
3/21/2026 7:00,Summer
3/21/2026 8:00,Summer
3/21/2026 9:00,Summer
3/21/2026 10:00,Summer
3/21/2026 11:00,Summer
3/21/2026 12:00,Summer
3/21/2026 13:00,Summer
3/21/2026 14:00,Summer
3/21/2026 15:00,Summer
3/21/2026 16:00,Summer
3/21/2026 17:00,Summer
3/21/2026 18:00,Summer
3/21/2026 19:00,Summer
3/21/2026 20:00,Summer
3/21/2026 21:00,Summer
3/21/2026 22:00,Summer
3/21/2026 23:00,Summer
3/22/2026 0:00,Summer
3/22/2026 1:00,Summer
3/22/2026 2:00,Summer
3/22/2026 3:00,Summer
3/22/2026 4:00,Summer
3/22/2026 5:00,Summer
3/22/2026 6:00,Summer
3/22/2026 7:00,Summer
3/22/2026 8:00,Summer
3/22/2026 9:00,Summer
3/22/2026 10:00,Summer
3/22/2026 11:00,Summer
3/22/2026 12:00,Summer
3/22/2026 13:00,Summer
3/22/2026 14:00,Summer
3/22/2026 15:00,Summer
3/22/2026 16:00,Summer
3/22/2026 17:00,Summer
3/22/2026 18:00,Summer
3/22/2026 19:00,Summer
3/22/2026 20:00,Summer
3/22/2026 21:00,Summer
3/22/2026 22:00,Summer
3/22/2026 23:00,Summer
3/23/2026 0:00,Summer
3/23/2026 1:00,Summer
3/23/2026 2:00,Summer
3/23/2026 3:00,Summer
3/23/2026 4:00,Summer
3/23/2026 5:00,Summer
3/23/2026 6:00,Summer
3/23/2026 7:00,Summer
3/23/2026 8:00,Summer
3/23/2026 9:00,Summer
3/23/2026 10:00,Summer
3/23/2026 11:00,Summer
3/23/2026 12:00,Summer
3/23/2026 13:00,Summer
3/23/2026 14:00,Summer
3/23/2026 15:00,Summer
3/23/2026 16:00,Summer
3/23/2026 17:00,Summer
3/23/2026 18:00,Summer
3/23/2026 19:00,Summer
3/23/2026 20:00,Summer
3/23/2026 21:00,Summer
3/23/2026 22:00,Summer
3/23/2026 23:00,Summer
3/24/2026 0:00,Summer
3/24/2026 1:00,Summer
3/24/2026 2:00,Summer
3/24/2026 3:00,Summer
3/24/2026 4:00,Summer
3/24/2026 5:00,Summer
3/24/2026 6:00,Summer
3/24/2026 7:00,Summer
3/24/2026 8:00,Summer
3/24/2026 9:00,Summer
3/24/2026 10:00,Summer
3/24/2026 11:00,Summer
3/24/2026 12:00,Summer
3/24/2026 13:00,Summer
3/24/2026 14:00,Summer
3/24/2026 15:00,Summer
3/24/2026 16:00,Summer
3/24/2026 17:00,Summer
3/24/2026 18:00,Summer
3/24/2026 19:00,Summer
3/24/2026 20:00,Summer
3/24/2026 21:00,Summer
3/24/2026 22:00,Summer
3/24/2026 23:00,Summer
3/25/2026 0:00,Summer
3/25/2026 1:00,Summer
3/25/2026 2:00,Summer
3/25/2026 3:00,Summer
3/25/2026 4:00,Summer
3/25/2026 5:00,Summer
3/25/2026 6:00,Summer
3/25/2026 7:00,Summer
3/25/2026 8:00,Summer
3/25/2026 9:00,Summer
3/25/2026 10:00,Summer
3/25/2026 11:00,Summer
3/25/2026 12:00,Summer
3/25/2026 13:00,Summer
3/25/2026 14:00,Summer
3/25/2026 15:00,Summer
3/25/2026 16:00,Summer
3/25/2026 17:00,Summer
3/25/2026 18:00,Summer
3/25/2026 19:00,Summer
3/25/2026 20:00,Summer
3/25/2026 21:00,Summer
3/25/2026 22:00,Summer
3/25/2026 23:00,Summer
3/26/2026 0:00,Summer
3/26/2026 1:00,Summer
3/26/2026 2:00,Summer
3/26/2026 3:00,Summer
3/26/2026 4:00,Summer
3/26/2026 5:00,Summer
3/26/2026 6:00,Summer
3/26/2026 7:00,Summer
3/26/2026 8:00,Summer
3/26/2026 9:00,Summer
3/26/2026 10:00,Summer
3/26/2026 11:00,Summer
3/26/2026 12:00,Summer
3/26/2026 13:00,Summer
3/26/2026 14:00,Summer
3/26/2026 15:00,Summer
3/26/2026 16:00,Summer
3/26/2026 17:00,Summer
3/26/2026 18:00,Summer
3/26/2026 19:00,Summer
3/26/2026 20:00,Summer
3/26/2026 21:00,Summer
3/26/2026 22:00,Summer
3/26/2026 23:00,Summer
3/27/2026 0:00,Summer
3/27/2026 1:00,Summer
3/27/2026 2:00,Summer
3/27/2026 3:00,Summer
3/27/2026 4:00,Summer
3/27/2026 5:00,Summer
3/27/2026 6:00,Summer
3/27/2026 7:00,Summer
3/27/2026 8:00,Summer
3/27/2026 9:00,Summer
3/27/2026 10:00,Summer
3/27/2026 11:00,Summer
3/27/2026 12:00,Summer
3/27/2026 13:00,Summer
3/27/2026 14:00,Summer
3/27/2026 15:00,Summer
3/27/2026 16:00,Summer
3/27/2026 17:00,Summer
3/27/2026 18:00,Summer
3/27/2026 19:00,Summer
3/27/2026 20:00,Summer
3/27/2026 21:00,Summer
3/27/2026 22:00,Summer
3/27/2026 23:00,Summer
3/28/2026 0:00,Summer
3/28/2026 1:00,Summer
3/28/2026 2:00,Summer
3/28/2026 3:00,Summer
3/28/2026 4:00,Summer
3/28/2026 5:00,Summer
3/28/2026 6:00,Summer
3/28/2026 7:00,Summer
3/28/2026 8:00,Summer
3/28/2026 9:00,Summer
3/28/2026 10:00,Summer
3/28/2026 11:00,Summer
3/28/2026 12:00,Summer
3/28/2026 13:00,Summer
3/28/2026 14:00,Summer
3/28/2026 15:00,Summer
3/28/2026 16:00,Summer
3/28/2026 17:00,Summer
3/28/2026 18:00,Summer
3/28/2026 19:00,Summer
3/28/2026 20:00,Summer
3/28/2026 21:00,Summer
3/28/2026 22:00,Summer
3/28/2026 23:00,Summer
3/29/2026 0:00,Summer
3/29/2026 1:00,Summer
3/29/2026 2:00,Summer
3/29/2026 3:00,Summer
3/29/2026 4:00,Summer
3/29/2026 5:00,Summer
3/29/2026 6:00,Summer
3/29/2026 7:00,Summer
3/29/2026 8:00,Summer
3/29/2026 9:00,Summer
3/29/2026 10:00,Summer
3/29/2026 11:00,Summer
3/29/2026 12:00,Summer
3/29/2026 13:00,Summer
3/29/2026 14:00,Summer
3/29/2026 15:00,Summer
3/29/2026 16:00,Summer
3/29/2026 17:00,Summer
3/29/2026 18:00,Summer
3/29/2026 19:00,Summer
3/29/2026 20:00,Summer
3/29/2026 21:00,Summer
3/29/2026 22:00,Summer
3/29/2026 23:00,Summer
3/30/2026 0:00,Summer
3/30/2026 1:00,Summer
3/30/2026 2:00,Summer
3/30/2026 3:00,Summer
3/30/2026 4:00,Summer
3/30/2026 5:00,Summer
3/30/2026 6:00,Summer
3/30/2026 7:00,Summer
3/30/2026 8:00,Summer
3/30/2026 9:00,Summer
3/30/2026 10:00,Summer
3/30/2026 11:00,Summer
3/30/2026 12:00,Summer
3/30/2026 13:00,Summer
3/30/2026 14:00,Summer
3/30/2026 15:00,Summer
3/30/2026 16:00,Summer
3/30/2026 17:00,Summer
3/30/2026 18:00,Summer
3/30/2026 19:00,Summer
3/30/2026 20:00,Summer
3/30/2026 21:00,Summer
3/30/2026 22:00,Summer
3/30/2026 23:00,Summer
3/31/2026 0:00,Summer
3/31/2026 1:00,Summer
3/31/2026 2:00,Summer
3/31/2026 3:00,Summer
3/31/2026 4:00,Summer
3/31/2026 5:00,Summer
3/31/2026 6:00,Summer
3/31/2026 7:00,Summer
3/31/2026 8:00,Summer
3/31/2026 9:00,Summer
3/31/2026 10:00,Summer
3/31/2026 11:00,Summer
3/31/2026 12:00,Summer
3/31/2026 13:00,Summer
3/31/2026 14:00,Summer
3/31/2026 15:00,Summer
3/31/2026 16:00,Summer
3/31/2026 17:00,Summer
3/31/2026 18:00,Summer
3/31/2026 19:00,Summer
3/31/2026 20:00,Summer
3/31/2026 21:00,Summer
3/31/2026 22:00,Summer
3/31/2026 23:00,Summer
