tree
version=v4
num_class=1
num_tree_per_iteration=1
label_index=0
max_feature_idx=8
objective=regression
feature_names=temp_weighted month holiday is_weekend hour minute y_lag_24h y_lag_7d y_lag_1
feature_infos=[8.8899999999999988:37.880000000000003] [1:12] none [0:1] [0:23] [0:45] [25:378] [25:378] [25:378]
tree_sizes=2774 2825 2831 2786 2802 2829 2828 2831 2825 2826 2815 2823 2809 2816 2826 2816 2812 2818 2827 2808 2805 2801 2809 2806 2837 2819 2823 2818 2808 2829 2818 2820 2837 2851 2831 2827 2828 2861 2838 2842 2839 2843 2864 2863 2865 2855 2869 2846 2855 2835 2867 2825 2845 2842 2864 2858 2857 2896 2851 2859 2847 2866 2870 2884 2885 2835 2847 2846 2881 2859 2879 2860 2886 2865 2871 2882 2907 2888 2890 2871 2878 2875 2891 2872 2876 2905 2854 2880 2861 2875 2899 2892 2913 2901 2902 2870 2844 2903 2894 2902 2863 2845 2892 2891 2896 2889 2858 2878 2887 2871 2900 2914 2894 2855 2878 2869 2867 2881 2899 2901 2855 2878 2916 2933 2904 2867 2876 2849 2900 2862 2888 2864 2858 2859 2879 2880 2901 2882 2891 2884 2853 2862 2827 2883 2820 2897 2846 2865 2892 2864 2871 2855 2909 2900 2859 2906 2865 2905 2860 2812 2846 2828 2873 2827 2857 2895 2893 2880 2877 2847 2836 2865 2864 2842 2864 2902 2903 2858 2882 2882 2879 2895 2885 2849 2902 2918 2857 2821 2880 2904 2804 2819 2810 2816 2886 2868 2863 2881 2826 2838 2914 2865 2843 2906 2924 2864 2870 2863 2880 2881 2884 2820 2850 2922 2821 2880 2842 2812 2911 2882 2841 2863 2835 2829 2810 2801 2774 2787 2810 2826 2836 2828 2847 2825 2841 2795 2766 2871 2861 2747 2780 2800 2834 2815 2861 2854 2849 2824 2835 2818 2768 2841 2797 2816 2896 2880 2787 2811 2878 2796 2843 2872 2885 2865 2805 2759 2784 2776 2809 2851 2844 2875 2833 2870 2851 2783 2780 2869 2794 2891 2800 2770 2799 2801 2830 2905 2783 2804 2842 2847 2818 2840 2912 2838 2808 2845 2778 2772 2815 2781 2832 2862 2831 2822 2849 2774 2810 2818 2822 2789 2787 2859

Tree=0
num_leaves=31
num_cat=0
split_feature=8 8 8 8 8 8 8 8 8 8 8 8 8 8 8 8 8 8 8 8 8 8 8 8 8 8 8 8 8 8
split_gain=8.83626e+07 1.88241e+07 1.39999e+07 2.9236e+06 2.54767e+06 2.33567e+06 2.0337e+06 625726 389270 370583 362746 335736 308505 274999 229763 167661 71312.6 56613.5 55917.7 52057.9 47488.6 44544 44147.1 41638.2 39344.8 37660.1 37401.8 34995.2 32815 30171.2
threshold=212.09625000000003 265.70625000000001 164.80625000000003 236.96250000000003 299.41000000000003 135.42375000000004 189.75375000000003 91.300000000000011 251.25125000000003 323.40875000000005 282.49125000000009 224.61500000000004 150.38375000000002 177.82375000000002 201.87750000000003 120.76625000000001 312.00250000000005 244.20000000000002 335.58625000000006 273.55250000000007 258.51000000000005 156.99500000000003 217.90625000000003 229.72250000000005 292.00250000000005 106.59625000000001 171.48250000000004 142.39625000000004 196.45500000000001 185.00125000000003
decision_type=2 2 2 2 2 2 2 2 2 2 2 2 2 2 2 2 2 2 2 2 2 2 2 2 2 2 2 2 2 2
left_child=2 3 5 11 10 7 13 -1 17 16 19 22 27 26 28 25 -6 -5 -11 -3 -10 -14 -2 -13 -12 -9 -4 -7 -8 -15
right_child=1 4 6 8 9 12 14 15 20 18 24 23 21 29 -16 -17 -18 -19 -20 -21 -22 -23 -24 -25 -26 -27 -28 -29 -30 -31
leaf_value=206.4643596354824 213.93140221330336 216.64852739210806 211.60011351987802 215.21121510257242 218.45254200228834 210.13735873221194 212.84195421443019 208.20361816356868 215.91257438003089 219.58030664658102 217.52529094976245 214.53188000952977 210.87982755006422 212.26152703516834 213.53227715895909 209.60079979288969 219.03267974593479 215.56345663448175 220.40103350171012 217.0668478947741 216.2791636054373 211.24661742949695 214.23415942594031 214.83938932323051 217.95435075947884 208.97109713913176 211.92367609109385 210.51726032284336 213.13422086674277 212.55505736730359
leaf_weight=205 2148 1517 1807 2439 1300 969 2059 190 2049 512 1328 1997 1392 2250 3634 1953 894 2143 349 1459 1553 2042 2740 2453 894 1007 1766 1619 1800 1433
leaf_count=205 2148 1517 1807 2439 1300 969 2059 190 2049 512 1328 1997 1392 2250 3634 1953 894 2143 349 1459 1553 2042 2740 2453 894 1007 1766 1619 1800 1433
internal_value=213.884 215.919 211.709 214.992 217.888 210.198 212.669 209.141 215.682 219.034 217.215 214.387 210.787 212.073 213.247 209.315 218.689 215.376 219.913 216.854 216.071 211.098 214.101 214.701 217.698 208.849 211.76 210.375 212.978 212.376
internal_weight=49901 25775 24126 17522 8253 9377 14749 3355 8184 3055 5198 9338 6022 7256 7493 3150 2194 4582 861 2976 3602 3434 4888 4450 2222 1197 3573 2588 3859 3683
internal_count=49901 25775 24126 17522 8253 9377 14749 3355 8184 3055 5198 9338 6022 7256 7493 3150 2194 4582 861 2976 3602 3434 4888 4450 2222 1197 3573 2588 3859 3683
is_linear=0
shrinkage=1


Tree=1
num_leaves=31
num_cat=0
split_feature=8 8 8 8 8 8 8 8 8 8 8 8 8 8 8 8 8 8 8 8 8 8 8 8 8 8 8 8 8 8
split_gain=7.97472e+07 1.69889e+07 1.2639e+07 2.53996e+06 2.39848e+06 2.26458e+06 1.67472e+06 564717 367354 344470 322409 317242 283478 207361 205200 151807 68394.2 59809.4 51740.3 45907.5 44354.3 39972.2 37797.6 36686.4 35445.2 34561.6 33006.6 29615.5 28112.5 27882.3
threshold=212.09625000000003 264.75125000000008 166.34750000000003 236.24750000000003 298.00625000000008 135.42375000000004 189.75375000000003 91.300000000000011 320.50750000000005 249.44250000000002 151.35375000000002 281.36000000000007 224.61500000000004 201.87750000000003 178.50125000000003 119.10875000000001 335.58625000000006 306.86500000000007 256.27875000000012 272.50750000000005 159.30875000000003 218.25250000000003 143.50250000000003 242.25125000000003 289.01125000000008 126.50500000000001 229.72250000000005 196.45500000000001 106.59625000000001 173.51125000000002
decision_type=2 2 2 2 2 2 2 2 2 2 2 2 2 2 2 2 2 2 2 2 2 2 2 2 2 2 2 2 2 2
left_child=2 3 5 12 11 7 14 -1 17 23 22 19 21 27 29 28 -10 -6 -11 -3 -12 -2 -7 -5 -13 -17 -14 -8 -9 -4
right_child=1 4 6 9 8 10 13 15 16 18 20 24 26 -15 -16 25 -18 -19 -20 -21 -22 -23 -24 -25 -26 -27 -28 -29 -30 -31
leaf_value=-7.0398771555830795 0.065776849143624569 2.5893157673324474 -2.0746865486102783 1.2142630086352479 4.177883479149787 -3.5143761551085442 -0.98116226689496511 -5.3875816947535462 5.3412567685205934 1.843515006999078 -2.7632577164102847 3.3730146975865765 0.62426722347587127 -0.32535546860264497 -1.4070841652043111 -4.3142792989678123 6.1999631122053529 4.7091389556788492 2.2031101781404936 2.981639924689905 -2.4135652532403746 0.35200648261117246 -3.1415554307903415 1.5109537327840115 3.7714334942863186 -3.9115865896179409 0.90281904506687438 -0.7035089568288273 -4.7118883770285347 -1.7837258944640291
leaf_weight=205 2339 1509 1987 1990 910 1173 2059 190 691 2054 1764 1122 1997 3634 3465 977 349 1268 1950 1474 1866 2549 1617 2187 1111 1172 2275 1800 811 1406
leaf_count=205 2339 1509 1987 1990 910 1173 2059 190 691 2054 1764 1122 1997 3634 3465 977 349 1268 1950 1474 1866 2549 1617 2187 1111 1172 2275 1800 811 1406
internal_value=0.00835554 1.94218 -2.05764 1.04695 3.78284 -3.44429 -1.11314 -4.49705 4.85633 1.68726 -2.89414 3.12055 0.475075 -0.596406 -1.67773 -4.33156 5.62942 4.48717 2.01864 2.78318 -2.5835 0.21504 -3.2983 1.3696 3.57124 -4.09466 0.772607 -0.851653 -4.84014 -1.95412
internal_weight=49901 25775 24126 17341 8434 9775 14351 3355 3218 8181 6420 5216 9160 7493 6858 3150 1040 2178 4004 2983 3630 4888 2790 4177 2233 2149 4272 3859 1001 3393
internal_count=49901 25775 24126 17341 8434 9775 14351 3355 3218 8181 6420 5216 9160 7493 6858 3150 1040 2178 4004 2983 3630 4888 2790 4177 2233 2149 4272 3859 1001 3393
is_linear=0
shrinkage=0.05


Tree=2
num_leaves=31
num_cat=0
split_feature=8 8 8 8 8 8 8 8 8 8 8 8 8 8 8 8 8 8 8 8 8 8 8 8 8 8 8 8 8 8
split_gain=7.19726e+07 1.43337e+07 1.24513e+07 2.12379e+06 2.0457e+06 1.995e+06 1.8193e+06 540677 307907 278651 268514 265531 237417 230737 218085 177116 61716.1 45374.6 45086.1 41133.7 38795.3 35610.8 35150.2 35129.7 33626.9 32878.7 32150.4 29454.8 27813.6 24020.6
threshold=214.97125000000005 266.60500000000008 166.34750000000003 239.34750000000003 138.25125000000003 301.01500000000004 191.00750000000002 91.300000000000011 283.75500000000005 326.11500000000007 226.52750000000003 251.96000000000001 204.18500000000003 154.13500000000002 179.13250000000002 123.75500000000001 314.00375000000008 274.58875000000006 112.25375000000001 259.31625000000003 232.66250000000002 146.39625000000004 343.17750000000007 197.75250000000003 246.00125000000003 292.00250000000005 220.17500000000004 173.51125000000002 185.75250000000003 209.25750000000002
decision_type=2 2 2 2 2 2 2 2 2 2 2 2 2 2 2 2 2 2 2 2 2 2 2 2 2 2 2 2 2 2
left_child=2 3 4 10 7 8 14 -1 17 16 26 24 23 21 27 18 -7 -3 -9 -13 -12 -6 -11 -8 -5 -10 -2 -4 -16 -14
right_child=1 5 6 11 13 9 12 15 25 22 20 19 29 -15 28 -17 -18 -19 -20 -21 -22 -23 -24 -25 -26 -27 -28 -29 -30 -31
leaf_value=-6.6878833435802933 0.16158365671526675 2.5441021194358537 -1.9709523323857732 1.2925921502619728 -3.196225934393345 4.2111783554088733 -0.87663664924650608 -4.9012963439479016 3.3256796039752103 5.3713489291772794 0.70266178576154215 1.8676368335780862 -0.32010306782690112 -2.3951686056483821 -1.4159248973311451 -3.7273316696683971 4.7540429162485287 2.9335859807245206 -4.2852503554989596 2.2096163435514184 0.99920261258564891 -2.8514558468044364 6.1935245006759736 -0.59144431953297649 1.5851603422642571 3.7119452661516075 0.42448079673236994 -1.6829111103999645 -1.1377676427549803 -0.068142425387271138
leaf_weight=205 2106 1534 1987 2227 1412 1317 2083 396 1139 523 2223 2046 1790 3031 2039 1948 869 1459 1188 1542 2189 1595 173 2242 1757 1067 2597 1604 1607 2006
leaf_count=205 2106 1534 1987 2227 1412 1317 2083 396 1139 523 2223 2046 1790 3031 2039 1948 869 1459 1188 1542 2189 1595 173 2242 1757 1067 2597 1604 1607 2006
internal_value=0.00793776 1.92077 -1.87711 1.08372 -3.27208 3.64923 -0.989248 -4.1915 3.06431 4.7044 0.569604 1.70261 -0.475524 -2.70303 -1.56572 -4.04661 4.42698 2.73396 -4.43926 2.01461 0.84979 -3.01335 5.57571 -0.728798 1.42162 3.51251 0.306756 -1.84229 -1.29333 -0.186954
internal_weight=49901 24768 25133 16687 9775 8081 15358 3737 5199 2882 9115 7572 8121 6038 7237 3532 2186 2993 1584 3588 4412 3007 696 4325 3984 2206 4703 3591 3646 3796
internal_count=49901 24768 25133 16687 9775 8081 15358 3737 5199 2882 9115 7572 8121 6038 7237 3532 2186 2993 1584 3588 4412 3007 696 4325 3984 2206 4703 3591 3646 3796
is_linear=0
shrinkage=0.05


Tree=3
num_leaves=31
num_cat=0
split_feature=6 6 6 6 6 7 0 7 6 7 7 6 0 7 6 6 7 7 0 7 1 1 7 0 7 0 6 7 6 0
split_gain=4.59559e+07 1.15375e+07 5.53363e+06 1.50231e+06 1.4659e+06 1.38984e+06 826020 722308 398928 392625 295148 284002 255536 249887 232510 225845 212872 210266 150190 141583 134279 127211 119277 108544 107369 106297 105763 101068 91948 89314.8
threshold=201.87750000000003 259.79750000000007 165.52500000000003 230.10500000000005 291.01000000000005 154.00125000000003 24.791250000000002 195.12250000000003 135.30875000000003 208.17750000000004 159.08500000000004 184.40500000000003 26.291250000000002 266.00125000000008 215.31125000000003 275.00250000000005 279.50250000000005 180.75750000000002 26.086250000000003 282.00125000000008 5.5000000000000009 6.5000000000000009 217.80125000000004 21.106250000000006 264.00250000000005 30.143750000000001 245.00250000000003 91.300000000000011 319.00500000000005 28.176250000000003
decision_type=2 2 2 2 2 2 2 2 2 2 2 2 2 2 2 2 2 2 2 2 2 2 2 2 2 2 2 2 2 2
left_child=2 3 5 14 10 8 22 11 27 23 -3 -4 21 29 -2 24 20 -14 -17 -19 -5 -8 -6 -7 -12 -11 -22 -1 -21 -9
right_child=1 4 7 16 6 9 12 13 -10 25 15 -13 17 -15 -16 18 -18 19 -20 28 26 -23 -24 -25 -26 -27 -28 -29 -30 -31
leaf_value=-1.4006828779869893 -0.067825995204649353 -0.39821891704010309 -1.6531817293806701 0.64078946112208446 -2.8117311991178076 -2.6823527792968083 1.4446106791593671 -0.82995832635428934 -2.818833572771652 -1.4369058411030566 1.7125444882582432 -0.97592321527472403 0.85204575894186729 0.57252949209137072 0.40119838309173295 2.0193058232163081 1.7302827969267263 3.466691921624081 2.873876075296419 3.8256145490832889 0.90932519647080001 3.062522976580313 0.49873474480377306 -2.0848019764218808 2.3382883334848876 -0.20028950691706637 1.3341577609023432 -3.7418443326648956 4.5920238709987551 -0.32354926165955655
leaf_weight=47 4783 109 3804 2175 39 1145 153 2864 2737 800 1886 2610 61 444 5904 761 1060 1502 1585 951 3261 590 90 2260 1077 222 2660 2405 665 1251
leaf_count=47 4783 109 3804 2175 39 1145 153 2864 2737 800 1886 2610 61 444 5904 761 1060 1502 1585 951 3261 590 90 2260 1077 222 2660 2405 665 1251
internal_value=0.00754088 1.27923 -1.80293 0.593975 2.71523 -2.67856 3.43469 -1.03558 -3.23379 -2.02777 2.17729 -1.37759 3.56418 -0.554411 0.191285 2.23017 1.064 3.7593 2.59667 3.81617 0.976765 2.72936 -0.502104 -2.28574 1.93999 -1.16829 1.10018 -3.69697 4.141 -0.676005
internal_weight=49901 29312 20589 19843 9469 9616 4051 10973 5189 4427 5418 6414 3922 4559 10687 5309 9156 3179 2346 3118 8096 743 129 3405 2963 1022 5921 2452 1616 4115
internal_count=49901 29312 20589 19843 9469 9616 4051 10973 5189 4427 5418 6414 3922 4559 10687 5309 9156 3179 2346 3118 8096 743 129 3405 2963 1022 5921 2452 1616 4115
is_linear=0
shrinkage=0.05


Tree=4
num_leaves=31
num_cat=0
split_feature=6 6 6 4 7 6 0 7 6 7 6 7 4 6 0 7 6 0 4 6 0 0 6 6 0 0 4 0 1 3
split_gain=4.15005e+07 9.35778e+06 6.16403e+06 1.33607e+06 1.29532e+06 1.18874e+06 837300 809981 367319 360832 349144 318296 282947 256461 246614 245111 209283 188274 158825 156600 153489 148302 121902 114350 100284 100144 95528.1 244075 122548 108775
threshold=207.00125000000003 263.00375000000003 166.29750000000004 17.500000000000004 154.00125000000003 237.75250000000003 26.221250000000001 195.12250000000003 136.85625000000002 208.17750000000004 189.00125000000003 188.75125000000003 17.500000000000004 303.50250000000005 24.508750000000003 269.00125000000008 220.01250000000002 24.841250000000006 5.5000000000000009 278.17875000000009 23.891250000000003 25.321250000000003 192.46250000000003 321.28250000000008 30.143750000000001 24.741250000000004 3.5000000000000004 29.046250000000004 5.5000000000000009 1.0000000180025095e-35
decision_type=2 2 2 2 2 2 2 2 2 2 2 2 2 2 2 2 2 2 2 2 2 2 2 2 2 2 2 2 2 2
left_child=2 5 4 11 8 16 14 10 -1 18 -4 25 20 -8 23 22 -2 -13 -6 -19 -7 -14 -9 -5 -11 -3 -22 28 -28 -29
right_child=1 3 7 6 9 12 13 15 -10 24 -12 17 21 -15 -16 -17 -18 19 -20 -21 26 -23 -24 -25 -26 -27 27 29 -30 -31
leaf_value=-3.4901861806503365 0.10995064035728533 -2.6900781869888308 -1.4842003735985099 0.92664029412251669 -2.8364540968916945 -0.75874076716601857 3.1254632716321589 -0.77928535114967079 -2.6509087883807743 -1.3593865340479079 -0.72508800022963582 0.11762067149774952 1.1464407418319915 3.9441636076399775 2.3826594450923615 0.63752728217078847 0.54406755432375009 1.7608504106341645 -1.9928896561668008 2.4929823701499045 1.4207444192098566 2.1436605202781451 -0.30058289324671872 -2.5889390986944951 -0.17136171208941831 0.66126453994904255 -0.54696099322991099 1.3923551462602819 0.62606407074492587 0.72298213751001028
leaf_weight=2589 4876 24 4505 133 694 120 1863 2498 2626 830 2282 122 601 1966 1386 496 6447 1479 2847 1443 1321 982 2844 28 226 313 276 2074 1152 858
leaf_count=2589 4876 24 4505 133 694 120 1863 2498 2626 830 2282 122 601 1966 1386 496 6447 1479 2847 1443 1321 982 2844 28 226 313 276 2074 1152 858
internal_value=0.00716384 1.31046 -1.58813 2.65942 -2.5282 0.678991 3.1492 -0.857527 -3.06757 -1.91631 -1.22896 1.88064 1.17256 3.54582 2.1675 -0.425711 0.357125 2.04206 -2.15822 2.12241 1.01087 1.76506 -0.524431 0.315235 -1.10513 0.422593 1.04825 0.935396 0.399345 1.19647
internal_weight=49901 27464 22437 8757 9812 18707 5376 12625 5215 4597 6787 3381 7384 3829 1547 5838 11323 3044 3541 2922 5801 1583 5342 161 1056 337 5681 4360 1428 2932
internal_count=49901 27464 22437 8757 9812 18707 5376 12625 5215 4597 6787 3381 7384 3829 1547 5838 11323 3044 3541 2922 5801 1583 5342 161 1056 337 5681 4360 1428 2932
is_linear=0
shrinkage=0.05


Tree=5
num_leaves=31
num_cat=0
split_feature=8 8 8 8 8 8 8 8 8 8 8 8 8 8 8 8 8 8 8 8 8 8 8 8 8 8 8 8 8 8
split_gain=5.61095e+07 1.12601e+07 9.40259e+06 1.70768e+06 1.59883e+06 1.52236e+06 1.47495e+06 456536 255961 236820 229083 223588 193308 185289 180648 102052 47869.7 39565.8 38158.4 33580.2 30206.4 29115.7 28793.1 27907.5 27499.1 24606.8 24320.2 23640.3 23629.8 22037.5
threshold=214.34500000000003 265.70625000000001 164.00375000000003 237.50500000000002 301.01500000000004 189.75375000000003 132.64125000000004 91.300000000000011 283.75500000000005 250.00500000000002 326.11500000000007 149.34750000000003 202.39125000000004 177.10750000000004 225.00500000000002 117.09375000000001 314.00375000000008 257.75500000000005 275.58750000000003 343.17750000000007 142.39625000000004 231.26625000000004 155.99500000000003 208.18750000000003 183.00125000000003 243.66750000000002 292.00250000000005 196.45500000000001 106.59625000000001 170.00125000000003
decision_type=2 2 2 2 2 2 2 2 2 2 2 2 2 2 2 2 2 2 2 2 2 2 2 2 2 2 2 2 2 2
left_child=2 3 6 14 8 13 7 -1 18 25 16 20 27 29 -2 28 -6 -11 -3 -12 -8 -16 -13 -14 -15 -5 -10 -7 -9 -4
right_child=1 4 5 9 10 12 11 15 26 17 19 22 23 24 21 -17 -18 -19 -20 -21 -22 -23 -24 -25 -26 -27 -28 -29 -30 -31
leaf_value=-6.2435063280957817 0.22477371845976479 2.2536834385645608 -1.8416352512074168 1.0688952452449874 3.7007906821515442 -0.82813784647114186 -2.9996064796556281 -4.6306243415017736 2.9397670424026652 1.596410579252117 4.732482681641212 -2.4089756710823083 -0.36148974181000137 -1.3479836706483761 0.55930343200911892 -3.5027557217977883 4.1830662286527094 1.9120534431887135 2.6071604456952824 5.5152922784128506 -2.6720894623479103 0.81474841197274506 -2.1139490977832991 -0.10386731165081638 -1.0817242108568361 1.3179153827388304 3.2714408305839258 -0.58651964682482094 -4.0113873970293961 -1.5936256390168848
leaf_weight=188 4317 1846 1617 2028 1251 2077 1406 206 1132 2266 520 1396 2009 1837 2403 1968 874 1767 1302 186 1410 2082 2029 2205 2054 1942 1080 1975 611 2008
leaf_count=188 4317 1846 1617 2028 1251 2077 1406 206 1132 2266 520 1396 2009 1837 2403 1968 874 1767 1302 186 1410 2082 2029 2205 2054 1942 1080 1975 611 2008
internal_value=0.00206134 1.67715 -1.67303 0.936259 3.19719 -0.932056 -2.94219 -3.85875 2.68951 1.46485 4.1584 -2.50556 -0.463789 -1.44705 0.455653 -3.69777 3.89915 1.7347 2.39988 4.93872 -2.83562 0.677885 -2.2342 -0.226687 -1.20743 1.19071 3.10171 -0.71037 -4.16752 -1.70426
internal_weight=49992 24996 24996 16805 8191 15782 9214 2973 5360 8003 2831 6241 8266 7516 8802 2785 2125 4033 3148 706 2816 4485 3425 4214 3891 3970 2212 4052 817 3625
internal_count=49992 24996 24996 16805 8191 15782 9214 2973 5360 8003 2831 6241 8266 7516 8802 2785 2125 4033 3148 706 2816 4485 3425 4214 3891 3970 2212 4052 817 3625
is_linear=0
shrinkage=0.05


Tree=6
num_leaves=31
num_cat=0
split_feature=8 8 8 8 8 8 8 8 8 8 8 8 8 8 8 8 8 8 8 8 8 8 8 8 8 8 8 8 8 8
split_gain=5.06399e+07 1.0301e+07 8.34731e+06 1.52439e+06 1.50407e+06 1.33114e+06 1.32696e+06 412024 250884 206747 201788 196566 174174 167239 162841 92101.8 43202.4 34323.8 30306.2 29870.6 28618.7 27961.8 27261.3 26276.9 26272.7 23000.4 22207.7 21458.7 21375.2 21325.9
threshold=213.91750000000002 264.75125000000008 164.00375000000003 237.50500000000002 301.01500000000004 132.64125000000004 189.75375000000003 91.300000000000011 282.49125000000009 326.11500000000007 149.34750000000003 250.00500000000002 225.00500000000002 177.82375000000002 201.22500000000002 117.09375000000001 314.00375000000008 272.50750000000005 343.17750000000007 257.75500000000005 207.58875000000003 290.55875000000009 142.39625000000004 231.26625000000004 156.99500000000003 170.75250000000003 243.66750000000002 220.66125000000002 183.00125000000003 106.59625000000001
decision_type=2 2 2 2 2 2 2 2 2 2 2 2 2 2 2 2 2 2 2 2 2 2 2 2 2 2 2 2 2 2
left_child=2 3 5 12 8 7 13 -1 17 16 22 26 27 25 -8 29 -6 -3 -11 -13 -16 -10 -7 -14 -12 -4 -5 -2 -15 -9
right_child=1 4 6 11 9 10 14 15 21 18 24 19 23 28 20 -17 -18 -19 -20 -21 -22 -23 -24 -25 -26 -27 -28 -29 -30 -31
leaf_value=-5.9313310765205545 0.11588922992583123 2.0675206973442957 -1.7362162366624696 1.0154504794193915 3.5157511618878723 -2.8496261462378469 -0.69793701021580556 -4.3990931668327855 2.7344945143618595 4.4958585365001973 -2.2719584667577153 1.5165900585878664 0.53133826171773901 -1.2694273342001274 -0.37350334564543441 -3.3276179624766842 3.9739128983539085 2.3980508273153593 5.2395277412988808 1.8000310867268423 -0.11872672712144999 3.0767564627859332 -2.5384849796565714 0.77401099080572355 -1.9941876352447825 -1.4903559992735522 1.2520195999164538 0.33881405640481099 -1.0276379966471769 -3.8108179039338612
leaf_weight=188 2729 1499 1810 2028 1251 1406 3659 206 1106 520 1582 2266 2403 1647 2215 1968 874 1650 186 1576 2194 1296 1410 2082 1843 2005 1942 1786 2054 611
leaf_count=188 2729 1499 1810 2028 1251 1406 3659 206 1106 520 1582 2266 2403 1647 2215 1968 874 1650 186 1576 2194 1296 1410 2082 1843 2005 1942 1786 2054 611
internal_value=0.00195827 1.58075 -1.60205 0.866874 3.0126 -2.79508 -0.896675 -3.66581 2.53429 3.95048 -2.38029 1.37791 0.423298 -1.3747 -0.451357 -3.51288 3.70419 2.24071 4.69178 1.63286 -0.246722 2.91916 -2.69383 0.64399 -2.12249 -1.607 1.13117 0.204072 -1.13524 -3.95915
internal_weight=49992 25194 24798 16812 8382 9214 15584 2973 5551 2831 6241 7812 9000 7516 8068 2785 2125 3149 706 3842 4409 2402 2816 4485 3425 3815 3970 4515 3701 817
internal_count=49992 25194 24798 16812 8382 9214 15584 2973 5551 2831 6241 7812 9000 7516 8068 2785 2125 3149 706 3842 4409 2402 2816 4485 3425 3815 3970 4515 3701 817
is_linear=0
shrinkage=0.05


Tree=7
num_leaves=31
num_cat=0
split_feature=8 8 8 8 8 8 8 8 8 8 8 8 8 8 8 8 8 8 8 8 8 8 8 8 8 8 8 8 8 8
split_gain=4.5707e+07 9.56252e+06 7.27085e+06 1.41885e+06 1.40179e+06 1.20405e+06 1.11237e+06 358916 224352 204315 194885 174239 166450 162566 117214 73597.3 48536.3 36810.7 33642.1 32085 27778.7 26555.1 24596.5 21441.9 20933.7 20588.8 19567.8 18998.4 17004.3 16615.3
threshold=212.75250000000003 263.77250000000004 164.00375000000003 298.00625000000008 236.96250000000003 131.01750000000001 187.77625000000003 91.300000000000011 320.50750000000005 147.36375000000001 278.76250000000005 249.44250000000002 223.54125000000002 200.07625000000002 175.00750000000002 115.01750000000001 335.58625000000006 310.41375000000005 155.99500000000003 287.74000000000007 229.72250000000005 254.99500000000003 206.41250000000002 181.75125000000003 139.74500000000003 241.25250000000003 271.50250000000005 193.75625000000002 217.90625000000003 123.75500000000001
decision_type=2 2 2 2 2 2 2 2 2 2 2 2 2 2 2 2 2 2 2 2 2 2 2 2 2 2 2 2 2 2
left_child=2 4 5 10 12 7 14 -1 17 24 26 25 28 27 -4 -9 -10 -5 -11 -12 -14 -13 -15 -16 -7 -6 -3 -8 -2 -17
right_child=1 3 6 8 11 9 13 15 16 18 19 21 20 22 23 29 -18 -19 -20 -21 -22 -23 -24 -25 -26 -27 -28 -29 -30 -31
leaf_value=-5.634764517114518 0.038671271191057031 1.9313058044048068 -1.5765930260475343 3.2037050565853535 0.89853795292683492 -2.7757851243019105 -0.83562022375627132 -3.848805965442132 4.0346017183730689 -2.2046096856603405 2.4755434898995716 1.3764674808128536 0.45349682308410594 -0.39473000484515275 -1.2727507783053376 -3.3693421923955933 4.7574892843389796 3.6242626959929369 -1.9072690844829592 2.8269323077441877 0.69213727356581489 1.6407781544774982 -0.15793415943652334 -1.0368700945150735 -2.4916238575674305 1.1361186304749693 2.1969487689331197 -0.61429457843119206 0.23774327811789364 -3.0791381227658312
leaf_weight=188 1959 1504 3029 1239 1418 1184 1843 617 706 1791 1269 1710 2423 2172 2037 979 346 897 2029 1331 2455 2139 2215 1828 1432 2555 1286 2046 2371 994
leaf_count=188 1959 1504 3029 1239 1418 1184 1843 617 706 1791 1269 1710 2423 2172 2037 979 346 897 2029 1331 2455 2139 2215 1828 1432 2555 1286 2046 2371 994
internal_value=0.00186036 1.47714 -1.54748 2.83853 0.791413 -2.65532 -0.874592 -3.52531 3.67468 -2.27981 2.34398 1.2836 0.373313 -0.483817 -1.3437 -3.37219 4.27236 3.38032 -2.04668 2.65543 0.5736 1.52335 -0.275172 -1.16119 -2.62024 1.05132 2.05375 -0.719181 0.147678 -3.22314
internal_weight=49992 25608 24384 8578 17030 9214 15170 2778 3188 6436 5390 7822 9208 8276 6894 2590 1052 2136 3820 2600 4878 3849 4387 3865 2616 3973 2790 3889 4330 1973
internal_count=49992 25608 24384 8578 17030 9214 15170 2778 3188 6436 5390 7822 9208 8276 6894 2590 1052 2136 3820 2600 4878 3849 4387 3865 2616 3973 2790 3889 4330 1973
is_linear=0
shrinkage=0.05


Tree=8
num_leaves=31
num_cat=0
split_feature=8 8 8 8 8 8 8 8 8 8 8 8 8 8 8 8 8 8 8 8 8 8 8 8 8 8 8 8 8 8
split_gain=4.12555e+07 7.96322e+06 7.25081e+06 1.30631e+06 1.24211e+06 1.05294e+06 1.03805e+06 346222 198390 172613 163263 152755 150993 144251 117141 84818.3 27821.8 27598.8 26957.8 25448.1 25295.5 24950.8 24935.3 21140.4 20878 20362.6 18880 18709.9 16058.1 12991.9
threshold=215.97375000000002 268.57000000000005 167.00250000000003 240.00250000000003 134.14500000000001 193.00125000000003 303.00375000000003 91.300000000000011 151.35375000000002 254.19500000000002 286.42250000000007 326.11500000000007 227.57750000000001 181.75125000000003 205.32125000000002 117.09375000000001 161.00500000000002 247.28125000000003 314.00375000000008 343.17750000000007 143.50250000000003 276.50125000000008 174.22500000000002 126.50500000000001 222.00250000000003 233.75750000000002 261.00125000000008 106.59625000000001 199.50125000000003 293.59125000000006
decision_type=2 2 2 2 2 2 2 2 2 2 2 2 2 2 2 2 2 2 2 2 2 2 2 2 2 2 2 2 2 2
left_child=2 3 4 12 7 13 10 -1 20 17 21 18 24 22 28 27 -10 -5 -8 -13 -6 -3 -4 -17 -2 -14 -11 -9 -7 -12
right_child=1 6 5 9 8 14 11 15 16 26 29 19 25 -15 -16 23 -18 -19 -20 -21 -22 -23 -24 -25 -26 -27 -28 -29 -30 -31
leaf_value=-5.3530262683300265 0.16368480374994987 1.9998144372082924 -1.4624671538355802 1.0194300993435448 -2.5310140725993504 -0.60245850421210922 3.2122132301330568 -3.9866981061916911 -1.9498567014796799 1.5034462204733827 2.5939378672838211 4.0582142360393822 0.56614811892181949 -0.90077865886371922 -0.11746140749575623 -3.1187584016853136 -1.6764158985563107 1.2678990838557944 3.5858818684890013 4.7396768939110547 -2.2410612295163781 2.2911334430002062 -1.2207782217301839 -2.8045686569681934 0.37331538893839511 0.78462323627981567 1.7445088383702949 -3.4356839425044834 -0.40311814809658408 2.8469018020559047
leaf_weight=188 2557 1472 2018 2355 1411 2065 1078 206 2194 1751 960 520 2241 3466 3769 1183 1615 2127 874 186 1611 1468 2265 978 2218 2035 1515 611 1978 1077
leaf_count=188 2557 1472 2018 2355 1411 2065 1078 206 2194 1751 960 520 2241 3466 3769 1183 1615 2127 874 186 1611 1468 2265 978 2218 2035 1515 611 1978 1077
internal_value=0.00176734 1.47078 -1.40264 0.862256 -2.45336 -0.727625 2.8097 -3.27201 -2.07393 1.3388 2.38365 3.60748 0.454315 -1.14059 -0.317992 -3.14064 -1.83392 1.13734 3.37952 4.23775 -2.37644 2.14528 -1.33465 -2.97657 0.261059 0.670123 1.61527 -3.57462 -0.504933 2.72768
internal_weight=49992 24434 25558 16799 9997 15561 7635 3166 6831 7748 4977 2658 9051 7749 7812 2978 3809 4482 1952 706 3022 2940 4283 2161 4775 4276 3266 817 4043 2037
internal_count=49992 24434 25558 16799 9997 15561 7635 3166 6831 7748 4977 2658 9051 7749 7812 2978 3809 4482 1952 706 3022 2940 4283 2161 4775 4276 3266 817 4043 2037
is_linear=0
shrinkage=0.05


Tree=9
num_leaves=31
num_cat=0
split_feature=8 8 8 8 8 8 8 8 8 8 8 8 8 8 8 8 8 8 8 8 8 8 8 8 8 8 8 8 8 8
split_gain=3.72456e+07 7.90284e+06 5.81508e+06 1.24922e+06 1.0894e+06 999259 870580 281858 204184 162569 144701 138622 128968 126317 113974 56079 48595 28616.4 22966.6 21585.7 21356.3 20574.5 19124.3 18128.7 17014.8 16838.7 16129.4 14137.7 13724.8 13140.1
threshold=212.09625000000003 262.00375000000003 161.75500000000002 296.50250000000005 235.72875000000002 187.00500000000002 129.50500000000002 91.300000000000011 318.53125000000006 278.76250000000005 146.39625000000004 247.28125000000003 200.07625000000002 222.53375000000003 174.22500000000002 112.25375000000001 335.58625000000006 306.86500000000007 254.19500000000002 270.50125000000008 229.01000000000002 286.42250000000007 154.13500000000002 138.25125000000003 193.00125000000003 206.41250000000002 181.75125000000003 241.25250000000003 122.17000000000002 168.50125000000003
decision_type=2 2 2 2 2 2 2 2 2 2 2 2 2 2 2 2 2 2 2 2 2 2 2 2 2 2 2 2 2 2
left_child=2 4 6 9 13 14 7 -1 17 19 23 27 24 -2 29 -9 -10 -5 -13 -3 -15 -11 -12 -8 -7 -14 -16 -6 -17 -4
right_child=1 3 5 8 11 12 10 15 16 21 22 18 25 20 26 28 -18 -19 -20 -21 -22 -23 -24 -25 -26 -27 -28 -29 -30 -31
leaf_value=-5.0853749437535072 0.10855212502436601 1.7047362830494306 -1.5597433841676249 2.8050702714474403 0.79613720106628871 -0.76909549080263062 -2.5503475664407529 -3.6058878051424488 3.5995352769840907 2.2121268908473626 -2.0341088165427155 1.2045041355158614 -0.35733643739160947 0.38629342726394167 -1.1597393035520256 -3.0961887004986481 4.2983873609862577 3.170239848275167 1.4416927839820175 1.9670693462401365 0.59556580854413743 2.5055303043226553 -1.7959182200987645 -2.2851225374476907 -0.56402797077276456 -0.15621236467961686 -0.95344719052351357 0.99047601712427213 -2.8334373725745134 -1.3637486873567104
leaf_weight=188 4146 1682 1837 1070 1796 1837 1164 412 885 1093 1590 2127 2172 2624 2265 995 346 1076 1962 1469 2277 1318 1793 1443 2251 1998 1629 1954 993 1600
leaf_count=188 4146 1682 1837 1070 1796 1837 1164 412 885 1093 1590 2127 2172 2624 2265 995 346 1076 1962 1469 2277 1318 1793 1443 2251 1998 1629 1954 993 1600
internal_value=0.00167898 1.32191 -1.40912 2.52406 0.685516 -0.833788 -2.45469 -3.22102 3.28263 2.06349 -2.1236 1.11696 -0.456612 0.311683 -1.25866 -3.07497 3.79596 2.98817 1.31831 1.82704 0.483521 2.37252 -1.90787 -2.40354 -0.656178 -0.260971 -1.07344 0.897401 -2.96495 -1.4685
internal_weight=49992 25825 24167 8939 16886 15589 8578 2588 3377 5562 5990 7839 8258 9047 7331 2400 1231 2146 4089 3151 4901 2411 3383 2607 4088 4170 3894 3750 1988 3437
internal_count=49992 25825 24167 8939 16886 15589 8578 2588 3377 5562 5990 7839 8258 9047 7331 2400 1231 2146 4089 3151 4901 2411 3383 2607 4088 4170 3894 3750 1988 3437
is_linear=0
shrinkage=0.05


Tree=10
num_leaves=31
num_cat=0
split_feature=8 8 8 8 8 8 8 8 8 8 8 8 8 8 8 8 8 8 8 8 8 8 8 8 8 8 8 8 8 8
split_gain=3.36025e+07 6.42187e+06 6.01287e+06 1.0226e+06 974288 922280 833768 274122 150417 133433 132724 122420 119860 113310 106739 50900.7 40652.9 23830.5 23584 23518.7 20307.3 17605.4 17266.3 16546.1 16286 16262.9 16225.8 16223.6 15525.5 15236.7
threshold=216.42875000000004 268.57000000000005 166.34750000000003 240.00250000000003 134.14500000000001 191.81875000000002 303.00375000000003 106.59625000000001 150.38375000000002 254.19500000000002 285.00500000000005 326.11500000000007 204.18500000000003 228.00500000000002 179.80250000000004 91.300000000000011 122.17000000000002 316.26375000000007 247.28125000000003 159.30875000000003 343.17750000000007 209.25750000000002 276.50125000000008 142.39625000000004 261.00125000000008 222.00250000000003 172.10750000000004 233.75750000000002 185.75250000000003 293.59125000000006
decision_type=2 2 2 2 2 2 2 2 2 2 2 2 2 2 2 2 2 2 2 2 2 2 2 2 2 2 2 2 2 2
left_child=2 3 4 13 7 14 10 15 23 18 22 17 -7 25 26 -1 -9 -8 -5 -10 -13 -14 -3 -6 -11 -2 -4 -15 -16 -12
right_child=1 6 5 9 8 12 11 16 19 24 29 20 21 27 28 -17 -18 -19 -20 -21 -22 -23 -24 -25 -26 -27 -28 -29 -30 -31
leaf_value=-4.7733719130357111 0.15926838568024537 1.8049105750086829 -1.3618852755088948 0.91794583946577701 -2.3017864596536017 -0.49331492997393989 2.9147830021628547 -2.994541034761959 -1.799023590699159 1.3445904458464915 2.312114636557443 3.6653024135675647 -0.23720447353361471 0.51115973609864551 -0.97005222082203668 -3.6264877104147888 -2.6088533284614455 3.2781206444814694 1.1475215691885101 -1.5513090872479831 4.2973080218195205 -0.03353108594125738 2.0549357698379476 -2.0567891787951864 1.5697885063525354 0.34293394588505688 -1.1548057993164336 0.71165573089287204 -0.76444551890960843 2.5726191806269219
leaf_weight=192 2363 1478 1638 2344 1201 4126 1254 1202 1997 1730 1155 532 1808 2006 1817 195 1583 705 2140 1842 167 2568 1296 1617 1498 2460 2239 2030 1856 1092
leaf_count=192 2363 1478 1638 2344 1201 4126 1254 1202 1997 1730 1155 532 1808 2006 1817 195 1583 705 2140 1842 167 2568 1296 1617 1498 2460 2239 2030 1856 1092
internal_value=-0.000438694 1.33689 -1.25349 0.782998 -2.22742 -0.657125 2.53216 -2.94858 -1.8838 1.20397 2.15309 3.24823 -0.299975 0.416527 -1.05931 -4.19548 -2.77532 3.04554 1.02751 -1.68017 3.8163 -0.117681 1.92172 -2.1612 1.4491 0.252948 -1.2423 0.612004 -0.866157 2.43871
internal_weight=50131 24250 25881 16571 9829 16052 7679 3172 6657 7712 5021 2658 8502 8859 7550 387 2785 1959 4484 3839 699 4376 2774 2818 3228 4823 3877 4036 3673 2247
internal_count=50131 24250 25881 16571 9829 16052 7679 3172 6657 7712 5021 2658 8502 8859 7550 387 2785 1959 4484 3839 699 4376 2774 2818 3228 4823 3877 4036 3673 2247
is_linear=0
shrinkage=0.05


Tree=11
num_leaves=31
num_cat=0
split_feature=8 8 8 8 8 8 8 8 8 8 8 8 8 8 8 8 8 8 8 8 8 8 8 8 8 8 8 8 8 8
split_gain=3.03279e+07 5.96116e+06 5.25904e+06 879726 863602 855857 780039 229000 167342 149366 116360 107169 96332.1 95310 91496.3 51900.4 37350.3 24873.6 19494.9 18752.1 17223.1 16409.6 16337.1 16316.7 15058.8 14718 14448.3 14011.8 13099.7 11984.2
threshold=215.39125000000004 265.70625000000001 166.34750000000003 131.01750000000001 240.00250000000003 298.00625000000008 191.81875000000002 91.300000000000011 149.34750000000003 318.53125000000006 227.57750000000001 280.00750000000005 179.80250000000004 204.18500000000003 251.25125000000003 112.25375000000001 330.40500000000003 158.51500000000001 141.01000000000002 306.86500000000007 221.58750000000003 233.75750000000002 258.51000000000005 289.01125000000008 125.08500000000001 174.22500000000002 197.75250000000003 185.75250000000003 209.25750000000002 272.50750000000005
decision_type=2 2 2 2 2 2 2 2 2 2 2 2 2 2 2 2 2 2 2 2 2 2 2 2 2 2 2 2 2 2
left_child=2 4 3 7 10 11 12 -1 18 19 20 29 25 26 -6 -9 -11 -10 -5 -7 -2 -12 -16 -13 -17 -4 -8 -14 -15 -3
right_child=1 5 6 8 14 9 13 15 17 16 21 23 27 28 22 24 -18 -19 -20 -21 -22 -23 -24 -25 -26 -27 -28 -29 -30 -31
leaf_value=-4.5347032686074575 0.12572567739715476 1.6119399116365305 -1.2643898128979698 -2.2379911314404159 0.93133234206840487 2.5488418698840674 -0.56903879191829387 -3.2704205306930159 -1.7328564535520181 3.1831702091522862 0.47897476233552122 2.0614694673661496 -0.92154960609115477 -0.22534425031039371 1.1976666704006316 -2.7492477174462948 3.7404439832793543 -1.4845085719024795 -1.982836893824131 2.8583249323188094 0.31101517768044817 0.67607294334273038 1.4127470541684675 2.3218588056813716 -2.4772430555481568 -1.067477902054643 -0.38144480556304877 -0.72622324256788429 -0.043292304981015765 1.8264709746584469
leaf_weight=192 2531 1309 2219 1391 3543 900 1918 398 2007 711 2201 1315 1817 1808 2082 1392 521 2026 1621 1073 2486 2030 1533 1109 802 1658 2208 1856 2179 1295
leaf_count=192 2531 1309 2219 1391 3543 900 1918 398 2007 711 2201 1315 1817 1808 2082 1392 521 2026 1621 1073 2486 2030 1533 1109 802 1658 2208 1856 2179 1295
internal_value=-0.000416759 1.2505 -1.20948 -2.11605 0.699564 2.34836 -0.640573 -2.86853 -1.81869 2.98688 0.380412 1.94135 -1.00634 -0.300185 1.1119 -2.74511 3.41884 -1.6081 -2.10067 2.71715 0.217539 0.573541 1.28888 2.1806 -2.64982 -1.18018 -0.468649 -0.822849 -0.125848 1.71863
internal_weight=50131 24639 25492 9829 16406 8233 15663 2784 7045 3205 9248 5028 7550 8113 7158 2592 1232 4033 3012 1973 5017 4231 3615 2424 2194 3877 4126 3673 3987 2604
internal_count=50131 24639 25492 9829 16406 8233 15663 2784 7045 3205 9248 5028 7550 8113 7158 2592 1232 4033 3012 1973 5017 4231 3615 2424 2194 3877 4126 3673 3987 2604
is_linear=0
shrinkage=0.05


Tree=12
num_leaves=31
num_cat=0
split_feature=6 6 6 4 7 6 0 6 6 6 7 7 4 7 0 0 0 7 7 0 4 0 1 0 6 6 1 0 7 6
split_gain=1.80822e+07 4.06497e+06 2.63764e+06 613401 560038 492355 395630 369998 163416 161061 150577 149444 149293 115428 92882.6 78124.1 77605.8 76363.6 75390.6 74641.8 69785 69521 107325 54691.4 53075.6 49895 44769.4 69079 45305.1 44618.2
threshold=207.00125000000003 263.00375000000003 165.52500000000003 16.500000000000004 154.00125000000003 232.66250000000002 25.961250000000003 187.77250000000004 140.96750000000003 301.52500000000003 194.69625000000002 213.16125000000002 16.500000000000004 190.00125000000003 24.631250000000005 25.598750000000006 24.841250000000006 271.00750000000005 256.31625000000003 33.148750000000007 5.5000000000000009 32.101250000000007 5.5000000000000009 27.311250000000005 216.87750000000003 281.88750000000005 4.5000000000000009 28.716250000000006 185.39375000000004 321.28250000000008
decision_type=2 2 2 2 2 2 2 2 2 2 2 2 2 2 2 2 2 2 2 2 2 2 2 2 2 2 2 2 2 2
left_child=2 5 4 13 8 19 14 10 -1 -8 -4 20 21 -3 29 -14 -15 26 -12 24 -6 22 -7 -11 -2 -18 28 -28 -9 -5
right_child=1 3 7 6 11 12 9 17 -10 23 18 -13 15 16 -16 -17 25 -19 -20 -21 -22 -23 -24 -25 -26 -27 27 -29 -30 -31
leaf_value=-2.2698393257367595 0.016648183006361721 0.28621689648522686 -1.0135913625872206 0.65417336624029077 -1.8512690939236216 0.062401178116450289 1.9758825088388901 -0.7623588754142645 -1.7032723032318107 2.2650393970225928 -0.62832603813283106 -0.70613657823215203 0.70567316475995945 0.019467479985017896 1.4611945587920101 1.2904390995926489 1.1563289142133397 0.48009934369474649 0.19554162236437522 0.93698987154267643 -1.3003571786072952 0.94924118972266003 0.62456165592957769 2.772569093627633 0.26347393901704413 1.6223265742671193 -0.37544877697983337 0.12089687840386064 -0.34344663112734641 -1.2389531592593381
leaf_weight=2956 3412 336 4378 172 722 1047 2323 1010 2235 879 1841 949 961 118 1076 1408 1521 292 327 332 2820 1126 4490 1340 6022 923 2276 1013 1788 38
leaf_count=2956 3412 336 4378 172 722 1047 2323 1010 2235 879 1841 949 961 118 1076 1408 1521 292 327 332 2820 1126 4490 1340 6022 923 2276 1013 1788 38
internal_value=-0.000395921 0.860216 -1.04819 1.75207 -1.6722 0.446222 2.04768 -0.580753 -2.0259 2.26688 -0.844838 -1.26336 0.712306 1.15757 1.27347 1.05323 1.27185 -0.309755 -0.504062 0.200136 -1.41265 0.591094 0.518262 2.57152 0.174204 1.33232 -0.347645 -0.222576 -0.494662 0.311608
internal_weight=50131 27524 22607 8726 9682 18798 5828 12925 5191 4542 6546 4491 9032 2898 1286 2369 2562 6379 2168 9766 3542 6663 5537 2219 9434 2444 6087 3289 2798 210
internal_count=50131 27524 22607 8726 9682 18798 5828 12925 5191 4542 6546 4491 9032 2898 1286 2369 2562 6379 2168 9766 3542 6663 5537 2219 9434 2444 6087 3289 2798 210
is_linear=0
shrinkage=0.05


Tree=13
num_leaves=31
num_cat=0
split_feature=8 8 8 8 8 8 8 8 8 8 8 8 8 8 8 8 8 8 8 8 8 8 8 8 8 8 8 8 8 7
split_gain=2.54555e+07 4.85771e+06 4.53307e+06 755015 710615 692825 691715 216410 138776 126683 93320.1 88802.2 86719.3 77780.7 77282.6 49141.1 27907.3 22770.3 18954.5 18464.6 17699 15486.3 14097.6 13616.1 13510.4 12291.4 9961.05 9863.14 9529.37 9403.96
threshold=216.42875000000004 265.70625000000001 166.34750000000003 131.01750000000001 298.00625000000008 193.00125000000003 240.00250000000003 91.300000000000011 150.38375000000002 323.40875000000005 181.75125000000003 280.00750000000005 229.01000000000002 205.97000000000003 251.25125000000003 112.25375000000001 310.41375000000005 343.17750000000007 141.01000000000002 174.22500000000002 159.30875000000003 222.53375000000003 259.31625000000003 289.01125000000008 122.17000000000002 198.95375000000004 246.00125000000003 273.55250000000007 234.29375000000002 134.50250000000003
decision_type=2 2 2 2 2 2 2 2 2 2 2 2 2 2 2 2 2 2 2 2 2 2 2 2 2 2 2 2 2 2
left_child=2 6 3 7 11 10 12 29 18 16 19 27 21 25 26 -9 -6 -11 -5 -4 -10 -2 -16 -13 -17 -7 -8 -3 -14 -1
right_child=1 4 5 8 9 13 14 15 20 17 -12 23 28 -15 22 24 -18 -19 -20 -21 -22 -23 -24 -25 -26 -27 -28 -29 -30 -31
leaf_value=-3.2807465119795367 0.14279959341018167 1.4929018314092752 -1.1571655307443576 -2.042867484596631 2.3794873262208607 -0.48807240816415903 0.77991935353464026 -3.0249160234652575 -1.5614690741719039 3.1196102970805253 -0.7091480866820481 1.8887422147903152 0.46608600967762259 -0.0817966430416351 1.1080595749613988 -2.5567392137315537 2.727433654907284 3.7679757809210681 -1.7975627390806341 -0.95458174465597334 -1.3465771042433419 0.31500085409889111 1.3120930796892487 2.1266094567218916 -2.3075918441836305 -0.31792291458310723 0.94842280121170042 1.6895828141772342 0.62802114952920063 -4.3793483004850504
leaf_weight=22 2567 1490 2219 1391 1260 1890 1947 398 1997 716 3461 1315 1787 3780 2262 999 1062 167 1815 2281 1842 2657 1353 1109 1195 2421 1596 1114 1848 170
leaf_count=22 2567 1490 2219 1391 1260 1890 1947 398 1997 716 3461 1315 1787 3780 2262 999 1062 167 1815 2281 1842 2657 1353 1109 1195 2421 1596 1114 1848 170
internal_value=-0.000376127 1.1636 -1.091 -1.93664 2.15065 -0.57319 0.656233 -2.63374 -1.66116 2.73247 -0.904348 1.77978 0.360876 -0.247354 1.02178 -2.51376 2.53863 3.24223 -1.90399 -1.05448 -1.45836 0.230384 1.18442 1.99757 -2.42104 -0.392519 0.855824 1.57704 0.548412 -4.25347
internal_weight=50131 24250 25881 9829 8233 16052 16017 2784 7045 3205 7961 5028 8859 8091 7158 2592 2322 883 3206 4500 3839 5224 3615 2424 2194 4311 3543 2604 3635 192
internal_count=50131 24250 25881 9829 8233 16052 16017 2784 7045 3205 7961 5028 8859 8091 7158 2592 2322 883 3206 4500 3839 5224 3615 2424 2194 4311 3543 2604 3635 192
is_linear=0
shrinkage=0.05


Tree=14
num_leaves=31
num_cat=0
split_feature=8 8 8 8 8 8 8 8 8 8 8 8 8 8 8 8 8 8 8 8 8 8 8 8 8 6 8 8 8 8
split_gain=2.29743e+07 4.50854e+06 3.96649e+06 698434 638687 635450 610277 195865 126548 108582 88160.7 83633.3 80471.8 67127.8 64089 37346.1 30606.6 19957.3 17455.3 15583.9 14545.5 14199.6 13937 12489 12092.3 11052.6 10349.2 9432.01 9337.17 9302.91
threshold=215.39125000000004 263.77250000000004 164.80625000000003 296.50250000000005 131.01750000000001 189.75375000000003 237.50500000000002 106.59625000000001 318.53125000000006 149.34750000000003 203.74375000000003 280.00750000000005 248.00250000000003 177.82375000000002 226.00500000000002 91.300000000000011 335.58625000000006 119.10875000000001 306.86500000000007 255.50375000000003 139.74500000000003 195.75500000000002 157.83750000000001 272.50750000000005 209.25750000000002 204.75125000000003 185.00125000000003 287.74000000000007 231.26625000000004 219.25500000000002
decision_type=2 2 2 2 2 2 2 2 2 2 2 2 2 2 2 2 2 2 2 2 2 2 2 2 2 2 2 2 2 2
left_child=2 6 4 11 7 13 14 15 18 20 21 23 -8 25 29 -1 -10 -9 -5 -14 -6 -7 -11 -3 -12 -4 -15 -13 -16 -2
right_child=1 3 5 8 9 10 12 17 16 22 24 27 19 26 28 -17 -18 -19 -20 -21 -22 -23 -24 -25 -26 -27 -28 -29 -30 -31
leaf_value=-4.0407935132582988 0.070903617750981293 1.3853150219166852 -1.0372592444042243 2.1977030398660919 -1.9593750371098417 -0.54291201290332325 0.73636714192411645 -2.5360520709107508 2.8196048745154263 -1.5152509994337389 -0.20886942520843849 1.7745340502468587 0.97532527448963102 -0.83407043607225928 0.36662693328352436 -3.0584124129857777 3.3756179131154767 -2.2307567775774304 2.4821785072689289 1.1685185663051805 -1.7341820532879322 -0.36343791260320285 -1.3195921244958173 1.5917557096665431 -0.038740782328646681 -1.3065971972213852 -0.66261787470777211 1.979777678875994 0.51932106083089991 0.22230102738933707
leaf_weight=192 1579 1687 3220 1084 1177 1897 3397 807 889 1801 2006 1097 2286 2242 1967 195 343 1590 1073 1921 1835 2630 1840 1295 2179 432 1449 1143 2039 2839
leaf_count=192 1579 1687 3220 1084 1177 1897 3397 807 889 1801 2006 1097 2286 2242 1967 195 343 1590 1073 1921 1835 2630 1840 1295 2179 432 1449 1143 2039 2839
internal_value=-0.00035732 1.08839 -1.05268 2.01115 -1.86618 -0.574506 0.592643 -2.50205 2.57012 -1.60009 -0.285716 1.64839 0.91738 -0.917138 0.299516 -3.5458 2.9744 -2.33354 2.33922 1.06354 -1.82218 -0.438645 -1.41637 1.47497 -0.120289 -1.06912 -0.766762 1.87926 0.444346 0.168191
internal_weight=50131 24639 25492 8611 9437 16055 16028 2784 3389 6653 8712 5222 7604 7343 8424 387 1232 2397 2157 4207 3012 4527 3641 2982 4185 3652 3691 2240 4006 4418
internal_count=50131 24639 25492 8611 9437 16055 16028 2784 3389 6653 8712 5222 7604 7343 8424 387 1232 2397 2157 4207 3012 4527 3641 2982 4185 3652 3691 2240 4006 4418
is_linear=0
shrinkage=0.05


Tree=15
num_leaves=31
num_cat=0
split_feature=6 6 6 4 4 6 0 7 6 7 7 4 7 6 7 6 0 0 0 1 0 4 0 0 7 6 1 1 6 0
split_gain=1.32509e+07 3.25269e+06 1.64436e+06 576372 401103 349900 327185 266184 140166 105714 103083 102023 95718.9 94337.6 91905.3 87042.6 82326.9 62575.5 58210.6 55610.3 55250.3 54895.1 49344.4 48745.5 46421.7 44597.7 42428.8 51629.1 40598.6 36687.2
threshold=203.00250000000003 258.26500000000004 163.26500000000001 16.500000000000004 5.5000000000000009 229.01000000000002 25.871250000000003 189.35500000000005 299.79875000000004 204.75125000000003 164.24875000000003 17.500000000000004 190.75500000000002 180.38750000000002 261.00125000000008 135.30875000000003 25.598750000000006 34.328750000000007 23.791250000000002 5.5000000000000009 24.741250000000004 1.5000000000000002 32.403750000000009 27.396250000000006 263.00375000000003 190.39500000000001 4.5000000000000009 7.5000000000000009 214.25375000000003 32.28875
decision_type=2 2 2 2 2 2 2 2 2 2 2 2 2 2 2 2 2 2 2 2 2 2 2 2 2 2 2 2 2 2
left_child=2 5 4 10 9 17 18 13 -8 15 -3 19 -6 -4 25 -1 -13 24 -5 22 -12 -22 -7 -10 28 -9 -15 -28 -2 -23
right_child=1 3 7 6 12 11 8 14 23 -11 20 16 -14 26 -16 -17 -18 -19 -20 -21 21 29 -24 -25 -26 -27 27 -29 -30 -31
leaf_value=-2.0258398913439204 -0.065572922678614295 -0.23708833016160519 -0.98332450918294212 -0.13363188795000314 -1.2465511668290121 0.054847507663476396 1.6601948601513223 -0.53065896042056859 1.9426137633807601 -0.76110551567909157 -0.10232429772615433 0.5369041851246068 -0.70309379873287103 -0.73012830764389425 0.26508366192046268 -1.5824248563725412 1.2154830401093513 1.1574405579807912 1.122830241991237 0.53282286453741434 1.3384986128043761 0.77615491195551511 0.68884921942559652 2.3995446538635457 0.44677054465382532 -0.24137977621971488 0.16751848418742074 -0.58758753816455778 0.15120909066415528 1.2226254894317741
leaf_weight=2529 3648 177 3265 100 3271 1287 2469 2841 1042 243 110 887 1077 1923 585 1968 901 141 1179 5668 1037 1657 403 1327 863 2509 344 662 5294 637
leaf_count=2529 3648 177 3265 100 3271 1287 2469 2841 1042 243 110 887 1077 1923 585 1968 901 141 1179 5668 1037 1657 403 1327 863 2509 344 662 5294 637
internal_value=-0.00187951 0.696127 -0.950243 1.43992 -1.45876 0.316869 1.7358 -0.569222 1.92382 -1.7769 0.939664 0.540085 -1.11194 -0.798506 -0.329933 -1.83179 0.87885 0.111608 1.02459 0.457765 1.00019 1.0366 0.206033 2.19856 0.0965685 -0.394995 -0.592487 -0.32938 0.0627702 0.900131
internal_weight=50044 28827 21217 9735 9088 19092 6117 12129 4838 4740 3618 9146 4348 6194 5935 4497 1788 9946 1279 7358 3441 3331 1690 2369 9805 5350 2929 1006 8942 2294
internal_count=50044 28827 21217 9735 9088 19092 6117 12129 4838 4740 3618 9146 4348 6194 5935 4497 1788 9946 1279 7358 3441 3331 1690 2369 9805 5350 2929 1006 8942 2294
is_linear=0
shrinkage=0.05


Tree=16
num_leaves=31
num_cat=0
split_feature=8 8 8 8 8 8 8 8 8 8 8 8 8 8 8 8 8 8 8 8 7 7 8 8 7 7 8 8 8 8
split_gain=1.94552e+07 3.81663e+06 3.29145e+06 625417 590636 542887 430487 191726 130585 99414.4 90297 69518.5 59487.3 57942.5 46587.2 40035 21331.4 18639 16377.8 15703.2 11548.6 11382 10789.6 10406.6 10042.9 9863.6 9834.88 9715.3 9401.45 9331.56
threshold=214.97125000000005 263.77250000000004 167.77500000000003 129.50500000000002 301.01500000000004 237.50500000000002 193.00125000000003 91.300000000000011 150.38375000000002 283.75500000000005 330.40500000000003 250.00500000000002 225.00500000000002 181.75125000000003 205.97000000000003 112.25375000000001 312.00250000000005 142.39625000000004 273.55250000000007 160.07250000000002 188.75125000000003 194.69625000000002 231.26625000000004 256.27875000000012 200.07250000000002 181.32250000000002 175.00750000000002 244.20000000000002 343.17750000000007 292.00250000000005
decision_type=2 2 2 2 2 2 2 2 2 2 2 2 2 2 2 2 2 2 2 2 2 2 2 2 2 2 2 2 2 2
left_child=2 5 3 7 9 12 13 24 17 18 16 27 -2 26 -8 20 -6 21 -3 -10 -9 -5 -14 -13 -1 -17 -4 -7 -12 -11
right_child=1 4 6 8 10 11 14 15 19 29 28 23 22 -15 -16 25 -18 -19 -20 -21 -22 -23 -24 -25 -26 -27 -28 -29 -30 -31
leaf_value=-3.507168735776629 0.13305275290791227 1.2864826378978937 -0.97801622351390649 -1.7339202792045776 2.1360012665932575 0.63267485000193124 -0.34334029346341227 -2.4916035150049431 -1.3458914487784299 1.7162189802493999 2.8681865891393397 0.92437665647742984 0.32305319954223871 -0.62246677096706615 -0.089781251348253099 -2.0878881322679894 2.4411695886512534 -1.5477072087346673 1.5017382000118122 -1.1530095676993759 -3.0769367392857871 -2.1181287496740171 0.47865884774578221 1.0933801700346908 -4.2209482691504743 -2.4957720383353856 -0.82228016939992798 0.79091549573897335 3.309525975407781 1.9208411101192819
leaf_weight=112 4154 1863 2026 1557 1073 2170 4238 283 2207 1159 347 1871 2383 3503 3164 1867 1228 1639 1681 2022 120 220 2092 1775 88 161 2029 1754 185 1073
leaf_count=112 4154 1863 2026 1557 1073 2170 4238 283 2207 1159 347 1871 2383 3503 3164 1867 1228 1639 1681 2022 120 220 2092 1775 88 161 2029 1754 185 1073
internal_value=-0.00178554 0.992536 -0.979243 -1.66822 1.84325 0.540423 -0.505983 -2.33315 -1.43939 1.5532 2.4346 0.849462 0.269312 -0.771417 -0.234956 -2.21072 2.29886 -1.66932 1.38858 -1.25367 -2.6659 -1.78149 0.395797 1.00665 -3.82123 -2.12027 -0.900091 0.703407 3.02166 1.81459
internal_weight=50044 24808 25236 10276 8609 16199 14960 2631 7645 5776 2833 7570 8629 7558 7402 2431 2301 3416 3544 4229 403 1777 4475 3646 200 2028 4055 3924 532 2232
internal_count=50044 24808 25236 10276 8609 16199 14960 2631 7645 5776 2833 7570 8629 7558 7402 2431 2301 3416 3544 4229 403 1777 4475 3646 200 2028 4055 3924 532 2232
is_linear=0
shrinkage=0.05


Tree=17
num_leaves=31
num_cat=0
split_feature=8 8 8 8 8 8 8 8 8 8 8 8 8 8 8 7 8 6 6 6 8 8 6 8 8 8 6 6 4 4
split_gain=1.75631e+07 3.79028e+06 2.63816e+06 577585 552153 446171 423751 158570 101531 87782.8 72842.2 70473.8 62906 52157.7 50385.2 31880 27564.8 19770.5 17553.2 14401.1 13438.1 13435.5 12208.5 11547.3 11070.2 10747.2 10495.9 10187.6 9734.93 10798
threshold=211.00250000000003 262.00375000000003 161.75500000000002 296.50250000000005 235.00375000000003 126.50500000000001 187.00500000000002 91.300000000000011 326.11500000000007 145.50125000000003 276.50125000000008 247.28125000000003 222.53375000000003 172.92375000000001 199.50125000000003 188.75125000000003 310.41375000000005 172.10250000000002 200.67750000000004 217.25375000000003 343.17750000000007 285.00500000000005 204.17250000000004 254.19500000000002 117.09375000000001 153.26750000000001 209.25750000000002 206.39500000000004 18.500000000000004 15.500000000000002
decision_type=2 2 2 2 2 2 2 2 2 2 2 2 2 2 2 2 2 2 2 2 2 2 2 2 2 2 2 2 2 2
left_child=2 4 5 10 12 7 13 -1 16 17 -3 27 -2 22 -8 24 -5 -7 25 28 -10 -12 -4 -13 -9 -11 -14 -6 29 -15
right_child=1 3 6 8 11 9 14 15 20 18 21 23 26 19 -16 -17 -18 -19 -20 -21 -22 -23 -24 -25 -26 -27 -28 -29 -30 -31
leaf_value=-3.6301701488494871 0.061225647869579063 1.2319009534023719 -0.98325220365652766 1.9514881563019921 0.83633485748009262 -1.6243725373783215 -0.45734725834553669 -2.2461035777434843 2.6468450913205746 -1.369011482793471 1.4771449570342208 0.82689089968091478 0.47146969075104339 -0.71552587984416816 -0.20397695072954058 -2.7062747100303914 2.2729905575155924 -2.0117474228065473 -1.6387078926804362 -1.0028853682413394 3.1440497290121545 1.6953566484732538 -1.3027321415060706 0.99511863419466917 -1.9889551801296026 -1.1874919781682247 0.28493492381398633 0.5808109505990019 -0.90907160250662045 -0.4346123264872076
leaf_weight=200 4525 2782 2654 1430 440 2431 3896 662 512 1482 1338 2133 943 2891 3953 232 1249 381 356 490 185 1492 337 1955 1138 1813 3765 3438 553 388
leaf_count=200 4525 2782 2654 1430 440 2431 3896 662 512 1482 1338 2133 943 2891 3953 232 1249 381 356 490 185 1492 337 1955 1138 1813 3765 3438 553 388
internal_value=-0.00169626 0.892348 -0.983058 1.72446 0.457495 -1.67737 -0.584887 -2.28685 2.24124 -1.46689 1.41359 0.762494 0.194349 -0.858733 -0.329742 -2.15463 2.10138 -1.67686 -1.30517 -0.74765 2.77881 1.59219 -1.01925 0.907342 -2.08353 -1.26913 0.322297 0.609803 -0.715013 -0.682286
internal_weight=50044 26187 23857 8988 17199 8695 15162 2232 3376 6463 5612 7966 9233 7313 7849 2032 2679 2812 3651 4322 697 2830 2991 4088 1800 3295 4708 3878 3832 3279
internal_count=50044 26187 23857 8988 17199 8695 15162 2232 3376 6463 5612 7966 9233 7313 7849 2032 2679 2812 3651 4322 697 2830 2991 4088 1800 3295 4708 3878 3832 3279
is_linear=0
shrinkage=0.05


Tree=18
num_leaves=31
num_cat=0
split_feature=6 6 6 4 0 6 0 7 6 6 6 4 7 7 1 0 0 0 4 0 0 1 0 0 0 4 4 0 1 6
split_gain=9.65448e+06 2.42064e+06 1.13918e+06 431028 275264 270781 246923 217811 120138 84079 82347.8 78807 75080.5 68298.9 67041 55787.3 53836.5 49836.2 50532.7 49699.8 45392.8 48675.4 44026.1 41117.2 38637.5 37965.1 35044.8 35238.7 32665 31409.1
threshold=201.87750000000003 258.26500000000004 160.04875000000004 16.500000000000004 26.568750000000005 229.01000000000002 26.221250000000001 189.35500000000005 140.96750000000003 284.37750000000011 177.82375000000002 16.500000000000004 164.24875000000003 261.00125000000008 4.5000000000000009 24.631250000000005 25.598750000000006 25.241250000000004 17.500000000000004 30.651250000000005 31.003750000000007 5.5000000000000009 34.328750000000007 24.741250000000004 27.396250000000006 1.5000000000000002 3.5000000000000004 27.601250000000004 4.5000000000000009 181.00625000000002
decision_type=2 2 2 2 2 2 2 2 2 2 2 2 2 2 2 2 2 2 2 2 2 2 2 2 2 2 2 2 2 2
left_child=2 5 4 12 8 17 15 10 -1 -8 -4 20 -3 29 -6 -5 -13 -2 22 -16 21 -7 -19 -14 -11 -25 -23 -28 -20 -9
right_child=1 3 7 6 14 11 9 13 -10 24 -12 16 23 -15 19 -17 -18 18 28 -21 -22 26 -24 25 -26 -27 27 -29 -30 -31
leaf_value=-1.6379072627242821 -0.051298794507887296 -0.20962839412402975 -0.88797654428937745 0.27747703475495761 -1.0261917496315212 -0.023663543286250796 1.3324984056989402 -0.53526218444601903 -1.2040492721399927 1.6304601352867492 -0.53918687996549319 0.43374257962975282 -0.10479881313714115 0.22010118893571917 -0.63656207167215628 1.0982711714420903 0.92511384705090149 0.11051517904432998 0.15319708672903698 0.24639764040354903 0.58791796500819771 0.59282322483668803 0.99564079919623016 1.1287823729749846 1.9837055416275078 0.7642269274471174 0.00018344429292730798 0.38934551775784065 0.96091916523757037 -0.27197675735081156
leaf_weight=3448 3976 177 3479 239 961 952 1206 1673 2970 1413 3295 972 110 569 642 1547 1307 5761 206 212 1850 1258 144 1037 1712 2294 823 1984 319 3508
leaf_count=3448 3976 177 3479 239 961 952 1206 1673 2970 1413 3295 972 110 569 642 1547 1307 5761 206 212 1850 1258 144 1037 1712 2294 823 1984 319 3508
internal_value=-0.00161145 0.583048 -0.826535 1.22726 -1.28339 0.262296 1.48313 -0.526209 -1.43713 1.68712 -0.718319 0.460773 0.794652 -0.299887 -0.739728 0.988434 0.715543 0.0878511 0.173895 -0.417373 0.37622 0.298158 0.1321 0.846311 1.82398 0.87772 0.373526 0.275245 0.643984 -0.356994
internal_weight=50044 29287 20757 9735 8233 19552 6117 12524 6418 4331 6774 9146 3618 5750 1815 1786 2279 10406 6430 854 6867 5017 5905 3441 3125 3331 4065 2807 525 5181
internal_count=50044 29287 20757 9735 8233 19552 6117 12524 6418 4331 6774 9146 3618 5750 1815 1786 2279 10406 6430 854 6867 5017 5905 3441 3125 3331 4065 2807 525 5181
is_linear=0
shrinkage=0.05


Tree=19
num_leaves=31
num_cat=0
split_feature=8 8 8 8 8 8 8 8 8 8 8 8 8 8 8 8 7 7 7 7 8 8 7 0 0 8 0 7 8 0
split_gain=1.47835e+07 2.76882e+06 2.61956e+06 516547 468728 365091 328233 203342 65615.2 60208.8 59314.1 54885.5 53168.2 47809.3 34405.6 33989.5 32661 18565.8 15170.5 13861.5 13225 13221.7 10272.6 9966.54 9814.03 9082.02 8881.8 8642.91 7369.21 7113.71
threshold=216.42875000000004 268.57000000000005 169.25625000000002 138.25125000000003 241.25250000000003 303.00375000000003 195.00375000000003 106.59625000000001 330.40500000000003 229.01000000000002 155.00500000000002 285.00500000000005 254.19500000000002 183.00125000000003 207.00125000000003 125.08500000000001 133.08375000000004 201.85000000000005 212.04750000000004 188.75125000000003 316.26375000000007 91.300000000000011 197.00875000000005 27.121250000000003 27.311250000000005 221.58750000000003 27.433750000000003 221.57250000000002 343.17750000000007 25.471250000000001
decision_type=2 2 2 2 2 2 2 2 2 2 2 2 2 2 2 2 2 2 2 2 2 2 2 2 2 2 2 2 2 2
left_child=2 4 3 7 9 11 13 16 20 25 17 26 24 27 -8 19 -1 -5 -12 -9 -7 29 -17 -14 -6 -2 -3 -4 -10 -18
right_child=1 5 6 10 12 8 14 15 28 -11 18 -13 23 -15 -16 22 21 -19 -20 -21 -22 -23 -24 -25 -26 -27 -28 -29 -30 -31
leaf_value=-2.2782580813423534 0.093808976483124112 1.2045053618660881 -0.72272593568091781 -1.284990578162553 0.610922650678417 1.9163583444528838 -0.26905097017430374 -1.8939501840897741 2.504564231823089 0.42931233549311271 -0.99529252550021041 1.605860581027641 0.88065501387024292 -0.50743305753540457 -0.051291624695820187 -1.586062257966697 -3.1444734171817181 -1.6528030990942932 -1.2995215668546674 -2.4077922224998476 2.1700839507387086 -2.7965605602264407 -2.0035226880768202 1.055532723112095 0.76792876293324919 0.22792936913900208 1.3883733717106177 -0.92020562844367826 2.8953023786802552 -3.779593505859375
leaf_weight=122 2166 1768 3398 2852 1764 1262 3987 1482 347 4043 3152 2208 1581 3757 3328 1631 76 390 471 144 866 100 162 1681 2284 3025 1045 662 185 105
leaf_count=122 2166 1768 3398 2852 1764 1262 3987 1482 347 4043 3152 2208 1581 3757 3328 1631 76 390 471 144 866 100 162 1681 2284 3025 1045 662 185 105
internal_value=-0.00153088 0.885667 -0.833955 -1.43324 0.521438 1.67017 -0.410708 -1.89912 2.14378 0.284642 -1.17387 1.41927 0.820559 -0.635976 -0.16998 -1.77391 -2.96139 -1.32924 -1.03484 -1.93946 2.01961 -3.25798 -1.62378 0.970774 0.69951 0.171966 1.27281 -0.754926 2.64044 -3.51291
internal_weight=50044 24225 25819 10687 16544 7681 15132 3822 2660 9234 6865 5021 7310 7817 7315 3419 403 3242 3623 1626 2128 281 1793 3262 4048 5191 2813 4060 532 181
internal_count=50044 24225 25819 10687 16544 7681 15132 3822 2660 9234 6865 5021 7310 7817 7315 3419 403 3242 3623 1626 2128 281 1793 3262 4048 5191 2813 4060 532 181
is_linear=0
shrinkage=0.05


Tree=20
num_leaves=31
num_cat=0
split_feature=8 8 8 8 8 8 8 8 8 8 8 8 8 8 8 7 6 6 6 6 8 8 7 6 6 6 6 6 6 8
split_gain=1.32909e+07 2.43035e+06 2.42317e+06 449971 390720 347922 321808 165872 92341 58756.6 49479 48046.2 46547.5 43766 41788.1 33081.9 27072.7 23195.2 17643.2 16371 15479.6 15025.2 13265.7 14153.8 13089.6 12236.2 10879.3 10662.2 10113.3 10006.4
threshold=217.34375000000003 167.77500000000003 268.57000000000005 129.50500000000002 241.25250000000003 193.75625000000002 305.02000000000004 91.300000000000011 147.36375000000001 285.00500000000005 330.40500000000003 230.11125000000004 255.50375000000003 183.00125000000003 207.58875000000003 188.75125000000003 200.07625000000002 172.10250000000002 207.00125000000003 211.62250000000003 155.99500000000003 119.10875000000001 197.75250000000003 126.45750000000001 218.75125000000003 227.00250000000003 207.58375000000004 202.39125000000004 232.00750000000002 316.26375000000007
decision_type=2 2 2 2 2 2 2 2 2 2 2 2 2 2 2 2 2 2 2 2 2 2 2 2 2 2 2 2 2 2
left_child=1 3 4 7 11 13 9 22 17 28 29 27 19 18 25 21 20 -5 -3 -6 -10 -9 23 -1 -15 -7 -13 -2 -4 -8
right_child=2 5 6 8 12 14 10 15 16 -11 -12 26 -14 24 -16 -17 -18 -19 -20 -21 -22 -23 -24 -25 -26 -27 -28 -29 -30 -31
leaf_value=-1.7303448915481567 0.34957938324141563 -0.69698597166842113 1.4923115725194858 -1.3552093971511465 0.92971679375295357 -0.23115415417641763 1.8427201478906416 -1.9329314524019268 -1.1365136970322707 1.5451423413129908 2.4997785266303638 0.63660665224113411 0.93619211390000645 -0.45380677937749703 -0.036593241672309922 -2.3882706990380504 -1.400188351314847 -1.7622021985228895 -0.99158206198969467 0.64024941136362634 -0.93989318206995032 -1.6619441200792791 -3.736849117279053 -3.1979399017665697 -0.7353631179194805 -0.46082987598085828 0.38701448751848699 0.15338908370259147 1.1760194490456088 2.0697655014795799
leaf_weight=20 824 3873 281 2430 559 4008 1088 852 1595 2401 503 507 2837 2806 3530 241 505 409 585 3870 2688 1280 96 92 484 678 3144 4340 2512 876
leaf_count=20 824 3873 281 2430 559 4008 1088 852 1595 2401 503 507 2837 2806 3530 241 505 409 585 3870 2688 1280 96 92 484 678 3144 4340 2512 876
internal_value=-0.00137846 -0.778478 0.855257 -1.38102 0.506607 -0.39319 1.5871 -1.95168 -1.18791 1.36376 2.05731 0.282847 0.77807 -0.633557 -0.166514 -1.833 -1.05394 -1.41384 -0.735644 0.676784 -1.01312 -1.77024 -3.30555 -2.93587 -0.495227 -0.264385 0.421674 0.184694 1.20784 1.94399
internal_weight=49914 26172 23742 10208 16081 15964 7661 2581 7627 5194 2467 8815 7266 7748 8216 2373 4788 2839 4458 4429 4283 2132 208 112 3290 4686 3651 5164 2793 1964
internal_count=49914 26172 23742 10208 16081 15964 7661 2581 7627 5194 2467 8815 7266 7748 8216 2373 4788 2839 4458 4429 4283 2132 208 112 3290 4686 3651 5164 2793 1964
is_linear=0
shrinkage=0.05


Tree=21
num_leaves=31
num_cat=0
split_feature=6 6 7 6 6 4 6 4 6 6 7 4 6 1 7 7 1 7 7 6 6 7 6 7 6 3 6 3 7 1
split_gain=6.96579e+06 1.77115e+06 850911 308616 279441 198910 111482 83856.4 66286.9 54165.7 50263.9 48441.9 47928.4 42075.6 37518.2 35636.7 31862 25554.1 24079.1 23431 23204.3 21398.1 31176.6 32639.5 21212.7 20741.6 20611.6 20171 20127.6 19975.5
threshold=201.87750000000003 269.00125000000008 171.00500000000002 237.00500000000002 151.03250000000003 16.500000000000004 181.00625000000002 16.500000000000004 299.79875000000004 219.69250000000002 243.25250000000003 5.5000000000000009 180.38750000000002 6.5000000000000009 268.00875000000002 198.29000000000002 8.5000000000000018 112.00500000000001 261.00125000000008 252.01000000000002 132.44500000000002 302.51500000000004 343.70000000000005 221.00500000000002 117.09375000000001 1.0000000180025095e-35 91.300000000000011 1.0000000180025095e-35 106.59625000000001 4.5000000000000009
decision_type=2 2 2 2 2 2 2 2 2 2 2 2 2 2 2 2 2 2 2 2 2 2 2 2 2 2 2 2 2 2
left_child=2 3 4 9 11 15 10 17 -7 18 -4 20 28 21 27 -3 24 -5 25 -19 -1 22 -10 -24 26 -2 -12 -8 -6 -14
right_child=1 5 6 7 12 8 14 -9 13 -11 16 -13 29 -15 -16 -17 -18 19 -20 -21 -22 -23 23 -25 -26 -27 -28 -29 -30 -31
leaf_value=-1.4949738077091055 0.040481916950735608 0.26946057760488079 -0.61969273477427522 -0.72719112449884415 0.096792765679182838 1.1481516920582213 -0.20312920135228643 0.74225749044790756 1.1724380140630906 0.21457526299828086 -0.31321272922465832 -1.0238883472953835 -0.64342235617940913 1.6493701783575212 0.30993094423094325 0.8367690876760705 0.59582013936169387 0.32389797630278772 0.32419511367566889 0.52119492967025072 -1.2428004151254566 1.6274383388354956 -1.6955607914924622 1.0953106154095043 -0.2130076089509855 -0.16522948370726651 -2.018568999802365 -0.42281651283886057 -0.87546961294096448 -0.21421830913577564
leaf_weight=2211 4261 326 4553 50 54 2753 3631 2486 642 6488 37 1181 824 1679 299 1835 113 3541 560 2617 1553 249 20 22 566 1720 34 1467 3738 404
leaf_count=2211 4261 326 4553 50 54 2753 3631 2486 642 6488 37 1181 824 1679 299 1835 113 3541 560 2617 1553 249 20 22 566 1720 34 1467 3738 404
internal_value=-0.00130954 0.495175 -0.704029 0.26616 -1.03649 1.1562 -0.3944 0.496869 1.31934 0.112212 -0.557216 -1.30327 -0.773706 1.49978 -0.23442 0.751187 -0.17794 0.398603 0.0106785 0.407744 -1.39093 1.23057 1.0861 -0.233676 -0.3152 -0.018676 -1.12986 -0.266346 -0.861624 -0.502218
internal_weight=49914 29249 20665 21723 9965 7526 10700 8694 5365 13029 5303 4945 5020 2612 5397 2161 750 6208 6541 6158 3764 933 684 42 637 5981 71 5098 3792 1228
internal_count=49914 29249 20665 21723 9965 7526 10700 8694 5365 13029 5303 4945 5020 2612 5397 2161 750 6208 6541 6158 3764 933 684 42 637 5981 71 5098 3792 1228
is_linear=0
shrinkage=0.05


Tree=22
num_leaves=31
num_cat=0
split_feature=8 8 8 8 8 8 8 8 8 8 8 8 8 7 8 8 7 7 7 8 8 4 7 0 8 4 0 0 0 8
split_gain=1.12146e+07 2.04453e+06 2.03719e+06 418771 306404 292012 253246 175243 69379.9 51521.8 50251.9 41044.5 38006.1 29991.7 28692.1 27487.5 22898.7 19655.8 17130.2 15300 13652.9 11185.3 10778.5 10318.3 10181.1 9908.96 9844.98 13961.9 9783.74 7941.95
threshold=217.34375000000003 265.70625000000001 170.00125000000003 134.14500000000001 301.01500000000004 241.25250000000003 195.75500000000002 106.59625000000001 153.26750000000001 330.40500000000003 280.00750000000005 229.72250000000005 185.75250000000003 133.08375000000004 254.19500000000002 208.18750000000003 197.00875000000005 189.35500000000005 213.16125000000002 123.75500000000001 312.00250000000005 18.500000000000004 221.57250000000002 27.516250000000003 91.300000000000011 4.5000000000000009 25.471250000000001 26.121250000000003 27.683750000000003 143.50250000000003
decision_type=2 2 2 2 2 2 2 2 2 2 2 2 2 2 2 2 2 2 2 2 2 2 2 2 2 2 2 2 2 2
left_child=2 5 3 7 10 11 12 13 16 20 23 -2 22 -1 21 -8 29 19 -10 -9 -6 25 -4 -3 26 -7 -15 -28 -12 -5
right_child=1 4 6 8 9 14 15 17 18 -11 28 -13 -14 24 -16 -17 -18 -19 -20 -21 -22 -23 -24 -25 -26 -27 27 -29 -30 -31
leaf_value=-2.0083188622398715 0.16411389243455199 0.9675287851433696 -0.60080538381890058 -1.2568689120196594 1.6155776204434595 0.50716912116067892 -0.22283437351386351 -1.6653780596380945 -0.86688506081960215 2.3035401285094603 1.2946911081616717 0.38174023861094042 -0.4096143694825391 -2.7581565845159837 0.82455630008370262 -0.030896620217320404 -1.5523154313964485 -2.0308520766117115 -1.1667611548424641 -1.420884009318653 1.8584872810474253 0.41772575122266775 -0.80343729261351293 1.1710928228058284 -2.5457763661836328 0.69940721331390243 -4.2765758514404295 -3.089660639444987 1.5080993132721889 -1.0905985551484683
leaf_weight=113 4980 1620 3853 1221 1082 913 4228 1262 3727 503 2032 3835 3117 81 2650 3338 423 223 546 1298 1243 621 791 1011 95 2522 37 75 730 1744
leaf_count=113 4980 1620 3853 1221 1082 913 4228 1262 3727 503 2032 3835 3117 81 2650 3338 423 223 546 1298 1243 621 791 1011 95 2522 37 75 730 1744
internal_value=-0.00124406 0.785638 -0.715067 -1.23949 1.42318 0.447954 -0.343999 -1.72144 -1.03919 1.84471 1.20213 0.258793 -0.544671 -2.69865 0.696605 -0.138154 -1.20817 -1.58063 -0.905203 -1.54141 1.74544 0.613007 -0.635319 1.04575 -2.9695 0.648312 -3.17808 -3.48177 1.3511 -1.15907
internal_weight=49914 23742 26172 10845 8221 15521 15327 3184 7661 2828 5393 8815 7761 401 6706 7566 3388 2783 4273 2560 2325 4056 4644 2631 288 3435 193 112 2762 2965
internal_count=49914 23742 26172 10845 8221 15521 15327 3184 7661 2828 5393 8815 7761 401 6706 7566 3388 2783 4273 2560 2325 4056 4644 2631 288 3435 193 112 2762 2965
is_linear=0
shrinkage=0.05


Tree=23
num_leaves=31
num_cat=0
split_feature=8 8 8 8 8 8 8 8 8 8 8 8 8 8 8 7 8 7 7 4 7 7 7 8 4 0 0 0 0 0
split_gain=1.0125e+07 1.92604e+06 1.76349e+06 378726 273873 252164 245320 173637 45421.4 45272.8 39044.4 39026.8 34300.5 30041.6 28774.3 27067.5 24058.7 17340.4 13304.3 11736.1 10841.9 10776.5 9779.6 9188.42 9142.59 9076.22 8885.09 12600.6 8132.85 8084.1
threshold=218.81625000000003 170.00125000000003 268.57000000000005 138.25125000000003 243.00375000000003 195.75500000000002 305.02000000000004 106.59625000000001 155.99500000000003 286.42250000000007 232.66250000000002 330.40500000000003 185.75250000000003 208.18750000000003 256.27875000000012 133.08375000000004 123.75500000000001 201.85000000000005 213.75375000000003 18.500000000000004 177.25250000000003 188.75125000000003 215.30250000000004 91.300000000000011 4.5000000000000009 27.516250000000003 25.471250000000001 26.121250000000003 27.768750000000004 27.311250000000005
decision_type=2 2 2 2 2 2 2 2 2 2 2 2 2 2 2 2 2 2 2 2 2 2 2 2 2 2 2 2 2 2
left_child=1 3 4 7 10 12 9 15 17 25 -2 -8 22 -7 19 -1 21 -5 -10 24 -18 -9 -3 26 -6 -4 -17 -28 -11 -16
right_child=2 5 6 8 14 13 11 16 18 28 -12 -13 -14 -15 29 23 20 -19 -20 -21 -22 -23 -24 -25 -26 -27 27 -29 -30 -31
leaf_value=-1.907902889758085 0.19126378176109837 -0.56678176388394019 0.99800710327811526 -1.0516553495451182 0.51874196239848147 -0.21169265470256704 1.6947561995530322 -1.5816521588627257 -0.80167920632729572 1.3050622408368631 0.4072091897299861 2.1883631350505897 -0.38913365098416813 -0.01957812611020595 0.7418724935896257 -2.6202487886687855 -1.3094488068189529 -1.4042471352106409 -1.0827698656517206 0.41854376297327694 -1.6564805977104247 -2.0794080253408738 -0.74672531708172118 -2.4184875518397284 0.70286840385365701 1.1815362466171355 -4.0627470944378832 -2.9351776135762533 1.5256927779803799 0.91642008371795003
leaf_weight=113 5413 3695 1933 2975 931 4228 1964 1261 3188 1670 3413 503 3117 3923 1360 81 1763 395 485 640 258 119 949 95 2444 1034 37 75 557 1295
leaf_count=113 5413 3695 1933 2975 931 4228 1964 1261 3188 1670 3413 503 3117 3923 1360 81 1763 395 485 640 258 119 949 95 2444 1034 37 75 557 1295
internal_value=-0.00118186 -0.66367 0.764297 -1.17751 0.457502 -0.313453 1.38485 -1.57967 -0.960422 1.18986 0.27477 1.7954 -0.517437 -0.11923 0.699301 -2.56371 -1.46364 -1.09298 -0.838796 0.614851 -1.35375 -1.62457 -0.603553 -2.82103 0.652077 1.06197 -3.01917 -3.30768 1.36024 0.82701
internal_weight=49914 26757 23157 10845 15496 15912 7661 3802 7043 5194 8826 2467 7761 8151 6670 401 3401 3370 3673 4015 2021 1380 4644 288 3375 2967 193 112 2227 2655
internal_count=49914 26757 23157 10845 15496 15912 7661 3802 7043 5194 8826 2467 7761 8151 6670 401 3401 3370 3673 4015 2021 1380 4644 288 3375 2967 193 112 2227 2655
is_linear=0
shrinkage=0.05


Tree=24
num_leaves=31
num_cat=0
split_feature=6 6 7 4 6 6 0 6 4 0 4 0 7 6 0 6 0 0 0 4 7 4 4 7 0 1 1 0 7 1
split_gain=5.03138e+06 1.32801e+06 573814 239665 192031 151187 145774 68590.8 49789.8 45957.2 54506.6 45084.4 43359.6 40919.8 39259.7 37299.1 35923 35513.9 32270.3 30296.6 28909.5 27869.8 27714.5 27846.7 23363.2 32274.2 23194 22258.9 21012.5 20813.4
threshold=199.50125000000003 258.26500000000004 169.60875000000001 16.500000000000004 148.06750000000002 224.60625000000002 26.221250000000001 175.70500000000001 16.500000000000004 29.666250000000002 3.5000000000000004 25.121250000000003 234.31500000000003 284.37750000000011 24.508750000000003 174.21500000000003 24.508750000000003 25.506250000000005 27.311250000000005 4.5000000000000009 202.33500000000004 16.500000000000004 1.5000000000000002 186.69750000000002 32.521250000000002 5.5000000000000009 8.5000000000000018 28.176250000000003 302.51500000000004 4.5000000000000009
decision_type=2 2 2 2 2 2 2 2 2 2 2 2 2 2 2 2 2 2 2 2 2 2 2 2 2 2 2 2 2 2
left_child=2 5 4 14 19 17 16 12 9 10 -7 -10 27 -8 -3 -6 -5 -2 -15 -1 -9 -19 -16 -24 25 -25 -14 -4 -22 -29
right_child=1 3 7 6 15 8 13 20 11 -11 -12 -13 26 18 22 -17 -18 21 -20 -21 28 -23 23 24 -26 -27 -28 29 -30 -31
leaf_value=-1.2302451019807061 -0.081550776365258912 -0.42640920141521765 -0.66778398373694814 0.0783391755508277 -0.77725715412296681 0.35751288361127048 0.98589457373476308 -0.35116522340678186 0.2275890723899181 0.38328174182090768 0.011408278588094824 0.64801499690449671 -0.29192961033579662 1.1402142945022524 0.79862417124563301 -0.48355193756305187 0.77911680503133773 0.070251624702555068 1.4647535367382576 -0.9539984148049907 -0.14754180219611226 0.41224670110080042 0.051541776661911322 -0.21197496717913619 0.85948884691967808 0.54071583216048913 0.46130831453949217 -0.58690281858253124 0.97946492903644133 -0.13908253518308986
leaf_weight=2953 4097 98 2482 206 3567 1832 1219 3214 1027 3364 3001 1682 689 1329 1081 1551 1629 4570 1808 1495 2708 685 310 158 495 1444 120 602 42 456
leaf_count=2953 4097 98 2482 206 3567 1832 1219 3214 1027 3364 3001 1682 689 1329 1081 1551 1629 4570 1808 1495 2708 685 310 158 495 1444 120 602 42 456
internal_value=-0.00112277 0.407277 -0.618171 0.885854 -0.897095 0.176305 1.07426 -0.35945 0.302792 0.241376 0.142603 0.488629 -0.510453 1.23173 0.560583 -0.68825 0.700446 0.0287987 1.32726 -1.1374 -0.249338 0.114831 0.588314 0.493862 0.559251 0.46648 -0.180201 -0.585926 -0.130329 -0.393891
internal_weight=49914 30035 19879 9777 9566 20258 6191 10313 10906 8197 4833 2709 4349 4356 3586 5118 1835 9352 3137 4448 5964 5255 3488 2407 2097 1602 809 3540 2750 1058
internal_count=49914 30035 19879 9777 9566 20258 6191 10313 10906 8197 4833 2709 4349 4356 3586 5118 1835 9352 3137 4448 5964 5255 3488 2407 2097 1602 809 3540 2750 1058
is_linear=0
shrinkage=0.05


Tree=25
num_leaves=31
num_cat=0
split_feature=8 8 8 8 8 8 8 8 8 8 6 6 8 8 8 6 8 8 6 6 6 6 8 6 6 8 6 6 7 6
split_gain=8.49613e+06 1.76322e+06 1.3362e+06 269570 250108 240351 229526 98349.8 56206.4 44365.3 40564.6 36707.6 33328.1 31360.1 31326.5 30913.1 28245.1 25835.1 19730 19657.1 19504.8 16250 15980.9 15586.4 14789.1 14236.6 12678.9 12543.2 12178.1 11377.6
threshold=212.75250000000003 262.00375000000003 161.00500000000002 295.00250000000005 235.72875000000002 112.25375000000001 187.00500000000002 139.74500000000003 318.53125000000006 91.300000000000011 217.80125000000004 197.75250000000003 248.00250000000003 276.50125000000008 200.07625000000002 175.00750000000002 223.54125000000002 175.70500000000001 214.85750000000004 220.55125000000004 262.23625000000004 212.74750000000003 126.50500000000001 207.58375000000004 228.00500000000002 343.17750000000007 232.00750000000002 201.87750000000003 188.75125000000003 258.26500000000004
decision_type=2 2 2 2 2 2 2 2 2 2 2 2 2 2 2 2 2 2 2 2 2 2 2 2 2 2 2 2 2 2
left_child=2 4 5 13 16 9 10 15 20 -1 17 -9 21 26 18 22 27 -4 -8 -14 -5 -6 -7 -18 -16 -10 -3 -2 -11 -15
right_child=1 3 6 8 12 7 14 11 25 28 -12 -13 19 29 24 -17 23 -19 -20 -21 -22 -23 -24 -25 -26 -27 -28 -29 -30 -31
leaf_value=-2.7403851504419365 0.23189913572997234 1.1341130376180013 -0.65136548916404846 1.7901682070806517 0.68557165033404488 -1.3807070025666195 -0.26777748447154875 -0.90328408402917926 1.751514856059377 -1.6629874434025642 -0.94570628569443083 -1.3885708605249725 0.92328313294907705 1.2870024524110917 -0.089572790279812756 -1.7530372168457207 0.43474169616629332 -0.45561547159372218 -0.54122096887140569 0.59859921942802174 1.3465396060510222 0.39609808189173767 -1.1489883206038722 0.19419359280675019 -0.33490785583979921 2.2430939530217371 0.82140154170254298 0.017519539814512538 -2.2751750777253008 1.0455938803994298
leaf_weight=204 848 375 3726 282 566 1408 3292 3977 1025 289 770 432 544 647 3664 353 823 3078 825 3258 2041 3380 1578 3705 738 172 2390 3492 113 1987
leaf_count=204 848 375 3726 282 566 1408 3292 3977 1025 289 770 432 544 647 3664 353 823 3078 825 3258 2041 3380 1578 3705 738 172 2390 3492 113 1987
internal_value=-0.0015698 0.63628 -0.667807 1.20338 0.331876 -1.18086 -0.401476 -1.10586 1.54382 -2.13983 -0.601738 -0.950833 0.53941 0.981428 -0.223429 -1.31056 0.150553 -0.562812 -0.322572 0.645056 1.40039 0.437619 -1.25825 0.237915 -0.130703 1.82215 0.863813 0.0594075 -1.83507 1.10489
internal_weight=49982 25535 24447 8919 16616 8354 16093 7748 3520 606 7574 4409 7748 5399 8519 3339 8868 6804 4117 3802 2323 3946 2986 4528 4402 1197 2765 4340 402 2634
internal_count=49982 25535 24447 8919 16616 8354 16093 7748 3520 606 7574 4409 7748 5399 8519 3339 8868 6804 4117 3802 2323 3946 2986 4528 4402 1197 2765 4340 402 2634
is_linear=0
shrinkage=0.05


Tree=26
num_leaves=31
num_cat=0
split_feature=8 8 8 8 8 8 8 8 8 8 6 8 6 6 6 8 8 8 6 6 6 6 8 6 8 6 6 6 6 8
split_gain=7.67003e+06 1.39611e+06 1.38696e+06 249015 228727 226170 183710 100240 52780.3 46593.5 33022.8 32949.4 30704.5 28759.6 28518.2 28486 26957.7 25288.8 20307.6 18882.3 17263.6 17234.5 16745.1 13604.2 12848.5 12204.3 11039.3 10910.7 10507.8 10434.1
threshold=217.34375000000003 263.77250000000004 164.80625000000003 126.50500000000001 191.00750000000002 296.50250000000005 237.50500000000002 91.300000000000011 146.39625000000004 318.53125000000006 217.80125000000004 204.18500000000003 198.29875000000001 163.26500000000001 172.90750000000003 248.00250000000003 276.50125000000008 177.82375000000002 199.50125000000003 225.50500000000002 223.53625000000002 262.23625000000004 226.52750000000003 230.10500000000005 343.17750000000007 229.72250000000005 248.24375000000003 253.25125000000003 281.88750000000005 115.01750000000001
decision_type=2 2 2 2 2 2 2 2 2 2 2 2 2 2 2 2 2 2 2 2 2 2 2 2 2 2 2 2 2 2
left_child=2 6 3 7 10 16 18 -1 14 21 17 20 -10 29 -5 23 -3 -4 -2 -17 -6 -7 -20 -8 27 -13 -18 -11 -21 -9
right_child=1 5 4 8 11 9 15 13 12 24 -12 25 -14 -15 -16 19 26 -19 22 28 -22 -23 -24 -25 -26 -27 -28 -29 -30 -31
leaf_value=-2.6033658808352902 0.40312625801963942 0.83142209423711355 -0.58205367959840537 -1.0363656927257765 -0.20497103263486732 1.7299292382739839 0.55908082642537715 -1.5507016949444654 -0.77857842479156525 2.408078530494203 -0.80985266778743292 -0.019460676117349539 -1.2205493858960121 -1.9057785264143707 -1.4844239570562123 0.85669669553181516 1.2957597640866325 -0.3904448228627988 0.076916782414685025 0.60663199336860008 -0.4790316917698989 1.2897181626782019 0.23503206079380765 0.35141892202558433 2.1309393073237222 -0.22717725990558144 1.0178595578705329 1.6281778041814245 0.32943274130898093 -1.2782682861077501
leaf_weight=204 970 2407 3291 2573 3621 252 1258 502 3822 47 863 3875 438 282 412 723 420 3612 3251 3052 683 1889 3453 2114 172 865 2396 978 385 1172
leaf_count=204 970 2407 3291 2573 3621 252 1258 502 3822 47 863 3875 438 282 412 723 420 3612 3251 3052 683 1889 3453 2114 172 865 2396 978 385 1172
internal_value=-0.00149131 0.649012 -0.591249 -1.07747 -0.319216 1.15974 0.361472 -1.54866 -0.936988 1.48121 -0.51825 -0.148308 -0.824021 -1.43866 -1.09821 0.536894 0.954287 -0.481794 0.189296 0.624439 -0.248462 1.34153 0.158357 0.428892 1.73104 -0.0573668 1.05931 1.66394 0.575581 -1.35997
internal_weight=49982 23767 26215 9405 16810 8561 15206 2160 7245 3338 7766 9044 4260 1956 2985 7532 5223 6903 7674 4160 4304 2141 6704 3372 1197 4740 2816 1025 3437 1674
internal_count=49982 23767 26215 9405 16810 8561 15206 2160 7245 3338 7766 9044 4260 1956 2985 7532 5223 6903 7674 4160 4304 2141 6704 3372 1197 4740 2816 1025 3437 1674
is_linear=0
shrinkage=0.05


Tree=27
num_leaves=31
num_cat=0
split_feature=8 8 8 8 8 8 8 8 8 8 6 6 8 6 6 8 8 8 8 6 6 8 6 6 6 8 6 6 1 4
split_gain=6.92633e+06 1.39563e+06 1.12729e+06 229932 201193 197193 181799 80388.6 49241.7 35629.5 34659.2 28715.7 27290.5 26533.9 26461.8 23799.5 23147.1 22702.9 20636.7 16748.5 15696.8 14210.7 13600.7 11919.4 11863.7 11783.5 11545.5 11399 10071.1 9591.73
threshold=213.91750000000002 261.00125000000008 161.00500000000002 293.59125000000006 187.77625000000003 112.25375000000001 235.72875000000002 141.01000000000002 318.53125000000006 91.300000000000011 217.80125000000004 196.34250000000003 200.07625000000002 175.00750000000002 204.75125000000003 276.50125000000008 246.00125000000003 174.22500000000002 225.50500000000002 241.59250000000003 214.85750000000004 126.50500000000001 234.29375000000002 201.87750000000003 230.10500000000005 335.58625000000006 211.00250000000003 272.00375000000008 4.5000000000000009 7.5000000000000009
decision_type=2 2 2 2 2 2 2 2 2 2 2 2 2 2 2 2 2 2 2 2 2 2 2 2 2 2 2 2 2 2
left_child=2 6 5 15 10 9 18 13 19 28 17 29 20 21 -8 24 -16 -4 23 -5 -6 -7 -14 -2 -3 -10 -20 -18 -1 -9
right_child=1 3 4 8 12 7 14 11 25 -11 -12 -13 22 -15 16 -17 27 -19 26 -21 -22 -23 -24 -25 -26 -27 -28 -29 -30 -31
leaf_value=-2.1320703320276033 0.24218594133918814 1.0312594148204151 -0.59667468555173175 1.7267394757952008 -0.23599283785754552 -1.244869807802818 0.77669441538299766 -0.72839092653437731 1.5462881092692531 -1.6618950461866846 -0.85234722603348245 -1.2406848635393031 -0.076764910743588599 -1.5684516423643418 0.34659130239849922 0.985297828431698 0.56856763293254098 -0.41632851913457669 0.40291745063810391 1.2196400919603723 -0.48421297345595893 -1.0313487391075638 -0.3280067338370854 0.036450730409236402 0.73571554080015567 1.895099159659547 0.18622979540490414 0.33102160024408323 -2.8349991856199326 -0.88750282080409626
leaf_weight=105 861 391 3358 175 3109 1408 688 1911 860 402 790 425 4196 381 2978 2441 3278 3633 776 2341 801 1745 618 3861 2581 337 2958 597 99 1878
leaf_count=105 861 391 3358 175 3109 1408 688 1911 860 402 790 425 4196 381 2978 2441 3278 3633 776 2341 801 1745 618 3861 2581 337 2958 597 99 1878
internal_value=-0.00141674 0.584075 -0.593126 1.07747 -0.353583 -1.06639 0.3026 -0.998456 1.3805 -1.93501 -0.538428 -0.850967 -0.188717 -1.17432 0.48109 0.869613 0.451413 -0.502955 0.143424 1.25491 -0.286843 -1.1267 -0.109018 0.0739641 0.774598 1.64449 0.231262 0.53197 -2.4732 -0.807254
internal_weight=49982 25123 24859 9126 16505 8354 15997 7748 3713 606 7781 4214 8724 3534 7541 5413 6853 6991 8456 2516 3910 3153 4814 4722 2972 1197 3734 3875 204 3789
internal_count=49982 25123 24859 9126 16505 8354 15997 7748 3713 606 7781 4214 8724 3534 7541 5413 6853 6991 8456 2516 3910 3153 4814 4722 2972 1197 3734 3875 204 3789
is_linear=0
shrinkage=0.05


Tree=28
num_leaves=31
num_cat=0
split_feature=8 8 8 8 8 8 8 8 8 8 6 8 8 6 6 6 8 8 6 6 8 6 6 6 6 8 6 8 6 6
split_gain=6.25373e+06 1.3161e+06 966011 224594 179014 165125 163302 57030.1 51809.3 44440.7 29807.1 25658.9 23945.4 23638.6 23221.3 23220.3 20263 19100.6 15634.8 15410.4 15080.5 13658.5 12575.8 11342 11041.3 10843.4 10089 10016.4 9887.67 9863.08
threshold=212.09625000000003 259.31625000000003 161.00500000000002 293.59125000000006 117.09375000000001 234.29375000000002 185.75250000000003 143.50250000000003 91.300000000000011 318.53125000000006 203.00250000000003 274.58875000000006 199.50125000000003 204.75125000000003 197.75250000000003 175.70500000000001 246.00125000000003 221.58750000000003 218.75125000000003 263.00375000000003 172.10750000000004 167.00250000000003 208.16875000000002 227.58500000000004 232.00750000000002 343.17750000000007 272.00375000000008 127.92875000000002 260.5437500000001 253.25125000000003
decision_type=2 2 2 2 2 2 2 2 2 2 2 2 2 2 2 2 2 2 2 2 2 2 2 2 2 2 2 2 2 2
left_child=2 5 4 11 8 17 10 15 -1 19 20 24 18 -7 -9 27 -15 -2 -8 -5 -4 -10 -19 -14 -3 29 -18 -6 -13 -11
right_child=1 3 6 9 7 13 12 14 21 25 -12 28 23 16 -16 -17 26 22 -20 -21 -22 -23 -24 -25 -26 -27 -28 -29 -30 -31
leaf_value=-2.3495377063751364 0.032409736439264834 0.9356250556928517 -0.57205401991303317 1.5112077628950218 -1.1377029065946931 0.70851913988590243 -0.2451285570698393 -0.75224218919157471 -1.3643524526122088 2.2081337786735373 -0.7717546559707813 1.0725699056114169 -0.0854324287028424 0.32104100654773482 -1.1627001224469891 -1.4350778902063566 0.52848483924564693 0.34730693048339345 -0.5010865109370497 1.1441708589695772 -0.41352423351141487 -1.9140718396972209 0.14363376414914453 -0.30121469824433472 0.67166215564802978 1.9296373611272768 0.29036938385614136 -0.95483895835750987 0.86378391120235032 1.4666190842177971
leaf_weight=204 3729 469 2696 329 1236 727 3655 3435 668 47 1055 791 3648 3363 383 392 2977 937 713 2187 3382 136 3965 731 2551 172 523 1900 2003 978
leaf_count=204 3729 469 2696 329 1236 727 3655 3435 668 47 1055 791 3648 3363 383 392 2977 937 713 2187 3382 136 3965 731 2551 172 523 1900 2003 978
internal_value=-0.00134591 0.541246 -0.577836 1.00769 -1.01307 0.26729 -0.34887 -0.927336 -1.6379 1.31148 -0.526426 0.813688 -0.204077 0.437407 -0.793417 -1.07226 0.408688 0.117691 -0.286909 1.19217 -0.483843 -1.45734 0.182565 -0.121454 0.712655 1.56227 0.492904 -1.02691 0.922893 1.50062
internal_weight=49982 25748 24234 9527 8354 16221 15880 7346 1008 3713 7133 5814 8747 7590 3818 3528 6863 8631 4368 2516 6078 804 4902 4379 3020 1197 3500 3136 2794 1025
internal_count=49982 25748 24234 9527 8354 16221 15880 7346 1008 3713 7133 5814 8747 7590 3818 3528 6863 8631 4368 2516 6078 804 4902 4379 3020 1197 3500 3136 2794 1025
is_linear=0
shrinkage=0.05


Tree=29
num_leaves=31
num_cat=0
split_feature=8 8 8 8 8 8 8 8 8 8 6 6 8 6 8 7 6 8 8 8 6 6 6 6 6 6 6 6 6 6
split_gain=5.64517e+06 1.03835e+06 1.01218e+06 214812 153566 149184 136149 84054.7 41450.8 27433 25178 23589.2 23446.1 22066.1 21312 19866.2 19316.1 18641.1 17523.8 16013.2 13682.5 13167.8 12692.6 11700.6 11622.9 11321.5 9810.42 9753.68 8769.54 7921.75
threshold=217.90625000000003 169.25625000000002 266.60500000000008 131.01750000000001 305.02000000000004 240.00250000000003 194.32625000000004 106.59625000000001 151.35375000000002 285.00500000000005 200.67750000000004 224.00250000000003 330.40500000000003 176.47750000000005 251.96000000000001 133.08375000000004 163.26500000000001 208.84625000000003 227.57750000000001 179.80250000000004 230.10500000000005 261.48500000000007 223.00250000000003 259.01625000000007 263.00375000000003 236.25375000000003 241.59250000000003 230.10500000000005 201.87750000000003 200.07625000000002
decision_type=2 2 2 2 2 2 2 2 2 2 2 2 2 2 2 2 2 2 2 2 2 2 2 2 2 2 2 2 2 2
left_child=1 3 5 7 9 18 11 15 13 25 -10 19 24 -5 21 -1 -9 22 27 -3 -16 29 -8 -20 -6 -4 -11 -2 -19 -7
right_child=2 6 4 8 12 14 17 16 10 26 -12 -13 -14 -15 20 -17 -18 28 23 -21 -22 -23 -24 -25 -26 -27 -28 -29 -30 -31
leaf_value=-1.4041867225400864 0.15582582434649561 -0.46255188241948986 1.0213689024834072 -0.83258056866577257 1.6744566240428407 0.68770564798361222 -0.13019533062136843 -1.0936463886786023 -0.61050939836487139 1.3433206810377032 -0.98897762602640071 -0.66059570378484689 1.6490855556125787 -1.1998271100661335 0.78073127371444195 -2.1643870341777802 -1.5098202478036793 0.12119768500228278 0.28122472307677282 -0.30604848353819647 0.53094359032849048 0.19539751133734806 -0.34025879782151186 0.0172061585896684 1.2317727055719923 0.73896624846506886 0.97007276988548929 -0.016042232235538936 -0.062853292508665601 0.42182926701765189
leaf_weight=124 2875 2751 408 2907 162 312 3994 2038 3979 191 494 776 516 476 674 280 323 875 3783 4027 2938 615 877 472 1750 2727 2249 1158 2486 2745
leaf_count=124 2875 2751 408 2907 162 312 3994 2038 3979 191 494 776 516 476 674 280 323 875 3783 4027 2938 615 877 472 1750 2727 2249 1158 2486 2745
internal_value=-0.00127861 -0.503353 0.561109 -0.885592 1.01811 0.326239 -0.246178 -1.26462 -0.75219 0.873569 -0.652308 -0.399465 1.35 -0.884253 0.491321 -1.93106 -1.15058 -0.105517 0.181155 -0.369569 0.577554 0.406496 -0.168016 0.251938 1.26928 0.775719 0.99929 0.106477 -0.0149376 0.448965
internal_weight=49982 26407 23575 10621 8003 15572 15786 2765 7856 5575 4473 7554 2428 3383 7284 404 2361 8232 8288 6778 3612 3672 4871 4255 1912 3135 2440 4033 3361 3057
internal_count=49982 26407 23575 10621 8003 15572 15786 2765 7856 5575 4473 7554 2428 3383 7284 404 2361 8232 8288 6778 3612 3672 4871 4255 1912 3135 2440 4033 3361 3057
is_linear=0
shrinkage=0.05


Tree=30
num_leaves=31
num_cat=0
split_feature=8 8 8 8 8 8 8 8 8 8 6 6 8 8 6 8 6 6 7 8 8 6 4 6 6 4 6 7 6 6
split_gain=5.09859e+06 976439 882850 168327 156112 148666 128657 47030.8 44270.4 32055 26168.3 22529 22525.6 21983.2 19587.5 19208.6 18754.7 17724.1 17060.9 15492.4 13476.9 13098.4 11976.9 9968.64 9872.54 9847.97 9742.96 9401.08 12753.2 9157.38
threshold=215.97375000000002 262.00375000000003 162.50375000000003 303.00375000000003 189.75375000000003 120.76625000000001 238.75250000000003 91.300000000000011 145.50125000000003 281.36000000000007 214.85750000000004 167.76500000000001 330.40500000000003 203.00250000000003 184.40500000000003 176.47750000000005 204.17250000000004 187.77250000000004 188.75125000000003 227.57750000000001 248.72125000000003 214.85750000000004 19.500000000000004 254.50750000000002 240.25625000000002 18.500000000000004 187.00500000000002 197.75250000000003 126.45750000000001 263.00375000000003
decision_type=2 2 2 2 2 2 2 2 2 2 2 2 2 2 2 2 2 2 2 2 2 2 2 2 2 2 2 2 2 2
left_child=2 6 5 9 10 7 17 27 11 22 15 -7 24 21 -10 -4 -8 -2 -9 -19 -18 25 -3 -11 -5 -6 -15 28 -1 -21
right_child=1 3 4 12 13 8 16 18 14 23 -12 -13 -14 26 -16 -17 20 19 -20 29 -22 -23 -24 -25 -26 -27 -28 -29 -30 -31
leaf_value=-0.68817736761910586 0.40311356970594636 0.74487515036273422 -0.4928323144618757 1.6631276920156659 -0.13210418309879346 -0.88306342511985614 0.70435212580812556 -1.1794638244824718 -0.64168379884016724 1.1330127946553368 -0.6965038332064637 -1.2407114759988023 1.5577564125495347 0.13442467699752339 -0.96156938110488166 -0.32713193755296194 0.33316131048928632 0.066037268052529352 -1.7139465403282781 0.23159685893631324 0.48005868872280966 -0.3772765574384398 0.53406841509692404 0.87606181730751609 1.1681395913670813 -0.36201214706042051 -0.087907210677447001 -2.5023034078529083 -2.0657855181466966 -0.043434093940395213
leaf_weight=21 631 2612 3496 106 2793 3108 601 1052 3223 451 899 513 527 562 562 3500 2910 4479 174 3225 3369 992 908 2315 2028 559 3999 83 84 334
leaf_count=21 631 2612 3496 106 2793 3108 601 1052 3223 451 899 513 527 562 562 3500 2910 4479 174 3225 3369 992 908 2315 2028 559 3999 83 84 334
internal_value=-0.000227952 0.515533 -0.493362 0.931691 -0.280693 -0.898445 0.276074 -1.36824 -0.808749 0.790585 -0.442566 -0.933733 1.26502 -0.13718 -0.689181 -0.409935 0.437519 0.147945 -1.25532 0.127914 0.411979 -0.217677 0.690497 0.917958 1.19273 -0.170445 -0.0605118 -2.10462 -1.79026 0.205786
internal_weight=50116 24496 25620 8947 16800 8820 15549 1414 7406 6286 7895 3621 2661 8905 3785 6996 6880 8669 1226 8038 6279 4344 3520 2766 2134 3352 4561 188 105 3559
internal_count=50116 24496 25620 8947 16800 8820 15549 1414 7406 6286 7895 3621 2661 8905 3785 6996 6880 8669 1226 8038 6279 4344 3520 2766 2134 3352 4561 188 105 3559
is_linear=0
shrinkage=0.05


Tree=31
num_leaves=31
num_cat=0
split_feature=8 8 8 8 8 8 8 8 6 8 8 6 6 6 8 8 6 0 8 8 8 6 6 6 6 6 8 0 6 6
split_gain=4.60375e+06 893081 796819 181816 131016 113262 110927 71673.6 35835.8 28623.3 21543.8 21014.4 19631.3 17717.4 16841.1 15805.5 15345.6 15057.4 14344.6 14004.8 13044.2 10967.2 10047.5 9650.85 9245.28 8521.13 6739.11 6670.68 6659.22 6544.07
threshold=219.25500000000002 170.75250000000003 269.50500000000005 134.14500000000001 243.00375000000003 308.50625000000008 197.00875000000005 106.59625000000001 197.75250000000003 153.26750000000001 289.01125000000008 227.00250000000003 215.85375000000002 163.26500000000001 231.26625000000004 184.41125000000002 238.30750000000003 19.091250000000006 330.40500000000003 257.00250000000005 209.25750000000002 229.72250000000005 236.25375000000003 248.95375000000004 262.23625000000004 234.29375000000002 120.76625000000001 27.901250000000001 301.52500000000003 276.00750000000005
decision_type=2 2 2 2 2 2 2 2 2 2 2 2 2 2 2 2 2 2 2 2 2 2 2 2 2 2 2 2 2 2
left_child=1 3 4 7 14 10 11 17 9 -5 25 15 -6 26 21 -3 20 -1 29 24 -8 -2 -16 -12 -14 -4 -9 -27 -20 -7
right_child=2 6 5 8 12 18 16 13 -10 -11 23 -13 19 -15 22 -17 -18 -19 28 -21 -22 -23 -24 -25 -26 27 -28 -29 -30 -31
leaf_value=-1.1682121856646104 0.18004684329237886 -0.38090383796633132 0.98705468421632592 -0.73556132147157283 0.702961363375187 1.4538586808505811 -0.10976769408057314 -1.0793639956352261 -0.96444015104406222 -0.53205354224386847 1.257788794381278 -0.57928705765565425 0.42744669978838623 -1.3378343276520992 0.33527394522857717 -0.23252486683400858 -0.26548865204112859 -1.9120179816881817 1.8768473011526194 0.53893077227330477 0.02658005296772456 0.022811695581168651 0.17296205137725354 0.90656511657011407 0.2371449536978458 0.66054876973440146 -0.90636490496680266 0.82851022396667351 1.4002920011724589 1.1410071760115865
leaf_weight=88 3142 3687 308 3094 850 190 3818 883 857 3913 217 797 2796 376 2181 3497 908 300 88 2442 3245 1714 1694 1982 827 2001 1553 839 439 1390
leaf_count=88 3142 3687 308 3094 850 190 3818 883 857 3913 217 797 2796 376 2181 3497 908 300 88 2442 3245 1714 1694 1982 827 2001 1553 839 439 1390
internal_value=-0.000216554 -0.443348 0.518037 -0.788537 0.315345 0.943489 -0.203932 -1.10628 -0.659242 -0.621914 0.821141 -0.3357 0.477924 -1.01838 0.186581 -0.308676 -0.0719991 -1.74332 1.25397 0.446386 -0.0471246 0.124548 0.264317 0.941224 0.384008 0.737259 -0.969074 0.710168 1.47987 1.17863
internal_weight=50116 27016 23100 11064 15646 7454 15952 3200 7864 7007 5347 7981 6915 2812 8731 7184 7971 388 2107 6065 7063 4856 3875 2199 3623 3148 2436 2840 527 1580
internal_count=50116 27016 23100 11064 15646 7454 15952 3200 7864 7007 5347 7981 6915 2812 8731 7184 7971 388 2107 6065 7063 4856 3875 2199 3623 3148 2436 2840 527 1580
is_linear=0
shrinkage=0.05


Tree=32
num_leaves=31
num_cat=0
split_feature=8 8 8 8 8 8 8 8 8 8 6 6 6 6 6 8 8 4 4 6 8 6 6 4 4 4 8 4 4 6
split_gain=4.15703e+06 902552 624568 154132 118750 115906 102290 39111.6 33877.9 30937.4 23692.6 18283.9 18232.6 18122.4 16665.5 15791 14632.6 14623.8 16203.9 14054.7 13236.2 11249.8 11086 10779.3 11370.1 10629.2 9595.24 8650.29 12366.8 8552.23
threshold=211.00250000000003 259.31625000000003 161.00500000000002 292.00250000000005 233.75750000000002 117.09375000000001 185.00125000000003 142.39625000000004 316.26375000000007 91.300000000000011 205.96625000000003 233.16125000000002 200.67750000000004 184.40500000000003 165.52500000000003 246.00125000000003 276.50125000000008 19.500000000000004 15.500000000000002 187.77250000000004 222.00250000000003 172.10250000000002 239.75125000000003 18.500000000000004 15.500000000000002 19.500000000000004 202.39125000000004 7.5000000000000009 5.5000000000000009 201.87750000000003
decision_type=2 2 2 2 2 2 2 2 2 2 2 2 2 2 2 2 2 2 2 2 2 2 2 2 2 2 2 2 2 2
left_child=2 4 5 16 19 9 10 14 22 -1 23 17 -6 -9 -7 -14 25 18 26 -2 -21 -11 -5 24 27 -3 29 28 -4 -8
right_child=1 3 6 8 12 7 11 13 -10 21 -12 -13 15 -15 -16 -17 -18 -19 -20 20 -22 -23 -24 -25 -26 -27 -28 -29 -30 -31
leaf_value=-1.906361429995679 0.29841407558844324 0.63732783197075493 -0.44365561230999861 1.3408096284367319 0.60982196469509065 -0.83662103674048416 -0.15270019962505554 -0.60690922342579967 1.2607643358857845 -1.1140990544197171 -0.67115933394622862 -0.38195121422236505 0.25724271394058618 -0.91276891790990933 -1.1576202650314202 0.40539313793268833 0.75303549255836799 -0.31502925556424838 0.060667573890724538 0.0015832491982482031 0.12929016419922423 -1.6180264205643624 0.92513742981186542 -0.56134075019137375 -0.15326057954807767 0.42956823983547854 -0.060247287492360149 -0.44286944077421142 -0.1558626636921191 -0.32232914873361157
leaf_weight=188 716 2617 729 172 637 2933 2615 3427 1379 688 906 942 3626 564 469 3569 2231 1124 1045 3941 4182 132 2379 853 544 805 1815 3085 765 1038
leaf_count=188 716 2617 729 172 637 2933 2615 3427 1379 688 906 942 3626 564 469 3569 2231 1124 1045 3941 4182 132 2379 853 544 805 1815 3085 765 1038
internal_value=-0.000205726 0.433933 -0.477864 0.820602 0.211665 -0.824889 -0.289303 -0.756312 1.0611 -1.32785 -0.432894 -0.174115 0.35343 -0.650133 -0.880874 0.330731 0.653407 -0.148479 -0.119736 0.08605 0.0673312 -1.19522 0.953164 -0.396772 -0.369371 0.588454 -0.154213 -0.395045 -0.296292 -0.2009
internal_weight=50116 26254 23862 9583 16671 8401 15461 7393 3930 1008 6882 8579 7832 3991 3402 7195 5653 7637 6513 8839 8123 820 2551 5976 5123 3422 5468 4579 1494 3653
internal_count=50116 26254 23862 9583 16671 8401 15461 7393 3930 1008 6882 8579 7832 3991 3402 7195 5653 7637 6513 8839 8123 820 2551 5976 5123 3422 5468 4579 1494 3653
is_linear=0
shrinkage=0.05


Tree=33
num_leaves=31
num_cat=0
split_feature=8 8 8 8 8 8 8 8 8 8 8 4 4 4 7 7 4 8 7 4 4 8 8 7 4 4 8 4 4 4
split_gain=3.75254e+06 696848 680687 142177 117745 93185.7 89593.1 51987.7 29497.1 17375 15064.2 14871.2 14707 15609.1 13060.2 12789.1 12758.2 12381.6 12178.9 12102.7 11603 11096.5 10543.4 9376.56 7938.2 8228.07 7587.3 7319.63 7207.01 7095.27
threshold=217.90625000000003 169.25625000000002 269.50500000000005 129.50500000000002 242.25125000000003 308.50625000000008 195.00375000000003 106.59625000000001 150.38375000000002 287.74000000000007 228.57250000000002 18.500000000000004 17.500000000000004 15.500000000000002 137.24500000000003 197.00875000000005 5.5000000000000009 335.58625000000006 213.16125000000002 19.500000000000004 5.5000000000000009 180.39375000000004 257.75500000000005 188.75125000000003 7.5000000000000009 4.5000000000000009 207.58875000000003 7.5000000000000009 19.500000000000004 19.500000000000004
decision_type=2 2 2 2 2 2 2 2 2 2 2 2 2 2 2 2 2 2 2 2 2 2 2 2 2 2 2 2 2 2
left_child=1 3 4 7 10 9 12 14 15 28 -2 16 13 21 -1 24 -6 -7 27 20 -8 -3 -18 -9 25 -5 -22 -10 -4 -11
right_child=2 6 5 8 11 17 19 23 18 29 -12 -13 -14 -15 -16 -17 22 -19 -20 -21 26 -23 -24 -25 -26 -27 -28 -29 -30 -31
leaf_value=-1.1741554527571709 0.090174468763799587 -0.40023121086582264 0.71046928177140822 -0.70922834524871614 0.35156228409611834 1.0796366909242303 -0.18049555813466978 -0.92002860376434181 -0.41464485087262937 0.92102420202381541 0.21889555873353719 0.27904941983597981 -0.4841846212162737 -0.079965920260450407 -1.7864411532878877 -0.99654918992728525 0.45802094071455041 1.4056742920318785 -0.75672918686794277 -0.23527160959794535 -0.077888514269364384 -0.26053707413077326 0.63499885951812063 -1.2985077999950796 -0.81627171105242047 -0.49597980350524457 0.040982815421155429 -0.55546177579051903 0.53928629194971434 0.74921940694375522
leaf_weight=132 4475 2442 2057 1410 1806 1758 1482 2029 1405 1281 4619 1379 1157 774 256 399 2769 349 555 1099 2883 3402 1209 178 935 666 2512 2689 877 1132
leaf_count=132 4475 2442 2057 1410 1806 1758 1482 2029 1405 1281 4619 1379 1157 774 256 399 2769 349 555 1099 2883 3402 1209 178 935 666 2512 2689 877 1132
internal_value=-0.00019544 -0.410189 0.45638 -0.722504 0.274978 0.852015 -0.198938 -1.04439 -0.618857 0.741039 0.155554 0.426596 -0.319718 -0.290965 -1.57814 -0.730549 0.461773 1.13364 -0.536932 -0.0812013 -0.0565796 -0.31891 0.511808 -0.950554 -0.6953 -0.640816 -0.0225401 -0.507135 0.659301 0.840426
internal_weight=50116 26405 23711 10654 16257 7454 15751 2595 8059 5347 9094 7163 7775 6618 388 3410 5784 2107 4649 7976 6877 5844 3978 2207 3011 2076 5395 4094 2934 2413
internal_count=50116 26405 23711 10654 16257 7454 15751 2595 8059 5347 9094 7163 7775 6618 388 3410 5784 2107 4649 7976 6877 5844 3978 2207 3011 2076 5395 4094 2934 2413
is_linear=0
shrinkage=0.05


Tree=34
num_leaves=31
num_cat=0
split_feature=8 8 8 8 8 8 8 8 6 8 6 8 8 6 6 6 8 7 8 8 6 6 6 8 6 6 6 6 6 6
split_gain=3.3887e+06 737207 510739 121905 100872 98112.4 79371.1 39593 23570.4 21217.2 20872 18880.8 18735.5 16620.8 16515.1 14741.8 13930.4 12094 11091.5 10999.1 9835.23 9065.53 8620.77 7751.32 7481.91 7340 7233.63 7002.2 6956.79 6518.74
threshold=211.00250000000003 260.00500000000005 161.75500000000002 298.00625000000008 235.00375000000003 125.08500000000001 185.00125000000003 106.59625000000001 204.17250000000004 323.40875000000005 201.87750000000003 145.50125000000003 278.76250000000005 233.16125000000002 220.01250000000002 259.01625000000007 223.00250000000003 197.00875000000005 246.00125000000003 200.68375000000003 240.25625000000002 182.39750000000004 259.79750000000007 172.92375000000001 260.5437500000001 165.52500000000003 198.95375000000004 273.00250000000005 125.01750000000001 201.87750000000003
decision_type=2 2 2 2 2 2 2 2 2 2 2 2 2 2 2 2 2 2 2 2 2 2 2 2 2 2 2 2 2 2
left_child=2 4 5 12 15 7 10 17 11 20 23 -7 22 19 -6 16 29 28 -16 25 -5 -9 -3 -4 -14 -8 -18 -20 -1 -2
right_child=1 3 6 9 14 8 13 21 -10 -11 -12 -13 24 -15 18 -17 26 -19 27 -21 -22 -23 -24 -25 -26 -27 -28 -29 -30 -31
leaf_value=-0.94884589885672688 0.15410942234750036 0.62187011923301538 -0.41154702719144087 1.3398715124785445 0.48026158650548201 -0.71375235976013718 -0.0014044493281435502 -0.89998732264567227 -0.97285454738373867 1.2086124444309672 -0.5974804593099432 -0.53722683508313673 0.86972780045430376 -0.35523289894762267 0.21801849556612254 -0.15675504730446532 0.34041318478593408 -1.8508572614987693 0.38413872787491221 -0.061631552933038118 0.89388133461582475 -1.3169449189326148 0.46672106136560193 -0.29449362025024206 0.67174231776837345 -0.20598354367065783 0.14143085035861699 0.18524123396240105 -1.4998857772686112 0.0085659593304490515
leaf_weight=96 980 1767 2683 131 1464 2822 493 1475 510 869 1001 3270 628 942 2718 597 523 150 2875 3182 2193 143 1815 2991 1987 3962 3605 523 142 3579
leaf_count=96 980 1767 2683 131 1464 2822 493 1475 510 869 1001 3270 628 942 2718 597 523 150 2875 3182 2193 143 1815 2991 1987 3962 3605 523 142 3579
internal_value=-0.000185668 0.391785 -0.431449 0.746856 0.194079 -0.739382 -0.257679 -1.04562 -0.646334 0.997836 -0.38698 -0.618999 0.617538 -0.157074 0.329414 0.0835843 0.100101 -1.49923 0.293305 -0.132632 0.919021 -0.936838 0.543256 -0.349843 0.719289 -0.183344 0.166641 0.353526 -1.27762 0.0398519
internal_weight=50116 26254 23862 9390 16864 8608 15254 2006 6602 3193 6675 6092 6197 8579 7580 9284 8687 388 6116 7637 2324 1618 3582 5674 2615 4455 4128 3398 238 4559
internal_count=50116 26254 23862 9390 16864 8608 15254 2006 6602 3193 6675 6092 6197 8579 7580 9284 8687 388 6116 7637 2324 1618 3582 5674 2615 4455 4128 3398 238 4559
is_linear=0
shrinkage=0.05


Tree=35
num_leaves=31
num_cat=0
split_feature=8 8 8 8 8 8 8 8 6 8 6 6 8 6 8 6 6 8 0 8 6 0 6 6 6 6 0 6 8 6
split_gain=3.06618e+06 593903 539766 126053 91474.2 75195 75139.9 49405 24631.3 19940.3 17739.6 16840.1 14783 14196.5 14123.3 14093.3 12239.4 12051.8 11140.5 10274.2 10170.3 10310.1 10018.7 9813.97 8776.92 8142.38 8049.38 7259.76 6890.81 6579.5
threshold=219.25500000000002 170.75250000000003 270.50125000000008 134.14500000000001 244.20000000000002 310.41375000000005 198.95375000000004 106.59625000000001 197.75250000000003 154.13500000000002 218.75125000000003 215.85375000000002 289.01125000000008 259.01625000000007 232.66250000000002 161.75500000000002 256.00500000000005 183.00125000000003 19.091250000000006 343.17750000000007 295.50500000000005 27.311250000000005 256.93000000000006 185.75250000000003 248.95375000000004 307.08500000000004 27.901250000000001 202.39125000000004 209.25750000000002 165.52500000000003
decision_type=2 2 2 2 2 2 2 2 2 2 2 2 2 2 2 2 2 2 2 2 2 2 2 2 2 2 2 2 2 2
left_child=1 3 4 7 13 12 10 18 9 -5 17 -6 26 14 27 -9 23 -3 -1 22 21 -13 -7 -8 -14 -21 -4 -2 -25 -19
right_child=2 6 5 8 11 19 16 15 -10 -11 -12 20 24 -15 -16 -17 -18 29 -20 25 -22 -23 -24 28 -26 -27 -28 -29 -30 -31
leaf_value=-0.94155255735892318 0.26379108374631982 -0.31124107252484035 0.55316977477614349 -0.59515438681421473 0.61626242016911337 1.4545145911685493 0.11761406629050258 -0.78711151117036326 -0.78976164279114736 -0.42678692215711467 -0.45032782715364938 0.31706208590476309 1.0645069233978852 -0.026901752244091866 0.25692477517340601 -1.1071878116522262 -0.33264042949663175 -0.020144903173372357 -1.5676491615863948 2.1930661610194617 0.10402036513638709 0.45312845573361149 0.9776466598833361 -0.11383396834131831 0.74358227891702589 1.2622476773719267 0.73130613474465811 0.096051198243375269 -0.0073538177001744786 -0.20702576633935166
leaf_weight=92 766 3247 2056 3296 786 118 917 2380 853 3770 1146 2744 237 957 3275 402 363 541 312 28 339 2826 1654 2889 2108 146 917 4085 3205 3639
leaf_count=92 766 3247 2056 3296 786 118 917 2380 853 3770 1146 2744 237 957 3275 402 363 541 312 28 339 2826 1654 2889 2108 146 917 4085 3205 3639
internal_value=-0.00104481 -0.362069 0.422809 -0.642812 0.258608 0.779466 -0.166569 -0.908394 -0.535962 -0.505323 -0.267227 0.398836 0.682152 0.155248 0.1767 -0.833363 -0.0495432 -0.238975 -1.42507 1.0454 0.369914 0.386097 1.0094 -0.0348856 0.776017 1.41203 0.608115 0.122538 -0.0578332 -0.182839
internal_weight=50094 27052 23042 11105 15778 7264 15947 3186 7919 7066 8573 6695 5318 9083 8126 2782 7374 7427 404 1946 5909 5570 1772 7011 2345 174 2973 4851 6094 4180
internal_count=50094 27052 23042 11105 15778 7264 15947 3186 7919 7066 8573 6695 5318 9083 8126 2782 7374 7427 404 1946 5909 5570 1772 7011 2345 174 2973 4851 6094 4180
is_linear=0
shrinkage=0.05


Tree=36
num_leaves=31
num_cat=0
split_feature=8 8 8 8 8 8 8 8 8 6 6 6 6 0 6 8 6 6 8 0 8 8 6 0 8 8 6 6 6 6
split_gain=2.76744e+06 614560 420418 106969 77800.3 76000.2 74604.7 28036 22785.6 19059.1 15089.7 14557.6 14372.9 13827.9 12513.9 12501.5 12128.6 11119.8 9720.62 9466.84 9366.91 9204.55 9082.44 8608.25 7515.14 7249.48 7359.6 6557.76 6524.78 5866.17
threshold=211.00250000000003 258.51000000000005 158.51500000000001 293.59125000000006 112.25375000000001 185.75250000000003 233.75750000000002 138.25125000000003 316.26375000000007 204.75125000000003 258.26500000000004 176.47750000000005 236.25375000000003 18.913750000000004 183.00125000000003 277.75750000000005 231.26625000000004 189.00125000000003 245.40125000000003 27.476250000000004 172.92375000000001 201.22500000000002 242.01750000000001 26.331250000000004 91.300000000000011 343.17750000000007 312.48875000000004 254.00250000000003 180.38750000000002 277.04750000000007
decision_type=2 2 2 2 2 2 2 2 2 2 2 2 2 2 2 2 2 2 2 2 2 2 2 2 2 2 2 2 2 2
left_child=2 6 4 15 13 9 16 14 22 20 17 -9 21 -1 -6 19 23 -8 -19 -3 -4 28 -5 -2 -15 27 -27 -10 -7 -18
right_child=1 3 5 8 7 12 10 11 25 -11 -12 -13 -14 24 -16 -17 29 18 -20 -21 -22 -23 -24 -25 -26 26 -28 -29 -30 -31
leaf_value=-0.8896172897957767 0.046328804237000615 0.4129388141471747 -0.38277150177636199 1.1297661754218014 -0.72555907862158597 -0.062293250547119872 0.56752550624829112 -0.5132684500938568 1.4770436233548976 -0.55375801603450392 0.14803174468980321 -0.76301502022781897 -0.3378178839248524 -1.6388411562990499 -1.0766692122109502 0.63205593908675073 0.0008752289867232486 0.23748800772016915 0.3694701665818117 0.57273659476381933 -0.26441324932057414 -0.05116498618860961 0.75641723318839316 0.16397518162695163 -1.2073486547212344 2.0398417395930135 1.1900295039156934 0.96808798585872546 -0.199493501260293 -0.25605129815516919
leaf_weight=193 3083 2128 3459 176 2912 1174 417 3296 67 1060 1657 709 824 185 278 2222 2293 2951 2646 1642 3235 3068 2188 3137 222 31 143 1143 3309 246
leaf_count=193 3083 2128 3459 176 2912 1174 417 3296 67 1060 1657 709 824 185 278 2222 2293 2951 2646 1642 3235 3068 2188 3137 222 31 143 1143 3309 246
internal_value=-0.000992572 0.354337 -0.389681 0.669032 -0.691182 -0.243968 0.16778 -0.645567 0.878542 -0.356766 0.281631 -0.557481 -0.139533 -1.23819 -0.756157 0.537983 0.0680717 0.318441 0.299883 0.482538 -0.325573 -0.117896 0.784213 0.105663 -1.40348 1.03966 1.34143 0.99627 -0.163564 -0.024018
internal_weight=50094 26170 23924 9740 7795 16129 16430 7195 3748 7754 7671 4005 8375 600 3190 5992 8759 6014 5597 3770 6694 7551 2364 6220 407 1384 174 1210 4483 2539
internal_count=50094 26170 23924 9740 7795 16129 16430 7195 3748 7754 7671 4005 8375 600 3190 5992 8759 6014 5597 3770 6694 7551 2364 6220 407 1384 174 1210 4483 2539
is_linear=0
shrinkage=0.05


Tree=37
num_leaves=31
num_cat=0
split_feature=8 8 8 8 8 8 8 7 8 4 0 4 4 8 4 4 8 4 7 8 7 8 8 4 8 8 4 4 0 0
split_gain=2.50326e+06 484431 439655 92081.8 75231.7 74200.8 61765.8 30705.1 22066.7 13275.5 15648.7 13996.3 12149.9 11889.3 11813.8 17868.8 11185.9 11140.2 9916.34 9629.17 9235.36 8518.16 8274.37 7542.89 7515.81 7398.57 7165 6702.37 6660.86 6643.66
threshold=219.25500000000002 167.00250000000003 270.50125000000008 125.08500000000001 195.00375000000003 244.90125000000003 310.41375000000005 193.25500000000002 146.39625000000004 17.500000000000004 20.641250000000003 15.500000000000002 18.500000000000004 287.74000000000007 18.500000000000004 15.500000000000002 231.26625000000004 5.5000000000000009 213.75375000000003 179.13250000000002 197.75250000000003 330.40500000000003 91.300000000000011 7.5000000000000009 257.75500000000005 91.300000000000011 5.5000000000000009 19.500000000000004 27.086250000000003 27.901250000000001
decision_type=2 2 2 2 2 2 2 2 2 2 2 2 2 2 2 2 2 2 2 2 2 2 2 2 2 2 2 2 2 2
left_child=1 3 5 7 9 16 13 22 20 10 -3 19 17 29 15 -6 -2 -7 23 -12 -5 -8 -1 26 -19 -9 -10 -15 -18 -4
right_child=2 4 6 8 14 12 21 25 18 -11 11 -13 -14 27 -16 -17 28 24 -20 -21 -22 -23 -24 -25 -26 -27 -28 -29 -30 -31
leaf_value=-1.2550688215664456 0.089894633288710793 -0.030230610183038787 0.49133220144922218 -0.59939641864386994 -0.068984270304555659 0.29096103464312051 0.88069367617663985 -1.7535876433927937 -0.42041206599295411 -0.42077733181499427 -0.37462792879905826 -0.065085009070905628 0.22790321704845501 0.77134668492397906 -0.18458623574416244 0.1420455446795191 0.12791122629450069 0.39339481090276551 -0.66496982121195636 -0.24188783543440795 -0.87387460375492498 1.1152675851648342 -0.79671885439403145 -0.48768092595376267 0.54560538687554627 -1.2110262254188802 -0.19637804930043787 0.60915266396660428 0.25164378112396618 0.65811508109370132
leaf_weight=105 4796 762 1894 2877 5820 1663 1413 91 1178 1254 2330 737 1323 1328 1563 1212 1871 2263 526 3303 343 533 1582 2654 1264 203 512 1224 2598 872
leaf_count=105 4796 762 1894 2877 5820 1663 1413 91 1178 1254 2330 737 1323 1328 1563 1212 1871 2263 526 3303 343 533 1582 2654 1264 203 512 1224 2598 872
internal_value=-0.000942943 -0.327148 0.382032 -0.601894 -0.164203 0.233839 0.703919 -0.907424 -0.527079 -0.270748 -0.244369 -0.269985 0.363163 0.615722 -0.0602487 -0.0326122 0.142928 0.397643 -0.459932 -0.296794 -0.628634 0.944942 -0.825247 -0.435105 0.447944 -1.37896 -0.352539 0.693555 0.199842 0.543912
internal_weight=50094 27052 23042 10071 16981 15778 7264 1981 8090 8386 7132 6370 6513 5318 8595 7032 9265 5190 4870 5633 3220 1946 1687 4344 3527 294 1690 2552 4469 2766
internal_count=50094 27052 23042 10071 16981 15778 7264 1981 8090 8386 7132 6370 6513 5318 8595 7032 9265 5190 4870 5633 3220 1946 1687 4344 3527 294 1690 2552 4469 2766
is_linear=0
shrinkage=0.05


Tree=38
num_leaves=31
num_cat=0
split_feature=8 8 8 8 8 8 8 7 6 8 6 8 6 8 6 6 4 4 8 6 6 8 6 4 4 4 4 8 6 6
split_gain=2.25941e+06 430978 402581 83287.4 76718.7 66266.6 45794.7 28983.2 19187.5 16697 15843.8 14943.7 13517.8 12152 11770.1 11287.2 10406.9 12771.1 10303.7 8614.1 8611.59 8051.09 7954.69 7859.76 8021.33 7490.7 9076.77 7119.12 7000.95 6769.66
threshold=218.81625000000003 167.00250000000003 262.00375000000003 126.50500000000001 303.00375000000003 193.00125000000003 239.34750000000003 193.25500000000002 193.75625000000002 154.13500000000002 217.80125000000004 278.76250000000005 229.01000000000002 326.11500000000007 256.00500000000005 259.01625000000007 18.500000000000004 15.500000000000002 204.75125000000003 229.01000000000002 188.30125000000004 106.59625000000001 259.79750000000007 18.500000000000004 5.5000000000000009 7.5000000000000009 4.5000000000000009 91.300000000000011 187.00500000000002 179.80250000000004
decision_type=2 2 2 2 2 2 2 2 2 2 2 2 2 2 2 2 2 2 2 2 2 2 2 2 2 2 2 2 2 2
left_child=1 3 6 7 11 10 15 21 9 25 16 22 -8 -6 18 20 17 -3 29 -13 -2 -1 -4 24 -14 26 -5 -9 -20 -7
right_child=2 5 4 8 13 14 12 27 -10 -11 -12 19 23 -15 -16 -17 -18 -19 28 -21 -22 -23 -24 -25 -26 -27 -28 -29 -30 -31
leaf_value=-1.0423929603528777 0.319243674651082 -0.2407661035651652 0.53662673976752018 -0.54866976869201156 0.78515664538916652 0.026167851200512172 0.40713942400121284 -1.6659082664893223 -0.72638395027775926 -0.37664529132171182 -0.45809282877257335 0.93753510117530825 0.16885391917513717 1.0279847415469683 -0.32444670834996675 -0.082531791129777016 -0.38934396659360054 -0.01190651740934 0.15990850245969512 0.58494848270213473 0.11459266974026101 -0.73170512863904791 0.37708408535861648 0.11792187047795682 0.32554940151385464 -0.62720334646384635 -0.35701869677294196 -1.1390326587835216 -0.027616499764450395 -0.14833700992437945
leaf_weight=239 559 5118 1462 1885 1944 680 1830 91 812 2865 939 184 1163 701 421 679 984 692 562 2959 6391 1635 1678 941 2743 1408 919 217 4351 3042
leaf_count=239 559 5118 1462 1885 1944 680 1830 91 812 2865 939 184 1163 701 421 679 984 692 562 2959 6391 1635 1678 941 2743 1408 919 217 4351 3042
internal_value=-0.000895796 -0.313204 0.360153 -0.5718 0.623614 -0.158084 0.195734 -0.845205 -0.496179 -0.469766 -0.265582 0.528516 0.291357 0.849513 -0.0662908 0.112044 -0.238975 -0.213508 -0.0537044 0.60559 0.131053 -0.771329 0.451368 0.247643 0.278894 -0.533107 -0.485857 -1.2947 -0.00616544 -0.116455
internal_weight=50094 26860 23234 10071 8928 16789 14306 2182 7889 7077 7733 6283 6677 2645 9056 7629 6794 5810 8635 3143 6950 1874 3140 4847 3906 4212 2804 308 4913 3722
internal_count=50094 26860 23234 10071 8928 16789 14306 2182 7889 7077 7733 6283 6677 2645 9056 7629 6794 5810 8635 3143 6950 1874 3140 4847 3906 4212 2804 308 4913 3722
is_linear=0
shrinkage=0.05


Tree=39
num_leaves=31
num_cat=0
split_feature=8 8 8 8 8 8 8 8 8 6 6 6 6 7 6 4 4 8 6 6 6 6 4 4 8 8 6 4 4 7
split_gain=2.04099e+06 453458 310606 79139.5 58348.3 56580.3 54445.3 21274.3 15997 14468.6 13504.6 13016 11999.8 11978.1 11515.9 11271.5 14682.2 10962.2 10833.7 10341.5 9811.63 8360.12 7805.1 10034 7487.96 6757.49 6390.64 6251.27 6555.08 6217.69
threshold=211.00250000000003 258.51000000000005 158.51500000000001 295.00250000000005 112.25375000000001 183.00125000000003 233.75750000000002 138.25125000000003 326.11500000000007 204.75125000000003 234.29375000000002 262.23625000000004 176.47750000000005 165.00250000000003 226.52750000000003 19.500000000000004 15.500000000000002 274.58875000000006 230.10500000000005 164.77750000000003 189.00125000000003 259.01625000000007 7.5000000000000009 5.5000000000000009 245.40125000000003 223.54125000000002 201.87750000000003 7.5000000000000009 4.5000000000000009 229.01000000000002
decision_type=2 2 2 2 2 2 2 2 2 2 2 2 2 2 2 2 2 2 2 2 2 2 2 2 2 2 2 2 2 2
left_child=2 6 4 14 13 9 18 19 21 22 15 20 27 -1 -3 16 26 -16 25 -6 -8 -5 23 -4 -22 -2 -7 28 -9 -10
right_child=1 3 5 8 7 10 11 12 29 -11 -12 -13 -14 -15 17 -17 -18 -19 -20 -21 24 -23 -24 -25 -26 -27 -28 -29 -30 -31
leaf_value=-0.8844720387696452 0.054863919963109381 0.67644084348089606 -0.31643213507647699 0.96350498003502416 -0.61466941550977994 -0.076042999355934018 0.5054992102443886 -0.44347123958950468 1.3670720729935035 -0.50571011781064734 -0.3060916621143307 0.09877277415200085 -0.66417049505184345 -1.3401765749167607 0.37447332569023262 -0.24834348118256686 0.082161821409328761 0.51447291878680168 -0.024653829956439336 -0.87599402546611094 0.20024627234310147 0.68113813000413947 -0.32258940850240603 -0.059054602190735751 0.31269016560001295 0.16373871101387821 -0.18451055880398523 -0.51676671024133047 -0.24520413742067879 0.91979906020406033
leaf_weight=359 3782 591 780 292 2751 3797 417 1256 89 889 956 1325 709 241 2801 1213 1126 2792 2690 439 3064 2563 4518 736 2865 2287 2114 1416 624 612
leaf_count=359 3782 591 780 292 2751 3797 417 1256 89 889 956 1325 709 241 2801 1213 1126 2792 2690 439 3064 2563 4518 736 2865 2287 2114 1416 624 612
internal_value=-0.000851006 0.304299 -0.334648 0.574617 -0.5938 -0.209403 0.144049 -0.554296 0.762567 -0.317394 -0.128193 0.241309 -0.477564 -1.06751 0.46654 -0.107578 -0.0833134 0.44436 0.0588705 -0.650632 0.271069 0.710018 -0.289649 -0.191478 0.254581 0.0958915 -0.114835 -0.437424 -0.377663 0.976586
internal_weight=50094 26170 23924 9740 7795 16129 16430 7195 3556 6923 9206 7671 4005 600 6184 8250 7037 5593 8759 3190 6346 2855 6034 1516 5929 6069 5911 3296 1880 701
internal_count=50094 26170 23924 9740 7795 16129 16430 7195 3556 6923 9206 7671 4005 600 6184 8250 7037 5593 8759 3190 6346 2855 6034 1516 5929 6069 5911 3296 1880 701
is_linear=0
shrinkage=0.05


Tree=40
num_leaves=31
num_cat=0
split_feature=8 8 8 8 8 8 8 8 7 8 6 6 6 6 6 6 8 6 4 8 4 0 4 6 4 8 4 4 4 6
split_gain=1.84275e+06 382965 294547 65713.3 55279.5 47122.4 47088.9 16975 16658.2 16503.8 14218.2 14033 11648.7 10819 10010.2 9593.43 9140.92 9066.87 8710.72 8682.09 8478.84 9014.94 8377.96 7671.35 7238.89 6191.48 5894.28 7754.38 5654.11 5513.21
threshold=212.75250000000003 260.00500000000005 162.50375000000003 292.00250000000005 119.10875000000001 187.77625000000003 231.26625000000004 145.50125000000003 195.77875000000003 323.40875000000005 204.75125000000003 204.75125000000003 167.76500000000001 181.00625000000002 263.00375000000003 178.50125000000003 248.72125000000003 202.39125000000004 19.500000000000004 201.87750000000003 19.500000000000004 20.311250000000005 16.500000000000004 238.30750000000003 15.500000000000002 91.300000000000011 19.500000000000004 5.5000000000000009 18.500000000000004 154.00125000000003
decision_type=2 2 2 2 2 2 2 2 2 2 2 2 2 2 2 2 2 2 2 2 2 2 2 2 2 2 2 2 2 2
left_child=2 6 4 18 8 11 17 12 -1 23 -8 20 -6 -7 16 -9 -12 -2 22 -15 21 -4 -3 -5 -23 29 27 -19 -24 -10
right_child=1 3 5 9 7 13 10 15 25 -11 14 -13 -14 19 -16 -17 -18 26 -20 -21 -22 24 28 -25 -26 -27 -28 -29 -30 -31
leaf_value=-0.76841085317410518 0.17579680444244411 0.43397161530272305 -0.044201947400579228 0.96083434697828796 -0.53179541838736166 0.027002299104594465 0.41634514560877145 -0.37810335030868503 -2.0707296989228139 0.90047197217828545 0.18928686867791444 -0.44058571501839561 -0.78471864314295625 -0.18096848793954368 0.084720587026215502 -0.58125258591051976 0.31344063682737366 -0.072441249986935394 0.3393421925999886 -0.068998304983639111 -0.38407094125930291 -0.2660459066075242 0.68445137825819291 0.63272064263725525 -0.065387512907932807 -1.0322248768895421 -0.12697428420741583 0.07564290111830034 0.44679265652646116 -1.2608016615449875
leaf_weight=986 1296 2819 640 190 3265 1409 894 3031 34 867 4317 1070 529 3463 1401 719 2258 1109 1554 3462 927 4154 686 2854 504 134 544 4358 394 55
leaf_count=986 1296 2819 640 190 3265 1409 894 3031 34 867 4317 1070 529 3463 1401 719 2258 1109 1554 3462 927 4154 686 2854 504 134 544 4358 394 55
internal_value=0.000335036 0.297138 -0.310577 0.551615 -0.542797 -0.180522 0.149835 -0.492495 -0.856675 0.708016 0.227261 -0.273319 -0.567061 -0.0992944 0.206067 -0.417054 0.231924 0.0558469 0.439441 -0.124991 -0.244568 -0.220158 0.479337 0.653201 -0.244334 -1.24694 0.0299851 0.0456035 0.59775 -1.57021
internal_weight=49923 25541 24382 9364 8753 15629 16177 7544 1209 3911 8870 7295 3794 8334 7976 3750 6575 7307 5453 6925 6225 5298 3899 3044 4658 223 6011 5467 1080 89
internal_count=49923 25541 24382 9364 8753 15629 16177 7544 1209 3911 8870 7295 3794 8334 7976 3750 6575 7307 5453 6925 6225 5298 3899 3044 4658 223 6011 5467 1080 89
is_linear=0
shrinkage=0.05


Tree=41
num_leaves=31
num_cat=0
split_feature=8 8 8 8 8 8 8 8 6 8 6 6 6 8 6 6 6 0 6 7 0 6 0 6 0 8 7 6 8 8
split_gain=1.6643e+06 336743 278962 68310 49123 41229.6 37236.9 24750.6 17498.2 14749.6 12292.4 12100.6 11257.7 10863 10226.3 10076.6 7991.19 7755.34 6977.96 6890.51 6460.23 6442.74 6262.07 6203.22 5746.08 5283.56 6311.45 5047.14 4942.45 4365.55
threshold=220.17500000000004 172.10750000000004 272.50750000000005 131.01750000000001 248.72125000000003 197.75250000000003 310.41375000000005 106.59625000000001 204.17250000000004 154.13500000000002 259.01625000000007 233.75750000000002 225.50500000000002 232.00750000000002 229.72250000000005 256.00500000000005 185.75250000000003 27.683750000000003 147.00250000000003 165.00250000000003 29.101250000000004 164.77750000000003 26.536249999999999 299.79875000000004 27.158750000000005 343.17750000000007 257.04625000000004 198.95375000000004 209.25750000000002 290.55875000000009
decision_type=2 2 2 2 2 2 2 2 2 2 2 2 2 2 2 2 2 2 2 2 2 2 2 2 2 2 2 2 2 2
left_child=1 3 4 7 10 11 14 19 9 -5 13 21 -6 27 -4 16 -7 29 -9 -1 25 -3 -15 24 -14 -8 -27 -2 -18 -16
right_child=2 5 6 8 12 15 20 18 -10 -11 -12 -13 23 22 17 -17 28 -19 -20 -21 -22 -23 -24 -25 -26 26 -28 -29 -30 -31
leaf_value=-0.85666942693402659 0.23525537513459149 -0.068027873637087177 0.78653184353925631 -0.4500015363382377 0.48014067042500141 0.10466179925497686 0.71312374947516899 -0.58141167288353557 -0.62377984253258034 -0.31222765526616458 -0.016494397485495565 -0.40173999871938143 0.24448316686538304 0.131807137426595 0.39853390428317154 -0.28318649134253299 -0.088568777658913106 0.59340992503962864 -0.79029760967344931 -1.2792508564034446 1.0185359859570666 -0.19813711321698871 0.25394617998687374 0.030689030360835586 0.35679946820554742 1.772715281844139 0.86256259262561807 0.077368223448904802 -0.0025751065374997805 0.51415188745055795
leaf_weight=204 585 1131 314 3700 909 1058 1599 1891 796 4090 1182 657 2272 1653 1815 391 3167 1334 507 183 229 5994 2874 223 2283 25 80 3756 3537 1484
leaf_count=204 585 1131 314 3700 909 1058 1599 1891 796 4090 1182 657 2272 1653 1815 391 3167 1334 507 183 229 5994 2874 223 2283 25 80 3756 3537 1484
internal_value=0.000318284 -0.262421 0.317529 -0.470279 0.201422 -0.114096 0.583107 -0.685456 -0.400483 -0.377666 0.134969 -0.196417 0.318855 0.155158 0.510394 -0.0355206 -0.0230447 0.491679 -0.625576 -1.05649 0.769194 -0.177484 0.209348 0.288171 0.300777 0.735685 1.07927 0.0986453 -0.0431989 0.450543
internal_weight=49923 27306 22617 11371 15737 15935 6880 2785 8586 7790 10050 7782 5687 8868 4947 8153 7762 4633 2398 387 1933 7125 4527 4778 4555 1704 105 4341 6704 3299
internal_count=49923 27306 22617 11371 15737 15935 6880 2785 8586 7790 10050 7782 5687 8868 4947 8153 7762 4633 2398 387 1933 7125 4527 4778 4555 1704 105 4341 6704 3299
is_linear=0
shrinkage=0.05


Tree=42
num_leaves=31
num_cat=0
split_feature=8 8 8 8 8 8 8 8 6 6 6 6 6 8 6 4 4 4 4 6 4 4 8 0 4 4 4 4 8 6
split_gain=1.50215e+06 308518 248583 69097.8 37837.8 37517.3 31744.9 27123.6 17394.7 10853.7 10599.5 10471.6 9750.56 9363.88 8968.02 8925.83 10949.2 8231.18 10941.5 8884.08 7939.78 11561.3 7729.05 7007.01 6695.8 6669.21 6981.64 6424.2 5855.61 5359.74
threshold=220.66125000000002 175.00750000000002 269.50500000000005 139.74500000000003 310.41375000000005 245.40125000000003 201.22500000000002 106.59625000000001 197.75250000000003 204.17250000000004 198.95375000000004 227.00250000000003 234.29375000000002 156.99500000000003 167.76500000000001 18.500000000000004 15.500000000000002 18.500000000000004 15.500000000000002 207.00125000000003 18.500000000000004 5.5000000000000009 285.00500000000005 19.268750000000001 7.5000000000000009 18.500000000000004 4.5000000000000009 7.5000000000000009 330.40500000000003 176.47750000000005
decision_type=2 2 2 2 2 2 2 2 2 2 2 2 2 2 2 2 2 2 2 2 2 2 2 2 2 2 2 2 2 2
left_child=1 3 5 7 12 10 11 -1 13 -7 -2 15 -4 24 -9 16 23 18 19 -8 21 -12 -14 -3 -5 26 -11 -15 -6 -25
right_child=2 6 4 8 28 9 17 14 -10 25 20 -13 22 27 -16 -17 -18 -19 -20 -21 -22 -23 -24 29 -26 -27 -28 -29 -30 -31
leaf_value=-1.00367001843006 0.27729290135165308 0.058544669364119298 0.69284313657032015 -0.32572480193190095 0.67766439404848877 0.51792878927931418 0.050444934877908687 -0.53352292868311391 -0.54898824413405511 0.19934215508703274 0.010748722841839753 -0.32533595063764653 0.3855565693645881 -0.17390077117446157 -0.77426931126351528 -0.2789664582343227 0.054290896490421875 -0.1318849508672133 0.15037400188769645 -0.087644762778226318 -0.024454100359533871 0.15990813074414492 0.51000606795578007 -0.087690984675209374 -0.47458205164682243 0.15773258218620137 0.33327551768792429 -0.31404924917611354 0.87343654438625773 -0.19862469700226745
leaf_weight=387 967 384 464 1701 1409 451 2066 3149 988 1423 1745 908 2292 1114 441 1063 770 1353 1059 2670 1074 5084 2738 1602 1359 1188 3077 3074 524 3399
leaf_count=387 967 384 464 1701 1409 451 2066 3149 988 1423 1745 908 2292 1114 441 1063 770 1353 1059 2670 1074 5084 2738 1602 1359 1188 3077 3074 524 3399
internal_value=0.00030237 -0.247489 0.303878 -0.434821 0.540471 0.186803 -0.097699 -0.605969 -0.352177 0.281825 0.121038 -0.165305 0.47353 -0.325349 -0.563097 -0.145174 -0.122067 -0.0208431 0.00508262 -0.0274055 0.101919 0.121794 0.453299 -0.147284 -0.391835 0.263105 0.290923 -0.27677 0.730735 -0.163089
internal_weight=49923 27487 22436 12213 7427 15009 15274 3977 8236 6139 8870 8126 5494 7248 3590 7218 6155 7148 5795 4736 7903 6829 5030 5385 3060 5688 4500 4188 1933 5001
internal_count=49923 27487 22436 12213 7427 15009 15274 3977 8236 6139 8870 8126 5494 7248 3590 7218 6155 7148 5795 4736 7903 6829 5030 5385 3060 5688 4500 4188 1933 5001
is_linear=0
shrinkage=0.05


Tree=43
num_leaves=31
num_cat=0
split_feature=8 8 8 8 8 8 8 8 7 6 6 6 8 4 4 6 4 0 4 6 8 4 4 6 6 4 4 0 6 6
split_gain=1.35803e+06 284380 217826 45331.3 43143.2 38682.2 34370 13354.2 12857.5 10919.9 10691.6 10662 9819.1 9068.68 10386.2 9005.48 7574.52 9674.57 8061.4 7316.45 7213.19 7073.23 12058.6 7016.53 6337.03 6137.82 6161.45 5964.81 5414.56 5219.96
threshold=212.75250000000003 262.00375000000003 163.26500000000001 305.02000000000004 119.10875000000001 236.96250000000003 189.75375000000003 147.36375000000001 195.77875000000003 229.01000000000002 219.69250000000002 167.76500000000001 282.49125000000009 18.500000000000004 5.5000000000000009 181.00625000000002 18.500000000000004 20.311250000000005 15.500000000000002 259.79750000000007 330.40500000000003 18.500000000000004 15.500000000000002 178.50125000000003 218.75125000000003 18.500000000000004 5.5000000000000009 28.223750000000006 207.00125000000003 277.04750000000007
decision_type=2 2 2 2 2 2 2 2 2 2 2 2 2 2 2 2 2 2 2 2 2 2 2 2 2 2 2 2 2 2
left_child=2 5 4 12 8 13 10 11 -1 -7 16 -6 19 14 -2 -8 17 -4 -19 -3 29 22 24 -9 -17 26 -11 -14 -16 -5
right_child=1 3 6 20 7 9 15 23 -10 25 -12 -13 27 -15 28 21 -18 18 -20 -21 -22 -23 -24 -25 -26 -27 -28 -29 -30 -31
leaf_value=-0.66308061681219344 -0.016559816287720592 0.43784573117557202 -0.010467063833922109 0.82507273876090914 -0.44722390508173793 0.31369956764007806 0.045656539230219971 -0.31307945644793089 -1.0834883297639044 0.11238726809661892 -0.40245784827897374 -0.67445685594137239 0.4473314204210535 -0.056014839840440346 0.21086068641951711 -0.073884898234509208 -0.33390678055391554 -0.23181142626054291 -0.037843517168953698 0.29698198256947017 0.82976471665421969 -0.21106456012252517 0.092150137813719502 -0.48898769491799388 -0.20864719640163765 0.066210608068380569 0.24338250821584309 0.62963150439289428 0.092959163312908238 0.58772991650328799
leaf_weight=986 1915 1673 693 269 3587 2115 1233 2844 223 1271 784 603 2180 1341 1228 3202 1014 4615 606 2053 524 1205 880 708 1199 978 3056 565 4704 1669
leaf_count=986 1915 1673 693 269 3587 2115 1233 2844 223 1271 784 603 2180 1341 1228 3202 1014 4615 606 2053 524 1205 880 708 1199 978 3056 565 4704 1669
internal_value=0.000287251 0.255082 -0.266619 0.482571 -0.462843 0.132721 -0.152796 -0.419464 -0.740625 0.217635 -0.227451 -0.479926 0.413096 0.0641477 0.0846827 -0.0782088 -0.207647 -0.185999 -0.209298 0.360231 0.665176 -0.101756 -0.0768141 -0.348142 -0.110599 0.179336 0.204904 0.484854 0.117366 0.620674
internal_weight=49923 25541 24382 8933 8951 16608 15431 7742 1209 7420 7712 4190 6471 9188 7847 7719 6928 5914 5221 3726 2462 6486 5281 3552 4401 5305 4327 2745 5932 1938
internal_count=49923 25541 24382 8933 8951 16608 15431 7742 1209 7420 7712 4190 6471 9188 7847 7719 6928 5914 5221 3726 2462 6486 5281 3552 4401 5305 4327 2745 5932 1938
is_linear=0
shrinkage=0.05


Tree=44
num_leaves=31
num_cat=0
split_feature=8 8 8 8 8 8 8 8 7 4 4 4 4 4 4 4 0 4 7 8 4 4 4 4 7 4 4 4 0 4
split_gain=1.22685e+06 249534 205803 58962.1 37093.9 27424.6 24463.5 22879.3 9919.94 8948.99 11031.3 8893.09 10098.6 7893.2 7440.32 7436.12 7085.21 6555.01 6528.44 5896.6 5830.27 8449.99 5789.78 5745.01 5744.78 5664.85 5963.5 11444.8 5509.34 5414.12
threshold=220.17500000000004 176.47750000000005 272.50750000000005 143.50250000000003 248.72125000000003 310.41375000000005 106.59625000000001 203.00250000000003 203.74375000000003 18.500000000000004 5.5000000000000009 18.500000000000004 15.500000000000002 19.500000000000004 19.500000000000004 18.500000000000004 19.268750000000001 16.500000000000004 168.14250000000001 231.26625000000004 18.500000000000004 5.5000000000000009 4.5000000000000009 1.5000000000000002 133.08375000000004 15.500000000000002 7.5000000000000009 5.5000000000000009 29.101250000000004 7.5000000000000009
decision_type=2 2 2 2 2 2 2 2 2 2 2 2 2 2 2 2 2 2 2 2 2 2 2 2 2 2 2 2 2 2
left_child=1 3 4 6 9 14 24 11 13 10 -2 12 16 25 23 17 -3 -6 -8 -12 21 -9 -18 -4 -1 26 27 -5 -7 -24
right_child=2 7 5 8 15 28 18 20 -10 -11 19 -13 -14 -15 -16 -17 22 -19 -20 -21 -22 -23 29 -25 -26 -27 -28 -29 -30 -31
leaf_value=-0.61401817816914184 0.039679753777813978 0.067719616335485427 0.36916488865243369 -0.29387581260114953 0.28081065176639081 0.62948711642212818 -0.46877603956238856 -0.1058959201553803 -0.43563664830636911 -0.0053470651975843428 0.11454048831792195 -0.26255957222700121 0.031179666446961379 -0.41456809853044868 0.36247423220004249 0.1671698033429582 -0.28337436620148465 0.4562109149720141 -0.63636893189780774 0.21086472693325048 -0.11275028386605362 0.045390620744379627 -0.048097861283813118 0.52832794330545163 -1.0366172981410946 -0.10377527877909219 -0.32523900903072606 -0.061191884436390946 0.89069307695374755 -0.16664355696009106
leaf_weight=114 2300 379 760 1630 3819 1704 3494 1208 1261 1336 2900 1250 979 974 1955 1249 767 619 697 3514 1200 3912 1301 2232 273 523 2853 782 229 3709
leaf_count=114 2300 379 760 1630 3819 1704 3494 1208 1261 1336 2900 1250 979 974 1955 1249 767 619 697 3514 1200 3912 1301 2232 273 523 2853 782 229 3709
internal_value=0.000272888 -0.225309 0.272623 -0.38859 0.172896 0.500733 -0.531771 -0.0853905 -0.30689 0.115151 0.133625 -0.139536 -0.117984 -0.282881 0.438332 0.274944 -0.141705 0.305275 -0.496648 0.167313 -0.0135529 0.00969645 -0.155445 0.487899 -0.912131 -0.260721 -0.276311 -0.218437 0.660432 -0.13586
internal_weight=49923 27306 22617 12601 15737 6880 4578 14705 8023 10050 8714 8385 7135 6762 4947 5687 6156 4438 4191 6414 6320 5120 5777 2992 387 5788 5265 2412 1933 5010
internal_count=49923 27306 22617 12601 15737 6880 4578 14705 8023 10050 8714 8385 7135 6762 4947 5687 6156 4438 4191 6414 6320 5120 5777 2992 387 5788 5265 2412 1933 5010
is_linear=0
shrinkage=0.05


Tree=45
num_leaves=31
num_cat=0
split_feature=8 8 8 8 8 8 8 8 6 8 6 6 6 6 6 6 6 4 4 4 4 4 4 4 6 7 4 4 4 4
split_gain=1.10637e+06 234953 182315 58027.4 33733 22124.9 21999.9 19643.3 15260.2 11606.2 9623.82 8773.8 8768.24 8455.42 7987.61 7890.49 7720.37 6999.03 7258.39 6912.46 6498.17 6156.83 5860.98 5841.59 5781.17 5600.77 5466.54 5489.19 5394.63 5271.7
threshold=221.58750000000003 176.47750000000005 266.60500000000008 132.64125000000004 305.02000000000004 244.20000000000002 197.00875000000005 91.300000000000011 197.75250000000003 155.00500000000002 193.00125000000003 228.57250000000002 229.01000000000002 222.00250000000003 215.31125000000003 264.00250000000005 207.00125000000003 18.500000000000004 15.500000000000002 19.500000000000004 7.5000000000000009 16.500000000000004 4.5000000000000009 19.500000000000004 284.37750000000011 197.75250000000003 7.5000000000000009 5.5000000000000009 19.500000000000004 15.500000000000002
decision_type=2 2 2 2 2 2 2 2 2 2 2 2 2 2 2 2 2 2 2 2 2 2 2 2 2 2 2 2 2 2
left_child=1 3 5 7 12 14 16 25 9 20 -9 17 -4 -7 -2 -6 28 18 -8 21 22 -14 -5 -17 -15 -1 27 -11 29 -3
right_child=2 6 4 8 15 13 11 10 -10 26 -12 -13 19 24 -16 23 -18 -19 -20 -21 -22 -23 -24 -25 -26 -27 -28 -29 -30 -31
leaf_value=-0.81095283676225416 0.19072754767137601 -0.11694449485708087 0.61055409526590054 -0.35939565091918041 0.89378695496741478 0.36577078826349446 -0.002883458063898212 -0.50191635041832583 -0.48613228794166591 -0.23769736835801064 -0.85623348732816362 -0.12768742070348707 0.36084499901390193 0.22064300229280753 0.074190976338346065 0.6792102363191348 -0.25536687655376161 -0.10039818738046931 0.14630376728211786 0.29333801270886978 -0.43815532159350046 0.50353399214924832 -0.18752007812378346 0.51512259589810383 0.034965814905668489 -1.3598822309325138 -0.26919607786823946 -0.034808036642277551 -0.24205173232969812 0.063975567641273601
leaf_weight=104 1938 3755 406 1457 221 956 4779 2584 1079 784 207 1724 2049 4527 6094 904 1330 1448 983 1896 1414 1198 752 1356 462 84 3549 580 763 451
leaf_count=104 1938 3755 406 1457 221 956 4779 2584 1079 784 207 1724 2049 4527 6094 904 1330 1448 983 1896 1414 1198 752 1356 462 84 3549 580 763 451
internal_value=0.000594678 -0.208916 0.265512 -0.368701 0.45538 0.156431 -0.0768115 -0.561518 -0.308961 -0.286566 -0.528195 -0.026357 0.386855 0.229551 0.102309 0.608641 -0.148372 -0.0021276 0.022568 0.369196 -0.354459 0.413491 -0.300885 0.580758 0.203449 -1.05622 -0.236499 -0.151425 -0.119734 -0.0975448
internal_weight=49834 27827 22007 12594 8030 13977 15233 2979 9615 8536 2791 8934 5549 5945 8032 2481 6299 7210 5762 5143 3623 3247 2209 2260 4989 188 4913 1364 4969 4206
internal_count=49834 27827 22007 12594 8030 13977 15233 2979 9615 8536 2791 8934 5549 5945 8032 2481 6299 7210 5762 5143 3623 3247 2209 2260 4989 188 4913 1364 4969 4206
is_linear=0
shrinkage=0.05


Tree=46
num_leaves=31
num_cat=0
split_feature=6 6 4 4 4 4 4 6 6 4 4 4 4 1 1 1 3 6 1 3 7 4 5 7 4 4 4 4 4 7
split_gain=460597 116346 44994.2 41971.1 20651.4 20853.8 16742 15315.2 11453.6 9252.56 9295.02 6038.76 5589.62 5533.88 6346.73 6103.86 4540.73 4075.97 3832.81 3885.49 3733.66 3655.07 4185.71 3428.99 3412.32 4913.33 4359.42 3280.85 2994.07 2940.25
threshold=196.34250000000003 251.38125000000002 4.5000000000000009 16.500000000000004 20.500000000000004 15.500000000000002 19.500000000000004 158.51500000000001 222.53375000000003 8.5000000000000018 5.5000000000000009 15.500000000000002 5.5000000000000009 3.5000000000000004 10.500000000000002 8.5000000000000018 1.0000000180025095e-35 175.00750000000002 4.5000000000000009 1.0000000180025095e-35 116.92250000000001 16.500000000000004 1.0000000180025095e-35 91.300000000000011 19.500000000000004 16.500000000000004 17.500000000000004 8.5000000000000018 19.500000000000004 106.59625000000001
decision_type=2 2 2 2 2 2 2 2 2 2 2 2 2 2 2 2 2 2 2 2 2 2 2 2 2 2 2 2 2 2
left_child=2 8 7 20 5 9 -5 23 12 10 -4 -10 -2 16 15 29 -11 -6 24 -20 -3 22 -7 -1 25 27 -27 -14 -23 -15
right_child=1 3 4 6 17 21 -8 -9 11 13 -12 -13 18 14 -16 -17 -18 -19 19 -21 -22 28 -24 -25 -26 26 -28 -29 -30 -31
leaf_value=0.077341008186340335 -0.07246216548376061 -0.31064771608390074 -0.19620250104919365 0.41996957780046851 -0.34610398127752806 -0.19154616941307342 0.25944043732269362 -0.16812632048547471 0.0565020746292135 -0.19481363306601812 -0.03164851243366109 0.14341672487913962 0.041353241134138935 0.3358035783557331 -0.23625606127305199 0.11640056614419125 -0.32763231213522448 -0.20178822793763029 0.083153462113823517 -0.020626903007295899 0.13711318048513915 0.19963111369299155 0.05201306398759814 -0.38251016644477231 -0.11299489225989941 0.24483906969867661 0.019678579464166734 -0.10625977894607275 -0.049296925801318142 -0.13325674844098395
leaf_weight=41 1897 47 1300 2723 1345 248 4025 1151 6994 2180 2525 2798 645 34 1171 302 913 769 3167 1261 4936 493 611 3604 732 335 600 904 160 1923
leaf_count=41 1897 47 1300 2723 1345 248 4025 1151 6994 2180 2525 2798 645 34 1171 302 913 769 3167 1261 4936 493 611 3604 732 335 600 904 160 1923
internal_value=0.000564944 0.118725 -0.194988 0.242947 -0.149636 -0.123974 0.324218 -0.327129 0.0433487 -0.149317 -0.0875754 0.0813374 0.00436073 -0.185522 -0.14179 -0.0928209 -0.234019 -0.293607 0.0234258 0.053599 0.13289 0.0494756 -0.0183044 -0.377338 -0.0181188 0.00983987 0.100351 -0.0447941 0.138638 -0.125108
internal_weight=49834 31064 18770 11731 13974 11860 6748 4796 19333 10348 3825 9792 9541 6523 3430 2259 3093 2114 7644 4428 4983 1512 859 3645 3216 2484 935 1549 653 1957
internal_count=49834 31064 18770 11731 13974 11860 6748 4796 19333 10348 3825 9792 9541 6523 3430 2259 3093 2114 7644 4428 4983 1512 859 3645 3216 2484 935 1549 653 1957
is_linear=0
shrinkage=0.05


Tree=47
num_leaves=31
num_cat=0
split_feature=8 8 8 8 8 8 8 7 6 8 6 6 6 6 6 6 8 6 6 4 4 4 4 4 0 4 0 0 0 4
split_gain=941997 214412 145176 51182.1 26487 21751.2 19935.4 16946 16715.6 12380.5 10360.2 9738.94 9198.37 8782.54 8460.08 7323.95 6916.67 6855.81 6797.36 6273.88 6638.67 6240.26 7642.66 6212.04 6086.11 5619.6 5363.47 5002.74 4982.94 4846.97
threshold=224.00250000000003 176.47750000000005 275.58750000000003 127.92875000000002 251.25125000000003 203.74375000000003 308.50625000000008 193.25500000000002 197.75250000000003 154.13500000000002 263.00375000000003 215.31125000000003 215.85375000000002 187.77250000000004 259.79750000000007 260.5437500000001 91.300000000000011 177.10125000000008 276.00750000000005 18.500000000000004 16.500000000000004 18.500000000000004 15.500000000000002 7.5000000000000009 26.468750000000004 4.5000000000000009 28.931250000000002 28.223750000000006 18.726250000000004 7.5000000000000009
decision_type=2 2 2 2 2 2 2 2 2 2 2 2 2 2 2 2 2 2 2 2 2 2 2 2 2 2 2 2 2 2
left_child=1 3 4 7 10 11 14 -1 9 23 17 21 -6 -7 -4 -15 -9 -2 -8 20 -14 22 28 25 -19 -5 -20 -16 -3 -11
right_child=2 5 6 8 12 13 18 16 -10 29 -12 -13 19 15 27 -17 -18 24 26 -21 -22 -23 -24 -25 -26 -27 -28 -29 -30 -31
leaf_value=-0.4968348181958131 0.35939475800160592 0.097004599851604159 0.52757429018159185 -0.34052260721935562 0.45928039847175123 0.14954371367532321 0.82741567680710237 -1.277445137816317 -0.47358734862459539 -0.13935099505976323 -0.034483565868706344 -0.23489998024308179 0.23989448201540778 -0.011511012697169599 0.32426952088391342 -0.25980115903450113 -0.74802719802326623 0.069056115493773856 0.51425872133226602 0.13981474371032551 0.42705423065278963 -0.20394391585573912 0.077246552926921813 -0.41946337766508662 0.16026998101528575 -0.18424033515525207 0.75987211948679401 0.47624835043741376 -0.10852958088926477 -0.24759884278908478
leaf_weight=2073 328 314 912 1737 503 829 247 85 1117 1442 1008 1517 3172 6601 2628 311 225 2927 1605 1287 557 1109 726 1399 4874 860 258 682 4845 3656
leaf_count=2073 328 314 912 1737 503 829 247 85 1117 1442 1008 1517 3172 6601 2628 311 225 2927 1605 1287 557 1109 726 1399 4874 860 258 682 4845 3656
internal_value=0.000536697 -0.184891 0.255389 -0.339745 0.168953 -0.0648913 0.455454 -0.548396 -0.291051 -0.268631 0.116713 -0.120057 0.25544 -0.00423855 0.392736 -0.0226826 -0.89319 0.135461 0.58095 0.234999 0.26785 -0.0951472 -0.0746449 -0.334525 0.126046 -0.28877 0.548273 0.355584 -0.0960198 -0.21698
internal_weight=49834 28846 20988 12594 14656 16252 6332 2383 10211 9094 9137 8511 5519 7741 4222 6912 310 8129 2110 5016 3729 6994 5885 3996 7801 2597 1863 3310 5159 5098
internal_count=49834 28846 20988 12594 14656 16252 6332 2383 10211 9094 9137 8511 5519 7741 4222 6912 310 8129 2110 5016 3729 6994 5885 3996 7801 2597 1863 3310 5159 5098
is_linear=0
shrinkage=0.05


Tree=48
num_leaves=31
num_cat=0
split_feature=6 6 4 4 0 4 4 0 0 4 1 4 0 1 4 0 4 0 4 1 0 1 0 0 0 0 1 1 1 4
split_gain=372987 93525.5 37541 34653.9 25017.1 17670.6 17872.1 14355 12076.5 18621.7 9073.6 8127.7 16775 8518.63 7894.75 7035.52 6913.94 6862.19 8610.42 5969.13 5538.48 5058.57 4599.13 4261.81 4243.4 3809.19 3391.67 3144.85 4458.06 3129.48
threshold=196.34250000000003 251.38125000000002 4.5000000000000009 16.500000000000004 27.158750000000005 20.500000000000004 15.500000000000002 21.272500000000004 25.358750000000004 16.500000000000004 4.5000000000000009 8.5000000000000018 29.723749999999999 4.5000000000000009 5.5000000000000009 25.393750000000004 19.500000000000004 31.453750000000003 8.5000000000000018 5.5000000000000009 27.561250000000005 6.5000000000000009 34.328750000000007 26.188750000000002 21.272500000000004 25.471250000000001 4.5000000000000009 4.5000000000000009 10.500000000000002 6.5000000000000009
decision_type=2 2 2 2 2 2 2 2 2 2 2 2 2 2 2 2 2 2 2 2 2 2 2 2 2 2 2 2 2 2
left_child=2 8 7 15 21 6 11 -1 29 17 -9 14 -13 -14 -4 -3 -6 18 20 -20 -10 -5 -15 -12 -7 -23 -19 -26 -29 -2
right_child=1 3 5 4 16 24 -8 10 9 -11 23 12 13 22 -16 -17 -18 26 19 -21 -22 25 -24 -25 27 -27 -28 28 -30 -31
leaf_value=-0.35347693299937816 -0.063314423039614515 -0.053097554605027714 -0.17600682461679054 0.12382124048585604 0.46804344702431067 -0.30917199554008112 0.050270025911410658 -0.29596015601752484 0.027328405061930374 0.211396991870755 -0.089480466945386167 -0.22591897292091045 -0.14026427616810008 0.029904982132965024 -0.024353332321015466 0.13881545690755501 0.31187177576254443 0.013983989563652724 -0.15174199916423825 -0.00027277038318417447 0.14151764315322571 0.14428952263956349 0.50925105292842077 0.27858863366804387 -0.21997634788259252 0.28252202353636596 0.15604963229528115 0.27895079888831614 -0.2812793787320455 0.0094396638726305
leaf_weight=3333 2320 535 1300 1214 1691 1565 1512 698 2818 1905 676 4271 1303 896 2525 4448 1220 561 800 3479 1704 669 53 89 402 1954 1673 87 60 4073
leaf_count=3333 2320 535 1300 1214 1691 1565 1512 698 2818 1905 676 4271 1303 896 2525 4448 1220 561 800 3479 1704 669 53 89 402 1954 1673 87 60 4073
internal_value=0.000509862 0.10684 -0.175465 0.218215 0.292063 -0.134039 -0.110301 -0.296166 0.0392593 0.0670357 -0.165601 -0.133763 -0.167696 -0.0572732 -0.0758957 0.118211 0.402592 0.0421143 0.0222492 -0.0285914 0.0703577 0.208209 0.0566756 -0.0466594 -0.267215 0.247266 0.120374 -0.147611 0.0502854 -0.0169626
internal_weight=49834 31064 18770 11731 6748 13974 11860 4796 19333 12940 1463 10348 6523 2252 3825 4983 2911 11035 8801 4279 4522 3837 949 765 2114 2623 2234 549 147 6393
internal_count=49834 31064 18770 11731 6748 13974 11860 4796 19333 12940 1463 10348 6523 2252 3825 4983 2911 11035 8801 4279 4522 3837 949 765 2114 2623 2234 549 147 6393
is_linear=0
shrinkage=0.05


Tree=49
num_leaves=31
num_cat=0
split_feature=8 8 8 8 8 8 8 6 8 8 6 6 6 6 6 6 6 6 8 6 0 6 1 0 6 8 8 6 7 6
split_gain=801698 169066 133833 39994.1 26512.6 21972.4 17157.5 15972.6 12846.1 10989.6 10497.5 9571.17 9365.18 9299.88 9095.02 7023.55 5978.47 5944.6 5787.85 5586.58 5192.59 5146.69 5135.14 4508.07 4405.05 3865.94 3625.52 3463.88 3362.95 3311.3
threshold=221.58750000000003 171.48250000000004 275.58750000000003 122.17000000000002 251.25125000000003 195.00375000000003 312.00250000000005 197.75250000000003 91.300000000000011 151.35375000000002 259.01625000000007 228.00500000000002 259.01625000000007 207.00125000000003 233.75750000000002 170.75250000000003 185.00125000000003 270.00125000000008 237.50500000000002 143.30750000000003 28.223750000000006 198.95375000000004 4.5000000000000009 29.783750000000001 162.50375000000003 208.84625000000003 152.45750000000001 264.00250000000005 190.00125000000003 154.00125000000003
decision_type=2 2 2 2 2 2 2 2 2 2 2 2 2 2 2 2 2 2 2 2 2 2 2 2 2 2 2 2 2 2
left_child=1 3 4 8 10 13 14 9 22 -5 15 16 21 24 -4 -2 28 -8 -17 -10 -16 -6 -1 -19 -3 -18 -9 -13 -7 -24
right_child=2 5 6 7 12 11 17 26 19 -11 -12 27 -14 -15 20 18 25 23 -20 -21 -22 -23 29 -25 -26 -27 -28 -29 -30 -31
leaf_value=-0.69689108186534476 0.36160948689717637 -0.016980860173528799 0.6247506166390222 -0.32604107386226988 0.49901536833356935 0.20535355814289513 0.85379139308134722 -0.60954204466839079 -0.44982452779235144 -0.21329335255716259 -0.032928912946547227 -0.098472578932828264 0.15741774942674225 -0.26409472410995244 0.32089653267758317 0.077449432470398885 -0.062164173233598477 0.50346119484582497 0.16134971066253656 -0.67851124425896081 0.45616578997174906 0.27109171159429296 -1.6383996502045663 0.85509458718840614 -0.13543827993216717 0.015451288230942882 -0.40797720805087406 -0.28099820702411116 0.035915697054429485 -1.0001604896733316
leaf_weight=98 289 937 323 4195 270 454 150 358 1060 4458 1301 1533 2253 1303 3351 5141 3125 1511 3425 357 900 2996 31 97 4832 3297 592 313 825 59
leaf_count=98 289 937 323 4195 270 454 150 358 1060 4458 1301 1533 2253 1303 3351 5141 3125 1511 3425 357 900 2996 31 97 4832 3297 592 313 825 59
internal_value=0.000484369 -0.17786 0.225994 -0.327934 0.147626 -0.0766493 0.419995 -0.28932 -0.558964 -0.267954 0.0996903 -0.0271677 0.235837 -0.143448 0.36897 0.119175 -0.00265669 0.552755 0.110996 -0.50744 0.349535 0.289934 -0.947315 0.524673 -0.116198 -0.0223171 -0.483935 -0.129421 0.0960602 -1.22
internal_weight=49834 27827 22007 11208 15675 16619 6332 9603 1605 8653 10156 9547 5519 7072 4574 8855 7701 1758 8566 1417 4251 3266 188 1608 5769 6422 950 1846 1279 90
internal_count=49834 27827 22007 11208 15675 16619 6332 9603 1605 8653 10156 9547 5519 7072 4574 8855 7701 1758 8566 1417 4251 3266 188 1608 5769 6422 950 1846 1279 90
is_linear=0
shrinkage=0.05


Tree=50
num_leaves=31
num_cat=0
split_feature=7 4 0 0 1 1 4 4 0 4 1 4 0 4 0 4 4 7 0 0 0 7 4 0 1 3 0 1 0 4
split_gain=207939 74543.7 49362.3 44251.9 37749.1 26114.4 19335.7 18573.1 15714.9 13956.7 11459.1 16834.3 11167.3 10660.2 19862.6 7662.66 7054.96 6858.3 6536.39 6258.68 6146.02 6063.53 5533.04 6663.54 5436.38 5361.44 5175.1 4765.21 4709.52 3994.05
threshold=200.07250000000002 15.500000000000002 21.272500000000004 25.158750000000001 4.5000000000000009 10.500000000000002 4.5000000000000009 20.500000000000004 26.291250000000002 17.500000000000004 8.5000000000000018 16.500000000000004 27.086250000000003 7.5000000000000009 29.723749999999999 5.5000000000000009 17.500000000000004 164.24875000000003 31.621250000000003 23.078750000000003 32.631250000000009 243.25250000000003 3.5000000000000004 22.303750000000004 6.5000000000000009 1.0000000180025095e-35 26.941250000000007 5.5000000000000009 26.468750000000004 8.5000000000000018
decision_type=2 2 2 2 2 2 2 2 2 2 2 2 2 2 2 2 2 2 2 2 2 2 2 2 2 2 2 2 2 2
left_child=2 8 6 16 17 9 -1 15 22 18 11 -5 -13 -10 29 -8 -3 -4 -6 -18 24 -14 23 -2 -16 -20 -12 28 -11 -15
right_child=1 3 4 10 5 -7 7 -9 13 27 26 12 21 14 20 -17 19 -19 25 -21 -22 -23 -24 -25 -26 -27 -28 -29 -30 -31
leaf_value=-0.31758701764940217 -0.25717262446851236 0.19594595005156826 -0.20616167475160069 -0.030623152979032332 0.030595687982363218 -0.16498198609730358 -0.20628651425233155 -0.2843297420816629 0.14052977031177313 0.35104867745848267 0.26138833707111425 0.15671618716455782 0.19219784156236519 0.023833688546138366 -0.037043749744150659 -0.0035469568351646076 -0.058368602508842182 -0.1051038149916618 0.30945401389086075 0.08412261018239145 0.16737139239584423 0.34281748304659804 -0.10332083048621177 0.011604002582558916 0.088776369688872467 0.041744431388190763 0.41005262722217062 0.23575598533987208 0.95357979113055813 -0.11674843818253799
leaf_weight=3311 248 555 2792 688 3707 1408 653 1587 2596 68 1230 2708 973 661 1276 1628 1801 4211 425 1347 1477 2133 2602 3287 2624 334 1117 169 62 2144
leaf_count=3311 248 555 2792 688 3707 1408 653 1587 2596 68 1230 2708 973 661 1276 1628 1801 4211 425 1347 1477 2133 2602 3287 2624 334 1117 169 62 2144
internal_value=-0.000508005 0.0843896 -0.12341 0.176708 -0.0659362 0.0242054 -0.228896 -0.152976 0.0158837 0.080108 0.237439 0.203254 0.23093 0.0522499 0.0242403 -0.0615868 0.0315802 -0.145394 0.0579666 0.00260207 0.0805075 0.295634 -0.0479839 -0.00725218 0.0476106 0.191648 0.332142 0.410823 0.63841 -0.0836202
internal_weight=49822 29467 20355 12552 13176 6173 7179 3868 16915 4765 8849 6502 5814 10778 8182 2281 3703 7003 4466 3148 5377 3106 6137 3535 3900 759 2347 299 130 2805
internal_count=49822 29467 20355 12552 13176 6173 7179 3868 16915 4765 8849 6502 5814 10778 8182 2281 3703 7003 4466 3148 5377 3106 6137 3535 3900 759 2347 299 130 2805
is_linear=0
shrinkage=0.05


Tree=51
num_leaves=31
num_cat=0
split_feature=8 8 8 8 8 7 6 8 8 6 6 6 6 6 8 7 6 6 8 8 6 6 8 8 6 6 6 6 7 7
split_gain=686593 161392 98506.4 40069.1 19718.3 18317.9 16565.9 15085.2 13269.7 11389.4 10049.6 9634.49 8567.55 8413.74 7444.83 5997.97 5735.61 5511.39 5501.45 5454.67 5048.78 4949.7 4929.18 4879.26 4374.03 3998.9 3841.95 3818.22 6474.96 3616.11
threshold=225.50500000000002 178.50125000000003 278.76250000000005 138.25125000000003 251.96000000000001 197.00875000000005 200.67750000000004 204.75125000000003 312.00250000000005 237.75250000000003 214.85750000000004 256.93000000000006 229.01000000000002 260.5437500000001 91.300000000000011 237.00500000000002 165.52500000000003 176.47750000000005 115.01750000000001 161.75500000000002 179.12500000000003 125.01750000000001 343.17750000000007 91.300000000000011 277.04750000000007 216.31625000000003 279.24500000000006 154.00125000000003 236.25375000000003 192.00125000000003
decision_type=2 2 2 2 2 2 2 2 2 2 2 2 2 2 2 2 2 2 2 2 2 2 2 2 2 2 2 2 2 2
left_child=1 3 4 5 9 18 19 10 13 17 16 25 20 -4 27 22 -3 -2 21 29 -9 23 -10 -1 -14 -6 -11 -7 -29 -5
right_child=2 7 8 6 11 14 -8 12 15 26 -12 -13 24 -15 -16 -17 -18 -19 -20 -21 -22 -23 -24 -25 -26 -27 -28 28 -30 -31
leaf_value=0.28624390761057533 0.35929988078385983 0.046635866307225583 0.49151202353631485 -0.22934477582782567 0.4123451011885817 -1.5231659070865529 -0.41701551184253322 0.18010949509273663 0.64605390870775792 0.056959472373455694 -0.20674075631353764 0.15752943365936101 -0.070870900066311887 0.31085277138108452 -0.62244547185957788 0.47226826722489773 -0.087461131364151734 0.14107508643576391 -0.35281117072856483 -0.16417876195230072 0.014994839538915242 -0.69527995668011588 1.2824285863127027 -0.45169911015601394 -0.34246299757959292 0.26003317522544478 -0.10489613738623571 -0.41358271316858009 -1.543487153450648 -0.37752439323924081
leaf_weight=24 308 925 805 3923 520 37 1050 505 233 3266 1649 2800 1638 3232 343 1493 5781 4773 2731 4006 5563 241 35 336 163 2516 413 32 21 460
leaf_count=24 308 925 805 3923 520 37 1050 505 233 3266 1649 2800 1638 3232 343 1493 5781 4773 2731 4006 5563 241 35 336 163 2516 413 32 21 460
internal_value=-0.000482605 -0.155001 0.222483 -0.284796 0.153225 -0.422708 -0.229786 -0.0493668 0.396836 0.10579 -0.0961568 0.224425 0.000313075 0.346877 -0.728646 0.511364 -0.0689643 0.154303 -0.38295 -0.206351 0.0287363 -0.519906 0.729163 -0.402503 -0.0954514 0.286121 0.0387898 -1.13339 -0.861281 -0.244896
internal_weight=49822 29428 20394 13204 14596 3765 9439 16224 5798 8760 8355 5836 7869 4037 433 1761 6706 5081 3332 8389 6068 601 268 360 1801 3036 3679 90 53 4383
internal_count=49822 29428 20394 13204 14596 3765 9439 16224 5798 8760 8355 5836 7869 4037 433 1761 6706 5081 3332 8389 6068 601 268 360 1801 3036 3679 90 53 4383
is_linear=0
shrinkage=0.05


Tree=52
num_leaves=31
num_cat=0
split_feature=8 8 8 8 8 8 8 6 6 6 7 6 6 6 6 8 8 4 4 6 6 4 4 6 4 4 8 6 4 4
split_gain=619997 125610 108673 25609.9 24987.8 19108.4 14681.5 14133.4 9774.04 9601.66 9125.2 8640.12 8462.91 8414.02 8013.38 7824.34 6897.05 6225.26 11251.5 7464.58 5783.58 5773.09 5564.99 5517.1 5434.1 4473.18 4112.88 3948.21 3907.88 3902.15
threshold=215.39125000000004 260.00500000000005 162.50375000000003 298.00625000000008 115.01750000000001 187.77625000000003 238.75250000000003 179.80250000000004 201.87750000000003 238.30750000000003 155.75500000000002 232.00750000000002 245.00250000000003 263.00375000000003 265.01000000000005 139.74500000000003 343.17750000000007 18.500000000000004 15.500000000000002 201.87750000000003 312.48875000000004 3.5000000000000004 7.5000000000000009 170.00125000000003 19.500000000000004 18.500000000000004 147.36375000000001 216.31625000000003 19.500000000000004 5.5000000000000009
decision_type=2 2 2 2 2 2 2 2 2 2 2 2 2 2 2 2 2 2 2 2 2 2 2 2 2 2 2 2 2 2
left_child=2 6 4 13 10 8 9 15 -4 23 -1 -8 17 27 -5 -6 -16 18 19 -7 -18 -12 29 -2 -15 -13 -9 -3 -11 -17
right_child=1 3 5 14 7 12 11 26 -10 28 21 25 -14 24 16 22 20 -19 -20 -21 -22 -23 -24 -25 -26 -27 -28 -29 -30 -31
leaf_value=-0.45980145927112598 0.30452548743969254 0.48224816699499684 -0.13356647540329944 0.67005491031401132 -0.32570475546437194 0.0063772468487014499 0.23214724342512594 -0.56328394425716755 -0.29067388221566209 -0.020101259976304801 -1.5095981553748803 0.13207650124880768 -0.2207887357530158 0.25887193064806019 0.39081890901794858 -0.1953634630809637 1.4745113177732989 -0.12927218113613265 0.13003906607967772 -0.10574152150892809 0.60639928205808014 -0.73985253742271406 -0.27711327697127197 0.06861871739137633 0.12983845700921481 0.0025507453763293046 -0.36948538589694802 0.30603200074653902 -0.23870750354366022 -0.025882512412904797
leaf_weight=523 258 369 6067 332 2867 3264 2041 489 1183 1978 27 3471 679 2292 2681 1602 22 1519 1090 2723 150 249 1986 6293 1267 825 622 2294 228 431
leaf_count=523 258 369 6067 332 2867 3264 2041 489 1183 1978 27 3471 679 2292 2681 1602 22 1519 1090 2723 150 249 1986 6293 1267 825 622 2294 228 431
internal_value=-0.000458474 0.178851 -0.173961 0.322257 -0.315938 -0.0983886 0.0894762 -0.2893 -0.159202 0.0475276 -0.582551 0.147444 -0.0508524 0.263232 0.437564 -0.262601 0.41051 -0.0374291 -0.017716 -0.0446165 0.717437 -0.815154 -0.217585 0.0779095 0.212936 0.107202 -0.454785 0.330449 -0.0426952 -0.159433
internal_weight=49822 24501 25321 9407 8796 16525 15094 7997 7250 8757 799 6337 9275 6222 3185 6886 2853 8596 7077 5987 172 276 4019 6551 3559 4296 1111 2663 2206 2033
internal_count=49822 24501 25321 9407 8796 16525 15094 7997 7250 8757 799 6337 9275 6222 3185 6886 2853 8596 7077 5987 172 276 4019 6551 3559 4296 1111 2663 2206 2033
is_linear=0
shrinkage=0.05


Tree=53
num_leaves=31
num_cat=0
split_feature=8 8 8 8 8 8 8 8 8 4 4 4 4 4 4 4 4 4 0 4 0 4 4 4 4 8 1 4 4 4
split_gain=561511 131797 81548.3 32846.1 19076.9 12454.7 12391.7 9089.72 8426.8 8184.7 7846.05 7262.12 6878.54 6359.86 6056.53 5414.18 6320.34 5344.66 6854.9 6017.96 5183.64 7447.28 4669.43 3601.67 3557.46 3497.43 3264.55 8020.58 3255.75 3115.93
threshold=225.50500000000002 178.50125000000003 283.75500000000005 127.92875000000002 254.19500000000002 91.300000000000011 204.75125000000003 330.40500000000003 152.45750000000001 6.5000000000000009 19.500000000000004 18.500000000000004 5.5000000000000009 16.500000000000004 18.500000000000004 18.500000000000004 5.5000000000000009 18.500000000000004 21.106250000000006 4.5000000000000009 24.686250000000005 18.500000000000004 7.5000000000000009 17.500000000000004 1.5000000000000002 308.50625000000008 4.5000000000000009 4.5000000000000009 15.500000000000002 15.500000000000002
decision_type=2 2 2 2 2 2 2 2 2 2 2 2 2 2 2 2 2 2 2 2 2 2 2 2 2 2 2 2 2 2
left_child=1 3 4 5 10 26 17 14 9 24 12 13 -2 -6 25 16 -8 18 -3 -20 21 28 -7 -9 -5 -4 -1 -28 -10 -21
right_child=2 6 7 8 11 22 15 23 20 -11 -12 -13 -14 -15 -16 -17 -18 -19 19 29 -22 -23 -24 -25 -26 -27 27 -29 -30 -31
leaf_value=-0.61098217793774834 0.040887589614743286 0.070441739317897184 0.39227476073935147 -0.31370847643923777 0.22304680092465717 -0.36066780181764574 -0.068623740241150019 1.2112939698355538 -0.11909581006245029 -0.36950075138639843 -0.033254327042464747 0.12732558799976679 0.14257316568883577 0.38974995438536258 0.30888303297296604 -0.0885681142816062 0.047361353126425851 -0.1809663609552235 -0.21713479682076675 -0.084582215978807343 -0.22794405692819125 -0.27188342727310405 -0.5691868126095766 0.54332203708906124 -0.18360376696865635 0.574494702570433 -1.9026102590560914 -0.77726241223710157 0.052865421141707863 0.021265610471977305
leaf_weight=108 2264 773 1288 749 3447 1852 1543 21 2090 1519 988 1676 6266 686 2910 1407 4919 1284 782 4700 3591 808 314 517 1760 331 20 76 317 816
leaf_count=108 2264 773 1288 749 3447 1852 1543 21 2090 1519 988 1676 6266 686 2910 1407 4919 1284 782 4700 3591 808 314 517 1760 331 20 76 317 816
internal_value=-0.000435551 -0.140172 0.2012 -0.257464 0.143713 -0.426072 -0.044713 0.375092 -0.22058 -0.2779 0.100134 0.215116 0.115584 0.250716 0.352011 0.000313728 0.0196664 -0.0871206 -0.0700794 -0.0873266 -0.186656 -0.140539 -0.390896 0.569395 -0.222443 0.429529 -0.79956 -1.01171 -0.0964487 -0.0689238
internal_weight=49822 29428 20394 13204 15327 2370 16224 5067 10834 4028 9518 5809 8530 4133 4529 7869 6462 8355 7071 6298 6806 3215 2166 538 2509 1619 204 96 2407 5516
internal_count=49822 29428 20394 13204 15327 2370 16224 5067 10834 4028 9518 5809 8530 4133 4529 7869 6462 8355 7071 6298 6806 3215 2166 538 2509 1619 204 96 2407 5516
is_linear=0
shrinkage=0.05


Tree=54
num_leaves=31
num_cat=0
split_feature=7 4 0 0 1 1 4 4 0 1 4 4 4 0 4 0 4 0 0 4 7 0 1 7 0 3 4 4 0 4
split_gain=129882 53172.2 32678.5 29359.5 25639.5 18624.2 13695.4 15759.1 11926.5 8214.97 14127.8 8203.22 8042.18 15250.4 6162.69 7499.54 6038.02 5193.39 4972.96 4874.43 4485.96 4306.02 4165.82 4097.72 3554.05 3420.19 3349.22 3712.32 3900.4 3573.76
threshold=200.07250000000002 15.500000000000002 21.106250000000006 25.781250000000004 4.5000000000000009 8.5000000000000018 4.5000000000000009 19.500000000000004 26.291250000000002 8.5000000000000018 16.500000000000004 17.500000000000004 8.5000000000000018 29.723749999999999 17.500000000000004 23.078750000000003 5.5000000000000009 27.086250000000003 32.631250000000009 18.500000000000004 164.24875000000003 31.621250000000003 5.5000000000000009 243.25250000000003 26.468750000000004 1.0000000180025095e-35 7.5000000000000009 15.500000000000002 29.783750000000001 19.500000000000004
decision_type=2 2 2 2 2 2 2 2 2 2 2 2 2 2 2 2 2 2 2 2 2 2 2 2 2 2 2 2 2 2
left_child=2 8 6 14 20 11 -1 16 -2 10 -5 21 -10 -14 -3 -16 -8 -12 25 -11 -4 -6 24 -19 -13 -15 -22 28 -28 -29
right_child=1 3 4 9 5 -7 7 -9 12 19 17 22 13 18 15 -17 -18 23 -20 -21 26 -23 -24 -25 -26 -27 27 29 -30 -31
leaf_value=-0.25921811283051244 -0.046814467563300308 0.18953156758246659 -0.16516454449426735 -0.03830572851478075 0.044996487163556427 -0.086109847087374278 -0.15322438380520342 -0.23091522328403077 0.10115120335200123 0.37380987955697792 0.14292716481624235 0.30908020042321266 -0.10183798425574125 0.055648104694676626 -0.052546379321450912 0.083813231708496139 0.03127757905099024 0.15934959406437321 0.1351200502467273 0.2134085168051838 0.020199874298350136 0.18901175674746964 0.17434502611686659 0.28316933639267106 0.83250374875722388 -0.054548608412601153 -0.17519572081381138 0.074321322352113209 -0.049380556475015207 -0.12910026623904214
leaf_weight=3278 6137 650 2825 685 2883 2400 645 1732 3627 962 2124 68 2144 2576 1801 2291 1419 973 1462 933 654 633 154 2133 62 969 1780 500 942 380
leaf_count=3278 6137 650 2825 685 2883 2400 645 1732 3627 962 2124 68 2144 2576 1801 2291 1419 973 1462 933 654 633 154 2133 62 969 1780 500 942 380
internal_value=-0.000413773 0.066683 -0.0975467 0.144652 -0.0513104 0.0229335 -0.184352 -0.119703 0.00882482 0.204238 0.175213 0.0918029 0.0405059 0.00974644 0.0465153 0.0237977 -0.0263793 0.203179 0.0575269 0.294837 -0.116317 0.0709242 0.350288 0.244381 0.558713 0.0255266 -0.0838937 -0.102794 -0.131655 -0.0135198
internal_weight=49822 29467 20355 12552 13281 6200 7074 3796 16915 7810 5915 3800 10778 7151 4742 4092 2064 5230 5007 1895 7081 3516 284 3106 130 3545 4256 3602 2722 880
internal_count=49822 29467 20355 12552 13281 6200 7074 3796 16915 7810 5915 3800 10778 7151 4742 4092 2064 5230 5007 1895 7081 3516 284 3106 130 3545 4256 3602 2722 880
is_linear=0
shrinkage=0.05


Tree=55
num_leaves=31
num_cat=0
split_feature=8 8 8 8 6 8 6 6 8 8 8 6 6 8 6 6 6 4 8 4 4 4 4 6 4 4 4 7 6 6
split_gain=482720 115541 65360.6 30847.5 17362.7 15125.2 13365.4 11228.2 10777.2 10634.3 9792.39 7929.18 7555.14 7056.37 6591.66 6250.1 6223.78 5519.38 5277.11 4566.1 9259.01 4526.83 4947.42 4886.2 4038.41 4554.31 3912.76 3561.81 6827.29 5984.8
threshold=226.52750000000003 179.13250000000002 265.70625000000001 120.76625000000001 209.96500000000003 299.41000000000003 259.79750000000007 216.87750000000003 148.42750000000004 204.75125000000003 91.300000000000011 263.00375000000003 283.01000000000005 250.68625000000003 265.01000000000005 166.29750000000004 195.74625000000003 6.5000000000000009 343.17750000000007 5.5000000000000009 7.5000000000000009 7.5000000000000009 5.5000000000000009 167.76500000000001 18.500000000000004 16.500000000000004 3.5000000000000004 223.53625000000002 126.45750000000001 153.01000000000002
decision_type=2 2 2 2 2 2 2 2 2 2 2 2 2 2 2 2 2 2 2 2 2 2 2 2 2 2 2 2 2 2
left_child=1 3 7 10 8 11 9 -2 17 15 27 -4 13 -9 -7 -3 -11 26 -16 -17 -21 22 23 -10 25 -13 -5 28 -1 -30
right_child=2 6 5 4 -6 14 -8 12 21 16 -12 24 -14 -15 18 19 -18 -19 -20 20 -22 -23 -24 -25 -26 -27 -28 -29 29 -31
leaf_value=0.20011780261993409 0.21905807781301345 0.054367678371865714 0.32727986521730934 -0.27450132815120348 -0.41534193379490286 0.61535611821383973 -0.26122455916255882 0.07192501532183565 -0.10684520678731579 0.10760114219745814 -0.40351512829839936 0.19848340560926131 -0.069074271656258734 0.16576453176095185 0.34585205949758963 -0.18525576195393453 -0.0094856860100499957 -0.35782745253591841 0.64100339557073127 0.067136552026205373 -0.098611133856543506 -0.18380721384660567 -0.0043110340295494844 -0.3333151156565205 0.14183855922559865 0.37545975686356653 -0.15692112440026482 -1.0743887335506839 -1.1212990330111596 -0.4237309978572561
leaf_weight=21 2095 879 1921 1646 957 287 651 5943 1087 1371 1185 1187 682 3022 2551 1013 6592 1050 161 1015 4960 4834 867 305 1581 524 1241 67 62 61
leaf_count=21 2095 879 1921 1646 957 287 651 5943 1087 1371 1185 1187 682 3022 2551 1013 6592 1050 161 1015 4960 4834 867 305 1581 524 1241 67 62 61
internal_value=-0.000591714 -0.127815 0.189815 -0.236953 -0.211048 0.298024 -0.0391911 0.114138 -0.193323 -0.0300601 -0.459395 0.246555 0.091353 0.103557 0.387488 -0.0712905 0.0106733 -0.259661 0.363374 -0.0870967 -0.0704548 -0.156501 -0.0980697 -0.156467 0.199449 0.252683 -0.223959 -0.773221 -0.633095 -0.775351
internal_weight=49818 29864 19954 13383 11987 8212 16481 11742 11030 15830 1396 5213 9647 8965 2999 7867 7963 3937 2712 6988 5975 7093 2259 1392 3292 1711 2887 211 144 123
internal_count=49818 29864 19954 13383 11987 8212 16481 11742 11030 15830 1396 5213 9647 8965 2999 7867 7963 3937 2712 6988 5975 7093 2259 1392 3292 1711 2887 211 144 123
is_linear=0
shrinkage=0.05


Tree=56
num_leaves=31
num_cat=0
split_feature=8 8 8 8 8 8 6 6 8 6 6 6 0 6 0 6 8 7 4 4 6 8 4 4 0 6 6 6 4 4
split_gain=435655 105252 59672.1 22966.5 17872.3 15004.1 13639.9 9872.83 9715.05 9483.56 8647.02 8252.38 7314.04 5999.45 5559.22 5384.37 5210.73 6577.77 5174.48 5793.65 4877.32 4458.83 4228.32 3973.55 5117.33 3946.02 3663.07 3617.35 3542.42 4136.06
threshold=226.52750000000003 169.25625000000002 283.75500000000005 112.25375000000001 198.95375000000004 252.50250000000003 179.80250000000004 229.72250000000005 144.50125000000003 206.39500000000004 229.01000000000002 256.93000000000006 28.616250000000004 217.25375000000003 18.913750000000004 189.00125000000003 343.17750000000007 275.05375000000009 18.500000000000004 16.500000000000004 263.00375000000003 148.42750000000004 7.5000000000000009 18.500000000000004 20.641250000000003 272.00375000000008 177.10125000000008 204.17250000000004 18.500000000000004 5.5000000000000009
decision_type=2 2 2 2 2 2 2 2 2 2 2 2 2 2 2 2 2 2 2 2 2 2 2 2 2 2 2 2 2 2
left_child=1 3 5 14 9 7 8 26 -5 23 15 27 13 -4 -1 -6 -15 -18 19 -13 -9 -8 -10 24 -3 -12 -2 -7 29 -17
right_child=2 4 12 6 10 11 21 20 22 -11 25 18 -14 16 -16 28 17 -19 -20 -21 -22 -23 -24 -25 -26 -27 -28 -29 -30 -31
leaf_value=-0.32934544035885188 0.31594919849010616 0.065707686470880211 0.69780755607030731 -0.26448505165099584 0.10753130371118742 0.40746578656125093 -0.48456718178095592 0.066698702977311869 -0.09783160077035552 -0.20474646311565514 -0.069336245331072049 0.13291938430040356 0.45705398094132949 0.28371404298317698 -0.6556843321151089 -0.063738043754826765 1.4544803270271847 0.4142604258927432 0.048177282505161179 0.32705587362842914 -0.055132396533194364 -0.30639274953710721 -0.19559009727763751 -0.16469530741143956 -0.078306588141663372 -0.27001184151873792 0.1349383916998301 0.22824837710529211 -0.07255841728369139 0.04066512062550999
leaf_weight=193 306 698 93 3746 1355 313 518 3953 1860 1848 1958 1608 915 3950 403 1230 21 55 1168 505 1037 1090 2729 1106 5305 280 3227 2803 1398 4147
leaf_count=193 306 698 93 3746 1355 313 518 3953 1860 1848 1958 1608 915 3950 403 1230 21 55 1168 505 1037 1090 2729 1106 5305 280 3227 2803 1398 4147
internal_value=-0.000562128 -0.121424 0.180325 -0.248531 -0.0521051 0.130101 -0.23046 0.0866613 -0.204738 -0.103838 -0.00741271 0.187976 0.329181 0.300776 -0.550007 0.0165447 0.291604 0.70169 0.132633 0.179317 0.0413803 -0.36379 -0.155967 -0.0776066 -0.0615613 -0.0944431 0.150616 0.246251 -0.00165258 0.0167827
internal_weight=49818 29864 19954 10539 19325 14920 9943 8523 8335 8957 10368 6397 5034 4119 596 8130 4026 76 3281 2113 4990 1608 4589 7109 6003 2238 3533 3116 6775 5377
internal_count=49818 29864 19954 10539 19325 14920 9943 8523 8335 8957 10368 6397 5034 4119 596 8130 4026 76 3281 2113 4990 1608 4589 7109 6003 2238 3533 3116 6775 5377
is_linear=0
shrinkage=0.05


Tree=57
num_leaves=31
num_cat=0
split_feature=6 6 4 4 4 4 4 4 4 4 6 4 4 4 4 1 1 7 6 3 1 7 5 4 7 7 4 1 5 4
split_gain=142904 34763.1 17515 15209.6 12661.5 10403.2 8236.16 7889.53 5701.76 4563.45 3213.1 2945.72 3855.24 3793.45 5182.18 3908.21 4759.47 3131.13 2831.27 2703.97 2663.18 2480.57 3981.87 3837.98 2478.26 2198.14 2175.42 2083.91 2053.34 2514.23
threshold=196.34250000000003 250.77250000000004 4.5000000000000009 15.500000000000002 20.500000000000004 15.500000000000002 19.500000000000004 7.5000000000000009 5.5000000000000009 5.5000000000000009 158.51500000000001 7.5000000000000009 11.500000000000002 18.500000000000004 16.500000000000004 4.5000000000000009 6.5000000000000009 254.13125000000002 211.00250000000003 1.0000000180025095e-35 10.500000000000002 251.01000000000002 1.0000000180025095e-35 18.500000000000004 91.300000000000011 106.59625000000001 3.5000000000000004 3.5000000000000004 1.0000000180025095e-35 16.500000000000004
decision_type=2 2 2 2 2 2 2 2 2 2 2 2 2 2 2 2 2 2 2 2 2 2 2 2 2 2 2 2 2 2
left_child=2 8 10 -3 5 7 21 9 26 -4 24 -10 18 14 -14 -15 17 -17 -13 25 -16 -5 -23 -24 -1 -9 -2 -21 29 -7
right_child=1 3 4 6 -6 28 -8 19 11 -11 -12 12 13 15 20 16 -18 -19 -20 27 -22 22 23 -25 -26 -27 -28 -29 -30 -31
leaf_value=0.17180151230962268 -0.00018816597250190118 0.062908103707092183 -0.08901898211963323 0.17469025687724093 -0.19367111972016682 -0.13130354018792867 0.13103021998182393 0.28044190511107442 0.095220697275769706 0.032668346692106741 -0.11877791393991544 -0.075735397870971277 0.035952744923645551 -0.053006369851153694 0.15648929362112607 0.3545854713975829 -0.00062206171528983543 0.080560424406495357 0.015368477585498084 -0.21176810982753153 -0.00010406999815208691 0.4020349219807513 0.29956439941240576 0.14645826499651188 -0.21912717728435493 -0.091685754580680789 -0.075125888219933046 -0.11019129818156533 0.10224420939049705 0.10535156108838106
leaf_weight=41 2554 4744 1254 1012 2121 251 4027 40 1946 1998 1145 1175 3802 1546 1824 188 907 234 3110 937 319 449 961 713 3619 5018 1560 1095 1025 203
leaf_count=41 2554 4744 1254 1012 2121 251 4027 40 1946 1998 1145 1175 3802 1546 1824 188 907 234 3110 937 319 449 961 713 3619 5018 1560 1095 1025 203
internal_value=-0.000534022 0.065245 -0.109555 0.132345 -0.081183 -0.0609996 0.178339 -0.0787378 0.0235599 -0.0142554 -0.191879 0.0378183 0.0292944 0.0481969 0.0710001 0.00104388 0.0639195 0.202638 -0.00961333 -0.108314 0.133179 0.239109 0.269816 0.234353 -0.214748 -0.0887429 -0.028604 -0.157031 0.0630355 -0.0254864
internal_weight=49818 31071 18747 11906 13942 11821 7162 10342 19165 3252 4805 15051 13105 8820 5945 2875 1329 422 4285 7090 2143 3135 2123 1674 3660 5058 4114 2032 1479 454
internal_count=49818 31071 18747 11906 13942 11821 7162 10342 19165 3252 4805 15051 13105 8820 5945 2875 1329 422 4285 7090 2143 3135 2123 1674 3660 5058 4114 2032 1479 454
is_linear=0
shrinkage=0.05


Tree=58
num_leaves=31
num_cat=0
split_feature=8 8 8 8 6 6 8 6 8 7 8 6 8 6 6 4 6 4 6 4 4 4 4 6 8 6 7 4 7 8
split_gain=374702 91299.2 50565.3 24658.2 16123.6 12077.6 10715.9 10198.5 8935.29 8340.69 8166.49 7602.27 8179.81 7401.91 5978.44 5729.41 5614.74 5180.77 4958.2 4598.64 3796.36 3713.18 8217.74 3629.34 4680.18 3554.75 3872.6 3486.09 3869.97 3261.24
threshold=227.00250000000003 178.50125000000003 271.50250000000005 120.76625000000001 204.17250000000004 256.00500000000005 312.00250000000005 216.87750000000003 207.58875000000003 170.25500000000002 153.26750000000001 279.24500000000006 250.68625000000003 234.29375000000002 165.52500000000003 3.5000000000000004 201.87750000000003 6.5000000000000009 287.01875000000007 18.500000000000004 4.5000000000000009 5.5000000000000009 7.5000000000000009 144.35500000000005 91.300000000000011 177.10125000000008 189.35500000000005 7.5000000000000009 188.00125000000003 156.99500000000003
decision_type=2 2 2 2 2 2 2 2 2 2 2 2 2 2 2 2 2 2 2 2 2 2 2 2 2 2 2 2 2 2
left_child=1 3 7 9 10 8 13 25 14 -1 17 12 -9 -4 -3 -11 -10 20 -8 -15 -5 -16 -23 24 -17 26 -2 28 -12 -6
right_child=2 5 6 4 29 -7 18 11 16 15 27 -13 -14 19 21 23 -18 -19 -20 -21 -22 22 -24 -25 -26 -27 -28 -29 -30 -31
leaf_value=-0.34468683665873695 0.61078361272811899 0.06238953990006374 0.44029426005244815 -0.21555130134734768 -0.48759828579527414 -0.22450281284681819 0.57402829335687666 0.065122256473474874 0.098874884385869277 -1.322780466079712 -0.015454187830487571 -0.040137675845136729 0.1601189395400493 0.27307105084740529 -0.15269889063858177 -1.3408438974811185 -0.0073543425975996562 -0.29429252568820957 0.34580877346426969 0.17638280628757294 -0.09746017980419884 0.064068837183312535 -0.08245609373134577 -0.48069966092501604 -0.41081515401601792 0.17760403027338689 0.25268279615989003 -0.1529748325195624 -0.177338051106849 -0.30614622369762889
leaf_weight=1094 101 920 426 2387 385 798 284 5738 1607 28 1140 1034 3745 2377 1215 31 5505 1479 1469 2548 952 1150 5699 219 24 1718 299 4206 546 694
leaf_count=1094 101 920 426 2387 385 798 284 5738 1607 28 1140 1034 3745 2377 1215 31 5505 1479 1469 2548 952 1150 5699 219 24 1718 299 4206 546 694
internal_value=-0.000507321 -0.111591 0.168766 -0.210196 -0.186666 -0.0346345 0.275492 0.10876 -0.0252213 -0.4089 -0.168106 0.0886008 0.102638 0.240344 -0.058367 -0.641513 0.0166488 -0.216389 0.382782 0.223048 -0.181882 -0.0721438 -0.0578534 -0.571894 -0.935013 0.20886 0.343103 -0.128625 -0.0678792 -0.37089
internal_weight=49818 30079 19739 13185 11789 16894 7104 12635 16096 1396 10710 10517 9483 5351 8984 302 7112 4818 1753 4925 3339 8064 6849 274 55 2118 400 5892 1686 1079
internal_count=49818 30079 19739 13185 11789 16894 7104 12635 16096 1396 10710 10517 9483 5351 8984 302 7112 4818 1753 4925 3339 8064 6849 274 55 2118 400 5892 1686 1079
is_linear=0
shrinkage=0.05


Tree=59
num_leaves=31
num_cat=0
split_feature=8 8 8 8 8 6 6 8 4 8 6 6 6 6 6 8 7 7 4 8 4 4 4 4 4 4 7 4 6 6
split_gain=338893 70585.6 59145.5 17025.8 14708.8 11589.3 11444.5 10382.7 9861.25 8614.59 7201.47 6166.92 6147.23 6048.13 5333.01 5245.47 5180.45 4806.38 4687.25 4630.16 4365.34 4030.55 3835.18 4459.65 3450.85 3445.38 3409.97 3195.86 3068.06 3024.93
threshold=214.97125000000005 259.31625000000003 162.50375000000003 112.25375000000001 295.00250000000005 233.75750000000002 179.80250000000004 188.31000000000003 18.500000000000004 234.29375000000002 263.00375000000003 265.01000000000005 216.87750000000003 229.01000000000002 180.38750000000002 136.98250000000004 202.33500000000004 134.50250000000003 7.5000000000000009 343.17750000000007 3.5000000000000004 5.5000000000000009 18.500000000000004 16.500000000000004 5.5000000000000009 7.5000000000000009 225.00500000000002 18.500000000000004 314.35750000000002 316.50500000000005
decision_type=2 2 2 2 2 2 2 2 2 2 2 2 2 2 2 2 2 2 2 2 2 2 2 2 2 2 2 2 2 2
left_child=2 8 3 17 10 7 15 16 9 12 -3 -6 -2 -11 -9 -5 25 -1 -17 -13 26 -14 23 -12 -15 -4 -19 -7 -21 -10
right_child=1 4 5 6 11 27 -8 14 29 13 22 19 21 24 -16 18 -18 20 -20 28 -22 -23 -24 -25 -26 -27 -28 -29 -30 -31
leaf_value=-0.32745535327011188 0.10478062322298194 0.24886667453839972 -0.003260884277246464 -0.24700107167253763 0.5071638685030242 -0.17413437167000306 -0.36563069450789626 0.070727333661588829 -0.023076589700111696 0.19118314506346093 0.13720261056078353 0.28096682179159549 -0.089419353042775013 0.016450678776495434 -0.039250721080816821 -0.10796916632832838 -0.18272436816680768 -0.73066260644367764 -0.21202870230210713 1.1357395869493485 -0.53011821278770055 0.029467088846937019 0.078116512457858001 0.30905630864516626 0.11564786545018083 -0.10167394392110823 -1.5109976041884652 -0.37965633568353951 0.47399466836177712 -0.35938941091299059
leaf_weight=253 2326 2775 1130 2714 384 1349 1104 1326 2156 2096 1294 3002 915 1220 6534 2235 1626 42 2098 20 280 3228 1435 533 3116 4176 21 220 141 69
leaf_count=253 2326 2775 1130 2714 384 1349 1104 1326 2156 2096 1294 3002 915 1220 6534 2235 1626 42 2098 20 280 3228 1435 533 3116 4176 21 220 141 69
internal_value=-0.000481955 0.130973 -0.129853 -0.234808 0.237138 -0.0737422 -0.215945 -0.0600368 0.0637061 0.080472 0.189659 0.317948 0.0397311 0.121447 -0.0206972 -0.192494 -0.104643 -0.492782 -0.158354 0.294976 -0.614729 0.00321049 0.13929 0.187338 0.0877372 -0.0807153 -0.990774 -0.202952 0.556199 -0.0335061
internal_weight=49818 24710 25108 8747 9584 16361 8151 14792 15126 12901 6037 3547 6469 6432 7860 7047 6932 596 4333 3163 343 4143 3262 1827 4336 5306 63 1569 161 2225
internal_count=49818 24710 25108 8747 9584 16361 8151 14792 15126 12901 6037 3547 6469 6432 7860 7047 6932 596 4333 3163 343 4143 3262 1827 4336 5306 63 1569 161 2225
is_linear=0
shrinkage=0.05


Tree=60
num_leaves=31
num_cat=0
split_feature=8 8 8 8 7 6 6 8 8 6 8 8 6 6 6 6 4 6 8 6 4 7 4 4 4 6 4 4 4 8
split_gain=306145 73052 46894 16709.4 15360.8 11410.8 10531.4 10084.4 8862.47 6948.93 6775.73 6073.08 5596.63 5303.62 5186.02 4958.01 4893.23 7915.78 4876.6 3784.62 3757.91 3721.37 3748.14 3569.54 3814.8 3511.69 3391.22 3292.94 3566.17 3265.04
threshold=209.25750000000002 255.50375000000003 155.00500000000002 290.55875000000009 194.00250000000003 224.00250000000003 263.00375000000003 232.00750000000002 181.00625000000002 258.26500000000004 125.08500000000001 91.300000000000011 263.00375000000003 186.33750000000003 165.52500000000003 201.87750000000003 4.5000000000000009 154.00125000000003 335.58625000000006 136.85625000000002 6.5000000000000009 201.20500000000001 7.5000000000000009 19.500000000000004 1.5000000000000002 222.53375000000003 3.5000000000000004 5.5000000000000009 7.5000000000000009 181.75125000000003
decision_type=2 2 2 2 2 2 2 2 2 2 2 2 2 2 2 2 2 2 2 2 2 2 2 2 2 2 2 2 2 2
left_child=2 6 4 9 10 8 7 15 21 -3 19 16 -5 -9 -10 -2 -6 -18 -14 -1 26 22 -4 24 -11 -13 -12 -17 -29 -7
right_child=1 3 5 12 11 29 -8 13 14 23 20 25 18 -15 -16 27 17 -19 -20 -21 -22 -23 -24 -25 -26 -27 -28 28 -30 -31
leaf_value=-0.2579455715897479 0.10324229407741566 0.22594890332289932 -0.024496933541520209 0.45410164586670193 -1.4930601693335035 -0.30353861898970974 -0.07652886660851288 0.28932712679420441 0.081594465555233475 0.03788222097739799 -0.19493740925463499 -0.32732340273299687 0.25663291076003075 0.097848367884312143 -0.049562758240348774 -0.066372879701838181 -1.2022462829947473 -0.1349155138589834 0.45796497224061961 -0.43629648496578266 -0.24744483408102533 -0.19586143666710334 -0.12101442048348304 0.047953274995526034 0.18885991186716108 -0.56227113366127013 -0.086077848534244467 0.12626239587622728 0.0078222311021349487 -0.15942243550567053
leaf_weight=1308 1667 2827 1342 496 21 562 1516 385 846 538 1664 574 3293 5959 6907 1248 32 38 331 385 1414 1153 4016 1139 1882 220 1255 733 4780 1307
leaf_count=1308 1667 2827 1342 496 21 562 1516 385 846 538 1664 574 3293 5959 6907 1248 32 38 331 385 1414 1153 4016 1139 1882 220 1255 733 4780 1307
internal_value=0.000353595 0.115278 -0.133273 0.218076 -0.242251 -0.0865897 0.0489725 0.0618523 -0.0713683 0.167427 -0.213684 -0.436764 0.296581 0.109469 -0.035251 0.02601 -0.823659 -0.622838 0.275022 -0.298504 -0.180542 -0.114375 -0.09684 0.120942 0.155295 -0.392422 -0.148134 0.0069675 0.0235699 -0.202758
internal_weight=49838 26794 23044 10506 6911 16133 16288 14772 14264 6386 6026 885 4120 6344 7753 8428 91 70 3624 1693 4333 6511 5358 3559 2420 794 2919 6761 5513 1869
internal_count=49838 26794 23044 10506 6911 16133 16288 14772 14264 6386 6026 885 4120 6344 7753 8428 91 70 3624 1693 4333 6511 5358 3559 2420 794 2919 6761 5513 1869
is_linear=0
shrinkage=0.05


Tree=61
num_leaves=31
num_cat=0
split_feature=8 8 8 6 8 8 8 6 6 6 8 6 6 6 6 6 6 4 4 4 8 4 4 4 4 0 4 4 0 6
split_gain=276296 66532.2 42606 13062.7 12522.5 10577.4 9937.79 8848.28 8312.1 8282.48 7963.7 7268.97 5732.11 4748.39 4616.57 4271.65 4118.65 3960.1 3448.03 3428.8 3888.45 3331.46 3621.91 3218.89 4401.77 3225.39 3215.61 4557.63 3628.6 3777.57
threshold=209.25750000000002 266.60500000000008 148.42750000000004 200.07625000000002 236.96250000000003 181.75125000000003 305.02000000000004 200.67750000000004 238.30750000000003 259.01625000000007 91.300000000000011 214.85750000000004 259.79750000000007 189.00125000000003 287.01875000000007 165.52500000000003 187.77250000000004 19.500000000000004 15.500000000000002 7.5000000000000009 127.92875000000002 18.500000000000004 11.500000000000002 18.500000000000004 15.500000000000002 25.903750000000006 18.500000000000004 15.500000000000002 20.941250000000007 176.47750000000005
decision_type=2 2 2 2 2 2 2 2 2 2 2 2 2 2 2 2 2 2 2 2 2 2 2 2 2 2 2 2 2 2
left_child=2 4 3 10 8 7 12 26 16 13 -1 15 -3 -6 -8 -7 -2 18 -10 20 -12 22 -14 24 -17 -26 27 28 -4 -30
right_child=1 6 5 -5 9 11 14 -9 17 -11 19 -13 21 -15 -16 23 -18 -19 -20 -21 -22 -23 -24 -25 25 -27 -28 -29 29 -31
leaf_value=-0.57786177727752008 0.14684559468473796 0.27169024446299556 -0.038847340500012068 -0.52045237214810214 0.29581047448707071 0.082189910556491538 0.44954993306421182 -0.25972866266241551 -0.076954823229556282 0.017760376870176765 -0.24669410885004692 -0.13350815577880154 0.13141736287781333 0.121121964471056 0.27911445489832598 -0.040697329869236236 0.032853112500000246 -0.26318253804887604 0.074753383321634476 -0.29288439706916164 -0.14594796071091251 0.11356517392528327 0.26753495010635459 -0.11718794596300437 0.21914084014417823 -0.0088663887022994471 -0.18844129097695095 0.033315622775393051 -0.10136394320850306 -0.2028640350725367
leaf_weight=156 889 1628 1405 407 417 810 497 1109 1579 2089 1790 2022 894 5795 1981 4329 7292 222 491 1100 2060 1942 1078 1106 301 320 1077 624 3132 1296
leaf_count=156 889 1628 1405 407 417 810 497 1109 1579 2089 1790 2022 894 5795 1981 4329 7292 222 491 1100 2060 1942 1078 1106 301 320 1077 624 3132 1296
internal_value=0.000335915 0.109514 -0.126609 -0.247847 0.0580181 -0.0884838 0.230062 -0.127868 0.021663 0.103886 -0.226117 -0.050185 0.192845 0.132848 0.313298 -0.0256468 0.0452403 -0.0624931 -0.0409699 -0.215032 -0.192788 0.160049 0.205826 -0.0400701 -0.0228393 0.101649 -0.108459 -0.0951177 -0.108857 -0.131071
internal_weight=49838 26794 23044 5513 18774 17531 8020 8643 10473 8301 5106 8888 5542 6212 2478 6866 8181 2292 2070 4950 3850 3914 1972 6056 4950 621 7534 6457 5833 4428
internal_count=49838 26794 23044 5513 18774 17531 8020 8643 10473 8301 5106 8888 5542 6212 2478 6866 8181 2292 2070 4950 3850 3914 1972 6056 4950 621 7534 6457 5833 4428
is_linear=0
shrinkage=0.05


Tree=62
num_leaves=31
num_cat=0
split_feature=8 8 8 8 6 8 8 6 6 6 8 6 6 6 6 6 0 4 4 8 4 4 4 4 4 4 6 4 4 0
split_gain=250315 51090.3 47855.9 13988.3 10402 10321.7 9298.83 8091.74 7471.66 7350.73 5973.15 5660.55 5402 5131.82 4697.38 4499.53 4278.86 4076.73 5990.76 4036.42 3592.6 3531.37 4079.71 3050.68 2967.43 4636.09 2868.83 2849.39 3498.73 4190.52
threshold=219.25500000000002 162.50375000000003 277.75750000000005 112.25375000000001 256.00500000000005 246.75125000000003 191.81875000000002 176.47750000000005 259.01625000000007 278.17875000000009 316.26375000000007 237.75250000000003 165.52500000000003 185.00125000000003 221.58750000000003 170.75250000000003 18.913750000000004 5.5000000000000009 7.5000000000000009 139.74500000000003 18.500000000000004 5.5000000000000009 18.500000000000004 10.500000000000002 5.5000000000000009 8.5000000000000018 289.66750000000008 17.500000000000004 15.500000000000002 25.506250000000005
decision_type=2 2 2 2 2 2 2 2 2 2 2 2 2 2 2 2 2 2 2 2 2 2 2 2 2 2 2 2 2 2
left_child=1 3 5 16 6 8 12 19 15 14 11 -4 -3 -8 -7 -2 -1 -14 -19 -5 -13 -17 -23 -20 -15 -26 -12 28 -25 -30
right_child=2 4 10 7 -6 9 13 -9 -10 -11 26 20 17 24 -16 21 -18 18 23 -21 -22 22 -24 27 25 -27 -28 -29 29 -31
leaf_value=-0.24062553857737048 0.24785031267595523 -0.017560597883028883 0.40590651468399852 -0.20816792338993029 -0.24657045997961449 0.24951494972568913 0.070935840087020738 -0.30236721299555419 -0.07888032066244649 0.0068877991000849724 0.49678098859731112 0.25329950463775724 -0.22258207334796365 -0.097396225394702343 0.127108059221618 -0.0062154211355087176 -0.53013186475160112 0.021061688431444899 -0.19360222186578971 -0.13089567079247297 0.15993106236648316 0.088038183175613405 -0.020852222128885947 -0.10666543807254525 0.056845760544476466 -0.040941357883847146 0.30165107261273083 -0.17802742166220961 0.12799355408517202 -0.11574580890539612
leaf_weight=187 309 2102 358 2993 686 925 1505 1260 1081 1130 224 1767 716 1348 5133 1910 402 914 1058 3882 2471 5519 1019 1892 1634 4694 1184 816 409 310
leaf_count=187 309 2102 358 2993 686 925 1505 1260 1081 1130 224 1767 716 1348 5133 1910 402 914 1058 3882 2471 5519 1019 1892 1634 4694 1184 816 409 310
internal_value=0.000319119 -0.103541 0.121217 -0.20292 -0.0555987 0.0784159 -0.0480687 -0.185884 0.0451392 0.123961 0.242591 0.214988 -0.0867075 -0.013487 0.145798 0.0604486 -0.438217 -0.110476 -0.0956092 -0.164536 0.19886 0.0535941 0.0710667 -0.119386 -0.0300395 -0.015691 0.332694 -0.0964731 -0.0709854 0.0229043
internal_weight=49838 26808 23030 8724 18084 17026 17398 8135 9838 7188 6004 4596 8217 9181 6058 8757 589 6115 5399 6875 4238 8448 6538 4485 7676 6328 1408 3427 2611 719
internal_count=49838 26808 23030 8724 18084 17026 17398 8135 9838 7188 6004 4596 8217 9181 6058 8757 589 6115 5399 6875 4238 8448 6538 4485 7676 6328 1408 3427 2611 719
is_linear=0
shrinkage=0.05


Tree=63
num_leaves=31
num_cat=0
split_feature=8 8 8 8 7 7 4 4 4 4 4 4 8 7 7 8 8 4 4 4 4 5 8 4 8 7 4 7 8 4
split_gain=226429 57108.5 33411.9 16738.6 9373.61 8878.11 7733.98 7283.85 6664.59 6881.55 7725.73 6731.97 5578.01 4942.07 3956.26 3868.35 3847.38 3540.15 3506.49 3119.18 3066.13 3068.65 3019.43 4388.17 2831.01 3194.97 2564.3 2504.1 2443.42 2355.51
threshold=227.57750000000001 179.13250000000002 281.36000000000007 127.92875000000002 201.20500000000001 168.14250000000001 18.500000000000004 5.5000000000000009 19.500000000000004 5.5000000000000009 7.5000000000000009 15.500000000000002 252.50250000000003 212.04750000000004 177.25250000000003 323.40875000000005 158.51500000000001 7.5000000000000009 18.500000000000004 1.5000000000000002 19.500000000000004 1.0000000180025095e-35 91.300000000000011 4.5000000000000009 203.00250000000003 180.00500000000002 7.5000000000000009 270.00125000000008 252.50250000000003 10.500000000000002
decision_type=2 2 2 2 2 2 2 2 2 2 2 2 2 2 2 2 2 2 2 2 2 2 2 2 2 2 2 2 2 2
left_child=1 3 6 5 16 -1 7 28 9 14 -11 24 -9 -4 -3 20 17 19 -13 -5 21 -15 23 -7 25 -12 -18 -10 -2 -28
right_child=2 8 13 4 -6 22 -8 12 27 10 11 18 -14 15 -16 -17 26 -19 -20 -21 -22 -23 -24 -25 -26 -27 29 -29 -30 -31
leaf_value=-0.23791730325876653 0.013174818823177581 0.046082695460253217 0.39430131359485454 -0.19127551649180655 -0.23973672145331421 -1.3647844348634992 0.016080278983469958 0.10550875262100515 -0.089317290381782072 0.092786977123888503 -0.0076815556736968956 0.075990726371760242 0.19310852649592708 0.34915224835669695 -0.10757364644802919 0.32359785293488591 -0.015206842050813948 -0.20232206109499251 -0.054326227494334939 -0.078840921888182536 0.160406706858366 0.21113449963100828 -0.41094816734056555 -0.56210426257716284 -0.009497758152699827 -0.10954356797437881 -0.21730455031600038 -0.26802125240433705 0.097146515546486747 -0.088557662904906492
leaf_weight=1938 1964 506 462 889 1841 21 2702 5104 1869 2043 1181 2382 2822 539 2434 807 1071 1812 659 2015 2052 1593 317 90 3396 2211 404 219 1550 2945
leaf_count=1938 1964 506 462 889 1841 21 2702 5104 1869 2043 1181 2382 2822 539 2434 807 1071 1812 659 2015 2052 1593 317 90 3396 2211 404 219 1550 2945
internal_value=0.000303163 -0.0854828 0.132706 -0.162809 -0.136809 -0.283434 0.0921631 0.110133 -0.024432 -0.0126432 0.00431651 -0.0140725 0.136698 0.23785 -0.081128 0.223368 -0.116068 -0.14748 0.0477504 -0.11326 0.204036 0.246027 -0.489534 -0.713963 -0.0417689 -0.0740781 -0.082552 -0.108061 0.0502141 -0.104089
internal_weight=49838 30243 19595 13343 10977 2366 14142 11440 16900 14812 11872 9829 7926 5453 2940 4991 9136 4716 3041 2904 4184 2132 428 111 6788 3392 4420 2088 3514 3349
internal_count=49838 30243 19595 13343 10977 2366 14142 11440 16900 14812 11872 9829 7926 5453 2940 4991 9136 4716 3041 2904 4184 2132 428 111 6788 3392 4420 2088 3514 3349
is_linear=0
shrinkage=0.05


Tree=64
num_leaves=31
num_cat=0
split_feature=6 4 0 4 4 4 4 4 0 4 4 1 0 4 0 4 0 7 0 0 1 7 6 0 4 1 3 0 3 4
split_gain=63365.6 18527.8 11282.5 11011.2 8273.55 7394.32 6348.52 5893 6228.15 5108.21 6461.32 11717.6 4749.2 4662.05 5827.91 3034.65 2652.34 2739.72 2152.13 2117.74 2576.76 4529.17 2639.08 1976.92 1825.77 2752.25 1794.73 1771.9 1529.17 1501.25
threshold=197.00875000000005 15.500000000000002 25.281250000000004 4.5000000000000009 20.500000000000004 15.500000000000002 17.500000000000004 7.5000000000000009 29.666250000000002 19.500000000000004 16.500000000000004 9.5000000000000018 26.403750000000006 8.5000000000000018 31.453750000000003 5.5000000000000009 26.633750000000003 255.50375000000003 23.078750000000003 21.106250000000006 4.5000000000000009 165.00250000000003 166.29750000000004 28.223750000000006 8.5000000000000018 3.5000000000000004 1.0000000180025095e-35 28.931250000000002 1.0000000180025095e-35 3.5000000000000004
decision_type=2 2 2 2 2 2 2 2 2 2 2 2 2 2 2 2 2 2 2 2 2 2 2 2 2 2 2 2 2 2
left_child=3 12 6 19 5 7 -3 15 -9 10 11 -4 24 -14 27 -5 -12 -18 -8 -1 -21 22 28 -19 25 -2 -16 -15 -22 -27
right_child=1 2 9 4 -6 -7 18 8 -10 -11 16 -13 13 14 26 -17 17 23 -20 20 21 -23 -24 -25 -26 29 -28 -29 -30 -31
leaf_value=-0.15861340621334613 0.08204258085798849 0.1783577188060341 -0.021791608838297394 -0.053236482152656528 -0.14015527833924013 0.068588938050012913 -0.041170404511798014 -0.10674270706405753 -0.0076459282590327542 0.079263985485634098 0.11094542359080931 0.40856984832373106 0.075943818523408077 -0.082730990054339482 0.084019938397112803 0.044897297372585715 0.15715716012361772 0.20242878726987415 0.038395921074955527 -0.155112383193346 0.68307932583909292 -0.077499073024085097 0.040748123771377973 0.31493289336861008 -0.12462810037021595 -0.008357489866220728 0.0027341981166992798 -0.010356925171741256 0.14294136822223666 -0.063746757797406323
leaf_weight=3346 645 546 944 1287 2124 1556 1880 4770 2375 4017 896 190 3835 1153 2232 2031 1355 849 1551 731 38 662 70 723 410 3600 976 3173 20 1853
leaf_count=3346 645 546 944 1287 2124 1556 1880 4770 2375 4017 896 190 3835 1153 2232 2031 1355 849 1551 731 38 662 70 723 410 3600 976 3173 20 1853
internal_value=0.000288005 0.0445606 0.0901018 -0.0715076 -0.0491845 -0.0331081 0.0199987 -0.0482319 -0.0738029 0.121169 0.155128 0.0503148 0.0115682 0.0310664 0.00822269 0.00683275 0.186219 0.209261 -0.00520207 -0.136376 -0.0874578 -0.0248559 0.247408 0.254172 -0.0224938 -0.0156268 0.0592896 -0.0296466 0.496825 -0.0271795
internal_weight=49838 30828 12951 19010 14143 12019 3977 10463 7145 8974 4957 1134 17877 11369 7534 3318 3823 2927 3431 4867 1521 790 128 1572 6508 6098 3208 4326 58 5453
internal_count=49838 30828 12951 19010 14143 12019 3977 10463 7145 8974 4957 1134 17877 11369 7534 3318 3823 2927 3431 4867 1521 790 128 1572 6508 6098 3208 4326 58 5453
is_linear=0
shrinkage=0.05


Tree=65
num_leaves=31
num_cat=0
split_feature=8 8 8 7 8 6 6 8 8 6 6 6 7 6 6 8 8 6 7 8 6 7 6 6 6 7 6 6 6 7
split_gain=193189 44808.9 30625.6 10927 9354.66 8743.5 7955.86 6347.52 6232.11 5979.3 4567.94 4415.57 4375.04 4249.85 4234.3 4218.42 3621.14 2938.51 2902.31 2877.04 3462.44 5588.93 2790.09 2574.15 2502.02 2418.18 2316.28 2076.71 2058.58 2000.88
threshold=210.48750000000004 257.75500000000005 155.00500000000002 197.00875000000005 290.55875000000009 233.75750000000002 275.00250000000005 232.66250000000002 185.00125000000003 241.00250000000003 207.00125000000003 229.72250000000005 195.77875000000003 263.00375000000003 176.47750000000005 123.75500000000001 335.58625000000006 136.85625000000002 193.25500000000002 91.300000000000011 154.00125000000003 236.25375000000003 281.88750000000005 224.00250000000003 168.50125000000003 174.50375000000003 305.50750000000005 177.10125000000008 267.02250000000009 189.35500000000005
decision_type=2 2 2 2 2 2 2 2 2 2 2 2 2 2 2 2 2 2 2 2 2 2 2 2 2 2 2 2 2 2
left_child=2 6 3 15 9 8 7 10 12 -3 18 27 -4 -6 25 17 -15 -1 -2 20 -5 -22 -11 -21 -17 -10 -18 29 -7 -9
right_child=1 4 5 19 13 28 -8 11 14 22 -12 -13 -14 16 -16 24 26 -19 -20 23 21 -23 -24 -25 -26 -27 -28 -29 -30 -31
leaf_value=-0.20004562088176844 0.18691675788219275 0.24212151490286568 -0.065607426106130781 -0.99461254952727141 0.37439559442182779 -0.14915592333777325 -0.10134669690756984 0.49734440311579642 0.16329675647325087 0.13683834764214506 0.00012906648305667436 0.055585062402416591 -0.15316933719562537 0.20107094692713995 -0.039461744059628885 -0.13063735303280791 0.76028462103434968 -0.36088244272021441 0.051405623808908354 -0.26739593006779444 0.00085208995922191717 -0.99168139877526651 0.051840888295740489 -0.47125453466411549 -0.25027304810599438 0.013216687313951099 0.32968434879106701 0.12229903774152973 -0.28582888368039244 0.18602437376286146
leaf_weight=1190 527 1096 5895 37 486 1002 903 71 399 3371 6226 4491 1882 3274 6302 4112 35 373 1579 547 37 23 1353 216 489 820 290 2409 380 189
leaf_count=1190 527 1096 5895 37 486 1002 903 71 399 3371 6226 4491 1882 3274 6302 4112 35 373 1579 547 37 23 1353 216 489 820 290 2409 380 189
internal_value=0.00034608 0.0936484 -0.103174 -0.190755 0.177614 -0.066294 0.0429206 0.0513297 -0.0554135 0.136905 0.0216608 0.0858549 -0.086797 0.235613 -0.0229617 -0.167461 0.216873 -0.238428 0.0853156 -0.357714 -0.614204 -0.379619 0.112494 -0.325107 -0.143352 0.0623405 0.376057 0.136788 -0.186736 0.271039
internal_weight=50004 26300 23704 7024 9905 16680 16395 15492 15298 5820 8332 7160 7777 4085 7521 6164 3599 1563 2106 860 97 60 4724 763 4601 1219 325 2669 1382 260
internal_count=50004 26300 23704 7024 9905 16680 16395 15492 15298 5820 8332 7160 7777 4085 7521 6164 3599 1563 2106 860 97 60 4724 763 4601 1219 325 2669 1382 260
is_linear=0
shrinkage=0.05


Tree=66
num_leaves=31
num_cat=0
split_feature=8 8 8 7 4 6 8 4 8 6 8 8 7 8 6 6 6 6 7 6 4 0 6 4 4 4 4 6 0 8
split_gain=174888 35357.5 32097.5 11724.8 7871.34 7675.8 7311.79 6557.4 6494.42 5775.62 4986.14 4310.12 4158.73 3912 3779.88 3549.42 3510.21 3473.07 3398.84 3326.97 3222.5 3088.78 5743.64 3560.84 4154.69 3048.37 2990.65 2900.36 2925.15 2840.15
threshold=218.81625000000003 169.25625000000002 267.50750000000005 195.77875000000003 18.500000000000004 238.30750000000003 134.14500000000001 5.5000000000000009 314.00375000000008 233.16125000000002 195.00375000000003 241.84250000000003 213.16125000000002 117.09375000000001 136.85625000000002 191.00750000000002 142.12500000000003 321.28250000000008 237.00500000000002 162.50375000000003 18.500000000000004 27.728750000000005 153.01000000000002 3.5000000000000004 9.5000000000000018 7.5000000000000009 5.5000000000000009 214.25375000000003 28.986250000000002 91.300000000000011
decision_type=2 2 2 2 2 2 2 2 2 2 2 2 2 2 2 2 2 2 2 2 2 2 2 2 2 2 2 2 2 2
left_child=1 3 4 6 7 10 14 16 9 -4 12 27 19 21 -1 -12 -2 -6 -10 -3 -11 22 -5 -24 29 26 -8 -9 -29 -25
right_child=2 5 8 13 17 -7 25 11 18 20 15 -13 -14 -15 -16 -17 -18 -19 -20 -21 -22 -23 23 24 -26 -27 -28 28 -30 -31
leaf_value=-0.16713123656896936 0.55611436208089193 0.053443331381195724 0.32108883349614786 -1.1491728676689996 -0.013250019383525109 -0.1491830131368502 -0.096013001973402401 0.13230352654759456 0.45029581542027758 0.18454204771869928 0.064088195757936187 0.13681531958233736 -0.12900993360310362 -0.25023928712426219 -0.29799209082665723 -0.018811935366297702 0.013010705607591459 -0.37567648344180166 0.243898204127835 -0.054315973488872515 0.10950076336943422 -0.18868736755936893 -0.97987102568149576 0.40602030563354496 -0.60150926538087712 -0.13754138636095356 0.022921461012187623 0.095241413938539854 0.0098640592202438419 -0.37292713803154504
leaf_weight=2073 30 842 516 36 2368 1462 2207 1320 235 2817 1662 3908 1625 1366 752 5787 3590 68 1319 4797 2907 67 24 25 54 3349 695 1777 2304 22
leaf_count=2073 30 842 516 36 2368 1462 2207 1320 235 2817 1662 3908 1625 1366 752 5787 3590 68 1319 4797 2907 67 24 25 54 3349 695 1777 2304 22
internal_value=0.000328776 -0.0865223 0.101003 -0.157173 0.0590794 -0.0399166 -0.135208 0.0746135 0.183651 0.160874 -0.029059 0.0968187 -0.0585346 -0.282241 -0.201966 -0.00031549 0.0175116 -0.023367 0.27511 -0.0382256 0.146431 -0.473967 -0.592686 -0.432418 -0.302331 -0.105039 -0.0675294 0.0678784 0.0470401 0.0414066
internal_weight=50004 26845 23159 10670 15365 16175 9076 12929 7794 6240 14713 9309 7264 1594 2825 7449 3620 2436 1554 5639 5724 228 161 125 101 6251 2902 5401 4081 47
internal_count=50004 26845 23159 10670 15365 16175 9076 12929 7794 6240 14713 9309 7264 1594 2825 7449 3620 2436 1554 5639 5724 228 161 125 101 6251 2902 5401 4081 47
is_linear=0
shrinkage=0.05


Tree=67
num_leaves=31
num_cat=0
split_feature=8 8 8 7 6 8 6 8 6 8 6 6 7 8 7 7 6 4 4 7 0 6 0 6 4 6 8 4 4 4
split_gain=158340 38235.1 24137 11571.1 7868.93 7813.04 6806.61 6186.75 4855.66 5693.63 4841.45 4420.96 4121.32 3904.87 3887.07 3453.9 3395.99 3009.96 3228.21 2851.37 2845.66 2845.4 2787.62 5183.64 3213.66 3890.24 2839.42 2780.42 3736.39 3979.03
threshold=225.00500000000002 173.51125000000002 285.00500000000005 195.77875000000003 264.00250000000005 136.98250000000004 201.87750000000003 252.50250000000003 165.52500000000003 198.95375000000004 259.01625000000007 275.00250000000005 212.04750000000004 117.09375000000001 189.35500000000005 221.57250000000002 143.30750000000003 7.5000000000000009 5.5000000000000009 161.47750000000005 28.616250000000004 210.48750000000004 27.728750000000005 153.01000000000002 3.5000000000000004 239.75125000000003 91.300000000000011 4.5000000000000009 18.500000000000004 15.500000000000002
decision_type=2 2 2 2 2 2 2 2 2 2 2 2 2 2 2 2 2 2 2 2 2 2 2 2 2 2 2 2 2 2
left_child=1 3 6 5 8 16 14 10 19 15 -8 -9 21 22 -2 -10 -1 18 -7 -3 -14 -4 23 -5 -25 26 -26 -11 29 -29
right_child=2 4 12 13 -6 17 7 11 9 27 -12 -13 20 -15 -16 -17 -18 -19 -20 -21 -22 -23 -24 24 25 -27 -28 28 -30 -31
leaf_value=-0.1588333450857079 0.35232791731339547 0.20309444042077393 0.74198774265688527 -1.0917142357263301 -0.21308226487059417 -0.085030189657586283 0.055316865300600239 0.12922887105987416 -0.04628173009545701 -0.070793683104326308 -0.049033328401288878 0.033631645952724151 0.17216246778021263 -0.22980751097097754 0.141163605153938 -0.13566885897371575 -0.28306259953832558 -0.11955028301467537 0.034813047532816846 0.030326043904249825 0.27803803051723058 0.31165059565773445 -0.17925300024338622 -0.93087747469544413 0.32907956689596179 -0.68676850946718149 -0.34644699971590726 0.0039644896364439538 -0.059611970495658764 0.10074730807434736
leaf_weight=2467 281 301 43 36 552 2030 6900 4654 5174 1317 1325 1634 3655 1687 971 1366 708 3957 777 1156 768 360 67 24 28 38 35 4700 1621 1372
leaf_count=2467 281 301 43 36 552 2030 6900 4654 5174 1317 1325 1634 3655 1687 971 1366 708 3957 777 1156 768 360 67 24 28 38 35 4700 1621 1372
internal_value=0.000312337 -0.074132 0.106652 -0.143514 -0.0272923 -0.12183 0.0767001 0.0670504 -0.0212621 -0.0294401 0.0385067 0.104387 0.204494 -0.256056 0.188558 -0.0649519 -0.186535 -0.091458 -0.0518566 0.0660181 0.190546 0.357567 -0.450269 -0.563052 -0.410797 -0.287214 -0.046213 -0.00366347 0.00782886 0.0258331
internal_weight=50004 29413 20591 11854 17559 9939 15765 14513 17007 15550 8225 6288 4826 1915 1252 6540 3175 6764 2807 1457 4423 403 228 161 125 101 63 9010 7693 6072
internal_count=50004 29413 20591 11854 17559 9939 15765 14513 17007 15550 8225 6288 4826 1915 1252 6540 3175 6764 2807 1457 4423 403 228 161 125 101 63 9010 7693 6072
is_linear=0
shrinkage=0.05


Tree=68
num_leaves=31
num_cat=0
split_feature=8 8 8 7 8 4 7 4 8 4 4 8 4 4 0 8 4 8 0 0 0 4 0 7 8 4 4 4 0 4
split_gain=143082 33454.7 23355.5 8688.68 7446.98 7143.32 7037.55 6464.33 5459.81 4137.34 3644.39 3532.09 3403.12 4493.68 3604.06 3063.48 2935.77 2898.59 2872.66 2830.52 4366.46 4626.67 2782.84 2734.07 2585.47 2380.14 4570.57 2283.16 4081.45 2714.15
threshold=210.48750000000004 257.75500000000005 151.35375000000002 168.14250000000001 306.86500000000007 18.500000000000004 232.00750000000002 5.5000000000000009 179.80250000000004 19.500000000000004 18.500000000000004 230.11125000000004 17.500000000000004 15.500000000000002 25.841250000000006 181.75125000000003 1.5000000000000002 106.59625000000001 26.121250000000003 27.768750000000004 25.471250000000001 5.5000000000000009 28.716250000000006 175.85750000000004 122.17000000000002 8.5000000000000018 5.5000000000000009 18.500000000000004 22.596250000000001 4.5000000000000009
decision_type=2 2 2 2 2 2 2 2 2 2 2 2 2 2 2 2 2 2 2 2 2 2 2 2 2 2 2 2 2 2
left_child=2 5 3 24 9 7 8 -2 27 16 -6 -9 13 23 -15 -8 -3 19 -7 20 -5 -22 -13 -10 -1 26 -25 28 29 -4
right_child=1 4 6 17 10 18 15 11 12 -11 -12 22 -14 14 -16 -17 -18 -19 -20 -21 21 -23 -24 25 -26 -27 -28 -29 -30 -31
leaf_value=-0.20246025601979989 -0.0060114498361572948 0.082564775190939146 -0.078423184894082398 -0.1128651471856313 0.35616490221582353 -0.014058111806886374 -0.21671479477035649 0.040838919414777672 0.039078853397877256 0.076504150043234381 0.2001362952746206 0.16145324623581112 -0.086752218918437762 0.21469314553329075 0.0046046710780344941 -0.099271430955215817 0.17476343072133715 -0.25489391950951207 -0.14778496000047647 -0.11584193540943995 -1.3593041580656302 -0.56285028546117244 0.078382795149906898 -0.10306770964570498 -0.11967385644707598 -0.082162638040901056 0.04259436880232545 -0.1508625050808178 -0.094664557116843628 0.047844567679127231
leaf_weight=1276 3675 1098 718 39 472 2024 788 4916 1534 2487 1807 1357 1467 399 418 1880 4041 1130 501 45 23 88 3922 811 3615 1812 1603 946 4067 1045
leaf_count=1276 3675 1098 718 39 472 2024 788 4916 1534 2487 1807 1357 1467 399 418 1880 4041 1130 501 45 23 88 3922 811 3615 1812 1603 946 4067 1045
internal_value=0.00029672 0.0805926 -0.0887929 -0.17204 0.153145 0.0367604 -0.0592033 0.0508422 -0.0457453 0.129444 0.232451 0.0713363 -0.0178915 -0.00253209 0.107206 -0.133959 0.155064 -0.285615 -0.0405916 -0.463638 -0.567977 -0.727881 0.0997366 -0.0180974 -0.141272 -0.0388518 -0.00634181 -0.0788115 -0.0671202 -0.00357928
internal_weight=50004 26300 23704 6216 9905 16395 17488 13870 14820 7626 2279 10195 8044 6577 817 2668 5139 1325 2525 195 150 111 5279 5760 4891 4226 2414 6776 5830 1763
internal_count=50004 26300 23704 6216 9905 16395 17488 13870 14820 7626 2279 10195 8044 6577 817 2668 5139 1325 2525 195 150 111 5279 5760 4891 4226 2414 6776 5830 1763
is_linear=0
shrinkage=0.05


Tree=69
num_leaves=31
num_cat=0
split_feature=8 8 8 6 6 8 6 8 6 8 6 6 8 6 8 6 8 6 1 6 8 6 5 6 6 6 6 8 0 0
split_gain=129477 31178.6 20092.1 9212.03 7064.28 6876.94 6411.7 5284.96 4337.58 4310.65 3809.17 3725.52 3634.25 3632.94 3241.98 3199.82 3050.99 2770.88 5821.87 3785.37 2683.71 2498.55 2328.61 2303.86 2270.75 2217.41 1957.19 1896.06 1617.03 1525.18
threshold=225.00500000000002 173.51125000000002 285.00500000000005 190.39500000000001 238.30750000000003 134.14500000000001 215.31125000000003 241.84250000000003 281.88750000000005 195.00375000000003 237.75250000000003 187.77250000000004 343.17750000000007 312.48875000000004 250.00500000000002 187.77250000000004 91.300000000000011 126.45750000000001 4.5000000000000009 146.18250000000003 148.42750000000004 277.04750000000007 1.0000000180025095e-35 268.00250000000005 331.00125000000008 165.52500000000003 139.61625000000004 158.51500000000001 26.866250000000004 28.716250000000006
decision_type=2 2 2 2 2 2 2 2 2 2 2 2 2 2 2 2 2 2 2 2 2 2 2 2 2 2 2 2 2 2
left_child=1 3 6 5 9 16 14 21 28 15 -4 -11 22 -14 -2 -3 17 18 -1 -19 -5 -8 29 -6 -10 27 -18 -7 -9 -12
right_child=2 4 10 20 23 25 7 8 24 11 12 -13 13 -15 -16 -17 26 19 -20 -21 -22 -23 -24 -25 -26 -27 -28 -29 -30 -31
leaf_value=0.49878811525261924 0.10953355148920606 -0.016614802057660537 0.36890425124664361 -0.33811806421477641 -0.084481317981767168 -0.091466444891975807 0.020559424702503486 0.068470012441756822 0.010326674190055962 0.077513488990164969 0.20540071635056281 -0.0067692733600710001 0.92112819573708959 0.29902946035409794 0.24149449692217506 -0.090048966396253968 -0.14299436738026569 -0.88969059414333762 -0.55112501853896734 -0.27623878267405783 -0.19665492296127138 -0.14089742621964241 0.14508859910675209 -0.21241307610904159 -0.2993177255795848 -0.12928699313890823 -0.24269601680997344 -0.027816392792721564 0.11489067902201361 0.37517806623469702
leaf_weight=23 1743 3625 268 523 1350 3467 4231 3564 1315 1567 938 8030 28 145 635 2511 2110 45 31 57 934 254 3293 476 62 2256 642 1766 3961 154
leaf_count=23 1743 3625 268 523 1350 3467 4231 3564 1315 1567 938 8030 28 145 635 2511 2110 45 31 57 934 254 3293 476 62 2256 642 1766 3961 154
internal_value=0.000281884 -0.0670363 0.0964418 -0.12969 -0.0247391 -0.11319 0.0691149 0.0556757 0.0779747 -0.0139347 0.18571 0.00699243 0.174939 0.399716 0.144771 -0.0466658 -0.178447 -0.393554 -0.10394 -0.546879 -0.247434 0.0114156 0.166071 -0.11783 -0.00361519 -0.0878501 -0.166253 -0.0699862 0.0929049 0.229344
internal_weight=50004 29413 20591 11854 17559 10397 15765 13387 8902 15733 4826 9597 4558 173 2378 6136 2908 156 54 102 1457 4485 4385 1826 1377 7489 2752 5233 7525 1092
internal_count=50004 29413 20591 11854 17559 10397 15765 13387 8902 15733 4826 9597 4558 173 2378 6136 2908 156 54 102 1457 4485 4385 1826 1377 7489 2752 5233 7525 1092
is_linear=0
shrinkage=0.05


Tree=70
num_leaves=31
num_cat=0
split_feature=8 8 8 6 6 8 6 8 4 4 6 6 8 6 7 8 4 8 4 6 6 8 4 4 4 4 4 7 4 7
split_gain=120512 30074.6 16108.5 8021.69 7830.59 6827.68 6457.78 5500.09 4683.02 6362.63 4018.46 4010.91 3651.26 3510.56 3568.54 3330.39 3313.19 3079.14 2853.46 2709.55 2611.27 2692.14 2267.95 3594.77 2600.29 2176.43 2327.74 1951.88 1898.12 1894.24
threshold=228.57250000000002 165.57000000000002 282.49125000000009 237.75250000000003 206.39500000000004 197.00875000000005 230.75875000000005 115.01750000000001 18.500000000000004 16.500000000000004 181.00625000000002 263.00375000000003 316.26375000000007 201.87750000000003 189.35500000000005 249.44250000000002 18.500000000000004 253.80000000000004 5.5000000000000009 316.50500000000005 165.52500000000003 145.50125000000003 5.5000000000000009 7.5000000000000009 10.500000000000002 5.5000000000000009 7.5000000000000009 214.25375000000003 1.5000000000000002 263.00375000000003
decision_type=2 2 2 2 2 2 2 2 2 2 2 2 2 2 2 2 2 2 2 2 2 2 2 2 2 2 2 2 2 2
left_child=1 4 6 5 7 10 17 -1 9 15 -3 27 -13 14 -7 -8 18 -2 -5 -10 21 -9 -12 -24 -25 -15 -27 -4 -17 -16
right_child=2 3 11 16 -6 13 8 20 19 -11 22 12 -14 25 29 28 -18 -19 -20 -21 -22 -23 23 24 -26 26 -28 -29 -30 -31
leaf_value=-0.25415286738985415 0.099700011797777224 -0.016015528168307622 0.41810557919176849 -0.19794563145575619 -0.2950110770502461 0.13283484953551083 0.0055627927943015468 -0.12504455982857401 -0.0044675520034212031 0.17264687834248851 -0.17609776551236994 0.12451136396336918 0.2232688414804026 -0.07271193758249539 0.034663635437002314 0.010201782283981418 -0.26256980652969319 0.20547939679014249 -0.058693804963569463 -0.26955137133303259 -0.16524811959814797 -0.060268254236355179 0.02800246187195873 -0.1651289055496041 -0.063731749158109349 0.080697605932569014 -0.011062580641367725 0.23266166466607885 0.09799905599921882 -0.10869919601972813
leaf_weight=725 3392 4425 185 480 707 972 2803 3571 2116 1182 576 3142 1333 1162 2227 792 327 863 1575 101 1720 2912 755 901 2120 813 4611 609 2764 257
leaf_count=725 3392 4425 185 480 707 972 2803 3571 2116 1182 576 3142 1333 1162 2227 792 327 863 1575 101 1720 2912 755 901 2120 813 4611 609 2764 257
internal_value=-0.000272682 -0.0615833 0.097776 -0.0282952 -0.134831 -0.0173532 0.0697526 -0.122146 0.0473388 0.0661199 -0.0495672 0.172305 0.153929 0.0108028 0.0516133 0.0463189 -0.114743 0.121154 -0.0912198 -0.016544 -0.110479 -0.0959487 -0.0836817 -0.0695844 -0.093973 -0.0106125 0.0026913 0.27587 0.0784447 0.019831
internal_weight=50118 30836 19282 21201 9635 18819 14013 8928 9758 7541 8777 5269 4475 10042 3456 6359 2382 4255 2055 2217 8203 6483 4352 3776 3021 6586 5424 794 3556 2484
internal_count=50118 30836 19282 21201 9635 18819 14013 8928 9758 7541 8777 5269 4475 10042 3456 6359 2382 4255 2055 2217 8203 6483 4352 3776 3021 6586 5424 794 3556 2484
is_linear=0
shrinkage=0.05


Tree=71
num_leaves=31
num_cat=0
split_feature=8 8 8 6 6 8 4 8 6 4 6 8 7 6 6 7 6 0 7 8 4 0 4 4 4 4 4 4 4 0
split_gain=109055 24129.5 17979.1 7753.96 6898.86 6482.8 6259.58 5049.8 4826.59 4694.05 4009.41 4027.88 3681.55 3447.89 3410.33 3265.34 5329.55 3229.59 3213.04 3025.71 2818.4 4618.94 2737.07 2636.06 5212.28 2962.26 2457.72 3026.2 2363.94 2293.45
threshold=223.00250000000003 156.99500000000003 273.55250000000007 168.50125000000003 237.75250000000003 191.81875000000002 19.500000000000004 91.300000000000011 188.30125000000004 5.5000000000000009 243.25250000000003 316.26375000000007 188.00125000000003 165.52500000000003 201.87750000000003 151.25375000000003 126.45750000000001 26.501250000000002 189.35500000000005 247.28125000000003 4.5000000000000009 25.536249999999999 18.500000000000004 5.5000000000000009 7.5000000000000009 10.500000000000002 18.500000000000004 15.500000000000002 18.500000000000004 25.871250000000003
decision_type=2 2 2 2 2 2 2 2 2 2 2 2 2 2 2 2 2 2 2 2 2 2 2 2 2 2 2 2 2 2
left_child=1 3 6 7 5 13 8 15 12 -10 -4 22 -2 -3 18 16 -1 -8 -7 -11 21 -5 -12 -15 -25 -26 27 -27 -6 -29
right_child=2 4 10 20 28 14 17 -9 9 19 11 -13 -14 23 -16 -17 -18 -19 -20 -21 -22 -23 -24 24 25 26 -28 29 -30 -31
leaf_value=0.49693745851516724 0.40005547971538968 -0.0126132057697632 0.27940212688090182 -0.34351197200846839 -0.10492994730376093 0.096969504560252273 0.0031656492303924061 -0.1113136442773713 0.0090066624269501579 0.054944254068969245 0.1609090372761916 0.21610341994652421 0.13120645151453178 -0.16870037050969847 -0.02498685914071936 -0.68596647675075229 -0.49474262426651666 -0.15606188640058372 0.0037930446656846855 0.11547904430647114 -0.22389431925974834 -1.1376309099651518 0.084944450428384222 0.035929993479767115 -0.16256657789760043 -0.0767775739026062 -0.14375834624141906 0.10887059875373398 -0.26559350142747445 -0.06899318938027528
leaf_weight=20 163 2908 570 143 1683 1377 1504 5919 3392 5340 2156 1379 582 715 5718 63 42 404 2820 3365 1172 21 2635 1015 1060 2100 825 465 265 297
leaf_count=20 163 2908 570 143 1683 1377 1504 5919 3392 5340 2156 1379 582 715 5718 63 42 404 2820 3365 1172 21 2635 1015 1060 2100 825 465 265 297
internal_value=-0.000259048 -0.0641617 0.0848691 -0.142051 -0.0371085 -0.0280571 0.0539541 -0.117955 0.0665092 0.0589022 0.152524 0.140803 0.190028 -0.0578424 0.000136009 -0.432451 -0.174846 -0.0305492 0.0343634 0.0783445 -0.25106 -0.445198 0.119129 -0.0781492 -0.0669128 -0.0889025 -0.0677244 -0.0458068 -0.126786 0.0395457
internal_weight=50118 28628 21490 7380 21248 19300 14750 6044 12842 12097 6740 6170 745 9385 9915 125 62 1908 4197 8705 1336 164 4791 6477 5762 4747 3687 2862 1948 762
internal_count=50118 28628 21490 7380 21248 19300 14750 6044 12842 12097 6740 6170 745 9385 9915 125 62 1908 4197 8705 1336 164 4791 6477 5762 4747 3687 2862 1948 762
is_linear=0
shrinkage=0.05


Tree=72
num_leaves=31
num_cat=0
split_feature=8 8 8 0 8 4 4 4 0 4 0 4 4 7 8 4 0 4 4 8 0 8 8 7 8 4 8 4 4 0
split_gain=98934.4 24906.3 14393.7 6231.23 5940.44 5721.51 5437.02 7186.77 5307.83 4962.5 4475.81 3881.32 3813.08 3426.28 3544.34 3323.27 2929.18 2877.73 2729.11 2696.08 2626.56 2497.79 2373.76 2003.49 1997.23 4958.28 1939.47 1915.54 1688.81 1575.52
threshold=207.00125000000003 254.19500000000002 145.50125000000003 25.016250000000003 296.50250000000005 19.500000000000004 18.500000000000004 15.500000000000002 20.471250000000001 5.5000000000000009 25.506250000000005 7.5000000000000009 19.500000000000004 191.49500000000003 180.39375000000004 18.500000000000004 26.221250000000001 1.5000000000000002 4.5000000000000009 231.26625000000004 26.256250000000005 188.31000000000003 323.40875000000005 199.50125000000003 106.59625000000001 4.5000000000000009 115.01750000000001 15.500000000000002 17.500000000000004 28.766250000000003
decision_type=2 2 2 2 2 2 2 2 2 2 2 2 2 2 2 2 2 2 2 2 2 2 2 2 2 2 2 2 2 2
left_child=2 5 3 26 12 9 7 8 18 -2 28 -11 17 14 -10 -6 -14 -3 -4 27 -7 -15 -17 -24 25 -5 -1 -13 -9 -21
right_child=1 4 6 24 15 20 -8 10 13 11 -12 19 16 21 -16 22 -18 -19 -20 29 -22 -23 23 -25 -26 -27 -28 -29 -30 -31
leaf_value=-0.2089644877186958 -0.015987956214419147 0.046766525459405378 -0.050052763947502688 -0.97617723326529227 0.26252323748352119 -0.034687998385211673 -0.12365222828875491 0.15557864164203378 -0.075524422459223861 0.12900466164407304 -0.025963688058998471 -0.0060513082328098218 0.089688191296893718 -0.13919164601804346 0.0032085785226782237 0.11636256617896126 -0.031507108945791014 0.13707795059909589 0.068507461807631106 0.11802944475842721 -0.2039176286177655 -0.068538322920699682 0.58601484393907921 0.20388811512195609 -0.22233088479288418 -0.2882758683883227 -0.10626266655552281 0.054448435134555495 -0.079362160033162904 0.050891953551941017
leaf_weight=536 3648 1104 852 31 850 1460 2584 764 3843 1400 949 3441 1192 2375 2276 1764 857 4388 1128 1208 272 2643 36 727 1037 169 3229 2111 85 3159
leaf_count=536 3648 1104 852 31 850 1460 2584 764 3843 1400 949 3441 1192 2375 2276 1764 857 4388 1128 1208 272 2643 36 727 1037 169 3229 2111 85 3159
internal_value=-0.000246095 0.0631641 -0.0780738 -0.152872 0.121887 0.0247702 -0.0566932 -0.0450926 -0.0579426 0.0347263 0.0486523 0.0510709 0.0972066 -0.0713536 -0.0462392 0.177001 0.0389979 0.118924 0.0174906 0.0400711 -0.0612645 -0.101978 0.148234 0.221918 -0.250232 -0.394901 -0.120884 0.0169521 0.132057 0.0694635
internal_weight=50118 27617 22501 5002 10918 16699 17499 14915 13117 14967 1798 11319 7541 11137 6119 3377 2049 5492 1980 9919 1732 5018 2527 763 1237 200 3765 5552 849 4367
internal_count=50118 27617 22501 5002 10918 16699 17499 14915 13117 14967 1798 11319 7541 11137 6119 3377 2049 5492 1980 9919 1732 5018 2527 763 1237 200 3765 5552 849 4367
is_linear=0
shrinkage=0.05


Tree=73
num_leaves=31
num_cat=0
split_feature=8 8 8 6 6 6 8 8 8 6 6 6 4 4 8 7 4 8 4 8 4 6 4 7 6 4 8 4 4 4
split_gain=89502.8 22655.2 12386.4 6904.29 6368.68 5467.42 5048.02 4555.92 3860.58 3514.17 3369.32 3135.48 2843.17 3123.1 2732.54 2523.29 2515.75 2471.3 2379.1 2353.32 2349.88 2311.04 2190.92 2185.68 4750.55 2166.43 1933.65 1913.91 3536 2028.72
threshold=228.00500000000002 171.48250000000004 289.01125000000008 182.39750000000004 237.75250000000003 230.10500000000005 122.17000000000002 251.96000000000001 203.00250000000003 181.00625000000002 263.00375000000003 201.87750000000003 18.500000000000004 16.500000000000004 253.80000000000004 263.00375000000003 19.500000000000004 91.300000000000011 18.500000000000004 335.58625000000006 5.5000000000000009 263.00375000000003 15.500000000000002 151.25375000000003 126.45750000000001 18.500000000000004 148.42750000000004 5.5000000000000009 7.5000000000000009 14.500000000000002
decision_type=2 2 2 2 2 2 2 2 2 2 2 2 2 2 2 2 2 2 2 2 2 2 2 2 2 2 2 2 2 2
left_child=1 3 5 6 8 14 17 21 9 -3 -4 15 13 -9 -2 -10 22 23 20 25 -6 -7 -8 24 -1 -12 -5 -11 -29 -30
right_child=2 4 10 26 18 7 16 12 11 27 19 -13 -14 -15 -16 -17 -18 -19 -20 -21 -22 -23 -24 -25 -26 -27 -28 28 29 -31
leaf_value=0.4850516796112061 0.089648725109178817 0.0054863952511297106 0.27716900554654145 -0.27049768403266733 -0.18068356338673 0.023788182824784853 -0.074129420084311906 0.073019562940455932 0.079576504065253434 -0.13228366336567951 0.19258269360872848 -0.0049930588971993668 0.020933165165085723 0.18133681390602996 0.18785288757545629 -0.10833339498093641 -0.15327666304683851 -0.15808759767083314 -0.2285306147457431 0.26626022081052336 -0.049280599334523181 -0.063355631836641377 0.048798156918364505 -0.53959773970877423 -0.45121188502581355 0.10442595817306173 -0.16160047163867136 0.043011073478463308 -0.10046388359095487 -0.026918436454273865
leaf_weight=20 3411 3615 525 630 441 3568 6761 3550 2131 750 973 5740 1967 819 894 195 972 1237 310 346 1489 967 383 85 42 2456 1155 897 2085 1704
leaf_count=20 3411 3615 525 630 441 3568 6761 3550 2131 750 973 5740 1967 819 894 195 972 1237 310 346 1489 967 383 85 42 2456 1155 897 2085 1704
internal_value=-0.000233791 -0.0535038 0.083577 -0.109811 -0.0206771 0.062352 -0.0928583 0.0434662 -0.0103022 -0.0327185 0.158487 0.0148515 0.0708507 0.0933244 0.110042 0.0638231 -0.0778073 -0.18112 -0.0999575 0.141981 -0.0793058 0.00520647 -0.0675391 -0.374937 -0.149191 0.129441 -0.200035 -0.0581251 -0.0462559 -0.0673888
internal_weight=50118 30642 19476 11285 19357 15176 9500 10871 17117 9051 4300 8066 6336 4369 4305 2326 8116 1384 2240 3775 1930 4535 7144 147 62 3429 1785 5436 4686 3789
internal_count=50118 30642 19476 11285 19357 15176 9500 10871 17117 9051 4300 8066 6336 4369 4305 2326 8116 1384 2240 3775 1930 4535 7144 147 62 3429 1785 5436 4686 3789
is_linear=0
shrinkage=0.05


Tree=74
num_leaves=31
num_cat=0
split_feature=8 8 8 6 6 6 8 8 8 6 8 6 6 6 7 6 4 4 4 8 6 4 7 7 4 6 4 6 4 4
split_gain=80997.3 17061.9 14858.1 6296.5 5563.31 5463.51 4475.04 4376.86 3856.31 3564.23 3482 3047.62 2840.28 2750.25 2704.03 4287.37 2456.23 2456.09 2806.32 2389.27 2324.85 2258.42 2252.95 2215.04 2152.59 2195.11 2185.37 2097.32 1946.85 3824.6
threshold=220.17500000000004 156.99500000000003 273.55250000000007 168.50125000000003 260.5437500000001 228.57250000000002 188.31000000000003 240.68125000000001 91.300000000000011 263.00375000000003 316.26375000000007 165.52500000000003 179.12500000000003 214.25375000000003 151.25375000000003 126.45750000000001 4.5000000000000009 19.500000000000004 10.500000000000002 106.59625000000001 182.39750000000004 19.500000000000004 182.75250000000003 211.60625000000002 15.500000000000002 201.87750000000003 17.500000000000004 277.04750000000007 5.5000000000000009 7.5000000000000009
decision_type=2 2 2 2 2 2 2 2 2 2 2 2 2 2 2 2 2 2 2 2 2 2 2 2 2 2 2 2 2 2
left_child=1 3 4 8 7 6 11 13 14 23 -11 -3 22 -2 15 -1 19 18 -6 -5 -9 24 -8 -4 25 -14 -26 -7 -13 -30
right_child=2 5 9 16 17 27 12 20 -10 10 -12 28 21 -15 -16 -17 -18 -19 -20 -21 -22 -23 -24 -25 26 -27 -28 -29 29 -31
leaf_value=0.4607990872859955 0.082047132362197128 -0.0083957383043337247 0.32866177972822797 -0.87503041028976447 -0.059571172975554282 -0.084944167441447546 0.15462315530630652 0.23358970945630714 -0.095518799122144546 0.090856154185076921 0.18396192513974294 -0.16087302411698168 0.020204799257506366 0.010773763353632067 -0.60685102636851962 -0.42865128808078312 -0.19590715441205969 -0.093279655977824658 0.053278699594482698 -0.32542452348250872 0.082142181108634929 -0.075208671844644276 0.019748301313271644 0.17150242577512287 0.11257336666278711 -0.044900686665465303 -0.01131040560069202 -0.21846470353960556 0.033883773019741499 -0.082495656064833764
leaf_weight=20 1865 2805 285 23 905 2179 472 265 5919 4071 1333 559 2371 4935 63 42 1172 784 1408 141 5790 1192 900 1051 752 2852 676 340 853 4095
leaf_count=20 1865 2805 285 23 905 2179 472 265 5919 4071 1333 559 2371 4935 63 42 1172 784 1408 141 5790 1192 900 1051 752 2852 676 340 853 4095
internal_value=-0.000222101 -0.0580402 0.069658 -0.123036 0.0433591 -0.0341116 -0.0242158 0.0578523 -0.101323 0.131901 0.113822 -0.0508175 -0.000220833 0.0303215 -0.376152 -0.141732 -0.221268 -0.0167991 0.0091243 -0.402503 0.0887704 -0.011831 0.0661484 0.205028 -0.000472386 -0.0153458 0.0539281 -0.102966 -0.0724251 -0.0624327
internal_weight=50118 27426 22692 7380 15952 20046 17527 12855 6044 6740 5404 8312 9215 6800 125 62 1336 3097 2313 164 6055 7843 1372 1336 6651 5223 1428 2519 5507 4948
internal_count=50118 27426 22692 7380 15952 20046 17527 12855 6044 6740 5404 8312 9215 6800 125 62 1336 3097 2313 164 6055 7843 1372 1336 6651 5223 1428 2519 5507 4948
is_linear=0
shrinkage=0.05


Tree=75
num_leaves=31
num_cat=0
split_feature=8 8 8 7 6 6 8 6 6 4 7 8 4 8 8 4 4 4 6 8 7 4 4 6 6 1 4 4 4 4
split_gain=73450.7 18271.8 11994.9 5717.46 5687.82 5250.56 4007.18 3726.95 3655.12 3548.64 3527.81 3229.95 2955.09 2801.93 2703.96 2571.68 2494.76 2651.57 2323.49 2386.66 2303.63 2235.92 2893.06 2167.73 2150.59 2093.12 2075.63 2633.42 2001.12 3300.48
threshold=209.25750000000002 257.75500000000005 160.07250000000002 188.75125000000003 259.01625000000007 201.87750000000003 303.00375000000003 186.33750000000003 258.26500000000004 18.500000000000004 190.00125000000003 235.72875000000002 5.5000000000000009 188.31000000000003 127.92875000000002 18.500000000000004 7.5000000000000009 1.5000000000000002 299.79875000000004 335.58625000000006 180.75750000000002 15.500000000000002 8.5000000000000018 165.52500000000003 319.00500000000005 5.5000000000000009 5.5000000000000009 7.5000000000000009 18.500000000000004 11.500000000000002
decision_type=2 2 2 2 2 2 2 2 2 2 2 2 2 2 2 2 2 2 2 2 2 2 2 2 2 2 2 2 2 2
left_child=2 4 3 14 7 13 8 10 -3 -8 -2 26 -7 23 -1 21 17 -16 19 -11 -15 22 -14 -4 -6 -26 -9 -28 29 -10
right_child=1 6 5 -5 24 12 9 11 28 18 -12 -13 15 20 16 -17 -18 -19 -20 -21 -22 -23 -24 -25 25 -27 27 -29 -30 -31
leaf_value=-0.14419600863916085 0.27023195658907678 0.13624263329417616 0.00032120311390237315 -0.2121174928637026 -0.040295312460082083 -0.16922334986965878 0.26772736982512785 -0.040139761042345005 0.031549285642312505 0.18886374081806265 0.068844547178860058 0.058993336616341846 -0.00472322033884447 0.077666351817868531 -0.11752869382537373 -0.16393459691564649 -0.11987424926938572 -0.014709633349589971 0.096071385597488235 0.62035290099242157 -0.0098168276602891326 0.024930548697378093 -0.11899267213632894 -0.059134241239010392 0.072592349430999237 -0.3694179656656133 0.099869538034931621 0.0089037978059394035 0.027298434698484225 0.1469077760658534
leaf_weight=2092 297 2700 2308 1267 1950 841 609 1733 1157 558 812 5098 935 1044 913 559 1959 2002 1448 34 2695 794 1359 4566 37 97 919 5926 2121 1336
leaf_count=2092 297 2700 2308 1267 1950 841 609 1733 1157 558 812 5098 935 1044 913 559 1959 2002 1448 34 2695 794 1359 4566 37 97 919 5926 2121 1336
internal_value=-0.000988622 0.0554312 -0.0658663 -0.114417 0.023722 -0.0393965 0.10912 0.0346223 0.0900364 0.16181 0.122778 0.0274737 -0.0847346 -0.0202241 -0.0966472 -0.0652514 -0.0762384 -0.0469133 0.130191 0.213645 0.0146101 -0.0473874 -0.0724182 -0.0391716 -0.0536101 -0.24737 0.00874118 0.0211167 0.0629977 0.09337
internal_weight=50166 26832 23334 8233 16869 15101 9963 14785 7314 2649 1109 13676 4488 10613 6966 3647 4874 2915 2040 592 3739 3088 2294 6874 2084 134 8578 6845 4614 2493
internal_count=50166 26832 23334 8233 16869 15101 9963 14785 7314 2649 1109 13676 4488 10613 6966 3647 4874 2915 2040 592 3739 3088 2294 6874 2084 134 8578 6845 4614 2493
is_linear=0
shrinkage=0.05


Tree=76
num_leaves=31
num_cat=0
split_feature=8 8 8 6 6 6 8 6 8 4 4 4 4 4 4 4 4 0 0 4 8 6 5 8 0 0 4 5 3 8
split_gain=66643.6 17293.5 9760.31 5926.54 5050.09 4993.04 4323.13 3988.74 3404.03 3319.42 2967.46 5923.25 2853.71 3113.64 2564.45 5316.26 2952.55 4356.37 2451.93 3436.47 2405.84 2374.16 2273.19 2256.42 3693.45 4337.11 2230.23 2189.77 2131.26 2055.51
threshold=227.57750000000001 175.70500000000001 286.42250000000007 200.67750000000004 229.01000000000002 256.00500000000005 123.75500000000001 164.00375000000003 253.10500000000005 18.500000000000004 5.5000000000000009 7.5000000000000009 19.500000000000004 15.500000000000002 19.500000000000004 15.500000000000002 17.500000000000004 27.476250000000004 22.303750000000004 3.5000000000000004 246.75125000000003 278.17875000000009 1.0000000180025095e-35 91.300000000000011 26.368750000000002 25.471250000000001 18.500000000000004 1.0000000180025095e-35 1.0000000180025095e-35 310.41375000000005
decision_type=2 2 2 2 2 2 2 2 2 2 2 2 2 2 2 2 2 2 2 2 2 2 2 2 2 2 2 2 2 2
left_child=1 3 4 6 20 7 23 -3 26 29 -9 -12 13 18 15 -13 17 -17 19 -8 -2 -10 -15 24 25 28 -6 -18 -1 -4
right_child=2 5 9 -5 8 -7 12 10 21 -11 11 14 -14 22 -16 16 27 -19 -20 -21 -22 -23 -24 -25 -26 -27 -28 -29 -30 -31
leaf_value=0.008347934665101947 0.070436440302612188 0.077477150818059323 0.16288354726000603 -0.19799657541262516 0.017156552687792051 -0.13470722935328594 -0.083605653930514973 -0.064681045202812815 0.078638818817016953 0.10519107287854401 0.07151748238032897 -0.03538092146982251 -0.14246072367397189 -0.072972875343764135 -0.072830553999996286 0.15942518129994973 0.095421662039929245 -0.0078895187437077897 -0.093729065695791036 0.011079889151892779 0.15009294026152442 0.0054877682215776985 0.12574877102483348 -0.13757299985935062 0.0046532411785686718 -0.95689857974648485 -0.074911954890994073 -0.053285686667641857 -0.57394375234842299 0.30138955933102896
leaf_weight=33 2804 1213 1131 1199 4256 841 1995 2669 4202 3204 2038 6388 1147 232 1977 956 344 656 4100 1844 1432 1507 379 1490 51 36 778 883 30 351
leaf_count=33 2804 1213 1131 1199 4256 841 1995 2669 4202 3204 2038 6388 1147 232 1977 956 344 656 4100 1844 1432 1507 379 1490 51 36 778 883 30 351
internal_value=-0.000939191 -0.0472129 0.0708327 -0.092283 0.0511305 -0.0157629 -0.0811028 -0.00992127 0.0329002 0.133812 -0.0165842 -0.00689004 -0.0684051 -0.0584704 -0.0211523 -0.0100796 0.0468506 0.0913368 -0.0668411 -0.038125 0.0973647 0.0593292 0.0502931 -0.156181 -0.341026 -0.519103 0.00292745 -0.0115943 -0.268934 0.195688
internal_weight=50166 30501 19665 12536 14979 17965 11337 17124 10743 4686 15911 13242 9697 8550 11204 9227 2839 1612 7939 3839 4236 5709 611 1640 150 99 5034 1227 63 1482
internal_count=50166 30501 19665 12536 14979 17965 11337 17124 10743 4686 15911 13242 9697 8550 11204 9227 2839 1612 7939 3839 4236 5709 611 1640 150 99 5034 1227 63 1482
is_linear=0
shrinkage=0.05


Tree=77
num_leaves=31
num_cat=0
split_feature=8 8 8 7 4 7 4 4 4 8 4 4 4 5 4 4 4 1 4 4 7 5 4 8 7 5 4 7 8 4
split_gain=61004.3 16040.7 9287.11 5395.93 5105.49 4800.12 4273.43 3688.23 5875.15 3665.49 3332.25 4106.65 3670.65 2912.83 2874.43 2834.51 3900.3 2754.69 2675.51 3585.49 2097.39 2044.13 3401.87 1844.64 1724.52 1695.44 1499.74 1496.2 1474.68 1451.45
threshold=205.32125000000002 254.99500000000003 147.36375000000001 221.57250000000002 18.500000000000004 168.14250000000001 5.5000000000000009 18.500000000000004 15.500000000000002 303.00375000000003 8.5000000000000018 5.5000000000000009 10.500000000000002 1.0000000180025095e-35 18.500000000000004 7.5000000000000009 16.500000000000004 10.500000000000002 18.500000000000004 16.500000000000004 186.00125000000003 1.0000000180025095e-35 17.500000000000004 173.51125000000002 145.52500000000003 1.0000000180025095e-35 1.5000000000000002 205.91250000000002 119.10875000000001 2.5000000000000004
decision_type=2 2 2 2 2 2 2 2 2 2 2 2 2 2 2 2 2 2 2 2 2 2 2 2 2 2 2 2 2 2
left_child=2 4 5 7 6 28 -2 8 10 18 11 24 -12 -10 25 -8 -17 -18 19 20 -3 22 -19 -14 -4 29 -22 -16 -1 -11
right_child=1 9 3 -5 -6 -7 15 -9 13 14 12 -13 23 -15 27 16 17 21 -20 -21 26 -23 -24 -25 -26 -27 -28 -29 -30 -31
leaf_value=-0.15256449445049453 -0.015799764647550219 0.19145264837182038 0.0081573410420942138 -0.10418382187616998 -0.044650296201293009 -0.21302049019289135 0.10914192543529502 -0.092282668005311944 -0.035903482740826345 0.22662179398255936 -0.12487381702456471 0.044108607889761065 -0.065235840804981057 0.13126222595725767 0.2897032018595686 0.018664932652151685 0.12312949057751209 0.52411591853850925 0.041703894454160409 0.18483092580927407 0.019222428403553152 -0.10138861376848161 -0.11389773228930103 0.0031937766415384514 -0.08412351704317339 0.19577983369479979 0.08923221952694893 0.10771666240923879 -0.081160654855925038 0.54438078500827147
leaf_weight=919 3813 383 795 3107 2728 1109 1515 2078 369 69 1521 2398 2123 887 120 7420 1688 39 3004 1024 1087 260 45 1837 1394 465 2582 1920 3392 75
leaf_count=919 3813 383 795 3107 2728 1109 1515 2078 369 69 1521 2398 2123 887 120 7420 1688 39 3004 1024 1087 260 45 1837 1394 465 2582 1920 3392 75
internal_value=-0.000892231 0.0476976 -0.0634592 -0.0448152 0.0181968 -0.120248 0.0297968 -0.0310517 -0.0198155 0.0958382 -0.032536 -0.00109236 -0.0588509 0.0821506 0.146879 0.0456497 0.035473 0.0968488 0.0791045 0.101238 0.0801132 -0.0321102 0.182323 -0.0334921 -0.050609 0.242205 0.0684907 0.118422 -0.0963822 0.392121
internal_weight=50166 28237 21929 16509 17508 5420 14780 13402 11324 10729 10068 4587 5481 1256 2649 10967 9452 2032 8080 5076 4052 344 84 3960 2189 609 3669 2040 4311 144
internal_count=50166 28237 21929 16509 17508 5420 14780 13402 11324 10729 10068 4587 5481 1256 2649 10967 9452 2032 8080 5076 4052 344 84 3960 2189 609 3669 2040 4311 144
is_linear=0
shrinkage=0.05


Tree=78
num_leaves=31
num_cat=0
split_feature=8 8 8 6 6 7 7 4 6 8 4 8 1 5 4 6 7 6 6 4 7 6 6 4 8 4 4 6 8 4
split_gain=55056.4 14532.6 8381.61 4876.81 4779.61 4336.36 3966.64 3658.92 3373.9 3226.16 3194.43 2867.84 2747.24 2554.49 3643.17 2240.05 2222.33 2199.46 2112.12 2091.97 2027.34 1995.81 1928.61 1815.37 1847.19 1788.47 1713.02 1707.87 1645.75 1477.16
threshold=205.32125000000002 257.75500000000005 147.36375000000001 201.87750000000003 201.87750000000003 171.00500000000002 263.00375000000003 19.500000000000004 224.00250000000003 290.55875000000009 5.5000000000000009 180.39375000000004 3.5000000000000004 1.0000000180025095e-35 19.500000000000004 165.52500000000003 167.50125000000003 323.90625000000006 278.17875000000009 7.5000000000000009 190.00125000000003 164.00375000000003 276.00750000000005 15.500000000000002 233.16625000000002 18.500000000000004 5.5000000000000009 299.79875000000004 335.58625000000006 17.500000000000004
decision_type=2 2 2 2 2 2 2 2 2 2 2 2 2 2 2 2 2 2 2 2 2 2 2 2 2 2 2 2 2 2
left_child=2 4 5 11 6 -1 16 10 -3 18 -6 15 -5 14 -11 -4 -2 -9 -10 -12 21 -13 26 24 -21 -25 -14 28 -15 -17
right_child=1 8 3 12 7 -7 -8 17 9 13 19 20 22 27 -16 29 -18 -19 -20 23 -22 -23 -24 25 -26 -27 -28 -29 -30 -31
leaf_value=-0.092598407261998139 0.22205420441804799 0.20366744988806906 -0.0205554869695002 -0.010756031823236025 -0.026841590540444549 -0.20667710087175123 -0.080725853404870013 -0.054037786432635973 0.081565310768984975 0.30254064069614778 0.090591018731704359 0.14093954008297813 -0.17373467258844344 0.12796632258222393 0.10734765561545281 -0.06355598391749219 0.081801973109476761 -0.486019762357076 0.013139599749548174 -0.022254858987749489 -0.030123136150422863 0.014792861040288728 -0.26256497463697726 0.071057659592989361 0.034268020569638548 -0.013437932891829757 -0.081681317019396613 0.061116952672175456 0.47031086910929948 -0.16217568275789451
leaf_weight=4392 324 654 3860 824 3265 1028 346 1656 3696 416 1247 366 658 1413 562 3246 2202 30 1623 3047 2555 2188 203 2580 2750 827 2179 1563 36 430
leaf_count=4392 324 654 3860 824 3265 1028 346 1656 3696 416 1247 366 658 1413 562 3246 2202 30 1623 3047 2555 2188 203 2580 2750 827 2179 1563 36 430
internal_value=-0.00084762 0.0453127 -0.0602863 -0.0425744 0.0188271 -0.114235 0.078044 0.00778497 0.0938923 0.0861801 0.0163292 -0.0275521 -0.0917352 0.120165 0.190375 -0.047158 0.0997916 -0.0617243 0.0606864 0.0298162 0.0013674 0.0328703 -0.113685 0.0215821 0.00455865 0.0505476 -0.103032 0.0973683 0.136472 -0.075092
internal_weight=50166 28237 21929 16509 18274 5420 2872 15402 9963 9309 13716 12645 3864 3990 978 7536 2526 1686 5319 10451 5109 2554 3040 9204 5797 3407 2837 3012 1449 3676
internal_count=50166 28237 21929 16509 18274 5420 2872 15402 9963 9309 13716 12645 3864 3990 978 7536 2526 1686 5319 10451 5109 2554 3040 9204 5797 3407 2837 3012 1449 3676
is_linear=0
shrinkage=0.05


Tree=79
num_leaves=31
num_cat=0
split_feature=8 8 8 6 6 0 8 6 6 8 0 7 6 6 6 6 5 0 5 8 8 7 6 6 7 7 8 6 6 7
split_gain=50181.1 13108.4 7348.59 4898.06 4678.24 4345.61 3189.38 3255.62 3085.36 2953.16 4295.77 2931.08 5992.18 2770.45 2725.22 2596.57 2451.13 2196.53 1903.51 1837.49 1708.35 1548.62 2183.43 1528.43 1472.13 1429.13 1418.9 1379.29 1360.5 2567.35
threshold=227.57750000000001 161.00500000000002 274.58875000000006 243.25250000000003 229.01000000000002 24.686250000000005 191.81875000000002 184.40500000000003 228.00500000000002 106.59625000000001 26.291250000000002 223.53625000000002 153.01000000000002 164.00375000000003 319.00500000000005 234.29375000000002 1.0000000180025095e-35 23.791250000000002 1.0000000180025095e-35 241.84250000000003 343.17750000000007 268.00875000000002 312.48875000000004 264.00250000000005 153.16250000000002 171.75375000000003 243.00375000000003 168.50125000000003 207.00125000000003 263.00375000000003
decision_type=2 2 2 2 2 2 2 2 2 2 2 2 2 2 2 2 2 2 2 2 2 2 2 2 2 2 2 2 2 2
left_child=1 5 4 6 26 18 7 24 -4 10 11 12 -7 25 19 -12 20 -9 -1 -6 -10 -5 -23 -21 -3 -8 -2 -11 29 -15
right_child=2 3 8 21 14 9 13 17 16 27 15 -13 -14 28 -16 -17 -18 -19 -20 23 -22 22 -24 -25 -26 -27 -28 -29 -30 -31
leaf_value=-0.11956391071617092 0.059673779597293745 0.05385848387557083 0.25895225430287205 -0.077107500958870326 -0.012649447726441373 -0.84572830074466765 0.24780342015955181 -0.018830757226963465 0.14284688656040573 -0.098756673618688035 -0.053888609400971545 -1.0992745822538501 0.25752203289419412 0.025825001044888104 -0.21207129873633385 -0.62790019586682322 0.078984468821707302 -0.10984891276217722 -0.052587644589185613 0.053994352866734555 0.4738728332892061 -0.15010573735336666 -0.54720257253218918 0.00091529637221407869 -0.024077005478254011 0.064761601796842788 0.11953544098215348 -0.17334048187433129 -0.017919629056446881 -0.12893479495263382
leaf_weight=1407 2414 693 309 1445 2568 32 144 999 1522 1446 110 23 20 4752 125 24 4678 1970 4312 4363 40 308 39 1968 4822 411 1678 1085 6175 284
leaf_count=1407 2414 693 309 1445 2568 32 144 999 1522 1446 110 23 20 4752 125 24 4678 1970 4312 4363 40 308 39 1968 4822 411 1678 1085 6175 284
internal_value=-0.000805239 -0.0409589 0.0614743 -0.020653 0.0398764 -0.093871 -0.0136415 -0.0370096 0.104729 -0.145646 -0.326285 -0.629282 -0.421401 0.00320839 0.0197679 -0.156697 0.0970925 -0.0792234 -0.0690653 0.0230245 0.151324 -0.0998849 -0.194736 0.0374947 -0.0142838 0.112254 0.0842212 -0.13073 -0.00218988 0.0170975
internal_weight=50166 30501 19665 22042 13116 8459 20250 8484 6549 2740 209 75 52 11766 9024 134 6240 2969 5719 8899 1562 1792 347 6331 5515 555 4092 2531 11211 5036
internal_count=50166 30501 19665 22042 13116 8459 20250 8484 6549 2740 209 75 52 11766 9024 134 6240 2969 5719 8899 1562 1792 347 6331 5515 555 4092 2531 11211 5036
is_linear=0
shrinkage=0.05


Tree=80
num_leaves=31
num_cat=0
split_feature=8 8 8 6 6 6 8 6 8 8 6 6 8 6 6 5 6 0 1 6 0 5 0 6 0 6 8 8 0 8
split_gain=45915 9956.8 8623.54 4355.45 4293.4 3835.47 3451.92 3311.34 3018.66 2865.98 2825.41 2688.07 2647.55 2226.89 2153.54 2050.59 1933.1 1634.65 1607.8 1424.67 1213.87 1708.76 1199.92 1153.9 1088.74 1445.84 1355.5 1054.99 962.918 947.288
threshold=216.42875000000004 274.58875000000006 145.50125000000003 215.31125000000003 284.37750000000011 200.07625000000002 188.31000000000003 167.76500000000001 240.68125000000001 343.17750000000007 312.48875000000004 228.00500000000002 178.50125000000003 237.75250000000003 165.52500000000003 1.0000000180025095e-35 237.75250000000003 24.686250000000005 5.5000000000000009 183.75125000000003 22.596250000000001 1.0000000180025095e-35 26.021250000000006 289.66750000000008 23.891250000000003 184.40500000000003 170.00125000000003 296.50250000000005 24.566250000000007 119.10875000000001
decision_type=2 2 2 2 2 2 2 2 2 2 2 2 2 2 2 2 2 2 2 2 2 2 2 2 2 2 2 2 2 2
left_child=2 4 5 6 7 17 14 18 13 11 -11 -3 -5 22 -4 -13 -10 29 -2 -8 21 -14 -9 27 -16 26 -26 -17 -6 -1
right_child=1 9 3 12 28 -7 19 8 16 10 -12 15 20 -15 24 23 -18 -19 -20 -21 -22 -23 -24 -25 25 -27 -28 -29 -30 -31
leaf_value=-0.12539487087225712 0.28890815255344732 0.24213739826359479 -0.013941799991909629 -0.1716089313606361 0.17187390090211441 -0.25976609577881749 0.045985500447141357 0.00110966376853452 0.089414875782695649 0.73028869953367026 0.20794158208237332 0.13844384198287382 0.14500666826685765 -0.030820040344875406 -0.033129305205228464 0.07574381814433595 0.036594566905923054 -0.14808929992955552 0.08201615353494153 -0.0070457299613481466 -0.074026660471495975 -0.057272943507192857 0.045515573422818457 0.047048721552776999 -0.10453600565377873 -0.11662874689107237 -0.021045363325718894 0.15145123464790006 -0.085096075909418326 -0.063300567366227953
leaf_weight=788 182 300 4528 658 38 373 1683 2610 2647 31 157 1554 161 2270 2292 1612 5012 1045 194 5117 2775 297 3647 2304 761 1409 1346 644 897 2785
leaf_count=788 182 300 4528 658 38 373 1683 2610 2647 31 157 1554 161 2270 2292 1612 5012 1045 194 5117 2775 297 3647 2304 761 1409 1346 644 897 2785
internal_value=-0.000396409 0.0493306 -0.0464557 -0.0324314 0.0295888 -0.10554 -0.0215878 0.0354737 0.0320662 0.101651 0.294073 0.0960114 -0.0801868 0.011602 -0.03979 0.0888413 0.0548496 -0.0930828 0.182161 0.0060795 -0.0615799 0.0138341 0.0269924 0.0719373 -0.0599417 -0.07742 -0.0512003 0.0973553 -0.0746524 -0.076995
internal_weight=50117 24099 26018 21027 17497 4991 17136 16562 16186 6602 188 6414 3891 8527 10336 6114 7659 4618 376 6800 3233 458 6257 4560 5808 3516 2107 2256 935 3573
internal_count=50117 24099 26018 21027 17497 4991 17136 16562 16186 6602 188 6414 3891 8527 10336 6114 7659 4618 376 6800 3233 458 6257 4560 5808 3516 2107 2256 935 3573
is_linear=0
shrinkage=0.05


Tree=81
num_leaves=31
num_cat=0
split_feature=8 8 8 4 4 0 0 4 4 6 0 6 8 0 8 0 6 4 6 7 6 0 8 6 8 7 6 8 7 4
split_gain=41438.3 9085.23 7782.74 4085.89 6600.22 4458.12 4383.34 3826.82 3796.63 3591.44 3505.94 3439.64 3719.72 2600.44 2536.01 2445.79 2192.88 2079.85 2016.31 1984.33 1971.47 1946.53 1882.63 1837.43 1866.67 4831.07 1818.64 1983.36 2197.43 1814.84
threshold=216.42875000000004 281.36000000000007 145.50125000000003 18.500000000000004 15.500000000000002 20.641250000000003 25.871250000000003 19.500000000000004 5.5000000000000009 142.12500000000003 25.281250000000004 203.00250000000003 183.75125000000003 26.433750000000003 247.28125000000003 28.766250000000003 176.47750000000005 3.5000000000000004 273.00250000000005 182.00250000000003 343.70000000000005 29.381250000000005 201.87750000000003 216.31625000000003 343.17750000000007 257.88250000000005 207.00125000000003 106.59625000000001 234.31500000000003 16.500000000000004
decision_type=2 2 2 2 2 2 2 2 2 2 2 2 2 2 2 2 2 2 2 2 2 2 2 2 2 2 2 2 2 2
left_child=2 7 10 4 5 17 -6 8 9 -2 -1 12 16 -9 21 23 -7 -4 29 -14 -17 -10 -13 -3 -25 -26 -12 28 -28 -8
right_child=1 15 3 -5 6 11 18 13 14 -11 26 22 19 -15 -16 20 -18 -19 -20 -21 -22 -23 -24 24 25 -27 27 -29 -30 -31
leaf_value=-0.077280950900842915 0.45987040693206449 0.30389402296739759 -0.031313762412022952 -0.082612669861244034 0.1236427307382338 -0.032624811607044758 -0.058140597942442751 0.0014400590982381882 0.060985501970290547 -0.0047037693597091505 -0.14544554669253931 -0.1143220175103975 0.060690425706537959 -0.11745938653186494 0.086141312070030007 0.16146951971206069 -0.102222870665525 0.069284883736198996 -0.35754653424388028 -0.015090500481609516 0.49743960907925733 0.010389290508252567 -0.046564743602960187 0.078973094226144833 0.88361651072135339 0.095340419241360261 -0.21197563784108278 -0.22805175631355679 -0.8996460552398976 0.070979018068524094
leaf_weight=3837 42 97 811 3223 1198 3525 609 1927 4039 4374 925 2164 1277 604 4046 860 1667 1402 41 2670 46 3591 1948 4370 26 77 21 182 26 492
leaf_count=3837 42 97 811 3223 1198 3525 609 1927 4039 4374 925 2164 1277 604 4046 860 1667 1402 41 2670 46 3591 1948 4370 26 77 21 182 26 492
internal_value=-0.000376589 0.0468641 -0.0441329 -0.0308099 -0.0214322 -0.0332745 0.0568285 0.0302167 0.0392056 -0.000285265 -0.100263 -0.0442456 -0.0271581 -0.0269342 0.0541415 0.103479 -0.0549707 0.0324184 -0.0132621 0.00942742 0.178528 0.0371728 -0.082223 0.0886007 0.083932 0.294323 -0.176677 -0.302828 -0.592389 -0.000441369
internal_weight=50117 24099 26018 21027 17804 15464 2340 18623 16092 4416 4991 13251 9139 2531 11676 5476 5192 2213 1142 3947 906 7630 4112 4570 4473 103 1154 229 47 1101
internal_count=50117 24099 26018 21027 17804 15464 2340 18623 16092 4416 4991 13251 9139 2531 11676 5476 5192 2213 1142 3947 906 7630 4112 4570 4473 103 1154 229 47 1101
is_linear=0
shrinkage=0.05


Tree=82
num_leaves=31
num_cat=0
split_feature=8 8 8 6 6 4 4 4 4 4 6 7 6 4 4 4 0 4 7 8 6 0 8 6 0 8 0 8 4 0
split_gain=37577.4 10133.4 5887.63 4160.98 3860.3 3635.3 5145.99 3323.81 4678.62 3726.88 3151.91 2939.39 2837.23 2619.35 3582.52 3119.53 3837.82 3123.34 2574.94 2695.27 2444.24 2278.2 2254.72 1937.38 1775.32 1740.85 1732.05 1719.85 1654.61 1615.8
threshold=207.00125000000003 268.57000000000005 132.64125000000004 214.85750000000004 283.01000000000005 18.500000000000004 15.500000000000002 8.5000000000000018 4.5000000000000009 10.500000000000002 176.47750000000005 187.37875000000003 200.07625000000002 5.5000000000000009 18.500000000000004 16.500000000000004 24.631250000000005 8.5000000000000018 180.75750000000002 335.58625000000006 136.85625000000002 25.903750000000006 168.50125000000003 264.00250000000005 22.456250000000001 178.50125000000003 27.011250000000008 292.00250000000005 10.500000000000002 24.631250000000005
decision_type=2 2 2 2 2 2 2 2 2 2 2 2 2 2 2 2 2 2 2 2 2 2 2 2 2 2 2 2 2 2
left_child=2 4 12 5 10 6 7 8 20 -9 11 -2 -1 -12 15 17 -17 -15 -3 23 -4 -8 -11 -20 -10 -5 -21 -25 -19 -6
right_child=1 18 3 25 29 -7 21 9 24 22 13 -13 -14 14 -16 16 -18 28 19 26 -22 -23 -24 27 -26 -27 -28 -29 -30 -31
leaf_value=-0.09968800910932557 0.28559549404036944 0.247791541321778 0.034029894249219143 -0.15917117462947156 0.16802592538297179 -0.085520884066265637 0.12540187980312484 -0.11795662151177194 0.069820252337954511 -0.071752089476595476 -0.014050037364658988 0.064700742857780172 -0.28547556398914675 0.078715467577932421 -0.019505750141618327 0.01176901995541332 0.1521355657779716 -0.025966974102022585 0.12206293239968724 0.6177899577617646 -0.07665304062556505 -0.00045262501948446776 -0.00091271385038440341 0.027182058229912983 0.0012331942006221105 -0.070294636146852871 0.18622630803694343 0.084594078454780092 0.02912745880816045 -0.10078107612639649
leaf_weight=2764 206 243 637 777 60 2437 811 1736 1677 1996 4201 560 222 2494 2807 783 1288 1926 1707 25 2299 646 2569 2219 2157 1894 332 3165 4660 819
leaf_count=2764 206 243 637 777 60 2437 811 1736 1677 1996 4201 560 222 2494 2807 783 1288 1926 1707 25 2299 646 2569 2219 2157 1894 332 3165 4660 819
internal_value=-0.000357759 0.0389139 -0.0480889 -0.0381419 0.0199977 -0.0290091 -0.0195296 -0.0294648 -0.00514029 -0.0555998 0.0247552 0.124106 -0.113501 0.0205643 0.0309823 0.0436915 0.099066 0.0310614 0.0876224 0.0823967 -0.0526391 0.0696009 -0.0318865 0.0756478 0.0312333 -0.096149 0.216448 0.0609319 0.0130157 -0.0824325
internal_weight=50117 27495 22622 19636 19804 16965 14528 13071 6770 6301 18925 766 2986 18159 13958 11151 2071 9080 7691 7448 2936 1457 4565 7091 3834 2671 357 5384 6586 879
internal_count=50117 27495 22622 19636 19804 16965 14528 13071 6770 6301 18925 766 2986 18159 13958 11151 2071 9080 7691 7448 2936 1457 4565 7091 3834 2671 357 5384 6586 879
is_linear=0
shrinkage=0.05


Tree=83
num_leaves=31
num_cat=0
split_feature=8 8 8 7 8 7 7 0 7 8 8 0 0 7 1 8 0 5 8 7 0 7 5 7 5 0 0 5 0 1
split_gain=34082.9 8726.63 6052.13 4608.75 2711.53 2664.12 2388.83 2335.98 2080.24 1483.83 1483.29 1497.31 2004.89 2063.07 1458.13 1441.35 1435.44 1371.16 1360.05 4239.03 1223.72 1472.39 1197.83 1162.81 1049.11 864.548 799.049 779.564 773.148 741.606
threshold=225.50500000000002 179.13250000000002 292.00250000000005 195.77875000000003 135.42375000000004 173.90375000000003 187.37875000000003 28.766250000000003 270.00125000000008 245.40125000000003 91.300000000000011 26.761250000000008 25.811250000000005 234.31500000000003 5.5000000000000009 198.95375000000004 19.091250000000006 1.0000000180025095e-35 343.17750000000007 257.88250000000005 25.961250000000003 162.03750000000005 1.0000000180025095e-35 120.33375000000001 1.0000000180025095e-35 24.976250000000004 25.281250000000004 1.0000000180025095e-35 27.236250000000002 5.5000000000000009
decision_type=2 2 2 2 2 2 2 2 2 2 2 2 2 2 2 2 2 2 2 2 2 2 2 2 2 2 2 2 2 2
left_child=1 3 6 4 16 -3 14 18 15 -8 11 12 -5 -14 23 25 -1 -6 20 -20 -4 -22 -23 -2 -9 -7 -19 -12 29 -11
right_child=2 5 7 10 17 8 9 24 -10 28 27 -13 13 -15 -16 -17 -18 26 19 -21 21 22 -24 -25 -26 -27 -28 -29 -30 -31
leaf_value=-0.067158625610149153 0.34580308004977212 0.040112394579512441 0.1681761307156695 -0.039147575876929547 -0.070624145358909152 -0.011112239404411245 0.010369031084483287 0.30260641617026252 -0.098198747643725506 0.069136563304977375 -0.16887197407554011 0.056149166878312833 -0.32646774274331558 -0.98724604930196491 0.044932551427218789 -0.0010164797205251921 -0.14125105336481536 -0.0095311109523155621 0.81909848864261914 0.080701611645810023 0.42006660006940372 0.12374376364302105 0.049197343769907073 0.12246494731796394 0.15498391217896312 -0.05449604515633244 -0.047353593383009207 -0.10217812569411085 0.058603707268734942 0.019155354026872195
leaf_weight=2022 63 2299 370 22 2056 2033 5959 163 764 922 581 20 27 21 801 8459 966 3826 26 77 30 720 2142 778 460 2639 2199 1782 4085 3805
leaf_count=2022 63 2299 370 22 2056 2033 5959 163 764 922 581 20 27 21 801 8459 966 3826 26 77 30 720 2142 778 460 2639 2199 1782 4085 3805
internal_value=-0.000339871 -0.0345045 0.0494241 -0.0641565 -0.050415 -0.00974497 0.0360001 0.104672 -0.0179941 0.0296402 -0.126164 -0.32539 -0.434401 -0.615558 0.0932121 -0.0133276 -0.0911122 -0.0353669 0.0882062 0.267093 0.0825578 0.0716038 0.0679512 0.139195 0.193607 -0.0356178 -0.0233355 -0.118576 0.0426721 0.0289042
internal_weight=50117 29716 20401 13522 11069 16194 16413 3988 13895 14771 2453 90 70 48 1642 13131 2988 8081 3365 103 3262 2892 2862 841 623 4672 6025 2363 8812 4727
internal_count=50117 29716 20401 13522 11069 16194 16413 3988 13895 14771 2453 90 70 48 1642 13131 2988 8081 3365 103 3262 2892 2862 841 623 4672 6025 2363 8812 4727
is_linear=0
shrinkage=0.05


Tree=84
num_leaves=31
num_cat=0
split_feature=8 8 8 6 6 6 6 8 8 6 8 6 6 0 8 5 8 8 6 8 6 5 0 1 0 0 6 0 6 0
split_gain=30802.3 6914.25 6159.85 3786.28 3470.7 3095.55 2419.32 2228.61 2213.39 2123.92 2061.28 1981.47 1687.13 1591.59 1587.6 1581.56 1531.58 1259.05 1199.78 1131.85 1077.9 1051.89 984.019 981.289 908.066 894.444 853.126 839.532 802.707 1282.6
threshold=216.42875000000004 264.75125000000008 152.45750000000001 237.75250000000003 215.31125000000003 206.39500000000004 217.25375000000003 343.17750000000007 191.00750000000002 162.50375000000003 243.00375000000003 312.48875000000004 281.88750000000005 28.223750000000006 241.25250000000003 1.0000000180025095e-35 179.80250000000004 312.00250000000005 164.77750000000003 119.10875000000001 183.75125000000003 1.0000000180025095e-35 26.021250000000006 2.5000000000000004 23.501250000000002 24.631250000000005 165.52500000000003 25.628750000000007 184.40500000000003 24.976250000000004
decision_type=2 2 2 2 2 2 2 2 2 2 2 2 2 2 2 2 2 2 2 2 2 2 2 2 2 2 2 2 2 2
left_child=2 3 5 10 8 15 17 13 9 -4 18 -9 14 21 -5 -1 -6 26 24 -17 -10 -8 -20 -18 -2 -14 -3 -21 -11 -30
right_child=1 6 4 12 16 -7 7 11 20 28 -12 -13 25 -15 -16 19 23 -19 22 27 -22 -23 -24 -25 -26 -27 -28 -29 29 -31
leaf_value=-0.11673048502574808 0.39215787485722575 0.49170105570838568 0.0063745995571123622 -0.03086115954969898 -0.13868052103866138 -0.21277623051036915 0.091169964201929271 0.60711153293809583 0.048059490751010597 -0.031040570851239825 0.085540956685437985 0.16967814685687851 0.13783615497380702 0.1055180005155107 0.022111194501685874 -0.10933569098145145 0.024295562775012436 0.56873983818551765 0.0019043609471416801 -0.033082034740790613 -0.0017805712074071924 0.042154079463404326 0.04088525128815669 -0.062916071806989882 0.10161670285180724 -0.092064131003747871 0.1609818961873869 -0.093375933294954347 -0.027099408071254456 -0.099293546772859856
leaf_weight=1462 31 21 2991 2337 623 415 1457 31 1411 4239 2083 157 45 2052 3583 837 364 23 2741 2947 4693 4400 3955 2832 203 707 273 718 1118 1368
leaf_count=1462 31 21 2991 2337 623 415 1457 31 1411 4239 2083 157 45 2052 3583 837 364 23 2741 2947 4693 4400 3955 2832 203 707 273 718 1118 1368
internal_value=-0.000322878 0.0404064 -0.0380481 0.0207908 -0.0241826 -0.0807357 0.0769729 0.071668 -0.0138552 -0.028679 0.041927 0.241808 -0.00776152 0.0676237 0.00119964 -0.0715477 -0.0669633 0.212476 0.0288176 -0.0568749 0.00974045 0.0543474 0.0249285 -0.0529833 0.140107 -0.0783068 0.184605 -0.044894 -0.0442694 -0.0668265
internal_weight=50117 24099 26018 15685 19639 6379 8414 8097 15820 9716 9013 188 6672 7909 5920 5964 3819 317 6930 4502 6104 5857 6696 3196 234 752 294 3665 6725 2486
internal_count=50117 24099 26018 15685 19639 6379 8414 8097 15820 9716 9013 188 6672 7909 5920 5964 3819 317 6930 4502 6104 5857 6696 3196 234 752 294 3665 6725 2486
is_linear=0
shrinkage=0.05


Tree=85
num_leaves=31
num_cat=0
split_feature=4 4 4 4 4 4 5 0 0 4 5 4 0 0 5 4 5 4 5 3 6 0 4 6 5 6 6 4 5 5
split_gain=6695.34 4841.49 9005.01 7474.98 4499.96 4145.03 3254.39 2898.53 2790.97 2397.2 2298.7 2275.6 4264.07 4116.01 4860.66 5188.18 3950.35 4552.59 3925.72 1642.08 1453.38 1406.69 1806.85 1399.46 1261.36 1154.84 1152.53 1041.29 3526.65 1255.56
threshold=4.5000000000000009 20.500000000000004 15.500000000000002 8.5000000000000018 10.500000000000002 18.500000000000004 1.0000000180025095e-35 23.188750000000002 30.083750000000006 5.5000000000000009 1.0000000180025095e-35 16.500000000000004 26.696250000000003 26.568750000000005 1.0000000180025095e-35 17.500000000000004 1.0000000180025095e-35 17.500000000000004 1.0000000180025095e-35 1.0000000180025095e-35 283.01000000000005 27.051250000000003 19.500000000000004 208.83375000000004 37.500000000000007 310.96250000000003 135.30875000000003 7.5000000000000009 1.0000000180025095e-35 1.0000000180025095e-35
decision_type=2 2 2 2 2 2 2 2 2 2 2 2 2 2 2 2 2 2 2 2 2 2 2 2 2 2 2 2 2 2
left_child=23 2 3 9 19 11 21 -3 -6 10 -2 12 18 16 15 -15 -13 -18 -4 -5 -16 -7 -23 -1 -22 -17 -12 29 -29 -11
right_child=1 7 5 4 8 6 -8 -9 -10 27 26 13 -14 14 20 25 17 -19 -20 -21 24 22 -24 -25 -26 -27 -28 28 -30 -31
leaf_value=-0.053095594209238907 -0.10079967082665989 -0.079257577244335825 -0.080999223550544217 -0.046617260489229186 -0.031608577924434812 0.049985660857415959 -0.008579725183930199 -0.0068711916844824269 0.020274563624054012 0.019133052180843019 0.11580442042775313 0.18031026796185345 -0.012076285854487029 -0.11161710155807669 0.22297621599592446 0.14703033754530434 0.10623325703412251 -0.06977147036049218 0.20725824287491093 -0.1165060304770484 0.055593331890610789 0.27155429936688524 0.051980990355556034 -0.016441513331318606 0.21130710839249162 0.45888439732439379 0.0012830162312063582 0.13731304255933846 -0.013556068114576887 0.082601213927954165
leaf_weight=5474 518 2084 153 2952 5015 686 3143 4111 5365 1036 265 439 1383 320 1148 234 669 815 518 1175 301 203 174 4967 229 34 1285 514 1572 3144
leaf_count=5474 518 2084 153 2952 5015 686 3143 4111 5365 1036 265 439 1383 320 1148 234 669 815 518 1175 301 203 174 4967 229 34 1285 514 1572 3144
internal_value=-5.12822e-05 0.00936431 0.0169171 -0.000671655 -0.0223515 0.0553653 0.0169982 -0.031222 -0.00479229 0.0370664 -0.00961189 0.0812137 0.0381039 0.102352 0.148009 0.0243022 0.0485504 0.00957298 0.14153 -0.0665153 0.191359 0.092625 0.170213 -0.0356585 0.122873 0.186594 0.0208625 0.0524719 0.0236188 0.0668708
internal_weight=49926 39485 33290 22841 14507 10449 4206 6195 10380 8334 2068 6243 2054 4189 2266 588 1923 1484 671 4127 1678 1063 377 10441 530 268 1550 6266 2086 4180
internal_count=49926 39485 33290 22841 14507 10449 4206 6195 10380 8334 2068 6243 2054 4189 2266 588 1923 1484 671 4127 1678 1063 377 10441 530 268 1550 6266 2086 4180
is_linear=0
shrinkage=0.05


Tree=86
num_leaves=31
num_cat=0
split_feature=8 8 8 6 6 8 7 6 7 6 8 7 5 6 8 0 6 6 0 6 6 0 7 7 8 6 6 8 6 7
split_gain=26768.5 7737.15 4718.03 3985.67 3745.56 3496.53 3193.48 2900.22 2253.17 2192.09 2131.22 1953.79 1903.3 1874.21 1835 1786.05 1701.29 1675.03 1716.14 1629.61 1624.6 1522.29 1405.71 1284.02 1748.34 1541.84 1245 1226.47 1210.06 2287.12
threshold=202.39125000000004 262.99375000000003 115.01750000000001 201.87750000000003 202.39125000000004 168.50125000000003 262.00375000000003 217.25375000000003 190.00125000000003 272.00375000000008 237.50500000000002 189.35500000000005 1.0000000180025095e-35 174.21500000000003 310.41375000000005 24.508750000000003 126.45750000000001 299.79875000000004 30.328750000000003 278.17875000000009 159.30625000000003 21.713750000000001 195.12250000000003 188.00125000000003 236.24750000000003 331.00125000000008 165.52500000000003 343.17750000000007 276.00750000000005 213.75375000000003
decision_type=2 2 2 2 2 2 2 2 2 2 2 2 2 2 2 2 2 2 2 2 2 2 2 2 2 2 2 2 2 2
left_child=2 3 16 6 5 12 11 22 20 10 -5 13 -4 -2 19 -11 -1 27 -19 -9 -7 -6 -3 -17 -25 -26 -14 -16 -23 -30
right_child=1 7 4 9 21 8 -8 14 -10 15 -12 -13 26 -15 17 23 -18 18 -20 -21 -22 28 -24 24 25 -27 -28 -29 29 -31
leaf_value=-0.087884989388415616 0.2705006319405806 0.37794281319602507 -0.090961287050610753 -0.0048696982771449446 0.0071479049159632047 0.09411506080718321 -0.072164079158513542 0.074490974351113778 -0.036044815780978109 0.14973804799421711 0.033235171109806887 0.055616703930042345 -0.025247740968756441 0.10109478120930493 0.16618449550326675 0.10629467146986343 -0.23469102883979845 0.068673291215538987 0.40098648507148033 0.024232663043870447 0.0068630967520704319 -0.088824060011411798 0.15143571313338638 -0.18157701216501132 -0.03466104163811036 -0.39382286056155164 -0.076952871479576718 0.53202716602633404 0.0022608877392485739 -0.33330967154273461
leaf_weight=384 221 91 2162 9772 392 620 384 3502 3189 98 5876 2144 5142 625 504 94 406 1352 40 2990 3824 2890 277 340 828 31 1505 24 80 139
leaf_count=384 221 91 2162 9772 392 620 384 3502 3189 98 5876 2144 5142 625 504 94 406 1352 40 2990 3824 2890 277 340 828 31 1505 24 80 139
internal_value=-4.8718e-05 0.0308052 -0.0434924 0.0139235 -0.0387452 -0.0287463 0.0635732 0.0700541 -0.0039763 0.00409209 0.00943911 0.0810057 -0.0502096 0.145349 0.0640436 -0.056059 -0.163332 0.106985 0.0782225 0.0513437 0.019036 -0.0857037 0.207447 -0.0716569 -0.085608 -0.0476226 -0.0369547 0.182814 -0.097411 -0.210727
internal_weight=49926 29193 20733 20413 19943 16442 3374 8780 7633 17039 15648 2990 8809 846 8412 1391 790 1920 1392 6492 4444 3501 368 1293 1199 859 6647 528 3109 219
internal_count=49926 29193 20733 20413 19943 16442 3374 8780 7633 17039 15648 2990 8809 846 8412 1391 790 1920 1392 6492 4444 3501 368 1293 1199 859 6647 528 3109 219
is_linear=0
shrinkage=0.05


Tree=87
num_leaves=31
num_cat=0
split_feature=8 8 8 6 6 6 8 8 6 4 4 4 7 4 4 4 4 6 0 4 4 0 0 7 4 7 8 5 7 4
split_gain=24212.6 7446.17 4108.17 3691.35 3342.13 2957.82 2780.88 2246.6 2086.74 1935.88 2741.71 1870.54 1783.89 2606.43 1826.87 1744.15 1770.03 2237.45 1673.21 1655.07 2318.21 2035.94 1947.35 1648.98 1630.32 1622.83 1611.2 1578.76 1558.24 1510.05
threshold=198.95375000000004 251.25125000000003 115.01750000000001 202.39125000000004 229.01000000000002 213.75375000000003 165.57000000000002 310.41375000000005 167.00250000000003 19.500000000000004 15.500000000000002 19.500000000000004 195.77875000000003 7.5000000000000009 10.500000000000002 19.500000000000004 15.500000000000002 165.52500000000003 25.931250000000002 18.500000000000004 16.500000000000004 26.536249999999999 26.153750000000006 180.75750000000002 18.500000000000004 195.12250000000003 226.00500000000002 1.0000000180025095e-35 273.00250000000005 19.500000000000004
decision_type=2 2 2 2 2 2 2 2 2 2 2 2 2 2 2 2 2 2 2 2 2 2 2 2 2 2 2 2 2 2
left_child=2 4 11 6 8 25 15 19 23 10 -6 28 13 -8 -15 16 17 -4 -11 20 -7 -22 -21 -2 -9 -3 -10 -18 -1 -16
right_child=1 5 3 -5 9 7 12 24 26 18 -12 -13 -14 14 29 -17 27 -19 -20 22 21 -23 -24 -25 -26 -27 -28 -29 -30 -31
leaf_value=-0.14976742641680335 0.25521716741988293 0.30616797147671776 -0.03425128727495784 -0.08994504132190749 -0.027784373611916127 0.043012456906707089 0.076884948081451646 0.20111834677698759 0.0070155403303205719 -0.046651419757046807 0.051058761094521871 -0.497426585931527 -0.043590273208791504 -0.070692588080061597 0.030556644303314447 -0.12175863679855503 -0.064580116512804805 -0.10721666790950318 -0.20940908579105688 0.056880420547318504 0.0018353336704048245 0.15684807099635034 -0.017808413941650111 0.066409067537477218 0.080741358663010146 0.11888179853322763 0.048737463522679186 0.14908832389633783 0.29755965657532218 -0.04372380805608627
leaf_weight=732 156 153 5682 2966 4851 4538 1104 342 7605 541 1427 38 2379 944 2283 759 142 1289 223 1587 275 922 1939 447 1584 474 3326 221 20 977
leaf_count=732 156 153 5682 2966 4851 4538 1104 342 7605 541 1427 38 2379 944 2283 759 142 1289 223 1587 275 922 1939 447 1584 474 3326 221 20 977
internal_value=-4.62821e-05 0.0278714 -0.0434748 -0.0387679 0.00813388 0.0589062 -0.0291487 0.0529833 0.0247055 -0.0190085 -0.0098632 -0.155166 -0.00761174 0.00851353 -0.00944128 -0.0496052 -0.042138 -0.0477432 -0.0941579 0.0427651 0.059339 0.121235 0.0158079 0.115255 0.102117 0.164583 0.0197104 0.0655045 -0.13787 0.00829529
internal_weight=49926 30390 19536 18746 18576 11814 15780 11187 11534 7042 6278 790 7687 5308 4204 8093 7334 6971 764 9261 5735 1197 3526 603 1926 627 10931 363 752 3260
internal_count=49926 30390 19536 18746 18576 11814 15780 11187 11534 7042 6278 790 7687 5308 4204 8093 7334 6971 764 9261 5735 1197 3526 603 1926 627 10931 363 752 3260
is_linear=0
shrinkage=0.05


Tree=88
num_leaves=31
num_cat=0
split_feature=8 8 7 6 6 8 6 6 6 0 8 7 6 5 6 7 8 0 6 6 7 5 6 8 6 7 7 6 7 8
split_gain=22028.5 7627.39 3723.29 3335.89 2929.24 2800.14 3049.64 2673.67 2463.68 2256.7 2092.56 2003.29 1829.42 1697.39 1665.28 1661.37 1478.14 2922.86 4744.15 1830.8 1446.72 1377.16 1373.43 1320.4 1908.45 1489.93 1381.91 1314.96 1484.99 1195.6
threshold=236.96250000000003 176.47750000000005 195.77875000000003 165.52500000000003 267.02250000000009 292.00250000000005 319.00500000000005 262.23625000000004 236.25375000000003 24.566250000000007 129.50500000000002 155.75500000000002 135.30875000000003 1.0000000180025095e-35 143.30750000000003 188.75125000000003 91.300000000000011 26.901250000000001 154.00125000000003 201.87750000000003 154.00125000000003 1.0000000180025095e-35 289.66750000000008 202.39125000000004 215.31125000000003 263.00375000000003 221.57250000000002 183.00125000000003 194.69625000000002 343.17750000000007
decision_type=2 2 2 2 2 2 2 2 2 2 2 2 2 2 2 2 2 2 2 2 2 2 2 2 2 2 2 2 2 2
left_child=1 2 10 11 23 6 8 16 27 -6 14 -3 20 29 -1 -11 17 18 -4 -20 -12 -14 -15 26 25 -25 -5 28 -2 -7
right_child=5 3 7 4 9 13 -8 -9 -10 15 12 -13 21 22 -16 -17 -18 -19 19 -21 -22 -23 -24 24 -26 -27 -28 -29 -30 -31
leaf_value=-0.063682061096449818 0.32427931597026499 0.2224195846777528 -1.0854029700869607 -0.011179128349666285 0.10858201463750312 0.12927057260470956 -0.17258449057453565 -0.38130488810232949 0.024362839626904484 0.040229622612989277 0.062383429347465484 0.046630675403500334 -0.077937798250631449 0.11386567461745407 -0.17326668538809542 -0.17291392141926831 -0.093665636858446519 0.22608147338032725 0.16574609052567257 -0.46752438354492193 -0.064582087518038608 -0.026870102802448927 0.041374361047158206 0.034216786890173052 -0.013515750172140118 -0.071376360260199209 -0.064099603947490549 0.063755793883188944 0.098504080863405064 0.40187410042576843
leaf_weight=1843 104 188 21 5342 107 950 173 90 8638 109 841 1175 1757 974 427 567 1928 20 21 25 306 5310 1985 4810 6729 359 1604 3238 243 42
leaf_count=1843 104 188 21 5342 107 950 173 90 8638 109 841 1175 1757 974 427 567 1928 20 21 25 306 5310 1985 4810 6729 359 1604 3238 243 42
internal_value=-4.3968e-05 -0.0232171 -0.0539876 -0.0047621 -0.0100149 0.0475568 0.0358738 -0.114672 0.0388243 -0.104775 -0.0418033 0.0708774 -0.0300602 0.0842113 -0.0842956 -0.138546 -0.102763 -0.304359 -0.4627 -0.178423 0.0285112 -0.0395666 0.065236 -0.00607745 0.00403523 0.0268831 -0.0233998 0.0736688 0.166172 0.140812
internal_weight=49926 33579 12589 20990 19627 16347 12396 2105 12223 783 10484 1363 8214 3951 2270 676 2015 87 67 46 1147 7067 2959 18844 11898 5169 6946 3585 347 992
internal_count=49926 33579 12589 20990 19627 16347 12396 2105 12223 783 10484 1363 8214 3951 2270 676 2015 87 67 46 1147 7067 2959 18844 11898 5169 6946 3585 347 992
is_linear=0
shrinkage=0.05


Tree=89
num_leaves=31
num_cat=0
split_feature=8 8 4 4 6 8 6 7 8 6 6 7 4 6 0 4 5 0 5 0 4 8 5 7 8 6 0 0 6 4
split_gain=19969 6495.72 3207.97 5484.15 2952.34 2806.71 2861.19 2740.73 2562.06 2386.08 2266.4 2188.73 2027.45 1777.27 1752.13 1843 2205.53 2053.64 1893.64 2345.52 1724.24 1699.43 1659.48 1454.56 1682.31 3672.3 1447.53 1393.24 1380.79 1315.74
threshold=233.16625000000002 165.57000000000002 18.500000000000004 15.500000000000002 181.00625000000002 292.00250000000005 316.50500000000005 187.37875000000003 188.31000000000003 222.00250000000003 220.01250000000002 154.99000000000004 19.500000000000004 241.59250000000003 28.873750000000005 17.500000000000004 1.0000000180025095e-35 26.221250000000001 1.0000000180025095e-35 24.881250000000005 18.500000000000004 194.32625000000004 1.0000000180025095e-35 288.67250000000007 91.300000000000011 154.00125000000003 25.506250000000005 20.641250000000003 142.12500000000003 1.5000000000000002
decision_type=2 2 2 2 2 2 2 2 2 2 2 2 2 2 2 2 2 2 2 2 2 2 2 2 2 2 2 2 2 2
left_child=1 7 3 4 11 6 9 22 27 -2 -10 28 23 -4 15 18 -17 -18 19 21 -7 -5 -1 24 25 -9 -15 -6 -3 -11
right_child=5 2 13 14 8 20 -8 12 10 29 -12 -13 -14 26 -16 16 17 -19 -20 -21 -22 -23 -24 -25 -26 -27 -28 -29 -30 -31
leaf_value=-0.085693431594375244 0.083123993920179773 0.31800777130822344 -0.041096002965287565 0.024517724316650898 0.043095318661273828 0.13277793103643096 -0.14429376243687839 -0.76868151900048065 0.0062981414276887084 -0.020049214840490059 -0.042786593176744513 0.0098964744368769935 -0.34715940525734817 -0.053863028439756003 -0.016555393361632254 0.15102963916236356 -0.083513681600203671 0.15025173754005108 0.13427104581142985 -0.095506042034903982 0.059328643643088201 0.37235103352316501 -0.032914581167158716 0.20990707790996466 -0.09982126812648956 -0.032862705450791584 -0.260373646290815 -0.086815374375249166 0.086019082310467357 0.032218747801587823
leaf_weight=1980 2168 75 3179 89 230 1112 226 30 5649 1372 4029 3714 91 163 607 217 461 118 1361 223 2839 58 6010 36 1385 39 177 2010 443 9835
leaf_count=1980 2168 75 3179 89 230 1112 226 30 5649 1372 4029 3714 91 163 607 217 461 118 1361 223 2839 58 6010 36 1385 39 177 2010 443 9835
internal_value=-4.17696e-05 -0.0233253 -0.00881532 -0.000804072 -0.0125501 0.0429039 0.0321275 -0.0578956 -0.0252891 0.0351085 -0.0141361 0.0233253 -0.118045 -0.0527167 0.0597249 0.0780478 0.0150796 -0.0358724 0.107004 0.0067043 0.0800008 0.161758 -0.0459937 -0.104052 -0.111826 -0.352784 -0.16137 -0.0734763 0.119608 0.0258199
internal_weight=49926 32374 22803 19284 16150 17552 13601 9571 11918 13375 9678 4232 1581 3519 3134 2527 796 579 1731 370 3951 147 7990 1490 1454 69 340 2240 518 11207
internal_count=49926 32374 22803 19284 16150 17552 13601 9571 11918 13375 9678 4232 1581 3519 3134 2527 796 579 1731 370 3951 147 7990 1490 1454 69 340 2240 518 11207
is_linear=0
shrinkage=0.05


Tree=90
num_leaves=31
num_cat=0
split_feature=8 8 6 6 8 6 8 0 6 4 4 0 8 4 4 4 4 4 4 5 4 4 4 0 6 4 0 4 6 0
split_gain=18720.3 5735.58 3022.08 2843.62 2203.53 2495.68 2118.6 2540.76 1999.55 1973.07 2046.22 2296.15 1938.36 1815.29 1771.65 1885.86 1716.96 2668.13 2470.62 2102.16 2294.83 1670.62 2429.76 1523.04 1502.07 1489.23 3278.95 1831.8 1476.3 1419.29
threshold=235.72875000000002 180.39375000000004 228.57250000000002 187.77250000000004 314.00375000000008 237.75250000000003 91.300000000000011 27.121250000000003 164.00375000000003 19.500000000000004 2.5000000000000004 23.986250000000002 264.75125000000008 19.500000000000004 18.500000000000004 1.5000000000000002 5.5000000000000009 7.5000000000000009 10.500000000000002 1.0000000180025095e-35 8.5000000000000018 18.500000000000004 15.500000000000002 26.221250000000001 321.28250000000008 4.5000000000000009 25.903750000000006 18.500000000000004 303.50250000000005 25.506250000000005
decision_type=2 2 2 2 2 2 2 2 2 2 2 2 2 2 2 2 2 2 2 2 2 2 2 2 2 2 2 2 2 2
left_child=1 3 8 6 5 -2 7 29 -3 10 -8 -12 24 16 15 -14 -10 -18 19 20 -19 22 -4 -16 -7 26 -5 -27 -6 -1
right_child=4 2 21 25 28 12 9 -9 13 -11 11 -13 14 -15 23 -17 17 18 -20 -21 -22 -23 -24 -25 -26 27 -28 -29 -30 -31
leaf_value=-0.19444511549813406 0.070775638709704561 0.073009345562820765 -0.047651845691203669 -0.1562146976381702 0.17642437895719842 0.005499109648636976 -0.067745298752985461 0.18283694744420551 -0.028008212710444538 -0.091637574767025609 0.013890351045098184 -0.039857886665452646 0.0104344977246442 -0.044391593354344117 0.061208975164503535 0.094750060349682988 0.074467507709938083 0.16063529841601851 0.027362617568024251 -0.057354955149326176 -0.02484627701718891 -0.12016487811149477 0.050930690004785832 -0.011811946799357813 -0.21706951276532244 -0.067802277613709716 -0.80424583866482691 -0.25572272230205789 0.069020270600442982 -0.55684077509424901
leaf_weight=70 4142 1071 3146 277 450 4887 2305 30 2465 1300 3795 4171 940 1823 1165 2252 1756 260 4955 2055 465 563 780 1845 77 1759 21 140 1107 44
leaf_count=70 4142 1071 3146 277 450 4887 2305 30 2465 1300 3795 4171 940 1823 1165 2252 1756 260 4955 2055 465 563 780 1845 77 1759 21 140 1107 44
internal_value=0.000483337 -0.0212802 -0.00366714 -0.045764 0.0433922 0.0376283 -0.0359746 -0.226577 0.00720006 -0.0336026 -0.0262571 -0.0142522 0.0253323 0.0020849 0.0439698 0.0699203 0.00917144 0.0188277 0.00619638 -0.0315298 0.0416713 -0.0396168 -0.0280659 0.0164503 0.0020467 -0.0979636 -0.201881 -0.0816563 0.100062 -0.334317
internal_weight=50116 33251 19339 13912 16865 15308 11715 144 14850 11571 10271 7966 11166 13779 6202 3192 11956 9491 7735 2780 725 4489 3926 3010 4964 2197 298 1899 1557 114
internal_count=50116 33251 19339 13912 16865 15308 11715 144 14850 11571 10271 7966 11166 13779 6202 3192 11956 9491 7735 2780 725 4489 3926 3010 4964 2197 298 1899 1557 114
is_linear=0
shrinkage=0.05


Tree=91
num_leaves=31
num_cat=0
split_feature=8 8 6 6 8 6 4 8 6 4 6 4 4 4 0 4 6 6 4 4 0 0 4 4 4 5 4 4 4 4
split_gain=16906 5228.21 2712.55 2570.2 2185.01 2506.54 3721.35 2078.83 2636.86 2038.79 1797.41 1650.49 1648.02 2007.56 2501.51 1904.65 1636.23 1591.81 1591.5 1792.57 1740.26 1623.23 1572.24 2425.13 2279.18 1916.95 2078.3 1561.63 2266.19 1444.59
threshold=236.24750000000003 180.39375000000004 228.57250000000002 184.40500000000003 91.300000000000011 126.45750000000001 5.5000000000000009 290.55875000000009 295.50500000000005 7.5000000000000009 164.00375000000003 19.500000000000004 19.500000000000004 3.5000000000000004 21.272500000000004 14.500000000000002 288.2675000000001 188.30125000000004 18.500000000000004 5.5000000000000009 27.051250000000003 25.931250000000002 5.5000000000000009 7.5000000000000009 10.500000000000002 1.0000000180025095e-35 8.5000000000000018 18.500000000000004 15.500000000000002 5.5000000000000009
decision_type=2 2 2 2 2 2 2 2 2 2 2 2 2 2 2 2 2 2 2 2 2 2 2 2 2 2 2 2 2 2
left_child=1 3 10 4 5 6 -1 8 17 -7 -3 22 13 -6 29 -16 -9 -2 19 21 -21 -5 -12 -24 25 26 -25 28 -4 -15
right_child=7 2 27 18 12 9 -8 16 -10 -11 11 -13 -14 14 15 -17 -18 -19 -20 20 -22 -23 23 24 -26 -27 -28 -29 -30 -31
leaf_value=0.5446865016763861 0.13096165962666825 0.069240020771004995 -0.044603042630944695 -0.13638311676620613 -0.057351266938378477 -0.52954536333228608 -0.34695059335231782 0.1171003376773939 -0.054515255106912679 -0.026569110309255534 -0.026581780358113691 -0.042082032358491429 -0.084426154935399136 0.0041304518436478012 -0.04600906488472381 0.030260368035285125 0.050224617649448425 0.033915819695317831 -0.23870244179740099 -0.0026626681224635631 -0.098772680111842009 -0.44729752686429536 0.071113958902685473 0.15282580369077195 0.026420236073187484 -0.054507305751381421 -0.023403611086516805 -0.11376594263510863 0.049275663747524109 0.089394403345133641
leaf_weight=22 439 1076 3223 393 3110 66 25 1366 833 29 2479 1830 1274 1316 3689 1052 2768 11276 166 822 1103 47 1760 261 4975 2071 466 578 803 798
leaf_count=22 439 1076 3223 393 3110 66 25 1366 833 29 2479 1830 1274 1316 3689 1052 2768 11276 166 822 1103 47 1760 261 4975 2071 466 578 803 798
internal_value=0.00045917 -0.020054 -0.00336287 -0.0434758 -0.033341 -0.228248 0.0704115 0.0415715 0.0314405 -0.376005 0.00699115 0.00215227 -0.0308784 -0.0240325 -0.00891628 -0.0290853 0.0723224 0.0375524 -0.0890483 -0.078544 -0.0577325 -0.169594 0.00889126 0.0181158 0.00611572 -0.0299868 0.0398644 -0.0369122 -0.0258786 0.0363162
internal_weight=50116 33434 19522 13912 11381 142 47 16682 12548 95 14918 13842 11239 9965 6855 4741 4134 11715 2531 2365 1925 440 12012 9533 7773 2798 727 4604 4026 2114
internal_count=50116 33434 19522 13912 11381 142 47 16682 12548 95 14918 13842 11239 9965 6855 4741 4134 11715 2531 2365 1925 440 12012 9533 7773 2798 727 4604 4026 2114
is_linear=0
shrinkage=0.05


Tree=92
num_leaves=31
num_cat=0
split_feature=8 8 8 6 6 7 6 7 6 7 7 8 0 5 8 6 6 5 6 7 6 5 8 7 0 7 8 6 6 7
split_gain=15482.3 4344.72 2954.38 2952.64 2700.71 2368.28 1945.27 2321.45 1925.67 1903.42 1733.78 1664.87 1639.01 1395.42 1374.59 1577.11 1355.87 1316.71 1303.66 1046.06 1026.67 965.31 945.044 931.946 908.732 879.544 987.236 977.377 870.307 822.939
threshold=207.58875000000003 269.50500000000005 139.74500000000003 256.93000000000006 135.30875000000003 225.00500000000002 193.00125000000003 195.12250000000003 264.00250000000005 154.00125000000003 154.00125000000003 240.68125000000001 24.631250000000005 1.0000000180025095e-35 167.00250000000003 189.00125000000003 295.50500000000005 1.0000000180025095e-35 140.96750000000003 195.77875000000003 312.48875000000004 1.0000000180025095e-35 194.32625000000004 189.35500000000005 24.976250000000004 180.75750000000002 318.53125000000006 298.49000000000007 220.55125000000004 257.04625000000004
decision_type=2 2 2 2 2 2 2 2 2 2 2 2 2 2 2 2 2 2 2 2 2 2 2 2 2 2 2 2 2 2
left_child=2 3 9 6 10 14 7 -2 -3 18 -4 28 -5 -10 17 19 23 -6 -1 22 -7 -11 -16 -14 -17 -15 27 -27 -8 -9
right_child=1 8 4 12 5 20 11 29 13 21 -12 -13 16 25 15 24 -18 -19 -20 -21 -22 -23 -24 -25 -26 26 -28 -29 -30 -31
leaf_value=-0.030572939829903903 0.16311439177050083 0.10313169351552705 0.14072126938564333 0.10333117009518114 -0.083632707470499307 -0.063078291989074539 0.020931992706706471 0.060904282834708993 0.086546916982146047 -0.21309200179235763 0.0030997498057298229 0.040429232166081082 0.07421195133580856 0.22465889266152916 0.014099045738036853 -0.0051903591102834398 -0.11536432610938906 -0.024427920254640949 -0.11083139695478546 -0.033511483491659791 -0.32128064953363861 -0.10034343026366724 0.087520662583532541 -0.032315417311558792 -0.050179145062900291 0.034566939910486073 0.075042697291008112 -0.021884195995319929 -0.0089594741036227808 -0.031210384327208712
leaf_weight=2259 503 1805 394 222 1249 2997 4475 871 1435 249 546 4868 223 57 3709 2153 473 3785 652 1027 39 799 497 2588 2345 2186 851 1181 5342 336
leaf_count=2259 503 1805 394 222 1249 2997 4475 871 1435 249 546 4868 223 57 3709 2153 473 3785 652 1027 39 799 497 2588 2345 2186 851 1181 5342 336
internal_value=0.000436212 0.025724 -0.0301051 0.0134926 -0.0218145 -0.0261762 0.0223987 0.0728699 0.0581148 -0.069351 0.0607837 0.0165215 -0.0281548 0.0438844 -0.0179063 -0.00693352 -0.0370433 -0.0391174 -0.0485491 0.0117284 -0.0663951 -0.127132 0.0227749 -0.0238645 -0.0286449 0.0295637 0.0269273 0.0147663 0.00466631 0.0352618
internal_weight=50116 27416 22700 19901 18741 17801 16395 1710 7515 3959 940 14685 3506 5710 14765 9731 3284 5034 2911 5233 3036 1048 4206 2811 4498 4275 4218 3367 9817 1207
internal_count=50116 27416 22700 19901 18741 17801 16395 1710 7515 3959 940 14685 3506 5710 14765 9731 3284 5034 2911 5233 3036 1048 4206 2811 4498 4275 4218 3367 9817 1207
is_linear=0
shrinkage=0.05


Tree=93
num_leaves=31
num_cat=0
split_feature=8 8 8 4 4 4 0 0 4 0 4 5 4 0 1 0 4 4 4 5 5 4 5 4 4 5 4 0 1 4
split_gain=14120.8 3443.68 2962.11 2501.05 2414.25 4074.62 3414.06 2271.84 2038.02 2172.06 2030.73 3118.54 3047.95 1961.74 1921.03 1862.81 1732.07 2571.19 1706.71 2230.86 1586.52 3467.58 1539.62 1659.1 1500.06 1498.18 1444.62 1388.65 1347.89 1295.92
threshold=220.17500000000004 152.45750000000001 269.50500000000005 19.500000000000004 18.500000000000004 15.500000000000002 20.132500000000004 27.433750000000003 5.5000000000000009 29.381250000000005 19.500000000000004 1.0000000180025095e-35 17.500000000000004 25.241250000000004 9.5000000000000018 25.566250000000007 4.5000000000000009 7.5000000000000009 17.500000000000004 1.0000000180025095e-35 1.0000000180025095e-35 6.5000000000000009 1.0000000180025095e-35 16.500000000000004 19.500000000000004 1.0000000180025095e-35 14.500000000000002 24.631250000000005 8.5000000000000018 10.500000000000002
decision_type=2 2 2 2 2 2 2 2 2 2 2 2 2 2 2 2 2 2 2 2 2 2 2 2 2 2 2 2 2 2
left_child=1 13 3 8 5 6 -3 18 -2 27 11 12 -4 -1 -14 -5 -8 20 25 -20 21 -18 -9 28 26 -7 -15 -10 -24 -19
right_child=2 4 10 15 -6 7 16 22 9 -11 -12 -13 14 24 -16 -17 17 29 19 -21 -22 -23 23 -25 -26 -27 -28 -29 -30 -31
leaf_value=-0.039888909577472487 -0.0078333872075882372 0.056047961339213463 0.090457907726417652 0.0037007126605085039 -0.052974677999144903 0.017953255394821049 -0.064773356295376242 -0.11801153123010642 0.0043711916766542092 0.015503654124012967 0.025579065343524571 0.053811828334560378 0.32643643704468683 -0.12063733960358083 0.031449665600324382 -0.09845590884125828 -0.12538287734814504 -0.055223329274314094 0.16468213344154162 -0.091638331990543526 0.04635180804478517 0.10653796522790111 -0.071932264047914501 0.12998622999182627 -0.37334709370136265 0.14392561593037803 -0.0040201230317710298 0.076862011985142212 0.29655293336621041 -0.01507984418573555
leaf_weight=4793 3591 1469 666 1104 3339 311 2203 253 817 5525 3268 3220 293 1213 68 749 441 3191 127 256 2135 254 307 241 50 979 340 3452 27 5434
leaf_count=4793 3591 1469 666 1104 3339 311 2203 253 817 5525 3268 3220 293 1213 68 749 441 3191 127 256 2135 254 307 241 50 979 340 3452 27 5434
internal_value=0.000414401 -0.0237875 0.0295198 0.0168506 -0.0139907 -0.00660651 -0.016381 0.0525131 0.0243875 0.0362014 0.055209 0.0780088 0.153875 -0.0559029 0.270871 -0.037592 -0.0241711 -0.0163626 0.0860382 -0.00664434 0.0249922 -0.0406233 -0.0152253 0.0300007 -0.103785 0.113556 -0.0951062 0.0629887 -0.0421445 -0.0299318
internal_weight=50116 27363 22753 15238 20967 17628 15127 2501 13385 9794 7515 4247 1027 6396 361 1853 13658 11455 1673 383 2830 695 828 575 1603 1290 1553 4269 334 8625
internal_count=50116 27363 22753 15238 20967 17628 15127 2501 13385 9794 7515 4247 1027 6396 361 1853 13658 11455 1673 383 2830 695 828 575 1603 1290 1553 4269 334 8625
is_linear=0
shrinkage=0.05


Tree=94
num_leaves=31
num_cat=0
split_feature=8 8 7 6 4 4 8 4 4 4 4 6 6 4 4 8 4 1 1 4 4 4 1 6 6 1 4 8 1 1
split_gain=12967 4123.29 2798.26 2768.47 2437.38 2674.24 2274.72 2225.49 2689.44 2729.91 3437.09 2405.81 2220.27 2213.52 2711.67 1614.98 1550.34 2332.89 4660.07 1449.33 1410.16 1408.68 2149.75 1318.66 1247.96 1230.72 1213.05 1269.33 1210.92 1724.7
threshold=198.95375000000004 252.50250000000003 210.48000000000002 278.17875000000009 19.500000000000004 5.5000000000000009 129.50500000000002 17.500000000000004 14.500000000000002 7.5000000000000009 5.5000000000000009 138.17625000000004 240.25625000000002 8.5000000000000018 15.500000000000002 323.40875000000005 17.500000000000004 8.5000000000000018 4.5000000000000009 19.500000000000004 1.5000000000000002 16.500000000000004 9.5000000000000018 218.24125000000004 134.00250000000003 9.5000000000000018 10.500000000000002 164.00375000000003 8.5000000000000018 4.5000000000000009
decision_type=2 2 2 2 2 2 2 2 2 2 2 2 2 2 2 2 2 2 2 2 2 2 2 2 2 2 2 2 2 2
left_child=2 4 6 -4 5 23 24 8 9 10 11 -8 -3 -7 -15 19 17 18 -16 20 -14 22 -19 -2 -1 -23 -11 -28 29 -18
right_child=1 12 3 -5 -6 13 7 -9 -10 26 -12 -13 15 14 16 -17 28 21 -20 -21 -22 25 -24 -25 -26 -27 27 -29 -30 -31
leaf_value=-0.04439169494461697 0.010266905264261677 0.095977383784313114 -0.062334665680960036 -0.30841692465089138 -0.044243614792678375 0.061623315791280359 0.044916070400583485 -0.063091600012718282 0.05010606138797366 -0.078296370493352502 0.067510978234313609 -0.047694104995245207 -0.0044800318172148051 -0.0082065243075792084 0.17004351270199319 0.1013573682496679 0.004258041111696061 0.037780262536896203 -0.026994385035927354 0.0020229548348348679 0.056876486010369799 0.28735507745450989 0.35885866562645119 -0.047433722480550035 -0.12500360136024671 0.02824171997520343 -0.068411490155134522 -0.0014653421845379894 -0.063436714360699517 0.12431088247310827
leaf_weight=1669 1737 1770 3638 118 2103 2999 1001 1989 1812 1636 1691 2342 1184 6046 470 840 1178 76 830 3217 4479 60 166 2303 674 194 1094 2007 392 401
leaf_count=1669 1737 1770 3638 118 2103 2999 1001 1989 1812 1636 1691 2342 1184 6046 470 840 1178 76 830 3217 4479 60 166 2303 674 194 1094 2007 392 401
internal_value=0.000393681 0.0208372 -0.031247 -0.0700657 0.00651098 0.0128448 -0.0220856 -0.0142315 -0.00584143 -0.0162167 0.00942043 -0.0199637 0.0444711 0.0240295 0.0125403 0.0350919 0.0458388 0.0794416 0.0442424 0.0288236 0.0440483 0.171698 0.258024 -0.0226253 -0.067581 0.0894496 -0.0434613 -0.0250832 0.0152194 0.0347464
internal_weight=50116 30445 19671 3756 18955 16852 15915 13572 11583 9771 5034 3343 11490 12812 9813 9720 3767 1796 1300 8880 5663 496 242 4040 2343 254 4737 3101 1971 1579
internal_count=50116 30445 19671 3756 18955 16852 15915 13572 11583 9771 5034 3343 11490 12812 9813 9720 3767 1796 1300 8880 5663 496 242 4040 2343 254 4737 3101 1971 1579
is_linear=0
shrinkage=0.05


Tree=95
num_leaves=31
num_cat=0
split_feature=8 8 8 6 6 8 0 6 4 6 7 7 4 4 4 6 7 8 7 8 0 4 4 0 0 4 4 6 4 4
split_gain=12597.7 3564.09 2776.56 2725.12 2393.09 1896.57 1854.55 1844.78 1749.3 1664.47 2660.46 1644.38 1849.62 1630.5 2041.2 1557.16 1554.02 1475.6 1455.61 1404.03 1358.7 2138.09 1525.84 1334.5 1315.59 1111.74 1058.45 1039.05 986.067 1472.28
threshold=207.00125000000003 270.50125000000008 115.01750000000001 259.01625000000007 201.87750000000003 168.50125000000003 24.631250000000005 264.00250000000005 5.5000000000000009 201.87750000000003 195.12250000000003 189.35500000000005 7.5000000000000009 19.500000000000004 10.500000000000002 165.52500000000003 266.00125000000008 323.40875000000005 161.47750000000005 229.01000000000002 25.598750000000006 17.500000000000004 15.500000000000002 30.586250000000003 26.221250000000001 8.5000000000000018 19.500000000000004 294.00250000000005 1.5000000000000002 6.5000000000000009
decision_type=2 2 2 2 2 2 2 2 2 2 2 2 2 2 2 2 2 2 2 2 2 2 2 2 2 2 2 2 2 2
left_child=2 3 26 9 5 15 -5 -3 -6 10 -2 12 -7 14 -8 28 -12 18 -9 -11 21 22 25 -19 -15 -10 -1 -22 -4 -30
right_child=1 7 4 6 8 11 13 17 20 19 16 -13 -14 24 -16 -17 -18 23 -20 -21 27 -23 -24 -25 -26 -27 -28 -29 29 -31
leaf_value=-0.10572969739398366 0.13369977262402596 0.097329637549502787 -0.059713083056892505 0.11415701576860067 -0.12251797138969414 0.085457845474860267 -0.079864874337669561 0.42486718167429394 0.042826063755804694 -0.0046492400881639464 0.044509348036587987 -0.023229763050358745 0.0056362731463376527 -0.044216538369787096 0.015973712484294942 -0.070912731374548274 -0.073950982061123854 0.089633378269067282 0.026151416115504374 0.026895841897884465 -0.056246978597987475 -0.082536716447938752 0.15665485282195268 0.4607498909235001 -0.18446668000591379 -0.15232472596285138 -0.37598136198755944 -0.23302836710110655 0.011630045629673097 -0.040465357436072519
leaf_weight=778 778 1743 1304 208 825 905 898 23 353 6330 1642 3750 3664 363 1457 1989 333 780 4814 7967 2482 442 251 25 310 92 38 86 3074 2427
leaf_count=778 778 1743 1304 208 825 905 898 23 353 6330 1642 3750 3664 363 1457 1989 333 780 4814 7967 2482 442 251 25 310 92 38 86 3074 2427
internal_value=4.6247e-05 0.0226278 -0.0277745 0.0118008 -0.0243611 -0.0158062 -0.0302644 0.0523687 -0.0566718 0.0197846 0.0553858 0.00130773 0.0214468 -0.040185 -0.0205711 -0.0319957 0.024536 0.0384788 0.0280473 0.0129292 -0.0420136 0.00346473 0.0580806 0.101159 -0.108819 0.00248028 -0.118315 -0.0621672 -0.0206208 -0.0113541
internal_weight=50131 27671 22460 20286 21644 17113 3236 7385 4531 17050 2753 8319 4569 3028 2355 8794 1975 5642 4837 14297 3706 1138 696 805 673 445 816 2568 6805 5501
internal_count=50131 27671 22460 20286 21644 17113 3236 7385 4531 17050 2753 8319 4569 3028 2355 8794 1975 5642 4837 14297 3706 1138 696 805 673 445 816 2568 6805 5501
is_linear=0
shrinkage=0.05


Tree=96
num_leaves=31
num_cat=0
split_feature=4 4 4 4 4 4 5 0 4 5 0 4 4 0 1 1 3 4 5 0 5 1 4 1 0 4 4 1 1 1
split_gain=4089.27 3458.73 5080.25 5825.34 3437.15 3296.78 2619.03 1855.82 2144.19 2693.86 1678.15 1462.08 1435.22 2380.85 1954.93 1984.8 1368.88 1149.3 3888.57 3853.37 3643.05 2545.77 3910.13 2278.98 4294.81 5326.39 3139.02 3397.11 2137.38 1694.81
threshold=4.5000000000000009 20.500000000000004 15.500000000000002 8.5000000000000018 18.500000000000004 10.500000000000002 1.0000000180025095e-35 29.381250000000005 16.500000000000004 1.0000000180025095e-35 30.791250000000002 17.500000000000004 19.500000000000004 25.991250000000004 7.5000000000000009 4.5000000000000009 1.0000000180025095e-35 17.500000000000004 1.0000000180025095e-35 26.568750000000005 1.0000000180025095e-35 9.5000000000000018 16.500000000000004 8.5000000000000018 26.568750000000005 16.500000000000004 16.500000000000004 4.5000000000000009 10.500000000000002 10.500000000000002
decision_type=2 2 2 2 2 2 2 2 2 2 2 2 2 2 2 2 2 2 2 2 2 2 2 2 2 2 2 2 2 2
left_child=-1 2 3 -2 7 16 12 17 -9 11 -7 -10 13 -6 15 -15 -5 18 21 20 28 -4 -23 26 25 -25 27 -20 -19 -27
right_child=1 -3 4 5 6 10 -8 8 9 -11 -12 -13 -14 14 -16 -17 -18 19 23 -21 -22 22 -24 24 -26 29 -28 -29 -30 -31
leaf_value=-0.027905177813943929 0.033884187347102461 -0.026731686705568854 -0.054789183753628803 -0.037836502314019992 0.019678793075563743 -0.020696010444871446 -0.01507141310935247 -0.043049913056893277 -0.17322581082819 0.15197531911931658 0.019928087194168036 0.11177735850148436 0.018263721033008128 0.030031304979740187 0.049101001400696606 0.41745198481826934 -0.10099472198902651 0.23856050828548536 0.1109630233787075 0.12882453726383655 -0.065322124582472538 -0.082455534746881623 0.3933488137295677 0.30328125343299828 0.35357061898090902 0.12187858421537208 0.15934689982839778 -0.10965569081446465 -0.13651466630399228 -0.16253661248190651
leaf_weight=10378 8327 6273 551 2997 242 5980 3180 744 126 433 4422 70 537 43 95 143 1202 182 423 841 806 83 90 182 289 82 920 297 48 145
leaf_count=10378 8327 6273 551 2997 242 5980 3180 744 126 433 4422 70 537 43 95 143 1202 182 423 841 806 83 90 182 289 82 920 297 48 145
internal_value=4.39347e-05 0.00734039 0.0137243 0.000511245 0.0424345 -0.0185215 0.0076166 0.0658229 0.0144021 0.0823581 -0.00342628 -0.071439 0.0756806 0.134634 0.233635 0.327887 -0.0559161 0.0801174 0.0990016 0.0493112 -0.0152358 -0.00225312 0.165073 0.130357 0.206025 0.101769 0.0981517 0.0199578 0.160284 -0.0597963
internal_weight=50131 39753 33480 22928 10552 14601 4240 6312 1373 629 10402 196 1060 523 281 186 4199 4939 3062 1877 1036 724 173 2338 698 409 1640 720 230 227
internal_count=50131 39753 33480 22928 10552 14601 4240 6312 1373 629 10402 196 1060 523 281 186 4199 4939 3062 1877 1036 724 173 2338 698 409 1640 720 230 227
is_linear=0
shrinkage=0.05


Tree=97
num_leaves=31
num_cat=0
split_feature=8 8 8 6 4 4 0 0 5 6 6 0 4 8 6 6 8 4 8 6 4 4 0 6 0 4 4 5 6 0
split_gain=11255.8 2794.07 2768.38 2548.62 2155.72 3504.33 2798.68 2581.06 2266.29 1810.5 1809.83 1783.88 1772.57 1765.51 1728.19 1719.92 1715.57 1688.32 1576.17 1518.14 1186.76 1303.08 1172.41 1435.65 1158.33 1146.22 1103.73 1294.8 1084.72 1005.05
threshold=214.34500000000003 286.42250000000007 132.64125000000004 215.31125000000003 18.500000000000004 15.500000000000002 25.598750000000006 20.471250000000001 1.0000000180025095e-35 187.77250000000004 281.88750000000005 18.913750000000004 5.5000000000000009 188.31000000000003 319.00500000000005 268.00250000000005 176.47750000000005 16.500000000000004 241.84250000000003 135.30875000000003 20.500000000000004 5.5000000000000009 28.616250000000004 343.70000000000005 29.666250000000002 8.5000000000000018 17.500000000000004 1.0000000180025095e-35 165.52500000000003 27.561250000000005
decision_type=2 2 2 2 2 2 2 2 2 2 2 2 2 2 2 2 2 2 2 2 2 2 2 2 2 2 2 2 2 2
left_child=2 3 11 -2 5 7 26 12 -8 16 -3 -1 19 -11 18 17 28 -10 20 -4 21 -5 -12 -24 -23 -14 -7 -28 -9 -16
right_child=1 10 4 14 -6 6 8 9 15 13 22 -13 25 -15 29 -17 -18 -19 -20 -21 -22 24 23 -25 -26 -27 27 -29 -30 -31
leaf_value=-0.036816227948657715 0.050737492937908413 0.10663522562350741 0.072330546463736239 -0.047431715036602089 -0.055288779257928182 0.12414575328494176 -0.10687764949571371 -0.011466764614887645 -0.0041654706322183108 -0.086440405476909343 0.025171050295529036 -0.11573679510628608 0.086990914082086493 -0.029894021372766935 -0.031174396772710784 -0.2388612624544364 0.017290877769523625 0.14352614171022249 0.022452377271151722 -0.032445010149182232 -0.095262538767260041 0.025484563281715163 0.078622805038755877 0.3540229017703006 -0.023015736729785005 -0.061062858096463959 0.18279754200272941 -0.11387882873684436 -0.063806347274187658 -0.25330786820196982
leaf_weight=1756 4129 1375 450 1384 3231 951 383 2470 460 2050 2795 1209 1066 4226 106 52 2993 334 8964 1492 379 3252 526 52 1981 149 55 111 1652 98
leaf_count=1756 4129 1375 450 1384 3231 951 383 2470 460 2050 2795 1209 1066 4226 106 52 2993 334 8964 1492 379 3252 526 52 1981 149 55 111 1652 98
internal_value=4.17379e-05 0.0237571 -0.0236273 0.0156784 -0.0175473 -0.0110933 0.0460966 -0.0192011 -0.00596689 -0.0287891 0.0582859 -0.0689967 0.0214681 -0.0483644 0.00672272 0.0397173 -0.0115221 0.0579617 0.0085711 -0.00816643 -0.00921503 -0.00428651 0.0385763 0.103399 0.00712433 0.0688345 0.10338 -0.0155824 -0.0324432 -0.137886
internal_weight=50131 25041 25090 20293 22125 18894 2346 16548 1229 13391 4748 2965 3157 6276 16164 846 7115 794 15960 1942 6996 6617 3373 578 5233 1215 1117 166 4122 204
internal_count=50131 25041 25090 20293 22125 18894 2346 16548 1229 13391 4748 2965 3157 6276 16164 846 7115 794 15960 1942 6996 6617 3373 578 5233 1215 1117 166 4122 204
is_linear=0
shrinkage=0.05


Tree=98
num_leaves=31
num_cat=0
split_feature=8 8 8 4 4 5 0 5 4 4 4 8 4 4 4 4 1 1 4 0 5 0 1 4 5 4 0 4 4 1
split_gain=10287.6 3402.28 2149.67 1890.52 2387.55 1714.58 1699.56 3339.32 1494.07 3123.35 1479.15 1448.84 1408.67 4276.15 1964.76 4922.94 1665.21 1550.7 1462.8 1338 1247.91 2611.85 1558.46 1391.87 1222.65 1366.35 1213.59 1213.16 1185.27 3808.6
threshold=198.95375000000004 252.50250000000003 115.01750000000001 18.500000000000004 16.500000000000004 1.0000000180025095e-35 23.791250000000002 1.0000000180025095e-35 5.5000000000000009 8.5000000000000018 20.500000000000004 308.50625000000008 17.500000000000004 14.500000000000002 7.5000000000000009 4.5000000000000009 10.500000000000002 4.5000000000000009 9.5000000000000018 25.566250000000007 1.0000000180025095e-35 25.241250000000004 9.5000000000000018 17.500000000000004 1.0000000180025095e-35 19.500000000000004 24.381250000000005 1.5000000000000002 17.500000000000004 4.5000000000000009
decision_type=2 2 2 2 2 2 2 2 2 2 2 2 2 2 2 2 2 2 2 2 2 2 2 2 2 2 2 2 2 2
left_child=2 3 -1 4 8 -4 7 -6 26 -10 11 27 13 14 15 -7 17 -15 -16 -5 21 -8 28 -23 25 -13 -2 -3 -22 -30
right_child=1 10 5 19 6 12 20 -9 9 -11 -12 24 -14 16 18 -17 -18 -19 -20 -21 22 23 -24 -25 -26 -27 -28 -29 29 -31
leaf_value=-0.10765808396852877 0.024714923721924749 -0.0025238909071659973 -0.050863402283086237 -0.013060946891354428 0.21464503283910696 -0.043059690337199807 0.39902063204747873 -0.044499376253400502 0.057059109010662926 -0.0040026504288958624 0.0091191568761446653 0.27318893964914093 -0.057179436544814735 0.073442388743896553 -0.10083883382649517 0.049572658496929059 0.18668298016471618 -0.038242244681291213 -0.031958620423678162 -0.092529095580373158 0.19131589708984198 -0.1116391763433206 -0.098299172777735019 0.087454215186624648 0.07208076973866466 0.05530493598462654 -0.038031248626302715 0.050863943259823408 -0.13750780970696005 0.20784500208452786
leaf_weight=816 1046 1293 4714 2313 153 3305 41 663 3028 6791 2966 182 1812 1135 976 2534 231 428 3666 687 537 196 71 159 998 119 2927 6010 132 202
leaf_count=816 1046 1293 4714 2313 153 3305 41 663 3028 6791 2966 182 1812 1135 976 2534 231 428 3666 687 537 196 71 159 998 119 2927 6010 132 202
internal_value=3.9651e-05 0.0182007 -0.0282097 0.00515477 0.0120055 -0.0247615 0.0609621 0.0040902 0.00435958 0.0148277 0.0395673 0.0500659 -0.0160268 -0.00995201 -0.0221615 -0.00285925 0.0613786 0.0428595 -0.046441 -0.0312592 0.0956464 0.0211712 0.126954 -0.0224678 0.0987208 0.187049 -0.0215116 0.0414116 0.145316 0.0713583
internal_weight=50131 30514 19617 18946 15946 18801 2154 816 13792 9819 11568 8602 14087 12275 10481 5839 1794 1563 4642 3000 1338 396 942 355 1299 301 3973 7303 871 334
internal_count=50131 30514 19617 18946 15946 18801 2154 816 13792 9819 11568 8602 14087 12275 10481 5839 1794 1563 4642 3000 1338 396 942 355 1299 301 3973 7303 871 334
is_linear=0
shrinkage=0.05


Tree=99
num_leaves=31
num_cat=0
split_feature=8 8 6 4 4 8 6 0 6 8 4 4 6 6 8 0 4 0 0 4 8 4 4 4 0 5 5 4 4 4
split_gain=9421.16 3007.84 2520.24 2251.32 2409.25 1916.1 2193.88 1900.3 1855.12 1312.04 1301.44 1299.91 1645.18 1263.46 1435.5 1212.63 1209.94 1146.26 1045.91 1205.25 1063.63 1016.58 1255.47 1451.26 2129.05 1632.98 1042.68 1000.49 981.21 1112.98
threshold=228.00500000000002 152.45750000000001 161.75500000000002 4.5000000000000009 7.5000000000000009 308.50625000000008 232.66250000000002 22.456250000000001 299.79875000000004 193.75625000000002 5.5000000000000009 10.500000000000002 267.02250000000009 299.79875000000004 262.99375000000003 25.201250000000005 19.500000000000004 30.453750000000003 26.221250000000001 18.500000000000004 255.50375000000003 19.500000000000004 15.500000000000002 17.500000000000004 27.476250000000004 1.0000000180025095e-35 1.0000000180025095e-35 16.500000000000004 1.5000000000000002 20.500000000000004
decision_type=2 2 2 2 2 2 2 2 2 2 2 2 2 2 2 2 2 2 2 2 2 2 2 2 2 2 2 2 2 2
left_child=1 7 -3 15 10 6 -2 28 -7 11 -5 -6 -13 14 -8 -4 -9 -10 -15 20 -20 22 -11 24 -24 -26 -25 -27 -1 -30
right_child=5 2 3 4 9 8 13 16 17 21 -12 12 -14 18 -16 -17 -18 -19 19 -21 -22 -23 23 26 25 27 -28 -29 29 -31
leaf_value=-0.072728613906595505 0.05033866457831862 0.03098786322836445 -0.039337679106966769 -0.025344023449309597 -0.077901291383678781 0.14254575854936008 -0.00024224414448168757 -0.078454695786619871 0.034815161724738829 -0.013470621028494861 0.044577815254400945 -0.018808044323265279 -0.19908225213678984 0.04557903651241213 0.035692150580981893 -0.11852124897932464 -0.27658595339395109 0.33730865109246227 -0.17007647905417758 -0.10518717368134911 0.046485676530180445 -0.043606830272741363 0.13131518348015719 0.069507864802016303 -0.12996739250831088 -0.015155117742261429 -0.034277701598965545 0.13953540476168541 -0.0050672392654860701 -0.10004052888871967
leaf_weight=956 4827 3360 1808 885 1420 647 6132 2093 1469 4567 2683 4779 130 300 5083 660 80 32 69 603 318 1467 651 327 171 237 931 187 2914 345
leaf_count=956 4827 3360 1808 885 1420 647 6132 2093 1469 4567 2683 4779 130 300 5083 660 80 32 69 603 318 1467 651 327 171 237 931 187 2914 345
internal_value=3.76685e-05 -0.0172422 -0.0092054 -0.0156662 -0.00966223 0.0272269 0.0217064 -0.0477679 0.0717712 -0.0185173 0.0272345 -0.0357693 -0.0235821 0.0106542 0.0160444 -0.0605132 -0.085749 0.0412641 -0.036207 -0.0609906 0.00787382 -0.00572873 0.00212973 0.0305829 0.0688308 0.000465435 -0.00730005 0.0530692 -0.0281871 -0.0151212
internal_weight=50131 30651 24263 20903 18435 19480 17332 6388 2148 14867 3568 6329 4909 12505 11215 2468 2173 1501 1290 990 387 8538 7071 2504 1246 595 1258 424 4215 3259
internal_count=50131 30651 24263 20903 18435 19480 17332 6388 2148 14867 3568 6329 4909 12505 11215 2468 2173 1501 1290 990 387 8538 7071 2504 1246 595 1258 424 4215 3259
is_linear=0
shrinkage=0.05


Tree=100
num_leaves=31
num_cat=0
split_feature=4 4 4 4 4 4 0 4 1 4 0 3 1 4 1 1 0 0 4 4 1 6 1 1 4 1 0 6 0 0
split_gain=2908.55 2980.59 4924.57 4749.01 2823.19 1539.69 1784.57 1492.06 1617.12 1309.41 1241.8 1103.6 1013.34 964.66 3777.73 3752.1 3543.95 1797.59 1635.57 1446.97 2140.4 1435.68 1493.82 1310.62 1200.69 1108.22 1107.17 955.819 944.687 828.544
threshold=4.5000000000000009 19.500000000000004 15.500000000000002 8.5000000000000018 10.500000000000002 18.500000000000004 29.491250000000004 16.500000000000004 7.5000000000000009 5.5000000000000009 30.721250000000001 1.0000000180025095e-35 5.5000000000000009 17.500000000000004 8.5000000000000018 4.5000000000000009 26.666250000000002 26.796250000000004 16.500000000000004 16.500000000000004 7.5000000000000009 299.79875000000004 4.5000000000000009 8.5000000000000018 16.500000000000004 7.5000000000000009 20.471250000000001 166.29750000000004 23.078750000000003 26.188750000000002
decision_type=2 2 2 2 2 2 2 2 2 2 2 2 2 2 2 2 2 2 2 2 2 2 2 2 2 2 2 2 2 2
left_child=-1 2 3 9 11 6 13 -8 -9 27 -6 -5 -11 14 15 24 23 18 -16 -17 -21 22 -18 -15 -4 -24 -26 -2 -3 -30
right_child=1 28 5 4 10 -7 7 8 -10 12 -12 -13 -14 16 17 19 21 -19 -20 20 -22 -23 25 -25 26 -27 -28 -29 29 -31
leaf_value=-0.023228441106260388 0.037815120303450925 -0.043994239144357489 0.057108491684311868 -0.033878271012797063 -0.016713301027375886 0.0094670645821587959 -0.04307388608033904 0.029327528187325425 0.25614217565825553 0.065470892043600362 0.018129743570579216 -0.090544084314964968 0.024853776062633195 0.024103701981500941 0.2119301316098266 -0.096218027417594817 -0.003545710102415982 0.25738881389976082 0.042350121063898225 -0.03499641132099978 0.18176229886619227 0.0091952028724422864 0.24185075364213296 -0.092660169779497981 0.052267939704258672 0.073687101556058218 0.19990558423175431 -0.030918619540046717 0.013142102295647285 -0.025624024479763627
leaf_weight=10377 864 2758 537 2958 5916 2106 697 507 93 2826 4504 1211 3363 715 254 388 113 377 323 378 163 209 372 362 176 133 456 1220 2502 3069
leaf_count=10377 864 2758 537 2958 5916 2106 697 507 93 2826 4504 1211 3363 715 254 388 113 377 323 378 163 209 372 362 176 133 456 1220 2502 3069
internal_value=0.000331681 0.00651331 0.0136029 0.00159545 -0.0155652 0.0464435 0.058897 0.00668295 0.0644838 0.0318573 -0.00165255 -0.0503384 0.0434002 0.0725616 0.089985 0.0524735 0.044633 0.172479 0.117001 -0.0225339 0.0303117 0.122479 0.16079 -0.0151428 0.112082 0.197562 0.158791 -0.00242248 -0.0200618 -0.00821371
internal_weight=49927 39550 31221 22862 14589 8359 6253 1297 600 8273 10420 4169 6189 4956 3052 2098 1904 954 577 929 541 827 618 1077 1169 505 632 2084 8329 5571
internal_count=49927 39550 31221 22862 14589 8359 6253 1297 600 8273 10420 4169 6189 4956 3052 2098 1904 954 577 929 541 827 618 1077 1169 505 632 2084 8329 5571
is_linear=0
shrinkage=0.05


Tree=101
num_leaves=31
num_cat=0
split_feature=4 4 4 4 4 4 5 5 4 1 4 1 4 1 1 1 1 4 1 4 1 1 7 1 6 1 6 4 1 4
split_gain=2624.96 2733.2 3149.04 4285.98 2831.1 2547.93 2351.6 1470.38 3692.97 3092.6 3281.04 2833.36 1895.75 4168.26 11449.7 4113.83 5086.64 3216.28 3683.03 2195.14 8553.24 3189.54 1629.9 1577.43 1395.51 1375.4 1327.07 1255.38 1786.54 1181.75
threshold=4.5000000000000009 20.500000000000004 15.500000000000002 8.5000000000000018 18.500000000000004 10.500000000000002 1.0000000180025095e-35 1.0000000180025095e-35 17.500000000000004 9.5000000000000018 16.500000000000004 4.5000000000000009 17.500000000000004 4.5000000000000009 7.5000000000000009 8.5000000000000018 4.5000000000000009 16.500000000000004 7.5000000000000009 16.500000000000004 9.5000000000000018 9.5000000000000018 310.00750000000005 10.500000000000002 256.93000000000006 4.5000000000000009 266.00125000000008 16.500000000000004 1.5000000000000002 5.5000000000000009
decision_type=2 2 2 2 2 2 2 2 2 2 2 2 2 2 2 2 2 2 2 2 2 2 2 2 2 2 2 2 2 2
left_child=-1 2 3 29 7 -5 -6 8 9 25 -11 -10 15 -14 26 16 27 -18 24 21 -21 -17 -13 -22 -19 -4 -15 -9 -29 -2
right_child=1 -3 4 5 6 -7 -8 12 11 10 -12 22 13 14 -16 19 17 18 -20 20 23 -23 -24 -25 -26 -27 -28 28 -30 -31
leaf_value=-0.022067019153142096 -0.0023013576270662513 -0.024077550162074655 -0.0060373400977807691 -0.047821485196082453 0.067373907930328117 -0.0015699181421822445 -0.019143656495472436 0.080734232276593432 0.27523827725090089 -0.071113884791212029 0.35960348604840564 -0.0033413700397601741 -0.083722914803787019 0.36181284610733944 -0.066367403763505792 0.077673635463899299 -0.0978424442996884 0.051565694086776803 0.2970820208169796 0.42411008393986427 0.078267006108146769 0.37021024222507204 0.35721953783716476 -0.16168733685234793 -0.15020663445526414 -0.13315551560008171 0.19081232562100039 0.023755740560591224 0.23579709694345691 0.041230213341178573
leaf_weight=10377 2084 6276 371 4169 1051 10420 3108 550 192 86 91 300 563 216 555 142 585 328 135 141 124 271 35 153 116 499 239 129 432 6189
leaf_count=10377 2084 6276 371 4169 1051 10420 3108 550 192 86 91 300 563 216 555 142 585 328 135 141 124 271 35 153 116 499 239 129 432 6189
internal_value=0.000315097 0.00618764 0.0118961 0.00151568 0.0346889 -0.0147869 0.00271976 0.0559522 0.0141485 -0.0401875 0.150328 0.122099 0.0700148 0.025293 0.0860612 0.0926637 0.0578859 -0.0151565 0.0683863 0.187874 0.107097 0.269629 0.0343292 -0.054271 -0.0011496 -0.0789476 0.271991 0.134413 0.187039 0.0302644
internal_weight=49927 39550 33274 22862 10412 14589 4159 6253 1574 1047 177 527 4679 1573 1010 3106 2275 1164 579 831 418 413 335 277 444 870 455 1111 561 8273
internal_count=49927 39550 33274 22862 10412 14589 4159 6253 1574 1047 177 527 4679 1573 1010 3106 2275 1164 579 831 418 413 335 277 444 870 455 1111 561 8273
is_linear=0
shrinkage=0.05


Tree=102
num_leaves=31
num_cat=0
split_feature=8 8 4 4 7 7 0 8 4 4 0 4 0 4 4 0 4 0 7 4 7 4 1 0 0 1 8 7 4 4
split_gain=8746.2 2671.3 1950.05 2567.82 1978.85 1925.77 1615.01 1463.46 1300.53 2804.7 1276.9 1221.84 1184.11 1163.1 1761.19 1661.76 1602.44 1289 1179.61 1162.56 3562.94 1106.07 1046.72 1011.02 1170.77 961.082 876.84 871.293 867.41 1200.04
threshold=233.16625000000002 148.42750000000004 18.500000000000004 15.500000000000002 179.37250000000003 189.35500000000005 25.241250000000004 295.00250000000005 5.5000000000000009 8.5000000000000018 28.873750000000005 7.5000000000000009 25.598750000000006 1.5000000000000002 18.500000000000004 26.153750000000006 16.500000000000004 26.086250000000003 255.50375000000003 4.5000000000000009 201.85000000000005 19.500000000000004 4.5000000000000009 25.991250000000004 28.931250000000002 5.5000000000000009 175.70500000000001 165.00250000000003 2.5000000000000004 19.500000000000004
decision_type=2 2 2 2 2 2 2 2 2 2 2 2 2 2 2 2 2 2 2 2 2 2 2 2 2 2 2 2 2 2
left_child=1 6 3 4 11 25 28 13 -6 -10 -5 -3 -4 -7 16 -16 -15 -18 -19 20 -8 -21 -12 -9 -25 -2 -13 -14 -1 -30
right_child=5 2 12 10 8 7 19 23 9 -11 22 26 27 14 15 -17 17 18 -20 21 -22 -23 -24 24 -26 -27 -28 -29 29 -31
leaf_value=-0.062052003153137858 0.12047331151640139 0.040737854598622301 -0.029799629420437179 0.051752184455353158 -0.047765815416073443 -0.026187857986985669 -0.096968143166626858 0.14141064023972824 0.022825812321561376 -0.032796961902199037 0.045902516485208225 -0.027420441940344337 0.099260529179288001 0.023054283801452139 0.019519422074335852 -0.053148974807560437 -0.0031545422689503986 0.055868814420424601 0.1560728609599655 -0.068821184267846447 -0.67575278799323479 -0.34308672813992752 -0.081816103500986545 0.032145382851869041 0.12129221603446652 0.040628991065543262 0.01998973617587068 -0.12815557316893744 -0.0033336056809945913 -0.11160864247647406
leaf_weight=1504 797 2439 3546 2782 3381 1457 122 294 3649 5981 285 2006 46 6322 1974 1308 357 595 580 1127 34 38 367 2679 427 715 1898 499 2432 286
leaf_count=1504 797 2439 3546 2782 3381 1457 122 294 3649 5981 285 2006 46 6322 1974 1308 357 595 580 1127 34 38 367 2679 427 715 1898 499 2432 286
internal_value=0.000299342 -0.0150777 -0.00856027 -0.00285407 -0.00992398 0.0287801 -0.046682 0.0236809 -0.021087 -0.0117204 0.0369919 0.0129741 -0.0403454 0.0158218 0.0213182 -0.00944166 0.034172 0.0800509 0.105331 -0.0949315 -0.223114 -0.0777672 -0.0259882 0.0527894 0.0444009 0.0827162 -0.00437113 -0.108961 -0.0315854 -0.0147268
internal_weight=49927 32422 26879 22788 19354 17505 5543 15993 13011 9630 3434 6343 4091 12593 11136 3282 7854 1532 1175 1321 156 1165 652 3400 3106 1512 3904 545 4222 2718
internal_count=49927 32422 26879 22788 19354 17505 5543 15993 13011 9630 3434 6343 4091 12593 11136 3282 7854 1532 1175 1321 156 1165 652 3400 3106 1512 3904 545 4222 2718
is_linear=0
shrinkage=0.05


Tree=103
num_leaves=31
num_cat=0
split_feature=8 6 8 6 6 8 0 8 6 5 4 4 4 0 1 4 8 0 6 8 4 4 4 4 6 4 0 5 0 8
split_gain=8106.18 2403.14 2254.16 2698.06 2075.42 1951.95 1659.05 1609.1 1457.05 1439.51 1270.48 1097.88 1076.47 1914.32 961.751 1112.07 853.729 1280.4 849.93 825.208 810.06 2511.29 1229.4 3557.5 1003.12 800.542 800.277 796.296 789.39 828.626
threshold=207.00125000000003 201.87750000000003 289.01125000000008 289.66750000000008 207.00125000000003 180.39375000000004 24.631250000000005 236.24750000000003 217.25375000000003 1.0000000180025095e-35 5.5000000000000009 18.500000000000004 17.500000000000004 26.188750000000002 5.5000000000000009 7.5000000000000009 155.99500000000003 25.931250000000002 252.01000000000002 241.84250000000003 18.500000000000004 14.500000000000002 6.5000000000000009 4.5000000000000009 160.04875000000004 15.500000000000002 28.176250000000003 1.0000000180025095e-35 26.153750000000006 335.58625000000006
decision_type=2 2 2 2 2 2 2 2 2 2 2 2 2 2 2 2 2 2 2 2 2 2 2 2 2 2 2 2 2 2
left_child=1 5 3 4 -2 9 -5 -6 -4 -1 16 26 13 25 15 -7 17 -3 -9 -8 21 22 23 24 -11 -12 -10 -15 -13 -30
right_child=2 10 8 6 7 14 19 18 11 20 12 28 -14 27 -16 -17 -18 -19 -20 -21 -22 -23 -24 -25 -26 -27 -28 -29 29 -31
leaf_value=-0.053839270726635184 0.050014460934072427 -0.15705216920748355 0.23667630237233916 0.20800427021458745 -0.007378722020696081 0.084063855791651279 -0.16265168664792534 0.036103262623948418 0.054826129764383218 -0.023012513650258491 -1.210211861429603e-05 0.09633432137797486 -0.0988204541499553 -0.10575810475104348 -0.015457455079582641 0.013170070566494258 -0.088554038466175822 -0.58651562093624043 0.0070556331884504475 -0.052081909821300613 -0.055779195108460605 0.065061920950344743 -0.044930459632245734 0.065026754579160184 -0.11688060443086912 0.1023356799145454 0.13781233914304331 -0.036247584115291713 0.01071085081723239 0.10272526185973174
leaf_weight=3137 3808 100 104 56 7984 701 202 5433 748 2711 560 397 671 546 2045 2623 757 21 4694 1025 1062 996 2886 1338 318 290 475 1679 2286 274
leaf_count=3137 3808 100 104 56 7984 701 202 5433 748 2711 560 397 671 546 2045 2623 757 21 4694 1025 1062 996 2886 1338 318 290 475 1679 2286 274
internal_value=0.000284375 -0.0220126 0.0184887 0.012336 0.0164611 -0.0136771 -0.0581382 0.00940624 0.0518118 -0.024546 -0.0541304 0.0472123 -0.041442 -0.0289213 0.0115223 0.0281209 -0.108266 -0.231587 0.0226393 -0.0702849 -0.0146767 -0.00938499 -0.0196082 -0.00287363 -0.0328673 0.0349066 0.0870571 -0.053305 0.0307327 0.0205593
internal_weight=49927 22441 27486 23202 21919 17817 1283 18111 4284 12448 4624 4180 3746 3075 5369 3324 878 121 10127 1227 9311 8249 7253 4367 3029 850 1223 2225 2957 2560
internal_count=49927 22441 27486 23202 21919 17817 1283 18111 4284 12448 4624 4180 3746 3075 5369 3324 878 121 10127 1227 9311 8249 7253 4367 3029 850 1223 2225 2957 2560
is_linear=0
shrinkage=0.05


Tree=104
num_leaves=31
num_cat=0
split_feature=4 4 4 4 4 4 5 0 5 4 4 0 4 5 0 3 6 4 0 5 5 0 4 6 5 6 7 0 0 6
split_gain=2094.58 2274.84 2508.98 3543.59 2291.67 2248.92 2127.45 1444.21 1666.92 2274.73 1148.02 2033.47 992.976 1757.45 977.897 973.151 899.249 811.601 2819.92 3119.03 2753.42 1476.31 1552.97 1231.07 1161.11 920.776 720.632 658.352 655.269 584.906
threshold=4.5000000000000009 20.500000000000004 15.500000000000002 8.5000000000000018 10.500000000000002 18.500000000000004 1.0000000180025095e-35 29.491250000000004 1.0000000180025095e-35 16.500000000000004 19.500000000000004 25.991250000000004 5.5000000000000009 1.0000000180025095e-35 30.721250000000001 1.0000000180025095e-35 135.30875000000003 17.500000000000004 26.666250000000002 1.0000000180025095e-35 1.0000000180025095e-35 27.236250000000002 16.500000000000004 299.79875000000004 1.0000000180025095e-35 219.22125000000003 184.00250000000003 21.272500000000004 20.471250000000001 217.80125000000004
decision_type=2 2 2 2 2 2 2 2 2 2 2 2 2 2 2 2 2 2 2 2 2 2 2 2 2 2 2 2 2 2
left_child=-1 2 3 12 15 7 10 17 -9 26 11 -7 13 -2 -6 -5 -15 20 19 -19 21 22 -4 29 -25 -24 -10 -3 -14 -20
right_child=1 27 5 4 14 6 -8 8 9 -11 -12 -13 28 16 -16 -17 -18 18 23 -21 -22 -23 25 24 -26 -27 -28 -29 -30 -31
leaf_value=-0.019723290238964714 -0.081376556070964959 -0.048179744987282905 -0.061379616589908148 -0.029238002542559885 -0.014195619697832389 0.012830016306612553 -0.018219673209950542 -0.081682108995502364 0.075316198505148174 0.1282939457011647 0.011264664226910101 0.20877468291950485 0.07163405793902998 0.10966621077693493 0.016724220516912438 -0.082449433243090203 0.007481802673891833 0.13497584822385522 0.26425670392899997 -0.064383012156106853 0.10449091997043365 -0.090971223693856296 0.055255774354416858 0.24728570702748423 -0.055212895464809501 0.25539865242605359 -0.06613510736943902 -0.012041299284437569 0.029861853745259168 0.12231927223988436
leaf_weight=10377 525 1746 169 2958 5916 252 3108 401 119 407 520 279 1154 258 4504 1211 1301 258 84 819 2340 305 141 39 170 97 370 4530 5035 534
leaf_count=10377 525 1746 169 2958 5916 252 3108 401 119 407 520 279 1154 258 4504 1211 1301 258 84 819 2340 305 141 39 170 97 370 4530 5035 534
internal_value=0.000270156 0.00551597 0.0107239 0.0014582 -0.0133654 0.0310688 0.00257566 0.0500201 0.00304838 0.0409691 0.0640713 0.115784 0.0275988 -0.00225287 -0.000830652 -0.0446947 0.0243924 0.0623128 0.0366954 -0.0166257 0.0782943 -0.00780147 0.0545248 0.106135 0.00123421 0.136827 -0.0317124 -0.0220951 0.0376507 0.141612
internal_weight=49927 39550 33274 22862 14589 10412 4159 6253 1297 896 1051 531 8273 2084 10420 4169 1559 4956 1904 1077 3052 712 407 827 209 238 489 6276 6189 618
internal_count=49927 39550 33274 22862 14589 10412 4159 6253 1297 896 1051 531 8273 2084 10420 4169 1559 4956 1904 1077 3052 712 407 827 209 238 489 6276 6189 618
is_linear=0
shrinkage=0.05


Tree=105
num_leaves=31
num_cat=0
split_feature=8 8 6 6 6 8 6 6 6 4 4 8 6 8 8 1 6 4 4 6 8 8 6 4 4 5 4 4 6 4
split_gain=6780.78 2331.07 2551.11 2329.93 1978.23 1586.7 1921.57 1473.82 1387.72 1255.24 1282.09 1225.93 1861.01 1135.95 1128.93 1105.66 1055.96 1055.01 1151.24 896.557 873.348 855.993 1590.52 788.867 788.608 780.933 1655.68 889.703 772.317 742.76
threshold=242.25125000000003 136.98250000000004 277.04750000000007 135.30875000000003 222.00250000000003 194.32625000000004 189.00125000000003 135.30875000000003 207.00125000000003 4.5000000000000009 17.500000000000004 283.75500000000005 319.00500000000005 163.26500000000001 106.59625000000001 4.5000000000000009 283.01000000000005 5.5000000000000009 20.500000000000004 253.25125000000003 283.75500000000005 91.300000000000011 177.82375000000002 1.5000000000000002 19.500000000000004 1.0000000180025095e-35 19.500000000000004 3.5000000000000004 160.04875000000004 7.5000000000000009
decision_type=2 2 2 2 2 2 2 2 2 2 2 2 2 2 2 2 2 2 2 2 2 2 2 2 2 2 2 2 2 2
left_child=1 7 3 29 20 6 13 -1 -7 14 21 12 19 -5 -9 -4 -13 -10 -19 -6 -2 22 -11 -21 -25 26 27 -18 -15 -3
right_child=4 2 15 5 11 8 -8 9 17 10 -12 16 -14 28 -16 -17 25 18 -20 23 -22 -23 -24 24 -26 -27 -28 -29 -30 -31
leaf_value=-0.024751301379286213 0.071183881946330449 0.10124282549435924 0.12552130748517812 -0.029372463669754368 0.032008910082602836 0.022572361296882341 -0.051838723113687292 -0.4077076591196514 -0.039002656644950812 -0.042701113436284459 -0.24489970192135802 0.077111949679643646 -0.17705523365033934 0.042474979534419505 -0.13484587499053052 -0.12380403088797379 0.026707666677733367 0.0038064168506015753 -0.077504670652631905 -0.05418322624146428 0.20247415622164097 -0.054506391772338486 0.47999652028083806 0.0222232936661882 -0.027341945760927491 0.012819020647164179 0.0069694123513020503 0.19486335916513647 -0.0040063304862348178 0.021583549843320775
leaf_weight=2201 1330 619 48 4148 3635 5539 3665 42 2208 43 84 1505 130 1108 389 604 111 8437 459 613 140 795 22 2609 1159 2540 491 270 4620 555
leaf_count=2201 1330 619 48 4148 3635 5539 3665 42 2208 43 84 1505 130 1108 389 604 111 8437 459 613 140 795 22 2609 1159 2540 491 270 4620 555
internal_value=-8.21444e-05 -0.0118351 -0.00755785 -0.00552249 0.0286965 -0.00821039 -0.0209196 -0.0501221 0.00213006 -0.0907339 -0.0584538 0.0225083 0.0106079 -0.00944552 -0.161436 -0.105449 0.0422236 -0.00806716 -0.000388928 0.0136514 0.0836877 -0.0402428 0.134212 -0.00158025 0.00697751 0.0268347 0.0676601 0.145873 0.00498482 0.0635845
internal_weight=50119 35586 32010 31358 14533 30184 13541 3576 16643 1375 944 13063 8146 9876 431 652 4917 11104 8896 8016 1470 860 65 4381 3768 3412 872 381 5728 1174
internal_count=50119 35586 32010 31358 14533 30184 13541 3576 16643 1375 944 13063 8146 9876 431 652 4917 11104 8896 8016 1470 860 65 4381 3768 3412 872 381 5728 1174
is_linear=0
shrinkage=0.05


Tree=106
num_leaves=31
num_cat=0
split_feature=0 3 0 6 7 6 1 6 0 6 0 7 5 0 6 1 7 6 1 5 7 7 1 7 0 6 7 0 7 7
split_gain=710.518 657.254 823.167 766.115 612.453 411.217 377.352 375.44 659.952 586.268 585.305 507.946 495.104 506.149 774.26 1159.01 763.227 495.169 820.805 478.584 465.315 443.314 427.413 462.734 438.999 393.036 1248.49 539.947 593.808 527.86
threshold=26.831250000000004 1.0000000180025095e-35 24.976250000000004 307.08500000000004 120.33375000000001 226.00500000000002 8.5000000000000018 299.79875000000004 28.616250000000004 321.28250000000008 30.261250000000004 302.51500000000004 1.0000000180025095e-35 29.491250000000004 240.25625000000002 9.5000000000000018 188.75125000000003 294.00250000000005 6.5000000000000009 1.0000000180025095e-35 106.59625000000001 193.25500000000002 6.5000000000000009 280.75250000000005 27.948750000000008 331.00125000000008 308.01500000000004 27.811250000000005 284.72125000000011 284.72125000000011
decision_type=2 2 2 2 2 2 2 2 2 2 2 2 2 2 2 2 2 2 2 2 2 2 2 2 2 2 2 2 2 2
left_child=1 2 3 -1 -4 -3 -6 11 21 -10 19 12 -2 14 20 22 -15 -18 -19 -11 -14 -9 23 -16 -25 29 27 -27 -29 -23
right_child=7 5 4 -5 6 -7 -8 8 9 10 -12 -13 13 16 15 -17 17 18 -20 -21 -22 25 -24 24 -26 26 -28 28 -30 -31
leaf_value=0.0068468037009915064 -0.0067237082210626969 -0.02527370030150819 0.09280272169728522 0.19736303375014719 -0.021265798744962532 -0.00026176196424005852 0.0028563534449999005 0.15252026142552497 -0.012586865822544716 0.16747530539604752 0.26407257284969093 0.051980203642248347 0.2262837515473366 0.028705940313321056 0.026782084716317267 0.18094505738393452 -0.0053439278939974161 -0.39807246823218612 0.049493652433156968 0.0054032545169295908 0.010019350941558767 0.011553546615785599 0.059739305358283971 -0.14358364634570622 0.051374332014132634 -0.0941916079134128 0.013578431200861496 -0.47729434699618389 -0.1754943526039521 -0.055494821217343976
leaf_weight=12049 4759 5427 135 53 5849 2357 2243 32 330 66 40 657 25 2105 704 152 5541 21 20 147 4871 565 969 84 44 59 137 28 39 611
leaf_count=12049 4759 5427 135 53 5849 2357 2243 32 330 66 40 657 25 2105 704 152 5541 21 20 147 4871 565 969 84 44 59 137 28 39 611
internal_value=-7.80372e-05 -0.00534516 -0.000614448 0.00768116 -0.0128174 -0.0177001 -0.0145794 0.00665079 -0.0137038 0.0313154 0.0885793 0.00874624 0.00727411 0.0118569 0.0217413 0.048359 0.00305004 -0.00662493 -0.179748 0.0556228 0.0111236 -0.0315462 0.037169 0.0108822 -0.0765668 -0.0356394 -0.0908957 -0.204491 -0.30162 -0.023282
internal_weight=50119 28113 20329 12102 8227 7784 8092 22006 2054 583 253 19952 19295 14536 6849 1953 7687 5582 41 213 4896 1471 1801 832 128 1439 263 126 67 1176
internal_count=50119 28113 20329 12102 8227 7784 8092 22006 2054 583 253 19952 19295 14536 6849 1953 7687 5582 41 213 4896 1471 1801 832 128 1439 263 126 67 1176
is_linear=0
shrinkage=0.05


Tree=107
num_leaves=31
num_cat=0
split_feature=4 4 5 4 4 4 4 4 5 5 4 0 5 4 1 1 4 0 0 1 1 7 4 0 1 6 1 4 4 5
split_gain=1873.66 2037.56 2403.57 5307.31 1941.3 2294 2017.57 1812.89 1837.12 1619.79 2582.19 1179.74 1432.07 1633.39 1126.57 1709.04 4096.8 1038.38 1004.7 949.887 865.783 706.101 610.351 602.763 569.927 556.478 519.924 517.743 515.154 518.339
threshold=4.5000000000000009 7.5000000000000009 1.0000000180025095e-35 6.5000000000000009 10.500000000000002 20.500000000000004 15.500000000000002 18.500000000000004 1.0000000180025095e-35 1.0000000180025095e-35 9.5000000000000018 29.666250000000002 1.0000000180025095e-35 16.500000000000004 8.5000000000000018 4.5000000000000009 19.500000000000004 26.468750000000004 31.003750000000007 7.5000000000000009 7.5000000000000009 172.49250000000004 8.5000000000000018 19.626250000000002 2.5000000000000004 169.25625000000002 2.5000000000000004 14.500000000000002 16.500000000000004 1.0000000180025095e-35
decision_type=2 2 2 2 2 2 2 2 2 2 2 2 2 2 2 2 2 2 2 2 2 2 2 2 2 2 2 2 2 2
left_child=-1 2 3 25 9 6 18 11 14 10 22 23 -13 -14 15 -9 19 -11 -6 -17 -15 -4 24 28 -3 -2 -23 -20 -8 -30
right_child=1 4 21 -5 5 -7 7 8 -10 17 -12 12 13 20 -16 16 -18 -19 27 -21 -22 26 -24 -25 -26 -27 -28 -29 29 -31
leaf_value=-0.018952066899852765 -0.046304553259263664 0.22076770992039943 0.078233614628538964 0.10719762737544064 -0.01438583457112267 -0.020958793496348275 0.1296254991243283 0.013042316389489106 -0.015164812906503497 -0.079924109168761415 -0.071416746275747345 -0.081521929640343396 -0.024593353745728391 0.084690931854962279 -0.024259682515248873 0.38713845346371334 0.0049889395847953488 -0.026032872778617239 0.024522033514940662 0.13549228601157667 0.29784948328477251 0.096461910140116403 0.026828216901268673 0.061983175779386682 0.079684624726670317 -0.11956230809956359 0.029583627085778014 -0.026754942274989459 0.094514719133333466 -0.045948172203039359
leaf_weight=10413 463 86 1423 526 6331 6199 69 353 3167 1199 526 364 451 290 279 150 202 3512 3532 50 57 322 530 4644 427 589 2981 572 82 330
leaf_count=10413 463 86 1423 526 6331 6199 69 353 3167 1199 526 364 451 290 279 150 202 3512 3532 50 57 322 530 4644 427 589 2981 572 82 330
internal_value=-7.41353e-05 0.00487665 0.0309487 -0.0224812 -4.3962e-05 0.00575632 0.0136714 0.0291586 0.00372808 -0.0250942 0.018907 0.0461514 0.000664549 0.0381531 0.0615944 0.0933206 0.163814 -0.0397488 -0.00189446 0.324227 0.119705 0.0487888 0.0644586 0.0564647 0.103336 -0.0873205 0.0361034 0.0173752 0.00318393 -0.017992
internal_weight=50119 39706 6304 1578 33402 27122 20923 10488 4201 6280 1569 6287 1162 798 1034 755 402 4711 10435 200 347 4726 1043 5125 513 1052 3303 4104 481 412
internal_count=50119 39706 6304 1578 33402 27122 20923 10488 4201 6280 1569 6287 1162 798 1034 755 402 4711 10435 200 347 4726 1043 5125 513 1052 3303 4104 481 412
is_linear=0
shrinkage=0.05


Tree=108
num_leaves=31
num_cat=0
split_feature=4 4 5 4 4 4 4 4 5 5 4 0 5 4 1 1 4 0 0 1 1 7 3 4 0 1 1 7 0 7
split_gain=1690.98 1838.9 2169.23 4789.85 1752.02 2070.34 1820.86 1636.13 1658 1461.86 2330.43 1064.72 1292.45 1474.13 1016.73 1542.41 3697.36 937.139 907.158 857.273 781.369 637.257 600.642 550.842 543.994 514.359 509.044 503.813 501.124 474.25
threshold=4.5000000000000009 7.5000000000000009 1.0000000180025095e-35 6.5000000000000009 10.500000000000002 20.500000000000004 15.500000000000002 18.500000000000004 1.0000000180025095e-35 1.0000000180025095e-35 9.5000000000000018 29.666250000000002 1.0000000180025095e-35 16.500000000000004 8.5000000000000018 4.5000000000000009 19.500000000000004 26.468750000000004 30.721250000000001 7.5000000000000009 7.5000000000000009 172.49250000000004 1.0000000180025095e-35 8.5000000000000018 19.626250000000002 2.5000000000000004 4.5000000000000009 189.35500000000005 25.201250000000005 202.33500000000004
decision_type=2 2 2 2 2 2 2 2 2 2 2 2 2 2 2 2 2 2 2 2 2 2 2 2 2 2 2 2 2 2
left_child=-1 2 3 28 9 6 18 11 14 10 23 24 26 27 15 -9 19 -11 -6 -17 -15 -4 -19 25 -8 -3 -13 -14 -2 -20
right_child=1 4 21 -5 5 -7 7 8 -10 17 -12 12 13 20 -16 16 -18 22 29 -21 -22 -23 -24 -25 -26 -27 -28 -29 -30 -31
leaf_value=-0.01800446359721317 -0.052358300839521893 0.20972932572801445 0.074321933897278092 0.1018377456987567 -0.014586583640944745 -0.019910853766706232 0.0030247321216827125 0.012390200744011037 -0.014406572112309611 -0.075927903482488901 -0.067845908442809619 0.019968966447881292 0.060129211222132051 0.08045638518793316 -0.023046698009822265 0.36778153043985373 0.0047394934875687753 -0.011529656940336733 0.035392504797218664 0.12871767270565035 0.28295700738304541 0.034298229176262303 -0.05711856693872585 0.025486805738015258 0.058884017003663941 0.075700393057999749 -0.11333549580907912 -0.056812703935140221 -0.12187712424662021 0.0020926873725181688
leaf_weight=10413 589 86 1423 526 5955 6199 481 353 3167 1199 526 98 129 290 279 150 202 2495 1763 50 57 3303 1017 530 4644 427 266 322 463 2717
leaf_count=10413 589 86 1423 526 5955 6199 481 353 3167 1199 526 98 129 290 279 150 202 2495 1763 50 57 3303 1017 530 4644 427 266 322 463 2717
internal_value=-7.04286e-05 0.00463282 0.0294013 -0.0213571 -4.17639e-05 0.0054685 0.0129878 0.0277007 0.00354168 -0.0238395 0.0179617 0.0438438 0.000631321 0.0362455 0.0585147 0.0886546 0.155623 -0.0377613 -0.00179974 0.308016 0.11372 0.0463494 -0.0247312 0.0612357 0.0536414 0.0981692 -0.0774458 -0.0233637 -0.0829545 0.0151971
internal_weight=50119 39706 6304 1578 33402 27122 20923 10488 4201 6280 1569 6287 1162 798 1034 755 402 4711 10435 200 347 4726 3512 1043 5125 513 364 451 1052 4480
internal_count=50119 39706 6304 1578 33402 27122 20923 10488 4201 6280 1569 6287 1162 798 1034 755 402 4711 10435 200 347 4726 3512 1043 5125 513 364 451 1052 4480
is_linear=0
shrinkage=0.05


Tree=109
num_leaves=31
num_cat=0
split_feature=4 4 5 4 4 4 4 4 5 5 4 5 4 1 1 4 4 1 1 1 1 4 1 0 4 1 1 6 4 0
split_gain=1526.11 1659.61 1957.73 4322.84 1581.2 1868.48 1643.33 1476.61 1496.34 1319.33 2103.21 966.334 2897.49 2107.41 1889.85 3151.64 1559.81 3247.01 9570.02 2998.7 4376.89 2896.93 3354.71 2469.35 4109.38 1562.57 1348.96 1160.39 1108.5 2142.64
threshold=4.5000000000000009 7.5000000000000009 1.0000000180025095e-35 6.5000000000000009 10.500000000000002 20.500000000000004 15.500000000000002 18.500000000000004 1.0000000180025095e-35 1.0000000180025095e-35 9.5000000000000018 1.0000000180025095e-35 17.500000000000004 4.5000000000000009 9.5000000000000018 16.500000000000004 17.500000000000004 4.5000000000000009 7.5000000000000009 8.5000000000000018 4.5000000000000009 16.500000000000004 7.5000000000000009 26.568750000000005 16.500000000000004 10.500000000000002 4.5000000000000009 310.96250000000003 16.500000000000004 23.291250000000002
decision_type=2 2 2 2 2 2 2 2 2 2 2 2 2 2 2 2 2 2 2 2 2 2 2 2 2 2 2 2 2 2
left_child=-1 2 3 -2 9 6 -6 11 -9 10 -3 12 14 -14 26 -16 19 -18 -19 20 28 -22 -23 24 -21 -26 -8 -15 -13 -30
right_child=1 4 -4 -5 5 -7 7 8 -10 -11 -12 16 13 27 15 -17 17 18 -20 23 21 22 -24 -25 25 -27 -28 -29 29 -31
leaf_value=-0.017104240403375638 -0.078806786718685365 0.058173880555985318 0.04403190960265177 0.096745859166056616 -0.0017097531402447696 -0.018915311115552509 -0.00022695713839431271 0.055588967710978522 -0.013686243612509162 -0.035873265026692656 -0.064453613021815584 0.065376720749089248 0.23778035135028208 -0.005433651974746362 -0.092387644221123902 0.32541067606206381 -0.081225375952007739 0.24009987809601549 -0.068335487272023515 0.2437472394313962 -0.10084939563807863 -0.014886944775471783 0.26066386160759519 0.24269110541767899 0.099959538912489307 -0.17070864165482458 -0.12675398641760455 0.29548485982749195 0.053159214314045591 0.25053793879018887
leaf_weight=10413 1052 1043 4726 526 10435 6199 373 1034 3167 4711 526 572 188 291 95 86 584 447 575 187 596 427 149 408 84 146 484 36 244 315
leaf_count=10413 1052 1043 4726 526 10435 6199 373 1034 3167 4711 526 572 188 291 95 86 584 447 575 187 596 427 149 408 84 146 484 36 244 315
internal_value=-6.69071e-05 0.00440118 0.0279312 -0.0202892 -3.96757e-05 0.00519508 0.0123384 0.0263156 0.00336459 -0.0226475 0.0170636 0.0416516 0.00742684 0.104386 -0.0406793 0.106124 0.0528791 0.0128245 0.0665673 0.0734442 0.0441432 -0.02357 0.0563927 0.155239 0.0696736 -0.0718559 -0.0716845 0.027695 0.114311 0.164383
internal_weight=50119 39706 6304 1578 33402 27122 20923 10488 4201 6280 1569 6287 1553 515 1038 181 4734 1606 1022 3128 2303 1172 576 825 417 230 857 327 1131 559
internal_count=50119 39706 6304 1578 33402 27122 20923 10488 4201 6280 1569 6287 1553 515 1038 181 4734 1606 1022 3128 2303 1172 576 825 417 230 857 327 1131 559
is_linear=0
shrinkage=0.05


Tree=110
num_leaves=31
num_cat=0
split_feature=8 6 8 6 6 8 7 7 6 7 8 7 6 8 6 8 6 6 0 6 7 8 0 7 7 8 7 0 7 6
split_gain=6830.53 1871.95 2024.74 1956.38 1840.84 1874.52 1617.6 1466.64 1347 1320.58 1303.11 1277.23 1186.72 1340.21 1181.22 1171.96 1286 1229.57 1111.79 1745.49 1557.21 1422.5 996.715 952.28 932.252 1282.94 919.311 913.884 905.277 887.038
threshold=222.00250000000003 224.00250000000003 136.98250000000004 135.30875000000003 220.55125000000004 269.50500000000005 154.00125000000003 262.00375000000003 252.73250000000004 154.00125000000003 259.31625000000003 258.66500000000008 275.00250000000005 301.01500000000004 135.30875000000003 191.00750000000002 184.40500000000003 201.87750000000003 24.631250000000005 267.02250000000009 188.75125000000003 112.25375000000001 29.966250000000006 189.35500000000005 189.35500000000005 163.26500000000001 189.35500000000005 24.631250000000005 282.00125000000008 201.87750000000003
decision_type=2 2 2 2 2 2 2 2 2 2 2 2 2 2 2 2 2 2 2 2 2 2 2 2 2 2 2 2 2 2
left_child=1 2 9 6 7 8 -4 10 -6 14 -2 15 -7 -14 -1 16 24 26 -3 21 -21 -20 28 -10 25 -5 -17 -25 -15 -12
right_child=4 18 3 11 5 12 -8 -9 23 -11 29 -13 13 22 -16 17 -18 -19 19 20 -22 -23 -24 27 -26 -27 -28 -29 -30 -31
leaf_value=-0.010157605764052693 0.055388625186097717 0.012252369252514215 0.12990129878190831 -0.020047158044850955 0.014388394746401795 0.062247410334276013 0.0058745765540858409 -0.013742241041694324 0.072695107133691442 -0.10510728691497062 0.26713338288948063 -0.078284113101629249 -0.0082455533436582035 0.074057105687262384 -0.084407103871237676 0.061672223660502394 -0.046012551035885536 -0.010620862600149385 -0.34923809404043776 0.0069742656170816751 -0.20306062422825821 -0.041139074043027024 0.19511155061564356 0.070535118249031387 -0.042253655818132771 0.022550478422557266 0.01024794702318336 -0.03503230308851249 0.011133307604219218 0.099894200923812126
leaf_weight=1975 2821 620 471 3656 6936 2462 595 690 247 754 121 641 2269 1007 735 1370 2825 4080 38 118 350 2655 106 218 1551 3422 2377 3440 1322 230
leaf_count=1975 2821 620 471 3656 6936 2462 595 690 247 754 121 641 2269 1007 735 1370 2825 4080 38 118 350 2655 106 218 1551 3422 2377 3440 1322 230
internal_value=2.15277e-05 -0.0162267 -0.011164 -0.00531873 0.0209981 0.0142799 0.0606744 0.0523221 0.00116402 -0.0465795 0.066693 -0.00884994 0.0341222 0.0194019 -0.0302954 -0.00654159 -0.0167318 0.00837067 -0.0489678 -0.0609755 -0.150103 -0.0454866 0.0451645 -0.0223249 -0.00714568 0.000547517 0.02905 -0.028741 0.0383399 0.157546
internal_weight=50102 28233 24452 20988 21869 18007 1066 3862 10841 3464 3172 19922 7166 4704 2710 19281 11454 7827 3781 3161 468 2693 2435 3905 8629 7078 3747 3658 2329 351
internal_count=50102 28233 24452 20988 21869 18007 1066 3862 10841 3464 3172 19922 7166 4704 2710 19281 11454 7827 3781 3161 468 2693 2435 3905 8629 7078 3747 3658 2329 351
is_linear=0
shrinkage=0.05


Tree=111
num_leaves=31
num_cat=0
split_feature=8 7 6 6 8 6 7 7 8 6 8 8 8 6 8 6 6 7 6 6 4 4 7 8 6 7 8 6 8 8
split_gain=6172.29 1800.45 2606.54 1680.01 1755.91 1534.94 1713.39 1444.11 1396.06 2146.02 1229.22 1129.5 1123.95 1336.61 1101.5 1192.1 1087.49 1009.81 1079.14 894.567 872.782 951.568 835.331 954.755 833.43 807.128 711.817 682.596 1685.95 676.945
threshold=220.17500000000004 189.35500000000005 189.00125000000003 218.75125000000003 144.50125000000003 140.96750000000003 154.00125000000003 258.66500000000008 296.50250000000005 276.00750000000005 157.83750000000001 261.00125000000008 262.00375000000003 237.75250000000003 191.00750000000002 184.40500000000003 319.00500000000005 154.00125000000003 136.85625000000002 298.49000000000007 5.5000000000000009 18.500000000000004 189.35500000000005 163.26500000000001 201.87750000000003 195.12250000000003 119.10875000000001 126.45750000000001 91.300000000000011 335.58625000000006
decision_type=2 2 2 2 2 2 2 2 2 2 2 2 2 2 2 2 2 2 2 2 2 2 2 2 2 2 2 2 2 2
left_child=3 2 -2 4 17 6 -6 14 9 12 -5 -4 13 -3 15 22 -11 18 26 29 -12 -22 23 -7 25 -16 27 -1 -29 -10
right_child=1 8 11 10 5 7 -8 -9 19 16 20 -13 -14 -15 24 -17 -18 -19 -20 -21 21 -23 -24 -25 -26 -27 -28 28 -30 -31
leaf_value=-0.022487034776355497 0.22735997563877774 0.023878336452825187 0.023269375269744309 -0.12841784126537889 0.12678475325066679 -0.019407439647466079 0.004090751074369992 -0.089032905791379777 0.07248518790920587 -0.021587921853113406 -0.083799670939515167 0.11048709771454007 0.042688472310964322 -0.011371707272854234 0.052453907682417193 -0.044384777165144378 -0.13774351244194247 -0.07852808053041184 -0.063328864033064591 0.024216619410655491 -0.013325498190669964 -0.090084763693310185 -0.039858179316159301 0.020657767790308014 -0.0085887495251432949 0.0052152631396982464 0.01485827608073198 -0.45786085490024453 -0.044126854126447262 0.30552695207297803
leaf_weight=585 215 6510 1541 395 460 2663 746 526 1190 2663 770 489 3266 4582 1678 2613 218 1160 1179 1986 2758 473 1404 3367 3003 1961 1539 33 97 32
leaf_count=585 215 6510 1541 395 460 2663 746 526 1190 2663 770 489 3266 4582 1678 2613 218 1160 1179 1986 2758 473 1404 3367 3003 1961 1539 33 97 32
internal_value=2.04513e-05 0.0193083 0.0618123 -0.0159474 -0.0105373 -0.00364103 0.0508895 -0.00746118 0.0146415 0.00900555 -0.0442704 0.044279 0.0169079 0.00931688 -0.00489022 -0.0153345 -0.0303772 -0.0381962 -0.0245682 0.0449278 -0.0359629 -0.0245626 -0.00512351 0.00296396 0.0109083 0.0269977 -0.00429359 -0.045517 -0.149152 0.0785878
internal_weight=50102 22692 2245 27410 23014 18421 1206 17215 20447 17239 4396 2030 14358 11092 16689 10047 2881 4593 3433 3208 4001 3231 7434 6030 6642 3639 2254 715 130 1222
internal_count=50102 22692 2245 27410 23014 18421 1206 17215 20447 17239 4396 2030 14358 11092 16689 10047 2881 4593 3433 3208 4001 3231 7434 6030 6642 3639 2254 715 130 1222
is_linear=0
shrinkage=0.05


Tree=112
num_leaves=31
num_cat=0
split_feature=8 8 7 8 7 0 8 4 4 4 4 0 4 1 7 4 8 8 8 4 8 4 1 4 8 4 4 7 0 1
split_gain=5643.73 1708.33 1663.11 1746.93 1566.74 1439.08 1165.41 1002.57 953.369 942.932 875.974 1613.91 1465.61 1561.82 1064.53 960.711 894.625 863.063 854.963 840.602 833.2 780.748 729.865 761.511 711.92 709.958 697.543 3309.52 682.825 1431.94
threshold=229.01000000000002 144.50125000000003 190.00125000000003 188.31000000000003 189.35500000000005 25.281250000000004 314.00375000000008 7.5000000000000009 10.500000000000002 19.500000000000004 18.500000000000004 26.221250000000001 16.500000000000004 9.5000000000000018 256.31625000000003 17.500000000000004 292.00250000000005 181.00625000000002 262.00375000000003 5.5000000000000009 285.00500000000005 17.500000000000004 3.5000000000000004 7.5000000000000009 174.22500000000002 18.500000000000004 4.5000000000000009 211.00250000000003 28.361250000000002 6.5000000000000009
decision_type=2 2 2 2 2 2 2 2 2 2 2 2 2 2 2 2 2 2 2 2 2 2 2 2 2 2 2 2 2 2
left_child=1 5 7 25 18 -1 10 19 24 26 12 20 -6 14 -14 -15 28 -10 -2 -3 -12 -8 23 -5 -9 -4 27 -7 -13 -30
right_child=4 2 3 22 6 9 21 8 17 -11 11 16 13 15 -16 -17 -18 -19 -20 -21 -22 -23 -24 -25 -26 -27 -28 -29 29 -31
leaf_value=-0.025428463709079835 0.044752651876436192 0.0091260728202070106 -0.043713690039889015 0.10794104979291481 0.012306029729842372 -0.078258325724995567 0.18859679243803301 -0.10753455012688994 -0.0088684952323957959 -0.3382650952081423 0.0083327247730509597 -0.055259086478633507 0.04441843824804162 0.04281774119711218 0.12786006274659345 -0.11473307380494609 -0.0038073148793518231 0.029785402635685451 0.12294713184385082 0.059152810616604649 0.079884830468669829 0.049036422530088657 -0.017029742608974375 0.0051570070492695796 -0.022042304823656152 -0.12947206513321036 -0.066536940173406334 -0.74904527423734013 -0.075256033934522099 -0.55014995959672064
leaf_weight=3711 1226 2182 3203 193 9142 112 108 308 4101 37 1883 1087 828 212 710 178 1179 2229 489 1365 519 1390 8516 2718 1163 261 951 22 57 22
leaf_count=3711 1226 2182 3203 193 9142 112 108 308 4101 37 1883 1087 828 212 710 178 1179 2229 489 1365 519 1390 8516 2718 1163 261 951 22 57 22
internal_value=1.94287e-05 -0.0131135 -0.00808187 -0.0190708 0.0214627 -0.0404307 0.0169476 0.00633793 -0.00368336 -0.0900502 0.0129556 -0.00501319 0.0206609 0.060277 0.0829383 -0.0290901 -0.0345195 0.00474281 0.0670483 0.028378 0.023793 0.0590982 -0.00964172 0.0119716 -0.0399428 -0.0501753 -0.0815858 -0.188388 -0.0655742 -0.207505
internal_weight=50102 31072 26239 14891 19030 4833 17315 11348 7801 1122 15817 4747 11070 1928 1538 390 2345 6330 1715 3547 2402 1498 11427 2911 1471 3464 1085 134 1166 79
internal_count=50102 31072 26239 14891 19030 4833 17315 11348 7801 1122 15817 4747 11070 1928 1538 390 2345 6330 1715 3547 2402 1498 11427 2911 1471 3464 1085 134 1166 79
is_linear=0
shrinkage=0.05


Tree=113
num_leaves=31
num_cat=0
split_feature=3 6 0 7 0 0 7 6 7 5 0 6 7 7 6 6 7 0 6 7 6 0 6 6 0 6 1 0 1 6
split_gain=396.67 541.842 515.036 337.044 265.653 500.183 613.948 378.228 443.818 368.46 234.794 1140.99 772.674 505.647 511.395 489.688 1062.02 488.858 458.518 448.249 676.673 1064.76 433.33 382.269 347.6 815.086 697.586 420.771 363.446 342.139
threshold=1.0000000180025095e-35 213.75375000000003 33.632500000000014 266.00125000000008 29.548750000000002 26.633750000000003 153.16250000000002 301.52500000000003 202.33500000000004 1.0000000180025095e-35 28.091250000000006 336.22250000000003 306.35125000000011 279.50250000000005 152.09250000000006 331.00125000000008 288.67250000000007 28.986250000000002 202.39125000000004 91.300000000000011 177.10125000000008 26.331250000000004 343.70000000000005 331.00125000000008 24.976250000000004 262.23625000000004 3.5000000000000004 26.761250000000008 9.5000000000000018 91.300000000000011
decision_type=2 2 2 2 2 2 2 2 2 2 2 2 2 2 2 2 2 2 2 2 2 2 2 2 2 2 2 2 2 2
left_child=10 2 3 -2 5 6 -3 -7 -9 -8 13 15 17 19 -15 29 -17 -13 -16 20 21 -1 -14 -20 25 -21 -27 28 -26 -12
right_child=1 4 -4 -5 -6 7 9 8 -10 -11 11 12 22 14 18 16 -18 -19 23 24 -22 -23 -24 -25 27 26 -28 -29 -30 -31
leaf_value=-0.002829689085483551 -0.017627179067972159 -0.22686595317096481 0.063474642585750682 -0.091299089626665386 -0.013132954616118584 0.03642324981739057 0.027758057677307615 0.21640615543638844 -0.017591876404200419 -0.013236835538583467 -0.13450783639259281 -0.1252127960920334 0.12907255809931528 0.23301232874393465 -0.11727188355210474 -0.41880399958629699 0.055290264608683415 0.15947576482829295 -0.013017696772343212 0.0060045377088132268 0.0080198885479443507 0.50124403414401142 0.42137529711471872 -0.1056565390642861 -0.017497912785819227 0.30039358611617772 0.062232410979251057 0.0091308889291494555 0.016223229095067314 0.0084742780788593011
leaf_weight=20 6577 31 193 159 2011 1818 726 21 578 2237 42 25 21 20 118 21 27 38 2783 11402 71 22 32 116 5329 35 253 3535 940 10901
leaf_count=20 6577 31 193 159 2011 1818 726 21 578 2237 42 25 21 20 118 21 27 38 2783 11402 71 22 32 116 5329 35 253 3535 940 10901
internal_value=1.84573e-05 -0.00700353 -0.0170587 -0.0193662 0.00238375 0.00815054 -0.00550811 0.0250699 -0.00938827 -0.00319219 0.00283719 0.00887287 0.164865 0.000116921 -0.0189866 0.00722652 -0.152126 0.0465041 -0.0206571 0.00280204 0.102126 0.261209 0.305557 -0.0167245 0.00227987 0.00810285 0.0911756 -0.00466329 -0.0124416 0.0079255
internal_weight=50102 14351 6929 6736 7422 5411 2994 2417 599 2963 35751 11107 116 24644 3037 10991 48 63 3017 21607 113 42 53 2899 21494 11690 288 9804 6269 10943
internal_count=50102 14351 6929 6736 7422 5411 2994 2417 599 2963 35751 11107 116 24644 3037 10991 48 63 3017 21607 113 42 53 2899 21494 11690 288 9804 6269 10943
is_linear=0
shrinkage=0.05


Tree=114
num_leaves=31
num_cat=0
split_feature=8 6 0 8 6 8 0 6 6 4 8 6 6 0 8 4 0 4 0 0 0 3 0 8 6 4 4 1 4 0
split_gain=5082.6 2291.54 2118.03 2105.38 1720.32 1633.33 1992.3 1563.19 1537.18 1075.72 1075.54 1069.05 975.038 935.135 887.443 2201.21 973.567 868.359 876.977 866.084 1522.12 1040.14 788.399 753.807 918.86 741.638 1307.41 1175.62 734.311 1107.35
threshold=243.00375000000003 259.01625000000007 24.631250000000005 179.13250000000002 179.12500000000003 91.300000000000011 28.091250000000006 240.25625000000002 176.47750000000005 19.500000000000004 306.86500000000007 331.00125000000008 301.52500000000003 29.966250000000006 91.300000000000011 5.5000000000000009 22.596250000000001 18.500000000000004 25.781250000000004 25.506250000000005 26.121250000000003 1.0000000180025095e-35 24.631250000000005 144.50125000000003 140.96750000000003 5.5000000000000009 7.5000000000000009 5.5000000000000009 18.500000000000004 26.221250000000001
decision_type=2 2 2 2 2 2 2 2 2 2 2 2 2 2 2 2 2 2 2 2 2 2 2 2 2 2 2 2 2 2
left_child=1 3 -3 4 5 6 19 -2 -5 14 11 22 -12 -14 15 -6 -16 18 -4 21 -21 -1 -9 -7 -25 -10 27 -27 -24 -30
right_child=7 2 17 8 9 23 -8 10 25 -11 12 -13 13 -15 16 -17 -18 -19 -20 20 -22 -23 28 24 -26 26 -28 -29 29 -31
leaf_value=0.053098877206925424 0.055338328585786037 0.078021575190878947 -0.17671876564057487 0.041093549605120704 -0.15919695211493451 -0.027934449909414377 0.21936383986473085 0.086682587796477251 -0.023014756749878323 -0.19610797518085857 0.097295883173240963 -0.16500567661767657 0.016770656319172347 0.21064689788107691 0.008395293741599627 0.55802964925765985 -0.069475740629826852 -0.16711811537694451 -0.051505298397974533 -0.74136395935307853 -0.16558330108722052 -0.34201440107491288 0.018015832141559763 0.047416757942576319 -0.0081076606818655927 0.091112768918579723 -0.0035003281348868747 0.012936720825402093 0.018532962859271303 -0.042529734792608923
leaf_weight=31 3298 213 165 2303 23 4137 25 324 3482 134 679 88 1442 65 496 20 2104 297 917 22 24 36 5510 865 5376 711 12857 1486 1446 1526
leaf_count=31 3298 213 165 2303 23 4137 25 324 3482 134 679 88 1442 65 496 20 2104 297 917 22 24 36 5510 865 5376 711 12857 1486 1446 1526
internal_value=1.75344e-05 -0.0100856 -0.0687214 -0.00735065 -0.0228989 -0.0136556 -0.184539 0.02512 0.00256742 -0.0579014 0.0161254 0.00840231 0.0475477 0.0251329 -0.0508944 0.174397 -0.0546203 -0.0913873 -0.0705998 -0.273898 -0.440957 -0.159201 0.0101352 -0.0113833 -0.000411999 -0.00221925 0.00259077 0.0382363 0.00721121 -0.0128202
internal_weight=50102 35724 1592 34132 13293 10516 138 14378 20839 2777 11080 8894 2186 1507 2643 43 2600 1379 1082 113 46 67 8806 10378 6241 18536 15054 2197 8482 2972
internal_count=50102 35724 1592 34132 13293 10516 138 14378 20839 2777 11080 8894 2186 1507 2643 43 2600 1379 1082 113 46 67 8806 10378 6241 18536 15054 2197 8482 2972
is_linear=0
shrinkage=0.05


Tree=115
num_leaves=31
num_cat=0
split_feature=4 4 4 4 4 4 4 0 5 1 1 4 5 1 1 6 1 4 1 1 3 5 6 6 4 6 5 4 0 4
split_gain=1281.52 1339.64 1699.22 1404.12 1823.73 1397.03 1208.48 1556.47 1470.77 1151.9 1124.9 1673.14 1484.09 1306.03 848.515 780.881 734.295 1173.57 2623.28 785.185 723.746 651.383 607.914 607.352 598.9 735.678 647.809 790.519 587.524 893.312
threshold=1.5000000000000002 20.500000000000004 15.500000000000002 8.5000000000000018 5.5000000000000009 10.500000000000002 18.500000000000004 29.381250000000005 1.0000000180025095e-35 8.5000000000000018 4.5000000000000009 17.500000000000004 1.0000000180025095e-35 6.5000000000000009 5.5000000000000009 292.51500000000004 8.5000000000000018 19.500000000000004 4.5000000000000009 7.5000000000000009 1.0000000180025095e-35 1.0000000180025095e-35 140.96750000000003 303.50250000000005 12.500000000000002 130.94250000000002 1.0000000180025095e-35 11.500000000000002 20.641250000000003 16.500000000000004
decision_type=2 2 2 2 2 2 2 2 2 2 2 2 2 2 2 2 2 2 2 2 2 2 2 2 2 2 2 2 2 2
left_child=-1 2 3 4 22 20 7 28 16 10 -9 15 -13 -14 -6 -12 17 18 -8 -20 -5 -11 -2 -24 26 -26 27 -7 29 -4
right_child=1 -3 6 5 14 24 8 9 -10 21 11 12 13 -15 -16 -17 -18 -19 19 -21 -22 -23 23 -25 25 -27 -28 -29 -30 -31
leaf_value=-0.026998942587174682 0.01760281169303083 -0.019406472656411249 0.13644890853789002 -0.023229934809824503 0.05057319443393548 -0.065150754384589032 0.001335686600982806 0.039993640006854181 -0.015118246639981354 -0.028812613855324576 -0.080399284920146599 -0.14057544134067076 0.36878980455242777 -0.1030348345451057 0.01374571166517017 -0.30823414295911794 -0.016482270954684779 0.017427671988337459 0.32357435005423207 0.09627790300577295 -0.069629374747587888 0.16120256938283212 -0.014414353054533336 0.16600268606809862 0.10674115857254947 -0.014380552866961714 0.023910686874093943 0.022723020434161648 0.057133907112126438 -0.017028093645791879
leaf_weight=4163 2179 6321 113 2939 2853 520 177 390 3142 67 629 38 55 20 3462 40 275 385 149 51 1177 138 6214 47 128 6095 3132 504 4153 589
leaf_count=4163 2179 6321 113 2939 2853 520 177 390 3142 67 629 38 55 20 3462 40 275 385 149 51 1177 138 6214 47 128 6095 3132 504 4153 589
internal_value=-0.000433953 0.00197112 0.00537819 -0.00079624 0.0100617 -0.011849 0.0227254 0.0366752 0.00192263 -0.0102445 -0.0293704 -0.0639637 0.11399 0.24297 0.0303837 -0.0940217 0.0535547 0.0788305 0.141536 0.265614 -0.0364982 0.0991 -0.00514362 -0.01306 -0.00207383 -0.0118892 0.0126233 -0.0219004 0.0499828 0.00767689
internal_weight=50145 45982 39661 29250 14755 14495 10411 6232 4179 1377 1172 782 113 75 6315 669 1037 762 377 200 4116 205 8440 6261 10379 6223 4156 1024 4855 702
internal_count=50145 45982 39661 29250 14755 14495 10411 6232 4179 1377 1172 782 113 75 6315 669 1037 762 377 200 4116 205 8440 6261 10379 6223 4156 1024 4855 702
is_linear=0
shrinkage=0.05


Tree=116
num_leaves=31
num_cat=0
split_feature=8 6 8 6 0 6 8 8 8 6 8 6 6 0 6 1 8 6 4 8 8 0 0 3 6 3 1 8 8 4
split_gain=4360.84 2073.57 1530.61 1651.62 1175.38 1404.91 1217.38 1180.39 1068.93 1136.72 1015.89 1378.69 1291.82 1193.68 930.836 910.626 1099.65 875.243 846.163 941.742 846.058 2748.97 1825.89 1453.02 833.726 991.494 767.193 940.877 734.734 698.702
threshold=204.75125000000003 201.87750000000003 320.50750000000005 207.00125000000003 24.631250000000005 277.04750000000007 106.59625000000001 115.01750000000001 171.48250000000004 165.52500000000003 264.75125000000008 298.49000000000007 258.26500000000004 24.508750000000003 303.50250000000005 5.5000000000000009 335.58625000000006 165.52500000000003 5.5000000000000009 91.300000000000011 91.300000000000011 27.311250000000005 25.506250000000005 1.0000000180025095e-35 331.00125000000008 1.0000000180025095e-35 6.5000000000000009 262.99375000000003 224.00250000000003 5.5000000000000009
decision_type=2 2 2 2 2 2 2 2 2 2 2 2 2 2 2 2 2 2 2 2 2 2 2 2 2 2 2 2 2 2
left_child=1 8 3 26 6 7 -3 -6 9 20 12 -12 28 -14 15 16 -4 -10 -11 -20 21 22 23 -1 -15 -26 27 -2 -5 -9
right_child=2 4 14 10 5 -7 -8 29 17 18 11 -13 13 24 -16 -17 -18 -19 19 -21 -22 -23 -24 -25 25 -27 -28 -29 -30 -31
leaf_value=0.13050387312065473 0.049280332925222249 0.38221619829535486 0.15901692140054097 -0.011697125625632477 -0.25023668162621465 -0.20931266621570105 -0.011566710222572019 -0.10943510315305308 0.040670962496939682 -0.1312211846926187 0.033084016946494557 -0.017869789479690638 0.10007178822339485 -0.036332519500714609 0.046565660507741913 0.085729549268898156 0.54073238413909397 -0.0035535322529368636 0.2721708289037148 -0.042781849591017967 -0.0088668679663125635 0.35929189812053336 -0.54159011033674076 -0.36928680034784173 -0.44205456461225245 -0.031584870815277104 0.013077120910630541 0.18641941325781361 0.01312217897944524 -0.041015148765062293
leaf_weight=33 2382 20 54 4564 77 160 1052 443 1381 283 5403 1760 160 2631 843 149 29 5892 24 2146 7705 22 36 26 28 31 1711 132 8602 2366
leaf_count=33 2382 20 54 4564 77 160 1052 443 1381 283 5403 1760 160 2631 843 149 29 5892 24 2146 7705 22 36 26 28 31 1711 132 8602 2366
internal_value=-0.000412256 -0.0173172 0.0124485 0.0101527 -0.0492481 -0.0650952 -0.00422001 -0.0570997 -0.00982397 -0.0202063 0.00491209 0.0205643 -0.00208821 -0.0326091 0.0709737 0.159663 0.292387 0.00484383 -0.0499035 -0.0392985 -0.0108932 -0.144339 -0.260969 -0.0897429 -0.0405009 -0.226384 0.0389037 0.056481 0.00451856 -0.0518055
internal_weight=50145 21666 28479 27404 4118 3046 1072 2886 17548 10275 23179 7163 16016 2850 1075 232 83 7273 2453 2170 7822 117 95 59 2690 59 4225 2514 13166 2809
internal_count=50145 21666 28479 27404 4118 3046 1072 2886 17548 10275 23179 7163 16016 2850 1075 232 83 7273 2453 2170 7822 117 95 59 2690 59 4225 2514 13166 2809
is_linear=0
shrinkage=0.05


Tree=117
num_leaves=31
num_cat=0
split_feature=8 8 1 4 0 4 8 5 4 4 4 4 5 4 4 4 0 1 4 4 4 4 8 1 8 0 4 4 0 4
split_gain=3935.65 1425.64 1184.54 1176.66 1129.54 2082.88 2262.34 1123.75 1356.92 2276.15 1055.09 1676.16 938.428 932.746 890.365 945.53 844.992 1120.12 840.469 1064.13 770.825 735.393 710.424 808.795 699.603 619.31 710.554 1369.64 634.933 590.529
threshold=204.75125000000003 310.41375000000005 5.5000000000000009 17.500000000000004 25.016250000000003 4.5000000000000009 91.300000000000011 1.0000000180025095e-35 17.500000000000004 16.500000000000004 17.500000000000004 15.500000000000002 1.0000000180025095e-35 1.5000000000000002 7.5000000000000009 5.5000000000000009 21.272500000000004 4.5000000000000009 8.5000000000000018 5.5000000000000009 17.500000000000004 16.500000000000004 156.99500000000003 4.5000000000000009 131.01750000000001 25.598750000000006 18.500000000000004 16.500000000000004 22.001250000000002 1.5000000000000002
decision_type=2 2 2 2 2 2 2 2 2 2 2 2 2 2 2 2 2 2 2 2 2 2 2 2 2 2 2 2 2 2
left_child=4 2 7 -3 10 6 -6 25 9 14 11 13 22 -1 15 -9 -11 -18 19 -15 21 -14 -7 -24 -22 26 27 -2 -29 -4
right_child=1 3 29 -5 5 12 -8 8 -10 16 -12 -13 20 18 -16 -17 17 -19 -20 -21 24 -23 23 -25 -26 -27 -28 28 -30 -31
leaf_value=-0.039183072972659327 0.07978744633742664 0.170407327542974 -0.026040948962574802 0.040138420620863681 -0.53827659805615746 -0.10557413874431634 -0.094033281262470014 0.029285943953527183 -0.015053200566282744 0.0068595606712745383 -0.03593394481470031 0.074728193826764752 -0.012929606545192136 -0.0030403784229323869 -0.00024256697106216256 0.13156003120497375 0.27043772479519251 0.062195504372756866 -0.031773250129287924 0.043434420854810904 -0.35292439668074899 0.076224533232549838 0.00065346567301373219 -0.065580459222267434 -0.067425714044220514 0.033001515451587159 0.041839755597942452 0.18620640803128483 0.42276015825893576 0.0046290955746266333
leaf_weight=1585 332 192 1733 1784 30 463 641 966 2434 77 2341 723 6381 3864 2038 295 176 102 1377 1808 23 240 824 1046 320 1177 421 74 46 16632
leaf_count=1585 332 192 1733 1784 30 463 641 966 2434 77 2341 723 6381 3864 2038 295 176 102 1377 1808 23 240 824 1046 320 1177 421 74 46 16632
internal_value=-0.000391643 0.0118261 0.00877149 0.0527961 -0.0164514 -0.0288189 -0.113895 0.0246509 0.0138692 0.033135 -0.00591284 0.00159805 -0.0226786 -0.00452577 0.0201898 0.0532121 0.153434 0.194032 0.00326708 0.0117739 -0.0134841 -0.00969792 -0.0501241 -0.036395 -0.0865699 0.0566698 0.0885799 0.132114 0.276885 0.00173494
internal_weight=50145 28479 26503 1976 21666 9968 671 8138 6088 3654 11698 9357 9297 8634 3299 1261 355 278 7049 5672 6964 6621 2333 1870 343 2050 873 452 120 18365
internal_count=50145 28479 26503 1976 21666 9968 671 8138 6088 3654 11698 9357 9297 8634 3299 1261 355 278 7049 5672 6964 6621 2333 1870 343 2050 873 452 120 18365
is_linear=0
shrinkage=0.05


Tree=118
num_leaves=31
num_cat=0
split_feature=8 7 8 8 7 1 4 5 4 7 8 4 8 4 4 1 5 4 7 1 4 5 4 4 8 4 7 8 3 4
split_gain=3566.92 1683.93 1357.1 1276.34 1189.14 1139.96 1082.72 1032.41 867.541 846.597 839.141 751.898 698.371 689.157 1664.16 1732.67 2010.42 2202.65 1021.05 924.622 5571.35 2689.97 1600.63 751.77 1064.55 655.782 642.899 855.054 1129.82 580.174
threshold=207.00125000000003 188.75125000000003 158.51500000000001 320.50750000000005 187.37875000000003 5.5000000000000009 7.5000000000000009 1.0000000180025095e-35 4.5000000000000009 127.04875000000001 106.59625000000001 17.500000000000004 176.47750000000005 18.500000000000004 16.500000000000004 9.5000000000000018 1.0000000180025095e-35 17.500000000000004 257.04625000000004 9.5000000000000018 15.500000000000002 1.0000000180025095e-35 14.500000000000002 1.5000000000000002 281.36000000000007 10.500000000000002 267.02250000000009 343.17750000000007 1.0000000180025095e-35 16.500000000000004
decision_type=2 2 2 2 2 2 2 2 2 2 2 2 2 2 2 2 2 2 2 2 2 2 2 2 2 2 2 2 2 2
left_child=1 2 7 4 5 9 -4 -1 10 -2 -3 29 -13 14 19 18 17 -17 -16 22 -21 -22 23 -6 -25 -8 27 -5 -29 -10
right_child=3 8 6 26 13 -7 25 -9 11 -11 -12 12 -14 -15 15 16 -18 -19 -20 20 21 -23 -24 24 -26 -27 -28 28 -30 -31
leaf_value=-0.055088459760314783 0.19217025217435815 -0.32854688071435501 0.045931708149866045 0.091145624631176231 -0.024004399873777584 0.009795487167897866 -0.034853017315083966 -0.0094038523631545887 -0.024152194578625757 0.060479300082778277 -0.065012274586183208 -0.14824064000044018 -0.045395237734743334 -0.0079280180469103526 0.039579276862333368 0.31171209282008933 -0.078137121385070271 -0.058174202892998308 0.10755887007877846 0.011271104979044726 -0.10864095396051805 0.41661544281702778 -0.050725787083030952 0.0079948073329999536 0.10130667876898772 0.0084851691299699522 0.040452362044403951 0.097632819846272478 0.5951109369595845 0.028388864463613418
leaf_weight=1641 136 31 1670 264 1813 1446 1085 5019 5677 1189 1180 200 945 6546 1501 80 488 81 874 1959 30 130 1446 8542 317 4465 765 25 21 579
leaf_count=1641 136 31 1670 264 1813 1446 1085 5019 5677 1189 1180 200 945 6546 1501 80 488 81 874 1959 30 130 1446 8542 317 4465 765 25 21 579
internal_value=-0.000372061 -0.0151584 -0.00438194 0.0116546 0.00949427 0.0404942 0.0106339 -0.0206604 -0.0325268 0.0739963 -0.0717584 -0.0261075 -0.0633595 0.00588606 0.0111249 0.0448111 -0.0275902 0.12562 0.0645958 0.00396975 0.0344412 0.31813 -0.00135861 0.00533039 0.0113338 1.27489e-05 0.0650667 0.125808 0.324742 -0.0192895
internal_weight=50145 22492 13880 27653 26578 2771 7220 6660 8612 1325 1211 7401 1145 23807 17261 3024 649 161 2375 14237 2119 160 12118 10672 8859 5550 1075 310 46 6256
internal_count=50145 22492 13880 27653 26578 2771 7220 6660 8612 1325 1211 7401 1145 23807 17261 3024 649 161 2375 14237 2119 160 12118 10672 8859 5550 1075 310 46 6256
is_linear=0
shrinkage=0.05


Tree=119
num_leaves=31
num_cat=0
split_feature=8 6 6 8 8 6 5 6 4 8 5 4 8 8 6 8 8 6 8 4 8 6 6 8 5 6 1 4 8 4
split_gain=3236.86 1624.69 1352.37 1305.51 1260.01 1143.47 1108.69 981.351 1199.58 1009.49 962.019 1385.05 1012.53 938.883 765.129 721.534 681.322 659.425 638.406 637.733 578.47 670.402 654.061 690.251 572.261 534.124 732.035 528.784 487.561 487.035
threshold=223.54125000000002 220.01250000000002 221.00500000000002 190.40250000000003 274.58875000000006 258.26500000000004 1.0000000180025095e-35 165.52500000000003 4.5000000000000009 91.300000000000011 1.0000000180025095e-35 19.500000000000004 305.02000000000004 160.07250000000002 289.66750000000008 178.50125000000003 117.09375000000001 120.75750000000001 289.01125000000008 5.5000000000000009 157.83750000000001 189.75375000000003 157.83000000000001 91.300000000000011 1.0000000180025095e-35 319.00500000000005 5.5000000000000009 2.5000000000000004 314.00375000000008 1.0000000180025095e-35
decision_type=2 2 2 2 2 2 2 2 2 2 2 2 2 2 2 2 2 2 2 2 2 2 2 2 2 2 2 2 2 2
left_child=1 3 18 6 5 -4 20 13 16 -10 11 12 27 29 -12 24 -9 -5 -2 -17 22 -22 23 -1 -3 -7 -27 -6 -16 -8
right_child=2 15 4 17 10 25 7 8 9 -11 14 -13 -14 -15 28 19 -18 -19 -20 -21 21 -23 -24 -25 -26 26 -28 -29 -30 -31
leaf_value=-0.2966322875939883 0.03842004856480824 -0.15229747411897179 0.0094518243937231679 0.12952614148033031 0.01070530732272585 -0.021037166842373483 -0.05611891071687717 -0.37834227064793763 0.3006337942481041 -0.017918539157412892 0.035934364744453592 0.012225859086708077 0.19507324219826194 0.036987428105307744 -0.023732547827872805 -0.071193771868092379 -0.091739408072042922 0.0084393677844763568 0.15966712946205266 -0.019428732788988878 -0.0059508232357667334 -0.078618066264149716 -0.11215611209843829 -0.036526075023511677 -0.056306887397695397 0.071828832711492263 -0.19528842294433466 0.10660334311205424 0.021776976771556641 -0.00048255458985008577
leaf_weight=26 3541 205 7760 114 228 3407 432 22 25 4797 2264 794 225 1784 1395 726 361 8205 112 3297 1686 391 430 1343 640 35 96 389 1018 4397
leaf_count=26 3541 205 7760 114 228 3407 432 22 25 4797 2264 794 225 1784 1395 726 361 8205 112 3297 1686 391 430 1343 640 35 96 389 1018 4397
internal_value=-0.000353458 -0.0112537 0.0144513 -0.00591414 0.00870846 -0.00128883 -0.0144021 -0.00679137 -0.0230319 -0.016267 0.0266 0.0596017 0.104277 0.00599129 0.0150561 -0.0375926 -0.108202 0.0100987 0.0421375 -0.0287704 -0.0376075 -0.0196306 -0.0583625 -0.041466 -0.0795945 -0.0248466 -0.123921 0.0711661 -0.00453292 -0.00545976
internal_weight=50145 28881 21264 24013 17611 11298 15694 11818 5205 4822 6313 1636 842 6613 4677 4868 383 8319 3653 4023 3876 2077 1799 1369 845 3538 131 617 2413 4829
internal_count=50145 28881 21264 24013 17611 11298 15694 11818 5205 4822 6313 1636 842 6613 4677 4868 383 8319 3653 4023 3876 2077 1799 1369 845 3538 131 617 2413 4829
is_linear=0
shrinkage=0.05


Tree=120
num_leaves=31
num_cat=0
split_feature=4 4 4 4 4 4 1 6 6 7 0 4 1 1 1 1 4 1 1 6 6 7 4 1 4 4 0 6 7 7
split_gain=1066.05 1140.99 1326.94 1099.26 1460.99 1251.46 768.549 595.894 566.267 644.86 565.612 1527.76 2327.01 2283.32 1872.27 1830.15 1115.89 1958.51 1618.83 1364.16 1008.89 1013.58 958.807 1606.22 790.789 729.79 917.392 685.916 1064.76 577.292
threshold=1.5000000000000002 19.500000000000004 15.500000000000002 8.5000000000000018 5.5000000000000009 10.500000000000002 2.5000000000000004 307.08500000000004 140.96750000000003 154.00125000000003 29.381250000000005 17.500000000000004 8.5000000000000018 4.5000000000000009 8.5000000000000018 4.5000000000000009 16.500000000000004 10.500000000000002 9.5000000000000018 237.00500000000002 326.76375000000002 180.75750000000002 16.500000000000004 7.5000000000000009 18.500000000000004 16.500000000000004 20.641250000000003 246.45750000000004 219.68250000000003 252.48250000000004
decision_type=2 2 2 2 2 2 2 2 2 2 2 2 2 2 2 2 2 2 2 2 2 2 2 2 2 2 2 2 2 2
left_child=-1 2 3 4 7 -5 -6 8 9 -2 11 12 13 25 15 -13 18 -18 -14 -20 21 -12 -15 27 -17 -4 -27 -24 -29 -25
right_child=1 -3 10 5 6 -7 -8 -9 -10 -11 20 14 16 22 -16 24 17 -19 19 -21 -22 -23 23 29 -26 26 -28 28 -30 -31
leaf_value=-0.024168983035161736 0.027065130957333788 -0.014447150001476575 0.031960218801439087 -0.031662687715011871 0.066824381960474008 0.00056650322210504203 0.020832533301831824 0.18261580186527829 -0.011782789225989672 -0.063607344007410041 0.083834641101459662 -0.010319334573430894 -0.009542314918309619 -0.092673607297928451 -0.048585065556155736 0.10907230461174033 0.15362254498946526 -0.052826753316912806 0.16262164543894453 0.37692260616416234 0.19436738442202084 -0.03202757611162043 -0.0065248564813549202 0.071069756930629766 0.034230110386677948 0.015928250259725052 0.1510818771789437 -0.38223594069480898 -0.040173856472739806 0.2631717336569297
leaf_weight=4172 1951 8387 540 4227 1103 10479 5147 43 6116 218 225 1411 88 377 1037 679 286 192 233 109 61 1172 269 116 735 177 432 35 65 59
leaf_count=4172 1951 8387 540 4227 1103 10479 5147 43 6116 218 225 1411 88 377 1037 679 286 192 233 109 61 1172 269 116 735 177 432 35 65 59
internal_value=3.14602e-05 0.00222782 0.00594909 0.000947861 0.0106777 -0.00869725 0.0289492 -0.00303475 -0.00399829 0.0179519 0.0235986 0.0296255 0.0565355 0.0272627 0.00887518 0.0299677 0.12327 0.0706973 0.181711 0.230922 -0.00467566 -0.0133669 -0.0313914 0.0110781 0.0701692 0.0742778 0.111801 -0.0480887 -0.159896 0.135836
internal_weight=50141 45969 37582 29284 14578 14706 6250 8328 8285 2169 8298 6840 2978 2070 3862 2825 908 478 430 342 1458 1397 921 544 1414 1149 609 369 100 175
internal_count=50141 45969 37582 29284 14578 14706 6250 8328 8285 2169 8298 6840 2978 2070 3862 2825 908 478 430 342 1458 1397 921 544 1414 1149 609 369 100 175
is_linear=0
shrinkage=0.05


Tree=121
num_leaves=31
num_cat=0
split_feature=4 4 4 4 4 4 4 5 5 4 4 0 6 0 6 0 4 7 0 4 0 6 7 0 6 6 7 3 6 0
split_gain=962.113 1038.55 794.366 992.085 1318.54 1129.44 926.312 1186.72 1129.73 2484.73 1743.2 2356.62 1613.38 1574.61 1261.55 895.481 2292.15 787.317 665.939 554.055 1136.52 537.794 534.2 731.255 725.55 518.549 505.102 504.791 697.655 498.165
threshold=1.5000000000000002 20.500000000000004 15.500000000000002 8.5000000000000018 5.5000000000000009 10.500000000000002 18.500000000000004 1.0000000180025095e-35 1.0000000180025095e-35 17.500000000000004 17.500000000000004 27.311250000000005 285.67500000000007 26.121250000000003 215.85375000000002 28.411250000000006 16.500000000000004 311.94125000000008 20.471250000000001 19.500000000000004 25.991250000000004 307.08500000000004 259.48750000000007 28.873750000000005 261.48500000000007 148.06750000000002 180.75750000000002 1.0000000180025095e-35 162.50375000000003 20.802500000000006
decision_type=2 2 2 2 2 2 2 2 2 2 2 2 2 2 2 2 2 2 2 2 2 2 2 2 2 2 2 2 2 2
left_child=-1 2 3 4 21 27 8 19 9 13 15 -12 22 14 -4 29 26 -11 -6 20 -8 25 23 -13 -25 -2 -17 -5 -29 -10
right_child=1 -3 6 5 18 -7 7 -9 10 17 11 12 -14 -15 -16 16 -18 -19 -20 -21 -22 -23 -24 24 -26 -27 -28 28 -30 -31
leaf_value=-0.022960533911764298 0.014133193949059323 -0.016731622428091696 -0.012393363185341739 -0.019029324547365955 0.060965764844289165 0.00053817807003497516 0.0026947915444179675 -0.016503209004390031 0.025776814510920804 0.065838473780294435 -0.051071765510219726 0.18468810403975874 -0.0063607107781835136 -0.091451696271857105 0.23277905236227789 0.062508835883063246 0.1124420251282558 0.3256974049152867 0.01954165991670449 0.0084689570553196664 0.15171975100057772 0.17348501285494761 0.23534083974457559 -0.11058093574496784 0.23404285155591512 -0.012524456687003964 -0.045474747408852899 0.077719606383797823 -0.067640899043866373 0.096296320268591973
leaf_weight=4172 2712 6306 219 3000 1201 10479 240 3138 298 488 948 109 310 740 69 132 503 31 5049 507 274 43 124 56 21 5573 603 89 1138 1569
leaf_count=4172 2712 6306 219 3000 1201 10479 240 3138 298 488 948 109 310 740 69 132 503 31 5049 507 274 43 124 56 21 5573 603 89 1138 1569
internal_value=2.98872e-05 0.00211642 0.00511307 0.000900468 0.0101438 -0.00826239 0.0169988 -0.00126842 0.0292131 -0.00782214 0.0414737 -0.00150014 0.0742965 -0.0528469 0.0463459 0.0631751 0.0302005 0.0813599 0.0275017 0.0455551 0.0821361 -0.00288301 0.154954 0.101362 -0.0165926 -0.00379838 -0.0260818 -0.0300796 -0.0570972 0.0850404
internal_weight=50141 45969 39663 29284 14578 14706 10379 4159 6220 1547 4673 1568 620 1028 288 3105 1238 519 6250 1021 514 8328 310 186 77 8285 735 4227 1227 1867
internal_count=50141 45969 39663 29284 14578 14706 10379 4159 6220 1547 4673 1568 620 1028 288 3105 1238 519 6250 1021 514 8328 310 186 77 8285 735 4227 1227 1867
is_linear=0
shrinkage=0.05


Tree=122
num_leaves=31
num_cat=0
split_feature=8 6 0 8 6 6 7 5 7 8 6 6 4 0 8 8 4 4 8 6 4 4 0 8 7 8 7 6 8 7
split_gain=3275.24 1704.14 1887.69 1476.51 1444.81 1433.4 2050.89 1416.35 1192.05 1001.56 997.995 950.946 1118.32 1226.45 853.411 816.745 775.22 1253.03 755.911 755.721 751.593 1047.12 699.589 679.802 794.504 678.415 665.545 652.514 636.378 634.981
threshold=246.75125000000003 260.5437500000001 24.566250000000007 180.39375000000004 240.25625000000002 188.30125000000004 190.00125000000003 1.0000000180025095e-35 189.35500000000005 320.50750000000005 331.00125000000008 165.52500000000003 4.5000000000000009 25.903750000000006 198.95375000000004 203.74375000000003 3.5000000000000004 6.5000000000000009 195.00375000000003 185.00125000000003 19.500000000000004 14.500000000000002 24.631250000000005 147.36375000000001 154.00125000000003 91.300000000000011 189.35500000000005 219.69250000000002 106.59625000000001 271.00750000000005
decision_type=2 2 2 2 2 2 2 2 2 2 2 2 2 2 2 2 2 2 2 2 2 2 2 2 2 2 2 2 2 2
left_child=1 3 -3 7 -2 6 14 19 -4 10 22 16 13 -13 -5 -7 -9 -18 -10 28 21 25 -6 -19 -25 -14 -24 29 -1 -17
right_child=4 2 8 5 9 15 -8 11 18 -11 -12 12 20 -15 -16 27 17 23 -20 -21 -22 -23 26 24 -26 -27 -28 -29 -30 -31
leaf_value=-0.18227525364038433 0.054620670497688144 0.081804977772800727 0.026498012955875158 0.046312872048632013 0.088806809553199195 -0.023002419368378539 -0.0035771451676223881 -0.020318492119547674 -0.19105401897595989 0.060623706617715691 -0.11850115434309237 -0.085856336601679184 0.23237813906371596 -0.44222552836514439 0.12103731528901965 0.019303675720781885 0.051644745643360926 -0.050047076158037884 -0.080246896560921252 -0.098842431919761539 -0.085150487275775011 0.040930496119532964 0.063709450551560007 0.07244626582695185 -0.007504784488986194 -0.029372142388983308 0.0045946123770136604 -0.0074412166364637216 -0.031717965700810501 -0.051346543176511598
leaf_weight=72 2626 215 235 1570 275 4140 2370 2216 180 1006 153 338 25 26 505 5384 1556 639 1062 564 389 735 504 397 1430 2525 8610 7270 2786 338
leaf_count=72 2626 215 235 1570 275 4140 2370 2216 180 1006 153 338 25 26 505 5384 1556 639 1062 564 389 735 504 397 1430 2525 8610 7270 2786 338
internal_value=2.83928e-05 -0.00760024 -0.0566175 -0.00524908 0.0214348 0.00290149 0.0282018 -0.0180878 -0.076767 0.0131729 0.00817023 -0.00880979 -0.0277147 -0.111311 0.0644988 -0.00366284 0.00342781 0.0165113 -0.0963059 -0.0459489 -0.0194325 -0.0116503 0.0102344 -0.00565724 0.00986827 -0.026806 0.00786364 0.00249986 -0.0355109 0.0151303
internal_weight=50141 36967 1692 35275 13174 21577 4445 13698 1477 10548 9542 10276 4038 364 2075 17132 6238 4022 1242 3422 3674 3285 9389 2466 1827 2550 9114 12992 2858 5722
internal_count=50141 36967 1692 35275 13174 21577 4445 13698 1477 10548 9542 10276 4038 364 2075 17132 6238 4022 1242 3422 3674 3285 9389 2466 1827 2550 9114 12992 2858 5722
is_linear=0
shrinkage=0.05


Tree=123
num_leaves=31
num_cat=0
split_feature=8 6 0 8 6 7 7 4 4 4 7 6 8 6 0 8 0 8 6 6 7 8 8 4 8 8 7 7 6 6
split_gain=2955.93 1543.77 1689.92 1404.14 1327.63 1157.51 1136.82 1098.36 1033.56 907.424 969.201 1104.74 761.643 1227.47 1021.01 790.151 751.574 1327.1 1502.46 1159.14 1035.48 808.047 792.934 748.603 740.029 735.582 731.004 685.192 721.048 676.926
threshold=246.00125000000003 260.5437500000001 24.566250000000007 120.76625000000001 201.87750000000003 269.00125000000008 189.35500000000005 17.500000000000004 19.500000000000004 15.500000000000002 263.00375000000003 204.75125000000003 320.50750000000005 299.79875000000004 26.221250000000001 283.75500000000005 18.036250000000006 194.32625000000004 207.00125000000003 189.00125000000003 195.12250000000003 219.25500000000002 163.26500000000001 2.5000000000000004 293.59125000000006 273.55250000000007 183.45000000000002 154.99000000000004 140.96750000000003 252.73250000000004
decision_type=2 2 2 2 2 2 2 2 2 2 2 2 2 2 2 2 2 2 2 2 2 2 2 2 2 2 2 2 2 2
left_child=1 3 -3 7 5 25 -4 -1 9 10 16 -12 13 15 -15 29 23 19 20 22 -19 -20 27 -5 -16 -2 -24 28 -18 -6
right_child=4 2 6 8 12 -7 -8 -9 -10 -11 11 -13 -14 14 24 -17 17 18 21 -21 -22 -23 26 -25 -26 -27 -28 -29 -30 -31
leaf_value=-0.047397526996268785 0.11457045913586626 0.078068570784053007 0.027176005001633599 -0.0098884450718322425 0.027726485371659337 -0.036535736555870404 -0.093200024339223864 -0.32007572909719068 -0.02783429585561098 0.020311831453370951 -0.12266775914012916 -0.016833081231301502 0.058383076896364128 0.055264090889835554 -0.097475529983098261 0.044327565215688446 0.039435155648915546 0.064841221000759952 -0.029305333437377332 -0.047329262646725476 0.011995512088507493 0.0060324890058041751 0.023810500863424885 0.041462913669076298 -0.019524931967438045 0.31251564323902131 -0.018268131346691585 -0.047037628975591612 -0.02927869117749813 -0.0023356886401425091
leaf_weight=1312 320 210 234 1148 3609 117 1212 38 3746 4655 348 846 1027 328 430 2554 630 1486 2525 2513 2464 4502 2472 1859 1043 55 1772 1825 969 3892
leaf_count=1312 320 210 234 1148 3609 117 1212 38 3746 4655 348 846 1027 328 430 2554 630 1486 2525 2513 2464 4502 2472 1859 1043 55 1772 1825 969 3892
internal_value=2.69732e-05 -0.00729527 -0.0544715 -0.00507015 0.0201548 0.100765 -0.0737201 -0.0550729 -0.00307063 2.0082e-05 -0.00370475 -0.0476794 0.0170763 0.0134982 -0.0245155 0.020307 -0.00153195 -0.00485619 0.00720354 -0.0178588 0.0318762 -0.00666539 -0.00820059 0.0218582 -0.0422804 0.143602 0.00624138 -0.0261012 -0.00220569 0.0121283
internal_weight=50141 36766 1656 35110 13375 492 1446 1350 33760 30014 25359 1194 12883 11856 1801 10055 24165 21158 10977 10181 3950 7027 7668 3007 1473 375 4244 3424 1599 7501
internal_count=50141 36766 1656 35110 13375 492 1446 1350 33760 30014 25359 1194 12883 11856 1801 10055 24165 21158 10977 10181 3950 7027 7668 3007 1473 375 4244 3424 1599 7501
is_linear=0
shrinkage=0.05


Tree=124
num_leaves=31
num_cat=0
split_feature=8 6 8 6 7 6 7 8 6 7 6 6 7 5 6 8 6 8 6 7 1 6 7 8 8 6 5 7 8 6
split_gain=2671.14 1391.22 1320.51 1575.09 1545.4 1220.69 1202.51 1078.11 1199.18 1352.54 1262.87 1029.26 976.785 941.572 889.131 808.809 881.367 778.494 767.706 750.853 724.001 721.563 2560.18 647.247 627.287 623.987 610.294 608.688 584.096 538.479
threshold=246.75125000000003 259.01625000000007 157.83750000000001 159.30625000000003 151.25375000000003 237.75250000000003 154.00125000000003 91.300000000000011 154.00125000000003 238.33125000000004 189.00125000000003 163.26500000000001 190.75500000000002 1.0000000180025095e-35 316.50500000000005 316.26375000000007 299.79875000000004 191.81875000000002 189.00125000000003 190.00125000000003 4.5000000000000009 201.87750000000003 266.00125000000008 283.75500000000005 213.25125000000003 229.01000000000002 1.0000000180025095e-35 189.35500000000005 179.13250000000002 182.39750000000004
decision_type=2 2 2 2 2 2 2 2 2 2 2 2 2 2 2 2 2 2 2 2 2 2 2 2 2 2 2 2 2 2
left_child=1 2 6 4 -4 29 11 8 -8 10 -10 -1 14 -9 -3 16 23 18 19 -5 -14 22 27 -7 -23 -26 -17 -19 -22 -2
right_child=5 12 3 17 -6 15 7 13 9 -11 -12 -13 20 -15 -16 26 -18 21 -20 -21 28 24 -24 -25 25 -27 -28 -29 -30 -31
leaf_value=-0.0013590429903199515 0.13025019083882103 0.0058036489528164557 0.12159263654215482 0.0057219599412267012 0.019628149548904184 0.0050553793702224712 -0.41934787929058076 -0.096966936701703185 -0.15444759285343546 -0.43868501491844658 0.31646022746960323 -0.093850417782324766 0.046363329997455537 -0.026554644660407779 0.30207162095632939 0.10778275131471569 -0.026884111601801087 0.05741168601664446 -0.038623267216675292 -0.038211010734362817 -0.18618974724599907 -0.021216703294746883 -0.1170626806203604 0.036865399442718653 0.014817421248997473 -0.011275927613332907 0.02943910030273111 0.016849128333155994 -0.066634436580660997 0.044817523278633836
leaf_weight=4374 202 265 458 3870 1970 5698 40 614 35 20 24 323 132 2094 28 329 1583 1372 2601 1299 111 3591 318 2223 5229 4078 1017 2838 1283 2122
leaf_count=4374 202 265 458 3870 1970 5698 40 614 35 20 24 323 132 2094 28 329 1583 1372 2601 1299 111 3591 318 2223 5229 4078 1017 2838 1283 2122
internal_value=2.56246e-05 -0.00686364 -0.00465703 0.000400893 0.038862 0.0193573 -0.0232269 -0.0489923 -0.196288 -0.0833458 0.0371081 -0.00771942 -0.0495014 -0.0425196 0.0341159 0.0123134 0.0071759 -0.00330539 -0.0164673 -0.00531865 -0.0655564 0.00256333 0.0197351 0.0139827 -0.00346504 0.00338423 0.0485885 0.0300681 -0.0761543 0.0522433
internal_weight=50141 36967 35148 27624 2428 13174 7524 2827 119 79 59 4697 1819 2708 293 10850 9504 25196 7770 5169 1526 17426 4528 7921 12898 9307 1346 4210 1394 2324
internal_count=50141 36967 35148 27624 2428 13174 7524 2827 119 79 59 4697 1819 2708 293 10850 9504 25196 7770 5169 1526 17426 4528 7921 12898 9307 1346 4210 1394 2324
is_linear=0
shrinkage=0.05


Tree=125
num_leaves=31
num_cat=0
split_feature=4 4 4 4 4 4 0 5 4 5 4 1 1 4 0 7 7 4 5 1 1 5 1 4 1 4 1 1 4 0
split_gain=772.676 849.336 714.71 1038.8 1223.4 1002.69 1255.68 966.646 963.399 947.489 995.26 776.292 1433.16 2913.76 593.925 575.539 907.538 543.89 2207.14 2051.9 1973.66 4664.66 1277.83 2127.24 1178.05 3567.07 4706.07 1990.17 1863.95 1635.2
threshold=1.5000000000000002 20.500000000000004 15.500000000000002 8.5000000000000018 5.5000000000000009 18.500000000000004 29.381250000000005 1.0000000180025095e-35 10.500000000000002 1.0000000180025095e-35 16.500000000000004 7.5000000000000009 4.5000000000000009 19.500000000000004 27.811250000000005 189.35500000000005 195.12250000000003 17.500000000000004 1.0000000180025095e-35 8.5000000000000018 4.5000000000000009 1.0000000180025095e-35 9.5000000000000018 16.500000000000004 8.5000000000000018 16.500000000000004 9.5000000000000018 9.5000000000000018 16.500000000000004 25.566250000000007
decision_type=2 2 2 2 2 2 2 2 2 2 2 2 2 2 2 2 2 2 2 2 2 2 2 2 2 2 2 2 2 2
left_child=-1 2 3 4 -2 6 17 11 -5 -8 15 12 -7 -14 -9 -11 -17 18 22 20 21 -19 -4 -24 28 27 -27 -26 29 -20
right_child=1 -3 5 8 -6 7 9 14 -10 10 -12 -13 13 -15 -16 16 -18 19 24 -21 -22 -23 23 -25 25 26 -28 -29 -30 -31
leaf_value=-0.020646650462472042 -0.0026101875174595283 -0.015273411776251947 -0.062910206012897915 -0.029255745874417 0.026566095412468699 0.0069197734888756454 -0.073341942067889354 -0.0066979278042184108 -0.00080772318197402211 0.054086824101218761 0.068778599104256807 -0.019297755745684441 0.30629734762679073 -0.0086326170921117284 -0.062305268954179795 -0.30406042244285347 -0.03990892258658451 0.21796416750079706 0.088489939706683493 -0.065138509983393864 0.11185456212670181 -0.083433901015375248 -0.08151951713866934 0.28313577738177925 0.010555955276949637 0.31430587725153247 -0.082530944866320011 0.31665283393194843 0.10184595974593272 -0.067034176042957069
leaf_weight=4173 8374 6273 524 4167 6293 390 447 2524 10413 138 452 381 151 143 593 36 336 171 276 520 681 515 81 79 67 103 272 256 888 436
leaf_count=4173 8374 6273 524 4167 6293 390 447 2524 10413 138 452 381 151 143 593 36 336 171 276 520 681 515 81 79 67 103 272 256 888 436
internal_value=-4.60139e-05 0.00182363 0.00452466 0.000512983 0.00990814 0.0157416 0.0283765 -0.0032257 -0.00893824 -0.013192 0.0147571 0.0378993 0.069759 0.153117 -0.0172771 -0.0331208 -0.065472 0.0404056 0.0536991 0.0193982 0.0515555 -0.00830406 -0.0251466 0.098529 0.0771675 0.131369 0.0264669 0.253159 0.0535222 -0.00674674
internal_weight=50153 45980 39707 29247 14667 10460 6278 4182 14580 1409 962 1065 684 294 3117 510 372 4869 2982 1887 1367 686 684 160 2298 698 375 323 1600 712
internal_count=50153 45980 39707 29247 14667 10460 6278 4182 14580 1409 962 1065 684 294 3117 510 372 4869 2982 1887 1367 686 684 160 2298 698 375 323 1600 712
is_linear=0
shrinkage=0.05


Tree=126
num_leaves=31
num_cat=0
split_feature=8 7 8 7 7 8 4 4 5 8 7 1 1 4 7 8 7 1 8 4 4 1 1 4 1 4 1 4 1 4
split_gain=2674.43 1028.95 1060.73 866.466 754.933 1294.48 1008.81 1129.75 951.255 741.469 712.641 680.118 793.064 2196.38 957.962 665.178 725.774 661.466 602.775 531.801 745.517 530.472 524.588 499.267 494.659 488.637 1070.42 635.179 2470.91 1718.42
threshold=233.16625000000002 270.00125000000008 119.10875000000001 189.35500000000005 154.99000000000004 175.70500000000001 17.500000000000004 14.500000000000002 1.0000000180025095e-35 155.00500000000002 172.49250000000004 5.5000000000000009 4.5000000000000009 4.5000000000000009 217.25375000000003 295.00250000000005 280.75250000000005 5.5000000000000009 343.17750000000007 18.500000000000004 1.5000000000000002 9.5000000000000018 5.5000000000000009 16.500000000000004 5.5000000000000009 16.500000000000004 10.500000000000002 14.500000000000002 9.5000000000000018 15.500000000000002
decision_type=2 2 2 2 2 2 2 2 2 2 2 2 2 2 2 2 2 2 2 2 2 2 2 2 2 2 2 2 2 2
left_child=1 2 11 17 9 6 7 -6 -9 -4 -7 12 14 -14 -1 19 18 -2 -17 20 -5 23 -20 -10 -3 27 -27 -22 -29 -30
right_child=3 24 4 15 5 10 -8 8 21 -11 -12 -13 13 -15 -16 16 -18 -19 22 -21 25 -23 -24 -25 -26 26 -28 28 29 -31
leaf_value=-0.066549786878153425 0.083153760673339919 -0.0047156354795830947 -0.002265063554258406 -0.019863601349812455 -0.03229773689434752 0.030167463904937766 -0.085787229718643179 -0.05124559910106942 0.017919179144580324 0.034557848807090667 -0.0051023482482468272 0.0054078125287315738 -0.57436224057756624 -0.085678667915766837 0.28474383890628813 0.051447844267685394 0.010429815987561581 0.016938585957106431 0.41186847199093218 -0.010295181637567754 0.020160371351050352 0.14234074157990997 0.062493110696474709 0.15220405635058504 -0.073236216167356344 0.055319973841532637 -0.11630265171994869 -0.052689798256150014 -0.033123269301853074 0.29901299078057531
leaf_weight=654 797 375 3782 1455 4543 1570 682 298 559 2141 16318 342 29 111 20 1542 1839 716 22 3301 5306 139 21 79 885 1434 97 936 67 93
leaf_count=654 797 375 3782 1455 4543 1570 682 298 559 2141 16318 342 29 111 20 1542 1839 716 22 3301 5306 139 21 79 885 1434 97 936 67 93
internal_value=-4.37132e-05 -0.00854318 -0.00675798 0.0156412 -0.00495353 -0.00887124 -0.028362 -0.0213908 0.0247024 0.0110454 -0.00200678 -0.0537596 -0.0786186 -0.186906 -0.0561256 0.0122442 0.031801 0.0518186 0.0565969 0.00696696 0.0130367 0.0538305 0.241243 0.0345469 -0.0528432 0.0190709 0.0444464 0.0130025 -0.0216503 0.159931
internal_weight=50153 32527 31267 17626 30111 24188 6300 5618 1075 5923 17888 1156 814 140 674 16113 3424 1513 1585 12689 9388 777 43 638 1260 7933 1531 6402 1096 160
internal_count=50153 32527 31267 17626 30111 24188 6300 5618 1075 5923 17888 1156 814 140 674 16113 3424 1513 1585 12689 9388 777 43 638 1260 7933 1531 6402 1096 160
is_linear=0
shrinkage=0.05


Tree=127
num_leaves=31
num_cat=0
split_feature=8 7 8 7 8 7 8 4 4 0 4 8 1 7 7 8 4 7 3 0 1 7 8 0 4 7 1 0 0 4
split_gain=2413.67 928.631 957.306 799.56 1260.7 681.327 1179.65 846.883 833.1 690.388 775.965 669.175 613.806 727.637 576.121 752.377 1508.21 1049.58 915.703 681.216 572.032 671.797 559.246 1994.14 600.155 557.171 485.024 471.984 455.302 556.862
threshold=233.16625000000002 270.00125000000008 119.10875000000001 280.75250000000005 303.00375000000003 154.99000000000004 170.75250000000003 17.500000000000004 14.500000000000002 20.941250000000007 4.5000000000000009 155.00500000000002 5.5000000000000009 238.33125000000004 230.12750000000003 91.300000000000011 7.5000000000000009 202.33500000000004 1.0000000180025095e-35 24.881250000000005 5.5000000000000009 196.47500000000002 343.17750000000007 28.818750000000005 19.500000000000004 188.00125000000003 11.500000000000002 26.051250000000003 29.491250000000004 5.5000000000000009
decision_type=2 2 2 2 2 2 2 2 2 2 2 2 2 2 2 2 2 2 2 2 2 2 2 2 2 2 2 2 2 2
left_child=1 2 12 4 20 11 7 8 9 10 -7 -4 13 14 15 16 17 18 19 -1 21 -2 24 -24 -6 -8 -9 -26 29 -27
right_child=3 -3 5 -5 22 6 25 26 -10 -11 -12 -13 -14 -15 -16 -17 -18 -19 -20 -21 -22 -23 23 -25 27 28 -28 -29 -30 -31
leaf_value=0.16604062262035552 0.070317274928822893 -0.050201026949576948 -0.0021518103442240738 -0.0032556193003232554 0.1025542745074928 -0.044746816665484891 0.011749552553383096 -0.10837386883111955 0.020152705942914035 -0.045829874757575786 0.049106052984646723 0.032829956421431765 0.0051374218177134773 -0.351917184435803 0.14119206108152868 -0.052337956792190679 0.15103219565129689 -0.59377433300018312 -0.37628182341393673 -0.21068210378289223 0.0096338259213192556 0.019361759071183787 0.56037040837109087 -0.07770307219028473 0.16829429938408891 -0.023753649712565422 0.03203384720943344 0.017768991783618075 -0.025335490188229198 0.0028178978336255815
leaf_weight=21 925 1260 3782 4527 521 416 4927 460 902 2761 468 2141 342 23 32 625 27 20 38 28 8793 2151 24 25 57 2549 71 603 2927 8707
leaf_count=21 925 1260 3782 4527 521 416 4927 460 902 2761 468 2141 342 23 32 625 27 20 38 28 8793 2151 24 25 57 2549 71 603 2927 8707
internal_value=-4.15276e-05 -0.00811603 -0.00642008 0.0148591 0.0211196 -0.00470585 -0.00842768 -0.0298482 -0.0228704 -0.033517 0.00494 0.0104931 -0.0510716 -0.0746876 -0.0666266 -0.0753884 -0.1829 -0.267163 -0.19208 -0.0492295 0.0161261 0.0346849 0.0693045 0.234823 0.0624371 -0.00273572 -0.0896 0.0307689 -0.00776772 -0.00319942
internal_weight=50153 32527 31267 17626 13099 30111 24188 5078 4547 3645 884 5923 1156 814 791 759 134 107 87 49 11869 3076 1230 49 1181 19110 531 660 14183 11256
internal_count=50153 32527 31267 17626 13099 30111 24188 5078 4547 3645 884 5923 1156 814 791 759 134 107 87 49 11869 3076 1230 49 1181 19110 531 660 14183 11256
is_linear=0
shrinkage=0.05


Tree=128
num_leaves=31
num_cat=0
split_feature=8 1 4 4 5 1 1 0 8 4 5 4 4 1 4 4 0 8 0 0 5 4 4 8 8 0 4 4 0 4
split_gain=2225.13 867.356 797.495 968.031 1521.31 1244.09 1831.63 1135.78 921.541 873.413 754.758 754.189 2051.55 1111.03 1941.3 878.489 723.15 705.338 1005.63 624.421 591.532 825.022 558.436 919.758 710.801 555.239 697.258 1363.07 522.239 520.286
threshold=210.48750000000004 5.5000000000000009 17.500000000000004 14.500000000000002 1.0000000180025095e-35 8.5000000000000018 4.5000000000000009 18.726250000000004 136.98250000000004 3.5000000000000004 1.0000000180025095e-35 17.500000000000004 16.500000000000004 4.5000000000000009 18.500000000000004 18.500000000000004 29.211250000000003 295.00250000000005 28.931250000000002 26.221250000000001 1.0000000180025095e-35 19.500000000000004 22.500000000000004 162.50375000000003 177.82375000000002 26.761250000000008 18.500000000000004 15.500000000000002 27.476250000000004 13.500000000000002
decision_type=2 2 2 2 2 2 2 2 2 2 2 2 2 2 2 2 2 2 2 2 2 2 2 2 2 2 2 2 2 2
left_child=2 10 3 7 -5 6 -6 9 -9 -1 25 12 29 15 -15 -13 -8 -3 19 -19 21 -21 24 -24 -4 26 27 -2 -17 -12
right_child=1 17 22 4 5 -7 16 8 -10 -11 11 13 -14 14 -16 28 -18 18 -20 20 -22 -23 23 -25 -26 -27 -28 -29 -30 -31
leaf_value=-0.011358401648539549 0.072800368060059711 0.00011182730063709665 -0.089273950107956343 -0.040295555702845105 0.054051189330913289 0.1203486232749552 -0.013281069486333294 -0.059331312909910776 -0.014793193361013052 0.034734950590634799 0.028303517269421388 -0.083227641976495806 0.15819959384389223 0.22300007002882835 0.0093756800956044366 0.0075278790553507703 -0.1364004154547887 0.07795490373924957 0.11321226004296669 0.13510865215163601 -0.0086318226487391847 0.005321523502259653 -0.045043477039266422 0.058901727485233951 -0.029193925502361613 0.024447104540072883 0.032924972253028519 0.26538879614944261 -0.089547139373402931 -0.027350766843495272
leaf_weight=2122 392 15941 691 806 1313 395 339 1285 12077 1993 2378 505 289 127 654 1077 184 358 304 192 1595 338 487 378 1712 976 456 120 159 510
leaf_count=2122 392 15941 691 806 1313 395 339 1285 12077 1993 2378 505 289 127 654 1077 184 358 304 192 1595 338 487 378 1712 976 456 120 159 510
internal_value=-3.94511e-05 0.00996194 -0.0111296 -0.00747515 0.0185804 0.0398507 0.0225323 -0.0120029 -0.0190763 0.0109658 0.0241564 0.0149796 0.0311856 -0.00543526 0.0441136 -0.0276625 -0.0565965 0.00416909 0.0273757 0.0168665 0.00657495 0.0523387 -0.0340697 0.000379976 -0.0464704 0.0510589 0.0778907 0.117938 -0.00495993 0.0184754
internal_weight=50153 26371 23782 20514 3037 2231 1836 17477 13362 4115 7643 5699 3177 2522 781 1741 523 18728 2787 2483 2125 530 3268 865 2403 1944 968 512 1236 2888
internal_count=50153 26371 23782 20514 3037 2231 1836 17477 13362 4115 7643 5699 3177 2522 781 1741 523 18728 2787 2483 2125 530 3268 865 2403 1944 968 512 1236 2888
is_linear=0
shrinkage=0.05


Tree=129
num_leaves=31
num_cat=0
split_feature=8 6 8 6 8 6 8 8 6 8 6 8 6 6 7 7 8 7 6 6 7 6 0 7 6 0 0 8 0 7
split_gain=2028.76 1292.92 1346.14 1072.9 812.048 784.909 802.764 733.835 702.774 832.991 996.238 962.377 1460.44 1956.51 1806.32 923.962 722.222 854.538 704.077 683.988 647.035 645.141 1425.1 1288.52 602.694 552.633 604.381 546.076 610.581 530.403
threshold=233.16625000000002 221.00500000000002 210.48750000000004 237.75250000000003 269.50500000000005 278.17875000000009 295.00250000000005 320.50750000000005 201.87750000000003 175.70500000000001 165.52500000000003 91.300000000000011 126.45750000000001 153.01000000000002 212.72125000000003 190.00125000000003 152.45750000000001 151.25375000000003 159.30625000000003 140.96750000000003 91.300000000000011 264.00250000000005 24.631250000000005 189.35500000000005 331.00125000000008 26.221250000000001 28.766250000000003 179.13250000000002 26.941250000000007 144.62750000000003
decision_type=2 2 2 2 2 2 2 2 2 2 2 2 2 2 2 2 2 2 2 2 2 2 2 2 2 2 2 2 2 2
left_child=1 2 8 7 24 -6 -7 20 9 10 11 12 14 -14 -1 18 -13 19 -11 -18 -2 -3 -23 -24 -5 -8 -27 28 -25 -4
right_child=3 21 29 4 5 6 25 -9 -10 15 -12 16 13 -15 -16 -17 17 -19 -20 -21 -22 22 23 27 -26 26 -28 -29 -30 -31
leaf_value=0.43798543095588682 0.25336625634720833 -0.020831062301335038 0.13283915741298841 -0.0057720447090029454 0.040688616404647784 -0.023176399708814882 0.083169700973156291 0.32220372530547059 -0.030663063281141979 0.095167498243305532 -0.035962163634174031 -0.012100664573649703 -0.42362174787395229 0.14094033127739317 -0.21856076256795365 -0.0085773598065330327 0.15007696382654309 0.0024806552135497126 0.02029495974386538 0.038404013015108707 0.031179983699953298 0.077350050507049115 0.034802739584157548 -0.12869469644058318 -0.17673559777008802 0.0028964140439025426 0.069087225407839001 -0.10902826788157903 -0.41860115248709917 0.019671694773201187
leaf_weight=20 33 5870 106 5959 2440 1584 319 22 2865 349 3214 5171 57 21 22 3501 178 2065 3130 597 4636 145 155 42 52 2171 410 528 32 4459
leaf_count=20 33 5870 106 5959 2440 1584 319 22 2865 349 3214 5171 57 21 22 3501 178 2065 3130 597 4636 145 155 42 52 2171 410 528 32 4459
internal_value=-3.74786e-05 -0.00744021 -0.00232856 0.0136235 0.00619466 0.0178674 0.00544906 0.0341079 -0.00763422 -0.0040338 -0.0123955 -0.00308011 -0.143628 -0.271624 0.0940803 0.00955693 -0.000974796 0.0192829 0.0278059 0.0640528 0.0327504 -0.0268806 -0.0662496 -0.0937555 -0.00725102 0.0210845 0.013411 -0.126856 -0.25406 0.0222995
internal_weight=50153 32527 25755 17626 12935 6924 4484 4691 21190 18325 11345 8131 120 78 42 6980 8011 2840 3479 775 4669 6772 902 757 6011 2900 2581 602 74 4565
internal_count=50153 32527 25755 17626 12935 6924 4484 4691 21190 18325 11345 8131 120 78 42 6980 8011 2840 3479 775 4669 6772 902 757 6011 2900 2581 602 74 4565
is_linear=0
shrinkage=0.05


Tree=130
num_leaves=31
num_cat=0
split_feature=8 4 0 4 7 0 5 4 8 7 0 8 4 5 4 0 0 0 7 0 8 7 5 8 7 8 8 0 4 4
split_gain=1748.36 1270.27 1107.75 1090.99 908.306 883.183 750.284 801.796 1200.47 605.363 596.165 1119.88 655.953 905.753 591.71 626.721 674.499 545.281 536.574 486.069 468.307 489.019 457.902 453.179 487.341 451.008 440.96 440.833 940.083 428.266
threshold=264.75125000000008 19.500000000000004 24.841250000000006 1.5000000000000002 180.75750000000002 25.536249999999999 1.0000000180025095e-35 19.500000000000004 305.02000000000004 280.75250000000005 20.471250000000001 187.77625000000003 14.500000000000002 1.0000000180025095e-35 17.500000000000004 30.198750000000008 26.633750000000003 26.086250000000003 195.77875000000003 28.091250000000006 162.50375000000003 154.99000000000004 22.500000000000004 162.50375000000003 154.00125000000003 125.08500000000001 131.01750000000001 29.666250000000002 13.500000000000002 5.5000000000000009
decision_type=2 2 2 2 2 2 2 2 2 2 2 2 2 2 2 2 2 2 2 2 2 2 2 2 2 2 2 2 2 2
left_child=1 3 -2 -1 17 20 7 8 14 -8 25 12 23 -14 -6 16 -16 -4 -13 -10 -3 -22 -15 24 -12 -5 -7 29 -29 -20
right_child=2 5 4 10 6 26 9 -9 19 -11 11 18 13 22 15 -17 -18 -19 27 -21 21 -23 -24 -25 -26 -27 -28 28 -30 -31
leaf_value=-0.029169983803519657 0.1240545434420818 -0.054963260338889132 -0.016191831431282101 -0.011752010861011656 0.020398454622768594 -0.29773595219566706 0.019339426204063634 0.0050730718982544866 0.10829062296246941 -0.013172870597283354 -0.0089865957697835269 0.020511981415808275 -0.042361690071080545 0.06811064388430825 0.012583669109193431 -0.14287668699186973 0.1983061662359113 0.14811296498811827 -0.008963069492021641 0.26357542561186897 0.069029570082053154 -0.014314028007913503 0.0092653324675527129 -0.011910486439521261 -0.051818042075798314 0.025592248455488315 -0.066061553049436575 0.0024725491824367282 -0.045866522157761561 0.013998017726628946
leaf_weight=3114 253 686 67 1020 662 21 3433 854 110 2456 1005 4705 577 541 73 22 148 205 2868 93 187 2993 850 4328 1958 3899 936 3632 1391 6957
leaf_count=3114 253 686 67 1020 662 21 3433 854 110 2456 1005 4705 577 541 73 22 148 205 2868 93 187 2993 850 4328 1958 3899 936 3632 1391 6957
internal_value=0.000178532 -0.00401158 0.0210231 -0.000853043 0.017814 -0.028141 0.0147019 0.0414808 0.0695423 0.00578021 0.00176114 -0.000985429 -0.0153104 0.0103052 0.0448933 0.111624 0.136959 0.107641 0.00579793 0.179431 -0.0174956 -0.00941301 0.032152 -0.0222246 -0.0372903 0.0178486 -0.0711453 0.00113538 -0.0109138 0.00729548
internal_weight=50044 41668 8376 36845 8123 4823 7851 1962 1108 5889 33731 28812 9259 1968 905 243 221 272 19553 203 3866 3180 1391 7291 2963 4919 957 14848 5023 9825
internal_count=50044 41668 8376 36845 8123 4823 7851 1962 1108 5889 33731 28812 9259 1968 905 243 221 272 19553 203 3866 3180 1391 7291 2963 4919 957 14848 5023 9825
is_linear=0
shrinkage=0.05


Tree=131
num_leaves=31
num_cat=0
split_feature=8 6 4 0 4 4 4 0 8 6 8 8 6 8 0 8 4 4 6 7 0 6 8 6 0 8 7 6 3 0
split_gain=1578.63 1309.7 1130.57 1106.33 1053.15 1165.5 1114.6 1181.48 1043.23 1776.76 915.866 836.43 978.49 828.394 807.796 1516.88 747.002 643.775 765.462 628.194 627.121 1388.86 610.968 690.399 594.473 555.933 552.852 530.449 783.612 521.31
threshold=262.99375000000003 275.00250000000005 18.500000000000004 27.476250000000004 4.5000000000000009 7.5000000000000009 15.500000000000002 28.766250000000003 91.300000000000011 172.10250000000002 287.74000000000007 91.300000000000011 146.18250000000003 154.13500000000002 25.016250000000003 91.300000000000011 17.500000000000004 5.5000000000000009 140.96750000000003 190.00125000000003 26.601250000000004 285.67500000000007 148.42750000000004 140.96750000000003 25.961250000000003 243.00375000000003 186.69750000000002 316.50500000000005 1.0000000180025095e-35 25.051250000000003
decision_type=2 2 2 2 2 2 2 2 2 2 2 2 2 2 2 2 2 2 2 2 2 2 2 2 2 2 2 2 2 2
left_child=2 -2 4 22 14 8 11 16 9 -6 26 12 -7 -13 -1 -16 -8 18 -10 -9 -18 -22 -4 -24 -12 -17 -3 -5 -29 -28
right_child=1 10 3 27 5 6 7 19 17 -11 24 13 -14 -15 15 25 20 -19 -20 -21 21 -23 23 -25 -26 -27 29 28 -30 -31
leaf_value=-0.0051189187465722477 0.041674736393178667 0.17389964376925493 -0.086285111237305728 -0.08384284941418825 -0.4167273219893961 -0.025621477546899214 0.049705227013792916 0.038922219511014398 0.056672878798233788 0.1682205100854238 0.079385241425050143 -0.046796093228091425 0.4355892383928775 -0.0050569688005107014 -0.42526720333099366 -0.051078239347823434 -0.020897814006566772 0.036852752129885119 -0.014706642190520827 -0.042826990183385552 0.094817807631077278 -0.21495625714703306 0.11424392136828143 -0.017772645722459221 0.0095047617508392229 -0.0050414862987732852 0.088366241741312468 -0.48832714259624482 -0.11842429073663747 -0.043931794276216324
leaf_weight=5969 3774 32 321 230 34 23 2442 313 495 21 336 1297 23 14243 25 1775 871 4075 1557 943 308 41 101 5087 3230 1040 79 22 41 1296
leaf_count=5969 3774 32 321 230 34 23 2442 313 495 21 336 1297 23 14243 25 1775 871 4075 1557 943 308 41 101 5087 3230 1040 79 22 41 1296
internal_value=0.000169606 0.0194655 -0.00391739 -0.0243797 -0.00057264 0.00437562 -0.00136198 0.0193911 0.0234056 -0.193384 0.00261089 -0.00791041 0.204984 -0.0085406 -0.0155629 -0.0375136 0.0337435 0.0253517 0.0025121 -0.0224548 0.001794 0.058426 -0.0193444 -0.0152025 0.0160891 -0.03407 -0.0315493 -0.119053 -0.247597 -0.0363307
internal_weight=50044 8747 41297 5802 35495 26686 20504 4918 6182 55 4973 15586 46 15540 8809 2840 3662 6127 2052 1256 1220 349 5509 5188 3566 2815 1407 293 63 1375
internal_count=50044 8747 41297 5802 35495 26686 20504 4918 6182 55 4973 15586 46 15540 8809 2840 3662 6127 2052 1256 1220 349 5509 5188 3566 2815 1407 293 63 1375
is_linear=0
shrinkage=0.05


Tree=132
num_leaves=31
num_cat=0
split_feature=8 6 6 8 6 8 8 6 6 0 3 6 8 6 4 6 6 6 0 8 8 1 0 4 0 8 8 6 8 6
split_gain=1498.77 1085.89 1080.9 807.564 863.29 1021.94 777.302 1056.74 702.425 690.47 748.747 646.897 990.804 2913.56 2571.24 566.842 520.667 518.784 504.091 487.222 477.912 459.514 443.153 430.196 427.939 1366.88 825.57 817.709 700.894 680.042
threshold=224.00250000000003 221.00500000000002 219.22125000000003 197.75250000000003 184.40500000000003 162.50375000000003 285.00500000000005 298.49000000000007 289.66750000000008 27.683750000000003 1.0000000180025095e-35 148.06750000000002 91.300000000000011 126.45750000000001 5.5000000000000009 314.35750000000002 160.04875000000004 164.00375000000003 31.231250000000003 306.86500000000007 139.74500000000003 8.5000000000000018 26.221250000000001 3.5000000000000004 24.741250000000004 112.25375000000001 112.25375000000001 277.04750000000007 154.13500000000002 305.50750000000005
decision_type=2 2 2 2 2 2 2 2 2 2 2 2 2 2 2 2 2 2 2 2 2 2 2 2 2 2 2 2 2 2
left_child=2 19 3 4 5 11 7 -3 -8 21 15 12 13 14 -1 -11 -7 18 -5 -2 -14 22 -9 -15 25 -4 -26 -28 -27 -30
right_child=1 6 24 17 -6 16 8 9 -10 10 -12 -13 20 23 -16 -17 -18 -19 -20 -21 -22 -23 -24 -25 26 28 27 -29 29 -31
leaf_value=0.55234046697616579 0.033714434173678663 0.002078305277046979 0.39866440281981519 0.09768005826547882 -0.028241391887851148 0.03867685837748621 0.046877812860673357 0.084394916351390098 0.0073140416136891779 -0.13308339205455699 -0.028887101493382129 -0.030946293537656239 -0.010653721385522725 -0.27337341656287512 -0.1899399574313845 -0.3557120681641267 0.0047369209263161275 0.0090547929218845087 -0.053919076774992164 0.20922020322759638 0.023547519731157068 -0.10831728823013542 -0.042208141558332725 -0.5669329097637763 -0.241785773790131 -0.2018156004117595 -0.026724030777773911 -0.11325538613222802 -0.0077887535004136331 0.21324328110656807
leaf_weight=20 3471 12123 21 302 4123 1551 1823 113 2917 73 89 3244 2797 24 28 47 4163 5941 67 40 1609 123 178 26 48 45 3664 295 1043 36
leaf_count=20 3471 12123 21 302 4123 1551 1823 113 2917 73 89 3244 2797 24 28 47 4163 5941 67 40 1609 123 178 26 48 45 3664 295 1043 36
internal_value=0.000161126 0.0103384 -0.00719568 -0.00271703 -0.00822318 -0.00209221 0.00524332 -0.00118536 0.0225302 -0.0646933 -0.138778 -0.0139227 -0.00166146 -0.158905 0.119344 -0.22028 0.0139495 0.0126278 0.0701539 0.0357139 0.00183602 -0.0272934 0.00695387 -0.426024 -0.0279677 -0.00101018 -0.0356708 -0.0331718 -0.00847741 -0.000414191
internal_weight=50044 20997 29047 23895 17585 13462 17486 12746 4740 623 209 7748 4504 98 48 120 5714 6310 369 3511 4406 414 291 50 5152 1145 4007 3959 1124 1079
internal_count=50044 20997 29047 23895 17585 13462 17486 12746 4740 623 209 7748 4504 98 48 120 5714 6310 369 3511 4406 414 291 50 5152 1145 4007 3959 1124 1079
is_linear=0
shrinkage=0.05


Tree=133
num_leaves=31
num_cat=0
split_feature=8 6 6 8 8 6 8 7 7 6 8 4 6 0 6 8 6 0 3 6 8 7 6 7 4 8 0 7 0 6
split_gain=1369 1067.13 965.47 912.717 849.773 781.846 922.297 1053.33 882.707 845.656 832.122 1336.83 1594.28 765.538 707.114 968.963 587.142 625.999 763.429 544.952 848.326 558.937 542.283 628.743 536.406 889.429 750.718 513.745 493.568 493.244
threshold=229.01000000000002 220.01250000000002 237.75250000000003 197.75250000000003 264.75125000000008 184.40500000000003 162.50375000000003 154.00125000000003 154.99000000000004 154.00125000000003 91.300000000000011 11.500000000000002 139.61625000000004 24.841250000000006 140.96750000000003 135.42375000000004 316.50500000000005 27.643750000000004 1.0000000180025095e-35 275.00250000000005 299.41000000000003 182.75250000000003 159.30625000000003 266.00125000000008 4.5000000000000009 106.59625000000001 25.241250000000004 280.75250000000005 29.723749999999999 205.96625000000003
decision_type=2 2 2 2 2 2 2 2 2 2 2 2 2 2 2 2 2 2 2 2 2 2 2 2 2 2 2 2 2 2
left_child=1 3 -2 5 16 6 7 14 9 -8 11 12 -9 -6 15 -1 -4 -18 -19 -15 21 -21 28 -24 26 -26 -7 -22 -5 -25
right_child=2 -3 4 22 13 24 8 10 -10 -11 -12 -13 -14 19 -16 -17 17 18 -20 20 27 -23 23 29 25 -27 -28 -29 -30 -31
leaf_value=-0.00077257388386280221 0.028079353221318007 -0.024936745692255853 -0.0088460282697259696 0.12389843426462191 0.11390190410800527 -0.052084801929013338 0.14688533355926026 -0.62163434886932378 0.0054673954187757379 0.030396297458419326 -0.032800254163942527 0.1389695943756537 -0.098849139006010125 0.03022047277261496 -0.021720606396804908 0.064852164928318731 -0.015635472933894824 -0.46997728727080612 -0.098041348390885297 0.16240913584464933 0.046031523450926634 -0.023898082535429317 0.013687656264066751 -0.098624412771396081 0.21648957320512874 -0.023525068528763172 -0.24091116102441912 0.001369416362990216 -0.001355856453301385 0.024021577617168079
leaf_weight=2102 5642 6161 5522 204 188 320 216 25 4939 559 2757 22 35 2601 2039 768 70 22 37 41 1164 2222 6607 228 39 3754 63 1441 128 128
leaf_count=2102 5642 6161 5522 204 188 320 216 25 4939 559 2757 22 35 2601 2039 768 70 22 37 41 1164 2222 6607 228 39 3754 63 1441 128 128
internal_value=0.000153069 -0.0063029 0.0107463 -0.00169844 0.00339788 -0.00785076 -0.0019876 -0.0132266 0.0132521 0.0628629 -0.0374687 -0.19443 -0.316676 0.0142521 0.000793277 0.0167883 -0.0113094 -0.116756 -0.236729 0.0117438 0.00187166 -0.0205227 0.0131768 0.0102 -0.0267516 -0.0210572 -0.083145 0.0213259 0.0756076 -0.054527
internal_weight=50044 31094 18950 24933 13308 17638 13462 7748 5714 775 2839 82 60 7657 4909 2870 5651 129 59 7469 4868 2263 7295 6963 4176 3793 383 2605 332 356
internal_count=50044 31094 18950 24933 13308 17638 13462 7748 5714 775 2839 82 60 7657 4909 2870 5651 129 59 7469 4868 2263 7295 6963 4176 3793 383 2605 332 356
is_linear=0
shrinkage=0.05


Tree=134
num_leaves=31
num_cat=0
split_feature=8 4 4 4 5 4 8 0 8 4 0 5 1 4 5 1 4 5 1 1 4 1 1 7 0 0 7 4 7 8
split_gain=1269.04 1075.25 960.043 1082.62 1321.31 3478.82 1084.95 1046.93 1568.96 851.133 672.545 1180.49 1793.72 1177.78 1001.99 855.301 849.776 735.716 729.654 724.531 710.387 1262.1 887.287 668.27 661.518 654.358 648.806 618.075 607.495 592.295
threshold=246.00125000000003 19.500000000000004 4.5000000000000009 7.5000000000000009 1.0000000180025095e-35 6.5000000000000009 91.300000000000011 24.631250000000005 91.300000000000011 15.500000000000002 27.643750000000004 1.0000000180025095e-35 8.5000000000000018 17.500000000000004 1.0000000180025095e-35 10.500000000000002 16.500000000000004 1.0000000180025095e-35 6.5000000000000009 4.5000000000000009 16.500000000000004 7.5000000000000009 3.5000000000000004 189.35500000000005 24.686250000000005 27.601250000000004 203.00250000000003 18.500000000000004 190.00125000000003 154.13500000000002
decision_type=2 2 2 2 2 2 2 2 2 2 2 2 2 2 2 2 2 2 2 2 2 2 2 2 2 2 2 2 2 2
left_child=1 2 7 4 5 -4 25 -1 -9 29 13 19 20 14 15 -11 -17 18 27 -12 28 22 -22 -2 -25 -5 -24 -15 -13 -8
right_child=23 -3 3 6 -6 -7 9 8 -10 10 11 12 -14 17 -16 16 -18 -19 -20 -21 21 -23 26 24 -26 -27 -28 -29 -30 -31
leaf_value=-0.0042916640148724129 0.054077155561426671 -0.028948509411101938 -0.073637840919540565 0.086382004827486758 0.035222522985348566 0.086765955871090913 -0.041993363068319516 -0.38102382316308869 -0.039034522739434994 -0.048773386820498581 0.0070452264540691451 0.037749058962955877 0.23694015808314797 0.15973667115511667 0.075770974779358069 -0.019117488081053815 0.28545024353404375 -0.023097827674201252 -0.043468850818693852 -0.12557849393617332 0.31710351109504703 0.29625346312342687 0.12239047359011468 0.065962427725342027 0.0078707277456395806 0.44882834669202565 -0.028794465820341338 0.019455681719751594 -0.083060714405677902 -0.0064920906195152497
leaf_weight=5189 935 4056 991 33 4490 513 1297 34 2464 337 156 149 84 166 1358 49 43 1254 141 303 23 43 87 511 11962 20 385 149 345 12477
leaf_count=5189 935 4056 991 33 4490 513 1297 34 2464 337 156 149 84 166 1358 49 43 1254 141 303 23 43 87 511 11962 20 385 149 345 12477
internal_value=0.000145416 -0.0046714 -0.00164906 0.00312052 0.0216358 -0.0189256 -0.00275178 -0.0170945 -0.0436893 -0.00338709 0.0141235 -0.0130065 0.0147545 0.0263424 0.0547275 -0.0118858 0.123235 -0.00332082 0.051066 -0.0805038 -0.00333038 0.0364208 0.0138495 0.0133069 0.0102507 0.223154 -0.00092775 0.0933815 -0.0466221 -0.00983499
internal_weight=50044 36636 32580 24893 5994 1504 18899 7687 2498 18846 5072 1575 1116 3497 1787 429 92 1710 456 459 1032 538 495 13408 12473 53 472 315 494 13774
internal_count=50044 36636 32580 24893 5994 1504 18899 7687 2498 18846 5072 1575 1116 3497 1787 429 92 1710 456 459 1032 538 495 13408 12473 53 472 315 494 13774
is_linear=0
shrinkage=0.05


Tree=135
num_leaves=31
num_cat=0
split_feature=8 6 7 6 8 7 6 8 8 6 4 8 6 7 7 6 8 7 6 6 6 7 8 6 7 7 8 6 7 8
split_gain=1409.35 1172.17 1306.94 1055.66 786.266 848.742 768.179 768.016 657.118 616.941 549.501 527.617 728.298 1151.3 609.847 518.37 548.208 514.471 593.463 495.435 481.566 468.941 800.098 1099.04 722.961 465.187 462.463 450.362 948.601 752.922
threshold=215.39125000000004 215.31125000000003 260.18875000000008 201.87750000000003 184.41125000000002 189.35500000000005 184.40500000000003 259.31625000000003 238.10750000000004 237.75250000000003 5.5000000000000009 136.98250000000004 135.30875000000003 154.00125000000003 154.00125000000003 135.30875000000003 91.300000000000011 269.00125000000008 164.77750000000003 198.95375000000004 180.38750000000002 264.00250000000005 91.300000000000011 140.96750000000003 175.85750000000004 188.00125000000003 165.57000000000002 258.26500000000004 162.03750000000005 306.86500000000007
decision_type=2 2 2 2 2 2 2 2 2 2 2 2 2 2 2 2 2 2 2 2 2 2 2 2 2 2 2 2 2 2
left_child=3 2 7 4 6 20 11 -2 9 -3 -5 14 13 -13 15 -1 -17 -7 -19 -9 -6 22 23 -16 -25 26 -14 -10 -29 -30
right_child=1 8 -4 10 5 17 -8 19 27 -11 -12 12 25 -15 21 16 -18 18 -20 -21 -22 -23 -24 24 -26 -27 -28 28 29 -31
leaf_value=0.0022391872922639606 0.03912725243273972 0.002331604519252978 -0.029508988426764068 -0.055383046199095044 0.068196911644551744 0.0025407969184438103 -0.042622504045576028 0.21350839571529706 0.019984635162888946 -0.031258964669177491 -0.018144178468363522 0.10177349605941557 -0.0071649590357128617 -0.016620861461321478 -0.55056955397129059 0.21041940460680053 -0.055121949730319503 0.086497703182032787 -0.14167727978384656 0.07515857570443242 0.019949834320451984 0.17074197333306074 -0.055072443114414317 -0.30336867028049064 0.11667539402842522 -0.028180851436452554 0.020140304483277457 0.20040641585132107 -0.0078690240704980575 0.026281744071875331
leaf_weight=1955 3099 3726 684 1212 838 2957 1444 102 6232 2159 5424 444 4034 382 20 20 690 37 124 177 1351 20 509 21 20 1426 2519 60 6290 2171
leaf_count=1955 3099 3726 684 1212 838 2957 1444 102 6232 2159 5424 444 4034 382 20 20 690 37 124 177 1351 20 509 21 20 1426 2519 60 6290 2171
internal_value=0.000458889 0.00896687 0.0335185 -0.00779934 -0.00175065 0.0145556 -0.00815894 0.0462807 0.00413459 -0.0099916 -0.0249455 -0.00403246 0.00232622 0.0470197 -0.0212331 -0.01105 -0.0476419 -0.00219834 -0.0892396 0.125738 0.0384199 -0.0672299 -0.0755798 -0.246699 -0.0984691 -0.00230053 0.0033313 0.00976955 0.00229854 0.000893689
internal_weight=50147 24700 4062 25447 18811 5307 13504 3378 20638 5885 6636 12060 8805 826 3255 2665 710 3118 161 279 2189 590 570 61 41 7979 6553 14753 8521 8461
internal_count=50147 24700 4062 25447 18811 5307 13504 3378 20638 5885 6636 12060 8805 826 3255 2665 710 3118 161 279 2189 590 570 61 41 7979 6553 14753 8521 8461
is_linear=0
shrinkage=0.05


Tree=136
num_leaves=31
num_cat=0
split_feature=8 6 7 6 8 8 6 5 7 8 5 7 4 4 6 8 4 4 4 4 4 4 6 8 6 7 6 7 8 8
split_gain=1271.94 1057.88 1179.52 956.13 706.511 626.673 797.283 692.571 599.271 593.049 580.575 658.537 564.918 566.542 556.789 547.963 1276.28 790.837 516.142 1282.44 698.438 574.606 500.672 498.119 491.042 601.184 682.376 454.911 452.567 447.704
threshold=215.39125000000004 215.31125000000003 260.18875000000008 207.00125000000003 283.75500000000005 188.31000000000003 184.40500000000003 1.0000000180025095e-35 187.37875000000003 238.10750000000004 1.0000000180025095e-35 296.00125000000008 5.5000000000000009 18.500000000000004 237.75250000000003 272.50750000000005 19.500000000000004 2.5000000000000004 3.5000000000000004 6.5000000000000009 9.5000000000000018 5.5000000000000009 331.00125000000008 295.00250000000005 201.87750000000003 195.12250000000003 170.00125000000003 248.25500000000002 343.17750000000007 198.95375000000004
decision_type=2 2 2 2 2 2 2 2 2 2 2 2 2 2 2 2 2 2 2 2 2 2 2 2 2 2 2 2 2 2
left_child=3 2 4 5 24 6 7 -1 -7 14 15 22 -5 -14 -3 -11 17 -17 -9 21 -21 -20 28 27 25 26 -2 -24 -12 -15
right_child=1 9 -4 12 -6 8 -8 18 -10 10 11 -13 13 29 -16 16 -18 -19 19 20 -22 -23 23 -25 -26 -27 -28 -29 -30 -31
leaf_value=-0.022963107474559354 0.19586423671099584 0.0022150242560215311 -0.02803353910814026 -0.059813022850147647 0.19891428869321115 0.0370893325356247 -0.036151478745946562 -0.016036046899039553 0.00087719445607196609 0.0088644068941369329 0.010300339055503989 -0.021449896120544234 -0.010589161632180244 -0.11875551944730388 -0.029696016492170681 0.021305099414976339 0.0018080474887259522 0.12305395969510796 0.026482603853191535 -0.056621763596411995 0.0037632745838482432 0.084191049352539571 -0.07522530426149783 -0.019628173682127107 0.0223997003965095 0.039209962504150049 0.068633477269707477 -0.40127869278192518 0.20483032941818236 -0.032734281587336357
leaf_weight=3203 148 3726 684 1004 72 1684 2099 2407 3553 1976 8839 2121 3763 219 2159 284 788 583 1368 536 4492 630 23 89 1748 1044 366 20 30 489
leaf_count=3203 148 3726 684 1004 72 1684 2099 2407 3553 1976 8839 2121 3763 219 2159 284 788 583 1368 536 4492 630 23 89 1748 1044 366 20 30 489
internal_value=0.000435944 0.00851853 0.0318426 -0.00740937 0.0439667 -0.00233489 -0.00761504 -0.00287478 0.0125215 0.00392786 0.00928107 0.00361371 -0.0259203 -0.0183094 -0.00949202 0.0266406 0.0478646 0.0897245 0.00394627 0.0107919 -0.00267395 0.044679 0.00951971 -0.0871414 0.0405921 0.0610032 0.105268 -0.226878 0.0109584 -0.0593425
internal_weight=50147 24700 4062 25447 3378 19972 14735 12636 5237 20638 14753 11122 5475 4471 5885 3631 1655 867 9433 7026 5028 1998 9001 132 3306 1558 514 43 8869 708
internal_count=50147 24700 4062 25447 3378 19972 14735 12636 5237 20638 14753 11122 5475 4471 5885 3631 1655 867 9433 7026 5028 1998 9001 132 3306 1558 514 43 8869 708
is_linear=0
shrinkage=0.05


Tree=137
num_leaves=31
num_cat=0
split_feature=8 6 8 6 0 8 8 8 6 8 4 4 0 4 1 4 4 1 6 1 6 8 6 6 8 0 8 6 4 0
split_gain=1162.29 987.508 742.917 681.466 1032.42 1012.58 675.432 608.148 562.123 918.381 543.605 621.32 849.25 462.123 501.218 988.795 902.513 628.598 446.765 547.997 444.124 524.442 435.067 433.778 674.732 498.501 838.522 1310.65 421.933 753.487
threshold=228.57250000000002 220.01250000000002 210.48750000000004 258.26500000000004 24.631250000000005 278.76250000000005 262.99375000000003 148.42750000000004 184.40500000000003 163.26500000000001 1.5000000000000002 18.500000000000004 26.221250000000001 15.500000000000002 7.5000000000000009 17.500000000000004 17.500000000000004 4.5000000000000009 191.81125000000003 5.5000000000000009 291.01000000000005 308.50625000000008 155.98750000000004 140.96750000000003 135.42375000000004 29.046250000000004 91.300000000000011 126.45750000000001 5.5000000000000009 23.401250000000001
decision_type=2 2 2 2 2 2 2 2 2 2 2 2 2 2 2 2 2 2 2 2 2 2 2 2 2 2 2 2 2 2
left_child=1 2 8 6 -5 10 -2 -3 9 23 -6 13 -13 -12 16 -16 17 -15 19 -8 21 -7 -11 24 25 26 27 -1 29 -9
right_child=3 7 -4 4 5 20 18 28 -10 22 11 12 -14 14 15 -17 -18 -19 -20 -21 -22 -23 -24 -25 -26 -27 -28 -29 -30 -31
leaf_value=0.040601028667555918 0.012251273510559024 -0.095116628766501038 0.019059168730455902 0.11104528754401732 -0.072614602886345123 0.019551027438533163 0.28761078911583599 0.064988292420457588 -0.016655047438222905 0.041119233878337026 -0.016577087849830443 -0.005460385255467352 -0.092305636659941903 0.085596100397800148 0.12826380271334129 -0.04657235785813655 0.062563707283124548 -0.14518606383071253 0.038863568587065071 0.045155209527109511 0.00015221135993617231 0.091423523036586712 0.0084306006295352693 -0.02086138279749777 0.034322324208526156 0.21412729164973521 -0.0094109574524022487 -0.37525182783603672 -0.013782428891549806 -0.064394395585320938
leaf_weight=36 8298 285 3822 204 473 1619 41 128 6858 1282 1348 618 517 38 257 118 203 132 2036 54 3066 301 4941 4441 1137 24 2254 40 4645 931
leaf_count=36 8298 285 3822 204 473 1619 41 128 6858 1282 1348 618 517 38 257 118 203 132 2036 54 3066 301 4941 4441 1137 24 2254 40 4645 931
internal_value=0.000414147 -0.00561279 -0.00121797 0.0100283 -0.000139516 -0.00274961 0.0186996 -0.0238371 -0.00490613 0.000786143 -0.0225519 -0.015223 -0.045019 0.000911674 0.0324289 0.0732487 -0.00860986 -0.0935995 0.0438088 0.149794 0.0119611 0.0308185 0.0151648 -0.0104945 0.00269344 -0.0125836 -0.0149188 -0.178269 -0.0202756 -0.0487561
internal_weight=50147 30824 24835 19323 8894 8690 10429 5989 21013 14155 3704 3231 1135 2096 748 375 373 170 2131 95 4986 1920 6223 7932 3491 2354 2330 76 5704 1059
internal_count=50147 30824 24835 19323 8894 8690 10429 5989 21013 14155 3704 3231 1135 2096 748 375 373 170 2131 95 4986 1920 6223 7932 3491 2354 2330 76 5704 1059
is_linear=0
shrinkage=0.05


Tree=138
num_leaves=31
num_cat=0
split_feature=8 4 0 4 0 8 4 5 4 8 4 0 7 0 4 5 1 8 0 5 5 7 8 4 4 5 4 1 0 1
split_gain=1048.96 614.265 927.726 741.731 1157.22 999.904 910.008 1447.43 2791.8 1061.8 937.638 890.442 919.067 653.141 628.766 843.455 947.196 592.491 570.498 556.081 546.717 788.682 623.914 1292.97 845.861 525.246 1039.67 652.862 493.508 481.131
threshold=228.57250000000002 18.500000000000004 25.598750000000006 4.5000000000000009 25.241250000000004 91.300000000000011 7.5000000000000009 1.0000000180025095e-35 6.5000000000000009 91.300000000000011 14.500000000000002 27.433750000000003 188.75125000000003 25.201250000000005 17.500000000000004 1.0000000180025095e-35 4.5000000000000009 162.50375000000003 30.026250000000001 1.0000000180025095e-35 1.0000000180025095e-35 290.00500000000005 275.58750000000003 19.500000000000004 16.500000000000004 1.0000000180025095e-35 16.500000000000004 7.5000000000000009 26.976250000000004 4.5000000000000009
decision_type=2 2 2 2 2 2 2 2 2 2 2 2 2 2 2 2 2 2 2 2 2 2 2 2 2 2 2 2 2 2
left_child=1 3 -3 4 -1 -6 7 8 13 28 17 14 -13 -5 19 16 -16 -11 -9 -12 22 -22 -2 24 -24 29 -27 -28 -8 -14
right_child=20 2 -4 6 5 -7 9 18 -10 10 11 12 25 -15 15 -17 -18 -19 -20 -21 21 -23 23 -25 -26 26 27 -29 -30 -31
leaf_value=-0.0087203932207579379 0.011553313038542956 -0.014376525648938848 -0.086382150822245915 -0.041809605613604639 -0.39510710809541788 -0.061171565840711629 0.067580729561007552 0.036756434433748174 0.077778493841616253 -0.040192417540929712 -0.0014039556758943946 0.035579618668949112 0.0096954049890512952 -0.12897358754892713 0.16899941035080701 -0.048697448176168688 -0.065459922002628443 -0.0080087245971873205 -0.17521180659532548 0.058872801126530851 0.010320254689177605 -0.01943408252304818 0.047633083791140174 0.0040148331125725309 0.15100984772691023 -0.056532170284069032 0.033912742320182064 0.28713283070496154 0.39169377665966754 -0.12368896837459574
leaf_weight=5548 3217 3692 509 570 23 884 23 3958 447 1724 500 647 91 345 112 451 70 8387 32 1630 11786 2746 435 776 363 586 280 28 24 263
leaf_count=5548 3217 3692 509 570 23 884 23 3958 447 1724 500 647 91 345 112 451 70 8387 32 1630 11786 2746 435 776 363 586 280 28 24 263
internal_value=0.00039344 -0.00533215 -0.0231008 -0.00252832 -0.0172802 -0.0696396 0.00219319 0.0198645 -0.0246405 -0.00419023 -0.00494532 0.013616 -0.0127812 -0.0746747 0.0317205 -0.0120329 0.0788227 -0.0134963 0.0350564 0.0447233 0.00952689 0.00469781 0.0241744 0.0499698 0.0946579 -0.0378529 -0.0174413 0.0569328 0.233085 -0.0894009
internal_weight=50147 30824 4201 26623 6455 907 20168 5352 1362 14816 14769 4658 1895 915 2763 633 182 10111 3990 2130 19323 14532 4791 1574 798 1248 894 308 47 354
internal_count=50147 30824 4201 26623 6455 907 20168 5352 1362 14816 14769 4658 1895 915 2763 633 182 10111 3990 2130 19323 14532 4791 1574 798 1248 894 308 47 354
is_linear=0
shrinkage=0.05


Tree=139
num_leaves=31
num_cat=0
split_feature=8 6 6 7 8 7 7 6 4 5 8 4 6 4 4 4 4 7 6 4 4 4 6 8 6 8 7 8 8 8
split_gain=987.104 1102.56 1089.37 794.188 633.552 838.726 739.77 703.849 609.12 601.683 716.453 1190.74 847.08 766.747 590.28 2312.46 855.669 545.424 674.953 545.224 1361.17 855.392 524.995 966.858 521.005 479.553 473.937 463.784 457.894 454.971
threshold=198.95375000000004 165.52500000000003 184.40500000000003 180.75750000000002 163.26500000000001 153.16250000000002 154.00125000000003 155.98750000000004 16.500000000000004 1.0000000180025095e-35 275.58750000000003 19.500000000000004 253.25125000000003 16.500000000000004 17.500000000000004 15.500000000000002 14.500000000000002 230.12750000000003 281.88750000000005 6.5000000000000009 8.5000000000000018 4.5000000000000009 140.96750000000003 144.50125000000003 175.70500000000001 106.59625000000001 264.00250000000005 136.98250000000004 262.99375000000003 91.300000000000011
decision_type=2 2 2 2 2 2 2 2 2 2 2 2 2 2 2 2 2 2 2 2 2 2 2 2 2 2 2 2 2 2
left_child=2 3 4 -2 6 7 22 -6 -5 10 12 13 19 -12 15 16 26 18 24 21 -21 -3 23 -1 -17 -24 28 -27 -11 -8
right_child=1 9 -4 8 5 -7 29 -9 -10 14 11 -13 -14 -15 -16 17 -18 -19 -20 20 -22 -23 25 -25 -26 27 -28 -29 -30 -31
leaf_value=0.0045119541222668992 0.16247500280646243 0.017259951387039698 -0.025974053308918818 0.011398012964865856 0.14287857032511109 0.0054201333093461335 -0.15728024105157923 0.030272912594900094 0.1700420793870257 0.0015330180964751201 0.044984145600816518 0.0027941176673217166 -0.027233288728838685 0.14345935498079326 -0.010881418847177762 0.28361606595239469 -0.051752798411747708 0.080549296182501812 -0.16992215317923851 0.10247931072917915 0.015455545628395392 -0.076641170093332114 0.22694740787148479 0.088950650855358554 0.03165775703741832 -0.061923412211988244 -0.02463040897250755 -0.0061608483010146056 0.032679567551422734 -0.026432470034386646
leaf_weight=2468 174 811 6069 379 204 5026 68 434 72 9229 434 775 1270 363 7518 21 795 1068 41 531 2922 346 20 393 893 485 1487 1613 1353 2885
leaf_count=2468 174 811 6069 379 204 5026 68 434 72 9229 434 775 1270 363 7518 21 795 1068 41 531 2922 346 20 393 893 485 1487 1613 1353 2885
internal_value=0.000373768 0.00600825 -0.00836004 0.0717336 -0.000497478 0.0122753 -0.00961813 0.0662785 0.0367248 0.00463242 0.0169398 0.0469239 0.00892369 0.0898355 0.000538917 0.00630624 -0.00150849 0.0559991 0.028544 0.0188845 0.028838 -0.0108211 0.00214134 0.0161108 0.0374467 -0.0167287 0.00180117 -0.0190516 0.00551537 -0.0294456
internal_weight=50147 30482 19665 625 13596 5664 7932 638 451 29857 7452 1572 5880 797 22405 14887 12864 2023 955 4610 3453 1157 4979 2861 914 2118 12069 2098 10582 2953
internal_count=50147 30482 19665 625 13596 5664 7932 638 451 29857 7452 1572 5880 797 22405 14887 12864 2023 955 4610 3453 1157 4979 2861 914 2118 12069 2098 10582 2953
is_linear=0
shrinkage=0.05


Tree=140
num_leaves=31
num_cat=0
split_feature=1 1 0 7 6 6 0 0 7 6 6 6 7 7 6 3 7 0 7 1 6 0 6 0 6 7 0 6 1 0
split_gain=226.609 328.955 347.867 291.195 455.761 344.402 281.605 777.669 261.381 374.959 246.107 236.066 207.742 481.78 349.762 195.124 363.69 780.647 268.022 336.656 303.092 286.394 908.832 346.535 470.379 515.867 625.216 379.855 481.337 2042.35
threshold=9.5000000000000018 5.5000000000000009 33.006250000000001 279.50250000000005 203.00250000000003 239.00125000000003 26.601250000000004 29.491250000000004 217.25375000000003 177.10125000000008 269.00125000000008 312.48875000000004 190.75500000000002 172.49250000000004 208.83375000000004 1.0000000180025095e-35 91.300000000000011 25.241250000000004 154.99000000000004 4.5000000000000009 135.30875000000003 25.393750000000004 291.01000000000005 27.728750000000005 291.01000000000005 300.63125000000008 29.156250000000004 160.04875000000004 4.5000000000000009 26.403750000000006
decision_type=2 2 2 2 2 2 2 2 2 2 2 2 2 2 2 2 2 2 2 2 2 2 2 2 2 2 2 2 2 2
left_child=1 15 8 5 -5 -2 -7 -8 9 -3 -6 -12 13 14 -4 16 17 -1 19 20 -18 22 -20 27 25 -25 -27 28 -23 -30
right_child=3 2 12 4 10 6 7 -9 -10 -11 11 -13 -14 -15 -16 -17 18 -19 21 -21 -22 23 -24 24 -26 26 -28 -29 29 -31
leaf_value=-0.10666688576988553 0.0057218207926756437 0.03255319305338631 0.19153605756163597 -0.17984403452984143 0.024077546295364738 0.017313464119551421 0.13132886446546763 -0.0056118828724645124 -0.0039461943038166074 -0.021398760246160321 -0.051807662359019603 0.09938853776880674 0.014924104488354831 0.23913663651894881 -0.023374375185141197 -0.0047975962256726901 0.030444547990189426 0.25890583543106915 0.0068520699847375854 0.071277087987085486 -0.00016309146688378806 -0.037804647844903741 0.14643296480898846 0.0051201756691740506 -0.063120353304781024 0.033683648003110044 0.34204209259152418 -0.01274406196597561 -0.53920601411507685 0.015210534421646077
leaf_weight=23 6666 347 25 44 257 804 224 193 13409 4477 331 28 466 37 78 6339 1404 40 5830 266 1908 243 119 3864 250 48 25 2201 26 46
leaf_count=23 6666 347 25 44 257 804 224 193 13409 4477 331 28 466 37 78 6339 1404 40 5830 266 1908 243 119 3864 250 48 25 2201 26 46
internal_value=0.000110473 -0.00141738 -0.00629826 0.00752376 -0.0243798 0.0101935 0.0346065 0.0679486 -0.00753693 -0.0175179 -0.0132752 -0.0400152 0.0309701 0.0843804 0.0287884 0.0026455 0.00554133 0.125443 0.00507591 0.0171584 0.0128119 0.00165897 0.00964416 -0.00542798 0.0033848 0.00760788 0.139286 -0.0200938 -0.0714483 -0.184995
internal_weight=50018 41471 18839 8547 660 7887 1221 417 18233 4824 616 359 606 140 103 22632 16293 63 16230 3578 3312 12652 5949 6703 4187 3937 73 2516 315 72
internal_count=50018 41471 18839 8547 660 7887 1221 417 18233 4824 616 359 606 140 103 22632 16293 63 16230 3578 3312 12652 5949 6703 4187 3937 73 2516 315 72
is_linear=0
shrinkage=0.05


Tree=141
num_leaves=31
num_cat=0
split_feature=8 6 0 6 7 8 7 6 7 8 0 8 6 7 6 0 8 8 0 3 0 7 6 8 6 7 1 6 8 6
split_gain=1040.94 942.255 1018.21 647.025 799.914 693.109 973.073 644.015 861.964 575.516 945.416 530.542 1014.57 1011.67 433.263 738.359 641.198 540.867 670.499 447.477 552.998 807.675 438.483 432.755 432.089 399.778 398.248 397.607 889.584 429.048
threshold=245.40125000000003 256.00500000000005 24.631250000000005 277.04750000000007 188.75125000000003 200.68375000000003 242.65375000000003 204.75125000000003 272.03250000000008 343.17750000000007 27.198750000000008 136.98250000000004 134.00250000000003 154.00125000000003 299.79875000000004 26.291250000000002 306.86500000000007 295.00250000000005 30.083750000000006 1.0000000180025095e-35 28.316250000000007 232.00750000000002 309.01125000000008 253.80000000000004 336.22250000000003 279.50250000000005 6.5000000000000009 166.29750000000004 180.39375000000004 201.87750000000003
decision_type=2 2 2 2 2 2 2 2 2 2 2 2 2 2 2 2 2 2 2 2 2 2 2 2 2 2 2 2 2 2
left_child=1 11 -3 -4 -5 6 -6 8 -2 14 -11 -1 13 -13 16 22 -9 19 25 20 23 -22 -16 -17 -12 -19 -23 -14 -29 -30
right_child=7 2 3 4 5 -7 -8 9 -10 10 24 12 27 -15 15 17 -18 18 -20 -21 21 26 -24 -25 -26 -27 -28 28 29 -31
leaf_value=-0.020741637527631862 0.093735170048204766 0.057267531458484504 -0.02946417590966376 0.042459899412242923 -0.51221442113164817 -0.088084571638579037 -0.15023558859418079 0.0094857625413752363 -0.05349811277341187 0.42357617378234863 -0.040962492907419802 0.10981057447001466 0.0099845475820382976 0.0085144963704328995 -0.00096969841699378982 -0.28200496479868892 0.059165607200936825 0.018460567248422498 0.19341724708676339 -0.0012786314548815 -0.029213070869445801 -0.18065887919316692 0.10718282699726367 -0.037173466867943476 0.12978213616562159 -0.033126324401262293 -0.45391964435577398 -0.024396531084000958 0.010514158104757407 -0.0052628047932205832
leaf_weight=3529 471 247 1156 91 24 392 82 9719 126 20 64 407 5645 625 184 20 696 600 40 153 37 24 191 185 88 1004 30 4654 6424 13090
leaf_count=3529 471 247 1156 91 24 392 82 9719 126 20 64 407 5645 625 184 20 696 600 40 153 37 24 191 185 88 1004 30 4654 6424 13090
internal_value=0.000104949 -0.00431452 -0.0377476 -0.0511968 -0.0938502 -0.118758 -0.232193 0.0118775 0.0626608 0.00955517 0.100411 -0.00237705 -0.00027594 0.0484636 0.00834215 -0.0104941 0.0128057 -0.0220702 -0.00878698 -0.0707063 -0.106593 -0.209168 0.054116 -0.0610595 0.0578897 -0.0138295 -0.33247 -0.0019631 -0.00475375 -6.90357e-05
internal_weight=50018 36366 1992 1745 589 498 106 13652 597 13055 172 34374 30845 1032 12883 2468 10415 2093 1644 449 296 91 375 205 152 1604 54 29813 24168 19514
internal_count=50018 36366 1992 1745 589 498 106 13652 597 13055 172 34374 30845 1032 12883 2468 10415 2093 1644 449 296 91 375 205 152 1604 54 29813 24168 19514
is_linear=0
shrinkage=0.05


Tree=142
num_leaves=31
num_cat=0
split_feature=8 6 0 6 7 8 7 6 7 8 0 8 6 7 8 0 6 0 7 8 0 6 6 0 6 7 5 1 7 6
split_gain=939.449 850.385 918.933 583.94 721.923 625.531 878.199 581.224 777.922 519.403 853.238 479.106 894.138 674.974 645.168 396.835 393.176 705.544 675.303 651.189 522.277 496.194 427.345 390.861 389.96 384.421 381.739 378.642 367.129 408.466
threshold=245.40125000000003 256.00500000000005 24.631250000000005 277.04750000000007 188.75125000000003 200.68375000000003 242.65375000000003 204.75125000000003 272.03250000000008 343.17750000000007 27.198750000000008 127.92875000000002 134.00250000000003 154.00125000000003 151.35375000000002 29.491250000000004 264.00250000000005 24.686250000000005 160.70750000000004 295.00250000000005 26.221250000000001 331.00125000000008 289.66750000000008 30.083750000000006 336.22250000000003 302.51500000000004 1.0000000180025095e-35 8.5000000000000018 269.00125000000008 312.48875000000004
decision_type=2 2 2 2 2 2 2 2 2 2 2 2 2 2 2 2 2 2 2 2 2 2 2 2 2 2 2 2 2 2
left_child=1 11 -3 -4 -5 6 -6 8 15 16 -11 -1 13 14 -13 -2 -9 -18 -19 21 -21 -20 -22 26 -12 -26 -24 -27 -8 -30
right_child=7 2 3 4 5 -7 28 9 -10 10 24 12 -14 -15 -16 -17 17 18 19 20 22 -23 23 -25 25 27 -28 -29 29 -31
leaf_value=-0.024039129626559741 0.1413275602637086 0.054404155349336292 -0.0279909668496333 0.040336904390318486 -0.48660370400563507 -0.083680343401988933 0.037589360631647563 0.017395192292814259 -0.050823207167790291 0.40239736828953032 -0.038914369745180012 0.043168710534717096 -0.002547858625266831 -0.00033830513050492008 0.1483237615696365 0.048758089986402867 0.12975860903872002 0.25730944633483888 -0.014304602290153446 0.071801085581736909 0.044931948656772469 -0.15158003508599838 0.030502307550444668 0.1141605735044269 -0.025766334734086335 0.2907215753668233 -0.02013839987759557 0.02617096510671434 -0.11443259407107423 -0.39004962742328647
leaf_weight=2352 205 247 1156 91 24 392 21 5922 126 20 64 676 30464 696 186 266 103 25 3761 350 576 67 493 68 29 38 1518 21 41 20
leaf_count=2352 205 247 1156 91 24 392 21 5922 126 20 64 676 30464 696 186 266 103 25 3761 350 576 67 493 68 29 38 1518 21 41 20
internal_value=9.97015e-05 -0.0040988 -0.0358602 -0.0486369 -0.0891577 -0.11282 -0.220583 0.0112836 0.0595278 0.00907741 0.0953908 -0.00225819 -0.000658396 0.0362868 0.0658588 0.0890484 0.00792505 -0.000131583 -0.0020824 -0.00303144 0.0143899 -0.0167073 0.00682157 -0.00373715 0.0549952 0.123293 -0.00772375 0.196559 -0.142724 -0.204799
internal_weight=50018 36366 1992 1745 589 498 106 13652 597 13055 172 34374 32022 1558 862 471 12883 6961 6858 6833 3005 3828 2655 2079 152 88 2011 59 82 61
internal_count=50018 36366 1992 1745 589 498 106 13652 597 13055 172 34374 32022 1558 862 471 12883 6961 6858 6833 3005 3828 2655 2079 152 88 2011 59 82 61
is_linear=0
shrinkage=0.05


Tree=143
num_leaves=31
num_cat=0
split_feature=8 4 4 4 5 4 8 6 4 5 4 6 7 6 8 4 8 6 7 6 3 8 7 8 6 6 7 8 6 4
split_gain=849.887 811.887 719.33 1021.67 1246.95 2884.99 956.201 1408.65 686.947 1256.93 1873.17 594.889 616.091 575.507 559.369 543.476 532.783 486.627 485.66 473.551 462.551 455.23 445.262 511.989 793.836 689.91 532.285 565.814 432.918 430.353
threshold=252.50250000000003 19.500000000000004 4.5000000000000009 7.5000000000000009 1.0000000180025095e-35 6.5000000000000009 91.300000000000011 146.18250000000003 10.500000000000002 1.0000000180025095e-35 9.5000000000000018 294.00250000000005 190.75500000000002 204.75125000000003 135.42375000000004 8.5000000000000018 175.00750000000002 165.52500000000003 262.00375000000003 157.83000000000001 1.0000000180025095e-35 343.17750000000007 265.01000000000005 127.92875000000002 135.30875000000003 135.30875000000003 155.75500000000002 151.35375000000002 307.08500000000004 5.5000000000000009
decision_type=2 2 2 2 2 2 2 2 2 2 2 2 2 2 2 2 2 2 2 2 2 2 2 2 2 2 2 2 2 2
left_child=1 2 22 4 5 19 7 -5 9 10 15 -10 -13 18 -3 -8 -12 -6 -2 -4 -11 -15 23 25 26 -1 27 -25 -23 -19
right_child=13 14 3 6 17 -7 8 -9 11 20 16 12 -14 21 -16 -17 -18 29 -20 -21 -22 28 -24 24 -26 -27 -28 -29 -30 -31
leaf_value=-0.022501613253159254 0.11085190718410581 -0.14019387000710656 -0.022270748555284756 -0.08458760069764179 0.062217151818890849 0.079163099672601434 0.10039566967019252 0.43551046468317511 0.0041168124145181412 -0.02045562247201383 -0.17785402262559186 0.15984196372499521 -0.12279498844097059 0.0086406293513391907 -0.021123053598385972 0.024363622154005699 -0.034287050241066971 -0.0057004396087743025 -0.0061736374414081115 -0.092952186403655393 -0.056533378837950669 0.2829734547138214 -0.055223971364837733 0.038892802271251831 -0.011328870114896401 -0.11754990779823987 -0.045562652491147902 0.15870720840249009 0.057908280135518846 0.035187862396682659
leaf_weight=1327 262 101 377 23 1161 509 492 30 14167 2990 77 22 156 10932 4211 450 402 866 134 638 1264 25 604 573 5085 223 146 119 147 2505
leaf_count=1327 262 101 377 23 1161 509 492 30 14167 2990 77 22 156 10932 4211 450 402 866 134 638 1264 25 604 573 5085 223 146 119 147 2505
internal_value=9.47164e-05 -0.00346655 -0.000889197 0.00314212 0.0211423 -0.0179826 -0.00228851 0.209808 -0.00285 -0.0175754 0.0231387 0.00297549 -0.0878623 0.0120228 -0.023912 0.0640746 -0.0573657 0.034299 0.0712524 -0.0666991 -0.0311755 0.0099105 -0.0139305 -0.0105929 -0.00389798 -0.0361763 0.0411928 0.0594967 0.0906212 0.0246838
internal_weight=50018 38518 34206 26129 6056 1524 20073 53 20020 5675 1421 14345 178 11500 4312 942 479 4532 396 1015 4254 11104 8077 7473 5923 1550 838 692 172 3371
internal_count=50018 38518 34206 26129 6056 1524 20073 53 20020 5675 1421 14345 178 11500 4312 942 479 4532 396 1015 4254 11104 8077 7473 5923 1550 838 692 172 3371
is_linear=0
shrinkage=0.05


Tree=144
num_leaves=31
num_cat=0
split_feature=1 1 0 7 6 6 0 0 7 6 5 0 6 7 7 6 0 7 0 6 0 0 6 7 6 6 7 0 7 0
split_gain=220.874 298.043 296.718 262.663 403.197 285.973 263.662 708.415 238.156 331.423 230.009 270.039 249.153 189.258 413.199 316.006 172.822 170.968 158.906 320.148 588.195 397.67 693.965 718.073 450.273 379.805 1136.24 520.869 409.388 352.219
threshold=9.5000000000000018 5.5000000000000009 33.006250000000001 279.50250000000005 203.00250000000003 239.00125000000003 26.601250000000004 29.491250000000004 217.25375000000003 177.10125000000008 1.0000000180025095e-35 26.536249999999999 267.02250000000009 191.49500000000003 172.49250000000004 208.83375000000004 26.121250000000003 290.00500000000005 26.761250000000008 299.79875000000004 29.548750000000002 28.616250000000004 323.90625000000006 299.00500000000005 343.70000000000005 331.00125000000008 304.62000000000006 28.091250000000006 277.25250000000005 29.156250000000004
decision_type=2 2 2 2 2 2 2 2 2 2 2 2 2 2 2 2 2 2 2 2 2 2 2 2 2 2 2 2 2 2
left_child=1 -1 8 5 -5 -2 -7 -8 9 -3 11 -6 -12 14 15 -4 -14 -18 -10 20 -20 25 29 -24 -25 -21 28 -28 -27 -23
right_child=3 2 13 4 10 6 7 -9 18 -11 12 -13 16 -15 -16 -17 17 -19 19 21 -22 22 23 24 -26 26 27 -29 -30 -31
leaf_value=0.0024488621021258195 0.0058696854957269121 0.030339101863547258 0.18180434919148683 -0.16911611755124548 0.010631997750169831 0.015457335560448208 0.12494509933437388 -0.0057559931057220605 -0.010532413676642684 -0.020384132489610143 0.014843484564004717 0.1873790589089577 -0.033369244034892241 0.01296865569627894 0.22001661101454184 -0.0224723657927452 -0.0080771810859441764 -0.16296644732356072 0.018052375500160228 -0.019222313393696615 -0.012057425433239184 0.038859960850279193 0.034053244983608073 0.11936414130032064 0.44716217301108624 -0.36194734930089029 -0.053092691540008501 0.16963272682258063 -0.14731922595597366 -0.097293826459269775
leaf_weight=22632 6666 347 25 44 128 804 224 193 5282 4477 185 26 190 465 38 78 25 62 3829 934 2814 95 77 20 22 33 105 35 68 95
leaf_count=22632 6666 347 25 44 128 804 224 193 5282 4477 185 26 190 465 38 78 25 62 3829 934 2814 95 77 20 22 33 105 35 68 95
internal_value=8.99806e-05 -0.00141841 -0.00606431 0.00740886 -0.0228914 0.00994444 0.0321904 0.0644527 -0.00720829 -0.0167355 -0.0124468 0.0404724 -0.0300865 0.0283553 0.0790985 0.0271094 -0.0600939 -0.118458 -0.0037808 0.000607295 0.00529775 -0.0203891 0.0300833 0.124764 0.291068 -0.0336623 -0.0896247 0.00258866 -0.217445 -0.0292169
internal_weight=50018 41471 18839 8547 660 7887 1221 417 18233 4824 616 154 462 606 141 103 277 87 13409 8127 6643 1484 309 119 42 1175 241 140 101 190
internal_count=50018 41471 18839 8547 660 7887 1221 417 18233 4824 616 154 462 606 141 103 277 87 13409 8127 6643 1484 309 119 42 1175 241 140 101 190
is_linear=0
shrinkage=0.05


Tree=145
num_leaves=31
num_cat=0
split_feature=8 6 6 8 6 7 1 6 6 4 8 7 8 8 7 6 7 8 7 8 7 7 4 8 6 7 6 7 1 1
split_gain=774.963 702.012 652.296 880.355 599.428 681.072 542.992 1142.69 561.453 598.864 673.785 532.293 521.144 467.966 591.014 530.495 705.188 678.969 689.007 808.536 583.213 548.777 540.979 458.958 413.963 495.119 411.133 406.106 389.893 395.734
threshold=252.50250000000003 244.45500000000001 230.10500000000005 216.42875000000004 207.00125000000003 189.35500000000005 5.5000000000000009 321.28250000000008 321.28250000000008 13.500000000000002 115.01750000000001 203.74375000000003 154.13500000000002 188.31000000000003 195.12250000000003 165.52500000000003 278.38250000000005 151.35375000000002 154.00125000000003 91.300000000000011 260.18875000000008 154.99000000000004 5.5000000000000009 91.300000000000011 106.59625000000001 269.00125000000008 136.85625000000002 270.00125000000008 7.5000000000000009 3.5000000000000004
decision_type=2 2 2 2 2 2 2 2 2 2 2 2 2 2 2 2 2 2 2 2 2 2 2 2 2 2 2 2 2 2
left_child=2 -2 3 4 13 12 8 -8 9 -4 -11 -10 -6 15 -15 16 17 18 26 -20 22 -19 -17 -24 -16 -26 -1 -9 29 -7
right_child=1 -3 6 -5 5 28 7 27 11 10 -12 -13 -14 14 24 20 -18 21 19 -21 -22 -23 23 -25 25 -27 -28 -29 -30 -31
leaf_value=0.012255029199495483 0.036872185648666241 0.0050994411660415032 0.023303177862904256 0.015613754120196381 -0.30923546811808711 -0.0062110947875287674 -0.022295963598095415 -0.14618296936536446 0.32841540470719344 -0.28378518784046175 -0.021251633728602306 0.039498046768659895 -0.065818472489435217 0.030413694736946509 0.13391079565993064 -0.060193858429916959 0.28449110297316854 0.046942352617635588 -0.24844076506634979 -0.036511201793042382 -0.15084189135296686 0.0044857555099176915 0.18774611643547645 -0.011710062939394538 -0.00098528548130777448 -0.092488945954933011 -0.020469801173777617 -0.41890682936424306 0.0071177692890139095 -0.052854555233417713
leaf_weight=2383 2144 9192 1246 6704 23 914 5737 39 25 25 1090 44 500 2277 54 614 22 1115 47 1060 81 2398 29 5277 2824 156 1607 21 1220 905
leaf_count=2383 2144 9192 1246 6704 23 914 5737 39 25 25 1090 44 500 2277 54 614 22 1115 47 1060 81 2398 29 5277 2824 156 1607 21 1220 905
internal_value=-0.000379688 0.0111087 -0.00376789 -0.000368794 -0.00492708 -0.0238204 -0.0162495 -0.0245662 0.0035906 -0.000518065 -0.027138 0.144178 -0.0765232 -0.00155273 0.0111603 -0.00616689 0.00177092 0.00104852 -0.0106082 -0.0455091 -0.0175848 0.0179612 -0.0157616 -0.0106199 -0.00328923 -0.00577541 -0.000925122 -0.241636 -0.0147505 -0.0294174
internal_weight=49773 11336 38437 30210 23506 3562 8227 5797 2430 2361 1115 69 523 19944 5311 14633 8632 8610 5097 1107 6001 3513 5920 5306 3034 2980 3990 60 3039 1819
internal_count=49773 11336 38437 30210 23506 3562 8227 5797 2430 2361 1115 69 523 19944 5311 14633 8632 8610 5097 1107 6001 3513 5920 5306 3034 2980 3990 60 3039 1819
is_linear=0
shrinkage=0.05


Tree=146
num_leaves=31
num_cat=0
split_feature=8 4 4 4 8 6 4 6 1 8 8 7 6 8 6 7 8 1 1 7 7 6 8 6 8 6 8 7 7 8
split_gain=699.404 656.635 725.971 811.561 1091.95 929.058 773.081 637.165 624.391 579.669 569.229 463.142 461.381 449.31 443.423 560.466 432.785 781.236 2417.66 633.996 576.784 463.871 404.892 567.876 719.579 497.052 435.973 429.869 390.037 460.451
threshold=252.50250000000003 19.500000000000004 4.5000000000000009 7.5000000000000009 91.300000000000011 146.18250000000003 10.500000000000002 240.25625000000002 4.5000000000000009 175.70500000000001 132.64125000000004 91.300000000000011 243.93375000000003 172.10750000000004 175.70500000000001 225.50500000000002 106.59625000000001 4.5000000000000009 7.5000000000000009 143.68750000000003 133.08375000000004 243.25250000000003 323.40875000000005 305.50750000000005 343.17750000000007 301.52500000000003 308.50625000000008 294.50125000000008 166.75250000000003 161.75500000000002
decision_type=2 2 2 2 2 2 2 2 2 2 2 2 2 2 2 2 2 2 2 2 2 2 2 2 2 2 2 2 2 2
left_child=1 2 16 8 5 -5 9 -2 13 12 -3 -12 -6 -4 15 -10 17 19 -19 20 -1 -18 25 24 -24 26 -9 -27 -23 -30
right_child=7 10 3 4 6 -7 -8 22 14 -11 11 -13 -14 -15 -16 -17 21 18 -20 -21 -22 28 23 -25 -26 27 -28 -29 29 -31
leaf_value=0.0049195481921142006 0.038278295905438763 -0.15755283585014312 0.022147557622239428 -0.019596480131149292 -0.067601703228665641 0.43002118070920309 0.0036079302455291323 0.0049500716577687599 0.062216347571971954 -0.011886810737637954 0.18692730162982588 -0.020816409982877648 0.10892058337728183 0.068302585727085807 -0.0016571784622972448 -0.056321538475652536 -0.0081387905277741247 -0.67101529098692403 -0.011291753100912745 0.17883752642139314 -0.2864310607910156 0.07715163175780021 0.076490819478769678 0.017970410051491092 0.36229317142413214 -0.00014831774195874192 0.056409816195072439 -0.050838422144910557 -0.28487489237671809 -0.047967243261330166
leaf_weight=53 1752 76 1368 20 728 27 14294 6592 590 4910 27 4227 39 858 3075 120 6946 21 41 31 25 61 144 676 26 974 439 733 21 879
leaf_count=53 1752 76 1368 20 728 27 14294 6592 590 4910 27 4227 39 858 3075 120 6946 21 41 31 25 61 144 676 26 974 439 733 21 879
internal_value=-0.000360704 -0.00357949 -0.00125097 0.00281281 -0.00202518 0.238695 -0.00259169 0.0105532 0.0189244 -0.0182016 -0.021921 -0.0194979 -0.058626 0.0399378 0.00656624 0.0421818 -0.0143453 -0.093043 -0.234746 -0.0124411 -0.0884621 -0.0126434 0.00548498 0.0385134 0.120202 0.00228722 0.0081631 -0.0219151 -0.0452022 -0.0534951
internal_weight=49773 38437 34107 26029 20018 47 19971 11336 6011 5677 4330 4254 767 2226 3785 710 8078 171 62 109 78 7907 9584 846 170 8738 7031 1707 961 900
internal_count=49773 38437 34107 26029 20018 47 19971 11336 6011 5677 4330 4254 767 2226 3785 710 8078 171 62 109 78 7907 9584 846 170 8738 7031 1707 961 900
is_linear=0
shrinkage=0.05


Tree=147
num_leaves=31
num_cat=0
split_feature=8 6 4 4 4 5 4 8 6 4 5 4 8 8 7 4 1 6 1 7 6 8 8 6 7 8 4 4 6 8
split_gain=631.212 602.529 592.613 655.189 732.434 1199.81 2599.33 985.483 838.474 697.705 945.051 1645.76 531.208 513.729 479.919 476.886 596.041 468.93 432.619 417.986 408.507 900.219 695.381 405.222 746.355 496.218 717.579 549.737 838.69 441.765
threshold=252.50250000000003 191.81125000000003 19.500000000000004 4.5000000000000009 7.5000000000000009 1.0000000180025095e-35 6.5000000000000009 91.300000000000011 146.18250000000003 10.500000000000002 1.0000000180025095e-35 9.5000000000000018 164.00375000000003 132.64125000000004 194.69625000000002 8.5000000000000018 5.5000000000000009 165.52500000000003 2.5000000000000004 91.300000000000011 148.06750000000002 139.74500000000003 143.50250000000003 276.00750000000005 166.75250000000003 312.00250000000005 17.500000000000004 1.5000000000000002 292.51500000000004 274.58875000000006
decision_type=2 2 2 2 2 2 2 2 2 2 2 2 2 2 2 2 2 2 2 2 2 2 2 2 2 2 2 2 2 2
left_child=2 14 3 20 5 6 -5 8 -6 10 11 15 -13 -4 -2 16 -9 -7 -12 -15 22 -22 -1 29 -25 -26 27 -27 -29 -3
right_child=1 23 13 4 7 17 -8 9 -10 -11 18 12 -14 19 -16 -17 -18 -19 -20 -21 21 -23 -24 24 25 26 -28 28 -30 -31
leaf_value=-0.013266181540406772 0.21273405984664959 0.0071996455381371244 -0.14967519361403234 -0.068093721560839163 -0.018616662025451661 0.058711822887485048 0.071860712671885263 0.14778677238862914 0.40852012016155109 0.0034275336754999337 -0.062472284333716058 -0.21738769640313818 -0.040523725995530883 0.17758093433178687 0.046630782369948644 0.019934037510367347 0.036948909915858523 0.021504296461787451 -0.021552631600421451 -0.019775589567934238 -0.1147425841189461 -0.017579175548877047 0.041105490190791752 0.29569998355138871 -0.013176162134984718 0.03854790852326135 0.011405956529532009 0.077643289886139055 0.48851846404697591 0.03572260244068888
leaf_weight=2292 60 3813 76 986 20 1128 500 233 27 14294 796 47 439 27 158 483 253 3397 3426 4227 251 4744 791 21 3611 56 1459 27 23 2108
leaf_count=2292 60 3813 76 986 20 1128 500 233 27 14294 796 47 439 27 158 483 253 3397 3426 4227 251 4744 791 21 3611 56 1459 27 23 2108
internal_value=-0.000342669 0.0100256 -0.00340052 -0.00118843 0.00267217 0.0179782 -0.0210027 -0.00192392 0.22676 -0.0024621 -0.0172915 0.0174594 -0.0576279 -0.020825 0.0923473 0.0551192 0.0900872 0.0307795 -0.0292675 -0.018523 -0.0136281 -0.0224617 0.000683865 0.00841144 -0.0017774 -0.00298432 0.0205318 0.146141 0.266646 0.0173544
internal_weight=49773 11336 38437 34107 26029 6011 1486 20018 47 19971 5677 1455 486 4330 218 969 486 4525 4222 4254 8078 4995 3083 11118 5197 5176 1565 106 50 5921
internal_count=49773 11336 38437 34107 26029 6011 1486 20018 47 19971 5677 1455 486 4330 218 969 486 4525 4222 4254 8078 4995 3083 11118 5197 5176 1565 106 50 5921
is_linear=0
shrinkage=0.05


Tree=148
num_leaves=31
num_cat=0
split_feature=8 6 7 6 8 4 7 7 8 5 6 8 0 0 4 7 4 4 6 7 4 0 6 4 8 5 0 6 8 6
split_gain=585.511 751.427 1034.17 717.466 595.823 551.859 502.54 640.461 589.593 681.037 503.677 485.12 523.977 471.3 448.547 417.344 414.23 385.168 440.405 478.148 383.535 377.796 466.502 445.192 878.337 625.802 614.787 719.665 646.38 734.43
threshold=208.84625000000003 215.31125000000003 257.04625000000004 201.87750000000003 281.36000000000007 16.500000000000004 300.63125000000008 260.18875000000008 184.41125000000002 1.0000000180025095e-35 160.04875000000004 238.10750000000004 20.802500000000006 24.841250000000006 13.500000000000002 91.300000000000011 20.500000000000004 1.0000000180025095e-35 165.52500000000003 218.24125000000004 5.5000000000000009 24.631250000000005 263.00375000000003 18.500000000000004 310.41375000000005 1.0000000180025095e-35 26.221250000000001 309.01125000000008 296.50250000000005 257.50500000000005
decision_type=2 2 2 2 2 2 2 2 2 2 2 2 2 2 2 2 2 2 2 2 2 2 2 2 2 2 2 2 2 2
left_child=3 2 4 6 15 14 7 8 9 -1 -9 16 -13 -7 -4 -2 -3 -11 19 -19 -20 22 -14 24 -23 -26 27 -25 29 -28
right_child=1 11 5 -5 -6 13 -8 10 -10 17 -12 12 21 -15 -16 -17 -18 18 20 -21 -22 23 -24 26 25 -27 28 -29 -30 -31
leaf_value=-0.025450806230499681 0.20287864101941097 -0.0076884860441119021 -0.030945257695336993 -0.022938598626556558 0.16954053761927707 -0.087662499343546543 0.22249505054950713 0.035180873326747353 0.015251057318265296 -0.039270457488161992 -0.12035857498287582 -0.20668803271255456 0.021485084078976997 0.066942330542095835 -0.13151507612441979 0.027035579541682977 -0.06407136701742519 0.014561977286438575 -0.063310774515146426 -0.059476927031110564 -0.0055756766385961047 0.0080452032424280645 0.12408296037130327 0.007309505091680134 0.21916001527192625 0.054217748667380605 0.023937977400382282 0.12505415488853522 -0.003156476791839476 -0.068377669243561201
leaf_weight=3340 34 6478 425 4999 76 65 25 71 4373 570 195 29 546 204 150 4464 343 5539 315 227 3313 8301 139 1630 74 258 276 141 2191 982
leaf_count=3340 34 6478 425 4999 76 65 25 71 4373 570 195 29 546 204 150 4464 343 5539 315 227 3313 8301 139 1630 74 258 276 141 2191 982
internal_value=-0.000325535 0.00469415 0.0213269 -0.00618428 0.0307105 -0.029527 -0.00152294 -0.00183507 -0.000676278 -0.00591156 -0.0788424 0.00048076 0.00563362 0.0295843 -0.0571809 0.0283648 -0.0105237 0.000638123 0.00305966 0.0116472 -0.0105885 0.00605716 0.0423042 0.00426482 0.0112347 0.090982 -0.0072622 0.0166839 -0.0195581 -0.048124
internal_weight=49773 26806 5418 22967 4574 844 17968 17943 17677 13304 266 21388 14567 269 575 4498 6821 9964 9394 5766 3628 14538 685 13853 8633 332 5220 1771 3449 1258
internal_count=49773 26806 5418 22967 4574 844 17968 17943 17677 13304 266 21388 14567 269 575 4498 6821 9964 9394 5766 3628 14538 685 13853 8633 332 5220 1771 3449 1258
is_linear=0
shrinkage=0.05


Tree=149
num_leaves=31
num_cat=0
split_feature=4 4 8 6 8 7 8 7 7 8 0 7 8 0 8 1 6 4 1 1 8 7 0 0 8 7 4 4 4 1
split_gain=567.035 638.502 781.026 458.829 667.197 1722.96 680.798 570.797 609.487 675.179 639.112 609.042 595.586 528.388 527.072 517.511 1040.7 473.986 859.895 452.963 435.867 435.528 476.903 458.811 560.388 435.301 433.525 660.248 563.441 671.208
threshold=1.5000000000000002 20.500000000000004 252.50250000000003 165.52500000000003 91.300000000000011 196.47500000000002 106.59625000000001 288.67250000000007 208.82750000000001 157.83750000000001 30.143750000000001 154.00125000000003 163.26500000000001 27.086250000000003 175.00750000000002 5.5000000000000009 321.28250000000008 11.500000000000002 5.5000000000000009 10.500000000000002 147.36375000000001 151.25375000000003 27.158750000000005 27.271250000000006 320.50750000000005 150.28875000000002 8.5000000000000018 5.5000000000000009 10.500000000000002 2.5000000000000004
decision_type=2 2 2 2 2 2 2 2 2 2 2 2 2 2 2 2 2 2 2 2 2 2 2 2 2 2 2 2 2 2
left_child=-1 2 3 7 5 -5 13 8 9 -2 12 -11 17 -6 25 26 -17 18 -10 -4 -3 22 -22 24 -23 -8 27 -16 29 -28
right_child=1 20 19 4 6 -7 14 -9 10 11 -12 -13 -14 -15 15 16 -18 -19 -20 -21 21 23 -24 -25 -26 -27 28 -29 -30 -31
leaf_value=-0.018039050754103381 0.005023877536090111 -0.072230144123685239 0.019937456491986454 -0.1392240383028984 -0.3910056895017624 0.4186680513043558 -0.073192597113855756 0.25506691032399736 -0.38968667036720683 0.094181034293604193 -0.10507009209264161 0.026082032097809967 0.023356562211795977 -0.02755407847464085 -0.0082517044994050923 -0.0055677704790140286 -0.27478178384610347 0.016638369283036275 -0.06376522172701686 -0.11266513902980549 0.028634833967378148 -0.011480793508919299 0.27978960722684859 -0.05190427882912621 0.090724469485787163 -0.014766186871468572 -0.064610480882143037 0.045738723471943347 0.010077080240849426 0.0071578157772864276
leaf_weight=4135 4196 301 6999 25 20 31 353 24 28 417 207 1544 493 20 866 12650 36 68 73 65 344 4766 20 699 138 3290 618 1636 5022 689
leaf_count=4135 4196 301 6999 25 20 31 353 24 28 417 207 1544 493 20 866 12650 36 68 73 65 344 4766 20 699 138 3290 618 1636 5022 689
internal_value=-0.000309258 0.00129714 0.00365691 0.000363815 -0.00278441 0.169609 -0.00316751 0.0116421 0.0108106 0.0163431 -0.0283883 0.0405631 -0.00441072 -0.20928 -0.00283983 0.000137923 -0.00633174 -0.0854123 -0.15412 0.0187173 -0.0135248 -0.0105635 0.0424345 -0.0140065 -0.00860471 -0.0204276 0.00943179 0.0270514 0.00246635 -0.026777
internal_weight=49773 45638 39370 32306 25256 56 25200 7050 7026 6157 869 1961 662 40 25160 21517 12686 169 101 7064 6268 5967 364 5603 4904 3643 8831 2502 6329 1307
internal_count=49773 45638 39370 32306 25256 56 25200 7050 7026 6157 869 1961 662 40 25160 21517 12686 169 101 7064 6268 5967 364 5603 4904 3643 8831 2502 6329 1307
is_linear=0
shrinkage=0.05


Tree=150
num_leaves=31
num_cat=0
split_feature=8 6 7 6 8 8 6 8 7 4 4 4 6 7 4 7 6 1 8 8 7 8 7 6 8 8 7 4 8 6
split_gain=625.456 756.49 1299.22 750.77 492.027 431.194 460.876 639.491 627.095 517.99 454.365 414.419 965.582 827.389 446.321 410.941 408.275 508.404 558.534 509.04 402.527 625.492 470.106 403.217 671.524 565.062 408.635 363.615 360.597 1191.44
threshold=193.75625000000002 189.00125000000003 195.12250000000003 189.75375000000003 252.50250000000003 323.40875000000005 299.79875000000004 281.36000000000007 291.52500000000003 20.500000000000004 4.5000000000000009 15.500000000000002 277.04750000000007 246.49375000000003 14.500000000000002 182.75250000000003 301.52500000000003 5.5000000000000009 335.58625000000006 335.58625000000006 190.00125000000003 168.50125000000003 288.67250000000007 136.85625000000002 136.98250000000004 132.64125000000004 154.00125000000003 3.5000000000000004 91.300000000000011 135.30875000000003
decision_type=2 2 2 2 2 2 2 2 2 2 2 2 2 2 2 2 2 2 2 2 2 2 2 2 2 2 2 2 2 2
left_child=3 2 4 20 -2 6 7 9 -8 11 -7 12 14 -13 -3 -14 17 18 -12 -19 21 23 28 25 -25 27 -27 -1 29 -22
right_child=1 5 -4 -5 -6 10 8 -9 -10 -11 16 13 15 -15 -16 -17 -18 19 -20 -21 22 -23 -24 24 -26 26 -28 -29 -30 -31
leaf_value=-0.023195599628066707 0.066391562139890559 0.001410549275457364 0.0020503938827408506 -0.027838646630281672 0.21665588091930441 0.2652254807097571 -0.00036722170952140949 0.023467753372261407 -0.055124347233330179 -0.024959654858394201 0.082358591769422812 -0.00016491436280996477 0.13063037227839233 0.04038857437011617 -0.035803479182782566 -0.081407581440727586 0.013635152089178352 0.097848915271461015 0.38503233693816047 -0.16899378589199235 -0.37002700045704845 0.019764778232694392 0.16909153908491137 -0.055629909431619898 -0.006834007084963005 0.058745320931034378 -0.019935492929680467 0.02103282991438148 -0.021079977077722287 0.13525332212448121
leaf_weight=1227 897 14246 1627 3887 58 21 1315 3008 868 2061 35 3970 24 1841 854 477 705 70 27 24 28 3189 32 834 4561 721 214 748 2390 20
leaf_count=1227 897 14246 1627 3887 58 21 1315 3008 868 2061 35 3970 24 1841 854 477 705 70 27 24 28 3189 32 834 4561 721 214 748 2390 20
internal_value=-0.000899545 0.00326976 0.0292236 -0.00840341 0.0755176 0.00100168 -5.78703e-05 0.00176247 -0.0221396 -0.001019 0.035436 0.0012854 -0.00295992 0.012683 -0.000694138 -0.0712501 0.0298313 0.103026 0.214168 0.0297189 -0.00299345 0.000941827 -0.021306 -0.00628591 -0.0143772 0.00871503 0.0407371 -0.00644478 -0.0238051 -0.159494
internal_weight=49979 32128 2582 17851 955 29546 28664 26481 2183 23473 882 21412 15601 5811 15100 501 861 156 62 94 13964 11494 2470 8305 5395 2910 935 1975 2438 48
internal_count=49979 32128 2582 17851 955 29546 28664 26481 2183 23473 882 21412 15601 5811 15100 501 861 156 62 94 13964 11494 2470 8305 5395 2910 935 1975 2438 48
is_linear=0
shrinkage=0.05


Tree=151
num_leaves=31
num_cat=0
split_feature=1 1 7 7 6 0 0 0 6 0 6 6 7 0 0 7 1 3 6 6 0 7 6 6 6 0 0 0 6 7
split_gain=236.905 345.733 247.737 266.896 262.993 323.336 673.443 196.324 201.436 302.002 193.905 386.788 349.106 279.921 275.252 247.873 210.02 392.248 363.027 305.549 867.763 525.263 201.477 239.128 195.154 192.734 192.238 187.725 181.223 915.098
threshold=9.5000000000000018 5.5000000000000009 282.00125000000008 310.00750000000005 243.25250000000003 26.601250000000004 29.491250000000004 33.006250000000001 204.17250000000004 33.458750000000002 230.10500000000005 215.85375000000002 270.00125000000008 31.816250000000007 30.931250000000002 208.82750000000001 6.5000000000000009 1.0000000180025095e-35 283.01000000000005 319.00500000000005 27.991250000000004 296.00125000000008 205.96625000000003 167.76500000000001 255.14250000000001 25.358750000000004 26.568750000000005 26.121250000000003 134.00250000000003 280.75250000000005
decision_type=2 2 2 2 2 2 2 2 2 2 2 2 2 2 2 2 2 2 2 2 2 2 2 2 2 2 2 2 2 2
left_child=1 28 4 -4 -2 -6 -7 10 9 -9 11 12 -3 15 16 -13 17 19 24 -12 21 -21 23 -14 -19 -18 -20 -26 29 -1
right_child=2 7 3 -5 5 6 -8 8 -10 -11 14 13 22 -15 -16 -17 25 18 26 20 -22 -23 -24 -25 27 -27 -28 -29 -30 -31
leaf_value=0.011043964950234913 0.0054270389514940029 -0.0057831478096752684 -0.042230278265561402 0.033969301827202897 0.014258347915696707 0.140707472789947 -0.0030975114168398377 0.26385553456842897 0.0098731301274688054 0.035230035487060933 -0.031397891320579345 -0.016657445070547502 0.034732126241380522 0.0735314091016116 -0.032650160678292767 0.019643933685805574 -0.030676975005774473 0.012204803492224546 0.20162956623191183 -0.12874239812453472 0.11612311991361471 -0.43889800116419792 -0.0030930062463330864 -0.090716119707066223 -0.19232821527706542 -0.0031210914059645787 0.045949671566903369 -0.038422867735860858 0.00018535661883512772 0.28016864340752362
leaf_weight=2444 6818 3929 471 152 786 174 153 20 558 52 1417 658 44 183 1459 1648 697 218 22 43 26 20 148 278 23 7083 201 143 20079 32
leaf_count=2444 6818 3929 471 152 786 174 153 20 558 52 1417 658 44 183 1459 1648 697 218 22 43 26 20 148 278 23 7083 201 143 20079 32
internal_value=-0.000854568 -0.00241886 0.00672091 -0.023639 0.00910576 0.0316408 0.0734226 -0.00741281 0.020029 0.0987371 -0.00836064 -0.00174242 -0.0106548 0.0140092 -0.0123763 0.0092856 -0.0093864 -0.0233654 0.0105673 -0.0370422 -0.126907 -0.227204 -0.0513801 -0.0735741 -0.0188994 -0.00558979 0.0613082 -0.0597471 0.00175919 0.0145222
internal_weight=49979 41425 8554 623 7931 1113 327 18870 630 72 18240 6888 4399 2489 11352 2306 9893 2113 607 1506 89 63 470 322 384 7780 223 166 22555 2476
internal_count=49979 41425 8554 623 7931 1113 327 18870 630 72 18240 6888 4399 2489 11352 2306 9893 2113 607 1506 89 63 470 322 384 7780 223 166 22555 2476
is_linear=0
shrinkage=0.05


Tree=152
num_leaves=31
num_cat=0
split_feature=8 5 5 5 1 8 7 7 0 0 8 7 0 8 8 7 0 7 8 0 8 1 0 8 0 8 7 0 8 5
split_gain=588.882 804.069 583.091 558.839 1300.21 701.27 534.049 418.731 508.081 411.044 383.25 382.021 379.289 496.938 340.223 326.54 297.922 295.461 276.286 440.381 362.357 292.17 271.825 325.522 246.94 227.117 226.271 222.883 504.764 222.276
threshold=193.75625000000002 1.0000000180025095e-35 22.500000000000004 1.0000000180025095e-35 4.5000000000000009 290.55875000000009 180.00500000000002 290.00500000000005 22.596250000000001 26.331250000000004 171.48250000000004 190.00125000000003 25.566250000000007 222.00250000000003 129.50500000000002 154.00125000000003 24.631250000000005 188.75125000000003 308.50625000000008 26.976250000000004 326.11500000000007 9.5000000000000018 25.016250000000003 122.17000000000002 30.651250000000005 280.00750000000005 190.75500000000002 26.726250000000004 91.300000000000011 37.500000000000007
decision_type=2 2 2 2 2 2 2 2 2 2 2 2 2 2 2 2 2 2 2 2 2 2 2 2 2 2 2 2 2 2
left_child=1 10 -3 4 9 12 14 8 29 25 15 -12 -6 -14 -4 -1 -13 -10 21 20 -20 -19 23 -8 -21 -2 -7 28 -24 -5
right_child=3 2 6 7 5 26 22 -9 17 -11 11 16 13 -15 -16 -17 -18 18 19 24 -22 -23 27 -25 -26 -27 -28 -29 -30 -31
leaf_value=-0.02035904201708523 0.069538833622787552 0.012726101895764112 -0.025035190909751582 -0.031628687298352824 0.020866163344802111 0.16347775774958886 0.1878445599050749 -0.018275683907606987 0.019573875422327441 0.022065472557187316 0.01492838702624477 0.0088928684033453467 -0.039702335434208591 0.00013644173797138003 0.0062783842453137803 -0.054503087148274801 -0.056446983897595115 -0.0026743979670414485 0.068239821911976598 -0.0025570425308412978 0.28566607573912262 0.015707490879136466 -0.26401438548647127 -0.010583832617653605 0.1311134724600895 0.21920254784994403 0.03896091586196429 -0.024868945969531275 -0.050804378645844729 0.0017911156969117365
leaf_weight=1374 1012 4486 1077 1506 1309 38 21 2935 2790 629 887 270 1051 3067 4458 1428 493 12703 219 522 21 2605 29 1310 37 26 915 1369 649 743
leaf_count=1374 1012 4486 1077 1506 1309 38 21 2935 2790 629 887 270 1051 3067 4458 1428 493 12703 219 522 21 2605 29 1310 37 26 915 1369 649 743
internal_value=-0.00081184 -0.00809301 -0.00197617 0.00323373 0.0146413 0.00436779 -0.00937597 -0.000578255 0.00187809 0.0539603 -0.0265026 -0.00738534 -0.00257875 -0.0100313 0.00018539 -0.0377601 -0.0333254 0.00455184 0.00194978 0.0306132 0.0872646 0.000453693 -0.0250427 -0.00745311 0.00629056 0.0732876 0.0439259 -0.0364797 -0.059924 -0.0205878
internal_weight=49979 17851 13399 32128 8047 6380 8913 24081 21146 1667 4452 1650 5427 4118 5535 2802 763 18897 16107 799 240 15308 3378 1331 559 1038 953 2047 678 2249
internal_count=49979 17851 13399 32128 8047 6380 8913 24081 21146 1667 4452 1650 5427 4118 5535 2802 763 18897 16107 799 240 15308 3378 1331 559 1038 953 2047 678 2249
is_linear=0
shrinkage=0.05


Tree=153
num_leaves=31
num_cat=0
split_feature=8 5 6 7 6 8 5 6 7 7 6 8 8 6 8 6 0 7 4 8 0 4 8 0 4 0 7 4 6 4
split_gain=531.466 725.672 688.843 1401.08 746.518 568.927 526.24 517.564 484.096 481.979 451.778 433.71 403.551 481.972 480.359 431.691 1104.97 743.956 524.225 408.109 394.653 648.429 610.613 1398.6 391.237 382.351 373.606 608.349 366.294 484.086
threshold=193.75625000000002 1.0000000180025095e-35 207.00125000000003 262.00375000000003 164.77750000000003 281.36000000000007 22.500000000000004 201.22500000000002 195.12250000000003 180.00500000000002 189.00125000000003 171.48250000000004 271.50250000000005 301.52500000000003 343.17750000000007 258.26500000000004 24.631250000000005 187.37875000000003 1.5000000000000002 222.00250000000003 26.256250000000005 18.500000000000004 293.59125000000006 27.856250000000006 18.500000000000004 29.323750000000008 226.00500000000002 14.500000000000002 316.50500000000005 20.500000000000004
decision_type=2 2 2 2 2 2 2 2 2 2 2 2 2 2 2 2 2 2 2 2 2 2 2 2 2 2 2 2 2 2
left_child=1 7 3 5 -5 8 -3 11 10 -8 -2 -1 15 14 -14 19 -17 -18 -19 -4 24 -22 23 -23 -15 -9 27 -20 29 -28
right_child=2 6 12 4 -6 -7 9 25 -10 -11 -12 -13 13 20 -16 16 17 18 26 -21 21 22 -24 -25 -26 -27 28 -29 -30 -31
leaf_value=-0.030329060100119265 0.068671364411479349 0.012089796881304578 -0.012275070322288754 0.085974997575976889 -0.069951901199782701 0.19324146351590754 0.00017612106811329937 -0.045472706441701982 0.012889719285455681 -0.023790534031330312 0.022633581489888907 0.0052417849197735969 0.017439383664039083 -0.048074208796568603 0.22515201015131817 0.084595634687644583 0.053462329537327984 -0.092326065927180789 -0.018823719013304679 0.0052045701953544604 0.036267864604051202 -0.059862892476841817 -0.022837686869720035 -0.50019938512281936 0.085036106128962008 -0.1374151054882263 0.0029508166457108131 -0.11583794652614543 -0.090123163399755193 -0.055814557419723021
leaf_weight=2541 942 4486 5070 88 601 50 5535 469 3708 3378 1227 1293 4703 77 28 236 263 344 384 9782 449 100 1463 22 195 149 1503 279 157 457
leaf_count=2541 942 4486 5070 88 601 50 5535 469 3708 3378 1227 1293 4703 77 28 236 263 344 384 9782 449 100 1463 22 195 149 1503 279 157 457
internal_value=-0.000771248 -0.00768836 0.00307204 0.0174489 -0.0500367 0.0252939 -0.00187736 -0.0251775 0.0238651 -0.00890717 0.0426279 -0.0183329 -0.000656281 0.00953305 0.0186687 -0.00453733 -0.020012 -0.0273009 -0.0341001 -0.000762423 -0.00920972 -0.0167738 -0.0317995 -0.139268 0.0473541 -0.06764 -0.0268952 -0.0596487 -0.0166375 -0.0107511
internal_weight=49979 17851 32128 6616 689 5927 13399 4452 5877 8913 2169 3834 25512 7037 4731 18475 3623 3387 3124 14852 2306 2034 1585 122 272 618 2780 663 2117 1960
internal_count=49979 17851 32128 6616 689 5927 13399 4452 5877 8913 2169 3834 25512 7037 4731 18475 3623 3387 3124 14852 2306 2034 1585 122 272 618 2780 663 2117 1960
is_linear=0
shrinkage=0.05


Tree=154
num_leaves=31
num_cat=0
split_feature=4 4 4 4 4 4 4 5 1 4 1 1 1 4 4 1 5 1 6 7 5 4 1 1 4 1 1 6 6 5
split_gain=482.049 529.313 335.506 712.802 792.833 576.908 566.558 673.448 717.404 639.49 1720.22 714.039 570.745 3500.9 1710.47 1643.76 953.481 1675.68 692.047 755.175 550.634 1483.47 5128.6 1972.11 1212.02 1528.35 1022.4 813.033 563.426 505.831
threshold=1.5000000000000002 20.500000000000004 15.500000000000002 8.5000000000000018 10.500000000000002 12.500000000000002 18.500000000000004 1.0000000180025095e-35 8.5000000000000018 19.500000000000004 4.5000000000000009 6.5000000000000009 8.5000000000000018 17.500000000000004 16.500000000000004 4.5000000000000009 1.0000000180025095e-35 9.5000000000000018 201.87750000000003 257.04625000000004 1.0000000180025095e-35 16.500000000000004 9.5000000000000018 9.5000000000000018 16.500000000000004 9.5000000000000018 10.500000000000002 215.85375000000002 265.01000000000005 1.0000000180025095e-35
decision_type=2 2 2 2 2 2 2 2 2 2 2 2 2 2 2 2 2 2 2 2 2 2 2 2 2 2 2 2 2 2
left_child=-1 2 3 -2 -5 29 12 8 9 10 -8 -12 14 20 15 -4 17 -15 -16 -20 24 23 -23 -22 -14 -26 28 -25 -24 -6
right_child=1 -3 6 4 5 -7 7 -9 -10 -11 11 -13 13 16 18 -17 -18 -19 19 -21 21 22 26 27 25 -27 -28 -29 -30 -31
leaf_value=-0.016993110975500488 0.0079578080506953024 -0.012810363078941298 0.021010047583489948 -0.02599696868021404 -0.016043951098489273 -0.0099135028242767782 -0.0092520165295130949 -0.015369153817696707 -0.040240933371453805 0.0097987083125059531 0.29332891590260329 0.10623189689462434 -0.077158640875063078 0.29679651727395445 0.08491849775070788 -0.083643593057586549 -0.093049599575272327 -0.068320384742385096 0.0047576105161640271 0.065024366224225902 0.033620287635619264 0.28853940388286642 0.21019364485757486 0.16611964889794342 -0.097774459350299325 0.25081578945643024 -0.17045079883601932 0.33981607699962824 -0.036277602266763215 0.024159674460536143
leaf_weight=4177 14558 6219 730 4205 1043 6223 187 3116 264 390 103 101 127 48 519 772 426 91 1856 722 143 146 31 121 47 95 144 152 92 3131
leaf_count=4177 14558 6219 730 4205 1043 6223 187 3116 264 390 103 101 127 48 519 772 426 91 1856 722 143 146 31 121 47 95 144 152 92 3131
internal_value=-0.000732685 0.000750215 0.00288076 0.000128631 -0.00767695 -0.000267541 0.0105803 -0.00372031 0.0310144 0.0551007 0.100287 0.200698 0.0200828 0.0451855 0.0110056 -0.03278 -0.055947 0.0577631 0.032241 0.021636 0.0972254 0.117395 0.0502671 0.184039 0.0350667 0.135437 -0.0800242 0.26283 0.0258412 0.0141136
internal_weight=49979 45802 39583 29160 14602 10397 10423 4161 1045 781 391 204 6262 1663 4599 1502 565 139 3097 2578 1098 829 413 416 269 142 267 273 123 4174
internal_count=49979 45802 39583 29160 14602 10397 10423 4161 1045 781 391 204 6262 1663 4599 1502 565 139 3097 2578 1098 829 413 416 269 142 267 273 123 4174
is_linear=0
shrinkage=0.05


Tree=155
num_leaves=31
num_cat=0
split_feature=8 7 7 8 7 5 0 8 1 0 7 8 7 0 8 0 5 1 0 1 7 1 1 0 7 7 8 7 5 7
split_gain=637.148 477.594 461.604 426.47 446.104 402.027 732.067 653.113 401.198 446.698 622.479 347.162 342.919 354.97 437.68 315.372 274.877 309.686 261.429 273.776 341.436 261.236 260.227 251.917 293.233 243.056 449.175 232.521 222.416 220.025
threshold=197.75250000000003 188.75125000000003 189.35500000000005 136.98250000000004 154.00125000000003 1.0000000180025095e-35 25.051250000000003 222.53375000000003 5.5000000000000009 33.148750000000007 172.49250000000004 283.75500000000005 276.10875000000004 22.596250000000001 343.17750000000007 29.723749999999999 37.500000000000007 10.500000000000002 29.491250000000004 4.5000000000000009 288.67250000000007 2.5000000000000004 2.5000000000000004 30.931250000000002 260.18875000000008 220.53250000000006 233.75750000000002 127.04875000000001 1.0000000180025095e-35 270.00125000000008
decision_type=2 2 2 2 2 2 2 2 2 2 2 2 2 2 2 2 2 2 2 2 2 2 2 2 2 2 2 2 2 2
left_child=1 3 8 4 28 6 21 -8 27 -10 -11 -9 13 25 15 22 17 -14 29 -20 23 -4 -15 -21 -25 -7 -27 -2 -1 -3
right_child=2 18 5 -5 -6 12 7 11 9 10 -12 -13 16 14 -16 -17 -18 -19 19 20 -22 -23 -24 24 -26 26 -28 -29 -30 -31
leaf_value=-0.034985916979869622 0.095296721854777666 -0.01148935060028761 0.076007347833313005 0.0032534737276891032 -0.063937425119944644 -0.0076703377980239969 -0.030844750225043432 0.0039767174580604943 -0.00052970977379373054 0.02300636232165354 0.31528395447466107 0.03565001564637716 -0.020643147447669669 -0.044424850175538183 0.20969251021742821 -0.0069541788288525657 0.0039212641685653664 -0.15004713915764017 -0.0070793011571959261 -0.098027927844823726 0.11280590717991193 0.030048280107554989 0.010580598883163162 -0.048882803836287091 0.14111397794701838 -0.039009559705045521 -0.28097299959510569 0.031911548749232112 -0.0018198712254321307 -0.055979618320273143
leaf_weight=675 158 4793 446 10049 450 1330 1068 3087 1817 56 27 1202 2839 220 26 4279 1452 47 363 338 27 1008 9501 264 22 468 20 1717 2013 295
leaf_count=675 158 4793 446 10049 450 1330 1068 3087 1817 56 27 1202 2839 220 26 4279 1452 47 363 338 27 1008 9501 264 22 468 20 1717 2013 295
internal_value=1.39168e-06 -0.00712308 0.00446785 -0.00177118 -0.0178619 0.00217757 0.0126814 0.00414136 0.0208444 0.00465186 0.118085 0.0128532 -0.00136726 0.00204307 0.00473748 0.00435685 -0.0138231 -0.0227506 -0.018689 -0.0418718 -0.0612722 0.0441458 0.00933575 -0.0688045 -0.0342677 -0.0187445 -0.0489261 0.0372528 -0.0101484 -0.0140689
internal_weight=50057 19289 30768 13187 3138 26993 6811 5357 3775 1900 83 4289 20182 15844 14026 14000 4338 2886 6102 1014 651 1454 9721 624 286 1818 488 1875 2688 5088
internal_count=50057 19289 30768 13187 3138 26993 6811 5357 3775 1900 83 4289 20182 15844 14026 14000 4338 2886 6102 1014 651 1454 9721 624 286 1818 488 1875 2688 5088
is_linear=0
shrinkage=0.05


Tree=156
num_leaves=31
num_cat=0
split_feature=8 6 6 7 8 7 7 4 8 8 8 7 6 1 6 8 6 4 8 6 7 7 6 8 8 4 4 6 7 8
split_gain=581.428 809.941 688.178 1025.51 541.2 719.304 494.202 569.21 524.656 473.272 440.638 401.524 375.17 367.69 359.007 526.579 348.381 343.777 342.606 516.779 545.057 491.641 476.01 503.117 466.408 387.956 403.17 355.578 565.247 355.492
threshold=190.40250000000003 176.47750000000005 189.00125000000003 195.12250000000003 162.50375000000003 153.16250000000002 150.28875000000002 17.500000000000004 91.300000000000011 172.10750000000004 252.50250000000003 154.99000000000004 112.25375000000001 11.500000000000002 140.96750000000003 136.98250000000004 154.00125000000003 5.5000000000000009 306.86500000000007 276.00750000000005 182.75250000000003 239.00125000000003 303.50250000000005 343.17750000000007 271.50250000000005 17.500000000000004 2.5000000000000004 331.00125000000008 304.62000000000006 251.96000000000001
decision_type=2 2 2 2 2 2 2 2 2 2 2 2 2 2 2 2 2 2 2 2 2 2 2 2 2 2 2 2 2 2
left_child=1 4 3 10 11 16 -3 8 -8 -9 -2 14 -5 -13 15 -1 -6 -16 19 24 -21 -22 23 -20 -4 26 -24 -23 29 -29
right_child=2 6 18 12 5 -7 7 9 -10 -11 -12 13 -14 -15 17 -17 -18 -19 22 20 21 27 25 -25 -26 -27 -28 28 -30 -31
leaf_value=-0.00010869719261903527 0.055560251608527983 -0.073990768968052734 0.00058625106391348028 0.10586169822407621 0.126289137863446 0.00699040716655671 0.16985763991490388 -0.13756493484014992 -0.01429178542086444 -0.037384604407752937 0.20709866137057542 -0.030293271131730151 -0.0023285301394412234 0.034957027832254933 -0.033379607210494662 0.049465587146301747 0.040419934551943759 0.0078091441856847788 0.043286593550505646 0.087283374403974393 -0.053048219341855107 -0.007172392748483092 0.037942189034778452 0.26673998179344033 0.024480336695212764 -0.0026583645100110745 0.30967071235179899 -0.32789479953547324 0.10144035139909158 -0.097267188511111533
leaf_weight=2191 1182 435 21382 84 181 3267 39 162 4698 433 50 2234 1739 239 1154 709 340 903 809 123 860 3004 43 26 2258 1387 20 24 26 55
leaf_count=2191 1182 435 21382 84 181 3267 39 162 4698 433 50 2234 1739 239 1154 709 340 903 809 123 860 3004 43 26 2258 1387 20 24 26 55
internal_value=1.32209e-06 -0.00751808 0.00386311 0.0264714 0.000310472 0.0156913 -0.0227462 -0.0185655 -0.0127757 -0.0646606 0.0617103 -0.00753108 0.00265665 -0.0239872 0.000678744 0.0120114 0.0702517 -0.0152982 0.00156213 2.87977e-05 -0.0163766 -0.0195891 0.0201715 0.0502444 0.00286852 0.00285364 0.124205 -0.0103337 -0.100778 -0.167331
internal_weight=50057 16985 33072 3055 11218 3788 5767 5332 4737 595 1232 7430 1823 2473 4957 2900 521 2057 30017 27732 4092 3969 2285 835 23640 1450 63 3109 105 79
internal_count=50057 16985 33072 3055 11218 3788 5767 5332 4737 595 1232 7430 1823 2473 4957 2900 521 2057 30017 27732 4092 3969 2285 835 23640 1450 63 3109 105 79
is_linear=0
shrinkage=0.05


Tree=157
num_leaves=31
num_cat=0
split_feature=8 5 7 4 4 0 4 8 0 4 4 4 4 5 0 8 4 4 0 4 4 4 0 4 4 0 7 0 4 4
split_gain=533.921 492.273 457.738 570.344 676.378 611.077 512.058 422.427 464.059 452.282 568.034 397.971 465.93 396.794 727.085 564.086 733.001 635.761 1106.03 842.785 651.78 611.48 628.577 520.977 461.008 436.936 423.258 438.831 471.942 922.435
threshold=198.95375000000004 1.0000000180025095e-35 168.14250000000001 18.500000000000004 14.500000000000002 28.818750000000005 3.5000000000000004 171.48250000000004 23.596250000000001 8.5000000000000018 6.5000000000000009 6.5000000000000009 5.5000000000000009 1.0000000180025095e-35 25.051250000000003 276.50125000000008 19.500000000000004 15.500000000000002 27.271250000000006 6.5000000000000009 4.5000000000000009 2.5000000000000004 29.841250000000006 9.5000000000000018 3.5000000000000004 26.666250000000002 276.10875000000004 22.596250000000001 15.500000000000002 18.500000000000004
decision_type=2 2 2 2 2 2 2 2 2 2 2 2 2 2 2 2 2 2 2 2 2 2 2 2 2 2 2 2 2 2
left_child=1 7 6 4 -4 -6 -3 -1 9 10 -9 12 -8 14 -2 17 21 19 -19 20 24 -17 25 -21 -16 -23 27 -15 -29 -30
right_child=13 2 3 -5 5 -7 11 8 -10 -11 -12 -13 -14 26 15 16 -18 18 -20 23 -22 22 -24 -25 -26 -27 -28 28 29 -31
leaf_value=-0.03283647948259396 0.043414115764021828 -0.01175599723776715 -0.012663392646774754 -0.04706393851335515 0.045076180926669596 -0.037772088809411082 0.020876097722724873 0.0057888628144433605 -0.019251559168791437 -0.0045849608083402644 0.146313604644981 0.0063482343122793321 0.081363733520052064 -0.018314747662496252 -0.025235397604052336 0.0025028550837928221 -0.0032368929886054487 0.020317385091300218 -0.075991748979296073 0.058550821969830802 -0.09131067825150431 0.039799103259723245 0.014779349434778002 0.0081143070413113427 0.074521350391418523 0.16478658340284569 -0.013223484516020857 0.0015404104035065137 0.044250790655599226 -0.00071982077609290167
leaf_weight=2805 1648 2282 5679 920 1029 284 1180 139 1429 380 149 2962 436 1944 520 257 752 529 683 767 304 94 163 1540 149 273 4333 11850 2154 2423
leaf_count=2805 1648 2282 5679 920 1029 284 1180 139 1429 380 149 2962 436 1944 520 257 752 529 683 767 304 94 163 1540 149 273 4333 11850 2154 2423
internal_value=1.256e-06 -0.00641594 -0.00185983 -0.0100554 -0.00518583 0.0271562 0.00759252 -0.0201456 -0.00316995 0.0312322 0.0784909 0.0172372 0.0371958 0.0041566 0.0139817 0.00593912 0.0320637 -0.00301138 -0.0339558 0.00842297 -0.0306035 0.0657943 0.0964847 0.0248828 -0.00301753 0.132773 0.000833541 0.00414904 0.00680745 0.020444
internal_weight=50057 19674 14772 7912 6992 1313 6860 4902 2097 668 288 4578 1616 30383 7679 6031 1539 4492 1212 3280 973 787 530 2307 669 367 22704 18371 16427 4577
internal_count=50057 19674 14772 7912 6992 1313 6860 4902 2097 668 288 4578 1616 30383 7679 6031 1539 4492 1212 3280 973 787 530 2307 669 367 22704 18371 16427 4577
is_linear=0
shrinkage=0.05


Tree=158
num_leaves=31
num_cat=0
split_feature=8 5 5 1 5 4 4 4 4 4 0 1 1 4 4 0 0 8 0 0 0 0 4 4 8 0 4 0 4 4
split_gain=481.986 565.238 541.283 438.377 691.86 760.577 753.147 477.008 660.006 1649.31 1217.57 973.59 817.775 1403.07 927.774 590.393 588.923 453.676 429.924 423.284 385.973 378.925 499.29 779.463 388.16 368.763 412.683 320.846 305.061 291.395
threshold=187.77625000000003 1.0000000180025095e-35 22.500000000000004 5.5000000000000009 1.0000000180025095e-35 7.5000000000000009 5.5000000000000009 9.5000000000000018 17.500000000000004 16.500000000000004 18.566250000000004 4.5000000000000009 4.5000000000000009 18.500000000000004 18.500000000000004 23.291250000000002 29.438750000000002 335.58625000000006 25.961250000000003 30.026250000000001 27.433750000000003 25.811250000000005 18.500000000000004 16.500000000000004 220.66125000000002 20.941250000000007 8.5000000000000018 22.303750000000004 4.5000000000000009 19.500000000000004
decision_type=2 2 2 2 2 2 2 2 2 2 2 2 2 2 2 2 2 2 2 2 2 2 2 2 2 2 2 2 2 2
left_child=1 -1 -3 4 21 6 -6 -7 9 -9 -11 15 14 -14 -10 -12 17 18 -15 -13 -16 22 23 25 -25 26 -2 -4 -29 -23
right_child=3 2 27 -5 5 7 -8 8 12 10 11 19 13 16 20 -17 -18 -19 -20 -21 -22 29 -24 24 -26 -27 -28 28 -30 -31
leaf_value=-0.023319724386891082 0.20165542863806088 0.013233150061349404 0.0018841148665928354 -0.00070390773894160434 0.011145145730513737 -0.034099818671974667 0.081008711924665175 0.00014597325835141273 -0.085306128580402416 -0.11167165050358181 0.073049746186382353 0.07638395798791732 0.18191740400507117 0.054451555856371583 -0.0031736875813309752 0.20614381070124119 -0.20088147494722819 0.18260288635218466 -0.029444136395046373 -0.11639386157815655 -0.079335716063962197 0.024874008270797401 0.018176001780325194 0.13058771629873506 0.30778463156450364 0.033063690111311959 -0.00059773029857560205 -0.055772274989429521 -0.013613954139732879 -0.034606312968926578
leaf_weight=4034 75 4039 3614 22344 1216 1066 565 2025 542 62 124 70 128 247 1650 254 34 37 400 48 185 1319 609 117 42 471 38 481 3977 244
leaf_count=4034 75 4039 3614 22344 1216 1066 565 2025 542 62 124 70 128 247 1650 254 34 37 400 48 185 1319 609 117 42 471 38 481 3977 244
internal_value=1.19318e-06 -0.00710951 -0.00171012 0.00338649 0.0112872 0.00419007 0.0333085 -0.00335648 0.00228809 0.0211191 0.0972312 0.123344 -0.0128036 0.0294133 -0.027829 0.162483 0.00222593 0.0123219 0.00258405 -0.00203414 -0.0108521 0.0323548 0.0517377 0.0792465 0.177394 0.0525247 0.133641 -0.00918731 -0.0181627 0.0155885
internal_weight=50057 16145 12111 33912 11568 8653 1781 6872 5806 2583 558 496 3223 846 2377 378 718 684 647 118 1835 2915 1352 743 159 584 113 8072 4458 1563
internal_count=50057 16145 12111 33912 11568 8653 1781 6872 5806 2583 558 496 3223 846 2377 378 718 684 647 118 1835 2915 1352 743 159 584 113 8072 4458 1563
is_linear=0
shrinkage=0.05


Tree=159
num_leaves=31
num_cat=0
split_feature=6 0 7 7 7 6 0 0 1 6 6 1 6 7 6 0 1 6 0 0 0 7 6 1 0 0 0 6 0 7
split_gain=193.21 1154.35 778.896 486.229 217.409 245.91 955.353 269.552 425.424 368.257 260.972 234.403 204.655 532.576 241.17 287.724 200.585 196.094 188.927 308.766 196.046 180.9 226.588 176.847 174.436 211.62 168.592 168.126 160.887 234.936
threshold=264.00250000000005 24.631250000000005 187.37875000000003 235.00375000000003 278.38250000000005 343.70000000000005 28.818750000000005 26.221250000000001 6.5000000000000009 321.28250000000008 321.28250000000008 4.5000000000000009 331.00125000000008 270.00125000000008 321.28250000000008 27.198750000000008 10.500000000000002 314.35750000000002 30.026250000000001 26.831250000000004 32.871250000000011 304.62000000000006 277.04750000000007 5.5000000000000009 27.198750000000008 26.726250000000004 30.651250000000005 305.50750000000005 29.381250000000005 308.01500000000004
decision_type=2 2 2 2 2 2 2 2 2 2 2 2 2 2 2 2 2 2 2 2 2 2 2 2 2 2 2 2 2 2
left_child=-1 27 17 24 12 7 -7 9 10 11 21 -6 14 -14 18 -16 -13 -3 19 -5 -20 22 -9 -21 25 -4 -10 -2 29 -12
right_child=1 2 3 4 5 6 -8 8 26 -11 28 16 13 -15 15 -17 -18 -19 20 23 -22 -23 -24 -25 -26 -27 -28 -29 -30 -31
leaf_value=0.0014089011032437588 0.067571299822648631 0.050792899884593984 -0.035930768328248167 -0.0088886099213020212 0.091379091281804353 -0.029792197808623317 0.32192632140448463 -0.14807996733859183 -0.014615519101304035 0.14904445147230513 -0.17050739663760539 -0.0046581253363367726 -0.004115653289128331 -0.2730586233238379 -0.0059822686518481404 0.14465165227425822 -0.13632741206636032 0.20797504640760878 -0.051804288932890713 -0.014480122490724745 0.018795574008097019 -0.019817709811248405 -0.048851171146695571 0.039293245215558881 -0.054114332719770286 0.032386081584753507 0.1279561496051472 0.15331485788337887 -0.24353827238082887 -0.017108343151630834
leaf_weight=41528 222 360 464 1232 62 75 26 75 1645 42 52 807 79 24 61 66 30 21 293 190 148 344 247 783 862 150 21 77 23 48
leaf_count=41528 222 360 464 1232 62 75 26 75 1645 42 52 807 79 24 61 66 30 21 293 190 148 344 247 783 862 150 21 77 23 48
internal_value=1.13352e-06 -0.00685334 -0.0103594 -0.0137484 -0.00775939 -0.0161344 0.0607492 -0.0184209 -0.0271421 0.00433203 -0.0573872 -0.00242873 0.00242394 -0.066782 0.00499452 0.0722999 -0.00937745 0.0594565 0.00176406 0.00773906 -0.0281109 -0.0450293 -0.0719635 0.0287928 -0.0396074 -0.019241 -0.0128184 0.0896524 -0.124301 -0.0968759
internal_weight=50057 8529 8230 7849 6373 3497 101 3396 2455 941 789 899 2876 103 2773 127 837 381 2646 2205 441 666 322 973 1476 614 1666 299 123 100
internal_count=50057 8529 8230 7849 6373 3497 101 3396 2455 941 789 899 2876 103 2773 127 837 381 2646 2205 441 666 322 973 1476 614 1666 299 123 100
is_linear=0
shrinkage=0.05


Tree=160
num_leaves=31
num_cat=0
split_feature=4 4 8 6 7 8 7 0 0 8 6 0 4 4 7 0 0 6 6 3 8 4 7 6 7 0 0 7 7 8
split_gain=539.658 564.049 576.011 624.703 510.368 682.765 646.019 468.372 352.549 350.561 656.289 328.841 503.892 754.466 671.333 953.594 533.8 411.262 382.433 344.465 323.943 474.071 461.944 397.462 841.631 477.937 315.388 288.13 341.499 304.271
threshold=20.500000000000004 1.5000000000000002 258.51000000000005 279.24500000000006 190.00125000000003 193.75625000000002 246.49375000000003 24.631250000000005 29.101250000000004 161.75500000000002 150.03500000000005 20.641250000000003 16.500000000000004 17.500000000000004 254.97125000000003 27.901250000000001 28.223750000000006 239.75125000000003 267.02250000000009 1.0000000180025095e-35 176.47750000000005 14.500000000000002 288.67250000000007 181.00625000000002 208.17750000000004 30.198750000000008 24.446250000000003 302.51500000000004 290.00500000000005 246.00125000000003
decision_type=2 2 2 2 2 2 2 2 2 2 2 2 2 2 2 2 2 2 2 2 2 2 2 2 2 2 2 2 2 2
left_child=1 -1 3 11 -5 6 -6 -7 9 -2 -11 -3 20 16 -15 -16 -14 -18 -19 -17 21 22 -13 24 -22 -26 -4 28 -9 -30
right_child=8 2 26 4 5 7 -8 27 -10 10 -12 12 13 14 15 19 17 18 -20 -21 23 -23 -24 -25 25 -27 -28 -29 29 -31
leaf_value=-0.014840043074783689 -0.045541600488755718 0.014137238578284606 0.12224111557389572 0.072893470996059473 -0.44648266546428206 0.12523994563290705 -0.11382570987981228 -0.054527590164758666 -0.20042433977127075 0.11636074378889485 -0.010441211114891337 -0.019246344612567134 0.072547813374092704 -0.020586448775270532 0.02353344445987185 0.35426265693479975 0.041120428412314225 -0.083300952270266515 0.11452892984038797 0.09887803760559663 0.039740082683362064 0.016572880918143931 0.21575019406944712 -0.0014826279615611545 0.0038141104224030313 -0.072823157305538191 0.017660909009734979 0.040448401702622719 -0.31690601849555972 -0.058739701179521424
leaf_weight=4165 703 5489 73 80 20 39 54 367 25 104 5423 5019 834 1307 466 31 331 155 29 23 1782 1211 21 15360 744 280 5795 68 25 21
leaf_count=4165 703 5489 73 80 20 39 54 367 25 104 5423 5019 834 1307 466 31 331 155 29 23 1782 1211 21 15360 744 280 5795 68 25 21
internal_value=0.000700777 0.00266316 0.00450298 0.0019895 -0.0456643 -0.0616317 -0.203733 -0.0414095 -0.0130372 -0.0122852 -0.00805521 0.00296038 0.000736993 0.0194716 -0.00146884 0.0465825 0.047832 0.0078069 -0.0521212 0.245488 -0.00169988 -0.0115177 -0.0182672 0.00167846 0.0189822 -0.0171414 0.0189619 -0.0549217 -0.0706242 -0.199047
internal_weight=50044 43789 39624 33756 674 594 74 520 6255 6230 5527 33082 27593 3176 1827 520 1349 515 184 54 24417 6251 5040 18166 2806 1024 5868 481 413 46
internal_count=50044 43789 39624 33756 674 594 74 520 6255 6230 5527 33082 27593 3176 1827 520 1349 515 184 54 24417 6251 5040 18166 2806 1024 5868 481 413 46
is_linear=0
shrinkage=0.05


Tree=161
num_leaves=31
num_cat=0
split_feature=8 0 6 0 8 8 7 7 6 6 7 8 0 7 0 0 0 8 7 6 7 0 8 8 0 1 8 0 6 7
split_gain=508.272 474.603 422.684 1209.97 541.962 486.918 492.614 452.659 450.107 418.631 411.783 529.252 414.622 389.026 386.217 357.284 345.72 333.212 848.214 688.501 573.455 316.866 292.229 278.938 276.699 350.44 449.342 643.33 731.711 1410.94
threshold=323.40875000000005 31.156250000000004 299.79875000000004 26.291250000000002 250.68625000000003 287.74000000000007 282.00125000000008 198.95125000000002 263.00375000000003 189.00125000000003 189.35500000000005 173.51125000000002 24.631250000000005 195.12250000000003 26.976250000000004 24.686250000000005 22.596250000000001 132.64125000000004 286.00750000000005 135.30875000000003 154.00125000000003 25.158750000000001 153.26750000000001 214.34500000000003 18.726250000000004 5.5000000000000009 106.59625000000001 26.976250000000004 175.70500000000001 200.07250000000002
decision_type=2 2 2 2 2 2 2 2 2 2 2 2 2 2 2 2 2 2 2 2 2 2 2 2 2 2 2 2 2 2
left_child=2 14 4 15 8 7 -7 -5 17 13 -10 -12 -13 -6 -2 -4 -11 18 24 20 22 -18 -19 -9 -1 26 27 28 29 -26
right_child=1 -3 3 5 9 6 -8 23 10 16 11 12 -14 -15 -16 -17 21 19 -20 -21 -22 -23 -24 -25 25 -27 -28 -29 -30 -31
leaf_value=-0.0062906604402013927 0.11717764495326013 0.26254367517388383 0.13701271124830883 0.05658918479984662 0.17580937640938227 0.0120216566740641 -0.051879671380786113 -0.21047990693121543 0.040793762901419048 -0.19249715989987767 -0.19393619512794194 0.049880784092371476 -0.044894502690844398 0.034906657297117047 0.019026002727984104 0.02721144966592208 0.039115039145966549 0.047572658252979044 0.30773043205961587 -0.00070120008338130362 0.00316045468778792 0.0075342057456772834 0.12052911509445963 -0.084305247790732632 -0.14368803309542794 0.014593437599471924 -0.03231003940391846 0.032901428639888763 -0.021330727005408983 -0.57838965257008867
leaf_weight=1733 116 23 90 53 71 537 688 49 177 21 54 131 969 158 737 419 880 516 20 31965 705 8153 187 413 84 252 704 56 59 24
leaf_count=1733 116 23 90 53 71 537 688 49 177 21 54 131 969 158 737 419 880 516 20 31965 705 8153 187 413 84 252 704 56 59 24
internal_value=0.000665738 0.038417 -6.85542e-06 -0.0211815 0.00100812 -0.0410172 -0.0238674 -0.0818104 -0.00166072 0.0118284 -0.0302182 -0.04111 -0.0336076 0.0785927 0.0323737 0.0466262 0.0101397 -0.000613753 -0.0167746 0.000806062 0.0350245 0.0106108 0.0669793 -0.0976874 -0.0190033 -0.0376895 -0.0519023 -0.113754 -0.162932 -0.240288
internal_weight=50044 876 49168 2249 46919 1740 1225 515 37636 9283 1331 1154 1100 229 853 509 9054 36305 2932 33373 1408 9033 703 462 2912 1179 927 223 167 108
internal_count=50044 876 49168 2249 46919 1740 1225 515 37636 9283 1331 1154 1100 229 853 509 9054 36305 2932 33373 1408 9033 703 462 2912 1179 927 223 167 108
is_linear=0
shrinkage=0.05


Tree=162
num_leaves=31
num_cat=0
split_feature=4 4 8 5 5 4 4 0 8 5 4 5 7 4 0 8 7 4 0 8 4 4 0 4 8 0 8 0 7 0
split_gain=499.028 523.609 499.845 485.983 713.633 624.949 362.076 336.606 369.609 409.509 678.563 472.672 337.499 335.028 317.068 316.138 366.42 329.269 285.674 379.967 318.102 485.187 338.078 295.257 273.464 509.448 289.526 282.848 261.2 420.039
threshold=20.500000000000004 1.5000000000000002 262.99375000000003 1.0000000180025095e-35 37.500000000000007 18.500000000000004 14.500000000000002 20.641250000000003 188.31000000000003 1.0000000180025095e-35 14.500000000000002 37.500000000000007 188.00125000000003 19.500000000000004 29.101250000000004 161.75500000000002 154.99000000000004 22.500000000000004 27.811250000000005 320.50750000000005 2.5000000000000004 19.500000000000004 26.666250000000002 19.500000000000004 242.25125000000003 25.903750000000006 287.74000000000007 25.506250000000005 290.00500000000005 29.901250000000001
decision_type=2 2 2 2 2 2 2 2 2 2 2 2 2 2 2 2 2 2 2 2 2 2 2 2 2 2 2 2 2 2
left_child=1 -1 7 18 6 -6 -5 -3 9 -9 -11 -12 -13 28 15 -2 17 -17 20 23 -4 22 -22 -20 27 26 -26 -18 -8 -30
right_child=14 2 3 4 5 -7 13 8 -10 10 11 12 -14 -15 -16 16 24 -19 19 -21 21 -23 -24 -25 25 -27 -28 -29 29 -31
leaf_value=-0.01434456847043063 -0.043446546947917407 0.013479946155766132 -0.015554401844614344 0.02494578607186473 0.067376370848829137 -0.00336535255654759 -0.013002418522184422 -0.026208185074711302 0.0038601257178042777 -0.010051152365826892 0.04701122066837176 0.021682540559462116 -0.070240308582096511 0.017362829502979984 -0.19028601574897766 -0.014003048054547163 -0.016421135603057024 0.09905797123934168 0.018004183962931047 0.11724217057875966 0.080638563635023267 0.022878597470352782 0.18586486000567676 -0.11995802402241335 0.013664448462337695 -0.015776521443577482 0.078893982072554103 -0.065305753939208538 -0.071815476811606105 0.10328133365995176
leaf_weight=4165 703 5495 89 718 810 508 830 2363 19719 5518 1013 240 171 514 25 114 1729 148 506 92 181 185 132 42 861 2106 212 357 461 37
leaf_count=4165 703 5495 89 718 810 508 830 2363 19719 5518 1013 240 171 514 25 114 1729 148 506 92 181 185 132 42 861 2106 212 357 461 37
internal_value=0.000632451 0.00251952 0.00429216 0.0188951 0.0102175 0.0401102 -0.00517264 0.00213254 -1.58248e-05 -0.00822967 -0.00210994 0.0286623 -0.0165627 -0.0169126 -0.0125782 -0.0118651 -0.00784816 0.0498635 0.0463212 0.0232159 0.0715127 0.0870729 0.125015 0.00743044 -0.01072 -0.00148938 0.0265523 -0.0247873 -0.0301789 -0.0588063
internal_weight=50044 43789 39624 5105 3878 1318 2560 34519 29024 9305 6942 1424 411 1842 6255 6230 5527 262 1227 640 587 498 313 548 5265 3179 1073 2086 1328 498
internal_count=50044 43789 39624 5105 3878 1318 2560 34519 29024 9305 6942 1424 411 1842 6255 6230 5527 262 1227 640 587 498 313 548 5265 3179 1073 2086 1328 498
is_linear=0
shrinkage=0.05


Tree=163
num_leaves=31
num_cat=0
split_feature=8 4 0 4 1 5 4 1 4 5 1 4 5 5 5 1 0 4 1 6 6 6 6 4 6 1 4 4 1 1
split_gain=457.117 591.31 1002.35 804.156 1214.01 1202.47 2022.62 901.628 3712.67 2885.67 847.768 1380.1 1930.65 1468.2 766.34 3467.11 1311.37 1087.07 892.497 850.615 750.56 667.647 646.479 628.92 602.957 544.127 2933.55 1183.97 2500.68 1688.48
threshold=320.50750000000005 18.500000000000004 27.811250000000005 16.500000000000004 9.5000000000000018 1.0000000180025095e-35 17.500000000000004 9.5000000000000018 15.500000000000002 1.0000000180025095e-35 8.5000000000000018 17.500000000000004 1.0000000180025095e-35 1.0000000180025095e-35 1.0000000180025095e-35 4.5000000000000009 23.291250000000002 17.500000000000004 7.5000000000000009 219.69250000000002 303.50250000000005 233.75750000000002 239.75125000000003 17.500000000000004 215.85375000000002 4.5000000000000009 17.500000000000004 17.500000000000004 7.5000000000000009 7.5000000000000009
decision_type=2 2 2 2 2 2 2 2 2 2 2 2 2 2 2 2 2 2 2 2 2 2 2 2 2 2 2 2 2 2
left_child=1 3 -3 7 10 6 -6 -1 -9 -10 14 12 -12 -13 15 23 -16 22 21 -18 -4 -19 -17 -5 -11 26 -21 28 -27 -29
right_child=-2 2 20 4 5 -7 -8 8 9 24 11 13 -14 -15 16 17 19 18 -20 25 -22 -23 -24 -25 -26 27 -28 29 -30 -31
leaf_value=-0.0034333939337242271 0.033132821115622567 -0.0066259984484934743 -0.02708219119743497 0.027971333973109726 0.24813527411128256 -0.074843000649628885 -0.089040906370136452 0.0080974025606170303 -0.070795189590320329 0.17389960281419015 -0.061129003297537565 0.22138003545199952 0.29635527245160465 -0.14986131252034715 -0.025337201160772777 -0.13416401555639554 0.12179451140645972 0.047990590817176319 0.15869953512524568 0.17092764144628378 -0.13136853742126917 -0.17799558877781196 -0.32309450209140778 0.15942516689664565 0.32773183114915988 -0.076215179868363195 -0.12314700469882651 0.16634642255206133 0.19606085389406763 -0.035755269648176984
leaf_weight=29372 1057 8804 442 180 87 519 91 5679 88 113 52 41 138 76 546 122 460 51 45 138 283 91 72 184 146 302 220 387 117 141
leaf_count=29372 1057 8804 442 180 87 519 91 5679 88 113 52 41 138 76 546 122 460 51 45 138 283 91 72 184 146 302 220 387 117 141
internal_value=0.000600829 -0.000101119 -0.0112796 0.00259844 0.023675 -0.0363823 0.0757587 0.000181056 0.0177987 0.176569 0.0361222 0.115327 0.198517 -0.0197682 0.0281654 -0.0159333 0.0423815 -0.121363 -0.0353401 0.0633302 -0.0677898 -0.0968315 -0.204283 0.0944205 0.260616 0.0427221 -0.00978862 0.0625731 -0.000185834 0.112376
internal_weight=50044 48987 9529 39458 4060 697 178 35398 6026 347 3363 307 190 117 3056 745 2311 381 187 1765 725 142 194 364 259 1305 358 947 419 528
internal_count=50044 48987 9529 39458 4060 697 178 35398 6026 347 3363 307 190 117 3056 745 2311 381 187 1765 725 142 194 364 259 1305 358 947 419 528
is_linear=0
shrinkage=0.05


Tree=164
num_leaves=31
num_cat=0
split_feature=8 6 0 8 0 7 7 8 6 7 8 7 6 6 0 8 7 6 0 5 7 8 7 0 7 0 7 6 8 6
split_gain=423.912 566.023 1094.86 618.17 536.637 504.164 472.439 417.183 697.603 643.162 468.566 462.164 402.972 399.797 403.231 381.021 373.919 371.801 368.144 313.49 300.002 292.071 431.067 288.31 287.157 1150.19 454.533 358.474 279.988 275.268
threshold=296.50250000000005 279.24500000000006 24.631250000000005 246.75125000000003 26.221250000000001 190.00125000000003 187.37875000000003 152.45750000000001 165.52500000000003 151.25375000000003 179.80250000000004 288.67250000000007 145.31500000000003 297.00375000000003 26.291250000000002 169.25625000000002 306.35125000000011 222.53375000000003 30.453750000000003 1.0000000180025095e-35 280.75250000000005 200.07625000000002 252.48250000000004 29.323750000000008 294.50125000000008 29.211250000000003 245.00250000000003 326.76375000000002 323.40875000000005 189.00125000000003
decision_type=2 2 2 2 2 2 2 2 2 2 2 2 2 2 2 2 2 2 2 2 2 2 2 2 2 2 2 2 2 2
left_child=1 7 -3 5 -5 -4 -6 11 9 12 -10 17 -9 -2 -15 -14 21 19 20 -1 -16 22 -7 -19 26 -26 -8 -28 -22 -12
right_child=13 2 3 4 6 16 24 8 10 -11 29 -13 15 14 18 -17 -18 23 -20 -21 28 -23 -24 -25 25 -27 27 -29 -30 -31
leaf_value=-0.028980718555808839 0.039946762721733621 0.1019048552699609 0.03783177627272994 0.01516931189887458 0.14773847644819935 -0.39129237802255723 -0.069822216270834472 0.10246222227958753 -0.015622221316353855 0.011294632850252747 0.015444618310060852 0.17848962259013207 0.010790826878428951 0.069388963766829223 0.019290749394263566 0.097090343506583437 0.019146657916867444 -0.036143260876421876 0.1354036865082193 -0.0029386514752545462 -0.042637744585061733 -0.091193105617934464 -0.1312042923136191 -0.15204366191060514 -0.056758422860228974 -0.43743582623345517 0.010814058961344235 -0.14791729520810279 0.007102793392427649 0.00066428544889725858
leaf_weight=1548 1261 168 83 798 34 21 372 328 4066 3443 3599 32 468 215 712 176 62 177 47 4559 679 336 66 77 360 21 556 38 485 25257
leaf_count=1548 1261 168 83 798 34 21 372 328 4066 3443 3599 32 468 215 712 176 62 177 47 4559 679 336 66 77 360 21 556 38 485 25257
internal_value=0.000570787 -0.000671451 -0.0220046 -0.0295826 -0.0174727 -0.0760394 -0.0363347 0.000750597 0.00277141 0.0214344 0.000268607 -0.0110515 0.0573515 0.0176182 0.00444876 0.0343758 -0.0955266 -0.0120051 -0.00281185 -0.00953978 -0.00627461 -0.112335 -0.193984 -0.0712784 -0.0409809 -0.0777406 -0.0264825 0.000659528 -0.0219125 0.00250773
internal_weight=50044 46645 2915 2747 2179 568 1381 43730 37337 4415 32922 6393 972 3399 2138 644 485 6361 1923 6107 1876 423 87 254 1347 381 966 594 1164 28856
internal_count=50044 46645 2915 2747 2179 568 1381 43730 37337 4415 32922 6393 972 3399 2138 644 485 6361 1923 6107 1876 423 87 254 1347 381 966 594 1164 28856
is_linear=0
shrinkage=0.05


Tree=165
num_leaves=31
num_cat=0
split_feature=8 6 0 8 7 7 1 8 0 7 0 6 0 1 0 6 8 6 7 8 8 7 7 8 6 6 8 8 7 0
split_gain=387.593 412.409 786.457 652.565 531.322 603.727 523.751 508.891 493.488 419.054 427.405 395.072 426.541 390.129 372.518 319.861 447.021 486.704 438.507 379.818 346.673 354.739 372.845 393.448 659.358 457.777 581.453 356.066 324.783 317.361
threshold=314.00375000000008 278.17875000000009 24.631250000000005 233.75750000000002 189.35500000000005 243.94750000000002 5.5000000000000009 270.50125000000008 28.411250000000006 180.75750000000002 26.221250000000001 303.50250000000005 26.976250000000004 5.5000000000000009 26.696250000000003 252.01000000000002 220.17500000000004 207.00125000000003 198.29000000000002 132.64125000000004 203.00250000000003 302.51500000000004 189.35500000000005 169.25625000000002 186.33750000000003 147.00250000000003 134.14500000000001 145.50125000000003 153.16250000000002 27.236250000000002
decision_type=2 2 2 2 2 2 2 2 2 2 2 2 2 2 2 2 2 2 2 2 2 2 2 2 2 2 2 2 2 2
left_child=1 7 -3 4 -4 6 -6 15 14 29 13 -2 -13 -11 -7 16 17 20 -19 -17 21 22 23 25 -25 27 -27 28 -1 -5
right_child=11 2 3 9 5 8 -8 -9 -10 10 -12 12 -14 -15 -16 19 -18 18 -20 -21 -22 -23 -24 24 -26 26 -28 -29 -30 -31
leaf_value=0.0053106414287886206 0.063403945107749868 0.089951187304275884 0.04425380794277442 0.0034850843250751498 -0.36649693745055373 -0.040804084903803196 -0.12659059676413353 0.021302615573092234 0.11590668929345681 0.084086284385092802 -0.026298951150244582 0.075814376918909465 -0.0061571337931020991 -0.001522630308104004 -0.18820134256201893 -0.19833809249103071 0.008764936831795838 -0.041430029833081514 -0.0085843864191503319 -0.013501637542699459 0.017883764414780057 0.17915118678852365 -0.01400755572992635 0.027122667671528496 -0.01499702371566068 -0.069793088788967617 -0.0093219386353922337 0.033096272404109998 -0.04259813266081814 0.21065174939317838
leaf_weight=2895 455 170 69 38 35 119 65 2719 33 155 2772 192 915 941 67 28 11149 1300 4654 3765 2512 27 4882 3067 1333 443 3872 1033 403 36
leaf_count=2895 455 170 69 38 35 119 65 2719 33 155 2772 192 915 941 67 28 11149 1300 4654 3765 2512 27 4882 3067 1333 443 3872 1033 403 36
internal_value=-0.000334362 -0.00112259 -0.0155411 -0.0196829 -0.0815529 -0.108765 -0.210558 0.00034929 -0.0622843 -0.0135932 -0.015848 0.0241814 0.00806015 0.0105845 -0.0938988 -0.00102808 0.000368984 -0.0031739 -0.0157559 -0.0148661 0.000486306 -0.00194769 -0.00222043 0.00219048 0.0143623 -0.00400384 -0.0155302 0.00747996 -0.000543584 0.104269
internal_weight=50144 48582 4500 4330 388 319 100 44082 219 3942 3868 1562 1107 1096 186 41363 37570 26421 5954 3793 20467 17955 17928 13046 4400 8646 4315 4331 3298 74
internal_count=50144 48582 4500 4330 388 319 100 44082 219 3942 3868 1562 1107 1096 186 41363 37570 26421 5954 3793 20467 17955 17928 13046 4400 8646 4315 4331 3298 74
is_linear=0
shrinkage=0.05


Tree=166
num_leaves=31
num_cat=0
split_feature=8 6 0 8 8 6 0 5 0 1 8 8 6 5 5 6 8 0 0 8 0 0 6 8 6 6 8 5 1 6
split_gain=349.803 381.692 979.387 672.638 499.372 356.552 384.953 333.907 362.567 310.255 279.977 260.724 596.059 240.616 238.956 411.622 290.915 237.107 228.398 410.089 225.219 234.436 246.092 221.691 425.614 310.674 430.366 258.993 249.335 220.357
threshold=314.00375000000008 260.5437500000001 24.631250000000005 233.75750000000002 262.99375000000003 303.50250000000005 26.976250000000004 1.0000000180025095e-35 25.811250000000005 6.5000000000000009 168.50125000000003 127.92875000000002 134.00250000000003 1.0000000180025095e-35 1.0000000180025095e-35 212.74750000000003 91.300000000000011 30.261250000000004 26.726250000000004 195.75500000000002 26.291250000000002 28.041250000000002 288.2675000000001 220.17500000000004 229.01000000000002 176.47750000000005 163.26500000000001 1.0000000180025095e-35 10.500000000000002 343.70000000000005
decision_type=2 2 2 2 2 2 2 2 2 2 2 2 2 2 2 2 2 2 2 2 2 2 2 2 2 2 2 2 2 2
left_child=1 4 -3 7 11 -2 -7 10 -9 20 -4 14 18 -6 15 16 -1 29 19 -13 -10 22 -22 25 28 26 27 -14 -25 -8
right_child=5 2 3 -5 13 6 17 8 9 -11 -12 12 23 -15 -16 -17 -18 -19 -20 -21 21 -23 -24 24 -26 -27 -28 -29 -30 -31
leaf_value=-0.16984389086027404 0.060233748058205132 0.073645320296590364 -0.28245983734017327 -0.0093906344721775229 0.052931859642146729 0.072023658545610186 -0.018704773541190663 -0.11012035361153708 0.048673406935163907 0.019337626831506881 -0.090637958793391454 0.035044645053865446 -0.028792154160630048 0.014588982898883685 -0.0073539896705097519 -0.2243718163172404 -0.024813384470414323 0.13006873260582649 0.0017166577359451038 0.1584574347258442 -0.22681775313048136 -0.031667068812662992 -0.06670974192342588 0.016736832945559582 -0.0045202805710109163 -0.0081627544542523193 0.015209541692151244 -0.00028761226480022284 -0.034814814283602814 0.066423804175463466
leaf_weight=37 455 326 21 6599 541 192 800 138 42 263 202 1034 1051 1679 1804 30 528 31 478 72 42 123 56 5500 5977 14258 4240 3296 245 84
leaf_count=37 455 326 21 6599 541 192 800 138 42 263 202 1034 1051 1679 1804 30 528 31 478 72 42 123 56 5500 5977 14258 4240 3296 245 84
internal_value=-0.000317644 -0.00106646 -0.0111911 -0.0148855 0.000873531 0.0229723 0.00765714 -0.0557657 -0.0379875 -0.0190629 -0.108702 -0.000454401 0.000604859 0.0239329 -0.0164166 -0.0438939 -0.034311 -0.00584928 0.030597 0.0430788 -0.0574633 -0.0776341 -0.135327 -0.000769502 0.00482044 -0.00363776 0.00387562 -0.00717932 0.0145384 -0.0106156
internal_weight=50144 48582 7812 7486 40770 1562 1107 887 664 526 223 38550 36151 2220 2399 595 565 915 1584 1106 263 221 98 34567 11722 22845 8587 4347 5745 884
internal_count=50144 48582 7812 7486 40770 1562 1107 887 664 526 223 38550 36151 2220 2399 595 565 915 1584 1106 263 221 98 34567 11722 22845 8587 4347 5745 884
is_linear=0
shrinkage=0.05


Tree=167
num_leaves=31
num_cat=0
split_feature=4 4 4 8 8 4 8 4 4 1 1 4 7 4 1 8 7 6 8 4 1 7 8 1 0 1 0 8 6 8
split_gain=427.12 560.502 958.507 695.587 650.077 642.982 988.414 585.193 596.094 1321.03 1048.07 2431.23 794.022 777.245 756.723 749.549 704.456 725.966 999.952 688.11 555.238 535.41 475.423 464.888 463.118 440.98 424.595 533.714 695.021 423.325
threshold=1.5000000000000002 8.5000000000000018 10.500000000000002 290.55875000000009 278.76250000000005 5.5000000000000009 91.300000000000011 18.500000000000004 16.500000000000004 9.5000000000000018 9.5000000000000018 15.500000000000002 249.00250000000003 13.500000000000002 4.5000000000000009 247.28125000000003 257.88250000000005 215.85375000000002 259.31625000000003 14.500000000000002 8.5000000000000018 275.05375000000009 214.34500000000003 5.5000000000000009 27.011250000000008 2.5000000000000004 24.881250000000005 243.00375000000003 279.24500000000006 91.300000000000011
decision_type=2 2 2 2 2 2 2 2 2 2 2 2 2 2 2 2 2 2 2 2 2 2 2 2 2 2 2 2 2 2
left_child=-1 3 4 5 25 26 -7 8 10 16 13 -12 -13 24 -15 21 17 18 -10 -16 -19 -14 -18 -8 -4 -3 29 28 -28 -2
right_child=1 2 7 -5 -6 6 23 -9 9 -11 11 12 15 14 19 -17 22 20 -20 -21 -22 -23 -24 -25 -26 -27 27 -29 -30 -31
leaf_value=-0.015634083693311731 0.15972117107847464 -0.058756339818846426 -0.025719617476146778 0.11628315503026049 -0.2741648658107107 -0.22754688259214162 0.036856016123618683 -0.0085661396167282765 0.048548605010637187 -0.038672076114651205 0.0090282705411191249 0.11288970767765455 0.31617578661276236 0.0025596194299927545 -0.0015703586063095067 0.55753021121025081 -0.019866899249609563 -0.0063124815987364432 0.36344718371446316 -0.053006744633371732 0.12156640497967602 -0.0064810323715209965 0.083098325613114657 0.0093098437467141089 0.014727453802353623 -0.015900319511586176 -0.024616346428033384 0.012693988883517471 -0.24305246498536423 0.007293975441302396
leaf_weight=4165 46 727 845 150 26 40 2803 10396 830 722 1803 285 36 2259 973 20 128 1493 26 1960 90 20 903 3377 4356 3443 2306 1222 37 4657
leaf_count=4165 46 727 845 150 26 40 2803 10396 830 722 1803 285 36 2259 973 20 128 1493 26 1960 90 20 903 3377 4356 3443 2306 1222 37 4657
internal_value=-0.000301762 0.00108711 -0.00268568 0.00916494 -0.0249259 0.0080559 0.0202001 0.000752145 0.00653595 0.0228614 0.00108589 0.0327425 0.151182 -0.00550556 -0.0191909 0.29478 0.0356646 0.0210174 0.0581133 -0.0359431 0.000957954 0.200941 0.0703151 0.0218037 0.00815607 -0.0233719 -0.00108018 -0.0140943 -0.0280658 0.00878486
internal_weight=50144 45979 31341 14638 4196 14488 6220 27145 16749 4192 12557 2164 361 10393 5192 76 3470 2439 856 2933 1583 56 1031 6180 5201 4170 8268 3565 2343 4703
internal_count=50144 45979 31341 14638 4196 14488 6220 27145 16749 4192 12557 2164 361 10393 5192 76 3470 2439 856 2933 1583 56 1031 6180 5201 4170 8268 3565 2343 4703
is_linear=0
shrinkage=0.05


Tree=168
num_leaves=31
num_cat=0
split_feature=4 4 4 8 6 4 8 8 4 4 1 1 4 4 1 4 0 8 0 6 6 0 1 0 1 4 8 0 1 4
split_gain=385.476 505.853 865.053 632.178 816.737 613.38 892.461 586.694 528.137 537.975 1192.23 945.887 2194.18 701.464 682.943 621.019 574.081 491.134 761.633 557.889 431.879 417.964 414.055 410.072 388.365 1518.38 687.484 666.432 749.291 615.425
threshold=1.5000000000000002 8.5000000000000018 10.500000000000002 282.49125000000009 294.00250000000005 5.5000000000000009 91.300000000000011 278.76250000000005 18.500000000000004 16.500000000000004 9.5000000000000018 9.5000000000000018 15.500000000000002 13.500000000000002 4.5000000000000009 14.500000000000002 20.641250000000003 209.96500000000003 28.931250000000002 222.53375000000003 142.12500000000003 27.011250000000008 5.5000000000000009 26.536249999999999 8.5000000000000018 17.500000000000004 318.53125000000006 29.666250000000002 4.5000000000000009 17.500000000000004
decision_type=2 2 2 2 2 2 2 2 2 2 2 2 2 2 2 2 2 2 2 2 2 2 2 2 2 2 2 2 2 2
left_child=-1 3 7 5 -5 20 -7 23 9 11 16 13 -13 21 -15 -16 -11 -14 19 -19 -2 -4 -8 -3 26 -26 27 -18 -29 -30
right_child=1 2 8 4 -6 6 22 -9 -10 10 -12 12 17 14 15 -17 24 18 -20 -21 -22 -23 -24 -25 25 -27 -28 28 29 -31
leaf_value=-0.014852379426263841 0.017012866969341133 -0.050230428141856125 -0.02443363676154876 0.059502865283827935 0.37349689424280891 -0.2161695338226855 0.034980122234206129 -0.26045662969207534 -0.0081378326279707026 -0.019487328817882704 -0.036738471773016826 0.0085768569015430476 0.093035257797579748 0.0024316384510106016 -0.0014918412263818634 -0.050356407372170481 0.044012130910500852 0.063047310509360757 -0.0022515535128839088 0.32414419605241473 -0.0086698300100474298 0.013991081326255012 0.0089637050125644293 -0.013431543033798116 0.1861888893120564 -0.014052393772821551 0.32690272348001603 0.067983262464404101 -0.11344275120905666 0.048269101683004405
leaf_weight=4165 2260 994 845 208 23 40 2800 26 10396 440 722 1803 206 2259 973 1960 2185 26 33 96 5937 4356 3370 3176 195 184 20 150 215 81
leaf_count=4165 2260 994 845 208 23 40 2800 26 10396 440 722 1803 206 2259 973 1960 2185 26 33 96 5937 4356 3370 3176 195 184 20 150 215 81
internal_value=-0.000286674 0.00103276 -0.0025514 0.00870669 0.0907663 0.00739096 0.019244 -0.0236796 0.000714538 0.00620915 0.0217183 0.0010316 0.0311054 -0.00523028 -0.0182313 -0.034146 0.0338814 0.143623 0.210857 0.268501 -0.00158884 0.00774827 0.0207702 -0.0222033 0.0416313 0.0889741 0.0348629 0.0326429 -0.0230558 -0.0691905
internal_weight=50144 45979 31341 14638 231 14407 6210 4196 27145 16749 4192 12557 2164 10393 5192 2933 3470 361 155 122 8197 5201 6170 4170 3030 379 2651 2631 446 296
internal_count=50144 45979 31341 14638 231 14407 6210 4196 27145 16749 4192 12557 2164 10393 5192 2933 3470 361 155 122 8197 5201 6170 4170 3030 379 2651 2631 446 296
is_linear=0
shrinkage=0.05


Tree=169
num_leaves=31
num_cat=0
split_feature=8 0 0 8 8 7 7 8 8 0 1 5 0 8 0 7 0 1 1 0 7 7 8 7 8 7 1 8 0 7
split_gain=317.275 288.39 289.152 260.378 236.518 352.491 350.632 354.909 270.94 252.38 298.561 221.778 293.079 396.208 256.482 210.879 345.344 220.377 207.553 239.654 328.496 336.041 204.061 306.029 228.407 201.745 198.25 226.067 234.726 352.548
threshold=312.00250000000005 27.011250000000008 30.651250000000005 335.58625000000006 127.92875000000002 286.00750000000005 189.35500000000005 211.00250000000003 270.50125000000008 29.323750000000008 4.5000000000000009 1.0000000180025095e-35 18.913750000000004 106.59625000000001 26.568750000000005 274.11500000000007 29.666250000000002 4.5000000000000009 8.5000000000000018 28.461250000000003 336.03375000000005 318.05000000000007 343.17750000000007 299.00500000000005 316.26375000000007 259.48750000000007 10.500000000000002 246.00125000000003 24.508750000000003 240.25625000000002
decision_type=2 2 2 2 2 2 2 2 2 2 2 2 2 2 2 2 2 2 2 2 2 2 2 2 2 2 2 2 2 2
left_child=4 3 18 -2 5 11 8 9 -6 -8 25 12 -1 14 -14 16 26 -17 19 -3 21 22 24 -24 -21 -11 -9 28 -28 -30
right_child=1 2 -4 -5 6 -7 7 15 -10 10 -12 -13 13 -15 -16 17 -18 -19 -20 20 -22 -23 23 -25 -26 -27 27 -29 29 -31
leaf_value=-0.016328567870211506 0.046462613246724377 0.00056360707083142995 0.13107478588502458 0.20699195486527905 0.0051604495421465977 0.18770450735021205 -0.0075232220908026089 0.0091561825739625794 0.054642940877362135 0.0096549327097212277 -0.043123007426460622 -0.0093298064404638177 -0.26665519857335662 -0.048137281104349172 -0.055912552767602555 0.028080923372023815 -0.007706686575090391 -0.012085857829345965 -0.025811069357649305 -0.031061748843640092 -0.13407472124589342 0.2584776902740652 -0.18075817156405677 0.089175063832884746 0.10277577145588673 -0.12176214148921352 -0.027676936743765253 -0.18215916531071777 -0.0073182771836097053 0.23076211622227794
leaf_weight=361 392 619 47 27 14545 21 7676 11105 282 504 1158 1808 42 169 22 370 5299 4431 387 40 21 22 21 21 157 31 474 21 48 23
leaf_count=361 392 619 47 27 14545 21 7676 11105 282 504 1158 1808 42 169 22 370 5299 4431 387 40 21 22 21 21 157 31 474 21 48 23
internal_value=-0.00027234 0.0206178 0.00925957 0.056807 -0.00102955 -0.016255 -0.000226988 -0.00324027 0.00610157 -0.0113772 -0.0288511 -0.0180382 -0.0445445 -0.0882609 -0.194212 0.000261413 0.00287883 -0.00899031 0.00481445 0.0179688 0.0561738 0.0714812 0.0542681 -0.0457916 0.0756006 0.00204011 0.00768498 -0.0211801 -0.0149773 0.0698064
internal_weight=50144 1754 1335 419 48390 2423 45967 31140 14827 9369 1693 2402 594 233 64 21771 16970 4801 1288 901 282 261 239 42 197 535 11671 566 545 71
internal_count=50144 1754 1335 419 48390 2423 45967 31140 14827 9369 1693 2402 594 233 64 21771 16970 4801 1288 901 282 261 239 42 197 535 11671 566 545 71
is_linear=0
shrinkage=0.05


Tree=170
num_leaves=31
num_cat=0
split_feature=0 6 7 7 0 0 7 7 6 6 7 3 1 0 5 0 7 1 6 7 6 0 7 0 7 1 6 0 0 6
split_gain=167.436 173.334 484.718 245.119 716.384 238.478 358.219 183.09 280.789 195.135 431.264 243.867 208.575 809.418 172.072 164.153 146.794 140.81 148.068 146.62 138.465 832.435 409.583 297.412 270.325 223.579 219.184 197.559 232.605 157.101
threshold=35.927500000000002 165.52500000000003 302.51500000000004 207.58875000000003 30.453750000000003 28.361250000000002 267.02250000000009 154.00125000000003 271.00250000000005 185.00125000000003 106.59625000000001 1.0000000180025095e-35 4.5000000000000009 24.446250000000003 1.0000000180025095e-35 27.991250000000004 180.75750000000002 5.5000000000000009 132.44500000000002 223.00250000000003 263.00375000000003 24.631250000000005 191.49500000000003 27.728750000000005 235.00375000000003 7.5000000000000009 307.08500000000004 27.198750000000008 26.726250000000004 277.04750000000007
decision_type=2 2 2 2 2 2 2 2 2 2 2 2 2 2 2 2 2 2 2 2 2 2 2 2 2 2 2 2 2 2
left_child=1 2 3 14 5 6 -5 8 9 10 -3 -11 15 -14 -1 -13 -2 19 -19 -7 -9 26 23 -23 27 -25 -22 28 29 -24
right_child=16 7 -4 4 -6 17 -8 20 -10 11 -12 12 13 -15 -16 -17 -18 18 -20 -21 21 22 24 25 -26 -27 -28 -29 -30 -31
leaf_value=-0.0037230163447070615 0.1140580512960602 0.17924335265415722 0.25207962095737457 -0.025602365674009447 -0.10103712259973513 -0.028603831997939519 0.12132479008701114 0.0010348133032504817 0.086099281281765028 -0.019906622158997335 -0.0092320137558400597 0.051623115038706202 -0.36108661862435165 -0.06191440175769837 0.012544652924167685 -0.073003725177841261 0.017179182129787782 0.11785862545172375 -0.012252343859847473 0.11946670872375097 0.053248419930250979 -0.0023571191899291132 0.0046852180170805354 0.13845640332158657 -0.0071260990048205158 0.025918649849069272 0.15703604551462028 -0.046893211362168168 0.047410573034460168 -0.053318178361584437
leaf_weight=2176 58 32 20 531 205 21 45 29918 63 717 589 45 27 139 6426 64 120 27 115 82 234 179 219 100 6524 79 65 832 139 250
leaf_count=2176 58 32 20 531 205 21 45 29918 63 717 589 45 27 139 6426 64 120 27 115 82 234 179 219 100 6524 79 65 832 139 250
internal_value=0.000339198 0.000166394 0.00618503 0.00567424 -0.017426 0.00345129 -0.0141237 -0.00127754 -0.0174554 -0.0215 0.000480082 -0.0352598 -0.0752896 -0.110575 0.00842951 -0.0215523 0.0487465 0.0447704 0.0124871 0.0892776 -0.000573988 -0.00615711 -0.00910213 0.0432159 -0.0114539 0.0887889 0.0758109 -0.0310615 -0.00939706 -0.0262334
internal_weight=50041 49863 9648 9628 1026 821 576 40215 1676 1613 621 992 275 166 8602 109 178 245 142 103 38539 8621 8322 358 7964 179 299 1440 608 469
internal_count=50041 49863 9648 9628 1026 821 576 40215 1676 1613 621 992 275 166 8602 109 178 245 142 103 38539 8621 8322 358 7964 179 299 1440 608 469
is_linear=0
shrinkage=0.05


Tree=171
num_leaves=31
num_cat=0
split_feature=4 4 4 6 8 3 0 5 5 8 8 0 8 0 4 8 8 0 6 8 6 6 8 4 0 6 8 6 0 4
split_gain=367.122 420.587 576.348 639.914 555.698 522.176 875.154 734.979 485.048 734.164 695.643 466.644 436.986 430.328 410.81 407.143 406.191 388.378 742.272 684.625 592.081 448.44 610.356 350.318 1042.07 440.373 422.297 513.888 311.103 309.644
threshold=1.5000000000000002 18.500000000000004 16.500000000000004 201.87750000000003 259.31625000000003 1.0000000180025095e-35 26.601250000000004 1.0000000180025095e-35 1.0000000180025095e-35 293.59125000000006 271.50250000000005 20.641250000000003 155.99500000000003 28.931250000000002 17.500000000000004 225.50500000000002 148.42750000000004 26.221250000000001 281.88750000000005 296.50250000000005 255.14250000000001 303.50250000000005 335.58625000000006 14.500000000000002 28.411250000000006 222.53375000000003 281.36000000000007 297.00375000000003 28.361250000000002 17.500000000000004
decision_type=2 2 2 2 2 2 2 2 2 2 2 2 2 2 2 2 2 2 2 2 2 2 2 2 2 2 2 2 2 2
left_child=-1 2 11 4 -4 -5 7 -7 10 13 14 12 -2 -10 -8 -13 -3 18 -18 20 28 22 -21 26 25 -25 -17 -28 -19 -9
right_child=1 16 3 5 -6 6 8 29 9 -11 -12 15 -14 -15 -16 23 17 19 -20 21 -22 -23 -24 24 -26 -27 27 -29 -30 -31
leaf_value=-0.013848511992632437 0.0063829990475672204 -0.062676267957431267 0.062431285119206009 0.0017496227063905159 0.32483817189931874 0.12048044067689744 -0.14337766498560087 0.013582185210293122 0.17296802135974906 -0.035875902964900702 0.22590819112956526 -0.0050365036313048481 0.041298859202429386 0.068575242241821821 0.041647216690083345 0.0092363210093160432 -0.004478500863810614 0.010755816307514474 0.046208592387652882 0.020799915027270691 -0.063100653920272309 -0.017218174026123263 0.25029216460883619 -0.032603943189148048 -0.032189129966463691 0.12375733647603802 0.047376291882004831 0.28584415499741833 -0.091396146158005523 -0.079926652261752329
leaf_weight=4188 2795 320 514 2543 21 87 60 151 248 78 28 17510 1319 164 60 7729 5270 559 837 846 1110 1359 30 61 1273 172 385 24 86 214
leaf_count=4188 2795 320 514 2543 21 87 60 151 248 78 28 17510 1319 164 60 7729 5270 559 837 846 1110 1359 30 61 1273 172 385 24 86 214
internal_value=0.000322238 0.00161653 0.00421288 0.0216782 0.0727314 0.01416 0.0431138 -0.0101141 0.080824 0.104784 0.00149731 0.00188476 0.0175775 0.131414 -0.0508652 -0.000492777 -0.00721559 -0.0054579 0.00246846 -0.0175898 -0.0409626 0.000763309 0.0286592 0.00775698 -0.0143953 0.0828216 0.0118564 0.0613695 -0.00286445 -0.0412422
internal_weight=50041 45853 35436 4168 535 3633 1090 452 638 490 148 31268 4114 412 120 27154 10417 10097 6107 3990 1755 2235 876 9644 1506 233 8138 409 645 365
internal_count=50041 45853 35436 4168 535 3633 1090 452 638 490 148 31268 4114 412 120 27154 10417 10097 6107 3990 1755 2235 876 9644 1506 233 8138 409 645 365
is_linear=0
shrinkage=0.05


Tree=172
num_leaves=31
num_cat=0
split_feature=4 4 8 5 5 4 4 8 4 4 7 1 4 8 7 0 4 4 8 0 8 0 0 0 8 8 4 5 1 1
split_gain=331.328 391.556 314.95 633.175 622.355 519.507 394.736 509.278 355.597 367.311 315.042 353.92 370.214 313.415 307.46 323.387 293.208 329.126 288.848 400.496 440.729 268.116 262.164 261.919 249.449 244.136 326.006 672.342 506.95 594.769
threshold=1.5000000000000002 20.500000000000004 264.75125000000008 1.0000000180025095e-35 37.500000000000007 18.500000000000004 19.500000000000004 305.02000000000004 8.5000000000000018 10.500000000000002 291.52500000000003 8.5000000000000018 18.500000000000004 143.50250000000003 151.25375000000003 27.236250000000002 14.500000000000002 19.500000000000004 176.47750000000005 25.961250000000003 285.00500000000005 27.643750000000004 29.438750000000002 20.641250000000003 296.50250000000005 199.50125000000003 14.500000000000002 1.0000000180025095e-35 8.5000000000000018 4.5000000000000009
decision_type=2 2 2 2 2 2 2 2 2 2 2 2 2 2 2 2 2 2 2 2 2 2 2 2 2 2 2 2 2 2
left_child=-1 2 23 6 8 -6 7 10 -5 -10 -4 22 -13 -3 15 -15 -11 -18 -16 20 -20 -9 -12 -2 -21 26 -25 -28 29 -29
right_child=1 13 3 4 5 -7 -8 21 9 16 11 12 -14 14 18 -17 17 -19 19 24 -22 -23 -24 25 -26 -27 27 28 -30 -31
leaf_value=-0.013156086252523347 0.011742771437858282 -0.070537281897175466 0.029372831390801976 0.040099195037619217 0.059022814904469569 -0.0067278116353685054 -0.0073364722293263185 0.028165793064981699 -0.1315939650288783 0.03711983579771215 0.22347811655790517 0.12443056652943295 -0.14560821472921157 0.024234933981338205 -0.041213094467207029 0.23058248214423657 -0.034308510022518994 0.01350486267234258 -0.00041908368499990234 -0.038678885065316318 0.066399817459454599 0.17633211851524291 0.01683610918931663 -0.009928873988929594 -0.005988674590926773 0.0036489222958507443 -0.03122969054422798 0.035834016723366169 0.085091887940775213 -0.030588650660986601
leaf_weight=4188 5487 207 600 310 774 491 256 40 68 251 66 30 22 375 692 20 1259 504 2405 1136 275 129 20 9440 1200 17240 708 1047 304 497
leaf_count=4188 5487 207 600 310 774 491 256 40 68 251 66 30 22 375 692 20 1259 504 2405 1136 275 129 20 9440 1200 17240 708 1047 304 497
internal_value=0.000306126 0.0015357 0.00338141 0.0153582 0.00513858 0.0335022 0.0474934 0.0629691 -0.00986142 -0.0173003 0.04504 0.113158 0.0101834 -0.0100308 -0.00797858 0.0346829 -0.0134414 -0.0206398 -0.0109308 -0.0067531 0.00643733 0.141263 0.175422 0.00171887 -0.021886 -0.000162409 -0.00563985 0.0102007 0.0260734 0.0144531
internal_weight=50041 45853 39543 4820 3657 1265 1163 907 2392 2082 738 138 52 6310 6103 395 2014 1763 5708 5016 2680 169 86 34723 2336 29236 11996 2556 1848 1544
internal_count=50041 45853 39543 4820 3657 1265 1163 907 2392 2082 738 138 52 6310 6103 395 2014 1763 5708 5016 2680 169 86 34723 2336 29236 11996 2556 1848 1544
is_linear=0
shrinkage=0.05


Tree=173
num_leaves=31
num_cat=0
split_feature=4 4 4 1 5 4 1 4 5 6 8 3 4 1 4 8 8 4 5 6 8 1 8 5 1 8 1 4 8 8
split_gain=299.023 355.959 508.808 1000.55 742.031 1739.29 629.337 2602.98 2424.16 537.658 568.357 536.682 481.3 504.889 539.414 478.41 436.809 378.874 368.823 433.914 515.984 355.733 386.25 468.357 608.878 427.862 441.402 425.011 368.685 336.003
threshold=1.5000000000000002 18.500000000000004 16.500000000000004 10.500000000000002 1.0000000180025095e-35 17.500000000000004 9.5000000000000018 15.500000000000002 1.0000000180025095e-35 215.85375000000002 246.75125000000003 1.0000000180025095e-35 13.500000000000002 4.5000000000000009 14.500000000000002 215.97375000000002 240.68125000000001 14.500000000000002 1.0000000180025095e-35 201.87750000000003 203.00250000000003 5.5000000000000009 293.59125000000006 1.0000000180025095e-35 7.5000000000000009 239.34750000000003 6.5000000000000009 17.500000000000004 193.00125000000003 148.42750000000004
decision_type=2 2 2 2 2 2 2 2 2 2 2 2 2 2 2 2 2 2 2 2 2 2 2 2 2 2 2 2 2 2
left_child=-1 2 6 9 5 -5 12 -8 -9 10 -4 -11 16 17 -15 -10 -2 -14 -19 20 -20 28 23 24 -23 26 -25 -26 -13 -3
right_child=1 29 3 4 -6 -7 7 8 15 11 -12 21 13 14 -16 -17 -18 18 19 -21 -22 22 -24 25 27 -27 -28 -29 -30 -31
leaf_value=-0.012498282067981224 -0.0017766340525441162 -0.05710825239242695 0.050106575510298117 0.29408892213620924 -0.095886193089270363 -0.14112474231806119 0.0081161695690133862 -0.079883127384358849 0.16433153472418061 0.002504615360842107 0.20434346409747378 -0.13123081553727389 -0.026555150398931839 0.0015713004308831125 -0.043950219440217743 0.30078028501721765 0.016373714870956593 -0.024702245026158219 0.037944651131457209 -0.031234564281336658 0.20174018429482687 -0.14113899095072632 -0.012459465553413849 0.049279013270091626 -0.0066790131231149038 0.08540726821511764 0.2727250946685672 0.26985256833334764 0.029638242375105619 -0.0050677038469309358
leaf_weight=4188 16615 320 895 44 291 48 4990 86 141 1953 64 40 742 974 1961 118 4141 390 840 219 51 42 98 31 33 203 77 24 325 10097
leaf_count=4188 16615 320 895 44 291 48 4990 86 141 1953 64 40 742 974 1961 118 4141 390 840 219 51 42 98 31 33 203 77 24 325 10097
internal_value=0.00029082 0.00145892 0.00384747 0.0202575 -0.0567545 0.0670209 0.00166002 0.0172994 0.150124 0.0280503 0.0603998 0.0170726 -0.00155736 -0.0151964 -0.0288436 0.226497 0.00184452 0.00266909 0.0171253 0.0318215 0.0473202 0.0496627 0.0767172 0.0980326 0.00331532 0.128184 0.208588 0.109755 0.0120088 -0.00666634
internal_weight=50041 45853 35436 4168 383 92 31268 5335 345 3785 959 2826 25933 5177 2935 259 20756 2242 1500 1110 891 873 508 410 99 311 108 57 365 10417
internal_count=50041 45853 35436 4168 383 92 31268 5335 345 3785 959 2826 25933 5177 2935 259 20756 2242 1500 1110 891 873 508 410 99 311 108 57 365 10417
is_linear=0
shrinkage=0.05


Tree=174
num_leaves=31
num_cat=0
split_feature=8 6 0 8 0 6 8 6 6 1 8 0 6 8 6 8 8 8 6 6 0 1 0 6 1 0 8 8 0 8
split_gain=250.792 505.103 898.074 476.885 383.383 348.935 279.116 262.258 259.938 368.039 235.406 254.568 230.374 221.002 209.372 757.757 333.382 389.739 375.973 321.979 496.975 335.618 228.598 655.279 224.487 272.357 334.989 220.783 854.363 701.355
threshold=286.42250000000007 264.00250000000005 24.686250000000005 169.25625000000002 25.903750000000006 213.19000000000003 255.50375000000003 307.08500000000004 303.50250000000005 9.5000000000000018 323.40875000000005 26.831250000000004 299.79875000000004 306.86500000000007 165.52500000000003 160.07250000000002 190.40250000000003 91.300000000000011 180.38750000000002 201.87750000000003 32.741250000000001 4.5000000000000009 24.381250000000005 136.85625000000002 2.5000000000000004 24.631250000000005 226.00500000000002 119.10875000000001 29.323750000000008 106.59625000000001
decision_type=2 2 2 2 2 2 2 2 2 2 2 2 2 2 2 2 2 2 2 2 2 2 2 2 2 2 2 2 2 2
left_child=1 6 7 -4 5 -2 14 -3 9 13 -10 -12 -5 -6 15 27 17 18 -16 20 21 24 23 -17 25 26 -18 28 -1 -30
right_child=4 2 3 12 8 -7 -8 -9 10 -11 11 -13 -14 -15 16 22 19 -19 -20 -21 -22 -23 -24 -25 -26 -27 -28 -29 29 -31
leaf_value=-0.036186776681924646 0.25696775784716008 0.041318093846005599 -0.15033238926747194 -0.015381709518236664 0.010803746021208285 0.043893177305792931 0.014822764749714199 0.15309918751912333 -0.021346740386980416 -0.062567390443550225 0.11294021267657642 0.0060259673820894661 -0.047523699504118527 0.044271102905174053 -0.083407285357825461 0.15214614571530313 0.012408496092113764 -0.012284463303532171 0.16974543502384967 -0.0026112265056464062 0.085530284659676811 -0.0025651708664516343 0.01578530410966799 0.030546588418947071 0.042028237386325953 -0.060428783429051697 0.20227653693097333 -2.6523050283624388e-05 0.40838267266750333 0.0035325323251764414
leaf_weight=920 20 242 72 3475 1409 489 3306 67 1165 135 61 638 664 759 20 124 725 7851 55 15275 221 2672 2062 1040 953 128 24 5426 20 23
leaf_count=920 20 242 72 3475 1409 489 3306 67 1165 135 61 638 664 759 20 124 725 7851 55 15275 221 2672 2062 1040 953 128 24 5426 20 23
internal_value=0.000276279 -0.000860145 -0.01672 -0.0227573 0.0113015 0.0522655 0.000894945 0.0655554 0.00629772 0.0175326 -0.00758317 0.0153561 -0.0205381 0.0225204 -0.000331656 0.00603193 -0.00252281 -0.0112008 0.102238 0.000916611 0.0123263 0.00873272 0.0257855 0.0435005 0.0252289 0.00697367 0.0184924 -0.00394222 -0.0260051 0.191835
internal_weight=50041 45365 4520 4211 4676 509 40845 309 4167 2303 1864 699 4139 2168 37539 9615 27924 7926 75 19998 4723 4502 3226 1164 1830 877 749 6389 963 43
internal_count=50041 45365 4520 4211 4676 509 40845 309 4167 2303 1864 699 4139 2168 37539 9615 27924 7926 75 19998 4723 4502 3226 1164 1830 877 749 6389 963 43
is_linear=0
shrinkage=0.05


Tree=175
num_leaves=31
num_cat=0
split_feature=8 6 0 7 8 8 0 7 4 7 4 7 6 4 8 4 8 4 4 8 5 4 4 5 4 0 0 0 8 4
split_gain=253.859 387.289 973.819 759.454 561.775 330.558 319.383 297.209 281.626 334.062 306.049 297.825 544.382 272.537 493.323 516.814 358.392 297.844 600.021 798.444 703.579 2049.44 595.16 933.715 1296.2 561.122 539.474 377.711 365.349 322.94
threshold=287.74000000000007 264.00250000000005 24.631250000000005 187.37875000000003 194.32625000000004 261.00125000000008 25.961250000000003 235.00375000000003 1.5000000000000002 235.00375000000003 14.500000000000002 198.95125000000002 279.24500000000006 20.500000000000004 134.14500000000001 22.500000000000004 178.50125000000003 4.5000000000000009 7.5000000000000009 91.300000000000011 1.0000000180025095e-35 6.5000000000000009 10.500000000000002 1.0000000180025095e-35 9.5000000000000018 26.256250000000005 25.841250000000006 25.358750000000004 112.25375000000001 6.5000000000000009
decision_type=2 2 2 2 2 2 2 2 2 2 2 2 2 2 2 2 2 2 2 2 2 2 2 2 2 2 2 2 2 2
left_child=1 5 -3 -4 7 13 -2 -5 -6 10 -10 12 -12 17 -15 16 -16 26 20 -20 21 27 23 24 -21 -25 -1 -19 -28 -22
right_child=6 2 3 4 8 -7 -8 -9 9 -11 11 -13 -14 14 15 -17 -18 18 19 22 29 -23 -24 25 -26 -27 28 -29 -30 -31
leaf_value=-0.0029482581906392856 0.048498144611727606 0.075204417573834378 0.05533708616196379 -0.2564794979974977 -0.057274026068694452 0.019188605966472785 0.0068287803689518825 -0.084676604493821084 -0.01411957237415455 -0.0077681886526713012 -0.038218244671200718 -0.057532254881703132 -0.35413505744934087 -0.14368954611321291 -0.06005466359046599 0.015773387477984586 -0.013263809120226649 -0.028726681238581971 0.20984733985530007 0.05356339868245024 0.036493424310257996 0.070794870887310749 0.0042201528887712203 -0.05588593198137673 -0.046599224371035114 -0.015346927552368522 -0.22514198174079261 -0.091353628298310285 -0.038387341053042257 0.0081717844968574975
leaf_weight=7347 519 283 306 32 510 2291 4035 118 441 2427 30 390 25 72 570 1129 1451 619 45 971 3043 498 15252 1155 484 3271 27 394 871 1504
leaf_count=7347 519 283 306 32 510 2291 4035 118 441 2427 30 390 25 72 570 1129 1451 619 45 971 3043 498 15252 1155 484 3271 27 394 871 1504
internal_value=0.000321755 -0.00080344 -0.0146231 -0.020564 -0.0264099 0.000734474 0.0115777 -0.121328 -0.0226857 -0.0173612 -0.0436391 -0.0728933 -0.181817 -0.000357907 -0.0142813 -0.0113234 -0.0264606 0.000906468 0.00342699 -0.000542219 0.0173028 -0.0122563 -0.000990216 -0.014503 0.0202447 -0.0259259 -0.00741966 -0.053085 -0.0440025 0.0271255
internal_weight=50110 45556 4562 4279 3973 40994 4554 150 3823 3313 886 445 55 38703 3222 3150 2021 35481 27236 21178 6058 1511 21133 5881 1455 4426 8245 1013 898 4547
internal_count=50110 45556 4562 4279 3973 40994 4554 150 3823 3313 886 445 55 38703 3222 3150 2021 35481 27236 21178 6058 1511 21133 5881 1455 4426 8245 1013 898 4547
is_linear=0
shrinkage=0.05


Tree=176
num_leaves=31
num_cat=0
split_feature=4 4 0 7 4 4 4 4 5 4 4 3 7 0 7 1 4 1 1 1 1 5 4 4 1 4 5 0 5 4
split_gain=230.026 286.039 318.513 254.095 186.344 393.462 667.462 422.466 498.104 771.229 405.717 376.786 358.129 519.106 815.269 850.847 689.547 1155.35 1154.52 1289.18 1007.59 1042.03 929.494 726.753 693.828 931.154 1719.01 662.425 951.436 1262.44
threshold=1.5000000000000002 20.500000000000004 29.101250000000004 91.300000000000011 15.500000000000002 8.5000000000000018 10.500000000000002 12.500000000000002 1.0000000180025095e-35 11.500000000000002 5.5000000000000009 1.0000000180025095e-35 189.35500000000005 29.381250000000005 197.75250000000003 4.5000000000000009 17.500000000000004 8.5000000000000018 8.5000000000000018 5.5000000000000009 4.5000000000000009 1.0000000180025095e-35 18.500000000000004 18.500000000000004 7.5000000000000009 16.500000000000004 1.0000000180025095e-35 24.841250000000006 1.0000000180025095e-35 16.500000000000004
decision_type=2 2 2 2 2 2 2 2 2 2 2 2 2 2 2 2 2 2 2 2 2 2 2 2 2 2 2 2 2 2
left_child=-1 3 -3 -2 5 10 11 8 9 -8 -5 -7 -6 16 15 -15 18 20 19 -14 21 22 -18 -23 -21 -26 -27 28 -20 -30
right_child=1 2 -4 4 12 6 7 -9 -10 -11 -12 -13 13 14 -16 -17 17 -19 27 24 -22 23 -24 -25 25 26 -28 -29 29 -31
leaf_value=-0.010972366163053339 -0.060195134457880953 -0.0079763502792954081 -0.2030310562678746 -0.00034451818773562374 0.035581221613438137 -0.012052955420704288 -0.057326914019717179 -0.0060849184232894572 0.024432608488778276 0.028480538457461083 0.016551546073859568 -0.045213376089697124 0.050386648074806167 0.039269943693370529 -0.013047918486145633 -0.27500129809843438 0.15091773937716618 -0.036300023645997374 0.2342280979721974 -0.084529198729263177 0.038775106331609438 -0.078300019439691559 0.0068773860493978574 -0.0064329648296883955 -0.083162735412613709 -0.20769692141976626 0.18442036872580647 0.10724533250641277 0.13070030529052021 -0.13213693329095841
leaf_weight=4147 159 6214 21 8244 1121 3000 536 6317 3122 512 6244 1199 791 33 1079 62 161 1534 39 411 2113 527 368 1058 130 36 125 610 72 125
leaf_count=4147 159 6214 21 8244 1121 3000 536 6317 3122 512 6244 1199 791 33 1079 62 161 1534 39 411 2113 527 368 1058 130 36 125 610 72 125
internal_value=0.000305667 0.00132322 -0.00863331 0.00288583 0.0031393 0.00109114 -0.0046762 0.00206875 0.0144205 -0.0154057 0.0069373 -0.0215217 0.00888756 0.00566095 -0.0254113 -0.165833 0.0101645 0.000868948 0.0330596 0.00661664 0.0143578 -0.010048 0.0507158 -0.0303282 -0.0427026 0.0163722 0.096742 0.0797256 0.00859407 -0.0360746
internal_weight=50110 45963 6235 39728 39569 29174 14686 10487 4170 1048 14488 4199 10395 9274 1174 95 8100 5761 2339 1493 4227 2114 529 1585 702 291 161 846 236 197
internal_count=50110 45963 6235 39728 39569 29174 14686 10487 4170 1048 14488 4199 10395 9274 1174 95 8100 5761 2339 1493 4227 2114 529 1585 702 291 161 846 236 197
is_linear=0
shrinkage=0.05


Tree=177
num_leaves=31
num_cat=0
split_feature=8 6 7 7 6 6 8 7 8 4 7 7 4 8 6 4 8 6 8 7 7 8 8 6 6 8 6 7 7 6
split_gain=245.224 438.661 1067.81 599.779 598.946 424.137 423.784 871.587 363.988 428.558 371.185 325.736 315.381 283.282 278.465 372.242 326.107 282.71 551.806 616.78 308.678 679.606 263.623 697.552 259.348 219.076 331.738 405.869 354.611 322.881
threshold=197.75250000000003 201.87750000000003 269.00125000000008 195.12250000000003 164.77750000000003 187.77250000000004 91.300000000000011 238.33125000000004 163.26500000000001 22.500000000000004 163.55875000000003 195.77875000000003 7.5000000000000009 260.00500000000005 148.06750000000002 5.5000000000000009 115.01750000000001 125.01750000000001 91.300000000000011 142.61500000000004 130.09250000000006 106.59625000000001 91.300000000000011 154.00125000000003 134.00250000000003 295.00250000000005 283.01000000000005 183.45000000000002 239.00125000000003 331.00125000000008
decision_type=2 2 2 2 2 2 2 2 2 2 2 2 2 2 2 2 2 2 2 2 2 2 2 2 2 2 2 2 2 2
left_child=5 2 3 13 -4 8 7 -7 10 11 14 12 -10 24 16 -16 17 20 19 -19 -1 -22 23 -12 -2 26 -3 -28 -29 -30
right_child=1 25 4 -5 -6 6 -8 -9 9 -11 22 -13 -14 -15 15 -17 -18 18 -20 -21 21 -23 -24 -25 -26 -27 27 28 29 -31
leaf_value=-0.03439219888491607 0.16034889860572865 0.00081645578922686941 0.079668903044210038 0.010930097272965691 -0.085904817098250597 0.29498239623442774 -0.017953375237845185 -0.11651884129440243 0.040227004119919411 0.071021612778271515 -0.2771165897165026 -0.013382147915028883 0.006793454724491505 0.17619004569609056 -0.044284096078992856 0.00046321182944582284 0.012704401153022994 -0.44283993959426882 -0.025898245937827205 -0.063183875965035483 0.28882538733574065 -0.014314529814510025 -0.021975450946639784 0.045871514827013016 0.043253936771390666 0.012234744749527173 0.095672336985936038 -0.061672482336428303 -0.0079937256147658061 -0.11480617034878281
leaf_weight=256 49 20697 65 2541 342 31 5059 22 882 270 35 1516 3522 44 724 1298 3443 20 101 23 26 64 1940 32 1353 3522 74 473 1612 74
leaf_count=256 49 20697 65 2541 342 31 5059 22 882 270 35 1516 3522 44 724 1298 3443 20 101 23 26 64 1940 32 1353 3522 74 473 1612 74
internal_value=0.000290384 0.00305455 0.0176842 0.0255594 -0.0594618 -0.00413566 -0.0164799 0.124171 0.000323325 0.00941765 -0.00674699 0.00660801 0.0134893 0.051267 -0.000479598 -0.0155591 0.00727293 -0.0308915 -0.0897622 -0.239768 -0.00639038 0.0732592 -0.0253431 -0.122854 0.0473464 0.000624379 -0.00115895 -0.0194684 -0.0234148 -0.0126818
internal_weight=50110 30846 4394 3987 407 19264 5112 53 14152 6190 7962 5920 4404 1446 5955 2022 3933 490 144 43 346 90 2007 67 1402 26452 22930 2233 2159 1686
internal_count=50110 30846 4394 3987 407 19264 5112 53 14152 6190 7962 5920 4404 1446 5955 2022 3933 490 144 43 346 90 2007 67 1402 26452 22930 2233 2159 1686
is_linear=0
shrinkage=0.05


Tree=178
num_leaves=31
num_cat=0
split_feature=4 6 0 4 4 5 4 4 5 4 0 7 4 4 6 6 1 6 7 6 4 6 6 6 0 1 0 1 4 1
split_gain=217.213 347.654 327.292 259.993 448.507 631.693 1916.42 630.91 893.637 1247.53 530.547 405.049 348.916 500.509 347.523 319.186 310.824 279.389 257.894 234.335 206.536 201.367 188.145 186.319 189.043 178.633 173.881 170.112 169.767 167.222
threshold=20.500000000000004 343.70000000000005 29.101250000000004 4.5000000000000009 7.5000000000000009 1.0000000180025095e-35 6.5000000000000009 10.500000000000002 1.0000000180025095e-35 9.5000000000000018 26.256250000000005 262.00375000000003 6.5000000000000009 5.5000000000000009 157.83000000000001 264.00250000000005 2.5000000000000004 134.00250000000003 91.300000000000011 309.01125000000008 1.5000000000000002 197.00875000000005 233.16125000000002 204.75125000000003 22.956250000000001 7.5000000000000009 22.303750000000004 11.500000000000002 5.5000000000000009 1.5000000000000002
decision_type=2 2 2 2 2 2 2 2 2 2 2 2 2 2 2 2 2 2 2 2 2 2 2 2 2 2 2 2 2 2
left_child=3 2 -2 11 5 6 14 8 9 26 22 19 13 15 -5 17 -14 25 -9 -1 -21 -18 -10 -13 -25 -7 -6 -19 -16 -15
right_child=1 -3 -4 4 7 12 -8 18 10 -11 -12 23 16 29 28 -17 21 27 -20 20 -22 -23 -24 24 -26 -27 -28 -29 -30 -31
leaf_value=-0.0019970054907485434 -0.0085681313430762216 0.17399573377691782 -0.21116054892539979 -0.012903944535719348 0.097682403577045496 0.04517301322050632 0.067449921100544374 -0.17439024896128105 -0.05587304925475467 -0.043873142865378571 -0.014249295446197836 -0.081452518687946368 0.054490464786585008 0.00078230798244476323 -0.045782796601434389 -0.16297857737541199 -0.032655668442745305 0.011505822017455598 0.0052417290147636847 -0.0035406169814190696 0.18108699303543704 0.0092460409008204656 0.091744549098339956 0.094791501969324829 -0.02636506296164158 0.15330215509360035 0.042071824064777837 -0.085413934813534972 -0.096593384073648078 0.059154621951920228
leaf_weight=8842 6189 26 20 384 167 187 511 20 1145 518 3565 154 270 134 310 25 426 1233 20882 28 33 877 22 33 1322 48 888 47 350 1454
leaf_count=8842 6189 26 20 384 167 187 511 20 1145 518 3565 154 270 134 310 25 426 1233 20882 28 33 877 22 33 1322 48 888 47 350 1454
internal_value=0.000275865 -0.00845669 -0.00922071 0.00151683 0.00366381 0.0157354 -0.0118897 0.000888059 -0.0129752 0.0196735 -0.0238282 -0.0053833 0.0248733 0.034533 -0.0507236 0.0142231 0.00566426 0.0171472 0.00506985 -0.00132324 0.0963399 -0.00445321 -0.0530902 -0.0293374 -0.0234144 0.067259 0.0508746 0.00794705 -0.0727278 0.054229
internal_weight=50110 6235 6209 43875 33463 6256 1555 27207 6305 1573 4732 10412 4701 3128 1044 1540 1573 1515 20902 8903 61 1303 1167 1509 1355 235 1055 1280 660 1588
internal_count=50110 6235 6209 43875 33463 6256 1555 27207 6305 1573 4732 10412 4701 3128 1044 1540 1573 1515 20902 8903 61 1303 1167 1509 1355 235 1055 1280 660 1588
is_linear=0
shrinkage=0.05


Tree=179
num_leaves=31
num_cat=0
split_feature=8 7 8 5 0 8 1 8 1 0 7 8 1 7 0 5 5 8 7 1 7 1 1 7 0 7 7 7 8 1
split_gain=241.48 292.26 409.79 279.536 682.913 439.05 262.822 262.286 251.731 229.453 725.139 211.104 593.561 224.823 200.546 217.955 243.416 220.898 198.802 186.547 265.537 180.686 323.414 457.206 435.161 1928.18 550.659 511.809 355.369 315.095
threshold=134.14500000000001 172.49250000000004 197.75250000000003 1.0000000180025095e-35 25.871250000000003 282.49125000000009 10.500000000000002 230.11125000000004 5.5000000000000009 24.381250000000005 237.00500000000002 175.70500000000001 5.5000000000000009 91.300000000000011 22.841250000000006 1.0000000180025095e-35 37.500000000000007 142.39625000000004 190.75500000000002 1.5000000000000002 145.52500000000003 5.5000000000000009 4.5000000000000009 223.00250000000003 26.121250000000003 212.72125000000003 147.35500000000002 195.12250000000003 91.300000000000011 8.5000000000000018
decision_type=2 2 2 2 2 2 2 2 2 2 2 2 2 2 2 2 2 2 2 2 2 2 2 2 2 2 2 2 2 2
left_child=21 11 14 4 8 -6 -5 9 -4 -8 -11 13 -13 -2 -3 17 -17 -16 -7 20 -15 22 23 -1 25 26 -24 -28 -26 -23
right_child=1 2 3 6 5 18 7 -9 -10 10 -12 12 -14 19 15 16 -18 -19 -20 -21 -22 29 24 -25 28 -27 27 -29 -30 -31
leaf_value=-0.016114852691056964 -0.10125931638712977 0.0018137598956956943 0.051742305050650618 0.00038552586346679487 -0.0085035146090685649 0.1538728134830793 -0.029979431187814994 -0.085226549289727255 0.018669991793000995 -0.0041205234061067941 0.30452040819959209 0.035214471379116596 -0.0072680782201992866 0.022777454422354917 -0.12955449136482045 -0.0017363336339656838 -0.025841695409553462 -0.027545628362745836 0.023451121975142764 0.0087451889757533766 -0.029730717258450751 0.090628865792178645 -0.26081121236085897 0.17426249652635306 0.097319582687771855 -0.54458790191759665 0.18337803136316999 -0.10884859158561147 -0.070340101380306899 -0.0046048985995177155
leaf_weight=2180 51 2482 1000 20878 3697 30 552 161 1355 141 22 2138 1336 345 55 3199 1557 1513 1122 4529 797 102 20 32 46 24 31 29 101 585
leaf_count=2180 51 2482 1000 20878 3697 30 552 161 1355 141 22 2138 1336 345 55 3199 1557 1513 1122 4529 797 102 20 32 46 24 31 29 101 585
internal_value=0.000262071 0.00116103 -0.000785457 0.00208676 0.0106234 -0.000105001 -0.000740216 -0.0275704 0.0327134 -0.0145877 0.0375365 0.00915441 0.0188769 0.00325159 -0.0102306 -0.0149576 -0.00962785 -0.0311237 0.0268475 0.00419147 -0.0138679 -0.0131395 -0.019464 -0.0133607 -0.0732505 -0.151521 -0.0336014 0.0421352 -0.0178752 0.00953461
internal_weight=50110 46960 37764 28958 7204 4849 21754 876 2355 715 163 9196 3474 5722 8806 6324 4756 1568 1152 5671 1142 3150 2463 2212 251 104 80 60 147 687
internal_count=50110 46960 37764 28958 7204 4849 21754 876 2355 715 163 9196 3474 5722 8806 6324 4756 1568 1152 5671 1142 3150 2463 2212 251 104 80 60 147 687
is_linear=0
shrinkage=0.05


Tree=180
num_leaves=31
num_cat=0
split_feature=8 1 8 7 7 1 8 1 5 7 7 1 3 8 5 0 7 5 8 5 7 0 5 7 7 0 0 7 5 0
split_gain=228.948 285.043 214.795 509.064 649.452 184.75 282.974 443.986 519.169 450.192 379.22 612.959 471.33 327.627 516.495 307.61 286.277 265.917 261.694 256.895 216.426 297.34 211.712 204.309 272.575 200.375 197.185 193.556 182.762 179.713
threshold=323.40875000000005 8.5000000000000018 343.17750000000007 257.04625000000004 302.51500000000004 9.5000000000000018 175.70500000000001 5.5000000000000009 1.0000000180025095e-35 176.51750000000001 154.99000000000004 4.5000000000000009 1.0000000180025095e-35 219.75500000000002 1.0000000180025095e-35 27.198750000000008 297.66750000000008 1.0000000180025095e-35 142.39625000000004 37.500000000000007 247.00125000000003 27.271250000000006 37.500000000000007 282.00125000000008 310.00750000000005 29.381250000000005 22.456250000000001 153.16250000000002 22.500000000000004 26.726250000000004
decision_type=2 2 2 2 2 2 2 2 2 2 2 2 2 2 2 2 2 2 2 2 2 2 2 2 2 2 2 2 2 2
left_child=5 2 -2 -4 -5 6 10 8 26 -10 11 -1 -13 14 -9 -14 17 18 25 20 -19 -22 -16 -7 -25 -12 27 -8 -11 -3
right_child=1 29 3 4 -6 23 7 13 9 28 16 12 15 -15 22 -17 -18 19 -20 -21 21 -23 -24 24 -26 -27 -28 -29 -30 -31
leaf_value=0.0046632155678156071 0.032902391302130095 0.073987666334680943 0.29104425681048424 -0.14126253693268218 0.15962378048224057 0.0087339645006286899 0.16639024525647983 -0.047897034029337565 0.023476087194437913 -0.013614218082971497 -0.063474115616242804 -0.035482202919378675 -0.38763197194784882 -0.00073790691753626992 0.0027077002035636273 -0.11669480163942686 0.1475339593222508 -0.0075890115278161229 -0.027357120925210698 -0.03024406022024383 -0.011597812505389908 0.1050218859026652 -0.025723666133610813 -0.03933995575928375 0.039399546757340434 -0.18082122222774411 0.01768638148522193 0.040948520101753698 0.0020927906966525145 -0.025383713648094199
leaf_weight=4425 422 54 29 29 47 7884 32 1015 1965 2773 210 73 20 13127 2002 22 26 2421 1072 1328 114 105 973 475 143 44 2572 788 5576 289
leaf_count=4425 422 54 29 29 47 7884 32 1015 1965 2773 210 73 20 13127 2002 22 26 2421 1072 1328 114 105 973 475 143 44 2572 788 5576 289
internal_value=0.000310281 0.0257359 0.048825 0.112819 0.0448119 -0.000139455 -0.00154033 0.000818177 0.00752437 0.00194374 -0.00891319 0.00170145 -0.112262 -0.00455163 -0.0170987 -0.245713 -0.0179715 -0.0187844 -0.0381693 -0.0123064 -0.00328328 0.0443157 -0.00659103 0.00656389 -0.0211203 -0.083802 0.0244933 0.0458438 -0.00312407 -0.00973924
internal_weight=50055 870 527 105 76 49185 40683 30823 13706 10314 9860 4540 115 17117 3990 42 5320 5294 1326 3968 2640 219 2975 8502 618 254 3392 820 8349 343
internal_count=50055 870 527 105 76 49185 40683 30823 13706 10314 9860 4540 115 17117 3990 42 5320 5294 1326 3968 2640 219 2975 8502 618 254 3392 820 8349 343
is_linear=0
shrinkage=0.05


Tree=181
num_leaves=31
num_cat=0
split_feature=8 6 0 8 6 7 8 0 7 6 7 6 8 6 7 8 7 6 8 0 6 0 7 8 8 6 6 8 7 6
split_gain=206.626 250.775 662.109 528.902 373.327 317.628 386.635 296.689 237.366 233.192 223.882 220.808 327.266 323.041 426.875 313.671 393.202 359.887 535.289 276.851 272.941 269.3 260.447 386.479 310.649 396.164 290.975 293.589 274.778 373.875
threshold=323.40875000000005 284.37750000000011 26.221250000000001 266.60500000000008 321.28250000000008 180.75750000000002 295.00250000000005 24.566250000000007 284.72125000000011 303.50250000000005 213.75375000000003 242.64875000000004 219.75500000000002 201.87750000000003 198.95125000000002 189.00125000000003 269.00125000000008 184.40500000000003 106.59625000000001 33.632500000000014 165.52500000000003 34.052500000000002 154.00125000000003 163.26500000000001 152.45750000000001 149.00250000000003 136.85625000000002 115.01750000000001 280.75250000000005 129.34000000000006
decision_type=2 2 2 2 2 2 2 2 2 2 2 2 2 2 2 2 2 2 2 2 2 2 2 2 2 2 2 2 2 2
left_child=1 3 4 11 -3 -4 -7 -5 -8 -10 -6 12 13 15 -15 17 19 22 -19 -17 -18 -16 24 28 26 -26 27 -1 29 -24
right_child=-2 2 5 7 10 6 8 -9 9 -11 -12 -13 -14 14 21 16 20 18 -20 -21 -22 -23 23 -25 25 -27 -28 -29 -30 -31
leaf_value=-0.022836181166503516 0.024449109738343397 0.012113955345974549 0.081206014912043309 0.096293864898004788 0.25978903018292926 -0.046938790612658793 0.0082688652602363865 0.015832168642415038 0.010209822034697951 -0.047438926108114135 0.074812724869194866 -0.0093928714361699965 0.0089234781345634354 -0.033762853222053711 -0.0033162261076494803 0.013864114562304828 0.068503800491717726 0.2123196209470431 -0.025281058855682156 0.10200976685999515 -0.091235762862290473 -0.14452416287625539 -0.070922257328063745 0.004165710499941285 0.071395903240431782 0.012065220876149479 -0.013194543455707015 0.021881292452634551 0.14887665710411965 -0.014519294528684399
leaf_weight=452 870 1030 70 118 21 1302 834 3939 254 567 74 6265 9145 1640 4870 4224 33 24 1926 91 141 34 332 4145 401 943 1779 1953 24 2554
leaf_count=452 870 1030 70 118 21 1302 834 3939 254 567 74 6265 9145 1640 4870 4224 33 24 1926 91 141 34 332 4145 401 943 1779 1953 24 2554
internal_value=0.000294767 -0.000132482 -0.0118904 0.000951591 0.0208614 -0.0240628 -0.0265548 0.0181724 -0.0105186 -0.0296036 0.115702 -0.000753431 0.000805904 -0.00209776 -0.0116802 0.00119879 0.0127515 -0.00236963 -0.0223567 0.015723 -0.0609403 -0.00429524 0.000727793 -0.00563977 0.00885427 0.0297673 0.0021365 0.013477 -0.0196067 -0.0210078
internal_weight=50055 49185 4152 45033 1125 3027 2957 4057 1655 821 95 40976 34711 25566 6544 19022 4489 14533 1950 4315 174 4904 12583 7055 5528 1344 4184 2405 2910 2886
internal_count=50055 49185 4152 45033 1125 3027 2957 4057 1655 821 95 40976 34711 25566 6544 19022 4489 14533 1950 4315 174 4904 12583 7055 5528 1344 4184 2405 2910 2886
is_linear=0
shrinkage=0.05


Tree=182
num_leaves=31
num_cat=0
split_feature=8 6 6 8 7 6 7 6 6 0 6 0 7 8 7 7 1 8 7 7 8 0 7 0 7 8 0 8 7 7
split_gain=190.513 390.098 354.136 325.315 360.345 319.005 302.771 602.208 372.806 354.588 328.552 283.398 269.834 397.319 313.458 285.565 349.922 267.988 738.236 328.653 261.264 252.181 250.091 244.929 668.47 990.921 479.926 366.97 278.57 253.588
threshold=222.00250000000003 229.01000000000002 207.00125000000003 195.00375000000003 195.77875000000003 185.75250000000003 262.00375000000003 206.39500000000004 201.87750000000003 22.841250000000006 165.52500000000003 30.521250000000006 195.77875000000003 171.48250000000004 293.00500000000005 154.99000000000004 11.500000000000002 161.00500000000002 205.91250000000002 264.00250000000005 236.96250000000003 24.381250000000005 269.00125000000008 24.631250000000005 149.27375000000004 112.25375000000001 23.078750000000003 112.25375000000001 234.31500000000003 252.48250000000004
decision_type=2 2 2 2 2 2 2 2 2 2 2 2 2 2 2 2 2 2 2 2 2 2 2 2 2 2 2 2 2 2
left_child=2 6 3 5 11 12 8 10 9 -2 -8 -5 13 15 -14 -1 -17 18 -7 -19 -3 -22 -6 24 26 -26 -4 28 -25 -29
right_child=1 20 23 4 22 17 7 -9 -10 -11 -12 -13 14 -15 -16 16 -18 19 -20 -21 21 -23 -24 27 25 -27 -28 29 -30 -31
leaf_value=0.0057684674778832167 0.16843242988329044 -0.015606771416702071 -0.034412899494848471 0.022354969219165174 0.0063888239502717346 -0.033109044858867981 0.05223193076505725 0.020510457999844463 0.012148286318495924 0.038380865815527569 -0.07886755711347597 0.077833497425142145 -0.019459908350523612 0.020331980313536183 0.16244856134677929 -0.018900006016653901 0.027238346947290538 -0.02149728574392205 0.10529066808163548 -0.15942317538640716 0.041449749470112714 0.0012048456144495923 -0.052360500674217172 -0.036348356883372034 0.33968601636588575 0.0024470152442653695 -0.37283256068825721 -0.021701978176580108 -0.25194037425620802 0.005815577747994312
leaf_weight=5399 55 2367 22 1294 2550 252 56 606 3738 1114 326 280 1786 2745 24 3007 476 2347 156 44 401 13286 195 31 22 2201 20 4179 29 1047
leaf_count=5399 55 2367 22 1294 2550 252 56 606 3738 1114 326 280 1786 2745 24 3007 476 2347 156 44 401 13286 195 31 22 2201 20 4179 29 1047
internal_value=0.000280029 0.00377063 -0.00244591 0.000955815 0.0131516 -0.00228844 0.0147708 -0.0104823 0.0198554 0.0444996 -0.0596488 0.0322241 0.000910303 0.00370589 -0.0170479 -0.00143244 -0.0125946 -0.0176445 0.0198085 -0.0240354 -0.000268612 0.00238394 0.00221537 -0.0117059 0.00205088 0.00578451 -0.195565 -0.0176006 -0.140551 -0.016189
internal_weight=50055 21949 28106 20555 4319 16236 5895 988 4907 1169 382 1574 13437 11627 1810 8882 3483 2799 408 2391 16054 13687 2745 7551 2265 2223 42 5286 60 5226
internal_count=50055 21949 28106 20555 4319 16236 5895 988 4907 1169 382 1574 13437 11627 1810 8882 3483 2799 408 2391 16054 13687 2745 7551 2265 2223 42 5286 60 5226
is_linear=0
shrinkage=0.05


Tree=183
num_leaves=31
num_cat=0
split_feature=4 4 8 5 5 4 4 4 4 8 1 4 4 7 8 7 1 1 7 7 8 1 4 4 8 7 1 4 4 5
split_gain=304.01 317.851 296.324 333.839 487.741 379.607 311.457 278.425 242.61 413.361 451.353 1173.05 646.111 315.294 244.864 234.334 216.084 377.282 185.66 182.044 180.657 175.697 414.355 547.359 409.81 494.926 356.282 753.305 1807.74 1518.81
threshold=20.500000000000004 1.5000000000000002 262.99375000000003 1.0000000180025095e-35 37.500000000000007 18.500000000000004 14.500000000000002 19.500000000000004 19.500000000000004 276.50125000000008 8.5000000000000018 18.500000000000004 18.500000000000004 288.67250000000007 303.00375000000003 313.74000000000007 4.5000000000000009 6.5000000000000009 211.60625000000002 91.300000000000011 281.36000000000007 4.5000000000000009 8.5000000000000018 10.500000000000002 129.50500000000002 188.00125000000003 9.5000000000000018 16.500000000000004 15.500000000000002 1.0000000180025095e-35
decision_type=2 2 2 2 2 2 2 2 2 2 2 2 2 2 2 2 2 2 2 2 2 2 2 2 2 2 2 2 2 2
left_child=1 -1 21 8 6 -6 20 -8 9 13 12 15 14 -4 18 -12 -14 -18 -11 -2 -5 22 24 -24 25 -3 -23 28 -28 -30
right_child=19 2 3 4 5 -7 7 -9 -10 10 11 -13 16 -15 -16 -17 17 -19 -20 -21 -22 26 23 -25 -26 -27 27 -29 29 -31
leaf_value=-0.011310224546451912 0.11949853829487607 -0.011403241326332129 -0.0055569381478858242 0.0060764163772372556 0.053073183474970392 -0.0021148038560776738 -0.029264143539492943 0.013853594394232928 -0.0057346210001443312 0.12470750431410778 0.075213175553185241 -0.14107515128018955 0.051581583010113764 0.14247631740290673 0.16475388851561926 0.24967156285824987 0.33150571928076122 0.14962523944179218 0.00064652100961683397 -0.010613111673201576 0.060793399715681901 -0.0057445931868978714 -0.028475041771535887 0.0048310605616465321 0.025008537983154812 0.23332306834913435 0.0082059077646465042 -0.034598201970906926 -0.06132271786344156 0.19041966648458789
leaf_weight=4218 27 1274 357 523 811 506 1287 528 261 39 118 75 23 40 41 23 46 75 133 6222 212 14471 1489 7191 3919 21 4933 865 79 248
leaf_count=4218 27 1274 357 523 811 506 1287 528 261 39 118 75 23 40 41 23 46 75 133 6222 212 14471 1489 7191 3919 21 4933 865 79 248
internal_value=0.000266028 0.00173776 0.00312799 0.0143797 0.00716063 0.0318696 -0.00560082 -0.0167208 0.0370573 0.0485714 0.0757399 0.0186896 0.110258 0.00935825 0.0549507 0.103671 0.192066 0.21877 0.0287766 -0.0100509 0.0218587 0.00146487 0.0058098 -0.000882394 0.0169506 -0.00743471 -0.00146621 0.00864194 0.0157527 0.129601
internal_weight=50055 43806 39588 5098 3867 1317 2550 1815 1231 970 573 216 357 397 213 141 144 121 172 6249 735 34490 13894 8680 5214 1295 20596 6125 5260 327
internal_count=50055 43806 39588 5098 3867 1317 2550 1815 1231 970 573 216 357 397 213 141 144 121 172 6249 735 34490 13894 8680 5214 1295 20596 6125 5260 327
is_linear=0
shrinkage=0.05


Tree=184
num_leaves=31
num_cat=0
split_feature=8 6 0 1 8 8 8 1 8 6 6 5 8 6 6 1 5 8 6 0 8 1 8 1 6 6 8 0 0 6
split_gain=187.231 249.994 612.124 565.038 460.749 436.33 252.91 229.37 235.533 586 440.55 347.688 304.8 327.38 259.803 273.405 236.669 234.446 229.261 248.107 218.016 215.088 274.62 213.497 260.942 287.265 358.252 218.062 208.981 321.488
threshold=320.50750000000005 284.37750000000011 26.221250000000001 6.5000000000000009 281.36000000000007 248.72125000000003 299.41000000000003 9.5000000000000018 175.70500000000001 189.00125000000003 162.50375000000003 1.0000000180025095e-35 203.74375000000003 225.00500000000002 229.01000000000002 5.5000000000000009 37.500000000000007 148.42750000000004 201.87750000000003 22.456250000000001 236.96250000000003 5.5000000000000009 260.00500000000005 8.5000000000000018 343.70000000000005 323.90625000000006 343.17750000000007 26.291250000000002 34.052500000000002 204.17250000000004
decision_type=2 2 2 2 2 2 2 2 2 2 2 2 2 2 2 2 2 2 2 2 2 2 2 2 2 2 2 2 2 2
left_child=1 4 3 -3 7 -5 -4 8 10 21 -1 17 14 28 18 -16 -13 -12 -11 -20 -15 22 -10 24 25 26 -2 -25 -14 -30
right_child=23 2 6 5 -6 -7 -8 -9 9 12 11 16 13 20 15 -17 -18 -19 19 -21 -22 -23 -24 27 -26 -27 -28 -29 29 -31
leaf_value=0.00023987306326816093 0.039349461933694187 0.07264221007383749 -0.037752523404484761 -0.11063359449035488 0.024698762751596687 0.0088214878158523382 -0.0079248939246437111 0.0075097623400299952 0.021589713612838447 -0.0089588725231436756 -0.091606298816056544 -0.0027616589682074003 0.010051224312956103 -0.015568117218768836 0.04510290891414992 -0.018207851979208902 -0.032705318553942361 -0.033763158297574501 0.0013965429759076882 -0.047619924696306506 -0.00039291084468163042 -0.00067691502740561233 0.18469625745828336 0.12540609032429498 0.15685943739319391 -0.024200847164508613 0.21097288610357229 -0.016784469730191633 0.075149732875900391 -0.090973934910219656
leaf_weight=5827 387 343 1587 86 1941 688 1287 7874 3468 1556 226 1979 6285 3641 324 360 990 779 334 1137 6763 1353 26 29 44 170 33 384 39 115
leaf_count=5827 387 343 1587 86 1941 688 1287 7874 3468 1556 226 1979 6285 3641 324 360 990 779 334 1137 6763 1353 26 29 44 170 33 384 39 115
internal_value=0.000252726 -0.000194241 -0.0121878 0.019222 0.000869055 -0.0044513 -0.0243955 -0.000204709 -0.00193029 0.000610231 -0.00851448 -0.0213508 -0.00307769 -0.000219675 -0.0160493 0.0117815 -0.0127462 -0.0467707 -0.0223381 -0.0364904 -0.00570365 0.0162491 0.0228034 0.0211744 0.0393975 0.0306376 0.0528342 -0.00680014 0.00864121 -0.0489037
internal_weight=50055 49008 3991 1117 45017 774 2874 43076 35202 25401 9801 3974 20554 16843 3711 684 2969 1005 3027 1471 10404 4847 3494 1047 634 590 420 413 6439 154
internal_count=50055 49008 3991 1117 45017 774 2874 43076 35202 25401 9801 3974 20554 16843 3711 684 2969 1005 3027 1471 10404 4847 3494 1047 634 590 420 413 6439 154
is_linear=0
shrinkage=0.05


Tree=185
num_leaves=31
num_cat=0
split_feature=4 4 4 5 4 4 5 4 3 6 4 4 6 6 7 7 6 4 4 6 3 6 7 4 7 6 1 6 6 7
split_gain=241.025 223.252 437.983 619.208 1756.24 486.687 954.817 1114.03 384.216 418.623 319.661 453.244 363.22 296.139 287.502 261.771 253.984 245.99 245.846 335.008 242.148 267.31 586.002 326.492 688.005 685.806 507.58 308.582 252.851 252.302
threshold=20.500000000000004 4.5000000000000009 7.5000000000000009 1.0000000180025095e-35 6.5000000000000009 10.500000000000002 1.0000000180025095e-35 9.5000000000000018 1.0000000180025095e-35 167.76500000000001 6.5000000000000009 5.5000000000000009 135.30875000000003 270.00125000000008 216.30875000000003 262.00375000000003 157.83000000000001 9.5000000000000018 8.5000000000000018 241.59250000000003 1.0000000180025095e-35 215.31125000000003 255.50375000000003 16.500000000000004 260.18875000000008 117.09375000000001 6.5000000000000009 193.00125000000003 283.01000000000005 288.67250000000007
decision_type=2 2 2 2 2 2 2 2 2 2 2 2 2 2 2 2 2 2 2 2 2 2 2 2 2 2 2 2 2 2
left_child=1 15 3 4 16 6 7 -4 14 -10 11 12 -5 -14 -8 -1 -3 18 19 -11 21 23 -23 24 -7 -26 27 -25 29 -24
right_child=-2 2 5 10 -6 20 8 -9 9 17 -12 -13 13 -15 -16 -17 -18 -19 -20 -21 -22 22 28 26 25 -27 -28 -29 -30 -31
leaf_value=-0.002071026170050728 -0.0094032641820995869 -0.018617388413196441 0.051275912634111437 0.068589024474361979 0.061970339166829508 0.0066458574030464432 -0.027566737455391416 -0.0379573685723405 0.043024627873597066 -0.065505836193230665 0.0056938973050904475 0.052340796998372831 0.0067350040823171021 -0.18253896889232457 0.0018620039961000719 -0.02457510692795984 -0.069454466794164879 -0.021245086547181324 -0.096779645827897443 0.043460335385765929 0.012470792779997309 -0.016421697735189558 0.010854884485169474 0.084246267280471854 0.21660613909363749 -0.085306801025157419 -0.023902828347035124 0.027805857496025484 -0.0045216425861608874 0.051337269456157124
leaf_weight=8925 6299 398 1056 258 528 4856 1818 523 121 340 1589 1559 1299 21 1527 1511 642 384 418 89 5971 4915 1226 335 20 316 364 874 1453 561
leaf_count=8925 6299 398 1056 258 528 4856 1818 523 121 340 1589 1559 1299 21 1527 1511 642 384 418 89 5971 4915 1226 335 20 316 364 874 1453 561
internal_value=-0.00025691 0.00105555 0.0030469 0.0149316 -0.0122954 0.000293482 -0.0119164 0.0217199 -0.023224 -0.0457175 0.0239649 0.0332199 0.0143292 0.00372383 -0.0141325 -0.00532933 -0.0499995 -0.0544403 -0.0694899 -0.0428998 0.00396154 0.000556123 -0.00553946 0.00790416 0.00185814 -0.0673358 0.0278603 0.0434448 0.0109686 0.0235637
internal_weight=50196 43897 33461 6294 1568 27167 6276 1579 4697 1352 4726 3137 1578 1320 3345 10436 1040 1231 847 429 20891 14920 8155 6765 5192 336 1573 1209 3240 1787
internal_count=50196 43897 33461 6294 1568 27167 6276 1579 4697 1352 4726 3137 1578 1320 3345 10436 1040 1231 847 429 20891 14920 8155 6765 5192 336 1573 1209 3240 1787
is_linear=0
shrinkage=0.05


Tree=186
num_leaves=31
num_cat=0
split_feature=8 1 1 8 5 7 8 5 7 7 8 7 8 0 5 0 7 7 8 0 8 7 7 0 0 7 7 8 0 0
split_gain=210.649 181.062 180.68 403.475 289.505 327.04 234.066 456.414 517.306 406.093 237.372 227.918 557.535 320.545 224.018 209.458 301.528 208.217 210.346 189.303 177.516 208.486 177.371 211.289 174.25 220.463 181.03 305.119 171.774 160.561
threshold=308.50625000000008 9.5000000000000018 4.5000000000000009 198.95375000000004 1.0000000180025095e-35 223.53625000000002 168.50125000000003 1.0000000180025095e-35 175.17125000000004 106.59625000000001 194.32625000000004 221.57250000000002 125.08500000000001 23.791250000000002 22.500000000000004 23.986250000000002 211.00250000000003 154.99000000000004 127.92875000000002 31.071250000000003 146.39625000000004 221.00500000000002 158.37000000000003 23.291250000000002 27.011250000000008 180.75750000000002 179.37250000000003 335.58625000000006 26.831250000000004 29.323750000000008
decision_type=2 2 2 2 2 2 2 2 2 2 2 2 2 2 2 2 2 2 2 2 2 2 2 2 2 2 2 2 2 2
left_child=1 2 6 4 5 20 11 10 9 -9 -8 17 -13 -14 -6 16 22 -1 -19 -12 -4 -22 23 -5 26 -26 -2 -28 -16 -30
right_child=24 -3 3 15 14 -7 7 8 -10 -11 19 12 13 -15 28 -17 -18 18 -20 -21 21 -23 -24 -25 25 -27 27 -29 29 -31
leaf_value=4.2523509323075258e-05 -0.10214502493088895 0.005711187761163028 -0.15103100904110653 0.19160136073827744 0.0075681711198822554 -0.016889146738592539 0.0058525813942249989 0.2319311037335707 -0.0069370557778626156 0.020519856941685372 0.042373469668569086 0.30642149031162264 -0.11201006764726294 0.10877596103985394 -0.040261547763425956 -0.0028903195784331921 0.0061558761707634383 -0.068199035611905864 -0.013848703609330005 -0.0067125327819794944 -0.053287378811043951 -0.21552728684175584 0.24437525359292828 -0.032945508857003668 0.15370177248120309 0.0040184271604800873 0.036583777101578251 0.2265796834433621 0.0074385433289572622 -0.031698757789310313
leaf_weight=4296 22 8462 67 20 939 500 1135 23 6232 1832 1418 20 31 35 780 17779 139 192 2445 228 347 21 24 22 25 1536 535 22 609 460
leaf_count=4296 22 8462 67 20 939 500 1135 23 6232 1832 1418 20 31 35 780 17779 139 192 2445 228 347 21 24 22 25 1536 535 22 609 460
internal_value=-0.000244064 -0.00092758 -0.00234641 -0.00541247 -0.0203947 -0.0444711 0.00137444 0.005971 -3.77072e-05 0.0231411 0.023444 -0.00574275 0.0751544 0.00507343 -0.0123202 -0.00231089 0.047941 -0.00674623 -0.017806 0.0355742 -0.0761744 -0.0625456 0.135943 0.0739816 0.015105 0.00641566 0.0385317 0.0440881 -0.0224204 -0.00940258
internal_weight=50196 48056 39594 21707 3723 935 17887 10868 8087 1855 2781 7019 86 66 2788 17984 205 6933 2637 1646 435 368 66 42 2140 1561 579 557 1849 1069
internal_count=50196 48056 39594 21707 3723 935 17887 10868 8087 1855 2781 7019 86 66 2788 17984 205 6933 2637 1646 435 368 66 42 2140 1561 579 557 1849 1069
is_linear=0
shrinkage=0.05


Tree=187
num_leaves=31
num_cat=0
split_feature=4 4 1 5 4 1 4 5 7 6 7 1 4 5 7 5 1 5 4 6 4 5 1 5 1 1 6 1 6 4
split_gain=247.889 506.969 848.62 623.742 1250.25 497.47 1790.03 1758.11 472.912 363.084 594.807 383.472 718.556 1577.24 626.881 613.907 527.257 1853.46 3030.03 527.276 493.379 2071.39 939.597 707.603 666.107 660.384 563.4 383.241 560.535 362.483
threshold=18.500000000000004 16.500000000000004 10.500000000000002 1.0000000180025095e-35 17.500000000000004 9.5000000000000018 15.500000000000002 1.0000000180025095e-35 213.75375000000003 200.67750000000004 255.50375000000003 7.5000000000000009 17.500000000000004 1.0000000180025095e-35 221.57250000000002 1.0000000180025095e-35 5.5000000000000009 1.0000000180025095e-35 17.500000000000004 240.25625000000002 17.500000000000004 1.0000000180025095e-35 4.5000000000000009 1.0000000180025095e-35 2.5000000000000004 1.5000000000000002 274.06250000000006 1.5000000000000002 261.48500000000007 13.500000000000002
decision_type=2 2 2 2 2 2 2 2 2 2 2 2 2 2 2 2 2 2 2 2 2 2 2 2 2 2 2 2 2 2
left_child=1 5 9 4 -4 29 -7 -8 -9 -3 11 16 13 -13 -15 -14 20 19 -19 -18 23 27 -23 24 -11 -25 -27 -22 -29 -1
right_child=-2 2 3 -5 -6 6 7 8 -10 10 -12 12 15 14 -16 -17 17 18 -20 -21 21 22 -24 25 -26 26 -28 28 -30 -31
leaf_value=-0.0004861425293404061 -0.0070864821735121628 0.064692343028019711 0.23744058009857932 -0.087592422411548174 -0.13378242839907492 0.0059022808597214774 -0.067659768028118253 0.10506843659139815 0.24197202558994674 0.1167655883729458 0.04544256625004596 -0.1012274114932451 0.12171951657341373 0.3184542689058516 0.11357785848023233 -0.14614553978477701 -0.10497751059592703 -0.096687987984634904 0.23465612575556472 -0.30287332115039023 -0.0058517008044180422 -0.093448382795348284 0.13914559748955072 -0.040168766275916284 -0.16738277626308529 0.12406976822660201 -0.099328873042137389 0.20933617714505931 -0.071212454920723325 -0.015009836268842279
leaf_weight=24251 10445 503 48 297 43 5708 91 105 158 30 1304 72 31 54 121 69 64 209 103 71 42 455 48 103 66 315 31 117 21 5221
leaf_count=24251 10445 503 48 297 43 5708 91 105 158 30 1304 72 31 54 121 69 64 209 103 71 42 455 48 103 66 315 31 117 21 5221
internal_value=-0.000231861 0.00156926 0.0179603 -0.0525011 0.0620275 -0.000375946 0.0126686 0.12177 0.187315 0.0251003 0.0191127 0.00213242 0.0499722 0.0957534 0.176797 -0.0631074 -0.00777827 -0.0542747 0.012698 -0.209056 0.00914672 -0.0191639 -0.0712525 0.0446259 -0.0785864 0.0709697 0.104054 0.126395 0.166644 -0.00305903
internal_weight=50196 39751 4217 388 91 35534 6062 354 263 3829 3326 2022 347 247 175 100 1675 447 312 135 1228 683 503 545 96 449 346 180 138 29472
internal_count=50196 39751 4217 388 91 35534 6062 354 263 3829 3326 2022 347 247 175 100 1675 447 312 135 1228 683 503 545 96 449 346 180 138 29472
is_linear=0
shrinkage=0.05


Tree=188
num_leaves=31
num_cat=0
split_feature=6 8 8 8 8 0 0 6 5 0 8 6 6 1 6 5 5 6 1 5 8 8 6 6 0 8 0 6 1 8
split_gain=193.024 603.559 406.4 499.977 399.78 554.606 398.16 602.144 206.249 481.955 498.223 410.588 340.021 221.499 250.825 177.387 303.986 271.751 197.827 175.627 170.763 170.692 178.039 167.522 304.173 472.39 399.482 186.051 173.882 182.231
threshold=165.52500000000003 157.83750000000001 180.39375000000004 91.300000000000011 106.59625000000001 27.311250000000005 25.903750000000006 201.87750000000003 1.0000000180025095e-35 25.393750000000004 232.66250000000002 204.17250000000004 303.50250000000005 10.500000000000002 250.16875000000002 1.0000000180025095e-35 37.500000000000007 198.95375000000004 2.5000000000000004 1.0000000180025095e-35 343.17750000000007 167.77500000000003 252.01000000000002 299.79875000000004 26.291250000000002 299.41000000000003 30.261250000000004 321.28250000000008 9.5000000000000018 281.36000000000007
decision_type=2 2 2 2 2 2 2 2 2 2 2 2 2 2 2 2 2 2 2 2 2 2 2 2 2 2 2 2 2 2
left_child=1 19 3 6 5 -5 -2 -8 9 -4 11 -11 -13 23 -15 21 17 -17 -19 -1 -12 22 -6 28 27 -26 -27 -25 29 -10
right_child=2 -3 8 4 15 -7 7 -9 13 10 20 12 -14 14 -16 16 -18 18 -20 -21 -22 -23 -24 24 25 26 -28 -29 -30 -31
leaf_value=-0.018226833009243104 0.2570978062548514 0.022274378009454084 0.025429374909533498 -0.33029598873108629 -0.042891893243873401 0.0030190939620996899 0.19839434360082334 -0.13872957632497504 -0.0028546786833870187 0.010076825639351188 0.0098378581985262246 -0.02990994251653888 -0.21220075396391064 -0.016687411608770877 -0.11876211500475331 -0.0096446215974462009 -0.028928989929201648 0.138850697391742 0.020163889486563641 0.00139887821539222 0.11778509500058923 -0.013599210979316651 -0.15452715744705578 0.010047168405131736 -0.062639284183727093 -0.010916805996691911 0.16036822336060663 0.10066039106143372 0.01241872643844949 0.012513614079098035
leaf_weight=1521 29 3621 2504 24 594 26 26 27 17891 851 3726 1587 26 1346 63 1949 1365 37 687 4550 37 687 38 297 523 1242 35 70 2655 2162
leaf_count=1521 29 3621 2504 24 594 26 26 27 17891 851 3726 1587 26 1346 63 1949 1365 37 687 4550 37 687 38 297 523 1242 35 70 2655 2162
internal_value=-0.000220268 0.00611818 -0.00173696 -0.0143866 -0.016245 -0.156972 0.108151 0.026652 0.000246011 0.00690415 -0.000545208 -0.0180231 -0.0328483 -0.00196569 -0.0212514 -0.0149315 -0.00973139 7.20914e-05 0.0262294 -0.00351806 0.0108993 -0.030851 -0.0496041 -0.000873278 -0.0141559 -0.0226145 -0.00622223 0.0273303 0.000394271 -0.00119776
internal_weight=50196 9692 40504 5489 5407 50 82 53 35015 8731 6227 2464 1613 26284 1409 5357 4038 2673 724 6071 3763 1319 632 24875 2167 1800 1277 367 22708 20053
internal_count=50196 9692 40504 5489 5407 50 82 53 35015 8731 6227 2464 1613 26284 1409 5357 4038 2673 724 6071 3763 1319 632 24875 2167 1800 1277 367 22708 20053
is_linear=0
shrinkage=0.05


Tree=189
num_leaves=31
num_cat=0
split_feature=8 6 7 8 7 8 6 7 7 6 3 7 7 1 6 8 6 7 7 6 8 6 8 7 8 6 1 7 8 7
split_gain=184.31 308.804 498.463 535.82 413.526 318.874 264.64 237.615 319.987 233.932 525.771 684.003 260.651 232.553 226.215 265.379 325.429 285.075 272.353 620.279 363.521 229.624 341.145 277.214 262.959 258.604 317.785 290.743 277.886 431.134
threshold=308.50625000000008 279.24500000000006 190.75500000000002 193.75625000000002 239.00125000000003 266.60500000000008 211.62250000000003 244.49500000000003 268.00875000000002 331.00125000000008 1.0000000180025095e-35 286.00750000000005 287.48500000000007 7.5000000000000009 247.66375000000002 222.00250000000003 207.00125000000003 205.29500000000004 260.18875000000008 120.75750000000001 195.00375000000003 189.00125000000003 161.00500000000002 205.29500000000004 168.50125000000003 165.52500000000003 11.500000000000002 230.12750000000003 139.74500000000003 154.00125000000003
decision_type=2 2 2 2 2 2 2 2 2 2 2 2 2 2 2 2 2 2 2 2 2 2 2 2 2 2 2 2 2 2
left_child=1 5 -3 7 -5 14 -2 -4 -9 12 11 -11 13 -6 15 16 18 -18 20 -20 21 24 23 -23 25 28 27 -27 29 -1
right_child=6 2 3 4 9 -7 -8 8 -10 10 -12 -13 -14 -15 -16 -17 17 -19 19 -21 -22 22 -24 -25 -26 26 -28 -29 -30 -31
leaf_value=-0.0032066074817669525 0.16685514660286052 0.064154527914555129 -0.26126287527239095 -0.049756796331859372 0.029666931985828111 0.015355436696032036 0.012123658233229601 0.069880167556845618 -0.15221446261487226 -0.39491428988320487 0.086569399960959956 -0.057729996336659178 -0.020540389512693814 -0.0098978125137538439 -0.01120706764397756 0.007719832323310246 -0.028525826821355595 -0.0051115642355334103 0.13748330726571706 -0.055915161882904144 0.015279329665723186 -0.0053985998372908664 -0.025361178957707689 0.0942012578199527 0.010155678662457399 -0.035690170591094493 0.036166002132365697 0.052149492907937217 0.0084241204123568642 -0.052683670245248372
leaf_weight=2813 28 192 26 698 755 3273 2112 23 55 21 33 53 1286 731 4681 9367 1851 4367 46 420 4027 183 1773 113 4880 1400 208 101 4158 522
leaf_count=2813 28 192 26 698 755 3273 2112 23 55 21 33 53 1286 731 4681 9367 1851 4367 46 420 4027 183 1773 113 4880 1400 208 101 4158 522
internal_value=-0.000209255 -0.000848611 -0.0143862 -0.0184829 -0.0152301 0.000338069 0.0141482 -0.130359 -0.086725 -0.00685926 -0.0794028 -0.153417 -0.00405906 0.0102041 -0.000863394 0.00047307 -0.00205394 -0.0120816 0.000966416 -0.0368243 0.00183917 -0.00151192 -0.0170655 0.0326243 0.000773294 -0.00420237 -0.0217534 -0.0297796 -0.000199329 -0.0109508
internal_weight=50196 48056 3873 3681 3577 44183 2140 104 78 2879 107 74 2772 1486 40910 36229 26862 6218 20644 466 20178 16151 2069 296 14082 9202 1709 1501 7493 3335
internal_count=50196 48056 3873 3681 3577 44183 2140 104 78 2879 107 74 2772 1486 40910 36229 26862 6218 20644 466 20178 16151 2069 296 14082 9202 1709 1501 7493 3335
is_linear=0
shrinkage=0.05


Tree=190
num_leaves=31
num_cat=0
split_feature=4 4 1 5 4 1 5 4 4 1 1 1 1 6 6 1 1 8 8 1 1 4 5 6 7 8 6 8 7 7
split_gain=327.133 557.701 912.955 793.909 1259.55 549.816 812.223 2365.86 1230.36 2486.43 3504.69 2347.21 2592.11 1200.95 849.63 770.099 1761.74 622.539 541.159 534.803 439.953 1752.16 1606.18 436.179 713.13 394.289 378.741 335.793 325.084 324.001
threshold=18.500000000000004 16.500000000000004 9.5000000000000018 1.0000000180025095e-35 17.500000000000004 1.5000000000000002 1.0000000180025095e-35 17.500000000000004 17.500000000000004 4.5000000000000009 7.5000000000000009 7.5000000000000009 4.5000000000000009 232.00750000000002 285.67500000000007 4.5000000000000009 7.5000000000000009 254.19500000000002 201.87750000000003 6.5000000000000009 9.5000000000000018 15.500000000000002 1.0000000180025095e-35 256.93000000000006 227.60500000000005 326.11500000000007 237.00500000000002 212.09625000000003 213.75375000000003 257.04625000000004
decision_type=2 2 2 2 2 2 2 2 2 2 2 2 2 2 2 2 2 2 2 2 2 2 2 2 2 2 2 2 2 2
left_child=1 20 5 4 -4 -3 7 13 11 29 14 12 27 -7 18 -9 26 -16 -11 -19 25 -22 -23 -14 -25 -1 -17 -8 -24 -10
right_child=-2 2 3 -5 -6 6 8 15 9 10 -12 -13 23 -15 17 16 -18 19 -20 -21 21 22 28 24 -26 -27 -28 -29 -30 -31
leaf_value=-0.0023325078786720762 -0.0076156596715260347 -0.029973670481717951 0.19114653158519004 -0.062997490749118965 -0.071939327932246361 -0.030057221960461178 0.10162610871730687 0.18465707705266055 -0.10193512547818567 0.030955196211212562 -0.066158199088621736 0.20989695798740976 -0.010630276793688507 -0.21468680187948605 -0.13445317385921954 0.019408430342088667 0.19082653088604704 0.22409645036647194 0.23296028277854652 0.010227949662754934 0.0059015005168267902 -0.072638455872614707 0.11142001381707847 -0.32473414263367889 -0.043901748103754863 0.20476885622610219 -0.14640710096934748 0.19479838407321559 0.22269245120104064 0.012107674880443436
leaf_weight=29449 10323 338 90 526 92 257 279 124 345 38 284 296 322 134 32 57 102 57 260 60 5754 83 109 32 77 23 87 148 165 76
leaf_count=29449 10323 338 90 526 92 257 279 124 345 38 284 296 322 134 32 57 102 57 260 60 5754 83 109 32 77 23 87 148 165 76
internal_value=0.000313643 0.00237567 0.0198074 -0.031853 0.0581581 0.0305491 0.037219 -0.00757174 0.0520003 0.0154464 0.0711925 0.0884909 0.0466072 -0.0933318 0.158458 0.0830558 0.0318421 0.060971 0.207201 0.11442 0.00036076 0.0125703 0.120056 -0.0398953 -0.126348 -0.00217089 -0.0807718 0.13392 0.178427 -0.0813478
internal_weight=50019 39696 4113 708 182 3405 3067 761 2306 1152 731 1154 858 391 447 370 246 149 298 117 35583 6111 357 431 109 29472 144 427 274 421
internal_count=50019 39696 4113 708 182 3405 3067 761 2306 1152 731 1154 858 391 447 370 246 149 298 117 35583 6111 357 431 109 29472 144 427 274 421
is_linear=0
shrinkage=0.05


Tree=191
num_leaves=31
num_cat=0
split_feature=4 0 4 1 5 4 0 5 4 6 4 1 1 1 1 6 1 1 0 1 4 5 6 1 0 0 0 6 1 1
split_gain=295.237 558.872 503.325 823.942 716.503 1136.74 599.872 833.172 2066.49 1070.74 969.956 2152.75 3162.98 2113.71 2362.36 766.791 716.926 1589.97 477.427 397.057 1581.32 1449.58 393.651 494.193 389.794 392.434 357.2 341.814 335.176 407.662
threshold=18.500000000000004 27.811250000000005 16.500000000000004 9.5000000000000018 1.0000000180025095e-35 17.500000000000004 20.641250000000003 1.0000000180025095e-35 17.500000000000004 232.00750000000002 17.500000000000004 4.5000000000000009 7.5000000000000009 7.5000000000000009 4.5000000000000009 285.67500000000007 4.5000000000000009 7.5000000000000009 28.266250000000003 9.5000000000000018 15.500000000000002 1.0000000180025095e-35 256.93000000000006 6.5000000000000009 26.403750000000006 28.931250000000002 23.291250000000002 237.00500000000002 7.5000000000000009 4.5000000000000009
decision_type=2 2 2 2 2 2 2 2 2 2 2 2 2 2 2 2 2 2 2 2 2 2 2 2 2 2 2 2 2 2
left_child=2 -2 19 6 5 -5 -4 8 9 -8 13 -12 15 14 26 18 -10 27 -13 -1 -21 -22 -16 -24 -23 -26 -9 -18 29 -3
right_child=1 28 3 4 -6 -7 7 10 16 -11 11 12 -14 -15 22 -17 17 -19 -20 20 21 24 23 -25 25 -27 -28 -29 -30 -31
leaf_value=-0.0020623413302424632 -0.0030794529980527298 -0.084333360491474996 -0.026700080058030481 0.18158920545958812 -0.059847616025768116 -0.068342361234776355 -0.028433711314573885 0.051585756510665472 0.18285623190126249 -0.20288401405959489 -0.082018509435899278 0.15287657944272406 -0.062850289701621057 0.19940211068606006 -0.010098763030190137 0.057922412816672625 0.018438008780542175 0.18128520519125696 0.28794308748749115 0.0056064255030825114 -0.069006532668528783 0.12605998834312826 -0.21447156085098379 -1.177672917644183e-05 0.30384462813536328 0.054574955627322203 0.15655020581310397 -0.13908674739215565 -0.086198117988094791 -0.0049487184384521916
leaf_weight=29472 9155 214 423 90 526 92 256 110 112 134 358 201 284 296 322 149 57 102 97 5754 83 179 61 48 75 20 308 87 292 662
leaf_count=29472 9155 214 423 90 526 92 256 110 112 134 358 201 284 296 322 149 57 102 97 5754 83 179 61 48 75 20 308 87 292 662
internal_value=0.000297961 -0.00723488 0.00225689 0.018817 -0.0302603 0.0552502 0.0290216 0.0369258 -0.00874877 -0.088373 0.0522188 0.0184362 0.0676329 0.0843492 0.0442365 0.150535 0.0779928 0.03025 0.196841 0.000342722 0.0119418 0.114053 -0.0379005 -0.120031 0.169506 0.251367 0.128928 -0.0767332 -0.0398059 -0.0243418
internal_weight=50019 10323 39696 4113 708 182 3405 2982 748 390 2234 1089 731 1145 849 447 358 246 298 35583 6111 357 431 109 274 95 418 144 1168 876
internal_count=50019 10323 39696 4113 708 182 3405 2982 748 390 2234 1089 731 1145 849 447 358 246 298 35583 6111 357 431 109 274 95 418 144 1168 876
is_linear=0
shrinkage=0.05


Tree=192
num_leaves=31
num_cat=0
split_feature=4 0 4 1 5 4 0 5 4 6 4 1 1 1 1 7 1 1 6 0 7 1 7 1 4 5 0 0 7 0
split_gain=266.452 504.382 454.251 743.607 646.644 1025.91 541.384 751.938 1865.01 966.342 875.385 1942.86 2854.59 1907.62 2132.03 796.764 647.026 1434.95 583.347 515.037 402.328 398.256 372.252 358.344 1427.14 1308.25 351.789 354.172 337.539 322.373
threshold=18.500000000000004 27.811250000000005 16.500000000000004 9.5000000000000018 1.0000000180025095e-35 17.500000000000004 20.641250000000003 1.0000000180025095e-35 17.500000000000004 232.00750000000002 17.500000000000004 4.5000000000000009 7.5000000000000009 7.5000000000000009 4.5000000000000009 245.75375000000003 4.5000000000000009 7.5000000000000009 285.67500000000007 27.948750000000008 205.91250000000002 5.5000000000000009 195.12250000000003 9.5000000000000018 15.500000000000002 1.0000000180025095e-35 26.403750000000006 28.931250000000002 257.04625000000004 23.291250000000002
decision_type=2 2 2 2 2 2 2 2 2 2 2 2 2 2 2 2 2 2 2 2 2 2 2 2 2 2 2 2 2 2
left_child=2 -2 23 6 5 -5 -4 8 9 22 13 28 15 14 29 -13 -10 -18 19 21 -16 -17 -8 -1 -25 -26 -27 -28 -12 -9
right_child=1 -3 3 4 -6 -7 7 10 16 -11 11 12 -14 -15 20 18 17 -19 -20 -21 -22 -23 -24 24 25 26 27 -29 -30 -31
leaf_value=-0.0019592242507290017 -0.0029254803486282004 -0.037815564109654566 -0.025365076283332573 0.17250974544220501 -0.05685523587240069 -0.064925243251997486 0.048915736288810623 0.049006467780352315 0.17371342045787191 -0.19273981193719961 -0.10312177141672595 0.24839142482960597 -0.059707774013661265 0.18943200407489172 0.058692244124818549 -0.058854444982374424 -0.07289653691566654 0.17222094482230937 0.014803314667011873 0.24769995068421677 -0.060649080348217435 0.14580765285181424 -0.07489004071659533 0.0053261042819142349 -0.065556205704763351 0.1197569889625191 0.28865239969889323 0.051846207361668353 0.015603216319332683 0.14872269587781789
leaf_weight=29472 9155 1168 423 90 526 92 99 110 112 134 282 128 284 296 89 34 144 102 122 84 342 79 157 5754 83 179 75 20 76 308
leaf_count=29472 9155 1168 423 90 526 92 99 110 112 134 282 128 284 296 89 34 144 102 122 84 342 79 157 5754 83 179 75 20 76 308
internal_value=0.000283063 -0.00687313 0.00214404 0.0178761 -0.0287473 0.0524877 0.0275705 0.0350795 -0.00831133 -0.0839544 0.0496079 0.0175144 0.0642512 0.0801317 0.0420246 0.143008 0.0740931 0.0287375 0.100723 0.153932 -0.0360055 0.0842279 -0.027012 0.000325586 0.0113447 0.108351 0.16103 0.238798 -0.0779176 0.122482
internal_weight=50019 10323 39696 4113 708 182 3405 2982 748 390 2234 1089 731 1145 849 447 358 246 319 197 431 113 256 35583 6111 357 274 95 358 418
internal_count=50019 10323 39696 4113 708 182 3405 2982 748 390 2234 1089 731 1145 849 447 358 246 319 197 431 113 256 35583 6111 357 274 95 358 418
is_linear=0
shrinkage=0.05


Tree=193
num_leaves=31
num_cat=0
split_feature=4 0 8 6 8 4 1 0 8 8 1 4 8 7 0 1 1 8 8 8 6 6 0 1 0 6 7 7 4 1
split_gain=240.473 455.204 637.321 606.654 437.275 409.962 671.106 488.599 398.223 347.985 331.267 1288 326.577 284.181 278.478 381.867 291.315 500.112 294.691 278.47 624.365 478.392 489.226 377.727 330.984 273.584 404.624 267.727 249.129 854.881
threshold=18.500000000000004 27.811250000000005 305.02000000000004 291.01000000000005 275.58750000000003 16.500000000000004 9.5000000000000018 20.641250000000003 292.00250000000005 326.11500000000007 9.5000000000000018 15.500000000000002 343.17750000000007 211.00250000000003 29.666250000000002 7.5000000000000009 4.5000000000000009 303.00375000000003 212.75250000000003 275.58750000000003 266.00125000000008 283.01000000000005 27.683750000000003 8.5000000000000018 27.683750000000003 343.70000000000005 306.35125000000011 242.65375000000003 14.500000000000002 4.5000000000000009
decision_type=2 2 2 2 2 2 2 2 2 2 2 2 2 2 2 2 2 2 2 2 2 2 2 2 2 2 2 2 2 2
left_child=5 12 3 -3 -5 9 7 -7 -6 10 28 -12 -2 -13 19 16 27 18 -18 21 -21 -9 -23 -24 -22 -4 -27 -16 -1 -30
right_child=1 2 25 4 8 6 -8 14 -10 -11 11 13 -14 -15 15 -17 17 -19 -20 20 24 22 23 -25 -26 26 -28 -29 29 -31
leaf_value=-0.00034038470927997595 -0.0033968866293328038 -0.043630258281449591 -0.017419319675222419 -0.091195361887415255 -0.44777910822913763 -0.024096822273481561 -0.027309949615623594 0.039351952646548387 -0.1788992875441909 0.19473148615139982 0.0050597989454461006 0.050225658227233287 0.14159963895113042 0.14068994077500135 0.081204317115211436 0.10175762135874143 -0.21672318505123256 0.18432767898553895 -0.049761492774091864 0.23534167447575816 -0.020046866018701037 0.033990219806861365 -0.21377237262549223 0.0320137468251315 0.082446939781518055 -0.075644478979318044 0.1875471290573478 -0.062589091252773371 0.01352312574811371 -0.036656460765988663
leaf_weight=26002 9116 284 685 75 21 423 708 1877 40 23 5754 149 39 208 104 77 30 21 222 54 109 81 54 22 284 23 40 47 1512 1935
leaf_count=26002 9116 284 685 75 21 423 708 1877 40 23 5754 149 39 208 104 77 30 21 222 54 109 81 54 22 284 23 40 47 1512 1935
internal_value=0.00026891 -0.00652948 -0.0359248 -0.0852142 -0.172051 0.00203684 0.0169823 0.026192 -0.271464 0.000309307 0.000183556 0.0107775 -0.00277921 0.102933 0.0333255 -0.000676581 -0.019279 -0.0501021 -0.0696379 0.0401917 0.0759245 0.0323389 -0.0515044 -0.142624 0.0540199 -0.00824889 0.0914613 0.0364474 -0.0020148 -0.0146456
internal_weight=50019 10323 1168 420 136 39696 4113 3405 61 35583 35560 6111 9155 357 2982 501 424 273 252 2481 447 2034 157 76 393 748 63 151 29449 3447
internal_count=50019 10323 1168 420 136 39696 4113 3405 61 35583 35560 6111 9155 357 2982 501 424 273 252 2481 447 2034 157 76 393 748 63 151 29449 3447
is_linear=0
shrinkage=0.05


Tree=194
num_leaves=31
num_cat=0
split_feature=4 0 4 1 0 1 1 6 1 4 7 7 0 7 6 1 4 0 4 7 4 6 6 4 4 1 4 0 1 3
split_gain=217.027 410.822 369.99 605.673 441.348 304.629 322.424 309.676 291.874 1162.42 256.474 250.803 347.392 292.017 345.764 271.511 248.699 392.195 349.699 326.37 332.716 258.695 273.34 273.952 253.365 411.239 305.654 406.68 284.792 463.324
threshold=18.500000000000004 27.811250000000005 16.500000000000004 9.5000000000000018 20.471250000000001 8.5000000000000018 4.5000000000000009 256.00500000000005 9.5000000000000018 15.500000000000002 211.00250000000003 201.85000000000005 32.101250000000007 266.00125000000008 227.58500000000004 7.5000000000000009 13.500000000000002 21.106250000000006 4.5000000000000009 189.35500000000005 15.500000000000002 292.51500000000004 297.00375000000003 7.5000000000000009 7.5000000000000009 2.5000000000000004 11.500000000000002 26.666250000000002 8.5000000000000018 1.0000000180025095e-35
decision_type=2 2 2 2 2 2 2 2 2 2 2 2 2 2 2 2 2 2 2 2 2 2 2 2 2 2 2 2 2 2
left_child=2 -2 8 4 -4 6 -3 -8 16 -10 -11 -6 13 14 -13 -16 18 -18 -1 -19 -21 24 -23 -24 -20 -26 28 -28 -27 -30
right_child=1 5 3 -5 11 -7 7 -9 9 10 -12 12 -14 -15 15 -17 17 19 21 20 -22 22 23 -25 25 26 27 -29 29 -31
leaf_value=-0.0076908839367843445 -0.0026402459660654701 -0.076087492145597943 -0.024387283864265027 -0.025944451782092755 0.065175568813129831 -0.088042578536138005 0.075424150785896926 -0.019188629174532252 0.0048068090610067721 0.047714374889463389 0.13365544423577377 0.042952965700198617 -0.14386780736657481 0.050909719137897241 -0.018639748731635541 0.042490511007296547 0.070501473438694867 0.0011895728085155348 0.013329624873615657 -0.01231846278117135 -0.047446552258062637 0.23819126542657615 -0.052135054447821211 0.12108244249969723 -0.019744692339553161 0.0026554904268106098 -0.1461726046192485 0.020722866697410733 -0.0056433379393750101 -0.091270630509166964
leaf_weight=8693 9155 214 401 708 466 214 100 640 5754 149 208 661 30 860 747 240 141 2066 5152 1909 1042 22 42 50 2143 4694 37 2706 554 221
leaf_count=8693 9155 214 401 708 466 214 100 640 5754 149 208 661 30 860 747 240 141 2066 5152 1909 1042 22 42 50 2143 4694 37 2706 554 221
internal_value=0.000255464 -0.006203 0.001935 0.0161332 0.0248824 -0.0341285 -0.0220346 -0.00640312 0.000293842 0.0102386 0.0977865 0.0314593 0.0252687 0.0272919 0.0149671 -0.00377525 -0.0017682 -0.0117404 0.00034731 -0.0140517 -0.0247222 0.00482052 0.0798654 0.0420049 0.00426883 -0.000239259 0.00485087 0.0184716 -0.00198068 -0.0300609
internal_weight=50019 10323 39696 4113 3405 1168 954 740 35583 6111 357 3004 2538 2508 1648 987 29472 5158 24314 5017 2951 15621 114 92 15507 10355 8212 2743 5469 775
internal_count=50019 10323 39696 4113 3405 1168 954 740 35583 6111 357 3004 2538 2508 1648 987 29472 5158 24314 5017 2951 15621 114 92 15507 10355 8212 2743 5469 775
is_linear=0
shrinkage=0.05


Tree=195
num_leaves=31
num_cat=0
split_feature=4 8 5 4 6 6 7 7 8 6 3 7 4 8 6 8 5 4 4 8 5 4 4 5 4 7 6 6 8 8
split_gain=235.886 240.067 447.037 349.384 332.503 331.984 516.916 404.679 431.603 333.918 552.411 475.102 323.242 379.65 287.736 285.761 255.176 243.668 470.613 951.091 548.102 1553.45 380.146 653.922 859.498 322.187 304.203 301.113 294.944 273.063
threshold=20.500000000000004 278.76250000000005 1.0000000180025095e-35 19.500000000000004 314.35750000000002 276.00750000000005 184.75500000000002 245.00250000000003 189.00125000000003 319.00500000000005 1.0000000180025095e-35 297.66750000000008 15.500000000000002 209.25750000000002 305.50750000000005 199.50125000000003 37.500000000000007 4.5000000000000009 7.5000000000000009 91.300000000000011 1.0000000180025095e-35 6.5000000000000009 10.500000000000002 1.0000000180025095e-35 9.5000000000000018 216.30875000000003 146.18250000000003 157.83000000000001 91.300000000000011 177.82375000000002
decision_type=2 2 2 2 2 2 2 2 2 2 2 2 2 2 2 2 2 2 2 2 2 2 2 2 2 2 2 2 2 2
left_child=1 5 3 4 -3 17 -7 8 -8 12 11 -11 13 -9 -10 -14 -4 -1 20 26 21 27 23 24 -21 -25 -20 -19 -22 -26
right_child=-2 2 16 -5 -6 6 7 9 14 10 -12 -13 15 -15 -16 -17 -18 18 19 22 28 -23 -24 25 29 -27 -28 -29 -30 -31
leaf_value=-0.006150921487169371 -0.0091837383760690269 0.044786955432489034 -0.007121161047471296 -0.01363970669581949 0.13629153263481225 0.079101502703470661 -0.29414000205695628 0.11571973299278933 -0.077789494347985308 -0.25420885325337833 0.061928408498581701 0.027573283619823908 -0.12422310692528565 -0.061641278592135529 0.014038824552474334 0.032209540895946666 0.024558108658265018 -0.010961364408777003 0.076808229684829712 0.04487810258453568 -0.12261207314098584 0.060198721434367268 0.0033503052532206702 -0.03172131395124083 -0.11267672890149381 -0.0048466352754822119 0.33408675825706236 -0.067058208780117631 0.025198661651117289 -0.017767447105013778
leaf_weight=9121 6260 599 1905 208 119 116 20 34 380 52 38 21 31 268 110 501 954 382 20 984 34 518 16727 2694 92 1903 27 640 4581 430
leaf_count=9121 6260 599 1905 208 119 116 20 34 380 52 38 21 31 268 110 501 954 382 20 984 34 518 16727 2694 92 1903 27 640 4581 430
internal_value=-0.000108794 0.00119689 0.013229 0.0434223 0.0599528 5.04481e-05 -0.0224753 -0.0305735 -0.0664677 -0.011202 -0.0926715 -0.173148 -0.000358907 -0.0416735 -0.057175 0.0230941 0.00344968 0.000977974 0.00321766 -8.43429e-05 0.0154906 -0.0103387 -0.000546913 -0.0112283 0.0173664 -0.0205961 0.224607 -0.0460905 0.0241097 -0.0344948
internal_weight=49769 43509 3785 926 718 39724 1571 1455 510 945 111 73 834 302 490 532 2859 38153 29032 22877 6155 1540 22830 6103 1506 4597 47 1022 4615 522
internal_count=49769 43509 3785 926 718 39724 1571 1455 510 945 111 73 834 302 490 532 2859 38153 29032 22877 6155 1540 22830 6103 1506 4597 47 1022 4615 522
is_linear=0
shrinkage=0.05


Tree=196
num_leaves=31
num_cat=0
split_feature=4 0 6 7 4 7 6 4 7 4 0 6 1 1 1 7 6 3 4 1 6 4 4 1 0 4 6 0 6 4
split_gain=212.887 206.635 309.671 234.201 199.964 176.096 175.199 485.413 297.763 400.264 268.65 285.202 213.251 205.812 201.458 182.811 347.592 241.218 624.038 1589.29 171.6 169.973 154.764 186.667 149.961 199.769 146.205 586.273 320.895 187.329
threshold=20.500000000000004 27.948750000000008 316.50500000000005 308.01500000000004 1.5000000000000002 91.300000000000011 176.47750000000005 14.500000000000002 207.58875000000003 12.500000000000002 31.231250000000003 156.98750000000004 10.500000000000002 6.5000000000000009 2.5000000000000004 154.99000000000004 259.79750000000007 1.0000000180025095e-35 4.5000000000000009 3.5000000000000004 331.00125000000008 11.500000000000002 4.5000000000000009 1.5000000000000002 13.331250000000002 11.500000000000002 278.17875000000009 26.121250000000003 326.76375000000002 22.500000000000004
decision_type=2 2 2 2 2 2 2 2 2 2 2 2 2 2 2 2 2 2 2 2 2 2 2 2 2 2 2 2 2 2
left_child=4 5 -3 20 -1 -2 7 8 9 22 -10 -12 13 -9 -11 16 17 21 19 -19 -4 -8 -6 24 -24 -26 29 28 -28 -7
right_child=1 2 3 -5 6 26 15 12 10 14 11 -13 -14 -15 -16 -17 -18 18 -20 -21 -22 -23 23 -25 25 -27 27 -29 -30 -31
leaf_value=-0.0093032358815808465 0.11842694659052151 -0.012359570152126253 -0.018295498422168672 -0.27234186723828319 0.002710139239405697 -0.020079999002153889 0.0067626147024440024 0.034410862408905805 -0.0093274588049682364 -0.042161924414627287 -0.1225970849710501 0.0026131759246660249 0.087150597452152798 -0.039508389051352601 -0.00027405769026591097 0.0011491740646916953 0.076069860793650149 0.069117287471890457 -0.036580531499348583 -0.56121837198734281 -0.16118396917161973 -0.042114556615366637 0.033275467689388882 0.024063279596797445 -0.042214354590670966 0.038502931862173441 0.04047205086066015 -0.014812802519337941 0.23549041286618874 0.001856846838391977
leaf_weight=4149 28 200 47 20 2445 2718 507 1098 922 536 118 74 175 103 618 28453 90 20 320 20 38 274 167 3001 318 101 512 1159 22 1516
leaf_count=4149 28 200 47 20 2445 2718 507 1098 922 536 118 74 175 103 618 28453 90 20 320 20 38 274 167 3001 318 101 512 1159 22 1516
internal_value=-0.000103354 -0.00872455 -0.0488644 -0.118397 0.00113705 -0.00666869 0.00223758 0.00808038 0.00352056 0.00724933 -0.0205323 -0.074339 0.0355851 0.0280714 -0.0197298 0.000333015 -0.0185315 -0.0259935 -0.059855 -0.246051 -0.0821751 -0.0103851 0.0124108 0.019023 -0.00678902 -0.0227574 -0.00725966 0.00515915 0.0485065 -0.0122254
internal_weight=49769 6260 305 105 43509 5955 39360 9676 8300 7186 1114 192 1376 1201 1154 29684 1231 1141 360 40 85 781 6032 3587 586 419 5927 1693 534 4234
internal_count=49769 6260 305 105 43509 5955 39360 9676 8300 7186 1114 192 1376 1201 1154 29684 1231 1141 360 40 85 781 6032 3587 586 419 5927 1693 534 4234
is_linear=0
shrinkage=0.05


Tree=197
num_leaves=31
num_cat=0
split_feature=8 6 7 0 6 0 6 6 1 6 0 8 8 0 8 8 6 6 7 7 6 6 7 6 8 0 6 8 7 8
split_gain=211.893 387.705 857.563 459.97 397.376 342.752 322.281 312.28 242.921 281.34 232.126 253.681 193.584 399.099 184.355 175.857 314.974 269.114 315.404 258.515 639.377 297.25 218.619 609.556 272.583 287.534 244.487 318.823 301.486 632.509
threshold=271.50250000000005 264.00250000000005 195.12250000000003 24.631250000000005 316.50500000000005 25.281250000000004 212.08250000000004 219.69250000000002 3.5000000000000004 283.01000000000005 26.221250000000001 301.01500000000004 179.13250000000002 27.011250000000008 179.13250000000002 220.17500000000004 228.00500000000002 201.87750000000003 198.29000000000002 266.00125000000008 206.39500000000004 165.52500000000003 260.18875000000008 117.09375000000001 184.41125000000002 33.148750000000007 165.52500000000003 152.45750000000001 154.00125000000003 91.300000000000011
decision_type=2 2 2 2 2 2 2 2 2 2 2 2 2 2 2 2 2 2 2 2 2 2 2 2 2 2 2 2 2 2
left_child=1 15 4 14 -3 6 -2 -8 -7 -10 -11 -12 13 -5 -4 17 19 22 -19 -17 21 -21 24 -24 26 -26 27 28 -1 -30
right_child=5 2 3 12 -6 8 7 -9 9 10 11 -13 -14 -15 -16 16 -18 18 -20 20 -22 -23 23 -25 25 -27 -28 -29 29 -31
leaf_value=0.0014394989504170716 0.2382352001965046 0.037262473682131932 -0.10710149813443422 -0.017813639726270647 0.22198035246692599 -0.063044389258720912 -0.14600831629442318 0.052170592758920976 0.018597380168965449 0.026271694588921254 -0.027347710156712259 0.0024632850031215984 -0.033348635339208454 -0.28749098631998765 0.051669239184596177 0.017513670498067815 -0.0022277014960938109 -0.028234304934617982 -0.0046017217124159062 0.054365703572984786 0.023532365635802965 -0.092476319500299387 0.14412968997799216 -0.057304509849759794 0.008881171081538004 0.073168153254211776 -0.011285408318031867 0.014970327208490104 -0.20728238224983217 -0.019939177498147678
leaf_weight=4077 22 323 20 34 32 128 21 372 2770 594 1088 2074 2293 23 213 4977 7329 1869 5772 40 441 249 42 355 5161 180 4843 3292 47 1088
leaf_count=4077 22 323 20 34 32 128 21 372 2770 594 1088 2074 2293 23 213 4977 7329 1869 5772 40 441 249 42 355 5161 180 4843 3292 47 1088
internal_value=-9.81863e-05 -0.00142562 -0.0189529 -0.0289674 0.0539131 0.00792014 0.0520059 0.0415809 0.00517057 0.00650853 -0.00240683 -0.00779426 -0.0356112 -0.126631 0.0380408 -0.000130536 0.0046306 -0.00245285 -0.0103823 0.0134381 -0.0143482 -0.0721522 0.000721832 -0.0359941 0.00150181 0.0110477 -0.00231814 0.00278869 -0.00490546 -0.027697
internal_weight=49769 42700 2938 2583 355 7069 415 393 6654 6526 3756 3162 2350 57 233 39762 13036 26726 7641 5707 730 289 19085 397 18688 5341 13347 8504 5212 1135
internal_count=49769 42700 2938 2583 355 7069 415 393 6654 6526 3756 3162 2350 57 233 39762 13036 26726 7641 5707 730 289 19085 397 18688 5341 13347 8504 5212 1135
is_linear=0
shrinkage=0.05


Tree=198
num_leaves=31
num_cat=0
split_feature=4 8 6 8 5 4 6 1 4 6 7 7 8 6 1 7 7 4 8 6 8 6 7 5 1 4 4 8 5 4
split_gain=198.273 210.985 227.079 208.967 404.727 316.908 302.213 300.912 282.297 280.218 421.344 368.619 375.259 294.403 347.656 475.558 379.247 292.905 341.681 255.877 250.03 239.904 376.158 230.788 227.922 208.519 418.546 861.346 497.31 1416.92
threshold=20.500000000000004 142.39625000000004 331.00125000000008 278.76250000000005 1.0000000180025095e-35 19.500000000000004 314.35750000000002 6.5000000000000009 18.500000000000004 276.00750000000005 184.75500000000002 245.00250000000003 189.00125000000003 319.00500000000005 5.5000000000000009 302.51500000000004 268.00875000000002 15.500000000000002 209.25750000000002 305.50750000000005 199.50125000000003 294.00250000000005 216.30875000000003 37.500000000000007 8.5000000000000018 4.5000000000000009 7.5000000000000009 91.300000000000011 1.0000000180025095e-35 6.5000000000000009
decision_type=2 2 2 2 2 2 2 2 2 2 2 2 2 2 2 2 2 2 2 2 2 2 2 2 2 2 2 2 2 2
left_child=3 -2 -3 9 5 6 -5 -8 -9 25 -11 12 -12 17 -15 16 -16 18 -13 21 -19 -14 -23 -6 -10 -1 28 -28 29 -27
right_child=1 2 -4 4 23 -7 7 8 24 10 11 13 19 14 15 -17 -18 20 -20 -21 -22 22 -24 -25 -26 26 27 -29 -30 -31
leaf_value=-0.0057083816921773538 -0.060723891536540842 -0.0054833233963819368 -0.077660974579326275 0.042343339394973922 -0.00702854752426923 -0.013286847667544722 0.27291741844798839 0.18059790406398299 0.11859834231436253 0.071046180431610623 -0.27452182523906232 0.11068463082260944 -0.055294080619097609 0.074013591135063991 -0.065960270603155277 0.07828717865049839 -0.30892169538678393 -0.1147770342447104 -0.05757377172890641 0.013590739984911952 0.03154918465664807 -0.32890921316363597 -0.072624881049936141 0.023098900438963871 -0.097479541167222836 -0.044215601952622356 0.21367156987494612 -0.00059600110289118719 0.02274235782061999 0.05729521094150769
leaf_weight=9121 187 5962 111 599 1905 208 28 42 23 116 20 34 317 26 29 20 36 31 268 110 501 22 41 954 26 1022 47 22830 4615 518
leaf_count=9121 187 5962 111 599 1905 208 28 42 23 116 20 34 317 26 29 20 36 31 268 110 501 22 41 954 26 1022 47 22830 4615 518
internal_value=-9.3277e-05 -0.00841331 -0.00680256 0.00110379 0.0123295 0.0410584 0.0568019 0.129581 0.085477 3.41846e-05 -0.0206609 -0.0279723 -0.06223 -0.00948399 -0.0859814 -0.134921 -0.200524 0.000697314 -0.0386308 -0.053565 0.0230227 -0.0730049 -0.162121 0.00302447 0.00394477 0.000886333 0.0029582 -0.000155796 0.0145323 -0.0100711
internal_weight=49769 6260 6073 43509 3785 926 718 119 91 39724 1571 1455 510 945 111 85 65 834 302 490 532 380 63 2859 49 38153 29032 22877 6155 1540
internal_count=49769 6260 6073 43509 3785 926 718 119 91 39724 1571 1455 510 945 111 85 65 834 302 490 532 380 63 2859 49 38153 29032 22877 6155 1540
is_linear=0
shrinkage=0.05


Tree=199
num_leaves=31
num_cat=0
split_feature=8 6 0 0 6 6 1 6 0 4 8 4 0 5 4 4 4 6 0 4 4 0 4 8 0 1 0 0 8 0
split_gain=184.256 328.599 513.948 310.346 290.984 281.927 218.113 254.811 213.147 279.908 231.524 286.646 437.811 549.602 210.848 297.117 217.347 244.319 209.869 208.473 341.762 259.046 279.963 231.019 215.127 189.267 222.358 914.372 187.567 243.898
threshold=271.50250000000005 264.00250000000005 24.791250000000002 25.281250000000004 212.08250000000004 219.69250000000002 3.5000000000000004 283.01000000000005 26.221250000000001 18.500000000000004 301.01500000000004 18.500000000000004 27.811250000000005 22.500000000000004 4.5000000000000009 1.0000000180025095e-35 14.500000000000002 301.52500000000003 30.261250000000004 5.5000000000000009 13.500000000000002 30.198750000000008 15.500000000000002 233.16625000000002 31.306250000000002 6.5000000000000009 26.331250000000004 26.051250000000003 226.52750000000003 33.632500000000014
decision_type=2 2 2 2 2 2 2 2 2 2 2 2 2 2 2 2 2 2 2 2 2 2 2 2 2 2 2 2 2 2
left_child=1 -1 -3 4 -2 -6 -5 -8 9 -9 11 -10 -13 -14 15 -12 -16 -18 -19 25 -21 23 28 -22 -24 26 27 -4 -23 -30
right_child=3 2 19 6 5 -7 7 8 10 -11 14 12 13 -15 16 -17 17 18 -20 20 21 22 24 -25 -26 -27 -28 -29 29 -31
leaf_value=-0.00013417254415119172 0.22629441889849577 0.042563672195724656 -0.036474255331326276 -0.059865773422643542 -0.13880686788331895 0.049494447649527915 0.017544789177484119 -0.034546285209157888 -0.0024454057735729048 0.04480835699555652 0.023835881331897513 -0.035353218379762325 -0.061192820316483813 -0.35239702554849478 -0.15812989839098671 0.20851890199950765 0.033593026620436527 -0.01277406595430651 0.096856105426947281 0.01840872358129279 -0.058434418515754517 0.060211434232926853 -0.23311718051753394 -0.0095776068220547565 -0.070135676087811599 -0.076886055621471883 -0.088726509705156789 0.32644878833421642 -0.035900163465179505 -0.22333777354409301
leaf_weight=39762 22 318 100 128 21 372 2770 148 584 446 98 435 43 26 22 28 421 1460 45 497 313 37 41 1066 40 320 64 21 100 21
leaf_count=39762 22 318 100 128 21 372 2770 148 584 446 98 435 43 26 22 28 421 1460 45 497 313 37 41 1066 40 320 64 21 100 21
internal_value=-8.86132e-05 -0.00132646 -0.0174625 0.00738855 0.0493385 0.0394325 0.00477219 0.00603999 -0.00244464 0.0250365 -0.00760713 -0.0262871 -0.0539132 -0.170922 0.00219221 0.0648766 -0.00186232 -7.73351e-05 -0.00949609 -0.0247481 -0.0178563 -0.0289958 -0.0770524 -0.0206669 -0.152632 -0.053612 -0.013354 0.0265124 -0.0383056 -0.0684307
internal_weight=49769 42700 2938 7069 415 393 6654 6526 3756 594 3162 1088 504 69 2074 126 1948 1926 1505 2620 2115 1618 239 1379 81 505 185 121 158 121
internal_count=49769 42700 2938 7069 415 393 6654 6526 3756 594 3162 1088 504 69 2074 126 1948 1926 1505 2620 2115 1618 239 1379 81 505 185 121 158 121
is_linear=0
shrinkage=0.05


Tree=200
num_leaves=31
num_cat=0
split_feature=8 4 0 4 0 8 4 8 5 4 0 4 5 0 8 4 5 4 0 3 8 4 4 4 8 0 8 4 4 1
split_gain=204.201 233.779 573.873 258.325 404.209 487.445 335.615 668.821 569.526 1226.99 512.899 313.512 462.066 281.069 277.717 258.292 687.585 722.795 420.123 255.482 250.478 389.229 333.043 254.801 307.551 249.091 236.772 231.735 339.108 294.868
threshold=295.00250000000005 19.500000000000004 26.536249999999999 4.5000000000000009 25.871250000000003 112.25375000000001 7.5000000000000009 91.300000000000011 1.0000000180025095e-35 6.5000000000000009 26.976250000000004 3.5000000000000004 1.0000000180025095e-35 25.158750000000001 156.99500000000003 10.500000000000002 1.0000000180025095e-35 9.5000000000000018 26.188750000000002 1.0000000180025095e-35 257.75500000000005 16.500000000000004 13.500000000000002 13.500000000000002 172.92375000000001 26.633750000000003 127.92875000000002 6.5000000000000009 5.5000000000000009 2.5000000000000004
decision_type=2 2 2 2 2 2 2 2 2 2 2 2 2 2 2 2 2 2 2 2 2 2 2 2 2 2 2 2 2 2
left_child=1 3 -3 4 26 -6 8 10 9 13 -8 -7 -13 -5 -11 16 17 -9 -18 -17 23 22 -22 24 -21 -23 -1 28 -10 -29
right_child=-2 2 -4 6 5 11 7 15 27 14 -12 12 -14 -15 -16 19 18 -19 -20 20 21 25 -24 -25 -26 -27 -28 29 -30 -31
leaf_value=-0.019966799031900059 0.011178593034700979 -0.0037780356609262117 -0.045358634734779496 -0.020926194948261707 -0.2672918920006071 -0.016130939456818937 0.027745448880725439 0.043355631809572345 0.012923629804592107 -0.073856673723397159 0.34203920018672945 0.046418619039468471 -0.10547583878566713 -0.073150668941438207 0.060267873231992675 -0.0013840569146268305 -0.045804392611634964 -0.027909835389496207 -0.010640685469715097 -0.0060661832065680718 0.085635980682369939 0.0079126341640949251 -0.043854489147197459 -0.001142166932342885 0.038662162493128045 0.1114573152665541 0.0020326685485267146 0.052432860588274337 0.045928889354105079 -0.0042404910455687457
leaf_weight=1499 3529 5354 982 563 21 1563 27 1043 1563 42 25 64 230 475 476 12520 1119 540 3526 584 72 80 160 2796 1124 212 6644 279 1550 1294
leaf_count=1499 3529 5354 982 563 21 1563 27 1043 1563 42 25 64 230 475 476 12520 1119 540 3526 584 72 80 160 2796 1124 212 6644 279 1550 1294
internal_value=-0.000416253 -0.0012976 -0.0102225 0.000112898 -0.0068396 -0.02775 0.00242986 -0.000273741 0.0127505 -0.0134592 0.178848 -0.0250411 -0.0724104 -0.0448247 0.0493929 -0.000665494 -0.00941322 0.0190452 -0.0191118 0.00243918 0.0119593 0.0446775 -0.00366779 0.00815278 0.0233686 0.0830889 -0.00201709 0.0214535 0.0293573 0.00581155
internal_weight=49956 46427 6336 40091 10021 1878 30070 23828 6242 1556 52 1857 294 1038 518 23776 6228 1583 4645 17548 5028 524 232 4504 1708 292 8143 4686 3113 1573
internal_count=49956 46427 6336 40091 10021 1878 30070 23828 6242 1556 52 1857 294 1038 518 23776 6228 1583 4645 17548 5028 524 232 4504 1708 292 8143 4686 3113 1573
is_linear=0
shrinkage=0.05


Tree=201
num_leaves=31
num_cat=0
split_feature=8 6 8 0 6 6 3 0 8 7 8 6 0 7 6 7 7 7 8 6 8 7 7 6 8 0 8 0 8 8
split_gain=184.292 220.146 362.28 322.669 321.698 313.619 544.123 672.062 294.058 291.952 286.295 281.412 266.211 310.304 249.353 355.991 260.676 287.91 459.926 1100.87 349.375 249.679 230.929 229.355 366.88 234.271 233.011 251.638 223.726 218.582
threshold=295.00250000000005 244.45500000000001 215.97375000000002 25.121250000000003 189.75375000000003 331.00125000000008 1.0000000180025095e-35 27.768750000000004 176.47750000000005 190.00125000000003 267.50750000000005 307.08500000000004 29.783750000000001 208.17750000000004 165.52500000000003 261.00125000000008 271.00750000000005 154.00125000000003 91.300000000000011 139.61625000000004 163.26500000000001 249.75125000000003 133.08375000000004 135.30875000000003 136.98250000000004 26.221250000000001 115.01750000000001 24.686250000000005 91.300000000000011 157.83750000000001
decision_type=2 2 2 2 2 2 2 2 2 2 2 2 2 2 2 2 2 2 2 2 2 2 2 2 2 2 2 2 2 2
left_child=1 2 4 10 8 -5 7 -7 14 -10 11 29 -11 -14 16 21 17 20 19 -19 23 22 -16 24 25 26 27 28 -1 -3
right_child=-2 3 -4 5 -6 6 -8 -9 9 12 -12 -13 13 -15 15 -17 -18 18 -20 -21 -22 -23 -24 -25 -26 -27 -28 -29 -30 -31
leaf_value=0.12290897873731761 0.010619663215255291 -0.12831648206886123 0.0079015008081970706 -0.010022822345811505 -0.010569628875173835 -0.046036285230958901 0.021732430178870232 -0.41383803363727489 0.023537981358045579 0.0063606651360120685 0.059787421883737438 0.09866281617432833 0.032975195673773591 -0.069513329400351348 -0.10003149541024166 -0.19623204604895028 0.17337213165380738 -0.43653912771315806 -0.0084742129159913956 0.042364576312580282 0.063366679867464429 0.099254304387917131 -0.013339199125844227 -0.0057472091823866844 0.059180621878964237 0.15929863037168979 0.014375028560434639 -0.19259333180432969 -0.028909095397678327 0.00072727937063567282
leaf_weight=26 3529 34 11588 9014 8668 27 47 23 2511 1805 285 72 103 261 79 27 22 21 3062 28 274 48 2780 2354 412 25 1503 22 364 942
leaf_count=26 3529 34 11588 9014 8668 27 47 23 2511 1805 285 72 103 261 79 27 22 21 3062 28 274 48 2780 2354 412 25 1503 22 364 942
internal_value=-0.000395441 -0.00123272 0.000622201 -0.00762352 -0.00283558 -0.0109851 -0.100411 -0.215225 0.00142708 0.0119313 0.0153529 0.00326914 -0.00150555 -0.0405125 -0.00302297 -0.0155145 0.00149449 0.00102714 -0.0109062 -0.16288 0.00848188 -0.013836 -0.0157347 0.00528629 0.0163292 0.00722876 0.00524352 -0.0280688 -0.0187879 -0.0037681
internal_weight=49956 46427 35983 10444 24395 9111 97 50 15727 4680 1333 1048 2169 364 11047 2934 8113 8091 3111 49 4980 2907 2859 4706 2352 1940 1915 412 390 976
internal_count=49956 46427 35983 10444 24395 9111 97 50 15727 4680 1333 1048 2169 364 11047 2934 8113 8091 3111 49 4980 2907 2859 4706 2352 1940 1915 412 390 976
is_linear=0
shrinkage=0.05


Tree=202
num_leaves=31
num_cat=0
split_feature=6 7 7 0 7 1 7 0 0 6 7 6 6 6 7 3 6 6 3 7 0 7 6 0 6 7 0 6 7 6
split_gain=140.706 314.507 399.102 210.015 261.97 86.6611 92.3314 110.577 222.34 232.142 161.924 391.023 230.116 96.621 95.8898 120.337 89.9772 254.818 199.784 108.424 89.5919 205.434 108.497 97.3674 246.211 206.067 185.486 265.1 185.315 183.142
threshold=135.30875000000003 280.75250000000005 154.00125000000003 26.121250000000003 91.300000000000011 9.5000000000000018 135.99500000000003 25.536249999999999 28.616250000000004 147.00250000000003 91.300000000000011 188.30125000000004 253.25125000000003 239.75125000000003 91.300000000000011 1.0000000180025095e-35 294.00250000000005 307.08500000000004 1.0000000180025095e-35 294.50125000000008 35.927500000000002 173.08125000000004 279.24500000000006 25.536249999999999 309.01125000000008 207.00125000000003 26.761250000000008 287.01875000000007 201.85000000000005 307.08500000000004
decision_type=2 2 2 2 2 2 2 2 2 2 2 2 2 2 2 2 2 2 2 2 2 2 2 2 2 2 2 2 2 2
left_child=1 2 3 4 -1 6 7 -2 10 -10 11 -9 -12 14 -11 -16 -7 18 19 -18 23 -22 -23 24 -8 -26 27 -25 29 -28
right_child=5 -3 -4 -5 -6 16 20 8 9 13 12 -13 -14 -15 15 -17 17 -19 -20 -21 21 22 -24 26 25 -27 28 -29 -30 -31
leaf_value=-0.11309365114340415 -0.025667196092348389 0.17343832395713907 -0.020201978219593124 0.085500882267453046 0.017596592562530055 0.0046675109510731288 0.0014106928766398582 0.28588923268020155 0.094513607186240134 -0.11344634233801454 -0.0023993634151031167 0.026423628227609509 0.17477662913501263 -0.089718926000807969 0.010336180204099203 -0.063399311657770574 -0.065488495820431744 0.030039798181790575 0.041654521983582528 -0.16870398966497499 0.14867848296416925 0.026649425284983208 -0.096468541593778712 -0.015357499816433615 0.22692238245159391 0.043717673059665799 0.0058738862618289535 0.011871571351690714 -0.0041738398427955741 0.10297097292519651
leaf_weight=39 882 29 909 112 2282 7651 11641 20 37 27 219 53 20 70 166 83 77 117 32 38 32 121 21 5355 20 66 5459 1073 13256 49
leaf_count=39 882 29 909 112 2282 7651 11641 20 37 27 219 53 20 70 166 83 77 117 32 38 32 121 21 5355 20 66 5459 1073 13256 49
internal_value=-0.000375668 0.00948887 0.00806621 0.0186276 0.0154006 -0.00108949 -0.00206515 -0.0139143 0.00100086 -0.024524 0.0323343 0.0975101 0.0124271 -0.0372535 -0.0239471 -0.0142423 0.00367724 -0.0250218 -0.0688464 -0.0995945 -0.00156138 0.0342325 0.00844184 -0.00173008 0.0020334 0.0863234 -0.003482 -0.0108123 -0.000970864 0.00673768
internal_weight=49956 3371 3342 2433 2321 46585 38670 1577 695 383 312 73 239 346 276 249 7915 264 147 115 37093 174 142 36919 11727 86 25192 6428 18764 5508
internal_count=49956 3371 3342 2433 2321 46585 38670 1577 695 383 312 73 239 346 276 249 7915 264 147 115 37093 174 142 36919 11727 86 25192 6428 18764 5508
is_linear=0
shrinkage=0.05


Tree=203
num_leaves=31
num_cat=0
split_feature=4 6 0 6 4 4 5 4 0 4 5 4 0 6 4 4 1 6 6 6 6 0 4 5 4 3 1 1 4 3
split_gain=157.39 307.865 200.869 273.203 173.279 260.173 485.627 1096.12 238.218 230.218 626.284 614.871 420.927 234.451 227.634 337.681 292.068 506.798 247.638 212.938 208.922 192.177 186.062 313.95 644.047 204.272 184.876 211.563 183.818 295.557
threshold=20.500000000000004 343.70000000000005 27.561250000000005 331.00125000000008 4.5000000000000009 7.5000000000000009 1.0000000180025095e-35 6.5000000000000009 25.158750000000001 10.500000000000002 1.0000000180025095e-35 9.5000000000000018 26.256250000000005 294.00250000000005 6.5000000000000009 5.5000000000000009 5.5000000000000009 177.82375000000002 134.00250000000003 236.25375000000003 264.00250000000005 20.941250000000007 12.500000000000002 1.0000000180025095e-35 11.500000000000002 1.0000000180025095e-35 11.500000000000002 10.500000000000002 9.5000000000000018 1.0000000180025095e-35
decision_type=2 2 2 2 2 2 2 2 2 2 2 2 2 2 2 2 2 2 2 2 2 2 2 2 2 2 2 2 2 2
left_child=4 2 -2 -4 -1 6 7 8 -6 10 11 21 19 28 15 18 17 -16 -8 -12 26 -7 23 24 -11 -25 27 -20 29 -14
right_child=1 -3 3 -5 5 9 14 -9 -10 22 12 -13 13 -15 16 -17 -18 -19 20 -21 -22 -23 -24 25 -26 -27 -28 -29 -30 -31
leaf_value=-0.0049388694121374303 -0.0057629631373532376 0.17481955408078176 -0.026840308217171538 -0.15333504676818849 -0.019970238569121584 0.1018862936292486 0.058446978273345752 0.046878075222206633 -0.06786672339790159 -0.051336440821569344 -0.046583054499607826 -0.024250760926502957 -0.0066956842832706477 0.15783300881407092 -0.062304613893750561 0.043950160188703236 -0.015490964183415657 0.046983699875078798 0.0048083053739946466 0.11048474908721717 -0.14339782875031234 0.033682342274500073 0.0005032635273519297 0.01209784831850319 0.028165351786132706 0.04034205768504405 -0.091910835315889505 0.10686260827307432 0.0053430934718382873 -0.046631209462746015
leaf_weight=10372 5721 23 465 47 564 116 235 519 481 512 1126 544 1583 21 129 1558 861 597 1214 22 24 942 16595 2242 507 896 47 53 1285 655
leaf_count=10372 5721 23 465 47 564 116 235 519 481 512 1126 544 1583 21 129 1558 861 597 1214 22 24 942 16595 2242 507 896 47 53 1285 655
internal_value=-0.000356885 -0.00777439 -0.00844816 -0.0384521 0.000704989 0.00246141 0.0116278 -0.0125175 -0.0420164 0.000332325 -0.00804402 0.0189483 -0.0172601 -0.00873655 0.0196319 0.027451 0.00420558 0.0275647 0.0111091 -0.043573 0.00279495 0.0411603 0.00287284 0.0123323 -0.0117806 0.0201625 0.00546514 0.00907735 -0.00972945 -0.0183837
internal_weight=49956 6256 6233 512 43700 33328 6282 1564 1045 27046 6294 1602 4692 3544 4718 3131 1587 726 1573 1148 1338 1058 20752 4157 1019 3138 1314 1267 3523 2238
internal_count=49956 6256 6233 512 43700 33328 6282 1564 1045 27046 6294 1602 4692 3544 4718 3131 1587 726 1573 1148 1338 1058 20752 4157 1019 3138 1314 1267 3523 2238
is_linear=0
shrinkage=0.05


Tree=204
num_leaves=31
num_cat=0
split_feature=8 4 0 6 6 8 4 0 8 4 8 5 4 0 4 5 8 0 8 6 3 4 4 5 4 0 3 8 4 4
split_gain=176.253 206.391 496.064 311.18 276.755 229.838 222.893 344.931 373.373 274.789 629.683 465.61 1003.44 423.229 271.814 410.449 247.366 226.225 224.052 356.898 221.012 288.696 212.212 561.472 590.663 345.555 222.708 230.702 352.529 301.945
threshold=295.00250000000005 19.500000000000004 26.256250000000005 281.88750000000005 255.14250000000001 164.00375000000003 4.5000000000000009 25.903750000000006 115.01750000000001 7.5000000000000009 91.300000000000011 1.0000000180025095e-35 6.5000000000000009 26.976250000000004 3.5000000000000004 1.0000000180025095e-35 156.99500000000003 25.201250000000005 127.92875000000002 135.30875000000003 1.0000000180025095e-35 6.5000000000000009 10.500000000000002 1.0000000180025095e-35 9.5000000000000018 25.903750000000006 1.0000000180025095e-35 257.75500000000005 16.500000000000004 14.500000000000002
decision_type=2 2 2 2 2 2 2 2 2 2 2 2 2 2 2 2 2 2 2 2 2 2 2 2 2 2 2 2 2 2
left_child=1 6 3 -3 5 -4 7 18 -9 11 13 12 17 -11 -10 -16 -14 -8 -1 -20 21 -13 23 24 -12 -25 -24 -28 29 -29
right_child=-2 2 4 -5 -6 -7 9 8 14 10 22 20 16 -15 15 -17 -18 -19 19 -21 -22 -23 26 25 -26 -27 27 28 -30 -31
leaf_value=-0.01939799826083452 0.010433157810221421 -0.0066800599264656303 -0.12468383440700098 0.035081046559237071 -0.056668988122500631 0.0019037168849196828 -0.019376932461762295 -0.22624318032808929 -0.015031287468497337 0.036415256725417247 0.039256838105469614 0.037174814711321662 -0.071520951252785472 0.3219161707162857 0.045096459684352719 -0.10055565229278396 0.05506253009309852 -0.066316109034683435 0.032935370910528596 -0.0023269039782946393 0.0028234260256105137 0.0058934047994007588 -0.0012622850005324397 -0.042449831850098735 -0.025166190061955369 -0.0098343666472742279 0.0075426901392328261 0.046672133687627682 0.079151587282731639 -0.068376620242021763
leaf_weight=1502 3529 4598 39 494 760 445 573 23 1501 27 1043 2179 42 25 62 220 476 465 817 5896 1392 1115 12520 1049 540 3596 4504 131 292 101
leaf_count=1502 3529 4598 39 494 760 445 573 23 1501 27 1043 2179 42 25 62 220 476 465 817 5896 1392 1115 12520 1049 540 3596 4504 131 292 101
internal_value=-0.000339041 -0.00115786 -0.00954369 -0.00262861 -0.0378488 -0.00829652 0.000167446 -0.00629067 -0.0260752 0.00231965 -0.000126711 0.0116583 -0.0120399 0.173675 -0.0234931 -0.0685328 0.044799 -0.0404046 -0.00194121 0.00196466 0.0195274 0.0265862 -0.000506829 -0.00843595 0.0172806 -0.0172001 0.00230731 0.0111958 0.0425959 -0.00341375
internal_weight=49956 46427 6336 5092 1244 484 40091 10021 1806 30070 23828 6242 1556 52 1783 282 518 1038 8215 6713 4686 3294 23776 6228 1583 4645 17548 5028 524 232
internal_count=49956 46427 6336 5092 1244 484 40091 10021 1806 30070 23828 6242 1556 52 1783 282 518 1038 8215 6713 4686 3294 23776 6228 1583 4645 17548 5028 524 232
is_linear=0
shrinkage=0.05


Tree=205
num_leaves=31
num_cat=0
split_feature=4 6 4 5 6 6 1 6 4 1 4 5 1 1 1 1 1 1 7 1 1 5 4 6 4 6 7 4 5 4
split_gain=160.293 200.997 180.738 145.393 139.905 123.848 123.6 174.542 111.066 459.458 414.256 1753.43 1610.29 964.974 872.334 878.876 854.978 977.369 827.362 715.78 607.725 560.253 626.884 551.263 547.857 464.43 427.554 418.947 1119.92 1438.55
threshold=20.500000000000004 343.70000000000005 1.0000000180025095e-35 1.0000000180025095e-35 127.79375000000002 195.00375000000003 6.5000000000000009 331.00125000000008 16.500000000000004 10.500000000000002 17.500000000000004 1.0000000180025095e-35 7.5000000000000009 4.5000000000000009 2.5000000000000004 9.5000000000000018 8.5000000000000018 4.5000000000000009 193.25500000000002 1.5000000000000002 9.5000000000000018 1.0000000180025095e-35 18.500000000000004 264.00250000000005 18.500000000000004 256.93000000000006 228.58250000000001 18.500000000000004 1.0000000180025095e-35 19.500000000000004
decision_type=2 2 2 2 2 2 2 2 2 2 2 2 2 2 2 2 2 2 2 2 2 2 2 2 2 2 2 2 2 2
left_child=2 4 3 5 -2 -1 7 -6 -4 10 11 14 13 19 -10 18 17 21 -16 -13 -14 22 -12 -22 -23 -15 -27 -19 29 -29
right_child=1 -3 8 -5 6 -7 -8 -9 9 -11 16 12 20 25 15 -17 -18 27 -20 -21 23 24 -24 -25 -26 26 -28 28 -30 -31
leaf_value=-0.019450686440813596 0.067544301133602866 0.14027991375845414 0.00075577260923331759 -0.020713784064292782 -0.013989996128194413 0.030441601833646734 -0.00072546536514721748 -0.14404286660540563 0.083645817958654806 -0.029811569115541066 0.10838367784669137 -0.033996857559532488 0.17888059976814996 -0.0020629157189516324 0.026555601866806257 0.12771453572945163 -0.036770818904961491 0.064546116651149149 -0.15255614575905524 0.098728540540391277 0.23576942948817181 -0.065529611448358699 -0.0040515198496455258 -0.014564858899953273 -0.0046783087978193548 -0.27230200656887255 -0.05588847580239982 0.19339353072338125 -0.0037288234773180592 -0.00044322024505489914
leaf_weight=211 61 23 33254 1555 3335 303 2766 26 98 761 184 133 303 315 85 44 1041 822 267 430 29 556 380 91 1105 33 74 188 1177 195
leaf_count=211 61 23 33254 1555 3335 303 2766 26 98 761 184 133 303 315 85 44 1041 822 267 430 29 556 380 91 1105 33 74 188 1177 195
internal_value=0.000260176 -0.00725515 0.00132993 -0.0130934 -0.00780352 0.00996053 -0.00855368 -0.0149961 0.00204789 0.0072179 0.0109503 0.0311327 0.0595688 0.0245281 -0.0499161 -0.0829693 0.00415373 0.0134011 -0.109305 0.0673742 0.141165 -0.0104274 0.0326295 0.0459326 -0.0250476 -0.032634 -0.122633 0.035659 0.0204376 0.0947038
internal_weight=49845 6211 43634 2069 6188 514 6127 3361 41565 8311 7550 1902 1408 985 494 396 5648 4607 352 563 423 2225 564 120 1661 422 107 2382 1560 383
internal_count=49845 6211 43634 2069 6188 514 6127 3361 41565 8311 7550 1902 1408 985 494 396 5648 4607 352 563 423 2225 564 120 1661 422 107 2382 1560 383
is_linear=0
shrinkage=0.05


Tree=206
num_leaves=31
num_cat=0
split_feature=8 6 0 6 8 8 8 6 8 8 4 4 1 7 8 6 8 6 0 8 0 8 7 6 6 0 8 8 6 7
split_gain=213.434 301.408 245.018 237.666 566.145 450.314 333.941 277.092 263.925 363.583 385.287 243.777 232.597 205.983 341.478 402.766 308.667 905.692 1515.18 561.309 320.585 253.616 363.886 278.462 229.663 227.329 201.938 194.239 231.906 335.936
threshold=228.00500000000002 248.24375000000003 24.631250000000005 219.22125000000003 91.300000000000011 106.59625000000001 210.48750000000004 201.87750000000003 169.25625000000002 135.42375000000004 4.5000000000000009 1.0000000180025095e-35 7.5000000000000009 189.35500000000005 179.80250000000004 181.00625000000002 129.50500000000002 151.03250000000003 26.536249999999999 91.300000000000011 28.818750000000005 136.98250000000004 154.00125000000003 135.30875000000003 140.96750000000003 25.726250000000004 91.300000000000011 188.31000000000003 166.29750000000004 268.00875000000002
decision_type=2 2 2 2 2 2 2 2 2 2 2 2 2 2 2 2 2 2 2 2 2 2 2 2 2 2 2 2 2 2
left_child=3 -2 -3 6 -5 -6 7 11 9 10 -9 -1 -11 14 15 21 17 18 -15 -19 -20 22 23 -13 -23 -21 -24 28 -18 -30
right_child=1 2 -4 4 5 -7 -8 8 -10 12 -12 13 -14 16 -16 -17 27 19 20 25 -22 24 26 -25 -26 -27 -28 -29 29 -31
leaf_value=-0.027104821681581022 0.01152071970503676 0.042755282099448871 -0.0023331791089976441 0.20554127703110378 -0.23800218655643138 -0.011382892551692215 0.014042477052848773 -0.24224442891452624 -0.023273118202839223 0.017582102300865311 0.018354579615029131 0.0075408025078005153 0.12282492577103854 -0.4390678428468251 0.020077586373856815 -0.033343339281336197 0.0019353516864392796 0.38553045392036439 -0.060661893302486058 -0.039146812205823764 0.2124588829549876 0.031843721409452928 -0.19983909415162129 -0.031207899538986384 0.0047082728675981638 0.14129756273468957 -0.046668156528633514 0.00040246263191358409 -0.027288074245479299 -0.18842160588864126
leaf_weight=814 8343 310 10743 30 22 6108 3545 23 2340 140 37 1796 84 21 2698 830 825 20 21 24 22 920 23 625 5115 64 334 2302 1633 33
leaf_count=814 8343 310 10743 30 22 6108 3545 23 2340 140 37 1796 84 21 2698 830 825 20 21 24 22 920 23 625 5115 64 334 2302 1633 33
internal_value=0.000247167 0.00434657 -0.0010686 -0.00236415 -0.0111358 -0.0121962 -0.000139552 -0.00256316 -0.0177488 0.0277686 -0.0815417 -0.000364092 0.0570482 0.000893677 0.00435364 -4.5738e-05 -0.00770641 0.0581041 -0.0909411 0.146427 0.0790743 0.0030902 -0.00941149 -0.00246248 0.00884491 0.0920855 -0.0565363 -0.0100681 -0.0197441 -0.0304798
internal_weight=49845 19396 11053 30449 6160 6130 24289 20744 2624 284 60 18120 224 17306 12341 9643 4965 172 64 108 43 8813 2778 2421 6035 88 357 4793 2491 1666
internal_count=49845 19396 11053 30449 6160 6130 24289 20744 2624 284 60 18120 224 17306 12341 9643 4965 172 64 108 43 8813 2778 2421 6035 88 357 4793 2491 1666
is_linear=0
shrinkage=0.05


Tree=207
num_leaves=31
num_cat=0
split_feature=8 6 4 6 6 4 8 6 1 8 8 4 7 6 8 7 8 8 4 6 7 4 8 6 1 8 1 7 6 7
split_gain=194.424 274.512 229.969 215.798 304.968 343.915 479.208 287.641 278.142 266.616 226.036 212.484 205.267 190.728 356.049 501.152 501.359 351.788 255.396 218.81 305.508 190.345 265.54 450.062 220.149 343.345 207.716 187.664 349.891 185.072
threshold=242.25125000000003 248.24375000000003 19.500000000000004 326.76375000000002 241.00250000000003 22.500000000000004 176.47750000000005 152.09250000000006 11.500000000000002 145.50125000000003 181.75125000000003 4.5000000000000009 300.63125000000008 148.06750000000002 139.74500000000003 235.00375000000003 115.01750000000001 139.74500000000003 3.5000000000000004 242.64875000000004 170.25500000000002 7.5000000000000009 91.300000000000011 146.18250000000003 2.5000000000000004 158.51500000000001 1.5000000000000002 160.70750000000004 259.01625000000007 138.66125000000002
decision_type=2 2 2 2 2 2 2 2 2 2 2 2 2 2 2 2 2 2 2 2 2 2 2 2 2 2 2 2 2 2
left_child=2 -2 11 4 5 6 8 -8 -4 -7 -6 13 21 17 15 16 -15 -1 19 -16 -21 24 23 -23 25 26 -13 28 -3 -28
right_child=1 27 3 -5 10 9 7 -9 -10 -11 -12 12 -14 14 18 -17 -18 -19 -20 20 -22 22 -24 -25 -26 -27 29 -29 -30 -31
leaf_value=-0.0097792303330109017 0.015184947820181883 -0.019837345383415111 -0.081181756993664395 0.11031672992876598 -0.16385610176380291 -0.037587887723523811 0.13190694949330969 -0.010747214178000269 0.009055616071068303 0.028802702849588382 -0.042583843874661229 -0.025345964410091539 0.056032683876953253 -0.2964805344588563 0.0023836555159137242 0.14607774868297083 -0.067401578694869943 0.02662858919338966 -0.033218775373109674 0.12854334279628737 -0.040970854907725826 -0.057148389163471404 -0.001303250995033243 0.25147961665082863 0.0048455659852925902 0.063357744569279742 -0.010061583187346996 -0.000237008581922091 0.17559568095345832 0.067694086821749808
leaf_weight=2095 4608 49 408 35 43 188 36 1917 108 773 361 286 174 27 2521 24 207 971 976 28 524 21 18053 27 4716 447 136 9868 43 175
leaf_count=2095 4608 49 408 35 43 188 36 1917 108 773 361 286 174 27 2521 24 207 971 976 28 524 21 18053 27 4716 447 136 9868 43 175
internal_value=0.000234809 0.00509418 -0.00177192 -0.0132741 -0.0144023 -0.00956267 -0.0194402 -0.00811764 -0.0622949 0.0158147 -0.0554915 -0.000355022 0.00192277 -0.00778031 -0.0145654 -0.0715164 -0.0938338 0.0017511 -0.0109365 -0.00385952 -0.0323723 0.00152818 -0.000990982 0.116455 0.00944475 0.0302204 0.00540895 0.000425681 0.0715064 0.0336916
internal_weight=49845 14568 35277 3869 3834 3430 2469 1953 516 961 404 31408 24035 7373 4307 258 234 3066 4049 3073 552 23861 18101 48 5760 1044 597 9960 92 311
internal_count=49845 14568 35277 3869 3834 3430 2469 1953 516 961 404 31408 24035 7373 4307 258 234 3066 4049 3073 552 23861 18101 48 5760 1044 597 9960 92 311
is_linear=0
shrinkage=0.05


Tree=208
num_leaves=31
num_cat=0
split_feature=8 5 7 4 0 4 8 4 4 8 1 4 4 1 7 7 4 0 8 1 4 4 0 4 8 5 4 4 1 0
split_gain=179.721 202.909 286.417 215.723 232.232 572.39 700.88 376.543 309.533 316.199 566.969 748.544 538.775 331.173 262.758 251.399 206.736 184.754 226.195 174.447 172.064 171.166 213.422 419.082 515.209 265.824 432.178 509.382 355.953 316.852
threshold=228.00500000000002 1.0000000180025095e-35 296.00125000000008 21.500000000000004 28.266250000000003 15.500000000000002 290.55875000000009 3.5000000000000004 19.500000000000004 254.99500000000003 7.5000000000000009 18.500000000000004 8.5000000000000018 8.5000000000000018 162.03750000000005 306.35125000000011 16.500000000000004 25.871250000000003 299.41000000000003 4.5000000000000009 1.0000000180025095e-35 1.0000000180025095e-35 25.016250000000003 4.5000000000000009 106.59625000000001 1.0000000180025095e-35 6.5000000000000009 15.500000000000002 5.5000000000000009 26.976250000000004
decision_type=2 2 2 2 2 2 2 2 2 2 2 2 2 2 2 2 2 2 2 2 2 2 2 2 2 2 2 2 2 2
left_child=21 3 -3 4 7 -6 16 14 9 -9 12 15 -11 -13 -2 -12 -7 -4 -19 -18 -16 -1 -23 24 -24 26 -25 -28 -29 -30
right_child=1 2 17 -5 5 6 -8 8 -10 10 11 13 -14 -15 20 -17 19 18 -20 -21 -22 22 23 25 -26 -27 27 28 29 -31
leaf_value=-0.022208067239900754 0.16144574229419231 0.0040448514098628255 0.011203181140362194 -0.015743712262855366 0.021891151707231854 -0.030600539328750329 0.037914658110588792 0.03544471095618399 0.013582270029739727 0.035857184847386987 0.089013247304596019 0.080030078476955813 0.23235037409753168 -0.1158489036695166 0.031120392786525369 0.26095113583185053 -0.010108101807343655 -0.040673352665057269 -0.0048104419252939295 -0.12589908792751328 -0.017273102768756928 0.0030211070631152429 -0.2810323973496755 -0.067025108401168113 -0.030886577794858917 0.00067310564384439036 0.0007673711667926888 -0.014831494835270468 -0.022580290574612274 -0.12696431797521654
leaf_weight=1030 25 12259 510 582 1309 144 200 533 572 52 100 31 106 71 261 27 39 891 868 196 620 13923 21 359 1040 10778 2617 372 117 192
leaf_count=1030 25 12259 510 582 1309 144 200 533 572 52 100 31 106 71 261 27 39 891 868 196 620 13923 21 359 1040 10778 2617 372 117 192
internal_value=0.000223069 0.00398481 0.00102451 0.0128195 0.0166981 0.00358132 -0.0378134 0.0270253 0.0424648 0.0604222 0.0948227 0.0445531 0.167682 -0.0563171 0.00159961 0.125567 -0.0777755 -0.0152939 -0.0229764 -0.106683 -0.00293632 -0.00217316 -0.00147171 -0.00550846 -0.0358376 -0.00327921 -0.0149276 -0.00925656 -0.0477773 -0.0874403
internal_weight=49845 19396 14528 4868 4286 1888 579 2398 1492 920 387 229 158 102 906 127 379 2269 1759 235 881 30449 29419 15496 1061 14435 3657 3298 681 309
internal_count=49845 19396 14528 4868 4286 1888 579 2398 1492 920 387 229 158 102 906 127 379 2269 1759 235 881 30449 29419 15496 1061 14435 3657 3298 681 309
is_linear=0
shrinkage=0.05


Tree=209
num_leaves=31
num_cat=0
split_feature=8 6 6 8 8 8 6 7 7 8 8 7 6 8 6 6 7 8 7 6 7 8 6 7 1 6 5 6 7 1
split_gain=163.56 244.987 195.487 483.769 422.458 401.961 274.42 348.727 324.895 293.772 280.082 437.728 279.999 303.169 650.136 1099.16 242.127 242.081 240.668 223.736 200.172 185.239 231.141 218.425 183.176 216.295 173.992 184.691 171.558 186.712
threshold=242.25125000000003 248.24375000000003 219.22125000000003 91.300000000000011 115.01750000000001 207.00125000000003 189.75375000000003 297.66750000000008 255.50375000000003 172.10750000000004 161.00500000000002 145.52500000000003 166.29750000000004 91.300000000000011 126.45750000000001 139.61625000000004 195.77875000000003 191.81875000000002 271.00750000000005 204.75125000000003 205.91250000000002 136.98250000000004 135.30875000000003 153.16250000000002 2.5000000000000004 192.46250000000003 1.0000000180025095e-35 165.52500000000003 249.75125000000003 11.500000000000002
decision_type=2 2 2 2 2 2 2 2 2 2 2 2 2 2 2 2 2 2 2 2 2 2 2 2 2 2 2 2 2 2
left_child=2 26 5 -4 -5 6 7 8 9 12 11 -8 13 14 -1 -16 -11 -12 -7 -20 24 22 23 -15 -13 -26 27 -2 29 -14
right_child=1 -3 3 4 -6 18 10 -9 -10 16 17 20 28 21 15 -17 -18 -19 19 -21 -22 -23 -24 -25 25 -27 -28 -29 -30 -31
leaf_value=0.10768557911919011 0.14413733301418169 0.0002586323384220082 0.19281546940406166 -0.18167582765221596 -0.0076505744822339536 0.015159407216979885 -0.17278289780593836 0.18721443994902076 -0.055420735514277036 0.018619420321934223 -0.031554899588719092 0.10694673654224192 -0.027269241247907194 0.0060394247464554025 -0.33702288735203628 0.053992657409980896 -0.0053514147115880191 -0.0073910157069529128 -0.061515350941586881 0.01892582321399823 0.074644738678503686 0.0077704677475934477 -0.031416730691130497 -0.045081610285894989 -0.16493297630751677 0.003795144138790721 0.0085954287211530717 0.027492636826740975 0.10295726430735418 0.018757190750225403
leaf_weight=31 35 9960 30 35 9668 5267 26 25 257 3422 1709 35 1804 1885 41 32 1522 2634 204 150 197 4845 783 235 22 139 3457 1116 28 251
leaf_count=31 35 9960 30 35 9668 5267 26 25 257 3422 1709 35 1804 1885 41 32 1522 2634 204 150 197 4845 783 235 22 139 3457 1116 28 251
internal_value=0.000211915 0.00466893 -0.00162865 -0.00765848 -0.00827831 0.000668881 -0.00266267 0.000626081 0.000317895 0.00128065 -0.0131332 0.0259064 -0.00367549 0.000647839 -0.0841531 -0.165619 0.01124 -0.0168997 0.0124772 -0.0274301 0.0390513 0.00178611 -0.00820157 0.000372706 0.0032762 -0.0192609 0.0142016 0.0310396 -0.0199726 -0.0216475
internal_weight=49845 14568 35277 9733 9703 25544 19923 15161 15136 14879 4762 419 9935 7852 104 73 4944 4343 5621 354 393 7748 2903 2120 196 161 4608 1151 2083 2055
internal_count=49845 14568 35277 9733 9703 25544 19923 15161 15136 14879 4762 419 9935 7852 104 73 4944 4343 5621 354 393 7748 2903 2120 196 161 4608 1151 2083 2055
is_linear=0
shrinkage=0.05


Tree=210
num_leaves=31
num_cat=0
split_feature=6 7 0 7 7 4 3 4 4 1 4 4 3 1 6 4 1 4 1 7 0 6 4 7 7 7 6 6 6 0
split_gain=150.489 313.752 246.321 203.354 166.217 127.073 151.987 126.132 422.95 377.352 211.501 354.566 323.563 401.799 285.772 261.368 258.441 251.793 242.961 226.729 213.504 202.429 196.895 287.606 243.956 237.038 209.751 580.557 192.158 421.995
threshold=134.00250000000003 154.00125000000003 26.051250000000003 288.67250000000007 91.300000000000011 3.5000000000000004 1.0000000180025095e-35 5.5000000000000009 7.5000000000000009 5.5000000000000009 10.500000000000002 12.500000000000002 1.0000000180025095e-35 7.5000000000000009 164.00375000000003 11.500000000000002 9.5000000000000018 8.5000000000000018 8.5000000000000018 213.16125000000002 30.586250000000003 238.30750000000003 3.5000000000000004 261.00125000000008 91.300000000000011 154.00125000000003 266.00125000000008 219.22125000000003 211.00250000000003 32.403750000000009
decision_type=2 2 2 2 2 2 2 2 2 2 2 2 2 2 2 2 2 2 2 2 2 2 2 2 2 2 2 2 2 2
left_child=1 2 4 -3 -1 -6 -7 22 9 -9 12 15 28 14 -14 -12 17 19 -19 -15 -20 -22 23 24 -2 26 27 -26 -10 -30
right_child=7 3 -4 -5 5 6 -8 8 10 -11 11 -13 13 16 -16 -17 -18 18 20 -21 21 -23 -24 -25 25 -27 -28 -29 29 -31
leaf_value=-0.091233775935002745 0.15767842465295243 -0.019063836363117977 0.095602735976885581 0.13164522330398146 0.0090806054621335435 0.046945530161759445 -0.0013232165481242657 0.033353132373943606 -0.012376044105592737 0.0025953738774688209 0.001808445071305914 -0.0014935221990988316 0.091943292724758846 -0.12309892101544201 -0.015285655905529473 0.027184352928614611 -0.02526486694796547 -0.068544772335540835 -0.2507947420146554 0.028227950585350187 -0.015268692175547284 -0.19004484727676657 -0.015490816171184561 -0.020155529605742909 -0.01262469895247036 0.010290290137733095 0.13225257055213055 -0.27767961313338241 0.016063506307340859 -0.05809783727100596
leaf_weight=35 26 834 104 23 1340 607 223 1784 2189 2261 2020 22614 66 38 1061 2039 317 127 47 71 30 37 3270 1463 1273 3934 24 21 1929 213
leaf_count=35 26 834 104 23 1340 607 223 1784 2189 2261 2020 22614 66 38 1061 2039 317 127 47 71 30 37 3270 1463 1273 3934 24 21 1929 213
internal_value=0.000266716 0.0108171 0.0204064 -0.0150191 0.0168597 0.0186032 0.0339769 -0.000446192 0.0009061 0.0161607 -0.000975263 0.000948804 -0.00935414 -0.0272099 -0.00900605 0.0145558 -0.0579682 -0.0875881 -0.116109 -0.0245282 -0.169097 -0.111787 -0.00542297 -0.000539141 0.00489829 0.00414196 -0.0142098 -0.0169262 -0.00195786 0.00868892
internal_weight=50020 3166 2309 857 2205 2170 830 46854 36843 4045 32798 26673 6125 1794 1127 4059 667 350 241 109 114 67 10011 6741 5278 5252 1318 1294 4331 2142
internal_count=50020 3166 2309 857 2205 2170 830 46854 36843 4045 32798 26673 6125 1794 1127 4059 667 350 241 109 114 67 10011 6741 5278 5252 1318 1294 4331 2142
is_linear=0
shrinkage=0.05


Tree=211
num_leaves=31
num_cat=0
split_feature=8 0 7 5 8 4 4 8 0 5 7 0 4 4 0 7 0 8 8 0 4 7 8 7 4 0 7 8 0 8
split_gain=230.618 355.49 223.25 169.563 334.215 272.079 351.701 238.975 451.77 233.485 208.662 260.342 195.398 288.689 566.811 281.838 246.331 409.176 224.616 309.983 173.965 173.247 185.197 265.872 172.737 169.354 192.76 173.749 157.597 251.418
threshold=250.68625000000003 25.158750000000001 269.00125000000008 1.0000000180025095e-35 343.17750000000007 19.500000000000004 18.500000000000004 306.86500000000007 28.091250000000006 22.500000000000004 220.53250000000006 29.101250000000004 18.500000000000004 16.500000000000004 27.121250000000003 306.35125000000011 27.728750000000005 305.02000000000004 281.36000000000007 26.468750000000004 19.500000000000004 185.39375000000004 320.50750000000005 245.00250000000003 1.0000000180025095e-35 27.683750000000003 280.75250000000005 301.01500000000004 26.086250000000003 308.50625000000008
decision_type=2 2 2 2 2 2 2 2 2 2 2 2 2 2 2 2 2 2 2 2 2 2 2 2 2 2 2 2 2 2
left_child=2 -2 -1 4 5 6 7 -3 -9 -5 -8 28 13 24 18 -16 21 20 19 -15 -18 -14 -23 -24 -11 -7 -27 -28 -12 -30
right_child=1 3 -4 9 -6 25 10 8 -10 12 11 -13 16 14 15 -17 17 -19 -20 -21 -22 22 23 -25 -26 26 27 -29 29 -31
leaf_value=-0.00070374873437941451 0.035332615163062638 0.009733742426542645 -0.017102849548636067 -0.011807866414625197 0.16576443753308723 0.0013587906694493626 0.21469895255565646 0.015044988034706977 0.24819835084340267 -0.029108658288818513 -0.01629721027086763 -0.080333685342754646 -0.09325027503073216 -0.025909435055976694 0.082343564253245877 -0.010735894243556018 -0.18584858365356924 -0.00955683384625923 -0.073828747070261422 0.15637750014866469 -0.06667014199627351 0.00044702283237882281 0.22564194668084384 0.032543636012038718 0.010469872754377624 -0.0015262117566616864 -0.21446132310479882 -0.061735507570947083 0.14096855437690933 0.0095075437225974543
leaf_weight=35817 969 1488 2203 2733 36 714 25 63 31 317 34 28 45 86 478 98 50 373 119 32 79 1534 20 164 2115 98 25 73 121 52
leaf_count=35817 969 1488 2203 2733 36 714 25 63 31 317 34 28 45 86 478 98 50 373 119 32 79 1534 20 164 2115 98 25 73 121 52
internal_value=0.00025338 0.00629648 -0.00165396 0.00374585 0.0144051 0.0124251 0.0234752 0.0146181 0.091936 0.000140627 0.0773677 0.062758 0.00606717 0.0139336 0.0397274 0.0665071 -0.00520292 -0.0361037 -0.0253576 0.0235243 -0.112863 0.00359584 0.00613255 0.0535326 0.00531099 -0.00994244 -0.0511112 -0.100696 0.0821134 0.101454
internal_weight=50020 12000 38020 11031 2788 2752 1842 1582 94 8243 260 235 5510 3245 813 576 2265 502 237 118 129 1763 1718 184 2432 910 196 98 207 173
internal_count=50020 12000 38020 11031 2788 2752 1842 1582 94 8243 260 235 5510 3245 813 576 2265 502 237 118 129 1763 1718 184 2432 910 196 98 207 173
is_linear=0
shrinkage=0.05


Tree=212
num_leaves=31
num_cat=0
split_feature=8 6 8 6 4 0 0 4 8 8 0 6 8 0 8 7 4 4 0 4 8 6 3 7 6 8 0 6 6 6
split_gain=211.68 283.949 297.849 328.727 281.86 411.719 296.467 495.076 338.482 304.502 263.002 341.908 256.004 267.131 241.721 753.856 525.206 285.957 414.285 258.564 235.831 243.644 652.201 233.762 298.308 232.631 223.832 265.059 223.583 215.537
threshold=243.66750000000002 220.55125000000004 210.48750000000004 189.75375000000003 17.500000000000004 26.536249999999999 29.606250000000003 6.5000000000000009 120.76625000000001 152.45750000000001 25.158750000000001 182.39750000000004 155.99500000000003 24.508750000000003 161.75500000000002 205.91250000000002 4.5000000000000009 11.500000000000002 25.598750000000006 2.5000000000000004 166.34750000000003 314.35750000000002 1.0000000180025095e-35 257.04625000000004 204.75125000000003 191.81875000000002 28.176250000000003 233.16125000000002 319.00500000000005 319.00500000000005
decision_type=2 2 2 2 2 2 2 2 2 2 2 2 2 2 2 2 2 2 2 2 2 2 2 2 2 2 2 2 2 2
left_child=1 2 3 -1 6 29 7 8 -3 -8 11 -2 -10 -14 15 16 -5 18 -18 -17 -7 26 -23 -4 -25 -16 -22 -28 -9 -6
right_child=10 4 23 14 5 20 9 28 12 -11 -12 -13 13 -15 25 19 17 -19 -20 -21 21 22 -24 24 -26 -27 27 -29 -30 -31
leaf_value=0.0019884937953851566 0.21761237957069382 0.17145132212123526 0.015343682498969538 -0.28376468019559981 -0.017485598997970156 -0.21251300385704749 -0.11215423731066819 0.014956876637204084 -0.12486977515638703 -0.015420023625215364 0.0032170459709909547 0.023158091685098026 0.018715031046477305 -0.023859559347364192 -0.029901130016789085 -0.054552516715031946 0.044119064376822545 0.037741389031851154 -0.15993662584023399 0.11080546824880387 -0.01990638673204281 -0.34546220541000366 0.0058956468544368243 -0.049026030737749193 0.018508923419507311 -0.0075582361641142867 -0.011278703790612339 -0.17737239109801836 0.1827319977991283 0.086228214969070488
leaf_weight=15364 23 24 4682 20 1367 27 84 2786 54 2581 12774 1318 470 1705 1772 27 42 116 61 190 253 25 28 340 315 3401 41 58 20 52
leaf_count=15364 23 24 4682 20 1367 27 84 2786 54 2581 12774 1318 470 1705 1772 27 42 116 61 190 253 25 28 340 315 3401 41 58 20 52
internal_value=0.000240711 -0.00179868 0.000882686 -0.00179867 -0.00917209 -0.0266962 -0.00497257 0.00213716 -0.0153185 -0.0184691 0.00542841 0.0264933 -0.0173295 -0.0146595 -0.0121355 0.0227625 -0.0384955 -0.0160965 -0.0767295 0.090231 -0.0694344 -0.0598958 -0.159839 0.0114298 -0.0165474 -0.0152117 -0.0448476 -0.108586 0.0161527 -0.013685
internal_weight=50020 35905 26330 20993 9575 1851 7724 5059 2253 2665 14115 1341 2229 2175 5629 456 239 219 103 217 432 405 53 5337 655 5173 352 99 2806 1419
internal_count=50020 35905 26330 20993 9575 1851 7724 5059 2253 2665 14115 1341 2229 2175 5629 456 239 219 103 217 432 405 53 5337 655 5173 352 99 2806 1419
is_linear=0
shrinkage=0.05


Tree=213
num_leaves=31
num_cat=0
split_feature=6 4 4 1 4 5 4 4 5 4 3 4 3 1 6 1 4 1 4 1 6 3 0 1 6 0 4 0 4 4
split_gain=134.449 112.404 386.164 341.845 187.083 495.19 736.624 327.55 321.862 529.802 292.616 278.748 197.888 180.01 238.781 177.114 174.397 157.512 155.609 277.647 155.554 156.571 216.321 286.041 165.617 155.164 154.782 153.856 355.65 698.147
threshold=134.00250000000003 5.5000000000000009 7.5000000000000009 5.5000000000000009 10.500000000000002 1.0000000180025095e-35 9.5000000000000018 12.500000000000002 1.0000000180025095e-35 11.500000000000002 1.0000000180025095e-35 9.5000000000000018 1.0000000180025095e-35 7.5000000000000009 170.75250000000003 4.5000000000000009 3.5000000000000004 2.5000000000000004 8.5000000000000018 5.5000000000000009 229.01000000000002 1.0000000180025095e-35 27.236250000000002 1.5000000000000002 196.34250000000003 26.536249999999999 8.5000000000000018 29.381250000000005 14.500000000000002 17.500000000000004
decision_type=2 2 2 2 2 2 2 2 2 2 2 2 2 2 2 2 2 2 2 2 2 2 2 2 2 2 2 2 2 2
left_child=-1 16 3 20 5 6 18 8 9 17 25 13 -10 14 -12 -16 -2 -6 19 -4 21 22 23 24 -3 -7 -15 28 -9 -30
right_child=1 2 4 -5 7 10 -8 27 12 -11 11 -13 -14 26 15 -17 -18 -19 -20 -21 -22 -23 -24 -25 -26 -27 -28 -29 29 -31
leaf_value=0.010200972634421941 -0.00054697829882029635 -0.017401424555777058 0.10062965722957061 0.0024961887572957195 -0.10714632323367541 -0.026981301812555338 -0.033254093605586711 -0.022178247368203535 0.013950190674645147 0.025230041895592244 0.084011601895476004 -0.0042462481903206587 0.042103409524455432 -0.046882513946091588 -0.070071637732684863 -0.011335416690039237 -0.014618533032606122 -0.033858657747903358 0.021175870900997904 0.02587198383912134 0.078330929508483457 0.0020989725240547442 -0.0092114269343160447 0.062637431071510194 0.10024069375225475 -0.0023400159407064251 -0.11457245918582976 -0.0092418738982337819 0.021084798472659094 -0.0030749963046514451
leaf_weight=3166 6741 206 230 2261 89 873 510 1550 2159 517 39 443 878 165 292 229 3270 416 519 270 163 452 210 718 35 2382 173 5003 3973 12088
leaf_count=3166 6741 206 230 2261 89 873 510 1550 2159 517 39 443 878 165 292 229 3270 416 519 270 163 452 210 718 35 2382 173 5003 3973 12088
internal_value=0.000228675 -0.000445169 0.000831415 0.0154076 -0.00096627 -0.00884664 0.0158018 0.000843322 0.0139216 -0.0103496 -0.0170467 -0.0367025 0.0220893 -0.0527137 -0.0353219 -0.0442548 -0.00514332 -0.0467747 0.0403538 0.0602605 0.0317711 0.0270893 0.0367519 0.0468169 -0.00031647 -0.00894888 -0.0815286 -0.00150411 0.000694059 0.0029014
internal_weight=50020 46854 36843 4045 32798 6125 1529 26673 4059 1022 4596 1341 3037 898 560 521 10011 505 1019 500 1784 1621 1169 959 241 3255 338 22614 17611 16061
internal_count=50020 46854 36843 4045 32798 6125 1529 26673 4059 1022 4596 1341 3037 898 560 521 10011 505 1019 500 1784 1621 1169 959 241 3255 338 22614 17611 16061
is_linear=0
shrinkage=0.05


Tree=214
num_leaves=31
num_cat=0
split_feature=8 6 0 3 8 7 8 0 8 0 0 8 1 6 7 8 0 0 7 0 0 8 7 8 6 1 8 8 1 6
split_gain=202.011 226.079 623.376 384.078 572.721 701.578 463.268 473.986 321.198 337.534 237.458 249.969 222.152 213.702 351.169 292.727 416.712 189.512 196.618 218.873 185.659 184.906 182.204 180.726 173.844 176.747 235.004 171.63 167.654 164.095
threshold=323.40875000000005 299.79875000000004 27.811250000000005 1.0000000180025095e-35 289.01125000000008 233.75750000000002 251.25125000000003 29.211250000000003 277.75750000000005 23.401250000000001 22.151250000000001 182.40250000000003 6.5000000000000009 264.00250000000005 186.69750000000002 179.13250000000002 26.976250000000004 26.291250000000002 293.00500000000005 27.601250000000004 24.631250000000005 308.50625000000008 270.00125000000008 250.00500000000002 321.28250000000008 8.5000000000000018 290.55875000000009 312.00250000000005 3.5000000000000004 181.75125000000003
decision_type=2 2 2 2 2 2 2 2 2 2 2 2 2 2 2 2 2 2 2 2 2 2 2 2 2 2 2 2 2 2
left_child=1 8 10 4 5 -4 -7 -8 13 -10 -3 -12 -5 23 -15 16 -16 24 19 -19 -17 -21 -6 -1 25 -13 -27 -24 -11 -25
right_child=-2 2 3 12 22 6 7 -9 9 28 11 17 -14 14 15 20 -18 18 -20 21 -22 -23 27 29 -26 26 -28 -29 -30 -31
leaf_value=-0.0008198327315832786 0.024212718406895269 0.17244825638830663 -0.010803708011834799 0.04079192467507417 0.013744570101690265 -0.46697708785533909 -0.10290480557343235 -0.38958762430009392 0.18502959603893346 -0.059217205007451694 -0.12934845866434075 0.042044944776168776 -0.051320604673273179 0.045144296125211619 -0.037368857728447329 0.038018400208248454 -0.31362310135737065 -0.0024923982324337578 -0.034219350586452126 0.16835331011412513 -0.019224645207050459 0.015056148450821639 -0.12054496706027458 0.060108343996343364 0.091966015862470329 -0.10259056594072571 0.023353533791099758 -0.020217601286295135 0.015399620798830331 0.0081708249835991849
leaf_weight=36237 862 20 44 118 87 20 46 21 29 77 37 227 147 235 43 150 20 518 458 37 2544 42 94 158 88 62 92 78 3370 4059
leaf_count=36237 862 20 44 118 87 20 46 21 29 77 37 227 147 235 43 150 20 518 458 37 2544 42 94 158 88 62 92 78 3370 4059
internal_value=0.000217241 -0.000203526 -0.0157365 -0.0567526 -0.0883136 -0.17351 -0.255799 -0.192761 0.000536676 0.0151619 0.00125623 -0.000937133 -0.0103045 -0.000633451 -0.0135278 -0.0185289 -0.125069 0.00218046 -0.00957544 0.0093306 -0.0160374 0.0868536 -0.0452217 0.000320221 0.028625 0.013995 -0.0273512 -0.0750477 0.0137328 0.0101168
internal_weight=50020 49158 2236 655 390 131 87 67 46922 3476 1581 1561 265 43446 2992 2757 63 1524 1055 597 2694 79 259 40454 469 381 154 172 3447 4217
internal_count=50020 49158 2236 655 390 131 87 67 46922 3476 1581 1561 265 43446 2992 2757 63 1524 1055 597 2694 79 259 40454 469 381 154 172 3447 4217
is_linear=0
shrinkage=0.05


Tree=215
num_leaves=31
num_cat=0
split_feature=8 0 8 5 6 6 6 7 8 0 8 6 6 0 6 6 6 7 6 8 8 8 6 3 8 7 5 6 0 0
split_gain=235.063 518.399 137.752 290.799 315.826 283.471 276.715 523.384 241.94 231.004 229.908 208.897 229.718 329.928 195.117 206.084 280.468 259.501 436.182 292.396 238.832 194.514 211.051 172.706 326.219 255.658 172.543 179.897 164.527 308.419
threshold=335.58625000000006 27.011250000000008 203.74375000000003 1.0000000180025095e-35 321.28250000000008 210.48750000000004 215.31125000000003 257.88250000000005 143.50250000000003 24.686250000000005 228.57250000000002 204.75125000000003 165.52500000000003 30.198750000000008 262.23625000000004 229.01000000000002 189.75375000000003 163.55875000000003 209.25750000000002 165.57000000000002 142.39625000000004 172.10750000000004 153.01000000000002 1.0000000180025095e-35 106.59625000000001 131.57250000000002 22.500000000000004 195.74625000000003 21.418750000000006 19.626250000000002
decision_type=2 2 2 2 2 2 2 2 2 2 2 2 2 2 2 2 2 2 2 2 2 2 2 2 2 2 2 2 2 2
left_child=2 -2 3 5 14 21 7 -4 -7 -10 -8 12 13 -9 15 16 23 18 -18 20 -19 22 -1 -5 25 -25 -22 -28 29 -12
right_child=1 -3 6 4 -6 8 10 11 9 -11 28 -13 -14 -15 -16 -17 17 19 -20 -21 26 -23 -24 24 -26 -27 27 -29 -30 -31
leaf_value=-0.005234658473509202 0.2598908060193062 0.023560029485957819 0.016033855131597691 0.0065486941886719833 0.1518751438926248 -0.13137491510382721 -0.01060167320732372 0.12347778824574136 0.025217401126882807 -0.048698496189312018 -0.0049998469526569052 0.010272967646208903 -0.054092864465345961 -0.071893306031706739 -0.04313959147031874 0.024732076336043695 -0.036913300457907687 -0.020390636853775696 -0.2296399807162357 -0.015310815908769704 0.10923282908020067 0.0027045559039127476 -0.033450734580315104 -0.0046768546104431156 -0.0050416507245103258 -0.22624773840109508 -0.074137208110519812 0.053782412066357213 0.0020050984363917715 -0.21117096935900359
leaf_weight=1458 25 323 5756 7952 34 70 4966 47 133 515 60 285 523 40 266 802 266 152 33 2795 102 1951 1215 23 3256 30 35 128 16654 26
leaf_count=1458 25 323 5756 7952 34 70 4966 47 133 515 60 285 523 40 266 802 266 152 33 2795 102 1951 1215 23 3256 30 35 128 16654 26
internal_value=-0.000412119 0.0405378 -0.000699586 -0.00374675 -0.000350934 -0.0138376 0.00158022 0.0105031 -0.0430669 -0.0335275 -0.00115385 -0.0250671 -0.0415784 0.033652 -0.000677681 4.75573e-05 -0.00129261 -0.0136312 -0.0581841 -0.00948381 0.0295725 -0.00929892 -0.0180601 0.00255436 -0.00704461 -0.130094 0.0582305 0.026315 0.00164889 -0.0673307
internal_weight=49921 348 49573 21216 15874 5342 28357 6651 718 648 21706 895 610 87 15840 15574 14772 3511 299 3212 417 4624 2673 11261 3309 53 265 163 16740 86
internal_count=49921 348 49573 21216 15874 5342 28357 6651 718 648 21706 895 610 87 15840 15574 14772 3511 299 3212 417 4624 2673 11261 3309 53 265 163 16740 86
is_linear=0
shrinkage=0.05


Tree=216
num_leaves=31
num_cat=0
split_feature=8 0 1 3 1 0 8 8 3 4 0 8 0 4 0 8 4 8 0 0 3 8 4 4 4 4 1 4 8 4
split_gain=212.144 467.855 174.537 385.849 392.711 705.454 256.418 125.396 223.606 270.729 731.933 423.862 955.6 311.285 632.373 248.218 223.416 211.013 585.14 124.713 305.717 206.417 191.971 317.188 451.281 255.379 187.613 188.962 233.931 220.518
threshold=335.58625000000006 27.011250000000008 8.5000000000000018 1.0000000180025095e-35 5.5000000000000009 28.931250000000002 343.17750000000007 120.76625000000001 1.0000000180025095e-35 3.5000000000000004 25.841250000000006 91.300000000000011 25.471250000000001 8.5000000000000018 26.941250000000007 91.300000000000011 15.500000000000002 106.59625000000001 21.106250000000006 25.241250000000004 1.0000000180025095e-35 264.75125000000008 8.5000000000000018 14.500000000000002 17.500000000000004 5.5000000000000009 2.5000000000000004 5.5000000000000009 272.50750000000005 1.5000000000000002
decision_type=2 2 2 2 2 2 2 2 2 2 2 2 2 2 2 2 2 2 2 2 2 2 2 2 2 2 2 2 2 2
left_child=7 -2 3 4 6 -6 -3 8 9 10 15 12 -11 -14 -15 -1 -13 18 -10 20 21 22 25 -24 -25 -9 -21 28 -28 -30
right_child=1 2 -4 -5 5 -7 -8 19 17 11 -12 16 13 14 -16 -17 -18 -19 -20 26 -22 -23 23 24 -26 -27 27 -29 29 -31
leaf_value=0.14717845354567877 0.24689627102017406 0.018008603952054319 -0.020991452511537959 0.2284443223917926 0.01633019572014318 0.33995238485790436 -0.19823353553477388 0.0065548865924595122 -0.23304135094643855 0.40203728459098126 -0.28010033265953616 0.0060321133392862982 -0.069333092570304872 -0.04439013586021387 0.3245104726226557 -0.025051768456447427 -0.15373509633152382 -0.027042487714741936 0.022953472304634931 -0.021507721386429583 -0.0074556067461864321 0.043103642584732205 -0.02537318524865298 0.035800360333034478 -0.0028002232330973835 0.030186041492484855 -0.016927853509734379 0.00034579766626261811 -0.0043677087122988376 0.046333725599296847
leaf_weight=22 25 29 135 27 85 21 26 4777 49 22 28 450 40 26 21 426 23 248 41 1201 4854 391 1044 953 3685 1503 3509 25197 765 298
leaf_count=22 25 29 135 27 85 21 26 4777 49 22 28 450 40 26 21 426 23 248 41 1201 4854 391 1044 953 3685 1503 3509 25197 765 298
internal_value=-0.000391513 0.0385109 0.022382 0.0535279 0.0241941 0.080444 -0.084215 -0.000664607 -0.0154375 -0.00412696 -0.0320944 0.0187468 0.107634 0.0331868 0.120438 -0.016594 -0.00173669 -0.0508416 -0.116421 -0.000236539 0.00317636 0.0073541 0.00618556 -0.000473545 0.00513129 0.0122106 -0.00213275 -0.00135109 -0.0107029 0.00984586
internal_weight=49921 348 323 188 161 106 55 49573 1396 1058 476 582 109 87 47 448 473 338 90 48177 17207 12353 11962 5682 4638 6280 30970 29769 4572 1063
internal_count=49921 348 323 188 161 106 55 49573 1396 1058 476 582 109 87 47 448 473 338 90 48177 17207 12353 11962 5682 4638 6280 30970 29769 4572 1063
is_linear=0
shrinkage=0.05


Tree=217
num_leaves=31
num_cat=0
split_feature=8 0 0 6 6 8 0 6 8 6 8 6 6 8 4 8 8 0 6 8 0 6 8 8 4 0 4 5 4 4
split_gain=191.46 422.239 133.88 441.972 388.217 186.991 147.104 129.094 122.866 274.652 287.47 425.487 251.042 235.043 421.422 206.225 201.343 331.263 199.914 224.807 327.798 274.865 766.364 433.566 420.91 358.301 195.534 444.219 313.263 280.323
threshold=335.58625000000006 27.011250000000008 28.663750000000004 343.70000000000005 303.50250000000005 343.17750000000007 28.091250000000006 331.00125000000008 203.74375000000003 185.75250000000003 91.300000000000011 238.30750000000003 215.31125000000003 163.26500000000001 22.500000000000004 228.57250000000002 106.59625000000001 27.311250000000005 148.06750000000002 115.01750000000001 29.323750000000008 126.45750000000001 91.300000000000011 91.300000000000011 2.5000000000000004 25.931250000000002 14.500000000000002 1.0000000180025095e-35 20.500000000000004 15.500000000000002
decision_type=2 2 2 2 2 2 2 2 2 2 2 2 2 2 2 2 2 2 2 2 2 2 2 2 2 2 2 2 2 2
left_child=8 -2 4 5 -3 -4 7 -6 9 13 11 -11 -10 18 -15 -14 17 -12 19 20 21 23 24 25 -23 -1 -20 -28 29 -29
right_child=1 2 3 -5 6 -7 -8 -9 12 10 16 -13 15 14 -16 -17 -18 -19 26 -21 -22 22 -24 -25 -26 -27 27 28 -30 -31
leaf_value=0.29200764775276183 0.23455145970731972 0.25678294051438572 -0.005724695173816549 0.11560608463924985 0.033077135209792427 -0.14832442142861954 0.078437452569184177 -0.083690607384210691 0.010020567173592232 -0.016868787656227749 -0.25541786609048195 0.27262740582227707 -0.010030411683688602 0.0049998124079520673 0.067886156201242442 0.0015720278503221106 -0.011730015779135078 0.025742760896682738 -0.021589353396152602 0.005859953061903996 0.16572835589980794 -0.071720801815390589 -0.012779313727802975 -0.031489877023261705 -0.36592834995638945 -0.0036992660590580533 -0.057890576830628149 0.022968854388842982 -0.012071026411178583 0.11240239614161894
leaf_weight=20 25 20 45 43 56 47 71 41 6651 30 22 22 4966 5902 279 16740 7018 20 2487 3978 21 20 101 343 31 21 211 240 312 138
leaf_count=20 25 20 45 43 56 47 71 41 6651 30 22 22 4966 5902 279 16740 7018 20 2487 3978 21 20 101 343 31 21 211 240 312 138
internal_value=-0.000371938 0.0365854 0.0212629 -0.0167244 0.0485411 -0.0785746 0.0237504 -0.0162783 -0.000631376 -0.00350918 -0.0115205 0.10561 0.00152172 0.000530567 0.0078384 -0.00108243 -0.0123832 -0.121532 -0.00517052 0.00169432 -0.028056 -0.0356483 -0.0925586 -0.0131212 -0.250553 0.140548 -0.0143594 0.0055971 0.0250114 0.0556192
internal_weight=49921 348 323 135 188 92 168 97 49573 21216 7112 52 28357 14104 6181 21706 7060 42 7923 4535 557 536 152 384 51 41 3388 901 690 378
internal_count=49921 348 323 135 188 92 168 97 49573 21216 7112 52 28357 14104 6181 21706 7060 42 7923 4535 557 536 152 384 51 41 3388 901 690 378
is_linear=0
shrinkage=0.05


Tree=218
num_leaves=31
num_cat=0
split_feature=4 5 6 0 7 6 0 4 4 4 4 0 1 1 4 7 6 1 7 7 6 0 4 6 6 4 4 5 4 1
split_gain=120.805 115.777 119.52 103.505 206.233 177.459 196.461 175.164 413.233 496.68 216.807 215.339 280.096 174.647 179.498 247.899 244.103 211.593 194.466 183.561 180.689 190.861 170.946 160.029 149.647 270.671 302.972 669.207 863.648 453.523
threshold=1.0000000180025095e-35 1.0000000180025095e-35 231.26625000000004 25.281250000000004 91.300000000000011 305.50750000000005 22.841250000000006 8.5000000000000018 14.500000000000002 17.500000000000004 22.500000000000004 23.291250000000002 10.500000000000002 2.5000000000000004 5.5000000000000009 149.27375000000004 255.14250000000001 6.5000000000000009 142.61500000000004 265.01000000000005 303.50250000000005 26.726250000000004 5.5000000000000009 189.00125000000003 238.30750000000003 16.500000000000004 18.500000000000004 1.0000000180025095e-35 17.500000000000004 8.5000000000000018
decision_type=2 2 2 2 2 2 2 2 2 2 2 2 2 2 2 2 2 2 2 2 2 2 2 2 2 2 2 2 2 2
left_child=1 2 -1 4 -2 7 -7 22 23 -10 11 -11 -13 -5 15 16 18 -17 -15 20 -19 -22 -6 -9 25 -16 27 28 -27 -29
right_child=3 -3 -4 13 5 6 -8 8 9 10 -12 12 -14 14 24 17 -18 19 -20 -21 21 -23 -24 -25 -26 26 -28 29 -30 -31
leaf_value=-0.016461005833846853 -0.081780623125148499 -0.01904292432175362 0.031640312906387053 -0.020356584500031128 0.0041556507323108087 0.19634738292383114 0.032787945457212218 -0.015063702318575381 0.030599559725448169 -0.015367207966182933 0.016319674068176422 0.018850344897494334 -0.05446742856406276 -0.00088599008831402495 0.0013783427873682735 -0.029262981253316969 0.20480525717139245 -3.8293535888705699e-05 0.11430833938774532 -0.035833190814542011 -0.0010431433165514912 0.18695857657326595 0.020413285272939688 -0.050797908877622117 -0.0036185012643203799 -0.070958256872673417 0.00024901932299888524 0.060662268805288661 0.10187002759426833 0.26621928944119383
leaf_weight=251 71 1547 266 1191 6663 23 91 1016 1327 3155 1099 1036 149 180 12445 1434 20 1596 46 373 27 27 2135 453 11411 232 880 644 105 28
leaf_count=251 71 1547 266 1191 6663 23 91 1016 1327 3155 1099 1036 149 180 12445 1434 20 1596 46 373 27 27 2135 453 11411 232 880 644 105 28
internal_value=-0.000353341 -0.0121971 0.00828745 0.000157462 0.00325934 0.00361146 0.0657868 0.00319533 -0.00204559 0.00317332 -0.00351809 -0.00854153 0.00963149 -0.00158568 -0.000826505 -0.0111195 0.0373773 -0.0145705 0.0225606 -0.0041558 0.00300521 0.0929577 0.00810087 -0.0260832 0.000653975 0.0040552 0.0216907 0.0403912 -0.0171097 0.0692271
internal_weight=49921 2064 517 47857 17218 17147 114 17033 8235 6766 5439 4340 1185 30639 29448 3703 246 3457 226 2023 1650 54 8798 1469 25745 14334 1889 1009 337 672
internal_count=49921 2064 517 47857 17218 17147 114 17033 8235 6766 5439 4340 1185 30639 29448 3703 246 3457 226 2023 1650 54 8798 1469 25745 14334 1889 1009 337 672
is_linear=0
shrinkage=0.05


Tree=219
num_leaves=31
num_cat=0
split_feature=4 5 6 0 3 6 4 4 4 4 4 7 6 6 7 7 7 7 4 4 5 5 6 5 6 4 6 6 0 6
split_gain=109.027 104.489 107.866 93.4134 377.076 188.099 203.121 296.699 401.979 186.072 138.209 223.729 220.303 182.451 191.667 366.532 175.506 142.604 196.903 207.114 759.008 188.032 157.549 142.77 135.601 133.24 184.078 122.18 100.573 100.318
threshold=1.0000000180025095e-35 1.0000000180025095e-35 231.26625000000004 25.281250000000004 1.0000000180025095e-35 309.01125000000008 8.5000000000000018 14.500000000000002 17.500000000000004 5.5000000000000009 5.5000000000000009 149.27375000000004 255.14250000000001 303.50250000000005 245.00250000000003 221.57250000000002 142.61500000000004 265.01000000000005 3.5000000000000004 4.5000000000000009 1.0000000180025095e-35 1.0000000180025095e-35 248.24375000000003 1.0000000180025095e-35 235.73250000000004 22.500000000000004 247.66375000000002 207.58375000000004 24.791250000000002 189.00125000000003
decision_type=2 2 2 2 2 2 2 2 2 2 2 2 2 2 2 2 2 2 2 2 2 2 2 2 2 2 2 2 2 2
left_child=1 2 -1 4 5 6 9 29 24 -2 11 12 16 17 15 -15 -5 18 23 20 27 -21 -23 -13 28 26 -10 -20 -9 -8
right_child=3 -3 -4 10 -6 -7 7 8 25 -11 -12 13 -14 14 -16 -17 -18 -19 19 21 -22 22 -24 -25 -26 -27 -28 -29 -30 -31
leaf_value=-0.015637955503896309 0.0087008602430041753 -0.01809077819249591 0.030058297027371603 -0.00084169046332438794 -0.0087366570156908081 0.097554990986426338 -0.013407856418661294 0.026427716829765982 -0.011113029699361759 0.02870913330717776 -0.00026127537005665551 -0.024810685872856994 0.19456499382853509 -0.015272304192185402 -0.050456078088886684 0.28743726104497908 0.10859292476721433 -0.038841482460681143 -0.045606035115602225 -0.060903694261999236 -0.0814880034849641 0.0095398485688984996 -0.10990886349102547 0.0097962058587043113 0.14524925886480897 0.017182485164016523 0.021664514952501442 0.081853556625762047 0.083460870247115113 -0.047210172531224934
leaf_weight=251 4821 1547 266 180 4840 58 746 853 2648 1531 26936 400 20 20 21 20 46 544 23 138 416 574 29 1169 27 787 511 103 85 311
leaf_count=251 4821 1547 266 180 4840 58 746 853 2648 1531 26936 400 20 20 21 20 46 544 23 138 416 574 29 1169 27 787 511 103 85 311
internal_value=-0.000335674 -0.0115872 0.00787308 0.000149589 0.00309637 0.00772328 0.00730037 0.000676944 0.00584904 0.0135234 -0.00150639 -0.0105635 0.0355084 -0.013842 0.0718643 0.136082 0.0214326 -0.0153815 -0.0109066 -0.0254351 -0.0489244 -0.00825397 0.00379522 0.000973544 0.0347759 -0.00122507 -0.00581093 0.0585871 0.031596 -0.0233535
internal_weight=49921 2064 517 47857 17218 12378 12320 5968 4911 6352 30639 3703 246 3457 61 40 226 3396 2852 1283 542 741 603 1569 965 3946 3159 126 938 1057
internal_count=49921 2064 517 47857 17218 12378 12320 5968 4911 6352 30639 3703 246 3457 61 40 226 3396 2852 1283 542 741 603 1569 965 3946 3159 126 938 1057
is_linear=0
shrinkage=0.05


Tree=220
num_leaves=31
num_cat=0
split_feature=8 6 7 7 6 6 7 0 0 6 6 7 8 7 8 0 0 0 8 6 8 6 7 8 6 7 7 8 0 0
split_gain=127.458 269.073 851.381 437.909 343.819 239.719 239.298 266.891 371.124 244.563 491.181 406.454 232.618 762.834 216.137 210.657 203.934 193.086 240.402 192.007 190.552 185.206 197.925 183.049 226.865 225.026 184.86 244.567 424.229 204.75
threshold=193.75625000000002 201.87750000000003 269.00125000000008 195.12250000000003 165.52500000000003 187.77250000000004 154.00125000000003 31.003750000000007 29.491250000000004 223.53625000000002 231.26625000000004 240.25625000000002 91.300000000000011 236.25375000000003 265.70625000000001 33.148750000000007 31.071250000000003 27.728750000000005 106.59625000000001 180.38750000000002 180.39375000000004 249.52875000000003 229.74125000000004 167.77500000000003 165.52500000000003 190.00125000000003 154.00125000000003 91.300000000000011 26.501250000000002 24.241250000000004
decision_type=2 2 2 2 2 2 2 2 2 2 2 2 2 2 2 2 2 2 2 2 2 2 2 2 2 2 2 2 2 2
left_child=5 2 3 14 -4 23 20 8 12 -10 -11 -12 13 -8 15 19 -9 18 -14 -2 -7 -19 -23 24 26 -25 29 28 -28 -1
right_child=1 -3 4 -5 -6 6 7 16 9 10 11 -13 17 -15 -16 -17 -18 21 -20 -21 -22 22 -24 25 -26 -27 27 -29 -30 -31
leaf_value=0.0010661792040270715 0.054952236102627866 0.00012706458623780833 0.046445477312829886 0.0064084414189605789 -0.074688928545527888 -0.095680545653928736 0.31056924292987048 0.18360165275633336 -0.034811998808941057 -0.29851979831854503 -0.16848402693978556 0.057201854909132967 -0.17426962560081546 -0.11609208580106496 0.16047642690794808 0.10281165923699048 0.019907864447340103 0.0071624436257675715 -0.015294991393008245 0.019395059956007807 -0.014180098413662226 0.21532679459323056 0.0030156198002043227 0.015588421317648475 -0.020866277443959975 -0.0078017943183328019 -0.20799458531232984 -0.0089555243887807692 0.075241654068231578 0.029906725681818094
leaf_weight=4135 560 26714 70 2897 359 153 22 20 222 30 42 38 24 20 35 108 391 520 2601 1179 135 23 21 3205 1644 1514 39 2431 20 723
leaf_count=4135 560 26714 70 2897 359 153 22 20 222 30 42 38 24 20 35 108 391 520 2601 1179 135 23 21 3205 1644 1514 39 2431 20 723
internal_value=0.000257709 0.00215393 0.0125506 0.0186076 -0.0549234 -0.00311019 -0.0134673 -0.0102779 -0.0146787 -0.0650196 -0.125984 -0.0612832 -0.00950596 0.107397 0.037386 0.0350534 0.0278735 -0.0110456 -0.0167485 0.0308453 -0.0574772 0.015497 0.113996 0.000109269 -0.00407593 0.00808412 -0.000319355 -0.0113967 -0.111982 0.00535842
internal_weight=49895 31922 5208 4779 429 17973 4262 3974 3563 332 110 80 3231 42 1882 1847 411 3189 2625 1739 288 564 44 13711 8992 4719 7348 2490 59 4858
internal_count=49895 31922 5208 4779 429 17973 4262 3974 3563 332 110 80 3231 42 1882 1847 411 3189 2625 1739 288 564 44 13711 8992 4719 7348 2490 59 4858
is_linear=0
shrinkage=0.05


Tree=221
num_leaves=31
num_cat=0
split_feature=4 0 7 8 5 8 5 7 0 4 4 4 4 7 4 0 4 7 4 8 7 8 7 4 0 8 8 4 0 4
split_gain=139.267 169.596 147.074 138.873 178.511 136.557 186.277 242.535 229.133 187.285 202.44 179.723 183.594 170.396 232.129 869.158 641.885 359.499 289.399 550.372 336.489 239.725 229.919 209.013 243.006 265.392 200.405 197.764 228.92 206.05
threshold=20.500000000000004 29.101250000000004 91.300000000000011 161.75500000000002 1.0000000180025095e-35 217.34375000000003 1.0000000180025095e-35 306.35125000000011 25.871250000000003 19.500000000000004 6.5000000000000009 2.5000000000000004 18.500000000000004 283.25750000000005 16.500000000000004 26.796250000000004 18.500000000000004 219.68250000000003 18.500000000000004 285.00500000000005 266.00125000000008 323.40875000000005 236.25375000000003 19.500000000000004 29.783750000000001 323.40875000000005 240.68125000000001 17.500000000000004 29.268750000000004 16.500000000000004
decision_type=2 2 2 2 2 2 2 2 2 2 2 2 2 2 2 2 2 2 2 2 2 2 2 2 2 2 2 2 2 2
left_child=5 2 -2 4 -4 -1 7 8 11 10 -9 -7 -13 14 21 17 -17 -16 19 20 26 -8 -18 24 27 -26 -19 29 -29 -15
right_child=1 -3 3 -5 -6 6 13 9 -10 -11 -12 12 -14 23 15 16 22 18 -20 -21 -22 -23 -24 -25 25 -27 -28 28 -30 -31
leaf_value=-0.0013274418859325068 0.11480066392198206 -0.14225350527659705 -0.083452009727411416 -0.0040441901111910924 -0.016272427583477484 0.0019683086523236554 0.00040424940888405191 -0.0086041723620146528 0.0030231446160994303 0.00040097860026765955 0.10554761847202805 0.059298039289270445 0.0089488403016214513 -0.019586649588417403 0.025010266600130417 0.06753406196693007 -0.051748915357943286 -0.035534604042295768 0.00077710631442995176 -0.23592221766685775 0.063131038193990074 -0.16871018799997511 0.021098374965526107 0.017304280241502514 0.012108785283974619 0.19354016988173775 -0.11439647393248907 -0.034445622817219322 -0.14761310875851741 0.050023622246686932
leaf_weight=23638 25 23 119 5507 585 427 9822 50 3402 110 174 530 275 452 483 957 161 326 484 38 70 21 331 498 163 23 107 908 47 139
leaf_count=23638 25 23 119 5507 585 427 9822 50 3402 110 174 530 275 452 483 957 161 326 484 38 70 21 331 498 163 23 107 908 47 139
internal_value=0.000244823 -0.00673004 -0.0062302 -0.00671736 -0.0276281 0.00124527 0.00428627 0.0126798 0.00971388 0.0538299 0.0800673 0.0281894 0.042098 0.00151188 0.003734 0.0160188 0.0436729 -0.0105534 -0.0273117 -0.052441 -0.0385796 4.34445e-05 -0.00273986 -0.0112429 -0.019451 0.0345438 -0.0550224 -0.0259472 -0.0400151 -0.00321469
internal_weight=49895 6259 6236 6211 704 43636 19998 4968 4634 334 224 1232 805 15030 12800 2957 1449 1508 1025 541 503 9843 492 2230 1732 186 433 1546 955 591
internal_count=49895 6259 6236 6211 704 43636 19998 4968 4634 334 224 1232 805 15030 12800 2957 1449 1508 1025 541 503 9843 492 2230 1732 186 433 1546 955 591
is_linear=0
shrinkage=0.05


Tree=222
num_leaves=31
num_cat=0
split_feature=4 6 8 6 7 8 6 7 7 6 4 7 8 8 6 1 8 7 4 1 7 7 6 7 4 4 1 8 8 1
split_gain=125.689 178.703 218.233 269.9 131.646 123.7 222.617 327.136 270.389 391.182 256.851 260.799 343.163 212.158 198.652 194.679 190.338 189.498 186.344 354.54 358.748 308.251 349.638 246.675 227.028 192.042 281.269 300.464 195.23 202.615
threshold=20.500000000000004 343.70000000000005 139.74500000000003 172.10250000000002 91.300000000000011 214.34500000000003 202.39125000000004 91.300000000000011 267.02250000000009 145.31500000000003 14.500000000000002 193.25500000000002 134.14500000000001 179.80250000000004 229.01000000000002 2.5000000000000004 175.00750000000002 135.99500000000003 16.500000000000004 10.500000000000002 247.00125000000003 257.88250000000005 207.00125000000003 176.51750000000001 13.500000000000002 17.500000000000004 5.5000000000000009 247.28125000000003 287.74000000000007 4.5000000000000009
decision_type=2 2 2 2 2 2 2 2 2 2 2 2 2 2 2 2 2 2 2 2 2 2 2 2 2 2 2 2 2 2
left_child=5 2 3 -2 -4 6 7 -1 10 -10 13 15 -13 -9 18 -12 17 -17 21 20 23 -7 24 -20 -23 26 27 -25 29 -27
right_child=1 -3 4 -5 -6 14 -8 8 9 -11 11 12 -14 -15 -16 16 -18 -19 19 -21 -22 22 -24 25 -26 28 -28 -29 -30 -31
leaf_value=-0.10477382313563594 -0.037887955031388247 0.13921835802140689 0.10906063795089722 -0.22461675625780356 -0.0059127797847461361 0.010903304449320327 -0.009716947739276947 -0.0040193125693874223 0.11777977107891016 -0.083664747812338403 0.011760708389774456 0.20109486840665342 -0.0084366772399701462 0.0091948416302014523 0.0002713412920076678 -0.025418554570363919 0.020585517074126817 0.0820010846239973 0.14704422356608587 -0.022945585323401529 0.08812088605235191 -0.035127891459452325 0.004950575273063665 0.078829866039274957 -0.12505454154755474 0.006843768540083262 -0.001353811631086229 0.29471893608570099 -0.12545256878320987 0.098536770779352925
leaf_weight=72 122 21 25 23 6068 5056 5921 9556 28 173 699 20 851 4453 13431 46 346 382 39 317 264 261 520 83 96 824 87 20 26 65
leaf_count=72 122 21 25 23 6068 5056 5921 9556 28 173 699 20 851 4453 13431 46 346 382 39 317 264 261 520 83 96 824 87 20 26 65
internal_value=0.000232582 -0.00639354 -0.00688374 -0.067507 -0.00544104 0.00118301 -0.00139163 0.00157326 0.0020358 -0.0556028 0.00274426 0.0180635 -0.00362539 0.000181032 0.00393565 0.0308883 0.0481625 0.070456 0.0103623 0.0248271 0.0355827 0.00615672 -0.0212079 0.0234586 -0.0593098 0.0190967 0.0648393 0.12075 0.00959824 0.013548
internal_weight=49895 6259 6238 145 6093 43636 22547 16626 16554 201 16353 2344 871 14009 21089 1473 774 428 7658 1725 1408 5933 877 1144 357 1105 190 103 915 889
internal_count=49895 6259 6238 145 6093 43636 22547 16626 16554 201 16353 2344 871 14009 21089 1473 774 428 7658 1725 1408 5933 877 1144 357 1105 190 103 915 889
is_linear=0
shrinkage=0.05


Tree=223
num_leaves=31
num_cat=0
split_feature=8 6 7 6 8 6 4 6 6 7 4 7 4 8 6 8 6 8 6 8 6 8 4 5 8 8 8 7 6 6
split_gain=122.095 219.805 301.916 265.327 230.528 183.767 166.502 334.341 162.299 155.913 150.655 325.981 214.954 263.712 243.603 172.664 182.029 231.121 148.551 253.25 148.056 144.434 174.941 140.419 137.49 134.373 149.998 132.35 200.882 132.138
threshold=277.75750000000005 264.00250000000005 196.47500000000002 316.50500000000005 173.51125000000002 301.52500000000003 13.500000000000002 295.50500000000005 270.00125000000008 225.50500000000002 20.500000000000004 112.00500000000001 22.500000000000004 179.80250000000004 172.10250000000002 144.50125000000003 166.29750000000004 162.50375000000003 321.28250000000008 204.18500000000003 275.00250000000005 197.00875000000005 10.500000000000002 1.0000000180025095e-35 253.10500000000005 258.51000000000005 262.99375000000003 91.300000000000011 216.87750000000003 152.09250000000006
decision_type=2 2 2 2 2 2 2 2 2 2 2 2 2 2 2 2 2 2 2 2 2 2 2 2 2 2 2 2 2 2
left_child=1 10 3 6 -4 -2 21 8 -8 18 24 -12 13 14 -13 -14 17 23 19 -6 -10 -3 -23 -17 27 -21 -27 28 -1 -15
right_child=5 2 4 -5 9 -7 7 -9 20 -11 11 12 15 29 -16 16 -18 -19 -20 25 -22 22 -24 -25 -26 26 -28 -29 -30 -31
leaf_value=-0.086456124481977897 0.013588564323356098 -0.019154005036849914 -0.10938832003122836 0.17203704774379733 -0.21678806561976671 -0.0046223958643201593 -0.053080268573226799 -0.17478004272641809 0.16361604649573566 -0.010619358865855015 0.19179929904174062 -0.029556353051962872 -0.03846270584004538 0.10247282568866818 -0.10191636869683862 -0.048551947847795741 -0.0025136372345713328 0.089502990517090236 0.069557932327533586 -0.018620996628541855 0.012036474113713723 0.036069630288208525 0.15465904070955258 0.033920722568876398 0.011631595157691544 -0.17152821598574519 -0.05221617644865241 0.00060831180361298632 0.042777069146896524 -0.011152590476058717
leaf_weight=100 3788 58 67 30 21 2184 53 29 24 2596 20 466 187 26 155 71 667 149 29 296 49 96 46 189 2966 32 149 33699 43 1610
leaf_count=100 3788 58 67 30 21 2184 53 29 24 2596 20 466 187 26 155 71 667 149 29 296 49 96 46 189 2966 32 149 33699 43 1610
internal_value=0.000220953 -0.000691067 -0.0125738 0.0292516 -0.0176217 0.0069287 0.0171853 -0.0217116 0.0135184 -0.0156529 0.000361792 -0.00949012 -0.0106338 -0.0198767 -0.0476172 0.00588333 0.0135903 0.0398527 -0.0404484 -0.0468544 0.0618709 0.0473303 0.0744859 0.0113993 0.0013093 -0.039373 -0.07331 0.000404624 -0.0475958 -0.00934681
internal_weight=49895 43923 3575 385 3190 5972 355 155 126 3123 40348 3540 3520 2257 621 1263 1076 409 527 498 73 200 142 260 36808 477 181 33842 143 1636
internal_count=49895 43923 3575 385 3190 5972 355 155 126 3123 40348 3540 3520 2257 621 1263 1076 409 527 498 73 200 142 260 36808 477 181 33842 143 1636
is_linear=0
shrinkage=0.05


Tree=224
num_leaves=31
num_cat=0
split_feature=8 6 7 6 8 1 4 4 1 4 6 4 1 1 7 4 8 8 4 6 6 7 1 4 7 4 8 8 6 6
split_gain=110.191 198.374 272.479 239.458 208.051 174.048 258.837 374.113 461.249 242.482 172.269 226.016 170.424 169.228 290.489 296.12 162.514 150.47 150.268 301.743 148.845 140.711 142.704 135.966 294.198 201.633 254.483 215.253 260.379 250.721
threshold=277.75750000000005 264.00250000000005 196.47500000000002 316.50500000000005 173.51125000000002 8.5000000000000018 17.500000000000004 15.500000000000002 9.5000000000000018 19.500000000000004 242.01750000000001 8.5000000000000018 5.5000000000000009 3.5000000000000004 225.00500000000002 18.500000000000004 295.00250000000005 295.00250000000005 13.500000000000002 295.50500000000005 269.00125000000008 225.50500000000002 10.500000000000002 20.500000000000004 112.00500000000001 21.500000000000004 179.80250000000004 162.50375000000003 172.90750000000003 151.03250000000003
decision_type=2 2 2 2 2 2 2 2 2 2 2 2 2 2 2 2 2 2 2 2 2 2 2 2 2 2 2 2 2 2
left_child=1 23 3 18 12 13 7 10 17 -8 11 -7 -4 14 -2 -16 -10 -9 -3 20 -20 -6 -23 -1 -25 26 -26 28 -27 -29
right_child=5 2 4 -5 21 6 9 8 16 -11 -12 -13 -14 -15 15 -17 -18 -19 19 -21 -22 22 -24 24 25 27 -28 29 -30 -31
leaf_value=0.0012438324079386302 0.074329827622407016 0.044963823119644079 -0.15593815113001683 0.16343519553542138 -0.038425963258360153 0.0075206754872432129 -0.043803393631973851 0.11744979448955169 0.066756713535767384 2.957476301289741e-05 0.007858450491144562 -0.20765210746423057 0.018326327949762345 0.013980727536920843 -0.23213069869412317 -0.033247512220557718 -0.063769967908539435 0.26126972504200474 -0.062659236158482554 -0.16604104011223234 0.051957822276885252 -0.0088423779785780504 -0.12038201989027962 0.18220933109521867 -0.095845728470542568 -0.016634901797051151 -0.019411996245580286 0.089859223462127408 -0.12821498636090964 0.0027975517454912292
leaf_weight=36808 36 200 47 30 527 26 541 44 57 757 291 23 20 4037 27 61 41 31 43 29 83 2567 29 20 123 632 950 87 57 1671
leaf_count=36808 36 200 47 30 527 26 541 44 57 757 291 23 20 4037 27 61 41 31 43 29 83 2567 29 20 123 632 950 87 57 1671
internal_value=0.000209905 -0.000656513 -0.0119451 0.027789 -0.0167406 0.00658226 -0.00635626 0.0237116 0.0835706 -0.0182398 -0.00674603 -0.0934788 -0.103919 0.0122135 -0.0453206 -0.0942685 0.0121486 0.176895 0.016326 -0.0206261 0.0128425 -0.0148703 -0.0100884 0.000343702 -0.00901562 -0.0101021 -0.0281737 -0.00217779 -0.0258658 0.00710606
internal_weight=49895 43923 3575 385 3190 5972 1811 513 173 1298 340 49 67 4161 124 88 98 75 355 155 126 3123 2596 40348 3540 3520 1073 2447 689 1758
internal_count=49895 43923 3575 385 3190 5972 1811 513 173 1298 340 49 67 4161 124 88 98 75 355 155 126 3123 2596 40348 3540 3520 1073 2447 689 1758
is_linear=0
shrinkage=0.05


Tree=225
num_leaves=31
num_cat=0
split_feature=8 6 7 6 8 4 4 4 8 4 7 6 7 7 8 7 7 5 4 8 8 6 6 4 8 6 6 8 7 6
split_gain=159.458 231.735 441.971 230.426 172.497 190.663 175.99 196.214 205.891 168.941 164.756 163.599 145.239 143.122 158.183 138.412 191.483 152.968 389.945 133.98 128.897 223.461 124.159 137.376 123.098 173.839 118.673 113.697 110.376 102.437
threshold=281.36000000000007 264.00250000000005 187.37875000000003 289.66750000000008 173.51125000000002 16.500000000000004 16.500000000000004 14.500000000000002 220.66125000000002 11.500000000000002 262.00375000000003 279.24500000000006 200.66750000000002 180.00500000000002 263.77250000000004 277.25250000000005 256.31625000000003 1.0000000180025095e-35 19.500000000000004 259.31625000000003 248.00250000000003 269.00125000000008 316.50500000000005 2.5000000000000004 266.60500000000008 181.00625000000002 305.50750000000005 220.66125000000002 193.25500000000002 289.66750000000008
decision_type=2 2 2 2 2 2 2 2 2 2 2 2 2 2 2 2 2 2 2 2 2 2 2 2 2 2 2 2 2 2
left_child=1 24 13 -2 5 -4 7 9 -9 12 11 -10 28 20 -15 16 -8 18 -17 -13 22 -22 23 -3 -1 -26 -7 -11 -6 -30
right_child=3 2 4 -5 6 26 15 8 10 27 -12 19 -14 14 -16 17 -18 -19 -20 -21 21 -23 -24 -25 25 -27 -28 -29 29 -31
leaf_value=-0.00032772963094124594 0.019676352941186095 0.085958248737358287 0.000912930176127702 -0.0010166209649295833 -0.046741259237751367 -0.24160322059284556 -0.0082281904097865604 -0.20423626768169925 -0.042998812413381632 0.11713986547420854 0.015548728635885578 -0.04506528755793205 -0.035315940745085837 0.15182007728692365 -0.014092231001704932 0.10143054509829817 0.039735454146284613 -0.028865062044931968 -0.029948155914964039 -0.18763465822156933 -0.034364233395228018 0.14902391965177073 0.11155286082066596 -0.02993410068423781 0.15833798650474776 0.013240202785780928 -0.077374252981760289 0.0023049161221992236 0.018560822993516923 0.17037763533182443
leaf_weight=39441 2399 31 32 3063 24 22 595 24 147 23 69 26 936 51 20 87 320 791 161 45 26 46 24 146 21 1213 22 343 25 20
leaf_count=39441 2399 31 32 3063 24 22 595 24 147 23 69 26 936 51 20 87 320 791 161 45 26 46 24 146 21 1213 22 343 25 20
internal_value=7.15522e-06 -0.000977633 -0.0123743 0.00807207 -0.0173988 -0.0919512 -0.0158405 -0.0276968 -0.0635527 -0.0195632 -0.0517882 -0.0731013 -0.0301552 0.0418436 0.105084 -0.00563454 0.00854598 -0.0181227 0.0161403 -0.135426 0.0253964 0.0828004 0.00483381 -0.00963657 0.000158807 0.0157095 -0.159489 0.00952132 0.0398519 0.086035
internal_weight=50193 44731 4056 5462 3712 76 3636 1682 311 1371 287 218 1005 344 71 1954 915 1039 248 71 273 72 201 177 40675 1234 44 366 69 45
internal_count=50193 44731 4056 5462 3712 76 3636 1682 311 1371 287 218 1005 344 71 1954 915 1039 248 71 273 72 201 177 40675 1234 44 366 69 45
is_linear=0
shrinkage=0.05


Tree=226
num_leaves=31
num_cat=0
split_feature=8 0 1 4 0 4 1 8 0 4 0 7 0 0 4 8 1 1 7 1 0 7 0 4 1 7 8 0 7 7
split_gain=143.911 218.834 200.914 338.871 336.599 382.718 199.281 192.251 176.532 302.896 283.804 284.171 476.532 219.118 255.686 202.35 218.547 192.859 159.431 151.234 342.637 217.115 205.436 148.95 354.631 132.77 128.512 124.062 123.249 117.932
threshold=281.36000000000007 25.903750000000006 7.5000000000000009 17.500000000000004 27.086250000000003 15.500000000000002 4.5000000000000009 303.00375000000003 29.841250000000006 20.500000000000004 33.006250000000001 227.60500000000005 31.816250000000007 28.223750000000006 18.500000000000004 303.00375000000003 5.5000000000000009 6.5000000000000009 175.17125000000004 8.5000000000000018 28.361250000000002 268.00875000000002 27.948750000000008 16.500000000000004 6.5000000000000009 198.29000000000002 330.40500000000003 26.291250000000002 238.33125000000004 138.66125000000002
decision_type=2 2 2 2 2 2 2 2 2 2 2 2 2 2 2 2 2 2 2 2 2 2 2 2 2 2 2 2 2 2
left_child=-1 18 6 4 -4 -6 -3 19 9 13 11 12 -10 26 17 23 -17 -15 -2 21 -21 22 -5 -13 -25 -12 29 -9 -16 -8
right_child=1 2 3 7 5 -7 8 27 10 -11 25 15 -14 14 28 16 -18 -19 -20 20 -22 -23 -24 24 -26 -27 -28 -29 -30 -31
leaf_value=-0.00092875169163497944 -0.10531775598414242 -0.023659520810443146 -0.020749949550657884 -0.17126547101741801 0.0033752137228198679 0.14275361322709976 0.14205092832446098 0.048680457254810322 -0.053091889813159855 0.00033453555421280174 0.16070933260954917 0.0062961021736264227 -0.33741613887250427 0.23091287630506688 -0.044792624913594307 -0.027758241512558679 0.16038246082848517 0.08815219365600227 0.037918926336167925 -0.055595614782012096 -0.26765354325373969 0.0047055241988646322 0.022707949046577729 -0.0024349931242137121 -0.27223046301376252 0.021643044062108881 0.12391388313844801 -0.012612106522265298 0.058141248220049624 0.019284123378736202
leaf_weight=44731 20 347 153 39 92 106 20 91 56 929 20 50 20 36 34 33 29 69 678 205 21 206 21 29 21 121 32 890 201 893
leaf_count=44731 20 347 153 39 92 106 20 91 56 929 20 50 20 36 34 33 29 69 678 205 21 206 21 29 21 121 32 890 201 893
internal_value=6.79748e-06 0.00766847 0.00383764 -0.00919856 0.0349506 0.0779919 0.0119254 -0.0197188 0.0166874 0.0220852 -0.0148445 -0.0481473 -0.127914 0.03781 0.0722318 -0.0107258 0.0602431 0.137099 0.0338147 -0.0452256 -0.0753001 -0.0196735 -0.103375 -0.0547265 -0.115749 0.0413688 0.0254254 -0.00692646 0.0432487 0.0219734
internal_weight=50193 5462 4764 1824 351 198 2940 1473 2593 2214 379 238 76 1285 340 162 62 105 698 492 226 266 60 100 50 141 945 981 235 913
internal_count=50193 5462 4764 1824 351 198 2940 1473 2593 2214 379 238 76 1285 340 162 62 105 698 492 226 266 60 100 50 141 945 981 235 913
is_linear=0
shrinkage=0.05


Tree=227
num_leaves=31
num_cat=0
split_feature=8 0 1 4 0 4 1 8 4 0 0 1 7 0 4 7 5 5 4 4 4 4 4 7 1 0 7 0 4 4
split_gain=129.879 199.173 181.417 323.648 294.408 345.403 185.546 176.467 164.717 252.413 242.77 257.73 412.887 208.48 181.953 163.519 161.798 152.849 282.134 1064.55 234.855 460.158 301.535 184.886 151.782 296.878 196.462 185.406 151.246 150.98
threshold=281.36000000000007 25.961250000000003 7.5000000000000009 17.500000000000004 27.086250000000003 15.500000000000002 4.5000000000000009 303.00375000000003 21.500000000000004 29.723749999999999 33.006250000000001 6.5000000000000009 227.60500000000005 28.931250000000002 16.500000000000004 173.90375000000003 22.500000000000004 1.0000000180025095e-35 17.500000000000004 19.500000000000004 18.500000000000004 16.500000000000004 19.500000000000004 274.11500000000007 8.5000000000000018 28.361250000000002 268.00875000000002 27.948750000000008 17.500000000000004 18.500000000000004
decision_type=2 2 2 2 2 2 2 2 2 2 2 2 2 2 2 2 2 2 2 2 2 2 2 2 2 2 2 2 2 2
left_child=-1 15 6 4 -4 -6 -3 24 9 13 11 28 -13 17 -14 -2 -7 18 -8 -20 21 -19 -22 -23 26 -26 27 -5 -11 -15
right_child=1 2 3 7 5 16 8 -9 -10 10 -12 12 14 29 -16 -17 -18 20 19 -21 22 23 -24 -25 25 -27 -28 -29 -30 -31
leaf_value=-0.00088231412461941324 -0.11026520595885814 -0.023502841872661457 -0.021247424094448714 -0.16270219771525798 0.0032064533104067261 0.056266083791851995 0.00098315912732841815 -0.0072401471881672376 -0.0076456329537306807 -0.064054252904780368 0.039300321473487249 -0.23113936029962803 0.033122953907289407 0.15228408836742999 -0.11196447076275945 0.034594014584784089 0.1837067497640171 0.026473134803885363 0.28491889274907561 0.025333077534432376 -0.048494293596090719 0.28535765290260312 0.021595851303162016 0.093063036680221561 -0.056260200355609413 -0.25427086367493584 0.0049524157566484071 0.021572550634543101 0.04869793506086241 0.04917523201516609
leaf_weight=44731 20 342 137 39 92 40 147 970 584 47 141 38 47 56 40 751 66 331 53 155 226 25 478 25 192 21 200 21 81 97
leaf_count=44731 20 342 137 39 92 40 147 970 584 47 141 38 47 56 40 751 66 331 53 155 226 25 478 25 192 21 200 21 81 97
internal_value=6.4576e-06 0.00728505 0.00341422 -0.00917159 0.0351026 0.0740923 0.0110962 -0.0194501 0.0156986 0.0225597 -0.0132735 -0.0425736 -0.0936408 0.0314225 -0.0335839 0.0308363 0.135616 0.0255264 0.0540052 0.0914775 0.0162085 0.0478297 -0.000904678 0.18921 -0.0444895 -0.0757824 -0.0188534 -0.098206 0.00729674 0.0869144
internal_weight=50193 5462 4691 1778 335 198 2913 1443 2571 1987 394 253 125 1593 87 771 106 1440 355 208 1085 381 704 50 473 213 260 60 128 153
internal_count=50193 5462 4691 1778 335 198 2913 1443 2571 1987 394 253 125 1593 87 771 106 1440 355 208 1085 381 704 50 473 213 260 60 128 153
is_linear=0
shrinkage=0.05


Tree=228
num_leaves=31
num_cat=0
split_feature=8 1 4 4 1 8 5 5 4 4 8 8 8 4 4 1 5 4 4 5 1 7 4 1 1 1 1 7 3 1
split_gain=117.216 121.22 273.392 194.584 406.648 158.827 142.236 134.194 368.142 685.407 221.764 273.833 120.537 115.548 181.812 319.26 488.15 999.788 363.892 363.298 1503.53 652.473 584.611 1353.94 1323.58 1972.58 915.53 425.751 395.781 381.818
threshold=281.36000000000007 8.5000000000000018 17.500000000000004 15.500000000000002 9.5000000000000018 295.00250000000005 37.500000000000007 1.0000000180025095e-35 19.500000000000004 18.500000000000004 316.26375000000007 301.01500000000004 312.00250000000005 18.500000000000004 16.500000000000004 10.500000000000002 1.0000000180025095e-35 17.500000000000004 17.500000000000004 1.0000000180025095e-35 4.5000000000000009 290.00500000000005 17.500000000000004 7.5000000000000009 4.5000000000000009 7.5000000000000009 5.5000000000000009 245.75375000000003 1.0000000180025095e-35 1.5000000000000002
decision_type=2 2 2 2 2 2 2 2 2 2 2 2 2 2 2 2 2 2 2 2 2 2 2 2 2 2 2 2 2 2
left_child=13 7 3 -3 6 -6 -5 8 9 12 11 -11 -2 14 -1 19 17 -17 -18 20 -16 -22 23 26 -24 27 29 -26 -25 -21
right_child=1 2 -4 4 5 -7 -8 -9 -10 10 -12 -13 -14 -15 15 16 18 -19 -20 22 21 -23 24 28 25 -27 -28 -29 -30 -31
leaf_value=-0.00085034374989477685 0.0087780075182843798 0.0067092197246934855 -0.015903114771223057 0.096919619316054931 0.074579379899161205 -0.075001474200851403 0.2471956768538803 0.0063724918862543001 -0.00076630738937334783 0.19076300060376528 0.27559369683265683 0.026542490297420458 0.10277056050940583 -0.0067753907701870141 0.064189704773681508 0.20297567828425339 -0.12139351254498416 -0.11758731426887735 -0.008195793275401023 -0.02487702687857328 -0.091683558292956241 0.10487824516727569 -0.056458366389570483 0.10070072308323959 0.21907011927455985 -0.10305979963565289 -0.056723007427615602 0.091291537568605419 0.22105812098056374 0.068783105658981519
leaf_weight=34349 272 262 1249 31 35 36 32 2856 516 60 30 44 39 6926 364 56 143 43 141 135 415 47 521 211 93 129 278 218 101 561
leaf_count=34349 272 262 1249 31 35 36 32 2856 516 60 30 44 39 6926 364 56 143 43 141 135 415 47 521 211 93 129 278 218 101 561
internal_value=6.13473e-06 0.00692079 -0.00442564 0.0317748 0.0807835 -0.00126443 0.17325 0.0118107 0.0279726 0.0612969 0.155832 0.121285 0.0205649 -0.000838198 0.000249515 0.0111809 -0.0318655 0.0637412 -0.0651932 0.016546 -0.0118091 -0.071687 0.0269694 0.0490161 -0.00253324 0.061319 0.0199794 0.129502 0.139663 0.0506163
internal_weight=50193 5462 1645 396 134 71 63 3817 961 445 134 104 311 44731 37805 3456 383 99 284 3073 826 462 2247 1286 961 440 974 311 312 696
internal_count=50193 5462 1645 396 134 71 63 3817 961 445 134 104 311 44731 37805 3456 383 99 284 3073 826 462 2247 1286 961 440 974 311 312 696
is_linear=0
shrinkage=0.05


Tree=229
num_leaves=31
num_cat=0
split_feature=6 7 7 0 7 6 7 7 0 6 7 0 0 0 7 0 6 6 6 1 0 6 6 0 1 7 6 0 6 7
split_gain=91.2904 369.173 190.974 503.898 163.473 291.574 157.134 139.527 155.155 143.634 157.993 261.665 329.611 141.211 128.586 316.761 186.649 125.672 129.616 124.958 319.257 631.465 273.707 133.997 122.984 121.709 174.212 122.922 117.481 115.088
threshold=165.52500000000003 297.66750000000008 207.58875000000003 31.231250000000003 155.75500000000002 258.26500000000004 197.00875000000005 265.01000000000005 28.516250000000003 154.00125000000003 223.53625000000002 24.741250000000004 25.961250000000003 30.143750000000001 154.00125000000003 24.161250000000006 136.85625000000002 106.59625000000001 120.75750000000001 4.5000000000000009 24.841250000000006 212.74750000000003 185.75250000000003 17.842500000000005 4.5000000000000009 118.62250000000002 187.00500000000002 31.723749999999999 139.61625000000004 114.79875000000003
decision_type=2 2 2 2 2 2 2 2 2 2 2 2 2 2 2 2 2 2 2 2 2 2 2 2 2 2 2 2 2 2
left_child=1 2 6 7 5 19 14 8 9 17 11 -11 -13 -10 15 16 29 -4 -19 25 21 23 -22 -21 -16 26 -2 -27 -8 -1
right_child=4 -3 3 -5 -6 -7 28 -9 13 10 -12 12 -14 -15 24 -17 -18 18 -20 20 22 -23 -24 -25 -26 27 -28 -29 -30 -31
leaf_value=-0.013163358919215776 0.1575484373821662 0.20443954399746397 0.031102064148859777 -0.10218282553041036 -0.00033137804312880772 0.049082282521062018 -0.023589289055338927 0.053103558246120078 0.051003835787013264 -0.030786215382712808 -0.030287114489409662 0.29305013664066792 0.02728514646046928 -0.030270633762702351 -0.0091727810037273896 0.036379834922425608 -0.0069947972562051279 -0.14059309659525751 -0.043517720660156745 0.056518386339857465 0.046927340437958792 -0.35954465600894769 -0.033990581119275193 -0.079458892304506715 0.012334802749295508 -0.0039306336456540504 -0.031362294502880264 -0.057660429559588916 0.06292565016112607 0.018486232908238552
leaf_weight=336 26 23 47 147 38565 161 49 101 161 44 117 20 28 80 2235 933 1988 40 245 21 127 20 590 132 946 686 23 126 197 1979
leaf_count=336 26 23 47 147 38565 161 49 101 161 44 117 20 28 80 2235 933 1988 40 245 21 127 20 590 132 946 686 23 126 197 1979
internal_value=5.82798e-06 0.00435815 0.00388339 -0.0164703 -0.00103889 -0.0153095 0.00630337 -0.00220107 -0.00934399 -0.0242088 0.00826221 0.0572869 0.138021 0.0240248 0.00515215 0.00996908 0.00424255 -0.0446499 -0.0571423 -0.0212301 -0.0343677 -0.0953328 -0.0196578 -0.0607953 -0.00277662 -0.00765006 0.0688761 -0.012268 0.045693 0.0138926
internal_weight=50193 9716 9693 1030 40477 1912 8663 883 782 541 209 92 48 241 8417 5236 4303 332 285 1751 890 173 717 153 3181 861 49 812 246 2315
internal_count=50193 9716 9693 1030 40477 1912 8663 883 782 541 209 92 48 241 8417 5236 4303 332 285 1751 890 173 717 153 3181 861 49 812 246 2315
is_linear=0
shrinkage=0.05


Tree=230
num_leaves=31
num_cat=0
split_feature=8 0 8 7 7 0 1 4 7 0 8 1 7 3 8 7 8 0 4 4 3 0 0 8 4 0 1 4 1 8
split_gain=212.131 143.397 446.937 256.645 423.289 233.117 173.06 306.513 173.882 122.615 261.862 247.358 184.637 178.37 1081.39 848.689 449.849 252.464 176.833 480.828 617.061 304.432 557.384 460.635 422.783 279.947 267.25 265.4 1296.43 542.579
threshold=320.50750000000005 27.198750000000008 343.17750000000007 215.84375000000003 189.35500000000005 30.651250000000005 8.5000000000000018 20.500000000000004 245.75375000000003 25.566250000000007 241.25250000000003 5.5000000000000009 153.16250000000002 1.0000000180025095e-35 91.300000000000011 146.41125000000002 106.59625000000001 21.106250000000006 18.500000000000004 16.500000000000004 1.0000000180025095e-35 26.601250000000004 28.041250000000002 296.50250000000005 17.500000000000004 28.266250000000003 7.5000000000000009 15.500000000000002 9.5000000000000018 161.00500000000002
decision_type=2 2 2 2 2 2 2 2 2 2 2 2 2 2 2 2 2 2 2 2 2 2 2 2 2 2 2 2 2 2
left_child=9 2 -2 4 -3 6 7 8 -5 10 13 12 -12 14 15 -1 17 -15 19 27 -21 24 23 26 -22 -20 -23 -11 29 -29
right_child=1 3 -4 5 -6 -7 -8 -9 -10 18 11 -13 -14 16 -16 -17 -18 -19 25 20 21 22 -24 -25 -26 -27 -28 28 -30 -31
leaf_value=0.05988341084233037 0.035326926965732128 0.090784292862835264 0.28322571918368339 0.18882098172146541 -0.18226611297577622 0.16750652638192362 -0.016892100683223731 -0.015266332593906038 0.053367828962799471 -0.0019898128551154924 -0.092765819728374485 0.0068842765621038131 0.045349626743314365 -0.20189617697311488 0.0024699409837533781 0.48961417406797408 -0.0059107033432098501 -0.020659116768475736 -0.0081245878772647894 0.0034550219513374823 0.080449970043264332 0.11112030141946415 0.037043012890721608 -0.067539389669895172 -0.097354233860969544 -0.05333607604351516 0.22926278653123033 0.054038025585037688 0.092058052936507068 -0.051558218076006447
leaf_weight=27 200 22 20 26 40 26 270 197 267 20425 25 1697 754 46 12712 20 4863 33 3937 1889 64 115 429 25 70 375 82 135 211 1230
leaf_count=27 200 22 20 26 40 26 270 197 267 20425 25 1697 754 46 12712 20 4863 33 3937 1889 64 115 429 25 70 375 82 135 211 1230
internal_value=-0.000152323 0.0218932 0.0578632 0.0125613 -0.0853773 0.0202868 0.0152503 0.0329614 0.0653876 -0.000631222 0.00236167 0.0175917 0.0409172 0.000231303 0.00335505 0.242748 -0.00783341 -0.12619 -0.00271449 -0.00108196 0.0189386 0.0561979 0.0703247 0.134639 -0.0124328 -0.0120565 0.160296 -0.00351526 -0.023285 -0.0411146
internal_weight=50232 1068 220 848 62 786 760 490 293 49164 20177 2476 779 17701 12759 47 4942 79 28987 24675 2674 785 651 222 134 4312 197 22001 1576 1365
internal_count=50232 1068 220 848 62 786 760 490 293 49164 20177 2476 779 17701 12759 47 4942 79 28987 24675 2674 785 651 222 134 4312 197 22001 1576 1365
is_linear=0
shrinkage=0.05


Tree=231
num_leaves=31
num_cat=0
split_feature=8 4 4 4 1 3 5 4 1 8 8 5 7 1 4 1 4 5 4 1 5 8 1 7 8 7 7 7 8 8
split_gain=191.448 127.554 103.289 240.343 401.123 451.082 382.153 1070.01 375.994 366.105 349.211 331.42 361.164 338.624 311.871 302.493 864.671 1129.98 370.031 741.298 367.075 499.504 361.184 288.167 262.775 252.211 251.458 250.852 376.422 231.686
threshold=320.50750000000005 4.5000000000000009 18.500000000000004 16.500000000000004 10.500000000000002 1.0000000180025095e-35 1.0000000180025095e-35 17.500000000000004 6.5000000000000009 293.59125000000006 258.51000000000005 1.0000000180025095e-35 294.50125000000008 7.5000000000000009 17.500000000000004 9.5000000000000018 15.500000000000002 1.0000000180025095e-35 15.500000000000002 4.5000000000000009 1.0000000180025095e-35 142.39625000000004 8.5000000000000018 261.00125000000008 203.74375000000003 201.85000000000005 195.77875000000003 198.95125000000002 189.00125000000003 273.55250000000007
decision_type=2 2 2 2 2 2 2 2 2 2 2 2 2 2 2 2 2 2 2 2 2 2 2 2 2 2 2 2 2 2
left_child=2 -2 3 15 5 25 7 -6 10 11 -7 13 24 -10 -8 18 -17 -18 -1 20 -20 -22 27 -15 -13 -5 -23 28 -21 -30
right_child=1 -3 -4 4 6 8 14 -9 9 -11 -12 12 -14 23 -16 16 17 -19 19 22 21 26 -24 -25 -26 -27 -28 -29 29 -31
leaf_value=-0.0015029570029136423 0.1207386080295809 0.017810905249442469 -0.0052669749209241059 0.046461510282566433 0.20246853350696192 0.0086033342535885137 -0.11522067465363134 -0.11530598648823798 -0.13797783087939025 -0.02785161625416506 0.12762272719941711 0.32759427898986776 0.012985388676122745 0.012537205968052148 -0.013425854603471971 0.0045867252400878696 -0.068711382748333966 0.1346444200795742 -0.048216261203894023 -0.27138993011956869 0.24202222699920337 0.043575146273945743 0.0081469953488883997 0.22968820562078196 0.14413265111947679 0.00017961787133939205 -0.032047948482776839 -0.052316453116706879 -0.065826907257010764 -0.24293544562090014
leaf_weight=27700 31 1037 9551 338 54 577 149 52 24 63 69 22 49 50 152 5760 91 274 190 33 27 378 186 22 173 2280 155 571 153 21
leaf_count=27700 31 1037 9551 338 54 577 149 52 24 63 69 22 49 50 152 5760 91 274 190 33 27 378 186 22 173 2280 155 571 153 21
internal_value=-0.000144707 0.0207985 -0.000599661 0.000525664 0.0120286 0.0172555 -0.0350644 0.0465791 0.0449593 0.082859 0.0213159 0.103373 0.134337 0.0246722 -0.063816 -0.000792972 0.00931582 0.0839448 -0.00289797 -0.0254428 0.0118366 0.0322117 -0.0544465 0.0788889 0.164831 0.0061549 0.0215834 -0.069411 -0.116565 -0.0872021
internal_weight=50232 1068 49164 39613 4074 3667 407 106 1049 403 646 340 244 96 301 35539 6125 365 29414 1714 750 560 964 72 195 2618 533 778 207 174
internal_count=50232 1068 49164 39613 4074 3667 407 106 1049 403 646 340 244 96 301 35539 6125 365 29414 1714 750 560 964 72 195 2618 533 778 207 174
is_linear=0
shrinkage=0.05


Tree=232
num_leaves=31
num_cat=0
split_feature=8 0 8 6 4 6 0 8 4 8 4 6 0 8 0 4 8 6 6 6 0 8 6 6 0 4 5 5 4 4
split_gain=172.782 126.488 401.512 201.726 267.576 125.55 319.11 163.725 168.478 235.756 219.224 343.829 364.293 261.826 239.034 200.403 277.793 369.663 249.3 199.22 177.457 253.56 286.729 272.242 257.459 182.425 307.609 288.512 215.153 212.77
threshold=320.50750000000005 27.198750000000008 343.17750000000007 251.38125000000002 16.500000000000004 292.51500000000004 26.221250000000001 274.58875000000006 19.500000000000004 134.14500000000001 22.500000000000004 220.55125000000004 26.696250000000003 177.82375000000002 25.471250000000001 16.500000000000004 161.75500000000002 228.57250000000002 183.00125000000003 152.09250000000006 22.456250000000001 152.45750000000001 232.00750000000002 153.01000000000002 13.641250000000001 15.500000000000002 1.0000000180025095e-35 1.0000000180025095e-35 7.5000000000000009 6.5000000000000009
decision_type=2 2 2 2 2 2 2 2 2 2 2 2 2 2 2 2 2 2 2 2 2 2 2 2 2 2 2 2 2 2
left_child=5 2 -2 -3 -5 7 -7 8 15 -10 13 12 -12 -11 -13 20 17 18 -17 -15 21 -1 23 24 -23 26 29 -27 -28 -25
right_child=1 3 -4 4 -6 6 -8 -9 9 10 11 14 -14 19 -16 16 -18 -19 -20 -21 -22 22 -24 25 -26 27 28 -29 -30 -31
leaf_value=-0.0021118060635632202 0.03218112848699093 0.13031761519172613 0.26714461649302396 -0.16599153710359879 0.01078795714828896 0.018290974583670967 -0.019736555192536514 0.010674840933315692 -0.096829860186890548 -0.045632784786029612 0.023223274819524676 0.0053862924591717128 0.23410748092546349 0.10511908358710476 -0.06571494461739151 0.036393446147441867 0.0086585130039375392 -0.050838800985366112 0.23672114312080894 -0.010106340974345807 -0.0027504276804488871 0.16201904330481876 0.15385512561586345 -0.0049647718995082671 0.038390949136393585 -0.08928252750587079 0.0073285767443390494 0.075166474659171409 -0.030349869716138747 0.058415142463066963
leaf_weight=3861 200 34 20 22 792 729 2268 3376 76 570 825 283 21 38 203 25 4153 30 41 2924 26816 47 38 205 405 31 1037 191 597 374
leaf_count=3861 200 34 20 22 792 729 2268 3376 76 570 825 283 21 38 203 25 4153 30 41 2924 26816 47 38 205 405 31 1037 191 597 374
internal_value=-0.000137472 0.0197586 0.0535414 0.0109942 0.00601013 -0.000569678 -0.0104866 7.40949e-05 -0.000762252 -0.00944667 -0.0080813 0.00920394 0.028458 -0.0146 -0.0243124 0.000371166 0.0106023 0.09469 0.160839 -0.00862809 -0.000922565 0.00630053 0.0174048 0.0156088 0.0512461 0.00899359 0.00465899 0.0522029 -0.00643766 0.0359749
internal_weight=50232 1068 220 848 814 49164 2997 46167 42791 4940 4864 1332 846 3532 486 37851 4249 96 66 2962 33602 6786 2925 2887 452 2435 2213 222 1634 579
internal_count=50232 1068 220 848 814 49164 2997 46167 42791 4940 4864 1332 846 3532 486 37851 4249 96 66 2962 33602 6786 2925 2887 452 2435 2213 222 1634 579
is_linear=0
shrinkage=0.05


Tree=233
num_leaves=31
num_cat=0
split_feature=6 7 7 0 4 7 6 4 4 1 0 6 1 0 4 1 0 7 6 7 0 1 1 6 7 4 7 4 0 4
split_gain=93.7452 203.925 208.934 597.496 199.435 160.619 258.824 204.94 167.713 150.393 177.343 140.19 254.962 126.782 136.309 156.784 235.264 257.442 151.536 122.002 111.802 118.757 109.73 101.314 95.1041 165.998 102.61 88.4867 127.17 121.159
threshold=165.52500000000003 297.66750000000008 207.58875000000003 31.071250000000003 16.500000000000004 154.00125000000003 273.00250000000005 22.500000000000004 14.500000000000002 3.5000000000000004 29.268750000000004 178.50125000000003 3.5000000000000004 28.516250000000003 7.5000000000000009 7.5000000000000009 24.881250000000005 222.53875000000002 130.94250000000002 235.00375000000003 30.083750000000006 4.5000000000000009 4.5000000000000009 145.31500000000003 153.16250000000002 1.0000000180025095e-35 114.79875000000003 20.500000000000004 29.101250000000004 5.5000000000000009
decision_type=2 2 2 2 2 2 2 2 2 2 2 2 2 2 2 2 2 2 2 2 2 2 2 2 2 2 2 2 2 2
left_child=1 2 9 4 13 6 7 -2 -8 10 24 12 -9 14 15 22 -17 -18 19 -16 21 -15 -4 -23 25 -1 -27 29 -29 -7
right_child=5 -3 3 -5 -6 27 8 11 -10 -11 -12 -13 -14 20 18 16 17 -19 -20 -21 -22 23 -24 -25 -26 26 -28 28 -30 -31
leaf_value=-0.028963685996513097 -0.023776708014501487 0.14691147807985547 0.025313132940368223 -0.10581782501167764 0.064714018985464736 -0.0052516664394522163 0.12642322053365848 0.013979521030560136 -0.033862013090401891 0.014488224200017476 0.052179557792615239 -0.049137097084894776 0.21752632959932089 0.13703833412792948 -0.23157488409429791 -0.034844948611252251 0.21654806554517048 0.022606784160333602 -0.034000026627777291 -0.060946619773114274 -0.029756468714562709 0.059618705874958704 -0.058561440753931208 -0.02171975352086019 -0.01027610279730443 -0.021591362944860578 0.011088609790534396 -0.0061436684413441172 -0.1324712320417166 0.0020091450645231129
leaf_weight=336 1634 25 55 161 102 7351 51 40 24 3485 164 24 25 27 20 62 28 44 141 22 83 86 134 69 1695 264 2664 5090 20 26306
leaf_count=336 1634 25 55 161 102 7351 51 40 24 3485 164 24 25 27 20 62 28 44 141 22 83 86 134 69 1695 264 2664 5090 20 26306
internal_value=-0.000130598 0.00429411 0.00392432 -0.0173121 -0.000989755 -0.00118504 -0.0157943 -0.0197522 0.0751319 0.00647526 0.00102432 0.0541354 0.0922668 -0.00968208 -0.0243551 -0.00482153 0.0365497 0.0980284 -0.0588324 -0.142198 0.0183351 0.0402669 -0.0341535 0.02341 -0.000667444 0.00432235 0.00814205 -0.000507471 -0.0066381 0.000423317
internal_weight=50232 9667 9642 1034 873 40565 1798 1723 75 8608 5123 89 65 771 506 323 134 72 183 42 265 182 189 155 4959 3264 2928 38767 5110 33657
internal_count=50232 9667 9642 1034 873 40565 1798 1723 75 8608 5123 89 65 771 506 323 134 72 183 42 265 182 189 155 4959 3264 2928 38767 5110 33657
is_linear=0
shrinkage=0.05


Tree=234
num_leaves=31
num_cat=0
split_feature=8 1 0 0 4 4 1 0 3 8 0 0 8 1 3 8 0 8 0 1 4 8 4 5 4 4 5 1 1 1
split_gain=159.992 125.45 178.454 462.833 217.559 237.439 102.32 275.405 205.641 284.926 140.891 101.533 250.069 214.551 159.7 964.561 765.39 404.232 226.892 147.137 138.517 534.3 334.192 570.316 173.726 298.117 954.462 700.896 982.761 560.52
threshold=323.40875000000005 8.5000000000000018 27.011250000000008 26.633750000000003 17.500000000000004 20.500000000000004 6.5000000000000009 28.931250000000002 1.0000000180025095e-35 343.17750000000007 28.716250000000006 25.566250000000007 242.25125000000003 5.5000000000000009 1.0000000180025095e-35 91.300000000000011 24.741250000000004 106.59625000000001 21.106250000000006 10.500000000000002 4.5000000000000009 91.300000000000011 3.5000000000000004 1.0000000180025095e-35 18.500000000000004 16.500000000000004 1.0000000180025095e-35 7.5000000000000009 4.5000000000000009 9.5000000000000018
decision_type=2 2 2 2 2 2 2 2 2 2 2 2 2 2 2 2 2 2 2 2 2 2 2 2 2 2 2 2 2 2
left_child=11 2 3 -2 -4 6 8 -8 9 10 -6 12 14 -14 15 16 -1 18 -16 -15 21 -13 -23 -24 25 -22 27 28 -27 -28
right_child=1 -3 4 -5 5 -7 7 -9 -10 -11 -12 20 13 19 17 -17 -18 -19 -20 -21 24 22 23 -25 -26 26 29 -29 -30 -31
leaf_value=0.41850312995910643 -0.0064556402216355002 -0.0027681933267824895 -0.11440092402581986 0.29166745698970298 -0.015912545213516729 -0.010286398204628766 0.064196869916216079 0.26663914263248445 0.13623934867194828 -0.10712590648386724 0.11514782516447747 -0.25806458646600899 0.039740393502517568 0.010688213283025818 -0.19140300864110824 0.0022983383778511202 0.014133071222088553 -0.0056189036236844667 -0.01958965715585333 -0.059673769346241336 -0.001583541347635081 -0.0034867657083759262 0.052163032227126177 -0.079105397380429182 -0.01022042466938794 0.034814865159448878 0.043030209118439855 0.030270539026285029 -0.12380805406791476 -0.044668618903444909
leaf_weight=25 30 345 26 23 37 183 105 20 39 39 46 22 742 1566 46 12787 22 4881 33 78 19011 2508 107 365 4452 145 1778 269 299 203
leaf_count=25 30 345 26 23 37 183 105 20 39 39 46 22 742 1566 46 12787 22 4881 33 78 19011 2508 107 365 4452 145 1778 269 299 203
internal_value=-0.000124068 0.0208508 0.0357204 0.122919 0.026384 0.0341887 0.0626466 0.0965876 0.0362948 0.00434529 0.0567233 -0.000503698 0.0022228 0.0174227 0.00018464 0.00312937 0.229224 -0.00743485 -0.119633 0.00734987 -0.00239062 -0.012563 -0.0107506 -0.0493475 -0.00122314 0.000622327 0.0161887 -0.0334189 -0.0720055 0.0340434
internal_weight=50232 893 548 53 495 469 286 125 161 122 83 49339 20180 2386 17794 12834 47 4960 79 1644 29159 3002 2980 472 26157 21705 2694 713 444 1981
internal_count=50232 893 548 53 495 469 286 125 161 122 83 49339 20180 2386 17794 12834 47 4960 79 1644 29159 3002 2980 472 26157 21705 2694 713 444 1981
is_linear=0
shrinkage=0.05


Tree=235
num_leaves=31
num_cat=0
split_feature=8 1 7 1 4 4 0 8 7 0 7 7 0 1 8 8 7 0 7 8 0 7 4 4 8 0 8 0 1 8
split_gain=181.002 227.396 373.737 273.441 1108.2 323.549 404.195 260.439 329.79 260.411 162.853 134.461 132.453 459.362 365.022 354.803 221.462 178.918 84.3261 184.172 239.622 262.079 215.328 232.549 282.501 170.769 162.196 176.31 232.701 180.982
threshold=117.09375000000001 7.5000000000000009 214.85250000000002 4.5000000000000009 4.5000000000000009 13.500000000000002 25.991250000000004 106.59625000000001 232.67125000000001 26.568750000000005 201.20500000000001 255.50375000000003 25.471250000000001 2.5000000000000004 91.300000000000011 91.300000000000011 143.68750000000003 18.216250000000006 189.35500000000005 168.50125000000003 29.606250000000003 141.33875000000003 2.5000000000000004 22.500000000000004 287.74000000000007 26.568750000000005 216.42875000000004 26.153750000000006 10.500000000000002 241.25250000000003
decision_type=2 2 2 2 2 2 2 2 2 2 2 2 2 2 2 2 2 2 2 2 2 2 2 2 2 2 2 2 2 2
left_child=1 3 -3 10 -5 6 -6 8 -8 -4 12 -7 13 17 16 -14 -15 -1 19 -2 22 -22 -21 -24 25 -25 -20 28 -28 -30
right_child=18 2 9 4 5 11 7 -9 -10 -11 -12 -13 15 14 -16 -17 -18 -19 26 20 21 -23 23 24 -26 -27 27 -29 29 -31
leaf_value=-0.020230833977225249 -0.002169052323791526 -0.0068862283858374014 0.27938438473003252 -0.39925834804773336 -0.13392927004024388 -0.060138477906584747 0.3037403524667025 -0.053199330280008533 0.02612457715946695 0.027287579663097861 0.1005169938283938 -0.23926752121611075 0.15724016375949279 -0.34161234420278802 -0.047240337653784083 -0.031508683773653921 -0.12662835079431534 0.10360955161705726 -0.0060599945105046724 0.034582172889575956 -0.022428175293873146 0.028865336799775487 -0.0017482664672578739 0.049838199455586971 -0.12854379685152145 0.20261615481227638 0.010125251930746981 -0.0017829100972832992 -0.010643646043373915 -0.08782198179317148
leaf_weight=251 7907 241 21 25 32 20 20 23 23 20 27 22 34 23 64 93 25 33 10990 505 285 1973 5322 214 21 20 6780 14569 379 95
leaf_count=251 7907 241 21 25 32 20 20 23 23 20 27 22 34 23 64 93 25 33 10990 505 285 1973 5322 214 21 20 6780 14569 379 95
internal_value=-7.63029e-05 -0.0211672 0.0168555 -0.0361636 -0.0926167 -0.0378593 0.0119015 0.0826074 0.155248 0.15641 -0.0192276 -0.153968 -0.0254094 -0.0396591 -0.125412 0.0190225 -0.229642 -0.00584093 0.000352307 0.00329824 0.00848169 0.0223912 0.00331766 0.000486642 0.0471305 0.0628961 -0.00110634 0.0013883 0.0077574 -0.0261119
internal_weight=50057 997 282 715 165 140 98 66 43 41 550 42 523 396 112 127 48 284 49060 16247 8340 2258 6082 5577 255 234 32813 21823 7254 474
internal_count=50057 997 282 715 165 140 98 66 43 41 550 42 523 396 112 127 48 284 49060 16247 8340 2258 6082 5577 255 234 32813 21823 7254 474
is_linear=0
shrinkage=0.05


Tree=236
num_leaves=31
num_cat=0
split_feature=8 6 7 6 7 6 6 7 0 4 8 4 7 7 1 1 0 7 7 6 4 6 6 6 0 0 0 6 0 0
split_gain=166.697 253.777 244.315 195.29 342.927 482.459 341.205 536.309 236.908 201.093 157.759 145.671 144.522 143.218 262.775 451.52 850.335 324.061 220.796 211.685 189.585 159.523 116.675 107.94 181.102 357.38 151.832 118.172 106.071 88.5807
threshold=127.92875000000002 134.00250000000003 154.00125000000003 200.07625000000002 242.65375000000003 226.52750000000003 175.70500000000001 200.66750000000002 26.021250000000006 4.5000000000000009 151.35375000000002 9.5000000000000018 106.59625000000001 154.00125000000003 7.5000000000000009 4.5000000000000009 26.633750000000003 214.85250000000002 176.51750000000001 149.00250000000003 3.5000000000000004 130.94250000000002 134.00250000000003 126.45750000000001 18.913750000000004 20.802500000000006 25.241250000000004 140.96750000000003 30.083750000000006 28.041250000000002
decision_type=2 2 2 2 2 2 2 2 2 2 2 2 2 2 2 2 2 2 2 2 2 2 2 2 2 2 2 2 2 2
left_child=3 2 10 6 5 9 13 -8 -7 -5 -2 -9 -12 20 15 18 -17 -16 19 21 22 -15 -1 26 27 -26 -22 -25 -20 -11
right_child=1 -3 -4 4 -6 8 7 11 -10 29 12 -13 -14 14 17 16 -18 -19 28 -21 23 -23 -24 24 25 -27 -28 -29 -30 -31
leaf_value=-0.015732245113206651 0.026661689140755281 -9.3966206492883096e-05 -0.0017642088118769604 -0.23179211961105467 -0.19240557322162205 0.18436167421085495 -0.018093704358872139 0.30406869977712631 -0.012036447950145778 0.0053698747522301152 -0.019244968937709928 0.12866427918960308 0.097035125440078585 -0.058284559933093893 -0.04403237990469467 -0.43800870803269476 -0.028753063566982748 0.15037990869844664 0.13737225276620493 -0.16436314391784179 0.021331236023851442 0.099208125770092026 -0.067298156127333641 0.044321441374017632 -0.24007741879849209 -0.019476509147821227 0.15643298558213495 -0.047006366962728946 -0.020071091055870058 -0.13155067781696009
leaf_weight=896 671 46096 689 24 40 28 66 20 34 27 32 29 162 82 58 22 30 34 23 39 380 20 125 154 21 146 22 46 20 21
leaf_count=896 671 46096 689 24 40 28 66 20 34 27 32 29 162 82 58 22 30 34 23 39 380 20 125 154 21 146 22 46 20 21
internal_value=-7.24878e-05 0.000576009 0.0204494 -0.0129104 -0.0639306 -0.0255799 -0.00893481 0.0749431 0.0766595 -0.113619 0.0381432 0.200258 0.0778549 -0.0134891 -0.0438626 -0.071805 -0.2019 0.0278156 -0.0350391 -0.0652861 -0.00792344 -0.0274036 -0.0220454 0.0108263 -0.00877926 -0.0472167 0.0287249 0.023316 0.0641428 -0.0545329
internal_weight=50057 47650 1554 2407 174 134 2233 115 62 72 865 49 194 2118 328 236 52 92 184 141 1790 102 1021 769 367 167 402 200 43 48
internal_count=50057 47650 1554 2407 174 134 2233 115 62 72 865 49 194 2118 328 236 52 92 184 141 1790 102 1021 769 367 167 402 200 43 48
is_linear=0
shrinkage=0.05


Tree=237
num_leaves=31
num_cat=0
split_feature=8 4 7 4 0 7 1 0 7 7 8 0 5 1 8 4 4 1 8 7 4 8 4 0 7 4 8 4 0 4
split_gain=156.114 177.461 346.839 198.777 292.195 286.263 273.513 220.9 233.419 146.885 157.957 139.829 245.118 236.556 191.186 177.657 372.203 199.066 305.31 192.913 206.422 161.74 151.749 148.793 147.314 143.514 201.972 167.092 381.033 259.751
threshold=134.14500000000001 17.500000000000004 199.50125000000003 3.5000000000000004 25.841250000000006 151.25375000000003 5.5000000000000009 30.083750000000006 207.00125000000003 175.17125000000004 216.42875000000004 26.153750000000006 1.0000000180025095e-35 10.500000000000002 227.00250000000003 3.5000000000000004 18.500000000000004 3.5000000000000004 233.16625000000002 288.67250000000007 17.500000000000004 290.55875000000009 22.500000000000004 22.841250000000006 241.00250000000003 5.5000000000000009 283.75500000000005 13.500000000000002 29.381250000000005 11.500000000000002
decision_type=2 2 2 2 2 2 2 2 2 2 2 2 2 2 2 2 2 2 2 2 2 2 2 2 2 2 2 2 2 2
left_child=1 3 -3 4 -1 -6 7 -5 -9 -2 -11 12 15 21 -15 -12 17 18 23 20 -19 -14 25 -17 -23 26 -13 29 -29 -27
right_child=9 2 -4 6 5 -7 -8 8 -10 10 11 22 13 14 -16 16 -18 19 -20 -21 -22 24 -24 -25 -26 27 -28 28 -30 -31
leaf_value=-0.017603954367050832 0.0060563697808725687 -0.023495024553002706 -0.25273600925098766 0.00053389587410101991 -0.027659479452780002 -0.26498831448455656 0.045168321725709677 -0.031443035426848336 -0.18742151579429067 -0.0049615468305289718 0.0025300413151488309 -0.027251553100565408 0.0023456738189428501 -0.0044973783273898312 -0.075761121721561298 0.033434444219650077 0.013737132974857312 0.058654437382073411 0.30307458064385823 0.16778299966544818 -0.05458703740344694 -0.037056172071177451 -0.027160316846622956 0.17396564541324494 0.047021448692301661 0.0013260616975840488 0.012801954071313194 0.0042603101134270514 -0.019932371291242923 0.02494007820656554
leaf_weight=1469 9932 66 22 1117 27 24 317 106 31 14070 677 1016 4883 214 168 48 769 249 21 33 48 61 534 31 357 4072 456 5249 2359 1631
leaf_count=1469 9932 66 22 1117 27 24 317 106 31 14070 677 1016 4883 214 168 48 769 249 21 33 48 61 534 31 357 4072 456 5249 2359 1631
internal_value=-6.88634e-05 -0.0107914 -0.0808053 -0.00879814 -0.0216886 -0.139344 0.0036739 -0.00681552 -0.0667374 0.000658279 -0.000792861 0.00177111 0.00733569 0.00216256 -0.0358385 0.0230068 0.0345687 0.0718232 0.133624 0.0530958 0.0403528 0.00490099 -0.000975034 0.0885796 0.0347517 -2.91546e-05 -0.0148437 0.00160911 -0.00324107 0.00807943
internal_weight=50057 3179 88 3091 1520 51 1571 1254 137 46878 36946 22876 7559 5683 382 1876 1199 430 100 330 297 5301 15317 79 418 14783 1472 13311 7608 5703
internal_count=50057 3179 88 3091 1520 51 1571 1254 137 46878 36946 22876 7559 5683 382 1876 1199 430 100 330 297 5301 15317 79 418 14783 1472 13311 7608 5703
is_linear=0
shrinkage=0.05


Tree=238
num_leaves=31
num_cat=0
split_feature=4 4 6 4 1 3 7 7 4 5 4 1 3 6 7 1 6 3 1 1 1 6 6 1 6 5 4 1 4 6
split_gain=71.0953 114.724 297.319 268.128 248.089 274.451 298.829 930.999 232.863 299.899 557.384 208.588 185.151 333.512 209.263 183.283 166.811 158.215 157.071 482.225 200.386 183.99 150.427 144.66 139.218 333.302 214.132 187.136 197.551 296.7
threshold=1.5000000000000002 8.5000000000000018 292.51500000000004 10.500000000000002 8.5000000000000018 1.0000000180025095e-35 246.49375000000003 221.57250000000002 12.500000000000002 1.0000000180025095e-35 11.500000000000002 2.5000000000000004 1.0000000180025095e-35 167.76500000000001 220.53250000000006 2.5000000000000004 261.48500000000007 1.0000000180025095e-35 8.5000000000000018 9.5000000000000018 3.5000000000000004 222.00250000000003 288.2675000000001 2.5000000000000004 196.34250000000003 1.0000000180025095e-35 7.5000000000000009 1.5000000000000002 7.5000000000000009 147.00250000000003
decision_type=2 2 2 2 2 2 2 2 2 2 2 2 2 2 2 2 2 2 2 2 2 2 2 2 2 2 2 2 2 2
left_child=-1 2 15 11 5 6 7 -4 9 10 23 -3 -13 -14 18 24 -16 -11 20 -20 -15 -21 -17 -5 27 -26 -27 -2 29 -29
right_child=1 3 4 8 -6 -7 -8 -9 -10 17 -12 12 13 14 16 22 -18 -19 19 21 -22 -23 -24 -25 25 26 -28 28 -30 -31
leaf_value=-0.0062926195836982531 -0.0039704338147328894 -0.037602902282162301 0.070806203613913543 -0.10753893394192511 -0.066941255424171689 -0.027632413031878297 0.012034005403518677 0.49422124140895907 -0.0013447802582723929 0.012267320736798442 0.024164204133800618 -0.00048927654725181436 0.062381329145474534 -0.0574400348285313 -0.05893201815237388 0.0011696006466876087 -0.20822857613675297 0.037407134256804704 -0.16518154604868457 -0.032000000847784697 0.020971554415580823 0.10648223566071642 -0.11698323347502285 -0.037006353377420274 0.13719878158850693 0.074362536463364645 -0.011266553413765836 0.013120773871760813 -0.09855663849401379 0.074026266815494332
leaf_weight=4199 1070 713 37 88 24 27 25 20 22988 2230 528 2460 97 112 290 11878 20 870 66 106 299 31 27 418 76 116 197 740 31 274
leaf_count=4199 1070 713 37 88 24 27 25 20 22988 2230 528 2460 97 112 290 11878 20 870 66 106 299 31 27 418 76 116 197 740 31 274
internal_value=-6.54202e-05 0.000504775 0.00417474 -0.00119942 0.0785898 0.110633 0.15616 0.219373 0.000619908 0.011545 -0.0117731 -0.0129648 -0.00791822 -0.0258175 -0.0350765 0.00348786 -0.0685641 0.0193227 -0.0181691 -0.0541529 -0.000396081 -0.000664604 0.000901635 -0.0492729 0.0157838 0.0432742 0.0204682 0.0107276 0.0257773 0.0295785
internal_weight=50057 45858 14542 31316 133 109 82 57 27122 4134 1034 4194 3481 1021 924 14409 310 3100 614 203 411 137 11905 506 2504 389 313 2115 1045 1014
internal_count=50057 45858 14542 31316 133 109 82 57 27122 4134 1034 4194 3481 1021 924 14409 310 3100 614 203 411 137 11905 506 2504 389 313 2115 1045 1014
is_linear=0
shrinkage=0.05


Tree=239
num_leaves=31
num_cat=0
split_feature=8 6 0 1 1 6 6 6 0 0 1 0 0 6 8 6 0 8 6 6 8 1 6 0 8 8 0 0 1 0
split_gain=143.199 255.58 288.386 162.067 247.797 308.016 543.06 361.712 518.768 324.307 240.238 223.654 188.912 166.491 139.499 138.553 177.997 160.669 272.657 132.55 128.075 432.769 298.72 169.456 203.663 122.456 167.351 92.5172 84.77 81.2996
threshold=134.14500000000001 135.30875000000003 26.796250000000004 5.5000000000000009 4.5000000000000009 157.83000000000001 197.75250000000003 240.25625000000002 27.643750000000004 26.796250000000004 8.5000000000000018 26.021250000000006 25.471250000000001 161.00500000000002 106.59625000000001 132.44500000000002 26.051250000000003 91.300000000000011 221.00500000000002 164.77750000000003 112.25375000000001 2.5000000000000004 120.75750000000001 12.228750000000002 106.59625000000001 186.33750000000003 23.791250000000002 16.712500000000002 7.5000000000000009 26.601250000000004
decision_type=2 2 2 2 2 2 2 2 2 2 2 2 2 2 2 2 2 2 2 2 2 2 2 2 2 2 2 2 2 2
left_child=3 2 25 4 15 9 14 8 11 -6 12 -8 -5 -14 -7 16 20 19 -19 -17 21 22 23 -1 -25 27 -27 -2 -15 -9
right_child=1 -3 -4 10 5 6 7 29 -10 -11 -12 -13 13 28 -16 17 -18 18 -20 -21 -22 -23 -24 24 -26 26 -28 -29 -30 -31
leaf_value=0.039947572295312532 0.056400706995827936 1.1989678359504794e-05 -0.0081060059184084859 0.20195909952931107 -0.27475467164429929 0.21783835703418372 -0.1267029882967472 0.063040597736835485 -0.010598598048090935 -0.029937020673726996 -0.00097056215368070879 -0.34562264382839203 -0.076162733598833993 0.032666156170809445 0.033327364362776279 -0.012312437099171803 0.12560251068185876 -0.028524269182823383 -0.21561932675540449 0.14313142231355111 0.0014403075513973449 -0.17960589413785122 0.10714339388703759 -0.23700996965169907 -0.020971166249364615 0.15716025137901307 0.038087280538942045 0.018516712437394538 0.15970146146913369 -0.046349419156710314
leaf_weight=27 256 45583 482 25 31 21 20 35 40 24 597 28 21 29 20 32 27 739 20 24 1230 44 44 20 24 50 72 435 24 33
leaf_count=27 256 45583 482 25 31 21 20 35 40 24 597 28 21 29 20 32 27 739 20 24 1230 44 44 20 24 50 72 435 24 33
internal_value=-6.21492e-05 0.000634265 0.0225379 -0.0103316 -0.0163086 -0.0633067 -0.0340985 -0.0766574 -0.143585 -0.167925 0.0109918 -0.254406 0.0831284 0.0429829 0.127833 -0.011 -0.00154691 -0.0274241 -0.0334543 0.0543064 -0.0040185 -0.046247 0.00477727 -0.0586609 -0.119171 0.0407056 0.0868877 0.0325519 0.0901916 0.00995427
internal_weight=50057 46878 1295 3179 2483 252 197 156 88 55 696 48 99 74 41 2231 1416 815 759 56 1389 159 115 71 44 813 122 691 53 68
internal_count=50057 46878 1295 3179 2483 252 197 156 88 55 696 48 99 74 41 2231 1416 815 759 56 1389 159 115 71 44 813 122 691 53 68
is_linear=0
shrinkage=0.05


Tree=240
num_leaves=31
num_cat=0
split_feature=6 0 4 0 0 1 6 7 7 6 6 0 1 6 7 7 0 6 7 7 1 7 1 7 6 0 7 0 6 0
split_gain=106.484 430.727 443.833 340.951 333.078 193.362 168.039 144.291 293.213 488.699 1073.67 175.011 170.216 160.749 142.34 433.353 131.191 127.11 116.818 220.557 151.914 114.545 98.7956 95.5366 121.682 95.3268 94.5018 231.318 191.277 333.267
threshold=276.00750000000005 26.221250000000001 18.500000000000004 24.631250000000005 25.471250000000001 5.5000000000000009 310.96250000000003 187.37875000000003 199.50125000000003 287.01875000000007 294.00250000000005 27.086250000000003 4.5000000000000009 303.50250000000005 264.00250000000005 254.97125000000003 26.666250000000002 281.88750000000005 280.75250000000005 265.01000000000005 8.5000000000000018 300.63125000000008 5.5000000000000009 204.75125000000003 316.50500000000005 25.201250000000005 284.72125000000011 29.966250000000006 331.00125000000008 28.716250000000006
decision_type=2 2 2 2 2 2 2 2 2 2 2 2 2 2 2 2 2 2 2 2 2 2 2 2 2 2 2 2 2 2
left_child=-1 2 3 -2 18 21 -7 11 9 -9 -11 -3 16 -12 15 22 -10 -18 19 20 -5 23 -6 -4 -25 -23 27 28 -14 -30
right_child=1 7 5 4 14 6 -8 8 12 10 13 -13 26 -15 -16 -17 17 -19 -20 -21 -22 25 -24 24 -26 -27 -28 -29 29 -31
leaf_value=0.00075904217172367405 0.087227666111829791 -0.044230225996351707 0.14032770155704227 -0.019898647910287216 -0.094351158078227734 0.013662170441618757 0.0830287179151218 0.040720909030901059 -0.14839020974693759 -0.43693292006850248 -0.12268754755265224 0.067665643050326962 0.0086711795340383892 0.048526719642373234 -0.033483834881335495 0.20027659329275294 -0.15383134535090492 -0.027832261172253306 -0.021664395555853845 -0.26393679102713413 -0.15204873142594644 0.062106011489716673 0.012778819751955809 0.062044017029227697 -0.042718654870986944 0.19483699043912273 -0.01917031989169983 -0.035944572478254846 -0.1295760407605592 0.038575520040467381
leaf_weight=43793 67 51 29 43 28 644 101 45 31 25 29 111 1650 26 210 30 22 222 39 22 44 24 93 150 34 31 1861 449 68 52
leaf_count=43793 67 51 29 43 28 644 101 45 31 25 29 111 1650 26 210 30 22 222 39 22 44 24 93 150 34 31 1861 449 68 52
internal_value=-0.000111117 -0.00622681 0.0162421 -0.0188017 -0.0327584 0.0361683 0.0230662 -0.0139181 -0.0155945 -0.091097 -0.165245 0.0324392 -0.0134273 -0.0417499 -0.00686069 0.0301649 -0.0515024 -0.0391928 -0.0959277 -0.122499 -0.0867332 0.0725902 -0.0120116 0.0559797 0.0426857 0.136918 -0.010861 -0.00389225 0.00423853 -0.0567104
internal_weight=50024 6231 1589 576 509 1013 745 4642 4480 125 80 162 4355 55 361 151 275 244 148 109 87 268 121 213 184 55 4080 2219 1770 120
internal_count=50024 6231 1589 576 509 1013 745 4642 4480 125 80 162 4355 55 361 151 275 244 148 109 87 268 121 213 184 55 4080 2219 1770 120
is_linear=0
shrinkage=0.05


Tree=241
num_leaves=31
num_cat=0
split_feature=8 6 6 4 7 0 7 0 6 0 8 4 0 0 8 7 7 6 3 0 8 4 8 8 8 0 4 4 0 6
split_gain=108.274 443.129 1400.76 1080.37 727.666 923.516 456.237 348.717 98.4268 366.364 413.725 381.262 307.708 300.602 235.696 215.298 418.528 205.859 357.994 722.175 485.044 192.853 178.252 142.416 172.848 270.536 141.289 183.486 198.806 194.086
threshold=91.300000000000011 126.45750000000001 139.61625000000004 5.5000000000000009 180.75750000000002 25.903750000000006 234.31500000000003 24.741250000000004 276.00750000000005 26.221250000000001 295.00250000000005 18.500000000000004 24.631250000000005 25.471250000000001 266.60500000000008 196.47500000000002 199.50125000000003 319.00500000000005 1.0000000180025095e-35 27.516250000000003 257.00250000000005 19.500000000000004 228.00500000000002 205.97000000000003 262.00375000000003 25.961250000000003 1.5000000000000002 18.500000000000004 29.156250000000004 288.2675000000001
decision_type=2 2 2 2 2 2 2 2 2 2 2 2 2 2 2 2 2 2 2 2 2 2 2 2 2 2 2 2 2 2
left_child=1 3 -3 -1 7 -6 -7 -4 14 11 15 12 -10 22 -2 -11 -17 26 19 21 -21 -19 -14 -15 25 -25 -18 28 29 -28
right_child=8 2 4 -5 5 6 -8 -9 9 10 -12 -13 13 23 -16 16 17 18 -20 20 -22 -23 -24 24 -26 -27 27 -29 -30 -31
leaf_value=0.4380223245847793 -0.00046293903441955807 -0.27767677042219374 -0.20497778848461481 -0.04015005341282598 0.47394168376922607 0.21801644719165303 -0.10432648013035457 0.055724834856288187 0.082866283375491845 0.020789914566744616 -0.00017771006670048374 0.033104758249719202 -0.2099951742933347 -0.11924548232211517 0.013459277651116397 -0.24296358097344639 -0.072387356491179652 -0.11296801916484177 -0.010334800368263609 -0.46384933756664398 -0.15822917095108613 0.063767210317944939 -0.065799730761953806 0.0036786187996170417 -0.020530977992769081 0.18648085095759095 -0.016360334100603474 -0.044047068902887121 -0.029696958529076528 0.052526520350720834
leaf_weight=21 40307 36 23 27 20 23 21 29 67 187 2632 1011 26 26 3288 24 151 29 105 20 37 33 122 67 239 29 204 553 462 205
leaf_count=21 40307 36 23 27 20 23 21 29 67 187 2632 1011 26 26 3288 24 151 29 105 20 37 33 122 67 239 29 204 553 462 205
internal_value=-0.000105561 0.0366097 -0.00521366 0.16905 0.0793439 0.192224 0.064171 -0.0595859 -0.000252941 -0.00613212 -0.0132222 0.0146066 -0.0178616 -0.0311205 0.000587095 -0.0303034 -0.0355445 -0.0327774 -0.0776267 -0.137002 -0.265464 -0.0188993 -0.0911314 -0.00651766 0.00223137 0.0589001 -0.0263988 -0.0215222 -0.00722109 0.0181673
internal_weight=50024 200 152 48 116 64 44 52 49824 6229 4642 1587 576 509 43595 2010 1823 1799 224 119 57 62 148 361 335 96 1575 1424 871 409
internal_count=50024 200 152 48 116 64 44 52 49824 6229 4642 1587 576 509 43595 2010 1823 1799 224 119 57 62 148 361 335 96 1575 1424 871 409
is_linear=0
shrinkage=0.05


Tree=242
num_leaves=31
num_cat=0
split_feature=8 4 0 0 3 0 0 4 4 4 8 5 1 1 3 8 1 4 1 8 0 1 8 8 0 8 8 5 4 4
split_gain=97.717 342.355 421.425 307.15 945.746 514.656 383.219 88.6096 155.066 221.486 510.412 389.239 229.728 251.165 336.264 230.428 230.202 202.138 320.368 299.902 524.006 183.291 261.004 168.959 317.445 190.253 161.98 239.075 403.849 349.229
threshold=91.300000000000011 8.5000000000000018 26.976250000000004 25.471250000000001 1.0000000180025095e-35 26.086250000000003 23.791250000000002 1.5000000000000002 8.5000000000000018 9.5000000000000018 278.76250000000005 1.0000000180025095e-35 4.5000000000000009 7.5000000000000009 1.0000000180025095e-35 230.11125000000004 9.5000000000000018 5.5000000000000009 5.5000000000000009 230.11125000000004 30.328750000000003 10.500000000000002 235.72875000000002 282.49125000000009 27.051250000000003 314.00375000000008 197.00875000000005 1.0000000180025095e-35 7.5000000000000009 6.5000000000000009
decision_type=2 2 2 2 2 2 2 2 2 2 2 2 2 2 2 2 2 2 2 2 2 2 2 2 2 2 2 2 2 2
left_child=1 3 -3 4 6 -5 -1 -2 17 10 11 -10 -13 15 21 -14 -16 23 26 20 -20 22 -15 -9 25 -25 -19 29 -29 -28
right_child=7 2 -4 5 -6 -7 -8 8 9 -11 -12 12 13 14 16 -17 -18 18 19 -21 -22 -23 -24 24 -26 -27 27 28 -30 -31
leaf_value=0.37979866504669191 -0.0072502678628218733 0.026356191148883421 0.29068157482147217 -0.24579650903570244 -0.12569204849769941 0.047241752522607011 0.070275285542011262 -0.0014859406259570022 0.022632260195892016 -0.0004692367696153344 -0.25697844973341988 -0.053223267402064671 0.051734251436914125 0.045539398559713333 -0.14992354281581519 -0.021653233977101213 -0.02920872006322664 0.014373896893729974 -0.0050779945908775177 0.026102243007200095 -0.21192552414422317 -0.069554201508193123 -0.055477951996905112 0.051399031480935622 -0.12855429236184468 0.21066246310418305 -0.051022901199758053 0.063375469463047993 -0.0052970146116755878 0.11109216253544033
leaf_weight=20 4134 38 25 29 37 31 20 8091 517 29168 22 555 218 184 89 210 71 1696 2484 893 31 96 98 127 22 22 40 402 458 196
leaf_count=20 4134 38 25 29 37 31 20 8091 517 29168 22 555 218 184 89 210 71 1696 2484 893 31 96 98 127 22 22 40 402 458 196
internal_value=-0.000100283 0.0347792 0.131247 -0.00958198 0.0565048 -0.0943934 0.225037 -0.000240294 0.000393963 -0.00158829 -0.0174332 -0.0148474 -0.027587 -0.0128581 -0.0355982 0.0157264 -0.0963563 0.00467428 0.0114981 0.00121064 -0.00762761 -0.00988041 0.0104341 -0.000446464 0.0487372 0.0749144 0.0240552 0.0390365 0.0268034 0.083615
internal_weight=50024 200 63 137 77 60 40 49824 45690 31228 2060 2038 1521 966 538 428 160 14462 6200 3408 2515 378 282 8262 171 149 2792 1096 860 236
internal_count=50024 200 63 137 77 60 40 49824 45690 31228 2060 2038 1521 966 538 428 160 14462 6200 3408 2515 378 282 8262 171 149 2792 1096 860 236
is_linear=0
shrinkage=0.05


Tree=243
num_leaves=31
num_cat=0
split_feature=8 6 6 4 6 4 6 4 6 0 8 4 0 0 8 7 7 6 3 0 8 4 8 3 7 8 7 6 8 6
split_gain=88.1896 358.712 775.137 935.177 636.546 399.266 507.976 220.772 88.0996 331.834 373.297 342.251 278.012 270.994 213.676 194.103 377.604 186.13 323.106 651.883 437.528 174.169 160.945 134.016 345.9 226.826 132.754 540.556 299.103 263.215
threshold=91.300000000000011 177.82375000000002 126.45750000000001 5.5000000000000009 139.61625000000004 4.5000000000000009 219.22125000000003 8.5000000000000018 276.00750000000005 26.221250000000001 295.00250000000005 18.500000000000004 24.631250000000005 25.471250000000001 266.60500000000008 196.47500000000002 199.50125000000003 319.00500000000005 1.0000000180025095e-35 27.516250000000003 257.00250000000005 19.500000000000004 228.00500000000002 1.0000000180025095e-35 264.00250000000005 209.25750000000002 270.00125000000008 204.75125000000003 136.98250000000004 167.76500000000001
decision_type=2 2 2 2 2 2 2 2 2 2 2 2 2 2 2 2 2 2 2 2 2 2 2 2 2 2 2 2 2 2
left_child=1 2 3 -1 -4 -3 -7 -6 14 11 15 12 -10 22 26 -11 -17 -18 19 21 -21 -19 -14 25 -25 -15 -2 29 -29 -28
right_child=8 5 4 -5 7 6 -8 -9 9 10 -12 -13 13 23 -16 16 17 18 -20 20 -22 -23 -24 24 -26 -27 27 28 -30 -31
leaf_value=0.40150203733217149 0.00030157559877517582 -0.049031108245253564 -0.26052613293545113 -0.043381174101873685 -0.068813119017902546 0.39521739312580656 0.043123299852013589 0.13737990912936984 0.078928600482420244 0.019749947572077181 -0.00014739492044404275 0.031472982323010434 -0.19934336204941458 -0.16963288654496866 0.012822603489306429 -0.23075733403869286 -0.025046214057805223 -0.10735343771761861 -0.0098285806604794107 -0.44063340167456772 -0.15036865517094331 0.060602312546336294 -0.062326763332134383 0.17855491098016502 -0.031157420483399551 -0.0088217464445239507 0.006811580985751269 -0.19278080869466066 0.0015463333760974186 -0.081073366124392227
leaf_weight=21 37826 20 36 27 34 21 20 21 67 187 2632 1011 26 24 3288 24 1575 29 105 20 37 33 122 32 51 254 112 20 1993 356
leaf_count=21 37826 20 36 27 34 21 20 21 67 187 2632 1011 26 24 3288 24 1575 29 105 20 37 33 122 32 51 254 112 20 1993 356
internal_value=-9.52693e-05 0.0330403 -0.0113191 0.151255 -0.0970726 0.134121 0.223464 0.00991513 -0.00022828 -0.00579048 -0.0125382 0.0139467 -0.0168156 -0.0294184 0.000566467 -0.0287634 -0.0337398 -0.0311114 -0.0737575 -0.130165 -0.252216 -0.0179576 -0.0863972 -0.00605868 0.0496955 -0.0227047 -0.000433314 -0.0116376 -0.000384388 -0.0600411
internal_weight=50024 200 139 48 91 61 41 55 49824 6229 4642 1587 576 509 43595 2010 1823 1799 224 119 57 62 148 361 83 278 40307 2481 2013 468
internal_count=50024 200 139 48 91 61 41 55 49824 6229 4642 1587 576 509 43595 2010 1823 1799 224 119 57 62 148 361 83 278 40307 2481 2013 468
is_linear=0
shrinkage=0.05


Tree=244
num_leaves=31
num_cat=0
split_feature=4 4 8 0 4 8 5 7 8 8 7 0 8 0 7 6 6 8 8 4 8 6 4 5 0 7 8 7 7 7
split_gain=80.3638 121.882 380.402 385.744 200.651 462.361 351.275 195.442 213.786 212.928 355.531 186.751 179.112 225.333 249.8 202.213 328.538 203.112 199.065 161.934 379.566 382.753 243.534 341.839 201.396 152.945 152.526 189.643 172.943 265.003
threshold=1.5000000000000002 8.5000000000000018 91.300000000000011 26.976250000000004 9.5000000000000018 278.76250000000005 1.0000000180025095e-35 216.30875000000003 216.42875000000004 177.82375000000002 200.66750000000002 27.811250000000005 243.00375000000003 23.891250000000003 91.300000000000011 252.01000000000002 233.16125000000002 186.33750000000003 197.00875000000005 4.5000000000000009 91.300000000000011 279.24500000000006 3.5000000000000004 1.0000000180025095e-35 25.241250000000004 269.00125000000008 144.50125000000003 270.00125000000008 221.57250000000002 232.00750000000002
decision_type=2 2 2 2 2 2 2 2 2 2 2 2 2 2 2 2 2 2 2 2 2 2 2 2 2 2 2 2 2 2
left_child=-1 12 3 -3 5 6 -4 9 -9 -8 11 -11 13 14 -2 16 18 -18 -16 20 -15 22 -22 -24 -25 -14 27 28 -6 -30
right_child=1 2 4 -5 26 -7 7 8 -10 10 -12 -13 25 19 15 -17 17 -19 -20 -21 21 -23 23 24 -26 -27 -28 -29 29 -31
leaf_value=-0.0067508893654440573 -0.12159308611622288 0.021140124648809433 0.021490437813315763 0.27402815210819242 -0.025954831372979922 -0.24456668216735125 -0.098849542436244733 0.039616903797205949 -0.023985850513575425 -0.041548945767905458 -0.084262472745115405 0.01777971747504958 0.022236035943315954 -0.2220427979122509 0.0060225087311912952 -0.10755564976069663 0.24246738804504275 0.047317340423663458 0.032977391195672771 0.0010913738732888591 0.0031418367540789771 -0.19057396516203881 0.028860026003933361 -0.021599263307136862 -0.07823634121994999 -0.026397979381431087 0.00023664436058338622 -0.13104808231866039 0.16471521627157926 0.0010625306622567751
leaf_weight=4153 36 38 517 25 749 22 136 189 439 241 221 295 1865 22 4529 36 24 30 807 4967 1250 30 179 319 309 177 28211 37 30 141
leaf_count=4153 36 38 517 25 749 22 136 189 439 241 221 295 1865 22 4529 36 24 30 807 4967 1250 30 179 319 309 177 28211 37 30 141
internal_value=-9.05057e-05 0.000512502 -0.0012468 0.121493 -0.00149442 -0.0165757 -0.0141146 -0.026217 -0.00484426 -0.0412473 -0.0308987 -0.00889604 0.00428824 0.00205175 0.00968108 0.0105521 0.0113409 0.134051 0.0100991 -0.00383737 -0.0154453 -0.0132675 -0.0106816 -0.0320932 -0.0494669 0.0180205 -0.000429296 -0.0200603 -0.0155966 0.0297735
internal_weight=50024 45871 31291 63 31228 2060 2038 1521 628 893 757 536 14580 12538 5462 5426 5390 54 5336 7076 2109 2087 2057 807 628 2042 29168 957 920 171
internal_count=50024 45871 31291 63 31228 2060 2038 1521 628 893 757 536 14580 12538 5462 5426 5390 54 5336 7076 2109 2087 2057 807 628 2042 29168 957 920 171
is_linear=0
shrinkage=0.05


Tree=245
num_leaves=31
num_cat=0
split_feature=8 0 7 7 0 1 1 8 1 5 7 0 1 7 0 8 8 0 0 7 0 7 0 8 5 5 0 8 7 7
split_gain=96.463 246.906 576.705 340.983 174.085 94.5316 80.3466 118.642 210.351 307.463 330.077 205.169 187.528 335.024 257.399 634.302 345.614 371.001 277.151 238.42 232.624 177.42 173.068 165.414 200.476 145.232 168.326 141.857 139.022 160.05
threshold=343.17750000000007 27.811250000000005 275.05375000000009 286.00750000000005 28.986250000000002 7.5000000000000009 9.5000000000000018 175.00750000000002 5.5000000000000009 1.0000000180025095e-35 180.00500000000002 33.006250000000001 4.5000000000000009 208.82750000000001 26.256250000000005 91.300000000000011 91.300000000000011 29.491250000000004 26.153750000000006 273.00250000000005 29.901250000000001 254.13125000000002 23.696249999999999 219.25500000000002 1.0000000180025095e-35 37.500000000000007 25.991250000000004 250.00500000000002 207.58875000000003 172.49250000000004
decision_type=2 2 2 2 2 2 2 2 2 2 2 2 2 2 2 2 2 2 2 2 2 2 2 2 2 2 2 2 2 2
left_child=6 2 -2 -3 5 -5 7 12 9 22 -11 23 -1 -14 15 -15 -16 19 -17 21 -19 -18 -9 24 -10 -12 27 -27 29 -13
right_child=1 3 -4 4 -6 -7 -8 8 11 10 25 28 13 14 16 18 17 20 -20 -21 -22 -23 -24 -25 -26 26 -28 -29 -30 -31
leaf_value=-0.0031873516057592181 0.32817148637203947 -0.13342280924142175 -0.03814817016774958 -0.066383290728554131 0.13040923714637756 0.066750770000120016 0.0038690339993984742 0.034010550605532805 -0.032919004633245645 0.017006078008941029 -0.0090043429827155862 0.016887656444465961 -0.057189856774865294 -0.27351945241292319 0.14472540707223944 -0.011765712414672251 0.020465035924399404 -0.16592064777741564 -0.19882418229466392 -0.11998697199787085 -0.028583684485103636 0.10166476615985115 0.0099522266632101532 -0.0018997998258812557 -0.007007026879331653 0.011670758181966074 -0.0072401716671528227 0.061435340309481314 0.011321756734037835 0.12058765106937952
leaf_weight=8065 21 34 22 30 40 24 8609 1093 1000 2324 5500 77 474 27 45 347 355 37 21 26 185 83 2365 13126 2944 1179 1361 163 453 72
leaf_count=8065 21 34 22 30 40 24 8609 1093 1000 2324 5500 77 474 27 45 347 355 37 21 26 185 83 2365 13126 2944 1179 1361 163 453 72
internal_value=-0.000396807 0.0370927 0.140752 0.00226964 0.0513499 -0.0072126 -0.000525198 -0.00144069 3.96642e-05 0.00462129 0.0003722 -0.00358607 -0.00628948 -0.0219261 -0.00708156 -0.0396026 0.0104914 0.00168594 -0.0224402 0.0271198 -0.0514732 0.0358522 0.0175565 -0.0045978 -0.013577 -0.00434036 0.0051498 0.0177152 0.025102 0.0669977
internal_weight=50102 171 43 128 94 54 49931 41322 31657 13985 10527 17672 9665 1600 1126 395 731 686 368 464 222 438 3458 17070 3944 8203 2703 1342 602 149
internal_count=50102 171 43 128 94 54 49931 41322 31657 13985 10527 17672 9665 1600 1126 395 731 686 368 464 222 438 3458 17070 3944 8203 2703 1342 602 149
is_linear=0
shrinkage=0.05


Tree=246
num_leaves=31
num_cat=0
split_feature=8 6 1 1 6 6 8 8 8 4 6 1 8 1 4 8 8 4 8 4 4 6 4 8 6 1 6 1 6 4
split_gain=87.0579 300.786 298.327 263.723 261.469 89.2274 309.469 247.135 190.301 382.542 189.475 273.189 343.077 244.498 272.247 219.811 171.898 165.054 191.575 177.585 163.948 156.774 153.46 152.594 489.897 286.004 191.801 173.55 211.508 259.247
threshold=343.17750000000007 312.48875000000004 5.5000000000000009 8.5000000000000018 343.70000000000005 165.52500000000003 145.50125000000003 180.39375000000004 91.300000000000011 5.5000000000000009 201.87750000000003 4.5000000000000009 248.00250000000003 2.5000000000000004 7.5000000000000009 195.00375000000003 263.77250000000004 18.500000000000004 143.50250000000003 5.5000000000000009 22.500000000000004 234.29375000000002 6.5000000000000009 207.00125000000003 229.72250000000005 8.5000000000000018 215.31125000000003 5.5000000000000009 259.79750000000007 6.5000000000000009
decision_type=2 2 2 2 2 2 2 2 2 2 2 2 2 2 2 2 2 2 2 2 2 2 2 2 2 2 2 2 2 2
left_child=5 -2 -3 4 -4 6 -1 8 9 -7 11 12 13 14 15 -9 20 19 -19 -10 22 -11 -8 24 25 -12 -25 28 29 -26
right_child=1 2 3 -5 -6 7 16 10 17 21 23 -13 -14 -15 -16 -17 -18 18 -20 -21 -22 -23 -24 26 27 -27 -28 -29 -30 -31
leaf_value=-0.0064068652233847294 0.18838225354750951 -0.14679302068857045 0.037895529989951424 -0.029536451978815926 0.2645231530070305 -0.096875797770917427 0.019949674111117879 0.030661413532145548 -0.032329569319011819 0.21854408817986648 -0.0353028551353795 -0.0018208125228553888 0.17381008623966152 0.029803748482505901 -0.0054683853458794562 0.16576697459587686 0.15445461241262301 -0.17418002462387086 -0.032351492387987672 -0.0056337404583956816 0.042357097335744845 0.040420554862135936 0.0019322781783062328 0.011490913954940254 -0.05992025839578774 0.0038814735766243037 -0.002087571891906359 -0.00045576696991819966 -0.011651985483669391 0.083414666009884259
leaf_weight=4181 27 26 35 63 20 24 1894 132 732 30 1675 3696 35 1642 1358 39 21 25 500 4182 390 21 3143 2956 36 645 21636 556 127 255
leaf_count=4181 27 26 35 63 20 24 1894 132 732 30 1675 3696 35 1642 1358 39 21 25 500 4182 390 21 3143 2956 36 645 21636 556 127 255
internal_value=-0.000376966 0.0352381 0.00652355 0.0403052 0.120306 -0.000498938 0.00382527 -0.00153208 -0.0113666 0.0677351 2.67231e-05 0.00744386 0.0181245 0.0164062 0.00201841 0.061475 0.0116778 -0.0124574 -0.0391052 -0.00961041 0.0111253 0.145199 0.00870713 -0.00180908 -0.0119151 -0.0244089 -0.000455415 0.0178444 0.0421861 0.0656825
internal_weight=50102 171 144 118 55 49931 9629 40302 5514 75 34788 6902 3206 3171 1529 171 5448 5439 525 4914 5427 51 5037 27886 3294 2320 24592 974 418 291
internal_count=50102 171 144 118 55 49931 9629 40302 5514 75 34788 6902 3206 3171 1529 171 5448 5439 525 4914 5427 51 5037 27886 3294 2320 24592 974 418 291
is_linear=0
shrinkage=0.05


Tree=247
num_leaves=31
num_cat=0
split_feature=6 7 8 8 0 8 4 8 4 0 8 0 4 8 7 7 0 4 6 8 8 7 7 7 6 6 8 6 7 6
split_gain=79.9836 220.565 341.901 254.655 225.122 672.323 143.975 140.683 260.383 301.581 357.876 345.82 256.381 216.41 1519.57 214.275 196.507 152.811 129.058 265.253 215.749 190.99 264.158 190.597 188.465 243.19 248.801 186.54 274.901 255.973
threshold=135.30875000000003 154.00125000000003 136.98250000000004 134.14500000000001 28.616250000000004 91.300000000000011 3.5000000000000004 139.74500000000003 4.5000000000000009 25.841250000000006 112.25375000000001 26.221250000000001 19.500000000000004 91.300000000000011 206.34625000000005 199.50125000000003 21.851250000000004 6.5000000000000009 165.52500000000003 180.39375000000004 254.19500000000002 222.00250000000003 189.35500000000005 155.75500000000002 232.00750000000002 195.74625000000003 161.75500000000002 199.50125000000003 260.18875000000008 237.75250000000003
decision_type=2 2 2 2 2 2 2 2 2 2 2 2 2 2 2 2 2 2 2 2 2 2 2 2 2 2 2 2 2 2
left_child=1 2 6 4 5 -3 -1 8 9 10 -2 -11 13 14 17 16 -14 -10 20 21 -9 22 23 -20 25 -24 -27 28 -23 -29
right_child=7 3 -4 -5 -6 -7 -8 18 12 11 -12 -13 15 -15 -16 -17 -18 -19 19 -21 -22 27 24 -25 -26 26 -28 29 -30 -31
leaf_value=-0.0051024234271912217 0.14042349330692169 -0.31693789321184163 0.052376956380012787 0.0015391731862046314 0.10227134972810746 -0.041281495450918256 0.022894704638388094 0.0062312525827822179 -0.16951402593404055 -0.30444183809601744 -0.044139062451763751 -0.035795091158710421 -0.099821732077747583 -0.00053512193835771515 0.44233408541906449 -0.21620289182121102 0.063780207726462132 0.021447660718113187 -0.034879337691740751 0.00018900961551368241 0.13646019848820287 -0.0067551986991563374 -0.047706880316415456 -0.0033970863524399528 -0.11029903061124822 0.086141991066305268 -0.026088136682907742 0.05122122554098181 -0.15767803098458577 -0.014599718820676209
leaf_weight=1197 28 25 490 717 20 192 745 5175 22 23 424 25 50 983 21 22 29 20 600 34959 32 268 668 2419 86 76 141 361 34 250
leaf_count=1197 28 25 490 717 20 192 745 5175 22 23 424 25 50 983 21 22 29 20 600 34959 32 268 668 2419 86 76 141 361 34 250
internal_value=-0.000358118 0.00706237 0.015055 -0.0133129 -0.058245 -0.0730391 0.00563798 -0.000895959 -0.0152492 -0.0453603 -0.032706 -0.164522 -0.00212318 0.0052224 0.0950581 -0.0781973 -0.0397653 -0.0785799 -0.000371434 -0.00133846 0.00703158 -0.0122295 -0.0169501 -0.00965391 -0.039635 -0.0327682 0.0132183 0.00840031 -0.0237465 0.0242896
internal_weight=50102 3386 2432 954 237 217 1942 46716 1647 500 452 48 1147 1046 63 101 79 42 45069 39862 5207 4903 3990 3019 971 885 217 913 302 611
internal_count=50102 3386 2432 954 237 217 1942 46716 1647 500 452 48 1147 1046 63 101 79 42 45069 39862 5207 4903 3990 3019 971 885 217 913 302 611
is_linear=0
shrinkage=0.05


Tree=248
num_leaves=31
num_cat=0
split_feature=8 6 1 1 6 6 8 0 4 0 8 4 8 4 0 8 0 4 8 6 1 6 6 8 8 6 0 1 8 0
split_gain=78.4427 271.46 269.24 238.01 235.976 74.5944 196.041 197.003 167.577 300.153 488.05 206.067 124.646 234.996 272.177 325.027 312.102 231.384 195.31 989.612 152.498 137.409 120.84 232.656 194.713 171.001 327.652 201.238 437.1 189.021
threshold=343.17750000000007 312.48875000000004 5.5000000000000009 8.5000000000000018 343.70000000000005 135.30875000000003 129.50500000000002 30.143750000000001 5.5000000000000009 28.411250000000006 91.300000000000011 3.5000000000000004 139.74500000000003 4.5000000000000009 25.841250000000006 106.59625000000001 26.221250000000001 19.500000000000004 91.300000000000011 175.70500000000001 10.500000000000002 254.00250000000003 165.52500000000003 180.39375000000004 254.19500000000002 201.87750000000003 33.006250000000001 4.5000000000000009 248.00250000000003 26.221250000000001
decision_type=2 2 2 2 2 2 2 2 2 2 2 2 2 2 2 2 2 2 2 2 2 2 2 2 2 2 2 2 2 2
left_child=5 -2 -3 4 -4 6 8 -8 11 10 -10 -1 13 14 15 -7 -16 18 19 -15 -20 -19 24 -24 -14 26 27 28 -25 -27
right_child=1 2 3 -5 -6 12 7 -9 9 -11 -12 -13 22 17 16 -17 -18 21 20 -21 -22 -23 23 25 -26 29 -28 -29 -30 -31
leaf_value=-0.015277582065288134 0.17895368383162552 -0.13946281900772681 0.035991302930883005 -0.028069079383498147 0.25128754407167436 0.15637846033681524 0.025797646073119358 -0.026290779357077555 -0.31155993692252948 0.090635519847273832 -0.023795951066947568 0.020879629822863274 0.0059196899596484749 -0.098640023708117738 -0.28921974495701169 -0.040661105906352579 -0.034005336739122864 -0.10326682017127305 -0.0071726187953277745 0.29814494044830403 0.057688378616429795 0.043079226389527325 -0.011618020812610347 0.012624545545673061 0.12963718571700156 0.0035184016051850731 0.059845147101069862 -0.0031756159859576008 0.22685747730235259 -0.0049580284383919752
leaf_weight=1028 27 26 35 63 20 22 1426 208 23 21 41 639 5175 33 23 430 25 81 882 30 101 20 4903 2998 32 10626 282 3598 24 17260
leaf_count=1028 27 26 35 63 20 22 1426 208 23 21 41 639 5175 33 23 430 25 81 882 30 101 20 4903 2998 32 10626 282 3598 24 17260
internal_value=-0.000340212 0.0334667 0.00618792 0.0382805 0.114281 -0.000455991 0.00670925 0.0191671 -0.0049095 -0.0733902 -0.127211 -0.00141768 -0.00097724 -0.0144867 -0.0430923 -0.0310707 -0.156296 -0.00201702 0.00496128 0.0903052 -0.000508366 -0.0742874 -0.000481669 -0.0014212 0.00668 1.59364e-05 0.00706222 0.00481376 0.0143259 -0.00172807
internal_weight=50102 171 144 118 55 49931 3386 1634 1752 85 64 1667 46545 1647 500 452 48 1147 1046 63 983 101 44898 39691 5207 34788 6902 6620 3022 27886
internal_count=50102 171 144 118 55 49931 3386 1634 1752 85 64 1667 46545 1647 500 452 48 1147 1046 63 983 101 44898 39691 5207 34788 6902 6620 3022 27886
is_linear=0
shrinkage=0.05


Tree=249
num_leaves=31
num_cat=0
split_feature=8 6 7 6 4 4 8 7 6 8 8 6 5 6 6 4 6 5 6 7 7 6 4 6 4 8 8 8 7 5
split_gain=70.7946 244.992 249.346 193.007 109.989 75.7168 111.477 169.902 242.381 236.351 168.411 278.79 140.417 120.824 132.08 112.89 108.131 218.746 189.683 198.35 280.287 213.698 434.335 311.925 203.274 223.29 183.525 179.009 192.53 181.048
threshold=343.17750000000007 312.48875000000004 286.00750000000005 326.76375000000002 19.500000000000004 18.500000000000004 148.42750000000004 151.25375000000003 203.74000000000004 181.75125000000003 173.51125000000002 164.77750000000003 1.0000000180025095e-35 254.50750000000002 172.10250000000002 22.500000000000004 321.28250000000008 1.0000000180025095e-35 284.37750000000011 188.00125000000003 225.50500000000002 303.50250000000005 8.5000000000000018 288.2675000000001 1.0000000180025095e-35 293.59125000000006 227.00250000000003 268.57000000000005 127.04875000000001 37.500000000000007
decision_type=2 2 2 2 2 2 2 2 2 2 2 2 2 2 2 2 2 2 2 2 2 2 2 2 2 2 2 2 2 2
left_child=5 -2 -3 -4 -5 16 13 8 9 -8 12 -12 -9 14 -7 -14 18 -18 27 -20 21 22 24 -24 -21 -26 -19 -1 -29 -30
right_child=1 2 3 4 -6 6 7 10 -10 -11 11 -13 15 -15 -16 -17 17 26 19 20 -22 -23 23 -25 25 -27 -28 28 29 -31
leaf_value=0.00023269910388662744 0.17000600438978938 -0.11721181361936034 -0.091709837114269097 0.13128688623912113 0.020629075399421631 -0.029819683745197618 0.031905205892366617 -0.075168931078823178 -0.075830081065601504 0.17937574022759994 0.064675765884419284 -0.0040669237894682174 -0.034568901603226551 0.079939851029352707 -0.13582989271786627 0.019288755560086836 0.14608336626544388 0.14924843074986713 0.056849003931897325 -0.14846811647648397 -0.011640874833877509 0.012430667164612955 -0.03324576576168721 -0.24007087050036333 0.086267807864480558 -0.11452148267999292 -0.015293508498333731 0.16942097840830683 0.0052670432239869088 0.038853810058371997
leaf_weight=35828 27 32 22 43 47 268 288 136 47 30 150 8816 300 22 33 144 38 20 86 23 1206 57 26 61 45 20 111 20 1623 533
leaf_count=35828 27 32 22 43 47 268 288 136 47 30 150 8816 300 22 33 144 38 20 86 23 1206 57 26 61 45 20 111 20 1623 533
internal_value=-0.000323201 0.0317934 0.00587853 0.0410472 0.0734989 -0.000433192 -0.00426794 -0.00332587 0.0301533 0.0458175 -0.00460598 -0.00291687 -0.0307174 -0.0331746 -0.0414421 -0.0171016 0.000555418 0.0404648 0.000384787 -0.0169115 -0.0213228 -0.0716522 -0.0990392 -0.178261 -0.0207176 0.0244865 0.0098274 0.00107839 0.0150027 0.0135703
internal_weight=50102 171 144 112 90 49931 10234 9911 365 318 9546 8966 580 323 301 444 39697 169 39528 1524 1438 232 175 87 88 65 131 38004 2176 2156
internal_count=50102 171 144 112 90 49931 10234 9911 365 318 9546 8966 580 323 301 444 39697 169 39528 1524 1438 232 175 87 88 65 131 38004 2176 2156
is_linear=0
shrinkage=0.05


Tree=250
num_leaves=31
num_cat=0
split_feature=4 0 1 6 4 1 6 0 1 5 4 6 6 4 7 6 0 6 4 0 7 0 0 7 7 7 7 0 6 0
split_gain=85.4992 228.546 295.32 248.873 209.289 207.817 285.936 348.623 384.295 313.556 549.659 264.875 250.772 218.453 177.384 149.381 195.872 145.97 231.58 151.053 141.917 102.546 172.902 182.639 429.305 101.495 159.801 168.227 98.683 125.453
threshold=18.500000000000004 27.811250000000005 7.5000000000000009 336.22250000000003 20.500000000000004 4.5000000000000009 291.01000000000005 28.138750000000005 5.5000000000000009 1.0000000180025095e-35 19.500000000000004 316.50500000000005 343.70000000000005 20.500000000000004 313.74000000000007 279.24500000000006 26.291250000000002 323.90625000000006 19.500000000000004 28.818750000000005 310.00750000000005 28.041250000000002 28.616250000000004 304.62000000000006 273.00250000000005 296.00125000000008 300.63125000000008 27.311250000000005 309.01125000000008 23.596250000000001
decision_type=2 2 2 2 2 2 2 2 2 2 2 2 2 2 2 2 2 2 2 2 2 2 2 2 2 2 2 2 2 2
left_child=-1 15 5 4 21 -3 9 11 17 10 -7 -8 -10 -13 -5 -2 28 19 -19 -9 -20 -4 23 24 -23 -18 27 -27 -17 -30
right_child=1 2 3 14 -6 6 7 8 12 -11 -12 13 -14 -15 -16 16 25 18 20 -21 -22 22 -24 -25 -26 26 -28 -29 29 -31
leaf_value=0.0011848300816517726 -0.0053777793558557972 -0.053322784992073706 -0.046530721673312098 -0.088984917327761648 -0.019959226800010929 0.3165220566369869 -0.0054512681640392427 -0.036098676750605761 0.032749601076804316 0.012247980284688235 0.016262744707720621 -0.25409686680763 0.21174360147931359 -0.074159386673489133 0.097678851825850357 0.017521122373389937 0.0092665787069406026 0.079493531564043637 -0.023777223671047405 -0.2193580368290777 -0.18573875421924252 -0.080262203123420472 -0.075050879435148099 -0.095206274536828839 -0.3910574349910021 -0.036596181365736835 -0.0064238889582816571 -0.18661620511114599 -0.056131033599376684 0.06690090914634525
leaf_weight=39433 6502 208 39 20 79 27 51 22 177 142 35 31 22 37 35 773 947 36 38 23 21 20 60 31 25 74 670 25 23 209
leaf_count=39433 6502 208 39 20 79 27 51 22 177 142 35 31 22 37 35 773 947 36 38 23 21 20 60 31 25 74 670 25 23 209
internal_value=0.000121147 -0.00391117 -0.0246402 -0.0666296 -0.0875103 -0.00972666 0.00397121 -0.0179597 0.00788599 0.0532084 0.147021 -0.0915875 0.0525379 -0.15619 0.0298011 -0.00126134 0.00857517 -0.0555835 -0.0204451 -0.129765 -0.0814245 -0.118005 -0.138501 -0.188593 -0.252926 -0.00169119 -0.0151853 -0.07448 0.0261046 0.0547038
internal_weight=49835 10402 1179 309 254 870 662 458 339 204 62 119 199 68 55 9223 2721 140 95 45 59 175 136 76 45 1716 769 99 1005 232
internal_count=49835 10402 1179 309 254 870 662 458 339 204 62 119 199 68 55 9223 2721 140 95 45 59 175 136 76 45 1716 769 99 1005 232
is_linear=0
shrinkage=0.05


Tree=251
num_leaves=31
num_cat=0
split_feature=8 6 6 4 6 6 8 6 4 6 8 5 5 4 6 6 4 6 6 8 4 4 6 4 8 8 6 0 4 8
split_gain=262.63 443.309 455.519 797.937 648.267 296.119 133.128 311.258 120.503 119.011 189.141 217.287 213.54 223.521 188.392 172.98 147.32 191.597 130.302 293.299 124.139 244.62 220.883 209.092 132.213 121.522 161.446 255.462 538.312 259.292
threshold=91.300000000000011 177.82375000000002 126.45750000000001 5.5000000000000009 139.61625000000004 155.00500000000002 115.01750000000001 212.74750000000003 2.5000000000000004 135.30875000000003 157.83750000000001 1.0000000180025095e-35 37.500000000000007 5.5000000000000009 165.52500000000003 226.00500000000002 6.5000000000000009 164.77750000000003 219.22125000000003 151.35375000000002 14.500000000000002 17.500000000000004 175.00750000000002 15.500000000000002 142.39625000000004 305.02000000000004 292.51500000000004 27.811250000000005 18.500000000000004 289.01125000000008
decision_type=2 2 2 2 2 2 2 2 2 2 2 2 2 2 2 2 2 2 2 2 2 2 2 2 2 2 2 2 2 2
left_child=1 2 3 -1 -4 -6 7 8 -2 -8 11 15 13 -13 -12 -11 17 -15 -14 -20 22 23 -18 -22 -25 26 -16 -28 29 -29
right_child=6 -3 4 -5 5 -7 9 -9 -10 10 14 12 18 16 25 -17 20 -19 19 -21 21 -23 -24 24 -26 -27 27 28 -30 -31
leaf_value=0.37925373405218127 -0.058275721990503376 0.18480745326070225 -0.21373467570221105 -0.037429718285178146 0.17101090683468753 -0.05695105396724981 0.010093277143868012 -0.15633398365774534 -0.0019241165379000618 -0.024551992994740739 0.012626271880051909 -0.014799307946148064 -0.017037301524431402 0.078140915179849446 -0.00025344218343237339 -0.10986623201253159 -0.035562703062515383 -0.008148561354688149 -0.025362890639475416 -0.23397544792083946 0.01782761326424603 -0.012715021692728024 0.026857737400730837 0.17440689257346095 0.068536496171821851 0.010361397577295161 -0.0042875658055388042 -0.04180675137774157 -0.13141351373894003 0.048221072095462628
leaf_weight=20 120 51 37 27 28 29 2851 41 453 1044 3029 893 1008 191 34176 63 313 97 63 23 171 233 259 42 99 2490 1468 268 134 114
leaf_count=20 120 51 37 27 28 29 2851 41 453 1044 3029 893 1008 191 34176 63 313 97 63 23 171 233 259 42 99 2490 1468 268 134 114
internal_value=0.00011509 0.0584802 0.0127873 0.139882 -0.0507602 0.0550303 -0.000110644 -0.0232482 -0.0137255 0.000179113 -0.000432982 -0.0101727 -0.00389535 0.00476061 0.000618361 -0.0294073 0.0171926 0.0490781 -0.0220776 -0.0811546 0.00897149 0.0260479 -0.0072989 0.0549959 0.100072 -0.000322699 -0.00105841 -0.0149247 -0.0451869 -0.0149398
internal_weight=49835 192 141 47 94 57 49643 614 573 49029 46178 4499 3392 2298 41679 1107 1405 288 1094 86 1117 545 572 312 141 38650 36160 1984 516 382
internal_count=49835 192 141 47 94 57 49643 614 573 49029 46178 4499 3392 2298 41679 1107 1405 288 1094 86 1117 545 572 312 141 38650 36160 1984 516 382
is_linear=0
shrinkage=0.05


Tree=252
num_leaves=31
num_cat=0
split_feature=4 0 1 6 1 6 0 1 6 6 4 4 7 6 0 6 0 4 4 6 4 4 6 0 0 1 1 1 0 0
split_gain=76.7685 197.841 263.873 224.768 189.524 251.076 309.458 339.185 236.735 226.644 189.101 188.637 154.382 132.79 180.083 129.02 315.516 174.972 95.1612 98.691 219.032 241.305 189.292 159.04 142.103 127.83 149.487 114.567 136.426 122.467
threshold=18.500000000000004 27.811250000000005 7.5000000000000009 336.22250000000003 4.5000000000000009 291.01000000000005 28.138750000000005 5.5000000000000009 316.50500000000005 343.70000000000005 20.500000000000004 20.500000000000004 313.74000000000007 279.24500000000006 26.291250000000002 331.00125000000008 29.211250000000003 19.500000000000004 1.0000000180025095e-35 305.50750000000005 1.5000000000000002 3.5000000000000004 299.79875000000004 28.091250000000006 27.856250000000006 4.5000000000000009 6.5000000000000009 6.5000000000000009 27.601250000000004 26.221250000000001
decision_type=2 2 2 2 2 2 2 2 2 2 2 2 2 2 2 2 2 2 2 2 2 2 2 2 2 2 2 2 2 2
left_child=18 13 4 10 -3 -6 8 15 -7 -9 -4 -10 -5 -2 -15 16 -8 -17 -1 22 -21 -22 -20 24 27 -25 -27 -23 29 -29
right_child=1 2 3 12 5 6 7 9 11 -11 -12 -13 -14 14 -16 17 -18 -19 19 20 21 23 -24 25 -26 26 -28 28 -30 -31
leaf_value=-0.0092836457363092966 -0.0051272687671603586 -0.050533963683007582 -0.11151888757784452 -0.081863804645836369 0.050318654299503662 -0.0043068247847259048 -0.032029406471672107 0.031117692086740402 -0.23779404449366753 0.20128278380090539 -0.01832194447434873 -0.070586311313751579 0.092276839959834309 0.024836075176124055 -0.0018158451505105766 0.084831551077865788 -0.26769293893128632 -0.073428782047703867 0.0016489327825518888 -0.13386938393648182 0.17350951520992178 0.10716381999850273 -0.05062542698057048 -0.057737442150712019 -0.10110331589045625 0.15627943741423744 0.043397336393962642 0.062949963286519056 0.10155439548518347 -0.06088790507164113
leaf_weight=2083 6502 208 175 20 204 51 49 177 31 22 79 37 35 1005 1716 31 20 40 36690 21 28 25 174 25 36 35 181 26 23 86
leaf_count=2083 6502 208 175 20 204 51 49 177 31 22 79 37 35 1005 1716 31 20 40 36690 21 28 25 174 25 36 35 181 26 23 86
internal_value=0.000109335 -0.00371156 -0.0229978 -0.0626888 -0.00890073 0.00418041 -0.0163703 0.00798047 -0.0857391 0.0499299 -0.0825324 -0.146813 0.028953 -0.00124615 0.00802803 -0.0516477 -0.100338 -0.0043292 0.00111725 0.0016973 0.0240818 0.031215 0.0014022 0.0220978 -0.0113497 0.0492998 0.0616884 0.00884491 -0.00936229 -0.0321398
internal_weight=49835 10402 1179 309 870 662 458 339 119 199 254 68 55 9223 2721 140 69 71 39433 37350 486 465 36864 437 196 241 216 160 135 112
internal_count=49835 10402 1179 309 870 662 458 339 119 199 254 68 55 9223 2721 140 69 71 39433 37350 486 465 36864 437 196 241 216 160 135 112
is_linear=0
shrinkage=0.05


Tree=253
num_leaves=31
num_cat=0
split_feature=8 0 0 7 5 3 8 8 4 0 0 7 4 4 0 4 5 0 8 0 8 4 7 3 0 0 7 7 0 0
split_gain=236.849 307.059 278.686 1209.01 236.161 187.729 120.831 103.19 120.437 464.643 127.203 145.4 159.537 123.63 150.798 134.881 456.543 1058.42 545.777 434.075 298.447 279.477 443.336 266.092 247.92 222.106 209.758 259.116 200.521 170.93
threshold=91.300000000000011 26.221250000000001 25.471250000000001 174.50375000000003 22.500000000000004 1.0000000180025095e-35 115.01750000000001 305.02000000000004 18.500000000000004 28.266250000000003 28.566250000000007 282.00125000000008 20.500000000000004 1.0000000180025095e-35 22.456250000000001 16.500000000000004 1.0000000180025095e-35 26.796250000000004 207.00125000000003 26.726250000000004 228.57250000000002 17.500000000000004 189.35500000000005 1.0000000180025095e-35 28.986250000000002 30.453750000000003 201.85000000000005 192.74500000000003 28.716250000000006 25.358750000000004
decision_type=2 2 2 2 2 2 2 2 2 2 2 2 2 2 2 2 2 2 2 2 2 2 2 2 2 2 2 2 2 2
left_child=1 2 3 5 -3 -1 -2 8 13 -10 11 12 -11 -8 -15 -16 17 18 -17 20 -18 22 -19 26 -25 -26 27 -21 -24 -20
right_child=6 4 -4 -5 -6 -7 7 -9 9 10 -12 -13 -14 14 15 16 19 21 29 23 -22 -23 28 24 25 -27 -28 -29 -30 -31
leaf_value=0.046498281482992503 -0.02215360219048864 0.22573865554421335 -0.1047214277480778 0.39778991445899009 0.04176087281243368 -0.12552697940064328 -0.011500203416675542 0.010082325863427048 -0.0039129923193522769 -0.26348298407263226 -0.047371783839705278 -0.045412814233339198 -0.08630970570569238 0.0083985733652908769 -0.0011608722605946343 -0.037740073799106641 0.026835507665907317 0.027750407441829647 0.1731809992452755 0.040787381362877316 -0.034023748353677642 -0.020901811551716595 -0.073356040421534666 0.10029986566798173 -0.008538035783791342 0.12619454679545014 0.015666604095625224 0.21136368640488193 -0.16385425248493751 0.071426754093595918
leaf_weight=29 614 37 38 20 33 35 1930 2490 8209 27 123 33 24 6480 26654 95 356 60 68 79 464 225 110 269 130 40 889 31 138 105
leaf_count=29 614 37 38 20 33 35 1930 2490 8209 27 123 33 24 6480 26654 95 356 60 68 79 464 225 110 269 130 40 889 31 138 105
internal_value=0.000103869 0.0555304 0.00763434 0.058462 0.139006 -0.047578 -0.0001105 0.00016555 -0.000365032 -0.00577859 -0.0797624 -0.127192 -0.180107 0.00083006 0.00148757 -1.96211e-05 0.00992445 -0.022507 0.0585478 0.0214291 -0.00760193 -0.0632625 -0.0942079 0.0379837 0.0704294 0.0231637 0.0237258 0.0888589 -0.123714 0.111423
internal_weight=49835 192 122 84 70 64 49643 49029 46539 8416 207 84 51 38123 36193 29713 3059 801 268 2258 820 533 308 1438 439 170 999 110 248 173
internal_count=49835 192 122 84 70 64 49643 49029 46539 8416 207 84 51 38123 36193 29713 3059 801 268 2258 820 533 308 1438 439 170 999 110 248 173
is_linear=0
shrinkage=0.05


Tree=254
num_leaves=31
num_cat=0
split_feature=4 4 4 5 4 4 4 6 1 4 5 4 3 7 6 6 6 4 6 6 7 6 6 6 6 7 3 6 7 4
split_gain=64.3545 84.0382 188.491 361.199 944.827 283.648 258.302 236.005 214.163 198.113 295.326 575.395 212.809 236.185 227.693 396.55 208.56 197.632 207.463 290.022 180.067 168.627 166.732 158.122 255.906 217.431 224.145 146.962 144.49 140.508
threshold=18.500000000000004 4.5000000000000009 7.5000000000000009 1.0000000180025095e-35 6.5000000000000009 6.5000000000000009 5.5000000000000009 196.34250000000003 1.5000000000000002 10.500000000000002 1.0000000180025095e-35 9.5000000000000018 1.0000000180025095e-35 254.97125000000003 206.39500000000004 230.10500000000005 294.00250000000005 13.500000000000002 292.51500000000004 298.49000000000007 214.85250000000002 155.98750000000004 266.00125000000008 217.25375000000003 183.00125000000003 217.25375000000003 1.0000000180025095e-35 157.83000000000001 264.00250000000005 8.5000000000000018
decision_type=2 2 2 2 2 2 2 2 2 2 2 2 2 2 2 2 2 2 2 2 2 2 2 2 2 2 2 2 2 2
left_child=1 28 3 4 27 6 21 -7 -9 10 11 29 -11 17 -15 -16 23 -14 -19 -20 -6 -5 -8 24 -12 -26 -27 -3 -1 -4
right_child=-2 2 9 5 20 7 22 8 -10 12 16 -13 13 14 15 -17 -18 18 19 -21 -22 -23 -24 -25 25 26 -28 -29 -30 -31
leaf_value=-0.00053075265052107202 -0.0033996775158344691 -0.013797803314174682 0.050510752224774871 0.033243275734138579 0.066182853040376619 -0.02551823245502266 0.038322612110004962 0.12376364905300528 0.009659782330584149 -0.00042853308237759567 -0.0023887499347168373 -0.032584124339183056 0.020850688678363944 -0.050135075056459755 0.16280510720440788 0.034684432465367503 0.1400196335193786 0.0015305820231636368 -0.17847671739948101 -0.0055023342370986942 0.0035490990798363745 -0.0010676374242347575 0.1801720529085114 -0.0034757520448625173 -0.045344311786596168 0.010999418643073409 -0.078282967805260048 -0.052704603142518493 -0.017907340500164917 0.014066685173931115
leaf_weight=9031 10402 387 534 562 337 582 1531 43 942 11822 1021 501 1660 64 68 540 22 2307 39 64 174 987 21 1959 1210 385 86 651 1379 524
leaf_count=9031 10402 387 534 562 337 582 1531 43 942 11822 1021 501 1660 64 68 540 22 2307 39 64 174 987 21 1959 1210 385 86 651 1379 524
internal_value=9.86751e-05 0.0010215 0.0024039 0.0101214 -0.0108001 0.0170639 0.0258254 -0.000274575 0.014641 0.000300071 -0.00729135 0.0115581 0.00316083 0.0121093 0.039571 0.0490137 -0.0135664 0.00757505 -0.00156917 -0.0709975 0.0448555 0.0113809 0.040242 -0.0142914 -0.0221329 -0.034125 -0.00530267 -0.0381989 -0.00283261 0.0324609
internal_weight=49835 39433 29023 6217 1549 4668 3101 1567 985 22806 6242 1559 16564 4742 672 608 4683 4070 2410 103 511 1549 1552 4661 2702 1681 471 1038 10410 1058
internal_count=49835 39433 29023 6217 1549 4668 3101 1567 985 22806 6242 1559 16564 4742 672 608 4683 4070 2410 103 511 1549 1552 4661 2702 1681 471 1038 10410 1058
is_linear=0
shrinkage=0.05


Tree=255
num_leaves=31
num_cat=0
split_feature=0 7 6 8 6 0 8 7 6 7 6 8 8 7 6 8 0 0 8 0 6 8 0 8 7 7 7 8 0 6
split_gain=91.1133 146.993 86.5336 225.908 183.096 430.076 284.405 228.581 216.582 188.397 184.01 211.411 174.122 280.534 214.757 167.74 269.93 173.352 513.837 161.649 284.361 193.037 162.08 153.187 250.456 242.98 151.813 239.27 236.016 151.35
threshold=35.927500000000002 173.08125000000004 247.66375000000002 219.75500000000002 207.00125000000003 34.052500000000002 197.75250000000003 197.75250000000003 185.75250000000003 193.25500000000002 235.00375000000003 214.34500000000003 165.57000000000002 154.99000000000004 154.00125000000003 183.00125000000003 31.453750000000003 23.986250000000002 106.59625000000001 24.791250000000002 258.26500000000004 295.00250000000005 25.961250000000003 151.35375000000002 263.00375000000003 233.17375000000004 161.47750000000005 177.10750000000004 28.361250000000002 292.51500000000004
decision_type=2 2 2 2 2 2 2 2 2 2 2 2 2 2 2 2 2 2 2 2 2 2 2 2 2 2 2 2 2 2
left_child=2 -2 3 4 6 7 8 10 12 -8 -6 -12 -1 14 -14 16 17 -9 -19 20 -4 29 -23 25 26 -10 27 28 -25 -21
right_child=1 -3 19 -5 5 -7 9 15 23 -11 11 -13 13 -15 -16 -17 -18 18 -20 21 -22 22 -24 24 -26 -27 -28 -29 -30 -31
leaf_value=-0.0040105715337607215 0.1225842165711679 0.011866278632242286 -0.023709814787531897 0.0067642390415598233 -0.036230244344810911 -0.17112159352840448 0.030311793774252156 0.070379359603916503 -0.0036549670264343507 0.0055173215658279647 0.045851353519548575 -0.10966669899912983 0.089155651018211657 0.0033374539147519155 0.021913965791687251 -0.0076505663849125872 0.11602580472397117 -0.22327101182937625 0.0087631671225570189 -0.0063819680606296272 0.041722187722366438 0.044877405836783603 0.0018896009663534928 -0.060373981057082193 -0.13321650556248169 0.11074485218152404 -0.011244784508248923 -0.022397989660429843 -0.23457761558479279 -0.024483347519870021
leaf_weight=8420 38 142 255 11190 1004 41 1117 98 205 2439 137 26 159 4655 469 3637 65 25 523 7409 476 236 3093 59 46 60 2471 260 29 1368
leaf_count=8420 38 142 255 11190 1004 41 1117 98 205 2439 137 26 159 4655 469 3637 65 25 523 7409 476 236 3093 59 46 60 2471 260 29 1368
internal_value=-0.000269381 0.0352401 -0.000397287 0.000826031 -0.0017351 -0.00978145 0.000457529 -0.00858201 -0.00225667 0.0133057 -0.0282304 0.0210448 0.000453932 0.00756942 0.0389385 -0.00330839 0.0189033 0.00913086 -0.00182233 -0.00393611 0.0188971 -0.00531485 0.0049371 -0.0141235 -0.0174876 0.0222469 -0.0155992 -0.0465181 -0.117782 -0.00920328
internal_weight=50152 180 49972 37135 25945 5556 20389 5515 16833 3556 1167 163 13703 5283 628 4348 711 646 548 12837 731 12106 3329 3130 2865 265 2819 348 88 8777
internal_count=50152 180 49972 37135 25945 5556 20389 5515 16833 3556 1167 163 13703 5283 628 4348 711 646 548 12837 731 12106 3329 3130 2865 265 2819 348 88 8777
is_linear=0
shrinkage=0.05


Tree=256
num_leaves=31
num_cat=0
split_feature=8 7 0 4 8 0 5 8 4 7 7 0 0 0 8 7 4 8 0 0 8 7 8 4 4 7 4 8 3 8
split_gain=84.129 139.484 783.84 793.086 503.643 274.355 260.297 231.722 166.358 159.451 104.162 151.381 123.964 252.385 112.616 103.955 101.232 166.285 92.0968 129.829 87.1564 162.524 129.157 181.063 155.054 106.045 89.9919 78.981 76.9225 76.8361
threshold=120.76625000000001 190.00125000000003 25.536249999999999 4.5000000000000009 106.59625000000001 25.991250000000004 22.500000000000004 91.300000000000011 13.500000000000002 246.49375000000003 130.09250000000006 27.433750000000003 25.201250000000005 23.401250000000001 106.59625000000001 146.41125000000002 1.0000000180025095e-35 185.00125000000003 30.586250000000003 33.301250000000003 236.24750000000003 140.00250000000003 165.57000000000002 13.500000000000002 15.500000000000002 91.300000000000011 12.500000000000002 183.75125000000003 1.0000000180025095e-35 171.48250000000004
decision_type=2 2 2 2 2 2 2 2 2 2 2 2 2 2 2 2 2 2 2 2 2 2 2 2 2 2 2 2 2 2
left_child=1 10 4 -4 -3 -5 7 -7 -8 -9 -1 12 13 -12 -14 16 17 -2 20 -20 22 -22 25 26 -25 -18 -24 28 -21 -17
right_child=15 2 3 5 -6 6 8 9 -10 -11 11 -13 14 -15 -16 29 18 -19 19 27 21 -23 23 24 -26 -27 -28 -29 -30 -31
leaf_value=-0.0066034993995535314 -0.022744018972722796 0.3885102294030644 -0.31151598777089801 -0.16186947673559191 0.056362970754504207 0.22997218500012939 0.036441717754549734 0.10079408021022876 -0.11085543353110552 -0.067946791999219422 -0.025662644422797278 -0.11942837498337032 0.12681642829076104 -0.17220653581898659 -0.017310077832503754 -0.0056644686375610358 -0.057312031524350583 0.12152900663647979 -0.035006521725989732 0.03375006342126477 -0.001263798834216372 -0.14523190530017019 0.022522596425332334 0.15826196250696245 0.049777169602404116 0.010450180921117659 -0.085566764697432518 0.05426059449514882 -0.080580636888459733 0.00022449565373582108
leaf_weight=659 408 21 21 20 25 23 41 42 36 21 359 50 23 32 33 6489 59 21 249 31 107 24 518 44 131 2697 20 88 28 37832
leaf_count=659 408 21 21 20 25 23 41 42 36 21 359 50 23 32 33 6489 59 21 249 31 107 24 518 44 131 2697 20 88 28 37832
internal_value=-0.000255912 -0.0123139 0.0215508 -0.0204906 0.207995 0.0129058 0.0343506 0.0941375 -0.0324245 0.0445471 -0.0196376 -0.0369203 -0.0276912 -0.037656 0.0418847 9.18819e-05 0.00739943 -0.0156817 0.00987736 -0.0130093 0.0123949 -0.0276396 0.0139067 0.0328748 0.0770533 0.00899954 0.0185044 0.0242512 -0.0205086 -0.000637703
internal_weight=50152 1406 250 204 46 183 163 86 77 63 1156 497 447 391 56 48746 4425 429 3996 396 3600 131 3469 713 175 2756 538 147 59 44321
internal_count=50152 1406 250 204 46 183 163 86 77 63 1156 497 447 391 56 48746 4425 429 3996 396 3600 131 3469 713 175 2756 538 147 59 44321
is_linear=0
shrinkage=0.05


Tree=257
num_leaves=31
num_cat=0
split_feature=0 7 8 7 0 4 8 0 4 8 0 8 7 0 0 0 8 4 4 1 4 8 5 0 7 0 8 8 0 8
split_gain=80.7242 129.48 74.3465 125.884 707.415 715.76 454.538 247.606 248.869 252.979 113.132 123.97 94.0063 136.622 111.878 227.777 101.636 91.0094 228.445 240.844 201.064 354.542 226.852 214.85 190.492 332.847 205.517 184.85 470.528 172.554
threshold=35.927500000000002 171.75375000000003 120.76625000000001 190.00125000000003 25.536249999999999 4.5000000000000009 106.59625000000001 25.991250000000004 15.500000000000002 91.300000000000011 30.083750000000006 106.59625000000001 130.09250000000006 27.433750000000003 25.201250000000005 23.401250000000001 106.59625000000001 8.5000000000000018 5.5000000000000009 5.5000000000000009 9.5000000000000018 280.00750000000005 1.0000000180025095e-35 27.856250000000006 169.60875000000001 25.051250000000003 170.75250000000003 230.75875000000005 30.651250000000005 175.70500000000001
decision_type=2 2 2 2 2 2 2 2 2 2 2 2 2 2 2 2 2 2 2 2 2 2 2 2 2 2 2 2 2 2
left_child=2 -2 3 12 6 -6 -5 -7 9 -9 11 -11 -1 14 15 -14 -16 18 -4 -20 21 22 -19 24 25 -24 -26 28 -21 -25
right_child=1 -3 17 4 5 7 -8 8 -10 10 -12 -13 13 -15 16 -17 -18 20 19 27 -22 -23 23 29 26 -27 -28 -29 -30 -31
leaf_value=-0.0062733243959030198 0.11799426856968138 0.01197720267227851 -0.0013510359147979019 0.36908472712550844 -0.29594018999930649 -0.15377599693834784 0.053544821262359626 0.20350408390233363 -0.073940440213943762 0.11995126595953481 -0.063783253791431585 -0.013261877541099826 -0.024379512005183044 -0.11345695571415126 0.12047560308938442 -0.16359621126321144 -0.016444572964400956 0.014118621046034599 0.021484077630894653 -0.0032663508763280456 -0.00058582527798813836 -0.21631160141392189 -0.015297987786206333 -0.083458792124139647 0.059123284798925341 -0.29359292267333892 -0.052109134981225505 0.021433509866031344 -0.24674909584224225 -0.0051842598802599345
leaf_weight=659 36 144 11470 21 21 20 25 27 41 40 24 31 359 50 23 32 33 518 2782 2514 28813 22 22 76 46 21 427 878 20 957
leaf_count=659 36 144 11470 21 21 20 25 27 41 40 24 31 359 50 23 32 33 518 2782 2514 28813 22 22 76 46 21 427 878 20 957
internal_value=-0.000243116 0.0331806 -0.000363509 -0.0116982 0.0204733 -0.0194661 0.197596 0.0122605 0.032633 0.0684487 0.0300646 0.0617878 -0.0186557 -0.0350743 -0.0263066 -0.0357732 0.0397905 -3.53659e-05 0.00282747 0.0105652 -0.0016718 -0.0166503 -0.0145253 -0.024104 -0.0504514 -0.151209 -0.0412916 0.00166238 -0.00518808 -0.0109431
internal_weight=50152 180 49972 1406 250 204 46 183 163 122 95 71 1156 497 447 391 56 48566 17664 6194 30902 2089 2067 1549 516 43 473 3412 2534 1033
internal_count=50152 180 49972 1406 250 204 46 183 163 122 95 71 1156 497 447 391 56 48566 17664 6194 30902 2089 2067 1549 516 43 473 3412 2534 1033
is_linear=0
shrinkage=0.05


Tree=258
num_leaves=31
num_cat=0
split_feature=0 7 7 6 8 6 0 8 6 0 8 6 8 7 6 7 7 7 7 8 7 8 7 6 7 0 0 7 7 6
split_gain=72.8536 119.335 90.721 79.2274 198.613 168.478 394.823 251.824 203 200.984 327.675 273.314 227.857 189.756 231.598 246.675 168.356 161.747 152.637 179.44 160.365 146.427 249.799 183.626 149.2 146.632 144.874 185.634 166.714 144.518
threshold=35.927500000000002 180.75750000000002 198.29000000000002 247.66375000000002 219.75500000000002 207.00125000000003 32.871250000000011 197.75250000000003 184.40500000000003 31.231250000000003 187.00500000000002 228.57250000000002 146.39625000000004 203.00250000000003 235.73250000000004 175.17125000000004 193.25500000000002 267.02250000000009 155.75500000000002 151.35375000000002 233.17375000000004 165.57000000000002 154.99000000000004 154.00125000000003 190.00125000000003 29.323750000000008 29.606250000000003 254.13125000000002 224.60625000000002 237.75250000000003
decision_type=2 2 2 2 2 2 2 2 2 2 2 2 2 2 2 2 2 2 2 2 2 2 2 2 2 2 2 2 2 2
left_child=3 -2 -3 4 5 7 9 8 21 13 12 -12 -11 14 -7 -16 -9 18 -10 20 -20 -1 23 -23 25 -24 27 28 29 -15
right_child=1 2 -4 -5 -6 6 -8 16 17 10 11 -13 -14 26 15 -17 -18 -19 19 -21 -22 22 24 -25 -26 -27 -28 -29 -30 -31
leaf_value=-0.0033075144542121463 0.093709417949948054 -0.08259510707866867 0.025449601551700458 -0.0037314682762730729 0.006393131038201186 -0.033377721394673397 -0.098249668045853056 0.028693086325900504 -0.043491948084883707 -0.020352324366569519 0.035061077557879294 -0.089802148523888306 0.15549829022160599 0.0017405816953164851 0.11990883894837821 -0.011502510505287271 0.0052543964052865245 -0.10600658398850456 0.010758092787937594 -0.011568661792809111 0.10783650213519909 0.083725467679213808 0.004729769735774705 0.021180306213500446 -0.0090370677805887163 0.0337537761842919 -0.033624671628638129 0.026458920448006996 -0.018853504284726 0.069538730148405559
leaf_weight=8360 54 24 102 12837 11190 1191 122 1117 338 25 144 63 70 1483 52 114 2439 46 177 2814 56 159 2332 448 1568 535 369 533 1307 83
leaf_count=8360 54 24 102 12837 11190 1191 122 1117 338 25 144 63 70 1483 52 114 2439 46 177 2814 56 159 2332 448 1568 535 369 533 1307 83
internal_value=-0.00023096 0.0315216 0.00486966 -0.000345334 0.000825201 -0.00157623 -0.00929472 0.000527057 -0.00202694 -0.00729757 0.0323422 -0.00294077 0.109222 -0.00963023 -0.0256661 0.0296625 0.0126169 -0.012879 -0.0116134 -0.00807719 0.0340902 0.000751252 0.00748098 0.0375636 0.00336369 0.0101458 -0.00386581 -0.000641788 -0.00566952 0.00533397
internal_weight=50152 180 126 49972 37135 25945 5556 20389 16833 5434 302 207 95 5132 1357 166 3556 3431 3385 3047 233 13402 5042 607 4435 2867 3775 3406 2873 1566
internal_count=50152 180 126 49972 37135 25945 5556 20389 16833 5434 302 207 95 5132 1357 166 3556 3431 3385 3047 233 13402 5042 607 4435 2867 3775 3406 2873 1566
is_linear=0
shrinkage=0.05


Tree=259
num_leaves=31
num_cat=0
split_feature=6 4 4 5 1 6 1 6 4 4 6 4 1 4 5 4 4 1 0 1 4 0 3 1 1 6 4 0 4 0
split_gain=71.4024 145.439 236.03 211.074 154.92 107.784 120.752 105.799 105.132 166.918 105.225 96.4014 90.9221 81.6604 88.3847 153.894 222.748 194.067 204.355 176.115 96.1932 216.953 95.0912 88.832 178.148 158.744 184.338 118.967 196.497 107.316
threshold=165.52500000000003 14.500000000000002 12.500000000000002 1.0000000180025095e-35 2.5000000000000004 158.51500000000001 5.5000000000000009 130.94250000000002 15.500000000000002 19.500000000000004 162.50375000000003 22.500000000000004 4.5000000000000009 3.5000000000000004 1.0000000180025095e-35 6.5000000000000009 5.5000000000000009 1.5000000000000002 15.016250000000001 2.5000000000000004 8.5000000000000018 26.403750000000006 1.0000000180025095e-35 7.5000000000000009 8.5000000000000018 139.61625000000004 4.5000000000000009 15.901250000000003 4.5000000000000009 13.641250000000001
decision_type=2 2 2 2 2 2 2 2 2 2 2 2 2 2 2 2 2 2 2 2 2 2 2 2 2 2 2 2 2 2
left_child=1 2 13 -3 -4 -5 8 12 -7 10 -10 -11 -6 -1 -15 16 22 18 -18 -19 21 -17 23 29 -25 26 -26 28 -27 -16
right_child=-2 3 4 5 7 6 -8 -9 9 11 -12 -13 -14 14 15 20 17 19 -20 -21 -22 -23 -24 24 25 27 -28 -29 -30 -31
leaf_value=-0.0022038190087693794 -0.0011410705152514378 -0.011120551152584646 -0.049188999747897255 0.017166067598398151 0.0033137878491025837 -0.012455828370722502 0.091457626615189386 -0.015322615615241376 0.17642331374543055 -0.014685802446839251 0.047631812845517339 0.070187553308348652 0.11568849623203277 -0.0039563679939694889 0.049814617315307258 -0.10694752053117776 0.040007753717520883 0.13964756917172147 -0.12440372418474269 0.052471843714284531 0.0054216501033939003 0.0060824833559889758 -0.009615929661896401 0.17700900929048657 0.018944628063420003 0.035739509906619789 0.1580542069815454 0.041667918504469777 -0.16058563268206155 0.0021942552891726207
leaf_weight=3073 40489 520 351 971 45 95 114 512 35 81 29 57 30 998 150 66 63 77 27 234 880 119 349 24 55 25 42 55 26 560
leaf_count=3073 40489 520 351 971 45 95 114 512 35 81 29 57 30 998 150 66 63 77 27 234 880 119 349 24 55 25 42 55 26 560
internal_value=-0.000219412 0.00364243 0.000605736 0.0160335 -0.0229112 0.0262506 0.0477132 -0.0071983 0.0309225 0.0513232 0.118065 0.0203706 0.0482637 0.00383876 0.00879045 0.013413 0.0228075 0.0553438 -0.00931569 0.0740555 -0.00146823 -0.0342417 0.0126621 0.0209599 0.048187 0.0329568 0.0791776 -0.00933965 -0.0643478 0.0122549
internal_weight=50152 9663 7761 1902 938 1382 411 587 297 202 64 138 75 6823 3750 2752 1687 401 90 311 1065 185 1286 937 227 203 97 106 51 710
internal_count=50152 9663 7761 1902 938 1382 411 587 297 202 64 138 75 6823 3750 2752 1687 401 90 311 1065 185 1286 937 227 203 97 106 51 710
is_linear=0
shrinkage=0.05


Tree=260
num_leaves=31
num_cat=0
split_feature=8 5 5 0 8 4 4 8 8 4 4 0 8 0 8 4 4 0 4 7 4 7 8 7 0 0 4 4 4 8
split_gain=115.45 186.219 180.845 280.64 260.672 255.124 338.05 163.467 157.228 161.968 616.939 248.704 330.579 186.997 186.301 490.044 305.521 955.503 272.222 312.303 208.921 187.92 182.342 179.511 177.089 157.259 154.983 201.944 279.794 252.205
threshold=202.39125000000004 1.0000000180025095e-35 1.0000000180025095e-35 25.051250000000003 237.50500000000002 6.5000000000000009 13.500000000000002 91.300000000000011 343.17750000000007 19.500000000000004 18.500000000000004 25.991250000000004 308.50625000000008 27.768750000000004 306.86500000000007 15.500000000000002 15.500000000000002 27.768750000000004 16.500000000000004 291.52500000000003 3.5000000000000004 185.39375000000004 314.00375000000008 234.31500000000003 28.316250000000007 27.683750000000003 22.500000000000004 18.500000000000004 14.500000000000002 161.75500000000002
decision_type=2 2 2 2 2 2 2 2 2 2 2 2 2 2 2 2 2 2 2 2 2 2 2 2 2 2 2 2 2 2
left_child=1 -1 3 -2 5 -5 -7 -3 9 10 14 -12 24 -14 16 -16 20 23 -19 -20 21 -6 -15 -18 25 -13 27 28 -9 -30
right_child=2 7 -4 4 8 6 -8 26 -10 -11 11 12 13 22 15 -17 17 18 19 -21 -22 -23 -24 -25 -26 -27 -28 -29 29 -31
leaf_value=-0.011061257536293568 0.027990549698961094 0.05146817896564148 -0.00026882931370995151 -0.044811912751803622 0.1044169130814927 0.016093809660826835 -0.028668162995855586 -0.00284479728999373 0.12229726435616613 -0.0064208761850798619 -0.014531892991405638 0.14636334376500601 -0.10961339559406043 -0.05451582353562117 0.00038769390823236154 0.24081429065235202 -0.044670869099597138 -0.01230595426800004 -0.12325512812035909 0.054465187826593014 0.0282020198701061 -0.014956437667275219 0.13200188179157282 0.10492051805629106 0.055783550972118984 0.28103417243276324 0.024022406380885323 -0.020501445869039334 0.044803250977084402 0.0059452358007107721
leaf_weight=5189 1512 152 21857 421 35 1073 695 11574 32 979 51 96 20 20 67 31 24 129 211 28 1170 568 38 122 40 28 612 1297 591 1423
leaf_count=5189 1512 152 21857 421 35 1073 695 11574 32 979 51 96 20 20 67 31 24 129 211 28 1170 568 38 122 40 28 612 1297 591 1423
internal_value=-8.94517e-06 -0.00285293 0.00201734 0.00877903 0.00383725 -0.00983167 -0.0015021 -0.000131152 0.0119482 0.0109826 0.0173448 0.0858141 0.106961 0.0222242 0.00893327 0.076441 0.0060405 -0.0279009 -0.0708404 -0.102434 0.0158803 -0.00802764 0.0676854 0.0803302 0.147263 0.176773 -0.000637256 -0.00165114 0.000148153 0.017348
internal_weight=50085 20838 29247 7390 5878 2189 1768 15649 3689 3657 2678 293 242 78 2385 98 2287 514 368 239 1773 603 58 146 164 124 15497 14885 13588 2014
internal_count=50085 20838 29247 7390 5878 2189 1768 15649 3689 3657 2678 293 242 78 2385 98 2287 514 368 239 1773 603 58 146 164 124 15497 14885 13588 2014
is_linear=0
shrinkage=0.05


Tree=261
num_leaves=31
num_cat=0
split_feature=8 6 8 0 0 6 4 8 8 1 8 6 6 0 6 6 6 4 8 0 0 1 6 8 1 1 4 0 8 6
split_gain=105.096 276.212 175.698 479.596 160.076 158.697 185.131 300.775 264.588 295.642 160.026 147.603 147.422 213.71 141.54 295.546 136.803 155.645 119.952 122.012 117.51 131.496 144.379 113.823 115.878 126.078 124.82 173.237 359.091 233.749
threshold=198.95375000000004 215.31125000000003 238.75250000000003 22.596250000000001 24.566250000000007 159.30625000000003 5.5000000000000009 106.59625000000001 91.300000000000011 4.5000000000000009 167.00250000000003 281.88750000000005 240.25625000000002 33.831250000000004 243.93375000000003 237.00500000000002 264.00250000000005 19.500000000000004 152.45750000000001 25.991250000000004 17.661250000000006 7.5000000000000009 183.75125000000003 277.75750000000005 3.5000000000000004 8.5000000000000018 17.500000000000004 26.221250000000001 295.00250000000005 295.50500000000005
decision_type=2 2 2 2 2 2 2 2 2 2 2 2 2 2 2 2 2 2 2 2 2 2 2 2 2 2 2 2 2 2
left_child=5 -2 -3 -4 16 18 7 -7 9 -8 20 14 13 -6 15 -12 -5 -18 -1 -20 -9 -22 -23 -14 -25 -26 -27 -28 29 -29
right_child=1 2 3 4 12 6 8 10 -10 -11 11 -13 23 -15 -16 -17 17 -19 19 -21 21 22 -24 24 25 26 27 28 -30 -31
leaf_value=-0.0017837108733421191 0.0098456655624701173 -0.0069355901376416023 -0.17749101742598658 0.017622980335031624 0.016298067119499514 -0.17107512020703519 -0.039955903832679211 0.0065522140343811852 -0.0044852416009547617 0.1883218744870376 -0.0099630456263186673 0.10937564507699932 -0.0056512426747439126 -0.046662390703608947 -0.068562334428104207 0.16074594436929779 0.19303933965663117 0.046010858815861866 0.020191422471584095 -0.001827191058182088 -0.073484809135548293 -0.066713164746761325 0.035269486690069449 -0.046909600896847058 0.010630235158737946 0.017296177362917331 0.012282083284832521 -0.073841317556133226 -0.015265378259151098 -0.25756836575658426
leaf_weight=4870 7946 8019 37 502 2345 33 23 101 10383 37 1021 26 5805 143 98 26 24 72 1588 1042 277 67 72 108 3684 440 433 70 770 23
leaf_count=4870 7946 8019 37 502 2345 33 23 101 10383 37 1021 26 5805 143 98 26 24 72 1588 1042 277 67 72 108 3684 440 433 70 770 23
internal_value=-8.49792e-06 0.00183294 -0.000999943 0.00229267 0.002754 -0.00285728 -0.00638433 -0.0215791 -0.00388024 0.100815 -0.0186565 -0.00842717 0.00165816 0.0126794 -0.0111022 -0.00572385 0.028081 0.082768 0.00286312 0.0114677 -0.0418257 -0.0535713 -0.0138876 -0.000761384 0.0043735 0.00539538 -0.00571362 -0.0135256 -0.0264743 -0.119279
internal_weight=50085 30421 22475 14456 14419 19664 12164 1721 10443 60 1688 1171 13821 2488 1145 1047 598 96 7500 2630 517 416 139 11333 5528 5420 1736 1296 863 93
internal_count=50085 30421 22475 14456 14419 19664 12164 1721 10443 60 1688 1171 13821 2488 1145 1047 598 96 7500 2630 517 416 139 11333 5528 5420 1736 1296 863 93
is_linear=0
shrinkage=0.05


Tree=262
num_leaves=31
num_cat=0
split_feature=6 7 7 0 7 7 4 4 4 6 7 7 7 6 6 5 4 6 0 7 6 4 7 0 7 0 6 0 7 4
split_gain=71.9562 227.366 243.215 143.015 130.347 117.707 110.694 235.686 162.202 182.206 177.848 144.811 214.559 175.911 438.928 135.826 281.55 139.55 144.115 132.523 291.094 318.429 305.411 264.935 205.965 223.107 200.195 227.82 260.616 222.282
threshold=135.30875000000003 154.00125000000003 280.75250000000005 26.051250000000003 91.300000000000011 251.01000000000002 5.5000000000000009 7.5000000000000009 3.5000000000000004 280.50500000000005 91.300000000000011 261.00125000000008 154.00125000000003 268.00250000000005 219.22125000000003 22.500000000000004 6.5000000000000009 193.75625000000002 25.281250000000004 251.75625000000002 205.31625000000003 16.500000000000004 274.11500000000007 24.881250000000005 261.00125000000008 28.091250000000006 227.00250000000003 29.606250000000003 91.300000000000011 14.500000000000002
decision_type=2 2 2 2 2 2 2 2 2 2 2 2 2 2 2 2 2 2 2 2 2 2 2 2 2 2 2 2 2 2
left_child=1 3 5 4 -1 -3 8 15 10 -10 -2 12 13 14 -12 -8 -17 -18 -19 26 21 24 -23 -24 -21 -26 27 28 -9 -30
right_child=6 2 -4 -5 -6 -7 7 19 9 -11 11 -13 -14 -15 -16 16 17 18 -20 20 -22 22 23 -25 25 -27 -28 -29 29 -31
leaf_value=-0.075917933726819556 0.12733551628749701 -0.014489054337068092 0.11944264788745028 0.072093508250656579 0.014018771289180552 -0.09494244369755811 0.0028309551138339982 0.16511550919841167 -0.013076125564149239 -0.12466679561279111 -0.013841481942230227 -0.015111393133647667 0.0084449776816739649 0.11588858945667745 -0.22980607775777268 0.039550475230372049 -0.027014061944585895 0.056528011568121997 0.0023122520565033652 -0.009189479471729196 0.0074443514487892402 0.079533528200373418 -0.15645468136475935 0.0062125837956913399 -0.13661487846747861 -0.044931159998119183 -0.009384803976104153 0.010402147337840137 -0.011020513724981335 0.002690316397388778
leaf_weight=41 27 860 33 105 2317 48 1972 23 3225 37 1194 1467 3911 25 24 1034 288 157 559 241 8127 123 31 130 91 245 7478 4280 5287 6705
leaf_count=41 27 860 33 105 2317 48 1972 23 3225 37 1194 1467 3911 25 24 1034 288 157 559 241 8127 123 31 130 91 245 7478 4280 5287 6705
internal_value=-8.07303e-06 0.00701012 -0.0138961 0.0149974 0.012455 -0.0187421 -0.000519843 0.000744154 -0.0052099 -0.0143419 -0.000729078 -0.00125132 0.00269372 -0.0154021 -0.0180969 0.0121858 0.0212378 0.00237789 0.0142003 -0.000656327 0.00451554 -0.0231296 0.0202118 -0.0251084 -0.0444623 -0.0697622 -0.00261169 0.000496592 -0.00303198 -0.00335448
internal_weight=50085 3404 941 2463 2358 908 46681 36771 9910 3262 6648 6621 5154 1243 1218 4010 2038 1004 716 32761 8988 861 284 161 577 336 23773 16295 12015 11992
internal_count=50085 3404 941 2463 2358 908 46681 36771 9910 3262 6648 6621 5154 1243 1218 4010 2038 1004 716 32761 8988 861 284 161 577 336 23773 16295 12015 11992
is_linear=0
shrinkage=0.05


Tree=263
num_leaves=31
num_cat=0
split_feature=8 6 7 6 4 0 6 4 4 4 8 0 0 1 6 7 8 6 8 7 7 0 6 7 7 0 4 8 8 6
split_gain=96.1709 249.9 335.061 215.512 204.822 272.763 155.222 150.707 145.032 247.29 142.817 431.187 149.702 165.543 141.825 229.472 234.934 314.901 194.241 138.885 138.731 194.551 182.758 132.844 131.109 247.083 193.892 355.881 187.73 144.914
threshold=202.39125000000004 215.31125000000003 257.88250000000005 205.96625000000003 16.500000000000004 27.236250000000002 175.00750000000002 18.500000000000004 3.5000000000000004 4.5000000000000009 238.75250000000003 22.596250000000001 25.321250000000003 7.5000000000000009 176.47750000000005 150.28875000000002 91.300000000000011 214.85750000000004 184.41125000000002 91.300000000000011 195.12250000000003 16.328750000000003 201.87750000000003 186.00125000000003 208.17750000000004 32.741250000000001 12.500000000000002 119.10875000000001 170.75250000000003 148.06750000000002
decision_type=2 2 2 2 2 2 2 2 2 2 2 2 2 2 2 2 2 2 2 2 2 2 2 2 2 2 2 2 2 2
left_child=14 2 8 4 -4 7 -7 -6 -2 -10 -3 -12 13 -13 19 18 17 -17 -16 -1 21 23 -23 -11 28 26 -26 -28 29 -21
right_child=1 10 3 -5 5 6 -8 -9 9 20 11 12 -14 -15 15 16 -18 -19 -20 24 -22 22 -24 -25 25 -27 27 -29 -30 -31
leaf_value=-0.076184369675044369 0.03652307701445659 -0.0062531116209398122 -0.05275925995065172 0.020448462275225066 -0.14197165775299073 0.20929418317973614 0.040690506336300877 -0.0072162780880195192 -0.029399742550331343 -0.16736500231283052 -0.16830189138009038 0.034672872493693919 0.00070241158894268304 0.0035152323372806722 -0.061129701157973448 0.2501555630493732 -0.00589431297711214 0.00097733372822403916 -0.002167004181858923 0.0056892905621485869 0.0092472603880888165 0.045360882245893519 0.0081666326345395633 0.010481813408079603 -0.027021098918307174 -0.15947610052495167 0.22397035785495972 0.0065441216619504285 0.015837878893847034 -0.0074229156688263333
leaf_weight=58 652 7728 444 258 25 20 43 122 345 21 37 721 12655 1043 351 21 8376 32 232 4543 3726 843 543 21 671 29 20 319 2256 3930
leaf_count=58 652 7728 444 258 25 20 43 122 345 21 37 721 12655 1043 351 21 8376 32 232 4543 3726 843 543 21 671 29 20 319 2256 3930
internal_value=-7.66938e-06 0.00184171 0.0100327 -0.0182495 -0.0335156 0.00717094 0.0942155 -0.0301339 0.0142261 0.0115824 -0.000766168 0.00216708 0.00260452 0.0162503 -0.00260335 -0.00732862 -0.0052303 0.0997083 -0.037666 0.000997545 0.0143257 0.0275764 0.0307891 -0.0784416 0.00137795 -0.0155813 -0.0114497 0.0193716 0.00302029 -0.000392495
internal_weight=50085 29247 7063 912 654 210 63 147 6151 5499 22184 14456 14419 1764 20838 9012 8429 53 583 11826 5154 1428 1386 42 11768 1039 1010 339 10729 8473
internal_count=50085 29247 7063 912 654 210 63 147 6151 5499 22184 14456 14419 1764 20838 9012 8429 53 583 11826 5154 1428 1386 42 11768 1039 1010 339 10729 8473
is_linear=0
shrinkage=0.05


Tree=264
num_leaves=31
num_cat=0
split_feature=0 0 4 4 6 0 3 1 6 6 1 6 1 6 6 1 0 4 6 6 1 6 0 6 5 1 0 3 6 6
split_gain=67.6972 84.0625 291.752 171.702 269.782 157.08 293.305 155.681 128.394 112.718 96.0692 189.269 183.669 157.293 283.955 90.4898 110.8 89.7723 84.3429 92.0405 101.483 101.913 98.4108 83.9047 82.5925 76.2453 94.595 83.2734 74.7317 70.4305
threshold=35.927500000000002 32.101250000000007 14.500000000000002 11.500000000000002 274.06250000000006 34.612500000000004 1.0000000180025095e-35 5.5000000000000009 239.00125000000003 250.77250000000004 6.5000000000000009 224.60625000000002 4.5000000000000009 249.52875000000003 274.06250000000006 6.5000000000000009 33.148750000000007 13.500000000000002 225.00500000000002 254.00250000000003 6.5000000000000009 274.06250000000006 32.521250000000002 160.04875000000004 1.0000000180025095e-35 5.5000000000000009 34.052500000000002 1.0000000180025095e-35 261.48500000000007 145.31500000000003
decision_type=2 2 2 2 2 2 2 2 2 2 2 2 2 2 2 2 2 2 2 2 2 2 2 2 2 2 2 2 2 2
left_child=1 -1 3 4 8 10 -7 17 29 -10 12 -12 -4 -13 -15 28 -17 -5 23 -20 -21 22 -22 -9 -19 26 27 -14 -11 -3
right_child=-2 2 5 7 -6 6 -8 18 9 15 11 13 25 14 -16 16 -18 24 19 20 21 -23 -24 -25 -26 -27 -28 -29 -30 -31
leaf_value=0.00044690661221581597 0.030947986308390019 -0.044926245873676073 -0.0083867560448765612 0.0047685341006715081 -0.19341201384862264 -0.049355104617003737 -0.27140366725623605 -0.039552630164793566 -0.061660084676108153 0.044364784606458513 0.14909984190482647 -0.1131505143242858 -0.089329588908003646 0.16198299992829562 -0.048654201750953995 -0.078446536363501629 0.052502185248193292 0.015594140522132453 -0.0026001393366285076 0.090256151413688299 -0.016431558490091681 -0.020264523221674016 0.065094401289329487 0.066825279823351139 -0.046542141379788515 -0.021178903209781927 -0.0052706387055956802 -0.18476558835245671 -0.035320520467228361 0.0049664669434879918
leaf_weight=46411 176 79 189 588 21 58 20 21 202 85 20 31 80 24 48 70 21 73 342 65 51 98 135 158 200 43 23 32 45 676
leaf_count=46411 176 79 189 588 21 58 20 21 202 85 20 31 80 24 48 70 21 73 342 65 51 98 135 158 200 43 23 32 45 676
internal_value=-7.28592e-06 -0.000116447 -0.00759095 -0.00123315 -0.0157764 -0.0403874 -0.106291 0.00884046 -0.0126098 -0.034663 -0.0298967 0.0083457 -0.0427136 -0.0189852 0.0215582 -0.00998701 -0.0482276 -0.00623247 0.0237575 0.0158339 0.0338982 0.0209993 0.0427405 0.0543452 -0.0299269 -0.0791617 -0.0976303 -0.116597 0.0167814 -0.000254095
internal_weight=50085 49909 3498 2930 1199 568 78 1731 1178 423 490 123 367 103 72 221 91 861 870 691 349 284 186 179 273 178 135 112 130 755
internal_count=50085 49909 3498 2930 1199 568 78 1731 1178 423 490 123 367 103 72 221 91 861 870 691 349 284 186 179 273 178 135 112 130 755
is_linear=0
shrinkage=0.05


Tree=265
num_leaves=31
num_cat=0
split_feature=8 0 0 7 0 7 7 1 8 1 0 7 0 0 1 0 0 7 7 8 0 7 8 0 0 0 8 0 7 1
split_gain=62.7796 145.854 207.851 145.496 166.785 165.45 91.9673 111.431 164.158 91.5818 90.7571 122.6 274.668 199.508 81.3931 84.5289 74.0155 74.9839 73.9456 69.0848 63.8753 63.8686 172.472 177.078 79.7739 73.0508 59.8308 65.6243 57.3408 56.7355
threshold=305.02000000000004 32.001250000000006 30.721250000000001 280.75250000000005 27.236250000000002 306.35125000000011 210.48000000000002 8.5000000000000018 343.17750000000007 5.5000000000000009 28.091250000000006 330.51625000000007 29.101250000000004 29.323750000000008 5.5000000000000009 26.633750000000003 28.616250000000004 230.12750000000003 241.00250000000003 330.40500000000003 25.758750000000003 296.00125000000008 314.00375000000008 28.461250000000003 28.041250000000002 28.041250000000002 314.00375000000008 27.476250000000004 277.25250000000005 9.5000000000000018
decision_type=2 2 2 2 2 2 2 2 2 2 2 2 2 2 2 2 2 2 2 2 2 2 2 2 2 2 2 2 2 2
left_child=29 2 3 6 -5 21 14 8 9 -8 -7 13 -13 -12 15 -2 18 -18 -11 -17 -9 -6 25 24 -24 -23 -16 -28 -20 -1
right_child=1 -3 -4 4 5 10 7 20 -10 16 11 12 -14 -15 26 19 17 -19 28 -21 -22 22 23 -25 -26 -27 27 -29 -30 -31
leaf_value=-0.0008602814971092733 -0.046092529709943958 -0.10328524413293805 0.13414127094050249 0.020791587054914726 -0.02437441253636792 -0.016945355141027407 0.009218406014996669 0.063708732824991732 0.18116039931774142 0.098024425186061623 0.026788219651949687 0.045460015204242581 -0.17549044801430269 0.18891649354587903 -0.0036103891775659891 0.0191476158667029 0.023894702941179277 0.14350301176309585 0.02192858105221511 0.12345766629177063 -0.010213130406023433 -0.070440625651029959 -0.041303896895121962 0.057779255221799219 -0.16263064852566458 -0.19203046681980293 -0.028219785882780953 -0.14924983768945649 0.091381144720841856 0.0036642073060672875
leaf_weight=39079 34 29 33 465 206 275 212 34 20 48 138 39 22 22 46 57 20 38 236 22 208 21 42 37 20 30 24 21 34 8422
leaf_count=39079 34 29 33 465 206 275 212 34 20 48 138 39 22 22 46 57 20 38 236 22 208 21 42 37 20 30 24 21 34 8422
internal_value=0.000343154 0.00817676 0.00952135 0.00778687 -0.00329357 -0.0164386 0.0216322 0.0288677 0.0402891 0.0354976 0.00222805 0.0260864 -0.034227 0.0490809 -0.00851599 0.019826 0.0503146 0.102259 0.0408405 0.048196 0.000172586 -0.0424462 -0.0672647 -0.0287833 -0.0804416 -0.141964 -0.0437099 -0.0847005 0.0306745 -5.80827e-05
internal_weight=49934 2433 2404 2371 1317 852 1054 850 608 588 496 221 61 160 204 113 376 58 318 79 242 356 150 99 62 51 91 45 270 47501
internal_count=49934 2433 2404 2371 1317 852 1054 850 608 588 496 221 61 160 204 113 376 58 318 79 242 356 150 99 62 51 91 45 270 47501
is_linear=0
shrinkage=0.05


Tree=266
num_leaves=31
num_cat=0
split_feature=4 5 8 7 1 0 7 0 7 0 0 0 4 4 4 7 0 1 0 0 8 8 0 8 7 8 7 0 4 4
split_gain=63.9138 101.028 80.4851 177.288 156.966 278.743 271.343 288.502 325.731 330.099 353.864 243.701 205.978 189.427 165.876 152.994 106.933 232.395 136.863 122.566 206.76 182 95.5029 92.8247 81.2219 106.273 112.214 103.194 99.3156 93.6432
threshold=1.0000000180025095e-35 1.0000000180025095e-35 115.01750000000001 288.67250000000007 7.5000000000000009 21.106250000000006 242.65375000000003 26.121250000000003 217.80125000000004 25.781250000000004 22.151250000000001 27.011250000000008 8.5000000000000018 5.5000000000000009 12.500000000000002 145.52500000000003 20.941250000000007 2.5000000000000004 18.216250000000006 12.693750000000003 106.59625000000001 106.59625000000001 19.268750000000001 106.59625000000001 153.16250000000002 230.11125000000004 150.28875000000002 34.052500000000002 2.5000000000000004 20.500000000000004
decision_type=2 2 2 2 2 2 2 2 2 2 2 2 2 2 2 2 2 2 2 2 2 2 2 2 2 2 2 2 2 2
left_child=1 -1 3 4 6 22 7 8 9 10 16 -9 -13 -7 -14 -12 17 18 19 20 -2 -21 23 -6 25 -4 27 28 -27 -26
right_child=2 -3 24 -5 5 13 -8 11 -10 -11 15 12 14 -15 -16 -17 -18 -19 -20 21 -22 -23 -24 -25 29 26 -28 -29 -30 -31
leaf_value=0.010549538783621448 0.14361284686171491 -0.014761759636608069 0.0083832487398716425 0.12493172287940979 0.079615537928683422 0.2357177796959877 -0.17237198928540404 0.13706119545670445 -0.2208347297012806 0.15817364823250546 -0.24153715224453698 -0.1491860216856003 0.095208102766247027 0.044726918192227953 -0.063639065899230823 -0.086703434691597261 0.075365216800799745 -0.12756369107961654 0.10498478934168816 -0.17895104976800771 -0.025369645874289904 -0.0098430013511239048 -0.11876883322373033 -0.021487238867363583 0.0011393381154134656 0.085489655760201552 -0.0973111209482318 0.097648317047527855 -0.024741836187741249 -0.0057991996177662024
leaf_weight=530 23 1539 5305 22 28 20 33 43 25 21 27 20 42 37 27 39 26 50 24 26 85 41 20 120 35762 22 41 21 287 5628
leaf_count=530 23 1539 5305 22 28 20 33 43 25 21 27 20 42 37 27 39 26 50 24 26 85 41 20 120 35762 22 41 21 287 5628
internal_value=0.000325997 -0.00827796 0.000697909 -0.0150383 -0.0190014 0.0161984 -0.0333491 -0.0245095 -0.0462812 -0.0342264 -0.0460751 0.0393212 -0.00790152 0.111741 0.0330505 -0.150045 -0.0211224 -0.0311974 -0.00698482 -0.0223407 0.0106174 -0.075467 -0.0162179 -0.00235969 0.000965049 0.00657397 -0.0192972 -0.00960461 -0.0168936 0.000195871
internal_weight=49934 2069 47865 799 777 225 552 519 387 362 341 132 89 57 69 66 275 249 199 175 108 67 168 148 47066 5676 371 330 309 41390
internal_count=49934 2069 47865 799 777 225 552 519 387 362 341 132 89 57 69 66 275 249 199 175 108 67 168 148 47066 5676 371 330 309 41390
is_linear=0
shrinkage=0.05


Tree=267
num_leaves=31
num_cat=0
split_feature=8 7 0 0 7 4 0 7 4 1 1 4 0 8 7 4 4 5 8 8 7 7 0 7 0 0 4 0 5 4
split_gain=59.1417 97.7966 190.303 132.143 160.193 112.652 104.545 115.815 132.818 143.337 189.721 97.6808 153.119 117.31 91.2488 80.0182 121.698 198.79 103.44 90.532 134.752 215.665 77.378 109.139 207.973 174.04 73.3786 204.943 213.176 161.533
threshold=301.01500000000004 280.75250000000005 30.453750000000003 27.236250000000002 306.35125000000011 18.500000000000004 32.001250000000006 199.50125000000003 20.500000000000004 8.5000000000000018 4.5000000000000009 17.500000000000004 26.633750000000003 314.00375000000008 226.52750000000003 1.5000000000000002 18.500000000000004 1.0000000180025095e-35 335.58625000000006 308.50625000000008 224.00250000000003 246.49375000000003 28.091250000000006 330.51625000000007 29.101250000000004 29.323750000000008 18.500000000000004 27.476250000000004 22.500000000000004 19.500000000000004
decision_type=2 2 2 2 2 2 2 2 2 2 2 2 2 2 2 2 2 2 2 2 2 2 2 2 2 2 2 2 2 2
left_child=26 6 3 5 -5 -3 7 11 9 10 14 13 -13 -2 -9 -12 19 -18 -19 -17 -21 -22 -6 25 -25 -24 -1 -28 -29 -30
right_child=1 2 -4 4 22 -7 -8 8 -10 -11 15 12 -14 -15 -16 16 17 18 -20 20 21 -23 23 24 -26 -27 27 28 29 -31
leaf_value=0.00080450896698446852 -0.021620563450786806 -0.037414463643027945 0.14141483186217754 -0.04024557840730749 -0.014534435415051269 0.024687402037237887 -0.063099596725824547 0.062142484262585646 0.0050290052097460083 0.0047118648860002095 0.024758498869907067 -0.10625705529342999 0.041740716754951897 -0.16715737849473955 -0.068126671986154672 0.062446927874245578 0.15409563783296321 0.010468295955460919 0.10600059082278529 0.053297774195671083 0.32119868777014993 0.10222565830563722 0.024938329895828955 0.034652162979288796 -0.15591150589964609 0.17305616412473762 -0.0021740062339240316 -0.0057110671466355867 -0.11318945567880837 -0.03412216008623685
leaf_weight=38839 45 86 23 378 294 484 39 20 440 192 79 22 85 20 41 36 43 121 37 20 22 23 144 41 22 23 7711 334 107 163
leaf_count=38839 45 86 23 378 294 484 39 20 440 192 79 22 85 20 41 36 43 121 37 20 22 23 144 41 22 23 7711 334 107 163
internal_value=0.000309697 0.00739659 -0.00129783 -0.00352772 -0.0154366 0.0153176 0.0175119 0.020035 0.0261354 0.0407834 0.0564524 -0.0180568 0.0113113 -0.0664011 -0.0254155 0.0695599 0.0812795 0.0587801 0.0328398 0.126056 0.161285 0.209279 0.00245987 0.024183 -0.0318939 0.0453378 -0.000108116 -0.00437095 -0.0324183 -0.0654562
internal_weight=49934 2780 1495 1472 902 570 1285 1246 1074 634 442 172 107 65 61 381 302 201 158 101 65 45 524 230 63 167 47154 8315 604 270
internal_count=49934 2780 1495 1472 902 570 1285 1246 1074 634 442 172 107 65 61 381 302 201 158 101 65 45 524 230 63 167 47154 8315 604 270
is_linear=0
shrinkage=0.05


Tree=268
num_leaves=31
num_cat=0
split_feature=8 6 7 4 6 4 7 7 4 6 6 8 7 6 6 8 6 7 4 6 8 6 7 0 8 6 6 8 0 4
split_gain=58.4948 180.101 242.561 198.456 286.182 149.401 213.726 211.708 178.283 483.729 223.438 199.699 176.062 138.326 341.575 135.525 119.743 114.951 112.108 232.704 187.431 112.16 305.827 194.668 202.315 596.68 607.551 175.706 146.405 243.775
threshold=147.36375000000001 165.52500000000003 154.00125000000003 9.5000000000000018 147.00250000000003 19.500000000000004 280.75250000000005 268.00875000000002 15.500000000000002 222.53375000000003 151.03250000000003 139.74500000000003 199.50125000000003 239.00125000000003 248.95375000000004 158.51500000000001 224.00250000000003 146.41125000000002 2.5000000000000004 148.06750000000002 122.17000000000002 178.50125000000003 146.41125000000002 18.913750000000004 91.300000000000011 146.18250000000003 123.72000000000001 106.59625000000001 25.016250000000003 9.5000000000000018
decision_type=2 2 2 2 2 2 2 2 2 2 2 2 2 2 2 2 2 2 2 2 2 2 2 2 2 2 2 2 2 2
left_child=5 2 3 4 -2 6 7 8 13 10 -10 -12 -7 16 -15 -5 18 -17 19 -1 -21 23 -23 -20 25 26 -25 -24 -29 -30
right_child=1 -3 -4 15 -6 12 -8 -9 9 -11 11 -13 -14 14 -16 17 -18 -19 21 20 -22 22 27 24 -26 -27 -28 28 29 -31
leaf_value=-0.0079423882209622258 0.042331673756195343 -0.00025624370257271866 0.0025291031459607071 0.02221088883558325 -0.012002359212118247 -0.026057390800761904 0.13517887570363071 -0.14044831190258264 -0.0092398731911089282 -0.12159989382470809 0.24358099335804584 0.080932169421272279 -0.15362053682406746 0.16875912834746909 -0.026990014098835391 0.10421970716528853 -0.078675597996704968 0.044135167955661594 0.0091124671222921529 -0.21046823975630105 -0.049384063796230386 -0.090770415022321374 0.14133205169508622 -0.011232937195084313 -0.011536999967962168 0.055813215787594142 -0.36520276400778029 0.10461571598425508 -0.06307684480611768 0.055664510418355996
leaf_weight=1340 441 39382 3573 255 538 275 28 28 32 31 32 46 30 39 52 144 55 178 1635 20 186 46 43 22 1181 39 27 53 70 113
leaf_count=1340 441 39382 3573 255 538 275 28 28 32 31 32 46 30 39 52 144 55 178 1635 20 186 46 43 22 1181 39 27 53 70 113
internal_value=0.000294212 0.000891545 0.00970461 0.0261815 0.0124729 -0.00460859 -0.00258265 -0.00334047 -0.00258207 0.0528525 0.102016 0.14766 -0.0386046 -0.00417042 0.0569025 0.049441 -0.00532107 0.0710053 -0.00447615 -0.0155483 -0.0650233 0.000825019 0.0286806 -0.00229242 -0.0169867 -0.0901237 -0.206278 0.048375 0.0314379 0.0102443
internal_weight=49934 44511 5129 1556 979 5423 5118 5090 5062 141 110 78 305 4921 91 577 4830 322 4775 1546 206 3229 325 2904 1269 88 49 279 236 183
internal_count=49934 44511 5129 1556 979 5423 5118 5090 5062 141 110 78 305 4921 91 577 4830 322 4775 1546 206 3229 325 2904 1269 88 49 279 236 183
is_linear=0
shrinkage=0.05


Tree=269
num_leaves=31
num_cat=0
split_feature=4 8 8 8 4 6 8 6 4 4 6 7 6 7 8 7 8 6 4 7 7 1 4 8 6 6 7 8 7 1
split_gain=56.0053 72.8113 76.357 70.3989 166.277 222.957 145.979 405.711 515.814 822.658 414.346 323.901 106.25 284.559 193.514 115.566 90.2324 182.328 242.681 239.729 158.167 194.63 187.282 150.798 236.411 194.679 543.721 209.021 163.932 159.24
threshold=1.0000000180025095e-35 152.45750000000001 115.01750000000001 115.01750000000001 4.5000000000000009 180.38750000000002 91.300000000000011 177.82375000000002 8.5000000000000018 5.5000000000000009 224.00250000000003 261.00125000000008 140.96750000000003 154.00125000000003 145.50125000000003 91.300000000000011 157.83750000000001 176.47750000000005 22.500000000000004 137.24500000000003 208.17750000000004 2.5000000000000004 16.500000000000004 187.77625000000003 210.48750000000004 201.87750000000003 267.02250000000009 274.58875000000006 134.50250000000003 10.500000000000002
decision_type=2 2 2 2 2 2 2 2 2 2 2 2 2 2 2 2 2 2 2 2 2 2 2 2 2 2 2 2 2 2
left_child=1 2 -1 4 5 -2 7 8 9 -6 -9 -8 13 14 -5 -16 -14 18 20 -20 21 -18 -22 24 28 26 27 -25 -19 -26
right_child=3 -3 -4 12 6 -7 11 10 -10 -11 -12 -13 16 -15 15 -17 17 23 19 -21 22 -23 -24 25 29 -27 -28 -29 -30 -31
leaf_value=0.066341689516874885 -0.025898024415421279 -0.0025704112576936549 -0.028986467662231626 0.012788901263053827 0.13400834918022156 -0.17688707262277603 0.006148892104220198 0.33060479651797903 0.12821678826824212 -0.27998096610109013 0.020102659364541375 -0.19554738629270685 -0.0071575378511395758 -0.011699198138232494 -0.035767531799418585 0.059299187521263452 -0.0022565090228899676 -0.10053346461632795 0.21580055013653779 0.040793872036393536 -0.020488464287855883 0.020487278882402843 0.043121355516249661 0.013705205825880471 0.015809245015073602 -0.00087545001170729751 -0.055242345225840483 0.13816394503502286 -0.014913576033408642 -0.10319595467941514
leaf_weight=22 410 1582 465 1809 20 26 209 22 39 30 21 22 3779 1063 35 369 1568 57 21 287 810 2351 135 4326 916 26269 297 34 2911 29
leaf_count=22 410 1582 465 1809 20 26 209 22 39 30 21 22 3779 1063 35 369 1568 57 21 287 810 2351 135 4326 916 26269 297 34 2911 29
internal_value=0.000279501 -0.00777457 -0.0246801 0.000627644 -0.0140895 -0.034902 0.0109083 0.0528534 -0.00807649 -0.114385 0.178964 -0.0130603 0.000877485 0.00956301 0.0197762 0.0510632 0.000227707 0.000925237 0.00968538 0.0527261 0.00695993 0.0113874 -0.0114013 -0.000375244 -0.00962311 0.000794869 0.0102167 0.0146758 -0.0165579 0.0121572
internal_weight=49934 2069 487 47865 799 436 363 132 89 50 43 231 47066 3276 2213 404 43790 40011 5172 308 4864 3919 945 34839 3913 30926 4657 4360 2968 945
internal_count=49934 2069 487 47865 799 436 363 132 89 50 43 231 47066 3276 2213 404 43790 40011 5172 308 4864 3919 945 34839 3913 30926 4657 4360 2968 945
is_linear=0
shrinkage=0.05


Tree=270
num_leaves=31
num_cat=0
split_feature=4 4 8 1 8 1 8 4 4 6 1 8 4 8 8 6 6 8 6 6 6 4 8 5 4 4 1 1 8 4
split_gain=70.9841 173.962 189.828 192.196 250.435 176.428 158.085 187.415 228.572 157.869 253.857 175.347 155.526 173.022 163.708 152.232 129.502 277.374 232.158 436.773 286.794 204.198 189.833 178.058 529.965 422.207 236.421 217.151 117.925 116.996
threshold=5.5000000000000009 7.5000000000000009 230.75875000000005 5.5000000000000009 191.00750000000002 9.5000000000000018 91.300000000000011 20.500000000000004 9.5000000000000018 280.50500000000005 4.5000000000000009 281.36000000000007 3.5000000000000004 303.00375000000003 184.41125000000002 301.52500000000003 148.06750000000002 156.99500000000003 248.95375000000004 228.00500000000002 212.74750000000003 3.5000000000000004 148.42750000000004 1.0000000180025095e-35 4.5000000000000009 4.5000000000000009 4.5000000000000009 7.5000000000000009 252.50250000000003 6.5000000000000009
decision_type=2 2 2 2 2 2 2 2 2 2 2 2 2 2 2 2 2 2 2 2 2 2 2 2 2 2 2 2 2 2
left_child=9 2 3 4 -2 -5 7 8 -3 11 -11 16 13 14 -12 -14 22 18 19 20 -18 -19 -1 25 26 -23 -25 -28 -26 -7
right_child=1 6 -4 5 -6 29 -8 -9 -10 10 12 -13 15 -15 -16 -17 17 21 -20 -21 -22 23 -24 24 28 -27 27 -29 -30 -31
leaf_value=5.6973403406842095e-05 0.007067934740932983 0.014408842130349235 0.03836981838723022 -0.016498569085297878 0.049377115636805177 0.034866039790162361 9.1815156620056362e-05 -0.043048697829246522 0.21857210689641793 -0.19306349359368058 0.1082211266138724 0.030167902842929452 -0.21315368616487831 0.033633084659630511 -0.034466960475101394 -0.028080291870981457 -0.028817904917841405 0.0034602302962883978 -0.19290433448146693 0.18655880738211716 -0.18878864213053526 0.05093423670858635 0.030996779170773415 0.018601547590118239 0.0018708733325753864 -0.034180718094559873 -0.086804792749920326 -0.033923670621031611 0.12467270106077195 -0.0061294101710428466
leaf_weight=3132 1261 26 554 1139 484 367 33267 25 29 22 21 421 20 146 470 25 827 4373 22 23 29 297 589 110 868 286 379 398 20 331
leaf_count=3132 1261 26 554 1139 484 367 33267 25 29 22 21 421 20 146 470 25 827 4373 22 23 29 297 589 110 868 286 379 398 20 331
internal_value=0.000372849 0.00146025 0.0111323 0.00691969 0.018803 -0.00436846 0.000260636 0.0704625 0.122059 -0.00289363 -0.0258933 -0.00151841 -0.0205007 -0.0141545 -0.0283642 -0.110335 -0.00269343 -0.00642218 -0.0324754 -0.0284601 -0.0342375 -0.00293474 0.00495446 -0.0147944 -0.0226688 0.00917973 -0.050005 -0.0597177 0.00463668 0.0154255
internal_weight=49961 37483 4136 3582 1745 1837 33347 80 55 12478 704 11774 682 637 491 45 11353 7632 901 879 856 6731 3721 2358 1775 583 887 777 888 698
internal_count=49961 37483 4136 3582 1745 1837 33347 80 55 12478 704 11774 682 637 491 45 11353 7632 901 879 856 6731 3721 2358 1775 583 887 777 888 698
is_linear=0
shrinkage=0.05


Tree=271
num_leaves=31
num_cat=0
split_feature=4 6 1 7 4 6 1 7 7 4 6 4 1 5 4 7 1 4 5 7 4 6 7 4 1 6 6 7 4 5
split_gain=68.4465 151.233 214.199 121.755 67.0199 103.831 90.1636 126.298 82.7258 125.054 101.709 74.5793 440.882 239.388 855.487 229.597 198.085 968.971 1020.93 312.871 285.496 215.02 209.721 254.712 219.374 212.011 249.232 233.621 200.186 252.235
threshold=1.5000000000000002 280.50500000000005 4.5000000000000009 192.00125000000003 20.500000000000004 119.10875000000001 6.5000000000000009 330.51625000000007 91.300000000000011 10.500000000000002 221.58750000000003 16.500000000000004 9.5000000000000018 1.0000000180025095e-35 17.500000000000004 257.88250000000005 9.5000000000000018 15.500000000000002 1.0000000180025095e-35 235.74500000000003 13.500000000000002 214.85750000000004 189.35500000000005 14.500000000000002 2.5000000000000004 256.93000000000006 201.87750000000003 183.45000000000002 11.500000000000002 1.0000000180025095e-35
decision_type=2 2 2 2 2 2 2 2 2 2 2 2 2 2 2 2 2 2 2 2 2 2 2 2 2 2 2 2 2 2
left_child=1 -1 -3 -4 8 -6 7 -7 9 10 -2 16 -13 14 15 -14 20 -18 -19 -20 28 -21 25 -24 -25 26 -22 -27 -10 -30
right_child=4 2 3 -5 5 6 -8 -9 11 -11 -12 12 13 -15 -16 -17 17 18 19 21 22 -23 23 24 -26 27 -28 -29 29 -31
leaf_value=-0.0021285877557190459 -0.044170554733071271 -0.18714274501516706 0.090855611860752111 -0.029376353937805327 0.079597235255169915 -0.0088830834896998032 0.0022136763865199752 -0.10055417692974995 -0.0007199614657265826 -0.14588286477056417 0.058602188747714869 0.011253535930417804 0.087312777830581917 -0.030902913179262356 -0.028951168164430992 0.25148381814360621 0.0037214064716211991 -0.060497380553305835 0.08948786779997811 0.048132824301719668 0.0045416079058098286 0.22802939214173479 0.00086463673462702567 0.047135575209348198 -0.034047537915130426 0.032560409363045793 -0.0399583757762648 0.21539334048117911 0.035740280554851199 0.0046364241104476121
leaf_weight=3630 89 21 22 491 37 3340 2805 38 17129 22 33 6903 57 1081 266 34 4992 87 155 20 1683 98 956 87 1912 104 387 21 871 2590
leaf_count=3630 89 21 22 491 37 3340 2805 38 17129 22 33 6903 57 1081 266 34 4992 87 155 20 1683 98 956 87 1912 104 387 21 871 2590
internal_value=0.000354207 -0.00578332 -0.0306273 -0.0242202 0.000912249 -0.00391256 -0.00441229 -0.00991432 0.00167052 -0.0361578 -0.0163714 0.00180867 0.00600688 -0.0191793 0.0163201 0.148651 0.000682417 0.00943463 0.088658 0.136191 -0.00113739 0.197538 -0.0116665 -0.0203626 -0.0305143 4.06275e-05 -0.00377795 0.0632763 0.00149616 0.0124641
internal_weight=49961 4164 534 513 45797 6220 6183 3378 39577 144 122 39433 8341 1438 357 91 31092 5352 360 273 25740 118 5150 2955 1999 2195 2070 125 20590 3461
internal_count=49961 4164 534 513 45797 6220 6183 3378 39577 144 122 39433 8341 1438 357 91 31092 5352 360 273 25740 118 5150 2955 1999 2195 2070 125 20590 3461
is_linear=0
shrinkage=0.05


Tree=272
num_leaves=31
num_cat=0
split_feature=4 6 1 0 0 0 8 8 6 6 7 8 6 6 1 6 0 8 0 4 7 0 7 1 4 4 8 8 6 6
split_gain=61.773 136.488 193.315 149.347 156.259 147.535 90.6538 86.9256 290.628 107.222 100.911 95.4618 83.7788 107.134 82.6224 157.145 70.7464 68.9689 62.8796 239.162 323.481 304.509 256.19 192.595 163.093 193.846 217.849 174.618 149.789 140.603
threshold=1.5000000000000002 280.50500000000005 4.5000000000000009 24.791250000000002 25.431250000000002 25.201250000000005 296.50250000000005 208.84625000000003 170.00125000000003 160.04875000000004 251.01000000000002 148.42750000000004 177.10125000000008 268.00250000000005 4.5000000000000009 270.00125000000008 13.641250000000001 226.00500000000002 29.381250000000005 14.500000000000002 180.75750000000002 34.328750000000007 199.50125000000003 8.5000000000000018 11.500000000000002 12.500000000000002 262.99375000000003 298.00625000000008 119.10875000000001 259.01625000000007
decision_type=2 2 2 2 2 2 2 2 2 2 2 2 2 2 2 2 2 2 2 2 2 2 2 2 2 2 2 2 2 2
left_child=1 7 -3 -4 5 -5 -6 9 -9 11 14 -1 -11 -14 15 -10 -13 -16 -2 24 23 -22 -23 29 27 -26 28 -20 -27 -21
right_child=18 2 3 4 6 -7 -8 8 10 12 -12 16 13 -15 17 -17 -18 -19 19 20 21 22 -24 -25 25 26 -28 -29 -30 -31
leaf_value=-0.011762774842482534 0.0019086842042197174 -0.17778560586628461 0.091448550533365328 -0.027837418906745459 -0.039390867741728924 -0.21526058938886439 0.006585787156035929 0.16559746896049807 0.028337337591630575 -0.052987282654090279 -0.0093042486819832401 0.10198180824518205 -0.0019331074949567679 -0.12230493325740099 0.043616237507746319 0.17981187265366316 0.011909889377058711 0.002188357744281891 -0.0041044412650396381 0.0053700151643659155 -0.020103596410289692 -0.22385933185560686 -0.052798519885310757 0.13992431433871388 0.024265433656014652 0.13091191463172436 0.035002430010955286 -0.13405461864402662 -0.0065590037608959893 0.11928308746167299
leaf_weight=905 34791 21 27 21 263 21 181 28 119 217 842 23 244 20 118 20 418 676 4505 411 1975 33 65 32 1368 20 397 26 2145 29
leaf_count=905 34791 21 27 21 263 21 181 28 119 217 842 23 244 20 118 20 418 676 4505 411 1975 33 65 32 1368 20 397 26 2145 29
internal_value=0.000336497 -0.00549415 -0.0290959 -0.0230092 -0.029368 -0.121549 -0.0206481 -0.00202216 0.00576649 -0.00970849 0.00324521 -0.0024676 -0.0299709 -0.0110522 0.0145707 0.0501322 0.0166075 0.00834515 0.000866637 -0.00242737 -0.0158664 -0.0243723 -0.110401 0.0214912 0.00161498 0.00906877 0.000954387 -0.00485013 -0.00528906 0.0128779
internal_weight=49961 4164 534 513 486 42 444 3630 1803 1827 1775 1346 481 264 933 139 441 794 45797 11006 2545 2073 98 472 8461 3930 2562 4531 2165 440
internal_count=49961 4164 534 513 486 42 444 3630 1803 1827 1775 1346 481 264 933 139 441 794 45797 11006 2545 2073 98 472 8461 3930 2562 4531 2165 440
is_linear=0
shrinkage=0.05


Tree=273
num_leaves=31
num_cat=0
split_feature=8 6 8 1 1 8 7 1 6 7 6 8 5 7 6 6 8 6 8 6 7 7 6 6 6 8 7 8 6 5
split_gain=61.9678 99.8511 184.634 93.8578 171.421 204.935 276.072 222.253 292.344 272.728 289.174 284.425 204.571 219.475 184.293 306.052 281.668 183.117 206.018 170.504 192.194 200.805 281.247 269.141 176.47 156.506 145.656 127.606 123.919 116.75
threshold=320.50750000000005 279.24500000000006 269.50500000000005 7.5000000000000009 5.5000000000000009 175.00750000000002 288.67250000000007 4.5000000000000009 229.72250000000005 153.16250000000002 139.61625000000004 91.300000000000011 1.0000000180025095e-35 180.00500000000002 235.00375000000003 187.77250000000004 248.72125000000003 230.10500000000005 213.25125000000003 162.50375000000003 246.49375000000003 238.33125000000004 228.00500000000002 219.22125000000003 211.62250000000003 91.300000000000011 137.24500000000003 131.01750000000001 224.00250000000003 22.500000000000004
decision_type=2 2 2 2 2 2 2 2 2 2 2 2 2 2 2 2 2 2 2 2 2 2 2 2 2 2 2 2 2 2
left_child=1 2 3 4 5 6 7 19 9 -9 25 -12 -7 14 15 -14 -17 18 27 -1 21 22 23 24 26 -11 -21 -6 -13 -18
right_child=-2 -3 -4 -5 17 12 -8 8 -10 10 11 28 13 -15 -16 16 29 -19 -20 20 -22 -23 -24 -25 -26 -27 -28 -29 -30 -31
leaf_value=0.00099334659557631178 0.012314739209013078 -0.0068481283901268555 0.012678085158984404 0.0032156417851326221 0.084822756610810762 0.015887496889649737 0.12899069348840339 -0.19810850241354536 0.01430812040777054 -0.229066500658619 0.12006869117418927 -0.030020244658431589 0.026212076360780857 -0.0035988142742472587 0.065915999355521865 -0.0042665192135149105 -0.19041591873047528 -0.017756644033036589 0.0111403814234864 -0.063173045474028994 0.10026293283638854 -0.17004965863057547 0.12804795117939222 -0.15441000504685301 0.1230651284446535 -0.074831995064098586 -0.012975806209891503 -0.016069952236603957 -0.14924393679201603 -0.058341268979976039
leaf_weight=5434 1054 4724 3046 14167 32 3018 38 35 172 29 30 170 1227 6792 162 733 27 3075 1722 154 36 21 34 35 23 38 2346 1518 25 44
leaf_count=5434 1054 4724 3046 14167 32 3018 38 35 172 29 30 170 1227 6792 162 733 27 3075 1722 154 36 21 34 35 23 38 2346 1518 25 44
internal_value=0.000319672 6.11648e-05 0.000799899 -7.96243e-05 -0.00181059 0.000400829 -0.00548075 -0.00607617 -0.0384606 -0.0662166 -0.0504076 -0.0232555 0.0046247 0.000841609 0.0145942 0.0105005 -0.0134771 -0.00899603 -0.000762874 -0.00407693 -0.0144778 -0.0160586 -0.014811 -0.0167098 -0.0147996 -0.14159 -0.016068 -0.013987 -0.0453053 -0.108567
internal_weight=49961 48907 44183 41137 26970 20623 8620 8582 499 327 292 225 12003 8985 2193 2031 804 6347 3272 8083 2649 2613 2592 2558 2523 67 2500 1550 195 71
internal_count=49961 48907 44183 41137 26970 20623 8620 8582 499 327 292 225 12003 8985 2193 2031 804 6347 3272 8083 2649 2613 2592 2558 2523 67 2500 1550 195 71
is_linear=0
shrinkage=0.05


Tree=274
num_leaves=31
num_cat=0
split_feature=4 4 5 4 4 1 1 1 6 7 6 7 0 7 0 7 0 0 1 1 6 6 6 7 1 6 0 7 7 1
split_gain=57.5665 161.212 160.215 854.304 409.169 191.6 234.92 165.16 195.563 163.037 156.635 131.287 128.226 122.938 107.281 111.224 102.532 98.2781 104.424 96.0735 192.083 239.958 189.946 397.1 306.912 179.712 174.587 173.81 147.197 129.483
threshold=5.5000000000000009 7.5000000000000009 1.0000000180025095e-35 6.5000000000000009 6.5000000000000009 1.5000000000000002 2.5000000000000004 10.500000000000002 158.51500000000001 233.75750000000002 203.00250000000003 168.14250000000001 12.228750000000002 264.00250000000005 26.256250000000005 183.45000000000002 24.741250000000004 28.663750000000004 8.5000000000000018 6.5000000000000009 136.85625000000002 234.29375000000002 251.38125000000002 207.58875000000003 4.5000000000000009 255.14250000000001 25.661250000000006 245.00250000000003 153.16250000000002 4.5000000000000009
decision_type=2 2 2 2 2 2 2 2 2 2 2 2 2 2 2 2 2 2 2 2 2 2 2 2 2 2 2 2 2 2
left_child=13 2 3 10 5 12 -7 8 16 -5 -2 -8 -4 19 15 -10 -6 18 -13 20 28 29 26 -24 27 -26 -23 -25 -1 -22
right_child=1 -3 4 9 7 6 11 -9 14 -11 -12 17 -14 -15 -16 -17 -18 -19 -20 -21 21 22 23 24 25 -27 -28 -29 -30 -31
leaf_value=0.012295465908614972 -0.032691353429512682 0.00012812443728649534 0.080626351425113776 0.052347253485825446 -0.17053031671792271 0.10295053022752579 0.063263936428675699 -0.051798292304078744 -0.017024989512369592 -0.026710932188993924 -0.091669463057553885 0.0074563046124912491 -0.047362372317825849 -0.016520533561854327 -0.0024891563557996772 0.040922369385551348 -0.039806838650256395 0.075533262725876682 0.042594222729681726 0.0045901783032275848 -0.010426811316798333 0.072271000370567079 0.03931661856717858 -0.07795267883964159 0.10234619688529234 -0.035224498596661567 0.0043994881050099461 -0.27242598701268433 -0.028270193575844756 -0.031481526384754967
leaf_weight=1870 369 33347 24 426 20 133 283 150 108 77 162 595 106 1414 853 355 60 87 328 4668 2184 190 266 27 26 273 189 20 254 1097
leaf_count=1870 369 33347 24 426 20 133 283 150 108 77 162 595 106 1414 853 355 60 87 328 4668 2184 190 266 27 26 273 189 20 254 1097
internal_value=0.000303688 0.00128294 0.0105938 -0.00645104 0.0162754 0.0343763 0.0396739 -0.00194261 0.00341438 0.0402449 -0.0506847 0.0331651 -0.0237337 -0.00263791 0.00802849 0.0274055 -0.0724877 0.0247315 0.019943 -0.00086369 -0.00484409 -0.0109538 0.0106082 -0.00661815 -0.0419322 -0.0232618 0.0384248 -0.160707 0.00744439 -0.0174664
internal_weight=49961 37483 4136 1034 3102 1556 1426 1546 1396 503 531 1293 130 12478 1316 463 80 1010 923 11064 6396 4272 991 612 346 299 379 47 2124 3281
internal_count=49961 37483 4136 1034 3102 1556 1426 1546 1396 503 531 1293 130 12478 1316 463 80 1010 923 11064 6396 4272 991 612 346 299 379 47 2124 3281
is_linear=0
shrinkage=0.05


Tree=275
num_leaves=31
num_cat=0
split_feature=4 4 1 5 4 1 4 5 5 7 7 5 1 4 1 7 7 8 1 8 8 1 4 7 8 8 1 8 8 7
split_gain=101.201 152.976 360.398 416.244 595.753 367.698 919.784 1276.4 802.948 264.277 245.004 233.356 1596.59 447.784 445.448 401.108 420.469 307.248 303.71 244.9 210.833 203.374 561.359 286.13 233.607 190.546 176.683 192.578 172.47 171.806
threshold=18.500000000000004 16.500000000000004 9.5000000000000018 1.0000000180025095e-35 17.500000000000004 8.5000000000000018 17.500000000000004 1.0000000180025095e-35 1.0000000180025095e-35 245.00250000000003 252.48250000000004 1.0000000180025095e-35 4.5000000000000009 17.500000000000004 7.5000000000000009 204.17250000000004 249.75125000000003 204.75125000000003 5.5000000000000009 173.51125000000002 308.50625000000008 6.5000000000000009 17.500000000000004 297.66750000000008 227.57750000000001 243.66750000000002 1.5000000000000002 201.87750000000003 251.25125000000003 224.60625000000002
decision_type=2 2 2 2 2 2 2 2 2 2 2 2 2 2 2 2 2 2 2 2 2 2 2 2 2 2 2 2 2 2
left_child=1 -1 5 4 10 11 8 -8 25 -10 -4 12 17 -14 -15 -13 26 19 -18 -3 -9 22 -20 -23 -24 -7 27 -17 -12 -29
right_child=-2 2 3 -5 -6 6 7 20 9 -11 28 15 13 14 -16 16 18 -19 21 -21 -22 23 24 -25 -26 -27 -28 29 -30 -31
leaf_value=6.702658428392691e-05 -0.0044160214064281013 0.10386819809529127 0.056032087438392879 -0.045231188815154248 -0.050869714583016257 0.066854487833651638 0.20722852216121998 -0.16795475362685688 0.32279379049936935 0.15803709452350934 0.11067967886105179 0.066358290648057983 -0.13553543743210908 -0.070901967577484196 0.10888333738678031 -0.15299425938803901 -0.00050582691409820047 0.10218968290616484 -0.065382590555939188 -0.026448784904493913 -0.043065090594162428 0.070002526644277099 0.051919660378586169 -0.037613185248337691 0.24282518963692554 -0.13137787365940987 -0.00020467381850140681 -0.00455262956692137 0.31144203109585722 -0.1366597664790849
leaf_weight=35453 10377 51 51 520 88 22 47 57 30 129 20 374 201 147 45 38 301 204 29 123 83 271 22 80 59 27 947 137 23 30
leaf_count=35453 10377 51 51 520 88 22 47 57 30 129 20 374 201 147 45 38 301 204 29 123 83 271 22 80 59 27 947 137 23 30
internal_value=-2.06179e-05 0.00113092 0.0102065 -0.0224535 0.0426256 0.0168444 0.0622433 -0.018225 0.134587 0.189123 0.130153 0.0109822 -0.0128076 -0.0833727 -0.0287648 0.0189987 0.00974456 0.0605576 0.0385593 0.0117476 -0.093913 0.0640661 0.123389 0.0454747 0.190974 -0.0423756 -0.0093152 -0.0514014 0.218064 -0.0282845
internal_weight=49986 39609 4156 702 182 3454 395 187 208 159 94 3059 771 393 192 2288 1914 378 762 174 140 461 110 351 81 49 1152 205 43 167
internal_count=49986 39609 4156 702 182 3454 395 187 208 159 94 3059 771 393 192 2288 1914 378 762 174 140 461 110 351 81 49 1152 205 43 167
is_linear=0
shrinkage=0.05


Tree=276
num_leaves=31
num_cat=0
split_feature=7 6 6 6 0 0 1 0 7 1 7 7 6 0 6 1 7 7 0 0 1 0 0 6 7 6 6 0 1 0
split_gain=78.9204 299.96 247.646 130.473 228.339 267.672 142.267 282.367 361.216 110.767 92.622 210.515 398.841 264.525 256.617 162.975 199.709 104.413 85.0649 82.0934 78.2859 97.4804 76.6421 438.857 89.5887 71.7316 70.6596 141.286 134.784 88.527
threshold=273.00250000000005 204.75125000000003 165.52500000000003 301.52500000000003 27.311250000000005 30.453750000000003 5.5000000000000009 29.211250000000003 315.84125000000006 7.5000000000000009 306.35125000000011 294.50125000000008 331.00125000000008 28.176250000000003 316.50500000000005 7.5000000000000009 299.00500000000005 300.63125000000008 27.768750000000004 28.766250000000003 5.5000000000000009 25.431250000000002 28.091250000000006 336.22250000000003 326.00500000000005 331.00125000000008 237.75250000000003 27.476250000000004 4.5000000000000009 27.601250000000004
decision_type=2 2 2 2 2 2 2 2 2 2 2 2 2 2 2 2 2 2 2 2 2 2 2 2 2 2 2 2 2 2
left_child=-1 2 -2 26 20 6 7 19 -9 -4 11 12 14 15 -8 16 -13 -15 -16 -6 -5 -22 25 24 -24 -12 29 -28 -29 -3
right_child=1 3 9 4 5 -7 10 8 -10 -11 22 13 -14 17 18 -17 -18 -19 -20 -21 21 -23 23 -25 -26 -27 27 28 -30 -31
leaf_value=0.00075705607430476502 0.024545135439884867 0.025960141020603178 -0.037158928803069348 0.047918568647461753 -0.059362049407085005 0.12789074205435241 -0.041369900647060656 -0.064656377249750596 -0.3408651027083397 -0.092995599558686512 -0.0027952099788504155 -0.29876729582364742 -0.16201870084010267 0.035210786247625948 0.14760827209268298 -0.066931734438985591 -0.10084374095499515 -0.08885848766991071 0.044491301756518498 0.03511775684122357 -0.085427298194554177 0.0037772601975851697 -0.011008066433781608 0.15944397591236162 -0.12836638962849975 -0.061452756535219061 -0.0064076982374323055 -0.058311257930472496 0.021860916069005452 -0.0094563938350791486
leaf_weight=43360 102 594 186 96 89 26 95 29 20 170 130 26 37 43 28 40 25 28 70 31 32 713 87 41 20 87 2653 56 821 251
leaf_count=43360 102 594 186 96 89 26 95 29 20 170 130 26 37 43 28 40 25 28 70 31 32 713 87 41 20 87 2653 56 821 251
internal_value=-1.9587e-05 -0.00510188 -0.0441424 -0.00220295 -0.0135624 -0.030333 -0.0347756 -0.0762539 -0.177395 -0.0638225 -0.0255156 -0.0423921 -0.0116409 -0.0860512 0.017188 -0.142487 -0.201746 -0.0137179 0.0739533 -0.0349548 0.00542175 -5.4345e-05 -0.00739067 0.0203525 -0.0329442 -0.0263123 0.00245246 -0.000656442 0.0167416 0.01544
internal_weight=49986 6626 458 6168 1793 952 926 169 49 356 757 392 230 162 193 91 51 71 98 120 841 745 365 148 107 217 4375 3530 877 845
internal_count=49986 6626 458 6168 1793 952 926 169 49 356 757 392 230 162 193 91 51 71 98 120 841 745 365 148 107 217 4375 3530 877 845
is_linear=0
shrinkage=0.05


Tree=277
num_leaves=31
num_cat=0
split_feature=7 6 6 8 8 6 8 1 6 7 8 8 7 1 6 0 5 0 0 6 7 6 8 7 0 0 7 8 7 0
split_gain=71.2256 270.714 223.5 183.842 113.905 305.211 182.627 219.211 167.937 209.291 175.659 164.708 251.655 153.493 143.31 259.324 143.028 140.698 139.044 173.321 284.416 127.555 176.043 376.098 129.646 144.557 139.936 124.384 123.61 122.053
threshold=273.00250000000005 204.75125000000003 165.52500000000003 160.07250000000002 207.00125000000003 215.31125000000003 228.57250000000002 1.5000000000000002 189.75375000000003 252.48250000000004 91.300000000000011 168.50125000000003 195.77875000000003 11.500000000000002 227.00250000000003 27.683750000000003 1.0000000180025095e-35 30.026250000000001 28.461250000000003 155.98750000000004 161.47750000000005 159.30625000000003 129.50500000000002 178.75125000000003 25.781250000000004 27.011250000000008 204.75125000000003 106.59625000000001 156.68125000000003 28.818750000000005
decision_type=2 2 2 2 2 2 2 2 2 2 2 2 2 2 2 2 2 2 2 2 2 2 2 2 2 2 2 2 2 2
left_child=4 2 -2 -3 8 16 -7 -8 11 10 -10 13 18 21 -11 -16 -6 -14 19 20 -13 -1 23 28 -25 -26 -27 -12 -23 -17
right_child=1 3 -4 -5 5 6 7 -9 9 14 27 12 17 -15 15 29 -18 -19 -20 -21 -22 22 -24 24 25 26 -28 -29 -30 -31
leaf_value=-0.0015060372262828562 0.023317878972738983 0.090628721396315781 -0.060631382173071395 -0.0028964429557716965 0.027953251179278268 -0.0089842029938321279 -0.12183562689593862 0.0034822559277216392 0.1059632612450514 -0.0037666954231767693 -0.11138887071921942 0.098144320908097049 -0.0024235835401019098 0.013042066602186916 0.00894441810993136 0.19066803442256061 0.0089827179413390634 -0.043384794829594175 0.030417751573691601 0.005181346684457102 0.0026207934489783278 -0.015189905430203024 -0.019519634023948636 0.018498366633430127 0.22500354417671381 -0.017647520257603556 0.15743162220716478 -0.010985641240061473 -0.15549117710441351 0.073054186307864505
leaf_weight=5649 102 53 356 6115 1333 4245 35 11756 32 283 31 138 1568 1282 169 32 3902 242 1026 2778 179 73 2165 40 26 21 25 6239 20 71
leaf_count=5649 102 53 356 6115 1333 4245 35 11756 32 283 31 138 1568 1282 169 32 3902 242 1026 2778 179 73 2165 40 26 21 25 6239 20 71
internal_value=-1.86076e-05 -0.00484678 -0.0419353 -0.00209281 0.000719203 0.00333071 -9.13437e-05 0.00311027 -0.00179559 -0.00829339 -0.0108857 0.00112953 0.00764056 -0.00302238 0.0211421 0.0470582 0.0138132 -0.00790017 0.0144663 0.00917829 0.0442052 -0.00559061 -0.0153264 0.0289587 0.0906716 0.130768 0.0775042 -0.0114821 -0.0453622 0.109594
internal_weight=49986 6626 458 6168 43360 21271 16036 11791 22089 6857 6302 15232 5931 9301 555 272 5235 1810 4121 3095 317 8019 2370 205 112 72 46 6270 93 103
internal_count=49986 6626 458 6168 43360 21271 16036 11791 22089 6857 6302 15232 5931 9301 555 272 5235 1810 4121 3095 317 8019 2370 205 112 72 46 6270 93 103
is_linear=0
shrinkage=0.05


Tree=278
num_leaves=31
num_cat=0
split_feature=4 0 8 6 7 0 0 0 7 6 5 4 4 7 8 6 5 8 7 0 0 0 5 8 6 5 8 6 6 6
split_gain=86.5654 207.845 211.352 283.798 297.228 211.22 201.945 352.15 167.96 144.629 149.096 197.066 141.982 230.562 346.119 298.555 291.079 385.958 261.994 209.435 205.633 171.17 279.074 320.261 218.737 197.583 649.592 389.566 265.801 262.152
threshold=18.500000000000004 27.811250000000005 314.00375000000008 303.50250000000005 270.00125000000008 29.101250000000004 28.516250000000003 28.266250000000003 238.33125000000004 279.24500000000006 1.0000000180025095e-35 19.500000000000004 16.500000000000004 204.17250000000004 287.74000000000007 255.14250000000001 1.0000000180025095e-35 173.51125000000002 254.97125000000003 29.783750000000001 22.596250000000001 27.901250000000001 1.0000000180025095e-35 283.75500000000005 255.14250000000001 1.0000000180025095e-35 289.01125000000008 299.79875000000004 294.00250000000005 283.01000000000005
decision_type=2 2 2 2 2 2 2 2 2 2 2 2 2 2 2 2 2 2 2 2 2 2 2 2 2 2 2 2 2 2
left_child=12 -2 3 8 -5 6 7 -6 -3 10 11 -10 -1 14 15 16 17 -14 -15 -17 -18 22 24 -24 -20 26 -23 28 29 -27
right_child=1 2 -4 4 5 -7 -8 -9 9 -11 -12 -13 13 18 -16 19 20 -19 21 -21 -22 25 23 -25 -26 27 -28 -29 -30 -31
leaf_value=2.239317624114665e-05 -0.0015409110814177884 -0.060463427634367461 -0.0028518136855963166 0.012174383626908673 -0.087734801494516443 -0.272920750555667 -0.01565394689109997 -0.32159375279972502 0.22389707281475976 -0.045427604478805568 0.0031029496162843246 0.01416413632396143 0.1243919409190615 -0.0065048205382949977 0.24262013927102091 -0.11421904597017501 0.0064673423920484155 -0.042694708613691318 0.0036167652175829908 0.071868949915681574 0.096868398911819975 -0.10416378382895444 0.012430877293763201 -0.066221082362745487 0.1159233432708551 0.097449362705273823 0.15478834153877363 -0.0053720800989222805 0.23142142640105609 -0.01680071809969377
leaf_weight=35453 9191 158 598 49 60 22 42 22 21 86 104 24 45 2082 20 54 85 149 82 21 242 74 497 175 92 233 36 176 29 64
leaf_count=35453 9191 158 598 49 60 22 42 22 21 86 104 24 45 2082 20 54 85 149 82 21 242 74 497 175 92 233 36 176 29 64
internal_value=-1.76772e-05 -0.00408285 -0.0237818 -0.0450678 -0.0943812 -0.130143 -0.104811 -0.150477 -0.0205993 0.00620302 0.0360033 0.11204 0.00104734 0.00979072 0.0380224 0.0311567 0.0445835 -0.0039375 0.00487808 -0.0621144 0.0733697 0.0211327 0.00656144 -0.0080514 0.0629973 0.0412752 -0.0194158 0.0545741 0.0869377 0.0728298
internal_weight=49986 10377 1186 588 195 146 124 82 393 235 149 45 39609 4156 616 596 521 194 3540 75 327 1458 846 672 174 612 110 502 326 297
internal_count=49986 10377 1186 588 195 146 124 82 393 235 149 45 39609 4156 616 596 521 194 3540 75 327 1458 846 672 174 612 110 502 326 297
is_linear=0
shrinkage=0.05


Tree=279
num_leaves=31
num_cat=0
split_feature=7 6 6 8 8 1 8 6 8 1 6 7 8 8 7 1 5 0 7 6 6 0 0 8 7 7 6 6 8 8
split_gain=63.7116 246.186 201.167 164.999 104.533 113.149 103.996 274.365 163.666 197.109 152.962 188.052 158.756 148.69 226.718 138.774 131.244 129.4 151.807 242.014 129.337 233.268 127.201 118.156 118.061 116.784 222.036 166.073 432.747 163.65
threshold=273.00250000000005 204.75125000000003 165.52500000000003 160.07250000000002 191.81875000000002 9.5000000000000018 207.00125000000003 215.31125000000003 228.57250000000002 1.5000000000000002 189.75375000000003 252.48250000000004 91.300000000000011 168.50125000000003 195.77875000000003 11.500000000000002 1.0000000180025095e-35 30.721250000000001 153.16250000000002 155.98750000000004 227.00250000000003 27.683750000000003 30.026250000000001 115.01750000000001 147.35500000000002 153.16250000000002 165.52500000000003 129.34000000000006 91.300000000000011 112.25375000000001
decision_type=2 2 2 2 2 2 2 2 2 2 2 2 2 2 2 2 2 2 2 2 2 2 2 2 2 2 2 2 2 2
left_child=6 2 -2 -3 -4 -6 10 16 -9 -10 13 12 -12 15 17 25 -8 18 19 -15 -13 -22 -16 -17 -19 26 -1 28 -27 -29
right_child=1 3 4 -5 5 -7 7 8 9 -11 11 20 -14 14 22 23 -18 24 -20 -21 21 -23 -24 -25 -26 27 -28 29 -30 -31
leaf_value=0.0031238890066776995 0.021955510661891647 0.085884424854280828 -0.14106876013307448 -0.0027182774641799756 -0.036631779974919149 -0.12057928487341454 0.026660094371080825 -0.008486734586342479 -0.11551710180938245 0.0033154089209063071 0.10070434453664348 -0.0036845921663824113 -0.010947436768547397 0.09701478287096825 -0.0022872881301885415 -0.036902954671316913 0.0084878074808655835 -0.042688364251738505 0.006387431121441473 0.015974135322075044 0.0084506418217061719 0.10391037765420177 -0.041234279311000377 0.017073133140232236 0.044893045336300258 -0.26362499091774227 -0.043051991618147101 0.052857625774406607 -0.030229638833800698 -0.01030484777556959
leaf_weight=4097 102 53 34 6115 275 47 1333 4245 35 11756 32 283 6270 123 1568 111 3902 42 3130 367 169 103 242 1171 459 21 278 106 366 3151
leaf_count=4097 102 53 34 6115 275 47 1333 4245 35 11756 32 283 6270 123 1568 111 3902 42 3130 367 169 103 242 1171 459 21 278 106 366 3151
internal_value=-1.67934e-05 -0.00458319 -0.0399516 -0.00195694 -0.0576891 -0.048885 0.000681015 0.00317634 -6.81803e-05 0.00296267 -0.00172191 -0.00792325 -0.0103805 0.00106976 0.00725608 -0.0028751 0.0131151 0.0137348 0.0104387 0.036317 0.0199787 0.044599 -0.00749457 0.0123997 0.0375509 -0.00531709 0.000189742 -0.0119286 -0.0428945 -0.00824921
internal_weight=49986 6626 458 6168 356 322 43360 21271 16036 11791 22089 6857 6302 15232 5931 9301 5235 4121 3620 490 555 272 1810 1282 501 8019 4375 3644 387 3257
internal_count=49986 6626 458 6168 356 322 43360 21271 16036 11791 22089 6857 6302 15232 5931 9301 5235 4121 3620 490 555 272 1810 1282 501 8019 4375 3644 387 3257
is_linear=0
shrinkage=0.05


Tree=280
num_leaves=31
num_cat=0
split_feature=0 0 6 6 7 1 0 1 6 7 0 6 6 1 7 7 6 7 7 7 3 6 3 7 6 7 7 7 7 6
split_gain=86.5058 79.3763 276.613 222.376 125.932 67.3856 66.024 134.435 227.244 154.53 95.0479 204.204 194.829 148.334 107.066 193.496 132.692 85.7105 85.5098 132.555 145.756 152.25 84.6673 208.233 125.918 161.699 82.9268 80.4545 75.5969 112.795
threshold=35.927500000000002 34.052500000000002 204.75125000000003 231.26625000000004 155.75500000000002 5.5000000000000009 33.006250000000001 6.5000000000000009 207.00125000000003 191.49500000000003 32.001250000000006 229.01000000000002 215.31125000000003 5.5000000000000009 267.02250000000009 243.94750000000002 241.59250000000003 228.01625000000004 149.27375000000004 207.00125000000003 1.0000000180025095e-35 151.03250000000003 1.0000000180025095e-35 229.01000000000002 254.50750000000002 186.00125000000003 206.34625000000005 137.24500000000003 257.04625000000004 226.00500000000002
decision_type=2 2 2 2 2 2 2 2 2 2 2 2 2 2 2 2 2 2 2 2 2 2 2 2 2 2 2 2 2 2
left_child=1 6 -3 -4 -5 -6 10 28 -9 -10 -1 12 18 17 15 22 -17 -14 27 -20 21 -21 -13 24 25 -24 -15 -12 -8 -30
right_child=-2 2 3 4 5 -7 7 8 9 -11 11 14 13 26 -16 16 -18 -19 19 20 -22 -23 23 -25 -26 -27 -28 -29 29 -31
leaf_value=0.00057470810099315031 0.034978782476118492 0.019272167680764424 -0.085850523570666054 -0.12212667407897802 -0.021175395811019373 0.028917676927828859 0.0055666385445286432 0.18769882252284636 0.13347675615260679 0.015563352635402213 -0.017978854471584784 -0.0031589181569201506 -0.034403252175876073 0.13578383927543958 0.029451435936410749 -0.16026677822731938 -0.056302377730349289 0.073497635240738213 0.02390118232143559 -0.080840809151530274 -0.10215140978734082 0.022161842339239488 -0.15012762807309629 -0.16518353068968283 0.031771430514975267 -0.019822090024614249 0.051842958778142934 -0.12345904809390676 -0.12095333541433016 0.02133228614783058
leaf_weight=46263 179 361 164 26 256 91 674 24 31 268 48 348 63 45 73 37 180 26 254 50 52 127 32 30 67 93 85 29 30 26
leaf_count=46263 179 361 164 26 256 91 674 24 31 268 48 348 63 45 73 37 180 26 254 50 52 127 32 30 67 93 85 29 30 26
internal_value=0.000282103 0.000157523 -0.0145734 -0.0373262 -0.0159911 -0.0080386 0.000427738 0.0128124 0.0396704 0.0277885 0.000155493 -0.0116774 0.00686611 0.0468514 -0.0284744 -0.0338475 -0.074029 -0.00288164 -0.00877099 -0.000969895 -0.0285562 -0.00693495 -0.0185503 -0.0426773 -0.0235357 -0.0531803 0.0808994 -0.0577052 0.000928704 -0.0548922
internal_weight=50032 49853 898 537 373 347 48955 1053 323 299 47902 1639 779 219 860 787 217 89 560 483 229 177 570 222 192 125 130 77 730 56
internal_count=50032 49853 898 537 373 347 48955 1053 323 299 47902 1639 779 219 860 787 217 89 560 483 229 177 570 222 192 125 130 77 730 56
is_linear=0
shrinkage=0.05


Tree=281
num_leaves=31
num_cat=0
split_feature=0 0 6 6 8 8 8 7 7 7 7 8 7 7 6 0 0 0 0 0 6 7 7 6 3 0 0 7 6 7
split_gain=78.0715 71.6371 249.877 212.41 145.927 123.911 104.617 77.75 164.344 96.8269 63.0766 61.8842 153.927 160.688 358.986 123.714 408.245 354.256 392.155 288.44 139.351 111.036 181.456 102.402 89.0906 161.059 446.712 105.513 75.9155 185.81
threshold=35.927500000000002 34.052500000000002 205.31625000000003 225.00500000000002 215.39125000000004 264.75125000000008 175.00750000000002 197.00875000000005 188.75125000000003 155.75500000000002 171.75375000000003 115.01750000000001 280.75250000000005 242.65375000000003 232.66250000000002 26.021250000000006 25.536249999999999 24.931250000000002 23.401250000000001 27.051250000000003 159.30625000000003 200.07250000000002 141.33875000000003 200.67750000000004 1.0000000180025095e-35 17.476250000000004 21.106250000000006 140.00250000000003 135.30875000000003 154.00125000000003
decision_type=2 2 2 2 2 2 2 2 2 2 2 2 2 2 2 2 2 2 2 2 2 2 2 2 2 2 2 2 2 2
left_child=1 11 6 4 -4 7 -3 8 9 -5 -2 12 13 14 15 16 17 18 24 20 -17 22 -21 -15 -1 -26 27 -27 29 -13
right_child=10 2 3 5 -6 -7 -8 -9 -10 -11 -12 28 -14 23 -16 19 -18 -19 -20 21 -22 -23 -24 -25 25 26 -28 -29 -30 -31
leaf_value=-0.0032760738069761196 0.089465166938801619 -0.012850959400813551 -0.21475990767413308 -0.12108085048384964 -0.069115175800888162 0.01244803539388839 0.041315177544646975 -0.021186857438019291 -0.20220870659464885 0.0053715402760156775 0.017564289152090039 0.016963370489637867 0.11396643605245196 -0.044884959865232998 0.16099995749777762 0.041618115783614275 -0.18975839733674721 0.16977138326813779 -0.23836016012799172 0.0036825496082504594 0.19712230211496354 0.025839719980170851 -0.19757227784111386 -0.19194932263344527 0.0017324827990627717 -0.28716438263654709 0.066093320725000612 -0.13013603175463884 0.00013839319139207772 -0.01104270536393291
leaf_weight=327 39 156 21 24 95 179 208 153 21 41 140 1980 23 29 29 34 37 24 21 24 25 38 21 20 70 20 24 23 45341 845
leaf_count=327 39 156 21 24 95 179 208 153 21 41 140 1980 23 29 29 34 37 24 21 24 25 38 21 20 70 20 24 23 45341 845
internal_value=0.000267998 0.000149647 -0.0138447 -0.0356206 -0.0954819 -0.0190083 0.0181011 -0.0425677 -0.0806057 -0.0413186 0.0332298 0.000406351 -0.0134834 -0.0173102 -0.0113235 -0.0185871 -0.0293998 -0.0177431 -0.0270221 0.0229884 0.10751 -0.0370931 -0.0902364 -0.104911 -0.0174573 -0.0513059 -0.106719 -0.203172 0.000633876 0.00858633
internal_weight=50032 49853 898 534 116 418 364 239 86 65 179 48955 789 766 717 688 546 509 485 142 59 83 45 49 464 137 67 43 48166 2825
internal_count=50032 49853 898 534 116 418 364 239 86 65 179 48955 789 766 717 688 546 509 485 142 59 83 45 49 464 137 67 43 48166 2825
is_linear=0
shrinkage=0.05


Tree=282
num_leaves=31
num_cat=0
split_feature=8 6 1 7 8 1 6 7 1 7 8 3 7 5 8 6 7 6 7 7 8 6 1 8 8 6 6 1 6 6
split_gain=50.2366 152.764 156.236 129.557 226.982 212.782 246.026 201.059 185.621 155.438 124.887 120.389 269.805 110.04 102.667 96.9952 94.9261 74.6625 169.032 382.387 387.97 225.722 135.196 144.803 139.049 330.757 121.609 151.592 113.719 166.221
threshold=286.42250000000007 303.50250000000005 7.5000000000000009 198.95125000000002 326.11500000000007 6.5000000000000009 238.30750000000003 263.00375000000003 3.5000000000000004 212.04750000000004 287.74000000000007 1.0000000180025095e-35 179.37250000000003 22.500000000000004 314.00375000000008 310.96250000000003 283.25750000000005 276.00750000000005 245.00250000000003 209.95875000000004 198.29875000000001 321.28250000000008 7.5000000000000009 261.00125000000008 241.84250000000003 314.35750000000002 323.90625000000006 4.5000000000000009 299.79875000000004 307.08500000000004
decision_type=2 2 2 2 2 2 2 2 2 2 2 2 2 2 2 2 2 2 2 2 2 2 2 2 2 2 2 2 2 2
left_child=17 2 3 5 8 11 -7 -6 13 14 -3 -2 -13 -5 -10 16 -12 -1 19 21 -21 -19 23 24 25 -20 27 -22 -29 -30
right_child=1 10 -4 4 7 6 -8 -9 9 -11 15 12 -14 -15 -16 -17 -18 18 22 20 26 -23 -24 -25 -26 -27 -28 28 29 -31
leaf_value=0.00024681132090075968 0.043612856270685313 -0.11886860225349666 -0.0023756828542566594 0.0075350417755544186 0.21316856587926547 -0.025389826057168347 -0.23411719692870975 0.043690653653105815 0.15185436544939879 0.02306411012497607 -0.00015327515065113539 -0.17806415358050304 0.062019655346870421 -0.13960877198863914 0.017380023341287267 0.0025864779782418992 -0.043476160641066394 0.0037736252463532807 0.034668049679055589 -0.22882547162730119 -0.15203085018491203 0.1495875227104487 -0.014618620480873394 -0.005454399753816422 0.059833794866095892 -0.12513304163701833 0.034854749434938034 -0.028472856445071415 -0.17642562180757523 -0.040134170672465719
leaf_weight=42711 124 24 1051 24 30 48 20 42 40 1273 241 22 25 27 22 1423 266 313 170 29 33 29 770 479 242 40 48 369 35 62
leaf_count=42711 124 24 1051 24 30 48 20 42 40 1273 241 22 25 27 22 1423 266 313 170 29 33 29 770 479 242 40 48 369 35 62
internal_value=0.000254598 0.00517395 0.0127736 0.0221559 0.0277494 -0.0119664 -0.0867802 0.114306 0.0232529 0.0268293 -0.00551376 0.0177841 -0.05036 -0.0703646 0.104138 -0.00410417 -0.0228828 -0.000255677 -0.00845033 -0.0257412 -0.050607 0.016138 0.000881264 0.0137007 0.0340001 0.00422975 -0.0411585 -0.0484704 -0.0411367 -0.0893115
internal_weight=50032 4702 2748 1697 1458 239 68 72 1386 1335 1954 171 47 51 62 1930 507 45330 2619 918 576 342 1701 931 452 210 547 499 466 97
internal_count=50032 4702 2748 1697 1458 239 68 72 1386 1335 1954 171 47 51 62 1930 507 45330 2619 918 576 342 1701 931 452 210 547 499 466 97
is_linear=0
shrinkage=0.05


Tree=283
num_leaves=31
num_cat=0
split_feature=8 1 6 8 7 6 3 1 8 7 6 6 6 7 1 1 6 7 7 8 1 6 7 8 8 6 1 6 8 8
split_gain=48.8827 159.965 104.782 95.6676 227.315 241.179 101.37 268.725 145.604 140.293 92.3533 221.508 99.3853 138.672 122.115 95.6715 83.8896 114.792 152.919 78.8206 78.0594 153.365 123.862 77.0432 74.8039 68.8679 102.446 95.8384 125.73 85.6315
threshold=250.68625000000003 10.500000000000002 301.52500000000003 308.50625000000008 190.00125000000003 238.30750000000003 1.0000000180025095e-35 5.5000000000000009 323.40875000000005 200.07250000000002 326.76375000000002 336.22250000000003 277.04750000000007 311.94125000000008 7.5000000000000009 7.5000000000000009 189.00125000000003 195.12250000000003 182.75250000000003 225.50500000000002 3.5000000000000004 221.58750000000003 275.05375000000009 200.68375000000003 214.97125000000005 310.96250000000003 6.5000000000000009 307.08500000000004 293.59125000000006 285.00500000000005
decision_type=2 2 2 2 2 2 2 2 2 2 2 2 2 2 2 2 2 2 2 2 2 2 2 2 2 2 2 2 2 2
left_child=10 2 3 16 5 -5 9 8 -8 -6 12 24 -1 15 -15 -14 17 18 -2 -17 21 -18 -23 -13 -12 26 -4 28 -28 -29
right_child=1 -3 25 4 6 -7 7 -9 -10 -11 11 23 13 14 -16 19 20 -19 -20 -21 -22 22 -24 -25 -26 -27 27 29 -30 -31
leaf_value=-0.00039344453493252911 0.038452563467233081 -0.067456195051781839 0.0072664604146506044 0.0067734251730144027 -0.09857479097942512 -0.19027015063911679 0.081592213114102696 0.0336960496731517 0.26778446851032123 0.026151857883165597 0.070461708307266238 -0.099459233805537228 -0.011260010231011633 0.14352202077861875 -0.021577580423936957 -0.085653880379222183 -0.14527677792407898 0.011241552556226126 0.20128836237958503 -0.026460937057688302 0.0046025771561554567 -0.0014162362360491836 -0.12495407733050259 0.030016779692636598 0.20267871923744682 0.00010995738099919292 -0.094469234480988235 0.071868733731248691 -0.026506362324460311 -0.017788738016132757
leaf_weight=37103 46 80 272 44 24 24 21 173 21 372 23 20 481 24 21 94 23 156 21 140 8321 261 22 27 20 1665 100 31 213 189
leaf_count=37103 46 80 272 44 24 24 21 173 21 372 23 20 481 24 21 94 23 156 21 140 8321 261 22 27 20 1665 100 31 213 189
internal_value=0.000241868 0.0030122 0.00348202 0.00586086 0.0239478 -0.0627714 0.0335991 0.0612387 0.174688 0.0185927 -0.000639822 0.0499496 -0.000760073 -0.0186588 0.0664755 -0.0240169 0.00447318 0.0347514 0.0894906 -0.0502393 0.00369051 -0.0211111 -0.0110199 -0.0250794 0.131958 -0.00569529 -0.0177024 -0.0304445 -0.0482197 -0.00515519
internal_weight=50032 12079 11999 9529 679 68 611 215 42 396 37953 90 37863 760 45 715 8850 223 67 234 8627 306 283 47 43 2470 805 533 313 220
internal_count=50032 12079 11999 9529 679 68 611 215 42 396 37953 90 37863 760 45 715 8850 223 67 234 8627 306 283 47 43 2470 805 533 313 220
is_linear=0
shrinkage=0.05


Tree=284
num_leaves=31
num_cat=0
split_feature=0 0 4 8 1 0 4 8 0 4 0 0 8 8 0 5 1 8 0 8 1 1 8 8 5 1 8 8 1 0
split_gain=68.7006 65.7446 148.694 96.7489 95.8282 115.248 58.7496 84.1105 94.6834 210.195 325.647 105.218 104.348 96.6652 149.028 138.947 105.32 92.6886 88.4191 84.0414 263.672 72.9371 230.116 138.979 128.809 69.9705 62.9605 57.3438 96.8642 190.326
threshold=35.927500000000002 34.052500000000002 14.500000000000002 280.00750000000005 4.5000000000000009 34.612500000000004 20.500000000000004 143.50250000000003 25.536249999999999 22.500000000000004 23.291250000000002 16.712500000000002 158.51500000000001 162.50375000000003 14.584999999999999 1.0000000180025095e-35 1.5000000000000002 290.55875000000009 27.236250000000002 203.00250000000003 4.5000000000000009 11.500000000000002 168.50125000000003 176.47750000000005 22.500000000000004 1.5000000000000002 267.50750000000005 122.17000000000002 5.5000000000000009 21.106250000000006
decision_type=2 2 2 2 2 2 2 2 2 2 2 2 2 2 2 2 2 2 2 2 2 2 2 2 2 2 2 2 2 2
left_child=1 6 -3 4 -4 -6 27 -8 9 10 12 13 -9 15 -15 -11 -16 -10 -19 20 -12 23 24 -14 -23 -25 -21 28 -1 -30
right_child=-2 2 3 -5 5 -7 7 8 17 11 19 -13 21 14 16 -17 -18 18 -20 26 -22 22 -24 25 -26 -27 -28 -29 29 -31
leaf_value=-0.016184943063807591 0.031150198615983379 -0.004433050553394568 -0.041889669925120533 -0.0012603616280025467 -0.056454353344937175 -0.21684470530599356 -0.036229993139553551 -0.066727117428440702 -0.018917501076723887 -0.054471199953837736 0.0047391930595040328 0.012165530725904391 -0.054184655740767002 -0.020395882877831659 0.19323882991748473 0.053240570299713331 0.072338919486677242 0.0087937071033477796 -0.016726470363647047 0.0037107568994381845 0.18382050469517708 0.018941250511516745 -0.026763056735466192 0.010705122691128523 0.1734930433066828 -0.020785227805374531 0.037462697395687486 0.0013809408747456479 -0.0053554795574807645 0.077375887453937059
leaf_weight=1113 179 755 51 47 21 24 198 113 1401 41 61 833 248 24 31 111 43 897 546 452 31 26 111 248 28 611 199 41170 331 88
leaf_count=1113 179 755 51 47 21 24 198 113 1401 41 61 833 248 24 31 111 43 897 546 452 31 26 111 248 28 611 199 41170 331 88
internal_value=0.000229775 0.000118753 -0.0132877 -0.0600379 -0.0888145 -0.141996 0.000364673 -0.00416173 -0.00311309 0.0027712 -0.00635499 0.0207034 -0.0206811 0.0491514 0.0878722 0.0241867 0.122986 -0.00975672 -0.000862576 0.0203498 0.0650818 -0.0165905 0.0144217 -0.0212129 0.0990792 -0.0116937 0.0140282 0.00102749 -0.00847091 0.0120201
internal_weight=50032 49853 898 143 96 45 48955 6253 6055 3211 2128 1083 1385 250 98 152 74 2844 1443 743 92 1272 165 1107 54 859 651 42702 1532 419
internal_count=50032 49853 898 143 96 45 48955 6253 6055 3211 2128 1083 1385 250 98 152 74 2844 1443 743 92 1272 165 1107 54 859 651 42702 1532 419
is_linear=0
shrinkage=0.05


Tree=285
num_leaves=31
num_cat=0
split_feature=8 5 5 8 1 7 5 0 8 3 7 7 1 1 7 0 8 7 7 8 0 8 7 0 1 7 0 0 8 8
split_gain=67.5188 119.838 128.437 137.477 196.921 181.708 117.965 293.507 160.891 143.58 117.886 116.307 112.832 108.919 92.5101 90.8639 311.675 102.129 104.877 84.7154 83.7456 409.338 83.5482 186 112.463 280.302 89.5373 81.3669 81.1946 79.5103
threshold=203.74375000000003 1.0000000180025095e-35 22.500000000000004 183.00125000000003 2.5000000000000004 209.95875000000004 1.0000000180025095e-35 26.188750000000002 222.00250000000003 1.0000000180025095e-35 270.00125000000008 296.00125000000008 5.5000000000000009 11.500000000000002 149.27375000000004 21.418750000000006 177.10750000000004 173.08125000000004 302.51500000000004 216.97375000000002 22.721250000000001 249.44250000000002 300.63125000000008 26.831250000000004 6.5000000000000009 297.66750000000008 27.728750000000005 27.811250000000005 214.97125000000005 262.00375000000003
decision_type=2 2 2 2 2 2 2 2 2 2 2 2 2 2 2 2 2 2 2 2 2 2 2 2 2 2 2 2 2 2
left_child=1 15 3 5 -5 -3 7 12 10 14 19 20 29 -6 27 16 -1 -17 -19 -9 21 -8 23 -13 25 -25 -26 -10 -24 -2
right_child=6 2 -4 4 13 -7 11 8 9 -11 -12 22 -14 -15 -16 17 -18 18 -20 -21 -22 -23 28 24 26 -27 -28 -29 -30 -31
leaf_value=-0.010526842090822405 0.027603381526118877 0.0070882060775929222 -0.0032369976245545059 -0.039447289199885091 0.007078414817084832 0.038836459243891855 -0.0068861017152774002 -0.0040620179347162647 0.13424098224125125 0.020304951099371318 -0.10424324381165206 0.0010005104235044462 0.011901235898903316 -0.051182227395474914 -0.0036211967237942686 -0.0020581631977215527 0.038643586732479029 -0.021415707071213194 0.083693250734359029 -0.037971245503690125 0.0019691959063898473 -0.22899742152187086 0.079411076530124303 -0.24815903709968554 -0.092947232197312754 -0.027136938853072935 -0.0068427140144882983 0.018119960155551475 -0.0078998317180328532 0.068323404334512533
leaf_weight=1520 913 3184 10641 344 1194 525 1698 511 22 969 40 201 1615 86 2642 1204 409 2128 24 288 17388 21 27 26 51 32 74 48 1930 138
leaf_count=1520 913 3184 10641 344 1194 525 1698 511 22 969 40 201 1615 86 2642 1204 409 2128 24 288 17388 21 27 26 51 32 74 48 1930 138
internal_value=-8.76476e-05 -0.00222232 -6.30283e-05 0.00627003 -0.00586201 0.0115821 0.00149722 0.00704164 -0.000718979 0.00378467 -0.0204781 -0.000360399 0.0201992 0.00316403 -0.00211805 -0.00874883 -0.000101386 -0.0137193 -0.0202435 -0.0162846 0.000928394 -0.0095995 -0.0108794 -0.0322033 -0.0686732 -0.126216 -0.0419734 0.0546151 -0.00669524 0.0329501
internal_weight=49893 21259 15974 5333 1624 3709 28634 7186 4520 3681 839 21448 2666 1280 2712 5285 1929 3356 2152 799 19107 1719 2341 384 183 58 125 70 1957 1051
internal_count=49893 21259 15974 5333 1624 3709 28634 7186 4520 3681 839 21448 2666 1280 2712 5285 1929 3356 2152 799 19107 1719 2341 384 183 58 125 70 1957 1051
is_linear=0
shrinkage=0.05


Tree=286
num_leaves=31
num_cat=0
split_feature=7 6 7 7 0 6 7 7 0 0 0 0 6 6 6 0 6 6 1 0 0 1 1 7 6 0 6 6 7 0
split_gain=61.9574 56.5108 194.385 196.567 135.869 58.3304 92.9069 77.3405 56.1665 121.929 83.5377 94.4429 78.2273 55.0239 58.8466 55.4477 54.9288 54.9141 75.2711 70.2715 216.408 90.0938 49.5804 85.8592 376.11 109.491 186.286 242.155 110.104 73.989
threshold=114.79875000000003 126.45750000000001 280.75250000000005 151.25375000000003 18.391250000000003 106.59625000000001 142.61500000000004 147.35500000000002 29.666250000000002 27.271250000000006 32.101250000000007 31.533750000000001 179.80250000000004 260.5437500000001 153.01000000000002 25.871250000000003 123.72000000000001 112.25375000000001 7.5000000000000009 26.221250000000001 25.693750000000005 7.5000000000000009 9.5000000000000018 267.02250000000009 197.75250000000003 27.683750000000003 298.49000000000007 245.00250000000003 310.00750000000005 25.781250000000004
decision_type=2 2 2 2 2 2 2 2 2 2 2 2 2 2 2 2 2 2 2 2 2 2 2 2 2 2 2 2 2 2
left_child=8 2 3 4 -2 -6 -7 -8 9 13 11 -10 -11 14 16 -16 -1 18 -5 20 -19 -21 -3 -24 29 28 27 -27 -26 -25
right_child=1 22 -4 17 5 6 7 -9 10 12 -12 -13 -14 -15 15 -17 -18 19 -20 21 -22 -23 23 24 25 26 -28 -29 -30 -31
leaf_value=-0.024657012815294151 0.0080141940652286615 -0.00093639109384725545 0.13276431825492652 -0.010820833769227779 -0.00030671724375208907 0.038050720126292382 0.15879437984789121 0.052911757965173049 -0.040156806707382205 0.13737517951854639 0.0099913452978472456 -0.17109912627687057 0.017128349176460975 0.053452361893973177 -0.0702562270037244 0.0006168993539176882 0.0089727607489479676 -0.031025494736936561 0.062503844002882641 0.012813139580009479 -0.20054086659635817 -0.084385427874352395 0.005279659861031215 -0.068864969743063317 -0.015459194377086365 0.021827668797126727 -0.07794648690149189 0.23027136660265654 0.03194838374878136 -0.16885751260293497
leaf_weight=286 925 39066 31 210 58 206 34 35 40 21 37 21 38 28 89 40 211 182 42 134 21 29 7118 37 688 38 20 22 149 37
leaf_count=286 925 39066 31 210 58 206 34 35 40 21 37 21 38 28 89 40 211 182 42 134 21 29 7118 37 688 38 20 22 149 37
internal_value=-8.32652e-05 0.000143223 0.00858153 0.00652947 0.0178734 0.04526 0.0548704 0.105086 -0.0137904 -0.00891214 -0.0492824 -0.0852353 0.0599281 -0.0151225 -0.0181897 -0.0482801 -0.0103796 -0.0165622 0.00139995 -0.0289295 -0.0485616 -0.00447986 -0.000197886 0.00335994 -0.0104287 -0.00167843 0.0542061 0.098257 -0.00701985 -0.118861
internal_weight=49893 49082 1907 1876 1258 333 275 69 811 713 98 61 59 654 626 129 497 618 252 366 203 163 47175 8109 991 917 80 60 837 74
internal_count=49893 49082 1907 1876 1258 333 275 69 811 713 98 61 59 654 626 129 497 618 252 366 203 163 47175 8109 991 917 80 60 837 74
is_linear=0
shrinkage=0.05


Tree=287
num_leaves=31
num_cat=0
split_feature=8 7 7 4 7 1 6 7 8 8 7 7 7 6 8 4 6 8 5 6 7 8 4 6 8 7 1 6 4 4
split_gain=64.6366 223.046 163.113 184.071 417.61 193.026 121.065 203.182 99.225 84.9337 83.7501 240.98 207.964 100.31 278.91 531.781 347.334 223.751 81.9214 103.017 75.5739 114.541 237.466 80.3604 165.416 111.898 99.0841 115.007 77.6857 77.2479
threshold=134.14500000000001 288.67250000000007 261.00125000000008 3.5000000000000004 225.00500000000002 5.5000000000000009 140.96750000000003 154.99000000000004 162.50375000000003 131.01750000000001 223.00250000000003 239.00125000000003 212.72125000000003 126.45750000000001 91.300000000000011 7.5000000000000009 170.75250000000003 106.59625000000001 37.500000000000007 227.58500000000004 135.99500000000003 268.57000000000005 3.5000000000000004 151.03250000000003 194.32625000000004 127.04875000000001 4.5000000000000009 204.17250000000004 8.5000000000000018 10.500000000000002
decision_type=2 2 2 2 2 2 2 2 2 2 2 2 2 2 2 2 2 2 2 2 2 2 2 2 2 2 2 2 2 2
left_child=1 2 3 4 -1 10 7 8 -2 -7 12 -12 13 17 15 16 -15 -5 19 -16 21 23 -23 25 -25 28 27 -26 -8 -28
right_child=6 -3 -4 5 -6 9 20 -9 -10 -11 11 -13 -14 14 18 -17 -18 -19 -20 -21 -22 22 -24 24 26 -27 29 -29 -30 -31
leaf_value=-0.015586438783922111 0.023000912662163302 0.15171620127829641 -0.11862239612717972 0.13322608392131893 -0.20099440947355285 0.048813722312928243 0.015287684222010251 -0.0040296858122878081 0.074002811161226756 -0.025789339163086636 0.10464306305130494 -0.060043747091872823 -0.1397045996939314 -0.3262004437269988 0.00032407240587417618 0.06076820020874342 -0.055073504291829611 0.0042041075393325989 -0.036019575704704036 0.11331511572712945 0.0002127875004673648 0.19317597825080157 -0.047558500466956977 -0.043152438402956107 0.12953249347706638 -0.029960605159133125 0.013567336566445088 -0.023029512947513944 0.10700775209026268 -0.038172734313915803
leaf_weight=1496 877 22 33 37 31 287 206 932 107 44 58 36 29 27 512 30 21 366 160 21 43527 20 21 473 30 149 167 21 26 127
leaf_count=1496 877 22 33 37 31 287 206 932 107 44 58 36 29 27 512 30 21 366 160 21 43527 20 21 473 30 149 167 21 26 127
internal_value=-7.9102e-05 -0.00694214 -0.00803702 -0.00688034 -0.0193505 0.00481613 0.000392812 0.0127006 0.0285469 0.0388967 -0.00388137 0.0415715 -0.00743297 -0.00416561 -0.0147322 -0.104371 -0.207582 0.0160498 -0.00464299 0.00477588 -0.000133956 -0.0123055 0.069873 -0.0151156 -0.0239498 0.00385127 0.00237728 0.0667128 0.0255667 -0.00878297
internal_weight=49893 3210 3188 3155 1527 1628 46683 1916 984 331 1297 94 1203 1174 771 78 48 403 693 533 44767 1240 41 1199 818 381 345 51 232 294
internal_count=49893 3210 3188 3155 1527 1628 46683 1916 984 331 1297 94 1203 1174 771 78 48 403 693 533 44767 1240 41 1199 818 381 345 51 232 294
is_linear=0
shrinkage=0.05


Tree=288
num_leaves=31
num_cat=0
split_feature=8 6 8 1 8 6 8 6 1 8 1 6 1 5 6 8 6 1 6 0 0 0 5 0 0 1 6 8 0 6
split_gain=61.0533 223.726 132.633 145.61 525.72 123.735 138.476 134.09 339.695 282.475 242.668 262.32 182.3 152.965 133.661 124.284 162.771 153.68 411.161 174.473 204.067 275.989 124.411 123.015 169.407 115.438 429.21 281.553 367.233 184.296
threshold=203.74375000000003 214.85750000000004 223.54125000000002 1.5000000000000002 230.11125000000004 189.00125000000003 162.50375000000003 229.01000000000002 4.5000000000000009 161.00500000000002 7.5000000000000009 218.75125000000003 5.5000000000000009 1.0000000180025095e-35 228.57250000000002 155.99500000000003 240.25625000000002 5.5000000000000009 258.26500000000004 30.396250000000006 26.976250000000004 25.693750000000005 37.500000000000007 25.903750000000006 29.723749999999999 7.5000000000000009 214.85750000000004 183.00125000000003 28.091250000000006 207.58375000000004
decision_type=2 2 2 2 2 2 2 2 2 2 2 2 2 2 2 2 2 2 2 2 2 2 2 2 2 2 2 2 2 2
left_child=5 -2 -3 4 -4 6 -1 9 13 10 11 -7 -13 -9 25 16 -10 18 22 20 21 -20 -17 -19 -25 29 -27 28 -28 -11
right_child=1 2 3 -5 -6 7 -8 8 15 14 -12 12 -14 -15 -16 17 -18 23 19 -21 -22 -23 -24 24 -26 26 27 -29 -30 -31
leaf_value=-0.0041679688131520971 0.0095738471156828348 -0.0096551321440653953 -0.00066651591914705936 0.0010879778908297435 -0.28176170440302012 0.021268858801113903 0.0054922029535970536 -0.0044260251541006369 -0.10886895265119773 -0.012924558798918493 0.074691834325233519 -0.14672607150342729 0.010847331649593769 0.090428780324413982 -0.14521215651184322 0.1021569308935554 -0.012543272370461123 -0.043339184185308292 0.030510975010693078 -0.13723370005046168 0.10888645152250927 -0.14470912613170714 0.011844728973049385 0.019589251191536716 -0.04398070256898387 -0.018181385361362126 0.042375177411466014 0.024509851216695456 0.29182573890686037 -0.040391309963446531
leaf_weight=7861 6517 3665 80 18351 21 308 7025 59 60 1951 156 45 31 152 20 143 163 205 55 31 30 38 52 385 144 1151 36 244 25 889
leaf_count=7861 6517 3665 80 18351 21 308 7025 59 60 1951 156 45 31 152 20 143 163 205 55 31 30 38 52 385 144 1151 36 244 25 889
internal_value=-7.51469e-05 0.00143193 -0.00096717 0.000758463 -0.0591121 -0.00210505 0.000390859 -0.00793496 0.00504109 -0.0119886 0.0221043 0.000740632 -0.0824527 0.0639054 -0.0162542 -0.00446915 -0.0384605 0.00252999 0.0298449 -0.031224 -0.00450609 -0.0410843 0.0780737 -0.0104576 0.00228476 -0.0156538 -0.00420688 0.0485297 0.144609 -0.0215224
internal_weight=49893 28634 22117 18452 101 21259 14886 6373 1517 4856 540 384 76 211 4316 1306 223 1083 349 154 123 93 195 734 529 4296 1456 305 61 2840
internal_count=49893 28634 22117 18452 101 21259 14886 6373 1517 4856 540 384 76 211 4316 1306 223 1083 349 154 123 93 195 734 529 4296 1456 305 61 2840
is_linear=0
shrinkage=0.05


Tree=289
num_leaves=31
num_cat=0
split_feature=4 8 6 0 7 4 8 5 5 0 4 8 4 6 6 6 7 8 6 0 0 0 0 8 7 6 8 8 8 6
split_gain=64.9841 94.7603 89.1284 150.27 97.25 59.8929 263.101 230.213 163.869 140.815 122.289 112.762 171.828 99.5813 98.6036 96.9646 145.89 155.641 90.1592 91.7499 152.649 73.7136 67.527 65.3311 93.8226 61.8488 66.9188 60.4737 57.9861 171.778
threshold=20.500000000000004 136.98250000000004 331.00125000000008 27.271250000000006 270.00125000000008 21.500000000000004 183.75125000000003 1.0000000180025095e-35 1.0000000180025095e-35 25.506250000000005 22.500000000000004 158.51500000000001 22.500000000000004 225.50500000000002 199.50125000000003 177.82375000000002 184.00250000000003 239.34750000000003 166.29750000000004 15.221250000000003 17.842500000000005 25.841250000000006 27.011250000000008 173.51125000000002 147.35500000000002 257.50500000000005 292.00250000000005 285.00500000000005 203.74375000000003 214.85750000000004
decision_type=2 2 2 2 2 2 2 2 2 2 2 2 2 2 2 2 2 2 2 2 2 2 2 2 2 2 2 2 2 2
left_child=28 -2 5 -4 -5 6 -3 23 22 11 21 12 -9 14 -10 -12 -17 -18 19 -13 -21 27 -8 24 -7 -24 -27 -11 -1 -30
right_child=1 2 3 4 -6 7 8 9 13 10 15 18 -14 -15 -16 16 17 -19 -20 20 -22 -23 25 -25 -26 26 -28 -29 29 -31
leaf_value=-0.0014638644815138384 -0.052902549591911312 -0.070773265705105268 0.022406590146323044 -0.0095729722556742759 -0.13784576182564098 0.021853025938617068 0.031114497680395703 -0.061004624077092819 -0.016385310837541689 -0.060150779639520958 0.059686927923134396 -0.011448028040359971 0.013866410314070958 -0.0035523733782645093 -0.064325216921529718 -0.15870208540931344 -0.11513984926646895 -0.014003196163580135 0.016475558725812724 0.10334906825482582 0.02458343548441513 0.015846982353989625 0.058032285539397543 -0.014274668613937145 -0.063925213224379121 -0.09426470478730542 -0.0038425004085231775 0.029503381224694078 0.0094937130420197149 -0.00018269883798779777
leaf_weight=19058 101 165 45 22 45 40 359 107 334 62 35 54 270 856 158 20 41 527 1010 113 135 593 26 778 157 28 76 27 6092 18559
leaf_count=19058 101 165 45 22 45 40 359 107 334 62 35 54 270 856 158 20 41 527 1010 113 135 593 26 778 157 28 76 27 6092 18559
internal_value=-7.13895e-05 -0.00486877 -0.00407124 -0.0482622 -0.0957263 -0.00324233 -0.0102932 0.00031419 -0.00486086 0.00718599 -0.00515013 0.0167174 -0.00738346 -0.0138553 -0.0317806 -0.0211644 -0.025977 -0.0213036 0.0236428 0.0476126 0.0604726 0.00947874 0.0199335 -0.0207875 -0.0465083 -0.0109431 -0.0281869 -0.0329523 0.00060735 0.00220863
internal_weight=49893 6184 6083 112 67 5971 2002 3969 1837 2994 1305 1689 377 1348 492 623 588 568 1312 302 248 682 489 975 197 130 104 89 43709 24651
internal_count=49893 6184 6083 112 67 5971 2002 3969 1837 2994 1305 1689 377 1348 492 623 588 568 1312 302 248 682 489 975 197 130 104 89 43709 24651
is_linear=0
shrinkage=0.05


Tree=290
num_leaves=31
num_cat=0
split_feature=4 0 6 7 4 7 5 4 7 7 6 0 6 0 0 7 0 4 6 7 0 0 7 5 5 6 7 3 5 6
split_gain=60.2234 205.895 100.993 211.534 147.401 128.605 122.842 161.835 103.973 230.894 331.117 589.555 308.809 303.927 197.569 172.346 125.284 91.0547 186.79 400.195 237.144 219.651 152.075 172.367 133.887 220.991 155.378 195.356 113.869 197.755
threshold=18.500000000000004 27.811250000000005 279.24500000000006 228.01625000000004 19.500000000000004 217.25375000000003 1.0000000180025095e-35 19.500000000000004 270.00125000000008 306.35125000000011 331.00125000000008 28.616250000000004 343.70000000000005 28.223750000000006 29.438750000000002 282.00125000000008 28.986250000000002 16.500000000000004 215.85375000000002 256.31625000000003 18.566250000000004 27.901250000000001 219.68250000000003 1.0000000180025095e-35 1.0000000180025095e-35 287.01875000000007 297.66750000000008 1.0000000180025095e-35 22.500000000000004 299.79875000000004
decision_type=2 2 2 2 2 2 2 2 2 2 2 2 2 2 2 2 2 2 2 2 2 2 2 2 2 2 2 2 2 2
left_child=17 -2 3 4 5 -3 7 -5 -4 10 15 13 14 -12 -11 -10 -14 -1 20 -20 -19 24 23 -22 -21 26 27 -26 -23 -30
right_child=1 2 8 6 -6 -7 -8 -9 9 12 11 -13 16 -15 -16 -17 -18 18 19 21 22 28 -24 -25 25 -27 -28 -29 29 -31
leaf_value=-0.00017189839406215969 -0.0011322130455542676 -0.048092517763376239 -0.0048740468878429718 0.17741389108289565 -0.014727470315992834 -0.21819866955280307 0.004518352291018708 0.019858790941249867 0.024327390809499083 -0.020235163455695482 -0.15818849042057992 -0.0027944661738971872 0.019906460419297219 -0.43383642882108692 -0.18473257385194303 -0.072886014504527516 0.19101570255082589 -0.042841843705225202 -0.013441062746167388 0.047211963152944653 0.013025007805908505 0.019405040279490308 0.0113796088093928 0.073102923623587501 0.012884977773896286 -0.045210378048983639 -0.025651213223698423 0.11121871205387822 0.098103026712972996 0.019128038132632221
leaf_weight=35441 9310 25 228 28 100 20 153 39 63 209 20 30 20 20 20 165 23 112 1847 151 184 227 411 340 175 221 134 71 192 135
leaf_count=35441 9310 25 228 28 100 20 153 39 63 209 20 30 20 20 20 165 23 112 1847 151 184 227 411 340 175 221 134 71 192 135
internal_value=-0.000237877 -0.00361005 -0.0234455 -0.0016593 -0.0485451 -0.123695 0.0292427 0.0857027 -0.0334104 -0.0448249 -0.0752278 -0.170348 -0.0115158 -0.296012 -0.0346017 -0.0460244 0.11143 0.000653038 0.00761413 0.00153791 0.0259124 0.0227218 0.0341483 0.0520069 0.00512187 -0.00545317 0.0176688 0.0412659 0.0466119 0.0654987
internal_weight=50114 10473 1163 365 145 45 220 67 798 570 298 70 272 40 229 228 43 39641 4200 3153 1047 1306 935 524 752 601 380 246 554 327
internal_count=50114 10473 1163 365 145 45 220 67 798 570 298 70 272 40 229 228 43 39641 4200 3153 1047 1306 935 524 752 601 380 246 554 327
is_linear=0
shrinkage=0.05


Tree=291
num_leaves=31
num_cat=0
split_feature=0 1 7 8 8 0 1 7 0 3 8 7 8 5 7 8 8 7 0 8 7 8 5 7 0 0 0 5 0 0
split_gain=58.3041 144.124 149.464 200.258 134.487 227.096 166.962 121.822 102.431 100.906 392.753 612.935 210.543 119.274 89.402 85.7872 83.0307 204.662 175.944 513.422 247.322 178.547 126.329 156.329 112.336 109.908 105.84 102.948 176.424 107.117
threshold=25.598750000000006 2.5000000000000004 167.50125000000003 91.300000000000011 241.84250000000003 20.802500000000006 4.5000000000000009 91.300000000000011 22.841250000000006 1.0000000180025095e-35 91.300000000000011 143.68750000000003 106.59625000000001 1.0000000180025095e-35 186.00125000000003 158.51500000000001 170.75250000000003 205.29500000000004 26.368750000000002 91.300000000000011 256.31625000000003 91.300000000000011 22.500000000000004 268.00875000000002 29.323750000000008 32.403750000000009 26.121250000000003 1.0000000180025095e-35 29.323750000000008 29.491250000000004
decision_type=2 2 2 2 2 2 2 2 2 2 2 2 2 2 2 2 2 2 2 2 2 2 2 2 2 2 2 2 2 2
left_child=4 14 3 -3 7 -6 8 -1 -7 10 11 -9 13 -11 15 -2 17 -4 19 -19 26 -20 25 24 -24 27 -21 29 -29 -23
right_child=1 2 16 -5 5 6 -8 9 -10 12 -12 -13 -14 -15 -16 -17 -18 18 21 20 -22 22 23 -25 -26 -27 -28 28 -30 -31
leaf_value=-0.061636667666791739 -0.048200013033788784 0.15058003264665604 -0.029518336341565296 0.0084672617806885141 -0.1119773752263023 0.1529862216487527 0.0084515182016515113 -0.039426954019637334 0.037169041523288586 -0.19226728558540346 0.0024245608336184808 0.33822381604801527 -0.0041719775652533835 -0.050668154271512202 -0.051297474039995385 -0.0061134208285894345 -0.0014109364398260317 -0.23595803124564038 0.12122012131700391 0.06300865201690399 -0.10499557661513488 0.03702639325898379 0.021929297906033058 -0.11173715284892492 -0.041991831252262711 -0.069135213434696197 -0.037371099558903983 0.031783361047185453 0.14145685248076917 -0.05901998756453395
leaf_weight=79 145 25 894 2940 36 20 2025 21 420 20 12762 22 4862 58 185 734 23960 28 38 85 45 94 199 35 105 25 38 119 53 42
leaf_count=79 145 25 894 2940 36 20 2025 21 420 20 12762 22 4862 58 185 734 23960 28 38 85 45 94 199 35 105 25 38 119 53 42
internal_value=-0.000225983 -0.00163471 -0.000965366 0.00966551 0.0018387 0.0126965 0.0145173 0.000315174 0.0424335 0.000590981 0.00293285 0.15379 -0.0054794 -0.0869756 -0.0197052 -0.013056 -0.00218899 -0.0125457 0.00420205 -0.0377347 -0.00469742 0.0157789 0.00981649 -0.0116697 -0.000148724 0.0316898 0.031997 0.0398736 0.0655781 0.00736501
internal_weight=50114 29789 28725 2965 20325 2501 2465 17824 440 17745 12805 43 4940 78 1064 879 25760 1800 906 196 168 710 672 339 304 333 123 308 172 136
internal_count=50114 29789 28725 2965 20325 2501 2465 17824 440 17745 12805 43 4940 78 1064 879 25760 1800 906 196 168 710 672 339 304 333 123 308 172 136
is_linear=0
shrinkage=0.05


Tree=292
num_leaves=31
num_cat=0
split_feature=0 0 8 7 8 8 5 5 0 7 7 7 5 1 1 7 8 0 1 8 1 0 3 0 7 1 8 8 1 0
split_gain=52.8604 160.953 120.921 374.043 117.333 108.53 191.818 187.889 186.782 133.325 208.301 294.217 133.668 99.2459 99.0289 112.247 98.9468 103.271 95.252 90.9136 85.2114 110.193 84.124 112.553 98.7593 239.362 201.076 167.742 161.937 200.426
threshold=26.221250000000001 26.761250000000008 91.300000000000011 225.50500000000002 115.01750000000001 191.00750000000002 1.0000000180025095e-35 37.500000000000007 20.802500000000006 241.00250000000003 247.00125000000003 244.49500000000003 1.0000000180025095e-35 10.500000000000002 2.5000000000000004 168.14250000000001 228.57250000000002 24.931250000000002 5.5000000000000009 308.50625000000008 10.500000000000002 24.631250000000005 1.0000000180025095e-35 29.046250000000004 201.85000000000005 6.5000000000000009 136.98250000000004 175.00750000000002 6.5000000000000009 32.101250000000007
decision_type=2 2 2 2 2 2 2 2 2 2 2 2 2 2 2 2 2 2 2 2 2 2 2 2 2 2 2 2 2 2
left_child=5 4 3 -3 -2 9 8 13 -7 12 11 -11 -1 14 15 -8 17 -15 -9 -6 21 -12 24 -24 26 -26 -4 -27 -28 -30
right_child=1 2 22 -5 19 6 7 18 -10 10 20 -13 -14 16 -16 -17 -18 -19 -20 -21 -22 -23 23 -25 25 27 28 -29 29 -31
leaf_value=-0.010603775157887102 0.073948594144521623 -0.05326220706726114 -0.052564441668498635 0.23568704979760305 -0.015725385445018315 0.041075536730799084 -0.10156449129184086 0.020772933378221031 0.0095671608068147312 -0.029106737792460341 0.046256571660289569 -0.21553640313672298 0.0021374090525332549 -0.01908271726318439 0.0014058102761169157 -0.011950001583469859 -0.06725585046487878 0.089499109886262737 0.0034915382735516763 0.016217406974386627 -0.085406782690967839 -0.020912152568273473 0.011462078395358503 -0.0016674483448777568 -0.014090314136794938 0.050112479298854984 0.011067943193937474 -0.00034217999002236061 -0.015052146092509201 0.084465955774176801
leaf_weight=2735 39 24 154 21 2942 569 36 1383 2713 59 83 33 8322 457 4614 1190 106 23 1883 241 35 231 2985 3602 4392 169 3383 6523 1114 53
leaf_count=2735 39 24 154 21 2942 569 36 1383 2713 59 83 33 8322 457 4614 1190 106 23 1883 241 35 231 2985 3602 4392 169 3383 6523 1114 53
internal_value=-0.000214684 -0.00180109 -0.00029937 0.0815808 -0.0122507 0.00144757 0.00458219 0.00104433 0.0150298 -0.00208945 -0.0290491 -0.0959782 -0.00101418 -0.00391875 -0.00195041 -0.0145814 -0.0235349 -0.0138798 0.0108094 -0.0133068 -0.0114059 -0.00315736 -0.000464045 0.0042824 -0.00244433 -0.00502054 0.00362596 0.000932004 0.00552779 -0.0105325
internal_weight=50114 25642 22420 45 3222 24472 12974 9692 3282 11498 441 92 11057 6426 5840 1226 586 480 3266 3183 349 314 22375 6587 15788 11084 4704 6692 4550 1167
internal_count=50114 25642 22420 45 3222 24472 12974 9692 3282 11498 441 92 11057 6426 5840 1226 586 480 3266 3183 349 314 22375 6587 15788 11084 4704 6692 4550 1167
is_linear=0
shrinkage=0.05


Tree=293
num_leaves=31
num_cat=0
split_feature=4 0 1 1 5 4 1 6 6 6 4 6 0 1 6 4 1 5 4 1 4 5 5 5 1 0 0 6 4 0
split_gain=58.5388 180.755 212.547 150.231 177.895 483.823 395.093 142.577 193.42 367.613 90.9319 88.0391 208.017 103.371 132.186 82.9173 277.978 281.136 589.615 241.924 773.847 837.45 631.204 245.468 1245.3 380.865 308.963 291.955 244.207 495.513
threshold=18.500000000000004 27.811250000000005 7.5000000000000009 4.5000000000000009 1.0000000180025095e-35 19.500000000000004 6.5000000000000009 252.73250000000004 336.22250000000003 331.00125000000008 19.500000000000004 278.17875000000009 26.291250000000002 5.5000000000000009 312.48875000000004 16.500000000000004 9.5000000000000018 1.0000000180025095e-35 17.500000000000004 8.5000000000000018 17.500000000000004 1.0000000180025095e-35 1.0000000180025095e-35 1.0000000180025095e-35 4.5000000000000009 23.501250000000002 27.856250000000006 233.75750000000002 17.500000000000004 18.036250000000006
decision_type=2 2 2 2 2 2 2 2 2 2 2 2 2 2 2 2 2 2 2 2 2 2 2 2 2 2 2 2 2 2
left_child=15 11 3 -3 5 6 -5 -4 9 10 -9 -2 13 -13 -15 -1 19 18 -18 23 22 -22 -21 24 28 -25 -26 -28 -17 -30
right_child=1 2 7 4 -6 -7 -8 8 -10 -11 -12 12 -14 14 -16 16 17 -19 -20 20 21 -23 -24 25 26 -27 27 -29 29 -31
leaf_value=-0.00011279527821599623 -0.0043867873329834469 -0.046473347151297195 0.053028860315680507 0.23288511633872988 -0.0139770187988306 -0.017349197263909696 -0.033308535814285278 -0.11191902479443412 0.012180702688107104 -0.29557144969701765 -0.041857602739739319 0.052079341544583435 -0.0041972785432896082 0.0071897339901200426 0.068775338773149994 0.0091545619601335546 0.1203655115273651 -0.040337562603764872 -0.057678673111943794 -0.028852268364631908 0.16076192843417328 -0.079577976764758696 0.17241499386316003 -0.019293989952660254 -0.017306026979177085 0.027901290840032119 -0.046605232402327515 -0.15501736115762277 -0.12781628039867984 0.12009504900136792
leaf_weight=35441 6521 210 26 46 476 116 20 78 57 20 114 250 1762 677 100 193 93 517 93 53 48 148 147 564 135 1766 105 152 23 163
leaf_count=35441 6521 210 26 46 476 116 20 78 57 20 114 250 1762 677 100 193 93 517 93 53 48 148 147 564 135 1766 105 152 23 163
internal_value=-0.000203949 -0.00352862 -0.0221137 -0.00965256 0.00209875 0.0441431 0.15222 -0.0587791 -0.0695858 -0.0915702 -0.0703201 -0.00120698 0.00622776 0.0241137 0.0151158 0.000674417 0.00731718 -0.0213722 0.0313434 0.0130846 0.049886 -0.0207192 0.119079 0.00838501 -0.01607 0.0164772 -0.0785523 -0.110724 0.0485555 0.0894393
internal_weight=50114 10473 1163 868 658 182 66 295 269 212 192 9310 2789 1027 777 39641 4200 703 186 3497 396 196 200 3101 771 2330 392 257 379 186
internal_count=50114 10473 1163 868 658 182 66 295 269 212 192 9310 2789 1027 777 39641 4200 703 186 3497 396 196 200 3101 771 2330 392 257 379 186
is_linear=0
shrinkage=0.05


Tree=294
num_leaves=31
num_cat=0
split_feature=4 6 7 1 7 3 7 5 7 6 1 1 7 1 4 4 1 5 1 4 1 1 1 1 1 1 6 7 6 7
split_gain=52.8313 79.6009 110.969 309.411 228.494 225.165 388.704 194.476 94.5098 91.1237 109.126 114.662 152.207 94.2994 123.679 90.0538 253.753 263.012 789.418 398.514 1513.57 2722.54 1165.2 1214.8 758.339 395.684 451.486 359.966 353.012 324.368
threshold=18.500000000000004 307.08500000000004 246.49375000000003 7.5000000000000009 255.50375000000003 1.0000000180025095e-35 224.00250000000003 1.0000000180025095e-35 291.52500000000003 299.79875000000004 9.5000000000000018 7.5000000000000009 287.48500000000007 6.5000000000000009 15.500000000000002 16.500000000000004 10.500000000000002 1.0000000180025095e-35 4.5000000000000009 17.500000000000004 4.5000000000000009 7.5000000000000009 7.5000000000000009 4.5000000000000009 1.5000000000000002 7.5000000000000009 233.75750000000002 229.01000000000002 288.2675000000001 221.57250000000002
decision_type=2 2 2 2 2 2 2 2 2 2 2 2 2 2 2 2 2 2 2 2 2 2 2 2 2 2 2 2 2 2
left_child=1 9 3 5 -4 6 -3 8 -6 15 11 13 -13 -11 -15 -1 17 18 -17 22 -21 -22 23 24 -19 26 -20 -23 -27 -24
right_child=-2 2 4 -5 7 -7 -8 -9 -10 10 -12 12 -14 14 -16 16 -18 19 25 20 21 27 29 -25 -26 28 -28 -29 -30 -31
leaf_value=-0.00020036461938763292 -0.0033521930455982715 0.051771482274246716 -0.13766510652808042 -0.10871837344020606 0.031769605409353974 0.0040897905826568605 0.28119909749676786 -0.0045638949248111909 0.14188139757239504 -0.0055015973303289643 -0.094357535385471938 -0.015247165477451155 0.13156706207880267 -0.036812151956837624 -0.1890938712656498 0.04373992692888902 -0.031346038955427404 -0.049261457992777709 -0.026285420213891589 -0.061473784586623649 0.1381605695308038 -0.27002080516381699 0.23821577113501879 -0.051333465640111167 0.090626590946083788 -0.02801820152665431 -0.1508806673847389 -0.057942306075974184 0.15010923490379796 0.099126971655782187
leaf_weight=35110 10473 48 26 24 40 50 30 261 38 84 51 51 27 40 20 373 370 124 142 546 371 22 49 431 443 177 149 221 33 290
leaf_count=35110 10473 48 26 24 40 50 30 261 38 84 51 51 27 40 20 373 370 124 142 546 371 22 49 431 443 177 149 221 33 290
internal_value=-0.000193752 0.000640696 0.0201316 0.056028 0.00518304 0.0869179 0.140013 0.0161389 0.0854138 0.000383135 -0.028403 -0.0132513 0.0355731 -0.0396979 -0.0875727 0.000585411 0.00796006 0.0122743 -0.0113322 0.020537 -0.000907606 0.0529509 0.0391427 0.0119383 0.0600338 -0.0523341 -0.0900816 -0.0771428 -2.67472e-05 0.119231
internal_weight=50114 39641 517 152 365 128 78 339 78 39124 273 222 78 144 60 38851 3741 3371 874 2497 1160 614 1337 998 567 501 291 243 210 339
internal_count=50114 39641 517 152 365 128 78 339 78 39124 273 222 78 144 60 38851 3741 3371 874 2497 1160 614 1337 998 567 501 291 243 210 339
is_linear=0
shrinkage=0.05


Tree=295
num_leaves=31
num_cat=0
split_feature=8 6 8 6 7 8 8 0 8 6 8 6 6 0 0 0 7 6 7 1 7 0 7 6 7 0 8 8 6 8
split_gain=112.803 93.6396 83.5616 95.2446 212.422 136.934 90.5149 134.204 120.894 105.892 90.1503 144.986 272.699 147.704 146.532 172.361 140.837 109.611 234.888 214.237 155.315 142.036 121.08 106.67 249.697 172.984 172.591 153.847 197.519 148.137
threshold=308.50625000000008 210.48750000000004 115.01750000000001 135.30875000000003 153.16250000000002 136.98250000000004 146.39625000000004 26.501250000000002 196.45500000000001 127.79375000000002 157.83750000000001 227.00250000000003 230.10500000000005 23.696249999999999 28.461250000000003 26.726250000000004 242.02125000000004 193.00125000000003 193.25500000000002 4.5000000000000009 232.67125000000001 28.818750000000005 257.88250000000005 179.12500000000003 203.00250000000003 30.261250000000004 255.50375000000003 199.50125000000003 150.03500000000005 180.39375000000004
decision_type=2 2 2 2 2 2 2 2 2 2 2 2 2 2 2 2 2 2 2 2 2 2 2 2 2 2 2 2 2 2
left_child=2 -2 -1 4 5 -4 -6 8 -8 -9 11 17 -13 -14 15 -15 -16 22 19 -19 21 -20 -5 24 27 26 -26 -12 -29 -25
right_child=1 -3 3 10 6 -7 7 9 -10 -11 23 12 13 14 16 -17 -18 18 20 -21 -22 -23 -24 29 25 -27 -28 28 -30 -31
leaf_value=-0.016327024186352544 0.10750204727053643 0.010152760102630701 0.010352600822448396 -0.0069736624058447487 -0.034437357848254115 0.041197202704748831 0.017225210646189929 -4.7618952247839755e-05 0.1268811851988236 -0.054898358053798162 0.008440471854839364 -0.20882334845221562 -0.12733666247149814 -0.03691010816278411 -0.10046994211152196 0.091850552047198677 0.040440348744392396 0.015009156220725607 0.061092334477871192 -0.13122517208640391 0.0039602933030936024 0.1909012109938043 -0.11523173892369064 -0.013890206504022963 -0.0073350836236996553 -0.049769934551932946 0.12551531672477723 -0.046988344728423836 0.052928875517137458 -0.00032096156008992521
leaf_weight=823 25 2073 1484 3904 291 475 155 303 30 124 4488 23 32 51 61 53 25 70 96 39 93 27 26 2150 1106 258 25 57 374 31196
leaf_count=823 25 2073 1484 3904 291 475 155 303 30 124 4488 23 32 51 61 53 25 70 96 39 93 27 26 2150 1106 258 25 57 374 31196
internal_value=-3.48921e-05 0.0113128 -0.000532549 -0.000256072 0.00858322 0.0178315 -0.0114803 -0.000564513 0.0350073 -0.0159762 -0.000829023 -0.00753568 -0.0449376 -0.0279584 -0.011221 0.0287083 -0.0595076 -0.0053821 0.0225242 -0.0373132 0.0527199 0.089587 -0.00768987 -6.79407e-05 0.00589451 -0.012826 -0.00439851 0.0111807 0.0397148 -0.00119585
internal_weight=49937 2098 47839 47016 2862 1959 903 612 185 427 44154 4500 245 222 190 104 86 4255 325 109 216 123 3930 39654 6308 1389 1131 4919 431 33346
internal_count=49937 2098 47839 47016 2862 1959 903 612 185 427 44154 4500 245 222 190 104 86 4255 325 109 216 123 3930 39654 6308 1389 1131 4919 431 33346
is_linear=0
shrinkage=0.05


Tree=296
num_leaves=31
num_cat=0
split_feature=6 7 0 0 3 7 6 7 7 0 7 0 1 6 4 0 1 3 7 7 1 0 3 4 7 0 0 0 3 7
split_gain=71.1969 278.803 121.858 161.607 205.066 152.479 129.463 119.848 297.235 149.153 108.874 240.188 110.045 95.7925 95.1996 168.41 148.489 139.753 90.3472 100.216 85.6483 76.5323 76.3606 67.5386 59.588 58.8294 55.9452 55.5898 140.878 116.749
threshold=321.28250000000008 203.74375000000003 28.766250000000003 26.291250000000002 1.0000000180025095e-35 245.00250000000003 331.00125000000008 279.50250000000005 268.00875000000002 27.948750000000008 279.50250000000005 26.761250000000008 6.5000000000000009 326.76375000000002 19.500000000000004 29.381250000000005 8.5000000000000018 1.0000000180025095e-35 296.00125000000008 308.01500000000004 5.5000000000000009 27.516250000000003 1.0000000180025095e-35 20.500000000000004 304.62000000000006 27.768750000000004 27.351250000000004 25.241250000000004 1.0000000180025095e-35 166.00250000000003
decision_type=2 2 2 2 2 2 2 2 2 2 2 2 2 2 2 2 2 2 2 2 2 2 2 2 2 2 2 2 2 2
left_child=27 -2 3 4 -3 -4 10 8 25 18 11 -5 21 -13 16 -16 17 20 -9 -20 -7 -12 23 -14 -11 -8 -21 28 -1 -29
right_child=1 2 5 6 -6 14 7 9 -10 24 12 13 22 -15 15 -17 -18 -19 19 26 -22 -23 -24 -25 -26 -27 -28 29 -30 -31
leaf_value=0.0046444984064633191 0.16867572228823391 0.1127171213272959 -0.063105980253645361 -0.098044444814972265 -0.040728902133802578 0.11098429110867006 0.041686180730660757 0.036832028340834842 -0.24808396065518973 -0.019177352569319989 -0.0086963486969470986 0.05365715573541821 0.0033969783355765372 0.16578547328710558 0.0922325309079427 -0.093505900158830313 0.0095440572175459985 0.020945481317383902 -0.14024675915187054 0.021840374709831346 0.23812910289718558 -0.12905610678717494 -0.033923582387958756 0.074687481023227947 0.065524579103138039 -0.078135229796171199 -0.064391665611295931 0.0072183744757028092 -0.0051640357220990394 -0.0026729868757355856
leaf_weight=13044 28 64 28 23 33 27 21 26 21 33 25 80 92 25 26 23 39 21 33 27 26 28 72 52 56 20 62 3347 5089 27446
leaf_count=13044 28 64 28 23 33 27 21 26 21 33 25 80 92 25 26 23 39 21 33 27 26 28 72 52 56 20 62 3347 5089 27446
internal_value=-3.31475e-05 0.0131004 0.00866901 5.19354e-05 0.0605138 0.0446339 -0.00837451 -0.0332229 -0.0951138 -0.017032 0.01034 0.0482983 -0.00772196 0.0803544 0.0632557 0.00504919 0.0884956 0.130105 -0.0477912 -0.0658257 0.173357 -0.0722826 0.00811932 0.0291408 0.0341182 -0.0167633 -0.0382314 -0.000304538 0.00189175 -0.00159786
internal_weight=49937 1011 983 793 97 190 696 299 62 237 397 128 269 105 162 49 113 74 148 122 53 53 216 144 89 41 89 48926 18133 30793
internal_count=49937 1011 983 793 97 190 696 299 62 237 397 128 269 105 162 49 113 74 148 122 53 53 216 144 89 41 89 48926 18133 30793
is_linear=0
shrinkage=0.05


Tree=297
num_leaves=31
num_cat=0
split_feature=6 7 0 0 3 7 6 7 7 0 7 0 4 0 3 7 0 7 7 6 4 7 0 0 4 4 6 7 4 0
split_gain=64.2552 251.619 109.976 145.85 185.072 137.612 116.84 108.162 268.255 134.611 99.3593 192.562 85.9176 151.99 120.872 90.5963 116.147 81.5384 90.4446 62.6103 54.6459 53.7781 53.0935 53 51.0938 82.6278 201.609 223.097 134.677 178.936
threshold=321.28250000000008 203.74375000000003 28.766250000000003 26.291250000000002 1.0000000180025095e-35 245.00250000000003 331.00125000000008 279.50250000000005 268.00875000000002 27.948750000000008 284.72125000000011 26.761250000000008 19.500000000000004 29.381250000000005 1.0000000180025095e-35 286.00750000000005 29.783750000000001 296.00125000000008 308.01500000000004 326.76375000000002 20.500000000000004 304.62000000000006 27.768750000000004 28.223750000000006 1.5000000000000002 7.5000000000000009 309.01125000000008 223.00250000000003 5.5000000000000009 25.566250000000007
decision_type=2 2 2 2 2 2 2 2 2 2 2 2 2 2 2 2 2 2 2 2 2 2 2 2 2 2 2 2 2 2
left_child=24 -2 3 4 -3 -4 10 8 22 17 11 -5 14 -14 15 -7 -17 -9 -19 -13 -12 -11 -8 -23 -1 26 28 -28 29 -26
right_child=1 2 5 6 -6 12 7 9 -10 21 20 19 13 -15 -16 16 -18 18 -20 -21 -22 23 -24 -25 25 -27 27 -29 -30 -31
leaf_value=-0.0055779463425312112 0.16024193699870792 0.10708126467652619 -0.059950681782460637 -0.086037661880254745 -0.03869245904638912 0.052360239504806463 0.039601871158395502 0.034990426983970861 -0.23567976422962689 -0.018218486146493393 -0.027788394989044059 0.049099125013082889 0.08762090567212838 -0.088830605023743014 0.0068727574816771914 0.075015755654090938 0.23311387426578084 -0.1332344186859149 -0.036319815645810598 0.1345992472022772 0.019598619638951403 0.01360607793820756 -0.074228469729423527 0.11089062082049038 0.004096367220986441 -0.0011288380538969748 0.011573616787791252 0.23369701988995076 0.010669310336392823 -0.012425255586689207
leaf_weight=4177 28 64 28 24 33 31 21 26 21 33 153 91 26 23 35 21 26 33 89 28 101 28 20 28 6026 32309 26 20 4117 2251
leaf_count=4177 28 64 28 24 33 31 21 26 21 33 153 91 26 23 35 21 26 33 89 28 101 28 20 28 6026 32309 26 20 4117 2251
internal_value=-3.14901e-05 0.0124454 0.00823556 4.93385e-05 0.0574881 0.0424022 -0.00795578 -0.0315617 -0.0903581 -0.0161804 0.009823 0.0431601 0.0600929 0.00479673 0.0840708 0.118711 0.162474 -0.0454017 -0.0625344 0.0692168 -0.00894553 0.0324123 -0.0159251 0.0622483 -0.000289311 0.000204345 0.00366687 0.108149 0.00327909 -0.000396828
internal_weight=49937 1011 983 793 97 190 696 299 62 237 397 143 162 49 113 78 47 148 122 119 254 89 41 56 48926 44749 12440 46 12394 8277
internal_count=49937 1011 983 793 97 190 696 299 62 237 397 143 162 49 113 78 47 148 122 119 254 89 41 56 48926 44749 12440 46 12394 8277
is_linear=0
shrinkage=0.05


Tree=298
num_leaves=31
num_cat=0
split_feature=8 6 8 4 4 0 3 4 8 0 0 0 0 4 6 0 8 8 6 4 0 6 0 6 8 4 4 8 1 4
split_gain=95.7678 84.7879 77.6555 92.2293 154.031 155.909 143.9 155.616 146.006 824.406 572.139 172.404 139.003 329.335 83.0124 114.295 140.359 85.8126 132.208 447.223 197.61 182.46 159.646 132.302 151.309 95.9712 334.629 170.63 119.032 112.274
threshold=308.50625000000008 210.48750000000004 115.01750000000001 1.0000000180025095e-35 2.5000000000000004 19.791250000000002 1.0000000180025095e-35 16.500000000000004 91.300000000000011 24.686250000000005 25.991250000000004 26.633750000000003 18.913750000000004 5.5000000000000009 135.30875000000003 27.121250000000003 139.74500000000003 157.83750000000001 218.75125000000003 3.5000000000000004 29.268750000000004 212.74750000000003 28.091250000000006 239.75125000000003 141.01000000000002 19.500000000000004 15.500000000000002 139.74500000000003 5.5000000000000009 22.500000000000004
decision_type=2 2 2 2 2 2 2 2 2 2 2 2 2 2 2 2 2 2 2 2 2 2 2 2 2 2 2 2 2 2
left_child=2 -2 3 -1 5 -5 7 8 9 -6 -11 -12 -8 -14 15 16 -4 18 21 -20 -21 25 -23 24 -22 26 -16 -28 -29 -27
right_child=1 -3 14 4 6 -7 12 -9 -10 10 11 -13 13 -15 17 -17 -18 -19 19 20 23 22 -24 -25 -26 29 27 28 -30 -31
leaf_value=0.075167744730909675 0.10195593621581794 0.009322038843833114 0.0052306031371848055 -0.042530780152107282 0.35177259191870691 -0.18378455620259049 0.013044745556544514 -0.10653464446465176 -0.0040070477650324633 -0.17656914976335342 0.20886856973171236 0.025775671853787371 -0.19953081719637014 -0.015742968848118415 -0.007131278582073435 -0.014539892203968839 0.032754413595830555 -1.4280076113770645e-05 -0.21571015357039869 0.013585034095462453 -0.05071169988562664 0.010955134630203249 0.20048191584646702 -0.014039691366255283 -0.21726485201716425 -0.072920123079495733 0.14556859239343217 0.050556470536523394 -0.079618709255009898 -0.013566480342967389
leaf_weight=27 25 2073 1765 105 20 24 56 30 370 31 20 36 39 65 3513 469 628 39654 32 178 30 25 20 50 25 107 44 144 20 312
leaf_count=27 25 2073 1765 105 20 24 56 30 370 31 20 36 39 65 3513 469 628 39654 32 178 30 25 20 50 25 107 44 144 20 312
internal_value=-2.99156e-05 0.0104259 -0.000488459 -0.0157145 -0.0187972 -0.0688106 -0.00912449 0.00392201 0.010869 0.0623094 -0.00423389 0.091166 -0.0504656 -0.0846634 -0.000221931 0.00803025 0.0124537 -0.000756826 -0.00730014 -0.0385382 -0.0185047 -0.00494889 0.0951893 -0.0729044 -0.126418 -0.00603734 -0.00348278 0.0581383 0.0346814 -0.0287236
internal_weight=49937 2098 47839 823 796 129 667 507 477 107 87 56 160 104 47016 2862 2393 44154 4500 315 283 4185 45 105 55 4140 3721 208 164 419
internal_count=49937 2098 47839 823 796 129 667 507 477 107 87 56 160 104 47016 2862 2393 44154 4500 315 283 4185 45 105 55 4140 3721 208 164 419
is_linear=0
shrinkage=0.05


Tree=299
num_leaves=31
num_cat=0
split_feature=8 0 7 8 7 6 1 8 6 6 0 6 0 7 8 7 1 0 5 7 0 7 7 8 0 8 0 8 6 6
split_gain=86.4305 81.5947 108.221 115.947 445.19 103.336 107.579 330.015 129.656 94.4967 117.818 100.743 90.8205 89.2141 215.188 210.652 134.295 159.581 84.2104 122.331 116.012 81.0787 74.0687 71.7928 110.58 70.0841 77.26 149.156 176.515 119.951
threshold=308.50625000000008 27.011250000000008 181.32250000000002 330.40500000000003 288.67250000000007 303.50250000000005 5.5000000000000009 335.58625000000006 288.2675000000001 319.00500000000005 28.176250000000003 331.00125000000008 29.046250000000004 286.00750000000005 343.17750000000007 276.10875000000004 5.5000000000000009 29.783750000000001 1.0000000180025095e-35 220.00125000000003 28.818750000000005 254.13125000000002 318.05000000000007 312.00250000000005 28.138750000000005 115.01750000000001 25.201250000000005 251.25125000000003 185.00125000000003 136.85625000000002
decision_type=2 2 2 2 2 2 2 2 2 2 2 2 2 2 2 2 2 2 2 2 2 2 2 2 2 2 2 2 2 2
left_child=25 2 -2 -4 -5 6 8 18 23 12 11 -11 -7 14 15 -12 -15 22 20 -20 -8 -10 -18 -3 -25 -1 27 29 -29 -27
right_child=1 5 3 4 -6 9 7 -9 21 10 13 -13 -14 16 -16 -17 17 -19 19 -21 -22 -23 -24 24 -26 26 -28 28 -30 -31
leaf_value=-0.014928811153326308 -0.088246656544506558 0.099452108882057175 0.023573812330929179 0.28073485754430294 -0.045207769085060467 -0.013539388153297508 0.02805749792240414 -0.18926278254948559 0.17866240976185635 0.0097884351126798774 0.06726177327860243 -0.048725516913928152 -0.081042841299061197 -0.023266288240186193 -0.13690584703969461 -0.11462611465714873 0.024638467312261866 0.20766628682613375 -0.09215431527367661 0.019364331942627964 0.17014336373656991 0.049659413454078496 0.1077719252052096 -0.080066724259544308 0.049037457811971046 0.011831969873837807 -0.0017647068904178061 0.16832179254386576 0.018256003092695702 -0.00043723116742505082
leaf_weight=823 20 24 510 20 22 396 51 20 29 183 78 123 57 44 24 20 74 20 28 202 20 21 42 27 43 2320 29612 20 969 14095
leaf_count=823 20 24 510 20 22 396 51 20 29 183 78 123 57 44 24 20 74 20 28 202 20 21 42 27 43 2320 29612 20 969 14095
internal_value=-2.84198e-05 0.00990458 0.0260102 0.0301499 0.110003 0.00386761 0.0235216 0.00741376 0.0594286 -0.00474605 0.00813401 -0.0137319 -0.0220332 0.0302895 -0.00272004 0.0301418 0.0526626 0.0772279 0.020482 0.00578815 0.0680817 0.124481 0.0547385 0.0248262 -0.00075987 -0.000464036 -0.000210835 0.002433 0.0212907 0.00129683
internal_weight=49937 2098 572 552 42 1526 465 321 144 1061 608 306 453 302 122 98 180 136 301 230 71 50 116 94 70 47839 47016 17404 989 16415
internal_count=49937 2098 572 552 42 1526 465 321 144 1061 608 306 453 302 122 98 180 136 301 230 71 50 116 94 70 47839 47016 17404 989 16415
is_linear=0
shrinkage=0.05


Tree=300
num_leaves=31
num_cat=0
split_feature=8 5 5 0 1 7 8 0 1 7 7 8 0 7 0 0 1 7 0 7 0 1 8 0 1 7 7 7 8 0
split_gain=51.1691 135.091 244.328 125.341 126.387 107.431 129.833 107.11 89.0428 97.2942 107.741 91.9093 90.9202 135.529 97.0046 80.1566 235.922 77.8994 118.384 165.934 93.2698 75.6448 132.962 75.5155 107.774 72.9874 71.235 106.029 115.095 97.4601
threshold=255.50375000000003 37.500000000000007 1.0000000180025095e-35 25.961250000000003 3.5000000000000004 270.00125000000008 106.59625000000001 23.791250000000002 9.5000000000000018 221.57250000000002 275.05375000000009 323.40875000000005 27.351250000000004 276.10875000000004 30.328750000000003 29.323750000000008 5.5000000000000009 272.03250000000008 26.536249999999999 247.00125000000003 27.351250000000004 8.5000000000000018 343.17750000000007 33.148750000000007 5.5000000000000009 293.00500000000005 225.00500000000002 227.60500000000005 287.74000000000007 26.866250000000004
decision_type=2 2 2 2 2 2 2 2 2 2 2 2 2 2 2 2 2 2 2 2 2 2 2 2 2 2 2 2 2 2
left_child=5 2 7 -4 -5 -1 -7 -2 9 11 26 -6 -12 -14 15 -15 -17 18 -10 -20 -19 22 -9 24 -8 -18 -11 28 -28 -29
right_child=1 -3 3 4 8 6 23 21 17 10 12 -13 13 14 -16 16 25 20 19 -21 -22 -23 -24 -25 -26 -27 27 29 -30 -31
leaf_value=-0.00021781699515654651 0.12747138753533363 0.01285235176581637 0.0079534244714222508 -0.072414725961416598 -0.01980261288949655 0.098003805953043477 0.0071936844384362488 0.015204439678031145 -0.10166480872780084 0.052744159190670437 -0.0013387431908963902 -0.095225198774836789 -0.15384374512010257 -0.022348633071041346 0.027670369662836883 -0.19876221447036818 -0.06705283390787932 -0.048169493443565442 -0.026180890244659562 0.14632967114448547 -0.16656807128872192 -0.0017704780291545102 0.12698462944891717 -0.077153823104560038 -0.017261354386534263 0.058274733913796284 -0.012606059860151548 -0.014799247557804969 -0.14497857036379477 0.014586514143445514
leaf_weight=37050 20 2629 1174 81 666 27 604 1811 25 76 806 43 20 586 87 26 26 80 46 20 21 776 27 44 1773 21 52 394 24 994
leaf_count=37050 20 2629 1174 81 666 27 604 1811 25 76 806 43 20 586 87 26 26 80 46 20 21 776 27 44 1773 21 52 394 24 994
internal_value=-6.24233e-05 0.00303439 -0.000232046 -0.00644893 -0.010579 -0.0008881 -0.0110327 0.0122017 -0.00933085 -0.00766131 -0.00385304 -0.0243769 -0.0130613 -0.0253959 -0.0219523 -0.0285034 -0.0779099 -0.0425564 -0.00900382 0.026095 -0.072787 0.0113198 0.0168465 -0.0122487 -0.0110473 -0.0110554 0.00554652 0.00309637 -0.0544079 0.00624502
internal_weight=50029 10531 7902 5268 4094 39498 2448 2634 4013 3821 3112 709 1572 766 746 659 73 192 91 66 101 2614 1838 2421 2377 47 1540 1464 76 1388
internal_count=50029 10531 7902 5268 4094 39498 2448 2634 4013 3821 3112 709 1572 766 746 659 73 192 91 66 101 2614 1838 2421 2377 47 1540 1464 76 1388
is_linear=0
shrinkage=0.05


Tree=301
num_leaves=31
num_cat=0
split_feature=6 0 0 8 0 3 1 8 0 1 8 6 0 0 5 5 0 1 6 6 8 1 6 8 6 1 1 8 0 6
split_gain=51.9691 159.371 202.933 208.704 67.9055 60.8512 150.041 168.824 141.668 59.4257 57.8783 168.851 194.911 145.55 130.462 160.535 117.752 155.711 92.5326 89.7662 222.079 280.215 284.933 215.318 167.182 261.999 454.185 419.749 264.919 601.567
threshold=331.00125000000008 28.616250000000004 26.696250000000003 255.50375000000003 28.411250000000006 1.0000000180025095e-35 5.5000000000000009 343.17750000000007 29.101250000000004 8.5000000000000018 250.68625000000003 189.00125000000003 22.596250000000001 25.121250000000003 37.500000000000007 1.0000000180025095e-35 25.961250000000003 3.5000000000000004 258.26500000000004 229.01000000000002 212.09625000000003 5.5000000000000009 261.48500000000007 214.97125000000005 204.17250000000004 5.5000000000000009 3.5000000000000004 186.33750000000003 30.931250000000002 216.31625000000003
decision_type=2 2 2 2 2 2 2 2 2 2 2 2 2 2 2 2 2 2 2 2 2 2 2 2 2 2 2 2 2 2
left_child=10 2 -2 -4 -5 6 7 -3 -7 -8 19 13 -13 -12 15 18 -17 -18 -14 23 21 22 -21 24 -1 26 -26 28 -27 -30
right_child=1 5 3 4 -6 8 9 -9 -10 -11 11 12 14 -15 -16 16 17 -19 -20 20 -22 -23 -24 -25 25 27 -28 -29 29 -31
leaf_value=2.0521498280563978e-05 0.036973464791973436 0.064417558376707373 -0.17813091040138276 -0.031545628173154823 -0.12796441432088615 0.06254420307549563 0.14656587173089838 -0.11221945099532604 -0.12132299710065127 0.040476905419067906 0.1751805204153061 -0.14983806961349078 0.02153105316677241 0.03371267886430724 0.011869502041960829 0.0074119964369618084 -0.07441625766401154 -0.0079553212810976326 0.0025795664970687388 0.048056462468784859 -0.010188907814462692 -0.0078111434456032292 -0.016699367887120644 0.0082920453026335324 -0.0074580078076019983 0.031309471246393078 -0.060641595753740875 -0.010641667029333885 -0.013560023188591003 0.34076240380173145
leaf_weight=19300 75 31 31 210 20 22 33 24 20 22 20 21 999 200 2861 1385 90 4243 1813 627 6127 1071 233 6726 1197 367 604 1609 25 23
leaf_count=19300 75 31 31 210 20 22 33 24 20 22 20 21 999 200 2861 1385 90 4243 1813 627 6127 1071 233 6726 1197 367 604 1609 25 23
internal_value=-5.93021e-05 -0.0162962 -0.0355146 -0.0563446 -0.0399299 0.0261866 0.0457349 -0.0126604 -0.0250116 0.10413 0.000100639 0.00318588 0.00234946 0.0465734 0.00263003 -0.000468933 -0.00527917 -0.00933577 0.00931233 -0.000846038 -0.00552901 0.00925671 0.0305122 0.000418086 -0.00187209 -0.0114217 -0.0252941 0.000922267 0.0457569 0.156219
internal_weight=50029 488 336 261 230 152 110 55 42 55 49541 11632 11412 220 11391 8530 5718 4333 2812 37909 8058 1931 860 29851 23125 3825 1801 2024 415 48
internal_count=50029 488 336 261 230 152 110 55 42 55 49541 11632 11412 220 11391 8530 5718 4333 2812 37909 8058 1931 860 29851 23125 3825 1801 2024 415 48
is_linear=0
shrinkage=0.05


Tree=302
num_leaves=31
num_cat=0
split_feature=4 0 1 8 0 8 1 4 5 8 1 1 4 8 0 8 0 4 1 5 4 3 1 4 5 5 0 1 0 0
split_gain=44.8005 133.704 255.569 406.415 267.922 127.012 178.213 167.836 175.333 128.365 259.017 113.311 137.866 131.399 123.645 106.578 189.923 99.1037 285.089 275.606 679.352 259.076 272.394 339.779 828.002 321.275 254.04 249.026 161.674 253.211
threshold=18.500000000000004 27.811250000000005 7.5000000000000009 301.01500000000004 28.041250000000002 173.51125000000002 11.500000000000002 22.500000000000004 1.0000000180025095e-35 152.45750000000001 1.5000000000000002 1.5000000000000002 22.500000000000004 246.75125000000003 27.601250000000004 316.26375000000007 29.381250000000005 16.500000000000004 9.5000000000000018 1.0000000180025095e-35 17.500000000000004 1.0000000180025095e-35 7.5000000000000009 17.500000000000004 1.0000000180025095e-35 1.0000000180025095e-35 27.728750000000005 8.5000000000000018 28.873750000000005 26.633750000000003
decision_type=2 2 2 2 2 2 2 2 2 2 2 2 2 2 2 2 2 2 2 2 2 2 2 2 2 2 2 2 2 2
left_child=17 5 15 4 -4 6 7 -2 -9 -10 -11 12 -7 14 -13 16 -3 -1 21 20 -20 -19 28 25 -25 -24 -26 -28 29 -23
right_child=1 2 3 -5 -6 11 -8 8 9 10 -12 13 -14 -15 -16 -17 -18 18 19 -21 -22 22 23 24 26 -27 27 -29 -30 -31
leaf_value=-0.00014790840698097231 -0.049738368502899089 -0.012182234972119649 -0.044062195359556765 -0.026944903232697073 -0.2469029153441647 0.015840827216819581 0.02555116871182482 -0.060222766184289678 -0.016254130683873255 0.15714160667077914 0.009432067318353804 -0.0073639039215549181 0.11787387277398792 0.0050726800039902599 -0.10324978415361222 0.014044164849857566 -0.13135219929196562 0.0052333050031416221 0.13242726121944459 -0.038876610185165306 -0.059903787200649587 0.0056549591832250985 0.0042735494207590818 0.24140862541333324 -0.14789668761548544 0.1887293825402028 0.15370019976049665 -0.090075783092867248 -0.014180816125590355 0.075215455732139724
leaf_weight=35379 408 469 27 226 41 612 209 123 247 37 150 3014 35 4401 34 393 36 2471 88 534 96 300 32 31 42 90 20 22 230 232
leaf_count=35379 408 469 27 226 41 612 209 123 247 37 150 3014 35 4401 34 393 36 2471 88 534 96 300 32 31 42 90 20 22 230 232
internal_value=-5.6337e-05 -0.00296611 -0.0187291 -0.0591913 -0.166363 -0.000939206 -0.0163085 -0.0253745 -0.00752804 0.00740617 0.038658 0.00128949 0.0213604 -0.00045381 -0.0084335 -0.00548195 -0.0206775 0.000713044 0.00798611 -0.0206926 0.0320806 0.0139202 0.035407 0.0822225 0.0205595 0.140348 -0.0609443 0.026008 0.0208463 0.0359896
internal_weight=50029 10462 1192 294 68 9270 1174 965 557 434 187 8096 647 7449 3048 898 505 39567 4188 718 184 3470 999 237 115 122 84 42 762 532
internal_count=50029 10462 1192 294 68 9270 1174 965 557 434 187 8096 647 7449 3048 898 505 39567 4188 718 184 3470 999 237 115 122 84 42 762 532
is_linear=0
shrinkage=0.05


Tree=303
num_leaves=31
num_cat=0
split_feature=4 8 7 7 7 8 4 5 1 7 1 5 1 4 8 7 7 1 8 7 3 7 7 4 5 8 1 7 8 7
split_gain=41.4826 78.2 93.3653 108.762 81.0151 123.091 119.605 98.6346 120.254 115.935 76.7079 83.1671 72.2075 116.337 120.094 185.1 71.5979 69.2169 64.1932 107.031 74.2706 94.9063 70.3319 82.5274 130.431 68.6795 66.6333 57.4986 56.8524 389.824
threshold=20.500000000000004 145.50125000000003 194.00250000000003 175.17125000000004 160.70750000000004 176.47750000000005 22.500000000000004 22.500000000000004 1.5000000000000002 133.08375000000004 2.5000000000000004 1.0000000180025095e-35 1.5000000000000002 21.500000000000004 181.00625000000002 177.25250000000003 265.01000000000005 11.500000000000002 242.25125000000003 178.00500000000002 1.0000000180025095e-35 323.04500000000007 270.00125000000008 21.500000000000004 1.0000000180025095e-35 323.40875000000005 6.5000000000000009 253.75250000000003 91.300000000000011 252.48250000000004
decision_type=2 2 2 2 2 2 2 2 2 2 2 2 2 2 2 2 2 2 2 2 2 2 2 2 2 2 2 2 2 2
left_child=28 2 3 -2 6 16 10 -8 -9 -10 -3 -12 13 -7 -15 -16 17 -6 22 -20 21 -21 23 24 -14 -22 -23 -26 29 -1
right_child=1 4 -4 -5 5 12 7 8 9 -11 11 -13 18 14 15 -17 -18 -19 19 20 25 26 -24 -25 27 -27 -28 -29 -30 -31
leaf_value=0.0017940643870230741 -0.03159807521806908 -0.044241350407949388 -0.1206881316880194 0.08774444751796269 -0.041283799977065973 0.00053483868566896187 0.0078482525069587007 0.136680659912049 0.14913881990127265 0.019263665048123078 -0.067721428945660592 0.022909888098886624 0.020672687884369816 0.17955829866230488 -0.038715850249590247 0.13850827867595047 0.063206508569419381 0.01645265980390832 -0.10986602357165381 -0.0011006728722480622 0.008584245176212325 -0.085217784209684899 -0.034311111907368436 0.0073698624209183362 -0.037910571768525581 0.056323916217065367 -0.018210007490083707 0.043311691615204123 0.00037701067799180793 0.23100328530584063
leaf_weight=159 210 106 26 21 385 173 198 39 20 122 30 162 148 20 34 26 20 60 22 2146 816 55 298 528 414 83 114 23 43550 21
leaf_count=159 210 106 26 21 385 173 198 39 20 122 30 162 148 20 34 26 20 60 22 2146 816 55 298 528 414 83 114 23 43550 21
internal_value=-5.35201e-05 -0.00384707 -0.0308594 -0.0207488 -0.00269809 -0.00475479 0.0136006 0.032236 0.0589143 0.0375559 -0.0101001 0.00874874 -0.00242173 0.0235912 0.0734505 0.0380813 -0.0293397 -0.0334991 -0.00383797 4.25258e-05 0.000794856 -0.00394167 -0.0127375 -0.00696133 -0.0198962 0.0129918 -0.0400173 -0.0336357 0.000492914 0.0285351
internal_weight=50029 6299 257 231 6042 5365 677 379 181 142 298 192 4900 253 80 60 465 445 4647 3236 3214 2315 1411 1113 585 899 169 437 43730 180
internal_count=50029 6299 257 231 6042 5365 677 379 181 142 298 192 4900 253 80 60 465 445 4647 3236 3214 2315 1411 1113 585 899 169 437 43730 180
is_linear=0
shrinkage=0.05


Tree=304
num_leaves=31
num_cat=0
split_feature=8 0 7 8 7 0 1 4 8 0 7 0 8 1 4 1 7 4 1 4 4 4 0 7 0 1 4 4 0 8
split_gain=40.6913 113.773 93.8202 108.221 86.5843 68.7471 96.5785 100.836 71.2564 67.0104 80.5645 62.8444 65.9352 61.3044 71.9805 58.8564 159.016 65.0112 58.6529 215.925 546.826 502.065 299.663 262.441 192.586 381.54 186.906 447.945 196.11 167.536
threshold=255.50375000000003 24.508750000000003 270.00125000000008 106.59625000000001 121.73500000000001 33.148750000000007 5.5000000000000009 21.500000000000004 198.95375000000004 25.471250000000001 273.00250000000005 24.076250000000005 236.96250000000003 10.500000000000002 17.500000000000004 3.5000000000000004 274.11500000000007 9.5000000000000018 7.5000000000000009 17.500000000000004 18.500000000000004 15.500000000000002 29.156250000000004 225.00500000000002 29.438750000000002 6.5000000000000009 17.500000000000004 16.500000000000004 26.568750000000005 303.00375000000003
decision_type=2 2 2 2 2 2 2 2 2 2 2 2 2 2 2 2 2 2 2 2 2 2 2 2 2 2 2 2 2 2
left_child=2 -2 -1 -4 -3 6 7 -5 9 -8 -11 -10 -13 15 -15 16 17 -6 19 21 22 -17 -21 -24 -25 -26 27 -20 -28 -30
right_child=1 4 3 5 13 -7 8 -9 11 10 -12 12 -14 14 -16 18 -18 -19 26 20 -22 -23 23 24 25 -27 28 -29 29 -31
leaf_value=-0.0001607618324824302 0.038709883693129173 0.086780141939719516 0.08928136869713113 0.016676659138141738 0.076471600662916903 -0.073305736338211733 -0.0049801555367870419 -0.036257509025321766 -0.073339183428665494 -0.15531889595091344 -0.04746766169663779 -0.0004715838436003741 -0.021421146830372537 0.020006285111109415 -0.099126339191570878 0.0036758785224158385 -0.1504183595830744 -0.017970017096064644 0.00027933229483766549 0.1166940074217947 0.0075596081899662673 -0.0631328105400462 0.15325470457474391 -0.12962318553968713 0.089335348093438724 -0.13832011532325011 0.0029360299289916936 0.070466576862535532 -0.049757441998774098 -0.011168195333855546
leaf_weight=37050 215 30 27 494 20 44 79 110 41 20 129 777 727 21 32 2320 22 205 1599 190 2627 320 30 27 63 26 1295 265 438 786
leaf_count=37050 215 30 27 494 20 44 79 110 41 20 129 777 727 21 32 2320 22 205 1599 190 2627 320 30 27 63 26 1295 265 438 786
internal_value=-5.08441e-05 0.00271077 -0.000787148 -0.0102674 0.0019605 -0.0113776 -0.0102313 0.00703633 -0.0161137 -0.0422067 -0.0619443 -0.0122631 -0.0105981 0.00171311 -0.0519228 0.00199091 -0.0221199 -0.00957521 0.00258728 0.00597646 0.0152415 -0.00442214 0.075302 0.0214357 -0.0126554 0.0228293 -0.00174527 0.0102577 -0.0106272 -0.0249771
internal_weight=50029 10531 39498 2448 10316 2421 2377 604 1773 228 149 1545 1504 10286 53 10233 247 225 9986 5603 2963 2640 336 146 116 89 4383 1864 2519 1224
internal_count=50029 10531 39498 2448 10316 2421 2377 604 1773 228 149 1545 1504 10286 53 10233 247 225 9986 5603 2963 2640 336 146 116 89 4383 1864 2519 1224
is_linear=0
shrinkage=0.05


Tree=305
num_leaves=31
num_cat=0
split_feature=7 4 0 5 4 4 6 0 7 0 6 0 4 0 6 6 0 0 3 0 7 6 7 7 7 7 7 0 0 6
split_gain=39.2225 82.5256 70.4768 58.7624 170.319 185.218 96.2227 85.4552 70.5815 89.7623 75.3355 64.5641 63.311 70.2615 60.2564 53.8981 253.165 141.863 209.644 229.414 393.708 112.537 139.811 118.141 109.704 80.5854 62.6207 61.481 53.2651 51.2611
threshold=313.74000000000007 22.500000000000004 31.306250000000002 1.0000000180025095e-35 19.500000000000004 7.5000000000000009 303.50250000000005 26.633750000000003 326.00500000000005 29.101250000000004 331.00125000000008 29.101250000000004 19.500000000000004 27.643750000000004 238.30750000000003 331.00125000000008 26.468750000000004 28.766250000000003 1.0000000180025095e-35 27.811250000000005 288.67250000000007 326.76375000000002 279.50250000000005 266.00125000000008 300.63125000000008 268.00875000000002 286.00750000000005 27.433750000000003 29.438750000000002 295.50500000000005
decision_type=2 2 2 2 2 2 2 2 2 2 2 2 2 2 2 2 2 2 2 2 2 2 2 2 2 2 2 2 2 2
left_child=15 2 3 4 5 -2 7 -7 9 12 11 -10 13 14 -5 21 -17 18 19 27 -21 -1 23 -23 -22 28 -20 -18 -19 -6
right_child=1 -3 -4 8 29 6 -8 -9 10 -11 -12 -13 -14 -15 -16 16 17 25 26 20 24 22 -24 -25 -26 -27 -28 -29 -30 -31
leaf_value=-0.0003482662133943396 -0.041105243240599526 -0.033985136415356318 0.10165765056652683 0.092454537739977249 0.022345302321731913 0.074923228741519979 0.040865163063155671 0.18242413749624242 -0.013121243058388139 0.11182525350671749 0.046770863333607422 -0.10299353404414087 0.025811795956481282 -0.045009292245265987 -1.1082352894182141e-05 0.080250555747803654 -0.076343221656787086 0.009188909642398357 0.053154475463403239 -0.35257077842950824 -0.0021617235970639048 0.038612311370670796 0.0095659777928048233 0.21047024194151165 -0.16578615896403792 0.045708902130524316 -0.056657694615423686 0.021808582627111012 -0.10095084804509367 -0.025386413140634518
leaf_weight=47940 32 111 21 20 112 36 51 38 413 23 51 21 321 84 148 53 39 23 37 20 21 20 78 20 20 60 20 27 21 113
leaf_count=47940 32 111 21 20 112 36 51 38 413 23 51 21 321 84 148 53 39 23 37 20 21 20 78 20 20 60 20 27 21 113
internal_value=-0.000114538 0.00760012 0.0107106 0.00940515 0.0262621 0.06623 0.0937078 0.130126 0.0034483 0.0149736 -0.0107147 -0.0174699 0.011086 -0.00767194 0.0109967 -0.000368777 -0.0201769 -0.0386584 -0.0650409 -0.100796 -0.170697 -0.000228226 0.0485407 0.124541 -0.0819785 0.00801838 0.0146239 -0.0361902 -0.0433778 -0.00162663
internal_weight=49994 1595 1484 1463 382 157 125 74 1081 596 485 434 573 252 168 48399 341 288 184 127 61 48058 118 40 41 104 57 66 44 225
internal_count=49994 1595 1484 1463 382 157 125 74 1081 596 485 434 573 252 168 48399 341 288 184 127 61 48058 118 40 41 104 57 66 44 225
is_linear=0
shrinkage=0.05


Tree=306
num_leaves=31
num_cat=0
split_feature=1 4 4 4 5 5 1 6 4 0 1 0 5 4 6 4 0 4 6 0 0 4 5 0 4 4 5 4 6 6
split_gain=36.8814 146.045 438.442 442.33 848.812 647.092 451.241 393.123 304.398 283.72 279.115 294.484 175.476 128.645 108.036 141.377 126.207 144.589 102.435 96.9397 100.078 92.7754 161.865 89.7729 124.461 88.5532 135.169 150.585 103.033 85.0061
threshold=9.5000000000000018 17.500000000000004 15.500000000000002 16.500000000000004 1.0000000180025095e-35 1.0000000180025095e-35 10.500000000000002 264.00250000000005 21.500000000000004 26.568750000000005 10.500000000000002 24.841250000000006 37.500000000000007 6.5000000000000009 167.00250000000003 14.500000000000002 27.601250000000004 13.500000000000002 179.80250000000004 28.566250000000007 27.901250000000001 5.5000000000000009 1.0000000180025095e-35 25.871250000000003 18.500000000000004 14.500000000000002 1.0000000180025095e-35 8.5000000000000018 177.82375000000002 229.72250000000005
decision_type=2 2 2 2 2 2 2 2 2 2 2 2 2 2 2 2 2 2 2 2 2 2 2 2 2 2 2 2 2 2
left_child=-1 2 13 4 18 -5 7 -7 23 10 -6 -12 -9 21 15 -15 25 -18 -4 20 -11 -2 -23 -3 -25 26 27 -16 -28 -8
right_child=1 8 3 5 9 6 29 12 -10 19 11 -13 -14 14 16 -17 17 -19 -20 -21 -22 22 -24 24 -26 -27 28 -29 -30 -31
leaf_value=-0.00072294348666530331 0.0066880291744119457 -0.01680060065473081 0.015353172915903004 0.11747456715814264 -0.022899948060512543 0.20959115286286059 -0.068419472485476612 -0.065905482018435449 0.018415871070276171 0.18775791581354889 0.075364257223989775 0.24220592795233978 0.090208674360204633 0.00357616492788274 0.038046391994751003 0.068145503132037974 0.0085685366670163673 -0.028113421078385981 -0.09727450540074363 0.11130450880527497 0.31744920923596337 -0.023463783156540657 0.054258539565245248 -0.087144608489286748 -0.0069348594373358149 0.020659321901836881 -0.0016038633205097954 -0.037912881202840559 -0.04879097349202987 -0.15021263126363146
leaf_weight=41506 2142 1211 33 92 42 26 98 54 701 51 87 38 27 502 143 102 1178 348 52 25 21 90 262 114 84 108 147 120 543 47
leaf_count=41506 2142 1211 33 92 42 26 98 54 701 51 87 38 27 502 143 102 1178 348 52 25 21 90 262 114 84 108 147 120 543 47
internal_value=-0.000108811 0.00289427 0.0066666 0.0442142 0.0838733 0.00397868 -0.0374563 0.0404309 -0.00850854 0.128119 0.0886151 0.126084 -0.0138674 0.00208956 -0.0045599 0.0144803 -0.0090053 0.00020332 -0.0535485 0.196131 0.225585 0.0105973 0.0343864 -0.0219039 -0.0531162 -0.0222497 -0.0271125 0.00338817 -0.0387381 -0.0949317
internal_weight=49994 8488 6378 693 349 344 252 107 2110 264 167 125 81 5685 3191 604 2587 1526 85 97 72 2494 352 1409 198 1061 953 263 690 145
internal_count=49994 8488 6378 693 349 344 252 107 2110 264 167 125 81 5685 3191 604 2587 1526 85 97 72 2494 352 1409 198 1061 953 263 690 145
is_linear=0
shrinkage=0.05


Tree=307
num_leaves=31
num_cat=0
split_feature=8 5 4 1 4 4 6 6 8 6 5 6 0 4 8 5 5 6 4 0 1 6 0 0 1 6 6 8 8 8
split_gain=78.4783 126.449 158.479 198.301 141.672 137.183 131.214 282.96 129.403 117.743 116.481 106.736 103.23 95.1068 94.9839 117.907 210.972 304.35 207.178 250.554 183.59 167.364 101.6 140.986 155.076 150.329 98.1235 105.039 165.502 156.064
threshold=136.98250000000004 1.0000000180025095e-35 3.5000000000000004 5.5000000000000009 9.5000000000000018 4.5000000000000009 210.48750000000004 240.25625000000002 115.01750000000001 151.03250000000003 22.500000000000004 161.00500000000002 15.436250000000003 4.5000000000000009 175.00750000000002 37.500000000000007 1.0000000180025095e-35 197.75250000000003 9.5000000000000018 29.966250000000006 2.5000000000000004 258.26500000000004 29.548750000000002 33.148750000000007 5.5000000000000009 229.01000000000002 176.47750000000005 144.50125000000003 154.13500000000002 151.35375000000002
decision_type=2 2 2 2 2 2 2 2 2 2 2 2 2 2 2 2 2 2 2 2 2 2 2 2 2 2 2 2 2 2
left_child=1 6 9 10 5 -5 -1 -8 -7 -3 -4 -2 -11 -12 15 16 21 18 19 -18 -19 -13 -22 24 -24 -26 -17 -28 29 -29
right_child=11 2 3 4 -6 8 7 -9 -10 12 13 14 -14 -15 -16 26 17 20 -20 -21 22 -23 23 -25 25 -27 27 28 -30 -31
leaf_value=-0.018892882454772178 0.0070213069785628737 -0.0097472663761874016 0.02138450578786788 0.022303374024728935 0.0008699072436207817 0.22527213763445617 -0.20876923308574727 0.025194934445122882 0.083916812451446762 0.040785647644661367 0.01442527260395144 -0.016793026215053526 -0.084082665919171032 -0.025059307776185487 0.00041756002400852995 -0.0067863392769697863 -0.023055178078827496 0.17300455050356689 0.0077672920587912933 -0.20356740858405831 0.021713215299267022 -0.13107723673862037 0.19590207770947488 -0.03734083860403016 0.13686104448368916 -0.036672964424360542 0.040166197846909724 -0.052737701969351951 -0.029131179752971498 -0.18808964586214108
leaf_weight=824 5446 1173 410 75 105 20 28 24 85 20 226 1096 96 469 36480 591 495 25 1217 20 368 33 31 21 26 24 42 57 433 34
leaf_count=824 5446 1173 410 75 105 20 28 24 85 20 226 1096 96 469 36480 591 495 25 1217 20 368 33 31 21 26 24 42 57 433 34
internal_value=-0.000103371 -0.00726328 -0.00187098 0.00983986 0.0470262 0.0739507 -0.0237541 -0.100786 0.110842 -0.0144994 0.000248818 0.000444735 -0.0625536 -0.0122197 -0.000428976 -0.00727179 -0.00252651 0.00639953 -0.00348202 -0.0300654 0.040975 -0.0201335 0.0339521 0.0781083 0.10804 0.0535647 -0.021036 -0.035915 -0.0420132 -0.103309
internal_weight=49994 3555 2679 1390 285 180 876 52 105 1289 1105 46439 116 695 40993 4513 3356 2227 1732 515 495 1129 470 102 81 50 1157 566 524 91
internal_count=49994 3555 2679 1390 285 180 876 52 105 1289 1105 46439 116 695 40993 4513 3356 2227 1732 515 495 1129 470 102 81 50 1157 566 524 91
is_linear=0
shrinkage=0.05


Tree=308
num_leaves=31
num_cat=0
split_feature=8 5 4 5 7 4 0 6 6 6 6 7 0 7 8 8 4 7 0 6 8 6 6 7 0 7 8 4 4 4
split_gain=70.8266 114.12 143.027 156.081 143.903 129.878 154.133 194.747 118.42 255.371 96.329 165.025 400.817 282.518 133.689 101.59 154.598 151.382 105.67 137.783 86.0139 186.627 267.094 226.715 213.488 143.955 156.28 133.341 161.655 177.161
threshold=136.98250000000004 1.0000000180025095e-35 3.5000000000000004 22.500000000000004 224.00250000000003 9.5000000000000018 27.396250000000006 178.50125000000003 210.48750000000004 240.25625000000002 161.00500000000002 208.17750000000004 30.453750000000003 197.00875000000005 175.00750000000002 167.77500000000003 6.5000000000000009 145.52500000000003 23.291250000000002 153.01000000000002 169.25625000000002 197.00875000000005 219.22125000000003 240.25625000000002 25.758750000000003 193.25500000000002 151.35375000000002 15.500000000000002 19.500000000000004 16.500000000000004
decision_type=2 2 2 2 2 2 2 2 2 2 2 2 2 2 2 2 2 2 2 2 2 2 2 2 2 2 2 2 2 2
left_child=1 8 4 -4 -3 6 7 -5 -1 -10 11 13 14 15 -13 -2 17 -17 19 -19 21 25 -23 -24 -25 27 -27 -12 29 -29
right_child=10 2 3 5 -6 -7 -8 -9 9 -11 20 12 -14 -15 -16 16 -18 18 -20 -21 -22 22 23 24 -26 26 -28 28 -30 -31
leaf_value=-0.017948238419611018 0.003754938797655677 -0.011677146158001785 0.031390671051398499 0.007096525113481889 -0.14684898361563684 -0.030863889499493331 -0.096701472788117832 0.11242452294876178 -0.19833077116470255 0.023935187918444477 -0.016701370009545687 -0.031023124064299329 -0.081609405767753995 0.068308470360251311 0.018820827422192793 0.023465788972264687 0.011856642780093653 0.239189477207569 0.051415766469943218 0.064629092589020734 0.00025711598695876182 0.049205396440357894 -0.03833682345327355 -0.055686513012066521 0.068228946345311306 0.0059213715660685713 -0.062538227051640791 0.0302024203473523 -0.015226080010526201 0.18600522510707379
leaf_weight=824 3482 1269 509 512 20 289 32 48 28 24 1551 191 173 201 455 112 747 26 39 20 37809 308 286 48 126 118 284 208 235 20
leaf_count=824 3482 1269 509 512 20 289 32 48 28 24 1551 191 173 201 455 112 747 26 39 20 37809 308 286 48 126 118 284 208 235 20
internal_value=-9.82023e-05 -0.00690011 -0.00177743 0.00934787 -0.0137745 -0.00338742 0.0100259 0.0161246 -0.0225664 -0.0957465 0.000422498 0.00667024 -0.0140175 0.0103321 0.00408368 0.00769916 0.0222477 0.0616492 0.111961 0.163294 -0.000407527 -0.00829995 0.0131703 -0.0109575 0.0340454 -0.015125 -0.0424431 -0.00967217 0.0138749 0.0438693
internal_weight=49994 3555 2679 1390 1289 881 592 560 876 52 46439 5446 819 4627 646 4426 944 197 85 46 40993 3184 768 460 174 2416 402 2014 463 228
internal_count=49994 3555 2679 1390 1289 881 592 560 876 52 46439 5446 819 4627 646 4426 944 197 85 46 40993 3184 768 460 174 2416 402 2014 463 228
is_linear=0
shrinkage=0.05


Tree=309
num_leaves=31
num_cat=0
split_feature=8 4 4 1 6 4 1 6 5 4 6 4 6 4 5 4 8 1 1 8 6 6 6 1 4 6 8 4 4 3
split_gain=63.921 104.228 121.981 184.319 175.666 138.298 154.129 113.023 106.998 142.463 102.791 97.0204 88.4828 89.3551 82.7885 81.2243 126.13 79.0028 125.169 82.9433 72.5627 104.905 135.743 125.352 81.4881 67.332 79.5417 63.0881 86.3695 62.741
threshold=136.98250000000004 17.500000000000004 3.5000000000000004 7.5000000000000009 145.31500000000003 9.5000000000000018 10.500000000000002 161.00500000000002 1.0000000180025095e-35 15.500000000000002 208.83375000000004 4.5000000000000009 134.00250000000003 9.5000000000000018 37.500000000000007 19.500000000000004 190.40250000000003 7.5000000000000009 1.5000000000000002 122.17000000000002 226.52750000000003 197.75250000000003 177.82375000000002 4.5000000000000009 7.5000000000000009 164.77750000000003 91.300000000000011 11.500000000000002 14.500000000000002 1.0000000180025095e-35
decision_type=2 2 2 2 2 2 2 2 2 2 2 2 2 2 2 2 2 2 2 2 2 2 2 2 2 2 2 2 2 2
left_child=1 2 4 8 -1 6 -5 -7 10 14 27 -8 13 -2 20 -15 -17 18 -6 -20 21 22 23 25 -25 26 -10 -4 -29 -9
right_child=12 -3 3 5 17 7 11 29 9 -11 -12 -13 -14 15 -16 16 -18 -19 19 -21 -22 -23 -24 24 -26 -27 -28 28 -30 -31
leaf_value=-0.0089622356726604575 0.027386774732188014 -0.053170533589456753 -0.027387526646563756 0.17693901675939561 -0.0049833321636074488 -0.10779699652145308 0.0076619990382586489 0.090141123426812034 0.10529869788636764 0.10573618011001279 -0.11140780774876476 0.077992869033699952 6.8773162958078279e-05 -0.012383325377611516 -0.019441527747403597 0.001292359577033852 0.13109218414734911 0.0182568048161489 -0.19526855260133746 -0.082811558884210323 0.080300981691107165 -0.07685103003467833 0.092037519221479194 -0.15029317729175093 -0.013638990217198929 -0.055246228831154966 0.012114455096772872 0.093028882418626127 -0.026364205224495948 -0.021082987287081779
leaf_weight=1489 600 116 297 25 46 24 92 21 24 34 32 105 45385 366 320 61 27 27 20 91 36 35 49 20 24 35 500 28 33 32
leaf_count=1489 600 116 297 25 46 24 92 21 24 34 32 105 45385 366 320 61 27 27 20 91 36 35 49 20 24 35 500 28 33 32
internal_value=-9.32922e-05 -0.00655511 -0.00498274 0.00418271 -0.0146577 0.0399626 0.0599893 -0.0177769 -0.00310985 0.00501598 -0.0255496 0.045148 0.000401373 0.014723 0.00173267 -0.00201316 0.0411173 -0.0607474 -0.0743341 -0.103074 0.0111044 0.00747836 0.0120052 0.00550179 -0.0757545 0.0118976 0.0163824 -0.0178752 0.0284392 0.0229869
internal_weight=49994 3555 3439 1766 1673 299 222 77 1467 1077 390 197 46439 1054 1043 454 88 184 157 111 723 687 652 603 44 559 524 358 61 53
internal_count=49994 3555 3439 1766 1673 299 222 77 1467 1077 390 197 46439 1054 1043 454 88 184 157 111 723 687 652 603 44 559 524 358 61 53
is_linear=0
shrinkage=0.05


Tree=310
num_leaves=31
num_cat=0
split_feature=8 6 7 7 8 6 6 7 7 8 1 6 8 6 8 5 7 1 6 7 6 1 7 7 8 1 7 8 6 1
split_gain=52.9387 161.09 441.163 208.244 221.047 114.191 213.195 151.584 187.781 131.711 192.23 104.247 98.817 98.1359 92.5434 168.141 118.622 83.3638 124.337 159.755 86.4707 117.709 129.286 263.773 77.8094 73.0426 115.133 109.661 110.487 86.0617
threshold=286.42250000000007 271.00250000000005 190.75500000000002 239.00125000000003 179.13250000000002 305.50750000000005 294.00250000000005 216.30875000000003 231.27375000000004 223.54125000000002 7.5000000000000009 321.28250000000008 213.91750000000002 273.00250000000005 251.96000000000001 1.0000000180025095e-35 207.58875000000003 8.5000000000000018 343.70000000000005 310.00750000000005 194.31875000000002 3.5000000000000004 225.00500000000002 235.00375000000003 261.00125000000008 7.5000000000000009 231.27375000000004 275.58750000000003 275.00250000000005 6.5000000000000009
decision_type=2 2 2 2 2 2 2 2 2 2 2 2 2 2 2 2 2 2 2 2 2 2 2 2 2 2 2 2 2 2
left_child=1 24 11 4 -4 6 9 -8 -9 10 -6 13 -7 -3 15 -11 -17 18 20 -20 -2 22 -22 -24 -1 26 27 28 -16 -30
right_child=17 2 3 -5 5 12 7 8 -10 14 -12 -13 -14 -15 25 16 -18 -19 19 -21 21 -23 23 -25 -26 -27 -28 -29 29 -31
leaf_value=-0.00030137362486666353 0.1027040763758123 0.14447672715918586 -0.20164546623826027 -0.008265270344505915 -0.1979917995778292 0.088117019639861197 -0.22170252411261848 -0.0025848269826028408 -0.16026478230953217 -0.071395662594206474 0.0011148137802427466 0.1635704154148698 -0.014962967266879415 0.033134094053326256 -0.028203537123543877 0.12853914637983377 0.011712161345484178 -0.0049661234985134027 0.00017158731266304298 0.17381849917941369 0.03906472727399448 0.0090862627513167687 -0.23852661292999985 -0.018737664610840556 0.0083453466685813934 -0.0099010880338028084 0.029973428011597959 -0.025493084006356422 -0.18487694063110324 -0.078932742955577048
leaf_weight=39147 24 22 20 2249 27 31 23 41 35 49 22 20 93 197 35 28 97 1459 27 26 29 3121 20 43 2787 150 34 81 41 36
leaf_count=39147 24 22 20 2249 27 31 23 41 35 49 22 20 93 197 35 28 97 1459 27 26 29 3121 20 43 2787 150 34 81 41 36
internal_value=-4.04677e-05 -0.000567371 -0.0111506 -0.0162096 -0.0374038 -0.0334125 -0.0412568 -0.109236 -0.0752006 -0.0300402 -0.108597 0.0542984 0.010807 0.0443192 -0.0230542 0.00710798 0.0378814 0.0049817 0.00939321 0.0853569 0.00814944 0.00744315 -0.0482976 -0.0885119 0.000273301 -0.0369752 -0.0548656 -0.0698114 -0.101863 -0.135345
internal_weight=50014 45265 3331 3092 843 823 699 99 76 600 49 239 124 219 551 174 125 4749 3290 53 3237 3213 92 63 41934 377 227 193 112 77
internal_count=50014 45265 3331 3092 843 823 699 99 76 600 49 239 124 219 551 174 125 4749 3290 53 3237 3213 92 63 41934 377 227 193 112 77
is_linear=0
shrinkage=0.05


Tree=311
num_leaves=31
num_cat=0
split_feature=0 4 1 4 7 4 5 1 7 0 4 7 0 7 1 7 1 4 7 7 0 7 1 7 4 7 4 5 0 1
split_gain=52.5771 127.53 118.559 116.919 207.957 150.976 403.694 110.329 98.163 83.1562 240.06 377.942 232.802 459.957 199.097 257.61 184.935 238.918 464.063 224.106 168.905 243.551 487.605 220.579 150.036 209.378 189.266 218.91 175.881 154.304
threshold=25.598750000000006 22.500000000000004 2.5000000000000004 4.5000000000000009 127.04875000000001 3.5000000000000004 1.0000000180025095e-35 4.5000000000000009 91.300000000000011 29.381250000000005 14.500000000000002 178.00500000000002 34.941250000000004 200.66750000000002 4.5000000000000009 242.65375000000003 5.5000000000000009 19.500000000000004 300.63125000000008 183.45000000000002 33.148750000000007 190.75500000000002 7.5000000000000009 230.75875000000005 11.500000000000002 116.92250000000001 12.500000000000002 1.0000000180025095e-35 32.403750000000009 5.5000000000000009
decision_type=2 2 2 2 2 2 2 2 2 2 2 2 2 2 2 2 2 2 2 2 2 2 2 2 2 2 2 2 2 2
left_child=8 2 -2 4 7 -6 -7 -4 -1 -5 24 -12 14 -14 15 -13 17 18 -16 -18 21 22 -21 -22 29 28 -27 -28 -26 -11
right_child=1 -3 3 9 5 6 -8 -9 -10 10 11 12 13 -15 16 -17 19 -19 -20 20 23 -23 -24 -25 25 26 27 -29 -30 -31
leaf_value=-0.05805491759058308 -0.017018908001401017 -0.020297659102147998 0.002216325787594542 0.0034822143501528598 -0.0069626273840358126 0.046038753580124603 -0.066773812081176151 0.12482906040833007 0.002120103360011746 0.007560069817639993 0.02798880306456817 0.031762046364435394 -0.31702520966529851 -0.013150397916747767 -0.068226305311331642 -0.050308319559211251 -0.13956272456991045 -0.21928755286234347 0.11365661020271289 -0.28846767200157047 0.18689419727610507 -0.015116697331313165 0.0374186785383658 -0.03723848880312982 -0.20910414189100265 0.025704486080859769 0.028200677328121811 -0.0063588179374909808 -0.0063661888241767885 -0.011612673434193303
leaf_weight=68 1086 865 32 13977 2404 105 324 43 20280 1676 412 322 20 33 348 136 38 22 39 24 23 1072 22 21 20 1304 608 1860 23 2807
leaf_count=68 1086 865 32 13977 2404 105 324 43 20280 1676 412 322 20 33 348 136 38 22 39 24 23 1072 22 21 20 1304 608 1860 23 2807
internal_value=-3.84443e-05 -0.00138107 -0.000812931 -0.000177907 -0.00966308 -0.0118386 -0.0391623 0.0725143 0.00191901 0.000933991 -0.0023547 -0.015831 -0.0243469 -0.12782 -0.0216937 0.00739181 -0.0299729 -0.0590085 -0.049897 -0.0200766 -0.0161692 -0.0199509 -0.132609 0.0799218 0.00175737 0.00904555 0.0102962 0.00215503 -0.100663 -0.00444481
internal_weight=50014 29666 28801 27715 2908 2833 429 75 20348 24807 10830 2532 2120 53 2067 458 1609 409 387 1200 1162 1118 46 44 8298 3815 3772 2468 43 4483
internal_count=50014 29666 28801 27715 2908 2833 429 75 20348 24807 10830 2532 2120 53 2067 458 1609 409 387 1200 1162 1118 46 44 8298 3815 3772 2468 43 4483
is_linear=0
shrinkage=0.05


end of trees

feature_importances:
y_lag_1=2268
y_lag_24h=1766
hour=1692
temp_weighted=1230
y_lag_7d=1188
month=725
minute=383
is_weekend=108

parameters:
[boosting: gbdt]
[objective: regression]
[metric: rmse,l1]
[tree_learner: serial]
[device_type: cpu]
[data_sample_strategy: bagging]
[data: ]
[valid: ]
[num_iterations: 1000]
[learning_rate: 0.05]
[num_leaves: 31]
[num_threads: 0]
[seed: 42]
[deterministic: 0]
[force_col_wise: 0]
[force_row_wise: 0]
[histogram_pool_size: -1]
[max_depth: -1]
[min_data_in_leaf: 20]
[min_sum_hessian_in_leaf: 0.001]
[bagging_fraction: 0.8]
[pos_bagging_fraction: 1]
[neg_bagging_fraction: 1]
[bagging_freq: 5]
[bagging_seed: 400]
[bagging_by_query: 0]
[feature_fraction: 0.8]
[feature_fraction_bynode: 1]
[feature_fraction_seed: 30056]
[extra_trees: 0]
[extra_seed: 12879]
[early_stopping_round: 0]
[early_stopping_min_delta: 0]
[first_metric_only: 0]
[max_delta_step: 0]
[lambda_l1: 0]
[lambda_l2: 0]
[linear_lambda: 0]
[min_gain_to_split: 0]
[drop_rate: 0.1]
[max_drop: 50]
[skip_drop: 0.5]
[xgboost_dart_mode: 0]
[uniform_drop: 0]
[drop_seed: 17869]
[top_rate: 0.2]
[other_rate: 0.1]
[min_data_per_group: 100]
[max_cat_threshold: 32]
[cat_l2: 10]
[cat_smooth: 10]
[max_cat_to_onehot: 4]
[top_k: 20]
[monotone_constraints: ]
[monotone_constraints_method: basic]
[monotone_penalty: 0]
[feature_contri: ]
[forcedsplits_filename: ]
[refit_decay_rate: 0.9]
[cegb_tradeoff: 1]
[cegb_penalty_split: 0]
[cegb_penalty_feature_lazy: ]
[cegb_penalty_feature_coupled: ]
[path_smooth: 0]
[interaction_constraints: ]
[verbosity: -1]
[saved_feature_importance_type: 0]
[use_quantized_grad: 0]
[num_grad_quant_bins: 4]
[quant_train_renew_leaf: 0]
[stochastic_rounding: 1]
[linear_tree: 0]
[max_bin: 255]
[max_bin_by_feature: ]
[min_data_in_bin: 3]
[bin_construct_sample_cnt: 200000]
[data_random_seed: 175]
[is_enable_sparse: 1]
[enable_bundle: 1]
[use_missing: 1]
[zero_as_missing: 0]
[feature_pre_filter: 1]
[pre_partition: 0]
[two_round: 0]
[header: 0]
[label_column: ]
[weight_column: ]
[group_column: ]
[ignore_column: ]
[categorical_feature: ]
[forcedbins_filename: ]
[precise_float_parser: 0]
[parser_config_file: ]
[objective_seed: 16083]
[num_class: 1]
[is_unbalance: 0]
[scale_pos_weight: 1]
[sigmoid: 1]
[boost_from_average: 1]
[reg_sqrt: 0]
[alpha: 0.9]
[fair_c: 1]
[poisson_max_delta_step: 0.7]
[tweedie_variance_power: 1.5]
[lambdarank_truncation_level: 30]
[lambdarank_norm: 1]
[label_gain: ]
[lambdarank_position_bias_regularization: 0]
[eval_at: ]
[multi_error_top_k: 1]
[auc_mu_weights: ]
[num_machines: 1]
[local_listen_port: 12400]
[time_out: 120]
[machine_list_filename: ]
[machines: ]
[gpu_platform_id: -1]
[gpu_device_id: -1]
[gpu_use_dp: 0]
[num_gpu: 1]

end of parameters

pandas_categorical:[]
