tree
version=v4
num_class=1
num_tree_per_iteration=1
label_index=0
max_feature_idx=8
objective=regression
feature_names=temp_weighted month holiday is_weekend hour minute y_lag_24h y_lag_7d y_lag_1
feature_infos=[14.375:41.75] [1:12] [0:1] [0:1] [0:23] [0:45] [5210.1599999999999:16756.419999999998] [5210.1599999999999:16756.419999999998] [5210.1599999999999:16756.419999999998]
tree_sizes=2865 2895 2884 2883 2901 2913 2906 2879 2906 2909 2912 2891 2907 2904 2896 2896 2865 2878 2891 2893 2900 2895 2908 2906 2900 2909 2904 2885 2883 2902 2897 2890 2883 2901 2891 2897 2879 2905 2898 2908 2899 2906 2899 2901 2907 2909 2894 2897 2907 2910 2908 2917 2890 2903 2914 2893 2888 2904 2893 2902 2902 2906 2913 2922 2912 2909 2900 2916 2893 2911 2911 2907 2934 2913 2903 2913 2919 2907 2894 2942 2917 2916 2922 2928 2904 2928 2899 2930 2927 2925 2919 2916 2821 2918 2800 2932 2851 2916 2923 2901 2938 2943 2941 2785 2897 2917 2946 2910 2913 2871 2938 2947 2857 2937 2912 2923 2896 2925 2917 2926 2910 2946 2903 2929 2888 2856 2901 2861 2895 2928 2862 2896 2906 2914 2757 2827 2824 2842 2868 2835 2905 2830 2843 2847 2811 2796 2869 2832 2836 2809 2805 2815 2854 2801 2787 2797 2754 2819 2797 2807 2819 2800 2751 2797 2786 2819 2806 2839 2829 2746 2792 2787 2732 2810 2751 2807 2803 2818 2773 2772 2775 2839 2826 2730 2784 2791 2768 2769 2775 2807 2774 2788 2770 2742 2769 2803 2764 2738 2804 2788 2790 2706 2741 2797 2799 2778 2781 2772 2772 2742 2801 2769 2743 2745 2746 2741 2783 2764 2755 2740 2772 2786 2737 2744 2768 2756 2705 2766 2791 2701 2756 2743 2776 2733 2794 2746 2776 2726 2762 2743 2781 2751 2733 2749 2744 2754 2749 2732 2735 2811 2777 2731 2736 2817 2760 2687 2701 2772 2768 2803 2720 2714 2787 2725 2775 2767 2805 2809 2764 2775 2736 2749 2726 2747 2770 2737 2752 2720 2743 2716 2723 2765 2756 2725 2730 2748 2740 2770 2720 2758 2767 2735 2755 2751 2809 2734 2739 2699 2744 2726 2747 2734 2722 2756 2738 2738 2706 2835 2799 2722 2771 2760 2764 2772 2697 2741 2727 2752 2754 2704 2776 2772 2798 2769 2766 2694 2740 2753 2771 2724 2651 2766 2760 2747 2761 2757 2715 2689 2735 2765

Tree=0
num_leaves=31
num_cat=0
split_feature=8 8 8 8 8 8 8 8 8 8 8 8 8 8 8 8 8 8 8 8 8 8 8 8 6 8 8 8 8 8
split_gain=2.27799e+11 3.20535e+10 2.52943e+10 6.31918e+09 5.25728e+09 3.45355e+09 3.26314e+09 9.90001e+08 9.17832e+08 7.36214e+08 5.6143e+08 4.0727e+08 3.8386e+08 3.74373e+08 2.83987e+08 1.64381e+08 1.43409e+08 1.30612e+08 1.22201e+08 1.01904e+08 9.04951e+07 7.5642e+07 7.25726e+07 5.47218e+07 5.22629e+07 5.19548e+07 5.10452e+07 4.95758e+07 4.76914e+07 4.52888e+07
threshold=11145.536250000003 8866.3975000000009 13575.381250000002 7645.0150000000003 9960.7925000000014 12332.350000000002 14843.492500000002 8295.0287500000013 6890.3150000000005 9408.8300000000017 10504.796250000001 15563.876250000003 12962.536250000003 11730.305000000002 14197.517500000002 6370.5687500000013 8000.0500000000011 8574.8900000000012 7291.9875000000002 9130.2912500000039 10800.113750000002 9681.353750000002 10262.436250000001 15886.921250000001 12273.535000000002 15216.782500000003 13866.538750000002 11997.860000000002 11407.567500000001 13290.517500000002
decision_type=2 2 2 2 2 2 2 2 2 2 2 2 2 2 2 2 2 2 2 2 2 2 2 2 2 2 2 2 2 2
left_child=1 3 5 8 9 13 14 16 15 19 22 25 24 28 26 -1 -5 -9 -10 -3 -12 -11 -6 -13 -7 -8 -4 -15 -2 -14
right_child=2 4 6 7 10 12 11 17 18 21 20 23 29 27 -16 -17 -18 -19 -20 -21 -22 -23 -24 -25 -26 -27 -28 -29 -30 -31
leaf_value=10071.446310139841 10333.872843544626 10220.313762494789 10455.610647360221 10162.306569219962 10275.711013878268 10390.892604826271 10522.223634053867 10192.11859644238 10125.751723043075 10248.024442164337 10302.122892741008 10555.307257364775 10426.099015146252 10362.329032210244 10493.239982075896 10102.992920148556 10177.98332877794 10206.538011404344 10144.504268713972 10233.818194454861 10318.610062175618 10261.3122422583 10290.582154440399 10573.97089499532 10408.160836207435 10538.571945109248 10472.047922746757 10378.221633854511 10347.593790240009 10441.307632756765
leaf_weight=588 1169 2812 788 2715 1960 652 966 3157 1561 2174 1571 782 981 972 1729 1387 3153 3125 1959 2776 1770 2111 1411 789 1336 978 1179 991 1382 977
leaf_count=588 1169 2812 788 2715 1960 652 966 3157 1561 2174 1571 782 981 972 1729 1387 3153 3125 1959 2776 1770 2111 1411 789 1336 978 1179 991 1382 977
internal_value=10284.6 10212.3 10442.5 10165.4 10262.2 10383.8 10511.3 10185.5 10120.9 10239 10296.3 10545.7 10418 10353.9 10478.5 10093.6 10170.7 10199.3 10136.2 10227 10310.9 10254.6 10281.9 10564.7 10402.5 10530.4 10465.5 10370.4 10341.3 10433.7
internal_weight=49901 34230 15671 17645 16585 8460 7211 12150 5495 9873 6712 3515 3946 4514 3696 1975 5868 6282 3520 5588 3341 4285 3371 1571 1988 1944 1967 1963 2551 1958
internal_count=49901 34230 15671 17645 16585 8460 7211 12150 5495 9873 6712 3515 3946 4514 3696 1975 5868 6282 3520 5588 3341 4285 3371 1571 1988 1944 1967 1963 2551 1958
is_linear=0
shrinkage=1


Tree=1
num_leaves=31
num_cat=0
split_feature=8 8 8 8 8 8 8 8 8 8 8 8 8 8 8 8 8 8 8 8 8 8 8 8 8 8 8 6 6 8
split_gain=2.05591e+11 2.95445e+10 2.21391e+10 5.93368e+09 4.72109e+09 2.94651e+09 2.94498e+09 9.26758e+08 8.81317e+08 6.42472e+08 5.16758e+08 3.67561e+08 3.4696e+08 3.02641e+08 2.56298e+08 1.69623e+08 1.3102e+08 1.23671e+08 1.02515e+08 1.0119e+08 7.87663e+07 7.44354e+07 5.57485e+07 4.93864e+07 4.68892e+07 4.60683e+07 4.47421e+07 4.31883e+07 4.25778e+07 3.99415e+07
threshold=11182.942500000003 8907.4562500000011 13575.381250000002 7677.1875000000009 9984.2900000000027 12332.350000000002 14843.492500000002 8311.3287500000024 6946.5425000000005 9408.8300000000017 10631.551250000002 15563.876250000003 12906.085000000001 11730.305000000002 14197.517500000002 6370.5687500000013 8648.3312500000011 8000.0500000000011 10296.880000000003 7333.3500000000013 9703.4625000000033 9169.0612500000007 13222.700000000003 15886.921250000001 15216.782500000003 13866.538750000002 11997.860000000002 10670.582500000002 11147.367500000002 14424.677500000003
decision_type=2 2 2 2 2 2 2 2 2 2 2 2 2 2 2 2 2 2 2 2 2 2 2 2 2 2 2 2 2 2
left_child=1 3 5 8 9 13 14 17 15 21 18 24 -7 28 25 -1 -9 -5 -6 -10 -11 -3 -14 -13 -8 -4 -15 -12 -2 -16
right_child=2 4 6 7 10 12 11 16 19 20 27 23 22 26 29 -17 -18 -19 -20 -21 -22 -23 -24 -25 -26 -27 -28 -29 -30 -31
leaf_value=-202.34630334555698 46.560952972696953 -59.160634904262309 162.60981854279032 -115.36421675050572 -6.754171924533579 110.52511377254365 225.89215338096858 -85.690428937470884 -148.34428525888237 -34.095678244126255 21.218168122389372 257.32160182474826 131.52134663299532 73.992283970240223 189.91626209978602 -170.88879015958764 -71.301335018134395 -100.71282130156763 9.3578849064462002 -131.28959894268331 -20.818951747284871 -47.144455546290942 147.6425430918548 275.05206080679659 241.42305708497094 178.22523113635762 89.09025105034668 34.244207254358827 60.358019007179387 205.1992196703207
leaf_weight=588 909 2811 788 2522 1970 1783 966 3723 1570 2359 997 782 983 972 774 1580 2751 3358 1979 1950 2122 2380 1180 789 978 1179 991 1759 1453 955
leaf_count=588 909 2811 788 2522 1970 1783 966 3723 1570 2359 997 782 983 972 774 1580 2751 3358 1979 1950 2122 2380 1180 789 978 1179 991 1759 1453 955
internal_value=0.117545 -67.9487 151.44 -112.084 -19.3265 95.6115 215.475 -92.6273 -154.342 -41.6784 12.9163 248.24 126.855 67.1059 184.314 -179.421 -79.5761 -106.997 1.32022 -138.896 -27.8084 -53.6514 140.316 266.226 233.706 171.97 81.6143 29.532 55.0483 198.358
internal_weight=49901 34419 15482 18042 16377 8271 7211 12354 5688 9672 6705 3515 3946 4325 3696 2168 6474 5880 3949 3520 4481 5191 2163 1571 1944 1967 1963 2756 2362 1729
internal_count=49901 34419 15482 18042 16377 8271 7211 12354 5688 9672 6705 3515 3946 4325 3696 2168 6474 5880 3949 3520 4481 5191 2163 1571 1944 1967 1963 2756 2362 1729
is_linear=0
shrinkage=0.05


Tree=2
num_leaves=31
num_cat=0
split_feature=6 6 6 6 6 6 6 6 7 6 6 7 6 6 6 6 6 7 6 6 1 7 1 7 6 7 7 1 6 7
split_gain=1.76988e+11 2.50921e+10 1.7337e+10 4.76202e+09 3.68503e+09 3.16558e+09 1.64608e+09 1.20631e+09 7.28076e+08 5.24669e+08 5.02453e+08 3.75133e+08 3.68601e+08 2.41401e+08 2.10697e+08 1.86456e+08 1.75554e+08 1.42774e+08 1.21438e+08 1.08035e+08 9.95754e+07 8.40605e+07 7.74959e+07 7.53992e+07 7.20772e+07 6.81349e+07 9.9497e+07 1.03151e+08 8.73118e+07 7.01813e+07
threshold=11219.600000000002 8981.4937500000015 13347.875000000002 7450.6750000000002 9961.751250000003 14566.588750000001 12194.766250000002 8363.4050000000007 14426.328750000002 10599.892500000002 6818.9700000000012 14929.817500000003 9498.6225000000013 12748.266250000002 8021.0750000000007 11735.470000000003 14055.557500000001 12688.515000000001 8592.5562500000015 6180.5912500000004 6.5000000000000009 12273.535000000002 7.5000000000000009 14202.887500000003 7161.2675000000008 9870.902500000002 12065.997500000003 3.5000000000000004 13730.420000000002 14105.987500000001
decision_type=2 2 2 2 2 2 2 2 2 2 2 2 2 2 2 2 2 2 2 2 2 2 2 2 2 2 2 2 2 2
left_child=1 3 6 10 8 16 15 14 12 23 19 20 17 -8 -5 -2 25 -3 -9 -1 -7 -14 -19 -6 -12 28 -27 -28 -4 -29
right_child=2 4 5 7 9 11 13 18 -10 -11 24 -13 21 -15 -16 -17 -18 22 -20 -21 -22 -23 -24 -25 -26 26 27 29 -30 -31
leaf_value=-190.60066887883858 53.165973866831806 -48.451125891926004 146.06716811546912 -108.80987038936317 -2.9144489229700352 212.95583165046665 95.671116838606579 -80.618698160699466 193.11764723833869 25.902650642241085 -142.24696969665939 235.96130193939271 -28.011533901151807 121.85377960004405 -92.37994386194859 75.836602983274659 172.33234693083728 54.032833353678384 -66.772090809984221 -161.15610351674616 185.84403555000006 5.862078540990149 -29.175673340212917 30.569042115997185 -125.45328503416862 178.46363553647643 154.14838201906468 136.4926705317242 49.850814592516102 83.239274997021781
leaf_weight=404 2142 5035 65 4092 3760 1156 1575 2565 34 3175 1192 2441 3275 1996 3730 1573 1759 51 4138 1361 479 194 62 176 1377 324 1407 243 37 83
leaf_count=404 2142 5035 65 4092 3760 1156 1575 2565 34 3175 1192 2441 3275 1996 3730 1573 1759 51 4138 1361 479 194 62 176 1377 324 1407 243 37 83
internal_value=0.111666 -62.4458 141.853 -101.361 -15.8848 192.699 86.0657 -87.6363 -37.8036 10.7809 -147.357 223.547 -38.7148 110.306 -100.975 62.7651 160.607 -47.2037 -72.0707 -167.896 205.013 -26.1172 8.37861 -1.41722 -133.245 151.053 153.031 148.277 111.165 122.934
internal_weight=49901 34621 15280 18859 15762 7994 7286 14525 8651 7111 4334 4076 8617 3571 7822 3715 3918 5148 6703 1765 1635 3469 113 3936 2569 2159 2057 1733 102 326
internal_count=49901 34621 15280 18859 15762 7994 7286 14525 8651 7111 4334 4076 8617 3571 7822 3715 3918 5148 6703 1765 1635 3469 113 3936 2569 2159 2057 1733 102 326
is_linear=0
shrinkage=0.05


Tree=3
num_leaves=31
num_cat=0
split_feature=6 6 6 6 6 6 6 6 7 6 6 6 7 6 6 6 6 7 7 6 6 6 7 1 1 7 7 6 0 1
split_gain=1.59732e+11 2.26505e+10 1.56467e+10 4.16051e+09 3.51651e+09 2.85693e+09 1.48559e+09 9.96824e+08 6.62076e+08 4.78163e+08 4.53562e+08 3.75664e+08 3.39769e+08 2.17864e+08 1.91025e+08 1.68277e+08 1.58438e+08 1.17488e+08 1.11076e+08 1.10962e+08 9.59795e+07 8.71208e+07 7.95703e+07 7.45079e+07 7.28758e+07 7.27749e+07 6.7638e+07 6.6972e+07 6.36801e+07 6.22477e+07
threshold=11219.600000000002 8944.215000000002 13347.875000000002 7450.6750000000002 9961.751250000003 14566.588750000001 12194.766250000002 8363.4050000000007 14426.328750000002 10670.582500000002 6890.3150000000005 9387.6000000000004 14566.792500000001 12748.266250000002 8038.1137500000013 11735.470000000003 14055.557500000001 12480.052500000002 10200.72875 6180.5912500000004 8540.7237500000028 10374.735000000002 15887.485000000002 7.5000000000000009 7.5000000000000009 11874.002500000001 13945.281250000002 9659.246250000002 24.94562500000001 6.5000000000000009
decision_type=2 2 2 2 2 2 2 2 2 2 2 2 2 2 2 2 2 2 2 2 2 2 2 2 2 2 2 2 2 2
left_child=1 3 6 10 8 16 15 14 11 21 19 18 29 -8 -5 -2 -4 27 -3 -1 -9 26 -14 -19 25 -20 -6 -13 -12 -7
right_child=2 4 5 7 9 12 13 20 -10 -11 28 17 22 -15 -16 -17 -18 23 24 -21 -22 -23 -24 -25 -26 -27 -28 -29 -30 -31
leaf_value=-181.07062849290301 50.507673595972314 -50.890070972420041 143.50078388952781 -103.00889040090119 -8.081175165620941 199.37215584527405 90.887560108245367 -78.338397920678744 183.46176264145797 26.48732504401454 -130.13747287974962 -35.588579222307935 217.27820902755309 115.76109098891219 -87.30602165537627 72.044772227069643 163.71573202752336 50.106922366521133 -22.461296028699451 -151.68038468610587 -65.059509388609428 8.3198974134957844 237.02757189062942 -12.594082145337707 -45.323069821381424 40.6799750588157 26.747687098142265 -23.024012265624403 -111.51966486221704 176.33928558349612
leaf_weight=404 2142 3899 2159 4294 2398 767 1575 1983 34 2767 1740 2046 2167 1996 3528 1573 1759 73 268 1566 4337 1798 667 135 322 55 148 2202 624 475
leaf_count=404 2142 3899 2159 4294 2398 767 1575 1983 34 2767 1740 2046 2167 1996 3528 1573 1759 73 268 1566 4337 1798 667 135 322 55 148 2202 624 475
internal_value=0.106083 -59.3235 134.76 -97.129 -16.0598 183.064 81.7624 -83.9941 -36.7627 10.2418 -139.989 -37.5947 212.37 104.791 -95.9263 59.6269 152.576 -27.2791 -47.7105 -157.708 -69.226 -0.106083 221.926 9.41156 -28.4903 -11.7097 -6.05656 -29.0756 -125.223 190.563
internal_weight=49901 34621 15280 18476 16145 7994 7286 14142 9034 7111 4334 9000 4076 3571 7822 3715 3918 4456 4544 1970 6320 4344 2834 208 645 323 2546 4248 2364 1242
internal_count=49901 34621 15280 18476 16145 7994 7286 14142 9034 7111 4334 9000 4076 3571 7822 3715 3918 4456 4544 1970 6320 4344 2834 208 645 323 2546 4248 2364 1242
is_linear=0
shrinkage=0.05


Tree=4
num_leaves=31
num_cat=0
split_feature=8 8 8 8 8 8 8 8 8 8 8 8 8 8 8 8 8 4 8 4 4 8 8 8 8 4 4 4 8 8
split_gain=1.52948e+11 2.16836e+10 1.69512e+10 4.25185e+09 3.59621e+09 2.38637e+09 2.16153e+09 6.58631e+08 6.13418e+08 5.13881e+08 3.69135e+08 2.9642e+08 2.92481e+08 2.29773e+08 1.73909e+08 1.11643e+08 1.03277e+08 1.01883e+08 1.01311e+08 9.39059e+07 7.98089e+07 7.09937e+07 6.82748e+07 6.6397e+07 6.5965e+07 5.88684e+07 5.70404e+07 5.54091e+07 4.79356e+07 4.34865e+07
threshold=11145.536250000003 8850.0962500000023 13517.567500000003 7677.1875000000009 9960.7925000000014 14843.492500000002 12182.641250000002 6818.9700000000012 8243.3750000000018 9366.907500000003 10437.258750000003 12906.085000000001 15563.876250000003 14100.821250000003 11582.950000000003 7291.9875000000002 8518.3912500000024 16.500000000000004 6180.5912500000004 16.500000000000004 16.500000000000004 10755.413750000002 7936.5750000000007 9090.0262500000026 9657.0562500000015 16.500000000000004 16.500000000000004 16.500000000000004 14424.677500000003 15970.238750000002
decision_type=2 2 2 2 2 2 2 2 2 2 2 2 2 2 2 2 2 2 2 2 2 2 2 2 2 2 2 2 2 2
left_child=1 3 6 7 9 13 14 18 22 23 -6 19 -7 25 27 -9 -10 -16 -1 -8 21 -12 -5 -3 -11 -4 -13 -2 -15 -14
right_child=2 4 5 8 10 12 11 15 16 24 20 26 29 28 17 -17 -18 -19 -20 -21 -22 -23 -24 -25 -26 -27 -28 -29 -30 -31
leaf_value=-181.24601818413905 46.003301466396287 -53.68604989281306 146.13680811725882 -101.46324448747566 -3.4020750119511103 201.29441066789039 96.104051647741073 -131.53559384356871 -77.555961066021339 -31.19601155783571 14.860847854216642 121.73796333007813 223.90532938948519 161.73555723678237 67.455637436140378 -114.54615954714637 -65.101452804416951 26.356985416295341 -152.51316790780294 57.598896479052172 -1.8680363817266656 29.389762463952696 -89.533420630863745 -42.588442935833754 -19.326595933279055 101.98257616260383 81.202826464307179 11.203212822998157 176.85859513048104 241.11886575777237
leaf_weight=394 1832 2618 1698 1942 2964 1944 1994 1756 3179 2371 1574 1875 987 1161 2014 2152 3494 163 1386 172 369 1805 3136 2778 2312 79 91 122 955 584
leaf_count=394 1832 2618 1698 1942 2964 1944 1994 1756 3179 2371 1574 1875 987 1161 2014 2152 3494 163 1386 172 369 1805 3136 2778 2312 79 91 122 955 584
internal_value=0.100779 -59.128 129.474 -98.1769 -18.572 184.395 80.2352 -133.663 -81.0002 -37.4551 9.78344 105.805 214.26 157.429 54.6591 -122.18 -71.0347 64.3784 -158.873 93.0464 20.2108 22.6219 -94.0958 -47.9727 -25.3361 144.174 119.862 43.8305 168.561 230.304
internal_weight=49901 34230 15671 17439 16791 7408 8263 5688 11751 10079 6712 4132 3515 3893 4131 3908 6673 2177 1780 2166 3748 3379 5078 5396 4683 1777 1966 1954 2116 1571
internal_count=49901 34230 15671 17439 16791 7408 8263 5688 11751 10079 6712 4132 3515 3893 4131 3908 6673 2177 1780 2166 3748 3379 5078 5396 4683 1777 1966 1954 2116 1571
is_linear=0
shrinkage=0.05


Tree=5
num_leaves=31
num_cat=0
split_feature=8 8 8 8 8 8 8 8 8 8 8 8 8 8 8 8 8 8 4 4 8 8 4 4 8 4 8 8 8 8
split_gain=1.38527e+11 1.95301e+10 1.54955e+10 3.81899e+09 3.21349e+09 2.1166e+09 2.02728e+09 6.01948e+08 5.49998e+08 4.17986e+08 3.75248e+08 2.70708e+08 2.36261e+08 2.11749e+08 1.93627e+08 9.42493e+07 8.99341e+07 8.62524e+07 7.89263e+07 7.78258e+07 7.74151e+07 7.18868e+07 6.62918e+07 5.49888e+07 5.48433e+07 5.34665e+07 4.74959e+07 4.42814e+07 4.31082e+07 3.82768e+07
threshold=11145.536250000003 8850.0962500000023 13575.381250000002 7645.0150000000003 9882.4812500000025 12414.201250000002 14929.610000000002 8243.3750000000018 6818.9700000000012 10437.258750000003 9330.0212500000034 11781.025000000003 15629.727500000001 14300.963750000001 13031.922500000002 8498.9237500000017 7209.5750000000007 6180.5912500000004 16.500000000000004 16.500000000000004 10800.113750000002 7936.5750000000007 16.500000000000004 16.500000000000004 9549.3612500000017 16.500000000000004 10132.905000000001 9090.0262500000026 13866.538750000002 11490.375000000002
decision_type=2 2 2 2 2 2 2 2 2 2 2 2 2 2 2 2 2 2 2 2 2 2 2 2 2 2 2 2 2 2
left_child=1 3 5 8 10 11 13 21 17 26 27 19 -8 25 22 -9 -10 -1 -13 29 -11 -5 -7 -16 -12 28 -6 -3 -4 -2
right_child=2 4 6 7 9 14 12 15 16 20 24 18 -14 -15 23 -17 -18 -19 -20 -21 -22 -23 -24 -25 -26 -27 -28 -29 -30 -31
leaf_value=-171.78641982115903 41.977533204945416 -50.891777135380465 134.58290480059597 -96.937955950247712 -10.721601344628128 97.188324527039484 193.91620615418057 -74.107586424177228 -126.9838645929558 12.286755679074385 -32.642268562980156 72.061155233766328 220.86093307441203 166.47921334137004 119.47411469608906 -62.178433154199098 -110.93856329040268 -144.94829065502344 34.891295042960877 14.121350265423041 26.762239613169797 -85.125812153655559 61.603252676023658 76.517427884615387 -21.593749742442725 105.19138129936471 0.84866193667087586 -41.416897262527947 149.21924996465526 54.274227728943487
leaf_weight=383 1492 2585 759 2181 1764 1823 1914 2968 1387 1961 2013 1817 1415 1574 1660 3745 2358 1371 155 191 1746 3146 141 78 2541 91 1784 2358 1492 1099
leaf_count=383 1492 2585 759 2181 1764 1823 1914 2968 1387 1961 2013 1817 1415 1574 1660 3745 2358 1371 155 191 1746 3146 141 78 2541 91 1784 2358 1492 1099
internal_value=0.0178923 -56.3019 123.02 -93.1795 -17.6918 77.0428 176.683 -77.4117 -127.703 7.36352 -36.8321 54.9681 205.369 152.297 105.391 -67.4526 -116.881 -150.809 69.1396 44.9227 19.1047 -89.962 94.6336 117.546 -26.4775 142.765 -4.90386 -46.3719 144.284 47.1933
internal_weight=49992 34291 15701 17539 16752 8456 7245 12040 5499 7255 9497 4754 3329 3916 3702 6713 3745 1754 1972 2782 3707 5327 1964 1738 4554 2342 3548 4943 2251 2591
internal_count=49992 34291 15701 17539 16752 8456 7245 12040 5499 7255 9497 4754 3329 3916 3702 6713 3745 1754 1972 2782 3707 5327 1964 1738 4554 2342 3548 4943 2251 2591
is_linear=0
shrinkage=0.05


Tree=6
num_leaves=31
num_cat=0
split_feature=8 8 8 8 8 8 8 8 8 8 8 8 8 8 8 8 8 4 8 8 8 4 4 4 4 8 8 8 8 4
split_gain=1.25024e+11 1.72325e+10 1.44634e+10 3.18707e+09 3.04855e+09 2.09273e+09 1.73729e+09 5.45019e+08 4.50055e+08 4.11348e+08 3.19225e+08 2.50194e+08 2.1687e+08 2.12903e+08 1.65132e+08 8.47336e+07 8.22349e+07 7.62824e+07 6.94694e+07 6.73696e+07 6.56223e+07 6.28496e+07 6.0779e+07 5.59768e+07 4.70038e+07 4.6614e+07 4.23742e+07 4.07289e+07 4.0664e+07 3.97375e+07
threshold=11108.402500000002 8778.3912500000024 13458.635000000002 7555.3212500000009 9779.907500000003 14843.492500000002 12182.641250000002 8169.8450000000003 10333.657500000003 6754.0037500000008 9268.7762500000008 15563.876250000003 14052.772500000001 12792.373750000001 11582.950000000003 8427.2587500000027 10711.386250000001 16.500000000000004 7868.9550000000008 7160.8112500000016 6180.5912500000004 16.500000000000004 16.500000000000004 16.500000000000004 16.500000000000004 14496.095000000001 8997.2450000000026 10077.313750000003 15970.238750000002 16.500000000000004
decision_type=2 2 2 2 2 2 2 2 2 2 2 2 2 2 2 2 2 2 2 2 2 2 2 2 2 2 2 2 2 2
left_child=1 3 6 9 10 12 14 18 27 20 26 -7 24 22 23 -9 -10 -16 -5 -11 -1 -15 -8 -2 -4 -14 -3 -6 -13 -18
right_child=2 4 5 7 8 11 13 15 16 19 -12 28 25 21 17 -17 29 -19 -20 -21 -22 -23 -24 -25 -26 -27 -28 -29 -30 -31
leaf_value=-163.19710097350278 40.856927992369293 -51.381111509055181 129.67580846135678 -95.198620678632153 -12.996530653319011 181.40584145309037 84.162744889277207 -73.061357056034225 8.8245091146552035 -122.63051642208903 -28.130306194582115 201.9065334281845 146.13835480849252 106.94077048221516 60.737714126421878 -61.753760506591803 25.191689604678984 25.188667551286382 -83.411208864373691 -108.22560565726366 -139.37252467727015 68.462210764203761 50.141888651814497 9.0148377554642192 90.217564990852452 161.12943154561151 -42.277841025904607 -2.4112905272249652 218.25994427708929 -0.60686449156217048
leaf_weight=383 2047 2385 1691 2169 2139 1916 1602 2968 2161 1378 4379 998 1563 2022 2034 3750 1771 163 2950 1975 1178 112 143 148 79 776 2755 1580 614 163
leaf_count=383 2047 2385 1691 2169 2139 1916 1602 2968 2161 1378 4379 998 1563 2022 2034 3750 1771 163 2950 1975 1178 112 143 148 79 776 2755 1580 614 163
internal_value=0.0169978 -54.0023 115.757 -90.167 -19.0519 165.372 69.9451 -76.1149 4.09213 -124.016 -38.0504 193.619 141.119 94.3287 48.4095 -66.7494 15.5276 58.1003 -88.4057 -114.146 -145.218 104.921 81.3748 38.7099 127.915 151.112 -46.5018 -8.49944 208.135 23.0174
internal_weight=49992 34084 15908 16751 17333 7637 8271 11837 7814 4914 9519 3528 4109 3879 4392 6718 4095 2197 5119 3353 1561 2134 1745 2195 1770 2339 5140 3719 1612 1934
internal_count=49992 34084 15908 16751 17333 7637 8271 11837 7814 4914 9519 3528 4109 3879 4392 6718 4095 2197 5119 3353 1561 2134 1745 2195 1770 2339 5140 3719 1612 1934
is_linear=0
shrinkage=0.05


Tree=7
num_leaves=31
num_cat=0
split_feature=7 1 7 7 7 4 7 1 7 1 1 4 4 1 1 1 7 4 7 1 1 4 4 7 1 0 4 3 4 1
split_gain=7.81737e+10 1.65823e+10 1.04176e+10 4.47645e+09 1.62907e+09 1.21898e+09 1.03074e+09 8.28002e+08 7.28204e+08 5.41254e+08 5.24834e+08 4.5187e+08 6.29714e+08 1.11352e+09 7.98637e+08 5.77099e+08 4.48194e+08 4.08102e+08 3.61822e+08 3.57128e+08 3.56097e+08 3.48228e+08 3.29852e+08 3.26926e+08 2.44774e+08 2.22631e+08 2.21608e+08 1.91463e+08 1.89349e+08 1.71999e+08
threshold=10728.437500000002 3.5000000000000004 9078.782500000003 13945.281250000002 7485.2225000000008 5.5000000000000009 9995.2300000000014 9.5000000000000018 12543.700000000003 11.500000000000002 6.5000000000000009 16.500000000000004 4.5000000000000009 6.5000000000000009 9.5000000000000018 3.5000000000000004 8709.9500000000025 6.5000000000000009 15095.360000000002 4.5000000000000009 5.5000000000000009 5.5000000000000009 11.500000000000002 14929.817500000003 3.5000000000000004 23.075625000000006 17.500000000000004 1.0000000180025095e-35 13.500000000000002 5.5000000000000009
decision_type=2 2 2 2 2 2 2 2 2 2 2 2 2 2 2 2 2 2 2 2 2 2 2 2 2 2 2 2 2 2
left_child=2 3 4 8 7 10 11 -1 -2 18 -3 12 19 15 17 25 -6 -15 -7 -4 24 -22 -19 -5 -8 -14 29 -24 -23 -18
right_child=1 5 6 23 16 9 20 -9 -10 -11 -12 -13 13 14 -16 -17 26 22 -20 -21 21 28 27 -25 -26 -27 -28 -29 -30 -31
leaf_value=-70.555380160594055 69.058485628515982 21.64650049387188 -15.622196838671364 152.2516394506527 -66.052733965262448 37.476199340170901 10.187037846336397 -113.7811474148766 112.8199172808862 87.768605912401028 -49.071492674197373 -35.865604158483933 11.411476625714984 11.21160890207755 -9.6483597783439148 -32.374607798559666 -56.027006997511933 145.21467388861194 79.952862906279393 -63.50134484228802 -33.599200759407218 37.490956222217839 45.636478653143755 180.41631639879739 -27.145997607895108 197.21933722245069 -58.992141177746987 124.03549824523925 7.5071629890479947 -25.336229799718598
leaf_weight=1945 1475 537 854 1659 11435 7003 897 2574 2674 659 513 3103 28 267 664 1657 676 167 540 716 262 1533 352 2719 860 38 1877 100 802 1406
leaf_count=1945 1475 537 854 1659 11435 7003 897 2574 2674 659 513 3103 28 267 664 1657 676 167 540 716 262 1533 352 2719 860 38 1877 100 802 1406
internal_value=0.0161479 84.1774 -46.4341 134.476 -68.7813 37.82 -10.2554 -95.1766 97.2624 44.3136 -12.9043 -20.9696 -11.4255 1.06158 31.81 -26.5995 -61.0328 62.8803 40.5171 -37.4575 9.29803 21.0594 85.1671 169.744 -8.08639 118.392 -46.5333 62.9814 27.1925 -35.3012
internal_weight=49992 17779 32213 8527 19913 9252 12300 4519 4149 8202 1050 7946 4843 3273 1550 1723 15394 886 7543 1570 4354 2597 619 4378 1757 66 3959 452 2335 2082
internal_count=49992 17779 32213 8527 19913 9252 12300 4519 4149 8202 1050 7946 4843 3273 1550 1723 15394 886 7543 1570 4354 2597 619 4378 1757 66 3959 452 2335 2082
is_linear=0
shrinkage=0.05


Tree=8
num_leaves=31
num_cat=0
split_feature=8 8 8 8 8 8 8 8 8 8 8 8 8 8 8 8 8 4 4 8 4 4 8 8 8 8 4 4 8 8
split_gain=1.03946e+11 1.47903e+10 1.15578e+10 2.67287e+09 2.66997e+09 1.57378e+09 1.44842e+09 4.23928e+08 3.74932e+08 3.60496e+08 3.10243e+08 2.09017e+08 1.77321e+08 1.60972e+08 1.43048e+08 6.71442e+07 6.48883e+07 5.91404e+07 5.80634e+07 5.7643e+07 5.62199e+07 5.55639e+07 5.26387e+07 5.14826e+07 4.69558e+07 4.28543e+07 4.22103e+07 3.99883e+07 3.85353e+07 3.46556e+07
threshold=11145.536250000003 8759.8637500000023 13575.381250000002 7587.3650000000007 9882.4812500000025 12414.201250000002 14929.610000000002 8169.8450000000003 6754.0037500000008 9288.9075000000012 10437.258750000003 11781.025000000003 15708.635000000002 14247.822500000002 13093.400000000003 8445.1737500000017 7160.8112500000016 16.500000000000004 15.500000000000002 6180.5912500000004 16.500000000000004 16.500000000000004 7843.4850000000015 9549.3612500000017 10837.820000000002 8997.2450000000026 16.500000000000004 16.500000000000004 15350.690000000001 10132.905000000001
decision_type=2 2 2 2 2 2 2 2 2 2 2 2 2 2 2 2 2 2 2 2 2 2 2 2 2 2 2 2 2 2
left_child=1 3 5 8 9 11 13 22 19 25 29 20 28 26 21 -9 -10 -13 24 -1 -2 -7 -5 -11 -12 -3 -4 -15 -8 -6
right_child=2 4 6 7 10 14 12 15 16 23 18 17 -14 27 -16 -17 -18 -19 -20 -21 -22 -23 -24 -25 -26 -27 -28 -29 -30 -31
leaf_value=-150.0979548282474 40.924583144861501 -46.647053335548883 124.45613052130673 -87.304075890211365 -9.2751012239377104 85.2420233075581 162.1731276795399 -66.192656669435905 -112.33574419395325 -28.621236437363336 13.834035713398578 62.803106005033037 192.41851986066848 145.03090279294577 102.99128553735146 -56.037402621513699 -98.467054342850702 30.627832074319162 2.36105462757798 -127.76877444515002 12.815719879484925 53.988056467093671 -76.531921997652162 -18.414958390482109 26.286658669165845 -37.833362290596106 87.874360991687311 108.64007506551623 175.69940232880265 0.60819701997254194
leaf_weight=383 2591 2587 2056 1773 1764 2016 1138 3165 1378 2405 1766 1817 1211 1699 1533 3351 2174 155 616 1178 191 153 3147 2541 1325 2954 82 79 980 1784
leaf_count=383 2591 2587 2056 1773 1764 2016 1138 3165 1378 2405 1766 1817 1211 1699 1533 3351 2174 155 616 1178 191 153 3147 2541 1325 2954 82 79 980 1784
internal_value=0.0153404 -48.771 106.565 -82.7713 -17.0569 66.8564 152.91 -69.3352 -112.823 -33.1899 6.26311 47.8216 177.157 132.298 91.3003 -60.9701 -103.847 60.2741 16.3785 -133.247 38.9948 83.0374 -80.4138 -23.3778 19.172 -41.9483 123.053 143.414 168.432 -4.3056
internal_weight=49992 34291 15701 16549 17742 8456 7245 11436 5113 10487 7255 4754 3329 3916 3702 6516 3552 1972 3707 1561 2782 2169 4920 4946 3091 5541 2138 1778 2118 3548
internal_count=49992 34291 15701 16549 17742 8456 7245 11436 5113 10487 7255 4754 3329 3916 3702 6516 3552 1972 3707 1561 2782 2169 4920 4946 3091 5541 2138 1778 2118 3548
is_linear=0
shrinkage=0.05


Tree=9
num_leaves=31
num_cat=0
split_feature=8 8 8 8 8 8 8 8 8 8 8 8 8 8 8 8 4 8 8 4 4 8 4 8 8 8 8 4 8 8
split_gain=9.38154e+10 1.36268e+10 1.01171e+10 2.5665e+09 2.34449e+09 1.55745e+09 1.11515e+09 4.15372e+08 3.59346e+08 3.06514e+08 2.8051e+08 2.02902e+08 1.50713e+08 1.39828e+08 1.22909e+08 6.60119e+07 6.22381e+07 5.90961e+07 5.71338e+07 5.48277e+07 5.46638e+07 5.20228e+07 4.33172e+07 4.26663e+07 3.73196e+07 3.72346e+07 3.58997e+07 3.54632e+07 3.51228e+07 3.24654e+07
threshold=11182.942500000003 8811.3312500000011 13725.232500000002 7613.8012500000013 9882.4812500000025 12468.762500000003 15020.916250000002 8243.3750000000018 6754.0037500000008 10473.683750000002 9330.0212500000034 11880.291250000002 13152.958750000003 15796.430000000002 14360.871250000002 7209.5750000000007 16.500000000000004 7892.7987500000008 8518.3912500000024 15.500000000000002 16.500000000000004 6180.5912500000004 16.500000000000004 10837.820000000002 10162.055000000002 9577.5025000000023 9090.0262500000026 16.500000000000004 11490.375000000002 15350.690000000001
decision_type=2 2 2 2 2 2 2 2 2 2 2 2 2 2 2 2 2 2 2 2 2 2 2 2 2 2 2 2 2 2
left_child=1 3 5 8 10 11 14 17 21 24 26 16 20 29 -4 -10 28 -5 -9 23 -7 -1 -13 -11 -6 -12 -3 -16 -2 -8
right_child=2 4 6 7 9 12 13 18 15 19 25 22 -14 -15 27 -17 -18 -19 -20 -21 -22 -23 -24 -25 -26 -27 -28 -29 -30 -31
leaf_value=-142.59305611154741 35.241106731128546 -42.039834359857878 121.2417187477119 -81.516487867173197 -8.3310070448053057 83.082266381470646 155.36339469901577 -60.563444112398898 -105.79682891459404 13.717495456604286 -26.17146975665257 62.762635843401952 100.63442484187588 184.85828017510644 141.4164057423971 -92.352650906672594 13.587914494276047 -70.729770610657511 -51.052424334238054 2.9318122963242184 52.262905066705514 -121.38033559698809 32.557434741407633 25.453305899755389 1.6627378056028381 -17.124561055295011 -33.784006801553453 107.44575609748748 46.498257136667974 167.81204600828005
leaf_weight=383 1306 2982 2134 1979 1961 2005 943 3167 1580 1600 2204 1633 1743 1013 1491 2163 220 3543 3149 604 155 1178 128 1501 1784 2350 2358 81 1476 1178
leaf_count=383 1306 2982 2134 1979 1961 2005 943 3167 1580 1600 2204 1633 1743 1013 1491 2163 220 3543 3149 604 155 1178 128 1501 1784 2350 2358 81 1476 1178
internal_value=0.0145733 -45.9143 102.162 -77.529 -14.6677 66.281 147.622 -64.5789 -106.432 6.51724 -30.6196 47.0931 89.6968 169.576 129.057 -98.0277 39.1891 -74.5956 -55.8215 16.7137 80.8707 -126.585 60.5671 19.3981 -3.5703 -21.503 -38.3943 139.666 41.2136 162.277
internal_weight=49992 34486 15506 17142 17344 8666 6840 11838 5304 7450 9894 4763 3903 3134 3706 3743 3002 5522 6316 3705 2160 1561 1761 3101 3745 4554 5340 1572 2782 2121
internal_count=49992 34486 15506 17142 17344 8666 6840 11838 5304 7450 9894 4763 3903 3134 3706 3743 3002 5522 6316 3705 2160 1561 1761 3101 3745 4554 5340 1572 2782 2121
is_linear=0
shrinkage=0.05


Tree=10
num_leaves=31
num_cat=0
split_feature=8 8 8 8 8 8 8 8 8 8 8 8 8 8 8 8 8 4 4 4 8 8 4 4 4 8 8 4 8 4
split_gain=8.46874e+10 1.16935e+10 9.94751e+09 2.10294e+09 2.09764e+09 1.44319e+09 1.14535e+09 3.60353e+08 2.86636e+08 2.68863e+08 2.47802e+08 1.79255e+08 1.6331e+08 1.22244e+08 1.20921e+08 5.89488e+07 5.80388e+07 5.59013e+07 5.38186e+07 4.32276e+07 4.07927e+07 4.0417e+07 3.93092e+07 3.80421e+07 3.7097e+07 3.60449e+07 3.40178e+07 3.39262e+07 3.36375e+07 3.21348e+07
threshold=11072.096250000001 8721.7812500000018 13398.315000000002 7519.576250000001 9779.907500000003 14843.492500000002 12182.641250000002 8114.0150000000003 10333.657500000003 6621.9212500000003 9249.0175000000017 13995.890000000001 15488.217500000001 12792.373750000001 11536.791250000002 7113.2337500000003 8395.4237500000017 16.500000000000004 7.5000000000000009 16.500000000000004 7821.7800000000007 14360.871250000002 16.500000000000004 16.500000000000004 7.5000000000000009 16057.512500000003 10667.337500000001 15.500000000000002 8962.1050000000014 16.500000000000004
decision_type=2 2 2 2 2 2 2 2 2 2 2 2 2 2 2 2 2 2 2 2 2 2 2 2 2 2 2 2 2 2
left_child=1 3 6 9 10 11 14 20 24 -1 28 29 -7 23 27 -11 -9 -16 -10 21 -5 -13 -15 -8 -6 -14 -20 -2 -3 -4
right_child=2 4 5 7 8 12 13 16 18 15 -12 19 25 22 17 -17 -18 -19 26 -21 -22 -23 -24 -25 -26 -27 -28 -29 -30 -31
leaf_value=-124.46209841713387 33.145123985799152 -43.019535610492419 104.63024340571936 -79.839489058609843 -0.11871281844209131 147.76286591133572 69.4290298244875 -61.323929563375536 20.880026558874498 -103.87490108240789 -23.126274274285674 119.34821738583858 165.46997556487577 87.145918522170732 49.309596932309091 -90.930068244448762 -52.036846587021422 20.325544263786739 2.5145260005627148 92.549492013113849 -70.479428974084399 132.29761222607337 55.973307957159022 42.349120823204096 -10.550391162089266 182.60163540138205 13.724053004541794 14.309503687744158 -35.218262618288989 72.191206092834477
leaf_weight=1158 1875 2600 1671 2002 1292 1752 1617 3209 1238 1592 4544 1307 1391 1844 2195 1965 3536 180 1312 105 2781 1118 107 141 2504 394 1398 274 2949 80
leaf_count=1158 1875 2600 1671 2002 1292 1752 1617 3209 1238 1592 4544 1307 1391 1844 2195 1965 3536 180 1312 105 2781 1118 107 141 2504 394 1398 274 2949 80
internal_value=-0.114335 -44.7136 94.5802 -75.4052 -16.7647 134.973 56.2232 -63.8994 2.81033 -103.536 -31.7839 115.447 158.607 76.8197 39.3371 -96.7238 -56.4553 47.1129 12.2428 123.958 -74.3972 125.318 85.4363 67.2571 -6.99988 169.251 8.29715 30.7436 -38.8736 103.148
internal_weight=50131 34080 16051 16243 17837 7818 8233 11528 7744 4715 10093 4281 3537 3709 4524 3557 6745 2375 3948 2530 4783 2425 1951 1758 3796 1785 2710 2149 5549 1751
internal_count=50131 34080 16051 16243 17837 7818 8233 11528 7744 4715 10093 4281 3537 3709 4524 3557 6745 2375 3948 2530 4783 2425 1951 1758 3796 1785 2710 2149 5549 1751
is_linear=0
shrinkage=0.05


Tree=11
num_leaves=31
num_cat=0
split_feature=8 8 8 8 8 8 8 8 8 8 8 8 8 8 8 8 8 8 8 8 0 8 8 0 1 0 8 1 8 8
split_gain=7.64344e+10 1.14686e+10 7.92173e+09 2.41998e+09 1.69221e+09 1.18222e+09 9.02607e+08 4.00004e+08 3.51228e+08 2.61159e+08 1.68772e+08 1.4671e+08 1.20901e+08 1.10484e+08 1.00313e+08 7.18881e+07 6.19226e+07 5.26865e+07 4.60654e+07 3.07437e+07 2.80788e+07 2.64033e+07 2.27797e+07 2.201e+07 2.22516e+07 2.14447e+07 2.09985e+07 2.06576e+07 1.98367e+07 1.95745e+07
threshold=11218.522500000001 8941.7950000000019 13725.232500000002 7762.8475000000008 10077.313750000003 12468.762500000003 15020.916250000002 6946.5425000000005 8378.9737500000028 9474.6565000000028 10667.337500000001 11880.291250000002 13152.958750000003 15708.635000000002 14424.677500000003 6464.4537500000015 7411.4975000000013 8075.4175000000005 8666.5600000000031 9212.2062500000011 24.526875000000008 9754.8725000000031 15350.690000000001 24.833125000000006 2.5000000000000004 24.905625000000008 5948.7587500000009 2.5000000000000004 12739.3575 14100.821250000003
decision_type=2 2 2 2 2 2 2 2 2 2 2 2 2 2 2 2 2 2 2 2 2 2 2 2 2 2 2 2 2 2
left_child=1 3 5 7 9 11 14 15 17 19 20 23 28 22 29 26 -9 -5 -10 -3 -6 -11 -8 -2 -25 -12 -1 -27 -7 -4
right_child=2 4 6 8 10 12 13 16 18 21 25 -13 -14 -15 -16 -17 -18 -19 -20 -21 -22 -23 -24 24 -26 27 -28 -29 -30 -31
leaf_value=-137.07539114169975 43.307037282803556 -34.377165624188017 105.3861755980915 -68.317952023680945 10.412760391937326 66.557973672925812 140.18900090096565 -90.244639411044488 -50.544029038728937 -18.354596836563609 26.825952270762684 54.521648107989748 90.620964753945586 164.88415800327994 127.07997964070194 -103.51298000560087 -78.066002927184925 -59.042708826790083 -41.875564097497843 -26.781046308143928 0.15914671604173064 -10.708183840812746 150.92869986485954 6.2128686669754662 34.34300649884122 -15.80623643398285 -117.91716792307744 17.375271391173495 76.568527290936274 114.60349213202312
leaf_weight=189 762 2738 1151 2772 888 776 985 1990 3141 2156 681 1783 1763 1185 1371 1360 2195 3420 2993 2594 2691 2370 990 73 1901 48 588 2058 1366 1153
leaf_count=189 762 2738 1151 2772 888 776 985 1990 3141 2156 681 1783 1763 1185 1371 1360 2195 3420 2993 2594 2691 2370 990 73 1901 48 588 2058 1366 1153
internal_value=-0.108618 -40.9486 93.2247 -67.694 -10.2073 60.7737 133.22 -92.8443 -54.7944 -23.1838 9.88735 43.3617 80.9235 152.814 116.371 -110.445 -83.857 -63.195 -46.3144 -30.6817 2.70321 -14.3506 145.572 36.089 33.3027 19.1131 -122.577 16.619 72.9419 109.999
internal_weight=50131 34872 15259 18648 16224 8424 6835 6322 12326 9858 6366 4519 3905 3160 3675 2137 4185 6192 6134 5332 3579 4526 1975 2736 1974 2787 777 2106 2142 2304
internal_count=50131 34872 15259 18648 16224 8424 6835 6322 12326 9858 6366 4519 3905 3160 3675 2137 4185 6192 6134 5332 3579 4526 1975 2736 1974 2787 777 2106 2142 2304
is_linear=0
shrinkage=0.05


Tree=12
num_leaves=31
num_cat=0
split_feature=8 8 8 8 8 8 8 8 8 8 8 8 8 8 8 8 4 4 4 4 8 8 8 4 4 8 8 4 4 8
split_gain=6.9002e+10 9.52374e+09 8.10384e+09 1.71529e+09 1.70691e+09 1.17971e+09 9.3427e+08 2.9319e+08 2.21377e+08 2.20148e+08 2.17451e+08 1.55628e+08 1.249e+08 1.15957e+08 8.47175e+07 4.70006e+07 4.52928e+07 4.21925e+07 4.19649e+07 4.13754e+07 3.87896e+07 3.4133e+07 3.35951e+07 3.20137e+07 3.19211e+07 3.14779e+07 2.98207e+07 2.96376e+07 2.89092e+07 2.76952e+07
threshold=11072.096250000001 8721.7812500000018 13398.315000000002 7519.576250000001 9808.4637500000008 14734.978750000002 12126.287500000002 8114.0150000000003 6687.0000000000009 10373.172500000002 9268.7762500000008 15488.217500000001 13995.890000000001 12676.840000000002 11536.791250000002 8411.6475000000009 15.500000000000002 16.500000000000004 15.500000000000002 16.500000000000004 7113.2337500000003 5948.7587500000009 7843.4850000000015 16.500000000000004 7.5000000000000009 15970.238750000002 8962.1050000000014 15.500000000000002 16.500000000000004 9497.4712500000005
decision_type=2 2 2 2 2 2 2 2 2 2 2 2 2 2 2 2 2 2 2 2 2 2 2 2 2 2 2 2 2 2
left_child=1 3 6 8 10 12 14 22 21 24 26 -7 28 18 27 -9 -11 -16 -8 -15 -10 -1 -5 -14 -6 -13 -3 -2 -4 -12
right_child=2 4 5 7 9 11 13 15 20 16 29 25 23 19 17 -17 -18 -19 -20 -21 -22 -23 -24 -25 -26 -27 -28 -29 -30 -31
leaf_value=-130.22162084831763 29.963546200612388 -38.802899386479311 94.541629094067346 -71.692750774856904 0.78812035476707143 132.36411396975902 61.042558266068625 -55.08806482353166 -92.960700580188899 14.021975827720405 -24.278421847786269 148.08415231913077 111.98087798021818 77.212782162230397 43.674250348723767 -46.740121274307008 -0.52032865478874546 17.153757829541043 36.40054476393594 49.638848603347256 -82.053547562072595 -107.31849469746629 -63.282596223301894 81.235819729891702 -8.8778901414561844 162.16924613888526 -31.568713874538453 12.358624960340723 63.773749542236331 -16.461650379722926
leaf_weight=189 1875 2600 1671 2192 1299 1957 1356 3404 1393 3105 2173 1190 2237 2203 2020 3341 647 162 198 145 1965 1168 2591 88 2494 595 3151 274 80 2368
leaf_count=189 1875 2600 1671 2192 1299 1957 1356 3404 1393 3105 2173 1190 2237 2203 2020 3341 647 162 198 145 1965 1168 2591 88 2494 595 3151 274 80 2368
internal_value=-0.103188 -40.3609 85.3732 -68.0591 -15.1379 121.831 50.7527 -57.6678 -93.4654 2.92696 -28.3811 142.102 103.222 68.4978 34.7654 -50.9531 11.5143 41.7053 57.9028 75.51 -86.5782 -110.508 -67.1369 110.817 -5.56754 152.779 -34.8393 27.7189 93.1359 -20.2022
internal_weight=50131 34080 16051 16243 17837 7818 8233 11528 4715 7545 10292 3742 4076 3902 4331 6745 3752 2182 1554 2348 3358 1357 4783 2325 3793 1785 5751 2149 1751 4541
internal_count=50131 34080 16051 16243 17837 7818 8233 11528 4715 7545 10292 3742 4076 3902 4331 6745 3752 2182 1554 2348 3358 1357 4783 2325 3793 1785 5751 2149 1751 4541
is_linear=0
shrinkage=0.05


Tree=13
num_leaves=31
num_cat=0
split_feature=8 8 8 8 8 8 8 8 8 8 8 8 8 8 8 4 8 8 4 4 4 4 8 8 8 8 4 8 8 4
split_gain=6.22828e+10 8.40912e+09 7.54619e+09 1.54805e+09 1.46555e+09 1.13062e+09 8.22732e+08 2.64604e+08 2.10663e+08 2.00681e+08 1.70674e+08 1.40454e+08 1.30742e+08 1.08375e+08 7.09393e+07 4.91825e+07 4.37517e+07 4.26037e+07 4.08244e+07 4.00681e+07 3.81167e+07 3.55367e+07 3.03196e+07 2.98169e+07 2.90191e+07 2.70671e+07 2.69014e+07 2.56195e+07 2.54167e+07 2.52834e+07
threshold=11033.766250000002 8721.7812500000018 13342.058750000002 7519.576250000001 9754.8725000000031 14734.978750000002 12062.01375 8114.0150000000003 10262.436250000001 6621.9212500000003 9212.2062500000011 15488.217500000001 13866.538750000002 12597.687500000002 11450.726250000002 7.5000000000000009 7064.0087500000009 8395.4237500000017 15.500000000000002 16.500000000000004 16.500000000000004 16.500000000000004 7843.4850000000015 14300.963750000001 16057.512500000003 9452.6787500000009 16.500000000000004 5948.7587500000009 10667.337500000001 7.5000000000000009
decision_type=2 2 2 2 2 2 2 2 2 2 2 2 2 2 2 2 2 2 2 2 2 2 2 2 2 2 2 2 2 2
left_child=1 3 6 9 10 12 14 22 29 27 -3 26 -4 18 -2 -10 -11 -9 -8 -16 23 -15 -5 -14 -13 -12 -7 -1 -17 -6
right_child=2 4 5 7 8 11 13 17 15 16 25 24 20 21 19 28 -18 -19 -20 -21 -22 -23 -24 -25 -26 -27 -28 -29 -30 -31
leaf_value=-123.71054545407574 24.753044446597297 -33.855009977877337 85.82377928124501 -68.108113198384757 -1.4994656734260514 126.89984615512208 56.384676386309756 -52.576751245847561 17.107614586250971 -89.826247587553638 -24.460545408057371 141.74727861307062 100.52553800428237 71.812876799065393 39.359520056534166 1.2072882142389529 -78.462630762045634 -44.619852350982605 32.500970121031827 13.599489541738123 74.312674771822415 46.25663366909685 -60.118466304306452 111.34133037877359 157.11888402948526 -16.911663120512738 95.964800022072993 -103.58641511741931 10.757880866508501 -10.366617568379098
leaf_weight=189 1960 5143 1562 2192 1215 1884 1361 3209 1328 1391 2390 1391 1480 2198 2214 1572 2166 3536 206 162 104 145 2591 1119 394 2360 73 969 1251 2376
leaf_count=189 1960 5143 1562 2192 1215 1884 1361 3209 1328 1391 2390 1391 1480 2198 2214 1572 2166 3536 206 162 104 145 2591 1119 394 2360 73 969 1251 2376
internal_value=-0.0980281 -38.6999 80.3643 -64.6561 -14.7925 114.939 46.7921 -54.7844 1.50116 -88.7921 -27.5436 134.997 97.3397 63.4237 31.7945 9.17246 -82.9065 -48.4054 53.2449 37.6032 103.995 70.2313 -63.78 105.182 145.14 -20.7099 125.746 -106.871 5.43959 -7.36645
internal_weight=50131 33878 16253 16243 17635 8007 8246 11528 7742 4715 9893 3742 4265 3910 4336 4151 3557 6745 1567 2376 2703 2343 4783 2599 1785 4750 1957 1158 2823 3591
internal_count=50131 33878 16253 16243 17635 8007 8246 11528 7742 4715 9893 3742 4265 3910 4336 4151 3557 6745 1567 2376 2703 2343 4783 2599 1785 4750 1957 1158 2823 3591
is_linear=0
shrinkage=0.05


Tree=14
num_leaves=31
num_cat=0
split_feature=8 8 8 8 8 8 8 8 8 8 8 8 8 8 8 8 8 8 8 8 0 0 0 8 1 8 1 8 8 8
split_gain=5.62136e+10 8.6137e+09 5.65128e+09 1.78072e+09 1.3101e+09 8.18031e+08 6.69768e+08 2.79382e+08 2.71706e+08 1.86382e+08 1.3666e+08 1.14513e+08 8.98615e+07 7.79897e+07 7.30199e+07 5.50362e+07 4.12311e+07 4.01139e+07 3.8185e+07 2.19063e+07 2.13858e+07 2.00167e+07 1.89507e+07 1.8403e+07 1.80258e+07 1.75676e+07 1.72324e+07 1.49325e+07 1.47357e+07 1.38823e+07
threshold=11269.088750000001 8941.7950000000019 13725.232500000002 7733.2925000000005 10077.313750000003 12534.63125 15095.071250000003 6946.5425000000005 8362.7987500000017 9474.6565000000028 10667.337500000001 11947.117500000002 14496.095000000001 13152.958750000003 15796.430000000002 6464.4537500000015 7375.7850000000008 8057.0924999999997 8631.2500000000018 9212.2062500000011 25.200625000000006 24.361875000000008 24.833125000000006 9703.4625000000033 2.5000000000000004 14150.711250000002 2.5000000000000004 15350.690000000001 5948.7587500000009 10958.562500000002
decision_type=2 2 2 2 2 2 2 2 2 2 2 2 2 2 2 2 2 2 2 2 2 2 2 2 2 2 2 2 2 2
left_child=1 3 5 7 9 11 12 15 17 19 20 22 25 -7 27 28 -9 -5 -10 -3 -6 -12 -2 -11 -23 -4 -24 -8 -1 -26
right_child=2 4 6 8 10 13 14 16 18 23 21 -13 -14 -15 -16 -17 -18 -19 -20 -21 -22 24 26 -25 29 -27 -28 -29 -30 -31
leaf_value=-117.52501440300512 38.855392250725338 -29.361360272671551 91.00447035411861 -59.180818748885486 8.1730933480677876 63.269249100834216 121.30460967635152 -77.9557924333253 -44.160527927593748 -16.435094532605405 25.040953914935773 48.425727345002187 110.86367771860087 77.77883000625377 143.25988794392819 -88.699081905589395 -67.726212430481525 -51.087085889733359 -36.385838465177962 -22.949291490047091 -0.21009646308271399 -12.485780877582098 6.2191050579673366 -9.8976119117653525 11.313782923357891 99.409506062334017 30.493762243308566 130.14051246099481 -101.47606522955863 19.081371013686447
leaf_weight=189 758 2738 1341 2782 1097 1951 798 1797 2953 1764 598 1768 1362 1763 982 1360 2180 3404 3395 2594 2482 59 76 2762 1067 1159 1923 1193 588 1248
leaf_count=189 758 2738 1341 2782 1097 1951 798 1797 2953 1764 598 1768 1362 1763 982 1360 2180 3404 3395 2594 2482 59 76 2762 1067 1159 1923 1193 588 1248
internal_value=-0.0931268 -34.8119 80.651 -58.0608 -8.3907 52.7666 114.263 -80.1833 -47.2696 -19.9077 8.94026 38.4931 100.531 70.1568 132.102 -94.7641 -72.3484 -54.727 -40.0025 -26.2419 2.35944 16.8651 32.1235 -12.4456 14.8057 94.901 29.5709 126.599 -105.38 15.5012
internal_weight=50131 35057 15074 18648 16409 8239 6835 6114 12534 9858 6551 4525 3862 3714 2973 2137 3977 6186 6348 5332 3579 2972 2757 4526 2374 2500 1999 1991 777 2315
internal_count=50131 35057 15074 18648 16409 8239 6835 6114 12534 9858 6551 4525 3862 3714 2973 2137 3977 6186 6348 5332 3579 2972 2757 4526 2374 2500 1999 1991 777 2315
is_linear=0
shrinkage=0.05


Tree=15
num_leaves=31
num_cat=0
split_feature=8 8 8 8 8 8 8 8 8 8 8 8 8 8 8 8 8 4 4 4 8 4 8 4 4 1 4 4 4 1
split_gain=5.08579e+10 7.79386e+09 5.07759e+09 1.58805e+09 1.21183e+09 7.33463e+08 6.1171e+08 2.47714e+08 2.44033e+08 1.88931e+08 1.19266e+08 1.09317e+08 7.26635e+07 6.87259e+07 6.02077e+07 5.14915e+07 4.06178e+07 3.86566e+07 3.56152e+07 3.41053e+07 3.15387e+07 2.98485e+07 2.93057e+07 2.84827e+07 2.78387e+07 2.61401e+07 2.6113e+07 2.60244e+07 2.36667e+07 2.17334e+07
threshold=11269.088750000001 8925.5675000000028 13725.232500000002 7703.1250000000009 10103.423500000003 12597.687500000002 15020.916250000002 6946.5425000000005 8362.7987500000017 9452.6787500000009 11947.117500000002 10800.113750000002 15796.430000000002 14300.963750000001 13152.958750000003 6464.4537500000015 8075.4175000000005 7.5000000000000009 7.5000000000000009 15.500000000000002 7411.4975000000013 7.5000000000000009 8611.8312500000011 15.500000000000002 7.5000000000000009 3.5000000000000004 16.500000000000004 16.500000000000004 16.500000000000004 2.5000000000000004
decision_type=2 2 2 2 2 2 2 2 2 2 2 2 2 2 2 2 2 2 2 2 2 2 2 2 2 2 2 2 2 2
left_child=1 3 5 7 9 10 13 15 16 -3 18 17 -8 27 23 -1 -5 -6 -2 -12 -9 -13 -10 -7 -11 -20 -15 -4 -16 -19
right_child=2 4 6 8 11 14 12 20 22 24 19 21 -14 26 28 -17 -18 29 25 -21 -22 -23 -24 -25 -26 -27 -28 -29 -30 -31
leaf_value=-100.15266351303437 38.77639550941425 -25.434750571244649 89.458194068677017 -56.380825804687191 10.966611454108182 63.461050928784658 119.39322710936588 -73.438744048139966 -42.095395337143309 -6.7350085145599579 49.218162360386543 26.141874318061028 135.80726296029442 103.30478635049599 75.232463590915387 -84.322811812304835 -48.347925989878213 -26.733943308724299 3.2823108545371462 29.090429941117765 -64.250870136515871 13.823994090037324 -35.112172733402453 45.328086441282245 -14.602688191567138 28.188975840692663 75.505252486668283 59.247480856405723 47.223478370376782 1.120537474755259
leaf_weight=818 905 5324 1943 3124 1275 1540 2142 1964 2749 1721 1710 694 984 1661 1664 1381 3171 72 112 240 1781 1688 3313 252 3243 1773 89 74 79 2558
leaf_count=818 905 5324 1943 3124 1275 1540 2142 1964 2749 1721 1710 694 984 1661 1664 1381 3171 72 112 240 1781 1688 3313 252 3243 1773 89 74 79 2558
internal_value=0.0808862 -33.1601 76.5124 -55.6544 -8.32343 50.1093 108.209 -76.8908 -45.4392 -18.8921 37.254 8.9711 124.56 94.6405 67.3466 -90.2113 -52.3344 3.82175 30.6234 46.7409 -69.0693 17.4128 -38.2789 60.9111 -11.875 26.7091 101.891 88.3498 73.963 0.357981
internal_weight=50044 34876 15168 18301 16575 8275 6893 5944 12357 10288 4740 6287 3126 3767 3535 2199 6295 3905 2790 1950 3745 2382 6062 1792 4964 1885 1750 2017 1743 2630
internal_count=50044 34876 15168 18301 16575 8275 6893 5944 12357 10288 4740 6287 3126 3767 3535 2199 6295 3905 2790 1950 3745 2382 6062 1792 4964 1885 1750 2017 1743 2630
is_linear=0
shrinkage=0.05


Tree=16
num_leaves=31
num_cat=0
split_feature=6 6 6 6 6 6 6 6 6 6 7 1 6 6 6 6 6 7 7 6 6 7 6 7 7 7 1 0 6 1
split_gain=4.30443e+10 5.37762e+09 5.0996e+09 1.0278e+09 8.38253e+08 8.25565e+08 4.92142e+08 2.58276e+08 1.10571e+08 1.05291e+08 1.04366e+08 1.09629e+08 8.80509e+07 7.42398e+07 6.28986e+07 5.56117e+07 4.74106e+07 4.64126e+07 4.60799e+07 2.95841e+07 2.66234e+07 2.31406e+07 2.2003e+07 4.84055e+07 4.04902e+07 2.9146e+07 2.14072e+07 1.99013e+07 5.52772e+07 1.9264e+07
threshold=10998.078750000002 8831.6862500000007 13235.073750000001 7293.3300000000008 14843.492500000002 9781.8625000000011 12013.360000000002 8115.6812500000005 10374.735000000002 14199.525000000001 12606.491250000001 3.5000000000000004 6621.9212500000003 9250.2250000000004 11492.810000000003 12748.266250000002 8500.220000000003 15095.360000000002 14364.362500000001 7763.7775000000011 9985.8487500000028 15488.403750000003 13581.831250000001 9870.902500000002 9667.7000000000025 11478.546250000001 2.5000000000000004 32.870625000000011 15563.876250000003 3.5000000000000004
decision_type=2 2 2 2 2 2 2 2 2 2 2 2 2 2 2 2 2 2 2 2 2 2 2 2 2 2 2 2 2 2
left_child=1 3 6 12 9 10 14 19 18 22 13 -12 -1 -3 -2 -8 -9 -6 -7 -5 -20 -11 -4 24 -24 -25 27 -19 -29 -27
right_child=2 5 4 7 17 8 15 16 -10 21 11 -13 -14 -15 -16 -17 -18 26 20 -21 -22 -23 23 25 -26 29 -28 28 -30 -31
leaf_value=-86.745695734934202 20.828139019299844 -27.648695732931994 69.105231693639595 -57.316371587016079 104.97266649511015 -5.7947847383248776 45.879093214472135 -43.193388170786641 7.3609302749567265 91.204263265388931 91.99854823521207 -3.5181284503554404 -70.149265946148319 -18.382848353553946 32.891246416494177 58.268072068845996 -35.361035842339973 112.7084911187174 79.687083880106613 -50.226504873794774 15.390363267539204 67.91964325486569 79.012544068423196 95.564037771593348 -12.367193716543692 79.927597753250197 119.89185418181985 110.81417210538623 25.599792715219351 67.878379777567275
leaf_weight=1205 2376 4259 1180 2758 1419 3898 2160 4310 3333 1667 35 212 2373 4390 1982 1560 3502 503 21 3154 69 114 22 233 27 1239 1493 71 26 453
leaf_count=1205 2376 4259 1180 2758 1419 3898 2160 4310 3333 1667 35 212 2373 4390 1982 1560 3502 503 21 3154 69 114 22 233 27 1239 1493 71 26 453
internal_value=0.0768419 -32.4826 66.1198 -51.8717 93.2822 -11.7963 37.7167 -45.6493 0.639431 79.9948 -22.0304 10.0166 -75.7386 -22.9456 26.3144 51.0745 -39.6823 111.953 -4.97811 -53.534 30.3929 89.7138 74.5067 77.7356 28.6604 78.9847 116.686 108.71 87.9732 76.7017
internal_weight=50044 33519 16525 17302 8447 16217 8078 13724 7321 4935 8896 247 3578 8649 4358 3720 7812 3512 3988 5912 90 1781 3154 1974 49 1925 2093 600 97 1692
internal_count=50044 33519 16525 17302 8447 16217 8078 13724 7321 4935 8896 247 3578 8649 4358 3720 7812 3512 3988 5912 90 1781 3154 1974 49 1925 2093 600 97 1692
is_linear=0
shrinkage=0.05


Tree=17
num_leaves=31
num_cat=0
split_feature=6 6 6 6 6 6 6 6 6 6 7 1 6 6 6 6 7 6 7 6 1 6 4 6 1 7 1 7 7 7
split_gain=3.8855e+10 5.44632e+09 3.88776e+09 9.45837e+08 9.25003e+08 6.78879e+08 3.87426e+08 2.04378e+08 1.55711e+08 1.08549e+08 9.56632e+07 8.81849e+07 8.08051e+07 7.09064e+07 4.66363e+07 4.57931e+07 4.32543e+07 4.30586e+07 4.18874e+07 3.27562e+07 3.15783e+07 2.1821e+07 2.12617e+07 2.11074e+07 1.932e+07 1.86672e+07 3.18778e+07 2.81557e+07 2.40505e+07 3.16588e+07
threshold=11184.732500000002 8850.9837500000012 13347.875000000002 7413.2812500000009 9809.8516500000023 14843.492500000002 12194.766250000002 8115.6812500000005 10599.892500000002 6687.0000000000009 12963.683750000002 3.5000000000000004 14302.221250000001 9250.2250000000004 8520.1200000000008 13039.108750000001 14364.362500000001 11492.810000000003 15095.360000000002 10104.79125 7.5000000000000009 7161.2675000000008 16.500000000000004 5948.7587500000009 2.5000000000000004 12065.997500000003 3.5000000000000004 13673.840000000002 9870.902500000002 9667.7000000000025
decision_type=2 2 2 2 2 2 2 2 2 2 2 2 2 2 2 2 2 2 2 2 2 2 2 2 2 2 2 2 2 2
left_child=1 3 6 9 10 12 17 -5 16 23 13 -12 25 -3 -9 -8 19 -2 -7 -6 -18 -11 -15 -1 -20 28 27 -27 29 -4
right_child=2 4 5 7 8 18 15 14 -10 21 11 -13 -14 22 -16 -17 20 -19 24 -21 -22 -23 -24 -25 -26 26 -28 -29 -30 -31
leaf_value=-96.162871676772397 21.853185457151824 -26.046291188593887 80.148521679262572 -50.152543330796476 -7.8022535033551534 99.724033348420889 48.307541031839342 -40.880102429204861 12.000069885147491 -67.93579938296034 89.896645927429205 -0.75395248158868533 87.193029697592237 -14.099140180333018 -33.191552923856101 61.077724876403806 80.934927731468576 32.818553043968528 103.27413990275066 0.35782080260639582 14.819117979301039 -58.987977407126372 -20.96815741906309 -78.653534758349693 113.89726050262556 68.573232013865692 60.230741091126163 80.540689708780036 85.517998918805802 27.971431035580846
leaf_weight=201 1373 4088 79 5310 2168 1419 2541 4489 2963 1587 32 166 1381 2664 3518 970 21 2573 600 2842 129 1194 1952 1198 1493 1133 556 868 490 46
leaf_count=201 1373 4088 79 5310 2168 1419 2541 4489 2963 1587 32 166 1381 2664 3518 970 21 2573 600 2842 129 1194 1952 1198 1493 1133 556 868 490 46
internal_value=0.0729998 -29.4692 65.7769 -49.0593 -9.33607 89.8386 39.7534 -42.5463 2.8646 -69.809 -20.4691 13.8966 77.0979 -21.2508 -37.502 51.8356 -2.38121 29.0032 106.356 -3.17333 24.0753 -64.0941 -17.0039 -81.1692 110.852 72.7028 70.8217 73.7645 80.524 60.9474
internal_weight=50044 34522 15522 17497 17025 8065 7457 13317 8123 4180 8902 198 4553 8704 8007 3511 5160 3946 3512 5010 150 2781 4616 1399 2093 3172 2557 2001 615 125
internal_count=50044 34522 15522 17497 17025 8065 7457 13317 8123 4180 8902 198 4553 8704 8007 3511 5160 3946 3512 5010 150 2781 4616 1399 2093 3172 2557 2001 615 125
is_linear=0
shrinkage=0.05


Tree=18
num_leaves=31
num_cat=0
split_feature=8 8 8 8 8 8 8 8 8 8 8 8 8 4 4 8 4 1 8 4 8 4 8 8 4 8 6 4 6 1
split_gain=3.78931e+10 5.17416e+09 4.56779e+09 9.5592e+08 8.99306e+08 7.36524e+08 4.63372e+08 1.71083e+08 1.55153e+08 1.23977e+08 9.11027e+07 9.018e+07 8.98913e+07 5.37605e+07 4.84392e+07 4.56191e+07 3.49539e+07 3.17605e+07 2.82369e+07 2.61653e+07 2.40084e+07 2.30853e+07 2.29458e+07 2.27711e+07 2.24979e+07 2.2043e+07 2.00441e+07 1.9695e+07 1.94772e+07 1.86368e+07
threshold=11033.766250000002 8702.8000000000011 13290.517500000002 7480.7987500000008 9681.353750000002 14734.978750000002 12062.01375 8114.0150000000003 10262.436250000001 6621.9212500000003 9148.9100000000017 13930.993750000003 15417.848750000003 16.500000000000004 7.5000000000000009 12676.840000000002 7.5000000000000009 3.5000000000000004 11490.375000000002 16.500000000000004 15886.921250000001 16.500000000000004 7064.0087500000009 8395.4237500000017 7.5000000000000009 7792.3137500000003 12481.327500000001 16.500000000000004 13464.677500000003 2.5000000000000004
decision_type=2 2 2 2 2 2 2 2 2 2 2 2 2 2 2 2 2 2 2 2 2 2 2 2 2 2 2 2 2 2
left_child=1 3 6 9 10 11 14 25 24 -1 -3 21 27 15 -2 -8 -10 -16 -19 -13 -14 -4 -11 -9 -6 -5 -12 -7 -26 -18
right_child=2 4 5 7 8 12 13 23 16 22 26 19 20 -15 17 -17 29 18 -20 -21 -22 -23 -24 -25 28 -27 -28 -29 -30 -31
leaf_value=-83.923523249884468 32.428373448436723 -27.1273218573061 68.298943895171377 -54.277640332754359 -1.3588128645336806 97.949670708157925 44.321347463507408 -40.860288473441784 13.811083278546301 -70.243945523348728 -16.913160647104515 82.367207030262378 108.00694294230144 26.966828236848347 -0.27920869276201798 55.829274701658633 -22.885458737327941 17.598579304673517 27.644960179526421 56.646732989561215 119.24883189892951 42.237570790494431 -61.823850893659007 -34.93371939229835 -8.6524418726893675 -47.448704793539399 -43.868785226004462 70.686763022602463 -45.177369236301729 4.6192575971675929
leaf_weight=1218 1412 4723 1878 1992 1403 1659 1615 3186 1342 1375 4663 2472 1200 262 163 1845 63 1456 1346 103 786 89 1966 3299 2699 2905 70 69 37 2748
leaf_count=1218 1412 4723 1878 1992 1403 1659 1615 3186 1342 1375 4663 2472 1200 262 163 1845 63 1456 1346 103 786 89 1966 3299 2699 2905 70 69 37 2748
internal_value=0.0693499 -30.2455 62.5137 -50.9213 -11.6748 88.6852 35.8348 -43.1723 0.344367 -70.2676 -22.2144 75.1807 105.2 48.8042 24.8063 50.4578 7.17226 21.1764 22.4246 81.3384 112.456 67.1198 -65.2892 -37.8454 -6.50662 -50.2266 -17.3118 96.861 -9.14638 4.00282
internal_weight=50044 33689 16355 15941 17748 8256 8099 11382 8292 4559 9456 4542 3714 3722 4377 3460 4153 2965 2802 2575 1986 1967 3341 6485 4139 4897 4733 1728 2736 2811
internal_count=50044 33689 16355 15941 17748 8256 8099 11382 8292 4559 9456 4542 3714 3722 4377 3460 4153 2965 2802 2575 1986 1967 3341 6485 4139 4897 4733 1728 2736 2811
is_linear=0
shrinkage=0.05


Tree=19
num_leaves=31
num_cat=0
split_feature=6 6 6 6 6 6 6 6 6 7 1 6 6 6 6 6 6 7 6 0 1 6 7 1 1 4 7 7 4 6
split_gain=3.16401e+10 3.94333e+09 3.73864e+09 7.40463e+08 6.25057e+08 6.18205e+08 3.6295e+08 1.8035e+08 8.12616e+07 7.90965e+07 8.16956e+07 6.58845e+07 5.81026e+07 5.56766e+07 4.46089e+07 4.45983e+07 4.19448e+07 3.47738e+07 3.25196e+07 2.522e+07 2.50201e+07 2.34563e+07 2.25283e+07 2.31746e+07 1.94311e+07 1.70093e+07 2.52589e+07 1.63272e+07 1.60509e+07 1.57641e+07
threshold=10998.078750000002 8813.1425000000017 13235.073750000001 7293.3300000000008 9781.8625000000011 14566.588750000001 12013.360000000002 8115.6812500000005 10374.735000000002 12606.491250000001 3.5000000000000004 6621.9212500000003 9250.2250000000004 15095.071250000003 11492.810000000003 14055.557500000001 12694.316250000002 14202.887500000003 8428.5912500000031 30.059375000000006 7.5000000000000009 7763.7775000000011 11199.178750000001 3.5000000000000004 2.5000000000000004 12.500000000000002 12065.997500000003 8988.8662500000009 16.500000000000004 5948.7587500000009
decision_type=2 2 2 2 2 2 2 2 2 2 2 2 2 2 2 2 2 2 2 2 2 2 2 2 2 2 2 2 2 2
left_child=1 3 6 11 9 15 14 21 17 12 -11 29 -3 -7 27 25 -8 -6 -9 -19 24 -5 -17 -24 -15 26 -4 -2 -14 -1
right_child=2 4 5 7 8 13 16 18 -10 10 -12 -13 28 20 -16 22 -18 19 -20 -21 -22 -23 23 -25 -26 -27 -28 -29 -30 -31
leaf_value=-87.189177950579136 34.843607624195236 -23.892923586083882 77.933101900467975 -49.22433898682349 -5.1191901117125891 84.590061472028353 38.814273561195499 -37.732101951755652 6.2846787197342691 79.578136683872771 -2.8766672901387484 -60.051555461859436 -13.170989325273181 93.27557924207423 28.115426317233251 87.425372238816891 49.448886350953408 11.640513157784939 -31.174444147970746 71.913881723937536 79.489122484392595 -42.911286884240134 75.194232390310546 62.399935303190176 101.95761332217491 56.306033253464754 62.487212833303204 16.939164930324051 -19.278905505479489 -71.848923237105296
leaf_weight=201 135 4468 322 2758 3867 1154 1962 3523 3333 35 212 2373 2505 1026 1982 232 1758 100 4080 21 180 3154 1013 544 1733 756 1487 2241 1885 1004
leaf_count=201 135 4468 322 2758 3867 1154 1962 3523 3333 35 212 2373 2505 1026 1982 232 1758 100 4080 21 180 3154 1013 544 1733 756 1487 2241 1885 1004
internal_value=0.0658824 -27.8491 56.6882 -44.6609 -10.3547 79.9454 32.3687 -39.3063 0.522493 -19.1007 8.80721 -64.8864 -19.8789 93.8965 22.5767 66.8306 43.84 -4.2933 -34.2131 22.1012 97.5506 -45.8564 72.8899 70.724 98.729 62.6044 65.2366 17.9565 -15.7936 -74.4078
internal_weight=50044 33519 16525 17093 16426 8447 8078 13515 7321 9105 247 3578 8858 4093 4358 4354 3720 3988 7603 121 2939 5912 1789 1557 2759 2565 1809 2376 4390 1205
internal_count=50044 33519 16525 17093 16426 8447 8078 13515 7321 9105 247 3578 8858 4093 4358 4354 3720 3988 7603 121 2939 5912 1789 1557 2759 2565 1809 2376 4390 1205
is_linear=0
shrinkage=0.05


Tree=20
num_leaves=31
num_cat=0
split_feature=8 8 8 8 8 8 8 8 8 8 8 8 8 8 8 8 4 6 4 4 8 4 4 8 4 1 1 4 8 4
split_gain=3.09735e+10 4.88753e+09 3.00058e+09 1.04761e+09 7.20205e+08 4.2127e+08 3.83269e+08 1.77322e+08 1.39031e+08 1.00554e+08 7.4723e+07 5.1271e+07 5.01185e+07 4.94162e+07 4.58027e+07 3.98875e+07 3.23713e+07 3.20926e+07 2.44601e+07 2.35138e+07 2.32057e+07 2.24395e+07 2.22448e+07 2.10249e+07 2.02491e+07 1.98043e+07 1.91555e+07 1.89199e+07 1.80306e+07 1.77949e+07
threshold=11313.686250000002 8962.1050000000014 13725.232500000002 7792.3137500000003 10103.423500000003 12468.762500000003 15095.071250000003 7007.6750000000002 8362.7987500000017 9497.4712500000005 10631.551250000002 14496.095000000001 11880.291250000002 13031.922500000002 15796.430000000002 6370.5687500000013 7.5000000000000009 13100.213750000001 15.500000000000002 16.500000000000004 7449.8550000000005 7.5000000000000009 16.500000000000004 8631.2500000000018 7.5000000000000009 2.5000000000000004 3.5000000000000004 6.5000000000000009 8075.4175000000005 15.500000000000002
decision_type=2 2 2 2 2 2 2 2 2 2 2 2 2 2 2 2 2 2 2 2 2 2 2 2 2 2 2 2 2 2
left_child=1 3 5 7 9 12 11 15 28 -3 27 19 21 29 -8 -1 -12 24 -14 -4 -9 -2 -15 -10 -11 -18 -23 -6 -5 -7
right_child=2 4 6 8 10 13 14 20 23 17 16 -13 18 22 -16 -17 25 -19 -20 -21 -22 26 -24 -25 -26 -27 -28 -29 -30 -31
leaf_value=-81.44058056640641 30.729404917904606 -18.865573612308619 71.237603011943051 -43.329917220020107 8.0212775446283526 47.364881399381638 94.032408588954382 -57.008834765734697 -32.599988112460856 -3.5913943807095992 19.640468187135337 82.337612252294889 37.141763905387918 57.798961737178331 107.34887216158002 -66.495901645780634 -17.287811917844028 -47.023729847095638 18.768059256683763 44.935944175720216 -49.539903674079376 -0.079060086889087042 34.405493656051497 -26.90088655882019 -10.692647164314346 9.9121622014389903 21.921123604065315 -0.6966173399862442 -37.665906638235739 33.043992911591367
leaf_weight=600 798 5321 2473 2545 858 1521 1960 2003 2979 1532 1066 1363 1556 2021 963 1745 69 54 205 88 2163 106 107 3543 2912 2221 1486 2266 3137 253
leaf_count=600 798 5321 2473 2545 858 1521 1960 2003 2979 1532 1066 1363 1556 2021 963 1745 69 54 205 88 2163 106 107 3543 2912 2221 1486 2266 3137 253
internal_value=0.00109855 -25.6926 60.3796 -43.1259 -5.67516 39.69 84.7132 -59.3216 -34.4852 -14.2135 7.26273 74.5033 28.6024 51.4852 98.4196 -70.3197 12.443 -8.71016 35.0029 70.3338 -53.1309 23.8864 56.6227 -29.504 -8.2446 9.0926 20.4563 1.69773 -40.2028 45.3225
internal_weight=49914 35014 14900 18715 16299 8053 6847 6511 12204 9819 6480 3924 4151 3902 2923 2345 3356 4498 1761 2561 4166 2390 2128 6522 4444 2290 1592 3124 5682 1774
internal_count=49914 35014 14900 18715 16299 8053 6847 6511 12204 9819 6480 3924 4151 3902 2923 2345 3356 4498 1761 2561 4166 2390 2128 6522 4444 2290 1592 3124 5682 1774
is_linear=0
shrinkage=0.05


Tree=21
num_leaves=31
num_cat=0
split_feature=7 1 7 7 4 4 7 7 1 4 1 1 7 1 1 1 0 4 1 4 1 7 7 4 4 1 1 1 0 0
split_gain=1.84624e+10 4.33774e+09 1.73911e+09 1.38812e+09 3.5506e+08 3.00122e+08 2.78948e+08 2.62097e+08 2.40922e+08 5.15868e+08 3.51571e+08 1.91056e+08 1.45285e+08 1.42031e+08 1.136e+08 1.50038e+08 1.08818e+08 1.03518e+08 1.02067e+08 8.93689e+07 8.63849e+07 7.85642e+07 7.80377e+07 7.13776e+07 1.06781e+08 1.43335e+08 9.95596e+07 9.41518e+07 7.57406e+07 6.68917e+07
threshold=10305.975 3.5000000000000004 8785.5825000000023 13603.623750000001 5.5000000000000009 16.500000000000004 7211.8275000000003 11244.045000000002 6.5000000000000009 5.5000000000000009 9.5000000000000018 9.5000000000000018 14656.001250000003 11.500000000000002 3.5000000000000004 2.5000000000000004 23.685625000000005 16.500000000000004 4.5000000000000009 2.5000000000000004 5.5000000000000009 9589.6087500000012 15095.360000000002 17.500000000000004 3.5000000000000004 5.5000000000000009 10.500000000000002 7.5000000000000009 23.243125000000003 24.631875000000004
decision_type=2 2 2 2 2 2 2 2 2 2 2 2 2 2 2 2 2 2 2 2 2 2 2 2 2 2 2 2 2 2
left_child=2 3 6 7 16 8 11 -2 14 19 21 -1 -5 17 15 -4 -3 22 -7 -10 -16 -11 -6 24 -8 -26 27 -27 -29 -25
right_child=1 4 5 12 13 18 23 -9 9 10 -12 -13 -14 -15 20 -17 -18 -19 -20 -21 -22 -23 -24 29 25 26 -28 28 -30 -31
leaf_value=-32.314152510366306 15.529205071594982 -24.858974635080934 -3.5777677021310788 69.78886039978245 17.494829477828095 -13.975455256465075 -36.70353802394974 47.319420748246415 -38.305200140936336 56.644853557141076 -3.0375241183222581 -58.208442312744459 87.25432971553532 39.521380756428499 -24.106649578269387 73.435383095460779 4.3406147218930222 -6.2504540349580608 -27.99708809676239 -10.999657063106037 -7.5035478839327006 28.764317780625728 37.625912182242608 -42.724764765342208 -38.322471806068705 -20.473797670079716 -30.164638797874286 -21.408300516124449 12.670748097988783 -32.43933856779713
leaf_weight=1096 810 573 904 1967 8056 2724 2681 3249 456 351 1013 2035 3017 796 2012 68 720 437 2479 874 1283 902 512 2492 1207 1062 1039 233 543 4323
leaf_count=1096 810 573 904 1967 8056 2724 2681 3249 456 351 1013 2035 3017 796 2012 68 720 437 2479 874 1283 902 512 2492 1207 1062 1039 233 543 4323
internal_value=0.00104361 36.9793 -25.0059 62.6828 16.0277 -11.3405 -35.6906 40.9755 -5.1762 4.35758 18.8662 -49.1442 80.3614 19.2766 -13.2108 1.80998 -8.59934 17.4871 -20.6561 -20.3616 -17.6418 36.5744 18.6978 -32.5887 -28.9504 -23.8608 -17.7936 -10.8004 2.43825 -36.2003
internal_weight=49914 20137 29777 9043 11094 13066 16711 4059 7863 3596 2266 3131 4984 9801 4267 972 1293 9005 5203 1330 3295 1253 8568 13580 6765 4084 2877 1838 776 6815
internal_count=49914 20137 29777 9043 11094 13066 16711 4059 7863 3596 2266 3131 4984 9801 4267 972 1293 9005 5203 1330 3295 1253 8568 13580 6765 4084 2877 1838 776 6815
is_linear=0
shrinkage=0.05


Tree=22
num_leaves=31
num_cat=0
split_feature=8 8 8 8 8 8 8 8 8 8 8 8 8 6 8 8 8 6 8 6 8 8 8 1 8 8 6 8 1 8
split_gain=2.57463e+10 4.07474e+09 2.49317e+09 8.19293e+08 6.70901e+08 3.79526e+08 2.83382e+08 1.4993e+08 9.61134e+07 8.51748e+07 8.11827e+07 5.75933e+07 4.25867e+07 3.72409e+07 3.52188e+07 3.49608e+07 3.33319e+07 2.22351e+07 1.96194e+07 1.58982e+07 1.51918e+07 1.43718e+07 1.32331e+07 1.28446e+07 1.28229e+07 1.22825e+07 1.21801e+07 1.0621e+07 9.36292e+06 8.9138e+06
threshold=11313.686250000002 8866.3975000000009 13796.932500000001 7792.3137500000003 9984.2900000000027 12597.687500000002 15158.182500000001 7007.6750000000002 8328.9287500000009 10564.233750000001 9366.907500000003 11997.860000000002 14496.095000000001 12748.266250000002 6543.7850000000008 15886.921250000001 13152.958750000003 13347.875000000002 7449.8550000000005 10043.071250000003 10958.562500000002 8611.8312500000011 5948.7587500000009 3.5000000000000004 8075.4175000000005 9090.0262500000026 12973.690000000001 9602.5350000000017 6.5000000000000009 16180.853750000002
decision_type=2 2 2 2 2 2 2 2 2 2 2 2 2 2 2 2 2 2 2 2 2 2 2 2 2 2 2 2 2 2
left_child=1 3 5 7 10 11 12 14 24 -6 19 17 23 27 22 -8 -7 -2 -9 25 -11 -10 -1 26 -5 -3 -4 -12 -14 -17
right_child=2 4 6 8 9 16 15 18 21 20 13 -13 28 -15 -16 29 -18 -19 -20 -21 -22 -23 -24 -25 -26 -27 -28 -29 -30 -31
leaf_value=-82.943589797529214 23.586846777811505 -20.917497429602424 36.556463758680557 -39.536925746415591 -0.15087223002314409 43.619393775473895 86.676632037372229 -52.22909186330368 -30.015595568327843 7.6811802879800384 -12.272164866067413 34.04746192789132 73.370639997659268 -46.671128149593585 -59.258702163640237 96.059732694152402 53.123630226060108 3.8559951464861437 -45.361507358277663 -29.458439597629365 14.060518753172799 -25.096534757196221 -68.691639587873055 69.798250824878323 -34.604804380202616 -15.830851486056785 62.971639273899747 -7.4824614426774794 82.246125055375259 108.32266955019823
leaf_weight=206 2625 2226 45 2545 3526 1768 1958 2003 3182 1988 1936 1774 1164 68 1361 564 1929 151 2163 336 1759 2784 778 878 2733 2542 1444 2878 399 201
leaf_count=206 2625 2226 45 2545 3526 1768 1958 2003 3182 1988 1936 1774 1164 68 1361 564 1929 151 2163 336 1759 2784 778 878 2733 2542 1444 2878 399 201
internal_value=0.000991434 -23.4245 55.0493 -40.2414 -6.12427 36.6791 77.8208 -54.3559 -32.0682 5.42701 -14.5373 27.0105 69.2312 -9.92771 -64.4689 90.2179 48.5785 22.5136 -48.6634 -18.9464 10.6759 -27.7201 -71.6753 65.0017 -36.983 -18.2056 62.1733 -9.40869 75.6364 99.2818
internal_weight=49914 35014 14900 17755 17259 8247 6653 6511 11244 7273 9986 4550 3930 4882 2345 2723 3697 2776 4166 5104 3747 5966 984 2367 5278 4768 1489 4814 1563 765
internal_count=49914 35014 14900 17755 17259 8247 6653 6511 11244 7273 9986 4550 3930 4882 2345 2723 3697 2776 4166 5104 3747 5966 984 2367 5278 4768 1489 4814 1563 765
is_linear=0
shrinkage=0.05


Tree=23
num_leaves=31
num_cat=0
split_feature=8 8 8 8 8 8 8 8 8 8 8 8 8 8 8 8 7 8 8 0 0 1 1 0 8 0 0 1 1 1
split_gain=2.3236e+10 3.67745e+09 2.25038e+09 7.39972e+08 6.05871e+08 3.18507e+08 2.75232e+08 1.25397e+08 1.00172e+08 7.84422e+07 7.10615e+07 4.45288e+07 3.97124e+07 3.69609e+07 3.15521e+07 3.08993e+07 2.84346e+07 1.74803e+07 1.68198e+07 1.419e+07 1.31346e+07 1.25579e+07 1.15805e+07 1.12788e+07 1.08889e+07 1.05642e+07 1.05329e+07 1.07203e+07 9.93144e+06 8.83825e+06
threshold=11313.686250000002 8866.3975000000009 13725.232500000002 7733.2925000000005 10012.522500000001 12468.762500000003 15158.182500000001 6687.0000000000009 8261.5700000000015 9386.0550000000021 10631.551250000002 14300.963750000001 11781.025000000003 13031.922500000002 15886.921250000001 7248.9962500000011 14844.657500000003 8611.8312500000011 5948.7587500000009 24.361875000000008 24.526875000000008 2.5000000000000004 6.5000000000000009 24.361875000000008 7956.0150000000012 24.560625000000005 24.905625000000008 2.5000000000000004 1.5000000000000002 1.5000000000000002
decision_type=2 2 2 2 2 2 2 2 2 2 2 2 2 2 2 2 2 2 2 2 2 2 2 2 2 2 2 2 2 2
left_child=1 3 5 7 9 12 11 18 24 23 20 -4 -2 -7 -8 -9 25 -10 -1 -12 -6 -21 -13 -3 -5 -11 -14 -28 -27 -22
right_child=2 4 6 8 10 13 14 15 17 16 19 22 26 -15 -16 -17 -18 -19 -20 21 29 -23 -24 -25 -26 28 27 -29 -30 -31
leaf_value=-78.7964096810054 19.674015074280938 -13.138948789114393 59.812681901274118 -39.446497313090582 5.8518508103808031 39.305775068873352 82.342800591598376 -53.248508866983016 -29.008847420549348 -5.0386533505592386 16.957231273356864 67.910988757054881 33.996942304137939 49.078648162067388 94.317671756121072 -45.067452732465327 -56.032564067840582 -23.841707983672961 -63.295464982929047 -11.021410851729543 -33.355287025088352 9.6018848168288908 76.074358868559543 -18.970258757754642 -34.5179555403599 -45.345805358886722 11.175054653281091 28.03613769187805 -10.01006790989346 -0.79575393132050398
leaf_weight=206 2003 1029 1978 1747 918 1774 1958 1970 3972 1377 713 1541 802 2128 765 2787 32 2784 1163 76 21 2567 605 4271 3126 20 102 1244 3456 2779
leaf_count=206 2003 1029 1978 1747 918 1774 1958 1970 3972 1377 713 1541 802 2128 765 2787 32 2784 1163 76 21 2567 605 4271 3126 20 102 1244 3456 2779
internal_value=0.000941895 -22.2533 52.2968 -38.2293 -5.81806 34.3794 73.3702 -52.2931 -30.8208 -13.6254 5.42282 65.2244 24.7385 44.6355 85.707 -48.4554 -9.05486 -26.8796 -65.628 10.6975 0.661683 9.00886 70.2124 -17.8381 -36.2849 -8.74509 29.4611 26.7584 -10.2134 -1.03995
internal_weight=49914 35014 14900 17755 17259 8053 6847 6126 11629 10185 7074 4124 4151 3902 2723 4757 4885 6756 1369 3356 3718 2643 2146 5300 4873 4853 2148 1346 3476 2800
internal_count=49914 35014 14900 17755 17259 8053 6847 6126 11629 10185 7074 4124 4151 3902 2723 4757 4885 6756 1369 3356 3718 2643 2146 5300 4873 4853 2148 1346 3476 2800
is_linear=0
shrinkage=0.05


Tree=24
num_leaves=31
num_cat=0
split_feature=8 8 8 8 8 8 8 8 8 8 8 8 4 8 4 6 8 1 4 4 4 4 8 1 6 4 8 8 4 6
split_gain=2.09777e+10 2.94185e+09 2.46714e+09 5.53852e+08 5.13084e+08 3.76688e+08 2.73948e+08 9.56393e+07 8.03451e+07 7.8922e+07 5.91057e+07 5.42988e+07 4.01302e+07 3.96792e+07 3.38305e+07 3.18614e+07 2.86537e+07 2.14781e+07 1.97985e+07 1.77579e+07 1.77181e+07 1.76483e+07 1.70468e+07 1.62901e+07 1.54118e+07 1.51046e+07 1.50725e+07 1.50305e+07 1.49053e+07 1.42086e+07
threshold=11072.096250000001 8702.8000000000011 13342.058750000002 7519.576250000001 9882.4812500000025 14655.326250000002 12062.01375 8169.8450000000003 9288.9075000000012 6621.9212500000003 15563.876250000003 10473.683750000002 16.500000000000004 13995.890000000001 7.5000000000000009 11409.727500000003 12676.840000000002 3.5000000000000004 7.5000000000000009 15.500000000000002 6.5000000000000009 16.500000000000004 7868.9550000000008 2.5000000000000004 14102.270000000002 15.500000000000002 16180.853750000002 7160.8112500000016 7.5000000000000009 9883.3705500000015
decision_type=2 2 2 2 2 2 2 2 2 2 2 2 2 2 2 2 2 2 2 2 2 2 2 2 2 2 2 2 2 2
left_child=1 3 6 9 8 13 14 22 29 -1 21 20 16 19 24 28 -8 -16 -13 -4 -6 -7 -5 -20 -2 -15 -12 -11 -10 -3
right_child=2 4 5 7 11 10 12 -9 15 27 26 18 -14 25 17 -17 -18 -19 23 -21 -22 -23 -24 -25 -26 -27 -28 -29 -30 -31
leaf_value=-63.460505868780928 25.911895760054382 -18.295949645222262 52.585433573981334 -39.96949978773678 3.5214456734093407 73.709670936302658 33.452450203529672 -27.535790187943334 -5.6256455306337516 -51.840148493854876 83.517612131589274 12.93852329003621 18.651153364976604 62.148484548451954 -2.1079087588642582 -37.449540149040942 42.358312448351974 16.495693807589543 -21.256085828145345 36.955452498074237 -4.0081847345041695 51.249038545377964 -34.251903407597119 5.1695354002714877 -4.161043330756101 47.884228277439028 98.190652845392194 -45.340832099386205 -11.631156917841887 -27.94529366015222
leaf_weight=1181 1342 5674 1734 2334 1112 2247 1629 5954 1510 1754 1354 1004 277 1960 165 106 2027 2598 60 203 2627 91 2953 2082 44 205 201 1805 3272 409
leaf_count=1181 1342 5674 1734 2334 1112 2247 1629 5954 1510 1754 1354 1004 277 1960 165 106 2027 2598 60 203 2627 91 2953 2082 44 205 201 1805 3272 409
internal_value=0.000894755 -22.3423 47.0262 -37.9261 -8.39483 66.7193 27.5451 -31.8818 -15.1091 -52.2605 77.8599 2.30417 36.9999 56.1464 18.5825 -10.3358 38.3901 15.3847 7.14491 50.9474 -1.76883 72.8355 -36.776 4.42932 24.9572 60.7978 85.4143 -48.5439 -9.73481 -18.9447
internal_weight=49914 33837 16077 15981 17856 7995 8082 11241 10971 4740 3893 6885 3933 4102 4149 4888 3656 2763 3146 1937 3739 2338 5287 2142 1386 2165 1555 3559 4782 6083
internal_count=49914 33837 16077 15981 17856 7995 8082 11241 10971 4740 3893 6885 3933 4102 4149 4888 3656 2763 3146 1937 3739 2338 5287 2142 1386 2165 1555 3559 4782 6083
is_linear=0
shrinkage=0.05


Tree=25
num_leaves=31
num_cat=0
split_feature=8 8 8 8 8 8 8 8 8 8 8 8 6 8 8 8 8 6 6 8 8 0 0 0 0 0 0 8 8 8
split_gain=1.89871e+10 3.00684e+09 1.8221e+09 6.5954e+08 4.3268e+08 2.73035e+08 2.05643e+08 1.07436e+08 8.85579e+07 5.77842e+07 4.51013e+07 4.36101e+07 3.28169e+07 2.94438e+07 2.88112e+07 2.67636e+07 2.55532e+07 1.79236e+07 1.72409e+07 1.51259e+07 1.36594e+07 1.24436e+07 1.22964e+07 1.1378e+07 1.10775e+07 1.03053e+07 9.51635e+06 9.50346e+06 9.34515e+06 8.74646e+06
threshold=11313.686250000002 8962.1050000000014 13796.932500000001 7792.3137500000003 10103.423500000003 12597.687500000002 15095.071250000003 7007.6750000000002 8395.4237500000017 9521.2987500000017 10711.386250000001 11781.025000000003 13464.677500000003 13152.958750000003 15796.430000000002 6180.5912500000004 14360.871250000002 10670.582500000002 13347.875000000002 7449.8550000000005 8114.0150000000003 24.361875000000008 30.384375000000006 25.020625000000006 24.526875000000008 24.361875000000008 24.560625000000005 8611.8312500000011 9130.2912500000039 16180.853750000002
decision_type=2 2 2 2 2 2 2 2 2 2 2 2 2 2 2 2 2 2 2 2 2 2 2 2 2 2 2 2 2 2
left_child=1 3 5 7 9 11 16 15 20 17 24 18 26 -7 -8 -1 -4 21 -2 -9 -5 -3 -18 -13 -6 -12 -11 -10 -23 -16
right_child=2 4 6 8 10 13 14 19 27 12 25 23 -14 -15 29 -17 22 -19 -20 -21 -22 28 -24 -25 -26 -27 -28 -29 -30 -31
leaf_value=-67.004435760962778 19.105583051431601 -9.1644616184998213 55.031423135065225 -33.616045391066073 6.6083299000773641 37.010889352688011 73.292635067488803 -44.914462633699571 -25.171163718450984 -2.3903581173743231 15.906715556974365 31.93820686061817 -46.170615152212292 45.911446642388114 81.483841420936102 -52.733951189448071 66.76541249229453 -31.946240293475945 0.13626584755256774 -38.871025645661234 -28.898758479883334 -18.467769845134335 58.281668001062741 25.095605845424458 0.15667894699975571 8.6500781395358466 -7.6713210935844458 -21.124762464931131 -13.517305044405578 93.37508592358526
leaf_weight=394 1866 1085 1915 2971 891 1770 1935 1986 2361 1180 619 993 52 1956 778 1978 1063 142 128 2163 3174 1425 714 1565 2627 2334 3079 3765 2880 193
leaf_count=394 1866 1085 1915 2971 891 1770 1935 1986 2361 1180 619 993 52 1956 778 1978 1063 142 128 2163 3174 1425 714 1565 2627 2334 3079 3765 2880 193
internal_value=-0.0720902 -20.1327 47.2692 -33.7669 -4.42764 31.6465 66.8698 -46.6164 -26.9385 -11.0299 5.61508 23.431 -6.69021 41.6833 76.8194 -55.1043 59.0384 -14.4118 17.8879 -41.7638 -31.1795 -13.9499 63.3566 27.7519 1.79068 10.1712 -6.20818 -22.6843 -15.156 83.8474
internal_weight=49982 35106 14876 18792 16314 8278 6598 6521 12271 9843 6471 4552 4311 3726 2906 2372 3692 5532 1994 4149 6145 5390 1777 2558 3518 2953 4259 6126 4305 971
internal_count=49982 35106 14876 18792 16314 8278 6598 6521 12271 9843 6471 4552 4311 3726 2906 2372 3692 5532 1994 4149 6145 5390 1777 2558 3518 2953 4259 6126 4305 971
is_linear=0
shrinkage=0.05


Tree=26
num_leaves=31
num_cat=0
split_feature=8 8 8 8 8 8 8 8 8 8 4 4 8 8 6 8 1 8 8 4 4 8 6 8 4 1 8 4 4 8
split_gain=1.71359e+10 2.71367e+09 1.64444e+09 5.95235e+08 3.9113e+08 2.46678e+08 1.85623e+08 9.80204e+07 7.9955e+07 5.97504e+07 3.99202e+07 3.64212e+07 3.58023e+07 3.32853e+07 2.94404e+07 2.29927e+07 2.24889e+07 2.13071e+07 2.08271e+07 1.88404e+07 1.79705e+07 1.76531e+07 1.75581e+07 1.58374e+07 1.52414e+07 1.46725e+07 1.44284e+07 1.40157e+07 1.38313e+07 1.34346e+07
threshold=11313.686250000002 8962.1050000000014 13796.932500000001 7792.3137500000003 10162.055000000002 12468.762500000003 15216.782500000003 6818.9700000000012 8411.6475000000009 9549.3612500000017 7.5000000000000009 7.5000000000000009 13152.958750000003 14563.515000000001 13870.301250000002 10875.905000000002 3.5000000000000004 7375.7850000000008 16057.512500000003 16.500000000000004 15.500000000000002 6180.5912500000004 10670.582500000002 11781.025000000003 6.5000000000000009 1.5000000000000002 10631.551250000002 7.5000000000000009 15.500000000000002 8169.8450000000003
decision_type=2 2 2 2 2 2 2 2 2 2 2 2 2 2 2 2 2 2 2 2 2 2 2 2 2 2 2 2 2 2
left_child=1 3 5 7 9 10 13 21 29 22 -2 26 20 19 24 -13 -12 -9 -8 -4 -7 -1 27 -18 -11 -26 -6 -3 -15 -5
right_child=2 4 6 8 11 12 18 17 -10 14 16 15 -14 28 -16 -17 23 -19 -20 -21 -22 -23 -24 -25 25 -27 -28 -29 -30 -31
leaf_value=-63.654214957764907 27.887909734492084 -8.8609211576109139 54.191123434867997 -31.519352992522251 6.7999288376031899 36.149923395280474 72.27417982940247 -44.164390041797645 -21.422756891736924 -1.187639404652314 1.8479878723766039 0.34623989506224079 43.615874261212497 64.4786152379653 -47.532266235351564 8.0807827361526847 15.111514130679709 -37.445391074068517 84.975703076814355 30.767216384544806 23.168386874359907 -51.652597602877464 -30.501300788725782 23.208836678617931 -39.652380632672994 -7.0915235631650093 15.445104819564513 -14.587913698816278 50.576063367232535 -26.874416469099732
leaf_weight=394 1521 1440 2421 3579 891 1867 2142 2188 5937 1416 206 2618 1956 1360 42 1518 1239 2561 380 89 311 1378 149 1178 35 3013 1053 4139 206 2755
leaf_count=394 1521 1440 2421 3579 891 1867 2142 2188 5937 1416 206 2618 1956 1360 42 1518 1239 2561 380 89 311 1378 149 1178 35 3013 1053 4139 206 2755
internal_value=-0.0684857 -19.1261 44.9057 -32.0785 -4.20626 30.0642 63.5263 -44.2856 -25.5915 -10.1736 21.4434 5.83808 38.7058 56.9295 -5.8661 3.18498 17.7064 -40.541 74.188 53.3606 34.2963 -54.3211 -13.5621 19.058 -5.47408 -7.46542 11.4827 -13.1097 62.6498 -29.499
internal_weight=49982 35106 14876 18792 16314 8278 6598 6521 12271 10234 4144 6080 4134 4076 4506 4136 2623 4749 2522 2510 2178 1772 5728 2417 4464 3048 1944 5579 1566 6334
internal_count=49982 35106 14876 18792 16314 8278 6598 6521 12271 10234 4144 6080 4134 4076 4506 4136 2623 4749 2522 2510 2178 1772 5728 2417 4464 3048 1944 5579 1566 6334
is_linear=0
shrinkage=0.05


Tree=27
num_leaves=31
num_cat=0
split_feature=8 8 8 8 8 8 8 8 8 8 8 8 4 8 4 6 8 4 5 4 8 5 4 4 6 8 6 4 6 4
split_gain=1.54651e+10 2.44909e+09 1.48479e+09 5.37249e+08 3.54375e+08 2.10572e+08 1.81278e+08 1.02495e+08 6.01152e+07 4.41352e+07 4.15367e+07 3.56334e+07 3.31108e+07 2.80169e+07 2.79258e+07 2.74744e+07 2.49798e+07 2.46899e+07 2.3114e+07 2.23508e+07 2.01165e+07 1.67292e+07 1.62665e+07 1.56271e+07 1.45957e+07 1.3746e+07 1.30213e+07 1.29456e+07 1.22803e+07 1.20703e+07
threshold=11313.686250000002 8962.1050000000014 13575.381250000002 7868.9550000000008 10040.423750000002 14843.492500000002 12261.76 7064.0087500000009 8462.751250000003 10564.233750000001 9452.6787500000009 15629.727500000001 16.500000000000004 12962.536250000003 7.5000000000000009 12694.316250000002 6464.4537500000015 15.500000000000002 1.0000000180025095e-35 15.500000000000002 14247.822500000002 1.0000000180025095e-35 16.500000000000004 6.5000000000000009 9961.751250000003 7449.8550000000005 13164.442500000003 6.5000000000000009 14102.270000000002 6.5000000000000009
decision_type=2 2 2 2 2 2 2 2 2 2 2 2 2 2 2 2 2 2 2 2 2 2 2 2 2 2 2 2 2 2
left_child=1 3 6 7 10 17 14 16 -5 23 24 -7 13 -8 28 29 -1 20 -14 27 -4 -19 26 -6 -3 -9 -16 -11 -2 -12
right_child=2 4 5 8 9 11 12 25 -10 19 15 -13 18 -15 22 -17 -18 21 -20 -21 -22 -23 -24 -25 -26 -27 -28 -29 -30 -31
leaf_value=-56.765735122503919 25.99829698368444 -12.588891978371841 48.758850937250855 -27.168837542604809 5.9418693874843171 63.783784673805521 31.591141600718171 -40.205157515908041 -19.965331037474368 14.97264269688217 -2.504829741127983 74.14086330710704 41.092943700154621 40.10068162452486 18.335682524057763 -36.820038899739579 -46.031608300975392 54.49738566935563 7.6514163849132304 -0.73010093337786353 56.669850112651957 32.045364194716846 3.3845357740385853 -1.912124182805055 -22.130994046700863 -34.581612603685066 2.0525497241329602 7.9335738843963073 -4.9134220267787123 -8.0864813843982741
leaf_weight=777 1218 4493 1901 6319 881 2128 2006 1789 5347 926 1423 1362 72 1868 1956 75 1792 119 183 573 1392 274 233 2253 440 2768 131 2217 33 3033
leaf_count=777 1218 4493 1901 6319 881 2128 2006 1789 5347 926 1423 1362 72 1868 1956 75 1792 119 183 573 1392 274 233 2253 440 2768 131 2217 33 3033
internal_value=-0.0650614 -18.1698 42.6605 -30.4746 -3.99595 59.0235 27.411 -41.2917 -23.8672 4.66596 -10.2654 67.8257 34.5456 35.6943 19.1615 -6.80913 -49.2782 50.6893 17.0937 8.35174 52.1029 38.8438 15.9147 0.295715 -13.44 -36.7893 17.3136 10.0074 25.1829 -6.30401
internal_weight=49982 35106 14876 18792 16314 7176 7700 7126 11666 6850 9464 3490 4129 3874 3571 4531 2569 3686 255 3716 3293 393 2320 3134 4933 4557 2087 3143 1251 4456
internal_count=49982 35106 14876 18792 16314 7176 7700 7126 11666 6850 9464 3490 4129 3874 3571 4531 2569 3686 255 3716 3293 393 2320 3134 4933 4557 2087 3143 1251 4456
is_linear=0
shrinkage=0.05


Tree=28
num_leaves=31
num_cat=0
split_feature=8 8 8 8 8 8 8 8 8 8 8 8 4 4 8 6 6 8 4 6 4 8 5 4 1 8 4 4 1 4
split_gain=1.39646e+10 1.83436e+09 1.79781e+09 3.33537e+08 3.30928e+08 2.63322e+08 1.91542e+08 5.13975e+07 5.09154e+07 4.72248e+07 4.68804e+07 4.26728e+07 2.98357e+07 2.96098e+07 2.83609e+07 2.21506e+07 2.09865e+07 2.09042e+07 1.84619e+07 1.76829e+07 1.50946e+07 1.45278e+07 1.44762e+07 1.37274e+07 1.32055e+07 1.3073e+07 1.2018e+07 1.14056e+07 1.32309e+07 1.12853e+07
threshold=10958.562500000002 8611.8312500000011 13290.517500000002 9681.353750000002 7519.576250000001 14655.326250000002 12062.01375 6621.9212500000003 8019.3900000000012 9090.0262500000026 10262.436250000001 15417.848750000003 15.500000000000002 15.500000000000002 13995.890000000001 10715.331250000001 13164.442500000003 11450.726250000002 7.5000000000000009 13934.030000000001 16.500000000000004 12792.373750000001 1.0000000180025095e-35 7.5000000000000009 3.5000000000000004 16057.512500000003 16.500000000000004 6.5000000000000009 1.5000000000000002 8.5000000000000018
decision_type=2 2 2 2 2 2 2 2 2 2 2 2 2 2 2 2 2 2 2 2 2 2 2 2 2 2 2 2 2 2
left_child=1 4 6 9 7 14 12 -1 -6 -3 19 20 16 21 26 23 17 -2 -12 27 -7 -8 -15 -11 29 -13 -4 -5 -29 -16
right_child=2 3 5 10 8 11 13 -9 -10 15 18 25 -14 22 24 -17 -18 -19 -20 -21 -22 -23 -24 -25 -26 -27 -28 28 -30 -31
leaf_value=-51.712962638151936 13.325683368753056 -17.369013015889625 42.244232342664475 0.26924607861070454 -31.290692701096489 59.172273388789883 28.545309217529297 -39.643613381099648 -23.98828109449331 -5.7896674476251704 8.791991949137195 66.682392274215104 4.5375482406357461 32.661299913712128 52.521904876400733 -27.751007705438333 0.8244604219573205 20.658867023784254 1.2951273474045326 -41.59550003543977 37.626372626809513 35.318848672017566 13.333883702947247 -11.610137586869334 54.731591043593006 77.019874861867805 23.481266299861204 -35.574475521511502 -5.0669746335306511 42.967975494088122
leaf_weight=1172 1970 5137 2077 1258 3764 1862 1875 3566 6525 1384 1229 1567 645 131 495 183 213 1918 2475 31 85 1370 372 3779 790 380 89 36 2781 823
leaf_count=1172 1970 5137 2077 1258 3764 1862 1875 3566 6525 1384 1229 1567 645 131 495 183 213 1918 2475 31 85 1370 372 3779 790 380 89 36 2781 823
internal_value=-0.0618083 -18.7509 37.3119 -8.118 -31.6948 54.0605 21.2062 -42.6291 -26.6597 -13.9455 -0.296016 63.4658 14.5338 29.6553 45.4914 -10.6558 16.1061 16.9432 3.78261 -3.97533 58.2316 31.405 18.3675 -10.0499 49.62 68.7 41.4733 -3.68914 -5.45685 46.5561
internal_weight=49982 33320 16662 18293 15027 8168 8494 4738 10289 10483 7810 3894 4746 3748 4274 5346 4101 3888 3704 4106 1947 3245 503 5163 2108 1947 2166 4075 2817 1318
internal_count=49982 33320 16662 18293 15027 8168 8494 4738 10289 10483 7810 3894 4746 3748 4274 5346 4101 3888 3704 4106 1947 3245 503 5163 2108 1947 2166 4075 2817 1318
is_linear=0
shrinkage=0.05


Tree=29
num_leaves=31
num_cat=0
split_feature=8 8 8 8 8 8 8 8 8 8 8 8 6 4 4 8 4 4 4 4 4 4 8 5 8 4 8 8 6 4
split_gain=1.26035e+10 1.73248e+09 1.5256e+09 3.32464e+08 2.94426e+08 2.37648e+08 1.55525e+08 5.47558e+07 5.43543e+07 4.83659e+07 3.87138e+07 2.829e+07 2.69188e+07 2.67228e+07 2.58336e+07 2.56369e+07 1.66812e+07 1.5721e+07 1.49396e+07 1.45551e+07 1.33499e+07 1.33965e+07 1.31113e+07 1.30647e+07 1.29317e+07 1.24216e+07 1.20188e+07 1.16061e+07 1.14276e+07 1.07449e+07
threshold=11033.766250000002 8702.8000000000011 13290.517500000002 7613.8012500000013 9907.6850000000031 14655.326250000002 12062.01375 6687.0000000000009 9169.0612500000007 8188.2487500000016 15350.690000000001 10405.270000000002 11409.727500000003 15.500000000000002 7.5000000000000009 13866.538750000002 16.500000000000004 16.500000000000004 7.5000000000000009 7.5000000000000009 18.500000000000004 15.500000000000002 12792.373750000001 1.0000000180025095e-35 16057.512500000003 16.500000000000004 5948.7587500000009 7160.8112500000016 14102.270000000002 6.5000000000000009
decision_type=2 2 2 2 2 2 2 2 2 2 2 2 2 2 2 2 2 2 2 2 2 2 2 2 2 2 2 2 2 2
left_child=1 3 6 7 8 15 14 26 -3 -5 25 29 18 22 28 -4 -16 -17 -10 -13 21 -20 -8 -15 -12 -7 -1 -9 -2 -6
right_child=2 4 5 9 11 10 13 27 12 -11 24 19 -14 23 16 17 -18 -19 20 -21 -22 -23 -24 -25 -26 -27 -28 -29 -30 -31
leaf_value=-59.695764786157852 20.506315010061254 -15.53155928221363 38.608652226570435 -27.924956383954282 2.8925177680159431 55.715260208102485 27.118043652572631 -39.913637223375503 -4.264072959568769 -21.178337121762695 62.998578348327669 9.7717663605934391 -29.897645982106525 31.028235212719171 12.766323744573377 47.226797258710889 -0.20017222949188121 25.712163881822068 -8.8689265118441565 2.7104347731118636 -6.2494591164261983 -16.163088621419888 33.552906249944314 12.667189421086142 73.168881458483256 35.783053923816219 -46.294523323978758 -34.394296492790183 -5.9634849729992103 -3.5120952810841168
leaf_weight=195 1398 4930 1769 4957 931 1671 1875 1592 1847 5724 1761 1081 144 131 2618 2417 274 88 1509 2246 1741 1080 1370 372 380 82 1178 2371 42 2208
leaf_count=195 1398 4930 1769 4957 931 1671 1875 1592 1847 5724 1761 1081 144 131 2618 2417 274 88 1509 2246 1741 1080 1370 372 380 82 1178 2371 42 2208
internal_value=-0.0587179 -17.4838 36.1191 -29.401 -6.71006 51.3574 20.7148 -39.5928 -11.5964 -24.3094 60.2925 1.79232 -8.52724 28.1725 14.2624 43.2168 11.5378 46.471 -8.02904 5.00478 -9.63502 -11.9117 29.8348 17.4491 64.8037 54.7829 -48.1978 -36.6115 19.7343 -1.61254
internal_weight=49982 33734 16248 16017 17717 8168 8080 5336 11251 10681 3894 6466 6321 3748 4332 4274 2892 2505 6177 3327 4330 2589 3245 503 2141 1753 1373 3963 1440 3139
internal_count=49982 33734 16248 16017 17717 8168 8080 5336 11251 10681 3894 6466 6321 3748 4332 4274 2892 2505 6177 3327 4330 2589 3245 503 2141 1753 1373 3963 1440 3139
is_linear=0
shrinkage=0.05


Tree=30
num_leaves=31
num_cat=0
split_feature=8 8 8 8 8 8 8 8 8 8 8 8 8 8 6 8 6 6 8 1 8 0 8 0 6 6 6 7 0 1
split_gain=1.14265e+10 1.56911e+09 1.36248e+09 3.04325e+08 2.55241e+08 2.15152e+08 1.40522e+08 5.87611e+07 4.03522e+07 4.03158e+07 3.22621e+07 3.1625e+07 2.95741e+07 1.84791e+07 1.6332e+07 1.57196e+07 1.5707e+07 1.5283e+07 1.27262e+07 1.1185e+07 1.09807e+07 1.02342e+07 9.83246e+06 9.70272e+06 9.63803e+06 8.72542e+06 8.39165e+06 7.77965e+06 7.24699e+06 8.66784e+06
threshold=11033.766250000002 8721.7812500000018 13290.517500000002 7677.1875000000009 9728.6112500000017 14734.978750000002 11997.860000000002 6687.0000000000009 10405.270000000002 8226.1800000000021 9148.9100000000017 15488.217500000001 13995.890000000001 12792.373750000001 12748.266250000002 11536.791250000002 11889.421250000001 11735.470000000003 7209.5750000000007 6.5000000000000009 5948.7587500000009 27.096875000000008 16057.512500000003 24.430625000000003 9659.246250000002 8888.8550000000014 12135.128750000002 10931.440000000001 24.526875000000008 2.5000000000000004
decision_type=2 2 2 2 2 2 2 2 2 2 2 2 2 2 2 2 2 2 2 2 2 2 2 2 2 2 2 2 2 2
left_child=1 3 6 7 10 12 14 20 17 -5 24 21 -4 -8 15 -2 23 27 -9 -14 -1 -7 -13 -12 -3 -11 28 -6 -10 -30
right_child=2 4 5 9 8 11 13 18 26 25 16 22 19 -15 -16 -17 -18 -19 -20 -21 -22 -23 -24 -25 -26 -27 -28 -29 29 -31
leaf_value=-56.672273055366851 11.505107686932904 -13.972570017052698 37.106430895840198 -26.033935979422097 -1.054490685303427 59.321797204205374 23.658492629520207 -37.515911428061401 9.3107997491094761 -18.855634347744164 -4.6381106524426317 60.436124141605717 42.949766345502397 30.658978974538424 2.2071911449586192 18.050092605454847 -30.9686371421814 -23.050006247096594 -32.016075831327896 50.526501370027574 -44.18383232298352 51.095248253322907 69.510726343060284 -9.8375638219007584 -21.429354937445257 -23.87220101061807 -10.293250070188357 -5.9445469918088838 -15.384564998232086 4.173938137821251
leaf_weight=207 2278 4068 2190 4974 3361 508 2357 1760 755 4458 1166 1353 1645 1571 310 1536 80 90 2614 692 1176 1478 383 3893 485 1076 92 1073 58 2429
leaf_count=207 2278 4068 2190 4974 3361 508 2357 1760 755 4458 1166 1353 1645 1571 310 1536 80 90 2614 692 1176 1478 383 3893 485 1076 92 1073 58 2429
internal_value=-0.0650355 -16.6415 34.3214 -27.8295 -6.27265 48.6031 19.6903 -37.0695 0.423991 -22.7672 -11.7021 57.5086 41.2812 26.4583 13.2439 14.1409 -8.9868 -2.65189 -34.2291 45.1933 -46.053 53.1995 62.4382 -8.63919 -14.7669 -19.831 4.59774 -2.23785 5.02031 3.71781
internal_weight=50116 33815 16301 16265 17550 8249 8052 5757 7858 10508 9692 3722 4527 3928 4124 3814 5139 4524 4374 2337 1383 1986 1736 5059 4553 5534 3334 4434 3242 2487
internal_count=50116 33815 16301 16265 17550 8249 8052 5757 7858 10508 9692 3722 4527 3928 4124 3814 5139 4524 4374 2337 1383 1986 1736 5059 4553 5534 3334 4434 3242 2487
is_linear=0
shrinkage=0.05


Tree=31
num_leaves=31
num_cat=0
split_feature=8 8 8 8 8 8 8 8 8 8 4 8 4 4 8 4 7 1 5 8 4 8 5 7 4 8 8 8 4 4
split_gain=1.03143e+10 1.67256e+09 9.45447e+08 3.8219e+08 2.26311e+08 1.30312e+08 1.19256e+08 7.47668e+07 4.47535e+07 3.15e+07 2.88693e+07 2.69721e+07 2.54923e+07 2.31983e+07 1.84999e+07 1.80772e+07 1.69121e+07 1.66194e+07 1.54426e+07 1.49472e+07 1.47967e+07 1.34537e+07 1.28802e+07 1.21164e+07 1.14725e+07 1.14206e+07 1.06163e+07 9.90147e+06 9.84305e+06 9.54111e+06
threshold=11361.776250000001 9016.2262500000015 13646.460000000001 7892.7987500000008 10162.055000000002 15216.782500000003 12468.762500000003 6946.5425000000005 8480.6125000000011 9549.3612500000017 15.500000000000002 14300.963750000001 7.5000000000000009 15.500000000000002 10837.820000000002 20.500000000000004 14844.657500000003 3.5000000000000004 1.0000000180025095e-35 6180.5912500000004 16.500000000000004 15970.238750000002 1.0000000180025095e-35 10728.437500000002 15.500000000000002 7449.8550000000005 13031.922500000002 11827.643750000001 7.5000000000000009 16.500000000000004
decision_type=2 2 2 2 2 2 2 2 2 2 2 2 2 2 2 2 2 2 2 2 2 2 2 2 2 2 2 2 2 2
left_child=1 3 6 7 9 11 12 19 -5 -3 14 24 -2 23 -6 -12 -11 -14 -15 -1 28 -7 -22 -8 -4 -9 -25 -19 -13 -20
right_child=2 4 5 8 10 21 13 25 -10 16 15 20 17 18 -16 -17 -18 27 29 -21 22 -23 -24 26 -26 -27 -28 -29 -30 -31
leaf_value=-50.061111204827853 22.22149765453085 -10.179768921462635 40.382264351710091 -21.96377913562101 3.6778400227602326 55.445781591907725 40.924800786798656 -33.008577047575507 -15.871046526567163 -4.197729603161771 -4.5156370432439532 54.762618683605666 0.10225560665130616 33.701571967385028 9.7441661116544296 15.89260012729109 -40.123300078420925 12.039787038056565 21.077947059196514 -39.348802550127893 47.884750896951431 64.147554316785602 12.177321716717312 26.726391323685732 27.974173534032214 -28.239637170691751 32.723670611900744 18.606927232374129 46.210271021321617 4.4792148028209713
leaf_weight=398 1428 5154 1947 6386 2919 1941 275 2180 5708 4484 1051 410 202 132 2207 121 33 1249 193 1791 46 576 56 1371 206 2960 1598 1062 1875 157
leaf_count=398 1428 5154 1947 6386 2919 1941 275 2180 5708 4484 1051 410 202 132 2207 121 33 1249 193 1791 46 576 56 1371 206 2960 1598 1062 1875 157
internal_value=-0.0617837 -14.6924 35.1058 -24.5481 -2.70494 48.312 22.9503 -33.5579 -19.0882 -7.50835 4.67102 43.253 16.8869 29.3635 6.2897 -2.40864 -4.46019 13.8555 19.1284 -41.2965 46.9131 57.4371 28.2807 30.8843 39.1951 -30.2623 29.9543 15.0577 47.7448 13.6322
internal_weight=50116 35392 14724 19423 15969 7057 7667 7329 12094 9671 6298 4540 3941 3726 5126 1172 4517 2513 482 2189 2387 2517 102 3244 2153 5140 2969 2311 2285 350
internal_count=50116 35392 14724 19423 15969 7057 7667 7329 12094 9671 6298 4540 3941 3726 5126 1172 4517 2513 482 2189 2387 2517 102 3244 2153 5140 2969 2311 2285 350
is_linear=0
shrinkage=0.05


Tree=32
num_leaves=31
num_cat=0
split_feature=6 6 6 6 6 6 6 6 6 4 6 6 7 7 7 6 6 6 6 4 1 6 7 4 7 7 4 7 4 1
split_gain=8.38064e+09 1.00813e+09 9.78447e+08 1.86997e+08 1.65734e+08 1.62948e+08 9.35189e+07 3.84653e+07 2.37702e+07 2.14901e+07 1.91122e+07 1.83471e+07 1.7469e+07 1.65596e+07 1.37764e+07 1.21073e+07 1.19002e+07 1.17574e+07 1.13737e+07 1.13501e+07 1.0315e+07 9.50288e+06 9.46093e+06 9.23188e+06 8.55356e+06 7.73967e+06 7.67964e+06 7.64244e+06 7.33188e+06 7.22011e+06
threshold=10959.943750000002 13164.442500000003 8797.657500000003 7678.255000000001 14498.323750000001 9757.2169000000013 12013.360000000002 6946.5425000000005 8312.8875000000025 16.500000000000004 15158.182500000001 10104.79125 14249.950000000003 12065.997500000003 14426.328750000002 11452.620000000001 12748.266250000002 6180.5912500000004 13730.420000000002 15.500000000000002 4.5000000000000009 9229.9662500000031 8988.8662500000009 15.500000000000002 11772.081250000001 15797.895000000002 21.500000000000004 8709.9500000000025 11.500000000000002 4.5000000000000009
decision_type=2 2 2 2 2 2 2 2 2 2 2 2 2 2 2 2 2 2 2 2 2 2 2 2 2 2 2 2 2 2
left_child=2 6 3 7 13 9 15 17 -5 12 -6 14 21 19 -7 22 -8 -1 28 -3 26 -4 -2 27 -18 -12 -11 -13 -15 -10
right_child=1 4 5 8 10 11 16 -9 29 20 25 23 -14 18 -16 -17 24 -19 -20 -21 -22 -23 -24 -25 -26 -27 -28 -29 -30 -31
leaf_value=-43.309759703968624 21.490053703091672 41.934299672576429 -10.604193543418843 -21.328654466151917 43.264799169288288 -4.067363239196875 19.942116179634198 -27.050694923633699 -12.478227661335142 -12.573009140379924 48.533181425836837 12.768182826601999 35.465543879633366 31.326012293567285 26.66448468388738 14.097405434693478 33.485784660953364 -33.755303896182582 34.591018452476959 22.36911603415885 -15.560323024487841 -6.160690731104757 8.1349731779727925 -2.7353027520527751 23.835679946367133 54.455762808378928 -6.2705824668538961 2.2377063922717144 23.569524914639263 -17.53171400630168
leaf_weight=393 141 772 2236 5980 1566 2531 2172 3579 839 1528 1971 181 23 914 37 2172 292 1782 2108 82 1943 2605 2229 966 1075 766 707 3583 457 4486
leaf_count=393 141 772 2236 5980 1566 2531 2172 3579 839 1528 1971 181 23 914 37 2172 292 1782 2108 82 1943 2605 2229 966 1075 766 707 3583 457 4486
internal_value=-0.0586945 28.842 -14.5242 -22.8999 40.7195 -5.77992 16.1487 -30.2376 -19.1651 -10.2657 47.6702 -0.22218 -8.00655 33.8169 -3.62458 11.4008 22.2423 -35.4817 32.2855 40.0557 -12.8958 -8.21309 8.92952 1.62504 25.897 50.1907 -10.5794 2.74409 28.7405 -16.7355
internal_weight=50116 16717 33399 17059 8636 16340 8081 5754 11305 9042 4303 7298 4864 4333 2568 4542 3539 2175 3479 854 4178 4841 2370 4730 1367 2737 2235 3764 1371 5325
internal_count=50116 16717 33399 17059 8636 16340 8081 5754 11305 9042 4303 7298 4864 4333 2568 4542 3539 2175 3479 854 4178 4841 2370 4730 1367 2737 2235 3764 1371 5325
is_linear=0
shrinkage=0.05


Tree=33
num_leaves=31
num_cat=0
split_feature=8 8 8 8 8 8 8 8 8 8 8 8 4 4 4 5 8 7 4 8 4 5 1 4 7 8 4 4 7 7
split_gain=8.47881e+09 1.12536e+09 1.07421e+09 2.15151e+08 1.90504e+08 1.61676e+08 1.18213e+08 3.44435e+07 3.2418e+07 3.18591e+07 2.75381e+07 2.72739e+07 2.36522e+07 2.07784e+07 1.84552e+07 1.7706e+07 1.68388e+07 1.64751e+07 1.64163e+07 1.46819e+07 1.1483e+07 1.09357e+07 1.03975e+07 9.80931e+06 1.03666e+07 9.65153e+06 9.51336e+06 9.19033e+06 9.14446e+06 8.7569e+06
threshold=10958.562500000002 8556.4725000000017 13290.517500000002 9602.5350000000017 7449.8550000000005 14655.326250000002 11880.291250000002 7977.3212500000009 10162.055000000002 6543.7850000000008 15350.690000000001 9068.8012500000023 15.500000000000002 16.500000000000004 6.5000000000000009 1.0000000180025095e-35 13995.890000000001 14844.657500000003 6.5000000000000009 12597.687500000002 16.500000000000004 1.0000000180025095e-35 2.5000000000000004 7.5000000000000009 9692.6225000000013 16057.512500000003 16.500000000000004 7.5000000000000009 10728.437500000002 10085.423750000002
decision_type=2 2 2 2 2 2 2 2 2 2 2 2 2 2 2 2 2 2 2 2 2 2 2 2 2 2 2 2 2 2
left_child=1 4 6 11 9 13 14 27 17 -1 20 -3 19 16 -2 -15 -4 28 -10 29 -7 -14 -20 -9 -25 -12 -16 -6 -5 -8
right_child=2 3 5 8 7 10 12 23 18 -11 25 -13 21 15 26 -17 -18 -19 22 -21 -22 -23 -24 24 -26 -27 -28 -29 -30 -31
leaf_value=-41.71973170556393 16.319511635406144 -13.773626545615869 32.72438851168689 -2.2387933405240061 -22.104773630819096 45.511587540523053 31.864912961563977 -16.115426599200216 7.5353075265348046 -31.502233934966103 51.486558663435886 -8.6592188337225533 24.922275923310423 40.785948541814633 9.4466691339429012 5.9337174474089238 39.079015231017777 -40.10364389727193 -17.719394701405577 26.896779078524112 26.129102938175205 8.7616617771252159 1.0006091411033746 -19.759115162043546 -29.851693669280447 60.250302705690075 -0.19612604137841494 -27.144506562803134 -7.8814678260881923 19.602929864161545
leaf_weight=985 1022 5514 2092 3173 1516 1705 159 1943 1146 3384 1748 4944 139 55 2850 108 2078 31 76 1859 80 424 3089 4162 271 383 281 2243 928 1728
leaf_count=985 1022 5514 2092 3173 1516 1705 159 1943 1146 3384 1748 4944 139 55 2850 108 2078 31 76 1859 80 424 3089 4162 271 383 281 2243 928 1728
internal_value=-0.0557598 -14.6018 29.0215 -6.56263 -25.0781 41.861 16.5052 -21.3158 -0.625517 -33.8058 49.2242 -11.3558 22.3069 35.2065 10.4855 17.6937 35.891 -3.79015 2.40772 23.7431 44.6429 12.7516 0.551092 -19.0777 -20.3761 53.0616 8.58125 -25.112 -3.51565 20.6361
internal_weight=50116 33405 16711 18901 14504 8249 8462 10135 8443 4369 3916 10458 4309 4333 4153 163 4170 4132 4311 3746 1785 563 3165 6376 4433 2131 3131 3759 4101 1887
internal_count=50116 33405 16711 18901 14504 8249 8462 10135 8443 4369 3916 10458 4309 4333 4153 163 4170 4132 4311 3746 1785 563 3165 6376 4433 2131 3131 3759 4101 1887
is_linear=0
shrinkage=0.05


Tree=34
num_leaves=31
num_cat=0
split_feature=8 8 8 8 8 8 8 8 6 8 4 8 4 8 4 4 8 4 1 6 5 5 8 4 6 8 7 6 6 6
split_gain=7.65831e+09 1.24786e+09 7.00189e+08 2.58215e+08 1.95022e+08 9.57252e+07 9.17374e+07 5.26208e+07 2.95582e+07 2.9519e+07 2.62258e+07 2.60925e+07 2.32343e+07 2.00088e+07 1.96345e+07 1.84729e+07 1.75523e+07 1.60746e+07 1.42167e+07 1.692e+07 1.29477e+07 1.20516e+07 1.18783e+07 1.14339e+07 1.08227e+07 1.07433e+07 1.03298e+07 9.85334e+06 8.81194e+06 8.63438e+06
threshold=11361.776250000001 8907.4562500000011 13725.232500000002 7843.4850000000015 10012.522500000001 12597.687500000002 15216.782500000003 6946.5425000000005 11735.470000000003 8378.9737500000028 15.500000000000002 9386.0550000000021 7.5000000000000009 10598.030000000002 19.500000000000004 15.500000000000002 14360.871250000002 15.500000000000002 3.5000000000000004 12973.690000000001 1.0000000180025095e-35 1.0000000180025095e-35 5948.7587500000009 16.500000000000004 12481.327500000001 16057.512500000003 10728.437500000002 9017.4675000000007 14102.270000000002 8831.6862500000007
decision_type=2 2 2 2 2 2 2 2 2 2 2 2 2 2 2 2 2 2 2 2 2 2 2 2 2 2 2 2 2 2
left_child=1 3 5 7 8 12 15 22 11 29 13 -3 28 -6 -12 16 -4 26 -14 -20 -17 -19 -1 -22 -15 -8 -7 -11 -2 -5
right_child=2 4 6 9 10 17 25 -9 -10 27 14 -13 18 24 -16 20 -18 21 19 -21 23 -23 -24 -25 -26 -27 -28 -29 -30 -31
leaf_value=-47.160289303692068 20.448085467917863 -9.7925616744330597 35.287761318440339 -19.090053185696842 1.5163027857154032 37.195266369628904 48.143195916987409 -26.393856591401516 -28.872269101142884 -13.463067339629632 -4.9806463510661549 -4.6033974946497338 0.61346134658621143 7.9082896923966821 12.12991422952148 41.28085184172383 41.999106481706718 30.691795524221956 14.60149319237442 -0.7381891468243722 29.093487851813649 12.25407151863163 -34.572978031069916 8.8049960764554829 -9.5867739153432332 57.2377879090471 26.594552292178509 -18.4223387563035 -4.5733184496561687 -26.151487269008385
leaf_weight=207 1559 4858 1960 5106 2633 250 2134 4751 160 4444 1277 4832 238 3092 193 127 1937 122 2301 195 209 324 1982 104 91 383 2845 1293 36 473
leaf_count=207 1559 4858 1960 5106 2633 250 2134 4751 160 4444 1277 4832 238 3092 193 127 1937 122 2301 195 209 324 1982 104 91 383 2845 1293 36 473
internal_value=-0.0529718 -12.6599 30.2502 -21.7559 -2.96932 20.0748 41.9339 -29.3491 -7.5569 -17.0991 3.23267 -7.20494 15.0876 4.74079 -2.73416 37.5271 38.6236 26.172 12.2897 13.4031 27.8157 17.2976 -35.7633 22.3523 7.40812 49.5271 27.4508 -14.5808 19.8833 -19.6887
internal_weight=50116 35392 14724 18256 17136 7870 6854 6940 9850 11316 7286 9690 4329 5816 1470 4337 3897 3541 2734 2496 440 446 2189 313 3183 2517 3095 5737 1595 5579
internal_count=50116 35392 14724 18256 17136 7870 6854 6940 9850 11316 7286 9690 4329 5816 1470 4337 3897 3541 2734 2496 440 446 2189 313 3183 2517 3095 5737 1595 5579
is_linear=0
shrinkage=0.05


Tree=35
num_leaves=31
num_cat=0
split_feature=8 8 8 8 8 8 8 8 6 8 8 4 4 4 4 8 8 5 8 5 6 4 4 4 4 4 7 6 4 6
split_gain=6.87273e+09 1.13257e+09 6.33928e+08 2.64583e+08 1.53407e+08 9.39892e+07 7.71172e+07 4.78903e+07 3.35618e+07 3.22441e+07 2.12943e+07 2.08666e+07 2.03594e+07 1.67304e+07 1.5547e+07 1.51328e+07 1.38865e+07 1.24957e+07 1.16546e+07 1.1089e+07 1.0853e+07 1.15181e+07 1.06345e+07 9.97184e+06 1.1633e+07 1.14745e+07 9.77105e+06 9.57365e+06 1.0337e+07 9.40896e+06
threshold=11361.776250000001 9016.2262500000015 13796.932500000001 7868.9550000000008 10162.055000000002 12597.687500000002 15271.990000000002 7113.2337500000003 12426.233750000001 8462.751250000003 9521.2987500000017 7.5000000000000009 6.5000000000000009 15.500000000000002 15.500000000000002 14563.515000000001 6370.5687500000013 1.0000000180025095e-35 10564.233750000001 1.0000000180025095e-35 13164.442500000003 16.500000000000004 16.500000000000004 6.5000000000000009 18.500000000000004 15.500000000000002 10728.437500000002 9835.6775000000016 7.5000000000000009 9270.3562500000025
decision_type=2 2 2 2 2 2 2 2 2 2 2 2 2 2 2 2 2 2 2 2 2 2 2 2 2 2 2 2 2 2
left_child=1 3 5 7 8 11 14 16 10 -5 27 -2 -6 26 15 -4 -1 -16 -14 -15 21 -13 -19 -12 25 -25 -7 28 -3 -11
right_child=2 4 6 9 12 13 -8 -9 -10 29 23 20 18 19 17 -17 -18 22 -20 -21 -22 -23 -24 24 -26 -27 -28 -29 -30 -31
leaf_value=-39.682435710662872 18.800030938415336 -2.5052460737032414 34.660470079956319 -18.114725896342247 8.651608867804562 35.400517815111321 47.458125566387224 -24.477787070679948 -30.294921788425313 -12.120121876480319 0.16757044969750934 13.602034203717421 -1.0650522615158586 29.112375578333122 39.84511004816877 41.051404611243782 -31.058658510260628 28.236251285029393 4.1140528349170893 11.540476864295847 -1.2543545265832257 3.234533559687828 8.3980439906958306 -4.1549309813923454 0.048116920892647602 -11.520694403376467 25.521415470873805 -13.909706856725244 -8.491779085903957 -17.555178022510393
leaf_weight=594 1594 920 2331 6369 1674 273 2341 4297 141 4976 1432 2256 1708 122 137 1537 2180 204 2984 340 155 304 101 1537 882 806 3009 607 3335 948
leaf_count=594 1594 920 2331 6369 1674 273 2341 4297 141 4976 1432 2256 1708 122 137 1537 2180 204 2984 340 155 304 101 1537 882 806 3009 607 3335 948
internal_value=-0.002831 -11.9405 28.7291 -20.0777 -2.10839 19.2942 40.1528 -27.7839 -6.07962 -15.6451 -5.72093 14.2591 3.91769 25.0891 36.1849 37.2 -32.9053 27.3013 2.22873 16.1807 11.593 12.3709 21.6669 -3.30458 -4.84632 -6.68878 26.3432 -8.0354 -7.19739 -12.9899
internal_weight=50094 35390 14704 19364 16026 8053 6651 7071 9660 12293 9519 4309 6366 3744 4310 3868 2774 442 4692 462 2715 2560 305 4657 3225 2343 3282 4862 4255 5924
internal_count=50094 35390 14704 19364 16026 8053 6651 7071 9660 12293 9519 4309 6366 3744 4310 3868 2774 442 4692 462 2715 2560 305 4657 3225 2343 3282 4862 4255 5924
is_linear=0
shrinkage=0.05


Tree=36
num_leaves=31
num_cat=0
split_feature=8 8 8 8 8 8 8 8 8 8 8 8 4 4 4 7 4 5 5 7 7 4 4 4 1 4 4 4 1 4
split_gain=6.20888e+09 8.33286e+08 7.94098e+08 1.54627e+08 1.48093e+08 1.25195e+08 8.1355e+07 2.73872e+07 2.39023e+07 2.37227e+07 2.1447e+07 2.00771e+07 1.73806e+07 1.68816e+07 1.57868e+07 1.36647e+07 1.24706e+07 1.19315e+07 1.15136e+07 1.07575e+07 1.0299e+07 1.02072e+07 9.28667e+06 8.6505e+06 8.51201e+06 8.45e+06 8.27537e+06 8.16263e+06 1.10194e+07 9.36907e+06
threshold=10958.562500000002 8611.8312500000011 13222.700000000003 7480.7987500000008 9681.353750000002 14563.515000000001 12062.01375 8114.0150000000003 15629.727500000001 6543.7850000000008 10296.880000000003 9169.0612500000007 15.500000000000002 6.5000000000000009 16.500000000000004 11874.002500000001 15.500000000000002 1.0000000180025095e-35 1.0000000180025095e-35 14844.657500000003 10540.642500000002 6.5000000000000009 7.5000000000000009 8.5000000000000018 2.5000000000000004 16.500000000000004 8.5000000000000018 6.5000000000000009 1.5000000000000002 19.500000000000004
decision_type=2 2 2 2 2 2 2 2 2 2 2 2 2 2 2 2 2 2 2 2 2 2 2 2 2 2 2 2 2 2
left_child=1 3 6 9 11 12 13 26 16 -1 19 -3 15 -2 22 -4 -7 -14 -16 27 -13 -12 -8 -17 -23 -19 -5 -6 -29 -30
right_child=2 4 5 7 10 8 14 -9 -10 -11 21 20 17 -15 18 23 -18 25 -20 -21 -22 24 -24 -25 -26 -27 -28 28 29 -31
leaf_value=-35.78005522367561 14.789620857088122 -11.139889326853812 36.649230461265283 -17.970028451195706 0.99208500216050677 40.465059769053759 23.410605281700356 -15.457008760909194 47.286787626938121 -27.013600869998211 7.064931039439859 -5.7299042436828067 33.383052419026697 7.8989871293227161 25.447595994368843 32.2832670448634 30.053680452184938 21.08583585638749 1.6985427699222857 -32.868130914096177 -12.497371777312372 -18.036265938742119 18.075890685046641 26.973033641235492 1.5017668618581252 3.6218286450849764 -22.181563200871071 -31.637774309430803 -4.5620387357545926 3.4734399956300965
leaf_weight=987 1183 5926 791 1886 1303 2388 1532 5549 1383 3538 979 3861 120 3575 69 1361 327 190 196 29 658 57 1745 1757 2533 109 3057 35 2547 423
leaf_count=987 1183 5926 791 1886 1303 2388 1532 5549 1383 3538 979 3861 120 3575 69 1361 327 190 196 29 658 57 1745 1757 2533 109 3057 35 2547 423
internal_value=-0.00268944 -12.4655 24.8603 -21.2 -5.3178 35.6731 13.8833 -17.868 41.9365 -28.9258 -0.155019 -9.2256 29.7425 9.61223 19.6206 30.7799 39.2111 20.0646 7.88226 -2.51742 -6.7153 2.71574 20.5699 29.2909 1.07178 14.7194 -20.5747 -2.31311 -3.74628 -3.41759
internal_weight=50094 33368 16726 15017 18351 8426 8300 10492 4098 4525 7906 10445 4328 4758 3542 3909 2715 419 265 4337 4519 3569 3277 3118 2590 299 4943 4308 3005 2970
internal_count=50094 33368 16726 15017 18351 8426 8300 10492 4098 4525 7906 10445 4328 4758 3542 3909 2715 419 265 4337 4519 3569 3277 3118 2590 299 4943 4308 3005 2970
is_linear=0
shrinkage=0.05


Tree=37
num_leaves=31
num_cat=0
split_feature=8 8 8 8 8 8 8 8 8 6 8 8 6 8 8 6 1 6 6 8 6 6 8 0 6 8 0 8 0 1
split_gain=5.60526e+09 9.04236e+08 5.39212e+08 1.75899e+08 1.62961e+08 7.6474e+07 6.73182e+07 2.99498e+07 2.57441e+07 2.25603e+07 2.12026e+07 1.98151e+07 1.57929e+07 1.38129e+07 1.31108e+07 1.16594e+07 1.06427e+07 1.02094e+07 8.85729e+06 8.77534e+06 8.67512e+06 7.76885e+06 7.76681e+06 7.54488e+06 7.30341e+06 7.25139e+06 6.74541e+06 6.47769e+06 6.47662e+06 6.42559e+06
threshold=11313.686250000002 8740.0525000000016 13725.232500000002 9984.2900000000027 7703.1250000000009 12332.350000000002 15271.990000000002 6687.0000000000009 9308.6537500000031 11184.732500000002 8261.5700000000015 10564.233750000001 13581.831250000001 14247.822500000002 12962.536250000003 9985.8487500000028 6.5000000000000009 12273.535000000002 11889.421250000001 16180.853750000002 8888.8550000000014 9862.1075000000019 11632.258750000003 24.013125000000006 8592.5562500000015 7209.5750000000007 27.140625000000004 5948.7587500000009 24.94562500000001 3.5000000000000004
decision_type=2 2 2 2 2 2 2 2 2 2 2 2 2 2 2 2 2 2 2 2 2 2 2 2 2 2 2 2 2 2
left_child=1 4 5 8 7 12 13 27 15 -10 24 18 21 -4 -7 23 -15 -13 -5 26 -12 -2 -23 -3 -6 -9 -8 -1 -16 -30
right_child=2 3 6 11 10 14 19 25 9 -11 20 17 -14 16 28 -17 -18 -19 -20 -21 -22 22 -24 -25 -26 -27 -28 -29 29 -31
leaf_value=-40.870148634202415 25.744353833879746 -4.8337545639408965 28.997498002806271 0.27773750959073795 -17.318572376322198 18.432028365487056 47.851998715943928 -26.621763666272496 -4.2470774656028327 -22.3405345745301 -12.507617845902724 5.6481753861565265 -4.2685620661549919 32.79101092272407 27.351568743647363 -18.576159216749282 39.860681757215644 -8.6640811247419034 -19.765655013493131 52.927739221007386 -17.485913331636283 8.8340849405476725 13.737037750305829 -9.8341496552953984 -23.036974399916982 -22.53161443914335 40.616990066052303 -31.173014869428659 18.839365252263985 25.443196766701146
leaf_weight=202 105 900 1774 3502 4523 1965 395 1803 5364 178 4250 3654 149 2011 882 339 724 129 56 199 1102 1275 2204 4662 637 2716 1747 1168 785 694
leaf_count=202 105 900 1774 3502 4523 1965 395 1803 5364 178 4250 3654 149 2011 882 339 724 129 56 199 1102 1275 2204 4662 637 2716 1747 1168 785 694
internal_value=-0.00255498 -10.8899 25.6913 -3.40002 -19.468 16.9247 36.0052 -26.1268 -7.2754 -4.82821 -15.7376 2.64086 11.6815 32.4337 21.4493 -9.57372 34.6625 5.16013 -0.037729 42.8843 -13.5327 12.3446 11.9402 -9.02502 -18.0245 -24.1635 41.9512 -32.6028 23.9604 21.9381
internal_weight=50094 35185 14909 18784 16401 8059 6850 5889 11443 5542 10512 7341 3733 4509 4326 5901 2735 3783 3558 2341 5352 3584 3479 5562 5160 4519 2142 1370 2361 1479
internal_count=50094 35185 14909 18784 16401 8059 6850 5889 11443 5542 10512 7341 3733 4509 4326 5901 2735 3783 3558 2341 5352 3584 3479 5562 5160 4519 2142 1370 2361 1479
is_linear=0
shrinkage=0.05


Tree=38
num_leaves=31
num_cat=0
split_feature=8 8 8 8 8 8 8 8 6 8 4 8 4 4 6 8 4 5 5 1 4 1 7 8 6 1 6 7 6 4
split_gain=5.06135e+09 6.79364e+08 6.46882e+08 1.26217e+08 1.20763e+08 9.63771e+07 7.57379e+07 2.45497e+07 1.95815e+07 1.8373e+07 1.75606e+07 1.7431e+07 1.66297e+07 1.65193e+07 1.52672e+07 1.40908e+07 1.39651e+07 1.18884e+07 1.17915e+07 1.14292e+07 1.03859e+07 1.03331e+07 1.011e+07 9.92247e+06 9.79752e+06 1.01022e+07 9.43674e+06 9.40162e+06 9.27813e+06 8.93368e+06
threshold=10958.562500000002 8611.8312500000011 13517.567500000003 7449.8550000000005 9703.4625000000033 12126.287500000002 14929.610000000002 8037.0175000000008 12548.750000000002 6543.7850000000008 16.500000000000004 9169.0612500000007 7.5000000000000009 6.5000000000000009 10374.735000000002 15796.430000000002 15.500000000000002 1.0000000180025095e-35 1.0000000180025095e-35 1.5000000000000002 16.500000000000004 6.5000000000000009 12543.700000000003 12851.877500000001 12860.691250000002 3.5000000000000004 9349.3500000000004 13673.840000000002 9270.3562500000025 7.5000000000000009
decision_type=2 2 2 2 2 2 2 2 2 2 2 2 2 2 2 2 2 2 2 2 2 2 2 2 2 2 2 2 2 2
left_child=1 3 5 9 11 13 16 -5 12 -1 23 28 -6 -2 -13 20 22 -12 -18 -14 27 -21 -4 -7 25 -15 29 -8 -3 -9
right_child=2 4 6 7 8 10 15 26 -10 -11 17 14 19 24 -16 -17 18 -19 -20 21 -22 -23 -24 -25 -26 -27 -28 -29 -30 -31
leaf_value=-32.333170664902276 13.846501536654266 -9.0036798852986717 34.234110465564598 -19.119963409895377 3.5611414924799298 17.412125139522626 46.92034845432314 -10.889922904566285 -22.961307876006416 -24.57036771680264 23.519319234920456 -5.2612363812977527 -22.398178559541705 -3.1352129927615531 -17.160637098945394 44.084953184427349 33.099507958119311 0.67409661967380385 14.905074646168908 1.1890434369475258 17.400007225527908 -3.3487570564566491 28.33521556167042 22.362149371125902 -1.718962134466782 8.6128199809746206 -23.421545489866343 36.410826791696884 -13.774028584192472 -15.08281254569544
leaf_weight=987 1253 4618 991 4339 2526 1987 238 1809 92 3347 79 4435 64 194 287 987 127 204 298 2450 66 2571 2720 2064 284 3224 268 2010 1308 4267
leaf_count=987 1253 4618 991 4339 2526 1987 238 1809 92 3347 79 4435 64 194 287 987 127 204 298 2450 66 2571 2720 2064 284 3224 268 2010 1308 4267
internal_value=-0.00242722 -11.2547 22.4457 -19.1414 -4.80089 13.6473 33.435 -16.2217 -0.0320626 -26.3382 19.093 -8.25076 0.245101 8.88415 -5.98447 39.083 28.9273 7.05138 20.342 -1.40216 36.9495 -1.13453 29.9105 19.9342 7.20457 7.94602 -14.2395 37.5235 -10.0566 -13.8345
internal_weight=50094 33368 16726 15017 18351 9289 7437 10683 7703 4334 4334 10648 7611 4955 4722 3301 4136 283 425 5085 2314 5021 3711 4051 3702 3418 6344 2248 5926 6076
internal_count=50094 33368 16726 15017 18351 9289 7437 10683 7703 4334 4334 10648 7611 4955 4722 3301 4136 283 425 5085 2314 5021 3711 4051 3702 3418 6344 2248 5926 6076
is_linear=0
shrinkage=0.05


Tree=39
num_leaves=31
num_cat=0
split_feature=8 8 8 8 8 8 8 8 8 6 4 4 4 4 8 4 4 4 4 4 1 1 6 1 6 8 4 4 7 4
split_gain=4.57336e+09 7.53572e+08 4.23377e+08 1.71448e+08 1.08628e+08 6.07129e+07 5.16309e+07 2.86161e+07 2.45844e+07 2.34564e+07 1.79482e+07 1.75343e+07 1.57751e+07 1.53925e+07 1.39352e+07 1.31974e+07 1.54567e+07 1.28315e+07 1.22184e+07 1.60434e+07 1.15774e+07 1.10542e+07 1.03597e+07 1.01355e+07 9.9539e+06 9.64044e+06 9.45222e+06 9.27533e+06 1.14038e+07 8.33592e+06
threshold=11361.776250000001 8980.1275000000023 13796.932500000001 7792.3137500000003 9984.2900000000027 12597.687500000002 15271.990000000002 6818.9700000000012 8311.3287500000024 11184.732500000002 15.500000000000002 19.500000000000004 7.5000000000000009 6.5000000000000009 10564.233750000001 7.5000000000000009 5.5000000000000009 7.5000000000000009 18.500000000000004 15.500000000000002 3.5000000000000004 3.5000000000000004 12973.690000000001 5.5000000000000009 11270.075000000003 14563.515000000001 5.5000000000000009 7.5000000000000009 10200.72875 16.500000000000004
decision_type=2 2 2 2 2 2 2 2 2 2 2 2 2 2 2 2 2 2 2 2 2 2 2 2 2 2 2 2 2 2
left_child=1 3 5 7 9 12 17 -1 -5 13 14 -12 -2 23 -6 16 -7 26 19 -15 -14 25 -22 -3 -16 -19 -4 -10 -29 -17
right_child=2 4 6 8 10 15 -8 -9 27 -11 11 -13 20 18 24 29 -18 21 -20 -21 22 -23 -24 -25 -26 -27 -28 28 -30 -31
leaf_value=-28.548129520017326 15.626553120427628 -5.2440959537471823 28.210689885565575 -15.751759321791454 1.0334601024731072 20.477353845404451 38.748806269766682 -21.090219399131286 -8.4544802331416644 -21.442523484042638 -4.6113019652763692 10.883041243374068 -1.2465726139697624 -5.7423286918288028 7.6440922411128671 18.92247269798921 31.285143856118509 22.722524500742352 -3.8288600557748382 -12.432383694283473 11.288126390678196 32.045933688259367 -0.9509045548776891 1.4562890916387126 1.7200318530290084 29.278885628795294 38.924699446244674 -11.879220725757342 -23.337865219452311 8.3900840528057383
leaf_weight=1769 1594 1064 329 5150 2682 1014 2341 4713 2118 229 1279 213 235 2354 2358 2032 491 1095 2576 1447 2293 1187 187 1202 1014 1149 550 4995 227 207
leaf_count=1769 1594 1064 329 5150 2682 1014 2341 4713 2118 229 1279 213 235 2354 2358 2032 491 1095 2576 1447 2293 1187 187 1202 1014 1149 550 4995 227 207
internal_value=-0.00230586 -9.74036 23.4355 -16.5276 -1.89725 15.7251 32.7713 -23.1256 -13.1035 -5.64809 2.5127 -2.39931 11.6783 -5.22961 3.72326 20.3825 24.0034 29.5246 -6.48741 -8.28916 9.36019 28.1437 10.3653 -1.68988 5.86266 26.0796 34.9146 -11.2454 -12.3773 17.9487
internal_weight=50094 35390 14704 18972 16418 8053 6651 6482 12490 8872 7546 1492 4309 8643 6054 3744 1505 4310 6377 3801 2715 3431 2480 2266 3372 2244 879 7340 5222 2239
internal_count=50094 35390 14704 18972 16418 8053 6651 6482 12490 8872 7546 1492 4309 8643 6054 3744 1505 4310 6377 3801 2715 3431 2480 2266 3372 2244 879 7340 5222 2239
is_linear=0
shrinkage=0.05


Tree=40
num_leaves=31
num_cat=0
split_feature=8 8 8 8 8 8 8 8 8 6 8 4 4 4 5 6 4 4 5 8 8 6 8 1 1 4 7 6 4 6
split_gain=4.12584e+09 6.7688e+08 3.76394e+08 1.29579e+08 1.19422e+08 5.98307e+07 4.7565e+07 2.18205e+07 2.14199e+07 1.91525e+07 2.05153e+07 1.66184e+07 1.57345e+07 1.4125e+07 1.66017e+07 1.1752e+07 1.34094e+07 1.10508e+07 1.18869e+07 1.05166e+07 1.00488e+07 8.77959e+06 8.61539e+06 8.48436e+06 8.44134e+06 8.19216e+06 7.66967e+06 7.66509e+06 7.60559e+06 7.56925e+06
threshold=11361.776250000001 8830.2575000000015 13866.538750000002 7645.0150000000003 10040.423750000002 12332.350000000002 15158.182500000001 8205.5612500000007 6621.9212500000003 11147.367500000002 9408.8300000000017 15.500000000000002 18.500000000000004 16.500000000000004 1.0000000180025095e-35 13581.831250000001 15.500000000000002 16.500000000000004 1.0000000180025095e-35 10755.413750000002 13031.922500000002 8888.8550000000014 16057.512500000003 2.5000000000000004 6.5000000000000009 7.5000000000000009 11005.737500000001 10566.627500000002 7.5000000000000009 11540.450000000003
decision_type=2 2 2 2 2 2 2 2 2 2 2 2 2 2 2 2 2 2 2 2 2 2 2 2 2 2 2 2 2 2
left_child=1 3 5 8 9 15 17 -5 -1 10 25 19 23 20 -15 16 27 24 -19 26 -7 -9 28 -13 -4 -3 -6 -2 -8 -21
right_child=2 4 6 7 11 13 22 21 -10 -11 -12 12 -14 14 -16 -17 -18 18 -20 29 -22 -23 -24 -25 -26 -27 -28 -29 -30 -31
leaf_value=-28.724218800640525 21.836718802477318 -4.1351516643655648 26.720949690480552 -15.8943077116617 3.6480673951521134 16.973706925070285 44.01260290747291 -10.57126448575999 -21.036670711539102 -19.25550036467612 -2.9801211737512929 -17.141149305528213 8.8340041320856937 26.193274315920743 0.092379475738665076 -3.7902910741996934 2.8858427066902106 32.114807954381725 4.0006074649947037 7.5505068810448082 21.773422350318757 -14.808345520831057 43.19873942314824 -3.2916059590336633 32.082148724139834 -8.4858851203812584 -1.5363085610699081 11.42199474643019 34.281288408404698 0.65682652172416156
leaf_weight=1145 189 1438 2563 4919 2094 2000 222 5347 4343 256 4757 124 260 88 198 143 457 61 98 2036 2398 1585 395 1022 1029 4370 1082 2708 2101 495
leaf_count=1145 189 1438 2563 4919 2094 2000 222 5347 4343 256 4757 124 260 88 198 143 457 61 98 2036 2398 1585 395 1022 1029 4370 1082 2708 2101 495
internal_value=0.0188679 -9.2446 22.3226 -16.2888 -2.43412 15.196 31.3354 -13.3474 -22.6406 -5.74212 -5.41468 2.59835 -2.27076 18.8906 8.12342 10.2473 10.8458 27.6858 14.7866 3.79792 19.5907 -11.5401 36.3721 -4.79016 28.2568 -7.40869 1.88185 12.1015 35.2113 6.20228
internal_weight=49923 35273 14650 17339 17934 8181 6469 11851 5488 10821 10565 7113 1406 4684 286 3497 3354 3751 159 5707 4398 6932 2718 1146 3592 5808 3176 2897 2323 2531
internal_count=49923 35273 14650 17339 17934 8181 6469 11851 5488 10821 10565 7113 1406 4684 286 3497 3354 3751 159 5707 4398 6932 2718 1146 3592 5808 3176 2897 2323 2531
is_linear=0
shrinkage=0.05


Tree=41
num_leaves=31
num_cat=0
split_feature=8 8 8 8 8 8 8 8 6 8 4 4 4 4 4 4 4 6 4 4 1 1 6 8 8 6 8 4 4 4
split_gain=3.72526e+09 6.37106e+08 3.14976e+08 1.4619e+08 8.90875e+07 4.7862e+07 3.97695e+07 2.87779e+07 2.02787e+07 1.67632e+07 1.53714e+07 1.41263e+07 1.33165e+07 1.65682e+07 1.22244e+07 1.22065e+07 1.19712e+07 1.18454e+07 1.08907e+07 1.05064e+07 1.0253e+07 9.58086e+06 9.41461e+06 8.29116e+06 8.26021e+06 8.01386e+06 7.92031e+06 7.79689e+06 7.6677e+06 7.59953e+06
threshold=11450.726250000002 9032.9500000000025 13930.993750000003 7892.7987500000008 10227.180000000002 12534.63125 15271.990000000002 7064.0087500000009 12426.233750000001 8445.1737500000017 7.5000000000000009 15.500000000000002 18.500000000000004 16.500000000000004 15.500000000000002 18.500000000000004 15.500000000000002 13997.853750000004 1.0000000180025095e-35 7.5000000000000009 5.5000000000000009 3.5000000000000004 12135.128750000002 10875.905000000002 9629.0500000000011 9432.8332000000028 5948.7587500000009 7.5000000000000009 5.5000000000000009 7.5000000000000009
decision_type=2 2 2 2 2 2 2 2 2 2 2 2 2 2 2 2 2 2 2 2 2 2 2 2 2 2 2 2 2 2
left_child=1 3 5 7 8 14 19 26 10 25 20 18 13 -12 17 -13 -7 -2 -6 28 -3 -21 23 -20 -14 -5 -1 -11 -4 -9
right_child=2 4 6 9 11 16 -8 29 -10 27 12 15 24 -15 -16 -17 -18 -19 22 21 -22 -23 -24 -25 -26 -27 -28 -29 -30 -31
leaf_value=-34.737120696852877 12.538495202427473 -3.9907688975670208 25.427840452265919 -12.989543545897938 15.371764586387426 19.620339042847473 35.138960755423128 -15.82739417627349 -23.428152348714718 -6.7633799221233382 -5.0073275177747183 -3.5699524659637021 -4.1696993745243072 -11.873377901530809 3.3852570978236352 13.989639731645585 11.777175967427295 -3.8748567307204533 2.5549924134710387 23.687857170949073 1.9439403499445445 29.488065058131038 -6.5916849780258877 6.7368549730472482 2.2390387176266677 -24.510543764175907 -23.879692231796355 -10.678304915044535 35.999158280335102 -19.858283589347273
leaf_weight=181 3075 1419 266 5761 218 3752 2355 2131 136 1761 3057 987 1818 1233 479 110 559 114 2685 2093 1494 1079 203 2122 695 155 2333 4578 483 2591
leaf_count=181 3075 1419 266 5761 218 3752 2355 2131 136 1761 3057 987 1818 1233 479 110 559 114 2685 2093 1494 1079 203 2122 695 155 2333 4578 483 2591
internal_value=0.0179245 -8.61668 21.6229 -14.7046 -1.28161 15.0313 30.0032 -20.3399 -4.25462 -11.3772 -3.98624 3.34925 -5.28762 -6.98072 10.8331 -1.80919 18.6033 11.9518 4.43166 26.9186 -0.947015 25.6609 3.95562 4.40103 -2.39729 -13.2914 -24.6614 -9.59072 32.2449 -18.0392
internal_weight=49923 35668 14255 19491 16177 7979 6276 7236 9852 12255 9716 6325 6803 4290 3668 1097 4311 3189 5228 3921 2913 3172 5010 4807 2513 5916 2514 6339 749 4722
internal_count=49923 35668 14255 19491 16177 7979 6276 7236 9852 12255 9716 6325 6803 4290 3668 1097 4311 3189 5228 3921 2913 3172 5010 4807 2513 5916 2514 6339 749 4722
is_linear=0
shrinkage=0.05


Tree=42
num_leaves=31
num_cat=0
split_feature=6 6 6 6 6 6 6 6 7 6 4 6 4 7 4 0 7 6 5 4 4 7 4 4 4 4 4 4 7 6
split_gain=2.92458e+09 3.60877e+08 3.34928e+08 7.64727e+07 6.9088e+07 3.48338e+07 2.78225e+07 1.73831e+07 1.44807e+07 1.25404e+07 1.03898e+07 1.01467e+07 8.34503e+06 9.19562e+06 8.29821e+06 6.07704e+06 5.86421e+06 5.65223e+06 5.56082e+06 5.51115e+06 5.30263e+06 6.82101e+06 5.64882e+06 5.27121e+06 5.1817e+06 5.04389e+06 4.79291e+06 6.06567e+06 4.40767e+06 4.32676e+06
threshold=10959.943750000002 13039.108750000001 9090.9875000000011 7870.1412500000006 14302.221250000001 10104.79125 12013.360000000002 7113.4250000000002 14202.887500000003 8540.7237500000028 15.500000000000002 15158.182500000001 15.500000000000002 11772.081250000001 22.500000000000004 21.810625000000005 9059.4550000000017 5948.7587500000009 1.0000000180025095e-35 1.0000000180025095e-35 15.500000000000002 8709.9500000000025 22.500000000000004 16.500000000000004 11.500000000000002 18.500000000000004 16.500000000000004 17.500000000000004 10890.012500000003 11452.620000000001
decision_type=2 2 2 2 2 2 2 2 2 2 2 2 2 2 2 2 2 2 2 2 2 2 2 2 2 2 2 2 2 2
left_child=2 6 3 7 12 8 16 17 10 24 -4 -6 13 -3 -12 -11 -2 -1 -14 -18 21 -7 -22 -20 -5 -9 -17 -28 -23 -21
right_child=1 4 5 9 11 20 -8 25 -10 15 14 -13 18 -15 -16 26 19 -19 23 29 22 28 -24 -25 -26 -27 27 -29 -30 -31
leaf_value=-28.144883358355653 13.398235371570715 25.623883794364282 -2.9305492930929375 -10.058694804305116 25.414449954327864 11.490593252940613 12.804775934423768 -13.280536584027715 18.524902688247572 -0.085823582060894577 -7.3294445314358043 30.012784655670306 21.829782109890346 18.818105287629916 0.30538234430551531 -7.3096698588349431 15.630325811501317 -19.28956604204275 12.809395018513341 4.2735375327609182 -3.6955442707582549 2.8645995070494679 8.2577640550477174 -2.4551159951090815 -12.82426882479181 -16.719296292937482 -16.750262015759944 -9.4929875310876195 -0.6531903342110883 7.5374906669684298
leaf_weight=194 302 590 4728 2779 2142 176 3123 2383 69 201 3228 2727 106 3126 400 2539 149 2533 193 2116 841 2160 112 80 4337 1930 320 2872 1515 1952
leaf_count=194 302 590 4728 2779 2142 176 3123 2383 69 201 3228 2727 106 3126 400 2539 149 2533 193 2116 841 2160 112 80 4337 1930 320 2872 1515 1952
internal_value=0.0170283 17.1586 -8.52677 -12.595 23.9643 -2.34919 9.17567 -16.7949 -4.28661 -10.329 -4.47498 27.9899 19.1778 19.8987 -6.48768 -8.63123 6.66766 -19.9195 12.1102 6.18565 1.04855 1.87491 -2.29075 8.33628 -11.7442 -14.8193 -8.93094 -10.2205 1.41441 5.83972
internal_weight=49923 16606 33317 20088 8964 13229 7642 7040 8425 13048 8356 4869 4095 3716 3628 5932 4519 2727 379 4217 4804 3851 953 273 7116 4313 5731 3192 3675 4068
internal_count=49923 16606 33317 20088 8964 13229 7642 7040 8425 13048 8356 4869 4095 3716 3628 5932 4519 2727 379 4217 4804 3851 953 273 7116 4313 5731 3192 3675 4068
is_linear=0
shrinkage=0.05


Tree=43
num_leaves=31
num_cat=0
split_feature=8 8 8 8 8 8 8 8 6 8 4 4 4 6 4 4 8 1 4 4 4 6 6 1 6 1 1 1 4 1
split_gain=3.06911e+09 5.62389e+08 2.31151e+08 1.29759e+08 7.53279e+07 3.59752e+07 2.87656e+07 2.53396e+07 2.01687e+07 1.48787e+07 1.35137e+07 1.42827e+07 1.32121e+07 1.22123e+07 1.18448e+07 1.16816e+07 1.0016e+07 1.00093e+07 9.76804e+06 9.71279e+06 1.51626e+07 9.22598e+06 9.04815e+06 8.8402e+06 9.19775e+06 8.49232e+06 8.29719e+06 8.10468e+06 7.28759e+06 8.3085e+06
threshold=11582.950000000003 9090.0262500000026 14052.772500000001 7915.0312500000009 10227.180000000002 12906.085000000001 15350.690000000001 7160.8112500000016 11735.470000000003 8556.4725000000017 16.500000000000004 18.500000000000004 7.5000000000000009 12135.128750000002 6.5000000000000009 20.500000000000004 10875.905000000002 5.5000000000000009 7.5000000000000009 7.5000000000000009 5.5000000000000009 8944.215000000002 9250.2250000000004 3.5000000000000004 12860.691250000002 3.5000000000000004 1.5000000000000002 1.5000000000000002 7.5000000000000009 9.5000000000000018
decision_type=2 2 2 2 2 2 2 2 2 2 2 2 2 2 2 2 2 2 2 2 2 2 2 2 2 2 2 2 2 2
left_child=1 3 5 7 8 12 18 -1 14 21 13 -12 -2 16 17 26 -6 -3 -4 20 -7 -5 -11 27 -25 -20 -16 -14 29 -9
right_child=2 4 6 9 10 19 -8 28 -10 22 11 -13 23 -15 15 -17 -18 -19 25 -21 -22 -23 -24 24 -26 -27 -28 -29 -30 -31
leaf_value=-22.064400005217681 14.898040865803821 -3.3928475755809644 30.536247271941541 -11.074286206178266 2.5545394672066237 17.826620697039626 32.263861293836776 -15.517740408907233 -20.822446551151618 -7.2084085252279522 -6.4755224098522097 13.175677098144185 7.2429798679729913 -5.5756671198519179 -23.42861794365777 0.081570729074059767 6.6762153219213278 2.9350629395227883 22.032196014546599 16.307107746313953 29.256429320802539 -17.324146653748365 -12.124546977513312 11.59013965310953 1.9606070817618724 27.694655044602907 -5.1764137652862861 -9.0028930765030708 -17.854210999846647 -7.670656999911067
leaf_weight=2910 1702 1304 659 6259 3054 841 2165 1552 167 4555 580 110 227 314 63 1191 2849 1200 2091 2221 443 652 1178 1955 284 969 5333 116 2548 431
leaf_count=2910 1702 1304 659 6259 3054 841 2165 1552 167 4555 580 110 227 314 63 1191 2849 1200 2091 2221 443 652 1178 1955 284 969 5333 116 2548 431
internal_value=0.0161768 -7.59766 20.2021 -13.1848 -0.655698 14.5516 27.6819 -18.4235 -3.60383 -10.1017 3.29591 -3.34272 11.478 4.03271 -3.28752 -4.40028 4.54381 -0.360303 25.0145 18.3084 21.7701 -11.6639 -8.21856 9.22361 10.3687 23.8253 -5.38951 1.74875 -16.0852 -13.8122
internal_weight=49923 36250 13673 20085 16165 7789 5884 7441 9258 12644 6907 690 4284 6217 9091 6587 5903 2504 3719 3505 1284 6911 5733 2582 2239 3060 5396 343 4531 1983
internal_count=49923 36250 13673 20085 16165 7789 5884 7441 9258 12644 6907 690 4284 6217 9091 6587 5903 2504 3719 3505 1284 6911 5733 2582 2239 3060 5396 343 4531 1983
is_linear=0
shrinkage=0.05


Tree=44
num_leaves=31
num_cat=0
split_feature=6 6 6 6 6 6 6 6 6 4 4 6 0 4 0 6 5 4 4 4 4 4 4 6 4 6 4 1 4 1
split_gain=2.37364e+09 2.95174e+08 2.72858e+08 6.10798e+07 4.93932e+07 3.13451e+07 2.8117e+07 1.31733e+07 1.0999e+07 1.02244e+07 7.17006e+06 6.14447e+06 5.46457e+06 5.32093e+06 5.08422e+06 5.06696e+06 4.76484e+06 4.60854e+06 4.53286e+06 4.52602e+06 4.84476e+06 4.27662e+06 5.54681e+06 3.89164e+06 3.83301e+06 3.81104e+06 3.7452e+06 4.65058e+06 3.73148e+06 3.64295e+06
threshold=10959.943750000002 13581.831250000001 9090.9875000000011 7678.255000000001 12346.446250000003 14929.610000000002 10104.79125 8540.7237500000028 6621.9212500000003 15.500000000000002 22.500000000000004 11588.001250000003 21.810625000000005 15.500000000000002 22.140625000000004 14302.221250000001 1.0000000180025095e-35 19.500000000000004 8.5000000000000018 15.500000000000002 22.500000000000004 16.500000000000004 17.500000000000004 13039.108750000001 16.500000000000004 9603.8350000000009 11.500000000000002 6.5000000000000009 18.500000000000004 3.5000000000000004
decision_type=2 2 2 2 2 2 2 2 2 2 2 2 2 2 2 2 2 2 2 2 2 2 2 2 2 2 2 2 2 2
left_child=2 4 3 8 11 15 9 14 -1 25 28 -2 -9 23 -5 -3 -15 -10 -7 -8 -21 -14 -23 -6 -18 -4 -16 -28 -11 -12
right_child=1 5 6 7 13 18 19 12 17 10 29 -13 21 16 26 -17 24 -19 -20 20 -22 22 -24 -25 -26 -27 27 -29 -30 -31
leaf_value=-20.024819951685259 5.0119968172528102 18.563967325828056 -3.7482837173095813 -5.8573606228683825 13.047012920805631 29.892180771226545 1.7102024901117545 0.28476757880911902 -13.329726423132508 -8.4616275218244947 4.2839320387263768 8.3658467767228455 -6.5713300341682306 16.720984178693858 -9.8380815931013785 22.239341061846449 9.5764606634775813 -16.619016788583142 25.598870613686323 -3.4393211471198151 7.6306243432419638 -15.565160808507352 -8.6252167325036222 16.416376783769444 -1.8116231905525191 -0.92784635179455843 -10.456448514935389 -13.543680948519473 -5.0547924000138629 -5.4990060865879062
leaf_weight=1191 2947 2333 2381 474 1870 817 3851 201 2720 1493 244 2545 2539 136 3136 1568 210 1750 2484 841 112 320 2872 1582 114 2410 2360 2525 1741 156
leaf_count=1191 2947 2333 2381 474 1870 817 3851 201 2720 1493 244 2545 2539 136 3136 1568 210 1750 2484 841 112 320 2872 1582 114 2410 2360 2525 1741 156
internal_value=0.015368 15.4582 -7.68172 -11.3537 9.62448 23.0756 -2.10589 -9.62664 -15.7551 -3.84652 -5.8465 6.56618 -7.81858 13.918 -10.8892 20.0413 8.86649 -14.6175 26.6615 0.946742 -2.13834 -8.10279 -9.32095 14.5911 5.56954 -2.32953 -11.1865 -12.0522 -6.62758 0.468586
internal_weight=49923 16606 33317 20088 9404 7202 13229 14427 5661 8425 3634 5492 5932 3912 8495 3901 460 4470 3301 4804 953 5731 3192 3452 324 4791 8021 4885 3234 400
internal_count=49923 16606 33317 20088 9404 7202 13229 14427 5661 8425 3634 5492 5932 3912 8495 3901 460 4470 3301 4804 953 5731 3192 3452 324 4791 8021 4885 3234 400
is_linear=0
shrinkage=0.05


Tree=45
num_leaves=31
num_cat=0
split_feature=8 8 8 8 8 8 8 6 6 8 6 8 4 8 4 4 4 1 4 8 6 7 7 7 8 4 6 6 6 6
split_gain=2.54796e+09 3.79302e+08 2.91702e+08 7.34781e+07 6.78529e+07 4.29335e+07 3.73569e+07 1.89192e+07 1.47445e+07 1.4226e+07 1.30713e+07 1.26746e+07 1.16539e+07 1.13226e+07 1.07772e+07 1.05568e+07 1.04868e+07 1.00382e+07 9.9545e+06 9.68871e+06 9.07865e+06 9.07141e+06 9.02218e+06 8.98755e+06 9.21535e+06 8.6986e+06 7.79714e+06 7.61904e+06 7.27911e+06 7.08189e+06
threshold=11108.402500000002 8702.8000000000011 13458.635000000002 7449.8550000000005 9834.5875000000015 14929.610000000002 12126.287500000002 10507.207500000002 11735.470000000003 8169.8450000000003 13404.055000000002 9288.9075000000012 7.5000000000000009 6543.7850000000008 5.5000000000000009 1.0000000180025095e-35 16.500000000000004 3.5000000000000004 16.500000000000004 10564.233750000001 8888.8550000000014 7485.2225000000008 10169.270000000002 13218.593750000002 15708.635000000002 7.5000000000000009 8944.215000000002 9961.751250000003 8095.9325000000008 10670.582500000002
decision_type=2 2 2 2 2 2 2 2 2 2 2 2 2 2 2 2 2 2 2 2 2 2 2 2 2 2 2 2 2 2
left_child=1 3 6 13 7 12 10 11 15 28 25 26 14 -1 -4 -6 22 -14 23 29 -11 -15 -8 -7 -25 -2 -3 -27 -5 -17
right_child=2 4 5 9 8 18 16 -9 -10 20 -12 -13 17 21 -16 19 -18 -19 -20 -21 -22 -23 -24 24 -26 27 -28 -29 -30 -31
leaf_value=-23.545341484805189 10.60588212897839 -4.493355063876197 19.644268492538565 -11.664731407904785 11.137082791866217 36.474959273087357 22.622253982530655 -16.274380291923684 -10.099170697919311 -8.6045885125529384 -6.2992264682769381 -2.7929358797235118 16.351013782083466 -14.811843466496411 29.418711125378763 0.47278469566505965 3.8469978568259253 22.072959575610891 9.7420912001584039 3.4844154693551626 -13.718248378576371 -20.024441188042154 13.406518814181087 25.306269394035382 31.069470857537311 17.014424727975037 -8.1004991598678675 4.9829181364076547 -15.384815804428142 -4.9149610465213867
leaf_weight=996 1321 2876 548 3596 266 304 287 379 292 4853 185 4206 1826 1636 581 3708 267 1321 74 2488 1057 1704 3558 1866 1104 139 3127 2466 2073 730
leaf_count=996 1321 2876 548 3596 266 304 287 379 292 4853 185 4206 1826 1636 581 3708 267 1321 74 2488 1057 1704 3558 1866 1104 139 3127 2466 2073 730
internal_value=0.0341035 -7.68596 16.5913 -13.3146 -2.7291 23.6364 10.0593 -5.3049 0.915005 -11.2356 6.68886 -4.89766 20.3163 -18.8665 24.6743 1.36219 13.429 18.7529 27.8768 0.986773 -9.51916 -17.4712 14.0944 28.2867 27.4486 7.30088 -6.37234 5.62491 -13.0251 -0.413438
internal_weight=49834 33987 15847 15915 18072 7624 8223 10588 7484 11579 4111 10209 4276 4336 1129 7192 4112 3147 3348 6926 5910 3340 3845 3274 2970 3926 6003 2605 5669 4438
internal_count=49834 33987 15847 15915 18072 7624 8223 10588 7484 11579 4111 10209 4276 4336 1129 7192 4112 3147 3348 6926 5910 3340 3845 3274 2970 3926 6003 2605 5669 4438
is_linear=0
shrinkage=0.05


Tree=46
num_leaves=31
num_cat=0
split_feature=8 8 8 8 8 8 8 6 6 6 4 8 4 4 8 4 7 7 6 8 4 4 7 4 4 7 4 6 4 4
split_gain=2.30075e+09 3.09291e+08 3.04558e+08 5.91917e+07 5.73173e+07 4.7317e+07 3.55108e+07 1.80749e+07 1.72844e+07 1.49013e+07 1.25593e+07 1.18551e+07 1.1325e+07 1.12264e+07 1.01417e+07 9.74163e+06 9.32562e+06 9.29303e+06 9.25381e+06 8.89456e+06 8.81177e+06 8.69493e+06 8.78425e+06 8.56437e+06 8.47161e+06 8.2647e+06 8.2208e+06 7.95244e+06 7.77924e+06 7.63262e+06
threshold=10912.768750000001 8590.8700000000026 13290.517500000002 7375.7850000000008 9549.3612500000017 14563.515000000001 11781.025000000003 13300.582500000002 9835.6775000000016 12748.266250000002 7.5000000000000009 7956.0150000000012 16.500000000000004 7.5000000000000009 15886.921250000001 20.500000000000004 10852.027500000002 8785.5825000000023 9349.3500000000004 6543.7850000000008 16.500000000000004 16.500000000000004 10890.012500000003 7.5000000000000009 7.5000000000000009 7710.3650000000007 18.500000000000004 12860.691250000002 6.5000000000000009 6.5000000000000009
decision_type=2 2 2 2 2 2 2 2 2 2 2 2 2 2 2 2 2 2 2 2 2 2 2 2 2 2 2 2 2 2
left_child=1 3 6 19 8 20 9 13 24 28 16 -5 14 17 23 21 -8 -6 29 -1 27 22 -15 -7 -3 -21 -23 -4 -2 -13
right_child=2 4 5 11 7 12 10 -9 -10 -11 -12 18 -14 15 -16 -17 -18 -19 -20 25 -22 26 -24 -25 -26 -27 -28 -29 -30 -31
leaf_value=-22.368074422476283 9.7783739135832946 -2.5226042691567603 26.858580045242594 -13.302405413676432 9.744749335591095 31.365260121663415 23.508634715610082 -24.771798797607424 -12.504852422694825 -6.7649548132504735 9.2839608637616049 -6.76789039180834 10.779595793601944 1.1889666187804293 31.353748692558522 5.1107834917068544 13.191907750090557 1.3271283819292341 -18.91801849044997 -14.664142003889893 6.3635546215158563 -7.908800128908382 -3.7621137895550683 23.934352384819718 -6.1464509852766769 -20.051000824382097 0.2244207230624774 17.981057424674656 4.4710206163015185 -10.554310686451892
leaf_weight=996 922 2135 271 3947 378 450 252 75 909 252 2768 1851 123 2249 767 522 1675 2473 271 1716 153 989 1489 2803 6593 1217 453 3649 2749 4737
leaf_count=996 922 2135 271 3947 378 450 252 75 909 252 2768 1851 123 2249 767 522 1675 2473 271 1716 153 989 1489 2803 6593 1217 453 3649 2749 4737
internal_value=0.0323983 -7.64084 15.0744 -13.0301 -3.29311 21.9622 8.50782 -0.332927 -5.94337 4.99662 11.4417 -11.1192 25.7245 -0.118626 26.1818 -1.39953 14.5411 2.44318 -9.86294 -18.2857 18.1353 -2.05559 -0.783253 24.9623 -5.26 -16.8993 -5.35377 18.5948 5.804 -9.49046
internal_weight=49834 33000 16834 14735 18265 8216 8618 8628 9637 3923 4695 10806 4143 8553 4020 5702 1927 2851 6859 3929 4073 5180 3738 3253 8728 2933 1442 3920 3671 6588
internal_count=49834 33000 16834 14735 18265 8216 8618 8628 9637 3923 4695 10806 4143 8553 4020 5702 1927 2851 6859 3929 4073 5180 3738 3253 8728 2933 1442 3920 3671 6588
is_linear=0
shrinkage=0.05


Tree=47
num_leaves=31
num_cat=0
split_feature=8 8 8 8 8 8 8 8 4 0 8 4 4 4 1 4 8 1 4 4 1 4 4 1 4 1 1 4 8 8
split_gain=2.07762e+09 3.92695e+08 1.56258e+08 8.48308e+07 5.48989e+07 2.67809e+07 1.92927e+07 1.52694e+07 1.07915e+07 1.07451e+07 1.01615e+07 9.70221e+06 9.58318e+06 9.17477e+06 8.44287e+06 8.41667e+06 8.38944e+06 7.82598e+06 7.13913e+06 9.57605e+06 7.8715e+06 6.70502e+06 9.99858e+06 6.63906e+06 6.53e+06 9.29595e+06 6.36044e+06 6.03314e+06 5.81046e+06 5.62118e+06
threshold=11632.258750000003 9049.9500000000025 14150.711250000002 7956.0150000000012 10405.270000000002 12962.536250000003 7064.0087500000009 15629.727500000001 7.5000000000000009 22.248750000000005 9602.5350000000017 8.5000000000000018 1.0000000180025095e-35 7.5000000000000009 3.5000000000000004 5.5000000000000009 8480.6125000000011 1.5000000000000002 6.5000000000000009 18.500000000000004 1.5000000000000002 16.500000000000004 18.500000000000004 3.5000000000000004 7.5000000000000009 9.5000000000000018 6.5000000000000009 16.500000000000004 5948.7587500000009 15020.916250000002
decision_type=2 2 2 2 2 2 2 2 2 2 2 2 2 2 2 2 2 2 2 2 2 2 2 2 2 2 2 2 2 2
left_child=1 3 5 6 10 8 28 13 -2 -5 -3 15 -6 -4 17 -7 -11 -10 -12 20 -20 -14 -23 27 25 -8 29 -13 -1 -15
right_child=2 4 7 9 12 11 24 -9 14 16 18 23 21 26 -16 -17 -18 -19 19 -21 -22 22 -24 -25 -26 -27 -28 -29 -30 -31
leaf_value=-26.969906648334707 12.683908001214027 -4.3367341515677529 27.061855192961517 -1.5747904249279374 14.285854288402357 15.216752799177346 -13.042889104846822 27.811024237997842 5.6413720081230547 -10.063077000698321 1.5388688660162453 12.059384275099521 3.399115847162093 17.031561598379518 8.769949323890863 22.836706911820635 -7.3259677858026793 -9.7370708182209835 -24.684578531438657 2.4325738629418439 -3.3821569772513458 -5.2096748310519168 15.766147580880386 16.318756470666131 -14.847290265406384 -5.6114033068401099 24.594539321390471 0.64838380731069123 -17.883681792108487 21.637682556575463
leaf_weight=190 1734 5085 675 566 190 819 1813 1374 257 5368 1631 1063 5384 1228 2204 650 5851 122 44 808 3005 451 65 1014 2946 548 802 130 2379 1438
leaf_count=190 1734 5085 675 566 190 819 1813 1374 257 5368 1631 1063 5384 1228 2204 650 5851 122 44 808 3005 451 65 1014 2946 548 802 130 2379 1438
internal_value=0.0307784 -6.1954 16.7709 -10.9814 -0.54828 12.3035 -14.9989 23.2434 9.63279 -8.29649 -2.72641 15.4399 3.23323 21.7285 7.58454 18.5884 -8.6356 0.691055 -1.23435 -2.40705 -3.68957 2.8773 -2.56737 13.3442 -13.2772 -11.318 20.6905 10.8159 -18.5557 19.516
internal_weight=49834 36324 13510 19661 16663 7993 7876 5517 4317 11785 10573 3676 6090 4143 2583 1469 11219 379 5488 3857 3049 5900 516 2207 5307 2361 3468 1193 2569 2666
internal_count=49834 36324 13510 19661 16663 7993 7876 5517 4317 11785 10573 3676 6090 4143 2583 1469 11219 379 5488 3857 3049 5900 516 2207 5307 2361 3468 1193 2569 2666
is_linear=0
shrinkage=0.05


Tree=48
num_leaves=31
num_cat=0
split_feature=8 8 8 8 8 8 8 8 4 4 8 0 1 4 5 4 4 4 4 5 1 8 4 4 1 1 4 4 4 0
split_gain=1.87706e+09 2.57832e+08 2.41855e+08 5.4713e+07 4.17287e+07 3.41833e+07 3.13869e+07 1.06509e+07 9.5242e+06 8.99017e+06 8.46924e+06 8.21918e+06 8.13045e+06 8.10166e+06 8.6617e+06 8.02566e+06 9.23497e+06 7.93097e+06 7.88312e+06 8.27564e+06 7.35732e+06 7.28435e+06 6.89893e+06 6.48681e+06 5.82418e+06 5.73126e+06 5.95302e+06 5.60754e+06 1.03622e+07 5.35323e+06
threshold=10958.562500000002 8702.8000000000011 13398.315000000002 7449.8550000000005 9834.5875000000015 14929.610000000002 12126.287500000002 8226.1800000000021 8.5000000000000018 1.0000000180025095e-35 6543.7850000000008 24.768125000000005 3.5000000000000004 16.500000000000004 1.0000000180025095e-35 18.500000000000004 15.500000000000002 6.5000000000000009 16.500000000000004 22.500000000000004 7.5000000000000009 15708.635000000002 8.5000000000000018 4.5000000000000009 9.5000000000000018 9.5000000000000018 9.5000000000000018 20.500000000000004 16.500000000000004 22.030625000000008
decision_type=2 2 2 2 2 2 2 2 2 2 2 2 2 2 2 2 2 2 2 2 2 2 2 2 2 2 2 2 2 2
left_child=1 3 6 10 11 8 17 22 23 -6 -1 -3 -10 20 -15 16 -13 -2 -8 -20 21 -7 24 -4 -5 -12 -27 28 -11 -9
right_child=2 4 5 7 9 13 18 29 12 27 25 15 -14 14 -16 -17 -18 -19 19 -21 -22 -23 -24 -25 -26 26 -28 -29 -30 -31
leaf_value=-20.268820901999035 8.8889295586668755 -2.2260446342475673 15.153971999869562 -10.049466167629681 9.6111134160209346 21.682312277765234 11.995199282098305 0.030770372062921526 13.368668398652378 0.67450974669311037 -16.908312650336015 -5.1874613420067934 18.721948011752215 22.121984366483467 -12.549491347036055 -3.3405053233023341 -9.9049459006763918 4.2329154951490322 11.11602986127558 -6.8012638720415417 32.078033640725273 26.770103358716035 -12.333628689239385 22.410106790981143 -3.5147052840228237 -9.549228136427951 -15.80895904383911 7.2745860743158648 -5.0244659571382879 -8.3074680611235401
leaf_weight=996 1217 2772 423 1955 259 1864 3652 200 1706 5235 1820 3359 1214 43 31 2956 1501 3681 142 118 280 1130 3885 1133 413 743 777 262 941 5126
leaf_count=996 1217 2772 423 1955 259 1864 3652 200 1706 5235 1820 3359 1214 43 31 2956 1501 3681 142 118 280 1130 3885 1133 413 743 777 262 941 5126
internal_value=0.0292395 -6.83948 13.7386 -11.4315 -2.61145 20.1363 8.05693 -9.63748 17.278 0.477565 -16.2222 -4.56528 15.5943 23.9576 7.59745 -5.3949 -6.64445 5.38979 11.3963 2.98434 24.3274 23.6026 -11.037 20.4375 -8.90975 -15.0155 -12.7491 0.110124 -0.193809 -7.99435
internal_weight=49834 33200 16634 15915 17285 7824 8810 11579 4476 6697 4336 10588 2920 3348 74 7816 4860 4898 3912 260 3274 2994 6253 1556 2368 3340 1520 6438 6176 5326
internal_count=49834 33200 16634 15915 17285 7824 8810 11579 4476 6697 4336 10588 2920 3348 74 7816 4860 4898 3912 260 3274 2994 6253 1556 2368 3340 1520 6438 6176 5326
is_linear=0
shrinkage=0.05


Tree=49
num_leaves=31
num_cat=0
split_feature=8 8 8 8 8 8 6 8 6 6 8 4 4 4 1 4 1 4 4 8 4 1 6 1 6 6 1 4 4 1
split_gain=1.69518e+09 3.22215e+08 1.28291e+08 7.56808e+07 3.86901e+07 2.15064e+07 1.85291e+07 1.61454e+07 1.39642e+07 1.32957e+07 1.23432e+07 1.01121e+07 9.1955e+06 9.15576e+06 9.28486e+06 8.72592e+06 8.47735e+06 8.3085e+06 8.08294e+06 8.05111e+06 7.98101e+06 7.45955e+06 7.65803e+06 7.45818e+06 8.33413e+06 7.3638e+06 7.33895e+06 7.18309e+06 7.09193e+06 6.49523e+06
threshold=11632.258750000003 9148.9100000000017 14150.711250000002 7956.0150000000012 10405.270000000002 12962.536250000003 11147.367500000002 7160.8112500000016 12135.128750000002 9705.0025000000005 15629.727500000001 7.5000000000000009 7.5000000000000009 7.5000000000000009 5.5000000000000009 20.500000000000004 6.5000000000000009 8.5000000000000018 7.5000000000000009 8574.8900000000012 7.5000000000000009 3.5000000000000004 12748.266250000002 2.5000000000000004 11219.600000000002 8134.5937500000009 1.5000000000000002 5.5000000000000009 1.0000000180025095e-35 1.5000000000000002
decision_type=2 2 2 2 2 2 2 2 2 2 2 2 2 2 2 2 2 2 2 2 2 2 2 2 2 2 2 2 2 2
left_child=1 3 5 7 6 12 13 -1 18 11 20 16 -2 14 28 26 -5 27 -6 -13 -4 29 -23 -20 -25 -9 -15 -7 -3 -14
right_child=2 4 10 9 8 17 -8 25 -10 -11 -12 19 21 15 -16 -17 -18 -19 23 -21 -22 22 -24 24 -26 -27 -28 -29 -30 -31
leaf_value=-16.482758313080126 11.524101087828063 3.6216396358382354 24.625876712940357 -6.9589173784522309 6.2814975434056208 13.710380179657896 -13.656116012275044 -10.777538377913718 -6.5216728952429861 -14.801647004306737 25.120319717385016 -9.3350219124056917 4.8471183242558977 -20.460280483961107 3.5870249023352851 1.1704841179237904 -1.9823389961240729 11.972212291579469 -11.303884049377057 -6.2959083951406631 18.683433823540138 9.259248675989987 1.3906025478616357 3.9029592877294967 -1.5950015005865754 -15.440912605424174 -3.4265094452868716 20.749817395870505 -4.3689311600486693 -9.1629549776921504
leaf_weight=2951 1734 381 675 1871 1817 819 339 3839 368 568 1374 4554 257 64 1366 1150 1577 2207 99 4179 3468 1832 372 2902 904 1086 5285 650 1024 122
leaf_count=2951 1734 381 675 1871 1817 819 339 3839 368 568 1374 4554 257 64 1366 1150 1577 2207 99 4179 3468 1832 372 2902 904 1086 5285 650 1024 122
internal_value=0.0277775 -5.59623 15.1489 -9.70474 -0.198552 11.1009 -2.17463 -13.5582 2.91936 -7.32418 21.0136 -6.9755 8.70764 -1.75475 0.651727 -2.78081 -4.6828 13.9115 3.52655 -7.88072 19.6516 6.81691 7.93115 2.24467 2.59709 -11.8058 -3.63032 16.8252 -2.20209 0.337279
internal_weight=49834 36324 13510 20625 15699 7993 9609 7876 6090 12749 5517 12181 4317 9270 2771 6499 3448 3676 5722 8733 4143 2583 2204 3905 3806 4925 5349 1469 1405 379
internal_count=49834 36324 13510 20625 15699 7993 9609 7876 6090 12749 5517 12181 4317 9270 2771 6499 3448 3676 5722 8733 4143 2583 2204 3905 3806 4925 5349 1469 1405 379
is_linear=0
shrinkage=0.05


Tree=50
num_leaves=31
num_cat=0
split_feature=8 8 8 8 8 8 6 8 6 6 8 8 4 6 4 4 4 1 6 7 4 1 4 4 6 6 7 8 7 4
split_gain=1.515e+09 2.80539e+08 1.25574e+08 6.65226e+07 3.7682e+07 2.29604e+07 1.72932e+07 1.20644e+07 1.17341e+07 1.15551e+07 1.14973e+07 1.01438e+07 9.48613e+06 9.15112e+06 8.42726e+06 1.16198e+07 8.33464e+06 8.23058e+06 8.06516e+06 7.81052e+06 7.59406e+06 9.00044e+06 8.52848e+06 1.07306e+07 7.464e+06 7.26575e+06 7.26454e+06 6.44791e+06 6.43025e+06 6.28878e+06
threshold=11536.791250000002 9049.9500000000025 14150.711250000002 7677.1875000000009 10162.055000000002 12851.877500000001 11147.367500000002 15417.848750000003 12548.750000000002 14055.557500000001 8311.3287500000024 6687.0000000000009 6.5000000000000009 8868.1000000000004 7.5000000000000009 5.5000000000000009 15.500000000000002 2.5000000000000004 11219.600000000002 9870.902500000002 6.5000000000000009 5.5000000000000009 18.500000000000004 15.500000000000002 8463.9737500000028 8347.2850000000017 9821.1700000000019 10875.905000000002 12606.491250000001 1.0000000180025095e-35
decision_type=2 2 2 2 2 2 2 2 2 2 2 2 2 2 2 2 2 2 2 2 2 2 2 2 2 2 2 2 2 2
left_child=1 3 5 11 6 9 20 28 12 16 24 -1 -6 -12 15 -7 19 -14 27 -2 21 -3 23 -22 -5 -13 -15 -19 -4 -21
right_child=2 4 7 10 8 14 -8 -9 -10 -11 13 25 17 26 -16 -17 -18 18 -20 29 22 -23 -24 -25 -26 -27 -28 -29 -30 -31
leaf_value=-17.719135111202963 16.601119413866492 -2.930414371219273 22.250738601536714 -8.4112284311395076 5.6492352663972856 12.651407781072566 -15.751785288254419 23.156760377958225 -10.4944687681754 -7.177672933499645 -5.1048744500718897 -12.247974256662182 -10.416067255543663 -7.1504729683882182 11.233074890656416 22.045727378188282 2.5882655482841272 1.2729783806497124 -2.1193727996179197 22.160807809829713 -2.6376894142957998 3.047705822693759 -0.82485401689545723 -7.9220969311350693 -12.987474739063472 -20.427624292799699 -12.92550800554811 5.5099356892777038 17.086758888526514 7.969228092371198
leaf_weight=1379 311 1278 774 4822 1781 925 246 1925 178 127 5202 4049 143 2135 2634 511 584 2485 1058 80 2596 1241 2362 1525 1093 291 731 1406 2726 3224
leaf_count=1379 311 1278 774 4822 1781 925 246 1925 178 127 5202 4049 143 2135 2634 511 584 2485 1058 80 2596 1241 2362 1525 1093 291 731 1406 2726 3224
internal_value=-0.0236236 -5.42593 14.0483 -9.44045 -0.573222 10.2173 -2.67244 19.9774 2.18009 7.68113 -7.58239 -13.9834 2.50834 -6.35478 12.913 15.9944 8.13054 1.40977 1.75147 9.02589 -2.31502 0.0147413 -3.22026 -4.59322 -9.25685 -12.7964 -8.62345 2.80399 18.2287 8.31285
internal_weight=49822 36001 13821 19702 16299 8396 9248 5425 7051 4326 13983 5719 6873 8068 4070 1436 4199 5092 4949 3615 9002 2519 6483 4121 5915 4340 2866 3891 3500 3304
internal_count=49822 36001 13821 19702 16299 8396 9248 5425 7051 4326 13983 5719 6873 8068 4070 1436 4199 5092 4949 3615 9002 2519 6483 4121 5915 4340 2866 3891 3500 3304
is_linear=0
shrinkage=0.05


Tree=51
num_leaves=31
num_cat=0
split_feature=8 8 8 8 8 8 8 0 8 4 1 4 4 8 0 4 4 1 4 4 1 1 4 4 4 8 1 4 1 1
split_gain=1.36862e+09 2.0995e+08 1.60603e+08 4.55835e+07 3.63374e+07 2.64436e+07 1.89612e+07 1.02014e+07 8.86492e+06 8.18601e+06 1.13009e+07 7.7834e+06 7.44251e+06 7.29459e+06 7.02918e+06 6.55894e+06 6.54453e+06 1.08818e+07 1.06036e+07 7.23407e+06 5.87457e+06 5.71457e+06 5.67182e+06 6.81294e+06 7.56687e+06 5.59858e+06 5.41233e+06 5.38986e+06 5.37641e+06 1.19526e+07
threshold=11108.402500000002 8759.8637500000023 13725.232500000002 7480.7987500000008 9860.1925000000028 12126.287500000002 15095.071250000003 21.926250000000007 8075.4175000000005 7.5000000000000009 6.5000000000000009 1.0000000180025095e-35 7.5000000000000009 6180.5912500000004 25.576875000000005 1.0000000180025095e-35 6.5000000000000009 5.5000000000000009 18.500000000000004 15.500000000000002 3.5000000000000004 3.5000000000000004 22.500000000000004 16.500000000000004 18.500000000000004 16180.853750000002 9.5000000000000018 8.5000000000000018 3.5000000000000004 1.5000000000000002
decision_type=2 2 2 2 2 2 2 2 2 2 2 2 2 2 2 2 2 2 2 2 2 2 2 2 2 2 2 2 2 2
left_child=1 3 5 13 16 15 12 -5 -9 10 -7 -6 -4 -1 -8 -2 17 -3 19 20 -18 -14 23 -13 -25 -16 -15 -28 29 -11
right_child=2 4 6 7 11 9 14 8 -10 28 -12 22 21 26 25 -17 18 -19 -20 -21 -22 -23 -24 24 -26 -27 27 -29 -30 -31
leaf_value=-20.414592370748522 16.720097418590985 -5.3940078520519847 19.764616715825458 -1.5946321598280015 8.9417634848948122 10.930021735786813 27.591415486255837 -10.236319720897944 -7.3506473767313345 7.7901887876461346 20.568860502920586 1.0000273915506219 12.749532377142797 -15.095249985237238 19.510549909556474 4.5060025861141488 -29.708759142004926 1.0693587195284224 -2.4007450836754285 -8.8045593011048116 -4.3273206051331048 17.220000215452544 10.562106804225756 -6.0249506853884078 3.3105381023334832 29.347062489893531 -8.971014255058007 -14.155944290318278 10.180732607964245 -7.9693144729669143
leaf_weight=400 113 1122 866 576 286 1646 358 4215 7221 895 373 5784 1823 2137 2384 4024 23 1552 3307 1620 2587 1176 138 759 304 154 1036 971 1833 139
leaf_count=400 113 1122 866 576 286 1646 358 4215 7221 895 373 5784 1823 2137 2384 4024 23 1552 3307 1620 2587 1176 138 759 304 154 1036 971 1833 139
internal_value=-0.0224424 -5.66567 12.1471 -9.70086 -1.84422 7.78126 17.9736 -8.08721 -8.41423 10.272 12.7107 0.857178 15.6816 -13.9665 21.0326 4.83962 -3.76782 -1.64264 -4.52179 -6.18002 -4.55099 14.5025 0.526155 0.323883 -3.35516 20.1074 -13.3441 -11.4795 8.55451 5.67165
internal_weight=49822 34038 15784 16556 17482 9023 6761 12012 11436 4886 2019 7271 3865 4544 2896 4137 10211 2674 7537 4230 2610 2999 6985 6847 1063 2538 4144 2007 2867 1034
internal_count=49822 34038 15784 16556 17482 9023 6761 12012 11436 4886 2019 7271 3865 4544 2896 4137 10211 2674 7537 4230 2610 2999 6985 6847 1063 2538 4144 2007 2867 1034
is_linear=0
shrinkage=0.05


Tree=52
num_leaves=31
num_cat=0
split_feature=8 8 8 8 8 8 8 6 6 6 6 4 4 8 1 0 4 5 4 1 6 8 4 5 4 8 6 6 4 1
split_gain=1.23673e+09 1.7937e+08 1.60175e+08 3.83071e+07 2.96471e+07 2.62103e+07 2.09133e+07 1.54895e+07 1.43845e+07 1.11038e+07 9.36086e+06 8.88719e+06 7.52222e+06 7.51157e+06 7.32042e+06 7.29587e+06 7.08891e+06 7.54482e+06 6.79986e+06 6.35203e+06 5.98378e+06 5.88997e+06 6.12189e+06 7.70772e+06 6.49472e+06 5.83018e+06 6.30815e+06 5.8156e+06 5.8065e+06 5.241e+06
threshold=10800.113750000002 13222.700000000003 8666.5600000000031 7375.7850000000008 14496.095000000001 9602.5350000000017 11781.025000000003 9835.6775000000016 11452.620000000001 12273.535000000002 9781.8625000000011 7.5000000000000009 7.5000000000000009 7977.3212500000009 9.5000000000000018 26.310625000000005 15.500000000000002 1.0000000180025095e-35 7.5000000000000009 6.5000000000000009 12694.316250000002 16180.853750000002 15.500000000000002 1.0000000180025095e-35 16.500000000000004 5948.7587500000009 8134.5937500000009 13997.853750000004 6.5000000000000009 3.5000000000000004
decision_type=2 2 2 2 2 2 2 2 2 2 2 2 2 2 2 2 2 2 2 2 2 2 2 2 2 2 2 2 2 2
left_child=2 6 3 25 16 7 9 18 -7 28 11 14 19 -13 -5 -6 20 -18 -4 -8 -3 22 -17 -24 -25 -1 -27 -10 -2 -14
right_child=1 4 5 10 15 8 12 -9 27 -11 -12 13 29 -15 -16 21 17 -19 -20 -21 -22 -23 23 24 -26 26 -28 -29 -30 -31
leaf_value=-22.067132700034207 7.4605299921884836 23.831891256059919 -0.995352240744658 -6.8597586363763812 23.114457746117992 0.18817345830060744 9.0361093372256089 -10.214575604076382 -8.0182544093901722 -4.8274598684217276 -22.059101692427937 -11.139584231903513 2.3092753911608099 -7.7655570188700951 -0.99270372155995124 18.348498333047289 17.22669911702474 2.2734622849440074 -4.3242960719943833 15.78401957704175 13.290883956464317 27.907329924677459 21.529744125257992 10.822187395015007 -8.5467250014251146 -12.781759225556311 -22.323996547028258 -27.33937109242315 3.133333347583358 7.7320467501352148
leaf_weight=197 1033 140 2035 3267 851 7376 1395 960 254 370 117 2421 566 5177 635 2834 120 284 6231 465 3512 142 141 236 53 3581 182 46 3107 2094
leaf_count=197 1033 140 2035 3267 851 7376 1395 960 254 370 117 2421 566 5177 635 2834 120 284 6231 465 3512 142 141 236 53 3581 182 46 3107 2094
internal_value=-0.0213203 10.7591 -5.77781 -9.43539 16.0588 -2.40696 5.88026 -4.20293 -0.248343 3.47136 -7.98772 -7.84456 8.28383 -8.84065 -5.90497 18.9734 12.9997 6.71502 -3.50475 10.7231 13.695 17.9387 17.505 11.9459 7.2701 -13.6822 -13.2433 -10.9808 4.21304 6.57818
internal_weight=49822 17343 32479 15577 8313 16902 9030 9226 7676 4510 11617 11500 4520 7598 3902 4257 4056 404 8266 1860 3652 3406 3264 430 289 3960 3763 300 4140 2660
internal_count=49822 17343 32479 15577 8313 16902 9030 9226 7676 4510 11617 11500 4520 7598 3902 4257 4056 404 8266 1860 3652 3406 3264 430 289 3960 3763 300 4140 2660
is_linear=0
shrinkage=0.05


Tree=53
num_leaves=31
num_cat=0
split_feature=8 8 8 8 8 8 8 7 4 4 7 7 8 1 7 7 4 4 5 7 1 4 1 8 7 0 1 4 4 8
split_gain=1.11685e+09 1.96896e+08 1.04258e+08 4.14637e+07 3.33322e+07 1.57436e+07 1.36967e+07 1.1521e+07 8.70744e+06 8.41505e+06 1.30254e+07 7.63462e+06 7.24461e+06 6.77598e+06 6.6324e+06 6.55341e+06 6.50042e+06 6.17022e+06 8.21583e+06 6.05724e+06 6.45734e+06 7.00035e+06 6.57379e+06 6.04368e+06 5.5029e+06 5.19693e+06 5.0949e+06 5.08788e+06 5.01118e+06 4.99118e+06
threshold=11407.567500000001 8866.3975000000009 13725.232500000002 7587.3650000000007 9860.1925000000028 15095.071250000003 12332.350000000002 10511.770000000002 1.0000000180025095e-35 7.5000000000000009 9870.902500000002 10765.295000000002 6543.7850000000008 9.5000000000000018 13493.250000000002 7797.0250000000005 7.5000000000000009 16.500000000000004 1.0000000180025095e-35 11998.110000000002 2.5000000000000004 6.5000000000000009 5.5000000000000009 8243.3750000000018 9894.4800000000014 24.048125000000002 3.5000000000000004 15.500000000000002 22.500000000000004 9268.7762500000008
decision_type=2 2 2 2 2 2 2 2 2 2 2 2 2 2 2 2 2 2 2 2 2 2 2 2 2 2 2 2 2 2
left_child=1 3 6 12 7 16 24 29 -6 13 23 -8 -1 -5 -7 -14 -4 -13 -19 20 25 22 -22 -11 -2 -10 -18 -26 -23 -3
right_child=2 4 5 9 8 14 11 -9 19 10 -12 17 15 -15 -16 -17 26 18 -20 -21 21 28 -24 -25 27 -27 -28 -29 -30 -31
leaf_value=-16.152837641651814 10.940818507332978 -3.762803627068612 17.967527209418474 -5.940450546868326 9.0970456487084004 27.498405802361322 15.453911411379066 -7.4775665361727661 -0.58294404189234006 -8.9558087564091373 -16.565448067065848 9.3091423351241325 -9.6279418041868698 -0.15423191764238309 18.351623658899225 -13.631929359170037 11.394518321227778 17.302300258919043 -5.3257033482576031 -1.8000841084668264 -1.3782061385093851 1.0659793448550641 8.1728212079274538 -6.2170327854052259 5.3395311196520927 -10.319679658552131 15.615653648409918 -1.0818554517882211 10.949229626109203 -1.2161260699803389
leaf_weight=988 384 3713 866 3414 332 214 490 1333 764 3597 409 3612 2324 594 2682 1824 1823 54 156 1723 235 4523 772 4578 2600 167 1176 350 132 3993
leaf_count=988 384 3713 866 3414 332 214 490 1333 764 3597 409 3612 2324 594 2682 1824 1823 54 156 1723 235 4523 772 4578 2600 167 1176 350 132 3993
internal_value=-0.0202543 -4.795 11.7169 -8.51885 -1.06251 16.2402 7.71723 -3.18563 1.15659 -6.97452 -7.85775 9.57805 -12.3051 -5.08291 19.0275 -11.3886 14.1516 8.82473 0.492926 0.839582 1.52943 2.16395 5.94393 -7.42209 5.31056 -2.32949 13.0498 4.57767 1.34623 -2.4432
internal_weight=49822 35415 14407 17728 17687 6761 7646 9039 8648 12592 8584 4312 5136 4008 2896 4148 3865 3822 210 8316 6593 5662 1007 8175 3334 931 2999 2950 4655 7706
internal_count=49822 35415 14407 17728 17687 6761 7646 9039 8648 12592 8584 4312 5136 4008 2896 4148 3865 3822 210 8316 6593 5662 1007 8175 3334 931 2999 2950 4655 7706
is_linear=0
shrinkage=0.05


Tree=54
num_leaves=31
num_cat=0
split_feature=8 8 8 8 8 8 8 6 6 6 0 6 1 4 0 0 4 1 6 4 4 4 1 1 1 4 8 6 6 8
split_gain=1.01103e+09 1.45789e+08 1.31289e+08 3.24336e+07 2.45978e+07 2.15791e+07 1.66806e+07 1.50847e+07 1.3138e+07 1.04792e+07 7.78425e+06 7.58612e+06 6.65072e+06 8.99266e+06 6.47617e+06 6.2765e+06 6.22607e+06 6.30111e+06 6.10521e+06 5.78183e+06 5.35175e+06 5.22052e+06 1.02264e+07 8.68152e+06 9.1787e+06 7.90393e+06 5.11297e+06 5.06224e+06 5.03878e+06 5.72829e+06
threshold=10800.113750000002 13222.700000000003 8345.5537500000009 9330.0212500000034 14563.515000000001 7333.3500000000013 11827.643750000001 11735.470000000003 10013.885000000002 12748.266250000002 23.651875000000008 8482.0187500000011 3.5000000000000004 6.5000000000000009 26.310625000000005 22.805625000000003 7.5000000000000009 6.5000000000000009 8868.1000000000004 6.5000000000000009 7.5000000000000009 6.5000000000000009 5.5000000000000009 6.5000000000000009 1.5000000000000002 1.0000000180025095e-35 15970.238750000002 13300.582500000002 8134.5937500000009 6370.5687500000013
decision_type=2 2 2 2 2 2 2 2 2 2 2 2 2 2 2 2 2 2 2 2 2 2 2 2 2 2 2 2 2 2
left_child=2 6 5 8 12 28 9 21 10 19 -4 20 15 -14 -6 -3 17 -8 -12 -2 -7 22 25 24 -23 -5 -16 -18 29 -1
right_child=1 4 3 7 14 11 16 -9 -10 -11 18 -13 13 -15 26 -17 27 -19 -20 -21 -22 23 -24 -25 -26 -27 -28 -29 -30 -31
leaf_value=-16.599872678887703 6.9546682519018024 15.145475830195359 -0.67490154018920523 4.9426231590556169 21.366283516726117 -5.423148355428542 8.1623042740103937 -14.636128104229769 -13.790805196978269 -6.2578961129793349 -3.7820451910938888 -11.437605569942702 30.35696147737049 13.539445038373408 15.523653703414926 9.1286336634328915 6.7430164915116864 15.109873322729186 -6.4446944429248934 2.8012221285780621 -8.318414045957466 -18.091221764593413 4.8728658232916651 -3.1693183612070159 0.72113978057351658 -3.0078590486190304 21.267920533585922 -0.52385260935928402 -21.275350545166404 -11.238974307108654
leaf_weight=597 1122 543 1236 408 786 2485 1364 192 386 272 5073 1305 84 1480 2823 2148 2266 429 3740 3309 4462 66 1183 3153 3685 1337 449 268 157 3014
leaf_count=597 1122 543 1236 408 786 2485 1364 192 386 272 5073 1305 84 1480 2823 2148 2266 429 3740 3309 4462 66 1183 3153 3685 1337 449 268 157 3014
internal_value=-0.0192416 9.72797 -5.22402 -2.78737 14.5059 -9.37138 5.32946 -0.756179 -4.73856 3.26818 -4.39085 -7.93982 11.8497 14.4427 17.2909 10.3427 7.56986 9.82461 -4.912 3.85294 -7.28275 -0.48513 1.28404 -1.23544 0.39013 -1.14895 16.3119 5.97446 -12.5065 -12.1253
internal_weight=49822 17343 32479 20459 8313 12020 9030 10024 10435 4703 10049 8252 4255 1564 4058 2691 4327 1793 8813 4431 6947 9832 2928 6904 3751 1745 3272 2534 3768 3611
internal_count=49822 17343 32479 20459 8313 12020 9030 10024 10435 4703 10049 8252 4255 1564 4058 2691 4327 1793 8813 4431 6947 9832 2928 6904 3751 1745 3272 2534 3768 3611
is_linear=0
shrinkage=0.05


Tree=55
num_leaves=31
num_cat=0
split_feature=8 8 8 8 8 8 8 7 0 4 7 4 7 7 4 5 7 7 4 4 5 8 7 4 8 0 4 8 4 7
split_gain=9.18555e+08 1.28194e+08 1.1631e+08 2.5318e+07 2.52387e+07 1.78905e+07 1.56253e+07 9.10131e+06 7.54245e+06 6.96556e+06 6.55442e+06 6.29447e+06 6.76061e+06 6.29331e+06 6.50504e+06 6.20206e+06 6.06953e+06 5.98713e+06 5.93273e+06 1.0114e+07 5.57281e+06 5.51257e+06 5.36e+06 5.33994e+06 5.17342e+06 4.77837e+06 4.72368e+06 4.7091e+06 4.49581e+06 4.37496e+06
threshold=10958.562500000002 8556.4725000000017 13575.381250000002 7333.3500000000013 9497.4712500000005 12126.287500000002 15095.071250000003 10971.865000000002 22.030625000000008 16.500000000000004 10382.155000000002 1.0000000180025095e-35 9202.1900000000023 10765.295000000002 16.500000000000004 1.0000000180025095e-35 10479.892500000004 13812.147500000001 15.500000000000002 18.500000000000004 1.0000000180025095e-35 10040.423750000002 7620.3525000000009 7.5000000000000009 6370.5687500000013 24.833125000000006 16.500000000000004 7977.3212500000009 5.5000000000000009 14844.657500000003
decision_type=2 2 2 2 2 2 2 2 2 2 2 2 2 2 2 2 2 2 2 2 2 2 2 2 2 2 2 2 2 2
left_child=1 3 5 22 10 11 23 18 -5 17 25 -2 -13 -7 -15 -11 27 -8 -6 -20 -16 29 24 28 -1 -3 -14 -10 -4 -9
right_child=2 4 6 8 7 13 9 21 16 15 -12 12 26 14 20 -17 -18 -19 19 -21 -22 -23 -24 -25 -26 -27 -28 -29 -30 -31
leaf_value=-15.102046994445145 14.31338900010363 -1.4281317164480853 11.648156125590488 -1.9251166857260824 1.7523891025396674 12.974388255488954 25.459589285417039 -5.7423994171783264 -8.5709121362706284 15.358950519561768 -7.7301589776836455 9.9097715235757704 3.3987462782044382 7.9342654527688019 13.979911646635637 -16.86358108520508 -13.080052765717245 16.87227938462431 -4.2957850635051731 2.2403932017679984 -5.8381061910813861 -1.3690057579875532 -14.282190855513058 11.450282656163342 -9.1781628204586134 -4.1518709280028459 -3.2463935015293268 -6.3019487801342624 18.376616079779421 -24.388804210316053
leaf_weight=465 139 2143 424 647 4436 596 220 673 3850 32 1011 381 4119 3686 46 28 464 2623 1308 1081 155 1725 1482 3280 1777 6477 286 5632 599 33
leaf_count=465 139 2143 424 647 4436 596 220 673 3850 32 1011 381 4119 3686 46 28 464 2623 1308 1081 155 1725 1482 3280 1777 6477 286 5632 599 33
internal_value=-0.0319725 -4.83452 9.56618 -8.40285 -2.1296 5.90484 14.3463 -0.265171 -7.15617 17.181 -3.92144 3.8246 3.51997 8.19019 7.45662 0.321769 -7.49645 17.5368 0.670561 -1.33823 -1.30264 -2.89223 -11.949 12.434 -10.4068 -3.47473 2.9673 -7.22322 15.5879 -6.61397
internal_weight=49818 33204 16614 14317 18887 9408 7206 9256 10593 2903 9631 4925 4786 4483 3887 60 9946 2843 6825 2389 201 2431 3724 4303 2242 8620 4405 9482 1023 706
internal_count=49818 33204 16614 14317 18887 9408 7206 9256 10593 2903 9631 4925 4786 4483 3887 60 9946 2843 6825 2389 201 2431 3724 4303 2242 8620 4405 9482 1023 706
is_linear=0
shrinkage=0.05


Tree=56
num_leaves=31
num_cat=0
split_feature=8 8 8 8 8 8 7 8 7 8 0 7 0 7 7 7 7 0 8 8 8 7 7 7 8 0 0 8 0 8
split_gain=8.29548e+08 1.4197e+08 7.94574e+07 3.02052e+07 2.33579e+07 1.38823e+07 9.92292e+06 8.44919e+06 7.59006e+06 7.3486e+06 6.77529e+06 5.92891e+06 5.75514e+06 5.55006e+06 5.44772e+06 5.36659e+06 4.57946e+06 4.26255e+06 4.02007e+06 3.91099e+06 3.8251e+06 3.1844e+06 3.10468e+06 3.07131e+06 3.05783e+06 3.00498e+06 2.99134e+06 2.97696e+06 2.99139e+06 2.78347e+06
threshold=11361.776250000001 8866.3975000000009 14052.772500000001 7762.8475000000008 9907.6850000000031 12676.840000000002 10511.770000000002 15796.430000000002 9794.0100000000002 6818.9700000000012 22.030625000000008 12745.692500000001 24.048125000000002 12345.786250000001 9159.0562500000033 7485.2225000000008 11164.640000000001 22.511250000000008 10535.487500000001 8311.3287500000024 9386.0550000000021 7378.4475000000011 14844.657500000003 8097.2650000000003 5948.7587500000009 24.768125000000005 24.871875000000006 15020.916250000002 25.094375000000003 16180.853750000002
decision_type=2 2 2 2 2 2 2 2 2 2 2 2 2 2 2 2 2 2 2 2 2 2 2 2 2 2 2 2 2 2
left_child=1 3 5 9 6 14 20 13 10 21 -5 18 -10 25 -2 -11 -7 -18 -6 -12 26 24 -8 -20 -1 -4 -3 -15 -29 -9
right_child=2 4 7 8 11 16 22 29 12 15 19 -13 -14 27 -16 -17 17 -19 23 -21 -22 -23 -24 -25 -26 -27 -28 28 -30 -31
leaf_value=-17.385478631030306 11.544641544709604 -0.69651868822319174 26.543992688105661 0.30298718779704875 0.37453785846815424 13.155881110164854 -6.2654475458743395 17.42038586556157 -5.5140998403188028 -6.7922381594831371 -6.758985793773002 -2.185771441176843 -13.231940793742737 11.484347241124999 4.5707643913865335 -10.369884583534116 11.858879181515041 7.5450083578192748 11.664733976062976 -4.7667757148321011 -0.72247383332237058 -15.84216100442749 -24.045708374023437 2.5427043916196541 -10.266721045427003 16.280862884490002 -3.6440041146365463 20.351924455758621 13.599455121439163 24.146547890708085
leaf_weight=178 300 1134 78 493 3503 576 1369 790 416 1648 4647 1254 576 2013 4207 2880 707 3013 95 5243 3345 597 25 3216 989 833 3573 181 1748 191
leaf_count=178 300 1134 78 493 3503 576 1369 790 416 1648 4647 1254 576 2013 4207 2880 707 3013 95 5243 3345 597 25 3216 989 833 3573 181 1748 191
internal_value=-0.0303738 -4.19206 9.97252 -7.35452 -1.00197 6.9735 -2.68951 14.4978 -5.81691 -10.1343 -5.41769 0.97379 -9.99543 13.6423 5.03497 -9.06777 9.00725 8.36488 1.55525 -5.70285 -2.01522 -12.872 -6.58432 2.80444 -11.3525 17.1596 -2.9339 12.8294 14.233 18.73
internal_weight=49818 35181 14637 17667 17514 8803 9446 5834 11375 6292 10383 8068 992 4853 4507 4528 4296 3720 6814 9890 8052 1764 1394 3311 1167 911 4707 3942 1929 981
internal_count=49818 35181 14637 17667 17514 8803 9446 5834 11375 6292 10383 8068 992 4853 4507 4528 4296 3720 6814 9890 8052 1764 1394 3311 1167 911 4707 3942 1929 981
is_linear=0
shrinkage=0.05


Tree=57
num_leaves=31
num_cat=0
split_feature=7 1 7 4 4 1 4 1 4 4 4 1 1 0 5 4 0 1 7 4 1 5 4 7 7 4 7 0 4 1
split_gain=3.82326e+08 1.1225e+08 3.78319e+07 3.60211e+07 3.34168e+07 1.93169e+07 1.67076e+07 1.65877e+07 1.24861e+07 1.20218e+07 1.12966e+07 9.84531e+06 9.69988e+06 9.41967e+06 8.24191e+06 6.06934e+06 6.53971e+06 5.70766e+06 5.62517e+06 4.75331e+06 4.65879e+06 4.40134e+06 7.51802e+06 3.95822e+06 3.88914e+06 3.67114e+06 3.63641e+06 3.62933e+06 4.282e+06 7.28041e+06
threshold=10169.270000000002 3.5000000000000004 13545.721250000001 16.500000000000004 4.5000000000000009 5.5000000000000009 16.500000000000004 4.5000000000000009 4.5000000000000009 20.500000000000004 15.500000000000002 10.500000000000002 6.5000000000000009 24.526875000000008 1.0000000180025095e-35 15.500000000000002 23.203125000000004 7.5000000000000009 11296.106250000003 22.500000000000004 3.5000000000000004 1.0000000180025095e-35 18.500000000000004 14202.887500000003 8876.9575000000023 22.500000000000004 9821.1700000000019 25.859375000000004 1.5000000000000002 4.5000000000000009
decision_type=2 2 2 2 2 2 2 2 2 2 2 2 2 2 2 2 2 2 2 2 2 2 2 2 2 2 2 2 2 2
left_child=3 2 6 4 27 20 18 9 -3 21 -10 12 -7 -9 -12 16 -14 -16 -2 -8 -6 22 -5 -4 -23 -11 -18 28 29 -1
right_child=1 8 23 7 5 11 19 13 10 25 14 -13 15 -15 17 -17 26 -19 -20 -21 -22 24 -24 -25 -26 -27 -28 -29 -30 -31
leaf_value=0.61185637035965923 2.9820694441506861 -3.4624629871265307 9.7444693883312201 -18.822413735480826 8.0765065332738359 0.38038407703291399 -4.4458130278257713 -9.3067105401863355 3.0009104132183499 -1.7270232646625148 4.0259049207901212 -1.7976791009209567 -1.0151086835861205 -5.8064053579258594 -1.0355754802170358 -2.1326207128524781 8.9968333209727884 -8.8118047992651736 7.9366267535559318 8.7550369358062738 -4.0489395859442983 -7.0877409911698948 -5.6824974524135321 12.952839369697692 -2.3620540882165431 2.8925544870388311 4.1435520670279509 -6.9344851635447915 -2.9078598713510129 -6.7296623089965921
leaf_weight=400 719 999 1287 157 82 1960 462 2778 9397 1458 417 1483 275 6238 547 250 1102 415 2819 80 2334 779 355 3799 987 610 594 1304 3563 2168
leaf_count=400 719 999 1287 157 82 1960 462 2778 9397 1458 417 1483 275 6238 547 250 1102 415 2819 80 2334 779 355 3799 987 610 594 1304 3563 2168
internal_value=-0.0288551 5.11479 9.2639 -3.75892 -2.1201 0.105831 5.67743 -5.66181 1.88501 -3.1244 2.38075 1.70252 2.94404 -6.88492 -1.84522 5.20643 6.1373 -4.39019 6.92975 -2.49735 -3.6374 -5.62998 -9.71173 12.141 -4.4466 -0.364382 7.29704 -4.53913 -4.02966 -5.58612
internal_weight=49818 20941 9166 28877 15515 8080 4080 13362 11775 4346 10776 5664 4181 9016 1379 2221 1971 962 3538 542 2416 2278 512 5086 1766 2068 1696 7435 6131 2568
internal_count=49818 20941 9166 28877 15515 8080 4080 13362 11775 4346 10776 5664 4181 9016 1379 2221 1971 962 3538 542 2416 2278 512 5086 1766 2068 1696 7435 6131 2568
is_linear=0
shrinkage=0.05


Tree=58
num_leaves=31
num_cat=0
split_feature=8 8 8 8 8 6 6 6 4 5 4 7 4 4 5 8 6 6 6 8 6 6 4 4 8 8 7 4 4 6
split_gain=6.96891e+08 1.33514e+08 5.27601e+07 2.70435e+07 2.40664e+07 1.37629e+07 1.09728e+07 9.11764e+06 8.44223e+06 9.56593e+06 7.72998e+06 9.9143e+06 7.39897e+06 6.97641e+06 1.08821e+07 6.57503e+06 7.90179e+06 7.12678e+06 6.54579e+06 6.5149e+06 6.47595e+06 6.25952e+06 6.19785e+06 9.19395e+06 5.89743e+06 5.8174e+06 5.5006e+06 5.32662e+06 4.88823e+06 4.82642e+06
threshold=11632.258750000003 8866.3975000000009 14100.821250000003 7333.3500000000013 10012.522500000001 10439.907500000003 12973.690000000001 9809.8516500000023 15.500000000000002 1.0000000180025095e-35 7.5000000000000009 10200.72875 7.5000000000000009 16.500000000000004 1.0000000180025095e-35 12851.877500000001 12273.535000000002 11219.600000000002 11219.600000000002 15886.921250000001 14055.557500000001 14055.557500000001 16.500000000000004 18.500000000000004 10535.487500000001 8094.4812500000007 8785.5825000000023 1.0000000180025095e-35 1.0000000180025095e-35 8576.3937500000011
decision_type=2 2 2 2 2 2 2 2 2 2 2 2 2 2 2 2 2 2 2 2 2 2 2 2 2 2 2 2 2 2
left_child=1 3 8 -1 5 29 12 10 15 -10 -5 25 26 19 -15 17 -17 -2 22 20 -4 27 24 -24 -14 -12 -6 -19 -28 -3
right_child=2 4 13 7 6 -7 -8 -9 9 -11 11 -13 18 14 -16 16 -18 21 -20 -21 -22 -23 23 -25 -26 -27 28 -29 -30 -31
leaf_value=-10.526191853905882 13.914255051114665 1.6462497049009217 17.679881948354293 -3.8919482069544884 10.394982267717163 -9.4953571628648259 -11.062884809614413 -17.307708942748253 10.577036110214566 -0.40998648385546493 -7.8198717832291837 -15.68077470132283 -0.096939384479380775 15.618139540065421 -9.6982605021174368 18.864117040586233 8.6006110319378895 19.253357134924997 -2.9349991165935396 17.951698719326469 12.257476596090815 -7.1520906589925293 -5.0679502431735486 5.6711553865779534 4.0529556492983501 -5.1704055849676926 9.2084520543399062 5.4884655414853505 2.1323012059887421 -2.2038372904211676
leaf_weight=3724 268 898 637 4513 277 626 176 168 276 702 3242 280 1453 88 82 199 3254 72 1099 771 4061 96 724 275 2084 5740 276 2946 2109 8702
leaf_count=3724 268 898 637 4513 277 626 176 168 276 702 3242 280 1453 88 82 199 3254 72 1099 771 4061 96 724 275 2084 5740 276 2946 2109 8702
internal_value=-0.0274124 -3.62412 9.69589 -6.74095 -0.679306 -2.3121 1.2913 -5.72996 7.03564 2.69065 -5.58876 -6.41554 1.55337 13.3817 3.4067 7.65736 9.19211 6.09038 0.527119 13.6918 12.9927 5.41704 1.36593 -2.11174 2.34818 -6.12671 3.72576 5.81685 2.95118 -1.84369
internal_weight=49818 36366 13452 17667 18699 10226 8473 13943 7813 978 13775 9262 8297 5639 170 6835 3453 3382 5635 5469 4698 3114 4536 999 3537 8982 2662 3018 2385 9600
internal_count=49818 36366 13452 17667 18699 10226 8473 13943 7813 978 13775 9262 8297 5639 170 6835 3453 3382 5635 5469 4698 3114 4536 999 3537 8982 2662 3018 2385 9600
is_linear=0
shrinkage=0.05


Tree=59
num_leaves=31
num_cat=0
split_feature=8 8 8 8 8 8 8 7 7 7 4 5 4 5 4 7 4 7 4 4 7 1 4 1 4 4 8 7 4 8
split_gain=6.30951e+08 8.61638e+07 8.31342e+07 1.71891e+07 1.71799e+07 1.36107e+07 1.08609e+07 9.2217e+06 6.49345e+06 6.44213e+06 6.02232e+06 7.5004e+06 5.89903e+06 6.50175e+06 5.78451e+06 5.63148e+06 5.01821e+06 4.93371e+06 4.69009e+06 4.4739e+06 4.39295e+06 4.39252e+06 6.27968e+06 5.2639e+06 4.18545e+06 4.15279e+06 4.11385e+06 4.08191e+06 4.0594e+06 4.04763e+06
threshold=10875.905000000002 8480.6125000000011 13575.381250000002 7248.9962500000011 9497.4712500000005 11781.025000000003 14655.326250000002 10931.440000000001 10085.423750000002 9398.2637500000019 16.500000000000004 1.0000000180025095e-35 16.500000000000004 1.0000000180025095e-35 7.5000000000000009 10025.143750000001 1.0000000180025095e-35 13149.812500000002 7.5000000000000009 15.500000000000002 7710.3650000000007 1.5000000000000002 7.5000000000000009 6.5000000000000009 16.500000000000004 1.0000000180025095e-35 16180.853750000002 9202.1900000000023 7.5000000000000009 6370.5687500000013
decision_type=2 2 2 2 2 2 2 2 2 2 2 2 2 2 2 2 2 2 2 2 2 2 2 2 2 2 2 2 2 2
left_child=1 3 5 20 9 25 28 21 -7 14 17 -12 16 -14 -3 19 -10 -8 -17 -5 29 24 -23 -24 -6 -2 -19 -27 -4 -1
right_child=2 4 6 15 7 8 10 -9 12 -11 11 -13 13 -15 -16 18 -18 26 -20 -21 -22 22 23 -25 -26 27 -28 -29 -30 -31
leaf_value=-12.956493456338581 11.441122843868049 0.0015455386771058301 12.75828284375808 -4.6396356301843591 -1.8495922302523546 11.888399698880255 18.938908449631757 -3.0381908070140491 20.413440495152628 -5.2452077618930879 14.430795257810562 -10.718242107118879 10.902584803831287 -5.6994026117381598 -3.2897325704056053 -6.9057132086121902 6.0971925316050548 12.93805017118439 -15.873097355182356 -6.8059387710170363 -12.66309027290662 3.9026465028832358 1.5777586070208027 -1.9956286051102259 -16.029407961027964 7.6618166032533157 20.836629385235668 1.8482025643231026 8.7541330886661353 -7.7241710528194689
leaf_weight=475 129 1751 850 4376 736 490 449 2299 62 3034 63 56 82 210 5619 332 4811 3135 260 5234 1201 1500 2569 1721 56 329 174 3670 2479 1666
leaf_count=475 129 1751 850 4376 736 490 449 2299 62 3034 63 56 82 210 5619 332 4811 3135 260 5234 1201 1500 2569 1721 56 329 174 3670 2479 1666
internal_value=-0.0260418 -4.07394 7.79599 -7.13055 -1.92726 4.79416 11.8713 -0.312014 6.38756 -3.30606 13.6701 2.59595 5.8657 -1.0372 -2.50777 -6.11106 6.27934 14.0207 -10.8441 -5.81949 -10.2427 0.640202 1.11792 0.144239 -2.85221 2.61132 13.3534 2.32649 9.77652 -8.88501
internal_weight=49818 32829 16989 13544 19285 9783 7206 8881 5655 10404 3877 119 5165 292 7370 10202 4873 3758 592 9610 3342 6582 5790 4290 792 4128 3309 3999 3329 2141
internal_count=49818 32829 16989 13544 19285 9783 7206 8881 5655 10404 3877 119 5165 292 7370 10202 4873 3758 592 9610 3342 6582 5790 4290 792 4128 3309 3999 3329 2141
is_linear=0
shrinkage=0.05


Tree=60
num_leaves=31
num_cat=0
split_feature=8 8 8 8 6 8 8 8 6 6 6 0 4 1 4 6 4 1 6 4 4 4 6 0 4 4 4 6 8 6
split_gain=5.64977e+08 7.8827e+07 7.42392e+07 1.9322e+07 1.40745e+07 1.12331e+07 1.10915e+07 1.06423e+07 1.01823e+07 9.19352e+06 7.53951e+06 6.54237e+06 6.12415e+06 6.10501e+06 6.26277e+06 5.57539e+06 5.1213e+06 5.50919e+06 4.95726e+06 4.9441e+06 6.372e+06 6.73525e+06 4.8797e+06 4.80342e+06 4.4895e+06 6.16552e+06 6.90647e+06 5.66318e+06 5.50068e+06 4.4558e+06
threshold=10800.113750000002 13398.315000000002 8261.5700000000015 9308.6537500000031 11452.620000000001 14655.326250000002 7160.8112500000016 11781.025000000003 10043.071250000003 12135.128750000002 8761.0087500000027 23.685625000000005 15.500000000000002 3.5000000000000004 6.5000000000000009 8428.5912500000031 7.5000000000000009 9.5000000000000018 14362.581250000001 7.5000000000000009 4.5000000000000009 1.5000000000000002 13300.582500000002 23.203125000000004 22.500000000000004 15.500000000000002 18.500000000000004 9368.4150000000027 10262.436250000001 13870.301250000002
decision_type=2 2 2 2 2 2 2 2 2 2 2 2 2 2 2 2 2 2 2 2 2 2 2 2 2 2 2 2 2 2
left_child=2 7 6 8 24 13 -1 9 11 -2 16 -4 18 23 -15 -13 17 -8 -7 20 21 -9 -21 -3 25 27 -27 -5 -29 -6
right_child=1 5 3 4 29 12 10 19 -10 -11 -12 15 -14 14 -16 -17 -18 -19 -20 22 -22 -23 -24 -25 -26 26 -28 28 -30 -31
leaf_value=-9.8885403198231643 3.2214289205197866 11.81974700745743 -0.12064836074673427 3.807483904316749 -7.6280089600676506 19.813930521715406 -5.346415569277835 11.271928779003005 -11.905528450842356 -4.3377328380975682 -12.350750566598538 -1.8905816249906477 7.3793699577484704 27.597347590128578 11.082010001204852 -4.5744672216972502 -6.916808233430821 0.087823274660435963 13.064689018869544 5.3164003144795728 10.663206565083001 2.6712600816631884 -0.51233793087303636 6.5104284206211815 5.4287900821130677 -4.4255738929708448 0.45148386250081185 -1.4985066989356433 1.7198641055758239 -22.022281564565805
leaf_weight=2910 4016 544 1373 1025 311 298 2285 318 359 447 482 2702 439 60 1326 6817 4706 586 3126 2624 963 801 416 1964 335 1707 1263 3386 2184 65
leaf_count=2910 4016 544 1373 1025 311 298 2285 318 359 447 482 2702 439 60 1326 6817 4706 586 3126 2624 963 801 416 1964 335 1707 1263 3386 2184 65
internal_value=-0.00564701 7.28172 -3.89466 -2.18872 -0.621296 11.0289 -7.24262 4.24916 -3.62032 2.46433 -6.28721 -3.34724 12.9392 9.1338 11.797 -3.81264 -5.90149 -4.23723 13.6521 5.80436 7.68147 5.11542 4.51878 7.66205 -0.260674 -0.459939 -2.35159 0.39195 -0.236582 -10.1164
internal_weight=49838 17342 32496 21527 10276 7757 10969 9585 11251 4463 8059 10892 3863 3894 1386 9519 7577 2871 3424 5122 2082 1119 3040 2508 9900 9565 2970 6595 5570 376
internal_count=49838 17342 32496 21527 10276 7757 10969 9585 11251 4463 8059 10892 3863 3894 1386 9519 7577 2871 3424 5122 2082 1119 3040 2508 9900 9565 2970 6595 5570 376
is_linear=0
shrinkage=0.05


Tree=61
num_leaves=31
num_cat=0
split_feature=8 8 8 6 8 8 8 6 4 6 6 7 4 1 6 1 4 4 1 4 1 6 4 1 8 4 7 1 8 6
split_gain=5.09892e+08 7.1841e+07 6.7462e+07 1.56029e+07 1.49412e+07 1.36839e+07 1.36022e+07 9.88101e+06 8.21923e+06 8.00095e+06 7.80774e+06 6.53687e+06 6.14908e+06 5.97767e+06 7.81499e+06 5.49925e+06 6.6805e+06 5.28197e+06 6.68561e+06 5.22605e+06 5.56148e+06 5.17565e+06 5.06737e+06 5.46326e+06 5.04925e+06 4.98727e+06 4.54184e+06 4.35593e+06 4.26562e+06 6.72773e+06
threshold=10800.113750000002 12962.536250000003 8498.9237500000017 12135.128750000002 14360.871250000002 9703.4625000000033 7209.5750000000007 14055.557500000001 7.5000000000000009 8944.215000000002 9809.8516500000023 10971.865000000002 15.500000000000002 3.5000000000000004 9908.9537500000024 3.5000000000000004 7.5000000000000009 22.500000000000004 1.5000000000000002 7.5000000000000009 9.5000000000000018 14055.557500000001 7.5000000000000009 5.5000000000000009 15417.848750000003 20.500000000000004 10052.875000000002 1.5000000000000002 12332.350000000002 11683.393750000001
decision_type=2 2 2 2 2 2 2 2 2 2 2 2 2 2 2 2 2 2 2 2 2 2 2 2 2 2 2 2 2 2
left_child=2 7 6 5 15 10 -1 8 -2 19 22 27 21 17 -15 -3 -17 18 -10 20 -8 -6 23 -4 -23 -24 -21 -7 29 -16
right_child=1 4 3 -5 12 11 9 -9 13 -11 -12 -13 -14 14 28 16 -18 -19 -20 26 -22 24 25 -25 -26 -27 -28 -29 -30 -31
leaf_value=-9.2786804175387001 5.9105499844434313 6.6078704551166672 -3.5296002100220778 -15.506034023621504 18.816451224176831 -2.5624033228035277 -4.5703202019852389 -8.2304527241843086 0.74869470189092679 -11.064390174119302 -6.4977171161507714 -2.3812396569833054 6.8539159841578581 13.701950445189278 3.4128750128818854 18.080793830458187 8.9342084894533684 22.66075077056885 -11.406141044344222 -5.8100663086915674 0.55017794494367678 10.477103372663613 -3.6590929876759128 1.2375829495002619 14.149394815391682 -0.89137551024789285 -14.189403451207173 1.7062003630914799 6.0984831547714293 -1.2864629084897505
leaf_weight=3102 2894 2881 899 204 311 694 2919 175 320 612 1178 1827 522 169 2595 233 1394 20 175 6266 648 2109 5562 1813 1683 2301 166 4305 783 1078
leaf_count=3102 2894 2881 899 204 311 694 2919 175 320 612 1178 1827 522 169 2595 233 1394 20 175 6266 648 2109 5562 1813 1683 2301 166 4305 783 1078
internal_value=-0.00536466 6.91763 -3.69993 -1.75337 9.96865 -1.60236 -6.36618 3.52319 3.77921 -5.51475 -2.63649 0.178195 11.9653 2.5792 3.14818 7.92023 10.2441 -2.53064 -3.54847 -5.17507 -3.6401 12.6155 -2.20636 -0.342689 12.107 -2.84916 -6.02632 1.1136 2.74792 2.03365
internal_weight=49838 17342 32496 18783 9133 18579 13713 8209 8034 10611 11753 6826 4625 5140 4625 4508 1627 515 495 9999 3567 4103 10575 2712 3792 7863 6432 4999 4456 3673
internal_count=49838 17342 32496 18783 9133 18579 13713 8209 8034 10611 11753 6826 4625 5140 4625 4508 1627 515 495 9999 3567 4103 10575 2712 3792 7863 6432 4999 4456 3673
is_linear=0
shrinkage=0.05


Tree=62
num_leaves=31
num_cat=0
split_feature=8 8 8 8 6 8 6 4 4 6 4 4 5 4 6 4 4 7 4 4 4 4 5 4 5 8 6 7 7 8
split_gain=4.60769e+08 9.04958e+07 3.53322e+07 2.21428e+07 1.69288e+07 1.38645e+07 8.7496e+06 7.41704e+06 9.43381e+06 6.59617e+06 5.90311e+06 5.47492e+06 8.56077e+06 5.7481e+06 5.19022e+06 5.45999e+06 5.05285e+06 5.03831e+06 4.94627e+06 6.84805e+06 7.03449e+06 5.29432e+06 1.77719e+07 4.91279e+06 7.3337e+06 4.86014e+06 6.25076e+06 4.71117e+06 4.6592e+06 5.14223e+06
threshold=11632.258750000003 9049.9500000000025 14150.711250000002 7762.8475000000008 12548.750000000002 10405.270000000002 9310.2075000000023 7.5000000000000009 5.5000000000000009 10566.627500000002 7.5000000000000009 15.500000000000002 1.0000000180025095e-35 16.500000000000004 11219.600000000002 16.500000000000004 18.500000000000004 8709.9500000000025 11.500000000000002 18.500000000000004 16.500000000000004 17.500000000000004 1.0000000180025095e-35 16.500000000000004 1.0000000180025095e-35 6370.5687500000013 7413.2812500000009 8785.5825000000023 13090.697500000002 15417.848750000003
decision_type=2 2 2 2 2 2 2 2 2 2 2 2 2 2 2 2 2 2 2 2 2 2 2 2 2 2 2 2 2 2
left_child=1 3 7 25 5 9 10 8 -2 18 -5 28 -13 -14 15 17 -17 -7 27 20 -20 -22 -23 -9 -25 -1 -27 -3 -4 -30
right_child=2 4 11 6 -6 14 -8 23 -10 -11 -12 12 13 -15 -16 16 -18 -19 19 -21 21 22 -24 24 -26 26 -28 -29 29 -31
leaf_value=-11.973378251241723 5.7007853081616098 4.0057899910823265 14.845084729747107 -1.9826372065067617 -11.093993131964975 11.8127289371057 -8.2419541156687348 5.1334720078478107 11.55538379107022 -5.1596409850050726 -4.3984273608891842 14.627770542410705 5.0054893931011106 -10.599302209240117 -0.38026311430866666 -3.9857067874861216 11.870179392162122 3.1432725964625159 -1.2492630601636454 0.3776659155455771 -9.2113468927610676 -17.482783188397374 1.7222376358491431 10.034546850919725 -3.8255755919101846 -5.7090957146230359 -9.0475671813209004 -0.23167167358956775 9.3428454231950635 13.023973976856631
leaf_weight=599 1961 838 889 3572 351 176 1157 4545 1060 906 8658 208 308 73 1693 424 57 3506 2007 2454 640 158 507 130 359 3064 2585 3019 2337 1597
leaf_count=599 1961 838 889 3572 351 176 1157 4545 1060 906 8658 208 308 73 1693 424 57 3506 2007 2454 640 158 507 130 359 3064 2585 3019 2337 1597
internal_value=-0.00509644 -2.93052 7.89575 -5.23311 -0.229076 0.00367309 -4.08602 5.79648 7.75503 -1.08102 -3.69285 11.0202 6.46947 2.01559 1.95393 2.9032 -2.10673 3.55767 -0.697019 -1.62415 -3.10738 -5.96503 -2.84076 4.62112 -0.14088 -7.69089 -7.23679 0.68899 11.5759 10.8372
internal_weight=49838 36371 13467 19635 16736 16385 13387 8055 3021 10529 12230 5412 589 381 5856 4163 481 3682 9623 5766 3312 1305 665 5034 489 6248 5649 3857 4823 3934
internal_count=49838 36371 13467 19635 16736 16385 13387 8055 3021 10529 12230 5412 589 381 5856 4163 481 3682 9623 5766 3312 1305 665 5034 489 6248 5649 3857 4823 3934
is_linear=0
shrinkage=0.05


Tree=63
num_leaves=31
num_cat=0
split_feature=8 8 8 8 8 6 6 6 8 6 4 0 7 7 6 6 6 8 4 4 4 4 4 0 4 4 7 8 8 8
split_gain=4.17098e+08 5.81195e+07 5.59529e+07 1.58866e+07 1.20027e+07 1.08103e+07 8.81697e+06 8.67608e+06 8.27794e+06 7.68862e+06 6.1593e+06 5.74854e+06 5.41721e+06 5.35174e+06 5.17899e+06 4.84612e+06 4.62649e+06 4.58139e+06 4.30287e+06 3.92234e+06 6.0782e+06 3.88758e+06 6.28673e+06 4.06042e+06 3.85748e+06 7.54316e+06 4.34917e+06 3.85435e+06 3.64742e+06 3.54442e+06
threshold=10875.905000000002 8243.3750000000018 12962.536250000003 9308.6537500000031 14360.871250000002 11735.470000000003 13997.853750000004 9630.8250000000025 6818.9700000000012 8380.8450000000012 7.5000000000000009 23.360625000000006 12423.801250000002 10971.865000000002 14843.492500000002 8134.5937500000009 9908.9537500000024 15708.635000000002 9.5000000000000018 8.5000000000000018 5.5000000000000009 1.0000000180025095e-35 4.5000000000000009 22.805625000000003 15.500000000000002 18.500000000000004 8785.5825000000023 8759.8637500000023 7762.8475000000008 10227.180000000002
decision_type=2 2 2 2 2 2 2 2 2 2 2 2 2 2 2 2 2 2 2 2 2 2 2 2 2 2 2 2 2 2
left_child=1 8 6 7 14 13 10 11 -1 18 21 -3 -6 24 19 -13 -12 -14 -10 20 -4 -2 23 -23 26 -26 -5 -17 -20 -28
right_child=2 3 4 5 12 -7 -8 -9 9 -11 16 15 17 -15 -16 27 -18 -19 28 -21 -22 22 -24 -25 25 -27 29 -29 -30 -31
leaf_value=-9.4511412462995334 12.419866813453469 0.90592310811062493 6.5820113250431991 4.6453092028023679 14.97530122494662 -10.729960613269883 -7.3491081679678718 -7.870989816682151 -3.7419587943310457 -9.2030706966726115 10.215797157851426 -0.1638131708824995 9.0610791504466288 -2.3225827325733857 -2.8056662047666219 -4.6466586449757434 2.1544263904799705 12.869502876578668 -7.6224023615927212 6.311186287842304 12.66062099858924 -0.79549957169905383 7.3428621340192457 4.9251655640059289 -3.5420576387852254 1.413454505684375 -0.50884801108031319 -2.4959882594856211 -4.7174462782524342 2.4608871584917296
leaf_weight=1748 185 992 888 800 669 249 191 885 3360 1329 185 1231 2866 2291 126 3992 4691 1090 2099 2728 766 557 1307 700 1487 1588 2627 4357 2227 1627
leaf_count=1748 185 992 888 800 669 249 191 885 3360 1329 185 1231 2866 2291 126 3992 4691 1090 2099 2728 766 557 1307 700 1487 1588 2627 4357 2227 1627
internal_value=-0.00484161 -3.28848 6.36696 -1.82253 9.02459 -0.434146 3.26151 -3.11541 -6.30211 -5.69152 3.5273 -2.71732 10.8141 -0.188114 7.18861 -3.0925 2.46028 10.1104 -5.08433 7.47599 9.39714 5.4199 4.91484 2.39023 0.413445 -0.982918 1.26303 -3.52431 -6.12695 0.626967
internal_weight=49838 32889 16949 22126 9133 10669 7816 11457 10763 9015 7625 10572 4625 10420 4508 9580 4876 3956 7686 4382 1654 2749 2564 1257 8129 3075 5054 8349 4326 4254
internal_count=49838 32889 16949 22126 9133 10669 7816 11457 10763 9015 7625 10572 4625 10420 4508 9580 4876 3956 7686 4382 1654 2749 2564 1257 8129 3075 5054 8349 4326 4254
is_linear=0
shrinkage=0.05


Tree=64
num_leaves=31
num_cat=0
split_feature=8 8 8 8 6 8 6 6 0 8 6 8 6 1 6 8 1 8 6 0 6 1 0 6 6 6 8 6 6 6
split_gain=3.77226e+08 7.37939e+07 2.86126e+07 2.00454e+07 1.32845e+07 1.01177e+07 8.49146e+06 6.08243e+06 5.55991e+06 5.0632e+06 4.95242e+06 4.91797e+06 6.37318e+06 4.83991e+06 4.67084e+06 4.37095e+06 4.46726e+06 4.31838e+06 4.15693e+06 3.9231e+06 3.57496e+06 3.49992e+06 3.72754e+06 3.46726e+06 3.43563e+06 3.36247e+06 4.6561e+06 3.02225e+06 2.92804e+06 2.86611e+06
threshold=11632.258750000003 9148.9100000000017 14150.711250000002 7915.0312500000009 12548.750000000002 10535.487500000001 9498.6225000000013 10566.627500000002 23.438125000000003 12851.877500000001 11219.600000000002 6754.0037500000008 8134.5937500000009 3.5000000000000004 12273.535000000002 15886.921250000001 6.5000000000000009 9932.7700000000023 13404.055000000002 22.665625000000009 9659.246250000002 2.5000000000000004 26.858125000000005 14498.323750000001 10297.798750000002 8001.1275000000005 8480.6125000000011 10756.986250000002 7377.1800000000012 15629.727500000001
decision_type=2 2 2 2 2 2 2 2 2 2 2 2 2 2 2 2 2 2 2 2 2 2 2 2 2 2 2 2 2 2
left_child=1 3 9 11 5 7 8 17 -5 18 21 -1 28 19 -15 16 -4 20 24 -11 -3 22 -7 -6 -2 -10 -27 -8 -13 -21
right_child=2 4 15 6 23 10 27 -9 25 13 -12 12 -14 14 -16 -17 -18 -19 -20 29 -22 -23 -24 -25 -26 26 -28 -29 -30 -31
leaf_value=-9.1845382185272708 13.09034102509875 -0.22553489271809482 8.6133667216324969 -0.21275607158862253 -7.5309829187737485 0.62127464198333737 -7.1775179698118485 -4.0702950882669651 -1.5489403464283724 8.60469029644843 -0.28523666579662954 -3.9117804969084915 -9.6311095590197198 15.571955009350598 7.6055657004087784 13.431622656545333 12.537342083136242 1.3192195508879381 -3.0904717509192654 4.3191339363018164 -2.785934423865799 3.6002311773334186 -13.244476206549283 -20.788507029215495 4.0807388853093576 -5.3079867037351303 -2.9761799802911089 -17.077769559972428 -6.3787301101653382 -12.390609594491814
leaf_weight=1563 109 4301 3737 1467 277 295 828 1219 1845 638 1638 2173 1016 215 1276 775 900 2813 198 1975 1996 3069 58 60 3618 3527 5447 85 2694 26
leaf_count=1563 109 4301 3737 1467 277 295 828 1219 1845 638 1638 2173 1016 215 1276 775 900 2813 198 1975 1996 3069 58 60 3618 3527 5447 85 2694 26
internal_value=-0.00459953 -2.65157 7.1442 -4.61721 -0.0710848 0.143967 -3.44701 -0.753362 -3.10129 5.25508 1.97569 -6.69154 -6.0292 6.47714 8.75431 9.95589 9.37498 -0.309526 3.96918 5.19057 -1.03712 3.05792 -1.65695 -9.89137 4.34423 -3.49296 -3.89264 -8.09923 -5.2773 4.10202
internal_weight=49838 36371 13467 20645 15726 15389 13199 10329 12286 8055 5060 7446 5883 4130 1491 5412 4637 9110 3925 2639 6297 3422 353 337 3727 10819 8974 913 4867 2001
internal_count=49838 36371 13467 20645 15726 15389 13199 10329 12286 8055 5060 7446 5883 4130 1491 5412 4637 9110 3925 2639 6297 3422 353 337 3727 10819 8974 913 4867 2001
is_linear=0
shrinkage=0.05


Tree=65
num_leaves=31
num_cat=0
split_feature=8 8 8 8 8 6 6 6 4 4 4 7 8 0 6 6 8 6 7 8 4 7 4 4 6 8 8 4 6 8
split_gain=3.48127e+08 6.66084e+07 2.61154e+07 1.39125e+07 1.37206e+07 9.37097e+06 8.12613e+06 7.77054e+06 6.75653e+06 6.12613e+06 5.83497e+06 5.76589e+06 5.69194e+06 5.04446e+06 5.0229e+06 4.846e+06 4.8405e+06 4.8335e+06 4.79687e+06 4.39707e+06 4.19111e+06 4.18688e+06 4.13052e+06 5.593e+06 5.00068e+06 5.47514e+06 3.90837e+06 3.72377e+06 4.47782e+06 4.05612e+06
threshold=11632.258750000003 8830.2575000000015 14247.822500000002 7587.3650000000007 9932.7700000000023 10190.467500000001 12076.810000000003 9017.4675000000007 15.500000000000002 7.5000000000000009 1.0000000180025095e-35 9870.902500000002 13031.922500000002 23.438125000000003 11219.600000000002 8632.2162500000013 16180.853750000002 12610.421250000001 7825.451250000001 5948.7587500000009 1.0000000180025095e-35 8544.1125000000011 22.500000000000004 16.500000000000004 10507.207500000002 10535.487500000001 8075.4175000000005 16.500000000000004 14102.270000000002 15020.916250000002
decision_type=2 2 2 2 2 2 2 2 2 2 2 2 2 2 2 2 2 2 2 2 2 2 2 2 2 2 2 2 2 2
left_child=1 3 8 18 5 15 10 13 11 -4 -6 -2 14 -5 -13 -3 27 -14 19 -1 -16 -12 23 24 -23 -26 -15 28 -11 -30
right_child=2 4 9 7 6 -7 -8 -9 -10 16 21 12 17 26 20 -17 -18 -19 -20 -21 -22 22 -24 -25 25 -27 -28 -29 29 -31
leaf_value=-13.306297549045548 11.161330509969016 1.6821130568034897 13.916598203152786 -0.8471895333737044 8.1021592736642898 -6.7587805902359293 -5.6598282052241355 -7.4597201745359873 1.3662560175044032 13.694946057284804 5.9582536494082747 11.137351894958885 14.799870600459281 -5.3595380204972667 15.631204466888869 -1.7552243650981982 17.184595928081247 6.3364397605510066 -8.8673795144883396 -5.2772486702145311 3.1794847117760217 2.8193749258163479 9.9460376624266313 -2.9132231445068664 -3.3686606237314942 0.99572174967690996 -3.162033372425554 1.1210658607242994 5.826577176148664 9.4653595599842202
leaf_weight=181 449 1176 729 1615 299 865 449 1341 1040 438 404 226 178 2998 69 8005 172 3228 2022 2945 3281 2626 120 990 921 3270 6224 159 1109 2475
leaf_count=181 449 1176 729 1615 299 865 449 1341 1040 438 404 226 178 2998 69 8005 172 3228 2022 2945 3281 2626 120 990 921 3270 6224 159 1109 2475
internal_value=-0.000987036 -2.54489 6.84087 -4.79048 -0.510523 -1.78367 0.898227 -3.86928 5.14086 9.67454 1.23943 5.66913 5.31594 -3.42499 3.92267 -1.31493 8.96412 6.77874 -6.96965 -5.74214 3.43595 0.993125 0.740076 0.598573 1.10857 0.0366198 -3.87642 8.62594 8.92263 8.33941
internal_weight=50004 36451 13553 17326 19125 10046 9079 12178 8471 5082 8630 7431 6982 10837 3576 9181 4353 3406 5148 3126 3350 8331 7927 7807 6817 4191 9222 4181 4022 3584
internal_count=50004 36451 13553 17326 19125 10046 9079 12178 8471 5082 8630 7431 6982 10837 3576 9181 4353 3406 5148 3126 3350 8331 7927 7807 6817 4191 9222 4181 4022 3584
is_linear=0
shrinkage=0.05


Tree=66
num_leaves=31
num_cat=0
split_feature=8 8 8 8 6 8 6 4 4 7 7 8 4 8 6 4 6 4 7 4 6 6 4 8 4 0 7 6 6 4
split_gain=3.14185e+08 6.05104e+07 2.36996e+07 1.58501e+07 1.24073e+07 9.02831e+06 7.31505e+06 6.20391e+06 5.64418e+06 5.41894e+06 5.23609e+06 5.632e+06 5.04829e+06 4.92869e+06 6.37787e+06 4.82985e+06 6.15083e+06 5.64624e+06 5.27388e+06 5.06189e+06 4.57901e+06 4.4066e+06 4.33715e+06 4.20423e+06 3.94546e+06 3.93348e+06 3.68341e+06 3.66847e+06 3.66142e+06 3.53014e+06
threshold=11632.258750000003 9090.0262500000026 14360.871250000002 7977.3212500000009 12548.750000000002 10296.880000000003 9132.0487500000017 15.500000000000002 7.5000000000000009 10728.437500000002 9870.902500000002 13031.922500000002 6.5000000000000009 6754.0037500000008 8134.5937500000009 1.0000000180025095e-35 11219.600000000002 16.500000000000004 8785.5825000000023 18.500000000000004 11540.450000000003 12610.421250000001 8.5000000000000018 16180.853750000002 1.0000000180025095e-35 25.355625000000007 12130.758750000003 9349.3500000000004 14843.492500000002 16.500000000000004
decision_type=2 2 2 2 2 2 2 2 2 2 2 2 2 2 2 2 2 2 2 2 2 2 2 2 2 2 2 2 2 2
left_child=1 3 7 13 5 9 12 10 26 -3 -2 20 25 -1 22 -7 17 18 -17 -19 -12 -13 -15 29 -22 -5 -4 -11 -23 -10
right_child=2 4 8 6 -6 15 -8 -9 23 27 11 21 -14 14 -16 16 -18 19 -20 -21 24 28 -24 -25 -26 -27 -28 -29 -30 -31
leaf_value=-8.4741038961370272 10.680148937517064 -0.38211696608239143 24.52853249686105 0.86540785536632781 -9.3120358211559502 8.7867535283304239 -5.8881312521164162 1.4189371315949357 8.6354525387343184 1.042810546159316 8.3036239869515356 14.110191115226536 -3.2156649029935149 -3.1282012205604435 -8.6223290900391394 10.504728253495019 -1.4012110428246298 -4.2327511772307655 2.403218624128014 9.6844868927001961 14.84964411638785 6.3721603268819482 -5.9925948063016552 16.325365973350614 2.75818218307854 -3.1638950861629818 12.387694112774428 -4.7293311562742719 -3.7873574849013445 0.7096200067703039
leaf_weight=1577 454 7840 70 1610 362 219 1971 1076 3722 348 474 181 7466 2558 1217 212 1637 507 3830 75 69 3484 2734 172 3033 971 581 1317 91 146
leaf_count=1577 454 7840 70 1610 362 219 1971 1076 3722 348 474 181 7466 2558 1217 212 1637 507 3830 75 69 3484 2734 172 3033 971 581 1317 91 146
internal_value=-0.000937684 -2.41764 6.49882 -4.25464 -0.158452 0.0488427 -3.10305 4.97761 9.37262 -0.932291 5.46941 5.14676 -2.55668 -5.9662 -5.35859 1.48799 1.23269 2.16515 2.82814 -2.43929 3.72654 6.49891 -4.60803 8.67642 3.02714 -0.650459 13.6932 -3.5229 6.11355 8.33629
internal_weight=50004 36451 13553 20104 16347 15985 12018 8862 4691 9505 7786 7332 10047 8086 6509 6480 6261 4624 4042 582 3576 3756 5292 4040 3102 2581 651 1665 3575 3868
internal_count=50004 36451 13553 20104 16347 15985 12018 8862 4691 9505 7786 7332 10047 8086 6509 6480 6261 4624 4042 582 3576 3756 5292 4040 3102 2581 651 1665 3575 3868
is_linear=0
shrinkage=0.05


Tree=67
num_leaves=31
num_cat=0
split_feature=8 8 8 6 8 8 6 7 8 6 4 6 8 7 7 4 4 0 4 6 6 8 6 7 4 8 6 6 4 4
split_gain=2.84131e+08 4.84619e+07 2.82603e+07 1.13302e+07 1.11574e+07 9.99836e+06 6.4335e+06 5.77498e+06 5.57077e+06 6.00493e+06 5.18401e+06 5.76496e+06 6.16118e+06 5.14303e+06 4.807e+06 4.7499e+06 4.68599e+06 4.67766e+06 4.35578e+06 4.37468e+06 4.14918e+06 4.26859e+06 4.00604e+06 3.92164e+06 3.84784e+06 3.84443e+06 5.00588e+06 3.84245e+06 3.87276e+06 3.79951e+06
threshold=11313.686250000002 8666.5600000000031 13796.932500000001 12426.233750000001 9907.6850000000031 7291.9875000000002 8831.6862500000007 10511.770000000002 12332.350000000002 9933.8150000000005 16.500000000000004 13235.073750000001 15095.071250000003 13883.758750000003 10852.027500000002 7.5000000000000009 7.5000000000000009 22.030625000000008 22.500000000000004 11219.600000000002 7293.3300000000008 6464.4537500000015 14566.588750000001 8785.5825000000023 16.500000000000004 8075.4175000000005 7482.598750000001 12803.120000000003 15.500000000000002 15.500000000000002
decision_type=2 2 2 2 2 2 2 2 2 2 2 2 2 2 2 2 2 2 2 2 2 2 2 2 2 2 2 2 2 2
left_child=1 5 8 4 7 20 17 29 9 -2 11 -4 -13 -14 -10 23 -9 -7 19 24 21 -1 -16 -6 -17 26 -19 28 -11 -3
right_child=2 3 10 -5 15 6 -8 16 14 27 -12 12 13 -15 22 18 -18 25 -20 -21 -22 -23 -24 -25 -26 -27 -28 -29 -30 -31
leaf_value=-9.0675424449935136 13.079252033158552 -0.14179988715118083 16.436809464550894 -11.19163387131133 8.3533419390519459 0.71286094712128512 -7.0988039352968944 -1.3634923857973977 9.3644896552928252 3.2136726286806452 0.46171062696547738 6.7318232701290874 16.951951004691043 9.244078023199199 4.6034327042596637 1.1058836956600644 -7.0186314172431494 -1.8105123311738298 8.9834281988327316 -3.9629131882285358 -9.947342478121179 -4.681787327310853 -7.5508416970570877 1.9119012519392848 -2.3933065058025593 -2.7438414106418012 -5.595486010962297 -3.1428251480274811 -1.7882557370300807 -2.0978207123044732
leaf_weight=774 127 4506 218 259 264 638 1353 649 554 2841 210 3409 236 2608 3882 3397 841 1141 130 698 837 1959 69 2251 1022 5099 3727 328 448 5529
leaf_count=774 127 4506 218 259 264 638 1353 649 554 2841 210 3409 236 2608 3882 3397 841 1141 130 698 837 1959 69 2251 1022 5099 3727 328 448 5529
internal_value=-0.000890801 -2.45992 5.77594 -0.803365 -0.663864 -4.54513 -3.85189 -1.65079 3.81823 2.39293 8.19311 8.44402 8.16536 9.88369 5.00276 0.801524 -4.55542 -3.43764 -0.0548009 -0.284422 -6.86718 -5.92386 4.39117 2.58806 0.296612 -3.70332 -4.70833 2.01771 2.53235 -1.21951
internal_weight=50004 35074 14930 19546 19287 15528 11958 11525 8249 3744 6681 6471 6253 2844 4505 7762 1490 10605 5247 5117 3570 2733 3951 2515 4419 9967 4868 3617 3289 10035
internal_count=50004 35074 14930 19546 19287 15528 11958 11525 8249 3744 6681 6471 6253 2844 4505 7762 1490 10605 5247 5117 3570 2733 3951 2515 4419 9967 4868 3617 3289 10035
is_linear=0
shrinkage=0.05


Tree=68
num_leaves=31
num_cat=0
split_feature=8 8 8 8 4 1 1 4 8 8 1 0 1 4 4 4 4 1 1 4 4 7 4 1 0 7 4 5 7 8
split_gain=2.56854e+08 4.01461e+07 3.3461e+07 8.16252e+06 7.77008e+06 1.20239e+07 1.01274e+07 6.55316e+06 6.40614e+06 6.24177e+06 5.65023e+06 5.35302e+06 5.28049e+06 7.06414e+06 5.17686e+06 5.01866e+06 6.62236e+06 4.95441e+06 4.92267e+06 6.02132e+06 5.2374e+06 4.63255e+06 4.58929e+06 5.77364e+06 4.492e+06 4.28421e+06 3.96274e+06 7.14105e+06 3.61717e+06 3.14225e+06
threshold=10667.337500000001 13031.922500000002 8328.9287500000009 14929.610000000002 7.5000000000000009 5.5000000000000009 6.5000000000000009 7.5000000000000009 7007.6750000000002 9386.0550000000021 1.5000000000000002 22.248750000000005 3.5000000000000004 6.5000000000000009 1.0000000180025095e-35 17.500000000000004 15.500000000000002 3.5000000000000004 6.5000000000000009 1.5000000000000002 5.5000000000000009 13218.593750000002 22.500000000000004 1.5000000000000002 29.418125000000007 12688.515000000001 16.500000000000004 1.0000000180025095e-35 10305.975 9779.907500000003
decision_type=2 2 2 2 2 2 2 2 2 2 2 2 2 2 2 2 2 2 2 2 2 2 2 2 2 2 2 2 2 2
left_child=2 7 8 12 5 14 9 18 -1 -6 -11 -10 26 -14 -4 16 29 22 19 -2 -21 -5 23 -9 -19 -12 -3 -28 -13 -8
right_child=1 3 4 21 6 -7 15 17 11 10 25 28 13 -15 -16 -17 -18 24 -20 20 -22 -23 -24 -25 -26 -27 27 -29 -30 -31
leaf_value=-7.1475923303069839 7.3146631668230881 5.2495003443359387 1.5098124743686221 15.0997489488454 -2.0960509879944662 2.0131616507791725 -5.8693166499629719 -0.054340977369948473 -0.40954708150548935 -15.669255652794471 1.1354477516549375 -4.3787669825094273 20.099390979398763 7.2916858366852217 -3.6851445005288941 -2.0056586585158636 -8.577505143491873 0.64519036920084893 6.8441378564978566 -0.73355875408232318 5.4590789565390132 8.5047060580111786 18.557984479268395 -10.415295821898862 3.6326677887638414 -16.453473314557758 12.494300528935025 -7.4695006007532925 -9.2948657605112821 -2.0394691681437416
leaf_weight=2353 543 3472 626 292 5282 3391 898 377 835 52 3192 8226 114 1936 2050 2294 947 3014 1139 1086 498 3022 24 209 2160 35 63 155 392 1327
leaf_count=2353 543 3472 626 292 5282 3391 898 377 835 52 3192 8226 114 1936 2050 2294 947 3014 1139 1086 498 3022 24 209 2160 35 63 155 392 1327
internal_value=-0.000846262 4.756 -2.70047 7.11001 -1.45921 0.0358048 -2.10584 2.40095 -4.81311 -1.03232 0.681207 -4.23202 5.96928 8.00392 -2.46988 -3.78721 -5.07564 1.38992 4.19146 2.77096 1.21337 9.0858 -2.87195 -3.74963 1.89238 0.944679 4.83893 -1.70015 -4.60238 -3.58518
internal_weight=50004 18104 31900 9054 20094 6067 14027 9050 11806 8561 3279 9453 5740 2050 2676 5466 3172 5784 3266 2127 1584 3314 610 586 5174 3227 3690 218 8618 2225
internal_count=50004 18104 31900 9054 20094 6067 14027 9050 11806 8561 3279 9453 5740 2050 2676 5466 3172 5784 3266 2127 1584 3314 610 586 5174 3227 3690 218 8618 2225
is_linear=0
shrinkage=0.05


Tree=69
num_leaves=31
num_cat=0
split_feature=8 8 8 8 6 6 8 6 6 0 7 6 8 7 8 8 6 8 6 7 6 6 7 0 8 6 1 6 0 1
split_gain=2.32943e+08 4.56309e+07 1.75984e+07 1.2871e+07 9.33362e+06 7.49162e+06 5.60325e+06 6.39516e+06 4.91331e+06 4.62728e+06 4.21699e+06 4.08078e+06 3.91062e+06 3.88678e+06 4.37871e+06 3.82996e+06 5.11044e+06 3.81245e+06 3.77069e+06 3.63359e+06 3.55196e+06 3.41141e+06 3.3972e+06 3.3633e+06 3.35028e+06 3.50103e+06 3.0529e+06 4.17102e+06 2.9868e+06 2.73328e+06
threshold=11632.258750000003 9190.5612500000025 14100.821250000003 7703.1250000000009 14102.270000000002 9270.3562500000025 10162.055000000002 10374.735000000002 11270.075000000003 21.810625000000005 7485.2225000000008 14566.588750000001 16180.853750000002 9059.4550000000017 12332.350000000002 8462.751250000003 8134.5937500000009 5948.7587500000009 8363.4050000000007 8544.1125000000011 8095.9325000000008 10536.356250000003 9714.3500000000004 25.658125000000005 6754.0037500000008 7377.1800000000012 3.5000000000000004 11956.520000000002 29.763125000000006 3.5000000000000004
decision_type=2 2 2 2 2 2 2 2 2 2 2 2 2 2 2 2 2 2 2 2 2 2 2 2 2 2 2 2 2 2
left_child=1 3 11 10 6 9 7 20 19 -5 17 13 23 -2 21 16 -11 -1 -17 -8 -3 -15 -7 -4 -12 -26 28 -28 -16 -10
right_child=2 4 12 5 -6 22 8 -9 29 15 24 -13 -14 14 26 18 -18 -19 -20 -21 -22 -23 -24 -25 25 -27 27 -29 -30 -31
leaf_value=-11.281525724138532 10.285303363204003 11.583275306993917 9.9706244028505093 2.2847637644318479 -14.522653641267258 -3.9533772158898355 7.6660314445910247 -4.8700236674573141 3.0260901051797444 -2.0471216911823173 -10.558046999853291 -3.8154050246528963 14.785309955556556 10.375665288011568 4.373815698004571 0.76964484681693757 -4.7883453344038855 -3.6573514192102472 -2.318453149017313 1.5339838634621681 -0.4377961730956117 1.6704667662934058 -8.3971999528208325 6.8593356658473486 -3.6329528431796989 -7.4267127624087195 11.435262678749295 5.315673751036984 -0.40099019379585343 -2.0968229892030812
leaf_weight=175 256 62 1081 504 110 984 253 873 316 3410 501 161 189 119 2739 1243 3391 2601 4828 5353 6927 2074 764 4421 934 1743 329 1812 372 1479
leaf_count=175 256 62 1081 504 110 984 253 873 316 3410 501 161 189 119 2739 1243 3391 2601 4828 5353 6927 2074 764 4421 934 1743 329 1812 372 1479
internal_value=-0.000803947 -2.08172 5.59586 -3.59253 -0.0102458 -2.8173 0.0943447 -0.835154 1.08174 -2.41502 -5.56173 4.06295 7.71355 4.22766 4.01936 -2.59904 -3.4139 -4.13798 -1.68618 1.81072 -0.331156 2.14284 -5.89564 7.47062 -6.80539 -6.10308 4.80292 6.25605 3.80286 -1.19496
internal_weight=50004 36451 13553 21078 15373 15124 15263 7862 7401 13376 5954 7862 5691 7701 7445 12872 6801 2776 6071 5606 6989 2193 1748 5502 3178 2677 5252 2141 3111 1795
internal_count=50004 36451 13553 21078 15373 15124 15263 7862 7401 13376 5954 7862 5691 7701 7445 12872 6801 2776 6071 5606 6989 2193 1748 5502 3178 2677 5252 2141 3111 1795
is_linear=0
shrinkage=0.05


Tree=70
num_leaves=31
num_cat=0
split_feature=8 8 8 6 8 4 4 4 6 7 8 6 8 4 4 6 4 7 5 4 6 1 4 4 4 6 8 1 8 8
split_gain=2.12199e+08 3.22227e+07 2.80977e+07 9.73268e+06 1.07152e+07 6.58426e+06 6.42879e+06 6.78006e+06 5.98635e+06 5.95214e+06 4.7965e+06 4.79011e+06 5.72747e+06 4.61909e+06 4.60657e+06 4.37543e+06 4.21356e+06 4.13138e+06 4.07831e+06 4.67455e+06 4.01958e+06 3.92593e+06 4.4993e+06 3.72196e+06 3.53671e+06 3.39877e+06 3.54353e+06 3.36967e+06 3.35428e+06 3.33536e+06
threshold=10958.562500000002 8188.2487500000016 13646.460000000001 11735.470000000003 9430.7200000000012 7.5000000000000009 4.5000000000000009 1.5000000000000002 8888.8550000000014 10382.155000000002 15417.848750000003 8463.9737500000028 7007.6750000000002 15.500000000000002 18.500000000000004 7377.1800000000012 7.5000000000000009 10971.865000000002 1.0000000180025095e-35 17.500000000000004 9908.9537500000024 1.5000000000000002 7.5000000000000009 7.5000000000000009 17.500000000000004 14566.588750000001 14424.677500000003 7.5000000000000009 14563.515000000001 7587.3650000000007
decision_type=2 2 2 2 2 2 2 2 2 2 2 2 2 2 2 2 2 2 2 2 2 2 2 2 2 2 2 2 2 2
left_child=1 11 5 4 8 6 7 -2 13 -10 16 12 -1 -3 18 -14 -4 21 24 -20 -7 -6 -23 -11 -15 26 -18 -12 -27 -17
right_child=2 3 10 -5 17 20 -8 -9 9 23 27 -13 15 14 -16 29 25 -19 19 -21 -22 22 -24 -25 -26 28 -28 -29 -30 -31
leaf_value=-6.4111049894854393 7.2290965302033117 0.3098522888383542 9.0139367116203797 -9.5570230256894533 -2.4369556340816394 9.3956700299915514 6.7383037464077251 0.58143442378314691 -2.6497924203543941 -3.7373777510541859 8.6764810582504008 -8.1397273180037057 -1.395780254266856 -0.33850755130543431 -1.2217625871239099 -6.4121724731474572 5.4648873550009052 -1.7037010127687404 -7.7693892196033083 -0.40220384165457379 1.6182334579774051 3.4146884281279335 0.37690017926246644 -10.729913309931755 -13.497416393349809 -0.76779889225329523 9.7505618020096243 19.030934132163118 4.8520892044215644 -3.5454660054237337
leaf_weight=2378 540 3182 1055 348 865 171 1732 1324 4812 363 1880 884 1738 68 3296 1369 1696 2305 351 557 5833 1636 4781 400 205 331 674 82 1342 3920
leaf_count=2378 540 3182 1055 348 865 171 1732 1324 4812 363 1880 884 1738 68 3296 1369 1696 2305 351 557 5833 1636 4781 400 205 331 674 82 1342 3920
internal_value=0.00343952 -2.29235 4.61403 -1.25832 -1.13177 2.85313 4.54513 2.50726 -2.05391 -3.30035 7.00846 -4.62081 -4.29005 -1.14663 -2.18182 -3.57227 6.19996 0.14117 -4.8612 -3.25009 1.83974 0.725134 1.15138 -7.40319 -10.2197 5.46567 6.68368 9.10924 3.7402 -4.28748
internal_weight=50118 33458 16660 23169 22821 9600 3596 1864 13234 5575 7060 10289 9405 7659 4477 7027 5098 9587 1181 908 6004 7282 6417 763 273 4043 2370 1962 1673 5289
internal_count=50118 33458 16660 23169 22821 9600 3596 1864 13234 5575 7060 10289 9405 7659 4477 7027 5098 9587 1181 908 6004 7282 6417 763 273 4043 2370 1962 1673 5289
is_linear=0
shrinkage=0.05


Tree=71
num_leaves=31
num_cat=0
split_feature=6 6 6 4 4 4 1 4 5 4 7 4 4 4 1 1 5 1 4 1 4 5 4 5 4 4 4 4 6 4
split_gain=1.35549e+08 1.77876e+07 1.20986e+07 6.70451e+06 6.64861e+06 4.69545e+06 5.85213e+06 4.47983e+06 9.06941e+06 4.30347e+06 3.89648e+06 3.84974e+06 7.2125e+06 3.4924e+06 3.07955e+06 2.96416e+06 2.82036e+06 2.79086e+06 2.78111e+06 2.72442e+06 2.64862e+06 2.57572e+06 2.48371e+06 3.19414e+06 5.53111e+06 2.47287e+06 2.46687e+06 5.04826e+06 2.39686e+06 2.32388e+06
threshold=11315.887500000003 9170.8975000000009 12610.421250000001 15.500000000000002 22.500000000000004 15.500000000000002 6.5000000000000009 15.500000000000002 1.0000000180025095e-35 16.500000000000004 8709.9500000000025 4.5000000000000009 7.5000000000000009 1.5000000000000002 3.5000000000000004 1.5000000000000002 1.0000000180025095e-35 9.5000000000000018 4.5000000000000009 11.500000000000002 16.500000000000004 1.0000000180025095e-35 18.500000000000004 1.0000000180025095e-35 17.500000000000004 6.5000000000000009 4.5000000000000009 1.0000000180025095e-35 15488.217500000001 1.0000000180025095e-35
decision_type=2 2 2 2 2 2 2 2 2 2 2 2 2 2 2 2 2 2 2 2 2 2 2 2 2 2 2 2 2 2
left_child=1 5 15 10 17 18 22 11 -9 -10 -3 13 -13 16 -6 -2 -4 -5 19 -1 29 -22 23 24 -7 -20 27 -12 -14 -17
right_child=2 3 7 4 14 6 -8 8 9 -11 26 12 28 -15 -16 20 -18 -19 25 -21 21 -23 -24 -25 -26 -27 -28 -29 -30 -31
leaf_value=-2.8488445260479711 6.823237117571491 3.2023501466539068 18.32756082184461 -2.2302863312342653 6.1993770418096998 2.1245892235930537 -4.4532159240284042 8.1991769029813657 0.046239040475718834 -10.663738319791598 3.0572712799459385 8.500954413190227 4.3839367263814752 0.85213695808733803 -2.461866014344352 7.6820545627463677 4.9936129099761066 -7.2924698566954564 0.89093654194085448 1.3066610349942658 9.3240584957984183 -6.2930840433313611 -1.5365258840394658 -2.8460066119656808 -14.676452726502962 -1.6894724720667882 0.51935922183455085 -2.8373415905718034 6.6999506904868618 1.5509070431070811
leaf_weight=5483 280 1107 49 3684 340 71 5638 340 490 116 473 1738 5197 816 147 161 208 294 1353 425 31 178 4004 890 158 2959 6642 1565 1423 3858
leaf_count=5483 280 1107 49 3684 340 71 5638 340 490 116 473 1738 5197 816 147 161 208 294 1353 425 31 178 4004 890 158 2959 6642 1565 1423 3858
internal_value=0.00326754 -1.68686 4.00383 -0.32376 -1.92933 -2.6128 -3.34174 4.94338 1.6632 -2.00386 0.408729 5.27241 5.63436 2.453 3.585 1.84108 7.53588 -2.60441 -1.84526 -2.54991 1.51114 -3.97667 -2.11853 -4.20105 -9.4674 -0.879803 0.0524463 -1.46926 4.88177 1.79652
internal_weight=50118 35233 14885 14252 4465 20981 10761 10377 946 606 9787 9431 8358 1073 487 4508 257 3978 10220 5908 4228 209 5123 1119 229 4312 8680 2038 6620 4019
internal_count=50118 35233 14885 14252 4465 20981 10761 10377 946 606 9787 9431 8358 1073 487 4508 257 3978 10220 5908 4228 209 5123 1119 229 4312 8680 2038 6620 4019
is_linear=0
shrinkage=0.05


Tree=72
num_leaves=31
num_cat=0
split_feature=8 8 8 6 8 4 1 4 6 4 4 4 5 4 5 4 5 4 6 8 6 1 8 6 6 8 6 4 6 8
split_gain=1.77205e+08 3.42509e+07 1.66149e+07 1.0403e+07 8.24656e+06 7.09138e+06 8.40663e+06 7.15217e+06 6.11975e+06 6.07342e+06 6.71137e+06 8.10804e+06 9.89618e+06 1.46582e+07 7.03645e+06 5.08273e+06 5.47356e+06 6.39022e+06 4.77942e+06 5.014e+06 4.83896e+06 4.48862e+06 4.95773e+06 4.39374e+06 4.35514e+06 4.05209e+06 3.7731e+06 3.72032e+06 3.4125e+06 3.22456e+06
threshold=11450.726250000002 8811.3312500000011 14197.517500000002 12426.233750000001 7587.3650000000007 7.5000000000000009 5.5000000000000009 1.0000000180025095e-35 8888.8550000000014 20.500000000000004 16.500000000000004 17.500000000000004 1.0000000180025095e-35 18.500000000000004 1.0000000180025095e-35 15.500000000000002 1.0000000180025095e-35 17.500000000000004 11035.775000000003 12332.350000000002 12273.535000000002 6.5000000000000009 10373.172500000002 11219.600000000002 7559.6475000000009 6180.5912500000004 9603.8350000000009 7.5000000000000009 7450.6750000000002 16180.853750000002
decision_type=2 2 2 2 2 2 2 2 2 2 2 2 2 2 2 2 2 2 2 2 2 2 2 2 2 2 2 2 2 2
left_child=1 4 15 5 24 6 7 -3 28 10 21 14 13 -13 -12 18 17 -17 -2 -20 -21 -7 26 -24 25 -1 -23 -4 -6 -29
right_child=2 3 27 -5 8 9 -8 -9 -10 -11 11 12 -14 -15 -16 16 -18 -19 19 20 -22 22 23 -25 -26 -27 -28 29 -30 -31
leaf_value=-9.0873236099146322 9.7770278132511841 3.898743679455519 10.200300831900748 -9.6238291204373052 0.97105634233116944 0.87573823081337787 3.1399048394993776 -2.2249806993269079 -5.5376607601992429 1.6707594682553708 0.51285982568306754 -15.175662832357446 0.29569243370295201 -0.66822574314872896 -9.0811791566501707 8.9230128988506276 -1.9345834230383236 -13.061184883117676 1.7092677102337459 8.6920023513357716 3.9113392764538895 -0.61301682971180371 1.3926527640670001 -3.7686902574733296 -7.6819383791828884 -3.7742989080891358 -5.466913439283581 6.123929631971837 -2.5594790883962664 13.025997459346598
leaf_weight=400 325 625 745 300 737 3361 2864 2011 1709 1971 251 294 1901 427 801 254 801 38 2423 599 4550 643 1526 565 1281 3490 1061 4393 9596 176
leaf_count=400 325 625 745 300 737 3361 2864 2011 1709 1971 251 294 1901 427 801 254 801 38 2423 599 4550 643 1526 565 1281 3490 1061 4393 9596 176
internal_value=0.00310416 -1.87584 4.70756 -0.388399 -3.48322 -0.237007 1.26454 -0.773035 -2.76607 -0.882152 -1.34677 -3.08388 -1.59606 -6.58388 -6.79211 3.39741 0.201756 6.06206 3.83971 3.58487 4.46749 -0.454909 -1.63338 -0.00197125 -5.15332 -4.32063 -3.63531 6.92402 -2.30766 6.3898
internal_weight=50118 35814 14304 18601 17213 18301 5500 2636 12042 12801 10830 3674 2622 721 1052 8990 1093 292 7897 7572 5149 7156 3795 2091 5171 3890 1704 5314 10333 4569
internal_count=50118 35814 14304 18601 17213 18301 5500 2636 12042 12801 10830 3674 2622 721 1052 8990 1093 292 7897 7572 5149 7156 3795 2091 5171 3890 1704 5314 10333 4569
is_linear=0
shrinkage=0.05


Tree=73
num_leaves=31
num_cat=0
split_feature=6 6 6 4 4 4 1 4 5 4 7 4 4 4 1 1 5 1 4 1 4 4 4 1 1 5 4 4 5 4
split_gain=1.09753e+08 1.43374e+07 9.8247e+06 5.5505e+06 5.73693e+06 4.20189e+06 5.11927e+06 3.94535e+06 7.84048e+06 3.87879e+06 3.36945e+06 3.28613e+06 6.38876e+06 3.16732e+06 2.73537e+06 2.68652e+06 2.55165e+06 2.50985e+06 2.36547e+06 2.91183e+06 2.27472e+06 2.17704e+06 4.21923e+06 2.26843e+06 2.15648e+06 2.13451e+06 3.4438e+06 2.08113e+06 2.73003e+06 4.7523e+06
threshold=11315.887500000003 9170.8975000000009 12610.421250000001 15.500000000000002 22.500000000000004 15.500000000000002 6.5000000000000009 15.500000000000002 1.0000000180025095e-35 16.500000000000004 8709.9500000000025 4.5000000000000009 7.5000000000000009 1.5000000000000002 3.5000000000000004 1.5000000000000002 1.0000000180025095e-35 9.5000000000000018 1.5000000000000002 11.500000000000002 1.0000000180025095e-35 4.5000000000000009 1.0000000180025095e-35 3.5000000000000004 4.5000000000000009 1.0000000180025095e-35 15.500000000000002 18.500000000000004 1.0000000180025095e-35 17.500000000000004
decision_type=2 2 2 2 2 2 2 2 2 2 2 2 2 2 2 2 2 2 2 2 2 2 2 2 2 2 2 2 2 2
left_child=1 5 15 10 17 18 27 11 -9 -10 -3 13 -13 16 -6 -2 -4 -5 24 -20 -17 22 23 -12 -1 -22 -27 28 29 -7
right_child=2 3 7 4 14 6 -8 8 9 -11 21 12 -14 -15 -16 20 -18 -19 19 -21 25 -23 -24 -25 -26 26 -28 -29 -30 -31
leaf_value=3.7794015738238458 6.3969230029412678 2.9702117200661533 17.258638448131329 -2.0272649411444505 5.8313116520993855 2.0752204115961641 -4.0783042387193404 7.4481929396531159 -0.092101898302837298 -10.25991777962652 4.9494102926034955 7.7905639832318521 4.3843208648553658 0.62881988408774436 -2.3315924874373848 7.1686777705731606 4.5757653644451732 -6.8278336140675613 -1.3643166214373992 3.9042360108126619 3.1057409697457365 0.47969533230007838 -2.6391660754073163 -2.7008896401699851 -3.2224139579811566 1.0230916720603742 -4.473609017051241 -1.3619388591194479 -2.548240357481697 -13.498127704934229
leaf_weight=115 280 1107 49 3684 340 71 5638 340 490 116 337 1738 6620 816 147 161 208 294 7320 272 1007 6642 1565 136 2513 2742 318 4004 890 158
leaf_count=115 280 1107 49 3684 340 71 5638 340 490 116 337 1738 6620 816 147 161 208 294 7320 272 1007 6642 1565 136 2513 2742 318 4004 890 158
internal_value=0.00294896 -1.51788 3.60278 -0.294094 -1.75497 -2.34918 -3.03875 4.44944 1.37115 -2.03842 0.372381 4.75822 5.09263 2.15335 3.36735 1.65383 6.9939 -2.38206 -1.62311 -1.17556 1.33972 0.0410682 -1.38845 2.74975 -2.91602 1.10897 0.451866 -1.89469 -3.80098 -8.66971
internal_weight=50118 35233 14885 14252 4465 20981 10761 10377 946 606 9787 9431 8358 1073 487 4508 257 3978 10220 7592 4228 8680 2038 473 2628 4067 3060 5123 1119 229
internal_count=50118 35233 14885 14252 4465 20981 10761 10377 946 606 9787 9431 8358 1073 487 4508 257 3978 10220 7592 4228 8680 2038 473 2628 4067 3060 5123 1119 229
is_linear=0
shrinkage=0.05


Tree=74
num_leaves=31
num_cat=0
split_feature=8 8 8 6 6 8 8 6 1 6 4 1 6 4 7 6 8 1 4 7 7 4 1 1 4 6 1 7 4 6
split_gain=1.49644e+08 2.52616e+07 2.10111e+07 9.87503e+06 8.25194e+06 7.35494e+06 6.19533e+06 5.95256e+06 5.50812e+06 5.57574e+06 4.68025e+06 4.54408e+06 5.84502e+06 4.68355e+06 4.50152e+06 4.38891e+06 4.10792e+06 4.1054e+06 4.75563e+06 4.10405e+06 3.73248e+06 3.64911e+06 4.35377e+06 3.53869e+06 3.52184e+06 3.40748e+06 3.14489e+06 3.13744e+06 3.13247e+06 2.87286e+06
threshold=10564.233750000001 12851.877500000001 8037.0175000000008 11110.028750000001 14055.557500000001 9308.6537500000031 14929.610000000002 9051.183750000002 3.5000000000000004 12860.691250000002 7.5000000000000009 3.5000000000000004 10566.627500000002 21.500000000000004 10728.437500000002 8412.5175000000036 6818.9700000000012 6.5000000000000009 1.0000000180025095e-35 10382.155000000002 13218.593750000002 6.5000000000000009 6.5000000000000009 1.5000000000000002 5.5000000000000009 7333.8237500000005 1.5000000000000002 14929.817500000003 6.5000000000000009 14151.468750000002
decision_type=2 2 2 2 2 2 2 2 2 2 2 2 2 2 2 2 2 2 2 2 2 2 2 2 2 2 2 2 2 2
left_child=2 4 15 5 10 7 8 21 27 -10 17 13 -13 23 26 16 -1 18 -2 -9 -8 22 -4 -12 -20 -18 -7 -3 -11 -29
right_child=1 6 3 -5 -6 14 20 19 9 28 11 12 -14 -15 -16 -17 25 -19 24 -21 -22 -23 -24 -25 -26 -27 -28 29 -30 -31
leaf_value=-5.9743197818390605 8.7886775962202073 3.7377009238095291 -1.5510093765476167 -7.9076768171224758 -9.2531044717396007 -2.4089123610008336 12.331878840304041 -2.8848890386048232 11.120860385417449 12.824923514318272 -1.0360584008376408 4.9243790069913915 0.65382921540134387 14.107590124947684 -2.1642162647599861 -8.0021580550501561 -1.5449762954642332 5.8265605845423032 -0.22280998009523217 -7.5320000975276544 6.5538288127798712 -1.7909017623346415 2.625023875912639 -9.8356812019159303 4.8510719074496329 -4.0447488753911198 0.99300691450381773 8.2702216148376468 4.5265754633987667 -3.2731630957248257
leaf_weight=1775 231 3616 1330 551 170 766 308 2879 487 122 263 987 4257 35 1868 691 1998 1136 1263 569 3020 7616 1176 202 469 4291 6006 66 1676 294
leaf_count=1775 231 3616 1330 551 170 766 308 2879 487 122 263 987 4257 35 1868 691 1998 1136 1263 569 3020 7616 1176 202 469 4291 6006 66 1676 294
internal_value=0.00280151 3.55902 -2.09622 -1.29554 1.6585 -1.1315 5.34538 -1.85753 4.4188 6.37507 1.86827 1.02336 1.45761 -3.53105 0.00879823 -4.17782 -3.85011 3.4343 2.04989 -3.65177 7.08858 -1.24633 0.408693 -4.85869 1.15112 -3.25058 0.608206 3.29453 5.08964 -1.15688
internal_weight=50118 18602 31516 22761 9013 22210 9589 13570 6261 2285 8843 5744 5244 500 8640 8755 8064 3099 1963 3448 3328 10122 2506 465 1732 6289 6772 3976 1798 360
internal_count=50118 18602 31516 22761 9013 22210 9589 13570 6261 2285 8843 5744 5244 500 8640 8755 8064 3099 1963 3448 3328 10122 2506 465 1732 6289 6772 3976 1798 360
is_linear=0
shrinkage=0.05


Tree=75
num_leaves=31
num_cat=0
split_feature=8 8 8 6 8 6 6 6 4 6 8 8 6 6 6 6 4 1 6 4 8 6 8 1 4 4 4 1 1 6
split_gain=1.33969e+08 2.42808e+07 1.37707e+07 8.59059e+06 7.77802e+06 6.40785e+06 6.11556e+06 4.53477e+06 4.48936e+06 6.51934e+06 5.20533e+06 4.48401e+06 5.24591e+06 3.78078e+06 3.71016e+06 3.62461e+06 3.54536e+06 6.04148e+06 4.27875e+06 4.07129e+06 3.25481e+06 3.20535e+06 3.11665e+06 3.02441e+06 2.95375e+06 3.92152e+06 4.36101e+06 3.24458e+06 4.81098e+06 3.29981e+06
threshold=11313.686250000002 8362.7987500000017 13458.635000000002 12548.750000000002 9703.4625000000033 9659.246250000002 14055.557500000001 8347.2850000000017 15.500000000000002 13235.073750000001 14734.978750000002 7160.8112500000016 8363.4050000000007 7333.8237500000005 15095.071250000003 9961.751250000003 6.5000000000000009 5.5000000000000009 10599.892500000002 1.0000000180025095e-35 8925.5675000000028 14566.588750000001 10535.487500000001 1.5000000000000002 7.5000000000000009 4.5000000000000009 1.5000000000000002 3.5000000000000004 1.5000000000000002 11956.520000000002
decision_type=2 2 2 2 2 2 2 2 2 2 2 2 2 2 2 2 2 2 2 2 2 2 2 2 2 2 2 2 2 2
left_child=1 11 6 4 5 7 15 -3 9 -4 14 13 -13 -1 -11 -2 17 19 23 -6 -9 -12 -20 -18 25 26 -17 28 -26 -29
right_child=2 3 8 -5 16 -7 -8 20 -10 10 21 12 -14 -15 -16 24 18 -19 22 -21 -22 -23 -24 -25 27 -27 -28 29 -30 -31
leaf_value=-4.377517305864008 10.388012224875842 1.2793687218519296 12.859211421238511 -9.9502234211921703 4.9202872542903746 -4.1991518474662737 -5.25446961920058 -2.4269434169495336 1.9835275497021421 4.5550773286430344 11.925282068346462 -2.3334113692670053 -5.2234111678018644 -9.1532983806956718 -2.1425718072566902 6.3468688767238213 -9.1112026297251401 5.205188179803991 -4.8587928556111102 -1.1104765934663332 -0.58246158636486234 6.4347709534563524 -0.75625304143610617 1.0199220369444237 0.79714848451118925 5.7825180305454262 0.20756670783975606 3.8833909060061353 -8.5142238527536396 0.73151083625983315
leaf_weight=2469 149 1870 317 250 358 1778 252 4340 840 3014 292 7375 1995 498 222 406 75 957 617 1282 5328 2965 1854 4141 717 1295 1006 1759 172 1573
leaf_count=2469 149 1870 317 250 358 1778 252 4340 840 3014 292 7375 1995 498 222 406 75 957 617 1282 5328 2965 1854 4141 717 1295 1006 1759 172 1573
internal_value=-0.0117742 -1.69762 3.94843 -0.732522 -0.630556 -1.40507 2.39956 -0.974508 5.43231 5.85771 5.51588 -3.48513 -2.94873 -5.17911 4.0956 2.6721 0.48033 2.04821 -0.12858 0.205995 -1.41046 6.92701 -1.78064 0.839696 2.50616 3.79535 1.97283 1.67938 -1.00438 2.39542
internal_weight=50166 35187 14979 22850 22600 13316 7329 11538 7650 6810 6493 12337 9370 2967 3236 7077 9284 2597 6687 1640 9668 3257 2471 4216 6928 2707 1412 4221 889 3332
internal_count=50166 35187 14979 22850 22600 13316 7329 11538 7650 6810 6493 12337 9370 2967 3236 7077 9284 2597 6687 1640 9668 3257 2471 4216 6928 2707 1412 4221 889 3332
is_linear=0
shrinkage=0.05


Tree=76
num_leaves=31
num_cat=0
split_feature=8 8 8 8 8 7 7 4 4 0 7 0 1 1 1 4 7 7 4 4 7 1 4 4 4 4 7 1 7 8
split_gain=1.21618e+08 2.63575e+07 8.64692e+06 5.86552e+06 5.83698e+06 5.40113e+06 5.02112e+06 3.98332e+06 7.3663e+06 3.92466e+06 3.5698e+06 3.40928e+06 3.40239e+06 5.74347e+06 3.59754e+06 3.39033e+06 2.93493e+06 2.88512e+06 3.10785e+06 7.13324e+06 3.95424e+06 2.88121e+06 2.71707e+06 5.10777e+06 3.98288e+06 4.28337e+06 3.03622e+06 2.75804e+06 2.59223e+06 2.23441e+06
threshold=11827.643750000001 8778.3912500000024 14563.515000000001 9907.6850000000031 7209.5750000000007 10511.770000000002 8785.5825000000023 7.5000000000000009 5.5000000000000009 21.180625000000003 7485.2225000000008 25.200625000000006 3.5000000000000004 2.5000000000000004 11.500000000000002 1.0000000180025095e-35 14105.987500000001 12745.692500000001 16.500000000000004 18.500000000000004 9320.4587500000034 2.5000000000000004 20.500000000000004 14.500000000000002 17.500000000000004 16.500000000000004 8767.4512500000019 3.5000000000000004 12480.052500000002 16180.853750000002
decision_type=2 2 2 2 2 2 2 2 2 2 2 2 2 2 2 2 2 2 2 2 2 2 2 2 2 2 2 2 2 2
left_child=1 4 7 5 10 22 9 8 21 -6 -1 -4 13 -9 -14 -5 -10 18 20 -20 -17 -2 23 26 25 -25 -3 -26 -23 -13
right_child=2 3 11 15 6 -7 -8 12 16 -11 -12 29 14 -15 -16 17 -18 -19 19 -21 -22 28 -24 24 27 -27 -28 -29 -30 -31
leaf_value=-3.4891353714637434 0.38296532295157343 2.0704618897038403 9.8174996962672783 5.435360160182146 3.0481949037728238 -3.8634834195255467 -4.0277788922035862 2.0355457496075764 9.3739296469285538 -2.081657475318424 -6.9197544740735069 5.2451120866029219 4.2923913636742874 -5.191025836929259 -0.029010240208000356 3.9337094975640237 3.3058420507143822 -1.379297103292658 -3.8688969603542898 4.4062845555424373 0.71976563597027798 8.8411891140043739 1.1046671883305326 -1.9434945773326242 -3.7844323869636085 -8.3972600145525202 -0.85613952020290096 -0.055539116064588036 3.1773178969418518 11.054119427998861
leaf_weight=1909 722 1360 532 352 388 1491 3754 1991 864 9548 1258 3404 2747 319 584 1159 259 1779 885 369 5492 256 1831 527 752 502 2544 1456 958 174
leaf_count=1909 722 1360 532 352 388 1491 3754 1991 864 9548 1258 3404 2747 319 584 1159 259 1779 885 369 5492 256 1831 527 752 502 2544 1456 958 174
internal_value=-0.0111855 -1.45283 4.19288 -0.248444 -2.91743 -1.07679 -2.46992 3.30001 4.75286 -1.88134 -4.85185 6.08289 2.51216 1.03759 3.53475 0.61514 7.97443 0.439932 0.849344 -1.43386 1.27983 2.88415 -0.613681 -1.05428 -2.52283 -5.09198 0.163373 -1.32552 4.37168 5.52761
internal_weight=50166 37356 12810 20499 16857 10463 13690 8700 3059 9936 3167 4110 5641 2310 3331 10036 1123 9684 7905 1254 6651 1936 8972 7141 3237 1029 3904 2208 1214 3578
internal_count=50166 37356 12810 20499 16857 10463 13690 8700 3059 9936 3167 4110 5641 2310 3331 10036 1123 9684 7905 1254 6651 1936 8972 7141 3237 1029 3904 2208 1214 3578
is_linear=0
shrinkage=0.05


Tree=77
num_leaves=31
num_cat=0
split_feature=8 8 8 6 6 4 4 8 6 8 7 6 8 4 4 6 4 7 4 4 4 5 4 4 8 6 7 4 5 6
split_gain=1.10058e+08 1.93673e+07 1.54249e+07 8.56302e+06 6.1074e+06 6.10476e+06 5.50023e+06 4.66752e+06 4.64924e+06 4.00404e+06 6.39147e+06 3.65924e+06 3.2855e+06 3.5725e+06 3.22288e+06 6.02316e+06 3.20623e+06 3.14613e+06 2.9235e+06 2.87172e+06 5.79248e+06 3.46766e+06 1.1317e+07 2.81345e+06 2.67124e+06 2.66249e+06 2.62224e+06 2.72161e+06 5.82176e+06 3.08282e+06
threshold=10564.233750000001 12676.840000000002 8075.4175000000005 11110.028750000001 13235.073750000001 7.5000000000000009 20.500000000000004 14655.326250000002 14566.588750000001 9808.4637500000008 10511.770000000002 8412.5175000000036 6818.9700000000012 8.5000000000000018 16.500000000000004 10507.207500000002 1.0000000180025095e-35 12909.780000000001 21.500000000000004 15.500000000000002 17.500000000000004 1.0000000180025095e-35 18.500000000000004 16.500000000000004 8907.4562500000011 9961.751250000003 11164.640000000001 16.500000000000004 1.0000000180025095e-35 12273.535000000002
decision_type=2 2 2 2 2 2 2 2 2 2 2 2 2 2 2 2 2 2 2 2 2 2 2 2 2 2 2 2 2 2
left_child=2 4 11 5 14 -4 9 8 26 10 19 12 -1 -14 15 -2 -17 -9 -16 -7 23 22 -22 -21 -8 -11 -3 29 -29 -28
right_child=1 7 3 -5 -6 6 24 17 -10 25 -12 -13 13 -15 18 16 -18 -19 -20 20 21 -23 -24 -25 -26 -27 27 28 -30 -31
leaf_value=-5.1514283680412474 5.3575947194289997 6.6762838226789727 0.34335411804937011 -7.3106312981407076 -5.6275384512832094 -0.79002126017184082 -1.034171263037363 9.8293199032003233 -0.48948345454151437 1.3586676766285553 -6.742610242874334 -6.8688219579662153 -1.4432532428220561 -3.7794475662489377 -2.6238468670381336 7.170018405504357 1.0430044987921787 5.3415117961934584 12.875968623161317 -2.5096526649568545 -12.949086118055968 -1.1867030338040971 -1.2654990995637374 -8.0453476639689772 1.6573938765491345 -1.7620809365658496 9.9432610777211323 11.012453814940667 -6.319541895457677 3.6414337753515333
leaf_weight=1782 1034 838 6399 543 310 2692 2050 440 613 1232 825 760 2965 3652 617 221 6308 3473 32 347 287 3256 746 678 1675 1535 203 67 175 4411
leaf_count=1782 1034 838 6399 543 310 2692 2050 440 613 1232 825 760 2965 3652 617 221 6308 3473 32 347 287 3256 746 678 1675 1535 203 67 175 4411
internal_value=-0.0106263 3.02185 -1.81927 -1.10877 1.2617 -0.953736 -1.49541 4.48957 3.64792 -2.03227 -2.5523 -3.54645 -3.24582 -2.73263 1.52176 1.81193 1.2504 5.84615 -1.8596 -2.1205 -2.7945 -1.98749 -4.51157 -6.17131 0.17613 -0.372575 4.09334 3.6476 -1.52101 3.91869
internal_weight=50166 18742 31424 22265 8522 21722 15323 10220 6307 11598 8831 9159 8399 6617 8212 7563 6529 3913 649 8006 5314 4289 1033 1025 3725 2767 5694 4856 242 4614
internal_count=50166 18742 31424 22265 8522 21722 15323 10220 6307 11598 8831 9159 8399 6617 8212 7563 6529 3913 649 8006 5314 4289 1033 1025 3725 2767 5694 4856 242 4614
is_linear=0
shrinkage=0.05


Tree=78
num_leaves=31
num_cat=0
split_feature=8 8 6 8 8 6 6 8 7 6 6 7 6 0 0 6 7 8 6 8 6 8 8 1 0 8 6 6 6 8
split_gain=9.98444e+07 2.09211e+07 8.31544e+06 7.84423e+06 6.17909e+06 5.53728e+06 3.69097e+06 4.2244e+06 3.68658e+06 3.60537e+06 3.60369e+06 3.52379e+06 3.2314e+06 3.07768e+06 2.88387e+06 2.81949e+06 2.77013e+06 3.11091e+06 2.7683e+06 2.65432e+06 2.59675e+06 2.46046e+06 2.38939e+06 2.8828e+06 3.15328e+06 2.25937e+06 2.92986e+06 2.2248e+06 2.18509e+06 2.11705e+06
threshold=11680.070000000002 9049.9500000000025 12135.128750000002 14360.871250000002 7792.3137500000003 8831.6862500000007 8446.6500000000015 9932.7700000000023 7485.2225000000008 14566.588750000001 9730.2900000000027 9918.4200000000019 12860.691250000002 25.393125000000008 21.711250000000003 11270.075000000003 10235.820000000002 12534.63125 14498.323750000001 5948.7587500000009 7450.6750000000002 8498.9237500000017 10875.905000000002 3.5000000000000004 28.538125000000004 6754.0037500000008 7007.6750000000002 10374.735000000002 8944.215000000002 16180.853750000002
decision_type=2 2 2 2 2 2 2 2 2 2 2 2 2 2 2 2 2 2 2 2 2 2 2 2 2 2 2 2 2 2
left_child=1 4 6 9 8 20 -3 10 19 16 -8 14 -5 -14 -7 22 -2 -18 -4 -1 -6 -22 27 24 -24 -10 -27 -9 -28 -15
right_child=3 2 18 12 5 11 7 15 25 -11 -12 -13 13 29 -16 -17 17 -19 -20 -21 21 -23 23 -25 -26 26 28 -29 -30 -31
leaf_value=-8.2130069069078271 5.8834933230710007 4.8649400589853604 -4.74953228005581 14.991662436092604 2.4371487907223082 4.6717286132630846 -0.15977815273805995 1.5203197253817926 -7.9612366281096474 -2.3138321130390627 -2.6210194842374821 -6.5790980700081878 8.1469659781258414 4.3516262104293721 -3.0732141692275641 -1.1111506070007533 1.2113947041310764 3.3939162811179715 -15.5763487801623 -2.0098048248995144 -1.990072428673981 -0.27322243587671408 0.50952032116280566 3.265418599233155 -13.166856504369665 -0.20903123580403143 -4.6270636008769221 -0.59872620349949368 -13.170784422639128 10.139186039043196
leaf_weight=184 757 403 497 85 460 126 5091 2828 485 332 2101 753 724 3729 2608 1645 2375 5224 67 2747 6187 3149 192 1868 54 385 2664 2204 77 165
leaf_count=184 757 403 497 85 460 126 5091 2828 485 332 2101 753 724 3729 2608 1645 2375 5224 67 2747 6187 3149 192 1868 54 385 2664 2204 77 165
internal_value=-0.0100949 -1.35613 -0.0663779 3.68646 -2.45885 -1.83936 0.139084 0.0199247 -3.71667 2.7961 -0.878781 -3.55043 5.33125 5.15344 -2.71628 0.755164 2.99912 2.71179 -6.0357 -2.39922 -1.23028 -1.41098 1.18479 2.59537 -2.49261 -4.78602 -4.29339 0.592184 -4.86707 4.59686
internal_weight=50166 36775 16950 13391 19825 13283 16386 15983 6542 8688 7192 3487 4703 4618 2734 8791 8356 7599 564 2931 9796 9336 7146 2114 246 3611 3126 5032 2741 3894
internal_count=50166 36775 16950 13391 19825 13283 16386 15983 6542 8688 7192 3487 4703 4618 2734 8791 8356 7599 564 2931 9796 9336 7146 2114 246 3611 3126 5032 2741 3894
is_linear=0
shrinkage=0.05


Tree=79
num_leaves=31
num_cat=0
split_feature=6 4 6 4 5 4 5 0 4 4 5 4 5 4 0 0 6 0 4 4 4 4 5 4 5 4 6 4 5 4
split_gain=5.7309e+07 9.0869e+06 8.41951e+06 7.13144e+06 6.49168e+06 1.91113e+07 4.50544e+06 3.98753e+06 3.89564e+06 3.82906e+06 3.5384e+06 3.34603e+06 7.75618e+06 3.61872e+06 2.85558e+06 2.54537e+06 2.35461e+06 2.2979e+06 3.5342e+06 2.24451e+06 6.12464e+06 2.90797e+06 3.11149e+06 2.11619e+06 1.84375e+06 2.6808e+06 1.78915e+06 1.78904e+06 2.34174e+06 4.2812e+06
threshold=10840.178750000001 16.500000000000004 12481.327500000001 17.500000000000004 1.0000000180025095e-35 18.500000000000004 1.0000000180025095e-35 25.200625000000006 4.5000000000000009 6.5000000000000009 1.0000000180025095e-35 15.500000000000002 1.0000000180025095e-35 16.500000000000004 25.239375000000006 30.990000000000006 9110.1000000000004 25.698125000000008 5.5000000000000009 4.5000000000000009 7.5000000000000009 1.5000000000000002 1.0000000180025095e-35 22.500000000000004 1.0000000180025095e-35 8.5000000000000018 8741.385000000002 1.0000000180025095e-35 1.0000000180025095e-35 15.500000000000002
decision_type=2 2 2 2 2 2 2 2 2 2 2 2 2 2 2 2 2 2 2 2 2 2 2 2 2 2 2 2 2 2
left_child=1 8 27 6 5 26 -3 16 14 10 -10 19 -13 -14 -1 24 -6 18 -12 21 -21 22 -4 -18 25 -11 -5 -2 -29 -30
right_child=2 3 11 4 7 -7 -8 -9 9 15 17 12 13 -15 -16 -17 23 -19 -20 20 -22 -23 -24 -25 -26 -27 -28 28 29 -31
leaf_value=-0.81286550554423076 5.16301868578135 -0.0069480552392847394 15.991091026694088 -9.6734900781724349 -2.7339297934947338 -2.0472227740333806 -7.0066172428429132 -0.24196803233035233 -1.1686834487909474 4.4470172739646463 2.0402574264575049 6.3263345860986302 -0.85421852613682447 -10.004432512397198 -2.9833959434502346 0.80491519591676208 -1.4036372211265875 -0.23006608561027886 7.2703108596134287 6.3033344078699098 3.0438842455893744 -0.015479819026797709 3.1425330688619719 5.6700420746892135 -1.5735798666070704 -0.71738372530380734 -15.529518301907709 2.4345565185519056 0.75344435345059924 -3.7636264655236995
leaf_weight=6065 236 289 59 267 3736 2590 1124 5177 723 333 884 372 558 134 2020 2788 308 430 509 1830 6784 887 234 161 4143 1024 255 1521 4124 601
leaf_count=6065 236 289 59 267 3736 2590 1124 5177 723 333 884 372 558 134 2020 2788 308 430 509 1830 6784 887 234 161 4143 1024 255 1521 4124 601
internal_value=-0.00959019 -1.23786 2.31561 -2.20815 -1.82738 -3.80628 -5.57498 -1.17097 -0.524615 0.0951917 1.79116 3.16689 0.503899 -2.62608 -1.35516 -0.425794 -2.31472 2.96503 3.95131 3.45619 3.73634 1.4111 5.72979 1.02464 -1.04965 0.549931 -12.5342 0.889648 0.728182 0.178892
internal_weight=50166 32826 17340 13907 12494 3112 1413 9382 18919 10834 2546 10858 1064 692 8085 8288 4205 1823 1393 9794 8614 1180 293 469 5500 1357 522 6482 6246 4725
internal_count=50166 32826 17340 13907 12494 3112 1413 9382 18919 10834 2546 10858 1064 692 8085 8288 4205 1823 1393 9794 8614 1180 293 469 5500 1357 522 6482 6246 4725
is_linear=0
shrinkage=0.05


Tree=80
num_leaves=31
num_cat=0
split_feature=6 4 6 4 4 5 4 6 5 4 4 4 4 5 4 4 0 4 4 4 5 0 0 4 6 4 5 4 4 4
split_gain=5.16843e+07 8.85881e+06 6.92682e+06 3.90852e+06 3.52539e+06 3.25472e+06 3.22672e+06 3.53501e+06 2.97021e+06 1.93315e+07 1.10151e+07 3.03781e+06 2.78813e+06 6.68514e+06 2.86571e+06 2.65694e+06 2.43325e+06 2.29744e+06 5.80172e+06 2.33302e+06 2.64986e+06 2.2379e+06 2.22941e+06 3.03189e+06 1.92528e+06 1.89703e+06 2.11453e+06 3.81282e+06 2.6309e+06 1.92278e+06
threshold=10877.106250000003 15.500000000000002 12481.327500000001 4.5000000000000009 6.5000000000000009 1.0000000180025095e-35 18.500000000000004 8189.4787500000011 1.0000000180025095e-35 17.500000000000004 17.500000000000004 16.500000000000004 15.500000000000002 1.0000000180025095e-35 16.500000000000004 22.500000000000004 25.618125000000003 4.5000000000000009 7.5000000000000009 1.5000000000000002 1.0000000180025095e-35 30.310000000000006 25.698125000000008 5.5000000000000009 8227.1062500000025 1.0000000180025095e-35 1.0000000180025095e-35 15.500000000000002 22.500000000000004 4.5000000000000009
decision_type=2 2 2 2 2 2 2 2 2 2 2 2 2 2 2 2 2 2 2 2 2 2 2 2 2 2 2 2 2 2
left_child=1 3 25 16 5 -5 8 -8 9 -3 11 21 17 -14 -15 -9 -1 19 -19 20 -4 -10 23 -7 -11 -2 -27 29 -29 -28
right_child=2 6 12 4 -6 22 7 15 10 24 -12 -13 13 14 -16 -17 -18 18 -20 -21 -22 -23 -24 -25 -26 26 27 28 -30 -31
leaf_value=-0.78286482169040683 5.4401550007296038 1.6185873224260381 15.10520536104838 -1.0461604252242906 -0.30204524486961021 2.1275075197623172 -2.72853311222921 -1.3095905818869957 -4.4790266911431766 -7.0418905621987804 0.60499822644792733 -6.6680403119246536 5.9312138970269537 -0.87848932916406841 -9.2098912235349424 1.4062686995000524 -2.8916836315775094 6.042634694607691 2.8615971231279893 -0.063065241162561708 2.7923122906268425 1.3174756686516138 -0.16469792059687682 6.950523247241974 -13.962921780666324 2.3702234433245857 -1.646833271367087 -4.4942344175469611 10.054780614737309 1.2465740573685815
leaf_weight=6437 222 487 54 694 7432 859 4090 5227 511 135 1573 1149 366 533 128 1088 1737 1816 6803 900 229 247 430 525 393 1489 695 532 33 3303
leaf_count=6437 222 487 54 694 7432 859 4090 5227 511 135 1573 1149 366 533 128 1088 1737 1816 6803 900 229 247 430 525 393 1489 695 532 33 3303
internal_value=-0.00821256 -1.16391 2.22263 -0.42107 0.24496 1.86591 -2.06698 -1.58336 -3.18645 -5.56634 -2.49232 -5.04717 2.98855 0.509955 -2.49183 -0.84168 -1.231 3.24824 3.53183 1.18205 5.14177 -2.59019 2.98001 3.95705 -12.1933 0.900659 0.734141 0.200254 -3.64447 0.743593
internal_weight=50117 33014 17103 18114 9940 2508 14900 10405 4495 1015 3480 1907 10829 1027 661 6315 8174 9802 8619 1183 283 758 1814 1384 528 6274 6052 4563 565 3998
internal_count=50117 33014 17103 18114 9940 2508 14900 10405 4495 1015 3480 1907 10829 1027 661 6315 8174 9802 8619 1183 283 758 1814 1384 528 6274 6052 4563 565 3998
is_linear=0
shrinkage=0.05


Tree=81
num_leaves=31
num_cat=0
split_feature=8 8 8 6 4 1 1 6 6 8 1 6 4 4 4 0 4 8 6 4 4 8 6 4 4 1 6 4 6 0
split_gain=7.83452e+07 1.3883e+07 1.14081e+07 8.01561e+06 5.98804e+06 7.93624e+06 5.85497e+06 4.92903e+06 4.08867e+06 3.84599e+06 4.0536e+06 3.78039e+06 3.47577e+06 4.19312e+06 3.80976e+06 3.52278e+06 3.46183e+06 3.01148e+06 4.29231e+06 2.98603e+06 4.82332e+06 2.96666e+06 3.48588e+06 3.57018e+06 2.77661e+06 2.65416e+06 2.55284e+06 2.45674e+06 2.71866e+06 2.45029e+06
threshold=10912.768750000001 8205.5612500000007 13796.932500000001 11540.450000000003 7.5000000000000009 5.5000000000000009 6.5000000000000009 14566.588750000001 9908.9537500000024 9386.0550000000021 1.5000000000000002 9017.4675000000007 7.5000000000000009 5.5000000000000009 6.5000000000000009 22.340625000000006 1.0000000180025095e-35 7007.6750000000002 7413.2812500000009 17.500000000000004 16.500000000000004 15796.430000000002 13347.875000000002 16.500000000000004 7.5000000000000009 7.5000000000000009 7113.4250000000002 20.500000000000004 8500.220000000003 22.426250000000007
decision_type=2 2 2 2 2 2 2 2 2 2 2 2 2 2 2 2 2 2 2 2 2 2 2 2 2 2 2 2 2 2
left_child=1 11 7 4 5 16 9 8 -2 27 -11 17 13 15 -15 -10 -3 26 -19 20 -8 22 23 -4 25 -24 -1 28 -6 -20
right_child=2 3 21 -5 6 -7 19 -9 12 10 -12 -13 -14 14 -16 -17 -18 18 29 -21 -22 -23 24 -25 -26 -27 -28 -29 -30 -31
leaf_value=-3.5044112359456321 8.6247119852790117 1.8391716881557649 11.086745441251702 -7.4926386942327161 0.21469784927746605 2.2038220969362339 -2.3995918973914714 -9.0698395565577918 -0.89054144178856331 -10.853779825022523 1.2159153312613578 -9.2187701650955134 0.94814195383113753 8.2351260540269013 2.7228185068536011 3.0877641627053993 -2.2088997683503813 -0.23922669021334469 0.20643550865688978 -1.0259582856054577 -7.1897120593560153 6.8804036592448785 5.0451067563981695 -2.6170683105786643 3.0673094684484075 13.029273012962381 -7.5545066274260693 0.34677934968253327 -2.6941591558781823 -3.2869483122491125
leaf_weight=1904 216 688 286 429 1134 3705 3003 105 865 71 3441 233 6204 573 692 1560 2273 1904 553 2627 637 995 883 57 4377 118 489 1903 2754 5438
leaf_count=1904 216 688 286 429 1134 3705 3003 105 865 71 3441 233 6204 573 692 1560 2273 1904 553 2627 637 995 883 57 4377 118 489 1903 2754 5438
internal_value=-0.00780193 -1.41984 2.7599 -0.723082 -0.592477 0.661518 -1.12935 1.70753 1.81946 -0.333546 0.97191 -2.92085 1.67089 2.88605 5.2197 1.6687 -1.26831 -2.77822 -2.30725 -2.31068 -3.23786 4.36056 3.92231 8.80944 3.61062 5.9863 -4.33203 -1.12525 -1.84574 -2.96449
internal_weight=50117 33186 16931 22665 22236 6666 15570 10215 10110 9303 3512 10521 9894 3690 1265 2425 2961 10288 7895 6267 3640 6716 5721 343 5378 1001 2393 5791 3888 5991
internal_count=50117 33186 16931 22665 22236 6666 15570 10215 10110 9303 3512 10521 9894 3690 1265 2425 2961 10288 7895 6267 3640 6716 5721 343 5378 1001 2393 5791 3888 5991
is_linear=0
shrinkage=0.05


Tree=82
num_leaves=31
num_cat=0
split_feature=6 4 6 1 4 1 1 4 1 4 5 1 4 5 4 5 4 1 4 4 7 4 7 4 5 5 4 4 4 4
split_gain=4.17205e+07 7.73357e+06 5.58273e+06 4.68657e+06 3.98723e+06 4.9286e+06 3.60477e+06 3.43255e+06 3.25522e+06 3.04288e+06 2.92787e+06 3.20178e+06 2.65853e+06 2.67774e+06 2.44845e+06 6.02627e+06 2.50988e+06 2.31268e+06 3.16673e+06 2.29133e+06 2.35091e+06 2.17005e+06 2.00866e+06 2.00443e+06 2.78032e+06 1.99857e+06 2.17489e+06 1.97552e+06 4.94786e+06 2.10079e+06
threshold=10877.106250000003 15.500000000000002 12481.327500000001 6.5000000000000009 20.500000000000004 3.5000000000000004 2.5000000000000004 4.5000000000000009 6.5000000000000009 6.5000000000000009 1.0000000180025095e-35 5.5000000000000009 22.500000000000004 1.0000000180025095e-35 15.500000000000002 1.0000000180025095e-35 16.500000000000004 4.5000000000000009 1.0000000180025095e-35 1.5000000000000002 7797.0250000000005 5.5000000000000009 12130.758750000003 17.500000000000004 22.500000000000004 1.0000000180025095e-35 18.500000000000004 4.5000000000000009 7.5000000000000009 1.5000000000000002
decision_type=2 2 2 2 2 2 2 2 2 2 2 2 2 2 2 2 2 2 2 2 2 2 2 2 2 2 2 2 2 2
left_child=1 7 -2 4 6 12 25 8 17 10 -9 -12 -6 -14 27 -16 -17 18 -1 -10 -21 -13 -8 24 -5 26 -3 29 -29 -4
right_child=2 3 14 23 5 -7 22 9 19 -11 11 21 13 -15 15 16 -18 -19 -20 20 -22 -23 -24 -25 -26 -27 -28 28 -30 -31
leaf_value=2.4575598237503331 0.81009411669692821 -14.258803500125282 4.7693673201668814 -1.9814684933420648 0.86281260584053165 -1.6080903164475346 -1.2676839218381053 -0.98357186533070529 -1.5049009897449503 -0.23572610003253064 -0.26421668674411897 2.4218229862214327 -1.0123817351278523 7.31665542131927 5.5089742311037311 -0.97837072982126072 -8.7753836822696041 -3.3684214531434602 -2.2120147241886774 2.72540323101444 -0.4119960521586668 6.6347317383408111 14.625849791169168 -2.4173945954840796 -6.5811903138155152 -3.2745406281647966 -4.8427006186777461 5.5095238745495649 2.5718800128431969 -0.16963335657895853
leaf_weight=507 6274 95 283 584 1110 1713 3300 694 1890 7432 571 701 129 383 366 533 128 1978 1279 972 1548 542 20 5721 751 921 173 1816 6803 900
leaf_count=507 6274 95 283 584 1110 1713 3300 694 1890 7432 571 701 129 383 366 533 128 1978 1279 972 1548 542 20 5721 751 921 173 1816 6803 900
internal_value=-0.00741183 -1.04575 1.9969 -1.88952 -1.04849 0.262292 -2.01798 -0.351691 -1.1107 0.272469 1.77841 2.83509 2.23761 5.21813 2.6845 0.361795 -2.48823 -2.19073 -0.886441 -0.188875 0.798144 4.25883 -1.17194 -2.82448 -4.56903 -4.38034 -8.1805 2.92786 3.19083 1.01189
internal_weight=50117 33014 17103 14900 7844 3335 4509 18114 8174 9940 2508 1814 1622 512 10829 1027 661 3764 1786 4410 2520 1243 3320 7056 1335 1189 268 9802 8619 1183
internal_count=50117 33014 17103 14900 7844 3335 4509 18114 8174 9940 2508 1814 1622 512 10829 1027 661 3764 1786 4410 2520 1243 3320 7056 1335 1189 268 9802 8619 1183
is_linear=0
shrinkage=0.05


Tree=83
num_leaves=31
num_cat=0
split_feature=6 4 6 1 4 1 1 4 1 4 5 1 4 5 4 5 4 1 4 4 7 1 4 7 4 0 5 5 4 5
split_gain=3.76527e+07 6.97955e+06 5.03841e+06 4.22963e+06 3.59848e+06 4.44806e+06 3.2533e+06 3.09788e+06 2.93784e+06 2.7462e+06 2.6424e+06 2.88961e+06 2.39932e+06 2.41666e+06 2.20972e+06 5.43871e+06 2.26516e+06 2.08719e+06 2.85798e+06 2.06793e+06 2.1217e+06 1.96293e+06 1.95847e+06 1.81282e+06 1.809e+06 2.53475e+06 2.50924e+06 1.80371e+06 1.96284e+06 1.79698e+06
threshold=10877.106250000003 15.500000000000002 12481.327500000001 6.5000000000000009 20.500000000000004 3.5000000000000004 2.5000000000000004 4.5000000000000009 6.5000000000000009 6.5000000000000009 1.0000000180025095e-35 5.5000000000000009 22.500000000000004 1.0000000180025095e-35 15.500000000000002 1.0000000180025095e-35 16.500000000000004 4.5000000000000009 1.0000000180025095e-35 1.5000000000000002 7797.0250000000005 7.5000000000000009 5.5000000000000009 12130.758750000003 17.500000000000004 25.130625000000006 22.500000000000004 1.0000000180025095e-35 18.500000000000004 1.0000000180025095e-35
decision_type=2 2 2 2 2 2 2 2 2 2 2 2 2 2 2 2 2 2 2 2 2 2 2 2 2 2 2 2 2 2
left_child=1 7 -2 4 6 12 27 8 17 10 -9 -12 -6 -14 -4 -16 21 18 -1 -10 -21 -17 -13 -8 26 -26 -5 28 -3 -27
right_child=2 3 14 24 5 -7 23 9 19 -11 11 22 13 -15 15 16 -18 -19 -20 20 -22 -23 -24 -25 25 29 -28 -29 -30 -31
leaf_value=2.3346818455636384 0.76958940416214661 -13.54586326599121 2.7814643151673799 -1.8823950662169198 0.81967197531309854 -1.5276857995671171 -1.2042997128972504 -0.9343932587019993 -1.4296559436609426 -0.22393979285800911 -0.25100585063054975 2.3007318257095131 -0.96176265589026522 6.9508226390918315 5.2335255024211662 0.38297581812055714 -8.336614537332208 -3.2000003829371013 -2.1014139801263809 2.5891330683707365 -0.39139624760998776 -7.9446925509543647 6.3029951469855892 13.894557166099549 -3.058352627053849 -3.256130369696161 -6.2521308054668845 -3.1108136052441715 -4.6005655961606458 0.10370362314797005
leaf_weight=507 6274 95 9802 584 1110 1713 3300 694 1890 7432 571 701 129 383 366 449 128 1978 1279 972 1548 84 542 20 3754 554 751 921 173 1413
leaf_count=507 6274 95 9802 584 1110 1713 3300 694 1890 7432 571 701 129 383 366 449 128 1978 1279 972 1548 84 542 20 3754 554 751 921 173 1413
internal_value=-0.00704124 -0.993463 1.89705 -1.79505 -0.996061 0.249178 -1.91708 -0.334106 -1.05517 0.258845 1.68949 2.69334 2.12573 4.95722 2.55027 0.343706 -2.36382 -2.0812 -0.842119 -0.179432 0.758236 -0.929452 4.04589 -1.11334 -2.68326 -2.29652 -4.34058 -4.16132 -7.77147 -0.842584
internal_weight=50117 33014 17103 14900 7844 3335 4509 18114 8174 9940 2508 1814 1622 512 10829 1027 661 3764 1786 4410 2520 533 1243 3320 7056 5721 1335 1189 268 1967
internal_count=50117 33014 17103 14900 7844 3335 4509 18114 8174 9940 2508 1814 1622 512 10829 1027 661 3764 1786 4410 2520 533 1243 3320 7056 5721 1335 1189 268 1967
is_linear=0
shrinkage=0.05


Tree=84
num_leaves=31
num_cat=0
split_feature=8 8 8 6 6 8 6 6 8 6 6 6 8 6 6 1 8 0 8 6 8 1 6 6 8 6 8 6 8 6
split_gain=6.21063e+07 1.0917e+07 1.03536e+07 7.95403e+06 5.44251e+06 5.22726e+06 5.54237e+06 3.44294e+06 3.8982e+06 3.2676e+06 3.14397e+06 2.96404e+06 2.91932e+06 4.87238e+06 3.28627e+06 3.57561e+06 2.81622e+06 3.18649e+06 2.79838e+06 2.74246e+06 3.18368e+06 2.5444e+06 2.46843e+06 2.2411e+06 2.17426e+06 2.10158e+06 3.73267e+06 2.55522e+06 2.08605e+06 1.79813e+06
threshold=10564.233750000001 13866.538750000002 8150.42875 10599.892500000002 14566.588750000001 9629.0500000000011 8151.7750000000005 9476.8200000000015 8740.0525000000016 8944.215000000002 9523.157500000003 9985.8487500000028 12261.76 11492.810000000003 11956.520000000002 3.5000000000000004 6464.4537500000015 22.248750000000005 9808.4637500000008 13347.875000000002 15629.727500000001 5.5000000000000009 14566.588750000001 8797.657500000003 14563.515000000001 6687.0000000000009 7375.7850000000008 7763.7775000000011 14655.326250000002 7293.3300000000008
decision_type=2 2 2 2 2 2 2 2 2 2 2 2 2 2 2 2 2 2 2 2 2 2 2 2 2 2 2 2 2 2
left_child=2 4 9 5 11 6 -4 8 -8 16 -7 21 13 -13 15 -14 -1 -18 -5 -3 22 -2 24 -10 -21 -19 29 -28 -24 -27
right_child=1 19 3 18 -6 10 7 -9 23 -11 -12 12 14 -15 -16 -17 17 25 -20 20 -22 -23 28 -25 -26 26 27 -29 -30 -31
leaf_value=-5.3884535113797893 0.41652223122747323 8.5245066337986675 1.5421885812246787 -8.2882489842893747 -8.9050779691831341 3.0459545711353542 -2.0687774514946144 -3.1581624315229497 1.2217903064250173 -8.4888799901769953 0.17408244135121473 1.732622092365987 -0.030672974800795651 -1.0110125929885392 1.815757027405428 8.504530250524418 0.032874207930617121 0.47093701053100956 -3.109620961343504 3.4424621312811539 5.8110998003233219 8.4880229787512143 -0.66869895263132095 -0.80963859135153149 7.124541107242635 -3.3245315246388096 -0.76231290453552747 -3.0591421679226829 2.7859026734486037 -6.368707378152255
leaf_weight=806 152 309 1916 349 127 1262 4661 2166 2001 238 3892 4261 178 2609 4187 395 1255 493 1033 1656 1385 273 553 4223 529 1020 1930 3250 2083 925
leaf_count=806 152 309 1916 349 127 1262 4661 2166 2001 238 3892 4261 178 2609 4187 395 1255 493 1033 1656 1385 273 553 4223 529 1020 1930 3250 2083 925
internal_value=-0.00668918 2.27503 -1.36447 -0.748079 1.39148 -0.496054 -0.968973 -1.33763 -0.975367 -2.70098 0.877284 1.49995 1.35008 0.69068 2.30177 5.85311 -2.55865 -2.3016 -4.41739 3.92714 3.69823 5.60127 3.09124 -0.156539 4.33391 -2.68619 -2.90464 -2.20337 2.06117 -4.77228
internal_weight=50117 18697 31420 21503 12182 20121 14967 13051 10885 9917 5154 12055 11630 6870 4760 573 9679 8873 1382 6515 6206 425 4821 6224 2185 7618 7125 5180 2636 1945
internal_count=50117 18697 31420 21503 12182 20121 14967 13051 10885 9917 5154 12055 11630 6870 4760 573 9679 8873 1382 6515 6206 425 4821 6224 2185 7618 7125 5180 2636 1945
is_linear=0
shrinkage=0.05


Tree=85
num_leaves=31
num_cat=0
split_feature=6 4 4 5 4 6 5 1 1 4 1 4 5 1 4 4 5 4 4 7 7 1 4 1 4 1 1 7 6 4
split_gain=3.0796e+07 6.08869e+06 4.78782e+06 4.56817e+06 1.5015e+07 4.4212e+06 3.57409e+06 3.53531e+06 2.78469e+06 2.50361e+06 3.205e+06 2.84083e+06 2.3201e+06 2.61245e+06 2.11442e+06 2.04241e+06 5.90796e+06 2.7183e+06 2.03619e+06 1.97722e+06 1.87624e+06 1.84801e+06 1.83112e+06 1.7036e+06 1.64065e+06 1.62315e+06 1.61602e+06 1.626e+06 1.84149e+06 1.57938e+06
threshold=10840.178750000001 16.500000000000004 17.500000000000004 1.0000000180025095e-35 18.500000000000004 12481.327500000001 1.0000000180025095e-35 8.5000000000000018 7.5000000000000009 4.5000000000000009 6.5000000000000009 6.5000000000000009 1.0000000180025095e-35 5.5000000000000009 5.5000000000000009 15.500000000000002 1.0000000180025095e-35 16.500000000000004 1.5000000000000002 7797.0250000000005 10112.530000000001 3.5000000000000004 18.500000000000004 7.5000000000000009 1.5000000000000002 7.5000000000000009 7.5000000000000009 10511.770000000002 9659.246250000002 1.0000000180025095e-35
decision_type=2 2 2 2 2 2 2 2 2 2 2 2 2 2 2 2 2 2 2 2 2 2 2 2 2 2 2 2 2 2
left_child=1 9 6 4 25 29 8 -5 -3 10 20 12 -11 -14 -15 -7 -17 23 -12 -20 -1 -13 -9 -18 -22 -4 -23 28 -28 -2
right_child=5 2 3 7 -6 15 -8 22 -10 11 18 21 13 14 -16 16 17 -19 19 -21 24 26 -24 -25 -26 -27 27 -29 -30 -31
leaf_value=-2.5551770033154551 4.7194586899147524 5.4240092858672142 -13.07150224904896 -0.24959722626159864 -1.5181583514301744 2.5533950254368047 -5.7375624232459819 0.61256842063165007 -4.3753914781220971 -0.81244304715083882 -1.3072205723180728 10.888216023831754 -0.20488268872312349 2.1170912867090648 6.2937204509598885 5.4480949342838478 0.37085979147451226 -8.6897044287294367 2.6012465335031454 -0.26628967583207641 3.2756654259372264 0.26634983386219052 -3.0667491729015359 -7.1316555870103322 -1.9629311087558854 -7.1464041764206359 -1.4399708729165344 -2.3776746449686565 1.8631446135274583 0.52687023246472064
leaf_weight=3103 233 144 323 6893 2615 9760 1120 405 146 684 1883 37 567 713 527 355 449 141 994 1521 282 4867 2049 91 318 180 1074 1506 695 6251
leaf_count=3103 233 144 323 6893 2615 9760 1120 405 146 684 1883 37 567 713 527 355 449 141 994 1521 282 4867 2049 91 318 180 1074 1506 695 6251
internal_value=0.00266962 -0.900794 -1.69502 -1.38264 -3.03991 1.70953 -4.45661 -0.829801 0.490518 -0.313724 -0.976432 0.189425 1.66776 2.60659 3.89216 2.32933 0.218495 -2.50765 -0.0638663 0.867043 -2.06027 -0.260818 -2.45953 -0.893453 0.499209 -10.9512 -0.311483 -1.1702 -0.142252 0.677529
internal_weight=49926 32646 13875 12465 3118 17280 1410 9347 290 18771 8101 10670 2491 1807 1240 10796 1036 681 4398 2515 3703 8179 2454 540 600 503 8142 3275 1769 6484
internal_count=49926 32646 13875 12465 3118 17280 1410 9347 290 18771 8101 10670 2491 1807 1240 10796 1036 681 4398 2515 3703 8179 2454 540 600 503 8142 3275 1769 6484
is_linear=0
shrinkage=0.05


Tree=86
num_leaves=31
num_cat=0
split_feature=8 8 8 6 6 8 6 6 8 4 1 6 4 5 8 6 6 4 4 1 6 4 8 0 8 5 8 6 1 4
split_gain=5.41666e+07 9.50423e+06 9.13732e+06 7.83924e+06 5.23839e+06 4.75507e+06 5.44132e+06 3.9033e+06 3.65422e+06 3.31521e+06 4.047e+06 3.17544e+06 3.15005e+06 6.10829e+06 3.09445e+06 3.05697e+06 3.02319e+06 2.79657e+06 3.73089e+06 2.76754e+06 2.67129e+06 2.887e+06 2.62811e+06 2.4421e+06 2.40373e+06 2.27867e+06 2.22869e+06 2.15764e+06 2.16786e+06 2.13218e+06
threshold=10535.487500000001 8000.0500000000011 13866.538750000002 10670.582500000002 14566.588750000001 9629.0500000000011 8944.215000000002 9523.157500000003 9108.7675000000017 7.5000000000000009 6.5000000000000009 8134.5937500000009 6.5000000000000009 1.0000000180025095e-35 5948.7587500000009 10599.892500000002 8001.1275000000005 1.0000000180025095e-35 5.5000000000000009 3.5000000000000004 13300.582500000002 16.500000000000004 15629.727500000001 23.616875000000007 8866.3975000000009 1.0000000180025095e-35 11313.686250000002 12013.360000000002 3.5000000000000004 7.5000000000000009
decision_type=2 2 2 2 2 2 2 2 2 2 2 2 2 2 2 2 2 2 2 2 2 2 2 2 2 2 2 2 2 2
left_child=1 11 4 5 9 6 8 -7 16 10 17 14 -12 -14 -1 19 -3 -2 -19 25 21 -4 -22 -20 -8 -11 -21 28 -5 -16
right_child=2 3 20 27 -6 7 24 -9 -10 15 12 -13 13 -15 29 -17 -18 18 23 26 22 -23 -24 -25 -26 -27 -28 -29 -30 -31
leaf_value=-8.4487501462987034 6.7040724825238192 1.295006338059109 10.873792775681146 2.6053978230869563 -8.6223776112985977 3.1867698137348737 -3.782102143718975 -0.0042491171693470409 2.3741798276114858 -9.8465613517208386 6.7285629919069407 -4.96603484177135 11.588912587087663 -1.1733487322006697 -1.2797963941552351 0.38473905762777305 -1.0327001364435768 0.035097411264761229 6.337751458492729 2.8423021240876101 2.8812645697387618 -1.8887671366604892 5.384298509456106 0.18214889978005636 -1.5427900561581771 1.9899260561424073 8.4163847927069462 -9.7653600293236806 -4.7516358291755187 -3.0670989558391168
leaf_weight=199 240 1726 228 114 131 1268 1604 3924 1179 69 826 1338 122 405 3542 6609 7272 2129 467 840 4824 55 1340 246 4739 99 228 185 823 3155
leaf_count=199 240 1726 228 114 131 1268 1604 3924 1179 69 826 1338 122 405 3542 6609 7272 2129 467 840 4824 55 1340 246 4739 99 228 185 823 3155
internal_value=0.00253614 -1.28057 2.11642 -0.75542 1.32318 -0.544818 -0.959639 0.775068 -0.24324 1.42927 2.52191 -2.73689 4.8015 1.7811 -2.30438 0.811574 -0.586199 1.52117 1.08348 3.0939 3.64348 8.39344 3.4254 4.21394 -2.10906 -2.87149 4.03227 -4.83081 -3.85654 -2.12181
internal_weight=49926 31068 18858 22834 12411 21712 16520 5192 10177 12280 4435 8234 1353 527 6896 7845 8998 3082 2842 1236 6447 283 6164 713 6343 168 1068 1122 937 6697
internal_count=49926 31068 18858 22834 12411 21712 16520 5192 10177 12280 4435 8234 1353 527 6896 7845 8998 3082 2842 1236 6447 283 6164 713 6343 168 1068 1122 937 6697
is_linear=0
shrinkage=0.05


Tree=87
num_leaves=31
num_cat=0
split_feature=4 4 1 4 5 1 4 5 1 5 4 5 4 4 0 4 0 1 4 1 1 4 1 1 1 4 1 0 0 7
split_gain=1.95326e+07 9.11845e+06 7.30967e+06 5.60254e+06 4.03493e+06 4.09552e+06 3.71965e+06 1.33604e+07 4.48136e+06 4.33131e+06 1.36917e+07 3.62784e+06 7.11235e+06 3.35514e+06 3.31486e+06 3.52375e+06 3.28657e+06 3.12577e+06 5.03452e+06 3.00256e+06 1.97334e+06 1.91294e+06 1.8972e+06 1.83044e+06 1.92948e+06 5.84636e+06 3.60109e+06 2.88428e+06 2.21216e+06 1.74004e+06
threshold=16.500000000000004 4.5000000000000009 3.5000000000000004 6.5000000000000009 1.0000000180025095e-35 5.5000000000000009 17.500000000000004 1.0000000180025095e-35 7.5000000000000009 1.0000000180025095e-35 18.500000000000004 1.0000000180025095e-35 7.5000000000000009 5.5000000000000009 28.270625000000006 15.500000000000002 25.774375000000003 3.5000000000000004 22.500000000000004 6.5000000000000009 8.5000000000000018 19.500000000000004 11.500000000000002 11.500000000000002 3.5000000000000004 1.5000000000000002 6.5000000000000009 22.805625000000003 21.926250000000007 7797.0250000000005
decision_type=2 2 2 2 2 2 2 2 2 2 2 2 2 2 2 2 2 2 2 2 2 2 2 2 2 2 2 2 2 2
left_child=1 23 -3 4 -4 -6 7 8 -2 10 -8 12 19 -7 15 -13 17 18 21 -5 -9 -11 -17 24 25 28 -26 -28 -1 -29
right_child=6 2 3 11 5 13 9 20 -10 16 -12 14 -14 -15 -16 22 -18 -19 -20 -21 -22 -23 -24 -25 26 -27 27 29 -30 -31
leaf_value=0.27638484104428857 6.778472269389443 2.5760268772035202 -0.55349979434590524 2.4818259284761846 0.080627666134860818 2.6910865098806331 -10.362065771877177 -6.8590691578007004 -2.981233733459558 -4.7163507360064854 -1.3692674181691549 -0.73984328408564981 0.86691165710405904 7.166659515368659 0.53237261678173997 -4.0023595134552901 0.32413631868996529 -2.2679262449951021 6.3421530699243354 11.607624948331727 -2.8001031257876079 0.27100746247071766 -13.180334519606371 2.3810593693870672 -2.5332849800815875 -1.5356925886104138 -2.4473921744503837 2.0157824038295851 4.8146889221209754 -0.4100425130634644
leaf_weight=430 343 6658 757 147 590 839 505 1157 179 269 2615 4331 3420 836 6598 421 4388 3762 294 233 404 674 65 490 2926 1657 1104 1204 715 1915
leaf_count=430 343 6658 757 147 590 839 505 1157 179 269 2615 4331 3420 836 6598 421 4388 3762 294 233 404 674 65 490 2926 1657 1104 1204 715 1915
internal_value=0.00240934 0.637895 1.15805 0.640378 2.60679 3.66301 -1.53669 -3.49295 3.43175 -1.21089 -2.82483 0.24981 1.58796 4.92487 -0.195653 -1.19285 -0.674451 -1.55099 0.629389 8.07738 -5.80857 -1.15169 -5.22987 -0.602348 -0.749255 0.36285 -1.18514 -0.251042 3.11035 0.526377
internal_weight=49926 35336 24895 18237 3022 2265 14590 2083 522 12507 3120 15215 3800 1675 11415 4817 9387 4999 1237 380 1561 943 486 10441 9951 2802 7149 4223 1145 3119
internal_count=49926 35336 24895 18237 3022 2265 14590 2083 522 12507 3120 15215 3800 1675 11415 4817 9387 4999 1237 380 1561 943 486 10441 9951 2802 7149 4223 1145 3119
is_linear=0
shrinkage=0.05


Tree=88
num_leaves=31
num_cat=0
split_feature=6 4 4 5 4 6 5 1 4 4 5 4 4 4 1 4 5 1 4 7 4 1 7 4 1 7 6 1 5 4
split_gain=2.31393e+07 4.61101e+06 4.18577e+06 3.72099e+06 1.22561e+07 3.3089e+06 3.05284e+06 2.80741e+06 1.93454e+06 3.58375e+06 2.70266e+06 6.09218e+06 2.72964e+06 1.8e+06 2.71063e+06 2.37296e+06 1.87921e+06 2.11899e+06 1.84274e+06 1.72636e+06 1.69151e+06 1.62005e+06 1.57987e+06 1.56063e+06 1.5505e+06 1.47941e+06 1.5637e+06 1.43109e+06 1.41042e+06 3.60006e+06
threshold=10840.178750000001 16.500000000000004 17.500000000000004 1.0000000180025095e-35 18.500000000000004 12481.327500000001 22.500000000000004 8.5000000000000018 8.5000000000000018 5.5000000000000009 1.0000000180025095e-35 6.5000000000000009 6.5000000000000009 4.5000000000000009 6.5000000000000009 6.5000000000000009 1.0000000180025095e-35 5.5000000000000009 1.5000000000000002 7797.0250000000005 5.5000000000000009 7.5000000000000009 10112.530000000001 18.500000000000004 9.5000000000000018 10511.770000000002 9659.246250000002 7.5000000000000009 1.0000000180025095e-35 15.500000000000002
decision_type=2 2 2 2 2 2 2 2 2 2 2 2 2 2 2 2 2 2 2 2 2 2 2 2 2 2 2 2 2 2
left_child=1 13 6 4 27 28 -3 -5 9 -7 12 -12 -11 14 22 16 -15 -18 -16 -20 -19 -17 -1 24 -9 26 -23 -4 -2 -30
right_child=5 2 3 7 -6 8 -8 23 -10 10 11 -13 -14 15 18 21 17 20 19 -21 -22 25 -24 -25 -26 -27 -28 -29 29 -31
leaf_value=-2.2827715609560602 1.8947680484617546 -1.3859310168987033 -11.814160985326623 -0.16394788414256939 -1.3008040447031854 1.0587225223287626 -6.082780184549339 5.0538212196791878 1.5155967802354349 0.53276861856381108 8.1690682312416723 1.4737309947655195 9.0549434444783188 -0.72434924774835907 -1.1754642738178729 0.32022763813749339 -0.1793413478887691 1.9228708920062509 2.5134012383294539 -0.16605621807517229 5.6585371002328699 -1.3312545758066787 0.52002089275668062 -2.6938572561037 -1.4968872017798371 -2.267687828936781 1.7125493893134509 -6.2506328017016255 0.67848211982551554 -3.4461205510456567
leaf_weight=3103 1568 609 323 6893 2615 1564 801 136 6905 120 458 1316 433 684 1883 4904 567 713 994 1521 527 1074 600 2049 269 1506 695 180 4313 603
leaf_count=3103 1568 609 323 6893 2615 1564 801 136 6905 120 458 1316 433 684 1883 4904 567 713 994 1521 527 1074 600 2049 269 1506 695 180 4313 603
internal_value=0.00228887 -0.78085 -1.47201 -1.17993 -2.67565 1.48182 -4.05414 -0.680983 2.01803 2.90964 4.15367 3.20229 7.20565 -0.269962 -0.831882 0.156666 1.50779 2.35272 0.00735564 0.892942 3.51053 -0.254834 -1.82863 -2.13327 0.702857 -1.11593 -0.135413 -9.82324 0.589031 0.172555
internal_weight=49926 32646 13875 12465 3118 17280 1410 9347 10796 3891 2327 1774 553 18771 8101 10670 2491 1807 4398 2515 1240 8179 3703 2454 405 3275 1769 503 6484 4916
internal_count=49926 32646 13875 12465 3118 17280 1410 9347 10796 3891 2327 1774 553 18771 8101 10670 2491 1807 4398 2515 1240 8179 3703 2454 405 3275 1769 503 6484 4916
is_linear=0
shrinkage=0.05


Tree=89
num_leaves=31
num_cat=0
split_feature=8 8 8 1 8 4 4 1 4 1 0 4 8 0 4 4 1 8 4 1 4 5 0 1 4 4 4 0 0 4
split_gain=4.40256e+07 8.15368e+06 7.69311e+06 3.82852e+06 3.7232e+06 3.50901e+06 3.24237e+06 5.41933e+06 3.94729e+06 2.98603e+06 2.81421e+06 2.65168e+06 2.35984e+06 3.06809e+06 2.30922e+06 3.73546e+06 2.41025e+06 2.16865e+06 2.04411e+06 2.20342e+06 4.41067e+06 3.5745e+06 3.78248e+06 2.74686e+06 2.51309e+06 2.22106e+06 2.02998e+06 2.00599e+06 1.97193e+06 2.79193e+06
threshold=10333.657500000003 12851.877500000001 7956.0150000000012 3.5000000000000004 15271.990000000002 7.5000000000000009 6.5000000000000009 5.5000000000000009 20.500000000000004 3.5000000000000004 30.673125000000002 1.0000000180025095e-35 5948.7587500000009 22.248750000000005 17.500000000000004 16.500000000000004 1.5000000000000002 6754.0037500000008 18.500000000000004 3.5000000000000004 6.5000000000000009 1.0000000180025095e-35 29.256875000000004 5.5000000000000009 7.5000000000000009 14.500000000000002 16.500000000000004 22.735625000000002 27.096875000000008 5.5000000000000009
decision_type=2 2 2 2 2 2 2 2 2 2 2 2 2 2 2 2 2 2 2 2 2 2 2 2 2 2 2 2 2 2
left_child=2 11 12 4 27 -5 7 -4 10 -10 14 -2 -1 -14 15 -8 -16 -15 19 28 23 24 -23 -21 -22 -26 -6 -3 29 -13
right_child=1 3 6 5 26 -7 8 -9 9 -11 -12 18 13 17 16 -17 -18 -19 -20 20 21 22 -24 -25 25 -27 -28 -29 -30 -31
leaf_value=-7.9360468473865771 5.5944382147355514 3.6297650785027722 -1.5500118993482337 8.8496514068339689 4.1696653133561608 3.7276600449336734 -2.1902220886903714 1.4970595902321386 2.1573085481440719 -0.73728744392623602 -0.39684015359179264 -1.290366329017141 -0.33223272192261288 -5.4211457112449386 -4.945281532724497 -6.0719525529410578 -0.83650303323611519 -2.5548821185779378 8.7239052229289769 0.25350703739225489 8.6638273637566794 -1.267162309886436 1.5356714678793937 5.2802846754692734 0.6456164065591985 4.6764992620886829 -7.3404056678979828 0.99631992697357818 -4.047350893300556 3.5223202737546204
leaf_weight=199 286 886 2468 394 2155 2210 3503 3570 1366 2562 3660 1186 1429 751 394 753 3793 5442 79 394 149 3063 1983 876 1119 492 39 3934 387 404
leaf_count=199 286 886 2468 394 2155 2210 3503 3570 1366 2562 3660 1186 1429 751 394 753 3793 5442 79 394 149 3063 1983 876 1119 492 39 3934 387 404
internal_value=0.00217443 1.81567 -1.21346 2.86543 2.25761 4.50265 -0.73593 0.251586 -1.10787 0.269336 -1.55484 0.846519 -2.56092 -2.42059 -2.05683 -2.877 -1.22314 -2.90246 0.712498 0.649541 1.01579 0.511036 -0.165692 3.7208 2.45125 1.87665 3.96507 1.48039 -0.846577 -0.0675202
internal_weight=49926 20036 29890 9618 7014 2604 22069 6038 16031 3928 12103 10418 7821 7622 8443 4256 4187 6193 10132 10053 8076 6806 5046 1270 1760 1611 2194 4820 1977 1590
internal_count=49926 20036 29890 9618 7014 2604 22069 6038 16031 3928 12103 10418 7821 7622 8443 4256 4187 6193 10132 10053 8076 6806 5046 1270 1760 1611 2194 4820 1977 1590
is_linear=0
shrinkage=0.05


Tree=90
num_leaves=31
num_cat=0
split_feature=6 4 1 4 1 5 4 1 4 4 4 0 1 1 4 4 4 4 4 4 4 4 1 4 5 4 5 1 4 4
split_gain=1.85228e+07 3.64426e+06 2.67541e+06 2.69136e+06 3.5155e+06 2.4904e+06 7.0682e+06 2.49306e+06 2.35012e+06 8.65484e+06 3.65634e+06 2.3022e+06 2.26716e+06 2.1401e+06 2.0968e+06 2.04248e+06 2.46897e+06 1.92086e+06 3.14714e+06 7.57073e+06 2.73779e+06 1.85229e+06 1.78345e+06 1.78228e+06 1.69774e+06 1.696e+06 2.03469e+06 1.54206e+06 1.53385e+06 1.47714e+06
threshold=10959.943750000002 15.500000000000002 6.5000000000000009 20.500000000000004 3.5000000000000004 1.0000000180025095e-35 15.500000000000002 9.5000000000000018 4.5000000000000009 6.5000000000000009 1.0000000180025095e-35 29.256875000000004 11.500000000000002 2.5000000000000004 5.5000000000000009 22.500000000000004 16.500000000000004 1.5000000000000002 6.5000000000000009 8.5000000000000018 14.500000000000002 4.5000000000000009 7.5000000000000009 6.5000000000000009 1.0000000180025095e-35 22.500000000000004 1.0000000180025095e-35 5.5000000000000009 1.0000000180025095e-35 17.500000000000004
decision_type=2 2 2 2 2 2 2 2 2 2 2 2 2 2 2 2 2 2 2 2 2 2 2 2 2 2 2 2 2 2
left_child=1 12 3 13 25 17 8 15 10 14 -7 -11 21 -3 -10 16 22 28 -19 -20 -21 -1 -8 24 -23 -5 -27 -26 -2 -4
right_child=5 2 29 4 -6 6 7 -9 9 11 -12 -13 -14 -15 -16 -17 -18 18 19 20 -22 23 -24 -25 27 26 -28 -29 -30 -31
leaf_value=-0.90568186791138627 -3.4585993495854468 -3.2282906053325235 -3.4396588671949759 0.9515164413565631 -1.1396333285772693 5.8028228313834589 0.29078574101003823 -13.764821624755861 3.0886651216705427 0.37213977555279709 -1.1479123525384998 2.0499209700946674 2.3778353102193619 -0.76855216294352868 7.2361138697725949 10.965111869779127 -5.7034448491457184 -0.69652002876136399 7.7137543917363018 0.61747172240155568 4.0661903931969459 -0.84259513361475169 -6.162997174309206 -0.25023305431523596 0.031189168780990897 -0.75740217334237592 6.1359153861521509 3.1846771999076973 11.085487291650864 -1.6078158129038602
leaf_weight=7686 22 1206 1365 1124 1741 216 629 48 511 4570 1525 3700 813 3315 755 29 390 748 654 1818 842 662 129 7539 582 145 409 1161 103 5679
leaf_count=7686 22 1206 1365 1124 1741 216 629 48 511 4570 1525 3700 813 3315 755 29 390 748 654 1818 842 662 129 7539 582 145 409 1161 103 5679
internal_value=0.00494794 -0.674259 -1.25346 -0.624169 0.434387 1.36536 1.01189 -2.59526 1.40372 1.71214 -0.285558 1.12278 -0.203689 -1.4247 5.56206 -2.13974 -2.47079 2.42078 2.23291 2.89411 1.70913 -0.322735 -0.807549 0.127842 1.313 2.0675 4.33171 2.13171 8.52573 -1.96279
internal_weight=50116 33427 14984 7940 3419 16689 12502 1225 11277 9536 1741 8270 18443 4521 1266 1177 1148 4187 4062 3314 2660 17630 758 9944 2405 1678 554 1743 125 7044
internal_count=50116 33427 14984 7940 3419 16689 12502 1225 11277 9536 1741 8270 18443 4521 1266 1177 1148 4187 4062 3314 2660 17630 758 9944 2405 1678 554 1743 125 7044
is_linear=0
shrinkage=0.05


Tree=91
num_leaves=31
num_cat=0
split_feature=8 8 7 8 8 7 7 7 4 1 4 8 8 4 8 4 4 5 5 4 4 4 4 4 8 7 1 8 7 4
split_gain=3.79715e+07 7.54881e+06 6.48082e+06 6.47477e+06 4.2466e+06 3.6693e+06 3.26781e+06 3.04441e+06 2.45668e+06 2.54314e+06 2.322e+06 2.22277e+06 2.14032e+06 1.84692e+06 2.60853e+06 1.77326e+06 3.93144e+06 3.21519e+06 1.77019e+06 4.85046e+06 3.18446e+06 3.01759e+06 2.93032e+06 1.75023e+06 1.73217e+06 1.70023e+06 1.55768e+06 1.5568e+06 2.94399e+06 1.55041e+06
threshold=10535.487500000001 7733.2925000000005 10728.437500000002 13646.460000000001 9268.7762500000008 9589.6087500000012 8785.5825000000023 7485.2225000000008 7.5000000000000009 7.5000000000000009 1.5000000000000002 6370.5687500000013 16180.853750000002 6.5000000000000009 8962.1050000000014 4.5000000000000009 6.5000000000000009 1.0000000180025095e-35 1.0000000180025095e-35 17.500000000000004 7.5000000000000009 15.500000000000002 17.500000000000004 5.5000000000000009 6754.0037500000008 8486.0237500000021 3.5000000000000004 15158.182500000001 14566.792500000001 20.500000000000004
decision_type=2 2 2 2 2 2 2 2 2 2 2 2 2 2 2 2 2 2 2 2 2 2 2 2 2 2 2 2 2 2
left_child=1 7 4 5 6 -2 -3 11 9 -5 -7 -1 26 -4 -15 -12 17 -17 19 20 -18 -22 -20 -19 -9 -6 27 28 -10 -27
right_child=3 2 13 8 25 10 -8 24 12 -11 15 -13 -14 14 -16 16 18 23 22 -21 21 -23 -24 -25 -26 29 -28 -29 -30 -31
leaf_value=-4.6225408537158801 3.7750225537201367 -0.31815209920797982 -1.0852091982630758 4.1667266331135799 2.5316660936026261 3.6721138109648486 -1.8577321948989405 -6.4455913265905354 2.1256335454861008 11.246054817996658 -1.1902081787905954 -0.81336266175932215 7.9341875226310137 -8.2464108398244704 -3.0196754109732211 -1.3945284774525071 8.1803279774188997 2.5142878622938967 -0.13365960400930652 -10.669796237820073 0.48807360510167963 5.8161795446666176 10.884318103164922 7.0800867703122394 -3.2048162169637422 -0.017532119923819384 3.7971962820210301 2.8203923204078674 -2.0182423815479096 2.2571786697288863
leaf_weight=458 1124 9626 971 1124 990 648 5369 484 1447 143 1235 2338 178 277 1727 247 200 373 5632 76 1382 329 61 480 2784 5352 1421 2160 609 871
leaf_count=458 1124 9626 971 1124 990 648 5369 484 1447 143 1235 2338 178 277 1727 247 200 373 5632 76 1382 329 61 480 2784 5352 1421 2160 609 871
internal_value=0.00470055 -1.0648 -0.683443 1.77579 -0.389867 1.05786 -0.869403 -2.64852 2.97069 4.96574 0.771436 -1.43733 2.536 -2.87495 -3.74213 0.583753 0.83328 3.62893 0.432861 1.71777 2.21042 1.51259 -0.0156029 5.08355 -3.68478 0.607032 2.36554 1.883 0.898192 0.300847
internal_weight=50116 31247 25183 18869 22208 11787 14995 6064 7082 1267 10663 2796 5815 2975 2004 10015 8780 1100 7680 1987 1911 1711 5693 853 3268 7213 5637 4216 2056 6223
internal_count=50116 31247 25183 18869 22208 11787 14995 6064 7082 1267 10663 2796 5815 2975 2004 10015 8780 1100 7680 1987 1911 1711 5693 853 3268 7213 5637 4216 2056 6223
is_linear=0
shrinkage=0.05


Tree=92
num_leaves=31
num_cat=0
split_feature=6 5 3 6 6 0 7 7 6 6 0 7 6 1 7 6 1 1 0 7 7 7 6 7 7 5 6 0 7 1
split_gain=1.44959e+07 2.14191e+06 1.61045e+06 1.42229e+06 1.34231e+06 1.32816e+06 1.03746e+06 1.01532e+06 873276 867529 1.36426e+06 1.28841e+06 930516 827393 803625 845055 1.01895e+06 830979 781348 747527 715251 712086 710980 726137 660574 643236 603981 581802 562807 828779
threshold=10840.178750000001 1.0000000180025095e-35 1.0000000180025095e-35 12481.327500000001 5948.7587500000009 31.073125000000008 11568.395000000002 6180.5912500000004 16180.853750000002 9170.8975000000009 21.926250000000007 8635.9450000000015 5948.7587500000009 5.5000000000000009 10765.295000000002 9757.2169000000013 4.5000000000000009 3.5000000000000004 17.773750000000003 9059.4550000000017 5948.7587500000009 9339.0212500000016 15629.727500000001 11772.081250000001 11199.178750000001 1.0000000180025095e-35 11637.321250000003 18.201875000000005 7485.2225000000008 4.5000000000000009
decision_type=2 2 2 2 2 2 2 2 2 2 2 2 2 2 2 2 2 2 2 2 2 2 2 2 2 2 2 2 2 2
left_child=2 8 5 18 7 9 13 -4 26 10 12 -11 20 -7 15 -13 -17 24 -3 -20 -1 -15 23 -5 -16 -12 -2 -28 -27 -30
right_child=1 3 4 22 -6 6 -8 -9 -10 11 25 14 -14 21 17 16 -18 -19 19 -21 -22 -23 -24 -25 -26 28 27 -29 29 -31
leaf_value=-8.9542052059638788 0.88708306600593323 6.056459878704378 -17.100912384364914 2.211643981782458 -1.1229527215348865 -0.001739549634532097 5.3269740096160341 -2.3997920294602713 8.4000336558168591 1.7772013735357359 -1.5666118299372742 -0.78167971268356029 1.1418303336788589 3.4576087446754329 -1.705852644371264 -0.53581783866861932 1.4248057730287753 -1.5692965975643021 2.5469403372870554 -0.041943779740827476 -0.32619072347879413 -0.37811048149980686 2.5135969467640464 0.85841191416719542 7.5647616154129587 0.13585300746543971 9.960443925857545 2.3046114542971448 0.3830205810010211 -1.1191523015883562
leaf_weight=41 874 56 23 1193 9359 2259 112 24 55 821 3025 1994 1214 361 33 1169 1530 1498 297 4558 58 182 997 5864 46 1571 25 3370 1071 6436
leaf_count=41 874 56 23 1193 9359 2259 112 24 55 821 3025 1994 1214 361 33 1169 1530 1498 297 4558 58 182 997 5864 46 1571 25 3370 1071 6436
internal_value=0.00446552 1.17621 -0.612659 0.854817 -1.16528 -0.390724 0.608124 -9.59396 2.13989 -0.532658 -0.769088 -0.0853371 0.761722 0.419504 -0.32922 -0.00108408 0.575614 -1.30572 0.184163 0.116429 -3.89941 2.17197 1.26375 1.08718 3.69223 -0.935159 2.05923 2.36099 -0.724744 -0.904842
internal_weight=50116 17289 32827 12965 9406 23421 2914 47 4324 20507 13416 7091 1313 2802 6270 4693 2699 1577 4911 4855 99 543 8054 7057 79 12103 4269 3395 9078 7507
internal_count=50116 17289 32827 12965 9406 23421 2914 47 4324 20507 13416 7091 1313 2802 6270 4693 2699 1577 4911 4855 99 543 8054 7057 79 12103 4269 3395 9078 7507
is_linear=0
shrinkage=0.05


Tree=93
num_leaves=31
num_cat=0
split_feature=8 6 8 8 6 6 6 6 6 8 8 6 8 8 8 1 6 4 4 1 6 6 8 8 8 6 7 8 8 7
split_gain=3.22971e+07 6.77696e+06 7.60647e+06 6.63289e+06 8.44476e+06 5.09253e+06 4.78003e+06 4.27372e+06 3.52379e+06 3.18984e+06 3.10973e+06 3.90823e+06 3.05603e+06 2.92824e+06 2.88376e+06 2.71692e+06 2.51791e+06 2.32348e+06 2.2837e+06 2.27981e+06 2.27173e+06 2.21988e+06 2.20187e+06 2.0822e+06 1.9943e+06 3.15778e+06 2.75571e+06 1.9349e+06 1.86619e+06 1.83541e+06
threshold=10162.055000000002 10374.735000000002 8205.5612500000007 12851.877500000001 13235.073750000001 10599.892500000002 8021.0750000000007 12748.266250000002 8363.4050000000007 15350.690000000001 9474.6565000000028 9250.2250000000004 6818.9700000000012 10912.768750000001 11218.522500000001 7.5000000000000009 9387.6000000000004 7.5000000000000009 16.500000000000004 7.5000000000000009 8981.4937500000015 7293.3300000000008 8796.1450000000023 7333.3500000000013 13646.460000000001 14566.588750000001 14844.657500000003 7375.7850000000008 9169.0612500000007 9918.4200000000019
decision_type=2 2 2 2 2 2 2 2 2 2 2 2 2 2 2 2 2 2 2 2 2 2 2 2 2 2 2 2 2 2
left_child=1 2 8 4 5 14 -4 18 12 17 11 22 -1 -7 20 -11 -12 19 -5 -9 -2 -14 -8 -23 -19 -26 -27 -10 -3 -13
right_child=3 28 6 7 -6 13 10 9 27 15 16 29 21 -15 -16 -17 -18 24 -20 -21 -22 23 -24 -25 25 26 -28 -29 -30 -31
leaf_value=-3.5323021306303484 12.326663484213489 -10.619873457477075 2.8899259011774867 7.7014442057257355 -6.3301330959802309 -1.6017487529795877 -1.131977010799653 2.5485466067634324 -10.953125683091722 3.4522372274621 2.5188853927925186 -1.7231189087112728 0.29263871708249772 0.76366465782315096 6.67396571648458 11.700746452694847 -0.12825576820019363 -0.80602921557780138 0.48661317268427279 8.3830178773403166 1.8739635829813779 -4.2406105661811964 0.40967608462782179 -1.3403201926673891 2.8000888579521117 1.6104612146627852 -2.7197291991822361 -3.8915006556092702 -4.2070295014936283 -4.5143780984754605
leaf_weight=1758 53 129 1105 550 414 1661 5031 1763 106 2028 1264 2016 1839 6163 389 105 3105 1107 137 185 2702 710 4292 4820 2245 904 619 1143 941 832
leaf_count=1758 53 129 1105 550 414 1661 5031 1763 106 2028 1264 2016 1839 6163 389 105 3105 1107 137 185 2702 710 4292 4820 2245 904 619 1143 941 832
internal_value=0.00424224 -1.07483 -0.925707 1.49729 0.679865 0.944465 -0.293988 2.46214 -1.99998 2.1706 -0.506698 -0.917461 -1.65912 0.261498 2.64406 3.85828 0.637591 1.643 6.26268 3.10264 2.07505 -1.21224 -0.422251 -1.71269 1.05975 1.60789 -0.149478 -4.49081 -4.98017 -2.53854
internal_weight=50116 29091 28021 21025 11382 10968 17645 9643 10376 8956 16540 12171 9127 7824 3144 2133 4369 6823 687 1948 2755 7369 9323 5530 4875 3768 1523 1249 1070 2848
internal_count=50116 29091 28021 21025 11382 10968 17645 9643 10376 8956 16540 12171 9127 7824 3144 2133 4369 6823 687 1948 2755 7369 9323 5530 4875 3768 1523 1249 1070 2848
is_linear=0
shrinkage=0.05


Tree=94
num_leaves=31
num_cat=0
split_feature=6 5 3 6 6 0 7 7 6 1 0 6 0 7 1 6 0 7 7 7 5 6 7 7 6 1 7 7 7 1
split_gain=1.17012e+07 1.94989e+06 1.40423e+06 1.16868e+06 1.15569e+06 1.1454e+06 916324 910990 773140 717131 699039 686527 1.42943e+06 1.22511e+06 1.28848e+06 827272 809222 684314 645514 623406 597409 596948 651030 585215 579874 576237 534009 903537 531638 716898
threshold=10803.022500000001 1.0000000180025095e-35 1.0000000180025095e-35 5948.7587500000009 12481.327500000001 31.073125000000008 6180.5912500000004 11568.395000000002 16180.853750000002 5.5000000000000009 17.773750000000003 9310.2075000000023 21.926250000000007 10765.295000000002 5.5000000000000009 5948.7587500000009 24.115000000000006 9059.4550000000017 5948.7587500000009 9339.0212500000016 1.0000000180025095e-35 15629.727500000001 9098.8137500000012 8857.7225000000017 9757.2169000000013 6.5000000000000009 12745.692500000001 11942.980000000001 7485.2225000000008 4.5000000000000009
decision_type=2 2 2 2 2 2 2 2 2 2 2 2 2 2 2 2 2 2 2 2 2 2 2 2 2 2 2 2 2 2
left_child=2 8 5 6 10 11 -4 9 -2 -7 -3 12 15 14 -13 18 -15 -12 -1 -11 -14 22 23 -6 -16 -18 27 -27 -22 -30
right_child=1 4 3 -5 21 7 -8 -9 -10 19 17 13 20 16 24 -17 25 -19 -20 -21 28 -23 -24 -25 -26 26 -28 -29 29 -31
leaf_value=-8.3298799282167018 1.8864504970703362 5.6561999103479224 -16.069251334148905 -1.0333478557889815 2.8860383102782521 0.01578213539872644 -2.1031872838735581 5.1110732576557414 7.852189339724454 3.2423044503643244 2.407061712977081 -0.58002326511777935 -1.4240256616560858 1.2070031446368659 0.088653230421885512 1.2193899538142752 0.37312675543818707 -0.059793626340771358 -0.13326600193977356 -0.3598651793185208 0.19930993049900225 2.2598218265304353 0.89348474883695084 11.899214296755584 1.6279198469434715 -2.288595691694935 -0.98468482367949939 -6.9959814989744729 0.30515981361807515 -1.0033791838678983
leaf_weight=41 4321 57 23 9298 83 2244 24 107 55 361 299 2104 3217 258 954 1257 227 4704 58 180 1587 997 6951 23 1706 426 379 134 1237 6804
leaf_count=41 4321 57 23 9298 83 2244 24 107 55 361 299 2104 3217 258 954 1257 227 4704 58 180 1587 997 6951 23 1706 426 379 134 1237 6804
internal_value=0.00403013 1.04751 -0.555354 -1.0731 0.742544 -0.34753 -8.93764 0.583678 1.96143 0.409735 0.150365 -0.479613 -0.671134 -0.0400864 0.34455 0.872801 -1.32689 0.0876359 -3.52782 2.0438 -0.834122 1.11459 0.95279 4.84173 1.07587 -1.88756 -2.43408 -3.41501 -0.637017 -0.802078
internal_weight=50116 17490 32626 9345 13114 23281 47 2892 4376 2785 5060 20389 14201 6188 4764 1356 1424 5003 99 541 12845 8054 7057 106 2660 1166 939 560 9628 8041
internal_count=50116 17490 32626 9345 13114 23281 47 2892 4376 2785 5060 20389 14201 6188 4764 1356 1424 5003 99 541 12845 8054 7057 106 2660 1166 939 560 9628 8041
is_linear=0
shrinkage=0.05


Tree=95
num_leaves=31
num_cat=0
split_feature=4 6 1 4 4 1 4 4 4 5 1 4 1 1 5 0 4 4 0 0 0 1 4 4 7 5 4 1 0 0
split_gain=1.06554e+07 5.6828e+06 3.03385e+06 2.30856e+06 3.69924e+06 3.29519e+06 2.19351e+06 2.00395e+06 3.02814e+06 3.38696e+06 1.90401e+06 3.05555e+06 3.55749e+06 1.86039e+06 1.80087e+06 1.79475e+06 2.28404e+06 1.74916e+06 1.55224e+06 1.42019e+06 1.40257e+06 1.36543e+06 1.3496e+06 1.3e+06 1.94578e+06 1.2929e+06 4.35911e+06 1.89547e+06 1.74973e+06 1.26111e+06
threshold=15.500000000000002 12610.421250000001 7.5000000000000009 20.500000000000004 16.500000000000004 3.5000000000000004 22.500000000000004 4.5000000000000009 6.5000000000000009 1.0000000180025095e-35 6.5000000000000009 1.5000000000000002 3.5000000000000004 3.5000000000000004 1.0000000180025095e-35 25.355625000000007 5.5000000000000009 18.500000000000004 25.814375000000002 24.185625000000005 21.810625000000005 3.5000000000000004 13.500000000000002 1.5000000000000002 8690.9737500000028 1.0000000180025095e-35 7.5000000000000009 5.5000000000000009 25.055625000000003 26.713125000000009
decision_type=2 2 2 2 2 2 2 2 2 2 2 2 2 2 2 2 2 2 2 2 2 2 2 2 2 2 2 2 2 2
left_child=1 7 3 4 -2 6 -5 10 9 -9 11 12 20 -10 -8 16 -11 18 -6 23 -1 -19 25 -12 -25 26 27 -15 -27 -24
right_child=2 -3 -4 5 17 -7 14 8 13 15 19 -13 -14 22 -16 -17 -18 21 -20 -21 -22 -23 29 24 -26 28 -28 -29 -30 -31
leaf_value=0.40391592226383194 1.2543868504165718 1.5506926685670603 -1.9287576048640078 0.84782784566397229 -5.7813431855549986 -0.78272133851922787 -0.38261996390241571 -0.88007943199895244 6.7715579706488302 2.0307988802006487 -1.3454555733836981 -2.3221523210552828 -1.5500003723842841 -0.25085147834685911 6.3164922233215322 0.30074167693797632 5.6132525391224419 -2.1233555454172235 -2.1266924055296337 2.2265889090158115 4.4819422404614002 0.15474694791710375 -2.6582244902425471 1.6970169671393069 -1.133231749727988 -2.8817128281481565 -0.13543978756815198 8.5585806830878894 -0.32913824013321741 1.3804619872342243
leaf_weight=373 1346 9442 6038 1111 331 2352 132 856 103 1052 1432 2606 1144 83 418 556 771 1114 2377 753 485 1606 211 1488 1026 760 1875 231 5756 2303
leaf_count=373 1346 9442 6038 1111 331 2352 132 856 103 1052 1432 2606 1144 83 418 556 771 1114 2377 753 485 1606 211 1488 1026 760 1875 231 5756 2303
internal_value=-0.00572733 0.512377 -1.03134 -0.529016 -1.09201 0.421322 2.12626 0.101558 0.46792 1.81703 -0.471466 -1.19365 0.275326 0.0824439 4.70871 2.78749 3.54592 -1.67385 -2.5734 0.23673 2.70909 -0.77827 0.0210321 -0.142987 0.541951 -0.273677 0.777644 6.22997 -0.62686 1.0415
internal_weight=50131 33306 16825 10787 6774 4013 1661 23864 14557 3235 9307 4608 2002 11322 550 2379 1823 5428 2708 4699 858 2720 11219 3946 2514 8705 2189 314 6516 2514
internal_count=50131 33306 16825 10787 6774 4013 1661 23864 14557 3235 9307 4608 2002 11322 550 2379 1823 5428 2708 4699 858 2720 11219 3946 2514 8705 2189 314 6516 2514
is_linear=0
shrinkage=0.05


Tree=96
num_leaves=31
num_cat=0
split_feature=8 8 7 8 7 7 7 8 0 8 0 0 7 7 7 7 7 1 8 7 5 8 0 3 8 8 7 8 8 1
split_gain=2.5492e+07 6.56756e+06 5.25462e+06 5.66887e+06 3.86879e+06 3.63868e+06 2.52081e+06 2.40957e+06 1.94587e+06 2.15711e+06 1.908e+06 1.545e+06 1.61171e+06 1.48976e+06 1.47061e+06 1.46783e+06 1.38716e+06 1.33164e+06 1.23854e+06 1.52641e+06 1.16841e+06 1.02143e+06 935611 925416 920852 912882 896710 875825 851414 844434
threshold=9808.4637500000008 12261.76 10511.770000000002 7333.3500000000013 11164.640000000001 9532.4950000000008 7485.2225000000008 15417.848750000003 23.505625000000006 8574.8900000000012 24.666875000000008 24.151875000000008 11772.081250000001 7211.8275000000003 13218.593750000002 8785.5825000000023 8785.5825000000023 6.5000000000000009 5948.7587500000009 5948.7587500000009 1.0000000180025095e-35 8556.4725000000017 24.94562500000001 1.0000000180025095e-35 15158.182500000001 13930.993750000003 9118.7537500000017 6687.0000000000009 16180.853750000002 3.5000000000000004
decision_type=2 2 2 2 2 2 2 2 2 2 2 2 2 2 2 2 2 2 2 2 2 2 2 2 2 2 2 2 2 2
left_child=2 5 3 6 10 13 18 20 -5 16 25 17 21 -2 -7 -11 -10 -4 19 -1 -6 -13 -9 -15 -12 26 -3 -8 -24 -22
right_child=1 4 11 8 7 14 27 22 9 15 24 12 -14 23 -16 -17 -18 -19 -20 -21 29 -23 28 -25 -26 -27 -28 -29 -30 -31
leaf_value=-14.230344414710999 10.784861763156192 12.123526599577495 -8.9379260354122874 0.59775175929807645 2.3507218941673589 0.24477496874166862 -6.2001921382199221 7.2295503051791874 -0.97587749438590421 0.47734193066558073 3.2242675492063513 -8.0264830839286727 -7.2455978581324008 2.6002323970443508 -1.3534810233865466 -0.7872648736164658 -2.4780900560907386 -1.094718476251588 -1.2295624095549287 -3.0299820124281673 0.5992456551557277 -2.6925996041928757 2.6306837577485322 0.35395548925647202 7.4898363455080661 14.794225987122983 4.3017297528543565 -3.5049717492552497 6.4464739204378603 1.9294480094301365
leaf_weight=40 49 56 59 3119 2026 8106 412 140 6444 4095 1161 103 406 1643 1750 5219 2018 654 1988 127 4371 698 1589 636 142 49 106 1123 161 1641
leaf_count=40 49 56 59 3119 2026 8106 412 140 6444 4095 1161 103 406 1643 1750 5219 2018 654 1988 127 4371 698 1589 636 142 49 106 1123 161 1641
internal_value=-0.00544096 1.18879 -1.06995 -0.873212 2.04903 0.380935 -2.67993 1.68999 -0.55415 -0.756265 4.4034 -3.58915 -4.67927 2.15883 -0.0390063 -0.231267 -1.33412 -1.74374 -1.57698 -5.7127 1.31228 -3.37848 3.29639 1.97336 3.68913 8.8143 7.00556 -4.22838 2.98174 0.96233
internal_weight=50131 23626 26505 24585 11442 12184 3690 9928 20895 17776 1514 1920 1207 2328 9856 9314 8462 713 2155 167 8038 801 1890 2279 1303 211 162 1535 1750 6012
internal_count=50131 23626 26505 24585 11442 12184 3690 9928 20895 17776 1514 1920 1207 2328 9856 9314 8462 713 2155 167 8038 801 1890 2279 1303 211 162 1535 1750 6012
is_linear=0
shrinkage=0.05


Tree=97
num_leaves=31
num_cat=0
split_feature=8 8 7 8 7 4 4 7 4 1 4 1 4 4 8 1 0 1 7 1 8 4 7 1 4 4 8 8 4 8
split_gain=2.30066e+07 5.99896e+06 4.7423e+06 5.12459e+06 3.52474e+06 3.48333e+06 2.31793e+06 2.26141e+06 2.12675e+06 2.16406e+06 2.00844e+06 4.62339e+06 1.96707e+06 1.94934e+06 1.63289e+06 1.98661e+06 1.4502e+06 1.56316e+06 1.38031e+06 1.28896e+06 1.28215e+06 1.93575e+06 1.64005e+06 1.24472e+06 1.47043e+06 3.7611e+06 1.21693e+06 1.19742e+06 1.19519e+06 1.29507e+06
threshold=9808.4637500000008 13398.315000000002 10511.770000000002 7375.7850000000008 9320.4587500000034 1.0000000180025095e-35 7.5000000000000009 7485.2225000000008 7.5000000000000009 7.5000000000000009 6.5000000000000009 6.5000000000000009 22.500000000000004 16.500000000000004 15796.430000000002 3.5000000000000004 30.673125000000002 3.5000000000000004 7211.8275000000003 2.5000000000000004 8740.0525000000016 19.500000000000004 9042.1812500000015 3.5000000000000004 17.500000000000004 16.500000000000004 8925.5675000000028 12332.350000000002 18.500000000000004 11536.791250000002
decision_type=2 2 2 2 2 2 2 2 2 2 2 2 2 2 2 2 2 2 2 2 2 2 2 2 2 2 2 2 2 2
left_child=2 4 3 7 13 27 -4 -1 9 19 11 -5 16 18 15 -10 -7 -18 -2 -3 22 23 -12 -22 25 -25 -8 -6 29 -15
right_child=1 8 6 10 5 12 26 -9 14 -11 20 -13 -14 28 -16 -17 17 -19 -20 -21 21 -23 -24 24 -26 -27 -28 -29 -30 -31
leaf_value=-1.4578214919238868 10.224986517177502 5.8484643200922282 -1.6633357357657979 -1.0287988703353279 4.1219419610377761 -0.15812286891797822 -7.73739836627575 -3.8988409059622819 0.90531898860418281 9.2679719787977994 -0.95137082229232905 1.8425573820369341 5.6404411153763725 -3.106769172363637 3.8140192736698459 3.0165811609628665 -2.839041536705238 1.6504470495491774 3.0821119061981204 2.3691643737034016 -3.3086564090206809 0.76557474702825001 -2.9746863518018873 -0.41002037554219506 0.97011950265424574 -5.3507811499255924 -3.9251271781995669 15.410744842529297 4.5234014948209129 5.6175654792785643
leaf_weight=2229 71 358 955 3059 389 10969 307 1652 3838 168 7101 2588 161 285 904 1570 214 2063 1427 1038 502 2590 1166 2221 1011 466 658 25 96 50
leaf_count=2229 71 358 955 3059 389 10969 307 1652 3838 168 7101 2588 161 285 904 1570 214 2063 1427 1038 502 2590 1166 2221 1011 466 658 25 96 50
internal_value=-0.00516891 1.12935 -1.01645 -0.829552 0.565938 0.286498 -3.40969 -2.49687 2.25603 3.90663 -0.517009 0.287133 0.147011 2.56809 1.84704 1.51824 0.0802406 1.22851 3.42066 3.26142 -0.818596 -0.30949 -1.23674 -0.972446 -0.655308 -1.26688 -5.13794 4.80363 -0.395138 -1.80463
internal_weight=50131 23626 26505 24585 15750 13821 1920 3881 7876 1564 20704 5647 13407 1929 6312 5408 13246 2277 1498 1396 15057 6790 8267 4200 3698 2687 965 414 431 335
internal_count=50131 23626 26505 24585 15750 13821 1920 3881 7876 1564 20704 5647 13407 1929 6312 5408 13246 2277 1498 1396 15057 6790 8267 4200 3698 2687 965 414 431 335
is_linear=0
shrinkage=0.05


Tree=98
num_leaves=31
num_cat=0
split_feature=8 6 8 6 6 6 8 8 8 6 6 6 6 8 8 7 7 6 8 6 6 4 6 4 8 8 7 6 8 1
split_gain=2.10055e+07 7.69031e+06 8.19675e+06 5.9363e+06 4.43953e+06 3.76916e+06 4.05663e+06 3.17218e+06 3.08209e+06 3.92649e+06 3.83494e+06 2.8656e+06 2.63286e+06 3.34036e+06 2.3807e+06 2.31553e+06 2.28542e+06 2.26451e+06 2.20294e+06 2.10658e+06 2.05615e+06 2.04596e+06 1.88238e+06 2.4815e+06 2.42088e+06 1.84852e+06 1.78996e+06 2.11019e+06 1.99263e+06 1.74996e+06
threshold=11730.305000000002 12135.128750000002 8518.3912500000024 8363.4050000000007 8592.5562500000015 11836.735000000002 13796.932500000001 7064.0087500000009 9577.5025000000023 9034.5450000000001 9523.157500000003 7413.2812500000009 11219.600000000002 10535.487500000001 7733.2925000000005 9918.4200000000019 10540.642500000002 14566.588750000001 10996.808750000002 7161.2675000000008 14498.323750000001 1.0000000180025095e-35 13997.853750000004 16.500000000000004 15417.848750000003 9330.0212500000034 14844.657500000003 14498.323750000001 14563.515000000001 7.5000000000000009
decision_type=2 2 2 2 2 2 2 2 2 2 2 2 2 2 2 2 2 2 2 2 2 2 2 2 2 2 2 2 2 2
left_child=1 2 4 25 7 -2 17 19 9 -5 18 -9 13 16 -13 -11 -12 21 -10 -1 -3 -7 23 -8 26 -4 -24 -28 -29 -26
right_child=5 20 3 8 -6 6 22 11 10 15 12 14 -14 -15 -16 -17 -18 -19 -20 -21 -22 -23 24 -25 29 -27 27 28 -30 -31
leaf_value=-1.9990016716361407 4.188971016595997 -5.0625562717480701 2.8846045683342343 0.27326716845470489 -3.8715932333975207 9.6862449737389884 4.8806771270186449 1.0703957510046691 2.5104819208829086 -1.1381889019272287 0.38396655068910263 -2.6367269496543364 -1.5821715928342825 1.6653861604326075 -0.64260505894302522 -3.6365359541743985 -1.9476491639890932 -7.6275112272679131 16.425581544021082 -5.6113091280299523 -13.842403160898309 0.39849202919533161 1.8468629280505959 -3.0271620064431972 2.9702798169534419 9.689507906003433 3.2363321587497147 -6.7585075673881496 -0.61607281657860435 10.75804456361135
leaf_weight=2026 1370 544 1076 4540 1691 60 1011 1799 1480 3706 3175 1991 1936 3400 6029 1237 1571 87 29 504 76 5044 2431 110 1888 110 277 163 695 75
leaf_count=2026 1370 544 1076 4540 1691 60 1011 1799 1480 3706 3175 1991 1936 3400 6029 1237 1571 87 29 504 76 5044 2431 110 1888 110 277 163 695 75
internal_value=-0.00491047 -0.617149 -0.52284 0.0738639 -1.4689 1.70608 1.41881 -1.13988 -0.119838 -0.788347 0.427092 -0.733104 0.0752396 0.469144 -1.13765 -1.76341 -0.387835 0.37133 2.7779 -2.71861 -6.1388 0.507674 2.23647 4.10471 1.85768 3.51575 1.08143 -0.558012 -1.78299 3.26783
internal_weight=50131 36920 36300 22260 14040 13211 11841 12349 21074 9483 11591 9819 10082 8146 8020 4943 4746 5191 1509 2530 620 5104 6650 1121 5529 1186 3566 1135 858 1963
internal_count=50131 36920 36300 22260 14040 13211 11841 12349 21074 9483 11591 9819 10082 8146 8020 4943 4746 5191 1509 2530 620 5104 6650 1121 5529 1186 3566 1135 858 1963
is_linear=0
shrinkage=0.05


Tree=99
num_leaves=31
num_cat=0
split_feature=8 6 8 6 6 6 8 8 6 8 6 6 6 8 6 6 8 8 1 4 6 1 8 8 4 6 4 6 8 6
split_gain=1.90868e+07 7.17756e+06 7.03851e+06 5.61966e+06 3.99961e+06 3.74451e+06 3.03039e+06 2.90958e+06 4.11408e+06 2.88821e+06 3.15227e+06 3.14916e+06 2.73973e+06 2.46933e+06 2.22455e+06 2.06916e+06 3.8209e+06 2.27949e+06 2.0853e+06 2.03116e+06 2.01733e+06 1.98769e+06 1.89106e+06 1.79838e+06 1.64107e+06 1.63237e+06 1.6007e+06 1.57307e+06 1.54128e+06 1.44894e+06
threshold=11407.567500000001 11735.470000000003 8574.8900000000012 8500.220000000003 8592.5562500000015 10043.071250000003 7248.9962500000011 14563.515000000001 14566.588750000001 9577.5025000000023 9659.246250000002 10374.735000000002 6890.3150000000005 10473.683750000002 14151.468750000002 11836.735000000002 12332.350000000002 12261.76 3.5000000000000004 22.500000000000004 7293.3300000000008 3.5000000000000004 6464.4537500000015 9366.907500000003 1.0000000180025095e-35 9781.8625000000011 15.500000000000002 11219.600000000002 7449.8550000000005 7763.7775000000011
decision_type=2 2 2 2 2 2 2 2 2 2 2 2 2 2 2 2 2 2 2 2 2 2 2 2 2 2 2 2 2 2
left_child=1 2 4 23 6 -2 20 8 15 10 -5 -11 -8 -13 -3 17 -17 26 -19 -15 22 -9 -1 -4 -18 28 27 -7 -6 -14
right_child=5 14 3 9 25 7 12 21 -10 11 -12 13 29 19 -16 16 24 18 -20 -21 -22 -23 -24 -25 -26 -27 -28 -29 -30 -31
leaf_value=-3.7834167187705328 8.5279488762959517 -4.6929889749741669 2.4101633111715195 -0.44159898186314478 -10.209177677051443 4.8816146402117031 5.6859135429238714 2.1428223518292668 -3.1821614317834594 1.2143627528255474 -3.1186119449570295 -2.2944605683875707 0.21321056190289359 0.056183399636490043 -13.815716684977213 -1.4870263257055547 14.155895477294923 0.69370364631925319 7.8635677405727025 10.63810886092808 -4.7326361059331274 5.5128610665719195 -0.83474600050722969 8.481458602319087 1.3192050298119424 -9.5815395061786361 -1.4544684834361818 1.2933861408161196 -2.8421286728209672 -1.1315456578489282
leaf_weight=772 188 613 1471 7197 74 452 171 3604 562 5462 1298 1419 2945 3198 75 1445 25 147 327 46 698 498 1839 133 6092 104 322 942 1749 6263
leaf_count=772 188 613 1471 7197 74 452 171 3604 562 5462 1298 1419 2945 3198 75 1445 25 147 327 46 698 498 1839 133 6092 104 322 942 1749 6263
internal_value=-0.00466494 -0.630183 -0.530311 0.0738368 -1.36632 1.51703 -1.04397 1.4256 0.977627 -0.17079 -0.850635 0.399609 -0.584996 -0.554753 -5.68747 1.21735 0.825409 2.57072 5.64 0.206235 -2.3449 2.55196 -1.70659 2.91358 1.37167 -3.48876 1.72291 2.45686 -3.14118 -0.701451
internal_weight=50131 35527 34839 20224 14615 14604 12688 14416 10314 18620 8495 10125 9379 4663 688 9752 7562 2190 474 3244 3309 4102 2611 1604 6117 1927 1716 1394 1823 9208
internal_count=50131 35527 34839 20224 14615 14604 12688 14416 10314 18620 8495 10125 9379 4663 688 9752 7562 2190 474 3244 3309 4102 2611 1604 6117 1927 1716 1394 1823 9208
is_linear=0
shrinkage=0.05


Tree=100
num_leaves=31
num_cat=0
split_feature=4 4 4 4 1 4 4 1 4 1 4 1 6 1 4 5 4 5 4 1 6 1 7 4 4 5 4 4 5 1
split_gain=8.59052e+06 3.07058e+06 4.37218e+06 2.53419e+06 2.46233e+06 2.22475e+06 3.34622e+06 2.54135e+06 1.79137e+06 1.78335e+06 3.31558e+06 3.04962e+06 1.61697e+06 1.77763e+06 1.5607e+06 1.68472e+06 1.35334e+06 2.51043e+06 1.77724e+06 1.66239e+06 1.33652e+06 1.32278e+06 1.25515e+06 1.96488e+06 1.26041e+06 1.65186e+06 1.19844e+06 1.17133e+06 3.6093e+06 2.48974e+06
threshold=15.500000000000002 4.5000000000000009 7.5000000000000009 13.500000000000002 7.5000000000000009 20.500000000000004 16.500000000000004 3.5000000000000004 18.500000000000004 6.5000000000000009 1.5000000000000002 3.5000000000000004 11956.520000000002 5.5000000000000009 22.500000000000004 1.0000000180025095e-35 17.500000000000004 1.0000000180025095e-35 16.500000000000004 11.500000000000002 10599.892500000002 3.5000000000000004 9945.4300000000021 1.5000000000000002 2.5000000000000004 1.0000000180025095e-35 16.500000000000004 18.500000000000004 1.0000000180025095e-35 9.5000000000000018
decision_type=2 2 2 2 2 2 2 2 2 2 2 2 2 2 2 2 2 2 2 2 2 2 2 2 2 2 2 2 2 2
left_child=1 9 12 -4 5 6 -2 14 -8 10 11 -1 13 -3 -7 -16 17 18 -6 26 -21 -10 23 -11 25 -25 -19 28 -18 -30
right_child=4 2 3 -5 16 7 8 -9 21 22 -12 -13 -14 -15 15 -17 27 19 -20 20 -22 -23 -24 24 -26 -27 -28 -29 29 -31
leaf_value=2.5347502169111422 1.2416772701957797 -0.13172843999101289 0.013113309240870397 1.4317839709833091 3.9727200639664488 0.88920070981146504 -2.4846270380961482 -0.59958100471998288 -1.9687322622736296 -0.45090700490956881 -1.8273548117824572 -1.1333625735117461 3.0525721554658993 2.0819583448192382 -0.53612215846357214 5.7993095213204482 -5.5508586275350789 -5.1855519974615492 -2.9117721723816383 -6.4190652746175019 -17.37983891255147 0.28117042809156334 -1.8531363789679358 -0.48606272677511531 0.8583428613684444 4.5891837061002514 -1.6732996766441748 -1.6622649811461816 5.7776585243694436 -0.92325733291836931
leaf_weight=1097 1307 1357 12451 4213 186 1137 2711 2366 1125 1857 3404 1172 2107 2734 142 402 184 497 189 112 37 1558 515 216 1494 622 475 3705 286 269
leaf_count=1097 1307 1357 12451 4213 186 1137 2711 2366 1125 1857 3404 1172 2107 2734 142 402 184 497 189 112 37 1558 515 216 1494 622 475 3705 286 269
internal_value=0.00498913 0.469708 0.793477 0.371782 -0.920633 -0.46912 -1.02816 0.456537 -1.57816 -0.243601 -0.840472 0.640071 1.92725 1.34767 1.94302 4.14558 -1.73761 -3.03839 0.502936 -4.22304 -9.14087 -0.662229 0.476222 0.762596 1.72892 3.28101 -3.46917 -1.29973 0.517857 2.52983
internal_weight=49927 33239 22862 16664 16688 10748 6701 4047 5394 10377 5673 2269 6198 4091 1681 544 5940 1496 375 1121 149 2683 4704 4189 2332 838 972 4444 739 555
internal_count=49927 33239 22862 16664 16688 10748 6701 4047 5394 10377 5673 2269 6198 4091 1681 544 5940 1496 375 1121 149 2683 4704 4189 2332 838 972 4444 739 555
is_linear=0
shrinkage=0.05


Tree=101
num_leaves=31
num_cat=0
split_feature=8 8 8 1 4 1 4 4 1 1 4 8 4 1 8 4 8 1 4 1 0 4 4 1 1 8 5 4 4 4
split_gain=1.67681e+07 4.46471e+06 3.37366e+06 2.54203e+06 2.3579e+06 4.11393e+06 3.06328e+06 3.84219e+06 2.64229e+06 3.38866e+06 2.15009e+06 2.08003e+06 2.04006e+06 1.62339e+06 1.96557e+06 2.49299e+06 1.6055e+06 1.51505e+06 2.39566e+06 3.33316e+06 1.85891e+06 2.12192e+06 1.51336e+06 1.60904e+06 1.46804e+06 1.40502e+06 1.31505e+06 4.11353e+06 3.45046e+06 2.68169e+06
threshold=9754.8725000000031 12792.373750000001 7555.3212500000009 3.5000000000000004 6.5000000000000009 5.5000000000000009 17.500000000000004 16.500000000000004 6.5000000000000009 10.500000000000002 1.0000000180025095e-35 15095.071250000003 7.5000000000000009 9.5000000000000018 5948.7587500000009 8.5000000000000018 8778.3912500000024 2.5000000000000004 6.5000000000000009 5.5000000000000009 30.120625000000008 18.500000000000004 8.5000000000000018 2.5000000000000004 4.5000000000000009 15271.990000000002 1.0000000180025095e-35 17.500000000000004 17.500000000000004 7.5000000000000009
decision_type=2 2 2 2 2 2 2 2 2 2 2 2 2 2 2 2 2 2 2 2 2 2 2 2 2 2 2 2 2 2
left_child=2 10 13 11 5 -4 7 8 -6 -10 -2 22 -5 -1 -15 -16 -8 -12 19 -19 21 26 -3 -24 -22 -14 27 29 -28 -20
right_child=1 3 4 12 6 -7 16 -9 9 -11 17 -13 25 14 15 -17 -18 18 20 -21 24 -23 23 -25 -26 -27 28 -29 -30 -31
leaf_value=-2.9662831519838861 3.8147315248713065 1.6784857804083229 -1.6754355118197901 6.3686708502690585 -0.41692274835696397 1.1497447427030429 -0.90936534089829812 -5.0347331557773121 -5.0289283694194857 -0.54286030789702533 -0.95831229992125067 2.3770515040568543 2.2599615375479085 -6.2261963487008201 0.83545742918490662 -2.4630292601735477 0.41012357023799056 -0.66163428872722907 6.7900172622446071 3.5144035131728404 0.25112585182387354 2.9754816144202714 0.40080624999284514 -2.9242632056567524 2.4925196502946854 8.7084000468254086 -1.1841651833601121 -12.27598243163804 8.5475950238525229 0.40458026990217877
leaf_weight=2447 445 1913 1894 408 2949 4031 5934 819 886 802 2084 2742 2107 177 1186 1108 3770 739 187 1352 1718 460 2036 443 1271 88 4417 59 93 1362
leaf_count=2447 445 1913 1894 408 2949 4031 5934 819 886 802 2084 2742 2107 177 1186 1108 3770 739 187 1352 1718 460 2036 443 1271 88 4417 59 93 1362
internal_value=0.00473968 0.960039 -0.874181 1.78452 -0.599128 0.246641 -0.929681 -1.87756 -1.31993 -2.89751 0.394168 1.29653 3.12197 -2.05342 -1.14942 -0.757709 -0.396744 0.283402 0.505372 2.03851 0.170284 -0.299532 0.621934 -0.193387 1.20422 2.51849 -0.545774 0.681896 -0.983488 1.17545
internal_weight=49927 23924 26003 9737 21085 5925 15160 5456 4637 1688 14187 7134 2603 4918 2471 2294 9704 13742 11658 2091 9567 6578 4392 2479 2989 2195 6118 1608 4510 1549
internal_count=49927 23924 26003 9737 21085 5925 15160 5456 4637 1688 14187 7134 2603 4918 2471 2294 9704 13742 11658 2091 9567 6578 4392 2479 2989 2195 6118 1608 4510 1549
is_linear=0
shrinkage=0.05


Tree=102
num_leaves=31
num_cat=0
split_feature=4 4 4 0 4 4 5 1 4 4 1 4 1 4 1 0 4 5 0 6 1 1 4 5 4 4 1 0 3 5
split_gain=7.13067e+06 2.65347e+06 3.75019e+06 2.70967e+06 2.90178e+06 2.30842e+06 2.09339e+06 2.06513e+06 1.99448e+06 2.88658e+06 2.21975e+06 1.55842e+06 1.53586e+06 2.92611e+06 2.6356e+06 1.52832e+06 1.37769e+06 1.5081e+06 1.24982e+06 1.24043e+06 1.21628e+06 1.15482e+06 1.15005e+06 2.1902e+06 1.60409e+06 1.55998e+06 1.26674e+06 1.24698e+06 1.07957e+06 1.07523e+06
threshold=15.500000000000002 4.5000000000000009 7.5000000000000009 25.814375000000002 5.5000000000000009 13.500000000000002 1.0000000180025095e-35 7.5000000000000009 20.500000000000004 16.500000000000004 3.5000000000000004 18.500000000000004 6.5000000000000009 1.5000000000000002 3.5000000000000004 25.814375000000002 22.500000000000004 1.0000000180025095e-35 24.185625000000005 8244.6412500000024 3.5000000000000004 11.500000000000002 17.500000000000004 1.0000000180025095e-35 16.500000000000004 16.500000000000004 11.500000000000002 25.275625000000005 1.0000000180025095e-35 1.0000000180025095e-35
decision_type=2 2 2 2 2 2 2 2 2 2 2 2 2 2 2 2 2 2 2 2 2 2 2 2 2 2 2 2 2 2
left_child=1 12 3 4 6 -4 -3 8 9 -2 16 15 13 14 -1 -11 -10 -18 21 29 -13 -14 23 25 26 -9 -25 -24 -21 -17
right_child=7 2 5 -5 -6 -7 -8 22 10 11 -12 20 18 -15 -16 19 17 -19 -20 28 -22 -23 27 24 -26 -27 -28 -29 -30 -31
leaf_value=2.3631472541537195 1.153554167566563 -2.1097919423446188 -0.0039954528356787858 -0.28660732427835939 3.25248398622877 1.3500074573986001 1.7331113190106142 3.772433376248165 0.85026877590618133 -5.4565353841471254 -0.53590591191129155 -1.8639695491459634 -0.24979433621391889 -1.7162127906733333 -1.0468985542429312 -4.213902292439812 -0.51973469667661365 5.4744107125855201 2.2821792466432052 -1.6364882497741915 0.29346658387101843 2.339711432582964 -1.6712587297295074 -4.8664060644363198 -1.9757491804598741 -2.6775323897442491 -12.006123887317282 0.25440395100879259 -4.2500876551713338 2.574250370275927
leaf_weight=1097 1307 476 12451 1264 3071 4213 1387 186 1137 338 2366 1125 3447 3404 1172 76 142 402 765 1511 1558 492 3318 497 553 189 71 1126 535 251
leaf_count=1097 1307 476 12451 1264 3071 4213 1387 186 1137 338 2366 1125 3447 3404 1172 76 142 402 765 1511 1558 492 3318 497 553 189 71 1126 535 251
internal_value=0.00450269 0.427898 0.728873 1.77891 2.30805 0.338324 0.751242 -0.838811 -0.425316 -0.954635 0.451127 -1.46546 -0.235195 -0.789103 0.601766 -2.31094 1.84037 3.90976 0.432815 -1.8629 -0.611161 0.0736474 -1.587 -2.7861 -3.89262 0.521651 -5.75887 -1.18334 -2.31991 0.996576
internal_weight=49927 33239 22862 6198 4934 16664 1863 16688 10748 6701 4047 5394 10377 5673 2269 2711 1681 544 4704 2373 2683 3939 5940 1496 1121 375 568 4444 2046 327
internal_count=49927 33239 22862 6198 4934 16664 1863 16688 10748 6701 4047 5394 10377 5673 2269 2711 1681 544 4704 2373 2683 3939 5940 1496 1121 375 568 4444 2046 327
is_linear=0
shrinkage=0.05


Tree=103
num_leaves=31
num_cat=0
split_feature=6 3 0 5 6 7 7 1 6 6 1 7 0 7 1 6 7 0 5 7 7 1 7 0 6 7 7 1 1 0
split_gain=3.83385e+06 1.40781e+06 1.08304e+06 984303 982893 891720 766473 770520 893243 708401 709873 1.1813e+06 708331 715308 521027 509032 1.37791e+06 965318 811876 771996 625833 927363 519882 489416 527554 1.03672e+06 484135 475296 563121 514029
threshold=12346.446250000003 1.0000000180025095e-35 29.366875000000004 1.0000000180025095e-35 5948.7587500000009 6180.5912500000004 13744.677500000003 7.5000000000000009 11452.620000000001 11110.028750000001 6.5000000000000009 12853.755000000003 18.556250000000002 11087.642500000004 3.5000000000000004 9883.3705500000015 10572.312500000002 21.810625000000005 1.0000000180025095e-35 6687.0000000000009 8767.4512500000019 4.5000000000000009 11005.737500000001 25.465625000000006 8705.1962500000027 7592.7275000000009 14105.987500000001 7.5000000000000009 9.5000000000000018 22.923125000000002
decision_type=2 2 2 2 2 2 2 2 2 2 2 2 2 2 2 2 2 2 2 2 2 2 2 2 2 2 2 2 2 2
left_child=1 2 12 -2 5 -3 23 -8 -9 -4 11 14 13 -1 -11 18 17 -17 -14 -19 -20 22 -22 24 -6 -26 -12 -21 29 -29
right_child=3 4 9 -5 6 -7 7 8 -10 10 26 -13 15 -15 -16 16 -18 19 20 27 21 -23 -24 -25 25 -27 -28 28 -30 -31
leaf_value=1.0942834082020432 1.6317838169318819 -14.65935093164444 0.33788304391351337 0.54925423651975824 -0.86618282849100448 -0.72309426069259652 3.9032082441534315 0.98707648391780989 -5.7131014032635719 -5.845791726112366 3.906904447349635 4.4090755879443924 -1.0349178223386644 8.1377143297439982 -0.26551128551259356 -1.5220788927001543 -0.56880834238526368 11.112541236877442 0.086947995027527217 0.53673180031713019 0.18658844758804466 -1.194994422107005 4.4548406717024349 -1.0625987599170008 3.8262772538430165 -0.13661858319016337 -4.0837884545326233 -3.8588824446384722 0.82574310521776173 3.3273226231824737
leaf_weight=476 2810 24 5246 8309 2574 22 175 291 60 50 363 137 3798 39 256 339 3117 20 7275 1175 1164 2792 76 5982 180 1985 20 26 566 580
leaf_count=476 2810 24 5246 8309 2574 22 175 291 60 50 363 137 3798 39 256 339 3117 20 7275 1175 1164 2792 76 5982 180 1985 20 26 566 580
internal_value=0.00427756 -0.230249 -0.037318 0.822832 -0.700318 -7.99418 -0.670487 1.19299 -0.158253 0.552182 1.91321 0.5503 -0.204246 1.62767 -1.17732 -0.249326 0.147834 0.973323 -0.402432 1.33071 -0.189982 -0.68965 0.448191 -0.761914 -0.382362 0.19286 3.48964 1.24736 1.9598 3.019
internal_weight=49927 38808 27515 11119 11293 46 11247 526 351 6072 826 443 21443 515 306 20928 5823 2706 15105 2367 11307 4032 1240 10721 4739 2165 383 2347 1172 606
internal_count=49927 38808 27515 11119 11293 46 11247 526 351 6072 826 443 21443 515 306 20928 5823 2706 15105 2367 11307 4032 1240 10721 4739 2165 383 2347 1172 606
is_linear=0
shrinkage=0.05


Tree=104
num_leaves=31
num_cat=0
split_feature=8 6 8 8 6 6 6 8 6 6 6 8 6 8 8 6 7 1 8 8 1 7 8 6 8 6 6 8 8 6
split_gain=1.39648e+07 5.60515e+06 4.03309e+06 3.65855e+06 4.80388e+06 4.0513e+06 3.46741e+06 3.19621e+06 4.64045e+06 3.94988e+06 2.7708e+06 2.59018e+06 2.3677e+06 2.15004e+06 2.10586e+06 3.04026e+06 2.66717e+06 1.9416e+06 1.60323e+06 1.56775e+06 1.49886e+06 1.47118e+06 1.46612e+06 1.66138e+06 1.46183e+06 1.43858e+06 1.40284e+06 1.39576e+06 1.36399e+06 2.25979e+06
threshold=9834.5875000000015 10077.838750000001 7821.7800000000007 14563.515000000001 14843.492500000002 9883.3705500000015 7823.9275000000007 12261.76 11452.620000000001 12273.535000000002 14566.588750000001 10711.386250000001 8038.1137500000013 10958.562500000002 8887.9125000000022 8797.657500000003 8988.8662500000009 3.5000000000000004 8411.6475000000009 15629.727500000001 8.5000000000000018 14844.657500000003 6543.7850000000008 6687.0000000000009 8850.0962500000023 10803.022500000001 13235.073750000001 11361.776250000001 12792.373750000001 13300.582500000002
decision_type=2 2 2 2 2 2 2 2 2 2 2 2 2 2 2 2 2 2 2 2 2 2 2 2 2 2 2 2 2 2
left_child=1 2 12 4 5 13 18 8 11 17 -5 25 22 -2 16 -16 -8 -9 -4 21 -19 -12 -1 -24 -3 -7 -26 -10 -11 -30
right_child=3 24 6 10 -6 7 14 9 27 28 19 -13 -14 -15 15 -17 -18 20 -20 -21 -22 -23 23 -25 26 -27 -28 -29 29 -31
leaf_value=-3.063919282900017 2.3249583369203002 -10.57270056370939 1.2238050780686534 5.4050635588849154 -5.6591323770557924 0.142168099348433 -0.48583740240295248 0.93822646531462672 -3.4979685933368381 -0.9282366319333083 2.2996918788425336 1.5428730937363697 -3.9509521608657026 7.796823346881725 2.1715932103156748 -0.3429523182619354 -2.4162758068079664 7.6059413429740506 5.3681251514848354 3.0530767804024133 2.6527267542122805 -0.32517628188011372 1.4249241051864261 -1.3068814335547527 -3.4197927557034258 -2.3162193953647487 -12.672610364135268 -1.0860842568041822 2.7264057589252571 0.43329002456132221
leaf_weight=976 1680 89 1353 596 301 2989 7246 300 855 946 986 3524 987 201 1495 6135 2376 417 282 1349 241 1164 644 4099 865 743 43 2010 1554 3481
leaf_count=976 1680 89 1353 596 301 2989 7246 300 855 946 986 3524 987 201 1495 6135 2376 417 282 1349 241 1164 644 4099 865 743 43 2010 1554 3481
internal_value=0.00406368 -0.779336 -0.636054 0.896664 0.607859 0.707451 -0.262049 0.464639 -0.102037 1.29117 2.25373 0.57071 -1.68942 2.90967 -0.470608 0.14974 -0.962528 4.27187 1.93861 1.71695 5.79177 0.8786 -1.29912 -0.935959 -4.45739 -0.34727 -3.85798 -1.80586 0.813744 1.14104
internal_weight=49927 26590 25593 23337 19242 18941 18887 17060 10121 6939 4095 7256 6706 1881 17252 7630 9622 958 1635 3499 658 2150 5719 4743 997 3732 908 2865 5981 5035
internal_count=49927 26590 25593 23337 19242 18941 18887 17060 10121 6939 4095 7256 6706 1881 17252 7630 9622 958 1635 3499 658 2150 5719 4743 997 3732 908 2865 5981 5035
is_linear=0
shrinkage=0.05


Tree=105
num_leaves=31
num_cat=0
split_feature=8 6 8 6 6 6 8 6 8 8 6 6 6 8 6 6 8 8 8 6 8 6 8 1 8 8 1 7 7 6
split_gain=1.34151e+07 6.39064e+06 5.31694e+06 4.658e+06 3.58376e+06 3.42611e+06 2.68295e+06 3.91603e+06 2.42886e+06 2.30205e+06 3.04129e+06 2.60392e+06 2.14317e+06 2.10952e+06 3.21609e+06 1.9341e+06 1.87543e+06 1.85804e+06 1.72776e+06 1.70543e+06 1.57532e+06 1.56342e+06 1.44482e+06 1.43712e+06 1.407e+06 1.39237e+06 1.3599e+06 2.11852e+06 1.35753e+06 1.35384e+06
threshold=11730.305000000002 12194.766250000002 8427.2587500000027 8347.2850000000017 8347.2850000000017 11735.470000000003 13398.315000000002 13347.875000000002 7248.9962500000011 9227.6900000000005 11219.600000000002 9034.5450000000001 13235.073750000001 10711.386250000001 9809.8516500000023 7450.6750000000002 10040.423750000002 12534.63125 7375.7850000000008 14498.323750000001 16180.853750000002 7161.2675000000008 6370.5687500000013 11.500000000000002 9330.0212500000034 9860.1925000000028 3.5000000000000004 11718.938750000001 9918.4200000000019 10599.892500000002
decision_type=2 2 2 2 2 2 2 2 2 2 2 2 2 2 2 2 2 2 2 2 2 2 2 2 2 2 2 2 2 2
left_child=1 2 4 24 8 26 7 17 21 11 13 -5 -8 14 25 -10 -16 -7 -6 -3 -14 22 -1 -19 -4 -11 27 -2 -13 -18
right_child=5 19 3 9 18 6 12 -9 15 10 -12 28 20 -15 16 -17 29 23 -20 -21 -22 -23 -24 -25 -26 -27 -28 -29 -30 -31
leaf_value=-3.4113839447155039 -2.8268651274551604 -4.6930857423761791 2.344283263911032 -0.088305311776605444 -9.2252021000935489 -0.47288258958868412 4.9184445621079425 -3.3933514343787516 1.3779515144325587 0.60883618162988651 -1.5846126917912344 -1.3783442327883579 1.3602371431447 1.7607865615332465 -1.8796501638118295 -0.68901481500606321 0.79616564283990832 2.3152877969545864 -2.6400970787291573 -12.839897676416346 6.021592296551793 -3.7015034421683684 -0.55099950540899278 -1.820625993849468 8.4828594876527799 2.5542704353945576 5.0294430900563745 5.8653808050921992 -3.852695726267267 -1.5186536909443338
leaf_weight=586 158 487 1403 4323 104 1616 483 665 1403 3844 1992 2078 7101 2687 2042 5854 2065 1733 2359 74 186 902 1790 239 100 1209 844 126 756 910
leaf_count=586 158 487 1403 4323 104 1616 483 665 1403 3844 1992 2078 7101 2687 2042 5854 2065 1733 2359 74 186 902 1790 239 100 1209 844 126 756 910
internal_value=0.0160965 -0.471805 -0.390199 0.0600521 -1.20109 1.38761 1.14041 0.13085 -0.799653 -0.124694 0.232356 -0.860498 1.69301 0.516075 0.183946 -0.289407 -0.712804 0.784026 -2.91815 -5.76771 1.47922 -1.92926 -1.25646 1.81403 2.7527 1.07431 4.02238 1.02955 -2.0384 0.0881033
internal_weight=50119 36968 36407 23409 12998 13151 12023 4253 10535 21906 14749 7157 7770 12757 10070 7257 5017 3588 2463 561 7287 3278 2376 1972 1503 5053 1128 284 2834 2975
internal_count=50119 36968 36407 23409 12998 13151 12023 4253 10535 21906 14749 7157 7770 12757 10070 7257 5017 3588 2463 561 7287 3278 2376 1972 1503 5053 1128 284 2834 2975
is_linear=0
shrinkage=0.05


Tree=106
num_leaves=31
num_cat=0
split_feature=4 4 4 5 4 0 1 4 1 4 4 5 4 0 4 4 1 5 0 4 7 1 4 5 4 4 0 6 0 5
split_gain=5.99173e+06 2.16404e+06 4.18706e+06 5.13518e+06 2.41694e+06 3.06987e+06 1.71064e+06 2.27682e+06 2.27708e+06 2.17511e+06 1.56835e+06 2.64237e+06 9.20251e+06 2.44845e+06 1.55848e+06 1.38898e+06 1.35627e+06 1.33876e+06 1.33819e+06 1.22652e+06 1.28454e+06 1.26213e+06 1.15551e+06 2.53417e+06 1.39946e+06 1.21109e+06 1.10644e+06 1.09469e+06 1.3004e+06 1.28537e+06
threshold=15.500000000000002 4.5000000000000009 6.5000000000000009 1.0000000180025095e-35 5.5000000000000009 25.239375000000006 7.5000000000000009 20.500000000000004 3.5000000000000004 16.500000000000004 13.500000000000002 1.0000000180025095e-35 8.5000000000000018 25.315625000000008 18.500000000000004 22.500000000000004 11.500000000000002 1.0000000180025095e-35 25.814375000000002 2.5000000000000004 7766.2912500000011 7.5000000000000009 17.500000000000004 1.0000000180025095e-35 16.500000000000004 16.500000000000004 24.460625000000007 8669.228750000002 22.923125000000002 1.0000000180025095e-35
decision_type=2 2 2 2 2 2 2 2 2 2 2 2 2 2 2 2 2 2 2 2 2 2 2 2 2 2 2 2 2 2
left_child=1 16 3 -3 -5 -6 7 9 15 -2 11 12 13 -4 18 -9 19 -17 -11 27 21 -21 23 25 -25 -8 -24 -1 29 -29
right_child=6 2 10 4 5 -7 22 8 -10 14 -12 -13 -14 -15 -16 17 -18 -19 -20 20 -22 -23 26 24 -26 -27 -28 28 -30 -31
leaf_value=-0.5451696913239007 0.84284278651808986 -0.93591608591661035 7.3465640293321757 1.7260578693541992 5.8675392741815422 0.97376297532645395 3.6841820353671064 0.96445439589413484 -0.44295910919652937 -5.2375231971494332 1.209353413565893 -0.28030412980814912 -0.30364859839812836 2.4386309148899321 -0.54722724697038949 -0.39323129658515638 2.336261810477875 5.4164378097539316 -1.8321611451405619 -1.3526141246309014 -1.4721684613974624 2.5708260958765101 -1.8195627248532227 -5.5823207190854758 -2.0537472262665899 -2.0256762602975251 -0.2448517744776143 2.6697247441911021 1.51190687182188 -1.7778753067649078
leaf_weight=3003 1360 1052 596 1603 1132 447 193 1116 2339 329 4154 10961 2631 443 2694 130 503 418 2343 383 3123 441 2238 564 560 179 2224 211 2043 706
leaf_count=3003 1360 1052 596 1603 1132 447 193 1116 2339 329 4154 10961 2631 443 2694 130 503 418 2343 383 3123 441 2238 564 560 179 2224 211 2043 706
internal_value=0.0152917 0.401528 0.672089 2.09249 3.09371 4.48216 -0.758523 -0.381272 0.562878 -0.943185 0.351941 0.108506 1.26975 5.25396 -1.39585 1.97673 -0.196576 4.03823 -2.25146 -0.325135 -1.00884 0.747188 -1.43787 -2.64043 -3.82431 0.936696 -1.03468 0.127421 0.809783 -0.754491
internal_weight=50119 33432 23019 4234 3182 1579 16687 10729 4003 6726 18785 14631 3670 1039 5366 1664 10413 548 2672 9910 3947 824 5958 1496 1124 372 4462 5963 2960 917
internal_count=50119 33432 23019 4234 3182 1579 16687 10729 4003 6726 18785 14631 3670 1039 5366 1664 10413 548 2672 9910 3947 824 5958 1496 1124 372 4462 5963 2960 917
is_linear=0
shrinkage=0.05


Tree=107
num_leaves=31
num_cat=0
split_feature=4 4 4 5 4 0 1 0 5 4 0 6 5 1 4 1 0 4 4 5 4 4 0 4 7 5 0 4 4 6
split_gain=5.40753e+06 1.95304e+06 3.77882e+06 4.6345e+06 2.18129e+06 2.77056e+06 1.55652e+06 1.53274e+06 1.97828e+06 9.49868e+06 1.95284e+06 1.40703e+06 1.94863e+06 1.29481e+06 2.83991e+06 2.70596e+06 1.07013e+06 1.06071e+06 1.05962e+06 1.00203e+06 3.05111e+06 1.35871e+06 1.07393e+06 961908 1.32513e+06 1.12447e+06 901449 886825 878842 812132
threshold=15.500000000000002 4.5000000000000009 6.5000000000000009 1.0000000180025095e-35 5.5000000000000009 25.239375000000006 9.5000000000000018 30.990000000000006 1.0000000180025095e-35 8.5000000000000018 25.315625000000008 9368.4150000000027 1.0000000180025095e-35 6.5000000000000009 1.5000000000000002 3.5000000000000004 21.810625000000005 13.500000000000002 13.500000000000002 1.0000000180025095e-35 1.0000000180025095e-35 1.0000000180025095e-35 21.810625000000005 1.0000000180025095e-35 8727.7525000000023 1.0000000180025095e-35 24.185625000000005 16.500000000000004 1.5000000000000002 9908.9537500000024
decision_type=2 2 2 2 2 2 2 2 2 2 2 2 2 2 2 2 2 2 2 2 2 2 2 2 2 2 2 2 2 2
left_child=1 13 3 -3 -5 -6 16 8 9 10 -4 -8 27 14 15 19 -2 -10 -9 21 22 29 -21 25 26 -15 28 -13 -25 -1
right_child=6 2 7 4 5 -7 11 18 17 -11 -12 12 -14 23 -16 -17 -18 -19 -20 20 -22 -23 -24 24 -26 -27 -28 -29 -30 -31
leaf_value=5.1736083372219195 2.4221325012301307 -0.88912028864366022 6.9792358369997789 1.6397549699481837 5.5741623307101094 0.92507482245106099 -1.4078998321455884 0.54527358314655328 -0.56482175129265422 -0.66167730934505964 2.4895410444076158 3.8934860699657188 -8.0319773570944868 -3.9411242899815897 -1.6121211973203344 -1.0287282147295806 -0.56793652464961364 0.79439453406806071 2.0024267069218964 0.9141599289548229 -1.4972192763798828 8.4520486285077769 6.2152841864995763 -0.53473199066121369 -0.48926231811385396 0.014847542007735677 3.9617985748060125 -5.8366513252258301 1.7343959236975017 -2.3670796707920405
leaf_weight=74 306 1052 596 1603 1132 447 2546 3823 8025 2333 408 67 192 242 3399 1169 13540 1748 1852 142 420 141 292 591 1325 697 317 36 1535 69
leaf_count=74 306 1052 596 1603 1132 447 2546 3823 8025 2333 408 67 192 242 3399 1169 13540 1748 1852 142 420 141 292 591 1325 697 317 36 1535 69
internal_value=0.0145271 0.381451 0.638485 1.98787 2.93903 4.25805 -0.720597 0.334344 0.0371908 1.0883 5.15474 -1.78666 -5.05558 -0.186747 -0.693145 0.660822 -0.501855 -0.321712 1.02081 2.3964 1.5408 4.96922 4.48081 0.427127 0.783941 -1.00469 1.47448 0.492661 1.10361 1.53509
internal_weight=50119 33432 23019 4234 3182 1579 16687 18785 13110 3337 1004 2841 295 10413 5706 2307 13846 9773 5675 1138 854 284 434 4707 3768 939 2443 103 2126 143
internal_count=50119 33432 23019 4234 3182 1579 16687 18785 13110 3337 1004 2841 295 10413 5706 2307 13846 9773 5675 1138 854 284 434 4707 3768 939 2443 103 2126 143
is_linear=0
shrinkage=0.05


Tree=108
num_leaves=31
num_cat=0
split_feature=8 6 8 6 6 8 6 6 6 8 6 8 6 7 8 6 8 6 8 6 7 8 8 6 0 6 6 6 8 1
split_gain=1.15772e+07 6.03331e+06 4.91315e+06 3.4833e+06 3.34708e+06 2.73801e+06 3.76131e+06 3.59792e+06 2.65276e+06 2.39497e+06 4.00384e+06 2.10117e+06 2.49676e+06 2.46491e+06 2.06198e+06 2.04756e+06 1.90152e+06 1.71879e+06 1.95565e+06 1.77411e+06 1.69908e+06 1.69465e+06 1.57546e+06 2.03887e+06 1.46163e+06 1.44468e+06 1.42936e+06 1.41374e+06 1.39841e+06 1.38299e+06
threshold=12261.76 12803.120000000003 8057.0924999999997 12273.535000000002 8021.0750000000007 9227.6900000000005 9250.2250000000004 9476.8200000000015 8134.5937500000009 10189.040000000003 10599.892500000002 13930.993750000003 13347.875000000002 15159.067500000003 10958.562500000002 10374.735000000002 9148.9100000000017 14055.557500000001 15158.182500000001 15271.990000000002 14844.657500000003 6890.3150000000005 10875.905000000002 11492.810000000003 21.810625000000005 6818.9700000000012 14498.323750000001 6890.3150000000005 7333.3500000000013 3.5000000000000004
decision_type=2 2 2 2 2 2 2 2 2 2 2 2 2 2 2 2 2 2 2 2 2 2 2 2 2 2 2 2 2 2
left_child=1 2 8 29 16 6 24 14 21 15 -11 12 -5 -14 -7 -9 -4 -13 19 -19 -20 27 -12 -24 -6 -23 -3 -1 -10 -2
right_child=3 26 4 11 5 7 -8 9 28 10 22 17 13 -15 -16 -17 -18 18 20 -21 -22 25 23 -25 -26 -27 -28 -29 -30 -31
leaf_value=-1.3917009432847471 1.6265069186477001 -4.6114360820039648 1.8187878949692444 1.301539545765376 3.1375334737201532 1.5307330585370611 -2.7629248553394499 -0.51899318646030945 -7.9474381925342801 1.9752022154115805 -1.7288756860138772 3.5823239890929126 -0.90871751417622759 -13.624308282901081 10.454582132353927 -3.19030828117595 10.240772880826679 0.89895639981090403 4.7820103397681599 -2.8533066207219075 1.6531208140495239 2.4130296688281039 1.1150736883962193 -1.0113605381448876 -0.44617292090833732 -0.73180022626145702 -11.711349527695601 -4.4025878504223321 -2.7574514081612813 5.470679985878693
leaf_weight=1416 354 427 1575 2395 294 3370 1925 3550 143 2681 1536 1029 1675 39 66 899 70 2188 546 368 2113 394 2419 2111 8824 4994 85 538 1405 690
leaf_count=1416 354 427 1575 2395 294 3370 1925 3550 143 2681 1536 1029 1675 39 66 899 70 2188 546 368 2113 394 2419 2111 8824 4994 85 538 1405 690
internal_value=0.0138007 -0.398475 -0.326229 1.41453 -0.0140305 -0.144275 -0.754616 0.260967 -1.35589 -0.11429 0.366108 1.13695 0.25888 -1.19805 1.70215 -1.05878 2.17717 1.71479 1.34629 0.358724 2.29561 -0.959291 -0.345066 0.124146 -0.33062 -0.501833 -5.79013 -2.2207 -3.23689 4.1672
internal_weight=50119 38722 38210 11397 29320 27675 11043 16632 8890 13196 8747 10353 4109 1714 3436 4449 1645 6244 5215 2556 2659 7342 6066 4530 9118 5388 512 1954 1548 1044
internal_count=50119 38722 38210 11397 29320 27675 11043 16632 8890 13196 8747 10353 4109 1714 3436 4449 1645 6244 5215 2556 2659 7342 6066 4530 9118 5388 512 1954 1548 1044
is_linear=0
shrinkage=0.05


Tree=109
num_leaves=31
num_cat=0
split_feature=8 8 7 7 7 7 5 8 7 0 8 8 1 0 3 7 8 0 8 1 1 0 0 8 7 0 1 8 1 1
split_gain=1.05186e+07 3.56566e+06 2.69216e+06 2.53486e+06 1.87306e+06 1.71227e+06 1.52261e+06 1.42964e+06 1.78126e+06 1.39354e+06 1.36379e+06 1.34307e+06 1.3952e+06 1.4949e+06 1.29576e+06 1.08202e+06 1.05894e+06 1.01052e+06 1.00641e+06 1.02433e+06 1.57806e+06 926047 894713 990434 849182 824699 813019 769823 1.32093e+06 739876
threshold=11730.305000000002 8019.3900000000012 11390.996250000002 10271.996250000002 8617.4575000000023 7296.5412500000011 1.0000000180025095e-35 9497.4712500000005 9098.8137500000012 21.810625000000005 9681.353750000002 9779.907500000003 3.5000000000000004 24.151875000000008 1.0000000180025095e-35 8801.5025000000005 6890.3150000000005 20.413125000000004 15417.848750000003 3.5000000000000004 11.500000000000002 22.030625000000008 24.666875000000008 13930.993750000003 15095.360000000002 22.665625000000009 1.5000000000000002 12534.63125 1.5000000000000002 11.500000000000002
decision_type=2 2 2 2 2 2 2 2 2 2 2 2 2 2 2 2 2 2 2 2 2 2 2 2 2 2 2 2 2 2
left_child=1 4 5 22 16 10 -5 8 9 -7 -3 12 -4 -14 15 -9 21 -18 19 25 -21 -1 23 -2 -13 27 -17 28 -8 -11
right_child=3 2 11 6 -6 7 18 14 -10 29 -12 24 13 -15 -16 26 17 -19 -20 20 -22 -23 -24 -25 -26 -27 -28 -29 -30 -31
leaf_value=-0.66565061083919685 4.8634991167596091 1.6549664320158766 -12.588330263704869 1.9958516925783887 -2.7616386196721234 3.1273956176147544 5.2058410649430265 2.5245920822238634 -1.1525634601259951 -0.011537330342816001 9.1304960057590954 -0.67234518642229379 -0.252122994461007 -4.5159151661308004 -0.57221755945425745 -1.0636177083393084 2.7271540472683098 -0.71070140434854845 1.9285152716050058 1.717995276375091 -1.4052830410721011 -2.9448311122220465 2.7555110872804098 13.717003719226733 -4.3269033566117292 -0.34734321120351769 0.76161606053043984 2.1037689368611594 -2.3809536841183681 -3.0938755279809387
leaf_weight=781 216 807 37 3008 1777 352 73 791 4662 8984 66 2952 363 474 2356 685 224 4672 1404 2460 484 1038 817 37 168 3626 5580 758 268 199
leaf_count=781 216 807 37 3008 1777 352 73 791 4662 8984 66 2952 363 474 2356 685 224 4672 1404 2460 484 1038 817 37 168 3626 5580 758 268 199
internal_value=0.0131107 -0.418919 -0.15076 1.22756 -1.31813 0.045604 1.02097 -0.0348042 -0.351605 0.0400116 2.22013 -1.35441 -3.08677 -2.66674 0.443056 0.782057 -0.936131 -0.553414 0.69777 0.472452 1.20452 -1.96625 3.56009 6.15828 -0.869129 0.0163219 0.562049 1.21619 -0.756801 -0.0783331
internal_weight=50119 36968 28476 13151 8492 24482 12081 23609 14197 9535 873 3994 874 837 9412 7056 6715 4896 9073 7669 2944 1819 1070 253 3120 4725 6265 1099 341 9183
internal_count=50119 36968 28476 13151 8492 24482 12081 23609 14197 9535 873 3994 874 837 9412 7056 6715 4896 9073 7669 2944 1819 1070 253 3120 4725 6265 1099 341 9183
is_linear=0
shrinkage=0.05


Tree=110
num_leaves=31
num_cat=0
split_feature=8 6 6 8 6 6 8 6 8 6 8 6 8 6 8 8 7 6 8 8 6 6 8 6 7 8 8 7 8 8
split_gain=9.588e+06 5.05358e+06 3.59629e+06 4.27121e+06 5.02905e+06 3.29198e+06 3.25572e+06 3.58688e+06 2.7323e+06 2.51877e+06 2.01037e+06 1.98235e+06 1.74303e+06 1.72614e+06 1.61624e+06 1.54724e+06 1.53584e+06 1.47529e+06 2.54604e+06 2.49665e+06 1.47239e+06 1.40453e+06 1.52572e+06 2.00792e+06 2.21936e+06 1.67786e+06 1.48943e+06 1.43265e+06 1.38881e+06 1.27894e+06
threshold=9834.5875000000015 9809.8516500000023 9809.8516500000023 12534.63125 12748.266250000002 12748.266250000002 8205.5612500000007 8347.2850000000017 13458.635000000002 8134.5937500000009 9032.9500000000025 13347.875000000002 7007.6750000000002 7333.8237500000005 8574.8900000000012 8830.2575000000015 8952.5150000000031 11219.600000000002 11536.791250000002 10535.487500000001 8981.4937500000015 13347.875000000002 15350.690000000001 14566.588750000001 14844.657500000003 14247.822500000002 14655.326250000002 13545.721250000001 10958.562500000002 7449.8550000000005
decision_type=2 2 2 2 2 2 2 2 2 2 2 2 2 2 2 2 2 2 2 2 2 2 2 2 2 2 2 2 2 2
left_child=1 6 28 4 17 -5 9 14 11 12 16 -7 -1 -14 -8 -3 -9 19 -19 -4 -12 -10 23 25 -25 -23 -26 -24 -2 -11
right_child=2 15 3 5 -6 8 7 10 21 29 20 -13 13 -15 -16 -17 -18 18 -20 -21 -22 22 27 24 26 -27 -28 -29 -30 -31
leaf_value=-1.8655665894671625 2.5121996837808958 -7.7459057121417105 -0.4291379834019588 3.6887729586638467 -4.3704326899141392 0.5082661462300212 0.80373852059037354 -0.39424369065636922 4.1291611463424154 -6.1217765555174459 1.6752482084304323 -2.9210226703571576 1.1648087473789448 -0.77822104947286519 3.3614291511529615 -2.7326770147905677 -2.0405753749037254 -2.0819344237307336 0.47937304509733736 1.5135482778004143 -0.17192496268948593 0.64143040905109538 7.3734618741454501 0.83091473329470178 -6.6277329047298963 3.1020777148346141 -1.4038358475234141 1.9972944522271001 7.2544641889760957 -2.1943420885058886
leaf_weight=2348 1435 170 3085 1264 651 1119 1950 3975 440 230 1494 676 1570 4203 904 1626 2201 1683 2291 3565 3882 1889 132 1176 179 1094 574 2024 173 2099
leaf_count=2348 1435 170 3085 1264 651 1119 1950 3975 440 230 1494 676 1570 4203 904 1626 2201 1683 2291 3565 3882 1889 132 1176 179 1094 574 2024 173 2099
internal_value=0.00294061 -0.645863 0.740335 0.57233 -0.104558 1.29457 -0.46079 0.0265865 0.96927 -1.13267 -0.365566 -0.78321 -0.716964 -0.249803 1.61388 -3.2072 -0.980963 0.156839 -0.605348 0.612317 0.341408 1.38825 1.21762 0.730929 -0.526185 1.54386 -2.64564 2.32645 3.02241 -2.5822
internal_weight=50102 26652 23450 21842 11275 10567 24856 14406 9303 10450 11552 1795 8121 5773 2854 1796 6176 10624 3974 6650 5376 7508 7068 4912 1929 2983 753 2156 1608 2329
internal_count=50102 26652 23450 21842 11275 10567 24856 14406 9303 10450 11552 1795 8121 5773 2854 1796 6176 10624 3974 6650 5376 7508 7068 4912 1929 2983 753 2156 1608 2329
is_linear=0
shrinkage=0.05


Tree=111
num_leaves=31
num_cat=0
split_feature=4 4 5 5 4 4 4 1 1 1 4 1 6 1 6 4 4 5 4 0 4 5 4 0 1 1 4 1 1 4
split_gain=4.70099e+06 1.5211e+06 1.19235e+07 3.43096e+06 1.15157e+07 2.43893e+06 2.18806e+06 3.43694e+06 2.41132e+06 2.11945e+06 2.11995e+06 1.61551e+06 1.47306e+06 1.43651e+06 1.40381e+06 1.39923e+06 3.88257e+06 4.11327e+06 2.03419e+06 2.22943e+06 1.46497e+06 2.09525e+06 7.40006e+06 1.96653e+06 1.37943e+06 1.2779e+06 2.56066e+06 2.40252e+06 1.06562e+06 1.05689e+06
threshold=15.500000000000002 17.500000000000004 1.0000000180025095e-35 1.0000000180025095e-35 18.500000000000004 18.500000000000004 16.500000000000004 7.5000000000000009 8.5000000000000018 4.5000000000000009 20.500000000000004 7.5000000000000009 14248.518750000001 1.5000000000000002 13997.853750000004 4.5000000000000009 6.5000000000000009 1.0000000180025095e-35 5.5000000000000009 25.094375000000003 13.500000000000002 1.0000000180025095e-35 8.5000000000000018 27.240625000000005 7.5000000000000009 6.5000000000000009 1.5000000000000002 3.5000000000000004 10.500000000000002 16.500000000000004
decision_type=2 2 2 2 2 2 2 2 2 2 2 2 2 2 2 2 2 2 2 2 2 2 2 2 2 2 2 2 2 2
left_child=15 2 24 4 11 13 7 12 14 10 -7 -3 -4 -5 -8 25 17 -17 -19 -20 21 22 23 -18 -2 26 27 -1 -15 -26
right_child=1 3 6 5 -6 9 8 -9 -10 -11 -12 -13 -14 28 -16 16 20 18 19 -21 -22 -23 -24 -25 29 -27 -28 -29 -30 -31
leaf_value=2.3512588248530153 4.439320968152936 -10.787421422270505 1.0928108890250854 -3.1918569390429186 -0.50998717283580886 -0.85952811466502121 -5.3566762366296885 -4.8680572315010613 -1.144515472532605 -0.90310236127058341 1.9341677116689717 -4.8200319511252783 -3.3243243948278201 2.7949468256159746 -18.722237071990968 -0.76860891862435854 5.7088561033079852 1.570755558037142 5.3188665653601417 1.1482371409015029 1.0785018338923027 -0.32404488536497911 -0.36848661512240305 0.22066524742272101 3.3451985012901866 0.47229354305328802 -1.5052585828944689 -0.89775133807876895 -1.7558086468623235 -1.9853137037043085
leaf_weight=1092 679 333 761 128 2624 1137 1110 566 417 5026 1686 172 251 1281 20 1046 833 1551 1119 449 4215 10967 2583 203 184 4733 3417 1188 143 188
leaf_count=1092 679 333 761 128 2624 1137 1110 566 417 5026 1686 172 251 1281 20 1046 833 1551 1119 449 4215 10967 2583 203 184 4733 3417 1188 143 188
internal_value=0.00279358 -0.681981 -1.50841 -0.406548 -1.84067 0.0707818 -3.05783 -1.74784 -4.39406 -0.287332 0.80897 -8.75496 -0.00274342 1.88189 -5.59323 0.345345 0.56345 1.94469 2.85464 4.1246 0.257463 0.0202023 1.06341 4.63347 3.09855 -0.134905 -0.639358 0.658354 2.33795 0.651284
internal_weight=50102 16706 4176 12530 3129 9401 3125 1578 1547 7849 2823 505 1012 1552 1130 33396 22966 4165 3119 1568 18801 14586 3619 1036 1051 10430 5697 2280 1424 372
internal_count=50102 16706 4176 12530 3129 9401 3125 1578 1547 7849 2823 505 1012 1552 1130 33396 22966 4165 3119 1568 18801 14586 3619 1036 1051 10430 5697 2280 1424 372
is_linear=0
shrinkage=0.05


Tree=112
num_leaves=31
num_cat=0
split_feature=8 7 8 8 7 7 7 7 0 8 7 8 8 8 0 7 8 0 8 7 0 1 8 0 3 7 0 3 7 1
split_gain=8.46139e+06 3.46309e+06 2.45712e+06 2.36693e+06 2.0171e+06 1.71838e+06 1.65324e+06 1.51757e+06 1.26234e+06 1.58867e+06 1.25508e+06 1.15626e+06 1.09053e+06 1.06706e+06 1.0184e+06 944038 942312 931467 915395 1.18522e+06 861534 843523 1.15645e+06 1.01078e+06 806342 734650 727573 700753 658352 647935
threshold=9834.5875000000015 10340.982500000002 14424.677500000003 7375.7850000000008 9202.1900000000023 12795.747500000001 14303.755000000003 8785.5825000000023 24.151875000000008 8759.8637500000023 7485.2225000000008 13458.635000000002 8907.4562500000011 8796.1450000000023 20.413125000000004 7162.5975000000008 16180.853750000002 35.361250000000005 5948.7587500000009 6180.5912500000004 23.871250000000007 3.5000000000000004 11182.942500000003 26.185625000000005 1.0000000180025095e-35 6180.5912500000004 26.356875000000006 1.0000000180025095e-35 11524.205000000002 7.5000000000000009
decision_type=2 2 2 2 2 2 2 2 2 2 2 2 2 2 2 2 2 2 2 2 2 2 2 2 2 2 2 2 2 2
left_child=1 3 4 10 15 20 11 13 -3 -10 18 17 -9 14 -5 -2 -7 27 19 -1 -4 23 -23 -8 29 -16 -26 -6 -11 -17
right_child=2 8 5 7 6 16 21 12 9 28 -12 -13 -14 -15 25 24 -18 -19 -20 -21 -22 22 -24 -25 26 -27 -28 -29 -30 -31
leaf_value=-8.8639695784984305 8.5397777230089371 -0.89882756225387517 14.137853988011679 3.5229242866077737 0.36216598164385527 1.1835550199594296 -0.55948878938419966 -1.4196577349422592 -6.3729649491169873 -1.6714745462568896 -2.6139964311381401 1.3967724342525756 -0.25044863855744121 0.93267666037981878 8.9113606799732548 1.3888137047578182 4.9069625068916372 1.7461292392027099 -0.51454480333440633 -0.50643411586361553 3.8347831281696756 -2.8210200307762152 0.47391924139268388 -5.557833977774826 1.9890131584718327 -0.23661280702044421 -1.8234718128656731 -0.49477045442072659 -4.3967192080434883 3.7907339821714636
leaf_weight=78 55 790 21 186 8714 3745 191 3483 340 771 1644 2633 4666 3094 22 546 178 960 2103 93 600 391 835 215 269 9071 234 3285 311 578
leaf_count=78 55 790 21 186 8714 3745 191 3483 340 771 1644 2633 4666 3094 22 546 178 960 2103 93 600 391 835 215 269 9071 234 3285 311 578
internal_value=0.0026539 -0.606841 0.695372 -0.435374 0.444455 1.73935 0.283064 -0.220376 -2.50134 -3.39163 -1.56151 0.441546 -0.750185 0.128562 -0.139563 2.09713 1.3525 0.247463 -0.800605 -4.31864 4.1832 -1.23106 -0.576914 -3.2064 1.87934 -0.21448 0.215412 0.12756 -2.45479 2.62396
internal_weight=50102 26652 23450 24440 18906 4544 17224 20522 2212 1422 3918 15592 8149 12373 9279 1682 3923 12959 2274 171 621 1632 1226 406 1627 9093 503 11999 1082 1124
internal_count=50102 26652 23450 24440 18906 4544 17224 20522 2212 1422 3918 15592 8149 12373 9279 1682 3923 12959 2274 171 621 1632 1226 406 1627 9093 503 11999 1082 1124
is_linear=0
shrinkage=0.05


Tree=113
num_leaves=31
num_cat=0
split_feature=8 6 8 6 6 6 6 8 6 6 8 6 6 8 6 6 8 6 8 7 4 1 4 4 8 4 7 8 8 6
split_gain=7.72137e+06 5.01142e+06 3.81943e+06 4.29945e+06 3.52011e+06 3.13243e+06 2.00503e+06 1.98524e+06 3.64564e+06 3.02785e+06 1.69413e+06 2.63927e+06 1.76274e+06 1.69206e+06 2.56729e+06 2.34753e+06 1.65461e+06 1.60645e+06 2.11447e+06 1.90822e+06 1.76874e+06 1.48648e+06 1.46407e+06 1.4574e+06 1.41363e+06 1.40829e+06 1.33181e+06 1.33046e+06 1.27429e+06 1.37912e+06
threshold=11490.375000000002 11452.620000000001 8830.2575000000015 8632.2162500000013 9017.4675000000007 11184.732500000002 14151.468750000002 12792.373750000001 13164.442500000003 12803.120000000003 7375.7850000000008 7450.6750000000002 7413.2812500000009 9860.1925000000028 9933.8150000000005 9781.8625000000011 15350.690000000001 14566.588750000001 14052.772500000001 14929.817500000003 8.5000000000000018 3.5000000000000004 7.5000000000000009 16.500000000000004 9227.6900000000005 17.500000000000004 14844.657500000003 14655.326250000002 10373.172500000002 10599.892500000002
decision_type=2 2 2 2 2 2 2 2 2 2 2 2 2 2 2 2 2 2 2 2 2 2 2 2 2 2 2 2 2 2
left_child=1 2 4 -4 10 25 24 8 -7 21 12 -12 -1 15 -15 -5 17 18 20 -19 -11 -9 -17 26 -3 -2 -18 -21 -16 -30
right_child=5 6 3 13 -6 7 -8 9 -10 16 11 -13 -14 14 28 22 23 19 -20 27 -22 -23 -24 -25 -26 -27 -28 -29 29 -31
leaf_value=-0.92699263367065954 4.7785753633974624 -11.431716443122703 3.1463702565396741 -0.028870634514682483 -3.2096990635011999 0.29673574924507268 -11.290054426695171 1.3868225469683306 -5.5187868870565921 1.5438210217419395 1.9854695153644784 -0.53038133385893083 -3.4870881972986432 2.1885099029601531 -1.0213441358332953 -0.47110260627355682 5.1591632930496161 0.48734581540596988 2.3837406951554136 -6.7452604889869692 -0.89027135744486208 5.6751238211538713 -3.4190314856621309 -8.2978620081236869 -2.5922747540114748 -6.1273378602920046 1.7449388734238511 -1.5676695275840895 1.7265043496105232 -0.15190564450324265
leaf_weight=3108 656 47 1197 6468 1388 3358 76 327 293 1371 1153 10872 858 1856 1872 756 340 1262 1804 162 1638 529 951 33 1201 31 1786 530 1558 2621
leaf_count=3108 656 47 1197 6468 1388 3358 76 327 293 1371 1153 10872 858 1856 1872 756 340 1262 1804 162 1638 529 951 33 1201 31 1786 530 1558 2621
internal_value=0.00252121 -0.386313 -0.270981 0.255425 -0.794357 0.993387 -3.40533 0.82497 -0.169971 1.19632 -0.584709 -0.289153 -1.48084 0.0402487 0.561739 -0.464145 0.923903 0.539385 1.03025 -0.669686 0.218782 4.03695 -2.11345 2.12911 -2.92517 4.28646 2.29096 -2.77976 0.0627653 0.548397
internal_weight=50102 35982 34658 17279 17379 14120 1324 13433 3651 9782 15991 12025 3966 16082 7907 8175 8926 6767 4813 1954 3009 856 1707 2159 1248 687 2126 692 6051 4179
internal_count=50102 35982 34658 17279 17379 14120 1324 13433 3651 9782 15991 12025 3966 16082 7907 8175 8926 6767 4813 1954 3009 856 1707 2159 1248 687 2126 692 6051 4179
is_linear=0
shrinkage=0.05


Tree=114
num_leaves=31
num_cat=0
split_feature=8 8 4 1 4 0 7 4 7 5 4 4 4 4 4 1 5 4 8 7 1 4 4 8 4 4 4 4 4 8
split_gain=6.96853e+06 2.53142e+06 2.45263e+06 3.50522e+06 2.52624e+06 2.41033e+06 1.93625e+06 1.84481e+06 1.49529e+06 1.53135e+06 4.53571e+06 2.91542e+06 1.81444e+06 4.42676e+06 2.13854e+06 1.32552e+06 2.19062e+06 1.29499e+06 1.26403e+06 1.57271e+06 1.25666e+06 1.16558e+06 1.14392e+06 2.07724e+06 1.14175e+06 1.11904e+06 1.43877e+06 2.68173e+06 3.2105e+06 1.05924e+06
threshold=11490.375000000002 8205.5612500000007 6.5000000000000009 5.5000000000000009 18.500000000000004 30.828125000000004 9995.2300000000014 1.0000000180025095e-35 9098.8137500000012 1.0000000180025095e-35 15.500000000000002 1.5000000000000002 6.5000000000000009 8.5000000000000018 15.500000000000002 2.5000000000000004 1.0000000180025095e-35 17.500000000000004 15020.916250000002 14929.817500000003 11.500000000000002 13.500000000000002 16.500000000000004 15020.916250000002 7.5000000000000009 1.0000000180025095e-35 3.5000000000000004 6.5000000000000009 5.5000000000000009 5948.7587500000009
decision_type=2 2 2 2 2 2 2 2 2 2 2 2 2 2 2 2 2 2 2 2 2 2 2 2 2 2 2 2 2 2
left_child=1 6 3 7 5 15 29 -3 -2 11 18 -10 -13 -14 -15 16 -4 -16 19 25 22 -20 -12 -24 -8 -11 -27 28 -28 -1
right_child=8 2 4 -5 -6 -7 24 -9 9 10 20 12 13 14 17 -17 -18 -19 21 -21 -22 -23 23 -25 -26 26 27 -29 -30 -31
leaf_value=-4.5409574668757964 4.0760239519038297 1.6322208788368835 -10.847629629788193 1.794853194502791 0.4074766434888904 0.24326611268635043 -2.2334396692949374 -1.1468196857554063 11.52777927907308 6.7459997563422478 -0.87360829137449247 -1.1023982152641096 6.2084364174661184 0.31474166811013427 4.7429877339227664 -1.1405809175463473 -2.0930956859886645 -5.8209708942040326 1.409265244556885 -1.7856587042174643 -13.313694953918457 4.3461442975628941 -3.2728408628015546 -17.351043401445661 -7.2920314712231393 -1.1763119318313942 1.0917478412443127 0.48870785575910669 6.5264035339887903 -0.80061095830191542
leaf_weight=193 371 788 92 3571 6434 3729 296 2466 75 79 657 537 525 1785 452 8086 320 31 1727 630 26 420 408 28 179 835 698 4391 445 9828
leaf_count=193 371 788 92 3571 6434 3729 296 2466 75 79 657 537 525 1785 452 8086 320 31 1727 630 26 420 408 28 179 835 698 4391 445 9828
internal_value=0.00239514 -0.366997 -0.0978621 0.713195 -0.394495 -0.816502 -1.0205 -0.473838 0.943718 0.859196 0.556445 1.77892 1.55935 2.07111 1.1134 -1.28154 -4.04799 4.06497 0.921099 0.59875 -2.44975 1.98378 -2.19132 -4.17695 -4.13973 0.831718 0.758359 1.05027 3.2076 -0.872648
internal_weight=50102 35982 25486 6825 18661 12227 10496 3254 14120 13749 10344 3405 3330 2793 2268 8498 412 483 9225 7078 1119 2147 1093 436 475 6448 6369 5534 1143 10021
internal_count=50102 35982 25486 6825 18661 12227 10496 3254 14120 13749 10344 3405 3330 2793 2268 8498 412 483 9225 7078 1119 2147 1093 436 475 6448 6369 5534 1143 10021
is_linear=0
shrinkage=0.05


Tree=115
num_leaves=31
num_cat=0
split_feature=8 6 6 8 6 6 8 6 6 8 6 4 7 4 4 8 6 4 8 8 8 6 8 1 4 0 6 6 7 6
split_gain=6.41191e+06 4.50658e+06 3.2106e+06 2.90264e+06 3.3683e+06 2.28967e+06 2.22398e+06 4.01435e+06 2.3562e+06 1.86918e+06 1.95055e+06 1.74383e+06 1.62671e+06 1.6246e+06 1.61349e+06 2.13742e+06 2.15632e+06 2.11082e+06 1.65833e+06 1.53864e+06 1.50858e+06 1.46652e+06 1.41324e+06 1.38834e+06 1.35666e+06 1.34694e+06 1.29639e+06 1.29336e+06 1.25482e+06 1.21395e+06
threshold=10333.657500000003 10599.892500000002 10374.735000000002 12261.76 11735.470000000003 11956.520000000002 8188.2487500000016 8363.4050000000007 8038.1137500000013 9227.6900000000005 9454.2887500000015 16.500000000000004 9098.8137500000012 1.5000000000000002 7.5000000000000009 14052.772500000001 13300.582500000002 5.5000000000000009 12792.373750000001 7007.6750000000002 8574.8900000000012 14248.518750000001 15020.916250000002 3.5000000000000004 16.500000000000004 24.905625000000008 9132.0487500000017 6818.9700000000012 14566.792500000001 14566.588750000001
decision_type=2 2 2 2 2 2 2 2 2 2 2 2 2 2 2 2 2 2 2 2 2 2 2 2 2 2 2 2 2 2
left_child=1 6 11 4 -4 23 8 20 19 12 -11 -2 -9 -6 17 16 -16 -7 -18 -1 -8 24 28 -5 -17 -19 -10 -21 -23 -15
right_child=2 -3 3 5 13 14 7 9 26 10 -12 -13 -14 29 15 21 18 25 -20 27 -22 22 -24 -25 -26 -27 -28 -29 -30 -31
leaf_value=-1.554097483431947 3.6714469393389266 -4.0332778075502977 0.37973573091617741 0.24217997536939737 2.1509053718640607 0.58021315136329232 0.83379879313818095 -0.38369151526988604 -1.929078434360445 1.1741341629467086 -0.46527404888714224 -0.2146593726152709 -1.8642838375603938 -2.3386088023518776 0.66712434375079344 3.3533469945047041 -10.234186539649963 4.2596286764688776 -1.7288374044467494 3.3163733714692079 3.1743877871740143 0.26362230435568879 1.2738927104786342 5.6125702442194445 -2.8056812647617226 0.79030518099551905 -6.5767712063290791 -0.20158252940667751 -3.2392705107946975 -11.490426965661952
leaf_weight=2362 1277 864 5106 170 207 1593 2195 5325 2662 3027 4529 373 2847 1752 1463 923 60 971 1278 276 1003 859 2666 412 99 393 159 4893 364 37
leaf_count=2362 1277 864 5106 170 207 1593 2195 5325 2662 3027 4529 373 2847 1752 1463 923 60 971 1278 276 1003 859 2666 412 99 393 159 4893 364 37
internal_value=-0.0137435 -0.47433 0.680303 0.490368 -0.301073 0.989952 -0.369305 -0.0470145 -0.958531 -0.375375 0.191487 2.79295 -0.899507 -2.04266 0.823357 0.442613 -0.659587 1.81636 -2.11024 -0.496853 1.56789 1.07125 0.628325 4.0439 2.75673 3.26004 -2.19104 -0.0137404 -0.778939 -2.52789
internal_weight=50145 30142 20003 18353 7102 11251 29278 18926 10352 15728 7556 1650 8172 1996 10669 7712 2801 2957 1338 7531 3198 4911 3889 582 1022 1364 2821 5169 1223 1789
internal_count=50145 30142 20003 18353 7102 11251 29278 18926 10352 15728 7556 1650 8172 1996 10669 7712 2801 2957 1338 7531 3198 4911 3889 582 1022 1364 2821 5169 1223 1789
is_linear=0
shrinkage=0.05


Tree=116
num_leaves=31
num_cat=0
split_feature=8 6 6 8 6 6 8 6 6 6 8 6 7 8 8 6 6 8 8 6 1 6 8 8 1 0 6 6 8 0
split_gain=5.89987e+06 4.13475e+06 2.44123e+06 2.82509e+06 3.77609e+06 2.8224e+06 2.17221e+06 2.61108e+06 2.02007e+06 1.9379e+06 1.91408e+06 1.39862e+06 1.36572e+06 1.2842e+06 1.24634e+06 2.04557e+06 2.02256e+06 1.1903e+06 1.16567e+06 2.3607e+06 1.503e+06 1.16867e+06 2.6208e+06 1.70458e+06 1.11582e+06 1.56547e+06 1.4596e+06 1.0671e+06 1.03e+06 999305
threshold=9629.0500000000011 9454.2887500000015 9550.9912500000009 12261.76 11452.620000000001 11956.520000000002 7587.3650000000007 7521.8475000000008 14102.270000000002 7450.6750000000002 10875.905000000002 10599.892500000002 10382.155000000002 8411.6475000000009 8740.0525000000016 8813.1425000000017 8500.220000000003 6464.4537500000015 15020.916250000002 15271.990000000002 7.5000000000000009 13347.875000000002 13398.315000000002 13458.635000000002 3.5000000000000004 28.765625000000007 10566.627500000002 6621.9212500000003 10958.562500000002 24.768125000000005
decision_type=2 2 2 2 2 2 2 2 2 2 2 2 2 2 2 2 2 2 2 2 2 2 2 2 2 2 2 2 2 2
left_child=1 6 28 4 10 -5 9 13 -6 17 11 -4 -3 -8 16 -16 -9 -1 19 21 29 23 -23 -7 25 -12 -26 -19 -2 -20
right_child=2 12 3 5 8 18 7 14 -10 -11 24 -13 -14 -15 15 -17 -18 27 20 -21 -22 22 -24 -25 26 -27 -28 -29 -30 -31
leaf_value=-2.3121340672704047 2.1586483520589175 -1.7196058414749817 0.32832640887880998 4.2133914542444577 -1.3543187577388247 0.84156324933514814 1.8028700147198782 -0.082847977204178691 -7.2322904542669084 -2.7204092649355163 0.50917314135667047 -1.39771347850649 -4.259301656807259 7.581794367399481 1.502325286289492 -0.35396706200236622 -1.6120041145186279 1.7981470430700677 4.6641174522841853 -3.950661610738206 5.6359235859610317 -2.9213402695468469 0.60294203613600006 4.0056749719122875 4.047460593800249 -7.326637980907778 1.1754633579392058 -0.61249602749897925 7.8235383291805496 1.0406683505054495
leaf_weight=797 1433 1912 4482 635 2874 2431 875 6902 154 1537 330 1590 732 108 2354 4016 3149 575 205 293 215 614 3745 516 567 79 2013 2277 85 2650
leaf_count=797 1433 1912 4482 635 2874 2431 875 6902 154 1537 330 1590 732 108 2354 4016 3149 575 205 293 215 614 3745 516 567 79 2013 2277 85 2650
internal_value=-0.0130563 -0.551921 0.532796 0.406709 -0.124622 0.974936 -0.332957 -0.0653143 -1.65326 -1.23115 0.38622 -0.12365 -2.42273 2.43779 -0.215156 0.332016 -0.561936 -0.603861 0.782189 0.449999 1.60444 0.626483 0.106519 1.39558 1.42199 -1.00435 1.80663 -0.126479 2.47585 1.30085
internal_weight=50145 25234 24911 23393 12089 11304 22590 17404 3028 5186 9061 6072 2644 983 16421 6370 10051 3649 10669 7599 3070 7306 4359 2947 2989 409 2580 2852 1518 2855
internal_count=50145 25234 24911 23393 12089 11304 22590 17404 3028 5186 9061 6072 2644 983 16421 6370 10051 3649 10669 7599 3070 7306 4359 2947 2989 409 2580 2852 1518 2855
is_linear=0
shrinkage=0.05


Tree=117
num_leaves=31
num_cat=0
split_feature=8 4 1 1 8 7 7 4 8 1 8 5 4 4 5 4 4 4 4 4 1 4 1 8 8 1 4 4 4 4
split_gain=5.40207e+06 2.12713e+06 3.25524e+06 2.31807e+06 2.45834e+06 1.45474e+06 1.40424e+06 1.3288e+06 1.81579e+06 2.49784e+06 1.53345e+06 1.49257e+06 4.49956e+06 1.72771e+06 1.2966e+06 4.00745e+06 2.63407e+06 1.72731e+06 3.96996e+06 1.77332e+06 1.70024e+06 1.34769e+06 1.17964e+06 1.62506e+06 1.169e+06 1.51076e+06 1.11933e+06 1.39234e+06 2.68893e+06 2.78539e+06
threshold=11407.567500000001 7.5000000000000009 6.5000000000000009 6.5000000000000009 7291.9875000000002 9042.1812500000015 12745.692500000001 17.500000000000004 10132.905000000001 10.500000000000002 8778.3912500000024 1.0000000180025095e-35 18.500000000000004 18.500000000000004 1.0000000180025095e-35 15.500000000000002 1.5000000000000002 6.5000000000000009 8.5000000000000018 14.500000000000002 11.500000000000002 17.500000000000004 9.5000000000000018 5948.7587500000009 9330.0212500000034 1.5000000000000002 1.0000000180025095e-35 3.5000000000000004 6.5000000000000009 5.5000000000000009
decision_type=2 2 2 2 2 2 2 2 2 2 2 2 2 2 2 2 2 2 2 2 2 2 2 2 2 2 2 2 2 2
left_child=1 3 24 6 22 -2 -1 8 9 -4 -9 12 -12 -13 16 26 -7 -18 -19 -20 -17 -21 -5 -24 -3 -26 -16 -28 29 -29
right_child=5 2 7 4 -6 14 -8 10 -10 -11 11 13 -14 -15 15 20 17 18 19 21 -22 -23 23 -25 25 -27 27 28 -30 -31
leaf_value=-0.3731790144626444 3.8380329037056073 -0.43368056088762974 -3.8413781654460735 -2.2275847788727443 1.4299580456510785 10.461978431984232 -4.0898804379024902 -1.1902962335167551 -0.87114041458011582 -0.69491247570566173 -9.6694863276218825 5.3428708147019153 1.6042735569549036 0.55582467803376534 6.0151763988013318 -2.0341418902031179 -1.1638053733569924 5.7079660835093611 -0.010570864493793465 3.4330244418041396 -13.725241786241533 -5.9972386169433598 -4.6561902542360896 0.9946648645450259 -5.3321671547208522 0.73852872836888805 -1.1829466741347752 0.97956501337736945 0.54978075911913893 5.7545391844534084
leaf_weight=5698 384 7542 1757 755 4745 81 266 4284 2621 984 127 250 292 766 101 1104 574 539 1573 717 32 40 145 1038 105 4278 869 698 7237 543
leaf_count=5698 384 7542 1757 755 4745 81 266 4284 2621 984 127 250 292 766 101 1104 574 539 1573 717 32 40 145 1038 105 4278 869 698 7237 543
internal_value=-0.0124035 -0.34327 -0.629616 0.17762 0.817094 0.801589 -0.538947 -1.24661 -1.81208 -2.71182 -0.716441 0.69819 -1.81283 1.73374 0.718941 0.442353 1.54965 1.33997 1.8409 0.946335 -2.36347 2.93473 -0.683443 0.302041 -0.056291 0.593098 0.779717 0.723145 0.91852 3.06886
internal_weight=50145 35653 23006 12647 6683 14492 5964 11081 5362 2741 5719 1435 419 1016 14108 10584 3524 3443 2869 2330 1136 757 1938 1183 11925 4383 9448 9347 8478 1241
internal_count=50145 35653 23006 12647 6683 14492 5964 11081 5362 2741 5719 1435 419 1016 14108 10584 3524 3443 2869 2330 1136 757 1938 1183 11925 4383 9448 9347 8478 1241
is_linear=0
shrinkage=0.05


Tree=118
num_leaves=31
num_cat=0
split_feature=8 6 6 8 6 6 8 8 6 8 6 6 4 6 4 6 8 1 6 0 1 1 7 8 6 6 6 4 8 6
split_gain=4.95681e+06 3.75194e+06 2.31185e+06 2.39378e+06 3.51631e+06 2.58865e+06 2.06609e+06 1.95275e+06 2.61254e+06 1.91009e+06 1.86737e+06 1.73182e+06 1.71601e+06 1.49637e+06 1.38513e+06 1.3663e+06 1.26453e+06 1.20382e+06 1.36373e+06 1.16761e+06 1.11556e+06 1.2515e+06 1.18774e+06 1.08387e+06 1.20009e+06 1.10509e+06 1.07555e+06 1.06685e+06 1.2908e+06 2.15353e+06
threshold=9629.0500000000011 9454.2887500000015 9550.9912500000009 12332.350000000002 11492.810000000003 12748.266250000002 13458.635000000002 8019.3900000000012 7870.1412500000006 10912.768750000001 14102.270000000002 8038.1137500000013 7.5000000000000009 10998.078750000002 6.5000000000000009 13347.875000000002 8445.1737500000017 3.5000000000000004 10566.627500000002 28.765625000000007 11.500000000000002 3.5000000000000004 12130.758750000003 7007.6750000000002 6818.9700000000012 7064.0087500000009 12973.690000000001 15.500000000000002 15020.916250000002 14655.636250000001
decision_type=2 2 2 2 2 2 2 2 2 2 2 2 2 2 2 2 2 2 2 2 2 2 2 2 2 2 2 2 2 2
left_child=1 7 -2 4 9 20 12 11 -9 13 14 23 -7 -4 -6 -8 -3 19 -19 -11 21 22 -5 25 -25 -1 -18 28 -17 -30
right_child=2 16 3 5 10 6 15 8 -10 17 -12 -13 -14 -15 -16 27 26 18 -20 -21 -22 -23 -24 24 -26 -27 -28 -29 29 -31
leaf_value=-0.82744252139575514 2.3794144474416581 -6.1522015237078378 0.13457357827190305 -1.207127069103002 0.23761741558191943 0.63351661284303828 3.7092972489342482 2.3478486483960337 -0.13830423805420763 0.1765394868611736 -6.920884818297167 -2.2963127659347276 -2.3365818134223626 -2.4114602328841555 -2.0852901178511716 0.35594353686663255 -1.8677258849378449 4.0665026615637379 1.2219031922573591 -6.6752355796950198 -1.250579378926536 4.3573078317225322 3.0657842639261208 3.127904787272215 -0.28260851466975834 -3.4503471022090544 -11.902603149414062 -1.188364963197708 6.6091132503803651 1.3863143607564858
leaf_weight=1849 1518 196 5631 255 967 954 423 1151 12896 323 156 1749 992 643 1908 3622 2421 530 2055 77 164 865 449 275 4157 513 27 625 214 2540
leaf_count=1849 1518 196 5631 255 967 954 423 1151 12896 323 156 1749 992 643 1908 3622 2421 530 2055 77 164 865 449 275 4157 513 27 625 214 2540
internal_value=-0.0117833 -0.505707 0.488545 0.365844 -0.114899 0.897983 0.569649 -0.297125 0.0654092 0.368992 -1.59308 -0.893228 -0.880532 -0.12636 -1.30399 0.949774 -2.28781 1.41015 1.80513 -1.14243 2.67322 3.08336 1.51807 -0.532028 -0.0709905 -1.39711 -1.9784 0.783044 0.976289 1.79215
internal_weight=50145 25234 24911 23393 12290 11103 9370 22590 14047 9259 3031 8543 1946 6274 2875 7424 2644 2985 2585 400 1733 1569 704 6794 4432 2362 2448 7001 6376 2754
internal_count=50145 25234 24911 23393 12290 11103 9370 22590 14047 9259 3031 8543 1946 6274 2875 7424 2644 2985 2585 400 1733 1569 704 6794 4432 2362 2448 7001 6376 2754
is_linear=0
shrinkage=0.05


Tree=119
num_leaves=31
num_cat=0
split_feature=8 4 1 1 8 7 4 1 1 8 4 1 5 4 1 4 5 5 4 4 4 4 4 1 4 7 4 4 4 4
split_gain=4.52614e+06 1.94897e+06 2.33354e+06 2.00164e+06 2.48636e+06 1.49625e+06 1.36264e+06 1.38927e+06 1.24003e+06 1.75366e+06 1.21886e+06 2.77344e+06 2.29759e+06 2.61631e+06 1.71855e+06 1.186e+06 1.17258e+06 1.14447e+06 3.18752e+06 2.36118e+06 1.48738e+06 3.6446e+06 1.70804e+06 1.34496e+06 1.12302e+06 1.14226e+06 1.13896e+06 4.52606e+06 1.33766e+06 1.03568e+06
threshold=11536.791250000002 6.5000000000000009 6.5000000000000009 5.5000000000000009 8150.42875 9042.1812500000015 1.0000000180025095e-35 3.5000000000000004 9.5000000000000018 5948.7587500000009 20.500000000000004 3.5000000000000004 1.0000000180025095e-35 18.500000000000004 3.5000000000000004 22.500000000000004 1.0000000180025095e-35 1.0000000180025095e-35 15.500000000000002 1.5000000000000002 6.5000000000000009 8.5000000000000018 14.500000000000002 11.500000000000002 13.500000000000002 16182.750000000002 6.5000000000000009 5.5000000000000009 1.0000000180025095e-35 4.5000000000000009
decision_type=2 2 2 2 2 2 2 2 2 2 2 2 2 2 2 2 2 2 2 2 2 2 2 2 2 2 2 2 2 2
left_child=1 3 10 6 8 -2 7 -1 -5 -10 11 12 13 -3 15 -12 -17 19 24 -7 -21 -22 -23 -20 26 -26 27 28 -19 -8
right_child=5 2 -4 4 -6 17 29 -9 9 -11 14 -13 -14 -15 -16 16 -18 18 23 20 21 22 -24 -25 25 -27 -28 -29 -30 -31
leaf_value=2.9729861058877352 4.0029288955506557 -11.19325422262078 -1.0609716939955049 -0.94574934253245202 1.6218798636508347 10.427368715074328 -1.6975954636961632 -1.1044112288246031 -4.3820086077986096 1.3790445513704497 0.92357010013827778 0.039623311433623298 -1.1826316241674131 -2.6470910817384721 -0.37504131828005538 -0.16074731454148994 5.0877091609434082 6.0189381748110389 -1.8721857031527209 -1.076543097086051 5.5133819168840335 -0.07578834941247492 2.8910146626650368 -13.382306421720067 1.7804036300871549 11.802655930354678 0.088575630356715021 5.4858107168163457 -0.22325423293704733 0.21443344216819318
leaf_weight=464 346 134 11916 2246 3751 72 2312 380 145 1484 1116 7355 1347 270 1751 143 416 91 1064 559 522 1518 713 26 1446 29 5475 524 1509 1021
leaf_count=464 346 134 11916 2246 3751 72 2312 380 145 1484 1116 7355 1347 270 1751 143 416 91 1064 559 522 1518 713 26 1446 29 5475 524 1509 1021
internal_value=-0.0111941 -0.30528 -0.560014 0.22236 0.704252 0.756109 -0.657437 1.13719 -0.184011 0.866244 -0.0836801 -0.386139 -2.17454 -5.48171 0.72023 1.8652 3.74508 0.673189 0.408023 1.46963 1.27489 1.75235 0.872365 -2.14674 0.71491 1.97745 0.469845 1.45264 0.13177 -1.11188
internal_weight=50145 36251 24448 11803 7626 13894 4177 844 3875 1629 12532 9106 1751 404 3426 1675 559 13548 10164 3384 3312 2753 2231 1090 9074 1475 7599 2124 1600 3333
internal_count=50145 36251 24448 11803 7626 13894 4177 844 3875 1629 12532 9106 1751 404 3426 1675 559 13548 10164 3384 3312 2753 2231 1090 9074 1475 7599 2124 1600 3333
is_linear=0
shrinkage=0.05


Tree=120
num_leaves=31
num_cat=0
split_feature=8 6 6 8 6 6 8 6 8 8 6 8 7 8 4 8 6 6 6 8 6 6 6 8 8 4 8 7 8 6
split_gain=4.24341e+06 3.86148e+06 3.50804e+06 2.64943e+06 3.3259e+06 2.67497e+06 1.56045e+06 1.70567e+06 1.39779e+06 1.38597e+06 1.55679e+06 1.66684e+06 1.3022e+06 1.29789e+06 1.25149e+06 1.32263e+06 2.2729e+06 2.16423e+06 1.51203e+06 1.68163e+06 2.12615e+06 1.67024e+06 1.24207e+06 1.21431e+06 1.19021e+06 1.15092e+06 1.00302e+06 996367 954805 951929
threshold=11680.070000000002 11452.620000000001 11184.732500000002 9032.9500000000025 8944.215000000002 8944.215000000002 7762.8475000000008 8021.0750000000007 9190.5612500000025 9629.0500000000011 9961.751250000003 10535.487500000001 8229.0400000000027 10262.436250000001 15.500000000000002 15020.916250000002 15271.990000000002 14843.492500000002 11956.520000000002 13222.700000000003 13235.073750000001 13347.875000000002 14102.270000000002 7762.8475000000008 12962.536250000003 1.0000000180025095e-35 8538.2500000000018 10200.72875 12534.63125 8058.857500000001
decision_type=2 2 2 2 2 2 2 2 2 2 2 2 2 2 2 2 2 2 2 2 2 2 2 2 2 2 2 2 2 2
left_child=1 3 -2 5 13 6 12 -8 -3 27 -11 -12 -1 29 15 16 18 -17 24 21 -21 25 -10 -7 -4 -20 -9 -6 -27 -5
right_child=2 8 14 4 9 23 7 26 22 10 11 -13 -14 -15 -16 17 -18 -19 19 20 -22 -23 -24 -25 -26 28 -28 -29 -30 -31
leaf_value=-0.49271616030920468 5.237364628592708 -10.750420632081875 1.8744094787598176 7.0491028499603274 -0.3683781430593811 -8.6987991968790705 1.0858702144837764 -0.79860814420538484 -1.9809555516419703 1.3367626973744031 -0.91742556390583418 0.66335489813798498 -2.1131378859982908 11.527982179742111 -0.80123503547479269 5.7993396705206557 -3.8753625335896182 1.2651416748068094 6.5946674987528242 4.0153932429528956 0.61636863551724586 -3.3578099312904208 -7.5283159810083893 -1.8326160592372778 7.5430390589445544 -1.1746569302516887 0.37281509801517182 -2.5238979058673019 0.76204313334717755 1.898748116588286
leaf_weight=4573 426 51 917 95 3357 66 2943 4581 1536 3019 2965 3811 1701 38 1373 294 288 2510 64 522 3878 440 108 2645 103 1257 3040 638 1289 1613
leaf_count=4573 426 51 917 95 3357 66 2943 4581 1536 3019 2965 3811 1701 38 1373 294 288 2510 64 522 3878 440 108 2645 103 1257 3040 638 1289 1613
internal_value=0.00982202 -0.267411 0.772986 -0.154804 0.332588 -0.542144 -0.307459 0.0634845 -2.59828 0.0722751 0.392401 -0.0283532 -0.932043 2.38855 0.625956 0.795437 0.492844 1.74055 0.641373 0.394183 1.01962 -0.508081 -2.34538 -1.99978 2.44683 -0.0276672 -0.33133 -0.712614 -0.194136 2.18521
internal_weight=50141 36780 13361 35085 15536 19549 16838 10564 1695 13790 9795 6776 6274 1746 12935 11562 8758 2804 8470 7450 4400 3050 1644 2711 1020 2610 7621 3995 2546 1708
internal_count=50141 36780 13361 35085 15536 19549 16838 10564 1695 13790 9795 6776 6274 1746 12935 11562 8758 2804 8470 7450 4400 3050 1644 2711 1020 2610 7621 3995 2546 1708
is_linear=0
shrinkage=0.05


Tree=121
num_leaves=31
num_cat=0
split_feature=8 6 6 8 6 6 8 6 8 8 7 8 6 8 4 5 6 6 8 8 6 8 6 8 6 4 5 4 8 4
split_gain=3.87128e+06 3.84129e+06 3.63813e+06 2.10111e+06 3.02306e+06 2.40318e+06 1.4513e+06 1.75103e+06 1.33641e+06 1.27507e+06 1.19102e+06 1.46912e+06 1.84838e+06 1.66884e+06 1.47395e+06 2.49073e+06 1.37019e+06 1.36081e+06 1.31856e+06 1.30289e+06 1.16162e+06 1.10203e+06 1.25982e+06 1.09671e+06 1.07027e+06 1.0608e+06 1.09777e+06 1.05236e+06 1.05147e+06 1.01083e+06
threshold=11218.522500000001 10536.356250000003 11219.600000000002 9032.9500000000025 8944.215000000002 8944.215000000002 7064.0087500000009 7413.2812500000009 7792.3137500000003 15886.921250000001 14929.817500000003 14052.772500000001 13300.582500000002 12851.877500000001 15.500000000000002 1.0000000180025095e-35 13870.301250000002 11836.735000000002 15095.071250000003 13093.400000000003 7113.4250000000002 9629.0500000000011 9523.157500000003 7762.8475000000008 13404.055000000002 1.5000000000000002 1.0000000180025095e-35 16.500000000000004 6370.5687500000013 7.5000000000000009
decision_type=2 2 2 2 2 2 2 2 2 2 2 2 2 2 2 2 2 2 2 2 2 2 2 2 2 2 2 2 2 2
left_child=2 -2 3 5 27 6 20 -8 -9 10 11 12 13 17 16 -16 -13 -3 -18 -14 28 -6 -23 -7 -4 26 -19 -5 -1 -21
right_child=1 9 24 4 21 23 7 8 -10 -11 -12 14 19 -15 15 -17 18 25 -20 29 -22 22 -24 -25 -26 -27 -28 -29 -30 -31
leaf_value=-2.5847459058638438 5.4637024659928883 1.1738078111027628 -2.4278855130593562 3.5462778003141056 -0.67066932319948236 -8.2638592226459 1.3648976216278141 -1.3554227917518298 -0.048832979839637469 2.5019091360479786 -0.57652633931034103 4.532318096784028 -3.4166021083404554 2.1540618506998199 4.8591221030191942 -4.1584872418807617 0.78008693133329754 8.7631295264850966 3.5420139841658291 1.1039313564194548 -3.3286383026112185 1.9146257022253352 0.097955095220655125 -1.7384426452123145 -7.7323248326199732 -0.86909575471580303 0.82793714878104996 1.0847430450637054 -0.071739664200628023 -1.2776902936833492
leaf_weight=588 407 2248 1239 816 3990 66 1798 2433 10004 785 2427 440 423 1580 110 252 1695 55 580 733 590 1103 7080 2639 103 2258 210 928 1425 1136
leaf_count=588 407 2248 1239 816 3990 66 1798 2433 10004 785 2427 440 423 1580 110 252 1695 55 580 733 590 1103 7080 2639 103 2258 210 928 1425 1136
internal_value=0.00933092 0.671097 -0.282343 -0.179962 0.289559 -0.514317 -0.292086 -0.093585 -0.304436 0.540465 0.431627 0.640398 0.306382 0.74564 1.57862 -1.41833 1.97821 0.279216 1.48423 -0.910775 -1.37762 0.0106287 0.342827 -1.89766 -2.83501 -0.517867 2.47486 2.23647 -0.805792 -0.343646
internal_weight=50141 15339 34802 33460 13917 19543 16838 14235 12437 14932 14147 11720 8643 6351 3077 362 2715 4771 2275 2292 2603 12173 8183 2705 1342 2523 265 1744 2013 1869
internal_count=50141 15339 34802 33460 13917 19543 16838 14235 12437 14932 14147 11720 8643 6351 3077 362 2715 4771 2275 2292 2603 12173 8183 2705 1342 2523 265 1744 2013 1869
is_linear=0
shrinkage=0.05


Tree=122
num_leaves=31
num_cat=0
split_feature=8 6 6 8 6 7 8 6 8 0 8 6 8 8 8 8 7 8 6 8 0 8 8 6 8 6 0 6 6 8
split_gain=3.52281e+06 3.28762e+06 3.01774e+06 2.53043e+06 2.7956e+06 2.10728e+06 1.61152e+06 1.5454e+06 1.46052e+06 1.40299e+06 1.65152e+06 1.49365e+06 1.42182e+06 1.20624e+06 1.17208e+06 1.15871e+06 1.20127e+06 1.38919e+06 1.4203e+06 1.38009e+06 1.1152e+06 1.10267e+06 1.0802e+06 976665 917210 958600 870272 842420 810298 789566
threshold=11680.070000000002 11219.600000000002 11492.810000000003 9108.7675000000017 8944.215000000002 9821.1700000000019 10564.233750000001 9961.751250000003 10837.820000000002 20.584375000000005 6687.0000000000009 8520.1200000000008 8538.2500000000018 7449.8550000000005 9808.4637500000008 15796.430000000002 14929.817500000003 14052.772500000001 13300.582500000002 12851.877500000001 24.223125000000007 13093.400000000003 10262.436250000001 6818.9700000000012 7375.7850000000008 7794.3187500000013 30.990000000000006 12748.266250000002 8095.9325000000008 7291.9875000000002
decision_type=2 2 2 2 2 2 2 2 2 2 2 2 2 2 2 2 2 2 2 2 2 2 2 2 2 2 2 2 2 2
left_child=1 3 -2 5 22 9 7 14 -3 -1 -11 12 23 -13 -6 16 17 18 19 27 -7 -20 28 29 -25 -26 -16 -4 -5 -12
right_child=2 8 15 4 6 20 -8 -9 -10 10 11 13 -14 -15 26 -17 -18 -19 21 -21 -22 -23 -24 24 25 -27 -28 -29 -30 -31
leaf_value=1.6414105572640001 3.7407423744255972 -4.0523771776113851 0.48608123650761376 6.9059952775185769 -0.15236548546167875 -0.63540129580818094 1.1085495549754734 -1.0028555957981049 -1.2821405913100659 -2.3507584137516413 0.94051653257326073 -7.9713300673688039 1.566408425814612 -0.90045191326001095 0.8321676935619442 2.1766125894807007 -0.69849610230933912 1.4959015540808132 -3.334487145406368 1.9308888771622392 -3.2751394262994382 -0.32646375908344438 10.804851100319311 -1.3973238909188925 0.72023517234871792 -0.46885721545425812 3.5711080161694717 -1.7741422775095588 1.9499228419711914 5.7170327482562442
leaf_weight=867 771 647 2151 88 3964 681 3304 3519 1798 1041 570 61 1327 5372 1427 972 2114 3063 364 1547 970 1869 38 1601 2511 5215 364 510 1313 102
leaf_count=867 771 647 2151 88 3964 681 3304 3519 1798 1041 570 61 1327 5372 1427 972 2114 3063 364 1547 970 1869 38 1601 2511 5215 364 510 1313 102
internal_value=0.00886438 -0.243735 0.704216 -0.117588 0.399199 -0.474109 0.16036 -0.177447 -2.01521 -0.322674 -0.41834 -0.298306 0.0286209 -0.979841 0.327265 0.518262 0.379518 0.619304 0.20244 0.743306 -2.18631 -0.8168 2.48684 -0.175464 -0.308105 -0.0823945 1.38883 0.052893 2.26123 1.66552
internal_weight=50141 36780 13361 34335 14017 20318 12578 9274 2445 18667 17800 16759 11326 5433 5755 12590 11618 9504 6441 4208 1651 2233 1439 9999 9327 7726 1791 2661 1401 672
internal_count=50141 36780 13361 34335 14017 20318 12578 9274 2445 18667 17800 16759 11326 5433 5755 12590 11618 9504 6441 4208 1651 2233 1439 9999 9327 7726 1791 2661 1401 672
is_linear=0
shrinkage=0.05


Tree=123
num_leaves=31
num_cat=0
split_feature=8 6 6 8 6 4 4 0 8 6 4 5 4 4 4 8 4 6 4 4 4 4 4 4 8 8 8 8 7 2
split_gain=3.18061e+06 3.33691e+06 2.97006e+06 1.76141e+06 2.12283e+06 1.6042e+06 1.77976e+06 1.65764e+06 1.50321e+06 1.44104e+06 1.23257e+06 1.18366e+06 4.1098e+06 2.25395e+06 1.80633e+06 1.13528e+06 1.45898e+06 1.34488e+06 1.22031e+06 1.03875e+06 1.27014e+06 2.62003e+06 2.37152e+06 1.58535e+06 1.11337e+06 1.01219e+06 989765 986405 1.17187e+06 1.00571e+06
threshold=11218.522500000001 10536.356250000003 11219.600000000002 7915.0312500000009 8038.1137500000013 6.5000000000000009 20.500000000000004 30.990000000000006 9190.5612500000025 8058.857500000001 5.5000000000000009 1.0000000180025095e-35 15.500000000000002 1.5000000000000002 16.500000000000004 13866.538750000002 8.5000000000000018 11956.520000000002 6.5000000000000009 1.0000000180025095e-35 3.5000000000000004 6.5000000000000009 5.5000000000000009 13.500000000000002 15095.071250000003 9190.5612500000025 8631.2500000000018 10564.233750000001 10511.770000000002 1.0000000180025095e-35
decision_type=2 2 2 2 2 2 2 2 2 2 2 2 2 2 2 2 2 2 2 2 2 2 2 2 2 2 2 2 2 2
left_child=2 -2 3 9 8 10 7 27 -5 -1 -6 13 19 -3 15 17 18 -15 -17 -13 -21 22 -22 -23 -25 -4 -8 28 29 -7
right_child=1 11 25 4 5 6 26 -9 -10 -11 -12 12 -14 14 -16 16 -18 -19 -20 20 21 23 -24 24 -26 -27 -28 -29 -30 -31
leaf_value=-0.52761179051100637 5.0751484913234339 8.865772758032147 -9.082253163320976 1.2129574223607817 0.27335634504780221 -0.80985864264426621 -0.65569482792014089 0.26477151443024194 8.7504266866866285 -2.384497168561833 2.2264472244999793 5.0520635297917948 -2.5613798782084078 1.8977804947909247 5.4526248147270904 -0.084314817701067246 0.89733617380228103 -0.96625202911562291 6.261640313793631 -1.2558105556817942 0.91986393626415885 -0.061337917205195838 5.0725849368080906 0.97459603426610864 4.0609685382293783 -2.2731621836595499 1.1755603620559634 0.25620515437332692 -2.3786103867568391 -5.9636954908569662
leaf_weight=6264 407 95 57 2427 5241 6765 1047 3807 68 1254 955 127 1179 605 220 105 1118 1271 272 932 820 5971 592 1243 382 1285 2499 1421 1616 96
leaf_count=6264 407 95 57 2427 5241 6765 1047 3807 68 1254 955 127 1179 605 220 105 1118 1271 272 932 820 5971 592 1243 382 1285 2499 1421 1616 96
internal_value=0.00842116 0.608257 -0.255957 -0.163452 0.0318409 -0.115702 -0.36356 -0.621889 1.41839 -0.83734 0.57439 0.486503 0.231643 1.26408 1.06298 0.776501 1.80437 -0.0426168 4.4942 0.558748 0.501339 0.68314 2.66095 0.31549 1.70013 -2.56237 0.63486 -0.962919 -1.16728 -0.881972
internal_weight=50141 15339 34802 33460 25942 23447 17251 13705 2495 7518 6196 14932 11246 3686 3591 3371 1495 1876 377 10067 9940 9008 1412 7596 1625 1342 3546 9898 8477 6861
internal_count=50141 15339 34802 33460 25942 23447 17251 13705 2495 7518 6196 14932 11246 3686 3591 3371 1495 1876 377 10067 9940 9008 1412 7596 1625 1342 3546 9898 8477 6861
is_linear=0
shrinkage=0.05


Tree=124
num_leaves=31
num_cat=0
split_feature=8 7 4 4 0 0 8 0 4 4 0 8 4 7 4 7 8 7 4 8 7 4 5 5 8 0 3 8 4 0
split_gain=2.99908e+06 1.96352e+06 1.51089e+06 1.80011e+06 2.20457e+06 2.08451e+06 1.164e+06 1.32996e+06 1.12021e+06 1.70813e+06 1.60067e+06 1.50046e+06 1.02281e+06 1.20808e+06 1.00632e+06 902176 1.2649e+06 880884 862368 1.22474e+06 821875 806255 4.02084e+06 2.25964e+06 1.39732e+06 1.04315e+06 973936 796710 795755 786572
threshold=9629.0500000000011 9821.1700000000019 7.5000000000000009 5.5000000000000009 23.075625000000006 25.814375000000002 7007.6750000000002 22.735625000000002 18.500000000000004 16.500000000000004 29.418125000000007 14052.772500000001 1.5000000000000002 9358.6962500000027 22.500000000000004 14566.792500000001 15708.635000000002 7114.4237500000008 7.5000000000000009 8759.8637500000023 6180.5912500000004 6.5000000000000009 1.0000000180025095e-35 1.0000000180025095e-35 15271.990000000002 23.118125000000003 1.0000000180025095e-35 10711.386250000001 2.5000000000000004 25.239375000000006
decision_type=2 2 2 2 2 2 2 2 2 2 2 2 2 2 2 2 2 2 2 2 2 2 2 2 2 2 2 2 2 2
left_child=1 6 3 4 -2 21 17 14 9 10 11 29 -6 28 -8 -12 -17 -1 -3 -20 -9 23 -23 -5 25 -24 -25 -10 -14 -4
right_child=2 18 8 5 12 -7 7 20 27 -11 15 -13 13 -15 -16 16 -18 -19 19 -21 -22 22 24 26 -26 -27 -28 -29 -30 -31
leaf_value=-0.40638959004505681 -0.86142078031470626 -0.66593311250635112 -1.9533015278965611 -0.49309735413843936 2.8577685525151182 -0.95367023067956325 0.78801797690117281 5.7760650938017335 1.6893860549027666 -1.4185414173155424 1.1734547964275484 1.0380860821906495 6.1990996085229471 -0.17685705476376906 4.5482908818721768 -0.73321753994486993 1.7382252383167345 -2.3519913600234523 -4.5643241620185764 -1.5023921265916469 -0.23742446782131746 6.4456159346948372 1.4637699840418876 5.6880075182506866 4.8855688227784064 -2.2286489896462167 2.0664921302146229 11.555138524373373 1.6214858658820672 -0.39632659359605005
leaf_weight=1322 2036 1419 968 275 776 512 1612 57 801 1768 4667 1692 122 1245 200 1757 734 1039 452 1177 17880 326 315 662 126 487 258 21 428 5007
leaf_count=1322 2036 1419 968 275 776 512 1612 57 801 1768 4667 1692 122 1245 200 1757 734 1039 452 1177 17880 326 315 662 126 487 258 21 428 5007
internal_value=0.0080001 -0.377347 0.396046 0.985888 0.367674 1.94776 -0.21334 -0.0879017 0.13972 0.050465 0.225656 -0.276348 1.34101 0.685292 1.20306 0.763357 -0.00498029 -1.26259 -1.56704 -2.35199 -0.218315 2.55435 1.66873 3.48369 -0.00935651 -0.778385 4.67241 1.94143 2.63688 -0.64857
internal_weight=50141 25158 24983 7568 4607 2961 22110 19749 17415 16593 14825 7667 2571 1795 1812 7158 2491 2361 3048 1629 17937 2449 1254 1195 928 802 920 822 550 5975
internal_count=50141 25158 24983 7568 4607 2961 22110 19749 17415 16593 14825 7667 2571 1795 1812 7158 2491 2361 3048 1629 17937 2449 1254 1195 928 802 920 822 550 5975
is_linear=0
shrinkage=0.05


Tree=125
num_leaves=31
num_cat=0
split_feature=8 7 7 8 4 1 4 8 7 7 1 4 1 4 4 1 4 7 1 3 7 8 4 4 0 0 4 4 4 8
split_gain=2.6844e+06 1.95058e+06 1.27071e+06 1.21834e+06 1.14965e+06 2.14574e+06 1.13393e+06 1.23662e+06 992772 992666 1.09016e+06 843617 1.48072e+06 1.00872e+06 796230 1.65037e+06 766717 728842 721528 713099 657296 901411 689579 777708 880920 663768 630697 630174 629270 596094
threshold=9932.7700000000023 9821.1700000000019 8635.9450000000015 7291.9875000000002 6.5000000000000009 6.5000000000000009 1.0000000180025095e-35 14563.515000000001 12795.747500000001 14929.817500000003 3.5000000000000004 7.5000000000000009 6.5000000000000009 17.500000000000004 22.500000000000004 3.5000000000000004 4.5000000000000009 7114.4237500000008 11.500000000000002 1.0000000180025095e-35 10728.437500000002 10996.808750000002 4.5000000000000009 6.5000000000000009 23.651875000000008 18.843750000000004 13.500000000000002 8.5000000000000018 16.500000000000004 16180.853750000002
decision_type=2 2 2 2 2 2 2 2 2 2 2 2 2 2 2 2 2 2 2 2 2 2 2 2 2 2 2 2 2 2
left_child=1 3 -2 17 5 16 -4 9 27 19 -11 -3 -13 -14 18 -16 -5 -1 -6 20 22 -22 -8 24 -24 -23 -25 -9 -28 -10
right_child=2 11 6 4 14 -7 7 8 29 10 -12 12 13 -15 15 -17 -18 -19 -20 -21 21 25 23 26 -26 -27 28 -29 -30 -31
leaf_value=-0.25407209059225788 2.5480520723498143 -0.53600950793246438 3.0625334393895116 -0.80748201003236597 -0.28662674577126268 1.6530228156216638 -0.6536076668052635 6.0474208577502546 0.64788067727474385 -4.4536859508524556 -0.44093351262690855 -0.57283341722133074 -3.5706723956117878 1.4228201682503159 3.6079607500958804 -0.18213359723316605 1.1200930109329501 -1.7067295221299874 -2.4810646336192721 -0.33846762600081542 -0.91701569846882691 3.9232029494438465 1.1347801443213679 0.17069655248382387 5.7624734599103213 0.32683684647739053 2.6234658899851118 2.0598713788519736 0.65194791221440263 3.6232998279865178
leaf_weight=1652 674 1875 377 2118 12663 2619 605 139 3436 235 605 1040 1138 111 402 1006 682 1809 386 4515 1630 131 230 1518 186 6226 771 345 852 177
leaf_count=1652 674 1875 377 2118 12663 2619 605 139 3436 235 605 1040 1138 111 402 1006 682 1809 386 4515 1630 131 230 1518 186 6226 771 345 852 177
internal_value=0.00652462 -0.325465 0.409581 -0.147592 0.00316219 0.624271 0.344001 0.296554 1.07852 0.113527 -1.56355 -1.32235 -1.96647 -3.1269 -0.229651 0.899981 -0.33798 -1.01335 -0.35154 0.198066 0.39746 0.131976 0.906933 1.17236 3.20389 0.400948 0.903301 3.20506 1.58851 0.793646
internal_weight=50153 27501 22652 23337 19876 5419 21978 21601 4097 17504 840 4164 2289 1249 14457 1408 2800 3461 13049 16664 12149 7987 4162 3557 416 6357 3141 484 1623 3613
internal_count=50153 27501 22652 23337 19876 5419 21978 21601 4097 17504 840 4164 2289 1249 14457 1408 2800 3461 13049 16664 12149 7987 4162 3557 416 6357 3141 484 1623 3613
is_linear=0
shrinkage=0.05


Tree=126
num_leaves=31
num_cat=0
split_feature=8 6 6 8 8 6 6 4 8 6 6 4 4 5 4 4 4 4 4 4 5 1 4 1 1 1 8 6 5 4
split_gain=2.45561e+06 3.21582e+06 2.52565e+06 1.90521e+06 1.7301e+06 3.07516e+06 2.51993e+06 1.32461e+06 1.09405e+06 2.20009e+06 1.93156e+06 1.22458e+06 1.06259e+06 1.10237e+06 1.58178e+06 1.81509e+06 1.27573e+06 960526 1.32882e+06 2.37167e+06 1.63394e+06 1.06288e+06 933962 931426 1.28052e+06 1.27349e+06 923244 1.59499e+06 904225 3.23038e+06
threshold=12261.76 12194.766250000002 12748.266250000002 13398.315000000002 8498.9237500000017 8463.9737500000028 8463.9737500000028 8.5000000000000018 9932.7700000000023 9933.8150000000005 9961.751250000003 7.5000000000000009 16.500000000000004 1.0000000180025095e-35 17.500000000000004 18.500000000000004 17.500000000000004 20.500000000000004 15.500000000000002 17.500000000000004 22.500000000000004 3.5000000000000004 7.5000000000000009 9.5000000000000018 3.5000000000000004 1.5000000000000002 7291.9875000000002 7450.6750000000002 1.0000000180025095e-35 18.500000000000004
decision_type=2 2 2 2 2 2 2 2 2 2 2 2 2 2 2 2 2 2 2 2 2 2 2 2 2 2 2 2 2 2
left_child=1 4 23 7 6 -6 26 -4 10 12 17 -12 -10 14 -14 -16 -15 18 -7 20 -20 -21 -5 24 25 -2 -1 -28 29 -23
right_child=2 -3 3 22 5 8 -8 -9 9 -11 11 -13 13 16 15 -17 -18 -19 19 21 -22 28 -24 -25 -26 -27 27 -29 -30 -31
leaf_value=-0.93642404772208399 4.5851575421456676 -2.7868344024739691 0.081768322449916678 1.7573903552249341 2.1741509832776402 0.16599340435257404 -2.1111868475081117 -2.617834073594473 3.0626678113096761 0.062349196336344809 -0.36049139132376895 -3.349777800283066 4.6638490747522425 -0.85943512038870173 -9.0535903353502256 3.1143057725646281 5.2112412174542753 0.84736563741668525 -0.88577926539141572 -1.8523761078252616 -5.4201657768363063 -8.541404618024826 0.38462493421500066 -0.89645302289812434 3.9141653078289913 -0.047806780872201748 1.5935613772726103 -0.27813504591289628 1.071909359010198 1.2278700809653214
leaf_weight=3505 201 1151 1013 1556 1748 5012 2172 824 1012 8646 597 804 54 182 101 44 165 2134 348 789 463 120 6082 203 948 566 1365 6851 1210 287
leaf_count=3505 201 1151 1013 1556 1748 5012 2172 824 1012 8646 597 804 54 182 101 44 165 2134 348 789 463 120 6082 203 948 566 1365 6851 1210 287
internal_value=0.00619839 -0.183485 0.651517 0.316572 -0.103811 0.155749 -0.546891 -1.12916 -0.00485599 0.37401 -0.333481 -2.07597 2.10354 0.325828 -2.64088 -5.36126 2.0272 -0.0979094 -0.343045 -1.13611 -3.47446 -0.347915 0.664282 2.30616 2.68524 1.16631 -0.257014 0.0328272 0.386172 -1.65251
internal_weight=50153 38760 11393 9475 37609 23716 13893 1837 21968 10204 11764 1401 1558 546 199 145 347 10363 8229 3217 811 2406 7638 1918 1715 767 11721 8216 1617 407
internal_count=50153 38760 11393 9475 37609 23716 13893 1837 21968 10204 11764 1401 1558 546 199 145 347 10363 8229 3217 811 2406 7638 1918 1715 767 11721 8216 1617 407
is_linear=0
shrinkage=0.05


Tree=127
num_leaves=31
num_cat=0
split_feature=8 6 6 4 1 8 1 4 8 6 8 4 6 8 8 1 6 6 8 4 5 6 6 8 4 8 4 8 4 1
split_gain=2.28121e+06 3.05941e+06 2.4107e+06 1.53778e+06 1.97366e+06 1.92858e+06 1.70873e+06 1.30534e+06 1.11473e+06 1.78788e+06 1.71946e+06 1.19546e+06 1.0345e+06 1.0106e+06 947126 1.23766e+06 1.12126e+06 964854 947104 937773 1.4783e+06 936685 909603 887533 817698 810771 794493 738685 1.31159e+06 1.21514e+06
threshold=11407.567500000001 11452.620000000001 11219.600000000002 7.5000000000000009 6.5000000000000009 6543.7850000000008 6.5000000000000009 17.500000000000004 12261.76 12748.266250000002 13398.315000000002 8.5000000000000018 13730.420000000002 8997.2450000000026 9330.0212500000034 1.5000000000000002 8999.3475000000017 9289.9837500000012 12851.877500000001 16.500000000000004 1.0000000180025095e-35 12194.766250000002 13347.875000000002 16180.853750000002 16.500000000000004 8538.2500000000018 20.500000000000004 10711.386250000001 17.500000000000004 10.500000000000002
decision_type=2 2 2 2 2 2 2 2 2 2 2 2 2 2 2 2 2 2 2 2 2 2 2 2 2 2 2 2 2 2
left_child=1 3 7 4 -1 -6 14 -2 21 18 11 -11 13 -3 16 -16 25 -17 -10 -20 -21 -4 24 -24 -12 -5 -18 28 29 -8
right_child=2 12 8 6 5 -7 27 -9 9 10 22 -13 -14 -15 15 17 26 -19 19 20 -22 -23 23 -25 -26 -27 -28 -29 -30 -31
leaf_value=-0.3466074100430922 3.4244435553977923 -12.182672637939454 0.095144191763222641 -0.40457844416666333 -1.4392684133470732 1.2578301403019678 -2.2996210539475586 -6.4252193001338416 1.1558487731944027 0.077679914340509248 3.3721893306902575 -2.4869423741963015 -7.326578151320553 -2.0076934105824984 -4.824393340856723 2.3678437151562783 -1.9768356716721582 0.41039339560456134 4.4878645963595742 10.693295820236207 -2.8231779584344832 -1.9984355191561847 0.39054894378441068 3.8455941998209635 -2.7446480887551465 0.83687616868788428 0.1120309784898863 0.33948540030928132 -0.49428048826001203 -0.3660162854254625
leaf_weight=5660 864 25 1577 3360 752 5588 2609 35 1154 1013 460 824 111 1023 101 775 1377 3354 522 25 106 808 6925 191 62 2161 680 1199 5632 1180
leaf_count=5660 864 25 1577 3360 752 5588 2609 35 1154 1013 460 824 111 1023 101 775 1377 3354 522 25 106 808 6925 191 62 2161 680 1199 5632 1180
internal_value=0.00588847 -0.209851 0.532973 -0.12479 0.332052 0.937922 -0.369221 3.04098 0.367999 0.575619 0.300744 -1.0727 -2.73657 -2.25042 0.0446696 0.644037 -0.289894 0.777801 2.01693 3.53865 -0.243698 -0.614127 0.631068 0.483286 2.64567 0.081345 -1.2863 -0.829412 -0.978176 -1.69744
internal_weight=50153 35587 14566 34428 12000 6340 22428 899 13667 11282 9475 1837 1159 1048 11808 4230 7578 4129 1807 653 131 2385 7638 7116 522 5521 2057 10620 9421 3789
internal_count=50153 35587 14566 34428 12000 6340 22428 899 13667 11282 9475 1837 1159 1048 11808 4230 7578 4129 1807 653 131 2385 7638 7116 522 5521 2057 10620 9421 3789
is_linear=0
shrinkage=0.05


Tree=128
num_leaves=31
num_cat=0
split_feature=8 6 6 8 6 6 8 6 6 8 6 8 6 6 6 8 6 6 8 6 6 6 8 8 1 1 1 8 1 5
split_gain=2.16746e+06 2.95375e+06 2.18954e+06 1.42383e+06 1.55856e+06 1.41939e+06 1.27205e+06 2.35604e+06 2.06751e+06 1.55181e+06 1.05254e+06 1.01265e+06 1.39907e+06 966518 924403 875312 1.9054e+06 1.52253e+06 1.09892e+06 856491 1.06274e+06 845953 2.12401e+06 1.40361e+06 833549 1.12484e+06 1.10501e+06 820046 808412 1.70061e+06
threshold=9430.7200000000012 9250.2250000000004 9368.4150000000027 8480.6125000000011 8463.9737500000028 8347.2850000000017 12261.76 12194.766250000002 12748.266250000002 13398.315000000002 13404.055000000002 7555.3212500000009 7007.6750000000002 7450.6750000000002 10670.582500000002 10333.657500000003 10998.078750000002 10374.735000000002 10912.768750000001 14566.588750000001 15488.217500000001 14566.588750000001 14655.326250000002 14424.677500000003 9.5000000000000018 3.5000000000000004 1.5000000000000002 15708.635000000002 3.5000000000000004 1.0000000180025095e-35
decision_type=2 2 2 2 2 2 2 2 2 2 2 2 2 2 2 2 2 2 2 2 2 2 2 2 2 2 2 2 2 2
left_child=1 3 -2 5 -5 11 7 15 24 10 -10 13 -13 -1 -3 17 28 -4 -18 -9 -21 23 -23 -11 25 26 -8 -24 29 -17
right_child=2 14 6 4 -6 -7 8 19 9 21 -12 12 -14 -15 -16 16 18 -19 -20 20 -22 22 27 -25 -26 -27 -28 -29 -30 -31
leaf_value=-0.31482325479976719 2.0915275226170951 -1.6029975716374552 0.024918354855033589 1.7288856506789256 0.016915500982424184 -1.4950633325264289 4.2040148933079857 -1.9806423730756884 -0.21528638358129332 0.64092969489858054 -2.8011745366918643 5.855255623694954 0.13912610595008248 -1.9484359949337025 -5.4111889228357022 -4.3236334979687774 -2.1918325562089556 -2.0727703848788908 0.013676926993342529 -17.063057163783483 -3.8072250519361761 -2.7040285767057659 0.019181551380377609 3.0393551098057663 -0.94336809630464458 3.5964023601861066 -0.11262262121106673 1.6611506746815321 1.5361838871498301 1.2582519425484149
leaf_weight=3545 1628 2792 3788 1761 5425 2559 201 1009 1266 2879 571 109 5974 1216 169 194 689 1121 3133 21 54 579 2260 774 203 948 565 1146 3114 460
leaf_count=3545 1628 2792 3788 1761 5425 2559 201 1009 1266 2879 571 109 5974 1216 169 194 689 1121 3133 21 54 579 2260 774 203 948 565 1146 3114 460
internal_value=0.00559405 -0.343761 0.314857 -0.131406 0.436451 -0.435861 0.199044 -0.127748 0.588688 0.285707 -1.01907 -0.185908 0.241552 -0.732062 -1.82035 0.0661797 0.402683 -0.454102 -0.383915 -2.36382 -7.51886 0.599515 0.095708 1.14911 2.08621 2.44502 1.02007 0.571647 1.20055 -0.397537
internal_weight=50153 23550 26603 20589 7186 13403 24975 13583 11392 9475 1837 10844 6083 4761 2961 12499 7590 4909 3822 1084 75 7638 3985 3653 1917 1714 766 3406 3768 654
internal_count=50153 23550 26603 20589 7186 13403 24975 13583 11392 9475 1837 10844 6083 4761 2961 12499 7590 4909 3822 1084 75 7638 3985 3653 1917 1714 766 3406 3768 654
is_linear=0
shrinkage=0.05


Tree=129
num_leaves=31
num_cat=0
split_feature=4 4 5 5 4 8 8 4 1 1 1 6 8 8 6 6 6 8 7 8 8 6 4 8 6 8 6 6 8 6
split_gain=2.18814e+06 1.66546e+06 9.42215e+06 3.01284e+06 9.28651e+06 2.92605e+06 2.03685e+06 1.85375e+06 3.06092e+06 2.36076e+06 1.65887e+06 1.42377e+06 1.32292e+06 1.27262e+06 3.19203e+06 2.14757e+06 1.22512e+06 1.21659e+06 1.19841e+06 1.81671e+06 1.6412e+06 2.05434e+06 1.44992e+06 1.41437e+06 2.25789e+06 1.14079e+06 1.85698e+06 1.31652e+06 1.04619e+06 1.03978e+06
threshold=15.500000000000002 17.500000000000004 1.0000000180025095e-35 1.0000000180025095e-35 18.500000000000004 9549.3612500000017 10189.040000000003 16.500000000000004 7.5000000000000009 8.5000000000000018 8.5000000000000018 12610.421250000001 12906.085000000001 13646.460000000001 14055.557500000001 13347.875000000002 14566.588750000001 8345.5537500000009 8727.7525000000023 9068.8012500000023 9190.5612500000025 9212.9550000000017 1.0000000180025095e-35 10227.180000000002 10507.207500000002 10631.551250000002 9933.8150000000005 10374.735000000002 15095.071250000003 8134.5937500000009
decision_type=2 2 2 2 2 2 2 2 2 2 2 2 2 2 2 2 2 2 2 2 2 2 2 2 2 2 2 2 2 2
left_child=13 2 6 4 10 17 -2 8 16 25 29 -8 -13 14 18 -15 -4 -5 19 -1 -20 -22 -23 -24 -25 26 -9 -27 -29 -3
right_child=1 3 7 5 -6 -7 11 9 -10 -11 -12 12 -14 15 -16 -17 -18 -19 20 -21 21 22 23 24 -26 27 -28 28 -30 -31
leaf_value=0.31949025543796516 -0.31999025756087385 -4.0267859618012336 1.0915629514672609 -0.65270608472461666 -0.28985527536505978 2.7713534626282916 6.5080672344813753 -5.6310398504595085 -4.4973112217317794 -0.68129416783023811 -2.8399571687197516 -5.790925251359635 3.2454314371272162 4.9639931313157861 -4.4542885791510347 0.67001438640169531 -3.1269219980790068 0.55331736694439948 -0.97284391810933357 2.3035579797595251 2.6818692516276288 2.5233759114267769 -1.0095576927770502 1.994003219863302 -0.090117323794856874 0.99366877784729002 -14.393218554621157 -4.2327953859928762 -14.950478823979697 -10.474918264169542
leaf_weight=6516 358 78 778 4097 2624 1043 360 489 546 412 139 47 293 306 381 6014 221 4271 3919 1402 776 564 3061 1520 8961 125 69 444 24 315
leaf_count=6516 358 78 778 4097 2624 1043 360 489 546 412 139 47 293 306 381 6014 221 4271 3919 1402 776 564 3061 1520 8961 125 69 444 24 315
internal_value=0.00531435 -0.461426 -1.3278 -0.17422 -1.5111 0.274105 2.74772 -2.71516 -1.48696 -3.92922 -7.53467 4.31663 1.99629 0.239006 0.0900048 0.877919 0.158345 -0.0371556 0.154804 0.670799 -0.0625059 0.177221 0.0394351 -0.0640166 0.212131 -5.09181 -6.71454 -3.56486 -4.78242 -9.19514
internal_weight=50153 16733 4166 12567 3156 9411 1058 3108 1545 1563 532 700 340 33420 27100 6320 999 8368 26719 7918 18801 14882 14106 13542 10481 1151 558 593 468 393
internal_count=50153 16733 4166 12567 3156 9411 1058 3108 1545 1563 532 700 340 33420 27100 6320 999 8368 26719 7918 18801 14882 14106 13542 10481 1151 558 593 468 393
is_linear=0
shrinkage=0.05


Tree=130
num_leaves=31
num_cat=0
split_feature=8 6 6 8 6 6 6 8 6 6 8 6 8 6 8 8 6 8 7 0 6 8 6 7 0 8 7 6 7 8
split_gain=1.86596e+06 2.79085e+06 2.69052e+06 1.58104e+06 2.07931e+06 1.82709e+06 1.24631e+06 1.05372e+06 2.31925e+06 1.39558e+06 1.00253e+06 952088 931478 1.10336e+06 1.20982e+06 807637 1.27533e+06 1.31034e+06 1.49987e+06 940908 839788 765835 1.44004e+06 868762 767684 758585 751580 780528 728961 764847
threshold=10333.657500000003 10599.892500000002 10374.735000000002 12676.840000000002 12748.266250000002 12748.266250000002 8981.4937500000015 8261.5700000000015 8134.5937500000009 8134.5937500000009 11269.088750000001 7161.2675000000008 6180.5912500000004 6687.0000000000009 6890.3150000000005 13646.460000000001 14248.518750000001 15158.182500000001 14844.657500000003 24.800625000000007 13347.875000000002 9032.9500000000025 8944.215000000002 9098.8137500000012 21.810625000000005 14424.677500000003 5948.7587500000009 5948.7587500000009 14844.657500000003 15708.635000000002
decision_type=2 2 2 2 2 2 2 2 2 2 2 2 2 2 2 2 2 2 2 2 2 2 2 2 2 2 2 2 2 2
left_child=2 6 7 4 -3 -5 -2 9 11 12 -8 -9 26 -14 -15 20 25 18 -18 -19 -7 23 -23 24 -10 -17 -1 -28 -21 -30
right_child=1 3 -4 5 -6 15 10 8 21 -11 -12 -13 13 14 -16 16 17 19 -20 28 -22 22 -24 -25 -26 -27 27 -29 29 -31
leaf_value=-7.9845675399086691 11.195180259810554 -0.12023792244014778 -2.3368579246878696 2.6230776274912673 -2.9511527546497276 0.42818324271851166 1.3701588829348881 10.909734280904134 3.0500240974885262 -1.515051357897319 4.1130613101174811 1.9012119515967094 1.4548143436903302 -2.1273302270652783 -0.070196431810889248 1.1500339321196813 0.049143282920670321 4.268002514961438 -2.9131379080456981 2.3776563568249376 -1.5110520848358602 1.614555881943063 -0.045557231949497276 -1.3077182095984614 -0.21383387652056396 3.4735643245795345 1.5040541751597956 -3.4612369849405313 -0.80781486862253338 1.1844097589510472
leaf_weight=55 36 6715 1459 976 718 1196 2018 30 187 2662 399 1313 1017 808 6191 1627 1631 195 579 491 1047 1587 7385 2074 4926 448 123 222 934 995
leaf_count=55 36 6715 1459 976 718 1196 2018 30 187 2662 399 1313 1017 808 6191 1627 1631 195 579 491 1047 1587 7385 2074 4926 448 123 222 934 995
internal_value=0.00664558 0.380772 -0.24251 0.159994 -0.393694 0.566711 1.9605 -0.135595 0.105945 -0.5172 1.82296 2.10244 -0.201577 -0.0840722 -0.307682 0.347197 0.615128 0.169352 -0.726948 0.926837 -0.477024 -0.0599875 0.24809 -0.44458 -0.0944634 1.65169 -2.55637 -1.691 0.657611 0.219797
internal_weight=50044 20005 30039 17552 7433 10119 2453 28580 17502 11078 2417 1343 8416 8016 6999 9143 6900 4825 2210 2615 2243 16159 8972 7187 5113 2075 400 345 2420 1929
internal_count=50044 20005 30039 17552 7433 10119 2453 28580 17502 11078 2417 1343 8416 8016 6999 9143 6900 4825 2210 2615 2243 16159 8972 7187 5113 2075 400 345 2420 1929
is_linear=0
shrinkage=0.05


Tree=131
num_leaves=31
num_cat=0
split_feature=4 4 8 6 6 8 8 4 6 8 6 6 7 8 8 6 4 8 6 6 8 6 8 8 8 6 7 8 8 0
split_gain=2.23611e+06 1.74209e+06 2.52715e+06 1.61789e+06 1.51448e+06 1.41707e+06 1.24078e+06 1.09439e+06 1.09404e+06 1.07646e+06 2.94004e+06 2.40567e+06 1.15341e+06 1.58802e+06 1.44911e+06 2.14196e+06 1.25627e+06 1.19962e+06 1.89754e+06 1.12012e+06 1.06094e+06 1.00265e+06 958945 938274 937061 933848 897158 895221 871152 1.12105e+06
threshold=15.500000000000002 17.500000000000004 10189.040000000003 10599.892500000002 10043.071250000003 11680.070000000002 7375.7850000000008 16.500000000000004 8396.7062500000011 13222.700000000003 13347.875000000002 13235.073750000001 8673.715000000002 8666.5600000000031 8427.2587500000027 8813.1425000000017 1.0000000180025095e-35 9932.7700000000023 10507.207500000002 9432.8332000000028 10875.905000000002 11735.470000000003 10958.562500000002 11947.117500000002 12468.762500000003 7763.7775000000011 12688.515000000001 16180.853750000002 5948.7587500000009 23.836875000000003
decision_type=2 2 2 2 2 2 2 2 2 2 2 2 2 2 2 2 2 2 2 2 2 2 2 2 2 2 2 2 2 2
left_child=9 2 3 7 5 -4 -3 -2 -9 10 12 -11 13 28 19 -16 -17 -18 22 -14 -20 23 -19 -22 -23 -15 -24 -6 -1 -30
right_child=1 6 4 -5 27 -7 -8 8 -10 11 -12 -13 14 25 15 16 17 18 20 -21 21 24 26 -25 -26 -27 -28 -29 29 -31
leaf_value=-3.2673266250487658 -0.90724350394425446 -1.6087198660000999 2.0259107954546707 -11.37183737622367 -0.92206433547201549 15.780309410095214 0.0012132220654790015 -0.87522463509847326 -4.593287681594064 3.7057766468220374 -3.2711044247037786 0.49639886448666737 -1.0676727043387293 11.667866166432699 2.58100078884965 2.0344088096155719 -0.8838137982381209 0.96409130409235877 -1.3070847106540198 -6.807718055033952 0.47202359144782458 -1.2534156199358506 5.6354378166673307 3.4015642804452328 0.42906194644916901 1.7477276751881883 0.39976009013769254 8.5943992457389822 1.2729465861042302 -0.20196651154030987
leaf_weight=171 612 1341 294 54 2150 20 11129 271 733 638 635 6885 1887 24 831 703 3846 2042 1758 89 2367 1821 230 309 1517 2060 127 25 2074 3401
leaf_count=171 612 1341 294 54 2150 20 11129 271 733 638 635 6885 1887 24 831 703 3846 2042 1758 89 2367 1821 230 309 1517 2060 127 25 2074 3401
internal_value=0.0063133 -0.467468 -1.35363 -2.85831 -0.344056 2.90199 -0.171916 -2.57382 -3.58971 0.242091 0.0891192 0.768575 0.1736 0.682385 -0.0507909 0.111271 -0.0281548 -0.131599 0.152838 -1.32621 -0.226592 0.0892551 1.38207 0.8103 -0.488791 1.86197 3.77289 -0.81268 0.246987 0.356749
internal_weight=50044 16629 4159 1670 2489 314 12470 1616 1004 33415 25892 7523 25257 7730 17527 15551 14720 14017 10171 1976 7772 6014 2399 2676 3338 2084 357 2175 5646 5475
internal_count=50044 16629 4159 1670 2489 314 12470 1616 1004 33415 25892 7523 25257 7730 17527 15551 14720 14017 10171 1976 7772 6014 2399 2676 3338 2084 357 2175 5646 5475
is_linear=0
shrinkage=0.05


Tree=132
num_leaves=31
num_cat=0
split_feature=4 4 4 5 5 1 1 8 1 8 8 4 8 1 4 4 5 8 6 6 8 6 8 7 6 8 1 1 1 7
split_gain=2.06438e+06 2.83576e+06 1.58039e+06 5.07946e+06 1.49106e+06 1.3934e+06 1.37661e+06 1.36771e+06 1.46504e+06 1.32751e+06 1.30982e+06 1.21961e+06 1.47248e+06 1.17648e+06 1.14051e+06 1.09578e+06 1.05323e+06 982394 2.50672e+06 2.44026e+06 1.40476e+06 1.47311e+06 1.26111e+06 1.19269e+06 988626 1.22693e+06 974669 953908 938760 1.52628e+06
threshold=7.5000000000000009 5.5000000000000009 6.5000000000000009 1.0000000180025095e-35 1.0000000180025095e-35 6.5000000000000009 6.5000000000000009 7587.3650000000007 11.500000000000002 6464.4537500000015 15271.990000000002 1.5000000000000002 9148.9100000000017 2.5000000000000004 15.500000000000002 3.5000000000000004 1.0000000180025095e-35 11218.522500000001 11110.028750000001 11787.372500000001 14052.772500000001 14566.588750000001 15417.848750000003 14844.657500000003 13300.582500000002 12534.63125 6.5000000000000009 1.5000000000000002 3.5000000000000004 12193.127500000002
decision_type=2 2 2 2 2 2 2 2 2 2 2 2 2 2 2 2 2 2 2 2 2 2 2 2 2 2 2 2 2 2
left_child=1 6 4 26 -3 13 11 -2 17 -8 27 12 -1 -6 -10 -13 -17 18 -9 28 24 -22 23 -23 25 -21 -4 -5 29 -19
right_child=7 2 3 10 5 -7 9 8 14 -11 -12 15 -14 -15 -16 16 -18 19 -20 20 21 22 -24 -25 -26 -27 -28 -29 -30 -31
leaf_value=-0.9972357238375622 -1.4703621860604419 0.21748617523844588 2.9138371640688754 2.6932810901685524 4.7597035943534127 4.9231607484082653 -1.5031161254720606 -0.14944364750219921 -0.75648482535287687 0.9249436014542094 2.9677107701227072 -1.6459957955348654 1.5908403015838113 0.70217864557047005 -4.0041421867319817 -1.9512771931141615 0.51915597612306663 -2.9457562828713129 -2.7726429203383103 -1.5311418087706858 1.7343841235980451 0.099478258513619758 0.8325155563411788 -2.652440797619648 -1.8792266251793344 0.95214868119547413 7.2246253862695289 -1.7934390373356484 2.3605960086201554 6.0787786391914871
leaf_weight=920 2058 512 292 131 257 730 633 18831 809 5086 200 2268 1365 586 406 575 1728 202 957 883 1608 887 1710 708 1351 1139 238 1238 1675 61
leaf_count=920 2058 512 292 131 257 730 633 18831 809 5086 200 2268 1365 586 406 575 1728 202 957 883 1608 887 1710 708 1351 1139 238 1238 1675 61
internal_value=0.00599763 0.458571 1.58613 0.617621 2.56114 3.32398 0.0834059 -0.221873 -0.139592 0.656197 -0.811928 -0.394393 0.548814 1.93917 -1.84171 -0.865894 -0.0976478 -0.070684 -0.276309 0.327291 -0.0462872 0.493141 -0.110768 -1.12206 -0.832 -0.132295 4.84963 -1.3641 1.92454 -0.852613
internal_weight=50044 16759 4184 2099 2085 1573 12575 33285 31227 5719 1569 6856 2285 843 1215 4571 2303 30012 19788 10224 8286 4913 3305 1595 3373 2022 530 1369 1938 263
internal_count=50044 16759 4184 2099 2085 1573 12575 33285 31227 5719 1569 6856 2285 843 1215 4571 2303 30012 19788 10224 8286 4913 3305 1595 3373 2022 530 1369 1938 263
is_linear=0
shrinkage=0.05


Tree=133
num_leaves=31
num_cat=0
split_feature=4 4 0 0 1 8 4 8 8 4 1 1 4 5 4 8 4 7 5 4 4 8 1 1 5 7 0 8 4 4
split_gain=1.8631e+06 2.55928e+06 2.03452e+06 1.45881e+06 1.24239e+06 1.19808e+06 1.1007e+06 1.33558e+06 1.06385e+06 1.01434e+06 2.29634e+06 1.01282e+06 988940 950541 917834 1.70065e+06 1.45243e+06 1.43841e+06 1.1795e+06 4.51633e+06 2.22339e+06 1.63571e+06 1.37018e+06 1.06483e+06 1.73085e+06 907056 788160 787122 773443 778374
threshold=7.5000000000000009 5.5000000000000009 25.355625000000007 30.828125000000004 6.5000000000000009 6464.4537500000015 1.5000000000000002 9577.5025000000023 14052.772500000001 20.500000000000004 4.5000000000000009 3.5000000000000004 3.5000000000000004 1.0000000180025095e-35 17.500000000000004 10473.683750000002 16.500000000000004 9398.2637500000019 1.0000000180025095e-35 18.500000000000004 18.500000000000004 9330.0212500000034 7.5000000000000009 8.5000000000000018 1.0000000180025095e-35 8709.9500000000025 25.239375000000006 8980.1275000000023 16.500000000000004 17.500000000000004
decision_type=2 2 2 2 2 2 2 2 2 2 2 2 2 2 2 2 2 2 2 2 2 2 2 2 2 2 2 2 2 2
left_child=1 4 -3 8 6 -6 7 -1 9 11 -11 -2 -8 -14 15 16 17 -13 19 22 21 -20 -16 24 -18 -7 -17 -19 -5 -30
right_child=3 2 -4 28 5 25 12 -9 -10 10 -12 14 13 -15 18 26 23 27 20 -21 -22 -23 -24 -25 -26 -27 -28 -29 29 -31
leaf_value=-0.70503100902305293 -1.5485969585121777 2.2665524266282038 -0.093289567282805033 0.60871940786344048 -1.4279603422951914 1.4229111018004972 -1.5636960052492959 1.7128585456726662 0.61684448039993023 1.372481407637097 -0.6778400261464651 0.039257466996851557 -1.8537133319711554 0.49319818126516318 -10.878854843732475 -1.933703427480596 1.6824418116623248 -3.7786261193112645 1.9066037361553225 1.0176014163505702 -0.31897051838184109 8.4895699625817418 -3.8661773765788361 -1.7467019333871279 -6.9828008290404586 0.059425454418463954 0.035939780720854159 -1.4268128355745335 -1.9947346451815857 0.17333870736831591
leaf_weight=1126 2964 2837 1347 6618 633 3056 2268 1159 2312 2116 3851 1626 575 1728 111 569 71 458 799 617 1928 107 187 449 306 2030 4730 1594 618 1254
leaf_count=1126 2964 2837 1347 6618 633 3056 2268 1159 2312 2116 3851 1626 575 1728 111 569 71 458 799 617 1928 107 187 449 306 2030 4730 1594 618 1254
internal_value=0.00569775 0.435643 1.50682 -0.21078 0.0792356 0.623387 -0.374674 0.521373 -0.404474 -0.509499 0.0492389 -0.711363 -0.822599 -0.0927654 -0.528249 -0.782715 -1.49704 -1.07154 0.137134 -1.42368 0.641067 2.68406 -6.47828 -3.39171 -5.35089 0.878696 -0.175558 -1.95173 0.354903 -0.542403
internal_weight=50044 16759 4184 33285 12575 5719 6856 2285 24795 22483 5967 16516 4571 2303 13552 9803 4504 3678 3749 915 2834 906 298 826 377 5086 5299 2052 8490 1872
internal_count=50044 16759 4184 33285 12575 5719 6856 2285 24795 22483 5967 16516 4571 2303 13552 9803 4504 3678 3749 915 2834 906 298 826 377 5086 5299 2052 8490 1872
is_linear=0
shrinkage=0.05


Tree=134
num_leaves=31
num_cat=0
split_feature=3 7 0 6 7 0 7 0 1 0 7 1 7 0 7 0 2 6 7 1 7 6 6 6 6 7 6 1 7 7
split_gain=975296 567451 606985 495682 751612 477214 434265 429585 396284 712327 323827 293025 283252 277420 262352 254856 250453 384839 243656 237837 236588 430076 270719 248799 384875 392948 455794 360696 327370 247524
threshold=1.0000000180025095e-35 7296.5412500000011 30.596250000000005 5948.7587500000009 6180.5912500000004 18.201875000000005 11087.642500000004 23.941875000000007 11.500000000000002 22.980625000000007 12853.755000000003 11.500000000000002 6180.5912500000004 39.611875000000005 14929.817500000003 27.193125000000006 1.0000000180025095e-35 7249.5150000000003 10681.578750000002 11.500000000000002 13673.840000000002 11452.620000000001 15563.876250000003 14655.636250000001 14929.610000000002 10412.547500000002 15488.217500000001 7.5000000000000009 10540.642500000002 12745.692500000001
decision_type=2 2 2 2 2 2 2 2 2 2 2 2 2 2 2 2 2 2 2 2 2 2 2 2 2 2 2 2 2 2
left_child=1 19 5 4 -2 6 -3 14 16 10 -10 12 -9 -14 -5 -11 20 -18 -17 -1 21 -7 -22 27 -25 26 -26 28 -23 -27
right_child=3 2 -4 7 -6 8 -8 11 9 15 -12 -13 13 -15 -16 18 17 -19 -20 -21 22 23 -24 24 25 29 -28 -29 -30 -31
leaf_value=0.6503655152744614 -11.672105503082276 0.85588618823646634 0.52654404292972912 0.21641634829073536 0.84132312536239628 -0.032742934993974723 5.023081850122523 5.107213414233664 0.34275805458129305 -2.4023990134796058 5.2018572500661797 -1.9713128749164754 -0.46724948019480261 2.9144939162692087 -3.1465286088191857 1.3019616891758159 2.4423633733103354 -1.8191898658119428 -1.8556876553477144 1.9471387961520836 -0.60892439969261103 -1.2697195576806797 0.72056848657223105 -4.1192625289729667 -5.5988159146308902 3.0455323164613506 0.9154738106604281 1.3718001942489992 0.49893202667168057 -2.7970402197404343
leaf_weight=2080 24 274 6435 3402 24 17402 81 23 351 543 38 320 10427 61 59 109 62 364 139 426 2445 289 454 70 50 103 58 1146 2763 22
leaf_count=2080 24 274 6435 3402 24 17402 81 23 351 543 38 320 10427 61 59 109 62 364 139 426 2445 289 454 70 50 103 58 1146 2763 22
internal_value=0.00541286 0.1453 0.0905342 -0.342881 -5.41539 -0.0143016 1.80671 -0.325845 -0.0387813 -0.934365 0.817426 -0.480803 -0.435426 -0.447581 0.159088 -1.79587 0.00310819 -1.19896 -0.46785 0.870807 0.023755 0.0799367 -0.400718 0.515585 -0.868108 0.108634 -2.1004 0.615456 0.331455 2.01724
internal_weight=50044 35704 33198 14340 48 26763 355 14292 26408 1180 389 10831 10511 10488 3461 791 25228 426 248 2506 24802 21903 2899 4501 303 233 108 4198 3052 125
internal_count=50044 35704 33198 14340 48 26763 355 14292 26408 1180 389 10831 10511 10488 3461 791 25228 426 248 2506 24802 21903 2899 4501 303 233 108 4198 3052 125
is_linear=0
shrinkage=0.05


Tree=135
num_leaves=31
num_cat=0
split_feature=8 6 6 6 8 8 8 6 8 6 6 8 1 1 6 6 0 8 6 0 8 5 6 6 8 8 6 0 1 6
split_gain=1.35521e+06 2.44339e+06 2.25148e+06 1.316e+06 948291 929314 908977 799677 742540 2.64543e+06 1.66618e+06 1.39881e+06 1.0175e+06 939781 936006 804627 726606 779657 1.08918e+06 720306 633871 631305 629657 576413 1.23819e+06 1.10156e+06 747346 695024 775034 563826
threshold=8830.2575000000015 8592.5562500000015 8592.5562500000015 9985.8487500000028 8150.42875 16180.853750000002 7449.8550000000005 7823.9275000000007 11997.860000000002 11219.600000000002 12013.360000000002 11218.522500000001 3.5000000000000004 11.500000000000002 14102.270000000002 9835.6775000000016 19.570625000000003 6621.9212500000003 6687.0000000000009 28.650625000000005 10837.820000000002 1.0000000180025095e-35 8001.1275000000005 9476.8200000000015 10189.040000000003 9386.0550000000021 10599.892500000002 26.400000000000009 6.5000000000000009 10407.072500000002
decision_type=2 2 2 2 2 2 2 2 2 2 2 2 2 2 2 2 2 2 2 2 2 2 2 2 2 2 2 2 2 2
left_child=2 22 4 6 16 8 -4 -6 9 11 12 23 29 -14 20 19 -1 -18 -19 -13 -11 -12 -2 25 27 -3 -26 -25 -29 -10
right_child=1 5 3 -5 7 -7 -8 -9 10 14 21 15 13 -15 -16 -17 17 18 -20 -21 -22 -23 -24 24 26 -27 -28 28 -30 -31
leaf_value=1.6365697738708154 5.3592777515211738 -0.090237704057071363 -6.5017902141664088 -7.032966324773807 2.1691720313095657 3.5191098154190201 -1.1750940530114482 0.26325710473011654 4.5636255338506881 -2.6911469253229683 0.86737011413888543 14.834477367401124 3.8429895453762364 -2.087374401857724 -5.2863226400222629 1.4796467698350606 -1.7498704512522079 1.9628856313475493 -0.43344647755229571 3.983564818088825 -0.86669640972281303 -0.0050143964343186288 2.0135617117660689 -0.097439480672313061 1.0223799714824211 1.3427363406541735 -0.31914498850814388 -0.81559724315458038 -2.8147167104406385 -1.1003159094761317
leaf_weight=439 166 3702 82 103 643 199 3438 3820 53 580 2779 20 687 74 146 1054 1017 507 7326 65 2657 8172 920 2253 2323 2103 1877 2050 635 257
leaf_count=439 166 3702 82 103 643 199 3438 3820 53 580 2779 20 687 74 146 1054 1017 507 7326 65 2657 8172 920 2253 2323 2103 1877 2050 635 257
internal_value=0.00368163 0.192943 -0.353295 -1.46219 -0.061154 0.113016 -1.29918 0.537849 0.0914888 -0.0993318 0.400449 0.168013 2.28269 3.26632 -1.37023 1.85704 -0.348951 -0.447442 -0.278341 6.53672 -1.1936 0.216368 2.52497 0.0392704 -0.20824 0.428891 0.422846 -0.745008 -1.28839 -0.131965
internal_weight=50147 32772 17375 3623 13752 31686 3520 4463 31487 19465 12022 16082 1071 761 3383 1139 9289 8850 7833 85 3237 10951 1086 14943 9138 5805 4200 4938 2685 310
internal_count=50147 32772 17375 3623 13752 31686 3520 4463 31487 19465 12022 16082 1071 761 3383 1139 9289 8850 7833 85 3237 10951 1086 14943 9138 5805 4200 4938 2685 310
is_linear=0
shrinkage=0.05


Tree=136
num_leaves=31
num_cat=0
split_feature=4 4 0 0 4 8 8 7 0 8 8 8 7 6 5 4 5 5 8 3 0 6 7 6 4 8 8 6 8 8
split_gain=1.84184e+06 2.17412e+06 1.78269e+06 1.18626e+06 1.11038e+06 1.03606e+06 859555 844780 934384 1.15148e+06 756804 756293 830553 738048 726288 723411 4.96023e+06 1.98352e+06 1.2831e+06 904404 875751 667297 667192 661915 1.18767e+06 870724 724754 1.18891e+06 942755 861973
threshold=7.5000000000000009 5.5000000000000009 26.229375000000008 29.143125000000005 22.500000000000004 8721.7812500000018 7936.5750000000007 7710.3650000000007 22.340625000000006 7762.8475000000008 16180.853750000002 5948.7587500000009 5948.7587500000009 8347.2850000000017 1.0000000180025095e-35 6.5000000000000009 1.0000000180025095e-35 1.0000000180025095e-35 15271.990000000002 1.0000000180025095e-35 22.923125000000002 5948.7587500000009 9007.0850000000009 8686.8212500000027 16.500000000000004 8740.0525000000016 9212.2062500000011 10162.300000000001 10227.180000000002 9754.8725000000031
decision_type=2 2 2 2 2 2 2 2 2 2 2 2 2 2 2 2 2 2 2 2 2 2 2 2 2 2 2 2 2 2
left_child=1 7 15 4 -2 -6 -5 11 -9 13 23 12 -1 -10 -7 17 -17 22 20 -19 -18 -14 -3 25 26 -8 -25 29 -29 -28
right_child=3 2 -4 6 5 14 10 8 9 -11 -12 -13 21 -15 -16 16 18 19 -20 -21 -22 -23 -24 24 -26 -27 27 28 -30 -31
leaf_value=-8.5754212583814358 -0.57738177137355218 3.0092106375267837 -0.63012816115800863 -2.013787799299974 -0.14536789045814658 -0.85271978194896991 0.33275738388102138 -0.99439527824087459 -0.72328601645232626 0.47562213375107104 4.6722341992666854 1.009281608534752 2.3546033185563591 -4.4498717569519544 3.1767676769844737 5.6820480068250632 0.97210246481342255 4.43547023256379 3.8534295088855934 1.5096976583446962 -2.2518006024386228 -5.7603019588872009 -1.2733273714439235 -1.0476327735724422 -0.976244783590836 2.7735579031043582 0.42935670248839214 -2.1599375181505684 0.32647371371171624 2.8585609674016705
leaf_weight=42 18038 123 848 443 1280 143 1130 2354 1299 5676 95 2891 76 148 513 435 306 949 141 366 676 38 349 885 2236 540 674 406 6250 797
leaf_count=42 18038 123 848 443 1280 143 1130 2354 1299 5676 95 2891 76 148 513 435 306 949 141 366 676 38 349 885 2236 540 674 406 6250 797
internal_value=0.00349754 0.432009 1.41748 -0.210784 -0.455249 0.682682 0.152099 0.102078 -0.13077 0.15464 0.225832 0.826296 -2.5648 -1.10444 2.29839 1.93657 1.14908 2.62314 -0.606786 3.62115 -1.2472 -0.350365 -0.157327 0.193132 0.0552229 1.122 0.311144 0.45911 0.174809 1.74552
internal_weight=50147 16717 4193 33430 19974 1936 13456 12524 9477 7123 13013 3047 156 1447 656 3345 1558 1787 1123 1315 982 114 472 12918 11248 1670 9012 8127 6656 1471
internal_count=50147 16717 4193 33430 19974 1936 13456 12524 9477 7123 13013 3047 156 1447 656 3345 1558 1787 1123 1315 982 114 472 12918 11248 1670 9012 8127 6656 1471
is_linear=0
shrinkage=0.05


Tree=137
num_leaves=31
num_cat=0
split_feature=4 4 0 1 0 4 1 4 1 4 0 7 3 4 4 4 6 4 0 4 6 3 7 2 0 4 7 6 6 4
split_gain=1.66226e+06 1.96214e+06 1.60888e+06 1.23128e+06 1.0824e+06 900291 1.15851e+06 796560 1.88042e+06 784088 680526 671525 735198 636295 935305 989440 876736 634827 728354 569926 1.01107e+06 560452 553960 552175 512355 487138 604858 1.48968e+06 463097 443632
threshold=7.5000000000000009 5.5000000000000009 26.229375000000008 6.5000000000000009 30.596250000000005 1.5000000000000002 3.5000000000000004 22.500000000000004 3.5000000000000004 3.5000000000000004 25.315625000000008 13603.623750000001 1.0000000180025095e-35 1.0000000180025095e-35 2.5000000000000004 1.5000000000000002 8592.5562500000015 1.0000000180025095e-35 24.631875000000004 16.500000000000004 9170.8975000000009 1.0000000180025095e-35 8135.9450000000006 1.0000000180025095e-35 23.075625000000006 13.500000000000002 16182.750000000002 14566.588750000001 14302.221250000001 6.5000000000000009
decision_type=2 2 2 2 2 2 2 2 2 2 2 2 2 2 2 2 2 2 2 2 2 2 2 2 2 2 2 2 2 2
left_child=1 3 11 5 7 6 17 10 -9 -7 -2 12 29 -5 15 24 22 -1 -19 25 -21 23 -16 -12 -15 28 -27 -28 -6 -3
right_child=4 2 -4 13 19 9 -8 8 -10 -11 21 -13 -14 14 16 -17 -18 18 -20 20 -22 -23 -24 -25 -26 26 27 -29 -30 -31
leaf_value=2.76963495957841 -0.91050397411601469 3.4660193514888706 -0.59862175610428237 -0.5382770254878968 0.4922707165282823 -1.4138980492459359 -0.65336477908161239 3.0510533260757762 -0.35261787422244423 -0.10503898937701106 -0.055100380775923941 0.63454666501550794 0.8840902378360147 -0.94794178567826748 2.3978681797640617 2.8769887910838858 -0.47297458909100298 -0.69484618809856025 3.4559936120793537 0.6483320395082236 -1.5950624001739921 -0.76276773121142216 0.29290030917220905 -2.3811479920000411 1.4837375010690119 0.87942376316528359 16.618721153622584 -0.51968097100034361 -0.63111259641650275 1.8690384295975169
leaf_weight=572 6114 1035 848 951 2881 2284 1153 556 1502 2293 11365 859 701 344 597 952 1589 405 143 1000 1009 4533 656 261 585 2810 21 32 1346 750
leaf_count=572 6114 1035 848 951 2881 2284 1153 556 1502 2293 11365 859 701 344 597 952 1589 405 143 1000 1009 4533 656 261 585 2810 21 32 1346 750
internal_value=0.00332267 0.410408 1.3466 0.0969737 -0.200245 -0.354234 0.459171 -0.37423 0.566936 -0.758182 -0.461193 1.83974 2.25618 0.641699 0.879293 1.74417 0.306866 1.60449 0.388311 0.264998 -0.47839 -0.291189 1.29583 -0.107319 0.583309 0.475642 0.979233 6.27101 0.134553 2.79502
internal_weight=50147 16717 4193 12524 33430 6850 2273 24331 2058 4577 22273 3345 2486 5674 4723 1881 2842 1120 548 9099 2009 16159 1253 11626 929 7090 2863 53 4227 1785
internal_count=50147 16717 4193 12524 33430 6850 2273 24331 2058 4577 22273 3345 2486 5674 4723 1881 2842 1120 548 9099 2009 16159 1253 11626 929 7090 2863 53 4227 1785
is_linear=0
shrinkage=0.05


Tree=138
num_leaves=31
num_cat=0
split_feature=4 4 1 8 4 8 1 4 1 4 3 4 6 6 8 6 6 1 8 6 6 6 1 7 6 8 6 6 8 4
split_gain=1.50019e+06 1.78139e+06 1.1346e+06 1.09066e+06 1.04193e+06 1.31437e+06 1.87647e+06 1.02175e+06 997329 900094 880621 878238 1.12979e+06 832043 919410 1.77752e+06 1.2767e+06 989066 899472 1.76371e+06 1.54423e+06 811970 806162 1.14956e+06 775164 747604 1.16347e+06 1.10718e+06 1.21217e+06 883441
threshold=7.5000000000000009 4.5000000000000009 11.500000000000002 7375.7850000000008 2.5000000000000004 7645.0150000000003 6.5000000000000009 1.0000000180025095e-35 11.500000000000002 1.5000000000000002 1.0000000180025095e-35 15.500000000000002 8347.2850000000017 7482.598750000001 9330.0212500000034 9410.0175000000017 9476.8200000000015 1.5000000000000002 11218.522500000001 11588.001250000003 11110.028750000001 8797.657500000003 3.5000000000000004 12193.127500000002 10915.581250000001 13995.890000000001 14102.270000000002 13300.582500000002 12261.76 16.500000000000004
decision_type=2 2 2 2 2 2 2 2 2 2 2 2 2 2 2 2 2 2 2 2 2 2 2 2 2 2 2 2 2 2
left_child=1 2 4 -2 5 -1 9 -8 13 -7 -3 -10 -13 -5 15 -15 17 -16 20 22 -18 -6 23 -20 -17 27 29 28 -21 -27
right_child=3 10 -4 8 21 6 7 -9 11 -11 -12 12 -14 14 16 24 18 -19 19 25 -22 -23 -24 -25 -26 26 -28 -29 -30 -31
leaf_value=-0.86769850605143795 -1.5432040576874 1.4289317077180026 2.3165841672009599 1.6170591719438088 0.098294593748484621 0.73945245067663989 0.19897259622701402 3.4876452575764567 -0.50163646107199811 -1.0643236409230479 0.1142744062110128 -1.0393225677167031 -6.0117868672129582 -0.273419817190591 -5.712211567528394 -2.3028873891172217 -0.17690958940081949 1.4804129731152829 -2.9779253999275319 -1.4018128556113949 -2.3836085718406186 -1.3499398060988856 2.2460572597825093 5.6466540350914007 -12.249619874954224 2.7020109580871599 0.028039418357587127 -1.8170986061610959 0.93998803833400446 -2.4312543166311165
leaf_weight=1732 1426 4492 499 711 1649 2049 336 795 795 1044 1778 258 205 10886 49 949 5034 1945 170 894 941 2343 1351 50 20 712 4282 1210 1447 95
leaf_count=1732 1426 4492 499 711 1649 2049 336 795 795 1044 1778 258 205 10886 49 949 5034 1945 170 894 941 2343 1351 50 20 712 4282 1210 1447 95
internal_value=0.00315653 0.389888 -0.00997248 -0.190232 -0.126675 0.292254 0.767878 2.51064 -0.129948 0.130612 1.05613 -1.50983 -3.24095 -0.0734891 -0.113508 -0.456084 0.109882 1.30366 -0.0371833 0.247937 -0.524442 -0.751709 1.78899 -1.01779 -2.50819 -0.0322708 0.356244 -0.589059 0.0456822 2.09772
internal_weight=50147 16717 10447 33430 9948 5956 4224 1131 32004 3093 6270 1258 463 30746 30035 11855 18180 1994 16186 10211 5975 3992 1571 220 969 8640 5089 3551 2341 807
internal_count=50147 16717 10447 33430 9948 5956 4224 1131 32004 3093 6270 1258 463 30746 30035 11855 18180 1994 16186 10211 5975 3992 1571 220 969 8640 5089 3551 2341 807
is_linear=0
shrinkage=0.05


Tree=139
num_leaves=31
num_cat=0
split_feature=4 1 8 8 8 8 1 4 6 7 6 4 1 0 4 3 6 6 8 6 8 6 4 4 1 6 1 4 8 4
split_gain=1.35392e+06 1.6564e+06 1.98882e+06 1.15663e+06 1.00304e+06 986394 988969 1.05899e+06 970711 848265 841466 810013 1.16291e+06 1.09355e+06 735086 723925 700784 682608 742629 1.06683e+06 666105 1.36158e+06 1.21935e+06 1.00701e+06 1.79235e+06 768581 655899 1.08521e+06 624737 639362
threshold=7.5000000000000009 6.5000000000000009 12126.287500000002 6543.7850000000008 12332.350000000002 7587.3650000000007 11.500000000000002 15.500000000000002 13870.301250000002 9846.5800000000017 7482.598750000001 22.500000000000004 3.5000000000000004 29.143125000000005 1.0000000180025095e-35 1.0000000180025095e-35 11637.321250000003 11270.075000000003 10504.796250000001 9659.246250000002 11407.567500000001 11219.600000000002 17.500000000000004 16.500000000000004 8.5000000000000018 11588.001250000003 1.5000000000000002 19.500000000000004 16180.853750000002 14.500000000000002
decision_type=2 2 2 2 2 2 2 2 2 2 2 2 2 2 2 2 2 2 2 2 2 2 2 2 2 2 2 2 2 2
left_child=1 4 3 -3 8 -2 10 -8 -1 -9 -7 13 -13 20 -6 28 -4 18 -5 -20 22 -22 23 25 -25 -12 27 -24 -15 -30
right_child=5 2 16 17 14 6 7 9 -10 -11 11 12 -14 15 -16 -17 -18 -19 19 -21 21 -23 26 24 -26 -27 -28 -29 29 -31
leaf_value=-0.35825517422207576 -1.2403119783925343 -1.1745630359202224 12.327263674528703 0.91758633524342881 9.2953165349960329 1.96235945568068 -0.4765546457519837 -2.5212443794891146 -7.7270403851403131 -8.4326096722284962 -0.71767161195648388 2.8835550546530344 -0.069956787006988472 0.38172273867631307 0.67875265675483043 -0.40867999618057937 3.4149907189750262 -0.58247968185638643 14.023694029308501 2.4876987717417762 2.9336525489912404 -0.18519019842284268 -3.8931196474051868 -5.1430727913042169 -0.38458743470509849 -3.4359960411008164 -0.045993620014583396 0.18420950885426965 0.44607040363809336 8.8766856399449434
leaf_weight=6548 2061 746 23 5152 25 508 795 318 45 75 3338 547 853 9262 2495 3645 538 685 21 439 385 3843 305 419 375 282 5978 351 46 44
leaf_count=6548 2061 746 23 5152 25 508 795 318 45 75 3338 547 853 9262 2495 3645 538 685 21 439 385 3843 305 419 375 282 5978 351 46 44
internal_value=0.00299871 0.370394 0.915251 0.687034 -0.0842424 -0.180721 -0.111104 -1.52615 -0.40855 -3.64937 -0.055404 -0.089948 1.08402 -0.14808 0.764234 0.189041 3.78038 0.907576 1.08945 3.01434 -0.434906 0.0988104 -0.639156 -1.28312 -2.89568 -0.929431 -0.210686 -1.7115 0.422007 4.5677
internal_weight=50147 16717 7604 7043 9113 33430 31369 1188 6593 393 30181 29673 1400 28273 2520 12997 561 6297 5612 460 15276 4228 11048 4414 794 3620 6634 656 9352 90
internal_count=50147 16717 7604 7043 9113 33430 31369 1188 6593 393 30181 29673 1400 28273 2520 12997 561 6297 5612 460 15276 4228 11048 4414 794 3620 6634 656 9352 90
is_linear=0
shrinkage=0.05


Tree=140
num_leaves=31
num_cat=0
split_feature=4 4 5 5 4 8 8 4 8 5 6 6 4 8 6 6 8 7 8 7 8 8 6 4 8 6 8 6 8 7
split_gain=1.20966e+06 1.6845e+06 7.53552e+06 2.43714e+06 7.82335e+06 2.61778e+06 1.72888e+06 1.45216e+06 1.71364e+06 1.46114e+06 1.38956e+06 1.13731e+06 1.09884e+06 918420 1.93148e+06 1.88612e+06 1.61726e+06 1.16742e+06 1.06478e+06 867420 1.43102e+06 1.31054e+06 1.40852e+06 1.13982e+06 1.00987e+06 1.80722e+06 842310 828862 814881 803181
threshold=15.500000000000002 17.500000000000004 1.0000000180025095e-35 1.0000000180025095e-35 18.500000000000004 9808.4637500000008 10189.040000000003 16.500000000000004 15216.782500000003 37.500000000000007 12481.327500000001 8981.4937500000015 18.500000000000004 15095.071250000003 14566.588750000001 14843.492500000002 13930.993750000003 14844.657500000003 14150.711250000002 8801.5025000000005 8666.5600000000031 9190.5612500000025 9212.9550000000017 1.0000000180025095e-35 10227.180000000002 10507.207500000002 10875.905000000002 8347.2850000000017 12962.536250000003 10382.155000000002
decision_type=2 2 2 2 2 2 2 2 2 2 2 2 2 2 2 2 2 2 2 2 2 2 2 2 2 2 2 2 2 2
left_child=13 2 6 4 11 12 -2 -4 9 29 -8 -3 -5 14 18 -15 -16 -18 19 20 -1 -21 -23 -24 -25 -26 -7 -11 -12 -9
right_child=1 3 7 5 -6 26 10 8 -10 27 28 -13 -14 15 16 -17 17 -19 -20 21 -22 22 23 24 25 -27 -28 -29 -30 -31
leaf_value=0.11625572846170762 -0.32495669138625388 -5.0313490200319038 -1.3777091888486761 1.425574740790017 -0.17565831769791798 3.2064222236090263 6.254606833205079 -1.1164330335418611 -18.079924240112305 -1.455324725614916 -3.4645261276152826 -9.870889703393571 -0.12035386893639653 4.9389057609758211 -6.3900689037073235 0.5988812390215722 -0.070962980419641553 -3.6313857976267467 1.6272470115663831 -0.92026188916261287 1.5633396658330931 2.2097845174323818 2.2458365095276762 -0.88869678780228445 1.7477079733086418 -0.093904863867455557 13.646232004165649 -6.5048319180594554 2.8507678656819566 -3.9662630114875754
leaf_weight=5857 369 302 1546 1359 2599 569 330 616 20 101 62 203 7455 280 168 2363 778 327 1202 3698 2412 770 554 2972 1527 10440 20 416 290 413
leaf_count=5857 369 302 1546 1359 2599 569 330 616 20 101 62 203 7455 280 168 2363 778 327 1202 3698 2412 770 554 2972 1527 10440 20 416 290 413
internal_value=-0.00954317 -0.357324 -1.22851 -0.0673461 -1.28215 0.33367 2.432 -2.46476 -3.53792 -3.3498 3.92367 -6.97675 0.118007 0.164305 0.0873215 1.05866 -1.81948 -1.12459 0.169795 0.107739 0.538358 -0.070649 0.122542 0.0188065 -0.0637809 0.141087 3.56091 -5.51837 1.73841 -2.26024
internal_weight=50018 16670 4163 12507 3104 9403 1051 3112 1566 1546 682 505 8814 33348 30705 2643 1273 1105 29432 28230 8269 19961 16263 15493 14939 11967 589 517 352 1029
internal_count=50018 16670 4163 12507 3104 9403 1051 3112 1566 1546 682 505 8814 33348 30705 2643 1273 1105 29432 28230 8269 19961 16263 15493 14939 11967 589 517 352 1029
is_linear=0
shrinkage=0.05


Tree=141
num_leaves=31
num_cat=0
split_feature=8 6 6 8 6 6 6 6 8 8 1 4 1 8 6 4 4 8 8 4 8 6 8 6 4 4 6 8 4 1
split_gain=1.11049e+06 2.25797e+06 2.20027e+06 1.01698e+06 2.55203e+06 1.57006e+06 1.43568e+06 854912 1.6602e+06 972891 838801 836621 1.24757e+06 973942 947313 816578 814048 824051 787495 757183 800039 751664 1.13225e+06 736029 712218 825875 907538 695556 690858 716180
threshold=9808.4637500000008 9961.751250000003 9961.751250000003 11947.117500000002 10474.948750000001 11735.470000000003 12013.360000000002 9034.5450000000001 8740.0525000000016 7762.8475000000008 3.5000000000000004 7.5000000000000009 7.5000000000000009 13930.993750000003 14248.518750000001 16.500000000000004 16.500000000000004 14424.677500000003 10473.683750000002 7.5000000000000009 8778.3912500000024 8363.4050000000007 8150.42875 8520.1200000000008 22.500000000000004 16.500000000000004 10959.943750000002 16180.853750000002 1.0000000180025095e-35 1.5000000000000002
decision_type=2 2 2 2 2 2 2 2 2 2 2 2 2 2 2 2 2 2 2 2 2 2 2 2 2 2 2 2 2 2
left_child=1 7 -2 5 -5 18 10 8 21 -9 15 12 28 -13 16 -6 17 -15 -4 20 -3 22 -1 -10 25 26 -20 -16 -8 -30
right_child=2 19 3 4 6 -7 11 9 23 -11 -12 13 -14 14 27 -17 -18 -19 24 -21 -22 -23 -24 -25 -26 -27 -28 -29 29 -31
leaf_value=-0.2868209928840712 1.6964417834998047 -6.0849090057870621 -0.7891454748657647 17.791388402666367 2.6269265578073617 -1.8887368952400072 6.80133486902991 -7.335224188698664 2.0637242822113309 -0.59336536865273326 2.8774121316998982 -0.85257613597112847 3.6492713616133075 0.98958549829140596 -0.21936484542597545 -3.0348805259179024 -2.5294388778899846 3.8704960406339697 1.146433965204432 -3.5681728994644786 -0.33936762136727633 -0.82827573871389903 0.86820048257109017 0.52903702828811394 6.7119255132453395 -2.1462097651724306 -0.23196446826677081 2.9288868628604257 3.4379894710955075 0.20169802566523251
leaf_weight=8829 2338 69 2419 21 119 1361 43 54 1064 5912 816 2769 357 785 3772 137 114 363 2260 621 497 3691 2793 2940 43 336 2532 184 183 2596
leaf_count=8829 2338 69 2419 21 119 1361 43 54 1064 5912 816 2769 357 785 3772 137 114 363 2260 621 497 3691 2793 2940 43 336 2532 184 183 2596
internal_value=-0.00906601 -0.231277 0.240718 0.0802521 0.376096 -0.324927 0.346212 -0.131216 0.0303643 -0.654388 2.09402 0.178412 0.864425 -0.0946355 0.307576 -0.403025 1.50036 1.90054 -0.0445125 -2.36256 -1.0398 -0.206663 -0.00924614 0.936856 0.303828 0.250094 0.418115 -0.0729345 0.512125 0.414811
internal_weight=50018 26470 23548 21210 12259 8951 12238 25283 19317 5966 1072 11166 3179 7987 5218 256 1262 1148 7590 1187 566 15313 11622 4004 5171 5128 4792 3956 2822 2779
internal_count=50018 26470 23548 21210 12259 8951 12238 25283 19317 5966 1072 11166 3179 7987 5218 256 1262 1148 7590 1187 566 15313 11622 4004 5171 5128 4792 3956 2822 2779
is_linear=0
shrinkage=0.05


Tree=142
num_leaves=31
num_cat=0
split_feature=4 4 8 1 1 6 8 6 8 4 4 8 7 8 8 0 8 1 4 8 8 4 4 8 4 4 4 6 7 6
split_gain=1.07042e+06 1.51855e+06 1.56394e+06 1.78332e+06 1.56306e+06 1.0891e+06 877194 876567 868852 824709 945847 907692 842060 775007 732911 635906 628064 711953 1.67191e+06 2.02265e+06 1.11256e+06 781884 1.24591e+06 1.00593e+06 750514 891689 751347 728972 720186 705214
threshold=15.500000000000002 17.500000000000004 10132.905000000001 11.500000000000002 4.5000000000000009 10715.331250000001 12126.287500000002 8396.7062500000011 8498.9237500000017 13.500000000000002 11.500000000000002 15158.182500000001 14566.792500000001 9032.9500000000025 10875.905000000002 29.938125000000003 6621.9212500000003 6.5000000000000009 6.5000000000000009 11827.643750000001 13222.700000000003 4.5000000000000009 1.5000000000000002 9577.5025000000023 5.5000000000000009 3.5000000000000004 1.0000000180025095e-35 13039.108750000001 9945.4300000000021 14655.636250000001
decision_type=2 2 2 2 2 2 2 2 2 2 2 2 2 2 2 2 2 2 2 2 2 2 2 2 2 2 2 2 2 2
left_child=9 2 4 5 -2 6 -4 -6 -3 10 16 12 -11 -9 -7 -15 -1 21 19 24 29 22 23 -18 25 26 -19 -22 -28 -20
right_child=1 8 3 -5 7 14 -8 13 -10 11 -12 -13 -14 15 -16 -17 17 18 20 -21 27 -23 -24 -25 -26 -27 28 -29 -30 -31
leaf_value=-1.1151692376273443 -9.0525505100388131 -0.48495261096001052 1.2888504461770836 -6.7310039673773749 -0.029976258706301454 -5.1792987137028348 11.672866506235941 -4.9348620672311103 0.34867156280269285 0.78251260908695042 -0.63198223584620061 2.9527500240245739 -1.9677187649527008 -2.9043117489360184 -0.52234873509600244 0.020653037986972114 -0.63513438255882892 -0.2833672355656493 -0.47642375503851958 5.0278739896234592 4.8077295427138997 0.30637441582498587 -1.0748131835373076 1.4812035038509126 2.3352288681872531 -0.27420018658160095 1.9374033183519108 0.79654065641701566 -0.64045856712927551 -6.3964261888873351
leaf_weight=905 83 6138 645 106 411 89 21 294 6369 3417 4213 443 303 573 1666 275 1099 694 3695 311 130 7918 3360 1148 765 1687 2016 880 313 51
leaf_count=905 83 6138 645 106 411 89 21 294 6369 3417 4213 443 303 573 1666 275 1099 694 3695 311 130 7918 3360 1148 765 1687 2016 880 313 51
internal_value=-0.00861271 -0.335765 -1.16293 -0.383157 -2.36737 -0.105226 1.61627 -2.01008 -0.0604421 0.154924 0.0610151 0.813283 0.558502 -2.72271 -0.758513 -1.95577 0.17793 0.226555 0.534584 1.10547 -0.159933 -0.0135372 -0.465305 0.44611 0.882659 0.646732 1.16066 1.31283 1.59096 -0.557022
internal_weight=50018 16670 4163 2527 1636 2421 666 1553 12507 33348 29185 4163 3720 1142 1755 848 24972 24067 10542 5786 4756 13525 5607 2247 5475 4710 3023 1010 2329 3746
internal_count=50018 16670 4163 2527 1636 2421 666 1553 12507 33348 29185 4163 3720 1142 1755 848 24972 24067 10542 5786 4756 13525 5607 2247 5475 4710 3023 1010 2329 3746
is_linear=0
shrinkage=0.05


Tree=143
num_leaves=31
num_cat=0
split_feature=8 6 6 8 6 6 8 8 4 5 8 6 6 8 8 6 8 6 6 8 6 8 7 4 6 7 7 0 8 6
split_gain=969848 2.17817e+06 1.90092e+06 1.02155e+06 1.08878e+06 1.03456e+06 875978 855994 810232 804004 760235 1.9278e+06 1.7921e+06 1.01944e+06 788133 873511 775234 1.10444e+06 955384 758866 791401 998457 753799 738320 726745 725943 704223 682671 667496 632517
threshold=9629.0500000000011 9250.2250000000004 9498.6225000000013 8556.4725000000017 8500.220000000003 8347.2850000000017 8075.4175000000005 7733.2925000000005 1.0000000180025095e-35 1.0000000180025095e-35 11947.117500000002 12013.360000000002 10959.943750000002 10373.172500000002 10875.905000000002 11735.470000000003 12739.3575 13039.108750000001 13164.442500000003 13646.460000000001 14248.518750000001 14655.326250000002 9995.2300000000014 16.500000000000004 7293.3300000000008 10642.010000000002 14566.792500000001 23.978125000000009 14424.677500000003 10162.300000000001
decision_type=2 2 2 2 2 2 2 2 2 2 2 2 2 2 2 2 2 2 2 2 2 2 2 2 2 2 2 2 2 2
left_child=1 3 -2 5 -5 7 -3 27 9 -4 12 -12 13 22 -14 -16 18 28 -13 -19 -21 26 -10 29 -9 -8 -22 -1 -18 -15
right_child=2 6 8 4 -6 -7 25 24 10 -11 11 16 14 23 15 -17 17 19 -20 20 21 -23 -24 -25 -26 -27 -28 -29 -30 -31
leaf_value=-0.036972249047898469 2.0226673431574951 -6.1065159331197325 -2.317868124684201 1.6269671428376065 0.13435732835849376 -1.0984993267663867 -0.86572368561691404 3.1565202813918072 0.37541447886517187 3.2579058190828629 2.2817541343629673 -0.54047368291813391 -2.3166244828038747 2.6519232424988646 -0.066426009748275713 -1.7988298009653887 1.5008086186692633 -0.8584896943707705 -5.0327823928686293 1.1776371151560552 -0.5128432532647168 0.41180973497212403 -1.103036581068831 -0.98132524147663069 0.28875948544755897 -2.6536644351626513 -3.1925129582692762 -1.1520187277983609 7.9192992619105755 0.8151020527675531
leaf_weight=3573 1371 92 79 1581 5377 2956 3316 231 1808 356 1154 1321 954 596 2060 1125 1139 1669 130 1965 922 3601 1648 447 5063 685 334 2229 42 2194
leaf_count=3573 1371 92 79 1581 5377 2956 3316 231 1808 356 1154 1321 954 596 2060 1125 1139 1669 130 1965 922 3601 1648 447 5063 685 334 2229 42 2194
internal_value=-0.00818208 -0.227526 0.212817 -0.021956 0.473509 -0.267291 -1.28275 -0.0458549 0.107427 2.24529 0.0671844 0.336562 -0.238129 0.267619 -1.05595 -0.678343 0.13475 0.296428 -0.942955 0.0971645 0.330965 -0.0115738 -0.329588 0.905229 0.413892 -1.17183 -1.22543 -0.465348 1.72907 1.20748
internal_weight=50018 25103 24915 21010 6958 14052 4093 11096 23544 435 23109 12277 10832 6693 4139 3185 11123 9672 1451 8491 6822 4857 3456 3237 5294 4001 1256 5802 1181 2790
internal_count=50018 25103 24915 21010 6958 14052 4093 11096 23544 435 23109 12277 10832 6693 4139 3185 11123 9672 1451 8491 6822 4857 3456 3237 5294 4001 1256 5802 1181 2790
is_linear=0
shrinkage=0.05


Tree=144
num_leaves=31
num_cat=0
split_feature=8 6 6 8 6 6 8 6 6 5 8 6 7 8 6 7 8 8 6 8 6 6 1 1 8 7 6 8 8 6
split_gain=895855 1.29593e+06 1.14784e+06 841361 1.68805e+06 1.4649e+06 927359 1.24418e+06 1.23754e+06 975780 796791 793340 791720 671220 629046 598352 538724 534613 760053 829920 751127 673311 586791 715757 610637 530606 521636 487097 481619 841740
threshold=7375.7850000000008 7482.598750000001 7736.888750000001 9268.7762500000008 9034.5450000000001 9454.2887500000015 10473.683750000002 10599.892500000002 10439.907500000003 1.0000000180025095e-35 10958.562500000002 10566.627500000002 12688.515000000001 8538.2500000000018 8363.4050000000007 8653.996250000002 8411.6475000000009 11680.070000000002 12194.766250000002 12739.3575 11735.470000000003 13300.582500000002 11.500000000000002 3.5000000000000004 12332.350000000002 12480.052500000002 8686.8212500000027 11680.070000000002 15020.916250000002 15271.990000000002
decision_type=2 2 2 2 2 2 2 2 2 2 2 2 2 2 2 2 2 2 2 2 2 2 2 2 2 2 2 2 2 2
left_child=2 16 -1 4 13 10 8 27 -7 -9 26 -6 -12 15 -15 -3 -2 20 22 -20 -11 -21 23 25 -25 -19 -5 -8 29 -23
right_child=1 3 -4 5 11 6 7 9 -10 17 12 -13 -14 14 -16 -17 -18 18 19 21 -22 28 -24 24 -26 -27 -28 -29 -30 -31
leaf_value=-0.42877181402548231 1.3107613703832266 0.0014179744147125404 -3.1381998261775483 2.7247429433812216 -1.0960837554837903 -0.08180608879932838 1.2372157354207811 0.74176625223129522 -1.7490732476889967 -0.32037598815241747 8.9289604194828733 -5.0046944336096448 -2.5345676219463353 1.6711203836747424 0.18821372561305752 -0.91106833144086397 5.2941392634596145 -1.3744050646654649 -1.4409140676044605 1.0822114316476001 -2.2911974963942665 -0.3464105803878012 -1.9344425876537958 1.1646862842396462 3.6803790418569706 3.4090191195548423 0.80877785905711752 4.3103043119396487 0.38309454078654626 -3.574500530514606
leaf_weight=3503 1262 5880 440 412 3386 4479 1633 4303 1481 2542 61 135 20 884 3744 2587 91 316 1068 1301 597 3325 150 719 363 71 2579 140 2331 215
leaf_count=3503 1262 5880 440 412 3386 4479 1633 4303 1481 2542 61 135 20 884 3744 2587 91 316 1068 1301 597 3325 150 719 363 71 2579 140 2331 215
internal_value=-0.00777297 0.0541293 -0.731117 0.00800634 -0.274051 0.174756 0.0483055 0.218416 -0.496105 0.0891422 1.20521 -1.24595 6.09846 -0.0127265 0.471466 -0.277382 1.57868 -0.12691 0.0540288 -0.140568 -0.695203 0.0530699 1.04444 1.34861 2.00868 -0.496826 1.0727 1.47987 -0.174985 -0.542467
internal_weight=50018 46075 3943 44722 16616 28106 25034 19074 5960 17301 3072 3521 81 13095 4628 8467 1353 12998 9859 8240 3139 7172 1619 1469 1082 387 2991 1773 5871 3540
internal_count=50018 46075 3943 44722 16616 28106 25034 19074 5960 17301 3072 3521 81 13095 4628 8467 1353 12998 9859 8240 3139 7172 1619 1469 1082 387 2991 1773 5871 3540
is_linear=0
shrinkage=0.05


Tree=145
num_leaves=31
num_cat=0
split_feature=8 6 6 8 7 8 6 6 8 6 6 8 3 7 6 6 8 6 6 1 8 7 3 7 8 6 6 5 6 1
split_gain=913628 1.42622e+06 952683 720639 703840 894757 1.8507e+06 1.50718e+06 776234 720121 712681 810418 698478 686246 982424 675892 637275 704720 664731 629560 605365 583234 531636 495158 579089 906681 806819 622536 485869 476716
threshold=7113.2337500000003 6890.3150000000005 7113.4250000000002 5948.7587500000009 7251.2800000000016 9754.8725000000031 9387.6000000000004 9579.4135000000006 9108.7675000000017 8964.2375000000011 8592.5562500000015 8328.9287500000009 1.0000000180025095e-35 5948.7587500000009 5948.7587500000009 10374.735000000002 15020.916250000002 14736.107500000002 14566.588750000001 11.500000000000002 7677.1875000000009 14929.817500000003 1.0000000180025095e-35 9220.2850000000017 10711.386250000001 10959.943750000002 10599.892500000002 1.0000000180025095e-35 6180.5912500000004 1.5000000000000002
decision_type=2 2 2 2 2 2 2 2 2 2 2 2 2 2 2 2 2 2 2 2 2 2 2 2 2 2 2 2 2 2
left_child=2 20 3 13 -3 6 8 -7 10 29 11 -6 23 -1 -15 -8 18 -18 -14 -4 -2 -20 -16 -9 25 -25 -26 -28 -5 -10
right_child=1 4 19 28 5 7 15 12 9 -11 -12 -13 16 14 22 -17 17 -19 21 -21 -22 -23 -24 24 26 -27 27 -29 -30 -31
leaf_value=-8.7730862509120602 2.6690625041483877 1.0281439293715928 -3.0085635228259644 2.1220005990631052 -0.2544962193793136 1.9585576657292307 -1.021312057010239 1.36863470598156 -3.5035007472234696 0.041200985528618561 -0.6843122777342171 0.71412403824940662 -0.36361762969310579 2.2044205908748236 -12.045231858889263 -3.1307400249204065 4.2143499152457462 0.29280489422685779 -1.252312456826111 2.3591021841764452 9.4443589561863952 -5.3371074837495076 -2.7165774992534093 -0.038592319558136606 2.0479907727160196 -2.4318852398121602 0.91294486751424575 0.062788411529563853 -0.35702709000555372 1.7940270933104867
leaf_weight=44 249 1704 610 225 6628 1163 3193 989 44 1741 4759 3203 5065 77 24 431 141 611 308 60 38 122 42 2759 678 462 2862 8696 1626 1219
leaf_count=44 249 1704 610 225 6628 1163 3193 989 44 1741 4759 3203 5065 77 24 431 141 611 308 60 38 122 42 2759 678 462 2862 8696 1626 1219
internal_value=0.00081482 0.0521994 -0.892249 -0.35453 0.0306401 -0.00706999 -0.243284 0.203024 -0.031352 0.700565 -0.18205 0.0610862 0.113054 -3.31261 -1.63246 -1.27218 -0.337031 1.02809 -0.523851 -2.52788 3.56614 -2.41125 -6.10882 0.284018 0.21462 -0.381871 0.371641 0.273305 -0.0556866 1.60947
internal_weight=49773 47065 2708 2038 46778 45074 21218 23856 17594 3004 14590 9831 22693 187 143 3624 6247 752 5495 670 287 430 66 16446 15457 3221 12236 11558 1851 1263
internal_count=49773 47065 2708 2038 46778 45074 21218 23856 17594 3004 14590 9831 22693 187 143 3624 6247 752 5495 670 287 430 66 16446 15457 3221 12236 11558 1851 1263
is_linear=0
shrinkage=0.05


Tree=146
num_leaves=31
num_cat=0
split_feature=8 4 4 4 6 3 4 5 5 8 4 8 7 7 7 8 8 7 6 6 8 4 8 6 8 5 4 4 4 6
split_gain=848889 1.08205e+06 1.26607e+06 973094 1.02987e+06 812455 692116 4.36598e+06 2.3851e+06 612481 607170 688040 596455 583848 573367 608547 562550 1.33071e+06 1.01191e+06 671027 813661 648286 772475 1.19883e+06 1.11982e+06 765675 2.35351e+06 1.5725e+06 1.47155e+06 1.12768e+06
threshold=6687.0000000000009 7.5000000000000009 4.5000000000000009 2.5000000000000004 8761.0087500000027 1.0000000180025095e-35 6.5000000000000009 1.0000000180025095e-35 1.0000000180025095e-35 15488.217500000001 5.5000000000000009 10504.796250000001 11340.585000000001 7485.2225000000008 14105.987500000001 13152.958750000003 9330.0212500000034 9098.8137500000012 9476.8200000000015 9659.246250000002 8311.3287500000024 22.500000000000004 10189.040000000003 10599.892500000002 10912.768750000001 1.0000000180025095e-35 16.500000000000004 16.500000000000004 8.5000000000000018 13581.831250000001
decision_type=2 2 2 2 2 2 2 2 2 2 2 2 2 2 2 2 2 2 2 2 2 2 2 2 2 2 2 2 2 2
left_child=13 2 3 -2 -5 6 8 -8 -4 14 -10 -12 -13 -1 15 -9 17 -3 -18 20 -19 22 -20 -24 -25 27 -27 28 -26 -28
right_child=1 16 5 4 -6 -7 7 9 10 -11 11 12 -14 -15 -16 -17 18 19 21 -21 -22 -23 23 24 25 26 29 -29 -30 -31
leaf_value=-0.56358573975779136 0.44359349681633198 -0.097873539403278309 -0.75493807343345831 0.45143615512865581 -1.224052408244269 0.024326440606740701 5.1227756839646128 -1.5874808270526801 1.7229990795240533 2.3863577863467591 2.0858713001826614 7.0261157978540183 3.5271862947001247 -2.8440692966682231 -3.8867507261779219 1.8691158640988268 1.0961536645834951 -2.8085958458177629 -0.95475870505232696 -3.2844242187440709 -0.61099774263116879 2.3618953658406858 1.1429527642633166 -1.7662328329007746 3.5141017454553332 -0.063729461202002832 -2.9640368548991809 4.4717014950920779 -0.10694152646160515 -11.743683428065852
leaf_weight=952 5463 10547 718 1475 2425 1751 372 656 1084 112 531 174 406 398 203 158 2057 512 2363 362 2375 268 2042 1003 318 7948 427 249 2384 40
leaf_count=952 5463 10547 718 1475 2425 1751 372 656 1084 112 531 174 406 398 203 158 2057 512 2363 362 2375 268 2042 1003 318 7948 427 249 2384 40
internal_value=0.00077408 0.0352519 0.379265 0.0129117 -0.590374 0.935657 1.29718 0.424961 1.74661 -1.12295 2.56488 3.3863 4.57687 -1.23591 -1.50942 -0.916544 -0.127138 -0.370423 0.048596 -1.25518 -1.00073 -0.077846 -0.116826 0.0205714 -0.164723 -0.0233964 -0.266419 0.6696 0.319221 -3.71604
internal_weight=49773 48423 15528 9363 3900 6165 4414 1501 2913 1129 2195 1111 580 1350 1017 814 32895 13796 19099 3249 2887 17042 16774 14411 12369 11366 8415 2951 2702 467
internal_count=49773 48423 15528 9363 3900 6165 4414 1501 2913 1129 2195 1111 580 1350 1017 814 32895 13796 19099 3249 2887 17042 16774 14411 12369 11366 8415 2951 2702 467
is_linear=0
shrinkage=0.05


Tree=147
num_leaves=31
num_cat=0
split_feature=8 6 6 4 1 1 4 8 6 8 4 1 5 8 6 6 8 1 8 1 6 8 8 6 6 7 6 6 7 4
split_gain=799144 1.33039e+06 1.06957e+06 760308 1.43242e+06 1.0768e+06 1.09047e+06 1.06856e+06 756014 685614 650555 1.21746e+06 1.08131e+06 676660 2.01287e+06 1.23005e+06 1.09333e+06 842841 900254 1.40837e+06 1.04961e+06 649935 649107 1.08896e+06 645313 622691 877738 617296 616985 581691
threshold=7555.3212500000009 7482.598750000001 7482.598750000001 7.5000000000000009 6.5000000000000009 11.500000000000002 15.500000000000002 12851.877500000001 13039.108750000001 5948.7587500000009 22.500000000000004 3.5000000000000004 1.0000000180025095e-35 9808.4637500000008 9781.8625000000011 10334.691250000002 10912.768750000001 3.5000000000000004 13575.381250000002 1.5000000000000002 12973.690000000001 11145.536250000003 12534.63125 13164.442500000003 10803.022500000001 5948.7587500000009 5948.7587500000009 7007.6750000000002 8988.8662500000009 2.5000000000000004
decision_type=2 2 2 2 2 2 2 2 2 2 2 2 2 2 2 2 2 2 2 2 2 2 2 2 2 2 2 2 2 2
left_child=2 27 9 4 22 10 -7 29 -9 25 13 12 -12 14 -5 21 24 18 19 20 -18 -15 23 -3 -17 -1 -27 -2 -23 -6
right_child=1 3 -4 5 7 6 -8 8 -10 -11 11 -13 -14 15 -16 16 17 -19 -20 -21 -22 28 -24 -25 -26 26 -28 -29 -30 -31
leaf_value=-8.3062527103857562 5.303231466217202 -0.25795700047605846 -1.8307175051398143 -0.20749197867767699 1.7938578993526617 -0.56378872467773078 -3.8894912187247392 8.1358859033961046 2.4491133905409765 0.0058212651641430541 -0.98272993964748778 -0.20910656558037088 4.0407082027238763 0.81048469894347352 -2.753799926961761 -0.35929019183932265 1.3700884038102841 0.54712360787691039 -0.023693432742029466 -5.746542185153281 -2.198338926271068 8.4674412469069171 0.6547260658971541 -6.0951989680160708 -2.2625467134551811 2.1223788872167666 -5.7354596455891933 1.4459843044759393 2.2881629137767883 0.49937023313221585
leaf_weight=44 119 5875 1308 11958 1148 777 361 76 253 3362 143 846 427 2417 830 972 334 5362 4455 175 538 48 2280 81 822 77 66 808 255 3556
leaf_count=44 119 5875 1308 11958 1148 777 361 76 253 3362 143 846 427 2417 830 972 334 5362 4455 175 538 48 2280 81 822 77 66 808 255 3556
internal_value=0.000735376 0.0666177 -0.608524 0.027115 0.343404 -0.109501 -1.61878 1.00796 3.76278 -0.158079 -0.05144 0.994313 2.78044 -0.104014 -0.372759 0.119469 -0.0878229 0.101011 -0.333751 -1.65305 -0.831533 1.08414 -0.0627044 -0.337342 -1.23135 -3.10477 -1.50432 1.94114 3.26706 0.815287
internal_weight=49773 44916 4857 43989 13269 30720 1138 5033 329 3549 29582 1416 570 28166 12788 15378 12658 10864 5502 1047 872 2720 8236 5956 1794 187 143 927 303 4704
internal_count=49773 44916 4857 43989 13269 30720 1138 5033 329 3549 29582 1416 570 28166 12788 15378 12658 10864 5502 1047 872 2720 8236 5956 1794 187 143 927 303 4704
is_linear=0
shrinkage=0.05


Tree=148
num_leaves=31
num_cat=0
split_feature=8 6 6 4 4 0 0 4 8 0 6 8 6 6 8 6 6 8 4 4 5 4 4 8 6 5 8 6 4 5
split_gain=741511 1.23992e+06 848266 776199 1.18216e+06 1.2426e+06 779996 820598 762103 701715 633846 613658 1.55708e+06 816782 619650 797126 737713 666289 923383 1.176e+06 938392 5.69306e+06 1.34932e+06 1.11994e+06 923447 933055 771335 703028 616898 707759
threshold=7113.2337500000003 7007.6750000000002 7113.4250000000002 7.5000000000000009 5.5000000000000009 25.576875000000005 30.520625000000006 22.500000000000004 10800.113750000002 21.810625000000005 7894.6550000000016 13342.058750000002 12748.266250000002 13300.582500000002 11680.070000000002 11147.367500000002 11184.732500000002 10755.413750000002 17.500000000000004 16.500000000000004 1.0000000180025095e-35 18.500000000000004 18.500000000000004 8685.6900000000023 8482.0187500000011 22.500000000000004 9521.2987500000017 9432.8332000000028 16.500000000000004 37.500000000000007
decision_type=2 2 2 2 2 2 2 2 2 2 2 2 2 2 2 2 2 2 2 2 2 2 2 2 2 2 2 2 2 2
left_child=2 -2 -1 4 9 -6 7 11 -9 10 -3 12 14 -13 15 17 -16 18 19 -5 21 23 26 -20 -21 -26 -22 -19 -29 -30
right_child=1 3 -4 6 5 -7 -8 8 -10 -11 -12 13 -14 -15 16 -17 -18 27 20 24 22 -23 -24 -25 25 -27 -28 28 29 -31
leaf_value=-0.29646188434728854 2.6022671165804749 2.8885489786832421 -2.3472508121159539 -0.6575454672122838 1.5878981234714555 -0.33513992236993789 0.27313718913613755 0.68970318323624469 10.510481157302857 0.24537731195306903 -0.99599672730765298 2.1526597257214983 -2.4481814711986081 -0.05594481844322139 2.95601880028013 -1.8240011841549491 0.092230954930392794 8.8413430191003357 -3.1584412811148881 -0.088466233845616957 1.0999023929238321 0.071085670009859978 -0.20827270784647448 -9.2423454613424845 -1.7555768195878376 -5.619768151401157 4.5423710286579073 0.96580234394021403 0.24986138524265467 -6.3107849113868948
leaf_weight=2038 470 111 670 3786 2953 1174 9208 1608 20 8263 1947 488 944 2944 269 1002 1371 26 117 244 983 1713 5085 214 308 317 195 1130 109 66
leaf_count=2038 470 111 670 3786 2953 1174 9208 1608 20 8263 1947 488 944 2944 269 1002 1371 26 117 244 983 1713 5085 214 308 317 195 1130 109 66
internal_value=0.000698607 0.0469907 -0.803858 0.0212159 0.325622 1.04086 -0.115595 -0.271637 0.810352 0.0396256 -0.78648 -0.354293 -0.471846 0.258099 -0.36168 -0.460717 0.561962 -0.365145 -0.474538 -1.03829 -0.158629 -1.08886 0.144962 -7.09184 -2.69709 -3.71549 1.66975 0.700191 0.537992 -2.22444
internal_weight=49773 47065 2708 46595 14448 4127 32147 22939 1628 10321 2058 21311 17879 3432 16935 15295 1640 14293 12962 4655 8307 2044 6263 331 869 625 1178 1331 1305 175
internal_count=49773 47065 2708 46595 14448 4127 32147 22939 1628 10321 2058 21311 17879 3432 16935 15295 1640 14293 12962 4655 8307 2044 6263 331 869 625 1178 1331 1305 175
is_linear=0
shrinkage=0.05


Tree=149
num_leaves=31
num_cat=0
split_feature=8 6 6 8 8 6 6 8 3 8 6 6 6 8 6 8 8 0 8 6 8 6 6 8 6 6 5 1 6 0
split_gain=737424 1.52818e+06 992235 754104 681675 1.37693e+06 1.30938e+06 597287 576256 542202 637315 587632 531144 507049 502620 803216 492830 478469 473007 471556 467738 490092 461992 410947 864558 824046 513481 493447 400469 386559
threshold=8019.3900000000012 8021.0750000000007 8038.1137500000013 9130.2912500000039 9474.6565000000028 9250.2250000000004 9368.4150000000027 5948.7587500000009 1.0000000180025095e-35 15095.071250000003 14566.588750000001 14843.492500000002 8981.4937500000015 14052.772500000001 6687.0000000000009 6890.3150000000005 6890.3150000000005 21.330000000000005 10996.808750000002 7161.2675000000008 8796.1450000000023 8797.657500000003 8500.220000000003 10535.487500000001 10599.892500000002 10959.943750000002 1.0000000180025095e-35 2.5000000000000004 10566.627500000002 31.166875000000008
decision_type=2 2 2 2 2 2 2 2 2 2 2 2 2 2 2 2 2 2 2 2 2 2 2 2 2 2 2 2 2 2
left_child=2 3 7 19 5 17 18 -1 23 10 -10 -11 -4 -12 16 -16 -9 -3 -6 -2 22 29 -19 25 27 -8 -26 -25 -7 -22
right_child=1 4 12 -5 6 28 8 14 9 11 13 -13 -14 -15 15 -17 -18 20 -20 -21 21 -23 -24 24 26 -27 -28 -29 -30 -31
leaf_value=-2.9347098779869594 5.9672594473912168 2.2480748167029652 -1.2281418694903612 6.3285629442759923 1.4729889426994394 -1.0490414382728392 0.025776266241868948 0.32890566410628286 -0.31197047852081905 3.9335434293401415 -9.0187163132887616 0.29089852206841377 -4.3797607286335669 -1.8338265746545332 -1.732721197091224 -0.01439940594028763 2.8165653592136906 0.082668016471758685 6.2881385897549826 1.135312238445529 0.69124575093575735 -0.084114591406879324 -0.79844429049033394 -1.3058634253917263 0.8082324765356349 -2.4058224894438833 0.058174155010148748 1.9733156466123163 -3.4302481598676522 2.7666872279536459
leaf_weight=187 52 233 1585 77 1353 2904 4075 921 5574 138 26 560 146 442 803 4443 254 3195 53 1742 1433 2503 2784 128 3036 381 9185 1106 188 266
leaf_count=187 52 233 1585 77 1353 2904 4075 921 5574 138 26 560 146 442 803 4443 254 3195 53 1742 1433 2503 2784 128 3036 381 9185 1106 188 266
internal_value=0.000663676 0.0870033 -0.428332 1.48333 0.0209687 -0.26731 0.170391 -0.149185 0.085743 -0.308343 -0.460768 1.01108 -1.49396 -2.23299 -0.0680614 -0.277421 0.866664 0.00777914 1.6545 1.27537 -0.0434917 0.36077 -0.327604 0.234039 0.371866 -0.182132 0.244507 1.63317 -1.19382 1.01618
internal_weight=49773 41434 8339 1871 39563 13506 26057 6608 24651 6740 6042 698 1731 468 6421 5246 1175 10414 1406 1794 10181 4202 5979 17911 13455 4456 12221 1234 3092 1699
internal_count=49773 41434 8339 1871 39563 13506 26057 6608 24651 6740 6042 698 1731 468 6421 5246 1175 10414 1406 1794 10181 4202 5979 17911 13455 4456 12221 1234 3092 1699
is_linear=0
shrinkage=0.05


Tree=150
num_leaves=31
num_cat=0
split_feature=8 7 7 8 5 7 8 8 5 8 7 8 0 0 8 1 8 7 7 7 0 1 8 0 1 8 1 5 1 0
split_gain=702843 820935 623279 542093 534251 455020 1.01492e+06 752295 512956 406567 395249 819194 381509 370891 336137 311084 302942 814811 345067 296978 289279 288724 291033 286942 277807 276249 272214 270316 378360 269095
threshold=7792.3137500000003 8229.0400000000027 7296.5412500000011 16180.853750000002 1.0000000180025095e-35 14929.817500000003 14655.326250000002 15708.635000000002 1.0000000180025095e-35 9348.4750000000022 8801.5025000000005 9190.5612500000025 23.941875000000007 34.851250000000014 5948.7587500000009 8.5000000000000018 13290.517500000002 13673.840000000002 9562.4225000000024 6180.5912500000004 24.430625000000003 3.5000000000000004 13646.460000000001 32.126250000000006 2.5000000000000004 6687.0000000000009 11.500000000000002 1.0000000180025095e-35 4.5000000000000009 23.978125000000009
decision_type=2 2 2 2 2 2 2 2 2 2 2 2 2 2 2 2 2 2 2 2 2 2 2 2 2 2 2 2 2 2
left_child=1 4 9 5 -1 6 10 -7 20 19 27 29 14 16 -6 -10 -13 18 -18 -2 -8 22 -19 -20 -9 -14 -16 28 -4 -12
right_child=2 -3 3 -5 12 7 8 24 15 -11 11 13 25 -15 26 -17 17 21 23 -21 -22 -23 -24 -25 -26 -27 -28 -29 -30 -31
leaf_value=-1.0568430973699297 6.0376756032307952 -1.3716792976467842 -1.6079444518483037 2.6799956700808027 -1.9401662672042848 -1.0620246143446064 7.3545622324242323 2.2236027382897894 0.51318929170141458 3.7215475137833951 0.086726786061923467 -0.091004103851454285 -2.6245708640070933 0.82456632658788376 0.40906575855991423 3.123918149961058 -1.9645240056748485 -2.8295091967596568 1.0716827559370816 0.71974896247664555 2.5161544660580231 1.8380368067353381 -0.581785142238194 -3.0014115599068729 0.16213061320525102 -0.25390813043565158 1.7540056847367691 0.43308441172727002 0.093814553137368528 -0.80337772339733504
leaf_weight=1168 27 1879 383 193 125 2177 34 217 988 143 1054 16650 138 1465 1578 129 102 172 2503 949 338 102 885 44 662 1122 494 7671 2219 4368
leaf_count=1168 27 1879 383 193 125 2177 34 217 988 143 1054 16650 138 1465 1578 129 102 172 2503 949 338 102 885 44 662 1122 494 7671 2219 4368
internal_value=-0.00560439 -0.490374 0.0669187 0.0361471 -0.132325 0.024045 0.0699615 -0.563539 1.35026 1.23167 0.0192847 -0.0800538 0.180037 0.056045 0.577817 0.814697 0.00101107 0.403336 0.887119 0.866864 2.95837 -0.702395 -0.947545 1.00132 0.671049 -0.513552 0.729722 0.283707 -0.156675 -0.630347
internal_weight=49979 6504 43475 42356 4625 42163 39107 3056 1489 1119 37618 27345 3457 21923 2197 1117 20458 3808 2649 976 372 1159 1057 2547 879 1260 2072 10273 2602 5422
internal_count=49979 6504 43475 42356 4625 42163 39107 3056 1489 1119 37618 27345 3457 21923 2197 1117 20458 3808 2649 976 372 1159 1057 2547 879 1260 2072 10273 2602 5422
is_linear=0
shrinkage=0.05


Tree=151
num_leaves=31
num_cat=0
split_feature=4 4 5 5 4 4 1 1 1 4 1 1 6 6 1 4 4 1 4 5 1 6 6 4 7 5 4 7 4 1
split_gain=917746 1.44564e+06 7.11736e+06 2.02296e+06 6.3407e+06 1.67879e+06 1.46147e+06 1.33181e+06 1.07696e+06 1.03808e+06 2.86441e+06 2.32588e+06 1.22259e+06 976846 807678 784972 854159 784441 960927 737450 725172 700363 569947 675791 555576 537152 807053 794437 524026 1.42165e+06
threshold=15.500000000000002 17.500000000000004 1.0000000180025095e-35 1.0000000180025095e-35 18.500000000000004 18.500000000000004 8.5000000000000018 2.5000000000000004 7.5000000000000009 16.500000000000004 7.5000000000000009 8.5000000000000018 14566.588750000001 13997.853750000004 9.5000000000000018 13.500000000000002 11.500000000000002 7.5000000000000009 16.500000000000004 37.500000000000007 7.5000000000000009 10439.907500000003 14566.588750000001 16.500000000000004 11942.980000000001 1.0000000180025095e-35 14.500000000000002 16182.750000000002 22.500000000000004 3.5000000000000004
decision_type=2 2 2 2 2 2 2 2 2 2 2 2 2 2 2 2 2 2 2 2 2 2 2 2 2 2 2 2 2 2
left_child=15 2 17 4 6 7 -3 -5 28 10 12 13 -4 19 20 16 -1 22 -19 -11 -9 -12 23 -2 -23 26 -17 -27 -7 -30
right_child=1 3 9 5 -6 8 -8 14 -10 11 21 -13 -14 -15 -16 25 -18 18 -20 -21 -22 24 -24 -25 -26 27 -28 -29 29 -31
leaf_value=0.16448605154872362 2.3041257620987019 -7.6999188051926781 1.1656864260365734 -1.3604735220055078 -0.12517536690642983 0.20889909105420248 -1.728827254291919 2.2413563454170293 -0.7604687279318868 -3.285802396297143 -2.6180996614796523 0.00090061518528270965 -3.1469559987623725 -15.056358786991664 0.03508368821055801 -1.6079721861996383 -0.61028471351063329 3.3059089863640923 -1.8039455312429018 -6.0053413460464098 5.121311723030149 -7.4249380199596136 0.70576706586612603 5.9080626986186271 -1.8971723150398774 1.0359274322636143 1.192590447243794 9.3500352037364038 3.7787674154422373 -0.063183447772374488
leaf_weight=25021 240 390 769 274 2597 3988 139 730 2795 764 307 413 209 21 270 513 4147 175 194 370 312 198 144 284 59 3111 516 29 404 596
leaf_count=25021 240 390 769 274 2597 3988 139 730 2795 764 307 413 209 21 270 513 4147 175 194 370 312 198 144 284 59 3111 516 29 404 596
internal_value=-0.00532417 -0.308572 -1.11748 -0.0401016 -1.14151 0.327387 -6.13096 1.81005 0.025253 -2.31359 -1.39243 -3.21948 0.244069 -4.37101 2.47219 0.146059 0.054332 2.4697 0.619427 -4.17313 3.10368 -4.23019 3.49178 4.2574 -6.15592 0.787817 -0.203608 1.11271 0.465528 1.48896
internal_weight=49979 16642 4147 12495 3126 9369 529 1586 7783 3110 1542 1568 978 1155 1312 33337 29168 1037 369 1134 1042 564 668 524 257 4169 1029 3140 4988 1000
internal_count=49979 16642 4147 12495 3126 9369 529 1586 7783 3110 1542 1568 978 1155 1312 33337 29168 1037 369 1134 1042 564 668 524 257 4169 1029 3140 4988 1000
is_linear=0
shrinkage=0.05


Tree=152
num_leaves=31
num_cat=0
split_feature=4 4 5 5 4 8 1 8 6 4 1 1 6 8 4 1 1 8 6 8 4 4 4 4 1 8 1 6 1 3
split_gain=828266 1.30469e+06 6.42342e+06 1.82572e+06 5.72248e+06 1.66191e+06 1.31898e+06 1.13404e+06 1.14056e+06 936864 2.58513e+06 2.09911e+06 1.10339e+06 1.08573e+06 803961 1.5196e+06 894166 776910 1.18922e+06 724228 708437 800057 1.1237e+06 724388 1.12967e+06 710324 651754 642941 633449 628016
threshold=15.500000000000002 17.500000000000004 1.0000000180025095e-35 1.0000000180025095e-35 18.500000000000004 9629.0500000000011 8.5000000000000018 10162.055000000002 12481.327500000001 16.500000000000004 7.5000000000000009 8.5000000000000018 14566.588750000001 15095.071250000003 18.500000000000004 3.5000000000000004 7.5000000000000009 10631.551250000002 9017.4675000000007 12906.085000000001 13.500000000000002 7.5000000000000009 4.5000000000000009 2.5000000000000004 10.500000000000002 15271.990000000002 7.5000000000000009 9985.8487500000028 10.500000000000002 1.0000000180025095e-35
decision_type=2 2 2 2 2 2 2 2 2 2 2 2 2 2 2 2 2 2 2 2 2 2 2 2 2 2 2 2 2 2
left_child=20 2 7 4 6 14 -3 -2 26 10 12 13 -4 17 15 -5 -16 18 -11 -10 21 22 23 -1 -25 -22 -9 -12 -17 -24
right_child=1 3 9 5 -6 -7 -8 8 19 11 27 -13 -14 -15 16 28 -18 -19 -20 -21 25 -23 29 24 -26 -27 -28 -29 -30 -31
leaf_value=0.30140834113505172 0.078765063219600251 -7.3149228796897789 1.1074021066232587 -2.3563717877616486 -0.11891659755936818 2.3897678074277429 -1.6423858696608236 7.7350673762600071 -3.6681656447323889 -3.0690459102603298 -2.0212121955194373 0.00085558371740161081 -2.9896081891641666 -15.153756939281118 0.32104768902687975 2.5262519111042416 -0.83149939792058802 -2.6190933770927671 -7.6385989481232706 2.5699985019023845 0.54625973697780161 -0.2499269986598035 1.1283734357926194 -0.8137020769545098 2.0262634843742293 2.8553856499513537 3.1932202684207702 -5.4454445343340065 -1.0498029190343576 0.013774222371274961
leaf_weight=6261 360 390 769 240 2597 872 139 178 55 300 235 413 209 22 4503 924 2687 562 271 302 3804 12540 4444 3771 386 365 142 329 143 1766
leaf_count=6261 360 390 769 240 2597 872 139 178 55 300 235 413 209 22 4503 924 2687 562 271 302 3804 12540 4444 3771 386 365 142 329 143 1766
internal_value=-0.00505796 -0.293144 -1.06161 -0.0380965 -1.08443 0.311017 -5.82441 2.34622 3.55195 -2.19791 -1.32281 -3.0585 0.231865 -4.15246 0.0976868 1.23841 -0.109675 -3.93884 -5.23778 1.60894 0.138756 0.0516154 0.279023 -0.0383198 -0.549996 0.748426 5.71962 -4.01868 2.04699 0.811404
internal_weight=49979 16642 4147 12495 3126 9369 529 1037 677 3110 1542 1568 978 1155 8497 1307 7190 1133 571 357 33337 29168 16628 10418 4157 4169 320 564 1067 6210
internal_count=49979 16642 4147 12495 3126 9369 529 1037 677 3110 1542 1568 978 1155 8497 1307 7190 1133 571 357 33337 29168 16628 10418 4157 4169 320 564 1067 6210
is_linear=0
shrinkage=0.05


Tree=153
num_leaves=31
num_cat=0
split_feature=4 4 5 5 4 8 1 8 6 4 1 1 6 8 4 1 1 8 6 8 4 4 8 1 1 8 1 7 6 7
split_gain=747510 1.17749e+06 5.79713e+06 1.64771e+06 5.16454e+06 1.49988e+06 1.19038e+06 1.02347e+06 1.02936e+06 845520 2.33308e+06 1.89445e+06 995807 979874 725575 1.37144e+06 806985 704676 1.16292e+06 653615 639365 734501 641068 618272 588208 574008 571688 543236 539909 537240
threshold=15.500000000000002 17.500000000000004 1.0000000180025095e-35 1.0000000180025095e-35 18.500000000000004 9629.0500000000011 8.5000000000000018 10162.055000000002 12481.327500000001 16.500000000000004 7.5000000000000009 8.5000000000000018 14566.588750000001 15095.071250000003 18.500000000000004 3.5000000000000004 7.5000000000000009 10535.487500000001 9017.4675000000007 12906.085000000001 13.500000000000002 11.500000000000002 15271.990000000002 11.500000000000002 7.5000000000000009 10473.683750000002 10.500000000000002 7485.2225000000008 14736.107500000002 15630.227500000001
decision_type=2 2 2 2 2 2 2 2 2 2 2 2 2 2 2 2 2 2 2 2 2 2 2 2 2 2 2 2 2 2
left_child=20 2 7 4 6 14 -3 -2 24 10 12 13 -4 17 15 -5 -16 18 -11 -10 21 -1 29 -12 -9 -7 -17 -18 -24 -22
right_child=1 3 9 5 -6 25 -8 8 19 11 23 -13 -14 -15 16 26 27 -19 -20 -21 22 -23 28 -25 -26 -27 -28 -29 -30 -31
leaf_value=0.15118208750997231 0.074826799353791607 -6.9491767592021292 1.0520319932400792 -2.2385532012085121 -0.11297076608900312 1.8653793496651692 -1.5602665823140591 7.3483139943540765 -3.4847573982111437 -2.9283222944939817 -3.1594814947590204 0.0008128096635924702 -2.8401277823984161 -14.396068971807308 0.3049953020639824 2.3999393102725022 0.1453523913504271 -2.5350227309954474 -7.5542677161205249 2.4414985683993344 0.60089395325511152 -0.56727412951061285 9.1386883862813324 -7.9810626288513085 3.0335592228132238 6.3346561745752261 -0.99731277463684143 -1.3303309964602326 2.1371472258443265 -3.789629487084671
leaf_weight=25021 360 390 769 240 2597 793 139 178 55 299 487 413 209 22 4503 924 984 585 249 302 3733 4147 30 77 142 79 143 1703 335 71
leaf_count=25021 360 390 769 240 2597 793 139 178 55 299 487 413 209 22 4503 924 984 585 249 302 3733 4147 30 77 142 79 143 1703 335 71
internal_value=-0.00480506 -0.278486 -1.00853 -0.0361917 -1.03021 0.295467 -5.53319 2.2289 3.37435 -2.08802 -1.25667 -2.90558 0.220272 -3.94483 0.0928024 1.17649 -0.104191 -3.7419 -5.03026 1.52849 0.131818 0.0490346 0.711005 -3.81775 5.43364 2.27028 1.94464 -0.789924 2.71262 0.518947
internal_weight=49979 16642 4147 12495 3126 9369 529 1037 677 3110 1542 1568 978 1155 8497 1307 7190 1133 548 357 33337 29168 4169 564 320 872 1067 2687 365 3804
internal_count=49979 16642 4147 12495 3126 9369 529 1037 677 3110 1542 1568 978 1155 8497 1307 7190 1133 548 357 33337 29168 4169 564 320 872 1067 2687 365 3804
is_linear=0
shrinkage=0.05


Tree=154
num_leaves=31
num_cat=0
split_feature=4 4 8 0 1 4 8 1 5 4 8 6 4 1 5 6 1 4 4 8 6 8 8 6 6 6 5 1 6 0
split_gain=684604 1.01414e+06 769021 680232 678677 773790 794470 1.27779e+06 906206 1.87767e+06 1.5289e+06 847098 741683 715417 706770 656111 771779 1.08325e+06 574777 573483 919881 959042 766915 713951 573391 569608 556557 548690 529471 499232
threshold=7.5000000000000009 4.5000000000000009 7333.3500000000013 26.185625000000005 11.500000000000002 2.5000000000000004 7792.3137500000003 6.5000000000000009 1.0000000180025095e-35 1.0000000180025095e-35 11730.305000000002 9883.3705500000015 1.5000000000000002 2.5000000000000004 1.0000000180025095e-35 7482.598750000001 11.500000000000002 15.500000000000002 1.5000000000000002 15095.071250000003 14199.525000000001 13725.232500000002 13458.635000000002 13164.442500000003 8412.5175000000036 8813.1425000000017 1.0000000180025095e-35 7.5000000000000009 6818.9700000000012 30.990000000000006
decision_type=2 2 2 2 2 2 2 2 2 2 2 2 2 2 2 2 2 2 2 2 2 2 2 2 2 2 2 2 2 2
left_child=1 4 28 19 5 6 24 8 10 11 13 -10 -12 -8 -9 -4 29 -18 -16 20 22 -22 -3 -24 26 -7 -1 -20 -2 -17
right_child=2 3 15 -5 -6 25 7 14 9 -11 12 -13 -14 -15 18 16 17 -19 27 -21 21 -23 23 -25 -26 -27 -28 -29 -30 -31
leaf_value=-1.8816646566872888 -0.029371910611182217 0.93046581384972216 1.3154494437901647 -0.39347900546575187 1.757190204633168 0.025173148240796046 2.8079670533296412 -0.2560185178186884 -0.044386160236138568 -1.4342209741693792 9.9280677961266566 3.263948969907748 2.8534525975584986 -0.75986203615048631 1.723968506386671 -0.19586506588999353 -0.31543899180127172 -3.5278872556126943 1.6341210363204022 3.5465086039366591 -6.0202783534106095 -0.1521725923751856 9.388009438731455 2.5282806572087786 -4.5454603302344854 -1.1890534000346624 0.10688626512622441 5.9251345730174423 -2.0733210825907715 0.26558100189245415
leaf_weight=483 508 4154 814 1055 498 1672 216 241 390 1503 69 384 80 402 479 22009 798 391 114 212 85 385 44 275 89 2287 1296 215 842 7989
leaf_count=483 508 4154 814 1055 498 1672 216 241 390 1503 69 384 80 402 479 22009 798 391 114 212 85 385 44 275 89 2287 1296 215 842 7989
internal_value=-0.00456481 0.257513 -0.135231 0.763274 -0.0439629 -0.134384 0.225497 0.615454 0.09684 -0.40386 1.58327 1.59696 6.12962 0.487146 2.12038 -0.0859166 -0.122493 -1.37185 2.82918 1.00001 0.890794 -1.21343 1.11189 3.47445 -0.628943 -0.67625 -0.433007 4.43828 -1.30419 -0.0729738
internal_weight=49979 16628 33351 6210 10418 9920 5961 4093 3044 2277 767 774 149 618 1049 32001 31187 1189 808 5155 4943 470 4473 319 1868 3959 1779 329 1350 29998
internal_count=49979 16628 33351 6210 10418 9920 5961 4093 3044 2277 767 774 149 618 1049 32001 31187 1189 808 5155 4943 470 4473 319 1868 3959 1779 329 1350 29998
is_linear=0
shrinkage=0.05


Tree=155
num_leaves=31
num_cat=0
split_feature=4 4 3 1 4 1 0 4 4 4 8 1 0 0 8 4 1 0 7 7 4 0 4 8 8 6 0 4 6 7
split_gain=638832 1.12069e+06 751327 722526 911079 850549 667574 629412 1.02436e+06 660674 733063 625304 613118 601554 542489 513243 1.00665e+06 515749 488790 439128 428070 556839 540026 430300 417016 413665 413077 403315 781314 516320
threshold=7.5000000000000009 4.5000000000000009 1.0000000180025095e-35 6.5000000000000009 1.5000000000000002 3.5000000000000004 30.673125000000002 3.5000000000000004 1.5000000000000002 2.5000000000000004 6543.7850000000008 10.500000000000002 25.355625000000007 21.039375000000003 8114.0150000000003 22.500000000000004 3.5000000000000004 25.315625000000008 9042.1812500000015 8785.5825000000023 5.5000000000000009 23.580625000000001 6.5000000000000009 15158.182500000001 6621.9212500000003 7249.5150000000003 22.665625000000009 16.500000000000004 9270.3562500000025 14844.657500000003
decision_type=2 2 2 2 2 2 2 2 2 2 2 2 2 2 2 2 2 2 2 2 2 2 2 2 2 2 2 2 2 2
left_child=1 3 12 4 5 13 15 8 14 10 -10 24 20 -1 -5 17 -17 18 -2 -14 21 -3 -22 26 -11 -9 -24 29 -29 -8
right_child=6 2 -4 7 -6 -7 27 25 9 11 -12 -13 19 -15 -16 16 -18 -19 -20 -21 22 -23 23 -25 -26 -27 -28 28 -30 -31
leaf_value=-0.60908405820236489 -0.40251991803425535 0.0082751685709534402 -0.089872870784984682 -0.63025262343043076 -0.96710700431064789 -0.63169530994133538 0.69176981537435189 1.5359606944984454 -0.55764308125652062 -4.6683109019665014 3.0534589087498509 2.9816215675555919 1.5361132797715005 1.9819693757497381 1.3396406107220533 2.2969210439356633 -0.19308883615256656 -0.19224160490037112 -1.3399554319992064 -0.55422241591513932 2.6212581021560553 2.2525984993431627 1.9967377055721032 3.7576966289646374 0.19418448207515904 -1.2270150460298186 -0.37562104499799776 0.5180680199508777 -1.4862354080532354 -0.26420016282088249
leaf_weight=306 3967 848 1797 1445 3430 1167 4909 163 171 47 789 209 372 836 461 559 1482 16262 2141 774 1162 410 301 121 713 802 470 1066 894 1983
leaf_count=306 3967 848 1797 1445 3430 1167 4909 163 171 47 789 209 372 836 461 559 1482 16262 2141 774 1162 410 301 121 713 802 470 1066 894 1983
internal_value=-0.00832114 0.243061 0.773238 -0.0716045 -0.450221 0.317609 -0.13524 0.381079 0.668288 1.48057 2.41023 0.559548 1.12115 1.28769 -0.153799 -0.270126 0.488888 -0.339377 -0.731113 0.124316 1.46608 0.739732 1.91093 0.985603 -0.106522 -0.760316 0.550553 0.236732 -0.39614 0.416713
internal_weight=50057 16794 6255 10539 5739 2309 33263 4800 3835 1929 960 969 4458 1142 1906 24411 2041 22370 6108 1146 3312 1258 2054 892 760 965 771 8852 1960 6892
internal_count=50057 16794 6255 10539 5739 2309 33263 4800 3835 1929 960 969 4458 1142 1906 24411 2041 22370 6108 1146 3312 1258 2054 892 760 965 771 8852 1960 6892
is_linear=0
shrinkage=0.05


Tree=156
num_leaves=31
num_cat=0
split_feature=3 7 0 6 7 0 7 7 7 0 7 1 6 1 7 1 6 0 1 7 1 0 6 6 7 6 7 0 6 7
split_gain=444362 459581 324775 315728 516478 303498 400463 285059 247456 284454 264835 225154 254907 213837 198014 247999 356698 214787 196016 251727 191634 314175 296556 279263 236003 367308 242875 231380 224811 212396
threshold=1.0000000180025095e-35 7296.5412500000011 29.366875000000004 5948.7587500000009 6180.5912500000004 17.773750000000003 11087.642500000004 14929.817500000003 13744.677500000003 23.941875000000007 6180.5912500000004 11.500000000000002 9523.157500000003 2.5000000000000004 13673.840000000002 1.5000000000000002 13164.442500000003 23.281875000000003 3.5000000000000004 15709.533750000001 9.5000000000000018 19.786875000000006 6621.9212500000003 6543.7850000000008 8727.7525000000023 9630.8250000000025 10200.72875 27.096875000000008 9862.1075000000019 12963.683750000002
decision_type=2 2 2 2 2 2 2 2 2 2 2 2 2 2 2 2 2 2 2 2 2 2 2 2 2 2 2 2 2 2
left_child=1 11 5 4 -2 6 -3 8 9 -5 -11 12 -1 -9 20 16 -16 -17 -4 -20 22 28 -7 -23 -25 26 -26 29 -22 -27
right_child=3 2 18 7 -6 14 -8 13 -10 10 -12 -13 -14 -15 15 17 -18 -19 19 -21 21 23 -24 24 25 27 -28 -29 -30 -31
leaf_value=0.4189611530152102 -9.2520107650756849 0.57603284403681754 -0.061405896088881723 0.16408210771654966 1.2522026235407049 2.1610413634195562 5.4174978767122539 0.48423708455637099 0.55437242258366282 5.0975383151661271 -0.39496585769672604 1.8015258287858722 3.3322043921702953 -1.560698021182193 4.4059684836346173 0.89199878930462051 -2.0093111952916187 -0.48618438335746028 0.46547414199964821 -3.7273450626267328 5.2255631282216033 -5.3892205706664491 0.024724783230906627 0.047127323178335512 -1.512127662684337 -1.0626013791190771 -4.8397867672027104 0.36958451320095698 0.34811425231121207 2.2899180108904842
leaf_weight=2011 25 180 2770 3233 22 164 56 160 1068 22 9102 416 78 636 23 332 374 1904 6375 36 42 28 17169 1754 423 857 63 630 54 50
leaf_count=2011 25 180 2770 3233 22 164 56 160 1068 22 9102 416 78 636 23 332 374 1904 6375 36 42 28 17169 1754 423 857 63 630 54 50
internal_value=-0.00790508 0.0861566 0.0370022 -0.243844 -4.33514 -0.0593925 1.72486 -0.230322 -0.175813 -0.238922 -0.381722 0.739272 0.527737 -1.14966 -0.0770354 -0.486022 -1.63765 -0.281553 0.290069 0.44193 -0.0263213 -0.342942 0.044938 -0.414215 -0.377334 -0.745354 -1.94349 -0.366503 2.482 -0.877788
internal_weight=50057 35789 33284 14268 47 24103 236 14221 13425 12357 9124 2505 2089 796 23867 2633 397 2236 9181 6411 21234 3901 17333 3805 3777 2023 486 1537 96 907
internal_count=50057 35789 33284 14268 47 24103 236 14221 13425 12357 9124 2505 2089 796 23867 2633 397 2236 9181 6411 21234 3901 17333 3805 3777 2023 486 1537 96 907
is_linear=0
shrinkage=0.05


Tree=157
num_leaves=31
num_cat=0
split_feature=8 6 6 8 8 6 6 8 6 8 6 6 0 5 7 8 0 5 0 7 8 5 7 6 8 6 6 6 8 7
split_gain=582208 1.57733e+06 1.45197e+06 762453 643347 1.23166e+06 1.05604e+06 642382 1.36695e+06 1.04048e+06 968507 641039 575056 501730 490333 557987 570095 479029 475609 568281 468659 450081 448836 498171 448531 446156 444855 441672 453959 406632
threshold=8445.1737500000017 8520.1200000000008 8592.5562500000015 9227.6900000000005 9834.5875000000015 9961.751250000003 9961.751250000003 11407.567500000001 11184.732500000002 12676.840000000002 11270.075000000003 14498.323750000001 26.229375000000008 1.0000000180025095e-35 14004.600000000002 10667.337500000001 31.712500000000009 1.0000000180025095e-35 23.871250000000007 10235.820000000002 6687.0000000000009 1.0000000180025095e-35 9714.3500000000004 9132.0487500000017 10373.172500000002 9132.0487500000017 10599.892500000002 10439.907500000003 7411.4975000000013 8801.5025000000005
decision_type=2 2 2 2 2 2 2 2 2 2 2 2 2 2 2 2 2 2 2 2 2 2 2 2 2 2 2 2 2 2
left_child=2 3 17 -2 6 14 29 10 9 -9 24 -12 -8 -10 15 16 21 -1 -19 20 -20 22 23 -6 -7 -17 -26 28 -4 -3
right_child=1 4 27 -5 5 7 12 8 13 -11 11 -13 -14 -15 -16 25 -18 18 19 -21 -22 -23 -24 -25 26 -27 -28 -29 -30 -31
leaf_value=-0.66129835063882525 1.0178201795867903 0.26346631690612088 -5.5567499201062702 3.9194668750382138 -7.8352727514324769 -0.68016632289160539 -0.69328244704799591 2.0168429647627124 0.64294878840784442 12.609712340931098 -1.3502744809965297 -8.1085682569071658 -2.8919948781595064 -0.057031644978687339 -2.9530659783405788 10.242524604363876 3.0969643090756573 0.52373148150391891 -2.6391301213384986 -3.6549423954244391 -0.056692281704010528 1.2321824747902557 1.1506360409388672 -1.2136951070498019 0.92985756156283905 2.8561132115682515 -0.20149680231186462 -7.4301783982445215 -1.4524962242260588 -0.39774955002398005
leaf_weight=2958 2228 3835 71 252 33 1881 642 680 3417 24 1384 36 554 10207 66 22 294 3532 182 118 5064 1074 185 204 1499 289 2067 34 1319 5906
leaf_count=2958 2228 3835 71 252 33 1881 642 680 3417 24 1384 36 554 10207 66 22 294 3532 182 118 5064 1074 185 204 1499 289 2067 34 1319 5906
internal_value=-0.00750983 0.0949475 -0.291308 1.31266 0.00690005 0.155065 -0.309588 0.038981 0.229545 2.37796 -0.358631 -1.52161 -1.71175 0.118529 1.29046 1.42377 1.08412 -0.110089 0.073193 -0.22347 -0.146285 0.688552 -0.695 -2.13569 -0.0554489 3.37862 0.274078 -1.79986 -1.66214 -0.137431
internal_weight=50057 36779 13278 2480 34299 23362 10937 21195 14328 704 6867 1420 1196 13624 2167 2101 1790 11854 8896 5364 5246 1496 422 237 5447 311 3566 1424 1390 9741
internal_count=50057 36779 13278 2480 34299 23362 10937 21195 14328 704 6867 1420 1196 13624 2167 2101 1790 11854 8896 5364 5246 1496 422 237 5447 311 3566 1424 1390 9741
is_linear=0
shrinkage=0.05


Tree=158
num_leaves=31
num_cat=0
split_feature=4 4 1 0 0 4 6 4 5 0 1 1 1 4 1 5 0 4 5 5 1 7 6 4 6 5 4 7 0 7
split_gain=577906 1.03147e+06 635864 627373 582270 556816 585533 458312 1.42372e+06 662389 518651 445916 629339 445696 931973 682706 484232 432213 3.28921e+06 1.47525e+06 829785 486155 463200 424042 576104 679437 1.62353e+06 459360 420104 418500
threshold=7.5000000000000009 4.5000000000000009 11.500000000000002 25.576875000000005 30.990000000000006 2.5000000000000004 8058.857500000001 5.5000000000000009 1.0000000180025095e-35 22.248750000000005 11.500000000000002 8.5000000000000018 5.5000000000000009 22.500000000000004 3.5000000000000004 1.0000000180025095e-35 25.275625000000005 6.5000000000000009 1.0000000180025095e-35 1.0000000180025095e-35 2.5000000000000004 10605.166250000002 13404.055000000002 15.500000000000002 10077.838750000001 1.0000000180025095e-35 17.500000000000004 11049.963750000001 21.586875000000003 8785.5825000000023
decision_type=2 2 2 2 2 2 2 2 2 2 2 2 2 2 2 2 2 2 2 2 2 2 2 2 2 2 2 2 2 2
left_child=1 2 5 7 13 28 -7 8 -3 -10 17 12 -11 16 15 -15 -2 19 -19 21 22 -9 -20 -6 27 26 -26 -25 -1 -5
right_child=4 3 -4 29 23 6 -8 10 9 11 -12 -13 -14 14 -16 -17 -18 18 20 -21 -22 -23 -24 24 25 -27 -28 -29 -30 -31
leaf_value=-0.8756894212155637 -0.69675253546425708 -2.0230223310789031 1.6435218328208601 1.0228931274157296 0.48296347297710596 0.38077452367825904 -0.98192147558328391 0.92659719101908089 -0.29158995487802736 0.58824453762356643 3.8154597333044684 0.15749436694560415 3.8580837648388853 -0.79364670331419362 -0.19251445095731792 3.2203825105294337 -0.17414223673851836 4.7014353720123054 4.9721742745368713 2.6827147253346673 -2.1514766605288882 -2.4675533686203983 0.056325713011890793 0.17548613536649468 1.9333719537146257 -2.149237944060439 -9.7989454406680494 6.2285045836120849 0.31681017121178656 -0.78156767378085801
leaf_weight=862 5984 458 515 484 5596 1079 2926 211 481 228 206 236 415 142 1494 417 17094 337 62 1158 601 211 211 1528 277 666 33 32 5157 956
leaf_count=862 5984 458 515 484 5596 1079 2926 211 481 228 206 236 415 142 1494 417 17094 337 62 1158 601 211 211 1528 277 666 33 32 5157 956
internal_value=-0.00713434 0.23196 -0.06992 0.740596 -0.12785 -0.157951 -0.614793 1.01444 0.388116 1.2001 1.39437 2.01637 2.69864 -0.246849 0.459126 2.20072 -0.309652 1.21567 0.504959 1.76041 -1.11313 -0.770478 1.17275 0.239905 -0.296435 -1.24919 0.684448 0.299651 0.146029 -0.175068
internal_weight=50057 16794 10539 6255 33263 10024 4005 4815 1818 1360 2997 879 643 25131 2053 559 23078 2791 1211 1580 874 422 273 8132 2536 976 310 1560 6019 1440
internal_count=50057 16794 10539 6255 33263 10024 4005 4815 1818 1360 2997 879 643 25131 2053 559 23078 2791 1211 1580 874 422 273 8132 2536 976 310 1560 6019 1440
is_linear=0
shrinkage=0.05


Tree=159
num_leaves=31
num_cat=0
split_feature=8 6 6 8 6 8 6 7 8 6 6 8 6 8 8 6 8 6 6 8 7 6 8 6 7 7 6 7 6 8
split_gain=543570 1.27758e+06 921128 835964 846555 818436 629670 556972 526288 946214 867574 759236 621127 1.19222e+06 921904 1.08374e+06 774981 909150 776095 606207 854318 716545 698315 745365 578752 572444 521049 641034 519116 516441
threshold=7733.2925000000005 8021.0750000000007 7482.598750000001 8538.2500000000018 8520.1200000000008 9130.2912500000039 8909.3450000000012 8767.4512500000019 9602.5350000000017 9705.0025000000005 9961.751250000003 10473.683750000002 11035.775000000003 12261.76 11947.117500000002 12194.766250000002 12739.3575 13039.108750000001 13235.073750000001 13646.460000000001 15273.420000000002 14102.270000000002 15271.990000000002 15095.071250000003 14844.657500000003 15021.748750000001 12194.766250000002 10971.865000000002 12917.845000000003 6890.3150000000005
decision_type=2 2 2 2 2 2 2 2 2 2 2 2 2 2 2 2 2 2 2 2 2 2 2 2 2 2 2 2 2 2
left_child=2 5 29 7 -5 -2 -4 -3 9 -6 -10 -12 13 -13 26 -16 18 -18 -17 20 -19 -21 23 -23 -24 -25 -14 -28 -11 -1
right_child=1 3 6 4 8 -7 -8 -9 10 28 11 12 14 -15 15 16 17 19 -20 21 -22 22 24 25 -26 -27 27 -29 -30 -31
leaf_value=-0.59053988714738403 0.90216231488229492 -0.24744154836337329 -1.1021837279664484 1.2181125742202026 -0.1007996177709841 6.155200406908989 -5.7627103023529056 -1.3379428196364436 0.86984190465481093 -1.4002714709817612 -0.73377902431251352 0.67121470192021382 -0.43187554513272852 8.8719203885396336 1.5579720288838304 -0.7301419268474767 1.5510965354976611 -0.69801386413847633 -5.0916246110839509 1.198356408504949 -10.40222741831904 -0.069687691699732005 2.3468299118797282 -0.78213118430435291 0.25373864140024871 -3.5379223764521406 -5.1916246150620289 -1.1863346940884878 -7.7525345238772303 0.55653055852636857
leaf_weight=1864 3044 3580 2152 1531 7532 76 75 1740 3446 1267 2923 2930 2994 45 1337 1142 1105 1629 112 1503 23 2211 399 483 1917 309 128 455 33 2072
leaf_count=1864 3044 3580 2152 1531 7532 76 75 1740 3446 1267 2923 2930 2994 45 1337 1142 1105 1629 112 1503 23 2211 399 483 1917 309 128 455 33 2072
internal_value=-0.00677762 0.0549613 -0.446493 -0.0196573 0.0680418 1.03012 -1.25914 -0.604109 0.0161373 -0.315806 0.132981 0.0156687 0.132677 0.795259 0.00749919 0.214908 0.0491486 0.202162 -1.11968 0.0262626 -0.833121 0.234369 -0.0380268 -0.541148 0.614336 -1.85731 -0.698168 -2.06571 -1.56152 0.0133041
internal_weight=50057 43894 6163 40774 35454 3120 2227 5320 33923 8832 25091 21645 18722 2975 15747 12170 10833 9579 1254 8474 1652 6822 5319 3003 2316 792 3577 583 1300 3936
internal_count=50057 43894 6163 40774 35454 3120 2227 5320 33923 8832 25091 21645 18722 2975 15747 12170 10833 9579 1254 8474 1652 6822 5319 3003 2316 792 3577 583 1300 3936
is_linear=0
shrinkage=0.05


Tree=160
num_leaves=31
num_cat=0
split_feature=8 6 6 8 4 8 6 6 4 8 6 8 7 8 6 8 6 4 1 6 8 1 8 6 8 8 6 4 1 8
split_gain=567475 1.36432e+06 1.36004e+06 960698 724706 589389 2.14017e+06 1.39713e+06 567090 795889 562980 540983 846250 539421 1.42331e+06 1.01957e+06 988666 753935 705013 692698 1.22344e+06 828272 724946 623951 718470 497427 477481 470296 453855 451669
threshold=8887.9125000000022 8981.4937500000015 8944.215000000002 10227.180000000002 1.5000000000000002 14563.515000000001 14566.588750000001 14566.588750000001 16.500000000000004 15020.916250000002 10077.838750000001 15708.635000000002 14844.657500000003 13222.700000000003 12748.266250000002 12534.63125 13347.875000000002 16.500000000000004 8.5000000000000018 11219.600000000002 10912.768750000001 3.5000000000000004 11730.305000000002 10374.735000000002 9629.0500000000011 11632.258750000003 12194.766250000002 20.500000000000004 3.5000000000000004 7645.0150000000003
decision_type=2 2 2 2 2 2 2 2 2 2 2 2 2 2 2 2 2 2 2 2 2 2 2 2 2 2 2 2 2 2
left_child=2 3 -1 -2 -3 6 13 8 -7 -10 29 12 -9 14 15 19 17 -15 -17 20 23 -22 -23 24 27 -21 -27 28 -6 -4
right_child=1 4 10 -5 5 7 -8 11 9 -11 -12 -13 -14 16 -16 18 -18 -19 -20 25 21 22 -24 -25 -26 26 -28 -29 -30 -31
leaf_value=-0.091690041905811037 1.0606003657857672 1.0753520417960958 -5.9819607610702512 8.4277143001556407 -2.1932440881849677 3.3332687964978129 -3.1297914303062311 0.73750483840828984 3.0058738915080374 -7.4538385268180605 -5.0786232341080906 1.0062285353517202 -1.1852221455624805 2.3429129814530216 -1.5733812497586641 2.3678125584793279 -0.0029528756407566619 -1.9645088448731796 -0.84753941525911203 -1.3243896465685401 -1.4956917717907565 1.1059382261258852 3.9924787210941322 -0.87194672926329453 0.4805555130903571 0.35093858984859455 -1.3204365778994562 0.64328990548755982 -0.47634940531597414 -1.1628014426691369
leaf_weight=16047 2662 1514 50 45 445 520 585 1043 44 31 104 1159 1268 871 1661 694 2772 115 226 1814 266 1674 250 2484 4311 1351 625 800 2851 1762
leaf_count=16047 2662 1514 50 45 445 520 585 1043 44 31 104 1159 1268 871 1661 694 2772 115 226 1814 266 1674 250 2484 4311 1351 625 800 2851 1762
internal_value=-0.0170142 0.108975 -0.242024 1.18307 0.0099904 -0.0479047 -0.142958 0.508503 2.74704 -1.31747 -1.50111 0.124661 -0.317457 -0.067676 -0.173624 -0.0429401 0.480727 1.84053 1.57795 -0.13133 0.0411231 1.11945 1.48101 -0.175712 0.0300037 -0.726543 -0.17771 -0.444198 -0.708151 -1.29578
internal_weight=50044 32081 17963 2707 29374 27860 23795 4065 595 75 1916 3470 2311 23210 19452 17791 3758 986 920 16871 13081 2190 1924 10891 8407 3790 1976 4096 3296 1812
internal_count=50044 32081 17963 2707 29374 27860 23795 4065 595 75 1916 3470 2311 23210 19452 17791 3758 986 920 16871 13081 2190 1924 10891 8407 3790 1976 4096 3296 1812
is_linear=0
shrinkage=0.05


Tree=161
num_leaves=31
num_cat=0
split_feature=4 4 0 0 4 8 5 6 4 0 6 0 8 7 4 5 0 8 6 8 4 8 7 7 8 6 8 6 6 4
split_gain=570628 813703 655754 537402 519141 644111 742223 692558 576475 854968 545492 523072 484426 541524 532708 1.19838e+06 552883 479375 979513 1.09709e+06 690304 880545 630684 668615 504014 486305 459609 803231 436115 919735
threshold=7.5000000000000009 4.5000000000000009 25.576875000000005 30.990000000000006 2.5000000000000004 8114.0150000000003 1.0000000180025095e-35 7413.2812500000009 1.5000000000000002 23.978125000000009 8813.1425000000017 21.039375000000003 15095.071250000003 14105.987500000001 5.5000000000000009 1.0000000180025095e-35 22.340625000000006 14052.772500000001 12013.360000000002 11680.070000000002 18.500000000000004 8796.1450000000023 10412.547500000002 15797.895000000002 10800.113750000002 14055.557500000001 11947.117500000002 11735.470000000003 8330.1337500000027 16.500000000000004
decision_type=2 2 2 2 2 2 2 2 2 2 2 2 2 2 2 2 2 2 2 2 2 2 2 2 2 2 2 2 2 2
left_child=1 4 12 17 5 6 -1 -7 -8 -10 -6 -9 13 14 15 -3 -17 18 19 20 28 -22 -20 -24 -23 -19 -16 -28 -2 -30
right_child=3 2 -4 -5 10 7 8 11 9 -11 -12 -13 -14 -15 26 16 -18 25 22 -21 21 24 23 -25 -26 -27 27 -29 29 -31
leaf_value=-1.8266400261956912 0.17596010744663898 -1.7917102568910874 -0.25703404654856321 0.21864201418544829 0.18603108798603429 7.0492426716146017 -0.44841785498415149 -0.91711921653177042 2.7474552757608564 -1.30614346429474 -0.9659166325745826 0.83029127555779947 3.3989260293216894 -0.70216417571462963 1.049535197987618 -0.19101615837694019 1.9366492631949155 1.7473168818345759 -3.3409458147499387 1.327426842477814 -0.32835740529790253 0.63130281324542092 -0.84214302586769607 -8.8986151915330165 8.2251230955123908 0.038320667589494976 10.704312204492503 2.2191105038898553 -0.4196390703990045 -1.6710257263756554
leaf_weight=650 1515 467 1463 8087 1783 42 1336 496 399 193 2426 3136 194 502 1603 482 833 539 298 1121 6422 3216 2710 26 22 1828 29 729 5493 2004
leaf_count=650 1515 467 1463 8087 1783 42 1336 496 399 193 2426 3136 194 502 1603 482 833 539 298 1121 6422 3216 2710 26 22 1828 29 729 5493 2004
internal_value=-0.0161635 0.221736 0.670558 -0.135989 -0.0486477 0.240358 -0.365498 0.665479 0.127107 1.42593 -0.477933 0.591658 0.951002 0.848763 1.03669 0.38408 1.15677 -0.249821 -0.320053 -0.191819 -0.283029 0.0106119 -1.15662 -0.918703 0.682898 0.427484 1.52925 2.54374 -0.597784 -0.754143
internal_weight=50044 16763 6302 33281 10461 6252 2578 3674 1928 592 4209 3632 4839 4645 4143 1782 1315 25194 22827 19793 18672 9660 3034 2736 3238 2367 2361 758 9012 7497
internal_count=50044 16763 6302 33281 10461 6252 2578 3674 1928 592 4209 3632 4839 4645 4143 1782 1315 25194 22827 19793 18672 9660 3034 2736 3238 2367 2361 758 9012 7497
is_linear=0
shrinkage=0.05


Tree=162
num_leaves=31
num_cat=0
split_feature=4 4 8 6 6 4 8 0 4 4 8 7 8 6 4 3 6 0 0 8 6 8 8 4 8 7 8 8 6 0
split_gain=522468 968957 929174 1.08673e+06 824952 681859 644115 557536 550398 650326 633061 943572 531516 556040 495420 428499 408084 406061 390518 381652 486772 694693 378004 390795 501475 655263 767576 459752 399455 371913
threshold=15.500000000000002 17.500000000000004 10437.258750000003 9933.8150000000005 10715.331250000001 16.500000000000004 8226.1800000000021 30.596250000000005 13.500000000000002 11.500000000000002 15158.182500000001 15709.533750000001 7160.8112500000016 6946.5425000000005 16.500000000000004 1.0000000180025095e-35 14498.323750000001 35.361250000000005 24.94562500000001 6180.5912500000004 6890.3150000000005 6818.9700000000012 8778.3912500000024 18.500000000000004 10837.820000000002 9378.8125000000018 10373.172500000002 10800.113750000002 8592.5562500000015 33.623750000000008
decision_type=2 2 2 2 2 2 2 2 2 2 2 2 2 2 2 2 2 2 2 2 2 2 2 2 2 2 2 2 2 2
left_child=8 2 3 5 7 -2 -7 18 9 19 11 -10 -3 -14 -5 -8 -12 -13 -4 -1 -21 -22 -15 24 25 26 -24 28 -25 -9
right_child=1 12 4 14 -6 6 15 29 10 -11 16 17 13 22 -16 -17 -18 -19 -20 20 21 -23 23 27 -26 -27 -28 -29 -30 -31
leaf_value=-1.5653853463121208 0.25772780362886433 -1.1790498569248526 -5.4006760931015023 -2.8148376496983509 -0.73307601049224547 0.87852894586675312 -1.7839335368668783 7.9591343199213345 0.51537716881629791 -0.55488071058376731 9.2166499728248237 -2.7208666050434114 3.0041259391127895 -0.2172112319525121 -6.8123023913383483 -4.2625665590533464 2.0772788471921806 -11.918475231528284 1.0606526876352109 1.2112509295965843 -2.1793809323602575 0.12742150617648532 -0.78690071624263702 1.9803139221313537 -4.4785680742296456 1.4995946004129437 -9.2566797763109214 7.8138669236139826 0.37375289532714384 2.2448452377319335
leaf_weight=332 544 923 25 204 1752 170 611 48 3671 4184 21 30 159 6645 125 244 427 20 362 1019 331 23340 599 439 73 365 28 22 3261 70
leaf_count=332 544 923 25 204 1752 170 611 48 3671 4184 21 30 159 6645 125 244 427 20 362 1019 331 23340 599 439 73 365 28 22 3261 70
internal_value=-0.0153553 -0.243957 -0.905534 -1.7209 -0.219864 -1.17304 -1.93239 1.56063 0.0988189 0.0221043 0.636244 0.422455 -0.0242951 0.0676589 -4.33363 -2.49129 2.41194 -6.39991 0.643254 0.118584 0.141228 0.0951647 0.0268176 0.365562 -0.47899 -0.184666 -1.16514 0.60722 0.564369 4.5693
internal_weight=50044 16669 4155 1898 2257 1569 1025 505 33375 29206 4169 3721 12514 11591 329 855 448 50 387 25022 24690 23671 11432 4787 1065 992 627 3722 3700 118
internal_count=50044 16669 4155 1898 2257 1569 1025 505 33375 29206 4169 3721 12514 11591 329 855 448 50 387 25022 24690 23671 11432 4787 1065 992 627 3722 3700 118
is_linear=0
shrinkage=0.05


Tree=163
num_leaves=31
num_cat=0
split_feature=8 6 6 8 8 6 8 7 4 5 8 6 6 6 4 8 5 4 0 6 7 8 6 6 4 5 4 4 4 7
split_gain=501703 1.24424e+06 940349 578562 549944 842239 772415 617887 614644 558444 551896 1.66595e+06 1.47919e+06 518232 463270 456981 442385 606238 413012 411352 402271 397219 967403 645516 491424 528229 860989 764725 740326 512120
threshold=8057.0924999999997 8115.6812500000005 8038.1137500000013 9130.2912500000039 8866.3975000000009 8981.4937500000015 10189.040000000003 9078.782500000003 1.0000000180025095e-35 1.0000000180025095e-35 12851.877500000001 12748.266250000002 12803.120000000003 9349.3500000000004 15.500000000000002 7113.2337500000003 1.0000000180025095e-35 1.0000000180025095e-35 32.726250000000014 14248.518750000001 9918.4200000000019 9932.7700000000023 9961.751250000003 9781.8625000000011 16.500000000000004 1.0000000180025095e-35 17.500000000000004 17.500000000000004 18.500000000000004 14004.600000000002
decision_type=2 2 2 2 2 2 2 2 2 2 2 2 2 2 2 2 2 2 2 2 2 2 2 2 2 2 2 2 2 2
left_child=2 3 16 -2 7 6 18 -3 9 -7 11 21 -12 15 19 -4 17 -1 -6 -13 -11 23 24 -10 29 27 -27 -26 -29 -23
right_child=1 4 13 -5 5 8 -8 -9 10 20 12 14 -14 -15 -16 -17 -18 -19 -20 -21 -22 22 -24 -25 25 26 -28 28 -30 -31
leaf_value=-3.328850416584713 1.0371229774800157 -0.13719511449191588 -4.7419235734378589 4.9479233880235691 0.64004027599288549 -1.1272876115527255 7.9225659614954242 -1.2274011176879474 -0.067062090627293056 0.38367623677713619 2.3372269627877111 -1.4261968383347181 0.090186908011211472 -5.5079193437603164 -5.7033547723867812 -0.99178335797407291 0.15152849924759917 -0.42867757913082977 2.900236168825721 -4.5527674117063484 3.1941039511892533 2.111430101272652 -0.079107531442524304 -1.1600642933180279 2.8289385701928822 -1.4043990322118682 3.5135125028801726 -6.7271267245875466 1.1866975860162217 -4.4157290581733957
leaf_weight=205 2114 5162 85 99 2366 163 39 1737 4626 197 799 853 8785 71 83 1834 5163 1489 221 120 360 982 10005 1908 56 169 188 90 44 31
leaf_count=205 2114 5162 85 99 2366 163 39 1737 4626 197 799 853 8785 71 83 1834 5163 1489 221 120 360 982 10005 1908 56 169 188 90 44 31
internal_value=-0.0145875 0.0587764 -0.356215 1.21208 -0.00669277 0.0803892 0.938411 -0.411682 0.00390436 1.44682 -0.0322452 -0.187232 0.277518 -1.31309 -2.11767 -1.15789 -0.0785145 -0.779643 0.833122 -1.8118 2.20011 -0.0745994 0.101466 -0.386231 1.25957 0.0519027 1.18543 -2.07793 -4.12856 1.91168
internal_weight=50044 41197 8847 2213 38984 32085 2626 6899 29459 720 28739 19155 9584 1990 1056 1919 6857 1694 2587 973 557 18099 11565 6534 1560 547 357 190 134 1013
internal_count=50044 41197 8847 2213 38984 32085 2626 6899 29459 720 28739 19155 9584 1990 1056 1919 6857 1694 2587 973 557 18099 11565 6534 1560 547 357 190 134 1013
is_linear=0
shrinkage=0.05


Tree=164
num_leaves=31
num_cat=0
split_feature=4 4 5 0 0 1 4 8 5 4 4 1 8 4 5 8 6 8 8 5 4 4 0 0 1 5 8 8 8 6
split_gain=503040 1.59985e+06 1.4338e+06 831413 625712 509675 561856 771305 824735 1.52869e+06 1.40773e+06 746652 645625 639095 927611 494607 681992 1.76305e+06 1.1194e+06 786023 912439 608097 581417 560790 836482 635280 591236 546093 552509 485033
threshold=6.5000000000000009 5.5000000000000009 1.0000000180025095e-35 24.871875000000006 23.800625000000007 6.5000000000000009 1.5000000000000002 9148.9100000000017 1.0000000180025095e-35 1.0000000180025095e-35 1.0000000180025095e-35 1.5000000000000002 10040.423750000002 3.5000000000000004 1.0000000180025095e-35 15708.635000000002 14566.588750000001 14424.677500000003 14655.326250000002 1.0000000180025095e-35 16.500000000000004 15.500000000000002 21.926250000000007 30.990000000000006 3.5000000000000004 1.0000000180025095e-35 12739.3575 12062.01375 10473.683750000002 8077.2375000000002
decision_type=2 2 2 2 2 2 2 2 2 2 2 2 2 2 2 2 2 2 2 2 2 2 2 2 2 2 2 2 2 2
left_child=1 5 4 -4 -3 6 7 -1 10 -10 11 -9 -12 -8 -15 16 17 22 -18 21 -21 -19 29 -24 25 -25 -26 28 -27 -2
right_child=15 2 3 -5 -6 -7 13 8 9 -11 12 -13 -14 14 -16 -17 18 19 -20 20 -22 -23 23 24 26 27 -28 -29 -30 -31
leaf_value=-0.77693946469637964 -0.23047330850069794 -2.2978932777047159 3.0711982224784471 0.60201601865988374 1.1613951248594192 0.36867295229541874 -1.1802005179564619 7.2985223675215698 2.3391961239939953 -1.4874792946467155 1.2524061786885166 -1.8450264101689176 7.939823054571221 -1.7397965514400733 0.57896965380470988 0.89497177715437159 -2.8667044687018679 3.5792958384915572 -0.38147053100248157 2.0578024709277605 -4.5119684613357158 10.406362197512673 -0.29269585631537454 -5.4070955231635267 0.29465212555120052 0.086395176805555821 2.5685197272513172 -2.520306479556357 8.3968454742431646 1.8852276350694712
leaf_weight=890 473 290 1058 503 238 5708 2291 27 518 526 49 129 137 575 1726 1170 577 146 2110 507 59 42 23890 99 5057 100 303 187 25 634
leaf_count=890 473 290 1058 503 238 5708 2291 27 518 526 49 129 137 575 1726 1170 577 146 2110 507 59 42 23890 99 5057 100 303 187 25 634
internal_value=-0.0138582 0.232364 1.51372 2.27556 -0.738593 0.0195176 -0.270666 0.3717 1.10928 0.411197 3.24028 -0.262489 6.17808 -0.589051 -0.000469967 -0.11592 -0.150494 -0.0853138 -0.915144 2.30337 1.37297 5.10449 -0.143851 -0.185841 0.256503 -1.91737 0.423194 -0.810053 1.74849 0.981229
internal_weight=50044 14665 2089 1561 528 12576 6868 2276 1386 1044 342 156 186 4592 2301 35379 34209 31522 2687 754 566 188 30768 29661 5771 411 5360 312 125 1107
internal_count=50044 14665 2089 1561 528 12576 6868 2276 1386 1044 342 156 186 4592 2301 35379 34209 31522 2687 754 566 188 30768 29661 5771 411 5360 312 125 1107
is_linear=0
shrinkage=0.05


Tree=165
num_leaves=31
num_cat=0
split_feature=4 4 1 3 4 0 1 8 8 1 4 8 6 8 4 4 1 4 8 4 4 3 1 0 8 8 4 8 1 4
split_gain=483297 820959 587450 570699 598933 591173 582110 976510 466664 603167 490838 586713 437074 850509 591920 531406 1.27464e+06 611290 788412 543820 498214 794622 483999 468041 898567 439936 436270 684127 867460 683757
threshold=7.5000000000000009 4.5000000000000009 11.500000000000002 1.0000000180025095e-35 6.5000000000000009 23.941875000000007 5.5000000000000009 10912.768750000001 7519.576250000001 11.500000000000002 15.500000000000002 8480.6125000000011 8330.1337500000027 8796.1450000000023 20.500000000000004 16.500000000000004 7.5000000000000009 13.500000000000002 16180.853750000002 18.500000000000004 17.500000000000004 1.0000000180025095e-35 7.5000000000000009 26.485625000000002 11269.088750000001 8279.715000000002 2.5000000000000004 7645.0150000000003 6.5000000000000009 1.0000000180025095e-35
decision_type=2 2 2 2 2 2 2 2 2 2 2 2 2 2 2 2 2 2 2 2 2 2 2 2 2 2 2 2 2 2
left_child=1 2 26 4 6 -6 -3 -8 -2 12 -11 -12 25 22 15 17 19 -15 -19 23 21 -18 -14 24 -17 -10 27 -1 -29 -30
right_child=8 3 -4 -5 5 -7 7 -9 9 10 11 -13 13 14 -16 16 20 18 -20 -21 -22 -23 -24 -25 -26 -27 -28 28 29 -31
leaf_value=-0.71246058419604474 -0.89932977143998949 0.6069730243307937 1.6068604984141885 -0.097240677674969481 1.5128283972058316 -0.58231604314622942 1.3990593199211689 4.4771266956752704 0.052036740627647862 -0.4205138604569032 -0.55948066194406121 -4.2221983446391871 -0.45818613737870689 -0.16785887370151026 0.83658609958926944 -4.9349963084932256 0.83564468458587049 0.42687661388386355 6.5555505694083456 -0.22322370348090828 1.6377651124391575 -3.9507750914732287 -1.7293495442114653 -1.3062143427262163 1.763311256747693 1.0625279022124372 -0.55340553768397738 0.026498471464845543 -0.29417195160636844 2.4094521227224655
leaf_weight=1735 1829 1368 500 1786 514 976 1306 321 3054 795 206 233 2655 10587 1941 230 306 5307 53 1047 715 121 1043 1599 64 1664 3996 3045 327 821
leaf_count=1735 1829 1368 500 1786 514 976 1306 321 3054 795 206 233 2655 10587 1941 230 306 5307 53 1047 715 121 1043 1599 64 1664 3996 3045 327 821
internal_value=-0.013141 0.206577 -0.0653726 0.658627 0.959626 0.140438 1.36717 2.00635 -0.122806 -0.0778898 -1.16153 -2.50347 -0.0338821 -0.115183 0.00289879 -0.0778934 -0.586939 0.0524084 0.487477 -1.1376 0.830705 -0.520694 -0.816711 -1.64334 -3.47686 0.408429 -0.149625 0.12256 0.468079 1.63934
internal_weight=50144 16695 10424 6271 4485 1490 2995 1627 33449 31620 1234 439 30386 25668 21970 20029 4082 15947 5360 2940 1142 427 3698 1893 294 4718 9924 5928 4193 1148
internal_count=50144 16695 10424 6271 4485 1490 2995 1627 33449 31620 1234 439 30386 25668 21970 20029 4082 15947 5360 2940 1142 427 3698 1893 294 4718 9924 5928 4193 1148
is_linear=0
shrinkage=0.05


Tree=166
num_leaves=31
num_cat=0
split_feature=4 4 3 4 5 5 6 0 4 0 0 4 0 3 7 4 4 6 7 5 4 6 0 7 4 5 5 0 7 4
split_gain=436176 740915 515056 540537 3.98437e+06 1.98839e+06 496741 412463 400192 511309 393237 391024 477564 431528 454400 369432 647165 500518 749100 523828 326211 502722 297477 297143 292597 2.61559e+06 814422 282946 326197 269688
threshold=7.5000000000000009 4.5000000000000009 1.0000000180025095e-35 6.5000000000000009 1.0000000180025095e-35 1.0000000180025095e-35 9809.8516500000023 30.990000000000006 5.5000000000000009 24.871875000000006 26.761875000000007 20.500000000000004 24.905625000000008 1.0000000180025095e-35 8801.5025000000005 15.500000000000002 18.500000000000004 8347.2850000000017 10085.423750000002 1.0000000180025095e-35 2.5000000000000004 8831.6862500000007 28.010625000000008 12193.127500000002 17.500000000000004 1.0000000180025095e-35 37.500000000000007 22.980625000000007 10642.010000000002 15.500000000000002
decision_type=2 2 2 2 2 2 2 2 2 2 2 2 2 2 2 2 2 2 2 2 2 2 2 2 2 2 2 2 2 2
left_child=1 20 3 5 10 6 -3 11 -7 -10 23 12 -2 14 -14 -15 17 -17 24 -20 -1 -22 -16 -5 26 -26 -19 -6 -29 -9
right_child=7 2 -4 4 27 8 -8 29 9 -11 -12 -13 13 15 22 16 -18 18 19 -21 21 -23 -24 -25 25 -27 -28 28 -30 -31
leaf_value=0.167344781734026 -0.91884691445620037 0.35605241707030766 -0.092378650319920014 6.7392020724359014 0.12030885157832112 1.3840849585059645 -2.2157965370734534 0.38338679005366405 3.4183788305433023 1.0700887065019573 0.7541008308529854 0.13473005194724413 0.53458950022228846 -0.27173769561594002 -0.5211651673345804 -0.048598785463558593 0.066093838856103412 -3.0165095242016293 2.497440765259114 -1.8714705266469107 0.23250232336704785 -0.8746763205271807 0.047560444195993222 3.6665664889723875 -11.51019929835671 0.93307971508225052 -8.6776951991187214 -0.50853975037059951 -2.5223039857944984 -0.2346025828890127
leaf_weight=6231 2896 376 1786 168 251 1135 375 5663 779 330 56 6018 2513 2775 4399 276 653 216 94 254 1786 2407 4817 148 57 163 90 317 550 2565
leaf_count=6231 2896 376 1786 168 251 1135 375 5663 779 330 56 6018 2513 2775 4399 276 653 216 94 254 1786 2407 4817 148 57 163 90 317 550 2565
internal_value=-0.012484 0.196248 0.625696 0.911644 0.133417 1.29881 -0.92816 -0.116666 2.04411 2.71961 4.61577 -0.216951 -0.327164 -0.222086 -0.0613934 -0.633785 -1.19101 -1.90483 -2.49101 -0.691362 -0.0621039 -0.403076 -0.223905 5.30012 -3.68165 -2.29086 -4.68156 -1.35803 -1.78601 0.190735
internal_weight=50144 16695 6271 4485 1490 2995 751 33449 2244 1109 372 25221 19203 16307 11729 4578 1803 1150 874 348 10424 4193 9216 316 526 220 306 1118 867 8228
internal_count=50144 16695 6271 4485 1490 2995 751 33449 2244 1109 372 25221 19203 16307 11729 4578 1803 1150 874 348 10424 4193 9216 316 526 220 306 1118 867 8228
is_linear=0
shrinkage=0.05


Tree=167
num_leaves=31
num_cat=0
split_feature=8 7 7 8 4 5 4 4 4 4 4 4 4 4 4 4 4 4 1 0 4 1 4 1 8 8 8 7 8 7
split_gain=435516 654707 645220 762681 511572 518931 2.40488e+06 1.15758e+06 2.69428e+06 1.08729e+06 3.4578e+06 1.01245e+06 2.34877e+06 1.59625e+06 972157 1.58794e+06 1.43668e+06 999569 797678 748173 609191 1.66772e+06 899645 747126 583457 563651 513659 504900 498565 483254
threshold=7977.3212500000009 8467.9237500000017 8801.5025000000005 9190.5612500000025 1.0000000180025095e-35 1.0000000180025095e-35 1.5000000000000002 17.500000000000004 16.500000000000004 6.5000000000000009 8.5000000000000018 14.500000000000002 17.500000000000004 18.500000000000004 3.5000000000000004 6.5000000000000009 8.5000000000000018 5.5000000000000009 8.5000000000000018 26.810000000000006 15.500000000000002 7.5000000000000009 13.500000000000002 5.5000000000000009 10473.683750000002 15095.071250000003 15095.071250000003 11568.395000000002 10437.258750000003 11244.045000000002
decision_type=2 2 2 2 2 2 2 2 2 2 2 2 2 2 2 2 2 2 2 2 2 2 2 2 2 2 2 2 2 2
left_child=1 -1 -2 -4 -5 6 28 8 14 -8 19 -12 29 -14 -7 17 -17 -16 25 -11 22 23 -18 -22 -9 -10 -24 -25 -6 -13
right_child=2 -3 3 4 5 7 9 24 18 10 11 12 13 -15 15 16 20 -19 -20 -21 21 -23 26 27 -26 -27 -28 -29 -30 -31
leaf_value=-0.093697205716097978 0.39995660691202856 -1.1417865310181996 -0.62138907045342151 1.4657207241587318 2.5560295863550602 -1.2141455567524113 -1.1436540077829904 0.95440160918990335 -3.265702488064897 4.2119191546462851 -0.6535831524723672 3.2987793851254374 -5.5033697906152286 0.063702025530066819 0.34969590153727226 -1.2497279773245078 -0.097337088618007064 2.351144095136311 0.29505740300697442 0.13790172581319457 -0.54981506487130438 -3.5571152021463499 0.71331409625162212 3.9804531133241867 5.5273272370638917 -11.768265314102173 2.6877057996763818 -2.1740473520465016 8.2441394320479393 1.3019475811110393
leaf_weight=6174 10159 1964 5049 622 59 1713 1155 1568 767 682 2534 507 189 404 1514 2545 6335 1061 170 135 648 413 2214 178 73 20 387 41 111 753
leaf_count=6174 10159 1964 5049 622 59 1713 1155 1568 767 682 2534 507 189 404 1514 2545 6335 1061 170 135 648 413 2214 178 73 20 387 41 111 753
internal_value=-0.0118598 -0.34664 0.0529986 -0.0576789 0.0485294 0.0148538 0.401041 -0.113482 -0.229345 0.244141 0.552155 -0.00404224 0.884213 -1.71063 -0.0844378 0.0417482 -0.1868 1.17437 -2.81087 3.53873 0.0779958 -0.942175 0.224126 0.303465 1.15783 -3.48178 1.00708 2.82824 6.27003 2.10543
internal_weight=50144 8138 42006 31847 26798 26176 6529 19647 18006 6359 5204 4387 1853 593 17049 15336 12761 2575 957 817 10216 1280 8936 867 1641 787 2601 219 170 1260
internal_count=50144 8138 42006 31847 26798 26176 6529 19647 18006 6359 5204 4387 1853 593 17049 15336 12761 2575 957 817 10216 1280 8936 867 1641 787 2601 219 170 1260
is_linear=0
shrinkage=0.05


Tree=168
num_leaves=31
num_cat=0
split_feature=8 1 7 8 4 5 4 4 4 4 4 4 4 4 4 4 4 4 1 0 1 8 4 1 4 1 8 1 4 7
split_gain=399776 584814 560708 894620 450364 494681 2.15789e+06 1.08887e+06 2.55066e+06 928584 3.14971e+06 945309 2.08964e+06 1.4107e+06 837015 1.42285e+06 1.33544e+06 944170 742381 659773 558536 592884 546374 1.51082e+06 818736 695661 524062 494890 883916 483220
threshold=7291.9875000000002 10.500000000000002 8673.715000000002 9190.5612500000025 1.0000000180025095e-35 1.0000000180025095e-35 1.5000000000000002 17.500000000000004 16.500000000000004 6.5000000000000009 8.5000000000000018 14.500000000000002 17.500000000000004 18.500000000000004 3.5000000000000004 6.5000000000000009 8.5000000000000018 5.5000000000000009 7.5000000000000009 26.810000000000006 5.5000000000000009 15095.071250000003 15.500000000000002 7.5000000000000009 13.500000000000002 5.5000000000000009 10473.683750000002 7.5000000000000009 2.5000000000000004 16182.750000000002
decision_type=2 2 2 2 2 2 2 2 2 2 2 2 2 2 2 2 2 2 2 2 2 2 2 2 2 2 2 2 2 2
left_child=1 -1 -2 -4 -5 6 -6 8 14 -8 19 -12 -13 -14 27 17 -17 -16 20 -11 21 -10 24 25 -18 -24 -9 -7 -29 -26
right_child=2 -3 3 4 5 7 9 26 18 10 11 12 13 -15 15 16 22 -19 -20 -21 -22 -23 23 -25 29 -27 -28 28 -30 -31
leaf_value=-1.0297758282880844 0.31504477003861225 0.28189497920399553 -0.58179411303097872 1.3784602890011317 5.956529178444077 -1.3184257467554528 -1.0222598317772582 0.92065079886398515 -2.4195344834077317 4.0127445788542087 -0.62081772406172608 2.0182554256935377 -5.0107325344218827 0.092906517650734211 0.31147038978217911 -1.1964154072367159 -0.086753028285278005 2.2439519145724387 -0.2797050118568491 0.19965679934796166 -5.9846377114396132 -11.1798519718647 -0.52125462746055351 -3.3357921073716401 0.88961426331645477 2.7104338865061957 5.2509608582274554 9.4939190546671561 -0.90740738846361646 7.2719505103429158
leaf_weight=2189 12452 1389 6980 626 170 1638 1174 1629 563 684 2551 1272 197 433 1534 2554 6380 1075 244 136 169 20 649 422 2593 224 73 30 64 30
leaf_count=2189 12452 1389 6980 626 170 1638 1174 1629 563 684 2551 1272 197 433 1534 2554 6380 1075 244 136 169 20 649 422 2593 224 73 30 64 30
internal_value=-0.0112668 -0.520578 0.0278672 -0.0769559 0.0529096 0.0216061 0.396097 -0.102973 -0.216136 0.249475 0.532619 0.00822571 0.851911 -1.50299 -0.0736263 0.0431396 -0.172974 1.10772 -2.67615 3.38033 -3.45372 -2.72006 0.080849 -0.87943 0.218976 0.307953 1.10638 -1.11596 2.41216 0.962611
internal_weight=50144 3578 46566 34114 27134 26508 6617 19891 18189 6447 5273 4453 1902 630 17193 15461 12852 2609 996 820 752 583 10298 1295 9003 873 1702 1732 94 2623
internal_count=50144 3578 46566 34114 27134 26508 6617 19891 18189 6447 5273 4453 1902 630 17193 15461 12852 2609 996 820 752 583 10298 1295 9003 873 1702 1732 94 2623
is_linear=0
shrinkage=0.05


Tree=169
num_leaves=31
num_cat=0
split_feature=8 6 8 8 4 7 8 4 4 4 5 8 6 7 8 6 6 4 5 8 6 8 6 6 8 4 7 7 8 6
split_gain=394224 468478 1.96924e+06 1.54489e+06 520100 405039 613229 403444 391951 1.09276e+06 778468 566650 576107 478405 398298 551250 412616 387978 1.17154e+06 483104 417390 339921 333666 327357 324798 361214 347585 376618 316701 542197
threshold=16180.853750000002 14566.588750000001 14496.095000000001 14360.871250000002 15.500000000000002 14929.817500000003 15271.990000000002 14.500000000000002 6.5000000000000009 5.5000000000000009 1.0000000180025095e-35 10996.808750000002 11147.367500000002 9007.0850000000009 7333.3500000000013 7482.598750000001 6818.9700000000012 16.500000000000004 1.0000000180025095e-35 15020.916250000002 14102.270000000002 15020.916250000002 16057.512500000003 13581.831250000001 13930.993750000003 12.500000000000002 10052.875000000002 13603.623750000001 6180.5912500000004 6621.9212500000003
decision_type=2 2 2 2 2 2 2 2 2 2 2 2 2 2 2 2 2 2 2 2 2 2 2 2 2 2 2 2 2 2
left_child=1 3 24 8 5 21 -7 -2 9 28 13 -12 -13 -11 16 -16 -10 19 -19 20 -5 -4 -9 -20 25 26 -3 -28 -1 -30
right_child=7 2 4 17 -6 6 -8 22 14 10 11 12 -14 -15 15 -17 -18 18 23 -21 -22 -23 -24 -25 -26 -27 27 -29 29 -31
leaf_value=-1.5007699312201956 0.8609940249447855 -12.311787214733307 -0.12223925965167298 3.0657152143896234 -2.0527626521099873 -2.0704226958200591 0.10253464868629561 1.0430638983136131 0.14817832025075423 2.0561109724498929 1.1974182543967735 10.419524559268247 2.90043330862953 -1.3235183076851154 1.1955092136074821 -0.11705799472938405 -1.655943550108435 8.5368865676548165 -0.82557113046848007 4.3431704067797581 0.58420060624182224 1.5970017844997348 9.1541519969701763 -7.8812355463845396 -2.5207027535171287 -0.9914074166119099 -2.6708722552945541 -8.4111869506116186 1.6162428105628728 -0.0033006508293989671
leaf_weight=330 149 21 522 294 313 411 1546 21 515 147 906 27 451 364 823 28521 824 23 31 216 400 640 32 35 339 40 62 53 541 11547
leaf_count=330 149 21 522 294 313 411 1546 21 515 147 906 27 451 364 823 28521 824 23 31 216 400 640 32 35 339 40 62 53 541 11547
internal_value=-0.0107035 -0.0196196 -0.542381 0.0252405 -0.109752 0.0852347 -0.35382 2.19369 -0.0179372 0.198127 1.3165 1.93229 3.32515 -0.351296 -0.118727 -0.0802449 -0.962051 1.97001 -1.18076 2.27816 1.63545 0.824675 5.94032 -4.56721 -3.42545 -5.16813 -6.39658 -5.31641 0.0274618 0.0691822
internal_weight=50144 49942 3947 45995 3432 3119 1957 202 44996 14313 1895 1384 478 511 30683 29344 1339 999 89 910 694 1162 53 66 515 176 136 115 12418 12088
internal_count=50144 49942 3947 45995 3432 3119 1957 202 44996 14313 1895 1384 478 511 30683 29344 1339 999 89 910 694 1162 53 66 515 176 136 115 12418 12088
is_linear=0
shrinkage=0.05


Tree=170
num_leaves=31
num_cat=0
split_feature=8 6 6 5 6 8 6 8 6 8 3 6 6 6 0 8 8 8 6 6 8 8 8 6 6 8 6 8 8 5
split_gain=433087 1.30137e+06 867796 469072 447703 566203 595990 750949 918427 637234 468000 455988 446205 435344 401924 365530 360214 353979 400798 375293 345591 326758 320523 612488 366647 316130 440648 1.02295e+06 806838 343973
threshold=8150.42875 7794.3187500000013 8038.1137500000013 1.0000000180025095e-35 8262.8862500000014 8685.6900000000023 8981.4937500000015 9728.6112500000017 9603.8350000000009 10227.180000000002 1.0000000180025095e-35 9961.751250000003 9349.3500000000004 7161.2675000000008 26.229375000000008 7113.2337500000003 9703.4625000000033 15020.916250000002 14736.107500000002 14425.477500000003 9190.5612500000025 9308.6537500000031 12792.373750000001 12748.266250000002 12548.750000000002 16180.853750000002 14566.588750000001 14563.515000000001 14150.711250000002 1.0000000180025095e-35
decision_type=2 2 2 2 2 2 2 2 2 2 2 2 2 2 2 2 2 2 2 2 2 2 2 2 2 2 2 2 2 2
left_child=2 13 3 -1 16 -6 9 11 -9 21 25 -8 15 -2 -13 -4 -3 19 -19 22 -15 -7 23 -12 -24 26 28 -28 -10 -30
right_child=1 4 12 -5 5 6 7 8 10 -11 17 14 -14 20 -16 -17 -18 18 -20 -21 -22 -23 24 -25 -26 -27 27 -29 29 -31
leaf_value=-0.70042324709557857 7.5400349462354512 0.66915266257244621 -4.138301742830496 0.21662417593951219 -0.58059283944473017 0.37066549197751175 -0.3167837147863945 1.5284455997233568 0.1701078011266019 7.8107929645046115 -0.3963587441268322 -0.60756128920147123 -4.4305664936701454 1.6669547163942611 -2.6976015981936632 -0.83813338526210746 5.2435878618197016 3.1780887742395758 0.1668593715393093 -1.6878491714921866 6.6476864917858229 1.5542235004303397 2.754622748303921 -3.1643888077259348 0.06311231551696421 2.242649250846076 -2.7669548723021991 -0.014911801567214937 3.0727237546578685 1.0618649770552024
leaf_weight=1867 37 1963 87 5509 3742 2868 5156 1105 12389 31 3486 529 96 593 407 2359 44 135 609 550 37 732 141 212 1233 186 393 2398 282 865
leaf_count=1867 37 1963 87 5509 3742 2868 5156 1105 12389 31 3486 529 96 593 407 2359 44 135 609 550 37 732 141 212 1233 186 393 2398 282 865
internal_value=0.00579373 0.0789262 -0.290062 -0.0154972 0.0419025 0.00291171 0.0676898 -0.00536228 0.120555 0.672788 0.052557 -0.501093 -1.08675 2.26904 -1.51637 -0.955515 0.769439 -0.311655 0.713252 -0.447288 1.95947 0.611322 -0.312764 -0.555045 0.339315 0.192966 0.169616 -0.402426 0.287566 1.55625
internal_weight=50041 40123 9918 7376 39456 37449 33707 30076 23984 3631 22879 6092 2542 667 936 2446 2007 6366 744 5622 630 3600 5072 3698 1374 16513 16327 2791 13536 1147
internal_count=50041 40123 9918 7376 39456 37449 33707 30076 23984 3631 22879 6092 2542 667 936 2446 2007 6366 744 5622 630 3600 5072 3698 1374 16513 16327 2791 13536 1147
is_linear=0
shrinkage=0.05


Tree=171
num_leaves=31
num_cat=0
split_feature=4 1 4 5 0 4 1 5 7 1 0 4 5 3 4 5 4 4 7 4 4 1 3 1 4 4 7 1 7 0
split_gain=433153 811752 577796 881815 415739 450018 781035 743613 474372 379188 370930 526914 2.41048e+06 350401 340113 412669 389583 335472 461681 344024 425646 344309 328438 324662 330709 402100 384616 315276 308180 292684
threshold=7.5000000000000009 6.5000000000000009 1.0000000180025095e-35 1.0000000180025095e-35 29.366875000000004 22.500000000000004 3.5000000000000004 1.0000000180025095e-35 10852.027500000002 11.500000000000002 23.685625000000005 6.5000000000000009 1.0000000180025095e-35 1.0000000180025095e-35 4.5000000000000009 1.0000000180025095e-35 3.5000000000000004 5.5000000000000009 8727.7525000000023 1.5000000000000002 3.5000000000000004 8.5000000000000018 1.0000000180025095e-35 3.5000000000000004 15.500000000000002 14.500000000000002 14844.657500000003 9.5000000000000018 15887.485000000002 25.315625000000008
decision_type=2 2 2 2 2 2 2 2 2 2 2 2 2 2 2 2 2 2 2 2 2 2 2 2 2 2 2 2 2 2
left_child=1 -1 3 -3 5 29 7 -7 -9 -5 17 14 -13 23 16 -16 -12 18 19 -4 21 -21 -17 24 25 26 -6 -20 -15 -2
right_child=4 2 10 9 13 6 -8 8 -10 -11 11 12 -14 28 15 22 -18 -19 27 20 -22 -23 -24 -25 -26 -27 -28 -29 -30 -31
leaf_value=-0.10495636259026414 -0.59583829931824406 -3.1620912373681698 -0.44864409005609895 -0.061598615931428007 1.0360494807832004 -1.0523432429465982 -0.15224156093247865 3.5019612225294114 -4.0393099264665082 3.7176072205240667 1.6047879892876489 5.5196625834895725 -1.6119069499654277 -0.32920298665263625 -0.18143302494624877 3.9729574988951395 -1.0339206751750176 1.4039584857989864 -0.03338140184267438 -0.72575668652518466 0.13790027470126173 2.1534016528666204 1.0774234910957687 0.49533336962143226 -0.97365522335234445 1.8331882527601797 -0.65629759105970931 -1.8511819177236495 4.0298044501281369 -0.17439620104441589
leaf_weight=9117 6130 242 465 644 492 144 1394 400 22 74 889 155 503 3678 106 388 166 807 1121 119 674 815 131 6229 855 318 1057 303 41 12562
leaf_count=9117 6130 242 465 644 492 144 1394 400 22 74 889 155 503 3678 106 388 166 807 1121 119 674 815 131 6229 855 318 1057 303 41 12562
internal_value=0.00550405 0.213181 0.59472 -0.551867 -0.0986958 -0.237028 0.483754 2.05015 3.10881 0.327902 0.760441 1.26741 0.068022 0.126784 1.73717 2.66147 1.1896 0.485048 0.272992 0.749147 1.09552 1.78657 3.2421 0.296273 -0.159255 0.213703 -0.118767 -0.420175 -0.281147 -0.312607
internal_weight=50041 16719 7602 960 33322 20652 1960 566 422 718 6642 2338 658 12670 1680 625 1055 4304 3497 2073 1608 934 519 8951 2722 1867 1549 1424 3719 18692
internal_count=50041 16719 7602 960 33322 20652 1960 566 422 718 6642 2338 658 12670 1680 625 1055 4304 3497 2073 1608 934 519 8951 2722 1867 1549 1424 3719 18692
is_linear=0
shrinkage=0.05


Tree=172
num_leaves=31
num_cat=0
split_feature=4 1 8 6 8 8 6 8 1 6 6 8 6 6 4 4 5 4 1 6 8 6 8 8 4 6 6 6 8 6
split_gain=390921 732606 909581 545201 475457 453128 568923 424645 529620 380020 364130 461792 605362 555215 497234 423788 621441 1.02774e+06 417290 438209 505049 441323 594277 410699 360236 655608 407422 368775 344212 327811
threshold=7.5000000000000009 6.5000000000000009 13222.700000000003 14055.557500000001 6687.0000000000009 12332.350000000002 13404.055000000002 7333.3500000000013 11.500000000000002 6687.0000000000009 7333.8237500000005 8169.8450000000003 8944.215000000002 8280.8175000000028 2.5000000000000004 4.5000000000000009 1.0000000180025095e-35 3.5000000000000004 8.5000000000000018 12748.266250000002 11880.291250000002 10104.79125 10631.551250000002 9932.7700000000023 15.500000000000002 7521.8475000000008 10877.106250000003 9705.0025000000005 7956.0150000000012 7521.8475000000008
decision_type=2 2 2 2 2 2 2 2 2 2 2 2 2 2 2 2 2 2 2 2 2 2 2 2 2 2 2 2 2 2
left_child=1 5 4 -4 -3 6 -1 9 29 -2 28 12 -12 -13 23 16 17 -16 19 20 21 22 -17 -15 26 -26 -10 -27 -6 -9
right_child=7 2 3 -5 10 -7 -8 8 24 -11 11 13 -14 14 15 18 -18 -19 -20 -21 -22 -23 -24 -25 25 27 -28 -29 -30 -31
leaf_value=-0.27415200224121999 0.37375077218444674 -0.56237173766994775 6.0812269802679104 1.3931333468240852 1.2861161024847503 0.47662517325048342 -5.5246890261912576 0.97221083131503672 2.1134923179794973 -1.4855407544912318 0.0023690625844756141 2.7061226921150388 -3.7116653870046137 1.2855143559539999 5.4212616873018957 2.3637543426379564 -1.2577190384944281 -1.3241135888099671 0.11697616610378028 -1.3005309578159761 5.097150527898755 0.36786245658276551 11.35751437187195 4.7799713871695779 1.3013356259971296 -2.2346127916443614 -0.92462248664728741 -5.8836268806329342 5.1741827151814448 -0.042927312416718877
leaf_weight=6583 383 978 114 136 852 2482 52 817 133 973 1280 329 120 558 103 225 750 125 1250 116 112 374 20 99 106 271 648 93 61 29898
leaf_count=6583 383 978 114 136 852 2482 52 817 133 973 1280 329 120 558 103 225 750 125 1250 116 112 374 20 99 106 271 648 93 61 29898
internal_value=0.00522884 0.202522 0.564984 3.5309 0.464129 -0.0997085 -0.315302 -0.0937611 -0.0569987 -0.960387 0.621631 0.467109 -0.315977 0.737072 0.563488 0.296716 -0.562795 1.72314 0.697575 1.55442 2.00746 1.44843 3.09794 1.81208 -1.06545 -2.15918 -0.407248 -3.16692 1.54589 -0.0159253
internal_weight=50041 16719 7602 250 7352 9117 6635 33322 31966 1356 6374 5461 1400 4061 3732 3075 978 228 2097 847 731 619 245 657 1251 470 781 364 913 30715
internal_count=50041 16719 7602 250 7352 9117 6635 33322 31966 1356 6374 5461 1400 4061 3732 3075 978 228 2097 847 731 619 245 657 1251 470 781 364 913 30715
is_linear=0
shrinkage=0.05


Tree=173
num_leaves=31
num_cat=0
split_feature=8 7 8 4 6 6 8 8 8 6 8 6 8 6 8 6 6 8 7 6 8 4 1 1 0 6 6 1 6 8
split_gain=381954 469724 800055 715930 618662 441073 1.07654e+06 1.06183e+06 509495 431955 992283 677790 910319 693512 1.09053e+06 853527 816204 720220 668214 536059 506389 494426 489702 740843 449701 427920 407597 386697 384551 383656
threshold=16057.512500000003 14929.817500000003 15020.916250000002 16.500000000000004 14425.477500000003 14055.557500000001 11269.088750000001 13646.460000000001 13575.381250000002 13100.213750000001 12676.840000000002 12194.766250000002 11680.070000000002 10998.078750000002 10227.180000000002 9705.0025000000005 8981.4937500000015 9227.6900000000005 8785.5825000000023 8095.9325000000008 10631.551250000002 15.500000000000002 8.5000000000000018 3.5000000000000004 28.010625000000008 11184.732500000002 9229.9662500000031 9.5000000000000018 12194.766250000002 12906.085000000001
decision_type=2 2 2 2 2 2 2 2 2 2 2 2 2 2 2 2 2 2 2 2 2 2 2 2 2 2 2 2 2 2
left_child=1 2 5 4 -4 7 -7 9 -8 10 11 12 13 14 15 17 -16 18 -1 -19 21 -15 23 24 -12 -14 -21 -20 -25 -11
right_child=-2 -3 3 -5 -6 6 8 -9 -10 29 22 -13 25 20 16 -17 -18 19 27 26 -22 -23 -24 28 -26 -27 -28 -29 -30 -31
leaf_value=0.089548313990541473 1.5496911039073913 -0.61917117385330045 5.4165430933376344 -5.0604444118646477 1.3339715122920763 -9.9421543509729453 -2.9411755137255629 1.377808137910141 -0.30879102009542497 -2.1002845458199872 1.4484132390965101 -1.1127842051865213 2.8126454978247049 -1.6112244846135657 7.3375665999473414 -0.76595315801916319 0.71084006348290196 5.3086500557263694 -0.41473823052313669 1.0872016321691447 -0.44418184474586608 -6.4714568712588019 -0.71892524703528538 4.9204794222084942 -1.2326958669044756 0.77098508141580213 0.10175536250214411 -1.8917801228615767 2.0967111497490971 -0.34805053779499906
leaf_weight=14621 397 2951 107 39 699 31 203 1430 1945 425 541 1381 319 535 47 3935 4094 60 5768 1922 2250 58 258 189 220 1313 2311 480 333 1179
leaf_count=14621 397 2951 107 39 699 31 203 1430 1945 425 541 1381 319 535 47 3935 4094 60 5768 1922 2250 58 258 189 220 1313 2311 480 333 1179
internal_value=0.0049674 -0.00738566 0.0312792 1.55581 1.87595 0.00318142 -0.69108 0.0378238 -0.557569 -0.00754137 0.0242262 -0.0248288 0.0150106 -0.037234 0.0268764 -0.0811674 0.786053 0.025924 -0.0954036 0.615718 -0.78676 -2.08659 1.26872 1.66841 0.673323 1.17006 0.549199 -0.528211 3.11911 -0.812327
internal_weight=50041 49644 46693 845 806 45848 2179 43669 2148 42239 40635 39094 37713 36081 33238 29097 4141 25162 20869 4293 2843 593 1541 1283 761 1632 4233 6248 522 1604
internal_count=50041 49644 46693 845 806 45848 2179 43669 2148 42239 40635 39094 37713 36081 33238 29097 4141 25162 20869 4293 2843 593 1541 1283 761 1632 4233 6248 522 1604
is_linear=0
shrinkage=0.05


Tree=174
num_leaves=31
num_cat=0
split_feature=4 1 4 4 4 4 6 3 0 4 4 3 6 6 1 6 3 0 7 1 4 4 6 7 7 0 1 0 7 7
split_gain=367366 662072 522774 617078 439889 489907 466107 383539 372211 451938 546536 593600 582291 589660 364807 499685 311326 303933 288999 288769 298624 362219 340849 326612 286518 469721 387857 282644 281283 269811
threshold=7.5000000000000009 6.5000000000000009 1.5000000000000002 2.5000000000000004 5.5000000000000009 6.5000000000000009 8058.857500000001 1.0000000180025095e-35 29.366875000000004 17.500000000000004 16.500000000000004 1.0000000180025095e-35 7917.1600000000008 10599.892500000002 7.5000000000000009 10162.300000000001 1.0000000180025095e-35 23.941875000000007 8060.7225000000008 3.5000000000000004 15.500000000000002 14.500000000000002 10599.892500000002 14844.657500000003 15709.533750000001 33.623750000000008 2.5000000000000004 26.624375000000008 15887.485000000002 9508.6100000000024
decision_type=2 2 2 2 2 2 2 2 2 2 2 2 2 2 2 2 2 2 2 2 2 2 2 2 2 2 2 2 2 2
left_child=1 -1 -3 -4 6 7 18 17 9 10 27 14 -13 -14 15 -12 19 -6 -5 20 21 23 -22 -10 26 -26 -24 -2 -18 -15
right_child=8 2 3 4 5 -7 -8 -9 16 -11 11 12 13 29 -16 -17 28 -19 -20 -21 22 -23 24 -25 25 -27 -28 -29 -30 -31
leaf_value=-0.091337395498208421 -0.6861039472205005 -0.17224083225321293 1.943886411990716 1.9343311263853686 1.8130828406012964 0.32361573253069537 -0.28008098632064671 0.36943781471101822 0.95528879383412324 0.01023149850694543 -3.6335200338803157 3.0267553697313581 -5.0020015703814646 -4.6625675392150887 0.14288418981920803 0.056263284620485812 -0.30831738310770346 4.045262576735996 0.14065369390904622 0.46960139127131528 0.40205806125075583 1.7437385995667309 -0.8637285186224759 -0.60423323440214827 7.7571845364570624 -1.1907800144498999 -3.7585328672225908 -0.10650443338325687 3.8561292686113497 1.4628417220897973
leaf_weight=9117 3346 1922 951 480 445 929 1944 277 492 10394 198 35 248 25 507 171 3678 232 422 6229 310 318 264 1057 20 55 206 5664 41 64
leaf_count=9117 3346 1922 951 480 445 929 1944 277 492 10394 198 35 248 25 507 171 3678 232 422 6229 310 318 264 1057 20 55 206 5664 41 64
internal_value=0.00471903 0.195976 0.540548 0.781741 0.548034 1.14089 0.155783 1.93675 -0.0912423 -0.222132 -0.457577 -1.4382 -3.11157 -3.74908 -0.727596 -1.92362 0.122107 2.57802 1.09516 0.281867 -0.147743 0.206661 -0.92163 -0.108891 -1.67455 1.19534 -2.13252 -0.321747 -0.262407 -0.257779
internal_weight=50041 16719 7602 5680 4729 1883 2846 954 33322 20652 10258 1248 372 337 876 369 12670 677 902 8951 2722 1867 855 1549 545 75 470 9010 3719 89
internal_count=50041 16719 7602 5680 4729 1883 2846 954 33322 20652 10258 1248 372 337 876 369 12670 677 902 8951 2722 1867 855 1549 545 75 470 9010 3719 89
is_linear=0
shrinkage=0.05


Tree=175
num_leaves=31
num_cat=0
split_feature=8 6 6 8 8 6 8 8 6 6 8 6 8 6 8 6 6 7 8 6 8 6 7 6 8 6 6 4 4 6
split_gain=370967 809916 690255 527572 522823 537560 514171 471602 748473 639665 489978 921598 588005 785351 570760 916760 714766 562426 503632 541663 607350 562320 472509 456232 448351 425959 423933 400560 418037 389414
threshold=7733.2925000000005 8038.1137500000013 7293.3300000000008 9190.5612500000025 8445.1737500000017 8592.5562500000015 6464.4537500000015 9474.6565000000028 9476.8200000000015 9250.2250000000004 10373.172500000002 10599.892500000002 11407.567500000001 11492.810000000003 12739.3575 13039.108750000001 12748.266250000002 9995.2300000000014 13398.315000000002 14102.270000000002 15417.848750000003 15970.238750000002 14929.817500000003 9017.4675000000007 12676.840000000002 10407.072500000002 6890.3150000000005 16.500000000000004 18.500000000000004 6621.9212500000003
decision_type=2 2 2 2 2 2 2 2 2 2 2 2 2 2 2 2 2 2 2 2 2 2 2 2 2 2 2 2 2 2
left_child=2 3 6 26 25 27 -1 9 -9 -7 17 -12 -13 24 16 -16 -15 -10 -17 -20 21 -21 -22 -4 -14 -3 -2 -6 -29 -8
right_child=1 4 23 -5 5 7 29 8 10 -11 11 12 13 14 15 18 -18 -19 19 20 22 -23 -24 -25 -26 -27 -28 28 -30 -31
leaf_value=-0.99940375319674879 6.1921096321514675 -0.48992262380754598 -0.84449017594792419 5.4129804791974241 1.5395052528658404 0.0066598068768556132 1.6141828421555138 1.0891914401812117 0.091790899066904033 -0.93280036997652849 1.1226394966125592 -0.57706347430472016 1.1979004690900257 -0.13345625145728543 1.4112543577960539 -0.99316488376171075 -1.9359165471505582 -1.013375370716316 0.86789572560206052 -0.36728076949571914 2.4437655109344729 -4.1535681523899042 0.29211460219090379 -5.2515475050608318 5.9932214194945264 -6.4687484073638917 0.65917539133134084 -1.1578598512298599 0.74955589247633547 0.13489592992771693
leaf_weight=778 35 4263 2765 61 995 4877 575 1787 2416 2883 2119 3351 1102 2477 1421 1037 707 2199 2082 3370 302 101 1645 60 51 30 3188 392 1075 1966
leaf_count=778 35 4263 2765 61 995 4877 575 1787 2416 2883 2119 3351 1102 2477 1421 1037 707 2199 2082 3370 302 101 1645 60 51 30 3188 392 1075 1966
internal_value=0.000269086 0.0511251 -0.363653 0.806445 -0.00984708 0.051719 0.125286 -4.99826e-05 0.101467 -0.342369 0.029069 0.137382 0.0190681 0.158812 0.0490393 0.235362 -0.533688 -0.434809 0.0396329 0.182434 -0.080971 -0.477455 0.625858 -0.938091 1.41001 -0.531703 0.71926 0.765109 0.239872 0.469642
internal_weight=50110 43966 6144 3284 40682 36389 3319 33927 26167 7760 24380 19765 17646 14295 13142 9958 3184 4615 8537 7500 5418 3471 1947 2825 1153 4293 3223 2462 1467 2541
internal_count=50110 43966 6144 3284 40682 36389 3319 33927 26167 7760 24380 19765 17646 14295 13142 9958 3184 4615 8537 7500 5418 3471 1947 2825 1153 4293 3223 2462 1467 2541
is_linear=0
shrinkage=0.05


Tree=176
num_leaves=31
num_cat=0
split_feature=8 6 6 8 8 8 8 6 8 8 6 0 6 8 6 8 6 8 6 6 8 4 8 6 6 8 6 8 6 6
split_gain=346262 767760 467591 556884 423800 399222 391332 641134 583034 498775 493776 452530 417459 753693 564461 608579 727347 530674 720844 482054 479661 431336 394627 949196 758772 456417 549492 645342 388615 369393
threshold=6818.9700000000012 6890.3150000000005 6180.5912500000004 6180.5912500000004 5948.7587500000009 7677.1875000000009 7733.2925000000005 8134.5937500000009 8445.1737500000017 9212.2062500000011 9017.4675000000007 23.505625000000006 8981.4937500000015 9629.0500000000011 9809.8516500000023 10373.172500000002 10599.892500000002 11407.567500000001 11219.600000000002 12973.690000000001 9108.7675000000017 20.500000000000004 12739.3575 13039.108750000001 12748.266250000002 13458.635000000002 14199.525000000001 14150.711250000002 11492.810000000003 10407.072500000002
decision_type=2 2 2 2 2 2 2 2 2 2 2 2 2 2 2 2 2 2 2 2 2 2 2 2 2 2 2 2 2 2
left_child=2 5 3 -1 -4 -2 10 9 29 -8 11 -3 20 19 -15 -16 -17 28 -19 21 -10 -14 24 -24 -20 -25 -27 -28 -18 -9
right_child=1 6 4 -5 -6 -7 7 8 12 -11 -12 -13 13 14 15 16 17 18 22 -21 -22 -23 23 25 -26 26 27 -29 -30 -31
leaf_value=-0.55833859593831292 1.4010702875039989 0.29346761630700297 -6.7121452808380129 3.3404369739946769 -0.97774323348532644 6.4395279012975237 0.56682763715652473 -0.57410658066702536 0.16480891237645304 4.7373445135477468 -4.9889701374371853 -0.85102876860355847 -0.71001961875166641 0.8401415534945974 -0.64651787936867233 1.051657283198308 -0.24271913232241393 1.8240229908776069 -0.017254144269557663 -6.5646028489777537 1.221600152410705 0.39545947146147487 1.4200877747783682 -0.87031078274235885 -1.8391207227085571 0.83151402495473237 -1.8408590388538177 0.078703797105056872 -1.4972545709691523 -6.1453109709421803
leaf_weight=258 615 1393 33 142 1363 42 3998 3614 4074 73 60 2273 4744 2288 3005 1884 2535 616 2982 33 1458 1084 1453 1191 707 2270 484 4592 816 30
leaf_count=258 615 1393 33 142 1363 42 3998 3614 4074 73 60 2273 4744 2288 3005 1884 2535 616 2982 33 1458 1084 1453 1191 707 2270 484 4592 816 30
internal_value=0.000255632 0.0255968 -0.681444 0.825727 -1.1133 1.72316 0.00219413 0.043921 -0.0171227 0.641612 -0.489782 -0.416145 0.0435352 -0.0285444 0.0918677 0.0158947 0.117817 0.0181147 0.150871 -0.538524 0.443334 -0.504402 0.075525 0.23872 -0.366416 0.0376513 0.184858 -0.104328 -0.54821 -0.619973
internal_weight=50110 48314 1796 400 1396 657 47657 43931 39860 4071 3726 3666 36216 30684 24823 22535 19530 17646 14295 5861 5532 5828 13679 9990 3689 8537 7346 5076 3351 3644
internal_count=50110 48314 1796 400 1396 657 47657 43931 39860 4071 3726 3666 36216 30684 24823 22535 19530 17646 14295 5861 5532 5828 13679 9990 3689 8537 7346 5076 3351 3644
is_linear=0
shrinkage=0.05


Tree=177
num_leaves=31
num_cat=0
split_feature=8 7 8 8 6 6 6 5 1 8 7 8 6 8 6 6 8 8 6 1 1 1 1 6 8 8 6 8 6 7
split_gain=335740 470429 648793 354095 1.33539e+06 1.05615e+06 443350 414436 502292 510730 455469 400155 657548 394490 889979 720024 454300 398058 552570 392752 637890 393667 358311 370760 761872 357706 328906 322928 314658 308446
threshold=15970.238750000002 14929.817500000003 15095.071250000003 10875.905000000002 10840.178750000001 11035.775000000003 13997.853750000004 1.0000000180025095e-35 3.5000000000000004 8778.3912500000024 8709.9500000000025 9932.7700000000023 9961.751250000003 12676.840000000002 12748.266250000002 12194.766250000002 11947.117500000002 13222.700000000003 14055.557500000001 8.5000000000000018 3.5000000000000004 1.5000000000000002 9.5000000000000018 8813.1425000000017 8556.4725000000017 9169.0612500000007 13464.677500000003 8887.9125000000022 9835.6775000000016 10728.437500000002
decision_type=2 2 2 2 2 2 2 2 2 2 2 2 2 2 2 2 2 2 2 2 2 2 2 2 2 2 2 2 2 2
left_child=1 2 3 4 7 -5 25 8 -1 28 27 22 -13 15 19 16 -7 26 -19 20 21 -15 23 24 -12 -6 -16 -9 -10 -20
right_child=-2 -3 -4 5 6 13 -8 10 9 -11 11 12 -14 14 17 -17 -18 18 29 -21 -22 -23 -24 -25 -26 -27 -28 -29 -30 -31
leaf_value=-1.3383881697797362 1.1910561171199523 -0.64536441798565192 1.5226339566567193 1.3603750491196944 -5.0087366578004824 -0.22479883850722968 -8.4699762261432152 0.1897275565893797 -0.51867330861978511 0.31929936137176457 -0.36695595044655716 1.4741261339800609 -0.12140661782365306 2.9149720942820698 -0.3117248748522834 -1.1821456337989178 1.1194309611954323 0.78260325082760396 -2.2404547496532139 -0.34546863143838458 3.6834797839468609 -0.45722208651674895 -1.3577057371733137 -0.47004152308896852 1.2500984335292993 -1.2910333313338314 -2.3587673175564183 0.89266455862936012 -6.1464822041988372 -0.13194686152852064
leaf_weight=1074 585 2783 711 1758 68 2437 23 9599 3810 2955 2002 928 2123 136 800 1562 847 2412 190 184 377 238 734 5050 1145 1334 260 1969 25 1991
leaf_count=1074 585 2783 711 1758 68 2437 23 9599 3810 2955 2002 928 2123 136 800 1562 847 2412 190 184 377 238 734 5050 1145 1334 260 1969 25 1991
internal_value=0.00024285 -0.0138233 0.0237784 0.000626921 -0.0872683 0.219425 -1.58431 -0.0193596 -0.333635 -0.17471 0.0855858 -0.130471 0.363895 0.0440023 0.295888 -0.298429 0.121901 0.0595413 0.261103 1.72484 2.23208 0.76903 -0.299356 -0.204586 0.221391 -1.47135 -0.81383 0.309375 -0.55536 -0.315632
internal_weight=50110 49525 46742 46031 32839 13192 1425 31414 7864 6790 23550 11982 3051 11434 6588 4846 3284 5653 4593 935 751 374 8931 8197 3147 1402 1060 11568 3835 2181
internal_count=50110 49525 46742 46031 32839 13192 1425 31414 7864 6790 23550 11982 3051 11434 6588 4846 3284 5653 4593 935 751 374 8931 8197 3147 1402 1060 11568 3835 2181
is_linear=0
shrinkage=0.05


Tree=178
num_leaves=31
num_cat=0
split_feature=8 7 1 1 3 8 8 7 8 8 7 8 1 0 5 8 1 1 0 8 7 8 0 5 1 8 7 7 0 8
split_gain=318244 498074 453461 368634 362019 488892 306057 417956 611330 298692 276370 569456 299503 314764 275534 300873 270132 255329 251070 268184 269176 267838 243504 231210 204694 200660 199076 338191 193192 180550
threshold=7007.6750000000002 7251.2800000000016 7.5000000000000009 10.500000000000002 1.0000000180025095e-35 5948.7587500000009 15970.238750000002 14929.817500000003 14197.517500000002 15708.635000000002 8801.5025000000005 8907.4562500000011 8.5000000000000018 26.810000000000006 1.0000000180025095e-35 11730.305000000002 8.5000000000000018 7.5000000000000009 33.445625000000014 12739.3575 10728.437500000002 10373.172500000002 20.743125000000003 1.0000000180025095e-35 3.5000000000000004 15158.182500000001 9692.6225000000013 8932.0187500000011 24.871875000000006 6464.4537500000015
decision_type=2 2 2 2 2 2 2 2 2 2 2 2 2 2 2 2 2 2 2 2 2 2 2 2 2 2 2 2 2 2
left_child=3 2 22 29 -5 -6 7 8 10 -9 14 12 28 -14 -3 -16 23 -8 -13 20 -20 -22 -2 25 -21 -10 27 -25 -12 -1
right_child=1 6 -4 4 5 -7 17 9 16 -11 11 18 13 -15 15 -17 -18 -19 19 24 21 -23 -24 26 -26 -27 -28 -29 -30 -31
leaf_value=-2.1936219425504264 3.3512253144513005 -0.23846378194593362 1.4040645768672781 0.75525961954484599 -5.4085343377632009 -0.39834358838057804 0.92993953671894225 -0.86521067320245015 0.9272605038977958 0.45117689932348803 0.19156762650199236 -0.070490166702984886 -0.85286409853531164 -2.7307233644484663 0.26560471733734697 2.7851555317143601 2.2264925753210396 6.5449305670601987 1.0585423327025525 -1.32834769821167 -1.5218196481466295 0.30252251895571586 -0.40643790960745696 2.6108155250549316 3.7152275141039235 3.104149291412436 0.43989882607430381 -3.3530223039318536 -0.64611986938832788 -0.80612812157578517
leaf_weight=309 46 3207 1215 733 57 334 564 2250 444 533 1000 20572 926 294 9409 120 279 21 801 25 268 807 687 33 103 139 1669 85 2208 972
leaf_count=309 46 3207 1215 733 57 334 564 2250 444 533 1000 20572 926 294 9409 120 279 21 801 25 268 807 687 33 103 139 1669 85 2208 972
internal_value=0.000230707 0.0285227 0.811536 -0.560962 0.0998862 -1.12873 -0.00481233 -0.0195282 0.0194418 -0.613096 -0.0295821 -0.120135 -0.638584 -1.3054 0.162417 0.297334 0.754894 1.1315 -0.0184481 0.515789 0.364702 -0.15229 -0.170623 0.581655 2.73015 1.44628 0.299575 -1.68517 -0.384995 -1.14082
internal_weight=50110 47705 1948 2405 1124 391 45757 45172 42389 2783 39740 27004 4428 1220 12736 9529 2649 585 22576 2004 1876 1075 733 2370 128 583 1787 118 3208 1281
internal_count=50110 47705 1948 2405 1124 391 45757 45172 42389 2783 39740 27004 4428 1220 12736 9529 2649 585 22576 2004 1876 1075 733 2370 128 583 1787 118 3208 1281
is_linear=0
shrinkage=0.05


Tree=179
num_leaves=31
num_cat=0
split_feature=4 4 1 4 1 5 4 4 1 6 6 0 6 1 6 4 6 6 4 4 4 5 5 1 5 4 6 6 3 1
split_gain=325033 584979 404709 450713 504837 503213 1.42271e+06 885882 669122 586892 455430 362613 343039 316265 490168 626568 443293 328397 314551 620875 369638 1.15451e+06 1.14996e+06 626512 334701 465518 294470 270766 269834 246541
threshold=7.5000000000000009 4.5000000000000009 6.5000000000000009 1.5000000000000002 3.5000000000000004 1.0000000180025095e-35 1.0000000180025095e-35 1.0000000180025095e-35 1.5000000000000002 9883.3705500000015 10507.207500000002 26.229375000000008 8944.215000000002 11.500000000000002 7450.6750000000002 15.500000000000002 9659.246250000002 10915.581250000001 3.5000000000000004 1.5000000000000002 2.5000000000000004 1.0000000180025095e-35 1.0000000180025095e-35 10.500000000000002 1.0000000180025095e-35 1.0000000180025095e-35 7293.3300000000008 10013.885000000002 1.0000000180025095e-35 7.5000000000000009
decision_type=2 2 2 2 2 2 2 2 2 2 2 2 2 2 2 2 2 2 2 2 2 2 2 2 2 2 2 2 2 2
left_child=1 2 3 4 5 7 8 9 -7 -1 -10 28 -13 -2 -15 17 -17 -16 19 24 21 -21 -22 -24 25 -4 -20 -9 -3 -23
right_child=13 11 18 -5 -6 6 -8 27 10 -11 -12 12 -14 14 15 16 -18 -19 26 20 22 29 23 -25 -26 -27 -28 -29 -30 -31
leaf_value=3.5602404747690475 -0.055373533715255108 0.95708933871353674 -2.8538831477155209 -0.69467134962794885 -0.51462078064525152 -0.46251843886054833 -1.6716597171677721 0.8299002875452457 8.3472603950094673 -3.0267478678732704 2.947828265237602 0.72596126146646534 -1.0937497786404389 0.78984634873105863 1.7907917127399533 -1.895367389233789 -5.6652651630129141 -0.91436277516242337 1.3707801537224527 -1.2211156245936519 3.5179986921255479 1.0684720066388449 -1.246021541054448 2.4446814071256799 0.24263060287557328 0.27010803591444404 -0.9313666793037183 6.7952062811634768 0.15393392885035695 3.3566615959843946
leaf_weight=63 31856 3758 238 3427 1154 132 420 23 47 73 231 466 583 379 135 303 105 664 169 230 232 150 587 143 1417 239 780 110 1449 547
leaf_count=63 31856 3758 238 3427 1154 132 420 23 47 73 231 466 583 379 135 303 105 664 169 230 232 150 587 143 1417 239 780 110 1449 547
internal_value=0.000219171 0.180594 -0.0490102 -0.333537 0.215779 0.982732 0.373639 2.86209 2.46882 0.0245776 3.86068 0.562729 -0.285375 -0.0896823 -0.7788 -1.27136 -2.86556 -0.457297 0.292518 0.496695 1.13809 1.8506 0.451508 -0.523048 -0.14301 -1.28861 -0.521395 5.76361 0.733588 2.86422
internal_weight=50110 16668 10412 5680 2253 1099 830 269 410 136 278 6256 1049 33442 1586 1207 408 799 4732 3783 1889 927 962 730 1894 477 949 133 5207 697
internal_count=50110 16668 10412 5680 2253 1099 830 269 410 136 278 6256 1049 33442 1586 1207 408 799 4732 3783 1889 927 962 730 1894 477 949 133 5207 697
is_linear=0
shrinkage=0.05


Tree=180
num_leaves=31
num_cat=0
split_feature=4 4 5 5 4 4 1 1 1 1 6 4 1 5 6 1 7 1 1 4 0 6 1 6 1 1 4 4 1 4
split_gain=252714 776740 4.77742e+06 1.11179e+06 4.20172e+06 1.39515e+06 1.05915e+06 930997 705765 711963 683517 876099 1.78024e+06 897165 766134 736960 626580 588961 574998 834524 522355 499270 510043 491328 507698 504984 464908 506809 448440 763626
threshold=15.500000000000002 17.500000000000004 1.0000000180025095e-35 1.0000000180025095e-35 18.500000000000004 18.500000000000004 8.5000000000000018 2.5000000000000004 9.5000000000000018 7.5000000000000009 8482.0187500000011 16.500000000000004 7.5000000000000009 37.500000000000007 14425.477500000003 7.5000000000000009 11942.980000000001 7.5000000000000009 9.5000000000000018 16.500000000000004 34.641250000000007 12860.691250000002 3.5000000000000004 7957.6400000000003 5.5000000000000009 7.5000000000000009 13.500000000000002 12.500000000000002 3.5000000000000004 19.500000000000004
decision_type=2 2 2 2 2 2 2 2 2 2 2 2 2 2 2 2 2 2 2 2 2 2 2 2 2 2 2 2 2 2
left_child=26 2 18 4 6 7 23 -5 9 -9 -4 12 14 15 20 -13 -14 -7 21 -20 -12 22 -2 -3 -25 -26 27 -1 -6 -30
right_child=1 3 10 5 28 17 -8 8 -10 -11 11 13 16 -15 -16 -17 -18 -19 19 -21 -22 -23 -24 24 25 -27 -28 -29 29 -31
leaf_value=0.071954958908309427 8.3124450316795926 -1.6780511527107311 0.20486860118880135 -0.94205333226379728 -1.0308106178332652 0.3673334180505895 -1.1223248587335861 2.0012888263916255 -0.024694777702662485 4.9132901862126168 1.735076479295329 -3.0405793045258882 -4.5722648134135637 -4.9024765196864131 -2.3019367617925979 0.058923700632149634 -0.31558917446860246 -0.53947791929041855 3.1747695601567991 -3.8360003425993705 -1.3655636426672095 1.0575344277236423 3.1174793575095947 -5.4715056593062075 -12.061739586172877 -5.2485342979431158 0.5747870575958397 -0.73633616927979084 2.4253104167839559 -0.058014042782127288
leaf_weight=27065 52 52 404 277 700 5031 140 710 268 298 527 604 379 403 246 281 112 2780 82 88 183 295 517 217 74 43 4233 2089 389 1516
leaf_count=27065 52 52 404 277 700 5031 140 710 268 298 527 604 379 403 246 281 112 2780 82 88 183 295 517 217 74 43 4233 2089 389 1516
internal_value=0.00575223 -0.153252 -0.743874 0.0440005 -0.771647 0.316725 -4.84783 1.68545 2.25584 2.86218 -1.71485 -1.99842 -1.15413 -2.94693 0.102731 -2.05644 -3.60129 0.0445917 2.20379 -0.454335 0.935897 2.7268 3.59224 -6.19904 -6.90291 -9.55774 0.0851328 0.0140377 0.0514123 0.44908
internal_weight=50055 16668 4173 12495 3131 9364 526 1553 1276 1008 3139 2735 1447 1288 956 885 491 7811 1034 170 710 864 569 386 334 117 33387 29154 2605 1905
internal_count=50055 16668 4173 12495 3131 9364 526 1553 1276 1008 3139 2735 1447 1288 956 885 491 7811 1034 170 710 864 569 386 334 117 33387 29154 2605 1905
is_linear=0
shrinkage=0.05


Tree=181
num_leaves=31
num_cat=0
split_feature=8 6 6 8 7 8 6 8 6 8 6 8 6 5 4 1 4 4 4 4 4 6 4 4 4 6 4 4 4 4
split_gain=357630 843298 633042 458150 326448 426914 411086 394205 690593 466161 753628 694751 665471 502280 1.2331e+06 1.03235e+06 960148 1.08296e+06 906120 884721 2.30741e+06 798970 723655 692387 678627 727274 636027 1.37312e+06 744816 682178
threshold=7007.6750000000002 6890.3150000000005 6890.3150000000005 7677.1875000000009 7251.2800000000016 7519.576250000001 7678.255000000001 8445.1737500000017 8592.5562500000015 9834.5875000000015 10374.735000000002 10711.386250000001 9809.8516500000023 1.0000000180025095e-35 15.500000000000002 9.5000000000000018 16.500000000000004 2.5000000000000004 17.500000000000004 6.5000000000000009 8.5000000000000018 12860.691250000002 17.500000000000004 13.500000000000002 16.500000000000004 13300.582500000002 6.5000000000000009 4.5000000000000009 1.0000000180025095e-35 8.5000000000000018
decision_type=2 2 2 2 2 2 2 2 2 2 2 2 2 2 2 2 2 2 2 2 2 2 2 2 2 2 2 2 2 2
left_child=2 3 -1 -2 -3 -6 -7 -8 -9 12 -11 -12 -10 16 23 22 17 -13 21 -19 -21 -18 24 26 25 -16 27 28 -15 -28
right_child=1 4 -4 -5 5 6 7 8 9 10 11 13 -14 14 15 -17 18 19 -20 20 -22 -23 -24 -25 -26 -27 29 -29 -30 -31
leaf_value=-0.034708217052049954 1.8181527792198073 0.67515318456845697 -1.7844026626965057 7.7457085334592399 -0.83952553087349657 0.82784944649011194 -0.37564571533838303 0.8255103657443299 -0.11087815162831285 0.73760483353390649 -0.85346259273679714 3.8054894161114499 -1.1980725365104941 2.6435988816878071 1.1541192231117747 -6.9125351219642459 7.3936207844039146 -1.5903676212282485 -5.1850896482114441 3.2131196856971771 -0.17201996449514956 1.575144463496567 6.4192541430073407 0.98871412605414377 -2.7721450975575315 -1.8922434919886293 -1.1049593256077219 1.8788222091074727 -0.72914104291946913 -0.0021569936729870999
leaf_weight=1621 345 1809 759 36 1499 1515 6291 2680 8573 4023 2189 217 1684 184 384 82 118 598 27 630 2505 118 31 1867 490 400 1992 1168 1483 4737
leaf_count=1621 345 1809 759 36 1499 1515 6291 2680 8573 4023 2189 217 1684 184 384 82 118 598 27 630 2505 118 31 1867 490 400 1992 1168 1483 4737
internal_value=0.00546462 0.0353257 -0.592699 2.37824 0.0164513 -0.00974619 0.0185319 -0.0103376 0.0531824 -0.00860385 0.115299 -0.0149584 -0.289374 0.0928148 -0.0628565 -1.47073 0.566443 0.371673 3.4917 0.172064 0.508247 4.48438 -1.12879 0.10797 -1.31245 -0.400147 -0.0639613 0.564222 -0.356865 -0.328622
internal_weight=50055 47675 2380 381 47294 45485 43986 42471 36180 33500 23243 19220 10257 17031 12818 1387 4213 3950 263 3733 3135 236 1305 11431 1274 784 9564 2835 1667 6729
internal_count=50055 47675 2380 381 47294 45485 43986 42471 36180 33500 23243 19220 10257 17031 12818 1387 4213 3950 263 3733 3135 236 1305 11431 1274 784 9564 2835 1667 6729
is_linear=0
shrinkage=0.05


Tree=182
num_leaves=31
num_cat=0
split_feature=7 4 1 7 4 4 4 5 5 4 4 1 1 1 4 1 1 5 6 1 3 7 1 4 4 5 4 7 4 1
split_gain=224350 209774 720445 508628 420786 415065 376719 4.14982e+06 879064 3.48949e+06 1.41725e+06 1.25141e+06 918940 753346 671851 1.98537e+06 893823 659478 646441 584031 510768 483009 434370 702779 495240 376044 632249 446514 372916 1.03407e+06
threshold=7296.5412500000011 15.500000000000002 11.500000000000002 9846.5800000000017 13.500000000000002 12.500000000000002 17.500000000000004 1.0000000180025095e-35 1.0000000180025095e-35 18.500000000000004 18.500000000000004 8.5000000000000018 1.5000000000000002 7.5000000000000009 16.500000000000004 8.5000000000000018 7.5000000000000009 37.500000000000007 14425.477500000003 5.5000000000000009 1.0000000180025095e-35 13812.147500000001 3.5000000000000004 19.500000000000004 21.500000000000004 1.0000000180025095e-35 14.500000000000002 16182.750000000002 20.500000000000004 3.5000000000000004
decision_type=2 2 2 2 2 2 2 2 2 2 2 2 2 2 2 2 2 2 2 2 2 2 2 2 2 2 2 2 2 2
left_child=-1 4 6 -4 5 -2 7 -3 9 11 12 20 -10 28 16 17 18 21 -9 -19 -8 -16 24 -24 -11 26 -6 -27 -12 -30
right_child=1 2 3 -5 25 -7 8 14 10 22 13 -13 -14 -15 15 -17 -18 19 -20 -21 -22 -23 23 -25 -26 27 -28 -29 29 -31
leaf_value=0.38826194082622051 0.034707207335685782 2.2932307440190822 -1.3841472818523197 -5.8720391769409188 -1.5717680868216037 -0.69976367400740269 -4.7699783235961926 0.85624253553387375 -2.2219003996142637 -2.089651770759374 -0.20628657007339016 0.077110947433270904 2.1079205678837623 -0.86207574606560622 -2.1027454124651643 1.2207948401661739 -2.4707893370439304 -3.3942223284943185 -2.0926500269673705 -7.4184304865923796 -8.8611799140771232 -8.9124946536841225 2.4658582525261465 -0.024612961022161213 0.72665510135411759 0.73087725517751778 0.88667995996344739 7.0730540113789706 1.8196147232286444 -0.1144734659275192
leaf_weight=3551 24844 977 399 75 508 2085 279 760 135 400 1982 114 1328 1868 732 326 489 244 246 143 105 27 365 1265 256 3137 539 28 1180 1668
leaf_count=3551 24844 977 399 75 508 2085 279 760 135 400 1982 114 1328 1868 732 326 489 244 246 143 105 27 365 1265 256 3137 539 28 1180 1668
internal_value=0.00519139 -0.0240595 -0.175252 -2.09426 0.0505292 -0.0221598 -0.114159 -0.533132 0.0368165 -0.730385 0.298535 -4.52301 1.70838 -0.00940786 -1.46382 -2.22207 -0.717233 -3.20146 0.135142 -4.8812 -5.88867 -2.34499 0.0958293 0.533069 -0.990605 0.515259 -0.306149 0.786985 0.320361 0.686869
internal_weight=50055 46504 15363 474 31141 26929 14889 3944 10945 2784 8161 498 1463 6698 2967 1472 1495 1146 1006 387 384 759 2286 1630 656 4212 1047 3165 4830 2848
internal_count=50055 46504 15363 474 31141 26929 14889 3944 10945 2784 8161 498 1463 6698 2967 1472 1495 1146 1006 387 384 759 2286 1630 656 4212 1047 3165 4830 2848
is_linear=0
shrinkage=0.05


Tree=183
num_leaves=31
num_cat=0
split_feature=6 7 0 7 7 7 6 6 6 7 6 6 6 6 7 5 7 1 7 7 6 6 1 7 6 3 7 7 0 7
split_gain=221553 1.31129e+06 271246 257867 255698 328995 328602 299116 233688 240316 207957 192937 266276 404382 194465 192635 189899 201225 180470 301575 176834 139007 134003 148311 158447 136023 195926 135780 132626 273378
threshold=14566.588750000001 16182.750000000002 31.261875000000007 7296.5412500000011 12543.700000000003 15797.895000000002 9933.8150000000005 14151.468750000002 16180.853750000002 15797.895000000002 12917.845000000003 11492.810000000003 9985.8487500000028 10915.581250000001 13331.522500000001 1.0000000180025095e-35 15095.360000000002 7.5000000000000009 8653.996250000002 9562.4225000000024 11637.321250000003 9883.3705500000015 5.5000000000000009 9078.782500000003 11836.735000000002 1.0000000180025095e-35 11436.682500000001 11049.963750000001 17.773750000000003 11127.573750000001
decision_type=2 2 2 2 2 2 2 2 2 2 2 2 2 2 2 2 2 2 2 2 2 2 2 2 2 2 2 2 2 2
left_child=1 2 3 15 6 11 -4 -7 9 18 22 12 -6 -14 -13 21 28 -18 -2 -20 -19 -1 23 -8 25 -25 27 -27 29 -5
right_child=8 -3 4 16 5 7 10 -9 -10 -11 -12 14 13 -15 -16 -17 17 20 19 -21 -22 -23 -24 24 -26 26 -28 -29 -30 -31
leaf_value=-0.34475668565934126 3.9896581935882569 10.853548955917359 0.49820195361570629 0.23546101479007611 -2.0420509065900529 0.37371275760233402 -4.5094333970028426 -7.1998529954390094 1.3135264757725569 -1.2395402861448626 -3.4169881405613638 -0.77165926285088071 10.336283509504227 2.5970321943593579 1.3517623333595368 0.60861839134375062 -0.014753740509463984 -0.62920909684437976 -3.5691161937573379 -0.20309960529382584 -3.8196353857614556 3.6800852862271398 0.62541167210517257 0.046641488528299718 -2.7076891930952467 -1.3960616222600786 0.69001121141988309 -4.5158877762158713 -0.052209664366244107 3.8948176115751267
leaf_weight=862 25 28 3064 252 21 32 23 22 202 744 55 128 21 86 684 2629 176 78 68 3106 98 22 317 775 73 155 92 45 36108 64
leaf_count=862 25 28 3064 252 21 32 23 22 202 744 55 128 21 86 684 2629 176 78 68 3106 98 22 317 775 73 155 92 45 36108 64
internal_value=0.00493182 0.0365396 0.0299384 -0.0153576 0.356227 1.08342 0.199056 -2.71181 -0.345156 -0.43013 -0.398067 1.30144 3.10565 4.11595 1.01704 0.39392 -0.0544535 -1.21023 -0.241884 -0.275213 -2.4057 -0.244591 -0.285878 -0.534269 -0.454068 -0.299884 -1.2196 -2.09802 -0.0432842 0.976597
internal_weight=50055 45910 45882 40289 5593 994 4599 54 4145 3943 1535 940 128 107 812 3513 36776 352 3199 3174 176 884 1480 1163 1140 1067 292 200 36424 316
internal_count=50055 45910 45882 40289 5593 994 4599 54 4145 3943 1535 940 128 107 812 3513 36776 352 3199 3174 176 884 1480 1163 1140 1067 292 200 36424 316
is_linear=0
shrinkage=0.05


Tree=184
num_leaves=31
num_cat=0
split_feature=8 7 0 1 8 8 7 1 4 5 4 4 4 8 8 1 1 4 4 5 4 5 4 8 1 8 7 8 7 7
split_gain=353166 409224 396405 357107 280057 259872 573810 552700 579515 640950 1.03148e+06 1.02886e+06 766954 601092 569338 469986 396051 829641 347318 363499 345919 633549 446746 419846 389055 509140 444848 375204 726041 599012
threshold=7291.9875000000002 7251.2800000000016 21.926250000000007 7.5000000000000009 6543.7850000000008 10912.768750000001 11244.045000000002 3.5000000000000004 6.5000000000000009 1.0000000180025095e-35 16.500000000000004 8.5000000000000018 8.5000000000000018 15417.848750000003 13930.993750000003 6.5000000000000009 11.500000000000002 15.500000000000002 4.5000000000000009 1.0000000180025095e-35 1.5000000000000002 1.0000000180025095e-35 1.0000000180025095e-35 11880.291250000002 2.5000000000000004 14052.772500000001 13603.623750000001 15350.690000000001 16182.750000000002 14929.817500000003
decision_type=2 2 2 2 2 2 2 2 2 2 2 2 2 2 2 2 2 2 2 2 2 2 2 2 2 2 2 2 2 2
left_child=2 3 -1 -2 -4 6 -3 20 14 10 11 15 13 -11 18 -10 -14 -18 -9 -20 21 23 -23 -7 25 26 -22 28 29 -26
right_child=1 5 4 -5 -6 7 -8 8 9 12 -12 -13 16 -15 -16 -17 17 -19 19 -21 24 22 -24 -25 27 -27 -28 -29 -30 -31
leaf_value=0.38104979632639446 -0.019071588093148812 -0.0045263546723725767 -1.7882669412255874 1.5189209453852439 -0.52581337776597936 1.6537895689619349 -0.76412275538466201 0.28289236144172841 -0.88928162775256414 -1.3321351223232745 6.0450893326561053 0.23226325043436624 0.52817355166729096 5.2353089676962963 9.1049942741394059 4.1693232482071405 -0.3052399996578633 -7.2342823974788191 -0.28922128902974531 2.9908961745234501 -0.10519558352765424 2.5330828594913086 -0.86351159032666203 8.4499014599756759 -0.65978399923264153 0.64910261813150938 -1.9337847463690343 -0.0049612201148772558 5.8504599199907199 -2.7049238296951912
leaf_weight=978 672 25400 562 861 2012 47 2756 368 55 1082 101 1357 3710 36 25 278 432 48 107 401 2366 150 273 44 1294 2271 387 1450 37 495
leaf_count=978 672 25400 562 861 2012 47 2756 368 55 1082 101 1357 3710 36 25 278 432 48 107 401 2366 150 273 44 1294 2271 387 1450 37 495
internal_value=0.00468523 0.0413908 -0.475866 0.844732 -0.801454 0.0140053 -0.0788781 0.169544 0.470443 0.318835 1.13674 0.843398 0.0428628 -1.12066 1.66496 3.33382 0.353321 -0.998144 1.45263 2.30001 -0.103566 1.15515 0.340955 4.93982 -0.181516 0.0949133 -0.362248 -0.605441 -1.08227 -1.22566
internal_weight=50055 46503 3552 1533 2574 44970 28156 16814 8000 7099 1791 1690 5308 1118 901 333 4190 480 876 508 8814 514 423 91 8300 5024 2753 3276 1826 1789
internal_count=50055 46503 3552 1533 2574 44970 28156 16814 8000 7099 1791 1690 5308 1118 901 333 4190 480 876 508 8814 514 423 91 8300 5024 2753 3276 1826 1789
is_linear=0
shrinkage=0.05


Tree=185
num_leaves=31
num_cat=0
split_feature=8 7 8 7 8 4 1 4 8 0 8 7 4 1 8 1 5 4 4 4 4 4 5 8 4 5 4 4 4 4
split_gain=314477 443898 514922 406541 611070 552628 482717 621768 448704 415781 442391 525823 468433 399905 383210 438885 375094 909905 472737 861794 599472 424013 367613 356304 351710 660176 1.2211e+06 731709 740812 685222
threshold=15886.921250000001 14929.817500000003 13398.315000000002 8785.5825000000023 8907.4562500000011 1.0000000180025095e-35 3.5000000000000004 20.500000000000004 9068.8012500000023 30.120625000000008 11218.522500000001 10728.437500000002 14.500000000000002 8.5000000000000018 12332.350000000002 2.5000000000000004 1.0000000180025095e-35 16.500000000000004 8.5000000000000018 6.5000000000000009 16.500000000000004 2.5000000000000004 1.0000000180025095e-35 9728.6112500000017 6.5000000000000009 1.0000000180025095e-35 8.5000000000000018 17.500000000000004 18.500000000000004 14.500000000000002
decision_type=2 2 2 2 2 2 2 2 2 2 2 2 2 2 2 2 2 2 2 2 2 2 2 2 2 2 2 2 2 2
left_child=1 2 3 8 13 14 7 23 -1 24 11 -11 -13 -5 15 -6 18 -18 19 21 -20 -4 -17 -7 -8 26 -26 -27 -29 -28
right_child=-2 -3 16 4 5 6 9 -9 -10 10 -12 12 -14 -15 -16 22 17 -19 20 -21 -22 -23 -24 -25 25 27 29 28 -30 -31
leaf_value=0.055644811244665027 1.0050381741589838 -0.63658431416857264 5.4742973520900264 -0.38088956753264136 2.5211986969327254 -1.8924098087292593 0.40523544327181305 0.80260497059969349 0.77888017583969793 0.63598028129247774 1.4113817726176905 -0.13898259294288071 -2.6749610366168359 -1.4099782879798013 8.027572050548736 -2.7807986395352562 0.42405589124519549 -3.513167031625517 0.2049871158982374 5.1889047717270644 4.6983835081501706 -0.78582372268040979 0.92811007419081992 -0.56124499626587854 2.8997001814530465 -0.72917860587326722 -1.0326249853418037 4.5418287773442465 0.23314119001116718 1.0417541224352513
leaf_weight=14266 784 2628 33 3386 310 583 2560 767 2524 2147 986 745 241 1309 21 92 3588 153 783 184 82 150 244 3649 423 5292 903 123 528 712
leaf_count=14266 784 2628 33 3386 310 583 2560 767 2524 2147 986 745 241 1309 21 92 3588 153 783 184 82 150 244 3649 423 5292 903 123 528 712
internal_value=0.0114917 -0.00427249 0.0312464 -0.0259615 -0.153679 -0.034923 -0.0829452 -0.507233 0.164367 0.0617353 0.487707 0.197013 -0.758831 -0.667807 1.38047 1.16439 0.512227 0.263031 1.26892 2.77258 0.630951 0.343051 -0.0874245 -0.744626 -0.104717 -0.268291 0.508264 -0.53459 1.04723 -0.1181
internal_weight=50196 49412 46784 41811 25021 20326 19659 4999 16790 14660 4119 3133 986 4695 667 646 4973 3741 1232 367 865 183 336 4232 10541 7981 2038 5943 651 1615
internal_count=50196 49412 46784 41811 25021 20326 19659 4999 16790 14660 4119 3133 986 4695 667 646 4973 3741 1232 367 865 183 336 4232 10541 7981 2038 5943 651 1615
is_linear=0
shrinkage=0.05


Tree=186
num_leaves=31
num_cat=0
split_feature=4 4 5 1 7 3 2 1 4 1 5 4 4 4 4 4 1 4 1 6 6 1 1 1 1 6 7 4 5 4
split_gain=245026 979446 610601 526543 493173 439513 358103 286003 467800 785462 409421 612335 521273 591999 359125 812848 1.09615e+06 623098 773810 423891 327063 290139 280849 265389 298135 265336 235574 233605 860708 1.00103e+06
threshold=6.5000000000000009 5.5000000000000009 1.0000000180025095e-35 10.500000000000002 8952.5150000000031 1.0000000180025095e-35 1.0000000180025095e-35 5.5000000000000009 1.0000000180025095e-35 3.5000000000000004 1.0000000180025095e-35 1.0000000180025095e-35 3.5000000000000004 2.5000000000000004 2.5000000000000004 4.5000000000000009 8.5000000000000018 1.5000000000000002 7.5000000000000009 8632.2162500000013 6543.7850000000008 7.5000000000000009 10.500000000000002 6.5000000000000009 2.5000000000000004 7377.1800000000012 9794.0100000000002 3.5000000000000004 1.0000000180025095e-35 1.5000000000000002
decision_type=2 2 2 2 2 2 2 2 2 2 2 2 2 2 2 2 2 2 2 2 2 2 2 2 2 2 2 2 2 2
left_child=1 7 4 5 -3 23 -2 8 9 -1 11 -9 13 -13 17 19 -17 -12 -19 -16 -20 -15 -14 24 -4 -18 -25 28 29 -10
right_child=6 2 3 -5 -6 -7 -8 10 27 -11 14 12 22 21 15 16 25 18 20 -21 -22 -23 -24 26 -26 -27 -28 -29 -30 -31
leaf_value=1.9802543692400278 -0.040259865349883101 2.0785297041396045 2.9042474302463237 4.489205503779532 -1.2941135753414343 -0.037325593518240156 -1.3424882453574396 -2.5414678049549617 3.4928607895816479 -0.93899340608540161 0.32265382500911666 -0.16690350853922695 -1.7003032909881357 0.43153032720088957 0.14189657940620473 3.0056690904627823 2.3550203626806083 -0.026953023925429649 0.4484831338127454 -1.4409965046684996 3.6606892185441597 3.761888925455235 1.2188557558134199 5.1177102556888094 0.52410686078646262 -1.0997018180808731 2.2613221371313559 -0.019401037442911016 -1.2298327453358124 -0.54126419798523218
leaf_weight=555 35047 154 192 151 366 393 536 287 230 394 1698 572 468 100 909 448 66 309 96 791 454 189 100 94 418 352 311 1905 2147 464
leaf_count=555 35047 154 192 151 366 393 536 287 230 394 1698 572 468 100 909 448 66 309 96 791 454 189 100 94 418 352 311 1905 2147 464
internal_value=0.0109171 0.1833 1.1884 1.68328 -0.295292 1.38236 -0.0598758 0.0165853 -0.245149 0.768259 0.234537 -0.433902 -0.0106194 0.765019 0.458438 0.0405424 1.28739 0.877804 1.97518 -0.594614 3.10001 2.60952 -1.18637 1.93205 1.27327 -0.554219 2.92429 -0.447787 -0.735037 0.795694
internal_weight=50196 14613 2079 1559 520 1408 35583 12534 5695 949 6839 1716 1429 861 5123 2566 866 2557 859 1700 550 289 568 1015 610 418 405 4746 2841 694
internal_count=50196 14613 2079 1559 520 1408 35583 12534 5695 949 6839 1716 1429 861 5123 2566 866 2557 859 1700 550 289 568 1015 610 418 405 4746 2841 694
is_linear=0
shrinkage=0.05


Tree=187
num_leaves=31
num_cat=0
split_feature=8 7 7 4 1 8 7 7 8 1 4 8 1 8 1 4 8 0 8 8 7 8 8 7 8 4 0 4 7 8
split_gain=287627 497752 416869 383366 378197 356322 895521 742990 348550 345597 337845 363960 459122 358043 429344 673372 481860 499520 315959 289916 433223 552948 469921 449203 599468 448672 436574 440060 791783 377455
threshold=8205.5612500000007 9995.2300000000014 8785.5825000000023 5.5000000000000009 9.5000000000000018 5948.7587500000009 6687.0000000000009 6180.5912500000004 10631.551250000002 7.5000000000000009 1.0000000180025095e-35 12332.350000000002 2.5000000000000004 10912.768750000001 3.5000000000000004 6.5000000000000009 15417.848750000003 30.120625000000008 13866.538750000002 15708.635000000002 14844.657500000003 13458.635000000002 14424.677500000003 13673.840000000002 14563.515000000001 16.500000000000004 27.958125000000006 5.5000000000000009 13437.885000000002 12126.287500000002
decision_type=2 2 2 2 2 2 2 2 2 2 2 2 2 2 2 2 2 2 2 2 2 2 2 2 2 2 2 2 2 2
left_child=1 4 8 -3 9 6 7 -6 -2 -1 11 12 -4 -12 19 18 17 -17 -16 20 21 26 -22 25 -25 -23 27 29 -29 -15
right_child=2 3 10 -5 5 -7 -8 -9 -10 -11 13 -13 -14 14 15 16 -18 -19 -20 -21 22 23 -24 24 -26 -27 -28 28 -30 -31
leaf_value=-0.15697028696523466 0.30725394909402609 -0.4282076208417615 2.233265563252306 -3.2977308960153469 -4.1615780112031215 0.36160863281240291 -11.904360110759736 2.7402627923820595 1.7062614451036238 -0.98724046780202723 -0.22053868299499371 7.5271806399027517 -0.2897242627720486 -1.9808877079532696 1.635542620253396 -0.050632597449477339 4.0043372402588524 0.93200941512407653 7.5880951217983084 0.62205610229020203 -3.1840080979992362 1.5249377012585175 -0.6269790126904401 -0.98083209130568327 0.82332380058255683 -1.543157883360982 -1.7881313940953323 1.5949331849339221 -2.3181718001698117 -0.20743138821784385
leaf_weight=4591 7844 240 329 226 77 3536 20 79 472 1724 14242 21 399 429 725 5186 84 1723 23 1143 204 1076 1507 897 946 134 559 597 165 998
leaf_count=4591 7844 240 329 226 77 3536 20 79 472 1724 14242 21 399 429 725 5186 84 1723 23 1143 204 1076 1507 897 946 134 559 597 165 998
internal_value=0.0103713 -0.222444 0.0719015 -1.81986 -0.148205 0.252317 -1.94345 -0.666415 0.386659 -0.383635 -0.0114936 1.03767 0.850473 -0.0371423 0.122161 0.392705 0.240188 0.194423 1.81858 -0.119813 -0.232693 -0.0264779 -0.93185 0.436655 -0.0547705 1.18517 -0.541014 -0.22254 0.747607 -0.740587
internal_weight=50196 10493 39703 466 10027 3712 176 156 8316 6315 31387 749 728 30638 16396 7741 6993 6909 748 8655 7512 5801 1711 3053 1843 1210 2748 2189 762 1427
internal_count=50196 10493 39703 466 10027 3712 176 156 8316 6315 31387 749 728 30638 16396 7741 6993 6909 748 8655 7512 5801 1711 3053 1843 1210 2748 2189 762 1427
is_linear=0
shrinkage=0.05


Tree=188
num_leaves=31
num_cat=0
split_feature=8 6 6 8 6 8 8 6 1 8 6 8 8 7 7 1 6 8 8 6 7 8 6 8 6 7 6 8 0 6
split_gain=271899 743543 490918 358432 339035 524000 338374 273921 263411 259797 526410 1.12002e+06 910690 327903 326805 270302 265996 822626 625223 548071 319922 320024 476530 317846 819976 424757 365622 274746 273582 260146
threshold=7007.6750000000002 6818.9700000000012 7161.2675000000008 7677.1875000000009 7559.6475000000009 7613.8012500000013 7977.3212500000009 9034.5450000000001 11.500000000000002 15886.921250000001 14566.588750000001 14424.677500000003 14496.095000000001 15887.485000000002 15970.585000000001 7.5000000000000009 8520.1200000000008 8778.3912500000024 8538.2500000000018 10013.885000000002 8801.5025000000005 10631.551250000002 9835.6775000000016 9808.4637500000008 9550.9912500000009 13883.758750000003 9051.183750000002 9430.7200000000012 21.330000000000005 10599.892500000002
decision_type=2 2 2 2 2 2 2 2 2 2 2 2 2 2 2 2 2 2 2 2 2 2 2 2 2 2 2 2 2 2
left_child=2 3 -1 -2 6 7 -3 -6 -4 10 11 16 -12 -14 -13 -11 18 19 -7 28 21 -19 -23 26 25 -25 -22 -20 -18 -26
right_child=1 4 8 -5 5 9 -8 -9 -10 15 12 14 13 -15 -16 -17 17 20 27 -21 23 22 -24 24 29 -27 -28 -29 -30 -31
leaf_value=-0.17998247814076659 2.0342564411883086 0.31601292133824355 -2.3812444598847673 8.4153346061706547 -0.87107776745720278 0.029613545031734259 1.8363375156182344 -4.8859336029399527 3.0145260532697042 0.748143422126888 -2.5615575048280048 1.664261113620241 -0.039185000079708251 -1.5965118043780404 6.8164780567400163 5.9329361571715431 1.947237902203786 0.2986362892437639 0.92971769167764406 -4.8064485989692738 0.33066775519924119 7.1532419977961359 1.2325297619656121 1.9136422553767816 0.35100070245012921 -4.2556194568502494 -0.57419143157441532 3.4455430458331935 -0.74582548866264686 -0.10446337901901902
leaf_weight=1943 265 2040 393 24 1233 6019 446 44 24 758 503 806 2454 392 32 26 97 3279 1683 82 1495 37 417 736 4144 29 4408 116 3394 12877
leaf_count=1943 265 2040 393 24 1233 6019 446 44 24 758 503 806 2454 392 32 26 97 3279 1683 82 1495 37 417 736 4144 29 4408 116 3394 12877
internal_value=0.0098527 0.0357002 -0.514062 2.56417 0.0203316 -0.0110287 0.588766 -1.00941 -2.0707 0.01809 0.00164429 0.052487 -0.600315 -0.253687 1.861 0.920088 0.0134398 -0.0522989 0.274065 -0.765905 0.0406818 0.470898 1.71505 -0.0271133 0.0783987 1.67977 -0.345026 1.09194 -0.670997 0.00642571
internal_weight=50196 47836 2360 289 47547 45061 2486 1277 417 43784 43000 39651 3349 2846 838 784 38813 30995 7818 3573 27422 3733 454 23689 17786 765 5903 1799 3491 17021
internal_count=50196 47836 2360 289 47547 45061 2486 1277 417 43784 43000 39651 3349 2846 838 784 38813 30995 7818 3573 27422 3733 454 23689 17786 765 5903 1799 3491 17021
is_linear=0
shrinkage=0.05


Tree=189
num_leaves=31
num_cat=0
split_feature=4 4 0 6 3 2 4 6 0 7 4 5 0 6 0 0 4 5 0 0 6 7 6 4 3 4 4 7 5 4
split_gain=228986 427411 307615 328780 269907 252708 235704 322999 245831 220821 281612 730656 419324 240725 221620 217791 290085 550342 288536 249926 273992 257698 239832 264476 245394 542179 312515 811761 268678 888963
threshold=7.5000000000000009 4.5000000000000009 26.570625000000007 9862.1075000000019 1.0000000180025095e-35 1.0000000180025095e-35 2.5000000000000004 7763.7775000000011 29.256875000000004 13603.623750000001 5.5000000000000009 1.0000000180025095e-35 21.330000000000005 8500.220000000003 18.556250000000002 30.596250000000005 22.500000000000004 1.0000000180025095e-35 25.239375000000006 22.866875000000004 9110.1000000000004 10642.010000000002 8463.9737500000028 20.500000000000004 1.0000000180025095e-35 15.500000000000002 18.500000000000004 9692.6225000000013 1.0000000180025095e-35 17.500000000000004
decision_type=2 2 2 2 2 2 2 2 2 2 2 2 2 2 2 2 2 2 2 2 2 2 2 2 2 2 2 2 2 2
left_child=1 6 4 -4 9 15 8 -8 -1 10 11 13 -13 -3 -12 16 18 -18 -2 -19 -21 -22 -20 24 -24 -26 27 28 -27 -30
right_child=5 2 3 -5 -6 -7 7 -9 -10 -11 14 12 -14 -15 -16 -17 17 19 22 20 21 -23 23 -25 25 26 -28 -29 29 -31
leaf_value=0.21279342819022601 -0.48685112659467267 0.35089186683945034 0.31731089732928819 -1.7264143567532302 0.057144010557260018 -1.1772874535164899 0.51934367363456269 -0.55396817902639284 -1.6622105003727807 0.083997629285392977 3.3236064537310264 -0.56295521191841968 1.8091610160209932 -2.4549357541166898 1.2679841045231446 0.15945470046237842 -0.99835588152190002 2.2131875136104608 0.36707997893316441 0.12795385023028674 2.2964700954259416 -1.7550789462195504 -0.090239412778019029 0.56056899603306742 -0.13395790512532066 -6.3438875981449314 -0.30222667445029533 -0.44300791970357145 -5.2398630995118154 0.32378454669613488
leaf_weight=6066 5712 115 572 300 1506 504 890 3300 180 767 142 254 699 228 1711 9069 499 298 2594 880 307 45 9043 1171 2205 77 378 384 181 119
leaf_count=6066 5712 115 572 300 1506 504 890 3300 180 767 142 254 699 228 1711 9069 499 298 2594 880 307 45 9043 1171 2205 77 378 384 181 119
internal_value=0.00936007 0.160401 0.485824 -0.385806 0.626005 -0.0661467 -0.0358636 -0.325985 0.158759 0.844775 1.03008 0.464691 1.17693 -1.51421 1.42551 -0.049157 -0.128339 0.443562 -0.181412 0.913835 0.599543 1.77852 -0.0733966 -0.157671 -0.22557 -0.591537 -1.47737 -2.06108 -3.70919 -3.03295
internal_weight=50196 16730 6294 872 5422 33466 10436 4190 6246 3916 3149 1296 953 343 1853 32962 23893 2029 21864 1530 1232 352 16152 13558 12387 3344 1139 761 377 300
internal_count=50196 16730 6294 872 5422 33466 10436 4190 6246 3916 3149 1296 953 343 1853 32962 23893 2029 21864 1530 1232 352 16152 13558 12387 3344 1139 761 377 300
is_linear=0
shrinkage=0.05


Tree=190
num_leaves=31
num_cat=0
split_feature=8 6 6 8 6 8 7 0 6 6 8 6 8 6 8 6 8 8 6 6 8 6 8 6 8 6 6 7 8 8
split_gain=330002 739998 600294 427296 284147 396393 293493 515259 387028 277271 269078 768355 488499 463818 419775 408132 418274 402293 886002 707689 622476 944870 550792 600146 765071 506172 447880 430018 401808 383411
threshold=7160.8112500000016 7161.2675000000008 7647.5150000000012 8411.6475000000009 6621.9212500000003 6370.5687500000013 5948.7587500000009 19.570625000000003 5948.7587500000009 6180.5912500000004 8150.42875 8363.4050000000007 8778.3912500000024 8038.1137500000013 9430.7200000000012 8981.4937500000015 10296.880000000003 10504.796250000001 10959.943750000002 10374.735000000002 11947.117500000002 12194.766250000002 12739.3575 13347.875000000002 13458.635000000002 13235.073750000001 11735.470000000003 13603.623750000001 10912.768750000001 13725.232500000002
decision_type=2 2 2 2 2 2 2 2 2 2 2 2 2 2 2 2 2 2 2 2 2 2 2 2 2 2 2 2 2 2
left_child=2 3 4 -2 5 6 7 -1 -8 -7 13 14 -13 -3 -12 16 -14 19 28 -17 26 -22 25 29 27 -23 -20 -25 -19 -24
right_child=1 10 -4 -5 -6 9 8 -9 -10 -11 11 12 15 -15 -16 17 -18 18 20 -21 21 22 23 24 -26 -27 -28 -29 -30 -31
leaf_value=1.9231849864677149 1.382651390938554 0.055957985899189336 -2.8787460687829824 7.7921610938178167 -0.70873157281941468 3.6857117395451731 2.0819344204850494 -6.7107967535654716 -1.2259751344334102 0.73047785998486425 0.69508476569279731 -0.52599144656502261 0.57884980371860184 -0.8295282781369796 4.4055787642796842 -0.048872690637169869 7.8349258518218994 0.37067146518626926 -0.17276543835123639 -1.1049189099187113 1.4017759423688825 -0.67585434111022624 0.60585993537713545 -1.1483260350506586 0.094330679404101808 -4.3381704690386949 -1.3105329693323631 -4.7102738341391088 1.5338598543890207 2.4674269220984737
leaf_weight=27 704 3783 244 27 1627 94 128 48 286 510 3348 3986 2854 2428 78 8765 20 1527 2569 1937 1384 1123 1633 555 7049 103 1304 100 1445 333
leaf_count=27 704 3783 244 27 1627 94 128 48 286 510 3348 3986 2854 2428 78 8765 20 1527 2569 1937 1384 1123 1633 555 7049 103 1304 100 1445 333
internal_value=0.00872385 0.0409566 -0.502987 1.61939 -0.289867 0.333639 -0.724608 -3.60256 -0.20324 1.1904 0.0160486 0.0634668 -0.00340548 -0.290196 0.779562 0.0602937 0.629344 0.00546248 0.142825 -0.240011 -0.00315213 0.171161 0.014849 0.141428 -0.057556 -0.983537 -0.55584 -1.69213 0.936219 0.921171
internal_weight=50019 47055 2964 731 2720 1093 489 75 414 604 46324 40113 36687 6211 3426 32701 2874 29827 19125 10702 16153 12280 10896 9670 7704 1226 3873 655 2972 1966
internal_count=50019 47055 2964 731 2720 1093 489 75 414 604 46324 40113 36687 6211 3426 32701 2874 29827 19125 10702 16153 12280 10896 9670 7704 1226 3873 655 2972 1966
is_linear=0
shrinkage=0.05


Tree=191
num_leaves=31
num_cat=0
split_feature=8 6 6 8 4 4 5 0 0 0 5 8 7 8 4 5 6 4 8 6 8 8 7 6 8 7 8 6 6 8
split_gain=305944 663498 530909 312220 266321 795591 498509 561599 425310 369460 384473 290143 308573 519232 339244 524736 306613 397856 283524 333851 954945 356905 277712 269506 1.15399e+06 854196 735142 471162 387938 869431
threshold=7007.6750000000002 6890.3150000000005 7413.2812500000009 7677.1875000000009 6.5000000000000009 5.5000000000000009 1.0000000180025095e-35 24.871875000000006 23.800625000000007 20.584375000000005 1.0000000180025095e-35 16057.512500000003 15095.360000000002 15158.182500000001 15.500000000000002 1.0000000180025095e-35 15970.238750000002 11.500000000000002 15708.635000000002 14929.610000000002 14360.871250000002 15271.990000000002 15273.420000000002 11956.520000000002 11680.070000000002 9995.2300000000014 13093.400000000003 13300.582500000002 10599.892500000002 10189.040000000003
decision_type=2 2 2 2 2 2 2 2 2 2 2 2 2 2 2 2 2 2 2 2 2 2 2 2 2 2 2 2 2 2
left_child=2 3 -1 -2 5 -3 8 -8 -7 10 -6 12 13 23 -15 -16 -13 22 19 20 -14 -21 -18 24 28 -25 -27 -28 29 -11
right_child=1 4 -4 -5 9 6 7 -9 -10 11 -12 16 18 14 15 -17 17 -19 -20 21 -22 -23 -24 25 -26 26 27 -29 -30 -31
leaf_value=-0.31291826556415986 1.6659906802264175 0.041772862387014845 -2.9465392330714639 6.6866258025169376 3.7665646943954694 -1.5767263267541474 2.2193888605475141 0.20202690511308974 1.3995736497948428 -0.11937150271574287 0.42591704314059398 -0.3880479881424963 -1.2753363070318386 1.7073732633451684 4.0722483648572654 -3.1317059195958654 6.5718416573560763 6.6678932884004389 0.23951279453957222 -2.8578990152722992 2.4555705024302008 -0.87032742778521599 0.70281541669295611 -2.6488988808344196 1.4423474653763555 -1.0501010191117561 1.314854623814397 -0.097209193465653598 -0.60048362688495349 0.93227847582091705
leaf_weight=2156 347 10743 210 34 124 275 1045 515 213 17751 282 162 601 641 35 91 23 45 699 347 240 647 163 387 1308 1804 733 3044 3144 2210
leaf_count=2156 347 10743 210 34 124 275 1045 515 213 17751 282 162 601 641 35 91 23 45 699 347 240 647 163 387 1308 1804 733 3044 3144 2210
internal_value=0.00828766 0.0358417 -0.546672 2.11403 0.0190921 0.213946 1.1171 1.5534 -0.277645 -0.0531904 1.44621 -0.0710557 -0.0868156 -0.04365 1.24116 -1.13061 1.27965 2.44921 -0.617409 -0.943833 -0.21063 -1.56418 1.42856 -0.0760864 -0.00245599 -0.377283 -0.219763 0.176829 -0.0842479 -0.00293713
internal_weight=50019 47653 2366 381 47272 12791 2048 1560 488 34481 406 34075 33682 31148 767 126 393 231 2534 1835 841 994 186 30381 24413 5968 5581 3777 23105 19961
internal_count=50019 47653 2366 381 47272 12791 2048 1560 488 34481 406 34075 33682 31148 767 126 393 231 2534 1835 841 994 186 30381 24413 5968 5581 3777 23105 19961
is_linear=0
shrinkage=0.05


Tree=192
num_leaves=31
num_cat=0
split_feature=4 4 1 3 7 6 6 7 4 4 7 6 7 0 1 4 4 4 1 0 2 7 4 4 3 1 1 0 1 6
split_gain=228651 648154 588007 457520 714754 477153 371181 342792 321503 430458 266048 260061 277327 222437 208636 219905 233009 387602 208318 197560 196879 189962 180909 486933 343276 345321 379435 337801 277539 357703
threshold=15.500000000000002 17.500000000000004 11.500000000000002 1.0000000180025095e-35 9894.4800000000014 7917.1600000000008 12748.266250000002 13744.677500000003 13.500000000000002 11.500000000000002 9300.3437500000018 15796.430000000002 15709.533750000001 35.361250000000005 11.500000000000002 7.5000000000000009 5.5000000000000009 4.5000000000000009 2.5000000000000004 37.485625000000006 1.0000000180025095e-35 9846.5800000000017 4.5000000000000009 6.5000000000000009 1.0000000180025095e-35 5.5000000000000009 8.5000000000000018 19.998750000000005 9.5000000000000018 10599.892500000002
decision_type=2 2 2 2 2 2 2 2 2 2 2 2 2 2 2 2 2 2 2 2 2 2 2 2 2 2 2 2 2 2
left_child=8 2 3 6 5 -5 7 19 9 14 -10 18 -13 -11 22 16 17 -16 -8 20 -2 -4 -1 24 25 -24 -27 -25 29 -29
right_child=1 -3 21 4 -6 -7 11 -9 10 13 -12 12 -14 -15 15 -17 -18 -19 -20 -21 -22 -23 23 27 -26 26 -28 28 -30 -31
leaf_value=-0.09159188445546107 0.18580051782724955 0.037231110837465602 -2.1503226894047835 1.7433971099853516 -0.32598893647003468 -3.4203655737954031 -0.54919794854783532 4.01101265408776 1.4145953292780911 -0.61118762560005035 0.32063173408972473 -2.1840808292229972 4.7942599419185097 0.3469444168259565 1.3056271750539541 -0.19589317272210036 2.7323983471210189 -2.13324335194668 -2.3696545804392044 -2.2156142172413436 -3.5456944025225114 -5.3282223176311803 0.37333293910894239 2.3633465402878371 -0.077032234175881675 2.1816493860636643 0.56570271073288714 0.53493489451218335 -0.72659665464107492 -0.15661212461369145
leaf_weight=9996 1954 12374 129 50 651 425 296 55 661 3467 3491 24 35 734 500 409 195 98 335 95 36 74 1354 149 1141 835 643 2763 1265 5785
leaf_count=9996 1954 12374 129 50 651 425 296 55 661 3467 3491 24 35 734 500 409 195 98 335 95 36 74 1354 149 1141 835 643 2763 1265 5785
internal_value=0.00787328 -0.144267 -0.684268 -0.549593 -1.40205 -2.87681 -0.210418 0.114734 0.0829894 0.0247021 0.494791 -1.21886 1.95561 -0.443783 0.10301 0.745801 1.23149 0.742066 -1.51568 0.0119549 0.118296 -3.30877 0.0707237 0.187158 0.655178 0.950183 1.47864 0.000503698 -0.0353736 0.066919
internal_weight=50019 16533 4159 3956 1126 475 2830 2140 33486 29334 4152 690 59 4201 25133 1202 793 598 631 2085 1990 203 23931 13935 3973 2832 1478 9962 9813 8548
internal_count=50019 16533 4159 3956 1126 475 2830 2140 33486 29334 4152 690 59 4201 25133 1202 793 598 631 2085 1990 203 23931 13935 3973 2832 1478 9962 9813 8548
is_linear=0
shrinkage=0.05


Tree=193
num_leaves=31
num_cat=0
split_feature=6 7 1 6 7 6 7 6 7 7 6 0 6 0 6 1 0 6 7 7 1 1 6 1 6 6 6 3 7 0
split_gain=184153 244904 213069 339983 729075 191664 185655 187607 151924 184314 340966 449789 159261 143859 141707 141560 278878 134001 171905 157720 291865 228756 273149 177489 190446 140612 179219 135100 136553 144174
threshold=16180.853750000002 15095.360000000002 7.5000000000000009 14151.468750000002 15970.585000000001 15708.635000000002 15797.895000000002 14362.581250000001 7065.8225000000011 5948.7587500000009 5948.7587500000009 19.998750000000005 5948.7587500000009 30.990000000000006 14302.221250000001 7.5000000000000009 20.886875000000007 9170.8975000000009 9667.7000000000025 12543.700000000003 3.5000000000000004 4.5000000000000009 11836.735000000002 2.5000000000000004 14055.557500000001 15271.990000000002 12194.766250000002 1.0000000180025095e-35 11436.682500000001 38.852500000000013
decision_type=2 2 2 2 2 2 2 2 2 2 2 2 2 2 2 2 2 2 2 2 2 2 2 2 2 2 2 2 2 2
left_child=1 5 3 4 -3 8 14 -8 9 10 11 -1 -10 -14 -5 16 -11 18 -15 21 23 22 27 24 -21 26 -25 -19 29 -29
right_child=-2 2 -4 6 -6 -7 7 -9 12 15 -12 -13 13 17 -16 -17 -18 19 -20 20 -22 -23 -24 25 -26 -27 -28 28 -30 -31
leaf_value=-0.18694737599446223 1.5293067987067532 0.50428624547513801 -2.113231542986401 1.5210393299107199 9.435117727279664 1.766909406758562 -4.6022622484909865 -0.99878712472340025 3.4214350532082953 3.9287900723124807 0.12355813115429717 -9.7858570334704034 -0.038973318146261766 0.3590423782351182 -0.35711508882150778 0.71998608551288934 -0.51436615929901597 -0.064514037531024915 1.6440326484193244 3.1115545198802028 1.5721307214494429 0.30680379142850334 -2.6903316497802736 1.6411370789563215 0.19796758380522128 0.10605625632042821 -2.8477698964495506 -2.1131554519286357 0.48746491923280388 1.7335235295472324
leaf_weight=26 198 266 181 108 25 158 38 730 34 38 147 23 37852 1710 1433 1867 500 1029 307 62 437 1455 138 27 588 148 126 249 92 27
leaf_count=26 198 266 181 108 25 158 38 730 34 38 147 23 37852 1710 1433 1867 500 1029 307 62 437 1455 138 27 588 148 126 249 92 27
internal_value=0.00747961 0.00143152 -0.454495 -0.339022 1.27154 0.0283859 -0.541998 -1.17708 0.0225268 0.393907 -1.08047 -4.69256 0.000712421 -0.00191611 -0.225486 0.514064 -0.200537 0.217425 0.554626 0.062073 0.502544 -0.1424 -0.568192 0.0110508 0.475879 -0.992731 -2.05561 -0.35856 -1.18077 -1.73685
internal_weight=50019 49821 2781 2600 291 47040 2309 768 46882 2601 196 49 44281 44247 1541 2405 538 6395 2017 4378 1388 2990 1535 951 650 301 153 1397 368 276
internal_count=50019 49821 2781 2600 291 47040 2309 768 46882 2601 196 49 44281 44247 1541 2405 538 6395 2017 4378 1388 2990 1535 951 650 301 153 1397 368 276
is_linear=0
shrinkage=0.05


Tree=194
num_leaves=31
num_cat=0
split_feature=4 4 5 5 4 4 1 1 1 1 1 5 4 1 1 1 1 1 4 4 1 4 1 0 3 7 1 4 4 4
split_gain=205881 580108 3.17579e+06 916875 3.84333e+06 1.11409e+06 797634 783429 643879 535453 592519 455878 698402 539206 528568 438522 406887 379696 813847 318992 802825 318610 369131 478605 314053 299903 297435 648831 400630 285967
threshold=15.500000000000002 17.500000000000004 1.0000000180025095e-35 1.0000000180025095e-35 18.500000000000004 18.500000000000004 7.5000000000000009 2.5000000000000004 6.5000000000000009 9.5000000000000018 7.5000000000000009 37.500000000000007 16.500000000000004 7.5000000000000009 8.5000000000000018 7.5000000000000009 3.5000000000000004 9.5000000000000018 16.500000000000004 20.500000000000004 3.5000000000000004 16.500000000000004 7.5000000000000009 31.166875000000008 1.0000000180025095e-35 7485.2225000000008 3.5000000000000004 19.500000000000004 21.500000000000004 13.500000000000002
decision_type=2 2 2 2 2 2 2 2 2 2 2 2 2 2 2 2 2 2 2 2 2 2 2 2 2 2 2 2 2 2
left_child=29 2 17 4 6 7 8 -5 24 10 -9 -4 13 -13 16 19 -14 21 -19 -7 -21 -2 23 -23 -3 -17 28 -28 -6 -1
right_child=1 3 11 5 26 15 -8 9 -10 -11 -12 12 14 -15 -16 25 -18 18 -20 20 -22 22 -24 -25 -26 -27 27 -29 -30 -31
leaf_value=0.023411741126494041 1.2193865025704234 -4.1401475051248617 -1.0161675847866023 -0.99840433283207519 -1.8407019291907105 -0.17218908921353315 -2.211150313909982 1.7849343760971355 -11.761146636631178 0.02085418179283725 4.4725011045874004 0.17211306291659748 -2.3897209685781728 -3.2000401611511524 -0.97465922986784725 0.22384628728235179 -5.7893109566390279 3.1821727815880836 -3.682250917752584 1.6114311716669798 -0.051638436745529231 5.749492930444335 0.38782979215446273 1.9736722856577189 -7.8412083103376276 -0.85528182370725347 2.2247941746939133 -0.078582131354510795 0.61248985793536637 0.4667602079144369
leaf_weight=29334 433 176 2078 260 402 1985 194 738 46 268 284 340 138 182 141 1009 243 83 90 1250 1730 173 95 163 85 1779 384 1500 284 4152
leaf_count=29334 433 176 2078 260 402 1985 194 738 46 268 284 340 138 182 141 1009 243 83 90 1250 1730 173 95 163 85 1779 384 1500 284 4152
internal_value=0.00710563 -0.137261 -0.648129 0.0344462 -0.714657 0.281732 -4.72085 1.50547 -6.30678 2.01012 2.53177 -1.44443 -2.29684 -1.00362 -3.59006 0.037079 -4.55796 1.74921 -0.388915 0.318864 0.645958 2.17733 3.13971 3.91777 -5.34547 -0.464737 0.0663162 0.390896 -0.825095 0.0783835
internal_weight=50019 16533 4159 12374 3071 9303 501 1550 307 1290 1022 3122 1044 522 522 7753 381 1037 173 4965 2980 864 431 336 261 2788 2570 1884 686 33486
internal_count=50019 16533 4159 12374 3071 9303 501 1550 307 1290 1022 3122 1044 522 522 7753 381 1037 173 4965 2980 864 431 336 261 2788 2570 1884 686 33486
is_linear=0
shrinkage=0.05


Tree=195
num_leaves=31
num_cat=0
split_feature=8 6 8 8 6 7 8 6 8 6 8 6 6 4 8 6 6 8 8 6 0 8 4 4 8 6 6 7 7 4
split_gain=329763 524476 517254 464616 311639 608139 550998 295935 439469 435263 360348 967758 853995 445887 393511 924698 546244 357822 320258 524660 402745 381943 307651 304351 346413 752080 657259 667669 293736 302378
threshold=6818.9700000000012 7450.6750000000002 7555.3212500000009 8411.6475000000009 6180.5912500000004 5948.7587500000009 5948.7587500000009 8021.0750000000007 8445.1737500000017 8592.5562500000015 10912.768750000001 10959.943750000002 10803.022500000001 15.500000000000002 12261.76 12194.766250000002 11492.810000000003 9703.4625000000033 10040.423750000002 9809.8516500000023 26.400000000000009 9386.0550000000021 1.0000000180025095e-35 1.0000000180025095e-35 13093.400000000003 13347.875000000002 13347.875000000002 14202.887500000003 14303.755000000003 17.500000000000004
decision_type=2 2 2 2 2 2 2 2 2 2 2 2 2 2 2 2 2 2 2 2 2 2 2 2 2 2 2 2 2 2
left_child=4 3 -3 -2 5 6 -1 -4 -9 17 12 28 18 -14 16 -16 -13 -10 19 21 22 -11 -21 -17 26 -26 -25 -28 29 -12
right_child=1 2 7 -5 -6 -7 -8 8 9 10 11 14 13 -15 15 23 -18 -19 -20 20 -22 -23 -24 24 25 -27 27 -29 -30 -31
leaf_value=-7.3295754461753662 0.587679933378635 -0.99535569818690428 0.48409603948871649 4.4328329389477954 -1.0204998546971731 1.4461689583362978 2.6299663475581578 -0.47140289224969251 0.58124649489370428 -0.23827297521182036 1.8715234564127297 0.33079111587064569 -0.98886797893528999 -3.7988988399577255 1.7915501518355263 5.6881295442581177 -0.84725693212527053 4.3984328988998653 0.35570718608525864 2.5284843377610473 -1.5467793328116495 0.44596355124273029 -0.45576596978739925 -0.17817121440308023 1.3930485138244006 0.0017077206831217998 -2.0643994605321376 -10.643899314880372 -0.50628068032039497 -1.4454951325508014
leaf_weight=41 2609 1307 3111 81 1384 326 21 4797 2407 6330 1168 1633 1485 156 837 24 2476 63 3612 94 1109 3009 1063 1503 1116 7489 244 25 176 73
leaf_count=41 2609 1307 3111 81 1384 326 21 4797 2407 6330 1168 1633 1485 156 837 24 2476 63 3612 94 1109 3009 1063 1503 1116 7489 244 25 176 73
internal_value=0.000417508 0.025147 -0.0151264 0.703463 -0.669415 0.582907 -3.95618 0.0139908 -0.0217767 0.0379833 -0.00907942 0.155068 -0.172311 -1.256 0.0396328 0.192727 -0.379077 0.678608 -0.0554465 -0.183416 -0.865922 -0.0178139 -0.213312 0.0640654 0.051058 0.182154 -0.585554 -2.86175 1.4053 1.6764
internal_weight=49769 47997 45307 2690 1772 388 62 44000 40889 36092 33622 16764 16858 1641 15347 11238 4109 2470 15217 11605 2266 9339 1157 10401 10377 8605 1772 269 1417 1241
internal_count=49769 47997 45307 2690 1772 388 62 44000 40889 36092 33622 16764 16858 1641 15347 11238 4109 2470 15217 11605 2266 9339 1157 10401 10377 8605 1772 269 1417 1241
is_linear=0
shrinkage=0.05


Tree=196
num_leaves=31
num_cat=0
split_feature=4 4 5 5 4 4 1 1 6 4 1 1 1 1 1 5 6 1 6 1 1 1 6 1 4 4 6 4 5 4
split_gain=189556 615785 2.78829e+06 925570 3.54935e+06 1.12104e+06 1.04889e+06 713377 613518 577688 1.18325e+06 1.12751e+06 577282 530872 551593 528443 484260 472589 446119 387552 355132 452258 328294 318709 756917 587198 530230 318555 452777 468774
threshold=15.500000000000002 17.500000000000004 1.0000000180025095e-35 1.0000000180025095e-35 18.500000000000004 18.500000000000004 8.5000000000000018 2.5000000000000004 7957.6400000000003 16.500000000000004 7.5000000000000009 8.5000000000000018 5.5000000000000009 9.5000000000000018 7.5000000000000009 37.500000000000007 11270.075000000003 7.5000000000000009 13581.831250000001 5.5000000000000009 5.5000000000000009 7.5000000000000009 9090.9875000000011 7.5000000000000009 16.500000000000004 16.500000000000004 14736.107500000002 13.500000000000002 1.0000000180025095e-35 14.500000000000002
decision_type=2 2 2 2 2 2 2 2 2 2 2 2 2 2 2 2 2 2 2 2 2 2 2 2 2 2 2 2 2 2
left_child=27 2 23 4 6 7 8 -5 -3 10 12 15 -4 14 -9 18 -12 -7 -11 -17 -10 -22 -23 25 -25 -2 -27 -1 29 -29
right_child=1 3 9 5 -6 17 -8 13 20 11 16 -13 -14 -15 -16 19 -18 -19 -20 -21 21 22 -24 24 -26 26 -28 28 -30 -31
leaf_value=0.01096768555684071 0.79956670871312996 -0.70668495331170433 -0.46868212221349986 -0.83068080592859284 0.065949317175474628 0.33072151518768317 -0.78246904172607379 1.772503573232272 -5.294865919329931 -1.8658008600594045 -1.7304222061059815 0.22622962730970309 2.1940805581427516 0.02014577284015413 4.3293470840548745 -3.164191773912886 -5.1474481284618383 -0.48142481874414567 -7.2250759479476194 -6.4845631154267114 -10.89889086364191 0.1584643989801407 -8.6005826452504035 2.7862834893210087 -1.8389468596620455 4.6535628761000494 -1.2056759142875673 -1.5313174490656061 0.77980350287434264 0.61710260761865776
leaf_weight=29089 326 53 700 271 2579 4991 148 734 222 734 417 388 287 271 296 228 138 2794 41 143 79 20 23 173 181 272 45 498 3110 518
leaf_count=29089 326 53 700 271 2579 4991 148 734 222 734 417 388 287 271 296 228 138 2794 41 143 79 20 23 173 181 272 45 498 3110 518
internal_value=0.000396633 -0.137825 -0.671652 0.0363822 -0.708801 0.285175 -4.375 1.50308 -5.71428 -1.41645 -0.733016 -2.10344 0.305596 1.98921 2.50729 -2.89219 -2.58006 0.039246 -2.14932 -4.44401 -6.4858 -8.65292 -4.52661 1.62623 0.421406 2.28954 3.82181 0.0692847 0.480429 -0.435962
internal_weight=49769 16554 4073 12481 3124 9357 545 1572 397 3076 1542 1534 987 1301 1030 1146 555 7785 775 371 344 122 43 997 354 643 317 33215 4126 1016
internal_count=49769 16554 4073 12481 3124 9357 545 1572 397 3076 1542 1534 987 1301 1030 1146 555 7785 775 371 344 122 43 997 354 643 317 33215 4126 1016
is_linear=0
shrinkage=0.05


Tree=197
num_leaves=31
num_cat=0
split_feature=8 7 8 0 8 7 0 0 7 8 7 1 1 0 4 4 1 0 4 5 4 4 8 4 1 8 1 8 5 8
split_gain=315109 274238 297177 304437 272567 250564 517358 280519 214739 462315 285048 277746 254936 276075 262528 482466 395271 294613 241861 415383 1.2116e+06 675284 361814 266781 430444 484292 262223 247571 199447 196048
threshold=6370.5687500000013 7065.8225000000011 7480.7987500000008 20.584375000000005 9366.907500000003 5948.7587500000009 20.584375000000005 21.926250000000007 8801.5025000000005 9629.0500000000011 12273.535000000002 3.5000000000000004 9.5000000000000018 19.998750000000005 11.500000000000002 17.500000000000004 4.5000000000000009 28.430625000000003 1.5000000000000002 1.0000000180025095e-35 1.0000000180025095e-35 1.0000000180025095e-35 12739.3575 3.5000000000000004 7.5000000000000009 11072.096250000001 1.5000000000000002 10473.683750000002 22.500000000000004 8887.9125000000022
decision_type=2 2 2 2 2 2 2 2 2 2 2 2 2 2 2 2 2 2 2 2 2 2 2 2 2 2 2 2 2 2
left_child=5 4 3 -3 -2 6 -1 -7 -4 10 12 -12 14 -14 -10 16 -16 -18 19 20 -11 26 -23 24 -20 -26 -21 -22 -28 -19
right_child=1 2 8 -5 -6 7 -8 -9 9 18 11 -13 13 -15 15 -17 17 29 23 21 27 22 -24 -25 25 -27 28 -29 -30 -31
leaf_value=-1.4509233389839982 0.45051175327232057 2.5364896128826508 0.20114595724292972 -0.61403230229711603 3.2622435510158541 0.861991938120789 -10.461312524477641 -1.6011983689555074 0.1342472591833668 -1.8633484684793573 -7.4306823367164245 -1.4626110105610948 2.781375274463342 -1.5667076407382086 -6.0327916309600926 -0.11441835370171805 -2.1793033588695385 -1.5869713270638743 -0.84473881706357146 -1.7547322684332081 2.1836196920606823 -1.9663735699130449 1.0387857602475441 0.075922495255880254 8.6251174596639792 -0.43999068088391252 4.0951216766467464 6.5859523101286461 1.4785762740276112 -0.14674620660380003
leaf_weight=66 2037 79 11951 2609 90 180 21 323 3060 95 21 272 39 571 41 3261 420 351 1282 46 45 319 146 21204 26 34 104 110 243 723
leaf_count=66 2037 79 11951 2609 90 180 21 323 3060 95 21 272 39 571 41 3261 420 351 1282 46 45 319 146 21204 26 34 104 110 243 723
internal_value=0.000376802 0.0141571 -0.0109467 -0.521439 0.569485 -1.14827 -3.62584 -0.719739 0.0199838 -0.0468125 -0.357129 -1.89036 -0.304065 -1.28872 -0.227609 -0.458485 -1.18943 -1.05651 0.0680966 0.789312 2.5828 0.266735 -1.02282 0.0326532 -0.651015 3.48822 1.79254 5.30786 2.26279 -0.617434
internal_weight=49769 49179 47052 2688 2127 590 87 503 44364 32413 8759 293 8466 610 7856 4796 1535 1494 23654 1108 250 858 465 22546 1342 60 393 155 347 1074
internal_count=49769 49179 47052 2688 2127 590 87 503 44364 32413 8759 293 8466 610 7856 4796 1535 1494 23654 1108 250 858 465 22546 1342 60 393 155 347 1074
is_linear=0
shrinkage=0.05


Tree=198
num_leaves=31
num_cat=0
split_feature=8 6 8 6 8 6 8 6 8 6 6 0 8 8 8 8 6 8 6 6 8 6 8 7 6 4 7 7 8 4
split_gain=284386 473132 437139 357599 495170 466931 445436 441956 406873 563702 401514 392133 346146 332133 334669 284908 646098 553649 654084 521280 461596 697465 622641 753850 509412 504113 396651 371554 403717 304696
threshold=6370.5687500000013 6621.9212500000003 6890.3150000000005 7707.0700000000006 8226.1800000000021 8540.7237500000028 8345.5537500000009 9250.2250000000004 9430.7200000000012 9387.6000000000004 9250.2250000000004 24.013125000000006 9430.7200000000012 11145.536250000003 11781.025000000003 10227.180000000002 10599.892500000002 11407.567500000001 11492.810000000003 14425.477500000003 12332.350000000002 12748.266250000002 13093.400000000003 14656.001250000003 13347.875000000002 9.5000000000000018 9995.2300000000014 14249.950000000003 10875.905000000002 17.500000000000004
decision_type=2 2 2 2 2 2 2 2 2 2 2 2 2 2 2 2 2 2 2 2 2 2 2 2 2 2 2 2 2 2
left_child=-1 -2 -3 6 7 12 -4 -5 10 13 -7 -8 -6 -10 -15 26 27 19 -19 -18 -20 -22 23 25 -24 -23 -11 28 -17 -30
right_child=1 2 3 4 5 8 11 -9 9 15 -12 -13 -14 14 -16 16 17 18 20 -21 21 22 24 -25 -26 -27 -28 -29 29 -31
leaf_value=-1.0908528376800024 1.3222077401384995 -1.1098042180825267 0.32872527357101528 -0.40852875247078257 0.47052914809181012 -0.083341135224903246 9.1568747091293332 -3.1815640220368233 0.84916464137703496 0.068467801046393689 -0.81450058483522003 1.8873431373736822 3.231605222897652 9.7787367945625689 1.655468029715121 0.60956695081333867 -0.53063893511758176 1.2956433531709692 -0.66155259005747125 -8.6259044528007518 1.1387754491407547 -0.1314285685075447 1.257733416242965 -10.546978548594884 -3.6707698531521452e-06 -2.4660891314917013 -0.89225365566749737 -1.3655103264016342 2.4091182538426441 -1.5875813862452142
leaf_weight=590 681 879 3545 4927 3808 5742 20 148 1556 2464 2790 256 117 21 32 1850 3491 1100 2056 20 1547 640 902 21 7491 362 1905 181 575 52
leaf_count=590 681 879 3545 4927 3808 5742 20 148 1556 2464 2790 256 117 21 32 1850 3491 1100 2056 20 1547 640 902 21 7491 362 1905 181 575 52
internal_value=0.000357962 0.0134492 -0.00492814 0.0154668 -0.0250038 0.0358592 0.479358 -0.489398 -0.0224523 0.0749907 -0.322433 2.41412 0.552834 0.981746 4.87412 0.0158201 0.0946922 -0.0148675 0.124858 -0.576753 0.0259357 0.154867 -0.00678388 -1.17138 0.135166 -0.974889 -0.350432 0.821381 0.981182 2.07765
internal_weight=49769 49179 48498 47619 43798 38723 3821 5075 34798 26266 8532 276 3925 1609 53 24657 20288 17630 14119 3511 13019 10963 9416 1023 8393 1002 4369 2658 2477 627
internal_count=49769 49179 48498 47619 43798 38723 3821 5075 34798 26266 8532 276 3925 1609 53 24657 20288 17630 14119 3511 13019 10963 9416 1023 8393 1002 4369 2658 2477 627
is_linear=0
shrinkage=0.05


Tree=199
num_leaves=31
num_cat=0
split_feature=8 6 6 8 6 8 8 6 2 8 6 7 6 8 6 8 8 6 8 7 8 6 8 6 8 8 8 8 6 8
split_gain=257259 561147 293083 247554 237912 608078 484548 342559 293297 221782 392936 230707 447271 224904 220063 582431 554822 371576 628585 420164 570060 404473 680827 580669 790805 520570 444625 361549 636588 480392
threshold=6890.3150000000005 6818.9700000000012 7007.6750000000002 7762.8475000000008 8038.1137500000013 8205.5612500000007 8295.0287500000013 9250.2250000000004 1.0000000180025095e-35 6370.5687500000013 6180.5912500000004 5948.7587500000009 5948.7587500000009 5948.7587500000009 8981.4937500000015 9452.6787500000009 9629.0500000000011 10374.735000000002 10875.905000000002 14364.362500000001 10996.808750000002 11492.810000000003 12261.76 13347.875000000002 12792.373750000001 13725.232500000002 11582.950000000003 14197.517500000002 14566.588750000001 15271.990000000002
decision_type=2 2 2 2 2 2 2 2 2 2 2 2 2 2 2 2 2 2 2 2 2 2 2 2 2 2 2 2 2 2
left_child=2 3 9 -2 6 7 -3 -6 14 11 -11 13 -13 -1 15 -7 -16 19 -19 20 -18 26 -23 25 -25 -24 -20 -26 -29 -30
right_child=1 4 -4 -5 5 8 -8 -9 -10 10 -12 12 -14 -15 16 -17 17 18 21 -21 -22 22 23 24 27 -27 -28 28 29 -31
leaf_value=-5.9615959935410077 1.5272686230930053 0.11944324905628195 -1.7385380255774809 6.9686114029450854 -0.60855556130944755 0.16030934936807587 1.4021987149223003 -3.1343402684368988 -1.3601780850449992 3.2733526527254209 -0.11255592290329103 1.9203025473081148 -1.4950836540557038 -0.87686902501366371 -0.45662214784514421 1.995056058443808 0.36903401926898532 -0.71001847966929366 0.24360381982483825 -2.6459014853584435 2.3878788616606799 -0.76261052000227891 0.49346589252482204 -4.7194602476371514 -0.53073286314653867 2.5580933496005396 1.6525256932353074 1.1703306933226703 -0.77183307737545981 0.35859571680989533
leaf_weight=43 419 5416 416 22 2800 7008 852 141 383 95 874 130 365 44 6077 461 4665 2842 1929 107 378 2490 2992 91 2449 340 789 1287 1614 2250
leaf_count=43 419 5416 416 22 2800 7008 852 141 383 95 874 130 365 44 6077 461 4665 2842 1929 107 378 2490 2992 91 2449 340 789 1287 1614 2250
internal_value=0.000340063 0.0233998 -0.560058 1.79872 0.00686902 -0.0368981 0.293806 -0.729649 0.0165036 -0.243973 0.219396 -1.01546 -0.598114 -3.39001 0.0304639 0.273553 -0.029458 0.0777078 -0.0240515 0.454573 0.520357 0.0960593 -0.0158822 0.152797 -0.086064 0.704142 0.652595 -0.0305852 0.207206 -0.113586
internal_weight=49769 47802 1967 441 47361 41093 6268 2941 38152 1551 969 582 495 87 37769 7469 30300 24223 19073 5150 5043 16231 13513 11023 7691 3332 2718 7600 5151 3864
internal_count=49769 47802 1967 441 47361 41093 6268 2941 38152 1551 969 582 495 87 37769 7469 30300 24223 19073 5150 5043 16231 13513 11023 7691 3332 2718 7600 5151 3864
is_linear=0
shrinkage=0.05


Tree=200
num_leaves=31
num_cat=0
split_feature=8 6 6 8 7 7 7 5 4 8 7 7 4 4 5 8 6 7 2 7 7 8 6 6 8 8 6 8 6 7
split_gain=251013 1.15925e+06 702841 347270 331202 328584 443499 305452 760923 312772 251638 236148 216508 654063 501184 431975 337576 328094 258928 206958 243873 200785 328269 214217 752302 468185 400066 571430 648249 340999
threshold=14563.515000000001 14566.588750000001 14736.107500000002 15417.848750000003 15797.895000000002 8653.996250000002 10025.143750000001 1.0000000180025095e-35 16.500000000000004 15020.916250000002 14499.126250000003 15159.067500000003 6.5000000000000009 5.5000000000000009 1.0000000180025095e-35 10996.808750000002 11409.727500000003 9007.0850000000009 1.0000000180025095e-35 14364.362500000001 9846.5800000000017 7375.7850000000008 7293.3300000000008 11683.393750000001 11407.567500000001 12792.373750000001 10840.178750000001 10189.040000000003 9961.751250000003 9995.2300000000014
decision_type=2 2 2 2 2 2 2 2 2 2 2 2 2 2 2 2 2 2 2 2 2 2 2 2 2 2 2 2 2 2
left_child=1 12 7 4 19 -3 -7 -2 -9 -10 -8 -5 13 -1 17 -16 -17 -15 21 20 -4 -14 -23 24 26 -25 27 28 -24 -27
right_child=2 5 3 11 -6 6 10 8 9 -11 -12 -13 18 14 15 16 -18 -19 -20 -21 -22 22 23 25 -26 29 -28 -29 -30 -31
leaf_value=0.019329026131405417 3.3802118294946837 4.1137857532501227 -3.2463809698055957 1.5550316857941011 -3.1167405604279561 -8.4327114697160397 -1.2349140382232555 1.6526912169560501 -0.82665437555313115 -8.7357928962707518 -3.3834468429940978 0.19630027255855698 -0.65887387171332557 1.6020578599168411 0.85180986294844596 6.6705789630611738 2.259038213253818 -1.1482073166219318 -1.1598870563232442 -0.78047513682154168 0.88653989443444869 1.4565664528769302 -0.017262626179321058 -0.88796410804481796 1.0929628103833415 -2.0095055535128439 -0.79856836158491351 0.68967851042794459 -1.2060673001292332 0.14547736239308659
leaf_weight=12378 200 20 39 408 115 29 341 568 25 25 227 1479 1352 155 909 48 449 361 548 850 421 364 15714 2261 1511 194 1695 2618 1237 3415
leaf_count=12378 200 20 39 408 115 29 341 568 25 25 227 1479 1352 155 909 48 449 361 548 850 421 364 15714 2261 1511 194 1695 2618 1237 3415
internal_value=-0.00402199 -0.0376688 0.369319 0.045162 -0.544003 -2.19031 -2.4015 1.6818 1.13215 -4.78122 -2.09357 0.49008 -0.00829011 0.152578 1.01072 1.49985 2.6851 -0.322062 -0.0827154 -0.318152 0.53614 -0.063273 -0.0355143 -0.0544746 0.0149419 -0.323803 -0.0616613 0.00216711 -0.104016 0.0296373
internal_weight=49956 45826 4130 3312 1425 617 597 818 618 50 568 1887 45209 14300 1922 1406 497 516 30909 1310 460 30361 29009 28645 22775 5870 21264 19569 16951 3609
internal_count=49956 45826 4130 3312 1425 617 597 818 618 50 568 1887 45209 14300 1922 1406 497 516 30909 1310 460 30361 29009 28645 22775 5870 21264 19569 16951 3609
is_linear=0
shrinkage=0.05


Tree=201
num_leaves=31
num_cat=0
split_feature=8 6 4 4 1 8 6 5 8 6 6 1 8 8 7 0 7 1 6 8 8 6 4 8 4 4 4 5 1 8
split_gain=235800 386669 366518 204744 501219 450037 454160 322495 319235 536324 371938 570226 514299 269136 269028 263394 347497 387370 272689 391765 265520 251965 454937 375784 305852 367407 264983 804927 308005 271213
threshold=16180.853750000002 15970.238750000002 14.500000000000002 7.5000000000000009 6.5000000000000009 13222.700000000003 14055.557500000001 1.0000000180025095e-35 12534.63125 13164.442500000003 13404.055000000002 1.5000000000000002 13398.315000000002 6621.9212500000003 13603.623750000001 19.570625000000003 6180.5912500000004 10.500000000000002 5948.7587500000009 5948.7587500000009 5948.7587500000009 8540.7237500000028 1.5000000000000002 7449.8550000000005 2.5000000000000004 1.0000000180025095e-35 2.5000000000000004 1.0000000180025095e-35 9.5000000000000018 8556.4725000000017
decision_type=2 2 2 2 2 2 2 2 2 2 2 2 2 2 2 2 2 2 2 2 2 2 2 2 2 2 2 2 2 2
left_child=3 -2 -3 4 8 13 -7 -8 9 -1 11 -10 14 15 -12 -6 20 18 -18 -20 -17 22 -15 -23 25 -25 27 -24 -29 -28
right_child=1 2 -4 -5 5 6 7 -9 10 -11 12 -13 -14 21 -16 16 17 -19 19 -21 -22 23 26 24 -26 -27 29 28 -30 -31
leaf_value=-0.23966940485011465 -1.51914134696126 1.8305649519513505 8.0715232054392505 -0.082649130737861287 1.4504495851847592 5.0922438255712095 6.1285644365393601 -0.34340473822617934 6.2185184064901105 -4.3078772143506248 -1.6125106810104279 0.87188160244145951 0.30072261979835452 0.056788894334334206 -6.5699684787541628 -6.3569704636614377 2.7278937858693744 1.0333311671203422 -7.1395145979794599 -1.379560381153798 -1.0967106059953875 -3.5888146493583921 -1.1861959595583442 -0.97925757438834049 0.077802323462034306 2.0003012906234825 0.61385901092267858 2.2480271254750814 5.2569620951245994 2.6472544561378921
leaf_weight=6739 64 109 30 33117 147 102 23 118 53 82 189 844 1164 1089 32 47 34 258 33 280 49 64 117 134 3110 454 932 187 156 199
leaf_count=6739 64 109 30 33117 147 102 23 118 53 82 189 844 1164 1089 32 47 34 258 33 280 49 64 117 134 3110 454 932 187 156 199
internal_value=-0.00382089 1.69681 3.17753 -0.0107597 0.132349 0.434044 2.5508 0.712307 -0.117312 -0.288576 0.394604 1.18779 -0.119106 0.363486 -2.33033 -0.47386 -0.877389 -0.433939 -1.52488 -1.98684 -3.67205 0.47371 0.844196 0.209781 0.275522 1.32129 1.38316 2.39496 3.61652 0.971636
internal_weight=49956 203 139 49753 16636 7533 243 141 9103 6821 2282 897 1385 7290 221 848 701 605 347 313 96 6442 2680 3762 3698 588 1591 460 343 1131
internal_count=49956 203 139 49753 16636 7533 243 141 9103 6821 2282 897 1385 7290 221 848 701 605 347 313 96 6442 2680 3762 3698 588 1591 460 343 1131
is_linear=0
shrinkage=0.05


Tree=202
num_leaves=31
num_cat=0
split_feature=8 6 8 8 7 6 4 7 7 7 0 6 8 8 4 7 4 7 7 7 1 8 6 8 1 1 6 0 6 8
split_gain=228424 815925 578577 450638 419884 365089 620184 264620 353111 259760 251504 243457 699609 453505 409890 342873 677672 316162 277090 494593 608507 263159 604488 823654 470279 531694 462141 357070 333627 312312
threshold=15158.182500000001 14566.588750000001 14360.871250000002 14300.963750000001 14929.817500000003 14929.610000000002 16.500000000000004 8745.6050000000014 10052.875000000002 9614.7525000000023 24.398125000000004 13347.875000000002 13458.635000000002 13398.315000000002 10.500000000000002 14303.755000000003 13.500000000000002 13493.250000000002 12065.997500000003 13812.147500000001 3.5000000000000004 12534.63125 11219.600000000002 10912.768750000001 8.5000000000000018 3.5000000000000004 12194.766250000002 27.767500000000005 9250.2250000000004 9190.5612500000025
decision_type=2 2 2 2 2 2 2 2 2 2 2 2 2 2 2 2 2 2 2 2 2 2 2 2 2 2 2 2 2 2
left_child=1 2 11 7 -5 6 -2 -3 -9 -4 -7 12 21 15 -14 17 -17 -13 -15 -20 -21 22 23 -1 25 27 -27 -23 -25 -24
right_child=5 3 9 4 -6 10 -8 8 -10 -11 -12 13 14 18 -16 16 -18 -19 19 20 -22 24 29 28 -26 26 -28 -29 -30 -31
leaf_value=-0.028666737527507577 2.6293560759983365 2.5683904425664381 -2.3612378080685934 -0.13786248430091258 -2.2397594273458292 2.2768615916584221 -4.6763903710991146 -9.3685697328476678 -2.6654788876630242 1.5473057223386908 0.092918449408206455 -1.4542942551856346 3.7016656775027514 -1.2929193754651651 0.72534125869472821 2.6526525143881075 -5.5168287985252613 -4.4072588252800484 0.82464194546820946 -1.6885114536908039 1.7056876972557178 0.7447228632172791 -4.4716341850804353 6.9625497859457273 -1.0405974338650703 3.8956355772805562 1.104764141240786 -1.1885365809823962 0.90880345204797042 -0.53654431332946062
leaf_weight=32323 315 22 45 891 324 140 32 21 305 768 2258 564 192 388 291 110 33 108 1136 538 175 826 51 23 400 209 511 336 2172 4449
leaf_count=32323 315 22 45 891 324 140 32 21 305 768 2258 564 192 388 291 110 33 108 1136 538 175 826 51 23 400 209 511 336 2172 4449
internal_value=-0.00362984 -0.0294106 0.00905228 -1.15273 -0.698368 0.439772 1.95563 -2.7391 -3.09727 1.33097 0.220421 -0.0149182 0.0165712 -0.44602 1.90848 -1.45579 0.767388 -1.92888 -0.0781329 0.176782 -0.855433 -0.00555443 -0.0360776 0.0349807 0.516335 0.847245 1.91489 0.185708 0.972237 -0.581142
internal_weight=49956 47211 45648 1563 1215 2745 347 348 326 813 2398 44835 41783 3052 483 815 143 672 2237 1849 713 41300 39018 34518 2282 1882 720 1162 2195 4500
internal_count=49956 47211 45648 1563 1215 2745 347 348 326 813 2398 44835 41783 3052 483 815 143 672 2237 1849 713 41300 39018 34518 2282 1882 720 1162 2195 4500
is_linear=0
shrinkage=0.05


Tree=203
num_leaves=31
num_cat=0
split_feature=8 6 8 6 6 0 8 6 8 6 8 8 5 5 1 6 8 6 6 0 8 6 8 6 6 6 8 8 0 8
split_gain=210107 348174 186193 774098 678070 456327 226970 225063 207259 186955 820234 785021 337238 268975 245676 242691 374612 421538 306028 291387 286528 600805 606429 436964 310748 302611 460379 333582 301338 251722
threshold=16180.853750000002 15970.238750000002 8574.8900000000012 8520.1200000000008 8482.0187500000011 21.330000000000005 9430.7200000000012 10439.907500000003 7375.7850000000008 14566.588750000001 14655.326250000002 14360.871250000002 1.0000000180025095e-35 22.500000000000004 8.5000000000000018 14055.557500000001 13458.635000000002 13235.073750000001 13347.875000000002 27.860625000000002 12261.76 11270.075000000003 10912.768750000001 12194.766250000002 9250.2250000000004 9961.751250000003 9808.4637500000008 10262.436250000001 31.712500000000009 13575.381250000002
decision_type=2 2 2 2 2 2 2 2 2 2 2 2 2 2 2 2 2 2 2 2 2 2 2 2 2 2 2 2 2 2
left_child=2 -2 4 6 -1 -6 -4 8 -7 11 -11 15 -13 -14 -12 16 17 20 19 -18 21 22 25 -22 -24 26 -5 -27 -28 -17
right_child=1 -3 3 9 5 7 -8 -9 -10 10 14 12 13 -15 -16 29 18 -19 -20 -21 23 -23 24 -25 -26 27 28 -29 -30 -31
leaf_value=-0.0061048453839124238 -1.4498118042945862 3.0069413607497868 0.9268934572563744 -0.045047862490132332 2.6844035296580371 -3.6036019119497853 3.1724564085321982 -4.8109611886434074 -0.89694626997559068 -1.8568302337767986 -0.061379895770232784 3.0783845293268244 -0.24389517596944332 1.6780594781453706 2.4938534018919642 -2.2001414627032845 3.0746575349188867 -1.0501053314907991 0.31634229425413579 0.617580207281055 1.4636752730184348 -0.63979366923526082 6.6144222632698391 0.093123091895878321 0.77325595726248797 -0.77841809866236455 0.5161963122514992 0.038688567199833851 2.1535275698085097 -0.35088105857278568
leaf_weight=12072 64 139 1607 9064 85 73 121 39 2272 715 3112 235 303 456 97 228 235 961 1166 248 820 3545 23 2000 2270 2441 1717 2558 336 954
leaf_count=12072 64 139 1607 9064 85 73 121 39 2272 715 3112 235 303 456 97 228 235 961 1166 248 820 3545 23 2000 2270 2441 1717 2558 336 954
internal_value=-0.00344835 1.60186 -0.00999824 0.0521593 -0.160517 -0.915503 1.08413 -1.04386 -0.981205 -0.0010976 -0.325368 0.0419483 1.42325 0.910797 0.0158584 -0.00611647 0.0241619 -0.0226505 0.754736 1.81305 0.0172052 -0.0437377 0.0710441 0.491652 0.831846 -0.0372036 0.108085 -0.360303 0.784167 -0.707591
internal_weight=49956 203 49753 35212 14541 2469 1728 2384 2345 33484 3924 29560 994 759 3209 28566 27384 25735 1649 483 24774 21954 18409 2820 2293 16116 11117 4999 2053 1182
internal_count=49956 203 49753 35212 14541 2469 1728 2384 2345 33484 3924 29560 994 759 3209 28566 27384 25735 1649 483 24774 21954 18409 2820 2293 16116 11117 4999 2053 1182
is_linear=0
shrinkage=0.05


Tree=204
num_leaves=31
num_cat=0
split_feature=8 6 4 6 8 6 8 6 0 6 8 6 6 4 8 6 8 1 1 6 0 8 6 6 8 4 6 6 8 4
split_gain=197653 689405 328715 603848 293227 523333 375586 299611 256220 210726 348118 373207 276190 354232 268626 466413 714255 436086 535209 326998 324943 266914 534122 503314 447713 431425 413558 379635 444849 291578
threshold=15158.182500000001 15095.071250000003 16.500000000000004 14843.492500000002 14360.871250000002 14566.588750000001 12792.373750000001 14102.270000000002 24.526875000000008 14055.557500000001 13458.635000000002 13235.073750000001 13347.875000000002 16.500000000000004 12534.63125 11219.600000000002 11407.567500000001 8.5000000000000018 3.5000000000000004 12194.766250000002 27.767500000000005 10504.796250000001 8981.4937500000015 9961.751250000003 9330.0212500000034 1.0000000180025095e-35 8944.215000000002 8520.1200000000008 8328.9287500000009 16.500000000000004
decision_type=2 2 2 2 2 2 2 2 2 2 2 2 2 2 2 2 2 2 2 2 2 2 2 2 2 2 2 2 2 2
left_child=1 4 3 -2 5 9 -7 -6 -5 10 11 14 13 -12 15 16 21 18 20 -20 -16 23 -23 24 27 -25 29 28 -1 -26
right_child=2 -3 -4 8 7 6 -8 -9 -10 -11 12 -13 -14 -15 17 -17 -18 -19 19 -21 -22 22 -24 25 26 -27 -28 -29 -30 -31
leaf_value=-0.071133288957107729 2.8191452968227435 -1.5926727914169412 -3.6078315238952636 2.1911685898334166 1.9350514605559939 -8.1085402343273163 -1.654174827280003 0.27639048109891162 0.10926597090209862 -0.67221163104078696 2.2751954223276769 -0.99760007869367928 0.30052518112198362 -1.5943727496093598 0.74657617236486284 -0.51127716010946322 1.4881790724965924 -1.0179476926888318 3.6276700431365145 1.2473881185102744 -1.2062479312254104 8.3799352736700143 0.37941356007497651 1.6899249627484079 2.5764294649945221 -0.75539937474155017 0.26513464327111497 -0.34543029064903813 0.60040915930503924 0.54117454143733468
leaf_weight=10619 251 693 50 158 366 25 229 1063 2286 1182 414 961 1166 69 723 4462 822 363 209 466 302 21 3161 191 356 3242 4399 8147 3212 348
leaf_count=10619 251 693 50 158 366 25 229 1063 2286 1182 414 961 1166 69 723 4462 822 363 209 466 302 21 3161 191 356 3242 4399 8147 3212 348
internal_value=-0.00327593 -0.0272575 0.409181 0.483708 -0.00393677 -0.026285 -2.28945 0.701212 0.243857 -0.0134637 0.00437337 -0.023603 0.716999 1.7224 -0.000797382 -0.0302249 0.0319588 0.55523 0.891149 1.98439 0.171208 -0.00356511 0.432214 -0.0490082 0.0232929 -0.61935 0.445202 -0.0746688 0.0848203 1.57037
internal_weight=49956 47211 2745 2695 46518 45089 254 1429 2444 44835 43653 42004 1649 483 41043 38980 34518 2063 1700 675 1025 33696 3182 30514 27081 3433 5103 21978 13831 704
internal_count=49956 47211 2745 2695 46518 45089 254 1429 2444 44835 43653 42004 1649 483 41043 38980 34518 2063 1700 675 1025 33696 3182 30514 27081 3433 5103 21978 13831 704
is_linear=0
shrinkage=0.05


Tree=205
num_leaves=31
num_cat=0
split_feature=8 6 8 8 6 8 4 4 1 6 1 4 5 5 4 4 5 4 1 8 6 8 8 1 1 6 3 8 6 6
split_gain=220563 473345 361836 260933 298792 367904 350116 504587 682131 599704 491491 577470 2.48567e+06 804878 2.93694e+06 902983 678376 674481 571053 511631 850606 492185 466450 422056 402419 369790 362547 302676 569256 302261
threshold=6687.0000000000009 6890.3150000000005 7677.1875000000009 7248.9962500000011 7794.3187500000013 8445.1737500000017 20.500000000000004 15.500000000000002 11.500000000000002 8592.5562500000015 3.5000000000000004 17.500000000000004 1.0000000180025095e-35 1.0000000180025095e-35 18.500000000000004 18.500000000000004 37.500000000000007 16.500000000000004 7.5000000000000009 10162.055000000002 11787.372500000001 9521.2987500000017 16180.853750000002 7.5000000000000009 7.5000000000000009 9659.246250000002 1.0000000180025095e-35 10598.030000000002 10756.986250000002 10334.691250000002
decision_type=2 2 2 2 2 2 2 2 2 2 2 2 2 2 2 2 2 2 2 2 2 2 2 2 2 2 2 2 2 2
left_child=-1 2 -2 -3 -5 -6 7 9 10 -7 22 12 19 14 -13 21 26 23 -19 -12 -21 -15 -9 -18 -8 -20 27 28 -14 -29
right_child=1 3 -4 4 5 6 24 8 -10 -11 11 13 16 15 -16 -17 17 18 25 20 -22 -23 -24 -25 -26 -27 -28 29 -30 -31
leaf_value=-0.62673997591773933 0.95947851759516256 -0.72420417322750086 6.0797666788101203 0.47823024381734341 -0.363766466574795 1.2415954337036323 0.83656530828921749 -0.94262123717302204 -3.1113038270852784 0.047738373423959694 0.43661618831065985 -5.3526229992761456 -0.6601532095343392 2.0271933123931904 1.7419091460362068 0.32515144864904938 0.3645406111377722 -6.8130584029924313 -0.47208723329949653 5.0740930617340219 0.1809315752640045 5.6932709520796081 5.2300926485369281 -3.3524940063879978 -0.73365019977289614 -6.8319577886212262 -2.2210351068037215 3.6249023041725161 -7.6350941200410167 0.08303323224966043
leaf_weight=1382 830 1236 36 3198 6681 1098 2391 2402 220 25051 260 236 519 449 382 1130 171 147 87 246 139 115 31 138 492 31 335 75 31 306
leaf_count=1382 830 1236 36 3198 6681 1098 2391 2402 220 25051 260 236 519 449 382 1130 171 147 87 246 139 115 31 138 492 31 335 75 31 306
internal_value=-0.00389994 0.0138613 1.17233 -0.00721635 0.0118988 -0.0226523 0.0398164 -0.00555637 -0.368571 0.0978686 -0.285113 0.00847947 -0.520673 0.577226 -0.96733 1.14071 -1.45694 -2.88273 -4.73352 2.15023 3.30747 2.77471 -0.863972 -1.29549 0.568599 -2.1429 -0.810488 -0.302934 -1.05329 0.780252
internal_weight=49845 48463 866 47597 46361 43163 36482 33599 7450 26149 7230 4797 2485 2312 618 1694 1840 574 265 645 385 564 2433 309 2883 118 1266 931 550 381
internal_count=49845 48463 866 47597 46361 43163 36482 33599 7450 26149 7230 4797 2485 2312 618 1694 1840 574 265 645 385 564 2433 309 2883 118 1266 931 550 381
is_linear=0
shrinkage=0.05


Tree=206
num_leaves=31
num_cat=0
split_feature=8 6 8 8 1 4 6 8 4 4 1 6 1 4 5 5 4 4 5 4 1 8 6 8 8 6 1 1 0 3
split_gain=199058 434167 383106 368423 319605 348206 281071 365683 345953 424068 580174 507535 386093 493486 2.19901e+06 700056 2.46926e+06 798942 590799 618951 515530 467867 767672 420776 416237 373130 372137 371386 886664 337213
threshold=6687.0000000000009 7161.2675000000008 7555.3212500000009 8427.2587500000027 11.500000000000002 3.5000000000000004 8021.0750000000007 8538.2500000000018 20.500000000000004 15.500000000000002 11.500000000000002 8813.1425000000017 3.5000000000000004 17.500000000000004 1.0000000180025095e-35 1.0000000180025095e-35 18.500000000000004 18.500000000000004 37.500000000000007 16.500000000000004 7.5000000000000009 10162.055000000002 11787.372500000001 9521.2987500000017 16180.853750000002 9659.246250000002 7.5000000000000009 7.5000000000000009 29.036250000000006 1.0000000180025095e-35
decision_type=2 2 2 2 2 2 2 2 2 2 2 2 2 2 2 2 2 2 2 2 2 2 2 2 2 2 2 2 2 2
left_child=-1 3 4 -2 -3 -6 -4 -8 9 11 12 -9 24 14 21 16 27 23 29 26 -21 -14 -23 -17 -11 -22 -20 28 -15 -16
right_child=1 2 6 -5 5 -7 7 8 -10 10 -12 -13 13 15 18 17 -18 -19 19 20 25 22 -24 -25 -26 -27 -28 -29 -30 -31
leaf_value=-0.59540297834178391 0.71112151958773329 -0.88149118985518116 0.43151882424315097 6.950424738725026 4.7447456990772823 -0.13399036150362531 -0.39500235532259786 1.0397846977243996 0.58563435211180814 -0.86329522946094339 -2.9777238445393013 0.035235515041432651 0.36081174899296586 -13.240045068264008 -0.27248150986831704 1.9670122278042328 1.5809035093097366 0.31178085412667461 0.34470410732593498 -6.4724054544961378 0.043927091843373067 4.8203884081263855 0.17188497035623454 5.4086074225798901 4.9685881676212436 -6.4903597797116932 -3.1643355839392719 -3.0403529974975085 -3.8836548135764364 -2.1418665158766799
leaf_weight=1382 1670 1844 3715 24 53 118 5681 1326 2659 2347 204 24294 249 40 912 390 354 1002 170 147 74 246 139 115 31 31 136 95 69 328
leaf_count=1382 1670 1844 3715 24 53 118 5681 1326 2659 2347 204 24294 249 40 912 390 354 1002 170 147 74 246 139 115 31 31 136 95 69 328
internal_value=-0.00370494 0.0131683 -0.0153138 0.799518 -0.689732 1.37813 0.0150512 -0.022649 0.0371773 -0.00742181 -0.349972 0.0872274 -0.271999 0.000474005 -0.482167 0.568892 -0.944028 1.12908 -1.37496 -2.72606 -4.56109 2.04976 3.1421 2.75074 -0.78727 -1.88524 -1.21487 -5.32553 -7.31719 -0.766964
internal_weight=49845 48463 46769 1694 2015 171 44754 41039 35358 32699 7079 25620 6875 4497 2432 2065 558 1507 1798 558 252 634 385 505 2378 105 306 204 109 1240
internal_count=49845 48463 46769 1694 2015 171 44754 41039 35358 32699 7079 25620 6875 4497 2432 2065 558 1507 1798 558 252 634 385 505 2378 105 306 204 109 1240
is_linear=0
shrinkage=0.05


Tree=207
num_leaves=31
num_cat=0
split_feature=7 5 4 4 4 4 6 3 4 7 5 4 4 7 4 4 1 4 5 0 4 6 7 5 4 1 4 6 6 7
split_gain=162462 351075 422526 285789 1.28859e+06 316937 328447 409833 230766 225379 314520 1.2e+06 707383 218514 212419 206634 284732 195502 396617 186130 444964 327034 313566 255922 360241 205207 350893 247351 294215 215093
threshold=8727.7525000000023 1.0000000180025095e-35 1.0000000180025095e-35 16.500000000000004 18.500000000000004 17.500000000000004 8244.6412500000024 1.0000000180025095e-35 1.5000000000000002 10200.72875 1.0000000180025095e-35 1.0000000180025095e-35 1.0000000180025095e-35 8079.3000000000011 14.500000000000002 3.5000000000000004 6.5000000000000009 2.5000000000000004 1.0000000180025095e-35 22.866875000000004 5.5000000000000009 13997.853750000004 11998.110000000002 1.0000000180025095e-35 6.5000000000000009 10.500000000000002 15.500000000000002 9550.9912500000009 10915.581250000001 9846.5800000000017
decision_type=2 2 2 2 2 2 2 2 2 2 2 2 2 2 2 2 2 2 2 2 2 2 2 2 2 2 2 2 2 2
left_child=1 2 -1 14 5 -5 13 -8 9 -2 11 -11 -12 -7 -4 16 -10 -18 -19 20 -17 22 -22 -23 -25 -21 27 -27 -29 -28
right_child=8 -3 3 4 -6 6 7 -9 15 10 12 -13 -14 -15 -16 19 17 18 -20 25 21 23 -24 24 -26 26 29 28 -30 -31
leaf_value=-2.0635522801074826 -0.070237639677239672 0.26261117885409657 0.1963210658632204 -0.29094559366349132 0.020155317598960682 -4.6515077287736153 -3.976516412001736 -9.5859269659569915 -0.9217354140157682 -2.756545768864453 2.2829341251700206 5.6287167075788602 -0.86019631452314194 -0.054247597844923959 2.6742988446911617 -0.36744161662288644 1.3584315368535926 2.4276808950495212 -1.3033917041051957 -0.072583451410319397 0.65618789445090553 1.9199560059714564 2.4365223736463606 1.3422941827537991 -2.3776765846815269 -2.6328338900925936 -1.3250493241802737 1.3291456965648929 -0.71197625493859185 -4.8660335609236283
leaf_weight=305 931 12063 1743 64 1634 46 106 47 1589 64 326 128 397 59 91 1187 267 94 294 25903 575 97 434 101 183 108 102 254 579 74
leaf_count=305 931 12063 1743 64 1634 46 106 47 1589 64 326 128 397 59 91 1187 267 94 294 25903 575 97 434 101 183 108 102 254 579 74
internal_value=-0.00351969 0.126819 -0.273197 -0.129118 -0.549543 -3.4405 -4.22178 -5.69967 -0.0660367 0.477467 1.03475 2.83363 0.557038 -2.06829 0.319274 -0.0975466 -0.56013 0.317108 -0.399472 -0.0624742 0.343538 0.950684 1.42196 -0.297395 -1.05473 -0.101197 -0.764744 -0.381485 -0.0895933 -2.81387
internal_weight=49845 16158 4095 3790 1956 322 258 153 33687 1846 915 192 723 105 1834 31841 2244 655 388 29597 2577 1390 1009 381 284 27020 1117 941 833 176
internal_count=49845 16158 4095 3790 1956 322 258 153 33687 1846 915 192 723 105 1834 31841 2244 655 388 29597 2577 1390 1009 381 284 27020 1117 941 833 176
is_linear=0
shrinkage=0.05


Tree=208
num_leaves=31
num_cat=0
split_feature=8 7 1 1 3 8 8 4 7 4 8 7 8 7 7 1 8 1 7 7 4 7 8 4 4 8 1 7 0 4
split_gain=187671 301324 338137 199821 262468 344098 183706 178222 202062 157557 151519 500446 436837 301840 293319 264694 354742 259106 254265 245752 242703 203789 344578 419653 246400 269251 240195 386457 255133 248721
threshold=7160.8112500000016 7251.2800000000016 7.5000000000000009 10.500000000000002 1.0000000180025095e-35 5948.7587500000009 6464.4537500000015 19.500000000000004 6754.0037500000008 22.500000000000004 13930.993750000003 15709.533750000001 12739.3575 13673.840000000002 9614.7525000000023 3.5000000000000004 14563.515000000001 2.5000000000000004 9098.8137500000012 16057.815000000002 8.5000000000000018 9098.8137500000012 9190.5612500000025 6.5000000000000009 1.0000000180025095e-35 11947.117500000002 3.5000000000000004 13603.623750000001 30.828125000000004 22.500000000000004
decision_type=2 2 2 2 2 2 2 2 2 2 2 2 2 2 2 2 2 2 2 2 2 2 2 2 2 2 2 2 2 2
left_child=3 2 9 6 7 -6 -1 8 -5 -2 11 21 19 14 18 16 -15 -18 -12 -13 -17 -3 23 -23 25 -24 27 29 -28 -26
right_child=1 10 -4 4 5 -7 -8 -9 -10 -11 13 12 -14 15 -16 20 17 -19 -20 -21 -22 22 24 -25 26 -27 28 -29 -30 -31
leaf_value=-1.8504559149122297 -0.46137867365305019 0.10778336566679032 1.2140932569211154 0.67131085479677022 -4.3382236955155227 -0.32242652026015794 -0.49901867973651709 -0.36032609825332962 3.117901179588066 2.0583564169165016 1.7083464178545722 -4.1623863511742689 -10.402233791351319 -1.0087438340432844 1.0561388311435154 -0.56030203142473778 0.62119381513382255 -0.24461609568161835 -2.2727887644676064 2.6546756792068482 2.5765555753998584 0.14069262723368142 0.6894987134094811 -0.89938947654061419 -0.28646347152425877 5.040236157492588 -0.067772054003100241 -1.5685577865806006 0.46770281142956183 1.2943701762068636
leaf_weight=307 615 15517 1078 414 63 348 1390 300 106 69 58 39 20 827 1431 93 1564 1931 130 20 183 1497 554 2754 4614 38 10199 578 2845 263
leaf_count=307 615 15517 1078 414 63 348 1390 300 106 69 58 39 20 827 1431 93 1564 1931 130 20 183 1497 554 2754 4614 38 10199 578 2845 263
internal_value=-0.00334371 0.0208933 0.662356 -0.391706 0.0932655 -0.937987 -0.743504 0.610149 1.17004 -0.207195 -0.00413736 -0.0407351 -4.01626 0.22508 0.812203 0.018348 -0.0775191 0.142831 -1.04457 -1.85152 1.51957 -0.0326529 -0.12601 -0.533122 -0.0353586 0.968769 -0.0674924 -0.346095 0.0490193 -0.201214
internal_weight=49845 46917 1762 2928 1231 411 1697 820 520 684 45155 38938 79 6217 1619 4598 4322 3495 188 59 276 38859 23342 4251 19091 592 18499 5455 13044 4877
internal_count=49845 46917 1762 2928 1231 411 1697 820 520 684 45155 38938 79 6217 1619 4598 4322 3495 188 59 276 38859 23342 4251 19091 592 18499 5455 13044 4877
is_linear=0
shrinkage=0.05


Tree=209
num_leaves=31
num_cat=0
split_feature=4 1 4 4 5 5 4 4 4 4 1 4 1 6 7 1 7 6 6 1 1 0 1 6 4 4 7 5 4 4
split_gain=151296 362440 267039 536341 876141 294308 1.86258e+06 1.08004e+06 821105 1.11711e+06 539879 467620 445639 291398 278632 262397 258096 243332 243063 234779 230515 245782 396158 264991 229448 449874 430236 246936 1.11859e+06 635454
threshold=7.5000000000000009 6.5000000000000009 1.5000000000000002 2.5000000000000004 1.0000000180025095e-35 1.0000000180025095e-35 6.5000000000000009 3.5000000000000004 6.5000000000000009 4.5000000000000009 8.5000000000000018 5.5000000000000009 10.500000000000002 8592.5562500000015 9240.282500000003 7.5000000000000009 12423.801250000002 11035.775000000003 13300.582500000002 11.500000000000002 7.5000000000000009 22.923125000000002 9.5000000000000018 9017.4675000000007 3.5000000000000004 1.5000000000000002 10112.530000000001 1.0000000180025095e-35 1.0000000180025095e-35 1.0000000180025095e-35
decision_type=2 2 2 2 2 2 2 2 2 2 2 2 2 2 2 2 2 2 2 2 2 2 2 2 2 2 2 2 2 2
left_child=1 24 14 4 -4 6 7 -5 9 13 16 -12 -13 -7 -3 -16 18 -8 -11 -10 -6 -22 23 -23 25 26 -1 28 -28 -29
right_child=-2 2 3 5 20 8 17 -9 19 10 11 12 -14 -15 15 -17 -18 -19 -20 -21 21 22 -24 -25 -26 -27 27 29 -30 -31
leaf_value=-0.42084533038138433 -0.064606520259552588 -0.31164988396764165 -0.99225810152568905 2.9412624476148803 0.767868707933136 0.22756745884976082 6.8958045450349648 -0.94331715330894872 -1.7174635489135515 3.5426296741122614 -0.51695869054074917 0.60680440786865453 4.1115468312341434 -1.2131871717182063 4.3938486438185453 0.12512190409359478 0.49027815362257243 3.6459892941017951 -0.11132948492087572 1.5293906833793296 1.8281969322121716 1.4081661224365236 7.096454391479492 4.8184973059916025 0.16055814268660804 -0.84420533205194737 -2.5629233856818505 2.118700050144608 5.2767717161545384 -0.82767469209554556
leaf_weight=1347 33290 1754 237 238 148 682 96 721 638 423 418 248 143 723 63 84 113 144 51 61 251 129 75 102 4472 2259 70 344 130 391
leaf_count=1347 33290 1754 237 238 148 682 96 721 638 423 418 248 143 723 63 84 113 144 51 61 251 129 75 102 4472 2259 70 344 130 391
internal_value=-0.00317652 0.120351 0.376101 0.548815 1.63772 0.330524 1.0066 0.0207391 0.0989211 0.481497 1.48324 0.645674 1.88859 -0.513832 -0.136408 1.95458 2.63757 4.94592 3.14948 -1.43412 2.52184 2.98788 3.93913 2.91403 -0.0936575 -0.34401 0.151143 0.975174 2.53288 0.551309
internal_weight=49845 16555 7542 5641 942 4699 1199 959 3500 2801 1396 809 391 1405 1901 147 587 240 474 699 705 557 306 231 9013 4541 2282 935 200 735
internal_count=49845 16555 7542 5641 942 4699 1199 959 3500 2801 1396 809 391 1405 1901 147 587 240 474 699 705 557 306 231 9013 4541 2282 935 200 735
is_linear=0
shrinkage=0.05


Tree=210
num_leaves=31
num_cat=0
split_feature=4 4 5 0 0 8 6 0 4 6 8 6 0 8 6 6 4 5 4 4 4 8 4 5 4 4 8 5 0 8
split_gain=200996 632222 517801 538081 502947 314749 378652 245075 294422 280740 348008 656341 209856 213630 563306 400935 225788 796899 1.55651e+06 1.26774e+06 875559 877986 697516 608111 2.50427e+06 780088 583844 508505 495552 470458
threshold=6.5000000000000009 5.5000000000000009 1.0000000180025095e-35 23.800625000000007 22.866875000000004 10958.562500000002 11073.452500000001 32.485625000000006 15.500000000000002 9034.5450000000001 10296.880000000003 10474.948750000001 17.773750000000003 14655.326250000002 14843.492500000002 14425.477500000003 17.500000000000004 1.0000000180025095e-35 8.5000000000000018 14.500000000000002 16.500000000000004 8445.1737500000017 8.5000000000000018 1.0000000180025095e-35 18.500000000000004 18.500000000000004 8462.751250000003 22.500000000000004 26.956875000000007 11218.522500000001
decision_type=2 2 2 2 2 2 2 2 2 2 2 2 2 2 2 2 2 2 2 2 2 2 2 2 2 2 2 2 2 2
left_child=1 -1 3 -3 -4 -6 -7 12 -9 -10 11 -11 -2 14 16 -15 17 18 28 -20 22 -22 -19 24 26 -25 -18 -23 -14 -28
right_child=7 2 4 -5 5 6 -8 8 9 10 -12 -13 13 15 -16 -17 23 20 19 -21 21 27 -24 25 -26 -27 29 -29 -30 -31
leaf_value=0.025045266984771754 3.7523281533377517 -1.8149389529714779 2.7672598756849767 1.4020360211957679 0.2441782452473179 8.575753400439309 1.6488968365065799 0.4694305769560001 0.69603913100008374 -1.4538501247745508 -0.053707459885028022 -10.729356341361999 2.9804950751403041 2.063864524282363 -2.5424487420001896 0.088917683610521048 -0.8903074609460655 -1.079260869626292 -0.89610021664212669 1.2731880111874412 1.7660605111699195 -0.65639536361658268 -0.097667882045212928 1.3253936868120295 0.0065474657410705146 0.031044025534949522 -5.7513403198463005 -2.9777096015303886 0.027798106156937452 0.54052585688504307
leaf_weight=12451 35 294 480 233 743 21 326 4023 457 411 653 20 624 294 246 2041 108 2347 1994 1017 157 347 7907 1374 2546 7619 298 737 184 33
leaf_count=12451 35 294 480 233 743 21 326 4023 457 411 653 20 624 294 246 2041 108 2347 1994 1017 157 347 7907 1374 2546 7619 298 737 184 33
internal_value=0.00380834 0.160315 0.963482 -0.392633 1.41869 0.824822 2.0681 -0.0603791 0.244324 -0.343349 -0.781541 -1.88427 -0.117065 -0.121599 -0.160534 0.337583 -0.139064 -0.266253 0.359506 -0.163398 -0.47415 -1.7285 -0.322341 0.023549 -0.594823 0.228802 -4.08249 -2.23463 2.3081 -5.12405
internal_weight=50020 14548 2097 527 1570 1090 347 35472 5564 1541 1084 431 29908 29873 27538 2335 27292 15314 3819 3011 11495 1241 10254 11978 2985 8993 439 1084 808 331
internal_count=50020 14548 2097 527 1570 1090 347 35472 5564 1541 1084 431 29908 29873 27538 2335 27292 15314 3819 3011 11495 1241 10254 11978 2985 8993 439 1084 808 331
is_linear=0
shrinkage=0.05


Tree=211
num_leaves=31
num_cat=0
split_feature=8 6 6 0 4 0 6 7 8 6 8 6 8 6 8 6 6 0 8 6 6 4 0 7 8 6 8 6 7 8
split_gain=194673 565766 354944 247406 297937 211801 307400 198090 316100 549319 347619 325008 305698 290907 285737 483372 254602 229894 211057 648163 587361 332720 547806 294278 279977 422909 416127 313515 263825 238299
threshold=7411.4975000000013 7293.3300000000008 7161.2675000000008 21.711250000000003 3.5000000000000004 22.595625000000002 6946.5425000000005 8801.5025000000005 8907.4562500000011 8813.1425000000017 10040.423750000002 8632.2162500000013 9049.9500000000025 7794.3187500000013 9629.0500000000011 9349.3500000000004 12748.266250000002 20.413125000000004 12792.373750000001 13039.108750000001 12748.266250000002 14.500000000000002 33.976250000000014 14736.916250000002 12261.76 11219.600000000002 11407.567500000001 11184.732500000002 15095.360000000002 14496.095000000001
decision_type=2 2 2 2 2 2 2 2 2 2 2 2 2 2 2 2 2 2 2 2 2 2 2 2 2 2 2 2 2 2
left_child=2 5 -1 4 -4 6 -2 12 11 10 -10 -9 17 -14 16 -16 -11 -3 20 29 24 23 -23 -22 25 26 -17 -26 -27 -20
right_child=1 7 3 -5 -6 -7 -8 8 9 14 -12 -13 13 -15 15 18 -18 -19 19 -21 21 22 -24 -25 27 28 -28 -29 -30 -31
leaf_value=0.033331025168699686 9.3659658506512642 1.7476585040591202 3.9789381490813365 -1.1286356678339424 -0.66349293074260163 1.2017488837871753 1.9648822491473341 -0.055048572604372216 0.95076789893172942 -0.39323834002581182 5.7618247301150589 -0.95766359430843129 5.0534484193131739 0.58943325315285311 1.3778463042198226 -0.035484701151751702 -4.262270925211352 0.01824997422203278 1.0462232138993872 0.0042672210115764107 -1.3473538856038212 -2.2350282734526057 -10.865122058174826 1.4046874079871841 4.3269589326360771 -0.49683974264593778 1.2613396245853965 0.51793603939211408 -2.5427337944866668 4.2456273297794533
leaf_weight=2596 20 196 54 1403 96 568 47 2179 1007 3812 39 1839 37 2678 645 7284 43 9818 1268 8353 692 112 22 113 57 3105 676 1034 166 61
leaf_count=2596 20 196 54 1403 96 568 47 2179 1007 3812 39 1839 37 2678 645 7284 43 9818 1268 8353 692 112 22 113 57 3105 676 1034 166 61
internal_value=0.00361793 0.0332836 -0.324363 -0.922285 1.00778 1.51537 4.17416 0.0124787 -0.0529951 0.00555944 1.13015 -0.468167 0.179684 0.650269 -0.0373047 0.0279189 -0.436395 0.052099 -0.0100318 0.167449 -0.139612 -1.34504 -3.65191 -0.961042 -0.0477523 -0.122036 0.0746476 0.716941 -0.600667 1.19307
internal_weight=50020 45871 4149 1553 150 635 67 45236 32507 28489 1046 4018 12729 2715 27443 23588 3855 10014 22943 9682 13261 939 134 805 12322 11231 7960 1091 3271 1329
internal_count=50020 45871 4149 1553 150 635 67 45236 32507 28489 1046 4018 12729 2715 27443 23588 3855 10014 22943 9682 13261 939 134 805 12322 11231 7960 1091 3271 1329
is_linear=0
shrinkage=0.05


Tree=212
num_leaves=31
num_cat=0
split_feature=4 4 5 0 0 1 8 1 5 4 4 8 4 8 4 4 1 4 1 8 8 1 0 4 1 8 7 7 5 0
split_gain=183195 577235 469133 486215 454759 315754 281568 245286 338035 566434 420100 770991 298468 263230 329179 529940 646617 458649 799377 385329 334372 331593 259636 230656 526502 303441 294885 232668 265483 502113
threshold=6.5000000000000009 5.5000000000000009 1.0000000180025095e-35 23.800625000000007 22.866875000000004 6.5000000000000009 10958.562500000002 5.5000000000000009 1.0000000180025095e-35 1.0000000180025095e-35 3.5000000000000004 10504.796250000001 2.5000000000000004 12062.01375 2.5000000000000004 1.5000000000000002 7.5000000000000009 4.5000000000000009 8.5000000000000018 6754.0037500000008 8261.5700000000015 10.500000000000002 17.155625000000004 1.0000000180025095e-35 3.5000000000000004 12676.840000000002 13673.840000000002 9059.4550000000017 1.0000000180025095e-35 21.810625000000005
decision_type=2 2 2 2 2 2 2 2 2 2 2 2 2 2 2 2 2 2 2 2 2 2 2 2 2 2 2 2 2 2
left_child=1 7 3 -3 -4 -6 -7 23 9 -9 11 12 -11 14 15 20 -17 21 -19 -18 -10 -16 -20 24 27 -25 -27 -1 -29 -30
right_child=-2 2 4 -5 5 6 -8 8 13 10 -12 -13 -14 -15 17 16 19 18 22 -21 -22 -23 -24 25 -26 26 -28 28 29 -31
leaf_value=4.6121494204368236 -0.057842283303138203 -1.722533754811806 2.6359240004668631 1.3354680709572821 -0.040532757271221159 0.85822303870311978 3.3112368912703687 -2.3773858223508224 -0.12569486736334465 -0.24833822325613208 -1.0719562628826176 7.4021979285449522 1.8108462398938041 3.2040139503422242 -0.80712322543568205 -0.081009437314388325 0.63811163298235651 2.5203457608561459 -5.4848350057235136 3.6129567696556153 1.5174366032905586 1.0389573802658338 -0.31105676471773125 -0.60662625646271939 -0.92640375162253297 0.72575089083417688 -1.127620956013887 -0.96077393028471203 -0.95456753100889424 2.9153293403783453
leaf_weight=53 35472 294 480 233 559 357 174 295 1284 578 534 41 253 84 1409 297 149 405 26 404 408 294 360 3441 391 953 277 117 120 278
leaf_count=53 35472 294 480 233 559 357 174 295 1284 578 534 41 253 84 1409 297 149 405 26 404 408 294 360 3441 391 953 277 117 120 278
internal_value=0.00343703 0.152853 0.920298 -0.370514 1.35358 0.788884 1.66204 0.0235994 0.22522 -0.385455 0.0324823 0.708824 0.378586 0.428102 0.3818 0.782209 1.80077 -0.0263149 0.968589 2.81142 0.270521 -0.488422 -0.65955 -0.220673 0.485634 -0.365684 0.308366 1.45765 1.13302 1.74853
internal_weight=50020 14548 2097 527 1570 1090 531 12451 6821 1701 1406 872 831 5120 5036 2542 850 2494 791 553 1692 1703 386 5630 959 4671 1230 568 515 398
internal_count=50020 14548 2097 527 1570 1090 531 12451 6821 1701 1406 872 831 5120 5036 2542 850 2494 791 553 1692 1703 386 5630 959 4671 1230 568 515 398
is_linear=0
shrinkage=0.05


Tree=213
num_leaves=31
num_cat=0
split_feature=8 7 8 1 7 8 7 0 7 7 1 1 0 1 0 8 2 8 8 3 1 1 7 8 7 1 0 8 0 1
split_gain=172219 276137 251734 241764 235866 234314 213494 196806 192774 191524 185326 165338 227539 379879 371288 210593 201429 263176 152483 151366 158262 344313 298458 209361 309383 246634 260325 255476 235156 153896
threshold=7411.4975000000013 8801.5025000000005 9602.5350000000017 11.500000000000002 6180.5912500000004 9068.8012500000023 6687.0000000000009 20.413125000000004 6890.3150000000005 12345.786250000001 3.5000000000000004 9.5000000000000018 23.505625000000006 10.500000000000002 17.773750000000003 9348.4750000000022 1.0000000180025095e-35 8037.0175000000008 8811.3312500000011 1.0000000180025095e-35 10.500000000000002 7.5000000000000009 15095.360000000002 11407.567500000001 9692.6225000000013 8.5000000000000018 27.958125000000006 14150.711250000002 24.905625000000008 6.5000000000000009
decision_type=2 2 2 2 2 2 2 2 2 2 2 2 2 2 2 2 2 2 2 2 2 2 2 2 2 2 2 2 2 2
left_child=3 4 9 -1 -2 7 -5 -6 -7 11 -11 -3 13 18 -15 -16 -14 -18 -13 20 21 29 23 24 -23 28 27 -27 -25 -4
right_child=1 2 19 6 5 8 -8 -9 -10 10 -12 12 16 14 15 -17 17 -19 -20 -21 -22 22 -24 25 -26 26 -28 -29 -30 -31
leaf_value=-0.46383296103970084 4.0574487590789792 -0.1715666235544917 0.093829582155730382 -0.39962965070777096 1.6335223247823507 2.8825833279801452 1.4756825290168778 0.076481221526093768 0.55275860776371932 -6.0942113240559905 -1.2045734642511345 -3.4178761074759745 -1.2409751643513292 -2.468648421764374 7.1962078056837386 1.3563379283134755 -1.4245991531540367 -8.036654069688586 0.038552260791000569 -0.16984137710367148 -0.49558995004105144 1.7904883240594676 -1.8097094645911409 3.7477995439529419 0.070511440223988295 -0.64038566546494602 1.4640801272217125 2.2433292261932207 1.347702207120149 -0.40654642496116455
leaf_weight=3538 40 7863 10641 281 207 92 330 10359 2541 21 251 55 355 24 38 26 34 27 76 6443 1004 304 129 125 1868 465 439 92 556 1796
leaf_count=3538 40 7863 10641 281 207 92 330 10359 2541 21 251 55 355 24 38 26 34 27 76 6443 1004 304 129 125 1868 465 439 92 556 1796
internal_value=0.00326518 0.0311675 -0.0469716 -0.305221 0.223768 0.21215 0.613223 0.106985 0.634165 -0.276044 -1.58208 -0.234241 -1.01032 0.294155 2.83492 4.82376 -1.69705 -4.35125 -1.41262 0.0372194 0.113808 0.151081 0.555985 0.635271 0.311245 1.05494 0.553552 -0.164081 1.78825 0.0215714
internal_weight=50020 45871 32632 4149 13239 13199 611 10566 2633 8770 272 8498 635 219 88 64 416 61 131 23862 17419 16415 3978 3849 2172 1677 996 557 681 12437
internal_count=50020 45871 32632 4149 13239 13199 611 10566 2633 8770 272 8498 635 219 88 64 416 61 131 23862 17419 16415 3978 3849 2172 1677 996 557 681 12437
is_linear=0
shrinkage=0.05


Tree=214
num_leaves=31
num_cat=0
split_feature=4 4 3 0 4 6 8 6 7 8 6 7 6 8 8 8 7 8 8 6 0 6 8 4 6 8 8 8 6 1
split_gain=167976 517939 260393 224160 267008 255786 436323 524726 242146 247274 316039 504024 347194 277064 267620 235269 226342 555510 342308 463650 435268 330702 452836 343798 335102 491373 334310 242491 242404 218920
threshold=6.5000000000000009 5.5000000000000009 1.0000000180025095e-35 32.485625000000006 15.500000000000002 9270.3562500000025 10373.172500000002 10599.892500000002 10271.996250000002 11033.766250000002 14248.518750000001 14058.741250000001 12973.690000000001 14052.772500000001 16180.853750000002 8796.1450000000023 9059.4550000000017 9130.2912500000039 10875.905000000002 10334.691250000002 28.109375000000004 9349.3500000000004 9834.5875000000015 19.500000000000004 10599.892500000002 10912.768750000001 12261.76 7064.0087500000009 6754.0037500000008 5.5000000000000009
decision_type=2 2 2 2 2 2 2 2 2 2 2 2 2 2 2 2 2 2 2 2 2 2 2 2 2 2 2 2 2 2
left_child=1 29 -3 16 -5 -6 7 15 -8 -10 11 12 -11 -13 -12 -7 18 -18 27 20 -20 -19 23 -23 26 -26 -24 -2 -29 -1
right_child=3 2 -4 4 5 6 8 -9 9 10 14 13 -14 -15 -16 -17 17 21 19 -21 -22 22 24 -25 25 -27 -28 28 -30 -31
leaf_value=-0.20702862604847097 -0.8348994580123833 1.2246376637330281 -0.010032377632294268 0.45020491964147402 0.50767940936616551 -6.2431503030988909 3.0938387402466367 -10.130824575424194 -3.2800512047950181 0.76340322648089365 -1.8006805989874435 2.026213423944101 -5.1742345250886066 8.2342534482479106 4.1058290209089012 -1.3626460595062859 -0.97618354553502584 0.62668745016807326 10.347437304037589 0.70714339665096748 1.9492486344443429 -1.7274321839208662 0.34577651088337569 0.066816979948958161 -1.2590799337081091 -0.11779869141009379 5.8389803358486727 2.5937191362394709 0.05680044461588947 0.21421779441776809
leaf_weight=5630 778 1500 597 4023 578 27 56 20 64 163 221 41 29 32 21 289 2146 1359 27 230 36 791 2562 403 1044 9760 28 95 10649 6821
leaf_count=5630 778 1500 597 4023 578 27 56 20 64 163 221 41 29 32 21 289 2146 1359 27 230 36 791 2562 403 1044 9760 28 95 10649 6821
internal_value=0.00310192 0.146176 0.873136 -0.0555767 0.235835 -0.32381 -0.822876 -2.27674 -0.0437696 -0.351486 0.0181948 1.21114 -0.133427 4.74755 -1.28813 -1.77965 -0.10979 -0.220943 0.0604246 1.74811 5.54847 -0.119309 -0.188806 -1.12184 -0.105631 -0.228082 0.405162 0.0175073 0.0792322 0.0237417
internal_weight=50020 14548 2097 35472 5564 1541 963 336 627 571 507 265 192 73 242 316 29908 18093 11815 293 63 15947 14588 1194 13394 10804 2590 11522 10744 12451
internal_count=50020 14548 2097 35472 5564 1541 963 336 627 571 507 265 192 73 242 316 29908 18093 11815 293 63 15947 14588 1194 13394 10804 2590 11522 10744 12451
is_linear=0
shrinkage=0.05


Tree=215
num_leaves=31
num_cat=0
split_feature=4 8 1 7 7 8 7 8 4 1 7 7 0 8 1 0 4 1 8 1 8 8 4 8 8 7 4 8 0 4
split_gain=143317 354030 332690 363329 303280 278939 400010 261011 275012 258102 255709 254122 253032 240040 185476 179858 263742 634142 373514 203130 370379 285591 246106 224029 497291 207112 514724 288563 195314 194288
threshold=7.5000000000000009 15271.990000000002 6.5000000000000009 15418.152500000002 15970.585000000001 12676.840000000002 13673.840000000002 12062.01375 6.5000000000000009 1.5000000000000002 13218.593750000002 10112.530000000001 27.000625000000003 13930.993750000003 7.5000000000000009 30.596250000000005 22.500000000000004 1.5000000000000002 10711.386250000001 3.5000000000000004 11218.522500000001 14563.515000000001 16.500000000000004 10631.551250000002 11361.776250000001 10728.437500000002 14.500000000000002 8498.9237500000017 25.239375000000006 18.500000000000004
decision_type=2 2 2 2 2 2 2 2 2 2 2 2 2 2 2 2 2 2 2 2 2 2 2 2 2 2 2 2 2 2
left_child=1 2 3 5 -3 -1 9 -4 13 -7 12 -10 -11 -9 -13 16 28 -18 -19 21 25 23 -22 -17 -25 27 -27 -21 -2 -30
right_child=15 4 7 -5 -6 6 -8 8 11 10 -12 14 -14 -15 -16 19 17 18 -20 20 22 -23 -24 24 -26 26 -28 -29 29 -31
leaf_value=-0.2325028803453637 -0.42873231168555553 3.3289435809658423 0.2535577098650808 -3.5355124849777719 -0.56175584221208419 3.6078487261452459 -0.52510340008103917 2.0902175707989428 -4.8740267233415082 0.095923317078438652 1.8563709757191704 -0.98297353070609439 5.6641427062806633 7.6567456790379111 1.7858316647666919 0.39546204579984723 3.2646503356065644 0.063525907610423732 6.7700446810041157 -0.4755127567480677 0.92196165244144401 0.075616594231334683 4.2343229144306509 -8.9258239480582144 -1.2563258634984051 0.058558647613302407 -2.8199086197018626 0.50288569626819735 -0.18564407902501234 0.22788100803036265
leaf_weight=6910 5877 155 7013 77 74 88 668 249 22 717 376 98 21 21 158 199 178 1826 21 1007 1132 2257 59 22 538 695 200 2995 12601 3667
leaf_count=6910 5877 155 7013 77 74 88 668 249 22 717 376 98 21 21 158 199 178 1826 21 1007 1132 2257 59 22 538 695 200 2995 12601 3667
internal_value=-0.000467999 0.119306 0.0920739 -0.115884 2.07169 -0.0858945 0.455851 0.335677 1.3866 1.00101 0.79508 0.282739 0.254369 2.52317 0.725898 -0.060391 -0.131735 0.414458 0.139778 0.12902 0.295254 -0.206534 1.08605 -1.04555 -1.55763 0.102924 -0.584674 0.256697 -0.181681 -0.0924306
internal_weight=49921 16647 16418 8857 229 8780 1870 7561 548 1202 1114 278 738 270 256 33274 24170 2025 1847 9104 6088 3016 1191 759 560 4897 895 4002 22145 16268
internal_count=49921 16647 16418 8857 229 8780 1870 7561 548 1202 1114 278 738 270 256 33274 24170 2025 1847 9104 6088 3016 1191 759 560 4897 895 4002 22145 16268
is_linear=0
shrinkage=0.05


Tree=216
num_leaves=31
num_cat=0
split_feature=6 8 8 5 4 4 8 7 7 7 4 1 6 7 8 6 8 8 6 8 6 8 8 6 8 6 8 6 7 1
split_gain=188378 622840 585859 276023 294078 239910 233268 349284 286401 223518 198011 190197 173176 377944 318395 303407 342740 257578 345446 352279 415365 436606 435654 455088 492347 555462 517424 322960 323793 402756
threshold=14566.588750000001 14496.095000000001 14563.515000000001 1.0000000180025095e-35 16.500000000000004 14.500000000000002 15417.848750000003 14566.792500000001 9794.0100000000002 16182.750000000002 8.5000000000000018 2.5000000000000004 6180.5912500000004 5948.7587500000009 6687.0000000000009 7161.2675000000008 8427.2587500000027 7733.2925000000005 8134.5937500000009 8666.5600000000031 9387.6000000000004 9474.6565000000028 10333.657500000003 10998.078750000002 11680.070000000002 12194.766250000002 12739.3575 13347.875000000002 12065.997500000003 3.5000000000000004
decision_type=2 2 2 2 2 2 2 2 2 2 2 2 2 2 2 2 2 2 2 2 2 2 2 2 2 2 2 2 2 2
left_child=2 -2 9 5 -5 10 7 8 -3 12 -4 -8 13 -1 -14 16 -16 -17 -19 -20 21 -21 -22 -24 -25 -26 -27 -28 -29 -30
right_child=1 6 3 4 -6 -7 11 -9 -10 -11 -12 -13 14 -15 15 17 -18 18 19 20 22 -23 23 24 25 26 27 28 29 -31
leaf_value=-2.6889586826850631 -1.979800582098961 -3.3044527958218866 5.5764884846551084 1.4227692511153989 -2.5384656896006388 6.2646671323776246 1.108970741619463 -1.1777569163225445 0.54160167567219053 5.1649030322120311 0.61142861641628654 -0.02155165183561859 -0.88477286080516893 1.6769951653532968 0.58461875305285005 -0.44359264016284305 6.2639748290733053 0.46693545073331716 -0.38622210400459894 0.17415304302141121 -0.40088627214926265 1.1251623674350082 0.56058965884892764 -0.62120832129913195 0.85213330492450212 -0.94587500338652508 0.64812343394314298 -1.3576372086645205 -0.3003893814006966 1.1769761056007009
leaf_weight=58 500 52 28 404 53 50 514 918 700 21 71 1347 1003 341 1648 3168 27 3975 5657 5996 6711 1511 3753 3023 1992 1420 1903 491 1985 601
leaf_count=58 500 52 28 404 53 50 514 918 700 21 71 1347 1003 341 1648 3168 27 3975 5657 5996 6711 1511 3753 3023 1992 1420 1903 491 1985 601
internal_value=-0.000444598 -0.328159 0.028342 1.57268 0.96337 3.44152 -0.0942822 -0.523288 0.275651 0.00767532 2.01569 0.290694 0.0052826 1.04235 -0.00394056 0.016202 0.676167 -0.0100019 0.0252027 -0.0249039 0.0446522 0.365571 -0.0654597 0.082948 -0.07409 0.122995 -0.103949 0.136118 -0.180536 0.0429581
internal_weight=49921 4031 45890 606 457 149 3531 1670 752 45284 99 1861 45263 399 44864 43861 1675 42186 39018 35043 29386 7507 21879 15168 11415 8392 6400 4980 3077 2586
internal_count=49921 4031 45890 606 457 149 3531 1670 752 45284 99 1861 45263 399 44864 43861 1675 42186 39018 35043 29386 7507 21879 15168 11415 8392 6400 4980 3077 2586
is_linear=0
shrinkage=0.05


Tree=217
num_leaves=31
num_cat=0
split_feature=6 8 8 5 4 4 6 8 7 7 4 4 8 6 8 6 8 7 7 4 8 8 4 4 5 4 4 6 6 8
split_gain=170011 562113 535990 236484 312535 226515 214615 210524 315229 258477 193164 246808 184334 430863 489398 363270 542440 362711 328166 315947 367069 300729 377104 299579 392118 892956 272822 253496 249053 613164
threshold=14566.588750000001 14496.095000000001 14150.711250000002 1.0000000180025095e-35 16.500000000000004 16.500000000000004 14199.525000000001 15417.848750000003 14566.792500000001 9794.0100000000002 8.5000000000000018 6.5000000000000009 13342.058750000002 12748.266250000002 12332.350000000002 11035.775000000003 10912.768750000001 13945.281250000002 13673.840000000002 8.5000000000000018 12534.63125 10711.386250000001 15.500000000000002 17.500000000000004 1.0000000180025095e-35 16.500000000000004 8.5000000000000018 13347.875000000002 9368.4150000000027 9330.0212500000034
decision_type=2 2 2 2 2 2 2 2 2 2 2 2 2 2 2 2 2 2 2 2 2 2 2 2 2 2 2 2 2 2
left_child=2 -2 6 5 -5 10 12 8 9 -3 11 -4 13 14 15 16 28 19 26 20 -15 22 -17 24 25 -18 27 -14 29 -1
right_child=1 7 3 4 -6 -7 -8 -9 -10 -11 -12 -13 18 17 -16 21 23 -19 -20 -21 -22 -23 -24 -25 -26 -27 -28 -29 -30 -31
leaf_value=0.0023034349930063204 -1.8808105573507026 -3.1392301483796192 0.27878188360482453 0.79318586553953874 -2.5013099844579574 5.7161596768611185 -1.085642079619261 0.27615897371636355 -1.1188690661083427 0.51452159008397058 0.96873189751939348 5.8806001485562795 3.651316820418657 -2.1383182859636451 0.9107574651975483 -1.0185007707896838 1.6971941471913568 1.035438409645576 -0.57310696298670816 -1.7154645268106834 0.14911430633038675 -0.26313987989822996 -5.0240549933681127 -2.1198322027137406 0.67264970986604822 9.9406107511069326 0.36123126811194267 1.1271880749608221 -0.22206015520026409 0.88747009929180776
leaf_weight=20668 500 52 32 1106 77 37 455 1861 918 700 275 51 134 228 1483 612 293 256 553 800 760 3979 65 76 1185 37 982 386 9199 2161
leaf_count=20668 500 52 32 1106 77 37 455 1861 918 700 275 51 134 228 1483 612 293 256 553 800 760 3979 65 76 1185 37 982 386 9199 2161
internal_value=-0.000422369 -0.311751 0.0269249 0.932442 0.578751 1.99172 -0.00532155 -0.0895681 -0.497124 0.261869 1.6068 3.72086 0.00588637 -0.0168416 0.0195557 -0.0149747 0.0423499 -0.724809 0.46821 -0.976835 -0.378755 -0.428892 -1.40308 0.943471 1.09714 2.62146 0.851598 1.77764 -0.00241355 0.0860936
internal_weight=49921 4031 45890 1578 1183 395 44312 3531 1670 752 358 83 43857 41802 39758 38275 33619 2044 2055 1788 988 4656 677 1591 1515 330 1502 520 32028 22829
internal_count=49921 4031 45890 1578 1183 395 44312 3531 1670 752 358 83 43857 41802 39758 38275 33619 2044 2055 1788 988 4656 677 1591 1515 330 1502 520 32028 22829
is_linear=0
shrinkage=0.05


Tree=218
num_leaves=31
num_cat=0
split_feature=6 7 0 8 6 8 8 6 6 8 6 8 8 6 7 7 7 1 4 8 4 6 0 4 1 7 6 8 7 8
split_gain=157848 341095 290477 284302 315382 300548 216106 410440 359756 269686 311532 273867 243738 356196 275650 274327 229131 242657 210029 191419 204708 207459 182466 181296 509402 284215 326442 353538 335603 296748
threshold=6180.5912500000004 5948.7587500000009 19.786875000000006 6754.0037500000008 7161.2675000000008 8427.2587500000027 8057.0924999999997 8330.1337500000027 8999.3475000000017 8666.5600000000031 8981.4937500000015 9932.7700000000023 9602.5350000000017 9498.6225000000013 7007.7775000000011 13883.758750000003 10200.72875 9.5000000000000018 20.500000000000004 8574.8900000000012 10.500000000000002 7917.1600000000008 21.180625000000003 15.500000000000002 9.5000000000000018 8264.6462500000016 12860.691250000002 12792.373750000001 13744.677500000003 12468.762500000003
decision_type=2 2 2 2 2 2 2 2 2 2 2 2 2 2 2 2 2 2 2 2 2 2 2 2 2 2 2 2 2 2
left_child=1 2 -1 -2 5 -5 8 19 16 22 11 -11 18 15 -15 -14 -6 -18 -12 -8 21 -21 -9 -16 25 -25 28 -28 -27 -30
right_child=3 -3 -4 4 6 -7 7 9 -10 10 12 -13 13 14 23 -17 17 -19 -20 20 -22 -23 -24 24 -26 26 27 -29 29 -31
leaf_value=2.3227809864282611 -0.76698922317650919 1.5930302535246545 -5.1216821571714002 0.62604147706326219 -0.16029451885404472 5.9490216785007055 0.32633587529888486 1.7204786533431005 -2.6144902194021671 0.39437510822873389 -0.48996910985236575 3.4084750060911304 1.0196466952268581 3.5274654922431168 0.042926065723403628 -3.90613993611829 -0.98241006227640004 -5.0105523818069031 0.3173779001045558 5.1890109926462173 0.69024617573712022 1.6384133662759011 -0.50119350167187915 -3.9975229576230049 -2.4823244422212127 0.051641879129763125 -4.7344840740335403 -0.69108868901847154 1.4572954987870976 7.8884769886732107
leaf_weight=20 1205 341 38 1486 5342 27 2944 95 163 3547 4324 77 1116 55 19923 29 221 45 990 52 640 197 3402 48 258 2387 58 796 71 24
leaf_count=20 1205 341 38 1486 5342 27 2944 95 163 3547 4324 77 1116 55 19923 29 221 45 990 52 640 197 3402 48 258 2387 58 796 71 24
internal_value=-0.00040125 0.990113 -2.55463 -0.00838185 0.0105374 0.721032 -0.0124302 0.0278619 -0.298916 -0.0228986 0.0204666 0.458416 -0.0322988 0.0336324 -0.00811771 0.894889 -0.231612 -1.66386 -0.33956 0.520503 1.1635 2.3799 -0.440839 -0.0163697 -0.340738 -0.177461 -0.122496 -0.965699 0.167631 3.08202
internal_weight=49921 399 58 49522 48317 1513 46804 41033 5771 37200 33703 3624 30079 24765 23620 1145 5608 266 5314 3833 889 249 3497 23565 3642 3384 3336 854 2482 95
internal_count=49921 399 58 49522 48317 1513 46804 41033 5771 37200 33703 3624 30079 24765 23620 1145 5608 266 5314 3833 889 249 3497 23565 3642 3384 3336 854 2482 95
is_linear=0
shrinkage=0.05


Tree=219
num_leaves=31
num_cat=0
split_feature=6 8 8 8 7 4 7 7 7 6 6 4 0 7 8 1 4 7 7 6 7 8 4 7 1 6 8 4 0 4
split_gain=152018 512984 500608 238475 405188 213267 224312 202044 194866 193539 667187 177722 175199 249103 172522 170188 164297 213781 198460 163012 161009 150496 148618 271682 240529 409548 259889 238681 261618 215793
threshold=14566.588750000001 14247.822500000002 14563.515000000001 15271.990000000002 15021.748750000001 7.5000000000000009 15970.585000000001 16182.750000000002 9767.0575000000008 9961.751250000003 13039.108750000001 16.500000000000004 30.120625000000008 14303.755000000003 14052.772500000001 7.5000000000000009 7.5000000000000009 14105.987500000001 9078.782500000003 14843.492500000002 15887.485000000002 11582.950000000003 11.500000000000002 15709.533750000001 11.500000000000002 7450.6750000000002 7375.7850000000008 13.500000000000002 34.420625000000008 15.500000000000002
decision_type=2 2 2 2 2 2 2 2 2 2 2 2 2 2 2 2 2 2 2 2 2 2 2 2 2 2 2 2 2 2
left_child=2 12 7 4 8 6 -5 20 -3 -4 -11 19 13 21 -14 -10 -12 18 -18 -7 22 -2 -1 24 26 -26 -24 28 -28 -27
right_child=1 3 9 5 -6 11 -8 -9 15 10 16 -13 14 -15 -16 -17 17 -19 -20 -21 -22 -23 23 -25 25 29 27 -29 -30 -31
leaf_value=0.097534692067603873 -5.8517981014468461 -3.1087431811818891 -2.854566909790039 2.8657084506454198 -1.8702752734048176 2.7463900487337796 -0.53359825119778914 4.909614081609817 -0.29321063738153924 10.38803739093599 3.539925478067663 -4.4314811143008148 2.9853268958904127 -5.8210174174144349 -1.9922603407684638 1.221807989898559 4.2262610178727371 2.1803887521203662 -0.3627879299817095 0.0091447054561908103 -4.4811242699623106 -1.4054248838982684 -0.79820337287223975 -5.9087093353271491 0.61259116777030609 -0.55956315402918966 -0.63510829800640356 0.071702066694932662 0.49276636652979011 -2.174405248876099
leaf_weight=22415 22 51 25 141 452 56 74 21 803 21 72 22 27 58 49 241 26 211 251 1894 20 141 1075 20 371 404 2489 17397 648 424
leaf_count=22415 22 51 25 141 452 56 74 21 803 21 72 22 27 58 49 241 26 211 251 1894 20 141 1075 20 371 404 2489 17397 648 424
internal_value=-0.000381188 -0.294775 0.0254785 -0.135699 -0.610797 0.200368 1.69571 0.00637456 -0.0909026 1.45304 1.6384 0.0373354 -2.29475 -3.00689 -0.223907 0.0565207 1.31029 0.981322 0.0679531 0.0877528 0.00409968 -2.00555 0.0060824 -0.0837153 -0.0786075 -0.767923 -0.04036 -0.000685258 -0.402127 -1.38649
internal_weight=49921 4031 45890 3734 1547 2187 215 45284 1095 606 581 1972 297 221 76 1044 560 488 277 1950 45263 163 45243 22828 22808 1199 21609 20534 3137 828
internal_count=49921 4031 45890 3734 1547 2187 215 45284 1095 606 581 1972 297 221 76 1044 560 488 277 1950 45263 163 45243 22828 22808 1199 21609 20534 3137 828
is_linear=0
shrinkage=0.05


Tree=220
num_leaves=31
num_cat=0
split_feature=0 4 7 8 7 1 8 4 7 7 7 4 8 1 8 8 1 1 4 4 0 7 0 7 7 4 1 8 7 0
split_gain=146245 313251 236482 149165 303296 250904 438669 238639 228485 336233 222362 373758 305789 291936 380927 341693 410928 400203 408346 351527 324117 271611 250531 323806 245002 238956 208752 205452 225512 203552
threshold=18.843750000000004 5.5000000000000009 10728.437500000002 13866.538750000002 13945.281250000002 3.5000000000000004 14655.326250000002 8.5000000000000018 9614.7525000000023 8932.0187500000011 9995.2300000000014 1.5000000000000002 8169.8450000000003 3.5000000000000004 9657.0562500000015 11269.088750000001 8.5000000000000018 7.5000000000000009 16.500000000000004 15.500000000000002 33.976250000000014 15709.533750000001 33.445625000000014 13603.623750000001 15095.360000000002 5.5000000000000009 2.5000000000000004 9474.6565000000028 6946.5425000000005 23.400625000000002
decision_type=2 2 2 2 2 2 2 2 2 2 2 2 2 2 2 2 2 2 2 2 2 2 2 2 2 2 2 2 2 2
left_child=1 2 -1 10 8 6 -6 -7 9 -5 27 -12 25 14 -14 -15 17 18 21 24 22 -17 23 -16 -18 -13 -8 -2 -29 -30
right_child=3 -3 -4 4 5 7 26 -9 -10 -11 11 12 13 15 20 16 19 -19 -20 -21 -22 -23 -24 -25 -26 -27 -28 28 29 -31
leaf_value=0.23748991312459111 -0.044143013340373183 1.9716476601712847 -3.8140317339646188 2.0972169063264325 -1.2532907501181654 -0.59790779934688054 0.55661351214422172 2.6401618530013549 0.85242735150054261 -2.3612499769468953 0.73585898336710143 -0.40792878385422365 -4.3228484288505893 -0.33839669011097967 -0.35570861825377442 0.30923873185334166 0.017791069796488392 2.161266129297462 3.8036340696471083 -2.7716830918017559 -6.4826690466507628 -5.0421427945295969 4.3622408004907465 -1.7759937084799995 -2.4966992923356957 -2.7791149840248583 -0.2456674969970111 3.3461385070780914 -0.5053959337590842 0.38470610378154441
leaf_weight=690 21405 289 38 62 725 88 1441 161 1925 133 976 212 69 6517 2712 1971 1629 376 84 136 23 24 26 471 103 213 1854 60 743 4739
leaf_count=690 21405 289 38 62 725 88 1441 161 1925 133 976 212 69 6517 2712 1971 1629 376 84 136 23 24 26 471 103 213 1854 60 743 4739
internal_value=-0.0145429 0.5789 0.0260094 -0.0268906 0.198361 -0.0444069 -0.139807 1.49578 0.687219 -0.943686 -0.0607613 -0.211375 -0.274845 -0.235129 -0.646814 -0.109762 0.234909 0.660138 0.38865 -0.323944 -0.568335 0.244861 -0.525945 -0.565873 -0.131743 -1.59631 0.105193 0.0261068 0.297434 0.264067
internal_weight=49895 1017 728 48878 6389 4269 4020 249 2120 195 42489 15542 14566 14141 3301 10840 4323 2455 2079 1868 3232 1995 3209 3183 1732 425 3295 26947 5542 5482
internal_count=49895 1017 728 48878 6389 4269 4020 249 2120 195 42489 15542 14566 14141 3301 10840 4323 2455 2079 1868 3232 1995 3209 3183 1732 425 3295 26947 5542 5482
is_linear=0
shrinkage=0.05


Tree=221
num_leaves=31
num_cat=0
split_feature=8 7 8 6 8 8 6 7 8 7 8 7 4 8 7 6 8 1 6 8 6 8 6 4 5 4 4 4 1 1
split_gain=139112 327639 317632 239424 567039 535008 224649 563241 357546 352778 255859 228329 246765 201044 215335 194280 503147 276675 272573 314374 420811 301790 362358 292034 372608 553428 440650 664049 633665 286796
threshold=15708.635000000002 14929.817500000003 15020.916250000002 14055.557500000001 11269.088750000001 13646.460000000001 14566.588750000001 16182.750000000002 14300.963750000001 15887.485000000002 15158.182500000001 15887.485000000002 7.5000000000000009 14197.517500000002 13945.281250000002 12748.266250000002 12332.350000000002 8.5000000000000018 11492.810000000003 10711.386250000001 10374.735000000002 10012.522500000001 9250.2250000000004 16.500000000000004 1.0000000180025095e-35 17.500000000000004 18.500000000000004 17.500000000000004 7.5000000000000009 1.5000000000000002
decision_type=2 2 2 2 2 2 2 2 2 2 2 2 2 2 2 2 2 2 2 2 2 2 2 2 2 2 2 2 2 2
left_child=1 2 3 5 -5 15 7 8 9 -3 -8 12 -12 14 -6 16 18 -18 19 20 21 22 -1 -23 26 -26 27 28 -25 -20
right_child=-2 6 -4 4 13 -7 10 -9 -10 -11 11 -13 -14 -15 -16 -17 17 -19 29 -21 -22 23 -24 24 25 -27 -28 -29 -30 -31
leaf_value=0.055279410317882666 0.52378373762109176 -0.5183543859066978 0.99378535463410111 -7.5974330799920224 -0.65596342759899784 0.97408981688256446 -2.0136602524052796 6.9940628187997014 1.9061983041279018 -7.1033820379348036 2.6072632568677268 -1.9056301453891091 -0.42439139621836575 -0.038191995706729362 -2.713776167908744 -0.43721550210534699 1.2780741740545478 -0.28348282661209717 1.6908404275885336 0.43981349160253497 -0.6831224739982068 0.9320054473654471 -0.38970581604208415 6.0813492851257323 -1.7937739412739593 1.9620563070930075 0.85809326861053714 -7.1667510318756102 -4.3411377675192702 -0.6818863192959137
leaf_weight=21440 1175 646 793 28 707 1393 436 28 160 21 75 234 639 1280 155 2639 1155 376 135 3718 2397 1575 5816 25 159 256 80 70 35 2249
leaf_count=21440 1175 646 793 28 707 1393 436 28 160 21 75 234 639 1280 155 2639 1155 376 135 3718 2397 1575 5816 25 159 256 80 70 35 2249
internal_value=-0.0138157 -0.0267812 0.00167674 -0.0155431 -0.528118 0.0100161 -0.61756 0.0196462 -0.216489 -0.725679 -1.01121 -0.550168 -0.10594 -0.435708 -1.02599 -0.0218641 0.00589537 0.89457 -0.0299513 0.00473693 -0.0460468 0.0057956 -0.0396734 0.569115 -0.345368 0.523076 -2.06158 -3.8583 0.00156517 -0.547525
internal_weight=49895 48720 46481 45688 2170 43518 2239 855 827 667 1384 948 714 2142 862 42125 39486 1531 37955 35571 31853 29456 27256 2200 625 415 210 130 60 2384
internal_count=49895 48720 46481 45688 2170 43518 2239 855 827 667 1384 948 714 2142 862 42125 39486 1531 37955 35571 31853 29456 27256 2200 625 415 210 130 60 2384
is_linear=0
shrinkage=0.05


Tree=222
num_leaves=31
num_cat=0
split_feature=0 4 7 7 6 0 4 7 0 6 0 6 7 6 5 5 7 6 7 4 5 4 0 5 0 1 4 4 1 1
split_gain=130553 279855 213974 137791 155655 134291 199014 200825 248236 263826 229915 197417 386885 327364 300208 222361 189145 208611 168328 267158 236464 451939 178915 350182 190947 178824 178806 1.0958e+06 380386 227729
threshold=18.843750000000004 5.5000000000000009 10728.437500000002 7918.9387500000003 9630.8250000000025 32.596875000000011 15.500000000000002 15887.485000000002 33.976250000000014 15216.782500000003 34.420625000000008 9757.2169000000013 12130.758750000003 14248.518750000001 1.0000000180025095e-35 37.500000000000007 15021.748750000001 11147.367500000002 8801.5025000000005 1.5000000000000002 1.0000000180025095e-35 1.0000000180025095e-35 21.039375000000003 1.0000000180025095e-35 27.72000000000001 7.5000000000000009 16.500000000000004 18.500000000000004 9.5000000000000018 6.5000000000000009
decision_type=2 2 2 2 2 2 2 2 2 2 2 2 2 2 2 2 2 2 2 2 2 2 2 2 2 2 2 2 2 2
left_child=1 2 -1 -3 -5 18 7 -7 9 -9 -10 -8 15 16 -15 -13 17 -14 20 22 21 -2 23 -20 25 -24 -23 28 29 -28
right_child=5 3 -4 4 -6 6 11 8 10 -11 -12 12 13 14 -16 -17 -18 -19 19 -21 -22 26 24 -25 -26 -27 27 -29 -30 -31
leaf_value=0.22615398535100015 -2.0841139333991285 -1.0302900817659166 -3.6277429837929578 6.5088832205533977 1.9124730016028932 0.50178261349258058 0.2956179761533288 5.9878930744917502 -6.2595090228777668 -0.5949379913012186 -1.1900315953791141 -1.3947610387815135 5.6377747955647379 1.1110174605720922 -2.5466418870174103 -4.4204429188370709 5.8474252834320071 0.36095244553354056 2.7939576897621157 -0.16898056529923622 0.18692130714539168 0.27286271183605393 1.1469663573447597 -1.9758803614599263 -0.52496381394565106 -0.62750615781298813 -3.1124732924317851 0.076009141185573906 -1.076503848372482 -6.7070819182829426
leaf_weight=690 312 36 38 20 233 3551 745 23 26 45 160 252 22 95 137 80 25 126 50 25853 11964 1708 1101 167 280 163 103 1686 127 77
leaf_count=690 312 36 38 20 233 3551 745 23 26 45 160 252 22 95 137 80 25 126 50 25853 11964 1708 1101 167 280 163 103 1686 127 77
internal_value=-0.0131249 0.547577 0.024989 1.86399 2.27583 -0.0247914 0.213183 0.404633 -0.953555 1.63161 -1.89867 -0.278358 -0.858564 0.17865 -1.04889 -2.12384 1.82484 1.14534 -0.0536545 -0.128391 0.0755172 -0.256613 0.467497 -0.876839 0.656436 0.918138 -0.102552 -0.424282 -3.17181 -4.65017
internal_weight=49895 1017 728 289 253 48878 5287 3805 254 68 186 1482 737 405 232 332 173 148 43591 27614 15977 4013 1761 217 1544 1264 3701 1993 307 180
internal_count=49895 1017 728 289 253 48878 5287 3805 254 68 186 1482 737 405 232 332 173 148 43591 27614 15977 4013 1761 217 1544 1264 3701 1993 307 180
is_linear=0
shrinkage=0.05


Tree=223
num_leaves=31
num_cat=0
split_feature=6 7 0 0 4 4 6 1 4 4 0 0 1 4 0 7 1 1 5 4 7 3 6 4 0 7 1 7 0 5
split_gain=122398 232045 132914 116606 176095 266404 299212 240127 339559 507948 398165 236302 280620 221857 344681 244095 188073 229055 212059 406963 193352 186806 172173 361765 299222 239062 208892 167702 281772 399920
threshold=6180.5912500000004 5948.7587500000009 19.786875000000006 32.485625000000006 7.5000000000000009 4.5000000000000009 7957.6400000000003 9.5000000000000018 1.5000000000000002 3.5000000000000004 22.866875000000004 26.356875000000006 8.5000000000000018 5.5000000000000009 22.511250000000008 10605.166250000002 5.5000000000000009 2.5000000000000004 1.0000000180025095e-35 6.5000000000000009 12423.801250000002 1.0000000180025095e-35 13404.055000000002 5.5000000000000009 21.330000000000005 13603.623750000001 1.5000000000000002 9059.4550000000017 24.598125000000007 1.0000000180025095e-35
decision_type=2 2 2 2 2 2 2 2 2 2 2 2 2 2 2 2 2 2 2 2 2 2 2 2 2 2 2 2 2 2
left_child=1 2 -1 4 5 7 -7 -2 -9 10 -10 12 16 15 -15 -14 17 18 19 -8 21 -18 23 -20 25 -24 -27 -6 29 -29
right_child=3 -3 -4 -5 27 6 11 8 9 -11 -12 -13 13 14 -16 -17 20 -19 22 -21 -22 -23 24 -25 -26 26 -28 28 -30 -31
leaf_value=1.0744521854817868 -0.17851449231461045 1.3765349328223515 -4.0624007775503044 0.19832702057486487 0.023751620895994432 1.442992314608234 -1.8102976407938536 -0.45262455086879155 1.1361810687598075 -0.46045120219955954 3.9433175519793888 -0.56513487109212424 -1.7030415716050749 1.5550156066372136 -0.43444310635328293 1.6986154587038103 1.7339434311787287 -0.31078903202036146 0.48800065200775866 2.2208655608197052 -0.15678878843370223 0.34839541344107067 0.33624717677767213 3.3453480215848614 1.5177946278087373 -7.1586043821440803 -1.0471574266409052 0.47005833551818432 -0.16297697056792032 -1.4390877752059328
leaf_weight=20 8543 329 34 5472 11439 562 180 594 461 353 174 796 353 314 710 62 825 868 232 96 271 345 74 212 212 27 29 379 14936 993
leaf_count=20 8543 329 34 5472 11439 562 180 594 461 353 174 796 353 314 710 62 825 868 232 96 271 345 74 212 212 27 29 379 14936 993
internal_value=-0.0124687 0.877931 -2.15986 -0.0193564 -0.0464037 0.0840713 0.34311 -0.0737314 0.49211 1.0601 1.90538 0.232847 0.364904 -0.219624 0.175606 -1.19484 0.614426 0.29172 0.784166 -0.408154 1.04664 1.32538 1.20284 1.85232 0.359663 -1.52898 -3.99375 -0.123018 -0.225968 -0.911707
internal_weight=49895 383 54 49512 44040 16293 6168 10125 1582 988 635 5606 4810 1439 1024 415 3371 1930 1062 276 1441 1170 786 444 342 130 56 27747 16308 1372
internal_count=49895 383 54 49512 44040 16293 6168 10125 1582 988 635 5606 4810 1439 1024 415 3371 1930 1062 276 1441 1170 786 444 342 130 56 27747 16308 1372
is_linear=0
shrinkage=0.05


Tree=224
num_leaves=31
num_cat=0
split_feature=8 6 8 6 8 4 1 8 6 6 6 4 1 6 8 8 6 4 1 0 1 6 8 8 6 8 6 6 8 4
split_gain=129607 308145 421222 394998 379114 356640 237470 219305 197094 262595 469859 224053 219392 189099 614023 296030 290910 260953 463477 273434 208242 240454 205444 173745 374824 280243 389966 361431 350602 261694
threshold=15708.635000000002 15095.071250000003 14247.822500000002 14055.557500000001 13575.381250000002 12.500000000000002 3.5000000000000004 13646.460000000001 14102.270000000002 9961.751250000003 12548.750000000002 16.500000000000004 6.5000000000000009 12013.360000000002 12261.76 12534.63125 13347.875000000002 7.5000000000000009 1.5000000000000002 34.206250000000011 1.5000000000000002 13164.442500000003 12906.085000000001 11450.726250000002 10959.943750000002 10227.180000000002 8981.4937500000015 9270.3562500000025 9130.2912500000039 19.500000000000004
decision_type=2 2 2 2 2 2 2 2 2 2 2 2 2 2 2 2 2 2 2 2 2 2 2 2 2 2 2 2 2 2
left_child=1 2 3 7 5 6 -5 13 9 -4 -11 12 -12 14 23 20 17 18 -17 -19 21 -15 -18 24 25 27 -27 28 -1 -29
right_child=-2 -3 8 4 -6 -7 -8 -9 -10 10 11 -13 -14 15 -16 16 22 19 -20 -21 -22 -23 -24 -25 -26 26 -28 29 -30 -31
leaf_value=-0.024452550749738379 0.50706378608466462 -0.66972020803527399 -3.3397719100669576 -3.6641524474446978 -0.44837293273465745 -6.7032124053348205 -0.37991350396471318 0.71642618776090483 0.39518310349574848 8.5519783198833466 3.0103822556937612 -1.2570458323195361 0.7956357742160014 1.6741890585335502 1.5310745235512557 5.6235779590606692 -3.0037280702142306 -0.4771744741857924 0.67153654971416954 1.8808397042059473 -0.98895897071492722 -4.0715280317124867 -0.51511195354236905 0.45043055333589177 -0.64346547474494786 5.0349701158205669 0.35249784660344602 -0.49007559100916631 0.57369241268647408 0.30228650177502747
leaf_weight=18932 1175 1782 27 96 905 44 129 1018 1647 24 205 69 246 137 653 50 93 1009 859 140 1663 21 766 1898 2403 45 3739 6047 2814 1259
leaf_count=18932 1175 1782 27 96 905 44 129 1018 1647 24 205 69 246 137 653 50 93 1009 859 140 1663 21 766 1898 2403 45 3739 6047 2814 1259
internal_value=-0.0118452 -0.02436 0.000141101 -0.0332164 -0.938234 -2.58628 -1.78119 -0.0088171 0.672705 1.47319 1.71207 1.39638 1.80234 -0.0261774 0.0111551 -0.323939 -0.0116713 0.310922 0.943926 -0.189862 -0.82415 0.910518 -0.784543 -0.0155705 -0.0406697 0.00344407 0.408183 -0.0492728 0.0529493 -0.353532
internal_weight=49895 48720 46938 44720 1174 269 225 43546 2218 571 544 520 451 42528 37790 4738 2917 2058 909 1149 1821 158 859 37137 35239 32836 3784 29052 21746 7306
internal_count=49895 48720 46938 44720 1174 269 225 43546 2218 571 544 520 451 42528 37790 4738 2917 2058 909 1149 1821 158 859 37137 35239 32836 3784 29052 21746 7306
is_linear=0
shrinkage=0.05


Tree=225
num_leaves=31
num_cat=0
split_feature=6 8 8 8 4 1 7 4 1 4 4 4 8 1 6 1 4 1 2 7 6 4 7 8 7 7 0 0 6 8
split_gain=146765 406928 395149 195002 185154 407192 271359 203854 533311 315375 273955 245887 634908 737149 577537 441087 507307 393239 371685 278487 268554 277556 330267 230389 344529 226380 220561 223252 200996 190866
threshold=7794.3187500000013 7892.7987500000008 7762.8475000000008 9130.2912500000039 22.500000000000004 3.5000000000000004 10572.312500000002 15.500000000000002 11.500000000000002 13.500000000000002 11.500000000000002 17.500000000000004 10473.683750000002 4.5000000000000009 10877.106250000003 1.5000000000000002 19.500000000000004 10.500000000000002 1.0000000180025095e-35 8653.996250000002 10803.022500000001 16.500000000000004 8970.7950000000001 15158.182500000001 14499.126250000003 9846.5800000000017 30.596250000000005 32.726250000000014 15020.916250000002 9932.7700000000023
decision_type=2 2 2 2 2 2 2 2 2 2 2 2 2 2 2 2 2 2 2 2 2 2 2 2 2 2 2 2 2 2
left_child=1 -1 -2 -3 7 6 -6 9 11 10 -4 12 13 29 26 16 -13 18 20 -16 21 -15 -23 24 -11 -10 -14 -28 -25 -9
right_child=2 3 4 -5 5 -7 -8 8 25 23 -12 15 14 17 19 -17 -18 -19 -20 -21 -22 22 -24 28 -26 -27 27 -29 -30 -31
leaf_value=0.021359751106158106 -0.83220886291238316 0.89887490966742534 0.05223961224876187 4.3236261358787855 1.8783240611190231 -0.21644952740739376 -3.2642148900915076 -6.9385681249327575 -1.4924294253039574 0.47777839994621429 -0.39383728491280118 -2.7589151004613459 0.94905558317899708 -0.041836113800250346 -5.1450997066497806 0.11927805284894147 0.31594511257234692 1.3969733393874515 -6.880754782472339 -0.28344711996569089 -4.9029101480137225 -2.799719725698715 -0.69964636175256034 3.8836692722042403 -1.2037171928367267 -4.6646103816489655 6.4273256087303174 1.9222555355253546 1.0482073853055638 -3.0652011435964837
leaf_weight=5246 1509 1245 20785 43 514 680 27 59 245 3263 4125 295 405 525 30 7248 246 166 28 1625 44 309 475 75 336 73 40 88 375 69
leaf_count=5246 1509 1245 20785 43 514 680 27 59 245 3263 4125 295 405 525 30 7248 246 166 28 1625 44 309 475 75 336 73 40 88 375 69
internal_value=-0.00413169 0.216876 -0.0372077 1.01321 -0.00874608 0.597985 1.62167 -0.0268462 -0.20041 0.0448951 -0.021629 -0.145275 -0.471424 -1.20405 0.0894262 0.0164809 -1.36073 -0.902328 -1.17871 -0.371574 -1.06071 -0.931558 -1.52735 0.45416 0.320795 -2.22063 1.52086 3.33009 1.52078 -4.85058
internal_weight=50193 6534 43659 1288 42150 1221 541 40929 11970 28959 24910 11652 3863 1675 2188 7789 541 1547 1381 1655 1353 1309 784 4049 3599 318 533 128 450 128
internal_count=50193 6534 43659 1288 42150 1221 541 40929 11970 28959 24910 11652 3863 1675 2188 7789 541 1547 1381 1655 1353 1309 784 4049 3599 318 533 128 450 128
is_linear=0
shrinkage=0.05


Tree=226
num_leaves=31
num_cat=0
split_feature=4 4 5 0 1 8 1 1 0 0 8 1 5 4 4 4 4 4 8 1 8 1 8 1 0 1 1 4 1 1
split_gain=141567 479236 378260 334329 331270 252138 228201 210999 187103 178583 168294 161004 202160 475706 431225 749161 309172 657792 393485 255646 244715 285431 280364 282237 238336 238318 225698 215573 528376 328262
threshold=6.5000000000000009 5.5000000000000009 1.0000000180025095e-35 23.836875000000003 11.500000000000002 11218.522500000001 7.5000000000000009 6.5000000000000009 32.596875000000011 19.998750000000005 13930.993750000003 6.5000000000000009 1.0000000180025095e-35 1.0000000180025095e-35 2.5000000000000004 1.5000000000000002 3.5000000000000004 2.5000000000000004 7821.7800000000007 10.500000000000002 6464.4537500000015 7.5000000000000009 9090.0262500000026 9.5000000000000018 22.340625000000006 7.5000000000000009 8.5000000000000018 4.5000000000000009 8.5000000000000018 10.500000000000002
decision_type=2 2 2 2 2 2 2 2 2 2 2 2 2 2 2 2 2 2 2 2 2 2 2 2 2 2 2 2 2 2
left_child=1 11 3 -3 5 7 -7 -4 -2 -9 -8 -1 13 -13 15 -14 17 -15 -19 -18 -17 -22 23 -23 -25 -20 -24 29 -29 -16
right_child=8 2 4 -5 -6 6 10 9 -10 -11 -12 12 14 16 27 20 19 18 25 -21 21 22 26 24 -26 -27 -28 28 -30 -31
leaf_value=-0.15307722845272534 -0.10600739064683121 -1.4706918160026445 -0.24469919641366167 1.0667949645189529 4.4356532040395242 1.4070079161555169 2.8896521164929565 4.8792222291231155 0.2151213993970148 1.0105725938047876 7.6704837858676918 -2.3276241973104064 0.22723666605883977 -0.33151823174605044 -0.87135397771196965 0.001061232572510129 -1.5066985023369934 0.50499742409357662 1.0921342198913162 1.3555430551972052 0.6649263052033707 1.1368054101690215 7.5932318200325142 2.3178751241813589 5.883434056126795 5.7529593868075679 2.4137779752413433 2.2191574431853751 -0.54741976054614827 1.0137209091252324
leaf_weight=6858 30218 290 445 235 76 474 79 32 5337 440 24 242 1428 479 1119 105 368 104 37 99 142 171 58 103 86 106 33 292 422 291
leaf_count=6858 30218 290 445 235 76 474 79 32 5337 440 24 242 1428 479 1119 105 368 104 37 99 142 171 58 103 86 106 33 292 422 291
internal_value=-0.00392511 0.126945 0.826968 -0.334864 1.21548 1.05167 1.87053 0.536419 -0.0578042 1.27285 4.00363 0.010023 0.206776 -0.306346 0.38003 0.883442 0.10367 0.749236 2.84511 -0.899928 2.22594 2.61989 3.23542 2.60864 3.9403 4.54701 5.71497 -0.123856 0.58401 -0.482307
internal_weight=50193 14638 2095 525 1570 1494 577 917 35555 472 103 12543 5685 1435 4250 2126 1193 726 247 467 698 593 451 360 189 143 91 2124 714 1410
internal_count=50193 14638 2095 525 1570 1494 577 917 35555 472 103 12543 5685 1435 4250 2126 1193 726 247 467 698 593 451 360 189 143 91 2124 714 1410
is_linear=0
shrinkage=0.05


Tree=227
num_leaves=31
num_cat=0
split_feature=4 4 5 0 1 8 7 0 1 0 7 7 8 8 5 4 4 4 7 8 5 4 4 4 4 0 4 4 7 1
split_gain=127764 432510 341380 301732 298971 227555 294872 194590 172520 168860 168191 155852 299420 269503 200220 355070 324311 214626 159513 474234 262004 1.63169e+06 498814 455273 651607 438827 406816 342195 273831 496624
threshold=6.5000000000000009 5.5000000000000009 1.0000000180025095e-35 23.836875000000003 11.500000000000002 11218.522500000001 10142.096250000002 19.341250000000006 6.5000000000000009 32.596875000000011 11672.265000000001 14929.817500000003 14655.326250000002 15271.990000000002 1.0000000180025095e-35 8.5000000000000018 16.500000000000004 11.500000000000002 9059.4550000000017 9130.2912500000039 1.0000000180025095e-35 8.5000000000000018 8.5000000000000018 14.500000000000002 17.500000000000004 27.000625000000003 18.500000000000004 22.500000000000004 12543.700000000003 7.5000000000000009
decision_type=2 2 2 2 2 2 2 2 2 2 2 2 2 2 2 2 2 2 2 2 2 2 2 2 2 2 2 2 2 2
left_child=1 -1 3 -3 5 7 -7 -4 -9 11 -5 12 18 -13 15 -14 -16 -17 -2 -20 21 25 -22 -23 28 -21 -26 -24 29 -25
right_child=9 2 4 10 -6 6 -8 8 -10 -11 -12 13 14 -15 16 17 -18 -19 19 20 22 23 27 24 26 -27 -28 -29 -30 -31
leaf_value=0.0095218079980960782 0.033218674244126695 -1.3971572292416261 3.1686680520186203 1.7000163481120141 4.2138705623777293 5.0949413065115614 1.3919431573532997 -0.4325287203505343 0.99096198679230518 0.20436532657518627 -1.5926748044636785 -1.2268634166046153 5.3117334413528443 -0.0099156475570034847 0.54347354897789735 -0.8253315382181331 -4.7516316350301109 2.3892755538739006 -0.88773636868086414 3.2604320143428653 -1.0213298432690328 -0.79238308312676553 -0.13174172970596423 3.6557376762431475 -3.4025310936309987 -1.0517537712161222 -0.088032760708072477 1.5514493315842501 0.0077125200085462102 0.59838548776778311
leaf_weight=12543 11884 290 64 186 76 60 517 408 445 5337 49 813 60 1033 801 94 30 116 2214 494 1645 1522 7874 248 126 67 349 314 248 286
leaf_count=12543 11884 290 64 186 76 60 517 408 445 5337 49 813 60 1033 801 94 30 116 2214 494 1645 1522 7874 248 126 67 349 314 248 286
internal_value=-0.00372885 0.120597 0.785619 -0.318121 1.1547 0.999084 1.777 0.509598 0.31009 -0.054914 1.01346 -0.100707 -0.0717426 -0.545874 0.73665 1.91955 0.352315 0.950356 -0.10438 -0.210652 -0.0968539 0.285752 -0.226814 -0.210786 0.493422 2.74543 -0.967247 -0.0671934 1.38066 2.01828
internal_weight=50193 14638 2095 525 1570 1494 577 917 853 35555 235 30218 28372 1846 1101 270 831 210 27271 15387 13173 3340 9833 2779 1257 561 475 8188 782 534
internal_count=50193 14638 2095 525 1570 1494 577 917 853 35555 235 30218 28372 1846 1101 270 831 210 27271 15387 13173 3340 9833 2779 1257 561 475 8188 782 534
is_linear=0
shrinkage=0.05


Tree=228
num_leaves=31
num_cat=0
split_feature=6 8 8 6 8 6 6 8 7 6 8 6 8 8 6 7 8 8 1 4 7 6 7 8 1 7 6 6 4 6
split_gain=143941 371345 339831 289550 239426 352097 272488 223664 208296 189656 186077 349666 335049 264157 274266 409738 407153 383302 279595 227587 217653 210151 205836 199182 190097 180642 253373 178602 164818 161891
threshold=6621.9212500000003 6180.5912500000004 7064.0087500000009 7482.598750000001 8188.2487500000016 8262.8862500000014 9250.2250000000004 7915.0312500000009 7336.0562500000005 6180.5912500000004 8796.1450000000023 9229.9662500000031 10958.562500000002 9521.2987500000017 10374.735000000002 14364.362500000001 10504.796250000001 10473.683750000002 2.5000000000000004 22.500000000000004 7007.7775000000011 10077.838750000001 12543.700000000003 9386.0550000000021 10.500000000000002 6180.5912500000004 5948.7587500000009 8077.2375000000002 1.0000000180025095e-35 11219.600000000002
decision_type=2 2 2 2 2 2 2 2 2 2 2 2 2 2 2 2 2 2 2 2 2 2 2 2 2 2 2 2 2 2
left_child=1 25 27 7 6 -6 -5 28 -9 -3 21 12 23 -13 15 16 -15 18 -16 20 -19 -7 -20 -12 -18 -1 -27 -2 -4 -22
right_child=2 9 3 4 5 10 -8 8 -10 -11 11 13 -14 14 17 -17 24 19 22 -21 29 -23 -24 -25 -26 26 -28 -29 -30 -31
leaf_value=-2.6130037168189886 -0.65383918825325904 2.730013026767129 -1.0492283075951387 -0.26974563839773258 0.62688494867713074 -0.26837699472096604 -2.5852742582101089 4.8386212846967913 1.2321633953164968 0.7637123207229729 0.20664742726127927 -0.49739578762400383 6.4370311446811845 0.17198168328378782 1.0212568106253943 -2.7502446546869459 1.4224195856979527 4.0384024692304212 -1.385055136433734 3.8550531315176109 0.30776678366146959 -3.1313205651136546 0.14160553383126534 0.94583482506163785 -1.8317539210015157 1.9968246412665949 -1.2674629748577164 -3.4848422830474792 0.50225680509134341 -0.093641371446693711
leaf_weight=100 1412 149 193 5606 2278 4620 130 45 363 693 3711 2836 23 4242 180 106 994 33 1088 38 3021 65 277 1208 47 92 168 58 1514 14903
leaf_count=100 1412 149 193 5606 2278 4620 130 45 363 693 3711 2836 23 4242 180 106 994 33 1088 38 3021 65 277 1208 47 92 168 58 1514 14903
internal_value=-0.00354241 0.53702 -0.0168052 0.00635591 -0.0202812 0.0233776 -0.322224 0.578217 1.62993 1.11167 -0.0133893 0.0288251 0.416327 -0.0401479 0.0118701 0.32767 0.389426 -0.0752254 -0.830996 -0.010337 -0.0185168 -0.308098 -1.07525 0.388176 1.2755 -0.807017 -0.112407 -0.765539 0.32684 -0.025986
internal_weight=50193 1202 48991 47521 45406 39670 5736 2115 408 842 37392 32707 4942 27765 24929 5389 5283 19540 1545 17995 17957 4685 1365 4919 1041 360 260 1470 1707 17924
internal_count=50193 1202 48991 47521 45406 39670 5736 2115 408 842 37392 32707 4942 27765 24929 5389 5283 19540 1545 17995 17957 4685 1365 4919 1041 360 260 1470 1707 17924
is_linear=0
shrinkage=0.05


Tree=229
num_leaves=31
num_cat=0
split_feature=6 8 8 0 0 1 6 8 4 1 7 4 4 8 3 6 1 4 6 7 7 7 6 1 0 1 8 8 6 7
split_gain=133187 401785 363057 355020 246568 221635 189804 185226 143879 263973 239751 197051 731967 601441 537683 623050 392563 390772 355502 298582 283848 343220 367406 269878 332745 255560 248924 223220 203313 190039
threshold=8021.0750000000007 8057.0924999999997 8328.9287500000009 22.805625000000003 20.413125000000004 1.5000000000000002 9349.3500000000004 7007.6750000000002 22.500000000000004 3.5000000000000004 10572.312500000002 16.500000000000004 17.500000000000004 10631.551250000002 1.0000000180025095e-35 10756.986250000002 1.5000000000000002 20.500000000000004 10043.071250000003 8450.135000000002 10681.578750000002 12130.758750000003 12748.266250000002 7.5000000000000009 26.485625000000002 7.5000000000000009 15488.217500000001 11582.950000000003 8981.4937500000015 14105.987500000001
decision_type=2 2 2 2 2 2 2 2 2 2 2 2 2 2 2 2 2 2 2 2 2 2 2 2 2 2 2 2 2 2
left_child=2 4 -1 -4 -2 -5 7 -6 11 10 -10 -3 13 14 15 23 17 -14 25 -20 27 -22 -23 24 -13 -15 29 -21 -25 -24
right_child=1 8 3 5 6 -7 -8 -9 9 -11 -12 12 16 18 -16 -17 -18 -19 19 20 21 22 26 28 -26 -27 -28 -29 -30 -31
leaf_value=0.073444749982168919 3.3878034197621876 0.041045825377869952 7.3270273789115583 -4.0436527944746476 -3.6159513370046081 1.1661485856185194 -3.4450817816074082 -0.62007305395536494 1.6195203056289129 -0.1911254014633596 -3.2183628435488103 -5.474890085061392 -2.4107716515348807 1.1302720258633296 -3.71065481701473 -8.1322853026851529 0.10883904060659069 1.2134928470458648 -6.5090179729461672 -0.79215182420676178 -2.4556267488430432 2.6120695859231056 -1.6060047582479624 1.2591240671787474 -1.2228706846349437 6.8680740698620131 -6.2245668275015698 2.365093264713154 -1.1173768255297698 1.6883916630889431
leaf_weight=7755 36 29701 23 21 53 732 65 1944 497 560 27 54 299 69 294 31 6440 99 20 92 223 100 130 181 311 27 21 143 179 66
leaf_count=7755 36 29701 23 21 53 732 65 1944 497 560 27 54 299 69 294 31 6440 99 20 92 223 100 130 181 311 27 21 143 179 66
internal_value=-0.00336529 -0.0402214 0.176625 1.20777 -0.714508 1.02086 -0.786129 -0.699583 -0.00446534 0.563631 1.37024 -0.0204689 -0.228585 -1.08551 -1.89628 -1.1907 0.014659 -1.50926 -0.13006 -0.47712 -0.321458 -0.952705 0.104556 -0.893884 -1.85194 2.74403 -1.05098 1.12907 0.077475 -0.496667
internal_weight=50193 41662 8531 776 2098 753 2062 1997 39564 1084 524 38480 8779 1941 1050 756 6838 398 891 795 775 540 317 725 365 96 217 235 360 196
internal_count=50193 41662 8531 776 2098 753 2062 1997 39564 1084 524 38480 8779 1941 1050 756 6838 398 891 795 775 540 317 725 365 96 217 235 360 196
is_linear=0
shrinkage=0.05


Tree=230
num_leaves=31
num_cat=0
split_feature=6 0 0 4 4 5 5 4 4 1 1 1 1 6 4 1 1 6 0 5 6 1 1 4 1 6 1 1 4 6
split_gain=129096 141535 132344 127138 396064 2.43296e+06 602754 2.68103e+06 883465 815994 555498 511479 446089 405668 551753 983251 879462 518081 456826 397600 465530 382699 358065 774291 335034 316303 346836 306409 766285 329102
threshold=6180.5912500000004 19.570625000000003 22.805625000000003 15.500000000000002 17.500000000000004 1.0000000180025095e-35 1.0000000180025095e-35 18.500000000000004 18.500000000000004 7.5000000000000009 2.5000000000000004 6.5000000000000009 10.500000000000002 8330.1337500000027 16.500000000000004 7.5000000000000009 8.5000000000000018 13997.853750000004 33.623750000000008 22.500000000000004 13997.853750000004 5.5000000000000009 4.5000000000000009 20.500000000000004 10.500000000000002 11147.367500000002 9.5000000000000018 9.5000000000000018 16.500000000000004 12860.691250000002
decision_type=2 2 2 2 2 2 2 2 2 2 2 2 2 2 2 2 2 2 2 2 2 2 2 2 2 2 2 2 2 2
left_child=1 -1 -3 -2 5 27 7 9 10 11 -8 -6 -12 24 15 17 19 18 -15 20 -16 -21 23 -10 -7 26 -17 29 -29 -5
right_child=3 2 -4 4 6 13 8 -9 22 -11 12 -13 -14 14 16 25 -18 -19 -20 21 -22 -23 -24 -25 -26 -27 -28 28 -30 -31
leaf_value=3.6427131216263491 0.049334226035148039 -0.09499044197921952 1.9679251907182778 2.6436525785001939 -4.5072911432856015 -0.66076561010108803 -0.79041065105208852 0.074232866975665099 -0.54544023392044838 -1.2097299901728935 2.0570695462771935 -9.9900485649108894 -0.8236244187524886 1.7468606063534591 -1.0707918841824786 0.0021287363805588644 0.20383383562855989 -1.6659124196090482 -1.0623338625338918 -2.6839218032456214 -8.5743959795344971 -5.162171512891236 -0.25069692486430978 1.1524612495732403 2.8501755251884462 -4.4543135766859185 -3.1971395735183492 3.0216893352650027 -3.3346018920643163 0.60646942822761796
leaf_weight=42 33193 240 115 563 285 212 264 2625 1136 188 1160 50 152 481 342 157 303 275 207 434 22 243 4967 1642 100 154 184 91 99 306
leaf_count=42 33193 240 115 563 285 212 264 2625 1136 188 1160 50 152 481 342 157 303 275 207 434 22 243 4967 1642 100 154 184 91 99 306
internal_value=-5.98781e-05 0.898004 0.573278 -0.00721412 -0.120002 -0.541641 0.0211086 -0.57708 0.223136 -3.8461 1.30225 -5.32561 1.72333 -1.24569 -1.43612 -0.762478 -2.1669 0.168443 0.901652 -2.85694 -1.52431 -3.57346 0.00355192 0.458143 0.464536 -2.57354 -1.72416 1.52862 -0.290273 1.9263
internal_weight=50232 397 355 49835 16642 4173 12469 3148 9321 523 1576 335 1312 3114 2802 1458 1344 963 688 1041 364 677 7745 2778 312 495 341 1059 190 869
internal_count=50232 397 355 49835 16642 4173 12469 3148 9321 523 1576 335 1312 3114 2802 1458 1344 963 688 1041 364 677 7745 2778 312 495 341 1059 190 869
is_linear=0
shrinkage=0.05


Tree=231
num_leaves=31
num_cat=0
split_feature=8 6 6 6 7 6 8 8 7 3 1 8 7 6 0 6 8 8 6 8 8 7 0 8 6 1 1 0 6 0
split_gain=146489 408533 295072 257727 183167 152274 295265 276195 174328 162477 333771 318620 242297 150976 148937 147325 349065 282937 219777 281632 191674 216686 190224 189440 184283 188695 278390 317701 178418 173387
threshold=8019.3900000000012 7794.3187500000013 8396.7062500000011 7064.0087500000009 10142.096250000002 6687.0000000000009 6687.0000000000009 6370.5687500000013 7710.3650000000007 1.0000000180025095e-35 10.500000000000002 5948.7587500000009 6370.5687500000013 6180.5912500000004 24.94562500000001 8592.5562500000015 8887.9125000000022 8796.1450000000023 9270.3562500000025 10996.808750000002 9577.5025000000023 9202.1900000000023 24.223125000000007 12332.350000000002 15271.990000000002 7.5000000000000009 6.5000000000000009 26.017500000000005 10077.838750000001 26.270625000000006
decision_type=2 2 2 2 2 2 2 2 2 2 2 2 2 2 2 2 2 2 2 2 2 2 2 2 2 2 2 2 2 2
left_child=2 3 4 -2 5 7 -7 9 13 10 11 -1 -11 -9 -6 17 28 -3 19 -18 -20 22 23 -22 25 26 -24 -28 -17 -27
right_child=1 15 -4 -5 14 6 -8 8 -10 12 -12 -13 -14 -15 -16 16 18 -19 20 -21 21 -23 24 -25 -26 29 27 -29 -30 -31
leaf_value=-7.084770175933838 5.5715957410873909 0.083578689009086091 -1.1976011190351523 0.932089507684283 -0.47216424702302273 -1.377836216425794 -0.072430842469870832 2.5037341477970285 2.6264377380015724 -3.3097756760377508 1.3934525632322421 -0.34957949589874787 -0.070469175828130629 0.37823181219676638 -3.2919078841994081 -0.43263015092704776 0.34318554248605837 0.98454979575610779 -0.41204001686905567 5.053255268186331 -0.48976056449061867 -0.01977116625191833 0.74454505556624784 2.7228312238454819 -3.9378474664688117 2.5390299760713995 -0.23958967373921325 -6.0920209704023423 -2.7775960397289463 0.90071864029790882
leaf_weight=25 31 4793 668 870 115 468 5821 96 132 102 203 59 133 644 79 3573 3863 1065 2793 32 558 22529 605 50 20 248 78 33 83 463
leaf_count=25 31 4793 668 870 115 468 5821 96 132 102 203 59 133 644 79 3573 3863 1065 2793 32 558 22529 605 50 20 248 78 33 83 463
internal_value=-5.68853e-05 0.038601 -0.18865 1.09172 -0.103088 -0.0647743 -0.169573 0.408025 0.952557 -0.501615 0.296608 -2.3541 -1.47647 0.653973 -1.62041 0.0153367 -0.0235804 0.247378 0.0304654 0.381882 -0.0195316 0.0250615 0.516562 -0.225567 0.82839 0.895191 0.322242 -1.9795 -0.485867 1.47217
internal_weight=50232 41687 8545 901 7877 7683 6289 1394 872 522 287 84 235 740 194 40786 34928 5858 31272 3895 27377 24584 2055 608 1447 1427 716 111 3656 711
internal_count=50232 41687 8545 901 7877 7683 6289 1394 872 522 287 84 235 740 194 40786 34928 5858 31272 3895 27377 24584 2055 608 1447 1427 716 111 3656 711
is_linear=0
shrinkage=0.05


Tree=232
num_leaves=31
num_cat=0
split_feature=8 6 6 6 0 2 4 1 6 8 6 8 4 8 1 8 4 0 8 6 1 4 4 4 3 8 6 8 4 4
split_gain=132206 370134 268248 223506 192207 146326 190248 264747 140638 307367 218674 245859 245596 224501 242959 218134 231163 185958 221797 178102 176347 625366 297589 476093 600933 235139 307564 383935 252187 218869
threshold=8019.3900000000012 7736.888750000001 8981.4937500000015 7064.0087500000009 23.941875000000007 1.0000000180025095e-35 15.500000000000002 9.5000000000000018 8500.220000000003 8830.2575000000015 8944.215000000002 9452.6787500000009 1.0000000180025095e-35 12332.350000000002 2.5000000000000004 8538.2500000000018 16.500000000000004 21.926250000000007 9960.7925000000014 10077.838750000001 7.5000000000000009 2.5000000000000004 17.500000000000004 15.500000000000002 1.0000000180025095e-35 13222.700000000003 11683.393750000001 11407.567500000001 13.500000000000002 20.500000000000004
decision_type=2 2 2 2 2 2 2 2 2 2 2 2 2 2 2 2 2 2 2 2 2 2 2 2 2 2 2 2 2 2
left_child=2 3 4 -2 -1 8 -7 -8 15 19 11 -11 13 14 17 -3 -17 -12 -19 -10 29 -22 23 25 -25 26 27 28 -23 -14
right_child=1 5 -4 -5 -6 6 7 -9 9 10 12 -13 20 -15 -16 16 -18 18 -20 -21 21 22 -24 24 -26 -27 -28 -29 -30 -31
leaf_value=0.092640191854944987 5.2930159832200694 0.050937653782827899 -2.2072444590181113 0.95716038807637571 -0.38630296850321127 -0.35887048827425205 -0.74548261880874644 -6.2608409676286918 -0.38562016721791781 0.30502318721026356 0.50550927769416454 1.8104117111945006 -0.13831463040319106 5.4874992178036619 -0.14681429726486447 1.4871920874379865 0.26042919300223755 5.2148019370099066 1.473735748575284 -2.8307405111036807 3.0086522036261467 -0.17585689100369728 1.0811662956397985 -0.2153493373392307 -2.9293304393067956 0.7789641705759931 -0.58729528481542193 1.268322172449537 0.95912755550632112 0.5647274961831289
leaf_weight=4303 31 3492 160 721 4082 347 55 36 3711 1720 157 322 18877 26 357 645 949 64 104 76 190 2802 721 699 288 1278 1494 756 593 1176
leaf_count=4303 31 3492 160 721 4082 347 55 36 3711 1720 157 322 18877 26 357 645 949 64 104 76 190 2802 721 699 288 1278 1494 756 593 1176
internal_value=-5.40405e-05 0.036671 -0.179218 1.1359 -0.14052 0.0164775 -0.892511 -2.92738 0.0263088 -0.00900382 0.0419725 0.542406 0.00742837 0.927462 0.753619 0.272171 0.756829 1.74271 2.8989 -0.43469 -0.0151312 0.171177 0.108713 0.0200738 -1.00727 0.166541 0.0278909 0.249305 0.0223893 -0.097085
internal_weight=50232 41687 8545 752 8385 40935 438 91 40497 35411 31624 2042 29582 708 682 5086 1594 325 168 3787 28874 8821 8631 7910 987 6923 5645 4151 3395 20053
internal_count=50232 41687 8545 752 8385 40935 438 91 40497 35411 31624 2042 29582 708 682 5086 1594 325 168 3787 28874 8821 8631 7910 987 6923 5645 4151 3395 20053
is_linear=0
shrinkage=0.05


Tree=233
num_leaves=31
num_cat=0
split_feature=4 4 3 7 6 7 6 2 4 4 7 7 7 6 1 0 0 7 0 0 1 0 7 6 0 6 7 6 4 7
split_gain=117285 344530 369789 495199 294031 296393 293818 272705 270177 304542 203799 174250 158269 140905 136856 131291 130870 109514 109497 120543 108755 106126 198026 310450 130452 116540 257940 110907 111231 176352
threshold=15.500000000000002 17.500000000000004 1.0000000180025095e-35 10085.423750000002 11184.732500000002 13744.677500000003 7917.1600000000008 1.0000000180025095e-35 13.500000000000002 12.500000000000002 8970.7950000000001 8246.8125000000018 15970.585000000001 8850.9837500000012 9.5000000000000018 28.59500000000001 33.30125000000001 16182.750000000002 24.800625000000007 37.485625000000006 11.500000000000002 31.366875000000004 14249.950000000003 14566.588750000001 30.455000000000005 15796.430000000002 15564.240000000002 13581.831250000001 16.500000000000004 11087.642500000004
decision_type=2 2 2 2 2 2 2 2 2 2 2 2 2 2 2 2 2 2 2 2 2 2 2 2 2 2 2 2 2 2
left_child=8 2 4 6 5 7 -4 18 9 12 -10 -8 -1 -13 -5 -15 -11 -12 -2 -20 21 24 -23 -24 27 -25 -27 28 -6 -30
right_child=1 -3 3 14 20 -7 11 -9 10 16 17 13 -14 15 -16 -17 -18 -19 19 -21 -22 22 23 25 -26 26 -28 -29 29 -31
leaf_value=0.060814879455988541 -1.5393178871204687 0.022665563896899502 1.3107159612225552 -0.08612442962520675 0.41175505195250395 5.116971418261528 -4.4129530938342212 -3.875817634945824 1.4192421967945832 -0.82274985084514296 0.28121678437190978 -0.56655248701572425 -0.87658400236035183 -3.6777706884208956 -3.2213841244981101 -1.6000064063156749 0.055373385402874481 3.2188004076480867 0.38279976012131733 -1.6425058952399665 -3.6624027021003496 -2.5426340592199383 2.7930276692427438 -1.9490021650441165 1.4172944559999134 -3.8755982339382173 3.2064206269052296 -2.2217844997511973 0.72198283661549034 -2.3368622159405099
leaf_weight=26727 86 12550 51 587 247 30 112 42 462 1524 3718 101 458 165 37 141 588 32 1602 77 33 194 58 172 92 20 36 90 76 124
leaf_count=26727 86 12550 51 587 247 30 112 42 462 1524 3718 101 458 165 37 141 588 32 1602 77 33 194 58 172 92 20 36 90 76 124
internal_value=-5.13383e-05 -0.108201 -0.501773 -1.24523 -0.203791 0.187869 -2.31063 0.106036 0.0539219 8.9176e-05 0.428361 -2.66648 0.045022 -2.18588 -0.272029 -2.72037 -0.578272 0.306284 0.200788 0.289918 -0.833809 -0.74964 -1.30955 -0.473124 -0.322363 -1.30399 0.677128 -0.620405 -0.297979 -1.1745
internal_weight=50232 16723 4173 1194 2979 1837 570 1807 33509 29297 4212 519 27185 407 624 306 2112 3750 1765 1679 1142 1109 480 286 629 228 56 537 447 200
internal_count=50232 16723 4173 1194 2979 1837 570 1807 33509 29297 4212 519 27185 407 624 306 2112 3750 1765 1679 1142 1109 480 286 629 228 56 537 447 200
is_linear=0
shrinkage=0.05


Tree=234
num_leaves=31
num_cat=0
split_feature=8 6 0 6 6 8 6 8 0 4 8 6 7 7 4 8 6 7 8 8 6 8 6 7 4 5 7 6 8 8
split_gain=127278 386070 319424 293186 144279 211425 345045 397083 231532 223495 252340 371876 425253 258271 231040 223705 419224 375160 408834 239963 418090 379868 406820 323792 277871 307037 292363 277096 350465 273194
threshold=7248.9962500000011 6946.5425000000005 22.511250000000008 7113.4250000000002 7707.0700000000006 8538.2500000000018 8981.4937500000015 10103.423500000003 28.87625000000001 1.0000000180025095e-35 9754.8725000000031 9809.8516500000023 12606.491250000001 11340.585000000001 20.500000000000004 10504.796250000001 10599.892500000002 14303.755000000003 11730.305000000002 11407.567500000001 11836.735000000002 13093.400000000003 13235.073750000001 11390.996250000002 16.500000000000004 22.500000000000004 9562.4225000000024 12694.316250000002 12332.350000000002 13517.567500000003
decision_type=2 2 2 2 2 2 2 2 2 2 2 2 2 2 2 2 2 2 2 2 2 2 2 2 2 2 2 2 2 2
left_child=3 2 -2 -1 -3 -6 7 8 -7 -8 14 12 13 -12 -11 -13 17 18 -17 -18 23 27 24 -21 26 -26 -23 28 -22 -28
right_child=1 4 -4 -5 5 6 9 -9 -10 10 11 15 -14 -15 -16 16 19 -19 -20 20 21 22 -24 -25 25 -27 29 -29 -30 -31
leaf_value=0.017267693679370113 7.1651687516106506 0.36970347804163378 1.3813269358236813 -0.98719441589765311 -0.24010451102241187 0.17255778741614611 0.82173283482006954 4.6438478591225367 0.93295775858371499 -0.46342432824358071 0.86857946024778387 -0.40920699306543212 -1.510863005031239 3.8964869805284454 0.31841116260542518 0.93240717421034458 -0.43478851948787334 -1.7145169355957084 5.45578161753141 0.23870863262148176 -0.73189612771289936 -4.3828443141210647 0.0072627282694873998 1.5624977378323373 1.3511019205460784 -3.7079037787550591 0.96909791163698356 -1.004716555839001 0.6101024546674686 2.9669732314096877
leaf_weight=2328 27 2647 206 1056 8158 3801 765 55 1359 5236 1458 3210 187 74 1153 1269 2971 129 52 1232 1035 21 7730 739 61 59 547 1500 918 249
leaf_count=2328 27 2647 206 1056 8158 3801 765 55 1359 5236 1458 3210 187 74 1153 1269 2971 129 52 1232 1035 21 7730 739 61 59 547 1500 918 249
internal_value=-4.87707e-05 0.021342 2.05156 -0.296181 0.0111942 -0.0103891 0.0419431 0.41787 0.372826 -0.0221347 -0.0437759 0.0321456 0.74008 1.01484 -0.322329 -0.0238777 0.0429388 0.85914 1.11047 -0.0264254 0.0596754 -0.0501558 0.126529 0.735046 1.11044 -1.13624 1.44043 -0.493633 -0.101095 1.59406
internal_weight=50232 46848 233 3384 46615 43968 35810 5215 5160 30595 29830 23441 1719 1532 6389 21722 18512 1450 1321 17062 14091 12120 8667 1971 937 120 817 3453 1953 796
internal_count=50232 46848 233 3384 46615 43968 35810 5215 5160 30595 29830 23441 1719 1532 6389 21722 18512 1450 1321 17062 14091 12120 8667 1971 937 120 817 3453 1953 796
is_linear=0
shrinkage=0.05


Tree=235
num_leaves=31
num_cat=0
split_feature=8 6 6 4 6 0 1 5 4 4 4 1 1 0 1 8 6 8 1 1 8 6 8 5 6 0 0 1 4 8
split_gain=132106 400431 304649 282990 196263 184491 235932 163508 346286 338822 2.24105e+06 430185 703381 296945 291409 286693 261528 259810 258923 236540 213328 524969 189549 558997 510984 311585 309813 233699 225453 190626
threshold=8574.8900000000012 8592.5562500000015 8520.1200000000008 15.500000000000002 7846.4062500000009 20.743125000000003 7.5000000000000009 22.500000000000004 1.5000000000000002 17.500000000000004 16.500000000000004 7.5000000000000009 5.5000000000000009 25.465625000000006 3.5000000000000004 9779.907500000003 9961.751250000003 9960.7925000000014 3.5000000000000004 7.5000000000000009 9984.2900000000027 9730.2900000000027 13866.538750000002 1.0000000180025095e-35 14248.518750000001 31.366875000000004 32.596875000000011 2.5000000000000004 22.500000000000004 11182.942500000003
decision_type=2 2 2 2 2 2 2 2 2 2 2 2 2 2 2 2 2 2 2 2 2 2 2 2 2 2 2 2 2 2
left_child=2 3 -1 4 -2 -4 -7 8 18 10 -9 12 13 -12 22 -11 17 -13 -3 -17 21 -15 23 24 25 -10 28 -24 -25 -27
right_child=1 7 5 -5 -6 6 -8 9 14 15 11 16 -14 20 -16 19 -18 -19 -20 -21 -22 -23 27 26 -26 29 -28 -29 -30 -31
leaf_value=-0.014136535391584243 3.9807637929916382 1.766034804014506 2.3018981263256419 0.28040905624746965 1.2277421058772249 -0.31844069836919919 -1.3825734551476712 -0.028632208778067509 -0.8834428463633679 0.20597867041636309 2.6056647062301637 -0.88676746478097312 -6.4935776668746463 -2.7932490255989015 0.23855957998067528 1.126531835842898 -3.775250398317973 4.1241113461554049 0.014960576398379603 4.3579121968667236 -2.2084464197225921 -12.127931213378908 0.58630444948626703 -0.049612627509060148 -7.4139315366745002 -7.3093833631084806 5.720743438720703 -0.36770517185600382 2.5328180148866442 -1.3739053646723429
leaf_weight=12282 71 549 52 1316 734 1413 825 13479 1413 1976 27 135 147 61 10230 366 60 32 343 67 302 20 1271 1387 32 31 25 1297 90 24
leaf_count=12282 71 549 52 1316 734 1413 825 13479 1413 1976 27 135 147 61 10230 366 60 32 343 67 302 20 1271 1387 32 31 25 1297 90 24
internal_value=0.0139001 0.0659519 -0.112854 0.732115 1.47056 -0.642306 -0.710715 0.0236029 0.134224 -0.0871513 -0.179786 -2.77852 -3.52621 -2.4623 0.0801132 0.461314 -0.943864 0.0734009 1.0927 1.62654 -2.81958 -5.09811 -0.210893 -0.480665 -1.16341 -1.02716 0.201171 0.10447 0.107746 -4.71936
internal_weight=50057 35485 14572 2121 805 2290 2238 33364 16692 16672 14263 784 557 410 15800 2409 227 167 892 433 383 81 5570 3002 1500 1468 1502 2568 1477 55
internal_count=50057 35485 14572 2121 805 2290 2238 33364 16692 16672 14263 784 557 410 15800 2409 227 167 892 433 383 81 5570 3002 1500 1468 1502 2568 1477 55
is_linear=0
shrinkage=0.05


Tree=236
num_leaves=31
num_cat=0
split_feature=4 4 6 0 4 1 0 1 4 1 0 7 1 4 1 7 1 4 4 7 4 6 4 6 7 1 4 3 4 6
split_gain=102925 262866 235854 214671 272966 412986 198921 255778 195823 402144 284606 213922 184782 240830 214093 178785 164395 216402 331777 208028 193075 265364 185097 169981 235302 156157 294246 357014 292974 329828
threshold=7.5000000000000009 4.5000000000000009 7678.255000000001 25.930625000000003 22.500000000000004 1.5000000000000002 25.576875000000005 8.5000000000000018 5.5000000000000009 11.500000000000002 19.341250000000006 10382.155000000002 5.5000000000000009 5.5000000000000009 2.5000000000000004 12423.801250000002 3.5000000000000004 20.500000000000004 16.500000000000004 10572.312500000002 14.500000000000002 12194.766250000002 15.500000000000002 10840.178750000001 10271.996250000002 5.5000000000000009 13.500000000000002 1.0000000180025095e-35 14.500000000000002 9034.5450000000001
decision_type=2 2 2 2 2 2 2 2 2 2 2 2 2 2 2 2 2 2 2 2 2 2 2 2 2 2 2 2 2 2
left_child=1 -1 -3 4 -2 -6 7 12 11 10 -10 -9 13 -4 -15 -14 17 18 20 23 -5 -22 -23 24 -19 28 -27 -28 -18 -30
right_child=3 2 6 16 5 -7 -8 8 9 -11 -12 -13 15 14 -16 -17 25 19 -20 -21 21 22 -24 -25 -26 26 27 -29 29 -31
leaf_value=-0.038606807951218194 -0.35234444300800982 1.5998177502304316 -0.36485363389143632 -0.22833153862103694 2.7185997996104541 0.086361315640073932 -0.23523446746767418 -1.4963101553143416 3.6150030364160957 2.3183011221099021 -0.43594114695657171 1.3195361815303206 1.4403461128037678 1.3391426269926203 -0.16509537954442732 -0.067212893520153402 0.70796693655755816 1.0276554739220984 -0.87571091149250391 -3.9075997725777007 5.0247467003762729 1.055573041166882 -0.26159283791132498 5.3576097579229449 -3.5303823693593346 -0.25180806333594402 0.51367474864761131 -0.35025106962884717 0.52310441145842324 -0.45892884479821161
leaf_weight=10437 8032 368 672 3249 169 1260 1359 360 46 197 755 83 1069 717 353 241 2757 504 1605 23 32 539 528 21 30 5457 4078 1692 1654 1770
leaf_count=10437 8032 368 672 3249 169 1260 1359 360 46 197 755 83 1069 717 353 241 2757 504 1605 23 32 539 528 21 30 5457 4078 1692 1654 1770
internal_value=0.0132051 0.11473 0.372025 -0.0374267 -0.239063 0.397662 0.294816 0.455141 -0.0938864 0.294449 -0.203303 -0.968736 0.714363 0.376983 0.842885 1.163 0.0422625 -0.171655 -0.261337 0.75201 -0.0345502 0.53833 0.40378 0.945111 0.771586 0.122518 0.0114032 0.260336 0.324345 0.0154529
internal_weight=50057 16657 6220 33400 9461 1429 5852 4493 1441 998 801 443 3052 1742 1070 1310 23939 6531 5953 578 4348 1099 1067 555 534 17408 11227 5770 6181 3424
internal_count=50057 16657 6220 33400 9461 1429 5852 4493 1441 998 801 443 3052 1742 1070 1310 23939 6531 5953 578 4348 1099 1067 555 534 17408 11227 5770 6181 3424
is_linear=0
shrinkage=0.05


Tree=237
num_leaves=31
num_cat=0
split_feature=8 7 5 5 1 8 0 8 0 1 7 1 0 8 0 7 7 8 7 8 7 1 8 7 0 0 7 0 0 8
split_gain=125632 240280 179390 149464 256982 479409 338111 423871 356828 315546 142575 191111 184986 140155 295897 124025 186723 152497 241026 125668 108769 364369 289139 279506 206312 196565 249368 168373 140194 131649
threshold=9032.9500000000025 8801.5025000000005 1.0000000180025095e-35 1.0000000180025095e-35 3.5000000000000004 11361.776250000001 24.223125000000007 10189.040000000003 29.418125000000007 1.5000000000000002 8727.7525000000023 8.5000000000000018 24.361875000000008 12962.536250000003 23.616875000000007 7211.8275000000003 8283.4400000000005 11730.305000000002 8635.9450000000015 12182.641250000002 12543.700000000003 1.5000000000000002 13398.315000000002 14249.950000000003 20.743125000000003 22.248750000000005 11821.506250000002 23.616875000000007 27.810625000000005 15158.182500000001
decision_type=2 2 2 2 2 2 2 2 2 2 2 2 2 2 2 2 2 2 2 2 2 2 2 2 2 2 2 2 2 2
left_child=2 15 -1 4 5 6 -3 9 -9 -8 -4 12 -12 -6 -15 -2 -17 -18 19 -19 21 24 23 -22 -7 -23 -27 29 -26 -24
right_child=1 3 10 -5 13 20 7 8 -10 -11 11 -13 -14 14 -16 16 17 18 -20 -21 22 25 27 -25 28 26 -28 -29 -30 -31
leaf_value=-0.34934243463752296 1.7331401652479785 -0.082496329984369593 0.10386118289210014 -0.035801484556257299 0.36646739171705112 0.9033122098073364 -7.2281720018386837 -2.9175083337303924 -8.9355245461066559 -0.70236557185412407 0.64120903485411906 -0.78818710154774074 -0.24752570758073267 6.5270232238769541 0.96578171115779543 -0.020050587800849822 0.67462426478085769 7.2412673672040304 -0.82085243673885577 2.810060043136279 -0.8973395813759224 -1.3159752938591067 1.2447619497619999 -6.8716552507309689 8.3700700930186684 -0.033352767181868602 4.3135238589072715 0.15623219490370238 2.8890595090389253 5.2488569612088414
leaf_weight=4873 195 332 10197 20801 3534 32 20 78 36 251 763 1157 2517 25 553 1236 1269 24 34 48 289 122 191 21 28 101 49 1238 20 23
leaf_count=4873 195 332 10197 20801 3534 32 20 78 36 251 763 1157 2517 25 553 1236 1269 24 34 48 289 122 191 21 28 101 49 1238 20 23
internal_value=0.0125448 0.0758409 -0.0865836 0.0312463 0.232119 -0.134491 -1.25173 -2.26 -4.81793 -1.18397 0.000912962 -0.23568 -0.0407865 0.484521 1.20632 0.516765 0.425921 0.826809 2.64872 4.28713 0.24444 1.04686 0.0841389 -1.30205 4.01311 0.17443 1.38663 0.380089 6.08632 1.67511
internal_weight=50057 30550 19507 27744 6943 2831 717 385 114 271 14634 4437 3280 4112 578 2806 2611 1375 106 72 2114 352 1762 310 80 272 150 1452 48 214
internal_count=50057 30550 19507 27744 6943 2831 717 385 114 271 14634 4437 3280 4112 578 2806 2611 1375 106 72 2114 352 1762 310 80 272 150 1452 48 214
is_linear=0
shrinkage=0.05


Tree=238
num_leaves=31
num_cat=0
split_feature=8 6 6 6 8 8 7 7 6 3 7 3 6 7 6 8 6 8 7 8 6 8 6 4 5 8 6 8 7 4
split_gain=120288 308944 232189 168252 326195 183396 183101 177891 249719 241435 193948 408363 152144 151042 136324 228723 262591 350187 584731 331276 326237 430629 550806 304216 800726 390036 304491 288636 280854 276576
threshold=7956.0150000000012 7559.6475000000009 8981.4937500000015 6621.9212500000003 6180.5912500000004 6687.0000000000009 7959.7500000000009 6180.5912500000004 5948.7587500000009 1.0000000180025095e-35 6946.5425000000005 1.0000000180025095e-35 6370.5687500000013 7336.0562500000005 8312.8875000000025 9032.9500000000025 9809.8516500000023 9932.7700000000023 12795.747500000001 10189.040000000003 10915.581250000001 11947.117500000002 12194.766250000002 1.5000000000000002 1.0000000180025095e-35 12962.536250000003 13039.108750000001 11582.950000000003 8915.152500000002 1.0000000180025095e-35
decision_type=2 2 2 2 2 2 2 2 2 2 2 2 2 2 2 2 2 2 2 2 2 2 2 2 2 2 2 2 2 2
left_child=2 13 3 4 7 -5 -6 9 -9 -1 -10 -12 -11 -2 -3 -16 17 -17 -19 -18 27 -22 -23 24 -24 -25 -27 -21 -29 -26
right_child=1 14 -4 5 6 -7 -8 8 10 12 11 -13 -14 -15 15 16 19 18 -20 20 21 22 23 25 29 26 -28 28 -30 -31
leaf_value=-0.16252099354656377 3.9495609438540984 0.30833651941935791 -2.3229300452267556 -1.1151184705230925 0.76562177506828377 -0.15322298640398233 3.6804449130748882 1.907395996921941 0.33055294791420742 -7.7464668741592995 -7.1332150500161307 -0.091414077162742621 -2.1637581005044608 1.0157194143121169 -0.24693407962919031 0.17016265714909859 -0.49631119447927996 1.5381051367505929 -1.7258842828483143 0.36113915143115066 -0.47007831860470867 1.045442388994948 7.2059219358059083 -0.73656893570275828 4.1737519410252579 1.0695039821399537 -0.0050043506843356657 7.7927711153030401 1.6206910895350131 -0.37327420481425877
leaf_weight=49 49 4007 123 540 758 6018 58 95 91 26 35 50 23 419 7433 5763 3132 1043 158 3428 4282 1401 52 1740 40 718 8067 20 235 204
leaf_count=49 49 4007 123 540 758 6018 58 95 91 26 35 50 23 419 7433 5763 3132 1043 158 3428 4282 1401 52 1740 40 718 8067 20 235 204
internal_value=0.0119176 0.0453845 -0.16759 -0.133352 0.414953 -0.232428 0.972803 -0.818668 -0.158488 -2.64427 -1.2736 -2.99098 -5.12601 1.3229 0.0310549 0.00159613 0.0625982 0.332022 1.1087 -0.0178627 0.0563683 -0.0385844 0.11259 -0.0081865 1.57267 -0.0526457 0.0828155 0.481863 2.10478 0.37214
internal_weight=50057 42191 7866 7743 1185 6558 816 369 271 98 176 85 49 468 41723 37716 30283 6964 1201 23319 20187 16504 12222 10821 296 10525 8785 3683 255 244
internal_count=50057 42191 7866 7743 1185 6558 816 369 271 98 176 85 49 468 41723 37716 30283 6964 1201 23319 20187 16504 12222 10821 296 10525 8785 3683 255 244
is_linear=0
shrinkage=0.05


Tree=239
num_leaves=31
num_cat=0
split_feature=4 4 6 1 3 4 5 5 1 7 1 2 6 7 4 1 4 4 6 7 7 5 4 1 5 6 1 4 1 6
split_gain=97899.1 239227 216643 180530 171765 187890 2.36712e+06 781820 409756 207898 182944 215307 179645 176376 157009 155611 200904 267573 189090 197846 169616 152524 151799 148021 141594 138061 134642 273218 164802 129131
threshold=7.5000000000000009 4.5000000000000009 7957.6400000000003 1.5000000000000002 1.0000000180025095e-35 6.5000000000000009 1.0000000180025095e-35 1.0000000180025095e-35 5.5000000000000009 13149.812500000002 5.5000000000000009 1.0000000180025095e-35 15629.727500000001 12065.997500000003 5.5000000000000009 9.5000000000000018 1.5000000000000002 3.5000000000000004 7007.6750000000002 7592.7275000000009 8767.4512500000019 1.0000000180025095e-35 2.5000000000000004 11.500000000000002 1.0000000180025095e-35 7450.6750000000002 8.5000000000000018 5.5000000000000009 11.500000000000002 8463.9737500000028
decision_type=2 2 2 2 2 2 2 2 2 2 2 2 2 2 2 2 2 2 2 2 2 2 2 2 2 2 2 2 2 2
left_child=1 15 -3 -4 5 7 8 14 9 -7 13 26 29 -9 -5 22 -17 18 19 21 -20 -18 -1 -2 -19 -24 -12 -28 -29 -8
right_child=23 2 3 4 -6 6 12 10 -10 -11 11 -13 -14 -15 -16 16 17 24 20 -21 -22 -23 25 -25 -26 -27 27 28 -30 -31
leaf_value=0.047307333624116439 -0.014572183721805437 1.286628444511837 1.1416288284898255 -1.9289009798854473 -0.28192571138691991 -1.2244864738367973 0.70783037899251466 -0.45616193591603937 5.084789007485222 3.0167797851562503 2.173789769151719 -3.5958131754398348 0.6729039053515633 1.1502127544594047 -0.23159341624070862 -0.25916950150311163 -1.0697041051319012 1.3790858185880788 2.3886960161483195 -4.0534332648567535 -0.9958837532415622 1.568649588233751 0.50119249581685532 -0.50979981709393962 -0.92071823521182239 -0.49314394434005626 -0.21530837699835437 1.5359274277645489 4.7228348231315618 -1.7130360775665345
leaf_weight=5223 31816 568 529 257 1484 47 59 284 193 75 558 20 101 429 290 706 78 91 381 23 41 184 394 1584 253 3063 231 215 50 830
leaf_count=5223 31816 568 529 257 1484 47 59 284 193 75 558 20 101 429 290 706 78 91 381 23 41 184 394 1584 253 3063 231 215 50 830
internal_value=0.0113217 0.110337 0.35579 0.262245 0.17144 0.356325 -0.124155 0.624974 3.65102 1.38285 1.13127 1.54347 -1.32535 0.510366 -1.02905 -0.0359428 0.393175 0.831382 1.38787 0.392862 2.05986 0.783186 -0.122805 -0.0380584 -0.31234 -0.379818 1.64099 1.04159 2.13723 -1.55237
internal_weight=50057 16657 6220 5652 5123 3639 1305 2334 315 122 1787 1074 990 713 547 10437 1757 1051 707 285 422 262 8680 33400 344 3457 1054 496 265 889
internal_count=50057 16657 6220 5652 5123 3639 1305 2334 315 122 1787 1074 990 713 547 10437 1757 1051 707 285 422 262 8680 33400 344 3457 1054 496 265 889
is_linear=0
shrinkage=0.05


Tree=240
num_leaves=31
num_cat=0
split_feature=8 6 6 8 0 4 0 6 8 6 8 8 6 6 8 4 6 8 4 0 3 1 1 6 0 8 0 6 8 6
split_gain=120825 455338 359118 168374 409123 153049 248289 139552 416425 292686 250677 243886 479884 436422 322199 352915 255611 201763 178574 525196 239885 192841 192473 166437 179749 165716 344315 284101 239322 246947
threshold=9430.7200000000012 9387.6000000000004 9250.2250000000004 10996.808750000002 28.486875000000001 1.5000000000000002 21.039375000000003 10374.735000000002 10875.905000000002 11035.775000000003 10040.423750000002 13093.400000000003 12748.266250000002 13039.108750000001 12261.76 4.5000000000000009 11889.421250000001 11781.025000000003 14.500000000000002 33.976250000000014 1.0000000180025095e-35 3.5000000000000004 3.5000000000000004 14055.557500000001 23.32062500000001 13930.993750000003 23.203125000000004 14248.518750000001 15271.990000000002 15216.782500000003
decision_type=2 2 2 2 2 2 2 2 2 2 2 2 2 2 2 2 2 2 2 2 2 2 2 2 2 2 2 2 2 2
left_child=2 3 -1 -2 -5 6 -3 10 -9 17 -7 12 14 -13 15 16 -11 -10 20 21 22 -20 23 24 -14 26 -15 -27 29 -29
right_child=1 5 -4 4 -6 7 -8 8 9 11 -12 13 18 25 -16 -17 -18 -19 19 -21 -22 -23 -24 -25 -26 27 -28 28 -30 -31
leaf_value=-0.0094170910225849502 0.75609174250533429 -1.0113176112422131 -0.59941263549895463 9.0841102100553979 0.50206138026423575 -0.12014061380615799 0.90196920522051005 -0.62951941744294626 0.5519056280991107 -0.89703685343621453 0.5972187419325764 1.3044152913816407 -0.30849705912594877 0.81137860871621692 0.60777606608266221 -0.10428331883343976 -3.6350838880890457 2.6195656076857921 0.16851032858199264 -8.6745417529139015 -2.117327179462281 -2.9707924216401342 0.14090666112835126 -5.8365169091150166 -3.0359326631523844 0.78719750491999985 -0.77263589751723616 -0.09307562532949365 0.33637278200863641 -1.2738052477644073
leaf_weight=20566 1697 205 2949 21 41 2514 981 2849 1045 314 2362 731 203 454 1364 2825 117 133 94 29 281 102 537 20 86 1372 1404 1852 2294 582
leaf_count=20566 1697 205 2949 21 41 2514 981 2849 1045 314 2362 731 203 454 1364 2825 117 133 94 29 281 102 537 20 86 1372 1404 1852 2294 582
internal_value=-0.000902603 0.0722844 -0.083408 0.849596 3.40888 0.0170404 0.571258 -0.0108539 -0.0730072 0.027094 0.227358 -0.0338314 -0.279816 0.135235 -0.0373524 -0.307609 -1.64031 0.785351 -1.10835 -2.39441 -0.851595 -1.46521 -0.43118 -1.42539 -1.12012 0.0278372 -0.385584 0.153761 -0.0300532 -0.375403
internal_weight=50024 26509 23515 1759 62 24750 1186 23564 18688 15839 4876 14661 5972 8689 4620 3256 431 1178 1352 225 1127 196 846 309 289 7958 1858 6100 4728 2434
internal_count=50024 26509 23515 1759 62 24750 1186 23564 18688 15839 4876 14661 5972 8689 4620 3256 431 1178 1352 225 1127 196 846 309 289 7958 1858 6100 4728 2434
is_linear=0
shrinkage=0.05


Tree=241
num_leaves=31
num_cat=0
split_feature=4 4 5 5 4 1 4 1 4 1 1 1 1 1 3 1 5 1 4 4 1 1 4 1 1 7 4 1 7 1
split_gain=101415 296191 1.81223e+06 576836 1.94052e+06 863301 801434 435049 390997 1.44717e+06 826904 776240 359658 376809 356581 355624 305104 301588 594497 338183 293747 295946 292743 291638 369526 286806 276224 580805 320462 282573
threshold=15.500000000000002 17.500000000000004 1.0000000180025095e-35 1.0000000180025095e-35 18.500000000000004 8.5000000000000018 18.500000000000004 1.5000000000000002 16.500000000000004 7.5000000000000009 5.5000000000000009 7.5000000000000009 6.5000000000000009 7.5000000000000009 1.0000000180025095e-35 5.5000000000000009 37.500000000000007 3.5000000000000004 19.500000000000004 21.500000000000004 11.500000000000002 10.500000000000002 22.500000000000004 10.500000000000002 7.5000000000000009 11942.980000000001 22.500000000000004 3.5000000000000004 10572.312500000002 6.5000000000000009
decision_type=2 2 2 2 2 2 2 2 2 2 2 2 2 2 2 2 2 2 2 2 2 2 2 2 2 2 2 2 2 2
left_child=-1 2 -2 4 5 12 7 -5 11 10 -10 15 -3 -14 -12 -4 -11 19 -19 -6 21 -7 -21 24 -9 -13 -8 28 -28 -29
right_child=1 3 8 6 17 20 26 23 9 16 14 25 13 -15 -16 -17 -18 18 -20 22 -22 -23 -24 -25 -26 -27 27 29 -30 -31
leaf_value=0.049571986871920264 1.3253373927958876 -3.635508672264002 -0.28719907238234021 -1.6302634476590905 -1.7829590370435924 -0.2442653105182703 -0.13645766570437376 1.1613478588879247 -1.8457271371555479 1.2561663481756433 -3.8686035623538846 -2.5871008013313865 -10.066183457007774 -3.9554752949853333 -7.6861945914811107 1.7779045606953898 -1.1696474077837979 2.1074540403409396 -0.1167670604584671 2.0273421416886981 -4.9265890717506409 5.8433772784013023 -1.1953360817705592 -0.58752062686487727 2.9858093298408317 0.20700828637285482 2.5482500033065643 -0.98327288437950122 -2.8102053833007812 0.63405431101132903
leaf_weight=33310 1056 289 705 120 425 86 6269 859 711 365 206 441 52 49 87 296 201 373 1544 144 24 26 138 149 410 116 399 437 30 707
leaf_count=33310 1056 289 705 120 425 86 6269 859 711 365 206 441 52 49 87 296 201 373 1544 144 24 26 138 149 410 116 399 437 30 707
internal_value=-0.000857472 -0.10136 -0.465607 0.0202683 -0.56515 -3.33696 0.216864 1.26047 -1.07022 -1.6271 -2.76688 -0.509059 -4.53313 -7.10158 -5.00215 0.323461 0.394702 -0.0095216 0.31601 -0.892188 0.0932563 1.16894 0.450287 1.50511 1.75081 -2.0052 0.012188 0.604597 2.17353 0.0162466
internal_weight=50024 16714 4184 12530 3150 526 9380 1538 3128 1570 1004 1558 390 101 293 1001 566 2624 1917 707 136 112 282 1418 1269 557 7842 1573 429 1144
internal_count=50024 16714 4184 12530 3150 526 9380 1538 3128 1570 1004 1558 390 101 293 1001 566 2624 1917 707 136 112 282 1418 1269 557 7842 1573 429 1144
is_linear=0
shrinkage=0.05


Tree=242
num_leaves=31
num_cat=0
split_feature=8 6 6 0 8 6 8 8 3 7 7 4 4 6 7 8 8 4 6 8 4 6 4 8 6 8 8 7 8 6
split_gain=115038 344921 268249 142151 139047 128442 239201 181262 140376 183002 136418 113365 160265 108264 182317 201868 383836 369510 300312 186187 351756 299704 275309 188787 314754 195646 183293 165821 152658 290068
threshold=7291.9875000000002 7161.2675000000008 7736.888750000001 22.511250000000008 7519.576250000001 6180.5912500000004 6180.5912500000004 5948.7587500000009 1.0000000180025095e-35 6890.3150000000005 6370.5687500000013 10.500000000000002 1.5000000000000002 16180.853750000002 15797.895000000002 14300.963750000001 12062.01375 10.500000000000002 14566.588750000001 15271.990000000002 7.5000000000000009 15216.782500000003 16.500000000000004 14563.515000000001 14498.323750000001 12792.373750000001 15488.217500000001 14736.916250000002 13646.460000000001 12748.266250000002
decision_type=2 2 2 2 2 2 2 2 2 2 2 2 2 2 2 2 2 2 2 2 2 2 2 2 2 2 2 2 2 2
left_child=2 3 5 4 -2 6 8 -7 9 -1 -10 12 -9 14 19 16 -16 -18 -17 21 -21 23 -22 24 28 -26 -20 -24 29 -3
right_child=1 13 -4 -5 -6 7 -8 11 10 -11 -12 -13 -14 -15 15 18 17 -19 26 20 22 -23 27 -25 25 -27 -28 -29 -30 -31
leaf_value=1.2910081945940959 1.5103847583134971 0.024646767229734828 -1.6742212078796748 1.0209521893612437 6.6776899078617937 -3.6864563297676414 2.2950974741094821 -0.47611633465378977 -4.1779015566851641 -3.4320702433586123 -0.11912036043532351 -0.62671394045747053 0.46617474431530737 1.1724145590807453 2.017952436589054 2.5704100474102858 -2.3560341262817381 -10.875558130741119 -2.4095725677590423 2.9531534029211075 0.43774684172348827 -1.0936292242058472 -6.9788487339019785 0.6332806671734208 -5.1192907067139943 -0.9670818748930291 -0.38626887487662653 -0.61739388420468289 0.40369782582099067 -0.49497072895555561
leaf_weight=141 30 35744 312 469 23 38 148 843 37 24 47 1039 971 198 25 73 35 20 141 139 1365 623 20 1185 30 522 543 21 2314 2904
leaf_count=141 30 35744 312 469 23 38 148 843 37 24 47 1039 971 198 25 73 35 20 141 139 1365 623 20 1185 30 522 543 21 2314 2904
internal_value=-0.000814598 0.0202999 -0.273098 1.29832 3.7528 -0.140145 0.703163 -0.25595 -0.243046 0.604015 -1.90692 -0.210258 0.0282743 0.00576616 0.000711975 -0.730439 -3.11904 -5.45404 -0.47801 0.0143517 0.553703 -0.00488327 0.316488 0.0110021 -0.0067606 -1.19275 -0.803353 -3.72054 0.00922162 -0.0143971
internal_weight=50024 46424 3600 522 53 3288 397 2891 249 165 84 2853 1814 45902 45704 837 80 55 757 44867 1545 43322 1406 42699 41514 552 684 41 40962 38648
internal_count=50024 46424 3600 522 53 3288 397 2891 249 165 84 2853 1814 45902 45704 837 80 55 757 44867 1545 43322 1406 42699 41514 552 684 41 40962 38648
is_linear=0
shrinkage=0.05


Tree=243
num_leaves=31
num_cat=0
split_feature=8 4 5 4 4 8 5 8 8 4 8 1 4 4 4 5 4 4 8 1 1 8 4 5 0 8 8 4 0 4
split_gain=111905 164034 314259 845362 539655 284946 190972 200611 185171 176233 186341 180123 479738 413363 315812 310531 2.55271e+06 1.05422e+06 385928 382221 364794 286407 284014 338029 262674 252870 221316 270445 206112 205992
threshold=9430.7200000000012 1.5000000000000002 1.0000000180025095e-35 1.0000000180025095e-35 1.0000000180025095e-35 10473.683750000002 22.500000000000004 12332.350000000002 10333.657500000003 19.500000000000004 10800.113750000002 7.5000000000000009 2.5000000000000004 17.500000000000004 16.500000000000004 1.0000000180025095e-35 17.500000000000004 17.500000000000004 10473.683750000002 5.5000000000000009 6.5000000000000009 14734.978750000002 15.500000000000002 37.500000000000007 30.673125000000002 14843.492500000002 13093.400000000003 15.500000000000002 26.310625000000005 10.500000000000002
decision_type=2 2 2 2 2 2 2 2 2 2 2 2 2 2 2 2 2 2 2 2 2 2 2 2 2 2 2 2 2 2
left_child=-1 2 3 8 6 -5 -4 -8 -2 11 -11 14 -13 22 24 16 21 19 -19 25 -18 -16 -14 -24 26 -17 27 29 -21 -3
right_child=1 9 4 5 -6 -7 7 -9 -10 10 -12 12 13 -15 15 17 20 18 -20 28 -22 -23 23 -25 -26 -27 -28 -29 -30 -31
leaf_value=-0.080175455918047658 0.22789286093579397 -0.2969700669671097 2.9952287370352439 1.6019212297771288 -0.89113313420754325 5.6662322647675225 0.41912979970409259 5.1721586147944132 -3.9188273050064262 0.61442902310529668 5.3796043418702624 3.6019389445341909 0.21822967651341224 2.2056980563953705 4.4677979144733397 -1.4390599611980741 -2.7591559372742971 0.35503159420289659 6.13943768778155 -8.2415005355045707 -9.3701175440912667 0.45520298523562297 -0.22525027228462427 -2.5563155937559752 0.28874682781098054 -5.884989270041971 0.11441362727477478 1.1773441963036264 -3.6130304198527172 -1.1070254952569665
leaf_weight=23515 72 4184 139 69 533 115 296 24 43 890 21 103 6618 241 216 539 225 413 31 29 23 56 753 196 5040 34 4230 269 141 966
leaf_count=23515 72 4184 139 69 533 115 296 24 43 890 21 103 6618 241 216 539 225 413 31 29 23 56 753 196 5040 34 4230 269 141 966
internal_value=-0.000773869 0.0696599 0.619369 2.04029 0.191086 4.14212 1.44778 0.775607 -1.32262 0.0415183 0.724274 0.0159294 0.211878 0.167158 -0.0786149 -0.722332 0.296563 -1.16869 0.758898 -2.32057 -3.37227 3.64168 0.102232 -0.706693 -0.00380898 -1.70287 -0.156621 -0.368187 -4.40259 -0.448914
internal_weight=50024 26509 1291 299 992 184 459 320 115 25218 911 24307 7911 7808 16396 1707 520 1187 444 743 248 272 7567 949 14689 573 9649 5419 170 5150
internal_count=50024 26509 1291 299 992 184 459 320 115 25218 911 24307 7911 7808 16396 1707 520 1187 444 743 248 272 7567 949 14689 573 9649 5419 170 5150
is_linear=0
shrinkage=0.05


Tree=244
num_leaves=31
num_cat=0
split_feature=8 6 6 1 7 6 8 8 7 0 7 6 4 4 1 6 8 4 0 0 1 4 8 7 8 8 0 6 8 8
split_gain=105943 286059 242614 158582 129855 110782 215879 162822 138536 147661 132154 112104 106623 143722 105866 105580 216049 117917 115265 115108 158587 113514 157751 105403 320653 264673 236550 215315 367558 323160
threshold=7007.6750000000002 6890.3150000000005 7113.4250000000002 11.500000000000002 6180.5912500000004 6180.5912500000004 6180.5912500000004 5948.7587500000009 5948.7587500000009 19.998750000000005 6946.5425000000005 5948.7587500000009 20.500000000000004 3.5000000000000004 11.500000000000002 7450.6750000000002 7555.3212500000009 1.0000000180025095e-35 23.026875000000008 21.039375000000003 11.500000000000002 9.5000000000000018 8057.0924999999997 15095.360000000002 15020.916250000002 15708.635000000002 24.361875000000008 14055.557500000001 13398.315000000002 11269.088750000001
decision_type=2 2 2 2 2 2 2 2 2 2 2 2 2 2 2 2 2 2 2 2 2 2 2 2 2 2 2 2 2 2
left_child=2 3 5 -2 -3 6 8 -7 9 -1 -10 -12 13 -9 -4 17 19 18 -6 20 -17 22 -19 24 27 -25 -26 28 -18 -29
right_child=1 4 14 -5 15 7 -8 12 10 -11 11 -13 -14 -15 -16 16 23 21 -20 -21 -22 -23 -24 25 26 -27 -28 29 -30 -31
leaf_value=0.071662786602973941 0.99212455558562707 2.2378389446551981 -1.5218348168889289 4.0656400917718809 2.8225393140316011 -3.498124731214423 2.1843513618852639 -0.20325699906211409 1.1930706973906076 -5.5347061564093059 1.3909838403974262 -3.1013819368874156 -0.82338498116010383 1.2620103410493708 1.4114892706726536 -0.60735951736569405 -0.0069559598709179665 0.7879711253910906 -1.1819752135161459 -0.77432807255040259 4.9845125976062965 0.17010987818875212 3.5418665379808658 -0.63554975188137108 3.3904151029365011 0.3527211080836451 0.6573590838566139 -6.2404079020023353 0.67125391624330955 -0.40773380554345906
leaf_weight=24 334 65 453 48 20 38 148 809 140 23 21 41 451 211 33 32 35744 593 177 1164 21 940 57 1903 86 1052 997 24 2116 2259
leaf_count=24 334 65 453 48 20 38 148 809 140 23 21 41 451 211 33 32 35744 593 177 1164 21 940 57 1903 86 1052 997 24 2116 2259
internal_value=-0.000735176 0.0155709 -0.325438 1.37833 0.00455348 -0.0711629 0.672014 -0.266684 -0.226885 -2.67188 0.341999 -1.57977 -0.183207 0.0998522 -1.32266 0.001477 -0.0133619 0.378454 -0.775426 -0.670566 1.60829 0.521419 1.02947 0.00474125 0.0254175 -0.283719 0.874388 0.00251349 0.0309493 -0.46905
internal_weight=50024 47632 2392 382 47250 1906 397 1509 249 47 202 62 1471 1020 486 47185 45398 1787 197 1217 53 1590 650 44181 41226 2955 1083 40143 37860 2283
internal_count=50024 47632 2392 382 47250 1906 397 1509 249 47 202 62 1471 1020 486 47185 45398 1787 197 1217 53 1590 650 44181 41226 2955 1083 40143 37860 2283
is_linear=0
shrinkage=0.05


Tree=245
num_leaves=31
num_cat=0
split_feature=6 7 6 7 7 1 7 7 4 0 7 4 7 6 6 7 1 1 7 7 7 7 0 4 4 6 2 0 1 1
split_gain=105508 637172 118706 173161 250793 134437 124903 111398 116997 105626 132914 154271 246203 399525 249110 193799 170038 123753 151426 191539 114562 103791 103203 100184 268879 179753 230024 191720 169489 167211
threshold=14843.492500000002 16182.750000000002 15417.848750000003 9995.2300000000014 12606.491250000001 2.5000000000000004 14929.817500000003 9180.7050000000036 10.500000000000002 31.261875000000007 15887.485000000002 14.500000000000002 13279.523750000002 9883.3705500000015 12194.766250000002 15564.240000000002 5.5000000000000009 5.5000000000000009 14499.126250000003 15095.360000000002 13493.250000000002 15887.485000000002 32.485625000000006 7.5000000000000009 4.5000000000000009 7957.6400000000003 1.0000000180025095e-35 26.400000000000009 8.5000000000000018 11.500000000000002
decision_type=2 2 2 2 2 2 2 2 2 2 2 2 2 2 2 2 2 2 2 2 2 2 2 2 2 2 2 2 2 2
left_child=1 9 3 7 -5 22 -7 -2 -9 23 11 17 13 -13 -14 -16 -15 18 20 -20 -11 -6 -4 24 29 -26 27 28 -27 -1
right_child=2 -3 5 4 21 6 -8 8 -10 10 -12 12 14 16 15 -17 -18 -19 19 -21 -22 -23 -24 -25 25 26 -28 -29 -30 -31
leaf_value=-0.11697671355644911 0.1663475426760587 6.9607121091900455 0.30292913063836457 1.4070404530514646 -0.54058324177408723 0.74710508047950031 -0.4717543394781375 -2.0576356405561622 -6.5922841806411743 0.6677761110608792 -2.7764362944139016 0.2148708609032883 4.4740328840017325 -1.4854525990301799 1.0472977264059915 -3.6548353731632233 0.94585519937085527 -0.14102943959733893 -2.1823127980786139 0.37053324686984224 1.8856306660868403 -1.9350067390511367 2.003458662033081 -0.081424343058282736 1.197237369314373 0.63822106781822552 -2.2883236837113041 -0.44893658113568113 -0.036325029423598547 0.81560203607719728
leaf_weight=9971 22 33 398 158 1148 255 1196 33 25 1896 37 1526 50 641 252 24 81 667 99 285 215 151 115 24579 569 3012 87 724 1348 505
leaf_count=9971 22 33 398 158 1148 255 1196 33 25 1896 37 1526 50 641 252 24 81 667 99 285 215 151 115 24579 569 3012 87 724 1348 505
internal_value=-0.00441895 0.0154687 -0.269139 -0.598252 -0.473894 -0.0115799 -0.257551 -2.86312 -4.01223 0.010547 0.210724 0.229993 -0.0574061 -0.243625 1.2267 0.638417 -1.21269 0.463947 0.625678 -0.287622 0.791812 -0.702676 0.684139 -0.0177805 0.0786861 0.35374 0.260925 0.304549 0.429669 -0.0720214
internal_weight=50102 46601 3501 1537 1457 1964 1451 80 58 46568 5773 5736 2574 2248 326 276 722 3162 2495 384 2111 1299 513 40795 16216 5740 5171 5084 4360 10476
internal_count=50102 46601 3501 1537 1457 1964 1451 80 58 46568 5773 5736 2574 2248 326 276 722 3162 2495 384 2111 1299 513 40795 16216 5740 5171 5084 4360 10476
is_linear=0
shrinkage=0.05


Tree=246
num_leaves=31
num_cat=0
split_feature=8 6 0 7 6 7 1 7 8 6 6 1 7 6 7 8 7 6 8 7 7 8 1 8 7 7 6 7 8 7
split_gain=173986 231512 145637 220503 298303 134485 737994 139950 116699 250785 167748 138668 122855 96699.4 574595 395995 378029 417815 353439 193428 479312 158326 144683 197997 184753 169366 141525 143377 147804 237845
threshold=6180.5912500000004 6180.5912500000004 19.570625000000003 6180.5912500000004 5948.7587500000009 6946.5425000000005 9.5000000000000018 6370.5687500000013 7007.6750000000002 6818.9700000000012 7161.2675000000008 11.500000000000002 6621.9212500000003 14843.492500000002 16182.750000000002 14360.871250000002 15797.895000000002 12076.810000000003 14655.326250000002 8745.6050000000014 10025.143750000001 11781.025000000003 8.5000000000000018 15417.848750000003 14929.817500000003 15797.895000000002 14055.557500000001 15095.360000000002 13458.635000000002 13673.840000000002
decision_type=2 2 2 2 2 2 2 2 2 2 2 2 2 2 2 2 2 2 2 2 2 2 2 2 2 2 2 2 2 2
left_child=2 -2 -1 -4 -5 7 -7 -6 10 11 -3 -10 -11 14 15 16 26 -18 19 -15 -21 -22 23 25 -25 -20 27 28 -14 -30
right_child=1 8 3 4 5 6 -8 -9 9 12 -12 -13 13 18 -16 -17 17 -19 22 20 21 -23 -24 24 -26 -27 -28 -29 29 -31
leaf_value=1.7286472601549967 1.9654273021916548 -0.12496482104175344 -3.7117178863362419 1.6233818845434502 -3.3685833251034776 -0.37521758679894435 -9.999727182728904 1.0138915304626737 1.0500794890370355 0.8997817101368778 -1.2395983294069843 4.2565158526102698 -0.0045655499606885022 2.9587423324584963 6.612676389289625 0.85156215204544117 0.11992437434196473 -9.1160868008931484 -0.44689216468024501 -9.3068587393987752 0.88066281571722882 -2.0129567316185266 1.8194211458422473 1.5052071380779728 -0.0070446148278874385 -2.4427002897201961 -0.5099779971099262 -1.1005528912564804 0.82022822730676781 -0.57168373901040026
leaf_weight=42 150 1418 79 91 27 69 28 56 249 380 443 39 38774 21 33 1362 25 24 1072 21 57 277 97 231 1607 118 1367 290 1248 407
leaf_count=42 150 1418 79 91 27 69 28 56 249 380 443 39 38774 21 33 1362 25 24 1072 21 57 277 97 231 1607 118 1367 290 1248 407
internal_value=-0.004198 0.0040761 -1.05345 -1.3873 -0.709699 -1.8892 -3.15343 -0.411733 -0.0018602 0.0132948 -0.390297 1.48428 0.00435926 -0.00287555 0.017457 0.0124534 -0.0146705 -4.40384 -0.255682 -1.70399 -1.97982 -1.51914 -0.0814211 -0.142313 0.183015 -0.644796 -0.00956031 0.00723948 0.0151858 0.477927
internal_weight=50102 49710 392 350 271 180 97 83 49560 47699 1861 288 47411 47031 43530 43497 42135 49 3501 376 355 334 3125 3028 1838 1190 42086 40719 40429 1655
internal_count=50102 49710 392 350 271 180 97 83 49560 47699 1861 288 47411 47031 43530 43497 42135 49 3501 376 355 334 3125 3028 1838 1190 42086 40719 40429 1655
is_linear=0
shrinkage=0.05


Tree=247
num_leaves=31
num_cat=0
split_feature=8 6 8 6 7 0 7 6 7 0 7 0 0 8 0 6 8 8 6 7 8 8 4 5 4 4 5 4 8 6
split_gain=157022 212696 227216 221667 141287 131437 199004 269219 121373 446828 126305 112894 101178 136802 93905 91040.8 490698 454169 383990 270821 233551 210752 205007 645239 200347 329980 283023 200224 286103 193147
threshold=6180.5912500000004 6621.9212500000003 7248.9962500000011 7293.3300000000008 7710.3650000000007 19.570625000000003 6180.5912500000004 5948.7587500000009 6946.5425000000005 22.426250000000007 6370.5687500000013 23.905625000000008 24.598125000000007 8000.0500000000011 21.039375000000003 10670.582500000002 10711.386250000001 11407.567500000001 11184.732500000002 14004.600000000002 11781.025000000003 9130.2912500000039 15.500000000000002 1.0000000180025095e-35 16.500000000000004 17.500000000000004 1.0000000180025095e-35 16.500000000000004 15216.782500000003 9961.751250000003
decision_type=2 2 2 2 2 2 2 2 2 2 2 2 2 2 2 2 2 2 2 2 2 2 2 2 2 2 2 2 2 2
left_child=5 4 11 12 -2 -1 14 -8 10 -10 -9 -3 13 -4 -7 16 -5 21 20 -18 -19 -17 -20 -24 -23 26 -26 -25 -29 -21
right_child=1 2 3 15 -6 6 7 8 9 -11 -12 -13 -14 -15 -16 17 19 18 22 29 -22 24 23 27 25 -27 -28 28 -30 -31
leaf_value=1.6422148610864367 0.53664476076523737 -0.22809693967309774 1.0077183854063414 0.0088502454696218931 2.4365630534897864 -1.9488190279450528 1.5422127768233582 -3.2001541283395554 -8.4598901040024241 -0.88816034847072189 0.96319695051227294 -0.96418947184664339 0.12919859014650481 4.0490224703773858 -5.410144746965833 -3.1544645472393409 1.2969603112303387 0.6444888473206829 0.059889579969877753 -3.0876852397123975 2.9234342200536574 -0.43964431754921196 1.0215342338190598 -0.76933549445984761 -0.78835822376045028 0.620986042689469 -6.4441375112533565 -1.9009403634240574 -8.0669108963012697 0.33370078370878192
leaf_weight=42 730 1393 489 26423 113 43 91 27 27 70 56 832 337 40 36 77 1120 344 12167 60 167 3696 441 661 37 59 55 317 20 132
leaf_count=42 730 1393 489 26423 113 43 91 27 27 70 56 832 337 40 36 77 1120 344 12167 60 167 3696 441 661 37 59 55 317 20 132
internal_value=-0.0039881 0.00387229 -0.00971188 0.0138363 0.791319 -1.00077 -1.31793 -0.674214 -1.79474 -2.99576 -0.391146 -0.503346 0.806322 1.23768 -3.52613 -0.00115609 0.0557142 -0.0885846 0.0436795 0.99953 1.38927 -0.564418 -0.00685682 -0.57121 -0.512577 -2.29774 -4.16953 -1.27502 -2.26687 -0.735482
internal_weight=50102 49710 48867 46642 843 392 350 271 180 97 83 2225 866 529 79 45776 27735 18041 14117 1312 511 3924 13606 1439 3847 151 92 998 337 192
internal_count=50102 49710 48867 46642 843 392 350 271 180 97 83 2225 866 529 79 45776 27735 18041 14117 1312 511 3924 13606 1439 3847 151 92 998 337 192
is_linear=0
shrinkage=0.05


Tree=248
num_leaves=31
num_cat=0
split_feature=8 6 8 6 7 0 7 6 8 7 0 8 0 5 0 4 6 7 8 7 4 8 7 7 7 8 6 7 8 4
split_gain=144463 231005 179809 223135 149408 133020 170902 205029 158685 138843 114538 117053 111634 109347 96289.5 92885.2 90862.4 518051 382288 673715 418802 317514 173882 430944 173170 151036 262471 206001 188378 374359
threshold=6370.5687500000013 6621.9212500000003 7291.9875000000002 7293.3300000000008 7681.9550000000008 19.570625000000003 5948.7587500000009 5948.7587500000009 5948.7587500000009 6946.5425000000005 24.493125000000003 8000.0500000000011 20.413125000000004 1.0000000180025095e-35 23.905625000000008 1.0000000180025095e-35 14843.492500000002 16182.750000000002 15020.916250000002 15887.485000000002 16.500000000000004 14655.326250000002 8745.6050000000014 10025.143750000001 14058.741250000001 14197.517500000002 14055.557500000001 15488.403750000003 13575.381250000002 13.500000000000002
decision_type=2 2 2 2 2 2 2 2 2 2 2 2 2 2 2 2 2 2 2 2 2 2 2 2 2 2 2 2 2 2
left_child=5 4 13 10 -2 -1 12 -8 9 -9 11 -4 -7 15 -15 -3 17 18 19 25 -20 22 -18 -24 -22 26 -5 -27 29 -28
right_child=1 2 3 16 -6 6 7 8 -10 -11 -12 -13 -14 14 -16 -17 21 -19 20 -21 24 -23 23 -25 -26 27 28 -29 -30 -31
leaf_value=1.3160089489572975 0.61611731395384428 -2.7400807763848984 1.1476351295858993 0.0072852541829136891 2.7396155443818619 -1.7669953754654639 0.99436726399311215 -1.2561984188628921 -0.86227786452623845 -5.8089343963738749 0.16339244750278767 4.1621115761356693 -6.6276808795474826 0.047937495980313827 -0.70991787329624745 -0.79658954940985272 2.8032314936319991 6.2824160026781488 2.2134372748853499 -8.9523359207879931 -6.1497083122080021 -0.07973327853944899 -8.8266697974432073 -1.4423303540450281 0.2787166500091553 0.37415173334999624 -1.3283714012947465 3.3622562147180242 -0.41450593268711294 -7.5591329927797677
leaf_weight=67 604 70 403 39208 96 27 123 33 285 34 338 35 21 1103 676 505 21 33 329 21 22 3125 21 334 20 1491 225 60 745 27
leaf_count=67 604 70 403 39208 96 27 123 33 285 34 338 35 21 1103 676 505 21 33 329 21 22 3125 21 334 20 1491 225 60 745 27
internal_value=-0.0037887 0.00547941 -0.00745393 0.0141477 0.90734 -0.781556 -1.05027 -0.762948 -1.37701 -3.56654 0.854894 1.38852 -3.89355 -0.433778 -0.240039 -1.03319 -0.0001341 0.0201814 0.0152783 0.00108791 1.61321 -0.244901 -1.61763 -1.87915 -3.08855 0.00559078 -0.0130866 0.489746 -0.81423 -1.99595
internal_weight=50102 49512 48812 46458 700 590 523 475 352 67 776 438 48 2354 1779 575 45682 42181 42148 41777 371 3501 376 355 42 41756 40205 1551 997 252
internal_count=50102 49512 48812 46458 700 590 523 475 352 67 776 438 48 2354 1779 575 45682 42181 42148 41777 371 3501 376 355 42 41756 40205 1551 997 252
is_linear=0
shrinkage=0.05


Tree=249
num_leaves=31
num_cat=0
split_feature=8 6 8 6 4 0 8 8 6 8 8 6 8 8 6 6 6 0 4 5 8 0 0 8 6 8 8 6 8 0
split_gain=130378 208482 164004 144127 180970 159098 141738 139117 123765 236993 236866 203254 342963 324962 230925 202968 191325 182554 154626 531926 339156 244125 236415 142853 365225 477052 270752 195878 246590 299199
threshold=6370.5687500000013 6621.9212500000003 7064.0087500000009 7450.6750000000002 1.0000000180025095e-35 24.631875000000004 7613.8012500000013 8261.5700000000015 8330.1337500000027 8574.8900000000012 8907.4562500000011 10374.735000000002 10012.522500000001 10755.413750000002 10670.582500000002 10077.838750000001 9229.9662500000031 34.420625000000008 1.5000000000000002 1.0000000180025095e-35 11880.291250000002 24.800625000000007 24.460625000000007 11407.567500000001 12194.766250000002 12739.3575 12261.76 13300.582500000002 14052.772500000001 35.361250000000005
decision_type=2 2 2 2 2 2 2 2 2 2 2 2 2 2 2 2 2 2 2 2 2 2 2 2 2 2 2 2 2 2
left_child=-1 -2 -3 4 -4 7 -5 -6 9 -8 15 12 16 -13 -15 -10 17 -12 19 20 21 -16 -21 -20 26 -26 -25 -27 29 -29
right_child=1 2 3 6 5 -7 8 -9 10 -11 11 13 -14 14 18 -17 -18 -19 23 22 -22 -23 -24 24 25 27 -28 28 -30 -31
leaf_value=-0.74247799752753674 0.86197293609593606 -0.53809434911354892 -0.95868325753217687 -0.49618096959486907 0.87757526142796616 -0.043272327871237894 0.089561663715672077 4.8935964736071504 -0.26412043122174989 0.98657504806625029 0.22725663692064743 -0.56141381024655357 0.66337539685285296 1.0862780278979025 3.826400609359597 -2.3926105603052856 -0.16321683152351973 1.798559355407189 -0.42505087170744704 -1.1551729565549524 6.5255806709671846 -2.8840109985807669 1.0691476938415032 0.19635043105464955 -0.96750050918886599 0.50200963699654821 1.2591854992504556 -0.50016000334448651 0.076637140962290795 -6.6451594987511644
leaf_weight=590 700 1412 209 1447 1088 619 5193 22 6389 858 3550 2852 2932 489 33 114 5017 195 2149 221 58 23 260 1976 1436 1670 860 2071 5649 20
leaf_count=590 700 1412 209 1447 1088 619 5193 22 6389 858 3550 2852 2932 489 33 114 5017 195 2149 221 58 23 260 1976 1436 1670 860 2071 5649 20
internal_value=-0.00359926 0.00520544 -0.00708123 0.00873713 0.431017 0.599003 -0.00926423 0.957172 0.00674323 0.216753 -0.0267298 0.0300515 0.195283 -0.067698 0.0155463 -0.301434 0.0386466 0.309073 -0.0163293 0.774971 3.84581 1.07034 0.0471625 -0.0460699 0.0134558 -0.118642 0.518649 0.0108974 -0.0950661 -0.558936
internal_weight=50102 49512 48812 47400 1938 1729 45462 1110 44015 6051 37964 31461 11694 19767 16915 6503 8762 3745 16426 595 114 56 481 15831 13682 10846 2836 9410 7740 2091
internal_count=50102 49512 48812 47400 1938 1729 45462 1110 44015 6051 37964 31461 11694 19767 16915 6503 8762 3745 16426 595 114 56 481 15831 13682 10846 2836 9410 7740 2091
is_linear=0
shrinkage=0.05


Tree=250
num_leaves=31
num_cat=0
split_feature=8 6 6 8 4 4 1 1 1 7 6 1 1 4 1 1 4 7 7 3 8 1 8 4 4 4 8 7 7 8
split_gain=93552.3 337319 279920 232344 193377 215008 274251 418985 357216 315569 194497 179855 164124 162428 256238 156509 467803 322684 227382 198205 228527 209607 238444 254497 194628 395543 341021 344045 305691 312440
threshold=8666.5600000000031 8944.215000000002 8500.220000000003 10189.040000000003 16.500000000000004 18.500000000000004 7.5000000000000009 5.5000000000000009 3.5000000000000004 8857.7225000000017 8134.5937500000009 7.5000000000000009 9.5000000000000018 1.0000000180025095e-35 3.5000000000000004 7.5000000000000009 2.5000000000000004 9024.3800000000028 15159.067500000003 1.0000000180025095e-35 13458.635000000002 10.500000000000002 9408.8300000000017 13.500000000000002 20.500000000000004 16.500000000000004 15488.217500000001 12130.758750000003 10605.166250000002 11269.088750000001
decision_type=2 2 2 2 2 2 2 2 2 2 2 2 2 2 2 2 2 2 2 2 2 2 2 2 2 2 2 2 2 2
left_child=2 3 -1 4 -2 6 7 8 9 -6 -8 -4 -12 14 -3 24 17 -17 19 20 21 22 -18 -24 25 -15 27 28 -27 -30
right_child=1 13 11 -5 5 -7 10 -9 -10 -11 12 -13 -14 15 -16 16 18 -19 -20 -21 -22 -23 23 -25 -26 26 -28 -29 29 -31
leaf_value=0.013132394689424369 0.85277807600230782 1.3299098054215228 -0.23891959072215216 3.9431477685769405 -0.68994987758112636 0.45316728689508806 -3.5933561682701112 -3.2060097084149142 1.6126838825160652 -7.3219462970892595 2.5545935077799693 -1.0500454359476201 -0.12685704242345716 -0.049453050100086368 -0.74243286635601924 1.886509207840122 -0.60083413264080265 8.4604399385906408 -1.6814728959117617 -0.24337223116905846 1.0518788936561114 -0.44918274027171856 0.17205661924201202 1.0473762287545501 0.49423947944029423 -0.65918617529053758 -6.934015313061801 0.89905559745836894 -4.8704282956176934 -1.3379663574963949
leaf_weight=12522 1680 521 1937 48 71 1666 24 181 139 24 108 1056 121 16850 209 168 595 21 175 2432 848 1093 2371 1278 1314 1760 22 301 89 211
leaf_count=12522 1680 521 1937 48 71 1666 24 181 139 24 108 1056 121 16850 209 168 595 21 175 2432 848 1093 2371 1278 1314 1760 22 301 89 211
internal_value=0.0111903 0.0572512 -0.0906988 0.485077 0.443725 0.149291 -0.608581 -1.39961 -0.00235082 -2.3654 0.688956 -0.525104 1.13776 -0.00018246 0.736595 -0.0183973 0.155717 2.61695 0.102809 0.139045 0.289415 0.168267 0.327285 0.478622 -0.094502 -0.134725 -0.737675 -0.679937 -0.910654 -2.38593
internal_weight=49835 34320 15515 4062 4014 2334 668 415 234 95 253 2993 229 30258 730 29528 8981 189 8792 8617 6185 5337 4244 3649 20547 19233 2383 2361 2060 300
internal_count=49835 34320 15515 4062 4014 2334 668 415 234 95 253 2993 229 30258 730 29528 8981 189 8792 8617 6185 5337 4244 3649 20547 19233 2383 2361 2060 300
is_linear=0
shrinkage=0.05


Tree=251
num_leaves=31
num_cat=0
split_feature=8 6 4 6 8 8 4 4 0 5 6 6 4 5 6 6 8 6 6 0 6 5 5 4 4 4 8 3 3 8
split_gain=88913.5 197184 259488 136418 352549 231275 165019 192053 191606 152582 144807 420040 180536 325978 208580 148380 226672 140159 132588 131530 123822 116126 110408 141636 1.184e+06 376976 356881 218439 175142 172281
threshold=16180.853750000002 15970.238750000002 14.500000000000002 14843.492500000002 14424.677500000003 14734.978750000002 15.500000000000002 13.500000000000002 24.398125000000004 1.0000000180025095e-35 9961.751250000003 12610.421250000001 16.500000000000004 1.0000000180025095e-35 13997.853750000004 14102.270000000002 15020.916250000002 14151.468750000002 14498.323750000001 27.425625000000007 13870.301250000002 1.0000000180025095e-35 37.500000000000007 15.500000000000002 17.500000000000004 16.500000000000004 8445.1737500000017 1.0000000180025095e-35 1.0000000180025095e-35 8887.9125000000022
decision_type=2 2 2 2 2 2 2 2 2 2 2 2 2 2 2 2 2 2 2 2 2 2 2 2 2 2 2 2 2 2
left_child=3 -2 19 4 18 -5 7 8 21 -8 -6 -12 15 -14 -15 20 17 -17 22 -3 -13 -7 -1 -24 25 -25 28 -28 -27 -26
right_child=1 2 -4 5 10 6 9 -9 -10 -11 11 12 13 14 -16 16 -18 -19 -20 -21 -22 -23 23 24 29 26 27 -29 -30 -31
leaf_value=0.059252618955242801 -1.3195624976356823 2.7021271586418152 6.2272211011250818 -1.356029567425604 -2.6085621422734757 3.1730069037940769 0.20493805025195339 0.86621529514030104 -0.39221303609930236 -2.3174014514418926 7.975480518170766 1.2813801782420189 2.6594849454032055 -1.3351663466294608 -7.3699584234328501 -3.8330964673649186 1.8619922595407912 0.24748585242633747 -0.95623037851822223 -0.80409681572104397 3.6038270517506383 0.51331205803748459 0.012361282578243623 -0.77197729091768519 -0.14107754804418454 2.4337654632992218 -2.6163977301668848 -5.067734282191207 -2.7209068600948041 0.652060281023912
leaf_weight=33577 60 54 30 451 29 54 97 496 1882 157 21 165 36 45 21 22 271 484 355 53 88 171 7138 427 2091 45 348 123 26 1018
leaf_count=33577 60 54 30 451 29 54 97 496 1882 157 21 165 36 45 21 22 271 484 355 53 88 171 7138 427 2091 45 348 123 26 1018
internal_value=0.0106308 1.07076 2.11762 0.00642344 0.0285723 -0.30378 -0.137675 -0.0189717 -0.22735 -1.35415 0.881003 0.968772 0.838789 -1.16775 -3.25533 1.03749 0.695051 0.0700692 0.00625512 0.965399 2.08919 1.15164 0.0138832 -0.121938 -0.357011 -1.88307 -2.75842 -3.25656 0.546139 0.118625
internal_weight=49835 197 137 49638 46330 3308 2857 2603 2107 254 1182 1153 1132 102 66 1030 777 506 45148 107 253 225 44793 11216 4078 969 542 471 71 3109
internal_count=49835 197 137 49638 46330 3308 2857 2603 2107 254 1182 1153 1132 102 66 1030 777 506 45148 107 253 225 44793 11216 4078 969 542 471 71 3109
is_linear=0
shrinkage=0.05


Tree=252
num_leaves=31
num_cat=0
split_feature=6 7 7 7 4 4 7 5 4 5 4 6 1 0 0 4 7 7 6 7 6 4 4 4 6 7 6 4 1 4
split_gain=79242.3 377293 106633 190393 102527 172729 130742 121739 144574 119518 111513 100230 150968 141600 95693.8 126489 326662 203045 258852 167261 183121 173053 133683 131707 181413 129086 122570 115692 189464 215467
threshold=14566.588750000001 16182.750000000002 8653.996250000002 9562.4225000000024 15.500000000000002 13.500000000000002 14929.817500000003 1.0000000180025095e-35 14.500000000000002 1.0000000180025095e-35 5.5000000000000009 15271.990000000002 2.5000000000000004 23.281875000000003 31.261875000000007 11.500000000000002 15797.895000000002 13279.523750000002 13100.213750000001 14426.328750000002 12194.766250000002 14.500000000000002 14.500000000000002 15.500000000000002 14102.270000000002 15709.533750000001 13404.055000000002 7.5000000000000009 6.5000000000000009 3.5000000000000004
decision_type=2 2 2 2 2 2 2 2 2 2 2 2 2 2 2 2 2 2 2 2 2 2 2 2 2 2 2 2 2 2
left_child=1 14 -2 -4 5 6 10 8 -7 -6 -5 -8 -13 -14 27 25 17 18 -17 20 -19 -21 -18 -22 -25 -16 -20 28 29 -1
right_child=2 -3 3 4 9 7 11 -9 -10 -11 -12 12 13 -15 15 16 22 19 26 21 23 -23 -24 24 -26 -27 -28 -29 -30 -31
leaf_value=-0.29409785613854106 3.4412794438004499 5.6343518431981403 -2.9241998928599062 -2.2381468737379033 0.15960097650217045 -2.0625221168415417 -1.2011405225702614 1.0000320128765503 0.94368209310724771 -1.6543355848497534 0.24724687536251178 0.53867618332734979 2.7345624383011216 -0.75488234821402189 0.56803870046309735 0.053001738039929303 -7.3017549246549613 5.5333077661918875 -6.260916438556853 -0.69469738947482063 2.5854361636845216 1.6753237879365905 -1.5206969538703561 1.5085750200427497 -3.8244007960609774 3.8326747002140169 -1.6347746234469946 -0.070675723399880555 0.28660941911703269 0.21110484504905658
leaf_weight=4532 20 30 64 47 148 81 424 517 79 235 1135 371 30 941 1303 3617 20 33 21 183 111 133 20 52 23 31 45 24178 7461 3950
leaf_count=4532 20 30 64 47 148 81 424 517 79 235 1135 371 30 941 1303 3617 20 33 21 183 111 133 20 52 23 31 45 24178 7461 3950
internal_value=0.0100993 0.0289569 -0.200703 -0.218591 -0.175388 -0.0931881 -0.258585 0.627036 -0.578209 -0.953389 0.14842 -0.530998 -0.319269 -0.647073 0.0252783 0.219052 0.0859488 0.128596 -0.00362118 1.0388 2.10076 0.302812 -4.41123 1.49176 -0.126871 0.643904 -3.10673 -0.00172957 0.102829 -0.058829
internal_weight=49835 45743 4092 4072 4008 3625 2948 677 160 383 1182 1766 1342 971 45713 5592 4258 4218 3683 535 219 316 40 186 75 1334 66 40121 15943 8482
internal_count=49835 45743 4092 4072 4008 3625 2948 677 160 383 1182 1766 1342 971 45713 5592 4258 4218 3683 535 219 316 40 186 75 1334 66 40121 15943 8482
is_linear=0
shrinkage=0.05


Tree=253
num_leaves=31
num_cat=0
split_feature=8 6 6 8 6 8 6 8 6 8 6 8 6 8 1 4 4 4 8 8 1 1 5 4 4 4 6 4 4 6
split_gain=92583.2 312782 216117 170839 158387 215772 314825 299811 281807 230799 223112 196734 338661 463675 407818 249785 238411 210830 194253 181165 175843 171383 156285 253725 161694 174122 143631 142834 294380 192796
threshold=8279.715000000002 8500.220000000003 8021.0750000000007 8778.3912500000024 9368.4150000000027 10012.522500000001 10374.735000000002 10875.905000000002 11219.600000000002 11781.025000000003 13404.055000000002 11880.291250000002 12748.266250000002 12792.373750000001 1.5000000000000002 11.500000000000002 10.500000000000002 1.5000000000000002 12851.877500000001 9474.6565000000028 7.5000000000000009 3.5000000000000004 1.0000000180025095e-35 1.0000000180025095e-35 18.500000000000004 1.5000000000000002 10162.300000000001 19.500000000000004 14.500000000000002 9933.8150000000005
decision_type=2 2 2 2 2 2 2 2 2 2 2 2 2 2 2 2 2 2 2 2 2 2 2 2 2 2 2 2 2 2
left_child=2 -2 22 -3 19 27 -7 10 9 -9 -8 -10 14 16 15 -13 -14 -15 -16 -5 -21 -11 23 -1 25 -24 -4 28 -6 -30
right_child=1 3 26 4 5 6 7 8 11 21 -12 12 13 17 18 -17 -18 -19 -20 20 -22 -23 24 -25 -26 -27 -28 -29 29 -31
leaf_value=-1.9535517372868278 0.48951313359207166 -0.37485542624378432 -0.40872109276954238 0.11427073426846718 -0.174154876640539 0.57237303308549237 -0.47907667864488923 0.42941443477300978 -0.44058549158974636 0.26198175249644268 -4.9675116239913875 5.6576186776161199 -0.65451257128539042 1.8842532757317294 0.15098699564256618 1.6713177392553342 -2.7489011028313746 -0.018606341536430367 1.2211172375297812 0.34412273807277116 1.5230177203275594 3.1127836988926427 -0.081990379935419411 -0.14846195817436519 -0.14625191797368403 0.67236256238387782 -4.2896020882452524 0.29119763271292537 -0.65870471296961919 -2.0351020503799018
leaf_weight=220 3609 2788 3602 4366 3071 2549 2475 1592 2290 81 28 53 358 148 1962 152 219 8849 541 867 498 151 1212 1691 2392 2074 24 820 774 379
leaf_count=220 3609 2788 3602 4366 3071 2549 2475 1592 2290 81 28 53 358 148 1962 152 219 8849 541 867 498 151 1212 1691 2392 2074 24 820 774 379
internal_value=0.00959432 0.0463194 -0.116872 0.000634126 0.0331223 -0.0184367 0.0507629 -0.0195891 0.0582209 0.644122 -0.529287 -0.0151173 0.064212 -0.0754233 0.557886 2.70192 -1.44944 0.0126956 0.382286 0.271458 0.774225 2.11746 0.0348455 -0.356269 0.16648 0.394129 -0.434408 -0.312686 -0.429917 -1.11114
internal_weight=49835 38620 11215 35011 32223 26492 21448 18899 16396 1824 2503 14572 12282 9574 2708 205 577 8997 2503 5731 1365 232 7589 1911 5678 3286 3626 5044 4224 1153
internal_count=49835 38620 11215 35011 32223 26492 21448 18899 16396 1824 2503 14572 12282 9574 2708 205 577 8997 2503 5731 1365 232 7589 1911 5678 3286 3626 5044 4224 1153
is_linear=0
shrinkage=0.05


Tree=254
num_leaves=31
num_cat=0
split_feature=0 7 1 6 1 1 6 7 6 7 6 7 6 7 6 0 7 0 7 6 7 5 0 6 7 7 6 7 5 1
split_gain=73205.3 90409.3 132081 214499 81810.5 187524 117915 108811 322840 107564 745792 96020.9 90596.1 86102.8 83923.4 81580.4 129303 80702.4 79124.2 73471 70286.4 68474.8 62341.3 65264.5 215423 225441 215901 117128 99698 191798
threshold=32.596875000000011 15095.360000000002 8.5000000000000018 11637.321250000003 2.5000000000000004 3.5000000000000004 15563.876250000003 12543.700000000003 11836.735000000002 16182.750000000002 14736.107500000002 10728.437500000002 10407.072500000002 11718.938750000001 14655.636250000001 33.976250000000014 15887.485000000002 37.485625000000006 15630.227500000001 16180.853750000002 8191.2737500000012 37.500000000000007 19.108750000000004 12194.766250000002 9995.2300000000014 8932.0187500000011 15708.635000000002 9918.4200000000019 1.0000000180025095e-35 3.5000000000000004
decision_type=2 2 2 2 2 2 2 2 2 2 2 2 2 2 2 2 2 2 2 2 2 2 2 2 2 2 2 2 2 2
left_child=1 21 19 -4 6 9 -2 8 11 14 -11 12 20 -10 15 -6 -17 -9 -19 -3 -7 22 -1 28 25 -25 27 -27 -24 -30
right_child=4 2 3 -5 5 7 -8 17 13 10 -12 -13 -14 -15 -16 16 -18 18 -20 -21 -22 -23 23 24 -26 26 -28 -29 29 -31
leaf_value=0.45142729710787538 0.4886265829521439 -0.33349361617481693 0.18073485716465965 -3.6038164008886384 -0.51991950813001098 -0.32612606520690618 2.8651134455518332 1.3063193999866458 -5.8375065576462521 9.6764239120483406 -1.7810865332885666 -0.20887605272673754 1.727646674758704 -2.0108467866267481 -0.28542089327028486 -1.4688967098021903 -5.7803008058722218 0.41985083371400833 -2.871422318617503 0.95512739375233657 0.4838081807236031 -0.10723860635066929 -0.078101988694605121 0.69766168949396723 -0.037824529129895257 -1.9060015267011392 3.1401094710826878 -5.3046049843941425 0.54561832965146351 0.063616881639851616
leaf_weight=890 283 1414 72 78 137 315 64 422 21 20 49 761 129 49 995 83 22 140 21 120 1790 10699 8420 115 5594 268 20 28 2409 14407
leaf_count=890 283 1414 72 78 137 315 64 422 21 20 49 761 129 49 995 83 22 140 21 120 1790 10699 8420 115 5594 268 20 28 2409 14407
internal_value=0.0091146 -0.0117931 -0.371158 -1.78723 0.184762 0.132776 0.926941 0.316838 0.197742 -0.381357 1.53993 0.276193 0.441429 -3.15884 -0.488527 -1.32361 -2.37224 0.942961 -0.00944566 -0.232689 0.362607 0.00232985 0.0387913 0.0270436 -0.120812 -1.19792 -1.88777 -2.22749 0.0623436 0.132667
internal_weight=49835 44534 1684 150 5301 4954 347 3648 3065 1306 69 2995 2234 70 1237 242 105 583 161 1534 2105 42850 32151 31261 6025 431 316 296 25236 16816
internal_count=49835 44534 1684 150 5301 4954 347 3648 3065 1306 69 2995 2234 70 1237 242 105 583 161 1534 2105 42850 32151 31261 6025 431 316 296 25236 16816
is_linear=0
shrinkage=0.05


Tree=255
num_leaves=31
num_cat=0
split_feature=8 6 8 8 7 7 7 8 7 8 7 6 8 8 4 7 7 4 7 6 4 1 7 4 6 7 4 7 1 6
split_gain=112868 149637 426533 233427 244848 196556 187223 174440 143128 175910 147580 142876 237769 188305 175372 320715 217218 141083 195097 127966 234002 197848 155219 233407 129372 123475 122549 430451 144338 119450
threshold=15970.238750000002 14843.492500000002 14655.326250000002 14496.095000000001 8653.996250000002 10025.143750000001 16057.815000000002 12332.350000000002 14929.817500000003 15095.071250000003 9995.2300000000014 14055.557500000001 13866.538750000002 13646.460000000001 13.500000000000002 14303.755000000003 13603.623750000001 7.5000000000000009 15970.585000000001 13522.997500000001 7.5000000000000009 1.5000000000000002 12130.758750000003 10.500000000000002 13235.073750000001 11942.980000000001 13.500000000000002 15488.403750000003 7.5000000000000009 9961.751250000003
decision_type=2 2 2 2 2 2 2 2 2 2 2 2 2 2 2 2 2 2 2 2 2 2 2 2 2 2 2 2 2 2
left_child=1 2 6 4 -3 -6 11 -7 10 -10 -5 12 -1 14 15 16 -13 18 -11 20 25 -22 -21 -24 -23 -14 28 -28 -2 -4
right_child=26 3 29 8 5 7 -8 -9 9 17 -12 13 19 -15 -16 -17 -18 -19 -20 22 21 24 23 -25 -26 -27 27 -29 -30 -31
leaf_value=-0.012026277328739884 0.16207534790363001 3.5697749090194706 -2.2828472375869753 -1.9688465218033109 -6.6929029681465853 0.68051501786602397 4.2315702562148756 -2.5301411231818229 -2.0190167343320207 2.2713446641358259 0.40884722616574587 -1.5964692657751753 7.5466589201064345 -0.2301956944116583 -4.6626912316171136 1.8408780872821808 -7.0237761156899596 -0.48644427838151094 -1.71628308407096 -1.2880410302888421 2.9371310147146388 1.2475711562889535 -0.19310698734414311 2.1831170543411074 -1.0015251288456577 2.581063089063091 -3.0387807881725686 4.2263040967782342 4.3077376582405789 1.3020157402467936
leaf_weight=43003 460 20 24 70 22 56 26 173 171 107 964 151 21 1533 41 66 21 1379 43 122 96 149 266 169 112 31 28 75 22 731
leaf_count=43003 460 20 24 70 22 56 26 173 171 107 964 151 21 1533 41 66 21 1379 43 122 96 149 266 169 112 31 28 75 22 731
internal_value=-0.00461461 -0.0127634 0.00930642 -0.354732 -1.75444 -2.17868 -0.010122 -1.745 -0.21599 -0.498132 0.247881 -0.012531 0.00540035 -0.447643 -1.64243 -1.12214 -2.25911 -0.32804 1.12822 0.781174 1.45275 0.996308 0.288042 0.73007 0.282442 4.5864 0.685832 2.25133 0.351296 1.18806
internal_weight=50152 49567 46562 3005 271 251 45807 229 2734 1700 1034 45781 43969 1812 279 238 172 1529 150 966 409 357 557 435 261 52 585 103 482 755
internal_count=50152 49567 46562 3005 271 251 45807 229 2734 1700 1034 45781 43969 1812 279 238 172 1529 150 966 409 357 557 435 261 52 585 103 482 755
is_linear=0
shrinkage=0.05


Tree=256
num_leaves=31
num_cat=0
split_feature=8 6 8 6 8 7 8 0 7 1 6 6 6 7 4 8 4 7 7 4 8 4 4 7 1 7 7 8 6 7
split_gain=101864 136108 290311 174098 214581 168376 147135 209660 157954 139749 127942 126819 283659 135571 128013 156568 119590 111041 288816 115634 115097 118773 110601 388482 130265 108591 98744.8 95088.3 263430 232104
threshold=15970.238750000002 15095.071250000003 14655.326250000002 14498.323750000001 13930.993750000003 16057.815000000002 15158.182500000001 25.020625000000006 8653.996250000002 8.5000000000000018 14566.588750000001 9961.751250000003 13164.442500000003 14364.362500000001 16.500000000000004 14843.492500000002 15.500000000000002 10052.875000000002 12795.747500000001 10.500000000000002 14197.517500000002 7.5000000000000009 13.500000000000002 15488.403750000003 7.5000000000000009 15095.360000000002 9995.2300000000014 13646.460000000001 13347.875000000002 15630.227500000001
decision_type=2 2 2 2 2 2 2 2 2 2 2 2 2 2 2 2 2 2 2 2 2 2 2 2 2 2 2 2 2 2
left_child=1 2 3 5 9 27 8 -8 -3 -5 11 -4 -13 14 -14 -16 26 -10 -19 20 21 -20 24 -24 -2 -6 -12 28 -1 -30
right_child=22 6 10 4 25 -7 7 -9 17 -11 16 12 13 -15 15 -17 -18 18 19 -21 -22 -23 23 -25 -26 -27 -28 -29 29 -31
leaf_value=-0.00089470389420968726 0.15397157845613751 3.3912861347198486 -2.1687049190203349 -5.0117569177371006 -0.11255933310059335 4.0199916392564772 1.6636689353309224 -0.30026800133147757 -3.6728217664360998 -1.2110316365372902 -1.62417623837195 7.1014168219132863 1.1229530443626463 2.552114359320238 1.1833547130874966 -4.650726428239242 -1.2202635056773823 2.3153312182817305 -6.4285869715942283 -0.65302456116096852 -1.4713614837955684 -2.1145155272327174 -2.8868418140070782 4.0149889356295274 4.0923507517034361 -2.0733993730474922 0.78360097109751348 0.29642763260183241 -0.65395581733013808 -6.0844781494140632
leaf_weight=41608 460 20 24 46 417 26 149 1545 40 51 46 22 266 145 23 23 105 61 27 315 200 39 28 75 22 85 573 2476 1215 20
leaf_count=41608 460 20 24 46 417 26 149 1545 40 51 46 22 266 145 23 23 105 61 27 315 200 39 28 75 22 85 573 2476 1215 20
internal_value=-0.00438388 -0.0121252 0.0065481 -0.0137227 -0.860567 -0.00253607 -0.379755 -0.127525 -0.988412 -3.01344 0.765573 1.37812 1.55583 1.28887 0.701782 -1.73369 0.340005 -1.11685 -0.957598 -1.30123 -2.06884 -3.87936 0.651541 2.13876 0.333732 -0.444574 0.604671 -0.00484384 -0.022255 -0.741899
internal_weight=50152 49567 47171 45944 599 45345 2396 1694 702 97 1227 503 479 457 312 46 724 682 642 581 266 66 585 103 482 502 619 45319 42843 1235
internal_count=50152 49567 47171 45944 599 45345 2396 1694 702 97 1227 503 479 457 312 46 724 682 642 581 266 66 585 103 482 502 619 45319 42843 1235
is_linear=0
shrinkage=0.05


Tree=257
num_leaves=31
num_cat=0
split_feature=8 6 8 6 8 1 6 6 6 8 6 4 6 4 1 8 4 8 1 6 8 6 8 6 6 1 6 8 4 4
split_gain=93683.9 235182 285879 157123 193659 126124 105814 135234 258818 102812 264328 262303 226432 173283 223899 219068 175544 157510 300050 270904 325558 320798 310367 310674 257412 227719 223171 221370 191498 188656
threshold=15708.635000000002 15095.071250000003 14655.326250000002 14498.323750000001 13930.993750000003 8.5000000000000018 14655.636250000001 9961.751250000003 13164.442500000003 13398.315000000002 13347.875000000002 16.500000000000004 13235.073750000001 15.500000000000002 3.5000000000000004 11313.686250000002 14.500000000000002 12676.840000000002 8.5000000000000018 12194.766250000002 11680.070000000002 10998.078750000002 10296.880000000003 9961.751250000003 8981.4937500000015 3.5000000000000004 11184.732500000002 9932.7700000000023 16.500000000000004 16.500000000000004
decision_type=2 2 2 2 2 2 2 2 2 2 2 2 2 2 2 2 2 2 2 2 2 2 2 2 2 2 2 2 2 2
left_child=1 2 3 9 5 -5 7 -4 -9 12 11 -11 17 14 15 -14 -16 19 25 20 21 22 23 27 -24 -19 -22 -1 -23 -28
right_child=-2 -3 6 4 -6 -7 -8 8 -10 10 -12 -13 13 -15 16 -17 -18 18 -20 -21 26 28 24 -25 -26 -27 29 -29 -30 -31
leaf_value=-0.021344101410717381 0.43531485687299459 -0.57076275427736733 -2.5638383561914622 -4.7611690560760707 -0.42234538060082383 -1.1504800539390714 0.33323091433048835 6.7463459903543654 1.2071852361047843 1.5690770592729704 0.03768374862620455 -1.1722759120021631 -6.285257836750576 -3.3730710109074913 0.67484587052983525 -1.0737620433656541 -2.4351950150269732 0.26413765282537949 -1.03530279087933 -0.6968519264189682 1.777468603051884 -0.46320816581420987 4.4230718553066257 -0.56847815934588919 0.39115649830466287 1.594042618535247 0.52184363812704526 0.74015038742915962 -2.8714868790963117 -1.891805189640023
leaf_weight=25835 1184 1831 22 46 502 51 640 22 509 571 2570 103 21 60 356 507 52 827 273 1446 355 2858 40 2572 3829 527 1381 991 85 86
leaf_count=25835 1184 1831 22 46 502 51 640 22 509 571 2570 103 21 60 356 507 52 827 273 1446 355 2858 40 2572 3829 527 1381 991 85 86
internal_value=-0.00416469 -0.0147909 0.00680541 -0.0130366 -0.817539 -2.86277 0.770947 1.27753 1.43668 -0.00240927 0.268818 1.15015 -0.0233081 -0.76823 -0.601253 -1.28104 0.278468 -0.00525817 0.476868 -0.025128 0.000411398 -0.0324034 0.0118616 -0.0435425 0.432841 0.781759 0.652564 0.00678686 -0.532764 0.380348
internal_weight=50152 48968 47137 45944 599 97 1193 553 531 45345 3244 674 42101 996 936 528 408 41105 1627 39478 38032 36210 33267 29398 3869 1354 1822 26826 2943 1467
internal_count=50152 48968 47137 45944 599 97 1193 553 531 45345 3244 674 42101 996 936 528 408 41105 1627 39478 38032 36210 33267 29398 3869 1354 1822 26826 2943 1467
is_linear=0
shrinkage=0.05


Tree=258
num_leaves=31
num_cat=0
split_feature=0 4 4 1 6 3 4 4 0 5 4 1 0 3 4 1 1 4 5 5 1 0 1 6 1 1 4 0 6 1
split_gain=92813.8 129185 187503 185812 172280 166056 141905 160454 133812 292028 1.5472e+06 378288 318365 135223 153550 205200 133256 129920 1.81827e+06 812869 407082 250935 243229 306798 231852 282632 230873 198323 189909 182572
threshold=30.990000000000006 7.5000000000000009 4.5000000000000009 11.500000000000002 7161.2675000000008 1.0000000180025095e-35 13.500000000000002 11.500000000000002 27.096875000000008 1.0000000180025095e-35 8.5000000000000018 1.5000000000000002 24.800625000000007 1.0000000180025095e-35 8.5000000000000018 10.500000000000002 11.500000000000002 6.5000000000000009 1.0000000180025095e-35 1.0000000180025095e-35 5.5000000000000009 23.978125000000009 2.5000000000000004 13522.997500000001 5.5000000000000009 8.5000000000000018 5.5000000000000009 21.810625000000005 9682.0575000000008 9.5000000000000018
decision_type=2 2 2 2 2 2 2 2 2 2 2 2 2 2 2 2 2 2 2 2 2 2 2 2 2 2 2 2 2 2
left_child=1 2 3 -1 -4 17 7 8 9 10 11 -3 -11 14 15 -14 -13 19 20 21 -19 -6 23 -20 -21 -26 -27 -25 29 -24
right_child=-2 6 4 -5 5 -7 -8 -9 -10 12 -12 16 13 -15 -16 -17 -18 18 22 24 -22 -23 28 27 25 26 -28 -29 -30 -31
leaf_value=-0.1016208279045387 0.14951480143294188 7.0540524793707808 1.9270598799369898 0.90658310155358979 -1.570181763707402 -0.1654775096025759 -0.018345216919371347 -0.62606409829885268 0.067438485802363682 -1.5956554123465196 -1.4373184888603208 1.9327359109143025 -1.014880771881894 0.51499590416698116 -0.064165306194025773 -5.5919180576617906 5.8017815778652828 1.2864520524157568 4.0941695451736448 0.52597796334392899 4.5815048203323832 0.38254728698275953 0.55850164651456813 -2.5318151321481257 2.2951859854222931 -0.33772142124701277 1.7104174287740106 1.1202706928296786 -1.794372226361163 -3.3882115616117208
leaf_weight=9951 8234 46 157 479 451 1724 16433 2299 3547 679 501 306 421 388 617 26 24 178 47 984 198 259 180 68 624 261 291 82 662 35
leaf_count=9951 8234 46 157 479 451 1724 16433 2299 3547 679 501 306 421 388 617 26 24 178 47 984 198 259 180 68 624 261 291 82 662 35
internal_value=-0.00395645 -0.034103 0.0741315 -0.0553188 0.291865 0.249389 -0.105288 -0.266653 -0.140598 -0.385913 0.382041 2.80624 -0.70196 -0.28404 -0.575418 -1.28111 2.21412 0.414952 0.029186 0.609851 3.02161 -0.857848 -1.01844 0.569161 1.09229 1.56614 0.742004 -0.535342 -1.37506 -0.0839866
internal_weight=50152 41918 16631 10430 6201 6044 25287 8854 6555 3008 877 376 2131 1452 1064 447 330 4320 1450 2870 376 710 1074 197 2160 1176 552 150 877 215
internal_count=50152 41918 16631 10430 6201 6044 25287 8854 6555 3008 877 376 2131 1452 1064 447 330 4320 1450 2870 376 710 1074 197 2160 1176 552 150 877 215
is_linear=0
shrinkage=0.05


Tree=259
num_leaves=31
num_cat=0
split_feature=8 7 8 6 8 8 6 7 8 6 8 4 6 6 0 8 6 7 0 8 5 4 4 4 0 4 4 4 6 8
split_gain=87632.1 120825 184466 192867 258865 218557 312789 388633 305955 294984 278532 244404 237783 228245 245479 222555 220047 249728 225516 225504 196546 174836 173526 167533 403541 240438 1.33315e+06 714635 697893 385139
threshold=15970.238750000002 14929.817500000003 14655.326250000002 14055.557500000001 11269.088750000001 13093.400000000003 12748.266250000002 13673.840000000002 11827.643750000001 11110.028750000001 10564.233750000001 8.5000000000000018 10374.735000000002 11184.732500000002 28.216250000000006 12597.687500000002 9985.8487500000028 14004.600000000002 27.528125000000006 11145.536250000003 1.0000000180025095e-35 1.5000000000000002 8.5000000000000018 1.0000000180025095e-35 21.926250000000007 16.500000000000004 18.500000000000004 17.500000000000004 9550.9912500000009 8114.0150000000003
decision_type=2 2 2 2 2 2 2 2 2 2 2 2 2 2 2 2 2 2 2 2 2 2 2 2 2 2 2 2 2 2
left_child=1 2 3 5 -5 6 8 11 9 10 12 15 20 14 -10 -8 17 18 19 -12 23 -14 -7 24 -1 -25 27 -27 29 -29
right_child=-2 -3 -4 4 -6 22 7 -9 13 -11 16 -13 21 -15 -16 -17 -18 -19 -20 -21 -22 -23 -24 25 -26 26 -28 28 -30 -31
leaf_value=2.2025590513881883 0.60462263410290085 -0.33100802511434591 0.55702765069307458 -4.9126833884101933 -0.44157898261402012 0.93888408749422414 -1.7089121080713072 1.2786795232766475 3.3329481463617001 -0.5171752988651942 2.6177230449784705 -1.9604285051144901 1.0634521374752473 0.3825399088807262 0.098940872102975849 0.22274395626622676 0.31078963756460026 -2.8314121624519086 0.88952507080191789 7.9306827902793886 0.074361865683844813 -0.76352325030296875 0.13991186256726323 0.11915548480711578 -1.7743187853480018 -0.24362874409477964 0.034203257787037221 0.86933849244206041 -9.8338617742061629 -3.6896116496138052
leaf_weight=76 585 2783 1482 33 1704 1058 235 197 142 2872 119 496 143 2308 100 408 2649 29 193 24 21838 1554 1900 3594 397 228 2583 54 42 326
leaf_count=76 585 2783 1482 33 1704 1058 235 197 142 2872 119 496 143 2308 100 408 2649 29 193 24 21838 1554 1900 3594 397 228 2583 54 42 326
internal_value=-0.00375863 -0.0109389 0.00810081 -0.00985667 -0.526522 0.0107435 -0.0194826 -0.771847 0.00611286 -0.0306641 0.0106151 -1.1265 -0.0342268 0.535716 1.99658 -0.483227 0.469374 1.62031 2.00454 3.50941 -0.000718735 -0.609571 0.425684 -0.225323 -1.13533 -0.162274 -0.475129 -2.49914 -3.71775 -3.04176
internal_weight=50152 49567 46784 45302 1737 43565 40607 1336 39271 36721 33849 1139 30835 2550 242 643 3014 365 336 143 29138 1697 2958 7300 473 6827 3233 650 422 380
internal_count=50152 49567 46784 45302 1737 43565 40607 1336 39271 36721 33849 1139 30835 2550 242 643 3014 365 336 143 29138 1697 2958 7300 473 6827 3233 650 422 380
is_linear=0
shrinkage=0.05


Tree=260
num_leaves=31
num_cat=0
split_feature=7 7 5 4 6 6 4 6 6 4 1 4 6 6 6 1 6 1 7 4 7 1 4 4 4 1 1 6 4 1
split_gain=87370.7 142366 134805 194845 148495 159836 273907 165101 128980 114790 184237 179814 164202 125505 137831 113245 112761 150050 278998 136979 99811.7 175284 109872 301416 221935 147843 131624 225314 85695.7 261739
threshold=8727.7525000000023 7982.9150000000009 1.0000000180025095e-35 1.0000000180025095e-35 10190.467500000001 11588.001250000003 2.5000000000000004 11184.732500000002 6818.9700000000012 4.5000000000000009 5.5000000000000009 16.500000000000004 10840.178750000001 10228.950000000003 10043.071250000003 7.5000000000000009 9331.0200000000023 7.5000000000000009 8382.2950000000019 18.500000000000004 7336.0562500000005 9.5000000000000018 1.5000000000000002 2.5000000000000004 1.0000000180025095e-35 10.500000000000002 11.500000000000002 6754.0037500000008 3.5000000000000004 9.5000000000000018
decision_type=2 2 2 2 2 2 2 2 2 2 2 2 2 2 2 2 2 2 2 2 2 2 2 2 2 2 2 2 2 2
left_child=1 2 3 15 20 6 -6 -8 -3 10 -10 -11 13 14 16 -1 -13 -18 19 -19 21 -4 24 25 26 -24 -23 -28 29 -12
right_child=-2 8 4 -5 5 -7 7 -9 9 11 28 12 -14 -15 -16 -17 17 18 -20 -21 -22 22 23 -25 -26 -27 27 -29 -30 -31
leaf_value=-0.015740725349207393 -0.042879099871551439 1.8143079034312692 -0.18573171187450391 -0.23430426980229574 1.7352203349272413 0.52972209462523467 -5.702458742976189 -1.4220165255593091 -0.98051047424488313 0.69800929171483561 0.11580037881170667 0.081672089923652436 -3.8293634827320391 3.1819005503373989 -3.4973372298937577 -2.5684078890953632 0.16866994347619385 8.3007221395319171 0.57521515758708119 2.9400551047462686 -0.078948263889345865 0.27903443510559472 5.1456370910008751 0.56649310484305315 -1.049140532101444 1.9240744236586751 1.0680202269958237 6.9022166464639758 -0.71482992867151141 2.9218333326921027
leaf_weight=61 33864 129 1010 1866 30 75 50 41 479 2068 781 3976 26 34 26 151 190 22 80 26 3091 176 48 1018 246 138 59 23 208 93
leaf_count=61 33864 129 1010 1866 30 75 50 41 479 2068 781 3976 26 34 26 151 190 22 80 26 3091 176 48 1018 246 138 59 23 208 93
internal_value=0.00282643 0.0982442 -0.0503861 -0.397498 0.0697303 -1.28388 -2.40801 -3.77391 0.24587 0.220607 -0.164112 0.313744 0.132315 0.155972 0.132157 -1.83391 0.154134 1.06013 2.38339 5.39703 0.115402 0.336424 0.645192 0.904654 0.0253684 2.75545 1.0499 2.70444 0.197307 0.414383
internal_weight=50085 16221 8083 2078 6005 196 121 91 8138 8009 1561 6448 4380 4354 4320 212 4294 318 128 48 5809 2718 1708 1204 504 186 258 82 1082 874
internal_count=50085 16221 8083 2078 6005 196 121 91 8138 8009 1561 6448 4380 4354 4320 212 4294 318 128 48 5809 2718 1708 1204 504 186 258 82 1082 874
is_linear=0
shrinkage=0.05


Tree=261
num_leaves=31
num_cat=0
split_feature=8 6 4 6 8 6 8 8 1 1 6 6 4 5 6 8 0 8 4 1 8 6 8 6 8 8 1 8 4 8
split_gain=85200.8 159718 281251 101328 198555 202478 173206 110491 100815 100760 100104 267285 117215 263664 118125 95055.4 93503.4 168144 184232 250123 236453 186497 533444 323763 308132 223068 191567 157316 147917 88107
threshold=16057.512500000003 15970.238750000002 11.500000000000002 15095.071250000003 14496.095000000001 14498.323750000001 15417.848750000003 13796.932500000001 2.5000000000000004 2.5000000000000004 9908.9537500000024 12610.421250000001 15.500000000000002 1.0000000180025095e-35 14566.588750000001 15271.990000000002 32.485625000000006 14247.822500000002 14.500000000000002 3.5000000000000004 8590.8700000000026 9809.8516500000023 11108.402500000002 10756.986250000002 10598.030000000002 10040.423750000002 4.5000000000000009 9474.6565000000028 17.500000000000004 9288.9075000000012
decision_type=2 2 2 2 2 2 2 2 2 2 2 2 2 2 2 2 2 2 2 2 2 2 2 2 2 2 2 2 2 2
left_child=3 -2 9 4 5 16 -5 -7 -8 -3 -6 -12 15 14 -14 -13 -1 18 19 -18 -21 25 23 27 -25 28 -27 -23 29 -20
right_child=1 2 -4 6 10 7 8 -9 -10 -11 11 12 13 -15 -16 -17 17 -19 21 20 -22 22 -24 24 -26 26 -28 -29 -30 -31
leaf_value=-0.01671759677516373 -0.46588358819854925 3.6831636886596679 5.1822882088747892 -0.7528800773026888 -2.7774243658239191 -2.6916749376848519 0.72304405906114244 -0.68215880763781644 -0.20860005800016113 0.26844142315522679 6.3617060327529913 0.53712926940047601 4.6741071783263113 -1.4115734357872736 0.35893595082419261 1.675609114856643 -3.954753132020274 3.4641898544877772 -1.4211216883225877 -0.5833609607131095 0.80387766087739088 -4.0027363257205231 0.52162045304323645 -8.5518271555219378 -2.2655781419439749 0.36119344830513 4.8765722577986512 -0.80123461087604175 0.581225481569555 0.10197266667824367
leaf_weight=41201 161 25 44 1184 22 83 415 389 967 159 20 1031 29 184 35 223 31 40 209 370 1809 47 359 35 44 48 46 209 492 174
leaf_count=41201 161 25 44 1184 22 83 415 389 967 159 20 1031 29 184 35 223 31 40 209 370 1809 47 359 35 44 48 46 209 492 174
internal_value=0.00268511 0.739781 1.59115 -0.00308457 0.0135746 -0.00531264 -0.309066 -1.03553 0.0711628 0.732398 0.571214 0.619617 0.543158 -0.450071 2.31425 0.739586 0.00546586 0.239041 0.205732 0.504875 0.568321 -0.191806 -0.81747 -2.2525 -5.05063 0.256297 2.57085 -1.38901 0.00764771 -0.729168
internal_weight=50085 389 228 49696 47130 45586 2566 472 1382 184 1544 1522 1502 248 64 1254 45114 3913 3873 2210 2179 1663 694 335 79 969 94 256 875 383
internal_count=50085 389 228 49696 47130 45586 2566 472 1382 184 1544 1522 1502 248 64 1254 45114 3913 3873 2210 2179 1663 694 335 79 969 94 256 875 383
is_linear=0
shrinkage=0.05


Tree=262
num_leaves=31
num_cat=0
split_feature=7 8 6 8 8 6 6 8 6 8 8 7 6 7 8 6 0 7 1 0 1 0 1 7 8 7 8 6 7 6
split_gain=80526.8 215491 259883 209822 172750 279679 227163 197397 279432 287131 225692 219265 208552 264133 270416 178009 173989 202098 158551 306107 158124 165333 148669 303664 350334 318947 337724 213924 323809 207120
threshold=8727.7525000000023 8445.1737500000017 8592.5562500000015 9703.4625000000033 9907.6850000000031 8909.3450000000012 10715.331250000001 11407.567500000001 12194.766250000002 12739.3575 12261.76 9894.4800000000014 13039.108750000001 11005.737500000001 15095.071250000003 11184.732500000002 22.866875000000004 10025.143750000001 7.5000000000000009 24.223125000000007 3.5000000000000004 29.880625000000006 3.5000000000000004 12543.700000000003 13517.567500000003 13673.840000000002 14100.821250000003 13522.997500000001 13545.721250000001 14102.270000000002
decision_type=2 2 2 2 2 2 2 2 2 2 2 2 2 2 2 2 2 2 2 2 2 2 2 2 2 2 2 2 2 2
left_child=-1 18 3 -3 -4 -6 16 -8 10 -10 20 -12 -11 14 -14 -13 -7 -18 19 -2 21 -9 23 -15 27 -26 -27 -25 -29 -28
right_child=1 2 4 -5 5 6 7 8 9 12 11 15 13 22 -16 -17 17 -19 -20 -21 -22 -23 -24 24 25 26 29 28 -30 -31
leaf_value=0.094155334477598621 1.2732389880885409 0.58631190857350124 -0.23590455394409329 3.9280716621145917 4.5062339149202622 -0.44444991839954107 -0.40402380248215747 -0.52158141613662623 -0.69959255952223465 0.67038468461957845 -0.93393839258286693 4.7229604136943824 -1.5309731617376403 2.0460149885677708 0.78235022554484512 1.2917271415121432 0.88885541906136822 0.17791834541115664 -0.80419089915598507 -0.45525776521301187 0.39479107126384227 -5.2084194278717044 0.49913907111181532 -0.43460624202978437 0.88332456734963827 -1.4128273609739086 1.5247018760285127 -1.1380205085930293 -4.7043580773201858 -0.094481091456473029
leaf_weight=16221 327 1135 7626 49 35 624 3238 318 1607 1100 108 40 539 164 165 687 1619 2613 1520 1182 1548 20 1352 455 873 481 208 230 88 3913
leaf_count=16221 327 1135 7626 49 35 624 3238 318 1607 1100 108 40 539 164 165 687 1619 2613 1520 1182 1548 20 1352 455 873 481 208 230 88 3913
internal_value=0.00255086 -0.0413281 -0.00179661 0.724611 -0.0308029 0.040212 0.0331038 -0.0524494 0.0294733 -0.0811646 0.483857 1.16823 0.0227039 -0.0614304 -0.988788 1.48052 0.334971 0.449895 -0.443756 -0.0806929 0.180862 -0.798909 0.0226577 -0.0778106 -0.133558 0.00712436 -0.159091 -1.12998 -2.12493 -0.0127558
internal_weight=50085 33864 30835 1184 29651 22025 21990 17134 13896 11175 2721 835 9568 8468 704 727 4856 4232 3029 1509 1886 338 7764 6412 6248 5475 4602 773 318 4121
internal_count=50085 33864 30835 1184 29651 22025 21990 17134 13896 11175 2721 835 9568 8468 704 727 4856 4232 3029 1509 1886 338 7764 6412 6248 5475 4602 773 318 4121
is_linear=0
shrinkage=0.05


Tree=263
num_leaves=31
num_cat=0
split_feature=7 7 0 7 1 6 4 6 6 0 1 6 0 6 0 6 4 1 4 6 6 6 6 1 7 4 7 0 4 6
split_gain=72675.4 128176 126148 115172 177996 140002 203106 129417 111700 117339 101948 154545 100071 129455 95671.8 95432.5 112470 164454 154925 145733 116327 121340 99488.6 144664 251796 123623 94595.3 88486.9 139495 122438
threshold=8727.7525000000023 7982.9150000000009 21.810625000000005 7296.5412500000011 9.5000000000000018 9454.2887500000015 15.500000000000002 7521.8475000000008 9310.2075000000023 20.886875000000007 7.5000000000000009 10104.79125 20.886875000000007 9229.9662500000031 24.293125000000007 6818.9700000000012 4.5000000000000009 5.5000000000000009 16.500000000000004 10840.178750000001 10228.950000000003 10043.071250000003 9331.0200000000023 7.5000000000000009 8382.2950000000019 18.500000000000004 6180.5912500000004 32.485625000000006 15.500000000000002 9069.7975000000024
decision_type=2 2 2 2 2 2 2 2 2 2 2 2 2 2 2 2 2 2 2 2 2 2 2 2 2 2 2 2 2 2
left_child=1 3 -3 4 8 -5 10 -6 9 -1 11 -7 -9 26 -10 -4 17 -17 -18 20 21 22 -20 -24 25 -25 -14 -2 -29 -30
right_child=27 2 15 5 7 6 -8 12 14 -11 -12 -13 13 -15 -16 16 18 -19 19 -21 -22 -23 23 24 -26 -27 -28 28 29 -31
leaf_value=2.2128759346902371 -0.072227234557964579 1.2357455385327341 1.5961595228927976 -0.14109770205118921 0.26680008626978408 -1.0343666605833099 -4.5499973487854009 -0.67008041869510304 0.35169966867414576 -0.54121860312181724 -0.057415283518902807 -5.8416499864487426 4.7669684401580268 -1.1758535994837682 3.4729827488622358 -1.0305575019114444 0.62242876880215103 0.12632742432427563 0.041223728210020294 -3.6417671341162463 3.0259491205215454 -3.3156595168205407 0.073946027892666896 7.8818141070279211 0.54258253350853924 2.7891804039478303 1.7004636565623015 0.32016342304940321 0.65466349999097306 -0.54248599849441759
leaf_weight=40 29034 300 119 4182 1848 82 40 55 118 1167 188 21 28 36 31 443 2013 1002 3862 26 34 26 185 22 80 26 247 3551 271 1008
leaf_count=40 29034 300 119 4182 1848 82 40 55 118 1167 188 21 28 36 31 443 2013 1002 3862 26 34 26 185 22 80 26 247 3551 271 1008
internal_value=0.00242332 0.0894476 0.229523 -0.0515811 0.160624 -0.219445 -1.20933 0.436925 -0.290504 -0.449948 -0.750126 -2.01449 1.29591 1.6436 1.00109 0.19101 0.169347 -0.228344 0.260942 0.0901667 0.113078 0.0895035 0.110709 0.968068 2.26035 5.1233 2.01269 -0.0392617 0.1589 -0.288829
internal_weight=50085 16221 8138 8083 3570 4513 331 2214 1356 1207 291 103 366 311 149 7838 7719 1445 6274 4261 4235 4201 4175 313 128 48 275 33864 4830 1279
internal_count=50085 16221 8138 8083 3570 4513 331 2214 1356 1207 291 103 366 311 149 7838 7719 1445 6274 4261 4235 4201 4175 313 128 48 275 33864 4830 1279
is_linear=0
shrinkage=0.05


Tree=264
num_leaves=31
num_cat=0
split_feature=7 7 5 4 6 6 6 1 4 1 4 6 6 6 6 1 7 4 4 5 1 1 4 1 5 4 4 5 4 1
split_gain=65589.6 115679 121372 176246 129237 155646 106174 102882 94424.8 150773 147101 134076 89870.4 111550 92298.4 121876 227246 111570 82912.2 144823 191291 127082 109068 244644 139645 299001 138599 1.07661e+06 185895 368542
threshold=8727.7525000000023 7982.9150000000009 1.0000000180025095e-35 1.0000000180025095e-35 10228.950000000003 10633.735000000002 6818.9700000000012 7.5000000000000009 4.5000000000000009 5.5000000000000009 16.500000000000004 10877.106250000003 10228.950000000003 10043.071250000003 9331.0200000000023 7.5000000000000009 8382.2950000000019 18.500000000000004 1.5000000000000002 22.500000000000004 1.5000000000000002 7.5000000000000009 3.5000000000000004 6.5000000000000009 1.0000000180025095e-35 2.5000000000000004 6.5000000000000009 1.0000000180025095e-35 5.5000000000000009 9.5000000000000018
decision_type=2 2 2 2 2 2 2 2 2 2 2 2 2 2 2 2 2 2 2 2 2 2 2 2 2 2 2 2 2 2
left_child=1 2 3 7 -4 -6 -3 -1 9 -8 -10 12 13 14 -12 -16 17 -17 19 21 -21 -2 23 -20 -25 -26 27 -24 29 -29
right_child=18 6 4 -5 5 -7 8 -9 10 -11 11 -13 -14 -15 15 16 -18 -19 22 20 -22 -23 26 24 25 -27 -28 28 -30 -31
leaf_value=-0.011518016848407808 0.93694579924882204 1.6410778336284697 0.10712843475271178 -0.22315640675521875 -4.3946050975471733 -0.57468435920774941 -0.89234535006615712 -2.4445830701992213 0.62715670936641865 0.17315185098889907 0.069514225027453677 -3.6113948335250221 2.6238883417513637 -3.1498765624486484 0.15133206586304465 7.4877234307202434 0.51545341789722443 2.6497214720799374 -0.72697170861975569 -1.741423063692398 0.17334962363621623 -1.1173150029527137 -1.1770225326170989 1.7478826490005639 1.511073570455139 -1.0038898166269064 -0.07575643882354019 0.58916089536216898 1.1331057927969963 -1.6541528842499105
leaf_weight=61 810 129 5813 1866 32 160 479 151 2068 1082 3976 24 36 26 190 22 80 26 1586 156 796 83 1041 153 199 291 25386 1866 1294 203
leaf_count=61 810 129 5813 1866 32 160 479 151 2068 1082 3976 24 36 26 190 22 80 26 1586 156 796 83 1041 153 199 291 25386 1866 1294 203
internal_value=0.00230215 0.0849752 -0.0490021 -0.378366 0.0649726 -1.21134 0.218047 -1.7445 0.195126 -0.153801 0.279598 0.1155 0.136034 0.115302 0.135072 0.954755 2.14734 4.86714 -0.0372986 0.288625 -0.140416 0.746012 -0.056079 -0.393441 0.429234 0.0174933 -0.0308363 0.228097 0.663045 0.369058
internal_weight=50085 16221 8083 2078 6005 192 8138 212 8009 1561 6448 4380 4356 4320 4294 318 128 48 33864 1845 952 893 32019 2229 643 490 29790 4404 3363 2069
internal_count=50085 16221 8083 2078 6005 192 8138 212 8009 1561 6448 4380 4356 4320 4294 318 128 48 33864 1845 952 893 32019 2229 643 490 29790 4404 3363 2069
is_linear=0
shrinkage=0.05


Tree=265
num_leaves=31
num_cat=0
split_feature=8 6 6 8 6 1 8 6 8 6 8 6 7 0 1 7 7 0 7 1 7 7 6 7 1 7 6 8 1 1
split_gain=96174.5 155007 141646 109312 225688 176470 135677 219535 172188 146698 140465 271454 216532 191707 218821 152373 149052 143799 152838 170833 132570 130265 113201 112626 112090 111782 103114 98618.8 98220.6 96840.8
threshold=6687.0000000000009 6818.9700000000012 6890.3150000000005 7587.3650000000007 8021.0750000000007 11.500000000000002 8685.6900000000023 8964.2375000000011 9227.6900000000005 10013.885000000002 9728.6112500000017 9630.8250000000025 12795.747500000001 26.441875000000007 5.5000000000000009 11340.585000000001 9945.4300000000021 32.255625000000009 8209.5437500000025 8.5000000000000018 9078.782500000003 6370.5687500000013 10334.691250000002 12745.692500000001 2.5000000000000004 10085.423750000002 8446.6500000000015 10189.040000000003 7.5000000000000009 3.5000000000000004
decision_type=2 2 2 2 2 2 2 2 2 2 2 2 2 2 2 2 2 2 2 2 2 2 2 2 2 2 2 2 2 2
left_child=2 -2 -1 5 21 26 9 8 -8 -6 13 12 15 23 20 17 22 18 19 -12 -15 -5 28 -9 -22 -18 -3 -14 -16 -25
right_child=1 3 -4 4 6 -7 7 10 -10 -11 11 -13 27 14 16 -17 25 -19 -20 -21 24 -23 -24 29 -26 -27 -28 -29 -30 -31
leaf_value=-0.15539553126526454 0.72902464404979284 -0.35586771466309924 -1.3857000666987214 4.3120092573620026 -0.19899315759153502 0.79933515585612547 0.17695731815738669 0.148337654707309 0.94148186909139064 -2.5853805868900741 4.0914054727888312 -0.0076838442747377738 0.94427097766630119 0.41310694186005242 -0.89960605933466375 3.2773716805612341 -4.879738303538292 2.1689852785742927 0.33144506652691375 -0.78606264866315412 -2.538440773917026 0.36289091466135032 -3.5991216832941229 -4.321739335493608 -0.35463693913467437 -1.6944551741968283 -1.7351472964028378 -2.4287673713432421 0.38228109088016332 -0.73267248143521391
leaf_weight=1102 726 2585 297 21 6971 328 2787 2648 1001 65 58 22762 31 638 674 68 31 167 742 26 61 3707 33 22 1600 247 143 72 192 129
leaf_count=1102 726 2585 297 21 6971 328 2787 2648 1001 65 58 22762 31 638 674 68 31 167 742 26 61 3707 33 22 1600 247 143 72 192 129
internal_value=-0.00786748 0.00391354 -0.416582 -0.00709758 0.0126591 -0.296421 -0.0211884 0.0201823 0.378987 -0.221039 -0.0248213 0.0304012 0.775154 -0.23538 -0.483375 0.987632 -1.03782 0.830832 0.560286 2.58171 -0.199522 0.385136 -0.724925 0.0725992 -0.434837 -2.04965 -0.428169 -1.41358 -0.6154 -1.25558
internal_weight=49934 48535 1399 47809 44753 3056 41025 33989 3788 7036 30201 23926 1164 6275 3476 1061 1177 993 826 84 2299 3728 899 2799 1661 278 2728 103 866 151
internal_count=49934 48535 1399 47809 44753 3056 41025 33989 3788 7036 30201 23926 1164 6275 3476 1061 1177 993 826 84 2299 3728 899 2799 1661 278 2728 103 866 151
is_linear=0
shrinkage=0.05


Tree=266
num_leaves=31
num_cat=0
split_feature=8 6 1 3 8 6 1 4 4 1 8 6 4 8 8 6 4 4 5 1 1 1 5 5 8 6 5 4 4 4
split_gain=89101.9 173527 154592 241876 122137 226977 133880 191885 150631 123318 122449 198130 169311 155400 154672 185718 160201 411472 353786 201390 191936 137834 252060 208985 148889 132395 126227 951501 778510 742914
threshold=6464.4537500000015 6621.9212500000003 10.500000000000002 1.0000000180025095e-35 7587.3650000000007 8021.0750000000007 9.5000000000000018 8.5000000000000018 1.5000000000000002 7.5000000000000009 8685.6900000000023 8964.2375000000011 1.0000000180025095e-35 9227.6900000000005 9629.0500000000011 9630.8250000000025 17.500000000000004 16.500000000000004 37.500000000000007 6.5000000000000009 3.5000000000000004 2.5000000000000004 1.0000000180025095e-35 37.500000000000007 10162.055000000002 10013.885000000002 1.0000000180025095e-35 17.500000000000004 1.5000000000000002 15.500000000000002
decision_type=2 2 2 2 2 2 2 2 2 2 2 2 2 2 2 2 2 2 2 2 2 2 2 2 2 2 2 2 2 2
left_child=2 -2 -1 -4 6 -6 9 8 -8 -3 25 13 21 -12 16 -16 17 20 -19 -20 -14 23 -23 -13 -24 -7 27 28 -17 -30
right_child=1 4 3 -5 5 10 7 -9 -10 -11 11 12 14 -15 15 26 -18 18 19 -21 -22 22 24 -25 -26 -27 -28 -29 29 -31
leaf_value=-1.4306054607233076 0.86990261479202191 -0.25208362377025911 0.99995909411256967 -1.2160008426655435 0.38595996324660198 -0.18904350083816823 -0.16638269588961954 -0.42630895369891397 1.3009820400378327 -1.0323268488751509 0.16810945527030574 2.1644114682632085 -1.9864805293335981 0.89440777918154546 0.55848175436616032 3.9517204860290449 0.054154758334206736 -1.4318861999088213 -8.9478397022932779 -3.0028843447052203 -0.24673665725733948 -2.0916378858414566 -0.45565159411830758 -0.76197159327566633 1.7816405420039976 -2.4561115777034028 -0.091879955612016506 -3.0209447245293135 -0.023417838453561702 1.689997641229114
leaf_weight=299 568 1392 275 223 3756 6971 305 885 410 796 2787 257 168 1001 1458 143 2096 190 28 29 2814 99 131 80 172 65 16998 223 4581 734
leaf_count=299 568 1392 275 223 3756 6971 305 885 410 796 2787 257 168 1001 1458 143 2096 190 28 29 2814 99 131 80 172 65 16998 223 4581 734
internal_value=-0.00747411 0.00103218 -0.531908 0.00767181 -0.009129 0.0139317 -0.281748 0.0658578 0.675043 -0.535938 -0.020129 0.0191732 -0.0235802 0.360038 -0.0423298 0.0114802 -0.286238 -0.507193 -2.46835 -5.92321 -0.34475 0.723918 0.0987056 1.46972 0.814362 -0.209987 -0.0236857 0.180357 0.311154 0.213204
internal_weight=49934 49137 797 498 48569 44781 3788 1600 715 2188 41025 33989 30201 3788 29462 24137 5325 3229 247 57 2982 739 402 337 303 7036 22679 5681 5458 5315
internal_count=49934 49137 797 498 48569 44781 3788 1600 715 2188 41025 33989 30201 3788 29462 24137 5325 3229 247 57 2982 739 402 337 303 7036 22679 5681 5458 5315
is_linear=0
shrinkage=0.05


Tree=267
num_leaves=31
num_cat=0
split_feature=8 6 6 8 6 0 6 8 6 4 0 5 0 8 8 6 8 6 0 4 3 6 2 4 6 8 6 6 4 0
split_gain=83177.2 163398 130068 83768.1 182819 158345 131157 110510 182765 156026 139148 155681 136323 130770 119856 119487 113673 220643 141062 129283 125225 119894 128384 117424 310131 114604 369814 242522 232481 341817
threshold=6754.0037500000008 6818.9700000000012 7007.6750000000002 7587.3650000000007 8021.0750000000007 24.560625000000005 8981.4937500000015 8685.6900000000023 8797.657500000003 1.0000000180025095e-35 26.185625000000005 37.500000000000007 32.870625000000011 10162.055000000002 12062.01375 10013.885000000002 9629.0500000000011 9630.8250000000025 33.976250000000014 20.500000000000004 1.0000000180025095e-35 9454.2887500000015 1.0000000180025095e-35 15.500000000000002 10474.948750000001 10996.808750000002 11492.810000000003 10599.892500000002 16.500000000000004 33.623750000000008
decision_type=2 2 2 2 2 2 2 2 2 2 2 2 2 2 2 2 2 2 2 2 2 2 2 2 2 2 2 2 2 2
left_child=2 -2 -1 5 -5 6 -3 15 12 10 11 -10 13 -9 -12 -6 19 18 -18 21 -21 22 -11 -23 -25 27 -27 -19 -29 -30
right_child=1 3 -4 4 7 -7 -8 8 9 16 14 -13 -14 -15 -16 -17 17 25 -20 20 -22 23 -24 24 -26 26 -28 28 29 -31
leaf_value=-0.15114139349100122 0.81915940147530497 0.046636535386609543 -1.3258334347387641 0.34658166103031074 -0.1795913247013996 -0.79195538692814083 -2.8453632175922396 0.28211364972148478 1.6579565504685545 -0.12133129402622984 -0.63089701835245027 -0.30731904592145898 1.7305817994739741 3.6607319909436953 3.0830591267595691 -2.3333059980548345 0.43882377539461781 0.025210370355640221 2.0755039554116608 -0.073482142704485762 1.0354046955932876 -0.41692239654857377 -4.1397032970190049 -1.0489877182329115 -7.261760189419701 0.57322505398243029 -0.060198163271223903 -0.49954603468519415 -1.5151233015842336 -8.5777826652640385
leaf_weight=1317 608 1971 287 3728 6971 958 40 2306 389 3231 229 136 186 29 24 65 1430 4198 145 927 351 1424 20 462 21 2782 13419 2166 93 21
leaf_count=1317 608 1971 287 3728 6971 958 40 2306 389 3231 229 136 186 29 24 65 1430 4198 145 927 351 1424 20 462 21 2782 13419 2166 93 21
internal_value=-0.00710041 0.00465582 -0.361326 -0.00572133 0.0113412 -0.262912 -0.0108871 -0.0191225 0.0182145 -0.0146025 0.684663 1.14886 0.427847 0.324075 -0.278585 -0.199488 -0.032329 0.0172407 0.589502 -0.219132 0.231071 -0.330679 -0.146052 -0.645426 -1.31911 -0.0225015 0.0485719 -0.200251 -0.615376 -2.81614
internal_weight=49934 48330 1604 47722 44753 2969 2011 41025 33989 31468 778 525 2521 2335 253 7036 30690 24254 1575 6436 1278 5158 3251 1907 483 22679 16201 6478 2280 114
internal_count=49934 48330 1604 47722 44753 2969 2011 41025 33989 31468 778 525 2521 2335 253 7036 30690 24254 1575 6436 1278 5158 3251 1907 483 22679 16201 6478 2280 114
is_linear=0
shrinkage=0.05


Tree=268
num_leaves=31
num_cat=0
split_feature=4 1 4 4 1 5 4 1 6 4 1 1 6 4 0 6 0 4 5 1 6 4 0 5 5 4 4 4 4 1
split_gain=61755.5 182437 163073 274634 165598 285229 562834 371012 425852 297387 602868 147594 162582 162492 234788 184930 143307 131044 305652 187329 149793 119229 295005 253551 216507 1.31924e+06 794323 542203 698680 352129
threshold=7.5000000000000009 6.5000000000000009 3.5000000000000004 1.5000000000000002 3.5000000000000004 1.0000000180025095e-35 1.0000000180025095e-35 1.5000000000000002 10803.022500000001 1.0000000180025095e-35 1.5000000000000002 11.500000000000002 6687.0000000000009 14.500000000000002 21.180625000000003 7707.0700000000006 24.460625000000007 1.0000000180025095e-35 1.0000000180025095e-35 11.500000000000002 6754.0037500000008 2.5000000000000004 22.805625000000003 1.0000000180025095e-35 1.0000000180025095e-35 6.5000000000000009 3.5000000000000004 6.5000000000000009 4.5000000000000009 8.5000000000000018
decision_type=2 2 2 2 2 2 2 2 2 2 2 2 2 2 2 2 2 2 2 2 2 2 2 2 2 2 2 2 2 2
left_child=1 2 3 4 5 9 7 -7 -9 10 -1 -2 -13 14 -14 -15 -8 18 -3 -20 -21 22 -19 -24 25 26 -23 28 -26 -30
right_child=11 17 -4 -5 -6 6 16 8 -10 -11 -12 12 13 15 -16 -17 -18 21 19 20 -22 24 23 -25 27 -27 -28 -29 29 -31
leaf_value=4.8062652361392981 -0.022179672368231845 -1.8429171674857578 0.13277387444140407 -0.6797728706383257 -0.32158385633950543 -0.87295083628251013 -1.8119852606626539 5.9064380587064313 1.314090029776624 3.6162413998326262 -1.9644855968964596 1.3353947353498961 -4.0854666439976013 -0.25849974729552649 0.11532323516905307 -1.7905962354322988 0.35567137166565543 -0.2617281243344452 -0.047255784845526061 1.125912984901545 6.0922448044473478 2.5123779396127381 -0.097850275666856057 1.4982952361441395 -0.47545751748744342 4.00031242272056 -0.90318493582465931 -1.2754421159746832 2.0195428626903946 0.42054909815632907
leaf_weight=50 31739 239 4535 2269 1145 130 302 65 226 134 96 111 35 345 670 459 102 588 617 49 22 224 335 967 1433 251 709 673 593 821
leaf_count=50 31739 239 4535 2269 1145 130 302 65 226 134 96 111 35 345 670 459 102 588 617 49 22 224 335 967 1433 251 709 673 593 821
internal_value=-0.00674538 0.0721387 -0.0790492 -0.291622 0.0998061 0.53645 0.0684584 1.34779 2.33987 1.91535 0.354265 -0.0459403 -0.511458 -0.64731 -0.0932266 -1.13317 -1.26471 0.254143 -0.302497 0.23262 2.66478 0.332397 0.667818 1.08761 0.19763 0.782511 -0.083157 0.00089675 0.302609 1.09113
internal_weight=49934 16575 9054 4519 2250 1105 825 421 291 280 146 33359 1620 1509 705 804 404 7521 927 688 71 6594 1890 1302 4704 1184 933 3520 2847 1414
internal_count=49934 16575 9054 4519 2250 1105 825 421 291 280 146 33359 1620 1509 705 804 404 7521 927 688 71 6594 1890 1302 4704 1184 933 3520 2847 1414
is_linear=0
shrinkage=0.05


Tree=269
num_leaves=31
num_cat=0
split_feature=7 8 8 4 5 6 8 7 7 7 6 7 7 8 7 8 8 4 6 7 6 8 7 7 6 8 6 8 4 7
split_gain=90680.3 211158 193301 186727 288291 127531 288123 183209 176858 241556 144304 236325 162445 206633 144105 148650 134477 117420 117187 172158 112142 526123 260612 225161 224343 202088 212877 187217 184487 183636
threshold=15095.360000000002 15708.635000000002 15158.182500000001 15.500000000000002 1.0000000180025095e-35 14055.557500000001 13646.460000000001 9692.6225000000013 10052.875000000002 8635.9450000000015 13300.582500000002 12065.997500000003 13673.840000000002 14424.677500000003 13945.281250000002 14052.772500000001 14197.517500000002 7.5000000000000009 9985.8487500000028 13545.721250000001 12194.766250000002 11680.070000000002 11942.980000000001 13883.758750000003 10998.078750000002 10296.880000000003 9961.751250000003 11947.117500000002 1.0000000180025095e-35 14154.706250000001
decision_type=2 2 2 2 2 2 2 2 2 2 2 2 2 2 2 2 2 2 2 2 2 2 2 2 2 2 2 2 2 2
left_child=2 -2 5 17 -5 6 20 -8 9 -7 18 -12 -13 -14 15 -10 -16 -4 -9 -20 21 24 27 -23 25 26 -1 -22 -28 -27
right_child=1 -3 3 4 -6 8 7 10 14 -11 11 12 13 -15 16 -17 -18 -19 19 -21 22 23 -24 -25 -26 29 28 -29 -30 -31
leaf_value=0.0086152977034247517 -0.58843688490084689 0.30042055156045749 2.8254995883212373 2.8742624296861536 -2.5467999675395814 2.5872821550369265 -2.103886323315757 -1.9854755985736849 -0.52665036781010233 -2.7512714827386331 -0.72149909364066245 1.5547110028875373 -0.36972576962508702 3.2365564149358996 -1.8838871057796223 0.58148938851572352 -0.40733445831109871 0.84325322139965952 1.6470930371779144 6.3347434498014907 -2.1615587503900033 0.648796941091213 -0.011089662677307514 2.6601913820902507 -0.45123762539856438 0.44634328811275714 1.2630871046206047 -0.57312001701246673 -0.5732663137262447 -0.95297037571431165
leaf_weight=26784 1902 1030 85 34 88 25 56 20 513 139 279 480 291 46 186 738 902 617 291 21 234 1921 2999 150 2844 3558 145 895 2410 251
leaf_count=26784 1902 1030 85 34 88 25 56 20 513 139 279 480 291 46 186 738 902 617 291 21 234 1921 2999 150 2844 3558 145 895 2410 251
internal_value=-0.00640812 -0.276185 0.0104206 0.769492 -1.03601 -0.00312422 0.0167676 0.701524 -0.350218 -1.93747 0.81154 0.534904 0.963957 0.122526 -0.238927 0.127072 -0.65976 1.08327 1.72477 1.96261 -0.00731757 0.0195274 -0.254846 0.79448 -0.0250638 0.0115006 -0.0329824 -0.902345 -0.469051 0.354133
internal_weight=49934 2932 47002 824 122 46178 43675 1484 2503 164 1428 1096 817 337 2339 1251 1088 702 332 312 42191 38063 4128 2071 35992 33148 29339 1129 2555 3809
internal_count=49934 2932 47002 824 122 46178 43675 1484 2503 164 1428 1096 817 337 2339 1251 1088 702 332 312 42191 38063 4128 2071 35992 33148 29339 1129 2555 3809
is_linear=0
shrinkage=0.05


Tree=270
num_leaves=31
num_cat=0
split_feature=8 1 4 8 4 8 8 8 0 0 4 8 7 1 3 7 8 4 8 1 4 7 7 8 7 4 1 1 7 8
split_gain=83197.2 174411 256162 328998 274929 264229 198687 182664 167151 157010 147390 253164 178459 150531 146049 143536 449019 177691 183034 173712 264728 202637 194878 165671 139345 272122 203391 150192 172424 144622
threshold=10912.768750000001 3.5000000000000004 6.5000000000000009 11947.117500000002 16.500000000000004 11108.402500000002 13930.993750000003 15886.921250000001 25.658125000000005 30.059375000000006 15.500000000000002 11218.522500000001 8932.0187500000011 7.5000000000000009 1.0000000180025095e-35 9995.2300000000014 11582.950000000003 11.500000000000002 13930.993750000003 6.5000000000000009 7.5000000000000009 15095.360000000002 13812.147500000001 11361.776250000001 9995.2300000000014 9.5000000000000018 9.5000000000000018 7.5000000000000009 12745.692500000001 8666.5600000000031
decision_type=2 2 2 2 2 2 2 2 2 2 2 2 2 2 2 2 2 2 2 2 2 2 2 2 2 2 2 2 2 2
left_child=24 -2 3 -3 7 -6 -5 9 -7 10 12 -12 -4 -13 -10 16 -14 18 -18 20 -17 22 -21 -24 -1 26 27 28 -26 -28
right_child=1 2 4 6 5 8 -8 -9 14 -11 11 13 15 -15 -16 19 17 -19 -20 21 -22 -23 23 -25 25 -27 29 -29 -30 -31
leaf_value=0.0038194401326287425 -0.066372992590197175 0.23345266755942085 1.8855876798591309 1.835360010084093 -1.8316710845283841 -0.96228977511910829 6.7205288290977485 4.5354158971620642 3.5141234173203806 0.48534220090496305 1.4942563240317739 0.2638145807090887 1.2469978730200202 -2.148191183465765 0.38262697855631511 -3.0581410999731586 -5.9816880806632664 -0.92854313544107991 -2.0580502548476769 0.069760163515397947 0.12418928900907129 -1.5709938061672659 0.098306963368274242 1.8867417577029073 0.12114356365260733 -0.55082688978201821 -3.543890401861578 0.69362973251531179 -1.3300163518461547 -0.65359806164751877
leaf_weight=26334 8751 562 124 386 46 34 22 23 166 1716 85 86 157 261 48 110 46 152 84 3107 161 165 229 298 1685 3572 53 1029 233 236
leaf_count=26334 8751 562 124 386 46 34 22 23 166 1716 85 86 157 261 48 110 46 152 84 3107 161 165 229 298 1685 3572 53 1029 233 236
internal_value=-0.00234521 0.0882276 0.255916 1.01804 0.151765 1.64876 2.09878 0.0870802 2.29433 0.0719922 -0.0680489 -0.951338 0.0143126 -1.5504 2.81173 -0.0371485 -0.896113 -2.08926 -3.44641 0.0555015 -1.16753 0.142746 0.220558 1.1096 -0.0483094 -0.249949 0.0821702 0.206304 -0.0551444 -1.18365
internal_weight=49961 16819 8068 970 7098 294 408 6804 248 6781 5065 432 4633 347 214 4509 439 282 130 4070 271 3799 3634 527 33142 6808 3236 2947 1918 289
internal_count=49961 16819 8068 970 7098 294 408 6804 248 6781 5065 432 4633 347 214 4509 439 282 130 4070 271 3799 3634 527 33142 6808 3236 2947 1918 289
is_linear=0
shrinkage=0.05


Tree=271
num_leaves=31
num_cat=0
split_feature=6 8 4 0 5 4 4 4 4 8 4 0 3 0 8 4 4 4 3 4 8 6 8 0 6 0 8 8 6 0
split_gain=95790.8 126662 160891 87819.2 82291.2 124922 1.15617e+06 439685 397624 382507 568441 308281 213878 175117 167546 167313 418233 359956 209099 192619 165850 329742 160263 211522 145814 144171 143690 129564 123165 121629
threshold=16180.853750000002 16057.512500000003 14.500000000000002 27.72000000000001 22.500000000000004 15.500000000000002 17.500000000000004 13.500000000000002 18.500000000000004 8226.1800000000021 16.500000000000004 26.761875000000007 1.0000000180025095e-35 27.528125000000006 12332.350000000002 6.5000000000000009 4.5000000000000009 8.5000000000000018 1.0000000180025095e-35 11.500000000000002 11947.117500000002 12694.316250000002 9549.3612500000017 26.713125000000009 8850.9837500000012 23.616875000000007 9049.9500000000025 8279.715000000002 8944.215000000002 29.036250000000006
decision_type=2 2 2 2 2 2 2 2 2 2 2 2 2 2 2 2 2 2 2 2 2 2 2 2 2 2 2 2 2 2
left_child=4 -2 3 -3 -1 7 9 15 22 13 29 -12 -13 -7 24 16 28 -17 20 -19 -18 25 -8 -24 -14 -22 -21 -10 -6 -11
right_child=1 2 -4 -5 5 6 8 -9 27 10 11 12 14 -15 -16 17 18 19 -20 26 21 -23 23 -25 -26 -27 -28 -29 -30 -31
leaf_value=0.057676932927630459 -0.28636167820157676 2.3665963258432305 5.3873958746592203 -1.2256438652674357 0.076641603588432902 2.8502061272859578 0.72726550149758895 0.70086301535645656 -0.35514669510125879 -1.1762932914754618 -1.0377470762208343 -2.3840292738767133 -2.7509118102317633 -0.42112494692206381 -1.2807823181152345 -0.82742017592296502 0.66780206592389402 0.20966769628944926 -0.10374625942077149 -1.5023894470431154 2.8855808795853095 1.1705900549877655 5.5287305273660801 1.4351252070526137 -6.2327119276523595 7.2205878958982588 -0.25303324357900736 0.15057117849848467 -0.41005364414653001 -0.068618399894307777
leaf_weight=24928 87 46 30 27 2694 75 845 2014 2201 483 311 450 43 90 34 2005 1064 3124 605 263 44 340 41 137 100 34 1842 2983 2512 509
leaf_count=24928 87 46 30 27 2694 75 845 2014 2201 483 311 450 43 90 34 2005 1064 3124 605 263 44 340 41 137 100 34 1842 2983 2512 509
internal_value=-0.00222795 1.11831 2.30479 1.03796 -0.0065056 -0.0709077 -0.22917 0.00852462 0.113631 -1.24481 -1.44235 -2.3248 -2.96319 1.06584 -4.43563 -0.0874601 0.0815383 -0.257837 0.67956 -0.0394366 0.99933 1.84322 1.0145 2.37803 -5.18574 4.7752 -0.409129 -0.0641443 -0.158199 -0.60794
internal_weight=49961 190 103 73 49771 24843 8302 16541 6207 2095 1930 938 627 165 177 14527 7293 7234 2087 5229 1482 418 1023 178 143 78 2105 5184 5206 992
internal_count=49961 190 103 73 49771 24843 8302 16541 6207 2095 1930 938 627 165 177 14527 7293 7234 2087 5229 1482 418 1023 178 143 78 2105 5184 5206 992
is_linear=0
shrinkage=0.05


Tree=272
num_leaves=31
num_cat=0
split_feature=6 7 6 7 4 6 4 4 4 6 7 1 6 7 0 1 7 6 1 7 4 7 0 6 0 4 0 3 7 7
split_gain=86451.2 120869 140102 854805 868850 109388 88398.5 215713 270294 140894 232977 142713 377624 138754 129973 119769 104970 104204 150191 135728 181066 183873 178864 156332 97799 93415.7 105499 99557.8 89110.7 83999.9
threshold=16180.853750000002 15797.895000000002 14248.518750000001 16182.750000000002 13.500000000000002 15095.071250000003 15.500000000000002 13.500000000000002 12.500000000000002 12803.120000000003 13545.721250000001 11.500000000000002 7707.0700000000006 9970.4662500000031 28.818125000000006 2.5000000000000004 7485.2225000000008 12426.233750000001 7.5000000000000009 10728.437500000002 16.500000000000004 12193.127500000002 34.420625000000008 8981.4937500000015 34.641250000000007 16.500000000000004 27.045625000000008 1.0000000180025095e-35 11005.737500000001 6464.4537500000015
decision_type=2 2 2 2 2 2 2 2 2 2 2 2 2 2 2 2 2 2 2 2 2 2 2 2 2 2 2 2 2 2
left_child=1 6 3 4 -3 -4 7 8 -1 10 11 17 29 25 -12 -11 -9 19 28 -8 22 23 -21 -22 -10 26 -14 -27 -19 -13
right_child=-2 2 5 -5 -6 -7 9 16 24 15 14 12 13 -15 -16 -17 -18 18 -20 20 21 -23 -24 -25 -26 27 -28 -29 -30 -31
leaf_value=0.046695170665472595 1.0623972961463426 1.8877650967150026 -3.4109500309824945 9.0001335877638606 -8.6235093105584379 -0.71943113184332763 -0.01346933691355144 2.9786840841556206 -0.72888898207383146 -0.083379085723787327 0.46896577629035918 -2.0842892297676632 -1.8437700843811038 -4.0110373414479765 3.7882769603530573 -1.2945605549373127 0.3718319861280216 4.5328695783327371 -2.0072527535811622 0.89887256146868855 1.5952091563132502 0.7193098796887345 -1.394785006262186 -2.1106923919740086 0.12693074938095664 -1.2937356066443026 3.2303676423572356 -3.6789016949811151 1.302964825321127 0.46960558120013024
leaf_weight=26345 190 66 40 26 28 671 13870 39 1612 383 58 35 20 65 60 437 3928 29 27 257 31 89 127 347 421 200 21 56 81 402
leaf_count=26345 190 66 40 26 28 671 13870 39 1612 383 58 35 20 65 60 437 3928 29 27 257 31 89 127 347 421 200 21 56 81 402
internal_value=-0.00211655 -0.00618032 -0.604138 0.976148 -1.24325 -0.870853 0.00397299 0.0521063 0.00382878 -0.0898427 -0.0566265 -0.0733077 -0.724267 -1.91857 2.15675 -0.72885 0.39746 -0.0383019 1.33429 -0.0510758 -0.664004 -1.32535 0.140293 -1.80677 -0.551663 -1.46062 0.755179 -1.81549 2.15449 0.26506
internal_weight=49961 49771 831 120 94 711 48940 32345 28378 16595 15775 15657 799 362 118 820 3967 14858 137 14721 851 467 384 378 2033 297 41 256 110 437
internal_count=49961 49771 831 120 94 711 48940 32345 28378 16595 15775 15657 799 362 118 820 3967 14858 137 14721 851 467 384 378 2033 297 41 256 110 437
is_linear=0
shrinkage=0.05


Tree=273
num_leaves=31
num_cat=0
split_feature=5 6 8 4 4 4 4 1 8 4 1 1 1 1 8 6 1 6 1 1 6 8 6 4 4 4 8 1 1 6
split_gain=81833.3 129473 151622 114099 1.05019e+06 411985 360823 383320 345707 483774 570133 414510 643329 249553 244573 237208 212835 185141 177559 176434 174278 254115 170747 146764 377630 321999 193854 214731 180806 224044
threshold=22.500000000000004 16180.853750000002 16180.853750000002 15.500000000000002 17.500000000000004 13.500000000000002 18.500000000000004 3.5000000000000004 8226.1800000000021 16.500000000000004 9.5000000000000018 7.5000000000000009 5.5000000000000009 9.5000000000000018 9779.907500000003 10297.798750000002 7.5000000000000009 8850.9837500000012 6.5000000000000009 7.5000000000000009 12973.690000000001 9728.6112500000017 9908.9537500000024 6.5000000000000009 4.5000000000000009 8.5000000000000018 11680.070000000002 3.5000000000000004 9.5000000000000018 9579.4135000000006
decision_type=2 2 2 2 2 2 2 2 2 2 2 2 2 2 2 2 2 2 2 2 2 2 2 2 2 2 2 2 2 2
left_child=1 -1 -3 5 8 23 7 14 -5 10 20 12 -11 16 -6 -12 18 -14 -9 -8 21 -10 -13 24 -2 28 -26 -28 -25 -30
right_child=3 2 -4 4 6 -7 19 13 9 11 15 22 17 -15 -16 -17 -18 -19 -20 -21 -22 -23 -24 25 26 -27 27 -29 29 -31
leaf_value=0.054969442574231135 -0.1526234952786589 -0.009267074653568368 4.0542095905000517 1.0129533833174995 -1.7676694630720151 0.67558582011842538 0.15878464889510657 1.9770685321777255 -1.2928627312380747 -1.8378301775881223 -1.7994457672185757 -0.097434303885031701 -3.3895210454097162 -0.13456117817915456 1.4312378365914902 -5.7016207373331467 3.3965363475804531 -6.5185970466335625 -0.47837653780470091 -0.44907304444373414 -1.0718590363208855 1.1186788020207536 -2.9602850427681751 -0.55986244417361453 0.32511493693886573 -0.034044024322016163 0.72766158403368564 2.6851305582021414 -4.0068526297122586 -1.0797826110410147
leaf_weight=24928 5206 48 44 165 174 2037 3320 296 151 427 102 247 78 172 91 63 192 120 98 1864 286 395 66 1707 1453 5247 425 209 87 263
leaf_count=24928 5206 48 44 165 174 2037 3320 296 151 427 102 247 78 172 91 63 192 120 98 1864 286 395 66 1707 1453 5247 425 209 87 263
internal_value=-0.00201072 0.0618792 1.93413 -0.0661031 -0.217435 0.00947203 0.109567 0.967732 -1.18396 -1.37129 -0.604455 -2.18637 -2.93019 1.54 -0.669177 -3.28937 2.03151 -5.28593 1.36632 -0.0597815 -0.0719902 0.451751 -0.701103 -0.0834836 0.0751793 -0.241908 0.643431 1.37295 -0.772126 -1.80737
internal_weight=49961 25020 92 24941 8307 16634 6207 1023 2100 1935 997 938 625 758 265 165 586 198 394 5184 832 546 313 14597 7293 7304 2087 634 2057 350
internal_count=49961 25020 92 24941 8307 16634 6207 1023 2100 1935 997 938 625 758 265 165 586 198 394 5184 832 546 313 14597 7293 7304 2087 634 2057 350
is_linear=0
shrinkage=0.05


Tree=274
num_leaves=31
num_cat=0
split_feature=8 6 7 6 8 0 1 8 6 8 0 4 8 6 6 8 7 0 7 7 8 1 8 8 4 8 7 7 7 6
split_gain=78672.1 247043 376931 221603 166135 134691 214674 133355 354867 364614 150673 140700 136493 368963 156252 181140 140455 155320 139372 274967 172263 154931 136597 133903 133613 171517 324929 191848 230247 165767
threshold=9808.4637500000008 9961.751250000003 14004.600000000002 9229.9662500000031 9227.6900000000005 26.670625000000008 6.5000000000000009 10875.905000000002 11035.775000000003 12261.76 17.773750000000003 17.500000000000004 12851.877500000001 13039.108750000001 12194.766250000002 11880.291250000002 11821.506250000002 34.206250000000011 11672.265000000001 15159.067500000003 12792.373750000001 1.5000000000000002 11582.950000000003 11827.643750000001 1.5000000000000002 13930.993750000003 15159.067500000003 10540.642500000002 9398.2637500000019 14248.518750000001
decision_type=2 2 2 2 2 2 2 2 2 2 2 2 2 2 2 2 2 2 2 2 2 2 2 2 2 2 2 2 2 2
left_child=3 2 -2 4 -1 -5 -7 -3 9 11 -10 23 14 -14 15 -12 17 -16 20 21 -17 -20 -18 -9 -15 26 27 28 -26 -27
right_child=1 7 -4 5 -6 6 -8 8 10 -11 12 -13 13 24 16 18 22 -19 19 -21 -22 -23 -24 -25 25 29 -28 -29 -30 -31
leaf_value=-0.029490082849730211 0.64827570544635238 -0.23332675698954813 -3.4675704221976433 -0.090630241774981302 0.48799108627538418 -0.40548708371616415 -1.637016104534492 0.64500713738999194 2.2083840085314468 5.4541509355531961 -0.25215095938506121 -1.7616983486894977 0.93160184920650824 1.659468084497977 -1.006350382026979 0.24475137304292544 1.1495717380784061 -5.2787014189091597 5.3239297809022847 -0.75073211312294008 -4.0596161603927614 1.6805530883904016 -0.43762687757947233 2.6273739522302546 1.0195154101484352 0.58063414380825185 -5.1312444554434888 -0.22379466687297947 -3.7862859033140133 -0.041767759319938251
leaf_weight=19371 2309 4436 57 2609 1686 2337 417 1333 77 41 2395 57 1186 118 644 738 152 22 33 120 24 252 1253 91 36 1386 36 1975 81 4689
leaf_count=19371 2309 4436 57 2609 1686 2337 417 1333 77 41 2395 57 1186 118 644 738 152 22 33 120 24 252 1253 91 36 1386 36 1975 81 4689
internal_value=-0.00191019 0.0645588 0.54912 -0.061136 0.0119438 -0.348073 -0.59196 0.0104161 0.0750104 0.802949 0.0022021 0.674186 -0.00901824 0.106543 -0.204054 -0.00325789 -0.549412 -1.14748 0.507538 1.25704 0.109181 2.10242 -0.265916 0.771689 -0.0110538 -0.0350842 -0.421384 -0.340335 -2.30758 0.100232
internal_weight=49961 23541 2366 26420 21057 5363 2754 21175 16739 1522 15217 1481 15140 9507 5633 3562 2071 666 1167 405 762 285 1405 1424 8321 8203 2128 2092 117 6075
internal_count=49961 23541 2366 26420 21057 5363 2754 21175 16739 1522 15217 1481 15140 9507 5633 3562 2071 666 1167 405 762 285 1405 1424 8321 8203 2128 2092 117 6075
is_linear=0
shrinkage=0.05


Tree=275
num_leaves=31
num_cat=0
split_feature=7 8 6 7 8 8 7 6 7 0 0 5 1 5 0 0 0 1 7 8 8 7 0 6 8 7 1 7 8 7
split_gain=82582.3 188538 204726 188853 218889 186461 234407 176182 175856 168672 154666 265210 142713 180146 121002 209375 107309 107166 108625 106218 98620.8 98093.4 90476.9 90437.7 248070 210948 384475 251620 247529 413485
threshold=15887.485000000002 15158.182500000001 14566.588750000001 14499.126250000003 11450.726250000002 14150.711250000002 11821.506250000002 13235.073750000001 15797.895000000002 26.761875000000007 25.094375000000003 1.0000000180025095e-35 1.5000000000000002 1.0000000180025095e-35 35.361250000000005 35.123750000000008 23.203125000000004 3.5000000000000004 12909.780000000001 15216.782500000003 15020.916250000002 9078.782500000003 25.355625000000007 13347.875000000002 13342.058750000002 12065.997500000003 3.5000000000000004 12543.700000000003 13398.315000000002 13945.281250000002
decision_type=2 2 2 2 2 2 2 2 2 2 2 2 2 2 2 2 2 2 2 2 2 2 2 2 2 2 2 2 2 2
left_child=1 2 5 4 -4 8 7 -7 23 12 11 -3 13 16 15 20 -8 -14 -19 -16 -2 -12 -9 24 -1 -25 27 -27 -29 -30
right_child=14 10 3 -5 -6 6 9 22 -10 -11 21 -13 17 -15 19 -17 -18 18 -20 -21 -22 -23 -24 25 -26 26 -28 28 29 -31
leaf_value=0.00046333531839772371 -2.6247179367620017 4.4932314021246773 -5.2824767041206364 -1.2566957654839965 0.0089949579516049715 2.1643337769167768 4.3670944261550906 1.920539665222168 -4.3747654774914615 1.4905855272258433 3.662176947160201 0.56902408805840154 1.5691106565411681 -2.1657949559319589 -5.2872303780913361 4.8006691658496861 -0.81241099715232856 0.98939904952421787 -3.4093367697000505 -1.2989384824981784 -0.21968530142702256 0.30321593534261138 -1.0938525742351961 -1.4556805918378943 0.98049662192522491 2.5114951319766767 1.0104641063942792 -1.7489977987035914 0.29324249005416914 -1.8742394496530494
leaf_weight=41136 46 63 20 611 857 56 20 27 23 629 22 136 168 105 20 20 20 32 25 101 581 1808 319 338 656 66 563 379 841 298
leaf_count=41136 46 63 20 611 857 56 20 27 23 629 22 136 168 105 20 20 20 32 25 101 581 1808 319 338 656 66 563 379 841 298
internal_value=0.00758376 0.0156118 -0.00468039 -0.581843 -0.111677 0.0141117 0.582027 -0.437517 -0.00384877 0.992294 0.487552 1.81136 0.145198 -1.07803 -0.506899 -0.235488 1.77734 0.933502 -0.939871 -1.95816 -0.396131 0.343597 -0.858625 -0.00157827 0.0158467 -0.294626 -0.111843 -0.510744 -0.642145 -0.273842
internal_weight=49986 49218 47189 1488 877 45701 1401 402 44300 999 2029 199 370 145 768 647 40 225 57 121 627 1830 346 44277 41792 2485 2147 1584 1518 1139
internal_count=49986 49218 47189 1488 877 45701 1401 402 44300 999 2029 199 370 145 768 647 40 225 57 121 627 1830 346 44277 41792 2485 2147 1584 1518 1139
is_linear=0
shrinkage=0.05


Tree=276
num_leaves=31
num_cat=0
split_feature=7 0 4 7 0 4 4 0 7 5 7 4 1 4 4 7 1 7 4 5 5 4 4 5 7 7 4 5 5 7
split_gain=74530.5 109205 342961 176193 104517 100651 95776.8 123647 80865.8 88566.2 193771 78962.1 142261 144846 277210 182970 121102 241270 308243 144758 104224 778486 449840 126221 100588 169124 144240 150772 106226 388809
threshold=15887.485000000002 35.361250000000005 14.500000000000002 16182.750000000002 32.485625000000006 12.500000000000002 15.500000000000002 34.641250000000007 10642.010000000002 22.500000000000004 11164.640000000001 7.5000000000000009 6.5000000000000009 3.5000000000000004 1.5000000000000002 10112.530000000001 1.5000000000000002 13603.623750000001 6.5000000000000009 1.0000000180025095e-35 1.0000000180025095e-35 1.0000000180025095e-35 1.0000000180025095e-35 37.500000000000007 10235.820000000002 12345.786250000001 6.5000000000000009 1.0000000180025095e-35 1.0000000180025095e-35 15351.056250000001
decision_type=2 2 2 2 2 2 2 2 2 2 2 2 2 2 2 2 2 2 2 2 2 2 2 2 2 2 2 2 2 2
left_child=4 2 5 -4 11 -2 -6 -8 -9 -10 -11 12 13 14 15 -1 17 18 19 -15 21 -17 23 -22 -18 26 -26 -28 29 -27
right_child=1 -3 3 -5 6 -7 7 8 9 10 -12 -13 -14 16 -16 20 24 -19 -20 -21 22 -23 -24 -25 25 28 27 -29 -30 -31
leaf_value=-0.25130529083471909 -0.47809798921591473 -1.8602522721652652 1.1629231999814511 6.5137561731338511 0.36320746350709188 -3.9258511482314633 0.29072078881802932 -0.07355458419545588 -0.52982651505304224 -5.8066840517109846 -1.1485186406171199 -0.062340727977400479 0.23551841248798158 -0.98169658096740031 -0.64497109034458511 -2.3687044158754116 0.30997956072137217 -2.63905072881251 3.288782384892305 0.94555391854487869 2.471655673550925 4.1215237891286369 -0.70278764575224306 0.49503255983193717 -0.51494985178350594 -1.1562843137696339 0.53022971265017993 -3.443295885654206 0.31495965264126241 5.3174363441467287
leaf_weight=1301 560 121 40 25 3705 22 844 332 201 29 97 27415 7579 128 2288 74 1739 49 120 408 216 123 421 129 439 321 32 94 1109 25
leaf_count=1301 560 121 40 25 3705 22 844 332 201 29 97 27415 7579 128 2288 74 1739 49 120 408 216 123 421 129 439 321 32 94 1109 25
internal_value=0.00720458 -0.481554 -0.223714 3.22094 0.0148312 -0.608425 0.226639 -0.110011 -0.62324 -1.18133 -2.22064 -0.0102335 0.0758479 -0.0583738 -0.256836 0.135414 0.144 0.745346 0.998144 0.485315 0.657868 1.68357 0.394077 1.73257 0.0312179 -0.208766 -0.942948 -2.43415 0.0763291 -0.68853
internal_weight=49986 768 647 65 49218 582 5208 1503 659 327 126 44010 16595 9016 4552 2264 4464 705 656 536 963 197 766 345 3759 2020 565 126 1455 346
internal_count=49986 768 647 65 49218 582 5208 1503 659 327 126 44010 16595 9016 4552 2264 4464 705 656 536 963 197 766 345 3759 2020 565 126 1455 346
is_linear=0
shrinkage=0.05


Tree=277
num_leaves=31
num_cat=0
split_feature=7 0 4 6 6 0 6 4 4 5 4 0 4 4 4 5 4 4 0 0 0 0 7 7 6 0 6 6 0 7
split_gain=67263.8 98557.2 309522 264487 166091 94326.8 93589.6 90837.9 86438.5 119497 191152 82324.4 77645.3 71263.3 130316 336058 772152 760155 260753 251356 250974 204440 183300 360515 195395 230623 175686 228134 152659 177603
threshold=15887.485000000002 35.361250000000005 14.500000000000002 14929.610000000002 15970.238750000002 32.485625000000006 15488.217500000001 12.500000000000002 15.500000000000002 22.500000000000004 17.500000000000004 35.825625000000009 16.500000000000004 7.5000000000000009 5.5000000000000009 1.0000000180025095e-35 6.5000000000000009 6.5000000000000009 24.768125000000005 26.761875000000007 24.223125000000007 23.118125000000003 11821.506250000002 13603.623750000001 13039.108750000001 20.743125000000003 10670.582500000002 14736.107500000002 17.773750000000003 10085.423750000002
decision_type=2 2 2 2 2 2 2 2 2 2 2 2 2 2 2 2 2 2 2 2 2 2 2 2 2 2 2 2 2 2
left_child=5 2 7 -4 -5 13 11 -2 -7 -10 12 -3 -11 14 -1 17 18 20 28 -19 -16 22 -18 -24 -25 -26 -23 -28 -17 -30
right_child=1 6 3 4 -6 8 -8 -9 9 10 -12 -13 -14 -15 15 16 21 19 -20 -21 -22 26 23 24 25 -27 27 -29 29 -31
leaf_value=-0.0071783371332916485 -0.45419309104659727 -5.535979170600573 7.6765946785608934 -1.9478507667779923 4.2216362980008126 0.34504708979298915 -0.6003039434971944 -3.7295584963803941 0.29532729289477688 -0.63068920626275005 0.56263402206621649 -1.4750355335382315 -1.9719626282990292 -0.059223690718703197 -1.0934292859006152 3.8864587820514487 -1.7789708270545466 3.0225691952813225 -0.06033637609235859 0.034386742062428415 1.2474145710468294 -0.36664485753216641 2.8648651261119142 3.6770286332993281 -5.4429127053967843 -0.35498067502242825 -2.1620448626271851 0.066449720839659374 2.2390765514334334 0.73322776316082872
leaf_weight=12574 560 24 21 24 20 3705 71 22 833 248 231 26 191 27415 321 54 83 409 538 85 178 470 126 21 29 96 490 150 272 699
leaf_count=12574 560 24 21 24 20 3705 71 22 833 248 231 26 191 27415 321 54 83 409 538 85 178 470 126 21 29 96 490 150 272 699
internal_value=0.00684435 -0.457476 -0.212528 3.05989 0.856462 0.0140896 -1.76724 -0.578004 0.215307 -0.104511 -0.601623 -3.42429 -1.21425 -0.0097218 0.0720555 0.319826 0.0580643 1.11803 0.83107 2.50841 -0.258419 -0.766651 0.277784 0.905397 -0.785651 -1.53538 -1.10068 -1.63974 1.29895 1.15505
internal_weight=49986 768 647 65 44 49218 121 582 5208 1503 670 50 439 44010 16595 4021 3028 993 1563 494 499 1465 355 272 146 125 1110 640 1025 971
internal_count=49986 768 647 65 44 49218 121 582 5208 1503 670 50 439 44010 16595 4021 3028 993 1563 494 499 1465 355 272 146 125 1110 640 1025 971
is_linear=0
shrinkage=0.05


Tree=278
num_leaves=31
num_cat=0
split_feature=8 7 1 1 1 0 8 8 1 7 0 7 7 4 1 7 4 7 8 4 7 0 4 8 0 1 4 4 8 7
split_gain=82180.1 175143 199597 148898 193060 233523 188646 155696 479969 315587 226295 213144 151086 145126 168969 217263 124003 204065 214811 136700 160707 113929 107067 200869 236490 119448 381367 270304 916687 170449
threshold=8037.0175000000008 10112.530000000001 9.5000000000000018 9.5000000000000018 7.5000000000000009 24.013125000000006 5948.7587500000009 5948.7587500000009 10.500000000000002 6370.5687500000013 19.570625000000003 5948.7587500000009 7485.2225000000008 21.500000000000004 5.5000000000000009 7825.451250000001 17.500000000000004 7485.2225000000008 7375.7850000000008 1.5000000000000002 8450.135000000002 22.030625000000008 22.500000000000004 10711.386250000001 27.240625000000005 3.5000000000000004 1.0000000180025095e-35 20.500000000000004 9657.0562500000015 9059.4550000000017
decision_type=2 2 2 2 2 2 2 2 2 2 2 2 2 2 2 2 2 2 2 2 2 2 2 2 2 2 2 2 2 2
left_child=1 3 -3 4 5 13 -6 8 -5 10 -10 -12 -8 21 15 -15 19 18 -18 -9 -21 -1 25 24 -24 26 29 28 -28 -2
right_child=22 2 -4 7 6 -7 12 16 9 -11 11 -13 -14 14 -16 -17 17 -19 -20 20 -22 -23 23 -25 -26 -27 27 -29 -30 -31
leaf_value=-1.4929887469810776 4.1875432158625401 -0.71176654184093846 -4.0271563690358949 -8.2064208420840181 3.4119481287620688 -0.28619358416571433 -1.9810658013149773 -0.040498144246251845 3.0762109447609296 4.3827944081405112 -6.1097584973121517 -0.90304100796824605 -0.59090745123440591 0.68435680546930866 0.17127859363312364 4.8899325113086149 -0.16453334771075925 -0.96477805595178023 1.4270499471166602 1.1506128268794018 -0.54757911126721992 0.5380416800499126 0.85047148758255975 5.3456485016005386 -0.71669636029237049 0.079572962059107688 -1.5535932619379045 0.68125286863683321 -0.076470590399312949 0.91246249287663983
leaf_weight=79 43 260 55 22 27 2672 231 637 22 29 29 61 1270 56 93 68 717 458 301 895 165 548 862 21 334 27704 1177 868 9760 522
leaf_count=79 43 260 55 22 27 2672 231 637 22 29 29 61 1270 56 93 68 717 458 301 895 165 548 862 21 334 27704 1177 868 9760 522
internal_value=0.00650213 -0.133206 -1.29064 -0.0896986 -0.261102 -0.0571787 -0.730338 0.169461 -1.33762 -0.265892 -1.46957 -2.58076 -0.804849 0.667854 1.78234 2.99064 0.246881 -0.0882769 0.306062 0.538392 0.886272 0.282138 0.0359217 0.497936 0.412818 0.0218909 -0.107295 -0.168031 -0.235433 1.16172
internal_weight=49986 8695 315 8380 5044 3516 1528 3336 163 141 112 90 1501 844 217 124 3173 1476 1018 1697 1060 627 41291 1217 1196 40074 12370 11805 10937 565
internal_count=49986 8695 315 8380 5044 3516 1528 3336 163 141 112 90 1501 844 217 124 3173 1476 1018 1697 1060 627 41291 1217 1196 40074 12370 11805 10937 565
is_linear=0
shrinkage=0.05


Tree=279
num_leaves=31
num_cat=0
split_feature=8 6 5 4 8 0 1 4 1 4 4 4 6 4 7 7 8 6 6 4 5 1 1 1 6 8 7 1 4 7
split_gain=74167.6 233462 179768 158422 143830 138080 129079 380484 137808 154942 277168 270375 251861 151999 292817 127824 121963 201528 139617 132662 179284 244378 178864 193188 397566 181406 164468 151164 439104 269720
threshold=8037.0175000000008 8330.1337500000027 1.0000000180025095e-35 1.0000000180025095e-35 9681.353750000002 23.978125000000009 1.5000000000000002 21.500000000000004 11.500000000000002 1.0000000180025095e-35 1.5000000000000002 3.5000000000000004 6818.9700000000012 22.500000000000004 6687.0000000000009 7452.6887500000012 9032.9500000000025 11540.450000000003 9051.183750000002 1.0000000180025095e-35 1.0000000180025095e-35 1.5000000000000002 1.5000000000000002 3.5000000000000004 10840.178750000001 10162.055000000002 9945.4300000000021 7.5000000000000009 2.5000000000000004 9024.3800000000028
decision_type=2 2 2 2 2 2 2 2 2 2 2 2 2 2 2 2 2 2 2 2 2 2 2 2 2 2 2 2 2 2
left_child=2 4 3 -1 -2 6 7 -4 -8 12 -11 15 -10 -13 -15 -12 17 -3 -18 20 21 -20 26 24 25 -24 -22 -21 29 -29
right_child=1 16 5 -5 -6 -7 8 -9 9 10 11 13 -14 14 -16 -17 18 -19 19 27 22 -23 23 -25 -26 -27 -28 28 -30 -31
leaf_value=-1.777643459694253 0.3597297237795905 -0.17732596622529836 0.11567167491407437 -0.37592531789884287 3.0063026538262001 -0.23286968139791539 -0.028261200645600462 4.096102792383677 1.1701749716813747 -2.3218554462472052 2.3183442881194556 -0.32740912825554985 7.7725495487451557 0.26698425655754715 7.2624738375345874 6.610496123270555 0.43936962944193098 -4.970287533239885 3.6229925919037598 -0.085877546225590851 -1.6432565183140513 -1.69757366347618 8.0436050775888805 -0.12999867469340831 1.3109428214973637 2.8115559200445812 3.1167821490246319 1.9741725872995126 0.11739889926519426 8.17075066447258
leaf_weight=225 4021 7039 217 1936 52 3166 2507 83 52 73 82 239 20 52 21 22 2027 22 26 18939 86 127 37 111 224 30 23 144 8363 20
leaf_count=225 4021 7039 217 1936 52 3166 2507 83 52 73 82 239 20 52 21 22 2027 22 26 18939 86 127 37 111 224 30 23 144 8363 20
internal_value=0.00617702 0.0341256 -0.126546 -0.52187 0.393519 0.00420036 0.227052 1.21692 0.130259 0.838653 0.519804 1.01846 3.00417 0.282514 2.27939 3.2263 -0.00520502 -0.192259 0.0385922 0.00971281 0.708062 -0.793425 1.15763 1.64473 2.32169 5.7009 -0.638845 -0.00717003 0.167644 2.72985
internal_weight=49986 41291 8695 2161 4073 6534 3368 300 3068 561 489 416 72 312 73 104 37218 7061 30157 28130 664 153 511 402 291 67 109 27466 8527 164
internal_count=49986 41291 8695 2161 4073 6534 3368 300 3068 561 489 416 72 312 73 104 37218 7061 30157 28130 664 153 511 402 291 67 109 27466 8527 164
is_linear=0
shrinkage=0.05


Tree=280
num_leaves=31
num_cat=0
split_feature=8 7 1 1 8 1 7 4 8 7 1 4 7 4 7 8 4 5 4 4 8 4 1 7 4 2 4 4 7 3
split_gain=91471.6 182173 163431 177000 167783 509460 316899 148328 135562 143374 125880 169542 124839 119207 170630 222227 154595 121052 331354 190506 152155 148717 148160 133352 117171 117032 193336 110152 106756 103457
threshold=8150.42875 9970.4662500000031 9.5000000000000018 7.5000000000000009 5948.7587500000009 10.500000000000002 6370.5687500000013 2.5000000000000004 5948.7587500000009 7485.2225000000008 6.5000000000000009 3.5000000000000004 9118.7537500000017 17.500000000000004 7485.2225000000008 7248.9962500000011 1.5000000000000002 1.0000000180025095e-35 2.5000000000000004 13.500000000000002 6890.3150000000005 2.5000000000000004 11.500000000000002 7562.1225000000013 20.500000000000004 1.0000000180025095e-35 16.500000000000004 5.5000000000000009 6890.3150000000005 1.0000000180025095e-35
decision_type=2 2 2 2 2 2 2 2 2 2 2 2 2 2 2 2 2 2 2 2 2 2 2 2 2 2 2 2 2 2
left_child=1 2 3 10 5 -4 7 29 -5 -10 11 -1 -12 16 15 -15 -6 21 20 22 -19 -18 -20 -24 -11 28 -27 -3 -2 -7
right_child=25 27 4 8 13 6 -8 -9 9 24 12 -13 -14 14 -16 -17 17 18 19 -21 -22 -23 23 -25 -26 26 -28 -29 -30 -31
leaf_value=-0.81214540787153844 0.97821665049472939 -0.37011634003748456 -8.4338458841497239 2.9799179706573486 -0.074738513860540132 -1.0988699856011763 3.4087770376886639 1.3671807181835174 -1.8498056990312048 -0.22480702285831874 0.2080406531627407 0.0035964301455730162 1.8640752523247877 -0.27123456336146556 -0.7543633876504533 1.2023049604989988 -1.9567762047052384 1.5182479988853887 -0.16519276057359256 2.2553514063304316 4.1611435950334581 0.66118669572201649 0.7196347351009782 5.7081812790461948 -1.1884086163156331 -0.41348323212720639 -3.850078358727953 -1.9649445670382413 0.042205669474377032 -4.5757525009661917
leaf_weight=868 307 227 22 25 646 46 42 30 244 968 755 2393 134 634 561 429 72 106 433 138 112 220 37 21 468 371 46 207 39430 40
leaf_count=868 307 227 22 25 646 46 42 30 244 968 755 2393 134 634 561 429 72 106 433 138 112 220 37 21 468 371 46 207 39430 40
internal_value=0.00716074 -0.129147 -0.0831163 -0.245965 0.18255 -1.30521 -0.312621 -1.66002 -0.674864 -0.729251 -0.069754 -0.213534 0.457657 0.261106 -0.0488742 0.323449 0.543128 0.893559 1.19621 0.614004 2.87607 0.0156616 0.152688 2.52583 -0.53885 0.0406927 -0.79258 -1.13078 0.0494371 -2.71602
internal_weight=50032 9878 9444 5855 3589 180 158 116 1705 1680 4150 3261 889 3409 1624 1063 1785 1139 847 629 218 292 491 58 1436 40154 417 434 39737 86
internal_count=50032 9878 9444 5855 3589 180 158 116 1705 1680 4150 3261 889 3409 1624 1063 1785 1139 847 629 218 292 491 58 1436 40154 417 434 39737 86
is_linear=0
shrinkage=0.05


Tree=281
num_leaves=31
num_cat=0
split_feature=8 6 6 6 8 8 6 8 6 7 0 6 0 0 7 6 7 8 7 1 8 6 0 8 6 8 6 7 8 7
split_gain=82553.1 267104 165347 123439 160711 131451 129073 120206 252784 119082 258294 189869 122271 287040 109209 105609 194934 260106 190792 176258 171313 217125 248120 194091 326263 307804 239948 211077 198590 193277
threshold=8150.42875 8262.8862500000014 9289.9837500000012 7413.2812500000009 7064.0087500000009 6370.5687500000013 6180.5912500000004 9430.7200000000012 8944.215000000002 5948.7587500000009 20.886875000000007 5948.7587500000009 21.926250000000007 22.248750000000005 7007.7775000000011 9809.8516500000023 12688.515000000001 9932.7700000000023 11340.585000000001 7.5000000000000009 10333.657500000003 10840.178750000001 24.800625000000007 12534.63125 13347.875000000002 12792.373750000001 12194.766250000002 14303.755000000003 11827.643750000001 14303.755000000003
decision_type=2 2 2 2 2 2 2 2 2 2 2 2 2 2 2 2 2 2 2 2 2 2 2 2 2 2 2 2 2 2
left_child=2 -2 3 5 -5 9 -7 -3 -9 10 -1 -11 -13 -14 -10 16 17 -16 -19 -18 -17 22 -22 26 -25 -26 28 -28 -23 -24
right_child=1 7 -4 4 -6 6 -8 8 14 11 -12 12 13 -15 15 20 19 18 -20 -21 21 23 29 24 25 -27 27 -29 -30 -31
leaf_value=-0.77550475097619576 0.52291265889069183 -0.13464289351313449 -1.9752068726737211 -1.5073934142481644 -0.19340119937763539 1.9577032667114622 0.17715513749788642 1.3062573421987433 2.2290066940742626 1.3677879836009099 -7.2732782965898508 0.43527025766619892 -6.1514062577280511 -0.87268840705732931 0.085375200244961647 -0.34186486279126405 -2.8607996935314604 0.86582880023494779 3.473435712095938 0.2269871629539289 -0.44258436550993774 -0.24408867568406017 0.82425710796369689 0.57782561102086405 -3.3759398487167083 -0.021462791377283186 -1.0718973913269036 0.61038296915826762 0.52435926024589863 -1.005352017110394
leaf_weight=65 2659 10998 119 243 5491 105 3320 402 57 130 20 126 29 230 2139 3162 90 911 76 95 604 3643 2100 2807 69 7680 1193 221 1093 155
leaf_count=65 2659 10998 119 243 5491 105 3320 402 57 130 20 126 29 230 2139 3162 90 911 76 95 604 3643 2100 2807 69 7680 1193 221 1093 155
internal_value=0.00680271 0.0386581 -0.122689 -0.1001 -0.249087 0.112146 0.231741 0.00431664 0.061994 -0.570543 -2.30439 -0.284374 -0.842247 -1.46374 0.0428258 0.03804 0.301861 0.395192 1.06662 -1.27518 -0.00039487 0.0547918 0.457429 -0.0141139 0.11597 -0.0513323 -0.237393 -0.808967 -0.0667421 0.698497
internal_weight=50032 40154 9878 9759 5734 4025 3425 37495 26497 600 85 515 385 259 26095 26038 3311 3126 987 185 22727 19565 2859 16706 10556 7749 6150 1414 4736 2255
internal_count=50032 40154 9878 9759 5734 4025 3425 37495 26497 600 85 515 385 259 26095 26038 3311 3126 987 185 22727 19565 2859 16706 10556 7749 6150 1414 4736 2255
is_linear=0
shrinkage=0.05


Tree=282
num_leaves=31
num_cat=0
split_feature=8 6 7 1 1 0 8 1 7 0 7 8 7 1 0 8 6 6 1 7 7 1 3 7 0 8 0 7 0 7
split_gain=74504.2 241062 160464 143339 159543 203554 144978 442021 276246 154781 147954 121695 132416 116648 110703 108486 228138 102233 100679 231338 169808 154507 192167 211114 368354 210345 185986 198022 257062 196467
threshold=8150.42875 8262.8862500000014 9970.4662500000031 9.5000000000000018 7.5000000000000009 24.013125000000006 5948.7587500000009 10.500000000000002 6370.5687500000013 19.570625000000003 5948.7587500000009 5948.7587500000009 7485.2225000000008 1.5000000000000002 28.375625000000003 9430.7200000000012 8944.215000000002 9250.2250000000004 7.5000000000000009 15095.360000000002 7918.9387500000003 9.5000000000000018 1.0000000180025095e-35 10052.875000000002 26.858125000000005 12261.76 27.096875000000008 12963.683750000002 22.340625000000006 9995.2300000000014
decision_type=2 2 2 2 2 2 2 2 2 2 2 2 2 2 2 2 2 2 2 2 2 2 2 2 2 2 2 2 2 2
left_child=2 -2 3 4 5 -1 7 -5 9 -9 -11 -6 -13 -7 -4 17 -17 -3 20 21 -18 22 -20 24 -24 -26 27 -23 -29 -28
right_child=1 15 14 6 11 13 -8 8 -10 10 -12 12 -14 -15 -16 16 18 -19 19 -21 -22 26 23 -25 25 -27 29 28 -30 -31
leaf_value=0.59665101912607987 0.49676702485068508 -0.037090481319969018 -0.69456965053376429 -7.8475885304537689 2.8297469921112062 -2.2946657259674637 0.24846901643505481 2.3436829271770661 3.1915586948394776 -5.0426725741694955 -0.92653152258669746 -1.7614754585701911 -0.50161377808836638 -0.20162460172887822 -2.8179455650819314 1.2409444573942332 -2.9340419840812686 -0.38378999341681408 0.61936682058399695 -1.4853740299741427 -0.016196042529522409 -0.55580840596841374 0.014315014782174335 0.39553608804789309 -6.3907335449667535 -1.9475583771864575 1.1991854116993668 5.4434065509587528 -0.031074471840491665 -0.032759427391250574
leaf_weight=922 2659 8117 360 22 25 68 3409 21 42 34 61 244 1436 3160 74 402 50 2881 3309 201 18111 1506 343 834 34 123 476 32 65 1011
leaf_count=922 2659 8117 360 22 25 68 3409 21 42 34 61 244 1436 3160 74 402 50 2881 3309 201 18111 1506 343 834 34 123 476 32 65 1011
internal_value=0.00646257 0.0367252 -0.116555 -0.073354 -0.225864 -0.0585684 0.175446 -1.20752 -0.282952 -1.54097 -2.39968 -0.633064 -0.684594 -0.245716 -1.05662 0.00410081 0.0588943 -0.127911 0.0406845 0.189273 -0.0242293 0.232801 0.415128 -0.0914899 -0.903849 -2.90977 -0.0411605 -0.414771 1.77494 0.361595
internal_weight=50032 40154 9878 9444 5855 4150 3589 180 158 116 95 1705 1680 3228 434 37495 26497 10998 26095 7934 18161 7733 4643 1334 500 157 3090 1603 97 1487
internal_count=50032 40154 9878 9444 5855 4150 3589 180 158 116 95 1705 1680 3228 434 37495 26497 10998 26095 7934 18161 7733 4643 1334 500 157 3090 1603 97 1487
is_linear=0
shrinkage=0.05


Tree=283
num_leaves=31
num_cat=0
split_feature=8 6 8 6 0 4 8 0 8 6 8 6 8 1 6 1 8 0 1 4 8 0 6 6 1 4 8 8 6 6
split_gain=73299.4 215590 224053 143213 70349.5 154398 135355 83419.6 71711.1 185793 190734 184135 153102 111578 197064 98710.9 86339.5 92506.1 81264.8 88236.9 167025 85563.3 77054.1 151828 70455.8 89990.6 140654 134671 74008.5 115121
threshold=6890.3150000000005 6754.0037500000008 7645.0150000000003 7293.3300000000008 18.843750000000004 5.5000000000000009 11313.686250000002 17.773750000000003 15708.635000000002 15095.071250000003 14360.871250000002 14566.588750000001 13930.993750000003 7.5000000000000009 15020.916250000002 8.5000000000000018 15158.182500000001 24.631875000000004 2.5000000000000004 13.500000000000002 16180.853750000002 24.768125000000005 9961.751250000003 12748.266250000002 7.5000000000000009 9.5000000000000018 9984.2900000000027 14300.963750000001 15271.990000000002 15417.848750000003
decision_type=2 2 2 2 2 2 2 2 2 2 2 2 2 2 2 2 2 2 2 2 2 2 2 2 2 2 2 2 2 2
left_child=3 2 -2 -1 5 6 -3 -7 9 10 11 -6 15 14 -10 -13 24 -18 21 -20 -21 -16 -12 -24 25 27 -27 -11 -26 -30
right_child=1 4 -4 -5 8 7 -8 -9 13 16 22 12 -14 -15 18 -17 17 -19 19 20 -22 -23 23 -25 28 26 -28 -29 29 -31
leaf_value=-0.15903999279572834 0.96297324903599635 0.19791851597593021 6.4242278921604159 -1.6526565614283424 -0.0018824003756144098 2.4973683907642021 -2.9296465822168298 0.71575271036499044 -4.6165714263916016 -4.8200083361731636 -2.2521335811614991 -5.4359402239322669 -0.63709185467932816 3.2520591396273986 3.450058239528111 -1.5086541131138802 1.3715982471603947 -0.36320958195908654 -0.14349978970482691 0.33471941593715127 3.8127682192381038 0.80233478254380364 3.9035305565053768 0.48142480852636355 1.4757117678411307 3.2450795900254024 -0.9692712686912861 -1.4293457390206636 -3.686348113059998 0.52894515767693517
leaf_weight=1821 308 532 20 176 41747 111 37 161 20 36 25 32 186 33 35 32 83 1036 642 175 43 238 33 1819 56 21 346 157 25 46
leaf_count=1821 308 532 20 176 41747 111 37 161 20 36 25 32 186 33 35 32 83 1036 642 175 43 238 33 1819 56 21 346 157 25 46
internal_value=0.00613944 0.0184792 1.29598 -0.290676 0.00969601 0.462949 -0.00545566 1.44281 0.0015625 -0.00840334 0.0120553 -0.0099843 -1.3629 0.385407 0.30336 -3.4723 -0.505415 -0.234533 0.390208 0.151626 1.02076 1.14179 0.505181 0.542402 -0.946632 -1.18777 -0.728123 -2.0618 0.116635 -0.955313
internal_weight=50032 48035 328 1997 47707 841 569 272 46866 45680 43874 41997 250 1186 1153 64 1806 1119 1133 860 218 273 1877 1852 687 560 367 193 127 71
internal_count=50032 48035 328 1997 47707 841 569 272 46866 45680 43874 41997 250 1186 1153 64 1806 1119 1133 860 218 273 1877 1852 687 560 367 193 127 71
is_linear=0
shrinkage=0.05


Tree=284
num_leaves=31
num_cat=0
split_feature=6 7 6 7 4 0 4 4 5 1 5 4 4 1 1 1 1 4 1 1 7 1 1 0 1 4 4 4 1 7
split_gain=62838.1 70270.3 89673 460574 769635 82011.3 66208.1 358745 939211 626931 438999 1.80837e+06 581901 457067 408814 356987 319162 315575 475536 298010 293205 284022 274310 273107 268318 623660 291871 288294 242924 241624
threshold=16180.853750000002 15797.895000000002 14248.518750000001 16182.750000000002 13.500000000000002 28.538125000000004 16.500000000000004 17.500000000000004 22.500000000000004 8.5000000000000018 1.0000000180025095e-35 18.500000000000004 18.500000000000004 8.5000000000000018 5.5000000000000009 2.5000000000000004 11.500000000000002 22.500000000000004 3.5000000000000004 7.5000000000000009 10852.027500000002 10.500000000000002 6.5000000000000009 25.393125000000008 3.5000000000000004 19.500000000000004 21.500000000000004 22.500000000000004 7.5000000000000009 9995.2300000000014
decision_type=2 2 2 2 2 2 2 2 2 2 2 2 2 2 2 2 2 2 2 2 2 2 2 2 2 2 2 2 2 2
left_child=1 6 3 4 5 -3 -1 8 -8 14 11 13 15 -9 29 -12 23 -14 20 -16 -19 28 -20 -15 26 -26 -13 -28 -17 -10
right_child=-2 2 -4 -5 -6 -7 7 10 9 -11 12 24 17 16 19 21 -18 18 22 -21 -22 -23 -24 -25 25 -27 27 -29 -30 -31
leaf_value=0.0480842120569916 0.90164349379065711 0.2473597373813391 -0.65401114543118144 6.3191387094300371 -7.5250382785002392 3.7262056411968341 0.37900722926262786 -4.0794606705066654 -0.11929463360751613 0.28341338830135709 -0.57356583384308979 -1.6148327505560613 -0.14046583091785725 3.9634268091739835 -5.0512897362361606 1.1528418088404913 -5.6984372950517219 2.4089330626778964 -0.87955316112921489 -1.6712700436410217 -3.6541543370201475 -0.63770603411453397 0.73155519821908266 -1.2977290402393085 2.1417719916363738 -0.10251296328199429 2.0194661434765524 -1.1122640464729912 2.6813327775297324 -2.462586831767112
leaf_weight=34391 195 32 741 29 30 36 1034 381 178 278 271 427 6246 37 199 739 26 395 424 97 21 148 701 74 388 1531 145 149 401 288
leaf_count=34391 195 32 741 29 30 36 1034 381 178 278 271 427 6246 37 199 739 26 395 424 97 21 148 701 74 388 1531 145 149 401 288
internal_value=0.00583247 0.00232738 -0.443617 0.783959 -0.854002 2.0891 0.010232 -0.0790654 -0.688089 -1.74903 0.0219515 -0.487713 0.194166 -3.18884 -2.49052 1.07591 -0.712004 0.017636 0.658456 -3.94365 2.10286 1.42297 0.124346 0.45599 0.042281 0.351256 -0.780081 0.432297 1.6905 -1.56751
internal_weight=50032 49837 868 127 98 68 48969 14578 2074 1040 12504 3158 9346 518 762 1559 137 7787 1541 296 416 1288 1125 111 2640 1919 721 294 1140 466
internal_count=50032 49837 868 127 98 68 48969 14578 2074 1040 12504 3158 9346 518 762 1559 137 7787 1541 296 416 1288 1125 111 2640 1919 721 294 1140 466
is_linear=0
shrinkage=0.05


Tree=285
num_leaves=31
num_cat=0
split_feature=8 6 6 8 6 7 7 4 7 6 6 4 6 5 4 4 8 8 6 7 4 4 8 8 0 6 8 6 7 7
split_gain=83544.7 247478 238396 229254 216252 170988 170607 158607 144851 139825 415071 147193 162719 158952 139540 278215 126513 119017 169712 171602 223683 151354 146553 143299 197003 159463 196894 134988 123246 118212
threshold=12739.3575 12194.766250000002 12748.266250000002 11827.643750000001 11492.810000000003 14004.600000000002 9918.4200000000019 1.5000000000000002 15887.485000000002 9961.751250000003 11363.383750000003 16.500000000000004 12194.766250000002 22.500000000000004 12.500000000000002 7.5000000000000009 11582.950000000003 10875.905000000002 10374.735000000002 8209.5437500000025 3.5000000000000004 1.5000000000000002 10012.522500000001 9860.1925000000028 31.073125000000008 8813.1425000000017 8796.1450000000023 10915.581250000001 8801.5025000000005 10052.875000000002
decision_type=2 2 2 2 2 2 2 2 2 2 2 2 2 2 2 2 2 2 2 2 2 2 2 2 2 2 2 2 2 2
left_child=1 3 6 4 17 29 14 -4 -5 -8 -11 12 -12 -13 15 -2 -7 18 23 20 -20 22 -21 25 -25 26 -1 -19 -23 -3
right_child=2 5 7 8 -6 16 9 -9 -10 10 11 13 -14 -15 -16 -17 -18 27 19 21 -22 28 -24 24 -26 -27 -28 -29 -30 -31
leaf_value=-0.011707408251858465 1.3919630838477095 -2.1502636424753052 1.6687857453655077 0.68153338301511446 -0.66381144944011661 1.4971993978635796 -1.6455186035574938 0.023895104598965725 -3.5023329785891941 8.4585970115661624 2.7836935538777041 1.7596175463111312 0.94127750667623988 -1.7512480407953264 0.62522388141449192 -5.9173053646087652 -0.31757489568705166 0.68157160546864715 0.14827766418457031 3.1327685243553587 -6.2921904427664623 1.5949069418537787 0.19418370061450535 0.12826775276339691 1.122321622204127 -0.20607896756525174 0.50001982913614718 -0.010402616462655294 -0.517356613835117 -0.67827325741839695
leaf_weight=14905 23 151 149 1390 1299 147 41 8916 21 20 173 54 390 80 73 30 277 1289 26 54 28 71 198 2705 611 9131 2151 1555 2525 1410
leaf_count=14905 23 151 149 1390 1299 147 41 8916 21 20 173 54 390 80 73 30 277 1289 26 54 28 71 198 2705 611 9131 2151 1555 2525 1410
internal_value=-0.00227872 -0.0345691 0.127363 -0.00610909 -0.0302527 -0.578809 0.911131 0.0509319 0.619265 1.19433 1.35672 1.15294 1.50742 -0.336422 -0.792561 -2.74536 0.311604 -0.00690477 -0.034123 -0.398965 -3.19122 -0.346021 0.82388 0.00176387 0.31143 -0.0374485 0.0528285 0.303224 -0.459587 -0.820663
internal_weight=49893 39944 9949 37959 36548 1985 884 9065 1411 758 717 697 563 134 126 53 424 35249 32405 2902 54 2848 252 29503 3316 26187 17056 2844 2596 1561
internal_count=49893 39944 9949 37959 36548 1985 884 9065 1411 758 717 697 563 134 126 53 424 35249 32405 2902 54 2848 252 29503 3316 26187 17056 2844 2596 1561
is_linear=0
shrinkage=0.05


Tree=286
num_leaves=31
num_cat=0
split_feature=4 8 4 5 8 8 6 5 6 5 4 8 4 3 4 8 4 7 3 6 8 7 4 4 8 8 6 7 8 8
split_gain=81669.4 361682 249180 1.02275e+06 462585 366889 689678 359644 356926 352298 1.72598e+06 503347 471452 351420 242923 223514 210646 209670 205511 195891 198658 184696 178160 175318 194424 165514 263434 184258 171314 164780
threshold=16.500000000000004 15417.848750000003 17.500000000000004 22.500000000000004 8226.1800000000021 10875.905000000002 11452.620000000001 1.0000000180025095e-35 9933.8150000000005 1.0000000180025095e-35 18.500000000000004 8150.42875 18.500000000000004 1.0000000180025095e-35 22.500000000000004 9703.4625000000033 22.500000000000004 9007.0850000000009 1.0000000180025095e-35 8134.5937500000009 10504.796250000001 8431.3737500000025 21.500000000000004 20.500000000000004 8075.4175000000005 11145.536250000003 9630.8250000000025 8653.996250000002 8721.7812500000018 10473.683750000002
decision_type=2 2 2 2 2 2 2 2 2 2 2 2 2 2 2 2 2 2 2 2 2 2 2 2 2 2 2 2 2 2
left_child=-1 2 3 5 -5 8 -7 -8 -2 10 11 -4 15 21 22 -11 -12 -17 -6 -15 -21 -13 23 -14 -25 26 27 -23 -29 -19
right_child=1 -3 9 4 18 6 7 -9 -10 12 16 13 14 19 -16 17 -18 29 -20 20 -22 25 -24 24 -26 -27 -28 28 -30 -31
leaf_value=0.03868709458667885 0.3781115805837767 -5.8839030442414462 1.1281185469319743 1.4403161930470241 -1.6194295556088492 5.099564527796808 2.0209802046150629 -1.2381993301376795 -2.5832928034371903 0.68344582876463655 0.28379591048297936 -1.1375817968337625 -0.21497031557382754 -1.4624226140975953 0.54894088730071544 5.9106119755336222 -0.85307748592504584 1.1674685521849566 -3.3105827429044399 -8.1842466859817513 -3.1123999364100974 -7.0838602219309124 -0.61626009100659207 -0.30792604029655885 0.85521112705728641 -0.93098419229189566 -8.3602451438253578 -6.3724978794654215 -1.6591631787467975 5.1668646240234377
leaf_weight=35440 433 27 62 105 689 107 181 159 133 1289 2075 108 3087 20 1547 35 507 182 243 75 26 28 1547 562 996 45 33 24 98 30
leaf_count=35440 433 27 62 105 689 107 181 159 133 1289 2075 108 3087 20 1547 35 507 182 243 75 26 28 1547 562 996 45 33 24 98 30
internal_value=-0.00216479 -0.102337 -0.0915162 -0.602099 -1.70591 0.527859 1.59861 0.496834 -0.317766 -0.00694158 -0.468303 -3.09937 0.14731 -3.6729 -0.0115028 0.947473 0.0605601 2.32533 -2.06036 -5.98338 -6.87862 -2.84085 -0.151523 0.00325565 0.435646 -3.64767 -4.31571 -3.42591 -2.58638 1.73342
internal_weight=49893 14453 14426 2050 1037 1013 447 340 566 12376 3101 519 9275 457 7739 1536 2582 247 932 121 101 336 6192 4645 1558 228 183 150 122 212
internal_count=49893 14453 14426 2050 1037 1013 447 340 566 12376 3101 519 9275 457 7739 1536 2582 247 932 121 101 336 6192 4645 1558 228 183 150 122 212
is_linear=0
shrinkage=0.05


Tree=287
num_leaves=31
num_cat=0
split_feature=8 6 6 7 8 6 8 7 8 7 7 1 8 1 8 6 1 8 6 8 0 0 1 8 7 7 5 6 7 0
split_gain=75790 240197 180420 327969 178406 226914 181602 175738 230842 231319 190092 274002 362176 170585 153524 152782 152709 175337 137098 134598 131617 127544 123193 121874 122220 120018 113442 145156 185874 113002
threshold=13093.400000000003 13039.108750000001 12748.266250000002 13673.840000000002 12332.350000000002 11492.810000000003 10996.808750000002 11005.737500000001 15158.182500000001 8617.4575000000023 13673.840000000002 3.5000000000000004 14300.963750000001 8.5000000000000018 13290.517500000002 14199.525000000001 1.5000000000000002 11880.291250000002 10599.892500000002 12792.373750000001 27.528125000000006 27.906875000000003 3.5000000000000004 14929.610000000002 14844.657500000003 14249.950000000003 1.0000000180025095e-35 10915.581250000001 14249.950000000003 24.398125000000004
decision_type=2 2 2 2 2 2 2 2 2 2 2 2 2 2 2 2 2 2 2 2 2 2 2 2 2 2 2 2 2 2
left_child=2 21 4 20 5 6 18 8 9 -3 14 12 -12 -6 -9 25 17 -7 -1 -15 -4 -2 -8 24 -17 -14 27 28 -24 -25
right_child=1 7 3 -5 13 16 22 10 -10 -11 11 -13 15 19 -16 23 -18 -19 -20 -21 -22 -23 26 29 -26 -27 -28 -29 -30 -31
leaf_value=-0.0022892694072069418 1.6746894549131288 2.8210409865234838 -0.58520554895657106 0.80626280518478177 0.91138423931274459 -0.12377447093881311 -0.46548944178773138 -0.58470058397573677 1.0051135535608202 -1.5057932420130473 -1.0792490320772234 1.3239368269614766 0.041073046454770883 0.15802194394842339 0.63505838454512975 -0.18771757660877139 -0.57319065117962642 3.8020820351534113 -0.41762994718886981 -2.1639101420839628 -1.6933633074236587 0.38709982699486167 2.8952568018574771 1.2944629985063028 -1.6523794308120365 2.4856982580519151 0.33636242488769857 0.51605235012854356 -0.97074604159907296 0.038570393844332404
leaf_weight=30766 352 33 871 349 956 84 362 294 149 483 865 335 91 272 2105 483 2424 43 2124 81 387 424 171 192 202 112 1839 338 38 2668
leaf_count=30766 352 33 871 349 956 84 362 294 149 483 865 335 91 272 2105 483 2424 43 2124 81 387 424 171 192 202 112 1839 338 38 2668
internal_value=-0.00205655 0.131221 -0.0305506 -0.549882 -0.00942127 -0.029095 0.00351344 0.0498693 -0.728484 -1.22908 0.12032 -0.0567707 -0.157039 0.564544 0.485576 0.0557978 -0.484642 1.20545 -0.0291115 -0.374773 -0.926109 0.971161 0.393992 -0.0205939 -0.619632 1.38983 0.524391 1.15654 2.19235 0.122882
internal_weight=49893 8788 41105 1607 39498 38189 35638 8012 665 516 7347 4948 4613 1309 2399 3748 2551 127 32890 353 1258 776 2748 3545 685 203 2386 547 209 2860
internal_count=49893 8788 41105 1607 39498 38189 35638 8012 665 516 7347 4948 4613 1309 2399 3748 2551 127 32890 353 1258 776 2748 3545 685 203 2386 547 209 2860
is_linear=0
shrinkage=0.05


Tree=288
num_leaves=31
num_cat=0
split_feature=4 8 4 3 8 8 6 7 8 6 6 4 4 7 6 8 7 8 1 6 8 6 8 6 7 6 1 7 7 7
split_gain=74933.2 327452 230416 249588 269423 244838 267312 213328 182831 234430 206911 137521 248597 130954 630746 130194 118963 117566 301121 113163 109698 126494 107828 262935 245803 243993 200066 206060 163503 152091
threshold=16.500000000000004 15417.848750000003 17.500000000000004 1.0000000180025095e-35 8279.715000000002 12676.840000000002 7917.1600000000008 9240.282500000003 10667.337500000001 10756.986250000002 10915.581250000001 13.500000000000002 12.500000000000002 16182.750000000002 15020.916250000002 9032.9500000000025 12130.758750000003 12332.350000000002 3.5000000000000004 8888.8550000000014 11536.791250000002 10263.310000000003 9754.8725000000031 10715.331250000001 14303.755000000003 9933.8150000000005 11.500000000000002 10728.437500000002 8579.9375000000018 11622.871250000002
decision_type=2 2 2 2 2 2 2 2 2 2 2 2 2 2 2 2 2 2 2 2 2 2 2 2 2 2 2 2 2 2
left_child=11 2 3 4 -2 6 -5 -8 9 -6 20 12 -1 22 -15 -14 19 -12 -19 -9 -10 -22 25 24 -24 28 -25 -28 -13 -29
right_child=1 -3 -4 5 8 -7 7 16 10 -11 17 13 15 14 -16 -17 -18 18 -20 -21 21 -23 23 26 -26 -27 27 29 -30 -31
leaf_value=0.032071737445101042 2.1133417350528516 -5.5990857539353556 -0.0062819011882840441 1.7980843017267629 -0.7595502390419232 0.65324683699521935 -3.515797928823988 0.97931641809868086 0.66041159792803228 -4.9519636835370751 -1.9914134894167224 0.90912864618450051 -1.5892973334429756 9.6564929413795468 -1.8855125723213986 -0.38691879252304168 1.9062172431212205 -0.75612679316784992 2.9839898484594682 -2.2297363946714053 6.4810817503929146 1.7893378882869788 1.1922039630687278 0.23235852180417849 -2.1238453874648626 -1.8900698938999665 1.2249424342523543 -4.4035092795843429 -0.29394499367475507 -1.1358122723822548
leaf_weight=27159 113 27 12376 43 705 111 202 33 128 35 93 417 257 20 29 1816 26 258 68 164 20 51 1058 3361 59 176 57 55 875 101
leaf_count=27159 113 27 12376 43 705 111 202 33 128 35 93 417 257 20 29 1816 26 258 68 164 20 51 1058 3361 59 176 57 55 875 101
internal_value=-0.00195372 -0.097906 -0.0876099 -0.578593 -0.232464 -1.45796 -1.9587 -2.3388 -0.42766 -0.95784 0.207184 0.0371772 -0.00821215 0.250905 2.82551 -0.535984 -1.27264 -0.423319 0.0240202 -1.69218 1.53473 3.11096 0.230422 0.347455 1.01705 -0.143561 0.138184 -1.34783 0.0943535 -2.28788
internal_weight=49893 14453 14426 2050 1471 579 468 425 1358 740 618 35440 29232 6208 49 2073 223 419 326 197 199 71 6159 4691 1117 1468 3574 213 1292 156
internal_count=49893 14453 14426 2050 1471 579 468 425 1358 740 618 35440 29232 6208 49 2073 223 419 326 197 199 71 6159 4691 1117 1468 3574 213 1292 156
is_linear=0
shrinkage=0.05


Tree=289
num_leaves=31
num_cat=0
split_feature=8 7 7 7 1 4 7 1 8 4 7 8 5 7 1 4 8 4 8 7 8 1 4 1 4 7 8 7 8 4
split_gain=68359.6 121699 234626 174572 170123 127310 209223 123158 174745 162853 110975 105742 101573 86743.5 85348.1 151476 210413 76621.4 138625 74726.5 123105 163223 114628 90881.4 221029 176059 165438 163362 155982 250288
threshold=13930.993750000003 9614.7525000000023 8932.0187500000011 13945.281250000002 2.5000000000000004 15.500000000000002 13031.357500000002 3.5000000000000004 14655.326250000002 8.5000000000000018 16057.815000000002 14563.515000000001 1.0000000180025095e-35 15797.895000000002 2.5000000000000004 16.500000000000004 15417.848750000003 8.5000000000000018 15629.727500000001 8785.5825000000023 8556.4725000000017 8.5000000000000018 10.500000000000002 3.5000000000000004 1.0000000180025095e-35 13603.623750000001 12597.687500000002 14929.817500000003 13342.058750000002 16.500000000000004
decision_type=2 2 2 2 2 2 2 2 2 2 2 2 2 2 2 2 2 2 2 2 2 2 2 2 2 2 2 2 2 2
left_child=10 2 -2 4 5 6 -3 8 -5 -9 13 -6 -7 19 -10 -16 -17 18 -13 -1 21 22 -21 24 -22 28 -27 -28 -26 -30
right_child=1 3 -4 7 11 12 -8 9 14 -11 -12 17 -14 -15 15 16 -18 -19 -20 20 23 -23 -24 -25 25 26 27 -29 29 -31
leaf_value=0.059610126326217275 1.7694549059867861 5.6494784539745702 -2.2695843996480107 -0.76634593816920538 -0.087668968391830873 2.6014249286651614 1.3963385146163232 -0.68477314618371787 0.39010428984805023 2.0281575041052737 3.306427941322327 1.0798791380906654 -1.0193464177292446 -2.3245690659778875 -0.044724856347184226 -0.24292977741270355 -6.6452363854362861 0.33640238329329913 4.8952301822203612 0.23828286802455179 0.7767741340053016 -0.88364614813808073 -0.48207286157091894 0.02615775491488543 -0.2956056531984263 1.1098827279902792 -1.2086030296743224 -5.2046250343322757 0.71957263352899903 -2.6145018241444573
leaf_weight=16657 50 31 128 703 766 25 430 84 1443 162 25 159 86 41 1782 33 21 272 28 1105 543 1031 1104 16967 4841 74 485 27 729 61
leaf_count=16657 50 31 128 703 766 25 430 84 1443 162 25 159 86 41 1782 33 21 272 28 1105 543 1031 1104 16967 4841 74 485 27 729 61
internal_value=-0.00185603 0.153468 -1.13502 0.191535 0.604366 1.31631 1.68234 0.0160723 -0.0510013 1.10179 -0.0239086 0.27193 -0.203857 -0.0258154 0.102365 -0.123783 -2.73272 0.872045 1.65116 -0.0236549 -0.0750861 -0.364181 -0.121732 -0.0356093 -0.190639 -0.275134 -1.09994 -1.41933 -0.189299 0.462131
internal_weight=49893 6203 178 6025 1797 572 461 4228 3982 246 43690 1225 111 43665 3279 1836 54 459 187 43624 26967 3240 2209 23727 6760 6217 586 512 5631 790
internal_count=49893 6203 178 6025 1797 572 461 4228 3982 246 43690 1225 111 43665 3279 1836 54 459 187 43624 26967 3240 2209 23727 6760 6217 586 512 5631 790
is_linear=0
shrinkage=0.05


Tree=290
num_leaves=31
num_cat=0
split_feature=6 7 0 4 0 6 7 0 4 0 7 7 5 4 6 7 6 7 4 4 3 0 4 6 0 6 2 7 7 0
split_gain=55076.8 71951.7 143022 301436 232515 136110 157122 72734.7 71939 160302 146925 141981 125133 109181 103421 82411.9 80942.6 75461.9 67453.6 146377 160630 139759 173854 172597 201252 122713 159585 117650 141301 106940
threshold=16180.853750000002 15887.485000000002 33.976250000000014 14.500000000000002 34.420625000000008 14248.518750000001 16182.750000000002 32.485625000000006 14.500000000000002 34.641250000000007 14499.126250000003 15709.533750000001 1.0000000180025095e-35 17.500000000000004 15796.430000000002 7896.3087500000011 13522.997500000001 15095.360000000002 7.5000000000000009 4.5000000000000009 1.0000000180025095e-35 21.180625000000003 5.5000000000000009 9349.3500000000004 19.786875000000006 7678.255000000001 1.0000000180025095e-35 13883.758750000003 13218.593750000002 25.355625000000007
decision_type=2 2 2 2 2 2 2 2 2 2 2 2 2 2 2 2 2 2 2 2 2 2 2 2 2 2 2 2 2 2
left_child=1 7 3 -3 -4 -6 -7 18 10 11 15 -10 17 14 -14 -9 -12 -11 19 27 25 22 -22 -24 -25 -21 -27 28 -1 -20
right_child=-2 2 4 -5 5 6 -8 8 9 12 16 -13 13 -15 -16 -17 -18 -19 29 20 21 -23 23 24 -26 26 -28 -29 -30 -31
leaf_value=-0.060066370493819014 0.85736206835285234 -0.31413775350264245 -6.6035321229980104 5.6757035691629767 2.3794148890972138 -0.73454851641273899 -4.4936679487427078 -1.1141800292780701 0.27932548574508098 0.72212777668722428 -1.6230858518266016 3.4732943422264526 -1.1441315922045672 1.2038862415024492 1.6453740848813738 0.61804274258077463 -0.042016894152353268 -1.6432371677496496 -0.22548978431972222 1.4659721595460944 -0.65390098251762896 -0.35201817357874127 6.1430978608131417 -0.16876980711534187 3.3057523653762679 0.39185444196789149 -2.2059266229967274 -1.175822147766399 0.95798461073561025 -0.0038195591647878385
leaf_weight=9892 187 464 21 22 25 122 36 71 1039 249 90 36 656 61 35 2086 805 39 7473 264 124 1450 20 103 70 4026 60 227 353 20008
leaf_count=9892 187 464 21 22 25 122 36 71 1039 249 90 36 656 61 35 2086 805 39 7473 264 124 1450 20 103 70 4026 60 227 353 20008
internal_value=0.00087308 -0.00233487 -0.509377 -0.0429927 -1.62047 -1.04864 -1.59106 0.00477074 0.18225 -0.0418647 0.337559 0.386286 -0.484425 -0.823837 -1.00284 0.561025 -0.201007 0.401818 -0.0160379 0.0635794 0.25791 -0.144102 0.806933 1.7455 1.23711 0.421211 0.353708 -0.049935 -0.0249886 -0.0640991
internal_weight=50114 49927 690 486 204 183 158 49237 5167 2115 3052 1075 1040 752 691 2157 895 288 44070 16589 6117 1767 317 193 173 4350 4086 10472 10245 27481
internal_count=50114 49927 690 486 204 183 158 49237 5167 2115 3052 1075 1040 752 691 2157 895 288 44070 16589 6117 1767 317 193 173 4350 4086 10472 10245 27481
is_linear=0
shrinkage=0.05


Tree=291
num_leaves=31
num_cat=0
split_feature=8 6 6 8 6 4 6 0 4 4 5 4 8 4 5 8 8 0 4 5 6 8 0 0 0 8 6 8 6 6
split_gain=71067 345967 201852 207999 190363 170375 206615 197454 169349 163967 290934 247236 162108 144205 513422 141939 140518 285962 128214 375353 253029 158856 156081 127230 122706 122349 218286 129964 225888 174587
threshold=10473.683750000002 10715.331250000001 9809.8516500000023 9860.1925000000028 8981.4937500000015 14.500000000000002 10756.986250000002 33.623750000000008 22.500000000000004 13.500000000000002 37.500000000000007 15.500000000000002 9779.907500000003 17.500000000000004 1.0000000180025095e-35 8378.9737500000028 11218.522500000001 29.645625000000006 15.500000000000002 1.0000000180025095e-35 10507.207500000002 10996.808750000002 28.270625000000006 31.712500000000009 32.870625000000011 11536.791250000002 11836.735000000002 12962.536250000003 13347.875000000002 12748.266250000002
decision_type=2 2 2 2 2 2 2 2 2 2 2 2 2 2 2 2 2 2 2 2 2 2 2 2 2 2 2 2 2 2
left_child=2 4 3 -1 -2 15 -7 12 25 -6 13 -12 -8 18 16 -4 17 -15 -11 20 21 22 -20 -5 -17 -3 -27 29 -29 -28
right_child=1 8 5 23 9 6 7 -9 -10 10 11 -13 -14 14 -16 24 -18 -19 19 -21 -22 -23 -24 -25 -26 26 27 28 -30 -31
leaf_value=-0.021516019635171395 5.3847595532735193 -0.28538779379755819 -2.7259651501223727 0.43937319557409032 0.26212253065865893 -0.62051940331116118 -5.568215710183849 -7.0325673753565017 3.5756106011795277 1.0447801121267204 2.3137151937593115 -1.2433473639665769 -0.84244102887636019 -0.71867153098185854 4.6284720378451878 -0.21417004525025735 0.53342487425417517 -8.0604454562777565 -0.66899601574297307 1.4881980556810919 8.6570635122411392 7.2104203176498416 4.8136995253562933 1.879003540957954 0.83797030776739134 0.59651865517614011 -0.013985113852836498 0.63185482175946051 -0.0365463451688922 -0.81143257856341477
leaf_weight=25054 21 3249 53 925 1401 1201 23 22 33 199 66 188 86 36 45 3031 37 21 27 223 34 20 25 184 305 1643 1877 1521 7482 1082
leaf_count=25054 21 3249 53 925 1401 1201 23 22 33 199 66 188 86 36 45 3031 37 21 27 223 34 20 25 184 305 1643 1877 1521 7482 1082
internal_value=0.000829427 0.0762868 -0.0461543 0.00814488 0.645648 -0.347071 -0.826186 -2.71172 -0.00270968 0.602788 1.121 -0.319071 -1.83962 1.66939 0.236521 -0.158762 -1.86601 -3.42354 2.04661 2.65257 5.10215 3.42344 1.96692 0.67823 -0.117976 -0.009716 0.056117 -0.0181081 0.0763758 -0.305583
internal_weight=50114 19230 30884 26163 2343 4721 1332 131 16887 2322 921 254 109 667 139 3389 94 57 528 329 106 72 52 1109 3336 16854 13605 11962 9003 2959
internal_count=50114 19230 30884 26163 2343 4721 1332 131 16887 2322 921 254 109 667 139 3389 94 57 528 329 106 72 52 1109 3336 16854 13605 11962 9003 2959
is_linear=0
shrinkage=0.05


Tree=292
num_leaves=31
num_cat=0
split_feature=6 7 0 4 0 6 7 0 4 0 7 7 5 4 6 7 6 7 4 4 0 5 4 1 6 1 3 1 4 1
split_gain=50226.6 64540 128991 273257 209676 122590 141717 62656.8 64130.4 143748 129636 128476 111359 98548.6 93403.2 74218.3 74091.3 67395.4 63431.4 133705 264898 610655 481559 332898 245861 199686 173669 167921 157472 150509
threshold=16180.853750000002 15887.485000000002 33.976250000000014 13.500000000000002 34.420625000000008 14248.518750000001 16182.750000000002 32.485625000000006 14.500000000000002 34.641250000000007 14499.126250000003 15709.533750000001 1.0000000180025095e-35 17.500000000000004 15796.430000000002 7940.3825000000006 13522.997500000001 15095.360000000002 7.5000000000000009 5.5000000000000009 23.616875000000007 1.0000000180025095e-35 6.5000000000000009 5.5000000000000009 10756.986250000002 2.5000000000000004 1.0000000180025095e-35 6.5000000000000009 6.5000000000000009 7.5000000000000009
decision_type=2 2 2 2 2 2 2 2 2 2 2 2 2 2 2 2 2 2 2 2 2 2 2 2 2 2 2 2 2 2
left_child=1 7 3 -3 -4 -6 -7 18 10 11 15 -10 17 14 -14 -9 -12 -11 19 -1 -21 23 27 -22 -24 -26 28 -23 -25 -27
right_child=-2 2 4 -5 5 6 -8 8 9 12 16 -13 13 -15 -16 -17 -18 -19 -20 20 21 22 24 26 25 29 -28 -29 -30 -31
leaf_value=-0.018325458580101026 0.81869535178424213 -0.32144312569628597 -6.2696831996951792 4.9473110470096948 2.2586869208812717 -0.69599377854925693 -4.2660809543397695 -0.97848948858961282 0.26127189152624863 0.67724000608107182 -1.5506346127721999 3.2995375992730263 -1.0860324975330291 1.144767725467682 1.5649327039718628 0.58291084293690199 -0.037958095429106532 -1.5581305048404597 -0.061465347603931408 0.82620728817366507 -0.0075579034368030169 -0.1549983131384155 -0.31087553800542261 1.5586641346414885 3.0411845339834693 -2.8506359537865258 0.59653716952570024 1.2353186731280035 4.1588273927065975 -1.1942666069593992
leaf_weight=12539 187 460 21 26 25 122 36 79 1039 249 90 36 656 61 35 2078 805 39 27481 1548 238 532 459 96 20 282 93 367 148 267
leaf_count=12539 187 460 21 26 25 122 36 79 1039 249 90 36 656 61 35 2078 805 39 27481 1548 238 532 459 96 20 282 93 367 148 267
internal_value=0.000787955 -0.00227549 -0.482493 -0.0395756 -1.53768 -0.994661 -1.50943 0.0044542 0.16918 -0.0424224 0.315817 0.363018 -0.461508 -0.781694 -0.951758 0.525725 -0.190071 0.374534 -0.0148591 0.0623479 0.312117 -0.00595382 -0.432649 1.42403 -1.17181 -1.8663 2.43506 0.412573 3.13581 -2.04508
internal_weight=50114 49927 690 486 204 183 158 49237 5167 2115 3052 1075 1040 752 691 2157 895 288 44070 16589 4050 2502 1927 575 1028 569 337 899 244 549
internal_count=50114 49927 690 486 204 183 158 49237 5167 2115 3052 1075 1040 752 691 2157 895 288 44070 16589 4050 2502 1927 575 1028 569 337 899 244 549
is_linear=0
shrinkage=0.05


Tree=293
num_leaves=31
num_cat=0
split_feature=8 6 7 6 4 6 0 8 4 8 6 8 4 0 1 8 7 6 4 4 7 0 0 1 4 6 1 0 4 1
split_gain=64989.2 316192 284400 187473 238817 153915 145816 261597 133617 113502 129582 156607 142154 112528 143431 104161 102782 108436 103574 144492 249761 140046 102977 102392 101583 97463.4 97394.9 95594.3 98318.9 112750
threshold=10473.683750000002 10599.892500000002 14249.950000000003 10228.950000000003 15.500000000000002 8981.4937500000015 24.048125000000002 12261.76 22.500000000000004 9932.7700000000023 9270.3562500000025 9227.6900000000005 19.500000000000004 33.155625000000008 4.5000000000000009 8378.9737500000028 9970.4662500000031 8909.3450000000012 18.500000000000004 15.500000000000002 9421.7650000000012 23.685625000000005 30.828125000000004 2.5000000000000004 1.5000000000000002 10334.691250000002 1.5000000000000002 26.400000000000009 16.500000000000004 6.5000000000000009
decision_type=2 2 2 2 2 2 2 2 2 2 2 2 2 2 2 2 2 2 2 2 2 2 2 2 2 2 2 2 2 2
left_child=3 2 5 9 15 -2 -7 -8 24 10 11 -1 27 -6 -15 -5 18 -18 19 21 22 -11 26 -22 -3 -4 -21 -12 29 -29
right_child=1 8 25 4 13 6 7 -9 -10 16 12 -13 -14 14 -16 -17 17 -19 -20 20 23 -23 -24 -25 -26 -27 -28 28 -30 -31
leaf_value=-0.024852458738646624 5.1137292771112355 0.59828564004236318 -2.2341468615191324 -3.1364720940589907 -1.2644173877666125 -0.366285316074348 0.90682131520754217 6.5259359246208568 3.006333258667508 -0.063634264743271871 -0.13532816615726198 0.44188111802495744 0.24566309894099692 -5.5665265972549856 -0.5384451866149903 -0.21575541392398209 3.0866954313384163 -0.13242221701974394 1.7717469867378632 0.62288762547753074 4.4632247114181522 1.5794544918306483 1.108606095790863 0.56562393125599231 -0.026130456908573164 0.34879759858761517 -3.0358722201983137 -0.1962534678256076 -1.1982547905554144 -1.2103171399348536
leaf_weight=19670 21 678 105 31 296 230 1514 21 37 212 1784 1978 1069 37 23 1995 27 841 187 22 20 334 25 107 16568 56 105 1203 563 355
leaf_count=19670 21 678 105 31 296 230 1514 21 37 212 1784 1978 1069 37 23 1995 27 841 187 22 20 334 25 107 16568 56 105 1203 563 355
internal_value=0.000748557 0.0729072 0.676971 -0.0441812 -0.470309 0.858407 0.807777 0.983695 0.00485695 -0.00856836 -0.0350834 0.0177935 -0.265216 -1.66464 -3.6391 -0.260446 0.366902 -0.0322884 0.709291 0.468468 -0.45721 0.941479 -1.82466 1.17942 -0.0015825 -1.33573 -2.40207 -0.40507 -0.631953 -0.427314
internal_weight=50114 19230 1947 30884 2382 1786 1765 1535 17283 28502 26622 21648 4974 356 60 2026 1880 868 1012 825 279 546 152 127 17246 161 127 3905 2121 1558
internal_count=50114 19230 1947 30884 2382 1786 1765 1535 17283 28502 26622 21648 4974 356 60 2026 1880 868 1012 825 279 546 152 127 17246 161 127 3905 2121 1558
is_linear=0
shrinkage=0.05


Tree=294
num_leaves=31
num_cat=0
split_feature=8 6 7 7 8 6 0 1 1 7 0 8 6 6 6 8 6 1 7 1 8 6 8 7 8 7 3 6 7 0
split_gain=62449.8 135759 103966 74983.4 69451.3 159807 111635 100600 98716.8 104204 322670 79129.3 184167 118329 100976 78117 214816 175383 160007 151969 358621 236737 329051 173545 156659 156329 149561 149254 136239 134898
threshold=6543.7850000000008 6621.9212500000003 8154.3387500000008 7681.9550000000008 7333.3500000000013 7293.3300000000008 24.598125000000007 5.5000000000000009 11.500000000000002 12795.747500000001 22.248750000000005 8279.715000000002 8262.8862500000014 10077.838750000001 8038.1137500000013 9430.7200000000012 8944.215000000002 7.5000000000000009 15095.360000000002 6.5000000000000009 10504.796250000001 12610.421250000001 12468.762500000003 10025.143750000001 10875.905000000002 8097.2650000000003 1.0000000180025095e-35 13347.875000000002 9059.4550000000017 27.000625000000003
decision_type=2 2 2 2 2 2 2 2 2 2 2 2 2 2 2 2 2 2 2 2 2 2 2 2 2 2 2 2 2 2
left_child=2 3 -1 -2 6 -6 -3 -8 11 -10 -11 13 -13 14 -7 -14 -17 19 26 23 25 22 28 24 -18 -21 -19 -26 -22 -27
right_child=1 4 -4 -5 5 8 7 -9 9 10 -12 12 15 -15 -16 16 17 18 -20 20 21 -23 -24 -25 27 29 -28 -29 -30 -31
leaf_value=-0.20484899640338408 0.56183937390538563 -0.070893514396871277 -1.794927757418054 2.2276392558842533 0.74495123309089628 0.061550816314428027 -0.36264858153888158 -1.74691299783332 -0.49869271185892211 5.2466579617875997 -0.29832338210835591 0.53442560892804514 -0.097262196193845629 -3.6488003333409633 -0.33267519458545536 1.1931490753857921 0.27468746686344181 0.45708671155872427 -1.1383632534727226 -4.3816550722936309 -2.3384316795070967 -0.80615000137576365 2.0503038062686061 -0.054786716856419962 2.5924472127611757 -0.7743984923433902 -0.075976383468655123 -0.54156245898741939 0.11415289354993857 -2.4883942907774137
leaf_weight=847 407 1754 117 81 735 3317 350 210 1539 33 128 1823 10255 24 3183 416 2767 4703 197 41 60 675 233 12572 141 469 1827 52 1006 152
leaf_count=847 407 1754 117 81 735 3317 350 210 1539 33 128 1823 10255 24 3183 416 2767 4703 197 41 60 675 233 12572 141 469 1827 52 1006 152
internal_value=0.00071113 0.008528 -0.397836 0.838335 0.000206399 0.0135533 -0.267124 -0.881748 0.00176771 -0.372079 0.838226 0.0162404 0.0442771 -0.144438 -0.131499 0.0191537 0.0663207 0.0474912 0.265588 -0.0332629 -0.384285 -0.0465545 0.348155 0.0263105 0.370755 -1.39135 0.307943 1.74805 -0.0238913 -1.19393
internal_weight=50114 49150 964 488 48662 46348 2314 560 45613 1700 161 43913 37389 6524 6500 35566 25311 24895 6727 18168 2636 1974 1299 15532 2960 662 6530 193 1066 621
internal_count=50114 49150 964 488 48662 46348 2314 560 45613 1700 161 43913 37389 6524 6500 35566 25311 24895 6727 18168 2636 1974 1299 15532 2960 662 6530 193 1066 621
is_linear=0
shrinkage=0.05


Tree=295
num_leaves=31
num_cat=0
split_feature=8 6 6 7 0 6 8 8 0 7 7 3 0 4 6 0 7 8 7 6 0 3 6 4 4 7 4 7 8 4
split_gain=65304.9 172471 112240 204237 223193 83817.1 111231 93459.2 110774 90084.5 88856.7 78013.4 92619.3 74346.9 81448.2 72483.5 180284 71359.9 86251.1 89892 91622.5 69949.9 67715.6 73020 114716 97176 66442.3 63442.2 109833 232971
threshold=6890.3150000000005 6754.0037500000008 6180.5912500000004 5948.7587500000009 20.413125000000004 7482.598750000001 7555.3212500000009 7915.0312500000009 24.735625000000006 9139.9750000000022 9421.7650000000012 1.0000000180025095e-35 21.180625000000003 8.5000000000000018 8999.3475000000017 22.805625000000003 6818.9700000000012 6180.5912500000004 6818.9700000000012 5948.7587500000009 22.595625000000002 1.0000000180025095e-35 7113.4250000000002 5.5000000000000009 3.5000000000000004 8229.0400000000027 15.500000000000002 15887.485000000002 15271.990000000002 7.5000000000000009
decision_type=2 2 2 2 2 2 2 2 2 2 2 2 2 2 2 2 2 2 2 2 2 2 2 2 2 2 2 2 2 2
left_child=2 15 3 4 -1 7 11 8 -3 -9 -11 13 -13 14 -7 16 -2 18 21 -20 -21 -5 23 24 -4 -26 -15 28 -8 -30
right_child=1 5 22 17 -6 6 27 9 -10 10 -12 12 -14 26 -16 -17 -18 -19 19 20 -22 -23 -24 -25 25 -27 -28 -29 29 -31
leaf_value=0.0078303667406241107 0.26832210847309662 0.3668163189471183 -0.36229755912502393 1.679647673773873 -6.5799317669868476 -0.25049937282087104 -0.016154963228885245 1.3898644734460575 -0.48997242668868274 -1.8879468301932019 1.0437363549617917 3.1385178403420881 -0.17452904726242463 -3.9352257985335131 -2.642431065669427 0.77850174235508729 5.6510940530470446 1.8527426231799167 1.2567059541570731 -4.8638138419389731 -0.49483076175053919 -1.0781795797676876 -1.1404236452444383 -0.90803394544749494 1.564558612568657 -1.3906299818964567 -1.2605020860304483 -0.45353961333727383 2.2154276716675163 0.20586718384022873
leaf_weight=36 35 1418 722 111 20 407 41540 312 514 48 56 22 513 26 39 272 28 127 29 20 30 29 311 372 153 34 217 785 159 1552
leaf_count=36 35 1418 722 111 20 407 41540 312 514 48 56 22 513 26 39 272 28 127 29 20 30 29 311 372 153 34 217 785 159 1552
internal_value=-0.00973248 0.00192841 -0.290103 0.456414 -2.34494 -0.00602673 -0.0211376 0.285249 0.138871 0.965061 -0.309348 -0.49129 -0.0382916 -0.843038 -0.459659 1.13246 2.66067 0.909813 0.363 -0.957933 -2.24242 1.10838 -0.478608 -0.317932 -0.0764387 1.02725 -1.54669 -0.00806946 1.57614e-05 0.392612
internal_weight=49937 47943 1994 402 56 47608 45260 2348 1932 416 104 1224 535 689 446 335 63 346 219 79 50 140 1592 1281 909 187 243 44036 43251 1711
internal_count=49937 47943 1994 402 56 47608 45260 2348 1932 416 104 1224 535 689 446 335 63 346 219 79 50 140 1592 1281 909 187 243 44036 43251 1711
is_linear=0
shrinkage=0.05


Tree=296
num_leaves=31
num_cat=0
split_feature=8 6 6 7 0 6 8 8 0 7 7 0 4 0 7 8 7 6 0 6 8 4 4 7 6 7 4 7 7 8
split_gain=58937.7 155655 101297 184324 201432 75645 100386 84346.9 100183 81301.3 80193.1 68635 71227.5 65767.3 166093 64402.3 77841.6 81127.5 82689.3 61113.4 66502.6 78154.8 111498 60170.5 58995.2 57930.3 131897 65164 147642 143098
threshold=6890.3150000000005 6754.0037500000008 6180.5912500000004 5948.7587500000009 20.413125000000004 7482.598750000001 7555.3212500000009 7915.0312500000009 24.598125000000007 9139.9750000000022 9421.7650000000012 21.180625000000003 3.5000000000000004 22.735625000000002 6818.9700000000012 6180.5912500000004 6818.9700000000012 5948.7587500000009 22.595625000000002 7113.4250000000002 5948.7587500000009 5.5000000000000009 3.5000000000000004 6464.4537500000015 8981.4937500000015 6687.0000000000009 19.500000000000004 7982.9150000000009 8709.9500000000025 8556.4725000000017
decision_type=2 2 2 2 2 2 2 2 2 2 2 2 2 2 2 2 2 2 2 2 2 2 2 2 2 2 2 2 2 2
left_child=2 13 3 4 -1 7 11 8 -3 -9 -11 12 -7 14 -2 16 23 -18 -19 20 -4 22 -22 -5 -13 26 -8 -27 -29 -30
right_child=1 5 19 15 -6 6 25 9 -10 10 -12 24 -14 -15 -16 -17 17 18 -20 -21 21 -23 -24 -25 -26 27 -28 28 29 -31
leaf_value=0.0074388446907202414 0.23630567120783255 0.36108889180807907 -2.4206321464644542 0.2066099607518741 -6.2509352603554724 3.018652927875519 0.014030294049353825 1.3203712419248546 -0.43377467654979851 -1.7935495034791531 0.99154954903892101 -0.48303704483676785 -0.34377871337864135 0.75192790100472451 5.5798259437084203 1.7601055026523711 1.1938706529551539 -4.620623209476471 -0.470089225769043 -1.0834024574978942 -0.27315579891774083 -0.85708693828188132 1.1162113394301671 2.3224957849298202 -2.3295974592367812 -0.20235028057036045 2.3387714769951131 0.2243135393884842 -0.38677622213131696 -0.0048861533978780481
leaf_weight=36 33 1375 36 84 20 28 210 312 557 48 56 1115 36 276 26 127 29 20 30 311 699 364 182 56 45 4092 86 6540 2668 30440
leaf_count=36 33 1375 36 84 20 28 210 312 557 48 56 1115 36 276 26 127 29 20 30 311 699 364 182 56 45 4092 86 6540 2668 30440
internal_value=-0.00924586 0.00183199 -0.275597 0.433594 -2.22769 -0.00572539 -0.0200807 0.270987 0.131928 0.916808 -0.293881 -0.466725 1.12729 1.07584 2.59108 0.864322 0.34485 -0.910037 -2.1303 -0.454677 -0.302036 -0.240775 0.0138644 1.05296 -0.554671 -0.00766599 0.689462 -0.0123836 0.00722248 -0.0356607
internal_weight=49937 47943 1994 402 56 47608 45260 2348 1932 416 104 1224 64 335 59 346 219 79 50 1592 1281 1245 881 140 1160 44036 296 43740 39648 33108
internal_count=49937 47943 1994 402 56 47608 45260 2348 1932 416 104 1224 64 335 59 346 219 79 50 1592 1281 1245 881 140 1160 44036 296 43740 39648 33108
is_linear=0
shrinkage=0.05


Tree=297
num_leaves=31
num_cat=0
split_feature=7 8 8 4 4 4 7 7 0 4 8 1 8 4 8 8 4 4 8 0 4 4 1 7 4 8 4 7 7 8
split_gain=56767 104401 99859.6 229661 162368 188105 126768 99490.2 97096.8 235130 107063 93063.5 139773 171361 86520.1 114923 97668.1 103549 89625.7 88838.8 87027.1 78682.1 75835.5 76212 69546.3 128716 74674.4 69238.6 64960.8 87549.2
threshold=15887.485000000002 15708.635000000002 15271.990000000002 15.500000000000002 7.5000000000000009 13.500000000000002 14426.328750000002 14656.001250000003 33.976250000000014 8.5000000000000018 15158.182500000001 3.5000000000000004 14052.772500000001 8.5000000000000018 14563.515000000001 12332.350000000002 6.5000000000000009 14.500000000000002 13866.538750000002 24.800625000000007 5.5000000000000009 12.500000000000002 8.5000000000000018 15159.067500000003 13.500000000000002 16057.512500000003 7.5000000000000009 16182.750000000002 15159.067500000003 15708.635000000002
decision_type=2 2 2 2 2 2 2 2 2 2 2 2 2 2 2 2 2 2 2 2 2 2 2 2 2 2 2 2 2 2
left_child=2 8 7 4 -4 28 -5 -1 9 -2 -10 14 21 -14 15 -9 19 -18 20 -16 -17 22 -13 -24 26 -26 -3 -11 -6 -30
right_child=1 24 3 6 5 -7 -8 11 10 27 -12 12 13 -15 16 18 17 -19 -20 -21 -22 -23 23 -25 25 -27 -28 -29 29 -31
leaf_value=-0.0015709663312524708 -1.7949929066242711 1.5568202397227289 2.1049006077103645 -4.1610570414861048 0.60983984990800555 1.4736466036881772 -0.66109766710074025 1.6167739942156036 -5.1273736173907913 0.67618532803270126 -1.4613093617905537 0.5021076825118399 -1.6758144886129434 2.257393921017647 3.0986192858881423 -1.0974122270941735 -0.94073809159814692 0.73863048233792317 -1.293864714236636 -1.0576072192192079 -5.3846874031527294 -1.2523851909055681 0.20777896994894204 -1.8977680270693131 -0.13116854162830296 4.9522106420993808 -0.43578714987056122 3.7501799776003915 -0.96070067252104097 0.23765544428948743
leaf_weight=45729 124 55 159 30 370 319 188 29 24 62 117 293 36 120 36 20 426 117 247 20 29 167 88 84 33 20 324 26 247 398
leaf_count=45729 124 55 159 30 370 319 188 29 24 62 117 293 36 120 36 20 426 117 247 20 29 167 88 84 33 20 324 26 247 398
internal_value=-0.00878356 -0.430618 -0.0020465 0.373226 0.594579 0.414564 -1.14274 -0.015581 -1.0685 -0.392221 -2.08532 -0.389801 0.00938986 1.34973 -0.730237 -1.38708 -0.373851 -0.578885 -1.68138 1.61425 -3.63478 -0.321454 0.0128808 -0.820511 0.0906151 1.78709 -0.146622 1.58441 0.0817089 -0.22125
internal_weight=49937 785 49152 1711 1493 1334 218 47441 353 212 141 1712 788 156 924 325 599 543 296 56 49 632 465 172 432 53 379 88 1015 645
internal_count=49937 785 49152 1711 1493 1334 218 47441 353 212 141 1712 788 156 924 325 599 543 296 56 49 632 465 172 432 53 379 88 1015 645
is_linear=0
shrinkage=0.05


Tree=298
num_leaves=31
num_cat=0
split_feature=8 6 1 7 6 7 7 6 8 8 1 4 7 7 1 4 7 4 7 6 7 6 7 4 8 3 3 6 8 6
split_gain=53343 140375 153238 111150 91420.1 166352 69828.5 68073.2 90768.2 76123.1 89499.8 80735.8 73374.4 72381.4 70318.6 302346 159182 128845 122308 116606 89362.9 83133.6 127254 118865 105601 82249.3 69554.6 68772.9 102560 163773
threshold=6890.3150000000005 6754.0037500000008 11.500000000000002 6890.3150000000005 6180.5912500000004 5948.7587500000009 7740.5087500000009 7482.598750000001 7555.3212500000009 7915.0312500000009 4.5000000000000009 21.500000000000004 9139.9750000000022 9398.2637500000019 11.500000000000002 14.500000000000002 10728.437500000002 16.500000000000004 11772.081250000001 9579.4135000000006 13149.812500000002 11889.421250000001 11164.640000000001 13.500000000000002 11880.291250000002 1.0000000180025095e-35 1.0000000180025095e-35 8038.1137500000013 8830.2575000000015 8797.657500000003
decision_type=2 2 2 2 2 2 2 2 2 2 2 2 2 2 2 2 2 2 2 2 2 2 2 2 2 2 2 2 2 2
left_child=4 2 6 -4 5 -1 -2 9 26 10 11 -3 -11 -14 27 20 17 -17 -18 25 21 22 23 -16 -23 -19 -9 -10 -29 -30
right_child=1 7 3 -5 -6 -7 -8 8 14 12 -12 -13 13 -15 15 16 18 19 -20 -21 -22 24 -24 -25 -26 -27 -28 28 29 -31
leaf_value=-2.1162314480702795 0.10105847191925232 0.64393205741115922 6.2438044347546322 1.4560777381614403 -0.4318647389866449 0.82118469876576372 1.8553042650986944 -0.77544173911532877 0.23513286513685197 1.2544312323706273 0.063962392249149097 4.4320573785088282 -1.7602675272070845 0.89560437795930903 0.0014089092560794483 0.54839963907287237 -5.1220298590925006 -0.80460353621312886 -1.4936593371133009 -5.1873780310153963 1.5583568788066353 -3.4365783278147384 3.900181247790655 2.726106611795204 -0.35666963303631005 -3.161136581103007 -0.015575411679031693 -0.16885857075241492 0.5042699437877185 0.0017601436293422604
leaf_weight=56 208 39 22 27 1592 346 78 689 3030 312 1871 22 46 58 579 105 45 209 48 20 97 30 24 43 385 45 535 8246 1716 29414
leaf_count=56 208 39 22 27 1592 346 78 689 3030 312 1871 22 46 58 579 105 45 209 48 20 97 30 24 43 385 45 535 8246 1716 29414
internal_value=-0.00834438 0.00219457 1.02212 3.60567 -0.261739 0.411992 0.579489 -0.0049823 -0.0186002 0.257516 0.12541 2.01014 0.871046 -0.279108 -0.00679519 -0.329066 -1.39569 -0.940841 -3.24932 -1.51154 0.105689 -0.0271183 0.32762 0.189772 -0.579314 -1.2221 -0.443311 0.00559225 -0.012071 0.0294603
internal_weight=49937 47943 335 49 1994 402 286 47608 45260 2348 1932 61 416 104 44036 1630 472 379 93 274 1158 1061 646 622 415 254 1224 42406 39376 31130
internal_count=49937 47943 335 49 1994 402 286 47608 45260 2348 1932 61 416 104 44036 1630 472 379 93 274 1158 1061 646 622 415 254 1224 42406 39376 31130
is_linear=0
shrinkage=0.05


Tree=299
num_leaves=31
num_cat=0
split_feature=7 8 8 6 8 1 6 6 8 1 7 6 6 5 5 6 1 7 7 7 7 8 7 7 6 8 8 7 8 6
split_gain=51361.4 94221.6 89864 169954 138826 169772 161772 123038 175082 146996 367171 118573 115361 133683 122001 112404 108857 169076 101953 136973 156167 100576 125588 123492 127716 169665 130595 91427.2 143975 87678.9
threshold=15887.485000000002 15708.635000000002 15271.990000000002 14566.588750000001 14052.772500000001 6.5000000000000009 13164.442500000003 13347.875000000002 13398.315000000002 7.5000000000000009 12688.515000000001 9961.751250000003 14055.557500000001 1.0000000180025095e-35 37.500000000000007 13653.031250000002 1.5000000000000002 13744.677500000003 9078.782500000003 9614.7525000000023 9870.902500000002 14197.517500000002 15021.748750000001 8653.996250000002 15417.848750000003 12962.536250000003 12792.373750000001 15564.240000000002 11632.258750000003 12748.266250000002
decision_type=2 2 2 2 2 2 2 2 2 2 2 2 2 2 2 2 2 2 2 2 2 2 2 2 2 2 2 2 2 2
left_child=2 -2 3 4 7 11 -7 8 29 27 -11 -6 13 15 -15 -13 17 -14 -8 -20 -21 23 -23 -5 26 -26 -25 -9 -29 -1
right_child=1 -3 -4 21 5 6 18 9 -10 10 -12 12 16 14 -16 -17 -18 -19 19 20 -22 22 -24 24 25 -27 -28 28 -30 -31
leaf_value=0.0090715513099448343 -1.0151646560844214 0.085996344858021656 0.35447627883567789 2.0765603065490725 -2.8531087962063877 1.8355043672117188 2.3708230591246062 -0.52842294814844426 0.95757590105297297 -1.1480387371244296 1.6460348446514796 6.2536806235710785 1.6201435246983089 0.53048955353705785 2.9144540609845095 2.1526987024870787 0.90024454421732525 -1.2457179328393655 -3.7932606865377987 3.3383853912353518 -0.72437219274206965 -0.068722074206957556 -1.0823185072653443 -5.3711804077905771 1.7777680748320641 -2.7837011470459405 -1.8331522290195741 0.54423622369766234 -4.9701528269669106 -0.38650957219220561
leaf_weight=39694 353 432 1711 23 22 81 28 1685 478 212 264 24 74 230 70 55 543 169 34 25 439 1144 417 34 47 36 112 20 29 1452
leaf_count=39694 353 432 1711 23 22 81 28 1685 478 212 264 24 74 230 70 55 543 169 34 25 439 1144 417 34 47 36 112 20 29 1452
internal_value=-0.00792717 -0.409175 -0.00151888 -0.0143582 0.00450623 0.435612 -0.244566 -0.0131377 0.00616461 -0.376685 0.401616 0.783437 0.85211 1.56863 1.08675 3.39857 0.506612 -0.372986 -0.564881 -0.729941 -0.505474 -0.48912 -0.339491 -1.41599 -1.76677 -0.200701 -2.65708 -0.590336 -2.71938 -0.0048881
internal_weight=49937 785 49152 47441 45628 1794 607 43834 41624 2210 476 1187 1165 379 300 79 786 243 526 498 464 1813 1561 252 229 83 146 1734 49 41146
internal_count=49937 785 49152 47441 45628 1794 607 43834 41624 2210 476 1187 1165 379 300 79 786 243 526 498 464 1813 1561 252 229 83 146 1734 49 41146
is_linear=0
shrinkage=0.05


Tree=300
num_leaves=31
num_cat=0
split_feature=4 8 7 1 8 0 1 7 4 7 7 1 8 4 0 4 1 4 7 7 8 8 0 0 8 7 0 1 4 1
split_gain=72634.3 184196 219885 259188 235162 204914 170077 237658 169250 163471 134521 188143 133111 130600 137540 125841 180145 207068 135066 106714 259765 152044 152022 115546 131061 112745 149599 175147 438165 130416
threshold=7.5000000000000009 12062.01375 13883.758750000003 1.5000000000000002 15095.071250000003 27.193125000000006 6.5000000000000009 11524.205000000002 3.5000000000000004 15970.585000000001 13218.593750000002 7.5000000000000009 15629.727500000001 1.5000000000000002 25.355625000000007 1.5000000000000002 3.5000000000000004 1.0000000180025095e-35 9059.4550000000017 9078.782500000003 9452.6787500000009 10667.337500000001 24.326875000000005 27.72000000000001 11997.860000000002 8079.3000000000011 22.511250000000008 1.5000000000000002 20.500000000000004 1.5000000000000002
decision_type=2 2 2 2 2 2 2 2 2 2 2 2 2 2 2 2 2 2 2 2 2 2 2 2 2 2 2 2 2 2
left_child=1 6 3 -3 -4 10 7 8 15 -6 11 13 -11 14 -5 16 17 18 -1 21 22 25 -21 24 -23 -2 29 28 -28 -27
right_child=19 2 4 5 9 -7 -8 -9 -10 12 -12 -13 -14 -15 -16 -17 -18 -19 -20 20 -22 23 -24 -25 -26 26 27 -29 -30 -31
leaf_value=3.9735656888019748 -0.15012126149855576 2.7084334656089344 -0.6827808078132529 0.34422288648784161 2.062121565588428 3.9180106022141197 0.17086923206703403 -1.0247537291324871 0.23719261816242276 -3.0775069566333997 1.1720802160560226 1.2718759673850732 0.96138272177354966 -0.25138226053826113 3.2621021305431022 -0.65888567185912716 -0.44061131490703737 -0.58258543595671652 0.96201139253874635 -1.5974830681164014 -0.031490649667974865 3.8051984553827958 -0.39747792173951335 0.30111506727719028 0.71213969225468843 2.1722341775151541 -2.1440822592171114 0.17036752459330562 3.5837553282734009 -1.3377072712406517
leaf_weight=41 4742 147 712 152 159 44 6892 748 2441 34 520 353 51 1081 55 1455 1048 240 405 285 16968 68 3569 172 69 153 202 7151 40 32
leaf_count=41 4742 147 712 152 159 44 6892 748 2441 34 520 353 51 1081 55 1455 1048 240 405 285 16968 68 3569 172 69 153 202 7151 40 32
internal_value=-0.00369451 0.0818847 0.415693 0.675586 -0.223711 0.540063 -0.00132832 -0.187403 -0.0761531 1.11587 0.471285 0.249217 -0.654173 -0.0310611 1.1195 -0.316002 -0.0282874 0.601619 1.23886 -0.0461068 -0.115657 0.0685642 -0.486217 1.16402 2.24738 0.0410888 0.16074 0.125598 -1.19733 1.56511
internal_weight=50029 16578 3308 2352 956 2205 13270 6378 5630 244 2161 1641 85 1288 207 3189 1734 686 446 33451 20822 12629 3854 309 137 12320 7578 7393 242 185
internal_count=50029 16578 3308 2352 956 2205 13270 6378 5630 244 2161 1641 85 1288 207 3189 1734 686 446 33451 20822 12629 3854 309 137 12320 7578 7393 242 185
is_linear=0
shrinkage=0.05


Tree=301
num_leaves=31
num_cat=0
split_feature=4 8 6 6 4 1 6 4 5 8 4 3 6 1 4 8 8 6 1 8 8 4 4 4 1 8 6 6 5 5
split_gain=65552.5 166237 286900 187214 163095 159534 188429 175589 524044 180330 174385 136567 130641 118049 114473 148760 125968 159658 115085 109294 102443 169151 306885 233825 181370 179621 155736 152466 145295 130160
threshold=7.5000000000000009 12062.01375 11270.075000000003 12135.128750000002 4.5000000000000009 1.5000000000000002 13870.301250000002 1.5000000000000002 1.0000000180025095e-35 12597.687500000002 1.0000000180025095e-35 1.0000000180025095e-35 11836.735000000002 6.5000000000000009 4.5000000000000009 9984.2900000000027 10333.657500000003 12481.327500000001 7.5000000000000009 13517.567500000003 6621.9212500000003 3.5000000000000004 5.5000000000000009 1.5000000000000002 7.5000000000000009 10996.808750000002 9682.0575000000008 10803.022500000001 1.0000000180025095e-35 1.0000000180025095e-35
decision_type=2 2 2 2 2 2 2 2 2 2 2 2 2 2 2 2 2 2 2 2 2 2 2 2 2 2 2 2 2 2
left_child=1 2 13 4 -3 6 -5 8 -7 -9 -10 14 -6 -1 16 18 17 -4 -16 -12 -15 23 26 29 -25 27 -23 -24 -27 -22
right_child=-2 3 11 5 12 7 -8 9 10 -11 19 -13 -14 20 15 -17 -18 -19 -20 -21 21 22 25 24 -26 28 -28 -29 -30 -31
leaf_value=-0.08813758900911306 -0.043801438699657386 0.59934479115727524 -4.6623963653393412 2.7374545879955368 4.6274988232120391 5.5606275320053102 -1.0919542042321939 -0.9978952314971512 3.6184853466118088 0.22507653300920422 -0.90720956271694553 -1.4222440062320871 1.2958386955782772 -0.28063055942896925 0.26260142759843308 -0.10568979873677692 -0.51933611038212601 -0.39853258785747347 5.2691736529270807 1.7611866294168959 -0.71574756124125694 -0.17690787796911264 0.75495785372136037 0.029783001529843839 1.3104077509087675 6.5807991550082257 -1.3977451147555173 -0.98553434890388647 1.6248190062642101 0.38399127364088675
leaf_weight=5614 33451 161 46 127 62 59 43 349 34 2211 155 429 56 856 22 466 364 42 24 51 360 1106 809 365 1140 21 342 149 50 1065
leaf_count=5614 33451 161 46 127 62 59 43 349 34 2211 155 429 56 856 22 466 364 42 24 51 360 1106 809 365 1140 21 342 149 50 1065
internal_value=-0.00350979 0.0777905 -0.00126191 0.394908 1.63429 0.280749 1.76884 0.192266 1.33882 0.0583511 0.300965 -0.680117 3.04637 0.078358 -0.349856 0.162082 -0.92975 -2.62737 2.87473 -0.246587 0.227601 0.30806 0.00390193 0.565194 0.999824 0.664095 -0.465255 0.484255 3.09067 0.106163
internal_weight=50029 16578 13270 3308 279 3029 170 2859 299 2560 240 1393 118 11877 964 512 452 88 46 206 6263 5407 2477 2930 1505 1029 1448 958 71 1425
internal_count=50029 16578 13270 3308 279 3029 170 2859 299 2560 240 1393 118 11877 964 512 452 88 46 206 6263 5407 2477 2930 1505 1029 1448 958 71 1425
is_linear=0
shrinkage=0.05


Tree=302
num_leaves=31
num_cat=0
split_feature=4 8 7 1 8 7 1 7 4 4 1 4 5 1 7 4 5 5 4 8 7 5 1 8 1 8 5 5 7 8
split_gain=59161.1 150029 197027 215298 214043 147374 140370 191458 168038 162291 371950 135679 443430 147967 194368 139715 130562 129469 184528 247967 128990 243488 313722 234195 134110 120133 114528 112368 108829 178345
threshold=7.5000000000000009 12062.01375 13883.758750000003 1.5000000000000002 15095.071250000003 15970.585000000001 5.5000000000000009 11524.205000000002 3.5000000000000004 1.0000000180025095e-35 3.5000000000000004 1.5000000000000002 1.0000000180025095e-35 7.5000000000000009 13218.593750000002 1.0000000180025095e-35 37.500000000000007 1.0000000180025095e-35 1.5000000000000002 10040.423750000002 9059.4550000000017 1.0000000180025095e-35 1.5000000000000002 10162.055000000002 1.5000000000000002 15629.727500000001 1.0000000180025095e-35 1.0000000180025095e-35 12688.515000000001 13093.400000000003
decision_type=2 2 2 2 2 2 2 2 2 2 2 2 2 2 2 2 2 2 2 2 2 2 2 2 2 2 2 2 2 2
left_child=1 6 3 -3 -4 26 7 8 9 10 16 12 -5 14 28 -14 20 18 19 -11 -1 24 -23 -24 -22 -7 -6 -10 -13 -30
right_child=-2 2 4 11 5 25 -8 -9 27 17 -12 13 15 -15 -16 -17 -18 -19 -20 -21 21 22 23 -25 -26 -27 -28 -29 29 -31
leaf_value=4.5505802357898046 -0.041611367928575775 2.4739289027087548 -0.66806602258277081 5.5000464030674534 4.9134783594696607 -2.9348854492254119 0.12228168608108797 -0.95107382785349603 -0.37492060918947412 0.16467191717117141 -1.019526672094792 0.1178263954519814 3.528367905406391 1.2470586402601274 0.99256505990018629 0.068783087871552823 -0.50073371765377761 -0.89697793941163972 -0.63575202405081521 4.5934685162875963 2.3597071607907614 -0.39829924400301953 6.8993314650000599 2.3779127875597856 -1.5228718167647373 0.90205974161040547 1.3394701953977348 0.54672581480605709 -2.4353077479342158 -0.1162290220293377
leaf_weight=34 33451 147 712 56 27 34 8417 748 451 101 333 724 34 366 458 206 91 1207 281 46 30 69 41 95 86 51 132 1240 129 232
leaf_count=34 33451 147 712 56 27 34 8417 748 451 101 333 724 34 366 458 206 91 1207 281 46 30 69 41 95 86 51 132 1240 129 232
internal_value=-0.0033343 0.073901 0.375163 0.621177 -0.230094 1.04792 -0.00119881 -0.215362 -0.0813033 -0.349048 0.244886 0.49766 1.4937 0.343219 0.128828 0.558891 1.18894 -0.632029 0.115152 1.55055 1.62207 1.31189 2.34776 3.74099 -0.518757 -0.632718 1.94638 0.300917 -0.235773 -0.94493
internal_weight=50029 16578 3308 2352 956 244 13270 4853 4105 2414 779 2205 296 1909 1543 240 446 1635 428 147 355 321 205 136 116 85 159 1691 1085 361
internal_count=50029 16578 3308 2352 956 244 13270 4853 4105 2414 779 2205 296 1909 1543 240 446 1635 428 147 355 321 205 136 116 85 159 1691 1085 361
is_linear=0
shrinkage=0.05


Tree=303
num_leaves=31
num_cat=0
split_feature=7 7 5 8 1 6 8 6 5 8 6 1 8 1 8 8 6 7 8 7 6 6 6 1 6 1 1 7 8 1
split_gain=53683.7 113229 135553 122056 184848 105614 158893 140934 97598.1 93660.2 210047 177138 204592 113480 100335 96579.1 122531 110716 103138 98185.4 91658.3 87359.8 82331.6 81462.9 76602.7 74413.1 107043 152523 142142 70808.8
threshold=8801.5025000000005 8002.3812500000013 1.0000000180025095e-35 8019.3900000000012 1.5000000000000002 6180.5912500000004 6464.4537500000015 6818.9700000000012 22.500000000000004 8556.4725000000017 8592.5562500000015 2.5000000000000004 8941.7950000000019 8.5000000000000018 9703.4625000000033 9602.5350000000017 9331.0200000000023 12688.515000000001 10667.337500000001 11244.045000000002 10297.798750000002 7521.8475000000008 12748.266250000002 1.5000000000000002 9017.4675000000007 5.5000000000000009 7.5000000000000009 9240.282500000003 7375.7850000000008 11.500000000000002
decision_type=2 2 2 2 2 2 2 2 2 2 2 2 2 2 2 2 2 2 2 2 2 2 2 2 2 2 2 2 2 2
left_child=1 2 -1 4 -3 -6 -7 -8 -4 13 11 12 -11 20 -13 22 17 19 -19 23 25 -5 -12 -17 29 -2 27 -27 -29 -9
right_child=9 3 8 21 5 6 7 24 -10 10 15 14 -14 -15 -16 16 -18 18 -20 -21 -22 -23 -24 -25 -26 26 -28 28 -30 -31
leaf_value=-0.41198380567183385 -0.3460258202669026 2.1873649641161874 0.33932718529985145 1.8809369775070541 3.4155422616004945 -2.8400133749894927 2.0746336083859207 -0.22411540479645697 -0.085708268016299743 0.4094655048462652 -0.21534175630315586 0.77084409651792418 -6.0769272387027744 -0.74176577855509951 3.1702241335874017 -1.7223149342067314 -0.014027458083696889 0.45842384043194007 -3.309446681942791 2.9995961271524432 -2.885721823264813 0.28565376815350718 -2.4926148791052403 0.83643182430887164 -2.3520789864517395 0.012417398179682453 -0.22914263113100014 0.069095384772564925 2.8066420090469446 2.7655335804075003
leaf_weight=2088 1070 84 2017 87 20 57 68 2037 4088 31 5114 825 20 995 46 33 23225 42 32 50 29 6314 40 542 42 267 540 74 132 20
leaf_count=2088 1070 84 2017 87 20 57 68 2037 4088 31 5114 825 20 995 46 33 23225 42 32 50 29 6314 40 542 42 267 540 74 132 20
internal_value=-0.00316758 0.0692784 -0.0642225 0.194582 -0.115445 -0.201646 -0.234175 -0.165632 0.054717 -0.0401969 -0.0131326 0.729861 -2.13422 -0.30152 0.897562 -0.0366913 0.0056033 0.657855 -1.17093 0.874383 -0.0941124 0.307336 -0.233016 0.689582 -0.238209 -0.055247 0.251894 0.801068 1.82325 -0.195047
internal_weight=50029 16922 8193 8729 2328 2244 2224 2167 6105 33107 30000 922 51 3107 871 29078 23924 699 74 625 2112 6401 5154 575 2099 2083 1013 473 206 2057
internal_count=50029 16922 8193 8729 2328 2244 2224 2167 6105 33107 30000 922 51 3107 871 29078 23924 699 74 625 2112 6401 5154 575 2099 2083 1013 473 206 2057
is_linear=0
shrinkage=0.05


Tree=304
num_leaves=31
num_cat=0
split_feature=4 4 5 0 0 1 3 2 6 1 6 0 6 0 1 1 6 0 6 0 0 4 1 5 1 5 4 4 6 4
split_gain=58203.2 202160 216074 342065 215950 155120 163650 83203.7 81131 95876.4 79460.2 77948.7 75880 127771 120898 87724.6 75839.5 73454.1 72405.8 70635.7 66113 214050 123097 146879 140827 98496.4 424177 715323 399075 334357
threshold=6.5000000000000009 5.5000000000000009 1.0000000180025095e-35 23.243125000000003 24.223125000000007 6.5000000000000009 1.0000000180025095e-35 1.0000000180025095e-35 8115.6812500000005 10.500000000000002 10334.691250000002 17.773750000000003 12973.690000000001 24.293125000000007 7.5000000000000009 8.5000000000000018 7678.255000000001 17.773750000000003 11683.393750000001 29.645625000000006 22.340625000000006 1.0000000180025095e-35 11.500000000000002 1.0000000180025095e-35 1.5000000000000002 1.0000000180025095e-35 3.5000000000000004 1.0000000180025095e-35 10599.892500000002 4.5000000000000009
decision_type=2 2 2 2 2 2 2 2 2 2 2 2 2 2 2 2 2 2 2 2 2 2 2 2 2 2 2 2 2 2
left_child=1 7 4 17 8 16 12 19 -3 -10 -8 -2 13 -7 -14 -15 -5 -4 -18 20 21 22 23 24 -1 26 27 -22 -29 -27
right_child=11 2 3 5 -6 6 10 -9 9 -11 -12 -13 14 15 -16 -17 18 -19 -20 -21 25 -23 -24 -25 -26 29 -28 28 -30 -31
leaf_value=4.2549999164980514 2.168467493802309 1.1015554376550625 3.4840722958246868 1.721141140128291 1.026904624182245 1.1188278782580581 1.2506051604564374 1.063189572051086 -1.0915001849148795 -4.1658191408429834 -1.4753200871453567 -0.039990262354653916 -2.6902039751410487 4.3206638930448849 1.7345774724687404 0.84996219635009762 -0.85762779212787632 1.6308076230547337 0.46415206279073451 -1.2079826357423284 -1.5459997611885199 -0.34117537454495128 2.7443266822497052 -0.13438344128887381 -0.40640647233678745 0.016818131891655437 -1.261260162732472 0.32249811631134329 2.4384743509283719 0.99832049467405537
leaf_weight=43 40 37 60 43 184 196 39 183 269 28 85 35465 26 67 38 25 351 491 147 122 414 2839 75 228 26 5654 677 850 302 1025
leaf_count=43 40 37 60 43 184 196 39 183 269 28 85 35465 26 67 38 25 351 491 147 122 414 2839 75 228 26 5654 677 850 302 1025
internal_value=-0.0030092 0.0813115 0.536816 0.829303 -0.348549 0.285719 0.944042 0.00491802 -1.10628 -1.38133 -0.617973 -0.0375022 1.4943 1.84036 -0.06299 3.37754 -0.293508 1.83262 -0.467464 -0.0108848 0.00115227 -0.193402 0.934364 0.477303 2.49853 0.0711717 -0.215504 0.236589 0.877207 0.167445
internal_weight=50029 14524 2086 1568 518 1017 476 12438 334 297 124 35505 352 288 64 92 541 551 498 12255 12133 3211 372 297 69 8922 2243 1566 1152 6679
internal_count=50029 14524 2086 1568 518 1017 476 12438 334 297 124 35505 352 288 64 92 541 551 498 12255 12133 3211 372 297 69 8922 2243 1566 1152 6679
is_linear=0
shrinkage=0.05


Tree=305
num_leaves=31
num_cat=0
split_feature=6 4 3 0 6 0 0 0 4 4 3 1 1 0 2 1 0 7 0 7 1 4 4 7 6 1 0 4 7 6
split_gain=60539 57597 86598.7 180751 56711.6 56585.5 91584 44975.1 43129.3 227046 144560 98437.1 112397 98178.4 95674.5 88762 91844.9 86600.2 99762.8 139094 143064 152560 329257 103273 110603 101301 271442 138208 107729 104790
threshold=6180.5912500000004 3.5000000000000004 1.0000000180025095e-35 22.140625000000004 16180.853750000002 35.123750000000008 31.480625000000003 19.570625000000003 6.5000000000000009 5.5000000000000009 1.0000000180025095e-35 2.5000000000000004 11.500000000000002 20.584375000000005 1.0000000180025095e-35 5.5000000000000009 24.048125000000002 13883.758750000003 22.140625000000004 9078.782500000003 9.5000000000000018 1.5000000000000002 3.5000000000000004 7485.2225000000008 6687.0000000000009 5.5000000000000009 24.735625000000006 2.5000000000000004 9945.4300000000021 8207.1200000000008
decision_type=2 2 2 2 2 2 2 2 2 2 2 2 2 2 2 2 2 2 2 2 2 2 2 2 2 2 2 2 2 2
left_child=1 2 7 -4 8 6 -6 -1 9 17 14 13 -13 -12 15 -11 -17 18 23 20 -20 -22 -23 -2 -25 -21 27 28 29 -27
right_child=4 -3 3 -5 5 -7 -8 -9 -10 10 11 12 -14 -15 -16 16 -18 -19 19 25 21 22 -24 24 -26 26 -28 -29 -30 -31
leaf_value=2.4846106976270677 0.29095227795056888 1.643057912222895 -5.1513850984119234 0.41028301169474918 1.2020715492755869 3.1144110888242724 -1.4176387258370717 0.4494643092155457 -0.039119523652470456 0.44743361224398193 -0.018578989014906042 -0.58332487300182856 2.5745288769404095 3.3387674171673627 -2.252042597770691 0.7664343779196654 1.8696134222255569 -0.81196083183997048 -0.19218518179864774 0.11364603278550763 -0.28717061118580978 2.3119675220339562 -0.48337779526895325 -4.1150976896286009 -0.38010103742904933 1.207144853086968 3.8024552949575283 0.19243174562112911 0.16442077733350524 3.4074799733765335
leaf_weight=32 678 102 21 48 129 24 45 179 35184 672 51 464 30 38 25 446 327 334 4372 2357 312 256 179 20 2216 163 65 1012 132 81
leaf_count=32 678 102 21 48 129 24 45 179 35184 672 51 464 30 38 25 446 327 334 4372 2357 312 256 179 20 2216 163 65 1012 132 81
internal_value=-0.00120047 0.625833 0.255272 -1.2824 -0.00602847 0.838482 0.52456 0.758112 -0.00941238 0.0640392 0.550446 -0.115783 -0.391552 1.41489 0.814672 0.867729 1.23311 -0.0179674 0.00442508 0.0873274 -0.0829247 0.556549 1.1617 -0.249602 -0.413509 0.316073 0.644442 0.496553 1.31509 1.93758
internal_weight=49994 382 280 69 49612 198 174 211 49414 14230 2053 583 494 89 1470 1445 773 12177 11843 8929 5119 747 435 2914 2236 3810 1453 1388 376 244
internal_count=49994 382 280 69 49612 198 174 211 49414 14230 2053 583 494 89 1470 1445 773 12177 11843 8929 5119 747 435 2914 2236 3810 1453 1388 376 244
is_linear=0
shrinkage=0.05


Tree=306
num_leaves=31
num_cat=0
split_feature=8 7 1 8 1 7 8 7 5 1 8 0 8 7 0 8 7 1 0 2 3 8 8 8 0 0 8 8 0 7
split_gain=60379 110301 92447.4 61982.5 61851.3 123416 223700 123254 144466 75204.3 81804 71251.2 59263.7 79290.2 120379 72360.5 61168 138226 87653.7 63399.2 75212.9 231462 73489.5 57840.6 95872 62979 80091.1 79870.8 56213.5 76337.3
threshold=15417.848750000003 15095.360000000002 2.5000000000000004 16180.853750000002 8.5000000000000018 16182.750000000002 15350.690000000001 15970.585000000001 22.500000000000004 3.5000000000000004 14360.871250000002 28.375625000000003 7064.0087500000009 6180.5912500000004 23.203125000000004 7375.7850000000008 6946.5425000000005 7.5000000000000009 20.413125000000004 1.0000000180025095e-35 1.0000000180025095e-35 5948.7587500000009 5948.7587500000009 15095.071250000003 29.476875000000003 28.538125000000004 13517.567500000003 14150.711250000002 30.310000000000006 15797.895000000002
decision_type=2 2 2 2 2 2 2 2 2 2 2 2 2 2 2 2 2 2 2 2 2 2 2 2 2 2 2 2 2 2
left_child=1 12 -2 -4 5 7 -7 9 11 23 -11 -9 16 14 -14 -16 -1 -18 -19 20 21 -20 -22 25 -25 27 -27 -3 -5 -30
right_child=2 4 3 28 -6 6 -8 8 -10 10 -12 -13 13 -15 15 -17 17 18 19 -21 22 -23 -24 24 -26 26 -28 -29 29 -31
leaf_value=0.026003520631314909 0.81466006435266969 -4.1583571091294287 -0.057629816395929082 0.091686102673411374 -1.426527328748409 5.0465432286262519 -1.7801778021312895 -2.4574167013168338 -5.2446714931832901 0.073471121282640911 3.1486439912215527 1.458367925598508 -1.0954885607180389 0.011732350377775563 1.3175242340564728 5.5707744443416596 0.15928708373792677 1.6119229057255915 -5.8777408071926667 0.4217973272788198 2.5475049412250521 -1.1982673027350548 -0.63731653015517331 1.1543078210716153 -0.69240112341281068 2.0034540968839654 -0.90408846525041242 -1.1361433482688408 -0.62159866765141492 3.0037253329214062
leaf_weight=1204 558 32 1280 80 146 28 21 26 28 362 23 21 23 44006 20 20 537 34 28 73 20 470 192 102 226 26 266 69 20 53
leaf_count=1204 558 32 1280 80 146 28 21 26 28 362 23 21 23 44006 20 20 537 34 28 73 20 470 192 102 226 26 266 69 20 53
internal_value=-0.00114044 -0.0123311 0.268666 0.0560601 -0.453531 -0.338037 2.12081 -0.440055 -2.40157 -0.307041 0.257183 -0.707811 0.000689053 0.01427 1.78682 3.44415 -0.233282 -0.463843 -0.873416 -0.981336 -1.1256 -1.46137 -0.336862 -0.608325 -0.11812 -1.01745 -0.645198 -2.09368 1.00719 2.01049
internal_weight=49994 48003 1991 1433 1376 1230 49 1181 75 1106 385 47 46627 44069 63 40 2558 1354 817 783 710 498 212 721 328 393 292 101 153 73
internal_count=49994 48003 1991 1433 1376 1230 49 1181 75 1106 385 47 46627 44069 63 40 2558 1354 817 783 710 498 212 721 328 393 292 101 153 73
is_linear=0
shrinkage=0.05


Tree=307
num_leaves=31
num_cat=0
split_feature=6 8 6 6 8 1 1 1 8 5 8 6 8 6 8 1 8 6 8 6 8 8 1 0 1 3 6 8 8 6
split_gain=56493.5 118583 162491 133382 102362 76633.8 66720.5 119618 63166.5 59853 52822.1 177929 87259 125602 122330 113605 91488.9 217196 234169 172615 164662 137007 168362 134913 129082 116188 105958 206365 108001 107999
threshold=6180.5912500000004 7064.0087500000009 6890.3150000000005 8077.2375000000002 6180.5912500000004 11.500000000000002 7.5000000000000009 9.5000000000000018 5948.7587500000009 22.500000000000004 15417.848750000003 15095.071250000003 14424.677500000003 14199.525000000001 14052.772500000001 3.5000000000000004 13342.058750000002 12748.266250000002 12332.350000000002 11735.470000000003 11450.726250000002 11880.291250000002 1.5000000000000002 23.243125000000003 8.5000000000000018 1.0000000180025095e-35 10374.735000000002 10012.522500000001 10296.880000000003 9387.6000000000004
decision_type=2 2 2 2 2 2 2 2 2 2 2 2 2 2 2 2 2 2 2 2 2 2 2 2 2 2 2 2 2 2
left_child=4 3 5 6 -1 -3 -2 -8 -9 -7 11 12 13 16 15 -15 17 18 19 20 26 -21 -23 -19 -20 -25 27 29 -28 -4
right_child=1 2 10 -5 -6 9 7 8 -10 -11 -12 -13 -14 14 -16 -17 -18 23 24 21 -22 22 -24 25 -26 -27 28 -29 -30 -31
leaf_value=-0.0074107227276782595 0.16569021853729948 0.84204175251145519 0.035907153782593002 -2.7752596284661974 1.6991745513721104 1.2480721843242646 -1.346632272220748 -2.2327245061214156 -0.18830607930721699 5.1163082089554521 0.25523294169158267 -0.62106439089862975 0.37812088815899875 -2.1919925598644241 -0.12201155613281958 -0.5155463045166464 0.30496898292128383 0.12955411759933816 0.88563188880216337 -0.88279341788493049 0.51817358795031143 3.253933781071713 -0.16018716708780076 -0.49550995118163094 -0.1944981713298258 -1.4983788101170212 -0.64154103594141254 0.443919657024056 -0.091064882998767138 -0.2338144129619035
leaf_weight=245 559 279 19752 56 137 20 312 39 1210 20 1991 1153 1538 172 689 245 2453 579 1152 984 1562 38 726 1039 364 400 1162 2727 3821 4570
leaf_count=245 559 279 19752 56 137 20 312 39 1210 20 1991 1153 1538 172 689 245 2453 579 1152 984 1562 38 726 1039 364 400 1162 2727 3821 4570
internal_value=-0.00108342 -0.00574732 0.010809 -0.366668 0.604637 1.13548 -0.303045 -0.470901 -0.252143 3.18219 0.00319453 -0.00792564 0.00815125 -0.00525781 -0.531101 -1.20703 0.00881421 -0.00987258 0.0177809 -0.00832105 0.0168849 -0.492743 0.00962513 -0.514953 0.626287 -0.774278 -0.00755977 0.0314716 -0.219432 -0.0147724
internal_weight=49994 49612 47436 2176 382 319 2120 1561 1249 40 47117 45126 43973 42435 1106 417 41329 38876 36858 35342 33594 1748 764 2018 1516 1439 32032 27049 4983 24322
internal_count=49994 49612 47436 2176 382 319 2120 1561 1249 40 47117 45126 43973 42435 1106 417 41329 38876 36858 35342 33594 1748 764 2018 1516 1439 32032 27049 4983 24322
is_linear=0
shrinkage=0.05


Tree=308
num_leaves=31
num_cat=0
split_feature=6 8 6 6 8 1 1 1 8 5 5 5 1 0 8 6 8 1 1 8 6 8 6 8 6 8 6 6 8 1
split_gain=50985.4 107021 146648 120377 92381.8 69162 60215.3 107955 57007.8 54017.3 51799.7 67492.8 71320.5 49360.5 47671.9 162730 135635 83433.8 81076 138845 60752.3 146596 196019 211337 155785 149470 169419 137993 123649 151947
threshold=6180.5912500000004 7064.0087500000009 6890.3150000000005 8077.2375000000002 6180.5912500000004 11.500000000000002 7.5000000000000009 9.5000000000000018 5948.7587500000009 22.500000000000004 1.0000000180025095e-35 22.500000000000004 11.500000000000002 19.570625000000003 15417.848750000003 14843.492500000002 15095.071250000003 2.5000000000000004 8.5000000000000018 14734.978750000002 14199.525000000001 13342.058750000002 12748.266250000002 12332.350000000002 11735.470000000003 10912.768750000001 10374.735000000002 9212.9550000000017 11880.291250000002 1.5000000000000002
decision_type=2 2 2 2 2 2 2 2 2 2 2 2 2 2 2 2 2 2 2 2 2 2 2 2 2 2 2 2 2 2
left_child=4 3 5 6 13 -3 -2 -8 -9 -7 -10 12 -12 -1 15 16 20 -16 -17 -20 21 22 23 24 25 26 -4 -27 -26 -30
right_child=1 2 14 -5 -6 9 7 8 10 -11 11 -13 -14 -15 17 18 -18 -19 19 -21 -22 -23 -24 -25 28 27 -28 -29 29 -31
leaf_value=2.3108397847130187 0.15740571019967789 0.7999396626320151 0.019848603830109508 -2.6364966507468903 1.6142158169380942 1.185668615102768 -1.2793006581487134 -2.1210882847125716 -0.74740274744943724 4.86049281179905 0.14357557615231228 -0.29528795283459891 1.8572837346366473 -0.22434143394763983 0.76116541272102722 -0.60402421641401172 1.2166592582096829 0.040495493800092729 -1.3800936235571808 1.8524675278181442 -0.30280703323131264 0.36372196327831607 -0.48920505353124083 0.59497234440017932 -0.83865374654230507 4.3576785802841185 -0.36755734093050385 0.29299000304962108 3.0912371233889933 -0.15217781161970254
leaf_weight=21 559 279 26745 56 137 20 312 39 301 20 219 606 84 224 558 1501 232 1433 53 89 1551 2824 2018 1516 984 21 3155 3673 38 726
leaf_count=21 559 279 26745 56 137 20 312 39 301 20 219 606 84 224 558 1501 232 1433 53 89 1551 2824 2018 1516 984 21 3155 3673 38 726
internal_value=-0.00102925 -0.00545995 0.0102685 -0.348335 0.574405 1.0787 -0.287893 -0.447356 -0.239536 3.02308 -0.178891 0.00936236 0.618663 -0.00704019 0.0030348 -0.00752936 0.0109272 0.242471 -0.495993 0.645948 0.00445957 0.0158881 -0.00937895 0.0168918 -0.007905 0.0160407 -0.0210298 0.316097 -0.468106 0.00914387
internal_weight=49994 49612 47436 2176 382 319 2120 1561 1249 40 1210 909 303 245 47117 45126 43483 1991 1643 142 43251 41700 38876 36858 35342 33594 29900 3694 1748 764
internal_count=49994 49612 47436 2176 382 319 2120 1561 1249 40 1210 909 303 245 47117 45126 43483 1991 1643 142 43251 41700 38876 36858 35342 33594 29900 3694 1748 764
is_linear=0
shrinkage=0.05


Tree=309
num_leaves=31
num_cat=0
split_feature=4 5 1 1 1 1 6 0 6 6 0 6 0 4 4 5 1 1 6 5 1 1 0 0 5 4 1 6 4 4
split_gain=51734.5 289818 353225 248001 208485 179835 129608 121198 118614 113715 106928 94005.4 89058.7 83654.3 236458 893882 445382 469559 239262 227700 1.02897e+06 538572 296577 189196 353109 1.77486e+06 387712 365988 347870 235602
threshold=22.500000000000004 1.0000000180025095e-35 3.5000000000000004 6.5000000000000009 7.5000000000000009 11.500000000000002 7846.4062500000009 21.039375000000003 9132.0487500000017 6621.9212500000003 24.631875000000004 9961.751250000003 21.462500000000009 16.500000000000004 17.500000000000004 22.500000000000004 7.5000000000000009 5.5000000000000009 10043.071250000003 1.0000000180025095e-35 7.5000000000000009 7.5000000000000009 31.166875000000008 25.891875000000002 1.0000000180025095e-35 18.500000000000004 4.5000000000000009 8944.215000000002 18.500000000000004 21.500000000000004
decision_type=2 2 2 2 2 2 2 2 2 2 2 2 2 2 2 2 2 2 2 2 2 2 2 2 2 2 2 2 2 2
left_child=13 11 8 -4 6 -6 -5 -7 12 -9 -10 -2 -3 -1 15 19 17 -17 -18 20 22 -21 -15 -16 25 27 29 -25 -26 -27
right_child=1 2 3 4 5 7 -8 9 10 -11 -12 -13 -14 14 23 16 18 -19 -20 21 -22 -23 -24 24 28 26 -28 -29 -30 -31
leaf_value=0.02760024925243558 -0.63641185026041613 1.7433752222139327 -0.82926594778685514 0.9122990685112683 -0.097783863385457817 -0.61921034299191979 3.7869557380676273 1.918685635725657 0.14563894397238406 6.7159568650381907 2.0694028706380299 -4.0504379942303617 4.4133569505531343 4.3223081620688921 -0.23471484855927216 -1.554332000424276 0.36802696262420431 -4.4483870844782594 -2.960174397762978 -1.5434417269712579 -1.816443552197637 1.8169185540381265 1.333435018859578 -1.935927971412496 1.2119856608269568 -0.91415185557146161 1.6222628259463463 -5.0302514016669893 0.14017037990487863 1.8157027800576857
leaf_weight=35419 506 61 426 81 492 21 76 30 123 21 175 21 64 167 5314 474 297 199 66 326 185 188 165 205 1056 392 492 179 2674 99
leaf_count=35419 506 61 426 81 492 21 76 30 123 21 175 21 64 167 5314 474 297 199 66 326 185 188 165 205 1056 392 492 179 2674 99
internal_value=-0.000977788 0.242106 0.582662 0.127219 0.692354 0.243763 2.30385 2.57767 1.81764 3.89403 1.27537 -0.772455 3.11041 -0.0116204 -0.122949 -0.611433 -1.6487 -2.41008 -0.237101 0.430862 1.17176 -0.314361 2.83687 -0.025965 0.191672 -0.495772 0.630275 -3.37833 0.443612 -0.363733
internal_weight=49994 2097 1570 1147 721 564 157 72 423 51 298 527 125 47897 12478 2067 1036 673 363 1031 517 514 332 10411 5097 1367 983 384 3730 491
internal_count=49994 2097 1570 1147 721 564 157 72 423 51 298 527 125 47897 12478 2067 1036 673 363 1031 517 514 332 10411 5097 1367 983 384 3730 491
is_linear=0
shrinkage=0.05


Tree=310
num_leaves=31
num_cat=0
split_feature=6 2 7 4 4 4 5 4 4 1 4 1 4 6 7 1 7 4 4 3 6 7 5 6 6 6 6 6 1 7
split_gain=59569.5 97220.9 153485 156878 275446 94295.2 136174 125203 103370 111462 93963.1 130756 92365.6 145466 87141.9 102530 70302 73916.1 91180.4 97043.8 85838.9 83371.1 75065.4 72279.7 201351 165041 72135.4 70967.3 69204.4 68765.5
threshold=8115.6812500000005 1.0000000180025095e-35 9692.6225000000013 4.5000000000000009 17.500000000000004 18.500000000000004 1.0000000180025095e-35 1.0000000180025095e-35 1.5000000000000002 3.5000000000000004 16.500000000000004 11.500000000000002 7.5000000000000009 11540.450000000003 8767.4512500000019 8.5000000000000018 7940.3825000000006 2.5000000000000004 18.500000000000004 1.0000000180025095e-35 9017.4675000000007 7065.8225000000011 1.0000000180025095e-35 11588.001250000003 10263.310000000003 10877.106250000003 9017.4675000000007 9270.3562500000025 7.5000000000000009 9059.4550000000017
decision_type=2 2 2 2 2 2 2 2 2 2 2 2 2 2 2 2 2 2 2 2 2 2 2 2 2 2 2 2 2 2
left_child=5 16 3 -3 -5 6 7 28 -8 -10 11 14 13 -4 -11 -16 17 20 21 27 -2 22 -19 24 -23 -26 -21 -20 -1 -7
right_child=1 2 12 4 -6 29 8 -9 9 10 -12 -13 -14 -15 15 -17 -18 18 19 26 -22 23 -24 -25 25 -27 -28 -29 -30 -31
leaf_value=-0.010144697129726411 -0.14637130779621538 1.889164262637496 -0.43937977296965464 -6.1194135668731882 -0.99760190912655422 -0.036729151989364751 0.023083317366300628 0.024404045478523574 -2.8360711624224981 0.57015453447652931 1.2835951109064148 2.1346630617244435 0.30722842901705738 -5.3338414549827577 0.46892862831891491 -0.83317379107077927 -0.0018529853563639112 2.0670103345228279 -0.34238036485621709 0.27726497130871225 1.1447214362961906 -0.72402392615360267 -0.33199163366641321 0.73169101693413474 -6.1120583641913626 -1.7575406061459895 2.1405323043465616 -3.3080174945649645 -1.8662280269555358 -1.1118510508152748
leaf_weight=75 487 20 63 42 70 3676 1331 1238 24 1687 412 112 249 20 330 279 37352 46 512 296 175 845 112 66 31 73 63 21 152 155
leaf_count=75 487 20 63 42 70 3676 1331 1238 24 1687 412 112 249 20 330 279 37352 46 512 296 175 845 112 66 31 73 63 21 152 155
internal_value=-0.00170279 -0.0280768 -0.747677 -2.18988 -2.91828 0.111198 0.241225 -0.173526 0.38676 0.556962 0.585839 0.466455 -0.174271 -1.61877 0.385079 -0.127601 -0.0197459 -0.264827 -0.412216 -0.0312143 0.19493 -0.701947 0.366452 -0.868259 -0.979531 -3.05552 0.604245 -0.459225 -1.25298 -0.0802279
internal_weight=50014 40543 464 132 112 9471 5640 1465 4175 2844 2820 2408 332 83 2296 609 40079 2727 2065 892 662 1173 158 1015 949 104 359 533 227 3831
internal_count=50014 40543 464 132 112 9471 5640 1465 4175 2844 2820 2408 332 83 2296 609 40079 2727 2065 892 662 1173 158 1015 949 104 359 533 227 3831
is_linear=0
shrinkage=0.05


Tree=311
num_leaves=31
num_cat=0
split_feature=6 8 0 8 1 8 6 1 0 6 1 7 7 1 0 0 7 8 6 8 7 2 3 2 7 0 0 1 8 6
split_gain=53761.5 145753 211683 139027 114459 87788.3 75333.2 102956 77953.9 74259.7 115264 84947.2 90382 64514.2 66611.3 57824.5 101526 105839 108057 91909 54848.1 53588.9 53762.5 50723.9 221365 70904.6 89370.3 55635.7 115690 206519
threshold=8115.6812500000005 8328.9287500000009 22.340625000000006 8445.1737500000017 1.5000000000000002 7007.6750000000002 8761.0087500000027 4.5000000000000009 19.786875000000006 8592.5562500000015 6.5000000000000009 7007.7775000000011 10852.027500000002 1.5000000000000002 21.810625000000005 36.308125000000011 10728.437500000002 10711.386250000001 10959.943750000002 10040.423750000002 8915.152500000002 1.0000000180025095e-35 1.0000000180025095e-35 1.0000000180025095e-35 9614.7525000000023 24.871875000000006 30.520625000000006 7.5000000000000009 9268.7762500000008 9387.6000000000004
decision_type=2 2 2 2 2 2 2 2 2 2 2 2 2 2 2 2 2 2 2 2 2 2 2 2 2 2 2 2 2 2
left_child=1 -1 -3 5 -4 -2 8 -8 -7 10 13 -12 -13 14 -5 23 19 18 -18 -17 -15 -10 -23 27 -25 -26 -27 -11 -29 -30
right_child=3 2 4 9 -6 6 7 -9 21 15 11 12 -14 20 -16 16 17 -19 -20 -21 -22 22 -24 24 25 26 -28 28 29 -31
leaf_value=0.038660326884487339 -2.6863024159481652 5.2224416112899785 -2.1272294862244867 2.1126757407188417 0.6726282594624915 2.2899874754250051 0.44359468402284563 -0.94076161350167442 -0.16349296511017408 -0.064354447285869032 1.4826144840266255 -0.44792028325190769 1.2403077829629183 0.4254322748779249 -1.0406064074594998 0.62556385574066065 -0.4810548303223745 0.33995766489982321 -3.9345537102222448 2.6368959089327193 1.1078665303114963 -2.9270595077105934 0.22723125436089259 -4.1704336325327551 -1.3515636360959002 0.56722877648621128 -2.7076971380606945 -0.29951843826946084 0.9481507042490126 0.076383653139200119
leaf_weight=8482 38 25 38 20 926 32 165 722 3341 22178 74 800 88 818 103 269 241 833 25 72 460 35 22 39 95 221 23 1678 748 7403
leaf_count=8482 38 25 38 20 926 32 165 722 3341 22178 74 800 88 818 103 269 241 833 25 72 460 35 22 39 95 221 23 1678 748 7403
internal_value=-0.00161765 0.105638 0.680061 -0.026673 0.56226 -0.293574 -0.272512 -0.683243 -0.166297 0.0054469 0.276436 -0.144985 -0.280618 0.565805 -0.527878 -0.0134843 0.296542 0.0626812 -0.805632 1.05024 0.671066 -0.189428 -1.70961 -0.0272696 -0.603082 -0.192679 0.258527 -0.0204693 0.0785525 0.156384
internal_weight=50014 9471 989 40543 964 4355 4317 887 3430 36188 2363 962 888 1401 123 33825 1440 1099 266 341 1278 3398 57 32385 378 339 244 32007 9829 8151
internal_count=50014 9471 989 40543 964 4355 4317 887 3430 36188 2363 962 888 1401 123 33825 1440 1099 266 341 1278 3398 57 32385 378 339 244 32007 9829 8151
is_linear=0
shrinkage=0.05


Tree=312
num_leaves=31
num_cat=0
split_feature=4 4 5 2 0 0 8 1 8 8 0 8 0 4 1 5 1 1 1 5 4 4 0 4 4 4 1 8 8 8
split_gain=51431.5 174514 156036 258989 290497 221030 157042 150812 115950 105732 102505 96242.9 92736.8 91380.1 300856 191982 196939 265618 249952 128083 1.50197e+06 696251 370311 331755 602810 1.75734e+06 675670 455838 468037 404346
threshold=6.5000000000000009 5.5000000000000009 1.0000000180025095e-35 1.0000000180025095e-35 23.723125000000007 23.800625000000007 10996.808750000002 11.500000000000002 14247.822500000002 10631.551250000002 17.773750000000003 7064.0087500000009 29.476875000000003 22.500000000000004 1.5000000000000002 1.0000000180025095e-35 3.5000000000000004 6.5000000000000009 7.5000000000000009 1.0000000180025095e-35 8.5000000000000018 8.5000000000000018 25.658125000000005 14.500000000000002 17.500000000000004 18.500000000000004 8.5000000000000018 11145.536250000003 8150.42875 8462.751250000003
decision_type=2 2 2 2 2 2 2 2 2 2 2 2 2 2 2 2 2 2 2 2 2 2 2 2 2 2 2 2 2 2
left_child=1 12 5 4 7 -3 -6 8 -4 -9 -2 -12 -1 19 -15 -16 -17 -18 -19 20 22 -21 -13 -22 -25 26 27 28 -26 -28
right_child=10 2 3 -5 6 -7 -8 9 -10 -11 11 13 -14 14 15 16 17 18 -20 21 23 -23 -24 24 25 -27 29 -29 -30 -31
leaf_value=0.020723081948815586 2.632644851671325 -1.1751687692214048 1.0886568966266865 -4.2990441353321076 -0.2602659078519694 0.87540627164279283 1.1793424111373012 5.4227553012894418 3.2238127716713478 1.6205177458849822 -0.58420015658447699 2.6899696176507555 -1.3017650462464612 2.3337595529104833 -0.83985117781011365 1.5546992274368703 -0.80867382509841801 2.9460237597164358 0.21946140546351672 -0.79306633197280751 -0.51469261362592111 0.0018384100844202657 0.74098760079481263 0.94733037687741695 0.67705713317200944 0.37176492766166414 3.8320826361576716 0.53638011192788893 -5.2853763716532889 -1.8962608579800702
leaf_weight=12325 36 289 544 25 573 241 283 41 72 33 785 619 134 169 395 294 439 114 320 3158 3119 21571 402 1546 37 1969 48 49 298 86
leaf_count=12325 36 289 544 25 573 241 283 41 72 33 785 619 134 169 395 294 439 114 320 3158 3119 21571 402 1546 37 1969 48 49 298 86
internal_value=-0.00153677 0.0775841 0.499119 0.749395 0.831032 -0.242737 0.215679 1.59443 1.33822 3.72716 -0.0340296 -0.03674 0.00649936 -0.0243312 0.329759 0.112937 0.435431 0.0584955 0.935655 -0.0429601 0.12864 -0.0996744 1.92259 -0.12746 0.172014 -0.309948 -2.90125 -3.96799 -4.62684 0.155683
internal_weight=50014 14560 2101 1571 1546 530 856 690 616 74 35454 35418 12459 34633 1731 1562 1167 873 434 32902 8173 24729 1021 7152 4033 2487 518 384 335 134
internal_count=50014 14560 2101 1571 1546 530 856 690 616 74 35454 35418 12459 34633 1731 1562 1167 873 434 32902 8173 24729 1021 7152 4033 2487 518 384 335 134
is_linear=0
shrinkage=0.05


Tree=313
num_leaves=31
num_cat=0
split_feature=6 7 8 6 8 7 1 7 6 6 8 4 1 4 4 1 1 6 7 8 1 1 4 6 1 8 6 6 8 3
split_gain=51525.5 107570 81822.5 111897 158318 56792.3 55200.2 84926.4 67438.1 45936.9 126823 101507 141967 99114.6 297375 458868 338278 233877 274552 236308 231480 199250 350551 438604 189650 290049 400798 187918 176575 161842
threshold=6180.5912500000004 5948.7587500000009 6818.9700000000012 6754.0037500000008 7677.1875000000009 6180.5912500000004 7.5000000000000009 7114.4237500000008 6370.5687500000013 8115.6812500000005 8445.1737500000017 14.500000000000002 10.500000000000002 19.500000000000004 16.500000000000004 7.5000000000000009 11.500000000000002 9659.246250000002 8173.4412500000008 10437.258750000003 7.5000000000000009 6.5000000000000009 18.500000000000004 10407.072500000002 3.5000000000000004 11108.402500000002 10756.986250000002 9289.9837500000012 8796.1450000000023 1.0000000180025095e-35
decision_type=2 2 2 2 2 2 2 2 2 2 2 2 2 2 2 2 2 2 2 2 2 2 2 2 2 2 2 2 2 2
left_child=1 -1 6 4 -4 -5 -2 -8 -9 -7 11 -11 -13 14 -12 21 17 19 -19 -17 -15 24 23 -23 -16 26 27 -26 -29 -30
right_child=2 -3 3 5 -6 9 7 8 -10 10 13 12 -14 20 15 16 -18 18 -20 -21 -22 22 -24 -25 25 -27 -28 28 29 -31
leaf_value=-1.383504347205162 0.20775746144724408 0.91485323099685578 0.61454157060804737 1.3727349983478587 5.1820702430605898 0.11131817482048097 -0.25970466982756485 -3.9031734217296954 -1.0364651478346021 -0.53080232844575193 0.036089984103685219 -0.16678699946178313 1.272397190262688 0.43424714708751444 -0.96583672967330314 0.99514265127860357 -2.0391084217953566 -5.9402089595794685 -0.052693982452411817 6.3714922294730236 -0.54077036309908466 -3.7496839632454533 1.2143469816843668 0.6587903574893349 0.34171901470839194 3.1632525541877841 -5.813618924096227 -5.5434950391451521 -0.20003835688893196 -2.9439213689038723
leaf_weight=60 302 336 369 75 20 7289 732 22 304 2095 28027 2048 187 3125 1498 764 130 21 347 21 756 219 75 76 687 64 32 21 243 69
leaf_count=60 302 336 369 75 20 7289 732 22 304 2095 28027 2048 187 3125 1498 764 130 21 347 21 756 219 75 76 687 64 32 21 243 69
internal_value=-0.00145993 0.566617 -0.00599374 0.00478509 0.849376 -0.00207834 -0.388468 -0.558657 -1.22992 -0.00423575 -0.02503 -0.280756 -0.046372 0.00557929 -0.0231117 -0.411967 0.378782 0.651397 -0.388666 1.13897 0.244318 -0.751957 -1.83794 -2.61394 -0.598242 -0.104821 -0.303639 -0.130777 -1.10557 -0.806859
internal_weight=50014 396 49618 48258 389 47869 1360 1058 326 47794 40505 4330 2235 36175 32294 4267 1283 1153 368 785 3881 2984 370 295 2614 1116 1052 1020 333 312
internal_count=50014 396 49618 48258 389 47869 1360 1058 326 47794 40505 4330 2235 36175 32294 4267 1283 1153 368 785 3881 2984 370 295 2614 1116 1052 1020 333 312
is_linear=0
shrinkage=0.05


Tree=314
num_leaves=31
num_cat=0
split_feature=6 8 8 4 4 7 5 7 8 6 6 4 8 6 8 6 6 6 0 7 5 4 4 4 0 5 8 6 0 8
split_gain=47895.8 154717 140831 88264.8 190539 166273 437284 469367 335214 226607 191727 170525 164108 159351 144938 227565 132997 130833 130797 122579 119706 463992 384370 637135 323665 319560 312393 316921 266337 252686
threshold=8592.5562500000015 8830.2575000000015 8796.1450000000023 19.500000000000004 16.500000000000004 10305.975 1.0000000180025095e-35 10445.412500000002 11536.791250000002 13997.853750000004 10407.072500000002 17.500000000000004 10837.820000000002 14055.557500000001 13398.315000000002 12694.316250000002 8981.4937500000015 10959.943750000002 30.455000000000005 8988.8662500000009 1.0000000180025095e-35 17.500000000000004 17.500000000000004 18.500000000000004 27.860625000000002 37.500000000000007 11145.536250000003 9630.8250000000025 26.910625000000007 9860.1925000000028
decision_type=2 2 2 2 2 2 2 2 2 2 2 2 2 2 2 2 2 2 2 2 2 2 2 2 2 2 2 2 2 2
left_child=2 -2 -1 4 -3 8 7 -7 17 11 -10 16 -9 14 15 -14 -8 20 -18 -12 22 25 24 26 -6 -22 27 -24 -25 -23
right_child=1 3 -4 -5 5 6 9 12 10 -11 19 -13 13 -15 -16 -17 18 -19 -20 -21 21 29 23 28 -26 -27 -28 -29 -30 -31
leaf_value=0.028743593352494535 -0.34389669761725716 0.024001896491056635 0.59877902853493359 0.29909450699314816 -1.1809940005793718 -5.530304518129145 2.2076991200447083 -0.82780385061221973 6.6974649906158454 -6.7391750248995699 -1.4902972526848317 1.8132826588835034 3.4550801977708745 0.10735192212505618 6.4246055823106039 -2.5310802960395815 -2.6651543335500341 -4.2450536864144466 -1.0446979433431753 2.2566937061346541 -0.31014975313928878 0.098747942363531502 -3.0962056597337031 2.5935425421968104 3.6506135364713739 -2.8132691161341645 2.2340078365235101 -7.9184362637048427 -1.1435390301680159 1.8799502436217155
leaf_weight=13642 3596 26000 1177 2320 66 28 20 68 20 22 28 35 77 69 26 20 282 21 223 99 327 896 151 80 73 209 21 44 118 256
leaf_count=13642 3596 26000 1177 2320 66 28 20 68 20 22 28 35 77 69 26 20 282 21 223 99 327 896 151 80 73 209 21 44 118 256
internal_value=-0.00138693 -0.0331368 0.0740187 0.00222803 -0.021295 -0.380465 -0.972939 0.620581 -0.166496 -1.76148 2.14717 -1.56593 1.28298 2.03056 3.10943 2.22082 -1.79121 -0.316853 -1.94959 1.43059 -0.280043 -0.0708808 -0.918497 -1.68231 1.35647 -1.28618 -3.5603 -4.1843 0.366393 0.494571
internal_weight=50014 35195 14819 31599 29279 3279 870 288 2409 582 147 560 260 192 123 97 525 2262 505 127 2241 1688 553 414 139 536 216 195 198 1152
internal_count=50014 35195 14819 31599 29279 3279 870 288 2409 582 147 560 260 192 123 97 525 2262 505 127 2241 1688 553 414 139 536 216 195 198 1152
is_linear=0
shrinkage=0.05


Tree=315
num_leaves=31
num_cat=0
split_feature=8 6 8 7 7 6 8 7 8 8 7 6 7 7 6 4 7 8 8 7 4 7 7 4 7 7 4 4 7 8
split_gain=68151.3 117030 125697 278963 254887 112069 138563 76162.9 85959.2 67370.8 142730 106930 105497 113841 99800.2 110360 183955 169810 92271.7 67902.7 66102.1 65247.6 117364 64889.7 64153.7 63616 62136.5 60865.3 60316.6 80876.3
threshold=15708.635000000002 15095.071250000003 14496.095000000001 16182.750000000002 15887.485000000002 14566.588750000001 12792.373750000001 14929.817500000003 15417.848750000003 14052.772500000001 11772.081250000001 13235.073750000001 13812.147500000001 15709.533750000001 14055.557500000001 13.500000000000002 14364.362500000001 13517.567500000003 13575.381250000002 15564.240000000002 14.500000000000002 10728.437500000002 9159.0562500000033 15.500000000000002 15095.360000000002 12909.780000000001 5.5000000000000009 7.5000000000000009 13545.721250000001 13152.958750000003
decision_type=2 2 2 2 2 2 2 2 2 2 2 2 2 2 2 2 2 2 2 2 2 2 2 2 2 2 2 2 2 2
left_child=1 2 3 4 5 9 -7 8 -3 14 11 -11 23 20 -1 16 18 -17 28 -18 -14 22 -4 -12 26 -19 -8 -2 29 -16
right_child=27 7 21 -5 -6 6 24 -9 -10 10 12 -13 13 -15 15 17 19 25 -20 -21 -22 -23 -24 -25 -26 -27 -28 -29 -30 -31
leaf_value=-0.0029307108379924302 1.5242931405561313 -0.26615027960112975 2.3290436170995235 5.8955966138839724 -5.6541122484207156 -4.8496378580729171 -2.3097486255850113 -0.6624479242303557 1.1195755162964696 1.2453029288578843 1.4618062515091887 -1.1541118099943761 -0.20027719713568559 2.9301236452375141 -0.071038317265080628 -6.1736792755126961 2.9153193366748318 0.75428922181167923 -0.18760634237141521 -0.38011061183430933 1.7880202073117961 0.57758353093550652 -1.0006360370641441 -0.27111585348371475 -2.2985878696441651 -1.9137298030406236 -0.049041792092385232 0.2633664665435278 -3.9545814573764804 -2.8308448159314219
leaf_weight=43260 105 592 32 20 20 21 35 1104 138 59 379 218 458 35 61 20 54 31 270 22 46 1328 153 63 50 80 231 1081 26 47
leaf_count=43260 105 592 32 20 20 21 35 1104 138 59 379 218 458 35 61 20 54 31 270 22 46 1328 153 63 50 80 231 1081 26 47
internal_value=0.000496281 -0.00859551 0.00668848 -0.0082182 -0.0108141 -0.00833166 -0.916741 -0.400437 -0.00419116 -0.00154813 0.359219 -0.643045 0.642223 0.172683 -0.0118931 -0.646449 -0.295398 -1.93274 -0.71994 1.96138 -0.0188056 0.455032 -0.424691 1.21481 -0.655377 -1.16861 -0.346503 0.375 -1.79255 -1.27207
internal_weight=50039 48853 47019 45506 45486 45466 337 1834 730 45129 1258 277 981 539 43871 611 480 131 404 76 504 1513 185 442 316 111 266 1186 134 108
internal_count=50039 48853 47019 45506 45486 45466 337 1834 730 45129 1258 277 981 539 43871 611 480 131 404 76 504 1513 185 442 316 111 266 1186 134 108
is_linear=0
shrinkage=0.05


Tree=316
num_leaves=31
num_cat=0
split_feature=0 8 1 8 4 5 8 1 1 1 8 4 4 8 8 4 0 5 8 4 8 8 4 0 0 4 4 8 8 0
split_gain=62644.2 90195.6 80089.8 140045 90670.3 101171 75858.9 71710.7 65226.3 98275.2 160198 86345.3 93631.7 164377 153789 124549 116734 89145.4 80518.8 68324.9 128486 90748.5 65584.5 59892.3 57551.7 55551.8 70619.3 58991.7 51524.3 74538.4
threshold=32.596875000000011 8796.1450000000023 4.5000000000000009 9882.4812500000025 14.500000000000002 1.0000000180025095e-35 16180.853750000002 5.5000000000000009 2.5000000000000004 3.5000000000000004 12739.3575 14.500000000000002 16.500000000000004 11536.791250000002 11108.402500000002 17.500000000000004 36.308125000000011 1.0000000180025095e-35 11947.117500000002 15.500000000000002 14100.821250000003 15020.916250000002 15.500000000000002 37.886250000000011 35.361250000000005 17.500000000000004 11.500000000000002 8362.7987500000017 6370.5687500000013 19.570625000000003
decision_type=2 2 2 2 2 2 2 2 2 2 2 2 2 2 2 2 2 2 2 2 2 2 2 2 2 2 2 2 2 2
left_child=28 25 6 4 7 -6 8 -4 -3 19 11 18 13 17 15 16 -14 -13 -11 20 -10 -22 -12 -5 -7 26 -2 -27 29 -1
right_child=1 2 3 23 5 24 -8 -9 9 10 22 12 14 -15 -16 -17 -18 -19 -20 -21 21 -23 -24 -25 -26 27 -28 -29 -30 -31
leaf_value=1.086048399156599 0.024629140765621116 0.73977756279770945 1.0163363286129934 2.3612620843781364 1.1316075486901365 -0.3217901233228222 2.0471215196684294 -0.31555537741917833 3.7703697232973008 0.63386940600790298 1.0999546803306375 0.029556037877735336 -2.902863585836057 0.34578546498849144 2.8205463399489723 0.45447677007594378 0.70340566354639389 -2.7438141300052896 -0.65757756936139078 -0.95441810645040914 -1.1761018108446351 0.051463692573052423 3.2533901626413519 0.27148988313145112 -2.0586558407147724 1.0418999694576561 -1.0871109066771971 -0.56717634984091214 -0.012629398571480108 -0.68566022075984401
leaf_weight=67 260 361 454 144 81 131 51 130 21 720 180 38 66 123 48 218 34 122 145 305 186 790 44 45 75 129 317 102 44131 521
leaf_count=67 260 361 454 144 81 131 51 130 21 720 180 38 66 123 48 218 34 122 145 305 186 790 44 45 75 129 317 102 44131 521
internal_value=0.000471467 0.16267 0.249792 0.629943 0.362228 -0.365483 0.133059 0.719854 0.104357 0.0289007 0.274958 0.0903141 -0.345611 -1.02859 0.182483 -0.215715 -1.67673 -2.08514 0.417384 -0.299553 -0.0992185 -0.182478 1.52295 1.8637 -0.954144 -0.323834 -0.586154 0.331399 -0.0188245 -0.483782
internal_weight=50039 5320 4512 1060 871 287 3452 584 3401 3040 1738 1514 649 283 366 318 100 160 865 1302 997 976 224 189 206 808 577 231 44719 588
internal_count=50039 5320 4512 1060 871 287 3452 584 3401 3040 1738 1514 649 283 366 318 100 160 865 1302 997 976 224 189 206 808 577 231 44719 588
is_linear=0
shrinkage=0.05


Tree=317
num_leaves=31
num_cat=0
split_feature=0 4 4 5 4 4 1 1 6 1 0 3 6 0 1 6 3 6 1 0 0 4 4 0 0 4 4 6 0 6
split_gain=56536.4 47976.2 108732 249967 711352 678491 312290 296388 233752 229266 212732 173047 154590 142711 114491 112610 164402 110508 104882 103630 98967.1 97402.2 144484 96958.7 114259 96619.2 180639 186158 107192 105547
threshold=32.596875000000011 7.5000000000000009 5.5000000000000009 1.0000000180025095e-35 6.5000000000000009 6.5000000000000009 2.5000000000000004 5.5000000000000009 13870.301250000002 10.500000000000002 24.223125000000007 1.0000000180025095e-35 8463.9737500000028 24.871875000000006 11.500000000000002 11409.727500000003 1.0000000180025095e-35 16057.512500000003 11.500000000000002 21.711250000000003 25.165625000000009 13.500000000000002 12.500000000000002 18.201875000000005 20.413125000000004 19.500000000000004 15.500000000000002 10803.022500000001 21.180625000000003 10670.582500000002
decision_type=2 2 2 2 2 2 2 2 2 2 2 2 2 2 2 2 2 2 2 2 2 2 2 2 2 2 2 2 2 2
left_child=1 2 -1 5 9 10 8 -7 -6 11 -4 13 20 23 17 -9 -17 -14 21 -10 -8 22 -3 -5 -25 26 27 -20 -29 -28
right_child=-2 18 3 4 6 7 12 15 19 -11 -12 -13 14 -15 -16 16 -18 -19 25 -21 -22 -23 -24 24 -26 -27 29 28 -30 -31
leaf_value=-0.024668794163494649 0.15453633091111382 -0.084079349547797597 -1.1118273617744359 3.8454934961701697 2.7759493780379394 0.885658321477929 -2.4892278611660004 4.0821692301059613 -1.7779431310252869 2.6769897178218174 1.0054061131207677 -0.28092239341192743 -1.4533247218384175 0.15340163855084471 0.66872931263948754 3.2872372727673707 -0.64136870785763389 0.84628818434747777 1.4758637485122592 0.66137606698577689 1.2738572112069679 0.037991027239481667 -0.64994455169376941 -0.59972935254509385 1.4950487600291724 0.21514762196780707 -1.2192789558988375 -3.4489244830223829 -0.438947685145477 -3.5946696821186279
leaf_weight=12524 5320 8161 334 38 98 245 21 169 69 148 184 394 1042 359 76 89 38 55 132 118 104 16908 1309 74 541 410 349 31 645 54
leaf_count=12524 5320 8161 334 38 98 245 21 169 69 148 184 394 1042 359 76 89 38 55 132 118 104 16908 1309 74 541 410 349 31 645 54
internal_value=0.000447893 -0.0178833 0.0491345 0.269419 0.0451935 0.933625 -0.700809 2.17202 0.79792 0.805117 -0.35976 0.608078 -1.02988 0.954191 -1.20801 3.23675 2.11175 -1.33803 -0.0579039 -0.238694 0.641659 -0.0339145 -0.162297 1.39444 1.24299 -0.448275 -0.672886 -0.241614 -0.576979 -1.53757
internal_weight=50039 44719 16720 4196 3137 1059 1583 541 285 1554 518 1406 1298 1012 1173 296 127 1097 27999 187 125 26378 9470 653 615 1621 1211 808 676 403
internal_count=50039 44719 16720 4196 3137 1059 1583 541 285 1554 518 1406 1298 1012 1173 296 127 1097 27999 187 125 26378 9470 653 615 1621 1211 808 676 403
is_linear=0
shrinkage=0.05


Tree=318
num_leaves=31
num_cat=0
split_feature=8 6 8 6 8 7 8 8 4 6 8 7 4 8 4 6 8 6 2 7 6 7 8 6 7 7 8 4 4 7
split_gain=59975.2 106511 104773 156986 108763 72309 59120.5 89302.1 97570.6 57886.5 321702 223548 230352 128054 139789 121441 163928 181766 123313 116714 108392 287582 109845 106853 103828 221686 97942.5 130468 103978 97517.5
threshold=15708.635000000002 15158.182500000001 14247.822500000002 14566.588750000001 12792.373750000001 14929.817500000003 12597.687500000002 14150.711250000002 6.5000000000000009 12013.360000000002 11680.070000000002 10511.770000000002 6.5000000000000009 12739.3575 1.5000000000000002 10959.943750000002 10912.768750000001 9432.8332000000028 1.0000000180025095e-35 13812.147500000001 14199.525000000001 15564.240000000002 11680.070000000002 13404.055000000002 8283.4400000000005 8635.9450000000015 11361.776250000001 14.500000000000002 16.500000000000004 9714.3500000000004
decision_type=2 2 2 2 2 2 2 2 2 2 2 2 2 2 2 2 2 2 2 2 2 2 2 2 2 2 2 2 2 2
left_child=1 2 3 9 -5 -3 -7 -8 -9 10 15 12 -11 20 19 16 -1 -18 -17 -15 21 -13 -22 -16 -12 -26 27 -14 -28 -27
right_child=-2 5 -4 4 -6 6 7 8 -10 11 24 13 26 14 23 18 17 -19 -20 -21 22 -23 -24 -25 25 29 28 -29 -30 -31
leaf_value=-0.0082035445032706735 0.3517471631541933 0.011322925420281311 0.32525774001256225 -4.5710469676256187 -1.001918097330283 1.4829113433437964 -3.8136616712031159 2.0105814200459107 -0.75641584925741423 0.20699863206902777 -0.98278516835636565 -0.33983943170740571 1.2347889653444293 2.3018508390406103 0.33835647720297835 -0.35413103289245634 4.368175601959229 0.48861820011919233 2.8679140551884972 -1.3394203874799941 -0.32937851377895905 -4.4718299655027165 4.1838913857936859 -0.17995988894169612 5.0198715448379518 -0.52854029962558624 -2.6101204975562937 -3.1890365934371951 0.37258297096599235 0.80368093300040122
leaf_weight=31788 1186 644 2433 25 146 31 23 33 922 218 90 2034 50 119 1809 2922 31 1158 30 27 28 43 26 2208 30 151 255 25 33 1521
leaf_count=31788 1186 644 2433 25 146 31 23 33 922 218 90 2034 50 119 1809 2922 31 1158 30 27 28 43 26 2208 30 151 255 25 33 1521
internal_value=0.000425499 -0.00810351 0.00571266 -0.011654 -1.52372 -0.402612 -0.666809 -0.734949 -0.660802 -0.00585609 0.0184635 -0.13929 -1.0777 -0.0526648 0.108694 -0.0141466 0.0133566 0.589767 -0.321387 1.62847 -0.367885 -0.425384 1.84368 0.0534567 0.672285 0.759803 -1.84923 -0.23982 -2.26835 0.683367
internal_weight=50039 48853 47200 44767 171 1653 1009 978 955 44596 37721 6875 581 6294 4163 35929 32977 1189 2952 146 2131 2077 54 4017 1792 1702 363 75 288 1672
internal_count=50039 48853 47200 44767 171 1653 1009 978 955 44596 37721 6875 581 6294 4163 35929 32977 1189 2952 146 2131 2077 54 4017 1792 1702 363 75 288 1672
is_linear=0
shrinkage=0.05


Tree=319
num_leaves=31
num_cat=0
split_feature=8 6 8 1 6 6 8 1 8 1 6 4 4 6 1 0 6 8 0 8 1 6 6 0 4 4 4 8 0 6
split_gain=54127.6 96932 106746 72846.2 78018.1 69249.9 133863 133898 70288.4 144388 169255 98730.9 124031 96391.4 82879.8 82527.7 81554.5 290327 105321 219213 147875 356254 109386 104589 95014 115346 93037.5 271497 100117 85521.2
threshold=15708.635000000002 15095.071250000003 14734.978750000002 7.5000000000000009 15020.916250000002 14566.588750000001 13866.538750000002 8.5000000000000018 14052.772500000001 6.5000000000000009 13235.073750000001 9.5000000000000018 11.500000000000002 14055.557500000001 1.5000000000000002 20.584375000000005 12013.360000000002 12261.76 23.243125000000003 12261.76 1.5000000000000002 13870.301250000002 14248.518750000001 25.430625000000003 5.5000000000000009 7.5000000000000009 1.5000000000000002 11450.726250000002 27.193125000000006 11492.810000000003
decision_type=2 2 2 2 2 2 2 2 2 2 2 2 2 2 2 2 2 2 2 2 2 2 2 2 2 2 2 2 2 2
left_child=1 2 5 4 -2 8 7 -7 16 11 -11 14 13 -13 15 -10 17 -1 19 -18 21 -21 -23 24 -19 -26 27 -20 -29 -25
right_child=3 -3 -4 -5 -6 6 -8 -9 9 10 -12 12 -14 -15 -16 -17 18 23 26 20 -22 22 -24 29 25 -27 -28 28 -30 -31
leaf_value=-0.0015022734267986584 -2.7498070308140345 -0.3643095616566453 0.50299911846458745 2.7260500711779443 0.32588353513048496 -5.9487469575621867 -0.31154778009515888 -0.81320446391900392 2.2616934251785277 1.5371306497799724 -0.80728786906475214 4.7439346251949193 0.61350940649863339 1.6759051287559428 0.63088602142310457 -1.1602953557025744 -0.89706320110913174 1.2379561554478562 -4.2431339096139977 3.059242939256853 0.21966674829858809 -1.8097227034434469 2.2253536414016377 1.8422658530995251 6.1966537347546335 1.6163814135960171 -0.35775483076653386 0.63736050269943634 3.4300205638279788 0.3604927424240757
leaf_weight=37037 21 1834 1057 31 1134 22 467 30 20 95 406 31 384 147 304 148 364 92 27 155 946 71 22 128 27 28 4325 242 37 407
leaf_count=37037 21 1834 1057 31 1134 22 467 30 20 95 406 31 384 147 304 148 364 92 27 155 946 71 22 128 27 28 4325 242 37 407
internal_value=0.000404224 -0.00769833 0.00621147 0.33416 0.269962 -0.00521328 -0.579502 -2.98593 0.00134561 0.333926 -0.362737 0.671477 1.11923 2.21022 0.138346 -0.752916 -0.0102812 0.0173215 -0.178507 0.177101 0.504569 1.59133 -0.855189 1.03958 2.22082 3.86488 -0.298143 0.544403 1.00771 0.71501
internal_weight=50039 48853 47019 1186 1155 45962 519 52 45443 1535 501 1034 562 178 472 168 43908 37719 6189 1558 1194 248 93 682 147 55 4631 306 279 535
internal_count=50039 48853 47019 1186 1155 45962 519 52 45443 1535 501 1034 562 178 472 168 43908 37719 6189 1558 1194 248 93 682 147 55 4631 306 279 535
is_linear=0
shrinkage=0.05


Tree=320
num_leaves=31
num_cat=0
split_feature=8 7 0 8 0 8 7 4 8 4 1 8 7 7 8 4 8 7 1 7 8 4 7 4 1 5 8 4 7 8
split_gain=48398.7 135818 74027.8 91331 38007.7 84864.8 152532 103021 91761.3 101262 99419.8 91238.7 70486.1 70449.4 245031 63070 124745 220765 175658 173356 167417 128510 157960 118615 212077 157316 185741 251840 116098 235207
threshold=6890.3150000000005 6180.5912500000004 23.203125000000004 7375.7850000000008 32.485625000000006 8796.1450000000023 10305.975 17.500000000000004 9882.4812500000025 14.500000000000002 5.5000000000000009 9754.8725000000031 10728.437500000002 16182.750000000002 15350.690000000001 7.5000000000000009 12126.287500000002 13673.840000000002 5.5000000000000009 11942.980000000001 15095.071250000003 3.5000000000000004 10728.437500000002 1.0000000180025095e-35 3.5000000000000004 1.0000000180025095e-35 9984.2900000000027 1.5000000000000002 9098.8137500000012 9808.4637500000008
decision_type=2 2 2 2 2 2 2 2 2 2 2 2 2 2 2 2 2 2 2 2 2 2 2 2 2 2 2 2 2 2
left_child=-1 2 -2 -4 15 -6 8 11 9 10 -7 -8 -13 -14 -15 16 18 -18 19 21 -19 23 -23 24 -3 26 -25 -28 -17 -30
right_child=1 4 3 -5 5 6 7 -9 -10 -11 -12 12 13 14 -16 28 17 20 -20 -21 -22 22 -24 25 -26 -27 27 -29 29 -31
leaf_value=-0.24260579414741726 -0.13252876273223332 0.81477198236724113 1.3025152041412453 5.2835473911762243 -0.330828487212665 1.315016108724814 -1.027140631328739 -3.3742219150066379 1.5397186202136612 -0.056850393043258167 -0.18364240273336571 1.289592291655079 0.036528131466365139 5.3798378405747593 -0.67080230983820832 0.070047302640952311 0.64322924800448134 -0.5727160111294366 0.15538472527649383 -1.0072294095159755 0.93422906619343393 0.45254194634259398 -0.76004584937127762 -0.48584904274091234 -0.79234824687952088 -0.89035987726674048 4.254864823818207 -0.14550995994862673 -0.47844392887711751 -0.032231830959518752
leaf_weight=1960 28 483 34 25 845 422 183 22 247 491 150 124 2985 27 44 11110 2137 829 7167 632 237 1371 334 281 357 1201 58 74 3894 12225
leaf_count=1960 28 483 34 25 845 422 183 22 247 491 150 124 2985 27 44 11110 2137 829 7167 632 237 1371 334 281 357 1201 58 74 3894 12225
internal_value=0.000934641 0.0108757 1.98464 2.98939 0.00729302 0.130456 0.213477 0.0361851 0.671593 0.469875 0.922011 0.0584952 0.120971 0.0735526 1.63015 -0.00880324 0.0729305 0.35005 -0.00129719 -0.235682 -0.237682 -0.118438 0.215003 -0.350108 0.131746 -0.600887 0.240898 1.78799 -0.0543123 -0.140027
internal_weight=49977 48017 87 59 47930 5540 4695 3385 1310 1063 572 3363 3180 3056 71 42390 15161 3203 11958 4791 1066 4159 1705 2454 840 1614 413 132 27229 16119
internal_count=49977 48017 87 59 47930 5540 4695 3385 1310 1063 572 3363 3180 3056 71 42390 15161 3203 11958 4791 1066 4159 1705 2454 840 1614 413 132 27229 16119
is_linear=0
shrinkage=0.05


Tree=321
num_leaves=31
num_cat=0
split_feature=4 4 4 5 4 7 4 7 7 1 1 7 4 5 1 4 4 1 6 3 7 5 4 4 1 1 1 1 1 3
split_gain=36951.9 218507 186089 442740 352389 187418 171856 183158 160196 158006 191543 216394 131839 990717 238250 533033 276348 247102 233198 260407 360268 231118 1.08464e+06 516223 400446 438075 246776 256309 224329 211358
threshold=11.500000000000002 13.500000000000002 15.500000000000002 1.0000000180025095e-35 14.500000000000002 16182.750000000002 14.500000000000002 15797.895000000002 13545.721250000001 7.5000000000000009 11.500000000000002 10765.295000000002 17.500000000000004 1.0000000180025095e-35 7.5000000000000009 16.500000000000004 16.500000000000004 5.5000000000000009 8151.7750000000005 1.0000000180025095e-35 10085.423750000002 1.0000000180025095e-35 18.500000000000004 18.500000000000004 7.5000000000000009 6.5000000000000009 2.5000000000000004 10.500000000000002 7.5000000000000009 1.0000000180025095e-35
decision_type=2 2 2 2 2 2 2 2 2 2 2 2 2 2 2 2 2 2 2 2 2 2 2 2 2 2 2 2 2 2
left_child=-1 -2 3 4 -3 6 7 -5 9 -8 -11 -12 13 14 16 -16 -4 -18 -15 -20 -21 22 24 26 25 29 -23 -28 -25 -14
right_child=1 2 12 5 -6 -7 8 -9 -10 10 11 -13 21 18 15 -17 17 -19 19 20 -22 23 -24 28 -26 -27 27 -29 -30 -31
leaf_value=0.04382216987682138 -0.3721485330003943 -1.4984849246276557 0.58399650136310011 1.0324619794290171 0.35849153978543968 4.9318362579345703 -0.60913243940131745 -2.9788676788066999 1.0399290156067473 1.041988329429038 1.6893765532970428 -3.7025909433559501 -1.8659123990421342 0.8430007195048923 2.0123144499871923 -1.8229461762009476 1.7557838118950693 4.742640106856209 -0.55871360089838695 -2.7669686294021969 -0.65822875594807373 -0.41482331935997607 0.075456402078072526 0.19170835719556795 -0.600373090606518 -8.0722668075561526 1.5397445453107392 -0.70110603962610996 -0.36608176251577973 -4.8466948349335617
leaf_weight=25023 4177 516 334 1520 506 25 647 29 424 395 30 49 198 218 174 189 242 97 2112 369 449 257 2582 5018 189 45 1121 144 2813 85
leaf_count=25023 4177 516 334 1520 506 25 647 29 424 395 30 49 198 218 174 189 242 97 2112 369 449 257 2582 5018 189 45 1121 144 2813 85
internal_value=0.000887909 -0.0421651 0.0241747 0.324098 -0.579082 0.620042 0.585202 0.957363 0.212078 -0.101043 0.592489 -1.65501 -0.0504817 -0.293305 1.04787 0.0154432 1.60474 2.61043 -0.734684 -0.852068 -1.60948 0.0311095 -0.343115 0.155104 -2.43354 -3.48985 0.99769 1.28466 -0.00865732 -2.7612
internal_weight=49977 24954 20777 4141 1022 3119 3094 1549 1545 1121 474 79 16636 4184 1036 363 673 339 3148 2930 818 12452 3099 9353 517 328 1522 1265 7831 283
internal_count=49977 24954 20777 4141 1022 3119 3094 1549 1545 1121 474 79 16636 4184 1036 363 673 339 3148 2930 818 12452 3099 9353 517 328 1522 1265 7831 283
is_linear=0
shrinkage=0.05


Tree=322
num_leaves=31
num_cat=0
split_feature=8 6 1 6 8 3 0 0 1 5 5 6 6 1 6 8 6 8 0 8 1 6 8 6 0 0 5 0 1 8
split_gain=43092.5 130314 135094 82868.5 73780 69508.1 134644 57736.9 55416.1 48029.6 69365.2 49097.7 46193.8 56958.3 43630 113338 127201 111605 106738 93851.2 83904.6 76123.7 119604 183720 164281 113100 102679 97063.6 93290.4 118902
threshold=6890.3150000000005 6818.9700000000012 11.500000000000002 6180.5912500000004 6180.5912500000004 1.0000000180025095e-35 22.248750000000005 22.735625000000002 10.500000000000002 1.0000000180025095e-35 22.500000000000004 7413.2812500000009 7413.2812500000009 11.500000000000002 7763.7775000000011 8279.715000000002 8520.1200000000008 9130.2912500000039 28.59500000000001 8887.9125000000022 10.500000000000002 9368.4150000000027 10189.040000000003 10374.735000000002 24.326875000000005 34.851250000000014 1.0000000180025095e-35 27.193125000000006 7.5000000000000009 9308.6537500000031
decision_type=2 2 2 2 2 2 2 2 2 2 2 2 2 2 2 2 2 2 2 2 2 2 2 2 2 2 2 2 2 2
left_child=3 2 -2 4 5 -1 -7 -4 -6 12 -11 -12 13 -5 17 -16 18 -3 20 -18 -17 25 -23 24 -24 28 -25 -28 -21 -30
right_child=1 14 7 9 8 6 -8 -9 -10 10 11 -13 -14 -15 15 16 19 -19 -20 21 -22 22 23 26 -26 -27 27 -29 29 -31
leaf_value=0.50029241349548104 0.52812976869237094 0.13175983127476454 4.6450704224904378 -0.39606179899617766 2.5832244426553901 -3.6870969379649448 0.48189607805675938 1.4580001855338063 0.54636446500525759 0.28675489548709343 -0.39030763447997274 -1.8159297201500246 -2.605802184513637 -2.0362865013342639 -0.23078189236284935 0.24229475861212807 -0.24901579816047781 2.6088465001272123 0.81471995364979444 -0.0086678569529895517 -0.77979237369515686 -0.21474003031145386 -0.62001119934970683 0.19802608149771245 0.7016656810191404 1.2698244685219959 -0.21284288044970864 0.050007208863490193 0.035175851689889397 0.93542290648091697
leaf_weight=160 387 3958 30 285 55 34 45 27 85 419 711 66 35 65 5222 2300 3691 46 804 3137 220 5877 275 4620 1621 235 6629 7470 752 716
leaf_count=160 387 3958 30 285 55 34 45 27 85 419 711 66 35 65 5222 2300 3691 46 804 3137 220 5877 275 4620 1621 235 6629 7470 752 716
internal_value=0.000843514 0.0102238 0.862848 -0.228959 0.435064 -0.0988669 -1.31235 3.13541 1.34656 -0.38814 -0.231781 -0.511403 -0.873868 -0.700675 0.00226624 -0.0122495 0.0175097 0.160218 0.313104 -0.010545 0.153065 0.0175476 -0.0157644 0.0409603 0.509967 0.199883 -0.00654421 -0.0735784 0.145282 0.474261
internal_weight=49977 48017 444 1960 379 239 79 57 140 1581 1196 777 385 350 47573 43569 38347 4004 3324 35023 2520 31332 26492 20615 1896 4840 18719 14099 4605 1468
internal_count=49977 48017 444 1960 379 239 79 57 140 1581 1196 777 385 350 47573 43569 38347 4004 3324 35023 2520 31332 26492 20615 1896 4840 18719 14099 4605 1468
is_linear=0
shrinkage=0.05


Tree=323
num_leaves=31
num_cat=0
split_feature=8 7 6 6 7 8 0 8 8 7 8 6 8 0 8 6 0 7 8 8 6 6 8 0 7 8 6 7 7 6
split_gain=38891 121826 95651.9 74788.8 82175 147794 66418.5 82989.8 50210 51256.5 45762.6 76403.7 102520 76248 74211.5 105971 97748.2 108406 87548 72081.3 70381.6 68808.9 143243 116119 83940 83779.5 193694 208228 116471 103562
threshold=6890.3150000000005 6180.5912500000004 6818.9700000000012 6180.5912500000004 5948.7587500000009 5948.7587500000009 23.203125000000004 7375.7850000000008 7677.1875000000009 8039.4600000000009 7375.7850000000008 7794.3187500000013 9130.2912500000039 24.598125000000007 8279.715000000002 8520.1200000000008 28.59500000000001 10765.295000000002 8887.9125000000022 8480.6125000000011 10077.838750000001 9229.9662500000031 10958.562500000002 34.641250000000007 10728.437500000002 10504.796250000001 10599.892500000002 14249.950000000003 9995.2300000000014 10334.691250000002
decision_type=2 2 2 2 2 2 2 2 2 2 2 2 2 2 2 2 2 2 2 2 2 2 2 2 2 2 2 2 2 2
left_child=3 6 8 4 5 -1 -2 -8 9 -3 13 12 -12 -4 20 16 17 -16 -17 -18 -13 22 23 -20 -25 28 27 -27 -23 -29
right_child=1 2 10 -5 -6 -7 7 -9 -10 -11 11 14 -14 -15 15 18 19 -19 21 -21 -22 25 -24 24 -26 26 -28 29 -30 -31
leaf_value=-3.0509496024250988 -0.12635586900370463 0.39365620300001497 -0.05338484241600866 -0.36873285346072476 0.73576734790215337 2.1289832484154476 1.2227614960249733 5.0176487712860114 3.0244194162928544 2.0118167989086686 0.22011344410262992 -0.17918414774248606 2.5271455217685022 -0.83076013191910336 0.065541608283573902 -0.24068860789180579 0.12180899102072694 1.7379067452827304 0.13065954081652731 1.1227217258832856 -2.7392397558247605 0.011915163872272955 4.1516950970110686 1.8896229234785815 -1.0879961592810494 0.72128482438148889 -0.0025953630154127417 -2.1302980496602899 -0.36364194972788644 0.5458150329351027
leaf_weight=40 28 346 1169 1581 318 21 34 25 23 57 2793 4747 49 432 2388 3682 277 101 3548 513 27 5101 23 153 28 1592 17255 102 3468 56
leaf_count=40 28 346 1169 1581 318 21 34 25 23 57 2793 4747 49 432 2388 3682 277 101 3548 513 27 5101 23 153 28 1592 17255 102 3468 56
internal_value=0.000801338 0.00971261 0.00631949 -0.217511 0.413311 -1.26769 1.87905 2.83076 0.752207 0.622528 -0.000369379 0.00879568 0.25989 -0.263145 -0.00777638 0.0154018 0.287203 0.133404 -0.0100563 0.771769 -0.193663 0.0170518 0.217942 0.193679 1.429 -0.0102834 0.0482388 0.549463 -0.140078 -1.1818
internal_weight=49977 48017 47930 1960 379 61 87 59 426 403 47504 45903 2842 1601 43061 38287 3279 2489 35008 790 4774 31326 3752 3729 181 27574 19005 1750 8569 158
internal_count=49977 48017 47930 1960 379 61 87 59 426 403 47504 45903 2842 1601 43061 38287 3279 2489 35008 790 4774 31326 3752 3729 181 27574 19005 1750 8569 158
is_linear=0
shrinkage=0.05


Tree=324
num_leaves=31
num_cat=0
split_feature=8 6 7 0 7 8 0 6 8 0 8 6 0 1 7 7 0 8 0 8 5 0 1 7 6 8 8 1 1 6
split_gain=36320 97889.2 81331.6 67305.2 82908.3 99018 92728.3 71477.3 79957 71110.7 61168.4 113596 113535 64534.5 99991.7 97094.5 343148 72357.9 144017 80055 62853.8 60636.1 50152.7 49797.8 48244.6 153778 153485 162686 116976 94823.5
threshold=6464.4537500000015 6621.9212500000003 7710.3650000000007 21.926250000000007 6370.5687500000013 5948.7587500000009 21.039375000000003 6180.5912500000004 5948.7587500000009 22.248750000000005 7375.7850000000008 7007.6750000000002 22.866875000000004 11.500000000000002 6180.5912500000004 12963.683750000002 22.340625000000006 11108.402500000002 29.036250000000006 11033.766250000002 1.0000000180025095e-35 24.631875000000004 7.5000000000000009 8504.1875000000018 8520.1200000000008 8538.2500000000018 8887.9125000000022 7.5000000000000009 8.5000000000000018 10077.838750000001
decision_type=2 2 2 2 2 2 2 2 2 2 2 2 2 2 2 2 2 2 2 2 2 2 2 2 2 2 2 2 2 2
left_child=3 2 -2 4 6 -6 -1 9 -9 -5 20 12 -12 14 -13 17 -17 19 -19 -15 -3 -22 -23 -14 25 -16 27 29 -27 -26
right_child=1 10 -4 7 5 -7 -8 8 -10 -11 11 13 23 15 24 16 -18 18 -20 -21 21 22 -24 -25 26 28 -28 -29 -30 -31
leaf_value=-0.079029165625572217 0.40918979712911913 -0.66707885598763828 2.0985624093966311 -2.114870261952833 4.1713606227527968 0.53372341813296076 -3.3344116992950443 -4.0363693532736411 -0.96304943582921665 0.75136539465790497 4.5376986083777053 2.769933663240888 0.44162961744836404 -0.20133606533795315 0.018871347926722796 5.9232613921165473 -0.25439519056102683 -0.66187849574094182 -4.6889704165251365 2.5121434869510786 0.05392244619100936 -0.27041405916349043 -1.4230887451801788 3.0526757421947663 -0.05954053551914254 0.74601998337429254 0.030209745462225063 -0.73677366434248004 -0.2268532843230236 -3.0353394383633581
leaf_weight=175 503 640 83 27 22 125 25 23 265 109 23 33 140 930 7660 28 114 639 23 28 1532 331 132 21 3143 1406 30003 1371 396 27
leaf_count=175 503 640 83 27 22 125 25 23 265 109 23 33 140 930 7660 28 114 639 23 28 1532 331 132 21 3143 1406 30003 1371 396 27
internal_value=0.000761271 0.00609678 0.64847 -0.339757 0.176643 1.07813 -0.485952 -0.762376 -1.20849 0.182333 -0.00164551 0.0117793 1.25164 0.00679832 0.01867 -0.28992 0.963734 -0.399808 -0.801793 -0.122028 -0.23593 -0.0976168 -0.599038 0.782201 0.0166068 0.116638 -0.0107927 -0.281702 0.532225 -0.0848865
internal_weight=49977 49206 586 771 347 147 200 424 288 136 48620 45985 184 45801 44039 1762 142 1620 662 958 2635 1995 463 161 44006 9462 34544 4541 1802 3170
internal_count=49977 49206 586 771 347 147 200 424 288 136 48620 45985 184 45801 44039 1762 142 1620 662 958 2635 1995 463 161 44006 9462 34544 4541 1802 3170
is_linear=0
shrinkage=0.05


Tree=325
num_leaves=31
num_cat=0
split_feature=7 8 7 0 8 4 8 7 0 1 7 4 8 0 7 8 4 8 7 0 8 1 8 8 7 7 8 7 0 8
split_gain=44351.5 104739 132785 114970 95651.4 74061.1 103480 85293.4 73068.3 64344 94528.5 78264.9 89100.2 63910.5 92128.5 328428 83989.9 62856.4 62778.3 60856.8 60018.5 57504.8 108887 102820 86259.2 69867.5 54577.3 53838.5 51613 141149
threshold=15095.360000000002 15095.071250000003 9078.782500000003 24.115000000000006 15708.635000000002 15.500000000000002 15216.782500000003 9398.2637500000019 32.596875000000011 2.5000000000000004 15488.403750000003 13.500000000000002 16180.853750000002 27.335625000000007 16182.750000000002 15271.990000000002 6.5000000000000009 15970.238750000002 14426.328750000002 34.420625000000008 10711.386250000001 3.5000000000000004 14100.821250000003 14052.772500000001 15709.533750000001 15709.533750000001 15020.916250000002 15159.067500000003 27.288125000000004 15629.727500000001
decision_type=2 2 2 2 2 2 2 2 2 2 2 2 2 2 2 2 2 2 2 2 2 2 2 2 2 2 2 2 2 2
left_child=1 -1 -3 -4 13 7 -7 -5 18 -6 17 -12 -13 16 20 -16 -2 -11 -8 -17 -15 22 -22 24 -23 -25 27 -24 29 -9
right_child=4 2 3 5 9 6 8 28 -10 10 11 12 -14 14 15 19 -18 -19 -20 -21 21 23 26 25 -26 -27 -28 -29 -30 -31
leaf_value=0.00081406554482969275 0.77518318644355222 4.4656537986937028 2.8008418119683558 -2.4171676769852639 0.9416939611812789 1.9177630196357596 -4.7670977765863594 -0.97433739992999302 -0.094541364008525641 -0.33975676477673544 -0.053636562282633832 0.49167739356960266 3.2192585383973475 2.1947518359059877 6.7780565931683503 0.65544982332932333 -1.1913414335679311 -2.5192912313342095 -1.3768917646672991 -2.7520193064212801 -3.5897023382885709 -0.15559507215164117 -2.8898610313373965 0.70440260795159981 -3.4839889959855515 3.6022524466881389 -0.27660746897360899 -0.81458872147751138 0.85924215949808236 2.2779002673096129
leaf_weight=46018 63 21 49 24 224 29 22 129 53 83 553 111 41 23 21 38 393 55 36 20 29 169 38 104 22 26 741 176 530 45
leaf_count=46018 63 21 49 24 224 29 22 129 53 83 553 111 41 23 21 38 393 55 36 20 29 169 38 104 22 26 741 176 530 45
internal_value=-0.00030118 0.0114755 0.534523 0.444497 -0.189034 0.311478 -0.741713 0.514014 -1.43653 0.188457 -0.0116916 0.22256 1.22741 -0.405235 -0.238516 1.42033 -0.919651 -1.20841 -2.66283 -0.51954 -0.337197 -0.381821 -0.571392 0.199293 -0.53897 1.28397 -0.479737 -1.1831 0.613941 -0.133241
internal_weight=49886 46956 938 917 2930 868 140 728 111 1067 843 705 152 1863 1407 79 456 138 58 58 1328 1305 984 321 191 130 955 214 704 174
internal_count=49886 46956 938 917 2930 868 140 728 111 1067 843 705 152 1863 1407 79 456 138 58 58 1328 1305 984 321 191 130 955 214 704 174
is_linear=0
shrinkage=0.05


Tree=326
num_leaves=31
num_cat=0
split_feature=6 8 7 7 4 6 8 6 6 4 0 6 4 6 4 8 8 1 6 8 8 7 7 4 8 7 0 1 7 1
split_gain=48013.8 288218 179625 162132 167116 292279 137891 178726 115125 95065 94319 138609 153067 115431 109399 104694 120389 194291 101475 124121 102717 93616.5 90555.9 83082.9 82940.7 242040 186546 144309 244085 151596
threshold=11735.470000000003 11730.305000000002 9995.2300000000014 8932.0187500000011 6.5000000000000009 12548.750000000002 12739.3575 12748.266250000002 15708.635000000002 1.5000000000000002 25.094375000000003 13653.031250000002 6.5000000000000009 12973.690000000001 2.5000000000000004 9882.4812500000025 11947.117500000002 1.5000000000000002 12748.266250000002 11680.070000000002 11880.291250000002 8857.7225000000017 10765.295000000002 14.500000000000002 13930.993750000003 15217.817500000003 23.203125000000004 3.5000000000000004 12130.758750000003 8.5000000000000018
decision_type=2 2 2 2 2 2 2 2 2 2 2 2 2 2 2 2 2 2 2 2 2 2 2 2 2 2 2 2 2 2
left_child=1 -1 3 21 -5 23 10 22 -7 -9 13 12 -12 15 -15 -4 -17 -18 19 -14 -20 -2 -8 -6 25 26 -11 -28 -29 -30
right_child=2 -3 6 4 5 8 7 9 -10 24 11 -13 18 14 -16 16 17 -19 20 -21 -22 -23 -24 -25 -26 -27 27 28 29 -31
leaf_value=0.0042102018292299844 -0.028342453790415684 0.81845776139825832 2.0327656644873504 0.33278984341247025 -6.0091291560683144 -1.407485518866489 2.9887888640799423 1.3022290904560816 2.0563473106290284 0.49093132046995491 1.0649534585475922 1.3375164056117854 -1.0587341900865237 -4.0447083508096098 -1.163979857344003 -1.2793857736832035 2.5663612480958307 -0.41381405140408911 0.044956093852959789 0.13444699442184704 -1.9069739291071892 3.4784703640710739 0.70583052319983663 -2.7281400258200512 0.084952780044586271 -4.2656923294067388 -0.81132905625724305 -0.96399685460688367 1.6227837493665078 -0.17519803089497415
leaf_weight=35621 203 1121 41 121 43 310 47 138 26 725 200 155 300 41 168 362 60 618 103 797 195 21 573 35 5876 37 1139 338 255 217
leaf_count=35621 203 1121 41 121 43 310 47 138 26 725 200 155 300 41 168 362 60 618 103 797 195 21 573 35 5876 37 1139 338 255 217
internal_value=-0.000286121 0.0290529 -0.0822989 -0.828947 -1.3018 -1.77955 -0.0365414 0.0586149 -1.13945 0.000325718 -0.329053 -0.089937 -0.228655 -0.653435 -1.7291 -0.445467 -0.543166 -0.150082 -0.414119 -0.191856 -1.23231 0.300421 0.878893 -4.53689 -0.0205969 -0.249372 -0.193799 -0.448508 0.0616802 0.796169
internal_weight=49886 36742 13144 759 535 414 12385 9345 336 8725 3040 1750 1595 1290 209 1081 1040 678 1395 1097 298 224 620 78 8587 2711 2674 1949 810 472
internal_count=49886 36742 13144 759 535 414 12385 9345 336 8725 3040 1750 1595 1290 209 1081 1040 678 1395 1097 298 224 620 78 8587 2711 2674 1949 810 472
is_linear=0
shrinkage=0.05


Tree=327
num_leaves=31
num_cat=0
split_feature=6 8 7 7 8 6 4 8 8 4 2 1 7 8 7 8 1 8 6 8 4 7 7 7 1 8 4 6 8 8
split_gain=43332.4 260117 162111 149867 124447 161300 107537 93435.1 166048 85796.1 84281 81745.6 81726.7 79694.2 124020 150696 137047 211846 150905 105995 136856 117122 112341 82178.4 86489.5 160012 142557 128816 93415.7 74901.9
threshold=11735.470000000003 11730.305000000002 9995.2300000000014 9918.4200000000019 12739.3575 12748.266250000002 15.500000000000002 9932.7700000000023 9408.8300000000017 1.5000000000000002 1.0000000180025095e-35 11.500000000000002 10765.295000000002 13342.058750000002 13673.840000000002 15563.876250000003 3.5000000000000004 14197.517500000002 14102.270000000002 15271.990000000002 16.500000000000004 14844.657500000003 15021.748750000001 13218.593750000002 1.5000000000000002 14052.772500000001 9.5000000000000018 13653.031250000002 14563.515000000001 13398.315000000002
decision_type=2 2 2 2 2 2 2 2 2 2 2 2 2 2 2 2 2 2 2 2 2 2 2 2 2 2 2 2 2 2
left_child=1 -1 3 6 10 12 7 8 -2 -7 -4 -3 -6 -11 15 23 17 -16 -19 22 21 -21 -20 24 25 26 -15 -28 -26 -8
right_child=2 11 4 -5 5 9 29 -9 -10 13 -12 -13 -14 14 16 -17 -18 18 19 20 -22 -23 -24 -25 28 -27 27 -29 -30 -31
leaf_value=0.0039996911931765005 -1.4175966757535936 0.88518547708790685 -0.2896137467394424 -3.6544821808504504 2.8393494287069809 1.2371176651422529 -3.9545179075316379 -0.56041573408928491 4.8772556131536318 -0.3997047997492143 -3.3278395010077433 -0.91595382463576192 0.67053899748371126 4.0220241663977507 -0.98508578825961157 4.4545837732878599 0.90653500285093935 1.422883204362023 -0.10437624356191066 1.2211416861663262 -3.2204041194915778 0.049118007065929621 -0.98078079769986193 0.71417173765225783 -0.29036970071663509 3.6191692166858247 1.0336223540966176 -1.4411082804203035 0.75519219968023144 -0.87313066880877432
leaf_weight=35621 20 1054 3017 43 47 138 38 595 22 1188 23 67 573 24 680 22 316 171 1087 240 30 1906 551 792 1053 45 121 93 268 41
leaf_count=35621 20 1054 3017 43 47 138 38 595 22 1188 23 67 573 24 680 22 316 171 1087 240 30 1906 551 792 1053 45 121 93 268 41
internal_value=-0.000271815 0.0276003 -0.0781839 -0.7875 -0.0347143 0.0556841 -0.615321 -0.399529 1.87971 0.000309432 -0.3126 0.777535 0.834949 -0.0195671 0.0414687 0.335274 -0.101158 -0.169417 -0.0302317 -0.0953819 0.133309 0.180192 -0.399186 0.297451 0.0916887 0.884934 0.367957 -0.0418447 -0.0782496 -2.35532
internal_weight=49886 36742 13144 759 12385 9345 716 637 42 8725 3040 1121 620 8587 7399 2418 4981 4665 3985 3814 2176 2146 1638 2396 1604 283 238 214 1321 79
internal_count=49886 36742 13144 759 12385 9345 716 637 42 8725 3040 1121 620 8587 7399 2418 4981 4665 3985 3814 2176 2146 1638 2396 1604 283 238 214 1321 79
is_linear=0
shrinkage=0.05


Tree=328
num_leaves=31
num_cat=0
split_feature=8 6 7 8 0 7 6 0 0 8 8 3 6 0 7 8 8 4 7 0 4 6 8 4 8 6 7 8 0 8
split_gain=42465.2 83818.4 91447.7 81416.8 71927.1 141458 146355 67303.4 165469 56525.9 53573.9 50011.4 49360.1 84392.3 83874.6 80546.6 78419.9 71033.3 68172.4 63192 176123 59936.5 158288 93609.7 89216.5 121611 200190 143604 132714 119741
threshold=6370.5687500000013 6621.9212500000003 7592.7275000000009 6890.3150000000005 19.570625000000003 6180.5912500000004 5948.7587500000009 21.926250000000007 22.248750000000005 5948.7587500000009 5948.7587500000009 1.0000000180025095e-35 7450.6750000000002 24.598125000000007 7871.7587500000009 7733.2925000000005 8169.8450000000003 20.500000000000004 9042.1812500000015 21.462500000000009 3.5000000000000004 8797.657500000003 8796.1450000000023 16.500000000000004 9430.7200000000012 10133.965000000002 14499.126250000003 10667.337500000001 33.30125000000001 10473.683750000002
decision_type=2 2 2 2 2 2 2 2 2 2 2 2 2 2 2 2 2 2 2 2 2 2 2 2 2 2 2 2 2 2
left_child=4 2 -2 -3 10 9 -7 -8 -9 -6 -1 -12 13 16 -15 19 -5 18 -16 20 -14 22 -17 -24 -23 26 27 28 -26 -27
right_child=1 3 -4 12 5 6 7 8 -10 -11 11 -13 15 14 17 21 -18 -19 -20 -21 -22 24 23 -25 25 29 -28 -29 -30 -31
leaf_value=3.2992427253723147 0.30409888829008258 -0.47567096231401101 1.8887178528640007 0.3916822347051806 -3.2707543266601249 1.4486427742037922 0.39277709983289244 -4.64750740369161 -0.68124800114564499 -0.72655583611306029 1.6454574921956429 -1.6802311360836031 3.2966135725710126 -0.80879710291590645 0.96991740112365399 0.017515339728726549 2.6087591269212527 -1.0153276026896809 -0.4623826816553871 -0.37177624235574974 -0.55638294668718324 -0.18644516720326682 0.91626481097102241 0.22719608886700696 0.084595497798632513 -0.37497025948098073 -2.9862076851228876 1.0436098003361858 0.94921552762389183 0.0055650214282063652
leaf_weight=20 580 894 108 1466 61 100 96 30 213 34 26 20 45 321 270 8327 41 92 120 2035 87 6703 834 1205 4369 2329 48 524 494 18394
leaf_count=20 580 894 108 1466 61 100 96 30 213 34 26 20 45 321 270 8327 41 92 120 2035 87 6703 834 1205 4369 2329 48 524 494 18394
internal_value=-0.000258224 0.0048317 0.552847 -0.00292653 -0.418362 -0.610822 -0.232256 -0.728096 -1.17091 -2.3602 1.13882 0.199506 0.00593296 0.231395 -0.182618 -0.00554031 0.452001 0.234402 0.52921 -0.30301 0.757139 0.00937205 0.114199 0.509042 -0.0236956 0.0180091 0.228523 0.257168 0.172427 -0.0372023
internal_weight=49886 49286 688 48598 600 534 439 339 243 95 66 46 47704 2310 803 45394 1507 482 390 2167 132 43227 10366 2039 32861 26158 5435 5387 4863 20723
internal_count=49886 49286 688 48598 600 534 439 339 243 95 66 46 47704 2310 803 45394 1507 482 390 2167 132 43227 10366 2039 32861 26158 5435 5387 4863 20723
is_linear=0
shrinkage=0.05


Tree=329
num_leaves=31
num_cat=0
split_feature=6 8 7 7 4 6 8 6 6 7 0 6 4 6 4 8 4 8 1 6 8 8 6 4 0 1 4 7 7 4
split_gain=39179.1 233875 145721 141991 147400 253853 111945 145574 103401 84744.9 84686.9 125474 138147 103652 99064.1 95390.7 184988 113391 176290 91562 112183 92546.7 80522.7 79574.8 79282.6 129220 77431 73758.4 72721.3 96378.1
threshold=11735.470000000003 11730.305000000002 9995.2300000000014 8932.0187500000011 6.5000000000000009 12548.750000000002 12739.3575 12748.266250000002 15708.635000000002 8857.7225000000017 25.094375000000003 13653.031250000002 6.5000000000000009 12973.690000000001 2.5000000000000004 10296.880000000003 4.5000000000000009 11947.117500000002 1.5000000000000002 12748.266250000002 11680.070000000002 11880.291250000002 13300.582500000002 14.500000000000002 21.586875000000003 11.500000000000002 1.5000000000000002 10765.295000000002 14499.126250000003 7.5000000000000009
decision_type=2 2 2 2 2 2 2 2 2 2 2 2 2 2 2 2 2 2 2 2 2 2 2 2 2 2 2 2 2 2
left_child=1 -1 3 9 -5 23 10 27 -7 -2 13 12 -12 15 -15 16 -4 -17 -19 20 -14 -21 -23 -6 -3 -26 -9 -8 29 -22
right_child=2 24 6 4 5 8 7 26 -10 -11 11 -13 19 14 -16 17 -18 18 -20 21 28 22 -24 -25 25 -27 -28 -29 -30 -31
leaf_value=0.0038789250806352082 -0.0027359685654123429 3.2307383871847586 -0.90370233743279071 0.34580040510035748 -5.6485503706821181 -1.2955065958970977 2.6971037215374887 1.1749835446692896 1.9872225941946873 3.3337785493759884 1.0268656607195736 1.288034617939303 -0.99127793924013785 -3.8268739944551053 -1.0855849432714639 -1.2297001743364788 5.4407378944754603 2.4598411540190384 -0.37892091074675127 0.056910711816213669 -1.8062363577336074 -1.4062302622286713 -4.4453791217803955 -2.43757705279759 0.80014233154476655 -1.5503319762256598 -0.018866965842511473 0.63673379274823072 -1.2213277596851875 0.47059801189736894
leaf_weight=35621 203 31 27 121 43 310 47 138 26 21 200 155 300 41 168 356 20 60 618 103 50 170 25 35 1028 62 8587 573 87 660
leaf_count=35621 203 31 27 121 43 310 47 138 26 21 200 155 300 41 168 356 20 60 618 103 50 170 25 35 1028 62 8587 573 87 660
internal_value=-0.000245312 0.0262574 -0.0743295 -0.746833 -1.18935 -1.63802 -0.033116 0.0526217 -1.04149 0.310062 -0.296675 -0.0700968 -0.202078 -0.604047 -1.62335 -0.406976 1.79606 -0.507114 -0.127703 -0.378271 -0.167143 -1.15548 -1.79586 -4.20773 0.737358 0.666446 1.57127e-05 0.792923 0.143071 0.310258
internal_weight=49886 36742 13144 759 535 414 12385 9345 336 224 3040 1750 1595 1290 209 1081 47 1034 678 1395 1097 298 195 78 1121 1090 8725 620 797 710
internal_count=49886 36742 13144 759 535 414 12385 9345 336 224 3040 1750 1595 1290 209 1081 47 1034 678 1395 1097 298 195 78 1121 1090 8725 620 797 710
is_linear=0
shrinkage=0.05


Tree=330
num_leaves=31
num_cat=0
split_feature=5 4 4 8 6 4 8 4 1 8 7 4 1 1 1 8 6 7 6 6 1 8 7 6 4 7 6 8 8 6
split_gain=63070.1 105464 552527 235093 236040 174460 161184 142853 212463 125413 176250 127760 200711 162026 401436 198397 170892 147648 113543 109589 118574 108030 95132.6 120983 113581 92295.6 92467.3 87013.6 86417.1 85798.1
threshold=37.500000000000007 15.500000000000002 17.500000000000004 12261.76 10756.986250000002 13.500000000000002 10473.683750000002 18.500000000000004 3.5000000000000004 8226.1800000000021 8002.3812500000013 16.500000000000004 9.5000000000000018 7.5000000000000009 5.5000000000000009 10437.258750000003 9250.2250000000004 10200.72875 9603.8350000000009 9498.6225000000013 11.500000000000002 8740.0525000000016 10572.312500000002 14566.588750000001 16.500000000000004 12130.758750000003 11363.383750000003 9602.5350000000017 9330.0212500000034 12694.316250000002
decision_type=2 2 2 2 2 2 2 2 2 2 2 2 2 2 2 2 2 2 2 2 2 2 2 2 2 2 2 2 2 2
left_child=-1 5 3 4 9 -2 7 8 28 -3 -11 12 27 14 15 16 -13 -17 -16 20 -15 -10 -5 24 29 26 -6 -12 -4 -24
right_child=1 2 6 22 25 -7 -8 -9 21 10 11 13 -14 19 18 17 -18 -19 -20 -21 -22 -23 23 -25 -26 -27 -28 -29 -30 -31
leaf_value=0.048042435414402576 -0.064838065187818428 0.45559807383870504 -2.1926702693981284 -2.4471086733043195 -3.6786026684137489 0.62955094031347036 3.9652868889845339 -0.13873313662182526 0.71690856748438903 -5.6437101905162521 -1.0128431336560719 -0.9780493161617182 -2.9792724338270005 0.78898551751756019 -4.5967323453195634 2.5393409097833293 -6.1527950973422447 -2.5954179116657805 -8.9292997670173655 -3.4753598731139612 -3.2337293790734338 2.456095709513304 4.6041580063956129 -1.3452432363752336 -0.70410863558451342 -1.4370419546409892 -7.486008598493493 1.2622040332810394 0.36716713418718427 1.3155593577553244
leaf_weight=37553 7324 83 68 32 52 1032 26 2590 235 26 71 39 62 90 62 42 27 21 20 29 23 144 28 63 48 27 23 103 64 68
leaf_count=37553 7324 83 68 32 52 1032 26 2590 235 26 71 39 62 90 62 42 27 21 20 29 23 144 28 63 48 27 23 103 64 68
internal_value=0.0156394 -0.0815361 -0.287042 -1.28599 -1.69708 0.0209218 0.0448759 0.0120057 0.776024 -1.36877 -1.61498 -1.43714 -0.536524 -2.03925 -2.91803 -1.17923 -3.09499 0.827755 -5.65346 -0.733468 -0.0297972 1.37771 0.0900395 0.482256 1.28179 -3.94378 -4.84621 0.33388 -0.951537 2.27473
internal_weight=50075 12522 4166 1039 800 8356 3127 3101 511 698 615 589 236 353 211 129 66 63 82 142 113 379 239 207 144 102 75 174 132 96
internal_count=50075 12522 4166 1039 800 8356 3127 3101 511 698 615 589 236 353 211 129 66 63 82 142 113 379 239 207 144 102 75 174 132 96
is_linear=0
shrinkage=0.05


Tree=331
num_leaves=31
num_cat=0
split_feature=8 6 6 7 3 1 4 4 4 7 1 4 7 6 8 8 1 4 7 1 8 4 4 6 8 6 7 4 6 4
split_gain=46745.5 95846.3 91001.9 84988.1 76241.9 72973.6 103259 71745.4 108356 71250.2 61438.1 243431 122526 66236.6 97197.8 93310.2 149137 229964 301622 160511 275948 292701 208667 170367 264050 157680 145111 172358 171500 139260
threshold=7613.8012500000013 7615.6937500000013 7161.2675000000008 6946.5425000000005 1.0000000180025095e-35 4.5000000000000009 21.500000000000004 11.500000000000002 4.5000000000000009 7211.8275000000003 11.500000000000002 15.500000000000002 9846.5800000000017 8500.220000000003 9430.7200000000012 8887.9125000000022 7.5000000000000009 2.5000000000000004 9007.0850000000009 6.5000000000000009 10373.172500000002 18.500000000000004 10.500000000000002 12610.421250000001 12468.762500000003 11035.775000000003 9059.4550000000017 6.5000000000000009 10407.072500000002 7.5000000000000009
decision_type=2 2 2 2 2 2 2 2 2 2 2 2 2 2 2 2 2 2 2 2 2 2 2 2 2 2 2 2 2 2
left_child=1 5 3 -2 -3 6 -1 8 -7 -9 13 -12 -13 14 -4 -15 19 18 -18 -17 21 22 25 24 26 -21 -22 28 -28 -26
right_child=2 4 10 -5 -6 7 -8 9 -10 -11 11 12 -14 15 -16 16 17 -19 -20 20 23 -23 -24 -25 29 -27 27 -29 -30 -31
leaf_value=0.40859169991158728 4.2306965661048892 -0.83570534719146616 0.14662374114911161 0.77117942906444592 -0.050229868980661764 0.0082679955280467263 4.2914685819459999 0.03333574105329902 1.0530875297964259 -0.65771863341172332 0.060415740632071571 -0.94487237922526957 -3.2317727069887852 -0.2009212935274495 1.6363687761195072 0.026046818152372916 1.2129129252069073 0.17585737339993165 7.6274252282083044 -0.48653762889750896 -2.119290549078813 1.4543052720936758 -2.2931036121724695 -0.69253777549917683 5.318644195556641 -4.1672660458472466 5.6109223225842353 -0.16163644899890461 0.95218393655759948 1.3768418598363903
leaf_weight=67 20 733 8046 158 534 2244 23 743 279 749 1285 314 72 4610 111 18822 219 8043 20 474 78 103 356 664 25 31 23 873 140 216
leaf_count=67 20 733 8046 158 534 2244 23 743 279 749 1285 314 72 4610 111 18822 219 8043 20 474 78 103 356 664 25 31 23 873 140 216
internal_value=0.0148574 -0.1245 0.0316041 1.15989 -0.504653 -0.00716652 1.40088 -0.0387293 0.123807 -0.313581 0.0270935 -0.270343 -1.37144 0.0386914 0.166896 0.00855147 0.0406474 0.221275 1.74969 -0.0279587 -0.36872 -1.06468 -1.36603 -0.0364227 0.285098 -0.712483 -0.0395479 0.117035 1.60955 1.78574
internal_weight=50075 5372 44703 178 1267 4105 90 4015 2523 1492 44525 1671 386 42854 8157 34697 30087 8282 239 21805 2983 964 861 2019 1355 505 1114 1036 163 241
internal_count=50075 5372 44703 178 1267 4105 90 4015 2523 1492 44525 1671 386 42854 8157 34697 30087 8282 239 21805 2983 964 861 2019 1355 505 1114 1036 163 241
is_linear=0
shrinkage=0.05


Tree=332
num_leaves=31
num_cat=0
split_feature=5 8 7 0 8 1 0 8 7 7 8 0 8 1 8 0 0 5 7 0 0 0 7 8 0 8 7 7 8 0
split_gain=56764.9 97822.9 59530.9 94551.3 74648.7 72514.1 51992.1 66202.6 101967 47367.7 72401.9 117236 54084.1 52941.6 44754.9 44404 99220.6 41511.5 39668.4 39261.7 43880.5 45356.8 36037.4 36871.4 34653.8 58783.2 86683.8 83918.2 68000 82525.4
threshold=37.500000000000007 13222.700000000003 13744.677500000003 23.800625000000007 13575.381250000002 1.5000000000000002 22.140625000000004 11781.025000000003 11568.395000000002 14844.657500000003 15158.182500000001 24.013125000000006 15708.635000000002 2.5000000000000004 5948.7587500000009 25.275625000000005 27.240625000000005 1.0000000180025095e-35 15273.420000000002 25.130625000000006 27.193125000000006 30.520625000000006 9995.2300000000014 13290.517500000002 30.990000000000006 11269.088750000001 14426.328750000002 10681.578750000002 8811.3312500000011 33.445625000000014
decision_type=2 2 2 2 2 2 2 2 2 2 2 2 2 2 2 2 2 2 2 2 2 2 2 2 2 2 2 2 2 2
left_child=9 6 3 -3 5 -4 7 8 14 10 24 -12 -11 15 -2 -14 -17 -13 -18 -15 -21 -22 -5 -24 -1 27 -27 28 -26 -30
right_child=1 2 4 22 -6 -7 -8 -9 -10 12 11 17 13 19 -16 16 18 -19 -20 20 21 -23 23 -25 25 26 -28 -29 29 -31
leaf_value=0.03228039280435107 -2.5793612773601828 1.7739033438430891 -0.016454173314074675 -0.56578760217760038 0.092890036908344381 -3.9452611456746638 -0.10146454275095262 0.34601589002902955 -3.2153144320926152 -0.31413246812838191 3.8101010139499394 1.1322611578900343 2.7184532097407752 -1.5923662847624376 -0.47352960373276076 -1.8988391327135492 0.17758460994209013 0.12528504470781404 1.8449601295448486 1.3639348680512948 -0.93236210081846493 0.16213795332424344 -1.3692815785224621 0.55557646581732012 -0.12941418052260256 0.68894564320681795 -0.6042144614339664 -0.43656903238550226 0.099507490095782802 0.78784258643718996
leaf_weight=29936 26 135 24 97 1180 23 9337 207 37 1796 28 157 28 39 853 33 62 294 84 57 124 400 26 577 1013 914 151 639 1058 740
leaf_count=29936 26 135 24 97 1180 23 9337 207 37 1796 28 157 28 39 853 33 62 294 84 57 124 400 26 577 1013 914 151 639 1058 740
internal_value=0.0141146 -0.0780757 0.236681 0.56235 0.0150565 -1.93906 -0.140124 -0.461554 -0.644051 0.0448553 0.0602435 0.670734 -0.160067 0.174518 -0.535818 0.866869 0.577236 0.475829 1.1369 -0.0566383 0.0464485 -0.0968659 0.328693 0.472581 0.0517554 0.180881 0.505596 0.080643 0.198216 0.382804
internal_weight=50075 12522 2062 835 1227 47 10460 1123 916 37553 34930 479 2623 827 879 207 179 451 146 620 581 524 700 603 34451 4515 1065 3450 2811 1798
internal_count=50075 12522 2062 835 1227 47 10460 1123 916 37553 34930 479 2623 827 879 207 179 451 146 620 581 524 700 603 34451 4515 1065 3450 2811 1798
is_linear=0
shrinkage=0.05


Tree=333
num_leaves=31
num_cat=0
split_feature=5 4 4 7 4 6 1 4 1 4 1 6 3 1 1 1 6 1 7 6 7 6 6 7 5 1 4 4 4 7
split_gain=51230.3 90763.2 497968 205266 158306 141076 203134 306764 372219 124966 177942 115732 113503 102622 97873.6 132385 96685.3 91748.6 81555.2 74978.2 71813.2 69593.1 66101.4 102411 94639.9 251901 283583 268822 295419 280311
threshold=37.500000000000007 15.500000000000002 17.500000000000004 11874.002500000001 13.500000000000002 9908.9537500000024 7.5000000000000009 16.500000000000004 3.5000000000000004 18.500000000000004 3.5000000000000004 10670.582500000002 1.0000000180025095e-35 5.5000000000000009 9.5000000000000018 7.5000000000000009 10756.986250000002 6.5000000000000009 8022.3200000000006 7917.1600000000008 10340.982500000002 14566.588750000001 11110.028750000001 9995.2300000000014 1.0000000180025095e-35 3.5000000000000004 1.0000000180025095e-35 1.5000000000000002 21.500000000000004 9098.8137500000012
decision_type=2 2 2 2 2 2 2 2 2 2 2 2 2 2 2 2 2 2 2 2 2 2 2 2 2 2 2 2 2 2
left_child=22 4 3 5 -2 12 7 13 16 10 -4 -11 18 -7 15 17 -9 -12 -3 -14 -15 -5 24 -24 25 27 -27 29 -29 -1
right_child=1 2 9 21 -6 6 -8 8 -10 11 14 -13 19 20 -16 -17 -18 -19 -20 -21 -22 -23 23 -25 -26 26 -28 28 -30 -31
leaf_value=5.5121859440704188 -0.060815763012382722 2.1471243418180026 -0.79580229719755824 0.80127526788661874 0.60064488994643506 -0.96963414666908132 -4.0610760040322083 0.41923193774725265 -7.9981161732098158 -0.12125983886658052 1.6286180817297777 3.4412146195121434 0.62712455093860631 0.71612090697655317 -0.13220530969373298 3.1919791186944799 -2.7647344728931786 -0.89235262384220049 -0.76240396260850662 -2.6719571516879146 4.7013133716583253 -1.1803135890047998 -0.55061940088425865 -0.011196440367876774 0.15561898283860001 -1.2703550578553289 0.13648373822548171 -1.5306850273890988 0.36950579483860307 0.18632218711078169
leaf_weight=30 7324 26 135 144 1032 42 115 38 29 2590 137 23 20 26 89 104 64 49 327 124 20 64 956 11052 17118 378 6840 759 280 140
leaf_count=30 7324 26 135 144 1032 42 115 38 29 2590 137 23 20 26 89 104 64 49 327 124 20 64 956 11052 17118 378 6840 759 280 140
internal_value=0.0134088 -0.0741719 -0.264818 -1.21316 0.0208773 -1.56477 -2.35946 -1.46592 -2.99968 0.0502867 0.76296 -0.0899024 -1.03071 0.817282 1.31819 1.76331 -1.57855 0.964491 -0.548104 -2.21375 2.44881 0.191556 0.0426125 -0.0541418 0.0880941 -0.0490712 0.0628089 -0.71702 -1.0186 1.12618
internal_weight=50075 12522 4166 1039 8356 831 334 219 131 3127 514 2613 497 88 379 290 102 186 353 144 46 208 37553 12008 25545 8427 7218 1209 1039 170
internal_count=50075 12522 4166 1039 8356 831 334 219 131 3127 514 2613 497 88 379 290 102 186 353 144 46 208 37553 12008 25545 8427 7218 1209 1039 170
is_linear=0
shrinkage=0.05


Tree=334
num_leaves=31
num_cat=0
split_feature=5 4 4 7 4 3 6 0 4 6 6 7 7 4 0 6 6 7 5 4 4 4 3 4 6 6 4 6 4 4
split_gain=46235.4 81913.8 449416 185253 142871 130182 124373 143074 112782 104448 81950.9 88292.8 81504.9 80233.1 64176.4 62807.8 59656.5 92426 85412.5 142295 933511 405822 310387 254688 222506 197376 232962 182178 153949 150568
threshold=37.500000000000007 15.500000000000002 17.500000000000004 11874.002500000001 13.500000000000002 1.0000000180025095e-35 9961.751250000003 25.891875000000002 18.500000000000004 10670.582500000002 7917.1600000000008 9220.2850000000017 9059.4550000000017 16.500000000000004 24.151875000000008 14566.588750000001 11110.028750000001 9995.2300000000014 1.0000000180025095e-35 17.500000000000004 18.500000000000004 14.500000000000002 1.0000000180025095e-35 13.500000000000002 8244.6412500000024 10507.207500000002 16.500000000000004 8741.385000000002 22.500000000000004 6.5000000000000009
decision_type=2 2 2 2 2 2 2 2 2 2 2 2 2 2 2 2 2 2 2 2 2 2 2 2 2 2 2 2 2 2
left_child=16 4 3 5 -2 6 7 -3 14 -10 -7 13 -8 -12 -4 -5 18 -18 19 21 22 23 27 29 -24 -23 -27 -21 -22 -1
right_child=1 2 8 15 -6 10 12 -9 9 -11 11 -13 -14 -15 -16 -17 17 -19 -20 20 28 25 24 -25 -26 26 -28 -29 -30 -31
leaf_value=-0.20252276647060979 -0.057774974974420371 1.2896906856181367 -1.0159856282174589 0.76121150056521103 0.57061265101453273 0.59576836228370667 -4.9841638303938369 -1.0592693944369824 -0.11519684584277348 3.2691538002180018 -1.7415691469113033 -1.8658081955486729 -1.7112927541874425 -4.8600986361503606 0.90412203305332961 -1.1212979178410023 -0.52308843091995338 -0.01063661848413908 0.14783803327647946 -0.37813148981428402 0.27285783020027093 0.81942861736644468 -1.5765651324620613 -1.6803283073615618 -5.6527256912373485 1.6103515742854642 6.3848885271284317 -2.5793345484153303 -0.69359375530118905 0.41146018702642434
leaf_weight=2800 7324 84 48 144 1032 20 21 284 2590 23 30 124 202 66 466 64 956 11052 17118 187 2030 649 52 233 94 88 36 189 517 1552
leaf_count=2800 7324 84 48 144 1032 20 21 284 2590 23 30 124 202 66 466 64 956 11052 17118 187 2030 649 52 233 94 88 36 189 517 1552
internal_value=0.0127384 -0.0704633 -0.251577 -1.15251 0.0198335 -1.48653 -1.08773 -0.523094 0.0477724 -0.0854073 -2.46858 -2.74715 -2.0195 -3.88556 0.724812 0.181978 0.0404819 -0.0514347 0.0836894 -0.0466176 -0.318094 0.108881 -2.24433 -0.0697915 -4.20094 1.16866 2.99651 -1.48459 0.0766837 0.0164344
internal_weight=50075 12522 4166 1039 8356 831 591 368 3127 2613 240 220 223 96 514 208 37553 12008 25545 8427 3069 5358 522 4585 146 773 124 376 2547 4352
internal_count=50075 12522 4166 1039 8356 831 591 368 3127 2613 240 220 223 96 514 208 37553 12008 25545 8427 3069 5358 522 4585 146 773 124 376 2547 4352
is_linear=0
shrinkage=0.05


Tree=335
num_leaves=31
num_cat=0
split_feature=7 4 8 8 1 4 4 4 4 5 5 4 1 4 7 1 4 8 4 4 5 7 5 4 8 2 4 1 8 4
split_gain=44742.2 77623.2 79772.7 78478.6 65482.4 466078 154956 165462 173725 272106 209939 339504 145786 129779 125696 215035 150788 194792 277250 121893 285628 114637 113192 374362 108421 100361 197791 110567 183491 180339
threshold=8801.5025000000005 1.5000000000000002 8205.5612500000007 13575.381250000002 7.5000000000000009 2.5000000000000004 20.500000000000004 17.500000000000004 18.500000000000004 1.0000000180025095e-35 1.0000000180025095e-35 19.500000000000004 8.5000000000000018 3.5000000000000004 10085.423750000002 9.5000000000000018 9.5000000000000018 11361.776250000001 13.500000000000002 15.500000000000002 1.0000000180025095e-35 15095.360000000002 1.0000000180025095e-35 2.5000000000000004 12062.01375 1.0000000180025095e-35 15.500000000000002 9.5000000000000018 10996.808750000002 16.500000000000004
decision_type=2 2 2 2 2 2 2 2 2 2 2 2 2 2 2 2 2 2 2 2 2 2 2 2 2 2 2 2 2 2
left_child=-1 3 -3 -2 13 12 7 14 9 -9 11 -10 -6 22 25 16 21 18 -18 -17 -21 -16 23 -4 -23 27 -27 29 -29 -7
right_child=1 2 4 -5 5 6 -8 8 10 -11 -12 -13 -14 -15 15 19 17 -19 -20 20 -22 24 -24 -25 -26 26 -28 28 -30 -31
leaf_value=0.053778780005964782 0.21473255671297362 -0.40230409151317492 1.8366445676126379 2.2039762042316737 6.905528099306169 -0.91139000855701069 -1.4258867946805927 -1.016794309616089 4.3749057677254752 2.8712679745091334 -0.43561356761579556 -1.0093635547046478 1.7737060317993167 -0.057595432968138661 0.8370489585207711 -0.18297863956009466 -1.0204473727596786 0.66448715402686642 0.402968395426334 1.4684612222015858 -3.2472584114861243 0.043987555671664125 -0.74886907638398303 -1.2419522916468291 -3.4648561843803956 -0.57645733006975863 -6.3828659343719485 -0.089113912459252625 2.4347012754529715 1.0190678223439142
leaf_weight=16952 1782 1657 188 51 31 852 177 60 67 180 322 52 25 18965 1483 1928 670 866 699 48 97 103 1267 208 28 55 20 939 78 141
leaf_count=16952 1782 1657 188 51 31 852 177 60 67 180 322 52 25 18965 1483 1928 670 866 699 48 97 103 1267 208 28 55 20 939 78 141
internal_value=-0.012258 -0.0461408 -0.0647152 0.27008 -0.0457845 0.067399 0.0386748 0.0685122 0.816718 1.89925 0.227583 2.02212 4.61454 -0.094733 0.00487688 0.122425 0.343538 0.0775933 -0.293663 -0.288124 -1.68619 0.711808 -0.518253 0.219604 -0.705994 -0.328993 -2.12483 -0.261984 0.104453 -0.637277
internal_weight=49991 33039 31206 1833 29549 8921 8865 8688 681 240 441 119 56 20628 8007 5922 3849 2235 1369 2073 145 1614 1663 396 131 2085 75 2010 1017 993
internal_count=49991 33039 31206 1833 29549 8921 8865 8688 681 240 441 119 56 20628 8007 5922 3849 2235 1369 2073 145 1614 1663 396 131 2085 75 2010 1017 993
is_linear=0
shrinkage=0.05


Tree=336
num_leaves=31
num_cat=0
split_feature=7 8 4 7 5 8 0 1 1 8 1 4 1 4 0 8 1 8 8 8 0 8 8 1 8 4 5 7 4 8
split_gain=41791 90875.9 78920.4 142875 420146 197275 172917 161758 154932 152393 137398 225001 223136 141655 269562 498610 321914 203865 105815 99733 124302 109404 121944 85759 155136 131475 588216 186896 164447 221238
threshold=9098.8137500000012 15095.071250000003 16.500000000000004 10605.166250000002 1.0000000180025095e-35 12468.762500000003 24.361875000000008 7.5000000000000009 6.5000000000000009 10837.820000000002 7.5000000000000009 19.500000000000004 11.500000000000002 19.500000000000004 26.485625000000002 10227.180000000002 2.5000000000000004 10473.683750000002 15158.182500000001 10040.423750000002 27.288125000000004 10755.413750000002 10564.233750000001 9.5000000000000018 8648.3312500000011 15.500000000000002 1.0000000180025095e-35 10812.315000000002 13.500000000000002 12126.287500000002
decision_type=2 2 2 2 2 2 2 2 2 2 2 2 2 2 2 2 2 2 2 2 2 2 2 2 2 2 2 2 2 2
left_child=1 -1 23 5 9 6 -4 8 18 -5 13 12 -12 14 15 16 -8 -15 -6 -16 -21 22 -22 -2 -25 28 27 -27 -26 -30
right_child=2 -3 3 4 7 -7 10 -9 -10 -11 11 -13 -14 17 19 -17 -18 -19 -20 20 21 -23 -24 24 25 26 -28 -29 29 -31
leaf_value=0.040358596705319369 0.018478096891269738 3.0567977819442751 -1.2242497155519985 -1.106032934254163 -1.5967682645138523 3.5224693253233625 -10.27423392868042 0.3729975994936256 -5.7374258742882658 1.5938760330495629 1.2051817008230377 -1.0477384547007154 -3.2163426399230959 0.040356204330194788 -0.73600751197163294 1.323035066555708 -2.8886726876927749 3.9082907179423745 -5.3190318593382839 3.4022506302800672 0.13802110966883208 -1.0996703069976399 3.1446985116819057 -1.4727498340619993 -0.24539054423023063 6.2220355545098975 -2.9260276047440321 0.22690170911642224 1.4359854939993395 -1.2318667260432008
leaf_weight=20072 22429 25 338 73 421 37 25 86 26 184 584 174 30 1277 716 39 36 35 20 29 190 140 41 245 2075 26 154 26 337 101
leaf_count=20072 22429 25 338 73 421 37 25 86 26 184 584 174 30 1277 716 39 36 35 20 29 190 140 41 245 2075 26 154 26 337 101
internal_value=-0.0116451 0.0441109 -0.0491285 -0.242092 -0.843435 -0.110126 -0.146909 -1.61974 -1.98671 0.826976 -0.0370955 0.539377 0.989146 -0.216787 -0.605562 -3.0925 -5.91554 0.14354 -1.76558 -0.382718 0.24967 0.00324207 0.671674 -0.014925 -0.267691 -0.159107 -1.37348 3.22447 -0.059561 0.820796
internal_weight=49991 20097 29894 4501 810 3691 3654 553 467 257 3316 788 614 2528 1216 100 61 1312 441 1116 400 371 231 25393 2964 2719 206 52 2513 438
internal_count=49991 20097 29894 4501 810 3691 3654 553 467 257 3316 788 614 2528 1216 100 61 1312 441 1116 400 371 231 25393 2964 2719 206 52 2513 438
is_linear=0
shrinkage=0.05


Tree=337
num_leaves=31
num_cat=0
split_feature=6 4 7 8 7 4 8 4 7 1 8 0 8 8 7 3 8 7 7 7 0 7 8 0 8 1 1 7 7 8
split_gain=39514.3 171190 198206 162652 286483 152639 140404 221534 167627 149146 127781 148990 122597 113818 108134 106801 228114 157352 130406 132811 92352.9 92153.4 91220.2 106148 107705 84420.3 137841 85024.9 81245.1 75815.8
threshold=9659.246250000002 16.500000000000004 8135.9450000000006 9703.4625000000033 12688.515000000001 19.500000000000004 9984.2900000000027 17.500000000000004 9159.0562500000033 4.5000000000000009 10667.337500000001 27.379375000000007 8378.9737500000028 10800.113750000002 11244.045000000002 1.0000000180025095e-35 10875.905000000002 10340.982500000002 9486.2937500000025 10305.975 32.726250000000014 10479.892500000004 15417.848750000003 33.976250000000014 11072.096250000001 9.5000000000000018 8.5000000000000018 9059.4550000000017 9300.3437500000018 10875.905000000002
decision_type=2 2 2 2 2 2 2 2 2 2 2 2 2 2 2 2 2 2 2 2 2 2 2 2 2 2 2 2 2 2
left_child=3 12 -3 -1 10 6 7 9 -9 -4 14 28 -2 -7 20 17 18 25 -17 -20 -5 -22 23 -19 -25 26 27 29 -12 -8
right_child=1 2 5 4 -6 13 15 8 -10 -11 11 -13 -14 -15 -16 16 -18 22 19 -21 21 -23 -24 24 -26 -27 -28 -29 -30 -31
leaf_value=0.00047829011651038248 -2.1501927386024104 -5.1961581144820563 -6.2726709842681885 0.31518122618007222 -1.5632383967674262 0.13420483046675277 -3.8437232786958866 0.90039041921643936 -1.7108133658861657 -2.2513777572578855 6.9016831207275393 0.8714579419077686 -0.0081909392006323991 3.8015383330258459 2.6761880790193877 -6.0533738430341089 -0.37457380846308341 -0.89437304353857616 -0.053252425619534083 -4.944315557635349 2.2104917803669681 -0.21495361826636575 -3.5706627024544613 -1.8490166031178974 2.3936384275555613 -2.3254155198733013 2.5431023934250137 0.59841395644914541 2.7291953712701797 0.14443687022878574
leaf_weight=23692 67 22 31 1032 148 552 22 101 157 90 20 72 22450 22 60 30 225 415 35 23 136 55 27 21 52 24 83 273 28 26
leaf_count=23692 67 22 31 1032 148 552 22 101 157 90 20 72 22450 22 60 30 225 415 35 23 136 55 27 21 52 24 83 273 28 26
internal_value=-0.0110628 -0.0559582 -0.473736 0.0329522 0.529 -0.426704 -0.672968 -1.51645 -0.688598 -3.28163 0.749707 2.30997 -0.0145645 0.274765 0.603775 -0.418446 -1.21873 -0.152815 -3.37709 -1.99281 0.502103 1.51207 -0.741617 -0.585092 1.17315 0.555673 0.726827 0.257198 4.46773 -1.68347
internal_weight=49991 24748 2231 25243 1551 2209 1635 379 258 121 1403 120 22517 574 1283 1256 313 943 88 58 1223 191 515 488 73 428 404 321 48 48
internal_count=49991 24748 2231 25243 1551 2209 1635 379 258 121 1403 120 22517 574 1283 1256 313 943 88 58 1223 191 515 488 73 428 404 321 48 48
is_linear=0
shrinkage=0.05


Tree=338
num_leaves=31
num_cat=0
split_feature=6 8 8 6 4 4 8 6 8 5 4 1 4 4 4 1 5 4 6 8 6 6 6 5 3 1 8 6 4 5
split_gain=36478.1 140861 107901 138871 97203.7 218294 101288 206774 112305 104239 100494 99936.1 84565.5 137903 220347 223707 323826 249619 145356 138742 130441 169964 116376 114505 97592.2 77541.6 99633.8 76185.2 76018.9 323543
threshold=9387.6000000000004 9366.907500000003 10373.172500000002 10599.892500000002 22.500000000000004 17.500000000000004 11407.567500000001 11147.367500000002 11781.025000000003 1.0000000180025095e-35 15.500000000000002 9.5000000000000018 19.500000000000004 16.500000000000004 17.500000000000004 7.5000000000000009 1.0000000180025095e-35 18.500000000000004 9659.246250000002 8345.5537500000009 9705.0025000000005 9883.3705500000015 10334.691250000002 22.500000000000004 1.0000000180025095e-35 7.5000000000000009 10012.522500000001 14199.525000000001 16.500000000000004 1.0000000180025095e-35
decision_type=2 2 2 2 2 2 2 2 2 2 2 2 2 2 2 2 2 2 2 2 2 2 2 2 2 2 2 2 2 2
left_child=1 -1 12 -4 5 6 27 8 10 -10 -8 -12 13 19 18 16 17 -16 -15 -2 -17 -22 24 -20 -14 26 -25 28 -5 -30
right_child=2 -3 3 4 -6 -7 7 -9 9 -11 11 -13 22 14 15 20 -18 -19 23 -21 21 -23 -24 25 -26 -27 -28 -29 29 -31
leaf_value=-0.0029862460544539775 -2.036124796367655 0.43093116843554768 0.38741359729848973 -0.22843481733181897 2.5963111800806864 -5.0187392394651065 1.0269951752441651 -0.012111889205376517 5.3496898867867211 1.634214341041065 0.095268232670595074 -3.9135153705423527 0.091579278887103571 -0.33869860110447764 -8.0861300905545548 2.5133463645660701 -0.33206266746868823 -2.0380634933204975 -1.8175169770107713 -0.1467371577133588 -2.4146494771571874 1.3094842498275368 -1.8441335356794299 -7.8745543386625201 1.3473150493529849 -2.2102651783398222 -3.2205754549606986 -3.1535708546638492 2.0734493909343596 -4.5955350648273123
leaf_weight=21020 99 2053 2178 3166 35 22 230 13667 22 133 53 22 721 94 24 85 371 59 129 5240 47 88 64 23 197 28 23 23 31 44
leaf_count=21020 99 2053 2178 3166 35 22 230 13667 22 133 53 22 721 94 24 85 371 59 129 5240 47 88 64 23 197 28 23 23 31 44
internal_value=-0.0105097 0.0356231 -0.0500528 0.0109667 -0.0360244 -0.0413154 -0.0350188 0.0229823 1.06566 2.16157 0.508724 -1.08064 -0.214283 -0.281455 -0.829558 -0.329566 -0.963674 -3.7869 -1.96422 -0.181772 0.979002 0.012934 0.217337 -2.71692 0.361056 -4.2848 -5.54756 -0.286055 -0.265705 -1.83902
internal_weight=49991 23073 26918 19626 17448 17413 17391 14127 460 155 305 75 7292 6310 971 674 454 83 297 5339 220 135 982 203 918 74 46 3264 3241 75
internal_count=49991 23073 26918 19626 17448 17413 17391 14127 460 155 305 75 7292 6310 971 674 454 83 297 5339 220 135 982 203 918 74 46 3264 3241 75
is_linear=0
shrinkage=0.05


Tree=339
num_leaves=31
num_cat=0
split_feature=4 4 5 8 7 7 7 8 6 3 6 4 7 6 7 8 6 8 6 7 7 7 3 5 6 8 7 8 6 8
split_gain=36846.1 123827 149675 208594 207438 131081 111314 107245 210312 102811 92773.1 83031.6 83013.8 77184.2 131559 76344.4 92013.4 76155.8 186476 73174.9 72919.5 67769.2 72048.3 67377.9 67343.6 117671 65762.2 184740 111648 130586
threshold=6.5000000000000009 5.5000000000000009 1.0000000180025095e-35 10373.172500000002 10142.096250000002 9007.0850000000009 13673.840000000002 13398.315000000002 13404.055000000002 1.0000000180025095e-35 10536.356250000003 1.5000000000000002 13218.593750000002 11889.421250000001 11998.110000000002 8759.8637500000023 7678.255000000001 12126.287500000002 11270.075000000003 12606.491250000001 13218.593750000002 13493.250000000002 1.0000000180025095e-35 37.500000000000007 10715.331250000001 12597.687500000002 9078.782500000003 9130.2912500000039 9476.8200000000015 9754.8725000000031
decision_type=2 2 2 2 2 2 2 2 2 2 2 2 2 2 2 2 2 2 2 2 2 2 2 2 2 2 2 2 2 2
left_child=1 6 5 10 -5 -3 7 8 17 13 15 -9 19 -6 23 16 -4 18 -1 -10 -19 22 -12 -15 -8 -26 -2 -28 -29 -30
right_child=26 2 3 4 9 -7 24 11 12 -11 21 -13 -14 14 -16 -17 -18 20 -20 -21 -22 -23 -24 -25 25 -27 27 28 29 -31
leaf_value=0.045814334425393795 0.052296959298888515 0.93801366299790834 1.6127151455858659 3.4332804206558452 2.2644903234298659 -0.81372513366314725 -2.8799989804625512 2.7876811111966773 -0.37527372980117801 0.022948662712323396 0.47888980276730603 0.56697820915856911 -0.3605181995962487 -2.1406483057472445 1.4447090158905711 0.87324236492332941 -0.55991058980805619 0.31417831117848316 -0.73035641241752147 -3.5095173732058642 1.8278540957380427 -3.7524191856384279 -2.7774345563008236 0.7395897594658104 1.1112510450375386 -1.0732647282464214 -0.48718867015223782 0.31125908960979654 -0.62127694757045226 -0.044144328765519346
leaf_weight=9824 12913 149 58 93 151 377 36 48 25 220 49 342 61 45 271 292 305 830 840 73 88 23 26 37 78 294 2582 2056 1041 16764
leaf_count=9824 12913 149 58 93 151 377 36 48 25 220 49 342 61 45 271 292 305 830 840 73 88 23 26 37 78 294 2582 2056 1041 16764
internal_value=-0.00998421 0.0567356 0.412463 0.657027 1.21032 -0.31751 -0.00272712 0.0245938 -0.00250136 0.924777 0.0567041 0.840295 -1.80861 1.31843 0.913744 0.271376 -0.212769 0.0222932 -0.0153244 -2.70997 0.45928 -1.3781 -0.649969 -0.841029 -0.815054 -0.615221 -0.0376017 -0.0893266 -0.0376031 -0.0778874
internal_weight=49991 14635 2096 1570 817 526 12539 12131 11741 724 753 390 159 504 353 655 363 11582 10664 98 918 98 75 82 408 372 35356 22443 19861 17805
internal_count=49991 14635 2096 1570 817 526 12539 12131 11741 724 753 390 159 504 353 655 363 11582 10664 98 918 98 75 82 408 372 35356 22443 19861 17805
is_linear=0
shrinkage=0.05


end of trees

feature_importances:
y_lag_1=2633
hour=2060
y_lag_24h=1942
y_lag_7d=1163
month=1140
temp_weighted=679
minute=446
is_weekend=110
holiday=27

parameters:
[boosting: gbdt]
[objective: regression]
[metric: rmse,l1]
[tree_learner: serial]
[device_type: cpu]
[data_sample_strategy: bagging]
[data: ]
[valid: ]
[num_iterations: 1000]
[learning_rate: 0.05]
[num_leaves: 31]
[num_threads: 0]
[seed: 42]
[deterministic: 0]
[force_col_wise: 0]
[force_row_wise: 0]
[histogram_pool_size: -1]
[max_depth: -1]
[min_data_in_leaf: 20]
[min_sum_hessian_in_leaf: 0.001]
[bagging_fraction: 0.8]
[pos_bagging_fraction: 1]
[neg_bagging_fraction: 1]
[bagging_freq: 5]
[bagging_seed: 400]
[bagging_by_query: 0]
[feature_fraction: 0.8]
[feature_fraction_bynode: 1]
[feature_fraction_seed: 30056]
[extra_trees: 0]
[extra_seed: 12879]
[early_stopping_round: 0]
[early_stopping_min_delta: 0]
[first_metric_only: 0]
[max_delta_step: 0]
[lambda_l1: 0]
[lambda_l2: 0]
[linear_lambda: 0]
[min_gain_to_split: 0]
[drop_rate: 0.1]
[max_drop: 50]
[skip_drop: 0.5]
[xgboost_dart_mode: 0]
[uniform_drop: 0]
[drop_seed: 17869]
[top_rate: 0.2]
[other_rate: 0.1]
[min_data_per_group: 100]
[max_cat_threshold: 32]
[cat_l2: 10]
[cat_smooth: 10]
[max_cat_to_onehot: 4]
[top_k: 20]
[monotone_constraints: ]
[monotone_constraints_method: basic]
[monotone_penalty: 0]
[feature_contri: ]
[forcedsplits_filename: ]
[refit_decay_rate: 0.9]
[cegb_tradeoff: 1]
[cegb_penalty_split: 0]
[cegb_penalty_feature_lazy: ]
[cegb_penalty_feature_coupled: ]
[path_smooth: 0]
[interaction_constraints: ]
[verbosity: -1]
[saved_feature_importance_type: 0]
[use_quantized_grad: 0]
[num_grad_quant_bins: 4]
[quant_train_renew_leaf: 0]
[stochastic_rounding: 1]
[linear_tree: 0]
[max_bin: 255]
[max_bin_by_feature: ]
[min_data_in_bin: 3]
[bin_construct_sample_cnt: 200000]
[data_random_seed: 175]
[is_enable_sparse: 1]
[enable_bundle: 1]
[use_missing: 1]
[zero_as_missing: 0]
[feature_pre_filter: 1]
[pre_partition: 0]
[two_round: 0]
[header: 0]
[label_column: ]
[weight_column: ]
[group_column: ]
[ignore_column: ]
[categorical_feature: ]
[forcedbins_filename: ]
[precise_float_parser: 0]
[parser_config_file: ]
[objective_seed: 16083]
[num_class: 1]
[is_unbalance: 0]
[scale_pos_weight: 1]
[sigmoid: 1]
[boost_from_average: 1]
[reg_sqrt: 0]
[alpha: 0.9]
[fair_c: 1]
[poisson_max_delta_step: 0.7]
[tweedie_variance_power: 1.5]
[lambdarank_truncation_level: 30]
[lambdarank_norm: 1]
[label_gain: ]
[lambdarank_position_bias_regularization: 0]
[eval_at: ]
[multi_error_top_k: 1]
[auc_mu_weights: ]
[num_machines: 1]
[local_listen_port: 12400]
[time_out: 120]
[machine_list_filename: ]
[machines: ]
[gpu_platform_id: -1]
[gpu_device_id: -1]
[gpu_use_dp: 0]
[num_gpu: 1]

end of parameters

pandas_categorical:[]
