timestamp,demand_mw,source
2026-02-07 21:15:00,10781.3575,import
2026-02-07 21:30:00,10679.135,import
2026-02-07 21:45:00,10576.9125,import
2026-02-07 22:00:00,10474.69,import
2026-02-07 22:15:00,10726.4425,import
2026-02-07 22:30:00,10978.195,import
2026-02-07 22:45:00,11229.9475,import
2026-02-07 23:00:00,11481.7,import
2026-02-07 23:15:00,11322.295,import
2026-02-07 23:30:00,11162.89,import
2026-02-07 23:45:00,11003.485,import
2026-02-08 00:00:00,10844.08,import
2026-02-08 00:15:00,10831.8675,import
2026-02-08 00:30:00,10819.655,import
2026-02-08 00:45:00,10807.4425,import
2026-02-08 01:00:00,10795.23,import
2026-02-08 01:15:00,10751.33,import
2026-02-08 01:30:00,10707.43,import
2026-02-08 01:45:00,10663.53,import
2026-02-08 02:00:00,10619.63,import
2026-02-08 02:15:00,10723.0275,import
2026-02-08 02:30:00,10826.425,import
2026-02-08 02:45:00,10929.822499999998,import
2026-02-08 03:00:00,11033.22,import
2026-02-08 03:15:00,11065.2125,import
2026-02-08 03:30:00,11097.205,import
2026-02-08 03:45:00,11129.1975,import
2026-02-08 04:00:00,11161.19,import
2026-02-08 04:15:00,11066.68,import
2026-02-08 04:30:00,10972.17,import
2026-02-08 04:45:00,10877.66,import
2026-02-08 05:00:00,10783.15,import
2026-02-08 05:15:00,10849.31,import
2026-02-08 05:30:00,10915.47,import
2026-02-08 05:45:00,10981.63,import
2026-02-08 06:00:00,11047.79,import
2026-02-08 06:15:00,11950.0675,import
2026-02-08 06:30:00,12852.345,import
2026-02-08 06:45:00,13754.6225,import
2026-02-08 07:00:00,14656.9,import
2026-02-08 07:15:00,15163.7175,import
2026-02-08 07:30:00,15670.535,import
2026-02-08 07:45:00,16177.3525,import
2026-02-08 08:00:00,16684.17,import
2026-02-08 08:15:00,16808.9525,import
2026-02-08 08:30:00,16933.735,import
2026-02-08 08:45:00,17058.517499999998,import
2026-02-08 09:00:00,17183.3,import
2026-02-08 09:15:00,17323.28,import
2026-02-08 09:30:00,17463.260000000002,import
2026-02-08 09:45:00,17603.24,import
2026-02-08 10:00:00,17743.22,import
2026-02-08 10:15:00,17797.9575,import
2026-02-08 10:30:00,17852.695,import
2026-02-08 10:45:00,17907.4325,import
2026-02-08 11:00:00,17962.17,import
2026-02-08 11:15:00,17479.184999999998,import
2026-02-08 11:30:00,16996.199999999997,import
2026-02-08 11:45:00,16513.215,import
2026-02-08 12:00:00,16030.23,import
2026-02-08 12:15:00,16241.5225,import
2026-02-08 12:30:00,16452.815000000002,import
2026-02-08 12:45:00,16664.107500000002,import
2026-02-08 13:00:00,16875.4,import
2026-02-08 13:15:00,16738.9775,import
2026-02-08 13:30:00,16602.555,import
2026-02-08 13:45:00,16466.1325,import
2026-02-08 14:00:00,16329.71,import
2026-02-08 14:15:00,16263.3425,import
2026-02-08 14:30:00,16196.975,import
2026-02-08 14:45:00,16130.6075,import
2026-02-08 15:00:00,16064.24,import
2026-02-08 15:15:00,15745.955,import
2026-02-08 15:30:00,15427.67,import
2026-02-08 15:45:00,15109.385,import
2026-02-08 16:00:00,14791.1,import
2026-02-08 16:15:00,14796.3225,import
2026-02-08 16:30:00,14801.545,import
2026-02-08 16:45:00,14806.7675,import
2026-02-08 17:00:00,14811.99,import
2026-02-08 17:15:00,14426.84,import
2026-02-08 17:30:00,14041.69,import
2026-02-08 17:45:00,13656.54,import
2026-02-08 18:00:00,13271.39,import
2026-02-08 18:15:00,13141.0275,import
2026-02-08 18:30:00,13010.665,import
2026-02-08 18:45:00,12880.3025,import
2026-02-08 19:00:00,12749.94,import
2026-02-08 19:15:00,12504.66,import
2026-02-08 19:30:00,12259.38,import
2026-02-08 19:45:00,12014.1,import
2026-02-08 20:00:00,11768.82,import
2026-02-08 20:15:00,11534.5425,import
2026-02-08 20:30:00,11300.265,import
2026-02-08 20:45:00,11065.9875,import
2026-02-08 21:00:00,10831.71,import
2026-02-08 21:15:00,10762.5275,import
2026-02-08 21:30:00,10693.345,import
2026-02-08 21:45:00,10624.1625,import
2026-02-08 22:00:00,10554.98,import
2026-02-08 22:15:00,10799.6225,import
2026-02-08 22:30:00,11044.265,import
2026-02-08 22:45:00,11288.9075,import
2026-02-08 23:00:00,11533.55,import
2026-02-08 23:15:00,11377.7275,import
2026-02-08 23:30:00,11221.905,import
2026-02-08 23:45:00,11066.0825,import
2026-02-09 00:00:00,10910.26,import
2026-02-09 00:15:00,10893.56,import
2026-02-09 00:30:00,10876.86,import
2026-02-09 00:45:00,10860.16,import
2026-02-09 01:00:00,10843.46,import
2026-02-09 01:15:00,10806.259999999998,import
2026-02-09 01:30:00,10769.06,import
2026-02-09 01:45:00,10731.86,import
2026-02-09 02:00:00,10694.66,import
2026-02-09 02:15:00,10841.6275,import
2026-02-09 02:30:00,10988.595,import
2026-02-09 02:45:00,11135.5625,import
2026-02-09 03:00:00,11282.53,import
2026-02-09 03:15:00,11301.8425,import
2026-02-09 03:30:00,11321.155,import
2026-02-09 03:45:00,11340.4675,import
2026-02-09 04:00:00,11359.78,import
2026-02-09 04:15:00,11200.275,import
2026-02-09 04:30:00,11040.77,import
2026-02-09 04:45:00,10881.265,import
2026-02-09 05:00:00,10721.76,import
2026-02-09 05:15:00,10858.43,import
2026-02-09 05:30:00,10995.1,import
2026-02-09 05:45:00,11131.77,import
2026-02-09 06:00:00,11268.44,import
2026-02-09 06:15:00,12255.8425,import
2026-02-09 06:30:00,13243.245,import
2026-02-09 06:45:00,14230.6475,import
2026-02-09 07:00:00,15218.05,import
2026-02-09 07:15:00,15670.56,import
2026-02-09 07:30:00,16123.07,import
2026-02-09 07:45:00,16575.58,import
2026-02-09 08:00:00,17028.09,import
2026-02-09 08:15:00,17168.3125,import
2026-02-09 08:30:00,17308.535,import
2026-02-09 08:45:00,17448.7575,import
2026-02-09 09:00:00,17588.98,import
2026-02-09 09:15:00,17662.095,import
2026-02-09 09:30:00,17735.21,import
2026-02-09 09:45:00,17808.324999999997,import
2026-02-09 10:00:00,17881.44,import
2026-02-09 10:15:00,18003.7225,import
2026-02-09 10:30:00,18126.005,import
2026-02-09 10:45:00,18248.2875,import
2026-02-09 11:00:00,18370.57,import
2026-02-09 11:15:00,17859.9075,import
2026-02-09 11:30:00,17349.245,import
2026-02-09 11:45:00,16838.5825,import
2026-02-09 12:00:00,16327.92,import
2026-02-09 12:15:00,16539.68,import
2026-02-09 12:30:00,16751.44,import
2026-02-09 12:45:00,16963.2,import
2026-02-09 13:00:00,17174.96,import
2026-02-09 13:15:00,17076.94,import
2026-02-09 13:30:00,16978.92,import
2026-02-09 13:45:00,16880.9,import
2026-02-09 14:00:00,16782.88,import
2026-02-09 14:15:00,16761.260000000002,import
2026-02-09 14:30:00,16739.64,import
2026-02-09 14:45:00,16718.02,import
2026-02-09 15:00:00,16696.4,import
2026-02-09 15:15:00,16363.3875,import
2026-02-09 15:30:00,16030.375,import
2026-02-09 15:45:00,15697.3625,import
2026-02-09 16:00:00,15364.35,import
2026-02-09 16:15:00,15341.49,import
2026-02-09 16:30:00,15318.63,import
2026-02-09 16:45:00,15295.77,import
2026-02-09 17:00:00,15272.91,import
2026-02-09 17:15:00,14908.4075,import
2026-02-09 17:30:00,14543.905,import
2026-02-09 17:45:00,14179.4025,import
2026-02-09 18:00:00,13814.9,import
2026-02-09 18:15:00,13654.135,import
2026-02-09 18:30:00,13493.37,import
2026-02-09 18:45:00,13332.605,import
2026-02-09 19:00:00,13171.84,import
2026-02-09 19:15:00,12933.1975,import
2026-02-09 19:30:00,12694.555,import
2026-02-09 19:45:00,12455.9125,import
2026-02-09 20:00:00,12217.27,import
2026-02-09 20:15:00,11962.525,import
2026-02-09 20:30:00,11707.78,import
2026-02-09 20:45:00,11453.035,import
2026-02-09 21:00:00,11198.29,import
2026-02-09 21:15:00,11096.875,import
2026-02-09 21:30:00,10995.46,import
2026-02-09 21:45:00,10894.045,import
2026-02-09 22:00:00,10792.63,import
2026-02-09 22:15:00,11057.525,import
2026-02-09 22:30:00,11322.419999999998,import
2026-02-09 22:45:00,11587.315,import
2026-02-09 23:00:00,11852.21,import
2026-02-09 23:15:00,11685.7675,import
2026-02-09 23:30:00,11519.325,import
2026-02-09 23:45:00,11352.8825,import
2026-02-10 00:00:00,11186.44,import
2026-02-10 00:15:00,11160.785,import
2026-02-10 00:30:00,11135.13,import
2026-02-10 00:45:00,11109.475,import
2026-02-10 01:00:00,11083.82,import
2026-02-10 01:15:00,11066.2325,import
2026-02-10 01:30:00,11048.645,import
2026-02-10 01:45:00,11031.0575,import
2026-02-10 02:00:00,11013.47,import
2026-02-10 02:15:00,11114.8075,import
2026-02-10 02:30:00,11216.145,import
2026-02-10 02:45:00,11317.4825,import
2026-02-10 03:00:00,11418.82,import
2026-02-10 03:15:00,11441.7175,import
2026-02-10 03:30:00,11464.615,import
2026-02-10 03:45:00,11487.5125,import
2026-02-10 04:00:00,11510.41,import
2026-02-10 04:15:00,11396.46,import
2026-02-10 04:30:00,11282.51,import
2026-02-10 04:45:00,11168.56,import
2026-02-10 05:00:00,11054.61,import
2026-02-10 05:15:00,11193.8075,import
2026-02-10 05:30:00,11333.005,import
2026-02-10 05:45:00,11472.2025,import
2026-02-10 06:00:00,11611.4,import
2026-02-10 06:15:00,12588.38,import
2026-02-10 06:30:00,13565.36,import
2026-02-10 06:45:00,14542.34,import
2026-02-10 07:00:00,15519.32,import
2026-02-10 07:15:00,15919.5175,import
2026-02-10 07:30:00,16319.715,import
2026-02-10 07:45:00,16719.9125,import
2026-02-10 08:00:00,17120.11,import
2026-02-10 08:15:00,17256.0075,import
2026-02-10 08:30:00,17391.905,import
2026-02-10 08:45:00,17527.8025,import
2026-02-10 09:00:00,17663.7,import
2026-02-10 09:15:00,17782.805,import
2026-02-10 09:30:00,17901.91,import
2026-02-10 09:45:00,18021.015,import
2026-02-10 10:00:00,18140.12,import
2026-02-10 10:15:00,18250.095,import
2026-02-10 10:30:00,18360.07,import
2026-02-10 10:45:00,18470.045,import
2026-02-10 11:00:00,18580.02,import
2026-02-10 11:15:00,18104.9175,import
2026-02-10 11:30:00,17629.815000000002,import
2026-02-10 11:45:00,17154.7125,import
2026-02-10 12:00:00,16679.61,import
2026-02-10 12:15:00,16833.885000000002,import
2026-02-10 12:30:00,16988.16,import
2026-02-10 12:45:00,17142.434999999998,import
2026-02-10 13:00:00,17296.71,import
2026-02-10 13:15:00,17205.32,import
2026-02-10 13:30:00,17113.93,import
2026-02-10 13:45:00,17022.54,import
2026-02-10 14:00:00,16931.15,import
2026-02-10 14:15:00,16914.1375,import
2026-02-10 14:30:00,16897.125,import
2026-02-10 14:45:00,16880.1125,import
2026-02-10 15:00:00,16863.1,import
2026-02-10 15:15:00,16557.642499999998,import
2026-02-10 15:30:00,16252.185,import
2026-02-10 15:45:00,15946.7275,import
2026-02-10 16:00:00,15641.27,import
2026-02-10 16:15:00,15617.0875,import
2026-02-10 16:30:00,15592.905,import
2026-02-10 16:45:00,15568.7225,import
2026-02-10 17:00:00,15544.54,import
2026-02-10 17:15:00,15176.68,import
2026-02-10 17:30:00,14808.82,import
2026-02-10 17:45:00,14440.96,import
2026-02-10 18:00:00,14073.1,import
2026-02-10 18:15:00,13909.78,import
2026-02-10 18:30:00,13746.46,import
2026-02-10 18:45:00,13583.14,import
2026-02-10 19:00:00,13419.82,import
2026-02-10 19:15:00,13157.6025,import
2026-02-10 19:30:00,12895.385,import
2026-02-10 19:45:00,12633.1675,import
2026-02-10 20:00:00,12370.95,import
2026-02-10 20:15:00,12067.2975,import
2026-02-10 20:30:00,11763.645,import
2026-02-10 20:45:00,11459.9925,import
2026-02-10 21:00:00,11156.34,import
2026-02-10 21:15:00,11036.2075,import
2026-02-10 21:30:00,10916.075,import
2026-02-10 21:45:00,10795.9425,import
2026-02-10 22:00:00,10675.81,import
2026-02-10 22:15:00,10956.8125,import
2026-02-10 22:30:00,11237.815,import
2026-02-10 22:45:00,11518.8175,import
2026-02-10 23:00:00,11799.82,import
2026-02-10 23:15:00,11693.91,import
2026-02-10 23:30:00,11588.0,import
2026-02-10 23:45:00,11482.09,import
2026-02-11 00:00:00,11376.18,import
2026-02-11 00:15:00,11340.465,import
2026-02-11 00:30:00,11304.75,import
2026-02-11 00:45:00,11269.035,import
2026-02-11 01:00:00,11233.32,import
2026-02-11 01:15:00,11191.71,import
2026-02-11 01:30:00,11150.1,import
2026-02-11 01:45:00,11108.49,import
2026-02-11 02:00:00,11066.88,import
2026-02-11 02:15:00,11220.205,import
2026-02-11 02:30:00,11373.53,import
2026-02-11 02:45:00,11526.855,import
2026-02-11 03:00:00,11680.18,import
2026-02-11 03:15:00,11698.795,import
2026-02-11 03:30:00,11717.41,import
2026-02-11 03:45:00,11736.025,import
2026-02-11 04:00:00,11754.64,import
2026-02-11 04:15:00,11632.8725,import
2026-02-11 04:30:00,11511.105,import
2026-02-11 04:45:00,11389.3375,import
2026-02-11 05:00:00,11267.57,import
2026-02-11 05:15:00,11388.7025,import
2026-02-11 05:30:00,11509.835,import
2026-02-11 05:45:00,11630.9675,import
2026-02-11 06:00:00,11752.1,import
2026-02-11 06:15:00,12731.4675,import
2026-02-11 06:30:00,13710.835,import
2026-02-11 06:45:00,14690.2025,import
2026-02-11 07:00:00,15669.57,import
2026-02-11 07:15:00,16055.5925,import
2026-02-11 07:30:00,16441.614999999998,import
2026-02-11 07:45:00,16827.6375,import
2026-02-11 08:00:00,17213.66,import
2026-02-11 08:15:00,17321.9025,import
2026-02-11 08:30:00,17430.145,import
2026-02-11 08:45:00,17538.3875,import
2026-02-11 09:00:00,17646.63,import
2026-02-11 09:15:00,17719.3975,import
2026-02-11 09:30:00,17792.165,import
2026-02-11 09:45:00,17864.932500000003,import
2026-02-11 10:00:00,17937.7,import
2026-02-11 10:15:00,18098.682500000003,import
2026-02-11 10:30:00,18259.665,import
2026-02-11 10:45:00,18420.6475,import
2026-02-11 11:00:00,18581.63,import
2026-02-11 11:15:00,18162.6175,import
2026-02-11 11:30:00,17743.605000000003,import
2026-02-11 11:45:00,17324.592500000002,import
2026-02-11 12:00:00,16905.58,import
2026-02-11 12:15:00,17093.1575,import
2026-02-11 12:30:00,17280.735,import
2026-02-11 12:45:00,17468.3125,import
2026-02-11 13:00:00,17655.89,import
2026-02-11 13:15:00,17516.6125,import
2026-02-11 13:30:00,17377.335,import
2026-02-11 13:45:00,17238.0575,import
2026-02-11 14:00:00,17098.78,import
2026-02-11 14:15:00,17104.622499999998,import
2026-02-11 14:30:00,17110.465,import
2026-02-11 14:45:00,17116.307500000003,import
2026-02-11 15:00:00,17122.15,import
2026-02-11 15:15:00,16803.2575,import
2026-02-11 15:30:00,16484.365,import
2026-02-11 15:45:00,16165.4725,import
2026-02-11 16:00:00,15846.58,import
2026-02-11 16:15:00,15834.7775,import
2026-02-11 16:30:00,15822.975,import
2026-02-11 16:45:00,15811.1725,import
2026-02-11 17:00:00,15799.37,import
2026-02-11 17:15:00,15471.975,import
2026-02-11 17:30:00,15144.580000000002,import
2026-02-11 17:45:00,14817.185,import
2026-02-11 18:00:00,14489.79,import
2026-02-11 18:15:00,14267.9225,import
2026-02-11 18:30:00,14046.055,import
2026-02-11 18:45:00,13824.1875,import
2026-02-11 19:00:00,13602.32,import
2026-02-11 19:15:00,13317.445,import
2026-02-11 19:30:00,13032.57,import
2026-02-11 19:45:00,12747.695,import
2026-02-11 20:00:00,12462.82,import
2026-02-11 20:15:00,12231.6575,import
2026-02-11 20:30:00,12000.495,import
2026-02-11 20:45:00,11769.3325,import
2026-02-11 21:00:00,11538.17,import
2026-02-11 21:15:00,11448.485,import
2026-02-11 21:30:00,11358.8,import
2026-02-11 21:45:00,11269.115,import
2026-02-11 22:00:00,11179.43,import
2026-02-11 22:15:00,11482.2725,import
2026-02-11 22:30:00,11785.115,import
2026-02-11 22:45:00,12087.9575,import
2026-02-11 23:00:00,12390.8,import
2026-02-11 23:15:00,12282.2575,import
2026-02-11 23:30:00,12173.715,import
2026-02-11 23:45:00,12065.1725,import
2026-02-12 00:00:00,11956.63,import
2026-02-12 00:15:00,11928.09,import
2026-02-12 00:30:00,11899.55,import
2026-02-12 00:45:00,11871.009999999998,import
2026-02-12 01:00:00,11842.47,import
2026-02-12 01:15:00,11782.375,import
2026-02-12 01:30:00,11722.28,import
2026-02-12 01:45:00,11662.185,import
2026-02-12 02:00:00,11602.09,import
2026-02-12 02:15:00,11734.8925,import
2026-02-12 02:30:00,11867.695,import
2026-02-12 02:45:00,12000.4975,import
2026-02-12 03:00:00,12133.3,import
2026-02-12 03:15:00,12154.775,import
2026-02-12 03:30:00,12176.25,import
2026-02-12 03:45:00,12197.725,import
2026-02-12 04:00:00,12219.2,import
2026-02-12 04:15:00,12131.53,import
2026-02-12 04:30:00,12043.86,import
2026-02-12 04:45:00,11956.19,import
2026-02-12 05:00:00,11868.52,import
2026-02-12 05:15:00,11985.035,import
2026-02-12 05:30:00,12101.55,import
2026-02-12 05:45:00,12218.065,import
2026-02-12 06:00:00,12334.58,import
2026-02-12 06:15:00,13258.88,import
2026-02-12 06:30:00,14183.18,import
2026-02-12 06:45:00,15107.48,import
2026-02-12 07:00:00,16031.78,import
2026-02-12 07:15:00,16296.0125,import
2026-02-12 07:30:00,16560.245,import
2026-02-12 07:45:00,16824.4775,import
2026-02-12 08:00:00,17088.71,import
2026-02-12 08:15:00,17230.77,import
2026-02-12 08:30:00,17372.83,import
2026-02-12 08:45:00,17514.89,import
2026-02-12 09:00:00,17656.95,import
2026-02-12 09:15:00,17805.555,import
2026-02-12 09:30:00,17954.16,import
2026-02-12 09:45:00,18102.765,import
2026-02-12 10:00:00,18251.37,import
2026-02-12 10:15:00,18394.5125,import
2026-02-12 10:30:00,18537.655,import
2026-02-12 10:45:00,18680.7975,import
2026-02-12 11:00:00,18823.94,import
2026-02-12 11:15:00,18273.3,import
2026-02-12 11:30:00,17722.66,import
2026-02-12 11:45:00,17172.02,import
2026-02-12 12:00:00,16621.38,import
2026-02-12 12:15:00,16848.45,import
2026-02-12 12:30:00,17075.52,import
2026-02-12 12:45:00,17302.59,import
2026-02-12 13:00:00,17529.66,import
2026-02-12 13:15:00,17388.6075,import
2026-02-12 13:30:00,17247.555,import
2026-02-12 13:45:00,17106.502500000002,import
2026-02-12 14:00:00,16965.45,import
2026-02-12 14:15:00,16939.7825,import
2026-02-12 14:30:00,16914.114999999998,import
2026-02-12 14:45:00,16888.4475,import
2026-02-12 15:00:00,16862.78,import
2026-02-12 15:15:00,16637.004999999997,import
2026-02-12 15:30:00,16411.23,import
2026-02-12 15:45:00,16185.455,import
2026-02-12 16:00:00,15959.68,import
2026-02-12 16:15:00,15922.1725,import
2026-02-12 16:30:00,15884.665,import
2026-02-12 16:45:00,15847.1575,import
2026-02-12 17:00:00,15809.65,import
2026-02-12 17:15:00,15420.985,import
2026-02-12 17:30:00,15032.32,import
2026-02-12 17:45:00,14643.655,import
2026-02-12 18:00:00,14254.99,import
2026-02-12 18:15:00,14059.85,import
2026-02-12 18:30:00,13864.71,import
2026-02-12 18:45:00,13669.57,import
2026-02-12 19:00:00,13474.43,import
2026-02-12 19:15:00,13213.8775,import
2026-02-12 19:30:00,12953.325,import
2026-02-12 19:45:00,12692.7725,import
2026-02-12 20:00:00,12432.22,import
2026-02-12 20:15:00,12184.9675,import
2026-02-12 20:30:00,11937.715,import
2026-02-12 20:45:00,11690.4625,import
2026-02-12 21:00:00,11443.21,import
2026-02-12 21:15:00,11389.6475,import
2026-02-12 21:30:00,11336.085,import
2026-02-12 21:45:00,11282.5225,import
2026-02-12 22:00:00,11228.96,import
2026-02-12 22:15:00,11529.2575,import
2026-02-12 22:30:00,11829.555,import
2026-02-12 22:45:00,12129.8525,import
2026-02-12 23:00:00,12430.15,import
2026-02-12 23:15:00,12317.075,import
2026-02-12 23:30:00,12204.0,import
2026-02-12 23:45:00,12090.925,import
2026-02-13 00:00:00,11977.85,import
2026-02-13 00:15:00,11948.97,import
2026-02-13 00:30:00,11920.09,import
2026-02-13 00:45:00,11891.21,import
2026-02-13 01:00:00,11862.33,import
2026-02-13 01:15:00,11815.115,import
2026-02-13 01:30:00,11767.9,import
2026-02-13 01:45:00,11720.685,import
2026-02-13 02:00:00,11673.47,import
2026-02-13 02:15:00,11822.947499999998,import
2026-02-13 02:30:00,11972.425,import
2026-02-13 02:45:00,12121.9025,import
2026-02-13 03:00:00,12271.38,import
2026-02-13 03:15:00,12291.44,import
2026-02-13 03:30:00,12311.5,import
2026-02-13 03:45:00,12331.56,import
2026-02-13 04:00:00,12351.62,import
2026-02-13 04:15:00,12247.6925,import
2026-02-13 04:30:00,12143.765,import
2026-02-13 04:45:00,12039.8375,import
2026-02-13 05:00:00,11935.91,import
2026-02-13 05:15:00,12041.505,import
2026-02-13 05:30:00,12147.1,import
2026-02-13 05:45:00,12252.695,import
2026-02-13 06:00:00,12358.29,import
2026-02-13 06:15:00,13287.19,import
2026-02-13 06:30:00,14216.09,import
2026-02-13 06:45:00,15144.99,import
2026-02-13 07:00:00,16073.89,import
2026-02-13 07:15:00,16337.28,import
2026-02-13 07:30:00,16600.67,import
2026-02-13 07:45:00,16864.06,import
2026-02-13 08:00:00,17127.45,import
2026-02-13 08:15:00,17331.225,import
2026-02-13 08:30:00,17535.0,import
2026-02-13 08:45:00,17738.775,import
2026-02-13 09:00:00,17942.55,import
2026-02-13 09:15:00,18039.9575,import
2026-02-13 09:30:00,18137.365,import
2026-02-13 09:45:00,18234.7725,import
2026-02-13 10:00:00,18332.18,import
2026-02-13 10:15:00,18484.305,import
2026-02-13 10:30:00,18636.43,import
2026-02-13 10:45:00,18788.555,import
2026-02-13 11:00:00,18940.68,import
2026-02-13 11:15:00,18501.3575,import
2026-02-13 11:30:00,18062.035,import
2026-02-13 11:45:00,17622.7125,import
2026-02-13 12:00:00,17183.39,import
2026-02-13 12:15:00,17339.8775,import
2026-02-13 12:30:00,17496.364999999998,import
2026-02-13 12:45:00,17652.8525,import
2026-02-13 13:00:00,17809.34,import
2026-02-13 13:15:00,17684.489999999998,import
2026-02-13 13:30:00,17559.64,import
2026-02-13 13:45:00,17434.79,import
2026-02-13 14:00:00,17309.94,import
2026-02-13 14:15:00,17279.59,import
2026-02-13 14:30:00,17249.239999999998,import
2026-02-13 14:45:00,17218.89,import
2026-02-13 15:00:00,17188.54,import
2026-02-13 15:15:00,15808.990000000002,import
2026-02-13 15:30:00,14429.44,import
2026-02-13 15:45:00,13049.89,import
2026-02-13 16:00:00,11670.34,import
2026-02-13 16:15:00,12633.2475,import
2026-02-13 16:30:00,13596.155,import
2026-02-13 16:45:00,14559.0625,import
2026-02-13 17:00:00,15521.97,import
2026-02-13 17:15:00,15217.665,import
2026-02-13 17:30:00,14913.36,import
2026-02-13 17:45:00,14609.055,import
2026-02-13 18:00:00,14304.75,import
2026-02-13 18:15:00,14120.69,import
2026-02-13 18:30:00,13936.63,import
2026-02-13 18:45:00,13752.57,import
2026-02-13 19:00:00,13568.51,import
2026-02-13 19:15:00,13293.515,import
2026-02-13 19:30:00,13018.52,import
2026-02-13 19:45:00,12743.525,import
2026-02-13 20:00:00,12468.53,import
2026-02-13 20:15:00,12207.895,import
2026-02-13 20:30:00,11947.26,import
2026-02-13 20:45:00,11686.625,import
2026-02-13 21:00:00,11425.99,import
2026-02-13 21:15:00,11371.135,import
2026-02-13 21:30:00,11316.28,import
2026-02-13 21:45:00,11261.425,import
2026-02-13 22:00:00,11206.57,import
2026-02-13 22:15:00,11512.17,import
2026-02-13 22:30:00,11817.77,import
2026-02-13 22:45:00,12123.37,import
2026-02-13 23:00:00,12428.97,import
2026-02-13 23:15:00,12294.255,import
2026-02-13 23:30:00,12159.54,import
2026-02-13 23:45:00,12024.825,import
2026-02-14 00:00:00,11890.11,import
2026-02-14 00:15:00,11895.4075,import
2026-02-14 00:30:00,11900.705,import
2026-02-14 00:45:00,11906.0025,import
2026-02-14 01:00:00,11911.3,import
2026-02-14 01:15:00,11858.3375,import
2026-02-14 01:30:00,11805.375,import
2026-02-14 01:45:00,11752.4125,import
2026-02-14 02:00:00,11699.45,import
2026-02-14 02:15:00,11852.9,import
2026-02-14 02:30:00,12006.35,import
2026-02-14 02:45:00,12159.8,import
2026-02-14 03:00:00,12313.25,import
2026-02-14 03:15:00,12322.1475,import
2026-02-14 03:30:00,12331.045,import
2026-02-14 03:45:00,12339.9425,import
2026-02-14 04:00:00,12348.84,import
2026-02-14 04:15:00,12210.2,import
2026-02-14 04:30:00,12071.56,import
2026-02-14 04:45:00,11932.92,import
2026-02-14 05:00:00,11794.28,import
2026-02-14 05:15:00,11915.335,import
2026-02-14 05:30:00,12036.39,import
2026-02-14 05:45:00,12157.445,import
2026-02-14 06:00:00,12278.5,import
2026-02-14 06:15:00,13228.2925,import
2026-02-14 06:30:00,14178.085,import
2026-02-14 06:45:00,15127.8775,import
2026-02-14 07:00:00,16077.67,import
2026-02-14 07:15:00,16434.275,import
2026-02-14 07:30:00,16790.88,import
2026-02-14 07:45:00,17147.485,import
2026-02-14 08:00:00,17504.09,import
2026-02-14 08:15:00,17640.6875,import
2026-02-14 08:30:00,17777.285,import
2026-02-14 08:45:00,17913.8825,import
2026-02-14 09:00:00,18050.48,import
2026-02-14 09:15:00,18126.6525,import
2026-02-14 09:30:00,18202.825,import
2026-02-14 09:45:00,18278.9975,import
2026-02-14 10:00:00,18355.17,import
2026-02-14 10:15:00,18538.215,import
2026-02-14 10:30:00,18721.26,import
2026-02-14 10:45:00,18904.305,import
2026-02-14 11:00:00,19087.35,import
2026-02-14 11:15:00,18609.655,import
2026-02-14 11:30:00,18131.96,import
2026-02-14 11:45:00,17654.265,import
2026-02-14 12:00:00,17176.57,import
2026-02-14 12:15:00,17363.1275,import
2026-02-14 12:30:00,17549.684999999998,import
2026-02-14 12:45:00,17736.2425,import
2026-02-14 13:00:00,17922.8,import
2026-02-14 13:15:00,17752.309999999998,import
2026-02-14 13:30:00,17581.82,import
2026-02-14 13:45:00,17411.33,import
2026-02-14 14:00:00,17240.84,import
2026-02-14 14:15:00,17261.0925,import
2026-02-14 14:30:00,17281.345,import
2026-02-14 14:45:00,17301.5975,import
2026-02-14 15:00:00,17321.85,import
2026-02-14 15:15:00,17019.5075,import
2026-02-14 15:30:00,16717.165,import
2026-02-14 15:45:00,16414.8225,import
2026-02-14 16:00:00,16112.48,import
2026-02-14 16:15:00,16044.995,import
2026-02-14 16:30:00,15977.51,import
2026-02-14 16:45:00,15910.025,import
2026-02-14 17:00:00,15842.54,import
2026-02-14 17:15:00,15457.155,import
2026-02-14 17:30:00,15071.77,import
2026-02-14 17:45:00,14686.385,import
2026-02-14 18:00:00,14301.0,import
2026-02-14 18:15:00,14130.515,import
2026-02-14 18:30:00,13960.03,import
2026-02-14 18:45:00,13789.545,import
2026-02-14 19:00:00,13619.06,import
2026-02-14 19:15:00,13356.205,import
2026-02-14 19:30:00,13093.35,import
2026-02-14 19:45:00,12830.495,import
2026-02-14 20:00:00,12567.64,import
2026-02-14 20:15:00,12317.69,import
2026-02-14 20:30:00,12067.74,import
2026-02-14 20:45:00,11817.79,import
2026-02-14 21:00:00,11567.84,import
2026-02-14 21:15:00,11543.33,import
2026-02-14 21:30:00,11518.82,import
2026-02-14 21:45:00,11494.31,import
2026-02-14 22:00:00,11469.8,import
2026-02-14 22:15:00,11774.89,import
2026-02-14 22:30:00,12079.98,import
2026-02-14 22:45:00,12385.07,import
2026-02-14 23:00:00,12690.16,import
2026-02-14 23:15:00,12535.63,import
2026-02-14 23:30:00,12381.1,import
2026-02-14 23:45:00,12226.57,import
2026-02-15 00:00:00,12072.04,import
2026-02-15 00:15:00,12065.7525,import
2026-02-15 00:30:00,12059.465,import
2026-02-15 00:45:00,12053.1775,import
2026-02-15 01:00:00,12046.89,import
2026-02-15 01:15:00,11996.7875,import
2026-02-15 01:30:00,11946.685,import
2026-02-15 01:45:00,11896.5825,import
2026-02-15 02:00:00,11846.48,import
2026-02-15 02:15:00,12014.6975,import
2026-02-15 02:30:00,12182.915,import
2026-02-15 02:45:00,12351.1325,import
2026-02-15 03:00:00,12519.35,import
2026-02-15 03:15:00,12545.3725,import
2026-02-15 03:30:00,12571.395,import
2026-02-15 03:45:00,12597.4175,import
2026-02-15 04:00:00,12623.44,import
2026-02-15 04:15:00,12520.5475,import
2026-02-15 04:30:00,12417.655,import
2026-02-15 04:45:00,12314.7625,import
2026-02-15 05:00:00,12211.87,import
2026-02-15 05:15:00,12318.0775,import
2026-02-15 05:30:00,12424.285,import
2026-02-15 05:45:00,12530.4925,import
2026-02-15 06:00:00,12636.7,import
2026-02-15 06:15:00,13470.6275,import
2026-02-15 06:30:00,14304.555,import
2026-02-15 06:45:00,15138.4825,import
2026-02-15 07:00:00,15972.41,import
2026-02-15 07:15:00,16381.88,import
2026-02-15 07:30:00,16791.35,import
2026-02-15 07:45:00,17200.82,import
2026-02-15 08:00:00,17610.29,import
2026-02-15 08:15:00,17728.0,import
2026-02-15 08:30:00,17845.71,import
2026-02-15 08:45:00,17963.420000000002,import
2026-02-15 09:00:00,18081.13,import
2026-02-15 09:15:00,18182.605,import
2026-02-15 09:30:00,18284.08,import
2026-02-15 09:45:00,18385.555,import
2026-02-15 10:00:00,18487.03,import
2026-02-15 10:15:00,18615.3525,import
2026-02-15 10:30:00,18743.675,import
2026-02-15 10:45:00,18871.9975,import
2026-02-15 11:00:00,19000.32,import
2026-02-15 11:15:00,18509.1225,import
2026-02-15 11:30:00,18017.925,import
2026-02-15 11:45:00,17526.7275,import
2026-02-15 12:00:00,17035.53,import
2026-02-15 12:15:00,17244.495,import
2026-02-15 12:30:00,17453.46,import
2026-02-15 12:45:00,17662.425,import
2026-02-15 13:00:00,17871.39,import
2026-02-15 13:15:00,17707.8975,import
2026-02-15 13:30:00,17544.405,import
2026-02-15 13:45:00,17380.9125,import
2026-02-15 14:00:00,17217.42,import
2026-02-15 14:15:00,17191.684999999998,import
2026-02-15 14:30:00,17165.949999999997,import
2026-02-15 14:45:00,17140.215,import
2026-02-15 15:00:00,17114.48,import
2026-02-15 15:15:00,16735.7225,import
2026-02-15 15:30:00,16356.965,import
2026-02-15 15:45:00,15978.2075,import
2026-02-15 16:00:00,15599.45,import
2026-02-15 16:15:00,15549.59,import
2026-02-15 16:30:00,15499.73,import
2026-02-15 16:45:00,15449.87,import
2026-02-15 17:00:00,15400.01,import
2026-02-15 17:15:00,14947.325,import
2026-02-15 17:30:00,14494.64,import
2026-02-15 17:45:00,14041.955,import
2026-02-15 18:00:00,13589.27,import
2026-02-15 18:15:00,13412.695,import
2026-02-15 18:30:00,13236.12,import
2026-02-15 18:45:00,13059.545,import
2026-02-15 19:00:00,12882.97,import
2026-02-15 19:15:00,12654.47,import
2026-02-15 19:30:00,12425.97,import
2026-02-15 19:45:00,12197.47,import
2026-02-15 20:00:00,11968.97,import
2026-02-15 20:15:00,11771.0375,import
2026-02-15 20:30:00,11573.105,import
2026-02-15 20:45:00,11375.1725,import
2026-02-15 21:00:00,11177.24,import
2026-02-15 21:15:00,11153.165,import
2026-02-15 21:30:00,11129.09,import
2026-02-15 21:45:00,11105.015,import
2026-02-15 22:00:00,11080.94,import
2026-02-15 22:15:00,11387.4975,import
2026-02-15 22:30:00,11694.055,import
2026-02-15 22:45:00,12000.6125,import
2026-02-15 23:00:00,12307.17,import
2026-02-15 23:15:00,12099.58,import
2026-02-15 23:30:00,11891.99,import
2026-02-15 23:45:00,11684.4,import
2026-02-16 00:00:00,11476.81,import
2026-02-16 00:15:00,11488.875,import
2026-02-16 00:30:00,11500.94,import
2026-02-16 00:45:00,11513.005,import
2026-02-16 01:00:00,11525.07,import
2026-02-16 01:15:00,11469.7175,import
2026-02-16 01:30:00,11414.365,import
2026-02-16 01:45:00,11359.0125,import
2026-02-16 02:00:00,11303.66,import
2026-02-16 02:15:00,11462.0725,import
2026-02-16 02:30:00,11620.485,import
2026-02-16 02:45:00,11778.8975,import
2026-02-16 03:00:00,11937.31,import
2026-02-16 03:15:00,11956.6,import
2026-02-16 03:30:00,11975.89,import
2026-02-16 03:45:00,11995.18,import
2026-02-16 04:00:00,12014.47,import
2026-02-16 04:15:00,11906.6525,import
2026-02-16 04:30:00,11798.835,import
2026-02-16 04:45:00,11691.0175,import
2026-02-16 05:00:00,11583.2,import
2026-02-16 05:15:00,11701.72,import
2026-02-16 05:30:00,11820.240000000002,import
2026-02-16 05:45:00,11938.76,import
2026-02-16 06:00:00,12057.28,import
2026-02-16 06:15:00,13008.875,import
2026-02-16 06:30:00,13960.47,import
2026-02-16 06:45:00,14912.065,import
2026-02-16 07:00:00,15863.66,import
2026-02-16 07:15:00,16274.7775,import
2026-02-16 07:30:00,16685.895,import
2026-02-16 07:45:00,17097.0125,import
2026-02-16 08:00:00,17508.13,import
2026-02-16 08:15:00,17566.6475,import
2026-02-16 08:30:00,17625.165,import
2026-02-16 08:45:00,17683.682500000003,import
2026-02-16 09:00:00,17742.2,import
2026-02-16 09:15:00,17837.35,import
2026-02-16 09:30:00,17932.5,import
2026-02-16 09:45:00,18027.65,import
2026-02-16 10:00:00,18122.8,import
2026-02-16 10:15:00,18236.045,import
2026-02-16 10:30:00,18349.29,import
2026-02-16 10:45:00,18462.535,import
2026-02-16 11:00:00,18575.78,import
2026-02-16 11:15:00,18066.345,import
2026-02-16 11:30:00,17556.91,import
2026-02-16 11:45:00,17047.475,import
2026-02-16 12:00:00,16538.04,import
2026-02-16 12:15:00,16747.9075,import
2026-02-16 12:30:00,16957.775,import
2026-02-16 12:45:00,17167.642499999998,import
2026-02-16 13:00:00,17377.51,import
2026-02-16 13:15:00,17258.605,import
2026-02-16 13:30:00,17139.699999999997,import
2026-02-16 13:45:00,17020.795,import
2026-02-16 14:00:00,16901.89,import
2026-02-16 14:15:00,16907.5425,import
2026-02-16 14:30:00,16913.195,import
2026-02-16 14:45:00,16918.8475,import
2026-02-16 15:00:00,16924.5,import
2026-02-16 15:15:00,16653.425,import
2026-02-16 15:30:00,16382.35,import
2026-02-16 15:45:00,16111.275,import
2026-02-16 16:00:00,15840.2,import
2026-02-16 16:15:00,15801.955,import
2026-02-16 16:30:00,15763.71,import
2026-02-16 16:45:00,15725.465,import
2026-02-16 17:00:00,15687.22,import
2026-02-16 17:15:00,15343.6575,import
2026-02-16 17:30:00,15000.095,import
2026-02-16 17:45:00,14656.5325,import
2026-02-16 18:00:00,14312.97,import
2026-02-16 18:15:00,14134.425,import
2026-02-16 18:30:00,13955.88,import
2026-02-16 18:45:00,13777.335,import
2026-02-16 19:00:00,13598.79,import
2026-02-16 19:15:00,13297.18,import
2026-02-16 19:30:00,12995.57,import
2026-02-16 19:45:00,12693.96,import
2026-02-16 20:00:00,12392.35,import
2026-02-16 20:15:00,12150.7425,import
2026-02-16 20:30:00,11909.135,import
2026-02-16 20:45:00,11667.5275,import
2026-02-16 21:00:00,11425.92,import
2026-02-16 21:15:00,11410.3725,import
2026-02-16 21:30:00,11394.825,import
2026-02-16 21:45:00,11379.2775,import
2026-02-16 22:00:00,11363.73,import
2026-02-16 22:15:00,11687.2525,import
2026-02-16 22:30:00,12010.775,import
2026-02-16 22:45:00,12334.2975,import
2026-02-16 23:00:00,12657.82,import
2026-02-16 23:15:00,12450.355,import
2026-02-16 23:30:00,12242.89,import
2026-02-16 23:45:00,12035.425,import
2026-02-17 00:00:00,11827.96,import
2026-02-17 00:15:00,11841.4225,import
2026-02-17 00:30:00,11854.884999999998,import
2026-02-17 00:45:00,11868.3475,import
2026-02-17 01:00:00,11881.81,import
2026-02-17 01:15:00,11839.765,import
2026-02-17 01:30:00,11797.72,import
2026-02-17 01:45:00,11755.675,import
2026-02-17 02:00:00,11713.63,import
2026-02-17 02:15:00,11854.0,import
2026-02-17 02:30:00,11994.37,import
2026-02-17 02:45:00,12134.74,import
2026-02-17 03:00:00,12275.11,import
2026-02-17 03:15:00,12272.29,import
2026-02-17 03:30:00,12269.47,import
2026-02-17 03:45:00,12266.65,import
2026-02-17 04:00:00,12263.83,import
2026-02-17 04:15:00,12180.5175,import
2026-02-17 04:30:00,12097.205,import
2026-02-17 04:45:00,12013.8925,import
2026-02-17 05:00:00,11930.58,import
2026-02-17 05:15:00,12049.63,import
2026-02-17 05:30:00,12168.68,import
2026-02-17 05:45:00,12287.73,import
2026-02-17 06:00:00,12406.78,import
2026-02-17 06:15:00,13340.9475,import
2026-02-17 06:30:00,14275.115000000002,import
2026-02-17 06:45:00,15209.2825,import
2026-02-17 07:00:00,16143.45,import
2026-02-17 07:15:00,16489.6525,import
2026-02-17 07:30:00,16835.855,import
2026-02-17 07:45:00,17182.0575,import
2026-02-17 08:00:00,17528.26,import
2026-02-17 08:15:00,17607.579999999998,import
2026-02-17 08:30:00,17686.9,import
2026-02-17 08:45:00,17766.22,import
2026-02-17 09:00:00,17845.54,import
2026-02-17 09:15:00,17945.4725,import
2026-02-17 09:30:00,18045.405,import
2026-02-17 09:45:00,18145.3375,import
2026-02-17 10:00:00,18245.27,import
2026-02-17 10:15:00,18343.2275,import
2026-02-17 10:30:00,18441.185,import
2026-02-17 10:45:00,18539.1425,import
2026-02-17 11:00:00,18637.1,import
2026-02-17 11:15:00,18204.4425,import
2026-02-17 11:30:00,17771.785,import
2026-02-17 11:45:00,17339.127500000002,import
2026-02-17 12:00:00,16906.47,import
2026-02-17 12:15:00,17012.050000000003,import
2026-02-17 12:30:00,17117.63,import
2026-02-17 12:45:00,17223.21,import
2026-02-17 13:00:00,17328.79,import
2026-02-17 13:15:00,17222.947500000002,import
2026-02-17 13:30:00,17117.105,import
2026-02-17 13:45:00,17011.262499999997,import
2026-02-17 14:00:00,16905.42,import
2026-02-17 14:15:00,16919.66,import
2026-02-17 14:30:00,16933.9,import
2026-02-17 14:45:00,16948.14,import
2026-02-17 15:00:00,16962.38,import
2026-02-17 15:15:00,16675.4275,import
2026-02-17 15:30:00,16388.475,import
2026-02-17 15:45:00,16101.5225,import
2026-02-17 16:00:00,15814.57,import
2026-02-17 16:15:00,15776.23,import
2026-02-17 16:30:00,15737.89,import
2026-02-17 16:45:00,15699.55,import
2026-02-17 17:00:00,15661.21,import
2026-02-17 17:15:00,15345.7375,import
2026-02-17 17:30:00,15030.265,import
2026-02-17 17:45:00,14714.7925,import
2026-02-17 18:00:00,14399.32,import
2026-02-17 18:15:00,14229.4325,import
2026-02-17 18:30:00,14059.545,import
2026-02-17 18:45:00,13889.6575,import
2026-02-17 19:00:00,13719.77,import
2026-02-17 19:15:00,13458.6875,import
2026-02-17 19:30:00,13197.605,import
2026-02-17 19:45:00,12936.5225,import
2026-02-17 20:00:00,12675.44,import
2026-02-17 20:15:00,12394.175,import
2026-02-17 20:30:00,12112.91,import
2026-02-17 20:45:00,11831.645,import
2026-02-17 21:00:00,11550.38,import
2026-02-17 21:15:00,11508.075,import
2026-02-17 21:30:00,11465.77,import
2026-02-17 21:45:00,11423.465,import
2026-02-17 22:00:00,11381.16,import
2026-02-17 22:15:00,11685.7925,import
2026-02-17 22:30:00,11990.425,import
2026-02-17 22:45:00,12295.0575,import
2026-02-17 23:00:00,12599.69,import
2026-02-17 23:15:00,12419.9675,import
2026-02-17 23:30:00,12240.245,import
2026-02-17 23:45:00,12060.5225,import
2026-02-18 00:00:00,11880.8,import
2026-02-18 00:15:00,11826.46,import
2026-02-18 00:30:00,11772.12,import
2026-02-18 00:45:00,11717.78,import
2026-02-18 01:00:00,11663.44,import
2026-02-18 01:15:00,11625.0325,import
2026-02-18 01:30:00,11586.625,import
2026-02-18 01:45:00,11548.2175,import
2026-02-18 02:00:00,11509.81,import
2026-02-18 02:15:00,11626.2075,import
2026-02-18 02:30:00,11742.605,import
2026-02-18 02:45:00,11859.0025,import
2026-02-18 03:00:00,11975.4,import
2026-02-18 03:15:00,11972.675,import
2026-02-18 03:30:00,11969.95,import
2026-02-18 03:45:00,11967.225,import
2026-02-18 04:00:00,11964.5,import
2026-02-18 04:15:00,11851.9075,import
2026-02-18 04:30:00,11739.315,import
2026-02-18 04:45:00,11626.7225,import
2026-02-18 05:00:00,11514.13,import
2026-02-18 05:15:00,11648.88,import
2026-02-18 05:30:00,11783.63,import
2026-02-18 05:45:00,11918.38,import
2026-02-18 06:00:00,12053.13,import
2026-02-18 06:15:00,12950.555,import
2026-02-18 06:30:00,13847.98,import
2026-02-18 06:45:00,14745.405,import
2026-02-18 07:00:00,15642.83,import
2026-02-18 07:15:00,15972.9825,import
2026-02-18 07:30:00,16303.134999999998,import
2026-02-18 07:45:00,16633.2875,import
2026-02-18 08:00:00,16963.44,import
2026-02-18 08:15:00,17013.72,import
2026-02-18 08:30:00,17064.0,import
2026-02-18 08:45:00,17114.28,import
2026-02-18 09:00:00,17164.56,import
2026-02-18 09:15:00,17271.857500000002,import
2026-02-18 09:30:00,17379.155,import
2026-02-18 09:45:00,17486.4525,import
2026-02-18 10:00:00,17593.75,import
2026-02-18 10:15:00,17688.6875,import
2026-02-18 10:30:00,17783.625,import
2026-02-18 10:45:00,17878.5625,import
2026-02-18 11:00:00,17973.5,import
2026-02-18 11:15:00,17512.295,import
2026-02-18 11:30:00,17051.09,import
2026-02-18 11:45:00,16589.885000000002,import
2026-02-18 12:00:00,16128.68,import
2026-02-18 12:15:00,16285.8225,import
2026-02-18 12:30:00,16442.965,import
2026-02-18 12:45:00,16600.1075,import
2026-02-18 13:00:00,16757.25,import
2026-02-18 13:15:00,16644.13,import
2026-02-18 13:30:00,16531.010000000002,import
2026-02-18 13:45:00,16417.89,import
2026-02-18 14:00:00,16304.77,import
2026-02-18 14:15:00,16328.145,import
2026-02-18 14:30:00,16351.52,import
2026-02-18 14:45:00,16374.895,import
2026-02-18 15:00:00,16398.27,import
2026-02-18 15:15:00,16128.1075,import
2026-02-18 15:30:00,15857.945,import
2026-02-18 15:45:00,15587.7825,import
2026-02-18 16:00:00,15317.62,import
2026-02-18 16:15:00,15293.48,import
2026-02-18 16:30:00,15269.34,import
2026-02-18 16:45:00,15245.2,import
2026-02-18 17:00:00,15221.06,import
2026-02-18 17:15:00,14877.6875,import
2026-02-18 17:30:00,14534.315,import
2026-02-18 17:45:00,14190.9425,import
2026-02-18 18:00:00,13847.57,import
2026-02-18 18:15:00,13738.78,import
2026-02-18 18:30:00,13629.99,import
2026-02-18 18:45:00,13521.2,import
2026-02-18 19:00:00,13412.41,import
2026-02-18 19:15:00,13069.98,import
2026-02-18 19:30:00,12727.55,import
2026-02-18 19:45:00,12385.12,import
2026-02-18 20:00:00,12042.69,import
2026-02-18 20:15:00,11717.7025,import
2026-02-18 20:30:00,11392.715,import
2026-02-18 20:45:00,11067.7275,import
2026-02-18 21:00:00,10742.74,import
2026-02-18 21:15:00,10575.7925,import
2026-02-18 21:30:00,10408.845,import
2026-02-18 21:45:00,10241.8975,import
2026-02-18 22:00:00,10074.95,import
2026-02-18 22:15:00,10269.86,import
2026-02-18 22:30:00,10464.77,import
2026-02-18 22:45:00,10659.68,import
2026-02-18 23:00:00,10854.59,import
2026-02-18 23:15:00,10657.54,import
2026-02-18 23:30:00,10460.49,import
2026-02-18 23:45:00,10263.44,import
2026-02-19 00:00:00,10066.39,import
2026-02-19 00:15:00,9937.7175,import
2026-02-19 00:30:00,9809.045,import
2026-02-19 00:45:00,9680.3725,import
2026-02-19 01:00:00,9551.7,import
2026-02-19 01:15:00,9557.2475,import
2026-02-19 01:30:00,9562.795,import
2026-02-19 01:45:00,9568.3425,import
2026-02-19 02:00:00,9573.89,import
2026-02-19 02:15:00,9642.7575,import
2026-02-19 02:30:00,9711.625,import
2026-02-19 02:45:00,9780.4925,import
2026-02-19 03:00:00,9849.36,import
2026-02-19 03:15:00,9880.78,import
2026-02-19 03:30:00,9912.2,import
2026-02-19 03:45:00,9943.62,import
2026-02-19 04:00:00,9975.04,import
2026-02-19 04:15:00,9878.8,import
2026-02-19 04:30:00,9782.56,import
2026-02-19 04:45:00,9686.32,import
2026-02-19 05:00:00,9590.08,import
2026-02-19 05:15:00,9729.295,import
2026-02-19 05:30:00,9868.51,import
2026-02-19 05:45:00,10007.725,import
2026-02-19 06:00:00,10146.94,import
2026-02-19 06:15:00,10972.6725,import
2026-02-19 06:30:00,11798.405,import
2026-02-19 06:45:00,12624.1375,import
2026-02-19 07:00:00,13449.87,import
2026-02-19 07:15:00,13825.065,import
2026-02-19 07:30:00,14200.26,import
2026-02-19 07:45:00,14575.455,import
2026-02-19 08:00:00,14950.65,import
2026-02-19 08:15:00,15107.855,import
2026-02-19 08:30:00,15265.06,import
2026-02-19 08:45:00,15422.265,import
2026-02-19 09:00:00,15579.47,import
2026-02-19 09:15:00,15636.855,import
2026-02-19 09:30:00,15694.24,import
2026-02-19 09:45:00,15751.625,import
2026-02-19 10:00:00,15809.01,import
2026-02-19 10:15:00,15848.0175,import
2026-02-19 10:30:00,15887.025,import
2026-02-19 10:45:00,15926.0325,import
2026-02-19 11:00:00,15965.04,import
2026-02-19 11:15:00,15405.9,import
2026-02-19 11:30:00,14846.76,import
2026-02-19 11:45:00,14287.62,import
2026-02-19 12:00:00,13728.48,import
2026-02-19 12:15:00,14060.075,import
2026-02-19 12:30:00,14391.67,import
2026-02-19 12:45:00,14723.265,import
2026-02-19 13:00:00,15054.86,import
2026-02-19 13:15:00,15014.165,import
2026-02-19 13:30:00,14973.47,import
2026-02-19 13:45:00,14932.775,import
2026-02-19 14:00:00,14892.08,import
2026-02-19 14:15:00,14957.56,import
2026-02-19 14:30:00,15023.04,import
2026-02-19 14:45:00,15088.52,import
2026-02-19 15:00:00,15154.0,import
2026-02-19 15:15:00,14985.34,import
2026-02-19 15:30:00,14816.68,import
2026-02-19 15:45:00,14648.02,import
2026-02-19 16:00:00,14479.36,import
2026-02-19 16:15:00,14496.1025,import
2026-02-19 16:30:00,14512.845,import
2026-02-19 16:45:00,14529.5875,import
2026-02-19 17:00:00,14546.33,import
2026-02-19 17:15:00,14284.875,import
2026-02-19 17:30:00,14023.42,import
2026-02-19 17:45:00,13761.965,import
2026-02-19 18:00:00,13500.51,import
2026-02-19 18:15:00,13355.71,import
2026-02-19 18:30:00,13210.91,import
2026-02-19 18:45:00,13066.11,import
2026-02-19 19:00:00,12921.31,import
2026-02-19 19:15:00,12609.1475,import
2026-02-19 19:30:00,12296.985,import
2026-02-19 19:45:00,11984.8225,import
2026-02-19 20:00:00,11672.66,import
2026-02-19 20:15:00,11403.5375,import
2026-02-19 20:30:00,11134.415,import
2026-02-19 20:45:00,10865.2925,import
2026-02-19 21:00:00,10596.17,import
2026-02-19 21:15:00,10530.355,import
2026-02-19 21:30:00,10464.54,import
2026-02-19 21:45:00,10398.725,import
2026-02-19 22:00:00,10332.91,import
2026-02-19 22:15:00,10519.88,import
2026-02-19 22:30:00,10706.85,import
2026-02-19 22:45:00,10893.82,import
2026-02-19 23:00:00,11080.79,import
2026-02-19 23:15:00,10952.4675,import
2026-02-19 23:30:00,10824.145,import
2026-02-19 23:45:00,10695.8225,import
2026-02-20 00:00:00,10567.5,import
2026-02-20 00:15:00,10514.5275,import
2026-02-20 00:30:00,10461.555,import
2026-02-20 00:45:00,10408.5825,import
2026-02-20 01:00:00,10355.61,import
2026-02-20 01:15:00,10286.52,import
2026-02-20 01:30:00,10217.43,import
2026-02-20 01:45:00,10148.34,import
2026-02-20 02:00:00,10079.25,import
2026-02-20 02:15:00,10178.5225,import
2026-02-20 02:30:00,10277.795,import
2026-02-20 02:45:00,10377.0675,import
2026-02-20 03:00:00,10476.34,import
2026-02-20 03:15:00,10536.275,import
2026-02-20 03:30:00,10596.21,import
2026-02-20 03:45:00,10656.145,import
2026-02-20 04:00:00,10716.08,import
2026-02-20 04:15:00,10672.8825,import
2026-02-20 04:30:00,10629.685,import
2026-02-20 04:45:00,10586.4875,import
2026-02-20 05:00:00,10543.29,import
2026-02-20 05:15:00,10608.915,import
2026-02-20 05:30:00,10674.54,import
2026-02-20 05:45:00,10740.165,import
2026-02-20 06:00:00,10805.79,import
2026-02-20 06:15:00,11516.3525,import
2026-02-20 06:30:00,12226.915,import
2026-02-20 06:45:00,12937.4775,import
2026-02-20 07:00:00,13648.04,import
2026-02-20 07:15:00,13991.017500000002,import
2026-02-20 07:30:00,14333.995,import
2026-02-20 07:45:00,14676.9725,import
2026-02-20 08:00:00,15019.95,import
2026-02-20 08:15:00,15139.945,import
2026-02-20 08:30:00,15259.94,import
2026-02-20 08:45:00,15379.935,import
2026-02-20 09:00:00,15499.93,import
2026-02-20 09:15:00,15596.19,import
2026-02-20 09:30:00,15692.45,import
2026-02-20 09:45:00,15788.71,import
2026-02-20 10:00:00,15884.97,import
2026-02-20 10:15:00,15913.685,import
2026-02-20 10:30:00,15942.4,import
2026-02-20 10:45:00,15971.115,import
2026-02-20 11:00:00,15999.83,import
2026-02-20 11:15:00,15633.56,import
2026-02-20 11:30:00,15267.29,import
2026-02-20 11:45:00,14901.02,import
2026-02-20 12:00:00,14534.75,import
2026-02-20 12:15:00,14595.2525,import
2026-02-20 12:30:00,14655.755,import
2026-02-20 12:45:00,14716.2575,import
2026-02-20 13:00:00,14776.76,import
2026-02-20 13:15:00,14669.15,import
2026-02-20 13:30:00,14561.54,import
2026-02-20 13:45:00,14453.93,import
2026-02-20 14:00:00,14346.32,import
2026-02-20 14:15:00,14284.485,import
2026-02-20 14:30:00,14222.65,import
2026-02-20 14:45:00,14160.815,import
2026-02-20 15:00:00,14098.98,import
2026-02-20 15:15:00,13906.71,import
2026-02-20 15:30:00,13714.44,import
2026-02-20 15:45:00,13522.17,import
2026-02-20 16:00:00,13329.9,import
2026-02-20 16:15:00,13382.6875,import
2026-02-20 16:30:00,13435.475,import
2026-02-20 16:45:00,13488.2625,import
2026-02-20 17:00:00,13541.05,import
2026-02-20 17:15:00,13366.2625,import
2026-02-20 17:30:00,13191.475,import
2026-02-20 17:45:00,13016.6875,import
2026-02-20 18:00:00,12841.9,import
2026-02-20 18:15:00,12777.4275,import
2026-02-20 18:30:00,12712.955,import
2026-02-20 18:45:00,12648.4825,import
2026-02-20 19:00:00,12584.01,import
2026-02-20 19:15:00,12323.7925,import
2026-02-20 19:30:00,12063.575,import
2026-02-20 19:45:00,11803.3575,import
2026-02-20 20:00:00,11543.14,import
2026-02-20 20:15:00,11310.4475,import
2026-02-20 20:30:00,11077.755,import
2026-02-20 20:45:00,10845.0625,import
2026-02-20 21:00:00,10612.37,import
2026-02-20 21:15:00,10383.2575,import
2026-02-20 21:30:00,10154.145,import
2026-02-20 21:45:00,9925.0325,import
2026-02-20 22:00:00,9695.92,import
2026-02-20 22:15:00,9833.0125,import
2026-02-20 22:30:00,9970.105,import
2026-02-20 22:45:00,10107.1975,import
2026-02-20 23:00:00,10244.29,import
2026-02-20 23:15:00,10126.4525,import
2026-02-20 23:30:00,10008.615000000002,import
2026-02-20 23:45:00,9890.7775,import
2026-02-21 00:00:00,9772.94,import
2026-02-21 00:15:00,9764.1675,import
2026-02-21 00:30:00,9755.395,import
2026-02-21 00:45:00,9746.6225,import
2026-02-21 01:00:00,9737.85,import
2026-02-21 01:15:00,9691.77,import
2026-02-21 01:30:00,9645.69,import
2026-02-21 01:45:00,9599.61,import
2026-02-21 02:00:00,9553.53,import
2026-02-21 02:15:00,9680.3575,import
2026-02-21 02:30:00,9807.185,import
2026-02-21 02:45:00,9934.0125,import
2026-02-21 03:00:00,10060.84,import
2026-02-21 03:15:00,10092.0325,import
2026-02-21 03:30:00,10123.225,import
2026-02-21 03:45:00,10154.4175,import
2026-02-21 04:00:00,10185.61,import
2026-02-21 04:15:00,10159.88,import
2026-02-21 04:30:00,10134.15,import
2026-02-21 04:45:00,10108.42,import
2026-02-21 05:00:00,10082.69,import
2026-02-21 05:15:00,10175.0275,import
2026-02-21 05:30:00,10267.365000000002,import
2026-02-21 05:45:00,10359.7025,import
2026-02-21 06:00:00,10452.04,import
2026-02-21 06:15:00,11202.545,import
2026-02-21 06:30:00,11953.05,import
2026-02-21 06:45:00,12703.555,import
2026-02-21 07:00:00,13454.06,import
2026-02-21 07:15:00,13774.42,import
2026-02-21 07:30:00,14094.78,import
2026-02-21 07:45:00,14415.14,import
2026-02-21 08:00:00,14735.5,import
2026-02-21 08:15:00,14841.925,import
2026-02-21 08:30:00,14948.35,import
2026-02-21 08:45:00,15054.775,import
2026-02-21 09:00:00,15161.2,import
2026-02-21 09:15:00,15270.695,import
2026-02-21 09:30:00,15380.19,import
2026-02-21 09:45:00,15489.685,import
2026-02-21 10:00:00,15599.18,import
2026-02-21 10:15:00,15682.93,import
2026-02-21 10:30:00,15766.68,import
2026-02-21 10:45:00,15850.43,import
2026-02-21 11:00:00,15934.18,import
2026-02-21 11:15:00,15530.0075,import
2026-02-21 11:30:00,15125.835,import
2026-02-21 11:45:00,14721.6625,import
2026-02-21 12:00:00,14317.49,import
2026-02-21 12:15:00,14455.025,import
2026-02-21 12:30:00,14592.56,import
2026-02-21 12:45:00,14730.095,import
2026-02-21 13:00:00,14867.63,import
2026-02-21 13:15:00,14722.5625,import
2026-02-21 13:30:00,14577.495,import
2026-02-21 13:45:00,14432.4275,import
2026-02-21 14:00:00,14287.36,import
2026-02-21 14:15:00,14312.2175,import
2026-02-21 14:30:00,14337.075,import
2026-02-21 14:45:00,14361.9325,import
2026-02-21 15:00:00,14386.79,import
2026-02-21 15:15:00,14225.740000000002,import
2026-02-21 15:30:00,14064.69,import
2026-02-21 15:45:00,13903.64,import
2026-02-21 16:00:00,13742.59,import
2026-02-21 16:15:00,13788.0125,import
2026-02-21 16:30:00,13833.435,import
2026-02-21 16:45:00,13878.8575,import
2026-02-21 17:00:00,13924.28,import
2026-02-21 17:15:00,13768.7625,import
2026-02-21 17:30:00,13613.245,import
2026-02-21 17:45:00,13457.7275,import
2026-02-21 18:00:00,13302.21,import
2026-02-21 18:15:00,13261.044999999998,import
2026-02-21 18:30:00,13219.88,import
2026-02-21 18:45:00,13178.715,import
2026-02-21 19:00:00,13137.55,import
2026-02-21 19:15:00,12813.955,import
2026-02-21 19:30:00,12490.36,import
2026-02-21 19:45:00,12166.765,import
2026-02-21 20:00:00,11843.17,import
2026-02-21 20:15:00,11588.785,import
2026-02-21 20:30:00,11334.4,import
2026-02-21 20:45:00,11080.015,import
2026-02-21 21:00:00,10825.63,import
2026-02-21 21:15:00,10726.435,import
2026-02-21 21:30:00,10627.24,import
2026-02-21 21:45:00,10528.045,import
2026-02-21 22:00:00,10428.85,import
2026-02-21 22:15:00,10642.5225,import
2026-02-21 22:30:00,10856.195,import
2026-02-21 22:45:00,11069.8675,import
2026-02-21 23:00:00,11283.54,import
2026-02-21 23:15:00,11162.2775,import
2026-02-21 23:30:00,11041.015,import
2026-02-21 23:45:00,10919.7525,import
2026-02-22 00:00:00,10798.49,import
2026-02-22 00:15:00,10764.465,import
2026-02-22 00:30:00,10730.44,import
2026-02-22 00:45:00,10696.415,import
2026-02-22 01:00:00,10662.39,import
2026-02-22 01:15:00,10618.86,import
2026-02-22 01:30:00,10575.33,import
2026-02-22 01:45:00,10531.8,import
2026-02-22 02:00:00,10488.27,import
2026-02-22 02:15:00,10610.1925,import
2026-02-22 02:30:00,10732.115,import
2026-02-22 02:45:00,10854.0375,import
2026-02-22 03:00:00,10975.96,import
2026-02-22 03:15:00,11005.4675,import
2026-02-22 03:30:00,11034.975,import
2026-02-22 03:45:00,11064.4825,import
2026-02-22 04:00:00,11093.99,import
2026-02-22 04:15:00,11031.96,import
2026-02-22 04:30:00,10969.93,import
2026-02-22 04:45:00,10907.9,import
2026-02-22 05:00:00,10845.87,import
2026-02-22 05:15:00,10901.1675,import
2026-02-22 05:30:00,10956.465,import
2026-02-22 05:45:00,11011.7625,import
2026-02-22 06:00:00,11067.06,import
2026-02-22 06:15:00,11836.7875,import
2026-02-22 06:30:00,12606.515,import
2026-02-22 06:45:00,13376.2425,import
2026-02-22 07:00:00,14145.97,import
2026-02-22 07:15:00,14531.8575,import
2026-02-22 07:30:00,14917.745,import
2026-02-22 07:45:00,15303.6325,import
2026-02-22 08:00:00,15689.52,import
2026-02-22 08:15:00,15717.58,import
2026-02-22 08:30:00,15745.64,import
2026-02-22 08:45:00,15773.7,import
2026-02-22 09:00:00,15801.76,import
2026-02-22 09:15:00,15950.0775,import
2026-02-22 09:30:00,16098.395,import
2026-02-22 09:45:00,16246.7125,import
2026-02-22 10:00:00,16395.03,import
2026-02-22 10:15:00,16421.7525,import
2026-02-22 10:30:00,16448.475,import
2026-02-22 10:45:00,16475.1975,import
2026-02-22 11:00:00,16501.92,import
2026-02-22 11:15:00,16012.554999999998,import
2026-02-22 11:30:00,15523.19,import
2026-02-22 11:45:00,15033.825,import
2026-02-22 12:00:00,14544.46,import
2026-02-22 12:15:00,14612.07,import
2026-02-22 12:30:00,14679.68,import
2026-02-22 12:45:00,14747.29,import
2026-02-22 13:00:00,14814.9,import
2026-02-22 13:15:00,14662.895,import
2026-02-22 13:30:00,14510.89,import
2026-02-22 13:45:00,14358.884999999998,import
2026-02-22 14:00:00,14206.88,import
2026-02-22 14:15:00,14202.77,import
2026-02-22 14:30:00,14198.66,import
2026-02-22 14:45:00,14194.55,import
2026-02-22 15:00:00,14190.44,import
2026-02-22 15:15:00,14008.5175,import
2026-02-22 15:30:00,13826.595,import
2026-02-22 15:45:00,13644.6725,import
2026-02-22 16:00:00,13462.75,import
2026-02-22 16:15:00,13504.2825,import
2026-02-22 16:30:00,13545.815,import
2026-02-22 16:45:00,13587.3475,import
2026-02-22 17:00:00,13628.88,import
2026-02-22 17:15:00,13429.23,import
2026-02-22 17:30:00,13229.58,import
2026-02-22 17:45:00,13029.93,import
2026-02-22 18:00:00,12830.28,import
2026-02-22 18:15:00,12810.7525,import
2026-02-22 18:30:00,12791.225,import
2026-02-22 18:45:00,12771.6975,import
2026-02-22 19:00:00,12752.17,import
2026-02-22 19:15:00,12509.075,import
2026-02-22 19:30:00,12265.98,import
2026-02-22 19:45:00,12022.885,import
2026-02-22 20:00:00,11779.79,import
2026-02-22 20:15:00,11537.427500000002,import
2026-02-22 20:30:00,11295.065,import
2026-02-22 20:45:00,11052.7025,import
2026-02-22 21:00:00,10810.34,import
2026-02-22 21:15:00,10741.82,import
2026-02-22 21:30:00,10673.3,import
2026-02-22 21:45:00,10604.78,import
2026-02-22 22:00:00,10536.26,import
2026-02-22 22:15:00,10733.955,import
2026-02-22 22:30:00,10931.65,import
2026-02-22 22:45:00,11129.345,import
2026-02-22 23:00:00,11327.04,import
2026-02-22 23:15:00,11074.905,import
2026-02-22 23:30:00,10822.77,import
2026-02-22 23:45:00,10570.635,import
2026-02-23 00:00:00,10318.5,import
2026-02-23 00:15:00,10467.22,import
2026-02-23 00:30:00,10615.94,import
2026-02-23 00:45:00,10764.66,import
2026-02-23 01:00:00,10913.38,import
2026-02-23 01:15:00,10854.7625,import
2026-02-23 01:30:00,10796.145,import
2026-02-23 01:45:00,10737.5275,import
2026-02-23 02:00:00,10678.91,import
2026-02-23 02:15:00,10802.3275,import
2026-02-23 02:30:00,10925.745,import
2026-02-23 02:45:00,11049.1625,import
2026-02-23 03:00:00,11172.58,import
2026-02-23 03:15:00,11212.1025,import
2026-02-23 03:30:00,11251.625,import
2026-02-23 03:45:00,11291.1475,import
2026-02-23 04:00:00,11330.67,import
2026-02-23 04:15:00,11282.7175,import
2026-02-23 04:30:00,11234.765,import
2026-02-23 04:45:00,11186.8125,import
2026-02-23 05:00:00,11138.86,import
2026-02-23 05:15:00,11242.465,import
2026-02-23 05:30:00,11346.07,import
2026-02-23 05:45:00,11449.675,import
2026-02-23 06:00:00,11553.28,import
2026-02-23 06:15:00,12392.45,import
2026-02-23 06:30:00,13231.62,import
2026-02-23 06:45:00,14070.79,import
2026-02-23 07:00:00,14909.96,import
2026-02-23 07:15:00,15246.83,import
2026-02-23 07:30:00,15583.7,import
2026-02-23 07:45:00,15920.57,import
2026-02-23 08:00:00,16257.44,import
2026-02-23 08:15:00,16261.2375,import
2026-02-23 08:30:00,16265.035,import
2026-02-23 08:45:00,16268.8325,import
2026-02-23 09:00:00,16272.63,import
2026-02-23 09:15:00,16374.0575,import
2026-02-23 09:30:00,16475.485,import
2026-02-23 09:45:00,16576.9125,import
2026-02-23 10:00:00,16678.34,import
2026-02-23 10:15:00,16764.489999999998,import
2026-02-23 10:30:00,16850.64,import
2026-02-23 10:45:00,16936.79,import
2026-02-23 11:00:00,17022.94,import
2026-02-23 11:15:00,16522.12,import
2026-02-23 11:30:00,16021.3,import
2026-02-23 11:45:00,15520.48,import
2026-02-23 12:00:00,15019.66,import
2026-02-23 12:15:00,15131.425,import
2026-02-23 12:30:00,15243.19,import
2026-02-23 12:45:00,15354.955,import
2026-02-23 13:00:00,15466.72,import
2026-02-23 13:15:00,15328.855,import
2026-02-23 13:30:00,15190.99,import
2026-02-23 13:45:00,15053.125,import
2026-02-23 14:00:00,14915.26,import
2026-02-23 14:15:00,14903.1025,import
2026-02-23 14:30:00,14890.945,import
2026-02-23 14:45:00,14878.7875,import
2026-02-23 15:00:00,14866.63,import
2026-02-23 15:15:00,14613.6625,import
2026-02-23 15:30:00,14360.695,import
2026-02-23 15:45:00,14107.7275,import
2026-02-23 16:00:00,13854.76,import
2026-02-23 16:15:00,13872.2925,import
2026-02-23 16:30:00,13889.825,import
2026-02-23 16:45:00,13907.3575,import
2026-02-23 17:00:00,13924.89,import
2026-02-23 17:15:00,13629.29,import
2026-02-23 17:30:00,13333.69,import
2026-02-23 17:45:00,13038.09,import
2026-02-23 18:00:00,12742.49,import
2026-02-23 18:15:00,12714.095,import
2026-02-23 18:30:00,12685.7,import
2026-02-23 18:45:00,12657.305,import
2026-02-23 19:00:00,12628.91,import
2026-02-23 19:15:00,12406.7425,import
2026-02-23 19:30:00,12184.575,import
2026-02-23 19:45:00,11962.4075,import
2026-02-23 20:00:00,11740.24,import
2026-02-23 20:15:00,11465.9575,import
2026-02-23 20:30:00,11191.675,import
2026-02-23 20:45:00,10917.3925,import
2026-02-23 21:00:00,10643.11,import
2026-02-23 21:15:00,10600.3975,import
2026-02-23 21:30:00,10557.685,import
2026-02-23 21:45:00,10514.9725,import
2026-02-23 22:00:00,10472.26,import
2026-02-23 22:15:00,10680.535,import
2026-02-23 22:30:00,10888.81,import
2026-02-23 22:45:00,11097.085,import
2026-02-23 23:00:00,11305.36,import
2026-02-23 23:15:00,11208.2175,import
2026-02-23 23:30:00,11111.075,import
2026-02-23 23:45:00,11013.9325,import
2026-02-24 00:00:00,10916.79,import
2026-02-24 00:15:00,10898.0925,import
2026-02-24 00:30:00,10879.395,import
2026-02-24 00:45:00,10860.6975,import
2026-02-24 01:00:00,10842.0,import
2026-02-24 01:15:00,10773.785,import
2026-02-24 01:30:00,10705.57,import
2026-02-24 01:45:00,10637.355,import
2026-02-24 02:00:00,10569.14,import
2026-02-24 02:15:00,10687.7825,import
2026-02-24 02:30:00,10806.425,import
2026-02-24 02:45:00,10925.0675,import
2026-02-24 03:00:00,11043.71,import
2026-02-24 03:15:00,11066.107499999998,import
2026-02-24 03:30:00,11088.505,import
2026-02-24 03:45:00,11110.9025,import
2026-02-24 04:00:00,11133.3,import
2026-02-24 04:15:00,11107.93,import
2026-02-24 04:30:00,11082.56,import
2026-02-24 04:45:00,11057.19,import
2026-02-24 05:00:00,11031.82,import
2026-02-24 05:15:00,11125.55,import
2026-02-24 05:30:00,11219.28,import
2026-02-24 05:45:00,11313.01,import
2026-02-24 06:00:00,11406.74,import
2026-02-24 06:15:00,12251.8625,import
2026-02-24 06:30:00,13096.985,import
2026-02-24 06:45:00,13942.1075,import
2026-02-24 07:00:00,14787.23,import
2026-02-24 07:15:00,15082.9275,import
2026-02-24 07:30:00,15378.625,import
2026-02-24 07:45:00,15674.3225,import
2026-02-24 08:00:00,15970.02,import
2026-02-24 08:15:00,15973.7125,import
2026-02-24 08:30:00,15977.405,import
2026-02-24 08:45:00,15981.0975,import
2026-02-24 09:00:00,15984.79,import
2026-02-24 09:15:00,16058.9,import
2026-02-24 09:30:00,16133.01,import
2026-02-24 09:45:00,16207.12,import
2026-02-24 10:00:00,16281.23,import
2026-02-24 10:15:00,16369.6225,import
2026-02-24 10:30:00,16458.015,import
2026-02-24 10:45:00,16546.4075,import
2026-02-24 11:00:00,16634.8,import
2026-02-24 11:15:00,16206.43,import
2026-02-24 11:30:00,15778.06,import
2026-02-24 11:45:00,15349.69,import
2026-02-24 12:00:00,14921.32,import
2026-02-24 12:15:00,15045.845,import
2026-02-24 12:30:00,15170.37,import
2026-02-24 12:45:00,15294.895,import
2026-02-24 13:00:00,15419.42,import
2026-02-24 13:15:00,15228.2,import
2026-02-24 13:30:00,15036.98,import
2026-02-24 13:45:00,14845.76,import
2026-02-24 14:00:00,14654.54,import
2026-02-24 14:15:00,14708.705000000002,import
2026-02-24 14:30:00,14762.87,import
2026-02-24 14:45:00,14817.035,import
2026-02-24 15:00:00,14871.2,import
2026-02-24 15:15:00,14699.34,import
2026-02-24 15:30:00,14527.48,import
2026-02-24 15:45:00,14355.62,import
2026-02-24 16:00:00,14183.76,import
2026-02-24 16:15:00,14220.91,import
2026-02-24 16:30:00,14258.06,import
2026-02-24 16:45:00,14295.21,import
2026-02-24 17:00:00,14332.36,import
2026-02-24 17:15:00,14046.8125,import
2026-02-24 17:30:00,13761.265,import
2026-02-24 17:45:00,13475.7175,import
2026-02-24 18:00:00,13190.17,import
2026-02-24 18:15:00,13139.6475,import
2026-02-24 18:30:00,13089.125,import
2026-02-24 18:45:00,13038.6025,import
2026-02-24 19:00:00,12988.08,import
2026-02-24 19:15:00,12703.5025,import
2026-02-24 19:30:00,12418.925,import
2026-02-24 19:45:00,12134.3475,import
2026-02-24 20:00:00,11849.77,import
2026-02-24 20:15:00,11554.2675,import
2026-02-24 20:30:00,11258.765,import
2026-02-24 20:45:00,10963.2625,import
2026-02-24 21:00:00,10667.76,import
2026-02-24 21:15:00,10604.7675,import
2026-02-24 21:30:00,10541.775,import
2026-02-24 21:45:00,10478.7825,import
2026-02-24 22:00:00,10415.79,import
2026-02-24 22:15:00,10683.005,import
2026-02-24 22:30:00,10950.22,import
2026-02-24 22:45:00,11217.435,import
2026-02-24 23:00:00,11484.65,import
2026-02-24 23:15:00,11401.2725,import
2026-02-24 23:30:00,11317.895,import
2026-02-24 23:45:00,11234.5175,import
2026-02-25 00:00:00,11151.14,import
2026-02-25 00:15:00,11094.2175,import
2026-02-25 00:30:00,11037.295,import
2026-02-25 00:45:00,10980.3725,import
2026-02-25 01:00:00,10923.45,import
2026-02-25 01:15:00,10869.825,import
2026-02-25 01:30:00,10816.2,import
2026-02-25 01:45:00,10762.575,import
2026-02-25 02:00:00,10708.95,import
2026-02-25 02:15:00,10842.6825,import
2026-02-25 02:30:00,10976.415,import
2026-02-25 02:45:00,11110.1475,import
2026-02-25 03:00:00,11243.88,import
2026-02-25 03:15:00,11279.535,import
2026-02-25 03:30:00,11315.19,import
2026-02-25 03:45:00,11350.845,import
2026-02-25 04:00:00,11386.5,import
2026-02-25 04:15:00,11323.7675,import
2026-02-25 04:30:00,11261.035,import
2026-02-25 04:45:00,11198.3025,import
2026-02-25 05:00:00,11135.57,import
2026-02-25 05:15:00,11250.86,import
2026-02-25 05:30:00,11366.15,import
2026-02-25 05:45:00,11481.44,import
2026-02-25 06:00:00,11596.73,import
2026-02-25 06:15:00,12473.2125,import
2026-02-25 06:30:00,13349.695,import
2026-02-25 06:45:00,14226.1775,import
2026-02-25 07:00:00,15102.66,import
2026-02-25 07:15:00,15382.0275,import
2026-02-25 07:30:00,15661.395,import
2026-02-25 07:45:00,15940.7625,import
2026-02-25 08:00:00,16220.13,import
2026-02-25 08:15:00,16225.8025,import
2026-02-25 08:30:00,16231.475,import
2026-02-25 08:45:00,16237.1475,import
2026-02-25 09:00:00,16242.82,import
2026-02-25 09:15:00,16281.4475,import
2026-02-25 09:30:00,16320.075,import
2026-02-25 09:45:00,16358.7025,import
2026-02-25 10:00:00,16397.33,import
2026-02-25 10:15:00,16477.525,import
2026-02-25 10:30:00,16557.72,import
2026-02-25 10:45:00,16637.915,import
2026-02-25 11:00:00,16718.11,import
2026-02-25 11:15:00,16268.37,import
2026-02-25 11:30:00,15818.63,import
2026-02-25 11:45:00,15368.89,import
2026-02-25 12:00:00,14919.15,import
2026-02-25 12:15:00,15088.96,import
2026-02-25 12:30:00,15258.77,import
2026-02-25 12:45:00,15428.58,import
2026-02-25 13:00:00,15598.39,import
2026-02-25 13:15:00,15480.85,import
2026-02-25 13:30:00,15363.31,import
2026-02-25 13:45:00,15245.77,import
2026-02-25 14:00:00,15128.23,import
2026-02-25 14:15:00,15166.19,import
2026-02-25 14:30:00,15204.15,import
2026-02-25 14:45:00,15242.11,import
2026-02-25 15:00:00,15280.07,import
2026-02-25 15:15:00,15075.1975,import
2026-02-25 15:30:00,14870.325,import
2026-02-25 15:45:00,14665.4525,import
2026-02-25 16:00:00,14460.58,import
2026-02-25 16:15:00,14418.7375,import
2026-02-25 16:30:00,14376.895,import
2026-02-25 16:45:00,14335.0525,import
2026-02-25 17:00:00,14293.21,import
2026-02-25 17:15:00,14053.85,import
2026-02-25 17:30:00,13814.49,import
2026-02-25 17:45:00,13575.13,import
2026-02-25 18:00:00,13335.77,import
2026-02-25 18:15:00,13253.5825,import
2026-02-25 18:30:00,13171.395,import
2026-02-25 18:45:00,13089.2075,import
2026-02-25 19:00:00,13007.02,import
2026-02-25 19:15:00,12765.27,import
2026-02-25 19:30:00,12523.52,import
2026-02-25 19:45:00,12281.77,import
2026-02-25 20:00:00,12040.02,import
2026-02-25 20:15:00,11772.11,import
2026-02-25 20:30:00,11504.2,import
2026-02-25 20:45:00,11236.29,import
2026-02-25 21:00:00,10968.38,import
2026-02-25 21:15:00,10886.5175,import
2026-02-25 21:30:00,10804.655,import
2026-02-25 21:45:00,10722.7925,import
2026-02-25 22:00:00,10640.93,import
2026-02-25 22:15:00,10874.5125,import
2026-02-25 22:30:00,11108.095,import
2026-02-25 22:45:00,11341.6775,import
2026-02-25 23:00:00,11575.26,import
2026-02-25 23:15:00,11491.3225,import
2026-02-25 23:30:00,11407.385,import
2026-02-25 23:45:00,11323.4475,import
2026-02-26 00:00:00,11239.51,import
2026-02-26 00:15:00,11209.8125,import
2026-02-26 00:30:00,11180.115,import
2026-02-26 00:45:00,11150.4175,import
2026-02-26 01:00:00,11120.72,import
2026-02-26 01:15:00,11075.35,import
2026-02-26 01:30:00,11029.98,import
2026-02-26 01:45:00,10984.61,import
2026-02-26 02:00:00,10939.24,import
2026-02-26 02:15:00,11045.155,import
2026-02-26 02:30:00,11151.07,import
2026-02-26 02:45:00,11256.985,import
2026-02-26 03:00:00,11362.9,import
2026-02-26 03:15:00,11414.1525,import
2026-02-26 03:30:00,11465.405,import
2026-02-26 03:45:00,11516.6575,import
2026-02-26 04:00:00,11567.91,import
2026-02-26 04:15:00,11482.9825,import
2026-02-26 04:30:00,11398.055,import
2026-02-26 04:45:00,11313.1275,import
2026-02-26 05:00:00,11228.2,import
2026-02-26 05:15:00,11355.87,import
2026-02-26 05:30:00,11483.54,import
2026-02-26 05:45:00,11611.21,import
2026-02-26 06:00:00,11738.88,import
2026-02-26 06:15:00,12559.7225,import
2026-02-26 06:30:00,13380.565,import
2026-02-26 06:45:00,14201.4075,import
2026-02-26 07:00:00,15022.25,import
2026-02-26 07:15:00,15256.0725,import
2026-02-26 07:30:00,15489.895,import
2026-02-26 07:45:00,15723.7175,import
2026-02-26 08:00:00,15957.54,import
2026-02-26 08:15:00,16045.54,import
2026-02-26 08:30:00,16133.54,import
2026-02-26 08:45:00,16221.54,import
2026-02-26 09:00:00,16309.54,import
2026-02-26 09:15:00,16352.845,import
2026-02-26 09:30:00,16396.15,import
2026-02-26 09:45:00,16439.454999999998,import
2026-02-26 10:00:00,16482.76,import
2026-02-26 10:15:00,16570.48,import
2026-02-26 10:30:00,16658.199999999997,import
2026-02-26 10:45:00,16745.92,import
2026-02-26 11:00:00,16833.64,import
2026-02-26 11:15:00,16414.2925,import
2026-02-26 11:30:00,15994.945,import
2026-02-26 11:45:00,15575.5975,import
2026-02-26 12:00:00,15156.25,import
2026-02-26 12:15:00,15248.4325,import
2026-02-26 12:30:00,15340.615,import
2026-02-26 12:45:00,15432.7975,import
2026-02-26 13:00:00,15524.98,import
2026-02-26 13:15:00,15437.925,import
2026-02-26 13:30:00,15350.87,import
2026-02-26 13:45:00,15263.815,import
2026-02-26 14:00:00,15176.76,import
2026-02-26 14:15:00,15189.9925,import
2026-02-26 14:30:00,15203.225,import
2026-02-26 14:45:00,15216.4575,import
2026-02-26 15:00:00,15229.69,import
2026-02-26 15:15:00,15031.23,import
2026-02-26 15:30:00,14832.77,import
2026-02-26 15:45:00,14634.31,import
2026-02-26 16:00:00,14435.85,import
2026-02-26 16:15:00,14436.855,import
2026-02-26 16:30:00,14437.86,import
2026-02-26 16:45:00,14438.865000000002,import
2026-02-26 17:00:00,14439.87,import
2026-02-26 17:15:00,14214.9175,import
2026-02-26 17:30:00,13989.965,import
2026-02-26 17:45:00,13765.0125,import
2026-02-26 18:00:00,13540.06,import
2026-02-26 18:15:00,13444.755,import
2026-02-26 18:30:00,13349.45,import
2026-02-26 18:45:00,13254.145,import
2026-02-26 19:00:00,13158.84,import
2026-02-26 19:15:00,12953.035,import
2026-02-26 19:30:00,12747.23,import
2026-02-26 19:45:00,12541.425,import
2026-02-26 20:00:00,12335.62,import
2026-02-26 20:15:00,12053.8125,import
2026-02-26 20:30:00,11772.005,import
2026-02-26 20:45:00,11490.1975,import
2026-02-26 21:00:00,11208.39,import
2026-02-26 21:15:00,11160.0775,import
2026-02-26 21:30:00,11111.765,import
2026-02-26 21:45:00,11063.4525,import
2026-02-26 22:00:00,11015.14,import
2026-02-26 22:15:00,11237.22,import
2026-02-26 22:30:00,11459.3,import
2026-02-26 22:45:00,11681.38,import
2026-02-26 23:00:00,11903.46,import
2026-02-26 23:15:00,11801.52,import
2026-02-26 23:30:00,11699.58,import
2026-02-26 23:45:00,11597.64,import
2026-02-27 00:00:00,11495.7,import
2026-02-27 00:15:00,11438.01,import
2026-02-27 00:30:00,11380.32,import
2026-02-27 00:45:00,11322.63,import
2026-02-27 01:00:00,11264.94,import
2026-02-27 01:15:00,11225.955,import
2026-02-27 01:30:00,11186.97,import
2026-02-27 01:45:00,11147.985,import
2026-02-27 02:00:00,11109.0,import
2026-02-27 02:15:00,11222.46,import
2026-02-27 02:30:00,11335.92,import
2026-02-27 02:45:00,11449.38,import
2026-02-27 03:00:00,11562.84,import
2026-02-27 03:15:00,11632.4425,import
2026-02-27 03:30:00,11702.045,import
2026-02-27 03:45:00,11771.6475,import
2026-02-27 04:00:00,11841.25,import
2026-02-27 04:15:00,11190.835,import
2026-02-27 04:30:00,10540.42,import
2026-02-27 04:45:00,9890.005,import
2026-02-27 05:00:00,9239.59,import
2026-02-27 05:15:00,9990.7375,import
2026-02-27 05:30:00,10741.885,import
2026-02-27 05:45:00,11493.0325,import
2026-02-27 06:00:00,12244.18,import
2026-02-27 06:15:00,12998.825,import
2026-02-27 06:30:00,13753.47,import
2026-02-27 06:45:00,14508.115,import
2026-02-27 07:00:00,15262.76,import
2026-02-27 07:15:00,15566.845,import
2026-02-27 07:30:00,15870.93,import
2026-02-27 07:45:00,16175.015,import
2026-02-27 08:00:00,16479.1,import
2026-02-27 08:15:00,16498.28,import
2026-02-27 08:30:00,16517.46,import
2026-02-27 08:45:00,16536.64,import
2026-02-27 09:00:00,16555.82,import
2026-02-27 09:15:00,16612.6875,import
2026-02-27 09:30:00,16669.555,import
2026-02-27 09:45:00,16726.4225,import
2026-02-27 10:00:00,16783.29,import
2026-02-27 10:15:00,16892.235,import
2026-02-27 10:30:00,17001.18,import
2026-02-27 10:45:00,17110.125,import
2026-02-27 11:00:00,17219.07,import
2026-02-27 11:15:00,16803.665,import
2026-02-27 11:30:00,16388.260000000002,import
2026-02-27 11:45:00,15972.855,import
2026-02-27 12:00:00,15557.45,import
2026-02-27 12:15:00,15681.3,import
2026-02-27 12:30:00,15805.15,import
2026-02-27 12:45:00,15929.0,import
2026-02-27 13:00:00,16052.85,import
2026-02-27 13:15:00,15898.385,import
2026-02-27 13:30:00,15743.92,import
2026-02-27 13:45:00,15589.455,import
2026-02-27 14:00:00,15434.99,import
2026-02-27 14:15:00,15457.9825,import
2026-02-27 14:30:00,15480.975,import
2026-02-27 14:45:00,15503.9675,import
2026-02-27 15:00:00,15526.96,import
2026-02-27 15:15:00,15235.32,import
2026-02-27 15:30:00,14943.68,import
2026-02-27 15:45:00,14652.04,import
2026-02-27 16:00:00,14360.4,import
2026-02-27 16:15:00,14365.3875,import
2026-02-27 16:30:00,14370.375,import
2026-02-27 16:45:00,14375.3625,import
2026-02-27 17:00:00,14380.35,import
2026-02-27 17:15:00,14191.24,import
2026-02-27 17:30:00,14002.13,import
2026-02-27 17:45:00,13813.02,import
2026-02-27 18:00:00,13623.91,import
2026-02-27 18:15:00,13546.885,import
2026-02-27 18:30:00,13469.86,import
2026-02-27 18:45:00,13392.835,import
2026-02-27 19:00:00,13315.81,import
2026-02-27 19:15:00,12935.2375,import
2026-02-27 19:30:00,12554.665,import
2026-02-27 19:45:00,12174.0925,import
2026-02-27 20:00:00,11793.52,import
2026-02-27 20:15:00,11649.535,import
2026-02-27 20:30:00,11505.55,import
2026-02-27 20:45:00,11361.565,import
2026-02-27 21:00:00,11217.58,import
2026-02-27 21:15:00,11178.96,import
2026-02-27 21:30:00,11140.34,import
2026-02-27 21:45:00,11101.72,import
2026-02-27 22:00:00,11063.1,import
2026-02-27 22:15:00,11312.305,import
2026-02-27 22:30:00,11561.51,import
2026-02-27 22:45:00,11810.715,import
2026-02-27 23:00:00,12059.92,import
2026-02-27 23:15:00,11951.8525,import
2026-02-27 23:30:00,11843.785,import
2026-02-27 23:45:00,11735.7175,import
2026-02-28 00:00:00,11627.65,import
2026-02-28 00:15:00,11617.855,import
2026-02-28 00:30:00,11608.06,import
2026-02-28 00:45:00,11598.265,import
2026-02-28 01:00:00,11588.47,import
2026-02-28 01:15:00,11515.9175,import
2026-02-28 01:30:00,11443.365,import
2026-02-28 01:45:00,11370.8125,import
2026-02-28 02:00:00,11298.26,import
2026-02-28 02:15:00,11398.7325,import
2026-02-28 02:30:00,11499.205,import
2026-02-28 02:45:00,11599.6775,import
2026-02-28 03:00:00,11700.15,import
2026-02-28 03:15:00,11735.4375,import
2026-02-28 03:30:00,11770.725,import
2026-02-28 03:45:00,11806.0125,import
2026-02-28 04:00:00,11841.3,import
2026-02-28 04:15:00,11792.745,import
2026-02-28 04:30:00,11744.19,import
2026-02-28 04:45:00,11695.635,import
2026-02-28 05:00:00,11647.08,import
2026-02-28 05:15:00,11729.9075,import
2026-02-28 05:30:00,11812.735,import
2026-02-28 05:45:00,11895.5625,import
2026-02-28 06:00:00,11978.39,import
2026-02-28 06:15:00,12775.86,import
2026-02-28 06:30:00,13573.33,import
2026-02-28 06:45:00,14370.8,import
2026-02-28 07:00:00,15168.27,import
2026-02-28 07:15:00,15457.285,import
2026-02-28 07:30:00,15746.3,import
2026-02-28 07:45:00,16035.315,import
2026-02-28 08:00:00,16324.33,import
2026-02-28 08:15:00,16298.67,import
2026-02-28 08:30:00,16273.01,import
2026-02-28 08:45:00,16247.35,import
2026-02-28 09:00:00,16221.69,import
2026-02-28 09:15:00,16239.255,import
2026-02-28 09:30:00,16256.82,import
2026-02-28 09:45:00,16274.385,import
2026-02-28 10:00:00,16291.95,import
2026-02-28 10:15:00,16389.565000000002,import
2026-02-28 10:30:00,16487.18,import
2026-02-28 10:45:00,16584.795,import
2026-02-28 11:00:00,16682.41,import
2026-02-28 11:15:00,16270.7925,import
2026-02-28 11:30:00,15859.175,import
2026-02-28 11:45:00,15447.5575,import
2026-02-28 12:00:00,15035.94,import
2026-02-28 12:15:00,15143.6075,import
2026-02-28 12:30:00,15251.275,import
2026-02-28 12:45:00,15358.9425,import
2026-02-28 13:00:00,15466.61,import
2026-02-28 13:15:00,15368.385,import
2026-02-28 13:30:00,15270.16,import
2026-02-28 13:45:00,15171.935,import
2026-02-28 14:00:00,15073.71,import
2026-02-28 14:15:00,15115.8025,import
2026-02-28 14:30:00,15157.895,import
2026-02-28 14:45:00,15199.9875,import
2026-02-28 15:00:00,15242.08,import
2026-02-28 15:15:00,15012.0125,import
2026-02-28 15:30:00,14781.945,import
2026-02-28 15:45:00,14551.8775,import
2026-02-28 16:00:00,14321.81,import
2026-02-28 16:15:00,14354.8225,import
2026-02-28 16:30:00,14387.835,import
2026-02-28 16:45:00,14420.8475,import
2026-02-28 17:00:00,14453.86,import
2026-02-28 17:15:00,14165.4575,import
2026-02-28 17:30:00,13877.055,import
2026-02-28 17:45:00,13588.6525,import
2026-02-28 18:00:00,13300.25,import
2026-02-28 18:15:00,13233.1225,import
2026-02-28 18:30:00,13165.995,import
2026-02-28 18:45:00,13098.8675,import
2026-02-28 19:00:00,13031.74,import
2026-02-28 19:15:00,12825.595,import
2026-02-28 19:30:00,12619.45,import
2026-02-28 19:45:00,12413.305,import
2026-02-28 20:00:00,12207.16,import
2026-02-28 20:15:00,11981.225,import
2026-02-28 20:30:00,11755.29,import
2026-02-28 20:45:00,11529.355,import
2026-02-28 21:00:00,11303.42,import
2026-02-28 21:15:00,11271.5525,import
2026-02-28 21:30:00,11239.685,import
2026-02-28 21:45:00,11207.8175,import
2026-02-28 22:00:00,11175.95,import
2026-02-28 22:15:00,11409.345,import
2026-02-28 22:30:00,11642.740000000002,import
2026-02-28 22:45:00,11876.135,import
2026-02-28 23:00:00,12109.53,import
2026-02-28 23:15:00,11773.3325,import
2026-02-28 23:30:00,11437.135,import
2026-02-28 23:45:00,11100.9375,import
2026-03-01 00:00:00,10764.74,import
2026-03-01 00:15:00,10834.0525,import
2026-03-01 00:30:00,10903.365,import
2026-03-01 00:45:00,10972.6775,import
2026-03-01 01:00:00,11041.99,import
2026-03-01 01:15:00,10986.6375,import
2026-03-01 01:30:00,10931.285,import
2026-03-01 01:45:00,10875.9325,import
2026-03-01 02:00:00,10820.58,import
2026-03-01 02:15:00,10921.5775,import
2026-03-01 02:30:00,11022.575,import
2026-03-01 02:45:00,11123.5725,import
2026-03-01 03:00:00,11224.57,import
2026-03-01 03:15:00,11239.8825,import
2026-03-01 03:30:00,11255.195,import
2026-03-01 03:45:00,11270.5075,import
2026-03-01 04:00:00,11285.82,import
2026-03-01 04:15:00,11255.2875,import
2026-03-01 04:30:00,11224.755,import
2026-03-01 04:45:00,11194.2225,import
2026-03-01 05:00:00,11163.69,import
2026-03-01 05:15:00,11381.19,import
2026-03-01 05:30:00,11598.69,import
2026-03-01 05:45:00,11816.19,import
2026-03-01 06:00:00,12033.69,import
2026-03-01 06:15:00,12927.4225,import
2026-03-01 06:30:00,13821.155,import
2026-03-01 06:45:00,14714.8875,import
2026-03-01 07:00:00,15608.62,import
2026-03-01 07:15:00,16031.5125,import
2026-03-01 07:30:00,16454.405,import
2026-03-01 07:45:00,16877.2975,import
2026-03-01 08:00:00,17300.19,import
2026-03-01 08:15:00,17547.795,import
2026-03-01 08:30:00,17795.4,import
2026-03-01 08:45:00,18043.005,import
2026-03-01 09:00:00,18290.61,import
2026-03-01 09:15:00,18457.3225,import
2026-03-01 09:30:00,18624.035,import
2026-03-01 09:45:00,18790.7475,import
2026-03-01 10:00:00,18957.46,import
2026-03-01 10:15:00,19075.9975,import
2026-03-01 10:30:00,19194.535,import
2026-03-01 10:45:00,19313.0725,import
2026-03-01 11:00:00,19431.61,import
2026-03-01 11:15:00,19004.1125,import
2026-03-01 11:30:00,18576.615,import
2026-03-01 11:45:00,18149.1175,import
2026-03-01 12:00:00,17721.62,import
2026-03-01 12:15:00,17829.97,import
2026-03-01 12:30:00,17938.32,import
2026-03-01 12:45:00,18046.67,import
2026-03-01 13:00:00,18155.02,import
2026-03-01 13:15:00,18004.8,import
2026-03-01 13:30:00,17854.58,import
2026-03-01 13:45:00,17704.36,import
2026-03-01 14:00:00,17554.14,import
2026-03-01 14:15:00,17538.485,import
2026-03-01 14:30:00,17522.83,import
2026-03-01 14:45:00,17507.175,import
2026-03-01 15:00:00,17491.52,import
2026-03-01 15:15:00,17180.4625,import
2026-03-01 15:30:00,16869.405,import
2026-03-01 15:45:00,16558.3475,import
2026-03-01 16:00:00,16247.29,import
2026-03-01 16:15:00,16234.8225,import
2026-03-01 16:30:00,16222.355,import
2026-03-01 16:45:00,16209.8875,import
2026-03-01 17:00:00,16197.42,import
2026-03-01 17:15:00,15822.2825,import
2026-03-01 17:30:00,15447.145,import
2026-03-01 17:45:00,15072.0075,import
2026-03-01 18:00:00,14696.87,import
2026-03-01 18:15:00,14380.4,import
2026-03-01 18:30:00,14063.93,import
2026-03-01 18:45:00,13747.46,import
2026-03-01 19:00:00,13430.99,import
2026-03-01 19:15:00,13088.9925,import
2026-03-01 19:30:00,12746.995,import
2026-03-01 19:45:00,12404.9975,import
2026-03-01 20:00:00,12063.0,import
2026-03-01 20:15:00,11734.63,import
2026-03-01 20:30:00,11406.26,import
2026-03-01 20:45:00,11077.89,import
2026-03-01 21:00:00,10749.52,import
2026-03-01 21:15:00,10633.805,import
2026-03-01 21:30:00,10518.09,import
2026-03-01 21:45:00,10402.375,import
2026-03-01 22:00:00,10286.66,import
2026-03-01 22:15:00,10464.5375,import
2026-03-01 22:30:00,10642.415,import
2026-03-01 22:45:00,10820.2925,import
2026-03-01 23:00:00,10998.17,import
2026-03-01 23:15:00,10875.7625,import
2026-03-01 23:30:00,10753.355,import
2026-03-01 23:45:00,10630.9475,import
2026-03-02 00:00:00,10508.54,import
2026-03-02 00:15:00,10527.765,import
2026-03-02 00:30:00,10546.990000000002,import
2026-03-02 00:45:00,10566.215,import
2026-03-02 01:00:00,10585.44,import
2026-03-02 01:15:00,10513.23,import
2026-03-02 01:30:00,10441.02,import
2026-03-02 01:45:00,10368.81,import
2026-03-02 02:00:00,10296.6,import
2026-03-02 02:15:00,10436.68,import
2026-03-02 02:30:00,10576.76,import
2026-03-02 02:45:00,10716.84,import
2026-03-02 03:00:00,10856.92,import
2026-03-02 03:15:00,10873.97,import
2026-03-02 03:30:00,10891.02,import
2026-03-02 03:45:00,10908.07,import
2026-03-02 04:00:00,10925.12,import
2026-03-02 04:15:00,10835.18,import
2026-03-02 04:30:00,10745.240000000002,import
2026-03-02 04:45:00,10655.3,import
2026-03-02 05:00:00,10565.36,import
2026-03-02 05:15:00,10739.11,import
2026-03-02 05:30:00,10912.86,import
2026-03-02 05:45:00,11086.61,import
2026-03-02 06:00:00,11260.36,import
2026-03-02 06:15:00,12094.66,import
2026-03-02 06:30:00,12928.96,import
2026-03-02 06:45:00,13763.26,import
2026-03-02 07:00:00,14597.56,import
2026-03-02 07:15:00,15127.3625,import
2026-03-02 07:30:00,15657.165,import
2026-03-02 07:45:00,16186.9675,import
2026-03-02 08:00:00,16716.77,import
2026-03-02 08:15:00,17033.877500000002,import
2026-03-02 08:30:00,17350.985,import
2026-03-02 08:45:00,17668.0925,import
2026-03-02 09:00:00,17985.2,import
2026-03-02 09:15:00,18156.335,import
2026-03-02 09:30:00,18327.47,import
2026-03-02 09:45:00,18498.605000000003,import
2026-03-02 10:00:00,18669.74,import
2026-03-02 10:15:00,18828.005,import
2026-03-02 10:30:00,18986.27,import
2026-03-02 10:45:00,19144.535,import
2026-03-02 11:00:00,19302.8,import
2026-03-02 11:15:00,18914.695,import
2026-03-02 11:30:00,18526.59,import
2026-03-02 11:45:00,18138.485,import
2026-03-02 12:00:00,17750.38,import
2026-03-02 12:15:00,17908.9175,import
2026-03-02 12:30:00,18067.455,import
2026-03-02 12:45:00,18225.9925,import
2026-03-02 13:00:00,18384.53,import
2026-03-02 13:15:00,18137.6375,import
2026-03-02 13:30:00,17890.745,import
2026-03-02 13:45:00,17643.8525,import
2026-03-02 14:00:00,17396.96,import
2026-03-02 14:15:00,17411.02,import
2026-03-02 14:30:00,17425.08,import
2026-03-02 14:45:00,17439.14,import
2026-03-02 15:00:00,17453.2,import
2026-03-02 15:15:00,17241.572500000002,import
2026-03-02 15:30:00,17029.945,import
2026-03-02 15:45:00,16818.317499999997,import
2026-03-02 16:00:00,16606.69,import
2026-03-02 16:15:00,16551.802499999998,import
2026-03-02 16:30:00,16496.915,import
2026-03-02 16:45:00,16442.0275,import
2026-03-02 17:00:00,16387.14,import
2026-03-02 17:15:00,16174.87,import
2026-03-02 17:30:00,15962.6,import
2026-03-02 17:45:00,15750.33,import
2026-03-02 18:00:00,15538.06,import
2026-03-02 18:15:00,15220.375,import
2026-03-02 18:30:00,14902.69,import
2026-03-02 18:45:00,14585.005,import
2026-03-02 19:00:00,14267.32,import
2026-03-02 19:15:00,13850.7825,import
2026-03-02 19:30:00,13434.245,import
2026-03-02 19:45:00,13017.7075,import
2026-03-02 20:00:00,12601.17,import
2026-03-02 20:15:00,12290.4,import
2026-03-02 20:30:00,11979.63,import
2026-03-02 20:45:00,11668.86,import
2026-03-02 21:00:00,11358.09,import
2026-03-02 21:15:00,11176.455,import
2026-03-02 21:30:00,10994.82,import
2026-03-02 21:45:00,10813.185,import
2026-03-02 22:00:00,10631.55,import
2026-03-02 22:15:00,10779.97,import
2026-03-02 22:30:00,10928.39,import
2026-03-02 22:45:00,11076.81,import
2026-03-02 23:00:00,11225.23,import
2026-03-02 23:15:00,11016.445,import
2026-03-02 23:30:00,10807.66,import
2026-03-02 23:45:00,10598.875,import
2026-03-03 00:00:00,10390.09,import
2026-03-03 00:15:00,10439.1475,import
2026-03-03 00:30:00,10488.205,import
2026-03-03 00:45:00,10537.2625,import
2026-03-03 01:00:00,10586.32,import
2026-03-03 01:15:00,10526.065,import
2026-03-03 01:30:00,10465.81,import
2026-03-03 01:45:00,10405.555,import
2026-03-03 02:00:00,10345.3,import
2026-03-03 02:15:00,10434.8925,import
2026-03-03 02:30:00,10524.485,import
2026-03-03 02:45:00,10614.0775,import
2026-03-03 03:00:00,10703.67,import
2026-03-03 03:15:00,10694.4125,import
2026-03-03 03:30:00,10685.155,import
2026-03-03 03:45:00,10675.8975,import
2026-03-03 04:00:00,10666.64,import
2026-03-03 04:15:00,10621.81,import
2026-03-03 04:30:00,10576.98,import
2026-03-03 04:45:00,10532.15,import
2026-03-03 05:00:00,10487.32,import
2026-03-03 05:15:00,10674.235,import
2026-03-03 05:30:00,10861.15,import
2026-03-03 05:45:00,11048.065,import
2026-03-03 06:00:00,11234.98,import
2026-03-03 06:15:00,12016.7525,import
2026-03-03 06:30:00,12798.525,import
2026-03-03 06:45:00,13580.2975,import
2026-03-03 07:00:00,14362.07,import
2026-03-03 07:15:00,14906.44,import
2026-03-03 07:30:00,15450.81,import
2026-03-03 07:45:00,15995.18,import
2026-03-03 08:00:00,16539.55,import
2026-03-03 08:15:00,16865.605,import
2026-03-03 08:30:00,17191.66,import
2026-03-03 08:45:00,17517.715,import
2026-03-03 09:00:00,17843.77,import
2026-03-03 09:15:00,18052.4975,import
2026-03-03 09:30:00,18261.225,import
2026-03-03 09:45:00,18469.9525,import
2026-03-03 10:00:00,18678.68,import
2026-03-03 10:15:00,18828.78,import
2026-03-03 10:30:00,18978.88,import
2026-03-03 10:45:00,19128.980000000003,import
2026-03-03 11:00:00,19279.08,import
2026-03-03 11:15:00,18864.9575,import
2026-03-03 11:30:00,18450.835,import
2026-03-03 11:45:00,18036.7125,import
2026-03-03 12:00:00,17622.59,import
2026-03-03 12:15:00,17725.4375,import
2026-03-03 12:30:00,17828.285,import
2026-03-03 12:45:00,17931.1325,import
2026-03-03 13:00:00,18033.98,import
2026-03-03 13:15:00,17857.88,import
2026-03-03 13:30:00,17681.78,import
2026-03-03 13:45:00,17505.68,import
2026-03-03 14:00:00,17329.58,import
2026-03-03 14:15:00,17366.4225,import
2026-03-03 14:30:00,17403.265,import
2026-03-03 14:45:00,17440.107500000002,import
2026-03-03 15:00:00,17476.95,import
2026-03-03 15:15:00,17270.3175,import
2026-03-03 15:30:00,17063.684999999998,import
2026-03-03 15:45:00,16857.052499999998,import
2026-03-03 16:00:00,16650.42,import
2026-03-03 16:15:00,16639.2275,import
2026-03-03 16:30:00,16628.035,import
2026-03-03 16:45:00,16616.8425,import
2026-03-03 17:00:00,16605.65,import
2026-03-03 17:15:00,16377.347500000002,import
2026-03-03 17:30:00,16149.045000000002,import
2026-03-03 17:45:00,15920.7425,import
2026-03-03 18:00:00,15692.44,import
2026-03-03 18:15:00,15359.07,import
2026-03-03 18:30:00,15025.7,import
2026-03-03 18:45:00,14692.33,import
2026-03-03 19:00:00,14358.96,import
2026-03-03 19:15:00,13984.98,import
2026-03-03 19:30:00,13611.0,import
2026-03-03 19:45:00,13237.02,import
2026-03-03 20:00:00,12863.04,import
2026-03-03 20:15:00,12517.415,import
2026-03-03 20:30:00,12171.79,import
2026-03-03 20:45:00,11826.165,import
2026-03-03 21:00:00,11480.54,import
2026-03-03 21:15:00,11264.6875,import
2026-03-03 21:30:00,11048.835,import
2026-03-03 21:45:00,10832.9825,import
2026-03-03 22:00:00,10617.13,import
2026-03-03 22:15:00,10706.7775,import
2026-03-03 22:30:00,10796.425,import
2026-03-03 22:45:00,10886.072499999998,import
2026-03-03 23:00:00,10975.72,import
2026-03-03 23:15:00,10813.29,import
2026-03-03 23:30:00,10650.86,import
2026-03-03 23:45:00,10488.43,import
2026-03-04 00:00:00,10326.0,import
2026-03-04 00:15:00,10323.5925,import
2026-03-04 00:30:00,10321.185,import
2026-03-04 00:45:00,10318.7775,import
2026-03-04 01:00:00,10316.37,import
2026-03-04 01:15:00,10220.12,import
2026-03-04 01:30:00,10123.87,import
2026-03-04 01:45:00,10027.62,import
2026-03-04 02:00:00,9931.37,import
2026-03-04 02:15:00,9997.2275,import
2026-03-04 02:30:00,10063.085,import
2026-03-04 02:45:00,10128.9425,import
2026-03-04 03:00:00,10194.8,import
2026-03-04 03:15:00,10142.2975,import
2026-03-04 03:30:00,10089.795,import
2026-03-04 03:45:00,10037.2925,import
2026-03-04 04:00:00,9984.79,import
2026-03-04 04:15:00,9945.6375,import
2026-03-04 04:30:00,9906.485,import
2026-03-04 04:45:00,9867.3325,import
2026-03-04 05:00:00,9828.18,import
2026-03-04 05:15:00,9993.405,import
2026-03-04 05:30:00,10158.63,import
2026-03-04 05:45:00,10323.855,import
2026-03-04 06:00:00,10489.08,import
2026-03-04 06:15:00,11158.3925,import
2026-03-04 06:30:00,11827.705,import
2026-03-04 06:45:00,12497.0175,import
2026-03-04 07:00:00,13166.33,import
2026-03-04 07:15:00,13620.495,import
2026-03-04 07:30:00,14074.66,import
2026-03-04 07:45:00,14528.825,import
2026-03-04 08:00:00,14982.99,import
2026-03-04 08:15:00,15273.595,import
2026-03-04 08:30:00,15564.2,import
2026-03-04 08:45:00,15854.805,import
2026-03-04 09:00:00,16145.41,import
2026-03-04 09:15:00,16318.04,import
2026-03-04 09:30:00,16490.67,import
2026-03-04 09:45:00,16663.3,import
2026-03-04 10:00:00,16835.93,import
2026-03-04 10:15:00,17077.927499999998,import
2026-03-04 10:30:00,17319.925,import
2026-03-04 10:45:00,17561.9225,import
2026-03-04 11:00:00,17803.92,import
2026-03-04 11:15:00,17577.2275,import
2026-03-04 11:30:00,17350.535,import
2026-03-04 11:45:00,17123.8425,import
2026-03-04 12:00:00,16897.15,import
2026-03-04 12:15:00,17052.885000000002,import
2026-03-04 12:30:00,17208.620000000003,import
2026-03-04 12:45:00,17364.355,import
2026-03-04 13:00:00,17520.09,import
2026-03-04 13:15:00,17378.7925,import
2026-03-04 13:30:00,17237.495000000003,import
2026-03-04 13:45:00,17096.197500000002,import
2026-03-04 14:00:00,16954.9,import
2026-03-04 14:15:00,17017.08,import
2026-03-04 14:30:00,17079.260000000002,import
2026-03-04 14:45:00,17141.44,import
2026-03-04 15:00:00,17203.62,import
2026-03-04 15:15:00,16963.559999999998,import
2026-03-04 15:30:00,16723.5,import
2026-03-04 15:45:00,16483.44,import
2026-03-04 16:00:00,16243.38,import
2026-03-04 16:15:00,16270.7325,import
2026-03-04 16:30:00,16298.085,import
2026-03-04 16:45:00,16325.4375,import
2026-03-04 17:00:00,16352.79,import
2026-03-04 17:15:00,16087.0425,import
2026-03-04 17:30:00,15821.295,import
2026-03-04 17:45:00,15555.5475,import
2026-03-04 18:00:00,15289.8,import
2026-03-04 18:15:00,14987.9925,import
2026-03-04 18:30:00,14686.185,import
2026-03-04 18:45:00,14384.3775,import
2026-03-04 19:00:00,14082.57,import
2026-03-04 19:15:00,13753.9025,import
2026-03-04 19:30:00,13425.235,import
2026-03-04 19:45:00,13096.5675,import
2026-03-04 20:00:00,12767.9,import
2026-03-04 20:15:00,12390.405,import
2026-03-04 20:30:00,12012.91,import
2026-03-04 20:45:00,11635.415,import
2026-03-04 21:00:00,11257.92,import
2026-03-04 21:15:00,11048.3,import
2026-03-04 21:30:00,10838.68,import
2026-03-04 21:45:00,10629.06,import
2026-03-04 22:00:00,10419.44,import
2026-03-04 22:15:00,10477.765,import
2026-03-04 22:30:00,10536.09,import
2026-03-04 22:45:00,10594.415,import
2026-03-04 23:00:00,10652.74,import
2026-03-04 23:15:00,10458.6175,import
2026-03-04 23:30:00,10264.495,import
2026-03-04 23:45:00,10070.3725,import
2026-03-05 00:00:00,9876.25,import
2026-03-05 00:15:00,9886.6175,import
2026-03-05 00:30:00,9896.985,import
2026-03-05 00:45:00,9907.3525,import
2026-03-05 01:00:00,9917.72,import
2026-03-05 01:15:00,9827.7,import
2026-03-05 01:30:00,9737.68,import
2026-03-05 01:45:00,9647.66,import
2026-03-05 02:00:00,9557.64,import
2026-03-05 02:15:00,9585.0825,import
2026-03-05 02:30:00,9612.525,import
2026-03-05 02:45:00,9639.9675,import
2026-03-05 03:00:00,9667.41,import
2026-03-05 03:15:00,9636.51,import
2026-03-05 03:30:00,9605.61,import
2026-03-05 03:45:00,9574.71,import
2026-03-05 04:00:00,9543.81,import
2026-03-05 04:15:00,9515.6425,import
2026-03-05 04:30:00,9487.475,import
2026-03-05 04:45:00,9459.3075,import
2026-03-05 05:00:00,9431.14,import
2026-03-05 05:15:00,9617.8875,import
2026-03-05 05:30:00,9804.634999999998,import
2026-03-05 05:45:00,9991.3825,import
2026-03-05 06:00:00,10178.13,import
2026-03-05 06:15:00,10940.6775,import
2026-03-05 06:30:00,11703.225,import
2026-03-05 06:45:00,12465.7725,import
2026-03-05 07:00:00,13228.32,import
2026-03-05 07:15:00,13768.29,import
2026-03-05 07:30:00,14308.26,import
2026-03-05 07:45:00,14848.23,import
2026-03-05 08:00:00,15388.2,import
2026-03-05 08:15:00,15678.97,import
2026-03-05 08:30:00,15969.74,import
2026-03-05 08:45:00,16260.509999999998,import
2026-03-05 09:00:00,16551.28,import
2026-03-05 09:15:00,16766.96,import
2026-03-05 09:30:00,16982.64,import
2026-03-05 09:45:00,17198.32,import
2026-03-05 10:00:00,17414.0,import
2026-03-05 10:15:00,17638.345,import
2026-03-05 10:30:00,17862.690000000002,import
2026-03-05 10:45:00,18087.035,import
2026-03-05 11:00:00,18311.38,import
2026-03-05 11:15:00,18042.215,import
2026-03-05 11:30:00,17773.050000000003,import
2026-03-05 11:45:00,17503.885000000002,import
2026-03-05 12:00:00,17234.72,import
2026-03-05 12:15:00,17354.5775,import
2026-03-05 12:30:00,17474.435,import
2026-03-05 12:45:00,17594.292500000003,import
2026-03-05 13:00:00,17714.15,import
2026-03-05 13:15:00,17627.7275,import
2026-03-05 13:30:00,17541.305,import
2026-03-05 13:45:00,17454.8825,import
2026-03-05 14:00:00,17368.46,import
2026-03-05 14:15:00,17377.34,import
2026-03-05 14:30:00,17386.22,import
2026-03-05 14:45:00,17395.1,import
2026-03-05 15:00:00,17403.98,import
2026-03-05 15:15:00,17198.3375,import
2026-03-05 15:30:00,16992.695,import
2026-03-05 15:45:00,16787.052499999998,import
2026-03-05 16:00:00,16581.41,import
2026-03-05 16:15:00,16602.16,import
2026-03-05 16:30:00,16622.91,import
2026-03-05 16:45:00,16643.66,import
2026-03-05 17:00:00,16664.41,import
2026-03-05 17:15:00,16443.38,import
2026-03-05 17:30:00,16222.35,import
2026-03-05 17:45:00,16001.32,import
2026-03-05 18:00:00,15780.29,import
2026-03-05 18:15:00,15565.705000000002,import
2026-03-05 18:30:00,15351.12,import
2026-03-05 18:45:00,15136.535,import
2026-03-05 19:00:00,14921.95,import
2026-03-05 19:15:00,14548.5725,import
2026-03-05 19:30:00,14175.195,import
2026-03-05 19:45:00,13801.8175,import
2026-03-05 20:00:00,13428.44,import
2026-03-05 20:15:00,13072.995,import
2026-03-05 20:30:00,12717.55,import
2026-03-05 20:45:00,12362.105,import
2026-03-05 21:00:00,12006.66,import
2026-03-05 21:15:00,11772.33,import
2026-03-05 21:30:00,11538.0,import
2026-03-05 21:45:00,11303.67,import
2026-03-05 22:00:00,11069.34,import
2026-03-05 22:15:00,11129.355,import
2026-03-05 22:30:00,11189.37,import
2026-03-05 22:45:00,11249.385,import
2026-03-05 23:00:00,11309.4,import
2026-03-05 23:15:00,11142.5975,import
2026-03-05 23:30:00,10975.795,import
2026-03-05 23:45:00,10808.9925,import
2026-03-06 00:00:00,10642.19,import
2026-03-06 00:15:00,10599.3875,import
2026-03-06 00:30:00,10556.585,import
2026-03-06 00:45:00,10513.7825,import
2026-03-06 01:00:00,10470.98,import
2026-03-06 01:15:00,10413.5525,import
2026-03-06 01:30:00,10356.125,import
2026-03-06 01:45:00,10298.6975,import
2026-03-06 02:00:00,10241.27,import
2026-03-06 02:15:00,10296.3975,import
2026-03-06 02:30:00,10351.525,import
2026-03-06 02:45:00,10406.6525,import
2026-03-06 03:00:00,10461.78,import
2026-03-06 03:15:00,10405.7375,import
2026-03-06 03:30:00,10349.695,import
2026-03-06 03:45:00,10293.6525,import
2026-03-06 04:00:00,10237.61,import
2026-03-06 04:15:00,10200.2925,import
2026-03-06 04:30:00,10162.975,import
2026-03-06 04:45:00,10125.6575,import
2026-03-06 05:00:00,10088.34,import
2026-03-06 05:15:00,10275.745,import
2026-03-06 05:30:00,10463.15,import
2026-03-06 05:45:00,10650.555,import
2026-03-06 06:00:00,10837.96,import
2026-03-06 06:15:00,11596.4575,import
2026-03-06 06:30:00,12354.955,import
2026-03-06 06:45:00,13113.4525,import
2026-03-06 07:00:00,13871.95,import
2026-03-06 07:15:00,14475.17,import
2026-03-06 07:30:00,15078.39,import
2026-03-06 07:45:00,15681.61,import
2026-03-06 08:00:00,16284.83,import
2026-03-06 08:15:00,16561.2575,import
2026-03-06 08:30:00,16837.685,import
2026-03-06 08:45:00,17114.1125,import
2026-03-06 09:00:00,17390.54,import
2026-03-06 09:15:00,17550.515,import
2026-03-06 09:30:00,17710.489999999998,import
2026-03-06 09:45:00,17870.465,import
2026-03-06 10:00:00,18030.44,import
2026-03-06 10:15:00,18221.1625,import
2026-03-06 10:30:00,18411.885,import
2026-03-06 10:45:00,18602.6075,import
2026-03-06 11:00:00,18793.33,import
2026-03-06 11:15:00,18478.050000000003,import
2026-03-06 11:30:00,18162.77,import
2026-03-06 11:45:00,17847.489999999998,import
2026-03-06 12:00:00,17532.21,import
2026-03-06 12:15:00,17718.5075,import
2026-03-06 12:30:00,17904.805,import
2026-03-06 12:45:00,18091.1025,import
2026-03-06 13:00:00,18277.4,import
2026-03-06 13:15:00,18123.125,import
2026-03-06 13:30:00,17968.85,import
2026-03-06 13:45:00,17814.575,import
2026-03-06 14:00:00,17660.3,import
2026-03-06 14:15:00,17661.372499999998,import
2026-03-06 14:30:00,17662.445,import
2026-03-06 14:45:00,17663.5175,import
2026-03-06 15:00:00,17664.59,import
2026-03-06 15:15:00,17417.239999999998,import
2026-03-06 15:30:00,17169.89,import
2026-03-06 15:45:00,16922.54,import
2026-03-06 16:00:00,16675.19,import
2026-03-06 16:15:00,16716.364999999998,import
2026-03-06 16:30:00,16757.54,import
2026-03-06 16:45:00,16798.715,import
2026-03-06 17:00:00,16839.89,import
2026-03-06 17:15:00,16639.4075,import
2026-03-06 17:30:00,16438.925,import
2026-03-06 17:45:00,16238.4425,import
2026-03-06 18:00:00,16037.96,import
2026-03-06 18:15:00,15749.625,import
2026-03-06 18:30:00,15461.29,import
2026-03-06 18:45:00,15172.955,import
2026-03-06 19:00:00,14884.62,import
2026-03-06 19:15:00,14507.1725,import
2026-03-06 19:30:00,14129.725,import
2026-03-06 19:45:00,13752.2775,import
2026-03-06 20:00:00,13374.83,import
2026-03-06 20:15:00,13107.0475,import
2026-03-06 20:30:00,12839.265,import
2026-03-06 20:45:00,12571.4825,import
2026-03-06 21:00:00,12303.7,import
2026-03-06 21:15:00,12065.045,import
2026-03-06 21:30:00,11826.39,import
2026-03-06 21:45:00,11587.735,import
2026-03-06 22:00:00,11349.08,import
2026-03-06 22:15:00,11419.7275,import
2026-03-06 22:30:00,11490.375,import
2026-03-06 22:45:00,11561.0225,import
2026-03-06 23:00:00,11631.67,import
2026-03-06 23:15:00,11439.685,import
2026-03-06 23:30:00,11247.7,import
2026-03-06 23:45:00,11055.715,import
2026-03-07 00:00:00,10863.73,import
2026-03-07 00:15:00,10820.8275,import
2026-03-07 00:30:00,10777.925,import
2026-03-07 00:45:00,10735.0225,import
2026-03-07 01:00:00,10692.12,import
2026-03-07 01:15:00,10667.4025,import
2026-03-07 01:30:00,10642.685,import
2026-03-07 01:45:00,10617.9675,import
2026-03-07 02:00:00,10593.25,import
2026-03-07 02:15:00,10675.4975,import
2026-03-07 02:30:00,10757.745,import
2026-03-07 02:45:00,10839.9925,import
2026-03-07 03:00:00,10922.24,import
2026-03-07 03:15:00,10937.88,import
2026-03-07 03:30:00,10953.52,import
2026-03-07 03:45:00,10969.16,import
2026-03-07 04:00:00,10984.8,import
2026-03-07 04:15:00,10882.947499999998,import
2026-03-07 04:30:00,10781.095,import
2026-03-07 04:45:00,10679.2425,import
2026-03-07 05:00:00,10577.39,import
2026-03-07 05:15:00,10591.645,import
2026-03-07 05:30:00,10605.9,import
2026-03-07 05:45:00,10620.155,import
2026-03-07 06:00:00,10634.41,import
2026-03-07 06:15:00,11446.1075,import
2026-03-07 06:30:00,12257.805,import
2026-03-07 06:45:00,13069.5025,import
2026-03-07 07:00:00,13881.2,import
2026-03-07 07:15:00,14679.365000000002,import
2026-03-07 07:30:00,15477.53,import
2026-03-07 07:45:00,16275.695,import
2026-03-07 08:00:00,17073.86,import
2026-03-07 08:15:00,17361.557500000003,import
2026-03-07 08:30:00,17649.255,import
2026-03-07 08:45:00,17936.9525,import
2026-03-07 09:00:00,18224.65,import
2026-03-07 09:15:00,18365.935,import
2026-03-07 09:30:00,18507.22,import
2026-03-07 09:45:00,18648.505,import
2026-03-07 10:00:00,18789.79,import
2026-03-07 10:15:00,18949.8025,import
2026-03-07 10:30:00,19109.815,import
2026-03-07 10:45:00,19269.8275,import
2026-03-07 11:00:00,19429.84,import
2026-03-07 11:15:00,19076.72,import
2026-03-07 11:30:00,18723.6,import
2026-03-07 11:45:00,18370.48,import
2026-03-07 12:00:00,18017.36,import
2026-03-07 12:15:00,18148.64,import
2026-03-07 12:30:00,18279.92,import
2026-03-07 12:45:00,18411.2,import
2026-03-07 13:00:00,18542.48,import
2026-03-07 13:15:00,18395.67,import
2026-03-07 13:30:00,18248.86,import
2026-03-07 13:45:00,18102.050000000003,import
2026-03-07 14:00:00,17955.24,import
2026-03-07 14:15:00,17924.377500000002,import
2026-03-07 14:30:00,17893.515,import
2026-03-07 14:45:00,17862.6525,import
2026-03-07 15:00:00,17831.79,import
2026-03-07 15:15:00,17571.112500000003,import
2026-03-07 15:30:00,17310.435,import
2026-03-07 15:45:00,17049.7575,import
2026-03-07 16:00:00,16789.08,import
2026-03-07 16:15:00,16807.84,import
2026-03-07 16:30:00,16826.6,import
2026-03-07 16:45:00,16845.36,import
2026-03-07 17:00:00,16864.12,import
2026-03-07 17:15:00,16617.837499999998,import
2026-03-07 17:30:00,16371.555,import
2026-03-07 17:45:00,16125.2725,import
2026-03-07 18:00:00,15878.99,import
2026-03-07 18:15:00,15615.09,import
2026-03-07 18:30:00,15351.19,import
2026-03-07 18:45:00,15087.29,import
2026-03-07 19:00:00,14823.39,import
2026-03-07 19:15:00,14488.3825,import
2026-03-07 19:30:00,14153.375,import
2026-03-07 19:45:00,13818.3675,import
2026-03-07 20:00:00,13483.36,import
2026-03-07 20:15:00,13216.395,import
2026-03-07 20:30:00,12949.43,import
2026-03-07 20:45:00,12682.465,import
2026-03-07 21:00:00,12415.5,import
2026-03-07 21:15:00,12110.2125,import
2026-03-07 21:30:00,11804.925,import
2026-03-07 21:45:00,11499.6375,import
2026-03-07 22:00:00,11194.35,import
2026-03-07 22:15:00,11276.935,import
2026-03-07 22:30:00,11359.52,import
2026-03-07 22:45:00,11442.105,import
2026-03-07 23:00:00,11524.69,import
2026-03-07 23:15:00,11412.2875,import
2026-03-07 23:30:00,11299.885,import
2026-03-07 23:45:00,11187.4825,import
2026-03-08 00:00:00,11075.08,import
2026-03-08 00:15:00,11045.935,import
2026-03-08 00:30:00,11016.79,import
2026-03-08 00:45:00,10987.645,import
2026-03-08 01:00:00,10958.5,import
2026-03-08 01:15:00,10890.77,import
2026-03-08 01:30:00,10823.04,import
2026-03-08 01:45:00,10755.31,import
2026-03-08 02:00:00,10687.58,import
2026-03-08 02:15:00,10783.385,import
2026-03-08 02:30:00,10879.19,import
2026-03-08 02:45:00,10974.995,import
2026-03-08 03:00:00,11070.8,import
2026-03-08 03:15:00,11047.61,import
2026-03-08 03:30:00,11024.42,import
2026-03-08 03:45:00,11001.23,import
2026-03-08 04:00:00,10978.04,import
2026-03-08 04:15:00,10848.705000000002,import
2026-03-08 04:30:00,10719.37,import
2026-03-08 04:45:00,10590.035,import
2026-03-08 05:00:00,10460.7,import
2026-03-08 05:15:00,10413.2675,import
2026-03-08 05:30:00,10365.835,import
2026-03-08 05:45:00,10318.4025,import
2026-03-08 06:00:00,10270.97,import
2026-03-08 06:15:00,11095.75,import
2026-03-08 06:30:00,11920.53,import
2026-03-08 06:45:00,12745.31,import
2026-03-08 07:00:00,13570.09,import
2026-03-08 07:15:00,14257.875,import
2026-03-08 07:30:00,14945.66,import
2026-03-08 07:45:00,15633.445,import
2026-03-08 08:00:00,16321.23,import
2026-03-08 08:15:00,16552.6,import
2026-03-08 08:30:00,16783.97,import
2026-03-08 08:45:00,17015.34,import
2026-03-08 09:00:00,17246.71,import
2026-03-08 09:15:00,17537.0975,import
2026-03-08 09:30:00,17827.485,import
2026-03-08 09:45:00,18117.8725,import
2026-03-08 10:00:00,18408.26,import
2026-03-08 10:15:00,18675.7,import
2026-03-08 10:30:00,18943.14,import
2026-03-08 10:45:00,19210.58,import
2026-03-08 11:00:00,19478.02,import
2026-03-08 11:15:00,19022.305,import
2026-03-08 11:30:00,18566.59,import
2026-03-08 11:45:00,18110.875,import
2026-03-08 12:00:00,17655.16,import
2026-03-08 12:15:00,17837.965,import
2026-03-08 12:30:00,18020.77,import
2026-03-08 12:45:00,18203.575,import
2026-03-08 13:00:00,18386.38,import
2026-03-08 13:15:00,18189.4125,import
2026-03-08 13:30:00,17992.445,import
2026-03-08 13:45:00,17795.4775,import
2026-03-08 14:00:00,17598.51,import
2026-03-08 14:15:00,17630.89,import
2026-03-08 14:30:00,17663.269999999997,import
2026-03-08 14:45:00,17695.649999999998,import
2026-03-08 15:00:00,17728.03,import
2026-03-08 15:15:00,17504.767499999998,import
2026-03-08 15:30:00,17281.504999999997,import
2026-03-08 15:45:00,17058.2425,import
2026-03-08 16:00:00,16834.98,import
2026-03-08 16:15:00,16839.0225,import
2026-03-08 16:30:00,16843.065000000002,import
2026-03-08 16:45:00,16847.107500000002,import
2026-03-08 17:00:00,16851.15,import
2026-03-08 17:15:00,16602.47,import
2026-03-08 17:30:00,16353.79,import
2026-03-08 17:45:00,16105.11,import
2026-03-08 18:00:00,15856.43,import
2026-03-08 18:15:00,15590.585,import
2026-03-08 18:30:00,15324.74,import
2026-03-08 18:45:00,15058.895,import
2026-03-08 19:00:00,14793.05,import
2026-03-08 19:15:00,14422.82,import
2026-03-08 19:30:00,14052.59,import
2026-03-08 19:45:00,13682.36,import
2026-03-08 20:00:00,13312.13,import
2026-03-08 20:15:00,12944.1375,import
2026-03-08 20:30:00,12576.145,import
2026-03-08 20:45:00,12208.1525,import
2026-03-08 21:00:00,11840.16,import
2026-03-08 21:15:00,11661.4475,import
2026-03-08 21:30:00,11482.735,import
2026-03-08 21:45:00,11304.0225,import
2026-03-08 22:00:00,11125.31,import
2026-03-08 22:15:00,11211.0,import
2026-03-08 22:30:00,11296.69,import
2026-03-08 22:45:00,11382.38,import
2026-03-08 23:00:00,11468.07,import
2026-03-08 23:15:00,11331.9225,import
2026-03-08 23:30:00,11195.775,import
2026-03-08 23:45:00,11059.6275,import
2026-03-09 00:00:00,10923.48,import
2026-03-09 00:15:00,10905.05,import
2026-03-09 00:30:00,10886.62,import
2026-03-09 00:45:00,10868.19,import
2026-03-09 01:00:00,10849.76,import
2026-03-09 01:15:00,10794.7625,import
2026-03-09 01:30:00,10739.765,import
2026-03-09 01:45:00,10684.7675,import
2026-03-09 02:00:00,10629.77,import
2026-03-09 02:15:00,10714.5325,import
2026-03-09 02:30:00,10799.295,import
2026-03-09 02:45:00,10884.0575,import
2026-03-09 03:00:00,10968.82,import
2026-03-09 03:15:00,10954.3625,import
2026-03-09 03:30:00,10939.905,import
2026-03-09 03:45:00,10925.4475,import
2026-03-09 04:00:00,10910.99,import
2026-03-09 04:15:00,10822.17,import
2026-03-09 04:30:00,10733.35,import
2026-03-09 04:45:00,10644.53,import
2026-03-09 05:00:00,10555.71,import
2026-03-09 05:15:00,10745.669999999998,import
2026-03-09 05:30:00,10935.63,import
2026-03-09 05:45:00,11125.59,import
2026-03-09 06:00:00,11315.55,import
2026-03-09 06:15:00,12248.2075,import
2026-03-09 06:30:00,13180.865,import
2026-03-09 06:45:00,14113.5225,import
2026-03-09 07:00:00,15046.18,import
2026-03-09 07:15:00,15630.1,import
2026-03-09 07:30:00,16214.02,import
2026-03-09 07:45:00,16797.940000000002,import
2026-03-09 08:00:00,17381.86,import
2026-03-09 08:15:00,17630.34,import
2026-03-09 08:30:00,17878.82,import
2026-03-09 08:45:00,18127.3,import
2026-03-09 09:00:00,18375.78,import
2026-03-09 09:15:00,18495.2475,import
2026-03-09 09:30:00,18614.715,import
2026-03-09 09:45:00,18734.182500000003,import
2026-03-09 10:00:00,18853.65,import
2026-03-09 10:15:00,18990.84,import
2026-03-09 10:30:00,19128.03,import
2026-03-09 10:45:00,19265.22,import
2026-03-09 11:00:00,19402.41,import
2026-03-09 11:15:00,19017.905,import
2026-03-09 11:30:00,18633.4,import
2026-03-09 11:45:00,18248.895,import
2026-03-09 12:00:00,17864.39,import
2026-03-09 12:15:00,17982.345,import
2026-03-09 12:30:00,18100.3,import
2026-03-09 12:45:00,18218.255,import
2026-03-09 13:00:00,18336.21,import
2026-03-09 13:15:00,18175.0775,import
2026-03-09 13:30:00,18013.945,import
2026-03-09 13:45:00,17852.8125,import
2026-03-09 14:00:00,17691.68,import
2026-03-09 14:15:00,17668.552499999998,import
2026-03-09 14:30:00,17645.425,import
2026-03-09 14:45:00,17622.2975,import
2026-03-09 15:00:00,17599.17,import
2026-03-09 15:15:00,17350.155,import
2026-03-09 15:30:00,17101.14,import
2026-03-09 15:45:00,16852.125,import
2026-03-09 16:00:00,16603.11,import
2026-03-09 16:15:00,16645.9275,import
2026-03-09 16:30:00,16688.745000000003,import
2026-03-09 16:45:00,16731.5625,import
2026-03-09 17:00:00,16774.38,import
2026-03-09 17:15:00,16471.835,import
2026-03-09 17:30:00,16169.29,import
2026-03-09 17:45:00,15866.745,import
2026-03-09 18:00:00,15564.2,import
2026-03-09 18:15:00,15357.275,import
2026-03-09 18:30:00,15150.35,import
2026-03-09 18:45:00,14943.425,import
2026-03-09 19:00:00,14736.5,import
2026-03-09 19:15:00,14372.2125,import
2026-03-09 19:30:00,14007.925,import
2026-03-09 19:45:00,13643.6375,import
2026-03-09 20:00:00,13279.35,import
2026-03-09 20:15:00,12957.8475,import
2026-03-09 20:30:00,12636.345,import
2026-03-09 20:45:00,12314.8425,import
2026-03-09 21:00:00,11993.34,import
2026-03-09 21:15:00,11788.1725,import
2026-03-09 21:30:00,11583.005,import
2026-03-09 21:45:00,11377.8375,import
2026-03-09 22:00:00,11172.67,import
2026-03-09 22:15:00,11270.465,import
2026-03-09 22:30:00,11368.26,import
2026-03-09 22:45:00,11466.055,import
2026-03-09 23:00:00,11563.85,import
2026-03-09 23:15:00,11411.6275,import
2026-03-09 23:30:00,11259.405,import
2026-03-09 23:45:00,11107.1825,import
2026-03-10 00:00:00,10954.96,import
2026-03-10 00:15:00,10941.1725,import
2026-03-10 00:30:00,10927.384999999998,import
2026-03-10 00:45:00,10913.5975,import
2026-03-10 01:00:00,10899.81,import
2026-03-10 01:15:00,10870.0125,import
2026-03-10 01:30:00,10840.215,import
2026-03-10 01:45:00,10810.4175,import
2026-03-10 02:00:00,10780.62,import
2026-03-10 02:15:00,10858.125,import
2026-03-10 02:30:00,10935.63,import
2026-03-10 02:45:00,11013.135,import
2026-03-10 03:00:00,11090.64,import
2026-03-10 03:15:00,11091.16,import
2026-03-10 03:30:00,11091.68,import
2026-03-10 03:45:00,11092.2,import
2026-03-10 04:00:00,11092.72,import
2026-03-10 04:15:00,11044.6675,import
2026-03-10 04:30:00,10996.615,import
2026-03-10 04:45:00,10948.5625,import
2026-03-10 05:00:00,10900.51,import
2026-03-10 05:15:00,11101.5625,import
2026-03-10 05:30:00,11302.615,import
2026-03-10 05:45:00,11503.6675,import
2026-03-10 06:00:00,11704.72,import
2026-03-10 06:15:00,12584.5625,import
2026-03-10 06:30:00,13464.405,import
2026-03-10 06:45:00,14344.2475,import
2026-03-10 07:00:00,15224.09,import
2026-03-10 07:15:00,15729.475,import
2026-03-10 07:30:00,16234.86,import
2026-03-10 07:45:00,16740.245000000003,import
2026-03-10 08:00:00,17245.63,import
2026-03-10 08:15:00,17499.8175,import
2026-03-10 08:30:00,17754.005,import
2026-03-10 08:45:00,18008.1925,import
2026-03-10 09:00:00,18262.38,import
2026-03-10 09:15:00,18357.165,import
2026-03-10 09:30:00,18451.95,import
2026-03-10 09:45:00,18546.735,import
2026-03-10 10:00:00,18641.52,import
2026-03-10 10:15:00,18845.4925,import
2026-03-10 10:30:00,19049.465,import
2026-03-10 10:45:00,19253.4375,import
2026-03-10 11:00:00,19457.41,import
2026-03-10 11:15:00,18992.0775,import
2026-03-10 11:30:00,18526.745000000003,import
2026-03-10 11:45:00,18061.4125,import
2026-03-10 12:00:00,17596.08,import
2026-03-10 12:15:00,17720.107500000002,import
2026-03-10 12:30:00,17844.135000000002,import
2026-03-10 12:45:00,17968.1625,import
2026-03-10 13:00:00,18092.19,import
2026-03-10 13:15:00,17928.184999999998,import
2026-03-10 13:30:00,17764.18,import
2026-03-10 13:45:00,17600.175,import
2026-03-10 14:00:00,17436.17,import
2026-03-10 14:15:00,17458.527499999997,import
2026-03-10 14:30:00,17480.885,import
2026-03-10 14:45:00,17503.2425,import
2026-03-10 15:00:00,17525.6,import
2026-03-10 15:15:00,17259.9375,import
2026-03-10 15:30:00,16994.275,import
2026-03-10 15:45:00,16728.6125,import
2026-03-10 16:00:00,16462.95,import
2026-03-10 16:15:00,16488.0775,import
2026-03-10 16:30:00,16513.205,import
2026-03-10 16:45:00,16538.3325,import
2026-03-10 17:00:00,16563.46,import
2026-03-10 17:15:00,16366.4025,import
2026-03-10 17:30:00,16169.345,import
2026-03-10 17:45:00,15972.2875,import
2026-03-10 18:00:00,15775.23,import
2026-03-10 18:15:00,15576.025,import
2026-03-10 18:30:00,15376.82,import
2026-03-10 18:45:00,15177.615,import
2026-03-10 19:00:00,14978.41,import
2026-03-10 19:15:00,14595.625,import
2026-03-10 19:30:00,14212.84,import
2026-03-10 19:45:00,13830.055,import
2026-03-10 20:00:00,13447.27,import
2026-03-10 20:15:00,13086.33,import
2026-03-10 20:30:00,12725.39,import
2026-03-10 20:45:00,12364.45,import
2026-03-10 21:00:00,12003.51,import
2026-03-10 21:15:00,11839.23,import
2026-03-10 21:30:00,11674.95,import
2026-03-10 21:45:00,11510.67,import
2026-03-10 22:00:00,11346.39,import
2026-03-10 22:15:00,11434.2575,import
2026-03-10 22:30:00,11522.125,import
2026-03-10 22:45:00,11609.9925,import
2026-03-10 23:00:00,11697.86,import
2026-03-10 23:15:00,11587.2,import
2026-03-10 23:30:00,11476.54,import
2026-03-10 23:45:00,11365.88,import
2026-03-11 00:00:00,11255.22,import
2026-03-11 00:15:00,11222.36,import
2026-03-11 00:30:00,11189.5,import
2026-03-11 00:45:00,11156.64,import
2026-03-11 01:00:00,11123.78,import
2026-03-11 01:15:00,11059.3175,import
2026-03-11 01:30:00,10994.855,import
2026-03-11 01:45:00,10930.3925,import
2026-03-11 02:00:00,10865.93,import
2026-03-11 02:15:00,10964.415,import
2026-03-11 02:30:00,11062.9,import
2026-03-11 02:45:00,11161.385,import
2026-03-11 03:00:00,11259.87,import
2026-03-11 03:15:00,11251.335,import
2026-03-11 03:30:00,11242.8,import
2026-03-11 03:45:00,11234.265,import
2026-03-11 04:00:00,11225.73,import
2026-03-11 04:15:00,11175.8225,import
2026-03-11 04:30:00,11125.915,import
2026-03-11 04:45:00,11076.0075,import
2026-03-11 05:00:00,11026.1,import
2026-03-11 05:15:00,11181.395,import
2026-03-11 05:30:00,11336.69,import
2026-03-11 05:45:00,11491.985,import
2026-03-11 06:00:00,11647.28,import
2026-03-11 06:15:00,12491.28,import
2026-03-11 06:30:00,13335.28,import
2026-03-11 06:45:00,14179.28,import
2026-03-11 07:00:00,15023.28,import
2026-03-11 07:15:00,15557.8225,import
2026-03-11 07:30:00,16092.365000000002,import
2026-03-11 07:45:00,16626.9075,import
2026-03-11 08:00:00,17161.45,import
2026-03-11 08:15:00,17409.485,import
2026-03-11 08:30:00,17657.52,import
2026-03-11 08:45:00,17905.555,import
2026-03-11 09:00:00,18153.59,import
2026-03-11 09:15:00,18273.4425,import
2026-03-11 09:30:00,18393.295,import
2026-03-11 09:45:00,18513.1475,import
2026-03-11 10:00:00,18633.0,import
2026-03-11 10:15:00,18810.57,import
2026-03-11 10:30:00,18988.14,import
2026-03-11 10:45:00,19165.71,import
2026-03-11 11:00:00,19343.28,import
2026-03-11 11:15:00,18954.2425,import
2026-03-11 11:30:00,18565.205,import
2026-03-11 11:45:00,18176.1675,import
2026-03-11 12:00:00,17787.13,import
2026-03-11 12:15:00,17864.925000000003,import
2026-03-11 12:30:00,17942.72,import
2026-03-11 12:45:00,18020.515,import
2026-03-11 13:00:00,18098.31,import
2026-03-11 13:15:00,17945.47,import
2026-03-11 13:30:00,17792.63,import
2026-03-11 13:45:00,17639.79,import
2026-03-11 14:00:00,17486.95,import
2026-03-11 14:15:00,17452.0975,import
2026-03-11 14:30:00,17417.245000000003,import
2026-03-11 14:45:00,17382.3925,import
2026-03-11 15:00:00,17347.54,import
2026-03-11 15:15:00,17100.575,import
2026-03-11 15:30:00,16853.61,import
2026-03-11 15:45:00,16606.645,import
2026-03-11 16:00:00,16359.68,import
2026-03-11 16:15:00,16323.0775,import
2026-03-11 16:30:00,16286.475,import
2026-03-11 16:45:00,16249.8725,import
2026-03-11 17:00:00,16213.27,import
2026-03-11 17:15:00,15981.2775,import
2026-03-11 17:30:00,15749.285,import
2026-03-11 17:45:00,15517.2925,import
2026-03-11 18:00:00,15285.3,import
2026-03-11 18:15:00,15100.259999999998,import
2026-03-11 18:30:00,14915.22,import
2026-03-11 18:45:00,14730.18,import
2026-03-11 19:00:00,14545.14,import
2026-03-11 19:15:00,14242.415,import
2026-03-11 19:30:00,13939.69,import
2026-03-11 19:45:00,13636.965,import
2026-03-11 20:00:00,13334.24,import
2026-03-11 20:15:00,12972.04,import
2026-03-11 20:30:00,12609.84,import
2026-03-11 20:45:00,12247.64,import
2026-03-11 21:00:00,11885.44,import
2026-03-11 21:15:00,11692.1675,import
2026-03-11 21:30:00,11498.895,import
2026-03-11 21:45:00,11305.6225,import
2026-03-11 22:00:00,11112.35,import
2026-03-11 22:15:00,11212.055,import
2026-03-11 22:30:00,11311.76,import
2026-03-11 22:45:00,11411.465,import
2026-03-11 23:00:00,11511.17,import
2026-03-11 23:15:00,11390.5475,import
2026-03-11 23:30:00,11269.925,import
2026-03-11 23:45:00,11149.3025,import
2026-03-12 00:00:00,11028.68,import
2026-03-12 00:15:00,11010.5925,import
2026-03-12 00:30:00,10992.505,import
2026-03-12 00:45:00,10974.4175,import
2026-03-12 01:00:00,10956.33,import
2026-03-12 01:15:00,10892.8925,import
2026-03-12 01:30:00,10829.455,import
2026-03-12 01:45:00,10766.0175,import
2026-03-12 02:00:00,10702.58,import
2026-03-12 02:15:00,10813.9875,import
2026-03-12 02:30:00,10925.395,import
2026-03-12 02:45:00,11036.8025,import
2026-03-12 03:00:00,11148.21,import
2026-03-12 03:15:00,11146.34,import
2026-03-12 03:30:00,11144.47,import
2026-03-12 03:45:00,11142.6,import
2026-03-12 04:00:00,11140.73,import
2026-03-12 04:15:00,11100.4925,import
2026-03-12 04:30:00,11060.255,import
2026-03-12 04:45:00,11020.0175,import
2026-03-12 05:00:00,10979.78,import
2026-03-12 05:15:00,11201.955,import
2026-03-12 05:30:00,11424.13,import
2026-03-12 05:45:00,11646.305,import
2026-03-12 06:00:00,11868.48,import
2026-03-12 06:15:00,12811.71,import
2026-03-12 06:30:00,13754.94,import
2026-03-12 06:45:00,14698.17,import
2026-03-12 07:00:00,15641.4,import
2026-03-12 07:15:00,16003.6775,import
2026-03-12 07:30:00,16365.954999999998,import
2026-03-12 07:45:00,16728.2325,import
2026-03-12 08:00:00,17090.51,import
2026-03-12 08:15:00,17287.879999999997,import
2026-03-12 08:30:00,17485.25,import
2026-03-12 08:45:00,17682.620000000003,import
2026-03-12 09:00:00,17879.99,import
2026-03-12 09:15:00,18099.955,import
2026-03-12 09:30:00,18319.92,import
2026-03-12 09:45:00,18539.885,import
2026-03-12 10:00:00,18759.85,import
2026-03-12 10:15:00,18865.6825,import
2026-03-12 10:30:00,18971.515,import
2026-03-12 10:45:00,19077.3475,import
2026-03-12 11:00:00,19183.18,import
2026-03-12 11:15:00,18820.075,import
2026-03-12 11:30:00,18456.97,import
2026-03-12 11:45:00,18093.865,import
2026-03-12 12:00:00,17730.76,import
2026-03-12 12:15:00,17826.644999999997,import
2026-03-12 12:30:00,17922.53,import
2026-03-12 12:45:00,18018.415,import
2026-03-12 13:00:00,18114.3,import
2026-03-12 13:15:00,17932.4025,import
2026-03-12 13:30:00,17750.504999999997,import
2026-03-12 13:45:00,17568.6075,import
2026-03-12 14:00:00,17386.71,import
2026-03-12 14:15:00,17430.5375,import
2026-03-12 14:30:00,17474.364999999998,import
2026-03-12 14:45:00,17518.1925,import
2026-03-12 15:00:00,17562.02,import
2026-03-12 15:15:00,17283.7275,import
2026-03-12 15:30:00,17005.434999999998,import
2026-03-12 15:45:00,16727.142499999998,import
2026-03-12 16:00:00,16448.85,import
2026-03-12 16:15:00,16443.2925,import
2026-03-12 16:30:00,16437.735,import
2026-03-12 16:45:00,16432.177499999998,import
2026-03-12 17:00:00,16426.62,import
2026-03-12 17:15:00,16220.4725,import
2026-03-12 17:30:00,16014.325,import
2026-03-12 17:45:00,15808.1775,import
2026-03-12 18:00:00,15602.03,import
2026-03-12 18:15:00,15360.2475,import
2026-03-12 18:30:00,15118.465,import
2026-03-12 18:45:00,14876.6825,import
2026-03-12 19:00:00,14634.9,import
2026-03-12 19:15:00,14260.14,import
2026-03-12 19:30:00,13885.38,import
2026-03-12 19:45:00,13510.62,import
2026-03-12 20:00:00,13135.86,import
2026-03-12 20:15:00,12828.7775,import
2026-03-12 20:30:00,12521.695,import
2026-03-12 20:45:00,12214.6125,import
2026-03-12 21:00:00,11907.53,import
2026-03-12 21:15:00,11737.025,import
2026-03-12 21:30:00,11566.52,import
2026-03-12 21:45:00,11396.015,import
2026-03-12 22:00:00,11225.51,import
2026-03-12 22:15:00,11352.2725,import
2026-03-12 22:30:00,11479.035,import
2026-03-12 22:45:00,11605.7975,import
2026-03-12 23:00:00,11732.56,import
2026-03-12 23:15:00,11565.9925,import
2026-03-12 23:30:00,11399.425,import
2026-03-12 23:45:00,11232.8575,import
2026-03-13 00:00:00,11066.29,import
2026-03-13 00:15:00,11062.35,import
2026-03-13 00:30:00,11058.41,import
2026-03-13 00:45:00,11054.47,import
2026-03-13 01:00:00,11050.53,import
2026-03-13 01:15:00,11011.055,import
2026-03-13 01:30:00,10971.58,import
2026-03-13 01:45:00,10932.105,import
2026-03-13 02:00:00,10892.63,import
2026-03-13 02:15:00,10987.1475,import
2026-03-13 02:30:00,11081.665,import
2026-03-13 02:45:00,11176.1825,import
2026-03-13 03:00:00,11270.7,import
2026-03-13 03:15:00,11280.455,import
2026-03-13 03:30:00,11290.21,import
2026-03-13 03:45:00,11299.965,import
2026-03-13 04:00:00,11309.72,import
2026-03-13 04:15:00,11269.655,import
2026-03-13 04:30:00,11229.59,import
2026-03-13 04:45:00,11189.525,import
2026-03-13 05:00:00,11149.46,import
2026-03-13 05:15:00,11355.509999999998,import
2026-03-13 05:30:00,11561.56,import
2026-03-13 05:45:00,11767.61,import
2026-03-13 06:00:00,11973.66,import
2026-03-13 06:15:00,12928.155,import
2026-03-13 06:30:00,13882.65,import
2026-03-13 06:45:00,14837.145,import
2026-03-13 07:00:00,15791.64,import
2026-03-13 07:15:00,16139.1825,import
2026-03-13 07:30:00,16486.725,import
2026-03-13 07:45:00,16834.2675,import
2026-03-13 08:00:00,17181.81,import
2026-03-13 08:15:00,17509.057500000003,import
2026-03-13 08:30:00,17836.305,import
2026-03-13 08:45:00,18163.5525,import
2026-03-13 09:00:00,18490.8,import
2026-03-13 09:15:00,18556.8325,import
2026-03-13 09:30:00,18622.865,import
2026-03-13 09:45:00,18688.8975,import
2026-03-13 10:00:00,18754.93,import
2026-03-13 10:15:00,18891.695,import
2026-03-13 10:30:00,19028.46,import
2026-03-13 10:45:00,19165.225,import
2026-03-13 11:00:00,19301.99,import
2026-03-13 11:15:00,18912.56,import
2026-03-13 11:30:00,18523.13,import
2026-03-13 11:45:00,18133.7,import
2026-03-13 12:00:00,17744.27,import
2026-03-13 12:15:00,17788.8375,import
2026-03-13 12:30:00,17833.405,import
2026-03-13 12:45:00,17877.9725,import
2026-03-13 13:00:00,17922.54,import
2026-03-13 13:15:00,17787.002500000002,import
2026-03-13 13:30:00,17651.465,import
2026-03-13 13:45:00,17515.927499999998,import
2026-03-13 14:00:00,17380.39,import
2026-03-13 14:15:00,17348.85,import
2026-03-13 14:30:00,17317.309999999998,import
2026-03-13 14:45:00,17285.77,import
2026-03-13 15:00:00,17254.23,import
2026-03-13 15:15:00,17042.355,import
2026-03-13 15:30:00,16830.48,import
2026-03-13 15:45:00,16618.605,import
2026-03-13 16:00:00,16406.73,import
2026-03-13 16:15:00,16462.497499999998,import
2026-03-13 16:30:00,16518.265,import
2026-03-13 16:45:00,16574.0325,import
2026-03-13 17:00:00,16629.8,import
2026-03-13 17:15:00,16370.8575,import
2026-03-13 17:30:00,16111.915,import
2026-03-13 17:45:00,15852.9725,import
2026-03-13 18:00:00,15594.03,import
2026-03-13 18:15:00,15341.09,import
2026-03-13 18:30:00,15088.15,import
2026-03-13 18:45:00,14835.21,import
2026-03-13 19:00:00,14582.27,import
2026-03-13 19:15:00,14207.1525,import
2026-03-13 19:30:00,13832.035,import
2026-03-13 19:45:00,13456.9175,import
2026-03-13 20:00:00,13081.8,import
2026-03-13 20:15:00,12812.895,import
2026-03-13 20:30:00,12543.99,import
2026-03-13 20:45:00,12275.085,import
2026-03-13 21:00:00,12006.18,import
2026-03-13 21:15:00,11865.7175,import
2026-03-13 21:30:00,11725.255,import
2026-03-13 21:45:00,11584.7925,import
2026-03-13 22:00:00,11444.33,import
2026-03-13 22:15:00,11548.335,import
2026-03-13 22:30:00,11652.34,import
2026-03-13 22:45:00,11756.345,import
2026-03-13 23:00:00,11860.35,import
2026-03-13 23:15:00,11718.7575,import
2026-03-13 23:30:00,11577.165,import
2026-03-13 23:45:00,11435.5725,import
2026-03-14 00:00:00,11293.98,import
2026-03-14 00:15:00,11302.68,import
2026-03-14 00:30:00,11311.38,import
2026-03-14 00:45:00,11320.08,import
2026-03-14 01:00:00,11328.78,import
2026-03-14 01:15:00,11278.88,import
2026-03-14 01:30:00,11228.98,import
2026-03-14 01:45:00,11179.08,import
2026-03-14 02:00:00,11129.18,import
2026-03-14 02:15:00,11247.195,import
2026-03-14 02:30:00,11365.21,import
2026-03-14 02:45:00,11483.225,import
2026-03-14 03:00:00,11601.24,import
2026-03-14 03:15:00,11605.97,import
2026-03-14 03:30:00,11610.7,import
2026-03-14 03:45:00,11615.43,import
2026-03-14 04:00:00,11620.16,import
2026-03-14 04:15:00,11584.17,import
2026-03-14 04:30:00,11548.18,import
2026-03-14 04:45:00,11512.19,import
2026-03-14 05:00:00,11476.2,import
2026-03-14 05:15:00,11713.3175,import
2026-03-14 05:30:00,11950.435,import
2026-03-14 05:45:00,12187.5525,import
2026-03-14 06:00:00,12424.67,import
2026-03-14 06:15:00,13253.8975,import
2026-03-14 06:30:00,14083.125,import
2026-03-14 06:45:00,14912.3525,import
2026-03-14 07:00:00,15741.58,import
2026-03-14 07:15:00,16135.04,import
2026-03-14 07:30:00,16528.5,import
2026-03-14 07:45:00,16921.96,import
2026-03-14 08:00:00,17315.42,import
2026-03-14 08:15:00,17677.407499999998,import
2026-03-14 08:30:00,18039.395,import
2026-03-14 08:45:00,18401.3825,import
2026-03-14 09:00:00,18763.37,import
2026-03-14 09:15:00,18838.23,import
2026-03-14 09:30:00,18913.09,import
2026-03-14 09:45:00,18987.95,import
2026-03-14 10:00:00,19062.81,import
2026-03-14 10:15:00,19182.54,import
2026-03-14 10:30:00,19302.27,import
2026-03-14 10:45:00,19422.0,import
2026-03-14 11:00:00,19541.73,import
2026-03-14 11:15:00,19127.82,import
2026-03-14 11:30:00,18713.91,import
2026-03-14 11:45:00,18300.0,import
2026-03-14 12:00:00,17886.09,import
2026-03-14 12:15:00,17978.665,import
2026-03-14 12:30:00,18071.24,import
2026-03-14 12:45:00,18163.815,import
2026-03-14 13:00:00,18256.39,import
2026-03-14 13:15:00,18069.565,import
2026-03-14 13:30:00,17882.739999999998,import
2026-03-14 13:45:00,17695.915,import
2026-03-14 14:00:00,17509.09,import
2026-03-14 14:15:00,17477.4925,import
2026-03-14 14:30:00,17445.895,import
2026-03-14 14:45:00,17414.2975,import
2026-03-14 15:00:00,17382.7,import
2026-03-14 15:15:00,17066.735,import
2026-03-14 15:30:00,16750.77,import
2026-03-14 15:45:00,16434.805,import
2026-03-14 16:00:00,16118.84,import
2026-03-14 16:15:00,16141.2275,import
2026-03-14 16:30:00,16163.615,import
2026-03-14 16:45:00,16186.0025,import
2026-03-14 17:00:00,16208.39,import
2026-03-14 17:15:00,15912.3375,import
2026-03-14 17:30:00,15616.285,import
2026-03-14 17:45:00,15320.2325,import
2026-03-14 18:00:00,15024.18,import
2026-03-14 18:15:00,14780.1375,import
2026-03-14 18:30:00,14536.095,import
2026-03-14 18:45:00,14292.0525,import
2026-03-14 19:00:00,14048.01,import
2026-03-14 19:15:00,13750.94,import
2026-03-14 19:30:00,13453.87,import
2026-03-14 19:45:00,13156.8,import
2026-03-14 20:00:00,12859.73,import
2026-03-14 20:15:00,12483.99,import
2026-03-14 20:30:00,12108.25,import
2026-03-14 20:45:00,11732.51,import
2026-03-14 21:00:00,11356.77,import
2026-03-14 21:15:00,11212.0425,import
2026-03-14 21:30:00,11067.315,import
2026-03-14 21:45:00,10922.5875,import
2026-03-14 22:00:00,10777.86,import
2026-03-14 22:15:00,10929.89,import
2026-03-14 22:30:00,11081.92,import
2026-03-14 22:45:00,11233.95,import
2026-03-14 23:00:00,11385.98,import
2026-03-14 23:15:00,11249.315,import
2026-03-14 23:30:00,11112.65,import
2026-03-14 23:45:00,10975.985,import
2026-03-15 00:00:00,10839.32,import
2026-03-15 00:15:00,10843.2925,import
2026-03-15 00:30:00,10847.265,import
2026-03-15 00:45:00,10851.2375,import
2026-03-15 01:00:00,10855.21,import
2026-03-15 01:15:00,10839.585,import
2026-03-15 01:30:00,10823.96,import
2026-03-15 01:45:00,10808.335,import
2026-03-15 02:00:00,10792.71,import
2026-03-15 02:15:00,10879.09,import
2026-03-15 02:30:00,10965.47,import
2026-03-15 02:45:00,11051.85,import
2026-03-15 03:00:00,11138.23,import
2026-03-15 03:15:00,11157.695,import
2026-03-15 03:30:00,11177.16,import
2026-03-15 03:45:00,11196.625,import
2026-03-15 04:00:00,11216.09,import
2026-03-15 04:15:00,11166.47,import
2026-03-15 04:30:00,11116.85,import
2026-03-15 04:45:00,11067.23,import
2026-03-15 05:00:00,11017.61,import
2026-03-15 05:15:00,11220.655,import
2026-03-15 05:30:00,11423.7,import
2026-03-15 05:45:00,11626.745,import
2026-03-15 06:00:00,11829.79,import
2026-03-15 06:15:00,12731.0825,import
2026-03-15 06:30:00,13632.375,import
2026-03-15 06:45:00,14533.6675,import
2026-03-15 07:00:00,15434.96,import
2026-03-15 07:15:00,15952.41,import
2026-03-15 07:30:00,16469.86,import
2026-03-15 07:45:00,16987.309999999998,import
2026-03-15 08:00:00,17504.76,import
2026-03-15 08:15:00,17707.754999999997,import
2026-03-15 08:30:00,17910.75,import
2026-03-15 08:45:00,18113.745000000003,import
2026-03-15 09:00:00,18316.74,import
2026-03-15 09:15:00,18359.7025,import
2026-03-15 09:30:00,18402.665,import
2026-03-15 09:45:00,18445.6275,import
2026-03-15 10:00:00,18488.59,import
2026-03-15 10:15:00,18631.2675,import
2026-03-15 10:30:00,18773.945,import
2026-03-15 10:45:00,18916.6225,import
2026-03-15 11:00:00,19059.3,import
2026-03-15 11:15:00,18570.73,import
2026-03-15 11:30:00,18082.16,import
2026-03-15 11:45:00,17593.59,import
2026-03-15 12:00:00,17105.02,import
2026-03-15 12:15:00,17186.6025,import
2026-03-15 12:30:00,17268.184999999998,import
2026-03-15 12:45:00,17349.767499999998,import
2026-03-15 13:00:00,17431.35,import
2026-03-15 13:15:00,17299.949999999997,import
2026-03-15 13:30:00,17168.55,import
2026-03-15 13:45:00,17037.15,import
2026-03-15 14:00:00,16905.75,import
2026-03-15 14:15:00,16951.15,import
2026-03-15 14:30:00,16996.55,import
2026-03-15 14:45:00,17041.949999999997,import
2026-03-15 15:00:00,17087.35,import
2026-03-15 15:15:00,16820.954999999998,import
2026-03-15 15:30:00,16554.559999999998,import
2026-03-15 15:45:00,16288.165,import
2026-03-15 16:00:00,16021.77,import
2026-03-15 16:15:00,16021.5625,import
2026-03-15 16:30:00,16021.355,import
2026-03-15 16:45:00,16021.1475,import
2026-03-15 17:00:00,16020.94,import
2026-03-15 17:15:00,15736.37,import
2026-03-15 17:30:00,15451.8,import
2026-03-15 17:45:00,15167.23,import
2026-03-15 18:00:00,14882.66,import
2026-03-15 18:15:00,14671.1425,import
2026-03-15 18:30:00,14459.625,import
2026-03-15 18:45:00,14248.1075,import
2026-03-15 19:00:00,14036.59,import
2026-03-15 19:15:00,13699.5525,import
2026-03-15 19:30:00,13362.515,import
2026-03-15 19:45:00,13025.4775,import
2026-03-15 20:00:00,12688.44,import
2026-03-15 20:15:00,12403.025,import
2026-03-15 20:30:00,12117.61,import
2026-03-15 20:45:00,11832.195,import
2026-03-15 21:00:00,11546.78,import
2026-03-15 21:15:00,11371.1575,import
2026-03-15 21:30:00,11195.535,import
2026-03-15 21:45:00,11019.9125,import
2026-03-15 22:00:00,10844.29,import
2026-03-15 22:15:00,10992.245,import
2026-03-15 22:30:00,11140.2,import
2026-03-15 22:45:00,11288.155,import
2026-03-15 23:00:00,11436.11,import
2026-03-15 23:15:00,11208.405,import
2026-03-15 23:30:00,10980.7,import
2026-03-15 23:45:00,10752.995,import
2026-03-16 00:00:00,10525.29,import
2026-03-16 00:15:00,10586.9325,import
2026-03-16 00:30:00,10648.575,import
2026-03-16 00:45:00,10710.2175,import
2026-03-16 01:00:00,10771.86,import
2026-03-16 01:15:00,10691.045,import
2026-03-16 01:30:00,10610.23,import
2026-03-16 01:45:00,10529.415,import
2026-03-16 02:00:00,10448.6,import
2026-03-16 02:15:00,10596.18,import
2026-03-16 02:30:00,10743.76,import
2026-03-16 02:45:00,10891.34,import
2026-03-16 03:00:00,11038.92,import
2026-03-16 03:15:00,11065.825,import
2026-03-16 03:30:00,11092.73,import
2026-03-16 03:45:00,11119.635,import
2026-03-16 04:00:00,11146.54,import
2026-03-16 04:15:00,11109.4975,import
2026-03-16 04:30:00,11072.455000000002,import
2026-03-16 04:45:00,11035.4125,import
2026-03-16 05:00:00,10998.37,import
2026-03-16 05:15:00,11138.9525,import
2026-03-16 05:30:00,11279.535,import
2026-03-16 05:45:00,11420.1175,import
2026-03-16 06:00:00,11560.7,import
2026-03-16 06:15:00,12480.295,import
2026-03-16 06:30:00,13399.89,import
2026-03-16 06:45:00,14319.485,import
2026-03-16 07:00:00,15239.08,import
2026-03-16 07:15:00,15788.6475,import
2026-03-16 07:30:00,16338.215,import
2026-03-16 07:45:00,16887.782499999998,import
2026-03-16 08:00:00,17437.35,import
2026-03-16 08:15:00,17646.809999999998,import
2026-03-16 08:30:00,17856.269999999997,import
2026-03-16 08:45:00,18065.73,import
2026-03-16 09:00:00,18275.19,import
2026-03-16 09:15:00,18370.09,import
2026-03-16 09:30:00,18464.99,import
2026-03-16 09:45:00,18559.89,import
2026-03-16 10:00:00,18654.79,import
2026-03-16 10:15:00,18730.825,import
2026-03-16 10:30:00,18806.86,import
2026-03-16 10:45:00,18882.895,import
2026-03-16 11:00:00,18958.93,import
2026-03-16 11:15:00,18494.14,import
2026-03-16 11:30:00,18029.35,import
2026-03-16 11:45:00,17564.56,import
2026-03-16 12:00:00,17099.77,import
2026-03-16 12:15:00,17321.985,import
2026-03-16 12:30:00,17544.2,import
2026-03-16 12:45:00,17766.415,import
2026-03-16 13:00:00,17988.63,import
2026-03-16 13:15:00,17860.1675,import
2026-03-16 13:30:00,17731.705,import
2026-03-16 13:45:00,17603.2425,import
2026-03-16 14:00:00,17474.78,import
2026-03-16 14:15:00,17447.03,import
2026-03-16 14:30:00,17419.28,import
2026-03-16 14:45:00,17391.53,import
2026-03-16 15:00:00,17363.78,import
2026-03-16 15:15:00,17061.51,import
2026-03-16 15:30:00,16759.239999999998,import
2026-03-16 15:45:00,16456.97,import
2026-03-16 16:00:00,16154.7,import
2026-03-16 16:15:00,16133.7875,import
2026-03-16 16:30:00,16112.875,import
2026-03-16 16:45:00,16091.9625,import
2026-03-16 17:00:00,16071.05,import
2026-03-16 17:15:00,15768.4575,import
2026-03-16 17:30:00,15465.865,import
2026-03-16 17:45:00,15163.2725,import
2026-03-16 18:00:00,14860.68,import
2026-03-16 18:15:00,14584.1275,import
2026-03-16 18:30:00,14307.575,import
2026-03-16 18:45:00,14031.0225,import
2026-03-16 19:00:00,13754.47,import
2026-03-16 19:15:00,13494.53,import
2026-03-16 19:30:00,13234.59,import
2026-03-16 19:45:00,12974.65,import
2026-03-16 20:00:00,12714.71,import
2026-03-16 20:15:00,12454.745,import
2026-03-16 20:30:00,12194.78,import
2026-03-16 20:45:00,11934.815,import
2026-03-16 21:00:00,11674.85,import
2026-03-16 21:15:00,11525.84,import
2026-03-16 21:30:00,11376.83,import
2026-03-16 21:45:00,11227.82,import
2026-03-16 22:00:00,11078.81,import
2026-03-16 22:15:00,11308.97,import
2026-03-16 22:30:00,11539.13,import
2026-03-16 22:45:00,11769.29,import
2026-03-16 23:00:00,11999.45,import
2026-03-16 23:15:00,11779.802500000002,import
2026-03-16 23:30:00,11560.155,import
2026-03-16 23:45:00,11340.5075,import
2026-03-17 00:00:00,11120.86,import
2026-03-17 00:15:00,11106.62,import
2026-03-17 00:30:00,11092.38,import
2026-03-17 00:45:00,11078.14,import
2026-03-17 01:00:00,11063.9,import
2026-03-17 01:15:00,10962.595,import
2026-03-17 01:30:00,10861.29,import
2026-03-17 01:45:00,10759.985,import
2026-03-17 02:00:00,10658.68,import
2026-03-17 02:15:00,10822.0075,import
2026-03-17 02:30:00,10985.335,import
2026-03-17 02:45:00,11148.6625,import
2026-03-17 03:00:00,11311.99,import
2026-03-17 03:15:00,11333.175,import
2026-03-17 03:30:00,11354.36,import
2026-03-17 03:45:00,11375.545,import
2026-03-17 04:00:00,11396.73,import
2026-03-17 04:15:00,11333.995,import
2026-03-17 04:30:00,11271.26,import
2026-03-17 04:45:00,11208.525,import
2026-03-17 05:00:00,11145.79,import
2026-03-17 05:15:00,11303.835,import
2026-03-17 05:30:00,11461.88,import
2026-03-17 05:45:00,11619.925,import
2026-03-17 06:00:00,11777.97,import
2026-03-17 06:15:00,12510.6,import
2026-03-17 06:30:00,13243.23,import
2026-03-17 06:45:00,13975.86,import
2026-03-17 07:00:00,14708.49,import
2026-03-17 07:15:00,15460.96,import
2026-03-17 07:30:00,16213.43,import
2026-03-17 07:45:00,16965.899999999998,import
2026-03-17 08:00:00,17718.37,import
2026-03-17 08:15:00,17867.817499999997,import
2026-03-17 08:30:00,18017.265,import
2026-03-17 08:45:00,18166.7125,import
2026-03-17 09:00:00,18316.16,import
2026-03-17 09:15:00,18320.5175,import
2026-03-17 09:30:00,18324.875,import
2026-03-17 09:45:00,18329.2325,import
2026-03-17 10:00:00,18333.59,import
2026-03-17 10:15:00,18410.8225,import
2026-03-17 10:30:00,18488.055,import
2026-03-17 10:45:00,18565.2875,import
2026-03-17 11:00:00,18642.52,import
2026-03-17 11:15:00,18272.5275,import
2026-03-17 11:30:00,17902.535,import
2026-03-17 11:45:00,17532.5425,import
2026-03-17 12:00:00,17162.55,import
2026-03-17 12:15:00,17380.622499999998,import
2026-03-17 12:30:00,17598.695,import
2026-03-17 12:45:00,17816.7675,import
2026-03-17 13:00:00,18034.84,import
2026-03-17 13:15:00,17904.3925,import
2026-03-17 13:30:00,17773.945,import
2026-03-17 13:45:00,17643.497499999998,import
2026-03-17 14:00:00,17513.05,import
2026-03-17 14:15:00,17482.585,import
2026-03-17 14:30:00,17452.12,import
2026-03-17 14:45:00,17421.655,import
2026-03-17 15:00:00,17391.19,import
2026-03-17 15:15:00,17141.2825,import
2026-03-17 15:30:00,16891.375,import
2026-03-17 15:45:00,16641.4675,import
2026-03-17 16:00:00,16391.56,import
2026-03-17 16:15:00,16403.0625,import
2026-03-17 16:30:00,16414.565000000002,import
2026-03-17 16:45:00,16426.0675,import
2026-03-17 17:00:00,16437.57,import
2026-03-17 17:15:00,16066.28,import
2026-03-17 17:30:00,15694.99,import
2026-03-17 17:45:00,15323.7,import
2026-03-17 18:00:00,14952.41,import
2026-03-17 18:15:00,14639.625,import
2026-03-17 18:30:00,14326.84,import
2026-03-17 18:45:00,14014.055,import
2026-03-17 19:00:00,13701.27,import
2026-03-17 19:15:00,13430.72,import
2026-03-17 19:30:00,13160.17,import
2026-03-17 19:45:00,12889.62,import
2026-03-17 20:00:00,12619.07,import
2026-03-17 20:15:00,12334.99,import
2026-03-17 20:30:00,12050.91,import
2026-03-17 20:45:00,11766.83,import
2026-03-17 21:00:00,11482.75,import
2026-03-17 21:15:00,11368.615,import
2026-03-17 21:30:00,11254.48,import
2026-03-17 21:45:00,11140.345,import
2026-03-17 22:00:00,11026.21,import
2026-03-17 22:15:00,11300.225,import
2026-03-17 22:30:00,11574.24,import
2026-03-17 22:45:00,11848.255,import
2026-03-17 23:00:00,12122.27,import
2026-03-17 23:15:00,11907.7,import
2026-03-17 23:30:00,11693.13,import
2026-03-17 23:45:00,11478.56,import
2026-03-18 00:00:00,11263.99,import
2026-03-18 00:15:00,11260.45,import
2026-03-18 00:30:00,11256.91,import
2026-03-18 00:45:00,11253.37,import
2026-03-18 01:00:00,11249.83,import
2026-03-18 01:15:00,11140.8975,import
2026-03-18 01:30:00,11031.965,import
2026-03-18 01:45:00,10923.0325,import
2026-03-18 02:00:00,10814.1,import
2026-03-18 02:15:00,10986.335,import
2026-03-18 02:30:00,11158.57,import
2026-03-18 02:45:00,11330.805,import
2026-03-18 03:00:00,11503.04,import
2026-03-18 03:15:00,11528.69,import
2026-03-18 03:30:00,11554.34,import
2026-03-18 03:45:00,11579.99,import
2026-03-18 04:00:00,11605.64,import
2026-03-18 04:15:00,11538.415,import
2026-03-18 04:30:00,11471.19,import
2026-03-18 04:45:00,11403.965,import
2026-03-18 05:00:00,11336.74,import
2026-03-18 05:15:00,11420.01,import
2026-03-18 05:30:00,11503.28,import
2026-03-18 05:45:00,11586.55,import
2026-03-18 06:00:00,11669.82,import
2026-03-18 06:15:00,12630.615,import
2026-03-18 06:30:00,13591.41,import
2026-03-18 06:45:00,14552.205,import
2026-03-18 07:00:00,15513.0,import
2026-03-18 07:15:00,16010.575,import
2026-03-18 07:30:00,16508.15,import
2026-03-18 07:45:00,17005.725,import
2026-03-18 08:00:00,17503.3,import
2026-03-18 08:15:00,17679.8875,import
2026-03-18 08:30:00,17856.475,import
2026-03-18 08:45:00,18033.0625,import
2026-03-18 09:00:00,18209.65,import
2026-03-18 09:15:00,18392.1925,import
2026-03-18 09:30:00,18574.735,import
2026-03-18 09:45:00,18757.2775,import
2026-03-18 10:00:00,18939.82,import
2026-03-18 10:15:00,19053.6775,import
2026-03-18 10:30:00,19167.535,import
2026-03-18 10:45:00,19281.3925,import
2026-03-18 11:00:00,19395.25,import
2026-03-18 11:15:00,18760.6175,import
2026-03-18 11:30:00,18125.985,import
2026-03-18 11:45:00,17491.3525,import
2026-03-18 12:00:00,16856.72,import
2026-03-18 12:15:00,17069.440000000002,import
2026-03-18 12:30:00,17282.16,import
2026-03-18 12:45:00,17494.879999999997,import
2026-03-18 13:00:00,17707.6,import
2026-03-18 13:15:00,17614.207499999997,import
2026-03-18 13:30:00,17520.815,import
2026-03-18 13:45:00,17427.4225,import
2026-03-18 14:00:00,17334.03,import
2026-03-18 14:15:00,17300.864999999998,import
2026-03-18 14:30:00,17267.699999999997,import
2026-03-18 14:45:00,17234.535,import
2026-03-18 15:00:00,17201.37,import
2026-03-18 15:15:00,16916.8575,import
2026-03-18 15:30:00,16632.345,import
2026-03-18 15:45:00,16347.8325,import
2026-03-18 16:00:00,16063.32,import
2026-03-18 16:15:00,16006.085,import
2026-03-18 16:30:00,15948.85,import
2026-03-18 16:45:00,15891.615,import
2026-03-18 17:00:00,15834.38,import
2026-03-18 17:15:00,15461.3475,import
2026-03-18 17:30:00,15088.315,import
2026-03-18 17:45:00,14715.2825,import
2026-03-18 18:00:00,14342.25,import
2026-03-18 18:15:00,14077.655,import
2026-03-18 18:30:00,13813.06,import
2026-03-18 18:45:00,13548.465,import
2026-03-18 19:00:00,13283.87,import
2026-03-18 19:15:00,13013.0125,import
2026-03-18 19:30:00,12742.155,import
2026-03-18 19:45:00,12471.2975,import
2026-03-18 20:00:00,12200.44,import
2026-03-18 20:15:00,11946.2825,import
2026-03-18 20:30:00,11692.125,import
2026-03-18 20:45:00,11437.9675,import
2026-03-18 21:00:00,11183.81,import
2026-03-18 21:15:00,11064.5475,import
2026-03-18 21:30:00,10945.285,import
2026-03-18 21:45:00,10826.0225,import
2026-03-18 22:00:00,10706.76,import
2026-03-18 22:15:00,10982.865,import
2026-03-18 22:30:00,11258.97,import
2026-03-18 22:45:00,11535.075,import
2026-03-18 23:00:00,11811.18,import
2026-03-18 23:15:00,11587.7625,import
2026-03-18 23:30:00,11364.345,import
2026-03-18 23:45:00,11140.9275,import
2026-03-19 00:00:00,10917.51,import
2026-03-19 00:15:00,10920.2725,import
2026-03-19 00:30:00,10923.035,import
2026-03-19 00:45:00,10925.7975,import
2026-03-19 01:00:00,10928.56,import
2026-03-19 01:15:00,10796.43,import
2026-03-19 01:30:00,10664.3,import
2026-03-19 01:45:00,10532.17,import
2026-03-19 02:00:00,10400.04,import
2026-03-19 02:15:00,10594.2,import
2026-03-19 02:30:00,10788.36,import
2026-03-19 02:45:00,10982.52,import
2026-03-19 03:00:00,11176.68,import
2026-03-19 03:15:00,11183.4675,import
2026-03-19 03:30:00,11190.255,import
2026-03-19 03:45:00,11197.0425,import
2026-03-19 04:00:00,11203.83,import
2026-03-19 04:15:00,11136.2775,import
2026-03-19 04:30:00,11068.725,import
2026-03-19 04:45:00,11001.1725,import
2026-03-19 05:00:00,10933.62,import
2026-03-19 05:15:00,11131.3875,import
2026-03-19 05:30:00,11329.155,import
2026-03-19 05:45:00,11526.9225,import
2026-03-19 06:00:00,11724.69,import
2026-03-19 06:15:00,12695.355,import
2026-03-19 06:30:00,13666.02,import
2026-03-19 06:45:00,14636.685,import
2026-03-19 07:00:00,15607.35,import
2026-03-19 07:15:00,16171.3025,import
2026-03-19 07:30:00,16735.255,import
2026-03-19 07:45:00,17299.2075,import
2026-03-19 08:00:00,17863.16,import
2026-03-19 08:15:00,17966.95,import
2026-03-19 08:30:00,18070.74,import
2026-03-19 08:45:00,18174.53,import
2026-03-19 09:00:00,18278.32,import
2026-03-19 09:15:00,18419.7025,import
2026-03-19 09:30:00,18561.085,import
2026-03-19 09:45:00,18702.4675,import
2026-03-19 10:00:00,18843.85,import
2026-03-19 10:15:00,18973.785,import
2026-03-19 10:30:00,19103.72,import
2026-03-19 10:45:00,19233.655,import
2026-03-19 11:00:00,19363.59,import
2026-03-19 11:15:00,18854.305,import
2026-03-19 11:30:00,18345.02,import
2026-03-19 11:45:00,17835.735,import
2026-03-19 12:00:00,17326.45,import
2026-03-19 12:15:00,17577.295000000002,import
2026-03-19 12:30:00,17828.14,import
2026-03-19 12:45:00,18078.985,import
2026-03-19 13:00:00,18329.83,import
2026-03-19 13:15:00,18217.795,import
2026-03-19 13:30:00,18105.76,import
2026-03-19 13:45:00,17993.725,import
2026-03-19 14:00:00,17881.69,import
2026-03-19 14:15:00,17826.4875,import
2026-03-19 14:30:00,17771.285,import
2026-03-19 14:45:00,17716.0825,import
2026-03-19 15:00:00,17660.88,import
2026-03-19 15:15:00,17372.5075,import
2026-03-19 15:30:00,17084.135000000002,import
2026-03-19 15:45:00,16795.7625,import
2026-03-19 16:00:00,16507.39,import
2026-03-19 16:15:00,16516.28,import
2026-03-19 16:30:00,16525.17,import
2026-03-19 16:45:00,16534.06,import
2026-03-19 17:00:00,16542.95,import
2026-03-19 17:15:00,16126.715,import
2026-03-19 17:30:00,15710.48,import
2026-03-19 17:45:00,15294.245,import
2026-03-19 18:00:00,14878.01,import
2026-03-19 18:15:00,14575.0575,import
2026-03-19 18:30:00,14272.105,import
2026-03-19 18:45:00,13969.1525,import
2026-03-19 19:00:00,13666.2,import
2026-03-19 19:15:00,13391.5775,import
2026-03-19 19:30:00,13116.955,import
2026-03-19 19:45:00,12842.3325,import
2026-03-19 20:00:00,12567.71,import
2026-03-19 20:15:00,12287.375,import
2026-03-19 20:30:00,12007.04,import
2026-03-19 20:45:00,11726.705,import
2026-03-19 21:00:00,11446.37,import
2026-03-19 21:15:00,11294.8675,import
2026-03-19 21:30:00,11143.365000000002,import
2026-03-19 21:45:00,10991.8625,import
2026-03-19 22:00:00,10840.36,import
2026-03-19 22:15:00,11140.83,import
2026-03-19 22:30:00,11441.3,import
2026-03-19 22:45:00,11741.77,import
2026-03-19 23:00:00,12042.24,import
2026-03-19 23:15:00,11810.1625,import
2026-03-19 23:30:00,11578.085,import
2026-03-19 23:45:00,11346.0075,import
2026-03-20 00:00:00,11113.93,import
2026-03-20 00:15:00,11130.7075,import
2026-03-20 00:30:00,11147.485,import
2026-03-20 00:45:00,11164.2625,import
2026-03-20 01:00:00,11181.04,import
2026-03-20 01:15:00,11090.92,import
2026-03-20 01:30:00,11000.8,import
2026-03-20 01:45:00,10910.68,import
2026-03-20 02:00:00,10820.56,import
2026-03-20 02:15:00,10986.225,import
2026-03-20 02:30:00,11151.89,import
2026-03-20 02:45:00,11317.555,import
2026-03-20 03:00:00,11483.22,import
2026-03-20 03:15:00,11486.985,import
2026-03-20 03:30:00,11490.75,import
2026-03-20 03:45:00,11494.515,import
2026-03-20 04:00:00,11498.28,import
2026-03-20 04:15:00,11451.18,import
2026-03-20 04:30:00,11404.08,import
2026-03-20 04:45:00,11356.98,import
2026-03-20 05:00:00,11309.88,import
2026-03-20 05:15:00,11461.2,import
2026-03-20 05:30:00,11612.52,import
2026-03-20 05:45:00,11763.84,import
2026-03-20 06:00:00,11915.16,import
2026-03-20 06:15:00,12857.57,import
2026-03-20 06:30:00,13799.98,import
2026-03-20 06:45:00,14742.39,import
2026-03-20 07:00:00,15684.8,import
2026-03-20 07:15:00,16072.509999999998,import
2026-03-20 07:30:00,16460.22,import
2026-03-20 07:45:00,16847.93,import
2026-03-20 08:00:00,17235.64,import
2026-03-20 08:15:00,17521.7425,import
2026-03-20 08:30:00,17807.845,import
2026-03-20 08:45:00,18093.9475,import
2026-03-20 09:00:00,18380.05,import
2026-03-20 09:15:00,18477.3325,import
2026-03-20 09:30:00,18574.615,import
2026-03-20 09:45:00,18671.8975,import
2026-03-20 10:00:00,18769.18,import
2026-03-20 10:15:00,18844.5475,import
2026-03-20 10:30:00,18919.915,import
2026-03-20 10:45:00,18995.2825,import
2026-03-20 11:00:00,19070.65,import
2026-03-20 11:15:00,18579.425000000003,import
2026-03-20 11:30:00,18088.2,import
2026-03-20 11:45:00,17596.975,import
2026-03-20 12:00:00,17105.75,import
2026-03-20 12:15:00,17357.9625,import
2026-03-20 12:30:00,17610.175,import
2026-03-20 12:45:00,17862.387499999997,import
2026-03-20 13:00:00,18114.6,import
2026-03-20 13:15:00,17958.1075,import
2026-03-20 13:30:00,17801.614999999998,import
2026-03-20 13:45:00,17645.1225,import
2026-03-20 14:00:00,17488.63,import
2026-03-20 14:15:00,17485.735,import
2026-03-20 14:30:00,17482.84,import
2026-03-20 14:45:00,17479.945,import
2026-03-20 15:00:00,17477.05,import
2026-03-20 15:15:00,17178.3825,import
2026-03-20 15:30:00,16879.715,import
2026-03-20 15:45:00,16581.0475,import
2026-03-20 16:00:00,16282.38,import
2026-03-20 16:15:00,16282.0,import
2026-03-20 16:30:00,16281.62,import
2026-03-20 16:45:00,16281.24,import
2026-03-20 17:00:00,16280.86,import
2026-03-20 17:15:00,15896.8875,import
2026-03-20 17:30:00,15512.915,import
2026-03-20 17:45:00,15128.9425,import
2026-03-20 18:00:00,14744.97,import
2026-03-20 18:15:00,14487.0125,import
2026-03-20 18:30:00,14229.055,import
2026-03-20 18:45:00,13971.0975,import
2026-03-20 19:00:00,13713.14,import
2026-03-20 19:15:00,13391.36,import
2026-03-20 19:30:00,13069.58,import
2026-03-20 19:45:00,12747.8,import
2026-03-20 20:00:00,12426.02,import
2026-03-20 20:15:00,12164.9075,import
2026-03-20 20:30:00,11903.795,import
2026-03-20 20:45:00,11642.6825,import
2026-03-20 21:00:00,11381.57,import
2026-03-20 21:15:00,11247.335,import
2026-03-20 21:30:00,11113.1,import
2026-03-20 21:45:00,10978.865,import
2026-03-20 22:00:00,10844.63,import
2026-03-20 22:15:00,11109.825,import
2026-03-20 22:30:00,11375.02,import
2026-03-20 22:45:00,11640.215,import
2026-03-20 23:00:00,11905.41,import
2026-03-20 23:15:00,11766.3975,import
2026-03-20 23:30:00,11627.385,import
2026-03-20 23:45:00,11488.3725,import
2026-03-21 00:00:00,11349.36,import
2026-03-21 00:15:00,11316.095,import
2026-03-21 00:30:00,11282.83,import
2026-03-21 00:45:00,11249.565,import
2026-03-21 01:00:00,11216.3,import
2026-03-21 01:15:00,11089.98,import
2026-03-21 01:30:00,10963.66,import
2026-03-21 01:45:00,10837.34,import
2026-03-21 02:00:00,10711.02,import
2026-03-21 02:15:00,10890.14,import
2026-03-21 02:30:00,11069.26,import
2026-03-21 02:45:00,11248.38,import
2026-03-21 03:00:00,11427.5,import
2026-03-21 03:15:00,11450.515,import
2026-03-21 03:30:00,11473.53,import
2026-03-21 03:45:00,11496.545,import
2026-03-21 04:00:00,11519.56,import
2026-03-21 04:15:00,11446.73,import
2026-03-21 04:30:00,11373.9,import
2026-03-21 04:45:00,11301.07,import
2026-03-21 05:00:00,11228.24,import
2026-03-21 05:15:00,11347.3,import
2026-03-21 05:30:00,11466.36,import
2026-03-21 05:45:00,11585.42,import
2026-03-21 06:00:00,11704.48,import
2026-03-21 06:15:00,12679.2925,import
2026-03-21 06:30:00,13654.105,import
2026-03-21 06:45:00,14628.9175,import
2026-03-21 07:00:00,15603.73,import
2026-03-21 07:15:00,16119.105,import
2026-03-21 07:30:00,16634.48,import
2026-03-21 07:45:00,17149.855,import
2026-03-21 08:00:00,17665.23,import
2026-03-21 08:15:00,17883.565,import
2026-03-21 08:30:00,18101.9,import
2026-03-21 08:45:00,18320.235,import
2026-03-21 09:00:00,18538.57,import
2026-03-21 09:15:00,18650.9325,import
2026-03-21 09:30:00,18763.295,import
2026-03-21 09:45:00,18875.6575,import
2026-03-21 10:00:00,18988.02,import
2026-03-21 10:15:00,19103.5975,import
2026-03-21 10:30:00,19219.175000000003,import
2026-03-21 10:45:00,19334.7525,import
2026-03-21 11:00:00,19450.33,import
2026-03-21 11:15:00,18916.78,import
2026-03-21 11:30:00,18383.230000000003,import
2026-03-21 11:45:00,17849.68,import
2026-03-21 12:00:00,17316.13,import
2026-03-21 12:15:00,17527.5275,import
2026-03-21 12:30:00,17738.925000000003,import
2026-03-21 12:45:00,17950.322500000002,import
2026-03-21 13:00:00,18161.72,import
2026-03-21 13:15:00,18053.43,import
2026-03-21 13:30:00,17945.14,import
2026-03-21 13:45:00,17836.850000000002,import
2026-03-21 14:00:00,17728.56,import
2026-03-21 14:15:00,17767.987500000003,import
2026-03-21 14:30:00,17807.415,import
2026-03-21 14:45:00,17846.8425,import
2026-03-21 15:00:00,17886.27,import
2026-03-21 15:15:00,17560.8575,import
2026-03-21 15:30:00,17235.445,import
2026-03-21 15:45:00,16910.0325,import
2026-03-21 16:00:00,16584.62,import
2026-03-21 16:15:00,16611.4825,import
2026-03-21 16:30:00,16638.345,import
2026-03-21 16:45:00,16665.2075,import
2026-03-21 17:00:00,16692.07,import
2026-03-21 17:15:00,16236.9675,import
2026-03-21 17:30:00,15781.865,import
2026-03-21 17:45:00,15326.7625,import
2026-03-21 18:00:00,14871.66,import
2026-03-21 18:15:00,14602.98,import
2026-03-21 18:30:00,14334.3,import
2026-03-21 18:45:00,14065.62,import
2026-03-21 19:00:00,13796.94,import
2026-03-21 19:15:00,13490.425,import
2026-03-21 19:30:00,13183.91,import
2026-03-21 19:45:00,12877.395,import
2026-03-21 20:00:00,12570.88,import
2026-03-21 20:15:00,12337.8,import
2026-03-21 20:30:00,12104.72,import
2026-03-21 20:45:00,11871.64,import
2026-03-21 21:00:00,11638.56,import
2026-03-21 21:15:00,11473.4025,import
2026-03-21 21:30:00,11308.245,import
2026-03-21 21:45:00,11143.0875,import
2026-03-21 22:00:00,10977.93,import
2026-03-21 22:15:00,11237.25,import
2026-03-21 22:30:00,11496.57,import
2026-03-21 22:45:00,11755.89,import
2026-03-21 23:00:00,12015.21,import
2026-03-21 23:15:00,11870.6325,import
2026-03-21 23:30:00,11726.055,import
2026-03-21 23:45:00,11581.4775,import
2026-03-22 00:00:00,11436.9,import
2026-03-22 00:15:00,11385.1875,import
2026-03-22 00:30:00,11333.475,import
2026-03-22 00:45:00,11281.7625,import
2026-03-22 01:00:00,11230.05,import
2026-03-22 01:15:00,11129.155,import
2026-03-22 01:30:00,11028.259999999998,import
2026-03-22 01:45:00,10927.365,import
2026-03-22 02:00:00,10826.47,import
2026-03-22 02:15:00,11019.43,import
2026-03-22 02:30:00,11212.39,import
2026-03-22 02:45:00,11405.35,import
2026-03-22 03:00:00,11598.31,import
2026-03-22 03:15:00,11608.0525,import
2026-03-22 03:30:00,11617.795,import
2026-03-22 03:45:00,11627.5375,import
2026-03-22 04:00:00,11637.28,import
2026-03-22 04:15:00,11568.9975,import
2026-03-22 04:30:00,11500.715,import
2026-03-22 04:45:00,11432.4325,import
2026-03-22 05:00:00,11364.15,import
2026-03-22 05:15:00,11497.285,import
2026-03-22 05:30:00,11630.42,import
2026-03-22 05:45:00,11763.555,import
2026-03-22 06:00:00,11896.69,import
2026-03-22 06:15:00,12846.48,import
2026-03-22 06:30:00,13796.27,import
2026-03-22 06:45:00,14746.06,import
2026-03-22 07:00:00,15695.85,import
2026-03-22 07:15:00,16256.575,import
2026-03-22 07:30:00,16817.3,import
2026-03-22 07:45:00,17378.025,import
2026-03-22 08:00:00,17938.75,import
2026-03-22 08:15:00,18041.0,import
2026-03-22 08:30:00,18143.25,import
2026-03-22 08:45:00,18245.5,import
2026-03-22 09:00:00,18347.75,import
2026-03-22 09:15:00,18467.16,import
2026-03-22 09:30:00,18586.57,import
2026-03-22 09:45:00,18705.98,import
2026-03-22 10:00:00,18825.39,import
2026-03-22 10:15:00,18913.5425,import
2026-03-22 10:30:00,19001.695,import
2026-03-22 10:45:00,19089.8475,import
2026-03-22 11:00:00,19178.0,import
2026-03-22 11:15:00,18630.325,import
2026-03-22 11:30:00,18082.65,import
2026-03-22 11:45:00,17534.975,import
2026-03-22 12:00:00,16987.3,import
2026-03-22 12:15:00,17267.27,import
2026-03-22 12:30:00,17547.239999999998,import
2026-03-22 12:45:00,17827.21,import
2026-03-22 13:00:00,18107.18,import
2026-03-22 13:15:00,17952.455,import
2026-03-22 13:30:00,17797.73,import
2026-03-22 13:45:00,17643.004999999997,import
2026-03-22 14:00:00,17488.28,import
2026-03-22 14:15:00,17479.86,import
2026-03-22 14:30:00,17471.44,import
2026-03-22 14:45:00,17463.019999999997,import
2026-03-22 15:00:00,17454.6,import
2026-03-22 15:15:00,17200.39,import
2026-03-22 15:30:00,16946.18,import
2026-03-22 15:45:00,16691.969999999998,import
2026-03-22 16:00:00,16437.76,import
2026-03-22 16:15:00,16402.94,import
2026-03-22 16:30:00,16368.12,import
2026-03-22 16:45:00,16333.3,import
2026-03-22 17:00:00,16298.48,import
2026-03-22 17:15:00,15923.97,import
2026-03-22 17:30:00,15549.46,import
2026-03-22 17:45:00,15174.95,import
2026-03-22 18:00:00,14800.44,import
2026-03-22 18:15:00,14499.2375,import
2026-03-22 18:30:00,14198.035,import
2026-03-22 18:45:00,13896.8325,import
2026-03-22 19:00:00,13595.63,import
2026-03-22 19:15:00,13319.6725,import
2026-03-22 19:30:00,13043.715,import
2026-03-22 19:45:00,12767.7575,import
2026-03-22 20:00:00,12491.8,import
2026-03-22 20:15:00,12209.7625,import
2026-03-22 20:30:00,11927.725,import
2026-03-22 20:45:00,11645.6875,import
2026-03-22 21:00:00,11363.65,import
2026-03-22 21:15:00,11266.65,import
2026-03-22 21:30:00,11169.65,import
2026-03-22 21:45:00,11072.65,import
2026-03-22 22:00:00,10975.65,import
2026-03-22 22:15:00,11261.415,import
2026-03-22 22:30:00,11547.18,import
2026-03-22 22:45:00,11832.945,import
2026-03-22 23:00:00,12118.71,import
2026-03-22 23:15:00,11953.56,import
2026-03-22 23:30:00,11788.41,import
2026-03-22 23:45:00,11623.26,import
2026-03-23 00:00:00,11458.11,import
2026-03-23 00:15:00,11423.2775,import
2026-03-23 00:30:00,11388.445,import
2026-03-23 00:45:00,11353.6125,import
2026-03-23 01:00:00,11318.78,import
2026-03-23 01:15:00,11232.535,import
2026-03-23 01:30:00,11146.29,import
2026-03-23 01:45:00,11060.045,import
2026-03-23 02:00:00,10973.8,import
2026-03-23 02:15:00,11131.4725,import
2026-03-23 02:30:00,11289.145,import
2026-03-23 02:45:00,11446.8175,import
2026-03-23 03:00:00,11604.49,import
2026-03-23 03:15:00,11644.355,import
2026-03-23 03:30:00,11684.22,import
2026-03-23 03:45:00,11724.085,import
2026-03-23 04:00:00,11763.95,import
2026-03-23 04:15:00,11691.33,import
2026-03-23 04:30:00,11618.71,import
2026-03-23 04:45:00,11546.09,import
2026-03-23 05:00:00,11473.47,import
2026-03-23 05:15:00,11603.055,import
2026-03-23 05:30:00,11732.64,import
2026-03-23 05:45:00,11862.225,import
2026-03-23 06:00:00,11991.81,import
2026-03-23 06:15:00,12989.715,import
2026-03-23 06:30:00,13987.62,import
2026-03-23 06:45:00,14985.525,import
2026-03-23 07:00:00,15983.43,import
2026-03-23 07:15:00,16501.21,import
2026-03-23 07:30:00,17018.989999999998,import
2026-03-23 07:45:00,17536.77,import
2026-03-23 08:00:00,18054.55,import
2026-03-23 08:15:00,18245.905,import
2026-03-23 08:30:00,18437.26,import
2026-03-23 08:45:00,18628.615,import
2026-03-23 09:00:00,18819.97,import
2026-03-23 09:15:00,18930.800000000003,import
2026-03-23 09:30:00,19041.63,import
2026-03-23 09:45:00,19152.46,import
2026-03-23 10:00:00,19263.29,import
2026-03-23 10:15:00,19308.225,import
2026-03-23 10:30:00,19353.16,import
2026-03-23 10:45:00,19398.095,import
2026-03-23 11:00:00,19443.03,import
2026-03-23 11:15:00,18876.5,import
2026-03-23 11:30:00,18309.97,import
2026-03-23 11:45:00,17743.44,import
2026-03-23 12:00:00,17176.91,import
2026-03-23 12:15:00,17198.055,import
2026-03-23 12:30:00,17219.2,import
2026-03-23 12:45:00,17240.345,import
2026-03-23 13:00:00,17261.49,import
2026-03-23 13:15:00,17266.59,import
2026-03-23 13:30:00,17271.690000000002,import
2026-03-23 13:45:00,17276.79,import
2026-03-23 14:00:00,17281.89,import
2026-03-23 14:15:00,17262.8475,import
2026-03-23 14:30:00,17243.805,import
2026-03-23 14:45:00,17224.7625,import
2026-03-23 15:00:00,17205.72,import
2026-03-23 15:15:00,16902.425000000003,import
2026-03-23 15:30:00,16599.13,import
2026-03-23 15:45:00,16295.835,import
2026-03-23 16:00:00,15992.54,import
2026-03-23 16:15:00,15995.7875,import
2026-03-23 16:30:00,15999.035,import
2026-03-23 16:45:00,16002.2825,import
2026-03-23 17:00:00,16005.53,import
2026-03-23 17:15:00,15648.32,import
2026-03-23 17:30:00,15291.11,import
2026-03-23 17:45:00,14933.9,import
2026-03-23 18:00:00,14576.69,import
2026-03-23 18:15:00,14081.715,import
2026-03-23 18:30:00,13586.740000000002,import
2026-03-23 18:45:00,13091.765,import
2026-03-23 19:00:00,12596.79,import
2026-03-23 19:15:00,12258.990000000002,import
2026-03-23 19:30:00,11921.19,import
2026-03-23 19:45:00,11583.39,import
2026-03-23 20:00:00,11245.59,import
2026-03-23 20:15:00,11208.2725,import
2026-03-23 20:30:00,11170.955,import
2026-03-23 20:45:00,11133.6375,import
2026-03-23 21:00:00,11096.32,import
2026-03-23 21:15:00,11015.945,import
2026-03-23 21:30:00,10935.57,import
2026-03-23 21:45:00,10855.195,import
2026-03-23 22:00:00,10774.82,import
2026-03-23 22:15:00,11044.44,import
2026-03-23 22:30:00,11314.06,import
2026-03-23 22:45:00,11583.68,import
2026-03-23 23:00:00,11853.3,import
2026-03-23 23:15:00,11664.695,import
2026-03-23 23:30:00,11476.09,import
2026-03-23 23:45:00,11287.485,import
2026-03-24 00:00:00,11098.88,import
2026-03-24 00:15:00,11118.97,import
2026-03-24 00:30:00,11139.06,import
2026-03-24 00:45:00,11159.15,import
2026-03-24 01:00:00,11179.24,import
2026-03-24 01:15:00,11093.4725,import
2026-03-24 01:30:00,11007.705,import
2026-03-24 01:45:00,10921.9375,import
2026-03-24 02:00:00,10836.17,import
2026-03-24 02:15:00,11015.175,import
2026-03-24 02:30:00,11194.18,import
2026-03-24 02:45:00,11373.185,import
2026-03-24 03:00:00,11552.19,import
2026-03-24 03:15:00,11555.2875,import
2026-03-24 03:30:00,11558.385,import
2026-03-24 03:45:00,11561.4825,import
2026-03-24 04:00:00,11564.58,import
2026-03-24 04:15:00,11492.07,import
2026-03-24 04:30:00,11419.56,import
2026-03-24 04:45:00,11347.05,import
2026-03-24 05:00:00,11274.54,import
2026-03-24 05:15:00,11392.4225,import
2026-03-24 05:30:00,11510.305,import
2026-03-24 05:45:00,11628.1875,import
2026-03-24 06:00:00,11746.07,import
2026-03-24 06:15:00,12647.615,import
2026-03-24 06:30:00,13549.16,import
2026-03-24 06:45:00,14450.705,import
2026-03-24 07:00:00,15352.25,import
2026-03-24 07:15:00,15884.0,import
2026-03-24 07:30:00,16415.75,import
2026-03-24 07:45:00,16947.5,import
2026-03-24 08:00:00,17479.25,import
2026-03-24 08:15:00,17688.2175,import
2026-03-24 08:30:00,17897.184999999998,import
2026-03-24 08:45:00,18106.1525,import
2026-03-24 09:00:00,18315.12,import
2026-03-24 09:15:00,18419.5225,import
2026-03-24 09:30:00,18523.925,import
2026-03-24 09:45:00,18628.3275,import
2026-03-24 10:00:00,18732.73,import
2026-03-24 10:15:00,18826.2275,import
2026-03-24 10:30:00,18919.725,import
2026-03-24 10:45:00,19013.2225,import
2026-03-24 11:00:00,19106.72,import
2026-03-24 11:15:00,18577.42,import
2026-03-24 11:30:00,18048.120000000003,import
2026-03-24 11:45:00,17518.82,import
2026-03-24 12:00:00,16989.52,import
2026-03-24 12:15:00,17159.6325,import
2026-03-24 12:30:00,17329.745000000003,import
2026-03-24 12:45:00,17499.857500000002,import
2026-03-24 13:00:00,17669.97,import
2026-03-24 13:15:00,17549.355,import
2026-03-24 13:30:00,17428.739999999998,import
2026-03-24 13:45:00,17308.125,import
2026-03-24 14:00:00,17187.51,import
2026-03-24 14:15:00,17216.829999999998,import
2026-03-24 14:30:00,17246.15,import
2026-03-24 14:45:00,17275.47,import
2026-03-24 15:00:00,17304.79,import
2026-03-24 15:15:00,17016.432500000003,import
2026-03-24 15:30:00,16728.075,import
2026-03-24 15:45:00,16439.7175,import
2026-03-24 16:00:00,16151.36,import
2026-03-24 16:15:00,16147.22,import
2026-03-24 16:30:00,16143.08,import
2026-03-24 16:45:00,16138.94,import
2026-03-24 17:00:00,16134.8,import
2026-03-24 17:15:00,15796.61,import
2026-03-24 17:30:00,15458.42,import
2026-03-24 17:45:00,15120.23,import
2026-03-24 18:00:00,14782.04,import
2026-03-24 18:15:00,14445.0025,import
2026-03-24 18:30:00,14107.965,import
2026-03-24 18:45:00,13770.9275,import
2026-03-24 19:00:00,13433.89,import
2026-03-24 19:15:00,13147.89,import
2026-03-24 19:30:00,12861.89,import
2026-03-24 19:45:00,12575.89,import
2026-03-24 20:00:00,12289.89,import
2026-03-24 20:15:00,12006.73,import
2026-03-24 20:30:00,11723.57,import
2026-03-24 20:45:00,11440.41,import
2026-03-24 21:00:00,11157.25,import
2026-03-24 21:15:00,11036.73,import
2026-03-24 21:30:00,10916.21,import
2026-03-24 21:45:00,10795.69,import
2026-03-24 22:00:00,10675.17,import
2026-03-24 22:15:00,10953.76,import
2026-03-24 22:30:00,11232.35,import
2026-03-24 22:45:00,11510.94,import
2026-03-24 23:00:00,11789.53,import
2026-03-24 23:15:00,11630.81,import
2026-03-24 23:30:00,11472.09,import
2026-03-24 23:45:00,11313.37,import
2026-03-25 00:00:00,11154.65,import
2026-03-25 00:15:00,11131.5325,import
2026-03-25 00:30:00,11108.415,import
2026-03-25 00:45:00,11085.2975,import
2026-03-25 01:00:00,11062.18,import
2026-03-25 01:15:00,10964.27,import
2026-03-25 01:30:00,10866.36,import
2026-03-25 01:45:00,10768.45,import
2026-03-25 02:00:00,10670.54,import
2026-03-25 02:15:00,10832.9625,import
2026-03-25 02:30:00,10995.385,import
2026-03-25 02:45:00,11157.8075,import
2026-03-25 03:00:00,11320.23,import
2026-03-25 03:15:00,11315.2725,import
2026-03-25 03:30:00,11310.315,import
2026-03-25 03:45:00,11305.3575,import
2026-03-25 04:00:00,11300.4,import
2026-03-25 04:15:00,11227.905,import
2026-03-25 04:30:00,11155.41,import
2026-03-25 04:45:00,11082.915,import
2026-03-25 05:00:00,11010.42,import
2026-03-25 05:15:00,11112.485,import
2026-03-25 05:30:00,11214.55,import
2026-03-25 05:45:00,11316.615,import
2026-03-25 06:00:00,11418.68,import
2026-03-25 06:15:00,12326.0425,import
2026-03-25 06:30:00,13233.405,import
2026-03-25 06:45:00,14140.7675,import
2026-03-25 07:00:00,15048.13,import
2026-03-25 07:15:00,15580.0875,import
2026-03-25 07:30:00,16112.044999999998,import
2026-03-25 07:45:00,16644.0025,import
2026-03-25 08:00:00,17175.96,import
2026-03-25 08:15:00,17441.5825,import
2026-03-25 08:30:00,17707.205,import
2026-03-25 08:45:00,17972.8275,import
2026-03-25 09:00:00,18238.45,import
2026-03-25 09:15:00,18442.9975,import
2026-03-25 09:30:00,18647.545,import
2026-03-25 09:45:00,18852.0925,import
2026-03-25 10:00:00,19056.64,import
2026-03-25 10:15:00,19202.7725,import
2026-03-25 10:30:00,19348.905,import
2026-03-25 10:45:00,19495.0375,import
2026-03-25 11:00:00,19641.17,import
2026-03-25 11:15:00,19110.2975,import
2026-03-25 11:30:00,18579.425,import
2026-03-25 11:45:00,18048.5525,import
2026-03-25 12:00:00,17517.68,import
2026-03-25 12:15:00,17671.5675,import
2026-03-25 12:30:00,17825.455,import
2026-03-25 12:45:00,17979.3425,import
2026-03-25 13:00:00,18133.23,import
2026-03-25 13:15:00,17980.67,import
2026-03-25 13:30:00,17828.11,import
2026-03-25 13:45:00,17675.550000000003,import
2026-03-25 14:00:00,17522.99,import
2026-03-25 14:15:00,17466.235,import
2026-03-25 14:30:00,17409.480000000003,import
2026-03-25 14:45:00,17352.725000000002,import
2026-03-25 15:00:00,17295.97,import
2026-03-25 15:15:00,16963.175000000003,import
2026-03-25 15:30:00,16630.38,import
2026-03-25 15:45:00,16297.585,import
2026-03-25 16:00:00,15964.79,import
2026-03-25 16:15:00,15919.5625,import
2026-03-25 16:30:00,15874.335,import
2026-03-25 16:45:00,15829.1075,import
2026-03-25 17:00:00,15783.88,import
2026-03-25 17:15:00,15400.555,import
2026-03-25 17:30:00,15017.23,import
2026-03-25 17:45:00,14633.905,import
2026-03-25 18:00:00,14250.58,import
2026-03-25 18:15:00,13989.06,import
2026-03-25 18:30:00,13727.54,import
2026-03-25 18:45:00,13466.02,import
2026-03-25 19:00:00,13204.5,import
2026-03-25 19:15:00,12936.1275,import
2026-03-25 19:30:00,12667.755,import
2026-03-25 19:45:00,12399.3825,import
2026-03-25 20:00:00,12131.01,import
2026-03-25 20:15:00,11859.5375,import
2026-03-25 20:30:00,11588.065,import
2026-03-25 20:45:00,11316.5925,import
2026-03-25 21:00:00,11045.12,import
2026-03-25 21:15:00,10919.76,import
2026-03-25 21:30:00,10794.4,import
2026-03-25 21:45:00,10669.04,import
2026-03-25 22:00:00,10543.68,import
2026-03-25 22:15:00,10785.325,import
2026-03-25 22:30:00,11026.97,import
2026-03-25 22:45:00,11268.615,import
2026-03-25 23:00:00,11510.26,import
2026-03-25 23:15:00,11340.79,import
2026-03-25 23:30:00,11171.32,import
2026-03-25 23:45:00,11001.85,import
2026-03-26 00:00:00,10832.38,import
2026-03-26 00:15:00,10834.315,import
2026-03-26 00:30:00,10836.25,import
2026-03-26 00:45:00,10838.185,import
2026-03-26 01:00:00,10840.12,import
2026-03-26 01:15:00,10748.3425,import
2026-03-26 01:30:00,10656.565,import
2026-03-26 01:45:00,10564.7875,import
2026-03-26 02:00:00,10473.01,import
2026-03-26 02:15:00,10624.1425,import
2026-03-26 02:30:00,10775.275,import
2026-03-26 02:45:00,10926.4075,import
2026-03-26 03:00:00,11077.54,import
2026-03-26 03:15:00,11106.4175,import
2026-03-26 03:30:00,11135.295,import
2026-03-26 03:45:00,11164.1725,import
2026-03-26 04:00:00,11193.05,import
2026-03-26 04:15:00,11175.915,import
2026-03-26 04:30:00,11158.78,import
2026-03-26 04:45:00,11141.645,import
2026-03-26 05:00:00,11124.51,import
2026-03-26 05:15:00,11370.735,import
2026-03-26 05:30:00,11616.96,import
2026-03-26 05:45:00,11863.185,import
2026-03-26 06:00:00,12109.41,import
2026-03-26 06:15:00,13005.085,import
2026-03-26 06:30:00,13900.76,import
2026-03-26 06:45:00,14796.435,import
2026-03-26 07:00:00,15692.11,import
2026-03-26 07:15:00,16077.892500000002,import
2026-03-26 07:30:00,16463.675000000003,import
2026-03-26 07:45:00,16849.4575,import
2026-03-26 08:00:00,17235.24,import
2026-03-26 08:15:00,17348.0275,import
2026-03-26 08:30:00,17460.815000000002,import
2026-03-26 08:45:00,17573.6025,import
2026-03-26 09:00:00,17686.39,import
2026-03-26 09:15:00,17833.7825,import
2026-03-26 09:30:00,17981.175,import
2026-03-26 09:45:00,18128.5675,import
2026-03-26 10:00:00,18275.96,import
2026-03-26 10:15:00,18438.015,import
2026-03-26 10:30:00,18600.07,import
2026-03-26 10:45:00,18762.125,import
2026-03-26 11:00:00,18924.18,import
2026-03-26 11:15:00,18447.8825,import
2026-03-26 11:30:00,17971.585,import
2026-03-26 11:45:00,17495.287500000002,import
2026-03-26 12:00:00,17018.99,import
2026-03-26 12:15:00,17221.06,import
2026-03-26 12:30:00,17423.13,import
2026-03-26 12:45:00,17625.2,import
2026-03-26 13:00:00,17827.27,import
2026-03-26 13:15:00,17711.39,import
2026-03-26 13:30:00,17595.510000000002,import
2026-03-26 13:45:00,17479.63,import
2026-03-26 14:00:00,17363.75,import
2026-03-26 14:15:00,17286.93,import
2026-03-26 14:30:00,17210.11,import
2026-03-26 14:45:00,17133.29,import
2026-03-26 15:00:00,17056.47,import
2026-03-26 15:15:00,16711.807500000003,import
2026-03-26 15:30:00,16367.145,import
2026-03-26 15:45:00,16022.4825,import
2026-03-26 16:00:00,15677.82,import
2026-03-26 16:15:00,15635.0225,import
2026-03-26 16:30:00,15592.225,import
2026-03-26 16:45:00,15549.4275,import
2026-03-26 17:00:00,15506.63,import
2026-03-26 17:15:00,15089.48,import
2026-03-26 17:30:00,14672.33,import
2026-03-26 17:45:00,14255.18,import
2026-03-26 18:00:00,13838.03,import
2026-03-26 18:15:00,13536.6475,import
2026-03-26 18:30:00,13235.265,import
2026-03-26 18:45:00,12933.8825,import
2026-03-26 19:00:00,12632.5,import
2026-03-26 19:15:00,12376.595,import
2026-03-26 19:30:00,12120.69,import
2026-03-26 19:45:00,11864.785,import
2026-03-26 20:00:00,11608.88,import
2026-03-26 20:15:00,11336.6325,import
2026-03-26 20:30:00,11064.384999999998,import
2026-03-26 20:45:00,10792.1375,import
2026-03-26 21:00:00,10519.89,import
2026-03-26 21:15:00,10422.1925,import
2026-03-26 21:30:00,10324.495,import
2026-03-26 21:45:00,10226.7975,import
2026-03-26 22:00:00,10129.1,import
2026-03-26 22:15:00,10405.4525,import
2026-03-26 22:30:00,10681.805,import
2026-03-26 22:45:00,10958.1575,import
2026-03-26 23:00:00,11234.51,import
2026-03-26 23:15:00,11083.66,import
2026-03-26 23:30:00,10932.81,import
2026-03-26 23:45:00,10781.96,import
2026-03-27 00:00:00,10631.11,import
2026-03-27 00:15:00,10577.2325,import
2026-03-27 00:30:00,10523.355,import
2026-03-27 00:45:00,10469.4775,import
2026-03-27 01:00:00,10415.6,import
2026-03-27 01:15:00,10358.7475,import
2026-03-27 01:30:00,10301.895,import
2026-03-27 01:45:00,10245.0425,import
2026-03-27 02:00:00,10188.19,import
2026-03-27 02:15:00,10344.3175,import
2026-03-27 02:30:00,10500.445,import
2026-03-27 02:45:00,10656.5725,import
2026-03-27 03:00:00,10812.7,import
2026-03-27 03:15:00,10819.6875,import
2026-03-27 03:30:00,10826.675,import
2026-03-27 03:45:00,10833.6625,import
2026-03-27 04:00:00,10840.65,import
2026-03-27 04:15:00,10776.585,import
2026-03-27 04:30:00,10712.52,import
2026-03-27 04:45:00,10648.455,import
2026-03-27 05:00:00,10584.39,import
2026-03-27 05:15:00,10714.605,import
2026-03-27 05:30:00,10844.82,import
2026-03-27 05:45:00,10975.035,import
2026-03-27 06:00:00,11105.25,import
2026-03-27 06:15:00,12080.6625,import
2026-03-27 06:30:00,13056.075,import
2026-03-27 06:45:00,14031.4875,import
2026-03-27 07:00:00,15006.9,import
2026-03-27 07:15:00,15522.02,import
2026-03-27 07:30:00,16037.14,import
2026-03-27 07:45:00,16552.260000000002,import
2026-03-27 08:00:00,17067.38,import
2026-03-27 08:15:00,17227.607500000002,import
2026-03-27 08:30:00,17387.835,import
2026-03-27 08:45:00,17548.0625,import
2026-03-27 09:00:00,17708.29,import
2026-03-27 09:15:00,17740.425000000003,import
2026-03-27 09:30:00,17772.56,import
2026-03-27 09:45:00,17804.695,import
2026-03-27 10:00:00,17836.83,import
2026-03-27 10:15:00,17890.230000000003,import
2026-03-27 10:30:00,17943.63,import
2026-03-27 10:45:00,17997.03,import
2026-03-27 11:00:00,18050.43,import
2026-03-27 11:15:00,17562.255,import
2026-03-27 11:30:00,17074.08,import
2026-03-27 11:45:00,16585.905,import
2026-03-27 12:00:00,16097.73,import
2026-03-27 12:15:00,16281.6525,import
2026-03-27 12:30:00,16465.574999999997,import
2026-03-27 12:45:00,16649.497499999998,import
2026-03-27 13:00:00,16833.42,import
2026-03-27 13:15:00,16625.289999999997,import
2026-03-27 13:30:00,16417.16,import
2026-03-27 13:45:00,16209.03,import
2026-03-27 14:00:00,16000.9,import
2026-03-27 14:15:00,15858.31,import
2026-03-27 14:30:00,15715.72,import
2026-03-27 14:45:00,15573.13,import
2026-03-27 15:00:00,15430.54,import
2026-03-27 15:15:00,15065.4225,import
2026-03-27 15:30:00,14700.305,import
2026-03-27 15:45:00,14335.1875,import
2026-03-27 16:00:00,13970.07,import
2026-03-27 16:15:00,13942.32,import
2026-03-27 16:30:00,13914.57,import
2026-03-27 16:45:00,13886.82,import
2026-03-27 17:00:00,13859.07,import
2026-03-27 17:15:00,13535.8175,import
2026-03-27 17:30:00,13212.565,import
2026-03-27 17:45:00,12889.3125,import
2026-03-27 18:00:00,12566.06,import
2026-03-27 18:15:00,12346.715,import
2026-03-27 18:30:00,12127.37,import
2026-03-27 18:45:00,11908.025,import
2026-03-27 19:00:00,11688.68,import
2026-03-27 19:15:00,11379.7125,import
2026-03-27 19:30:00,11070.745,import
2026-03-27 19:45:00,10761.7775,import
2026-03-27 20:00:00,10452.81,import
2026-03-27 20:15:00,10194.6775,import
2026-03-27 20:30:00,9936.545,import
2026-03-27 20:45:00,9678.4125,import
2026-03-27 21:00:00,9420.28,import
2026-03-27 21:15:00,9237.305,import
2026-03-27 21:30:00,9054.33,import
2026-03-27 21:45:00,8871.355,import
2026-03-27 22:00:00,8688.38,import
2026-03-27 22:15:00,8724.25,import
2026-03-27 22:30:00,8760.119999999999,import
2026-03-27 22:45:00,8795.99,import
2026-03-27 23:00:00,8831.86,import
2026-03-27 23:15:00,8659.5775,import
2026-03-27 23:30:00,8487.295,import
2026-03-27 23:45:00,8315.0125,import
2026-03-28 00:00:00,8142.73,import
2026-03-28 00:15:00,8071.855,import
2026-03-28 00:30:00,8000.98,import
2026-03-28 00:45:00,7930.105,import
2026-03-28 01:00:00,7859.23,import
2026-03-28 01:15:00,7800.407499999999,import
2026-03-28 01:30:00,7741.584999999999,import
2026-03-28 01:45:00,7682.7625,import
2026-03-28 02:00:00,7623.94,import
2026-03-28 02:15:00,7656.58,import
2026-03-28 02:30:00,7689.219999999999,import
2026-03-28 02:45:00,7721.86,import
2026-03-28 03:00:00,7754.5,import
2026-03-28 03:15:00,7704.9275,import
2026-03-28 03:30:00,7655.355,import
2026-03-28 03:45:00,7605.7825,import
2026-03-28 04:00:00,7556.21,import
2026-03-28 04:15:00,7469.0175,import
2026-03-28 04:30:00,7381.825,import
2026-03-28 04:45:00,7294.6325,import
2026-03-28 05:00:00,7207.44,import
2026-03-28 05:15:00,7416.76,import
2026-03-28 05:30:00,7626.08,import
2026-03-28 05:45:00,7835.4,import
2026-03-28 06:00:00,8044.72,import
2026-03-28 06:15:00,8723.035,import
2026-03-28 06:30:00,9401.35,import
2026-03-28 06:45:00,10079.665,import
2026-03-28 07:00:00,10757.98,import
2026-03-28 07:15:00,11282.455,import
2026-03-28 07:30:00,11806.93,import
2026-03-28 07:45:00,12331.405,import
2026-03-28 08:00:00,12855.88,import
2026-03-28 08:15:00,13030.572499999998,import
2026-03-28 08:30:00,13205.265,import
2026-03-28 08:45:00,13379.9575,import
2026-03-28 09:00:00,13554.65,import
2026-03-28 09:15:00,13707.92,import
2026-03-28 09:30:00,13861.19,import
2026-03-28 09:45:00,14014.46,import
2026-03-28 10:00:00,14167.73,import
2026-03-28 10:15:00,14392.73,import
2026-03-28 10:30:00,14617.73,import
2026-03-28 10:45:00,14842.73,import
2026-03-28 11:00:00,15067.73,import
2026-03-28 11:15:00,14711.3725,import
2026-03-28 11:30:00,14355.015,import
2026-03-28 11:45:00,13998.6575,import
2026-03-28 12:00:00,13642.3,import
2026-03-28 12:15:00,13753.505,import
2026-03-28 12:30:00,13864.71,import
2026-03-28 12:45:00,13975.915,import
2026-03-28 13:00:00,14087.12,import
2026-03-28 13:15:00,14050.365000000002,import
2026-03-28 13:30:00,14013.61,import
2026-03-28 13:45:00,13976.855,import
2026-03-28 14:00:00,13940.1,import
2026-03-28 14:15:00,13951.0,import
2026-03-28 14:30:00,13961.9,import
2026-03-28 14:45:00,13972.8,import
2026-03-28 15:00:00,13983.7,import
2026-03-28 15:15:00,13837.5975,import
2026-03-28 15:30:00,13691.495,import
2026-03-28 15:45:00,13545.392500000002,import
2026-03-28 16:00:00,13399.29,import
2026-03-28 16:15:00,13433.43,import
2026-03-28 16:30:00,13467.57,import
2026-03-28 16:45:00,13501.71,import
2026-03-28 17:00:00,13535.85,import
2026-03-28 17:15:00,13294.045,import
2026-03-28 17:30:00,13052.24,import
2026-03-28 17:45:00,12810.435,import
2026-03-28 18:00:00,12568.63,import
2026-03-28 18:15:00,12495.6075,import
2026-03-28 18:30:00,12422.585,import
2026-03-28 18:45:00,12349.5625,import
2026-03-28 19:00:00,12276.54,import
2026-03-28 19:15:00,12037.165,import
2026-03-28 19:30:00,11797.79,import
2026-03-28 19:45:00,11558.415,import
2026-03-28 20:00:00,11319.04,import
2026-03-28 20:15:00,11075.415,import
2026-03-28 20:30:00,10831.79,import
2026-03-28 20:45:00,10588.165,import
2026-03-28 21:00:00,10344.54,import
2026-03-28 21:15:00,10212.09,import
2026-03-28 21:30:00,10079.64,import
2026-03-28 21:45:00,9947.19,import
2026-03-28 22:00:00,9814.74,import
2026-03-28 22:15:00,9966.7825,import
2026-03-28 22:30:00,10118.825,import
2026-03-28 22:45:00,10270.8675,import
2026-03-28 23:00:00,10422.91,import
2026-03-28 23:15:00,10237.5425,import
2026-03-28 23:30:00,10052.175,import
2026-03-28 23:45:00,9866.8075,import
2026-03-29 00:00:00,9681.44,import
2026-03-29 00:15:00,9584.6825,import
2026-03-29 00:30:00,9487.925,import
2026-03-29 00:45:00,9391.1675,import
2026-03-29 01:00:00,9294.41,import
2026-03-29 01:15:00,9242.55,import
2026-03-29 01:30:00,9190.69,import
2026-03-29 01:45:00,9138.83,import
2026-03-29 02:00:00,9086.97,import
2026-03-29 02:15:00,9191.41,import
2026-03-29 02:30:00,9295.85,import
2026-03-29 02:45:00,9400.29,import
2026-03-29 03:00:00,9504.73,import
2026-03-29 03:15:00,9496.86,import
2026-03-29 03:30:00,9488.99,import
2026-03-29 03:45:00,9481.12,import
2026-03-29 04:00:00,9473.25,import
2026-03-29 04:15:00,9435.2425,import
2026-03-29 04:30:00,9397.235,import
2026-03-29 04:45:00,9359.2275,import
2026-03-29 05:00:00,9321.22,import
2026-03-29 05:15:00,9491.5775,import
2026-03-29 05:30:00,9661.935,import
2026-03-29 05:45:00,9832.2925,import
2026-03-29 06:00:00,10002.65,import
2026-03-29 06:15:00,10856.945,import
2026-03-29 06:30:00,11711.24,import
2026-03-29 06:45:00,12565.535,import
2026-03-29 07:00:00,13419.83,import
2026-03-29 07:15:00,13998.235,import
2026-03-29 07:30:00,14576.64,import
2026-03-29 07:45:00,15155.045,import
2026-03-29 08:00:00,15733.45,import
2026-03-29 08:15:00,15896.27,import
2026-03-29 08:30:00,16059.09,import
2026-03-29 08:45:00,16221.91,import
2026-03-29 09:00:00,16384.73,import
2026-03-29 09:15:00,16431.9475,import
2026-03-29 09:30:00,16479.165,import
2026-03-29 09:45:00,16526.3825,import
2026-03-29 10:00:00,16573.6,import
2026-03-29 10:15:00,16566.47,import
2026-03-29 10:30:00,16559.34,import
2026-03-29 10:45:00,16552.21,import
2026-03-29 11:00:00,16545.08,import
2026-03-29 11:15:00,16050.4525,import
2026-03-29 11:30:00,15555.825,import
2026-03-29 11:45:00,15061.1975,import
2026-03-29 12:00:00,14566.57,import
2026-03-29 12:15:00,14674.8425,import
2026-03-29 12:30:00,14783.115,import
2026-03-29 12:45:00,14891.3875,import
2026-03-29 13:00:00,14999.66,import
2026-03-29 13:15:00,14956.94,import
2026-03-29 13:30:00,14914.22,import
2026-03-29 13:45:00,14871.5,import
2026-03-29 14:00:00,14828.78,import
2026-03-29 14:15:00,14822.385,import
2026-03-29 14:30:00,14815.990000000002,import
2026-03-29 14:45:00,14809.595,import
2026-03-29 15:00:00,14803.2,import
2026-03-29 15:15:00,14543.6025,import
2026-03-29 15:30:00,14284.005,import
2026-03-29 15:45:00,14024.4075,import
2026-03-29 16:00:00,13764.81,import
2026-03-29 16:15:00,13789.0125,import
2026-03-29 16:30:00,13813.215,import
2026-03-29 16:45:00,13837.4175,import
2026-03-29 17:00:00,13861.62,import
2026-03-29 17:15:00,13703.135,import
2026-03-29 17:30:00,13544.65,import
2026-03-29 17:45:00,13386.165,import
2026-03-29 18:00:00,13227.68,import
2026-03-29 18:15:00,13132.445,import
2026-03-29 18:30:00,13037.21,import
2026-03-29 18:45:00,12941.975,import
2026-03-29 19:00:00,12846.74,import
2026-03-29 19:15:00,12606.075,import
2026-03-29 19:30:00,12365.41,import
2026-03-29 19:45:00,12124.745,import
2026-03-29 20:00:00,11884.08,import
2026-03-29 20:15:00,11582.8725,import
2026-03-29 20:30:00,11281.665,import
2026-03-29 20:45:00,10980.4575,import
2026-03-29 21:00:00,10679.25,import
2026-03-29 21:15:00,10520.4975,import
2026-03-29 21:30:00,10361.745,import
2026-03-29 21:45:00,10202.9925,import
2026-03-29 22:00:00,10044.24,import
2026-03-29 22:15:00,10190.365,import
2026-03-29 22:30:00,10336.49,import
2026-03-29 22:45:00,10482.615,import
2026-03-29 23:00:00,10628.74,import
2026-03-29 23:15:00,10443.495,import
2026-03-29 23:30:00,10258.25,import
2026-03-29 23:45:00,10073.005,import
2026-03-30 00:00:00,9887.76,import
2026-03-30 00:15:00,9845.2825,import
2026-03-30 00:30:00,9802.805,import
2026-03-30 00:45:00,9760.3275,import
2026-03-30 01:00:00,9717.85,import
2026-03-30 01:15:00,9636.95,import
2026-03-30 01:30:00,9556.05,import
2026-03-30 01:45:00,9475.15,import
2026-03-30 02:00:00,9394.25,import
2026-03-30 02:15:00,9535.99,import
2026-03-30 02:30:00,9677.73,import
2026-03-30 02:45:00,9819.47,import
2026-03-30 03:00:00,9961.21,import
2026-03-30 03:15:00,9945.05,import
2026-03-30 03:30:00,9928.89,import
2026-03-30 03:45:00,9912.73,import
2026-03-30 04:00:00,9896.57,import
2026-03-30 04:15:00,9821.17,import
2026-03-30 04:30:00,9745.77,import
2026-03-30 04:45:00,9670.37,import
2026-03-30 05:00:00,9594.97,import
2026-03-30 05:15:00,9773.2575,import
2026-03-30 05:30:00,9951.545,import
2026-03-30 05:45:00,10129.8325,import
2026-03-30 06:00:00,10308.12,import
2026-03-30 06:15:00,11216.085,import
2026-03-30 06:30:00,12124.05,import
2026-03-30 06:45:00,13032.015,import
2026-03-30 07:00:00,13939.98,import
2026-03-30 07:15:00,14499.94,import
2026-03-30 07:30:00,15059.9,import
2026-03-30 07:45:00,15619.86,import
2026-03-30 08:00:00,16179.82,import
2026-03-30 08:15:00,16364.7975,import
2026-03-30 08:30:00,16549.775,import
2026-03-30 08:45:00,16734.7525,import
2026-03-30 09:00:00,16919.73,import
2026-03-30 09:15:00,16975.7875,import
2026-03-30 09:30:00,17031.845,import
2026-03-30 09:45:00,17087.9025,import
2026-03-30 10:00:00,17143.96,import
2026-03-30 10:15:00,17164.89,import
2026-03-30 10:30:00,17185.82,import
2026-03-30 10:45:00,17206.75,import
2026-03-30 11:00:00,17227.68,import
2026-03-30 11:15:00,16823.6925,import
2026-03-30 11:30:00,16419.705,import
2026-03-30 11:45:00,16015.7175,import
2026-03-30 12:00:00,15611.73,import
2026-03-30 12:15:00,15741.2425,import
2026-03-30 12:30:00,15870.755,import
2026-03-30 12:45:00,16000.2675,import
2026-03-30 13:00:00,16129.78,import
2026-03-30 13:15:00,15978.815,import
2026-03-30 13:30:00,15827.85,import
2026-03-30 13:45:00,15676.885,import
2026-03-30 14:00:00,15525.92,import
2026-03-30 14:15:00,15472.415,import
2026-03-30 14:30:00,15418.91,import
2026-03-30 14:45:00,15365.405,import
2026-03-30 15:00:00,15311.9,import
2026-03-30 15:15:00,15004.4975,import
2026-03-30 15:30:00,14697.095,import
2026-03-30 15:45:00,14389.6925,import
2026-03-30 16:00:00,14082.29,import
2026-03-30 16:15:00,14106.3475,import
2026-03-30 16:30:00,14130.405,import
2026-03-30 16:45:00,14154.4625,import
2026-03-30 17:00:00,14178.52,import
2026-03-30 17:15:00,13977.1275,import
2026-03-30 17:30:00,13775.735,import
2026-03-30 17:45:00,13574.3425,import
2026-03-30 18:00:00,13372.95,import
2026-03-30 18:15:00,13237.4425,import
2026-03-30 18:30:00,13101.935,import
2026-03-30 18:45:00,12966.4275,import
2026-03-30 19:00:00,12830.92,import
2026-03-30 19:15:00,12601.4,import
2026-03-30 19:30:00,12371.88,import
2026-03-30 19:45:00,12142.36,import
2026-03-30 20:00:00,11912.84,import
2026-03-30 20:15:00,11662.3925,import
2026-03-30 20:30:00,11411.945,import
2026-03-30 20:45:00,11161.4975,import
2026-03-30 21:00:00,10911.05,import
2026-03-30 21:15:00,10735.235,import
2026-03-30 21:30:00,10559.42,import
2026-03-30 21:45:00,10383.605,import
2026-03-30 22:00:00,10207.79,import
2026-03-30 22:15:00,10357.6925,import
2026-03-30 22:30:00,10507.595,import
2026-03-30 22:45:00,10657.4975,import
2026-03-30 23:00:00,10807.4,import
2026-03-30 23:15:00,10604.4375,import
2026-03-30 23:30:00,10401.475,import
2026-03-30 23:45:00,10198.5125,import
2026-03-31 00:00:00,9995.55,import
2026-03-31 00:15:00,9973.009999999998,import
2026-03-31 00:30:00,9950.47,import
2026-03-31 00:45:00,9927.93,import
2026-03-31 01:00:00,9905.39,import
2026-03-31 01:15:00,9835.5225,import
2026-03-31 01:30:00,9765.655,import
2026-03-31 01:45:00,9695.7875,import
2026-03-31 02:00:00,9625.92,import
2026-03-31 02:15:00,9733.5875,import
2026-03-31 02:30:00,9841.255,import
2026-03-31 02:45:00,9948.9225,import
2026-03-31 03:00:00,10056.59,import
2026-03-31 03:15:00,10068.41,import
2026-03-31 03:30:00,10080.23,import
2026-03-31 03:45:00,10092.05,import
2026-03-31 04:00:00,10103.87,import
2026-03-31 04:15:00,10031.545,import
2026-03-31 04:30:00,9959.22,import
2026-03-31 04:45:00,9886.895,import
2026-03-31 05:00:00,9814.57,import
2026-03-31 05:15:00,9977.0725,import
2026-03-31 05:30:00,10139.575,import
2026-03-31 05:45:00,10302.0775,import
2026-03-31 06:00:00,10464.58,import
2026-03-31 06:15:00,11371.6725,import
2026-03-31 06:30:00,12278.765,import
2026-03-31 06:45:00,13185.8575,import
2026-03-31 07:00:00,14092.95,import
2026-03-31 07:15:00,14625.805,import
2026-03-31 07:30:00,15158.66,import
2026-03-31 07:45:00,15691.515,import
2026-03-31 08:00:00,16224.37,import
2026-03-31 08:15:00,16384.3175,import
2026-03-31 08:30:00,16544.265,import
2026-03-31 08:45:00,16704.2125,import
2026-03-31 09:00:00,16864.16,import
2026-03-31 09:15:00,16896.0775,import
2026-03-31 09:30:00,16927.995000000003,import
2026-03-31 09:45:00,16959.912500000002,import
2026-03-31 10:00:00,16991.83,import
2026-03-31 10:15:00,17040.325,import
2026-03-31 10:30:00,17088.82,import
2026-03-31 10:45:00,17137.315000000002,import
2026-03-31 11:00:00,17185.81,import
2026-03-31 11:15:00,16692.845,import
2026-03-31 11:30:00,16199.88,import
2026-03-31 11:45:00,15706.915,import
2026-03-31 12:00:00,15213.95,import
2026-03-31 12:15:00,15333.245,import
2026-03-31 12:30:00,15452.54,import
2026-03-31 12:45:00,15571.835,import
2026-03-31 13:00:00,15691.13,import
2026-03-31 13:15:00,15601.55,import
2026-03-31 13:30:00,15511.97,import
2026-03-31 13:45:00,15422.39,import
2026-03-31 14:00:00,15332.81,import
2026-03-31 14:15:00,15356.6925,import
2026-03-31 14:30:00,15380.575,import
2026-03-31 14:45:00,15404.4575,import
2026-03-31 15:00:00,15428.34,import
2026-03-31 15:15:00,15167.645,import
2026-03-31 15:30:00,14906.95,import
2026-03-31 15:45:00,14646.255,import
2026-03-31 16:00:00,14385.56,import
2026-03-31 16:15:00,14386.405,import
2026-03-31 16:30:00,14387.25,import
2026-03-31 16:45:00,14388.095,import
2026-03-31 17:00:00,14388.94,import
2026-03-31 17:15:00,14138.77,import
2026-03-31 17:30:00,13888.6,import
2026-03-31 17:45:00,13638.43,import
2026-03-31 18:00:00,13388.26,import
2026-03-31 18:15:00,13256.84,import
2026-03-31 18:30:00,13125.42,import
2026-03-31 18:45:00,12994.0,import
2026-03-31 19:00:00,12862.58,import
2026-03-31 19:15:00,12584.0775,import
2026-03-31 19:30:00,12305.575,import
2026-03-31 19:45:00,12027.0725,import
2026-03-31 20:00:00,11748.57,import
2026-03-31 20:15:00,11491.7575,import
2026-03-31 20:30:00,11234.945,import
2026-03-31 20:45:00,10978.1325,import
2026-03-31 21:00:00,10721.32,import
2026-03-31 21:15:00,10559.7025,import
2026-03-31 21:30:00,10398.085,import
2026-03-31 21:45:00,10236.4675,import
2026-03-31 22:00:00,10074.85,import
2026-03-31 22:15:00,10240.91,import
2026-03-31 22:30:00,10406.97,import
2026-03-31 22:45:00,10573.03,import
2026-03-31 23:00:00,10739.09,import
2026-06-10 21:15:00,12474.0,api
2026-06-10 21:30:00,12499.0,api
2026-06-10 21:45:00,12506.0,api
2026-06-10 22:00:00,12666.0,api
2026-06-10 22:15:00,12773.0,api
2026-06-10 22:30:00,12929.0,api
2026-06-10 22:45:00,12933.0,api
2026-06-10 23:00:00,12934.0,api
2026-06-10 23:15:00,12890.0,api
2026-06-10 23:30:00,12891.0,api
2026-06-10 23:45:00,12956.0,api
2026-06-11 00:00:00,12755.0,api
2026-06-11 00:15:00,12774.0,api
2026-06-11 00:30:00,12744.0,api
2026-06-11 09:45:00,12791.0,api
2026-06-11 10:00:00,12663.0,api
2026-06-11 10:15:00,12600.0,api
2026-06-11 10:30:00,12526.0,api
2026-06-11 10:45:00,12379.0,api
2026-06-11 11:00:00,12393.0,api
2026-06-11 11:30:00,12641.0,api
2026-06-11 11:45:00,12584.0,api
2026-06-11 12:00:00,12553.0,api
2026-06-11 12:15:00,12814.0,api
2026-06-11 12:30:00,12761.0,api
2026-06-11 12:45:00,12887.0,api
2026-06-11 13:15:00,12943.0,api
2026-06-11 13:30:00,12914.0,api
2026-06-11 13:45:00,13149.0,api
2026-06-11 14:00:00,13204.0,api
2026-06-11 14:15:00,13307.0,api
2026-06-11 14:30:00,13506.0,api
2026-06-11 14:45:00,13280.0,api
2026-06-11 15:00:00,13275.0,api
2026-06-11 15:15:00,13044.0,api
2026-06-11 15:30:00,13089.0,api
2026-06-16 15:45:00,12071.0,api
2026-06-16 16:00:00,12241.0,api
2026-06-16 16:15:00,11989.0,api
2026-06-16 16:30:00,11888.0,api
2026-06-16 16:45:00,12017.0,api
2026-06-16 17:00:00,12028.0,api
2026-06-16 17:15:00,12020.0,api
2026-06-17 15:30:00,12181.0,api
2026-06-17 15:45:00,12132.0,api
2026-06-17 16:00:00,12094.0,api
2026-06-17 16:15:00,12091.0,api
2026-06-17 16:30:00,11971.0,api
2026-06-17 16:45:00,11921.0,api
2026-06-17 17:00:00,11957.0,api
2026-06-17 20:45:00,11843.0,api
2026-06-17 21:00:00,11787.0,api
2026-06-17 21:15:00,11873.0,api
2026-06-17 21:30:00,12013.0,api
2026-06-17 21:45:00,12028.0,api
2026-06-17 22:00:00,12095.0,api
2026-06-17 22:15:00,12244.0,api
2026-06-17 22:30:00,12495.0,api
2026-06-17 22:45:00,12511.0,api
2026-06-17 23:00:00,12542.0,api
2026-06-17 23:15:00,12670.0,api
2026-06-17 23:30:00,12660.0,api
2026-06-18 00:00:00,12528.0,api
2026-06-18 00:15:00,12462.0,api
2026-06-18 00:30:00,12275.0,api
2026-06-18 00:45:00,12304.0,api
2026-06-18 01:00:00,12246.0,api
2026-06-18 01:15:00,12166.0,api
2026-06-18 01:30:00,12118.0,api
2026-06-18 10:00:00,12179.0,api
2026-06-18 10:15:00,12089.0,api
2026-06-18 10:30:00,12051.0,api
2026-06-18 10:45:00,12004.0,api
2026-06-18 11:00:00,11932.0,api
2026-06-18 11:15:00,11891.0,api
2026-06-18 11:30:00,11919.0,api
2026-06-18 11:45:00,11914.0,api
2026-06-18 12:00:00,11852.0,api
2026-06-18 12:15:00,11864.0,api
2026-06-18 12:30:00,11765.0,api
2026-06-18 12:45:00,11870.0,api
2026-06-18 13:30:00,11851.0,api
2026-06-18 13:45:00,12058.0,api
2026-06-18 14:00:00,11960.0,api
2026-06-18 14:15:00,12053.0,api
2026-06-18 14:30:00,12284.0,api
2026-06-22 09:45:00,12796.0,api
2026-06-22 10:00:00,12751.0,api
2026-06-22 10:15:00,12742.0,api
2026-06-22 10:30:00,12773.0,api
2026-06-22 10:45:00,12630.0,api
2026-06-22 11:00:00,12759.0,api
2026-06-23 22:30:00,11798.0,api
2026-06-23 22:45:00,11848.0,api
2026-06-24 10:00:00,11666.0,api
2026-06-24 10:15:00,11560.0,api
2026-06-24 10:30:00,11415.0,api
2026-06-24 10:45:00,11331.0,api
2026-06-24 11:00:00,11278.0,api
2026-06-24 11:15:00,11314.0,api
2026-06-24 11:30:00,11282.0,api
2026-06-24 11:45:00,11246.0,api
2026-06-24 12:00:00,11100.0,api
2026-06-24 12:15:00,11053.0,api
2026-06-24 12:30:00,11122.0,api
2026-06-24 12:45:00,11083.0,api
2026-06-24 13:00:00,11086.0,api
2026-06-24 13:15:00,11219.0,api
2026-06-24 14:15:00,11267.0,api
2026-06-24 14:30:00,11419.0,api
2026-06-24 14:45:00,11426.0,api
2026-06-30 11:45:00,10377.0,api
2026-06-30 12:15:00,10227.0,api
2026-06-30 12:30:00,10271.0,api
2026-06-30 12:45:00,10271.0,api
2026-06-30 13:00:00,10293.0,api
2026-06-30 13:15:00,10281.0,api
2026-06-30 13:45:00,10275.0,api
2026-06-30 14:00:00,10275.0,api
2026-07-02 12:00:00,9703.0,api
2026-07-07 18:15:00,10423.0,api
2026-07-07 18:30:00,10493.0,api
2026-07-07 18:30:00+05:30,10493.0,api
