tree
version=v4
num_class=1
num_tree_per_iteration=1
label_index=0
max_feature_idx=8
objective=regression
feature_names=temp_weighted month holiday is_weekend hour minute y_lag_24h y_lag_7d y_lag_1
feature_infos=[2.1646000000000001:47.791800000000002] [1:12] [0:1] [0:1] [0:23] [0:45] [7656.8999999999996:31287.75] [7656.8999999999996:31287.75] [7656.8999999999996:31287.75]
tree_sizes=2806 2841 2823 2843 2827 2836 2836 2830 2830 2833 2846 2836 2840 2832 2835 2809 2824 2836 2830 2808 2827 2821 2830 2834 2832 2846 2824 2826 2817 2843 2821 2834 2831 2826 2839 2831 2823 2834 2829 2817 2850 2844 2838 2828 2819 2848 2833 2845 2816 2848 2828 2816 2823 2838 2819 2833 2827 2836 2817 2825 2841 2836 2829 2814 2800 2814 2829 2824 2817 2817 2812 2803 2848 2823 2847 2820 2849 2822 2818 2805 2830 2805 2812 2781 2799 2821 2804 2785 2820 2835 2745 2771 2786 2813 2815 2788 2813 2800 2747 2797 2834 2766 2791 2741 2760 2766 2730 2744 2675 2781 2812 2727 2760 2713 2732 2677 2772 2679 2771 2803 2753 2651 2753 2783 2683 2756 2828 2780 2758 2760 2676 2725 2683 2710 2741 2606 2659 2635 2651 2593 2615 2639 2791 2786 2745 2769 2696 2726 2747 2790 2599 2633 2747 2623 2668 2704 2760 2683 2743 2691 2761 2722 2656 2686 2625 2559 2679 2689 2674 2667 2630 2565 2612 2586 2559 2633 2694 2643 2695 2662 2613 2605 2570 2638 2640 2612 2699 2578 2592 2571 2679 2653 2640 2662 2617 2627 2596 2667 2579 2634 2683 2579 2648 2636 2577 2630 2655 2607 2583 2583 2640 2710 2651 2610 2648 2727 2607 2598 2630 2611 2652 2617 2627 2640 2617 2613 2645 2606 2566 2563 2717

Tree=0
num_leaves=30
num_cat=0
split_feature=8 8 8 8 8 8 8 8 8 8 8 8 8 8 8 8 8 8 8 8 8 8 8 8 8 8 8 8 8
split_gain=1.08394e+12 1.77898e+11 1.4271e+11 2.36482e+10 2.32819e+10 1.93506e+10 1.77619e+10 3.52639e+09 3.33228e+09 3.10156e+09 3.07463e+09 2.70146e+09 2.41825e+09 2.41172e+09 2.10356e+09 6.47528e+08 5.39936e+08 5.16446e+08 4.62559e+08 4.37867e+08 3.89599e+08 3.8245e+08 3.77153e+08 3.71368e+08 3.39551e+08 3.32528e+08 3.22803e+08 2.90174e+08 2.70763e+08
threshold=19502.68375 15053.492500000002 24084.250000000004 12657.095000000003 17255.706250000003 26666.660000000003 21652.105000000003 13947.255000000003 11322.365000000002 18361.286250000005 16126.775000000003 28180.290000000005 22827.505000000001 25404.773750000004 20552.690000000006 9860.7500000000018 13384.747500000003 12019.710000000001 29041.750000000004 16714.820000000003 17819.298750000005 18888.973750000001 27493.246250000004 24805.592500000002 14490.441250000002 15601.587500000001 23482.205000000005 22214.358750000003 25979.655000000002
decision_type=2 2 2 2 2 2 2 2 2 2 2 2 2 2 2 2 2 2 2 2 2 2 2 2 2 2 2 2 2
left_child=1 3 6 8 10 13 14 16 15 20 25 22 27 23 -2 -1 -5 -10 -13 -12 -6 -11 -7 -4 -9 -3 -14 -8 -15
right_child=2 4 5 7 9 11 12 24 17 21 19 18 26 28 -16 -17 -18 -19 -20 -21 -22 -23 -24 -25 -26 -27 -28 -29 -30
leaf_value=17803.894760542484 18639.752117940316 18281.442780360707 18978.598756567026 18104.764870958974 18449.453709432993 19182.318843862413 18787.757834393091 18196.087011702049 18002.440550567819 18532.909498733261 18364.194876096826 19298.331477973174 18880.76372139229 19075.387430764105 18723.627726601015 17933.278106847385 18153.461707925439 18052.367915276598 19375.562930302196 18406.963989812182 18491.864625951945 18577.128538463152 19240.068517008403 19031.335888674308 18237.675586130765 18321.460861631211 18929.807223543605 18832.651861675269 19124.478746955188
leaf_weight=252 3673 2444 1700 2955 2708 1471 1686 2189 2445 2192 2959 1226 1704 1218 3406 2464 2471 2453 732 2711 2428 2446 1225 1473 2469 2465 1484 1718 1460
leaf_count=252 3673 2444 1700 2955 2708 1471 1686 2189 2445 2192 2959 1226 1704 1218 3406 2464 2471 2453 732 2711 2428 2446 1225 1473 2469 2465 1484 1718 1460
internal_value=18525.9 18270.1 18928.4 18091.8 18425.1 19141.5 18764.7 18169.1 17989.6 18510.7 18346.1 19258.5 18855.5 19048.4 18680.1 17921.3 18126.9 18027.4 19327.2 18384.6 18469.5 18556.2 19208.6 19003.1 18218.1 18301.5 18903.6 18810.4 19102.2
internal_weight=62227 38051 24176 17698 20353 10505 13671 10084 7614 9774 10579 4654 6592 5851 7079 2716 5426 4898 1958 5670 5136 4638 2696 3173 4658 4909 3188 3404 2678
internal_count=62227 38051 24176 17698 20353 10505 13671 10084 7614 9774 10579 4654 6592 5851 7079 2716 5426 4898 1958 5670 5136 4638 2696 3173 4658 4909 3188 3404 2678
is_linear=0
shrinkage=1


Tree=1
num_leaves=30
num_cat=0
split_feature=8 8 8 8 8 8 8 8 8 8 8 8 8 8 8 8 8 8 8 8 8 8 8 8 8 8 8 8 8
split_gain=9.23754e+11 1.4631e+11 1.27189e+11 1.96964e+10 1.87856e+10 1.741e+10 1.56467e+10 2.81553e+09 2.66313e+09 2.6591e+09 2.60199e+09 2.30923e+09 2.30509e+09 2.2553e+09 1.70028e+09 5.21733e+08 4.54824e+08 4.18677e+08 4.14113e+08 4.13642e+08 3.61954e+08 3.32406e+08 3.23681e+08 3.12967e+08 3.08919e+08 2.95506e+08 2.74024e+08 2.53532e+08 2.32906e+08
threshold=19376.590000000007 14945.055000000002 23983.897500000003 17153.420000000002 12600.565000000001 26666.660000000003 21491.540000000005 13730.076250000002 15972.445000000002 11225.611250000002 18195.390000000003 28339.945000000003 25300.822500000006 22648.181250000005 20402.475000000002 10263.900000000001 11901.013750000002 27620.572500000006 16468.005000000001 14308.921250000001 18764.275000000005 29285.471250000006 13139.850000000002 23288.560000000001 24601.750000000004 25979.655000000002 17716.900000000005 15448.038750000002 22062.135000000006
decision_type=2 2 2 2 2 2 2 2 2 2 2 2 2 2 2 2 2 2 2 2 2 2 2 2 2 2 2 2 2
left_child=1 4 6 8 9 12 14 22 27 15 26 17 24 28 -2 -1 -11 -7 -10 -9 -12 -13 -6 -15 -4 -14 -5 -3 -8
right_child=2 3 5 10 7 11 13 19 18 16 20 21 25 23 -16 -17 -18 -19 -20 -21 -22 -23 -24 -25 -26 -27 -28 -29 -30
leaf_value=-633.54712338348168 95.143330459209523 -235.72201181392819 407.36811676301772 -78.005200211442798 -400.06545504324595 610.2720141681018 230.3780361551278 -319.36349507713186 -163.30252106019628 -491.07886328174351 -3.4384076082340793 725.68274362374143 503.46343855302177 315.36970778397404 170.66351365532211 -545.28603419264743 -443.98271082763654 669.13892068588166 -121.96943383024912 -275.7496085884934 38.406701492320281 800.75132925327603 -359.6013618255563 361.79564369565253 455.46810064098099 552.39348864827468 -41.488577794144668 -199.83709963507846 270.54400608031381
leaf_weight=495 3647 2213 1464 2713 2218 1718 1702 2443 2450 2201 2433 1227 1458 1703 3409 1976 2697 1222 3450 2712 2454 487 2469 1730 1712 1460 2199 2454 1711
leaf_count=495 3647 2213 1464 2713 2218 1718 1702 2443 2450 2201 2433 1227 1458 1703 3409 1976 2697 1222 3450 2712 2454 487 2469 1730 1712 1460 2199 2454 1711
internal_value=-0.201851 -240.108 365.516 -100.654 -405.126 564.124 211.967 -335.627 -173.459 -497.948 -22.1428 676.088 478.617 294.769 131.63 -562.967 -465.146 634.74 -139.133 -296.419 17.5741 747.012 -378.75 338.765 433.296 527.945 -61.6575 -216.853 250.514
internal_weight=62227 37577 24650 20366 17211 10748 13902 9842 10567 7369 9799 4654 6094 6846 7056 2471 4898 2940 5900 5155 4887 1714 4687 3433 3176 2918 4912 4667 3413
internal_count=62227 37577 24650 20366 17211 10748 13902 9842 10567 7369 9799 4654 6094 6846 7056 2471 4898 2940 5900 5155 4887 1714 4687 3433 3176 2918 4912 4667 3413
is_linear=0
shrinkage=0.0768785


Tree=2
num_leaves=30
num_cat=0
split_feature=8 8 8 8 8 8 8 8 8 8 8 8 8 8 8 8 8 8 8 8 8 8 8 8 8 8 8 8 8
split_gain=7.87489e+11 1.33993e+11 9.86698e+10 1.78577e+10 1.77184e+10 1.33108e+10 1.24425e+10 2.96624e+09 2.36491e+09 2.27255e+09 2.20332e+09 1.82201e+09 1.73552e+09 1.73315e+09 1.45713e+09 5.99979e+08 4.29354e+08 3.67885e+08 3.26537e+08 2.95779e+08 2.95757e+08 2.77023e+08 2.62345e+08 2.56503e+08 2.44966e+08 2.40347e+08 2.3054e+08 2.28299e+08 2.05943e+08
threshold=19627.572500000006 15116.973750000001 24177.365000000002 12841.460000000001 17357.357500000002 26799.525000000005 21888.522500000003 11485.243750000001 16328.451250000002 18542.863750000004 14006.300000000001 25520.236250000005 28339.945000000003 20787.597500000003 23099.520000000004 10620.635 12269.812500000002 15813.190000000002 17971.975000000002 13504.6 29644.963750000006 27620.572500000006 24916.125000000004 14656.537500000002 19074.147500000003 16904.042500000007 20190.138750000002 22467.250000000004 9860.7500000000018
decision_type=2 2 2 2 2 2 2 2 2 2 2 2 2 2 2 2 2 2 2 2 2 2 2 2 2 2 2 2 2
left_child=1 3 6 7 8 11 13 15 17 18 19 22 21 26 27 28 -9 -3 -6 -5 -14 -7 -4 -12 -11 -10 -2 -8 -1
right_child=2 4 5 10 9 12 14 16 25 24 23 -13 20 -15 -16 -17 -18 -19 -20 -21 -22 -23 -24 -25 -26 -27 -28 -29 -30
leaf_value=-617.95985914693722 89.993159066785822 -200.12122341626196 392.3072893783218 -349.28753784567186 -56.481429434240312 568.1851254554108 239.02341046825953 -433.38515685709064 -125.3476062458876 16.99975398960861 -274.05223443429469 498.83522066627052 676.66543041607315 183.94580284900792 334.41542108743113 -486.03251096622131 -388.48665418590531 -160.48676132290544 -18.437471319739419 -311.44328843090437 768.53420362378677 617.69650030923435 436.68398311551215 -237.53067373724372 53.275383882308653 -91.870617567536812 127.34396748856915 278.82509363733607 -537.49276009952644
leaf_weight=252 1938 3202 1709 2728 2949 1473 1706 2923 2965 2193 2696 2684 1473 3389 2712 2223 2211 2438 2434 2209 241 1222 1460 1965 2208 2214 1969 1701 740
leaf_count=252 1938 3202 1709 2728 2949 1473 1706 2923 2965 2193 2696 2684 1473 3389 2712 2223 2211 2438 2434 2209 241 1222 1460 1965 2208 2214 1969 1701 740
internal_value=-0.186339 -214.519 348.782 -368.088 -80.7475 528.22 211.519 -450.311 -148.545 -5.7776 -296.565 452.227 629.101 143.714 292.366 -508.218 -414.049 -182.988 -39.2793 -332.355 689.583 590.635 412.752 -258.655 35.1994 -111.036 108.817 258.895 -557.934
internal_weight=62227 38550 23677 17947 20603 10262 13415 8349 10819 9784 9598 5853 4409 7296 6119 3215 5134 5640 5383 4937 1714 2695 3169 4661 4401 5179 3907 3407 992
internal_count=62227 38550 23677 17947 20603 10262 13415 8349 10819 9784 9598 5853 4409 7296 6119 3215 5134 5640 5383 4937 1714 2695 3169 4661 4401 5179 3907 3407 992
is_linear=0
shrinkage=0.0768785


Tree=3
num_leaves=30
num_cat=0
split_feature=8 8 8 8 8 8 8 8 8 8 8 8 8 8 8 8 8 8 8 8 8 8 8 8 8 8 8 8 8
split_gain=6.71074e+11 1.12152e+11 8.61526e+10 1.52213e+10 1.45141e+10 1.19912e+10 1.04774e+10 2.37874e+09 2.03211e+09 2.01771e+09 1.79151e+09 1.68317e+09 1.49725e+09 1.46091e+09 1.21286e+09 5.12188e+08 3.19037e+08 3.11339e+08 2.82477e+08 2.79807e+08 2.7576e+08 2.55923e+08 2.52229e+08 2.51715e+08 2.41067e+08 2.07624e+08 2.03338e+08 1.79774e+08 1.74675e+08
threshold=19564.905000000002 15116.973750000001 24084.250000000004 12782.242500000002 17357.357500000002 26666.660000000003 21813.190000000006 11485.243750000001 13947.255000000003 16279.990000000002 18361.286250000005 28180.290000000005 25520.236250000005 20707.396250000002 22908.985000000004 10460.125000000002 12205.312500000002 29041.750000000004 24805.592500000002 15707.040000000003 19004.275000000005 14603.223750000003 13384.747500000003 27354.762500000004 16762.462500000005 19973.042500000003 21170.157500000005 17871.931250000005 23482.205000000005
decision_type=2 2 2 2 2 2 2 2 2 2 2 2 2 2 2 2 2 2 2 2 2 2 2 2 2 2 2 2 2
left_child=1 3 6 7 9 12 13 15 22 19 27 23 18 25 -8 -1 -9 -13 -4 -3 -12 -10 -5 -7 -11 -2 -15 -6 -16
right_child=2 4 5 8 10 11 14 16 21 24 20 17 -14 26 28 -17 -18 -19 -20 -21 -22 -23 -24 -25 -26 -27 -28 -29 -30
leaf_value=-524.97085398589945 73.023970959723002 -187.91365917512536 355.8449341484307 -327.7929586043204 -55.48920078959619 511.20883570730172 231.44368554149861 -401.84410721735753 -256.41196634089363 -121.67553201724482 8.8541460920807253 606.83758652816732 456.92137316309993 143.33213525258381 281.15618477521201 -452.27991750388856 -362.40269063245717 670.19935047522085 400.08587327666521 -152.88768192197273 45.529228376344754 -221.13080397116192 -293.01804338142944 558.37475161827172 -89.15211121070233 109.68287397330035 181.2675625962728 -25.195495066987519 318.5906500624742
leaf_weight=746 1456 2701 1700 2460 2459 1229 3160 2683 2692 2483 2681 1226 2439 1468 1463 2469 2211 732 1712 2691 2211 2215 2471 1467 2944 2449 1937 2188 1484
leaf_count=746 1456 2701 1700 2460 2459 1229 3160 2683 2692 2483 2681 1226 2439 1468 1463 2469 2211 732 1712 2691 2211 2215 2471 1467 2944 2449 1937 2188 1484
internal_value=-0.172011 -199.685 319.298 -339.79 -76.1731 484.178 190.202 -417.774 -275.512 -137.125 -7.04189 576.274 410.924 128.107 264.53 -469.147 -384.025 630.525 378.043 -170.433 25.4299 -240.486 -310.367 536.874 -104.032 96.0144 164.912 -41.2257 300.007
internal_weight=62227 38305 23922 17947 20358 10505 13417 8109 9838 10819 9539 4654 5851 7310 6107 3215 4894 1958 3412 5392 4892 4907 4931 2696 5427 3905 3405 4647 2947
internal_count=62227 38305 23922 17947 20358 10505 13417 8109 9838 10819 9539 4654 5851 7310 6107 3215 4894 1958 3412 5392 4892 4907 4931 2696 5427 3905 3405 4647 2947
is_linear=0
shrinkage=0.0768785


Tree=4
num_leaves=30
num_cat=0
split_feature=8 8 8 8 8 8 8 8 8 8 8 8 8 8 8 8 8 8 8 8 8 8 8 8 8 8 8 8 8
split_gain=5.71918e+11 9.91032e+10 6.99682e+10 1.38917e+10 1.24611e+10 9.16146e+09 9.13627e+09 2.15773e+09 1.85854e+09 1.70592e+09 1.55546e+09 1.34897e+09 1.29148e+09 1.12976e+09 1.07031e+09 4.94002e+08 2.7297e+08 2.47014e+08 2.25623e+08 2.12546e+08 2.05781e+08 2.05122e+08 2.01207e+08 1.95121e+08 1.88288e+08 1.82735e+08 1.74586e+08 1.74495e+08 1.66827e+08
threshold=19702.692500000001 15229.051250000002 24274.868750000005 12841.460000000001 17461.102500000005 26934.638750000002 21970.117500000004 11564.012500000003 14067.496250000002 16374.842500000001 18594.967500000002 25638.945000000003 20936.895000000004 28494.911250000005 23099.520000000004 10620.635 12335.632500000002 13504.6 15813.190000000002 18082.552500000005 16904.042500000007 14656.537500000002 27767.716250000005 29644.963750000006 20261.816250000003 24916.125000000004 19135.653750000001 26221.770000000004 9860.7500000000018
decision_type=2 2 2 2 2 2 2 2 2 2 2 2 2 2 2 2 2 2 2 2 2 2 2 2 2 2 2 2 2
left_child=1 3 6 7 9 11 12 15 17 18 19 25 24 22 -8 28 -9 -5 -3 -6 -11 -10 -7 -15 -2 -4 -12 -13 -1
right_child=2 4 5 8 10 13 14 16 21 20 26 27 -14 23 -16 -17 -18 -19 -20 -21 -22 -23 -24 -25 -26 -27 -28 -29 -30
leaf_value=-530.09305567203387 81.16941028748144 -167.00618277610988 337.53241574422361 -297.73244609008253 -42.568789514639079 491.7531397720665 223.12794927590113 -365.77530721549113 -231.51959015267676 -105.3175584883209 17.913108237304705 409.98745749227868 163.89762574825045 582.29770932175165 287.4797308068604 -411.82418368642919 -328.71984671162556 -264.11577401279561 -135.57392805593298 -10.884830917906559 -75.399168966794406 -200.07674004269839 533.96261500784885 657.92652520545028 114.01658045120884 374.56158591995018 48.513015763012746 449.38963802335496 -457.66988975426943
leaf_weight=252 1941 2713 1464 2728 2934 1468 3160 2929 2451 2717 2198 1214 3157 1234 2957 2466 1962 2454 2686 2182 2718 2454 1224 241 2201 1705 2210 1467 740
leaf_count=252 1941 2713 1464 2728 2934 1468 3160 2929 2451 2717 2198 1214 3157 1234 2957 2466 1962 2454 2686 2182 2718 2454 1224 241 2201 1705 2210 1467 740
internal_value=-0.158787 -181.299 299.724 -310.421 -64.367 453.462 184.935 -383.773 -249.707 -120.761 -0.216375 391.411 126.856 540.576 254.236 -430.254 -350.911 -281.813 -151.369 -29.0554 -90.3556 -215.789 510.945 594.655 98.6239 357.455 33.2547 431.548 -476.068
internal_weight=62227 38794 23433 18436 20358 10017 13416 8349 10087 10834 9524 5850 7299 4167 6117 3458 4891 5182 5399 5116 5435 4905 2692 1475 4142 3169 4408 2681 992
internal_count=62227 38794 23433 18436 20358 10017 13416 8349 10087 10834 9524 5850 7299 4167 6117 3458 4891 5182 5399 5116 5435 4905 2692 1475 4142 3169 4408 2681 992
is_linear=0
shrinkage=0.0768785


Tree=5
num_leaves=30
num_cat=0
split_feature=8 8 8 8 8 8 8 8 8 8 8 8 8 8 8 8 8 8 6 8 8 8 8 6 4 8 8 8 4
split_gain=4.85968e+11 8.10596e+10 6.27454e+10 1.0906e+10 1.06383e+10 9.69533e+09 6.61887e+09 1.64485e+09 1.54002e+09 1.48576e+09 1.46156e+09 1.39411e+09 1.14512e+09 1.00222e+09 5.77098e+08 3.63793e+08 2.79005e+08 2.65928e+08 2.31768e+08 2.18998e+08 2.17344e+08 2.00963e+08 1.78162e+08 1.67273e+08 1.64294e+08 1.52984e+08 1.45537e+08 1.19779e+08 1.10006e+08
threshold=19564.905000000002 15053.492500000002 23887.166250000002 17255.706250000003 12720.500000000002 26436.195000000003 21411.000000000004 11134.210000000001 28032.125000000004 13834.330000000002 18306.550000000003 16126.775000000003 22561.093750000004 25103.500000000004 20479.473750000001 11965.860000000002 28840.893750000003 9860.7500000000018 14305.642500000002 27210.481250000004 18888.973750000001 16666.955000000002 13199.117500000002 15597.346250000001 17.500000000000004 25746.716250000001 17763.558750000004 24479.750000000004 17.500000000000004
decision_type=2 2 2 2 2 2 2 2 2 2 2 2 2 2 2 2 2 2 2 2 2 2 2 2 2 2 2 2 2
left_child=1 4 6 11 7 13 14 17 19 22 26 23 28 27 -2 -9 -10 -1 -11 -7 -12 -13 -6 -3 -14 -15 -5 -4 -8
right_child=2 3 5 10 9 8 12 15 16 18 20 21 24 25 -16 -17 -18 -19 -20 -21 -22 -23 -24 -25 -26 -27 -28 -29 -30
leaf_value=-488.44602596684797 76.161448739045895 -165.02209142287384 292.10684669094519 -52.278409200316567 -286.8346292816932 426.49934816047579 170.60279191130272 -356.15414307714525 508.22502767877552 -227.44149683513078 3.2026664710910491 -110.1159591741701 230.71840083876029 353.77346982718262 123.51378492194 -316.95510058784635 563.238784388265 -404.29464289020467 -194.49801474309297 468.59332309465913 34.900866807632987 -81.095549900223787 -256.29734238465426 -136.58839085706367 269.26815504516088 388.9438436027238 -25.747115254693821 323.13688271624693 203.80245215174844
leaf_weight=250 3173 2474 1464 2436 1944 1468 2697 2676 1235 2258 2443 2693 2505 1471 2922 2933 975 1978 2862 1454 2682 2961 2694 2418 884 1453 2452 1477 755
leaf_count=250 3173 2474 1464 2436 1944 1468 2697 2676 1235 2258 2443 2693 2505 1471 2922 2933 975 1978 2862 1454 2682 2961 2694 2418 884 1453 2452 1477 755
internal_value=0.325264 -170.023 271.894 -66.3581 -291.15 406.902 157.123 -357.854 484.071 -237.578 -8.89383 -120.918 209.029 339.378 98.8626 -335.657 532.496 -413.737 -209.027 447.445 19.7909 -94.918 -269.097 -150.968 240.774 371.25 -38.9693 307.69 177.864
internal_weight=62087 38154 23933 20559 17595 10997 12936 7837 5132 9758 10013 10546 6841 5865 6095 5609 2210 2228 5120 2922 5125 5654 4638 4892 3389 2924 4888 2941 3452
internal_count=62087 38154 23933 20559 17595 10997 12936 7837 5132 9758 10013 10546 6841 5865 6095 5609 2210 2228 5120 2922 5125 5654 4638 4892 3389 2924 4888 2941 3452
is_linear=0
shrinkage=0.0768785


Tree=6
num_leaves=30
num_cat=0
split_feature=8 8 8 8 8 8 8 8 8 8 8 8 8 8 8 8 8 8 8 8 8 8 8 8 8 6 8 8 8
split_gain=4.14204e+11 7.162e+10 5.08382e+10 1.00737e+10 9.04115e+09 7.06268e+09 6.17756e+09 1.761e+09 1.31413e+09 1.18171e+09 1.08829e+09 1.02279e+09 8.60245e+08 8.17401e+08 7.91253e+08 4.10249e+08 2.17312e+08 1.88083e+08 1.7643e+08 1.72113e+08 1.70644e+08 1.68552e+08 1.62606e+08 1.39518e+08 1.34993e+08 1.32954e+08 1.28282e+08 1.24912e+08 1.23994e+08
threshold=19702.692500000001 15229.051250000002 24177.365000000002 12958.413750000002 17511.180000000004 26934.638750000002 21888.522500000003 11631.030000000001 16374.842500000001 14192.336250000002 25638.945000000003 18594.967500000002 20936.895000000004 28658.991250000003 23191.250000000004 10732.750000000002 12335.632500000002 27898.500000000004 15813.190000000002 16956.198750000003 13615.167500000001 24805.592500000002 22467.250000000004 20190.138750000002 9860.7500000000018 14653.206250000001 18082.552500000005 26221.770000000004 29644.963750000006
decision_type=2 2 2 2 2 2 2 2 2 2 2 2 2 2 2 2 2 2 2 2 2 2 2 2 2 2 2 2 2
left_child=1 3 6 7 8 10 12 15 18 20 21 26 23 17 22 24 -9 -7 -3 -10 -5 -4 -8 -2 -1 -11 -6 -12 -15
right_child=2 4 5 9 11 13 14 16 19 25 27 -13 -14 28 -16 -17 -18 -19 -20 -21 -22 -23 -24 -25 -26 -27 -28 -29 -30
leaf_value=-450.89504111011951 67.011924046318725 -143.04516992942146 282.73415571649815 -248.17774835395733 -34.523883705259948 422.24050818545584 172.41919590173578 -309.79454927702892 -88.89059920004037 -194.31719955389809 349.53097814685412 27.932206673387888 138.31629392859301 501.61627335266451 246.28215389776952 -346.13423418394638 -278.07141716271713 461.7111202761813 -115.22441463681264 -62.02296794468802 -220.11062207376008 317.07797323633184 204.84315314155489 95.683859219638748 -387.6708606878824 -167.5288814478906 -9.5372286959829449 382.94321508602161 563.74699301069131
leaf_weight=250 1696 2702 1479 2690 2678 1707 1724 2682 2962 2119 1213 4380 2941 988 2414 2446 2435 1226 2687 2688 2443 1969 1946 2455 990 2266 2222 1454 235
leaf_count=250 1696 2702 1479 2690 2678 1707 1724 2682 2962 2119 1213 4380 2941 988 2414 2446 2435 1226 2687 2688 2443 1969 1946 2455 990 2266 2222 1454 235
internal_value=0.300258 -154.381 255.21 -264.606 -54.9944 383.426 155.263 -323.882 -102.014 -209.782 330.87 0.93711 106.507 460.755 212.097 -364.396 -294.699 438.739 -129.174 -76.1083 -234.819 302.346 189.612 83.9692 -400.418 -180.474 -23.1932 367.747 513.555
internal_weight=62087 38640 23447 18321 20319 10271 13176 8803 11039 9518 6115 9280 7092 4156 6084 3686 5117 2933 5389 5650 5133 3448 3670 4151 1240 4385 4900 2667 1223
internal_count=62087 38640 23447 18321 20319 10271 13176 8803 11039 9518 6115 9280 7092 4156 6084 3686 5117 2933 5389 5650 5133 3448 3670 4151 1240 4385 4900 2667 1223
is_linear=0
shrinkage=0.0768785


Tree=7
num_leaves=30
num_cat=0
split_feature=8 8 8 8 8 8 8 8 8 8 8 8 8 8 8 8 8 6 8 6 4 8 8 6 8 6 8 4 4
split_gain=3.53082e+11 5.69493e+10 4.77882e+10 8.38286e+09 7.04369e+09 6.69435e+09 5.33386e+09 1.10569e+09 1.09884e+09 1.02196e+09 9.97699e+08 9.73636e+08 8.95312e+08 8.33491e+08 4.46821e+08 2.18134e+08 2.11715e+08 1.70469e+08 1.69488e+08 1.56071e+08 1.50208e+08 1.48667e+08 1.45081e+08 1.4172e+08 1.38631e+08 1.36815e+08 1.29943e+08 1.11897e+08 1.01378e+08
threshold=19439.430000000004 14833.780000000002 23887.166250000002 17108.081250000003 26559.025000000005 12535.187500000002 21326.125000000004 18250.978750000006 15972.445000000002 11029.932500000001 28032.125000000004 13674.320000000002 22467.250000000004 25103.500000000004 20261.816250000003 29285.471250000006 11833.375000000002 14187.902500000002 9860.7500000000018 15387.295 17.500000000000004 25863.250000000004 17613.028750000005 16665.056250000005 18888.973750000001 13318.178750000001 27210.481250000004 17.500000000000004 6.5000000000000009
decision_type=2 2 2 2 2 2 2 2 2 2 2 2 2 2 2 2 2 2 2 2 2 2 2 2 2 2 2 2 2
left_child=1 5 6 8 13 9 14 22 19 18 26 25 28 27 -2 -12 -11 -13 -1 -3 -14 -15 -5 -10 -9 -7 -6 -4 -8
right_child=2 3 4 7 10 11 12 24 23 16 15 17 20 21 -16 -17 -18 -19 -20 -21 -22 -23 -24 -25 -26 -27 -28 -29 -30
leaf_value=-416.23090432501067 57.19312492732486 -149.7289006291104 251.2389402112654 -51.502439094062112 365.61361968288264 -247.71637617396902 126.97482195994631 1.1490889952676639 -97.98674429945153 -308.50173067812517 441.16850185076134 -202.46620540167083 193.8609927237585 303.87318758198353 98.186418053401525 499.83299383923293 -277.19804182689637 -173.71243053407051 -348.51138753329229 -122.94157215802213 229.56621347030219 337.30290837547886 -26.132693890665337 -73.444278134694642 27.164508409441584 -220.85535027870648 399.60854975933682 282.60462690518511 156.51088566504592
leaf_weight=250 2909 2572 1901 2439 1224 2745 946 2686 3169 2426 1732 2351 2695 1719 3418 478 2696 2530 1730 2570 939 1449 2936 2478 2204 1894 1454 1040 2507
leaf_count=250 2909 2572 1901 2439 1224 2745 946 2686 3169 2426 1732 2351 2695 1719 3418 478 2696 2530 1730 2570 939 1449 2936 2478 2204 1894 1454 1040 2507
internal_value=0.277173 -147.294 228.04 -63.3115 346.839 -253.67 130.646 -13.5785 -110.629 -310.157 415.623 -211.531 176.451 291.803 79.3387 453.857 -292.025 -187.562 -357.062 -136.34 203.087 319.163 -37.6447 -87.2171 12.8746 -236.75 384.071 262.331 148.419
internal_weight=62087 37676 24411 21054 10997 16622 13414 10265 10789 7102 4888 9520 7087 6109 6327 2210 5122 4881 1980 5142 3634 3168 5375 5647 4890 4639 2678 2941 3453
internal_count=62087 37676 24411 21054 10997 16622 13414 10265 10789 7102 4888 9520 7087 6109 6327 2210 5122 4881 1980 5142 3634 3168 5375 5647 4890 4639 2678 2941 3453
is_linear=0
shrinkage=0.0768785


Tree=8
num_leaves=30
num_cat=0
split_feature=8 8 8 8 8 8 8 8 8 8 8 8 8 8 8 8 8 6 6 6 8 4 4 8 6 4 8 8 4
split_gain=3.00948e+11 5.29648e+10 3.61034e+10 7.60996e+09 6.54337e+09 5.15166e+09 4.29303e+09 1.35356e+09 8.99157e+08 8.51939e+08 7.99017e+08 7.97267e+08 6.32926e+08 6.27304e+08 5.41275e+08 2.559e+08 2.25433e+08 1.39543e+08 1.23293e+08 1.18104e+08 1.08793e+08 1.0839e+08 1.0773e+08 1.0026e+08 9.88856e+07 9.63047e+07 9.52571e+07 9.35032e+07 8.88578e+07
threshold=19774.942500000001 15286.425000000001 24479.750000000004 13017.477500000003 17511.180000000004 22140.625000000004 27071.300000000003 11403.465000000002 16422.080000000005 14249.790000000003 18654.710000000003 21090.590000000004 23378.875000000004 25863.250000000004 28658.991250000003 12144.025000000001 10263.900000000001 13726.792500000001 15967.705000000002 16899.488750000004 18025.540000000005 7.5000000000000009 17.500000000000004 27898.500000000004 14828.560000000001 17.500000000000004 19194.935000000001 29644.963750000006 17.500000000000004
decision_type=2 2 2 2 2 2 2 2 2 2 2 2 2 2 2 2 2 2 2 2 2 2 2 2 2 2 2 2 2
left_child=1 3 5 7 8 11 13 16 18 17 20 21 22 25 23 -9 -1 -5 -3 -10 -6 -2 -7 -8 -11 -4 -12 -16 -14
right_child=2 4 6 9 10 12 14 15 19 24 26 -13 28 -15 27 -17 -18 -19 -20 -21 -22 -23 -24 -25 -26 -27 -28 -29 -30
leaf_value=-365.25331615803429 54.069232652670244 -118.49375365436501 258.0155959967293 -208.92382034193784 -30.661023000576638 162.44260485925102 363.11644554922594 -271.96426575989437 -74.940134857897675 -162.25098034206218 14.579349436366702 126.25910522771846 210.52834328851034 320.59451735809694 428.02713311083426 -240.20260322420233 -308.11693174939575 -183.41953885655548 -95.120415833906407 -52.2180304916605 -8.2397719745901501 82.546578651590792 194.66655909815765 392.92193331837501 -139.09163198339871 285.34679535327916 37.244366424365992 481.98054247777168 240.66517808767676
leaf_weight=489 1032 2954 1942 2869 2428 2594 1463 2675 2700 2351 2205 3209 1827 2425 988 3411 2468 2272 2432 2708 2703 3368 803 1226 2031 1254 2179 235 846
leaf_count=489 1032 2954 1942 2869 2428 2594 1463 2675 2700 2351 2205 3209 1827 2425 988 3411 2468 2272 2432 2708 2703 3368 803 1226 2031 1254 2179 235 846
internal_value=0.255865 -130.533 219.299 -224.386 -44.735 139.258 334.15 -274.895 -85.7058 -176.423 1.74313 97.1194 192.081 291.111 395.991 -254.163 -317.566 -197.653 -107.94 -63.5623 -18.8496 75.8673 170.06 376.706 -151.517 268.739 25.8446 438.394 220.067
internal_weight=62087 38875 23212 18566 20309 13679 9533 9043 10794 9523 9515 7609 6070 5621 3912 6086 2957 5141 5386 5408 5131 4400 3397 2689 4382 3196 4384 1223 2673
internal_count=62087 38875 23212 18566 20309 13679 9533 9043 10794 9523 9515 7609 6070 5621 3912 6086 2957 5141 5386 5408 5131 4400 3397 2689 4382 3196 4384 1223 2673
is_linear=0
shrinkage=0.0768785


Tree=9
num_leaves=30
num_cat=0
split_feature=8 8 8 8 8 8 8 8 8 8 8 8 8 8 8 8 6 8 6 8 6 8 4 6 8 8 4 4 8
split_gain=2.56454e+11 4.51455e+10 3.07776e+10 6.70157e+09 5.3816e+09 4.13362e+09 3.89099e+09 1.22725e+09 7.64065e+08 7.13673e+08 6.32264e+08 6.13567e+08 5.35196e+08 5.28823e+08 5.22883e+08 3.05044e+08 1.50079e+08 1.38947e+08 1.11887e+08 9.72609e+07 9.64305e+07 9.60313e+07 9.60262e+07 9.58006e+07 8.92383e+07 8.81062e+07 8.63748e+07 8.58811e+07 8.5486e+07
threshold=19774.942500000001 15342.120000000001 24370.871250000004 13080.473750000003 17565.853750000006 22062.135000000006 26934.638750000002 11698.510000000002 16617.238750000004 14249.790000000003 18654.710000000003 21012.822500000006 25638.945000000003 23288.560000000001 28494.911250000005 10844.745000000001 12529.032500000003 15919.200000000003 13831.205000000002 29644.963750000006 18079.366250000003 9860.7500000000018 17.500000000000004 14941.145000000002 27620.572500000006 20402.475000000002 6.5000000000000009 17.500000000000004 26334.418750000004
decision_type=2 2 2 2 2 2 2 2 2 2 2 2 2 2 2 2 2 2 2 2 2 2 2 2 2 2 2 2 2
left_child=1 3 5 7 8 11 12 15 17 18 20 25 -4 22 24 21 -9 -3 -5 -16 -6 -1 -7 -11 -8 -2 -13 -15 -14
right_child=2 4 6 9 10 13 14 16 -10 23 -12 26 28 27 19 -17 -18 -19 -20 -21 -22 -23 -24 -25 -26 -27 -28 -29 -30
leaf_value=-356.15155082363788 58.130901127604055 -108.05030545545796 241.97393653382881 -190.74678038597824 -26.696504997046524 146.58081179222259 327.10950978967657 -240.03114929661473 -53.780334013429318 -148.63761748655739 23.8577508739757 92.02518416927559 276.87252300580195 190.1515959881018 390.93931410488216 -268.4977572223284 -214.12991337197559 -84.736459398681774 -167.04765675753819 444.92660270733484 -5.0803904212401685 -303.89623376799227 177.04969968530119 -126.26506375423101 355.22285338346069 80.55506207796887 120.89813752502735 219.89423081529389 304.50777548624274
leaf_weight=250 2202 2711 2956 2922 2549 2603 1218 3005 4673 2646 4384 825 1451 1839 1227 2441 2361 3413 1972 235 2339 1233 799 1976 1476 1955 2376 834 1216
leaf_count=250 2202 2711 2956 2922 2549 2603 1218 3005 4673 2646 4384 825 1451 1839 1227 2441 2361 3413 1972 235 2339 1233 799 1976 1476 1955 2376 834 1216
internal_value=0.236194 -120.498 202.439 -206.082 -40.3002 126.908 306.194 -252.53 -77.1923 -160.737 2.65962 88.1577 264.503 173.842 362.601 -285.205 -228.635 -95.0571 -181.197 399.617 -16.3528 -312.705 153.737 -139.073 342.512 68.6768 113.457 199.432 289.473
internal_weight=62087 38875 23212 18806 20069 13433 9779 9290 10797 9516 9272 7358 5623 6075 4156 3924 5366 6124 4894 1462 4888 1483 3402 4622 2694 4157 3201 2673 2667
internal_count=62087 38875 23212 18806 20069 13433 9779 9290 10797 9516 9272 7358 5623 6075 4156 3924 5366 6124 4894 1462 4888 1483 3402 4622 2694 4157 3201 2673 2667
is_linear=0
shrinkage=0.0768785


Tree=10
num_leaves=30
num_cat=0
split_feature=8 8 8 8 8 8 8 8 8 8 8 8 8 8 8 8 8 6 8 6 6 4 4 8 4 6 4 4 4
split_gain=2.18054e+11 3.35044e+10 3.18663e+10 4.82117e+09 4.54447e+09 3.98963e+09 3.60316e+09 7.65204e+08 6.50283e+08 6.44905e+08 5.86386e+08 5.62556e+08 4.61529e+08 4.37352e+08 4.22632e+08 1.62907e+08 1.22937e+08 1.13643e+08 1.12076e+08 1.07091e+08 9.81548e+07 8.98097e+07 1.72423e+08 8.76674e+07 8.71121e+07 8.43334e+07 8.15228e+07 7.76079e+07 7.75104e+07
threshold=19251.570000000003 14773.657500000003 23785.500000000004 16956.198750000003 26334.418750000004 12535.187500000002 21411.000000000004 27898.500000000004 11029.932500000001 18138.692500000001 15763.095000000001 13615.167500000001 22648.181250000005 25014.987500000003 20190.138750000002 29041.750000000004 11833.375000000002 16370.747500000001 9860.7500000000018 14305.642500000002 17506.457500000004 19.500000000000004 16.500000000000004 27210.481250000004 7.5000000000000009 13194.290000000003 6.5000000000000009 6.5000000000000009 6.5000000000000009
decision_type=2 2 2 2 2 2 2 2 2 2 2 2 2 2 2 2 2 2 2 2 2 2 2 2 2 2 2 2 2
left_child=1 5 6 10 13 8 14 23 18 20 21 25 27 26 -2 -9 -10 -12 -1 -13 -5 22 -3 -6 -16 -7 -4 -8 -14
right_child=2 3 4 9 7 11 12 15 16 -11 17 19 28 -15 24 -17 -18 -19 -20 -21 -22 -23 -24 -25 -26 -27 -28 -29 -30
leaf_value=-331.06157232158421 40.377220418727468 -113.06632713747109 186.12236546986756 -43.826007108504363 284.58993183631708 -197.03312859622855 102.47087822378057 341.27564912371628 -242.27257671351973 4.8897612770406518 -85.212292771441184 -159.62478345737458 143.44433178529306 245.14020009236302 57.390602578967865 384.93889861456677 -218.48345278501552 -63.881131780858333 -275.04588885468036 -136.7126825905863 -23.548940033607124 -135.84745173432705 -62.837281588827373 311.45767241671274 83.924176547128539 -175.66859532054033 212.8542416485854 127.23212334822313 169.95593240415843
leaf_weight=241 3431 3213 1069 2839 1710 2444 1046 1714 2448 4662 3000 2775 979 2923 973 716 2700 2906 1702 2132 2805 756 462 1237 2944 1974 1826 2627 1950
leaf_count=241 3431 3213 1069 2839 1710 2444 1046 1714 2448 4662 3000 2775 979 2923 973 716 2700 2906 1702 2132 2805 756 462 1237 2944 1974 1826 2627 1950
internal_value=-0.100279 -118.665 174.642 -53.4791 271.252 -200.637 97.1124 322.203 -244.099 -16.2702 -90.5765 -167.587 138.332 224.163 60.0773 354.141 -229.796 -74.7165 -281.994 -149.67 -33.7485 -111.716 -106.752 295.868 77.3331 -187.487 202.983 120.181 161.095
internal_weight=62204 37059 25145 20643 11195 16416 13950 5377 7091 10306 10337 9325 6602 5818 7348 2430 5148 5906 1943 4907 5644 4431 3675 2947 3917 4418 2895 3673 2929
internal_count=62204 37059 25145 20643 11195 16416 13950 5377 7091 10306 10337 9325 6602 5818 7348 2430 5148 5906 1943 4907 5644 4431 3675 2947 3917 4418 2895 3673 2929
is_linear=0
shrinkage=0.0768785


Tree=11
num_leaves=30
num_cat=0
split_feature=8 8 8 8 8 8 8 8 8 8 8 8 8 8 8 8 8 6 8 6 4 4 6 8 4 4 6 4 4
split_gain=1.85845e+11 2.95711e+10 2.5991e+10 4.44737e+09 4.07386e+09 3.39977e+09 2.64066e+09 6.54976e+08 6.14237e+08 5.59388e+08 5.29645e+08 4.79384e+08 4.16066e+08 4.13633e+08 2.36601e+08 1.23662e+08 1.17709e+08 1.13506e+08 9.7906e+07 9.20717e+07 9.1624e+07 1.4015e+08 9.12582e+07 8.29115e+07 7.59512e+07 7.5338e+07 7.1865e+07 7.03168e+07 6.53402e+07
threshold=19376.590000000007 14773.657500000003 23685.718750000004 17108.081250000003 26334.418750000004 12535.187500000002 21247.875000000004 28032.125000000004 16018.950000000003 10935.638750000004 18306.550000000003 13615.167500000001 22375.611250000005 25014.987500000003 20115.087500000005 11762.932500000001 29285.471250000006 15223.985000000002 27210.481250000004 17812.125000000004 19.500000000000004 16.500000000000004 14305.642500000002 9860.7500000000018 6.5000000000000009 6.5000000000000009 13194.290000000003 7.5000000000000009 7.5000000000000009
decision_type=2 2 2 2 2 2 2 2 2 2 2 2 2 2 2 2 2 2 2 2 2 2 2 2 2 2 2 2 2
left_child=1 5 6 8 13 9 14 18 17 23 19 26 -8 25 -2 -11 -9 -3 -6 -5 21 -10 -13 -1 -14 -4 -7 -16 -12
right_child=2 3 4 10 7 11 12 16 20 15 28 22 24 -15 27 -17 -18 -19 -20 -21 -22 -23 -24 -25 -26 -27 -28 -29 -30
leaf_value=-305.61005190826188 37.614838173661767 -111.42789360574126 170.49761294021653 -34.795013525983073 262.71108580938341 -181.88551397540863 104.64948738204471 320.4862748572283 -64.49044086120432 -225.98696066098529 -9.6184124656984693 -147.35306788408477 126.16080345980912 226.29418936959249 48.986112597534486 -202.60974062437629 363.78511976409112 -89.457309079744419 289.69855535612862 -14.956732084082022 -87.73272731439711 -27.89492720945217 -126.20241589968279 -256.92615939219405 150.51878438076028 195.20173807240806 -162.16345530506084 73.682397881298428 13.958562832158853
leaf_weight=241 2709 2448 1156 3203 1710 2444 3432 1709 3931 2450 864 2775 1127 2923 905 2945 474 3215 1484 2433 747 734 2132 1455 2302 1978 1974 2758 3546
leaf_count=241 2709 2448 1156 3203 1710 2444 3432 1709 3931 2450 864 2775 1127 2923 905 2945 474 3215 1484 2433 747 734 2132 1455 2302 1978 1974 2758 3546
internal_value=-0.0925694 -107.814 163.832 -47.6566 248.728 -185.212 90.477 297.432 -81.2554 -225.333 -10.6163 -154.703 123.573 205.492 54.841 -213.226 329.888 -98.9547 275.25 -26.231 -62.7352 -58.7324 -138.164 -263.844 142.513 186.089 -173.074 67.5808 9.3394
internal_weight=62204 37537 24667 21121 11434 16416 13233 5377 11075 7091 10046 9325 6861 6057 6372 5395 2183 5663 3194 5636 5412 4665 4907 1696 3429 3134 4418 3663 4410
internal_count=62204 37537 24667 21121 11434 16416 13233 5377 11075 7091 10046 9325 6861 6057 6372 5395 2183 5663 3194 5636 5412 4665 4907 1696 3429 3134 4418 3663 4410
is_linear=0
shrinkage=0.0768785


Tree=12
num_leaves=30
num_cat=0
split_feature=8 8 8 8 8 8 8 8 8 8 8 8 8 8 8 8 6 4 4 6 8 8 4 4 4 4 8 4 4
split_gain=1.58404e+11 2.38783e+10 2.36546e+10 3.50005e+09 3.47283e+09 2.79141e+09 2.58156e+09 6.16003e+08 5.00581e+08 4.47448e+08 4.25504e+08 4.05321e+08 3.91478e+08 3.09843e+08 2.45097e+08 1.27962e+08 9.22475e+07 9.19088e+07 1.45841e+08 8.63074e+07 8.26425e+07 7.75002e+07 7.74713e+07 7.57428e+07 7.10939e+07 1.36682e+08 7.06533e+07 6.54769e+07 6.54111e+07
threshold=19194.935000000001 14713.491250000001 23685.718750000004 16856.540000000005 26221.770000000004 12405.575000000003 21170.157500000005 27898.500000000004 17871.931250000005 13445.812500000002 10935.638750000004 15655.375000000002 22293.750000000004 24696.115000000002 19973.042500000003 28840.893750000003 14064.355000000001 19.500000000000004 16.500000000000004 11829.250000000002 18542.863750000004 27071.300000000003 6.5000000000000009 17.500000000000004 19.500000000000004 16.500000000000004 9860.7500000000018 7.5000000000000009 6.5000000000000009
decision_type=2 2 2 2 2 2 2 2 2 2 2 2 2 2 2 2 2 2 2 2 2 2 2 2 2 2 2 2 2
left_child=1 5 6 11 13 10 14 21 -5 -7 26 24 28 -4 -2 -9 -11 18 -13 -12 -10 -6 -15 -14 25 -3 -1 -16 -8
right_child=2 3 4 8 7 9 12 15 20 16 19 17 23 22 27 -17 -18 -19 -20 -21 -22 -23 -24 -25 -26 -27 -28 -29 -30
leaf_value=-282.11519665604624 30.056382820473679 -99.005306149754489 166.86375751817314 -34.15221535326743 239.32783186708102 -164.28586384217962 76.653090550809509 287.62354492168646 -9.4647839265773666 -140.47145515715738 -208.73454034273988 -67.895247306713728 123.97846569049491 187.82335863757839 41.788661096785603 323.71733594324724 -120.3483061011615 -89.916900128752516 -30.106270806933502 -188.33860242067772 9.1738929280444808 263.35829464545503 211.81398865796285 149.42563633127259 -119.95388258533278 -52.270459486204388 -237.17405698751358 65.034658253434827 100.66044106782384
leaf_weight=241 2944 3045 2410 4920 1708 4173 915 1471 2954 2789 2542 4345 2754 1267 944 959 2603 854 701 2369 2683 1481 2138 923 715 421 1455 2967 2513
leaf_count=241 2944 3045 2410 4920 1708 4173 915 1471 2954 2789 2542 4345 2754 1267 944 959 2603 854 701 2369 2683 1481 2138 923 715 421 1455 2967 2513
internal_value=-0.085453 -101.983 147.62 -47.1711 229.606 -171.931 80.4689 272.708 -16.2332 -145.385 -210.361 -79.5697 112.942 187.957 46.8114 301.868 -130.757 -66.5929 -62.6455 -198.896 -0.593475 250.488 202.887 130.366 -97.8819 -93.3286 -243.56 59.4238 94.2524
internal_weight=62204 36810 25394 20638 11434 16172 13960 5619 10557 9565 6607 10081 7105 5815 6855 2430 5392 5900 5046 4911 5637 3189 3405 3677 4181 3466 1696 3911 3428
internal_count=62204 36810 25394 20638 11434 16172 13960 5619 10557 9565 6607 10081 7105 5815 6855 2430 5392 5900 5046 4911 5637 3189 3405 3677 4181 3466 1696 3911 3428
is_linear=0
shrinkage=0.0768785


Tree=13
num_leaves=30
num_cat=0
split_feature=8 8 8 8 8 8 8 8 8 8 8 8 8 8 8 8 8 4 4 6 6 4 4 4 4 4 0 4 0
split_gain=1.34997e+11 2.06084e+10 1.9967e+10 3.1057e+09 2.86773e+09 2.37871e+09 2.16076e+09 5.27954e+08 4.1638e+08 3.81294e+08 3.62646e+08 3.26744e+08 3.22749e+08 2.94181e+08 2.05024e+08 1.27391e+08 8.64381e+07 8.49755e+07 1.8172e+08 7.88889e+07 7.06476e+07 6.90608e+07 9.35706e+07 6.64785e+07 7.56975e+07 6.31864e+07 6.30523e+07 6.20508e+07 6.53258e+07
threshold=19135.653750000001 23583.835000000003 14713.491250000001 26221.770000000004 16808.700000000004 12405.575000000003 21090.590000000004 27767.716250000005 17871.931250000005 13445.812500000002 10844.745000000001 15550.080000000002 22214.358750000003 24805.592500000002 19903.677500000005 28658.991250000003 11698.510000000002 18.500000000000004 16.500000000000004 14002.815000000001 18590.227500000005 19.500000000000004 16.500000000000004 10.500000000000002 7.5000000000000009 17.500000000000004 33.435512500000009 17.500000000000004 33.904712500000009
decision_type=2 2 2 2 2 2 2 2 2 2 2 2 2 2 2 2 2 2 2 2 2 2 2 2 2 2 2 2 2
left_child=2 6 5 13 11 10 14 -5 21 -7 -1 -4 -8 -3 -2 -9 -12 18 23 -11 -10 22 -6 24 -13 -14 -27 -15 -29
right_child=1 3 4 7 8 9 12 15 20 19 16 17 25 27 -16 -17 -18 -19 -20 -21 -22 -23 -24 -25 -26 26 -28 28 -30
leaf_value=-228.15591076084914 26.079006725197264 154.55445283226229 -92.287692569237848 229.2553881520785 -34.365448871117472 -151.65581234454936 84.883349061151506 261.18033184472336 -9.4101681759521778 -130.1321026323107 -195.14928137386889 -70.574399993412896 111.93922374106083 179.54076874688147 52.928580759258061 294.86485125750727 -175.21343981495221 -83.694254744148964 -19.82960769977679 -111.53228262634482 8.3017167185639256 -54.825823513636749 -7.1279041788611694 -76.168851231147769 -45.032611863811958 117.10604726516027 158.01840713939859 187.74449978482076 223.13289614950159
leaf_weight=1450 2945 2876 3684 2941 3530 4173 3424 1465 2996 2659 2438 1302 2786 1872 3916 1213 2719 1013 607 2733 2395 685 945 1786 1449 499 402 799 502
leaf_count=1450 2945 2876 3684 2941 3530 4173 3424 1465 2996 2659 2438 1302 2786 1872 3916 1213 2719 1013 607 2733 2395 685 945 1786 1449 499 402 799 502
internal_value=-0.0788837 135.167 -94.9185 210.59 -44.326 -158.713 72.1825 251.742 -16.483 -134.208 -194.189 -74.1779 101.879 172.362 41.4037 276.438 -184.638 -63.342 -59.334 -120.705 -1.5415 -32.0933 -28.6136 -64.6193 -57.1211 117.663 135.36 188.503 201.399
internal_weight=62204 25640 36564 11668 20392 16172 13972 5619 10551 9565 6607 9841 7111 6049 6861 2678 5157 6157 5144 5392 5391 5160 4475 4537 2751 3687 901 3173 1301
internal_count=62204 25640 36564 11668 20392 16172 13972 5619 10551 9565 6607 9841 7111 6049 6861 2678 5157 6157 5144 5392 5391 5160 4475 4537 2751 3687 901 3173 1301
is_linear=0
shrinkage=0.0768785


Tree=14
num_leaves=30
num_cat=0
split_feature=8 8 8 8 8 8 8 8 8 8 8 8 8 8 8 8 8 4 4 4 8 4 4 4 4 8 4 4 4
split_gain=1.15048e+11 1.80186e+10 1.64611e+10 2.50809e+09 2.28827e+09 2.17224e+09 2.09613e+09 4.58198e+08 4.04338e+08 3.39068e+08 2.7964e+08 2.74396e+08 2.69928e+08 2.61102e+08 2.41777e+08 9.98954e+07 8.94693e+07 8.33293e+07 1.32248e+08 7.75804e+07 6.80088e+07 6.65569e+07 6.89356e+07 6.45257e+07 1.48736e+08 6.41543e+07 6.15306e+07 9.30475e+07 6.07632e+07
threshold=19318.483750000003 14891.726250000002 23983.897500000003 17207.475000000002 12841.460000000001 26559.025000000005 21569.815000000002 11225.611250000002 16176.207500000002 28339.945000000003 20552.690000000006 22827.505000000001 25300.822500000006 18361.286250000005 13834.330000000002 12089.625000000002 10263.900000000001 19.500000000000004 16.500000000000004 7.5000000000000009 27354.762500000004 10.500000000000002 7.5000000000000009 19.500000000000004 16.500000000000004 29644.963750000006 19.500000000000004 16.500000000000004 10.500000000000002
decision_type=2 2 2 2 2 2 2 2 2 2 2 2 2 2 2 2 2 2 2 2 2 2 2 2 2 2 2 2 2
left_child=1 4 6 8 7 12 10 16 17 20 19 -8 -4 26 -6 -9 -1 18 21 -2 -7 22 -3 24 28 -11 27 -5 -16
right_child=2 3 5 13 14 9 11 15 -10 25 -12 -13 -14 -15 23 -17 -18 -19 -20 -21 -22 -23 -24 -25 -26 -27 -28 -29 -30
leaf_value=-230.85311364197005 14.323888869649656 -79.989275818003406 152.87859491609217 -21.18725960367793 -129.61717077919644 210.75417258518334 91.28490860686 -171.3349898600263 -45.868516932187539 259.4054448685215 63.429073492498574 122.8485636529019 186.09502281002375 7.5595622982593698 -97.403079342911767 -151.32622367072662 -193.68610429092124 -95.796326075545934 -37.991227123830072 38.910489698455841 233.2620285256053 -87.910501965439167 -55.014347292589875 -125.01677517707218 -55.624871199339495 303.06505335930325 -39.022659075334836 4.5289826112353149 -119.21454667623703
leaf_weight=476 973 1402 3154 3571 4153 1481 3677 2941 5158 1472 3167 2921 2670 3936 2141 2958 1955 980 618 3441 1709 1691 1223 710 403 230 743 1084 1166
leaf_count=476 973 1402 3154 3571 4153 1481 3677 2941 5158 1472 3167 2921 2670 3936 2141 2958 1955 980 618 3441 1709 1691 1223 710 403 230 743 1084 1166
internal_value=-0.0728191 -85.4782 127.92 -36.853 -144.181 199.83 73.5738 -172.877 -61.5998 237.596 45.9976 105.258 168.107 -7.49836 -116.298 -161.302 -200.964 -75.3201 -71.2531 33.4907 222.812 -76.0158 -68.3533 -103.783 -99.7199 265.305 -18.478 -15.1988 -105.093
internal_weight=62204 37309 24895 20406 16903 10716 14179 8330 11072 4892 7581 6598 5824 9334 8573 5899 2431 5914 4934 4414 3190 4316 2625 4420 3710 1702 5398 4655 3307
internal_count=62204 37309 24895 20406 16903 10716 14179 8330 11072 4892 7581 6598 5824 9334 8573 5899 2431 5914 4934 4414 3190 4316 2625 4420 3710 1702 5398 4655 3307
is_linear=0
shrinkage=0.0768785


Tree=15
num_leaves=30
num_cat=0
split_feature=8 8 8 8 8 8 8 8 8 8 8 8 8 8 8 8 6 4 4 4 6 4 6 4 4 4 4 0 4
split_gain=9.836e+10 1.77695e+10 1.1572e+10 2.5901e+09 2.17121e+09 1.65808e+09 1.39755e+09 4.44831e+08 3.08176e+08 3.05144e+08 2.75658e+08 2.529e+08 2.21343e+08 2.00487e+08 1.95921e+08 1.15002e+08 8.18939e+07 7.16774e+07 6.36943e+07 1.33738e+08 6.22097e+07 6.18668e+07 5.91141e+07 5.76743e+07 5.58206e+07 5.57888e+07 7.5852e+07 5.4479e+07 5.42183e+07
threshold=19840.005000000001 15342.120000000001 24479.750000000004 13017.477500000003 17565.853750000006 21970.117500000004 27071.300000000003 11631.030000000001 16515.275000000005 14367.1975 18764.275000000005 23004.497500000005 25746.716250000001 28658.991250000003 20862.772500000003 10620.635 12777.830000000002 6.5000000000000009 18.500000000000004 16.500000000000004 13726.792500000001 7.5000000000000009 18356.245000000003 17.500000000000004 6.5000000000000009 19.500000000000004 16.500000000000004 32.09286250000001 19.500000000000004
decision_type=2 2 2 2 2 2 2 2 2 2 2 2 2 2 2 2 2 2 2 2 2 2 2 2 2 2 2 2 2
left_child=1 3 5 7 8 14 12 15 18 20 22 23 24 -8 -2 -1 -9 -13 19 -3 -5 -12 -6 -7 -4 26 -10 -25 -11
right_child=2 4 6 9 10 11 13 16 25 28 21 17 -14 -15 -16 -17 -18 -19 -20 -21 -22 -23 -24 27 -26 -27 -28 -29 -30
leaf_value=-200.63058015652922 41.047984507060221 -61.223750901392833 138.20093312091691 -119.39799893026155 -15.493585285166791 85.009216606705166 215.0512026006902 -149.37355695757938 -35.795815528510943 -80.485608693827388 -1.0593352439270229 106.9727862670114 182.8119862139234 252.71751755041075 67.060915874047467 -169.67456108818592 -128.82693515193063 129.26164248013455 -78.38947197605934 -21.16155399658663 -103.24599953323941 22.238337157073456 0.82592030816997541 85.850135923451504 160.2640659490701 -54.541233782807851 -10.141005591449535 129.45086562683869 -103.74772914306477
leaf_weight=960 3426 4139 1064 3009 3209 2223 2667 3747 3658 3471 846 1327 2684 1216 3419 2716 1652 2386 939 559 2651 3307 2219 300 1867 687 837 389 714
leaf_count=960 3426 4139 1064 3009 3209 2223 2667 3747 3658 3471 846 1327 2684 1216 3419 2716 1652 2386 939 559 2651 3307 2219 300 1867 687 837 389 714
internal_value=-0.00354374 -73.8393 126.399 -127.504 -24.0677 80.5768 191.385 -157.131 -47.6699 -100.195 2.58426 107.994 166.861 226.847 54.0411 -177.759 -143.087 121.296 -60.1104 -56.4569 -111.833 17.4924 -8.82207 91.0326 152.255 -34.1372 -31.0187 110.467 -84.4543
internal_weight=62288 39320 22968 18920 20400 13470 9498 9075 10819 9845 9581 6625 5615 3883 6845 3676 5399 3713 5637 4698 5660 4153 5428 2912 2931 5182 4495 689 4185
internal_count=62288 39320 22968 18920 20400 13470 9498 9075 10819 9845 9581 6625 5615 3883 6845 3676 5399 3713 5637 4698 5660 4153 5428 2912 2931 5182 4495 689 4185
is_linear=0
shrinkage=0.0768785


Tree=16
num_leaves=30
num_cat=0
split_feature=8 8 8 8 8 8 8 8 8 8 8 8 8 8 8 6 8 8 4 4 8 4 4 4 4 0 6 4 4
split_gain=8.38354e+10 1.41064e+10 1.08725e+10 2.05831e+09 1.71541e+09 1.60679e+09 1.28789e+09 3.62181e+08 2.57836e+08 2.45454e+08 2.33142e+08 2.24776e+08 2.02088e+08 1.84324e+08 1.60535e+08 8.59759e+07 7.3556e+07 5.98381e+07 5.56425e+07 8.37095e+07 5.35568e+07 5.34076e+07 5.58475e+07 5.3367e+07 5.28053e+07 5.49561e+07 5.21838e+07 5.02983e+07 1.24199e+08
threshold=19564.905000000002 15229.051250000002 23983.897500000003 12958.413750000002 17357.357500000002 26559.025000000005 21652.105000000003 11403.465000000002 28494.911250000005 14128.845000000003 16328.451250000002 18489.428750000003 25300.822500000006 22737.625000000004 20631.270000000004 12326.221250000002 10460.125000000002 27493.246250000004 17.500000000000004 19.500000000000004 29644.963750000006 7.5000000000000009 19.500000000000004 7.5000000000000009 17.500000000000004 32.161112500000009 15808.382500000002 18.500000000000004 16.500000000000004
decision_type=2 2 2 2 2 2 2 2 2 2 2 2 2 2 2 2 2 2 2 2 2 2 2 2 2 2 2 2 2
left_child=1 3 6 7 10 12 14 16 17 27 26 -6 18 24 23 -9 -1 -7 -4 -20 -10 -13 -23 -2 -8 -26 -3 28 -5
right_child=2 4 5 9 11 8 13 15 20 -11 -12 21 -14 -15 -16 -17 -18 -19 19 -21 -22 22 -24 -25 25 -27 -28 -29 -30
leaf_value=-189.25993266646708 14.711394334931223 -66.459950340341564 122.41566247653795 -107.38144867132182 -13.109519922611161 181.29124371343897 72.484986344265877 -143.13749458257919 223.45960706623202 -81.666727174975051 -35.866020986987358 -6.6751445671859626 158.78735957364208 103.98389796257118 55.660643779744539 -124.46482649059064 -160.92818214666707 201.72547322053359 174.23151089662625 129.75382206409796 262.78939793546778 18.969903038369054 -6.8972503686142836 37.011358355835071 73.696799036820309 116.5692085417907 -50.981490695999703 -126.67286151634426 -61.410476150247135
leaf_weight=717 816 2663 2007 3932 5191 1703 2447 3261 1217 4656 5164 862 2701 3219 3176 2635 2214 1685 362 809 246 2959 592 2848 335 374 2492 624 381
leaf_count=717 816 2663 2007 3932 5191 1703 2447 3261 1217 4656 5164 862 2701 3219 3176 2635 2214 1685 362 809 246 2959 592 2848 335 374 2492 624 381
internal_value=-0.00327107 -70.4857 112.86 -118.981 -25.6486 170.35 66.1802 -145.772 203.101 -94.3298 -47.4117 -2.26538 143.326 91.04 43.0104 -134.792 -167.859 191.454 130.186 143.504 230.073 10.4905 14.6575 32.045 77.8378 96.3121 -58.9774 -106.272 -103.32
internal_weight=62288 38343 23945 18420 19923 10730 13215 8827 4851 9593 10319 9604 5879 6375 6840 5896 2931 3388 3178 1171 1463 4413 3551 3664 3156 709 5155 4937 4313
internal_count=62288 38343 23945 18420 19923 10730 13215 8827 4851 9593 10319 9604 5879 6375 6840 5896 2931 3388 3178 1171 1463 4413 3551 3664 3156 709 5155 4937 4313
is_linear=0
shrinkage=0.0768785


Tree=17
num_leaves=30
num_cat=0
split_feature=8 8 8 8 8 8 8 8 8 8 8 8 8 8 8 8 4 4 4 4 4 4 4 4 4 4 4 4 6
split_gain=7.149e+10 1.07759e+10 1.06253e+10 1.63781e+09 1.51605e+09 1.24926e+09 1.22499e+09 2.78907e+08 2.40835e+08 2.06471e+08 1.79885e+08 1.79224e+08 1.75356e+08 1.67366e+08 1.39004e+08 5.89511e+07 5.85192e+07 5.81458e+07 1.46465e+08 5.95767e+07 5.77984e+07 8.4862e+07 5.47498e+07 7.18862e+07 5.43816e+07 1.19439e+08 5.38594e+07 1.0357e+08 5.28764e+07
threshold=19194.935000000001 14656.537500000002 23785.500000000004 16714.820000000003 26436.195000000003 21326.125000000004 12335.632500000002 17871.931250000005 28180.290000000005 13264.308750000002 25203.846250000006 10935.638750000004 22648.181250000005 15499.385000000002 20331.220000000005 29644.963750000006 6.5000000000000009 19.500000000000004 16.500000000000004 10.500000000000002 17.500000000000004 19.500000000000004 7.5000000000000009 19.500000000000004 18.500000000000004 16.500000000000004 16.500000000000004 10.500000000000002 17354.532500000005
decision_type=2 2 2 2 2 2 2 2 2 2 2 2 2 2 2 2 2 2 2 2 2 2 2 2 2 2 2 2 2
left_child=1 6 5 13 10 14 11 28 -6 -8 20 -1 16 -3 -2 -10 -7 18 19 -11 -4 -22 -9 26 25 -15 27 -24 -5
right_child=2 3 4 7 8 12 9 22 15 17 -12 -13 -14 24 -16 -17 -18 -19 -20 -21 21 -23 23 -25 -26 -27 -28 -29 -30
leaf_value=-163.36785156472291 23.603692830210008 -68.379521442146711 110.28021198972611 -31.015968714079609 172.9951581642691 52.779995711831425 -112.82191750609053 -15.898375037166234 202.31531281777876 -84.263160986424552 144.18390477615978 -134.21772897138339 92.667923427871628 -48.578664628396275 44.99089465803759 242.58654742064635 73.725768444969688 -108.22518424684046 -47.243001909350816 -102.52321063209708 159.77388786221701 116.69964347875086 19.220526150056198 -17.996485467169485 -64.104863180373087 -11.588888184203052 21.148376233840327 -11.664280808055215 -16.113584754341073
leaf_weight=1700 4139 3667 2214 3128 3150 1095 3686 1068 1696 2918 2707 4674 2958 4315 3173 246 2815 853 505 1655 407 805 1121 771 967 586 1210 1501 2558
leaf_count=1700 4139 3667 2214 3128 3150 1095 3686 1068 1696 2918 2707 4674 2958 4315 3173 246 2815 853 505 1655 407 805 1121 771 967 586 1210 1501 2558
internal_value=-0.00301963 -68.3583 99.2352 -32.0031 155.116 54.9997 -115.856 -12.28 186.123 -98.5329 129.372 -141.992 78.5445 -55.495 32.8845 207.417 67.8599 -89.6526 -86.5328 -90.8716 117.668 131.164 -0.216381 3.4222 -47.4433 -44.1559 7.73164 1.54009 -24.3117
internal_weight=62288 36883 25405 20892 11225 14180 15991 11357 5092 9617 6133 6374 6868 9535 7312 1942 3910 5931 5078 4573 3426 1212 5671 4603 5868 4901 3832 2622 5686
internal_count=62288 36883 25405 20892 11225 14180 15991 11357 5092 9617 6133 6374 6868 9535 7312 1942 3910 5931 5078 4573 3426 1212 5671 4603 5868 4901 3832 2622 5686
is_linear=0
shrinkage=0.0768785


Tree=18
num_leaves=30
num_cat=0
split_feature=8 8 8 8 8 8 8 8 8 8 8 8 8 8 8 8 4 4 0 6 4 4 4 4 4 4 4 4 4
split_gain=6.09513e+10 9.4491e+09 8.86188e+09 1.51727e+09 1.38627e+09 9.61296e+08 9.43828e+08 2.72591e+08 2.11098e+08 1.77462e+08 1.51805e+08 1.37761e+08 1.34411e+08 1.33255e+08 1.00349e+08 7.25672e+07 5.34887e+07 5.13237e+07 8.05979e+07 5.07851e+07 4.87754e+07 4.74e+07 1.14079e+08 4.84154e+07 4.73316e+07 4.71043e+07 6.34543e+07 4.61836e+07 4.59131e+07
threshold=19074.147500000003 23482.205000000005 14541.966250000003 26097.625000000004 16666.955000000002 12205.312500000002 21090.590000000004 27767.716250000005 17716.900000000005 13199.117500000002 15499.385000000002 10732.750000000002 24696.115000000002 22214.358750000003 19973.042500000003 29041.750000000004 17.500000000000004 17.500000000000004 32.161112500000009 18356.245000000003 6.5000000000000009 19.500000000000004 16.500000000000004 9.5000000000000018 6.5000000000000009 19.500000000000004 16.500000000000004 6.5000000000000009 6.5000000000000009
decision_type=2 2 2 2 2 2 2 2 2 2 2 2 2 2 2 2 2 2 2 2 2 2 2 2 2 2 2 2 2
left_child=2 6 5 12 10 11 14 16 25 -7 -4 -1 20 17 -2 -9 -5 -8 -19 -10 -3 22 23 -11 -16 26 -6 -14 -15
right_child=1 3 4 7 8 9 13 15 19 21 -12 -13 27 28 24 -17 -18 18 -20 -21 -22 -23 -24 -25 -26 -27 -28 -29 -30
leaf_value=-155.88552986620766 17.834881343862484 88.807583010324677 -63.700811890961752 144.15002793682223 -25.883387657937263 -105.77980765697032 51.568591100615151 178.61097067116094 -9.8861048754148975 -79.332271212745624 -44.342402070306761 -126.73770174684138 112.26623579243092 65.192380329583884 19.127002622717097 207.0348320343285 164.27572086838936 53.087037659768363 102.2674626251161 4.3645532483101901 109.27987614721168 -102.06606451217829 -45.885424354962716 -95.960006254805052 40.676902481243864 -43.21072758326634 -2.9337421228066303 131.53079572852198 84.321405418283433
leaf_weight=1206 3403 1086 4170 1767 3644 3941 2646 1939 3053 2757 5622 4667 1155 1092 761 731 1398 470 339 2865 1876 786 474 1657 2890 672 885 2025 2311
leaf_count=1206 3403 1086 4170 1767 3644 3941 2646 1939 3053 2757 5622 4667 1155 1092 761 731 1398 470 339 2865 1876 786 474 1657 2890 672 885 2025 2311
internal_value=-0.00278754 90.1712 -64.1396 140.228 -31.4933 -108.217 47.0767 168.302 -12.9176 -93.2477 -52.5863 -132.723 113.558 67.3851 27.3326 186.393 153.04 56.7497 73.6954 -2.98713 101.774 -84.5433 -81.7256 -85.5743 36.1851 -24.2171 -21.3989 124.534 78.183
internal_weight=62288 25889 36399 11977 20911 15488 13912 5835 11119 9615 9792 5873 6142 6858 7054 2670 3165 3455 809 5918 2962 5674 4888 4414 3651 5201 4529 3180 3403
internal_count=62288 25889 36399 11977 20911 15488 13912 5835 11119 9615 9792 5873 6142 6858 7054 2670 3165 3455 809 5918 2962 5674 4888 4414 3651 5201 4529 3180 3403
is_linear=0
shrinkage=0.0768785


Tree=19
num_leaves=30
num_cat=0
split_feature=8 8 8 8 8 8 8 8 8 8 8 8 8 8 8 8 6 4 4 4 4 4 4 4 4 4 4 4 4
split_gain=5.19455e+10 9.3708e+09 6.13539e+09 1.42253e+09 1.11047e+09 8.7795e+08 7.53929e+08 2.80627e+08 1.63816e+08 1.57447e+08 1.47266e+08 1.41641e+08 1.15469e+08 1.10256e+08 9.2649e+07 7.25348e+07 5.21835e+07 4.67736e+07 9.94305e+07 5.11796e+07 4.48333e+07 4.43928e+07 4.43622e+07 6.80045e+07 4.43306e+07 9.88386e+07 4.55757e+07 6.36254e+07 4.30163e+07
threshold=19840.005000000001 15394.742500000002 24479.750000000004 13139.850000000002 17613.028750000005 21888.522500000003 27071.300000000003 11762.932500000001 16515.275000000005 14367.1975 23191.250000000004 18764.275000000005 25746.716250000001 28840.893750000003 20787.597500000003 10620.635 12777.830000000002 19.500000000000004 16.500000000000004 10.500000000000002 6.5000000000000009 6.5000000000000009 17.500000000000004 19.500000000000004 18.500000000000004 16.500000000000004 10.500000000000002 7.5000000000000009 6.5000000000000009
decision_type=2 2 2 2 2 2 2 2 2 2 2 2 2 2 2 2 2 2 2 2 2 2 2 2 2 2 2 2 2
left_child=1 3 5 7 8 14 12 15 -3 -5 21 -6 -4 -8 -2 -1 -9 18 19 -11 -16 -7 -12 -24 25 26 27 -10 -14
right_child=2 4 6 9 11 10 13 16 24 17 22 -13 28 -15 20 -17 -18 -19 -20 -21 -22 -23 23 -25 -26 -27 -28 -29 -30
leaf_value=-146.66398566091195 29.031894980617942 -43.310408355228667 110.61316447629729 -80.35614815812059 -6.1064771142684195 54.254619761330716 157.70474960904025 -107.2302279045731 -33.92038106604538 -54.299820162093475 83.802357401468882 12.953422556894783 119.94233379415614 187.54802326601191 32.193035308843719 -122.57316354019162 -91.48200901831261 -77.928525316174969 -22.50043869017437 -74.375512202502719 52.391382790342007 72.737497490831629 126.7610818656328 85.662682718935542 -39.374337746524127 6.539795063019886 -36.739640857069986 -8.5669529973280625 140.11807731156017
leaf_weight=960 3180 5390 2931 5171 5177 1100 2905 3458 1021 2050 2251 4153 989 978 871 3204 1942 763 435 1184 2554 2545 420 549 961 650 1431 1370 1695
leaf_count=960 3180 5390 2931 5171 5177 1100 2905 3458 1021 2050 2251 4153 989 978 871 3204 1942 763 435 1184 2554 2545 420 549 961 650 1431 1370 1695
internal_value=-0.00257309 -53.6602 91.8564 -92.1441 -17.0591 58.491 139.175 -113.131 -33.8145 -71.2427 77.7428 2.37753 121.163 165.221 38.4813 -128.127 -101.567 -60.6097 -57.0082 -61.6497 47.2548 67.1597 89.7228 103.476 -24.3938 -21.1746 -25.888 -19.3933 132.684
internal_weight=62288 39320 22968 19167 20153 13470 9498 9564 10823 9603 6865 9330 5615 3883 6605 4164 5400 4432 3669 3234 3425 3645 3220 969 5433 4472 3822 2391 2684
internal_count=62288 39320 22968 19167 20153 13470 9498 9564 10823 9603 6865 9330 5615 3883 6605 4164 5400 4432 3669 3234 3425 3645 3220 969 5433 4472 3822 2391 2684
is_linear=0
shrinkage=0.0768785


Tree=20
num_leaves=30
num_cat=0
split_feature=8 8 8 8 8 8 8 8 8 8 6 6 8 8 6 4 4 4 4 4 4 4 0 4 4 6 4 4 4
split_gain=4.42427e+10 6.88239e+09 6.4532e+09 1.04286e+09 1.04157e+09 7.18822e+08 6.8951e+08 1.62864e+08 1.51396e+08 1.43926e+08 1.42556e+08 1.21644e+08 9.63895e+07 9.47115e+07 9.2442e+07 6.40846e+07 9.11142e+07 4.80078e+07 1.22974e+08 5.77028e+07 5.05194e+07 4.76521e+07 6.45244e+07 4.6772e+07 4.37984e+07 4.23996e+07 4.12499e+07 6.83028e+07 3.96686e+07
threshold=19074.147500000003 23583.835000000003 14490.441250000002 16617.238750000004 26559.025000000005 21170.157500000005 12089.625000000002 17819.298750000005 25203.846250000006 28494.911250000005 13134.338750000001 15169.450000000003 22375.611250000005 10844.745000000001 19897.761250000007 16.500000000000004 19.500000000000004 18.500000000000004 16.500000000000004 10.500000000000002 7.5000000000000009 17.500000000000004 32.161112500000009 6.5000000000000009 7.5000000000000009 17251.800000000003 19.500000000000004 16.500000000000004 6.5000000000000009
decision_type=2 2 2 2 2 2 2 2 2 2 2 2 2 2 2 2 2 2 2 2 2 2 2 2 2 2 2 2 2
left_child=2 5 6 11 8 14 13 25 23 24 -8 -4 21 -1 -2 -16 -17 18 19 20 -13 -7 -23 -3 -6 -5 27 -9 -10
right_child=1 4 3 7 9 12 10 26 28 -11 -12 17 -14 -15 15 16 -18 -19 -20 -21 -22 22 -24 -25 -26 -27 -28 -29 -30
leaf_value=-131.62963142188715 15.18904819341031 80.065236194860447 -57.079822549008639 -26.246915355902331 127.64088763921728 45.371544356834093 -91.346578231011279 -4.3863166123840385 102.77697923599507 167.66115352928338 -72.666504543575329 -45.563087791136674 68.481275666652039 -108.7627741411805 24.829798735526481 60.045553190577536 17.747590270596952 -55.959272287175892 -8.746805426602748 -52.7744899517322 -25.561346459263138 47.246566236451464 90.24732360997703 97.559614655044911 145.66530059231243 -13.16717737085788 -18.50465955268815 17.059377420716803 121.30220257863573
leaf_weight=1474 3592 1419 3489 3146 1273 2811 4274 3496 1093 1477 5550 1405 3177 3911 2347 897 453 872 803 1669 1592 466 370 2485 2130 2741 743 1172 1822
leaf_count=1474 3592 1419 3489 3146 1273 2811 4274 3496 1093 1477 5550 1405 3177 3911 2347 897 453 872 803 1669 1592 466 370 2485 2130 2741 743 1172 1822
internal_value=-0.0577683 76.9035 -54.7272 -27.2395 120.505 40.7601 -92.9126 -11.3077 101.099 147.621 -80.7934 -45.5506 58.6918 -115.022 23.9724 32.5064 45.8522 -39.2068 -36.5358 -41.3181 -34.9382 50.1639 66.278 91.2009 138.923 -20.157 -1.6799 0.998078 114.356
internal_weight=62149 25812 36337 21128 11699 14113 15209 11298 6819 4880 9824 9830 6824 5385 7289 3697 1350 6341 5469 4666 2997 3647 836 3904 3403 5887 5411 4668 2915
internal_count=62149 25812 36337 21128 11699 14113 15209 11298 6819 4880 9824 9830 6824 5385 7289 3697 1350 6341 5469 4666 2997 3647 836 3904 3403 5887 5411 4668 2915
is_linear=0
shrinkage=0.0768785


Tree=21
num_leaves=30
num_cat=0
split_feature=8 8 8 8 8 8 8 8 8 8 6 8 6 8 6 4 0 4 4 8 4 4 4 4 4 4 4 4 4
split_gain=3.77431e+10 6.96469e+09 4.35489e+09 1.11652e+09 7.69075e+08 6.13755e+08 5.29817e+08 2.21693e+08 1.37705e+08 1.19667e+08 1.12298e+08 9.23398e+07 8.19232e+07 6.42114e+07 6.23777e+07 5.92644e+07 5.57672e+07 1.22179e+08 6.76623e+07 5.19235e+07 4.49294e+07 4.35951e+07 7.40834e+07 4.25892e+07 6.86122e+07 4.03443e+07 4.26576e+07 5.72682e+07 3.81544e+07
threshold=19903.677500000005 15499.385000000002 24601.750000000004 13199.117500000002 17410.752500000006 21888.522500000003 27354.762500000004 11403.465000000002 18707.277500000004 23004.497500000005 14487.090000000002 25863.250000000004 16370.747500000001 29285.471250000006 12653.640000000001 7.5000000000000009 28.977325000000004 17.500000000000004 10.500000000000002 9860.7500000000018 6.5000000000000009 17.500000000000004 19.500000000000004 19.500000000000004 16.500000000000004 19.500000000000004 16.500000000000004 10.500000000000002 18.500000000000004
decision_type=2 2 2 2 2 2 2 2 2 2 2 2 2 2 2 2 2 2 2 2 2 2 2 2 2 2 2 2 2
left_child=1 3 5 7 12 15 11 19 23 -7 -5 -4 -3 -8 -9 -2 -17 18 -18 -1 -10 -11 -23 24 -6 26 27 -22 -26
right_child=2 4 6 10 8 9 13 14 20 21 -12 -13 -14 -15 -16 16 17 -19 -20 -21 25 22 -24 -25 28 -27 -28 -29 -30
leaf_value=-147.26452876051684 20.750877176856545 -37.074427045793087 95.85246621401636 -67.149034871703734 -9.3174092676051927 55.543100441983476 139.33145521700774 -94.227922295685929 -6.6327345374966216 70.380643152626419 -50.665365124793944 115.18323461915806 -22.623201114038341 169.44913188032334 -79.001959456400499 23.256355548513195 53.968653329932515 71.000382695105557 27.944071131934184 -110.71475075800892 24.68462299830982 110.2655172107464 70.9074281421493 -23.259893360818072 21.609527349341334 -3.5947171053416485 31.130792630462178 0.25460412886385986 -6.0775442052024538
leaf_weight=251 1585 4384 2917 5318 3888 3181 2933 4328 730 2736 4518 2925 4921 488 2514 1157 834 719 2022 2710 1081 505 642 807 792 633 969 1193 468
leaf_count=251 1585 4384 2917 5318 3888 3181 2933 4328 730 2736 4518 2925 4921 488 2514 1157 834 719 2022 2710 1081 505 642 807 792 633 969 1193 468
internal_value=-0.0533271 -45.4117 79.0794 -77.8774 -13.3169 51.0284 119.601 -96.2389 0.88153 66.5983 -59.5775 105.531 -29.4318 143.628 -88.6333 33.6172 37.9268 42.6747 35.5437 -113.813 10.8633 75.6549 88.236 -6.83902 -4.26489 14.1584 17.6237 11.868 11.3258
internal_weight=62149 39505 22644 19639 19866 13381 9263 9803 10561 7064 9836 5842 9305 3421 6842 6317 4732 3575 2856 2961 4606 3883 1147 5955 5148 3876 3243 2274 1260
internal_count=62149 39505 22644 19639 19866 13381 9263 9803 10561 7064 9836 5842 9305 3421 6842 6317 4732 3575 2856 2961 4606 3883 1147 5955 5148 3876 3243 2274 1260
is_linear=0
shrinkage=0.0768785


Tree=22
num_leaves=30
num_cat=0
split_feature=8 8 8 8 8 8 8 8 8 8 8 8 8 8 6 4 4 4 0 4 4 4 4 4 4 4 4 4 4
split_gain=3.21629e+10 5.94132e+09 3.71602e+09 8.62413e+08 7.3881e+08 5.34417e+08 4.41535e+08 1.67964e+08 1.17346e+08 1.1315e+08 9.36869e+07 8.94166e+07 8.59638e+07 7.1052e+07 5.14959e+07 4.91522e+07 4.52507e+07 7.81801e+07 6.7099e+07 6.1672e+07 4.40671e+07 9.4594e+07 4.92759e+07 4.09509e+07 8.25304e+07 4.22406e+07 5.50684e+07 3.97764e+07 3.94819e+07
threshold=19903.677500000005 15342.120000000001 24274.868750000005 13017.477500000003 17410.752500000006 27071.300000000003 21727.010000000006 11225.611250000002 18707.277500000004 14067.496250000002 16228.712500000001 25520.236250000005 23004.497500000005 28658.991250000003 12264.155000000001 7.5000000000000009 19.500000000000004 17.500000000000004 29.683087500000003 10.500000000000002 19.500000000000004 16.500000000000004 10.500000000000002 18.500000000000004 16.500000000000004 10.500000000000002 7.5000000000000009 7.5000000000000009 9.5000000000000018
decision_type=2 2 2 2 2 2 2 2 2 2 2 2 2 2 2 2 2 2 2 2 2 2 2 2 2 2 2 2 2
left_child=1 3 6 7 10 11 15 -1 -6 -5 -3 -4 -8 -7 -9 -2 17 19 -19 -17 21 22 -11 24 25 26 -12 -10 -29
right_child=2 4 5 9 8 13 12 14 27 20 23 -13 -14 -15 -16 16 -18 18 -20 -21 -22 -23 -24 -25 -26 -27 -28 28 -30
leaf_value=-107.23739433116792 17.449559299762505 -37.089113436780643 84.11683934916158 -66.401879570079373 -6.3132466767180455 123.15089171625679 50.596713030059135 -90.05313714450007 -4.2043782305254647 -44.198339707809808 -29.762481395990083 102.75519856620424 67.921953769372593 145.4307387735314 -76.431302373232398 48.254420355768218 16.018038309944956 32.531147928130032 74.920561556000933 23.334352877688179 -65.131686779121907 -15.898591158815503 -62.015115516152377 -36.165509020396293 5.8932690107395782 -32.90688386029052 -7.1559288266157957 32.963118713500947 10.336177261912477
leaf_weight=2475 1439 4185 2931 4416 5955 2667 3664 3546 927 2507 1132 3163 3146 1239 3052 841 708 384 519 1943 920 522 1447 1005 672 1609 1456 533 3146
leaf_count=2475 1439 4185 2931 4416 5955 2667 3664 3546 927 2507 1132 3163 3146 1239 3052 841 708 384 519 1943 920 522 1447 1005 672 1609 1456 533 3146
internal_value=-0.0492275 -41.9205 72.9999 -73.0739 -13.3883 108.019 45.3034 -90.1586 0.813759 -57.276 -28.2992 93.7908 58.6004 130.218 -83.7522 29.7818 33.8196 37.238 56.8945 30.8623 -49.8075 -46.6578 -50.7185 -22.0367 -19.1204 -23.1254 -17.0441 10.0281 13.6143
internal_weight=62149 39505 22644 18885 20620 10000 12644 9073 10561 9812 10059 6094 6810 3906 6598 5834 4395 3687 903 2784 5396 4476 3954 5874 4869 4197 2588 4606 3679
internal_count=62149 39505 22644 18885 20620 10000 12644 9073 10561 9812 10059 6094 6810 3906 6598 5834 4395 3687 903 2784 5396 4476 3954 5874 4869 4197 2588 4606 3679
is_linear=0
shrinkage=0.0768785


Tree=23
num_leaves=30
num_cat=0
split_feature=8 8 8 8 8 8 8 8 6 8 6 8 4 4 8 4 4 4 4 4 4 4 4 4 4 4 0 4 0
split_gain=2.74183e+10 4.27299e+09 4.02191e+09 6.53886e+08 6.49014e+08 4.62958e+08 4.33417e+08 1.36583e+08 9.44733e+07 9.11728e+07 9.1056e+07 7.56972e+07 6.70104e+07 9.41156e+07 6.69481e+07 5.59784e+07 4.98173e+07 5.09211e+07 6.0903e+07 7.80038e+07 4.1956e+07 8.44154e+07 4.4943e+07 4.99803e+07 3.97374e+07 3.94712e+07 3.89983e+07 3.81432e+07 4.67165e+07
threshold=19074.147500000003 23583.835000000003 14490.441250000002 26097.625000000004 16762.462500000005 20862.772500000003 12089.625000000002 27898.500000000004 13442.378750000002 15813.190000000002 17914.415000000005 22214.358750000003 17.500000000000004 20.500000000000004 10263.900000000001 7.5000000000000009 7.5000000000000009 19.500000000000004 16.500000000000004 10.500000000000002 19.500000000000004 16.500000000000004 9.5000000000000018 7.5000000000000009 17.500000000000004 18.500000000000004 33.365575000000007 16.500000000000004 30.533725000000004
decision_type=2 2 2 2 2 2 2 2 2 2 2 2 2 2 2 2 2 2 2 2 2 2 2 2 2 2 2 2 2
left_child=2 5 6 12 9 16 14 24 -8 20 25 27 -3 26 -1 -12 -2 18 19 -18 21 22 23 -4 -5 -6 -14 -7 -29
right_child=1 3 4 7 10 11 8 -9 -10 -11 15 -13 13 -15 -16 -17 17 -19 -20 -21 -22 -23 -24 -25 -26 -27 -28 28 -30
leaf_value=-117.37523938824509 3.5442410438490812 70.368426659063473 -43.66884953916508 95.794845948893069 -11.155935738673143 32.871053236086581 -70.543900820230562 126.85669950936982 -55.411216623704306 -26.838101391025898 -18.850529631709193 52.663437756625271 81.919605990736315 71.307115267001706 -87.996961822095713 3.3382008378496844 33.062177640895584 3.1839166721431655 37.151377019344793 6.6652811004987784 -55.580378750991351 -10.923203582938918 -51.203158884598338 -21.094281249837962 112.54500037673392 -26.620162903586817 113.29110590395365 30.318505471107375 61.854290727051001
leaf_weight=506 1356 3677 1564 1927 4405 2976 5329 2455 4495 4657 803 3656 342 1075 4879 4119 1101 862 1345 1658 1000 586 1820 921 1480 1253 743 461 698
leaf_count=506 1356 3677 1564 1927 4405 2976 5329 2455 4495 4657 803 3656 342 1075 4879 4119 1101 862 1345 1658 1000 586 1820 921 1480 1253 743 461 698
internal_value=-0.0454429 60.5405 -43.0827 94.896 -21.3823 32.0615 -73.2284 113.032 -63.6199 -34.877 -7.92853 44.6044 76.6818 87.4291 -90.7575 -0.281781 16.6042 20.1703 23.7381 17.1992 -41.2319 -38.2982 -42.0245 -35.3022 103.071 -14.5806 103.403 37.4789 49.3107
internal_weight=62149 25812 36337 11699 21128 14113 15209 5862 9824 10548 10580 7791 5837 2160 5385 4922 6322 4966 4104 2759 5891 4891 4305 2485 3407 5658 1085 4135 1159
internal_count=62149 25812 36337 11699 21128 14113 15209 5862 9824 10548 10580 7791 5837 2160 5385 4922 6322 4966 4104 2759 5891 4891 4305 2485 3407 5658 1085 4135 1159
is_linear=0
shrinkage=0.0768785


Tree=24
num_leaves=30
num_cat=0
split_feature=8 8 8 8 8 8 8 6 6 8 6 8 4 0 4 8 8 6 4 4 4 4 4 4 4 4 4 4 4
split_gain=2.3399e+10 4.31792e+09 2.71861e+09 5.92481e+08 5.8081e+08 3.72859e+08 3.3035e+08 1.32889e+08 9.92911e+07 8.33297e+07 6.79468e+07 6.59149e+07 5.78934e+07 7.61404e+07 5.36695e+07 4.76152e+07 4.08594e+07 4.03514e+07 4.3105e+07 4.43379e+07 3.71625e+07 3.59253e+07 3.27614e+07 3.73802e+07 3.13987e+07 7.41931e+07 3.43214e+07 2.99138e+07 3.73815e+07
threshold=19903.677500000005 15229.051250000002 24601.750000000004 13080.473750000003 17304.327500000003 21727.010000000006 27354.762500000004 11562.005000000003 18590.227500000005 23099.520000000004 16121.248750000001 14067.496250000002 17.500000000000004 34.445125000000004 7.5000000000000009 29285.471250000006 10263.900000000001 20549.947500000006 16.500000000000004 19.500000000000004 6.5000000000000009 6.5000000000000009 18.500000000000004 16.500000000000004 18.500000000000004 16.500000000000004 10.500000000000002 2.5000000000000004 19.500000000000004
decision_type=2 2 2 2 2 2 2 2 2 2 2 2 2 2 2 2 2 2 2 2 2 2 2 2 2 2 2 2 2
left_child=1 3 5 7 10 17 12 16 22 20 -3 -5 -4 -14 -10 -8 -1 -2 -19 -20 -7 -11 23 -6 25 26 -13 -9 -29
right_child=2 4 6 11 8 9 15 27 14 21 -12 24 13 -15 -16 -17 -18 18 19 -21 -22 -23 -24 -25 -26 -27 -28 28 -30
leaf_value=-111.41317157582935 18.827236039985223 -32.430194564841585 76.735439812577468 -56.108585821548367 -6.1467338004909085 31.982564743530364 109.55395062515777 -80.967293882311495 -9.307899423649852 49.67379984489488 -19.719875943850106 -38.110170722930889 82.581553702239333 111.4616862448166 11.551429380165132 135.48908285548595 -85.702602247037376 25.069962427228489 55.013118731996315 20.508598186128744 48.431664881485048 65.548482976102363 -17.219551267853525 15.021849747879026 -56.274180166442108 -10.469715079582334 -53.714981431007992 -64.902493506404639 -87.438398894375553
leaf_weight=418 2790 4488 3422 4167 4017 1150 2933 1142 880 1326 5572 2294 1608 812 4249 488 2899 2011 715 318 2760 2311 1339 562 863 444 1308 4380 483
leaf_count=418 2790 4488 3422 4167 4017 1150 2933 1142 880 1326 5572 2294 1608 812 4249 488 2899 2011 715 318 2760 2311 1339 562 863 444 1308 4380 483
internal_value=-0.0419493 -35.7559 62.265 -62.9794 -12.0264 40.1017 94.2812 -76.5922 0.143473 51.3848 -25.3902 -48.9975 83.1713 92.2719 7.97252 113.254 -88.9426 25.5056 31.6267 44.3912 43.5937 59.7608 -6.64179 -3.54862 -42.9613 -40.1217 -43.7768 -69.7702 -67.1408
internal_weight=62149 39505 22644 18398 21107 13381 9263 9322 11047 7547 10060 9076 5842 2420 5129 3421 3317 5834 3044 1033 3910 3637 5918 4579 4909 4046 3602 6005 4863
internal_count=62149 39505 22644 18398 21107 13381 9263 9322 11047 7547 10060 9076 5842 2420 5129 3421 3317 5834 3044 1033 3910 3637 5918 4579 4909 4046 3602 6005 4863
is_linear=0
shrinkage=0.0768785


Tree=25
num_leaves=30
num_cat=0
split_feature=8 8 8 8 8 8 8 8 8 6 8 6 8 8 6 4 4 4 4 4 4 4 4 4 4 4 4 4 4
split_gain=1.99111e+10 3.11709e+09 2.9086e+09 4.81968e+08 4.44909e+08 3.74652e+08 3.11902e+08 8.18068e+07 7.54136e+07 6.83624e+07 6.45899e+07 6.1729e+07 5.82067e+07 5.37306e+07 4.52139e+07 3.98152e+07 3.89935e+07 9.19793e+07 4.32399e+07 3.81583e+07 3.76207e+07 4.69336e+07 3.23906e+07 9.07573e+07 4.19275e+07 6.80904e+07 3.12587e+07 2.97549e+07 9.17899e+07
threshold=19074.147500000003 23785.500000000004 14430.522500000001 16617.238750000004 26799.525000000005 20936.895000000004 12089.625000000002 18025.540000000005 25404.773750000004 13442.378750000002 22737.625000000004 15112.468750000002 28658.991250000003 10732.750000000002 19897.761250000007 6.5000000000000009 18.500000000000004 16.500000000000004 10.500000000000002 7.5000000000000009 16.500000000000004 19.500000000000004 18.500000000000004 16.500000000000004 10.500000000000002 7.5000000000000009 7.5000000000000009 15.500000000000002 18.500000000000004
decision_type=2 2 2 2 2 2 2 2 2 2 2 2 2 2 2 2 2 2 2 2 2 2 2 2 2 2 2 2 2
left_child=2 5 6 11 8 14 13 22 -3 -8 15 -4 26 -1 -2 -7 17 18 19 -13 -16 -22 23 24 25 -5 -6 -11 -29
right_child=1 4 3 7 12 10 9 -9 -10 27 -12 16 -14 -15 20 -17 -18 -19 -20 -21 21 -23 -24 -25 -26 -27 -28 28 -30
leaf_value=-91.738456727403999 8.5876246241212133 62.747842230444697 -38.986563426674657 -22.265696568019592 85.709674846326834 23.774292218353885 -60.303823840407311 0.60770827177678677 79.097037847100097 -51.205190548603014 49.124300774312644 -31.697458644510391 115.43409199029701 -73.436296256158428 14.833909979802781 38.574088109344842 -41.028442844303839 -0.27635601731101167 -37.800304762925215 -14.549316197410239 42.999270279602861 10.41231569247085 -23.846569066328744 12.627312147428141 -23.693249886072145 1.5337772651191401 101.49302952275937 -20.556832732849276 -64.990183769474498
leaf_weight=1229 3466 3900 3514 1253 1178 1484 5294 4380 2913 3075 2666 1443 1214 4147 1981 3892 920 827 1720 1637 787 391 1285 862 1808 1641 2002 749 434
leaf_count=1229 3466 3900 3514 1253 1178 1484 5294 4380 2913 3075 2666 1443 1214 4147 1981 3892 920 827 1720 1637 787 391 1285 862 1808 1641 2002 749 434
internal_value=0.00645645 51.5134 -36.7899 -18.5468 82.0396 28.1884 -62.8078 -7.5978 69.7382 -54.471 39.3406 -30.767 101.113 -77.6203 14.6509 34.4887 -26.3553 -23.9562 -28.0361 -22.5833 21.3035 32.1831 -12.8453 -10.3046 -14.5086 -8.77056 95.6462 -47.2191 -36.8578
internal_weight=62092 25874 36218 21290 11207 14667 14928 11229 6813 9552 8042 10061 4394 5376 6625 5376 6547 5627 4800 3080 3159 1178 6849 5564 4702 2894 3180 4258 1183
internal_count=62092 25874 36218 21290 11207 14667 14928 11229 6813 9552 8042 10061 4394 5376 6625 5376 6547 5627 4800 3080 3159 1178 6849 5564 4702 2894 3180 4258 1183
is_linear=0
shrinkage=0.0768785


Tree=26
num_leaves=30
num_cat=0
split_feature=8 8 8 8 8 8 8 8 8 4 0 4 8 4 4 4 4 7 8 4 0 4 4 4 4 4 4 4 4
split_gain=1.69806e+10 2.97891e+09 2.13258e+09 4.75591e+08 3.43698e+08 2.91831e+08 2.72456e+08 1.11501e+08 7.46626e+07 6.58025e+07 8.6742e+07 4.87361e+07 4.72959e+07 4.6963e+07 9.68776e+07 4.88352e+07 5.76902e+07 4.45091e+07 3.73373e+07 3.71229e+07 3.55054e+07 6.74114e+07 4.62408e+07 3.47949e+07 3.4604e+07 3.26774e+07 3.67526e+07 3.83485e+07 6.32957e+07
threshold=19702.692500000001 15342.120000000001 24274.868750000005 13199.117500000002 17153.420000000002 26934.638750000002 21569.815000000002 11564.012500000003 18250.978750000006 17.500000000000004 33.036312500000015 6.5000000000000009 29644.963750000006 18.500000000000004 16.500000000000004 10.500000000000002 7.5000000000000009 13974.971250000002 9860.7500000000018 6.5000000000000009 28.099150000000005 17.500000000000004 11.500000000000002 18.500000000000004 19.500000000000004 6.5000000000000009 19.500000000000004 16.500000000000004 10.500000000000002
decision_type=2 2 2 2 2 2 2 2 2 2 2 2 2 2 2 2 2 2 2 2 2 2 2 2 2 2 2 2 2
left_child=1 3 6 7 13 11 19 18 -6 -8 -11 -4 23 14 15 16 -3 -5 -1 -2 -21 22 -22 -7 -23 -10 27 28 -27
right_child=2 4 5 17 8 12 9 -9 25 10 -12 -13 -14 -15 -16 -17 -18 -19 -20 20 21 24 -24 -25 -26 26 -28 -29 -30
leaf_value=-104.98051871897799 8.3522815722777626 -27.207350506764158 58.385318389737144 -46.911798700231124 -8.1441826807813111 84.459796743534838 37.391559900385097 -58.906800613398396 -9.2157001080620784 38.700434716978272 71.811771831657921 72.904903448644731 127.05912726075246 -34.2966375933065 3.9082004316785541 -31.037435476162763 -8.505429016583669 -35.99656083965786 -73.890311659716602 11.309202821654223 32.123414951898098 56.390471541105853 12.574309459450019 98.996634245111991 16.125392967396127 16.842048949778643 -8.324431239995377 21.179214000848308 -5.6811395008618808
leaf_weight=246 1331 1834 2182 3765 5128 1851 5439 6349 866 1007 873 3655 243 1472 932 2490 2081 5339 3173 1185 1299 570 1591 2052 162 1410 783 1238 1546
leaf_count=246 1331 1834 2182 3765 5128 1851 5439 6349 866 1007 873 3655 243 1472 932 2490 2081 5339 3173 1185 1299 570 1591 2052 162 1410 783 1238 1546
internal_value=0.00596007 -31.3021 51.6322 -53.1521 -10.4551 78.5551 31.6596 -64.9343 -1.37436 41.6772 54.0761 67.4772 94.1514 -21.7645 -19.2502 -22.62 -17.2664 -40.5106 -76.1273 19.7144 22.8605 26.6397 21.3613 92.1025 47.4793 4.56705 6.96526 9.81977 5.06233
internal_weight=62092 38652 23440 18872 19780 9983 13457 9768 10971 7319 1880 5837 4146 8809 7337 6405 3915 9104 3419 6138 4807 3622 2890 3903 732 5843 4977 4194 2956
internal_count=62092 38652 23440 18872 19780 9983 13457 9768 10971 7319 1880 5837 4146 8809 7337 6405 3915 9104 3419 6138 4807 3622 2890 3903 732 5843 4977 4194 2956
is_linear=0
shrinkage=0.0768785


Tree=27
num_leaves=30
num_cat=0
split_feature=8 8 8 8 8 8 8 6 8 6 8 6 8 4 4 4 4 4 4 4 4 8 8 4 4 4 4 4 0
split_gain=1.44805e+10 2.68372e+09 1.68546e+09 4.4381e+08 2.95934e+08 2.36413e+08 2.08242e+08 9.4727e+07 5.24056e+07 5.10653e+07 4.76962e+07 4.70524e+07 4.60933e+07 4.41661e+07 6.38032e+07 3.98912e+07 4.12482e+07 3.55491e+07 8.53254e+07 6.45156e+07 3.82866e+07 3.54031e+07 3.27253e+07 2.91367e+07 3.1169e+07 4.23292e+07 7.25321e+07 2.87771e+07 2.50283e+07
threshold=19903.677500000005 15499.385000000002 24601.750000000004 13139.850000000002 17819.298750000005 22293.750000000004 27493.246250000004 11896.29125 13834.330000000002 16418.875000000004 25979.655000000002 19070.013750000002 20707.396250000002 17.500000000000004 20.500000000000004 16.500000000000004 19.500000000000004 19.500000000000004 15.500000000000002 10.500000000000002 6.5000000000000009 9860.7500000000018 29644.963750000006 6.5000000000000009 9.5000000000000018 15.500000000000002 18.500000000000004 6.5000000000000009 29.807587500000004
decision_type=2 2 2 2 2 2 2 2 2 2 2 2 2 2 2 2 2 2 2 2 2 2 2 2 2 2 2 2 2
left_child=1 3 5 7 9 12 10 21 -5 -3 -4 -6 -2 -7 28 -13 -17 18 19 20 -10 -1 -8 -11 -25 -26 -27 -14 -15
right_child=2 4 6 8 11 13 22 -9 17 23 -12 15 27 14 -16 16 -18 -19 -20 -21 -22 -23 -24 24 25 26 -28 -29 -30
leaf_value=-99.366226665739518 14.570504628160851 -22.465516290818009 59.292785007223792 -45.671864848952026 -2.1320856142080093 39.040754830677201 87.928309943041782 -53.026293802157063 -37.591462058953404 -25.020619475083706 72.919750500414736 3.2127116688961883 17.085163116128712 30.822470394824098 32.608301298509119 29.192527605724145 -1.168982375130778 -45.737864137891272 -10.10414948380105 -47.74805848618788 -21.161984649296471 -66.884715597975685 117.29101448829287 -0.3899642897486556 -21.40410605690095 6.2891819546448016 -22.053294376343363 30.544308986119681 68.927524717575693
leaf_weight=208 2709 4728 3148 2975 5044 4227 2921 5043 1616 877 2932 2196 1266 114 547 903 374 1175 959 1620 1742 4264 243 1484 2009 1238 938 3634 958
leaf_count=208 2709 4728 3148 2975 5044 4227 2921 5043 1616 877 2932 2196 1266 114 547 903 374 1175 959 1620 1742 4264 243 1484 2009 1238 938 3634 958
internal_value=0.00550184 -28.1766 48.9142 -48.3392 -8.20651 31.5502 74.1881 -60.2497 -37.1041 -16.3775 65.8642 2.60943 22.6179 43.1762 53.9735 9.49576 20.3004 -33.5202 -31.1022 -35.1474 -29.0685 -68.3955 90.1834 -11.9802 -9.96288 -13.3574 -5.9283 27.0669 64.8753
internal_weight=62092 39393 22699 19602 19791 13455 9244 9515 10087 11274 6080 8517 7609 5846 1619 3473 1277 7112 5937 4978 3358 4472 3164 6546 5669 4185 2176 4900 1072
internal_count=62092 39393 22699 19602 19791 13455 9244 9515 10087 11274 6080 8517 7609 5846 1619 3473 1277 7112 5937 4978 3358 4472 3164 6546 5669 4185 2176 4900 1072
is_linear=0
shrinkage=0.0768785


Tree=28
num_leaves=30
num_cat=0
split_feature=8 8 8 8 8 8 6 8 6 8 6 4 4 4 4 4 4 4 4 4 4 4 4 4 4 4 4 4 0
split_gain=1.23626e+10 2.03003e+09 1.7484e+09 3.17476e+08 2.95427e+08 2.09576e+08 1.93207e+08 6.55065e+07 5.76976e+07 5.39961e+07 4.52244e+07 4.37205e+07 4.64903e+07 4.36585e+07 7.41018e+07 4.2865e+07 3.61302e+07 8.8015e+07 5.96952e+07 4.07418e+07 3.47982e+07 1.31862e+08 4.56381e+07 5.82926e+07 4.5722e+07 3.17141e+07 3.32637e+07 3.63411e+07 5.11327e+07
threshold=18950.122500000001 23482.205000000005 14367.1975 26097.625000000004 16228.712500000001 20707.396250000002 12529.032500000003 28339.945000000003 17354.532500000005 11134.210000000001 21970.423750000005 17.500000000000004 19.500000000000004 17.500000000000004 20.500000000000004 6.5000000000000009 18.500000000000004 15.500000000000002 10.500000000000002 7.5000000000000009 19.500000000000004 16.500000000000004 9.5000000000000018 2.5000000000000004 15.500000000000002 6.5000000000000009 19.500000000000004 17.500000000000004 30.074812500000004
decision_type=2 2 2 2 2 2 2 2 2 2 2 2 2 2 2 2 2 2 2 2 2 2 2 2 2 2 2 2 2
left_child=2 5 6 13 16 25 9 -5 -6 -1 -7 -12 -13 -3 -15 -10 17 18 19 -4 21 22 23 -8 -24 -2 27 -27 -29
right_child=1 3 4 7 8 10 20 -9 15 -11 11 12 -14 14 -16 -17 -18 -19 -20 -21 -22 -23 24 -25 -26 26 -28 28 -30
leaf_value=-69.529713568417833 -1.4515180076626439 46.128237419898724 -29.436008560888681 70.989727171429237 -13.44788813654576 23.460130011279489 -55.011104295260971 88.913412511248424 -19.432583260781037 -54.696922643267619 29.789210162641609 58.897827634615247 23.431510370894006 73.326240214466878 45.328554006202999 -0.79100683955088225 -37.488195226884187 -4.659652823363186 -38.934572475395967 -13.360437917519778 -56.447104324465805 -8.0209535271683894 -58.422308921938182 -33.098818887596217 -32.4342482493022 11.551995680198464 -1.1356840269713466 14.21168048750951 49.722675598828694
leaf_weight=2047 1148 3841 2129 4158 5884 4348 940 1697 830 4978 2665 734 311 1143 1093 5993 1457 1141 1958 1657 809 702 1652 3032 528 3352 862 607 396
leaf_count=2047 1148 3841 2129 4158 5884 4348 940 1697 830 4978 2665 734 311 1143 1093 5993 1457 1141 1958 1657 809 702 1652 3032 528 3352 862 607 396
internal_value=0.00507889 39.9507 -29.4537 63.409 -15.249 20.5439 -49.8101 76.1847 -7.86944 -59.019 28.7802 35.0152 48.3428 51.1 59.6404 -3.05871 -26.4899 -24.1624 -28.0365 -22.4003 -41.3678 -39.5879 -43.19 -38.2845 -52.128 10.1168 12.6624 15.3936 28.232
internal_weight=62092 26355 35737 11932 21049 14423 14688 5855 12707 7025 8058 3710 1045 6077 2236 6823 8342 6885 5744 3786 7663 6854 6152 3972 2180 6365 5217 4355 1003
internal_count=62092 26355 35737 11932 21049 14423 14688 5855 12707 7025 8058 3710 1045 6077 2236 6823 8342 6885 5744 3786 7663 6854 6152 3972 2180 6365 5217 4355 1003
is_linear=0
shrinkage=0.0768785


Tree=29
num_leaves=30
num_cat=0
split_feature=8 8 8 8 8 8 8 8 8 8 6 4 4 4 4 4 4 8 4 4 4 4 6 0 4 4 4 4 4
split_gain=1.05348e+10 1.7299e+09 1.4928e+09 2.47066e+08 2.29287e+08 2.00372e+08 1.90223e+08 4.75549e+07 4.63169e+07 4.24546e+07 4.03084e+07 3.96206e+07 6.79667e+07 4.49492e+07 5.005e+07 3.80056e+07 4.27408e+07 3.63476e+07 3.36747e+07 5.25604e+07 3.51088e+07 1.01668e+08 2.97585e+07 2.66795e+07 2.60593e+07 2.57007e+07 6.54565e+07 2.50801e+07 2.4219e+07
threshold=18950.122500000001 23685.718750000004 14833.780000000002 26799.525000000005 12535.187500000002 20862.772500000003 17058.958750000002 25404.773750000004 11029.932500000001 13785.565000000001 21970.423750000005 19.500000000000004 16.500000000000004 10.500000000000002 7.5000000000000009 17.500000000000004 19.500000000000004 28840.893750000003 6.5000000000000009 10.500000000000002 16.500000000000004 18.500000000000004 19772.622500000001 27.239950000000004 2.5000000000000004 19.500000000000004 16.500000000000004 7.5000000000000009 6.5000000000000009
decision_type=2 2 2 2 2 2 2 2 2 2 2 2 2 2 2 2 2 2 2 2 2 2 2 2 2 2 2 2 2
left_child=2 5 4 7 8 22 11 28 -1 25 -7 12 13 14 -4 -12 -17 27 -8 -20 -21 -22 -2 -15 -10 26 -6 -5 -3
right_child=1 3 6 17 9 10 18 -9 24 -11 15 -13 -14 23 -16 16 -18 -19 19 20 21 -23 -24 -25 -26 -27 -28 -29 -30
leaf_value=-64.570800180864154 5.0151029850319997 37.288866458963291 -23.439447650766141 61.272305886872395 -41.829658565427593 22.403991374344251 -16.26181214391805 57.968113787964661 -59.915548695612792 -30.718911470946754 28.56517022462398 -30.490597995441448 -0.88855739078551843 -37.181991893818505 -7.5556465806411213 55.119186620904131 23.152592777490284 86.821945545627457 7.6111603549388267 -13.584020010971201 17.51426110519462 -12.241419343230769 15.146987900342195 -22.011403424682019 -47.415158560579059 -56.424140308850014 -8.4732140385307808 74.936347457724708 49.5478089560984
leaf_weight=1949 3508 1486 2335 1250 4210 4024 1143 2913 1330 4427 2879 1617 1263 1082 2355 789 360 968 2285 2256 1105 1759 3349 1868 3807 567 379 2176 2653
leaf_count=1949 3508 1486 2335 1250 4210 4024 1143 2913 1330 4427 2879 1617 1263 1082 2355 789 360 968 2285 2256 1105 1759 3349 1868 3807 567 379 2176 2653
internal_value=0.00468842 36.8793 -27.1893 59.3586 -43.9945 19.6215 -12.4984 50.4428 -54.4801 -36.2412 27.8461 -19.42 -17.4093 -20.1404 -15.4637 33.2828 45.1035 73.6676 -3.97996 -2.08419 -6.41112 -0.760963 9.96358 -27.5757 -50.6516 -40.9827 -39.0748 69.9509 45.1466
internal_weight=62092 26355 35737 11446 16669 14909 19068 7052 7086 9583 8052 10520 8903 7640 4690 4028 1149 4394 8548 7405 5120 2864 6857 2950 5137 5156 4589 3426 4139
internal_count=62092 26355 35737 11446 16669 14909 19068 7052 7086 9583 8052 10520 8903 7640 4690 4028 1149 4394 8548 7405 5120 2864 6857 2950 5137 5156 4589 3426 4139
is_linear=0
shrinkage=0.0768785


Tree=30
num_leaves=30
num_cat=0
split_feature=8 8 8 8 8 8 8 6 4 4 4 4 4 4 0 4 4 4 4 4 6 6 4 4 4 4 4 0 4
split_gain=8.98286e+09 1.73734e+09 1.00107e+09 3.09758e+08 1.76795e+08 1.66658e+08 1.09671e+08 6.31196e+07 3.6683e+07 5.90408e+07 3.64785e+07 5.90863e+07 4.03809e+07 5.77363e+07 3.64239e+07 5.18732e+07 3.63035e+07 9.60475e+07 6.80164e+07 5.76634e+07 3.34705e+07 3.33101e+07 3.26633e+07 3.20022e+07 4.07962e+07 3.18118e+07 3.08987e+07 2.8594e+07 2.81218e+07
threshold=20037.753750000003 15707.040000000003 24916.125000000004 13199.117500000002 18025.540000000005 22737.625000000004 27493.246250000004 11695.188750000003 7.5000000000000009 9.5000000000000018 19.500000000000004 16.500000000000004 10.500000000000002 7.5000000000000009 34.229375000000012 17.500000000000004 18.500000000000004 15.500000000000002 10.500000000000002 6.5000000000000009 19191.542500000003 21089.700000000004 18.500000000000004 17.500000000000004 19.500000000000004 16.500000000000004 6.5000000000000009 24.4725 4.5000000000000009
decision_type=2 2 2 2 2 2 2 2 2 2 2 2 2 2 2 2 2 2 2 2 2 2 2 2 2 2 2 2 2
left_child=1 3 5 7 10 21 14 -1 -6 -10 11 12 13 -3 -4 -16 17 18 19 -5 -11 -2 -13 -23 -25 -22 28 -19 -7
right_child=2 4 6 16 8 26 -8 -9 9 20 -12 22 -14 -15 15 -17 -18 27 -20 -21 25 23 -24 24 -26 -27 -28 -29 -30
leaf_value=-54.928553791862036 14.499091258069443 -17.429221548168442 47.94746792775792 -32.515270946111535 -6.9688139751714218 33.980906047437692 71.388135165662234 -42.258479521782675 23.796714160764328 -2.1222828168272776 -22.253612703489502 9.1085730364451116 -19.32893084272521 -0.53124353170677563 51.432296693511432 75.392633488097175 -38.676106488465116 2.9937681649548247 -40.057325026353539 -16.210725006045095 0.40849046217263502 20.229422562289038 -14.726857285092331 44.730321471266691 13.32217544395675 18.292407416799779 41.251996523694132 -18.788529208405834 11.319406937157614
leaf_weight=3801 3985 2164 3125 2669 1598 1496 3147 5980 945 3193 1579 1325 3109 2669 1368 876 1679 703 2543 2467 1102 3136 457 805 351 1260 3476 722 413
leaf_count=3801 3985 2164 3125 2669 1598 1496 3147 5980 945 3193 1579 1325 3109 2669 1368 876 1679 703 2543 2467 1102 3136 457 805 351 1260 3476 722 413
internal_value=0.0679091 -21.706 39.3048 -37.2752 -5.20356 26.4094 59.9927 -47.1822 3.46677 6.03231 -11.4154 -9.65546 -12.4941 -8.0974 53.3133 60.7858 -28.2889 -26.3732 -29.7748 -24.6836 3.01029 19.5605 2.9959 24.2599 35.1938 9.9486 36.9364 -8.0426 29.0782
internal_weight=62143 39965 22178 20564 19401 13662 8516 9781 8098 6500 11303 9724 7942 4833 5369 2244 10783 9104 7679 5136 5555 8277 1782 4292 1156 2362 5385 1425 1909
internal_count=62143 39965 22178 20564 19401 13662 8516 9781 8098 6500 11303 9724 7942 4833 5369 2244 10783 9104 7679 5136 5555 8277 1782 4292 1156 2362 5385 1425 1909
is_linear=0
shrinkage=0.0768785


Tree=31
num_leaves=30
num_cat=0
split_feature=8 8 8 6 8 8 8 8 8 4 4 4 4 4 4 4 4 4 0 4 4 4 4 4 5 0 0 4 4
split_gain=7.65541e+09 1.55709e+09 7.91533e+08 2.55213e+08 1.80316e+08 1.37996e+08 8.15784e+07 4.45956e+07 3.95715e+07 3.40718e+07 3.26019e+07 3.90087e+07 3.42373e+07 3.24307e+07 5.39625e+07 3.51708e+07 8.53819e+07 3.16666e+07 6.26407e+07 3.16454e+07 5.32401e+07 3.57455e+07 5.08732e+07 2.75784e+07 2.6712e+07 2.64394e+07 2.63034e+07 4.60632e+07 3.01452e+07
threshold=20261.816250000003 15601.587500000001 25103.500000000004 12894.518750000001 18025.540000000005 22908.985000000004 27620.572500000006 11134.210000000001 13785.565000000001 6.5000000000000009 6.5000000000000009 4.5000000000000009 10.500000000000002 7.5000000000000009 10.500000000000002 16.500000000000004 18.500000000000004 16.500000000000004 31.168950000000006 19.500000000000004 16.500000000000004 10.500000000000002 7.5000000000000009 18.500000000000004 1.0000000180025095e-35 30.870450000000002 33.771237500000005 17.500000000000004 13.500000000000002
decision_type=2 2 2 2 2 2 2 2 2 2 2 2 2 2 2 2 2 2 2 2 2 2 2 2 2 2 2 2 2
left_child=1 3 5 7 19 10 9 -1 -5 -4 11 -2 -12 -6 -15 -16 -17 -14 -19 20 21 22 -3 -22 -25 -18 -7 28 -28
right_child=2 4 6 8 13 26 -8 -9 -10 -11 12 -13 17 14 15 16 25 18 -20 -21 23 -23 -24 24 -26 -27 27 -29 -30
leaf_value=-54.621953193700556 19.061325774848061 -16.333321418457611 42.410087739255381 -33.52307836793625 -5.710661865757948 30.065495221210266 66.595984879493173 -41.702563256322058 -24.069344405204664 55.340688260525035 34.319632172666537 -2.8427681243286633 13.438728249555727 17.943337549931012 -4.9646469635359951 23.55533006278867 -4.8159311942485967 12.41506719325991 37.596632164789185 -20.780085344641208 8.0082946297236948 -18.218584723904932 -0.85531940994594713 15.066017622706568 -25.581928883271758 38.363036530650227 40.819936408551172 57.898050141343276 19.619057630032525
leaf_weight=2095 1328 2299 1932 4002 1760 2748 2904 6413 7561 3198 1136 753 2485 1688 2314 1202 1762 1091 1256 1651 1374 3246 2764 135 327 88 1387 689 555
leaf_count=2095 1328 2299 1932 4002 1760 2748 2904 6413 7561 3198 1136 753 2485 1688 2314 1202 1762 1091 1256 1651 1374 3246 2764 135 327 88 1387 689 555
internal_value=0.0626884 -19.5362 37.2123 -34.7775 -4.69358 25.7923 56.2995 -44.8838 -27.3413 50.4709 19.4212 11.1354 22.3104 3.62528 5.95463 2.1833 7.60281 19.4871 25.891 -10.9094 -9.3031 -11.921 -7.88355 2.54467 -13.7043 -2.76201 35.3258 40.8201 34.761
internal_weight=62143 40681 21462 20071 20610 13428 8034 8508 11563 5130 8049 2081 5968 8814 7054 5366 3052 4832 2347 11796 10145 8309 5063 1836 462 1850 5379 2631 1942
internal_count=62143 40681 21462 20071 20610 13428 8034 8508 11563 5130 8049 2081 5968 8814 7054 5366 3052 4832 2347 11796 10145 8309 5063 1836 462 1850 5379 2631 1942
is_linear=0
shrinkage=0.0768785


Tree=32
num_leaves=30
num_cat=0
split_feature=8 8 8 8 8 8 8 0 4 4 4 4 4 4 4 4 4 4 6 4 4 4 0 4 4 4 8 4 1
split_gain=6.53194e+09 1.03062e+09 9.71024e+08 1.54746e+08 1.45169e+08 1.4064e+08 1.26347e+08 4.16428e+07 3.35528e+07 9.8352e+07 3.72138e+07 5.64328e+07 3.43399e+07 3.31033e+07 2.80559e+07 4.48145e+07 2.99338e+07 6.61147e+07 2.8927e+07 2.7437e+07 3.6093e+07 3.02994e+07 6.22862e+07 2.64211e+07 2.76999e+07 2.66815e+07 2.58956e+07 3.06721e+07 2.5277e+07
threshold=19251.570000000003 14945.055000000002 23887.166250000002 12535.187500000002 26097.625000000004 17004.695000000003 21491.540000000005 34.516250000000007 18.500000000000004 16.500000000000004 9.5000000000000018 2.5000000000000004 15.500000000000002 2.5000000000000004 19.500000000000004 16.500000000000004 10.500000000000002 7.5000000000000009 18590.227500000005 7.5000000000000009 10.500000000000002 16.500000000000004 29.123225000000005 6.5000000000000009 4.5000000000000009 10.500000000000002 29644.963750000006 17.500000000000004 10.500000000000002
decision_type=2 2 2 2 2 2 2 2 2 2 2 2 2 2 2 2 2 2 2 2 2 2 2 2 2 2 2 2 2
left_child=1 3 6 13 -4 -3 19 -6 9 10 11 -5 -12 -1 15 16 17 -7 28 -2 -21 -22 -23 24 -8 -25 27 -9 -17
right_child=2 5 4 8 7 14 23 26 -10 -11 12 -13 -14 -15 -16 18 -18 -19 -20 20 21 22 -24 25 -26 -27 -28 -29 -30
leaf_value=-51.301416448986892 1.8474334983695118 -15.125949355419895 38.016176715102304 -39.667711963420125 49.463351149411196 -10.00841370757745 23.007710067094301 51.889855783753575 -39.43892803716971 -0.55166632530520898 -39.727242379957161 -20.352193819890093 -18.287015172620436 -39.673505544167227 -12.464802274707811 9.5436493892380092 -9.8995631129366561 9.7764034871187846 19.844400340439925 24.452130956892972 2.6553286334817159 4.5971020198806274 28.872069095929895 41.566694535856726 2.843596687353195 25.495218265644855 91.615991733927828 68.399191393716038 -14.642327553284526
leaf_weight=2029 1766 9811 5113 1171 3022 1865 1481 1263 1351 790 2421 3779 540 5045 1361 751 2690 2148 886 1235 2036 1424 1113 727 553 3811 169 1405 387
leaf_count=2029 1766 9811 5113 1171 3022 1865 1481 1263 1351 790 2421 3779 540 5045 1361 751 2690 2148 886 1235 2036 1424 1113 727 553 3811 169 1405 387
internal_value=0.0578689 -20.4715 30.319 -34.2974 47.4823 -8.5722 17.0067 55.7431 -28.167 -26.4168 -28.9997 -24.9216 -35.8172 -43.0087 -2.19841 -0.597337 -3.62462 0.581616 9.42828 10.2387 12.7902 9.64075 15.2467 24.8065 17.5255 28.0699 62.4324 60.5839 1.31872
internal_weight=62143 37025 25118 17126 10972 19899 14146 5859 10052 8701 7911 4950 2961 7074 10088 8727 6703 4013 2024 7574 5808 4573 2537 6572 2034 4538 2837 2668 1138
internal_count=62143 37025 25118 17126 10972 19899 14146 5859 10052 8701 7911 4950 2961 7074 10088 8727 6703 4013 2024 7574 5808 4573 2537 6572 2034 4538 2837 2668 1138
is_linear=0
shrinkage=0.0768785


Tree=33
num_leaves=30
num_cat=0
split_feature=8 8 8 8 8 8 8 8 4 4 4 4 4 4 4 4 4 4 4 4 0 0 4 4 4 4 4 4 4
split_gain=5.57886e+09 1.08181e+09 6.24764e+08 2.03509e+08 1.05476e+08 8.919e+07 8.03346e+07 5.59167e+07 3.16727e+07 2.9031e+07 2.63919e+07 2.80176e+07 2.5952e+07 4.27353e+07 2.82104e+07 4.33713e+07 2.58979e+07 6.66532e+07 2.5745e+07 3.12107e+07 2.61516e+07 2.52464e+07 2.52101e+07 6.33054e+07 4.54718e+07 4.105e+07 2.46745e+07 2.46644e+07 5.41277e+07
threshold=20037.753750000003 15763.095000000001 24479.750000000004 13562.252500000001 18195.390000000003 27354.762500000004 21813.190000000006 11833.375000000002 6.5000000000000009 21.500000000000004 6.5000000000000009 4.5000000000000009 19.500000000000004 16.500000000000004 10.500000000000002 6.5000000000000009 19.500000000000004 16.500000000000004 17.500000000000004 14.500000000000002 34.092612500000008 28.674850000000003 18.500000000000004 15.500000000000002 9.5000000000000018 6.5000000000000009 10.500000000000002 17.500000000000004 19.500000000000004
decision_type=2 2 2 2 2 2 2 2 2 2 2 2 2 2 2 2 2 2 2 2 2 2 2 2 2 2 2 2 2
left_child=1 3 6 7 12 8 -2 -1 -4 18 11 -8 13 14 15 -3 17 -9 19 -10 -20 -16 23 24 25 -5 -12 -28 -29
right_child=2 4 5 22 -6 -7 10 16 9 -11 26 -13 -14 -15 21 -17 -18 -19 20 -21 -22 -23 -24 -25 -26 -27 27 28 -30
leaf_value=-43.009035968673473 12.923938998235828 -15.75203018256064 33.132942601670635 -24.73171503744646 3.3056501192468444 55.864839482481564 23.328118538221219 -32.422892563506963 46.605989928987675 32.483369677359619 41.656336333285786 3.6142523755729132 -17.399112432907906 3.4328771339831459 -24.787630143784405 -0.64671139241076814 -46.051243050240956 0.14418887407124259 44.157160636861512 18.149277850404076 63.804044802242551 -10.279347333995121 -29.955291569487883 -3.57454152067162 -30.619176583681941 -9.6749501862953267 20.576252055213743 44.808124378593583 18.735116043171161
leaf_weight=4402 5604 1697 2274 2218 7351 3394 1733 5766 1036 898 717 565 1640 1896 1045 3324 688 397 739 292 874 2204 1553 1279 2437 2068 2162 1005 885
leaf_count=4402 5604 1697 2274 2218 7351 3394 1733 5766 1036 898 717 565 1640 1896 1045 3324 688 397 739 292 874 2204 1553 1279 2437 2068 2162 1005 885
internal_value=0.05342 -17.106 30.9749 -29.2424 -3.92366 45.8715 19.7981 -36.2483 40.323 44.582 25.2492 18.4811 -8.42499 -6.97727 -9.36392 -5.75201 -31.9043 -30.325 48.2762 40.3489 54.8028 -14.9458 -20.9915 -19.2519 -22.2344 -17.4668 28.5104 26.1843 32.5993
internal_weight=62143 39965 22178 20808 19157 9507 12671 11253 6113 3839 7067 2298 11806 10166 8270 5021 6851 6163 2941 1328 1613 3249 9555 8002 6723 4286 4769 4052 1890
internal_count=62143 39965 22178 20808 19157 9507 12671 11253 6113 3839 7067 2298 11806 10166 8270 5021 6851 6163 2941 1328 1613 3249 9555 8002 6723 4286 4769 4052 1890
is_linear=0
shrinkage=0.0768785


Tree=34
num_leaves=30
num_cat=0
split_feature=8 8 8 8 8 8 8 0 4 4 4 4 4 4 4 4 4 0 0 4 8 4 4 4 5 4 4 5 8
split_gain=4.75964e+09 8.06002e+08 6.78718e+08 1.30715e+08 1.14831e+08 8.80106e+07 8.37224e+07 3.26506e+07 2.80094e+07 7.82104e+07 2.77093e+07 5.15713e+07 3.88192e+07 2.51671e+07 3.04533e+07 2.51988e+07 3.39078e+07 5.90761e+07 2.50155e+07 4.50799e+07 2.34441e+07 2.32932e+07 3.91523e+07 2.58535e+07 3.28688e+07 2.50928e+07 4.88443e+07 2.26066e+07 2.08162e+07
threshold=18888.973750000001 23482.205000000005 14430.522500000001 26097.625000000004 16374.842500000001 20631.270000000004 12019.710000000001 34.665837500000009 18.500000000000004 16.500000000000004 9.5000000000000018 2.5000000000000004 15.500000000000002 6.5000000000000009 4.5000000000000009 11.500000000000002 17.500000000000004 32.30906250000001 33.904712500000009 18.500000000000004 10263.900000000001 19.500000000000004 16.500000000000004 18.500000000000004 1.0000000180025095e-35 10.500000000000002 7.5000000000000009 1.0000000180025095e-35 29644.963750000006
decision_type=2 2 2 2 2 2 2 2 2 2 2 2 2 2 2 2 2 2 2 2 2 2 2 2 2 2 2 2 2
left_child=2 5 6 18 -4 -2 20 -5 9 10 11 -8 -12 14 -7 -15 -17 -18 -3 -20 -1 22 25 -24 -25 26 -6 -14 -9
right_child=1 3 4 7 21 13 8 28 -10 -11 12 -13 27 15 -16 16 17 -19 19 -21 -22 -23 23 24 -26 -27 -28 -29 -30
leaf_value=-54.842168274114258 5.7303656648175529 27.13579639206678 -15.93940389470016 42.399565921752796 -10.53236788626533 17.045978639782273 -36.028401827177802 52.187363920779603 -37.892839455323703 -0.15996225087813515 -38.15616500989983 -18.981742953694635 -43.029446631650671 28.724989677910266 -1.7501389146762081 11.083274819730258 12.925644378763636 39.295074090212196 31.185145912792134 53.658726547414616 -37.112038416703157 -13.052787534288992 11.840976437246699 19.653313052332145 -16.619380890776526 -10.849357469648076 4.9440986338726427 -8.5072736092464485 80.457829878449814
leaf_weight=487 6340 3362 8843 3186 2197 1584 1476 2509 1159 681 2220 3625 146 1584 751 2334 1128 905 2028 713 4644 1575 1488 209 503 3149 2670 483 164
leaf_count=487 6340 3362 8843 3186 2197 1584 1476 2509 1159 681 2220 3625 146 1584 751 2334 1128 905 2028 713 4644 1575 1488 209 503 3149 2670 483 164
internal_value=0.0493132 24.6532 -18.3494 39.4542 -9.31697 12.5481 -30.8403 47.6563 -26.6712 -25.1644 -27.3063 -23.9143 -33.3794 17.7646 11.0006 20.4186 17.4057 24.6641 31.58 37.0311 -38.7949 -4.35029 -3.00863 6.07608 -5.97192 -5.50193 -2.04209 -16.5204 53.9219
internal_weight=62143 26588 35555 11962 20634 14626 14921 5859 9790 8631 7950 5101 2849 8286 2335 5951 4367 2033 6103 2741 5131 11791 10216 2200 712 8016 4867 629 2673
internal_count=62143 26588 35555 11962 20634 14626 14921 5859 9790 8631 7950 5101 2849 8286 2335 5951 4367 2033 6103 2741 5131 11791 10216 2200 712 8016 4867 629 2673
is_linear=0
shrinkage=0.0768785


Tree=35
num_leaves=30
num_cat=0
split_feature=8 8 8 8 8 8 8 6 8 4 4 4 4 4 4 4 5 5 4 4 4 4 4 0 4 4 4 0 4
split_gain=4.10762e+09 6.90163e+08 5.68723e+08 1.16016e+08 1.15469e+08 7.25466e+07 6.00623e+07 2.85968e+07 2.34111e+07 2.28791e+07 6.46668e+07 2.14533e+07 3.20343e+07 2.22259e+07 4.47893e+07 2.16415e+07 3.08357e+07 2.14239e+07 2.11614e+07 2.25499e+07 2.09547e+07 3.67744e+07 4.25755e+07 2.93222e+07 2.07201e+07 2.33166e+07 2.61342e+07 3.82631e+07 3.22902e+07
threshold=18826.355000000003 23378.875000000004 14067.496250000002 25979.655000000002 16228.712500000001 20787.597500000003 11833.375000000002 27496.036250000001 9860.7500000000018 18.500000000000004 16.500000000000004 19.500000000000004 16.500000000000004 10.500000000000002 7.5000000000000009 18.500000000000004 1.0000000180025095e-35 1.0000000180025095e-35 6.5000000000000009 4.5000000000000009 19.500000000000004 17.500000000000004 12.500000000000002 30.533725000000004 6.5000000000000009 19.500000000000004 17.500000000000004 30.074812500000004 10.500000000000002
decision_type=2 2 2 2 2 2 2 2 2 2 2 2 2 2 2 2 2 2 2 2 2 2 2 2 2 2 2 2 2
left_child=2 5 6 -3 -4 24 8 -5 -1 10 -8 12 13 14 -6 -14 -17 -12 19 -7 21 22 -20 -23 -2 26 28 -28 -26
right_child=1 3 4 7 11 18 9 -9 -10 -11 17 -13 15 -15 -16 16 -18 -19 20 -21 -22 23 -24 -25 25 -27 27 -29 -30
leaf_value=-60.156305521716277 -3.1777178725412254 28.674075528821703 -15.984038529497649 38.888639543101199 -10.262760481745548 15.52689246081318 -26.71759452319408 49.5088602202025 -35.746987364686476 -37.289322949882312 -19.176571115185617 -12.728577652606914 9.9912401620800431 -10.531232207706859 4.2158375381241564 18.858908889392957 -16.607579673398511 11.554445413849576 25.072223493097034 -1.3385344423326475 6.8150247494980105 11.901347253728744 8.3336174962376752 40.207608997700227 15.362911008997981 -3.1700179472736632 8.7070845516535051 37.750969181022668 0.83291816403105168
leaf_weight=246 1255 6124 9539 3319 2330 1469 7502 2732 4149 974 214 1699 1510 3281 2757 204 500 359 1904 688 709 290 1700 851 1533 970 679 443 2203
leaf_count=246 1255 6124 9539 3319 2330 1469 7502 2732 4149 974 214 1699 1510 3281 2757 204 500 359 1904 688 709 290 1700 851 1533 970 679 443 2203
internal_value=-0.0475072 22.5978 -17.3019 36.1339 -9.63838 11.3823 -29.7399 43.6836 -37.1132 -26.1588 -24.8162 -4.70953 -3.42203 -5.59777 -2.4158 4.80136 -6.33036 0.077242 16.5934 10.1475 19.1428 20.9848 17.1767 33.0132 5.78273 7.71227 9.88515 20.1745 6.79504
internal_weight=62133 26869 35264 12175 21820 14694 13444 6051 4395 9049 8075 12281 10582 8368 5087 2214 704 573 7611 2157 5454 4745 3604 1141 7083 5828 4858 1122 3736
internal_count=62133 26869 35264 12175 21820 14694 13444 6051 4395 9049 8075 12281 10582 8368 5087 2214 704 573 7611 2157 5454 4745 3604 1141 7083 5828 4858 1122 3736
is_linear=0
shrinkage=0.0768785


Tree=36
num_leaves=30
num_cat=0
split_feature=8 8 8 8 8 6 6 0 4 4 4 0 8 8 4 4 4 4 5 4 4 4 4 0 4 4 4 4 4
split_gain=3.50032e+09 5.89946e+08 4.85115e+08 1.08428e+08 9.20248e+07 5.63876e+07 5.53964e+07 3.05498e+07 2.79234e+07 4.81608e+07 2.60851e+07 2.21147e+07 2.20756e+07 2.16739e+07 1.98158e+07 2.48273e+07 5.54205e+07 6.64383e+07 3.54102e+07 1.91072e+07 4.69191e+07 3.5614e+07 3.41714e+07 2.02937e+07 1.90949e+07 2.12063e+07 2.40634e+07 3.4439e+07 1.87263e+07
threshold=18826.355000000003 23191.250000000004 14192.336250000002 25638.945000000003 16228.712500000001 20474.750000000004 12081.352500000003 34.37295000000001 17.500000000000004 19.500000000000004 18.500000000000004 30.533725000000004 9860.7500000000018 29644.963750000006 1.5000000000000002 9.5000000000000018 15.500000000000002 18.500000000000004 1.0000000180025095e-35 18.500000000000004 15.500000000000002 9.5000000000000018 7.5000000000000009 25.478250000000006 6.5000000000000009 20.500000000000004 17.500000000000004 12.500000000000002 20.500000000000004
decision_type=2 2 2 2 2 2 2 2 2 2 2 2 2 2 2 2 2 2 2 2 2 2 2 2 2 2 2 2 2
left_child=2 5 6 24 19 -2 12 -5 -7 11 13 -10 -1 -9 -8 -16 -17 18 -18 20 21 22 -4 -22 -3 26 27 -26 -12
right_child=1 3 4 7 -6 8 14 10 9 -11 28 -13 -14 -15 15 16 17 -19 -20 -21 23 -23 -24 -25 25 -27 -28 -29 -30
leaf_value=-57.303278817998091 4.9107739704406859 19.460272960886183 -16.704462612949708 34.474703722209775 -4.3474725612638876 11.769506256754616 -33.976540100271443 35.808932238113428 15.251751614522062 5.9472388898713762 61.303166206904613 36.879554269441542 -32.267317590924243 79.552473959750102 -17.441442043072929 -36.071463279255454 -27.948399427542185 -33.867748793223384 0.82647847695380872 -22.279509362155729 11.712044112489471 -22.958325771067962 -1.7549713843272805 -8.1958662750084859 36.008066252141639 18.196082593000678 40.875474116847094 14.441454530266672 44.923560600513099
leaf_weight=217 6605 2131 2385 3462 12281 5531 920 1534 392 707 677 973 5109 70 3650 1833 344 914 953 1569 554 2413 1455 667 972 886 1077 796 1056
leaf_count=217 6605 2131 2385 3462 12281 5531 920 1534 392 707 677 973 5109 70 3650 1833 344 914 953 1569 554 2413 1455 667 972 886 1077 796 1056
internal_value=-0.0438549 20.8606 -15.9717 32.9281 -8.68121 10.107 -27.124 39.5341 14.6211 22.2332 44.7831 30.6685 -33.2874 37.7179 -23.3133 -22.0382 -26.1871 -17.9926 -6.80541 -14.5667 -12.9476 -15.6392 -11.04 0.836879 25.2661 28.5821 31.8166 26.2982 51.3223
internal_weight=62133 26869 35264 12661 21324 14208 13940 6799 7603 2072 3337 1365 5326 1604 8614 7694 4044 2211 1297 9043 7474 6253 3840 1221 5862 3731 2845 1768 1733
internal_count=62133 26869 35264 12661 21324 14208 13940 6799 7603 2072 3337 1365 5326 1604 8614 7694 4044 2211 1297 9043 7474 6253 3840 1221 5862 3731 2845 1768 1733
is_linear=0
shrinkage=0.0768785


Tree=37
num_leaves=30
num_cat=0
split_feature=8 8 8 8 8 8 4 4 4 4 5 8 4 4 4 4 4 4 4 7 8 4 4 4 4 4 0 4 4
split_gain=2.98506e+09 5.52692e+08 3.79747e+08 1.04625e+08 7.51549e+07 5.00537e+07 4.42484e+07 3.82177e+07 5.79438e+07 6.59486e+07 4.64758e+07 2.83241e+07 2.09631e+07 1.94875e+07 1.90487e+07 2.10979e+07 2.01355e+07 1.87165e+07 3.11006e+07 1.88285e+07 1.83666e+07 1.82948e+07 1.80478e+07 4.16387e+07 3.26847e+07 3.30236e+07 1.84301e+07 1.61048e+07 2.4045e+07
threshold=18542.863750000004 22908.985000000004 13884.125000000002 25638.945000000003 16176.207500000002 20552.690000000006 3.5000000000000004 9.5000000000000018 15.500000000000002 19.500000000000004 1.0000000180025095e-35 28180.290000000005 16.500000000000004 6.5000000000000009 6.5000000000000009 21.500000000000004 4.5000000000000009 7.5000000000000009 9.5000000000000018 19221.402500000004 9860.7500000000018 21.500000000000004 18.500000000000004 15.500000000000002 9.5000000000000018 7.5000000000000009 25.478250000000006 7.5000000000000009 10.500000000000002
decision_type=2 2 2 2 2 2 2 2 2 2 2 2 2 2 2 2 2 2 2 2 2 2 2 2 2 2 2 2 2
left_child=2 5 6 14 22 17 -1 20 -9 10 -10 13 -12 -5 16 -16 -3 -2 -19 -20 -8 -15 23 24 25 -4 -25 -7 -29
right_child=1 3 4 11 -6 27 7 8 9 -11 12 -13 -14 21 15 -17 -18 18 19 -21 -22 -23 -24 26 -26 -27 -28 28 -30
leaf_value=-32.678990018054371 -3.6362033289207725 20.927599558355379 -15.705070470885639 27.068385636546914 -4.7775407919689732 7.0685057519180798 -60.280637775648302 -35.83343157801751 -29.299864474555918 -34.838707545385994 -8.7712357713767801 44.433577506704374 13.233702296208115 40.932511716601894 28.243948463392464 12.828762997206974 3.2027736254621417 19.720473951532881 -1.4447902167069318 7.8563865957826415 -16.305972107852487 27.90561703195063 -21.034129441350647 9.7493257033988474 -21.586807414229966 -1.7223337309434747 -8.4237664894190072 27.052529920148181 12.803029048731572
leaf_weight=3904 1563 1902 2798 1812 11293 2042 57 2410 502 1006 744 1910 390 2176 3610 614 473 820 2368 2816 3699 901 1742 619 2619 1552 706 838 4247
leaf_count=3904 1563 1902 2798 1812 11293 2042 57 2410 502 1006 744 1910 390 2176 3610 614 473 820 2368 2816 3699 901 1742 619 2619 1552 706 838 4247
internal_value=-0.0404834 18.5089 -15.3482 29.8018 -9.07958 8.21207 -25.8661 -22.8464 -27.2129 -19.3493 -9.82469 36.4948 -1.2034 33.3933 22.906 26.0032 17.3976 3.8575 5.80831 3.6077 -16.9733 37.118 -13.9204 -12.4263 -14.8015 -10.7163 0.0661536 12.8355 15.1513
internal_weight=62133 28092 34041 13398 21329 14694 12712 8808 5052 2642 1636 6799 1134 4889 6599 4224 2375 7567 6004 5184 3756 3077 10036 8294 6969 4350 1325 7127 5085
internal_count=62133 28092 34041 13398 21329 14694 12712 8808 5052 2642 1636 6799 1134 4889 6599 4224 2375 7567 6004 5184 3756 3077 10036 8294 6969 4350 1325 7127 5085
is_linear=0
shrinkage=0.0768785


Tree=38
num_leaves=30
num_cat=0
split_feature=8 8 8 8 8 6 8 8 4 4 4 4 4 0 1 5 4 4 4 4 4 5 0 4 4 4 4 4 4
split_gain=2.546e+09 5.0337e+08 2.80303e+08 9.49544e+07 6.80442e+07 4.17873e+07 4.1428e+07 2.34127e+07 2.18428e+07 2.93636e+07 2.24887e+07 2.04206e+07 4.4629e+07 1.92095e+07 1.91093e+07 2.11199e+07 1.93326e+07 1.85666e+07 1.93592e+07 3.37395e+07 3.62862e+07 2.61934e+07 1.62014e+07 1.6103e+07 1.59336e+07 4.441e+07 2.32254e+07 3.88945e+07 1.5895e+07
threshold=20115.087500000005 15550.080000000002 24696.115000000002 12720.500000000002 17662.007500000003 26226.160000000003 22561.093750000004 10460.125000000002 6.5000000000000009 19.500000000000004 4.5000000000000009 16.500000000000004 10.500000000000002 34.516250000000007 10.500000000000002 1.0000000180025095e-35 18.500000000000004 2.5000000000000004 9.5000000000000018 15.500000000000002 19.500000000000004 1.0000000180025095e-35 19.738912500000005 16.500000000000004 19.500000000000004 16.500000000000004 9.5000000000000018 6.5000000000000009 15.500000000000002
decision_type=2 2 2 2 2 2 2 2 2 2 2 2 2 2 2 2 2 2 2 2 2 2 2 2 2 2 2 2 2
left_child=1 3 6 7 -3 -4 -2 -1 10 11 -6 12 -10 -7 -13 16 -16 -9 -19 -20 21 -21 -11 -23 25 26 27 -5 -28
right_child=2 4 5 24 8 13 -8 17 9 22 -12 14 -14 -15 15 -17 -18 18 19 20 -22 23 -24 -25 -26 -27 28 -29 -30
leaf_value=-39.928751584674281 10.110027760514605 -7.4476659941689789 25.519889004308045 -18.799149634396898 1.9300594055996301 31.163455426351142 18.923551886621201 -31.95396324588696 9.8016505134820697 -17.403122593559495 -16.931036466632094 15.05070416220272 -4.7252113202805521 40.668478528267642 66.030987866922445 -11.140762984726388 -0.39409929182753689 -18.737365141660359 -37.897993968602854 -29.796900594573877 -37.511806253487521 -7.8809287316270433 -0.45543107935430227 22.796814166655778 -22.73599191306792 0.40264900294634953 -23.675848139799374 -5.8244799550090764 -10.302486905881775
leaf_weight=735 7600 10281 3968 3289 779 2434 5386 1925 2402 559 718 1677 2606 2598 45 368 61 2771 1120 268 435 422 826 133 1761 1020 2973 2335 638
leaf_count=735 7600 10281 3968 3289 779 2434 5386 1925 2402 559 718 1677 2606 2598 45 368 61 2771 1120 268 435 422 826 133 1761 1020 2973 2335 638
internal_value=-0.0373711 -11.5538 20.992 -20.2695 -3.05136 31.4191 13.7655 -26.8694 1.45003 2.95093 -7.11621 4.93327 2.24235 36.0709 11.1983 -2.43132 27.8052 -25.5125 -23.1043 -28.1929 -19.5524 -10.06 -7.29569 -0.529325 -15.9803 -14.8202 -16.5016 -13.4123 -21.313
internal_weight=62133 40147 21986 19825 20322 9000 12986 7809 10041 8544 1497 7159 5008 5032 2151 474 106 7074 5149 2378 1258 823 1385 555 12016 10255 9235 5624 3611
internal_count=62133 40147 21986 19825 20322 9000 12986 7809 10041 8544 1497 7159 5008 5032 2151 474 106 7074 5149 2378 1258 823 1385 555 12016 10255 9235 5624 3611
is_linear=0
shrinkage=0.0768785


Tree=39
num_leaves=30
num_cat=0
split_feature=8 8 8 6 8 6 4 4 4 4 5 0 4 4 4 4 8 0 0 4 4 4 4 4 0 0 0 8 5
split_gain=2.17522e+09 4.00854e+08 2.8009e+08 7.61651e+07 5.75588e+07 4.00344e+07 3.19685e+07 2.99509e+07 4.23259e+07 4.72216e+07 3.60175e+07 2.71282e+07 2.42331e+07 3.5246e+07 2.08872e+07 2.14305e+07 1.93102e+07 1.64315e+07 1.87168e+07 1.60326e+07 1.51174e+07 1.95086e+07 1.46628e+07 3.94104e+07 2.06829e+07 1.98781e+07 1.68484e+07 1.42488e+07 1.41057e+07
threshold=18542.863750000004 23004.497500000005 13785.565000000001 25522.875000000004 16071.240000000002 20549.947500000006 3.5000000000000004 9.5000000000000018 15.500000000000002 19.500000000000004 1.0000000180025095e-35 34.092612500000008 17.500000000000004 19.500000000000004 17.500000000000004 19.500000000000004 29644.963750000006 30.533725000000004 35.95781250000001 16.500000000000004 13.500000000000002 7.5000000000000009 18.500000000000004 16.500000000000004 16.474900000000005 20.607600000000009 33.702512500000012 9860.7500000000018 1.0000000180025095e-35
decision_type=2 2 2 2 2 2 2 2 2 2 2 2 2 2 2 2 2 2 2 2 2 2 2 2 2 2 2 2 2
left_child=2 5 6 -3 -4 -2 -1 27 -9 10 -10 -5 20 17 16 -16 -13 28 -19 -12 21 -7 23 24 -6 -24 -25 -8 -14
right_child=1 3 4 11 22 12 7 8 9 -11 19 14 13 -15 15 -17 -18 18 -20 -21 -22 -23 25 26 -26 -27 -28 -29 -30
leaf_value=-28.230956276740887 3.407006529734375 19.626080772216696 -12.160490718996076 25.872539469949761 7.6072623985007972 5.0709127889580063 -52.576689917822662 -31.34493902132639 -26.016657436285421 -30.431973122346218 -7.4741088596088945 27.318017141858988 40.423765057024127 3.9277985944037743 58.635832251515843 37.406664274197254 66.047972446407158 40.207929930401278 17.558841648860859 12.396031063613213 1.004437348565052 15.877647270987655 -16.38131235673281 13.965686698944053 -6.1726400748962682 -1.8997475730585274 -5.2348858740783539 -13.829704673817332 4.4941787208136041
leaf_weight=3842 7859 6450 10048 2985 705 1830 57 2272 488 946 720 1555 83 636 335 1745 80 567 348 360 1184 2144 1234 1039 7412 1026 365 3527 291
leaf_count=3842 7859 6450 10048 2985 705 1830 57 2272 488 946 720 1555 83 636 335 1745 80 567 348 360 1184 2144 1234 1039 7412 1026 365 3527 291
internal_value=-0.0344981 15.8 -13.1018 25.5893 -7.88589 7.18483 -22.4252 -19.7603 -23.7399 -16.867 -8.68298 31.3299 11.3766 18.7374 35.7149 40.8258 29.2131 26.0445 31.5939 -0.850729 8.62945 10.9012 -4.24009 -2.91869 -4.97579 -9.80694 8.97408 -14.4459 12.4679
internal_weight=62133 28092 34041 13150 21829 14942 12212 8370 4786 2514 1568 6700 7083 1925 3715 2080 1635 1289 915 1080 5158 3974 11781 9521 8117 2260 1404 3584 374
internal_count=62133 28092 34041 13150 21829 14942 12212 8370 4786 2514 1568 6700 7083 1925 3715 2080 1635 1289 915 1080 5158 3974 11781 9521 8117 2260 1404 3584 374
is_linear=0
shrinkage=0.0768785


Tree=40
num_leaves=30
num_cat=0
split_feature=8 8 8 8 8 8 4 4 5 8 4 4 7 4 8 4 4 0 4 4 4 4 4 4 5 8 4 4 4
split_gain=1.86305e+09 3.64832e+08 2.16503e+08 6.92209e+07 5.38217e+07 3.83792e+07 2.81817e+07 2.66049e+07 2.26482e+07 2.05606e+07 1.91662e+07 4.43153e+07 2.41108e+07 1.77083e+07 1.66201e+07 1.62969e+07 2.16572e+07 1.62912e+07 3.08084e+07 3.58353e+07 1.56681e+07 2.02886e+07 2.50803e+07 4.49294e+07 2.04976e+07 1.52777e+07 1.50397e+07 3.39443e+07 3.06385e+07
threshold=20037.753750000003 14945.055000000002 25103.500000000004 17304.327500000003 12205.312500000002 21727.010000000006 17.500000000000004 20.500000000000004 1.0000000180025095e-35 27493.246250000004 7.5000000000000009 9.5000000000000018 18621.058750000004 14.500000000000002 9860.7500000000018 16.500000000000004 19.500000000000004 33.904712500000009 17.500000000000004 13.500000000000002 1.5000000000000002 9.5000000000000018 15.500000000000002 18.500000000000004 1.0000000180025095e-35 29644.963750000006 18.500000000000004 15.500000000000002 9.5000000000000018
decision_type=2 2 2 2 2 2 2 2 2 2 2 2 2 2 2 2 2 2 2 2 2 2 2 2 2 2 2 2 2
left_child=1 4 5 26 14 -2 13 8 -8 -9 -5 -12 -13 25 -1 -14 -17 -7 19 -19 -6 -22 -23 24 -24 -4 27 28 -3
right_child=2 3 6 10 20 17 7 9 -10 -11 11 12 15 -15 -16 16 -18 18 -20 -21 21 22 23 -25 -26 -27 -28 -29 -30
leaf_value=-43.918135679557082 6.967381636829435 -4.3916305277423886 24.09897118210165 -5.7711447771877014 -24.102556278556808 11.787022324224635 64.853305096557051 20.923583894688186 37.196659024873185 34.461270568945423 14.722055763959878 -4.3502197176476782 -0.83507058873450268 5.4962990821637181 -23.505572631413653 14.411484229534922 -2.9035219635078433 20.468353504664858 30.798157723818825 4.0579909428685923 -10.561506091852037 -22.857732555073465 -17.610346102961653 -22.067007513064244 2.5056489462363469 54.540740330182928 -13.994744705023274 3.5706283619872043 -14.149079532734945
leaf_weight=246 5382 4312 3803 2242 1080 4243 213 1212 981 1464 1406 3938 1957 300 5657 1376 619 2438 941 1161 4574 2670 416 1479 1068 100 1953 1612 3403
leaf_count=246 5382 4312 3803 2242 1080 4243 213 1212 981 1464 1406 3938 1957 300 5657 1376 619 2438 941 1161 4574 2670 416 1479 1068 100 1953 1612 3403
internal_value=-0.0336479 -9.94964 17.806 -3.57762 -18.4079 12.0794 27.854 32.5877 42.1304 28.3299 0.609103 2.14788 -0.092836 23.4954 -24.3562 4.14947 9.03906 15.212 18.4128 15.1745 -15.2969 -14.3652 -17.4538 -12.5842 -3.13334 24.8789 -7.8601 -6.57555 -8.69553
internal_weight=62246 40008 22238 22818 17190 14165 8073 3870 1194 2676 11538 9296 7890 4203 5903 3952 1995 8783 4540 3599 11287 10207 5633 2963 1484 3903 11280 9327 7715
internal_count=62246 40008 22238 22818 17190 14165 8073 3870 1194 2676 11538 9296 7890 4203 5903 3952 1995 8783 4540 3599 11287 10207 5633 2963 1484 3903 11280 9327 7715
is_linear=0
shrinkage=0.0768785


Tree=41
num_leaves=30
num_cat=0
split_feature=8 8 8 8 8 8 4 5 6 4 4 4 4 0 4 4 7 4 4 4 4 4 4 4 4 4 4 4 4
split_gain=1.59148e+09 3.066e+08 1.9893e+08 4.55711e+07 4.47446e+07 3.87298e+07 2.69522e+07 1.81832e+07 1.64928e+07 1.64202e+07 4.21847e+07 4.38904e+07 2.37564e+07 1.67056e+07 1.62589e+07 3.06808e+07 1.95216e+07 1.88793e+07 1.83761e+07 2.92446e+07 1.60026e+07 1.76962e+07 1.65899e+07 1.64024e+07 3.12686e+07 1.99206e+07 1.43201e+07 3.42629e+07 2.72326e+07
threshold=18428.378750000003 23785.500000000004 13785.565000000001 26799.525000000005 21326.125000000004 16565.136250000007 2.5000000000000004 1.0000000180025095e-35 29644.963750000006 19.500000000000004 15.500000000000002 9.5000000000000018 6.5000000000000009 13.495625000000002 7.5000000000000009 9.5000000000000018 19102.250000000004 4.5000000000000009 16.500000000000004 19.500000000000004 6.5000000000000009 21.500000000000004 4.5000000000000009 17.500000000000004 13.500000000000002 19.500000000000004 18.500000000000004 15.500000000000002 9.5000000000000018
decision_type=2 2 2 2 2 2 2 2 2 2 2 2 2 2 2 2 2 2 2 2 2 2 2 2 2 2 2 2 2
left_child=2 4 6 20 14 26 -1 -8 -5 10 11 12 13 -9 17 -16 -17 -2 -18 -20 22 23 -3 24 -22 -25 27 28 -4
right_child=1 3 5 8 -6 -7 7 9 -10 -11 -12 -13 -14 -15 15 16 18 -19 19 -21 21 -23 -24 25 -26 -27 -28 -29 -30
leaf_value=-25.631699262935765 6.0381208938998112 16.996237087093863 -6.9643313182337092 28.254124228828697 11.742241388668672 -2.9914928858593246 -22.963816823687544 -10.348149569198354 50.587430304547233 -25.706113287796136 -0.053427015505400993 -26.558708234271077 0.12571296042840557 -23.077585114516292 17.58890630588273 -1.2489682951498735 1.6252404160827565 -8.0487878817313838 18.36463421782592 -0.19345857717327142 26.49789565581899 12.691691917645127 -0.54137600337825331 40.115429513531979 4.1091231594557689 23.301245757870348 -15.430013974283819 1.5048567583632637 -15.771763936930832
leaf_weight=2903 988 2127 5290 4188 6814 8858 2378 1611 205 779 1080 1773 782 980 1054 2956 2029 1305 1414 778 1131 933 375 681 547 1072 2098 1703 3414
leaf_count=2903 988 2127 5290 4188 6814 8858 2378 1611 205 779 1080 1773 782 980 1054 2956 2029 1305 1414 778 1131 933 375 681 547 1072 2098 1703 3414
internal_value=-0.0310611 13.3034 -11.3635 23.1817 6.88863 -6.88078 -19.1581 -17.1553 29.2963 -15.1834 -13.8668 -16.7659 -11.6183 -15.1628 3.74605 5.34096 3.54225 -1.97907 6.89758 11.7779 19.2694 22.0797 14.3677 24.6326 19.1995 29.8332 -9.63579 -8.4677 -10.4189
internal_weight=62246 28597 33649 11259 17338 21363 12286 9383 4393 7005 6226 5146 3373 2591 10524 8231 7177 2293 4221 2192 6866 4364 2502 3431 1678 1753 12505 10407 8704
internal_count=62246 28597 33649 11259 17338 21363 12286 9383 4393 7005 6226 5146 3373 2591 10524 8231 7177 2293 4221 2192 6866 4364 2502 3431 1678 1753 12505 10407 8704
is_linear=0
shrinkage=0.0768785


Tree=42
num_leaves=30
num_cat=0
split_feature=8 8 8 8 8 6 4 4 5 4 4 4 0 4 5 8 8 4 4 4 8 4 4 4 4 0 4 0 0
split_gain=1.35931e+09 2.93256e+08 1.3697e+08 5.87514e+07 3.817e+07 2.30649e+07 2.23371e+07 2.26663e+07 2.2673e+07 1.65057e+07 2.28789e+07 2.15048e+07 2.00568e+07 3.01966e+07 2.32156e+07 1.51943e+07 1.40271e+07 1.28962e+07 3.47955e+07 1.31491e+07 1.27732e+07 1.24553e+07 1.77971e+07 1.99605e+07 3.50952e+07 2.26923e+07 1.92149e+07 2.0978e+07 1.1727e+07
threshold=20479.473750000001 15707.040000000003 25300.822500000006 12469.546250000001 17662.007500000003 22470.250000000004 18.500000000000004 20.500000000000004 1.0000000180025095e-35 6.5000000000000009 10.500000000000002 4.5000000000000009 25.807187500000001 16.500000000000004 1.0000000180025095e-35 10460.125000000002 27767.716250000005 17.500000000000004 19.500000000000004 14.500000000000002 29285.471250000006 1.5000000000000002 9.5000000000000018 15.500000000000002 18.500000000000004 24.170587500000003 7.5000000000000009 12.143862500000003 37.099475000000005
decision_type=2 2 2 2 2 2 2 2 2 2 2 2 2 2 2 2 2 2 2 2 2 2 2 2 2 2 2 2 2
left_child=1 3 5 15 -3 -2 20 8 -8 11 -11 -6 14 -14 -12 -1 -9 19 -19 -7 -4 -5 26 -24 25 -25 27 -23 -15
right_child=2 4 6 21 9 17 7 16 -10 10 12 -13 13 28 -16 -17 -18 18 -20 -21 -22 22 23 24 -26 -27 -28 -29 -30
leaf_value=-30.799890017304591 8.0682242612112525 -5.2092410947438257 19.321181725098914 -19.793342153629261 2.7346942226731823 13.423386537225616 61.831380915772648 18.919738450990767 32.749768439903093 8.7243580363119406 7.1664446782107056 -14.390768003405141 -2.2759128800569153 13.175235558228477 -8.9384455986190652 -19.117515044049551 30.310547668343002 29.390128866246069 10.225769185802214 -1.0090107772993488 40.743358658060039 -2.4450367086385176 -17.826934474457524 6.3585852914549017 -16.748920089696703 -10.708757906169357 -0.32322513027946725 -14.373132557574666 -5.4637810397189641
leaf_weight=737 6579 9568 3776 1031 901 3952 193 1267 885 2646 714 835 2264 1647 2042 6139 1289 1056 1192 412 172 1289 3378 933 2013 909 1510 2690 227
leaf_count=737 6579 9568 3776 1031 901 3952 193 1267 885 2646 714 835 2264 1647 2042 6139 1289 1056 1192 412 172 1289 3378 933 2013 909 1510 2690 227
internal_value=-0.0286731 -8.06904 16.0238 -14.5673 -1.63781 11.291 24.2579 28.6072 37.9564 1.39265 2.64736 -5.5025 0.314941 3.69905 -4.76613 -20.3697 24.6642 14.4977 19.2282 12.0608 20.2545 -11.6663 -11.0077 -13.5126 -9.73211 -2.0639 -7.70695 -10.509 10.9175
internal_weight=62246 41473 20773 20629 20844 13191 7582 3634 1078 11276 9540 1736 6894 4138 2756 6876 2556 6612 2248 4364 3948 13753 12722 7233 3855 1842 5489 3979 1874
internal_count=62246 41473 20773 20629 20844 13191 7582 3634 1078 11276 9540 1736 6894 4138 2756 6876 2556 6612 2248 4364 3948 13753 12722 7233 3855 1842 5489 3979 1874
is_linear=0
shrinkage=0.0768785


Tree=43
num_leaves=30
num_cat=0
split_feature=8 8 8 8 8 8 8 4 4 4 4 4 7 4 4 4 4 4 4 0 0 4 4 0 4 4 4 4 4
split_gain=1.1621e+09 1.9367e+08 1.71787e+08 3.43028e+07 3.30893e+07 2.86982e+07 2.82933e+07 1.47975e+07 1.52503e+07 1.30773e+07 2.25795e+07 1.6627e+07 1.49143e+07 1.42073e+07 2.48682e+07 1.29696e+07 1.26427e+07 1.24841e+07 2.33757e+07 1.80554e+07 1.23093e+07 1.62311e+07 1.6208e+07 1.47365e+07 1.39436e+07 1.13284e+07 1.52961e+07 1.86029e+07 3.18702e+07
threshold=18950.122500000001 24274.868750000005 14713.491250000001 11762.932500000001 21727.010000000006 27767.716250000005 17004.695000000003 6.5000000000000009 21.500000000000004 7.5000000000000009 9.5000000000000018 4.5000000000000009 19738.170000000002 16.500000000000004 19.500000000000004 12.500000000000002 4.5000000000000009 18.500000000000004 12.500000000000002 35.031700000000008 33.904712500000009 18.500000000000004 11.500000000000002 35.795537500000009 7.5000000000000009 1.5000000000000002 9.5000000000000018 15.500000000000002 18.500000000000004
decision_type=2 2 2 2 2 2 2 2 2 2 2 2 2 2 2 2 2 2 2 2 2 2 2 2 2 2 2 2 2
left_child=2 4 3 -1 9 7 -4 16 17 11 -11 -2 -12 15 -15 -14 -3 18 -9 -19 -6 22 24 -24 -22 -5 -27 -28 -29
right_child=1 5 6 25 20 -7 -8 8 -10 10 12 -13 13 14 -16 -17 -18 19 -20 -21 21 -23 23 -25 -26 26 27 28 -30
leaf_value=-20.90535128711506 6.0776070781603506 15.590054848684277 -6.8509996953076291 -19.572952995540575 7.6316947022263593 27.433251359213827 -0.98726294537315407 27.302104558011877 12.952859321445329 17.516531785785464 -0.0063687604266680483 -7.2916638848350024 8.9034140852002892 19.226599131685624 0.57985505167694007 -4.0623715979521577 -0.53554790726744328 21.971065427508993 9.0252514089530074 37.847480634866606 4.3131654378416338 30.077681213887274 33.674157625055727 6.7487666499924179 23.933956520963974 -8.8981924794559077 -19.342977618058736 -2.9398361176093264 -18.772566009171896
leaf_weight=4170 1031 2424 10773 1307 3159 2680 8866 854 1110 845 2851 1178 944 1131 675 882 326 1184 802 659 276 344 128 1956 954 5024 2703 1562 1448
leaf_count=4170 1031 2424 10773 1307 3159 2680 8866 854 1110 845 2851 1178 944 1131 675 882 326 1184 802 659 276 344 128 1956 954 5024 2703 1562 1448
internal_value=-0.0264688 12.2166 -9.03911 -14.8958 7.05685 20.622 -4.20382 18.1414 20.8043 4.13319 5.69621 -1.05186 4.15554 7.42249 12.2573 2.64064 13.6784 23.2951 18.4506 27.648 11.1471 14.1829 12.533 8.40253 19.5312 -12.8151 -11.9925 -14.7136 -10.5564
internal_weight=62246 26393 35853 16214 16354 10039 19639 7359 4609 9537 7328 2209 6483 3632 1806 1826 2750 3499 1656 1843 6817 3658 3314 2084 1230 12044 10737 5713 3010
internal_count=62246 26393 35853 16214 16354 10039 19639 7359 4609 9537 7328 2209 6483 3632 1806 1826 2750 3499 1656 1843 6817 3658 3314 2084 1230 12044 10737 5713 3010
is_linear=0
shrinkage=0.0768785


Tree=44
num_leaves=30
num_cat=0
split_feature=8 8 8 8 8 8 8 4 4 4 5 0 4 4 4 5 4 0 5 1 0 0 4 4 4 0 8 6 5
split_gain=9.9086e+08 1.96012e+08 1.1721e+08 3.61465e+07 3.20676e+07 2.16749e+07 1.83407e+07 1.5707e+07 2.46036e+07 1.79451e+07 2.90354e+07 2.06416e+07 1.53263e+07 2.76167e+07 1.80966e+07 2.11841e+07 1.49834e+07 1.4746e+07 1.38378e+07 1.37505e+07 1.28102e+07 1.19196e+07 1.52357e+07 1.41431e+07 1.17961e+07 1.13481e+07 1.1262e+07 1.10929e+07 1.09843e+07
threshold=20037.753750000003 14945.055000000002 25203.846250000006 17153.420000000002 11901.013750000002 22561.093750000004 28840.893750000003 19.500000000000004 16.500000000000004 18.500000000000004 1.0000000180025095e-35 35.250325000000011 11.500000000000002 7.5000000000000009 9.5000000000000018 1.0000000180025095e-35 6.5000000000000009 17.804050000000004 1.0000000180025095e-35 9.5000000000000018 31.57845 34.092612500000008 18.500000000000004 11.500000000000002 21.500000000000004 31.808825000000002 9860.7500000000018 18136.530000000002 1.0000000180025095e-35
decision_type=2 2 2 2 2 2 2 2 2 2 2 2 2 2 2 2 2 2 2 2 2 2 2 2 2 2 2 2 2
left_child=1 4 5 -3 26 -2 16 8 12 11 19 27 13 -5 -15 -16 -4 -9 -13 -11 -12 -7 23 -23 -18 -14 -1 -10 -6
right_child=2 3 6 7 28 21 -8 17 9 10 20 18 25 14 15 -17 24 -19 -20 -21 -22 22 -24 -25 -26 -27 -28 -29 -30
leaf_value=-34.907544497161091 6.1319892663119742 -5.8913575054185916 14.424843920123605 -5.0028243662944414 -15.356761994586106 8.9968543110622647 30.41108885338495 -15.890312640737786 6.3030797840283128 35.176393899158398 -11.77180031099177 -20.985661139444446 -16.241651880821017 12.051078095257781 14.562509153057697 -3.9949814331048881 24.556988906766676 -1.0325177428568673 7.8506928800876823 -1.7143268064850761 41.396947225224054 20.223763416275528 27.981153147754949 8.7279843526739143 15.874965363270872 -3.1814759798284786 -18.006481903711411 22.88704960430475 -10.110120876534861
leaf_weight=246 7814 10528 2511 2370 3151 3450 977 636 333 158 616 142 504 1519 490 1409 3006 1041 320 96 28 1041 491 1612 1336 1789 4417 839 9376
leaf_count=246 7814 10528 2511 2370 3151 3450 977 636 333 158 616 142 504 1519 490 1409 3006 1041 320 96 28 1041 491 1612 1336 1789 4417 839 9376
internal_value=-0.0244339 -7.25596 12.9857 -2.58536 -13.4557 8.87116 20.5568 0.24666 1.33916 7.95197 -0.778418 12.7499 -0.732813 1.3745 5.79646 0.793418 19.1519 -6.66732 -1.01243 21.2334 -9.46012 12.1171 15.5411 13.2388 21.8856 -6.05209 -18.8981 18.1751 -11.4298
internal_weight=62246 40008 22238 22818 17190 14408 7830 12290 10613 2532 898 1634 8081 5788 3418 1899 6853 1677 462 254 644 6594 3144 2653 4342 2293 4663 1172 12527
internal_count=62246 40008 22238 22818 17190 14408 7830 12290 10613 2532 898 1634 8081 5788 3418 1899 6853 1677 462 254 644 6594 3144 2653 4342 2293 4663 1172 12527
is_linear=0
shrinkage=0.0768785


Tree=45
num_leaves=30
num_cat=0
split_feature=8 8 8 8 4 4 0 4 4 4 0 4 5 5 4 4 1 5 0 6 6 5 4 6 4 4 5 0 4
split_gain=8.42026e+08 1.78001e+08 8.69455e+07 4.22185e+07 1.78669e+07 3.26477e+07 2.15252e+07 2.1002e+07 3.10538e+07 2.09731e+07 2.09643e+07 1.79682e+07 2.73105e+07 2.1855e+07 2.92342e+07 1.78962e+07 3.09605e+07 2.39881e+07 1.95965e+07 1.67167e+07 1.66404e+07 1.56953e+07 1.37414e+07 1.37302e+07 1.36707e+07 1.79328e+07 1.29841e+07 1.15728e+07 1.11415e+07
threshold=20479.473750000001 16018.950000000003 25520.236250000005 12958.413750000002 19.500000000000004 16.500000000000004 19.738912500000005 11.500000000000002 6.5000000000000009 4.5000000000000009 28.977325000000004 9.5000000000000018 1.0000000180025095e-35 1.0000000180025095e-35 8.5000000000000018 18.500000000000004 9.5000000000000018 1.0000000180025095e-35 35.250325000000011 22564.232500000006 29644.963750000006 1.0000000180025095e-35 2.5000000000000004 18136.530000000002 18.500000000000004 19.500000000000004 1.0000000180025095e-35 31.959125000000004 19.500000000000004
decision_type=2 2 2 2 2 2 2 2 2 2 2 2 2 2 2 2 2 2 2 2 2 2 2 2 2 2 2 2 2
left_child=1 3 19 22 5 7 -6 8 9 -3 -9 13 -13 14 -10 18 17 -17 23 -2 24 -20 -1 -7 -4 -26 -24 -19 -28
right_child=2 4 20 -5 6 15 -8 10 11 -11 -12 12 -14 -15 -16 16 -18 27 21 -21 -22 -23 26 -25 25 -27 28 -29 -30
leaf_value=-20.184284171997213 6.3671426025119482 -0.48224989365815324 15.624120433987814 -8.3066177149405664 -14.485929871210441 6.6987711763987479 -0.47288632625460925 -17.060002124118842 -17.365417631206057 -13.595565436792088 -3.498012798599087 11.428572139094813 -5.8449714262027834 10.253852146049402 12.530557620086807 31.489089766070265 -17.439036289808772 -3.1386009857042469 -19.378904174194581 11.745628816601998 41.179109783741005 6.9557618903196037 -19.209849589974663 20.201871931942396 41.114901969790196 20.77997896717898 -10.10905988138458 42.619867994493823 -22.818386688313367
leaf_weight=2367 6762 1615 3533 13245 1188 792 1425 867 443 1302 3021 733 2065 2689 343 195 439 490 199 6901 205 408 1652 1016 280 3030 4334 35 450
leaf_count=2367 6762 1615 3533 13245 1188 792 1425 867 443 1302 3021 733 2065 2689 343 195 439 490 199 6901 205 408 1652 1016 280 3030 4334 35 450
internal_value=0.0101419 -6.33213 12.6613 -11.0492 -0.933633 -0.00620329 -6.84391 -1.78573 0.218142 -6.33537 -6.52225 3.26558 -1.31977 6.95761 -4.31921 6.50545 -1.34735 8.4641 10.2742 9.08374 19.5967 -1.67784 -15.1757 14.2868 18.9501 22.5002 -13.3337 -0.0880364 -11.3045
internal_weight=62024 41313 20711 22048 19265 16652 2613 13078 9190 2917 3888 6273 2798 3475 786 3574 1159 720 2415 13663 7048 607 8803 1808 6843 3310 6436 525 4784
internal_count=62024 41313 20711 22048 19265 16652 2613 13078 9190 2917 3888 6273 2798 3475 786 3574 1159 720 2415 13663 7048 607 8803 1808 6843 3310 6436 525 4784
is_linear=0
shrinkage=0.0768785


Tree=46
num_leaves=30
num_cat=0
split_feature=8 8 8 8 8 8 8 0 4 4 4 5 4 4 4 4 0 0 5 0 0 4 4 4 4 4 0 4 4
split_gain=7.19098e+08 1.20057e+08 1.04818e+08 2.35623e+07 2.18637e+07 1.8621e+07 1.74348e+07 1.28409e+07 1.84953e+07 1.87621e+07 1.60219e+07 1.05575e+07 1.02579e+07 2.67426e+07 2.14818e+07 2.62857e+07 1.727e+07 1.3069e+07 1.29483e+07 1.17739e+07 1.06031e+07 9.68511e+06 1.9209e+07 1.35287e+07 1.02912e+07 1.60901e+07 1.45446e+07 1.02963e+07 9.58082e+06
threshold=19439.430000000004 14541.966250000003 24370.871250000004 17058.958750000002 11322.365000000002 28339.945000000003 21727.010000000006 35.031700000000008 18.500000000000004 14.500000000000002 20.500000000000004 1.0000000180025095e-35 18.500000000000004 15.500000000000002 9.5000000000000018 6.5000000000000009 29.262150000000002 26.899262500000003 1.0000000180025095e-35 27.239950000000004 20.063725000000002 7.5000000000000009 10.500000000000002 4.5000000000000009 21.500000000000004 17.500000000000004 30.765475000000006 14.500000000000002 18.500000000000004
decision_type=2 2 2 2 2 2 2 2 2 2 2 2 2 2 2 2 2 2 2 2 2 2 2 2 2 2 2 2 2
left_child=1 4 6 12 -1 7 -2 -4 9 -9 -10 -6 13 14 15 19 -15 -16 -18 -3 -14 23 -23 -8 25 27 -27 -24 -13
right_child=2 3 5 -5 11 -7 21 8 10 -11 -12 28 20 16 17 -17 18 -19 -20 -21 -22 22 24 -25 -26 26 -28 -29 -30
leaf_value=-18.166084192078149 3.6229932703479508 -6.9151453868014761 12.635044175710174 -0.37993423863704212 -14.350761862715192 23.81568278417959 8.6539847052593988 18.762501927194112 34.953383280427808 0.60507627327900093 14.438402357102033 -8.3690867672968938 -14.700442347696143 11.672581871925376 -16.554481848269099 2.3022156626734804 -19.887095781305216 -6.8702214937392521 2.4085217983701912 -23.410943109679526 -3.1112949807973185 23.727236730886862 9.6401014378223699 -4.0201597548648724 -2.9717230854896775 2.0066872893777794 20.523367008711016 -1.8075257981410924 -15.955992091531312
leaf_weight=2678 7561 1733 5140 10490 3199 1692 1723 1483 630 435 350 8471 1260 907 1392 2618 218 2017 524 300 741 608 1513 700 380 320 1158 670 1113
leaf_count=2678 7561 1733 5140 10490 3199 1692 1723 1483 630 435 350 8471 1260 907 1392 2618 218 2017 524 300 741 608 1513 700 380 320 1158 670 1113
internal_value=0.00936217 -6.64856 10.3014 -3.02617 -11.8498 16.4853 6.18941 14.9423 19.0345 14.6444 27.6266 -10.5266 -5.39671 -4.36372 -6.18872 -2.7908 4.55653 -10.8246 -4.14194 -9.34935 -10.4088 8.93329 10.9872 4.99245 9.07037 10.3203 16.5143 6.12663 -9.25016
internal_weight=62024 37661 24363 22200 15461 9730 14633 8038 2898 1918 980 12783 11710 9709 8060 4651 1649 3409 742 2033 2001 7072 4649 2423 4041 3661 1478 2183 9584
internal_count=62024 37661 24363 22200 15461 9730 14633 8038 2898 1918 980 12783 11710 9709 8060 4651 1649 3409 742 2033 2001 7072 4649 2423 4041 3661 1478 2183 9584
is_linear=0
shrinkage=0.0768785


Tree=47
num_leaves=30
num_cat=0
split_feature=8 8 8 8 4 4 0 5 5 4 4 4 4 4 5 8 4 0 4 4 0 0 0 6 6 0 4 4 4
split_gain=6.1422e+08 1.30436e+08 7.25712e+07 2.53639e+07 1.79759e+07 3.94443e+07 4.03496e+07 3.34248e+07 2.17142e+07 1.74932e+07 1.56944e+07 1.35931e+07 2.7123e+07 2.62589e+07 2.12872e+07 1.4511e+07 1.30185e+07 3.71399e+07 1.28929e+07 3.56991e+07 2.17135e+07 1.97557e+07 1.61491e+07 1.19457e+07 1.15914e+07 1.1175e+07 2.2372e+07 1.69152e+07 1.46929e+07
threshold=18195.390000000003 23191.250000000004 13785.565000000001 26559.025000000005 19.500000000000004 17.500000000000004 30.533725000000004 1.0000000180025095e-35 1.0000000180025095e-35 18.500000000000004 2.5000000000000004 9.5000000000000018 15.500000000000002 19.500000000000004 1.0000000180025095e-35 9860.7500000000018 11.500000000000002 35.879900000000006 18.500000000000004 16.500000000000004 32.228762500000009 16.474900000000005 20.214325000000002 14828.560000000001 29644.963750000006 31.168950000000006 10.500000000000002 7.5000000000000009 6.5000000000000009
decision_type=2 2 2 2 2 2 2 2 2 2 2 2 2 2 2 2 2 2 2 2 2 2 2 2 2 2 2 2 2
left_child=2 4 10 -3 5 16 7 -7 9 -8 -1 15 -13 14 -14 -12 17 -2 19 21 -21 23 -20 -4 -5 26 27 -23 -27
right_child=1 3 18 24 -6 6 8 -9 -10 -11 11 12 13 -15 -16 -17 -18 -19 22 20 -22 25 -24 -25 -26 28 -28 -29 -30
leaf_value=-16.928057071348309 1.461125297236302 11.232179808786434 -5.5164983677427211 17.52286489863738 -3.3046341763214571 28.593454020943874 -6.7826035914380167 -2.581662718095656 29.239411468331493 26.658261992565993 -37.20831137780695 -19.546008416517427 -15.296587674742003 -17.883815569982065 4.0706553168743058 -6.8508578320411244 -0.6202233402951034 13.537250863497178 -12.756505037395888 10.074474754488314 -8.7907589511226529 -8.2685071356476687 -2.1742143559226323 6.470878806545981 36.246865939416679 -22.184179993371348 -13.48269034193029 0.90318757702234298 -2.1377545171401753
leaf_weight=2856 5806 7819 783 4641 1963 253 219 1034 909 160 95 2210 482 969 1103 4564 4435 2032 2186 1618 464 3168 1397 1319 204 227 2708 1902 4498
leaf_count=2856 5806 7819 783 4641 1963 253 219 1034 909 160 95 2210 482 969 1103 4564 4435 2032 2186 1618 464 3168 1397 1319 204 227 2708 1902 4498
internal_value=0.00864242 8.04814 -7.27159 13.9405 3.60934 4.52341 13.1741 3.54678 22.7939 7.33491 -11.9356 -10.4225 -13.3101 -7.91403 -1.81894 -7.46987 2.70841 4.59186 -4.44623 -3.5478 5.87012 -4.89036 -8.6305 2.00555 18.3112 -6.04969 -7.84108 -4.82776 -3.10083
internal_weight=62024 29475 32549 12664 16811 14848 2575 1287 1288 379 12279 9423 4764 2554 1585 4659 12273 7838 20270 16687 2082 14605 3583 2102 4845 12503 7778 5070 4725
internal_count=62024 29475 32549 12664 16811 14848 2575 1287 1288 379 12279 9423 4764 2554 1585 4659 12273 7838 20270 16687 2082 14605 3583 2102 4845 12503 7778 5070 4725
is_linear=0
shrinkage=0.0768785


Tree=48
num_leaves=30
num_cat=0
split_feature=8 8 8 8 8 4 4 4 4 4 0 0 5 4 5 4 0 1 4 4 7 4 4 4 4 8 4 4 0
split_gain=5.26254e+08 1.12371e+08 5.50833e+07 2.69199e+07 1.32206e+07 1.28354e+07 3.19061e+07 2.37829e+07 1.64071e+07 3.66276e+07 1.78248e+07 1.54405e+07 1.92131e+07 1.29179e+07 1.20344e+07 1.24583e+07 1.20207e+07 9.81604e+06 9.49867e+06 2.07367e+07 1.13225e+07 9.79029e+06 8.61811e+06 1.58489e+07 1.11549e+07 8.49274e+06 8.06988e+06 1.12912e+07 8.28472e+06
threshold=20479.473750000001 15919.200000000003 25520.236250000005 12205.312500000002 17662.007500000003 6.5000000000000009 4.5000000000000009 10.500000000000002 17.500000000000004 19.500000000000004 28.977325000000004 37.099475000000005 1.0000000180025095e-35 13.500000000000002 1.0000000180025095e-35 20.500000000000004 34.953475000000005 8.5000000000000018 7.5000000000000009 9.5000000000000018 18919.201250000002 4.5000000000000009 18.500000000000004 14.500000000000002 19.500000000000004 10620.635 16.500000000000004 19.500000000000004 37.099475000000005
decision_type=2 2 2 2 2 2 2 2 2 2 2 2 2 2 2 2 2 2 2 2 2 2 2 2 2 2 2 2 2
left_child=1 3 5 25 -3 6 -2 -7 13 10 -10 -12 -13 -9 15 17 -4 -11 21 -20 -21 -6 23 -18 -24 -1 -22 28 -28
right_child=2 4 16 -5 18 7 -8 8 9 14 11 12 -14 -15 -16 -17 22 -19 19 20 26 -23 24 -25 -26 -27 27 -29 -30
leaf_value=-19.83842340562261 7.7008497635680042 -3.0985925678587583 12.952041144234069 -7.183016659659156 2.5494292080354861 17.510595799165081 -7.3355962893584845 7.8423490432721321 0.8672880846587534 39.232279453991197 25.816225363182081 -18.050674410148147 19.597177530704354 -0.91330653884463675 -0.18167952865475401 4.1255155753572712 19.223764544328173 3.9262831620672229 11.104890476839214 -2.4326515207200727 -0.070850035917086635 -7.8396828566861245 41.0331310896578 -1.2838636822515854 21.005716975505393 -11.981330403182371 13.029052444439294 -1.4767950552353919 -7.2745089348769092
leaf_weight=975 3093 8541 4248 15678 907 1531 1142 2041 291 143 1204 116 259 1945 1479 350 1154 69 1276 3843 1932 1311 191 276 1179 4896 1186 636 132
leaf_count=975 3093 8541 4248 15678 907 1531 1142 2041 291 143 1204 116 259 1945 1479 350 1154 69 1276 3843 1932 1311 191 276 1179 4896 1186 636 132
internal_value=0.007978 -5.00597 10.0095 -8.84581 -0.819334 7.16192 3.64616 8.74118 7.04104 10.5787 18.3513 21.5735 7.95144 3.56996 3.4573 13.0339 15.5297 27.7412 0.915242 2.02524 0.526254 -3.59129 19.4403 15.2656 23.7979 -13.2862 3.45242 6.93602 10.9956
internal_weight=62024 41313 20711 21549 19764 13663 4235 9428 7897 3911 1870 1579 375 3986 2041 562 7048 212 11223 9005 7729 2218 2800 1430 1370 5871 3886 1954 1318
internal_count=62024 41313 20711 21549 19764 13663 4235 9428 7897 3911 1870 1579 375 3986 2041 562 7048 212 11223 9005 7729 2218 2800 1430 1370 5871 3886 1954 1318
is_linear=0
shrinkage=0.0768785


Tree=49
num_leaves=30
num_cat=0
split_feature=8 8 8 4 4 4 4 5 4 4 0 8 5 4 4 0 4 4 0 0 1 4 5 4 4 0 4 4 5
split_gain=4.48667e+08 9.747e+07 4.61363e+07 2.49069e+07 1.5948e+07 2.82688e+07 3.66361e+07 3.18047e+07 2.23941e+07 1.93482e+07 1.72133e+07 1.69352e+07 1.66568e+07 2.30406e+07 1.54842e+07 1.31497e+07 1.21916e+07 2.26756e+07 1.70245e+07 1.60389e+07 1.46293e+07 3.54937e+07 3.54513e+07 1.96404e+07 1.21574e+07 1.95879e+07 1.7324e+07 1.9133e+07 2.09566e+07
threshold=20552.690000000006 16018.950000000003 25203.846250000006 2.5000000000000004 9.5000000000000018 15.500000000000002 18.500000000000004 1.0000000180025095e-35 6.5000000000000009 5.5000000000000009 22.277837500000004 13199.117500000002 1.0000000180025095e-35 7.5000000000000009 17.500000000000004 11.947975000000001 19.500000000000004 16.500000000000004 17.484650000000006 15.945625000000001 10.500000000000002 17.500000000000004 1.0000000180025095e-35 18.500000000000004 11.500000000000002 27.417400000000004 7.5000000000000009 9.5000000000000018 1.0000000180025095e-35
decision_type=2 2 2 2 2 2 2 2 2 2 2 2 2 2 2 2 2 2 2 2 2 2 2 2 2 2 2 2 2
left_child=1 3 -2 -1 8 11 7 14 9 -5 -9 -6 13 -10 -7 -11 17 19 -18 -3 -19 -22 23 -23 26 -26 -21 -28 -29
right_child=2 16 -4 4 5 6 -8 10 12 15 -12 -13 -14 -15 -16 -17 18 20 -20 24 21 22 -24 -25 25 -27 27 28 -30
leaf_value=-14.126413542090178 6.4691643630273239 8.9856881861739488 13.990490256425067 -4.8846257877998065 -19.799101750414092 -16.968032047071439 -11.836457581925773 13.983110109716959 -23.177275648108772 -5.9517992010349081 -0.26873507637338123 -10.091905376464799 3.7654701714588721 1.3683150856627329 9.7639280460728113 -21.721311645373817 -13.379534907182238 8.3034663562646216 -0.66975910998902843 -4.3182669361276433 35.56158306464441 46.110995308951047 -18.877492158510673 -3.5720965236447748 -16.723210902881899 -2.9113828089808891 7.8785906603995839 10.004286299701443 -5.9282269753583723
leaf_weight=3408 12694 834 7771 3700 1596 676 2612 885 372 505 1154 3176 2410 576 158 820 1001 2738 1649 3757 121 88 568 101 754 3110 2222 655 1913
leaf_count=3408 12694 834 7771 3700 1596 676 2612 885 372 505 1154 3176 2410 576 158 820 1001 2738 1649 3757 121 88 568 101 754 3110 2222 655 1913
internal_value=0.00736467 -4.58103 9.32517 -8.08341 -6.97855 -9.01149 -5.24696 0.743906 -4.49114 -7.73935 5.91708 -13.3385 0.369561 -8.2635 -11.9037 -15.711 -0.623236 0.138627 -5.4707 -1.33447 5.53441 -3.10077 -9.28062 19.5608 -2.02797 -5.60655 -0.410131 2.65519 -1.86444
internal_weight=62024 41559 20465 22048 18640 10257 5485 2873 8383 5025 2039 4772 3358 948 834 1325 19511 16861 2650 13245 3616 878 757 189 12411 3864 8547 4790 2568
internal_count=62024 41559 20465 22048 18640 10257 5485 2873 8383 5025 2039 4772 3358 948 834 1325 19511 16861 2650 13245 3616 878 757 189 12411 3864 8547 4790 2568
is_linear=0
shrinkage=0.0768785


Tree=50
num_leaves=30
num_cat=0
split_feature=8 8 8 6 8 4 4 4 4 4 0 0 5 4 5 0 0 5 4 4 4 4 0 0 0 5 5 4 8
split_gain=3.95009e+08 7.35385e+07 5.51205e+07 2.02499e+07 1.19726e+07 1.17758e+07 3.10518e+07 1.57842e+07 1.55451e+07 3.62023e+07 1.60009e+07 1.49624e+07 1.49133e+07 1.48715e+07 1.37894e+07 1.61307e+07 1.37351e+07 1.269e+07 2.07476e+07 9.99066e+06 2.37987e+07 1.79544e+07 1.57443e+07 1.55143e+07 2.45441e+07 1.82594e+07 1.7678e+07 1.06448e+07 9.86951e+06
threshold=18489.428750000003 22737.625000000004 13674.320000000002 25981.875000000004 10844.745000000001 6.5000000000000009 9.5000000000000018 5.5000000000000009 15.500000000000002 18.500000000000004 26.899262500000003 19.114937500000003 1.0000000180025095e-35 17.500000000000004 1.0000000180025095e-35 14.912925 20.607600000000009 1.0000000180025095e-35 7.5000000000000009 19.500000000000004 16.500000000000004 14.500000000000002 35.95781250000001 29.123225000000005 35.95781250000001 1.0000000180025095e-35 1.0000000180025095e-35 11.500000000000002 29644.963750000006
decision_type=2 2 2 2 2 2 2 2 2 2 2 2 2 2 2 2 2 2 2 2 2 2 2 2 2 2 2 2 2
left_child=2 19 4 -3 -1 7 17 -4 10 11 -8 -10 13 -13 15 -9 -11 18 -7 20 21 22 -2 25 -25 -22 -26 -24 -5
right_child=1 3 5 28 -6 6 8 14 9 16 -12 12 -14 -15 -16 -17 -18 -19 -20 -21 23 -23 27 24 26 -27 -28 -29 -30
leaf_value=-16.353222799055985 0.43878386855215323 8.1698796956810984 -4.0047983424294911 13.460006803740292 -8.9403226560043549 -22.021516738990655 -11.64647009161745 25.891539630017547 13.963824934764348 -10.3313701671276 -3.87250017130832 -18.681633372458325 4.8364335411868868 6.3135442518539717 -19.236669441470237 -13.612662213478311 -0.95101634896836984 5.1648088152605069 1.9834808929422878 -2.7098549110658432 24.412473803374283 -7.0866420038272375 11.290291286587236 21.729965467464741 -12.965871206858356 -2.597933712337118 11.33452814410389 2.4458692958264421 29.474919440775494
leaf_weight=1472 5382 8054 2756 5635 10286 288 2688 96 724 2455 3745 370 1808 227 897 168 1478 3523 815 1692 179 1190 1749 1040 252 852 594 1489 237
leaf_count=1472 5382 8054 2756 5635 10286 288 2688 96 724 2455 3745 370 1808 227 897 168 1478 3523 815 1692 179 1190 1749 1040 252 852 594 1489 237
internal_value=-0.00438581 6.68851 -5.61777 10.6731 -9.86835 -3.34995 -2.52372 -7.17229 -4.38698 -1.89664 -7.12082 4.27454 1.35769 -9.1776 -14.6913 0.752502 -6.80628 2.91179 -4.28437 2.8402 3.57806 1.76524 2.98726 9.67462 13.82 2.09156 4.09611 7.22317 14.1064
internal_weight=62141 28345 33796 13926 11758 22038 18121 3917 13495 7062 6433 3129 2405 597 1161 264 3933 4626 1103 14419 12727 9810 8620 2917 1886 1031 846 3238 5872
internal_count=62141 28345 33796 13926 11758 22038 18121 3917 13495 7062 6433 3129 2405 597 1161 264 3933 4626 1103 14419 12727 9810 8620 2917 1886 1031 846 3238 5872
is_linear=0
shrinkage=0.0768785


Tree=51
num_leaves=30
num_cat=0
split_feature=8 8 8 0 4 4 4 5 4 0 0 4 5 4 4 4 4 0 1 1 4 5 4 0 0 4 4 0 4
split_gain=3.37174e+08 6.83183e+07 4.35814e+07 2.05625e+07 2.5402e+07 1.67659e+07 1.56049e+07 1.45353e+07 1.39955e+07 1.35125e+07 1.34232e+07 1.03773e+07 9.54843e+06 9.57841e+06 8.96754e+06 2.26647e+07 1.45353e+07 1.60598e+07 1.28823e+07 1.74789e+07 1.46778e+07 1.24536e+07 1.1892e+07 1.17927e+07 9.15563e+06 8.81988e+06 3.06051e+07 1.68766e+07 1.34129e+07
threshold=18195.390000000003 22375.611250000005 13322.755000000003 33.502975000000006 18.500000000000004 20.500000000000004 13.500000000000002 1.0000000180025095e-35 19.500000000000004 35.48102500000001 36.819200000000002 3.5000000000000004 1.0000000180025095e-35 2.5000000000000004 19.500000000000004 16.500000000000004 13.500000000000002 35.250325000000011 10.500000000000002 7.5000000000000009 18.500000000000004 1.0000000180025095e-35 17.500000000000004 32.021375000000013 32.161112500000009 19.500000000000004 16.500000000000004 16.988500000000002 15.500000000000002
decision_type=2 2 2 2 2 2 2 2 2 2 2 2 2 2 2 2 2 2 2 2 2 2 2 2 2 2 2 2 2
left_child=2 14 12 -3 6 7 9 -6 -9 11 -8 -5 -1 -14 15 16 17 -2 19 22 21 23 -17 -21 -22 26 27 -15 -29
right_child=1 3 -4 4 5 -7 10 8 -10 -11 -12 -13 13 25 -16 18 -18 -19 -20 20 24 -23 -24 -25 -26 -27 -28 28 -30
leaf_value=-13.599610937045533 -0.16302194843353879 6.2538119507701619 -3.4882468223966199 9.5884450332220581 37.413071706456655 12.321845173805235 24.608963166215435 27.927261430365014 10.845235772863665 14.650872803366351 0.23152824276017797 -5.6390246784538016 -12.728609895275824 -1.969563524450912 -2.8818717032871057 -4.870946438678879 -5.1878127842360335 6.8872917528916737 -3.0760362719125518 50.648106232714483 -8.5060083514022988 30.671181803783515 10.06339735007707 -2.4002083738765436 25.819621802139419 -15.659717246359417 20.507437855828563 -14.011220261820684 -0.92693559017832261
leaf_weight=2567 5017 6263 22309 860 341 1718 147 562 572 2603 1454 382 2024 2218 1791 428 1760 3083 459 30 151 528 1195 142 66 568 253 2052 598
leaf_count=2567 5017 6263 22309 860 341 1718 147 562 572 2603 1454 382 2024 2218 1791 428 1760 3083 459 30 151 528 1195 142 66 568 253 2052 598
internal_value=-0.00404864 5.94277 -5.39668 9.60779 12.0393 17.4837 8.84729 23.4959 19.3109 11.5028 2.46981 4.90496 -9.53824 -8.18655 2.21471 2.92456 1.14453 2.52045 8.77685 10.9188 19.4031 24.8186 6.12507 6.8524 1.93405 -6.5706 -5.56248 -6.91738 -11.0586
internal_weight=62141 29552 32589 14902 8639 3193 5446 1475 1134 3845 1601 1242 10280 7713 14650 12859 9860 8100 2999 2540 917 700 1623 172 217 5689 5121 4868 2650
internal_count=62141 29552 32589 14902 8639 3193 5446 1475 1134 3845 1601 1242 10280 7713 14650 12859 9860 8100 2999 2540 917 700 1623 172 217 5689 5121 4868 2650
is_linear=0
shrinkage=0.0768785


Tree=52
num_leaves=30
num_cat=0
split_feature=8 8 8 8 4 4 4 4 4 4 0 4 5 4 4 4 4 0 8 0 0 5 5 4 0 1 4 4 4
split_gain=2.8798e+08 6.79532e+07 3.06516e+07 1.76456e+07 1.09013e+07 1.61245e+07 1.38735e+07 9.83472e+06 2.45385e+07 1.95921e+07 1.50682e+07 2.84398e+07 1.75177e+07 1.50345e+07 9.32965e+06 1.85634e+07 1.38456e+07 1.04553e+07 8.99733e+06 8.98872e+06 1.22953e+07 1.02268e+07 8.64237e+06 8.39688e+06 8.06161e+06 1.08992e+07 7.85513e+06 2.0462e+07 1.68234e+07
threshold=17662.007500000003 22737.625000000004 13322.755000000003 27493.246250000004 6.5000000000000009 4.5000000000000009 21.500000000000004 7.5000000000000009 10.500000000000002 4.5000000000000009 27.076050000000006 17.500000000000004 1.0000000180025095e-35 19.500000000000004 10.500000000000002 17.500000000000004 14.500000000000002 33.365575000000007 11029.932500000001 30.209375000000012 35.95781250000001 1.0000000180025095e-35 1.0000000180025095e-35 20.500000000000004 31.258775000000004 9.5000000000000018 18.500000000000004 15.500000000000002 9.5000000000000018
decision_type=2 2 2 2 2 2 2 2 2 2 2 2 2 2 2 2 2 2 2 2 2 2 2 2 2 2 2 2 2
left_child=2 7 18 4 5 -3 14 9 -9 -2 12 24 23 19 -6 16 -16 -17 -1 21 -21 -13 -22 -10 25 -12 27 28 -4
right_child=1 3 26 -5 6 -7 -8 8 10 -11 11 13 -14 -15 15 17 -18 -19 -20 20 22 -23 -24 -25 -26 -27 -28 -29 -30
leaf_value=-13.483542343875888 4.0284092151863344 6.5858991958316562 -1.9063998273191611 14.15569712630298 19.025900694399766 -6.698175253306089 2.1611237263141154 9.1036656424888882 10.705772670610525 -6.5842674754333395 -9.5427664002023018 28.227080741365111 -6.0501300874467336 0.98097429470661845 8.5483039983274605 7.7840276270162923 -4.9340703621207709 17.807537554959236 -7.699306567372302 23.264557410591223 -8.6123087100782829 -2.9036750908196289 14.985931489898592 -5.7637328289791663 -0.30696267059767079 49.147578703336947 -7.0581099190451289 3.1532422294960627 -7.3532971961213489
leaf_weight=1965 2033 3267 8146 3166 761 647 1252 2997 675 2080 32 80 2636 694 1535 965 637 1696 8315 803 140 283 266 251 5066 45 3300 2714 5694
leaf_count=1965 2033 3267 8146 3166 761 647 1252 2997 675 2080 32 80 2636 694 1535 965 637 1696 8315 803 140 283 266 251 5066 45 3300 2714 5694
internal_value=-0.00373739 5.07438 -5.39749 9.1107 7.62627 4.38999 9.47652 1.96561 2.93855 -1.33857 1.25439 3.22991 -2.8547 10.4056 11.1138 9.86795 4.59422 14.1726 -8.80495 14.5664 17.7518 3.9571 6.84861 6.24158 0.0682869 24.7568 -3.63318 -2.95042 -4.14734
internal_weight=62141 32007 30134 13926 10760 3914 6846 18081 13968 4113 10971 7409 3562 2266 5594 4833 2172 2661 10280 1572 1209 363 406 926 5143 77 19854 16554 13840
internal_count=62141 32007 30134 13926 10760 3914 6846 18081 13968 4113 10971 7409 3562 2266 5594 4833 2172 2661 10280 1572 1209 363 406 926 5143 77 19854 16554 13840
is_linear=0
shrinkage=0.0768785


Tree=53
num_leaves=30
num_cat=0
split_feature=8 6 8 0 4 4 4 5 4 4 4 0 4 4 0 0 5 4 0 5 4 7 4 4 4 4 5 0 8
split_gain=2.45993e+08 4.82541e+07 3.51322e+07 1.18887e+07 1.25254e+07 1.21816e+07 1.20596e+07 1.02055e+07 1.07126e+07 1.01842e+07 2.43901e+07 1.45117e+07 1.15744e+07 2.66382e+07 1.3358e+07 1.32057e+07 1.30076e+07 1.24592e+07 1.14788e+07 1.03464e+07 1.72775e+07 9.59761e+06 9.58319e+06 1.47242e+07 1.58127e+07 1.71566e+07 1.25335e+07 9.83698e+06 8.68141e+06
threshold=18489.428750000003 24179.750000000004 13785.565000000001 33.502975000000006 17.500000000000004 14.500000000000002 20.500000000000004 1.0000000180025095e-35 19.500000000000004 6.5000000000000009 9.5000000000000018 27.239950000000004 15.500000000000002 18.500000000000004 26.899262500000003 19.114937500000003 1.0000000180025095e-35 17.500000000000004 19.912975000000003 1.0000000180025095e-35 7.5000000000000009 20908.016250000004 3.5000000000000004 9.5000000000000018 15.500000000000002 19.500000000000004 1.0000000180025095e-35 23.025425000000006 9860.7500000000018
decision_type=2 2 2 2 2 2 2 2 2 2 2 2 2 2 2 2 2 2 2 2 2 2 2 2 2 2 2 2 2
left_child=2 21 22 -3 5 -5 7 -6 -9 11 19 -4 14 15 -12 -14 17 -17 -15 20 -11 -2 -1 28 -25 26 -26 -28 -24
right_child=1 3 9 4 6 -7 -8 8 -10 10 12 -13 13 18 -16 16 -18 -19 -20 -21 -22 -23 23 24 25 -27 27 -29 -30
leaf_value=-10.883660075514713 1.250303523092456 6.2641773663124152 -3.9034488629890247 9.9484160764256249 33.05912389700508 -4.9716032199408176 10.645795526332536 24.198017210329752 9.1903040880455027 -20.05708663941056 -10.051781923500364 -16.130292760488654 13.330449169389066 -9.0804821479794811 -2.8709890637211219 -17.531323545471192 4.592606158761992 5.4798489722247057 -0.58424055287952115 5.1196745027386781 2.220510675871874 4.7947510136408749 -32.588068843306552 -13.75061729009348 -10.214857079505313 -12.975068335415481 11.408946050146557 -3.3130309243127871 -2.080967721271771
leaf_weight=3871 9699 4033 3062 2724 294 367 1654 584 542 277 2612 706 701 2252 3700 359 1775 227 1613 3459 800 8448 56 2248 483 960 587 494 3554
leaf_count=3871 9699 4033 3062 2724 294 367 1654 584 542 277 2612 706 701 2252 3700 359 1775 227 1613 3459 800 8448 56 2248 483 960 587 494 3554
internal_value=-0.00345006 5.27823 -4.43324 9.50958 11.6326 8.17694 15.1075 20.3043 16.9741 -2.56388 -1.79428 -6.19436 -3.4612 -1.29131 -5.84251 4.06489 1.31387 -8.61744 -5.5347 3.07089 -3.5092 2.90036 -7.71992 -6.25883 -9.06136 -4.88488 0.0809706 4.68123 -2.55421
internal_weight=62141 28345 33796 10198 6165 3091 3074 1420 1126 21543 17775 3768 13239 6927 6312 3062 2361 586 3865 4536 1077 18147 12253 8382 4772 2524 1564 1081 3610
internal_count=62141 28345 33796 10198 6165 3091 3074 1420 1126 21543 17775 3768 13239 6927 6312 3062 2361 586 3865 4536 1077 18147 12253 8382 4772 2524 1564 1081 3610
is_linear=0
shrinkage=0.0768785


Tree=54
num_leaves=30
num_cat=0
split_feature=8 8 8 8 4 4 0 5 0 5 4 5 4 4 1 0 4 4 4 4 5 4 5 8 4 1 4 0 4
split_gain=2.11641e+08 5.08202e+07 2.27956e+07 1.18766e+07 1.12548e+07 2.04804e+07 2.94009e+07 2.87669e+07 1.444e+07 1.15904e+07 1.05409e+07 1.03139e+07 9.3633e+06 2.21146e+07 9.32103e+06 8.98272e+06 8.84632e+06 2.52946e+07 1.91581e+07 8.09212e+06 2.0649e+07 8.01096e+06 1.97247e+07 7.41997e+06 8.14236e+06 8.35859e+06 7.21697e+06 6.54992e+06 6.3554e+06
threshold=17662.007500000003 23785.500000000004 12898.248750000001 28840.893750000003 19.500000000000004 17.500000000000004 30.209375000000012 1.0000000180025095e-35 35.95781250000001 1.0000000180025095e-35 18.500000000000004 1.0000000180025095e-35 18.500000000000004 20.500000000000004 9.5000000000000018 17.804050000000004 11.500000000000002 7.5000000000000009 4.5000000000000009 6.5000000000000009 1.0000000180025095e-35 9.5000000000000018 1.0000000180025095e-35 9860.7500000000018 14.500000000000002 11.500000000000002 16.500000000000004 35.031700000000008 6.5000000000000009
decision_type=2 2 2 2 2 2 2 2 2 2 2 2 2 2 2 2 2 2 2 2 2 2 2 2 2 2 2 2 2
left_child=2 4 23 11 5 16 7 10 -8 -10 -7 12 26 -14 -9 -6 17 18 -2 -20 -21 -19 -23 24 25 -1 -3 -13 -4
right_child=1 3 28 -5 15 6 8 14 9 -11 -12 27 13 -15 -16 -17 -18 21 19 20 -22 22 -24 -25 -26 -27 -28 -29 -30
leaf_value=-35.244939192494783 3.6379952642553977 9.1727559615053096 -5.8366090593474871 16.617121673139497 -10.61053309385486 42.508532202916378 21.412619498493601 2.7419306636099177 -9.4219907047437914 13.843570753707629 12.441466637663915 4.6260513089608866 34.025354474262663 9.7720131127685388 -10.380419489137182 -0.050726355360941902 -0.9220305187592388 11.167647599810884 -8.6489150884406065 -20.804055220126397 9.5129173236676436 15.780445851228643 0.86982404858602902 -7.5903365560665357 4.1694482908064137 10.917024648803823 -20.807937624989872 9.2720129164381291 -2.6092130692358269
leaf_weight=164 2720 1505 4578 976 637 97 1001 609 190 379 238 4867 331 676 674 1885 5383 1767 1696 182 491 697 2117 8319 58 27 49 2840 16988
leaf_count=164 2720 1505 4578 976 637 97 1001 609 190 379 238 4867 331 676 674 1885 5383 1767 1696 182 491 697 2117 8319 58 27 49 2840 16988
internal_value=-0.00318482 4.35014 -4.6271 8.51294 2.09582 2.76136 8.35897 1.08642 15.8539 6.07475 21.1475 7.74262 11.9694 17.7441 -4.15165 -2.71789 1.57587 2.96638 -0.76414 -5.81851 1.31427 7.11059 4.56304 -7.98175 -21.0586 -28.7194 8.22742 6.33807 -3.29432
internal_weight=62141 32007 30134 11244 20763 18241 3188 1618 1570 569 335 10268 2561 1007 1283 2522 15053 9670 5089 2369 673 4581 2814 8568 249 191 1554 7707 21566
internal_count=62141 32007 30134 11244 20763 18241 3188 1618 1570 569 335 10268 2561 1007 1283 2522 15053 9670 5089 2369 673 4581 2814 8568 249 191 1554 7707 21566
is_linear=0
shrinkage=0.0768785


Tree=55
num_leaves=30
num_cat=0
split_feature=8 8 8 4 4 4 4 5 0 4 4 5 4 1 0 4 0 7 1 4 4 4 4 4 5 4 0 0 4
split_gain=1.81936e+08 4.34514e+07 2.16476e+07 1.34434e+07 1.19482e+07 1.72499e+07 2.19892e+07 1.98272e+07 1.33654e+07 1.29704e+07 1.81159e+07 1.28509e+07 1.71396e+07 1.19983e+07 1.01868e+07 9.7065e+06 8.41219e+06 1.35305e+07 1.10681e+07 8.28057e+06 2.10346e+07 1.7964e+07 9.11887e+06 1.99145e+07 1.22231e+07 1.18766e+07 1.02398e+07 1.14306e+07 9.92252e+06
threshold=20631.270000000004 16071.240000000002 26334.418750000004 2.5000000000000004 9.5000000000000018 15.500000000000002 18.500000000000004 1.0000000180025095e-35 22.124100000000006 6.5000000000000009 5.5000000000000009 1.0000000180025095e-35 7.5000000000000009 2.5000000000000004 11.947975000000001 17.500000000000004 13.495625000000002 13107.803750000001 10.500000000000002 6.5000000000000009 4.5000000000000009 10.500000000000002 17.500000000000004 19.500000000000004 1.0000000180025095e-35 20.500000000000004 30.533725000000004 38.334700000000005 14.500000000000002
decision_type=2 2 2 2 2 2 2 2 2 2 2 2 2 2 2 2 2 2 2 2 2 2 2 2 2 2 2 2 2
left_child=1 3 19 -1 9 13 7 15 -9 10 16 12 -11 -6 -12 -7 17 -5 -19 20 -2 -21 28 26 25 -25 -24 -28 -23
right_child=2 -3 -4 4 5 6 -8 8 -10 11 14 -13 -14 -15 -16 -17 -18 18 -20 21 -22 22 23 24 -26 -27 27 -29 -30
leaf_value=-9.6294754416687507 4.727971738972947 -0.24508826494448727 10.180404806950456 -1.3955086822357399 -16.285427740541607 -12.597649760895926 -8.2421622776003218 12.647586473108289 0.13104429975004922 -19.214077700619953 -3.7873034176605986 4.4008739037017124 2.0792041683407652 -7.3402559505991922 -17.562439410574488 7.9953571043053566 -5.8022963878417952 3.9803721665531366 32.255491417508765 13.384289570144814 -7.1899539032983801 4.4008310802618809 0.41733728214595206 23.842936208895811 -1.1047277400179445 3.0810708082708698 17.268655840969629 -3.7397383818585235 -3.639748262605889
leaf_weight=3431 3614 19641 5360 1624 1164 678 2679 881 1179 365 511 2431 576 3714 837 169 1757 201 138 1536 1155 2732 341 261 1817 433 1460 171 1358
leaf_count=3431 3614 19641 5360 1624 1164 678 2679 881 1179 365 511 2431 576 3714 837 169 1757 201 138 1536 1155 2732 341 261 1817 433 1460 171 1358
internal_value=0.00397061 -2.88274 5.99135 -5.20224 -4.39872 -6.13452 -3.21764 1.41281 5.48399 -2.24665 -4.70495 1.4481 -6.18015 -9.47477 -12.3406 -8.48877 -1.93807 1.52064 15.4906 4.48218 1.84158 5.72791 4.35614 6.75103 2.2102 10.8892 12.533 15.0661 1.73112
internal_weight=62214 41976 20238 22335 18904 10464 5586 2907 2060 8440 5068 3372 941 4878 1348 847 3720 1963 339 14878 4769 10109 8573 4483 2511 694 1972 1631 4090
internal_count=62214 41976 20238 22335 18904 10464 5586 2907 2060 8440 5068 3372 941 4878 1348 847 3720 1963 339 14878 4769 10109 8573 4483 2511 694 1972 1631 4090
is_linear=0
shrinkage=0.0768785


Tree=56
num_leaves=30
num_cat=0
split_feature=8 8 8 5 4 4 0 5 1 4 5 4 5 4 0 5 4 4 4 4 4 4 5 4 6 4 1 8 0
split_gain=1.55367e+08 3.48995e+07 2.13893e+07 9.72475e+06 8.28142e+06 1.21344e+07 1.62693e+07 1.66915e+07 1.59649e+07 1.6858e+07 2.15595e+07 1.44886e+07 1.49409e+07 1.37151e+07 1.62955e+07 1.32064e+07 1.04164e+07 1.32529e+07 9.98559e+06 8.4869e+06 8.13118e+06 7.61586e+06 7.13056e+06 7.07138e+06 7.03452e+06 6.60388e+06 6.60499e+06 6.55773e+06 6.46414e+06
threshold=18195.390000000003 24274.868750000005 13785.565000000001 1.0000000180025095e-35 20.500000000000004 16.500000000000004 28.523600000000005 1.0000000180025095e-35 7.5000000000000009 18.500000000000004 1.0000000180025095e-35 18.500000000000004 1.0000000180025095e-35 14.500000000000002 35.879900000000006 1.0000000180025095e-35 4.5000000000000009 6.5000000000000009 10.500000000000002 11.500000000000002 18.500000000000004 17.500000000000004 1.0000000180025095e-35 17.500000000000004 21567.930000000004 18.500000000000004 9.5000000000000018 28180.290000000005 17.165762500000003
decision_type=2 2 2 2 2 2 2 2 2 2 2 2 2 2 2 2 2 2 2 2 2 2 2 2 2 2 2 2 2
left_child=2 4 22 -3 5 13 7 25 9 10 -8 12 21 14 16 -13 -2 -18 -19 -16 -9 -10 -1 -12 -25 -7 -27 -5 -6
right_child=1 3 -4 27 28 6 8 20 11 -11 23 15 -14 -15 19 -17 17 18 -20 -21 -22 -23 -24 24 -26 26 -28 -29 -30
leaf_value=-9.4005557414266256 3.6183228814671922 11.885541691907404 -2.1214438781275282 5.2300492322203178 -16.419684392421289 38.205575560761687 -20.46499755660362 6.3663745492487331 -18.621243609260059 14.328309040982955 -2.6791420431843114 23.294793126938202 27.708107474631806 -5.5633883770011279 9.0765206575449646 -5.5345175748445339 -7.8740460817997509 4.488894249273284 -4.9127473157968593 2.3941649151996156 -7.3217398953782373 14.742903818256611 -5.1177339365945818 21.236875927763094 2.3343032690294305 19.51676987884942 -2.1141423058985533 10.970046693752991 -1.4066791236690876
leaf_weight=3057 2912 2505 20349 6021 196 57 259 341 65 680 401 144 628 1482 2378 270 1607 1736 1085 2129 1035 107 9249 220 247 188 150 1462 1254
leaf_count=3057 2912 2505 20349 6021 196 57 259 341 65 680 401 144 628 1482 2378 270 1607 1736 1085 2129 1035 107 9249 220 247 188 150 1462 1254
internal_value=0.00366535 4.0417 -3.65153 7.73945 2.15457 2.60192 5.91982 0.0692728 9.34959 4.76877 -0.999188 16.168 22.2098 1.40907 2.28129 4.49307 0.0470509 -2.30154 0.872878 5.91993 -3.92955 2.13436 -6.18165 4.80916 11.2392 13.9994 9.91725 6.35151 -3.43602
internal_weight=62214 29559 32655 9988 19571 18121 4792 1771 3021 1807 1127 1214 800 13329 11847 414 7340 4428 2821 4507 1376 172 12306 868 467 395 338 7483 1450
internal_count=62214 29559 32655 9988 19571 18121 4792 1771 3021 1807 1127 1214 800 13329 11847 414 7340 4428 2821 4507 1376 172 12306 868 467 395 338 7483 1450
is_linear=0
shrinkage=0.0768785


Tree=57
num_leaves=30
num_cat=0
split_feature=8 8 8 4 6 8 4 4 7 5 4 4 0 1 4 4 0 0 4 4 5 0 4 4 4 8 6 5 4
split_gain=1.33084e+08 3.26478e+07 1.61975e+07 8.97306e+06 7.89545e+06 8.50525e+06 7.84481e+06 1.97389e+07 1.51644e+07 1.33796e+07 1.92105e+07 1.29117e+07 8.69886e+06 8.2638e+06 8.19881e+06 1.45354e+07 7.80114e+06 7.31025e+06 7.09951e+06 1.21606e+07 1.23227e+07 1.03543e+07 8.43885e+06 1.18924e+07 1.0771e+07 9.61148e+06 8.38697e+06 7.95361e+06 1.29001e+07
threshold=20631.270000000004 14891.726250000002 26334.418750000004 1.5000000000000002 29644.963750000006 29644.963750000006 6.5000000000000009 9.5000000000000018 17481.960000000003 1.0000000180025095e-35 8.5000000000000018 4.5000000000000009 8.022725000000003 3.5000000000000004 13.500000000000002 18.500000000000004 12.143862500000003 22.124100000000006 15.500000000000002 18.500000000000004 1.0000000180025095e-35 22.877850000000006 10.500000000000002 6.5000000000000009 5.5000000000000009 9860.7500000000018 16999.880000000001 1.0000000180025095e-35 7.5000000000000009
decision_type=2 2 2 2 2 2 2 2 2 2 2 2 2 2 2 2 2 2 2 2 2 2 2 2 2 2 2 2 2
left_child=1 3 -2 -1 -4 -6 11 9 14 10 13 -3 -13 -8 -9 -16 -5 -17 22 20 -20 -22 23 24 25 -18 27 28 -25
right_child=2 6 4 16 5 -7 7 8 -10 -11 -12 12 -14 -15 15 17 18 -19 19 -21 21 -23 -24 26 -26 -27 -28 -29 -30
leaf_value=-9.7688459998616448 3.8187785856470633 0.28253498106972758 8.141689228127662 -1.0559927862655218 7.6802130228022332 38.123393689429292 11.254041186722917 -7.1563119226227512 0.80716319096850031 6.5062897443902408 8.5518879995005364 26.057115908936996 -9.334305679344757 -14.997108762878533 2.2579887192060384 -8.7641467579128811 -28.32473301004147 0.91045203470517211 -7.9506893695692122 -8.017484436740002 11.061444952398254 -1.5901477489346301 -9.5946072537532725 -22.789063632439685 -16.539019299764849 -4.0700749734697883 -19.550448605463679 5.0065254252074727 3.2712257946481693
leaf_weight=2107 14878 2095 5143 3215 107 110 81 2844 8709 3638 482 42 1808 567 2413 1750 101 627 624 1416 781 749 3291 182 622 2198 117 1224 293
leaf_count=2107 14878 2095 5143 3215 107 110 81 2844 8709 3638 482 42 1808 567 2413 1750 101 627 624 1416 781 749 3291 182 622 2198 117 1224 293
internal_value=0.00338357 -2.46554 5.12421 -5.07462 8.74777 23.1122 -0.703658 -0.115614 -1.38535 4.2366 -3.0706 -3.85047 -8.53082 -11.7157 -3.88662 -1.94528 -4.40691 -6.2122 -5.33579 -2.48348 1.15447 4.86795 -6.6042 -4.52663 -7.56388 -5.13563 0.358725 1.72975 -6.71398
internal_weight=62214 41976 20238 16920 5360 217 25056 21111 16343 4768 1130 3945 1850 648 7634 4790 14813 2377 11598 3570 2154 1530 8028 4737 2921 2299 1816 1699 475
internal_count=62214 41976 20238 16920 5360 217 25056 21111 16343 4768 1130 3945 1850 648 7634 4790 14813 2377 11598 3570 2154 1530 8028 4737 2921 2299 1816 1699 475
is_linear=0
shrinkage=0.0768785


Tree=58
num_leaves=30
num_cat=0
split_feature=8 8 8 5 4 4 4 0 4 4 4 1 4 4 4 4 5 4 4 4 1 4 5 4 5 5 0 5 4
split_gain=1.14938e+08 2.966e+07 1.38226e+07 9.02492e+06 7.75337e+06 1.59925e+07 8.74952e+06 7.52552e+06 6.36228e+06 1.32092e+07 1.22376e+07 6.29678e+06 1.08808e+07 8.28409e+06 1.13183e+07 9.61345e+06 8.01142e+06 7.08402e+06 1.7198e+07 9.96712e+06 9.75415e+06 1.59397e+07 1.44375e+07 9.97239e+06 9.62136e+06 8.21355e+06 8.18916e+06 1.05622e+07 6.16602e+06
threshold=17662.007500000003 23191.250000000004 12469.546250000001 1.0000000180025095e-35 18.500000000000004 20.500000000000004 16.500000000000004 34.953475000000005 17.500000000000004 13.500000000000002 19.500000000000004 10.500000000000002 10.500000000000002 7.5000000000000009 4.5000000000000009 9.5000000000000018 1.0000000180025095e-35 16.500000000000004 19.500000000000004 13.500000000000002 7.5000000000000009 18.500000000000004 1.0000000180025095e-35 17.500000000000004 1.0000000180025095e-35 1.0000000180025095e-35 34.881400000000006 1.0000000180025095e-35 18.500000000000004
decision_type=2 2 2 2 2 2 2 2 2 2 2 2 2 2 2 2 2 2 2 2 2 2 2 2 2 2 2 2 2
left_child=2 11 -1 4 6 -6 -3 -5 9 -9 -10 13 -13 14 -2 -15 -14 19 20 25 26 22 23 -22 -23 -17 -19 -28 -29
right_child=1 3 -4 7 5 -7 -8 8 10 -11 -12 12 16 15 -16 17 -18 18 -20 -21 21 24 -24 -25 -26 -27 27 28 -30
leaf_value=-6.4186415150592664 2.5967307101613613 7.5928585095777228 -2.5050430704381963 3.1606506812430597 27.058253660472431 8.3340715235043294 -21.096280107504313 8.8014365051818437 21.57351590455654 -3.9368899370045045 6.5083073328969183 11.075124590878989 4.0085769725416496 8.1398193247967221 -5.0301918592778092 8.1896929567660965 -10.89142608253079 8.6165725601629894 -1.5660685370150995 -3.9943112865523087 -20.48474381201979 18.575677012983238 23.592856386431315 14.241121334242443 -11.352217605071573 0.36175439931591291 -13.454841399916416 1.4716839845465528 23.431931467707901
leaf_weight=6923 2361 1881 23238 5725 400 827 65 1669 484 676 933 240 289 1659 2242 1068 814 1176 2076 2229 82 91 676 121 210 3068 282 623 86
leaf_count=6923 2361 1881 23238 5725 400 827 65 1669 484 676 933 240 289 1659 2242 1068 814 1176 2076 2229 82 91 676 121 210 3068 282 623 86
internal_value=0.00312345 3.20852 -3.40335 6.10295 9.65222 14.4381 6.63459 4.91587 7.58695 5.12932 11.6541 1.319 -3.75958 1.69687 -1.11814 2.66047 -6.98744 1.88933 3.93109 0.149746 7.34074 12.9649 18.1936 0.213925 -2.30425 2.38309 4.27819 -0.870091 4.13541
internal_weight=62214 32053 30161 12660 3173 1227 1946 9487 3762 2345 1417 19393 1343 18050 4603 13447 1103 11788 5423 6365 3347 1180 879 203 301 4136 2167 991 709
internal_count=62214 32053 30161 12660 3173 1227 1946 9487 3762 2345 1417 19393 1343 18050 4603 13447 1103 11788 5423 6365 3347 1180 879 203 301 4136 2167 991 709
is_linear=0
shrinkage=0.0768785


Tree=59
num_leaves=30
num_cat=0
split_feature=8 8 8 4 4 0 4 4 5 4 4 4 5 4 6 0 6 8 1 4 4 4 4 4 4 5 4 0 0
split_gain=9.85227e+07 2.1785e+07 1.47661e+07 7.34476e+06 1.17811e+07 1.00816e+07 7.19417e+06 1.36901e+07 1.07762e+07 1.01343e+07 1.31122e+07 1.0387e+07 9.43763e+06 8.43551e+06 6.73796e+06 6.66174e+06 6.63126e+06 7.26077e+06 6.46849e+06 6.01792e+06 1.65578e+07 1.48073e+07 7.12446e+06 1.33009e+07 1.05545e+07 9.08995e+06 9.5421e+06 8.7797e+06 8.71889e+06
threshold=20037.753750000003 14833.780000000002 26334.418750000004 3.5000000000000004 5.5000000000000009 16.988500000000002 6.5000000000000009 9.5000000000000018 1.0000000180025095e-35 15.500000000000002 18.500000000000004 16.500000000000004 1.0000000180025095e-35 7.5000000000000009 16015.090000000002 28.674850000000003 29644.963750000006 29644.963750000006 2.5000000000000004 6.5000000000000009 4.5000000000000009 10.500000000000002 16.500000000000004 19.500000000000004 14.500000000000002 1.0000000180025095e-35 20.500000000000004 38.334700000000005 30.533725000000004
decision_type=2 2 2 2 2 2 2 2 2 2 2 2 2 2 2 2 2 2 2 2 2 2 2 2 2 2 2 2 2
left_child=1 3 19 -1 5 -5 -6 8 13 18 11 12 -11 -8 -10 -13 -4 -18 -9 20 -2 -21 24 27 -23 26 -25 28 -24
right_child=2 -3 16 4 6 -7 7 9 14 10 -12 15 -14 -15 -16 -17 17 -19 -20 21 -22 22 23 25 -26 -27 -28 -29 -30
leaf_value=-7.1363438329049762 3.396990274350888 -0.75911255638469977 7.0693882568508126 4.5052683029665967 -10.668844614048883 -8.1876848400552706 -16.748354038908559 -14.244160896383281 6.8817394984333706 -15.660545013633433 -7.805208982733963 10.381203458041101 0.38739890312512615 1.6013223568506549 -10.850093510634538 -5.0331616421968874 6.5307694440909589 34.658703511110204 -6.5343807802204177 10.126097856512073 -6.5263156324272273 2.6904020137059823 1.2731864894696812 19.234829654192499 -5.977848525839045 -1.9126728185113615 1.3767798603034442 -1.7690653550200106 12.657328207534583
leaf_weight=4296 3798 23335 5143 1683 1018 474 281 869 1329 291 1682 772 847 313 140 211 107 110 2475 1921 1346 3099 508 280 1134 2012 480 430 1830
leaf_count=4296 3798 23335 5143 1683 1018 474 281 869 1329 291 1682 772 847 313 140 211 107 110 2475 1921 1346 3099 508 280 1134 2012 480 430 1830
internal_value=0.00288332 -2.27572 4.11049 -4.3973 -3.44721 1.716 -4.53608 -3.85822 1.65863 -5.45067 -2.73604 1.28392 -3.71625 -7.07925 5.19184 7.07252 7.62483 20.7892 -8.53791 2.99178 0.800418 3.95572 2.74286 4.55727 0.36822 0.793041 7.95606 8.32695 10.1838
internal_weight=62214 40016 22198 16681 12385 2157 10228 9210 2063 7147 3803 2121 1138 594 1469 983 5360 217 3344 16838 5144 11694 9773 5540 4233 2772 760 2768 2338
internal_count=62214 40016 22198 16681 12385 2157 10228 9210 2063 7147 3803 2121 1138 594 1469 983 5360 217 3344 16838 5144 11694 9773 5540 4233 2772 760 2768 2338
is_linear=0
shrinkage=0.0768785


Tree=60
num_leaves=30
num_cat=0
split_feature=8 8 8 4 4 4 6 8 4 0 4 1 4 4 0 5 4 5 5 0 5 1 0 0 4 4 0 0 4
split_gain=8.43087e+07 2.49218e+07 1.04512e+07 8.42044e+06 1.15602e+07 1.06753e+07 8.47539e+06 5.81275e+06 5.26773e+06 1.19125e+07 1.09768e+07 1.13088e+07 1.23555e+07 1.47938e+07 9.88617e+06 1.02267e+07 9.42163e+06 1.5361e+07 1.02173e+07 9.64164e+06 7.6656e+06 7.31364e+06 6.10741e+06 6.01401e+06 5.01329e+06 1.81956e+07 1.84595e+07 1.24678e+07 1.10492e+07
threshold=17004.695000000003 22062.135000000006 11762.932500000001 7.5000000000000009 3.5000000000000004 11.500000000000002 26337.035000000003 29644.963750000006 6.5000000000000009 30.870450000000002 10.500000000000002 10.500000000000002 16.500000000000004 19.500000000000004 36.034200000000006 1.0000000180025095e-35 18.500000000000004 1.0000000180025095e-35 1.0000000180025095e-35 32.021375000000013 1.0000000180025095e-35 7.5000000000000009 32.161112500000009 12.364687500000004 18.500000000000004 16.500000000000004 29.262150000000002 17.336937500000001 3.5000000000000004
decision_type=2 2 2 2 2 2 2 2 2 2 2 2 2 2 2 2 2 2 2 2 2 2 2 2 2 2 2 2 2
left_child=2 8 -1 4 7 -5 -7 -3 9 -2 -10 12 -12 14 16 -16 18 -18 19 -14 -13 -20 -19 -15 25 27 -27 28 -4
right_child=1 3 24 5 -6 6 -8 -9 10 -11 11 20 13 23 15 -17 17 22 21 -21 -22 -23 -24 -25 -26 26 -28 -29 -30
leaf_value=-6.7696150518978184 1.597859066460728 4.167932591910211 -5.4966655543143377 12.363680337753335 -2.9479394018847147 3.2020031607463313 8.1203135561655486 23.219048645146852 4.5438856408130226 -7.7742684608382682 -1.8680807303578044 2.7237576932142824 22.143592182732238 -11.075430232285859 -14.290607284470195 5.1374536466750538 18.960713087883029 -4.7543933142228028 10.989181280577263 -10.243596821941836 -9.4791874639151601 23.476730969366724 17.640129770442016 0.28393782219946334 -5.3763782523491956 9.4884639613107513 -7.6706906056106359 -4.2220970040986208 2.4358913629252124
leaf_weight=4171 2006 3918 1430 1378 1692 5410 3355 97 4272 1335 4865 418 78 326 231 522 279 646 619 179 1118 502 81 1777 3255 1415 502 12366 3784
leaf_count=4171 2006 3918 1430 1378 1692 5410 3355 97 4272 1335 4865 418 78 326 231 522 279 646 619 179 1118 502 81 1777 3255 1415 502 12366 3784
internal_value=0.00448287 2.48667 -3.23196 4.74435 2.38204 6.07351 5.0846 4.6282 0.628133 -2.14706 1.2108 -0.0123749 0.921835 3.51209 6.85668 -0.822549 9.2822 3.6258 13.4116 -0.414022 -6.15833 16.5813 -2.25927 -1.47695 -2.58342 -2.11713 4.99504 -2.89268 0.260296
internal_weight=62027 35104 26923 15850 5707 10143 8765 4015 19254 3341 15913 11641 10105 5240 3137 753 2384 1006 1378 257 1536 1121 727 2103 22752 19497 1917 17580 5214
internal_count=62027 35104 26923 15850 5707 10143 8765 4015 19254 3341 15913 11641 10105 5240 3137 753 2384 1006 1378 257 1536 1121 727 2103 22752 19497 1917 17580 5214
is_linear=0
shrinkage=0.0768785


Tree=61
num_leaves=30
num_cat=0
split_feature=8 8 8 4 4 0 5 4 0 5 4 4 4 1 4 1 0 4 5 0 0 4 4 4 4 0 4 4 5
split_gain=7.1844e+07 2.1569e+07 8.96712e+06 7.31458e+06 8.99731e+06 1.21404e+07 1.76502e+07 2.13681e+07 1.23108e+07 1.76995e+07 1.04781e+07 1.63808e+07 1.39529e+07 1.0471e+07 9.12993e+06 8.1311e+06 7.38329e+06 7.1877e+06 1.94677e+07 6.79615e+06 6.43519e+06 6.43411e+06 7.45734e+06 1.25922e+07 1.77343e+07 1.41155e+07 1.14312e+07 1.37439e+07 1.17268e+07
threshold=17004.695000000003 24916.125000000004 11029.932500000001 20.500000000000004 16.500000000000004 28.099150000000005 1.0000000180025095e-35 17.500000000000004 35.558325000000011 1.0000000180025095e-35 11.500000000000002 7.5000000000000009 4.5000000000000009 6.5000000000000009 18.500000000000004 9.5000000000000018 31.65785 9.5000000000000018 1.0000000180025095e-35 16.988500000000002 25.640200000000004 1.0000000180025095e-35 9.5000000000000018 15.500000000000002 18.500000000000004 21.804737500000005 6.5000000000000009 5.5000000000000009 1.0000000180025095e-35
decision_type=2 2 2 2 2 2 2 2 2 2 2 2 2 2 2 2 2 2 2 2 2 2 2 2 2 2 2 2 2
left_child=2 3 -1 4 10 6 14 -8 -7 -10 11 12 -2 -11 -6 -16 -12 -13 -19 -5 -14 -4 26 -24 25 -25 27 -23 -29
right_child=1 -3 21 19 5 8 7 -9 9 13 16 17 20 -15 15 -17 -18 18 -20 -21 -22 22 23 24 -26 -27 -28 28 -30
leaf_value=-7.9933899336860099 2.3973491424768301 5.6476116515573285 -8.451602676214808 -12.629845453836074 33.730894145949627 10.603161057460769 32.536655197127772 -4.9827643512944686 -11.524146069710389 -1.0945227684979313 -10.219190136504116 8.2347516438168977 8.722258072524161 13.828010329064767 16.386895986950741 -3.2800760702804168 -1.1173544391737684 12.57963747301903 -0.60597170209199713 -1.1297761948177816 -5.6723455719337537 -1.0315857075138413 -6.1195302026373799 8.9447226309184416 -5.2527830320613313 -1.2954961480807412 2.1747180239625337 2.6438995154488181 -13.386712625375637
leaf_weight=1958 3806 8574 1060 365 94 2190 94 1968 434 527 591 2320 197 588 279 224 4845 885 2624 1809 2690 5235 6107 1295 3349 2063 4396 357 1103
leaf_count=1958 3806 8574 1060 365 94 2190 94 1968 434 527 591 2320 197 588 279 224 4845 885 2624 1809 2690 5235 6107 1295 3349 2063 4396 357 1103
internal_value=0.00413824 2.2955 -2.98349 1.21216 1.59354 4.06905 0.097885 -3.27237 6.89315 1.64789 0.711571 1.93512 -0.659796 6.77494 11.7385 7.62864 -2.1069 4.91466 2.71955 -3.06056 -4.6901 -2.59056 -2.33067 -3.59394 -1.29428 2.65361 -0.871153 -2.8711 -9.4669
internal_weight=62027 35104 26923 26530 24356 6398 2659 2062 3739 1549 17958 12522 6693 1115 597 503 5436 5829 3509 2174 2887 24965 23905 12814 6707 3358 11091 6695 1460
internal_count=62027 35104 26923 26530 24356 6398 2659 2062 3739 1549 17958 12522 6693 1115 597 503 5436 5829 3509 2174 2887 24965 23905 12814 6707 3358 11091 6695 1460
is_linear=0
shrinkage=0.0768785


Tree=62
num_leaves=30
num_cat=0
split_feature=8 8 8 6 8 4 4 4 4 4 5 4 1 4 1 4 0 5 1 4 4 5 4 0 7 4 4 1 0
split_gain=6.20129e+07 1.50976e+07 9.30627e+06 6.11372e+06 6.6712e+06 5.91374e+06 1.27109e+07 1.06558e+07 6.7002e+06 1.30654e+07 1.04774e+07 1.11785e+07 9.1987e+06 7.59561e+06 7.28582e+06 6.80699e+06 6.28253e+06 7.35449e+06 6.10408e+06 5.00474e+06 1.11425e+07 1.34504e+07 1.55856e+07 8.65564e+06 8.47974e+06 8.67738e+06 1.36455e+07 7.94413e+06 7.28027e+06
threshold=20331.220000000005 14367.1975 27767.716250000005 15493.423750000002 10620.635 7.5000000000000009 10.500000000000002 4.5000000000000009 17.500000000000004 19.500000000000004 1.0000000180025095e-35 20.500000000000004 7.5000000000000009 14.500000000000002 9.5000000000000018 18.500000000000004 37.947025000000004 1.0000000180025095e-35 6.5000000000000009 6.5000000000000009 9.5000000000000018 1.0000000180025095e-35 8.5000000000000018 28.373575000000006 18164.685000000001 13.500000000000002 18.500000000000004 3.5000000000000004 16.815812500000003
decision_type=2 2 2 2 2 2 2 2 2 2 2 2 2 2 2 2 2 2 2 2 2 2 2 2 2 2 2 2 2
left_child=1 3 5 4 -1 7 -7 -2 13 14 11 12 -11 18 16 -16 -10 -18 -8 23 21 22 27 -3 25 -22 -27 -21 -28
right_child=2 19 -4 -5 -6 6 8 -9 9 10 -12 -13 -14 -15 15 -17 17 -19 -20 20 24 -23 -24 -25 -26 26 28 -29 -30
leaf_value=-9.544613754317929 2.656480765850544 -0.7717933869235496 7.572703371097635 -11.606199339993092 -2.9538817391787906 10.274267261547655 7.0638424534963349 -4.7144595488958645 12.983859825318561 30.323126365601105 -0.69984438027366536 2.6418815634524724 4.7093418886799787 -3.6488945313489487 12.972759887641068 -9.0360535421544004 -18.249315850070456 8.9146025433748974 0.14776199960076478 6.6257242732481725 -5.4856069334329787 5.1948763945945089 6.6636725281818752 -8.3400799456839092 1.0276431658670644 2.6313156356620495 -8.6839936770017374 -14.627873963851302 -1.2676860811475115
leaf_weight=975 4660 2955 2722 559 13152 1537 1234 1543 1586 201 2749 661 141 1608 132 224 86 187 1940 125 3702 3876 486 1280 6566 3317 1355 617 1851
leaf_count=975 4660 2955 2722 559 13152 1537 1234 1543 1586 201 2749 661 141 1608 132 224 86 187 1940 125 3702 3876 486 1280 6566 3317 1355 617 1851
internal_value=0.0038201 -1.74853 3.37584 -3.72078 -3.40875 2.75797 3.73492 0.822955 2.79986 4.51813 1.7541 8.47981 19.7631 0.655796 9.20014 -0.875482 11.1296 0.357471 2.83662 -0.640057 -0.172128 2.97349 -4.03798 -3.05926 -1.12831 -2.51276 -0.825575 -11.0474 -4.40215
internal_weight=62027 40816 21211 14686 14127 18489 12286 6203 10749 5967 3752 1003 342 4782 2215 356 1859 273 3174 26130 21895 5104 1228 4235 16791 10225 6523 742 3206
internal_count=62027 40816 21211 14686 14127 18489 12286 6203 10749 5967 3752 1003 342 4782 2215 356 1859 273 3174 26130 21895 5104 1228 4235 16791 10225 6523 742 3206
is_linear=0
shrinkage=0.0768785


Tree=63
num_leaves=30
num_cat=0
split_feature=8 8 5 4 4 4 4 0 4 4 7 0 8 6 4 4 4 8 0 4 8 1 1 4 4 4 4 0 4
split_gain=5.36949e+07 1.65542e+07 6.94681e+06 7.08774e+06 1.1562e+07 1.13073e+07 6.65812e+06 6.63859e+06 1.57721e+07 1.03267e+07 7.96899e+06 5.72014e+06 5.66899e+06 6.37655e+06 5.08673e+06 9.54576e+06 9.0454e+06 6.1945e+06 5.26421e+06 5.10873e+06 4.82701e+06 4.77405e+06 4.51308e+06 4.77969e+06 4.46714e+06 6.57296e+06 4.23887e+06 8.0232e+06 4.2127e+06
threshold=21569.815000000002 16126.775000000003 1.0000000180025095e-35 18.500000000000004 15.500000000000002 20.500000000000004 2.5000000000000004 17.165762500000003 19.500000000000004 16.500000000000004 13589.500000000002 33.966350000000013 13017.477500000003 16418.875000000004 17.500000000000004 19.500000000000004 12.500000000000002 27493.246250000004 36.725412500000012 9.5000000000000018 26559.025000000005 1.5000000000000002 6.5000000000000009 3.5000000000000004 8.5000000000000018 5.5000000000000009 18.500000000000004 27.5869125 6.5000000000000009
decision_type=2 2 2 2 2 2 2 2 2 2 2 2 2 2 2 2 2 2 2 2 2 2 2 2 2 2 2 2 2
left_child=1 6 3 4 24 20 -1 8 10 12 -8 22 -9 21 16 -16 18 -17 -13 -20 -5 -14 -4 -24 25 -2 27 -11 -3
right_child=2 28 11 5 -6 -7 7 9 -10 26 -12 14 13 -15 15 17 -18 -19 19 -21 -22 -23 23 -25 -26 -27 -28 -29 -30
leaf_value=-5.9881677157128577 4.9806572753335878 -2.2981908008013261 3.4937038069072033 16.203109829350954 -11.50359474614587 5.4497349415021743 -0.72348257986496012 -7.3536642708002438 -7.4285017443119559 8.5962002068590113 5.4514468743855504 1.060767587991817 -12.658791640403384 -9.4637468661411468 13.457915523250087 -3.1477424141161099 -1.5690676440131037 7.0281755583662298 15.645352128531131 5.7635637385361829 35.315739994670935 -1.9725236121780216 2.5885108763932845 -3.117343901124388 9.8312563951891487 -10.228879688274228 -2.2718413478988229 -3.9186151440312593 0.55729633548712554
leaf_weight=3434 1446 3656 2596 439 255 889 3295 2888 1464 835 1976 986 258 869 888 544 1751 1010 406 1297 95 5840 1496 2066 955 190 1196 475 18532
leaf_count=3434 1446 3656 2596 439 255 889 3295 2888 1464 835 1976 986 258 869 888 544 1751 1010 406 1297 95 5840 1496 2066 955 190 1196 475 18532
internal_value=0.00352641 -1.40374 3.63921 6.33098 4.11594 10.7611 -2.87164 -2.3112 -0.369286 -3.36927 1.59138 2.75799 -4.48979 -3.30264 4.2811 7.09939 2.73104 3.46595 5.53115 8.11941 19.6033 -2.42465 1.0558 -0.720949 5.65318 3.21427 1.03726 4.05839 0.086787
internal_weight=62027 44718 17309 4269 2846 1423 22530 19096 6735 12361 5271 13040 9855 6967 6882 2442 4440 1554 2689 1703 534 6098 6158 3562 2591 1636 2506 1310 22188
internal_count=62027 44718 17309 4269 2846 1423 22530 19096 6735 12361 5271 13040 9855 6967 6882 2442 4440 1554 2689 1703 534 6098 6158 3562 2591 1636 2506 1310 22188
is_linear=0
shrinkage=0.0768785


Tree=64
num_leaves=30
num_cat=0
split_feature=8 8 8 4 4 1 5 1 4 4 0 4 0 0 4 4 0 4 6 4 4 4 1 8 4 5 5 0 5
split_gain=4.64358e+07 1.1878e+07 8.12373e+06 5.3701e+06 1.06983e+07 1.09963e+07 1.1804e+07 9.88676e+06 9.08577e+06 7.24815e+06 5.93147e+06 4.8386e+06 1.1979e+07 1.17222e+07 6.86751e+06 5.22781e+06 6.13908e+06 5.07579e+06 4.89256e+06 4.68224e+06 7.70242e+06 5.67376e+06 4.8143e+06 4.3859e+06 4.37476e+06 9.33004e+06 6.84367e+06 4.25127e+06 4.07994e+06
threshold=18082.552500000005 24916.125000000004 11762.932500000001 19.500000000000004 17.500000000000004 9.5000000000000018 1.0000000180025095e-35 7.5000000000000009 18.500000000000004 18.500000000000004 15.945625000000001 13.500000000000002 32.021375000000013 36.296125000000011 4.5000000000000009 6.5000000000000009 30.074812500000004 10.500000000000002 19191.542500000003 17.500000000000004 21.500000000000004 15.500000000000002 6.5000000000000009 29644.963750000006 18.500000000000004 1.0000000180025095e-35 1.0000000180025095e-35 17.804050000000004 1.0000000180025095e-35
decision_type=2 2 2 2 2 2 2 2 2 2 2 2 2 2 2 2 2 2 2 2 2 2 2 2 2 2 2 2 2
left_child=2 3 -1 4 10 7 8 -6 -7 -8 -2 13 18 14 -12 16 -16 -17 -13 21 28 22 23 -3 26 -26 -9 -5 -21
right_child=1 19 -4 27 5 6 9 24 -10 -11 11 12 -14 -15 15 17 -18 -19 -20 20 -22 -23 -24 -25 25 -27 -28 -29 -30
leaf_value=-5.1941614602008652 11.100372601495108 4.9357222414062072 -1.5565552703427994 -8.1602919264069662 5.4730333916781868 36.955421534502662 1.0594881745789433 1.8896759527700759 1.9951481167320082 -15.335496608763258 2.3518484342192565 7.1218734128072052 -2.648663893246781 4.9319112397233766 2.8658646776117211 2.156965932413867 -8.0130973438806716 -4.4996121927768451 48.899981212053255 15.932725655558622 2.8117371070066208 -11.109447595479212 0.338784790668611 21.944249110452411 28.809503414931758 -1.9534935202689123 27.912528497172456 -0.48814155490907701 7.8352165474389395
leaf_weight=4171 326 2455 27901 526 1770 70 328 76 118 310 3370 30 3234 3699 397 1893 1346 1054 37 464 1852 165 1772 93 91 162 279 2265 1773
leaf_count=4171 326 2455 27901 526 1770 70 328 76 118 310 3370 30 3234 3699 397 1893 1346 1054 37 464 1852 165 1772 93 91 162 279 2265 1773
internal_value=0.00325531 2.17981 -2.02963 1.21037 1.68246 5.72394 -1.9179 8.37833 15.0123 -6.90673 0.840857 0.618772 -1.98207 1.34888 -0.295485 -2.19773 -5.53522 -0.223772 30.1934 4.5973 6.47884 2.88189 3.41628 5.55652 16.8362 9.11146 22.3414 -1.93406 9.51481
internal_weight=62027 29955 32072 21381 18590 3204 826 2378 188 638 15386 15060 3301 11759 8060 4690 1743 2947 67 8574 4089 4485 4320 2548 608 253 355 2791 2237
internal_count=62027 29955 32072 21381 18590 3204 826 2378 188 638 15386 15060 3301 11759 8060 4690 1743 2947 67 8574 4089 4485 4320 2548 608 253 355 2791 2237
is_linear=0
shrinkage=0.0768785


Tree=65
num_leaves=30
num_cat=0
split_feature=8 7 8 4 4 4 4 5 4 0 4 0 8 1 4 4 1 0 1 7 4 4 4 4 5 4 1 0 0
split_gain=4.18161e+07 1.16762e+07 6.67034e+06 6.32418e+06 7.42606e+06 1.09257e+07 1.5096e+07 1.61022e+07 1.26414e+07 1.19186e+07 9.94236e+06 1.01139e+07 8.39279e+06 6.77471e+06 1.92688e+07 8.82652e+06 6.32291e+06 6.23628e+06 6.17282e+06 5.66975e+06 5.55301e+06 9.53369e+06 7.42337e+06 6.00796e+06 7.41758e+06 6.8257e+06 5.11559e+06 4.54924e+06 4.47709e+06
threshold=17461.102500000005 22828.547500000004 29285.471250000006 2.5000000000000004 9.5000000000000018 15.500000000000002 18.500000000000004 1.0000000180025095e-35 17.500000000000004 26.332625000000004 7.5000000000000009 17.336937500000001 9860.7500000000018 9.5000000000000018 17.500000000000004 16.500000000000004 6.5000000000000009 29.404350000000004 11.500000000000002 17944.215000000004 22.500000000000004 17.500000000000004 15.500000000000002 19.500000000000004 1.0000000180025095e-35 20.500000000000004 7.5000000000000009 22.124100000000006 21.457725000000003
decision_type=2 2 2 2 2 2 2 2 2 2 2 2 2 2 2 2 2 2 2 2 2 2 2 2 2 2 2 2 2
left_child=3 -2 20 -1 10 9 7 8 -7 -6 11 -5 -13 28 15 -15 -4 -10 -12 -14 21 22 -3 -23 25 26 -25 -8 -9
right_child=1 2 16 4 5 6 27 13 17 -11 18 12 19 14 -16 -17 -18 -19 -20 -21 -22 23 -24 24 -26 -27 -28 -29 -30
leaf_value=-5.0203467084275113 0.72052193380950857 2.6279009887901448 21.898096379554595 0.8954293470116198 -8.1806229823965211 -10.234519777043015 -5.6141205646491503 8.4148251374137057 15.339350397542743 -1.8861144754278565 2.3308904592654809 -39.777398430763085 -2.8396834055646809 7.4520532614362462 -23.167026439622113 23.308744930032436 3.8120033580249748 -12.088124106612311 12.880795866563821 -11.173523589865711 -2.1429571200979596 10.945074384949912 -9.2727197423231438 29.891681949241548 2.6178777259726416 6.0088234752787359 9.0118798140974832 0.8141505908508192 0.44747295120435543
leaf_weight=3765 19568 7065 227 4257 3438 805 2960 617 209 3682 2653 40 2668 457 88 380 230 64 374 589 1005 1323 324 159 2383 536 123 834 1285
leaf_count=3765 19568 7065 227 4257 3438 805 2960 617 209 3682 2653 40 2668 457 88 380 230 64 374 589 1005 1323 324 159 2383 536 123 834 1285
internal_value=0.0401676 1.91712 3.66777 -2.07992 -1.64407 -2.75483 -0.747388 2.60811 -5.38637 -4.92551 -0.0884098 -1.58019 -4.77664 5.65658 11.0532 14.651 12.7957 8.90947 3.63438 -4.34679 3.34485 3.80781 2.10607 6.58725 4.78612 11.1027 20.7845 -4.20105 3.03205
internal_weight=62108 32943 13375 29165 25400 14819 7699 3905 1078 7120 10581 7554 3297 2827 925 837 457 273 3027 3257 12918 11913 7389 4524 3201 818 282 3794 1902
internal_count=62108 32943 13375 29165 25400 14819 7699 3905 1078 7120 10581 7554 3297 2827 925 837 457 273 3027 3257 12918 11913 7389 4524 3201 818 282 3794 1902
is_linear=0
shrinkage=0.0768785


Tree=66
num_leaves=30
num_cat=0
split_feature=8 8 5 0 8 6 4 4 4 1 4 5 0 4 4 5 1 5 4 8 8 1 4 1 6 0 1 6 8
split_gain=3.63394e+07 1.1483e+07 5.70733e+06 5.38152e+06 5.33984e+06 5.13585e+06 4.9397e+06 6.51568e+06 6.16326e+06 7.71326e+06 7.46349e+06 1.03925e+07 7.06865e+06 5.31867e+06 1.07213e+07 8.4673e+06 7.44295e+06 6.89248e+06 1.14413e+07 6.52127e+06 5.50654e+06 8.90388e+06 5.45097e+06 5.53754e+06 6.25198e+06 7.07981e+06 4.95477e+06 4.59412e+06 4.54852e+06
threshold=21569.815000000002 16126.775000000003 1.0000000180025095e-35 34.810687500000007 10263.900000000001 17054.572500000006 1.5000000000000002 9.5000000000000018 15.500000000000002 2.5000000000000004 18.500000000000004 1.0000000180025095e-35 22.877850000000006 6.5000000000000009 5.5000000000000009 1.0000000180025095e-35 6.5000000000000009 1.0000000180025095e-35 7.5000000000000009 12782.242500000002 13322.755000000003 10.500000000000002 3.5000000000000004 10.500000000000002 13260.195000000002 17.804050000000004 10.500000000000002 14187.902500000002 12782.242500000002
decision_type=2 2 2 2 2 2 2 2 2 2 2 2 2 2 2 2 2 2 2 2 2 2 2 2 2 2 2 2 2
left_child=1 4 -2 -4 -1 6 -6 13 9 -9 11 -10 -13 14 22 20 -17 18 -15 -18 -16 -22 -8 -24 -25 -26 -14 -19 -11
right_child=2 -3 3 -5 5 -7 7 8 10 28 -12 12 26 17 15 16 19 27 -20 -21 21 -23 23 24 25 -27 -28 -29 -30
leaf_value=-10.279858343274753 5.4466290604869974 0.12050297191989526 0.83386900019091637 3.9821642140605529 -5.4273791513995988 -8.1207788781043195 -2.4590105444759551 -10.389753668602054 -5.6938394337333182 -8.0271477839604692 -4.0300591555753353 9.7162947015355918 -1.689259868032881 -13.999051918010181 -10.453798779186355 -5.0234578221771002 -2.2645761902761032 9.3282162120781535 3.7712813060292949 -23.846635489063161 -0.32252521568732428 33.755819045412153 0.076644826797172633 3.3575295586357385 28.769178689052584 3.8107724733510269 14.730007757542188 2.152244473824549 -1.5974980398723677
leaf_weight=490 4320 22214 7279 5739 2151 824 2184 1151 787 857 2607 908 876 354 112 533 110 817 542 334 140 67 1538 596 148 123 124 1487 2696
leaf_count=490 4320 22214 7279 5739 2151 824 2184 1151 787 857 2607 908 876 354 112 533 110 817 542 334 140 67 1538 596 148 123 124 1487 2696
internal_value=0.0370796 -1.12017 3.02531 2.2218 -2.34203 -2.16576 -1.93476 -1.54124 -2.89457 -4.92022 -1.09738 1.73954 4.80562 -0.0507165 -1.42237 -7.59701 -11.1478 2.47185 -3.24959 -18.4997 3.27793 10.7077 0.321432 2.84637 7.75969 17.4412 0.346729 4.69685 -3.14836
internal_weight=62108 44770 17338 13018 22556 22066 21242 19091 10006 4704 5302 2695 1908 9085 5885 1296 977 3200 896 444 319 207 4589 2405 867 271 1000 2304 3553
internal_count=62108 44770 17338 13018 22556 22066 21242 19091 10006 4704 5302 2695 1908 9085 5885 1296 977 3200 896 444 319 207 4589 2405 867 271 1000 2304 3553
is_linear=0
shrinkage=0.0768785


Tree=67
num_leaves=30
num_cat=0
split_feature=8 8 4 8 4 3 4 4 4 4 1 4 5 4 0 0 0 5 4 5 1 5 0 1 0 4 5 1 0
split_gain=3.10761e+07 1.01898e+07 5.22832e+06 4.82849e+06 4.73172e+06 4.77732e+06 4.6272e+06 7.16451e+06 1.02759e+07 7.0763e+06 6.91355e+06 1.64442e+07 9.20251e+06 1.30646e+07 5.06218e+06 4.97358e+06 4.94554e+06 1.43131e+07 1.35935e+07 2.46833e+07 8.70512e+06 6.40647e+06 6.45206e+06 5.68842e+06 4.70803e+06 4.63135e+06 1.49241e+07 5.13249e+06 4.34838e+06
threshold=17004.695000000003 24274.868750000005 20.500000000000004 10263.900000000001 1.0000000180025095e-35 1.0000000180025095e-35 16.500000000000004 11.500000000000002 7.5000000000000009 4.5000000000000009 10.500000000000002 17.500000000000004 1.0000000180025095e-35 18.500000000000004 31.65785 25.640200000000004 35.558325000000011 1.0000000180025095e-35 18.500000000000004 1.0000000180025095e-35 6.5000000000000009 1.0000000180025095e-35 30.973912500000001 9.5000000000000018 17.987625000000005 9.5000000000000018 1.0000000180025095e-35 11.500000000000002 15.945625000000001
decision_type=2 2 2 2 2 2 2 2 2 2 2 2 2 2 2 2 2 2 2 2 2 2 2 2 2 2 2 2 2
left_child=3 2 6 -1 -5 -6 7 8 9 -2 16 -12 13 -13 24 -11 18 -18 21 23 -19 22 -8 -20 -9 27 -27 -10 -4
right_child=1 -3 28 4 5 -7 10 14 25 15 11 12 -14 -15 -16 -17 17 20 19 -21 -22 -23 -24 -25 -26 26 -28 -29 -30
leaf_value=-9.4895581322291918 1.6194708072378106 3.6155343282736014 -10.819225896876945 -6.6441168743384109 -0.89205826837759983 -3.2116222517074284 19.372957697670959 -0.33476867206889671 5.7335293088970269 8.2126019144361422 40.391308259594446 35.371695298365026 -9.7372293447192888 -3.8934437746319066 -1.146328068996699 -4.5207828924416447 -11.62987868450308 -2.6968710734743562 18.013494238795154 -3.0326208104288521 11.539376411851622 13.806696600877942 -8.2936074336607088 -2.3306956617330603 -14.479709652036069 10.760141946954992 -0.94428490899533635 24.467958606813973 -1.3988808403842152
leaf_weight=490 3361 10011 354 1135 17944 7417 71 233 2178 195 49 71 702 170 4621 2580 428 463 528 1673 562 1160 167 96 345 860 2562 90 1592
leaf_count=490 3361 10011 354 1135 17944 7417 71 233 2178 195 49 71 702 170 4621 2580 428 463 528 1673 562 1160 167 96 345 860 2562 90 1592
internal_value=0.034229 1.54161 0.714804 -1.92762 -1.78777 -1.57043 1.03632 0.383812 1.42948 -0.75279 2.84561 -3.0311 -5.28741 7.67429 -1.99475 -3.626 3.97803 0.178176 5.47226 1.83448 5.10876 11.4494 -0.0401363 14.8836 -8.77768 3.78281 1.99721 6.47696 -3.11255
internal_weight=62108 35122 25111 26986 26496 25361 23165 17025 11826 6136 6140 992 943 241 5199 2775 5148 1453 3695 2297 1025 1398 238 624 578 5690 3422 2268 1946
internal_count=62108 35122 25111 26986 26496 25361 23165 17025 11826 6136 6140 992 943 241 5199 2775 5148 1453 3695 2297 1025 1398 238 624 578 5690 3422 2268 1946
is_linear=0
shrinkage=0.0768785


Tree=68
num_leaves=30
num_cat=0
split_feature=8 8 6 5 8 4 4 4 4 4 1 4 5 4 0 4 1 0 8 6 4 4 5 4 4 0 1 4 4
split_gain=2.73303e+07 8.71084e+06 6.29468e+06 5.31674e+06 5.0298e+06 4.64292e+06 7.55502e+06 6.86197e+06 4.77795e+06 6.14326e+06 6.76415e+06 7.73043e+06 7.22552e+06 6.87241e+06 4.65475e+06 4.4455e+06 5.36417e+06 3.68638e+06 3.43244e+06 3.3621e+06 3.31047e+06 9.70763e+06 1.07207e+07 1.38697e+07 8.29533e+06 6.79771e+06 6.09306e+06 5.90454e+06 1.61443e+07
threshold=21727.010000000006 14833.780000000002 16999.880000000001 1.0000000180025095e-35 28840.893750000003 6.5000000000000009 11.500000000000002 4.5000000000000009 22.500000000000004 18.500000000000004 9.5000000000000018 19.500000000000004 1.0000000180025095e-35 20.500000000000004 35.95781250000001 14.500000000000002 6.5000000000000009 36.725412500000012 29644.963750000006 23485.625000000004 6.5000000000000009 9.5000000000000018 1.0000000180025095e-35 8.5000000000000018 5.5000000000000009 29.551325000000002 2.5000000000000004 16.500000000000004 18.500000000000004
decision_type=2 2 2 2 2 2 2 2 2 2 2 2 2 2 2 2 2 2 2 2 2 2 2 2 2 2 2 2 2
left_child=1 2 3 -1 5 7 -7 -2 9 14 11 -11 13 -13 19 -16 -17 -6 -19 -8 24 22 23 25 -3 -22 -26 -23 -29
right_child=4 20 -4 -5 17 6 8 -9 -10 10 -12 12 -14 -15 15 16 -18 18 -20 -21 21 27 -24 -25 26 -27 -28 28 -30
leaf_value=-4.5548627654985525 1.7346952677648897 -0.043726563763697927 -13.882863665977087 -1.3570622242499997 6.186949517658376 7.9187518035859004 4.7015915420937722 -5.6355799761764622 -2.6915850124905649 11.857712641996333 -5.476784791395815 20.054878076761508 1.6691947557707847 4.8532908197327211 2.2686150556276639 -7.4041565300757215 2.5469792485232019 10.064924014927632 35.649569053965493 23.725956831550594 0.98113097687921791 -1.871111563384436 5.2016510250581156 6.547415938431759 21.931330916550476 -15.443789994639801 -8.1856469788068473 4.9889892341985185 -1.7413141768930953
leaf_weight=4094 4607 3539 275 12321 837 1744 180 891 977 962 337 276 2181 484 1816 828 522 79 51 79 218 9812 3851 504 41 470 1255 3438 5439
leaf_count=4094 4607 3539 275 12321 837 1744 180 891 977 962 337 276 2181 484 1816 828 522 79 51 79 218 9812 3851 504 41 470 1255 3438 5439
internal_value=0.0315975 -0.952466 -2.34786 -2.15461 2.67451 2.34679 3.3031 0.540276 2.37164 3.01701 4.97314 5.87542 3.91862 10.3739 0.595423 -0.215197 -3.55638 8.05764 20.102 10.5044 -0.137221 0.236329 3.22958 -3.14161 -1.97074 -10.2394 -7.23287 -0.571363 0.865285
internal_weight=62108 45257 16690 16415 16851 15884 10386 5498 8642 7665 4240 3903 2941 760 3425 3166 1350 967 130 259 28567 23732 5043 1192 4835 688 1296 18689 8877
internal_count=62108 45257 16690 16415 16851 15884 10386 5498 8642 7665 4240 3903 2941 760 3425 3166 1350 967 130 259 28567 23732 5043 1192 4835 688 1296 18689 8877
is_linear=0
shrinkage=0.0768785


Tree=69
num_leaves=30
num_cat=0
split_feature=8 8 8 3 1 5 4 4 4 0 4 0 0 0 5 4 5 4 1 1 5 4 6 4 4 4 1 1 2
split_gain=2.34558e+07 6.6784e+06 5.05046e+06 3.58603e+06 3.55944e+06 5.02394e+06 4.83841e+06 3.31657e+06 5.58935e+06 7.9243e+06 6.45777e+06 1.09114e+07 9.34799e+06 6.18782e+06 6.0488e+06 5.54696e+06 7.52587e+06 1.37688e+07 6.28688e+06 6.20877e+06 4.9438e+06 4.3281e+06 4.04137e+06 3.81745e+06 7.85921e+06 3.78477e+06 3.96768e+06 3.36339e+06 3.31941e+06
threshold=18428.378750000003 27620.572500000006 11901.013750000002 1.0000000180025095e-35 10.500000000000002 1.0000000180025095e-35 18.500000000000004 22.500000000000004 17.500000000000004 31.423337500000006 13.500000000000002 32.647787500000007 36.296125000000011 30.765475000000006 1.0000000180025095e-35 19.500000000000004 1.0000000180025095e-35 18.500000000000004 6.5000000000000009 7.5000000000000009 1.0000000180025095e-35 20.500000000000004 20786.125000000004 3.5000000000000004 6.5000000000000009 20.500000000000004 7.5000000000000009 9.5000000000000018 1.0000000180025095e-35
decision_type=2 2 2 2 2 2 2 2 2 2 2 2 2 2 2 2 2 2 2 2 2 2 2 2 2 2 2 2 2
left_child=2 4 -1 -4 7 6 -6 8 10 14 12 27 13 -2 21 16 17 18 -11 -19 25 -10 -18 -15 28 26 -17 -12 -25
right_child=1 -3 3 -5 5 -7 -8 -9 9 15 11 -13 -14 23 -16 20 22 19 -20 -21 -22 -23 -24 24 -26 -27 -28 -29 -30
leaf_value=-3.7024395561267007 2.9881106170661997 5.1318346395806849 -0.42838148507308826 -2.3221461708146585 17.843685212378936 -6.8245312945328509 -5.292038920220727 -3.1693325672757262 12.538146635137585 -26.124234905760655 7.9942323212585862 -2.7097934382859492 4.5219240481737017 1.2215370552656497 -1.6943326293403227 24.665849652052831 20.836192990195439 2.3195360709888058 -1.4624220109642103 26.113656658947281 0.0060143875598659656 -0.070356486003687338 9.4973452165525032 -6.6502886158520562 1.0087194450181713 2.8538200817449582 4.3143838800218877 43.292354102279745 8.9622950880612464
leaf_weight=4645 3191 2920 20614 8285 111 669 103 896 354 113 27 3386 4430 2400 2080 136 215 152 133 113 1266 295 1367 1924 1790 273 97 39 84
leaf_count=4645 3191 2920 20614 8285 111 669 103 896 354 113 27 3386 4430 2400 2080 136 215 152 133 113 1266 295 1367 1924 1790 273 97 39 84
internal_value=0.0291683 1.6482 -1.3495 -0.971301 1.25152 -3.54478 6.70827 1.42257 1.59497 3.49906 0.867989 -2.10635 1.61098 0.237516 0.327423 5.73849 8.41831 0.30699 -12.7908 12.4657 2.57323 6.80701 11.0383 -1.17861 -2.69529 8.99633 16.1934 28.8522 -5.99717
internal_weight=62108 28564 33544 28899 25644 883 214 24761 23865 6594 17271 3452 13819 9389 2729 3865 2093 511 246 265 1772 649 1582 6198 3798 506 233 66 2008
internal_count=62108 28564 33544 28899 25644 883 214 24761 23865 6594 17271 3452 13819 9389 2729 3865 2093 511 246 265 1772 649 1582 6198 3798 506 233 66 2008
is_linear=0
shrinkage=0.0768785


Tree=70
num_leaves=30
num_cat=0
split_feature=8 8 5 5 8 4 4 4 1 4 4 5 4 0 4 4 4 4 8 0 4 1 4 4 5 5 5 4 4
split_gain=2.04722e+07 6.01728e+06 4.14447e+06 4.35282e+06 3.85611e+06 3.87092e+06 4.4779e+06 5.1566e+06 3.74323e+06 4.78814e+06 4.82364e+06 5.27506e+06 4.71093e+06 3.43308e+06 3.53635e+06 3.40134e+06 5.5577e+06 3.90243e+06 3.45653e+06 3.13092e+06 3.99402e+06 5.99091e+06 4.11276e+06 3.11881e+06 6.59405e+06 5.26532e+06 3.04973e+06 2.93646e+06 1.34481e+07
threshold=21727.010000000006 13264.308750000002 1.0000000180025095e-35 22.500000000000004 28494.911250000005 22.500000000000004 7.5000000000000009 10.500000000000002 9.5000000000000018 18.500000000000004 19.500000000000004 1.0000000180025095e-35 20.500000000000004 31.258775000000004 3.5000000000000004 15.500000000000002 20.500000000000004 16.500000000000004 12469.546250000001 35.031700000000008 14.500000000000002 6.5000000000000009 16.500000000000004 5.5000000000000009 1.0000000180025095e-35 1.0000000180025095e-35 1.0000000180025095e-35 6.5000000000000009 5.5000000000000009
decision_type=2 2 2 2 2 2 2 2 2 2 2 2 2 2 2 2 2 2 2 2 2 2 2 2 2 2 2 2 2
left_child=1 2 -1 15 5 6 13 -8 9 19 -11 12 -12 -2 -15 -4 17 -17 -19 -9 -21 -22 -23 25 -25 -16 -24 28 -3
right_child=4 27 3 -5 -6 -7 7 8 -10 10 11 -13 -14 14 23 16 -18 18 -20 20 21 22 26 24 -26 -27 -28 -29 -30
leaf_value=-5.2396211947878069 3.2447218384825081 0.26973496679309111 -0.50019480370986535 -2.9770936604892206 6.0177737451902091 -2.9893546436215774 8.5501609169019233 14.44389752879561 -4.2786025258054714 9.784960210430512 17.202127732969689 1.3659801154279334 4.1935729296134872 0.90192266269948185 3.6058980104952023 5.4599850705997595 -5.549524105878918 34.711326452049818 10.413904695164822 2.7161326488971893 -6.633477176745898 -2.4234562352679703 -5.2021288369591305 -13.03610867297075 7.5623825928886674 -10.060300285688818 14.672502569182662 -0.078603695613417499 -7.4687682055755822
leaf_weight=2531 1785 4790 2041 4942 1466 904 970 102 440 935 265 1998 434 2404 222 230 160 65 74 2390 832 320 58 132 302 668 214 28636 1836
leaf_count=2531 1785 4790 2041 4942 1466 904 970 102 440 935 265 1998 434 2404 222 230 160 65 74 2390 832 320 58 132 302 668 214 28636 1836
internal_value=-0.0381786 -0.888908 -2.54908 -1.64257 2.25042 1.8912 2.19609 3.25701 2.61425 3.01606 5.02664 3.37701 9.12529 0.472221 -0.855278 0.923673 6.41727 11.6061 21.776 1.15129 0.795802 -2.42722 3.48427 -4.04584 1.2974 -6.65143 10.4345 -0.416072 -1.87453
internal_weight=62146 45305 10043 7512 16841 15375 14471 8958 7988 7548 3632 2697 699 5513 3728 2570 529 369 139 3916 3814 1424 592 1324 434 890 272 35262 6626
internal_count=62146 45305 10043 7512 16841 15375 14471 8958 7988 7548 3632 2697 699 5513 3728 2570 529 369 139 3916 3814 1424 592 1324 434 890 272 35262 6626
is_linear=0
shrinkage=0.0768785


Tree=71
num_leaves=30
num_cat=0
split_feature=8 8 4 4 4 0 4 4 5 4 0 0 8 6 0 1 5 4 1 4 6 0 1 1 0 7 6 8 4
split_gain=1.76516e+07 5.61019e+06 4.02553e+06 4.60133e+06 1.01038e+07 9.5669e+06 8.5765e+06 1.15088e+07 1.0992e+07 1.33884e+07 1.06322e+07 7.18594e+06 6.39729e+06 9.85575e+06 1.18099e+07 6.38982e+06 5.68954e+06 9.77036e+06 5.48999e+06 7.17741e+06 8.64404e+06 5.44629e+06 4.89495e+06 4.21575e+06 3.46418e+06 3.60542e+06 3.39741e+06 4.87271e+06 3.32492e+06
threshold=18428.378750000003 26097.625000000004 1.5000000000000002 9.5000000000000018 7.5000000000000009 25.640200000000004 15.500000000000002 18.500000000000004 1.0000000180025095e-35 17.500000000000004 28.373575000000006 29.404350000000004 9860.7500000000018 10460.125000000002 16.988500000000002 11.500000000000002 1.0000000180025095e-35 6.5000000000000009 11.500000000000002 17.500000000000004 16512.815000000006 21.457725000000003 7.5000000000000009 2.5000000000000004 11.104387500000001 12367.217500000001 29644.963750000006 29644.963750000006 8.5000000000000018
decision_type=2 2 2 2 2 2 2 2 2 2 2 2 2 2 2 2 2 2 2 2 2 2 2 2 2 2 2 2 2
left_child=2 -2 -1 4 5 12 10 8 9 -8 -5 -11 13 14 -4 -6 -7 -18 -10 20 -20 -9 -19 -15 25 -14 28 -28 -3
right_child=1 26 3 6 15 16 7 21 18 11 -12 -13 24 23 -16 -17 17 22 19 -21 -22 -23 -24 -25 -26 -27 27 -29 -30
leaf_value=-4.148412411188902 0.82197926727292847 0.62968156159170285 2.7925738527465076 -6.1481706997551067 2.3733521060415081 -15.426739853076409 -8.6175927697413535 -4.4702022588127477 3.7683194460116352 16.202234579902825 -0.70478599949241161 -7.7923682665078475 -0.090907654958225309 -17.466320655664294 -64.896090479441284 12.327811415222051 -11.083500175365728 -4.9198470238570975 9.3343101309159291 -20.887356975704122 37.075152095429949 1.2623365754130835 7.9978008517760202 22.170553240776467 -0.92769493071095732 5.7934827287319717 1.3982399466002831 24.59959696827357 4.5241045466728131
leaf_weight=2581 22743 2018 25 4457 3181 336 894 3418 3007 248 4046 105 1363 29 39 433 642 321 232 32 93 1373 377 35 5162 1122 107 107 3620
leaf_count=2581 22743 2018 25 4457 3181 336 894 3418 3007 248 4046 105 1363 29 39 433 642 321 232 32 93 1373 377 35 5162 1122 107 107 3620
internal_value=-0.0352435 1.36821 -1.23139 -0.988285 0.108719 -1.21333 -1.78875 -0.188646 2.55309 -3.61201 -3.55803 9.06503 -0.0776936 -17.1226 -38.4552 3.56601 -6.48156 -4.23859 4.83843 13.852 17.2725 -2.82738 2.05716 4.21009 0.207613 2.56595 3.49107 12.9989 3.13018
internal_weight=62146 28595 33551 30970 13065 9451 17905 9402 4611 1247 8503 353 7775 128 64 3614 1676 1340 3364 357 325 4791 698 64 7647 2485 5852 214 5638
internal_count=62146 28595 33551 30970 13065 9451 17905 9402 4611 1247 8503 353 7775 128 64 3614 1676 1340 3364 357 325 4791 698 64 7647 2485 5852 214 5638
is_linear=0
shrinkage=0.0768785


Tree=72
num_leaves=30
num_cat=0
split_feature=8 8 5 6 3 6 4 4 4 0 4 1 8 4 8 4 4 0 4 0 5 1 4 5 4 4 5 4 0
split_gain=1.52568e+07 4.7634e+06 3.61804e+06 3.60624e+06 3.35625e+06 6.80136e+06 3.35761e+06 6.34527e+06 6.4389e+06 6.36564e+06 5.18939e+06 3.20267e+06 4.83679e+06 3.42668e+06 3.09028e+06 3.0721e+06 6.75433e+06 3.66748e+06 3.75225e+06 3.43234e+06 3.02357e+06 2.92217e+06 8.26561e+06 5.42388e+06 4.77998e+06 1.34294e+07 6.93521e+06 6.45084e+06 5.59801e+06
threshold=21569.815000000002 16515.275000000005 1.0000000180025095e-35 17914.415000000005 1.0000000180025095e-35 9860.7500000000018 3.5000000000000004 9.5000000000000018 12.500000000000002 22.877850000000006 6.5000000000000009 6.5000000000000009 29644.963750000006 22.500000000000004 13264.308750000002 16.500000000000004 18.500000000000004 33.165175000000012 19.500000000000004 30.870450000000002 1.0000000180025095e-35 10.500000000000002 10.500000000000002 1.0000000180025095e-35 17.500000000000004 18.500000000000004 1.0000000180025095e-35 20.500000000000004 34.810687500000007
decision_type=2 2 2 2 2 2 2 2 2 2 2 2 2 2 2 2 2 2 2 2 2 2 2 2 2 2 2 2 2
left_child=1 3 -2 4 6 -6 -1 9 14 -8 -11 12 -4 15 -9 -13 19 18 -18 -17 -16 24 -23 -24 -3 -26 27 -27 -28
right_child=2 21 11 -5 5 -7 7 8 -10 10 -12 13 -14 -15 20 16 17 -19 -20 -21 -22 22 23 -25 25 26 28 -29 -30
leaf_value=-2.9332579261433671 3.8382624118123654 -0.29125351016598766 2.2474244875995302 -7.6244231208302775 -42.803708888030108 -2.6330372565070124 3.4146608227067254 -19.11842429083454 -0.71431759713972254 -10.320838398778026 0.14411296127823012 -0.68124639283996913 17.353607493028772 -5.9694096948552051 1.882941652374174 -4.8167177423338554 -14.151815841649064 3.3922733159977256 -0.51437760967887847 15.554609907428814 -7.9145133807611181 6.2601586274339178 2.0026363804804772 -7.3900631366968472 9.6765079183484275 11.674326378025484 -2.552768876021287 -1.6274431104905573 30.334723333965385
leaf_weight=3405 4301 13596 5880 556 25 6982 3947 111 6933 374 1115 4046 128 502 243 58 151 1380 567 311 796 504 498 1344 1171 496 2314 381 31
leaf_count=3405 4301 13596 5880 556 25 6982 3947 111 6933 374 1115 4046 128 502 243 58 151 1380 567 311 796 504 498 1344 1171 496 2314 381 31
internal_value=-0.0325341 -0.781408 1.90501 -1.50363 -1.36142 -2.77636 -0.775602 -0.232158 -1.59803 1.79882 -2.48442 1.26653 2.56926 0.150807 -6.92569 0.622532 2.76079 1.07377 -3.38242 12.3526 -5.6231 0.0882801 -2.46369 -4.85067 0.42109 2.62574 0.0632152 5.89556 -2.11801
internal_weight=62146 44822 17324 24487 23931 7007 16924 13519 8083 5436 1489 13023 6008 7015 1150 6513 2467 2098 718 369 1039 20335 2346 1842 17989 4393 3222 877 2345
internal_count=62146 44822 17324 24487 23931 7007 16924 13519 8083 5436 1489 13023 6008 7015 1150 6513 2467 2098 718 369 1039 20335 2346 1842 17989 4393 3222 877 2345
is_linear=0
shrinkage=0.0768785


Tree=73
num_leaves=30
num_cat=0
split_feature=8 8 5 4 4 0 4 8 6 7 7 5 4 0 4 4 4 8 1 3 4 4 0 4 0 4 5 4 1
split_gain=1.30199e+07 4.30343e+06 2.9537e+06 2.86933e+06 1.57208e+07 4.54193e+06 4.89518e+06 3.5521e+06 1.41588e+07 1.0647e+07 3.88406e+06 3.2897e+06 2.77987e+06 2.77055e+06 3.37509e+06 9.09003e+06 6.18361e+06 3.41229e+06 2.76355e+06 2.70699e+06 2.73218e+06 8.04393e+06 4.86128e+06 4.51909e+06 6.78399e+06 6.2286e+06 8.7244e+06 8.83454e+06 8.22644e+06
threshold=21727.010000000006 12469.546250000001 1.0000000180025095e-35 20.500000000000004 16.500000000000004 16.815812500000003 3.5000000000000004 9860.7500000000018 10460.125000000002 13974.971250000002 13294.360000000002 1.0000000180025095e-35 4.5000000000000009 35.329300000000011 18.500000000000004 19.500000000000004 11.500000000000002 27354.762500000004 6.5000000000000009 1.0000000180025095e-35 10.500000000000002 7.5000000000000009 28.373575000000006 15.500000000000002 24.900200000000002 18.500000000000004 1.0000000180025095e-35 17.500000000000004 9.5000000000000018
decision_type=2 2 2 2 2 2 2 2 2 2 2 2 2 2 2 2 2 2 2 2 2 2 2 2 2 2 2 2 2
left_child=1 3 -2 4 5 6 -1 8 9 -7 -10 -6 -8 18 16 -16 -15 -17 -4 20 21 22 -3 24 -22 26 27 -25 -29
right_child=2 19 13 -5 11 7 12 -9 10 -11 -12 -13 -14 14 15 17 -18 -19 -20 -21 23 -23 -24 25 -26 -27 -28 28 -30
leaf_value=-3.3597752402884073 3.5647776458847744 0.59074405026274412 2.027933407950183 -9.1154847405058597 8.2196386393503769 -71.524443562126081 5.7566242204571809 -4.8279641514039646 21.182685798174592 -6.2171668060305851 -17.263902308164564 26.738168352604244 -0.87910960040231478 5.4063603818004449 16.559849032429554 -7.2891114482171888 -0.85114341558228868 4.6187760727731302 -0.94694598630675952 -1.4170754470325586 -5.8934003195743694 3.3043840006057108 -3.7190255726920567 -9.1132304236090036 -0.5196412555965042 -1.4278330447783729 4.6437761339095243 -1.4671565760916834 22.796609222157684
leaf_weight=2479 4188 4999 3147 365 110 36 697 2156 41 25 25 117 803 1517 352 191 2426 557 4463 10909 2034 4845 2240 638 4375 4864 3139 293 115
leaf_count=2479 4188 4999 3147 365 110 36 697 2156 41 25 25 117 803 1517 352 191 2426 557 4463 10909 2034 4845 2240 638 4375 4864 3139 293 115
internal_value=-0.0300329 -0.708475 1.79509 -2.48316 -2.1101 -2.83056 -1.26224 -5.56395 -18.0584 -44.7592 6.61958 17.7644 2.20429 1.20934 2.6068 6.37228 1.55632 1.57813 0.28327 -0.392133 0.0138324 0.879862 -0.74285 -0.66317 -2.22509 0.443068 2.61752 -3.4632 5.3719
internal_weight=62146 45305 16841 6854 6489 6262 3979 2283 127 61 66 227 1500 12653 5043 1100 3943 748 7610 38451 27542 12084 7239 15458 6409 9049 4185 1046 408
internal_count=62146 45305 16841 6854 6489 6262 3979 2283 127 61 66 227 1500 12653 5043 1100 3943 748 7610 38451 27542 12084 7239 15458 6409 9049 4185 1046 408
is_linear=0
shrinkage=0.0768785


Tree=74
num_leaves=30
num_cat=0
split_feature=8 8 1 4 5 4 3 6 4 4 4 4 0 1 5 1 4 0 0 5 0 0 4 1 4 4 4 4 5
split_gain=1.14174e+07 4.83683e+06 3.28784e+06 6.87551e+06 7.49807e+06 4.76443e+06 2.85042e+06 5.04661e+06 2.8655e+06 2.82674e+06 1.03984e+07 5.62109e+06 7.93226e+06 5.13453e+06 6.04231e+06 4.67041e+06 1.53795e+07 4.0971e+06 5.07606e+06 5.94303e+06 3.75503e+06 3.3596e+06 3.02787e+06 2.98656e+06 3.03326e+06 3.46036e+06 2.90274e+06 3.18485e+06 6.31042e+06
threshold=17004.695000000003 27210.481250000004 10.500000000000002 9.5000000000000018 1.0000000180025095e-35 10.500000000000002 1.0000000180025095e-35 9860.7500000000018 1.5000000000000002 17.500000000000004 19.500000000000004 12.500000000000002 36.120987500000005 9.5000000000000018 1.0000000180025095e-35 9.5000000000000018 16.500000000000004 21.457725000000003 38.210112500000008 1.0000000180025095e-35 12.364687500000004 28.674850000000003 18.500000000000004 7.5000000000000009 6.5000000000000009 3.5000000000000004 4.5000000000000009 5.5000000000000009 1.0000000180025095e-35
decision_type=2 2 2 2 2 2 2 2 2 2 2 2 2 2 2 2 2 2 2 2 2 2 2 2 2 2 2 2 2
left_child=6 2 9 -4 5 -5 8 -8 -1 11 13 12 21 17 -15 -13 -17 -11 -19 -20 -12 -2 -16 26 25 -25 -23 -28 -29
right_child=1 -3 3 4 -6 -7 7 -9 -10 10 20 15 -14 14 22 16 -18 18 19 -21 -22 23 -24 24 -26 -27 27 28 -30
leaf_value=-3.7115043731128163 2.1653346560334787 3.5214326652878754 15.708897739819452 26.830044672236429 -6.6473270361234791 1.9497571248565531 -36.941228604467618 -2.3448769353693146 -0.41790320866418862 0.6169297687241706 -8.2677091873455169 -2.4833586002011989 4.0256109763798813 13.301584264989302 -0.44489367351066489 -2.0836890101771872 30.111846580803643 8.6739149656770724 -19.538166463315349 5.6341915301614627 0.21711686122998103 0.1163207908730053 -15.333500737697028 1.3920437294913275 3.2485662204211656 -4.0951011521217584 -9.462609127645635 -9.7674911475541037 0.30298690688578256
leaf_weight=1715 3195 3680 115 51 1324 421 25 7793 17413 630 331 5091 3956 104 159 380 114 2289 84 163 4490 1724 164 1610 1635 1175 503 513 1299
leaf_count=1715 3195 3680 115 51 1324 421 25 7793 17413 630 331 5091 3956 104 159 380 114 2289 84 163 4490 1724 164 1610 1635 1175 503 513 1299
internal_value=-0.027724 0.883989 0.576064 -2.51458 -3.68145 4.63809 -1.21871 -2.45551 -0.713205 0.775537 1.96774 0.302255 1.05113 5.09835 -2.81515 -1.79084 5.34605 6.16564 7.54407 -2.92645 -0.365434 0.0414277 -8.00443 -0.760781 0.620102 -0.922999 -2.27192 -4.05047 -2.54809
internal_weight=62146 35200 31520 1911 1796 472 26946 7818 19128 29609 8414 21195 15610 3593 427 5585 494 3166 2536 247 4821 11654 323 8459 4420 2785 4039 2315 1812
internal_count=62146 35200 31520 1911 1796 472 26946 7818 19128 29609 8414 21195 15610 3593 427 5585 494 3166 2536 247 4821 11654 323 8459 4420 2785 4039 2315 1812
is_linear=0
shrinkage=0.0768785


Tree=75
num_leaves=30
num_cat=0
split_feature=7 8 4 4 4 4 0 4 5 0 4 0 1 4 4 6 4 0 0 0 1 6 0 4 4 5 1 6 0
split_gain=1.01868e+07 3.51345e+06 3.11946e+06 8.47514e+06 1.17281e+07 6.38417e+06 1.13261e+07 8.42973e+06 1.26565e+07 1.33692e+07 1.25589e+07 8.65611e+06 6.15072e+06 2.42677e+07 1.03162e+07 8.67499e+06 7.63288e+06 1.09563e+07 7.43701e+06 4.94659e+06 4.75199e+06 4.73023e+06 4.21238e+06 8.31442e+06 5.87646e+06 4.93354e+06 3.9462e+06 5.24995e+06 6.02632e+06
threshold=21964.595000000005 11134.210000000001 10.500000000000002 6.5000000000000009 5.5000000000000009 15.500000000000002 30.074812500000004 18.500000000000004 1.0000000180025095e-35 28.674850000000003 17.500000000000004 20.607600000000009 9.5000000000000018 17.500000000000004 16.500000000000004 18649.981250000004 17.500000000000004 21.804737500000005 23.166150000000005 20.402375000000003 1.5000000000000002 17865.836250000004 28.523600000000005 4.5000000000000009 3.5000000000000004 1.0000000180025095e-35 10.500000000000002 13260.195000000002 17.804050000000004
decision_type=2 2 2 2 2 2 2 2 2 2 2 2 2 2 2 2 2 2 2 2 2 2 2 2 2 2 2 2 2
left_child=1 -1 3 4 22 6 -4 8 9 10 -7 -9 16 14 -14 -15 17 -10 -18 -5 -6 -16 24 -24 -3 -25 -26 -28 -29
right_child=-2 2 5 19 20 7 -8 11 12 -11 -12 -13 13 15 21 -17 18 -19 -20 -21 -22 -23 23 25 26 -27 27 28 -30
leaf_value=-3.5922563365545512 1.643565078341426 -0.87503081508413072 -5.3995708429997249 4.6513832111537816 5.3606008057071017 -4.2172373902216718 -0.19759365178596602 -4.0765839129036197 11.079575939548295 -9.6347023531262028 16.699071940452875 1.3465014162995455 6.9951879120532441 -19.264869080728392 18.329641535375075 3.4846770663748754 -0.8865440060277483 -2.5042912355470248 12.624524166672956 0.78819364224474764 -7.1242564508614823 35.242721975300611 0.70070938490690182 5.2388646699738279 1.8567955252329222 -14.464237565687775 3.4733894217758645 27.047207972969005 4.358515194088012
leaf_weight=2208 16152 4499 4476 2825 197 415 5530 4114 428 957 287 3014 454 190 341 207 374 1949 676 6390 2111 137 956 90 2081 454 483 152 127
leaf_count=2208 16152 4499 4476 2825 197 415 5530 4114 428 957 287 3014 454 190 341 207 374 1949 676 6390 2111 137 956 90 2081 454 483 152 127
internal_value=-0.0179806 -0.599857 -0.449399 0.247368 -1.17839 -1.05196 -2.5246 0.0360809 2.05789 -3.72389 4.33402 -1.78349 4.0747 8.51428 15.2945 -7.40302 2.35302 -0.0583951 7.81201 1.97251 -6.05861 23.1771 0.0954755 -3.61693 0.853934 -11.2045 3.58999 8.3233 16.7194
internal_weight=62274 46122 43914 20365 11150 23549 10006 13543 6415 1659 702 7128 4756 1329 932 397 3427 2377 1050 9215 2308 478 8842 1500 7342 544 2843 762 279
internal_count=62274 46122 43914 20365 11150 23549 10006 13543 6415 1659 702 7128 4756 1329 932 397 3427 2377 1050 9215 2308 478 8842 1500 7342 544 2843 762 279
is_linear=0
shrinkage=0.0768785


Tree=76
num_leaves=30
num_cat=0
split_feature=7 8 6 4 4 4 1 0 5 7 4 8 1 3 6 8 4 7 8 4 0 0 0 5 4 4 4 4 1
split_gain=8.75351e+06 3.20037e+06 4.79439e+06 3.18838e+06 4.98931e+06 4.80703e+06 3.23311e+06 3.67403e+06 2.66117e+06 2.58213e+06 2.56366e+06 3.33564e+06 2.65834e+06 2.31962e+06 3.27426e+06 3.84277e+06 2.26754e+06 2.7379e+06 2.26288e+06 2.15141e+06 6.59517e+06 4.59926e+06 4.59505e+06 8.11044e+06 4.18094e+06 5.47593e+06 6.23459e+06 4.12141e+06 4.5121e+06
threshold=22828.547500000004 15869.371250000002 17054.572500000006 22.500000000000004 17.500000000000004 15.500000000000002 6.5000000000000009 36.296125000000011 1.0000000180025095e-35 16878.097500000003 21.500000000000004 18082.552500000005 9.5000000000000018 1.0000000180025095e-35 10263.900000000001 10263.900000000001 9.5000000000000018 14801.410000000002 11762.932500000001 10.500000000000002 21.634537500000004 36.634175000000006 22.423137500000006 1.0000000180025095e-35 20.500000000000004 17.500000000000004 18.500000000000004 17.500000000000004 9.5000000000000018
decision_type=2 2 2 2 2 2 2 2 2 2 2 2 2 2 2 2 2 2 2 2 2 2 2 2 2 2 2 2 2
left_child=1 2 8 4 5 6 7 -2 18 13 11 -6 -13 -10 15 -15 -4 -18 -1 20 -3 -22 23 24 25 -21 -27 -24 -29
right_child=3 19 16 -5 10 -7 -8 -9 9 -11 -12 12 -14 14 -16 -17 17 -19 -20 22 21 -23 27 -25 -26 26 -28 28 -30
leaf_value=-5.7796996133382041 0.80299909635106281 5.409759886840944 -13.53099590640408 -2.2451338474303504 32.998130302335262 -8.1116039018080937 -0.26543687924656367 5.7765951242522728 0.42023300977753947 -3.7084499088786749 0.82283084265405915 5.4917652658446201 -1.681021617181697 -41.831774914155979 -1.4839905805860534 -1.4510849243552379 -26.922800619414474 -1.2065375461856092 -1.7346382920006749 -1.8550932322755389 -0.51676972411078925 4.6075475642753378 -0.73234633408225613 -4.5225545875374209 -5.1574463333770844 26.030179787708143 6.0094160193077126 4.1285948198986135 -1.6386034956553515
leaf_weight=1019 2054 1615 259 1113 25 338 3920 1533 10051 1369 1133 3255 337 26 4124 30 27 261 4131 343 8540 1178 7679 3340 280 120 393 2627 1154
leaf_count=1019 2054 1615 259 1113 25 338 3920 1533 10051 1369 1133 3255 337 26 4124 30 27 261 4131 343 8540 1178 7679 3340 280 120 393 2627 1154
internal_value=-0.0165983 -0.500841 -1.20702 1.69902 2.04756 0.856934 1.26074 2.9286 -1.01974 -0.519503 4.01398 5.01359 4.81882 -0.212731 -1.73472 -20.1993 -8.31143 -3.61744 -2.53501 0.0506814 0.860429 0.104392 -0.525176 -2.61403 2.99731 5.66475 10.6926 0.290679 2.36839
internal_weight=62274 48566 21297 13708 12595 7845 7507 3587 20750 15600 4750 3617 3592 14231 4180 56 547 288 5150 27269 11333 9718 15936 4476 1136 856 513 11460 3781
internal_count=62274 48566 21297 13708 12595 7845 7507 3587 20750 15600 4750 3617 3592 14231 4180 56 547 288 5150 27269 11333 9718 15936 4476 1136 856 513 11460 3781
is_linear=0
shrinkage=0.0768785


Tree=77
num_leaves=30
num_cat=0
split_feature=7 8 1 4 4 4 0 8 4 6 5 4 1 8 8 0 4 3 3 6 1 0 4 4 1 1 4 0 0
split_gain=7.45933e+06 3.14027e+06 3.64659e+06 2.92863e+06 3.99626e+06 3.97604e+06 3.21896e+06 2.92195e+06 2.81869e+06 3.91351e+06 3.32047e+06 3.19905e+06 4.15055e+06 2.59342e+06 2.52632e+06 3.07242e+06 3.6149e+06 2.38064e+06 2.27395e+06 3.18932e+06 2.14269e+06 2.14087e+06 2.1395e+06 7.31696e+06 5.24545e+06 5.00916e+06 3.92178e+06 6.99232e+06 3.85612e+06
threshold=22828.547500000004 29285.471250000006 6.5000000000000009 22.500000000000004 17.500000000000004 14.500000000000002 38.07800000000001 10732.750000000002 19.500000000000004 21011.356250000001 1.0000000180025095e-35 20.500000000000004 7.5000000000000009 26559.025000000005 23004.497500000005 35.558325000000011 18.500000000000004 1.0000000180025095e-35 1.0000000180025095e-35 29042.320000000003 6.5000000000000009 37.711025000000014 10.500000000000002 7.5000000000000009 5.5000000000000009 5.5000000000000009 13.500000000000002 31.168950000000006 11.321537500000002
decision_type=2 2 2 2 2 2 2 2 2 2 2 2 2 2 2 2 2 2 2 2 2 2 2 2 2 2 2 2 2
left_child=7 3 18 4 5 6 -2 -1 9 -6 11 12 -10 -14 15 16 -11 22 19 -3 -8 -16 23 25 -25 -9 27 -24 -28
right_child=1 2 -4 -5 8 -7 20 17 10 14 -12 -13 13 -15 21 -17 -18 -19 -20 -21 -22 -23 26 24 -26 -27 28 -29 -30
leaf_value=-4.1447709047953172 0.2633537822319042 -0.45554130501264284 0.83356624796871559 -2.6021190425092304 16.901895310383583 -5.289452162182692 6.0686599195263247 1.2441081195295156 21.550498427522907 15.966104968211711 0.81371136333613348 3.0944180416874261 -4.5845752720281894 21.707226777654981 9.4600293766981682 -9.6152944760788994 -1.6954351668186096 -1.2292258159306735 3.4655448381193468 25.537199206711207 -0.2327250100201381 -1.867779623520909 -5.8239669048375617 0.25012169202014101 5.2589992147372859 -2.057871608901813 -5.7615690423860473 0.22301785082546888 0.35856512638414062
leaf_weight=1241 5520 36 226 1022 183 620 1095 5166 155 105 2394 541 85 30 600 132 197 13492 75 124 450 118 2085 2205 2811 5724 639 2468 12735
leaf_count=1241 5520 36 226 1022 183 620 1095 5166 155 105 2394 541 85 30 600 132 197 13492 75 124 450 118 2085 2205 2811 5724 639 2468 12735
internal_value=-0.0153222 1.56841 7.80589 1.35134 1.68185 0.613495 1.13152 -0.462338 3.49027 6.45834 2.25397 6.50547 13.3402 2.27416 4.79934 0.168713 4.44517 -0.365773 14.5112 19.6888 4.23331 7.59836 -0.0214438 0.627585 3.05713 -0.491478 -0.597305 -2.54614 0.0661496
internal_weight=62274 13708 461 13247 12225 7685 7065 48566 4540 1335 3205 811 270 115 1152 434 302 47325 235 160 1545 718 33833 15906 5016 10890 17927 4553 13374
internal_count=62274 13708 461 13247 12225 7685 7065 48566 4540 1335 3205 811 270 115 1152 434 302 47325 235 160 1545 718 33833 15906 5016 10890 17927 4553 13374
is_linear=0
shrinkage=0.0768785


Tree=78
num_leaves=30
num_cat=0
split_feature=8 8 4 1 6 8 4 1 4 8 4 1 4 4 7 8 6 6 8 4 4 5 5 4 1 4 4 4 8
split_gain=6.61787e+06 3.33812e+06 2.64164e+06 2.73866e+06 3.31735e+06 3.3632e+06 3.76475e+06 3.72616e+06 3.40618e+06 3.09115e+06 3.35554e+06 2.76867e+06 4.71907e+06 7.309e+06 4.82457e+06 3.14145e+06 3.75584e+06 3.08416e+06 3.22856e+06 2.79987e+06 2.74113e+06 2.7168e+06 2.71565e+06 2.62154e+06 2.33171e+06 2.32722e+06 8.51055e+06 2.70682e+06 2.30648e+06
threshold=17004.695000000003 27354.762500000004 1.0000000180025095e-35 10.500000000000002 17103.631250000002 10620.635 8.5000000000000018 4.5000000000000009 6.5000000000000009 15499.385000000002 6.5000000000000009 2.5000000000000004 15.500000000000002 18.500000000000004 12812.930000000002 13785.565000000001 14002.815000000001 14305.642500000002 14713.491250000001 17.500000000000004 16.500000000000004 1.0000000180025095e-35 1.0000000180025095e-35 17.500000000000004 1.5000000000000002 18.500000000000004 16.500000000000004 19.500000000000004 13834.330000000002
decision_type=2 2 2 2 2 2 2 2 2 2 2 2 2 2 2 2 2 2 2 2 2 2 2 2 2 2 2 2 2
left_child=2 -2 -1 4 5 -4 7 8 -7 10 -9 12 -8 14 24 16 -13 -17 -19 20 -20 -22 -12 -6 -14 26 -5 -27 -28
right_child=1 -3 3 25 23 6 11 9 -10 -11 22 15 13 -15 -16 17 -18 18 19 -21 21 -23 -24 -25 -26 27 28 -29 -30
leaf_value=-4.4803355017084501 0.43365126712329821 2.9571766812671059 -6.0920768701074453 0.26505036981571534 -5.8852771741512431 0.38712826473383488 -6.8019038963374889 -13.038488877900969 4.7380877438042202 0.2633176381669613 -12.891263396423367 -1.9262235629354092 -13.728896521627574 -5.3873219032794193 8.7779740183107933 4.8967327477012148 -12.224878801116787 -6.8358404350635187 -0.071962255951675283 5.1537380765224787 -26.059281502109428 -4.2544691518995643 2.5565355097710727 1.8237191541979321 1.5807496398840892 -16.791918033611463 21.119872971213287 -1.6067848767968724 8.134091484297107
leaf_weight=1178 31845 3432 717 6218 1427 4004 1460 287 1448 813 93 1235 94 955 532 755 252 422 1710 572 47 120 243 319 157 73 104 1399 363
leaf_count=1178 31845 3432 717 6218 1427 4004 1460 287 1448 813 93 1235 94 955 532 755 252 422 1710 572 47 120 243 319 157 73 104 1399 363
internal_value=-0.0141443 0.679158 -0.920083 -0.757645 -1.29573 -0.946761 -0.704035 0.625028 1.5427 -2.85907 -6.9337 -1.80554 -3.57978 -0.873043 4.63288 -0.695812 -3.67152 0.524509 -0.625275 0.4449 -0.990079 -10.3912 -1.71919 -4.47682 -4.15274 0.407444 1.01679 -2.35985 11.026
internal_weight=62274 35277 26997 25819 17662 15916 15199 6888 5452 1436 623 8311 3198 1738 783 5113 1487 3626 2871 2449 1877 167 336 1746 251 8157 6685 1472 467
internal_count=62274 35277 26997 25819 17662 15916 15199 6888 5452 1436 623 8311 3198 1738 783 5113 1487 3626 2871 2449 1877 167 336 1746 251 8157 6685 1472 467
is_linear=0
shrinkage=0.0768785


Tree=79
num_leaves=30
num_cat=0
split_feature=7 8 4 4 4 1 6 0 1 8 7 5 4 4 5 4 4 1 1 4 0 7 5 4 4 0 0 8 4
split_gain=5.74596e+06 2.47895e+06 2.79936e+06 4.64461e+06 4.76493e+06 4.2929e+06 3.6763e+06 2.69398e+06 2.86569e+06 2.20744e+06 2.16233e+06 2.03266e+06 2.01394e+06 7.33273e+06 3.52455e+06 1.95021e+06 8.2913e+06 6.852e+06 4.71308e+06 3.6083e+06 6.23149e+06 9.61914e+06 5.74843e+06 1.7099e+07 7.88569e+06 1.29213e+07 7.75624e+06 5.9992e+06 4.62461e+06
threshold=21964.595000000005 28658.991250000003 21.500000000000004 17.500000000000004 14.500000000000002 9.5000000000000018 19698.736250000005 38.07800000000001 6.5000000000000009 11965.860000000002 25300.822500000006 1.0000000180025095e-35 20.500000000000004 16.500000000000004 1.0000000180025095e-35 9.5000000000000018 7.5000000000000009 5.5000000000000009 5.5000000000000009 5.5000000000000009 15.080075000000003 13356.045000000002 1.0000000180025095e-35 6.5000000000000009 6.5000000000000009 23.318725000000004 15.778450000000001 13264.308750000002 4.5000000000000009
decision_type=2 2 2 2 2 2 2 2 2 2 2 2 2 2 2 2 2 2 2 2 2 2 2 2 2 2 2 2 2
left_child=9 2 3 4 7 6 10 -2 -9 12 11 -5 13 -1 -15 16 17 -11 -18 20 21 -19 24 26 25 -21 27 -24 -22
right_child=1 -3 -4 5 -6 -7 -8 8 -10 15 -12 -13 -14 14 -16 -17 18 19 -20 22 28 -23 23 -25 -26 -27 -28 -29 -30
leaf_value=-2.2154628620563304 0.25406529058493094 4.5772052806980552 -1.8358105086218586 5.9342893378151986 -4.8984903168178944 -3.4010975524558194 4.0578581820552353 5.6774599022192076 -0.54177585779002968 1.2100329655208755 1.1984794625996349 29.801850503560509 -9.9066421901025361 0.80484614127790521 25.764057256977029 -0.69702181710054989 0.34155342473309291 0.84780092463260892 5.2736746353754231 21.497283528350604 -0.49805005838886257 23.607769940814283 -1.1091960938904524 4.4446208195025143 -19.001864660816238 -13.137612660580615 -6.3208619204973875 -30.940097984842545 -7.455631672620572
leaf_weight=4571 6492 1213 1850 30 894 451 3179 1264 670 5698 38 71 183 56 83 24808 2027 472 2632 95 2073 143 54 998 340 193 768 152 776
leaf_count=4571 6492 1213 1850 30 894 451 3179 1264 670 5698 38 71 183 56 83 24808 2027 472 2632 95 2073 143 54 998 340 193 768 152 776
internal_value=-0.0130569 1.23483 0.963435 1.35908 0.43814 3.63639 4.59296 1.00436 3.52292 -0.450067 16.831 22.7125 -1.99393 -1.6865 15.7085 -0.266844 0.383047 -0.704185 3.12785 -2.50287 -0.878162 6.13996 -4.66747 -2.62753 -11.0732 -1.71291 -9.87394 -23.1203 -2.39313
internal_weight=62274 16152 14939 13089 9320 3769 3318 8426 1934 46122 139 101 4893 4710 139 41229 16421 11762 4659 6064 3464 615 2600 1972 628 288 974 206 2849
internal_count=62274 16152 14939 13089 9320 3769 3318 8426 1934 46122 139 101 4893 4710 139 41229 16421 11762 4659 6064 3464 615 2600 1972 628 288 974 206 2849
is_linear=0
shrinkage=0.0768785


Tree=80
num_leaves=30
num_cat=0
split_feature=8 5 4 4 4 4 4 1 1 4 4 0 0 1 4 4 1 1 0 4 4 1 4 4 4 8 1 1 4
split_gain=5.59864e+06 3.79404e+06 6.48366e+06 1.63799e+07 9.39245e+06 6.45094e+06 7.24194e+06 9.67827e+06 5.10786e+06 6.79335e+06 3.63306e+06 1.85717e+07 3.17979e+06 3.10302e+06 3.93645e+06 7.68347e+06 1.37584e+07 8.0815e+06 5.8422e+06 7.49451e+06 4.91619e+06 3.70137e+06 3.21732e+06 1.02226e+07 1.0005e+07 4.27354e+06 3.48191e+06 3.52302e+06 3.07976e+06
threshold=16565.136250000007 1.0000000180025095e-35 8.5000000000000018 5.5000000000000009 11.500000000000002 18.500000000000004 20.500000000000004 9.5000000000000018 10.500000000000002 9.5000000000000018 15.500000000000002 30.870450000000002 25.640200000000004 2.5000000000000004 16.500000000000004 18.500000000000004 7.5000000000000009 4.5000000000000009 36.034200000000006 19.500000000000004 14.500000000000002 7.5000000000000009 6.5000000000000009 9.5000000000000018 4.5000000000000009 26436.195000000003 4.5000000000000009 6.5000000000000009 19.500000000000004
decision_type=2 2 2 2 2 2 2 2 2 2 2 2 2 2 2 2 2 2 2 2 2 2 2 2 2 2 2 2 2
left_child=-1 2 3 -2 -4 10 7 -7 13 -10 -6 -12 -5 -3 20 16 17 -16 21 -20 22 -17 24 -24 -15 -26 -25 -28 -23
right_child=1 8 4 12 5 6 -8 -9 9 -11 11 -13 -14 14 15 18 -18 -19 19 -21 -22 28 23 26 25 -27 27 -29 -30
leaf_value=-0.86813046089977886 2.5695180748534057 -2.3234443554951993 8.8231461175495092 8.6087625274078938 1.3689018669674355 12.755837585933808 0.57554998038771177 -3.1117753094037783 11.199099132959089 -5.3744739589779797 18.370000178393905 -9.3978264656553492 -11.599348093502812 0.98471838850284743 14.850756368833737 1.7039488958565208 13.634923981723015 -2.1231357518100231 17.117975546496766 0.94692371298845068 -3.9708492084867966 -8.0226372546487639 5.5143932407316187 -6.5881196762628358 -5.1182948987191859 -30.532002036613676 3.1469106875791066 -1.3369418201437395 -1.0571662438988543
leaf_weight=24738 2045 2196 1425 49 1506 908 1335 303 161 1587 172 826 757 5138 200 2813 850 969 277 436 1649 465 2554 493 1753 40 1582 2999 1942
leaf_count=24738 2045 2196 1425 49 1506 908 1335 303 161 1587 172 826 757 5138 200 2813 850 969 277 436 1649 465 2554 493 1753 40 1582 2999 1942
internal_value=0.0292787 0.622389 1.96603 -1.08882 3.3111 1.75572 4.48067 8.78566 0.176517 -3.84796 -1.01494 -4.61219 -10.3708 0.443431 0.694924 2.09592 6.19243 0.780866 0.701871 7.22937 0.00756683 -0.189719 0.458175 1.54755 -0.740754 -5.68525 -0.449156 0.211509 -2.4028
internal_weight=62168 37430 9326 2851 6475 5050 2546 1211 28104 1748 2504 998 806 26356 24160 7952 2019 1169 5933 713 16208 5220 14559 7628 6931 1793 5074 4581 2407
internal_count=62168 37430 9326 2851 6475 5050 2546 1211 28104 1748 2504 998 806 26356 24160 7952 2019 1169 5933 713 16208 5220 14559 7628 6931 1793 5074 4581 2407
is_linear=0
shrinkage=0.0768785


Tree=81
num_leaves=30
num_cat=0
split_feature=8 6 5 4 4 4 4 4 1 0 1 4 1 4 4 4 1 4 0 8 0 4 0 4 4 6 1 1 1
split_gain=4.81828e+06 3.59518e+06 3.09098e+06 5.25356e+06 1.37354e+07 8.98329e+06 6.31872e+06 6.64315e+06 8.84199e+06 3.90111e+06 3.88812e+06 5.57817e+06 3.3873e+06 3.23498e+06 3.18872e+06 6.26179e+06 1.10117e+07 1.04777e+07 7.0359e+06 6.98856e+06 4.99937e+06 7.74423e+06 4.97075e+06 6.38647e+06 3.52859e+06 3.65119e+06 3.37515e+06 3.12792e+06 3.11244e+06
threshold=16071.240000000002 17054.572500000006 1.0000000180025095e-35 8.5000000000000018 5.5000000000000009 11.500000000000002 18.500000000000004 20.500000000000004 9.5000000000000018 25.640200000000004 10.500000000000002 9.5000000000000018 2.5000000000000004 9.5000000000000018 16.500000000000004 18.500000000000004 8.5000000000000018 17.500000000000004 35.177437500000011 20037.753750000003 30.765475000000006 17.500000000000004 36.034200000000006 19.500000000000004 14.500000000000002 18303.143750000003 6.5000000000000009 7.5000000000000009 6.5000000000000009
decision_type=2 2 2 2 2 2 2 2 2 2 2 2 2 2 2 2 2 2 2 2 2 2 2 2 2 2 2 2 2
left_child=1 -1 3 4 -2 -5 -7 8 -8 -6 12 -12 13 -4 24 16 17 19 -19 -16 21 -18 27 -24 -14 -26 -21 -17 -20
right_child=2 -3 10 5 9 6 7 -9 -10 -11 11 -13 14 -15 15 22 20 18 28 26 -22 -23 23 -25 25 -27 -28 -29 -30
leaf_value=-0.69343285576895375 2.3428742339557336 -6.0264691647879411 4.1285800229519038 7.9776534216650212 8.8230192731720276 -1.2187082494081061 11.942594189629247 0.43840192958747976 -2.952782634617285 -10.622547713733445 7.3760009926937338 -4.4501324669703273 0.43659234922877305 -3.4678032655975244 -11.920328607831784 1.5445288800104804 26.211002489411936 15.335051781528904 -4.7147046502153263 -2.7556818059168946 20.004846572797319 -5.8403212524509556 15.801971080666815 0.87412560232198311 2.3118024573384761 -5.3997888562703746 13.596879579733946 -2.2038057739521362 8.0184264305293809
leaf_weight=21500 2121 774 392 1572 66 2737 925 1411 316 801 269 1906 15335 2141 378 2888 67 397 239 192 367 133 277 436 509 1264 122 2417 216
leaf_count=21500 2121 774 392 1572 66 2737 925 1411 316 801 269 1906 15335 2141 378 2888 67 397 239 192 367 133 277 436 509 1264 122 2417 216
internal_value=0.0270278 -0.878751 0.532751 1.70676 -0.98966 2.8642 1.37257 4.04691 8.14973 -9.14226 0.142695 -2.9875 0.387857 -2.29221 0.656852 1.9105 5.51311 2.14833 7.85585 -4.87884 14.6758 4.89687 0.646771 6.67358 0.0611713 -3.18591 3.59786 -0.163242 1.33003
internal_weight=62168 22274 39894 9949 2988 6961 5389 2652 1241 867 29945 2175 27770 2533 25237 8129 2111 1544 852 692 567 200 6018 713 17108 1773 314 5305 455
internal_count=62168 22274 39894 9949 2988 6961 5389 2652 1241 867 29945 2175 27770 2533 25237 8129 2111 1544 852 692 567 200 6018 713 17108 1773 314 5305 455
is_linear=0
shrinkage=0.0768785


Tree=82
num_leaves=30
num_cat=0
split_feature=8 6 5 0 8 4 4 4 4 4 0 4 1 0 4 4 4 4 4 1 4 4 4 4 4 1 4 6 8
split_gain=4.14384e+06 3.18837e+06 2.77346e+06 4.89058e+06 6.88931e+06 6.1437e+06 8.32679e+06 4.1433e+06 8.19315e+06 6.83912e+06 3.74934e+06 3.60666e+06 3.25735e+06 4.54338e+06 7.82892e+06 4.60164e+06 4.36586e+06 4.6255e+06 6.32807e+06 3.19993e+06 3.2817e+06 9.86153e+06 8.15046e+06 5.24099e+06 5.52918e+06 9.81634e+06 9.57078e+06 6.45322e+06 6.15747e+06
threshold=15869.371250000002 16999.880000000001 1.0000000180025095e-35 31.168950000000006 22062.135000000006 8.5000000000000018 15.500000000000002 19.500000000000004 17.500000000000004 11.500000000000002 22.423137500000006 5.5000000000000009 10.500000000000002 18.335037500000002 18.500000000000004 7.5000000000000009 19.500000000000004 17.500000000000004 14.500000000000002 2.5000000000000004 6.5000000000000009 4.5000000000000009 9.5000000000000018 16.500000000000004 18.500000000000004 8.5000000000000018 17.500000000000004 21567.930000000004 20037.753750000003
decision_type=2 2 2 2 2 2 2 2 2 2 2 2 2 2 2 2 2 2 2 2 2 2 2 2 2 2 2 2 2
left_child=1 -1 3 7 5 11 -7 8 9 10 -2 -5 19 14 15 -14 17 18 -15 -4 21 -21 -22 -24 25 26 28 -28 -25
right_child=2 -3 12 4 -6 6 -8 -9 -10 -11 -12 -13 13 16 -16 -17 -18 -19 -20 20 22 -23 23 24 -26 -27 27 -29 -30
leaf_value=-0.68001068718942825 10.650818223929898 -6.219129385172228 -2.1955023392050625 2.5916119810834379 2.6727064348187262 2.6403817183514557 -6.9920670927745148 -0.33359142860473395 13.815346878841355 -6.3931277784752529 2.9977690577042226 -11.977078039741349 -21.952528948274182 -6.4404656587893525 -6.4286949095507291 8.4647143498592055 6.1446034085675869 -14.7602977961531 16.380304469984221 0.92405522135334639 4.9105441223415394 -5.4710499631147478 -1.0488917745834447 -11.151257065866737 0.59717915985024983 13.682233445948857 13.507085313945561 0.19065518750020136 3.3212629586938092
leaf_weight=20660 523 633 2663 125 3327 1574 800 1071 538 364 1368 511 31 702 462 568 161 348 80 5370 2877 1940 7268 389 6055 580 468 398 314
leaf_count=20660 523 633 2663 125 3327 1574 800 1071 538 364 1368 511 31 702 462 568 161 348 80 5370 2877 1940 7268 389 6055 580 468 398 314
internal_value=0.0249499 -0.844678 0.477965 1.57609 0.261648 -2.40333 -0.605599 3.73178 5.29069 3.25686 5.1144 -9.11373 0.112771 -2.63636 1.09083 6.89053 -5.69952 -7.38705 -4.10586 0.341073 0.604329 -0.773141 1.15309 0.454402 1.78618 5.13631 1.9772 7.38706 -4.687
internal_weight=62168 21293 40875 10201 6337 3010 2374 3864 2793 2255 1891 636 30674 2352 1061 599 1291 1130 782 28322 25659 7310 18349 15472 8204 2149 1569 866 703
internal_count=62168 21293 40875 10201 6337 3010 2374 3864 2793 2255 1891 636 30674 2352 1061 599 1291 1130 782 28322 25659 7310 18349 15472 8204 2149 1569 866 703
is_linear=0
shrinkage=0.0768785


Tree=83
num_leaves=30
num_cat=0
split_feature=8 4 1 6 8 4 7 7 6 4 4 1 8 5 6 0 4 0 1 4 8 1 7 4 4 4 8 4 8
split_gain=3.56895e+06 2.40232e+06 2.34525e+06 2.46973e+06 2.47006e+06 4.87308e+06 3.15711e+06 5.75422e+06 5.5942e+06 3.12025e+06 3.62935e+06 3.57044e+06 3.7096e+06 3.52755e+06 4.54492e+06 2.84951e+06 3.93462e+06 4.2127e+06 2.78387e+06 2.5195e+06 2.21506e+06 2.6491e+06 2.18054e+06 1.99098e+06 1.9375e+06 6.64281e+06 2.15094e+06 2.09179e+06 1.93181e+06
threshold=17058.958750000002 1.0000000180025095e-35 10.500000000000002 17103.631250000002 9860.7500000000018 14.500000000000002 14219.975 11798.742500000002 11133.621250000002 8.5000000000000018 6.5000000000000009 4.5000000000000009 15176.705000000002 1.0000000180025095e-35 14187.902500000002 34.881400000000006 16.500000000000004 13.122825000000001 9.5000000000000018 7.5000000000000009 29285.471250000006 6.5000000000000009 14737.083750000002 12.500000000000002 18.500000000000004 16.500000000000004 13199.117500000002 19.500000000000004 29644.963750000006
decision_type=2 2 2 2 2 2 2 2 2 2 2 2 2 2 2 2 2 2 2 2 2 2 2 2 2 2 2 2 2
left_child=1 -1 3 4 5 6 7 -3 -9 10 11 -6 -13 19 22 16 18 -18 -11 -12 -2 -22 -15 -17 25 -4 -27 -26 -23
right_child=20 2 24 -5 9 -7 -8 8 -10 15 13 12 -14 14 -16 23 17 -19 -20 -21 21 28 -24 -25 27 26 -28 -29 -30
leaf_value=-4.0500715533197287 0.46274836300894123 -2.723952553627337 0.48555307990705926 -3.6379258688179985 0.34074941214099175 9.6393980477632368 7.6404891517304376 -57.775766816004463 -11.958042351431306 -4.1731577193415745 -7.3873518433535095 -13.537432742401593 -1.8187577667951493 15.906371606201812 2.4157870835775008 -2.2250487400973515 -6.2012298879553382 1.4054217548419861 1.3144419619717727 2.9948486177090494 11.059342206895884 4.8176338978315982 5.4329877327468976 5.3890880885348702 -14.105150318280463 24.271505519766229 8.0852183861030404 -1.2442731431954848 -9.5643032961256704
leaf_weight=1167 34478 49 6239 1850 4282 57 25 36 28 4033 269 230 522 270 1138 320 518 2542 632 284 257 161 208 555 79 55 412 1388 84
leaf_count=1167 34478 49 6239 1850 4282 57 25 36 28 4033 269 230 522 270 1138 320 518 2542 632 284 257 161 208 555 79 55 412 1388 84
internal_value=0.0230318 -0.637681 -0.484641 -0.978535 -0.671005 -9.27061 -17.0813 -22.5507 -37.7305 -0.564891 0.61549 -0.517265 -5.40293 3.24448 5.05814 -1.55353 -2.0245 0.11776 -3.42971 -2.05544 0.536567 5.60655 11.3489 2.60449 0.593913 1.14754 9.99153 -1.93685 -0.113316
internal_weight=62168 27188 26021 17848 15998 195 138 113 64 15803 7203 5034 752 2169 1616 8600 7725 3060 4665 553 34980 502 478 875 8173 6706 467 1467 245
internal_count=62168 27188 26021 17848 15998 195 138 113 64 15803 7203 5034 752 2169 1616 8600 7725 3060 4665 553 34980 502 478 875 8173 6706 467 1467 245
is_linear=0
shrinkage=0.0768785


Tree=84
num_leaves=30
num_cat=0
split_feature=8 1 6 4 4 7 4 8 6 0 8 5 4 6 5 0 4 4 4 4 4 4 4 4 4 1 0 4 4
split_gain=3.19913e+06 2.74761e+06 4.5404e+06 2.92491e+06 6.93319e+06 4.14001e+06 6.00774e+06 6.44e+06 4.1328e+06 4.17426e+06 2.74646e+06 2.57729e+06 3.45065e+06 2.53966e+06 2.37068e+06 4.26173e+06 6.17752e+06 1.14962e+07 7.39454e+06 8.12461e+06 3.53838e+06 3.28057e+06 5.78722e+06 4.15486e+06 3.46789e+06 2.76529e+06 3.85611e+06 6.84843e+06 4.04626e+06
threshold=15869.371250000002 10.500000000000002 15387.295 3.5000000000000004 5.5000000000000009 14737.083750000002 6.5000000000000009 13264.308750000002 13260.195000000002 17.804050000000004 14541.966250000003 1.0000000180025095e-35 7.5000000000000009 14769.002500000002 1.0000000180025095e-35 31.258775000000004 18.500000000000004 16.500000000000004 8.5000000000000018 5.5000000000000009 20.500000000000004 17.500000000000004 11.500000000000002 19.500000000000004 8.5000000000000018 10.500000000000002 18.164100000000005 18.500000000000004 7.5000000000000009
decision_type=2 2 2 2 2 2 2 2 2 2 2 2 2 2 2 2 2 2 2 2 2 2 2 2 2 2 2 2 2
left_child=1 2 -1 -3 8 6 7 -6 -5 -10 -4 12 -8 -9 15 20 17 18 19 -17 21 22 24 -23 -2 -16 27 28 -27
right_child=14 3 10 4 5 -7 11 13 9 -11 -12 -13 -14 -15 25 16 -18 -19 -20 -21 -22 23 -24 -25 -26 26 -28 -29 -30
leaf_value=-0.72834670434841742 2.496423655674636 -2.2801387305499743 -8.5133250828286435 4.0488306869902315 -1.3652374295307377 3.4145940508367216 -18.438474012058698 -31.442070163964477 23.806276399652177 4.6353898429871299 -2.7866352277793474 0.93502041476626041 -2.3706510623640002 -6.6522385801506028 0.29201706210655204 0.55844699393262842 4.9686726872492057 -11.15946793322388 2.8342488347868517 -10.264972393687909 -1.4166126197295918 12.722945312302569 -5.8414791079209643 1.988061679640261 9.5533661811829127 -20.302179933496589 -5.1989897603099697 -5.9028593221221399 8.2601733256959005
leaf_weight=11462 1330 1750 680 603 147 1545 90 94 154 119 1819 2151 646 33 28322 1066 1277 584 2696 666 726 540 368 352 596 31 1322 460 539
leaf_count=11462 1330 1750 680 603 147 1545 90 94 154 119 1819 2151 646 33 28322 1066 1277 584 2696 666 726 540 368 352 596 31 1322 460 539
internal_value=0.0212612 -0.742835 -1.37571 0.462232 1.32199 0.153019 -1.44114 -12.3203 7.60185 15.4497 -4.34492 -0.408616 -4.33547 -25.0006 0.419301 1.43456 0.195235 -1.02098 0.316163 -3.60345 3.42692 4.53063 2.99232 8.48676 4.68019 0.081665 -2.45132 1.07529 6.70678
internal_weight=62168 21293 13961 7332 5582 4706 3161 274 876 273 2499 2887 736 127 40875 10201 6289 5012 4428 1732 3912 3186 2294 892 1926 30674 2352 1030 570
internal_count=62168 21293 13961 7332 5582 4706 3161 274 876 273 2499 2887 736 127 40875 10201 6289 5012 4428 1732 3912 3186 2294 892 1926 30674 2352 1030 570
is_linear=0
shrinkage=0.0768785


Tree=85
num_leaves=30
num_cat=0
split_feature=8 4 0 4 7 4 1 4 8 6 4 1 0 6 6 7 8 8 4 4 4 5 2 6 4 5 8 0 1
split_gain=3.01827e+06 1.90838e+06 2.53833e+06 9.22985e+06 5.3511e+06 4.72675e+06 4.3332e+06 5.1559e+06 3.51053e+06 3.23725e+06 2.63061e+06 2.62198e+06 2.61192e+06 2.48083e+06 2.77235e+06 7.25693e+06 1.45071e+07 2.51452e+06 2.27495e+06 3.53356e+06 4.13756e+06 3.52794e+06 2.34441e+06 2.23969e+06 2.08488e+06 1.89997e+06 1.66967e+06 2.18735e+06 1.67985e+06
threshold=18950.122500000001 1.0000000180025095e-35 17.336937500000001 20.500000000000004 13589.500000000002 15.500000000000002 2.5000000000000004 9.5000000000000018 13017.477500000003 17967.977500000005 12.500000000000002 11.500000000000002 37.199950000000008 13194.290000000003 10263.900000000001 14155.717500000001 9860.7500000000018 9860.7500000000018 18.500000000000004 15.500000000000002 17.500000000000004 1.0000000180025095e-35 1.0000000180025095e-35 13781.867500000002 9.5000000000000018 1.0000000180025095e-35 17004.695000000003 22.877850000000006 6.5000000000000009
decision_type=2 2 2 2 2 2 2 2 2 2 2 2 2 2 2 2 2 2 2 2 2 2 2 2 2 2 2 2 2
left_child=1 -1 3 4 -3 6 7 -4 13 10 11 26 -7 14 15 16 -8 -16 19 22 21 -21 -6 -12 -13 -22 27 -10 -28
right_child=-2 2 5 -5 18 12 8 -9 9 -11 23 24 -14 -15 17 -17 -18 -19 -20 20 25 -23 -24 -25 -26 -27 28 -29 -30
leaf_value=-3.3490236325473512 0.63036673318221537 0.036773823082966069 4.7387320993135162 -4.1393514403096621 3.0624968914817656 1.0890236659654746 -72.128470059900252 -6.5385951930084287 1.3833394953860556 -3.0973038449505528 6.1671390759483042 8.7809942381378399 -9.131316807386435 -8.970100751290877 18.542968164517003 3.5371682519889989 0.49350892228265364 -2.0435663744908839 -0.82533560712368592 -2.1164636648980979 13.16841773683832 18.799169820198983 17.418010678330152 0.84745258487388209 -9.7644102763501106 -1.8711407854214688 -1.2356582561271463 -1.9889379394807423 3.4421133353775497
leaf_weight=1297 26326 4990 280 1959 2631 6948 29 1661 1583 2434 632 41 151 464 36 75 37 1353 528 57 69 291 69 1800 284 177 749 4033 1151
leaf_count=1297 26326 4990 280 1959 2631 6948 29 1661 1583 2434 632 41 151 464 36 75 37 1353 528 57 69 291 69 1800 284 177 749 4033 1151
internal_value=0.0054541 -0.453968 -0.345169 0.633679 1.69477 -0.78926 -1.49775 -4.91178 -1.04699 -0.57638 0.0209071 -0.664235 0.871631 -4.04599 -2.55266 -12.824 -31.4161 -1.51001 3.85946 4.61039 9.9787 15.3733 3.42936 2.22987 -7.42484 2.34727 -0.371899 -1.03838 1.59809
internal_weight=62135 35809 34512 10771 8812 23741 16642 1941 14701 12707 10273 7841 7099 1994 1530 141 66 1389 3822 3294 594 348 2700 2432 325 246 7516 5616 1900
internal_count=62135 35809 34512 10771 8812 23741 16642 1941 14701 12707 10273 7841 7099 1994 1530 141 66 1389 3822 3294 594 348 2700 2432 325 246 7516 5616 1900
is_linear=0
shrinkage=0.0768785


Tree=86
num_leaves=30
num_cat=0
split_feature=8 4 4 8 4 4 4 0 0 6 0 5 4 5 1 1 7 1 1 1 0 0 1 1 5 0 8 1 1
split_gain=2.7525e+06 3.04143e+06 5.92778e+06 8.13509e+06 4.54755e+06 4.56456e+06 4.3645e+06 4.36244e+06 5.15347e+06 4.09592e+06 3.51421e+06 9.59772e+06 4.90175e+06 1.36497e+07 7.14437e+06 6.64887e+06 5.795e+06 5.65161e+06 4.8419e+06 4.33355e+06 3.5222e+06 3.47993e+06 3.46491e+06 3.29084e+06 9.93904e+06 5.39456e+06 5.26507e+06 3.25688e+06 3.20182e+06
threshold=25103.500000000004 19.500000000000004 16.500000000000004 12720.500000000002 11.500000000000002 6.5000000000000009 5.5000000000000009 30.074812500000004 14.912925 13380.050000000001 35.558325000000011 1.0000000180025095e-35 18.500000000000004 1.0000000180025095e-35 11.500000000000002 9.5000000000000018 22909.485000000004 8.5000000000000018 4.5000000000000009 6.5000000000000009 14.027687500000001 15.249625000000002 1.5000000000000002 8.5000000000000018 1.0000000180025095e-35 13.122825000000001 13884.125000000002 6.5000000000000009 7.5000000000000009
decision_type=2 2 2 2 2 2 2 2 2 2 2 2 2 2 2 2 2 2 2 2 2 2 2 2 2 2 2 2 2
left_child=1 2 4 -4 5 6 -1 8 -6 -10 12 -12 14 15 16 20 -5 18 22 -13 -14 -3 -15 -8 25 26 -25 -9 -20
right_child=-2 21 3 10 7 -7 23 27 9 -11 11 19 13 17 -16 -17 -18 -19 28 -21 -22 -23 -24 24 -26 -27 -28 -29 -30
leaf_value=-0.11163766177566718 1.3368502040956818 -4.4747498936403876 15.080350815162916 1.9995231548505374 19.800967125612573 1.2843511855613527 -1.6144028591892228 1.5395524913345977 -1.2529218630041397 -5.7788209769881433 -10.923765555857024 -2.8754695518894837 -5.2977192438863741 5.8832636841705428 13.268339202177897 -2.7293419953284195 15.86397569166181 -10.502855112861671 13.162555016882537 6.5262671283192164 19.257058386178379 -0.62537053938188492 -7.5238984297805045 -2.7808806732997926 -12.271845001597711 -1.2183983090170625 41.981881330778251 -1.7572082880657471 -4.7030984999573295
leaf_weight=12644 7992 1925 272 2864 56 12575 1676 3007 2224 2522 466 544 39 149 447 156 190 550 196 620 301 4976 484 25 645 155 41 4309 85
leaf_count=12644 7992 1925 272 2864 56 12575 1676 3007 2224 2522 466 544 39 149 447 156 190 550 196 620 301 4976 484 25 645 155 41 4309 85
internal_value=0.0050348 -0.191553 0.0286708 2.03283 -0.341363 0.201036 -0.696019 -1.58394 -3.38439 -3.65796 1.53234 -1.60027 2.46737 -0.610942 4.19073 10.4113 2.86208 -4.34524 -0.639894 2.13233 16.4405 -1.69914 -4.36803 -3.60275 -7.45087 6.61938 25.0263 -0.402184 7.75835
internal_weight=62135 54143 47242 7363 39879 27761 15186 12118 4802 4746 7091 1630 5461 1960 3501 496 3054 1464 914 1164 340 6901 633 2542 866 221 66 7316 281
internal_count=62135 54143 47242 7363 39879 27761 15186 12118 4802 4746 7091 1630 5461 1960 3501 496 3054 1464 914 1164 340 6901 633 2542 866 221 66 7316 281
is_linear=0
shrinkage=0.0768785


Tree=87
num_leaves=30
num_cat=0
split_feature=8 1 6 8 8 6 8 6 4 4 4 4 4 4 4 6 0 7 5 8 0 1 5 4 4 0 7 4 4
split_gain=2.4458e+06 2.4328e+06 2.8708e+06 3.86563e+06 2.39981e+06 2.63982e+06 2.56232e+06 2.50769e+06 2.87172e+06 3.68159e+06 3.04415e+06 2.68571e+06 2.28009e+06 5.80553e+06 3.42922e+06 3.1978e+06 3.68254e+06 3.07507e+06 5.18364e+06 4.80543e+06 3.61697e+06 3.22045e+06 2.50315e+06 2.40324e+06 3.02066e+06 2.36801e+06 2.25174e+06 2.15568e+06 2.01859e+06
threshold=16565.136250000007 10.500000000000002 15597.346250000001 15176.705000000002 13264.308750000002 14124.740000000002 14490.441250000002 13260.195000000002 16.500000000000004 10.500000000000002 19.500000000000004 6.5000000000000009 3.5000000000000004 5.5000000000000009 7.5000000000000009 13260.195000000002 17.640050000000002 14737.083750000002 1.0000000180025095e-35 13264.308750000002 15.614700000000001 11.500000000000002 1.0000000180025095e-35 10.500000000000002 12.500000000000002 23.318725000000004 15521.553750000001 17.500000000000004 15.500000000000002
decision_type=2 2 2 2 2 2 2 2 2 2 2 2 2 2 2 2 2 2 2 2 2 2 2 2 2 2 2 2 2
left_child=1 2 4 -4 7 -6 -7 -1 9 11 -10 -9 -3 15 17 -14 -17 19 20 21 -19 22 -15 25 -25 -16 -26 28 -28
right_child=-2 12 3 -5 5 6 -8 8 10 -11 -12 -13 13 14 23 16 -18 18 -20 -21 -22 -23 -24 24 26 -27 27 -29 -30
leaf_value=-0.96210294547700026 0.39761341180127069 -1.9860607761524725 -6.9395875215947473 -1.4977518897107651 2.1668697215205079 -4.2820948083532278 0.31425193495450854 -7.8597547173675553 6.9728808715637687 -14.603027140495268 -19.199364610739277 3.45235584616325 3.8846227371780424 -26.975795031869847 7.0732604427517742 22.190510705707883 4.1222534652303207 32.767735908024854 -4.4886937594894327 -14.595434701576933 -0.15011368548737311 6.3847820949382497 -3.6313122122116939 -5.7117109283092269 -0.039387489252134381 -2.5436743098683632 2.3826270322591636 0.50148988982223697 13.342260512122742
leaf_weight=5052 37346 1715 1042 2972 2962 981 2662 324 172 268 31 201 591 35 642 147 122 47 179 279 34 172 121 442 2614 198 176 380 228
leaf_count=5052 37346 1715 1042 2972 2962 981 2662 324 172 268 31 201 591 35 642 147 122 47 179 279 34 172 121 442 2614 198 176 380 228
internal_value=0.00464773 -0.587377 -1.11903 -2.91041 -0.550744 0.462388 -0.923469 -1.65718 -5.18282 -7.27144 2.97613 -3.52883 0.503626 1.17006 0.258845 7.04736 13.996 -4.18222 2.81348 -7.17872 18.9504 -0.869997 -8.86886 1.08158 0.266773 4.80641 1.04443 4.65809 8.56777
internal_weight=62135 24789 16667 4014 12653 6605 3643 6048 996 793 203 525 8122 6407 5547 860 269 867 260 607 81 328 156 4680 3840 840 3398 784 404
internal_count=62135 24789 16667 4014 12653 6605 3643 6048 996 793 203 525 8122 6407 5547 860 269 867 260 607 81 328 156 4680 3840 840 3398 784 404
is_linear=0
shrinkage=0.0768785


Tree=88
num_leaves=30
num_cat=0
split_feature=8 4 4 8 4 4 0 1 1 4 0 0 5 4 5 1 1 7 1 1 1 1 1 6 0 6 1 0 4
split_gain=2.2317e+06 2.63637e+06 4.8268e+06 6.80395e+06 3.76852e+06 3.88635e+06 3.75266e+06 4.65239e+06 4.13896e+06 3.64482e+06 2.99195e+06 2.9879e+06 8.17562e+06 4.14863e+06 1.16435e+07 5.83596e+06 5.67814e+06 4.92751e+06 4.82612e+06 4.11578e+06 3.69228e+06 3.0315e+06 2.94394e+06 2.92838e+06 3.15111e+06 2.89424e+06 2.85352e+06 5.39989e+06 4.13934e+06
threshold=25103.500000000004 19.500000000000004 16.500000000000004 12720.500000000002 11.500000000000002 6.5000000000000009 14.912925 3.5000000000000004 6.5000000000000009 5.5000000000000009 16.299787500000004 35.558325000000011 1.0000000180025095e-35 18.500000000000004 1.0000000180025095e-35 11.500000000000002 9.5000000000000018 22909.485000000004 8.5000000000000018 4.5000000000000009 6.5000000000000009 1.5000000000000002 1.5000000000000002 22651.361250000005 8.022725000000003 29042.320000000003 5.5000000000000009 26.700850000000006 8.5000000000000018
decision_type=2 2 2 2 2 2 2 2 2 2 2 2 2 2 2 2 2 2 2 2 2 2 2 2 2 2 2 2 2
left_child=1 2 4 -4 5 9 -6 -8 -9 -1 -3 13 -13 15 16 17 21 -5 19 22 -14 -15 -16 24 -11 -12 27 28 -7
right_child=-2 10 3 11 6 26 7 8 -10 23 25 12 20 14 18 -17 -18 -19 -20 -21 -22 -23 -24 -25 -26 -27 -28 -29 -30
leaf_value=-0.10153872071605433 1.2035072293212943 -3.8574804506290921 13.773181548721539 1.8344917294433281 18.42247882580903 5.1103556490945987 -4.1208375504941532 1.9469254616334901 -1.6932011258697075 5.9139198319162718 -0.25811852989721645 -10.110525496503817 -2.6829018394739856 -2.9600266551325523 5.4003992564486651 12.035087335981718 -2.5502357620793505 14.619177443705093 -9.7258474583413346 7.1313351759393075 5.9953796507623194 18.072443493289459 -6.9578178164248099 8.4308314995096865 -4.6583932419250287 -19.433398844042529 2.1741195450849014 -2.8898045822675988 -0.71716809895149036
leaf_weight=12644 7992 2277 272 2864 56 1376 3049 2591 6422 180 4577 466 544 47 149 447 156 190 550 281 620 293 484 120 2242 47 7313 2374 1512
leaf_count=12644 7992 2277 272 2864 56 1376 3049 2591 6422 180 4577 466 544 47 149 447 156 190 550 281 620 293 484 120 2242 47 7313 2374 1512
internal_value=0.00429042 -0.172725 0.0323106 1.8408 -0.301596 0.192164 -1.43275 -1.52493 -0.646761 -0.63557 -1.57633 1.38309 -1.50544 2.24526 -0.586718 3.83071 9.59328 2.62987 -4.03568 -0.611618 1.93955 15.165 -4.04885 -3.29186 -3.87267 -0.453023 1.19176 -0.17349 2.05938
internal_weight=62135 54143 47242 7363 39879 27761 12118 12062 9013 15186 6901 7091 1630 5461 1960 3501 496 3054 1464 914 1164 340 633 2542 2422 4624 12575 5262 2888
internal_count=62135 54143 47242 7363 39879 27761 12118 12062 9013 15186 6901 7091 1630 5461 1960 3501 496 3054 1464 914 1164 340 633 2542 2422 4624 12575 5262 2888
is_linear=0
shrinkage=0.0768785


Tree=89
num_leaves=30
num_cat=0
split_feature=8 6 0 0 3 6 8 8 7 4 4 0 4 0 4 0 0 8 0 4 5 5 0 0 1 6 0 7 4
split_gain=1.98949e+06 1.72903e+06 1.76355e+06 1.57406e+06 1.48929e+06 1.90156e+06 2.25075e+06 1.88018e+06 1.48411e+06 1.29499e+06 5.07541e+06 2.75251e+06 2.63478e+06 4.07067e+06 3.16396e+06 3.23197e+06 2.55805e+06 2.27249e+06 2.307e+06 2.90727e+06 2.98654e+06 2.23716e+06 2.10258e+06 2.09713e+06 1.86233e+06 2.72217e+06 1.78914e+06 1.71942e+06 1.7153e+06
threshold=27620.572500000006 28841.250000000004 34.588025000000009 42.348275000000008 1.0000000180025095e-35 10263.900000000001 10263.900000000001 9860.7500000000018 21307.118750000005 10.500000000000002 6.5000000000000009 32.894475000000007 15.500000000000002 24.900200000000002 19.500000000000004 37.009800000000006 37.599925000000013 26097.625000000004 16.988500000000002 17.500000000000004 1.0000000180025095e-35 1.0000000180025095e-35 15.614700000000001 22.124100000000006 6.5000000000000009 13318.178750000001 14.027687500000001 13804.903750000001 18.500000000000004
decision_type=2 2 2 2 2 2 2 2 2 2 2 2 2 2 2 2 2 2 2 2 2 2 2 2 2 2 2 2 2
left_child=1 3 -3 4 9 6 -6 -7 -9 10 11 -1 13 22 15 17 23 18 19 20 -14 -17 -11 -12 25 -25 -16 -24 -23
right_child=-2 2 -4 -5 5 7 -8 8 -10 12 16 -13 14 -15 26 21 -18 -19 -20 -21 -22 28 27 24 -26 -27 -28 -29 -30
leaf_value=0.0016329999065472283 1.9597913387348767 0.50079037249244829 -14.584229549065221 4.182917626573845 -25.156204468950531 15.779898491137335 -0.38443827695813354 -1.1132681125895183 0.59495959707162438 5.9095860318430971 3.5739277998713903 -3.9447214489068188 -3.9879123246160408 -0.27234177649769625 -3.7267045784874591 -7.4789110661809586 6.5193929687453496 15.768278692931803 1.4228150563675617 2.5417460896258071 15.76848771079249 -1.2970037074218357 -1.8623214982159528 12.084054929041326 2.0431170457523136 -1.8562626465828522 -0.27552074985518921 -6.1568735475051577 9.6504842568775793
leaf_weight=11018 2929 86 98 510 41 41 46 12537 3954 121 2326 1154 56 6317 1076 337 724 72 5248 577 235 772 902 87 2573 1711 5076 1416 95
leaf_count=11018 2929 86 98 510 41 41 46 12537 3954 121 2326 1154 56 6317 1076 337 724 72 5248 577 235 772 902 87 2573 1711 5076 1416 95
internal_value=0.00396058 -0.092797 -7.53362 -0.0696003 -0.106666 -0.722467 -12.0585 -0.662811 -0.703691 0.137623 0.593629 -0.372512 -0.263028 -1.30234 0.408871 1.48082 2.1783 2.1899 2.03005 5.70145 11.9666 -2.16352 -3.97002 1.709 0.716584 -1.18173 -0.879141 -4.48574 -0.097452
internal_weight=62135 59206 184 59022 58512 16619 87 16532 16491 41893 19593 12172 22300 8756 13544 7392 7421 6188 6116 868 291 1204 2439 6697 4371 1798 6152 2318 867
internal_count=62135 59206 184 59022 58512 16619 87 16532 16491 41893 19593 12172 22300 8756 13544 7392 7421 6188 6116 868 291 1204 2439 6697 4371 1798 6152 2318 867
is_linear=0
shrinkage=0.0768785


Tree=90
num_leaves=30
num_cat=0
split_feature=8 0 8 6 8 7 6 3 4 0 1 0 4 4 1 5 1 4 0 6 6 4 5 4 5 0 1 6 4
split_gain=2.01068e+06 1.7282e+06 1.58619e+06 1.39648e+06 3.12799e+06 1.92562e+06 1.30144e+06 1.23693e+06 1.54164e+06 2.12257e+06 1.52941e+06 1.462e+06 4.92916e+06 2.59343e+06 8.18586e+06 4.14879e+06 2.50175e+06 3.67209e+06 2.49065e+06 2.22155e+06 1.83815e+06 1.56531e+06 3.23625e+06 1.6196e+06 1.56381e+06 5.58609e+06 3.1259e+06 1.46667e+06 1.43008e+06
threshold=27620.572500000006 42.348275000000008 10935.638750000004 29644.963750000006 29644.963750000006 26221.770000000004 29042.320000000003 1.0000000180025095e-35 16.500000000000004 12.364687500000004 1.5000000000000002 20.214325000000002 17.500000000000004 17.500000000000004 8.5000000000000018 1.0000000180025095e-35 9.5000000000000018 19.500000000000004 24.170587500000003 15336.787500000002 16711.198750000003 19.500000000000004 1.0000000180025095e-35 18.500000000000004 1.0000000180025095e-35 31.57845 6.5000000000000009 23787.875000000004 19.500000000000004
decision_type=2 2 2 2 2 2 2 2 2 2 2 2 2 2 2 2 2 2 2 2 2 2 2 2 2 2 2 2 2
left_child=1 2 -1 -2 -5 -6 7 -4 -9 -10 28 12 20 14 18 -16 17 19 -13 -15 -12 22 23 -18 25 -21 -27 -28 -11
right_child=3 -3 6 4 5 -7 -8 8 9 10 11 13 -14 16 15 -17 21 -19 -20 24 -22 -23 -24 -25 -26 26 27 -29 -30
leaf_value=-2.453751443846063 1.4772515781677948 4.3507968998771718 0.14750064329255955 -1.731896386233126 28.881128570387329 7.9437552478891194 -7.779492269551322 -1.1197764797503424 -5.6688649226918324 13.693656102968992 8.1705242105548859 9.3636403348648951 -3.4762744190328809 28.929135257029237 -9.9449854653691041 16.620741857325445 20.254633702190418 1.0028900748958012 -11.333857566436546 23.533179917675902 32.26348517768114 1.1594637220822852 -13.093631416055272 -5.7636216461048475 8.8282704309288924 -17.618589543590854 -2.6328940602901296 19.283459410371307 -3.8023934173803768
leaf_weight=1738 2722 505 40727 99 47 58 130 11594 304 101 61 38 927 28 46 142 31 1156 359 50 27 353 152 26 628 73 59 26 38
leaf_count=1738 2722 505 40727 99 47 58 130 11594 304 101 61 38 927 28 46 142 31 1156 359 50 27 353 152 26 628 73 59 26 38
internal_value=-0.0303227 -0.127366 -0.165817 1.93704 8.07203 17.3157 -0.096148 -0.0786079 -0.646382 0.540329 0.977171 0.713484 -1.82561 1.52724 -3.09463 10.1206 2.57442 3.83665 -9.35274 7.62813 15.5627 -1.96246 -7.23537 8.38666 6.91469 1.13717 -5.95018 4.07093 8.91056
internal_weight=62245 59319 58814 2926 204 105 57076 56946 16219 4625 4321 4182 1015 3167 585 188 2582 2020 397 864 88 562 209 57 836 208 158 85 139
internal_count=62245 59319 58814 2926 204 105 57076 56946 16219 4625 4321 4182 1015 3167 585 188 2582 2020 397 864 88 562 209 57 836 208 158 85 139
is_linear=0
shrinkage=0.0768785


Tree=91
num_leaves=30
num_cat=0
split_feature=8 0 8 1 4 7 7 7 7 6 0 1 8 0 8 3 4 0 4 8 4 0 1 6 0 0 0 0 4
split_gain=1.71341e+06 1.47269e+06 1.40092e+06 2.34324e+06 1.82391e+06 1.88396e+06 3.57753e+06 1.90639e+06 4.39266e+06 4.96647e+06 1.686e+06 1.52341e+06 1.42653e+06 1.30959e+06 2.38236e+06 2.22464e+06 1.18656e+06 3.10959e+06 3.06158e+06 5.5556e+06 3.99835e+06 3.04489e+06 2.75835e+06 4.01034e+06 3.28134e+06 2.81787e+06 2.44352e+06 2.20678e+06 2.42335e+06
threshold=27620.572500000006 42.348275000000008 10263.900000000001 10.500000000000002 14.500000000000002 11869.712500000001 12434.090000000002 12985.263750000002 14278.668750000001 11225.215000000002 16.127000000000006 2.5000000000000004 9860.7500000000018 35.879900000000006 29644.963750000006 1.0000000180025095e-35 20.500000000000004 16.299787500000004 16.500000000000004 12657.095000000003 11.500000000000002 38.210112500000008 3.5000000000000004 18538.930000000004 32.647787500000007 14.912925 34.665837500000009 30.074812500000004 12.500000000000002
decision_type=2 2 2 2 2 2 2 2 2 2 2 2 2 2 2 2 2 2 2 2 2 2 2 2 2 2 2 2 2
left_child=1 2 3 4 5 10 -7 -8 9 -9 12 -6 -1 -2 -15 -16 18 -18 20 -20 21 -4 25 27 -25 -22 -19 28 -24
right_child=13 -3 16 -5 11 6 7 8 -10 -11 -12 -13 -14 14 15 -17 17 26 19 -21 22 -23 23 24 -26 -27 -28 -29 -30
leaf_value=17.739423924179185 0.75775208265321625 4.0163141334435588 0.027961956793114928 10.884168522020001 16.208899444381263 -32.463739571925061 8.3479919741255273 -52.006618567974577 1.0980919532496307 -6.1879884516221839 -14.225226503477744 -3.3870450845508184 -3.0224501424974286 2.9513396993908145 26.978322685569402 2.3009164579094068 -3.8204351645068861 0.37084104425132541 12.689364331025571 0.922356600253595 14.639238806652743 3.7906692514510896 -6.9299369584774988 -21.56249953779734 -2.3107184176216156 -3.7633162025011151 -7.5040665379115019 2.0157119056820401 -0.03938154598390621
leaf_weight=31 2088 505 28246 54 33 46 33 27 65 29 42 81 53 750 50 38 1795 4367 243 9837 50 1331 366 53 4116 2993 246 2961 1716
leaf_count=31 2088 505 28246 54 33 46 33 27 65 29 42 81 53 750 50 38 1795 4367 243 9837 50 1331 366 53 4116 2993 246 2961 1716
internal_value=-0.0279915 -0.117574 -0.153069 -4.22984 -6.08474 -9.01175 -13.6505 -8.03098 -12.498 -28.2791 -1.64863 2.28547 4.63967 1.78812 4.35544 16.3222 -0.118537 -1.10553 0.00329685 1.20603 -0.286517 0.197288 -1.45416 -0.791266 -2.55546 -3.46094 -0.0491085 0.66718 -1.25069
internal_weight=62245 59319 58814 494 440 326 200 154 121 56 126 114 84 2926 838 88 58320 6408 51912 10080 41832 29577 12255 9212 4169 3043 4613 5043 2082
internal_count=62245 59319 58814 494 440 326 200 154 121 56 126 114 84 2926 838 88 58320 6408 51912 10080 41832 29577 12255 9212 4169 3043 4613 5043 2082
is_linear=0
shrinkage=0.0768785


Tree=92
num_leaves=30
num_cat=0
split_feature=8 6 0 1 8 3 0 4 4 3 6 8 4 0 4 6 4 8 1 1 4 4 8 0 6 4 4 4 8
split_gain=1.50454e+06 1.77658e+06 1.95915e+06 1.75654e+06 2.56418e+06 1.80435e+06 2.17446e+06 1.382e+06 2.27084e+06 1.2688e+06 1.46811e+06 1.7144e+06 1.26285e+06 2.32298e+06 7.867e+06 2.31374e+06 1.72676e+06 2.19332e+06 2.69951e+06 1.45051e+06 1.78854e+06 2.00329e+06 1.44009e+06 3.61691e+06 1.60183e+06 1.2594e+06 3.04109e+06 2.60882e+06 2.03412e+06
threshold=24916.125000000004 29042.320000000003 34.37295000000001 6.5000000000000009 29644.963750000006 1.0000000180025095e-35 35.636150000000008 17.500000000000004 22.500000000000004 1.0000000180025095e-35 10263.900000000001 10263.900000000001 18.500000000000004 16.988500000000002 3.5000000000000004 17609.820000000003 5.5000000000000009 13504.6 10.500000000000002 2.5000000000000004 9.5000000000000018 15.500000000000002 9860.7500000000018 20.607600000000009 10263.900000000001 7.5000000000000009 9.5000000000000018 4.5000000000000009 20631.270000000004
decision_type=2 2 2 2 2 2 2 2 2 2 2 2 2 2 2 2 2 2 2 2 2 2 2 2 2 2 2 2 2
left_child=1 9 -3 4 -2 6 -6 -5 -9 12 11 -11 13 14 -1 16 17 -16 -19 20 -15 -22 23 24 -21 27 28 -24 -27
right_child=3 2 -4 7 5 -7 -8 8 -10 10 -12 -13 -14 19 15 -17 -18 18 -20 22 21 -23 25 -25 -26 26 -28 -29 -30
leaf_value=-2.0053837554462977 1.6364400166990496 1.0824958395159479 -28.224393732015638 -1.8341436749481299 7.3429888546602662 -1.7931353551709417 28.409802086299827 2.2321384042706125 -3.565375866650438 -22.145358878958934 -0.69788978143356362 -0.63428591050229843 -0.9174077129940631 3.6422568163176745 3.735113524462788 7.7443874208999146 1.5384187815216881 6.5821134570167219 26.72016068641048 -35.871883855211195 -4.4042610970308509 1.2359544375629614 0.64153097443749962 11.492641773714888 -8.6171757313216855 2.0133281491763602 0.054984815285913466 -2.1830052326620177 7.9396365565315428
leaf_weight=2366 4191 26 28 1770 67 44 51 1880 507 41 15171 47 6348 290 1072 650 2363 127 57 26 1349 514 4228 29 25 2273 12742 3560 403
leaf_count=2366 4191 26 28 1770 67 44 51 1880 507 41 15171 47 6348 290 1072 650 2363 127 57 26 1349 514 4228 29 25 2273 12742 3560 403
internal_value=-0.0258396 -0.176254 -14.1137 0.92393 2.00329 11.4937 16.4481 -0.206317 1.00074 -0.162234 -0.755322 -10.6565 0.0733061 0.269386 1.55048 3.52124 2.76273 5.0661 12.8205 -0.0647488 -1.9739 -2.84813 0.11177 -10.1851 -22.5117 0.147267 0.549785 -0.649603 2.90582
internal_weight=62245 53735 54 8510 4353 162 118 4157 2387 53681 15259 88 38422 32074 6635 4269 3619 1256 184 25439 2153 1863 23286 80 51 23206 15418 7788 2676
internal_count=62245 53735 54 8510 4353 162 118 4157 2387 53681 15259 88 38422 32074 6635 4269 3619 1256 184 25439 2153 1863 23286 80 51 23206 15418 7788 2676
is_linear=0
shrinkage=0.0768785


Tree=93
num_leaves=30
num_cat=0
split_feature=8 7 5 5 0 4 4 8 1 4 6 7 5 4 4 4 4 4 0 7 1 4 0 4 1 7 0 4 4
split_gain=1.34573e+06 3.76419e+06 3.1511e+06 2.42103e+06 1.88926e+06 1.42001e+06 1.51147e+06 1.65201e+06 1.28716e+06 1.99509e+06 1.76376e+06 1.2617e+06 1.26082e+06 3.24747e+06 8.72944e+06 8.66636e+06 4.06123e+06 7.25685e+06 3.98984e+06 4.48738e+06 3.44797e+06 3.10396e+06 4.91264e+06 5.77258e+06 2.79404e+06 2.44713e+06 3.05016e+06 2.29154e+06 3.3502e+06
threshold=14128.845000000003 16692.210000000003 1.0000000180025095e-35 37.500000000000007 4.2527750000000006 4.5000000000000009 6.5000000000000009 12405.575000000003 9.5000000000000018 3.5000000000000004 13260.195000000002 13702.062500000002 1.0000000180025095e-35 8.5000000000000018 11.500000000000002 6.5000000000000009 17.500000000000004 16.500000000000004 13.688512500000002 14278.668750000001 2.5000000000000004 20.500000000000004 36.634175000000006 19.500000000000004 6.5000000000000009 25103.500000000004 32.578237500000007 5.5000000000000009 4.5000000000000009
decision_type=2 2 2 2 2 2 2 2 2 2 2 2 2 2 2 2 2 2 2 2 2 2 2 2 2 2 2 2 2
left_child=1 2 -1 8 -2 -5 11 -8 10 -10 -4 -7 13 15 -15 18 17 -16 19 -6 -17 22 25 24 -24 26 -18 28 -20
right_child=4 -3 3 5 12 6 7 -9 9 -11 -12 -13 -14 14 16 20 21 -19 27 -21 -22 -23 23 -25 -26 -27 -28 -29 -30
leaf_value=-2.4742217551467456 16.867731945392705 -6.578069873083578 1.3296546910661626 0.56268410460555718 -3.7056982610432576 -10.233688780422089 -4.9324494584545935 0.23810706173956023 -0.77605537249326717 3.8688155766066203 -2.1496054537136313 -1.4143446406224409 -0.073386160189192168 6.3049633777699361 -0.21114844612515629 5.7878987358511456 6.4901355584503237 -11.120951064795227 0.20224603855116824 36.013180345829689 -9.2042251907734318 -0.3137518098515612 -19.098349629697257 18.353176177658199 -0.65503158045432819 13.152709398172126 -1.8920787394656218 -4.8487386381514606 7.9370475508974243
leaf_weight=3305 40 614 2788 1264 29 254 576 998 786 1794 1246 154 36331 1869 2433 102 1096 423 1965 40 816 1725 119 47 82 225 335 391 398
leaf_count=3305 40 614 2788 1264 29 254 576 998 786 1794 1246 154 36331 1869 2433 102 1096 423 1965 40 816 1725 119 47 82 225 335 391 398
internal_value=-0.0238531 -0.694266 -0.419852 0.268758 0.166747 -1.45083 -2.73493 -1.65404 1.11269 2.45375 0.255 -6.90482 0.152952 0.832826 1.67581 -1.04964 0.341677 -1.82699 1.06042 19.3197 -7.53843 2.04841 4.18849 -5.90249 -11.5742 5.6997 4.52784 0.602942 1.50502
internal_weight=62245 13779 13165 9860 48466 3246 1982 1574 6614 2580 4034 408 48426 12095 8354 3741 6485 2856 2823 69 918 3629 1904 248 201 1656 1431 2754 2363
internal_count=62245 13779 13165 9860 48466 3246 1982 1574 6614 2580 4034 408 48426 12095 8354 3741 6485 2856 2823 69 918 3629 1904 248 201 1656 1431 2754 2363
is_linear=0
shrinkage=0.0768785


Tree=94
num_leaves=30
num_cat=0
split_feature=4 0 4 0 1 0 1 1 8 8 4 4 7 4 0 4 4 5 8 1 8 6 0 1 4 4 5 4 5
split_gain=1.27313e+06 3.35332e+06 2.68064e+06 3.84622e+06 2.8001e+06 2.65889e+06 2.87033e+06 2.92041e+06 2.05061e+06 2.02928e+06 2.3188e+06 1.9658e+06 2.01313e+06 1.93283e+06 1.91561e+06 2.47942e+06 2.70571e+06 3.84683e+06 2.61291e+06 2.04092e+06 2.03593e+06 3.56453e+06 3.12208e+06 1.95156e+06 3.10492e+06 5.51358e+06 3.55862e+06 7.85852e+06 2.84051e+06
threshold=16.500000000000004 12.364687500000004 11.500000000000002 36.634175000000006 4.5000000000000009 14.755587500000003 3.5000000000000004 5.5000000000000009 12469.546250000001 19774.942500000001 14.500000000000002 12.500000000000002 17586.040000000005 17.500000000000004 27.5869125 2.5000000000000004 10.500000000000002 1.0000000180025095e-35 16956.198750000003 1.5000000000000002 9860.7500000000018 10460.125000000002 14.380762500000001 4.5000000000000009 6.5000000000000009 3.5000000000000004 1.0000000180025095e-35 7.5000000000000009 1.0000000180025095e-35
decision_type=2 2 2 2 2 2 2 2 2 2 2 2 2 2 2 2 2 2 2 2 2 2 2 2 2 2 2 2 2
left_child=2 13 3 14 -5 -4 -7 8 -8 11 -11 12 -10 -2 15 -1 18 -18 20 -19 21 -17 -23 -16 25 -25 27 -26 -27
right_child=1 -3 5 4 -6 6 7 -9 9 10 -12 -13 -14 -15 23 16 17 19 -20 -21 -22 22 -24 24 26 28 -28 -29 -30
leaf_value=-1.088851782633333 15.538536512817764 0.79677495252186037 18.137688015280791 -6.5632328735928445 3.5766138379917223 -3.2834101230300203 -4.3643129606461519 -1.3008426060474816 -4.6471081421887357 3.0640372133556348 -5.4621022217741482 6.6584668427467122 12.928305329826836 -3.9107870546837131 -3.7138471257468844 -26.05909471821683 5.7826978689251129 1.7640521575201074 4.1282885406839336 -8.4845501273380197 0.98469368123042811 -15.344904244381935 22.330288999763336 0.35660460952440592 -13.925042483520119 0.10726965977625678 2.5452073216177458 1.184811469006408 -5.1812869727282687
leaf_weight=4413 31 16982 42 172 2508 3084 271 7662 195 499 303 857 48 1169 1240 45 216 150 1737 490 8449 26 26 4317 271 801 3030 816 2395
leaf_count=4413 31 16982 42 172 2508 3084 271 7662 195 499 303 857 48 1169 1240 45 216 150 1737 490 8449 26 26 4317 271 801 3030 816 2395
internal_value=-0.0220193 0.51924 -0.245363 0.141728 2.92585 -1.17425 -1.23703 -0.59534 1.89226 2.78371 -0.157185 4.92789 -1.17542 -3.40835 -0.120796 0.453357 1.06434 -3.0885 1.41004 -6.08253 0.857552 -10.2169 3.49269 -0.814597 -0.505477 -1.43535 1.19143 -2.58223 -3.85584
internal_weight=62245 18182 44063 31102 2680 12961 12919 9835 2173 1902 802 1100 243 1200 28422 15552 11139 856 10283 640 8546 97 52 12870 11630 7513 4117 1087 3196
internal_count=62245 18182 44063 31102 2680 12961 12919 9835 2173 1902 802 1100 243 1200 28422 15552 11139 856 10283 640 8546 97 52 12870 11630 7513 4117 1087 3196
is_linear=0
shrinkage=0.0768785


Tree=95
num_leaves=30
num_cat=0
split_feature=8 6 1 7 4 5 1 4 4 4 4 1 8 0 4 4 1 1 4 4 7 0 7 4 4 3 6 0 4
split_gain=1.20751e+06 2.21931e+06 4.78708e+06 2.4383e+06 2.407e+06 2.0148e+06 2.10979e+06 1.93396e+06 5.76777e+06 2.71436e+06 2.58301e+06 2.00857e+06 1.77634e+06 2.08073e+06 4.39799e+06 3.05806e+06 2.31617e+06 1.92243e+06 2.59474e+06 4.9922e+06 1.86487e+06 1.72595e+06 1.53609e+06 1.7237e+06 1.5017e+06 1.58804e+06 2.20014e+06 1.4315e+06 1.41304e+06
threshold=18428.378750000003 18020.820000000003 11.500000000000002 16737.202500000003 6.5000000000000009 1.0000000180025095e-35 10.500000000000002 8.5000000000000018 5.5000000000000009 10.500000000000002 4.5000000000000009 11.500000000000002 25404.773750000004 33.838050000000017 15.500000000000002 20.500000000000004 6.5000000000000009 9.5000000000000018 18.500000000000004 17.500000000000004 25014.987500000003 33.435512500000009 25863.250000000004 17.500000000000004 1.0000000180025095e-35 1.0000000180025095e-35 9860.7500000000018 17.336937500000001 18.500000000000004
decision_type=2 2 2 2 2 2 2 2 2 2 2 2 2 2 2 2 2 2 2 2 2 2 2 2 2 2 2 2 2
left_child=1 24 4 -4 -3 7 -7 8 10 11 -2 -9 13 15 -15 17 22 20 19 -19 -11 -12 23 -16 -1 -26 -27 28 -8
right_child=5 2 3 -5 -6 6 27 9 -10 12 21 -13 -14 14 16 -17 -18 18 -20 -21 -22 -23 -24 -25 25 26 -28 -29 -30
leaf_value=-2.7122047871064323 0.50779355114471791 -8.3524333870334964 -11.151338783016412 13.95767131627346 -2.0666024942800387 0.15358305122559762 3.5013777058085962 6.5137673373444871 -7.3655197333338371 7.2787873223089834 10.345597411909369 28.046483251098305 4.4852765099368384 2.4759997390409989 -5.5957263371453738 -1.6757268636137075 -1.5708010607204212 -2.503411781130199 -4.5803203658165241 27.844081206237732 21.612531272000904 -10.428793910470063 3.9552151740925336 -17.267139199597416 0.38091301973017894 -23.648669942066793 -0.80765571252246138 -8.3237822401978718 -5.8751909311797217
leaf_weight=1236 1556 418 27 149 2597 20788 192 495 529 445 260 27 1059 1081 142 476 490 81 183 53 61 26 42 158 20893 25 8267 288 188
leaf_count=1236 1556 418 27 149 2597 20788 192 495 529 445 260 27 1059 1081 142 476 490 81 183 53 61 26 42 158 20893 25 8267 288 188
internal_value=0.0226601 -0.289827 -2.21864 10.1057 -2.93807 0.389652 0.016926 1.50596 -0.289973 2.39437 1.74204 7.62753 1.75477 0.854521 -0.757877 3.22905 -4.95958 6.06584 1.37149 9.4997 9.00677 8.45702 -9.81486 -11.7427 -0.0875046 0.0236529 -0.87652 -4.23581 -1.13756
internal_weight=62232 33612 3191 176 3015 28620 21456 7164 2371 4793 1842 522 4271 3212 1913 1299 832 823 317 134 506 286 342 300 30421 29185 8292 668 380
internal_count=62232 33612 3191 176 3015 28620 21456 7164 2371 4793 1842 522 4271 3212 1913 1299 832 823 317 134 506 286 342 300 30421 29185 8292 668 380
is_linear=0
shrinkage=0.0768785


Tree=96
num_leaves=30
num_cat=0
split_feature=4 4 8 0 6 4 4 4 5 0 1 8 7 4 5 5 4 6 1 0 8 1 6 1 4 4 1 8 1
split_gain=1.07752e+06 3.45307e+06 4.64451e+06 3.17481e+06 2.75169e+06 2.48868e+06 2.96527e+06 3.68869e+06 1.0217e+07 4.30619e+06 4.18547e+06 2.98509e+06 2.79642e+06 3.8533e+06 1.38117e+07 7.98713e+06 6.72554e+06 2.77338e+06 3.32525e+06 2.71948e+06 2.36759e+06 2.29675e+06 2.68474e+06 2.65462e+06 3.3291e+06 2.24959e+06 3.884e+06 5.21835e+06 2.19758e+06
threshold=16.500000000000004 19.500000000000004 13199.117500000002 16.299787500000004 24810.680000000004 11.500000000000002 6.5000000000000009 4.5000000000000009 1.0000000180025095e-35 33.565950000000008 1.5000000000000002 26799.525000000005 19804.141250000004 9.5000000000000018 1.0000000180025095e-35 1.0000000180025095e-35 7.5000000000000009 14187.902500000002 5.5000000000000009 7.6113000000000008 15176.705000000002 3.5000000000000004 17812.125000000004 6.5000000000000009 14.500000000000002 5.5000000000000009 10.500000000000002 13562.252500000001 1.5000000000000002
decision_type=2 2 2 2 2 2 2 2 2 2 2 2 2 2 2 2 2 2 2 2 2 2 2 2 2 2 2 2 2
left_child=5 2 -2 -3 -4 6 7 -1 9 25 20 -12 13 15 -15 16 19 -17 -19 -8 -10 -7 -23 24 -24 -9 -27 -28 -16
right_child=1 3 4 -5 -6 21 12 8 10 -11 11 -13 -14 14 28 17 -18 18 -20 -21 -22 22 23 -25 -26 26 27 -29 -30
leaf_value=0.24560064218552241 9.6482285832655741 -2.9483560074337016 0.82304869439224826 0.31061340896520467 5.9533368342536486 -2.9017546711118456 10.471904341426233 8.211446588313926 2.6018616927204268 -11.815536670593765 -4.669512937325127 -29.869675458501391 2.9996531596057192 7.0025918846826452 1.7835128366230699 7.1365587294389767 0.40087570690477708 -0.18238809932871475 4.2948138072348536 -11.373059996618432 27.351223046553862 0.85362864471586319 2.9318299942384187 -3.064405224393679 -3.4627976590662812 -1.6104789224509 -7.1164208351291993 27.608265697582155 -5.4811957414884738
leaf_weight=12974 416 2257 6670 8133 681 3108 36 624 265 97 3566 28 3322 800 278 829 1093 1808 2142 523 25 4591 1256 3221 780 455 41 68 2145
leaf_count=12974 416 2257 6670 8133 681 3108 36 624 265 97 3566 28 3322 800 278 829 1093 1808 2142 523 25 4591 1256 3221 780 455 41 68 2145
internal_value=0.020918 0.519326 1.74554 -0.397326 1.29832 -0.184405 0.188344 -0.446314 -2.183 3.75927 -4.14896 -4.86584 1.07572 0.413684 -1.7559 1.50101 -3.10712 3.09394 2.2455 -9.96623 4.73543 -1.07971 -0.504675 -1.6909 0.482022 5.03095 1.51209 14.5467 -4.64769
internal_weight=62232 18157 7767 10390 7351 44075 31119 18143 5169 1285 3884 3594 12976 9654 3223 6431 1652 4779 3950 559 290 12956 9848 5257 2036 1188 564 109 2423
internal_count=62232 18157 7767 10390 7351 44075 31119 18143 5169 1285 3884 3594 12976 9654 3223 6431 1652 4779 3950 559 290 12956 9848 5257 2036 1188 564 109 2423
is_linear=0
shrinkage=0.0768785


Tree=97
num_leaves=30
num_cat=0
split_feature=8 5 5 6 4 4 0 7 4 4 0 4 8 6 1 0 4 4 4 4 6 4 0 4 7 1 1 4 5
split_gain=1.07564e+06 2.62343e+06 2.19525e+06 1.81903e+06 1.75362e+06 4.32438e+06 2.99704e+06 2.57095e+06 1.98479e+06 2.84954e+06 1.53747e+06 1.69906e+06 1.62237e+06 2.6466e+06 3.02432e+06 1.61173e+06 1.60339e+06 2.40584e+06 1.53255e+06 2.02272e+06 1.44e+06 1.97807e+06 1.4251e+06 5.60082e+06 2.55461e+06 2.13371e+06 1.73381e+06 2.83039e+06 2.40343e+06
threshold=12958.413750000002 1.0000000180025095e-35 37.500000000000007 13380.050000000001 15.500000000000002 20.500000000000004 26.163175000000003 14097.305000000002 8.5000000000000018 6.5000000000000009 5.5170250000000012 7.5000000000000009 14833.780000000002 14305.642500000002 10.500000000000002 11.321537500000002 3.5000000000000004 6.5000000000000009 4.5000000000000009 5.5000000000000009 12777.830000000002 16.500000000000004 16.474900000000005 18.500000000000004 14964.805000000002 10.500000000000002 2.5000000000000004 9.5000000000000018 1.0000000180025095e-35
decision_type=2 2 2 2 2 2 2 2 2 2 2 2 2 2 2 2 2 2 2 2 2 2 2 2 2 2 2 2 2
left_child=1 -1 4 -2 8 6 7 -6 9 -3 11 -5 13 -12 -15 -14 -16 -18 -4 -20 21 -8 23 24 -17 -26 27 -24 -29
right_child=3 2 18 10 5 -7 20 -9 -10 -11 12 -13 15 14 16 22 17 -19 19 -21 -22 -23 26 -25 25 -27 -28 28 -30
leaf_value=-3.0521860821499094 2.153734947280237 0.28232344568133949 0.077252674712395206 12.16799790612793 8.656883019018073 -3.7557694659023322 -1.8319070627777161 24.831969439815648 -3.3465518329433186 7.9165032123132084 0.45035804107745092 -4.4077773517352279 -2.8271181792179143 -4.6176771198184206 -9.553390712943477 -3.9560023410661502 11.388670906920751 0.014623604666125022 -14.232916266979085 -2.9644626836030956 -9.2833106547399034 23.784600795991395 6.2744582746987021 -1.7800533023951448 4.1895067553780256 10.891347739958883 0.24395553978563095 1.6588603133620297 -4.8503477124448624
leaf_weight=2221 2549 2607 1049 123 341 277 62 70 732 325 2728 52 1033 1891 76 158 136 573 104 994 70 25 212 1256 847 420 39572 455 1274
leaf_count=2221 2549 2607 1049 123 341 277 62 70 732 325 2728 52 1033 1891 76 158 136 573 104 994 70 25 212 1256 847 420 39572 455 1274
internal_value=0.0193099 -0.764275 -0.000836006 0.14968 0.962585 4.11964 7.96028 11.4118 0.234499 1.12854 0.0491338 7.24262 0.0242704 -1.23469 -2.95248 0.174699 1.05883 2.19639 -2.02416 -4.03178 -1.07513 5.52916 0.244864 1.96273 5.26164 6.41111 0.13392 -2.10942 -3.1374
internal_weight=62232 8877 6656 53355 4509 845 568 411 3664 2932 50806 175 50631 5404 2676 45227 785 709 2147 1098 157 87 44194 2681 1425 1267 41513 1941 1729
internal_count=62232 8877 6656 53355 4509 845 568 411 3664 2932 50806 175 50631 5404 2676 45227 785 709 2147 1098 157 87 44194 2681 1425 1267 41513 1941 1729
is_linear=0
shrinkage=0.0768785


Tree=98
num_leaves=30
num_cat=0
split_feature=4 4 8 1 8 5 0 5 4 5 6 1 1 1 1 4 0 5 4 0 5 6 1 1 8 1 1 8 0
split_gain=950606 2.80023e+06 3.86233e+06 2.49436e+06 2.31332e+06 2.40993e+06 2.28224e+06 4.64378e+06 3.55189e+06 8.76924e+06 4.59791e+06 4.22939e+06 4.91061e+06 3.91487e+06 3.30394e+06 4.65408e+06 5.02423e+06 5.5205e+06 4.39442e+06 3.7514e+06 3.55025e+06 2.76092e+06 2.74461e+06 2.65362e+06 2.55054e+06 2.50097e+06 2.38113e+06 2.27925e+06 2.11885e+06
threshold=16.500000000000004 19.500000000000004 12535.187500000002 2.5000000000000004 24805.592500000002 37.500000000000007 35.558325000000011 1.0000000180025095e-35 18.500000000000004 1.0000000180025095e-35 18136.530000000002 7.5000000000000009 4.5000000000000009 9.5000000000000018 8.5000000000000018 17.500000000000004 30.973912500000001 1.0000000180025095e-35 17.500000000000004 18.664612500000008 1.0000000180025095e-35 17103.631250000002 6.5000000000000009 9.5000000000000018 18826.355000000003 11.500000000000002 1.5000000000000002 19194.935000000001 25.478250000000006
decision_type=2 2 2 2 2 2 2 2 2 2 2 2 2 2 2 2 2 2 2 2 2 2 2 2 2 2 2 2 2
left_child=-1 2 -2 -3 6 -6 8 -8 10 13 -4 12 26 21 18 23 17 27 19 -12 -20 -10 -9 -16 -24 -19 -11 28 -17
right_child=1 3 4 -5 5 -7 7 22 9 11 14 -13 -14 -15 15 16 -18 25 20 -21 -22 -23 24 -25 -26 -27 -28 -29 -30
leaf_value=-0.17502672987719498 11.089382713574373 -3.1345772773775313 0.76046640777776708 0.16814260670786907 2.2298291919275735 13.165837352397117 -8.304205638791224 -3.2149976089427832 34.888967350284446 4.7685628810143292 15.198050649530202 -8.9280373046835759 10.585537931275685 -2.36852002306679 3.6802103695587851 23.509355444710319 18.021387188649207 -9.4842377868828667 -6.825408949611961 -11.506477012238646 9.4229545039152551 10.125990053934878 -6.659918723656248 26.857837829024216 6.6572382332065931 4.5452195541048974 -6.3733003871288867 37.80906625249775 -4.154654568419585
leaf_weight=44075 245 1597 2049 8793 322 189 446 506 29 149 38 611 184 159 38 36 165 162 97 171 440 323 102 126 510 140 474 26 30
leaf_count=44075 245 1597 2049 8793 322 189 446 506 29 149 38 611 184 159 38 36 165 162 97 171 440 323 102 126 510 140 474 26 30
internal_value=0.0178254 0.485962 1.5902 -0.339504 1.2808 6.27465 0.916817 -1.67173 1.66007 -0.991104 3.11377 -4.10276 -0.449429 7.6436 6.39621 10.0997 6.75876 2.04218 2.80691 -6.65111 6.48796 12.1661 0.974142 21.4874 4.43771 -2.98052 -3.70855 18.5297 10.9348
internal_weight=62232 18157 7767 10390 7522 511 7011 1564 5447 1929 3518 1418 807 511 1469 723 559 394 746 209 537 352 1118 164 612 302 623 92 66
internal_count=62232 18157 7767 10390 7522 511 7011 1564 5447 1929 3518 1418 807 511 1469 723 559 394 746 209 537 352 1118 164 612 302 623 92 66
is_linear=0
shrinkage=0.0768785


Tree=99
num_leaves=30
num_cat=0
split_feature=8 5 5 4 4 4 1 6 4 4 8 1 4 4 0 4 6 1 1 0 6 8 1 1 4 4 0 5 0
split_gain=938693 2.28295e+06 1.80671e+06 1.66906e+06 4.19005e+06 1.85848e+06 2.05185e+06 1.65178e+06 1.56286e+06 2.48154e+06 1.4073e+06 1.48072e+06 1.33853e+06 1.35389e+06 1.31936e+06 1.54225e+06 1.29812e+06 1.168e+06 1.12652e+06 1.04286e+06 1.02999e+06 2.45521e+06 1.58516e+06 1.51936e+06 2.73837e+06 1.57582e+06 1.51113e+06 1.48117e+06 2.51825e+06
threshold=12720.500000000002 1.0000000180025095e-35 37.500000000000007 15.500000000000002 20.500000000000004 16.500000000000004 11.500000000000002 13134.338750000001 8.5000000000000018 6.5000000000000009 13674.320000000002 10.500000000000002 4.5000000000000009 5.5000000000000009 5.5170250000000012 7.5000000000000009 14709.320000000002 4.5000000000000009 11.500000000000002 17.336937500000001 14187.902500000002 14833.780000000002 10.500000000000002 4.5000000000000009 7.5000000000000009 5.5000000000000009 26.332625000000004 1.0000000180025095e-35 28.230887500000005
decision_type=2 2 2 2 2 2 2 2 2 2 2 2 2 2 2 2 2 2 2 2 2 2 2 2 2 2 2 2 2
left_child=1 19 3 8 5 6 -5 -2 9 -3 11 -9 -4 -14 15 -12 -13 -11 -19 -1 23 22 -22 -16 25 -25 -27 28 -23
right_child=7 2 12 4 -6 -7 -8 10 -10 17 14 16 13 -15 20 -17 -18 18 -20 -21 21 27 -24 24 -26 26 -28 -29 -30
leaf_value=-1.6504033122789794 2.0838850254142769 0.20686962510482668 0.018150521773943114 3.2586537700661493 -4.1878027635050818 16.222645832357582 21.002971615701263 -3.2980050544527808 -3.2968474380982578 13.810582935776269 12.204346927986348 0.30221332654050781 -13.006301682780851 -3.0853893883162562 3.171765727538987 -3.8629364394188048 15.521359820037775 0.59691681845468236 18.161246063420624 -5.2939963586161047 -3.6500356565953145 2.6283075652477996 0.49345804064339033 -0.22597677695219484 1.7193093145026588 -17.422034118846359 1.3551482294705532 -0.10503197253142486 0.14005157219249667
leaf_weight=1224 2443 2406 988 309 233 130 44 1435 619 116 110 618 90 841 1479 52 35 127 26 748 1703 3493 803 94 651 109 33 33563 7710
leaf_count=1224 2443 2406 988 309 233 130 44 1435 619 116 110 618 90 841 1479 52 35 127 26 748 1703 3493 803 94 651 109 33 33563 7710
internal_value=0.016455 -0.766511 -0.0128517 0.915523 4.27967 8.36439 5.47041 0.130317 0.184277 0.989816 0.0383383 -1.91696 -1.95281 -4.04445 0.12032 7.04695 1.11794 7.99267 3.5817 -3.03246 0.0977137 0.0193672 -2.32233 1.66306 -0.852597 -7.94713 -13.0583 0.150455 0.915869
internal_weight=62232 7901 5929 4010 716 483 353 54331 3294 2675 51888 2088 1919 931 49800 162 653 269 153 1972 49638 47272 2506 2366 887 236 142 44766 11203
internal_count=62232 7901 5929 4010 716 483 353 54331 3294 2675 51888 2088 1919 931 49800 162 653 269 153 1972 49638 47272 2506 2366 887 236 142 44766 11203
is_linear=0
shrinkage=0.0768785


Tree=100
num_leaves=30
num_cat=0
split_feature=8 6 1 5 5 0 4 6 1 4 7 8 0 0 4 6 1 4 5 1 4 4 4 4 7 8 4 0 5
split_gain=1.15242e+06 3.11343e+06 2.64136e+06 1.74194e+06 1.4618e+06 1.36782e+06 1.59501e+06 1.06655e+06 2.5531e+06 2.78837e+06 2.55415e+06 1.17347e+06 1.28039e+06 1.4704e+06 4.92868e+06 2.12484e+06 1.2129e+06 2.027e+06 1.82771e+06 1.66271e+06 2.29702e+06 3.15628e+06 2.01226e+06 1.83065e+06 2.23642e+06 2.01858e+06 1.79978e+06 1.79073e+06 3.36462e+06
threshold=14128.845000000003 14305.642500000002 10.500000000000002 1.0000000180025095e-35 37.500000000000007 5.5170250000000012 7.5000000000000009 14305.642500000002 4.5000000000000009 6.5000000000000009 15250.592500000001 15176.705000000002 11.321537500000002 16.474900000000005 18.500000000000004 19497.628750000003 2.5000000000000004 9.5000000000000018 1.0000000180025095e-35 5.5000000000000009 17.500000000000004 4.5000000000000009 16.500000000000004 12.500000000000002 18388.500000000004 24479.750000000004 19.500000000000004 31.344725000000007 1.0000000180025095e-35
decision_type=2 2 2 2 2 2 2 2 2 2 2 2 2 2 2 2 2 2 2 2 2 2 2 2 2 2 2 2 2
left_child=1 3 -3 -1 -5 6 -2 8 -7 10 -10 -9 -13 14 15 -14 17 -15 -19 20 21 -18 23 24 -23 -25 27 28 -22
right_child=5 2 -4 4 -6 7 -8 11 9 -11 -12 12 13 16 -16 -17 19 18 -20 -21 26 22 -24 25 -26 -27 -28 -29 -30
leaf_value=-1.8159045915597156 13.492779128223324 -5.9403985260811769 2.5423690494851994 0.96617063983991491 -1.0782327070547271 3.9568155484152339 -4.1076941747644327 -1.4366090883256499 -20.703688328039906 0.87755589494475028 -1.8186916974246699 -2.6821940389554415 4.0987204928413989 5.5325660543013022 -1.568405845082335 13.149585044527125 2.9408858604099626 1.6009874814091265 -4.3770334098534347 -0.083791673548420695 19.609459809437066 -2.7839717597929732 -6.616313509736691 3.4376034024922708 1.2726713260564249 -5.5835450456042839 1.419537614305364 1.9960270999903866 5.2199151482217738
leaf_weight=3113 94 1042 274 6204 3100 1284 45 2824 77 567 94 904 1105 195 1155 178 1891 412 1135 28134 120 2134 323 1065 1288 170 2122 541 481
leaf_count=3113 94 1042 274 6204 3100 1284 45 2824 77 567 94 904 1105 195 1155 178 1891 412 1135 28134 120 2134 323 1065 1288 170 2122 541 481
internal_value=0.00292775 -0.618554 -4.17423 -0.24171 0.284996 0.179493 7.79478 0.157531 1.88575 -1.71757 -10.3225 0.081856 0.180768 0.241738 2.07473 5.35441 0.130048 -1.85389 -2.78496 0.220357 1.06465 0.266947 -0.748397 -0.341411 -1.2571 2.19583 2.74388 5.2047 8.09304
internal_weight=62071 13733 1316 12417 9304 48338 139 48199 2022 738 171 46177 43353 42449 2438 1283 40011 1742 1547 38269 10135 6871 4980 4657 3422 1235 3264 1142 601
internal_count=62071 13733 1316 12417 9304 48338 139 48199 2022 738 171 46177 43353 42449 2438 1283 40011 1742 1547 38269 10135 6871 4980 4657 3422 1235 3264 1142 601
is_linear=0
shrinkage=0.0768785


Tree=101
num_leaves=30
num_cat=0
split_feature=8 0 8 8 1 7 8 4 7 6 0 0 4 4 5 4 4 5 0 1 8 4 0 2 6 1 4 8 8
split_gain=1.04885e+06 1.21499e+06 1.47233e+06 932407 894272 887807 823739 3.48325e+06 4.15092e+06 6.69426e+06 2.38263e+06 743027 793465 3.71419e+06 8.09672e+06 6.37232e+06 3.25045e+06 8.60918e+06 3.55866e+06 3.55858e+06 2.30129e+06 2.26229e+06 2.11914e+06 2.07875e+06 2.07258e+06 3.66995e+06 2.0631e+06 2.00857e+06 1.92499e+06
threshold=28494.911250000005 36.725412500000012 29644.963750000006 10935.638750000004 3.5000000000000004 22467.860000000004 9860.7500000000018 14.500000000000002 11798.742500000002 11759.530000000001 17.336937500000001 42.348275000000008 9.5000000000000018 6.5000000000000009 1.0000000180025095e-35 7.5000000000000009 4.5000000000000009 1.0000000180025095e-35 28.674850000000003 1.5000000000000002 20037.753750000003 5.5000000000000009 7.6113000000000008 1.0000000180025095e-35 14305.642500000002 6.5000000000000009 2.5000000000000004 11833.375000000002 25404.773750000004
decision_type=2 2 2 2 2 2 2 2 2 2 2 2 2 2 2 2 2 2 2 2 2 2 2 2 2 2 2 2 2
left_child=3 5 -3 4 6 -2 7 8 10 -10 -1 12 13 16 15 22 26 18 -18 -19 24 -20 -15 28 -16 -26 -5 -24 -21
right_child=1 2 -4 11 -6 -7 -8 -9 9 -11 -12 -13 -14 14 20 -17 17 19 21 23 -22 -23 27 -25 25 -27 -28 -29 -30
leaf_value=15.45313476722577 -10.016928902147663 3.8362595239387751 18.760482630746953 -0.47643344886258993 -0.14333192762383656 1.4855321337853695 -2.4767260105561295 9.563895600032982 -60.237944072478172 -7.14354630827546 -17.153268075440891 2.5038498070533985 -0.26292293480155138 8.7859933932148326 5.8783134569977591 0.44078102358080806 6.9206417576982355 4.1269870595453044 4.1373886096471066 -4.5498067862381522 6.8335656421032054 -6.2561168477062399 7.9413095157074531 4.1108746276229571 -0.66838374064418982 3.9704644427192846 1.6422577958794149 -11.31633840813176 -15.825246313256258
leaf_weight=27 41 167 51 6659 904 1213 664 44 25 32 26 695 34158 37 883 1290 753 311 230 3279 851 268 34 160 1920 2122 4588 547 92
leaf_count=27 41 167 51 6659 904 1213 664 44 25 32 26 695 34158 37 883 1290 753 311 230 3279 851 268 34 160 1920 2122 4588 547 92
internal_value=0.00270267 2.03036 7.32771 -0.0465509 -1.80987 1.10945 -3.65162 -8.71741 -16.0299 -30.4306 -0.542459 0.00502166 -0.0248275 0.313703 1.70765 -2.63435 -0.341811 -1.95313 3.58609 -3.75677 3.14196 -1.4559 -9.05332 -4.45115 2.50408 1.76695 0.387846 -10.1894 -4.85753
internal_weight=62071 1472 218 60599 1722 1254 818 154 110 57 53 58877 58182 24024 7684 1908 16340 5093 1251 3842 5776 498 618 3531 4925 4042 11247 581 3371
internal_count=62071 1472 218 60599 1722 1254 818 154 110 57 53 58877 58182 24024 7684 1908 16340 5093 1251 3842 5776 498 618 3531 4925 4042 11247 581 3371
is_linear=0
shrinkage=0.0768785


Tree=102
num_leaves=30
num_cat=0
split_feature=8 5 5 6 6 1 0 8 7 6 1 4 4 8 4 4 1 5 4 4 4 0 4 4 1 4 0 7 8
split_gain=1.01227e+06 1.8223e+06 1.55721e+06 1.97521e+06 1.36191e+06 1.24874e+06 1.09913e+06 1.10116e+06 1.62026e+06 2.69924e+06 1.66538e+06 1.09682e+06 1.56639e+06 1.37359e+06 1.28023e+06 1.08218e+06 1.01317e+06 911474 1.97624e+06 5.5307e+06 4.97275e+06 4.9643e+06 2.80477e+06 3.50831e+06 5.94385e+06 2.59396e+06 6.2208e+06 3.54744e+06 1.96383e+06
threshold=13264.308750000002 1.0000000180025095e-35 22.500000000000004 13260.195000000002 13380.050000000001 10.500000000000002 5.5170250000000012 14367.1975 17632.202500000003 17203.725000000002 6.5000000000000009 15.500000000000002 20.500000000000004 12405.575000000003 16.500000000000004 7.5000000000000009 10.500000000000002 1.0000000180025095e-35 8.5000000000000018 11.500000000000002 6.5000000000000009 12.945812500000002 18.500000000000004 20.500000000000004 9.5000000000000018 15.500000000000002 25.048087500000005 15362.463750000001 27620.572500000006
decision_type=2 2 2 2 2 2 2 2 2 2 2 2 2 2 2 2 2 2 2 2 2 2 2 2 2 2 2 2 2
left_child=1 -1 11 -4 -2 -5 15 8 9 -8 -10 -3 13 14 16 -6 -13 18 20 -20 21 -9 25 24 28 -21 27 -27 -24
right_child=4 2 3 5 6 -7 7 17 10 -11 -12 12 -14 -15 -16 -17 -18 -19 19 22 -22 -23 23 -25 -26 26 -28 -29 -30
leaf_value=-2.5005740897841116 2.2214605573277186 0.62642676300410838 -0.2589368515580911 -6.3393033673660515 10.235692219529 1.0167608173565397 -0.54398347219493925 26.394173861198205 -0.76456779940994779 -16.038091066833005 -14.983088152290907 2.8151668005631936 -1.9712810718146303 1.2034943070192461 19.851739697420001 -3.776313409998993 15.432910055808181 -0.057636236868319327 5.0921893218936107 0.56160215436249117 -6.0541169144282989 0.36256507821295142 7.4025411845897562 -0.29648929577046768 -4.0510017983287012 -12.681493864448489 -6.2506296001906767 11.355916027180687 27.068785411863853
leaf_weight=2505 1792 2046 4225 563 118 180 2922 44 94 68 101 107 153 138 67 45 58 35168 1842 1970 816 2713 940 1676 320 44 1118 207 31
leaf_count=2505 1792 2046 4225 563 118 180 2922 44 94 68 101 107 153 138 67 45 58 35168 1842 1970 816 2713 940 1676 320 44 1118 207 31
internal_value=0.0024949 -0.704184 -0.107135 -0.901775 0.138889 -4.55722 0.0646021 0.0440855 -1.33917 -0.896358 -8.12903 1.42956 4.57146 7.27697 10.8896 6.36735 7.25049 0.138045 0.725174 1.38622 -0.782305 0.778013 0.303699 2.02369 5.03579 -1.22467 -3.79512 7.14219 8.0304
internal_weight=62071 10042 7537 4968 52029 743 50237 50074 3185 2990 195 2569 523 370 232 163 165 46889 11721 8148 3573 2757 6306 2967 1291 3339 1369 251 971
internal_count=62071 10042 7537 4968 52029 743 50237 50074 3185 2990 195 2569 523 370 232 163 165 46889 11721 8148 3573 2757 6306 2967 1291 3339 1369 251 971
is_linear=0
shrinkage=0.0768785


Tree=103
num_leaves=30
num_cat=0
split_feature=8 6 1 5 6 8 1 0 7 4 4 6 4 0 8 0 0 4 4 1 4 7 5 0 8 0 4 4 1
split_gain=887340 1.70662e+06 2.03225e+06 1.05648e+06 1.05054e+06 2.27308e+06 1.99634e+06 2.12226e+06 1.34815e+06 1.25333e+06 1.23181e+06 1.31344e+06 1.08539e+06 1.06425e+06 1.04432e+06 1.00403e+06 980480 1.11262e+06 6.08856e+06 4.80152e+06 2.03144e+06 1.31275e+06 1.21229e+06 1.03316e+06 1.00803e+06 921439 920112 1.47766e+06 1.16069e+06
threshold=12958.413750000002 13260.195000000002 10.500000000000002 1.0000000180025095e-35 14002.815000000001 14713.491250000001 10.500000000000002 11.104387500000001 13974.971250000002 5.5000000000000009 3.5000000000000004 15597.346250000001 6.5000000000000009 4.2527750000000006 11965.860000000002 17.640050000000002 25.807187500000001 5.5000000000000009 6.5000000000000009 2.5000000000000004 1.0000000180025095e-35 12367.217500000001 1.0000000180025095e-35 14.755587500000003 15229.051250000002 18.664612500000008 16.500000000000004 10.500000000000002 2.5000000000000004
decision_type=2 2 2 2 2 2 2 2 2 2 2 2 2 2 2 2 2 2 2 2 2 2 2 2 2 2 2 2 2
left_child=1 3 26 -1 16 6 15 9 -9 -8 -10 12 25 -7 -4 -6 17 20 19 22 23 -21 -19 -2 -20 -12 27 -3 -28
right_child=4 2 14 -5 5 13 7 8 10 -11 11 -13 -14 -15 -16 -17 -18 18 24 21 -22 -23 -24 -25 -26 -27 28 -29 -30
leaf_value=-1.8736850771353362 -6.1841350725259705 -4.219949149102141 17.249970752350727 0.17893567609173425 -0.70434206684882261 15.700042533627082 21.746558018636904 -5.3527273299882117 -8.473363809452179 4.1098517995490988 20.39477384406419 14.065920143288892 -0.059480485660595668 0.1416472109715477 0.81675155896383111 -4.3329120210752059 3.151872813148489 14.369502583726783 1.51080207478247 -1.0045467362030436 4.6690738674838643 -19.471955776666597 -2.6493453294928053 2.4842318425844478 -7.3887048132949582 3.2870165041846038 7.0192243607255387 -12.269192775612796 -6.5114889996789369
leaf_weight=1982 190 383 26 5875 637 26 42 225 64 55 30 55 409 45288 189 1541 1158 32 2113 26 806 182 109 142 78 49 69 208 82
leaf_count=1982 190 383 26 5875 637 26 42 225 64 55 30 55 409 45288 189 1541 1158 32 2113 26 806 182 109 142 78 49 69 208 82
internal_value=0.00230309 -0.712206 -3.77741 -0.338857 0.120554 0.012647 -1.99895 0.984869 -0.269776 11.7464 1.61435 2.80332 1.53397 0.150574 2.80402 -3.27166 1.20098 0.586755 -0.308253 -9.73917 2.5844 -17.1635 1.21309 -2.47658 1.19398 9.78363 -5.68443 -7.05285 -0.32858
internal_weight=62071 8814 957 7857 53257 48421 3107 929 832 97 607 543 488 45314 215 2178 4836 3678 2540 349 1138 208 141 332 2191 79 742 591 151
internal_count=62071 8814 957 7857 53257 48421 3107 929 832 97 607 543 488 45314 215 2178 4836 3678 2540 349 1138 208 141 332 2191 79 742 591 151
is_linear=0
shrinkage=0.0768785


Tree=104
num_leaves=30
num_cat=0
split_feature=8 0 8 7 8 1 8 4 7 6 0 4 4 5 4 4 5 0 1 8 0 8 4 8 6 4 0 5 2
split_gain=875868 1.0188e+06 1.26735e+06 760048 732264 754852 687105 2.93824e+06 3.49442e+06 5.76925e+06 2.02465e+06 676437 3.37063e+06 6.71075e+06 5.0893e+06 2.78019e+06 7.17538e+06 3.07285e+06 2.87702e+06 2.03781e+06 2.0337e+06 3.21859e+06 2.67404e+06 1.79064e+06 1.89891e+06 1.75214e+06 1.88738e+06 1.73255e+06 1.72759e+06
threshold=28494.911250000005 36.725412500000012 29644.963750000006 22293.040000000005 10935.638750000004 3.5000000000000004 9860.7500000000018 14.500000000000002 11798.742500000002 11759.530000000001 17.336937500000001 9.5000000000000018 6.5000000000000009 1.0000000180025095e-35 7.5000000000000009 4.5000000000000009 1.0000000180025095e-35 33.702512500000012 1.5000000000000002 20037.753750000003 14.912925 14006.300000000001 5.5000000000000009 25300.822500000006 24605.210000000003 2.5000000000000004 30.445050000000005 1.0000000180025095e-35 1.0000000180025095e-35
decision_type=2 2 2 2 2 2 2 2 2 2 2 2 2 2 2 2 2 2 2 2 2 2 2 2 2 2 2 2 2
left_child=4 3 -3 -2 5 6 7 8 10 -10 -1 12 15 14 -14 25 17 20 -18 -15 21 -17 -22 24 28 -6 27 -27 -20
right_child=1 2 -4 -5 11 -7 -8 -9 9 -11 -12 -13 13 19 -16 16 18 -19 23 -21 22 -23 -24 -25 -26 26 -28 -29 -30
leaf_value=14.314760978575972 -10.158008076632605 3.4665739349277698 17.312999678066522 1.3324772789703931 -0.43006479750606952 -0.074405706417612433 -2.2245978125609907 8.8660218575109102 -55.524687366017439 -6.2348756673429762 -15.742527134393622 -0.21364710098988618 -8.0475261514681353 2.3409468164970328 0.43606558871633988 5.3221267947405391 3.6434863940710636 -10.509118430756949 -4.3834084893425107 6.3848558238351529 6.3463345238773385 22.870140889568582 -2.6283994902487113 -14.007607526817477 9.9049246782207661 -0.63217620069052982 -0.72930492209833131 3.6231424988370282 4.0571764189740742
leaf_weight=27 35 167 51 1219 6659 904 664 44 25 32 26 34837 618 4925 1291 297 311 89 3218 866 414 78 373 104 59 744 1487 2357 150
leaf_count=27 35 167 51 1219 6659 904 664 44 25 32 26 34837 618 4925 1291 297 311 89 3218 866 414 78 373 104 59 744 1487 2357 150
internal_value=0.00212603 1.85505 6.70588 1.01177 -0.0428831 -1.60553 -3.29764 -7.92426 -14.6404 -27.8532 -0.430324 0.00282038 0.316509 1.6426 -2.31033 -0.308394 -1.7986 3.25837 -3.44521 2.94568 4.31285 8.97211 2.09274 -4.06956 -3.76797 0.36642 1.52243 2.6022 -4.00749
internal_weight=62071 1472 218 1254 60599 1722 818 154 110 57 53 58877 24040 7700 1909 16340 5093 1251 3842 5791 1162 375 787 3531 3427 11247 4588 3101 3368
internal_count=62071 1472 218 1254 60599 1722 818 154 110 57 53 58877 24040 7700 1909 16340 5093 1251 3842 5791 1162 375 787 3531 3427 11247 4588 3101 3368
is_linear=0
shrinkage=0.0768785


Tree=105
num_leaves=30
num_cat=0
split_feature=3 4 4 0 7 0 4 7 4 1 5 1 8 1 4 8 4 7 0 6 1 8 0 8 1 4 0 4 5
split_gain=830861 1.02615e+06 1.42323e+06 1.70724e+06 2.54006e+06 1.24564e+06 5.7045e+06 2.08521e+06 1.59325e+06 5.60194e+06 3.39639e+06 1.78393e+06 4.2923e+06 1.75443e+06 2.46435e+06 1.60504e+06 1.34151e+06 1.30857e+06 1.70477e+06 1.13652e+06 2.32166e+06 1.69666e+06 1.11401e+06 1.07485e+06 1.06998e+06 971810 1.27569e+06 1.22631e+06 2.1353e+06
threshold=1.0000000180025095e-35 16.500000000000004 14.500000000000002 20.063725000000002 14097.305000000002 20.214325000000002 17.500000000000004 15362.463750000001 17.500000000000004 8.5000000000000018 1.0000000180025095e-35 4.5000000000000009 17919.035000000003 9.5000000000000018 20.500000000000004 19702.692500000001 20.500000000000004 21224.992500000004 32.833125000000003 10263.900000000001 3.5000000000000004 9860.7500000000018 36.911925000000011 14603.223750000003 6.5000000000000009 4.5000000000000009 8.4034250000000021 6.5000000000000009 1.0000000180025095e-35
decision_type=2 2 2 2 2 2 2 2 2 2 2 2 2 2 2 2 2 2 2 2 2 2 2 2 2 2 2 2 2
left_child=-1 2 19 4 -4 6 7 -3 9 11 -11 -7 -13 14 15 17 -15 23 -19 20 -2 -21 25 -10 -16 -23 -27 28 -28
right_child=1 5 3 -5 -6 8 -8 -9 13 10 -12 12 -14 16 24 -17 -18 18 -20 21 -22 22 -24 -25 -26 26 27 -29 -30
leaf_value=0.1473429238644047 -26.852819228389986 2.0428759394297558 -0.83095802072622116 -4.1211265686329766 20.856137960509642 -1.211712914673702 -3.0489153137000407 20.626259437710814 19.531851241090507 -9.2564243930306542 14.419925787033504 -31.610356114014333 -6.5056198398084479 -5.6119357763906708 2.354095674776 3.2045617984938843 1.9962741014787571 32.050226532760071 7.4554000143442165 18.408162104108648 2.5616964289950057 0.12686228414358705 1.3057567530840488 5.6918383328425923 -2.1741527440439503 4.7234676187528644 1.6100319576474003 -1.0514287929481809 -5.4799790157447132
leaf_weight=44460 29 61 158 1279 40 154 1323 86 37 48 141 51 191 292 682 867 258 31 36 28 35 3583 1642 320 563 189 334 4192 1011
leaf_count=44460 29 61 158 1279 40 154 1323 86 37 48 141 51 191 292 682 867 258 31 36 28 35 3583 1642 320 563 189 334 4192 1011
internal_value=-0.0298608 -0.475955 -0.851467 -3.09273 3.55027 0.438539 -1.45255 12.9148 1.1958 -2.48274 8.40688 -7.68006 -11.7963 1.89312 2.74677 5.10021 -2.04299 8.97646 18.8351 -0.551698 -10.7668 -0.492152 -0.540477 7.12624 0.306382 -0.866131 -1.48749 -1.69949 -3.71934
internal_weight=62121 17661 12520 1477 198 5141 1470 147 3671 585 189 396 242 3086 2536 1291 550 424 67 11043 64 10979 10951 357 1245 9309 5726 5537 1345
internal_count=62121 17661 12520 1477 198 5141 1470 147 3671 585 189 396 242 3086 2536 1291 550 424 67 11043 64 10979 10951 357 1245 9309 5726 5537 1345
is_linear=0
shrinkage=0.0768785


Tree=106
num_leaves=30
num_cat=0
split_feature=3 6 8 4 0 8 6 4 4 0 7 0 6 1 8 0 4 0 0 4 5 4 1 0 4 6 4 1 5
split_gain=708021 941792 3.99592e+06 1.85005e+06 1.55052e+06 880342 1.0026e+06 874436 1.21281e+06 1.45483e+06 2.16452e+06 1.07805e+06 968487 1.97841e+06 1.44582e+06 954216 857142 1.13729e+06 1.09784e+06 1.01173e+06 1.81913e+06 901921 856058 998394 3.59122e+06 1.44473e+06 1.3577e+06 4.77371e+06 2.89425e+06
threshold=1.0000000180025095e-35 29644.963750000006 29644.963750000006 2.5000000000000004 35.636150000000008 29644.963750000006 29042.320000000003 16.500000000000004 14.500000000000002 20.063725000000002 14097.305000000002 12.364687500000004 10263.900000000001 3.5000000000000004 9860.7500000000018 36.725412500000012 4.5000000000000009 34.810687500000007 8.4034250000000021 6.5000000000000009 1.0000000180025095e-35 1.5000000000000002 1.5000000000000002 20.214325000000002 17.500000000000004 17149.865000000002 17.500000000000004 8.5000000000000018 1.0000000180025095e-35
decision_type=2 2 2 2 2 2 2 2 2 2 2 2 2 2 2 2 2 2 2 2 2 2 2 2 2 2 2 2 2
left_child=1 5 -3 -4 -5 -1 -7 8 12 10 -10 -9 13 -2 -14 16 17 -16 -18 20 -20 -19 -13 24 25 -24 27 -25 -29
right_child=7 2 3 4 -6 6 -8 11 9 -11 -12 22 14 -15 15 -17 18 21 19 -21 -22 -23 23 26 -26 -27 -28 28 -30
leaf_value=0.12858314254328643 -24.788414237310999 -4.3421311244276035 33.136064037310874 -2.9497879735262993 22.189919722078812 -16.72520351395805 -0.89166958379506556 -4.020423696257069 -0.76707518476999892 -3.8043004813171457 19.252749269640738 6.6978979194522577 16.992970465419432 2.3647570404345672 0.3582291598603905 1.1578639972139995 4.3603345736770116 0.39708379850920322 1.4862550943462174 -1.0011184676699243 -5.0594441902985157 -14.053107504217779 6.9418937044725464 -7.0896321788552958 -3.0734587284381711 28.392887360573148 1.7475808744330685 -8.5448043361394586 13.311343363378024
leaf_weight=44163 29 110 30 29 29 39 60 306 158 1279 40 136 28 35 3474 1730 189 45 334 4111 1009 59 72 396 931 25 3086 48 141
leaf_count=44163 29 110 30 29 29 39 60 306 158 1279 40 136 28 35 3474 1730 189 45 334 4111 1009 59 72 396 931 25 3086 48 141
internal_value=-0.0275651 0.136015 5.42632 17.6369 9.62007 0.11235 -7.12912 -0.439365 -0.786008 -2.85497 3.27733 0.404824 -0.509285 -9.93902 -0.454316 -0.498926 -0.809765 0.12108 -1.39998 -1.59959 -3.43155 -7.80062 0.684892 0.510861 -1.60676 12.4705 1.10387 -2.29187 7.76058
internal_weight=62121 44460 198 88 58 44262 99 17661 12520 1477 198 5141 11043 64 10979 10951 9221 3578 5643 5454 1343 104 4835 4699 1028 97 3671 585 189
internal_count=62121 44460 198 88 58 44262 99 17661 12520 1477 198 5141 11043 64 10979 10951 9221 3578 5643 5454 1343 104 4835 4699 1028 97 3671 585 189
is_linear=0
shrinkage=0.0768785


Tree=107
num_leaves=30
num_cat=0
split_feature=7 6 8 4 8 0 6 4 0 0 4 1 4 1 4 5 5 4 8 1 4 7 8 4 1 1 8 4 7
split_gain=635870 776755 1.96208e+06 1.48184e+06 783849 1.10682e+06 1.19107e+06 640274 635530 623167 1.78176e+06 4.47342e+06 3.70822e+06 2.66215e+06 2.26848e+06 2.52372e+06 1.95891e+06 2.88901e+06 2.13003e+06 1.6784e+06 1.66325e+06 2.11439e+06 1.5021e+06 1.45953e+06 2.02814e+06 1.63871e+06 1.91578e+06 2.19802e+06 1.37373e+06
threshold=29285.471250000006 29644.963750000006 29644.963750000006 1.5000000000000002 29644.963750000006 36.211762500000013 29285.971250000006 19.500000000000004 34.516250000000007 34.810687500000007 12.500000000000002 4.5000000000000009 18.500000000000004 4.5000000000000009 19.500000000000004 22.500000000000004 1.0000000180025095e-35 20.500000000000004 27354.762500000004 8.5000000000000018 16.500000000000004 22649.111250000005 17819.298750000005 14.500000000000002 6.5000000000000009 6.5000000000000009 19376.590000000007 16.500000000000004 16544.376250000005
decision_type=2 2 2 2 2 2 2 2 2 2 2 2 2 2 2 2 2 2 2 2 2 2 2 2 2 2 2 2 2
left_child=1 4 -3 -4 9 6 8 -5 -6 -1 13 -12 19 -11 15 -14 17 -16 -18 23 -21 22 -22 24 -13 -25 28 -28 -27
right_child=-2 2 3 7 5 -7 -8 -9 -10 10 11 12 14 -15 16 -17 18 -19 -20 20 21 -23 -24 25 -26 26 27 -29 -30
leaf_value=-0.14213808444470227 -2.806913860974797 -2.1278168064610146 27.818681683910778 -1.6474689172867101 -6.0703394754748521 8.2039434671427554 1.777048840457625 12.77738485179813 -21.364160696517068 -3.6263727672174717 6.0943532854000519 2.0779214689013599 1.4353915835718718 1.9455842362669444 14.269389581332836 11.319060709598395 -8.1351650129287485 -0.82148468784494133 0.72391270051560264 -0.66993739302672117 -11.428792618623499 22.853569018524411 6.1750194953041317 -5.2203384404036495 -3.2533652484666775 -19.054096957427916 -2.9544335738173175 4.1948261953724488 -4.3520160945982136
leaf_weight=47077 482 120 27 31 26 26 36 44 42 558 598 848 325 5522 128 288 224 181 565 883 34 39 182 1480 839 41 565 462 448
leaf_count=47077 482 120 27 31 26 26 36 44 42 558 598 848 325 5522 128 288 224 181 565 883 34 39 182 1480 839 41 565 462 448
internal_value=-0.0254459 -0.00369562 4.53558 12.3749 -0.0201035 -5.98344 -9.53029 6.81511 -15.5165 -0.00745422 0.438746 -0.305709 -0.813839 1.43421 2.33251 6.07894 0.240917 5.42975 -1.79121 -1.73866 0.909498 6.37868 3.40405 -2.38218 -0.573501 -3.40062 -1.62412 0.261689 -5.58471
internal_weight=62121 61639 222 102 61417 130 104 75 68 61287 14210 8130 7532 6080 1711 613 1098 309 789 5821 1138 255 216 4683 1687 2996 1516 1027 489
internal_count=62121 61639 222 102 61417 130 104 75 68 61287 14210 8130 7532 6080 1711 613 1098 309 789 5821 1138 255 216 4683 1687 2996 1516 1027 489
is_linear=0
shrinkage=0.0768785


Tree=108
num_leaves=30
num_cat=0
split_feature=3 6 4 4 0 7 0 4 7 1 4 4 1 0 4 0 4 5 8 4 4 7 0 8 1 6 1 8 6
split_gain=603223 781689 704832 957890 1.20303e+06 1.84451e+06 931663 1.65751e+06 985634 899456 939996 809356 765384 743733 849102 901856 1.09261e+06 1.51903e+06 756239 1.19858e+06 844864 1.76511e+06 2.82932e+06 1.30576e+06 1.78001e+06 1.24948e+06 748055 722198 787971
threshold=1.0000000180025095e-35 9860.7500000000018 16.500000000000004 14.500000000000002 20.063725000000002 14097.305000000002 17.165762500000003 18.500000000000004 17326.320000000003 3.5000000000000004 15.500000000000002 17.500000000000004 1.5000000000000002 38.470000000000006 4.5000000000000009 8.4034250000000021 6.5000000000000009 1.0000000180025095e-35 17004.695000000003 5.5000000000000009 5.5000000000000009 12498.731250000003 13.862712500000002 11901.013750000002 10.500000000000002 14769.002500000002 10.500000000000002 12600.565000000001 17103.631250000002
decision_type=2 2 2 2 2 2 2 2 2 2 2 2 2 2 2 2 2 2 2 2 2 2 2 2 2 2 2 2 2
left_child=-1 -2 3 13 5 12 7 8 -4 10 -6 -10 -5 14 -3 27 17 -17 20 -20 21 -19 26 -22 -25 -26 -23 -16 -29
right_child=1 2 6 4 9 -7 -8 -9 11 -11 -12 -13 -14 -15 15 16 -18 18 19 -21 23 22 -24 24 25 -27 -28 28 -30
leaf_value=0.12750005139670056 -13.723931247993891 0.27826535509795564 -1.8011484839578134 -6.5450657775231216 -2.7548924615520534 17.783553847531021 0.88841502831820884 -3.1851267455491774 21.349840847830674 -2.4356380662205734 -12.501497550074275 5.8279479065616773 4.1987312218982984 1.4902988971382727 -4.4650944366639198 1.1941848437261977 -0.80852121807780541 -15.697426869830528 -6.1732333718705128 1.4981702244793753 2.234711595394018 2.833576067978048 -6.7015479103854174 -7.9682605996641938 -32.391053352765802 -10.273961635897576 19.394988534880074 9.2992586305382403 -5.714794086489384
leaf_weight=44460 26 3650 78 72 115 40 4121 830 26 1039 119 84 86 1056 45 337 4773 55 255 228 46 27 131 176 36 26 40 119 25
leaf_count=44460 26 3650 78 72 115 40 4121 830 26 1039 119 84 86 1056 45 337 4773 55 255 228 46 27 131 176 36 26 40 119 25
internal_value=-0.0234897 -0.403593 -0.383954 -0.695638 -2.53836 3.0363 0.373936 -1.70874 4.80933 -3.40544 -7.7115 9.49676 -0.697176 -0.449774 -0.655283 -1.19452 -1.35579 -3.28071 -4.75918 -2.55195 -6.74446 -3.51366 -0.129276 -9.6226 -11.9143 -23.1161 12.721 4.03605 6.69265
internal_weight=62121 17661 17635 12496 1471 198 5139 1018 188 1273 234 110 158 11025 9969 6319 6130 1357 1020 483 537 253 198 284 238 62 67 189 144
internal_count=62121 17661 17635 12496 1471 198 5139 1018 188 1273 234 110 158 11025 9969 6319 6130 1357 1020 483 537 253 198 284 238 62 67 189 144
is_linear=0
shrinkage=0.0768785


Tree=109
num_leaves=30
num_cat=0
split_feature=4 4 5 4 1 4 5 0 8 0 1 0 6 1 8 0 0 4 0 4 7 5 4 1 8 8 4 1 7
split_gain=556245 3.01711e+06 5.98857e+06 4.61828e+06 2.30827e+06 2.10533e+06 5.23751e+06 3.056e+06 2.82707e+06 1.94753e+06 1.83451e+06 1.54374e+06 1.50751e+06 2.96279e+06 1.96391e+06 1.4865e+06 1.48045e+06 1.58274e+06 2.21467e+06 2.44676e+06 3.77549e+06 1.52816e+06 1.44429e+06 2.19339e+06 3.61916e+06 1.43772e+06 1.42432e+06 1.40016e+06 1.6335e+06
threshold=6.5000000000000009 9.5000000000000018 1.0000000180025095e-35 7.5000000000000009 4.5000000000000009 4.5000000000000009 1.0000000180025095e-35 32.833125000000003 26436.195000000003 24.4725 1.5000000000000002 14.380762500000001 14187.902500000002 6.5000000000000009 16071.240000000002 17.484650000000006 36.634175000000006 2.5000000000000004 33.838050000000017 3.5000000000000004 26934.638750000002 1.0000000180025095e-35 5.5000000000000009 10.500000000000002 13199.117500000002 27493.246250000004 21.500000000000004 4.5000000000000009 14737.083750000002
decision_type=2 2 2 2 2 2 2 2 2 2 2 2 2 2 2 2 2 2 2 2 2 2 2 2 2 2 2 2 2
left_child=5 2 3 4 -2 16 7 22 10 11 -8 -5 27 -14 -15 -16 17 -1 21 -20 -21 -19 -7 -24 -25 -3 -27 28 -4
right_child=1 25 12 9 -6 6 8 -9 -10 -11 -12 -13 13 14 15 -17 -18 18 19 20 -22 -23 23 24 -26 26 -28 -29 -30
leaf_value=-0.58608910130436342 -0.94974017931516241 -0.29106527843980323 12.727061058066798 -0.53607440843913212 -10.721336201979231 6.5404031126313109 2.975291914033364 -7.8402111232764904 -23.416764856344972 -1.7437303849544967 -3.3519339726399031 8.4409091107286596 0.30630176624630767 0.81895564894718864 12.968428887698479 4.7947802484594515 17.804730403439553 -0.89443061914120403 0.51024833901336664 -28.015307789258074 6.458141235991433 2.2581968602046736 -1.4947278902197934 -7.142341495147285 21.481044895431491 3.6840627039307896 -0.29866287940308112 2.7330215924891736 2.7196680723309923
leaf_weight=7726 213 34116 255 203 434 597 293 147 40 850 3580 256 2461 777 143 1636 28 1205 116 57 28 3696 422 42 69 1104 1022 450 155
leaf_count=7726 213 34116 255 203 434 597 293 147 40 850 3580 256 2461 777 143 1636 28 1205 116 57 28 3696 422 42 69 1104 1022 450 155
internal_value=-0.0216838 0.125518 1.49371 -2.19094 -7.50441 -0.381205 -1.68811 2.58696 -3.08327 0.435354 -2.87327 4.4707 2.72004 2.21026 4.04346 5.4518 0.146395 0.107852 1.15869 -6.75053 -16.6593 1.48307 3.94342 1.03459 10.6506 -0.17019 1.76951 5.69396 8.94378
internal_weight=62121 44075 7833 1956 647 18046 5190 1277 3913 1309 3873 459 5877 5017 2556 1779 12856 12828 5102 201 85 4901 1130 533 111 36242 2126 860 410
internal_count=62121 44075 7833 1956 647 18046 5190 1277 3913 1309 3873 459 5877 5017 2556 1779 12856 12828 5102 201 85 4901 1130 533 111 36242 2126 860 410
is_linear=0
shrinkage=0.0768785


Tree=110
num_leaves=30
num_cat=0
split_feature=8 5 7 4 1 4 8 8 1 0 8 6 0 8 0 5 6 4 0 0 0 6 4 1 7 1 8 5 4
split_gain=666910 779552 689607 646494 1.6844e+06 1.49205e+06 3.43554e+06 1.85124e+06 1.52584e+06 1.81207e+06 1.3664e+06 1.49154e+06 1.90435e+06 1.60826e+06 1.44519e+06 1.32574e+06 1.20455e+06 1.19663e+06 2.13327e+06 2.03831e+06 2.02482e+06 2.8501e+06 2.71857e+06 2.0922e+06 1.86374e+06 1.50025e+06 1.42151e+06 1.40594e+06 1.87079e+06
threshold=28840.893750000003 1.0000000180025095e-35 22828.547500000004 20.500000000000004 1.5000000000000002 16.500000000000004 12535.187500000002 26221.770000000004 1.5000000000000002 11.532250000000001 11833.375000000002 18484.625000000004 18.961100000000005 25103.500000000004 34.734800000000007 1.0000000180025095e-35 28496.550000000003 11.500000000000002 14.567387500000002 38.470000000000006 30.209375000000012 17812.125000000004 12.500000000000002 1.5000000000000002 12238.968750000002 11.500000000000002 11901.013750000002 1.0000000180025095e-35 13.500000000000002
decision_type=2 2 2 2 2 2 2 2 2 2 2 2 2 2 2 2 2 2 2 2 2 2 2 2 2 2 2 2 2
left_child=3 -2 -3 5 -5 17 -7 8 9 -8 -6 12 -12 14 -13 -9 -10 19 -19 -1 22 26 25 24 -24 -20 -22 28 -25
right_child=1 2 -4 4 10 6 7 15 16 -11 11 13 -14 -15 -16 -17 -18 18 20 -21 21 -23 23 27 -26 -27 -28 -29 -30
leaf_value=-0.011207419312698788 5.6684060525455529 -11.837201325708596 1.1587920215860492 -4.6440027506265329 -7.9897867374229792 10.103064968759817 -1.9635035943688504 11.912407779649017 0.16074713689270451 6.2268393140453284 -0.56008178927442076 -2.7860669065346841 3.4815612467501804 0.15365600811581501 -19.826112852056315 2.9878936402105123 -16.411746307283906 21.243026340594248 -4.0159664397518755 2.9961908876269927 -4.4000323280085789 -1.144644912541944 -13.544197845428355 -10.2120535064797 -3.1237619863062025 -11.189435614039061 2.3143548162920728 0.64476351972085577 -1.0825386799976573
leaf_weight=29484 253 25 695 592 136 234 230 120 8578 522 1660 1513 1178 2094 30 546 26 26 687 1395 200 5166 120 172 656 230 2732 2369 580
leaf_count=29484 253 25 695 592 136 234 230 120 8578 522 1660 1513 1178 2094 30 546 26 26 687 1395 200 5166 120 172 656 230 2732 2369 580
internal_value=0.000547253 1.99747 0.707542 -0.0311618 -0.71535 0.059978 0.894694 0.679691 0.400918 3.72181 -0.363548 -0.203367 1.11753 -1.23408 -3.11737 4.59591 0.110668 -0.135399 -0.75607 0.124656 -0.800368 -0.0580915 -2.04901 -1.16279 -4.73517 -5.8152 1.85635 -0.27456 -3.17067
internal_weight=62249 973 720 61276 7203 54073 10256 10022 9356 752 6611 6475 2838 3637 1543 666 8604 43817 12938 30879 12912 8098 4814 3897 776 917 2932 3121 752
internal_count=62249 973 720 61276 7203 54073 10256 10022 9356 752 6611 6475 2838 3637 1543 666 8604 43817 12938 30879 12912 8098 4814 3897 776 917 2932 3121 752
is_linear=0
shrinkage=0.0768785


Tree=111
num_leaves=30
num_cat=0
split_feature=8 8 0 8 7 4 0 4 4 7 4 5 1 6 4 5 6 1 8 1 8 6 1 6 1 1 7 4 4
split_gain=588869 547924 722576 933266 600503 567479 1.65005e+06 3.51115e+06 1.78596e+06 2.00321e+06 3.23884e+06 3.25742e+06 2.83227e+06 3.18284e+06 1.91732e+06 3.28897e+06 4.45654e+06 5.73044e+06 4.37311e+06 2.40778e+06 2.05879e+06 1.55738e+06 1.45467e+06 1.3825e+06 1.36331e+06 1.27689e+06 1.78584e+06 1.97756e+06 1.20434e+06
threshold=10732.750000000002 28840.893750000003 37.009800000000006 29644.963750000006 22467.860000000004 20.500000000000004 16.988500000000002 3.5000000000000004 5.5000000000000009 12568.335000000001 4.5000000000000009 1.0000000180025095e-35 10.500000000000002 12595.042500000001 6.5000000000000009 1.0000000180025095e-35 12529.032500000003 10.500000000000002 13322.755000000003 11.500000000000002 14192.336250000002 13944.175000000001 1.5000000000000002 13260.195000000002 10.500000000000002 1.5000000000000002 12238.968750000002 15.500000000000002 18.500000000000004
decision_type=2 2 2 2 2 2 2 2 2 2 2 2 2 2 2 2 2 2 2 2 2 2 2 2 2 2 2 2 2
left_child=-1 5 4 -4 -3 6 7 -2 9 10 -9 -12 -11 -14 15 18 -17 20 -10 -19 -18 -21 -7 -13 -20 26 -8 -28 -16
right_child=1 2 3 -5 -6 22 25 8 14 12 11 23 13 -15 28 16 17 19 24 21 -22 -23 -24 -25 -26 -27 27 -29 -30
leaf_value=-1.660802541843527 -1.3097435270666842 -10.428283106815778 2.2142652646117034 16.528103118265207 1.4364432384598498 -4.2869787310139582 -11.790130856723305 5.0701298414324336 -6.8508381167922279 3.6516314557464682 7.647315996280529 -12.511484539811457 -1.1385987112290727 18.827814113115348 2.6338732012331056 5.064463001636601 -7.1572939792543799 -32.407076291035366 8.7461857757151655 1.6501475946831077 6.9248359068371323 -18.724098563578124 -0.30845360163694491 3.9920276233824379 25.222779607461757 -0.045552931106465078 -3.5666195019698788 5.6689830423933145 -0.44176704113712134
leaf_weight=1236 2725 26 72 43 832 592 117 603 88 457 90 180 63 188 3241 186 167 60 71 30 97 85 6584 36 51 42517 659 173 980
leaf_count=1236 2725 26 72 43 832 592 117 603 88 457 90 180 63 188 3241 186 167 60 71 30 97 85 6584 36 51 42517 659 173 980
internal_value=0.000505182 0.0341599 1.84391 7.5664 1.07691 0.00483141 0.0919118 1.01561 1.9652 4.18917 1.80109 -4.64084 7.25522 13.8163 1.25393 -2.11206 -4.90886 -9.13446 6.21175 -19.9227 -1.98318 -13.4091 -0.636671 -9.7609 15.6339 -0.107806 -2.89685 -1.64624 1.91979
internal_weight=62249 61013 973 115 858 60040 52864 9398 6673 1617 909 306 708 251 5056 835 625 439 210 175 264 115 7176 216 122 43466 949 832 4221
internal_count=62249 61013 973 115 858 60040 52864 9398 6673 1617 909 306 708 251 5056 835 625 439 210 175 264 115 7176 216 122 43466 949 832 4221
is_linear=0
shrinkage=0.0768785


Tree=112
num_leaves=30
num_cat=0
split_feature=0 4 4 7 7 7 1 2 4 0 4 4 5 4 1 1 1 1 4 0 4 8 0 1 4 1 7 4 0
split_gain=502249 2.07511e+06 2.62632e+06 1.6526e+06 1.63595e+06 1.27344e+06 1.4242e+06 1.09141e+06 1.04003e+06 1.01996e+06 981973 2.78419e+06 6.28928e+06 5.49444e+06 6.13691e+06 3.02044e+06 3.09249e+06 2.81843e+06 6.505e+06 1.30474e+07 5.28303e+06 4.4052e+06 4.0881e+06 3.63535e+06 3.83972e+06 3.38982e+06 3.24759e+06 3.89918e+06 3.55061e+06
threshold=37.599925000000013 14.500000000000002 18.500000000000004 22828.547500000004 21804.658750000006 25404.773750000004 6.5000000000000009 1.0000000180025095e-35 15.500000000000002 39.053500000000007 15.500000000000002 18.500000000000004 1.0000000180025095e-35 17.500000000000004 9.5000000000000018 4.5000000000000009 6.5000000000000009 8.5000000000000018 17.500000000000004 30.870450000000002 16.500000000000004 20787.597500000003 19.272662500000006 4.5000000000000009 17.500000000000004 7.5000000000000009 15416.285000000002 16.500000000000004 23.166150000000005
decision_type=2 2 2 2 2 2 2 2 2 2 2 2 2 2 2 2 2 2 2 2 2 2 2 2 2 2 2 2 2
left_child=10 -2 4 -4 7 6 8 -3 -6 -5 -1 12 13 -12 15 -15 -17 23 20 22 -19 -21 -20 26 -25 -26 -14 -28 -29
right_child=1 2 3 9 5 -7 -8 -9 -10 -11 11 -13 17 14 -16 16 -18 18 19 21 -22 -23 -24 24 25 -27 27 28 -30
leaf_value=-0.30894951175746688 1.5679114424265681 0.27338776905138218 19.938049572370506 0.40896640236225085 -2.0437938287698056 -0.16993199489993022 -0.65367986395806477 -9.6749445391741222 -11.385657164081481 12.042253651817646 -5.8104309760824115 -0.2972043357065407 0.68088228642593296 4.8184788712717364 15.909369028716737 -23.024968906252841 -1.97521963658069 3.5334554077527498 1.5873840529354422 30.579613298000339 13.415451624797603 6.7756999488854106 -13.560763642465551 -5.5944200008164309 -1.1075634341754717 12.627021695737202 23.863520804754984 1.5293400975232523 12.230735971342808
leaf_weight=36464 4489 946 40 192 90 224 152 70 324 58 1048 12632 1006 208 168 60 132 637 165 73 642 124 291 673 324 158 75 492 292
leaf_count=36464 4489 946 40 192 90 224 152 70 324 58 1048 12632 1006 208 168 60 132 637 165 73 642 124 291 673 324 158 75 492 292
internal_value=0.000466344 0.63537 -1.36185 5.42929 -2.45235 -5.07635 -7.01812 -0.412029 -9.35482 3.10789 -0.0746421 0.370347 1.65422 -2.51024 3.57886 -1.59996 -8.55327 3.01322 5.3063 -0.936853 8.49377 15.5964 -8.07953 1.54626 -1.84314 3.39464 3.64533 7.11708 5.51506
internal_weight=62249 6585 2096 290 1806 790 566 1016 414 250 55664 19200 6568 1616 568 400 192 4952 1932 653 1279 197 456 3020 1155 482 1865 859 784
internal_count=62249 6585 2096 290 1806 790 566 1016 414 250 55664 19200 6568 1616 568 400 192 4952 1932 653 1279 197 456 3020 1155 482 1865 859 784
is_linear=0
shrinkage=0.0768785


Tree=113
num_leaves=30
num_cat=0
split_feature=8 7 5 0 0 5 8 0 0 7 4 1 8 4 7 0 0 8 7 8 4 4 5 4 1 8 6 0 4
split_gain=489363 621738 506262 486291 466908 466021 462718 1.25407e+06 1.64203e+06 2.11429e+06 3.53834e+06 1.1775e+06 2.62919e+06 966481 2.35914e+06 3.73187e+06 1.597e+06 1.06288e+06 945136 856412 590876 1.91677e+06 5.36853e+06 4.23755e+06 2.22694e+06 1.99762e+06 2.04968e+06 1.73182e+06 1.87971e+06
threshold=28658.991250000003 22213.500000000004 1.0000000180025095e-35 42.348275000000008 36.461450000000006 37.500000000000007 10460.125000000002 20.607600000000009 18.810362500000004 15076.991250000001 5.5000000000000009 3.5000000000000004 9860.7500000000018 5.5000000000000009 11869.712500000001 11.532250000000001 16.127000000000006 9860.7500000000018 12873.248750000001 9860.7500000000018 9.5000000000000018 6.5000000000000009 1.0000000180025095e-35 7.5000000000000009 5.5000000000000009 14308.921250000001 14124.740000000002 13.309700000000001 3.5000000000000004
decision_type=2 2 2 2 2 2 2 2 2 2 2 2 2 2 2 2 2 2 2 2 2 2 2 2 2 2 2 2 2
left_child=3 -2 4 6 -3 -4 7 8 11 10 -10 13 -13 14 16 -16 17 -1 -15 -9 21 24 23 -23 25 26 -8 -26 -29
right_child=1 2 5 -5 -6 -7 20 19 9 -11 -12 12 -14 18 15 -17 -18 -19 -20 -21 -22 22 -24 -25 27 -27 -28 28 -30
leaf_value=15.977251181361263 -10.008343037721461 3.0659305022722441 -0.39273257041824639 1.9978824562691122 10.843836411737568 3.3350049555689001 0.19082163848573844 13.190847231849194 -43.03187001706069 2.1790223026197215 -4.8499873348543749 22.35133044362507 -1.3862616975400008 -3.374906094621057 1.3397107523967429 -34.726441601549695 -15.022902123899691 -1.4354119774741565 15.1959654339488 0.60912774007907899 -0.2356691237432923 -7.2441147536160448 2.4337461080280862 0.32753669088305526 1.4392308525410302 2.2670824940594065 -6.3972074220240049 -0.34462726101666857 -2.6240310961549027
leaf_weight=26 27 246 588 691 56 299 3541 44 26 34 32 34 146 46 30 39 43 102 25 117 34532 659 5799 1296 1560 3221 303 4883 3804
leaf_count=26 27 246 588 691 56 299 3541 44 26 34 32 34 146 46 30 39 43 102 25 117 34532 659 5799 1296 1560 3221 303 4883 3804
internal_value=0.000430492 1.52754 1.7895 -0.0299951 4.50819 0.863855 -0.0532171 -1.9586 -3.61726 -13.0428 -21.966 -1.85117 3.09751 -4.71535 -7.04637 -19.0455 -2.20461 2.10154 3.16413 4.04761 -0.029431 0.254692 1.25921 -2.22475 -0.195229 0.854865 -0.328474 -0.919238 -1.34277
internal_weight=62249 1216 1189 61033 302 887 60342 744 583 92 58 491 180 311 240 69 171 128 71 161 59598 25066 7754 1955 17312 7065 3844 10247 8687
internal_count=62249 1216 1189 61033 302 887 60342 744 583 92 58 491 180 311 240 69 171 128 71 161 59598 25066 7754 1955 17312 7065 3844 10247 8687
is_linear=0
shrinkage=0.0768785


Tree=114
num_leaves=30
num_cat=0
split_feature=7 6 8 4 4 8 0 8 6 8 0 6 4 4 8 7 4 4 1 4 5 4 1 4 4 7 5 6 8
split_gain=459864 650826 1.54525e+06 551307 808700 449906 1.33352e+06 437226 475458 2.14893e+06 2.25997e+06 2.08583e+06 1.63454e+06 1.20455e+06 1.12071e+06 1.20932e+06 993653 1.63126e+06 3.16419e+06 1.89826e+06 1.71959e+06 1.33673e+06 1.3172e+06 1.17278e+06 1.10166e+06 2.87802e+06 1.25074e+06 1.04642e+06 1.17094e+06
threshold=29285.471250000006 29644.963750000006 29644.963750000006 1.5000000000000002 19.500000000000004 26559.025000000005 35.636150000000008 10732.750000000002 13380.050000000001 14367.1975 27.766275000000004 17456.405000000002 15.500000000000002 6.5000000000000009 13322.755000000003 16158.057500000003 4.5000000000000009 5.5000000000000009 10.500000000000002 6.5000000000000009 1.0000000180025095e-35 9.5000000000000018 2.5000000000000004 15.500000000000002 17.500000000000004 15996.721250000001 1.0000000180025095e-35 14064.355000000001 13139.850000000002
decision_type=2 2 2 2 2 2 2 2 2 2 2 2 2 2 2 2 2 2 2 2 2 2 2 2 2 2 2 2 2
left_child=1 7 -3 -4 -5 6 -2 -1 14 10 11 16 13 -12 15 -9 -10 18 22 20 -19 -21 -18 27 25 26 -25 28 -23
right_child=5 2 3 4 -6 -7 -8 8 9 -11 12 -13 -14 -15 -16 -17 17 19 -20 21 -22 23 -24 24 -26 -27 -28 -29 -30
leaf_value=-1.4269826221299122 -2.6864333984031075 -1.9189681964622241 19.862087839503999 -3.3796801904866078 13.583190624123501 -0.21646130718362067 -20.893972975789094 0.29781199899033217 -3.4743007661977354 0.0954903420329936 -14.494767835706602 -15.425940623514192 -10.784636513501299 -2.1544351011745451 2.3477065759853204 -5.9767596972629526 3.4575727468692596 3.1597409391190161 14.236300353894611 2.6595199481110017 -9.677667139469575 -11.854553556480635 -9.4449124185351678 -7.553072563482301 -2.2575756818169705 19.415392833655705 2.7635766717434342 -8.6286498070899 0.70823681614328704
leaf_weight=1236 199 114 30 26 46 271 27 7578 593 46424 51 57 230 561 1661 186 137 84 133 787 232 53 71 86 508 55 361 198 254
leaf_count=1236 199 114 30 26 46 271 27 7578 593 46424 51 57 230 561 1661 186 137 84 133 787 232 53 71 86 508 55 361 198 254
internal_value=0.000397396 0.0191433 4.23174 11.1061 7.45771 -2.32877 -4.86167 0.00435649 0.0336954 -0.0592207 -1.67286 -0.83612 -5.25931 -3.1828 0.535245 0.147494 -0.601993 -0.0263665 4.97515 -0.677825 -6.26519 0.089164 -0.946641 -1.24606 0.266421 2.82058 0.778718 -4.27103 -1.46058
internal_weight=62249 61752 216 102 72 497 226 61536 60300 50875 4451 3609 842 612 9425 7764 3552 2959 341 2618 316 2302 208 1515 1010 502 447 505 307
internal_count=62249 61752 216 102 72 497 226 61536 60300 50875 4451 3609 842 612 9425 7764 3552 2959 341 2618 316 2302 208 1515 1010 502 447 505 307
is_linear=0
shrinkage=0.0768785


Tree=115
num_leaves=30
num_cat=0
split_feature=3 6 4 4 0 7 1 4 0 4 0 1 6 4 1 7 8 4 4 0 4 8 0 6 6 6 5 0 8
split_gain=519295 1.29962e+06 664973 787221 913623 1.43476e+06 1.30785e+06 898563 729551 1.40115e+06 909181 729886 702474 1.60172e+06 1.39563e+06 1.18991e+06 726732 1.20148e+06 686642 2.27756e+06 1.20434e+06 1.71233e+06 1.13498e+06 1.04104e+06 861616 997045 764429 965677 927539
threshold=1.0000000180025095e-35 9860.7500000000018 16.500000000000004 14.500000000000002 20.402375000000003 14097.305000000002 3.5000000000000004 15.500000000000002 17.165762500000003 18.500000000000004 16.127000000000006 5.5000000000000009 23192.866250000003 21.500000000000004 6.5000000000000009 23004.875000000004 13785.565000000001 20.500000000000004 17.500000000000004 23.460225000000001 18.500000000000004 19627.572500000006 22.735050000000005 19434.398750000004 18590.227500000005 19000.313750000005 1.0000000180025095e-35 20.214325000000002 14945.055000000002
decision_type=2 2 2 2 2 2 2 2 2 2 2 2 2 2 2 2 2 2 2 2 2 2 2 2 2 2 2 2 2
left_child=-1 -2 3 -3 5 -5 7 -6 9 10 -4 18 14 -14 15 -13 17 -16 19 -10 21 26 24 -21 -22 -26 -20 -28 -29
right_child=1 2 8 4 6 -7 -8 -9 11 -11 -12 12 13 -15 16 -17 -18 -19 20 23 22 -23 -24 -25 25 -27 27 28 -30
leaf_value=0.14400040335064232 -16.898175929486676 -0.40533469837101299 7.6997040593373409 -0.47584839507287086 -3.8238675987865962 16.599954368110708 -1.9524690085697101 -13.730775946678703 10.297930223054836 -2.7526736927712214 -5.2076511206752309 -15.415798357266921 3.4987087032688544 -2.1841140569642357 16.62642313679736 3.1430969232404116 -0.88912305454681229 -1.7572023017557612 3.2049771012977235 -3.1646002351122169 0.17336339546663138 -5.9277494737027343 3.5534161339915631 -17.855547734864508 -21.085751023165663 -2.3987135022567116 0.39447080148310992 30.159778950763926 13.379508528210211
leaf_weight=44494 28 11042 139 172 114 35 1018 103 69 840 42 69 802 462 38 29 1228 47 53 137 242 43 689 36 27 45 25 25 88
leaf_count=44494 28 11042 139 172 114 35 1018 103 69 840 42 69 802 462 38 29 1228 47 53 137 242 43 689 36 27 45 25 25 88
internal_value=0.00392573 -0.348451 -0.32221 -0.62595 -2.31529 2.41136 -3.10753 -8.52623 0.410523 -1.43066 4.70463 0.863064 0.105322 1.4216 -1.07383 -9.92388 -0.413273 6.46136 2.23356 -1.51154 2.96623 7.93258 1.80758 -6.22168 -2.02326 -9.40635 11.053 14.0671 17.092
internal_weight=62181 17687 17659 12484 1442 207 1235 217 5175 1021 181 4154 2675 1264 1411 98 1313 85 1479 242 1237 234 1003 173 314 72 191 138 113
internal_count=62181 17687 17659 12484 1442 207 1235 217 5175 1021 181 4154 2675 1264 1411 98 1313 85 1479 242 1237 234 1003 173 314 72 191 138 113
is_linear=0
shrinkage=0.0768785


Tree=116
num_leaves=30
num_cat=0
split_feature=0 4 4 0 7 1 8 5 1 8 0 1 7 4 4 5 8 1 0 4 1 0 7 7 0 7 7 5 7
split_gain=480657 498811 1.68056e+06 4.29382e+06 3.1595e+06 2.79499e+06 2.66713e+06 2.35378e+06 2.34759e+06 2.14638e+06 2.1184e+06 2.23046e+06 2.03258e+06 2.74721e+06 2.3848e+06 3.25628e+06 2.01841e+06 3.45253e+06 2.67163e+06 1.98602e+06 1.69093e+06 1.68741e+06 1.63361e+06 1.63199e+06 1.57863e+06 1.46422e+06 1.44469e+06 1.71392e+06 1.35426e+06
threshold=41.850387500000004 16.500000000000004 18.500000000000004 35.177437500000011 23482.580000000005 11.500000000000002 12405.575000000003 1.0000000180025095e-35 6.5000000000000009 18826.355000000003 22.277837500000004 7.5000000000000009 17435.191250000003 17.500000000000004 17.500000000000004 1.0000000180025095e-35 17565.853750000006 10.500000000000002 32.228762500000009 19.500000000000004 1.5000000000000002 36.375800000000005 18388.500000000004 21804.658750000006 38.755387500000005 20156.097500000007 18277.531250000004 1.0000000180025095e-35 25520.236250000005
decision_type=2 2 2 2 2 2 2 2 2 2 2 2 2 2 2 2 2 2 2 2 2 2 2 2 2 2 2 2 2
left_child=1 -1 3 4 5 6 -3 25 23 -10 -4 19 14 -14 15 -7 18 -18 20 26 -8 -13 -20 24 -9 -5 27 -12 -25
right_child=-2 2 10 7 -6 12 16 8 9 -11 11 21 13 -15 -16 -17 17 -19 22 -21 -22 -23 -24 28 -26 -27 -28 -29 -30
leaf_value=-0.16583562867749416 1.7024544775229113 9.9370684346041198 -1.4860944830589142 -2.6427043764174565 15.468177916684787 -7.7889884215192131 7.1078944927165075 -3.2850333354293282 -5.5952126119617356 5.3775650876536485 12.187282558658655 -1.012570189981882 31.290203852712292 9.3204917154818983 -11.609681592121657 14.468424115669952 5.2320793824287151 -9.214661198070484 -1.2861410804258926 0.83910728007838631 -0.28465348811486579 18.278482382195012 -13.46560682161731 -10.345257127993904 10.497695463692555 -11.87874552604077 5.8774783141077682 -6.5104065394530162 7.3018042547248099
leaf_weight=43046 969 216 4564 219 115 57 212 184 134 493 38 3599 42 169 50 122 949 109 124 3770 1331 27 137 226 67 189 872 122 29
leaf_count=43046 969 216 4564 219 115 57 212 184 134 493 38 3599 42 169 50 122 949 109 124 3770 1331 27 137 226 67 189 872 122 29
internal_value=0.00362393 -0.0232689 0.314556 1.48628 2.92867 2.51877 1.69947 -1.91423 -0.111205 3.03251 -0.152079 0.570328 8.2501 13.6936 3.23446 7.38087 1.07777 3.74371 -0.485737 1.65711 0.731043 -0.868925 -7.67919 -4.00667 0.394022 -6.92116 4.64536 -2.06971 -8.33834
internal_weight=62181 61212 18166 5174 3633 3518 3078 1541 1133 627 12992 8428 440 211 229 179 2862 1058 1804 4802 1543 3626 261 506 251 408 1032 160 255
internal_count=62181 61212 18166 5174 3633 3518 3078 1541 1133 627 12992 8428 440 211 229 179 2862 1058 1804 4802 1543 3626 261 506 251 408 1032 160 255
is_linear=0
shrinkage=0.0768785


Tree=117
num_leaves=30
num_cat=0
split_feature=3 6 8 0 6 4 7 8 8 4 4 1 7 7 8 8 8 5 8 1 6 8 7 7 6 8 0 8 7
split_gain=439623 1.10522e+06 657761 827633 690248 727952 644654 909925 616218 574071 1.39415e+06 797879 712267 1.28603e+06 881278 727437 650677 580184 504243 1.46264e+06 1.72039e+06 1.10823e+06 873292 703491 569696 2.52367e+06 1.55231e+06 1.46943e+06 1.2343e+06
threshold=1.0000000180025095e-35 9860.7500000000018 29644.963750000006 36.634175000000006 23787.875000000004 4.5000000000000009 12050.206250000001 13785.565000000001 9860.7500000000018 17.500000000000004 19.500000000000004 6.5000000000000009 21477.401250000006 23984.870000000006 25638.945000000003 22827.505000000001 24805.592500000002 37.500000000000007 29285.471250000006 6.5000000000000009 29042.320000000003 29644.963750000006 24602.225000000002 27493.246250000004 17203.725000000002 16071.240000000002 30.647925000000004 15869.371250000002 13535.525000000003
decision_type=2 2 2 2 2 2 2 2 2 2 2 2 2 2 2 2 2 2 2 2 2 2 2 2 2 2 2 2 2
left_child=18 -2 4 -4 5 8 7 -7 -3 -6 12 -12 -11 -14 15 -15 -13 -16 24 20 -20 -21 -22 -23 26 -26 -1 28 -28
right_child=1 2 3 -5 9 6 -8 -9 -10 10 11 16 13 14 17 -17 -18 -19 19 21 22 23 -24 -25 25 -27 27 -29 -30
leaf_value=0.11418599280626585 -15.582695086440788 11.991913394049575 -18.638264843075994 0.57907799766481172 -0.17450439775568838 -4.1056399095688905 -0.61220093889580396 3.0943324665147434 0.52637867457749288 15.681498663515187 2.9291068618994696 -7.0188587042410404 -1.98415512239646 3.9758458352061044 -5.9535019879909772 18.653451069619965 -0.10214821657221607 9.8410872484445164 -5.757605223171347 3.0777700907358994 0.68362694349172126 -2.6278533810642148 15.572430976984563 -17.975005841961217 -5.354005261987588 -0.024024820178303433 3.4587116282717822 3.2940091021066538 -1.6294565335121871
leaf_weight=16782 28 28 26 27 1825 635 10907 124 2628 44 524 94 94 29 28 64 555 27 41 108 30 41 104 31 537 23570 410 1939 901
leaf_count=16782 28 28 26 27 1825 635 10907 124 2628 44 524 94 94 29 28 64 555 27 41 108 30 41 104 31 537 23570 410 1939 901
internal_value=0.00334533 -0.320875 -0.296676 -8.8483 -0.270933 -0.501436 -0.762957 -2.92936 0.64725 0.734325 1.87114 0.697687 6.68394 5.04802 9.5144 14.0766 -1.10395 1.80021 0.132228 3.01806 8.02274 -1.8476 12.2391 -9.23566 0.109017 -0.142754 0.412005 1.94985 -0.0381911
internal_weight=62181 17687 17659 53 17606 14322 11666 759 2656 3284 1459 1173 286 242 148 93 649 55 44494 355 175 180 134 72 44139 24107 20032 3250 1311
internal_count=62181 17687 17659 53 17606 14322 11666 759 2656 3284 1459 1173 286 242 148 93 649 55 44494 355 175 180 134 72 44139 24107 20032 3250 1311
is_linear=0
shrinkage=0.0768785


Tree=118
num_leaves=30
num_cat=0
split_feature=0 4 8 7 4 4 0 1 7 5 4 6 6 7 8 6 4 0 8 4 4 4 4 0 6 4 5 0 7
split_gain=411804 468831 641598 1.02031e+06 421457 1.39501e+06 3.49511e+06 1.30758e+06 2.14582e+06 3.167e+06 2.44701e+06 1.96037e+06 1.27727e+06 2.08001e+06 1.39691e+06 1.32894e+06 1.46573e+06 1.27263e+06 1.19558e+06 1.73041e+06 2.44191e+06 1.68358e+06 1.30748e+06 1.17603e+06 2.04712e+06 1.46716e+06 4.57248e+06 2.87789e+06 3.91153e+06
threshold=41.850387500000004 13.500000000000002 25103.500000000004 26334.418750000004 15.500000000000002 10.500000000000002 25.807187500000001 11.500000000000002 15197.830000000002 1.0000000180025095e-35 9.5000000000000018 20258.425000000003 17609.820000000003 15895.125000000002 13322.755000000003 13726.792500000001 12.500000000000002 11.321537500000002 13834.330000000002 5.5000000000000009 4.5000000000000009 7.5000000000000009 3.5000000000000004 39.053500000000007 27496.036250000001 18.500000000000004 1.0000000180025095e-35 23.460225000000001 15895.125000000002
decision_type=2 2 2 2 2 2 2 2 2 2 2 2 2 2 2 2 2 2 2 2 2 2 2 2 2 2 2 2 2
left_child=4 -2 -3 -4 5 7 -7 -1 18 -10 -11 -12 14 -14 -8 16 -16 -6 22 20 -20 -21 -9 25 -25 26 27 28 -19
right_child=1 2 3 -5 17 6 12 8 9 10 11 -13 13 -15 15 -17 -18 23 19 21 -22 -23 -24 24 -26 -27 -28 -29 -30
leaf_value=-0.03156638190047166 2.7106726318911796 5.8195841701123889 -6.8467948530376752 3.5177795297122789 -2.7061890318542439 -2.8035423889949493 -2.2681771992730715 -0.44336825693578319 16.475336145610189 7.2214109433842122 -7.9119974204130186 15.410046968757072 -7.953969640780258 -0.43322820349220525 -2.7347187078289399 1.1982859611423882 8.6845096165790103 -2.3531674893117001 -8.57335693771142 -10.42732480820896 22.601630196409804 1.1331740295692279 4.1459739445547052 -3.9765596487403818 13.574476996460458 -0.021464484539000035 2.4811875202980529 -4.1823970793650229 11.152909009948344
leaf_weight=25902 668 65 144 92 821 3759 590 858 130 284 144 25 228 4652 86 2521 292 349 27 182 33 126 641 606 42 12170 5356 1189 199
leaf_count=25902 668 65 144 92 821 3759 590 858 130 284 144 25 228 4652 86 2521 292 349 27 182 33 126 641 606 42 12170 5356 1189 199
internal_value=0.00308814 1.57554 -0.943621 -2.80637 -0.0218042 -0.16617 -0.856205 0.129003 1.82659 5.89811 2.8627 -4.46199 0.0184565 -0.784607 1.14169 1.83566 6.08648 0.260075 0.55519 -3.37125 8.57289 -5.69803 1.51912 0.382384 -2.83899 0.49075 1.3696 -2.05797 2.55141
internal_weight=62181 969 301 236 61212 40480 12128 28352 2450 583 453 169 8369 4880 3489 2899 378 20732 1867 368 60 308 1499 19911 648 19263 7093 1737 548
internal_count=62181 969 301 236 61212 40480 12128 28352 2450 583 453 169 8369 4880 3489 2899 378 20732 1867 368 60 308 1499 19911 648 19263 7093 1737 548
is_linear=0
shrinkage=0.0768785


Tree=119
num_leaves=30
num_cat=0
split_feature=8 6 1 6 1 5 8 4 4 4 4 4 7 8 0 4 4 1 0 4 6 1 7 4 7 4 4 4 4
split_gain=401532 2.04851e+06 3.24964e+06 1.61995e+06 1.65813e+06 1.49033e+06 1.18746e+06 1.12061e+06 2.59753e+06 2.00818e+06 1.18522e+06 1.07914e+06 1.18352e+06 1.05205e+06 1.28101e+06 2.3645e+06 1.65235e+06 1.34334e+06 1.49371e+06 1.27227e+06 1.33034e+06 1.27e+06 1.29882e+06 1.28147e+06 1.14486e+06 1.06845e+06 1.04593e+06 1.03022e+06 3.936e+06
threshold=17662.007500000003 17251.800000000003 11.500000000000002 18421.718750000004 10.500000000000002 1.0000000180025095e-35 16126.775000000003 9.5000000000000018 10.500000000000002 5.5000000000000009 3.5000000000000004 6.5000000000000009 23191.750000000004 25404.773750000004 33.702512500000012 15.500000000000002 20.500000000000004 9.5000000000000018 11.104387500000001 19.500000000000004 19248.980000000003 7.5000000000000009 25638.945000000003 17.500000000000004 25014.987500000003 22.500000000000004 1.0000000180025095e-35 3.5000000000000004 5.5000000000000009
decision_type=2 2 2 2 2 2 2 2 2 2 2 2 2 2 2 2 2 2 2 2 2 2 2 2 2 2 2 2 2
left_child=1 26 11 4 -2 7 -4 9 -9 10 -5 -3 -13 14 16 -16 17 18 -10 20 -19 22 23 -17 -20 -15 -1 -7 -29
right_child=3 2 6 5 -6 27 -8 8 13 -11 -12 12 -14 25 15 21 -18 19 24 -21 -22 -23 -24 -25 -26 -27 -28 28 -30
leaf_value=-2.2200627593104185 2.0643838530050607 -6.1216419147268919 -7.7911100501839767 -0.36166979821262579 -2.4414498667932447 0.82058307693361732 9.4737967797917335 8.3233460733127824 -5.0440659019259053 -3.9619480354640939 3.9001829589370947 -2.3945397279246903 4.7886270522261789 4.4698376515333349 1.5753039568823497 -3.2149816704257463 -1.4144960710593411 -6.0743556355327311 7.0566826286282023 -8.7714669987211487 6.5378948338549483 0.47260340744716606 3.0636167135654757 -11.331915067081473 19.335474718604953 -1.5204196401030121 0.13065705252738907 -4.3071298263949327 -0.23951236006282675
leaf_weight=1170 4051 440 27 1234 548 3606 184 322 54 670 561 2608 143 849 1022 210 446 68 374 68 181 254 78 254 51 222 25513 1547 15426
leaf_count=1170 4051 440 27 1234 548 3606 184 322 54 670 561 2608 143 849 1022 210 446 68 374 68 181 254 78 254 51 222 25513 1547 15426
internal_value=0.00285073 -0.198933 -1.97557 0.191992 1.52749 -0.0313755 7.26454 0.944795 1.67278 -0.370306 0.970308 -2.58656 -2.02115 1.15439 0.428568 -0.871556 2.33165 4.43062 6.99985 0.548401 3.09359 -4.01313 -6.1153 -7.6583 8.53014 3.22816 0.0275824 -0.359533 -0.610254
internal_weight=62181 30085 3402 32096 4599 27497 211 6918 4453 2465 1795 3191 2751 4131 3060 1818 1242 796 479 317 249 796 542 464 425 1071 26683 20579 16973
internal_count=62181 30085 3402 32096 4599 27497 211 6918 4453 2465 1795 3191 2751 4131 3060 1818 1242 796 479 317 249 796 542 464 425 1071 26683 20579 16973
is_linear=0
shrinkage=0.0768785


Tree=120
num_leaves=30
num_cat=0
split_feature=0 4 7 1 6 2 6 6 4 8 1 6 8 7 8 4 4 5 4 4 7 4 5 4 1 6 1 4 0
split_gain=472072 1.47688e+06 1.44737e+06 1.43361e+06 1.35268e+06 965442 951304 883744 971149 1.50557e+06 912717 863307 863006 782748 725845 696316 2.10111e+06 3.48776e+06 5.46641e+06 2.83506e+06 3.36321e+06 2.09691e+06 4.86442e+06 4.06337e+06 4.90183e+06 2.1191e+06 2.00959e+06 4.62461e+06 9.64016e+06
threshold=37.199950000000008 12.500000000000002 19933.576250000002 4.5000000000000009 27621.875000000004 1.0000000180025095e-35 18883.780000000002 15597.346250000001 16.500000000000004 18826.355000000003 5.5000000000000009 19698.736250000005 28494.911250000005 28339.945000000003 18428.378750000003 15.500000000000002 9.5000000000000018 1.0000000180025095e-35 10.500000000000002 12.500000000000002 17231.855000000003 18.500000000000004 1.0000000180025095e-35 17.500000000000004 9.5000000000000018 18759.422500000004 8.5000000000000018 17.500000000000004 30.973912500000001
decision_type=2 2 2 2 2 2 2 2 2 2 2 2 2 2 2 2 2 2 2 2 2 2 2 2 2 2 2 2 2
left_child=15 3 5 14 11 7 -5 -3 -9 -10 -11 -4 -8 -13 -2 16 -1 18 -18 20 -19 22 23 -17 25 -25 -24 -28 -29
right_child=1 2 4 6 -6 -7 12 8 9 10 -12 13 -14 -15 -16 21 17 19 -20 -21 -22 -23 26 24 -26 -27 27 28 -30
leaf_value=0.10567966168333195 -1.5320941318355492 8.6347337890773019 2.0294394822549644 7.5670071374854935 2.85294766497005 -4.7573754112683648 1.7945684953721115 0.43687962542112718 -10.957370914536357 -0.62889743192448488 10.186618217088542 -2.7184076699110564 15.606706582118582 5.3731755973453215 -11.527969254579608 -5.2315402482503641 8.5566674304687158 -5.8870447034473905 -0.4463042062045347 -0.54469292778800371 -1.3615916161234227 -0.27022636826220536 1.379251737942031 2.8806302510804551 13.711814274636625 -8.7038875863005369 7.3059271662518359 -6.7738946371984214 14.013107588826303
leaf_weight=25258 174 118 285 189 399 126 2738 906 29 61 189 2203 27 73 57 996 490 1819 2137 3920 2081 12588 2865 228 173 158 1260 453 186
leaf_count=25258 174 118 285 189 399 126 2738 906 29 61 189 2203 27 73 57 996 490 1819 2137 3920 2081 12588 2865 228 173 158 1260 453 186
internal_value=0.00504253 0.573822 -0.340685 1.83403 -1.31071 1.6686 2.29014 2.28999 1.65819 5.62417 7.54763 -1.9594 1.92944 -2.45888 -3.99861 -0.0738401 -0.273601 -1.1906 1.23297 -2.00476 -3.47231 0.3034 1.44611 -2.2874 2.95834 -1.86122 2.66475 4.60418 -0.723218
internal_weight=62186 7574 4389 3185 2960 1429 2954 1303 1185 279 250 2561 2765 2276 231 54612 35705 10447 2627 7820 3900 18907 6319 1555 559 386 4764 1899 639
internal_count=62186 7574 4389 3185 2960 1429 2954 1303 1185 279 250 2561 2765 2276 231 54612 35705 10447 2627 7820 3900 18907 6319 1555 559 386 4764 1899 639
is_linear=0
shrinkage=0.0768785


Tree=121
num_leaves=30
num_cat=0
split_feature=0 4 7 4 1 7 7 6 4 2 6 4 8 0 6 8 4 1 0 1 0 8 7 6 6 5 8 6 0
split_gain=402277 1.25853e+06 1.24914e+06 1.29882e+06 1.22166e+06 1.1456e+06 899934 810657 777725 740202 784139 814318 1.21579e+06 833158 720353 664770 656710 1.49871e+06 1.2868e+06 1.17271e+06 1.14704e+06 1.14149e+06 862358 771802 767437 671517 618531 609312 608367
threshold=37.199950000000008 12.500000000000002 20156.097500000007 18.500000000000004 4.5000000000000009 22738.432500000006 27493.246250000004 18883.780000000002 6.5000000000000009 1.0000000180025095e-35 15597.346250000001 16.500000000000004 18826.355000000003 40.323987500000008 19698.736250000005 23004.497500000005 15.500000000000002 6.5000000000000009 39.707900000000009 6.5000000000000009 40.323987500000008 21491.540000000005 21552.790000000005 25643.250000000004 23291.423750000005 1.0000000180025095e-35 18428.378750000003 24605.210000000003 38.755387500000005
decision_type=2 2 2 2 2 2 2 2 2 2 2 2 2 2 2 2 2 2 2 2 2 2 2 2 2 2 2 2 2
left_child=-1 4 9 6 26 -5 14 -6 -9 10 -3 27 -13 -14 -4 -11 19 22 21 20 -16 -19 -18 -21 -23 -22 -2 -12 -10
right_child=1 2 3 5 7 -7 -8 8 28 15 11 12 13 -15 16 -17 17 18 -20 23 25 24 -24 -25 -26 -27 -28 -29 -30
leaf_value=-0.068163341317170584 -1.4143090260693907 7.9709083351328553 1.3753864002409224 14.991832810808795 6.9852669166560313 1.4192068699226665 2.984571999378109 14.304721596048081 0.11747716278959593 -6.8178899466354714 0.64982958108521061 -10.114984366394554 5.0488611629602334 19.25867755048084 5.1254621170328498 7.1441509298701087 -0.6477302182955067 -4.6962921090576124 -14.575076142373625 -3.5898738697967598 3.1494204131648091 4.3557844380188406 -8.4428250355057486 -15.054244050169173 19.029321203939773 -3.4615482387285308 -10.641715925075625 -11.279596825885656 2.5068184562800409
leaf_weight=54612 174 118 269 41 189 355 203 29 983 104 947 29 252 27 208 25 105 63 27 560 123 77 417 37 29 347 57 26 1753
leaf_count=54612 174 118 269 41 189 355 203 29 983 104 947 29 252 27 208 25 105 63 27 560 123 77 417 37 29 347 57 26 1753
internal_value=0.00465487 0.529707 -0.314494 -1.26232 1.69304 2.82445 -1.91886 2.11408 1.78111 1.4602 1.97402 1.42161 4.86676 6.424 -2.35891 -4.11207 -2.86294 -4.72259 1.00945 -1.8157 0.37215 3.49929 -6.87485 -4.3004 8.37024 -1.73144 -3.6912 0.331058 1.64837
internal_weight=62186 7574 4389 2861 3185 396 2465 2954 2765 1528 1399 1281 308 279 2262 129 1993 718 196 1275 678 169 522 597 106 470 231 973 2736
internal_count=62186 7574 4389 2861 3185 396 2465 2954 2765 1528 1399 1281 308 279 2262 129 1993 718 196 1275 678 169 522 597 106 470 231 973 2736
is_linear=0
shrinkage=0.0768785


Tree=122
num_leaves=30
num_cat=0
split_feature=0 4 4 7 7 7 1 4 0 8 4 1 5 1 4 4 5 4 4 7 1 6 8 4 5 4 1 0 7
split_gain=346962 1.12755e+06 1.30959e+06 1.44536e+06 1.18357e+06 896147 1.04616e+06 837287 1.41867e+06 1.12949e+06 655976 919307 666237 604126 559254 1.78181e+06 2.95319e+06 4.4934e+06 2.35156e+06 2.91468e+06 1.77061e+06 2.06397e+06 1.77401e+06 1.634e+06 4.08976e+06 3.16344e+06 4.35102e+06 1.99699e+06 2.92635e+06
threshold=37.599925000000013 14.500000000000002 18.500000000000004 22828.547500000004 21804.658750000006 25404.773750000004 6.5000000000000009 16.500000000000004 40.830850000000005 18826.355000000003 17.500000000000004 5.5000000000000009 1.0000000180025095e-35 6.5000000000000009 15.500000000000002 9.5000000000000018 1.0000000180025095e-35 11.500000000000002 12.500000000000002 17231.855000000003 1.5000000000000002 17760.077500000003 12782.242500000002 18.500000000000004 1.0000000180025095e-35 17.500000000000004 9.5000000000000018 35.636150000000008 15996.721250000001
decision_type=2 2 2 2 2 2 2 2 2 2 2 2 2 2 2 2 2 2 2 2 2 2 2 2 2 2 2 2 2
left_child=14 -2 4 -4 7 6 10 -3 9 -9 12 -12 -6 -5 15 -1 17 -17 19 -18 -20 22 -22 24 25 -16 -27 -26 -29
right_child=1 2 3 13 5 -7 -8 8 -10 -11 11 -13 -14 -15 23 16 18 -19 20 -21 21 -23 -24 -25 27 26 -28 28 -30
leaf_value=0.11743583224965037 1.2159852781566642 -1.6660347000019367 16.704147662851799 3.413715779238419 0.18094551764030201 0.186890033968409 -0.31799059451621192 -12.233606250832292 19.227973277203109 2.9213194958155864 -1.377526554160075 -18.216779807381009 -8.0277518112150332 -6.3712655265395162 -4.6456932111324409 5.3338444087842642 -5.3326811150309359 -1.1750720487012352 -5.0894182729173343 -1.2052195181266403 -1.9407344706906131 -3.4468416997843949 2.2348952714371046 -0.23107611934489708 3.0418412871115437 -1.9130073280639444 12.662910681069041 13.171281999594244 -2.6947190185693404
leaf_weight=25399 4509 646 44 197 78 222 160 32 29 317 27 66 233 46 1033 970 1867 1772 442 2206 852 781 2044 12713 4133 403 173 76 716
leaf_count=25399 4509 646 44 197 78 222 160 32 29 317 27 66 233 46 1033 970 1867 1772 442 2206 852 781 2044 12713 4133 403 173 76 716
internal_value=0.00429702 0.531029 -0.941774 3.88295 -1.7068 -3.95069 -5.57931 0.0155622 2.8894 1.53176 -7.663 -13.328 -5.96898 1.56141 -0.0583081 -0.235801 -1.05635 1.1275 -1.78732 -3.09718 -0.492082 0.0605485 1.00643 0.27675 1.26481 -2.10022 2.46483 2.36417 -1.17222
internal_weight=62186 6606 2097 287 1810 786 564 1024 378 349 404 93 311 243 55580 36333 10934 2742 8192 4073 4119 3677 2896 19247 6534 1609 576 4925 792
internal_count=62186 6606 2097 287 1810 786 564 1024 378 349 404 93 311 243 55580 36333 10934 2742 8192 4073 4119 3677 2896 19247 6534 1609 576 4925 792
is_linear=0
shrinkage=0.0768785


Tree=123
num_leaves=30
num_cat=0
split_feature=8 6 1 6 4 1 4 4 4 5 4 0 8 4 1 1 4 4 8 4 4 8 0 0 7 5 1 4 4
split_gain=323786 1.82438e+06 2.1015e+06 1.40138e+06 1.49397e+06 1.47487e+06 1.26841e+06 2.06056e+06 2.23402e+06 1.09006e+06 1.17126e+06 1.84397e+06 2.02956e+06 2.07498e+06 2.90975e+06 1.389e+06 1.33112e+06 1.11881e+06 1.9052e+06 1.71043e+06 1.01836e+06 1.35002e+06 1.94214e+06 1.68444e+06 1.17952e+06 1.0098e+06 1.48186e+06 1.07002e+06 1.17275e+06
threshold=17716.900000000005 17251.800000000003 11.500000000000002 18421.718750000004 22.500000000000004 10.500000000000002 17.500000000000004 16.500000000000004 10.500000000000002 1.0000000180025095e-35 18.500000000000004 30.321187500000004 20115.087500000005 17.500000000000004 6.5000000000000009 9.5000000000000018 8.5000000000000018 4.5000000000000009 19194.935000000001 17.500000000000004 20.500000000000004 26559.025000000005 34.02792500000001 11.104387500000001 25300.822500000006 37.500000000000007 10.500000000000002 16.500000000000004 19.500000000000004
decision_type=2 2 2 2 2 2 2 2 2 2 2 2 2 2 2 2 2 2 2 2 2 2 2 2 2 2 2 2 2
left_child=1 -1 -3 5 9 -2 7 8 -4 10 11 17 -13 16 -15 20 -14 -5 -19 -20 21 22 23 -12 -24 26 -11 -27 -29
right_child=3 2 6 4 -6 -7 -8 -9 -10 25 15 12 13 14 -16 -17 -18 18 19 -21 -22 -23 24 -25 -26 27 -28 28 -30
leaf_value=0.042247033701967251 1.9673409111209996 -2.2826432384175712 9.7522797863456958 0.80636319514139387 -2.5466490007672866 -2.4315557909517156 -6.2016128953343976 21.597120139613903 -12.724720779757442 -0.43230838308318303 -7.346364792359708 -3.8628353172886016 -0.70029064414947584 -21.258010457944092 0.54010063242887163 -2.2300604179500891 2.5046936972555311 1.1200962016822438 8.7563929300661538 29.095832382387215 1.4152345161483388 14.118657299098706 -4.0277739299854041 9.4786238264888318 6.3309299504372776 -0.13082353878367003 -5.1963487804949606 3.6624929016246077 0.1743695855555833
leaf_weight=26766 3860 3359 89 433 1325 510 44 50 37 12684 39 782 1500 61 89 284 1565 211 192 28 653 95 189 358 99 4207 398 1152 1127
leaf_count=26766 3860 3359 89 433 1325 510 44 50 37 12684 39 782 1500 61 89 284 1565 211 192 28 653 95 189 358 99 4207 398 1152 1127
internal_value=0.00396667 -0.175729 -1.80589 0.175219 -0.0281999 1.45397 5.47329 8.39201 3.15189 0.0994274 0.955586 0.345898 -0.350262 0.504118 -8.32446 2.68167 0.936186 3.56644 6.33933 11.345 3.65511 5.53029 4.3392 7.82579 -0.466969 -0.18838 -0.577247 0.59595 1.93756
internal_weight=62186 30345 3579 31841 27471 4370 220 176 126 26146 6578 4861 3997 3215 150 1717 3065 864 431 220 1433 780 685 397 288 19568 13082 6486 2279
internal_count=62186 30345 3579 31841 27471 4370 220 176 126 26146 6578 4861 3997 3215 150 1717 3065 864 431 220 1433 780 685 397 288 19568 13082 6486 2279
is_linear=0
shrinkage=0.0768785


Tree=124
num_leaves=30
num_cat=0
split_feature=6 8 1 4 8 5 6 5 4 0 4 4 1 4 3 0 1 6 8 0 4 4 4 4 6 1 6 4 0
split_gain=299089 2.17696e+06 2.35407e+06 1.50666e+06 1.06896e+06 953939 902472 891830 1.07447e+06 867306 854984 2.40334e+06 1.35533e+06 1.05712e+06 841856 1.22867e+06 941586 830427 788349 702333 660816 1.35523e+06 2.37756e+06 4.4404e+06 2.65032e+06 1.28313e+06 1.14642e+06 824684 650170
threshold=13380.050000000001 13562.252500000001 9.5000000000000018 4.5000000000000009 12782.242500000002 1.0000000180025095e-35 10935.638750000004 1.0000000180025095e-35 5.5000000000000009 17.640050000000002 15.500000000000002 20.500000000000004 11.500000000000002 16.500000000000004 1.0000000180025095e-35 20.402375000000003 3.5000000000000004 14425.590000000002 12269.812500000002 4.2527750000000006 8.5000000000000018 3.5000000000000004 4.5000000000000009 5.5000000000000009 12653.640000000001 8.5000000000000018 11029.776250000001 6.5000000000000009 13.122825000000001
decision_type=2 2 2 2 2 2 2 2 2 2 2 2 2 2 2 2 2 2 2 2 2 2 2 2 2 2 2 2 2
left_child=4 2 9 -4 5 -1 -6 -5 28 -2 20 12 13 14 -12 -16 -17 18 -10 -3 21 -7 -23 24 -24 27 -22 -25 -9
right_child=1 19 3 7 6 10 -8 8 17 -11 11 -13 -14 -15 15 16 -18 -19 -20 -21 26 22 23 25 -26 -27 -28 -29 -30
leaf_value=-1.6292329304868625 -1.5876334718044216 8.9551502521271775 -9.2907590651103131 -3.1928128175392225 11.254921304286471 -0.70794491773402579 1.4051372990644615 19.822890885940744 13.056802676959913 -5.8080640022444481 5.3880847185525305 -2.0957043613929383 18.20271768091521 12.440284803793906 11.042746300022158 -13.374240276654819 2.1413770187423173 10.921464850516612 -0.3147453897206286 0.015882819523281182 3.0559665569437731 5.9565206682216321 -11.864251386464886 4.1490494508164897 7.2291133822560845 -0.0056190561912591742 -3.3789558607228445 13.05950556047441 3.9408638958276088
leaf_weight=1858 426 52 69 115 56 2380 3013 39 29 887 273 385 48 85 31 53 41 61 257 49676 213 602 227 159 53 267 706 100 25
leaf_count=1858 426 52 69 115 56 2380 3013 39 29 887 273 385 48 85 31 53 41 61 257 49676 213 602 227 159 53 267 706 100 25
internal_value=0.00366171 -0.0725478 -2.62093 1.3905 0.376662 -0.118991 1.58487 2.79165 4.46613 -4.43875 0.380036 2.52898 5.88209 4.65768 2.99556 -2.22971 -6.60679 2.778 1.04111 0.0252305 -0.0381556 0.410513 2.30109 -0.429148 -8.25015 3.73412 -1.88751 7.58938 13.619
internal_weight=62186 51636 1908 595 10550 7481 3069 526 411 1313 5623 916 531 483 398 125 94 347 286 49728 4707 3788 1408 806 280 526 919 259 64
internal_count=62186 51636 1908 595 10550 7481 3069 526 411 1313 5623 916 531 483 398 125 94 347 286 49728 4707 3788 1408 806 280 526 919 259 64
is_linear=0
shrinkage=0.0768785


Tree=125
num_leaves=30
num_cat=0
split_feature=4 4 1 1 8 1 6 4 1 5 5 8 4 5 1 1 4 1 4 4 7 8 0 4 1 7 5 8 8
split_gain=356852 1.06284e+06 3.34251e+06 5.0784e+06 4.93741e+06 2.8348e+06 2.3142e+06 2.46054e+06 6.72149e+06 6.68686e+06 6.01804e+06 2.33503e+06 2.26676e+06 2.78076e+06 1.83975e+06 2.66363e+06 1.83466e+06 2.77709e+06 1.72544e+06 1.61318e+06 1.56675e+06 1.99732e+06 1.95412e+06 1.79716e+06 1.53345e+06 1.39701e+06 2.20531e+06 1.38443e+06 1.35245e+06
threshold=16.500000000000004 18.500000000000004 8.5000000000000018 4.5000000000000009 17763.558750000004 7.5000000000000009 18883.780000000002 17.500000000000004 9.5000000000000018 1.0000000180025095e-35 1.0000000180025095e-35 13834.330000000002 17.500000000000004 1.0000000180025095e-35 7.5000000000000009 2.5000000000000004 17.500000000000004 9.5000000000000018 17.500000000000004 19.500000000000004 15021.217500000001 13199.117500000002 23.166150000000005 17.500000000000004 9.5000000000000018 17890.225000000002 1.0000000180025095e-35 17108.081250000003 15707.040000000003
decision_type=2 2 2 2 2 2 2 2 2 2 2 2 2 2 2 2 2 2 2 2 2 2 2 2 2 2 2 2 2
left_child=-1 2 3 20 12 -6 7 9 -9 11 -10 -4 -5 -14 15 -3 17 -8 -7 25 21 -2 23 -22 -11 26 -17 -26 -24
right_child=1 14 6 4 5 18 16 8 10 24 -12 -13 13 -15 -16 19 -18 -19 -20 -21 22 -23 28 -25 27 -27 -28 -29 -30
leaf_value=-0.11132127214637533 4.519952119883337 -1.6782797008671957 4.5730868836630059 -20.355822197864086 -3.4027002245306885 -1.5277321267093105 5.2821928183100546 23.142149264109907 10.422761766109028 -0.68431391696065169 -14.255601451942145 -13.099633181569416 -22.815152919091187 9.1759969454497039 -1.1503034021157468 15.273023999992294 4.9955862313104369 24.037737379645545 8.9989336173370535 0.928958485230158 7.8495092603192944 -4.3165179907174354 3.4092710561820954 -0.76961260308676294 9.2298975487438284 5.4516306093757168 -6.272045206871514 22.129791281288352 12.244852315224009
leaf_weight=44075 279 2018 65 131 1207 167 102 48 79 79 224 138 26 42 5474 35 518 86 205 4337 210 330 172 448 358 912 142 57 253
leaf_count=44075 279 2018 65 131 1207 167 102 48 79 79 224 138 26 42 5474 35 518 86 205 4337 210 330 172 448 358 912 142 57 253
internal_value=0.0068034 0.293781 1.2191 -0.163474 -3.03252 -1.59431 3.95431 1.66232 -3.58699 4.3058 -7.82131 -7.44088 -14.4443 -3.05591 -0.0804168 0.706332 7.35658 13.8619 4.27325 1.5932 2.8514 -0.268283 4.60568 1.98117 9.13288 4.23858 -2.01172 11.0017 8.66904
internal_weight=62217 18142 5224 3470 1778 1579 1754 1048 351 697 303 203 199 68 12918 7444 706 188 372 5426 1692 609 1083 658 494 1089 177 415 425
internal_count=62217 18142 5224 3470 1778 1579 1754 1048 351 697 303 203 199 68 12918 7444 706 188 372 5426 1692 609 1083 658 494 1089 177 415 425
is_linear=0
shrinkage=0.0768785


Tree=126
num_leaves=30
num_cat=0
split_feature=8 6 0 6 8 0 5 0 8 4 4 4 4 4 0 6 8 4 1 4 4 4 1 8 4 2 4 4 0
split_gain=305227 1.5493e+06 1.46922e+06 1.42987e+06 2.23772e+06 1.29058e+06 912685 1.61189e+06 2.24716e+06 1.6353e+06 1.6031e+06 2.34304e+06 2.47997e+06 1.84002e+06 1.5557e+06 1.54116e+06 1.25159e+06 2.49595e+06 2.05609e+06 1.15753e+06 2.3731e+06 2.46342e+06 2.23435e+06 2.16372e+06 2.77409e+06 2.24972e+06 1.94295e+06 1.89796e+06 3.23518e+06
threshold=12898.248750000001 12529.032500000003 23.910825000000006 14187.902500000002 14833.780000000002 10.455587500000002 1.0000000180025095e-35 27.934425000000001 20707.396250000002 8.5000000000000018 11.500000000000002 17.500000000000004 19.500000000000004 4.5000000000000009 33.365575000000007 19191.542500000003 16666.955000000002 16.500000000000004 4.5000000000000009 9.5000000000000018 6.5000000000000009 4.5000000000000009 6.5000000000000009 23785.500000000004 5.5000000000000009 1.0000000180025095e-35 15.500000000000002 18.500000000000004 35.558325000000011
decision_type=2 2 2 2 2 2 2 2 2 2 2 2 2 2 2 2 2 2 2 2 2 2 2 2 2 2 2 2 2
left_child=1 -1 -3 -2 5 -5 7 10 9 14 13 -12 -13 -6 -9 16 17 -11 -19 20 21 -8 -22 25 -25 -23 -21 28 -28
right_child=3 2 -4 4 6 -7 19 8 -10 15 11 12 -14 -15 -16 -17 -18 18 -20 26 22 23 -24 24 -26 -27 27 -29 -30
leaf_value=0.17320307209710553 1.219317399737998 -1.0234486774648226 -5.6303365736702764 3.1824333917191474 0.18290715583221145 -2.5383683043759597 0.55803366597936654 -2.1135112147916306 1.1245284442132091 0.51550501699178308 -4.5898785303206289 6.3666463320937554 -0.26474683030806379 5.7697571618857904 -9.3920081798762158 -3.2977035050081378 2.542066923663556 1.3118178510261889 -20.65430086840901 -1.3374890354254854 0.11221222285150079 -2.1470236309149904 3.6382117088350738 -12.884673055690261 5.4403350504588852 9.4612232747197424 3.1795490495664285 -0.52956612459187902 -1.1465168052736994
leaf_weight=6477 5756 1581 552 254 526 2828 5590 503 4660 443 410 503 988 1032 265 786 978 40 68 8861 2052 1927 2202 217 63 104 2579 8280 1692
leaf_count=6477 5756 1581 552 254 526 2828 5590 503 4660 443 410 503 988 1032 265 786 978 40 68 8861 2052 1927 2202 217 63 104 2579 8280 1692
internal_value=0.00628036 -0.418604 -2.21567 0.0745225 -0.063185 -2.06689 0.0747549 0.675631 0.0592561 -1.55092 2.05539 0.557077 1.9724 3.88357 -4.62497 -0.531103 0.891099 -2.03929 -12.5187 -0.12577 0.473421 -0.314792 1.93738 -2.42604 -8.76155 -1.55261 -0.465914 0.149418 1.46573
internal_weight=62217 8610 2133 53607 47851 3082 44769 11202 7743 3083 3459 1901 1491 1558 768 2315 1529 551 108 33567 12155 7901 4254 2311 280 2031 21412 12551 4271
internal_count=62217 8610 2133 53607 47851 3082 44769 11202 7743 3083 3459 1901 1491 1558 768 2315 1529 551 108 33567 12155 7901 4254 2311 280 2031 21412 12551 4271
is_linear=0
shrinkage=0.0768785


Tree=127
num_leaves=30
num_cat=0
split_feature=4 4 0 4 7 4 5 0 8 4 0 8 2 5 4 5 4 8 0 1 0 4 6 1 6 1 8 4 6
split_gain=294484 1.02272e+06 2.18322e+06 2.16708e+06 3.81709e+06 1.50743e+06 3.43822e+06 2.41229e+06 1.87864e+06 1.38519e+06 1.46972e+06 3.50405e+06 1.38298e+06 1.32354e+06 1.19432e+06 4.05337e+06 3.63892e+06 1.86556e+06 1.56164e+06 1.30999e+06 1.13309e+06 1.48258e+06 4.48093e+06 2.48086e+06 2.41114e+06 2.42677e+06 1.47426e+06 1.79659e+06 1.64801e+06
threshold=2.5000000000000004 4.5000000000000009 33.904712500000009 3.5000000000000004 26934.638750000002 6.5000000000000009 1.0000000180025095e-35 33.702512500000012 26666.660000000003 5.5000000000000009 14.912925 13445.812500000002 1.0000000180025095e-35 1.0000000180025095e-35 9.5000000000000018 1.0000000180025095e-35 7.5000000000000009 11833.375000000002 7.6113000000000008 8.5000000000000018 12.143862500000003 5.5000000000000009 12653.640000000001 10.500000000000002 12777.830000000002 2.5000000000000004 15499.385000000002 5.5000000000000009 21726.915000000005
decision_type=2 2 2 2 2 2 2 2 2 2 2 2 2 2 2 2 2 2 2 2 2 2 2 2 2 2 2 2 2
left_child=-1 2 13 -4 -5 6 7 9 12 -3 11 -11 20 -2 15 16 17 -7 -19 -20 21 22 -8 -24 -23 -26 -22 -28 -29
right_child=1 5 3 4 -6 14 8 -9 -10 10 -12 -13 -14 -15 -16 -17 -18 18 19 -21 26 24 23 -25 25 -27 27 28 -30
leaf_value=-0.43600999030516208 -0.76414692912738635 5.5296234620985301 -0.073825597626324416 -29.175350694407832 7.0193503377041901 9.1787626375806077 -8.0734367786124306 -10.213907458366563 -21.575344108549338 -5.315379362526679 -2.4616594178565538 15.14579941677475 4.5598524950320742 2.1329731718115728 -0.0774390428752742 1.9951670942458539 0.30461906099573 8.0170340599593626 -6.0589185979334905 -13.726239420804713 -5.7097886013856733 6.0423700615436005 2.6207659625085453 17.311989563955766 -0.93710944006813568 -15.265826203475353 -4.2990186719433794 -0.98936555576314855 7.9902192236151963
leaf_weight=7799 1244 632 108 51 26 41 140 87 30 92 382 107 168 3716 36287 5802 1307 35 382 201 980 114 162 117 160 124 1002 778 143
leaf_count=7799 1244 632 108 51 26 41 140 87 30 92 382 107 168 3716 36287 5802 1307 35 382 201 980 114 162 117 160 124 1002 778 143
internal_value=0.00579753 0.0691159 1.10051 -7.09953 -16.9538 -0.0385803 -1.27414 2.1518 -2.41088 3.03871 0.329142 5.68636 -2.263 1.40636 0.107763 0.972907 -2.04396 -6.70191 -7.75548 -8.70237 -2.57113 -0.0419633 3.14985 8.7816 -3.40219 -7.19331 -3.28293 -2.04615 0.404859
internal_weight=62217 54418 5145 185 77 49273 5218 1300 3918 1213 581 199 3888 4960 44055 7768 1966 659 618 583 3720 817 419 279 398 284 2903 1923 921
internal_count=62217 54418 5145 185 77 49273 5218 1300 3918 1213 581 199 3888 4960 44055 7768 1966 659 618 583 3720 817 419 279 398 284 2903 1923 921
is_linear=0
shrinkage=0.0768785


Tree=128
num_leaves=30
num_cat=0
split_feature=4 0 4 0 0 4 7 1 5 7 7 1 8 6 4 6 5 0 1 7 6 4 1 0 8 0 8 6 0
split_gain=287754 929418 603804 1.32261e+06 1.15484e+06 1.28483e+06 1.78819e+06 1.87091e+06 1.49798e+06 1.37657e+06 1.14174e+06 1.56531e+06 1.44689e+06 1.51009e+06 1.29048e+06 1.10533e+06 1.26262e+06 1.0117e+06 1.27497e+06 972812 928058 899129 1.97566e+06 835141 1.43722e+06 858004 798369 788513 748126
threshold=16.500000000000004 11.947975000000001 11.500000000000002 14.755587500000003 21.634537500000004 14.500000000000002 15142.560000000003 1.5000000000000002 1.0000000180025095e-35 13974.971250000002 13757.548750000002 3.5000000000000004 13785.565000000001 12715.350000000002 12.500000000000002 18590.227500000005 1.0000000180025095e-35 38.755387500000005 4.5000000000000009 11208.772500000001 13134.338750000001 14.500000000000002 6.5000000000000009 17.987625000000005 17153.420000000002 18.335037500000002 21491.540000000005 24605.210000000003 27.5869125
decision_type=2 2 2 2 2 2 2 2 2 2 2 2 2 2 2 2 2 2 2 2 2 2 2 2 2 2 2 2 2
left_child=2 -2 17 -4 5 23 7 9 -8 -7 12 -12 13 -6 -14 -13 26 28 -19 -15 -9 22 -18 24 -5 -25 -17 -24 -1
right_child=1 -3 3 4 10 6 8 20 -10 -11 11 15 14 19 -16 16 21 18 -20 -21 -22 -23 27 25 -26 -27 -28 -29 -30
leaf_value=0.36346482692379423 -2.0103758338134399 0.39623665334771718 13.972460920081669 -6.3448037416670466 1.7237984573663618 -8.5883623790250638 -6.2669209906336043 3.716848138369147 15.656111471456267 6.0594477880049089 -3.855919915368959 0.80179270540973646 -2.8151857047474103 -11.473980636142333 5.6121137018222482 -1.4580253008163684 1.8697402681755426 -9.8093206543167035 2.7189566942184427 -2.0094718784836978 -2.9291140576076313 -3.5234937250693328 -2.1667543709978112 -15.742804481549971 3.5618338019183402 -4.7028610551189489 2.6353458943673767 -8.4218046498149111 -0.40654606268293841
leaf_weight=15497 1004 17138 37 155 1004 241 25 355 70 45 825 3061 131 74 596 455 901 50 1206 484 191 1201 1220 44 196 765 739 132 14375
leaf_count=15497 1004 17138 37 155 1004 241 25 355 70 45 825 3061 131 74 596 455 901 50 1206 484 191 1201 1220 44 196 765 739 132 14375
internal_value=0.00535183 0.263052 -0.100722 -0.541934 -0.583532 -2.23936 -0.10555 -1.24651 9.88689 -6.28364 -0.264239 -0.673181 1.2604 -0.0582364 4.09358 -0.332571 -1.07962 0.0827908 2.22022 -3.26462 1.39198 -1.82461 -0.918989 -3.94457 -0.812892 -5.3033 1.07548 -2.77745 -0.00707971
internal_weight=62217 18142 44075 12947 12910 2087 927 832 95 286 10823 8534 2289 1562 727 7709 4648 31128 1256 558 546 3454 2253 1160 351 809 1194 1352 29872
internal_count=62217 18142 44075 12947 12910 2087 927 832 95 286 10823 8534 2289 1562 727 7709 4648 31128 1256 558 546 3454 2253 1160 351 809 1194 1352 29872
is_linear=0
shrinkage=0.0768785


Tree=129
num_leaves=30
num_cat=0
split_feature=8 6 7 5 5 4 8 6 0 4 0 8 6 8 4 1 4 0 1 5 0 8 6 4 4 4 4 4 1
split_gain=298455 1.40313e+06 1.19345e+06 796889 909469 1.11332e+06 954061 780774 766553 815863 993013 744386 882401 1.49057e+06 1.19829e+06 2.21095e+06 1.53406e+06 1.08236e+06 925323 795991 1.35154e+06 1.8922e+06 1.60366e+06 1.28714e+06 1.94987e+06 2.09934e+06 1.55957e+06 1.24805e+06 1.09723e+06
threshold=12782.242500000002 13134.338750000001 15626.695000000002 1.0000000180025095e-35 22.500000000000004 3.5000000000000004 11698.510000000002 10935.638750000004 26.899262500000003 15.500000000000002 18.664612500000008 13674.320000000002 14305.642500000002 14833.780000000002 7.5000000000000009 7.5000000000000009 5.5000000000000009 24.322087500000006 11.500000000000002 1.0000000180025095e-35 27.934425000000001 20037.753750000003 19191.542500000003 11.500000000000002 17.500000000000004 19.500000000000004 3.5000000000000004 8.5000000000000018 7.5000000000000009
decision_type=2 2 2 2 2 2 2 2 2 2 2 2 2 2 2 2 2 2 2 2 2 2 2 2 2 2 2 2 2
left_child=2 7 3 -1 5 -5 8 -2 9 -7 -11 -3 14 -14 15 -13 -17 18 -18 20 23 22 27 26 -25 -26 -15 28 -22
right_child=1 11 -4 4 -6 6 -8 -9 -10 10 -12 12 13 19 -16 16 17 -19 -20 -21 21 -23 -24 24 25 -27 -28 -29 -30
leaf_value=-1.550850931149951 11.243721077862935 -1.4467881217800267 -4.1940189021981222 -0.68684900479454036 -0.448678144101119 4.5191037182202427 1.1744736338060029 1.7147748189051542 -2.3367805808733713 0.028050638160455225 15.352193587165935 1.5398410549216379 -1.9444166828740095 -0.51390710823523633 2.5117387473199053 0.55695616474657705 -21.330138950004986 -2.0278372710870078 -7.7134506487221852 -0.1217580365861802 -8.4220627172058542 0.93935637533650784 -4.6645145636042162 -4.1866667218689422 5.8825572211938759 -0.22591147535177114 5.0069137885926951 0.67418695225567593 -0.89189825632638353
leaf_weight=1928 52 2053 469 775 3746 318 690 2242 64 33 103 683 2292 412 1854 110 65 54 54 33462 188 5052 729 404 502 985 1137 1469 292
leaf_count=1928 52 2053 469 775 3746 318 690 2242 64 33 103 683 2292 412 1854 110 65 54 54 33462 188 5052 729 404 502 985 1137 1469 292
internal_value=0.00494039 0.0702031 -0.429483 -0.198901 0.256075 1.58739 3.04645 1.93078 5.54001 6.65039 11.6338 -0.0121984 0.047009 -0.032368 1.36782 -0.827652 -6.54143 -11.0548 -15.1511 0.065822 0.627756 0.0636217 -1.58844 1.89542 0.549502 1.83626 3.5385 -0.437866 -3.84121
internal_weight=62217 54091 8126 7657 5729 1983 1208 2294 518 454 136 51797 49744 46924 2820 966 283 173 119 44632 11170 7730 2678 3440 1891 1487 1549 1949 480
internal_count=62217 54091 8126 7657 5729 1983 1208 2294 518 454 136 51797 49744 46924 2820 966 283 173 119 44632 11170 7730 2678 3440 1891 1487 1549 1949 480
is_linear=0
shrinkage=0.0768785


Tree=130
num_leaves=30
num_cat=0
split_feature=7 8 0 0 8 7 1 8 7 7 6 0 8 8 0 6 8 0 8 4 4 7 7 6 8 8 4 0 4
split_gain=446795 372967 674581 1.35116e+06 1.76557e+06 1.56032e+06 727580 1.94299e+06 863239 1.77683e+06 1.34993e+06 840204 1.19105e+06 580216 497337 371934 1.18571e+06 1.49557e+06 1.07461e+06 944702 2.37001e+06 2.39415e+06 878476 840969 1.77218e+06 799511 772882 930587 822845
threshold=29644.963750000006 10460.125000000002 21.293975 18.810362500000004 9860.7500000000018 14097.305000000002 3.5000000000000004 9860.7500000000018 13107.803750000001 11869.712500000001 10844.745000000001 16.127000000000006 9860.7500000000018 9860.7500000000018 14.912925 12529.032500000003 13080.473750000003 23.910825000000006 12469.546250000001 19.500000000000004 15.500000000000002 12812.930000000002 14097.305000000002 14002.815000000001 14430.522500000001 16904.042500000007 3.5000000000000004 27.239950000000004 5.5000000000000009
decision_type=2 2 2 2 2 2 2 2 2 2 2 2 2 2 2 2 2 2 2 2 2 2 2 2 2 2 2 2 2
left_child=1 2 3 6 5 -5 8 -8 9 11 14 12 -1 -4 -11 18 17 19 -3 20 -17 -22 -23 25 26 -18 -25 28 -28
right_child=-2 15 13 4 -6 -7 7 -9 -10 10 -12 -13 -14 -15 -16 16 23 -19 -20 -21 21 22 -24 24 -26 -27 27 -29 -30
leaf_value=15.135715228754984 -3.3376204601416499 0.080161993052480257 11.890797718284389 -34.120497658537047 -1.1307256660481331 -7.4862681659803956 19.347663713521747 -1.0852080882505462 8.4044820941364122 2.2053325425579913 -24.098624961347848 -9.1602409210626821 -1.4590631540641887 0.26526608529390011 -12.831581458412057 -1.3487676286490231 1.2528240104415749 -4.6891197288949797 2.5288462554506776 -6.3202217725583418 -3.6225056812394367 5.9544045498656821 15.62190142097354 -7.3347586586018654 0.062171114780180309 -9.0539486896146748 3.9921037311217344 -4.5671491115832978 -1.4908034588367871
leaf_weight=34 236 5128 34 26 56 26 34 144 33 26 40 48 103 100 26 1502 3868 691 1335 154 107 122 102 161 46102 45 186 523 1242
leaf_count=34 236 5128 34 26 56 26 34 144 33 26 40 48 103 100 26 1502 3868 691 1335 154 107 122 102 161 46102 45 186 523 1242
internal_value=0.00108453 0.0137936 -1.71366 -2.82179 -10.6027 -20.8034 -1.09977 2.8177 -3.34916 -4.74942 -13.4807 -0.407355 2.65935 3.21503 -5.31312 0.0343759 -0.0306712 -1.60832 0.585963 -0.53694 -0.0510561 5.83765 10.3566 0.0503798 -0.0375897 1.13429 -2.21523 -1.79276 -0.776643
internal_weight=62234 61998 730 596 108 52 488 178 310 277 92 185 137 134 52 61268 54805 2678 6463 1987 1833 331 224 52127 48214 3913 2112 1951 1428
internal_count=62234 61998 730 596 108 52 488 178 310 277 92 185 137 134 52 61268 54805 2678 6463 1987 1833 331 224 52127 48214 3913 2112 1951 1428
is_linear=0
shrinkage=0.0768785


Tree=131
num_leaves=30
num_cat=0
split_feature=7 8 8 6 8 6 1 8 1 0 6 0 4 4 0 6 4 7 4 1 0 0 3 1 0 4 4 4 5
split_gain=392346 390971 555251 469630 364941 1.82817e+06 1.88668e+06 1.6149e+06 1.30675e+06 1.49445e+06 1.24637e+06 1.19878e+06 1.18063e+06 1.00585e+06 926556 920288 1.02919e+06 1.55526e+06 1.22622e+06 2.78296e+06 1.0645e+06 1.22724e+06 1.52252e+06 848026 2.13478e+06 1.75238e+06 1.44437e+06 2.0141e+06 1.20489e+06
threshold=29285.471250000006 24479.750000000004 21970.117500000004 26561.930000000004 17004.695000000003 15387.295 9.5000000000000018 15286.425000000001 2.5000000000000004 32.647787500000007 17251.800000000003 30.445050000000005 17.500000000000004 1.0000000180025095e-35 14.206137500000002 16512.815000000006 17.500000000000004 17481.960000000003 16.500000000000004 4.5000000000000009 19.738912500000005 31.65785 1.0000000180025095e-35 10.500000000000002 18.664612500000008 18.500000000000004 16.500000000000004 10.500000000000002 1.0000000180025095e-35
decision_type=2 2 2 2 2 2 2 2 2 2 2 2 2 2 2 2 2 2 2 2 2 2 2 2 2 2 2 2 2
left_child=4 2 -2 -4 5 13 7 8 -7 -10 11 -6 -13 14 -1 -9 18 -18 -17 -20 -19 22 -22 -12 25 26 27 28 -25
right_child=1 -3 3 -5 10 6 -8 15 9 -11 23 12 -14 -15 -16 16 17 20 19 -21 21 -23 -24 24 -26 -27 -28 -29 -30
leaf_value=-4.2846831465335384 0.51984048915938386 -0.96127660412066307 -5.676032915104412 -18.871081210385952 0.33846893192999106 -0.38588980098072934 0.26423086780275878 0.0022216853436893432 -7.6632504534234069 0.14629504215192371 0.12880537094028874 3.0174470262199247 16.120894231678722 0.35827057656925437 0.25646539294678039 -2.7874848785080495 -3.017297278551947 -1.4566666140032942 3.7557138692694036 -21.959344292744355 8.0569132715763825 -0.10186309995725708 30.9891945920469 15.722057005920108 -5.523104471320031 -3.3630889344685913 8.7448921694873185 -8.4302618887136784 1.6416415101400821
leaf_weight=546 45 362 44 25 1700 327 3293 1693 709 182 30251 1255 42 17832 517 1425 244 63 42 61 44 38 28 45 555 391 192 105 178
leaf_count=546 45 362 44 25 1700 327 3293 1693 709 182 30251 1255 42 17832 517 1425 244 63 42 61 44 38 28 45 555 391 192 105 178
internal_value=0.00100115 -2.19771 -6.12394 -10.4568 0.0179478 -0.193784 -1.15628 -2.11957 -4.54253 -6.06803 0.182898 1.68147 3.44177 0.22132 -2.07605 -1.30837 -2.44915 0.936068 -3.373 -11.4736 6.51191 11.0757 16.975 0.0412948 -1.76449 0.525333 3.44913 0.349168 4.48298
internal_weight=62234 476 114 69 61758 27044 8149 4856 1218 891 34714 2997 1297 18895 1063 3638 1945 417 1528 103 173 110 72 31717 1466 911 520 328 223
internal_count=62234 476 114 69 61758 27044 8149 4856 1218 891 34714 2997 1297 18895 1063 3638 1945 417 1528 103 173 110 72 31717 1466 911 520 328 223
is_linear=0
shrinkage=0.0768785


Tree=132
num_leaves=30
num_cat=0
split_feature=7 8 0 0 8 1 8 7 7 0 4 6 0 8 0 7 7 4 0 0 8 7 4 8 4 1 4 5 4
split_gain=338746 327103 578569 1.36837e+06 1.39184e+06 620932 1.65625e+06 736559 1.51234e+06 1.23451e+06 2.72353e+06 793290 2.21152e+06 660528 466161 783158 550220 351093 1.19632e+06 927438 1.83618e+06 1.29251e+06 1.45568e+06 978662 1.67875e+06 1.6385e+06 929333 2.77688e+06 2.01494e+06
threshold=29644.963750000006 10460.125000000002 20.954000000000004 18.810362500000004 9860.7500000000018 3.5000000000000004 9860.7500000000018 13107.803750000001 11869.712500000001 11.532250000000001 5.5000000000000009 10844.745000000001 15.778450000000001 9860.7500000000018 31.57845 11674.021250000002 13294.360000000002 9.5000000000000018 38.899400000000007 27.5869125 16228.712500000001 16978.861250000005 1.5000000000000002 18195.390000000003 6.5000000000000009 7.5000000000000009 5.5000000000000009 1.0000000180025095e-35 3.5000000000000004
decision_type=2 2 2 2 2 2 2 2 2 2 2 2 2 2 2 2 2 2 2 2 2 2 2 2 2 2 2 2 2
left_child=1 2 3 5 -5 7 -7 8 11 -10 -11 12 13 -1 15 -4 -17 18 19 20 21 22 -3 24 -21 -26 28 -28 -25
right_child=-2 17 14 4 -6 6 -8 -9 9 10 -12 -13 -14 -15 -16 16 -18 -19 -20 23 -22 -23 -24 26 25 -27 27 -29 -30
leaf_value=11.371869838478455 -2.9061814563881172 -1.455023439710158 -5.3387627532846142 -20.144156901682187 -1.6263787193089878 17.843199345306097 -1.0218315356489203 7.7416311910730364 2.1148008834723719 -35.117723936066817 -3.9470005975314617 10.018948441600108 -23.220571211610174 -1.7301028568718571 -5.3157002560275375 18.247747408203544 4.7145884031955632 -0.12323306257523259 5.6411789111186579 -5.0389465165468961 2.4108731138976975 -3.5626649302421209 0.84481793278156836 0.51745720443640053 -2.7175605146638051 1.4602933598344485 -2.8576763024380831 2.679703674323108 -2.4611516989488043
leaf_weight=30 236 2047 31 49 47 34 144 33 25 30 37 35 26 94 33 26 56 35939 241 630 2746 519 7920 4231 1066 1157 720 2086 1966
leaf_count=30 236 2047 31 49 47 34 144 33 25 30 37 35 26 94 33 26 56 35939 241 630 2746 519 7920 4231 1066 1157 720 2086 1966
internal_value=0.000924182 0.0119903 -1.60577 -2.68793 -11.0782 -1.03739 2.5816 -3.11539 -4.40883 -12.4641 -17.904 -0.402947 -2.83472 1.43973 2.72287 5.07041 9.00559 0.0312657 0.250482 0.198698 0.641155 0.177713 0.372482 -0.29511 -1.53589 -0.543122 0.0980864 1.25885 -0.427507
internal_weight=62234 61998 730 584 96 488 178 310 277 92 67 185 150 124 146 113 82 61268 25329 25088 13232 10486 9967 11856 2853 2223 9003 2806 6197
internal_count=62234 61998 730 584 96 488 178 310 277 92 67 185 150 124 146 113 82 61268 25329 25088 13232 10486 9967 11856 2853 2223 9003 2806 6197
is_linear=0
shrinkage=0.0768785


Tree=133
num_leaves=30
num_cat=0
split_feature=7 8 0 7 6 1 8 4 8 3 4 4 5 4 8 8 0 4 0 0 1 4 0 8 0 8 0 8 4
split_gain=298375 333844 1.22836e+06 332979 1.56922e+06 1.14745e+06 1.66786e+06 1.31259e+06 1.24842e+06 1.91934e+06 980453 1.72742e+06 1.0953e+06 1.23691e+06 2.63632e+06 1.00839e+06 979118 798632 1.20733e+06 654048 649313 571467 1.64175e+06 1.67531e+06 512239 510472 509698 988945 674922
threshold=29285.471250000006 26559.025000000005 35.636150000000008 23584.090000000004 21011.356250000001 6.5000000000000009 29644.963750000006 22.500000000000004 29644.963750000006 1.0000000180025095e-35 15.500000000000002 18.500000000000004 1.0000000180025095e-35 19.500000000000004 23099.520000000004 25203.846250000006 37.399800000000006 11.500000000000002 35.031700000000008 35.636150000000008 9.5000000000000018 3.5000000000000004 33.838050000000017 23887.166250000002 34.445125000000004 24696.115000000002 34.665837500000009 19903.677500000005 5.5000000000000009
decision_type=2 2 2 2 2 2 2 2 2 2 2 2 2 2 2 2 2 2 2 2 2 2 2 2 2 2 2 2 2
left_child=3 2 -2 -1 -5 8 7 10 26 19 17 20 13 14 -13 -14 -17 18 21 -10 -12 -7 -23 -24 -16 -9 28 -28 -6
right_child=1 -3 -4 4 5 6 -8 25 9 -11 11 12 15 -15 24 16 -18 -19 -20 -21 -22 22 23 -25 -26 -27 27 -29 -30
leaf_value=-0.068704072830698112 -1.9977554274745966 -0.10754651826639107 -19.849553172267903 2.8862408801927475 0.29691304259409024 -0.88091955650077125 -13.921411934314506 -8.3840073329315903 7.9769708000793473 -5.3751169605635623 13.198841704275182 -4.5004163118166174 -3.0042050994233951 1.9022261053681138 30.993768643125623 1.3489644833643111 -13.223387271511822 -4.9285609814586691 3.7888964378274337 20.941177290554908 -0.80636758992539237 -1.5881451606722661 -3.6926520943899459 -29.20458389991348 15.581395824658554 -2.8420474556110622 10.608621105105703 -0.32149651840123589 2.9433581363694246
leaf_weight=50489 184 266 26 1318 1223 1483 56 132 46 42 90 34 595 415 25 1019 28 306 300 46 25 223 32 29 26 384 50 2276 1066
leaf_count=50489 184 266 26 1318 1223 1483 56 132 46 42 90 34 595 415 25 1019 28 306 300 46 25 223 32 29 26 384 50 2276 1066
internal_value=0.000853134 -1.91656 -4.20798 0.0156316 0.393484 0.0633214 -0.725455 -0.581854 0.927338 8.24239 -0.171962 0.975164 0.482357 3.63274 12.0817 -0.476956 0.959255 -1.26301 -0.720362 14.4591 10.1542 -1.48594 -4.64526 -15.8213 23.1365 -4.25976 0.71494 -0.0865413 1.52938
internal_weight=62234 476 210 61758 11269 9951 5202 5146 4749 134 4630 2257 2142 500 85 1642 1047 2373 2067 92 115 1767 284 61 51 516 4615 2326 2289
internal_count=62234 476 210 61758 11269 9951 5202 5146 4749 134 4630 2257 2142 500 85 1642 1047 2373 2067 92 115 1767 284 61 51 516 4615 2326 2289
is_linear=0
shrinkage=0.0768785


Tree=134
num_leaves=30
num_cat=0
split_feature=8 0 0 8 1 8 7 7 4 6 0 6 8 6 8 0 4 7 4 5 4 0 0 4 8 7 4 4 4
split_gain=272951 495112 1.35569e+06 1.52501e+06 529129 1.41138e+06 627661 1.28875e+06 1.15184e+06 676005 1.88455e+06 581751 425751 351725 2.34802e+06 1.35428e+06 1.39858e+06 1.29722e+06 901595 898285 1.28662e+06 1.71412e+06 2.40923e+06 1.98181e+06 1.69643e+06 1.4575e+06 1.71776e+06 1.44724e+06 6.08855e+06
threshold=10460.125000000002 20.607600000000009 18.810362500000004 9860.7500000000018 3.5000000000000004 9860.7500000000018 13107.803750000001 11869.712500000001 4.5000000000000009 10844.745000000001 15.778450000000001 9860.7500000000018 9860.7500000000018 15387.295 15176.705000000002 14.567387500000002 7.5000000000000009 21393.060000000005 1.0000000180025095e-35 1.0000000180025095e-35 9.5000000000000018 22.877850000000006 19.582175000000003 10.500000000000002 22375.611250000005 13757.548750000002 19.500000000000004 17.500000000000004 16.500000000000004
decision_type=2 2 2 2 2 2 2 2 2 2 2 2 2 2 2 2 2 2 2 2 2 2 2 2 2 2 2 2 2
left_child=1 2 4 -4 6 -6 7 9 -9 10 11 -1 -3 18 15 -15 -17 -18 -2 -16 -21 22 27 24 -23 -24 -27 28 -22
right_child=13 12 3 -5 5 -7 -8 8 -10 -11 -12 -13 -14 14 19 16 17 -19 -20 20 21 23 25 -25 -26 26 -28 -29 -30
leaf_value=8.826537054187563 -1.9029301308520408 8.9802774008874504 -21.422881812890395 -0.9424473147850968 16.476722703575255 -0.93799280596039558 7.1517480011129999 -20.68334399448505 -3.4423337782234031 9.2539883724283349 -21.430126411791903 -2.366644427343632 -0.074300875183950552 3.8283546199181373 0.62739579786743283 -8.1229356984101919 -2.8762112754739038 13.898190960809975 0.43046574997654452 0.46011518072111035 -1.2647411483943571 -4.5286127640436113 -23.577304928429996 0.040739092072638768 1.9855749859877572 -6.612854672488921 0.84478822115291419 -2.1822244825031589 14.262354630348302
leaf_weight=41 1037 42 44 42 34 144 33 43 49 35 26 83 114 152 10355 337 1014 28 17405 11209 874 1037 25 14710 306 743 242 1850 180
leaf_count=41 1037 42 44 42 34 144 33 43 49 35 26 83 114 152 10355 337 1014 28 17405 11209 874 1037 25 14710 306 743 242 1850 180
internal_value=0.000787548 -1.47704 -2.5208 -11.4208 -0.952357 2.38841 -2.87061 -4.0646 -11.5006 -0.366687 -2.61151 1.33433 2.36347 0.0183281 -0.101985 -3.05869 -3.81781 -2.42546 0.299258 0.00701117 -0.199047 -0.569086 -2.01166 -0.217362 -3.04437 -5.24589 -4.78062 -0.886803 1.38695
internal_weight=62234 730 574 86 488 178 310 277 92 185 150 124 156 61504 43062 1531 1379 1042 18442 41531 31176 19967 3914 16053 1343 1010 985 2904 1054
internal_count=62234 730 574 86 488 178 310 277 92 185 150 124 156 61504 43062 1531 1379 1042 18442 41531 31176 19967 3914 16053 1343 1010 985 2904 1054
is_linear=0
shrinkage=0.0768785


Tree=135
num_leaves=30
num_cat=0
split_feature=0 4 4 6 4 7 8 7 2 7 0 6 7 4 4 1 7 0 7 7 8 6 4 7 6 7 5 6 8
split_gain=406804 973464 691458 1.30003e+06 989280 1.07423e+06 958617 949606 723672 716663 694346 831523 970461 692380 1.01777e+06 785243 938705 602576 549256 523402 503578 474431 586051 481819 460959 447180 445974 441214 473024
threshold=36.911925000000011 6.5000000000000009 13.500000000000002 14769.002500000002 18.500000000000004 19804.141250000004 22062.135000000006 22649.111250000005 1.0000000180025095e-35 28494.911250000005 38.470000000000006 20474.750000000004 16158.057500000003 17.500000000000004 16.500000000000004 8.5000000000000018 18733.217500000002 39.053500000000007 12434.090000000002 14914.1625 22062.135000000006 23101.345000000005 15.500000000000002 25979.655000000002 19000.313750000005 29041.750000000004 22.500000000000004 23987.110000000004 29041.750000000004
decision_type=2 2 2 2 2 2 2 2 2 2 2 2 2 2 2 2 2 2 2 2 2 2 2 2 2 2 2 2 2
left_child=25 -2 10 -4 5 6 8 -6 19 21 20 12 18 14 15 -8 -17 27 -12 -5 -3 23 -23 -7 -10 -1 -19 -9 -29
right_child=1 2 3 4 7 9 13 17 24 -11 11 -13 -14 -15 -16 16 -18 26 -20 -21 -22 22 -24 -25 -26 -27 -28 28 -30
leaf_value=-0.031898726418806318 11.796469718394055 -0.98349612143186282 10.647837563855308 6.9188904946722527 11.080158987345206 -1.6425897578190569 1.3439349614607274 10.126238518637447 -2.2752098390765059 10.187419390467927 8.3666766621390494 1.1940659745265236 6.5488130618613782 -6.3554778826645126 16.794234762201182 -0.35318830558776482 18.828106475588815 2.0783331207956333 -3.1324232167871657 -0.41332822250296503 2.0249130422669612 -1.7697336400431714 -5.746801659204027 4.0692190795555119 -14.316656079765536 -2.0275790173722248 15.125611531174359 -1.5583944708816044 6.2256781595932758
leaf_weight=53125 45 1193 63 63 68 1075 195 25 42 28 31 2318 392 32 41 25 38 32 118 664 454 493 394 95 34 672 30 317 54
leaf_count=53125 45 1193 63 63 68 1075 195 25 42 28 31 2318 392 32 41 25 38 32 118 664 454 493 394 95 34 672 30 317 54
internal_value=0.0206997 0.519651 0.458615 -0.304044 -0.488281 -0.993374 0.910943 2.60277 -0.524141 -2.0291 1.10313 1.82746 4.54136 4.39243 5.54271 3.75467 11.2165 1.34412 -0.739993 0.222063 -0.15422 -2.19539 -3.53632 -1.17881 -7.66217 -0.0568276 8.39153 0.240736 -0.425403
internal_weight=62156 8359 8314 3808 3745 3219 1134 526 803 2085 4506 2859 541 331 299 258 63 458 149 727 1647 2057 887 1170 76 53797 62 396 371
internal_count=62156 8359 8314 3808 3745 3219 1134 526 803 2085 4506 2859 541 331 299 258 63 458 149 727 1647 2057 887 1170 76 53797 62 396 371
is_linear=0
shrinkage=0.0768785


Tree=136
num_leaves=30
num_cat=0
split_feature=8 0 6 7 8 7 3 6 0 6 8 0 0 1 0 6 8 4 5 4 7 1 4 4 4 8 6 1 7
split_gain=356447 645823 447599 1.78005e+06 957607 1.05555e+06 741377 548538 438872 351549 1.39353e+06 1.15418e+06 550961 293340 282717 975605 1.65175e+06 1.18839e+06 2.12679e+06 2.06347e+06 1.09921e+06 869879 778274 846012 1.76374e+06 930034 941718 804735 646366
threshold=29041.750000000004 37.009800000000006 29644.963750000006 25638.945000000003 29644.963750000006 27493.246250000004 1.0000000180025095e-35 29285.971250000006 38.334700000000005 28841.250000000004 25746.716250000001 34.229375000000012 36.211762500000013 6.5000000000000009 34.810687500000007 19000.313750000005 19439.430000000004 17.500000000000004 1.0000000180025095e-35 16.500000000000004 16978.861250000005 7.5000000000000009 12.500000000000002 18.500000000000004 20.500000000000004 27354.762500000004 27213.031250000004 4.5000000000000009 19804.141250000004
decision_type=2 2 2 2 2 2 2 2 2 2 2 2 2 2 2 2 2 2 2 2 2 2 2 2 2 2 2 2 2
left_child=9 2 4 -4 -2 7 13 -6 -3 14 11 -11 -13 -5 -1 -16 17 19 -19 20 -17 -21 27 28 -25 26 -26 -18 -24
right_child=1 8 3 6 5 -7 -8 -9 -10 10 -12 12 -14 -15 15 16 22 18 -20 21 -22 -23 23 24 25 -27 -28 -29 -30
leaf_value=-0.073974030339750904 1.6162088885807371 13.11726368544586 20.055001653452369 7.3684290092631102 -7.0165340339973321 -17.056686204124517 -11.450670814326534 6.2286323496046929 1.6936512039940901 1.4030437407096754 -0.016874695195991871 -21.457581810279841 -7.8028334081341653 -2.265602911031031 1.4656857461092894 -9.0343617103842284 -11.244601647929731 -10.054790668946804 14.87223801758279 -18.482727739260653 -1.2384445931989645 -4.9486024190692559 0.60491967313667194 3.0475913090559104 -2.980254279991617 -0.49739584700643258 -16.316229607024045 1.1899797097560494 -1.5181355106807655
leaf_weight=46920 398 46 34 47 42 37 26 33 35 36 435 40 31 31 3342 125 31 32 55 72 738 46 1207 1019 81 330 51 3990 2846
leaf_count=46920 398 46 34 47 42 37 26 33 35 36 435 40 31 31 3342 125 31 32 55 72 738 46 1207 1019 81 330 51 3990 2846
internal_value=0.0191083 1.70907 0.900061 4.78431 -0.150972 -6.43078 -0.208029 -1.18866 8.18113 -0.000947694 -1.95023 -9.81011 -15.4956 3.53952 0.0164048 0.320062 -0.0403513 -2.90772 5.70368 -3.67142 -2.36763 -13.2067 0.280145 -0.311285 1.26119 -2.67894 -8.13279 1.09411 -0.885881
internal_weight=62156 729 648 138 510 112 104 75 81 61427 542 107 71 78 60885 13965 10623 1068 87 981 863 118 9555 5534 1481 462 132 4021 4053
internal_count=62156 729 648 138 510 112 104 75 81 61427 542 107 71 78 60885 13965 10623 1068 87 981 863 118 9555 5534 1481 462 132 4021 4053
is_linear=0
shrinkage=0.0768785


Tree=137
num_leaves=30
num_cat=0
split_feature=0 4 6 8 4 3 2 4 0 7 6 6 1 4 7 7 1 7 4 4 8 4 5 7 8 1 6 7 6
split_gain=323194 789687 536970 1.13964e+06 876088 739874 566216 528669 578730 560760 511350 494167 451543 450120 448392 786638 517413 479117 549136 666086 492809 648862 2.40036e+06 457219 502605 407788 416307 405452 403186
threshold=36.911925000000011 6.5000000000000009 19698.736250000005 21491.540000000005 10.500000000000002 1.0000000180025095e-35 1.0000000180025095e-35 17.500000000000004 38.899400000000007 23482.580000000005 14769.002500000002 27077.250000000004 7.5000000000000009 13.500000000000002 19738.170000000002 19102.250000000004 8.5000000000000018 27620.572500000006 12.500000000000002 18.500000000000004 25300.822500000006 17.500000000000004 1.0000000180025095e-35 22738.432500000006 27620.572500000006 8.5000000000000018 23889.617500000004 15735.860000000002 13380.050000000001
decision_type=2 2 2 2 2 2 2 2 2 2 2 2 2 2 2 2 2 2 2 2 2 2 2 2 2 2 2 2 2
left_child=28 -2 6 -4 5 11 7 8 10 -10 13 -5 -7 -3 15 27 -17 18 25 20 21 -20 -23 -21 -25 26 -16 -6 -1
right_child=1 2 3 4 14 12 -8 -9 9 -11 -12 -13 -14 -15 17 16 -18 -19 19 23 -22 22 -24 24 -26 -27 -28 -29 -30
leaf_value=0.37680288635003417 10.619100835570737 1.5070102565630679 -1.7679517947165611 4.735655762932347 -7.3509014170078535 -1.8360127076681272 -3.1989418149755138 11.233477035048512 3.1968694682358629 11.734504632652882 0.33021515698783971 -5.7139342297767897 8.0609565021145571 10.743847390020571 3.5909998742849361 3.5746691025375372 12.102620177336489 2.2306914992399438 -0.30673704500940691 8.4926887705277903 -3.8723741622445886 -21.634244975421495 -0.4131341597093075 -1.8578651188657997 4.9608358614220238 -3.1295994097000857 0.080792405433087605 0.78891889420710704 -0.1548924902072682
leaf_weight=10465 45 72 1503 598 39 225 133 36 362 52 1006 28 31 55 359 190 54 421 1079 53 498 41 136 171 102 122 450 498 43332
leaf_count=10465 45 72 1503 598 39 225 133 36 362 52 1006 28 31 55 359 190 54 421 1079 53 498 41 136 171 102 122 450 498 43332
internal_value=0.0176393 0.46237 0.407396 0.0923111 0.64108 2.84435 1.61889 2.02368 1.80936 4.26923 0.910514 4.26826 -0.637552 5.50722 0.17982 1.84241 5.462 -0.198527 -0.538182 -1.23278 -1.82588 -1.01446 -5.32876 1.95835 0.689781 1.01366 1.63847 0.197759 -0.0514631
internal_weight=62156 8359 8314 6598 5095 882 1716 1583 1547 414 1133 626 256 127 4213 781 244 3432 3011 2080 1754 1256 177 326 273 931 809 537 53797
internal_count=62156 8359 8314 6598 5095 882 1716 1583 1547 414 1133 626 256 127 4213 781 244 3432 3011 2080 1754 1256 177 326 273 931 809 537 53797
is_linear=0
shrinkage=0.0768785


Tree=138
num_leaves=30
num_cat=0
split_feature=8 1 8 3 7 6 6 7 7 0 4 6 8 1 4 4 8 0 8 6 4 4 5 5 4 4 8 5 0
split_gain=293582 755816 1.00978e+06 1.00141e+06 1.08183e+06 983729 713823 638110 438328 674773 960755 261107 1.47839e+06 1.59004e+06 1.10396e+06 1.95252e+06 968756 815268 782656 892036 727640 1.61499e+06 864000 717067 833212 1.21247e+06 714392 964884 671649
threshold=29285.471250000006 6.5000000000000009 29644.963750000006 1.0000000180025095e-35 27767.716250000005 29042.320000000003 29042.320000000003 27071.300000000003 26799.525000000005 34.37295000000001 2.5000000000000004 13380.050000000001 14128.845000000003 10.500000000000002 4.5000000000000009 5.5000000000000009 12405.575000000003 17.640050000000002 12469.546250000001 10732.750000000002 3.5000000000000004 4.5000000000000009 1.0000000180025095e-35 37.500000000000007 20.500000000000004 16.500000000000004 11564.012500000003 1.0000000180025095e-35 4.2527750000000006
decision_type=2 2 2 2 2 2 2 2 2 2 2 2 2 2 2 2 2 2 2 2 2 2 2 2 2 2 2 2 2
left_child=11 3 -3 5 -5 -2 -4 -8 9 -7 -11 18 13 17 -15 -16 -17 -13 20 -20 -1 22 -22 24 25 -23 27 -27 -14
right_child=1 2 6 4 -6 8 7 -9 -10 10 -12 12 28 14 15 16 -18 -19 19 -21 21 23 -24 -25 -26 26 -28 -29 -30
leaf_value=-1.1130244469157002 -2.5822430027997187 2.516758273300836 -16.976770599281647 -14.817222321904978 4.3478632729987385 -2.3541551151381159 6.1605826748220185 -10.713574096522361 18.155880642053294 22.399894785321209 4.0520931149330606 -0.66813353200791947 10.541373014900612 -6.5100751485549786 11.141168641478622 10.650899961086717 -0.18779894068163613 -3.541455642385344 11.000644378942807 1.053420805501728 -0.57665341540719595 0.37272949748176354 5.3218598522273615 -2.427179300681038 -4.0060245494826825 -7.9910699193483055 12.894408374638051 10.396116021998793 0.036531195449283994
leaf_weight=2785 39 155 32 27 49 25 26 27 39 31 37 880 36 105 116 52 777 1733 54 4013 201 1849 544 699 228 31 75 37 47454
leaf_count=2785 39 155 32 27 49 25 26 27 39 31 37 880 36 105 116 52 777 1733 54 4013 201 1849 544 699 228 31 75 37 47454
internal_value=0.0162832 1.89645 -1.17604 4.88187 -2.46079 8.14528 -7.90998 -2.43569 11.3148 8.44592 12.4165 0.00143553 -0.0702894 -1.55844 0.968328 1.79926 0.492071 -2.57378 0.350327 1.1855 -0.176364 0.53559 3.73045 -0.279815 0.396314 0.900196 7.72038 2.01372 0.0444944
internal_weight=62156 487 240 247 76 171 85 53 132 93 68 61669 51153 3663 1050 945 829 2613 10516 4067 6449 3664 745 2919 2220 1992 143 68 47490
internal_count=62156 487 240 247 76 171 85 53 132 93 68 61669 51153 3663 1050 945 829 2613 10516 4067 6449 3664 745 2919 2220 1992 143 68 47490
is_linear=0
shrinkage=0.0768785


Tree=139
num_leaves=30
num_cat=0
split_feature=0 4 8 1 7 6 8 0 4 6 6 7 5 7 1 4 6 8 7 6 4 3 1 6 8 8 7 7 6
split_gain=270848 644084 591989 623836 812287 1.02837e+06 684088 624518 583657 558275 511528 434019 432525 376848 636112 582265 627197 629224 646716 597763 581048 753314 672960 737500 580949 567451 650351 550474 517762
threshold=36.911925000000011 9.5000000000000018 20631.270000000004 6.5000000000000009 20596.875000000004 22294.125000000004 24696.115000000002 37.829375000000006 7.5000000000000009 21325.750000000004 15387.295 11110.858750000001 1.0000000180025095e-35 25520.236250000005 6.5000000000000009 18.500000000000004 23485.625000000004 22062.135000000006 23004.875000000004 19698.736250000005 13.500000000000002 1.0000000180025095e-35 8.5000000000000018 24277.457500000004 19004.275000000005 19564.905000000002 22738.432500000006 22649.111250000005 25864.580000000005
decision_type=2 2 2 2 2 2 2 2 2 2 2 2 2 2 2 2 2 2 2 2 2 2 2 2 2 2 2 2 2
left_child=-1 2 9 6 7 -6 12 -5 -8 -2 11 -3 -4 15 -15 16 17 19 -19 24 22 -22 -18 -24 -12 26 -21 -17 -29
right_child=1 10 3 4 5 -7 8 -9 -10 -11 13 -13 -14 14 -16 27 20 18 -20 25 21 -23 23 -25 -26 -27 -28 28 -30
leaf_value=-0.048227882999141609 0.81525889281298203 -5.689240350059257 -6.0325898984731472 -3.7017065574508692 22.503903414296115 5.1460106223405617 15.119586098563095 9.3331461533733471 3.6959107254061014 -9.5323712979999033 -1.1606224109050061 4.8296876888583551 1.5073027921035613 2.0421212478196238 -2.8828120585412664 9.5227801650793413 0.2913727873953148 2.0270734685803116 -2.0834529138482347 -7.4797985152497164 -5.3334017415183368 0.33759739450182369 1.5058927205206931 -13.907818894868274 2.2172701005515161 -0.99595438317880092 3.8103352396301768 -4.974325087576644 4.8092170698227115
leaf_weight=53797 214 26 57 45 38 43 35 42 108 36 543 214 213 1045 182 68 784 1369 271 163 418 207 32 43 675 1316 37 52 83
leaf_count=53797 214 26 57 45 38 43 35 42 108 36 543 214 213 1045 182 68 784 1369 271 163 418 207 32 43 675 1316 37 52 83
internal_value=0.0150314 0.422157 2.45329 3.79928 7.74906 13.2892 2.1926 2.59098 6.49192 -0.6748 0.197944 3.69014 -0.0844523 0.0829432 1.31161 -0.16579 -0.306061 0.15729 1.34783 -0.556862 -1.67176 -3.45517 -0.374169 -7.3313 0.711362 -1.57579 -5.39112 3.88202 1.04074
internal_weight=62156 8359 831 581 168 81 413 87 143 250 7528 240 270 7288 1227 6061 5858 4374 1640 2734 1484 625 859 75 1218 1516 200 203 135
internal_count=62156 8359 831 581 168 81 413 87 143 250 7528 240 270 7288 1227 6061 5858 4374 1640 2734 1484 625 859 75 1218 1516 200 203 135
is_linear=0
shrinkage=0.0768785


Tree=140
num_leaves=30
num_cat=0
split_feature=8 6 1 6 7 4 4 5 7 0 8 4 4 7 8 1 6 7 7 1 1 4 4 1 4 5 4 0 4
split_gain=250674 893637 865792 845191 771389 630844 1.38787e+06 696812 593362 662424 549831 665938 628974 858000 515969 2.32957e+06 3.01687e+06 508029 962603 873399 646311 742388 580579 1.07097e+06 533214 498820 557590 494699 485645
threshold=12720.500000000002 13260.195000000002 10.500000000000002 12464.845000000001 15362.463750000001 3.5000000000000004 4.5000000000000009 1.0000000180025095e-35 15197.830000000002 23.318725000000004 11762.932500000001 16.500000000000004 10.500000000000002 14514.411250000003 9860.7500000000018 2.5000000000000004 10263.900000000001 15626.695000000002 14097.305000000002 1.5000000000000002 2.5000000000000004 15.500000000000002 7.5000000000000009 8.5000000000000018 12.500000000000002 37.500000000000007 5.5000000000000009 16.474900000000005 6.5000000000000009
decision_type=2 2 2 2 2 2 2 2 2 2 2 2 2 2 2 2 2 2 2 2 2 2 2 2 2 2 2 2 2
left_child=1 5 10 8 -4 14 7 -7 9 -2 11 12 -3 -14 15 -1 -17 18 19 -8 21 -20 23 -22 -19 -21 -27 -9 -28
right_child=3 2 4 -5 -6 6 17 27 -10 -11 -12 -13 13 -15 -16 16 -18 24 20 25 22 -23 -24 -25 -26 26 28 -29 -30
leaf_value=-24.117969046653599 1.7733328261499395 1.623812713429676 5.9650099708969346 0.0077443027313626282 -9.246462598321818 -0.41297191974886965 -6.0076840429757867 5.4666347479580599 -1.7160895401935732 7.0193284180963911 -6.2402819579112263 9.5209685753668776 -0.88251245187092564 -19.890717260661056 -0.81825109907326332 -10.136751732329175 19.267862548592127 -8.1520603498094157 4.6021704902130596 0.45367820642401507 16.871818293382699 20.215089455894589 -0.38975440282264201 -0.40370299949479405 -0.58699975979649044 -8.663811364470984 4.6984767900665805 -1.9608985005452753 -2.1092476986978537
leaf_weight=31 406 71 93 53759 25 215 159 521 154 219 355 30 32 25 2896 58 32 95 54 1995 38 27 189 48 131 67 71 59 485
leaf_count=31 406 71 93 53759 25 215 159 521 154 219 355 30 32 25 2896 58 32 95 54 1995 38 27 189 48 131 67 71 59 485
internal_value=-0.0141325 -0.421722 -3.19541 0.0441757 2.74224 -0.177656 0.436857 3.32533 2.55832 3.61153 -4.56119 -0.788535 -3.20483 -9.21944 -1.02376 -5.94229 0.318222 -0.24678 0.00715289 -0.475334 3.77082 9.80648 1.99305 7.22967 -3.767 -0.139336 -2.03831 4.71108 -1.23992
internal_weight=62340 7802 631 54538 118 7171 4154 795 779 625 513 158 128 57 3017 121 90 3359 3133 2777 356 81 275 86 226 2618 623 580 556
internal_count=62340 7802 631 54538 118 7171 4154 795 779 625 513 158 128 57 3017 121 90 3359 3133 2777 356 81 275 86 226 2618 623 580 556
is_linear=0
shrinkage=0.0768785


Tree=141
num_leaves=30
num_cat=0
split_feature=8 6 5 5 4 4 0 4 6 4 4 4 4 4 4 6 8 0 4 4 4 0 1 0 4 4 0 4 4
split_gain=232367 1.73997e+06 701956 778491 1.08354e+06 855119 654994 475224 689692 522127 418017 730855 674144 496385 1.20334e+06 380889 1.24546e+06 796622 601428 860556 638611 701500 656349 506166 489409 606788 471911 1.26353e+06 2.96372e+06
threshold=11901.013750000002 10935.638750000004 1.0000000180025095e-35 22.500000000000004 15.500000000000002 21.500000000000004 22.578137500000004 7.5000000000000009 10620.635 3.5000000000000004 3.5000000000000004 11.500000000000002 6.5000000000000009 4.5000000000000009 5.5000000000000009 13134.338750000001 13080.473750000003 22.735050000000005 6.5000000000000009 19.500000000000004 5.5000000000000009 15.080075000000003 10.500000000000002 5.5170250000000012 7.5000000000000009 4.5000000000000009 12.553050000000001 5.5000000000000009 1.5000000000000002
decision_type=2 2 2 2 2 2 2 2 2 2 2 2 2 2 2 2 2 2 2 2 2 2 2 2 2 2 2 2 2
left_child=2 -2 7 4 10 6 -6 9 -9 -1 -4 12 13 -12 -15 -3 17 18 20 -20 21 22 -17 24 25 -18 27 28 -25
right_child=1 15 3 -5 5 -7 -8 8 -10 -11 11 -13 -14 14 -16 16 23 -19 19 -21 -22 -23 -24 26 -26 -27 -28 -29 -30
leaf_value=-2.8099811989462808 8.8790986508316401 0.65107659586171174 -0.90103464903783281 -0.83529177638914487 13.302424625171707 -4.9518373545673846 3.9477317130909428 2.3048631436113691 -6.5954370372496705 1.0815688295618311 5.0996313742811106 -2.3027637524156144 11.086216276620553 -12.51709356240228 5.2725937072096665 -2.2863451843510099 -4.4524542377046856 -5.3003991260740051 2.2871109330401511 -10.556511395396875 -12.2457299558399 -6.5555433190674783 8.9886420072226532 -8.60924356716286 -2.4452621467908604 8.7941522067379676 0.039017018440103614 -1.7083924712880871 8.6962773969548284
leaf_weight=502 131 4986 549 2262 90 32 87 65 247 343 156 144 68 38 55 87 25 412 331 34 43 113 47 82 51 112 48919 2125 204
leaf_count=502 131 4986 549 2262 90 32 87 65 247 343 156 144 68 38 55 87 25 412 331 34 43 113 47 82 51 112 48919 2125 204
internal_value=-0.013046 0.0290343 -0.536573 0.00869416 1.57481 6.61345 8.70436 -2.17709 -4.74121 -1.23033 0.532161 2.23894 4.30205 2.44934 -1.99631 0.0088964 -0.0519938 -2.65177 -0.985765 1.09072 -3.59927 -2.09402 1.66831 0.00185076 3.98365 6.37689 -0.0127329 -1.06273 3.73455
internal_weight=62340 57702 4638 3481 1219 209 177 1157 312 845 1010 461 317 249 93 57571 52585 1067 655 365 290 247 134 51518 188 137 51330 2411 286
internal_count=62340 57702 4638 3481 1219 209 177 1157 312 845 1010 461 317 249 93 57571 52585 1067 655 365 290 247 134 51518 188 137 51330 2411 286
is_linear=0
shrinkage=0.0768785


Tree=142
num_leaves=30
num_cat=0
split_feature=7 8 7 6 8 1 4 4 0 5 1 7 5 6 8 1 0 4 4 4 4 4 4 6 8 4 4 5 7
split_gain=231903 235338 1.20375e+06 1.00915e+06 1.0954e+06 1.06604e+06 1.6637e+06 1.84854e+06 1.77297e+06 759513 745973 741933 713723 696044 1.2603e+06 802930 2.20889e+06 2.51254e+06 2.12737e+06 1.57905e+06 1.24094e+06 3.22605e+06 2.42871e+06 1.14503e+06 1.32925e+06 1.73951e+06 1.07278e+06 1.05726e+06 1.1959e+06
threshold=29644.963750000006 13674.320000000002 16403.035000000003 14305.642500000002 14713.491250000001 4.5000000000000009 7.5000000000000009 5.5000000000000009 26.700850000000006 1.0000000180025095e-35 11.500000000000002 14801.410000000002 37.500000000000007 15967.705000000002 16126.775000000003 10.500000000000002 19.114937500000003 19.500000000000004 18.500000000000004 17.500000000000004 16.500000000000004 10.500000000000002 17.500000000000004 18759.422500000004 18195.390000000003 17.500000000000004 22.500000000000004 1.0000000180025095e-35 17326.320000000003
decision_type=2 2 2 2 2 2 2 2 2 2 2 2 2 2 2 2 2 2 2 2 2 2 2 2 2 2 2 2 2
left_child=1 2 9 5 -5 11 7 -7 10 -1 -9 -3 -11 -6 -15 23 18 19 20 -18 21 -17 -22 -16 25 -25 -26 -24 -29
right_child=-2 3 -4 4 13 6 -8 8 -10 12 -12 -13 -14 14 15 16 17 -19 -20 -21 22 -23 27 24 26 -27 -28 28 -30
leaf_value=-1.2388897315130034 -2.358252800827529 3.1593758229445825 -3.9959775912943019 -1.8191288404794346 0.88166099388950836 1.7989296925980456 1.4300984251174844 -16.750213567883716 2.2494180523016922 0.71705517751988179 -6.1105576744846921 -0.022295574257602507 -0.78820007210283083 -1.9594069422567479 0.8797721820178892 5.7150785903566517 -2.9069716639666301 5.2170958958394449 -2.6827919456347207 -9.2715106148462052 21.482340714980566 -7.0459448204735207 14.046087956465968 -4.2276307459240821 0.11067381472782149 3.2777953509178324 -2.1845132440981949 -13.609534402056173 3.894453410277507
leaf_weight=2824 248 1661 502 1927 5283 157 847 111 61 5620 60 586 2784 1958 9081 335 653 160 585 356 59 180 46 899 23701 229 1268 28 131
leaf_count=2824 248 1661 502 1927 5283 157 847 111 61 5620 60 586 2784 1958 9081 335 653 160 585 356 59 180 46 899 23701 229 1268 28 131
internal_value=-0.0120431 -0.00267212 -0.312797 0.0695601 -0.0242433 1.3321 -0.481365 -4.64334 -9.00299 -0.148123 -13.017 2.32962 0.218408 0.0526997 -0.0576989 0.04104 -1.28095 -3.73325 0.820772 -5.15254 3.45182 1.25492 7.73744 0.13623 -0.122501 -2.70392 -0.0058826 3.78159 0.81199
internal_weight=62340 62092 11730 50362 46879 3483 1236 389 232 11228 171 2247 8404 44952 39669 37711 2533 1169 1364 1009 779 515 264 35178 26097 1128 24969 205 159
internal_count=62340 62092 11730 50362 46879 3483 1236 389 232 11228 171 2247 8404 44952 39669 37711 2533 1169 1364 1009 779 515 264 35178 26097 1128 24969 205 159
is_linear=0
shrinkage=0.0768785


Tree=143
num_leaves=30
num_cat=0
split_feature=4 4 5 4 0 8 4 8 4 7 8 8 7 4 4 5 8 8 1 0 0 1 1 1 1 1 4 1 8
split_gain=211223 1.17533e+06 3.26968e+06 2.92661e+06 1.66901e+06 1.43415e+06 1.3627e+06 2.57999e+06 1.46995e+06 1.83506e+06 1.49106e+06 1.25591e+06 2.38242e+06 1.49725e+06 2.13936e+06 1.46954e+06 3.20302e+06 1.79647e+06 2.17413e+06 1.74319e+06 2.18619e+06 1.44726e+06 1.41767e+06 1.24942e+06 1.24871e+06 1.23913e+06 1.41204e+06 1.97282e+06 1.24141e+06
threshold=9.5000000000000018 6.5000000000000009 1.0000000180025095e-35 7.5000000000000009 32.894475000000007 11833.375000000002 3.5000000000000004 27493.246250000004 5.5000000000000009 26799.525000000005 22375.611250000005 18707.277500000004 18050.200000000004 5.5000000000000009 3.5000000000000004 1.0000000180025095e-35 12089.625000000002 13322.755000000003 10.500000000000002 7.6113000000000008 21.964150000000004 5.5000000000000009 2.5000000000000004 2.5000000000000004 2.5000000000000004 9.5000000000000018 4.5000000000000009 2.5000000000000004 13080.473750000003
decision_type=2 2 2 2 2 2 2 2 2 2 2 2 2 2 2 2 2 2 2 2 2 2 2 2 2 2 2 2 2
left_child=1 4 3 5 11 -3 -6 8 9 -8 -10 12 13 14 -1 17 -17 -15 23 -18 22 -13 -21 -19 -7 26 -16 28 -28
right_child=-2 2 -4 -5 6 24 7 -9 10 -11 -12 21 -14 15 25 16 19 18 -20 20 -22 -23 -24 -25 -26 -27 27 -29 -30
leaf_value=-0.51302679285232389 -0.13083490312397922 8.2964664926472054 1.8541864318901409 0.31857465926508427 -0.59219221585027337 1.5058147082604403 -8.4404481875677924 -21.827352215289668 -3.3144482603130361 8.3179493302411966 5.7208351830007809 2.8989730877540882 -4.0067220767899387 -5.8950506555384914 3.1283349486857768 5.712364342842128 3.98639550445706 9.6209051833839059 17.093445345437637 -4.030026152167304 -1.8088137300061422 0.2060478157529291 -12.628640474888657 -3.8004637977202251 -8.3476059078972629 4.1408198340950424 -1.1207211733540781 -5.3818896677060692 7.537943976255252
leaf_weight=5021 36335 39 5855 1308 1549 89 379 47 361 43 154 1721 974 115 776 184 105 65 71 171 347 3749 336 111 521 1111 252 391 160
leaf_count=5021 36335 39 5855 1308 1549 89 379 47 361 43 154 1721 974 115 776 184 105 65 71 171 347 3749 336 111 521 1111 252 391 160
internal_value=-0.0111172 0.156156 0.944884 -1.77559 -0.18252 -5.99618 -2.01341 -4.25066 -3.36901 -6.73284 -0.612635 0.113625 -0.390799 -0.00864764 0.424259 -2.22668 -3.57863 2.04202 5.73742 -5.36126 -6.51056 1.05331 -9.72852 1.15629 -6.90998 2.17374 0.789689 -1.47032 2.24187
internal_weight=62340 26005 7812 1957 18193 649 2533 984 937 422 515 15660 10190 9216 7711 1505 1143 362 247 959 854 5470 507 176 610 2690 1579 803 412
internal_count=62340 26005 7812 1957 18193 649 2533 984 937 422 515 15660 10190 9216 7711 1505 1143 362 247 959 854 5470 507 176 610 2690 1579 803 412
is_linear=0
shrinkage=0.0768785


Tree=144
num_leaves=30
num_cat=0
split_feature=4 4 1 1 8 5 4 5 6 4 0 0 7 4 0 5 5 1 8 0 5 8 6 7 0 8 4 7 0
split_gain=212571 763584 2.93466e+06 3.23589e+06 4.56556e+06 2.47888e+06 1.9004e+06 2.17921e+06 1.74444e+06 2.22278e+06 2.5624e+06 1.74452e+06 2.21956e+06 1.73649e+06 5.02109e+06 4.31192e+06 4.15474e+06 1.72459e+06 1.53676e+06 1.5318e+06 1.46638e+06 1.3e+06 1.66887e+06 1.29254e+06 2.42086e+06 1.76958e+06 1.2635e+06 1.24286e+06 1.13525e+06
threshold=16.500000000000004 18.500000000000004 8.5000000000000018 4.5000000000000009 17919.035000000003 1.0000000180025095e-35 17.500000000000004 1.0000000180025095e-35 18649.981250000004 17.500000000000004 30.973912500000001 30.973912500000001 22213.500000000004 17.500000000000004 26.535275000000002 1.0000000180025095e-35 1.0000000180025095e-35 7.5000000000000009 14945.055000000002 21.131200000000003 1.0000000180025095e-35 25103.500000000004 29042.320000000003 15573.217500000002 23.166150000000005 13264.308750000002 17.500000000000004 12752.617500000002 21.634537500000004
decision_type=2 2 2 2 2 2 2 2 2 2 2 2 2 2 2 2 2 2 2 2 2 2 2 2 2 2 2 2 2
left_child=-1 2 3 23 6 -6 -5 -8 13 10 -10 19 -13 15 16 18 -15 -7 -4 -11 -12 22 -3 25 26 -2 -25 -27 -17
right_child=1 21 8 4 5 17 7 -9 9 11 20 12 -14 14 -16 28 -18 -19 -20 -21 -22 -23 -24 24 -26 27 -28 -29 -30
leaf_value=-0.10110900634843378 4.0595246700648158 -0.51957503154799611 0.43037905572847013 -17.831460171207187 -6.5260894932685956 -0.98213777249010625 -21.112603915273738 6.8788581694586322 26.136090134823633 5.7562290056365244 -9.4344068331183362 1.7012985609690283 17.264991743524035 8.6701855340441885 14.0104825039299 11.717607493634597 -14.739127158601839 6.0315054158933332 -13.490728166165201 -4.4881586159355003 10.948305746658551 1.0889477488757704 -13.831998043764557 6.5732512949832609 9.0036507427129635 8.2878888452579975 -1.3068044346418903 -5.119533117428551 4.0723587988138448
leaf_weight=44228 311 9081 99 150 377 891 25 48 62 164 25 113 104 60 75 216 177 270 89 182 126 3812 56 169 356 46 417 366 245
leaf_count=44228 311 9081 99 150 377 891 25 48 62 164 25 113 104 60 75 216 177 270 89 182 126 3812 56 169 356 46 417 366 245
internal_value=-0.0102625 0.211577 1.0021 -0.302982 -2.60038 -1.10983 -12.8805 -2.70726 3.57621 6.28743 12.9768 3.75663 9.1604 1.38693 -3.32637 3.65279 -8.81272 0.648942 -6.15993 0.367563 7.57368 -0.103621 -0.601166 2.12688 4.00344 -0.318111 0.965771 -3.62259 7.65451
internal_weight=62340 18112 5163 3426 1761 1538 223 73 1737 776 213 563 217 961 312 649 237 1161 188 346 151 12949 9137 1665 942 723 586 412 461
internal_count=62340 18112 5163 3426 1761 1538 223 73 1737 776 213 563 217 961 312 649 237 1161 188 346 151 12949 9137 1665 942 723 586 412 461
is_linear=0
shrinkage=0.0768785


Tree=145
num_leaves=30
num_cat=0
split_feature=8 6 6 1 0 4 5 4 4 0 5 0 0 0 4 1 6 8 2 0 4 6 8 6 4 1 4 7 4
split_gain=258307 1.42533e+06 1.40474e+06 1.69483e+06 1.35432e+06 1.48987e+06 1.21433e+06 1.02407e+06 1.58304e+06 999644 865126 827893 823747 828895 1.38063e+06 1.07658e+06 1.04369e+06 1.26788e+06 827833 833599 808700 996265 948429 993969 956998 1.60394e+06 2.58908e+06 1.5176e+06 1.32522e+06
threshold=16515.275000000005 17354.532500000005 15597.346250000001 9.5000000000000018 30.870450000000002 17.500000000000004 1.0000000180025095e-35 19.500000000000004 9.5000000000000018 11.104387500000001 1.0000000180025095e-35 17.987625000000005 10.895687500000001 16.988500000000002 18.500000000000004 10.500000000000002 19969.375000000004 20037.753750000003 1.0000000180025095e-35 19.582175000000003 22.500000000000004 17914.415000000005 18428.378750000003 19698.736250000005 17.500000000000004 9.5000000000000018 16.500000000000004 15996.721250000001 15.500000000000002
decision_type=2 2 2 2 2 2 2 2 2 2 2 2 2 2 2 2 2 2 2 2 2 2 2 2 2 2 2 2 2
left_child=2 4 10 -4 6 -6 -2 8 -8 -5 -1 -10 -3 14 -14 20 -16 -18 19 -17 22 -22 24 -24 25 26 -15 -28 -27
right_child=1 12 3 9 5 -7 7 -9 11 -11 -12 -13 13 15 16 18 17 -19 -20 -21 21 -23 23 -25 -26 28 27 -29 -30
leaf_value=-0.81336388747819199 3.0266523764250253 -3.7136471743323978 -2.5293480472058323 9.5053774801361524 2.4768501069780449 14.776335521940373 0.90749285953359582 2.1941890132097024 0.28998045817624479 0.025038098585209539 0.36748447270641937 -5.0148792586945898 3.6983404285885682 -2.0320559859174607 -2.7087398068289463 0.33256459234591917 17.994392377383615 1.1080021778133013 -13.479567722922074 -4.5804768090398937 8.9434955997181795 -2.2086735821220351 1.2896083418870927 -0.021356673848607372 1.4918411993160354 0.030611410135429722 4.918466741281974 -14.510096467007191 9.7363149720828801
leaf_weight=4896 729 367 3005 68 1949 60 851 597 232 1975 14607 694 876 1855 503 383 32 147 41 437 49 1401 4093 20734 645 621 28 157 96
leaf_count=4896 729 367 3005 68 1949 60 851 597 232 1975 14607 694 876 1855 503 383 32 147 41 437 49 1401 4093 20734 645 621 28 157 96
internal_value=-0.0308732 0.0958343 -0.224808 -1.36784 1.28904 2.84418 0.282174 -0.560591 -1.48609 0.340585 0.0710463 -3.6858 -0.0920493 -0.0506409 1.67904 -0.138881 -0.914662 4.1268 -2.81877 -2.28573 -0.0611362 -1.83181 0.0298154 0.19477 -1.17399 -1.79766 -2.89698 -11.5696 1.33012
internal_weight=62128 37577 24551 5048 5112 2009 3103 2374 1777 2043 19503 926 32465 32098 1558 30540 682 179 861 820 29679 1450 28229 24827 3402 2757 2040 185 717
internal_count=62128 37577 24551 5048 5112 2009 3103 2374 1777 2043 19503 926 32465 32098 1558 30540 682 179 861 820 29679 1450 28229 24827 3402 2757 2040 185 717
is_linear=0
shrinkage=0.0768785


Tree=146
num_leaves=30
num_cat=0
split_feature=3 6 6 8 4 0 0 1 0 4 0 4 1 8 7 4 0 4 8 4 7 4 0 6 7 7 6 4 4
split_gain=225283 666616 564900 1.14494e+06 2.12082e+06 1.90155e+06 1.81059e+06 898784 1.12094e+06 1.09346e+06 732687 640004 627740 1.59549e+06 1.47182e+06 713455 682438 674942 1.20018e+06 871130 1.90926e+06 630217 569099 558711 625510 558221 773164 781660 1.60574e+06
threshold=1.0000000180025095e-35 9860.7500000000018 22564.232500000006 22908.985000000004 15.500000000000002 34.953475000000005 35.709887500000008 7.5000000000000009 34.092612500000008 6.5000000000000009 38.334700000000005 9.5000000000000018 6.5000000000000009 29644.963750000006 26799.525000000005 2.5000000000000004 34.16328750000001 20.500000000000004 26221.770000000004 5.5000000000000009 24480.235000000004 1.0000000180025095e-35 33.165175000000012 25751.625000000004 24805.842500000002 23004.875000000004 20936.043750000004 17.500000000000004 19.500000000000004
decision_type=2 2 2 2 2 2 2 2 2 2 2 2 2 2 2 2 2 2 2 2 2 2 2 2 2 2 2 2 2
left_child=2 -2 10 4 7 22 -7 8 -4 -10 25 -12 13 16 15 -15 21 19 -19 20 -18 -5 23 24 -6 -1 27 -27 -29
right_child=1 -3 3 12 5 6 -8 -9 9 -11 11 -13 -14 14 -16 -17 17 18 -20 -21 -22 -23 -24 -25 -26 26 -28 28 -30
leaf_value=0.053992368378776898 -12.331396780799867 -0.24231954239497067 -2.4963395998940383 5.3282827309237817 -7.377687216862995 -30.823577539374696 -9.366234973684179 -2.890178004054349 16.095438166723699 2.6837185293274479 8.2841017557955752 1.4624756735525133 -0.72694795879643481 11.91428099077908 25.478817906148361 -1.3667694263995049 -24.613381358202147 -18.920190351080983 -2.3361552104341752 0.5877384992495519 -1.9630919706867871 0.90954141336881988 2.5963524850297164 -13.659985671644412 0.87819735283704681 1.7006361617672419 -0.31749276548922456 13.173092535366056 0.18278535740317964
leaf_weight=30642 27 17633 255 216 107 27 167 490 40 353 86 1483 4345 45 26 51 25 28 327 1686 183 1633 86 35 110 904 893 114 111
leaf_count=30642 27 17633 255 216 107 27 167 490 40 353 86 1483 4345 45 26 51 25 28 327 1686 183 1633 86 35 110 904 893 114 111
internal_value=-0.0284998 -0.260802 0.0637568 -0.437368 -2.27881 -6.28576 -12.3526 -0.40561 1.47315 4.04878 0.213583 1.83638 -0.078325 0.589511 9.25317 4.85872 0.331588 -0.56796 -3.64419 0.00863081 -4.68548 1.42574 -2.80362 -4.64647 -3.19268 0.135633 1.37284 2.70983 6.76454
internal_weight=62128 17660 44468 10235 1670 532 194 1138 648 393 34233 1569 8565 4220 122 96 4098 2249 355 1894 208 1849 338 252 217 32664 2022 1129 225
internal_count=62128 17660 44468 10235 1670 532 194 1138 648 393 34233 1569 8565 4220 122 96 4098 2249 355 1894 208 1849 338 252 217 32664 2022 1129 225
is_linear=0
shrinkage=0.0768785


Tree=147
num_leaves=30
num_cat=0
split_feature=8 6 6 1 0 4 5 0 4 4 4 7 0 4 0 0 4 8 5 0 0 0 4 1 6 8 2 0 7
split_gain=217992 1.19973e+06 1.19891e+06 1.44596e+06 1.03694e+06 1.59213e+06 895827 853589 793178 1.39361e+06 761802 842940 825741 1.08734e+06 2.25183e+06 1.03843e+06 784722 760729 737537 730814 686132 776223 1.14342e+06 1.01357e+06 974566 1.02257e+06 691580 739962 741938
threshold=16515.275000000005 17300.522500000003 15597.346250000001 9.5000000000000018 30.445050000000005 17.500000000000004 1.0000000180025095e-35 11.321537500000002 19.500000000000004 9.5000000000000018 17.500000000000004 21224.992500000004 14.206137500000002 16.500000000000004 23.765037500000002 32.228762500000009 15.500000000000002 15869.371250000002 1.0000000180025095e-35 18.961100000000005 11.104387500000001 16.988500000000002 18.500000000000004 10.500000000000002 19969.375000000004 19973.042500000003 1.0000000180025095e-35 19.582175000000003 19038.230000000007
decision_type=2 2 2 2 2 2 2 2 2 2 2 2 2 2 2 2 2 2 2 2 2 2 2 2 2 2 2 2 2
left_child=2 4 18 10 6 -6 -2 17 9 -8 12 -12 16 15 -15 -14 -4 -5 -1 -11 -3 22 -22 -23 -24 -26 27 28 -25
right_child=1 20 3 7 5 -7 8 -9 -10 19 11 -13 13 14 -16 -17 -18 -19 -20 -21 21 23 24 26 25 -27 -28 -29 -30
leaf_value=-0.74774018082103377 2.6911563311135236 -3.2153273555776973 -0.39773672216723799 15.01098305906004 2.1769296269322829 14.694008513071479 1.0077761077630161 0.021575191879793943 2.0031015359243272 -0.056796416999226516 -0.50637951955741023 13.642523868165688 -4.1561064671273238 3.393930975256112 -16.014063556583373 -0.41509446465858085 12.530022725453273 -1.4536822709317399 0.34256048030548575 -4.9198297292194519 3.4731884948617675 -0.047652860791843395 -2.4557985601276791 2.4812580450681492 17.147771848261829 1.5267016044112571 -12.441908741122445 -4.3121006680019214 -4.8742720754839963
leaf_weight=4896 701 407 209 43 1919 62 798 1973 575 262 581 26 1348 53 106 650 32 27 14607 603 875 29820 501 269 30 142 41 456 116
leaf_count=4896 701 407 209 43 1919 62 798 1973 575 262 581 26 1348 53 106 650 32 27 14607 603 875 29820 501 269 30 142 41 456 116
internal_value=-0.0263087 0.0900917 -0.204468 -1.26045 1.20925 2.56868 0.29294 0.317568 -0.458244 -1.30928 -2.33329 0.0996691 -2.94913 -3.42599 -9.54473 -2.93906 1.31881 8.66033 0.0688533 -3.44686 -0.078517 -0.03893 1.64077 -0.123621 -0.74165 4.25131 -2.69206 -2.21674 0.265046
internal_weight=62128 37577 24551 5048 4920 1981 2939 2043 2238 1663 3005 607 2398 2157 159 1998 241 70 19503 865 32657 32250 1548 30702 673 172 882 841 385
internal_count=62128 37577 24551 5048 4920 1981 2939 2043 2238 1663 3005 607 2398 2157 159 1998 241 70 19503 865 32657 32250 1548 30702 673 172 882 841 385
is_linear=0
shrinkage=0.0768785


Tree=148
num_leaves=30
num_cat=0
split_feature=4 4 8 1 6 4 5 0 8 5 4 8 1 5 6 0 6 8 1 3 7 7 8 6 0 1 8 4 7
split_gain=211167 755874 2.10016e+06 2.32563e+06 1.98585e+06 2.09123e+06 2.65107e+06 1.88209e+06 2.26885e+06 2.09664e+06 1.81787e+06 2.79773e+06 3.36076e+06 2.44074e+06 2.56503e+06 2.32276e+06 3.02492e+06 1.6986e+06 1.6088e+06 1.71924e+06 1.39787e+06 1.37734e+06 1.31095e+06 1.31575e+06 1.30293e+06 1.2513e+06 1.40565e+06 1.20238e+06 1.11546e+06
threshold=16.500000000000004 18.500000000000004 13199.117500000002 8.5000000000000018 18079.366250000003 17.500000000000004 1.0000000180025095e-35 30.973912500000001 20787.597500000003 1.0000000180025095e-35 17.500000000000004 20707.396250000002 1.5000000000000002 1.0000000180025095e-35 19559.816250000003 19.738912500000005 21567.930000000004 19194.935000000001 6.5000000000000009 1.0000000180025095e-35 22058.356250000004 19868.948750000007 25203.846250000006 29042.320000000003 35.48102500000001 9.5000000000000018 18195.390000000003 21.500000000000004 21883.562500000004
decision_type=2 2 2 2 2 2 2 2 2 2 2 2 2 2 2 2 2 2 2 2 2 2 2 2 2 2 2 2 2
left_child=-1 2 -2 10 -5 6 -6 9 -9 17 11 12 -4 14 -12 -15 -17 -7 -18 20 -20 -13 23 -3 -10 26 -8 -24 -16
right_child=1 22 3 4 5 7 25 8 24 -11 13 21 -14 15 28 16 18 -19 19 -21 -22 -23 27 -25 -26 -27 -28 -29 -30
leaf_value=-0.11521532565990017 6.2971516073416449 -0.5377103289416586 6.119588411383214 0.051596355849600074 -9.7664712321379969 2.8164791734779793 -8.6233461610302893 18.934970209576047 8.4143274184294157 -3.3419153954495102 0.64792654380949644 10.119954630173682 -6.4864017460068082 -3.9305697372418926 -7.8259087787990795 7.5481865161397685 -5.9497721213187091 24.827418896420607 -9.5530558683319011 15.887316250287784 6.3872048491533784 -0.22254587476378529 2.3980025363671884 -12.464118481237106 -7.094973085193307 18.449531298500364 12.573928173267374 -0.371022407585823 -22.201876756358768
leaf_weight=44013 405 9166 145 805 32 67 25 80 86 307 254 115 906 254 116 633 197 30 58 52 74 225 1978 55 51 140 71 1744 44
leaf_count=44013 405 9166 145 805 32 67 25 80 86 307 254 115 906 254 116 633 197 30 58 52 74 225 1978 55 51 140 71 1744 44
internal_value=-0.0242862 0.196639 0.982234 0.530684 2.81774 5.32252 10.9984 2.87302 8.64786 -0.228815 -0.730063 -2.78621 -4.74723 0.970353 -4.15487 2.64373 4.29055 9.62399 -1.12176 4.04737 -0.616849 3.27565 -0.117283 -0.608847 2.64079 13.814 7.0538 1.10053 -11.7793
internal_weight=62128 18115 5172 4767 1694 889 268 621 217 404 3073 1391 1051 1682 414 1268 1014 97 381 184 132 340 12943 9221 137 236 96 3722 160
internal_count=62128 18115 5172 4767 1694 889 268 621 217 404 3073 1391 1051 1682 414 1268 1014 97 381 184 132 340 12943 9221 137 236 96 3722 160
is_linear=0
shrinkage=0.0768785


Tree=149
num_leaves=30
num_cat=0
split_feature=8 7 6 6 1 4 7 8 5 0 4 4 8 4 1 8 4 4 4 0 7 0 4 6 1 8 0 4 1
split_gain=203764 980130 1.14118e+06 858572 1.15415e+06 1.47183e+06 1.37999e+06 789467 688394 1.22054e+06 1.67564e+06 1.87241e+06 1.14483e+06 1.54647e+06 1.2522e+06 1.82304e+06 914898 1.427e+06 1.57739e+06 2.16654e+06 2.19491e+06 1.63781e+06 4.40622e+06 1.86942e+06 2.57237e+06 1.37517e+06 1.3257e+06 3.14955e+06 1.31301e+06
threshold=13884.125000000002 16544.376250000005 17914.415000000005 14305.642500000002 4.5000000000000009 7.5000000000000009 14737.083750000002 14713.491250000001 1.0000000180025095e-35 31.258775000000004 8.5000000000000018 5.5000000000000009 22375.611250000005 15.500000000000002 4.5000000000000009 16328.451250000002 9.5000000000000018 15.500000000000002 18.500000000000004 35.709887500000008 14914.1625 25.984300000000001 17.500000000000004 18538.930000000004 3.5000000000000004 16018.950000000003 36.034200000000006 19.500000000000004 11.500000000000002
decision_type=2 2 2 2 2 2 2 2 2 2 2 2 2 2 2 2 2 2 2 2 2 2 2 2 2 2 2 2 2
left_child=1 2 -1 4 -2 6 -6 -5 9 -9 11 -11 13 -12 -15 -16 -10 -18 19 21 -21 22 25 24 -24 -19 -20 -28 -27
right_child=3 -3 -4 7 5 -7 -8 8 16 10 12 -13 -14 14 15 -17 17 18 26 20 -22 -23 23 -25 -26 28 27 -29 -30
leaf_value=-0.11518293426634235 2.5443424078912513 -3.4708696234932326 -14.652265348380222 -1.6786368972078238 -11.063904109368529 1.2773631759416251 -0.62258436628864344 1.4826105854694889 0.38770380633395346 -0.15738530803957088 0.90575063864858829 -5.3198667975138871 2.0004829998380802 5.9876862294963598 -17.711296660599825 -2.9692920338641895 -1.1947657110135905 2.6344087240957466 -0.83304155874581243 16.407577279357618 -1.3978879757116762 4.1330729558761199 -1.678579431780568 1.9907937762934387 -13.707778387728911 5.647692400312109 9.0409538418860151 -1.4610154477789576 19.13219299414601
leaf_weight=12187 1762 550 32 1654 133 658 171 4788 12282 1064 1747 681 2017 83 53 768 8823 192 7646 42 1589 1637 270 247 172 89 277 432 82
leaf_count=12187 1762 550 32 1654 133 658 171 4788 12282 1064 1747 681 2017 83 53 768 8823 192 7646 42 1589 1637 270 247 172 89 277 432 82
internal_value=-0.0224191 -0.296154 -0.153254 0.0483951 1.37506 -0.766586 -5.19066 -0.0290971 0.0315583 0.553847 -0.139576 -2.17208 0.620219 -0.429947 -3.01121 -3.92097 -0.141626 -0.444036 0.0785426 1.27124 -0.939378 2.61209 0.245307 -3.36608 -6.35963 7.09997 -0.538151 2.64201 12.1139
internal_weight=62128 12769 12219 49359 2724 962 304 46635 44981 11201 6413 1745 4668 2651 904 821 33780 21498 12675 4320 1631 2689 1052 689 442 363 8355 709 171
internal_count=62128 12769 12219 49359 2724 962 304 46635 44981 11201 6413 1745 4668 2651 904 821 33780 21498 12675 4320 1631 2689 1052 689 442 363 8355 709 171
is_linear=0
shrinkage=0.0768785


Tree=150
num_leaves=30
num_cat=0
split_feature=0 8 4 7 8 0 6 1 6 7 6 0 7 4 4 8 5 1 3 7 7 6 8 4 1 6 7 0 3
split_gain=237637 605700 511937 795172 614989 624157 850629 801821 582493 577277 540004 539399 508819 799883 452688 424604 401993 440299 394696 365389 656790 483606 368081 348868 343197 985159 735206 519028 481318
threshold=36.911925000000011 29644.963750000006 13.500000000000002 14855.645000000002 18950.122500000001 39.707900000000009 27621.875000000004 5.5000000000000009 15442.972500000002 15681.523750000002 19000.313750000005 39.542950000000012 20156.097500000007 16.500000000000004 15.500000000000002 22561.093750000004 1.0000000180025095e-35 6.5000000000000009 1.0000000180025095e-35 24805.842500000002 21964.595000000005 25643.250000000004 21888.522500000003 17.500000000000004 8.5000000000000018 24374.062500000004 21804.658750000006 39.215000000000011 1.0000000180025095e-35
decision_type=2 2 2 2 2 2 2 2 2 2 2 2 2 2 2 2 2 2 2 2 2 2 2 2 2 2 2 2 2
left_child=-1 2 9 18 8 -6 12 -8 -5 -2 11 -11 13 -7 16 -15 17 -14 -4 20 -16 -21 -22 -10 28 26 -26 -28 -12
right_child=1 -3 3 4 5 6 7 -9 23 10 24 -13 14 15 19 -17 -18 -19 -20 21 22 -23 -24 -25 25 -27 27 -29 -30
leaf_value=-0.056598880644315369 -2.1917765246130845 9.2806027261568023 3.1077518862768332 7.0392388032643405 0.53632673655092178 -1.8252455948594526 -8.2210162845435129 7.0986971574938256 -5.6624115203729453 2.7864871599729542 1.7798354688605365 11.613768117635301 4.8552428691935923 2.0346542413521589 -1.8382205870195045 15.79933970192049 -3.2205973236936205 -5.1569483429016412 12.841161538328912 2.7055292036148764 -18.732657843341322 -8.8794290891061269 -8.6875287704103155 3.0897536495110338 1.933277426722753 -13.372790968777563 -2.1891190497993396 -13.086200855242478 -0.28584217416745161
leaf_weight=53861 333 45 97 27 2160 163 25 105 262 370 2219 46 87 26 78 27 353 37 33 57 27 34 107 30 365 35 155 31 953
leaf_count=53861 333 45 97 27 2160 163 25 105 262 370 2219 46 87 26 78 27 353 37 33 57 27 34 107 30 365 35 155 31 953
internal_value=0.00236827 0.385623 0.337058 -0.328515 -0.54153 -0.228671 -1.69616 4.1526 -3.76426 0.888625 1.13438 3.76258 -2.45956 0.842445 -3.37396 9.04685 -1.89784 1.86773 5.57854 -5.69774 -7.44683 -1.62292 -10.7115 -4.76322 0.843443 -0.865848 -0.0713964 -4.0053 1.15922
internal_weight=62148 8287 8242 3735 3605 3286 1126 130 319 4507 4174 416 996 216 780 53 477 124 130 303 212 91 134 292 3758 586 551 186 3172
internal_count=62148 8287 8242 3735 3605 3286 1126 130 319 4507 4174 416 996 216 780 53 477 124 130 303 212 91 134 292 3758 586 551 186 3172
is_linear=0
shrinkage=0.0768785


Tree=151
num_leaves=30
num_cat=0
split_feature=0 6 7 4 6 6 6 8 8 5 7 6 8 0 5 6 8 4 3 4 0 1 7 8 6 8 8 4 5
split_gain=211998 438428 408269 374922 358872 334882 360515 321004 218198 392013 509995 257654 500720 1.16087e+06 243401 250278 631754 479028 313391 285290 239162 225655 358825 222577 218738 1.18845e+06 1.05074e+06 956170 937329
threshold=42.348275000000008 23787.875000000004 25520.236250000005 14.500000000000002 27358.375000000004 25751.625000000004 28340.125000000004 27071.300000000003 28658.991250000003 1.0000000180025095e-35 22561.917500000003 29042.320000000003 25014.987500000003 34.229375000000012 37.500000000000007 29042.320000000003 29644.963750000006 1.5000000000000002 1.0000000180025095e-35 18.500000000000004 35.95781250000001 6.5000000000000009 26666.660000000003 29285.471250000006 17967.977500000005 18654.710000000003 17613.028750000005 22.500000000000004 1.0000000180025095e-35
decision_type=2 2 2 2 2 2 2 2 2 2 2 2 2 2 2 2 2 2 2 2 2 2 2 2 2 2 2 2 2
left_child=8 -2 4 5 -3 -4 7 -7 11 23 -11 24 13 -13 15 16 19 -17 21 -12 -14 22 -19 -10 26 -26 -1 28 -27
right_child=1 2 3 -5 -6 6 -8 -9 9 10 14 12 20 -15 -16 17 -18 18 -20 -21 -22 -23 -24 -25 25 27 -28 -29 -30
leaf_value=-0.036795430569087455 6.1198960946879781 0.48990073499870962 -5.3456285110719435 9.8239340353783593 -4.841575005645919 9.0572681350333433 -4.3579594800670982 1.9829325908209532 1.7382047343811049 -10.594574492040904 -3.6934459943422842 3.5900165511597759 -2.5204993265912532 -18.519962097049298 2.4090724926638067 8.2165436004087127 -10.586392699326051 -0.091160012256257833 -6.2265271587185298 1.1684072572452917 3.1764287063415821 -1.2870938515640196 11.8319750539809 6.1173968352288526 -1.3995820470875329 0.97629586474003527 1.4022132059172085 -2.238035362226221 -0.15309526840170887
leaf_weight=28264 97 232 35 38 110 55 35 122 170 25 107 25 132 32 280 51 41 35 40 214 65 76 26 115 4038 5777 3355 1056 17500
leaf_count=28264 97 232 35 38 110 55 35 122 170 25 107 25 132 32 280 51 41 35 40 214 65 76 26 115 4038 5777 3355 1056 17500
internal_value=0.0021862 1.31003 0.565925 2.71492 -1.2249 1.62122 2.77141 4.18117 -0.0132293 1.0221 0.231373 -0.0335082 -2.47688 -8.8226 0.542463 -0.343385 -1.6 1.65177 -0.239771 -0.45221 -0.640802 1.50819 4.99083 3.50525 -0.0231629 -0.178139 0.115894 0.0245563 0.127203
internal_weight=62148 724 627 285 342 247 212 177 61424 1180 895 60244 254 57 870 590 362 228 177 321 197 137 61 285 59990 28371 31619 24333 23277
internal_count=62148 724 627 285 342 247 212 177 61424 1180 895 60244 254 57 870 590 362 228 177 321 197 137 61 285 59990 28371 31619 24333 23277
is_linear=0
shrinkage=0.0768785


Tree=152
num_leaves=30
num_cat=0
split_feature=7 7 6 1 4 4 0 4 4 5 4 8 0 8 3 7 4 6 8 0 7 4 5 4 5 8 4 0 2
split_gain=205012 250089 1.24558e+06 846790 1.02254e+06 796388 1.17581e+06 1.24382e+06 821932 753979 909662 1.93458e+06 1.00708e+06 621340 1.17248e+06 922102 594538 795133 1.20914e+06 1.10029e+06 1.07284e+06 684186 1.13257e+06 930860 3.04824e+06 2.63714e+06 1.65653e+06 1.47336e+06 1.38861e+06
threshold=29644.963750000006 23191.750000000004 21011.356250000001 6.5000000000000009 22.500000000000004 15.500000000000002 31.737050000000004 18.500000000000004 19.500000000000004 1.0000000180025095e-35 19.500000000000004 23099.520000000004 34.734800000000007 29644.963750000006 1.0000000180025095e-35 26799.525000000005 22.500000000000004 18484.625000000004 13264.308750000002 14.755587500000003 16205.780000000001 4.5000000000000009 1.0000000180025095e-35 6.5000000000000009 1.0000000180025095e-35 23785.500000000004 5.5000000000000009 28.674850000000003 1.0000000180025095e-35
decision_type=2 2 2 2 2 2 2 2 2 2 2 2 2 2 2 2 2 2 2 2 2 2 2 2 2 2 2 2 2
left_child=1 16 -3 13 5 -5 8 -8 -7 10 11 -9 -13 -4 15 -15 21 18 -18 -20 -19 22 -1 24 27 28 -27 -23 -26
right_child=-2 2 3 4 -6 6 7 9 -10 -11 -12 12 -14 14 -16 -17 17 20 19 -21 -22 23 -24 -25 25 26 -28 -29 -30
leaf_value=-1.0335131838881064 -2.2547713244782766 2.3549680125315717 0.60384441024715885 -1.1877548954422903 -3.6159186122501197 -9.8582212398470457 8.4051267494060653 -4.5276587782019027 -1.2735004738171574 0.077444836211627677 2.0185870189775357 29.684425211987406 8.6723973175994775 5.9430956155933563 -4.7559005841461683 22.63434868001708 -0.95746160058770124 -17.103570496895056 0.43868089394263915 6.3368217991033271 -0.72762569967455282 4.0981108055416948 0.97483196758367385 -0.1142113882605561 -2.2257738815982222 -15.914728479233018 1.1822138024165778 -1.8106690197362458 5.3393926854615357
leaf_weight=2190 237 1554 4926 2662 599 87 140 31 272 1534 398 28 26 79 45 26 438 26 303 488 261 774 6852 34218 3260 131 45 368 150
leaf_count=2190 237 1554 4926 2662 599 87 140 31 272 1534 398 28 26 79 45 26 438 26 303 488 261 774 6852 34218 3260 131 45 368 150
internal_value=0.00201813 0.0106573 0.319299 0.0278198 -0.608723 -0.260845 0.719852 1.39787 -3.35392 0.911496 3.56043 10.7799 19.5675 0.752269 5.62655 10.0762 -0.0666965 1.43227 2.28309 4.07748 -2.21116 -0.114051 0.488405 -0.253921 -1.26504 -2.36663 -11.5434 2.19406 -1.893
internal_weight=62148 61911 12407 10853 5777 5178 2516 2157 359 2017 483 85 54 5076 150 105 49504 1516 1229 791 287 47988 9042 38946 4728 3586 176 1142 3410
internal_count=62148 61911 12407 10853 5777 5178 2516 2157 359 2017 483 85 54 5076 150 105 49504 1516 1229 791 287 47988 9042 38946 4728 3586 176 1142 3410
is_linear=0
shrinkage=0.0768785


Tree=153
num_leaves=30
num_cat=0
split_feature=8 6 8 7 7 4 8 4 0 1 8 0 0 7 8 8 8 7 1 4 7 6 8 0 4 4 8 7 7
split_gain=181280 802271 1.08243e+06 480189 947316 2.93613e+06 883880 447897 442128 299773 1.75566e+06 392795 1.64296e+06 522171 1.57631e+06 685458 464083 394468 323496 283631 278713 246380 961338 652637 578528 1.17364e+06 513370 578286 548941
threshold=11134.210000000001 10732.750000000002 11762.932500000001 14914.1625 13642.600000000002 5.5000000000000009 9860.7500000000018 11.500000000000002 30.209375000000012 3.5000000000000004 9860.7500000000018 17.640050000000002 16.815812500000003 11798.742500000002 9860.7500000000018 9860.7500000000018 9860.7500000000018 11460.200000000003 2.5000000000000004 14.500000000000002 10457.630000000003 12529.032500000003 12898.248750000001 24.170587500000003 19.500000000000004 16.500000000000004 12469.546250000001 16102.382500000002 14455.19375
decision_type=2 2 2 2 2 2 2 2 2 2 2 2 2 2 2 2 2 2 2 2 2 2 2 2 2 2 2 2 2
left_child=3 2 -2 4 9 -6 -5 -4 -7 11 -11 12 13 15 -15 -1 -13 20 -19 -20 -18 26 23 24 25 -23 27 -3 -28
right_child=1 21 7 6 5 8 -8 -9 -10 10 -12 16 -14 14 -16 -17 17 18 19 -21 -22 22 -24 -25 -26 -27 28 -29 -30
leaf_value=10.530471505786132 -0.33804373169660257 0.18067588654217723 19.257507923740324 15.572907163430287 -28.490733287695683 2.3266931321416742 0.84390616065108603 7.4859407391731621 -9.2773147476794726 15.718026284797027 -0.36226573081878571 9.8679290537640973 -17.71958838634621 -19.331313875160781 -1.1447929995655375 -1.141077359796647 1.5289176911895868 6.7705831904611262 3.966165277565167 -3.7300161710706767 -8.3186530062386748 -1.1676685096248749 0.025802317781409363 -4.0847332500072042 -6.8248701200754738 6.9067463608711046 2.605660912878764 -7.8366515560306933 -1.5051594522838665
leaf_weight=32 123 3473 25 28 30 69 172 81 27 42 901 30 40 37 118 421 26 53 49 67 49 1285 52921 504 91 116 1049 54 235
leaf_count=32 123 3473 25 28 30 69 172 81 27 42 901 30 40 37 118 421 26 53 49 67 49 1285 52921 504 91 116 1049 54 235
internal_value=0.00186298 0.0269626 4.56864 -0.684992 -1.04571 -7.49736 2.90597 10.2623 -0.936934 -0.609835 0.35393 -1.59555 -2.62739 -1.63448 -5.48609 -0.316597 0.844699 -0.264714 1.79451 -0.479043 -4.90483 0.0095496 -0.0366654 -1.69291 -0.884943 -0.499123 0.537089 0.0579269 1.85329
internal_weight=62148 59957 229 2191 1991 126 200 106 96 1865 943 922 648 608 155 453 274 244 169 116 75 59728 54917 1996 1492 1401 4811 3527 1284
internal_count=62148 59957 229 2191 1991 126 200 106 96 1865 943 922 648 608 155 453 274 244 169 116 75 59728 54917 1996 1492 1401 4811 3527 1284
is_linear=0
shrinkage=0.0768785


Tree=154
num_leaves=30
num_cat=0
split_feature=7 7 6 1 8 4 4 4 8 8 0 1 6 7 7 0 0 4 6 8 0 7 4 0 3 5 1 4 8
split_gain=175011 212838 732784 786319 884931 729265 710366 978714 937713 726354 598768 745635 658090 1.78278e+06 591762 666962 556167 469592 709717 1.04541e+06 971636 919986 656009 1.62652e+06 889926 825771 1.53415e+06 2.30709e+06 1.02861e+06
threshold=29644.963750000006 23785.875000000004 21011.356250000001 6.5000000000000009 29644.963750000006 22.500000000000004 15.500000000000002 18.500000000000004 23191.250000000004 27493.246250000004 37.399800000000006 8.5000000000000018 27496.036250000001 26559.025000000005 24805.842500000002 30.973912500000001 34.588025000000009 22.500000000000004 18484.625000000004 13884.125000000002 14.755587500000003 16205.780000000001 18.500000000000004 36.211762500000013 1.0000000180025095e-35 1.0000000180025095e-35 5.5000000000000009 20.500000000000004 16956.198750000003
decision_type=2 2 2 2 2 2 2 2 2 2 2 2 2 2 2 2 2 2 2 2 2 2 2 2 2 2 2 2 2
left_child=1 17 -3 -4 5 6 -5 8 -8 10 11 -9 14 -14 15 -13 -6 22 19 -19 -21 -20 -1 25 -25 26 27 28 -24
right_child=-2 2 3 4 16 -7 7 9 -10 -11 -12 12 13 -15 -16 -17 -18 18 21 20 -22 -23 23 24 -26 -27 -28 -29 -30
leaf_value=0.0099365813677449646 -2.0834115082448323 2.1269565520244011 0.83167168071218478 -1.0797864277492524 -0.80371003307154099 -3.0616495388211153 3.6320320468725633 1.2879231182028492 19.823473648175987 2.773743052386243 -10.465809819349118 -1.4037061879780568 21.110470378579375 -6.4823903506587284 -1.9053567186048908 -15.236071813420356 -15.083870850152692 -0.23754815692497047 -15.789509718428112 0.27000089730199911 6.4929653268695775 -0.72243128582416472 15.311265653436561 2.6490212603672689 14.019977959116895 -1.5609892449222293 -2.2111947364807016 -1.4574408735759639 4.9256109010932789
leaf_weight=43048 237 1180 4584 2263 27 557 78 895 29 597 34 38 25 31 512 45 40 588 26 232 411 304 66 131 59 4605 697 423 386
leaf_count=43048 237 1180 4584 2263 27 557 78 895 29 597 34 38 25 31 512 45 40 588 26 232 411 304 66 131 59 4605 697 423 386
internal_value=0.00171976 0.0097018 0.317467 0.0985844 -0.551284 -0.436057 -0.114427 0.842057 8.02037 0.489242 -0.373953 -0.15201 -2.13164 5.83585 -2.88152 -8.90318 -9.32918 -0.0563177 1.25652 2.10526 4.24767 -1.90953 -0.0977897 -0.826139 6.18 -1.04164 0.479726 2.62324 6.4421
internal_weight=62148 61911 10935 9755 5171 5104 4547 2284 107 2177 1580 1546 651 56 595 83 67 50976 1561 1231 643 330 49415 6367 190 6177 1572 875 452
internal_count=62148 61911 10935 9755 5171 5104 4547 2284 107 2177 1580 1546 651 56 595 83 67 50976 1561 1231 643 330 49415 6367 190 6177 1572 875 452
is_linear=0
shrinkage=0.0768785


Tree=155
num_leaves=30
num_cat=0
split_feature=6 8 0 4 7 7 7 8 7 1 4 1 7 1 0 4 1 4 7 0 6 4 4 8 5 0 8 4 4
split_gain=201231 1.57848e+06 908832 921951 1.06765e+06 837590 750978 710404 993350 1.13189e+06 720144 1.69282e+06 1.35046e+06 1.15913e+06 1.83132e+06 2.5923e+06 748092 892294 696869 685885 630238 1.15954e+06 978689 628616 622406 1.16264e+06 1.60843e+06 1.12545e+06 1.20752e+06
threshold=15493.423750000002 15176.705000000002 14.912925 7.5000000000000009 21393.060000000005 11869.712500000001 14737.083750000002 14308.921250000001 12689.090000000002 8.5000000000000018 7.5000000000000009 9.5000000000000018 14514.411250000003 10.500000000000002 26.332625000000004 4.5000000000000009 2.5000000000000004 4.5000000000000009 16254.062500000002 19.582175000000003 13944.175000000001 9.5000000000000018 4.5000000000000009 13322.755000000003 1.0000000180025095e-35 32.161112500000009 20631.270000000004 8.5000000000000018 14.500000000000002
decision_type=2 2 2 2 2 2 2 2 2 2 2 2 2 2 2 2 2 2 2 2 2 2 2 2 2 2 2 2 2
left_child=7 2 -2 -4 6 -3 -5 20 9 -9 11 16 19 14 15 -14 -10 -18 -8 -13 23 22 -22 -1 25 -7 27 -27 -29
right_child=1 5 3 4 -6 24 18 8 10 -11 -12 12 13 -15 -16 -17 17 -19 -20 -21 21 -23 -24 -25 -26 26 -28 28 -30
leaf_value=-0.1380803896250872 3.2157009449346092 -9.9231652778304085 -6.9821340463232469 -7.2025480024747308 13.574307720462523 1.4468543025495053 1.4555009663918013 5.1049250279233371 5.9901492913963033 -11.078829107318478 1.2251581318270259 -12.681263916906342 3.8468068896336693 1.9849974728420337 7.4619429729692248 -22.562163391382338 3.3234045031308521 -1.9826958451598151 -3.385699873844787 -3.8056782633259956 -4.120080337653981 -3.3419816111800658 1.7308552338034908 1.2376098269107663 -0.13840802445349248 -5.9534394714901246 0.74247951503674403 0.69116208519821487 -3.6700649345442256
leaf_weight=9582 141 50 303 166 25 4673 290 473 163 27 3661 122 35 237 37 59 324 444 446 89 216 911 776 2469 31002 350 3660 901 643
leaf_count=9582 141 50 303 166 25 4673 290 473 163 27 3661 122 35 237 37 59 324 444 446 89 216 911 776 2469 31002 350 3660 901 643
internal_value=0.0296017 -0.0641417 -2.63046 -3.30063 -2.09729 0.0210936 -2.53165 0.233329 0.958888 4.231 0.642497 -0.770167 -4.03422 -1.22281 -7.02624 -12.729 1.25979 0.255815 -1.47816 -8.93753 -0.0615427 -1.36171 0.456861 0.14377 0.0331534 0.553223 -0.198657 -2.01733 -1.12507
internal_weight=62275 42650 1371 1230 927 41279 902 19625 5671 500 5171 1510 579 368 131 94 931 768 736 211 13954 1903 992 12051 41229 10227 5554 1894 1544
internal_count=62275 42650 1371 1230 927 41279 902 19625 5671 500 5171 1510 579 368 131 94 931 768 736 211 13954 1903 992 12051 41229 10227 5554 1894 1544
is_linear=0
shrinkage=0.0768785


Tree=156
num_leaves=30
num_cat=0
split_feature=4 0 4 5 4 1 1 6 7 6 4 4 7 7 8 8 7 4 4 6 1 8 4 5 7 7 4 1 8
split_gain=181640 1.13691e+06 1.11367e+06 2.6505e+06 2.43785e+06 1.26882e+06 1.22994e+06 2.74011e+06 1.37491e+06 1.09672e+06 962304 2.0838e+06 1.45643e+06 1.32382e+06 1.22704e+06 958738 2.03176e+06 1.10142e+06 1.517e+06 1.07306e+06 1.05897e+06 1.58539e+06 1.20095e+06 1.71902e+06 1.15787e+06 958572 955182 949972 1.2295e+06
threshold=6.5000000000000009 32.894475000000007 9.5000000000000018 1.0000000180025095e-35 7.5000000000000009 8.5000000000000018 6.5000000000000009 14305.642500000002 14737.083750000002 15223.985000000002 3.5000000000000004 5.5000000000000009 27071.300000000003 23004.875000000004 27493.246250000004 18707.277500000004 18512.375000000004 5.5000000000000009 3.5000000000000004 19835.316250000003 10.500000000000002 12657.095000000003 4.5000000000000009 1.0000000180025095e-35 11300.370000000001 14035.845000000003 8.5000000000000018 2.5000000000000004 15342.120000000001
decision_type=2 2 2 2 2 2 2 2 2 2 2 2 2 2 2 2 2 2 2 2 2 2 2 2 2 2 2 2 2
left_child=1 15 3 4 5 -2 7 8 -5 -6 -3 12 14 -13 -12 16 17 18 -1 -17 22 25 -20 -24 -25 -22 -11 28 -19
right_child=2 10 -4 6 9 -7 -8 -9 -10 26 11 13 -14 -15 -16 19 -18 27 20 -21 21 -23 23 24 -26 -27 -28 -29 -30
leaf_value=-0.46178772135871893 -2.8629446868426238 -0.48529529326337817 -0.067074541319204387 9.993680018718722 4.1951647176537481 -9.9562344763818693 2.8712592149183891 -0.35598025425606428 1.0634233243191 -3.7730160061756521 -7.2002352523750792 -2.1414399933377419 7.1306772655843993 7.6411007851458255 -20.891232295408869 3.245055415758328 -4.0007814722905515 0.17176510065244346 2.714796763787374 0.39478888908550314 2.3913059259605789 8.25564350525711 4.7595667092742717 -14.011708732874306 -2.1909547929960458 -9.8218539284731889 1.1493513866954654 -3.0845482468021106 17.774077189425576
leaf_weight=5097 434 1511 36342 250 339 227 2954 2437 172 398 386 412 38 102 43 942 839 379 907 4558 516 324 216 53 645 41 562 1126 25
leaf_count=5097 434 1511 36342 250 339 227 2954 2437 172 398 386 412 38 102 43 942 839 379 907 4558 516 324 216 53 645 41 562 1126 25
internal_value=0.0273259 -0.177313 0.111566 0.946785 -1.49803 -5.29892 1.77112 0.634419 6.35386 0.436055 -1.70257 -3.5775 -7.29475 -0.200158 -8.57253 0.0652795 -0.377015 -0.0511132 0.318876 0.882962 1.79151 3.97962 0.732894 -1.23383 -3.08852 1.49231 -0.89138 -1.93709 1.26102
internal_weight=62275 18160 44115 7773 1960 661 5813 2859 422 1299 2492 981 467 514 429 15668 10168 9329 7799 5500 2702 881 1821 914 698 557 960 1530 404
internal_count=62275 18160 44115 7773 1960 661 5813 2859 422 1299 2492 981 467 514 429 15668 10168 9329 7799 5500 2702 881 1821 914 698 557 960 1530 404
is_linear=0
shrinkage=0.0768785


Tree=157
num_leaves=30
num_cat=0
split_feature=4 0 4 0 8 0 6 6 1 8 4 0 3 8 6 0 1 5 7 0 8 8 0 4 7 8 1 5 8
split_gain=170925 540826 512955 1.24871e+06 1.05025e+06 1.00824e+06 1.55823e+06 1.36674e+06 1.06131e+06 925344 985850 1.25632e+06 935188 789282 903057 1.13982e+06 774954 759701 716930 682649 769473 698793 969841 675373 1.20001e+06 929382 776058 730441 642848
threshold=16.500000000000004 11.321537500000002 11.500000000000002 14.912925 15972.445000000002 30.074812500000004 17609.820000000003 13134.338750000001 1.5000000000000002 12782.242500000002 15.500000000000002 22.277837500000004 1.0000000180025095e-35 13322.755000000003 14002.815000000001 18.502500000000005 6.5000000000000009 1.0000000180025095e-35 13974.971250000002 15.945625000000001 19564.905000000002 14249.790000000003 26.899262500000003 14.500000000000002 16254.062500000002 23482.205000000005 4.5000000000000009 1.0000000180025095e-35 28032.125000000004
decision_type=2 2 2 2 2 2 2 2 2 2 2 2 2 2 2 2 2 2 2 2 2 2 2 2 2 2 2 2 2
left_child=2 -2 -1 4 -4 7 -7 8 18 10 -10 17 -13 -9 15 -15 23 -12 -5 -16 21 -21 -23 24 -8 -26 -25 -28 -29
right_child=1 -3 3 5 -6 6 16 13 9 -11 11 12 -14 14 19 -17 -18 -19 -20 20 -22 22 -24 26 25 -27 27 28 -30
leaf_value=0.11302747464086534 -1.7206547176180869 0.31405206962957677 22.805980405640113 -7.701172597051575 0.52186151202797382 1.4673261508204716 -6.5599351054085977 -5.6682538085867273 -2.0240627040030819 3.4201739299394438 -0.66189607475712664 2.2727844474016154 -7.6787429796938316 -10.325610365294283 4.0675957184767491 1.8418797587568858 -1.5095159434755296 9.8606682452036871 2.515411867111343 -7.2870238180888194 -12.708636670366708 -3.2090505955523483 1.8280494049547666 11.995068301429756 4.5028339388396965 0.18294068490985796 2.282827670982551 -2.5786282132294565 -15.17397294673011
leaf_weight=31093 808 17369 25 155 25 2833 101 397 795 537 56 159 86 50 82 506 3238 147 55 186 48 1245 276 25 545 640 198 570 25
leaf_count=31093 808 17369 25 155 25 2833 101 397 795 537 56 159 86 50 82 506 3238 147 55 186 48 1245 276 25 545 640 198 570 25
internal_value=0.0252252 0.223606 -0.0565464 -0.461972 11.6639 -0.508772 0.00983543 -1.39572 0.143529 0.753346 -0.398775 2.48539 -1.2204 -2.49361 -1.96693 0.747681 -0.763109 6.95789 -5.0254 -2.78856 -3.1089 -2.83896 -2.29502 0.38559 1.48412 2.16973 -1.34143 -1.76188 -3.10784
internal_weight=62275 18177 44098 13005 50 12955 8175 4780 1990 1780 1243 448 245 2790 2393 556 5342 203 210 1837 1755 1707 1521 2104 1286 1185 818 793 595
internal_count=62275 18177 44098 13005 50 12955 8175 4780 1990 1780 1243 448 245 2790 2393 556 5342 203 210 1837 1755 1707 1521 2104 1286 1185 818 793 595
is_linear=0
shrinkage=0.0768785


Tree=158
num_leaves=30
num_cat=0
split_feature=4 0 4 5 4 0 8 1 6 7 8 6 1 4 4 7 8 7 6 8 7 1 7 4 4 8 5 1 1
split_gain=166045 968825 925705 2.25863e+06 2.07742e+06 1.17148e+06 1.12467e+06 1.0481e+06 2.335e+06 1.17163e+06 946672 934578 885021 820031 1.77572e+06 1.26122e+06 1.14964e+06 1.12809e+06 818083 816992 1.73137e+06 1.03007e+06 977809 938575 1.29272e+06 951430 2.08529e+06 1.72166e+06 1.36494e+06
threshold=6.5000000000000009 32.894475000000007 9.5000000000000018 1.0000000180025095e-35 7.5000000000000009 7.6113000000000008 11762.932500000001 6.5000000000000009 14305.642500000002 14737.083750000002 16515.275000000005 15223.985000000002 8.5000000000000018 3.5000000000000004 5.5000000000000009 26934.638750000002 27493.246250000004 23004.875000000004 13134.338750000001 18707.277500000004 18512.375000000004 5.5000000000000009 23100.096250000002 5.5000000000000009 3.5000000000000004 12019.710000000001 1.0000000180025095e-35 10.500000000000002 10.500000000000002
decision_type=2 2 2 2 2 2 2 2 2 2 2 2 2 2 2 2 2 2 2 2 2 2 2 2 2 2 2 2 2
left_child=1 19 3 4 5 -2 -7 8 9 18 -9 -6 -8 -3 15 16 -15 -16 -5 20 23 22 -21 24 -1 -25 27 -27 -28
right_child=2 13 -4 7 11 6 12 10 -10 -11 -12 -13 -14 14 17 -17 -18 -19 -20 21 -22 -23 -24 25 -26 26 28 -29 -30
leaf_value=-0.43497555647641589 8.2043588550723943 -0.45667591215831593 -0.059040465868226324 15.080398374183062 3.8639573406815546 8.1120039976216205 -4.2912199604238985 1.1680142496054817 -0.33730240772217335 0.9729795479185096 3.926985589358206 -0.83154152851798679 -10.537314639025617 -6.7309581791410142 -1.985498643775278 5.4920063615358616 -20.279346201853965 7.0449749020229238 5.9183562026077938 3.5906822297406178 -3.7018967714615787 0.089777574084146716 -0.32362837577193693 2.7377598096468256 1.6450875418386368 -0.61910227823185082 -2.6652056540186302 12.18531900543748 -9.2178466529687615
leaf_weight=5097 38 1511 36342 90 339 33 384 1376 2437 172 1578 960 206 381 412 45 41 102 160 1191 839 3757 552 232 2702 230 730 85 253
leaf_count=5097 38 1511 36342 90 339 33 384 1376 2437 172 1578 960 206 381 412 45 41 102 160 1191 839 3757 552 232 2702 230 730 85 253
internal_value=0.0232859 -0.172371 0.103828 0.865308 -1.39156 -4.90023 -5.69955 1.62627 0.576957 5.8567 2.64183 0.393843 -6.47206 -1.58037 -3.31116 -6.74263 -8.04727 -0.193459 9.21669 0.0515715 -0.35672 0.806392 2.35104 -0.0558731 0.285672 -1.79686 -2.60736 2.83606 -4.35169
internal_weight=62275 18160 44115 7773 1960 661 623 5813 2859 422 2954 1299 590 2492 981 467 422 514 250 15668 10168 5500 1743 9329 7799 1530 1298 315 983
internal_count=62275 18160 44115 7773 1960 661 623 5813 2859 422 2954 1299 590 2492 981 467 422 514 250 15668 10168 5500 1743 9329 7799 1530 1298 315 983
is_linear=0
shrinkage=0.0768785


Tree=159
num_leaves=30
num_cat=0
split_feature=8 7 6 0 0 6 6 6 8 4 7 0 1 7 0 1 8 5 0 8 4 4 4 4 0 1 4 8 1
split_gain=157630 1.00359e+06 3.00417e+06 6.92573e+06 2.71966e+06 1.86674e+06 331284 180876 1.32378e+06 746943 682946 660679 654151 883113 713839 979271 684860 608459 934641 1.29679e+06 806934 1.18834e+06 1.32651e+06 2.38411e+06 1.14783e+06 1.58967e+06 1.73812e+06 1.18932e+06 946696
threshold=9860.7500000000018 14855.645000000002 10263.900000000001 17.336937500000001 14.380762500000001 10844.745000000001 11133.621250000002 15387.295 15176.705000000002 1.0000000180025095e-35 11869.712500000001 12.553050000000001 10.500000000000002 14155.717500000001 32.962162500000012 2.5000000000000004 14656.537500000002 1.0000000180025095e-35 32.161112500000009 20631.270000000004 3.5000000000000004 19.500000000000004 17.500000000000004 12.500000000000002 11.747187500000001 9.5000000000000018 18.500000000000004 19194.935000000001 2.5000000000000004
decision_type=2 2 2 2 2 2 2 2 2 2 2 2 2 2 2 2 2 2 2 2 2 2 2 2 2 2 2 2 2
left_child=1 2 3 -1 -4 -6 -7 9 12 11 -10 -2 14 -14 15 -9 -16 18 20 -20 -12 22 23 -22 -24 28 27 -27 -26
right_child=7 -3 4 -5 5 6 -8 8 10 -11 17 -13 13 -15 16 -17 -18 -19 19 -21 21 -23 24 -25 25 26 -28 -29 -30
leaf_value=6.377830093910358 -4.2674456203431186 12.656741873820346 -12.465738352731663 -40.383268833052249 -4.6211920200890173 24.161059234499358 13.011311914828541 0.022449331176055552 -8.956046923211554 0.34514353455033209 -0.76874854502368339 -0.28293052151876463 -12.746476980756936 2.3891710177813916 6.6220613673639948 -5.1280012323352624 -4.5278509924066848 -0.13445973196169525 -1.7524126880060573 0.71910675048934558 2.8187653579408618 -0.20884176502404747 -7.5201315931807651 -4.7946708881800282 6.0564683345261958 5.2525664422769793 -2.8567424669151471 22.088149520406233 15.015485640119801
leaf_weight=39 391 25 46 36 33 28 36 301 50 17830 873 663 25 257 82 793 54 31288 1909 3661 1762 1183 36 282 131 124 157 31 149
leaf_count=39 391 25 46 36 33 28 36 301 50 17830 873 663 25 257 82 793 54 31288 1909 3661 1762 1183 36 282 131 124 157 31 149
internal_value=0.0214957 -1.93272 -3.60582 -16.0675 2.93003 10.2311 17.8893 0.029151 -0.0576958 0.227587 0.0234515 -1.76106 -2.29225 1.04736 -3.05792 -3.71092 2.19489 0.0342478 0.546825 -0.127954 1.34178 1.81972 2.71785 1.76838 5.80816 6.61866 2.84469 8.61968 10.8239
internal_weight=62275 243 218 75 143 97 64 62032 43148 18884 41636 1054 1512 282 1230 1094 136 41586 10298 5570 4728 3855 2672 2044 628 592 312 155 280
internal_count=62275 243 218 75 143 97 64 62032 43148 18884 41636 1054 1512 282 1230 1094 136 41586 10298 5570 4728 3855 2672 2044 628 592 312 155 280
is_linear=0
shrinkage=0.0768785


Tree=160
num_leaves=30
num_cat=0
split_feature=4 4 8 5 0 1 0 4 8 7 8 2 8 1 3 0 8 4 0 1 1 0 4 5 0 0 7 8 1
split_gain=247125 684022 1.55564e+06 1.70709e+06 2.16927e+06 1.61662e+06 1.83636e+06 3.71568e+06 3.32844e+06 1.76638e+06 1.60458e+06 1.40719e+06 1.27772e+06 1.32662e+06 1.13357e+06 1.09614e+06 1.35411e+06 1.32145e+06 1.04675e+06 1.00934e+06 1.55444e+06 1.19352e+06 1.32435e+06 2.74139e+06 3.49276e+06 1.27014e+06 1.19514e+06 983681 1.27825e+06
threshold=16.500000000000004 18.500000000000004 13199.117500000002 1.0000000180025095e-35 24.170587500000003 7.5000000000000009 28.099150000000005 17.500000000000004 17613.028750000005 19868.948750000007 17108.081250000003 1.0000000180025095e-35 17613.028750000005 4.5000000000000009 1.0000000180025095e-35 33.036312500000015 20707.396250000002 17.500000000000004 22.877850000000006 7.5000000000000009 2.5000000000000004 36.375800000000005 19.500000000000004 1.0000000180025095e-35 30.647925000000004 35.099212500000014 25404.773750000004 17971.975000000002 8.5000000000000018
decision_type=2 2 2 2 2 2 2 2 2 2 2 2 2 2 2 2 2 2 2 2 2 2 2 2 2 2 2 2 2
left_child=-1 2 -2 4 -4 9 7 10 -9 12 -7 -8 13 14 -5 18 17 -17 -14 20 -3 22 23 24 -21 -25 -26 -6 -29
right_child=1 19 3 5 27 6 11 8 -10 -11 -12 -13 15 -15 -16 16 -18 -19 -20 21 -22 -23 -24 25 26 -27 -28 28 -30
leaf_value=-0.10310340453796372 5.5815157883563673 -1.3186136340822472 3.4041325339300008 -1.2326810522795077 -7.5167418428996493 4.468495147165954 6.2843345412182128 -16.684189050866554 -0.42397968628332711 -2.9612231982845927 21.579510912715126 -6.0903993435321411 5.5566288696446229 -13.982283374992575 5.4174231219598292 -6.2253069459623207 8.7499996766601082 7.7130264150310452 18.101599179544152 -4.2383629388797992 1.1841546468312361 15.901764061816889 -0.33933110753761869 -6.5285894990874018 8.606576738511226 3.8475688760701243 25.994672714591083 -4.1945921754187054 4.906956848775625
leaf_weight=44101 401 2001 314 565 311 260 854 103 268 759 37 58 122 39 207 131 111 58 58 149 5493 25 4370 738 80 77 33 380 120
leaf_count=44101 401 2001 314 565 311 260 854 103 268 759 37 58 122 39 207 131 111 58 58 149 5493 25 4370 738 80 77 33 380 120
internal_value=-0.0048909 0.234115 0.983118 0.595324 -2.02126 1.40625 3.25426 0.191845 -4.93827 -0.0180702 6.60017 5.49734 1.71226 -0.148418 0.550443 4.85602 2.0103 -1.94793 9.5989 -0.0637297 0.515881 -0.857517 -0.934437 -3.34912 3.49173 -5.54827 13.6845 -4.12185 -2.01022
internal_weight=62223 18122 5156 4755 1125 3630 1580 668 371 2050 297 912 1291 811 772 480 300 189 180 12966 7494 5472 5447 1077 262 815 113 811 500
internal_count=62223 18122 5156 4755 1125 3630 1580 668 371 2050 297 912 1291 811 772 480 300 189 180 12966 7494 5472 5447 1077 262 815 113 811 500
is_linear=0
shrinkage=0.0768785


Tree=161
num_leaves=30
num_cat=0
split_feature=4 4 5 0 8 1 7 0 4 8 8 2 8 1 3 8 0 0 0 0 4 1 0 8 8 0 8 4 1
split_gain=210588 582891 1.34753e+06 2.56813e+06 1.71866e+06 1.47193e+06 1.50811e+06 1.42247e+06 3.45246e+06 2.83852e+06 1.29275e+06 1.20041e+06 1.08507e+06 1.18327e+06 1.2661e+06 924432 923683 1.11622e+06 966403 870561 1.1991e+06 1.51561e+06 1.15923e+06 1.20725e+06 853828 1.92828e+06 848776 1.28247e+06 4.45043e+06
threshold=16.500000000000004 18.500000000000004 1.0000000180025095e-35 23.460225000000001 12405.575000000003 7.5000000000000009 19868.948750000007 28.099150000000005 17.500000000000004 18138.692500000001 17153.420000000002 1.0000000180025095e-35 18025.540000000005 4.5000000000000009 1.0000000180025095e-35 25300.822500000006 32.771100000000004 38.755387500000005 12.553050000000001 37.199950000000008 17.500000000000004 5.5000000000000009 30.209375000000012 19627.572500000006 21970.117500000004 35.95781250000001 21569.815000000002 17.500000000000004 9.5000000000000018
decision_type=2 2 2 2 2 2 2 2 2 2 2 2 2 2 2 2 2 2 2 2 2 2 2 2 2 2 2 2 2
left_child=-1 2 3 -2 -4 6 12 8 10 -10 -7 26 13 14 -6 24 18 -18 -14 20 -8 22 -22 -24 25 -3 27 28 -9
right_child=1 15 4 -5 5 7 19 11 9 -11 -12 -13 16 -15 -16 -17 17 -19 -20 -21 21 -23 23 -25 -26 -27 -28 -29 -30
leaf_value=-0.095176965354222071 3.7873947780673958 -0.15191472349554411 10.683006557760933 -3.575363034886514 -0.92904548092383099 4.6372830974254375 -14.235050711958245 -0.65846578057752259 -12.238619337773351 1.329374450032339 20.136474829885959 -5.6221785804294946 2.3382627467513131 -11.124762690892787 5.4362651728481772 0.98460260855527526 0.093112247206380172 12.054141681342456 16.585739417204437 -0.20098138560178064 -8.4033055626384847 -9.2825620275257883 18.343436692210126 0.92985405096104257 -1.8176844764777553 17.936901521582854 1.597818026064268 12.026227479165831 16.072767655013582
leaf_weight=44101 410 7189 120 883 684 273 73 290 161 210 36 58 48 52 253 3618 225 58 68 390 47 134 33 82 2124 35 213 216 139
leaf_count=44101 410 7189 120 883 684 273 73 290 161 210 36 58 48 52 253 3618 225 58 68 390 47 134 33 82 2124 35 213 216 139
internal_value=-0.00451489 0.216117 0.907537 -1.24069 1.62658 1.33623 0.0217974 3.10446 0.44065 -4.55862 6.44301 5.08196 1.52851 0.163216 0.789656 -0.0588302 4.91268 2.54449 10.6902 -2.73357 -5.41029 -3.23391 1.7693 5.9268 -0.462675 -0.0642751 5.80555 7.19508 4.76261
internal_weight=62223 18122 5156 1293 3863 3743 2147 1596 680 371 309 916 1388 989 937 12966 399 283 116 759 369 296 162 115 9348 7224 858 645 429
internal_count=62223 18122 5156 1293 3863 3743 2147 1596 680 371 309 916 1388 989 937 12966 399 283 116 759 369 296 162 115 9348 7224 858 645 429
is_linear=0
shrinkage=0.0768785


Tree=162
num_leaves=30
num_cat=0
split_feature=8 6 1 5 4 4 6 6 8 0 4 4 4 1 7 4 0 8 6 8 0 8 4 0 0 4 8 7 7
split_gain=191472 923351 853003 1.07826e+06 908980 851596 1.08083e+06 813828 704541 609212 690689 609747 1.08168e+06 1.37701e+06 720820 685621 620920 581199 621345 1.02634e+06 704424 635413 628010 577229 626552 575736 555054 547907 735836
threshold=13674.320000000002 13260.195000000002 9.5000000000000018 1.0000000180025095e-35 4.5000000000000009 5.5000000000000009 14539.065000000001 14305.642500000002 16904.042500000007 25.478250000000006 22.500000000000004 5.5000000000000009 6.5000000000000009 9.5000000000000018 11606.890000000001 1.0000000180025095e-35 11.104387500000001 14713.491250000001 15967.705000000002 16176.207500000002 15.249625000000002 16956.198750000003 22.500000000000004 16.299787500000004 20.607600000000009 12.500000000000002 12144.025000000001 14681.010000000002 13589.500000000002
decision_type=2 2 2 2 2 2 2 2 2 2 2 2 2 2 2 2 2 2 2 2 2 2 2 2 2 2 2 2 2
left_child=1 -1 -3 -4 -5 -6 26 8 9 10 11 15 13 23 -14 16 -2 -9 20 -20 21 -19 27 -13 -25 -11 -7 28 -22
right_child=7 2 3 4 5 6 -8 17 -10 25 -12 12 14 -15 -16 -17 -18 18 19 -21 22 -23 -24 24 -26 -27 -28 -29 -30
leaf_value=0.071580107202811452 -8.2326259122712351 -2.5674565923061237 -4.585323892892287 -5.7901808878457892 10.305540282967749 11.083565821114918 11.551019938165378 -1.3315250049430629 -5.8414947687301026 0.7983038484864744 4.515847980323163 2.1021685250056974 -11.350109136972362 -12.36629210922459 0.7085623729890792 4.1922894050569042 1.8212852804814015 -1.5987037120058234 -1.7280384617875795 0.0217872073573913 1.8949504746575199 10.845631283337948 7.6409526752107162 -12.712844927173375 2.369332840606186 4.5124007333200895 -0.31820236452060063 1.6342085869079499 -1.8902617175856546
leaf_weight=9305 57 1704 193 78 82 27 59 1923 82 426 250 123 30 95 1252 388 100 809 2091 37702 528 25 88 41 27 586 386 3052 714
leaf_count=9305 57 1704 193 78 82 27 59 1923 82 426 250 123 30 95 1252 388 100 809 2091 37702 528 25 88 41 27 586 386 3052 714
internal_value=-0.0041678 -0.282449 -1.58503 0.444113 1.98 3.074 1.81767 0.0611873 1.19957 1.37064 0.694698 0.242597 -0.52734 -4.8024 0.426378 2.45776 -1.82886 -0.0226657 0.0332551 -0.0701608 0.822217 -1.22567 1.21198 -1.04025 -6.72433 2.94896 0.427192 1.08023 -0.281089
internal_weight=62223 11834 2529 825 632 554 472 50389 3457 3375 2363 2113 1568 286 1282 545 157 46932 45009 39793 5216 834 4382 191 68 1012 413 4294 1242
internal_count=62223 11834 2529 825 632 554 472 50389 3457 3375 2363 2113 1568 286 1282 545 157 46932 45009 39793 5216 834 4382 191 68 1012 413 4294 1242
is_linear=0
shrinkage=0.0768785


Tree=163
num_leaves=30
num_cat=0
split_feature=4 4 0 1 6 0 4 0 1 7 7 5 1 6 8 6 1 6 0 4 5 0 7 8 0 8 4 1 5
split_gain=171357 596747 891086 981075 1.08744e+06 1.85086e+06 877590 1.19462e+06 1.11108e+06 1.03056e+06 769431 720944 691717 670477 994718 872552 708917 700101 1.08793e+06 676881 659816 881885 659434 728667 631744 613434 609317 754054 565859
threshold=16.500000000000004 11.500000000000002 14.755587500000003 3.5000000000000004 18538.930000000004 33.036312500000015 12.500000000000002 24.044425000000007 5.5000000000000009 10921.023750000002 15895.125000000002 1.0000000180025095e-35 4.5000000000000009 11628.910000000002 13199.117500000002 13077.007500000002 1.5000000000000002 14305.642500000002 17.165762500000003 15.500000000000002 1.0000000180025095e-35 38.210112500000008 18733.217500000002 17763.558750000004 24.4725 11698.510000000002 13.500000000000002 6.5000000000000009 1.0000000180025095e-35
decision_type=2 2 2 2 2 2 2 2 2 2 2 2 2 2 2 2 2 2 2 2 2 2 2 2 2 2 2 2 2
left_child=1 -1 -3 13 6 -6 7 -5 9 -8 -7 -12 20 16 15 -15 -4 19 -19 24 -9 -22 28 -24 -16 -11 27 -13 -10
right_child=-2 2 3 4 5 10 8 12 22 25 11 26 -14 14 17 -17 -18 18 -20 -21 21 -23 23 -25 -26 -27 -28 -29 -30
leaf_value=0.09717595532056611 0.1951747403525349 10.525578375723889 -8.6524301204137242 -6.737924961924886 -14.329799424474672 -5.9593366007682445 -4.0099164120322071 -11.357459641357423 -1.1525741330861694 -0.98388396206754425 0.98308005027530698 2.1262251044458464 1.5652022185913792 -2.9328689477807059 -1.2814369799761109 -8.7627122248738605 1.6622515756852905 2.6284137765405102 -3.455226718716903 -6.7283097033686641 -5.102010602796355 7.5138203907445114 -4.4007550861298359 0.87072775302431038 3.7904544525752084 4.7288977988326142 -2.1707821218952761 -1.4388294069001617 1.5246389624235874
leaf_weight=31104 18122 43 43 206 61 168 106 51 616 128 1168 567 473 510 261 216 468 210 1006 65 108 47 329 293 327 841 1843 919 1924
leaf_count=31104 18122 43 43 206 61 168 106 51 616 128 1168 567 473 510 261 216 468 210 1006 65 108 47 329 293 327 841 1843 919 1924
internal_value=-0.00384738 -0.0856296 -0.523114 -0.559789 -0.184055 -1.02508 0.591944 -1.60991 1.05185 3.18699 -0.851103 -0.660269 -0.0541346 -1.75111 -2.25234 -4.66737 0.794284 -1.31424 -2.4046 0.716207 -3.77232 -1.27657 0.325963 -1.91756 1.53916 3.97427 -1.23685 -0.0785428 0.875362
internal_weight=62223 44101 12997 12954 9848 4726 5122 885 4237 1075 4665 4497 679 3106 2595 726 511 1869 1216 653 206 155 3162 622 588 969 3329 1486 2540
internal_count=62223 44101 12997 12954 9848 4726 5122 885 4237 1075 4665 4497 679 3106 2595 726 511 1869 1216 653 206 155 3162 622 588 969 3329 1486 2540
is_linear=0
shrinkage=0.0768785


Tree=164
num_leaves=30
num_cat=0
split_feature=8 6 7 0 7 4 4 6 6 5 8 7 7 7 1 4 7 1 1 6 8 8 7 6 8 8 7 7 0
split_gain=163364 845348 533877 915060 938441 492113 1.55749e+06 731259 557192 497561 857256 603978 485722 593381 923192 726994 488907 480809 424153 410094 406052 396207 370323 403868 764911 711827 670723 551072 567180
threshold=12469.546250000001 12464.845000000001 14455.19375 26.700850000000006 11933.320000000002 20.500000000000004 16.500000000000004 12715.350000000002 12653.640000000001 1.0000000180025095e-35 11485.243750000001 13356.045000000002 11869.712500000001 14737.083750000002 2.5000000000000004 10.500000000000002 17080.247500000005 3.5000000000000004 3.5000000000000004 12015.962500000001 12958.413750000002 12205.312500000002 10263.900000000001 13944.175000000001 14308.921250000001 15286.425000000001 13294.360000000002 13418.243750000001 7.6113000000000008
decision_type=2 2 2 2 2 2 2 2 2 2 2 2 2 2 2 2 2 2 2 2 2 2 2 2 2 2 2 2 2
left_child=5 2 3 -2 -5 6 7 -1 -7 10 -8 -12 21 18 -15 16 -16 -17 -14 -6 -3 -9 -22 25 -25 26 -24 28 -26
right_child=1 20 -4 4 19 8 9 12 -10 -11 11 -13 13 14 15 17 -18 -19 -20 -21 22 -23 23 24 27 -27 -28 -29 -30
leaf_value=-0.14054511293222091 1.8610042909948328 -1.3437775416181028 -1.3968172476070664 1.9271426405019019 21.036419603056693 -2.1860614036715744 -8.6228285110878922 -10.474835557580509 -12.957898838103448 9.2883085386371551 0.70850227358360585 14.785696845693062 -2.8112471981275808 5.2066078034770307 -7.958201401663004 -22.508397224279861 3.4738432578979177 -7.8609946783344187 2.3727433477876008 9.5424968020254823 -6.7206310174547985 -0.90166277607738299 -0.12532130635695135 -1.5058876603991753 10.915066591642038 -3.4974430342945309 1.9072675274405606 -0.006441024215179076 1.368009330148608
leaf_weight=5599 830 1305 215 67 32 336 31 78 31 125 43 31 178 39 67 27 33 26 196 43 48 38 1722 1982 38 219 2167 45533 1144
leaf_count=5599 830 1305 215 67 32 336 31 78 31 125 43 31 178 39 67 27 33 26 196 43 48 38 1722 1982 38 219 2167 45533 1144
internal_value=-0.0035516 0.0403621 2.06986 2.83667 8.53952 -0.356911 -0.202522 -0.430055 -3.09594 6.0111 2.10966 6.60571 -2.80684 -1.87802 -5.35217 -8.04363 -4.18563 -15.3229 -0.0945035 14.4466 -0.0041192 -7.3388 0.0289585 0.0350939 -0.0266582 0.767114 1.00726 0.0361018 1.67494
internal_weight=62223 55345 1187 972 142 6878 6511 6281 367 230 105 74 682 566 192 153 100 53 374 75 54158 116 52853 52805 48697 4108 3889 46715 1182
internal_count=62223 55345 1187 972 142 6878 6511 6281 367 230 105 74 682 566 192 153 100 53 374 75 54158 116 52853 52805 48697 4108 3889 46715 1182
is_linear=0
shrinkage=0.0768785


Tree=165
num_leaves=30
num_cat=0
split_feature=8 6 8 4 5 4 1 4 4 4 4 4 6 7 7 0 7 3 6 0 6 0 4 4 0 0 0 4 4
split_gain=210608 529195 577059 526225 289022 280985 435986 292698 343250 293756 238349 785509 267645 368826 1.11558e+06 564051 808090 359624 502524 442923 416059 669167 520622 462914 330446 244174 335043 277142 235702
threshold=11134.210000000001 10732.750000000002 11762.932500000001 11.500000000000002 1.0000000180025095e-35 2.5000000000000004 9.5000000000000018 15.500000000000002 4.5000000000000009 3.5000000000000004 16.500000000000004 21.500000000000004 13318.178750000001 14278.668750000001 13757.548750000002 26.163175000000003 15362.463750000001 1.0000000180025095e-35 10732.750000000002 20.607600000000009 11029.776250000001 21.964150000000004 15.500000000000002 13.500000000000002 14.206137500000002 15.080075000000003 11.947975000000001 13.500000000000002 16.500000000000004
decision_type=2 2 2 2 2 2 2 2 2 2 2 2 2 2 2 2 2 2 2 2 2 2 2 2 2 2 2 2 2
left_child=4 2 -2 -4 28 -6 10 8 9 -8 12 -12 13 14 17 16 -15 20 -19 -20 21 25 23 24 -22 26 -7 -27 -1
right_child=1 -3 3 -5 5 6 7 -9 -10 -11 11 -13 -14 15 -16 -17 -18 18 19 -21 22 -23 -24 -25 -26 27 -28 -29 -30
leaf_value=-1.8353178599417206 0.20292603888276256 0.0045590738625464634 17.341922784126204 4.771401346822941 -1.4777957254283081 0.60323135702544839 1.8787045536913698 10.913882514156422 -4.6049587191030747 8.416145644300558 10.617305937275821 -5.3707945236477777 -7.0761228148010593 18.852069587260797 -14.610593947157392 -2.2716947416590658 0.18696440993935487 -13.252851112607638 2.8554735454616114 -8.1318463315548968 -6.0106960917529149 13.274961670273964 5.9263501706340316 -12.095554994007331 4.5641407155111207 3.9952337024942501 10.212927746169859 -5.4515792397655529 -8.0366625464070971
leaf_weight=509 130 59775 26 81 655 65 164 26 36 54 42 32 39 26 35 50 29 27 57 35 40 32 34 36 31 29 32 50 39
leaf_count=509 130 59775 26 81 655 65 164 26 36 54 42 32 39 26 35 50 29 27 57 35 40 32 34 36 31 29 32 50 39
internal_value=-0.00817271 0.0189341 3.64453 7.82592 -0.746255 -0.239818 0.570247 3.14486 2.34961 3.49807 -0.429605 3.70353 -0.902328 -0.506312 -1.37143 3.63801 9.01047 -0.38132 -4.03092 -1.32449 0.8631 3.04858 -2.36088 -4.9942 -1.39351 1.18924 3.77344 -1.98376 -2.27665
internal_weight=62216 60012 237 107 2204 1656 1001 280 254 218 721 74 647 608 503 105 55 468 119 92 349 208 141 107 71 176 97 79 548
internal_count=62216 60012 237 107 2204 1656 1001 280 254 218 721 74 647 608 503 105 55 468 119 92 349 208 141 107 71 176 97 79 548
is_linear=0
shrinkage=0.0768785


Tree=166
num_leaves=30
num_cat=0
split_feature=8 6 8 3 0 0 7 7 4 8 0 6 6 7 8 7 4 5 4 4 7 7 1 7 1 1 7 4 1
split_gain=179470 475305 631263 362182 384408 332654 251803 964327 3.01899e+06 787666 334640 240557 330414 232322 325401 224594 211389 751308 4.39845e+06 1.68091e+06 3.31143e+06 1.60149e+06 1.52488e+06 1.22493e+06 1.1468e+06 1.13347e+06 1.09507e+06 1.3098e+06 1.1748e+06
threshold=11134.210000000001 11133.621250000002 11762.932500000001 1.0000000180025095e-35 26.332625000000004 21.804737500000005 14914.1625 13642.600000000002 5.5000000000000009 9860.7500000000018 30.870450000000002 13260.195000000002 12464.845000000001 14455.19375 10620.635 11606.890000000001 9.5000000000000018 1.0000000180025095e-35 10.500000000000002 12.500000000000002 16878.097500000003 16306.670000000002 10.500000000000002 16446.856250000004 11.500000000000002 4.5000000000000009 24372.008750000005 15.500000000000002 9.5000000000000018
decision_type=2 2 2 2 2 2 2 2 2 2 2 2 2 2 2 2 2 2 2 2 2 2 2 2 2 2 2 2 2
left_child=6 2 -2 4 5 -4 7 11 -9 -8 13 12 -1 14 -10 -6 -3 18 22 20 -19 -20 -18 -24 -22 -23 27 -27 -29
right_child=1 16 3 -5 15 -7 9 8 10 -11 -12 -13 -14 -15 -16 -17 17 19 21 -21 24 25 23 -25 -26 26 -28 28 -30
leaf_value=-0.43342410099227768 0.19762945645917185 0.17097946742714068 6.83423352571808 -2.3884945424243145 6.427853361408383 -0.55585708342732831 14.119918719374503 -28.280257986098441 10.31842728068642 0.012395624976004436 -8.7398145660207511 6.2213681801205905 -6.7092366232369018 -4.3542845679185138 -1.7314845459560113 16.294173340209966 4.8283975600056239 -4.2635223626513366 -1.6294547013524905 -0.0048395280272323215 0.063796782760826051 2.8709302134036814 29.258911653880475 10.266275814355504 -5.213897205387596 1.1113160390944037 1.9147552975588784 -3.6824614947004872 0.38625987896892944
leaf_weight=1784 403 23984 108 33 25 54 27 31 27 175 25 31 51 27 26 30 550 1765 2485 20662 3797 1145 26 88 260 1402 1451 1042 702
leaf_count=1784 403 23984 108 33 25 54 27 31 27 175 25 31 51 27 26 30 550 1765 2485 20662 3797 1145 26 88 260 1402 1451 1042 702
internal_value=-0.00754441 0.0174785 2.08029 5.11513 6.25623 4.37087 -0.688884 -0.949904 -7.19978 1.89805 -0.97602 -0.494393 -0.607847 1.45017 4.40715 11.8095 -0.00521419 -0.124672 0.486808 -0.329953 -1.48377 0.00102404 6.5057 14.5979 -0.274434 0.706656 0.167589 -0.638241 -2.04471
internal_weight=62216 60012 653 250 217 162 2204 2002 136 202 105 1866 1835 80 53 55 59359 35375 8891 26484 5822 8227 664 114 4057 5742 4597 3146 1744
internal_count=62216 60012 653 250 217 162 2204 2002 136 202 105 1866 1835 80 53 55 59359 35375 8891 26484 5822 8227 664 114 4057 5742 4597 3146 1744
is_linear=0
shrinkage=0.0768785


Tree=167
num_leaves=30
num_cat=0
split_feature=6 8 8 4 1 4 1 0 0 0 5 5 7 7 7 6 4 5 5 1 0 4 4 4 8 8 0 1 4
split_gain=200377 917254 829154 855949 1.18649e+06 1.76425e+06 1.50689e+06 1.07427e+06 775257 1.37225e+06 1.14285e+06 1.02983e+06 839529 682011 656610 759580 622182 690140 759599 727729 621950 1.35688e+06 568912 576443 1.07276e+06 568286 1.09195e+06 565373 822218
threshold=18421.718750000004 17662.007500000003 19251.570000000003 17.500000000000004 9.5000000000000018 19.500000000000004 8.5000000000000018 16.644012500000006 20.607600000000009 29.551325000000002 1.0000000180025095e-35 37.500000000000007 18973.875000000004 18164.685000000001 20986.675000000007 19559.816250000003 22.500000000000004 1.0000000180025095e-35 37.500000000000007 9.5000000000000018 18.810362500000004 11.500000000000002 14.500000000000002 9.5000000000000018 16374.842500000001 24696.115000000002 28.523600000000005 1.5000000000000002 18.500000000000004
decision_type=2 2 2 2 2 2 2 2 2 2 2 2 2 2 2 2 2 2 2 2 2 2 2 2 2 2 2 2 2
left_child=1 -1 3 7 5 6 8 13 27 12 -11 -12 -10 -2 15 -9 17 20 19 -19 21 -4 23 -16 -25 26 -18 28 -5
right_child=2 -3 16 4 -6 -7 -8 14 9 10 11 -13 -14 -15 22 -17 25 18 -20 -21 -22 -23 -24 24 -26 -27 -28 -29 -30
leaf_value=-0.038960047429506643 -0.069873351503079051 1.1331440329978149 18.979111273208126 -3.7171152803757508 -2.8829335818991031 -2.8490387855505102 19.317139533533847 -1.8262986846065508 9.1393042300698113 -5.250400832288987 10.401677928074433 -5.9814794302641152 24.990721300703463 8.0645058207794751 -1.3078194466404469 -4.8865562201332793 0.62955195678299136 -0.30089281288232234 0.59586249916234346 -2.4713318943985327 0.68552259833785045 2.2692499535730573 -4.5622511359000173 18.208361535527729 1.6108644672295147 -0.63230548350901772 -8.0338071524119385 -5.2476438666084277 10.036664794803855
leaf_weight=29025 161 4567 34 49 370 253 40 1351 67 71 104 29 28 98 478 743 152 10498 5698 1000 5484 185 167 25 290 921 198 76 54
leaf_count=29025 161 4567 34 49 370 253 40 1351 67 71 104 29 28 98 478 743 152 10498 5698 1000 5484 185 167 25 290 921 198 76 54
internal_value=-0.0069644 0.120393 -0.156426 -1.1203 0.695723 2.41311 4.98323 -1.74574 3.78374 6.17929 2.62516 6.82941 13.8113 3.008 -2.14889 -2.91215 0.0211945 0.113089 -0.129965 -0.489659 0.845959 4.86347 -0.484035 0.374807 2.92813 -1.63443 -4.27143 -0.217764 3.4936
internal_weight=62216 33592 28624 4454 1141 771 518 3313 478 299 204 133 95 259 3054 2094 24170 22899 17196 11498 5703 219 960 793 315 1271 350 179 103
internal_count=62216 33592 28624 4454 1141 771 518 3313 478 299 204 133 95 259 3054 2094 24170 22899 17196 11498 5703 219 960 793 315 1271 350 179 103
is_linear=0
shrinkage=0.0768785


Tree=168
num_leaves=30
num_cat=0
split_feature=6 8 4 8 1 4 7 6 0 4 0 1 4 4 6 7 0 4 6 4 4 8 0 5 4 1 0 7 4
split_gain=175732 917713 992426 784597 559672 772312 767526 847902 771885 815811 785764 755092 733907 724471 702920 629253 555651 708201 543770 565921 539865 652625 760108 613169 514038 538430 655767 533677 484091
threshold=17967.977500000005 18428.378750000003 6.5000000000000009 17662.007500000003 5.5000000000000009 7.5000000000000009 20596.875000000004 29042.320000000003 29.404350000000004 19.500000000000004 36.911925000000011 3.5000000000000004 12.500000000000002 22.500000000000004 18883.780000000002 15470.042500000001 31.344725000000007 3.5000000000000004 19772.622500000001 14.500000000000002 22.500000000000004 12144.025000000001 14.755587500000003 1.0000000180025095e-35 22.500000000000004 6.5000000000000009 29.123225000000005 17586.040000000005 5.5000000000000009
decision_type=2 2 2 2 2 2 2 2 2 2 2 2 2 2 2 2 2 2 2 2 2 2 2 2 2 2 2 2 2
left_child=3 2 -2 20 5 16 8 -8 9 11 14 -7 -12 15 -10 -6 17 -3 -14 -20 -1 -22 23 -23 25 -5 -27 -26 -17
right_child=1 4 -4 24 13 6 7 -9 10 -11 12 -13 18 -15 -16 28 -18 -19 19 -21 21 22 -24 -25 27 26 -28 -29 -30
leaf_value=-0.076419116221578806 -4.6967163898270892 1.3101678863852826 -0.81651918015704494 0.075597661118871839 -4.3346085189498096 1.6496897427954973 1.3307153508707357 -12.635491913820582 1.1345466986479871 -1.5388032603397976 -3.0439430764100348 13.366439258203481 7.3349856067577521 -2.1978677866093213 -5.4059828818816493 -0.66341492106954625 -0.12559366796328783 4.8338323826612895 4.1765126174675489 -2.5385902410405108 -2.4958448438816689 -4.7123703059534092 4.4614564131559034 1.7913934484274912 16.900117815197799 -0.12577305780154491 3.1620388585278456 2.1035614490501939 0.19968225319571084
leaf_weight=27295 449 847 2944 1495 204 741 2169 26 121 644 327 34 85 1012 492 5335 574 560 131 171 190 115 512 336 25 531 1104 34 13713
leaf_count=27295 449 847 2944 1495 204 741 2169 26 121 644 327 34 85 1012 492 5335 574 560 131 171 190 115 512 336 25 531 1104 34 13713
internal_value=-0.00642899 -0.13785 -1.32999 0.120597 0.0109374 0.607761 0.0935749 1.16528 -0.76309 0.483361 -2.09596 2.16371 -0.362565 -0.192932 -4.11495 -0.0875408 1.89024 2.71262 1.9031 0.374252 -0.00758644 1.62189 2.43432 0.133006 1.26408 1.13007 2.09425 8.37329 -0.0420556
internal_weight=62216 30579 3393 31637 27186 6922 4941 2195 2746 1419 1327 775 714 20264 613 19252 1981 1407 387 302 28448 1153 963 451 3189 3130 1635 59 19048
internal_count=62216 30579 3393 31637 27186 6922 4941 2195 2746 1419 1327 775 714 20264 613 19252 1981 1407 387 302 28448 1153 963 451 3189 3130 1635 59 19048
is_linear=0
shrinkage=0.0768785


Tree=169
num_leaves=30
num_cat=0
split_feature=4 4 5 4 8 0 6 4 8 1 8 7 8 6 7 4 7 2 0 2 4 8 1 7 1 8 6 7 7
split_gain=176157 719858 1.92216e+06 1.49066e+06 1.12977e+06 940848 906333 839473 813949 1.2963e+06 1.06144e+06 848602 1.32532e+06 839937 788443 765255 742248 730808 727675 734994 832025 1.32963e+06 714543 775636 686769 671227 971487 945464 643477
threshold=9.5000000000000018 6.5000000000000009 1.0000000180025095e-35 7.5000000000000009 11833.375000000002 7.6113000000000008 15047.772500000001 8.5000000000000018 13445.812500000002 6.5000000000000009 16071.240000000002 16102.382500000002 15342.120000000001 15967.705000000002 18790.262500000001 8.5000000000000018 12367.217500000001 1.0000000180025095e-35 32.894475000000007 1.0000000180025095e-35 3.5000000000000004 27493.246250000004 4.5000000000000009 15250.592500000001 1.5000000000000002 20631.270000000004 18759.422500000004 20596.875000000004 21393.060000000005
decision_type=2 2 2 2 2 2 2 2 2 2 2 2 2 2 2 2 2 2 2 2 2 2 2 2 2 2 2 2 2
left_child=1 18 3 4 -3 -6 22 -8 16 11 14 13 -13 15 -11 -10 -4 25 -1 20 -20 -22 23 -5 -9 26 -12 -27 -21
right_child=-2 2 8 6 5 -7 7 24 9 10 17 12 -14 -15 -16 -17 -18 -19 19 28 21 -23 -24 -25 -26 27 -28 -29 -30
leaf_value=0.077772464289917756 -0.11535755529822238 8.2094337656505978 -2.7828634345153302 12.130487858118038 6.4329107786267352 -5.9048088596355521 -3.5546028042387352 -7.9146607168134642 4.3632323347785436 0.91504140536421064 4.8287542940056314 -7.0970072662057291 -0.34455640662748721 -1.0568424034206272 -6.7250945189004891 -5.4863145278371137 5.1615455426046024 -2.7852317270675511 -0.45977114007137887 15.38900807637545 -2.7507672627736324 -16.585225871309234 0.13571664197315053 1.0595875245940862 1.7908994553856898 3.2864228184829929 0.77544676890849662 12.850269582637724 1.5488343747263693
leaf_weight=15616 36267 40 80 90 39 577 420 47 543 775 849 196 1391 395 89 51 530 106 1473 26 910 43 155 64 518 139 594 109 84
leaf_count=15616 36267 40 80 90 39 577 420 47 543 775 849 196 1391 395 89 51 530 106 1473 26 910 43 155 64 518 139 594 109 84
internal_value=-0.00593474 0.146997 0.764824 -1.32536 -4.31069 -5.12369 0.188066 -0.951509 1.46191 1.15234 2.34239 -0.0769841 -1.17851 1.69058 0.128037 3.51756 4.11966 3.40706 -0.118383 -1.32626 -1.60495 -3.37499 3.82069 7.52959 0.983534 3.79522 3.16024 7.48989 4.82015
internal_weight=62216 25949 7797 1950 656 616 1294 985 5847 5237 2661 2576 1587 989 864 594 610 1797 18152 2536 2426 953 309 154 565 1691 1443 248 110
internal_count=62216 25949 7797 1950 656 616 1294 985 5847 5237 2661 2576 1587 989 864 594 610 1797 18152 2536 2426 953 309 154 565 1691 1443 248 110
is_linear=0
shrinkage=0.0768785


Tree=170
num_leaves=30
num_cat=0
split_feature=7 6 6 0 3 4 0 1 4 5 0 1 8 6 4 1 8 0 4 1 0 5 0 8 5 4 6 0 0
split_gain=161595 199427 821796 331211 144586 412429 1.48404e+06 1.36997e+06 1.37281e+06 539149 519193 682179 1.61833e+06 1.97885e+06 1.35288e+06 673653 696123 777196 714078 668843 627344 600993 498775 491547 483304 1.30853e+06 747042 608097 470211
threshold=29644.963750000006 27358.375000000004 27899.025000000005 35.329300000000011 1.0000000180025095e-35 17.500000000000004 22.578137500000004 3.5000000000000004 18.500000000000004 1.0000000180025095e-35 35.177437500000011 6.5000000000000009 25979.655000000002 24810.680000000004 18.500000000000004 6.5000000000000009 21411.000000000004 31.258775000000004 19.500000000000004 5.5000000000000009 38.899400000000007 1.0000000180025095e-35 32.833125000000003 19774.942500000001 1.0000000180025095e-35 19.500000000000004 16275.925000000001 21.804737500000005 33.234912500000014
decision_type=2 2 2 2 2 2 2 2 2 2 2 2 2 2 2 2 2 2 2 2 2 2 2 2 2 2 2 2 2
left_child=4 3 -3 -2 -1 -6 24 8 -8 -10 15 14 13 -13 19 28 17 18 21 -12 -16 -17 -19 -23 25 -7 -26 -28 -9
right_child=1 2 -4 -5 5 6 7 10 9 -11 11 12 -14 -15 20 16 -18 22 -20 -21 -22 23 -24 -25 26 -27 27 -29 -30
leaf_value=0.10125350774694353 -2.0072873580378467 -16.355952666919766 -0.25304112796145622 7.0019887004536727 -0.37146939811700314 8.0288606809239678 19.725226711927643 3.4846940455444058 11.622888215678184 0.76394381065364825 1.5027743512338765 6.0158807205336693 0.2605195117225681 25.251501056524233 1.9078986438803662 3.865313881659719 -2.168759011529203 12.874300222241638 2.0994761484904307 -12.220844907697568 13.642171982074702 -4.649821284175383 2.9009904328560845 -17.305174770225541 -0.2744406392728812 -1.9401832416374483 -3.5418801216403182 -14.288074627466914 -0.91574740887310724
leaf_weight=44232 123 26 67 30 13320 110 45 536 39 88 32 138 192 41 205 32 722 49 256 61 31 60 75 26 594 266 547 33 196
leaf_count=44232 123 26 67 30 13320 110 45 536 39 88 32 138 192 41 205 32 722 49 256 61 31 60 75 26 594 266 547 33 196
internal_value=0.0191439 -1.94734 -4.75493 -0.240763 0.0269557 -0.158776 0.488932 1.53804 8.18695 4.09858 1.10682 2.9031 5.16313 10.4218 0.35454 0.46266 -0.643604 1.56756 -0.181198 -7.49874 3.44927 -5.1291 6.84206 -8.47586 -1.42248 0.976292 -2.19074 -4.1533 2.30643
internal_weight=62172 246 93 153 61926 17694 4374 2824 172 127 2652 700 371 179 329 1952 1220 498 374 93 236 118 124 86 1550 376 1174 580 732
internal_count=62172 246 93 153 61926 17694 4374 2824 172 127 2652 700 371 179 329 1952 1220 498 374 93 236 118 124 86 1550 376 1174 580 732
is_linear=0
shrinkage=0.0768785


Tree=171
num_leaves=30
num_cat=0
split_feature=7 6 8 4 4 4 6 0 8 6 4 4 6 1 7 0 7 8 7 8 0 7 7 1 8 6 5 7 7
split_gain=139013 443043 624194 351098 279927 235072 370247 346994 203169 646205 496103 862505 446954 441966 524947 436352 450968 649032 425949 586774 525313 492128 403420 362719 356345 338287 291453 357189 355655
threshold=10457.630000000003 13012.770000000002 11901.013750000002 4.5000000000000009 14.500000000000002 6.5000000000000009 11029.776250000001 23.460225000000001 12782.242500000002 12529.032500000003 19.500000000000004 16.500000000000004 12464.845000000001 11.500000000000002 12299.156250000002 27.076050000000006 12752.617500000002 12405.575000000003 14392.626250000001 14490.441250000002 24.756475000000005 11381.052500000002 14219.975 10.500000000000002 13139.850000000002 11402.896250000002 1.0000000180025095e-35 15681.523750000002 15021.217500000001
decision_type=2 2 2 2 2 2 2 2 2 2 2 2 2 2 2 2 2 2 2 2 2 2 2 2 2 2 2 2 2
left_child=1 2 5 -4 -3 -1 -7 -8 9 26 11 13 18 -11 -15 16 -13 22 19 20 24 -22 -18 -12 -10 -26 27 28 -2
right_child=8 4 3 -5 -6 6 7 -9 12 10 23 15 -14 14 -16 -17 17 -19 -20 -21 21 -23 -24 -25 25 -27 -28 -29 -30
leaf_value=-0.44621455179547287 -0.86734612072966688 -0.81283944344425074 9.1234655474678412 1.6405045849590201 -9.9784080964429904 11.59546154971699 6.113243060298772 -3.8290889958297551 3.0294885386879682 -2.523563199123168 -12.244724585025029 -1.2802748936837212 0.03194248543333849 -2.9636165335982416 4.7438731746742082 -3.1240254871664894 8.1863148615825558 0.55690718134571549 -1.1315058335516028 14.412672427761303 -1.5566841033776733 9.4239581019921577 20.760850471462312 -2.0618492743422805 -8.6667768588702039 0.13612824208282334 0.34383284951588661 -6.9404632838239859 7.333059290493817
leaf_weight=392 1349 54 90 63 31 26 41 42 206 1281 44 40 53261 95 116 44 38 39 187 26 32 98 25 39 34 107 4284 56 32
leaf_count=392 1349 54 90 63 31 26 41 42 206 1281 44 40 53261 95 116 44 38 39 187 26 32 98 25 39 34 107 4284 56 32
internal_value=0.0176722 1.0658 1.74442 6.04225 -4.15558 0.43191 3.58994 1.08218 0.00506383 -0.370361 -1.65813 -1.37115 0.0571283 -1.98655 1.27368 3.56534 5.6381 8.35118 2.00122 3.16587 2.55284 6.72103 13.1762 -7.46 0.991268 -1.98656 0.0260308 -0.921404 -0.677329
internal_weight=62172 739 654 153 85 501 109 83 61433 7482 1761 1678 53951 1492 211 186 142 102 690 503 477 130 63 83 347 141 5721 1437 1381
internal_count=62172 739 654 153 85 501 109 83 61433 7482 1761 1678 53951 1492 211 186 142 102 690 503 477 130 63 83 347 141 5721 1437 1381
is_linear=0
shrinkage=0.0768785


Tree=172
num_leaves=30
num_cat=0
split_feature=7 6 0 0 8 6 0 0 6 8 0 4 8 4 6 4 7 1 5 4 4 4 6 7 6 8 6 7 4
split_gain=137870 169943 715939 283401 132162 813906 690202 1.07812e+06 324136 282521 282344 266349 323921 241846 211364 274363 505486 206876 196804 343452 177129 170873 236052 180273 383843 212803 164978 786538 604994
threshold=29644.963750000006 27358.375000000004 35.636150000000008 35.48102500000001 28032.125000000004 28841.250000000004 34.881400000000006 36.034200000000006 28180.400000000005 26334.418750000004 42.348275000000008 18.500000000000004 29041.750000000004 21.500000000000004 23787.875000000004 14.500000000000002 25203.846250000006 6.5000000000000009 1.0000000180025095e-35 22.500000000000004 14.500000000000002 10.500000000000002 26226.160000000003 25520.236250000005 25864.580000000005 27071.300000000003 21567.930000000004 22561.917500000003 22.500000000000004
decision_type=2 2 2 2 2 2 2 2 2 2 2 2 2 2 2 2 2 2 2 2 2 2 2 2 2 2 2 2 2
left_child=4 3 -3 -2 5 10 17 -8 11 -9 26 12 20 -13 -12 21 -17 -7 19 -10 -6 22 -16 -23 -25 -26 27 28 -1
right_child=1 2 -4 -5 8 6 7 9 18 -11 14 13 -14 -15 15 16 -18 -19 -20 -21 -22 23 -24 24 25 -27 -28 -29 -30
leaf_value=-0.058872026965472585 -1.7906803913357645 2.000062741498783 -11.510083162422641 6.7662352718365568 -0.71100279992099424 -4.6059273199582762 -20.241370353036743 -8.7346098609667457 4.2250217366733791 1.3297972166442655 4.9931442180805128 3.1039866057981733 -8.5316185895169117 -0.73003515158568844 9.8791835220119424 -0.44966727426937508 13.981840758964717 1.8518111523002092 0.83118211071313008 -2.087815535728947 -6.5079852024166538 -1.6796747688504199 0.44396898155364872 -5.5767672436249871 7.7505288396838905 1.1421144870220614 -0.22535535573293866 1.3493992526807537 1.6012875697183138
leaf_weight=40773 125 49 44 28 372 49 35 32 266 34 96 169 39 229 25 32 26 73 939 63 34 217 42 33 48 72 14196 2692 1340
leaf_count=40773 125 49 44 28 372 49 35 32 266 34 96 169 39 229 25 32 26 73 939 63 34 217 42 33 48 72 14196 2692 1340
internal_value=0.0163135 -1.80009 -4.39183 -0.224709 0.0235292 0.00243025 -4.63341 -9.33408 0.621365 -3.54992 0.0197781 -0.546977 -1.83932 0.897979 1.69178 1.05151 6.01963 -0.741871 1.39811 3.01618 -1.19646 0.392131 3.96457 -0.254771 1.76617 3.78548 0.00303002 0.0753916 -0.00604715
internal_weight=62172 246 93 153 61926 59815 223 101 2111 66 59592 843 445 398 591 495 58 122 1268 329 406 437 67 370 153 120 59001 44805 42113
internal_count=62172 246 93 153 61926 59815 223 101 2111 66 59592 843 445 398 591 495 58 122 1268 329 406 437 67 370 153 120 59001 44805 42113
is_linear=0
shrinkage=0.0768785


Tree=173
num_leaves=30
num_cat=0
split_feature=0 4 6 8 4 6 4 1 7 7 0 6 7 4 6 1 7 4 8 7 3 8 7 6 8 8 4 1 6
split_gain=134381 392397 410674 571055 825219 521865 471289 583561 448110 466924 457474 443711 975265 439326 409203 556410 406202 335729 481571 437587 612375 588289 424821 379443 381991 348764 329007 325904 324596
threshold=36.911925000000011 6.5000000000000009 20258.425000000003 22140.625000000004 18.500000000000004 23485.625000000004 10.500000000000002 5.5000000000000009 21804.658750000006 25638.945000000003 38.604775000000011 24374.062500000004 23984.870000000006 8.5000000000000018 21011.356250000001 8.5000000000000018 10921.023750000002 11.500000000000002 25203.846250000006 27767.716250000005 1.0000000180025095e-35 25203.846250000006 26799.525000000005 27358.375000000004 27071.300000000003 22467.250000000004 17.500000000000004 7.5000000000000009 21169.875000000004
decision_type=2 2 2 2 2 2 2 2 2 2 2 2 2 2 2 2 2 2 2 2 2 2 2 2 2 2 2 2 2
left_child=-1 -2 16 4 11 6 7 -5 28 14 -11 -4 27 -9 -10 -16 -3 18 -7 20 25 -21 26 -20 -25 -19 -22 -13 -8
right_child=1 2 3 5 -6 17 8 13 9 10 -12 12 -14 -15 15 -17 -18 19 23 21 22 -23 -24 24 -26 -27 -28 -29 -30
leaf_value=-0.029397484835899632 7.5432921985439583 -8.0221697529156266 -1.0790573704880506 -1.0842612693294409 12.138918297538124 -0.7062870257183681 -2.1891588732691107 0.17195733471925792 5.2797731189587047 13.16906439357893 0.7602122735614657 -6.2333154211720734 6.0495141535066947 8.6086297184232592 -1.5093506326871522 -10.30298838725801 1.2983058612976743 5.540867870462959 4.3360540373593697 11.630856963095587 0.78031041258815104 0.66167778156749035 -5.6879906846794848 -7.9161869878679143 4.5436908429394052 -2.6074878829283534 6.4196197752278552 -15.757199180132625 2.5060756645685545
leaf_weight=53842 44 28 1669 83 27 401 98 48 44 25 59 54 30 152 373 48 2126 32 291 32 331 298 50 33 26 1041 75 35 777
leaf_count=53842 44 28 1669 83 27 401 98 48 44 25 59 54 30 152 373 48 2126 32 291 32 331 298 50 33 26 1041 75 35 777
internal_value=0.0150594 0.302412 0.263962 -0.0568152 -1.201 0.424235 1.46943 4.33488 0.899959 -0.821752 4.45332 -1.40244 -5.93795 6.58383 -1.77467 -2.51195 1.17715 -0.259346 1.11248 -0.813537 -1.3615 1.72536 0.998585 3.19627 -2.42539 -2.36448 1.82205 -9.97866 1.98021
internal_weight=62172 8330 8286 6132 1815 4317 1707 283 1424 549 84 1788 119 200 465 421 2154 2610 751 1859 1529 330 456 350 59 1073 406 89 875
internal_count=62172 8330 8286 6132 1815 4317 1707 283 1424 549 84 1788 119 200 465 421 2154 2610 751 1859 1529 330 456 350 59 1073 406 89 875
is_linear=0
shrinkage=0.0768785


Tree=174
num_leaves=30
num_cat=0
split_feature=7 6 8 4 4 8 4 6 6 8 6 4 4 1 7 7 4 0 4 6 0 7 8 1 7 7 7 0 7
split_gain=121395 371197 530768 300628 251603 450668 199688 316007 329172 169270 548518 431285 735140 390480 504743 767977 504295 454890 577701 382993 371839 384294 553074 359449 1.29904e+06 845791 343775 327819 313239
threshold=10457.630000000003 13012.770000000002 11901.013750000002 4.5000000000000009 11.500000000000002 14192.336250000002 6.5000000000000009 11029.776250000001 11402.896250000002 12782.242500000002 12529.032500000003 19.500000000000004 16.500000000000004 3.5000000000000004 14681.010000000002 13049.375000000002 10.500000000000002 13.495625000000002 15.500000000000002 12529.032500000003 27.076050000000006 12752.617500000002 12405.575000000003 2.5000000000000004 14097.305000000002 14737.083750000002 14219.975 28.674850000000003 15197.830000000002
decision_type=2 2 2 2 2 2 2 2 2 2 2 2 2 2 2 2 2 2 2 2 2 2 2 2 2 2 2 2 2
left_child=1 2 6 -4 -3 -6 -1 -8 -9 10 -2 12 13 16 15 27 -12 -17 -19 28 21 -14 26 24 -18 -25 -23 -15 -11
right_child=9 4 3 -5 5 -7 7 8 -10 19 11 -13 20 14 -16 17 23 18 -20 -21 -22 22 -24 25 -26 -27 -28 -29 -30
leaf_value=-0.40512420994038639 0.024646168698626177 1.7344431285403554 8.4288531570369507 1.5045880795608091 -13.722793529777576 0.33328783019849056 10.710805546079277 -5.2723562695471298 4.736231546117895 2.5017192063119422 -1.6080598451712016 -6.9365958677569166 -1.1750634451999065 -2.340611593496805 -3.6617504467191004 14.031497447388046 -8.2162643680018803 1.0878023329862807 13.587610587680176 0.024608242127499701 -2.8770688949735623 7.5637489354454681 0.52087911441490875 -4.4329658309878415 6.8799716017504418 -20.071670391433226 19.171573454300301 4.4753683429667444 -1.2787423630398072
leaf_weight=392 5721 31 90 63 28 26 26 31 52 631 453 83 40 318 232 26 113 137 26 53157 44 38 39 60 48 31 25 48 163
leaf_count=392 5721 31 90 63 28 26 26 31 52 631 453 83 40 318 232 26 113 137 26 53157 44 38 39 60 48 31 25 48 163
internal_value=0.0139016 0.993361 1.61452 5.57769 -3.78594 -6.95505 0.404218 3.31488 0.998084 0.00211936 -0.340558 -1.527 -1.25942 -1.82758 -0.650441 0.60834 -3.14163 4.58797 3.08164 0.0496423 3.29802 5.21143 7.71594 -5.89841 -3.71552 -9.76044 12.17 -1.44671 1.72563
internal_weight=62172 739 654 153 85 54 501 109 83 61433 7482 1761 1678 1492 787 555 705 189 163 53951 186 142 102 252 161 91 63 366 794
internal_count=62172 739 654 153 85 54 501 109 83 61433 7482 1761 1678 1492 787 555 705 189 163 53951 186 142 102 252 161 91 63 366 794
is_linear=0
shrinkage=0.0768785


Tree=175
num_leaves=30
num_cat=0
split_feature=6 8 1 7 7 8 0 4 1 4 4 4 1 0 7 0 4 0 3 6 7 2 1 4 1 4 5 0 0
split_gain=150802 795884 928775 777604 845059 722267 703376 835666 753228 689728 630355 730613 1.3282e+06 1.17468e+06 971778 1.34328e+06 1.09128e+06 831452 762476 680084 611652 550884 833688 1.40038e+06 1.33697e+06 937197 508586 583386 690277
threshold=17967.977500000005 18138.692500000001 11.500000000000002 17026.183750000004 18457.560000000001 17058.958750000002 31.077150000000007 17.500000000000004 6.5000000000000009 13.500000000000002 17.500000000000004 19.500000000000004 9.5000000000000018 17.165762500000003 17944.215000000004 32.513512500000004 18.500000000000004 15.249625000000002 1.0000000180025095e-35 20185.705000000005 18164.685000000001 1.0000000180025095e-35 9.5000000000000018 16.500000000000004 5.5000000000000009 15.500000000000002 1.0000000180025095e-35 17.987625000000005 11.947975000000001
decision_type=2 2 2 2 2 2 2 2 2 2 2 2 2 2 2 2 2 2 2 2 2 2 2 2 2 2 2 2 2
left_child=5 2 10 -4 -5 -1 -7 8 -8 -10 21 12 13 17 16 18 -15 -12 -16 -17 -14 22 23 -2 -25 -24 27 28 -3
right_child=1 26 3 4 -6 6 7 -9 9 -11 11 -13 20 14 15 19 -18 -19 -20 -21 -22 -23 25 24 -26 -27 -28 -29 -30
leaf_value=-0.038996653382911098 -2.0090465084617257 -1.9838579597246457 -5.9423187745682631 12.721099734092808 -1.141232806093111 0.19506186541487183 -0.34205488192978889 10.188695169463262 3.824388361638499 0.18880596340563174 2.697172003701946 -3.9424669754182906 3.043513731194214 8.6567892052136344 11.083786958767746 -6.65297493226113 -10.021890755744918 -13.90070491920577 25.006587673374714 9.4841511468433861 -10.32843506396568 -7.6142491458530799 -0.42428086055032732 0.16759954032344374 -15.235356928762378 10.710204283046467 -0.18091049742111792 0.407749951101472 5.4536255571944663
leaf_weight=26345 1420 100 32 71 41 3122 709 71 1010 444 44 158 30 38 85 33 36 30 32 29 62 112 221 51 96 56 20949 6610 281
leaf_count=26345 1420 100 32 71 41 3122 709 71 1010 444 44 158 30 38 85 33 36 30 32 29 62 112 221 51 96 56 20949 6610 281
internal_value=0.00893204 -0.112759 -1.37906 4.62676 7.6465 0.126462 0.940315 1.9818 1.71241 2.71421 -1.72049 0.512447 2.19234 4.48822 6.98022 10.0437 -0.430136 -4.0317 14.8917 0.895036 -5.96802 -2.37918 -2.06122 -2.7485 -9.89147 1.82673 0.00856894 0.576357 3.50153
internal_weight=62318 30617 2677 144 112 31701 5356 2234 2163 1454 2533 577 419 327 253 179 74 74 117 62 92 1956 1844 1567 147 277 27940 6991 381
internal_count=62318 30617 2677 144 112 31701 5356 2234 2163 1454 2533 577 419 327 253 179 74 74 117 62 92 1956 1844 1567 147 277 27940 6991 381
is_linear=0
shrinkage=0.0768785


Tree=176
num_leaves=30
num_cat=0
split_feature=6 8 7 0 4 0 4 4 5 4 4 4 0 4 0 4 1 1 8 1 8 4 1 4 0 0 5 5 0
split_gain=129841 643953 1.28287e+06 777911 1.64122e+06 709658 940196 555990 543520 833187 1.75779e+06 1.45428e+06 973405 944562 1.01075e+06 862964 747282 605524 556393 714934 534409 779182 1.26109e+06 1.31728e+06 916996 1.20122e+06 1.17664e+06 1.04509e+06 863770
threshold=18421.718750000004 16565.136250000007 20519.671250000003 30.870450000000002 17.500000000000004 31.737050000000004 15.500000000000002 9.5000000000000018 1.0000000180025095e-35 19.500000000000004 17.500000000000004 14.500000000000002 25.640200000000004 9.5000000000000018 17.987625000000005 3.5000000000000004 2.5000000000000004 11.500000000000002 17613.028750000005 9.5000000000000018 19251.570000000003 17.500000000000004 9.5000000000000018 19.500000000000004 21.457725000000003 32.513512500000004 1.0000000180025095e-35 22.500000000000004 16.988500000000002
decision_type=2 2 2 2 2 2 2 2 2 2 2 2 2 2 2 2 2 2 2 2 2 2 2 2 2 2 2 2 2
left_child=1 2 -1 8 -5 -4 7 -7 -3 10 11 12 13 -10 -15 -14 -11 -13 19 -12 21 28 23 24 -23 -26 -27 -28 -2
right_child=20 3 5 4 -6 6 -8 -9 9 16 18 17 15 14 -16 -17 -18 -19 -20 -21 -22 22 -24 -25 25 26 27 -29 -30
leaf_value=-0.033803155386007318 2.5874833628369101 1.4424240046486934 -0.98750845794816866 1.2037976458284274 9.8384446004789332 -10.801184615155821 -15.915143473045445 1.0226132236957091 2.1950110178944864 -1.4258905280721761 -3.1109834519645188 4.739828261689734 2.4540527144955444 2.6295121007870641 -3.4273644822845615 -4.6198157440759413 3.0696269111844257 16.441572663184157 -2.1301453401604711 -9.8661530537388877 0.030063024913043829 0.54982006069335043 -2.8545412744189758 -1.9145852276100925 12.166942186269234 -5.9500957766832352 13.407349919031981 -1.4567073859201254 -1.8694023765811916
leaf_weight=24208 281 1304 132 3587 135 40 63 57 902 326 193 113 130 239 511 472 663 34 367 178 24227 189 370 256 156 59 69 47 3010
leaf_count=24208 281 1304 132 3587 135 40 63 57 902 326 193 113 130 239 511 472 663 34 367 178 24227 189 370 256 156 59 69 47 3010
internal_value=0.00824536 0.110658 -0.0949008 0.660821 1.51698 -5.16015 -8.60258 -3.85318 0.0741795 -0.358037 -0.971106 0.0375085 -0.445677 0.518747 -1.49724 -3.09224 1.58779 7.44635 -4.25252 -6.35201 -0.111996 -0.887669 0.838771 2.59976 4.8222 7.26172 2.88906 7.38484 -1.48885
internal_weight=62318 33654 24500 9154 3722 292 160 97 5432 4128 3139 2401 2254 1652 750 602 989 147 738 371 28664 4437 1146 776 520 331 175 116 3291
internal_count=62318 33654 24500 9154 3722 292 160 97 5432 4128 3139 2401 2254 1652 750 602 989 147 738 371 28664 4437 1146 776 520 331 175 116 3291
is_linear=0
shrinkage=0.0768785


Tree=177
num_leaves=30
num_cat=0
split_feature=6 4 0 4 0 5 8 6 1 1 0 4 6 7 6 7 6 0 4 4 6 8 1 6 7 0 1 4 0
split_gain=130246 1.0502e+06 993870 547130 276271 161543 125831 677005 725898 656708 1.33371e+06 897611 621398 932476 471828 645700 558629 482072 488125 463576 491201 454970 945599 701181 642064 599896 959807 1.27892e+06 536839
threshold=9860.7500000000018 3.5000000000000004 17.336937500000001 11.500000000000002 12.742812500000003 22.500000000000004 14128.845000000003 14124.740000000002 10.500000000000002 11.500000000000002 10.455587500000002 4.5000000000000009 18590.227500000005 18790.262500000001 15387.295 13167.345000000003 12653.640000000001 30.445050000000005 22.500000000000004 18.500000000000004 17914.415000000005 16515.275000000005 9.5000000000000018 17300.522500000003 21068.632500000003 23.910825000000006 6.5000000000000009 13.500000000000002 36.725412500000012
decision_type=2 2 2 2 2 2 2 2 2 2 2 2 2 2 2 2 2 2 2 2 2 2 2 2 2 2 2 2 2
left_child=1 2 4 -3 -1 -5 7 -2 12 11 -11 -10 13 19 15 16 -8 18 -17 20 -9 22 -16 25 -24 -23 27 -27 -29
right_child=6 3 -4 5 -6 -7 14 8 9 10 -12 -13 -14 -15 21 17 -18 -19 -20 -21 -22 23 24 -25 -26 26 -28 28 -30
leaf_value=-1.5087741146698044 -0.006858192452460307 13.573301162837851 -11.411719309189797 6.6403435008687577 7.3614083994959492 -0.97005137837938293 13.749201084978464 -1.8253901543758297 -7.3332790860288846 11.744086195004682 -6.0558604966128096 6.0867867851425492 5.3214702445467541 -12.648774657129369 -1.5855605887733701 -0.20200771895296527 2.3058268056150202 2.028426637624055 3.0580852429402392 -9.2377625809841941 -11.35391050728127 -0.11146752380577586 0.66667119627623939 -0.057698050862673288 -7.260760872834835 -1.8020207944010878 2.938089126346751 5.0027595980425099 -3.9980621770286664
leaf_weight=49 11916 47 50 32 36 34 26 1030 35 31 126 186 56 56 3045 3856 833 859 292 57 33 1805 2317 32795 62 756 1551 302 45
leaf_count=49 11916 47 50 32 36 34 26 1030 35 31 126 186 56 56 3045 3856 833 859 292 57 33 1805 2317 32795 62 756 1551 302 45
internal_value=0.00761147 1.76592 -2.81115 7.23411 2.24801 2.71984 0.000586151 -0.206782 -1.68646 1.2606 -2.54122 3.96144 -2.59068 -2.96744 0.0583658 0.704853 2.65219 0.370768 0.0274877 -2.48338 -2.1212 -0.0304925 -0.688334 0.0652859 0.460071 0.969807 1.70519 -0.0284743 3.83551
internal_weight=62318 248 135 113 85 66 62070 13526 1610 378 157 221 1232 1176 48544 5866 859 5007 4148 1120 1063 42678 5424 37254 2379 4459 2654 1103 347
internal_count=62318 248 135 113 85 66 62070 13526 1610 378 157 221 1232 1176 48544 5866 859 5007 4148 1120 1063 42678 5424 37254 2379 4459 2654 1103 347
is_linear=0
shrinkage=0.0768785


Tree=178
num_leaves=30
num_cat=0
split_feature=4 4 5 4 6 8 8 1 7 8 4 5 0 2 4 8 0 0 0 6 4 0 8 8 1 4 1 0 8
split_gain=119146 750446 1.37008e+06 1.42504e+06 998244 918628 825834 813191 859185 1.75062e+06 781209 2.04046e+06 1.30775e+06 1.09155e+06 991748 955387 2.05743e+06 948067 853626 894701 1.35462e+06 1.43532e+06 1.31351e+06 780037 1.18148e+06 1.38943e+06 3.07625e+06 1.56133e+06 1.19828e+06
threshold=9.5000000000000018 6.5000000000000009 1.0000000180025095e-35 7.5000000000000009 15047.772500000001 11833.375000000002 13445.812500000002 6.5000000000000009 22138.007500000003 17919.035000000003 4.5000000000000009 1.0000000180025095e-35 33.702512500000012 1.0000000180025095e-35 5.5000000000000009 13017.477500000003 14.912925 31.65785 11.947975000000001 15281.105000000001 5.5000000000000009 27.934425000000001 22375.611250000005 12782.242500000002 9.5000000000000018 5.5000000000000009 10.500000000000002 19.428212500000004 14308.921250000001
decision_type=2 2 2 2 2 2 2 2 2 2 2 2 2 2 2 2 2 2 2 2 2 2 2 2 2 2 2 2 2
left_child=1 10 3 5 -5 -3 -4 -8 -9 -10 -1 12 14 18 -12 -16 -17 -15 -13 23 21 -21 -22 -20 28 26 -26 -27 -25
right_child=-2 2 6 4 -6 -7 7 8 9 -11 11 13 -14 17 15 16 -18 -19 19 20 22 -23 -24 24 25 27 -28 -29 -30
leaf_value=0.18000620488826125 -0.082699370520030513 7.9661964656193849 4.03170546232014 4.2356756337637913 -0.73496270334457314 -4.674025341879104 0.072521804962519115 1.6463562137380039 -10.212931317003413 11.343529279621501 4.4596257020585215 0.13361560051104113 -7.24316902083266 0.7529206460888479 -6.4657688317196884 10.234909083490527 -1.4431603678634826 13.766230300202286 -1.4115423076458276 1.1733399792695989 -0.79488119514431921 -5.4341900459832333 7.5030270523511566 -7.9464781307682246 -24.175162765901661 -24.638345302747641 8.9656655401173655 -8.2760907503627781 -0.12554068963179918
leaf_weight=12988 36391 36 610 314 997 606 2582 2482 27 127 634 792 90 125 108 120 347 45 313 264 773 736 132 222 25 60 49 81 242
leaf_count=12988 36391 36 610 314 997 606 2582 2482 27 127 634 792 90 125 108 120 347 45 313 264 773 736 132 222 25 60 49 81 242
internal_value=0.00702631 0.132965 0.764593 -0.997661 0.455564 -3.96523 1.35514 1.04224 1.99208 7.56415 -0.137877 -0.938317 1.69717 -1.82546 2.36271 0.0506251 1.55763 4.19762 -2.10303 -2.71449 -1.73955 -3.6898 0.415421 -4.58673 -6.0504 -10.7615 -2.23056 -15.2388 -3.86745
internal_weight=62318 25927 7781 1953 1311 642 5828 5218 2636 154 18146 5158 1299 3859 1209 575 467 170 3689 2897 1905 1000 905 992 679 215 74 141 464
internal_count=62318 25927 7781 1953 1311 642 5828 5218 2636 154 18146 5158 1299 3859 1209 575 467 170 3689 2897 1905 1000 905 992 679 215 74 141 464
is_linear=0
shrinkage=0.0768785


Tree=179
num_leaves=30
num_cat=0
split_feature=4 0 4 0 4 5 0 4 1 4 4 5 0 2 4 1 8 0 1 8 6 0 7 8 6 8 7 1 4
split_gain=123378 713437 603169 1.19481e+06 832233 736125 753421 1.32129e+06 931721 677443 672426 1.73879e+06 1.1144e+06 930166 845121 823136 1.72383e+06 807899 774356 732020 897069 734576 758944 962578 896793 694136 944056 1.66908e+06 1.52379e+06
threshold=2.5000000000000004 36.725412500000012 4.5000000000000009 34.516250000000007 3.5000000000000004 1.0000000180025095e-35 30.445050000000005 3.5000000000000004 6.5000000000000009 3.5000000000000004 6.5000000000000009 1.0000000180025095e-35 33.702512500000012 1.0000000180025095e-35 5.5000000000000009 10.500000000000002 13199.117500000002 31.65785 3.5000000000000004 26436.195000000003 25522.875000000004 11.947975000000001 23288.731250000001 23288.560000000001 15597.346250000001 15116.973750000001 12568.335000000001 10.500000000000002 5.5000000000000009
decision_type=2 2 2 2 2 2 2 2 2 2 2 2 2 2 2 2 2 2 2 2 2 2 2 2 2 2 2 2 2
left_child=1 -1 3 5 -5 9 -7 -8 -9 -2 11 12 14 19 -4 -16 -17 18 -15 20 21 25 23 24 -23 26 -13 -28 -29
right_child=2 -3 10 4 -6 6 7 8 -10 -11 -12 13 -14 17 15 16 -18 -19 -20 -21 -22 22 -24 -25 -26 -27 27 28 -30
leaf_value=-0.32370743379571199 -2.3931624328539383 11.970058074827133 4.1167763354044977 -1.1627423953842311 -14.874886409614929 2.2206032768480872 2.4758069885128506 2.5890807471705002 -4.7839609131720016 1.1473840160596409 0.061436565327099228 -2.899040827698693 -6.6863249675152643 10.398071133282448 -1.3600501375224532 -5.9167471937208562 13.864772829347398 12.707902968885424 -3.0783649473400181 -13.169704312723042 11.402481566331103 -4.1630601130097906 1.6490293660249313 -8.2487137245434923 -1.1775124503250547 -6.1546323092266997 -0.16431930034605471 14.608789660695903 -3.1644501730056969
leaf_weight=7769 628 28 634 59 47 2727 547 136 397 650 44172 245 90 35 466 43 66 45 90 34 30 1064 236 185 1348 92 310 106 39
leaf_count=7769 628 28 634 59 47 2727 547 136 397 650 44172 245 90 35 466 43 66 45 90 34 30 1064 236 185 1348 92 310 106 39
internal_value=0.00648614 -0.279559 0.0473932 0.835659 -7.24266 1.00406 1.53999 -0.178566 -2.90266 -0.592415 -0.0355561 -0.86618 1.5667 -1.68512 2.18107 0.0467331 6.06105 3.87491 0.695037 -1.94135 -1.8369 -1.94647 -2.52511 -2.90443 -2.49452 0.123343 0.948449 3.02017 9.8284
internal_weight=62318 7797 54521 5191 106 5085 3807 1080 533 1278 49330 5158 1299 3859 1209 575 109 170 125 3689 3655 3625 2833 2597 2412 792 700 455 145
internal_count=62318 7797 54521 5191 106 5085 3807 1080 533 1278 49330 5158 1299 3859 1209 575 109 170 125 3689 3655 3625 2833 2597 2412 792 700 455 145
is_linear=0
shrinkage=0.0768785


Tree=180
num_leaves=30
num_cat=0
split_feature=8 7 6 6 7 7 5 1 4 7 0 6 4 0 1 7 1 6 1 8 4 6 5 0 7 4 0 4 0
split_gain=164984 723668 787991 578593 529010 516266 510406 552893 866792 522225 506995 507920 389291 388455 426787 766676 374050 514682 488426 558930 425610 626095 447384 402018 752697 489537 359055 352125 535883
threshold=14128.845000000003 16595.260000000006 18590.227500000005 17914.415000000005 18790.262500000001 13418.243750000001 1.0000000180025095e-35 1.5000000000000002 15.500000000000002 12628.872500000001 6.5023500000000016 15223.985000000002 1.0000000180025095e-35 20.402375000000003 10.500000000000002 12873.248750000001 3.5000000000000004 13260.195000000002 2.5000000000000004 13139.850000000002 15.500000000000002 14885.70125 37.500000000000007 11.321537500000002 12568.335000000001 4.5000000000000009 27.766275000000004 5.5000000000000009 9.4241750000000017
decision_type=2 2 2 2 2 2 2 2 2 2 2 2 2 2 2 2 2 2 2 2 2 2 2 2 2 2 2 2 2
left_child=1 3 4 6 -3 10 7 8 12 -10 -2 13 -1 14 -12 -16 17 -8 20 26 -19 22 -22 24 -18 -26 -20 -27 -29
right_child=5 2 -4 -5 -6 -7 16 -9 9 -11 11 -13 -14 -15 15 -17 23 18 19 -21 21 -23 -24 -25 25 27 -28 28 -30
leaf_value=-9.4327937274249791 8.6036269409121608 -2.5388551787633893 7.3677433664115926 -9.9712592984855259 -9.2712271043667975 0.028912176570601602 0.21386578258546821 -0.51237755849992628 -17.210443564840268 -3.8423494513246506 1.8425352466734424 -0.59933776484230949 -1.1167404192607246 3.4489881454237632 -15.066063240309413 0.096319747770220052 1.0749471801074135 -1.6428418426884188 -5.3305020408603969 -1.6162352217356826 2.5147126610116763 11.821126940465479 -5.275145661322922 0.39303702648499406 -0.54865665065905289 14.067492825921326 -14.362858296240095 13.52446264949471 -1.5550317800354805
leaf_weight=37 56 544 43 35 79 46821 3489 2830 39 31 284 602 330 604 27 73 551 554 139 334 185 34 57 4255 36 56 32 26 30
leaf_count=37 56 544 43 35 79 46821 3489 2830 39 31 284 602 330 604 27 73 551 554 139 334 185 34 57 4255 36 56 32 26 30
internal_value=0.0092841 -0.225798 -2.69782 -0.0999291 -3.39256 0.0759572 -0.0734441 -0.905383 -3.45048 -11.2903 1.41417 1.16095 -1.95514 2.23352 0.321687 -3.99752 0.204521 -0.277337 -1.56109 -3.44628 -0.414069 2.05238 0.679911 0.673735 2.38242 7.25009 -7.02077 9.75683 5.44616
internal_weight=62213 13746 666 13080 623 48467 13045 3267 437 70 1646 1590 367 988 384 100 9778 4824 1335 505 830 276 242 4954 699 148 171 112 56
internal_count=62213 13746 666 13080 623 48467 13045 3267 437 70 1646 1590 367 988 384 100 9778 4824 1335 505 830 276 242 4954 699 148 171 112 56
is_linear=0
shrinkage=0.0768785


Tree=181
num_leaves=30
num_cat=0
split_feature=8 4 4 5 1 6 7 6 7 1 6 0 6 4 0 8 4 6 8 1 4 7 4 6 3 7 6 7 7
split_gain=151864 465774 723118 832957 799089 1.75163e+06 805360 864878 529698 527709 768308 892769 517494 486145 495424 552480 455371 421710 570961 749122 667204 587326 633449 467301 778306 387985 373994 312442 1.11024e+06
threshold=12144.025000000001 20.500000000000004 15.500000000000002 1.0000000180025095e-35 2.5000000000000004 10844.745000000001 13757.548750000002 11483.320000000002 13916.811250000001 10.500000000000002 13260.195000000002 28.825750000000003 12397.466250000001 10.500000000000002 20.402375000000003 10844.745000000001 16.500000000000004 13134.338750000001 13562.252500000001 9.5000000000000018 4.5000000000000009 12628.872500000001 5.5000000000000009 14425.590000000002 1.0000000180025095e-35 10618.425000000001 12464.845000000001 14278.668750000001 13642.600000000002
decision_type=2 2 2 2 2 2 2 2 2 2 2 2 2 2 2 2 2 2 2 2 2 2 2 2 2 2 2 2 2
left_child=1 2 12 8 6 -6 7 -5 26 10 11 16 27 -14 -15 -16 -7 25 19 -19 -21 -22 -23 -24 -25 -2 -4 28 -1
right_child=17 -3 3 4 5 9 -8 -9 -10 -11 -12 -13 13 14 15 -17 -18 18 -20 20 21 22 23 24 -26 -27 -28 -29 -30
leaf_value=-0.25532157373323044 4.6241682155075372 -3.7521247855067967 -1.8242222185557562 16.35554408673099 -12.926678821269643 -6.8452203571641217 20.687044956166901 2.8320488824942953 6.8853531964685137 8.3714098369007335 -9.5144895895534454 13.335468482824149 -1.3506632162785914 -16.00942441485466 5.2007259033220565 -7.2762663265512764 5.8251615435847635 -2.3185095709240051 0.039289962626015647 -5.1140297408973598 -4.3293573738824085 8.3341750496923428 0.38052370074881808 0.34747032653999232 16.803996277569432 0.6431885172911268 -10.709233426138793 2.0611522300140841 -8.2312849583280752
leaf_weight=3833 150 231 140 36 43 38 25 125 34 95 32 39 356 27 27 94 30 1373 50174 102 87 91 420 41 29 4089 35 311 106
leaf_count=3833 150 231 140 36 43 38 25 125 34 95 32 39 356 27 27 94 30 1373 50174 102 87 91 420 41 29 4089 35 311 106
internal_value=0.00857035 -0.371215 -0.22728 2.13328 3.95178 1.33463 7.84936 5.85594 -1.89527 3.9553 0.937094 4.0628 -0.560956 -2.89016 -6.59327 -4.49214 -1.25535 0.0465583 -0.0131979 -1.24209 0.677282 1.56158 2.4437 1.34976 7.16517 0.784058 -3.60122 -0.28474 -0.469958
internal_weight=62213 5657 5426 672 463 277 186 161 209 234 139 107 4754 504 148 121 68 56556 52317 2143 770 668 581 490 70 4239 175 4250 3939
internal_count=62213 5657 5426 672 463 277 186 161 209 234 139 107 4754 504 148 121 68 56556 52317 2143 770 668 581 490 70 4239 175 4250 3939
is_linear=0
shrinkage=0.0768785


Tree=182
num_leaves=30
num_cat=0
split_feature=8 4 4 5 0 7 6 7 6 4 5 0 6 0 8 1 1 6 6 7 0 4 4 4 0 6 1 7 7
split_gain=129412 396911 616207 709807 689678 511001 493041 451384 442828 452852 435913 424166 393170 385120 471239 375675 735223 756533 372815 433233 491771 530782 386536 511544 1.41067e+06 704393 607216 367253 347782
threshold=12144.025000000001 20.500000000000004 15.500000000000002 1.0000000180025095e-35 26.163175000000003 14681.010000000002 11029.776250000001 13916.811250000001 12264.155000000001 10.500000000000002 37.500000000000007 28.825750000000003 12777.830000000002 20.402375000000003 10732.750000000002 10.500000000000002 2.5000000000000004 11483.320000000002 12464.845000000001 16446.856250000004 30.321187500000004 13.500000000000002 4.5000000000000009 12.500000000000002 12.364687500000004 12264.155000000001 1.5000000000000002 11989.700000000003 12568.335000000001
decision_type=2 2 2 2 2 2 2 2 2 2 2 2 2 2 2 2 2 2 2 2 2 2 2 2 2 2 2 2 2
left_child=1 2 8 7 5 10 -6 -4 -1 -10 15 -8 -13 -11 -15 16 17 -5 19 20 22 -22 -2 24 -24 -26 -25 -23 -17
right_child=18 -3 3 4 6 -7 11 -9 9 13 -12 12 -14 14 -16 28 -18 -19 -20 -21 21 27 23 26 25 -27 -28 -29 -30
leaf_value=-0.23021937782896371 2.6494647743342661 -3.4636670026315386 -3.3243676789779251 16.888543679310079 -9.7915352329174823 16.04658247640646 -4.0938589597468535 6.3560176404976323 -1.1728762697182051 -13.90850604605107 -0.76810654337549433 12.865394956303291 -0.37998022710021834 5.3885452333295918 -6.2756761670703689 6.4448026881454608 -4.892696008945185 3.5966255534017328 0.0060070328884475142 -4.021530479155361 -0.12244221428553824 4.5867298054962982 4.1123684355788406 -5.4959320409593539 -8.5849100964830569 1.1581515237357447 1.9645769233289492 14.637192000408771 17.559869167607385
leaf_weight=4133 556 231 175 34 30 25 44 34 454 29 69 26 27 25 113 41 40 99 54639 93 56 44 130 71 163 60 702 42 28
leaf_count=4133 556 231 175 34 30 25 44 34 454 29 69 26 27 25 113 41 40 99 54639 93 56 44 130 71 163 60 702 42 28
internal_value=0.00791147 -0.342677 -0.209807 1.96927 3.64797 5.47216 -1.17823 -1.74957 -0.517831 -2.432 4.62213 1.48568 6.11775 -5.855 -4.16259 6.15902 4.24606 6.99456 0.042979 1.09677 1.35773 5.70226 0.990952 0.172006 -2.25281 -5.96346 1.27933 9.4951 10.9553
internal_weight=62213 5657 5426 672 463 336 127 209 4754 621 311 97 53 167 138 242 173 133 56556 1917 1824 142 1682 1126 353 223 773 86 69
internal_count=62213 5657 5426 672 463 336 127 209 4754 621 311 97 53 167 138 242 173 133 56556 1917 1824 142 1682 1126 353 223 773 86 69
is_linear=0
shrinkage=0.0768785


Tree=183
num_leaves=30
num_cat=0
split_feature=8 7 6 6 6 8 4 0 7 7 4 6 8 7 8 3 7 1 4 4 1 4 1 5 4 7 8 6 1
split_gain=130368 573913 749790 504656 452988 660972 707328 768779 1.73419e+06 990343 658619 629609 742962 647533 626877 605952 556828 518970 1.42388e+06 1.15467e+06 517311 513445 761938 512702 506199 798934 480038 622777 839155
threshold=14128.845000000003 16978.861250000005 18590.227500000005 17914.415000000005 16418.875000000004 17058.958750000002 15.500000000000002 33.29898750000001 18219.291250000006 14625.8225 16.500000000000004 17760.077500000003 14891.726250000002 16491.592500000002 15919.200000000003 1.0000000180025095e-35 19933.576250000002 11.500000000000002 5.5000000000000009 7.5000000000000009 5.5000000000000009 22.500000000000004 2.5000000000000004 37.500000000000007 9.5000000000000018 16446.856250000004 16468.005000000001 15223.985000000002 9.5000000000000018
decision_type=2 2 2 2 2 2 2 2 2 2 2 2 2 2 2 2 2 2 2 2 2 2 2 2 2 2 2 2 2
left_child=1 3 -3 -1 17 6 -6 9 20 15 23 12 -12 -13 -15 -8 -14 21 -19 -20 -9 26 -23 -11 25 -21 27 -2 -29
right_child=4 2 -4 -5 5 -7 7 8 -10 10 11 13 16 14 -16 -17 -18 18 19 24 -22 22 -24 -25 -26 -27 -28 28 -30
leaf_value=-0.079141258537580056 0.97138766471113214 -3.6762426708624143 6.9433637233314336 -8.727411499278114 -1.7038185588027908 0.051747040170771766 -1.7877787039082293 12.352680488431586 -9.5364148748328272 2.5502086769313776 11.422383663937726 -4.8823479893244697 -0.67990690658554231 17.874848176922175 5.0096218765378149 -16.939497355306475 10.589517868325148 12.554207446932837 -6.9298730990126449 1.1680255420391705 -0.54546058570598466 -0.34133146254638097 6.5125757446984833 17.134889893587228 -1.1662861444370796 15.421511965420477 1.7043277537210639 -1.5383684096053707 1.0043696651327929
leaf_weight=13207 3794 456 43 40 2684 34001 39 34 122 28 34 33 644 26 161 26 27 45 188 167 40 173 215 29 928 27 1837 1859 1306
leaf_count=13207 3794 456 43 40 2684 34001 39 34 122 28 34 33 644 26 161 26 27 45 188 167 40 173 215 29 928 27 1837 1859 1306
internal_value=0.00730325 -0.201667 -2.76113 -0.105255 0.0665705 -0.0573219 -1.00167 0.514476 -3.90444 1.3417 1.95001 1.45578 0.335345 5.04626 6.79837 -7.84847 -0.226443 0.512438 -0.892066 -1.35396 5.38071 0.719657 3.45658 9.97049 -0.419672 3.15176 0.598928 0.307131 -0.489137
internal_weight=62213 13746 499 13247 48467 37928 3927 1243 196 1047 982 925 705 220 187 65 671 10539 1355 1310 74 9184 388 57 1122 194 8796 6959 3165
internal_count=62213 13746 499 13247 48467 37928 3927 1243 196 1047 982 925 705 220 187 65 671 10539 1355 1310 74 9184 388 57 1122 194 8796 6959 3165
is_linear=0
shrinkage=0.0768785


Tree=184
num_leaves=30
num_cat=0
split_feature=5 8 4 0 4 6 8 6 8 4 4 8 0 6 4 7 4 6 4 4 0 0 4 4 0 4 7 7 4
split_gain=125491 547796 566226 472147 683200 729102 621747 608611 1.0171e+06 491989 1.26838e+06 719356 625532 618538 462448 439971 420625 408703 402494 397856 535508 666603 376851 1.97964e+06 969369 360421 604819 572810 373542
threshold=37.500000000000007 14128.845000000003 4.5000000000000009 27.5869125 8.5000000000000018 19191.542500000003 24177.365000000002 19698.736250000005 19439.430000000004 13.500000000000002 17.500000000000004 16956.198750000003 22.124100000000006 15112.468750000002 21.500000000000004 17126.425000000007 15.500000000000002 20398.928750000003 2.5000000000000004 19.500000000000004 15.945625000000001 11.104387500000001 16.500000000000004 19.500000000000004 33.502975000000006 19.500000000000004 17481.960000000003 19528.750000000004 18.500000000000004
decision_type=2 2 2 2 2 2 2 2 2 2 2 2 2 2 2 2 2 2 2 2 2 2 2 2 2 2 2 2 2
left_child=-1 2 -2 4 18 9 7 -5 17 11 13 -6 25 16 -10 -4 -11 -9 -3 20 21 -7 -8 24 -24 26 -12 28 -28
right_child=1 3 15 6 5 19 22 8 14 10 12 -13 -14 -15 -16 -17 -18 -19 -20 -21 -22 -23 23 -25 -26 -27 27 -29 -30
leaf_value=-0.056274969919939688 0.61004907532076635 0.31931608465517841 -1.2266614464250318 0.46852980624650514 -3.8599514794721892 -0.96421148786486288 0.18319718465755455 -8.808779219939975 -0.38339289523224018 4.0948006142152842 -7.8721051904808172 0.79504970722407975 2.1831219597857352 6.8680009371988939 -5.9361942073600025 -7.0056729694947766 -6.3187864325463705 -3.213455003187728 3.4260327574575187 0.42104387583992875 2.0004990290462357 11.83174347891004 -4.3608416553702005 0.49496169084815572 9.9598307481144737 -0.49509575886969343 4.6725092025032042 -11.193749483372455 -3.5354296311590199
leaf_weight=46668 1265 336 2010 2741 419 32 1282 112 2430 52 125 369 361 245 92 81 41 248 925 187 160 97 32 972 220 550 79 26 56
leaf_count=46668 1265 336 2010 2741 419 32 1282 112 2430 52 125 369 361 245 92 81 41 248 925 187 160 97 32 972 220 550 79 26 56
internal_value=0.00674179 0.195926 -0.673819 0.435393 1.11243 0.443055 0.0972472 -0.351601 -1.13161 -0.118609 0.683008 -1.68013 -0.491313 4.84177 -0.585953 -1.45053 -0.496136 -4.95422 2.59823 3.18412 4.97199 8.65755 1.10438 2.06921 8.14133 -1.64618 -3.85981 -0.744679 1.26773
internal_weight=62213 15545 3356 12189 4060 2799 8129 5623 2882 2323 1535 788 1197 338 2522 2091 93 360 1261 476 289 129 2506 1224 252 836 286 161 135
internal_count=62213 15545 3356 12189 4060 2799 8129 5623 2882 2323 1535 788 1197 338 2522 2091 93 360 1261 476 289 129 2506 1224 252 836 286 161 135
is_linear=0
shrinkage=0.0768785


Tree=185
num_leaves=30
num_cat=0
split_feature=0 4 7 4 8 6 5 0 4 6 7 7 6 7 4 5 0 6 6 1 8 8 1 0 1 7 0 6 3
split_gain=142094 598878 477540 1.10009e+06 1.08857e+06 808367 545659 461358 447285 446511 819822 413957 399984 524155 530059 1.21026e+06 382585 1.07145e+06 460769 659736 376427 363286 362320 313038 309190 862970 553375 317991 383773
threshold=38.07800000000001 13.500000000000002 21717.545000000002 16.500000000000004 20037.753750000003 27621.875000000004 1.0000000180025095e-35 39.053500000000007 20.500000000000004 20625.618750000001 15841.147500000001 12434.090000000002 26671.125000000004 25103.500000000004 17.500000000000004 1.0000000180025095e-35 38.899400000000007 21651.226250000003 23587.125000000004 6.5000000000000009 21652.105000000003 23288.560000000001 7.5000000000000009 38.470000000000006 8.5000000000000018 20226.052500000002 39.215000000000011 28340.125000000004 1.0000000180025095e-35
decision_type=2 2 2 2 2 2 2 2 2 2 2 2 2 2 2 2 2 2 2 2 2 2 2 2 2 2 2 2 2
left_child=-1 9 3 16 7 12 -6 -5 -7 10 11 -2 13 14 -4 -16 17 -3 21 -20 -15 -18 -19 -12 27 -26 -27 28 -11
right_child=1 2 5 4 6 8 -8 -9 -10 24 23 -13 -14 20 15 -17 18 22 19 -21 -22 -23 -24 -25 25 26 -28 -29 -30
leaf_value=-0.044881748719763463 5.0448259396497308 -1.4484211982306658 -2.1585033530157767 1.22320682054526 2.1638431996194161 4.4477563677142617 9.931201729161339 -11.45739227579816 -4.2385161232953141 1.6742397157354956 0.78496537170936109 -4.0689559265811921 -6.8301460514727887 6.7824153673995067 -20.056651544977875 -2.5707739150323872 -2.2716877299921747 3.3586876504198302 -0.75192217344901835 -12.890747782725262 -0.51010640641218996 2.7044764584614183 14.431792911858937 5.05025206323986 2.7354187535696752 -2.203158012681306 -11.766008520679534 -5.0953745904505494 -0.50836545386153964
leaf_weight=56549 38 193 552 43 84 172 147 28 44 1512 132 131 112 52 34 75 327 31 55 51 214 118 40 443 131 96 57 52 695
leaf_count=56549 38 193 552 43 84 172 147 28 44 1512 132 131 112 52 34 75 327 31 55 51 214 118 40 443 131 96 57 52 695
internal_value=-0.00812585 0.359167 -0.571827 0.584412 4.54782 -1.60093 7.10671 -3.77759 2.67833 1.031 2.68756 -2.0197 -2.49055 -1.96624 -3.12591 -8.02508 -0.884235 1.52214 -2.0372 -6.5923 0.915499 -0.952166 9.59706 4.07109 0.546343 -1.84446 -5.76579 0.846913 0.986922
internal_weight=62208 5659 2372 1117 302 1255 231 71 216 3287 744 169 1039 927 661 109 815 264 551 106 266 445 71 575 2543 284 153 2259 2207
internal_count=62208 5659 2372 1117 302 1255 231 71 216 3287 744 169 1039 927 661 109 815 264 551 106 266 445 71 575 2543 284 153 2259 2207
is_linear=0
shrinkage=0.0768785


Tree=186
num_leaves=30
num_cat=0
split_feature=4 1 8 4 5 1 4 8 7 1 0 4 7 7 1 1 0 2 0 4 8 0 7 1 1 4 8 7 0
split_gain=124802 732160 1.0354e+06 712560 1.25723e+06 1.15586e+06 959209 643742 966100 1.21802e+06 1.04391e+06 993413 883511 597268 1.30734e+06 648345 615174 576353 774198 1.15267e+06 953919 1.41377e+06 956634 954770 888514 925092 714526 1.50935e+06 683252
threshold=6.5000000000000009 5.5000000000000009 13562.252500000001 9.5000000000000018 1.0000000180025095e-35 4.5000000000000009 8.5000000000000018 20037.753750000003 15470.042500000001 6.5000000000000009 17.336937500000001 8.5000000000000018 16044.452500000001 12873.248750000001 11.500000000000002 7.5000000000000009 15.614700000000001 1.0000000180025095e-35 13.309700000000001 3.5000000000000004 27493.246250000004 34.229375000000012 22467.860000000004 6.5000000000000009 9.5000000000000018 5.5000000000000009 18764.275000000005 20835.028750000001 23.166150000000005
decision_type=2 2 2 2 2 2 2 2 2 2 2 2 2 2 2 2 2 2 2 2 2 2 2 2 2 2 2 2 2
left_child=1 2 -1 4 5 -2 13 8 -6 -10 -11 12 -12 14 16 -15 -7 18 -3 -20 22 -22 23 -21 25 -24 -19 -28 -25
right_child=3 17 -4 -5 7 6 -8 -9 9 10 11 -13 -14 15 -16 -17 -18 26 19 20 21 -23 24 28 -26 -27 27 -29 -30
leaf_value=-0.53365693399986835 1.7432003143180888 0.87140459353638799 1.2841620178609023 -0.080667848960524494 2.4166281516534394 -23.603431760503987 0.64898387970243998 3.2100820844921065 -1.5314858041202377 6.9390144738914294 -3.5134195787947013 -1.854733857456812 3.0275149057211523 -5.6588700575253501 3.8298067310162272 -1.1625374483175501 -8.2876824747538436 -1.869322708177775 -0.23933990265139071 -8.0638486495246635 -2.5406162311671148 -24.701905100914065 -1.403529340363616 -0.044843617766773709 10.295019753425581 5.2547161362239185 17.147816801421445 1.9901507772547062 -2.9994589558273952
leaf_weight=3570 629 1559 3848 36332 1734 31 442 880 1407 186 140 535 952 328 29 449 31 173 5047 178 46 27 766 626 49 147 46 249 1772
leaf_count=3570 629 1559 3848 36332 1734 31 442 880 1407 186 140 535 952 328 29 449 31 173 5047 178 46 27 766 626 49 147 46 249 1772
internal_value=-0.00750115 -0.177467 0.409315 0.0622615 0.730332 -0.965614 -2.26626 1.294 0.953638 0.165804 1.48301 0.85927 2.18893 -3.75075 -9.64352 -3.0606 -15.9456 -0.584836 -0.70568 -0.989657 -2.03836 -10.7373 -1.85887 -2.6314 0.209767 -0.331501 2.05332 4.35372 -2.22815
internal_weight=62208 18103 7418 44105 7773 1939 1310 5834 4954 3220 1813 1627 1092 868 91 777 62 10685 10217 8658 3611 73 3538 2576 962 913 468 295 2398
internal_count=62208 18103 7418 44105 7773 1939 1310 5834 4954 3220 1813 1627 1092 868 91 777 62 10685 10217 8658 3611 73 3538 2576 962 913 468 295 2398
is_linear=0
shrinkage=0.0768785


Tree=187
num_leaves=30
num_cat=0
split_feature=0 7 4 8 4 4 1 4 4 6 8 6 1 1 4 8 8 7 0 8 1 5 0 1 1 6 0 7 0
split_gain=117531 485287 610238 606830 570844 544225 543762 616109 511219 576214 687639 574990 570137 557636 576233 688904 550532 544622 509484 498207 428212 485642 408702 397628 381143 454568 363333 352911 308057
threshold=37.711025000000014 20156.097500000007 16.500000000000004 20037.753750000003 17.500000000000004 14.500000000000002 5.5000000000000009 11.500000000000002 12.500000000000002 21325.750000000004 21652.105000000003 27621.875000000004 6.5000000000000009 5.5000000000000009 14.500000000000002 21970.117500000004 25638.945000000003 22293.040000000005 39.053500000000007 24370.871250000004 5.5000000000000009 1.0000000180025095e-35 38.899400000000007 4.5000000000000009 8.5000000000000018 23192.866250000003 40.323987500000008 22828.547500000004 39.215000000000011
decision_type=2 2 2 2 2 2 2 2 2 2 2 2 2 2 2 2 2 2 2 2 2 2 2 2 2 2 2 2 2
left_child=-1 2 5 22 20 6 7 23 9 18 27 13 16 14 15 -10 -13 -16 -3 -8 -5 -22 -4 -2 25 -12 -19 -11 -26
right_child=1 8 3 4 -6 -7 19 -9 11 10 24 12 -14 -15 17 -17 -18 26 -20 -21 21 -23 -24 -25 28 -27 -28 -29 -30
leaf_value=-0.042687511042859207 -7.1561470893819061 1.2573395628701549 3.154915946568551 2.8167470247792306 1.1581793938886027 -1.7708077013024632 3.4738966140837859 1.6269677443042125 12.387057742756769 -7.9636723439948494 3.9679690405471151 13.583129883478101 -8.177062429361369 -2.0302436043353809 1.8076584861209515 1.6326213752387915 2.0656394553907242 1.1822511242329379 7.0693573515398418 -2.19172274840964 4.4489193627262464 17.266862225264024 -8.6886363737244654 -0.82638442875251605 -0.6692721095906764 0.30012126554392532 -8.2271593447594871 -0.68738126103177455 -9.4090130749044238
leaf_weight=55815 94 234 51 31 58 392 726 414 46 87 253 27 29 1640 141 150 268 35 144 105 25 58 26 156 67 948 79 72 37
leaf_count=55815 94 234 51 31 58 392 726 414 46 87 253 27 29 1640 141 150 268 35 144 105 25 58 26 156 67 948 79 72 37
internal_value=-0.00692447 0.30531 1.2509 4.82808 7.36741 0.778872 1.44742 -0.192815 -0.169151 0.7955 0.10458 -0.904922 2.10865 -1.37187 1.0222 4.15662 3.11978 -1.38701 3.47144 2.75802 10.5265 13.406 -0.844206 -3.20638 0.686158 1.07278 -5.33831 -4.66875 -3.7786
internal_weight=62208 6393 2136 249 172 1887 1495 664 4257 1842 1464 2415 324 2091 451 196 295 255 378 831 114 83 77 250 1305 1201 114 159 104
internal_count=62208 6393 2136 249 172 1887 1495 664 4257 1842 1464 2415 324 2091 451 196 295 255 378 831 114 83 77 250 1305 1201 114 159 104
is_linear=0
shrinkage=0.0768785


Tree=188
num_leaves=30
num_cat=0
split_feature=8 6 8 7 8 7 4 6 0 5 4 6 8 1 6 6 1 6 8 0 7 4 4 0 0 7 1 7 4
split_gain=115143 468350 587494 287874 709630 562026 1.91098e+06 416978 313294 216375 208082 368595 567693 343782 188394 218164 197598 181981 469851 439204 697088 608940 1.48588e+06 486753 781199 482890 418893 402863 388574
threshold=11134.210000000001 10620.635 11762.932500000001 14914.1625 9860.7500000000018 13642.600000000002 5.5000000000000009 13442.378750000002 21.293975 22.500000000000004 1.5000000000000002 11133.621250000002 10263.900000000001 2.5000000000000004 12464.845000000001 12200.425000000001 1.5000000000000002 12529.032500000003 13017.477500000003 26.163175000000003 12689.090000000002 15.500000000000002 19.500000000000004 15.945625000000001 6.5023500000000016 14514.411250000003 3.5000000000000004 12434.090000000002 4.5000000000000009
decision_type=2 2 2 2 2 2 2 2 2 2 2 2 2 2 2 2 2 2 2 2 2 2 2 2 2 2 2 2 2
left_child=3 2 -2 5 -5 7 -7 10 -8 -4 11 12 -1 -13 15 16 -12 -3 19 20 -19 23 25 24 -22 -23 -21 -28 -26
right_child=1 17 9 4 -6 6 8 -9 -10 -11 14 13 -14 -15 -16 -17 -18 18 -20 26 21 22 -24 -25 28 -27 27 -29 -30
leaf_value=7.5725231988122301 0.036544628212663167 0.4522001844727872 5.0906300188943483 13.840370579887729 0.40147636927180658 -22.372317739091486 4.6364508320629279 9.3758355103522941 -4.1126455186845945 13.247484045466527 -5.1236037346794809 -14.510973446316941 -2.3571372960792516 -3.2214782323383813 -4.462843488061627 6.4572066396938714 0.0013485765848575309 -2.4129438795031208 0.0095470325623487548 -8.1722782756760335 -6.8269537608839279 4.355646285505574 -5.2630975377058178 -1.8991745256294812 -2.5092123491030596 12.085178008694857 3.9257730613991986 -3.3667843265994808 4.7926396009556989
leaf_weight=39 98 4874 40 27 166 31 41 25 59 37 46 25 267 44 59 30 1332 775 52619 86 52 146 82 538 53 71 54 262 230
leaf_count=39 98 4874 40 27 166 31 41 25 59 37 46 25 267 44 59 30 1332 775 52619 86 52 146 82 538 53 71 54 262 230
internal_value=-0.00639213 0.013592 3.98493 -0.553807 2.28153 -0.82769 -5.69537 -0.486144 -0.525516 9.01016 -0.619993 -2.23612 -1.09159 -7.31188 -0.206872 -0.0285322 -0.169731 0.0019783 -0.0379428 -1.10174 -0.624074 0.558839 3.55317 -0.466711 1.83378 6.88466 -3.41523 -2.12059 3.42515
internal_weight=62208 60017 175 2191 193 1998 131 1867 100 77 1842 375 306 69 1467 1408 1378 59842 54968 2349 1947 1172 299 873 335 217 402 316 283
internal_count=62208 60017 175 2191 193 1998 131 1867 100 77 1842 375 306 69 1467 1408 1378 59842 54968 2349 1947 1172 299 873 335 217 402 316 283
is_linear=0
shrinkage=0.0768785


Tree=189
num_leaves=30
num_cat=0
split_feature=0 6 7 4 3 6 7 7 7 7 4 4 8 0 6 8 1 7 8 6 1 0 3 8 7 5 4 4 0
split_gain=106489 282414 177667 313198 375504 309091 279785 281994 205416 199597 164316 207945 297821 224663 194753 118003 180051 108725 108061 424160 609487 511397 762214 477095 261617 217825 236338 421047 425103
threshold=42.348275000000008 23787.875000000004 25520.236250000005 14.500000000000002 1.0000000180025095e-35 27496.036250000001 27767.716250000005 28339.945000000003 26799.525000000005 26666.660000000003 10.500000000000002 12.500000000000002 25300.822500000006 43.758925000000012 26226.160000000003 23191.250000000004 5.5000000000000009 22138.007500000003 28032.125000000004 28660.061250000002 5.5000000000000009 35.177437500000011 1.0000000180025095e-35 27210.481250000004 22058.356250000004 1.0000000180025095e-35 18.500000000000004 21.500000000000004 34.881400000000006
decision_type=2 2 2 2 2 2 2 2 2 2 2 2 2 2 2 2 2 2 2 2 2 2 2 2 2 2 2 2 2
left_child=18 15 5 4 6 10 8 -8 -4 -6 14 17 -13 -14 -3 -2 -17 -12 19 -1 -21 -22 23 -23 -20 -26 -27 28 -28
right_child=1 2 3 -5 9 -7 7 -9 -10 -11 11 12 13 -15 -16 16 -18 -19 24 20 21 22 -24 -25 25 26 27 -29 -30
leaf_value=-0.021415457681035331 9.2851377123002639 9.2995462037070951 -0.73716891130840834 8.4458757190352838 10.498078334452012 -4.5858236740388261 7.0101457183602989 -3.3981909112360151 -7.3584559673350896 2.0291381911250954 -5.4817151811737714 8.5200562537099742 -3.9832233133331236 5.0305508193870008 -0.29649686008648557 0.27886376040954902 8.066490255753342 -0.55435403747123546 -4.7511883724357933 -13.329579515437127 0.7773122852031682 -16.954758407391289 4.9910926000241638 -4.255866513165941 2.0422610234114118 -1.1402283278006897 6.3569270577186607 -0.49207863025436838 1.1077089609429622
leaf_weight=59109 25 25 72 36 29 95 40 25 45 38 48 30 44 26 25 47 28 59 54 30 169 34 26 36 511 510 131 561 300
leaf_count=59109 25 25 72 36 29 95 40 25 45 38 48 30 44 26 25 47 28 59 54 30 169 34 26 36 511 510 131 561 300
internal_value=-0.00590071 0.912717 0.316445 1.74332 0.774281 -0.838841 -1.03712 3.00694 -3.28382 5.6948 0.54623 -0.409155 2.11134 -0.63525 4.50152 4.71097 3.18624 -2.76476 -0.0169144 -0.0359281 -2.94382 -1.76807 -6.24901 -10.4239 0.529525 0.671184 0.204725 0.896183 2.70318
internal_weight=62208 737 637 285 249 352 182 65 117 67 257 207 100 70 50 100 75 107 61471 59404 295 265 96 70 2067 2013 1502 992 431
internal_count=62208 737 637 285 249 352 182 65 117 67 257 207 100 70 50 100 75 107 61471 59404 295 265 96 70 2067 2013 1502 992 431
is_linear=0
shrinkage=0.0768785


Tree=190
num_leaves=30
num_cat=0
split_feature=4 4 5 4 6 8 8 8 1 8 0 1 7 7 0 8 0 6 1 0 1 2 0 1 8 7 6 4 4
split_gain=143558 636256 1.0828e+06 1.08069e+06 894527 867381 802696 784938 719837 789596 648604 725558 1.49641e+06 690374 639519 631754 1.01276e+06 738327 733033 617999 857403 654612 615364 603049 585470 1.37792e+06 869758 770174 1.06003e+06
threshold=9.5000000000000018 6.5000000000000009 1.0000000180025095e-35 7.5000000000000009 14187.902500000002 11833.375000000002 13445.812500000002 12841.460000000001 6.5000000000000009 16071.240000000002 11.747187500000001 10.500000000000002 14855.645000000002 13049.375000000002 32.894475000000007 14945.055000000002 10.679712500000003 13260.195000000002 9.5000000000000018 17.484650000000006 10.500000000000002 1.0000000180025095e-35 33.365575000000007 3.5000000000000004 18654.710000000003 18050.200000000004 19772.622500000001 5.5000000000000009 3.5000000000000004
decision_type=2 2 2 2 2 2 2 2 2 2 2 2 2 2 2 2 2 2 2 2 2 2 2 2 2 2 2 2 2
left_child=1 14 3 5 7 -3 10 -5 -8 -10 -4 12 23 -13 24 16 17 -7 -18 -11 21 -21 -17 -12 25 27 -26 28 -1
right_child=-2 2 6 4 -6 15 8 -9 9 19 11 13 -14 -15 -16 22 18 -19 -20 20 -22 -23 -24 -25 26 -27 -28 -29 -30
leaf_value=-0.33910193297491353 -0.099129077565118656 7.7434019881020228 11.025803224430499 -3.4511333189274374 -0.34243353195372384 9.8859215728205143 0.024144818747919856 8.6726893247393058 -0.081738066178255339 7.6151350371213358 7.0794356868737651 -4.0717490657086817 -0.26562462917358914 4.59307649504834 -1.2501128899317719 0.74158402782304444 -6.0912962640688688 -5.9210157166198156 -15.774777565697972 3.163912091652791 -4.6824963411937546 -3.5571921820946497 -5.7696674391223768 16.850296425435246 2.8436550652586297 -3.0945568136198993 0.27103911705585332 -1.585244661196586 1.5524671632681126
leaf_weight=5023 36370 39 67 42 1115 31 2591 127 864 142 112 127 148 95 2514 208 123 40 74 1456 97 91 146 56 938 930 4517 1497 2688
leaf_count=5023 36370 39 67 42 1115 31 2591 127 864 142 112 127 148 95 2514 208 123 40 74 1456 97 91 146 56 938 930 4517 1497 2688
internal_value=-0.000626411 0.137706 0.718624 -0.852647 0.447563 -3.37832 1.2414 5.65967 0.935325 1.82622 3.89283 3.00452 5.37089 -0.363828 -0.112248 -4.07566 -6.89157 0.980605 -9.72875 2.74922 2.32892 2.76855 -1.94385 10.3364 0.0712054 -0.274347 0.713406 0.0104921 0.320286
internal_weight=62268 25898 7791 1945 1284 661 5846 169 5241 2650 605 538 316 222 18107 622 268 71 197 1786 1644 1547 354 168 15593 10138 5455 9208 7711
internal_count=62268 25898 7791 1945 1284 661 5846 169 5241 2650 605 538 316 222 18107 622 268 71 197 1786 1644 1547 354 168 15593 10138 5455 9208 7711
is_linear=0
shrinkage=0.0768785


Tree=191
num_leaves=30
num_cat=0
split_feature=4 4 5 4 8 6 8 0 1 6 8 8 8 6 6 0 0 0 1 7 7 1 8 2 0 0 4 7 1
split_gain=122334 542187 922707 920912 768801 762274 733786 972556 749587 733406 684020 681504 668888 625800 576329 575081 554937 552710 618286 1.27517e+06 588304 551560 800403 601779 602683 599290 825297 897301 1.33862e+06
threshold=9.5000000000000018 6.5000000000000009 1.0000000180025095e-35 7.5000000000000009 12205.312500000002 14187.902500000002 14945.055000000002 10.679712500000003 9.5000000000000018 12954.251250000003 13445.812500000002 19840.005000000001 12841.460000000001 19314.755000000001 13260.195000000002 14.206137500000002 26.163175000000003 11.747187500000001 10.500000000000002 14855.645000000002 13049.375000000002 5.5000000000000009 13562.252500000001 1.0000000180025095e-35 12.553050000000001 13.309700000000001 3.5000000000000004 22213.500000000004 6.5000000000000009
decision_type=2 2 2 2 2 2 2 2 2 2 2 2 2 2 2 2 2 2 2 2 2 2 2 2 2 2 2 2 2
left_child=1 21 3 4 -3 12 7 14 -9 -10 17 13 -5 -12 -6 -14 -8 -4 19 -19 -20 22 -1 25 -25 -23 -27 28 -28
right_child=-2 2 10 5 6 -7 16 8 9 -11 11 -13 15 -15 -16 -17 -18 18 20 -21 -22 23 -24 24 -26 26 27 -29 -30
leaf_value=-0.42634979804948475 -0.091508183464443879 4.5611559357239564 10.178155868135493 -3.1858152457591817 8.9150732528710517 -0.31610773909843243 4.747453399466103 -6.5056946273286194 -24.494885935416619 -7.8018896192513392 0.76907558664798237 2.7088042802243604 -2.1903332659237722 -2.2383227892910953 -5.4658169736788844 10.63073058897295 -3.210686394113262 9.5417432010403012 -3.7587191411571692 -0.24520379852242366 4.2399676216692486 0.79220053563419879 1.1701028099365518 -8.1242594776818873 2.9679428587108392 -0.19437190909107074 -8.785181322398099 0.14307528468939007 -2.0106836006649136
leaf_weight=3566 36370 69 67 42 28 1115 63 107 35 28 3818 965 26 458 40 101 291 168 127 148 95 1585 3871 31 438 4999 186 1075 2356
leaf_count=3566 36370 69 67 42 28 1115 63 107 35 28 3818 965 26 458 40 101 291 168 127 148 95 1585 3871 31 438 4999 186 1075 2356
internal_value=-0.000578254 0.12712 0.663377 -0.787097 -3.1186 0.413155 -4.01371 -7.31468 -10.4228 -17.0758 1.14596 0.863418 5.22456 0.446955 0.455726 8.00595 -1.79441 3.59355 2.77354 4.95798 -0.335858 -0.103619 0.404613 -0.457856 2.23477 -0.581652 -0.834386 -1.71894 -2.50638
internal_weight=62268 25898 7791 1945 661 1284 592 238 170 63 5846 5241 169 4276 68 127 354 605 538 316 222 18107 7437 10670 469 10201 8616 3617 2542
internal_count=62268 25898 7791 1945 661 1284 592 238 170 63 5846 5241 169 4276 68 127 354 605 538 316 222 18107 7437 10670 469 10201 8616 3617 2542
is_linear=0
shrinkage=0.0768785


Tree=192
num_leaves=30
num_cat=0
split_feature=8 6 4 0 4 6 1 4 7 4 4 1 7 6 0 8 1 0 1 4 6 0 7 4 4 1 1 1 4
split_gain=124672 504499 482143 609170 965584 961689 938113 669358 560430 558396 627444 457667 403881 371836 607293 541304 660317 546482 540168 540149 531926 681013 515535 957742 641110 1.23992e+06 951653 463576 633545
threshold=14128.845000000003 14187.902500000002 18.500000000000004 27.239950000000004 15.500000000000002 19191.542500000003 11.500000000000002 15.500000000000002 18790.262500000001 9.5000000000000018 7.5000000000000009 10.500000000000002 15895.125000000002 15387.295 14.027687500000001 16071.240000000002 9.5000000000000018 26.899262500000003 1.5000000000000002 22.500000000000004 16418.875000000004 9.7135875000000009 22213.500000000004 9.5000000000000018 16.500000000000004 6.5000000000000009 3.5000000000000004 1.5000000000000002 20.500000000000004
decision_type=2 2 2 2 2 2 2 2 2 2 2 2 2 2 2 2 2 2 2 2 2 2 2 2 2 2 2 2 2
left_child=1 -1 3 4 9 7 11 8 -5 10 -3 -6 -9 14 18 16 17 -15 -2 -16 -17 -22 24 -24 -19 26 -26 28 -23
right_child=13 2 -4 5 6 -7 -8 12 -10 -11 -12 -13 -14 15 19 20 -18 22 -20 -21 21 27 23 -25 25 -27 -28 -29 -30
leaf_value=-0.041895177069495262 1.1574331708904309 -2.0749195156560907 -7.3430764678401532 -1.3789285322715679 4.4207921264045824 7.0996248898308254 -5.0681087667137117 -13.487390571749424 -12.39893199632519 -6.191659211457794 3.4331046441020705 13.267486181276375 -4.4651887832453481 -0.66439878615915648 0.81375248830162539 1.1661601582940149 0.28388277739680667 -2.6812491466358086 -2.5888721151790932 4.9942861405184198 -3.5319582662875426 1.8585672009138055 -6.2482084515212772 13.685527677423513 -13.721943070284368 -19.221695576422903 1.01799019015938 -0.037740282681260576 -3.4879412804616234
leaf_weight=12222 371 456 80 227 149 44 53 69 31 127 167 45 51 1089 4733 2414 1514 726 588 190 322 1356 28 29 39 43 77 34883 145
leaf_count=12222 371 456 80 227 149 44 53 69 31 127 167 45 51 1089 4733 2414 1514 726 588 190 322 1356 28 29 39 43 77 34883 145
internal_value=-0.000533798 -0.205152 -1.53626 -1.20888 -0.172568 -3.65724 3.99646 -4.90936 -2.70304 -1.54557 -0.598451 6.47286 -9.65295 0.0572982 0.630322 -0.0217016 -0.931366 -1.83727 -1.13957 0.975097 0.0607309 -0.0119686 -3.19316 3.89352 -3.64959 -8.07109 -3.93768 0.0191835 1.34208
internal_weight=62268 13721 1499 1419 997 422 247 378 258 750 623 194 120 48547 5882 42665 3545 2031 959 4923 39120 36706 942 57 885 159 116 36384 1501
internal_count=62268 13721 1499 1419 997 422 247 378 258 750 623 194 120 48547 5882 42665 3545 2031 959 4923 39120 36706 942 57 885 159 116 36384 1501
is_linear=0
shrinkage=0.0768785


Tree=193
num_leaves=30
num_cat=0
split_feature=4 4 5 1 4 8 1 7 8 7 8 1 8 0 6 0 0 0 1 0 1 7 7 1 0 2 6 7 4
split_gain=108817 464462 790383 871636 782692 577841 630464 689364 1.33097e+06 545194 914794 518340 978475 514698 501189 636897 759275 499275 561558 475130 526490 1.09588e+06 517750 514609 542602 460736 614628 471461 1.40136e+06
threshold=9.5000000000000018 6.5000000000000009 1.0000000180025095e-35 3.5000000000000004 8.5000000000000018 13445.812500000002 6.5000000000000009 21883.562500000004 17819.298750000005 16102.382500000002 15342.120000000001 1.5000000000000002 15176.705000000002 33.103200000000008 15808.382500000002 24.322087500000006 14.755587500000003 21.964150000000004 2.5000000000000004 11.747187500000001 10.500000000000002 14855.645000000002 12689.090000000002 3.5000000000000004 19.912975000000003 1.0000000180025095e-35 11133.621250000002 18164.685000000001 12.500000000000002
decision_type=2 2 2 2 2 2 2 2 2 2 2 2 2 2 2 2 2 2 2 2 2 2 2 2 2 2 2 2 2
left_child=1 13 3 11 -5 19 9 -8 -9 14 17 -3 -13 -1 15 16 -7 18 -11 -4 21 23 -22 24 -21 27 -27 28 -2
right_child=25 2 5 4 -6 6 7 8 -10 10 -12 12 -14 -15 -16 -17 -18 -19 -20 20 22 -23 -24 -25 -26 26 -28 -29 -30
leaf_value=0.06058460450927311 -1.7039887387343413 -1.779705341767188 9.4175574722255746 -2.8637036492333734 0.91564345908217692 1.1871746041339746 1.2972948923303871 -8.3707737968010569 9.0887907093748428 -5.5751581598977493 -0.27727341298354991 1.0954238034197945 10.269024953494217 -1.183120107348391 -0.5571942505778763 -1.045091949350277 8.0155471720936795 -2.1628233106080912 -18.383872691243319 8.6771243751821103 -4.8133417003276326 -0.2555294867185719 2.7485998639415312 14.834669730388493 -4.1735296541060913 9.7067882400442755 -1.5911062898614332 0.24056449835328267 0.037671966714976017
leaf_weight=15862 3451 138 67 1000 479 191 2465 31 154 55 1412 230 98 2245 447 168 194 92 32 87 90 148 132 56 25 29 1527 18286 13077
leaf_count=15862 3451 138 67 1000 479 191 2465 31 154 55 1412 230 98 2245 447 168 194 92 32 87 90 148 132 56 25 29 1527 18286 13077
internal_value=-0.000492763 0.119944 0.616277 -0.726169 -1.6397 1.06292 0.80323 1.63699 6.16313 -0.0495107 -0.933631 2.1732 3.83632 -0.0936164 1.35713 2.9045 4.62796 -6.11116 -10.2864 3.31254 2.55225 4.56802 -0.317052 8.81734 5.80867 -0.0862521 -1.38054 -0.0284043 -0.325982
internal_weight=62268 25898 7791 1945 1479 5846 5241 2650 185 2591 1591 466 328 18107 1000 553 385 179 87 605 538 316 222 168 112 36370 1556 34814 16528
internal_count=62268 25898 7791 1945 1479 5846 5241 2650 185 2591 1591 466 328 18107 1000 553 385 179 87 605 538 316 222 168 112 36370 1556 34814 16528
is_linear=0
shrinkage=0.0768785


Tree=194
num_leaves=30
num_cat=0
split_feature=8 6 5 1 0 0 4 4 7 0 4 7 7 7 0 7 6 0 4 0 0 1 0 4 4 1 0 4 5
split_gain=120382 458997 466694 684059 721953 501287 1.06852e+06 509286 398751 465467 820107 802284 516341 413592 505794 338279 455451 413161 437241 906404 672506 773286 549934 330897 906760 394121 329783 1.10932e+06 947338
threshold=14128.845000000003 13318.178750000001 1.0000000180025095e-35 9.5000000000000018 11.104387500000001 14.380762500000001 5.5000000000000009 3.5000000000000004 20676.970000000005 27.417400000000004 15.500000000000002 12367.217500000001 15789.396250000002 14035.845000000003 28.825750000000003 13418.243750000001 12595.042500000001 6.5023500000000016 13.500000000000002 30.973912500000001 29.123225000000005 11.500000000000002 39.707900000000009 17.500000000000004 15.500000000000002 1.5000000000000002 12.553050000000001 5.5000000000000009 37.500000000000007
decision_type=2 2 2 2 2 2 2 2 2 2 2 2 2 2 2 2 2 2 2 2 2 2 2 2 2 2 2 2 2
left_child=1 -1 -3 8 -5 6 -6 -7 9 -4 13 -12 -13 -11 -15 16 -2 -18 20 23 21 -19 -22 24 25 -20 27 28 -17
right_child=15 2 3 4 5 7 -8 -9 -10 10 11 12 -14 14 -16 26 17 18 19 -21 22 -23 -24 -25 -26 -27 -28 -29 -30
leaf_value=0.077224941068867223 10.682553562278377 -2.4356804074849361 -0.77124093352436052 7.2309399842381215 5.7759632451901393 -4.6170144211504542 -10.103203349506163 1.7711463174105819 7.353432783667893 2.5107937079853144 4.0334144614284986 -14.384515317700044 -3.0159375340018393 -13.01254923999941 -1.8659753090585294 -0.34998955437910173 7.4529011206402878 1.7768057476148067 -2.352749624126615 6.9782090958698646 -4.7745466800738594 -8.2524080632114885 4.5515366042687662 2.5526770005412653 -9.8034840497182323 5.306146002936007 0.059910019142764365 -1.313083428387799 18.970213657122834
leaf_weight=9850 29 908 1457 104 39 82 70 734 31 106 25 83 33 28 171 30 56 625 82 177 248 49 44 222 59 77 44987 1832 30
leaf_count=9850 29 908 1457 104 39 82 70 734 31 106 25 83 33 28 171 30 56 625 82 177 248 49 44 222 59 77 44987 1832 30
internal_value=-0.000454877 -0.201522 -0.910812 -0.443521 1.1579 0.475097 -4.42167 1.1292 -1.29557 -1.43646 -3.60963 -8.45819 -11.1504 -1.36816 -3.43434 0.0563734 1.13223 0.963244 0.733667 2.33238 -0.287458 1.04768 -3.36925 0.463492 -1.66403 1.35628 0.0180936 -0.976196 9.31011
internal_weight=62268 13721 3871 2963 1029 925 109 816 1934 1903 446 141 116 305 199 48547 1668 1639 1583 617 966 674 292 440 218 159 46879 1892 60
internal_count=62268 13721 3871 2963 1029 925 109 816 1934 1903 446 141 116 305 199 48547 1668 1639 1583 617 966 674 292 440 218 159 46879 1892 60
is_linear=0
shrinkage=0.0768785


Tree=195
num_leaves=30
num_cat=0
split_feature=8 6 4 7 8 6 1 8 0 4 6 4 8 6 7 4 5 5 7 6 1 8 4 7 7 6 4 0 8
split_gain=142262 740993 667061 692730 905105 459936 457823 620140 553012 652850 1.11595e+06 918797 658888 477796 451652 450736 2.233e+06 2.19399e+06 451844 378202 1.49624e+06 367083 354951 1.20601e+06 451582 361053 324769 566033 686006
threshold=24274.868750000005 23381.4575 22.500000000000004 17435.191250000003 22214.358750000003 25208.045000000002 6.5000000000000009 29644.963750000006 34.665837500000009 20.500000000000004 29285.971250000006 18.500000000000004 26799.525000000005 27213.031250000004 27493.246250000004 19.500000000000004 1.0000000180025095e-35 22.500000000000004 24602.225000000002 28032.500000000004 6.5000000000000009 29644.963750000006 15.500000000000002 21144.785000000003 20676.970000000005 24918.948750000003 1.5000000000000002 14.206137500000002 9860.7500000000018
decision_type=2 2 2 2 2 2 2 2 2 2 2 2 2 2 2 2 2 2 2 2 2 2 2 2 2 2 2 2 2
left_child=1 26 3 4 -3 -4 8 -8 -2 11 12 22 13 -11 -9 17 -17 -13 -19 -5 -21 -12 24 -24 25 -10 27 -1 -29
right_child=6 2 5 19 -6 -7 7 14 9 10 21 15 -14 -15 -16 16 -18 18 -20 20 -22 -23 23 -25 -26 -27 -28 28 -30
leaf_value=-2.109727931464084 1.586453527315822 -18.438827148563341 -2.9849077922971383 -0.59973018764393782 -2.4783927847325651 -12.282867082336645 -0.15753572549752551 -1.9136067351931698 -1.8660627843147115 -4.7200561672007604 1.3270628971835241 -5.6654084802575566 -3.0079828057678122 -18.011684572076604 -13.932266332538445 14.379446879154482 -2.6250717502799139 21.855352517464603 10.528817960739472 -17.531115009704823 3.827661024774704 11.515653713589355 11.037625957781399 -4.9544153204782369 0.57216981369386266 -13.040799085298238 0.069414953360613138 11.025583141413671 -0.14947683854982838
leaf_weight=1136 2510 30 82 2684 70 51 4872 42 54 31 57 51 311 33 33 62 173 30 68 36 42 33 32 216 1397 25 46016 33 2009
leaf_count=1136 2510 30 82 2684 70 51 4872 42 54 31 57 51 311 33 33 62 173 30 68 36 42 33 32 216 1397 25 46016 33 2009
internal_value=-0.00301047 -0.0539727 -1.22801 -0.980673 -7.26652 -6.55029 0.262161 -0.264332 0.774567 -0.0174403 -2.6248 0.557712 -4.46984 -11.5736 -7.20182 3.95852 1.86123 7.26634 13.9961 -0.75309 -6.03024 5.06288 -0.199777 -2.89093 0.252394 -5.40237 0.017504 -0.734143 0.0311191
internal_weight=62219 52189 2995 2862 100 133 10030 4947 5083 2573 465 2108 375 64 75 384 235 149 98 2762 78 90 1724 248 1476 79 49194 3178 2042
internal_count=62219 52189 2995 2862 100 133 10030 4947 5083 2573 465 2108 375 64 75 384 235 149 98 2762 78 90 1724 248 1476 79 49194 3178 2042
is_linear=0
shrinkage=0.0768785


Tree=196
num_leaves=30
num_cat=0
split_feature=0 4 4 6 8 7 6 6 3 7 8 0 8 4 7 6 7 6 7 4 6 6 4 0 0 8 8 8 8
split_gain=121617 456574 448196 333122 347133 305971 304442 298611 278576 252378 248314 268644 190162 230761 185169 155107 154603 261174 185084 144640 180638 137421 135329 455836 392988 372473 566103 352490 1.71498e+06
threshold=41.112212500000012 16.500000000000004 12.500000000000002 21409.703750000004 21813.190000000006 27493.246250000004 28180.400000000005 27496.036250000001 1.0000000180025095e-35 23686.203750000004 25103.500000000004 43.758925000000012 23482.205000000005 10.500000000000002 20835.028750000001 24918.948750000003 25520.236250000005 23889.617500000004 27898.500000000004 14.500000000000002 23192.866250000003 24810.680000000004 15.500000000000002 11.321537500000002 39.707900000000009 21569.815000000002 20479.473750000001 21888.522500000003 24479.750000000004
decision_type=2 2 2 2 2 2 2 2 2 2 2 2 2 2 2 2 2 2 2 2 2 2 2 2 2 2 2 2 2
left_child=22 2 3 -2 -5 8 12 -7 9 10 19 15 -6 -14 -10 -12 17 -15 -18 20 -4 -16 -1 -24 27 26 -26 -25 -29
right_child=1 -3 5 4 6 7 -8 -9 14 -11 11 -13 13 16 21 -17 18 -19 -20 -21 -22 -23 23 24 25 -27 -28 28 -30
leaf_value=-0.10179141497585502 9.0608337227797833 7.9842940287067483 -3.6476553074100195 -7.2403452920776852 6.1054324610100874 -0.38250269907812223 -5.032408845196982 6.9973318125169657 6.8875558272619299 -4.6825364719003213 -11.097970214043817 2.7904906863383285 4.4802958056888667 3.9040313624656262 -4.883148084828302 -3.7292138522933382 4.4719122617870122 -1.8856693155302546 -1.9991586698861008 4.6864964601797494 3.2060739460838263 1.138399125636907 -1.6391047436946655 0.48524919453681414 -2.440592952106067 -1.0100121045686707 -16.707287398471017 -2.0503022273222031 0.64687706476151086
leaf_weight=40117 36 49 51 26 67 86 36 52 27 196 25 27 135 62 28 52 103 179 35 46 41 112 817 13087 48 226 25 2042 4386
leaf_count=40117 36 49 51 26 67 86 36 52 27 196 25 27 135 62 28 52 103 179 35 46 41 112 817 13087 48 226 25 2042 4386
internal_value=-0.00277903 0.687939 0.436517 1.86426 1.46134 -0.86824 1.82802 2.3983 -1.61334 -2.63197 -0.971189 -3.80793 2.25311 1.75096 1.0583 -6.12167 0.778764 -0.396203 2.8307 1.16665 -0.593276 -0.0659103 -0.0195046 0.140502 0.213882 -2.55215 -7.32645 0.256261 -0.209943
internal_weight=62219 1471 1422 679 643 743 617 138 605 438 242 104 581 514 167 77 379 241 138 138 92 140 60748 20631 19814 299 73 19515 6428
internal_count=62219 1471 1422 679 643 743 617 138 605 438 242 104 581 514 167 77 379 241 138 138 92 140 60748 20631 19814 299 73 19515 6428
is_linear=0
shrinkage=0.0768785


Tree=197
num_leaves=30
num_cat=0
split_feature=6 8 8 6 7 7 6 7 0 6 5 7 6 8 0 4 7 4 6 0 4 4 6 1 0 1 0 4 1
split_gain=114862 452606 392220 662054 424094 862907 1.64085e+06 697955 743844 420570 587286 391308 364906 638937 516806 804121 650341 568468 464006 444419 526774 483554 870261 467999 439829 650568 801153 789555 597952
threshold=13380.050000000001 14430.522500000001 11762.932500000001 10732.750000000002 14278.668750000001 13642.600000000002 10732.750000000002 15626.695000000002 26.700850000000006 12464.845000000001 1.0000000180025095e-35 15021.217500000001 15967.705000000002 16126.775000000003 11.947975000000001 10.500000000000002 22213.500000000004 7.5000000000000009 18538.930000000004 15.249625000000002 21.500000000000004 5.5000000000000009 14769.002500000002 2.5000000000000004 11.321537500000002 1.5000000000000002 17.640050000000002 19.500000000000004 2.5000000000000004
decision_type=2 2 2 2 2 2 2 2 2 2 2 2 2 2 2 2 2 2 2 2 2 2 2 2 2 2 2 2 2
left_child=2 -2 4 -4 5 9 -7 8 11 -1 -11 -6 19 14 17 -16 18 -14 -17 21 -21 22 -3 -22 -15 26 27 -26 -27
right_child=1 12 3 -5 7 6 -8 -9 -10 10 -12 -13 13 24 15 16 -18 -19 -20 20 23 -23 -24 -25 25 28 -28 -29 -30
leaf_value=-0.20875548030979021 -0.76598077918805418 -2.0250976485397159 6.8700923708835839 0.5029504061707043 5.5811963430887701 -19.26049508912493 -0.79143796987466175 -1.1600018724893517 -1.512305171842095 -14.215948895958995 -1.9947340664329545 14.84714796951577 11.099571407850126 -2.0013868969344215 -3.3099880433651503 -0.21847533275861394 10.231288026136239 -0.482395416428404 -7.8767001486978554 0.6176690034067418 -1.0746785352700456 -1.1563048772487812 16.869878217260293 4.9833273971968639 3.7869662218272451 -1.8673726489240943 -1.6741684800393792 -1.3531958875636942 0.030991955470082738
leaf_weight=3414 4736 34 98 6388 65 42 88 175 55 29 117 46 40 634 923 1023 34 67 49 5288 100 1141 25 306 835 1009 323 224 34911
leaf_count=3414 4736 34 98 6388 65 42 88 175 55 29 117 46 40 634 923 1023 34 67 49 5288 100 1141 25 306 835 1009 323 224 34911
internal_value=-0.00256538 -0.0496765 0.229035 0.599155 -0.366499 -0.606213 -6.75836 2.22748 5.79861 -0.381556 -4.42224 9.42114 0.0225548 -0.0663282 -1.36004 -1.63465 -0.236523 3.84731 -0.568525 0.539196 0.822561 -0.805375 5.98125 3.49121 0.00651482 0.0406419 1.67746 2.69972 -0.0223335
internal_weight=62219 51702 10517 6486 4031 3690 130 341 166 3560 146 111 46966 40072 2136 2029 1106 107 1072 6894 5694 1200 59 406 37936 37302 1382 1059 35920
internal_count=62219 51702 10517 6486 4031 3690 130 341 166 3560 146 111 46966 40072 2136 2029 1106 107 1072 6894 5694 1200 59 406 37936 37302 1382 1059 35920
is_linear=0
shrinkage=0.0768785


Tree=198
num_leaves=30
num_cat=0
split_feature=0 4 4 6 8 7 6 6 3 7 8 0 6 7 8 7 7 6 8 6 6 7 4 6 0 6 8 7 8
split_gain=102804 389070 381924 283871 295810 260729 259431 254462 237383 220391 235147 245947 178836 246140 166511 173923 239821 176570 232054 333332 162830 157792 136059 155074 131524 427111 608599 730364 614120
threshold=41.112212500000012 16.500000000000004 12.500000000000002 21409.703750000004 21813.190000000006 27493.246250000004 28180.400000000005 27496.036250000001 1.0000000180025095e-35 24602.225000000002 25103.500000000004 43.758925000000012 27770.640000000003 26221.770000000004 23191.250000000004 28032.125000000004 25638.945000000003 26671.125000000004 25103.500000000004 23192.866250000003 24918.948750000003 20835.028750000001 14.500000000000002 23192.866250000003 34.16328750000001 19000.313750000005 19502.68375 21393.060000000005 16856.540000000005
decision_type=2 2 2 2 2 2 2 2 2 2 2 2 2 2 2 2 2 2 2 2 2 2 2 2 2 2 2 2 2
left_child=24 2 3 -2 -5 8 14 -7 9 10 22 20 -11 -14 -6 16 17 18 19 -16 -12 -10 23 -4 -1 -26 27 -27 -29
right_child=1 -3 5 4 6 7 -8 -9 21 12 11 -13 13 -15 15 -17 -18 -19 -20 -21 -22 -23 -24 -25 25 26 -28 28 -30
leaf_value=0.048301189025667317 8.361867626056382 7.3680907042626371 -3.1111805020255847 -6.6861008866951623 6.4644363856841389 -0.35547905804334728 -4.647907168108615 6.4570047164284725 6.3556682177815835 -7.0250198023565824 -10.452179342418628 2.5865301944165799 -6.0568018930834144 4.195926197871354 7.2435304220367707 -4.5690082015040145 4.6816183748760878 -1.97585674773631 4.0789616815622045 -2.3247554778617925 -3.5365832962029113 -0.063225861207894696 4.3238229353690611 2.7044436970542214 0.46867720623356696 -3.2772141030635362 -0.24452080316899849 9.6911126643675303 -0.37358285136194175
leaf_weight=45304 36 49 64 26 47 86 36 52 27 89 27 30 31 25 27 25 142 91 143 106 79 140 46 47 4032 889 10043 39 441
leaf_count=45304 36 49 64 26 47 86 36 52 27 89 27 30 31 25 27 25 142 91 143 106 79 140 46 47 4032 889 10043 39 441
internal_value=-0.00236816 0.632681 0.400589 1.71855 1.34661 -0.803848 1.6851 2.21154 -1.49166 -2.43197 -1.21882 -3.55885 -4.88338 -1.47969 2.07751 1.69139 1.99888 0.960871 1.92914 -0.382321 -5.2981 0.974559 0.808211 -0.648709 -0.0177458 -0.21149 -0.451802 -1.97242 0.444174
internal_weight=62219 1471 1422 679 643 743 617 138 605 438 293 136 145 56 581 534 509 367 276 133 106 167 157 111 60748 15444 11412 1369 480
internal_count=62219 1471 1422 679 643 743 617 138 605 438 293 136 145 56 581 534 509 367 276 133 106 167 157 111 60748 15444 11412 1369 480
is_linear=0
shrinkage=0.0768785


Tree=199
num_leaves=30
num_cat=0
split_feature=4 0 7 4 6 8 4 3 0 6 7 7 8 4 4 5 4 8 1 4 0 6 7 4 8 1 6 1 8
split_gain=104828 362397 419512 427205 370933 1.77457e+06 821231 780478 1.35593e+06 2.18555e+06 1.14025e+06 860271 1.02431e+06 743230 717477 603014 765006 544268 709464 622678 539427 756402 627720 487877 487110 894757 543879 592061 651833
threshold=15.500000000000002 12.364687500000004 20986.675000000007 17.500000000000004 22564.232500000006 23482.205000000005 16.500000000000004 1.0000000180025095e-35 34.588025000000009 24605.210000000003 25014.987500000003 17737.362500000007 20037.753750000003 21.500000000000004 17.500000000000004 37.500000000000007 19.500000000000004 26097.625000000004 7.5000000000000009 18.500000000000004 33.165175000000012 25208.045000000002 25638.945000000003 18.500000000000004 22467.250000000004 8.5000000000000018 20549.947500000006 4.5000000000000009 19439.430000000004
decision_type=2 2 2 2 2 2 2 2 2 2 2 2 2 2 2 2 2 2 2 2 2 2 2 2 2 2 2 2 2
left_child=-1 2 3 -2 24 7 -7 8 20 14 -11 -9 -13 15 -10 -8 17 18 23 -20 21 -6 -23 -17 26 -26 -3 28 -28
right_child=1 4 -4 -5 5 6 13 11 9 10 -12 12 -14 -15 -16 16 -18 -19 19 -21 -22 22 -24 -25 25 -27 27 -29 -30
leaf_value=-0.072829869869551714 7.5114047544853362 0.36069011474621987 8.131603411189209 -1.6368849970863864 -1.4967506566654905 -5.2113143566317106 0.60223298307562623 -13.794548399679222 1.1181809086809755 -10.994794326639777 -32.019390783981883 14.81164415257529 -0.46939498484175096 -0.61398374880677964 -7.7611460671647645 1.2523184055348999 1.2781459593862643 11.334088260894847 6.5967433792322012 -7.0644540322577098 3.4798164823793494 -19.719951242111708 -2.9837361849993611 10.887668324766612 0.15002855915265556 -7.094733488993052 15.884530744269464 1.3715702803815955 3.8654055955484705
leaf_weight=41447 31 11228 28 1126 281 153 2175 26 76 31 30 28 350 2076 184 48 533 85 33 49 95 27 26 88 353 141 33 1299 139
leaf_count=41447 31 11228 28 1126 281 153 2175 26 76 31 30 28 350 2076 184 48 533 85 33 49 95 27 26 88 353 141 33 1299 139
internal_value=-0.0021861 0.138772 -1.16675 -1.39177 0.217754 -0.262813 0.338226 -2.99197 -4.45935 -8.23828 -21.3348 -0.267872 0.662534 0.505138 -5.16565 1.27674 3.03159 6.11603 4.08147 -1.56666 -1.63175 -3.08564 -11.5097 7.48696 0.450662 -1.91781 0.542797 1.9328 6.1714
internal_weight=62219 20772 1185 1157 19587 6394 5240 1154 750 321 61 404 378 5087 260 3011 836 303 218 82 429 334 53 136 13193 494 12699 1471 172
internal_count=62219 20772 1185 1157 19587 6394 5240 1154 750 321 61 404 378 5087 260 3011 836 303 218 82 429 334 53 136 13193 494 12699 1471 172
is_linear=0
shrinkage=0.0768785


Tree=200
num_leaves=30
num_cat=0
split_feature=4 4 5 1 4 4 5 0 8 0 6 8 8 4 4 1 8 5 7 1 4 0 7 4 8 3 8 7 1
split_gain=118510 401761 627401 832167 825692 586029 1.99154e+06 1.07418e+06 1.00057e+06 876352 997468 1.18785e+06 808289 1.41766e+06 741726 896154 1.44118e+06 711999 640350 612879 563562 1.04622e+06 1.73891e+06 3.14827e+06 559135 615651 621340 554941 550353
threshold=9.5000000000000018 6.5000000000000009 1.0000000180025095e-35 3.5000000000000004 8.5000000000000018 4.5000000000000009 1.0000000180025095e-35 33.702512500000012 26666.660000000003 34.092612500000008 22470.250000000004 23785.500000000004 23099.520000000004 5.5000000000000009 5.5000000000000009 10.500000000000002 13199.117500000002 1.0000000180025095e-35 23004.875000000004 8.5000000000000018 2.5000000000000004 34.092612500000008 26934.638750000002 3.5000000000000004 13445.812500000002 1.0000000180025095e-35 20190.138750000002 12367.217500000001 1.5000000000000002
decision_type=2 2 2 2 2 2 2 2 2 2 2 2 2 2 2 2 2 2 2 2 2 2 2 2 2 2 2 2 2
left_child=1 5 3 -3 -5 17 7 14 9 12 -11 -12 28 19 -7 -16 -17 -1 -13 -14 -19 -22 23 -23 27 26 -26 -4 -8
right_child=-2 2 24 4 -6 6 8 -9 -10 10 11 18 13 -15 15 16 -18 20 -20 -21 21 22 -24 -25 25 -27 -28 -29 -30
leaf_value=-0.8019457244469721 -0.10809810640404661 2.1529419828803475 -2.8161923982290249 -2.8201899609627281 1.0615124474050663 4.319706410533489 1.6106731060186805 -5.9886134532440414 -15.191177980805156 -1.2501450561294525 17.181303025374195 -5.3301631759285399 -10.836382522792325 6.782346150386835 -0.96181741615091221 -5.1891025890189963 13.454911162228871 0.035662837374055595 8.6926403198569169 0.79478673024908519 1.4510658174923667 1.0893318649456487 4.5975182081186565 -33.163593611359659 0.80004833203360004 -0.63819130349598985 3.4934477683386964 4.0967391147323671 -1.8795775453312151
leaf_weight=3237 36322 480 79 979 484 616 293 96 32 180 48 38 164 41 470 38 69 5817 39 32 3775 35 51 29 3154 1438 603 523 3011
leaf_count=3237 36322 480 79 979 484 616 293 96 32 180 48 38 164 41 470 38 69 5817 39 32 3775 35 51 29 3154 1438 603 523 3011
internal_value=-0.0185542 0.10726 0.570868 -0.624695 -1.53602 -0.0908702 -0.783033 1.8349 -1.6532 -1.54056 2.41358 7.68935 -1.88115 -6.21796 2.46445 0.483793 6.83367 0.185428 1.7723 -8.93742 0.514688 1.23101 -5.99256 -14.4315 0.971588 0.714568 1.23234 3.18956 -1.57006
internal_weight=62173 25851 7740 1943 1463 18111 5167 1289 3878 3846 305 125 3541 237 1193 577 107 12944 77 196 9707 3890 115 64 5797 5195 3757 602 3304
internal_count=62173 25851 7740 1943 1463 18111 5167 1289 3878 3846 305 125 3541 237 1193 577 107 12944 77 196 9707 3890 115 64 5797 5195 3757 602 3304
is_linear=0
shrinkage=0.0768785


Tree=201
num_leaves=30
num_cat=0
split_feature=6 8 1 6 1 4 4 7 7 0 0 4 8 7 8 8 8 4 0 4 0 8 8 0 7 8 0 8 3
split_gain=118180 502745 828705 260661 237286 429335 300798 559412 419637 1.25157e+06 378214 427145 352606 233283 324163 298586 283957 345217 380382 287317 887075 234336 233278 226884 219049 213051 207002 337369 635279
threshold=28032.500000000004 24274.868750000005 6.5000000000000009 26804.155000000002 5.5000000000000009 22.500000000000004 18.500000000000004 28494.911250000005 24372.008750000005 35.329300000000011 37.099475000000005 19.500000000000004 26097.625000000004 28180.290000000005 24696.115000000002 21569.815000000002 24479.750000000004 12.500000000000002 42.348275000000008 9.5000000000000018 35.95781250000001 26934.638750000002 27354.762500000004 35.95781250000001 25520.236250000005 25863.250000000004 34.665837500000009 27493.246250000004 1.0000000180025095e-35
decision_type=2 2 2 2 2 2 2 2 2 2 2 2 2 2 2 2 2 2 2 2 2 2 2 2 2 2 2 2 2
left_child=3 2 -2 -1 -5 6 13 8 9 -8 11 -10 -9 15 -15 -6 -17 19 -19 20 -18 -16 -20 -14 -21 -7 -3 28 -28
right_child=1 26 -4 4 5 25 7 12 10 -11 -12 -13 23 14 21 16 17 18 22 24 -22 -23 -24 -25 -26 -27 27 -29 -30
leaf_value=-0.0060856254432315902 -12.321861785265348 1.7279053778234579 2.2710209235352781 0.77436197670406259 -10.571731518134555 -11.4482584982114 -11.713332622356715 -10.026164665855312 10.320470802401774 5.3480940264572059 -3.5993215905487879 2.6245874611736002 0.84915704655326096 7.941400751936202 -4.9640653440727558 3.3962722668428991 -1.7608370500126802 -10.907840205547771 2.5989762378353207 -1.9213421530987058 -16.361258760686567 1.6132955277803764 -6.6884208055985246 -5.583579630215012 4.4883713228240323 -3.8596908182099283 -4.9302994914503415 0.73279893772590199 4.8145128712337737
leaf_weight=57775 46 827 46 425 25 27 48 37 50 54 47 289 86 31 50 53 455 55 31 58 26 89 33 52 69 115 165 1057 52
leaf_count=57775 46 827 46 425 25 27 48 37 50 54 47 289 86 31 50 53 455 55 31 58 26 89 33 52 69 115 165 1057 52
internal_value=-0.0171278 0.537192 -5.02542 -0.037395 -0.857757 -1.24745 -0.895904 0.367468 1.70475 -2.68081 2.86363 3.75967 -3.36164 -1.755 0.832726 -2.30147 -2.0364 -2.43245 -6.21917 -1.69131 -2.55005 -0.752662 -2.18984 -1.57477 1.5611 -5.30259 0.780772 0.165953 -2.59514
internal_weight=62173 2193 92 59980 2205 1780 1638 663 488 102 386 339 175 975 170 805 780 727 119 608 481 139 64 138 127 142 2101 1274 217
internal_count=62173 2193 92 59980 2205 1780 1638 663 488 102 386 339 175 975 170 805 780 727 119 608 481 139 64 138 127 142 2101 1274 217
is_linear=0
shrinkage=0.0768785


Tree=202
num_leaves=30
num_cat=0
split_feature=4 8 6 7 0 4 5 5 1 4 0 6 2 6 6 1 0 8 0 7 7 0 6 8 3 4 0 0 7
split_gain=101482 362361 668726 443906 397598 569405 541698 610506 509163 507561 1.18356e+06 419433 349059 624461 754047 480719 445502 434038 432161 385297 471787 723969 371438 506120 653139 846069 1.15299e+06 1.05007e+06 752626
threshold=9.5000000000000018 25203.846250000006 28841.250000000004 28494.911250000005 34.229375000000012 11.500000000000002 1.0000000180025095e-35 37.500000000000007 7.5000000000000009 20.500000000000004 37.599925000000013 27770.640000000003 1.0000000180025095e-35 24810.680000000004 23381.4575 2.5000000000000004 36.911925000000011 14713.491250000001 35.329300000000011 23887.625000000004 22213.500000000004 34.02792500000001 24277.457500000004 23685.718750000004 1.0000000180025095e-35 16.500000000000004 34.588025000000009 33.036312500000015 26799.525000000005
decision_type=2 2 2 2 2 2 2 2 2 2 2 2 2 2 2 2 2 2 2 2 2 2 2 2 2 2 2 2 2
left_child=-1 2 12 -4 8 -6 9 11 -3 10 -7 -8 22 14 15 -14 -15 18 -17 20 -19 -22 -2 24 25 28 27 -27 -24
right_child=1 4 3 -5 5 6 7 -9 -10 -11 -12 -13 13 16 -16 17 -18 19 -20 -21 21 -23 23 -25 -26 26 -28 -29 -30
leaf_value=0.10061328833816899 -0.055671702980287292 2.9301949220530772 -10.776839373573162 1.4779361228392398 3.3416849276081155 9.616596884843517 -3.0462323458429648 0.88492350943898657 0.27871018438632217 -0.75338170706936891 0.51298288400009551 -0.38140018403802062 -5.2136615026041042 -0.091251145361153266 -9.1934658248198744 3.7574127790586669 12.853162503302192 -1.2460508764874336 -6.6580350714286727 5.1943324955267292 -18.018048991871332 -2.4944944423132704 -3.7698736976994969 -0.16292254156246869 -0.17937975936101766 -9.2299494526828827 -15.947343346016373 5.3473231149212745 8.4981612751764253
leaf_weight=25851 28346 768 58 25 275 123 786 722 967 321 269 628 160 33 76 184 30 685 27 48 26 56 133 1041 296 80 75 46 38
leaf_count=25851 28346 768 58 25 275 123 786 722 967 321 269 628 160 33 76 184 30 685 27 48 26 56 133 1041 296 80 75 46 38
internal_value=-0.0158111 -0.0986723 -0.194098 -7.08564 0.519226 0.000966221 -0.321497 -0.933962 1.45239 1.51332 3.36947 -1.8627 -0.17587 -1.39705 -1.76994 -1.29424 6.07276 -0.683022 2.42463 -1.48758 -1.90574 -7.4166 -0.122033 -1.22272 -2.8743 -5.01864 -8.40035 -3.90809 -1.04364
internal_weight=62173 36322 31463 83 4859 3124 2849 2136 1735 713 392 1414 31380 1325 1262 1186 63 1026 211 815 767 82 30055 1709 668 372 201 126 171
internal_count=62173 36322 31463 83 4859 3124 2849 2136 1735 713 392 1414 31380 1325 1262 1186 63 1026 211 815 767 82 30055 1709 668 372 201 126 171
is_linear=0
shrinkage=0.0768785


Tree=203
num_leaves=30
num_cat=0
split_feature=8 6 8 0 4 1 4 6 4 4 4 4 4 4 6 5 4 5 4 7 4 8 0 0 0 7 4 7 8
split_gain=99623.6 569134 706592 414647 450854 387026 957245 880893 1.48262e+06 723186 913256 711171 1.27209e+06 1.41621e+06 955707 948276 1.2074e+06 838059 2.06475e+06 1.28611e+06 1.01785e+06 745117 634018 582677 565160 488571 471781 495115 402396
threshold=13785.565000000001 13781.867500000002 15229.051250000002 25.478250000000006 12.500000000000002 11.500000000000002 5.5000000000000009 19698.736250000005 10.500000000000002 16.500000000000004 19.500000000000004 7.5000000000000009 9.5000000000000018 12.500000000000002 15649.267500000002 1.0000000180025095e-35 10.500000000000002 1.0000000180025095e-35 17.500000000000004 16491.592500000002 13.500000000000002 14192.336250000002 19.582175000000003 16.299787500000004 16.815812500000003 14514.411250000003 8.5000000000000018 15521.553750000001 16762.462500000005
decision_type=2 2 2 2 2 2 2 2 2 2 2 2 2 2 2 2 2 2 2 2 2 2 2 2 2 2 2 2 2
left_child=-1 2 3 -2 -5 -3 25 11 -9 -10 24 14 21 15 -8 16 -14 20 19 -19 -15 -13 -20 -17 -11 -7 -23 -28 -22
right_child=1 5 -4 4 -6 6 7 8 9 10 -12 12 13 17 -16 23 -18 18 22 -21 28 26 -24 -25 -26 -27 27 -29 -30
leaf_value=-0.21088292754117344 1.2275366538883332 0.040973583033353578 -2.8453342501647003 1.0927796017641596 6.3172701279412653 1.5129928310930394 -8.7895676315748492 13.590680760317781 -7.728038199179081 8.2557464582956523 -6.5364550490566113 -9.754985729772585 11.030170629973231 -15.154279795465124 4.2844773469093509 -17.208600956859833 -4.8421833706862785 2.3058881627803558 -1.9029991337373879 12.612668010903759 -5.0568611803240087 0.48887865241578099 -13.749334161282556 -6.3894577504622472 -1.4225043737585517 16.02623435117486 16.248054353861487 4.7174492215192387 0.43388817059381168
leaf_weight=12267 1010 45424 198 167 235 26 155 60 54 109 53 26 42 42 42 32 87 322 576 92 164 154 28 365 53 29 25 184 152
leaf_count=12267 1010 45424 198 167 235 26 155 60 54 109 53 26 42 42 42 32 87 322 576 92 164 154 28 365 53 29 25 184 152
internal_value=-0.0145955 0.0336523 1.45558 2.05869 4.1469 -0.0137493 -0.879255 -1.07537 2.66316 0.22579 2.2235 -1.56973 -1.18859 -2.00785 -6.00221 -5.40082 0.32556 -0.71083 0.414295 4.59628 -3.91021 2.81715 -2.45217 -7.26153 5.08941 9.16543 3.71763 6.09671 -2.41574
internal_weight=62173 49906 1610 1412 402 48296 2872 2817 329 269 215 2488 2291 1902 197 526 129 1376 1018 414 358 389 604 397 162 55 363 209 316
internal_count=62173 49906 1610 1412 402 48296 2872 2817 329 269 215 2488 2291 1902 197 526 129 1376 1018 414 358 389 604 397 162 55 363 209 316
is_linear=0
shrinkage=0.0768785


Tree=204
num_leaves=30
num_cat=0
split_feature=6 8 1 6 4 4 7 8 0 3 8 6 0 4 1 5 4 0 6 0 7 7 0 8 1 0 1 4 4
split_gain=96005 387939 815311 238545 190290 349280 823291 631420 447639 449760 542287 262872 557799 258318 241760 236687 225493 630841 499779 739155 296936 268023 461540 414593 211417 290859 188950 366828 269422
threshold=28032.500000000004 22908.985000000004 6.5000000000000009 26804.155000000002 21.500000000000004 14.500000000000002 24805.842500000002 27898.500000000004 34.881400000000006 1.0000000180025095e-35 27620.572500000006 28496.550000000003 36.819200000000002 20.500000000000004 7.5000000000000009 1.0000000180025095e-35 1.5000000000000002 36.211762500000013 28841.250000000004 35.177437500000011 26097.625000000004 26097.625000000004 34.953475000000005 29644.963750000006 7.5000000000000009 38.470000000000006 5.5000000000000009 22.500000000000004 9.5000000000000018
decision_type=2 2 2 2 2 2 2 2 2 2 2 2 2 2 2 2 2 2 2 2 2 2 2 2 2 2 2 2 2
left_child=3 2 -2 -1 5 14 7 -7 -8 10 11 -10 -13 -11 16 -12 17 21 -18 -20 -21 22 -3 -23 25 -17 -5 28 -28
right_child=1 4 -4 26 -6 6 8 -9 9 13 15 12 -14 -15 -16 24 18 -19 19 20 -22 23 -24 -25 -26 -27 27 -29 -30
leaf_value=-0.0017887667659501176 -13.651094931878751 0.91030025453890051 4.7546599687500599 0.63990116744762326 -0.34494334573617746 18.958123767225015 4.9506312317183037 4.4110835585959665 -1.4586285382206865 8.0982444728774574 5.701418353528771 -18.265634001129047 -2.025534466102699 0.77459213032590446 -5.068910387763049 2.1349838012600606 0.84764417456481023 11.20961071363562 2.9930029966959131 -5.9754809002387308 -17.178878498952951 0.42944475288202377 12.79677569378298 -9.3684942111482385 -6.6011995628055526 -6.8145378637122827 -2.0502745782954177 -4.9126095673111028 -0.036532093412235379
leaf_weight=57775 33 75 25 425 737 29 161 45 35 55 44 25 25 59 51 123 221 37 34 29 27 213 26 29 29 26 653 142 985
leaf_count=57775 33 75 25 425 737 29 161 45 35 55 44 25 25 59 51 123 221 37 34 29 27 213 26 29 29 26 653 142 985
internal_value=-0.0134735 0.486141 -5.71758 -0.0317404 0.654673 1.18165 2.47403 10.112 1.50288 0.184384 -1.34684 -6.5686 -10.1456 4.30793 0.0390675 0.652489 0.416067 1.67245 -1.11906 -5.94841 -11.3771 0.643656 3.97019 -0.744688 -0.59556 0.573322 -0.816529 -1.16427 -0.839324
internal_weight=62173 2193 58 59980 2135 1398 656 74 582 421 307 85 50 114 742 222 691 380 311 90 56 343 101 242 178 149 2205 1780 1638
internal_count=62173 2193 58 59980 2135 1398 656 74 582 421 307 85 50 114 742 222 691 380 311 90 56 343 101 242 178 149 2205 1780 1638
is_linear=0
shrinkage=0.0768785


Tree=205
num_leaves=30
num_cat=0
split_feature=8 0 0 6 7 0 4 8 6 0 6 7 6 6 4 7 6 0 8 0 0 4 5 8 1 4 7 8 7
split_gain=118367 549395 2.51778e+06 1.05119e+06 1.99578e+06 2.98189e+06 1.42685e+06 844164 580709 566777 377725 335323 261078 153315 205484 138747 96602.6 810310 687837 1.07775e+06 679564 1.85334e+06 1.36471e+06 756430 1.51095e+06 675858 1.2777e+06 1.99539e+06 990687
threshold=10263.900000000001 13.309700000000001 14.206137500000002 10844.745000000001 14278.668750000001 16.815812500000003 4.5000000000000009 9860.7500000000018 10263.900000000001 18.961100000000005 9860.7500000000018 10618.425000000001 11695.188750000003 9860.7500000000018 1.5000000000000002 11300.370000000001 19698.736250000005 16.127000000000006 20787.597500000003 11.532250000000001 30.973912500000001 17.500000000000004 1.0000000180025095e-35 20707.396250000002 7.5000000000000009 16.500000000000004 12367.217500000001 16666.955000000002 17435.191250000003
decision_type=2 2 2 2 2 2 2 2 2 2 2 2 2 2 2 2 2 2 2 2 2 2 2 2 2 2 2 2 2
left_child=1 8 -3 4 5 11 -7 9 -1 -5 -6 -4 -9 14 -2 -16 20 18 19 -18 -15 25 -23 24 -24 -22 -27 -28 -29
right_child=13 2 3 7 10 6 -8 12 -10 -11 -12 -13 -14 16 15 -17 17 -19 -20 -21 21 22 23 -25 -26 26 27 28 -30
leaf_value=-1.3241646125120734 -2.6844309685341514 -23.829290820998281 -3.3429221046549018 15.188479335633128 11.402207744550362 -30.799750479954671 -9.825050979649987 -5.329157977568471 10.699798882878312 2.098537144243688 -0.072039438815206899 8.2551547598371329 3.9849760667673344 -0.059260893826303236 0.78436590109370907 6.8603284826472626 -0.3796985601064502 -0.14296567404276569 -0.96659379060373718 8.3661798427013654 0.67993961061722052 0.72043022990302119 7.1533800436251225 1.3566611050341997 22.700685207883208 13.268755294700366 -8.7358053230656321 6.1089280304851536 -1.7892585843320727
leaf_weight=53 31 30 26 46 39 36 41 46 43 34 30 34 29 28908 36 58 138 22941 179 210 8085 160 105 45 57 32 209 126 368
leaf_count=53 31 30 26 46 39 36 41 46 43 34 30 34 29 28908 36 58 138 22941 179 210 8085 160 105 45 57 32 209 126 368
internal_value=0.0442367 -1.14961 -2.42908 -0.650666 -4.24919 -9.61941 -19.6314 4.13189 4.06157 9.62525 6.4134 3.22932 -1.72769 0.0536616 2.74335 4.53336 0.0482004 -0.074497 2.90603 4.89799 0.123787 0.699768 6.05276 10.1744 12.6237 0.47703 -1.75497 -2.43884 0.225259
internal_weight=62175 487 391 361 206 137 77 155 96 80 69 60 75 61688 125 94 61563 23468 527 348 38095 9187 367 207 162 8820 735 703 494
internal_count=62175 487 391 361 206 137 77 155 96 80 69 60 75 61688 125 94 61563 23468 527 348 38095 9187 367 207 162 8820 735 703 494
is_linear=0
shrinkage=0.0768785


Tree=206
num_leaves=30
num_cat=0
split_feature=4 4 0 7 8 6 0 4 6 1 8 8 0 1 4 5 7 1 1 0 4 6 5 0 8 7 8 1 6
split_gain=105164 448543 1.21457e+06 771578 1.11335e+06 957651 762427 681439 536909 689456 565374 426901 901294 455841 827666 423533 434492 397934 453711 649163 486171 634307 471963 464746 537766 482702 426203 833572 511119
threshold=15.500000000000002 11.500000000000002 21.634537500000004 14035.845000000003 13199.117500000002 11029.776250000001 28.523600000000005 12.500000000000002 18538.930000000004 1.5000000000000002 18489.428750000003 17004.695000000003 17.987625000000005 10.500000000000002 13.500000000000002 1.0000000180025095e-35 11538.405000000001 10.500000000000002 6.5000000000000009 36.725412500000012 12.500000000000002 25751.625000000004 1.0000000180025095e-35 40.323987500000008 20862.772500000003 23379.500000000004 22062.135000000006 7.5000000000000009 20111.990000000002
decision_type=2 2 2 2 2 2 2 2 2 2 2 2 2 2 2 2 2 2 2 2 2 2 2 2 2 2 2 2 2
left_child=1 -1 8 4 5 -4 -5 15 11 10 -10 13 -13 -3 -15 -6 -17 18 19 -8 22 26 -20 25 -25 -21 28 -28 -22
right_child=-2 2 3 6 7 -7 17 -9 9 -11 -12 12 -14 14 -16 16 -18 -19 20 23 21 -23 -24 24 -26 -27 27 -29 -30
leaf_value=0.11622811570984318 0.18204534806911474 -4.0127057648461415 5.4522139789025541 -2.8581070776108448 -7.8708140953735723 -1.8376393422699051 -1.6597762337501152 3.8071127857119604 -10.859077029165237 -14.827315056798213 1.5965490435966094 4.7831239846317111 -3.3199640974932261 -5.0681975129150407 1.6010684136904194 -8.2442587942495749 2.4071794829087265 2.7279289810605567 3.8594675338575435 1.7118211670119734 -1.0521644612919923 -11.713863714180796 -0.33943979679355135 9.6296466785775827 -0.21222216972132554 6.609985431159358 -2.4085270617964119 3.0206467610915126 -3.7956527616067595
leaf_weight=31048 20762 655 124 725 43 755 620 880 35 45 56 152 174 175 296 27 140 259 208 605 1329 35 661 34 940 148 326 343 575
leaf_count=31048 20762 655 124 725 43 755 620 880 35 45 56 152 174 175 296 27 140 259 208 605 1329 35 661 34 940 148 326 343 575
internal_value=0.0408359 -0.0299581 -0.467854 -0.11387 1.22645 -0.809264 -0.501515 2.8681 -2.42435 -7.04331 -3.19408 -1.99172 0.458163 -2.70101 -0.876897 -1.06683 0.685091 -0.220646 -0.351773 0.474132 -0.909264 -1.43401 0.665592 1.24021 0.131334 2.67454 -1.29418 0.37504 -1.88069
internal_weight=62175 41413 10365 8777 1969 879 6808 1090 1588 136 91 1452 326 1126 471 210 167 6083 5824 2347 3477 2608 869 1727 974 753 2573 669 1904
internal_count=62175 41413 10365 8777 1969 879 6808 1090 1588 136 91 1452 326 1126 471 210 167 6083 5824 2347 3477 2608 869 1727 974 753 2573 669 1904
is_linear=0
shrinkage=0.0768785


Tree=207
num_leaves=30
num_cat=0
split_feature=8 0 0 6 7 0 4 6 8 6 7 7 6 6 6 0 7 6 8 7 8 4 6 3 1 7 0 8 0
split_gain=98895.2 467814 2.24913e+06 898918 1.696e+06 2.56032e+06 1.21317e+06 726322 1.19593e+06 493343 492926 351118 302433 270010 124449 176022 232805 99107.1 591422 620120 534626 496852 755626 1.12229e+06 1.06324e+06 652373 1.0183e+06 509199 472005
threshold=10263.900000000001 13.495625000000002 14.206137500000002 10844.745000000001 14278.668750000001 16.815812500000003 4.5000000000000009 12777.830000000002 9860.7500000000018 10263.900000000001 12050.206250000001 15362.463750000001 9860.7500000000018 11225.215000000002 9860.7500000000018 12.553050000000001 11300.370000000001 17967.977500000005 18428.378750000003 14801.410000000002 17662.007500000003 17.500000000000004 19000.313750000005 1.0000000180025095e-35 5.5000000000000009 19038.230000000007 26.332625000000004 16666.955000000002 32.715237500000008
decision_type=2 2 2 2 2 2 2 2 2 2 2 2 2 2 2 2 2 2 2 2 2 2 2 2 2 2 2 2 2
left_child=1 9 -3 4 5 12 -7 8 10 -1 -5 -6 -4 -10 15 -2 -17 20 19 28 -16 -21 25 -24 -25 27 -27 -23 -19
right_child=14 2 3 7 11 6 -8 -9 13 -11 -12 -13 -14 -15 17 16 -18 18 -20 21 -22 22 23 24 -26 26 -28 -29 -30
leaf_value=-1.1682944462012428 -1.3110556771941531 -22.840314117647782 9.0747498111672229 6.747137942506332 12.167278725084062 -28.440846804495472 -9.1003103198532713 -7.3724782477247226 -7.2167071502201932 9.8682789056644751 20.247576480408981 1.1045295166017202 -1.8965063095149524 3.0062728367346687 0.030456347154069169 -0.80890682410956716 7.8493453667896294 -10.65979001352069 0.062406650188430043 -1.3631996326205766 1.0838761587175492 10.41646791730861 0.91769778673931257 20.573336197595818 3.1594732468229121 -9.4320467385030344 4.4306841900453442 -0.024577744482295227 -0.70270427349054132
leaf_weight=54 46 29 27 31 30 36 41 28 26 43 33 39 33 37 27830 29 50 68 27181 2457 3172 30 200 40 43 103 45 346 48
leaf_count=54 46 29 27 31 30 36 41 28 26 43 33 39 33 37 27830 29 50 68 27181 2457 3172 30 200 40 43 103 45 346 48
internal_value=0.0376965 -1.05354 -2.24186 -0.587133 -3.91483 -8.86533 -18.1426 3.83548 6.30653 3.72421 13.7083 5.91442 3.04056 -1.21273 0.0463113 2.4696 4.671 0.041391 -0.0568536 -1.01591 0.138238 -0.819602 0.83544 4.0365 11.5517 -0.893378 -5.21703 0.808484 -6.53962
internal_weight=62175 487 390 361 206 137 77 155 127 97 64 69 60 63 61688 125 79 61563 30561 3380 31002 3264 807 283 83 524 148 376 116
internal_count=62175 487 390 361 206 137 77 155 127 97 64 69 60 63 61688 125 79 61563 30561 3380 31002 3264 807 283 83 524 148 376 116
is_linear=0
shrinkage=0.0768785


Tree=208
num_leaves=30
num_cat=0
split_feature=7 6 8 4 4 8 7 6 8 6 0 4 0 4 6 4 4 0 0 4 6 8 1 4 5 4 8 6 4
split_gain=89156 299344 402463 279376 223245 389573 165564 606064 562530 456618 1.03936e+06 460311 444712 371530 338039 309519 540840 306689 488464 240777 214879 406903 406704 564772 397474 563437 424274 467877 377581
threshold=10457.630000000003 13012.770000000002 11901.013750000002 4.5000000000000009 11.500000000000002 14656.537500000002 11933.320000000002 15864.275000000001 14430.522500000001 12715.350000000002 25.640200000000004 3.5000000000000004 23.318725000000004 16.500000000000004 13260.195000000002 15.500000000000002 10.500000000000002 11.747187500000001 16.815812500000003 15.500000000000002 13194.290000000003 13674.320000000002 9.5000000000000018 4.5000000000000009 1.0000000180025095e-35 5.5000000000000009 11965.860000000002 14539.065000000001 10.500000000000002
decision_type=2 2 2 2 2 2 2 2 2 2 2 2 2 2 2 2 2 2 2 2 2 2 2 2 2 2 2 2 2
left_child=1 2 -1 -4 -3 -6 7 8 9 -2 11 -11 13 17 19 16 -10 -13 -19 -12 -8 22 28 -24 -25 -26 -27 -28 -22
right_child=6 4 3 -5 5 -7 20 -9 15 10 14 12 -14 -15 -16 -17 -18 18 -20 -21 21 -23 23 24 25 26 27 -29 -30
leaf_value=0.37756590237066634 -0.22167119638229194 1.6903556846535375 7.6174676808523847 1.0183690012090441 -11.416390275735873 1.2256201777646778 0.51407631715209179 -11.152708987758663 7.461314212007613 -0.29351444533181487 3.5131630806132645 -1.07261793502222 -11.327270550664341 2.4989127648871996 6.3977472097250594 9.2335840136686613 -1.8050356795843341 -13.56050278648142 -4.342171793676779 -6.5753077008706491 -0.59894895144294436 0.058213109297377344 -4.7649180717352042 -2.2098917676964103 7.6292010887913184 10.806727626888129 -0.36242952272325923 6.782322230094108 -2.9882926604539168
leaf_weight=484 3356 35 91 65 34 25 5534 31 63 118 29 61 70 39 82 45 91 52 98 27 851 49286 111 168 90 25 429 62 723
leaf_count=484 3356 35 91 65 34 25 5534 31 63 118 29 61 70 39 82 45 91 52 98 27 851 49286 111 168 90 25 429 62 723
internal_value=0.0347984 0.877072 1.47207 4.86784 -3.17398 -6.05961 0.0247363 -0.443435 -0.36307 -0.564893 -2.56464 -4.3977 -5.91113 -4.3946 3.25336 3.6247 1.98574 -5.66876 -7.53786 -1.35092 0.0587545 0.010059 -0.9551 0.363447 1.09891 2.0162 1.03719 0.539759 -1.69647
internal_weight=62175 734 640 156 94 59 61441 4162 4131 3932 576 438 320 250 138 199 154 211 150 56 57279 51745 2459 885 774 606 516 491 1574
internal_count=62175 734 640 156 94 59 61441 4162 4131 3932 576 438 320 250 138 199 154 211 150 56 57279 51745 2459 885 774 606 516 491 1574
is_linear=0
shrinkage=0.0768785


Tree=209
num_leaves=30
num_cat=0
split_feature=8 6 8 6 7 6 7 7 4 7 4 6 0 4 4 4 0 4 0 7 0 0 7 1 8 7 6 8 4
split_gain=87357.3 318992 440007 282667 344816 269206 394370 735434 1.31561e+06 382837 731697 252597 296285 390281 276436 271716 247397 234660 382028 367540 227879 200067 195287 185032 180802 145640 343203 548520 443666
threshold=11134.210000000001 11628.910000000002 11762.932500000001 13669.467500000001 14155.717500000001 13318.178750000001 14801.410000000002 13589.500000000002 5.5000000000000009 15735.860000000002 12.500000000000002 10732.750000000002 29.683087500000003 14.500000000000002 11.500000000000002 4.5000000000000009 23.910825000000006 12.500000000000002 21.634537500000004 13294.360000000002 20.063725000000002 21.964150000000004 13858.077500000001 2.5000000000000004 11965.860000000002 11933.320000000002 15864.275000000001 14192.336250000002 4.5000000000000009
decision_type=2 2 2 2 2 2 2 2 2 2 2 2 2 2 2 2 2 2 2 2 2 2 2 2 2 2 2 2 2
left_child=3 2 -2 5 -5 6 7 -1 -9 10 -8 14 15 -14 -4 -13 -16 18 19 24 23 -22 -10 -19 -17 26 27 28 -3
right_child=1 25 11 4 -6 -7 9 8 22 -11 -12 12 13 -15 16 17 -18 20 -20 -21 21 -23 -24 -25 -26 -27 -28 -29 -30
leaf_value=-0.46589751269369867 0.11103352979919949 0.32298138555941863 12.918144707995893 10.751133556269158 -1.5693088256854484 -8.3599306334456287 15.465656944331281 -21.378387885868353 -6.6146198188519518 0.054786697951608433 0.21214497154700498 3.8151726778476638 0.27511179568511535 11.50719847253222 7.8012499031920619 2.4644264502998392 -0.71244768777923606 -5.9337847250491285 -11.054049301120306 7.6616529848903676 8.2717830833623243 1.6614397012144826 1.5488435000099676 1.8254417739284445 -5.3771922069188749 0.043430062170490662 -6.9394312852159974 2.8679449135368955 -1.9392541352229986
leaf_weight=1813 1106 979 26 29 25 26 34 28 29 114 41 168 33 41 43 25 38 34 25 25 38 94 43 39 57 55835 49 263 1075
leaf_count=1813 1106 979 26 29 25 26 34 28 29 114 41 168 33 41 43 25 38 34 25 25 38 94 43 39 57 55835 49 263 1075
internal_value=0.0321232 0.0495021 1.05978 -0.445702 5.04723 -0.585091 -0.488922 -0.819912 -7.23819 2.86125 7.12707 2.58939 1.95522 6.49829 6.02105 1.2895 3.80717 0.0304078 -2.49772 -0.498579 1.65828 3.56442 -1.73922 -1.78844 -2.98645 0.0183958 -0.572385 -0.437734 -0.861003
internal_weight=62175 59993 1792 2182 54 2128 2102 1913 100 189 75 686 579 74 107 505 81 337 132 107 205 132 72 73 82 58201 2366 2317 2054
internal_count=62175 59993 1792 2182 54 2128 2102 1913 100 189 75 686 579 74 107 505 81 337 132 107 205 132 72 73 82 58201 2366 2317 2054
is_linear=0
shrinkage=0.0768785


Tree=210
num_leaves=30
num_cat=0
split_feature=4 4 0 7 7 4 8 6 6 7 1 5 7 6 8 0 6 8 0 6 5 4 1 6 1 7 4 8 6
split_gain=136854 320048 994089 706634 620847 755903 481878 661180 483660 445567 418113 397460 425049 388424 469906 441929 410488 379166 413491 400536 362346 500757 434498 348568 676603 504378 323656 308998 306289
threshold=15.500000000000002 11.500000000000002 24.900200000000002 14097.305000000002 13804.903750000001 14.500000000000002 12469.546250000001 11133.621250000002 13781.867500000002 10832.110000000002 1.5000000000000002 1.0000000180025095e-35 15310.233750000001 19434.398750000004 17153.420000000002 17.804050000000004 17760.077500000003 13264.308750000002 18.502500000000005 11029.776250000001 1.0000000180025095e-35 13.500000000000002 4.5000000000000009 21812.338750000006 8.5000000000000018 23288.731250000001 13.500000000000002 9860.7500000000018 22739.065000000002
decision_type=2 2 2 2 2 2 2 2 2 2 2 2 2 2 2 2 2 2 2 2 2 2 2 2 2 2 2 2 2
left_child=1 -1 4 6 10 13 7 -4 -8 -9 -3 -7 -13 14 16 -16 -6 19 -19 -12 22 -22 26 25 -25 -23 -5 -2 -26
right_child=27 2 3 20 5 11 8 9 -10 -11 17 12 -14 -15 15 -17 -18 18 -20 -21 21 23 -24 24 28 -27 -28 -29 -30
leaf_value=0.040533104973543149 7.4824893140956767 -3.7338196632658778 7.4147410007235024 -4.4259613899035291 -3.9966766461595027 -3.4619791752775391 4.2799260501515173 -10.58147230354653 0.86490663594474337 -1.4065479674608403 2.2867906938781482 2.142077036475424 13.747470438610051 -11.362478950009152 2.087045443227407 -3.2131768246896812 -13.641310277904539 -5.5546520325579145 2.6670263793419928 -2.0447760533218879 0.067730295889696257 -1.7518082700580082 1.1894152801955817 -0.87984894818858761 1.6288475708771566 -6.9246510608122032 1.7539611729118598 0.14748134790976022 11.900000906979843
leaf_weight=31056 34 206 43 155 767 44 456 38 530 177 164 66 26 36 157 228 27 40 376 547 2552 1405 1367 634 32 121 74 20652 37
leaf_count=31056 34 206 43 155 767 44 456 38 530 177 164 66 26 36 157 228 27 40 376 547 2552 1405 1367 634 32 121 74 20652 37
internal_value=-0.00190976 -0.0826548 -0.453904 -0.00579993 -1.72626 -2.88769 1.67028 -1.28768 2.44427 -3.02816 -0.549145 2.54768 5.42186 -3.49609 -3.2559 -1.05179 -4.32464 0.0329698 1.87648 -1.04565 -0.332763 -0.667586 0.670238 -1.50945 -0.0930314 -2.16197 -2.42896 0.159537 7.13657
internal_weight=62047 41361 10305 7621 2684 1351 1244 258 986 215 1333 136 92 1215 1179 385 794 1127 416 711 6377 4781 1596 2229 703 1526 229 20686 69
internal_count=62047 41361 10305 7621 2684 1351 1244 258 986 215 1333 136 92 1215 1179 385 794 1127 416 711 6377 4781 1596 2229 703 1526 229 20686 69
is_linear=0
shrinkage=0.0768785


Tree=211
num_leaves=30
num_cat=0
split_feature=4 5 4 4 0 4 1 8 0 8 7 6 7 3 1 8 4 8 1 8 4 4 0 8 1 4 7 1 4
split_gain=116620 282796 1.2783e+06 1.20873e+06 693462 805567 769583 791281 735530 883105 668770 633189 880371 637731 602652 567927 518138 622197 542479 513758 611666 2.0954e+06 1.2022e+06 1.07045e+06 1.45189e+06 642174 1.57606e+06 550144 505703
threshold=15.500000000000002 1.0000000180025095e-35 3.5000000000000004 9.5000000000000018 24.900200000000002 10.500000000000002 4.5000000000000009 15229.051250000002 34.734800000000007 18542.863750000004 18512.375000000004 17760.077500000003 15895.125000000002 1.0000000180025095e-35 4.5000000000000009 18428.378750000003 12.500000000000002 19973.042500000003 9.5000000000000018 21411.000000000004 11.500000000000002 9.5000000000000018 33.365575000000007 15972.445000000002 4.5000000000000009 13.500000000000002 16831.271250000002 11.500000000000002 6.5000000000000009
decision_type=2 2 2 2 2 2 2 2 2 2 2 2 2 2 2 2 2 2 2 2 2 2 2 2 2 2 2 2 2
left_child=1 2 -1 28 -5 6 10 -8 9 -9 -6 -7 13 -13 15 -14 17 18 -16 20 21 22 -4 24 -23 26 -22 -28 -3
right_child=-2 3 19 4 5 11 7 8 -10 -11 -12 12 14 -15 16 -17 -18 -19 -20 -21 25 23 -24 -25 -26 -27 27 -29 -30
leaf_value=-1.2041297796319492 0.14727234869000574 -0.077384580573288758 0.63598619855220484 -1.782709021721822 -7.1390521481255771 0.73604721882286595 11.309265812785895 -1.7316612001453944 -0.39390323469724442 -11.120151250665455 3.8075115207687285 -9.6387565154655963 -1.2453458757331877 -0.079773358871221972 5.6915107437135122 -14.265574723529266 -1.1392981281549701 -0.13847090703974529 -0.31065530640127148 2.0069873871900139 -5.0921188097927521 3.6449680651471499 -3.5249720803871218 2.9330225037401174 18.423451042767699 0.68462483985088374 2.0601616646675351 -7.8619775109839685 0.77888883423357014
leaf_weight=2592 20686 13569 2730 3161 250 2965 29 163 781 93 38 110 44 66 233 36 2219 1333 144 1577 497 95 483 842 67 981 400 36 5827
leaf_count=2592 20686 13569 2730 3161 250 2965 29 163 781 93 38 110 44 66 233 36 2219 1333 144 1577 497 95 483 842 67 981 400 36 5827
internal_value=-0.00176294 -0.0763004 0.272787 -0.19206 -0.810469 -0.449081 -2.16852 -1.21586 -1.56613 -5.14232 -5.69471 -0.123469 -0.732421 -6.05414 -0.498791 -7.10445 -0.36429 0.641407 3.39891 0.769436 0.451117 0.968444 0.0104827 4.03411 9.75706 -0.68868 -2.13264 1.2409 0.179859
internal_weight=62047 41361 10300 31061 11665 8504 1354 1066 1037 256 288 7150 4185 176 4009 80 3929 1710 377 7708 6131 4217 3213 1004 162 1914 933 436 19396
internal_count=62047 41361 10300 31061 11665 8504 1354 1066 1037 256 288 7150 4185 176 4009 80 3929 1710 377 7708 6131 4217 3213 1004 162 1914 933 436 19396
is_linear=0
shrinkage=0.0768785


Tree=212
num_leaves=30
num_cat=0
split_feature=8 6 8 3 7 4 7 0 0 0 7 6 7 8 7 4 5 8 6 8 4 7 1 0 4 1 5 0 1
split_gain=114074 337978 769978 422932 567514 411599 304552 290271 285290 278003 220014 112668 476995 678035 419178 386338 508194 464077 538585 484703 396482 981498 1.14099e+06 876121 653474 1.49497e+06 3.5169e+06 1.8227e+06 1.73131e+06
threshold=29285.471250000006 29285.971250000006 29644.963750000006 1.0000000180025095e-35 28032.125000000004 2.5000000000000004 26934.638750000002 36.034200000000006 34.588025000000009 34.516250000000007 26221.770000000004 22564.232500000006 17080.247500000005 21813.190000000006 24178.050000000003 22.500000000000004 1.0000000180025095e-35 12469.546250000001 18590.227500000005 18489.428750000003 18.500000000000004 19804.141250000004 9.5000000000000018 29.123225000000005 17.500000000000004 9.5000000000000018 1.0000000180025095e-35 19.582175000000003 8.5000000000000018
decision_type=2 2 2 2 2 2 2 2 2 2 2 2 2 2 2 2 2 2 2 2 2 2 2 2 2 2 2 2 2
left_child=11 2 10 4 5 -3 8 9 -7 -4 -2 14 13 -13 15 20 -17 -18 19 -19 24 -22 -23 -24 -1 28 -27 -28 -26
right_child=1 3 7 -5 -6 6 -8 -9 -10 -11 -12 12 -14 -15 -16 16 17 18 -20 -21 21 22 23 -25 25 26 27 -29 -30
leaf_value=-0.028511252956770667 -2.2721237266982923 12.909371311799548 -3.013332647774571 -3.5258124067653447 -4.1902860962146953 7.1498840027215866 10.930832429541784 0.44031116415943561 -2.436829576894552 -13.27617553535659 3.9968079340277911 -12.02983584130439 -0.14091908647880161 -1.6767623317905034 1.1677034815050806 -1.3192198853917341 -0.86480498766853131 3.3728665921298631 -2.1837853234332369 14.071974761804588 -1.1440531518344415 3.9401142333929049 -0.17632707392583413 -11.760390457213273 1.9346761249651878 7.6607844462165611 0.60267433577793528 -9.5554126499570042 11.877727977821737
leaf_weight=36849 45 47 26 43 33 32 29 26 43 39 125 45 13559 221 1888 338 238 668 103 26 4492 538 475 42 1364 166 174 261 112
leaf_count=36849 45 47 26 43 33 32 29 26 43 39 125 45 13559 221 1888 338 238 668 103 26 4492 538 475 42 1364 166 174 261 112
internal_value=-0.00162741 1.16915 -0.717678 3.33858 4.94276 6.93872 4.24045 -6.42494 1.6535 -9.17104 2.33738 -0.0109086 -0.204168 -3.42822 0.0450645 -0.00116728 1.26897 2.1142 3.00378 3.7737 -0.0403798 -0.648458 1.4617 -1.11739 0.046272 1.37304 -1.85925 -5.49218 2.68916
internal_weight=62047 488 261 227 184 151 104 91 75 65 170 61559 13825 266 47734 45846 1373 1035 797 694 44473 5547 1055 517 38926 2077 601 435 1476
internal_count=62047 488 261 227 184 151 104 91 75 65 170 61559 13825 266 47734 45846 1373 1035 797 694 44473 5547 1055 517 38926 2077 601 435 1476
is_linear=0
shrinkage=0.0768785


Tree=213
num_leaves=30
num_cat=0
split_feature=8 6 8 3 7 4 7 0 0 0 7 5 6 8 7 0 1 7 0 7 7 0 0 4 4 4 5 8 6
split_gain=97208.3 288009 656140 360403 483608 350746 259525 247356 243111 236901 187486 100832 96010.8 411667 673458 532257 387859 1.18872e+06 617822 357204 340024 413056 782534 330599 701343 329219 433059 395465 458957
threshold=29285.471250000006 29285.971250000006 29644.963750000006 1.0000000180025095e-35 28032.125000000004 2.5000000000000004 26934.638750000002 36.034200000000006 34.588025000000009 34.516250000000007 26221.770000000004 1.0000000180025095e-35 22564.232500000006 22908.985000000004 17080.247500000005 31.503875000000004 5.5000000000000009 25103.500000000004 31.423337500000006 24178.050000000003 21552.790000000005 31.077150000000007 38.07800000000001 21.500000000000004 19.500000000000004 22.500000000000004 1.0000000180025095e-35 12469.546250000001 18590.227500000005
decision_type=2 2 2 2 2 2 2 2 2 2 2 2 2 2 2 2 2 2 2 2 2 2 2 2 2 2 2 2 2
left_child=12 2 10 4 5 -3 8 9 -7 -4 -2 -12 19 14 15 -14 17 20 -18 25 21 -16 -23 24 -20 -1 -27 -28 -29
right_child=1 3 7 -5 -6 6 -8 -9 -10 -11 11 -13 13 -15 16 -17 18 -19 23 -21 -22 22 -24 -25 -26 26 27 28 -30
leaf_value=-0.037275476118630746 -2.0974463400773899 11.916918009641279 -2.781672178810028 -3.2547530819059793 -3.868142928360716 6.6002115995098753 10.090486177604344 0.40646082585577098 -2.2494896100487005 -12.255522926345684 7.261690347745267 2.354889468892698 -0.007858553908580054 0.0034149533090603395 3.9084025104135667 -12.781257387162134 -3.3278401128656849 -14.693981877294839 0.086318784984995539 1.0779321796528001 0.7433406912036582 -14.225795506018553 -1.4950037677849 -7.2684484334836581 9.0858967506216199 -1.2178002180673078 -0.79832005793514726 3.4835814671722609 -2.0158991366319285
leaf_weight=44473 45 47 26 43 33 32 29 26 43 39 34 91 31 11433 30 51 353 46 1490 1888 181 45 78 34 53 338 238 694 103
leaf_count=44473 45 47 26 43 33 32 29 26 43 39 34 91 31 11433 30 51 353 46 1490 1888 181 45 78 34 53 338 238 694 103
internal_value=-0.0015023 1.07926 -0.662504 3.08192 4.56277 6.40528 3.91445 -5.931 1.52638 -8.46598 2.15769 3.68954 -0.0100699 -0.188472 -1.10563 -7.95229 -0.862591 -3.10763 -0.420563 0.0416 -1.5119 -4.17986 -6.15261 0.230209 0.395442 -0.00107754 1.17141 1.95166 2.77286
internal_weight=62047 488 261 227 184 151 104 91 75 65 170 125 61559 13825 2392 82 2310 380 1930 47734 334 153 123 1577 1543 45846 1373 1035 797
internal_count=62047 488 261 227 184 151 104 91 75 65 170 125 61559 13825 2392 82 2310 380 1930 47734 334 153 123 1577 1543 45846 1373 1035 797
is_linear=0
shrinkage=0.0768785


Tree=214
num_leaves=30
num_cat=0
split_feature=7 6 8 4 8 0 6 0 0 0 8 8 6 7 6 8 1 6 6 4 6 5 1 4 4 4 1 6 8
split_gain=93855.9 224198 358666 189584 289274 137084 214238 191629 140797 135743 162885 125185 644931 585276 710904 528320 516786 694127 633472 600577 486292 468908 468032 642908 720638 684141 414610 727753 683062
threshold=10457.630000000003 13012.770000000002 12469.546250000001 11.500000000000002 13947.255000000003 15.249625000000002 10732.750000000002 21.131200000000003 32.228762500000009 13.122825000000001 10263.900000000001 15655.375000000002 16418.875000000004 16446.856250000004 18356.245000000003 17004.695000000003 9.5000000000000018 15967.705000000002 18356.245000000003 5.5000000000000009 18079.366250000003 1.0000000180025095e-35 1.5000000000000002 15.500000000000002 16.500000000000004 1.0000000180025095e-35 10.500000000000002 19698.736250000005 17919.035000000003
decision_type=2 2 2 2 2 2 2 2 2 2 2 2 2 2 2 2 2 2 2 2 2 2 2 2 2 2 2 2 2
left_child=1 2 5 -3 -5 9 7 -7 -8 10 -1 13 -13 14 21 -14 18 -18 20 -20 -15 22 23 25 -25 -2 27 -17 -29
right_child=11 3 -4 4 -6 6 8 -9 -10 -11 -12 12 15 16 -16 26 17 -19 19 -21 -22 -23 -24 24 -26 -27 -28 28 -30
leaf_value=4.6281263135515029 -9.943382337100152 1.5063537705212968 6.1390521541727487 -11.268814321778549 0.20768445714111089 2.5996602755285161 1.507935583619102 11.028412665711436 -4.4938486867946885 -5.7245555784557318 -0.65859116106617721 0.92899168367177143 -1.0079136051708852 -2.3437374273892493 -10.957345266888126 0.67322794068741854 1.419907367743287 -3.623726229966215 -5.599824914498158 6.5615769682039922 -12.398444344745167 0.24200311457100346 -0.37074723515922559 -15.754353555472342 -3.1432624360542354 -0.41931756273712656 -1.0931369730295579 -4.03011848256698 -0.082012110740288982
leaf_weight=40 50 36 81 27 25 44 160 25 27 26 248 4535 3071 1445 35 9504 674 212 33 88 29 12817 3648 43 71 411 1793 262 22587
leaf_count=40 50 36 81 27 25 44 160 25 27 26 248 4535 3071 1445 35 9504 674 212 33 88 29 12817 3648 43 71 411 1793 262 22587
internal_value=-0.0013868 0.859828 1.35215 -2.78224 -5.75127 0.671907 1.99231 5.65356 0.641368 -0.404599 0.0756752 -0.0117678 0.0634159 -0.172285 -0.0119682 -0.0420571 -1.27563 0.213079 -2.10259 3.24483 -2.54156 0.0105135 -0.692068 -2.73064 -7.90008 -1.4523 0.0448095 0.107874 -0.127283
internal_weight=62047 739 651 88 52 570 256 69 187 314 288 61308 41752 19556 17075 37217 2481 886 1595 121 1474 17040 4223 575 114 461 34146 32353 22849
internal_count=62047 739 651 88 52 570 256 69 187 314 288 61308 41752 19556 17075 37217 2481 886 1595 121 1474 17040 4223 575 114 461 34146 32353 22849
is_linear=0
shrinkage=0.0768785


Tree=215
num_leaves=30
num_cat=0
split_feature=6 8 8 1 5 1 4 4 4 4 7 7 0 4 4 8 0 0 8 7 0 4 1 6 4 4 4 8 4
split_gain=124833 557728 434301 559314 424192 476053 911584 1.10264e+06 4.23724e+06 884713 1.16365e+06 740824 640443 495127 1.7838e+06 1.06337e+06 1.04655e+06 925650 1.01598e+06 841671 820508 634023 624596 924287 458524 637422 2.4917e+06 1.18554e+06 960656
threshold=17203.725000000002 16856.540000000005 18428.378750000003 11.500000000000002 1.0000000180025095e-35 9.5000000000000018 9.5000000000000018 15.500000000000002 17.500000000000004 20.500000000000004 22138.007500000003 22909.485000000004 30.973912500000001 19.500000000000004 16.500000000000004 25103.500000000004 34.734800000000007 34.445125000000004 27354.762500000004 16102.382500000002 30.870450000000002 21.500000000000004 4.5000000000000009 20035.293750000004 14.500000000000002 5.5000000000000009 3.5000000000000004 27493.246250000004 7.5000000000000009
decision_type=2 2 2 2 2 2 2 2 2 2 2 2 2 2 2 2 2 2 2 2 2 2 2 2 2 2 2 2 2
left_child=1 -1 3 -2 -4 13 -7 -8 12 10 -10 -12 -9 14 20 16 -15 21 -19 -16 -6 -17 23 -22 25 26 -24 -28 -27
right_child=2 -3 4 -5 5 6 7 8 9 -11 11 -13 -14 15 19 17 -18 18 -20 -21 22 -23 24 -25 -26 28 27 -29 -30
leaf_value=0.0081048723081516855 -0.86404110194732009 1.0741025109219831 0.56141011430841892 1.9666169318718461 1.2475065114615234 1.9685217434430045 -4.8309387740372873 28.407749686777485 -1.2772453267874613 1.1263262002341305 -14.904576614357095 -5.1605562965311806 12.479425466064027 -2.0441328313268659 10.806297808815817 3.4135870319771486 -12.682483327189962 -5.5375434919281616 -0.18048125024485726 1.810953608777699 -1.3355650196209814 0.11470595431630387 0.32124308379879662 -18.811221699662301 -1.8140506340998137 2.7123406030160653 -3.654867578924573 -16.416503147780283 -0.13693793234327467
leaf_weight=24634 5827 3288 7021 444 1969 439 545 25 560 428 62 180 37 1328 63 585 57 275 875 2544 53 837 2371 27 1215 824 980 45 4624
leaf_count=24634 5827 3288 7021 444 1969 439 545 25 560 428 62 180 37 1328 63 585 57 275 875 2544 53 837 2371 27 1215 824 980 45 4624
internal_value=0.0129906 0.133633 -0.0853909 -0.663625 0.0442564 -0.129075 -1.17879 -1.93092 -0.707617 -1.69608 -3.2023 -7.65696 18.9021 -0.00112106 0.20417 -0.764543 -2.48196 0.160269 -1.46152 2.02833 -0.188594 1.47184 -0.467486 -7.2336 -0.413674 -0.221289 -1.04795 -4.21513 0.29401
internal_weight=62162 27922 34240 6271 27969 20948 2276 1837 1292 1230 802 242 62 18672 14715 3957 1385 2572 1150 2607 12108 1422 10139 80 10059 8844 3396 1025 5448
internal_count=62162 27922 34240 6271 27969 20948 2276 1837 1292 1230 802 242 62 18672 14715 3957 1385 2572 1150 2607 12108 1422 10139 80 10059 8844 3396 1025 5448
is_linear=0
shrinkage=0.0768785


Tree=216
num_leaves=30
num_cat=0
split_feature=6 0 4 5 8 1 4 7 8 1 8 7 7 1 4 7 4 4 0 0 7 8 4 8 7 6 7 7 1
split_gain=115982 503834 659741 819866 509931 1.08382e+06 508101 1.45946e+06 1.10554e+06 955106 775143 696195 563825 560196 1.74735e+06 823219 962603 649650 886289 465298 460608 458893 430730 1.54244e+06 1.15023e+06 784504 835499 540772 417007
threshold=18421.718750000004 30.647925000000004 17.500000000000004 1.0000000180025095e-35 19774.942500000001 7.5000000000000009 16.500000000000004 12367.217500000001 16666.955000000002 4.5000000000000009 13785.565000000001 17277.111250000005 20676.970000000005 7.5000000000000009 12.500000000000002 18050.200000000004 7.5000000000000009 13.500000000000002 31.65785 34.092612500000008 11110.858750000001 19774.942500000001 15.500000000000002 15655.375000000002 19468.103750000006 12653.640000000001 15362.463750000001 14855.645000000002 3.5000000000000004
decision_type=2 2 2 2 2 2 2 2 2 2 2 2 2 2 2 2 2 2 2 2 2 2 2 2 2 2 2 2 2
left_child=1 -1 6 -4 5 -5 13 -8 9 10 -9 -10 19 14 15 28 -17 -15 -19 -13 -16 22 -22 25 27 -24 -27 -25 -3
right_child=-2 2 3 4 -6 -7 7 8 11 -11 -12 12 -14 17 20 16 -18 18 -20 -21 21 -23 23 24 -26 26 -28 -29 -30
leaf_value=-0.041478427685306581 -0.10187596114403204 0.52288533365951007 -0.88441950631473987 5.9924623303679621 -0.91859741473594514 23.29768723615636 13.286411945209807 -12.120718558748939 6.9717747689173502 -12.798968673452663 2.2596964635211116 3.3633647089055909 5.0244086811454522 2.371875392843517 -1.9634768892156167 -2.764603581464232 3.058829844672315 5.3482006854885142 -1.1655042724258917 -7.2874433902694102 2.1705675986398574 -3.8925600549572237 11.990196647608673 9.8112178704725057 -2.354062262015006 -5.8474246866072006 9.5524180594452588 21.644258870824945 -3.2613469546374509
leaf_weight=26769 28570 207 85 69 25 31 35 32 69 96 72 32 48 1883 145 283 412 147 771 100 936 61 28 42 25 91 27 50 1021
leaf_count=26769 28570 207 85 69 25 31 35 32 69 96 72 32 48 1883 145 283 412 147 771 100 936 61 28 42 25 91 27 50 1021
internal_value=0.0119919 0.108837 0.698574 4.9408 8.90195 11.3571 0.56386 -1.83416 -3.01283 -7.26933 -2.16505 0.406054 -2.11081 0.753229 0.078941 -1.4268 0.687561 1.55438 -0.12246 -4.70543 2.13983 2.61203 2.94296 5.69185 12.2687 0.421405 -2.32373 16.2422 -2.62345
internal_weight=62162 33592 6823 210 125 100 6613 484 449 200 104 249 180 6129 3328 1923 695 2801 918 132 1405 1260 1199 263 117 146 118 92 1228
internal_count=62162 33592 6823 210 125 100 6613 484 449 200 104 249 180 6129 3328 1923 695 2801 918 132 1405 1260 1199 263 117 146 118 92 1228
is_linear=0
shrinkage=0.0768785


Tree=217
num_leaves=30
num_cat=0
split_feature=6 8 7 0 8 0 4 7 6 8 4 8 4 0 7 0 5 7 1 7 7 4 0 5 0 8 4 0 0
split_gain=104181 594788 596494 652691 619266 477531 791854 489325 446114 408560 369895 781642 808021 1.15863e+06 996844 686367 571231 547855 722452 541597 385357 391082 765487 658819 845898 607615 627740 430722 420659
threshold=16418.875000000004 15869.371250000002 19804.141250000004 32.771100000000004 14773.657500000003 30.445050000000005 17.500000000000004 13702.062500000002 13612.222500000002 17004.695000000003 15.500000000000002 14603.223750000003 16.500000000000004 31.344725000000007 20226.052500000002 29.551325000000002 22.500000000000004 21307.118750000005 5.5000000000000009 15996.721250000001 19933.576250000002 17.500000000000004 20.954000000000004 1.0000000180025095e-35 22.578137500000004 15707.040000000003 19.500000000000004 18.502500000000005 17.987625000000005
decision_type=2 2 2 2 2 2 2 2 2 2 2 2 2 2 2 2 2 2 2 2 2 2 2 2 2 2 2 2 2
left_child=1 2 -1 4 -4 7 -7 -3 -9 10 -2 19 14 15 16 20 -13 18 -15 -12 21 22 27 25 -25 -23 28 -14 -27
right_child=9 5 3 -5 -6 6 -8 8 -10 -11 11 12 13 17 -16 -17 -18 -19 -20 -21 -22 23 -24 24 -26 26 -28 -29 -30
leaf_value=0.002372343372253121 -1.2971945780578982 3.6993898869739681 -11.322378630355487 -13.730558430946399 2.6975476371054046 1.9115065888648457 13.803443748555402 -8.0859548076866243 0.20610684153446629 0.018474042566047115 0.021092202738284663 0.24744538838436073 3.0389053219831546 -1.7515951134383108 -7.9686819657697194 9.2706629529884612 12.540866069676509 0.1823594744527843 -14.313135955910058 14.420831600316921 6.4168453890551982 -6.4869968884886759 -4.5345458491259061 -6.0075734763773347 0.90600562399359852 16.675821820592073 -2.1048359150551446 13.029702945938531 5.0904186104659876
leaf_weight=20012 2767 242 27 38 60 1242 34 39 2290 34157 26 32 94 43 26 47 74 47 73 38 48 36 64 260 175 27 50 35 59
leaf_count=20012 2767 242 27 38 60 1242 34 39 2290 34157 26 32 94 43 26 47 74 47 73 38 48 36 64 260 175 27 50 35 59
internal_value=0.01107 0.136639 -0.0306966 -5.3249 -1.65346 1.01255 2.22838 0.409134 0.0672531 -0.0678146 -0.800806 0.294494 -0.150626 -0.858224 5.52088 0.227492 8.82964 -6.81967 -9.6567 8.57094 -0.273721 -0.675155 2.3393 -1.63362 -3.22625 2.39423 4.74515 5.74959 8.7277
internal_weight=62162 23984 20137 125 87 3847 1276 2571 2329 38178 4021 1254 1190 1058 132 895 106 163 116 64 848 800 193 607 435 172 136 129 86
internal_count=62162 23984 20137 125 87 3847 1276 2571 2329 38178 4021 1254 1190 1058 132 895 106 163 116 64 848 800 193 607 435 172 136 129 86
is_linear=0
shrinkage=0.0768785


Tree=218
num_leaves=30
num_cat=0
split_feature=6 8 8 0 4 4 4 5 4 5 8 7 6 5 0 1 6 4 4 6 4 0 7 0 7 1 0 7 0
split_gain=96833.2 410460 322915 291045 349587 605893 1.42884e+06 2.33452e+06 734612 579881 552504 376756 376432 363694 371902 352242 322887 432805 303182 295914 281001 577743 253424 517347 509380 336595 251147 248977 459402
threshold=12529.032500000003 12898.248750000001 12469.546250000001 33.365575000000007 3.5000000000000004 4.5000000000000009 5.5000000000000009 1.0000000180025095e-35 10.500000000000002 1.0000000180025095e-35 9860.7500000000018 12115.215000000002 11759.530000000001 1.0000000180025095e-35 16.644012500000006 1.5000000000000002 11759.530000000001 15.500000000000002 20.500000000000004 10935.638750000004 6.5000000000000009 15.249625000000002 14392.626250000001 26.700850000000006 11933.320000000002 10.500000000000002 10.455587500000002 12752.617500000002 26.163175000000003
decision_type=2 2 2 2 2 2 2 2 2 2 2 2 2 2 2 2 2 2 2 2 2 2 2 2 2 2 2 2 2
left_child=2 27 3 4 -1 13 7 -7 9 20 -10 -11 -9 -6 26 -12 18 -18 -17 -5 -8 -22 23 -4 -25 -24 -15 -2 -29
right_child=1 -3 22 19 5 6 8 12 10 11 15 -13 -14 14 -16 16 17 -19 -20 -21 21 -23 25 24 -26 -27 -28 28 -30
leaf_value=-0.52619360689293637 -2.0923803674288806 0.017763728244753575 1.1658084895863634 1.3880885322056062 -0.027223903955451861 5.0625889409541438 -4.2728973944807755 -6.7796350965425027 8.050476367942764 2.3231230195669723 -4.9643732099781817 7.697403342720909 -13.57801345317128 2.2830096028919376 -3.3234404911302016 1.742531916384245 -3.8238251758782464 0.45980088742881831 -1.849948088432622 -6.9009612455915166 9.8863423113479776 -3.4875849790045947 -2.2015550976206977 1.4009736114510807 10.082610703558235 5.2220992839143641 6.0432646592814994 0.36512437646001716 -3.2074675936948136
leaf_weight=2708 849 52928 914 40 202 93 65 111 49 136 88 178 85 177 39 672 243 327 175 70 35 42 201 77 83 44 258 1003 270
leaf_count=2708 849 52928 914 40 202 93 65 111 49 136 88 178 85 177 39 672 243 327 175 70 35 42 201 77 83 44 258 1003 270
internal_value=0.0102189 -0.0242694 0.277174 0.0299875 0.1058 0.681074 0.0861471 -4.96834 0.812887 3.52607 0.0167403 5.36969 -9.72791 2.70435 3.86844 -0.244823 0.0482752 -1.36638 1.00028 -3.88676 -0.550668 2.59147 1.36281 1.87177 5.90457 -0.868327 4.51323 -1.07268 -0.392613
internal_weight=62162 55050 7112 5793 5683 2975 2299 289 2010 456 1554 314 196 676 474 1505 1417 570 847 110 142 77 1319 1074 160 245 435 2122 1273
internal_count=62162 55050 7112 5793 5683 2975 2299 289 2010 456 1554 314 196 676 474 1505 1417 570 847 110 142 77 1319 1074 160 245 435 2122 1273
is_linear=0
shrinkage=0.0768785


Tree=219
num_leaves=30
num_cat=0
split_feature=6 8 0 4 5 1 4 7 8 1 8 7 7 7 1 1 4 7 4 0 0 4 4 7 7 7 4 7 0
split_gain=97190 470226 358793 557418 791952 476176 369158 1.24835e+06 880346 820175 705850 593038 483159 438057 864518 409623 1.4941e+06 665732 564607 644605 437431 463779 414846 912041 373663 387043 480784 1.80517e+06 839783
threshold=18421.718750000004 21813.190000000006 30.765475000000006 17.500000000000004 1.0000000180025095e-35 7.5000000000000009 16.500000000000004 12367.217500000001 16666.955000000002 4.5000000000000009 13785.565000000001 17277.111250000005 20676.970000000005 17586.040000000005 8.5000000000000018 7.5000000000000009 12.500000000000002 14855.645000000002 13.500000000000002 31.65785 35.879900000000006 9.5000000000000018 7.5000000000000009 17995.835000000003 11110.858750000001 19868.948750000007 15.500000000000002 15076.991250000001 35.795537500000009
decision_type=2 2 2 2 2 2 2 2 2 2 2 2 2 2 2 2 2 2 2 2 2 2 2 2 2 2 2 2 2
left_child=1 2 -1 6 -5 -6 15 -8 9 10 -9 -10 -13 -11 -15 16 17 20 -17 -20 21 -4 -19 -24 -18 26 -26 28 -28
right_child=-2 -3 3 4 5 -7 7 8 11 13 -12 12 -14 14 -16 18 24 22 19 -21 -22 -23 23 -25 25 -27 27 -29 -30
leaf_value=-0.04441730478974764 -0.094802301111737583 4.8622666657990212 -2.9708362121776934 -1.1731228984350355 5.2497195555613274 15.837135209664684 12.603688666421089 -11.143655949878561 6.4210536011563404 -20.161687113292189 2.6704388250088678 -4.408528760371242 4.6168995269384467 -18.264238069489323 -0.90528706128254444 2.1054935432134885 -1.7415982216978574 -2.9685612604596301 4.6837734749832798 -1.1172197386598035 -1.8230957431257202 -11.265146465406454 -1.5538064314458691 2.9471045613932052 1.9802205275295246 -2.0691532988808627 -1.9344937404455556 14.715782748299505 12.023026691575842
leaf_weight=26837 28570 122 75 80 74 38 34 32 69 26 69 130 48 30 39 1818 144 361 133 761 176 85 765 408 889 105 125 87 32
leaf_count=26837 28570 122 75 80 74 38 34 32 69 26 69 130 48 30 39 1818 144 361 133 761 176 85 765 408 889 105 125 87 32
internal_value=0.00943332 0.0980857 0.08072 0.587023 4.66896 8.84188 0.465345 -1.59265 -2.68221 -6.52946 -1.7063 0.370669 -1.97471 -11.6572 -8.45266 0.629943 0.0481101 -1.36851 1.32763 -0.254208 -4.4679 -7.37719 -0.689631 0.0117278 1.96495 2.39608 2.8099 5.83278 0.910351
internal_weight=62162 33592 33470 6633 192 112 6441 477 443 196 101 247 178 95 69 5964 3252 1870 2712 894 336 160 1534 1173 1382 1238 1133 244 157
internal_count=62162 33592 33470 6633 192 112 6441 477 443 196 101 247 178 95 69 5964 3252 1870 2712 894 336 160 1534 1173 1382 1238 1133 244 157
is_linear=0
shrinkage=0.0768785


Tree=220
num_leaves=30
num_cat=0
split_feature=8 6 4 3 4 0 0 8 7 6 1 4 8 4 4 5 0 6 4 5 8 7 4 4 7 0 4 7 4
split_gain=144476 351643 582618 447236 396618 873341 1.65102e+06 1.02871e+06 503140 487283 333371 526293 401498 370364 697365 1.69085e+06 525822 402521 460803 1.2929e+06 464348 364173 486190 358651 993100 323762 368281 299146 459953
threshold=24274.868750000005 24277.457500000004 21.500000000000004 1.0000000180025095e-35 15.500000000000002 34.16328750000001 32.962162500000012 23685.718750000004 24696.675000000003 25751.625000000004 6.5000000000000009 1.0000000180025095e-35 29644.963750000006 18.500000000000004 19.500000000000004 22.500000000000004 34.588025000000009 29285.971250000006 20.500000000000004 1.0000000180025095e-35 27354.762500000004 25638.945000000003 21.500000000000004 15.500000000000002 21144.785000000003 38.470000000000006 13.500000000000002 21477.401250000006 15.500000000000002
decision_type=2 2 2 2 2 2 2 2 2 2 2 2 2 2 2 2 2 2 2 2 2 2 2 2 2 2 2 2 2
left_child=1 25 3 4 -3 6 9 8 -7 -6 11 -2 -12 23 15 -15 21 18 19 -18 -20 -16 -23 -13 -25 -1 -27 28 -5
right_child=10 2 -4 27 5 7 -8 -9 -10 -11 12 13 -14 14 16 -17 17 -19 20 -21 -22 22 -24 24 -26 26 -28 -29 -30
leaf_value=-0.090940810446313622 3.2918332258443965 -0.58288746075238529 -5.8071785619461291 1.9687245600715819 -1.6175208541361488 -7.2834001179757477 13.361025366704611 -0.076499294445610586 -17.751392364987996 -13.261580138761147 -0.12692587645167902 0.1530550095992626 -5.8709807000784968 -4.9492141674269341 0.54500279065561918 11.55982195635853 10.872001934198225 3.7276742390361992 -8.2706979136194523 -2.2852992306605135 -1.7517549437411462 7.1231249098398139 1.8213600108366825 10.158994375422232 -4.7811305758450633 1.541586458103241 -0.27905647545177981 0.12845451665577912 13.815608979021437
leaf_weight=47922 417 643 147 86 88 58 42 67 51 28 4866 2575 73 55 510 110 60 100 83 167 291 150 321 30 213 1560 1134 402 25
leaf_count=47922 417 643 147 86 88 58 42 67 51 28 4866 2575 73 55 510 110 60 100 83 167 291 150 321 30 213 1560 1134 402 25
internal_value=-0.0294261 -0.0807062 -1.18968 -0.734124 -1.69927 -3.84846 0.300614 -7.5732 -12.1813 -4.42816 0.237966 0.675101 -0.211825 0.441194 1.28731 6.05681 0.819436 -0.788568 -1.54002 1.1924 -3.19847 1.96848 3.50982 -0.113376 -2.93667 -0.0448404 0.775213 1.10398 4.63694
internal_weight=62274 52253 1637 1490 977 334 158 176 109 116 10021 5082 4939 4665 1847 165 1682 701 601 227 374 981 471 2818 243 50616 2694 513 111
internal_count=62274 52253 1637 1490 977 334 158 176 109 116 10021 5082 4939 4665 1847 165 1682 701 601 227 374 981 471 2818 243 50616 2694 513 111
is_linear=0
shrinkage=0.0768785


Tree=221
num_leaves=30
num_cat=0
split_feature=7 0 6 8 6 8 5 5 0 6 4 3 7 4 8 0 4 0 0 0 4 7 1 7 4 0 4 1 8
split_gain=125594 157882 167608 227682 148355 135580 314065 433065 318182 291136 513859 342813 455000 553728 608290 383694 495914 346993 682927 640787 329372 508016 314342 289745 391951 287090 313832 277982 276175
threshold=10457.630000000003 10.679712500000003 12954.251250000003 12469.546250000001 13944.175000000001 24274.868750000005 37.500000000000007 1.0000000180025095e-35 34.16328750000001 24277.457500000004 22.500000000000004 1.0000000180025095e-35 27898.500000000004 11.500000000000002 21326.125000000004 38.604775000000011 18.500000000000004 34.16328750000001 36.034200000000006 32.962162500000012 4.5000000000000009 23288.731250000001 7.5000000000000009 21477.401250000006 15.500000000000002 38.470000000000006 13.500000000000002 7.5000000000000009 23887.166250000002
decision_type=2 2 2 2 2 2 2 2 2 2 2 2 2 2 2 2 2 2 2 2 2 2 2 2 2 2 2 2 2
left_child=1 -1 3 -3 -4 9 7 -7 -9 25 11 12 13 20 -15 16 -16 19 -19 27 -11 22 -22 24 -13 -2 -27 -18 -17
right_child=5 2 4 -5 -6 6 -8 8 -10 10 -12 23 -14 14 15 28 17 18 -20 -21 21 -23 -24 -25 -26 26 -28 -29 -30
leaf_value=-1.0622259018771676 -0.10034665914113026 1.4389193757211831 -4.5749350409850358 6.1534915368443297 2.2723885795700087 0.79956698594625508 0.9731957523325655 0.16056798256318025 -1.0604435087469022 -1.9929162000763485 -7.0296679914510891 1.8173718530007317 2.555602078617849 -11.869551122422385 3.6561857220592278 -11.349962885874001 -0.44394758821940128 -13.781716691611825 -0.4545551600287398 8.5042444478626162 1.9710821218048056 6.1607391442845003 -7.8232377037166412 -0.12630233823188788 12.753485710391578 1.4230715979025639 -0.25760305151630669 -8.4623738782266749 -1.4536607821360867
leaf_weight=172 47191 411 45 71 32 2508 2465 2580 2468 284 82 86 134 54 72 50 56 47 44 31 45 92 34 429 25 1560 1134 47 25
leaf_count=172 47191 411 45 71 32 2508 2465 2580 2468 284 82 86 134 54 72 50 56 47 44 31 45 92 34 429 25 1560 1134 47 25
internal_value=-0.0271638 0.974604 1.60132 2.13339 -1.72929 -0.0390627 0.219672 -0.0261508 -0.436392 -0.0893864 -1.09822 -0.785431 -1.61802 -2.25283 -4.24472 -3.13789 -1.89716 -3.67423 -7.33781 -1.18628 -0.387894 2.27776 -2.24419 0.779532 4.28046 -0.0562812 0.715616 -4.10284 -8.0512
internal_weight=62274 731 559 482 77 61543 10021 7556 5048 51522 1637 1555 1015 881 426 372 297 225 91 134 455 171 79 540 111 49885 2694 103 75
internal_count=62274 731 559 482 77 61543 10021 7556 5048 51522 1637 1555 1015 881 426 372 297 225 91 134 455 171 79 540 111 49885 2694 103 75
is_linear=0
shrinkage=0.0768785


Tree=222
num_leaves=30
num_cat=0
split_feature=7 0 0 8 8 6 8 8 8 1 4 8 3 4 8 4 6 4 5 0 5 4 8 4 7 0 0 8 4
split_gain=107025 138361 178081 221783 206095 137348 120616 118213 115535 287426 443638 339690 1.69086e+06 637343 338120 319331 962372 626191 1.43427e+06 540235 364083 1.27892e+06 420030 309629 845459 306066 456812 613482 709538
threshold=10457.630000000003 11.947975000000001 24.900200000000002 11564.012500000003 11564.012500000003 13944.175000000001 10620.635 10263.900000000001 24274.868750000005 6.5000000000000009 1.0000000180025095e-35 29644.963750000006 1.0000000180025095e-35 2.5000000000000004 29644.963750000006 18.500000000000004 29285.971250000006 19.500000000000004 22.500000000000004 34.588025000000009 1.0000000180025095e-35 20.500000000000004 27493.246250000004 15.500000000000002 21144.785000000003 35.177437500000011 38.07800000000001 26934.638750000002 19.500000000000004
decision_type=2 2 2 2 2 2 2 2 2 2 2 2 2 2 2 2 2 2 2 2 2 2 2 2 2 2 2 2 2
left_child=1 6 4 -4 7 -5 -1 -3 -2 10 -10 15 13 -13 25 16 23 18 -17 -19 21 -21 -22 -12 -25 -11 27 28 -27
right_child=8 2 3 5 -6 -7 -8 -9 9 14 11 12 -14 -15 -16 17 -18 19 -20 20 22 -23 -24 24 -26 26 -28 -29 -30
leaf_value=1.4592705617469812 -0.082514538556117054 5.2156415170493151 4.8539747325771936 -4.6074924352795525 4.6775716055783425 1.7549517817125706 -1.8738835261380467 0.015105535661065084 3.0111596923892603 -0.50296374907175911 0.17257876685170356 18.696498149925116 -9.0051226420890522 5.3958217752002495 -5.4081863090849973 -4.5443985693354874 -13.495355438506923 1.7668309254486603 10.660543318347051 10.548832795042404 -5.6698938981947906 -3.0309843802012271 -0.68447665051119477 9.3796881610176026 -4.405224271034001 7.391382251126366 -1.0873494073467393 0.38603582418252513 -0.5202517385525236
leaf_weight=109 51522 31 31 65 155 29 156 155 417 3577 2472 31 41 68 73 55 32 969 110 64 145 114 321 30 213 199 453 536 101
leaf_count=109 51522 31 31 65 155 29 156 155 417 3577 2472 31 41 68 73 55 32 969 110 64 145 114 321 30 213 199 453 536 101
internal_value=-0.0250755 0.899678 1.69727 -0.784962 2.60718 -2.64461 -0.502888 0.881862 -0.0360596 0.202784 0.60868 0.393924 4.12355 9.56068 -0.214864 0.278533 -0.241048 1.08128 5.59223 0.619839 -1.10599 1.85165 -2.23573 -0.0848278 -2.70338 -0.136954 0.878732 1.94408 4.7278
internal_weight=62274 731 466 125 341 94 265 186 61543 10021 5082 4665 140 99 4939 4525 2747 1778 165 1613 644 178 466 2715 243 4866 1289 836 300
internal_count=62274 731 466 125 341 94 265 186 61543 10021 5082 4665 140 99 4939 4525 2747 1778 165 1613 644 178 466 2715 243 4866 1289 836 300
is_linear=0
shrinkage=0.0768785


Tree=223
num_leaves=30
num_cat=0
split_feature=6 8 4 4 0 4 4 4 7 4 7 0 6 2 0 8 5 1 1 4 4 7 4 4 4 6 5 4 7
split_gain=93131.7 287778 336988 444659 1.16942e+06 530544 586689 673893 598843 539417 472242 432175 405094 391230 320642 323995 320641 335177 274022 807648 884753 704149 661565 805935 1.36134e+06 812507 797971 1.51482e+06 1.11138e+06
threshold=13134.338750000001 13674.320000000002 19.500000000000004 16.500000000000004 24.044425000000007 10.500000000000002 6.5000000000000009 5.5000000000000009 14455.19375 4.5000000000000009 12568.335000000001 20.954000000000004 14941.145000000002 1.0000000180025095e-35 15.080075000000003 12335.632500000002 1.0000000180025095e-35 3.5000000000000004 11.500000000000002 5.5000000000000009 4.5000000000000009 12498.731250000003 7.5000000000000009 10.500000000000002 12.500000000000002 19897.761250000007 1.0000000180025095e-35 17.500000000000004 16544.376250000005
decision_type=2 2 2 2 2 2 2 2 2 2 2 2 2 2 2 2 2 2 2 2 2 2 2 2 2 2 2 2 2
left_child=-1 2 3 5 11 6 7 8 9 -2 -11 12 -5 -7 -8 -16 -9 -18 -3 20 -20 -21 -23 25 -25 -24 -26 28 -28
right_child=1 18 -4 4 -6 13 14 16 -10 10 -12 -13 -14 -15 15 -17 17 -19 19 21 -22 22 23 24 26 -27 27 -29 -30
leaf_value=0.19704823617301598 -1.2941995044253014 0.025959694031772989 -4.0182830897624866 1.0643279014004619 -3.0695050220962043 -3.0290658930513339 -0.81940673056835256 0.14280516450922673 -4.4356868023960017 -4.4221876670261082 4.7567721098841309 10.731923667848887 11.622611847597012 5.4085531025323883 -1.3569927816581688 4.0928377911740714 -11.643065201039914 -3.6449518905677638 -4.3566034604714376 -13.758973236889245 13.543817585820097 -4.8425199297864019 1.1543258173079671 -4.9961564692382963 -2.9905328735229979 11.761888289900835 2.4179956054870702 -1.2423276733831039 11.898905751107547
leaf_weight=9602 336 46740 182 105 156 726 196 40 170 39 220 69 27 34 81 316 64 60 25 25 47 222 591 442 450 46 371 801 91
leaf_count=9602 336 46740 182 105 156 726 196 40 170 39 220 69 27 34 81 316 64 60 25 25 47 222 591 442 450 46 371 801 91
internal_value=-0.0231477 -0.063289 -0.818692 -0.598031 1.925 -0.992738 -0.164401 -1.37033 -0.411625 0.738107 3.37461 5.80133 3.22398 -2.65159 1.72482 2.98091 -5.84232 -7.77301 -0.0205418 -0.719185 7.32839 -0.909848 -0.80327 -0.482097 -1.19224 1.92034 -0.210722 0.779709 4.28545
internal_weight=62274 52672 2821 2639 357 2282 1522 929 765 595 259 201 132 760 593 397 164 124 49851 3111 72 3039 3014 2792 2155 637 1713 1263 462
internal_count=62274 52672 2821 2639 357 2282 1522 929 765 595 259 201 132 760 593 397 164 124 49851 3111 72 3039 3014 2792 2155 637 1713 1263 462
is_linear=0
shrinkage=0.0768785


Tree=224
num_leaves=30
num_cat=0
split_feature=7 6 6 6 0 6 0 0 8 5 5 0 1 8 4 4 8 4 6 4 3 7 4 8 0 1 8 0 4
split_gain=90167 120732 196460 139476 111990 117831 194590 166590 95060.2 255167 362836 258108 271236 255786 333683 287491 267276 259447 249306 438374 327049 325934 433080 619542 392435 620681 564471 519378 279699
threshold=10457.630000000003 13134.338750000001 12529.032500000003 13944.175000000001 15.249625000000002 10732.750000000002 24.044425000000007 21.131200000000003 24274.868750000005 37.500000000000007 1.0000000180025095e-35 34.16328750000001 6.5000000000000009 26097.625000000004 19.500000000000004 18.500000000000004 29644.963750000006 10.500000000000002 24277.457500000004 21.500000000000004 1.0000000180025095e-35 27898.500000000004 11.500000000000002 21326.125000000004 34.16328750000001 6.5000000000000009 23685.718750000004 32.962162500000012 4.5000000000000009
decision_type=2 2 2 2 2 2 2 2 2 2 2 2 2 2 2 2 2 2 2 2 2 2 2 2 2 2 2 2 2
left_child=1 2 4 -3 -1 7 -7 -6 18 10 -10 -12 13 14 15 17 -15 -13 -2 20 21 22 28 -24 27 26 -26 -25 -20
right_child=8 3 -4 -5 5 6 -8 -9 9 -11 11 12 -14 16 -16 -17 -18 -19 19 -21 -22 -23 23 24 25 -27 -28 -29 -30
leaf_value=-0.17483787963732897 -0.042953424968825635 -4.7469427480950772 5.8018853098778571 1.802916930661804 1.8324150664161019 2.2938051246264273 -3.3367581024165096 9.6912333426682462 0.71942685675089679 0.86440112102643674 0.12577584949838913 3.535518387226344 -1.8891206761209667 -1.3617912559885803 -5.5750338956340197 6.8834946309842859 3.6103645009902934 -0.66334628704088461 -1.8244860512235495 -5.0124558927314986 0.9598565253919954 2.2799703142815684 -12.006435925027642 -2.1623148859239758 -15.448907418202158 -1.6766680551471342 -2.2111248345271863 9.2409809860525947 2.1110069485833276
leaf_weight=327 49885 46 50 33 44 159 47 25 2508 2465 2580 147 1078 864 39 58 69 213 284 147 513 122 48 90 47 151 32 32 171
leaf_count=327 49885 46 50 33 44 159 47 25 2508 2465 2580 147 1078 864 39 58 69 213 284 147 513 122 48 90 47 151 32 32 171
internal_value=-0.0213682 0.827433 1.17134 -2.01093 0.786748 1.93016 1.00916 4.67981 -0.0314501 0.185198 -0.0363784 -0.411886 -0.973946 -0.264193 1.22592 1.86046 -0.994076 1.05119 -0.0735882 -1.00713 -0.611977 -1.43731 -1.96773 -3.81309 -2.69582 -4.56535 -10.0868 0.828714 -0.345433
internal_weight=62274 731 652 79 602 275 206 69 61543 10021 7556 5048 2468 1390 457 418 933 360 51522 1637 1490 977 855 400 352 230 79 122 455
internal_count=62274 731 652 79 602 275 206 69 61543 10021 7556 5048 2468 1390 457 418 933 360 51522 1637 1490 977 855 400 352 230 79 122 455
is_linear=0
shrinkage=0.0768785


Tree=225
num_leaves=30
num_cat=0
split_feature=0 4 8 4 6 7 8 1 6 6 7 6 6 1 8 0 4 8 5 1 0 4 5 1 0 4 6 1 0
split_gain=94436.3 382147 352751 192889 192941 219291 189329 334434 363205 210635 205688 333591 185184 153689 148326 128697 518033 1.09123e+06 1.5201e+06 1.06117e+06 984142 838101 1.7358e+06 1.62919e+06 789282 721945 1.19116e+06 816985 916568
threshold=41.112212500000012 16.500000000000004 25404.773750000004 11.500000000000002 27770.640000000003 24696.675000000003 23785.500000000004 5.5000000000000009 23485.625000000004 25409.375000000004 27493.246250000004 27358.375000000004 26226.160000000003 5.5000000000000009 27354.762500000004 33.165175000000012 17.500000000000004 21012.822500000006 1.0000000180025095e-35 7.5000000000000009 35.709887500000008 18.500000000000004 1.0000000180025095e-35 6.5000000000000009 34.953475000000005 18.500000000000004 21888.522500000003 5.5000000000000009 37.009800000000006
decision_type=2 2 2 2 2 2 2 2 2 2 2 2 2 2 2 2 2 2 2 2 2 2 2 2 2 2 2 2 2
left_child=15 3 -3 4 5 12 7 -5 -9 -10 -8 -12 13 -2 -13 -1 -17 18 20 25 -18 22 23 -19 -24 26 27 -20 -29
right_child=1 2 -4 6 -6 -7 10 8 9 -11 11 14 -14 -15 -16 16 17 21 19 -21 -22 -23 24 -25 -26 -27 -28 28 -30
leaf_value=0.051325744279466172 0.21580104011372392 13.40574761043672 0.61583291091904946 4.983178680842749 -4.0919907538692204 4.9552356106796989 -1.3258712513744912 -5.9317515262116194 8.1493050755771854 -1.1030575188905118 -1.0961449034334234 10.382128628569436 -3.6783209818709377 4.6739385197558097 3.0265398638055143 -0.4181533052844516 -6.4155411349383415 -21.622576966400811 10.934887915771561 12.884617679650791 4.8107309723480052 0.51760526379100513 6.6643437601508655 -2.6091351532094911 -2.0391083273100832 13.082782581469438 -10.146151260309153 -6.6342914204739802 10.300664548147342
leaf_weight=41681 117 26 25 104 30 123 657 50 26 33 104 26 42 75 43 14397 111 50 71 114 79 3595 74 57 367 41 39 51 30
leaf_count=41681 117 26 25 104 30 123 657 50 26 33 104 26 42 75 43 14397 111 50 71 114 79 3595 74 57 367 41 39 51 30
internal_value=-0.00958378 0.596967 7.13618 0.36375 1.82956 2.32717 -0.18013 1.86453 -1.11107 2.97425 -0.704843 1.65363 0.945746 1.95726 5.79821 -0.0243689 -0.189762 0.512986 3.77707 6.81095 -1.74778 0.0906952 -2.70993 -11.4939 -0.578665 3.82648 1.83952 4.91479 -0.362086
internal_weight=62238 1481 51 1430 387 357 1043 213 109 59 830 173 234 192 69 60757 19076 4679 536 346 190 4143 548 107 441 232 191 152 81
internal_count=62238 1481 51 1430 387 357 1043 213 109 59 830 173 234 192 69 60757 19076 4679 536 346 190 4143 548 107 441 232 191 152 81
is_linear=0
shrinkage=0.0768785


Tree=226
num_leaves=30
num_cat=0
split_feature=4 7 6 5 1 8 6 4 0 8 1 8 6 4 8 8 0 8 6 0 4 5 8 6 0 8 4 2 6
split_gain=82018.2 522446 625954 503783 427071 566359 472710 376285 1.64218e+06 385926 373922 650803 453822 799718 943478 744235 596431 384998 356992 346973 323032 1.42335e+06 934032 1.00517e+06 821975 771193 757622 653591 891138
threshold=4.5000000000000009 26097.625000000004 29644.963750000006 1.0000000180025095e-35 2.5000000000000004 9860.7500000000018 13134.338750000001 2.5000000000000004 34.16328750000001 11698.510000000002 5.5000000000000009 14541.966250000003 12264.155000000001 3.5000000000000004 16422.080000000005 16328.451250000002 24.4725 9860.7500000000018 24699.125000000004 25.176275000000004 6.5000000000000009 1.0000000180025095e-35 26436.195000000003 25208.045000000002 13.309700000000001 14891.726250000002 5.5000000000000009 1.0000000180025095e-35 13831.205000000002
decision_type=2 2 2 2 2 2 2 2 2 2 2 2 2 2 2 2 2 2 2 2 2 2 2 2 2 2 2 2 2
left_child=1 2 3 4 6 -6 -1 9 10 -5 11 17 -12 14 -14 -15 -17 -9 -18 -13 21 24 23 27 25 -2 -26 -23 -29
right_child=20 -3 -4 7 5 -7 -8 8 -10 -11 12 19 13 15 -16 16 18 -19 -20 -21 -22 22 -24 -25 26 -27 -28 28 -30
leaf_value=-1.8849469371551637 3.6833892104481878 -1.0193003445644706 9.7321086367675349 -1.1347682302983162 10.54585126109677 -0.2697454373903862 -10.233101819932999 -6.3961542514566725 -17.670636183792286 0.5406420802967199 2.7992887892601623 6.1472390265281662 -3.6441763945966921 2.5093643538694801 3.3524147194199245 -10.468578148879203 -3.1775098298373496 1.30819800589529 1.457884433861028 2.5039351438242816 0.013639928372443455 -1.5971188657076845 -13.043276364626804 9.1805155724643708 2.6290802322136639 16.246656855191812 -1.6726856722720251 -9.7783948753120029 5.7026836417566216
leaf_weight=451 296 1887 42 1039 29 2158 44 40 27 3729 451 286 143 198 560 56 445 921 126 336 44050 3662 40 54 479 32 489 26 142
leaf_count=451 296 1887 42 1039 29 2158 44 40 27 3729 451 286 143 198 560 56 445 921 126 336 44050 3662 40 54 479 32 489 26 142
internal_value=-0.00884699 0.163176 0.364542 0.328901 -0.587863 -0.126329 -2.62701 0.623117 1.21771 0.175552 1.36088 2.24159 0.656407 0.0239204 1.92921 -1.59962 -2.89719 0.987517 -2.15464 4.17915 -0.054124 -0.625963 -1.35553 -1.23516 1.583 4.90907 0.455977 -1.38201 3.3068
internal_weight=62238 12968 11081 11039 2682 2187 495 8357 3589 4768 3562 1583 1979 1528 703 825 627 961 571 622 49270 5220 3924 3884 1296 328 968 3830 168
internal_count=62238 12968 11081 11039 2682 2187 495 8357 3589 4768 3562 1583 1979 1528 703 825 627 961 571 622 49270 5220 3924 3884 1296 328 968 3830 168
is_linear=0
shrinkage=0.0768785


Tree=227
num_leaves=30
num_cat=0
split_feature=0 4 8 4 6 7 8 1 6 6 7 6 6 1 8 8 6 7 2 0 4 8 5 5 0 4 5 1 0
split_gain=79978 325648 300598 164371 164415 186870 161337 284989 309506 179493 175278 284270 157805 130967 126397 119548 188269 175801 196526 105302 434878 929896 1.29536e+06 911922 838640 714190 1.47917e+06 1.38832e+06 672590
threshold=41.112212500000012 16.500000000000004 25404.773750000004 11.500000000000002 27770.640000000003 24696.675000000003 23785.500000000004 5.5000000000000009 23485.625000000004 25409.375000000004 27493.246250000004 27358.375000000004 26226.160000000003 5.5000000000000009 27354.762500000004 27071.300000000003 26671.125000000004 23482.580000000005 1.0000000180025095e-35 33.165175000000012 17.500000000000004 21012.822500000006 1.0000000180025095e-35 37.500000000000007 35.709887500000008 18.500000000000004 1.0000000180025095e-35 6.5000000000000009 34.953475000000005
decision_type=2 2 2 2 2 2 2 2 2 2 2 2 2 2 2 2 2 2 2 2 2 2 2 2 2 2 2 2 2
left_child=19 3 -3 4 5 12 7 -5 -9 -10 15 -12 13 -2 -13 17 -17 -8 -19 -1 -21 22 24 -24 -22 26 27 -23 -28
right_child=1 2 -4 6 -6 -7 10 8 9 -11 11 14 -14 -15 -16 16 -18 18 -20 20 21 25 23 -25 -26 -27 28 -29 -30
leaf_value=0.046696786986313493 0.19816188820949271 12.374085092754989 0.56743982746471189 4.5990307282524405 -3.7784532708192446 4.5732358806293316 -0.6382339571006036 -5.4767759152638371 7.5217501303239125 -1.0193047247069553 -1.0129234895020471 9.582917317732873 -3.3965858674723615 4.3135644363445564 2.792815346932191 3.5513708782611229 -1.1932355781986499 -4.9450482698519869 2.1797793224230455 -0.38063968618740074 -5.9233726027324511 -19.961314141730387 8.3449108735546851 -1.2805525997811875 4.4398405161641019 0.47676392267231837 6.1509503636146876 -2.4095971002775221 -1.8833932956842578
leaf_weight=41681 117 26 25 104 30 123 231 50 26 33 104 26 42 75 43 68 181 150 27 14397 111 50 272 74 79 3595 74 57 367
leaf_count=41681 117 26 25 104 30 123 231 50 26 33 104 26 42 75 43 68 181 150 27 14397 111 50 272 74 79 3595 74 57 367
internal_value=-0.00816684 0.550025 6.58651 0.334737 1.68786 2.14721 -0.167331 1.72014 -1.0267 2.74455 -0.651705 1.52545 0.87199 1.80574 5.3514 -1.22499 0.10248 -2.03514 -3.85821 -0.0217732 -0.17138 0.4725 3.48565 6.28629 -1.61446 0.082674 -2.50264 -10.6113 -0.535227
internal_weight=62238 1481 51 1430 387 357 1043 213 109 59 830 173 234 192 69 657 249 408 177 60757 19076 4679 536 346 190 4143 548 107 441
internal_count=62238 1481 51 1430 387 357 1043 213 109 59 830 173 234 192 69 657 249 408 177 60757 19076 4679 536 346 190 4143 548 107 441
is_linear=0
shrinkage=0.0768785


Tree=228
num_leaves=30
num_cat=0
split_feature=8 6 8 1 4 0 7 7 0 7 7 6 5 4 1 4 1 8 6 7 7 7 4 4 7 6 0 8 8
split_gain=74788.3 197401 339648 177373 223656 173472 219498 240296 158624 468139 337668 231409 284277 248005 216397 203350 434805 182986 154062 526691 269310 1.01175e+06 630363 344258 780908 179542 185887 851202 440551
threshold=10935.638750000004 11695.188750000003 11762.932500000001 11.500000000000002 3.5000000000000004 33.29898750000001 13858.077500000001 14855.645000000002 29.404350000000004 14455.19375 11933.320000000002 10620.635 22.500000000000004 4.5000000000000009 11.500000000000002 12.500000000000002 2.5000000000000004 11965.860000000002 12838.765000000001 14334.027500000002 14278.668750000001 13474.292500000001 5.5000000000000009 13.500000000000002 15362.463750000001 12326.221250000002 17.640050000000002 9860.7500000000018 9860.7500000000018
decision_type=2 2 2 2 2 2 2 2 2 2 2 2 2 2 2 2 2 2 2 2 2 2 2 2 2 2 2 2 2
left_child=3 2 5 18 -5 6 -2 -8 11 10 -10 12 -4 -13 15 16 -15 -18 20 -20 21 25 -23 24 -22 26 28 -28 -1
right_child=1 -3 8 4 -6 -7 7 -9 9 -11 -12 13 -14 14 -16 -17 17 -19 19 -21 23 22 -24 -25 -26 -27 27 -29 -30
leaf_value=-6.1711908980458192 -0.074342941399197809 -0.021906829439334422 0.68498934033613557 0.26762316499642969 5.9549659761060347 -6.0791969522474227 8.9569779466242796 0.47236297076738565 3.0065285231060237 -4.1540372446420371 13.210091374797218 3.1169795391984154 10.780622178937797 5.0349502294425506 3.6529002503524843 0.59740470392442302 -0.53384414522813706 -7.7962949478868966 6.9013674323842977 -5.0597250983102899 16.378382623835115 -20.209442382996322 -4.500090106968055 -2.3467750564016572 0.76467043416354308 -6.6532094029944098 11.764500253141293 -0.81054262820429568 -0.69496721723858468
leaf_weight=100 1507 58080 32 275 48 27 34 47 41 26 36 236 34 29 79 224 29 70 55 36 25 26 36 73 78 32 37 227 659
leaf_count=100 1507 58080 32 275 48 27 34 47 41 26 36 236 34 29 79 224 29 70 55 36 25 26 36 73 78 32 37 227 659
internal_value=-0.00753899 0.00661314 0.682435 -0.50938 1.1128 0.0313097 0.135204 4.03381 1.94029 4.7653 7.77703 1.54332 5.88577 1.11364 0.0166803 -0.799403 -3.24382 -5.66891 -0.887967 2.16951 -1.10315 -1.54356 -11.0879 1.69198 4.55441 -0.982665 -0.805288 0.951869 -1.41647
internal_weight=62238 60531 2451 1707 323 1615 1588 81 836 103 77 733 66 667 431 352 128 99 1384 91 1293 1117 62 176 103 1055 1023 264 759
internal_count=62238 60531 2451 1707 323 1615 1588 81 836 103 77 733 66 667 431 352 128 99 1384 91 1293 1117 62 176 103 1055 1023 264 759
is_linear=0
shrinkage=0.0768785


Tree=229
num_leaves=30
num_cat=0
split_feature=8 6 8 3 7 7 4 0 0 0 7 6 4 0 8 6 4 0 4 8 0 1 6 4 4 8 8 8 1
split_gain=70154.2 206830 546217 336811 515003 320882 334491 245976 250500 218073 121761 80363.7 256683 330176 583973 730085 310055 187873 133060 162082 153007 133016 130137 224794 463192 491205 465541 401088 381754
threshold=29285.471250000006 29285.971250000006 29644.963750000006 1.0000000180025095e-35 28032.125000000004 26934.638750000002 2.5000000000000004 36.034200000000006 34.445125000000004 34.588025000000009 26221.770000000004 28841.250000000004 1.0000000180025095e-35 34.665837500000009 27071.300000000003 29644.963750000006 18.500000000000004 35.031700000000008 22.500000000000004 28180.290000000005 37.497762500000007 8.5000000000000018 28032.500000000004 21.500000000000004 10.500000000000002 26334.418750000004 24479.750000000004 27620.572500000006 7.5000000000000009
decision_type=2 2 2 2 2 2 2 2 2 2 2 2 2 2 2 2 2 2 2 2 2 2 2 2 2 2 2 2 2
left_child=11 2 10 4 5 6 -3 8 -4 -8 -2 22 17 -14 15 -15 -16 -13 19 -18 21 -21 -1 24 -24 26 -26 -27 -29
right_child=1 3 7 -5 -6 -7 9 -9 -10 -11 -12 12 13 14 16 -17 18 -19 -20 20 -22 -23 23 -25 25 27 -28 28 -30
leaf_value=-0.020144856400095907 -1.148450927571655 9.9219044056167824 -1.8433100324266023 -3.1713922827300332 -3.9221403772954444 12.425218108991871 5.7839433593366509 1.1534529225750432 -11.33462783920065 -2.6844377485022739 3.5077410294652798 0.5401492617338095 1.0840162263966757 -15.321985092924178 -7.478681827806656 0.9970822375540761 2.5782010570108582 8.2527968115824866 3.5455776497500096 -0.15992278611593055 -7.5998674507000823 -6.2487106600847513 -0.81652442034088701 -1.0109454106909879 1.2410619866103159 -1.7041301980863757 14.521777533357968 2.3633398916610262 9.9864001428695719
leaf_weight=60013 47 38 27 48 38 36 32 26 42 41 113 56 200 43 42 26 53 28 43 115 27 26 310 287 26 121 39 249 46
leaf_count=60013 47 38 27 48 38 36 32 26 42 41 113 56 200 43 42 26 53 28 43 115 27 26 310 287 26 121 39 249 46
internal_value=-0.00695941 0.911188 -0.601711 2.56694 4.0558 6.11813 4.07258 -5.2193 -7.62063 1.02773 2.13998 -0.0142154 -0.858643 -1.43856 -2.78393 -9.17277 -1.34331 3.11103 -0.367233 -1.12855 -2.29794 -1.28268 -0.00510638 0.832096 1.50081 2.99431 9.20949 2.02319 3.55202
internal_weight=62238 488 255 233 185 147 111 95 69 73 160 61750 659 575 375 69 306 84 264 221 168 141 61091 1078 791 481 65 416 295
internal_count=62238 488 255 233 185 147 111 95 69 73 160 61750 659 575 375 69 306 84 264 221 168 141 61091 1078 791 481 65 416 295
is_linear=0
shrinkage=0.0768785


Tree=230
num_leaves=30
num_cat=0
split_feature=4 5 7 4 6 5 4 6 1 1 4 6 0 7 1 4 4 8 4 4 8 1 0 6 8 4 1 0 8
split_gain=96828.9 436550 444206 371948 345123 333557 1.16931e+06 1.84242e+06 4.1322e+06 1.31522e+06 989888 935368 1.6245e+06 826850 1.11399e+06 721737 1.63667e+06 1.06445e+06 1.03487e+06 1.01131e+06 1.18007e+06 978970 946217 922928 767678 764552 752533 709680 707809
threshold=4.5000000000000009 1.0000000180025095e-35 26097.625000000004 3.5000000000000004 28496.550000000003 1.0000000180025095e-35 5.5000000000000009 12529.032500000003 10.500000000000002 2.5000000000000004 5.5000000000000009 15700.810000000003 27.766275000000004 17533.960000000003 4.5000000000000009 7.5000000000000009 11.500000000000002 16468.005000000001 13.500000000000002 9.5000000000000018 15972.445000000002 4.5000000000000009 13.688512500000002 15169.450000000003 14490.441250000002 15.500000000000002 9.5000000000000018 33.838050000000017 13080.473750000003
decision_type=2 2 2 2 2 2 2 2 2 2 2 2 2 2 2 2 2 2 2 2 2 2 2 2 2 2 2 2 2
left_child=1 3 -3 4 -1 10 7 -7 9 28 -2 -11 13 14 -13 22 19 18 -18 27 21 -21 23 -12 -24 -20 -26 -17 -9
right_child=5 2 -4 -5 -6 6 -8 8 -10 11 15 12 -14 -15 -16 16 17 -19 25 20 -22 -23 24 -25 26 -27 -28 -29 -30
leaf_value=-1.2055909869986232 3.2409021428438356 0.6469309600155303 -0.85857860933010222 1.0370137001828943 3.000068772915931 -8.2521372520937089 -0.068048006124499419 -2.2522442861896663 8.4261560479329756 -7.8194528594091093 0.12452211137253896 -0.62389448386050494 -4.1998510439937178 -2.7988804160392942 13.142244306070058 1.7768381453314652 -4.8951345572487703 0.43402302959481492 1.4316659095550026 4.6462274704201203 2.6695546630914482 16.808124818174715 -6.7874226117519258 11.005005646137304 -2.6715525561742739 -1.7064665129929815 4.2916137325469013 -2.0549997980437746 6.5605282122550284
leaf_weight=2458 638 8384 1344 660 121 244 34956 93 232 247 284 64 777 84 76 859 434 5143 648 94 1123 67 223 55 609 1572 108 428 128
leaf_count=2458 638 8384 1344 660 121 244 34956 93 232 247 284 64 777 84 76 859 434 5143 648 94 1123 67 223 55 609 1572 108 428 128
internal_value=-0.00534586 0.18154 0.438933 -0.591511 -1.00827 -0.054615 -0.17013 -2.00477 -1.10862 -2.61445 0.292362 -3.58246 -2.53697 3.23114 6.84915 0.130847 0.343404 -0.211255 -1.46169 2.0255 3.55202 9.70739 -1.59221 1.88979 -2.84795 -0.790471 -1.62271 0.502536 2.85199
internal_weight=62153 12967 9728 3239 2579 49186 36901 1945 1701 1469 12285 1248 1001 224 140 11647 10368 7797 2654 2571 1284 161 1279 339 940 2220 717 1287 221
internal_count=62153 12967 9728 3239 2579 49186 36901 1945 1701 1469 12285 1248 1001 224 140 11647 10368 7797 2654 2571 1284 161 1279 339 940 2220 717 1287 221
is_linear=0
shrinkage=0.0768785


end of trees

feature_importances:
hour=2032
y_lag_1=1479
temp_weighted=906
y_lag_24h=639
month=597
y_lag_7d=559
minute=396
is_weekend=62
holiday=29

parameters:
[boosting: gbdt]
[objective: regression]
[metric: rmse]
[tree_learner: serial]
[device_type: cpu]
[data_sample_strategy: bagging]
[data: ]
[valid: ]
[num_iterations: 3000]
[learning_rate: 0.0768785]
[num_leaves: 30]
[num_threads: 0]
[seed: 0]
[deterministic: 0]
[force_col_wise: 0]
[force_row_wise: 0]
[histogram_pool_size: -1]
[max_depth: -1]
[min_data_in_leaf: 25]
[min_sum_hessian_in_leaf: 0.001]
[bagging_fraction: 0.894765]
[pos_bagging_fraction: 1]
[neg_bagging_fraction: 1]
[bagging_freq: 5]
[bagging_seed: 3]
[bagging_by_query: 0]
[feature_fraction: 0.954334]
[feature_fraction_bynode: 1]
[feature_fraction_seed: 2]
[extra_trees: 0]
[extra_seed: 6]
[early_stopping_round: 0]
[early_stopping_min_delta: 0]
[first_metric_only: 0]
[max_delta_step: 0]
[lambda_l1: 0]
[lambda_l2: 0]
[linear_lambda: 0]
[min_gain_to_split: 0]
[drop_rate: 0.1]
[max_drop: 50]
[skip_drop: 0.5]
[xgboost_dart_mode: 0]
[uniform_drop: 0]
[drop_seed: 4]
[top_rate: 0.2]
[other_rate: 0.1]
[min_data_per_group: 100]
[max_cat_threshold: 32]
[cat_l2: 10]
[cat_smooth: 10]
[max_cat_to_onehot: 4]
[top_k: 20]
[monotone_constraints: ]
[monotone_constraints_method: basic]
[monotone_penalty: 0]
[feature_contri: ]
[forcedsplits_filename: ]
[refit_decay_rate: 0.9]
[cegb_tradeoff: 1]
[cegb_penalty_split: 0]
[cegb_penalty_feature_lazy: ]
[cegb_penalty_feature_coupled: ]
[path_smooth: 0]
[interaction_constraints: ]
[verbosity: -1]
[saved_feature_importance_type: 0]
[use_quantized_grad: 0]
[num_grad_quant_bins: 4]
[quant_train_renew_leaf: 0]
[stochastic_rounding: 1]
[linear_tree: 0]
[max_bin: 255]
[max_bin_by_feature: ]
[min_data_in_bin: 3]
[bin_construct_sample_cnt: 200000]
[data_random_seed: 1]
[is_enable_sparse: 1]
[enable_bundle: 1]
[use_missing: 1]
[zero_as_missing: 0]
[feature_pre_filter: 1]
[pre_partition: 0]
[two_round: 0]
[header: 0]
[label_column: ]
[weight_column: ]
[group_column: ]
[ignore_column: ]
[categorical_feature: ]
[forcedbins_filename: ]
[precise_float_parser: 0]
[parser_config_file: ]
[objective_seed: 5]
[num_class: 1]
[is_unbalance: 0]
[scale_pos_weight: 1]
[sigmoid: 1]
[boost_from_average: 1]
[reg_sqrt: 0]
[alpha: 0.9]
[fair_c: 1]
[poisson_max_delta_step: 0.7]
[tweedie_variance_power: 1.5]
[lambdarank_truncation_level: 30]
[lambdarank_norm: 1]
[label_gain: ]
[lambdarank_position_bias_regularization: 0]
[eval_at: ]
[multi_error_top_k: 1]
[auc_mu_weights: ]
[num_machines: 1]
[local_listen_port: 12400]
[time_out: 120]
[machine_list_filename: ]
[machines: ]
[gpu_platform_id: -1]
[gpu_device_id: -1]
[gpu_use_dp: 0]
[num_gpu: 1]

end of parameters

pandas_categorical:[]
