tree
version=v4
num_class=1
num_tree_per_iteration=1
label_index=0
max_feature_idx=8
objective=regression
feature_names=temp_weighted month holiday is_weekend hour minute y_lag_24h y_lag_7d y_lag_1
feature_infos=[21.725000000000001:35.370000000000005] [1:12] none [0:1] [0:23] [0:45] [1907.7:5627.75] [1907.7:5762] [1907.7:5099.8325000000004]
tree_sizes=2879 2916 2924 2921 2924 2906 2908 2910 2910 2915 2904 2916 2915 2909 2903 2917 2887 2906 2917 2856 2837 2934 2871 2865 2939 2846 2842 2833 2826 2822 2831 2823 2833 2836 2831 2823 2831 2839 2830 2824 2824 2803 2807 2807 2810 2794 2856 2801 2852 2809 2848 2794 2814 2809 2827 2806 2810 2838 2803 2801 2806 2787 2799 2810 2821 2793 2809 2800 2818 2801 2799 2807 2821 2803 2819 2810 2821 2838 2826 2817 2810 2807 2835 2812 2809 2839 2806 2827 2818 2808 2832 2839 2824 2832 2824 2830 2837 2821 2827 2848 2820 2835 2803 2841 2845 2816 2831 2837 2852 2848 2834 2822 2830 2831 2825 2872 2837 2850 2859 2859 2833 2884 2812 2819 2854 2850 2822 2826 2855 2843 2859 2844 2847 2853 2840 2866 2828 2838 2851 2882 2817 2852 2844 2849 2844 2879 2821 2829 2847 2853 2842 2787 2858 2856 2868 2847 2837 2851 2870 2778 2841 2825 2865 2876 2845 2847 2866 2843 2836 2886 2849 2862 2853 2851 2848 2842 2871 2861 2841 2855 2854 2793 2828 2828 2855 2848 2842 2838 2882 2845 2849 2866 2853 2849 2860 2872 2840 2824 2832 2841 2858 2845 2770 2827 2803 2780 2801 2873 2832 2858 2824 2859 2863 2821 2839 2849 2869 2889 2896 2853 2857 2838 2851 2832 2836 2831 2833 2852 2837 2809 2828 2821 2851 2828 2865 2854 2847 2823 2833 2815 2838 2820 2819 2808 2875 2865 2852 2820 2844 2842 2829 2852 2816 2858 2805 2792 2825 2815 2794 2790 2855 2838 2840 2835 2843 2779 2806 2774 2757 2846 2846 2808 2812 2856 2851 2828 2801 2849 2830 2819 2813 2816 2795 2834 2862 2883 2809 2786 2793 2777 2817 2810 2735 2844 2862 2872 2770 2848 2772 2783 2796 2836

Tree=0
num_leaves=31
num_cat=0
split_feature=8 8 8 8 8 8 8 8 8 8 8 8 8 8 8 8 8 8 8 8 8 8 8 8 8 8 8 8 8 8
split_gain=9.78925e+09 1.63986e+09 1.51056e+09 2.90868e+08 2.7203e+08 2.59739e+08 2.33954e+08 4.8753e+07 3.73598e+07 3.64463e+07 3.64355e+07 3.44399e+07 3.27964e+07 3.03417e+07 2.85786e+07 9.0715e+06 7.23117e+06 5.92253e+06 5.31844e+06 4.63132e+06 4.5958e+06 4.56388e+06 4.4936e+06 4.48079e+06 4.30221e+06 4.28422e+06 3.85115e+06 3.82772e+06 3.43348e+06 3.37884e+06
threshold=3575.0112500000005 4130.0412500000011 3070.0125000000003 2781.8587500000003 3316.0412500000007 4472.2675000000008 3843.2937500000003 2563.1450000000004 4690.4250000000011 3192.3850000000007 2938.1100000000006 3443.0500000000006 3700.4412500000003 3980.2725000000005 4281.2512500000012 2425.5450000000005 2682.6250000000005 4814.6737500000008 3771.6512500000003 2870.3750000000005 3256.9525000000008 3383.2550000000006 3005.9525000000008 3129.3287500000006 3507.4550000000004 4372.7737500000012 4052.0700000000002 4584.4562500000011 3915.4400000000005 3630.0150000000008
decision_type=2 2 2 2 2 2 2 2 2 2 2 2 2 2 2 2 2 2 2 2 2 2 2 2 2 2 2 2 2 2
left_child=2 6 3 7 9 14 12 15 27 23 19 21 29 28 -3 -1 -9 -10 -14 -5 -11 -6 -12 -4 -13 -16 -15 -7 -8 -2
right_child=1 5 4 10 11 8 13 16 17 20 22 24 18 26 25 -17 -18 -19 -20 -21 -22 -23 -24 -25 -26 -27 -28 -29 -30 -31
leaf_value=3437.4411886035841 3501.6028038533873 3531.6124180115021 3476.5153517859148 3463.0184246896401 3488.8778551523005 3547.6558963725242 3515.3788127398411 3452.9494490293082 3558.8205391747888 3482.7008935262147 3470.2322035041366 3495.1972107710626 3508.2089325091883 3522.1617417410594 3537.5835555249832 3446.7065506115682 3458.2838061039711 3566.0459253644535 3511.8183030908431 3466.8583369457288 3485.7514548428853 3492.1523389839604 3473.4480564354999 3479.5318096712945 3498.5245439037585 3542.0859606229437 3525.9135284854419 3553.0681827320441 3518.7134256002928 3504.7346602143184
leaf_weight=400 1563 2317 2364 1576 2338 753 1765 1168 580 2582 1990 1937 2139 1365 1159 778 1393 555 1952 1565 2366 1953 2392 2569 1949 971 1371 577 1372 1918
leaf_count=400 1563 2317 2364 1576 2338 753 1765 1168 580 2582 1990 1937 2139 1365 1159 778 1393 555 1952 1565 2366 1953 2392 2569 1949 971 1371 577 1372 1918
internal_value=3496.24 3522.88 3477.75 3463.38 3486.71 3542.67 3512.7 3451.98 3555.69 3481.13 3469.04 3493.46 3506.9 3520.19 3535.46 3443.56 3455.85 3562.35 3509.93 3464.93 3484.16 3490.37 3471.99 3478.09 3496.87 3539.64 3524.04 3550 3516.84 3503.33
internal_weight=49677 20357 29320 11262 18058 6912 13445 3739 2465 9881 7523 8177 7572 5873 4447 1178 2561 1135 4091 3141 4948 4291 4382 4933 3886 2130 2736 1330 3137 3481
internal_count=49677 20357 29320 11262 18058 6912 13445 3739 2465 9881 7523 8177 7572 5873 4447 1178 2561 1135 4091 3141 4948 4291 4382 4933 3886 2130 2736 1330 3137 3481
is_linear=0
shrinkage=1


Tree=1
num_leaves=31
num_cat=0
split_feature=8 8 8 8 8 8 8 8 8 8 8 8 8 8 8 8 8 8 8 8 8 8 8 8 8 8 8 8 8 8
split_gain=8.83511e+09 1.50403e+09 1.34147e+09 2.62656e+08 2.45364e+08 2.3632e+08 2.0766e+08 4.006e+07 3.70514e+07 3.37173e+07 3.10673e+07 3.09213e+07 3.07198e+07 2.88082e+07 2.55924e+07 8.34871e+06 5.34509e+06 5.23517e+06 4.80297e+06 4.68559e+06 4.14109e+06 4.06389e+06 4.04426e+06 3.92521e+06 3.86651e+06 3.80258e+06 3.69393e+06 3.58796e+06 3.5242e+06 3.45452e+06
threshold=3568.9625000000001 4118.4950000000008 3070.0125000000003 2769.5450000000005 4472.2675000000008 3310.4687500000005 3820.2875000000004 2563.1450000000004 2930.2325000000005 4690.4250000000011 3970.0150000000008 3187.7650000000008 3437.0325000000007 4281.2512500000012 3687.1362500000005 2345.2987500000004 4814.6737500000008 2682.6250000000005 2999.4175000000005 2851.5150000000008 3242.0687500000004 4191.5500000000011 3377.3362500000007 3890.9100000000003 4372.7737500000012 3507.4550000000004 3757.5100000000007 3124.5075000000002 4041.9750000000004 4584.4562500000011
decision_type=2 2 2 2 2 2 2 2 2 2 2 2 2 2 2 2 2 2 2 2 2 2 2 2 2 2 2 2 2 2
left_child=2 6 3 7 13 11 14 15 19 29 23 27 22 21 -2 -1 -11 -9 -10 -5 -13 -3 -7 -8 -15 -14 -16 -4 -12 -6
right_child=1 4 5 8 9 12 10 17 18 16 28 20 25 24 26 -17 -18 -19 -20 -21 -22 -23 -24 -25 -26 -27 -28 -29 -30 -31
leaf_value=-59.461627847894434 6.2002014166565846 31.076767700410798 -18.877551618904903 -32.457507832102536 48.822167668842866 -7.2755969685496398 17.122333620672357 -41.148958629451386 -25.064065484981423 59.428576828529096 24.092647641230087 -13.354293762161724 -1.1654474691551695 39.253443154309515 10.791728500752329 -48.182259039922599 66.292695928350227 -36.43196092822884 -21.798287109821715 -28.566193565922504 -10.440541533890354 35.124356074646442 -4.1915198223712329 20.46547795685855 43.530729233715249 1.9715400269600527 13.881210105890609 -16.116912232635084 27.671909051134406 53.963837013707419
leaf_weight=197 3278 1133 2175 1370 753 2347 1752 1168 1988 580 1367 2189 2137 1159 2134 981 555 1185 2596 1777 2753 1370 1943 1760 971 1763 1770 2565 1384 577
leaf_count=197 3278 1133 2175 1370 753 2347 1752 1168 1988 580 1367 2189 2137 1159 2134 981 555 1185 2596 1777 2753 1370 1943 1760 971 1763 1770 2565 1384 577
internal_value=-0.0209243 25.0902 -17.7273 -31.243 43.7102 -9.21042 15.2602 -42.5417 -26.0826 56.4549 21.9144 -14.4984 -2.95906 36.9293 9.45747 -50.0685 62.785 -38.7734 -23.2146 -30.2602 -11.7312 33.2922 -5.87878 18.7977 41.2033 0.252632 12.1924 -17.3837 25.8933 51.0528
internal_weight=49677 20543 29134 11262 7098 17872 13445 3531 7731 2465 6263 9682 8190 4633 7182 1178 1135 2353 4584 3147 4942 2503 4290 3512 2130 3900 3904 4740 2751 1330
internal_count=49677 20543 29134 11262 7098 17872 13445 3531 7731 2465 6263 9682 8190 4633 7182 1178 1135 2353 4584 3147 4942 2503 4290 3512 2130 3900 3904 4740 2751 1330
is_linear=0
shrinkage=0.05


Tree=2
num_leaves=31
num_cat=0
split_feature=8 8 8 8 8 8 8 8 8 8 8 8 8 8 8 8 8 8 8 8 8 8 8 8 8 8 8 8 8 8
split_gain=7.97462e+09 1.31268e+09 1.25193e+09 2.55751e+08 2.1201e+08 2.11885e+08 1.83863e+08 3.96623e+07 3.47896e+07 3.28947e+07 2.99348e+07 2.66726e+07 2.48857e+07 2.26092e+07 2.06151e+07 7.67849e+06 5.86016e+06 5.54034e+06 4.45933e+06 4.4565e+06 4.41651e+06 3.98291e+06 3.95069e+06 3.69453e+06 3.64909e+06 3.23047e+06 3.13319e+06 2.95342e+06 2.74112e+06 2.67675e+06
threshold=3582.9625000000005 4130.0412500000011 3084.9900000000002 2781.8587500000003 4528.2287500000011 3332.3862500000005 3850.4000000000005 2563.1450000000004 2945.9550000000004 4325.5875000000005 3207.0187500000006 3726.0050000000006 3455.7200000000007 3988.8175000000006 4771.6762500000004 2425.5450000000005 2682.6250000000005 4229.2662500000015 3651.0112500000005 2870.3750000000005 3016.7750000000005 4657.6675000000005 3271.0300000000002 4422.5750000000016 3149.0300000000002 3395.3475000000003 3520.5025000000005 3924.6612500000006 3785.3450000000007 4063.7725000000005
decision_type=2 2 2 2 2 2 2 2 2 2 2 2 2 2 2 2 2 2 2 2 2 2 2 2 2 2 2 2 2 2
left_child=2 6 3 7 9 10 11 15 19 17 24 18 25 27 21 -1 -9 -3 -2 -5 -10 -6 -12 -11 -4 -7 -14 -8 -13 -15
right_child=1 4 5 8 14 12 13 16 20 23 22 28 26 29 -16 -17 -18 -19 -20 -21 -22 -23 -24 -25 -26 -27 -28 -29 -30 -31
leaf_value=-53.194938697814941 5.4145883501362109 30.704400137759379 -17.06529389082618 -30.011665798806902 49.075800852913972 -6.0148975114775194 17.601889543258071 -39.091509288631073 -23.079619271264839 39.417083084027382 -11.601229135354606 11.696943459429061 -0.38999156405661051 23.798685229306969 61.776982622648546 -44.670598502269442 -34.289394465745652 35.079757969784616 8.7310354372756347 -26.351122641563418 -20.025258051800314 54.619142059218341 -8.7736903139833782 43.891257211220157 -14.345197180786521 -3.1962115083875791 2.5208512147388795 20.706038625171601 14.493081501567554 27.043740644739032
leaf_weight=400 1943 1532 2563 1576 758 2133 1767 1168 2183 1158 2596 1750 1951 1384 760 778 1393 1371 2119 1760 2585 566 2357 767 2376 1942 1757 1353 1756 1175
leaf_count=400 1943 1532 2563 1576 758 2133 1767 1168 2183 1158 2596 1750 1951 1384 760 778 1393 1371 2119 1760 2585 566 2357 767 2376 1942 1757 1353 1756 1175
internal_value=-0.0198781 24.2214 -16.5752 -29.1548 41.8848 -8.14639 15.0051 -39.9721 -24.1639 36.1315 -13.0023 9.90237 -1.97463 21.8052 55.2132 -47.5651 -36.4795 32.7708 7.14466 -28.0804 -21.4237 51.4455 -10.2557 41.1998 -15.7567 -4.67161 0.989283 18.948 13.0974 25.2887
internal_weight=49677 20159 29518 11843 6912 17675 13247 3739 8104 4828 9892 7568 7783 5679 2084 1178 2561 2903 4062 3336 4768 1324 4953 1925 4939 4075 3708 3120 3506 2559
internal_count=49677 20159 29518 11843 6912 17675 13247 3739 8104 4828 9892 7568 7783 5679 2084 1178 2561 2903 4062 3336 4768 1324 4953 1925 4939 4075 3708 3120 3506 2559
is_linear=0
shrinkage=0.05


Tree=3
num_leaves=31
num_cat=0
split_feature=6 6 7 6 6 6 7 7 0 7 7 6 6 7 3 7 7 6 6 3 0 6 7 6 0 0 6 3 6 0
split_gain=6.06966e+09 9.89079e+08 7.55193e+08 2.07342e+08 1.94239e+08 1.59406e+08 1.30715e+08 7.10739e+07 5.31493e+07 5.38013e+07 4.91032e+07 4.38841e+07 4.10497e+07 3.78783e+07 3.22051e+07 3.16686e+07 2.60147e+07 2.35806e+07 2.19278e+07 1.98614e+07 1.95264e+07 2.19033e+07 1.77115e+07 1.76024e+07 1.63944e+07 1.58338e+07 1.50634e+07 1.40159e+07 1.21178e+07 1.13791e+07
threshold=3613.1812500000001 4104.505000000001 3206.2312500000003 4472.0900000000011 3319.1687500000003 3016.0012500000007 3723.3675000000007 2851.5450000000005 26.559375000000006 3554.0700000000002 3315.0300000000002 3888.7662500000001 2959.0637500000007 2795.1100000000006 1.0000000180025095e-35 3587.0875000000005 4048.6962500000004 3234.5012500000007 4693.3900000000012 1.0000000180025095e-35 25.770625000000006 2728.3100000000004 4150.8100000000013 2682.6250000000005 29.465625000000006 25.936875000000004 3472.4500000000003 1.0000000180025095e-35 3769.9700000000007 26.500625000000003
decision_type=2 2 2 2 2 2 2 2 2 2 2 2 2 2 2 2 2 2 2 2 2 2 2 2 2 2 2 2 2 2
left_child=2 6 5 16 8 13 10 14 12 -10 19 22 -4 23 -7 26 -3 -9 -5 -2 21 -15 -8 -1 -17 -16 -6 -19 -12 -24
right_child=1 3 4 18 15 7 11 17 9 -11 28 -13 -14 20 25 24 -18 27 -20 -21 -22 -23 29 -25 -26 -27 -28 -29 -30 -31
leaf_value=-38.339684577443492 7.2914775877204168 25.241565922338925 -25.224319154253376 43.942429819705303 -4.8035282495570559 -15.499650186798522 11.830451831998221 -16.778833209785773 -10.063743283671933 5.6234662993525975 6.8827088580748681 21.726432089610132 -12.701366632410686 -34.071492819983511 -19.620137996371366 2.5481723907942566 33.007674160266525 -7.7159920853444675 53.411674848792806 -8.2844573773830898 -20.427075062797332 -24.467999766372735 14.235281346691373 -29.0104577448461 12.269276561745842 -31.702652696366926 1.0612020461681653 -15.057648844709261 12.241841019776295 26.871141402734505
leaf_weight=796 302 1619 845 1355 2614 646 2713 4122 2689 686 2260 3342 2901 797 355 2155 3229 1571 1114 635 1842 2328 349 1386 543 1148 1884 1109 1978 364
leaf_count=796 302 1619 845 1355 2614 646 2713 4122 2689 686 2260 3342 2901 797 355 2155 3229 1571 1114 635 1842 2328 349 1386 543 1148 1884 1109 1978 364
internal_value=-0.0188842 21.9448 -13.9262 36.4207 -5.57159 -21.3556 13.0759 -16.9094 -11.4261 -6.87517 7.09385 17.65 -15.5262 -26.9227 -24.836 0.221847 30.4142 -14.405 48.2149 -3.26425 -24.5104 -26.9173 13.6734 -32.4138 4.50464 -28.8488 -2.34707 -10.754 9.38397 20.6861
internal_weight=49677 19260 30417 7317 14317 16100 11943 8951 7121 3375 5175 6768 3746 7149 2149 7196 4848 6802 2469 937 4967 3125 3426 2182 2698 1503 4498 2680 4238 713
internal_count=49677 19260 30417 7317 14317 16100 11943 8951 7121 3375 5175 6768 3746 7149 2149 7196 4848 6802 2469 937 4967 3125 3426 2182 2698 1503 4498 2680 4238 713
is_linear=0
shrinkage=0.05


Tree=4
num_leaves=31
num_cat=0
split_feature=6 6 7 6 6 6 7 7 7 0 7 7 6 6 3 6 7 6 7 4 3 4 6 6 4 0 6 7 6 3
split_gain=5.47787e+09 8.92644e+08 6.82934e+08 1.87922e+08 1.64617e+08 1.5083e+08 1.18289e+08 7.19998e+07 4.96428e+07 4.73631e+07 4.34769e+07 3.71911e+07 3.36041e+07 3.29195e+07 2.90651e+07 2.78151e+07 2.36898e+07 2.35222e+07 2.11988e+07 2.09774e+07 2.02714e+07 1.96364e+07 2.32984e+07 1.69e+07 1.48419e+07 1.46408e+07 1.44451e+07 1.41534e+07 1.39057e+07 1.37862e+07
threshold=3613.1812500000001 4104.505000000001 3240.8775000000005 4444.4925000000012 3016.0012500000007 3335.4600000000005 3762.1650000000004 2851.5450000000005 3348.3550000000005 27.213125000000005 3560.5350000000003 2829.6250000000005 2980.5125000000003 3888.7662500000001 1.0000000180025095e-35 3259.5012500000007 3762.1650000000004 4693.3900000000012 4048.6962500000004 7.5000000000000009 1.0000000180025095e-35 6.5000000000000009 2713.5450000000005 2682.6250000000005 6.5000000000000009 28.690625000000008 3790.9800000000005 4150.8100000000013 3479.2237500000006 1.0000000180025095e-35
decision_type=2 2 2 2 2 2 2 2 2 2 2 2 2 2 2 2 2 2 2 2 2 2 2 2 2 2 2 2 2 2
left_child=2 6 4 18 11 9 8 14 20 12 -11 23 24 27 -6 -9 28 -5 -3 -16 -2 22 -13 -1 -4 -18 -10 -8 -7 -17
right_child=1 3 5 17 7 16 13 15 26 10 -12 21 -14 -15 19 29 25 -19 -20 -21 -22 -23 -24 -25 -26 -27 -28 -29 -30 -31
leaf_value=-35.863214460506398 7.1410238024966963 23.889686815964613 -29.429010439645214 41.21089064239068 -14.724667302313788 -3.2488530674306277 11.549280680711989 -15.471825849865752 7.1747611678046228 -8.4029073510985253 6.5625676089117979 -35.192253175305702 -11.040955081673157 20.913611870350536 -14.923954218951138 -6.2798243021075164 3.7302079800176458 50.741092935284769 30.98895521831442 -30.201724454653768 -7.3872780925095256 -19.686117026357465 -23.439054769748218 -27.254561648389711 -16.172948715195552 15.799484571860106 12.695647963565058 19.651820680022574 1.9769783827406056 -13.48427533010819
leaf_weight=886 366 1604 394 1546 646 2707 2208 5004 2767 2080 633 537 2961 3119 275 1631 1085 1114 3053 1228 698 2483 1963 1599 455 327 2072 713 2403 1120
leaf_count=886 366 1604 394 1546 646 2707 2208 5004 2767 2080 633 537 2961 3119 275 1631 1085 1114 3053 1228 698 2483 1963 1599 455 327 2072 713 2403 1120
internal_value=-0.01794 20.8475 -13.2299 34.5997 -19.7222 -4.58415 12.4221 -15.4957 7.38866 -9.96013 -4.91115 -25.3273 -13.5554 17.3414 -23.5942 -13.2516 0.792662 45.2021 28.5438 -27.4064 -2.38976 -22.8356 -25.9636 -30.3239 -22.3248 6.52529 9.53874 13.5271 -0.791383 -9.21293
internal_weight=49677 19260 30417 7317 17372 13045 11943 9904 5903 6523 2713 7468 3810 6040 2149 7755 6522 2660 4657 1503 1064 4983 2500 2485 849 1412 4839 2921 5110 2751
internal_count=49677 19260 30417 7317 17372 13045 11943 9904 5903 6523 2713 7468 3810 6040 2149 7755 6522 2660 4657 1503 1064 4983 2500 2485 849 1412 4839 2921 5110 2751
is_linear=0
shrinkage=0.05


Tree=5
num_leaves=31
num_cat=0
split_feature=8 8 8 8 8 8 8 8 8 8 8 8 8 8 8 8 8 8 8 8 8 8 8 8 8 8 8 8 8 8
split_gain=5.98068e+09 9.88677e+08 9.84565e+08 2.02096e+08 1.63054e+08 1.49496e+08 1.38958e+08 3.28042e+07 2.87277e+07 2.2992e+07 2.00888e+07 1.91557e+07 1.91257e+07 1.84048e+07 1.77758e+07 5.17865e+06 4.54612e+06 4.24993e+06 4.05402e+06 3.62972e+06 3.21653e+06 3.0739e+06 2.92198e+06 2.90433e+06 2.6628e+06 2.61433e+06 2.3749e+06 2.2309e+06 2.22676e+06 1.83706e+06
threshold=3589.0900000000006 4141.7150000000011 3084.9900000000002 2757.9700000000007 3332.3862500000005 4498.9400000000014 3850.4000000000005 2938.1100000000006 2537.4000000000005 3212.2862500000006 4727.9650000000011 4325.5875000000005 3468.5150000000008 3713.0325000000007 3988.8175000000006 2345.2987500000004 2841.0100000000007 2648.6612500000006 3022.2625000000003 4229.2662500000015 3149.0300000000002 3401.2975000000006 4620.6500000000005 3785.3450000000007 3276.0187500000006 4868.6775000000007 3924.6612500000006 3658.6100000000001 4074.5275000000006 3527.7450000000003
decision_type=2 2 2 2 2 2 2 2 2 2 2 2 2 2 2 2 2 2 2 2 2 2 2 2 2 2 2 2 2 2
left_child=2 6 3 8 9 11 13 16 15 20 22 19 21 27 26 -1 -5 -10 -9 -3 -4 -6 -7 -15 -11 -12 -8 -2 -16 -14
right_child=1 5 4 7 12 10 14 18 17 24 25 -13 29 23 28 -17 -18 -19 -20 -21 -22 -23 -24 -25 -26 -27 -28 -29 -30 -31
leaf_value=-50.428408657774639 4.9610487313084084 26.882190718030717 -14.690996696030012 -27.251635288547824 -4.9385664852936699 41.283268158075316 15.224910210609981 -20.09232815212674 -35.461812376162378 -9.7015305102656377 50.70683893015687 35.458993771892821 0.12232086287418989 9.8253086443365873 20.758181870913674 -41.317970012245382 -23.589367700652254 -31.144792443337934 -17.231726990383205 30.563058291896791 -12.188939824343935 -2.3156564062158926 45.962849102119094 12.550792010250584 -7.3260007087093264 56.171802735060787 17.997999248463206 7.4849574660954037 23.671148020023828 2.4116447930584144
leaf_weight=196 1956 1338 2571 1369 2332 787 1751 2565 967 2582 568 1743 1780 2165 1551 764 2224 1389 2395 1341 2567 2144 579 1782 2172 356 1381 1585 1137 1726
leaf_count=196 1956 1338 2571 1369 2332 787 1751 2565 967 2582 568 1743 1780 2165 1551 764 2224 1389 2395 1341 2567 2144 579 1782 2172 356 1381 1585 1137 1726
internal_value=-0.0243857 21.1033 -14.2454 -25.409 -6.8324 36.749 13.2123 -21.3466 -35.8874 -11.1222 47.1184 31.3791 -1.51607 8.7079 19.0076 -43.178 -24.9848 -32.9167 -18.711 28.7247 -13.4409 -3.68219 43.2668 11.0558 -8.6162 52.8124 16.4477 6.09078 21.9903 1.24935
internal_weight=49763 20020 29743 11869 17874 6712 13308 8553 3316 9892 2290 4422 7982 7488 5820 960 3593 2356 4960 2679 5138 4476 1366 3947 4754 924 3132 3541 2688 3506
internal_count=49763 20020 29743 11869 17874 6712 13308 8553 3316 9892 2290 4422 7982 7488 5820 960 3593 2356 4960 2679 5138 4476 1366 3947 4754 924 3132 3541 2688 3506
is_linear=0
shrinkage=0.05


Tree=6
num_leaves=31
num_cat=0
split_feature=8 8 8 8 8 8 8 8 8 8 8 8 8 8 8 8 8 8 8 8 8 8 8 8 8 8 8 8 8 8
split_gain=5.39763e+09 9.07716e+08 8.74774e+08 1.64794e+08 1.59246e+08 1.3498e+08 1.30327e+08 2.59267e+07 2.39572e+07 2.34751e+07 2.13644e+07 1.89216e+07 1.83434e+07 1.55134e+07 1.44054e+07 4.67373e+06 3.85982e+06 3.77089e+06 3.59456e+06 3.44186e+06 2.73106e+06 2.64095e+06 2.63949e+06 2.45251e+06 2.36033e+06 2.2948e+06 2.21158e+06 2.20607e+06 2.18025e+06 1.97713e+06
threshold=3582.9625000000005 4141.7150000000011 3064.5312500000005 2757.9700000000007 3322.0087500000004 4472.2675000000008 3836.5275000000006 2537.4000000000005 2914.7625000000003 3183.0437500000003 4690.4250000000011 3980.2725000000005 3443.0500000000006 3694.5725000000007 4295.5550000000012 2345.2987500000004 2631.0750000000003 2987.9800000000005 3251.6712500000003 4868.6775000000007 3771.6512500000003 2829.2150000000006 3513.7012500000005 4063.7725000000005 3115.0250000000005 3924.6612500000006 3383.2550000000006 4204.0150000000003 4584.4562500000011 4389.817500000001
decision_type=2 2 2 2 2 2 2 2 2 2 2 2 2 2 2 2 2 2 2 2 2 2 2 2 2 2 2 2 2 2
left_child=2 6 3 7 9 14 13 15 21 24 28 25 26 -2 27 -1 -9 -10 -11 -12 -15 -5 -14 -13 -4 -8 -6 -3 -7 -16
right_child=1 5 4 8 12 10 11 16 17 18 19 23 22 20 29 -17 -18 -19 -20 -21 -22 -23 -24 -25 -26 -27 -28 -29 -30 -31
leaf_value=-47.906988463109855 5.2237247771691742 24.96033038893086 -15.000448810018902 -26.131463518802374 -5.2438723525713229 38.274253113179263 14.192139623146218 -34.169753099352583 -20.214346109545012 -10.17416580759812 47.40190811056442 19.350609178623028 -0.61364297320016592 8.7733878714941085 31.327426481205233 -39.252071011128855 -29.857988909519083 -17.364028148838596 -7.6226654007649373 53.36321451422873 11.361681732460147 -23.087464409503312 1.93059244677279 22.275703514946834 -12.748368170475294 16.933370233828466 -2.9167038186893413 28.105778847053639 42.309220815320437 34.580294697435598
leaf_weight=196 3132 954 2015 1171 2175 790 2143 772 2009 2788 757 1551 2172 2379 1143 764 1584 2747 2734 356 1783 1820 1921 1332 2753 1186 1924 1341 581 790
leaf_count=196 3132 954 2015 1171 2175 790 2143 772 2009 2788 757 1551 2172 2379 1143 764 1584 2747 2734 356 1783 1820 1921 1332 2753 1186 1924 1341 581 790
internal_value=-0.0231664 19.8832 -13.6453 -24.7655 -6.98893 34.9116 12.4146 -34.093 -20.773 -11.13 44.1622 17.7368 -1.78727 7.88189 29.4767 -41.0191 -31.2708 -18.568 -8.91089 49.3087 9.88221 -24.2792 0.580463 20.7021 -13.7001 15.1687 -4.15154 26.7983 39.9842 32.6568
internal_weight=49763 20218 29545 11063 18482 6712 13506 3316 7747 10290 2484 6212 8192 7294 4228 960 2356 4756 5522 1113 4162 2991 4093 2883 4768 3329 4099 2295 1371 1933
internal_count=49763 20218 29545 11063 18482 6712 13506 3316 7747 10290 2484 6212 8192 7294 4228 960 2356 4756 5522 1113 4162 2991 4093 2883 4768 3329 4099 2295 1371 1933
is_linear=0
shrinkage=0.05


Tree=7
num_leaves=31
num_cat=0
split_feature=8 8 8 8 8 8 8 8 8 8 8 8 8 8 8 8 8 8 8 8 8 8 8 8 8 8 8 8 8 8
split_gain=4.87213e+09 8.15036e+08 7.91654e+08 1.68856e+08 1.33704e+08 1.22022e+08 1.09206e+08 3.03054e+07 2.11011e+07 1.8828e+07 1.87111e+07 1.56947e+07 1.50387e+07 1.33722e+07 1.32722e+07 7.04465e+06 3.53671e+06 3.3831e+06 3.02537e+06 2.93928e+06 2.33734e+06 2.21311e+06 2.14007e+06 2.0963e+06 2.09553e+06 2.04472e+06 2.04035e+06 1.90219e+06 1.71801e+06 1.54844e+06
threshold=3596.3175000000006 3089.5350000000003 4141.7150000000011 2794.7400000000007 3338.0625000000005 4528.2287500000011 3857.9550000000004 2588.4350000000009 2967.1825000000003 4325.5875000000005 3222.0150000000008 3468.5150000000008 3726.0050000000006 4727.9650000000011 3997.9950000000003 2425.5450000000005 2713.5450000000005 2889.5650000000005 4242.8275000000003 3158.2487500000007 4422.5750000000016 3414.0875000000005 3658.6100000000001 4868.6775000000007 3800.0100000000007 3038.3912500000006 3933.2175000000002 3276.0187500000006 3534.8200000000006 4620.6500000000005
decision_type=2 2 2 2 2 2 2 2 2 2 2 2 2 2 2 2 2 2 2 2 2 2 2 2 2 2 2 2 2 2
left_child=1 3 6 7 10 9 12 15 17 18 19 21 22 29 26 -1 -9 -5 -4 -3 -11 -6 -2 -15 -14 -10 -8 -12 -13 -7
right_child=2 4 5 8 11 13 14 16 25 20 27 28 24 23 -16 -17 -18 -19 -20 -21 -22 -23 -24 -25 -26 -27 -28 -29 -30 -31
leaf_value=-43.006196217621863 4.5981358850102705 -12.999740117842286 24.466638723015787 -22.99644570160341 -4.1648289522545188 37.820333758149133 14.029822084074787 -29.855310754198651 -17.314144304791235 30.940978970763794 -8.5683938899464192 0.22038281258110329 9.3323202745019973 45.80140212690327 20.043249498220828 -35.061347138212525 -26.134007029513437 -20.010737819643484 27.863882235362674 -10.650607078887441 34.468782668817241 -1.852012466010093 6.9885377483516269 50.695054643609552 11.731807048606511 -15.137947234652163 16.596929506985646 -6.5228478480262355 2.380708657103122 41.466126863944105
leaf_weight=393 1766 2761 1536 1779 2523 586 1766 1371 2330 1151 2182 1965 2151 568 2487 962 1195 2033 1143 2572 793 1753 1993 356 1577 2011 1378 2372 1731 579
leaf_count=393 1766 2761 1536 1779 2523 586 1766 1371 2330 1151 2182 1965 2151 568 2487 962 1195 2033 1143 2572 793 1753 1993 356 1577 2011 1378 2372 1731 579
internal_value=-0.0220081 -12.7559 19.1996 -22.7902 -5.97203 33.166 12.0535 -31.3166 -18.6897 28.6342 -9.85679 -1.15409 8.09715 43.1949 17.3139 -37.3656 -28.1223 -21.4041 25.9161 -11.8668 32.38 -3.21666 5.86551 47.6868 10.3473 -16.306 15.155 -7.50295 1.23216 39.6323
internal_weight=49763 29933 19830 12074 17859 6712 13118 3921 8153 4623 9887 7972 7487 2089 5631 1355 2566 3812 2679 5333 1944 4276 3759 924 3728 4341 3144 4554 3696 1165
internal_count=49763 29933 19830 12074 17859 6712 13118 3921 8153 4623 9887 7972 7487 2089 5631 1355 2566 3812 2679 5333 1944 4276 3759 924 3728 4341 3144 4554 3696 1165
is_linear=0
shrinkage=0.05


Tree=8
num_leaves=31
num_cat=0
split_feature=8 8 8 8 8 8 8 8 8 8 8 8 8 8 8 8 8 8 8 8 8 8 8 8 8 8 8 8 8 8
split_gain=4.3971e+09 7.3557e+08 7.14755e+08 1.52421e+08 1.20667e+08 1.09856e+08 9.98548e+07 2.52007e+07 2.10658e+07 1.69396e+07 1.61302e+07 1.41644e+07 1.37168e+07 1.24843e+07 1.20684e+07 4.70299e+06 3.92099e+06 2.96597e+06 2.54806e+06 2.53258e+06 2.21084e+06 2.12232e+06 2.08775e+06 1.99734e+06 1.98015e+06 1.89191e+06 1.89063e+06 1.6592e+06 1.55143e+06 1.39747e+06
threshold=3596.3175000000006 3089.5350000000003 4165.3750000000009 2781.8587500000003 3338.0625000000005 3874.0825000000004 4528.2287500000011 2537.4000000000005 2953.0587500000006 3212.2862500000006 3739.0137500000005 3468.5150000000008 4338.3125000000009 4019.1987500000005 4727.9650000000011 2665.5050000000006 2345.2987500000004 2880.7400000000002 3680.0375000000004 3033.0862500000007 3276.0187500000006 4242.8275000000003 3149.0300000000002 3414.0875000000005 3813.4537500000001 4868.6775000000007 3942.0437500000003 4445.3162500000008 3541.7575000000006 4620.6500000000005
decision_type=2 2 2 2 2 2 2 2 2 2 2 2 2 2 2 2 2 2 2 2 2 2 2 2 2 2 2 2 2 2
left_child=1 3 5 7 9 10 12 16 17 22 18 23 21 26 29 -9 -1 -5 -2 -10 -11 -4 -3 -6 -12 -16 -7 -14 -13 -8
right_child=2 4 6 8 11 13 14 15 19 20 24 28 27 -15 25 -17 -18 -19 -20 -21 -22 -23 -24 -25 -26 -27 -28 -29 -30 -31
leaf_value=-43.361328716667337 4.703704058993071 -12.509380812979511 23.751007620548098 -22.237781473240386 -3.9565875549987108 13.755914193270158 35.929317877968018 -30.07208496515409 -16.790988550731651 -8.3111245020889299 9.3351290227089034 0.30525616725354499 29.973955293015212 19.733921513765424 43.511332525333891 -25.887482784686611 -35.433969689414141 -19.37332978505016 7.1995132028396842 -14.474435115411479 -6.196705453242938 26.670733024797187 -10.450435162556511 -1.7594118408867279 11.672300176059499 48.160302691513238 16.213628202333339 33.221722555480547 2.3833128193262638 39.392820489385997
leaf_weight=196 2356 2366 1166 1775 2523 1568 586 1158 2535 2582 2155 2157 1156 2476 568 1598 764 1841 1807 2207 2372 1335 2567 1753 1564 356 1562 596 1539 579
leaf_count=196 2356 2366 1166 1775 2523 1568 586 1158 2535 2582 2155 2157 1156 2476 568 1598 764 1841 1807 2207 2372 1335 2567 1753 1564 356 1562 596 1539 579
internal_value=-0.0209077 -12.1181 18.2396 -21.6507 -5.67343 11.7304 32.0832 -30.0759 -17.9048 -9.36395 7.92491 -1.09638 27.6861 17.081 41.0352 -27.6457 -37.0525 -20.7794 5.78704 -15.7128 -7.29873 25.3095 -11.438 -3.05583 10.318 45.3025 14.9824 31.0788 1.17055 37.6507
internal_weight=49763 29933 19830 12074 17859 13488 6342 3716 8358 9887 7882 7972 4253 5606 2089 2756 960 3616 4163 4742 4954 2501 4933 4276 3719 924 3130 1752 3696 1165
internal_count=49763 29933 19830 12074 17859 13488 6342 3716 8358 9887 7882 7972 4253 5606 2089 2756 960 3616 4163 4742 4954 2501 4933 4276 3719 924 3130 1752 3696 1165
is_linear=0
shrinkage=0.05


Tree=9
num_leaves=31
num_cat=0
split_feature=8 8 8 8 8 8 8 8 8 8 8 8 8 8 8 8 8 8 8 8 8 8 8 8 4 8 8 8 8 8
split_gain=3.96863e+09 6.74781e+08 6.33947e+08 1.4108e+08 1.09844e+08 9.54491e+07 9.0119e+07 2.66862e+07 1.65261e+07 1.53956e+07 1.34468e+07 1.27829e+07 1.23795e+07 1.12681e+07 1.09558e+07 5.84988e+06 3.44857e+06 2.36841e+06 2.21859e+06 2.21821e+06 2.08722e+06 1.92639e+06 1.8754e+06 1.72047e+06 1.62231e+06 1.57822e+06 1.56529e+06 1.53717e+06 1.49743e+06 1.47317e+06
threshold=3602.2850000000003 3094.6500000000005 4165.3750000000009 2806.0137500000005 3343.5300000000002 3874.0825000000004 4528.2287500000011 2588.4350000000009 2967.1825000000003 3227.0137500000005 3745.5450000000005 3468.5150000000008 4338.3125000000009 4008.6487500000007 4771.6762500000004 2425.5450000000005 2713.5450000000005 3163.0100000000007 3680.0375000000004 2898.5050000000006 4657.6675000000005 4255.8450000000003 3044.0062500000008 4074.5275000000006 21.500000000000004 3414.0875000000005 3295.5350000000003 3813.4537500000001 4445.3162500000008 3527.7450000000003
decision_type=2 2 2 2 2 2 2 2 2 2 2 2 2 2 2 2 2 2 2 2 2 2 2 2 2 2 2 2 2 2
left_child=1 3 5 7 9 10 12 15 19 17 18 25 21 -7 20 -1 -9 -3 -2 -5 -8 -4 -10 -15 29 -6 -11 -12 -14 -13
right_child=2 4 6 8 11 13 14 16 22 26 27 24 28 23 -16 -17 -18 -19 -20 -21 -22 -23 -24 -25 -26 -27 -28 -29 -30 -31
leaf_value=-38.886507433243381 4.6104464454430572 -11.572035603438875 22.769926597690795 -20.409005995233983 -3.6592553886588153 14.095370595740235 34.603741112935175 -26.951729260423079 -15.53200408383084 -7.3505994529699912 8.9868313497426566 0.42667828466782859 28.475257283511048 17.132398718961905 43.851959942233179 -31.646662011414207 -23.412406522803302 -9.4630963525236496 6.9211777470804954 -17.935159136842952 38.590578440580721 25.555382537841798 -13.484341525219655 19.697180701789275 -1.838556177237161 -1.6714412572032349 -5.4561105041341351 11.08868514887817 31.560636169638414 2.4863092804406732
leaf_weight=393 2159 2769 1357 1793 2320 2944 776 1371 2541 2756 1960 1598 1156 1155 744 962 1382 2564 2002 1832 569 1144 1997 1507 394 1753 1804 1564 596 1901
leaf_count=393 2159 2769 1357 1793 2320 2944 776 1371 2541 2756 1960 1598 1156 1155 744 962 1382 2564 2002 1832 569 1144 1997 1507 394 1753 1804 1564 596 1901
internal_value=-0.0198623 -11.4179 17.4723 -20.4449 -5.21547 11.2659 30.479 -28.0023 -16.6416 -8.7342 7.64698 -0.845543 26.3018 16.227 38.9834 -33.7465 -25.175 -10.5581 5.72222 -19.1588 36.2904 24.044 -14.6309 18.5844 1.20316 -2.80371 -6.60111 9.91966 29.5248 1.54567
internal_weight=49763 30130 19633 12271 17859 13291 6342 4108 8163 9893 7685 7966 4253 5606 2089 1355 2753 5333 4161 3625 1345 2501 4538 2662 3893 4073 4560 3524 1752 3499
internal_count=49763 30130 19633 12271 17859 13291 6342 4108 8163 9893 7685 7966 4253 5606 2089 1355 2753 5333 4161 3625 1345 2501 4538 2662 3893 4073 4560 3524 1752 3499
is_linear=0
shrinkage=0.05


Tree=10
num_leaves=31
num_cat=0
split_feature=8 8 8 8 8 8 8 8 8 8 8 8 8 8 8 8 8 8 8 8 8 8 8 8 8 8 8 8 4 4
split_gain=3.61016e+09 6.12755e+08 5.76458e+08 1.14431e+08 1.06939e+08 1.0236e+08 7.62958e+07 1.82193e+07 1.73891e+07 1.4978e+07 1.38521e+07 1.37926e+07 1.33065e+07 1.0342e+07 1.00136e+07 3.00827e+06 2.90145e+06 2.49925e+06 2.21009e+06 2.06329e+06 1.91166e+06 1.90438e+06 1.83411e+06 1.82662e+06 1.8146e+06 1.72721e+06 1.7216e+06 1.56492e+06 1.53534e+06 1.25722e+06
threshold=3575.0112500000005 4106.0162500000015 3064.5312500000005 2743.8325000000004 4472.2675000000008 3305.3462500000005 3828.5150000000008 2914.7625000000003 2504.5587500000006 4727.9650000000011 3437.0325000000007 4267.7437500000005 3187.7650000000008 3687.1362500000005 3959.7775000000006 2631.0750000000003 2345.2987500000004 2987.9800000000005 4584.4562500000011 2829.2150000000006 4355.6712500000003 3371.1625000000004 3751.5937500000005 3500.6900000000001 3115.0250000000005 4868.6775000000007 4191.5500000000011 3247.0225000000005 20.500000000000004 21.500000000000004
decision_type=2 2 2 2 2 2 2 2 2 2 2 2 2 2 2 2 2 2 2 2 2 2 2 2 2 2 2 2 2 2
left_child=2 6 3 8 11 12 13 19 16 18 21 26 24 28 29 -10 -1 -9 -6 -5 -13 -7 -15 -12 -4 -11 -3 -14 -2 -8
right_child=1 4 5 7 9 10 14 17 15 25 23 20 27 22 -16 -17 -18 -19 -20 -21 -22 -23 -24 -25 -26 -27 -28 -29 -30 -31
leaf_value=-39.723843840815597 4.5045353364870149 19.618645074169709 -12.264905790753893 -21.442963665219857 31.229373357253525 -4.7137850252290567 12.310350677506637 -16.437276253038249 -28.238749478409741 39.299698644365584 -0.82432635106152086 24.704745984139063 -8.3158901122566 6.7515566068293182 16.086794798988048 -24.61331127323291 -32.852737600851377 -14.119346369512588 35.030160461016152 -18.852161229728083 27.564868437838392 -2.6567428574688807 8.8637522029942719 1.2883213615208096 -10.320511731894467 43.640166040794142 22.240677823274034 -6.50019241233825 1.3540175598673112 9.1552052862188784
leaf_weight=207 2677 1374 2002 1372 786 2352 2791 1988 973 560 1948 1161 2360 1955 2742 1389 596 2802 745 1747 1176 2157 2167 2155 2995 388 1150 2387 452 356
leaf_count=207 2677 1374 2002 1372 786 2352 2791 1988 973 560 1948 1161 2360 1955 2742 1389 596 2802 745 1747 1176 2157 2167 2155 2995 388 1150 2387 452 356
internal_value=-0.00588361 16.1143 -11.2237 -20.2331 27.686 -5.78844 9.65031 -17.0179 -28.2677 36.1371 -1.81687 23.3761 -9.29862 6.21676 13.878 -26.1068 -34.624 -15.0814 33.0789 -19.9918 26.144 -3.72974 7.86197 0.28529 -11.0995 41.0762 20.8133 -7.40288 4.04943 11.9534
internal_weight=49910 20480 29430 11074 7340 18356 13140 7909 3165 2479 8612 4861 9744 7251 5889 2362 803 4790 1531 3119 2337 4509 4122 4103 4997 948 2524 4747 3129 3147
internal_count=49910 20480 29430 11074 7340 18356 13140 7909 3165 2479 8612 4861 9744 7251 5889 2362 803 4790 1531 3119 2337 4509 4122 4103 4997 948 2524 4747 3129 3147
is_linear=0
shrinkage=0.05


Tree=11
num_leaves=31
num_cat=0
split_feature=8 8 8 8 8 8 8 8 8 8 8 8 8 8 8 8 8 8 8 4 8 8 8 8 8 8 4 4 4 4
split_gain=3.25881e+09 5.54053e+08 5.16458e+08 1.22211e+08 8.70779e+07 8.3674e+07 7.04124e+07 2.10544e+07 1.57175e+07 1.40992e+07 1.25456e+07 9.93935e+06 9.46957e+06 8.53517e+06 8.36688e+06 5.26913e+06 2.61855e+06 2.26005e+06 2.09706e+06 1.70791e+06 1.70563e+06 1.69413e+06 1.69355e+06 1.65359e+06 1.65191e+06 1.59765e+06 1.43114e+06 1.49208e+06 1.41808e+06 1.43553e+06
threshold=3602.2850000000003 3100.0600000000004 4141.7150000000011 2794.7400000000007 3360.2575000000006 4528.2287500000011 3850.4000000000005 2504.5587500000006 2967.1825000000003 3227.0137500000005 4311.0400000000009 3980.2725000000005 4771.6762500000004 3487.7725000000005 3733.1750000000006 2665.5050000000006 2345.2987500000004 2880.7400000000002 4405.0625000000009 20.500000000000004 3172.8575000000005 4063.7725000000005 3295.5350000000003 3044.0062500000008 4657.6675000000005 4216.4300000000012 19.500000000000004 7.5000000000000009 19.500000000000004 12.500000000000002
decision_type=2 2 2 2 2 2 2 2 2 2 2 2 2 2 2 2 2 2 2 2 2 2 2 2 2 2 2 2 2 2
left_child=1 3 6 7 9 10 14 16 17 20 25 -8 24 28 19 -9 -1 -5 -12 -2 -3 -13 -11 -10 -7 -4 27 -16 29 -6
right_child=2 4 5 8 13 12 11 15 23 22 18 21 -14 -15 26 -17 -18 -19 -20 -21 -22 -23 -24 -25 -26 -27 -28 -29 -30 -31
leaf_value=-37.737650553385421 5.4134623485462896 -10.237845782741301 19.541036577663871 -18.924992825331103 -2.4670129969236267 31.304742129643756 11.962094551642791 -26.14724707662495 -13.997485809618485 -6.597511341887885 24.697376264856217 14.943725349643595 39.798705163925732 1.3688011162695879 7.342303620391947 -22.021247614189789 -31.210101082821019 -16.425090195650515 27.836721283712507 2.3529254392060781 -8.4005570677100998 17.348497057656157 -4.7726746099072086 -12.139092820200755 34.890662162891338 22.073951464627697 6.4916142028394406 9.8541806007827404 -4.7358805126181611 -0.41179471305247106
leaf_weight=207 3184 2983 1151 1557 2337 768 2962 1373 2610 2766 1175 1571 764 3321 909 1773 596 2156 972 532 2191 1372 2353 2211 552 1356 746 1691 436 1335
leaf_count=207 3184 2983 1151 1557 2337 768 2962 1373 2610 2766 1175 1571 764 3321 909 1773 596 2156 972 532 2191 1372 2353 2211 552 1356 746 1691 436 1335
internal_value=-0.00558945 -10.325 15.8126 -18.3937 -4.64158 27.0419 9.97756 -25.6664 -15.0283 -7.61915 23.3134 14.0069 35.3685 -0.516114 6.6084 -23.8219 -32.8928 -17.4734 26.1186 4.9753 -9.45982 16.0648 -5.75871 -13.1452 32.8043 20.9111 8.42209 8.97599 -2.03992 -1.71981
internal_weight=49910 30205 19705 12483 17722 6738 12967 3949 8534 10293 4654 5905 2084 7429 7062 3146 803 3713 2147 3716 5174 2943 5119 4821 1320 2507 3346 2600 4108 3672
internal_count=49910 30205 19705 12483 17722 6738 12967 3949 8534 10293 4654 5905 2084 7429 7062 3146 803 3713 2147 3716 5174 2943 5119 4821 1320 2507 3346 2600 4108 3672
is_linear=0
shrinkage=0.05


Tree=12
num_leaves=31
num_cat=0
split_feature=6 6 6 7 7 6 6 0 7 7 6 6 4 7 7 0 7 0 6 7 6 4 7 4 6 6 6 6 0 0
split_gain=2.41226e+09 3.87182e+08 3.15227e+08 7.48358e+07 7.03195e+07 6.83298e+07 6.14087e+07 3.03299e+07 2.7176e+07 2.58713e+07 2.3929e+07 1.52899e+07 1.49781e+07 1.10367e+07 1.09049e+07 1.05942e+07 1.05026e+07 1.09832e+07 8.87003e+06 8.24856e+06 8.12566e+06 7.96958e+06 7.20585e+06 8.23229e+06 6.91122e+06 6.2527e+06 5.72804e+06 5.56893e+06 5.55112e+06 5.12497e+06
threshold=3628.0050000000006 4190.0325000000003 3215.5087500000004 3382.1362500000005 2952.5025000000005 3913.0012500000007 4528.1125000000002 29.211875000000003 3359.0025000000005 2993.0850000000005 2906.9475000000007 2794.2987500000004 6.5000000000000009 4150.8100000000013 3966.0150000000008 26.139375000000005 3730.5412500000007 28.483125000000005 3441.0375000000004 3525.6937500000008 4337.6800000000012 14.500000000000002 2758.5300000000002 8.5000000000000018 3393.0300000000002 2682.6250000000005 3724.0400000000004 4693.3900000000012 26.211875000000003 25.158125000000002
decision_type=2 2 2 2 2 2 2 2 2 2 2 2 2 2 2 2 2 2 2 2 2 2 2 2 2 2 2 2 2 2
left_child=2 5 4 9 11 8 20 10 -2 15 12 -1 25 26 -7 -4 18 -18 -5 -9 -3 -12 23 -13 -11 -6 -10 -8 -15 -16
right_child=1 6 3 16 7 14 27 19 13 24 21 22 -14 28 29 -17 17 -19 -20 -21 -22 -23 -24 -25 -26 -27 -28 -29 -30 -31
leaf_value=-21.301025514429931 -1.9005854208034707 18.735720626170515 -6.9170937841291664 -2.9176386222427486 -25.557911924063987 11.463828185943491 28.570473143866447 -5.7169958481481382 4.5293024863068521 -6.2685594737904449 -10.842600195640916 -15.251662942835019 -12.533982813059408 8.0320687677573286 10.970363173308197 -15.529656567375282 1.5381482480423576 9.6657593566202493 1.5228230866122352 4.0047640322143456 23.323290213947647 -5.8156766527580928 -13.966063492070047 -22.276208969845111 -2.6184193928578097 -17.578243593044498 7.7146045706428978 33.725052959495308 16.668600116100684 17.131501160857709
leaf_weight=1891 905 2157 571 2053 339 2640 964 1001 2157 3619 6215 966 1700 324 405 953 1480 578 2487 279 1747 903 2237 734 2021 890 4083 1148 437 2026
leaf_count=1891 905 2157 571 2053 339 2640 964 1001 2157 3619 6215 966 1700 324 405 953 1480 578 2487 279 1747 903 2237 734 2021 890 4083 1148 437 2026
internal_value=-0.00530998 14.0193 -8.62092 -2.98405 -13.1429 9.15858 24.5042 -10.8467 6.25284 -6.5225 -11.7702 -17.6057 -15.5741 7.30681 13.6888 -12.3028 0.857929 3.82083 -0.485165 -3.59796 20.7886 -10.2049 -15.8308 -18.2846 -4.96059 -19.7793 6.61353 31.3723 12.9915 16.1051
internal_weight=49910 18993 30917 13762 17155 12977 6016 11327 7906 7164 10047 5828 2929 7001 5071 1524 6598 2058 4540 1280 3904 7118 3937 1700 5640 1229 6240 2112 761 2431
internal_count=49910 18993 30917 13762 17155 12977 6016 11327 7906 7164 10047 5828 2929 7001 5071 1524 6598 2058 4540 1280 3904 7118 3937 1700 5640 1229 6240 2112 761 2431
is_linear=0
shrinkage=0.05


Tree=13
num_leaves=31
num_cat=0
split_feature=8 8 8 8 8 8 8 8 8 8 8 8 8 8 8 8 8 8 8 8 4 8 8 4 8 8 4 4 4 8
split_gain=2.6909e+09 4.64874e+08 4.303e+08 8.13764e+07 8.00448e+07 7.91671e+07 5.92772e+07 1.4031e+07 1.16561e+07 1.1369e+07 1.06659e+07 1.05794e+07 1.03067e+07 8.12012e+06 7.83909e+06 3.3424e+06 1.71802e+06 1.66861e+06 1.52773e+06 1.45429e+06 1.44471e+06 1.42392e+06 1.41738e+06 1.36008e+06 1.35766e+06 1.35758e+06 1.32708e+06 1.3244e+06 1.31887e+06 1.28017e+06
threshold=3568.9625000000001 4106.0162500000015 3048.7387500000004 2743.8325000000004 4472.2675000000008 3295.5350000000003 3820.2875000000004 2472.5250000000005 2914.7625000000003 4727.9650000000011 3426.4487500000005 3172.8575000000005 4255.8450000000003 3942.0437500000003 3680.0375000000004 2610.7512500000007 4355.6712500000003 4620.6500000000005 2841.0100000000007 2345.2987500000004 20.500000000000004 3110.2287500000007 4868.6775000000007 19.500000000000004 2981.3850000000007 3236.5100000000007 12.500000000000002 12.500000000000002 19.500000000000004 3366.0100000000007
decision_type=2 2 2 2 2 2 2 2 2 2 2 2 2 2 2 2 2 2 2 2 2 2 2 2 2 2 2 2 2 2
left_child=2 6 3 7 12 11 14 19 18 17 29 21 -3 -8 28 -9 -14 -6 -5 -1 27 -4 -11 26 -10 -13 -16 -12 -2 -7
right_child=1 4 5 8 9 10 13 15 24 22 20 25 16 -15 23 -17 -18 -19 -20 -21 -22 -23 -24 -25 -26 -27 -28 -29 -30 -31
leaf_value=-34.81460645003019 3.7672108524603867 17.771159701840773 -10.796671681088078 -18.41244867800749 27.308161279446502 -4.2183830604435206 10.003345744885086 -25.25537597780685 -14.314137113080953 33.90587728227888 -0.47857957842123816 -7.4579934697147472 21.166942896885157 13.656507370293733 6.2221180652947687 -21.537413744729662 23.778394528473317 30.74591349449711 -16.199272669767723 -29.656316368140985 -2.5160546856267114 -9.1068038675826415 37.837820969414466 4.8603628783627499 -12.493314502522635 -5.8021468271691523 8.2668301785762157 1.4093155198927649 1.0399818904809515 -2.5167279781389666
leaf_weight=207 2610 2329 2399 1559 979 2560 2971 981 1782 560 2160 2562 1356 3117 1871 1575 1176 552 1560 402 504 2595 388 867 2406 2395 1378 1630 534 1945
leaf_count=207 2610 2329 2399 1559 979 2560 2971 981 1782 560 2160 2562 1356 3117 1871 1575 1176 552 1560 402 504 2595 388 867 2406 2395 1378 1630 534 1945
internal_value=-0.00504448 13.7931 -9.77358 -17.8923 23.9005 -5.23923 8.23511 -24.5894 -14.9915 31.2121 -1.78415 -8.29433 20.1717 11.8737 5.18388 -22.9644 22.3798 28.5476 -17.3055 -31.4096 -0.00108038 -9.91858 35.5152 6.61983 -13.2681 -6.65796 7.08934 0.333365 3.304 -3.48371
internal_weight=49910 20688 29222 10472 7340 18750 13348 3165 7307 2479 8799 9951 4861 6088 7260 2556 2532 1531 3119 609 4294 4994 948 4116 4188 4957 3249 3790 3144 4505
internal_count=49910 20688 29222 10472 7340 18750 13348 3165 7307 2479 8799 9951 4861 6088 7260 2556 2532 1531 3119 609 4294 4994 948 4116 4188 4957 3249 3790 3144 4505
is_linear=0
shrinkage=0.05


Tree=14
num_leaves=31
num_cat=0
split_feature=8 8 8 8 8 8 8 8 8 8 8 8 8 8 8 8 8 8 8 8 8 0 0 0 0 0 8 0 0 8
split_gain=2.42969e+09 4.32634e+08 3.71909e+08 9.40771e+07 6.88909e+07 5.69417e+07 5.39598e+07 1.59054e+07 1.36407e+07 1.04852e+07 8.74237e+06 8.25866e+06 7.34142e+06 5.90466e+06 5.87229e+06 2.55165e+06 2.07318e+06 2.0463e+06 1.95279e+06 1.75545e+06 1.40518e+06 1.2875e+06 1.25709e+06 1.1971e+06 1.16296e+06 1.1505e+06 1.14015e+06 1.11878e+06 958259 770518
threshold=3615.1250000000005 3100.0600000000004 4165.3750000000009 2757.9700000000007 3360.2575000000006 4555.4162500000011 3890.9100000000003 2945.9550000000004 2504.5587500000006 3222.0150000000008 4325.5875000000005 3751.5937500000005 3487.7725000000005 4031.0050000000006 4771.6762500000004 2631.0750000000003 2345.2987500000004 2860.8662500000005 3016.7750000000005 4445.3162500000008 3285.3500000000008 27.885625000000005 25.936875000000004 27.243125000000003 26.139375000000005 26.733125000000005 3158.2487500000007 25.913125000000004 25.868125000000003 4657.6675000000005
decision_type=2 2 2 2 2 2 2 2 2 2 2 2 2 2 2 2 2 2 2 2 2 2 2 2 2 2 2 2 2 2
left_child=1 3 6 8 9 10 11 17 16 26 21 24 28 25 29 -10 -1 -5 -9 -12 -11 -4 -13 -15 -2 -8 -3 -14 -6 -7
right_child=2 4 5 7 12 14 13 18 15 20 19 22 27 23 -16 -17 -18 -19 -20 -21 -22 -23 -24 -25 -26 -27 -28 -29 -30 -31
leaf_value=-33.073874999705261 3.7197058261971456 -8.9581945255367526 17.670111712688435 -17.06005933318761 -2.6375318921255007 27.477678449948627 10.576382494028289 -12.713410489038241 -23.310947682458107 -5.8162146720340111 21.923953872870982 6.8949683644641411 0.30475017498888141 13.942344884196206 34.434143026461776 -20.059690092073591 -27.265727390058892 -14.705681020972543 -10.781079013741277 24.898218393570339 -4.1884367369857154 20.098065318231999 8.7659045675322158 16.313855692359944 5.4638581430893574 12.570631161911953 -7.4443074854303664 2.0606018405972835 -1.0936696214929773 30.091855654509171
leaf_weight=207 1655 2385 1455 1753 1754 576 1718 2206 973 2567 1363 1502 1577 1509 764 1589 596 1949 3210 780 2742 874 2232 822 2262 1249 2599 2136 2354 552
leaf_count=207 1655 2385 1455 1753 1754 576 1718 2206 973 2567 1363 1502 1577 1509 764 1589 596 1949 3210 780 2742 874 2232 822 2262 1249 2599 2136 2354 552
internal_value=-0.00479224 -8.7695 13.8809 -15.9316 -3.83387 23.7782 9.01668 -13.2947 -23.0767 -6.52171 20.7019 6.33082 -0.29647 12.8954 31.0494 -21.2945 -28.763 -15.8205 -11.5681 23.0065 -4.9755 18.5812 8.01332 14.7786 4.72692 11.4159 -8.16875 1.31485 -1.75286 28.757
internal_weight=49910 30597 19313 12483 18114 6364 12949 9118 3365 10293 4472 7651 7821 5298 1892 2562 803 3702 5416 2143 5309 2329 3734 2331 3917 2967 4984 3713 4108 1128
internal_count=49910 30597 19313 12483 18114 6364 12949 9118 3365 10293 4472 7651 7821 5298 1892 2562 803 3702 5416 2143 5309 2329 3734 2331 3917 2967 4984 3713 4108 1128
is_linear=0
shrinkage=0.05


Tree=15
num_leaves=31
num_cat=0
split_feature=6 6 7 6 7 6 6 7 7 7 0 3 7 0 6 6 4 6 4 6 6 7 0 4 6 7 0 0 6 3
split_gain=1.77394e+09 2.66805e+08 2.55792e+08 6.91534e+07 4.45362e+07 4.22769e+07 3.90757e+07 2.80853e+07 1.70702e+07 1.67424e+07 1.62413e+07 1.33553e+07 1.27871e+07 1.09826e+07 1.01904e+07 9.11484e+06 8.47244e+06 8.20995e+06 8.00861e+06 9.66036e+06 6.79554e+06 6.19744e+06 5.79679e+06 5.77909e+06 5.68216e+06 5.43401e+06 5.16258e+06 4.18008e+06 4.1472e+06 3.9949e+06
threshold=3656.5675000000006 4202.9075000000012 3309.3050000000007 3063.8612500000004 3840.5200000000004 4528.1125000000002 3380.2762500000003 2945.1800000000003 2829.6250000000005 3315.0300000000002 27.243125000000003 1.0000000180025095e-35 3635.4337500000006 25.224375000000006 3288.0450000000005 3078.5637500000007 6.5000000000000009 3872.0137500000005 5.5000000000000009 2757.3775000000005 3987.0012500000007 3912.2850000000003 27.605625000000007 5.5000000000000009 2713.5450000000005 4214.0075000000006 27.385625000000008 29.665625000000006 4734.1262500000012 1.0000000180025095e-35
decision_type=2 2 2 2 2 2 2 2 2 2 2 2 2 2 2 2 2 2 2 2 2 2 2 2 2 2 2 2 2 2
left_child=2 4 3 8 9 25 10 11 24 26 15 -5 -12 -6 -9 23 -13 -11 19 -10 -15 -8 -23 -4 -1 -3 -2 -20 -7 -26
right_child=1 5 6 7 13 28 21 14 18 17 12 16 -14 20 -16 -17 -18 -19 27 -21 -22 22 -24 -25 29 -27 -28 -29 -30 -31
leaf_value=-19.950540744805313 3.7010726535480298 16.081889462338626 -15.547324357943589 -7.4141079488667021 7.176529280194309 24.887324319336869 0.98277863438162916 -7.6994536428764206 -19.517722419737346 5.0295993217773152 -3.1713070015264502 -6.9928295836200327 5.3390014542932187 10.699233337575594 -4.0291567437062898 -4.6788205704490995 -16.196396278954062 8.9840384650567291 -11.261477415449646 -12.658220177410412 14.544061713909958 2.9417703543481455 12.2518248821507 -7.6920130335851118 -13.378008310468438 19.929472300102852 -4.7114607672742075 -5.335457715702935 29.302033043894955 -18.217923779659134
leaf_weight=1000 298 1801 356 981 1163 1184 5175 4867 669 3758 1798 300 585 2306 3093 2149 1502 2017 3413 2205 2291 562 238 684 1103 1871 470 326 966 695
leaf_count=1000 298 1801 356 981 1163 1184 5175 4867 669 3758 1798 300 585 2306 3093 2149 1502 2017 3413 2205 2291 562 238 684 1103 1871 470 326 966 695
internal_value=0.00710688 12.4841 -7.12657 -10.5262 8.31096 21.3026 -1.19291 -7.78493 -13.6555 5.4884 -4.20489 -12.1085 -1.08212 11.5172 -6.27329 -6.5384 -14.6642 6.41074 -12.2703 -14.255 12.6154 1.61591 5.71151 -10.3809 -16.9292 18.0424 -1.44722 -10.7448 26.8709 -15.2488
internal_weight=49826 18125 31701 20154 12303 5822 11547 10743 9411 6543 5572 2783 2383 5760 7960 3189 1802 5775 6613 2874 4597 5975 800 1040 2798 3672 768 3739 2150 1798
internal_count=49826 18125 31701 20154 12303 5822 11547 10743 9411 6543 5572 2783 2383 5760 7960 3189 1802 5775 6613 2874 4597 5975 800 1040 2798 3672 768 3739 2150 1798
is_linear=0
shrinkage=0.05


Tree=16
num_leaves=31
num_cat=0
split_feature=8 8 8 8 8 8 8 8 8 8 8 8 8 8 8 8 8 8 8 8 0 8 0 0 8 8 0 0 8 8
split_gain=2.00943e+09 3.62459e+08 3.11599e+08 7.01426e+07 6.52358e+07 4.73109e+07 4.53322e+07 1.17204e+07 1.04948e+07 8.81999e+06 8.37767e+06 6.96045e+06 6.30245e+06 5.63972e+06 4.8345e+06 2.62373e+06 1.64989e+06 1.40748e+06 1.35055e+06 1.27883e+06 1.20349e+06 1.16944e+06 1.1425e+06 1.03963e+06 1.03949e+06 964566 898195 881324 851018 803064
threshold=3615.1250000000005 3074.7512500000007 4178.8175000000001 2743.8325000000004 3332.3862500000005 3874.0825000000004 4555.4162500000011 2922.5787500000006 2472.5250000000005 3201.7650000000008 3455.7200000000007 4355.6712500000003 4031.0050000000006 3757.5100000000007 4771.6762500000004 2610.7512500000007 2999.4175000000005 2841.0100000000007 3534.8200000000006 3129.3287500000006 27.81375000000001 3256.9525000000008 26.674375000000005 27.213125000000005 3687.1362500000005 2345.2987500000004 27.779375000000005 26.263125000000006 3390.0062500000004 4928.8850000000011
decision_type=2 2 2 2 2 2 2 2 2 2 2 2 2 2 2 2 2 2 2 2 2 2 2 2 2 2 2 2 2 2
left_child=1 3 5 8 9 13 11 17 25 19 28 20 22 24 -8 -10 -9 -5 -12 -3 -4 -11 -7 -14 -2 -1 -13 -15 -6 -16
right_child=2 4 6 7 10 12 14 16 15 21 18 26 23 27 29 -17 -18 -19 -20 -21 -22 -23 -24 -25 -26 -27 -28 -29 -30 -31
leaf_value=-30.159753501891977 3.5215841157123196 -8.8316307384407473 16.437046394397946 -15.939872875548247 -2.9856352888150157 9.3872924235039683 26.152553047292862 -12.073720953810172 -21.974903783054216 -5.852317683015551 0.015161369607620863 20.30779443753589 12.770723728053808 6.2879030650785976 30.324083322457479 -18.688596171499281 -10.230711585319638 -13.887293576976482 1.7137420253209936 -7.2346062753078435 18.675861004613935 -4.3392978515484764 11.267689813312732 14.898018181230768 5.1145889083369083 -25.894429765463482 22.568673885256747 7.9651093079028179 -1.5431135410423862 34.03007325634514
leaf_weight=200 1953 2170 1532 1596 1952 1865 1151 2152 987 2240 2337 898 1603 1487 593 1579 2787 1752 2344 2968 987 2971 1425 895 2153 393 860 1655 2147 194
leaf_count=200 1953 2170 1532 1596 1952 1865 1151 2152 987 2240 2337 898 1603 1487 593 1579 2787 1752 2344 2968 987 2971 1425 895 2153 393 860 1655 2147 194
internal_value=0.00675152 -7.96075 12.661 -14.9985 -3.74964 8.26869 21.8738 -12.5819 -21.3381 -6.4391 -0.579565 18.9993 11.6394 5.57695 28.2175 -19.9527 -11.0337 -14.8658 0.865722 -7.9091 17.3143 -4.98968 10.2018 13.5329 4.35688 -27.333 21.4138 7.17135 -2.23006 31.2376
internal_weight=49826 30575 19251 11446 19129 13036 6215 8287 3159 10349 8780 4277 5788 7248 1938 2566 4939 3348 4681 5138 2519 5211 3290 2498 4106 593 1758 3142 4099 787
internal_count=49826 30575 19251 11446 19129 13036 6215 8287 3159 10349 8780 4277 5788 7248 1938 2566 4939 3348 4681 5138 2519 5211 3290 2498 4106 593 1758 3142 4099 787
is_linear=0
shrinkage=0.05


Tree=17
num_leaves=31
num_cat=0
split_feature=8 8 8 8 8 8 8 8 8 8 8 8 8 8 8 8 8 4 4 8 4 4 8 4 8 4 8 4 4 8
split_gain=1.81352e+09 3.22553e+08 2.86145e+08 6.02044e+07 6.018e+07 4.44023e+07 4.09123e+07 1.04756e+07 8.73307e+06 8.46922e+06 7.60388e+06 6.2818e+06 5.7073e+06 5.59499e+06 4.39137e+06 1.94096e+06 1.52989e+06 1.37284e+06 1.30346e+06 1.2907e+06 1.24689e+06 1.24491e+06 1.16991e+06 1.15293e+06 1.13103e+06 1.09904e+06 1.07659e+06 1.05077e+06 1.22398e+06 1.0006e+06
threshold=3608.9025000000006 3064.5312500000005 4178.8175000000001 3327.0037500000003 2728.3100000000004 3874.0825000000004 4555.4162500000011 2907.0200000000004 2472.5250000000005 3197.0012500000007 3455.7200000000007 4355.6712500000003 4041.9750000000004 3745.5450000000005 4814.6737500000008 2610.7512500000007 2994.0125000000003 19.500000000000004 20.500000000000004 3129.3287500000006 12.500000000000002 19.500000000000004 3942.0437500000003 3.5000000000000004 2817.5200000000004 2.5000000000000004 3256.9525000000008 19.500000000000004 8.5000000000000018 4690.4250000000011
decision_type=2 2 2 2 2 2 2 2 2 2 2 2 2 2 2 2 2 2 2 2 2 2 2 2 2 2 2 2 2 2
left_child=1 4 5 9 8 13 11 24 -1 19 21 25 22 17 29 -10 -9 23 20 -3 -12 -5 -7 -2 -6 -4 -11 28 -15 -8
right_child=2 3 6 10 7 12 14 16 15 26 18 -13 -14 27 -16 -17 -18 -19 -20 -21 -22 -23 -24 -25 -26 -27 -28 -29 -30 -31
leaf_value=-25.966338088500358 1.8880291037971337 -8.4792795162183427 13.465177043568005 -1.9049066718409602 -15.525719365356975 8.7607968755470704 24.041504552504598 -11.68499025277454 -20.876158302871413 -5.609468207815258 0.28948911699346302 20.343109248468359 12.997945279450398 5.6987097775750826 30.399883805999497 -17.974027168406227 -9.9181611520245134 1.9545331455142003 -1.4771029481575604 -6.9248396753144279 2.0834395272619917 -4.8209904538522856 10.601794242467637 4.7287813267583223 -13.61910978867127 16.814159857865537 -4.1700010128982434 5.0747521545395955 7.9144540860029782 26.792512680001281
leaf_weight=593 410 2582 275 3891 1384 1548 765 2349 987 2442 2177 1758 2290 965 591 1384 2561 727 567 2766 1745 404 1950 2772 1776 2244 2775 806 1760 582
leaf_count=593 410 2582 275 3891 1384 1548 765 2349 987 2442 2177 1758 2290 965 591 1384 2561 727 567 2766 1745 404 1950 2772 1776 2244 2775 806 1760 582
internal_value=0.00641396 -7.62438 11.9308 -3.73399 -14.4465 7.77311 20.7801 -12.2086 -20.5394 -6.27711 -0.675247 18.0494 11.0574 5.21803 26.8067 -19.1821 -10.7634 3.91487 0.763712 -7.67532 1.08766 -2.1792 9.78708 4.36275 -14.4542 16.4486 -4.84379 6.6607 7.1298 25.2301
internal_weight=49826 30383 19443 19349 11034 13228 6215 8070 2964 10565 8784 4277 5788 7440 1938 2371 4910 3909 4489 5348 3922 4295 3498 3182 3160 2519 5217 3531 2725 1347
internal_count=49826 30383 19443 19349 11034 13228 6215 8070 2964 10565 8784 4277 5788 7440 1938 2371 4910 3909 4489 5348 3922 4295 3498 3182 3160 2519 5217 3531 2725 1347
is_linear=0
shrinkage=0.05


Tree=18
num_leaves=31
num_cat=0
split_feature=6 6 7 6 6 7 6 3 6 7 0 3 7 4 7 3 7 6 6 6 0 6 7 6 4 7 0 4 0 3
split_gain=1.30058e+09 2.68507e+08 1.26265e+08 5.46969e+07 3.35267e+07 3.30223e+07 2.57558e+07 1.45516e+07 1.26851e+07 1.19104e+07 1.17923e+07 1.07804e+07 1.00807e+07 8.3272e+06 8.26636e+06 7.60041e+06 7.23826e+06 7.10039e+06 7.0079e+06 6.73205e+06 6.61351e+06 5.85474e+06 5.8486e+06 5.13754e+06 5.12392e+06 4.22944e+06 5.57812e+06 5.20285e+06 3.5141e+06 3.47236e+06
threshold=3532.4575000000004 4050.4637500000003 3166.8725000000004 4444.4925000000012 3186.3125000000005 3587.0875000000005 2922.1737500000004 1.0000000180025095e-35 3834.5475000000001 3620.5075000000002 26.111875000000005 1.0000000180025095e-35 2758.5300000000002 5.5000000000000009 3454.0100000000007 1.0000000180025095e-35 4038.1475000000005 2816.6700000000005 3156.8725000000004 2563.1450000000004 29.211875000000003 4623.0900000000011 3269.5100000000007 3393.0300000000002 7.5000000000000009 4038.1475000000005 26.035625000000007 13.500000000000002 25.248125000000005 1.0000000180025095e-35
decision_type=2 2 2 2 2 2 2 2 2 2 2 2 2 2 2 2 2 2 2 2 2 2 2 2 2 2 2 2 2 2
left_child=2 5 6 16 10 11 13 18 25 23 17 -2 24 19 -12 -15 -3 -4 -8 -1 29 -5 -13 -6 -9 -7 -27 -28 -18 -11
right_child=1 3 4 21 9 8 7 12 -10 20 14 22 -14 15 -16 -17 28 -19 -20 -21 -22 -23 -24 -25 -26 26 27 -29 -30 -31
leaf_value=-20.069904293733487 3.4284803231859584 11.119706615049534 -15.12610862618156 19.398991312087869 -3.8526139450864232 4.1568522438006337 -8.6028322979147038 -7.8902226660818258 8.6395287598629924 1.1511718490051901 -6.0696913374294201 -5.0681942830034288 -9.4009739451521206 -9.1167230239744672 0.32341189780156643 -17.141111586204342 10.29703778426097 -8.0167715110882174 -4.9701119205770636 -13.843211656465073 6.41145349488552 24.09191290089079 0.62683424425025525 -0.95814707899210794 -16.225149714980329 3.8023026495845174 0.82877145397035701 13.78586675284874 15.38168188239662 -4.8742332306305576
leaf_weight=527 2386 2093 417 1159 4015 4066 3405 223 3988 1178 1947 747 2684 1506 683 367 381 2226 2176 2462 536 1558 1137 2480 1065 456 95 420 3143 300
leaf_count=527 2386 2093 417 1159 4015 4066 3405 223 3988 1178 1947 747 2684 1506 683 367 381 2226 2176 2462 536 1558 1137 2480 1065 456 95 420 3143 300
internal_value=0.00609326 9.22955 -7.06892 16.2659 -3.64706 4.8188 -10.3405 -8.83274 6.53284 -1.70574 -6.77977 1.19605 -11.1459 -13.303 -4.40943 -10.689 13.4487 -9.13845 -7.18646 -14.9411 1.6536 22.09 -1.63123 -2.74741 -14.7821 4.86488 7.82971 11.3957 14.832 -0.0718468
internal_weight=49826 21629 28197 8334 13782 13295 14415 9553 9025 8509 5273 4270 3972 4862 2630 1873 5617 2643 5581 2989 2014 2717 1884 6495 1288 5037 971 515 3524 1478
internal_count=49826 21629 28197 8334 13782 13295 14415 9553 9025 8509 5273 4270 3972 4862 2630 1873 5617 2643 5581 2989 2014 2717 1884 6495 1288 5037 971 515 3524 1478
is_linear=0
shrinkage=0.05


Tree=19
num_leaves=31
num_cat=0
split_feature=8 8 8 8 8 8 8 8 8 8 8 8 8 8 8 8 8 8 0 8 0 0 8 8 8 0 8 8 0 1
split_gain=1.49805e+09 2.78e+08 2.29238e+08 5.25222e+07 5.11151e+07 3.57505e+07 3.2055e+07 8.78108e+06 7.67491e+06 7.47511e+06 6.40832e+06 4.75179e+06 4.7384e+06 4.39699e+06 3.7958e+06 1.65628e+06 1.29982e+06 1.09098e+06 1.06674e+06 998233 990492 965675 934879 929437 894990 871093 860645 855925 747306 735890
threshold=3622.5675000000006 3064.5312500000005 4191.5500000000011 3332.3862500000005 2728.3100000000004 3883.0225000000005 4555.4162500000011 2907.0200000000004 2472.5250000000005 3192.3850000000007 3468.5150000000008 4041.9750000000004 4389.817500000001 3778.5500000000006 4814.6737500000008 2610.7512500000007 2981.3850000000007 3256.9525000000008 27.81375000000001 3129.3287500000006 25.675625000000007 26.763125000000006 2829.2150000000006 3687.1362500000005 3390.0062500000004 27.213125000000005 2345.2987500000004 4690.4250000000011 27.81375000000001 5.5000000000000009
decision_type=2 2 2 2 2 2 2 2 2 2 2 2 2 2 2 2 2 2 2 2 2 2 2 2 2 2 2 2 2 2
left_child=1 4 5 9 8 13 12 22 26 19 24 21 18 23 27 -10 -9 -11 -4 -3 -12 -7 -6 -2 -5 -13 -1 -8 -14 -22
right_child=2 3 6 10 7 11 14 16 15 17 20 25 28 -15 -16 -17 -18 -19 -20 -21 29 -23 -24 -25 -26 -27 -28 -29 -30 -31
leaf_value=-26.547673706054692 3.101120334048769 -7.6884500928419364 14.532166825687751 -2.5785625772512533 -14.024351377433099 8.2544169599178687 21.823058721006305 -10.782907496708905 -19.082466068287147 -5.0964391283521344 -0.065914346770399049 11.162817463793125 17.877839774296202 6.5339016695303789 27.728817653494641 -16.401593594192772 -9.1231458796935829 -3.6990430516503361 16.545135601806642 -6.2967535652788023 0.8471170403440903 9.9862779499130916 -12.304312253346962 4.5721370031763708 -1.1542970374012469 13.103708426401363 -22.518667002670639 24.367424308803074 20.220271206199197 2.5189897774372225
leaf_weight=200 1765 2582 1586 1952 1587 1916 765 1970 987 2636 1668 1576 725 2747 591 1384 2940 2971 1125 2572 1761 1388 1573 2742 2536 913 393 582 642 1051
leaf_count=200 1765 2582 1586 1952 1587 1916 765 1970 987 2636 1668 1576 725 2747 591 1384 2940 2971 1125 2572 1761 1388 1573 2742 2536 913 393 582 642 1051
internal_value=0.00578859 -6.81896 11.0192 -3.26435 -13.1747 7.29605 19.0938 -11.1122 -18.79 -5.61945 -0.438377 10.2249 16.5778 4.95711 24.3881 -17.5176 -9.78908 -4.356 15.3675 -6.99395 0.899394 8.98197 -13.1681 3.99607 -1.77376 11.8748 -23.8775 22.9224 18.9779 1.47199
internal_weight=49826 30763 19063 19729 11034 13047 6016 8070 2964 10761 8968 5793 4078 7254 1938 2371 4910 5607 2711 5154 4480 3304 3160 4507 4488 2489 593 1347 1367 2812
internal_count=49826 30763 19063 19729 11034 13047 6016 8070 2964 10761 8968 5793 4078 7254 1938 2371 4910 5607 2711 5154 4480 3304 3160 4507 4488 2489 593 1347 1367 2812
is_linear=0
shrinkage=0.05


Tree=20
num_leaves=31
num_cat=0
split_feature=8 8 8 8 8 8 8 8 8 8 8 8 8 8 8 8 8 6 0 0 6 8 0 6 8 0 8 0 8 0
split_gain=1.34027e+09 2.41338e+08 2.12326e+08 4.19384e+07 3.99966e+07 3.70986e+07 3.07299e+07 6.74642e+06 6.15325e+06 6.00799e+06 5.66471e+06 5.08722e+06 4.80946e+06 4.3736e+06 3.91779e+06 1.44862e+06 1.261e+06 943838 910999 902026 867719 854480 788309 779841 750823 748496 738171 722712 692968 687358
threshold=3555.6875000000005 4094.7875000000008 3044.0062500000008 4472.2675000000008 2728.3100000000004 3285.3500000000008 3806.5837500000002 2472.5250000000005 2898.5050000000006 4267.7437500000005 4690.4250000000011 3163.0100000000007 3420.0250000000005 3933.2175000000002 3666.3525000000004 2610.7512500000007 4868.6775000000007 3341.0187500000006 27.313125000000003 27.350625000000004 3546.6200000000003 2975.0950000000007 26.701875000000005 3273.4125000000008 2345.2987500000004 25.338125000000002 2806.0137500000005 27.885625000000005 3366.0100000000007 25.360625000000002
decision_type=2 2 2 2 2 2 2 2 2 2 2 2 2 2 2 2 2 2 2 2 2 2 2 2 2 2 2 2 2 2
left_child=2 6 4 9 7 11 14 24 26 18 27 -4 28 20 23 -9 -12 -16 -3 -11 -8 -10 -15 -2 -1 -14 -6 -5 -7 -19
right_child=1 3 5 10 8 12 13 15 21 19 16 -13 25 22 17 -17 -18 29 -20 -21 -22 -23 -24 -25 -26 -27 -28 -29 -30 -31
leaf_value=-25.183488157646142 4.5577918064071419 11.820395385111134 -7.1236102266680481 18.890446807065945 -13.559352976395349 -3.0397361029846119 9.1651347610976668 -18.072591289598115 -10.40635049512183 14.960329722898331 23.593381792906101 -4.8423973627424211 -1.2339888077373333 8.8352977193267659 7.2054775271855354 -15.5579153777899 27.16547442859785 3.1090111226719972 13.703896768723823 16.950326376195381 6.5682905684514381 -8.9904305268143911 10.447296186928329 1.814131715598597 -21.352610352585437 0.22936682415656834 -11.94751055075044 21.200699021544636 -1.7861360996313949 4.6165838853531165
leaf_weight=199 285 1614 4777 729 1186 2942 364 980 1946 1037 756 5004 1267 1790 282 1378 367 1037 1066 1263 2767 2355 1316 2838 358 2816 1771 632 1763 2791
leaf_count=199 285 1614 4777 729 1186 2942 364 980 1946 1037 756 5004 1267 1790 282 1378 367 1037 1066 1263 2767 2355 1316 2838 358 2816 1771 632 1763 2791
internal_value=-0.00990373 9.61343 -7.01898 16.8254 -12.8251 -3.83813 5.61713 -17.7721 -10.8382 14.1784 22.1322 -5.95653 -1.48036 8.18894 3.39947 -16.603 24.7608 4.41384 12.5696 16.0531 6.87019 -9.63107 9.5183 2.06451 -22.7213 -0.224729 -12.594 19.9632 -2.57 4.20818
internal_weight=49676 20934 28742 7464 10173 18569 13470 2915 7258 4980 2484 9781 8788 6237 7233 2358 1123 4110 2680 2300 3131 4301 3106 3123 557 4083 2957 1361 4705 3828
internal_count=49676 20934 28742 7464 10173 18569 13470 2915 7258 4980 2484 9781 8788 6237 7233 2358 1123 4110 2680 2300 3131 4301 3106 3123 557 4083 2957 1361 4705 3828
is_linear=0
shrinkage=0.05


Tree=21
num_leaves=31
num_cat=0
split_feature=6 6 7 6 6 7 6 3 4 7 6 3 7 7 4 4 6 3 6 6 7 3 6 6 4 7 7 6 4 4
split_gain=9.39148e+08 1.70526e+08 1.09356e+08 3.93545e+07 3.14309e+07 2.04431e+07 1.95081e+07 1.09548e+07 9.51739e+06 8.24354e+06 7.9703e+06 7.35923e+06 7.31389e+06 7.15604e+06 6.07556e+06 6.05261e+06 5.20766e+06 5.19784e+06 4.90054e+06 4.8543e+06 4.56148e+06 4.41484e+06 4.29909e+06 3.82388e+06 3.79493e+06 3.3112e+06 2.82452e+06 2.7593e+06 2.75291e+06 2.84247e+06
threshold=3586.7187500000005 4050.4637500000003 3166.8725000000004 4422.2587500000009 3245.2362500000004 3594.7762500000003 2937.6225000000004 1.0000000180025095e-35 4.5000000000000009 3573.4800000000005 3834.5475000000001 1.0000000180025095e-35 3467.0137500000005 2986.7600000000007 6.5000000000000009 5.5000000000000009 4623.0900000000011 1.0000000180025095e-35 2631.0750000000003 3282.9225000000006 4048.6962500000004 1.0000000180025095e-35 2914.3150000000005 3417.7750000000005 20.500000000000004 3269.5100000000007 4150.8100000000013 3282.9225000000006 9.5000000000000018 21.500000000000004
decision_type=2 2 2 2 2 2 2 2 2 2 2 2 2 2 2 2 2 2 2 2 2 2 2 2 2 2 2 2 2 2
left_child=2 5 6 20 8 11 15 19 22 23 26 -2 -10 14 -9 18 -5 -17 -1 -8 -3 28 -4 -6 -14 -13 -7 -16 -11 -30
right_child=1 3 4 16 9 10 7 13 12 21 -12 25 24 -15 27 17 -18 -19 -20 -21 -22 -23 -24 -25 -26 -27 -28 -29 29 -31
leaf_value=-15.966950294275955 3.4103086727948475 9.5621405226333831 -14.012844819288986 16.303077220515782 -2.944062568561078 3.8694466638196716 -6.6012280629851618 -6.7991474524093789 -5.4830450296646012 -0.18264887052234036 7.4718213949364731 -4.0174252731073059 0.076813162905947502 -6.6520097491976831 -13.789263569130345 -7.8504944741059539 20.579655659160082 -14.379760567748802 -11.445573689120863 -2.5589430154543225 12.534457971991564 -2.7494499541064652 -7.4419928857656288 -0.368049751838603 -7.6674956069518165 0.62585624891864933 7.6916286395058906 -9.7284904416478231 4.3997333360603754 -1.2720489725102264
leaf_weight=809 1902 2146 351 1323 3293 3744 4513 640 3908 739 3961 628 1058 1505 1257 1610 1541 376 2312 889 3239 516 856 2561 186 988 555 627 1380 263
leaf_count=809 1902 2146 351 1323 3293 3744 4513 640 3908 739 3961 628 1058 1505 1257 1610 1541 376 2312 889 3239 516 856 2561 186 988 555 627 1380 263
internal_value=-0.00940854 8.35549 -5.65965 13.8686 -2.68119 4.49429 -8.75549 -7.40768 -5.35642 -0.73743 5.85375 1.30239 -4.42015 -9.38089 -11.0081 -11.2445 18.6041 -9.08665 -12.6176 -5.93599 11.3499 1.44354 -9.35282 -1.81711 -1.0811 -1.17859 4.36289 -12.4378 2.35185 3.49183
internal_weight=49676 20027 29649 8249 15111 11778 14538 9431 6359 8752 8260 3518 5152 4029 2524 5107 2864 1986 3121 5402 5385 2898 1207 5854 1244 1616 4299 1884 2382 1643
internal_count=49676 20027 29649 8249 15111 11778 14538 9431 6359 8752 8260 3518 5152 4029 2524 5107 2864 1986 3121 5402 5385 2898 1207 5854 1244 1616 4299 1884 2382 1643
is_linear=0
shrinkage=0.05


Tree=22
num_leaves=31
num_cat=0
split_feature=8 8 8 8 8 8 8 8 8 8 8 8 8 8 8 8 4 8 4 4 4 4 4 4 4 4 4 4 4 8
split_gain=1.10803e+09 2.00368e+08 1.78407e+08 3.47969e+07 3.47915e+07 2.9552e+07 2.54693e+07 6.00373e+06 5.54675e+06 5.40016e+06 4.45976e+06 4.12684e+06 3.83158e+06 3.48817e+06 3.3336e+06 1.25806e+06 1.12011e+06 1.0932e+06 1.07958e+06 1.07421e+06 1.04791e+06 1.0277e+06 945245 934815 920305 895917 1.28795e+06 888629 845298 794788
threshold=3555.6875000000005 4094.7875000000008 3048.7387500000004 4445.3162500000008 2728.3100000000004 3280.3837500000004 3813.4537500000001 2472.5250000000005 4690.4250000000011 2898.5050000000006 4255.8450000000003 3390.0062500000004 3167.5200000000004 3666.3525000000004 3959.7775000000006 2588.4350000000009 19.500000000000004 4868.6775000000007 19.500000000000004 19.500000000000004 19.500000000000004 12.500000000000002 2.5000000000000004 3.5000000000000004 2.5000000000000004 19.500000000000004 3.5000000000000004 19.500000000000004 3.5000000000000004 2975.0950000000007
decision_type=2 2 2 2 2 2 2 2 2 2 2 2 2 2 2 2 2 2 2 2 2 2 2 2 2 2 2 2 2 2
left_child=2 6 4 10 7 12 13 -1 23 -6 -3 18 -4 27 25 -9 24 -10 -7 21 -14 -13 -12 -5 -15 26 -8 28 -2 -11
right_child=1 3 5 8 9 11 14 15 17 29 22 19 20 16 -16 -17 -18 -19 -20 -21 -22 -23 -24 -25 -26 -27 -28 -29 -30 -31
leaf_value=-20.926434701477817 -0.024412968273541072 11.302399900577122 -6.3766453674816805 14.904375035861671 -11.474284910808999 -2.3654113530911789 4.6468936880566103 -16.78807263847526 21.478658165502804 -9.4840330808037727 11.430969768400617 -0.76996576620861046 -4.2008428182855244 1.8854884855041936 8.8916572351459457 -14.338135037895379 2.4997407713956377 24.804602416659574 -5.6475686413647965 -2.3290480417169301 -8.0025681798420258 0.78909760103936655 14.704510176662803 18.444463490073318 4.7389593734551463 5.2055333709654388 7.5382290717289795 0.006049819516116068 2.6082259737088336 -8.1421826070035017
leaf_weight=557 353 2494 4777 217 2957 3651 473 786 756 1946 247 2660 4426 311 2537 1572 906 367 269 649 189 1754 2057 1326 3091 955 2074 532 2238 2549
leaf_count=557 353 2494 4777 217 2957 3651 473 786 756 1946 247 2660 4426 311 2537 1572 906 367 269 649 189 1754 2057 1326 3091 955 2074 532 2238 2549
internal_value=-0.00893811 8.74101 -6.38189 15.3124 -11.6264 -3.423 5.09969 -16.2576 19.8923 -9.81479 12.7676 -1.37269 -5.38401 3.1397 7.51146 -15.1548 4.06204 22.5656 -2.59064 -0.429703 -4.35654 -0.150438 14.3536 17.9466 4.4781 6.51158 7.00128 1.86737 2.24955 -8.7231
internal_weight=49676 20934 28742 7464 10367 18375 13470 2915 2666 7452 4798 8983 9392 7431 6039 2358 4308 1123 3920 5063 4615 4414 2304 1543 3402 3502 2547 3123 2591 4495
internal_count=49676 20934 28742 7464 10367 18375 13470 2915 2666 7452 4798 8983 9392 7431 6039 2358 4308 1123 3920 5063 4615 4414 2304 1543 3402 3502 2547 3123 2591 4495
is_linear=0
shrinkage=0.05


Tree=23
num_leaves=31
num_cat=0
split_feature=8 8 8 8 8 8 8 8 8 8 8 8 8 8 8 8 4 4 4 8 4 4 4 4 4 8 0 4 4 4
split_gain=1.00013e+09 1.84262e+08 1.55899e+08 3.85755e+07 2.91779e+07 2.55249e+07 2.10769e+07 6.28279e+06 6.12853e+06 3.99857e+06 3.94939e+06 3.80085e+06 3.76804e+06 2.48167e+06 2.17338e+06 1.21269e+06 1.13702e+06 1.13327e+06 1.08543e+06 1.05898e+06 953460 906077 1.18802e+06 888450 887824 881722 861560 852382 942549 822919
threshold=3615.1250000000005 3089.5350000000003 4191.5500000000011 2757.9700000000007 3332.3862500000005 3898.6950000000002 4584.4562500000011 2504.5587500000006 2945.9550000000004 3481.7637500000005 3764.4675000000002 4389.817500000001 3201.7650000000008 4063.7725000000005 4814.6737500000008 2648.6612500000006 19.500000000000004 19.500000000000004 19.500000000000004 2345.2987500000004 3.5000000000000004 2.5000000000000004 19.500000000000004 19.500000000000004 3.5000000000000004 2851.5150000000008 27.925625000000007 19.500000000000004 12.500000000000002 8.5000000000000018
decision_type=2 2 2 2 2 2 2 2 2 2 2 2 2 2 2 2 2 2 2 2 2 2 2 2 2 2 2 2 2 2
left_child=1 3 5 7 12 10 11 19 25 16 17 26 -3 21 -8 -9 29 20 -14 -1 -2 -7 -23 24 -12 -5 -4 28 -11 -6
right_child=2 4 6 8 9 13 14 15 -10 27 23 -13 18 -15 -16 -17 -18 -19 -20 -21 -22 22 -24 -25 -26 -27 -28 -29 -30 -31
leaf_value=-22.217063236715806 1.3173521426080714 -5.4387048258926818 11.908311506413526 -11.14096440217341 -1.930547874366229 5.3642270493766544 19.122195598996921 -15.063869883738409 -7.5572009889926539 0.3609270340805073 3.7468598902958892 15.76123226454613 -3.3041123658984777 9.8973188832599419 22.935998449308254 -12.885196061741471 -3.7212859072910356 1.4577930067156899 -6.6432886919938028 -17.956477736029434 3.8040103115266803 8.8125288890178997 6.7507191793728865 3.9174000268009479 6.1875103149711155 -9.5834065239191286 13.73172033246593 -0.94251520588675941 2.0690988765336584 -0.54260355858734621
leaf_weight=199 442 4563 1610 1578 1837 368 1160 1176 4941 1883 447 1532 4932 2116 551 1398 466 860 256 546 3015 1766 1156 839 2239 2142 1084 609 1414 2551
leaf_count=199 442 4563 1610 1578 1837 368 1160 1176 4941 1883 447 1532 4932 2116 551 1398 466 860 256 546 3015 1766 1156 839 2239 2142 1084 609 1414 2551
internal_value=-0.0084912 -5.63606 8.93548 -10.4676 -2.50914 5.91817 15.6684 -15.0509 -8.71126 -0.414769 4.09595 13.7728 -4.39066 8.56151 20.3504 -13.8806 -1.37304 3.08202 -3.46888 -19.0945 3.48607 7.70237 7.99684 5.3377 5.78134 -10.2441 12.642 0.776073 1.09352 -1.12365
internal_weight=49676 30491 19185 11980 18511 13248 5937 3319 8661 8760 7842 4226 9751 5406 1711 2574 4854 4317 5188 745 3457 3290 2922 3525 2686 3720 2694 3906 3297 4388
internal_count=49676 30491 19185 11980 18511 13248 5937 3319 8661 8760 7842 4226 9751 5406 1711 2574 4854 4317 5188 745 3457 3290 2922 3525 2686 3720 2694 3906 3297 4388
is_linear=0
shrinkage=0.05


Tree=24
num_leaves=31
num_cat=0
split_feature=6 6 7 6 6 7 6 7 3 0 7 7 0 4 4 6 7 3 6 6 3 6 6 6 0 3 3 0 6 0
split_gain=6.84475e+08 1.24574e+08 7.95672e+07 2.87814e+07 2.32586e+07 1.50076e+07 1.39447e+07 8.08041e+06 8.01197e+06 6.92829e+06 5.51621e+06 5.22135e+06 4.87011e+06 4.48572e+06 4.44949e+06 4.31601e+06 3.95771e+06 3.84932e+06 3.82464e+06 3.71739e+06 3.67954e+06 3.6047e+06 3.53825e+06 3.50882e+06 3.21656e+06 2.95133e+06 2.67983e+06 2.40032e+06 2.10695e+06 2.07326e+06
threshold=3586.7187500000005 4050.4637500000003 3166.8725000000004 4422.2587500000009 3181.6100000000006 3698.6987500000005 2937.6225000000004 3560.5350000000003 1.0000000180025095e-35 26.164375000000003 3348.3550000000005 2998.6000000000004 29.465625000000006 5.5000000000000009 6.5000000000000009 3834.5475000000001 3467.0137500000005 1.0000000180025095e-35 4623.0900000000011 3405.1750000000006 1.0000000180025095e-35 3156.8725000000004 2816.6700000000005 2631.0750000000003 25.446875000000006 1.0000000180025095e-35 1.0000000180025095e-35 26.790625000000006 3282.9225000000006 25.203125000000004
decision_type=2 2 2 2 2 2 2 2 2 2 2 2 2 2 2 2 2 2 2 2 2 2 2 2 2 2 2 2 2 2
left_child=2 5 6 20 9 10 13 19 21 22 25 14 26 23 -10 -7 -11 -15 -5 -6 24 -8 -4 -1 -3 -2 -9 -27 -16 -17
right_child=1 3 4 18 7 15 8 12 11 16 -12 -13 -14 17 28 29 -18 -19 -20 -21 -22 -23 -24 -25 -26 27 -28 -29 -30 -31
leaf_value=-13.593070258728801 2.206092282940471 7.0258536790446797 -11.193178061060884 13.923027801450599 -2.8294166886535983 4.0512399418845355 -6.1760520829892709 0.88672201709671694 -5.8436652013200465 -4.3486044494816918 2.7319375857179513 -5.5819596755499887 4.7437710462554268 -6.6554181894044522 -11.742593455704878 4.0951876574402268 0.27984300391863826 -12.274235421863009 17.587998469521054 -0.43915269988263933 7.7188933121934937 -3.5601148852431681 -6.1027866342352652 -9.7672073016529684 11.165900274946877 1.7855358315903009 -3.2317776575242743 -4.463367670469971 -8.2537616726359033 7.1902084477096695
leaf_weight=809 441 550 407 1323 4148 3138 3127 2072 672 1864 3872 1421 725 1610 1283 668 614 376 1541 2676 1643 2275 2117 2312 3192 206 488 605 653 2848
leaf_count=809 441 550 407 1323 4148 3138 3127 2072 672 1864 3872 1421 725 1610 1283 668 614 376 1541 2676 1643 2275 2117 2312 3192 206 488 605 653 2848
internal_value=-0.00806665 7.13316 -4.83175 11.8452 -2.29114 3.83295 -7.47249 -0.911285 -6.33296 -5.07981 1.79907 -8.02044 1.12615 -9.57684 -9.34908 5.39917 -3.20177 -7.7192 15.895 -1.89209 9.69135 -5.07438 -6.92362 -10.7589 10.5574 -1.08597 0.101633 -2.8761 -10.5658 6.60219
internal_weight=49676 20027 29649 8249 15111 11778 14538 10109 9431 5002 5124 4029 3285 5107 2608 6654 2478 1986 2864 6824 5385 5402 2524 3121 3742 1252 2560 811 1936 3516
internal_count=49676 20027 29649 8249 15111 11778 14538 10109 9431 5002 5124 4029 3285 5107 2608 6654 2478 1986 2864 6824 5385 5402 2524 3121 3742 1252 2560 811 1936 3516
is_linear=0
shrinkage=0.05


Tree=25
num_leaves=31
num_cat=0
split_feature=8 8 8 8 8 8 8 8 8 8 8 8 8 8 8 6 6 6 6 6 7 8 6 7 8 7 6 8 8 6
split_gain=8.32109e+08 1.52757e+08 1.3288e+08 2.981e+07 2.68105e+07 2.27584e+07 1.69045e+07 5.40154e+06 4.69668e+06 4.40485e+06 3.77077e+06 3.32479e+06 2.88956e+06 2.13739e+06 1.41616e+06 1.28116e+06 1.24827e+06 1.12299e+06 1.09684e+06 1.09332e+06 987718 956040 871414 806115 745682 737822 718311 688233 657205 609722
threshold=3608.9025000000006 3064.5312500000005 4204.0150000000003 2713.5450000000005 3295.5350000000003 3906.4637500000003 4620.6500000000005 2889.5650000000005 2472.5250000000005 3449.7650000000008 3771.6512500000003 4389.817500000001 3183.0437500000003 4074.5275000000006 4814.6737500000008 3324.5325000000007 3485.5350000000003 3215.5087500000004 3642.0012500000007 3987.0012500000007 3573.4800000000005 2994.0125000000003 3804.9800000000005 3888.0075000000002 2588.4350000000009 3473.5325000000007 4128.9587500000007 3694.5725000000007 2345.2987500000004 2959.0637500000007
decision_type=2 2 2 2 2 2 2 2 2 2 2 2 2 2 2 2 2 2 2 2 2 2 2 2 2 2 2 2 2 2
left_child=1 3 5 8 12 10 11 -5 28 20 15 19 25 18 -8 -2 -12 -11 -7 -4 29 -9 -15 -19 -10 -3 -13 -17 -1 -6
right_child=2 4 6 7 9 13 14 21 24 17 16 26 -14 22 -16 27 -18 23 -20 -21 -22 -23 -24 -25 -26 -27 -28 -29 -30 -31
leaf_value=-20.754799015657891 5.5807102587315951 -5.0994149109315892 14.059593561872653 -10.108935854773696 0.76422329095441 9.7724785497818871 17.755299822944945 -8.0744561564166553 -14.569279359306385 2.8257704960117866 7.8211482305636357 17.097785449965031 -3.5115488081263457 12.146084271002254 20.889640737289724 1.9292809117549432 4.6684344142647545 0.42791603624218527 6.8032287642049187 11.194022421462776 -3.0590984300071118 -6.7344133895777807 8.8105823791944058 -1.84296939695647 -12.614583342962117 -7.5747072453100248 14.092871908786357 3.1948005042069676 -17.202258313816042 -1.4978449310118818
leaf_weight=193 385 4430 395 2914 322 348 977 2776 765 448 348 229 4619 218 571 2122 3210 3769 2927 2116 1020 2557 1924 436 1347 323 1512 2176 400 3979
leaf_count=193 385 4430 395 2914 322 348 977 2776 765 448 348 229 4619 218 571 2122 3210 3769 2927 2116 1020 2557 1924 436 1347 323 1512 2176 400 3979
internal_value=0.0285834 -5.1532 8.09713 -9.8718 -2.48195 5.40453 14.4377 -8.37784 -14.4266 -0.677652 3.74977 12.809 -4.40214 7.92196 18.9114 2.81751 4.97679 0.445997 7.11874 11.6448 -1.66024 -7.43195 9.15005 0.192457 -13.3226 -5.26763 14.4881 2.56999 -18.3585 -1.32849
internal_weight=49756 30298 19458 10952 19346 13658 5800 8247 2705 9974 8241 4252 9372 5417 1548 4683 3558 4653 3275 2511 5321 5333 2142 4205 2112 4753 1741 4298 593 4301
internal_count=49756 30298 19458 10952 19346 13658 5800 8247 2705 9974 8241 4252 9372 5417 1548 4683 3558 4653 3275 2511 5321 5333 2142 4205 2112 4753 1741 4298 593 4301
is_linear=0
shrinkage=0.05


Tree=26
num_leaves=31
num_cat=0
split_feature=8 8 8 8 8 8 8 8 8 8 8 8 8 8 8 6 8 6 6 6 6 6 6 4 4 4 4 4 4 4
split_gain=7.51576e+08 1.36804e+08 1.22501e+08 2.36964e+07 2.12509e+07 2.09182e+07 2.00185e+07 4.25418e+06 3.74846e+06 3.31927e+06 3.13605e+06 3.05804e+06 2.82806e+06 2.62643e+06 2.5575e+06 1.09467e+06 1.0437e+06 1.04168e+06 1.01231e+06 996363 990203 946323 945873 933797 839809 809902 796236 777368 832169 748068
threshold=3555.6875000000005 4130.0412500000011 3038.3912500000006 2713.5450000000005 3266.0400000000004 4498.9400000000014 3820.2875000000004 2425.5450000000005 2880.7400000000002 4281.2512500000012 3383.2550000000006 4771.6762500000004 3959.7775000000006 3139.0150000000008 3694.5725000000007 4104.505000000001 2588.4350000000009 3324.5325000000007 3606.7425000000007 3888.7662500000001 3210.5100000000007 3423.8000000000006 3769.9700000000007 19.500000000000004 20.500000000000004 19.500000000000004 3.5000000000000004 3.5000000000000004 22.500000000000004 4.5000000000000009
decision_type=2 2 2 2 2 2 2 2 2 2 2 2 2 2 2 2 2 2 2 2 2 2 2 2 2 2 2 2 2 2
left_child=2 6 3 7 13 9 14 -1 -5 19 24 27 18 -4 17 -11 -9 -2 -8 -3 -12 -16 -14 26 29 -22 -15 -7 -29 -6
right_child=1 5 4 8 10 11 12 16 -10 15 20 -13 22 23 21 -17 -18 -19 -20 -21 25 -23 -24 -25 -26 -27 -28 28 -30 -31
leaf_value=-18.479193912678628 4.1380344594737482 12.640356489740702 -5.5384816319350634 -9.6963324174218908 -3.4595634417320698 12.499404987212152 7.5523115875857076 -14.141411766707899 -7.3475081340403889 14.600483297418666 1.4296061188151126 19.381676199396093 9.620918804354373 -5.0172832804304335 6.0525654580252519 11.812751454080498 -11.983854134665123 1.4687271249283425 5.0549280553304587 9.2912741239486447 -0.37905052982453308 3.3208047684385025 7.1471410864598317 -7.2168480657801339 -4.9486751464697036 -2.3519430909293373 -3.3973836719635253 16.432850290274217 12.817644554635756 -1.7014296196236931
leaf_weight=398 408 249 3972 2708 738 186 473 960 4557 432 663 773 452 932 350 1905 1347 3508 2855 2054 3954 3365 2663 196 260 599 4077 1180 184 3358
leaf_count=398 408 249 3972 2708 738 186 473 960 4557 432 663 773 452 932 350 1905 1347 3508 2855 2054 3954 3365 2663 196 260 599 4077 1180 184 3358
internal_value=0.0271543 7.20719 -5.2323 -9.71043 -2.85101 12.9396 4.37112 -13.7053 -8.22302 11.0005 -1.20278 16.8128 6.42334 -4.57019 2.63839 12.3281 -12.8817 1.74684 5.40987 9.65338 -0.375719 3.57817 7.5061 -3.83127 -2.19312 -0.638607 -3.69879 15.5317 15.9452 -2.0182
internal_weight=49756 21037 28719 9970 18749 6963 14074 2705 7265 4640 9572 2323 6443 9177 7631 2337 2307 3916 3328 2303 5216 3715 3115 5205 4356 4553 5009 1550 1364 4096
internal_count=49756 21037 28719 9970 18749 6963 14074 2705 7265 4640 9572 2323 6443 9177 7631 2337 2307 3916 3328 2303 5216 3715 3115 5205 4356 4553 5009 1550 1364 4096
is_linear=0
shrinkage=0.05


Tree=27
num_leaves=31
num_cat=0
split_feature=8 8 8 8 8 8 8 8 8 8 8 8 8 8 8 8 6 6 4 6 6 4 6 8 4 4 4 6 4 4
split_gain=6.78303e+08 1.30241e+08 1.02974e+08 2.93053e+07 1.89936e+07 1.6589e+07 1.39074e+07 5.49046e+06 4.05889e+06 2.96049e+06 2.74237e+06 2.43925e+06 2.32714e+06 1.7494e+06 1.20079e+06 1.18487e+06 1.03014e+06 992828 968370 967095 919195 907442 844400 782399 747285 743722 729637 725897 720578 711890
threshold=3630.0150000000008 3105.0050000000006 4204.0150000000003 2781.8587500000003 3360.2575000000006 3906.4637500000003 4620.6500000000005 2537.4000000000005 2967.1825000000003 3231.8450000000007 4405.0625000000009 3778.5500000000006 3513.7012500000005 4074.5275000000006 2425.5450000000005 4868.6775000000007 4016.4475000000007 3324.5325000000007 20.500000000000004 3594.2637500000005 3642.0012500000007 19.500000000000004 3288.0450000000005 2682.6250000000005 4.5000000000000009 19.500000000000004 19.500000000000004 3804.9800000000005 3.5000000000000004 22.500000000000004
decision_type=2 2 2 2 2 2 2 2 2 2 2 2 2 2 2 2 2 2 2 2 2 2 2 2 2 2 2 2 2 2
left_child=1 3 5 7 9 11 10 14 -5 25 16 17 21 20 -1 29 -4 -2 28 -13 -7 24 -14 -9 -6 -3 -19 -15 -11 -8
right_child=2 4 6 8 12 13 15 23 -10 18 -12 19 22 27 -16 -17 -18 26 -20 -21 -22 -23 -24 -25 -26 -27 -28 -29 -30 -31
leaf_value=-17.555234332060696 5.35379851437464 -4.0312395846491382 12.742752585739925 -8.1114735550428101 -1.9155943737640007 8.8527730371760232 16.86330542608864 -11.916101900831244 -5.960641935743757 -3.6716813672119408 13.23777511297077 6.5745105249404903 3.2221314967700558 10.995606562413208 -13.982637205870256 19.506361775609907 10.154411557537207 2.8610471927415166 -5.3711678468956139 4.1908732716381385 6.1345915736404653 -2.6659988675212123 0.68661406074999753 -10.210966957154497 -0.20043858294880287 -7.5263233828696476 1.1518435376821106 7.9513136381790694 -1.9950796194218414 13.585669834136963
leaf_weight=398 337 4986 464 3932 773 348 965 1342 4961 764 1547 500 370 218 575 383 2241 3196 265 2857 2927 548 2918 1349 3559 157 776 1924 3976 200
leaf_count=398 337 4986 464 3932 773 348 965 1342 4961 764 1547 500 370 218 575 383 2241 3196 265 2857 2927 548 2918 1349 3559 157 776 1924 3976 200
internal_value=0.0257966 -4.53988 7.49051 -8.46206 -1.85093 5.03207 13.036 -12.2252 -6.91162 -3.29546 11.5587 3.53542 -0.0562383 7.1501 -15.444 17.0938 10.5984 2.74819 -2.42976 4.5459 6.42342 -0.748992 0.971937 -11.0613 -0.50649 -4.13793 2.52712 8.26114 -2.26532 16.3006
internal_weight=49756 30873 18883 12557 18316 13083 5800 3664 8893 10148 4252 7666 8168 5417 973 1548 2705 4309 5005 3357 3275 4880 3288 2691 4332 5143 3972 2142 4740 1165
internal_count=49756 30873 18883 12557 18316 13083 5800 3664 8893 10148 4252 7666 8168 5417 973 1548 2705 4309 5005 3357 3275 4880 3288 2691 4332 5143 3972 2142 4740 1165
is_linear=0
shrinkage=0.05


Tree=28
num_leaves=31
num_cat=0
split_feature=8 8 8 8 8 8 8 8 8 8 8 8 8 8 8 6 6 6 6 6 6 6 8 8 6 6 6 6 6 0
split_gain=6.12406e+08 1.11543e+08 1.00084e+08 1.89925e+07 1.88326e+07 1.77292e+07 1.47197e+07 3.30728e+06 3.22832e+06 2.96747e+06 2.71412e+06 2.4508e+06 2.43354e+06 2.16442e+06 1.78989e+06 980932 899417 885825 851977 809678 806783 782396 763001 722545 664553 636231 572675 526310 512885 478293
threshold=3555.6875000000005 4106.0162500000015 3022.2625000000003 3261.5100000000007 4445.3162500000008 2698.0050000000006 3806.5837500000002 4690.4250000000011 2425.5450000000005 2860.8662500000005 3390.0062500000004 4281.2512500000012 3139.0150000000008 3942.0437500000003 3680.0375000000004 3880.8112500000002 3600.3562500000003 3586.7187500000005 4104.505000000001 3386.4387500000003 3678.1225000000009 3324.5325000000007 4928.8850000000011 2537.4000000000005 3472.4500000000003 4337.6800000000012 3181.6100000000006 3288.0450000000005 3215.5087500000004 25.093125000000004
decision_type=2 2 2 2 2 2 2 2 2 2 2 2 2 2 2 2 2 2 2 2 2 2 2 2 2 2 2 2 2 2
left_child=2 6 5 12 11 8 14 25 -1 -7 24 15 28 17 21 -3 26 -8 -13 -16 -15 -2 -9 -10 -5 -6 -12 -14 -4 -23
right_child=1 4 3 10 7 9 13 22 23 -11 16 18 27 20 19 -17 -18 -19 -20 -21 -22 29 -24 -25 -26 -27 -28 -29 -30 -31
leaf_value=-16.677472600505578 3.627288564457313 11.252910942255065 -4.8113884912575555 -1.7090832742328808 15.307109658803538 -9.0155874894457497 6.7673149021217105 16.23739476731566 -13.283505347210429 -6.8558868706512843 1.5364847552312044 12.987395180377764 -3.1904292307250826 8.9389749912115253 5.4988942581740998 8.2240151131517063 -1.6476745591366666 4.3732795927756696 10.370210483594112 2.8339832680791326 6.2581150811411081 0.088650965838582368 19.708275725349552 -11.207655356665466 -3.2989520438620588 12.763490795741399 -0.20802167972619934 -4.368130881205178 -6.1079582364074465 1.5599872324534401
leaf_weight=398 380 301 3583 3962 307 2501 446 976 575 4369 544 388 3732 312 311 2388 1000 2891 1566 3413 2792 715 189 1547 788 1234 3479 1272 969 2428
leaf_count=398 380 301 3583 3962 307 2501 446 976 575 4369 544 388 3732 312 311 2388 1000 2891 1566 3413 2792 715 189 1547 788 1234 3479 1272 969 2428
internal_value=0.0245067 6.50577 -4.72309 -2.6658 11.4746 -8.95796 3.83803 14.7901 -12.5452 -7.64212 -1.11598 9.54231 -4.25081 5.57724 2.29225 8.56306 -0.305701 4.69325 10.8899 3.05654 6.52758 1.48436 16.8005 -11.7702 -1.97283 13.2702 0.0278748 -3.4898 -5.08739 1.22527
internal_weight=49756 21037 28719 19329 7349 9390 13688 2706 2520 6870 9773 4643 9556 6441 7247 2689 5023 3337 1954 3724 3104 3523 1165 2122 4750 1541 4023 5004 4552 3143
internal_count=49756 21037 28719 19329 7349 9390 13688 2706 2520 6870 9773 4643 9556 6441 7247 2689 5023 3337 1954 3724 3104 3523 1165 2122 4750 1541 4023 5004 4552 3143
is_linear=0
shrinkage=0.05


Tree=29
num_leaves=31
num_cat=0
split_feature=8 8 8 8 8 8 8 8 8 8 8 8 8 8 8 7 6 6 7 6 6 6 8 8 0 7 0 7 7 6
split_gain=5.52799e+08 1.06239e+08 8.40362e+07 2.13775e+07 1.80729e+07 1.34922e+07 1.13915e+07 4.19264e+06 2.85578e+06 2.71719e+06 2.29869e+06 2.21612e+06 1.71338e+06 1.66058e+06 978675 895278 824450 776354 768250 762036 758228 757490 740658 712059 685495 674158 634792 610664 564373 531145
threshold=3630.0150000000008 3079.7575000000006 4204.0150000000003 2769.5450000000005 3343.5300000000002 3890.9100000000003 4620.6500000000005 2504.5587500000006 2922.5787500000006 3201.7650000000008 3500.6900000000001 4389.817500000001 4031.0050000000006 3771.6512500000003 4814.6737500000008 3600.6225000000004 3485.5350000000003 3319.1687500000003 3600.6225000000004 3978.0775000000003 3288.0450000000005 3642.0012500000007 2345.2987500000004 2648.6612500000006 27.925625000000007 3264.7550000000006 27.779375000000005 3480.0750000000003 3921.8200000000002 3978.0775000000003
decision_type=2 2 2 2 2 2 2 2 2 2 2 2 2 2 2 2 2 2 2 2 2 2 2 2 2 2 2 2 2 2
left_child=1 3 5 7 9 13 11 22 -5 27 15 19 21 17 -8 -6 -15 -2 -11 -4 -12 -7 -1 -9 -14 -10 -13 -3 -22 -19
right_child=2 4 6 8 10 12 14 23 25 18 20 26 24 16 -16 -17 -18 29 -20 -21 28 -23 -24 -25 -26 -27 -28 -29 -30 -31
leaf_value=-17.08146420809889 4.823213004349153 -3.929238672369685 11.527982168247046 -7.7229031839960705 -0.49403378843539719 7.6158860285637786 14.483122653434075 -11.176673215529107 -5.5111641345880154 -2.2911232369168704 2.7808291947613069 10.909923898594426 6.6972755381395395 6.3981280764197095 17.088731954811752 -2.1079525194374309 3.6984415399783717 2.4312120141900397 -4.3771997103779956 9.1130330001831066 0.76054675606021993 5.1710671862607143 -13.512468017746517 -9.5325944487645256 8.3798014698606558 -7.0382038191645995 12.823301695841222 -6.134174029162093 -1.4268762346811412 0.37619641957901462
leaf_weight=193 316 4604 386 2942 4005 362 977 1149 4271 5118 427 926 2056 314 571 1094 2846 3446 483 2125 2920 2539 589 1543 858 870 815 337 328 346
leaf_count=193 316 4604 386 2942 4005 362 977 1149 4271 5118 427 926 2056 314 571 1094 2846 3446 483 2125 2920 2539 589 1543 858 870 815 337 328 346
internal_value=0.0232814 -4.09842 6.76212 -7.89033 -1.82968 4.54122 11.7718 -11.1705 -6.48054 -3.22497 -0.153238 10.4348 6.33633 3.10499 15.4442 -0.840303 3.9667 2.44213 -2.47102 9.48427 0.800053 5.47614 -14.3933 -10.2343 7.19268 -5.76958 11.8056 -4.07963 0.539649 2.2437
internal_weight=49756 30873 18883 11557 19316 13083 5800 3474 8083 10542 8774 4252 5815 7268 1548 5099 3160 4108 5601 2511 3675 2901 782 2692 2914 5141 1741 4941 3248 3792
internal_count=49756 30873 18883 11557 19316 13083 5800 3474 8083 10542 8774 4252 5815 7268 1548 5099 3160 4108 5601 2511 3675 2901 782 2692 2914 5141 1741 4941 3248 3792
is_linear=0
shrinkage=0.05


Tree=30
num_leaves=31
num_cat=0
split_feature=8 8 8 8 8 8 8 8 8 8 8 8 8 8 8 4 7 4 6 6 6 6 6 4 4 4 8 4 6 4
split_gain=5.01576e+08 9.19905e+07 8.15198e+07 1.61618e+07 1.47665e+07 1.38874e+07 1.34746e+07 2.96263e+06 2.70134e+06 2.52931e+06 2.23918e+06 2.08775e+06 1.80515e+06 1.57444e+06 1.52884e+06 1.00476e+06 971420 966118 847585 844887 768495 732493 715321 702250 671763 660654 642554 636809 629117 600347
threshold=3549.0825000000004 4130.0412500000011 3044.0062500000008 2698.0050000000006 4528.2287500000011 3843.2937500000003 3266.0400000000004 2889.5650000000005 2425.5450000000005 4311.0400000000009 3713.0325000000007 3420.0250000000005 4771.6762500000004 3139.0150000000008 3980.2725000000005 19.500000000000004 3600.6225000000004 3.5000000000000004 4116.0350000000008 3896.4800000000005 3613.1812500000001 3737.6800000000007 3613.1812500000001 19.500000000000004 19.500000000000004 3.5000000000000004 2588.4350000000009 2.5000000000000004 3434.7200000000007 2.5000000000000004
decision_type=2 2 2 2 2 2 2 2 2 2 2 2 2 2 2 2 2 2 2 2 2 2 2 2 2 2 2 2 2 2
left_child=2 5 3 8 9 10 13 -5 -1 19 15 16 -6 -4 20 17 -8 -2 -11 -3 -7 -16 -13 27 25 -12 -10 -15 -19 -21
right_child=1 4 6 7 12 14 11 -9 26 18 24 22 -14 23 21 -17 -18 28 -20 29 -22 -23 -24 -25 -26 -27 -28 -29 -30 -31
leaf_value=-15.093699340820315 -0.166371122704566 10.454843488106363 -4.4716212256470476 -7.9125896139550846 12.882299419363102 6.5957574826781098 -1.3516585701069403 -5.9159145808551266 -11.568121931114975 12.503885972532508 1.6862956563631695 0.2198531280480962 15.887812515368736 -4.3896218895583319 8.5082804250717157 -0.11815983847210787 -3.2589606668694771 3.5806116355077671 9.8541545384243463 5.4771650204763702 4.3286080832022735 5.9632609247872752 -1.4913671087380129 -6.1244393197316978 1.8763315027945866 3.8036274630622509 -9.8372511944255319 -2.7868953887921752 1.8159260624115547 7.9709391699500989
leaf_weight=400 523 312 3809 3148 1336 434 4704 4533 980 365 432 3160 798 725 320 798 778 621 1743 272 2694 2427 757 189 824 2503 1184 4270 2705 2141
leaf_count=400 523 312 3809 3148 1336 434 4704 4533 980 365 432 3160 798 725 320 798 778 621 1743 272 2694 2427 757 189 824 2503 1184 4270 2705 2141
internal_value=0.0113774 5.83185 -4.30728 -7.88162 10.542 3.53398 -2.31624 -6.73424 -11.3189 9.01245 2.23048 -0.992436 14.0062 -3.69982 5.39903 1.49652 -1.62234 1.83129 10.313 8.00641 4.64317 6.25973 -0.110858 -3.13272 3.13782 3.49198 -10.6211 -3.01952 2.14541 7.68983
internal_weight=49885 21248 28637 10245 6967 14281 18392 7681 2564 4833 8406 9399 2134 8993 5875 4647 5482 3849 2108 2725 3128 2747 3917 5184 3759 2935 2164 4995 3326 2413
internal_count=49885 21248 28637 10245 6967 14281 18392 7681 2564 4833 8406 9399 2134 8993 5875 4647 5482 3849 2108 2725 3128 2747 3917 5184 3759 2935 2164 4995 3326 2413
is_linear=0
shrinkage=0.05


Tree=31
num_leaves=31
num_cat=0
split_feature=8 8 8 8 8 8 8 8 8 8 8 8 8 8 8 6 7 6 6 6 6 6 6 7 7 7 6 7 0 6
split_gain=4.52672e+08 8.30214e+07 7.36111e+07 1.38555e+07 1.33268e+07 1.29707e+07 1.25434e+07 2.67528e+06 2.29036e+06 2.13671e+06 1.92386e+06 1.7495e+06 1.6523e+06 1.63844e+06 1.62914e+06 784945 761288 735363 735285 732801 722156 696755 624822 604922 543430 530874 509726 505788 490720 489052
threshold=3549.0825000000004 4130.0412500000011 3033.0862500000007 2713.5450000000005 4528.2287500000011 3266.0400000000004 3828.5150000000008 2472.5250000000005 4295.5550000000012 2880.7400000000002 3390.0062500000004 3694.5725000000007 3959.7775000000006 3139.0150000000008 4771.6762500000004 4104.505000000001 3600.6225000000004 3613.1812500000001 3896.4800000000005 3324.5325000000007 3600.3562500000003 3447.0925000000002 3613.1812500000001 3412.7812500000005 3260.3462500000001 3480.0750000000003 4061.9850000000001 4102.9562500000002 24.488125000000007 3138.0400000000004
decision_type=2 2 2 2 2 2 2 2 2 2 2 2 2 2 2 2 2 2 2 2 2 2 2 2 2 2 2 2 2 2
left_child=2 6 3 7 8 13 11 28 18 -5 16 19 22 23 -6 -10 -7 -14 -3 -2 29 -13 -8 -4 -11 -15 -23 -21 -1 -12
right_child=1 4 5 9 14 10 12 -9 15 24 20 21 17 25 -16 -17 -18 -19 -20 27 -22 26 -24 -25 -26 -27 -28 -29 -30 -31
leaf_value=-11.816341282771184 3.2652689877759529 9.8700408166141838 -4.1205243064902257 -7.5113980750509128 12.238184391952561 -1.4357769562210088 5.9144657308311874 -9.7900165769201895 11.776334759569544 -5.5070188306150349 1.5462538564317909 4.8054354678542577 8.7409771933206706 -2.816507163359196 15.093421936752206 9.2919660906373824 -3.3702313716599899 5.643073830877487 7.2142301313139248 1.2228382503008606 -1.5072519085298905 2.7464333530858211 3.9288253853544952 -6.2586954126700514 -7.1223575578051168 -4.5803945280849812 0.46702174135325658 -1.4746024175745545 -14.767318246054785 -0.16435982667132934
leaf_weight=234 432 295 3837 2761 1336 3939 465 2166 381 3735 475 389 205 4715 798 1921 584 2922 2236 3450 930 3293 2677 362 605 469 265 183 354 3471
leaf_count=234 432 295 3837 2761 1336 3939 465 2166 381 3735 475 389 205 4715 798 1921 584 2922 2236 3450 930 3293 2677 362 605 469 265 183 354 3471
internal_value=0.0108085 5.54026 -4.09192 -7.59153 10.0149 -2.25565 3.35728 -10.602 8.56183 -6.42398 -0.942814 2.04651 5.03249 -3.57073 13.3059 9.70315 -1.68555 5.84617 7.52378 1.31846 -0.253849 2.79632 4.22269 -4.30486 -5.7322 -2.97609 2.57666 1.08696 -13.5929 0.0415554
internal_weight=49885 21248 28637 9855 6967 18782 14281 2754 4833 7101 9399 8012 6269 9383 2134 2302 4523 3127 2531 4065 4876 3947 3142 4199 4340 5184 3558 3633 588 3946
internal_count=49885 21248 28637 9855 6967 18782 14281 2754 4833 7101 9399 8012 6269 9383 2134 2302 4523 3127 2531 4065 4876 3947 3142 4199 4340 5184 3558 3633 588 3946
is_linear=0
shrinkage=0.05


Tree=32
num_leaves=31
num_cat=0
split_feature=8 8 8 8 8 8 8 8 8 8 8 8 8 4 4 8 8 4 4 4 6 4 4 4 4 4 4 4 8 4
split_gain=4.08598e+08 7.91783e+07 6.17943e+07 1.67953e+07 1.2734e+07 1.05628e+07 8.46971e+06 3.72986e+06 2.00505e+06 1.75194e+06 1.58575e+06 1.57894e+06 1.26209e+06 1.21444e+06 1.67005e+06 986012 829491 817763 775683 750618 726544 722850 718379 705242 703185 699942 717385 678434 666704 640836
threshold=3630.0150000000008 3089.5350000000003 4216.4300000000012 2806.0137500000005 3354.7250000000004 3915.4400000000005 4584.4562500000011 2537.4000000000005 3231.8450000000007 2981.3850000000007 3792.4850000000001 3500.6900000000001 4389.817500000001 3.5000000000000004 19.500000000000004 4814.6737500000008 2345.2987500000004 19.500000000000004 19.500000000000004 3.5000000000000004 4016.4475000000007 20.500000000000004 19.500000000000004 3.5000000000000004 21.500000000000004 19.500000000000004 13.500000000000002 3.5000000000000004 2648.6612500000006 2.5000000000000004
decision_type=2 2 2 2 2 2 2 2 2 2 2 2 2 2 2 2 2 2 2 2 2 2 2 2 2 2 2 2 2 2
left_child=1 3 5 7 8 10 12 16 22 -5 18 17 -4 -7 -15 -8 -1 -6 19 -2 -21 -10 23 -3 27 26 -13 -12 -9 -14
right_child=2 4 6 9 11 13 15 28 21 -11 24 25 29 14 -16 -17 -18 -19 -20 20 -22 -23 -24 -25 -26 -27 -28 -29 -30 -31
leaf_value=-14.76365822317514 0.72018480628139514 -4.3411720231907358 8.1527432172680196 -6.0890226359127206 -0.4357455682533603 3.67441681292178 12.225188466758961 -9.5050465847050098 -1.7595114535005543 -4.6033992556834056 1.9723858312492759 0.38652097210730568 7.3262213269058538 6.7398174069365169 4.8504135633330634 14.723826324919893 -11.204663224786636 -2.605322404551389 0.87071481490941049 3.0043796412002153 0.29119461659674423 -4.5759214625755948 -6.4549299777239213 -2.9184385698558657 1.5780178852056261 -0.88467560894330632 1.9323063895436161 4.2120341151509768 -7.9373533635143891 10.385884042312872
leaf_weight=207 512 1079 2317 3951 4232 690 1151 989 4490 3987 393 1831 196 2692 2068 601 783 484 907 2982 269 240 174 4519 369 571 1272 2422 2158 1349
leaf_count=207 512 1079 2317 3951 4232 690 1151 989 4490 3987 393 1831 196 2692 2068 601 783 484 907 2982 269 240 174 4519 369 571 1272 2422 2158 1349
internal_value=0.0102681 -3.52662 5.79982 -6.68904 -1.50533 3.94351 10.1989 -9.27209 -2.6656 -5.34284 2.76991 -0.0529902 8.89083 5.63479 5.91896 13.0823 -11.9488 -0.658408 2.18327 2.49963 2.77988 -1.90242 -3.29101 -3.19267 3.63033 0.724133 1.02018 3.89936 -8.43003 9.99773
internal_weight=49885 30967 18918 12075 18892 13304 5614 4137 10502 7938 7854 8390 3862 5450 4760 1752 990 4716 4670 3763 3251 4730 5772 5598 3184 3674 3103 2815 3147 1545
internal_count=49885 30967 18918 12075 18892 13304 5614 4137 10502 7938 7854 8390 3862 5450 4760 1752 990 4716 4670 3763 3251 4730 5772 5598 3184 3674 3103 2815 3147 1545
is_linear=0
shrinkage=0.05


Tree=33
num_leaves=31
num_cat=0
split_feature=8 8 8 8 8 8 8 8 8 8 8 8 8 4 4 8 8 4 4 4 4 8 4 4 4 4 4 4 4 1
split_gain=3.68853e+08 6.91324e+07 5.9239e+07 1.28478e+07 1.19946e+07 9.76572e+06 8.43313e+06 2.04814e+06 1.97015e+06 1.92288e+06 1.79068e+06 1.47136e+06 1.46882e+06 1.26074e+06 1.48215e+06 1.16508e+06 882027 796051 771203 768339 695666 675680 652123 639961 594974 574252 864922 574041 571930 644075
threshold=3541.7575000000006 4084.1937500000004 3005.9525000000008 4472.2675000000008 3247.0225000000005 2698.0050000000006 3800.0100000000007 2425.5450000000005 4255.8450000000003 4657.6675000000005 3390.0062500000004 3115.0250000000005 2851.5150000000008 21.500000000000004 7.5000000000000009 3666.3525000000004 3959.7775000000006 19.500000000000004 2.5000000000000004 3.5000000000000004 19.500000000000004 4928.8850000000011 4.5000000000000009 19.500000000000004 13.500000000000002 2.5000000000000004 18.500000000000004 18.500000000000004 19.500000000000004 5.5000000000000009
decision_type=2 2 2 2 2 2 2 2 2 2 2 2 2 2 2 2 2 2 2 2 2 2 2 2 2 2 2 2 2 2
left_child=2 6 5 8 11 7 15 -1 25 -5 17 27 -7 14 -8 23 -16 19 -10 -6 22 -11 -12 24 -2 -3 -27 -4 29 -17
right_child=1 3 4 9 10 12 13 -9 18 21 20 -13 -14 -15 16 28 -18 -19 -20 -21 -22 -23 -24 -25 -26 26 -28 -29 -30 -31
leaf_value=-13.002181685447693 0.70416850548748522 4.3707340534871966 -4.0643781960082306 10.150442400860745 -2.8488328124232152 -7.0433474207926281 2.8052369911843975 -9.1076939799648997 5.8571265653201516 12.478409126458793 -1.3614325916278938 -2.9047750652608837 -5.4657853950541604 2.2673159911887262 4.2836296567987677 2.1592328494992037 5.7361045245930127 -3.9708238531429849 8.6410654195541756 -1.1710529805728636 -1.9543822391353354 15.683009382317829 0.25527524672164115 -0.50501595684923362 2.1528777442629834 7.8355849806171776 5.8951461686028379 -7.9757740780711179 1.0728165218489296 3.8128321376261143
leaf_weight=400 1676 312 4100 1146 816 2356 1114 2164 280 1185 765 5381 3948 764 2696 2339 1707 333 2230 4167 538 191 3378 578 1228 940 1476 96 794 787
leaf_count=400 1676 312 4100 1146 816 2356 1114 2164 280 1185 765 5381 3948 764 2696 2339 1707 333 2230 4167 538 191 3378 578 1228 940 1476 96 794 787
internal_value=0.00975466 4.96139 -3.72339 8.73128 -2.18747 -7.11355 2.82339 -9.71526 7.31957 11.6633 -0.976027 -3.45204 -6.05537 4.17091 4.43452 1.67995 4.84674 -1.60397 8.33051 -1.4458 -0.2629 12.9232 -0.0432479 1.01437 1.31678 6.38943 6.65012 -4.15387 2.27116 2.57554
internal_weight=49885 21443 28442 7760 19574 8868 13683 2564 5238 2522 9997 9577 6304 6281 5517 7402 4403 5316 2510 4983 4681 1376 4143 3482 2904 2728 2416 4196 3920 3126
internal_count=49885 21443 28442 7760 19574 8868 13683 2564 5238 2522 9997 9577 6304 6281 5517 7402 4403 5316 2510 4983 4681 1376 4143 3482 2904 2728 2416 4196 3920 3126
is_linear=0
shrinkage=0.05


Tree=34
num_leaves=31
num_cat=0
split_feature=8 8 8 8 8 8 8 8 8 8 8 8 8 8 8 7 6 7 6 8 0 6 6 6 6 7 6 7 7 6
split_gain=3.32969e+08 6.52463e+07 5.11962e+07 1.16104e+07 1.00783e+07 8.55393e+06 8.39096e+06 2.30843e+06 1.86103e+06 1.4911e+06 1.41424e+06 1.33003e+06 1.17103e+06 1.17094e+06 1.16961e+06 748995 713770 680915 679581 609801 607800 607279 603243 596472 591282 560022 537606 513232 479611 471160
threshold=3520.5025000000005 4084.1937500000004 2999.4175000000005 4422.5750000000016 3231.8450000000007 2648.6612500000006 3792.4850000000001 4657.6675000000005 2817.5200000000004 3371.1625000000004 2425.5450000000005 4242.8275000000003 3942.0437500000003 3115.0250000000005 3643.5450000000005 3671.7212500000001 3447.0925000000002 3600.6225000000004 3613.1812500000001 4928.8850000000011 28.034375000000008 3818.4400000000001 4050.4637500000003 3678.1225000000009 3613.1812500000001 3353.5050000000006 4404.8925000000008 3245.7562500000004 3480.0750000000003 4016.4475000000007
decision_type=2 2 2 2 2 2 2 2 2 2 2 2 2 2 2 2 2 2 2 2 2 2 2 2 2 2 2 2 2 2
left_child=2 6 5 11 13 10 14 20 -7 17 -1 21 18 25 24 -11 -16 -6 -8 26 -5 -3 -13 -14 -2 -4 -9 -10 -15 -18
right_child=1 3 4 7 9 8 12 19 27 15 -12 22 23 28 16 -17 29 -19 -20 -21 -22 -23 -24 -25 -26 -27 -28 -29 -30 -31
leaf_value=-12.352072497367859 1.3334365710550382 8.3348467054821196 -3.766800171251361 8.6065441547547561 -1.4632534058988442 -7.0887351778111567 4.9153075213114965 14.955767828369142 -5.1274375036580766 -0.13113489805097128 -9.0236882073883784 9.4564473978678389 6.8270270575577969 -2.6890463292026126 3.7650903547218095 -1.7405296213722334 1.9702998032639443 -3.3007492192670811 3.0617920019890823 14.898858798361573 10.619196072064915 5.7485895704122774 7.2994073216029296 4.4536962400459954 -0.0015998653326259585 -5.5523561136770736 11.488771889254734 -6.714777486003519 -4.5294223981399044 -0.023970378611098839
leaf_weight=400 2097 252 3891 887 4753 2350 586 125 3760 3814 1579 390 297 4398 526 892 3448 564 3168 191 650 2286 1919 2437 1372 495 1060 589 385 324
leaf_count=400 2097 252 3891 887 4753 2350 586 125 3760 3814 1579 390 297 4398 526 892 3448 564 3168 191 650 2286 1919 2437 1372 495 1060 589 385 324
internal_value=0.00926693 4.60544 -3.62133 8.29471 -2.18031 -6.80824 2.5971 10.7895 -5.95502 -1.08442 -9.69643 6.79539 3.92439 -3.37826 1.48839 -0.436188 2.03961 -1.65817 3.35113 12.2771 9.4577 6.00538 7.66374 4.71152 0.805426 -3.96832 11.8545 -5.34242 -2.83718 1.799
internal_weight=49885 22015 27870 7760 19192 8678 14255 2913 6699 10023 1979 4847 6488 9169 7767 4706 4298 5317 3754 1376 1537 2538 2309 2734 3469 4386 1185 4349 4783 3772
internal_count=49885 22015 27870 7760 19192 8678 14255 2913 6699 10023 1979 4847 6488 9169 7767 4706 4298 5317 3754 1376 1537 2538 2309 2734 3469 4386 1185 4349 4783 3772
is_linear=0
shrinkage=0.05


Tree=35
num_leaves=31
num_cat=0
split_feature=8 8 8 8 8 8 8 8 8 8 8 8 0 8 6 6 6 6 6 6 8 6 8 6 6 6 8 6 0 0
split_gain=2.98759e+08 5.97746e+07 4.4481e+07 1.11039e+07 1.04958e+07 7.24382e+06 6.19142e+06 2.2726e+06 2.00952e+06 1.46258e+06 1.41623e+06 1.35785e+06 1.12411e+06 939797 821711 726627 610722 599663 597014 595759 588039 539583 511215 499685 479881 463471 450522 447281 498179 437319
threshold=3637.5250000000005 3059.2950000000005 4204.0150000000003 3305.3462500000005 2757.9700000000007 3857.9550000000004 4555.4162500000011 2472.5250000000005 3455.7200000000007 2953.0587500000006 4008.6487500000007 3183.0437500000003 27.925625000000007 4814.6737500000008 3393.0300000000002 3479.2237500000006 3804.9800000000005 3254.8962500000002 3606.7425000000007 4061.9850000000001 3739.0137500000005 3288.0450000000005 2610.7512500000007 4422.2587500000009 2998.7062500000006 3225.0900000000006 4389.817500000001 4152.3362500000012 25.293125000000007 24.595625000000005
decision_type=2 2 2 2 2 2 2 2 2 2 2 2 2 2 2 2 2 2 2 2 2 2 2 2 2 2 2 2 2 2
left_child=1 4 5 11 7 14 12 29 15 -6 18 25 -4 23 -2 24 -12 -10 -7 20 -16 -13 -9 -8 -5 -3 -14 28 -19 -1
right_child=2 3 6 8 9 10 13 22 17 -11 16 21 26 -15 19 -17 -18 27 -20 -21 -22 -23 -24 -25 -26 -27 -28 -29 -30 -31
leaf_value=-9.5093235478740361 3.9413938995320481 -2.8997829413272198 6.7648092811074463 0.97180169996914401 -5.6176660486401477 5.627358870339517 12.436487803327928 -8.6460261823220073 2.049064559243694 -4.220269780935519 7.0069360558824743 -1.6484177949806496 7.8338974210951067 12.660628595617084 1.5315730265484804 -2.0169487269905204 4.9815164731492274 -0.47643613739778967 3.5347854982626892 0.14547030062754571 2.5964395038537127 -2.7463729117563678 -7.2227083032426407 9.8206291418678511 -0.81887281885669061 -4.0149289298844613 9.5429641668963594 -3.320445049727379 0.65542508459567028 -12.29202715445256
leaf_weight=239 572 3730 2228 419 3949 386 218 971 515 3561 427 3363 999 576 2434 1238 2899 1384 2914 422 2774 1677 1801 1123 3495 1242 628 86 3267 345
leaf_count=239 572 3730 2228 419 3949 386 218 971 515 3561 427 3363 999 576 2434 1238 2899 1384 2914 422 2774 1677 1801 1123 3495 1242 628 86 3267 345
internal_value=-0.014157 -2.99794 5.00406 -1.40342 -5.99387 3.3639 8.64922 -8.31849 -0.259531 -4.95507 4.51342 -2.59209 7.49443 10.9714 2.1358 -0.961133 5.24154 0.428712 3.77955 1.95236 2.09877 -2.01375 -7.72128 10.2459 -0.627178 -3.17835 8.49357 0.25255 0.318617 -11.1532
internal_weight=49882 31282 18600 20416 10866 12828 5772 3356 10404 7510 6626 10012 3855 1917 6202 5152 3326 5252 3300 5630 5208 5040 2772 1341 3914 4972 1627 4737 4651 584
internal_count=49882 31282 18600 20416 10866 12828 5772 3356 10404 7510 6626 10012 3855 1917 6202 5152 3326 5252 3300 5630 5208 5040 2772 1341 3914 4972 1627 4737 4651 584
is_linear=0
shrinkage=0.05


Tree=36
num_leaves=31
num_cat=0
split_feature=8 8 8 8 8 8 8 8 8 0 8 8 8 8 6 8 1 6 6 6 8 6 6 6 6 6 6 6 8 8
split_gain=2.69832e+08 4.77026e+07 4.69067e+07 8.89937e+06 8.33207e+06 8.1926e+06 5.76644e+06 1.80626e+06 1.52828e+06 1.37227e+06 1.3644e+06 1.19256e+06 1.04941e+06 954681 690616 652302 642879 636985 611569 545238 535270 514480 509279 482365 480866 439788 427736 396584 395755 395181
threshold=3568.9625000000001 4094.7875000000008 3033.0862500000007 4472.2675000000008 3300.0412500000007 2728.3100000000004 3836.5275000000006 2472.5250000000005 3178.0862500000007 27.350625000000004 4690.4250000000011 2914.7625000000003 3437.0325000000007 3706.5262500000003 3613.1812500000001 3988.8175000000006 5.5000000000000009 3472.4500000000003 3904.5287500000004 4337.6800000000012 4281.2512500000012 3472.4500000000003 3635.2637500000005 3324.5325000000007 3324.5325000000007 3225.0900000000006 3053.3550000000005 2945.2525000000005 4928.8850000000011 4242.8275000000003
decision_type=2 2 2 2 2 2 2 2 2 2 2 2 2 2 2 2 2 2 2 2 2 2 2 2 2 2 2 2 2 2
left_child=2 6 5 9 8 7 13 -1 25 16 19 27 17 18 -8 -16 -3 26 24 -5 -11 -15 -14 -10 -2 -4 -6 -7 -12 -18
right_child=1 3 4 10 12 11 14 -9 23 20 28 -13 22 21 15 -17 29 -19 -20 -21 -22 -23 -24 -25 -26 -27 -28 -29 -30 -31
leaf_value=-10.595554537315891 2.9612175711228983 4.8157572420053265 -2.9076081454634424 11.102817241587537 0.64779597300360781 -5.1629740888381184 5.4104305096897196 -7.4912333966105962 -1.6716597682264251 6.4530325570963614 10.849013402760342 -4.3195801648054077 0.37246793560959679 3.9533449650931254 3.1428937202730065 4.3398144349004442 5.6570239010554699 -2.0584885004443025 -0.97579901275797676 8.4512834985495058 7.9612825546410564 2.0307073008001852 -1.0936615477892251 -2.7948057006756879 1.0970238365660216 -3.9381723897681908 -0.90952650712751959 -6.2609264750847959 13.343087996238189 7.4275743776252119
leaf_weight=584 388 1379 4429 235 513 1916 587 2371 3759 1153 951 3548 3159 389 3017 1828 793 1110 322 1108 1201 3297 729 1282 3190 1351 3138 1441 191 523
leaf_count=584 388 1379 4429 235 513 1916 587 2371 3759 1153 951 3548 3159 389 3017 1828 793 1110 322 1108 1201 3297 729 1282 3190 1351 3138 1441 191 523
internal_value=-0.0134491 4.37968 -3.09178 7.54613 -1.66884 -5.90159 2.54713 -8.10474 -2.59357 6.34055 9.99562 -4.95874 -0.511892 1.65665 3.79072 3.59449 5.57016 -1.0096 1.11135 8.91525 7.22253 2.23361 0.0975687 -1.95729 1.29918 -3.14849 -0.690708 -5.63427 11.2661 6.36067
internal_weight=49882 20552 29330 7534 19470 9860 13018 2955 10821 5049 2485 6905 8649 7586 5432 4845 2695 4761 3900 1343 2354 3686 3888 5041 3578 5780 3651 3357 1142 1316
internal_count=49882 20552 29330 7534 19470 9860 13018 2955 10821 5049 2485 6905 8649 7586 5432 4845 2695 4761 3900 1343 2354 3686 3888 5041 3578 5780 3651 3357 1142 1316
is_linear=0
shrinkage=0.05


Tree=37
num_leaves=31
num_cat=0
split_feature=8 8 8 8 8 8 8 8 8 8 4 4 8 0 4 4 4 8 8 4 7 4 4 4 4 4 4 4 4 4
split_gain=2.43578e+08 4.74427e+07 3.76522e+07 8.7344e+06 8.32709e+06 5.77037e+06 5.65498e+06 1.86097e+06 1.35653e+06 1.27126e+06 1.17363e+06 1.45913e+06 1.10737e+06 1.05748e+06 899886 908061 795299 779446 675448 655878 651856 650495 622393 552702 604902 526351 518700 587394 510871 567062
threshold=3622.5675000000006 3054.0750000000003 4178.8175000000001 3322.0087500000004 2757.9700000000007 3857.9550000000004 4555.4162500000011 2504.5587500000006 3192.3850000000007 3475.5112500000005 21.500000000000004 7.5000000000000009 2922.5787500000006 27.925625000000007 19.500000000000004 3.5000000000000004 19.500000000000004 4771.6762500000004 3988.8175000000006 19.500000000000004 3930.3075000000003 4.5000000000000009 3.5000000000000004 17.500000000000004 22.500000000000004 18.500000000000004 19.500000000000004 12.500000000000002 20.500000000000004 3.5000000000000004
decision_type=2 2 2 2 2 2 2 2 2 2 2 2 2 2 2 2 2 2 2 2 2 2 2 2 2 2 2 2 2 2
left_child=1 4 5 8 7 14 13 -1 19 16 11 -7 -6 23 15 -2 21 -8 -13 22 26 -5 -3 -4 -25 -20 27 -11 29 -10
right_child=2 3 6 9 12 10 17 -9 28 20 -12 18 -14 -15 -16 -17 -18 -19 25 -21 -22 -23 -24 24 -26 -27 -28 -29 -30 -31
leaf_value=-9.6573246930096612 0.56635807687022466 -3.8368729761228915 4.5492520183213818 -1.8389523156393359 -5.2103763438082833 2.4655470408909657 9.086639188498026 -6.8659714650488404 -2.7986702246225068 0.26484277155751607 2.1936685170231374 3.960522362112449 -3.9678006052997326 7.5674230855817335 0.73122656164791699 2.4403811591517379 -2.6833905505078537 11.145002114617171 5.9670299606915158 -6.2469941222149394 -1.6145473990652761 -0.27646542041917926 -2.4909620111222122 6.6638306545880868 3.7661095226507877 4.4957399952175461 -0.79539304553195311 1.6008397715865437 -4.1148882484603151 -1.3813826784398509
leaf_weight=777 756 1070 537 805 3153 944 1151 2579 849 1895 793 2057 4157 1778 1376 4459 480 766 1152 138 360 3861 4355 1732 201 1287 563 1454 214 4183
leaf_count=777 756 1070 537 805 3153 944 1151 2579 849 1895 793 2057 4157 1778 1376 4459 480 766 1152 138 360 3861 4355 1732 201 1287 563 1454 214 4183
internal_value=-0.0127766 -2.75207 4.44374 -1.32921 -5.45036 2.90002 7.65488 -7.51224 -2.29907 -0.216114 3.99068 4.25263 -4.50376 6.63761 1.86861 2.16871 -0.745398 9.90913 4.62785 -2.84301 0.421455 -0.546033 -2.75642 5.9683 6.36252 5.19067 0.608817 0.844878 -1.72226 -1.62051
internal_weight=49882 30893 18989 20227 10666 12824 6165 3356 10809 9418 6233 5440 7310 4248 6591 5215 5146 1917 4496 5563 4272 4666 5425 2470 1933 2439 3912 3349 5246 5032
internal_count=49882 30893 18989 20227 10666 12824 6165 3356 10809 9418 6233 5440 7310 4248 6591 5215 5146 1917 4496 5563 4272 4666 5425 2470 1933 2439 3912 3349 5246 5032
is_linear=0
shrinkage=0.05


Tree=38
num_leaves=31
num_cat=0
split_feature=8 8 8 8 8 8 8 8 8 8 8 4 4 4 4 8 4 4 4 6 4 4 4 4 6 4 7 8 4 4
split_gain=2.1993e+08 3.88049e+07 3.829e+07 7.39878e+06 7.29532e+06 6.42344e+06 4.54259e+06 1.59237e+06 1.4235e+06 1.04959e+06 1.0442e+06 1.0208e+06 1.21031e+06 927009 1.01872e+06 926784 765837 786122 695271 655676 617795 573389 664800 568694 568605 558986 557412 515141 492157 499121
threshold=3575.0112500000005 3048.7387500000004 4094.7875000000008 4422.5750000000016 2743.8325000000004 3300.0412500000007 3792.4850000000001 2472.5250000000005 4690.4250000000011 3172.8575000000005 2914.7625000000003 21.500000000000004 7.5000000000000009 6.5000000000000009 19.500000000000004 3437.0325000000007 20.500000000000004 2.5000000000000004 19.500000000000004 3940.0150000000008 13.500000000000002 3.5000000000000004 22.500000000000004 19.500000000000004 4016.4475000000007 12.500000000000002 3749.3700000000003 3950.1175000000007 19.500000000000004 3.5000000000000004
decision_type=2 2 2 2 2 2 2 2 2 2 2 2 2 2 2 2 2 2 2 2 2 2 2 2 2 2 2 2 2 2
left_child=1 4 6 13 7 9 16 -1 21 28 -6 12 -8 -4 24 18 17 -2 25 20 -19 -5 -23 27 -15 -7 -17 -14 29 -3
right_child=2 5 3 8 10 15 11 -9 -10 -11 -12 -13 23 14 -16 26 -18 19 -20 -21 -22 22 -24 -25 -26 -27 -28 -29 -30 -31
leaf_value=-9.5829105060394504 -0.3308056486410253 -3.7434320008977324 3.7039535408472219 5.6041717356086806 -5.0338265782350184 -1.1116070999528516 2.0456814109806305 -6.6906748507967357 10.179476436758627 -1.7864301036219681 -3.8268305976219903 1.5836490156253142 3.6927406449599043 7.9912843457357159 4.8980635498567739 0.38874739404818537 0.069491986426900992 1.4817318670779023 -2.9062346496040981 0.034526460069778039 2.6966265268221044 8.6286518025984957 5.2188319963216792 2.9472075844225802 6.1087157925803917 0.11067363367010952 -1.1246914175384108 4.974067385960371 -6.0769118717738557 -2.4730223927783057
leaf_weight=584 481 964 575 234 3157 3001 1178 2571 1142 5244 4144 814 2026 508 1668 3338 973 2529 401 479 1785 1341 160 1279 1906 1359 744 1280 112 3905
leaf_count=584 481 964 575 234 3157 3001 1178 2571 1142 5244 4144 814 2026 508 1668 3338 973 2529 401 479 1785 1341 160 1279 1906 1359 744 1280 112 3905
internal_value=-0.0121378 -2.76903 3.98602 6.81509 -5.21694 -1.42671 2.32396 -7.22604 8.80861 -2.28014 -4.34874 3.24109 3.4752 5.58354 5.8483 -0.439903 1.35838 1.59617 -0.913868 1.78955 1.98442 7.90629 8.26518 3.84248 6.50488 -0.730626 0.112903 4.18884 -2.79993 -2.72455
internal_weight=49882 29524 20358 7534 10456 19068 12824 3155 2877 10225 7301 6577 5763 4657 4082 8843 6247 5274 4761 4793 4314 1735 1501 4585 2414 4360 4082 3306 4981 4869
internal_count=49882 29524 20358 7534 10456 19068 12824 3155 2877 10225 7301 6577 5763 4657 4082 8843 6247 5274 4761 4793 4314 1735 1501 4585 2414 4360 4082 3306 4981 4869
is_linear=0
shrinkage=0.05


Tree=39
num_leaves=31
num_cat=0
split_feature=8 8 8 8 8 8 8 8 8 4 8 4 4 4 4 8 4 4 8 7 7 4 7 4 6 4 6 6 4 4
split_gain=1.98783e+08 3.98249e+07 2.98689e+07 8.84176e+06 5.67881e+06 5.30948e+06 3.70933e+06 1.96462e+06 1.07979e+06 1.00591e+06 940418 886912 858773 843138 1.10853e+06 820608 799714 1.14706e+06 767137 708417 607819 588094 554155 517965 514812 509200 477507 462945 457212 449658
threshold=3637.5250000000005 3105.0050000000006 4229.2662500000015 2806.0137500000005 3371.1625000000004 3924.6612500000006 4657.6675000000005 2588.4350000000009 2967.1825000000003 21.500000000000004 3231.8450000000007 8.5000000000000018 2.5000000000000004 19.500000000000004 12.500000000000002 4389.817500000001 2.5000000000000004 19.500000000000004 3771.6512500000003 2922.0950000000007 3573.4800000000005 22.500000000000004 3331.0200000000004 2.5000000000000004 3656.5675000000006 22.500000000000004 4116.0350000000008 3904.5287500000004 20.500000000000004 2.5000000000000004
decision_type=2 2 2 2 2 2 2 2 2 2 2 2 2 2 2 2 2 2 2 2 2 2 2 2 2 2 2 2 2 2
left_child=1 3 5 7 10 9 11 19 -5 12 29 -4 -2 14 24 -13 -7 -18 27 -1 23 -17 -10 -12 -6 -8 -20 -14 -25 -3
right_child=2 4 6 8 13 16 25 -9 22 -11 20 15 18 -15 -16 21 17 -19 26 -21 -22 -23 -24 28 -26 -27 -28 -29 -30 -31
leaf_value=-7.3144729268723641 0.42563664725464573 -3.3631462749327237 4.5410247689497032 -4.3506270858358427 -0.073540265720384801 2.3051868055887037 9.999084626445164 -5.7360854285987077 -3.0188587969215961 0.36361552235479166 -2.3846909616210659 6.0315178687067208 2.0441903122481246 -1.2643835969006245 1.0054664684395651 7.8597313433393143 4.8804527149356192 3.3287151450821932 3.1005712658319551 -9.8078933309800558 -2.7136521888256722 4.6164734731633947 -4.670761914431842 -0.75746370417783027 -1.7555984865549883 7.5504691868908003 0.8362530015386993 0.30051505509995735 -3.2878087734315486 -2.0268055937299709
leaf_weight=966 643 734 519 3559 3633 620 1068 2778 4395 873 656 1855 2743 1087 2783 1513 2765 2092 2794 404 646 154 574 3939 520 265 254 442 187 4421
leaf_count=966 643 734 519 3559 3633 620 1068 2778 4395 873 656 1855 2743 1087 2783 1513 2765 2092 2794 404 646 154 574 3939 520 265 254 442 187 4421
internal_value=-0.0115309 -2.4454 4.08182 -4.6068 -0.972867 2.80462 7.22513 -6.50024 -3.68583 1.96239 -1.73343 6.47067 2.16538 0.0303808 0.233294 6.75502 3.99623 4.21209 2.34485 -8.04976 -1.27411 7.56011 -3.20968 -1.07964 -0.284152 9.5123 2.91188 1.80221 -0.872145 -2.21708
internal_weight=49882 31282 18600 12676 18606 13226 5374 4148 8528 7749 10583 4041 6876 8023 6936 3522 5477 4857 6233 1370 5428 1667 4969 4782 4153 1333 3048 3185 4126 5155
internal_count=49882 31282 18600 12676 18606 13226 5374 4148 8528 7749 10583 4041 6876 8023 6936 3522 5477 4857 6233 1370 5428 1667 4969 4782 4153 1333 3048 3185 4126 5155
is_linear=0
shrinkage=0.05


Tree=40
num_leaves=31
num_cat=0
split_feature=8 8 8 8 8 8 8 8 8 8 8 4 4 8 4 4 7 8 4 4 6 6 6 8 4 4 8 6 4 4
split_gain=1.79399e+08 3.20708e+07 3.04222e+07 6.30043e+06 5.34139e+06 4.97424e+06 4.3938e+06 1.2442e+06 1.15894e+06 906535 859591 851133 1.06408e+06 826806 821951 829572 719541 712677 673933 566722 552535 547230 545473 545135 503517 657568 498783 475244 470549 525074
threshold=3562.1300000000006 4165.3750000000009 3005.9525000000008 3236.5100000000007 3857.9550000000004 2682.6250000000005 4528.2287500000011 3420.0250000000005 2345.2987500000004 3726.0050000000006 2851.5150000000008 21.500000000000004 3.5000000000000004 4325.5875000000005 19.500000000000004 3.5000000000000004 3600.6225000000004 4771.6762500000004 6.5000000000000009 1.5000000000000002 4140.2037500000006 4372.0000000000009 3225.0900000000006 3988.8175000000006 19.500000000000004 3.5000000000000004 3119.5700000000002 3016.0012500000007 20.500000000000004 13.500000000000002
decision_type=2 2 2 2 2 2 2 2 2 2 2 2 2 2 2 2 2 2 2 2 2 2 2 2 2 2 2 2 2 2
left_child=2 4 5 14 9 8 13 16 -1 24 -7 12 -6 -3 15 -4 19 21 -17 -5 -15 -8 -9 -14 25 -2 -20 -12 29 -21
right_child=1 6 3 7 11 10 17 22 -10 -11 27 -13 23 20 -16 18 -18 -19 26 28 -22 -23 -24 -25 -26 -27 -28 -29 -30 -31
leaf_value=-10.625739085072219 -0.44328559747208723 4.9610036640475341 -3.3305001757652173 -2.3184830170064878 1.9176093900267355 -4.9928613166274864 10.097295972412709 1.5574088138798554 -6.6268060087067839 2.0082831996946569 -3.3612012136134624 1.8124532513244931 3.3384865981047853 8.1430619596095575 -5.3453404237449424 -1.236779526365539 -2.4396272230990479 9.6423667627524825 -2.9061315636101228 -0.86798490435234954 5.9580614673204018 7.2856649218579328 -0.20507356639597349 4.4418141941294689 -0.19225548814946811 1.4550426217803802 -1.9505993985251575 -4.4695667491942865 -2.7622175747778881 0.42259658722767024
leaf_weight=198 529 2322 1772 622 796 2555 204 496 2133 3684 2345 760 2194 356 237 1653 862 742 2519 3959 1545 1141 3820 2286 790 3314 2983 1646 268 984
leaf_count=198 529 2322 1772 622 796 2555 204 496 2133 3684 2345 760 2194 356 237 1653 862 742 2519 3959 1545 1141 3820 2286 790 3314 2983 1646 268 984
internal_value=-0.0107757 3.55068 -2.54383 -1.47057 2.24459 -4.98305 6.52156 -0.664495 -6.96648 1.42289 -4.27676 3.37682 3.60217 5.59403 -2.43912 -2.36196 -1.09124 8.39838 -2.12209 -0.891975 6.36725 7.71211 -0.00252694 3.90148 0.957399 1.19373 -2.38807 -3.81832 -0.721702 -0.61107
internal_weight=49715 20663 29052 20175 14353 8877 6310 11011 2331 8317 6546 6036 5276 4223 9164 8927 6695 2087 7155 5833 1901 1345 4316 4480 4633 3843 5502 3991 5211 4943
internal_count=49715 20663 29052 20175 14353 8877 6310 11011 2331 8317 6546 6036 5276 4223 9164 8927 6695 2087 7155 5833 1901 1345 4316 4480 4633 3843 5502 3991 5211 4943
is_linear=0
shrinkage=0.05


Tree=41
num_leaves=31
num_cat=0
split_feature=8 8 8 8 8 8 8 8 8 8 7 8 0 8 7 6 6 7 6 7 8 6 1 0 6 6 0 6 6 7
split_gain=1.61987e+08 3.18942e+07 2.51537e+07 5.60949e+06 4.61502e+06 4.55118e+06 4.05306e+06 1.22395e+06 1.16962e+06 858922 774401 765299 752302 746361 655502 651728 630031 514892 514810 486786 476939 452316 451720 444470 418129 412503 410883 373912 337192 314683
threshold=3520.5025000000005 4084.1937500000004 3005.9525000000008 4405.0625000000009 3236.5100000000007 2610.7512500000007 3745.5450000000005 2817.5200000000004 4727.9650000000011 3933.2175000000002 3671.7212500000001 2345.2987500000004 27.925625000000007 3383.2550000000006 3245.7562500000004 3347.0050000000006 4104.505000000001 4187.598750000001 4266.7150000000011 3245.7562500000004 3119.5700000000002 3485.5350000000003 5.5000000000000009 24.573125000000005 3405.1750000000006 3642.0012500000007 28.034375000000008 4050.4637500000003 2713.5450000000005 2914.2700000000004
decision_type=2 2 2 2 2 2 2 2 2 2 2 2 2 2 2 2 2 2 2 2 2 2 2 2 2 2 2 2 2 2
left_child=2 6 5 12 14 11 15 28 18 16 13 -1 22 -6 20 -2 21 23 -5 -9 -4 -8 -3 -17 -16 -11 -20 -14 -7 -13
right_child=1 3 4 8 10 7 9 19 -10 25 -12 29 27 -15 24 17 -18 -19 26 -21 -22 -23 -24 -25 -26 -27 -28 -29 -30 -31
leaf_value=-10.094452225078236 2.2709435000062919 3.6597807022419815 -2.4625217672130519 8.5562656030681463 -0.96989590258885738 -4.1661522433161737 3.8152433082589265 -3.5072759328663694 8.9631519367874315 5.1175687198782409 -1.8913605255407111 -6.3197167884252003 6.9817702555265591 -0.016992430361235846 -2.7261373652624328 -0.56519705812455323 0.27911041806092357 -1.657283932333147 5.7973263122507781 -5.0037104970429631 -1.6055697694267366 2.1698710245802881 4.8949760202206836 0.94041893142730137 -4.5374548038115377 3.0652442466962531 7.347255561730865 5.1729020144395568 -5.3980575252831562 -8.0633745604547951
leaf_weight=198 739 1568 3344 359 5073 775 466 3956 930 270 1306 1009 366 3454 2294 545 404 224 976 630 3156 4029 1402 4873 370 2627 761 1302 1961 348
leaf_count=198 739 1568 3344 359 5073 775 466 3956 930 270 1306 1009 366 3454 2294 545 404 224 976 630 3156 4029 1402 4873 370 2627 761 1302 1961 348
internal_value=-0.0102369 3.21402 -2.53664 5.81271 -1.5099 -4.7339 1.80919 -4.21217 7.4874 2.57404 -0.75756 -7.19058 4.72008 -0.583907 -2.31716 0.874726 2.17046 0.691846 6.83261 -3.71285 -2.04644 2.34045 4.24286 0.788968 -2.97771 3.25652 6.47637 5.56981 -5.04911 -6.76687
internal_weight=49715 21841 27874 7664 18997 8877 14177 7322 3026 7796 9833 1555 4638 8527 9164 6381 4899 5642 2096 4586 6500 4495 2970 5418 2664 2897 1737 1668 2736 1357
internal_count=49715 21841 27874 7664 18997 8877 14177 7322 3026 7796 9833 1555 4638 8527 9164 6381 4899 5642 2096 4586 6500 4495 2970 5418 2664 2897 1737 1668 2736 1357
is_linear=0
shrinkage=0.05


Tree=42
num_leaves=31
num_cat=0
split_feature=8 8 8 8 8 8 8 8 8 4 4 4 4 4 4 6 4 4 4 4 4 6 4 8 4 4 6 8 6 8
split_gain=1.4637e+08 2.5946e+07 2.50254e+07 6.18312e+06 3.92091e+06 3.64076e+06 3.34615e+06 1.62499e+06 885207 811773 789337 993012 776442 761271 912388 723837 721094 901608 664347 707961 637311 603056 571984 542440 541234 657936 484978 483664 483315 446122
threshold=3582.9625000000005 3094.6500000000005 4165.3750000000009 2806.0137500000005 3866.1200000000003 4584.4562500000011 3349.3750000000005 2504.5587500000006 4338.3125000000009 19.500000000000004 19.500000000000004 12.500000000000002 2.5000000000000004 3.5000000000000004 19.500000000000004 4050.4637500000003 21.500000000000004 3.5000000000000004 21.500000000000004 4.5000000000000009 6.5000000000000009 3649.1662500000007 4.5000000000000009 2967.1825000000003 22.500000000000004 3.5000000000000004 4140.2037500000006 3231.8450000000007 4472.0900000000011 4814.6737500000008
decision_type=2 2 2 2 2 2 2 2 2 2 2 2 2 2 2 2 2 2 2 2 2 2 2 2 2 2 2 2 2 2
left_child=1 3 4 7 10 8 13 -1 -4 12 11 -2 -5 -3 27 -13 17 -6 19 -8 22 -21 -14 -22 25 -7 -10 -15 -27 -30
right_child=2 6 5 9 16 24 18 -9 26 -11 -12 15 20 14 -16 -17 -18 -19 -20 21 23 -23 -24 -25 -26 28 -28 -29 29 -31
leaf_value=-7.6555332663132978 1.0505986658721025 -2.5370954069815821 4.5297625300179094 -4.2036857054499208 1.705140744047954 5.3230536102526118 -1.1576003852995402 -5.1138279178848247 7.6351718277862108 -6.8316447772477806 0.36252227739662313 2.6112819316704949 -2.9588082215995986 -1.6271939860886644 -3.7502957183076902 0.22420232665755757 1.6053978603455379 3.5624902146506252 -1.7144625744817095 0.44792534309976262 -4.0267374444397808 -0.9459875184570008 -1.4193106571729051 -2.8427887880873168 5.9808243225625093 11.119037076677595 5.5837448052639758 -0.84832857277612639 7.5917343257709904 9.8154343549629246
leaf_weight=776 3505 1751 2513 1418 769 165 1152 3316 345 152 1570 2490 1356 4434 391 364 732 4346 644 4491 1563 938 1087 2539 311 175 1747 3621 727 327
leaf_count=776 3505 1751 2513 1418 769 165 1152 3316 345 152 1570 2490 1356 4434 391 364 732 4346 644 4491 1563 938 1087 2539 311 175 1747 3621 727 327
internal_value=-0.00972507 -2.24351 3.28534 -4.01114 2.0909 5.89306 -1.00499 -5.59583 5.16226 -3.21205 1.36653 1.61441 -3.14296 -1.58827 -1.39156 2.30683 3.0732 3.28325 -0.181782 -0.0317975 -2.91315 0.207091 -2.27382 -3.29391 7.86687 8.28764 5.92205 -1.27707 8.68565 8.28163
internal_weight=49715 29629 20086 12207 13776 6310 17422 4092 4605 8115 7929 6359 7963 10197 8446 2854 5847 5115 7225 6581 6545 5429 2443 4102 1705 1394 2092 8055 1229 1054
internal_count=49715 29629 20086 12207 13776 6310 17422 4092 4605 8115 7929 6359 7963 10197 8446 2854 5847 5115 7225 6581 6545 5429 2443 4102 1705 1394 2092 8055 1229 1054
is_linear=0
shrinkage=0.05


Tree=43
num_leaves=31
num_cat=0
split_feature=8 8 8 8 8 8 8 4 4 8 0 8 6 8 4 4 8 4 6 7 6 8 6 7 4 4 4 7 7 4
split_gain=1.32209e+08 2.64455e+07 2.02641e+07 4.58264e+06 4.13017e+06 3.46413e+06 3.37945e+06 817051 892010 794184 758540 747346 731315 678793 667644 677871 659171 621699 605091 559535 540147 539931 507297 491465 483204 470030 527621 413971 407998 393066
threshold=3513.7012500000005 4084.1937500000004 2981.3850000000007 4445.3162500000008 3207.0187500000006 3745.5450000000005 2610.7512500000007 21.500000000000004 7.5000000000000009 4727.9650000000011 27.313125000000003 2841.0100000000007 2986.8300000000004 3407.8400000000006 19.500000000000004 3.5000000000000004 2345.2987500000004 6.5000000000000009 3259.5012500000007 3628.2012500000005 3642.0012500000007 3933.2175000000002 4337.6800000000012 4081.0300000000002 1.5000000000000002 21.500000000000004 8.5000000000000018 2829.6250000000005 4187.598750000001 20.500000000000004
decision_type=2 2 2 2 2 2 2 2 2 2 2 2 2 2 2 2 2 2 2 2 2 2 2 2 2 2 2 2 2 2
left_child=2 5 6 10 14 18 16 8 28 22 -3 -8 -6 19 15 -4 -1 -17 -2 24 -10 -22 -5 25 -14 26 -20 -19 -7 -26
right_child=1 3 4 9 12 7 11 -9 20 -11 -12 -13 13 -15 -16 17 -18 27 23 -21 21 -23 -24 -25 29 -27 -28 -29 -30 -31
leaf_value=-9.2069529485220851 2.3806693744192375 3.7989966816644127 -3.0611193297509818 8.1006817865671614 0.56466478316701563 1.7087137812284181 -4.4746357362058866 0.92398850991878734 3.9632684467041743 8.1119098269106242 5.0331455998304415 -3.4035147279578988 -2.2889619255483313 -0.30566107381447849 -5.0496525879089651 -1.1167982118468689 -6.1187086502593857 -0.68074721759138401 0.27986873062884199 -2.5037912337275525 2.1307519738716176 3.2474794617976013 5.8884265728124561 -1.1454914538915542 -0.78316888246738725 -0.56398729259339364 1.3204963051311078 -2.3599091501311413 -1.2366354343248531 -2.7721836682023677
leaf_weight=198 536 2720 1746 318 912 1444 3134 914 871 930 2296 3390 685 3134 208 1664 1357 398 2041 729 2568 1871 1400 367 5140 614 3021 4720 128 261
leaf_count=198 536 2720 1746 318 912 1444 3134 914 871 930 2296 3390 685 3134 208 1664 1357 398 2041 729 2568 1871 1400 367 5140 614 3021 4720 128 261
internal_value=-0.00923882 2.88019 -2.31015 5.25225 -1.44146 1.61553 -4.41731 2.32856 2.5151 6.935 4.36391 -3.91806 -0.790461 -0.914682 -2.25081 -2.18255 -6.51194 -1.95636 0.770601 -1.19475 2.82482 2.60144 6.29791 0.627792 -1.03795 0.742449 0.900915 -2.22933 1.46889 -0.879287
internal_weight=49715 22039 27676 7664 19597 14375 8079 7796 6882 2648 5016 6524 10861 9949 8736 8528 1555 6782 6579 6815 5310 4439 1718 6043 6086 5676 5062 5118 1572 5401
internal_count=49715 22039 27676 7664 19597 14375 8079 7796 6882 2648 5016 6524 10861 9949 8736 8528 1555 6782 6579 6815 5310 4439 1718 6043 6086 5676 5062 5118 1572 5401
is_linear=0
shrinkage=0.05


Tree=44
num_leaves=31
num_cat=0
split_feature=8 8 8 8 8 8 8 8 4 4 1 4 4 4 4 4 7 4 4 4 4 4 8 4 4 4 4 4 4 4
split_gain=1.19488e+08 2.39278e+07 1.80654e+07 5.48909e+06 3.3537e+06 3.1797e+06 2.10895e+06 1.35427e+06 783339 734891 979836 731856 650698 647970 769417 632416 577275 562180 548653 545515 877293 687293 531013 503798 497866 535691 489145 659689 481064 461860
threshold=3637.5250000000005 3115.0250000000005 4242.8275000000003 2806.0137500000005 3933.2175000000002 3383.2550000000006 4620.6500000000005 2472.5250000000005 19.500000000000004 19.500000000000004 5.5000000000000009 2.5000000000000004 1.5000000000000002 2.5000000000000004 19.500000000000004 21.500000000000004 3938.5575000000003 6.5000000000000009 4.5000000000000009 2.5000000000000004 18.500000000000004 17.500000000000004 2967.1825000000003 2.5000000000000004 12.500000000000002 6.5000000000000009 21.500000000000004 12.500000000000002 22.500000000000004 3.5000000000000004
decision_type=2 2 2 2 2 2 2 2 2 2 2 2 2 2 2 2 2 2 2 2 2 2 2 2 2 2 2 2 2 2
left_child=1 3 4 7 9 13 12 -1 11 10 23 -5 -4 -3 24 -14 26 18 -13 -6 21 -21 -19 -2 25 -15 27 -7 29 -8
right_child=2 5 6 8 19 16 28 -9 -10 -11 -12 17 15 14 -16 -17 -18 22 -20 20 -22 -23 -24 -25 -26 -27 -28 -29 -30 -31
leaf_value=-7.2674936352647608 0.02191311472300642 -2.2618746388392195 3.114129665652408 -3.7657791940366039 1.7664069767717434 -0.13722334831182179 4.9069603869789526 -4.679874409953336 -6.1838741479918014 0.65670397103805245 2.8690897809849178 -2.6400254523961806 5.5520670965819585 -0.54184216286132114 -3.0714709344117539 3.5738469552855161 -1.5619949194103422 -3.6475837594576266 -1.1879663828439511 3.5378085415848393 2.7525743636131144 5.5509164157729822 -2.512912826318626 1.6291052159735835 -0.39044496149093799 -1.5490848132847883 -1.1516003845539533 0.88751806360106278 5.4257340281894528 8.0284697518616284
leaf_weight=591 554 1467 395 1541 621 3627 133 3501 172 1789 1609 1435 2770 1878 483 473 513 1563 1190 1469 2726 596 3030 4068 2298 4443 632 2770 291 1087
leaf_count=591 554 1467 395 1541 621 3627 133 3501 172 1789 1609 1435 2770 1878 483 473 513 1563 1190 1469 2726 596 3030 4068 2298 4443 632 2770 291 1087
internal_value=-0.00877688 -1.90245 3.16423 -3.53708 2.19896 -0.727044 5.68231 -5.0536 -2.84225 1.54994 1.8064 -2.77663 5.03016 -1.2867 -1.12952 5.26354 0.0572263 -2.56545 -1.98176 3.16072 3.34145 4.11883 -2.89904 1.43646 -1.0207 -1.24983 0.175403 0.306506 7.25246 7.68817
internal_weight=49715 31134 18581 13023 13432 18111 5149 4092 8931 8020 6231 8759 3638 10569 9102 3243 7542 7218 2625 5412 4791 2065 4593 4622 8619 6321 7029 6397 1511 1220
internal_count=49715 31134 18581 13023 13432 18111 5149 4092 8931 8020 6231 8759 3638 10569 9102 3243 7542 7218 2625 5412 4791 2065 4593 4622 8619 6321 7029 6397 1511 1220
is_linear=0
shrinkage=0.05


Tree=45
num_leaves=31
num_cat=0
split_feature=8 8 8 8 8 8 8 8 8 4 4 6 4 6 6 4 6 8 4 7 6 7 4 4 4 7 7 4 4 7
split_gain=1.08852e+08 2.19659e+07 1.61511e+07 4.91776e+06 3.09175e+06 2.80842e+06 1.92671e+06 925846 834131 728552 739617 691005 657035 646714 600905 600829 588111 567933 519805 510389 487755 463773 463443 458840 516792 458192 429599 422982 409320 403589
threshold=3651.0112500000005 3115.0250000000005 4242.8275000000003 2769.5450000000005 3420.0250000000005 3970.0150000000008 4620.6500000000005 2537.4000000000005 2959.7600000000007 21.500000000000004 8.5000000000000018 3011.0212500000002 1.5000000000000002 3777.0100000000007 4104.505000000001 22.500000000000004 3635.2637500000005 3271.0300000000002 22.500000000000004 3353.5050000000006 4104.505000000001 3245.7562500000004 1.5000000000000002 3.5000000000000004 21.500000000000004 3664.1700000000005 3342.3050000000007 3.5000000000000004 21.500000000000004 4070.7962500000008
decision_type=2 2 2 2 2 2 2 2 2 2 2 2 2 2 2 2 2 2 2 2 2 2 2 2 2 2 2 2 2 2
left_child=1 3 5 7 11 9 12 -1 21 10 29 -3 -4 -7 26 20 23 -13 27 -10 -14 -5 -15 -6 -25 -19 -12 -8 -24 -2
right_child=2 4 6 8 16 13 18 -9 19 -11 14 17 15 22 -16 -17 -18 25 -20 -21 -22 -23 28 24 -26 -27 -28 -29 -30 -31
leaf_value=-6.2683719117860885 1.1857646575905592 -0.1585936755782128 2.9411242089121816 -3.1104180995822368 -0.73707741729560361 4.7534598593145665 4.7137829149576058 -4.4509341842252281 -2.1930353382824097 0.29891663959004899 4.7762498156229656 -1.6651761648959509 6.5976176066345049 1.1795473311212514 0.48464079156361584 2.298141500109967 -0.59592988652907952 -0.72822753779197225 5.0647655574691219 -3.7233531255463408 4.9334356807510833 -4.7477054438326096 3.2834446777540784 0.85642329021675168 -0.79194475443458512 -2.2061403801816826 2.1785164246430191 7.6980810622858815 1.7876856447162486 -1.4289940729748998
leaf_weight=967 2054 1492 414 3426 693 539 133 2545 4901 960 165 5344 534 353 524 186 1802 4164 302 613 2509 495 3261 3776 544 600 4491 1107 532 159
leaf_count=967 2054 1492 414 3426 693 539 133 2545 4901 960 165 5344 534 353 524 186 1802 4164 302 613 2509 495 3261 3776 544 600 4491 1107 532 159
internal_value=0.00974854 -1.776 3.08305 -3.35414 -0.666466 2.14434 5.44348 -4.95135 -2.75961 1.59476 1.76303 -1.16305 4.81641 3.1242 2.08991 5.05685 0.178779 -1.31131 6.92495 -2.36316 5.22547 -3.31711 2.91238 0.457259 0.648851 -0.914363 2.27058 7.37799 3.07365 0.997899
internal_weight=49585 31362 18223 12947 18415 13038 5185 3512 9435 8353 7393 11600 3643 4685 5180 3229 6815 10108 1542 5514 3043 3921 4146 5013 4320 4764 4656 1240 3793 2213
internal_count=49585 31362 18223 12947 18415 13038 5185 3512 9435 8353 7393 11600 3643 4685 5180 3229 6815 10108 1542 5514 3043 3921 4146 5013 4320 4764 4656 1240 3793 2213
is_linear=0
shrinkage=0.05


Tree=46
num_leaves=31
num_cat=0
split_feature=6 6 6 4 3 6 4 3 4 4 3 4 4 4 6 4 1 3 4 4 7 1 4 7 7 1 4 4 4 6
split_gain=6.62578e+07 1.03482e+07 9.2156e+06 2.98051e+06 3.57978e+06 2.02056e+06 2.00774e+06 1.79298e+06 1.47996e+06 1.21834e+06 1.09267e+06 1.08742e+06 1.2292e+06 946571 876402 841770 762962 754585 685783 670708 568885 500008 480041 614595 475611 395008 388551 357279 355763 321407
threshold=3704.8862500000005 3308.1037500000007 4294.7462500000011 4.5000000000000009 1.0000000180025095e-35 3957.7100000000005 17.500000000000004 1.0000000180025095e-35 13.500000000000002 21.500000000000004 1.0000000180025095e-35 13.500000000000002 21.500000000000004 13.500000000000002 2850.9400000000005 6.5000000000000009 4.5000000000000009 1.0000000180025095e-35 21.500000000000004 12.500000000000002 3797.0300000000002 5.5000000000000009 22.500000000000004 4424.1550000000016 2986.7600000000007 1.5000000000000002 15.500000000000002 21.500000000000004 6.5000000000000009 3459.7987500000004
decision_type=2 2 2 2 2 2 2 2 2 2 2 2 2 2 2 2 2 2 2 2 2 2 2 2 2 2 2 2 2 2
left_child=1 3 5 14 11 10 -4 8 21 20 13 15 26 -2 -1 -5 25 19 -15 -7 -10 -3 23 -8 28 -17 -13 -21 -6 -9
right_child=2 7 6 4 24 17 22 29 9 -11 -12 12 -14 18 -16 16 -18 -19 -20 27 -22 -23 -24 -25 -26 -27 -28 -29 -30 -31
leaf_value=-3.6764015268307904 0.8293677780845512 -0.010020725827029852 2.7219801219616029 -0.43779422752959107 -2.0162455513456163 1.4457334149599452 4.5576419114527225 -1.6294124122821849 1.042248403600972 -0.65462774351938824 0.31703957017056261 -0.17983540147010293 -2.5441841447562807 2.668213539300992 -2.4482228315253072 -1.4396140473270627 -1.8986590785517863 1.6876302320760068 0.61593596996929678 3.4226179493226945 2.5743627066715611 -1.1795456446268935 3.5754785676166101 6.0312743816020573 -2.3322411715515821 0.39106274606263053 1.2921389550050313 1.8743423581270233 -3.8075918999541702 -0.67019296628087754
leaf_weight=2187 1855 3590 1154 1863 338 633 1271 1486 1907 828 2072 1119 434 2229 4325 570 5317 1744 498 2879 888 1226 424 1596 1708 610 748 428 1540 2118
leaf_count=2187 1855 3590 1154 1863 338 633 1271 1486 1907 828 2072 1119 434 2229 4325 570 5317 1744 498 2879 888 1226 424 1596 1708 610 748 428 1540 2118
internal_value=0.00926111 -1.29811 2.56448 -1.97453 -1.56948 1.86123 4.5165 -0.132135 0.266557 1.02997 1.26985 -1.10981 -0.14728 1.70071 -2.8607 -1.37474 -1.6434 2.55354 2.29343 2.93682 1.52902 -0.307744 5.14575 5.37798 -2.93604 -0.493247 0.4099 3.22224 -3.48519 -1.0657
internal_weight=49585 32802 16783 20759 14247 12338 4445 12043 8439 3623 6654 10661 2301 4582 6512 8360 6497 5684 2727 3940 2795 4816 3291 2867 3586 1180 1867 3307 1878 3604
internal_count=49585 32802 16783 20759 14247 12338 4445 12043 8439 3623 6654 10661 2301 4582 6512 8360 6497 5684 2727 3940 2795 4816 3291 2867 3586 1180 1867 3307 1878 3604
is_linear=0
shrinkage=0.05


Tree=47
num_leaves=31
num_cat=0
split_feature=8 8 8 8 8 8 8 6 6 7 8 6 6 6 7 4 4 8 6 8 8 7 6 4 4 7 8 4 4 4
split_gain=9.06242e+07 1.7165e+07 1.49815e+07 3.0833e+06 2.7904e+06 2.68235e+06 2.22476e+06 732315 704611 671830 656176 647856 630539 612348 604644 584909 706163 570199 559762 539059 516449 491254 448811 426638 630693 422757 413779 399982 570398 384720
threshold=3549.0825000000004 4106.0162500000015 3011.8287500000001 4472.2675000000008 3247.0225000000005 2682.6250000000005 3792.4850000000001 3987.0012500000007 3190.9950000000003 3656.6550000000002 4928.8850000000011 3642.0012500000007 3245.2362500000004 3380.2762500000003 3245.7562500000004 22.500000000000004 2.5000000000000004 2425.5450000000005 4422.2587500000009 3431.6962500000004 4295.5550000000012 4226.5175000000008 3896.4800000000005 19.500000000000004 12.500000000000002 3782.6225000000009 3144.3375000000001 2.5000000000000004 6.5000000000000009 21.500000000000004
decision_type=2 2 2 2 2 2 2 2 2 2 2 2 2 2 2 2 2 2 2 2 2 2 2 2 2 2 2 2 2 2
left_child=2 6 5 7 12 17 13 -3 -6 19 15 -8 26 -2 27 16 -5 -1 -18 -10 -9 23 29 24 -13 -14 -4 -7 -29 -15
right_child=1 3 4 10 8 14 11 20 9 -11 -12 21 25 22 -16 -17 18 -19 -20 -21 -22 -23 -24 -25 -26 -27 -28 28 -30 -31
leaf_value=-6.7243918609283773 2.0899273533998648 5.0881475643311269 -1.7573177131971154 3.3757716973288723 0.37954914741844936 -3.705975186979142 3.3447775038953873 2.9447635724464876 -0.80337120085247238 -1.6635553246690606 8.6199997491306739 1.6213043067893314 -2.2521905394360768 0.9731384083123169 -4.2534658677571002 3.6071073722380862 8.0489627688118581 -4.6317724407999306 5.831978214541568 0.13141392688310938 4.0957028817505821 0.74639060691362191 -0.43599470481412478 1.4398301480578528 2.9950405528469615 -5.5603006525795067 -0.97292352361834089 -2.0304388046786324 -3.1330921000799585 -0.34689107005000119
leaf_weight=391 841 792 4208 238 1927 1062 897 2339 4378 1440 198 1463 2205 4724 855 312 356 1944 1422 2381 1671 795 822 1719 1948 101 2800 2149 2582 625
leaf_count=391 841 792 4208 238 1927 1062 897 2339 4378 1440 198 1463 2205 4724 855 312 356 1944 1422 2381 1671 795 822 1719 1948 101 2800 2149 2582 625
internal_value=0.00879806 2.48607 -1.83562 4.44264 -1.0553 -3.52431 1.44966 3.69878 -0.480781 -0.682984 5.85674 2.0925 -1.67991 0.824236 -3.01226 5.62172 5.9335 -4.98219 6.27587 -0.474073 3.42437 1.90291 0.651744 2.08214 2.40584 -2.39708 -1.44392 -2.82907 -2.63223 0.818901
internal_weight=49585 21162 28423 7328 19440 8983 13834 4802 10126 8199 2526 6822 9314 7012 6648 2328 2016 2335 1778 6759 4010 5925 6171 5130 3411 2306 7008 5793 4731 5349
internal_count=49585 21162 28423 7328 19440 8983 13834 4802 10126 8199 2526 6822 9314 7012 6648 2328 2016 2335 1778 6759 4010 5925 6171 5130 3411 2306 7008 5793 4731 5349
is_linear=0
shrinkage=0.05


Tree=48
num_leaves=31
num_cat=0
split_feature=6 6 6 4 3 4 3 4 0 3 0 4 4 4 4 4 0 6 4 6 4 4 0 0 4 4 0 1 6 0
split_gain=5.38507e+07 9.05835e+06 7.01464e+06 2.75582e+06 3.13616e+06 1.61525e+06 1.66145e+06 1.56668e+06 1.56568e+06 1.38567e+06 1.16044e+06 1.07436e+06 1.05789e+06 1.21651e+06 1.02324e+06 849082 752016 703923 456690 403106 361592 355035 539358 477497 335564 521968 508111 374242 335487 313716
threshold=3724.0400000000004 3347.0050000000006 4324.2800000000016 4.5000000000000009 1.0000000180025095e-35 13.500000000000002 1.0000000180025095e-35 17.500000000000004 25.093125000000004 1.0000000180025095e-35 26.211875000000003 13.500000000000002 13.500000000000002 21.500000000000004 21.500000000000004 6.5000000000000009 29.465625000000006 2850.9400000000005 1.5000000000000002 3948.4012500000003 15.500000000000002 17.500000000000004 25.630625000000006 28.565625000000008 21.500000000000004 17.500000000000004 26.164375000000003 1.5000000000000002 4824.9700000000003 27.779375000000005
decision_type=2 2 2 2 2 2 2 2 2 2 2 2 2 2 2 2 2 2 2 2 2 2 2 2 2 2 2 2 2 2
left_child=1 3 5 17 12 -2 8 -4 -7 11 -9 18 15 20 21 -5 -17 -1 -3 -8 29 23 -23 -13 25 -10 -27 -28 -12 -14
right_child=2 9 7 4 -6 6 19 10 24 -11 28 14 13 -15 -16 16 -18 -19 -20 -21 -22 22 -24 -25 -26 26 27 -29 -30 -31
leaf_value=-3.307727163496236 0.87465172120180645 -1.4941592895946993 2.4504360833552066 -0.27977805884637924 -2.5760332339347367 0.7317368407879381 0.33189303665471015 2.7073019860143011 2.4429361153680897 -0.83340445178313594 4.9450807865899655 0.4815972063350823 -0.92358410478175113 -2.2688234094432707 -0.54768950024663443 -1.7317056772573556 -0.47227236132732148 -2.2154546035195923 0.043279525774706465 1.5993608540049467 1.2712034697282053 1.265054719693059 3.8146502320433697 2.1080926847283186 1.853230024272527 2.7388079302712582 2.7178289707005026 4.5696035854922856 6.5025756132351349 0.6912408059299413
leaf_weight=2187 3532 554 991 1965 3933 940 1043 572 1777 3374 2072 1195 569 496 809 5433 1516 4531 3770 1574 861 501 354 725 608 1116 355 1179 415 638
leaf_count=2187 3532 554 991 1965 3933 940 1043 572 1777 3374 2072 1195 569 496 809 5433 1516 4531 3770 1574 861 501 354 725 608 1116 355 1179 415 638
internal_value=0.00835815 -1.13809 2.3766 -1.72593 -1.35753 1.77478 2.1448 4.17821 2.60495 0.0149323 4.73794 0.376881 -0.940009 -0.0449836 1.01701 -1.19745 -1.45695 -2.57104 -0.1537 1.09421 0.488394 1.47317 2.32068 1.09577 2.95467 3.10594 3.55053 4.14106 5.20498 -0.0700147
internal_weight=49585 33411 16174 22129 15411 12124 8592 4050 5975 11282 3059 7908 11478 2564 3584 8914 6949 6718 4324 2617 2068 2775 855 1920 5035 4427 2650 1534 2487 1207
internal_count=49585 33411 16174 22129 15411 12124 8592 4050 5975 11282 3059 7908 11478 2564 3584 8914 6949 6718 4324 2617 2068 2775 855 1920 5035 4427 2650 1534 2487 1207
is_linear=0
shrinkage=0.05


Tree=49
num_leaves=31
num_cat=0
split_feature=8 8 8 8 8 8 8 6 8 6 6 7 6 6 7 8 8 6 7 6 8 6 8 6 7 8 7 0 0 7
split_gain=7.57372e+07 1.5965e+07 1.12303e+07 3.28903e+06 2.48991e+06 2.04883e+06 1.31328e+06 747651 744296 704809 698856 673301 604811 576966 569896 551403 546916 510576 496707 443758 442909 435355 409347 445987 405589 354587 343886 333770 333578 322245
threshold=3651.0112500000005 3084.9900000000002 4255.8450000000003 2698.0050000000006 3316.0412500000007 3988.8175000000006 4620.6500000000005 3613.1812500000001 2922.5787500000006 3190.9950000000003 3335.4600000000005 3743.1775000000002 3872.0137500000005 4104.505000000001 4150.8100000000013 2425.5450000000005 3487.7725000000005 3016.0012500000007 2829.6250000000005 2974.1387500000005 3800.0100000000007 4472.0900000000011 4928.8850000000011 4404.8925000000008 3613.5612500000002 3172.8575000000005 3412.7812500000005 28.034375000000008 24.488125000000007 3762.1650000000004
decision_type=2 2 2 2 2 2 2 2 2 2 2 2 2 2 2 2 2 2 2 2 2 2 2 2 2 2 2 2 2 2
left_child=1 3 5 15 10 7 13 -2 18 -6 25 16 -7 -4 20 28 -11 -10 -5 -20 -9 -14 23 -8 -19 -3 -17 -15 -1 -12
right_child=2 4 6 8 9 12 22 14 17 11 29 -13 21 27 -16 26 -18 24 19 -21 -22 -23 -24 -25 -26 -27 -28 -29 -30 -31
leaf_value=-4.3910325272562538 2.2737146916518345 -1.3937037835996247 5.5307484174723225 -2.2537992879364097 1.0310511415424644 3.9734332052008492 7.9631254681889319 0.83091666777020823 -1.600003390903832 -0.41171166316592622 -1.8832669114098537 -1.1639284865885404 2.5279239093481998 3.3093358689018988 -0.19438159363919205 -4.1000248539075077 0.44994086627637675 -2.4587223241341118 -2.9103658989748307 -4.2631154650690588 1.6771967179759835 -0.20385214870789481 7.9293325655388118 5.1581735265703399 -5.5432123781324512 -0.69597567735417543 -7.569102182903805 4.3975157500854856 -7.4021181393062143 -4.3105725167581701
leaf_weight=148 1792 3133 553 1367 1268 749 161 2892 2526 4145 1661 1584 3602 1672 729 2063 3314 2674 1564 990 3322 152 198 1183 111 4348 74 1218 243 149
leaf_count=148 1792 3133 553 1367 1268 749 161 2892 2526 4145 1661 1584 3602 1672 729 2063 3314 2674 1564 990 3322 152 198 1183 111 4348 74 1218 243 149
internal_value=0.00794025 -1.48162 2.57149 -2.93808 -0.60783 1.8098 4.5942 1.36319 -2.50052 -0.0729057 -1.20148 -0.227701 2.67615 4.05109 1.12818 -4.53602 -0.0288833 -2.11477 -3.02301 -3.43473 1.28334 2.41731 5.80687 5.49418 -2.58166 -0.98818 -4.22015 3.76795 -6.26237 -2.08308
internal_weight=49585 31362 18223 11760 19602 13238 4985 8735 9232 10311 9291 9043 4503 3443 6943 2528 7459 5311 3921 2554 6214 3754 1542 1344 2785 7481 2137 2890 391 1810
internal_count=49585 31362 18223 11760 19602 13238 4985 8735 9232 10311 9291 9043 4503 3443 6943 2528 7459 5311 3921 2554 6214 3754 1542 1344 2785 7481 2137 2890 391 1810
is_linear=0
shrinkage=0.05


Tree=50
num_leaves=31
num_cat=0
split_feature=7 7 0 4 4 7 0 7 0 4 1 0 4 3 4 0 0 1 4 4 1 4 3 4 0 4 1 4 5 4
split_gain=4.04065e+07 6.79396e+06 4.30711e+06 4.12108e+06 2.76089e+06 2.05526e+06 1.98533e+06 1.32031e+06 1.17009e+06 1.11645e+06 1.0529e+06 703809 684218 666980 564809 539782 526106 521627 471358 463544 463099 452955 988888 449279 441700 414918 389644 389036 383036 378452
threshold=3539.9700000000007 3977.0200000000004 26.111875000000005 13.500000000000002 17.500000000000004 3104.1425000000004 24.968125000000004 4372.7737500000012 24.488125000000007 16.500000000000004 4.5000000000000009 25.114375000000006 4.5000000000000009 1.0000000180025095e-35 17.500000000000004 30.013125000000006 29.863125000000007 9.5000000000000018 22.500000000000004 12.500000000000002 1.5000000000000002 3.5000000000000004 1.0000000180025095e-35 18.500000000000004 24.445625000000003 6.5000000000000009 5.5000000000000009 6.5000000000000009 1.0000000180025095e-35 6.5000000000000009
decision_type=2 2 2 2 2 2 2 2 2 2 2 2 2 2 2 2 2 2 2 2 2 2 2 2 2 2 2 2 2 2
left_child=3 6 11 5 15 21 -2 23 -5 16 20 26 -12 -10 -15 17 25 -4 -11 -17 -7 24 -23 28 -1 -8 -3 -24 -6 -14
right_child=1 2 4 8 7 10 9 -9 13 18 12 -13 29 14 -16 19 -18 -19 -20 -21 -22 22 27 -25 -26 -27 -28 -29 -30 -31
leaf_value=-2.9081575052674364 -0.6785801351752383 -1.3012020097931005 0.99004660187876992 -2.1991756742908843 2.2865284452953283 -1.1764715457930435 0.89545236416918061 4.9805866958521303 0.66163466461925358 1.988063890353547 -2.3709426822979944 1.6549521116305943 -0.38084632840050064 -1.028598083635871 0.79796334856948936 0.072558673579117355 1.2664370873155386 5.0696321617989319 -0.10216627737988725 3.0782656461322055 -0.093979238585991345 -1.343977433347088 -1.626789755865389 2.736292564820697 -1.7335528107438822 -0.15815161306831957 0.67443720556895059 -2.8749886034174152 5.0652205696389432 -1.4030586212587193
leaf_weight=2316 1847 358 1166 567 169 1512 1747 2107 3069 3265 1586 1752 1139 1466 595 145 2514 84 294 1112 2851 4478 879 1483 1223 2009 824 2154 466 4416
leaf_count=2316 1847 358 1166 567 169 1512 1747 2107 3069 3265 1586 1752 1139 1466 595 145 2514 84 294 1112 2851 4478 879 1483 1223 2009 824 2154 466 4416
internal_value=-0.00489168 1.63715 2.61763 -1.24536 3.31441 -1.54887 0.825463 4.0944 -0.0437972 1.10809 -1.08108 1.01888 -1.45498 0.194429 -0.501279 1.99992 0.706611 1.26419 1.8154 2.73155 -0.469118 -2.03588 -1.81614 3.21281 -2.50224 0.331903 0.0760626 -2.51325 4.32569 -1.19346
internal_weight=49593 21342 9666 28251 6732 22554 11676 4225 5697 9829 11504 2934 7141 5130 2061 2507 6270 1250 3559 1257 4363 11050 7511 2118 3539 3756 1182 3033 635 5555
internal_count=49593 21342 9666 28251 6732 22554 11676 4225 5697 9829 11504 2934 7141 5130 2061 2507 6270 1250 3559 1257 4363 11050 7511 2118 3539 3756 1182 3033 635 5555
is_linear=0
shrinkage=0.05


Tree=51
num_leaves=31
num_cat=0
split_feature=8 8 8 8 8 8 8 6 7 6 7 6 6 7 8 7 8 6 6 6 8 8 8 6 6 7 6 6 6 7
split_gain=6.30319e+07 1.267e+07 1.04211e+07 2.34209e+06 2.02992e+06 1.80816e+06 1.734e+06 743356 668402 646894 641258 620978 619046 555581 505778 478858 470320 555471 448436 416094 408573 377686 346216 333355 330393 307228 295843 280341 275566 258595
threshold=3507.4550000000004 4084.1937500000004 2975.0950000000007 4498.9400000000014 3212.2862500000006 2610.7512500000007 3751.5937500000005 3553.5125000000003 3245.7562500000004 3896.4800000000005 3447.9975000000004 3613.1812500000001 3888.7662500000001 4200.6162500000009 4295.5550000000012 2922.0950000000007 4928.8850000000011 4422.2587500000009 3005.0150000000008 3313.8025000000002 2829.2150000000006 3354.7250000000004 3915.4400000000005 3405.1750000000006 4498.7337500000003 2870.1737500000004 4116.0350000000008 3011.0212500000002 4693.3900000000012 2841.1350000000007
decision_type=2 2 2 2 2 2 2 2 2 2 2 2 2 2 2 2 2 2 2 2 2 2 2 2 2 2 2 2 2 2
left_child=2 6 5 9 8 15 12 18 -4 -3 20 -8 19 22 24 -1 17 -5 -6 -2 29 -20 -13 -10 -11 -22 -9 -27 -16 -7
right_child=1 3 4 16 7 10 11 26 23 14 -12 13 -14 -15 28 -17 -18 -19 21 -21 25 -23 -24 -25 -26 27 -28 -29 -30 -31
leaf_value=-4.1017998320086484 1.8238173555473958 4.596576305955411 -1.2827652132579184 6.454690390670855 0.70616784258256349 -2.6136772397220476 2.7817010494772494 -1.4326419343277097 -2.0309163530970431 2.5415497077146032 -5.2149212705437096 1.2854485774626534 -0.87866819527860707 0.2483244782410278 3.6065797561966892 -6.0219584043921355 7.3950401817237479 4.3571078587344951 -0.77123673705813156 0.54563931169264202 -1.531367622439356 -0.077837311675293647 2.0700059969177551 -3.7955493743349979 -0.097209646745074194 -2.1600833806817952 -6.1502297457526716 -3.309551838894464 0.83146112542203143 -3.5705324315444544
leaf_weight=1140 719 596 6732 386 922 1392 1010 1472 2042 2736 256 3239 697 839 1850 454 181 1731 4359 5564 970 3574 2485 308 124 1400 34 854 94 1433
leaf_count=1140 719 596 6732 386 922 1392 1010 1472 2042 2736 256 3239 697 839 1850 454 181 1731 4359 5564 970 3574 2485 308 124 1400 34 854 94 1433
internal_value=-0.00464709 1.97132 -1.6127 3.61181 -0.990517 -3.14416 1.10357 -0.512198 -1.5362 3.04287 -2.7638 1.62754 0.535076 1.44993 2.85012 -4.6487 4.94872 4.73957 -0.337541 0.691909 -2.66006 -0.458844 1.62605 -2.2622 2.42714 -2.2754 -1.53915 -2.5956 3.47239 -3.09905
internal_weight=49593 22251 27342 7698 19443 7899 14553 10361 9082 5400 6305 7573 6980 6563 4804 1594 2298 2117 8855 6283 6049 7933 5724 2350 2860 3224 1506 2254 1944 2825
internal_count=49593 22251 27342 7698 19443 7899 14553 10361 9082 5400 6305 7573 6980 6563 4804 1594 2298 2117 8855 6283 6049 7933 5724 2350 2860 3224 1506 2254 1944 2825
is_linear=0
shrinkage=0.05


Tree=52
num_leaves=31
num_cat=0
split_feature=8 8 8 8 8 8 8 7 6 7 6 7 6 4 4 8 4 4 7 8 6 8 4 4 4 6 7 6 4 4
split_gain=5.68863e+07 1.14659e+07 9.42431e+06 2.18057e+06 2.09864e+06 1.52784e+06 1.31768e+06 721988 677410 617674 591128 585635 578831 570009 686507 496423 476526 612813 436354 430021 534828 404448 393855 448759 416009 391357 381036 413033 368059 331718
threshold=3507.4550000000004 4165.3750000000009 3027.5687500000008 3843.2937500000003 2698.0050000000006 4498.9400000000014 3251.6712500000003 3554.0700000000002 3896.4800000000005 3447.9975000000004 4050.4637500000003 3235.5125000000003 4472.0900000000011 19.500000000000004 7.5000000000000009 2425.5450000000005 21.500000000000004 3.5000000000000004 3250.2975000000001 4868.6775000000007 4444.4925000000012 3726.0050000000006 2.5000000000000004 19.500000000000004 12.500000000000002 3405.1750000000006 2829.6250000000005 3021.6687500000003 3.5000000000000004 22.500000000000004
decision_type=2 2 2 2 2 2 2 2 2 2 2 2 2 2 2 2 2 2 2 2 2 2 2 2 2 2 2 2 2 2
left_child=2 3 4 8 15 10 11 22 16 26 -3 28 13 14 -5 -1 17 -2 -19 20 -7 -20 -8 24 -24 -13 -6 -28 -4 -22
right_child=1 5 6 12 9 19 7 -9 -10 -11 -12 25 -14 -15 -16 -17 -18 18 21 -21 29 -23 23 -25 -26 -27 27 -29 -30 -31
leaf_value=-5.6333608601817602 -0.17544639488562705 4.3578947159167907 -1.7241469610200058 1.1364680405588568 -1.6443817045188132 5.9784357886087331 -1.1342007837943402 -1.2735632672375417 -0.40284840795023169 -4.5224103075169753 2.7981392076288816 -1.6176186016293614 -1.4456295826869419 1.2901020628559876 2.6539046929391388 -3.7090499162576274 -0.23114835495351935 3.0556234018973827 0.78828881428147901 6.2575985226579895 4.2626903932668476 1.6676169810466306 -0.19637025661961216 -1.5571058947222132 0.73802436572573926 -3.2640594392467595 -2.1271157358835668 -3.0896010924998212 -0.78215472800113206 2.1373481616238568
leaf_weight=395 998 745 1334 982 1921 420 923 1903 1261 310 3290 2494 129 2204 3093 2212 920 289 4128 372 1292 1914 3772 442 1741 422 3064 1752 4657 214
leaf_count=395 998 745 1334 982 1921 420 923 1903 1261 310 3290 2494 129 2204 3093 2212 920 289 4128 372 1292 1914 3772 442 1741 422 3064 1752 4657 214
internal_value=-0.00441474 1.87276 -1.53206 1.15684 -2.78857 3.6722 -0.846268 -0.411628 0.676468 -2.34018 3.08612 -1.27476 1.86976 1.93788 2.28823 -4.00061 0.841459 0.976102 1.15763 4.70129 4.40069 1.06684 -0.173149 -0.0241896 0.0987106 -1.85589 -2.23977 -2.47726 -0.991906 3.96068
internal_weight=49593 22251 27342 15918 9654 6333 17688 8781 9510 7047 4035 8907 6408 6279 4075 2607 8249 7329 6331 2298 1926 6042 6878 5955 5513 2916 6737 4816 5991 1506
internal_count=49593 22251 27342 15918 9654 6333 17688 8781 9510 7047 4035 8907 6408 6279 4075 2607 8249 7329 6331 2298 1926 6042 6878 5955 5513 2916 6737 4816 5991 1506
is_linear=0
shrinkage=0.05


Tree=53
num_leaves=31
num_cat=0
split_feature=8 8 8 8 8 8 8 8 4 4 4 4 4 4 4 4 1 4 4 4 1 4 4 4 1 1 0 8 1 1
split_gain=5.13775e+07 1.1156e+07 7.82451e+06 2.44911e+06 1.63561e+06 1.24503e+06 1.09021e+06 623543 578912 524066 519473 516157 612199 490179 556516 486659 452395 430443 471324 388183 520713 383370 572530 375545 613623 365863 355247 341291 335395 349043
threshold=3637.5250000000005 3084.9900000000002 4216.4300000000012 2781.8587500000003 3343.5300000000002 3857.9550000000004 4657.6675000000005 2537.4000000000005 19.500000000000004 19.500000000000004 2.5000000000000004 19.500000000000004 12.500000000000002 21.500000000000004 2.5000000000000004 1.5000000000000002 5.5000000000000009 4.5000000000000009 22.500000000000004 19.500000000000004 5.5000000000000009 6.5000000000000009 3.5000000000000004 18.500000000000004 5.5000000000000009 2.5000000000000004 24.595625000000005 4338.3125000000009 5.5000000000000009 2.5000000000000004
decision_type=2 2 2 2 2 2 2 2 2 2 2 2 2 2 2 2 2 2 2 2 2 2 2 2 2 2 2 2 2 2
left_child=1 3 5 7 9 19 17 26 15 10 -3 12 -6 14 -7 -5 25 -4 27 20 -2 22 -17 24 -16 -12 -1 -19 29 -14
right_child=2 4 6 8 11 13 -8 -9 -10 -11 16 -13 28 -15 23 21 -18 18 -20 -21 -22 -23 -24 -25 -26 -27 -28 -29 -30 -31
leaf_value=-3.481705796875842 0.79231277134693601 -1.7578159122180173 1.9257087590207769 -3.080894106384414 -0.2220883860741929 0.76512120922317473 4.8951391398165587 -3.1265225309781082 -5.0526591115349895 -2.7545446160888174 -0.85206277611937209 -0.99140489918044494 0.77357037408723384 0.76342473131860633 2.2488944933248685 -2.1795066527638332 -0.48265351916732374 3.01061735464768 1.3249861953331501 0.11852890364201457 1.9659468071004094 -2.101117618385016 -0.80252293081891013 1.7462365912809519 4.1177814088067617 -2.1365371446274133 -5.4035185289634784 4.0171824325290402 1.0551693336568624 -1.0838192997782148
leaf_weight=417 3669 1403 534 794 4727 753 1327 2789 149 382 1638 1170 568 869 2316 1271 5957 1452 245 1283 1273 3984 1859 2312 542 838 568 2005 2043 456
leaf_count=417 3669 1403 534 794 4727 753 1327 2789 149 382 1638 1170 568 869 2316 1271 5957 1452 245 1283 1273 3984 1859 2312 542 838 568 2005 2043 456
internal_value=-0.004194 -1.24985 2.075 -2.45735 -0.505088 1.40423 3.64456 -3.50846 -1.965 -0.937533 -0.866966 -0.0121462 0.134856 1.87237 2.03507 -1.90682 -0.718755 3.25279 3.44422 0.893449 1.09463 -1.77578 -1.36168 2.22003 2.60332 -1.28679 -4.58992 3.59441 0.684994 -0.0535485
internal_weight=49593 31013 18580 11831 19182 13017 5563 3774 8057 10218 9836 8964 7794 6792 5923 7908 8433 4236 3702 6225 4942 7114 3130 5170 2858 2476 985 3457 3067 1024
internal_count=49593 31013 18580 11831 19182 13017 5563 3774 8057 10218 9836 8964 7794 6792 5923 7908 8433 4236 3702 6225 4942 7114 3130 5170 2858 2476 985 3457 3067 1024
is_linear=0
shrinkage=0.05


Tree=54
num_leaves=31
num_cat=0
split_feature=7 7 0 4 4 0 7 7 0 4 1 0 4 0 1 4 4 1 1 3 4 4 3 4 4 0 0 5 1 4
split_gain=2.5973e+07 4.57457e+06 3.25777e+06 2.90081e+06 2.26457e+06 1.42398e+06 1.18771e+06 1.02543e+06 887376 843818 637977 497822 496629 480513 525940 476378 457936 414144 727725 413480 411655 372624 717732 370263 360272 379008 326205 324593 357641 306902
threshold=3519.0037500000003 3938.5575000000003 25.985625000000002 13.500000000000002 17.500000000000004 25.093125000000004 3104.1425000000004 4355.4437500000013 24.445625000000003 17.500000000000004 4.5000000000000009 24.860625000000002 4.5000000000000009 30.013125000000006 9.5000000000000018 18.500000000000004 21.500000000000004 5.5000000000000009 4.5000000000000009 1.0000000180025095e-35 12.500000000000002 3.5000000000000004 1.0000000180025095e-35 17.500000000000004 6.5000000000000009 28.565625000000008 24.155625000000004 1.0000000180025095e-35 9.5000000000000018 22.500000000000004
decision_type=2 2 2 2 2 2 2 2 2 2 2 2 2 2 2 2 2 2 2 2 2 2 2 2 2 2 2 2 2 2
left_child=3 5 11 6 13 -2 21 15 -5 -7 -8 -3 -12 14 -4 27 -11 18 -13 -10 -15 26 -23 -21 -14 -26 -1 28 -6 -9
right_child=1 2 4 8 7 9 10 29 19 16 12 17 24 20 -16 -17 -18 -19 -20 23 -22 22 -24 -25 25 -27 -28 -29 -30 -31
leaf_value=-2.5533476543772098 -0.56722256135813853 -0.33764963614521548 0.59837424202575906 -1.9803671904263043 0.59830736060937251 0.5840422349949228 -0.42271011207229875 4.2625911958930187 0.6066374193613312 2.0907267094216442 -1.993496704517381 1.5439520391612354 -0.17877876993430336 0.099479025883537131 4.2086266945261475 2.0932931899111309 0.50019724839237412 1.7869782985107516 -1.0685740164502491 -0.75424208001673432 2.5126960210033404 -1.0412448712926099 -2.0373878056390113 0.75323770261618872 -1.4862095622437428 -0.46646617929700557 -1.5931573478067991 4.3451324423805611 5.9303205932058942 2.4331199979344849
leaf_weight=1742 2150 896 1354 504 135 6988 4175 1995 2884 1745 1549 601 1118 207 109 1636 611 1029 479 1440 1208 4478 3033 568 3080 1294 1797 488 41 259
leaf_count=1742 2150 896 1354 504 135 6988 4175 1995 2884 1745 1549 601 1118 207 109 1636 611 1029 479 1440 1208 4478 3033 568 3080 1294 1797 488 41 259
internal_value=-0.0039843 1.28111 2.03892 -1.02283 2.60063 0.592979 -1.27489 3.29447 0.0172661 0.859934 -0.912424 0.649695 -1.2028 1.50273 0.867354 2.55172 1.67824 1.06916 0.385248 0.223073 2.15967 -1.6428 -1.4435 -0.327823 -0.97979 -1.18453 -2.06579 3.68123 1.84042 4.05237
internal_weight=49593 21931 10437 27662 7432 11494 22266 4554 5396 9344 11216 3005 7041 2878 1463 2300 2356 2109 1080 4892 1415 11050 7511 2008 5492 4374 3539 664 176 2254
internal_count=49593 21931 10437 27662 7432 11494 22266 4554 5396 9344 11216 3005 7041 2878 1463 2300 2356 2109 1080 4892 1415 11050 7511 2008 5492 4374 3539 664 176 2254
is_linear=0
shrinkage=0.05


Tree=55
num_leaves=31
num_cat=0
split_feature=8 8 8 8 8 8 8 7 6 6 7 6 7 7 6 8 6 4 4 4 6 8 8 7 0 6 4 4 4 6
split_gain=4.37748e+07 8.78796e+06 7.66053e+06 2.04448e+06 1.61455e+06 1.26575e+06 840530 762388 685559 643336 588442 571810 555779 535353 509790 489304 514374 463458 433012 409446 391773 379650 355661 349429 343551 342320 300078 295866 349698 283452
threshold=3513.7012500000005 4019.1987500000005 2953.0587500000006 4422.5750000000016 3172.8575000000005 2588.4350000000009 3719.0812500000006 3567.2662500000006 3613.1812500000001 3613.1812500000001 3216.1687500000003 3888.7662500000001 2929.5550000000007 3245.7562500000004 4177.5300000000016 4868.6775000000007 4444.4925000000012 1.5000000000000002 19.500000000000004 12.500000000000002 4693.3900000000012 3322.0087500000004 4281.2512500000012 4070.7962500000008 24.595625000000005 3240.0100000000007 3.5000000000000004 22.500000000000004 11.500000000000002 3329.9125000000008
decision_type=2 2 2 2 2 2 2 2 2 2 2 2 2 2 2 2 2 2 2 2 2 2 2 2 2 2 2 2 2 2
left_child=2 6 5 11 10 12 9 17 -8 -2 26 -3 -1 -7 18 16 -5 -6 19 -10 22 25 -13 -11 -14 -19 -4 28 -18 -12
right_child=1 3 4 15 7 13 8 -9 14 23 29 20 24 -15 -16 -17 27 21 -20 -21 -22 -23 -24 -25 -26 -27 -28 -29 -30 -31
leaf_value=-3.4486339622693039 0.90024069888532476 3.5997188599891965 -1.7612411657924492 4.8261929116055775 -1.2736483067982389 -2.2399906606849544 2.3132837285867951 -1.3484834337621636 0.89898119843043856 0.021497402868390591 -1.8248743125315219 1.9426660533258275 -3.4172056661934413 -3.7814273410100379 -0.63876214376880458 5.634909524538287 1.2104623506203394 -0.091898314002894887 0.41752961381420661 1.8945184570853024 -1.4736530152902212 0.18133318928491812 2.854677207395679 -1.955244831333355 -6.6259251453329586 -0.92867052208932199 -0.92199494053367703 1.4919534311266174 3.7457811204784544 -3.3611969242105908
leaf_weight=973 3025 800 1390 740 1069 5249 1162 2040 2109 2555 1834 3575 119 631 446 387 151 2715 1599 2024 73 4123 1525 245 279 2223 4557 210 1370 359
leaf_count=973 3025 800 1390 740 1069 5249 1162 2040 2109 2555 1834 3575 119 631 446 387 151 2715 1599 2024 73 4123 1525 245 279 2223 4557 210 1370 359
internal_value=-0.00172746 1.66171 -1.32929 2.88195 -0.83121 -2.7244 0.843172 -0.466618 1.19908 0.394699 -1.37631 2.3557 -4.09249 -2.40541 0.989511 3.98177 3.72286 -0.289026 1.1162 1.38651 2.16332 -0.172862 2.21538 -0.151468 -5.66653 -0.468598 -1.11815 3.25119 3.49408 -2.07637
internal_weight=49557 21996 27561 8831 20310 7251 13165 12170 7340 5825 8140 5973 1371 5880 6178 2858 2471 10130 5732 4133 5173 9061 5100 2800 398 4938 5947 1731 1521 2193
internal_count=49557 21996 27561 8831 20310 7251 13165 12170 7340 5825 8140 5973 1371 5880 6178 2858 2471 10130 5732 4133 5173 9061 5100 2800 398 4938 5947 1731 1521 2193
is_linear=0
shrinkage=0.05


Tree=56
num_leaves=31
num_cat=0
split_feature=8 8 8 8 8 8 8 6 6 6 6 7 6 4 4 4 7 4 4 8 6 4 6 6 8 7 4 7 8 4
split_gain=3.95148e+07 7.81508e+06 7.00787e+06 1.7281e+06 1.45046e+06 1.18135e+06 822629 693048 600729 586414 548842 535592 535572 512043 499224 494238 461285 451990 488600 417182 467824 398450 372188 358387 356312 336700 309894 305947 292939 273265
threshold=3520.5025000000005 4041.9750000000004 2959.7600000000007 4445.3162500000008 3158.2487500000007 2563.1450000000004 3739.0137500000005 3553.5125000000003 3613.1812500000001 3613.1812500000001 3215.5087500000004 4226.5175000000008 3896.4800000000005 19.500000000000004 3.5000000000000004 19.500000000000004 2929.5550000000007 12.500000000000002 6.5000000000000009 4868.6775000000007 4444.4925000000012 19.500000000000004 2914.3150000000005 4585.2562500000013 4295.5550000000012 4070.7962500000008 3.5000000000000004 2841.1350000000007 2817.5200000000004 22.500000000000004
decision_type=2 2 2 2 2 2 2 2 2 2 2 2 2 2 2 2 2 2 2 2 2 2 2 2 2 2 2 2 2 2
left_child=2 6 5 12 10 16 9 14 -8 -2 -4 21 -3 22 -6 17 -1 18 -16 20 -5 26 -7 24 -14 -11 -10 -24 -29 -22
right_child=1 3 4 19 7 13 8 -9 11 25 -12 -13 23 -15 15 -17 -18 -19 -20 -21 29 -23 27 -25 -26 -27 -28 28 -30 -31
leaf_value=-3.3701616727836203 0.91896951414230221 3.5437563750281118 -1.1128379663846879 4.7510443317678321 -1.0402281786119227 -1.8619400515994533 2.3107871463628955 -1.3719560235497399 0.51120950146761557 0.10613683956943108 -2.1809388302826864 -0.39834846656380951 1.9101927803322216 -5.9541216241552481 0.48929415258405706 -1.4107273818852988 -5.5299579622556401 0.51427077792341014 -0.54548162744631534 5.3531640755421748 3.3832121098692052 0.50861995323793241 -1.9920666655301784 -0.11242267608749015 2.8456595715058475 -1.7031992914326861 1.6580169388130768 -4.0156206871189735 -2.630144860800069 1.4456156204884443
leaf_weight=825 3010 749 5820 619 1930 3203 1048 1775 724 2915 1516 604 3394 94 1526 724 353 2507 4519 387 1454 1609 1132 175 1454 282 3161 540 1300 208
leaf_count=825 3010 749 5820 619 1930 3203 1048 1775 724 2915 1516 604 3394 94 1526 724 353 2507 4519 387 1454 1609 1132 175 1454 282 3161 540 1300 208
internal_value=-0.00164109 1.59196 -1.25252 2.78292 -0.771587 -2.5646 0.839194 -0.453996 1.20495 0.418106 -1.33356 1.0149 2.2965 -2.29161 -0.308594 -0.156367 -4.01737 -0.0501744 -0.284263 3.83525 3.57772 1.17027 -2.23586 2.11051 2.19076 -0.0534605 1.4443 -2.63884 -3.03675 3.14072
internal_weight=49557 21793 27764 8440 20317 7447 13353 12981 7146 6207 7336 6098 5772 6269 11206 9276 1178 8552 6045 2668 2281 5494 6175 5023 4848 3197 3885 2972 1840 1662
internal_count=49557 21793 27764 8440 20317 7447 13353 12981 7146 6207 7336 6098 5772 6269 11206 9276 1178 8552 6045 2668 2281 5494 6175 5023 4848 3197 3885 2972 1840 1662
is_linear=0
shrinkage=0.05


Tree=57
num_leaves=31
num_cat=0
split_feature=6 6 6 4 3 4 4 4 3 4 4 4 4 3 4 4 4 1 4 4 5 1 4 1 1 4 7 7 5 7
split_gain=2.15491e+07 3.45079e+06 2.74032e+06 1.45043e+06 1.15597e+06 972398 838885 803430 769427 714948 610855 535768 736911 526158 417609 406711 497725 313547 300339 334276 259059 227071 207936 207615 235568 206474 200085 187178 185267 179996
threshold=3724.0400000000004 3303.1112500000004 4324.2800000000016 3.5000000000000004 1.0000000180025095e-35 12.500000000000002 17.500000000000004 12.500000000000002 1.0000000180025095e-35 21.500000000000004 21.500000000000004 13.500000000000002 19.500000000000004 1.0000000180025095e-35 22.500000000000004 6.5000000000000009 4.5000000000000009 4.5000000000000009 17.500000000000004 19.500000000000004 1.0000000180025095e-35 4.5000000000000009 6.5000000000000009 8.5000000000000018 4.5000000000000009 15.500000000000002 4424.1550000000016 3921.8200000000002 1.0000000180025095e-35 3353.5050000000006
decision_type=2 2 2 2 2 2 2 2 2 2 2 2 2 2 2 2 2 2 2 2 2 2 2 2 2 2 2 2 2 2
left_child=1 3 5 23 11 -2 -4 17 10 13 -7 15 25 18 26 16 -5 29 27 -20 -16 -17 -6 24 -1 -13 -8 -9 -12 -3
right_child=2 7 6 4 22 8 14 9 -10 -11 28 12 -14 -15 20 21 -18 -19 19 -21 -22 -23 -24 -25 -26 -27 -28 -29 -30 -31
leaf_value=-1.3274414524413374 0.38352058265954908 -0.64709221956036433 1.3421910686048626 -1.1504409514503136 -1.0547145390390702 1.9114642572375917 2.7412103783315587 0.51350126097647875 0.68607419233509737 -0.73093568637969208 1.5987385147478845 0.091178434074654535 -1.7024510873517074 -0.18930464368974739 3.6356141741844739 -0.3870499591656229 0.18863913636544455 -0.86998221027280742 2.604618310168445 0.65333308572666005 0.8002397640301937 -1.1592552923027042 -1.8515908290711729 -1.4337088709315156 -2.3450529458671383 1.1929566114298418 3.6282287637148309 1.8300315471697588 0.033663005350163526 0.051751868874614575
leaf_weight=741 3209 1369 952 1113 1150 5270 1062 2138 2642 1223 270 1103 473 1398 110 1157 1843 2672 502 390 301 5373 2841 1775 2446 692 1584 309 631 2818
leaf_count=741 3209 1369 952 1113 1150 5270 1062 2138 2642 1223 270 1103 473 1398 110 1157 1843 2672 502 390 301 5373 2841 1775 2446 692 1584 309 631 2818
internal_value=-0.00155904 -0.722536 1.50624 -1.12166 -0.886741 1.12873 2.63827 -0.0778176 1.40008 0.346826 1.70577 -0.637097 0.0532788 0.625083 3.04189 -0.802158 -0.315554 -0.446803 0.966057 1.75148 1.5591 -1.02243 -1.62197 -1.86708 -2.10845 0.515931 3.27221 0.679749 0.502665 -0.176745
internal_weight=49557 33526 16031 20707 15745 12022 4009 12819 8813 5960 6171 11754 2268 4737 3057 9486 2956 6859 3339 892 411 6530 3991 4962 3187 1795 2646 2447 901 4187
internal_count=49557 33526 16031 20707 15745 12022 4009 12819 8813 5960 6171 11754 2268 4737 3057 9486 2956 6859 3339 892 411 6530 3991 4962 3187 1795 2646 2447 901 4187
is_linear=0
shrinkage=0.05


Tree=58
num_leaves=31
num_cat=0
split_feature=8 8 8 8 8 8 6 6 8 6 4 4 7 6 6 4 1 8 7 6 7 6 4 4 4 4 6 8 8 4
split_gain=3.31117e+07 6.8666e+06 5.89131e+06 1.566e+06 1.26722e+06 956612 715185 705974 769304 527145 480201 753766 518890 470175 465729 460552 456381 445043 440873 436995 424056 423885 380078 387849 318578 392863 314901 303870 300802 284542
threshold=3500.6900000000001 4019.1987500000005 2938.1100000000006 4389.817500000001 3149.0300000000002 2563.1450000000004 3546.6200000000003 4177.5300000000016 3739.0137500000005 3016.0012500000007 6.5000000000000009 3.5000000000000004 2829.6250000000005 3380.2762500000003 3896.4800000000005 19.500000000000004 5.5000000000000009 4814.6737500000008 3587.0875000000005 4266.7150000000011 2929.5550000000007 3016.0012500000007 3.5000000000000004 19.500000000000004 3.5000000000000004 19.500000000000004 4528.1125000000002 3300.0412500000007 2841.0100000000007 1.5000000000000002
decision_type=2 2 2 2 2 2 2 2 2 2 2 2 2 2 2 2 2 2 2 2 2 2 2 2 2 2 2 2 2 2
left_child=2 7 5 14 9 20 21 8 13 -4 11 -7 -12 -2 -3 16 -10 19 -11 -5 -1 -6 -23 27 -15 -26 29 -24 -14 -16
right_child=1 3 4 17 6 10 -8 -9 15 18 12 -13 28 24 26 -17 -18 -19 -20 -21 -22 22 23 -25 25 -27 -28 -29 -30 -31
leaf_value=-3.1163206763205431 1.4020866189934642 3.1151499851645017 -0.74094307419563643 4.57043229269427 0.4996462116191957 -2.4834487020858007 -1.4170096083608854 -1.0079179345003226 1.1609209115628525 -1.4981115581732265 -1.7630218317853694 -0.95541057303347898 -3.9710591762150198 -0.79190322525659229 0.70517432707918171 0.49794999781854116 2.3127433122516989 4.6448133610150091 -4.0363923636715064 2.8297036312283503 -5.1871301399538607 -1.0748762121196953 -0.48540754449330836 -1.4770105046680468 0.60177811605108633 -0.49680542194854899 -0.0374621531258435 0.16029294545537748 -2.5661458788126348 2.0332890646734803
leaf_weight=825 1021 804 2965 430 1445 1735 1642 569 3428 4394 920 1509 760 665 447 1759 1148 575 178 2232 353 1796 3701 613 3920 1027 219 3589 764 4124
leaf_count=825 1021 804 2965 430 1445 1735 1642 569 3428 4394 920 1509 760 665 447 1759 1148 575 178 2232 353 1796 3701 613 3920 1027 219 3589 764 4124
internal_value=-0.00148108 1.42344 -1.17374 2.50808 -0.745948 -2.44 -0.442815 0.715869 0.791504 -1.26019 -2.17142 -1.77266 -2.7007 0.415146 2.00159 1.18557 1.44988 3.38336 -1.59693 3.11089 -3.73686 -0.299273 -0.4183 -0.269089 0.235591 0.373712 1.81467 -0.167517 -3.26676 1.90341
internal_weight=49557 22368 27189 8831 20323 6866 12786 13537 12968 7537 5688 3244 2444 6633 5594 6335 4576 3237 4572 2662 1178 11144 9699 7903 5612 4947 4790 7290 1524 4571
internal_count=49557 22368 27189 8831 20323 6866 12786 13537 12968 7537 5688 3244 2444 6633 5594 6335 4576 3237 4572 2662 1178 11144 9699 7903 5612 4947 4790 7290 1524 4571
is_linear=0
shrinkage=0.05


Tree=59
num_leaves=31
num_cat=0
split_feature=8 8 8 8 8 8 8 7 6 6 7 7 6 6 6 6 4 4 4 4 7 6 4 4 7 4 4 6 6 8
split_gain=2.99208e+07 6.31939e+06 5.112e+06 1.43634e+06 969947 968303 782158 660169 656536 586083 544153 517314 514478 491331 417411 404156 384698 449556 358026 390634 349684 310196 296692 347730 335508 281378 281072 277413 256818 251743
threshold=3596.3175000000006 3048.7387500000004 4216.4300000000012 2728.3100000000004 3915.4400000000005 3305.3462500000005 4657.6675000000005 3587.0875000000005 3240.0100000000007 3423.8000000000006 3245.7562500000004 3053.0337500000005 4104.505000000001 4116.0350000000008 4404.8925000000008 3210.5100000000007 19.500000000000004 12.500000000000002 19.500000000000004 7.5000000000000009 3628.2012500000005 4404.8925000000008 2.5000000000000004 6.5000000000000009 2829.6250000000005 22.500000000000004 4.5000000000000009 4164.0150000000012 3229.8850000000007 2851.5150000000008
decision_type=2 2 2 2 2 2 2 2 2 2 2 2 2 2 2 2 2 2 2 2 2 2 2 2 2 2 2 2 2 2
left_child=1 3 4 11 9 8 12 15 -3 -2 22 -1 -4 16 18 -7 17 -11 19 -6 -10 -8 -5 -24 -25 26 -14 -9 -12 -26
right_child=2 5 6 10 14 7 21 27 20 13 28 -13 25 -15 -16 -17 -18 -19 -20 -21 -22 -23 23 24 29 -27 -28 -29 -30 -31
leaf_value=-2.5965630295134594 1.8377221046609991 -0.51431975616065007 3.6553953761525069 -2.1783599209379068 0.94957934411156253 1.0328637082434253 6.3460434581922449 -0.70738092421754284 -1.19458783415341 0.45110655309769598 -2.2689254177569906 -4.2506112651647747 1.1462597178201699 -1.0101239883660675 -0.67992519077367897 -0.0059346079128928539 -0.027772946727957073 1.3578288964141771 1.0914349956785958 2.2489588395921287 -2.9098691552525344 3.6273594422808966 -0.83754733652371882 -0.66786623680922108 -3.1154899841515808 0.42007573688881994 2.5070694348616076 -4.4334061968560317 -4.1670306661149912 -1.7080517253491454
leaf_weight=2346 973 6911 751 1155 755 1130 115 2437 3157 3210 816 592 438 482 205 5463 1669 2381 1983 2473 328 1197 2331 665 382 206 2839 51 228 1888
leaf_count=2346 973 6911 751 1155 755 1130 115 2437 3157 3210 816 592 438 482 205 5463 1669 2381 1983 2473 328 1197 2331 665 382 206 2839 51 228 1888
internal_value=-0.00140703 -0.998403 1.51256 -1.99335 1.00767 -0.466986 2.79897 -0.0897782 -0.796481 0.681115 -1.62477 -2.92985 2.46844 0.535754 1.53315 0.172109 0.638387 0.837246 1.62021 1.94505 -1.35603 3.86566 -1.45264 -1.29346 -1.65555 2.21251 2.32519 -0.783758 -2.68345 -1.9449
internal_weight=49557 29880 19677 10403 14131 19477 5546 9081 10396 8715 7465 2938 4234 7742 5416 6593 7260 5591 5211 3228 3485 1312 6421 5266 2935 3483 3277 2488 1044 2270
internal_count=49557 29880 19677 10403 14131 19477 5546 9081 10396 8715 7465 2938 4234 7742 5416 6593 7260 5591 5211 3228 3485 1312 6421 5266 2935 3483 3277 2488 1044 2270
is_linear=0
shrinkage=0.05


Tree=60
num_leaves=31
num_cat=0
split_feature=8 8 8 8 8 7 8 7 8 6 6 7 4 6 6 6 6 4 6 6 8 4 4 6 7 4 6 4 8 6
split_gain=2.7232e+07 6.07232e+06 4.28272e+06 1.18699e+06 1.06584e+06 672344 644823 632617 613359 531016 515261 496203 472279 400021 382153 367263 362928 322425 320811 317729 312944 309011 392721 307551 290969 325172 278391 278321 274163 260686
threshold=3630.0150000000008 3016.7750000000005 4216.4300000000012 3290.2300000000005 2648.6612500000006 3580.5200000000004 3890.9100000000003 3240.8775000000005 4620.6500000000005 3613.1812500000001 4104.505000000001 4114.6850000000013 18.500000000000004 3834.5475000000001 3215.5087500000004 3405.1750000000006 2937.6225000000004 3.5000000000000004 3826.4012500000003 4472.0900000000011 2345.2987500000004 18.500000000000004 17.500000000000004 4472.0900000000011 2851.5450000000005 6.5000000000000009 4693.3900000000012 3.5000000000000004 3437.0325000000007 4116.0350000000008
decision_type=2 2 2 2 2 2 2 2 2 2 2 2 2 2 2 2 2 2 2 2 2 2 2 2 2 2 2 2 2 2
left_child=1 4 6 7 20 14 9 27 10 -2 -4 21 16 -8 -5 -9 -6 -18 -7 -10 -1 22 29 -15 -19 -26 -12 -3 -16 -11
right_child=2 3 8 5 12 18 13 15 19 11 26 -13 -14 23 28 -17 17 24 -20 -21 -22 -23 -24 -25 25 -27 -28 -29 -30 -31
leaf_value=-4.8950904424970201 1.4267280454829825 -1.1353989836234166 3.5251232254495224 0.92505358265975135 -1.2886951292485389 -0.50780578064045656 2.1760531841337416 -1.1376740168575228 5.2810336538645783 0.76368948928397384 2.204451064455923 -1.0226731100573738 -4.8135943468411764 1.2543725977004063 -0.32178827238259 -2.5167381044176587 -3.0421395074606328 -1.0692295205311775 -2.0634734399202936 3.2222635513388074 -2.8002422275635102 -0.087754076004478793 2.5475794671060612 -1.0100654215083249 -1.0842467759010024 -2.5006757502179697 0.4661005248835528 -0.37968789333839392 0.34512110111659106 -1.4875957353012776
leaf_weight=198 1830 1559 750 1392 3522 2740 1281 3155 219 3183 3069 523 120 4599 3118 570 617 961 377 1299 1790 1226 305 155 553 1516 249 5576 3047 134
leaf_count=198 1830 1559 750 1392 3522 2740 1281 3155 219 3183 3069 523 120 4599 3118 570 617 961 377 1299 1790 1226 305 155 553 1516 249 5576 3047 134
internal_value=0.00214926 -0.913237 1.50061 -0.452518 -1.98267 -0.0780771 1.01064 -0.820546 2.66159 0.691149 2.34153 0.440524 -1.70278 1.39185 0.17678 -1.3487 -1.65071 -2.00031 -0.695963 3.51928 -3.00888 0.598373 0.830618 1.18054 -1.78817 -2.12209 2.074 -0.544811 0.00782614 0.672742
internal_weight=49633 30811 18822 21534 9277 10674 13236 10860 5586 7201 4068 5371 7289 6035 7557 3725 7169 3647 3117 1518 1988 4848 3622 4754 3030 2069 3318 7135 6165 3317
internal_count=49633 30811 18822 21534 9277 10674 13236 10860 5586 7201 4068 5371 7289 6035 7557 3725 7169 3647 3117 1518 1988 4848 3622 4754 3030 2069 3318 7135 6165 3317
is_linear=0
shrinkage=0.05


Tree=61
num_leaves=31
num_cat=0
split_feature=8 8 8 8 8 8 6 6 6 0 6 8 8 6 4 4 6 8 6 4 4 4 4 4 4 4 4 8 6 4
split_gain=2.45769e+07 5.50364e+06 3.88715e+06 1.15705e+06 890790 811848 620547 570135 563493 511240 457768 447208 441062 428534 377926 596189 376005 367882 355935 340025 375336 302699 266793 276352 266333 383845 432724 236118 290302 219454
threshold=3630.0150000000008 3048.7387500000004 4281.2512500000012 2829.2150000000006 3295.5350000000003 3970.0150000000008 3319.1687500000003 4104.505000000001 3259.5012500000007 24.595625000000005 3642.0012500000007 4814.6737500000008 2345.2987500000004 4116.0350000000008 19.500000000000004 12.500000000000002 2986.8300000000004 3437.0325000000007 3635.2637500000005 22.500000000000004 1.5000000000000002 2.5000000000000004 2.5000000000000004 18.500000000000004 1.5000000000000002 18.500000000000004 17.500000000000004 4584.4562500000011 4528.1125000000002 17.500000000000004
decision_type=2 2 2 2 2 2 2 2 2 2 2 2 2 2 2 2 2 2 2 2 2 2 2 2 2 2 2 2 2 2
left_child=1 3 5 9 8 7 -6 14 -3 21 -7 13 -11 -4 15 -2 -5 -8 -19 20 -15 -1 -18 -24 -12 26 -26 -22 -29 -9
right_child=2 4 11 16 6 10 17 29 -10 12 24 -13 -14 19 -16 -17 22 18 -20 -21 27 -23 23 -25 25 -27 -28 28 -30 -31
leaf_value=-2.7661247677827836 0.58608363829165533 -0.48994027082595876 3.8337046133491626 -0.94014841274566396 0.52969108062338222 3.4237375874640579 -0.78718159123123921 -1.7734889986486557 -1.3239601124347855 -5.6658854474986562 0.19955713266851929 4.0238996686427386 -2.7427326357576405 0.94734536955107562 0.23776286257682902 1.5614909057351021 -3.015401353344612 0.23235840865892526 -0.7089856654988318 0.69449092915926425 2.3471995555180811 -1.4663128413869677 -1.479421288749136 -4.7563692526383834 1.5555480249812508 1.1154981067817267 3.196918297658494 5.110403041656201 2.8675441747210151 0.07492209618949161
leaf_weight=634 3448 7047 529 2941 3070 295 2655 272 2842 137 425 552 2222 365 1981 2871 359 3318 1440 299 1978 1526 2554 66 1342 2622 573 182 696 392
leaf_count=634 3448 7047 529 2941 3070 295 2655 272 2842 137 425 552 2222 365 1981 2871 359 3318 1440 299 1978 1526 2554 66 1342 2622 573 182 696 392
internal_value=0.0020418 -0.867575 1.42558 -1.80111 -0.389215 1.01687 -0.0680902 0.72756 -0.729629 -2.40361 1.51018 2.68883 -2.9125 2.50682 0.840345 1.02925 -1.34119 -0.315654 -0.0525377 2.30741 2.45714 -1.84783 -1.73712 -1.56197 1.39642 1.50853 2.04667 2.65009 3.33246 -0.682258
internal_weight=49633 30811 18822 10439 20372 14221 10483 8964 9889 4519 5257 4601 2359 4049 8300 6319 5920 7413 4758 3520 3221 2160 2979 2620 4962 4537 1915 2856 878 664
internal_count=49633 30811 18822 10439 20372 14221 10483 8964 9889 4519 5257 4601 2359 4049 8300 6319 5920 7413 4758 3520 3221 2160 2979 2620 4962 4537 1915 2856 878 664
is_linear=0
shrinkage=0.05


Tree=62
num_leaves=31
num_cat=0
split_feature=8 8 8 8 8 8 6 6 6 0 4 8 6 8 6 6 4 4 4 8 4 6 6 4 4 4 4 6 4 4
split_gain=2.22208e+07 5.34472e+06 3.2325e+06 1.37854e+06 650702 623472 684329 536075 533282 461394 449711 398059 394406 383979 361638 359489 356636 408068 343916 338075 277408 277067 271689 260117 336509 246104 316206 221539 209124 232973
threshold=3666.3525000000004 3110.2287500000007 4295.5550000000012 2829.2150000000006 3997.9950000000003 3437.0325000000007 3335.4600000000005 3613.1812500000001 3613.1812500000001 24.595625000000005 18.500000000000004 2345.2987500000004 4140.2037500000006 4814.6737500000008 3016.0012500000007 3613.1812500000001 22.500000000000004 1.5000000000000002 2.5000000000000004 3236.5100000000007 3.5000000000000004 4228.170000000001 4528.1125000000002 19.500000000000004 3.5000000000000004 20.500000000000004 12.500000000000002 3620.0875000000005 22.500000000000004 1.5000000000000002
decision_type=2 2 2 2 2 2 2 2 2 2 2 2 2 2 2 2 2 2 2 2 2 2 2 2 2 2 2 2 2 2
left_child=1 3 4 9 8 6 19 -7 -2 20 14 -11 23 16 -5 -6 17 -4 -16 -3 -1 -19 28 24 -10 26 -8 -20 29 -17
right_child=2 5 13 10 15 7 25 -9 12 11 -12 -13 -14 -15 18 22 -18 21 27 -21 -22 -23 -24 -25 -26 -27 -28 -29 -30 -31
leaf_value=-2.3101324891430055 1.5739081389488032 -0.52471470555882116 1.0277068513725671 -0.80832231886054073 3.5232659796109567 0.45099436796705894 -1.2912619185346768 -0.51025428375908444 -0.028284443660873161 -5.3825912234556945 -3.7579724836917152 -2.6055960029824683 -0.66974533970869621 3.8227046545405972 -2.7232052017775894 0.37807119974791253 0.79208982616382384 3.70402176413053 -1.2095256150393201 0.10545422826014234 -1.1766078832937279 2.5150641160680904 -0.89140695894048327 0.14287140781110266 1.0736259206074912 -2.4665449978126324 -0.33971461510168688 -2.886979257789525 -0.13529386719574735 1.650113437938731
leaf_weight=1103 1650 4347 389 4027 208 4411 2163 2161 844 137 168 2222 584 552 487 396 312 607 3380 4170 1057 2542 126 1626 3869 272 1464 209 196 3954
leaf_count=1103 1650 4347 389 4027 208 4411 2163 2161 844 137 168 2222 584 552 487 396 312 607 3380 4170 1057 2542 126 1626 3869 272 1464 209 196 3954
internal_value=0.00193971 -0.791075 1.41333 -1.58116 1.0285 -0.258888 -0.467335 0.134917 0.766139 -2.28343 -1.19746 -2.76687 0.573619 2.58943 -1.14438 1.4894 2.41261 2.55552 -1.47639 -0.216178 -1.75544 2.74425 1.39885 0.688168 0.876297 -1.01596 -0.90718 -1.30721 1.46233 1.53431
internal_weight=49633 31778 17855 12790 13453 18988 12416 6572 8573 4519 8271 2359 6923 4402 8103 4880 3850 3538 4076 8517 2160 3149 4672 6339 4713 3899 3627 3589 4546 4350
internal_count=49633 31778 17855 12790 13453 18988 12416 6572 8573 4519 8271 2359 6923 4402 8103 4880 3850 3538 4076 8517 2160 3149 4672 6339 4713 3899 3627 3589 4546 4350
is_linear=0
shrinkage=0.05


Tree=63
num_leaves=31
num_cat=0
split_feature=8 8 8 8 8 8 7 7 7 7 7 7 4 4 8 4 4 4 4 7 4 4 4 4 4 4 7 7 8 7
split_gain=2.00543e+07 4.82433e+06 2.92104e+06 1.22014e+06 626053 596737 558896 554851 491752 478827 477404 359255 337258 357813 328566 318184 358652 305585 396415 277939 265717 251534 251109 333551 286570 293287 254062 246144 236165 235914
threshold=3666.3525000000004 3105.0050000000006 4311.0400000000009 2841.0100000000007 3980.2725000000005 3366.0100000000007 3560.5350000000003 3473.5325000000007 3063.7475000000004 3206.2312500000003 4114.6850000000013 3315.0300000000002 19.500000000000004 12.500000000000002 4814.6737500000008 22.500000000000004 1.5000000000000002 19.500000000000004 7.5000000000000009 3216.1687500000003 7.5000000000000009 1.5000000000000002 21.500000000000004 13.500000000000002 6.5000000000000009 4.5000000000000009 2841.1350000000007 4027.2600000000007 2588.4350000000009 2851.5450000000005
decision_type=2 2 2 2 2 2 2 2 2 2 2 2 2 2 2 2 2 2 2 2 2 2 2 2 2 2 2 2 2 2
left_child=1 3 4 8 10 7 19 21 28 29 11 -2 13 -13 15 16 -4 18 -6 -7 -10 -3 23 24 25 -23 -26 -11 -1 -5
right_child=2 5 14 9 17 6 -8 -9 20 27 -12 12 -14 -15 -16 -17 -18 -19 -20 -21 -22 22 -24 -25 26 -27 -28 -29 -30 -31
leaf_value=-2.4912302442235799 2.4214690113369972 -1.169253351845605 0.99981397306396369 -0.39470309786694768 0.66220525317804857 1.0494925115058216 -0.44098114320104714 -1.459136284911646 -2.4729751836920388 -1.7637067807576898 -0.36390236451980157 0.57062099210164807 0.13733735484043516 1.3927609644003454 3.6315694669207588 0.7767238579403426 2.6464401631330414 0.92721386876397038 1.9813075221768071 0.17883466780207907 -4.1384172614776729 -0.51015681071310681 -1.8845799704267003 0.56900108326544441 1.1845189555543356 0.69098492206070006 -0.65924165872043505 -5.509975015852187 -1.620999807533722 -1.1050076792339572
leaf_weight=1115 345 885 372 1571 726 1173 3529 1343 606 1710 917 2786 1622 2521 552 305 2978 2088 2643 4194 396 956 237 1113 195 1085 4465 45 2592 4568
leaf_count=1115 345 885 372 1571 726 1173 3529 1343 606 1710 917 2786 1622 2521 552 305 2978 2088 2643 4194 396 956 237 1113 195 1085 4465 45 2592 4568
internal_value=0.00184272 -0.751521 1.34267 -1.51142 0.987599 -0.252069 0.0477591 -0.511556 -2.14839 -1.13145 0.711192 0.846724 0.768316 0.961165 2.49455 2.32283 2.46359 1.40249 1.69705 0.369124 -3.13117 -0.369143 -0.281191 -0.23256 -0.365695 0.128373 -0.582089 -1.85976 -1.88275 -0.923237
internal_weight=49633 31778 17855 12603 13648 19175 8896 10279 4709 7894 8191 7274 6929 5307 4207 3655 3350 5457 3369 5367 1002 8936 8051 7814 6701 2041 4660 1755 3707 6139
internal_count=49633 31778 17855 12603 13648 19175 8896 10279 4709 7894 8191 7274 6929 5307 4207 3655 3350 5457 3369 5367 1002 8936 8051 7814 6701 2041 4660 1755 3707 6139
is_linear=0
shrinkage=0.05


Tree=64
num_leaves=31
num_cat=0
split_feature=4 0 4 6 0 4 4 4 0 1 4 7 4 7 0 4 3 3 1 1 0 7 0 7 6 3 4 4 7 6
split_gain=9.92131e+06 2.53666e+06 1.85434e+06 1.64347e+06 1.23511e+06 783938 817467 685419 628876 572115 552943 642105 478632 383970 371446 323499 269980 245606 215642 304243 210286 204748 210516 202009 199058 196721 193007 183687 157900 152873
threshold=13.500000000000002 25.093125000000004 17.500000000000004 3485.5350000000003 26.010625000000008 3.5000000000000004 6.5000000000000009 21.500000000000004 29.665625000000006 7.5000000000000009 18.500000000000004 4390.380000000001 4.5000000000000009 3930.3075000000003 28.603125000000006 22.500000000000004 1.0000000180025095e-35 1.0000000180025095e-35 2.5000000000000004 10.500000000000002 24.380625000000006 3353.5050000000006 32.013125000000009 4337.880000000001 3225.0900000000006 1.0000000180025095e-35 18.500000000000004 22.500000000000004 2993.0850000000005 2537.4000000000005
decision_type=2 2 2 2 2 2 2 2 2 2 2 2 2 2 2 2 2 2 2 2 2 2 2 2 2 2 2 2 2 2
left_child=3 7 8 5 15 20 12 -2 9 -3 23 18 -7 -11 -8 26 -10 -14 -12 25 -1 -5 -23 -6 -9 -20 -4 -13 -16 -22
right_child=1 2 4 21 10 6 14 24 16 13 11 27 17 -15 28 -17 -18 -19 19 -21 29 22 -24 -25 -26 -27 -28 -29 -30 -31
leaf_value=-1.5848310783310788 0.30320969923250646 -0.32588367340017133 2.1197701995209424 -0.6148495748878563 2.5124353860671209 -0.78149129795972883 -1.0843514885922401 -2.1730857862457009 1.4639082339348417 0.57424380221089655 0.70822328628919573 2.6117830804828674 0.54482221778623219 3.1755921324789527 -1.1110052744169401 -0.29198123528019942 0.36277385311802918 -0.43013470415523208 2.6251621315344607 0.29046085887411582 -3.2639424170826525 0.036048056526243495 0.82734612688467046 3.9103575120024661 -0.84273595347110009 1.2006470652024444 0.84466764502154135 1.1287658245166918 -0.33734846980328476 -0.91121738098125182
leaf_weight=3153 1678 2524 343 984 1277 1635 7070 357 1963 2612 1204 1606 2295 150 821 580 777 899 608 321 71 5355 997 324 1324 403 2202 240 3353 2507
leaf_count=3153 1678 2524 343 984 1277 1635 7070 357 1963 2612 1204 1606 2295 150 821 580 777 899 608 321 71 5355 997 324 1324 403 2202 240 3353 2507
internal_value=0.00175059 0.844719 1.09102 -0.591075 1.57931 -0.80888 -0.629857 -0.411667 0.536913 0.218262 2.00011 1.70957 -0.085745 0.715519 -0.863539 0.773661 1.15165 0.270406 1.19318 1.63153 -1.31096 0.0562826 0.160249 2.79534 -1.12527 2.05733 1.01652 2.41897 -0.489522 -0.976013
internal_weight=49633 20493 17134 29140 9108 21804 16073 3359 8026 5286 5983 4382 4829 2762 11244 3125 2740 3194 2536 1332 5731 7336 6352 1601 1681 1011 2545 1846 4174 2578
internal_count=49633 20493 17134 29140 9108 21804 16073 3359 8026 5286 5983 4382 4829 2762 11244 3125 2740 3194 2536 1332 5731 7336 6352 1601 1681 1011 2545 1846 4174 2578
is_linear=0
shrinkage=0.05


Tree=65
num_leaves=31
num_cat=0
split_feature=8 8 8 6 8 8 8 8 6 7 6 7 7 7 7 6 6 6 1 6 8 8 6 7 6 1 7 6 1 6
split_gain=1.66225e+07 3.43255e+06 3.14153e+06 680386 762289 680065 579593 565248 516426 457298 388492 364173 351343 347192 345335 335159 319930 317541 312749 268907 227700 224001 220371 218983 216184 199513 193553 180016 177073 174834
threshold=3487.7725000000005 4106.0162500000015 2930.2325000000005 3553.5125000000003 3192.3850000000007 4555.4162500000011 3771.6512500000003 2588.4350000000009 3841.4350000000004 4187.598750000001 4050.4637500000003 3240.8775000000005 3191.5550000000007 2929.5550000000007 3201.0025000000005 4444.4925000000012 4693.3900000000012 3357.4550000000004 5.5000000000000009 3811.5725000000007 4311.0400000000009 4928.8850000000011 3093.5075000000002 3250.2975000000001 2728.3100000000004 2.5000000000000004 3587.0875000000005 3016.0012500000007 5.5000000000000009 4354.5312500000009
decision_type=2 2 2 2 2 2 2 2 2 2 2 2 2 2 2 2 2 2 2 2 2 2 2 2 2 2 2 2 2 2
left_child=2 6 7 4 11 10 8 13 17 19 -3 27 -6 -1 24 -7 20 26 25 -8 -12 -17 -16 -19 -9 -5 -2 -4 -10 -11
right_child=1 5 3 18 12 15 9 14 28 29 16 -13 -14 -15 22 21 -18 23 -20 -21 -22 -23 -24 -25 -26 -27 -28 -29 -30 -31
leaf_value=-2.201272471262234 1.8466992940111409 2.4377206688024167 -0.29639852833577424 -0.75149809110535348 0.30867073314749849 4.2366465465663232 1.4814241161557211 -0.78342415340170202 -1.2456621519373292 0.16692285259268669 1.1299066765169206 -1.3467508946979165 -0.34619423527732907 -3.9684040437438024 -2.0924361077178437 2.1878213675164888 -0.67763828224205713 1.3559884640579629 -0.64395101610182559 0.80110671224769581 1.8719409641823632 4.0176085059604949 -4.1819846697812961 0.20998168141989249 -1.5937786994928476 -2.3431321558639566 0.48466955481886959 -0.81463224242926113 0.017640320007885672 -1.7495399581689908
leaf_weight=993 580 1070 2872 255 3062 292 2266 1074 659 906 2297 2130 6186 386 498 1454 182 450 719 4046 1880 189 169 5658 3522 864 474 4023 479 137
leaf_count=993 580 1070 2872 255 3062 292 2266 1074 659 906 2297 2130 6186 386 498 1454 182 450 719 4046 1880 189 169 5658 3522 864 474 4023 479 137
internal_value=-0.00442368 0.98065 -0.852007 -0.54063 -0.448394 1.87088 0.561889 -1.79481 0.2755 0.885075 1.58403 -0.775302 -0.129369 -2.69592 -1.55871 2.67572 1.37447 0.432713 -1.45762 1.04534 1.46388 2.39831 -2.62187 0.294412 -1.40441 -1.98043 1.23417 -0.59877 -0.713921 -0.0848081
internal_weight=49772 23019 26753 20111 18273 7364 15655 6642 8300 7355 5429 9025 9248 1379 5263 1935 4359 7162 1838 6312 4177 1643 667 6108 4596 1119 1054 6895 1138 1043
internal_count=49772 23019 26753 20111 18273 7364 15655 6642 8300 7355 5429 9025 9248 1379 5263 1935 4359 7162 1838 6312 4177 1643 667 6108 4596 1119 1054 6895 1138 1043
is_linear=0
shrinkage=0.05


Tree=66
num_leaves=31
num_cat=0
split_feature=8 8 8 8 6 8 6 8 4 4 7 8 4 6 6 7 4 4 4 4 4 7 6 4 8 6 7 7 4 4
split_gain=1.50018e+07 3.12974e+06 2.83523e+06 824013 614048 687966 554779 510481 472591 561960 508623 398734 338188 328510 327289 318909 359294 377511 316696 303743 301813 295515 256110 254331 327567 308894 248520 236884 235846 295203
threshold=3487.7725000000005 4008.6487500000007 2930.2325000000005 4372.7737500000012 3553.5125000000003 3192.3850000000007 4104.505000000001 2631.0750000000003 21.500000000000004 3.5000000000000004 3348.3550000000005 3726.0050000000006 19.500000000000004 3220.2600000000007 4498.7337500000003 2829.6250000000005 6.5000000000000009 3.5000000000000004 12.500000000000002 17.500000000000004 1.5000000000000002 3053.0337500000005 3888.7662500000001 22.500000000000004 4727.9650000000011 4444.4925000000012 2851.5450000000005 4005.0150000000008 6.5000000000000009 4.5000000000000009
decision_type=2 2 2 2 2 2 2 2 2 2 2 2 2 2 2 2 2 2 2 2 2 2 2 2 2 2 2 2 2 2
left_child=2 6 7 14 5 12 8 21 9 -2 -11 -12 20 -7 22 -9 17 -17 -6 -8 -4 -1 -3 24 25 -5 -22 -20 29 -28
right_child=1 3 4 23 18 13 19 15 -10 10 11 -13 -14 -15 -16 16 -18 -19 27 -21 26 -23 -24 -25 -26 -27 28 -29 -30 -31
leaf_value=-2.1164599091447354 -0.213212735425936 2.2023400799681743 -1.5683872232563261 2.785686380290509 -2.2402186505759079 0.27075915179749177 -1.8271320016414085 -0.91821236048740895 -0.29636787959343841 2.0555965799767444 0.36139770901679596 1.0195569414478989 -2.7195570235592981 -0.34849038205001337 -0.46546787345267343 -1.9764223825485179 -2.3638216130711132 -0.48581196624299205 -0.67720165141753719 0.055135892107330192 0.12618751501376041 -3.7532268608784118 1.2188716468503262 1.1308826682813347 3.3493727488156497 1.6244904468576977 -0.80285652462123869 -3.3902225171697555 -0.9112077862477439 0.32393783464746662
leaf_weight=1424 1621 774 879 1014 681 3369 378 1824 1489 736 4614 4591 210 5879 257 898 1348 806 1070 495 1046 342 4574 439 721 1316 1287 87 4543 1060
leaf_count=1424 1621 774 879 1014 681 3369 378 1824 1489 736 4614 4591 210 5879 257 898 1348 806 1070 495 1046 342 4574 439 721 1316 1287 87 4543 1060
internal_value=-0.0042025 0.931617 -0.809407 1.65299 -0.513598 -0.425975 0.460422 -1.70507 0.542049 0.650024 0.790785 0.689655 -0.736537 -0.122901 1.27745 -1.44127 -1.75387 -1.27136 -1.38474 -0.759867 -0.689295 -2.43343 1.36121 2.25612 2.41803 2.12983 -0.591926 -0.881206 -0.700946 -0.293951
internal_weight=49772 23019 26753 9095 20111 18273 13924 6642 13051 11562 9941 9205 9025 9248 5605 4876 3052 1704 1838 873 8815 1766 5348 3490 3051 2330 7936 1157 6890 2347
internal_count=49772 23019 26753 9095 20111 18273 13924 6642 13051 11562 9941 9205 9025 9248 5605 4876 3052 1704 1838 873 8815 1766 5348 3490 3051 2330 7936 1157 6890 2347
is_linear=0
shrinkage=0.05


Tree=67
num_leaves=31
num_cat=0
split_feature=8 8 8 8 8 7 6 8 8 6 6 6 4 4 4 7 6 7 7 6 0 4 4 4 6 4 4 7 7 4
split_gain=1.35667e+07 2.70834e+06 2.64756e+06 610153 604485 556099 507214 466373 429476 424999 417758 320348 298492 332125 297356 295872 293964 291841 280992 277358 269134 265929 239828 265447 228930 227980 235710 242286 213180 200535
threshold=3520.5025000000005 2930.2325000000005 4204.0150000000003 3149.0300000000002 3843.2937500000003 3547.4800000000005 3841.4350000000004 2588.4350000000009 4690.4250000000011 4444.4925000000012 3186.3125000000005 2986.8300000000004 19.500000000000004 2.5000000000000004 22.500000000000004 3201.0025000000005 3380.2762500000003 2906.8675000000003 3642.2137500000003 4116.0350000000008 24.636875000000007 1.0000000180025095e-35 20.500000000000004 12.500000000000002 3586.7187500000005 2.5000000000000004 21.500000000000004 3320.7425000000007 4091.4100000000003 4.5000000000000009
decision_type=2 2 2 2 2 2 2 2 2 2 2 2 2 2 2 2 2 2 2 2 2 2 2 2 2 2 2 2 2 2
left_child=1 7 4 10 6 11 16 17 14 12 -3 -5 13 -6 19 -9 -2 -1 -12 -4 -19 -13 23 24 -23 -18 27 -27 -7 -21
right_child=2 3 8 5 9 28 -8 15 -10 -11 18 21 -14 -15 -16 -17 25 20 -20 29 -22 22 -24 -25 -26 26 -28 -29 -30 -31
leaf_value=-1.9618954802377855 1.2717139892383296 -0.61213548376067839 2.573345881443081 0.69142814194452729 0.30209805069768947 -0.81913626466607425 -0.4303485560278133 -1.2625385047814803 2.698331835520329 -1.4124106179321967 -1.321224060559087 -1.2383903131323235 0.56130901599633987 1.4523179799994022 0.07957475109612698 -2.3894384193679561 -0.55557355547363285 -1.6958130950122177 -3.9284680352969605 0.56631322489791791 -4.4258938903910412 -0.16806452840324837 -1.2163735473088768 0.4110699893654407 -1.6237937166124372 1.9598982976009336 -0.35637018729187298 0.51039191265200634 -2.6712749956209145 1.6842323171734375
leaf_weight=965 1083 5908 793 1126 758 2229 1775 4596 1164 186 1707 579 2399 3648 292 667 590 133 110 461 281 6386 485 2134 282 307 741 4730 167 3090
leaf_count=965 1083 5908 793 1126 758 2229 1775 4596 1164 186 1707 579 2399 3648 292 667 590 133 110 461 281 6386 485 2134 282 307 741 4730 167 3090
internal_value=-0.00399237 -0.739222 0.922851 -0.462193 0.59495 -0.258017 0.32922 -1.61982 1.83967 0.945633 -0.816046 -0.107566 1.01008 1.25444 1.62408 -1.40535 0.510166 -2.43832 -1.47906 1.7279 -3.54884 -0.198755 -0.133939 -0.0742952 -0.22963 0.380651 0.47625 0.598738 -0.948229 1.5391
internal_weight=49772 27755 22017 21113 16217 13388 9226 6642 5800 6991 7725 10992 6805 4406 4636 5263 7451 1379 1817 4344 414 9866 9287 8802 6668 6368 5778 5037 2396 3551
internal_count=49772 27755 22017 21113 16217 13388 9226 6642 5800 6991 7725 10992 6805 4406 4636 5263 7451 1379 1817 4344 414 9866 9287 8802 6668 6368 5778 5037 2396 3551
is_linear=0
shrinkage=0.05


Tree=68
num_leaves=31
num_cat=0
split_feature=8 8 8 8 4 4 8 1 7 4 7 4 8 7 0 7 7 1 7 0 4 8 7 7 4 4 4 7 4 4
split_gain=1.23153e+07 3.04546e+06 1.78301e+06 797982 506576 596371 551325 441413 428800 406904 399089 397174 401176 392673 366940 341412 278885 273104 244623 238778 237305 300607 225138 223170 211979 211389 393577 202482 197014 503722
threshold=3666.3525000000004 3074.7512500000007 4338.3125000000009 2743.8325000000004 3.5000000000000004 19.500000000000004 3407.8400000000006 5.5000000000000009 3221.0425000000005 22.500000000000004 3447.9975000000004 1.5000000000000002 3988.8175000000006 3353.5050000000006 25.675625000000007 3047.7337500000008 4015.0012500000007 5.5000000000000009 2829.6250000000005 24.595625000000005 22.500000000000004 4727.9650000000011 3921.8200000000002 4114.6850000000013 4.5000000000000009 18.500000000000004 17.500000000000004 2841.1350000000007 6.5000000000000009 3.5000000000000004
decision_type=2 2 2 2 2 2 2 2 2 2 2 2 2 2 2 2 2 2 2 2 2 2 2 2 2 2 2 2 2 2
left_child=1 3 9 15 -3 6 7 14 -8 11 18 -2 13 -13 -6 -1 -14 22 -5 -17 21 24 -10 -15 -4 26 -18 -9 29 -20
right_child=2 4 20 10 5 -7 8 27 17 -11 -12 12 16 23 -16 19 25 -19 28 -21 -22 -23 -24 -25 -26 -27 -28 -29 -30 -31
leaf_value=-1.6691636474068579 -0.15457140330706554 -0.81375488436459154 0.78586412511564596 -0.41604180500902355 0.12124390206738539 -1.0112436883489995 1.7763301536114651 1.040290602481307 0.086801833703684939 -0.45069338766451533 -2.5216841347773133 2.5102007953587333 1.7596169170563447 0.71563808172905341 -1.0690233130962437 -1.6313520615599879 0.79029347805081163 0.72326376290927885 -1.438414819314846 -3.6921285777072899 0.93173926872021462 3.0469875150431212 -1.4057547315415266 -0.16797249772890957 2.0746678417381124 0.58569088521040746 2.5083941183283134 -0.091415408092487063 -1.3397412588086814 -0.094725426292570358
leaf_weight=2508 929 3138 370 1887 902 1706 495 421 2987 637 405 285 1826 6490 2295 215 910 1833 1388 406 461 721 276 803 2317 1614 526 6459 3160 1402
leaf_count=2508 929 3138 370 1887 902 1706 495 421 2987 637 405 285 1826 6490 2295 215 910 1833 1388 406 461 721 276 803 2317 1614 526 6459 3160 1402
internal_value=-0.00379275 -0.592925 1.0462 -1.24925 -0.229084 -0.123484 -0.0268204 -0.247746 0.371367 0.783971 -0.991174 0.842738 0.917132 0.689498 -0.733202 -1.92905 1.27091 0.234896 -0.912081 -2.97866 1.99643 2.14045 -0.0394457 0.618348 1.8972 0.978324 1.41963 -0.0221642 -1.0694 -0.763199
internal_weight=49772 31883 17889 11371 20512 17374 15668 10077 5591 14020 8242 13383 12454 7578 3197 3129 4876 5096 7837 621 3869 3408 3263 7293 2687 3050 1436 6880 5950 2790
internal_count=49772 31883 17889 11371 20512 17374 15668 10077 5591 14020 8242 13383 12454 7578 3197 3129 4876 5096 7837 621 3869 3408 3263 7293 2687 3050 1436 6880 5950 2790
is_linear=0
shrinkage=0.05


Tree=69
num_leaves=31
num_cat=0
split_feature=8 8 8 8 6 6 6 8 6 8 0 6 6 6 1 1 3 8 6 0 6 6 8 0 6 6 8 8 8 0
split_gain=1.11455e+07 2.99164e+06 1.44493e+06 934482 430150 416786 384036 549017 379508 362268 315258 296502 287852 253784 253663 261092 240558 228405 224720 220910 196294 194128 189359 169567 166099 138550 136829 135764 132908 132727
threshold=3706.5262500000003 3144.3375000000001 4338.3125000000009 2794.7400000000007 3016.0012500000007 3620.0875000000005 3649.1662500000007 3420.0250000000005 3234.5012500000007 4008.6487500000007 24.595625000000005 4472.0900000000011 4116.0350000000008 3357.4550000000004 5.5000000000000009 2.5000000000000004 1.0000000180025095e-35 4928.8850000000011 4266.7150000000011 25.135625000000008 3656.5675000000006 2769.1675000000005 2472.5250000000005 28.253125000000004 3848.1787500000005 2504.5587500000006 3970.0150000000008 4657.6675000000005 3266.0400000000004 31.395625000000006
decision_type=2 2 2 2 2 2 2 2 2 2 2 2 2 2 2 2 2 2 2 2 2 2 2 2 2 2 2 2 2 2
left_child=1 3 5 10 -5 26 7 8 28 12 21 29 -7 -9 15 -8 22 18 -4 -16 -6 -1 25 27 -17 -12 -2 -20 -3 -11
right_child=2 6 17 4 20 9 14 13 -10 11 16 -13 -14 -15 19 24 -18 -19 23 -21 -22 -23 -24 -25 -26 -27 -28 -29 -30 -31
leaf_value=-0.91448004979399422 1.3600846857508817 -0.12888599686236787 2.6649311214191087 -0.49099010713346908 -1.0792453545981855 0.55234931393259912 0.1617746958214864 0.90180103184913352 -0.55649684671602406 1.0191482561090557 -7.1845616290443832 -0.67503162058122668 -0.55950414190594056 0.16072032598703215 -1.0011585684255788 -0.89563663365633417 -1.8184704415929809 3.5596589160512906 1.0000180809637127 0.4288130097524514 -2.6314089437911536 -2.013172321224812 -2.5146809751612529 2.1176403855919879 -1.9805734416685388 -3.6567171542117229 2.6273637923546111 1.8585518375107011 0.42217212403963028 2.013786980353768
leaf_weight=1253 1244 3097 633 4833 5197 5649 402 1570 5016 4412 38 249 649 4373 408 1032 1461 196 1150 799 212 592 465 1122 536 104 257 768 1692 363
leaf_count=1253 1244 3097 633 4833 5197 5649 402 1570 5016 4412 38 249 649 4373 408 1032 1461 196 1150 799 212 592 465 1122 536 104 257 768 1692 363
internal_value=-0.00360311 -0.535097 1.0497 -1.0849 -0.833788 0.794173 -0.123872 -0.0227061 -0.252548 0.690382 -1.74216 1.00705 0.437774 0.356496 -0.625339 -0.975051 -2.16607 1.89661 1.80786 -0.0545577 -1.14008 -1.26701 -3.0027 1.6294 -1.26651 -4.60079 1.57707 1.34379 0.0658082 1.09476
internal_weight=49772 33080 16692 14155 10242 12823 18925 15748 9805 11322 3913 5024 6298 5943 3177 1970 2068 3869 3673 1207 5409 1845 607 3040 1568 142 1501 1918 4789 4775
internal_count=49772 33080 16692 14155 10242 12823 18925 15748 9805 11322 3913 5024 6298 5943 3177 1970 2068 3869 3673 1207 5409 1845 607 3040 1568 142 1501 1918 4789 4775
is_linear=0
shrinkage=0.05


Tree=70
num_leaves=31
num_cat=0
split_feature=8 8 8 8 7 7 8 6 8 7 7 6 6 6 6 8 4 4 7 6 4 4 4 4 7 6 4 7 8 7
split_gain=1.01528e+07 2.84395e+06 1.27462e+06 658603 561423 533520 516079 419516 393154 379941 333314 322228 320596 319812 294163 254913 280391 321150 251640 237034 220013 214765 325947 206936 205271 204772 202766 201796 195338 193675
threshold=3706.5262500000003 3005.9525000000008 4355.6712500000003 3305.3462500000005 3594.7762500000003 3235.5125000000003 2648.6612500000006 3613.1812500000001 4019.1987500000005 4162.2050000000008 2817.8500000000004 2937.6225000000004 3818.4400000000001 3166.7437500000005 3363.2537500000003 4928.8850000000011 22.500000000000004 2.5000000000000004 4027.2600000000007 4337.6800000000012 1.5000000000000002 18.500000000000004 17.500000000000004 21.500000000000004 4015.0012500000007 2914.3150000000005 12.500000000000002 2860.8662500000005 4690.4250000000011 3166.8725000000004
decision_type=2 2 2 2 2 2 2 2 2 2 2 2 2 2 2 2 2 2 2 2 2 2 2 2 2 2 2 2 2 2
left_child=1 6 7 5 13 25 -1 27 9 21 26 -12 -6 -5 -7 16 17 -4 -13 -19 -15 22 -9 29 -10 -3 -8 -2 -21 -22
right_child=2 3 15 4 12 14 10 8 24 -11 11 18 -14 20 -16 -17 -18 19 -20 28 23 -23 -24 -25 -26 -27 -28 -29 -30 -31
leaf_value=-1.977876547368707 5.6379762585957849 0.40282735098170586 0.49507487029000957 1.1174906480443452 -0.25016831382383048 -0.72086870118660806 -0.71467638764420893 0.62564530323980894 1.4413512244993179 -0.62204048056587624 -0.86977789938987016 -1.6216079693725416 -1.4786615306290631 -0.66651859570093763 -1.7495649595311562 3.6024114210988571 0.44397741520454492 2.9341861165490997 -6.0168248089877041 1.5004170671915675 1.0796542152395052 0.13529928964231444 2.1521729561177043 -0.59010119719079956 0.77445572019610032 -0.33973353105496962 0.77192825070607118 1.4944103905992336 2.5292874580674782 0.23511931525763377
leaf_weight=1957 30 1081 364 997 3566 3319 1794 3460 1797 765 2410 2474 624 721 879 193 375 622 33 1462 784 1945 389 653 3224 6578 263 1430 674 5062
leaf_count=1957 30 1081 364 997 3566 3319 1794 3460 1797 765 2410 2474 624 721 879 193 375 622 33 1462 784 1945 389 653 3224 6578 263 1430 674 5062
internal_value=0.00864587 -0.497547 1.01301 -0.216768 0.0378883 -0.483237 -1.26037 0.780853 0.680154 0.425251 -1.05903 -1.28261 -0.433123 0.278066 -0.936263 1.83344 1.73581 1.89097 -1.67946 2.0752 0.162151 0.563529 0.779924 0.254083 1.01314 -0.234928 -0.524605 1.57955 1.82507 0.348379
internal_weight=49925 33195 16730 24264 12407 11857 8931 13040 11580 6559 6974 4917 4190 8217 4198 3690 3497 3122 2507 2758 7220 5794 3849 6499 5021 7659 2057 1460 2136 5846
internal_count=49925 33195 16730 24264 12407 11857 8931 13040 11580 6559 6974 4917 4190 8217 4198 3690 3497 3122 2507 2758 7220 5794 3849 6499 5021 7659 2057 1460 2136 5846
is_linear=0
shrinkage=0.05


Tree=71
num_leaves=31
num_cat=0
split_feature=8 8 8 8 7 7 7 8 8 6 7 6 6 4 4 4 5 4 8 6 4 4 4 4 6 6 6 4 7 4
split_gain=9.20758e+06 2.12919e+06 1.71259e+06 600764 519446 452671 426056 384534 355883 346971 334862 311667 308912 267136 259261 342023 270599 297915 248971 252204 232120 278782 226416 226370 223799 218110 213702 213599 205053 203141
threshold=3562.1300000000006 2898.5050000000006 4141.7150000000011 3212.2862500000006 3235.5125000000003 4200.6162500000009 3245.7562500000004 3857.9550000000004 4690.4250000000011 3613.1812500000001 3191.5550000000007 3429.7550000000006 4050.4637500000003 17.500000000000004 18.500000000000004 12.500000000000002 1.0000000180025095e-35 19.500000000000004 2537.4000000000005 2728.3100000000004 3.5000000000000004 21.500000000000004 12.500000000000002 1.5000000000000002 3329.9125000000008 4404.8925000000008 3888.7662500000001 22.500000000000004 2806.2550000000006 21.500000000000004
decision_type=2 2 2 2 2 2 2 2 2 2 2 2 2 2 2 2 2 2 2 2 2 2 2 2 2 2 2 2 2 2
left_child=1 10 5 6 22 7 23 11 12 20 18 -2 -4 -7 15 -9 17 -16 -1 -20 -6 -22 -5 -3 -8 -10 -13 -14 -25 -24
right_child=2 3 8 4 9 13 24 14 25 -11 -12 26 27 -15 16 -17 -18 -19 19 -21 21 -23 29 28 -26 -27 -28 -29 -30 -31
leaf_value=-2.0453271763429637 1.1806696590650525 -1.2405087023200643 2.1435723613255031 0.15538049487788047 -1.0275198852783383 -1.1297448782491684 -0.95020837875318576 0.66153233111070553 4.5313323652621404 -1.0961476813028177 -2.3989471786950967 0.3789355638738483 1.2230663615878421 0.27375561673691878 3.8785338293938412 1.8255071363977557 0.20635610874100918 0.93666166765478676 -0.49797494987844249 -1.3489506098030311 0.010209896857805299 -1.1656537127170787 1.4347589470019784 0.29500069681529867 -2.1313996693311319 2.054571117601609 -0.37215233343244031 -0.17773160663112228 -0.46172447340570288 -0.3523139422016191
leaf_weight=858 1049 805 909 2949 745 625 2112 1168 97 1255 747 5770 4418 741 105 1373 1581 477 1204 3145 5697 553 734 1036 495 1063 1133 290 6588 203
leaf_count=858 1049 805 909 2949 745 625 2112 1168 97 1255 747 5770 4418 741 105 1373 1581 477 1204 3145 5697 553 734 1036 495 1063 1133 290 6588 203
internal_value=0.00821357 -0.565592 0.811745 -0.348891 -0.106114 0.496325 -0.615867 0.589658 1.46437 -0.330619 -1.40895 0.377683 1.29971 -0.368402 0.947996 1.29047 0.545669 1.46741 -1.26693 -1.11336 -0.193273 -0.0938305 0.370512 -0.443093 -1.17449 2.26168 0.255658 1.13678 -0.358896 1.04759
internal_weight=49925 29126 20799 23172 12136 14022 11036 12656 6777 8250 5954 7952 5617 1366 4704 2541 2163 582 5207 4349 6995 6250 3886 8429 2607 1160 6903 4708 7624 937
internal_count=49925 29126 20799 23172 12136 14022 11036 12656 6777 8250 5954 7952 5617 1366 4704 2541 2163 582 5207 4349 6995 6250 3886 8429 2607 1160 6903 4708 7624 937
is_linear=0
shrinkage=0.05


Tree=72
num_leaves=31
num_cat=0
split_feature=8 8 8 4 4 7 8 8 7 4 4 4 7 0 7 4 7 4 4 4 8 4 8 1 7 0 4 4 7 8
split_gain=8.36576e+06 1.89304e+06 1.64666e+06 491525 507138 434937 386941 385581 335779 334832 554372 581931 310172 306219 408324 294689 258591 251986 266352 251422 248592 268622 241407 239263 223418 222400 220876 210520 202550 196748
threshold=3461.8412500000004 4084.1937500000004 2889.5650000000005 19.500000000000004 12.500000000000002 4200.6162500000009 4584.4562500000011 3800.0100000000007 3235.5125000000003 1.5000000000000002 6.5000000000000009 4.5000000000000009 2880.5700000000006 24.595625000000005 2851.5450000000005 3.5000000000000004 3994.9025000000006 21.500000000000004 3.5000000000000004 19.500000000000004 3119.5700000000002 8.5000000000000018 2610.7512500000007 5.5000000000000009 4015.0012500000007 29.103125000000006 22.500000000000004 17.500000000000004 3166.8725000000004 3167.5200000000004
decision_type=2 2 2 2 2 2 2 2 2 2 2 2 2 2 2 2 2 2 2 2 2 2 2 2 2 2 2 2 2 2
left_child=2 5 13 4 9 7 16 8 -2 -4 11 -11 -6 15 -15 -1 25 18 -10 23 -12 -22 -16 -9 29 -3 -18 -7 -23 -14
right_child=1 6 3 -5 12 27 -8 19 17 10 20 -13 24 14 22 -17 26 -19 -20 -21 21 28 -24 -25 -26 -27 -28 -29 -30 -31
leaf_value=-1.481273415308312 1.2786014002750345 1.4441935520306508 -1.0965473102627719 -1.5380019027010881 1.6252250433248414 -1.2186406330343533 1.9838620343682143 0.7781526661360183 -0.57199916116203742 -0.48543204324838207 -1.0506179963888338 0.57120733717771432 -0.42067146957751772 -1.1321466383538294 -3.4947066684736008 -0.45903350129254838 1.0307322180554004 -0.64829478787284633 0.36090941042781033 0.28851299241454226 -0.9466219070369436 0.3585998321259436 -1.9587726210799454 1.6918089994914762 -3.1879111241411282 3.106473780018943 -0.71450914486690809 0.1170678173363033 -0.46541671549382768 0.30548379750499799
leaf_weight=1448 742 1126 1944 904 319 587 1745 2688 859 2807 2673 2432 1441 1491 332 1374 4445 848 6999 1717 1819 1115 1115 977 54 245 189 593 2252 2645
leaf_count=1448 742 1126 1944 904 319 587 1745 2688 859 2807 2673 2432 1441 1491 332 1374 4445 848 6999 1717 1819 1115 1115 977 54 245 189 593 2252 2645
internal_value=0.00780289 0.687008 -0.608972 -0.398228 -0.345392 0.376493 1.32847 0.450005 0.257581 -0.484218 -0.393336 0.00507129 0.122924 -1.35554 -1.71283 -0.983556 1.13802 0.170561 0.258928 0.787802 -0.658924 -0.457035 -2.31118 1.02171 0.00716663 1.74125 0.959552 -0.547391 -0.192539 0.0493923
internal_weight=49925 23760 26165 20405 19501 16010 7750 14830 9448 15042 13098 5239 4459 5760 2938 2822 6005 8706 7858 5382 7859 5186 1447 3665 4140 1371 4634 1180 3367 4086
internal_count=49925 23760 26165 20405 19501 16010 7750 14830 9448 15042 13098 5239 4459 5760 2938 2822 6005 8706 7858 5382 7859 5186 1447 3665 4140 1371 4634 1180 3367 4086
is_linear=0
shrinkage=0.05


Tree=73
num_leaves=31
num_cat=0
split_feature=8 8 8 7 8 8 6 6 6 7 6 8 8 6 7 4 7 4 4 7 7 4 1 7 4 4 4 6 7 8
split_gain=7.56477e+06 1.86944e+06 1.22279e+06 441174 450689 408948 375362 374632 373366 329714 311557 307028 282608 268078 244385 273695 213026 212147 256974 183878 182941 176549 326950 176336 213702 170644 220879 170132 161122 171362
threshold=3615.1250000000005 3005.9525000000008 4165.3750000000009 3921.8200000000002 3256.9525000000008 2665.5050000000006 3220.2600000000007 3613.1812500000001 3240.0100000000007 4355.4437500000013 2937.6225000000004 3857.9550000000004 4727.9650000000011 4082.8087500000006 2851.5450000000005 10.500000000000002 4027.2600000000007 21.500000000000004 4.5000000000000009 3825.0962500000001 3166.8725000000004 18.500000000000004 5.5000000000000009 2929.5550000000007 8.5000000000000018 4.5000000000000009 21.500000000000004 4585.2562500000013 3994.9025000000006 4445.3162500000008
decision_type=2 2 2 2 2 2 2 2 2 2 2 2 2 2 2 2 2 2 2 2 2 2 2 2 2 2 2 2 2 2
left_child=1 5 7 4 6 23 -3 -2 -6 11 -7 19 13 -4 15 -12 -16 18 -10 -9 -20 22 -13 -1 -25 -15 28 -14 -27 -30
right_child=2 3 12 -5 8 10 -8 9 17 -11 14 21 27 25 16 -17 -18 -19 20 -21 -22 -23 -24 24 -26 26 -28 -29 29 -31
leaf_value=-1.4103566712818711 1.0653699322695889 -0.24081732690131066 1.9982760996930045 -1.4841021757155921 0.54742752400363914 -0.5599254912775028 -0.92534112016398318 0.35420144180124663 -0.69388932155132921 -0.72095811459329706 -1.2493921132181871 0.75091850702767371 3.5589134704601557 0.2184021802940484 -1.4592179531934697 0.43393169939096776 -5.5047388568068998 -0.97850128955551741 0.80253391337934588 -0.33539691190490384 -0.027027654446186433 0.41340532074292452 2.2431260266246666 -1.7759413490938671 -3.8165794522204304 2.3546975041461597 0.32785151605494323 1.8285259373544691 0.93380539180360767 1.7274428565942106
leaf_weight=1559 2413 6928 900 679 2627 3398 2817 3398 1336 645 614 2142 173 539 2337 398 33 683 748 1351 5960 2436 443 404 188 345 656 794 1931 1050
leaf_count=1559 2413 6928 900 679 2627 3398 2817 3398 1336 645 614 2142 173 539 2337 398 33 683 748 1351 5960 2436 443 404 188 345 656 794 1931 1050
internal_value=0.00741275 -0.479451 0.785468 -0.229627 -0.189256 -1.08864 -0.438694 0.504007 0.0248327 0.373948 -0.898067 0.446232 1.35068 1.21022 -1.23781 -0.587373 -1.51555 -0.132479 -0.0606447 0.158024 0.0654756 0.718826 1.00664 -1.68933 -2.42398 1.05334 1.16636 2.1381 1.33174 1.21335
internal_weight=49925 30709 19216 21778 21099 8931 9745 12828 11354 10415 6780 9770 6388 5421 3382 1012 2370 8727 8044 4749 6708 5021 2585 2151 592 4521 3982 967 3326 2981
internal_count=49925 30709 19216 21778 21099 8931 9745 12828 11354 10415 6780 9770 6388 5421 3382 1012 2370 8727 8044 4749 6708 5021 2585 2151 592 4521 3982 967 3326 2981
is_linear=0
shrinkage=0.05


Tree=74
num_leaves=31
num_cat=0
split_feature=8 8 8 7 8 6 8 4 4 6 6 7 6 4 7 4 4 4 6 4 6 7 7 8 4 4 7 7 8 6
split_gain=6.88122e+06 1.54493e+06 1.37124e+06 463986 438725 428808 356051 350513 486652 324115 298190 285639 261443 261187 252233 244731 228089 493209 227940 223891 219379 213980 210648 209404 187955 307534 297888 186453 172794 171977
threshold=3461.8412500000004 4052.0700000000002 2870.3750000000005 3573.4800000000005 3212.2862500000006 4116.0350000000008 4445.3162500000008 21.500000000000004 12.500000000000002 4422.2587500000009 2937.6225000000004 3348.3550000000005 4050.4637500000003 1.5000000000000002 3123.5650000000005 17.500000000000004 18.500000000000004 17.500000000000004 3374.3450000000007 18.500000000000004 4693.3900000000012 3776.1800000000007 4015.0012500000007 4928.8850000000011 6.5000000000000009 4.5000000000000009 2945.1800000000003 4187.598750000001 3673.6712500000003 2728.3100000000004
decision_type=2 2 2 2 2 2 2 2 2 2 2 2 2 2 2 2 2 2 2 2 2 2 2 2 2 2 2 2 2 2
left_child=2 5 14 4 10 7 12 8 21 -8 -4 -10 -3 -12 29 -7 17 27 -6 -17 -14 -2 -5 -11 25 -15 -26 28 -13 -1
right_child=1 6 3 22 18 15 9 -9 11 23 13 16 20 24 -16 19 -18 -19 -20 -21 -22 -23 -24 -25 26 -27 -28 -29 -30 -31
leaf_value=-0.67210345819250394 0.32675681781447935 1.5188940574882923 -0.048489514983108571 -0.93927029620230162 0.17111268935644483 -1.5421447179506762 2.7018622116653024 -0.28430421184642135 1.9551236596601296 1.2092570149336179 -1.5192702122117583 0.32999083090613324 0.79702542732801596 -0.71621227533146792 -2.0128831160484366 1.332052195358735 0.25910852148333069 2.0482937781011499 -0.42232424469854596 -0.70198813508185309 -1.6338017058264662 -0.37523272855936218 -2.6371770696027332 2.968899207348759 0.072408359406495496 0.33227249829542838 -0.93099255578065498 -0.74668535909015277 1.0743223194956788 -1.3311058443414239
leaf_weight=1496 4641 1463 2808 1613 5430 444 570 1665 481 1964 773 1405 4039 1507 933 208 2052 767 2305 387 95 1417 206 185 910 1305 3952 225 1752 2927
leaf_count=1496 4641 1463 2808 1613 5430 444 570 1665 481 1964 773 1405 4039 1507 933 208 2052 767 2305 387 95 1417 206 185 910 1305 3952 225 1752 2927
internal_value=0.00704211 0.623042 -0.552338 -0.3687 -0.295628 0.327188 1.17249 0.397945 0.487109 1.64189 -0.494861 0.781352 0.944455 -0.643246 -1.2658 -0.653816 0.690304 0.903564 -0.00572922 0.00907134 0.741165 0.162558 -1.13156 1.36074 -0.555005 -0.229629 -0.74319 0.643952 0.743063 -1.10821
internal_weight=49925 23760 26165 20809 18990 15444 8316 14405 12740 2719 11255 6682 5597 8447 5356 1039 6201 4149 7735 595 4134 6058 1819 2149 7674 2812 4862 3382 3157 4423
internal_count=49925 23760 26165 20809 18990 15444 8316 14405 12740 2719 11255 6682 5597 8447 5356 1039 6201 4149 7735 595 4134 6058 1819 2149 7674 2812 4862 3382 3157 4423
is_linear=0
shrinkage=0.05


Tree=75
num_leaves=31
num_cat=0
split_feature=8 8 8 7 4 4 1 8 4 4 5 4 8 6 6 6 4 5 4 7 4 8 4 4 1 4 6 7 4 5
split_gain=6.25385e+06 1.50253e+06 1.16823e+06 445601 403959 468929 445724 361542 337275 339452 336920 365095 323573 405880 270784 249200 248931 242757 384352 222387 407248 219248 313819 612253 323809 232192 214566 207397 207145 199590
threshold=3431.6962500000004 4191.5500000000011 2851.5150000000008 3467.0137500000005 1.5000000000000002 21.500000000000004 5.5000000000000009 3144.3375000000001 18.500000000000004 17.500000000000004 1.0000000180025095e-35 19.500000000000004 3733.1750000000006 3841.4350000000004 3016.0012500000007 3834.5475000000001 1.5000000000000002 1.0000000180025095e-35 22.500000000000004 2851.5450000000005 6.5000000000000009 4727.9650000000011 18.500000000000004 17.500000000000004 10.500000000000002 15.500000000000002 3016.0012500000007 4005.0150000000008 3.5000000000000004 1.0000000180025095e-35
decision_type=2 2 2 2 2 2 2 2 2 2 2 2 2 2 2 2 2 2 2 2 2 2 2 2 2 2 2 2 2 2
left_child=2 4 19 7 -2 6 12 14 9 -8 11 -10 13 -6 -4 -14 -3 -18 21 -1 -21 22 23 25 -25 -19 -9 -5 -16 -7
right_child=1 16 3 27 5 29 8 26 10 -11 -12 -13 15 -15 28 -17 17 18 -20 20 -22 -23 -24 24 -26 -27 -28 -29 -30 -31
leaf_value=-0.93117978390583955 -0.53116599693104594 0.2697739317859571 -0.22138353878479716 -0.88230789569136447 0.15813089955100579 0.51478582995278499 0.89514173093778493 0.54856226210919912 3.163139807189383 2.0866946712331118 0.11122580472719452 0.63524448369449749 0.98258484125956302 -1.3274578677986579 -1.5042469330360273 0.27384692306780795 1.9450197239408684 1.9195254713697461 -0.33606816501199427 -1.0318533371532521 -2.3842467129915526 2.2450295036299663 0.76234681888407074 3.9887819084568301 0.51031544549637531 0.24278366145164032 -0.16854171184296829 -2.648548989522391 -0.62885727362948596 -0.58740675405119924
leaf_weight=2622 1226 582 4013 2325 4090 560 2338 1207 205 803 2007 471 2126 518 816 2977 1330 372 385 1310 968 550 1926 345 83 464 7683 179 3933 1541
leaf_count=2622 1226 582 4013 2325 4090 560 2338 1207 205 803 2007 471 2126 518 816 2977 1330 372 385 1310 968 550 1926 345 83 464 7683 179 3933 1541
internal_value=0.00497749 0.56618 -0.552708 -0.384373 0.34644 0.407449 0.502265 -0.295828 0.848099 1.19976 0.436405 1.40184 0.294856 -0.00886888 -0.523759 0.56912 1.25273 1.35761 1.16821 -1.24515 -1.60653 1.32306 1.1641 1.77627 3.31422 0.988894 -0.0711801 -1.00857 -0.779272 -0.293629
internal_weight=49955 24899 25056 20156 18862 17636 15535 17652 5824 3141 2683 676 9711 4608 8762 5103 6037 5455 4125 4900 2278 3740 3190 1264 428 836 8890 2504 4749 2101
internal_count=49955 24899 25056 20156 18862 17636 15535 17652 5824 3141 2683 676 9711 4608 8762 5103 6037 5455 4125 4900 2278 3740 3190 1264 428 836 8890 2504 4749 2101
is_linear=0
shrinkage=0.05


Tree=76
num_leaves=31
num_cat=0
split_feature=8 8 8 4 4 4 6 4 8 6 4 6 4 4 4 4 4 8 4 8 6 8 4 4 5 4 4 4 8 6
split_gain=5.69032e+06 1.63474e+06 768156 392282 380753 621734 407171 385698 369570 363013 301711 274699 261201 271555 241543 519842 247621 218689 189399 188008 200073 222070 206288 221690 214587 222395 217058 331606 182047 177866
threshold=3713.0325000000007 3054.0750000000003 4325.5875000000005 1.0000000180025095e-35 19.500000000000004 17.500000000000004 3856.0350000000003 12.500000000000002 2698.0050000000006 3642.0012500000007 19.500000000000004 2980.5125000000003 22.500000000000004 1.5000000000000002 6.5000000000000009 4.5000000000000009 8.5000000000000018 3942.0437500000003 2.5000000000000004 4928.8850000000011 4444.4925000000012 4555.4162500000011 17.500000000000004 18.500000000000004 1.0000000180025095e-35 19.500000000000004 21.500000000000004 20.500000000000004 3327.0037500000003 4164.0150000000012
decision_type=2 2 2 2 2 2 2 2 2 2 2 2 2 2 2 2 2 2 2 2 2 2 2 2 2 2 2 2 2 2
left_child=1 8 9 -3 5 6 7 14 -1 -2 11 -10 13 -11 15 -5 -16 29 -13 20 21 -4 -22 -24 25 -25 27 -26 -18 -15
right_child=2 3 19 4 -6 -7 -8 -9 10 12 -12 18 -14 17 16 -17 28 -19 -20 -21 22 -23 23 24 26 -27 -28 -29 -30 -31
leaf_value=-1.4113771147310359 1.2538589648988088 -1.0952256881075322 1.4352749199466546 -0.34617570421076604 -0.74765313548930812 1.3001538164716433 -1.3887983315363268 0.33444638421979367 -0.39654431813826235 -0.40436317544789224 -3.037476304996813 -1.9769903429529885 -0.70337354471026203 0.41086704737842866 -0.71222259246736552 0.63958960428923384 -0.38140631872716307 0.79988697770735218 -0.86070665179920391 2.8435807305692449 -0.23243675161343577 2.9864851659170562 3.251773322743027 4.095617479070401 0.48971776909079034 1.3894784942125651 -0.22735077484883806 2.5483417966227222 0.24585969418888196 -0.82430756831078966
leaf_weight=2547 1666 1014 1381 3134 1994 850 578 4983 4107 749 138 429 461 4060 3035 2333 2964 5298 3326 202 308 277 119 96 619 363 427 286 1897 314
leaf_count=2547 1666 1014 1381 3134 1994 850 578 4983 4107 749 138 429 461 4060 3035 2333 2964 5298 3326 202 308 277 119 96 619 363 427 286 1897 314
internal_value=0.00472862 -0.372176 0.760284 -0.133916 -0.0891358 -0.0227313 -0.0821507 -0.0409841 -0.88683 0.566536 -0.719827 -0.679146 0.461309 0.512832 -0.18098 0.074492 -0.357863 0.583859 -0.988239 1.35645 1.27894 1.69443 0.968356 1.16199 1.02314 1.95547 0.701864 1.14029 -0.136616 0.322197
internal_weight=49955 33329 16626 22782 21768 19774 18924 18346 10547 12548 8000 7862 10882 10421 13363 5467 7896 9672 3755 4078 3876 1658 2218 1910 1791 459 1332 905 4861 4374
internal_count=49955 33329 16626 22782 21768 19774 18924 18346 10547 12548 8000 7862 10882 10421 13363 5467 7896 9672 3755 4078 3876 1658 2218 1910 1791 459 1332 905 4861 4374
is_linear=0
shrinkage=0.05


Tree=77
num_leaves=31
num_cat=0
split_feature=8 8 8 7 7 8 4 4 8 1 4 4 5 4 7 7 7 4 7 4 8 4 4 4 4 7 1 4 4 4
split_gain=5.15801e+06 1.17038e+06 1.01749e+06 420364 394254 343311 324661 332772 303856 272401 260753 296526 276880 292747 258816 234172 222683 214966 207762 355637 206619 195261 229827 564675 192089 186118 182974 178024 301966 270427
threshold=3461.8412500000004 4063.7725000000005 2860.8662500000005 3315.0300000000002 3460.5150000000008 3280.3837500000004 1.5000000000000002 21.500000000000004 4498.9400000000014 5.5000000000000009 18.500000000000004 17.500000000000004 1.0000000180025095e-35 19.500000000000004 4048.6962500000004 2945.1800000000003 4102.9562500000002 18.500000000000004 2851.5450000000005 6.5000000000000009 3751.5937500000005 13.500000000000002 6.5000000000000009 4.5000000000000009 8.5000000000000018 4015.0012500000007 4.5000000000000009 19.500000000000004 17.500000000000004 18.500000000000004
decision_type=2 2 2 2 2 2 2 2 2 2 2 2 2 2 2 2 2 2 2 2 2 2 2 2 2 2 2 2 2 2
left_child=2 3 18 -2 5 15 -5 9 14 16 11 -11 13 -12 -3 24 20 21 -1 -20 -8 22 23 -17 -4 -6 -24 28 -16 -30
right_child=1 8 4 6 25 -7 7 -9 -10 10 12 -13 -14 -15 27 17 -18 -19 19 -21 -22 -23 26 -25 -26 -27 -28 -29 29 -31
leaf_value=-0.81520452456654624 1.1348038371453097 1.3107421289216896 -0.2603293903060897 -0.83835700105928201 -0.75466225888327676 0.14458291883379593 0.02237281218485682 -0.44794570216876561 1.5034823424752899 0.6798710766793068 2.9893654382810362 1.9539664367074221 -0.097176878643548348 0.43849857300624007 0.31806630498100885 -0.71710546404005526 -0.58245741375254212 -2.1754487781906908 -0.92790198188643824 -2.1595074713960654 0.56996366194323678 0.15026318765497368 -1.4282893614489449 0.55619003214918916 0.55573137662332306 -2.3596287985539806 -0.61676855194487956 0.13462248814727051 2.1618085799016291 0.70008659730267453
leaf_weight=2696 1325 1883 2242 710 2819 4397 3917 1487 2326 1681 164 627 1499 358 1344 2274 876 184 1369 1025 3075 1191 826 1411 1063 193 4366 1358 602 667
leaf_count=2696 1325 1883 2242 710 2819 4397 3917 1487 2326 1681 164 627 1499 358 1344 2274 876 184 1369 1025 3075 1191 826 1411 1063 193 4366 1358 602 667
internal_value=0.00449219 0.534993 -0.482092 0.282581 -0.328141 -0.239334 0.204132 0.258222 1.02004 0.344315 0.662871 1.026 0.248179 1.23992 0.827945 -0.363851 0.169044 -0.481839 -1.11622 -1.45522 0.263197 -0.450887 -0.531541 -0.229556 0.00214341 -0.857504 -0.745874 0.599009 0.840355 1.39351
internal_weight=49955 23899 26056 15719 20966 17954 14394 13684 8180 12197 4329 2308 2021 522 5854 13557 7868 10252 5090 2394 6992 10068 8877 3685 3305 3012 5192 3971 2613 1269
internal_count=49955 23899 26056 15719 20966 17954 14394 13684 8180 12197 4329 2308 2021 522 5854 13557 7868 10252 5090 2394 6992 10068 8877 3685 3305 3012 5192 3971 2613 1269
is_linear=0
shrinkage=0.05


Tree=78
num_leaves=31
num_cat=0
split_feature=8 8 8 7 8 6 8 7 6 6 7 7 4 7 8 4 5 4 6 6 4 4 7 7 7 7 8 6 8 6
split_gain=4.68879e+06 1.36503e+06 636443 349744 360628 341166 335866 295796 293996 290079 227655 215153 214116 184919 180166 174906 174256 294234 174067 164732 163755 163072 161013 150901 148197 146388 146067 200588 140552 138426
threshold=3713.0325000000007 3074.7512500000007 4295.5550000000012 3743.1775000000002 3343.5300000000002 3642.0012500000007 2743.8325000000004 3191.5550000000007 3319.1687500000003 3016.0012500000007 4405.880000000001 3320.7425000000007 12.500000000000002 2966.0287500000004 3906.4637500000003 1.0000000180025095e-35 1.0000000180025095e-35 22.500000000000004 3352.1475000000005 3190.9950000000003 1.0000000180025095e-35 17.500000000000004 4200.6162500000009 3235.5125000000003 3560.5350000000003 3825.0962500000001 2345.2987500000004 2713.5450000000005 4814.6737500000008 4623.0900000000011
decision_type=2 2 2 2 2 2 2 2 2 2 2 2 2 2 2 2 2 2 2 2 2 2 2 2 2 2 2 2 2 2
left_child=1 6 5 4 7 -2 24 -3 -6 -8 14 12 -11 -14 25 -4 -17 28 -9 -5 -10 -12 -21 -22 26 -7 -1 -28 29 -18
right_child=2 3 15 19 8 10 9 18 20 11 21 -13 13 -15 -16 16 17 -19 -20 22 23 -23 -24 -25 -26 -27 27 -29 -30 -31
leaf_value=-2.5332328315804133 1.1683875177933125 0.020949762298597796 0.093169509055036501 0.71953557782992728 0.72313205449611373 0.43389173719280399 -0.3549546303315132 -0.352119051454717 -1.056489002126568 -1.0356940194259001 -1.3577741180594263 -1.9390481477230788 0.83705175577694613 -0.74928710323806524 0.64270113517129668 1.8628607143151201 1.3703534478596708 -0.28314695794018918 -1.0533604344747227 -0.6329710336706309 0.69165845608618215 0.13854465888205167 -1.9774903833626745 -0.00050032560917529488 -3.4215900694529218 -0.19545447268458449 -0.54906906027547342 -1.4123719210017132 2.2538507735379687 0.52001271807574312
leaf_weight=185 1662 5402 330 200 2044 2544 4636 3885 324 2356 293 480 323 426 5733 1003 1815 340 1146 2106 913 481 249 5726 75 1451 1087 1766 324 650
leaf_count=185 1662 5402 330 200 2044 2544 4636 3885 324 2356 293 480 323 426 5733 1003 1815 340 1146 2106 913 481 249 5726 75 1451 1087 1766 324 650
internal_value=0.00426758 -0.337864 0.690116 -0.108165 -0.0358829 0.502754 -0.783624 -0.235978 0.195892 -0.616134 0.397413 -0.953882 -0.801586 -0.0651917 0.463078 1.20089 1.28936 1.10552 -0.511853 -0.658131 0.0411198 -0.427891 -0.77513 0.0946858 -1.22594 0.205311 -1.17174 -1.08345 1.27481 1.14613
internal_weight=49955 33329 16626 21995 19440 12164 11334 10433 9007 8221 10502 3585 3105 749 9728 4462 4132 3129 5031 2555 6963 774 2355 6639 3113 3995 3038 2853 2789 2465
internal_count=49955 33329 16626 21995 19440 12164 11334 10433 9007 8221 10502 3585 3105 749 9728 4462 4132 3129 5031 2555 6963 774 2355 6639 3113 3995 3038 2853 2789 2465
is_linear=0
shrinkage=0.05


Tree=79
num_leaves=31
num_cat=0
split_feature=8 8 8 7 6 6 8 6 8 6 6 6 6 1 0 7 7 8 6 1 8 7 6 0 1 5 7 0 0 7
split_gain=4.25118e+06 1.04664e+06 799677 406401 375813 356305 332398 341839 267460 249646 249621 249493 215113 205718 200866 257797 198946 197903 190737 162899 149745 137866 135456 135042 157971 175955 118753 201295 115136 109520
threshold=3431.6962500000004 3942.0437500000003 2851.5150000000008 3235.5125000000003 3492.0062500000004 4104.505000000001 4498.9400000000014 3888.7662500000001 3158.2487500000007 3016.0012500000007 4693.3900000000012 4444.4925000000012 3352.1475000000005 5.5000000000000009 24.595625000000005 2851.5450000000005 3172.0150000000008 3733.1750000000006 2713.5450000000005 2.5000000000000004 4928.8850000000011 3817.8212500000004 3016.0012500000007 28.034375000000008 5.5000000000000009 1.0000000180025095e-35 3554.0700000000002 27.179375000000004 27.313125000000003 3723.3675000000007
decision_type=2 2 2 2 2 2 2 2 2 2 2 2 2 2 2 2 2 2 2 2 2 2 2 2 2 2 2 2 2 2
left_child=2 3 14 28 8 12 7 -3 9 -4 23 -8 26 19 18 -16 22 21 -1 -6 -13 -14 -10 24 -9 -26 -5 -28 -2 -19
right_child=1 6 4 5 13 -7 11 10 16 -11 -12 20 17 -15 15 -17 -18 29 -20 -21 -22 -23 -24 -25 25 -27 27 -29 -30 -31
leaf_value=-0.22631433578361324 0.77780884858300992 1.4036373723932825 -0.15373837317426953 1.2645760598814204 -0.46095562038043963 -1.0053097095036498 2.4569701976349787 0.14034514211371837 1.0285180024094194 -0.67464361619657387 -1.6211915342108563 0.97389791999198827 0.034662472222893245 -0.36147401605693585 -0.86636010066438007 -1.8671200001925525 -0.22839514060665156 0.64104464394101268 -1.1346102457985623 -1.7958354835983172 2.4302375536733472 -0.55087325206084359 0.12505710223753647 0.9077997188776179 1.5327531389622975 0.48171812427235006 1.3969168467199233 -0.24291097408081461 1.9045925806099107 0.14684422543118303
leaf_weight=1132 697 1412 4256 630 319 674 432 2274 489 5005 130 1697 5348 782 1385 1202 5762 1913 1181 806 197 1238 2737 2237 526 1639 293 518 336 2708
leaf_count=1132 697 1412 4256 630 319 674 432 2274 489 5005 130 1697 5348 782 1385 1202 5762 1913 1181 806 197 1238 2737 2237 526 1639 293 518 336 2708
internal_value=0.0040542 0.466755 -0.455747 0.188925 -0.316474 0.114843 0.845003 0.695648 -0.246681 -0.435256 0.548766 1.37269 0.174535 -0.984353 -1.02864 -1.33134 -0.0523794 0.100595 -0.690083 -1.41732 1.12538 -0.0754033 0.262005 0.591021 0.431383 0.737074 0.749585 0.34953 1.14431 0.351433
internal_weight=49955 24899 25056 14355 20156 13322 10544 8218 18249 9261 6806 2326 12648 1907 4900 2587 8988 11207 2313 1125 1894 6586 3226 6676 4439 2165 1441 811 1033 4621
internal_count=49955 24899 25056 14355 20156 13322 10544 8218 18249 9261 6806 2326 12648 1907 4900 2587 8988 11207 2313 1125 1894 6586 3226 6676 4439 2165 1441 811 1033 4621
is_linear=0
shrinkage=0.05


Tree=80
num_leaves=31
num_cat=0
split_feature=8 8 8 6 8 6 6 8 6 8 6 6 1 6 8 1 6 0 3 6 8 6 8 0 5 0 6 6 8 0
split_gain=3.95405e+06 973153 689262 381763 340396 321964 259572 222405 211705 202598 231402 201326 197726 188543 182358 165168 141974 140142 168016 137440 124866 115549 113955 113841 110424 109891 113672 105731 105697 102839
threshold=3615.1250000000005 2994.0125000000003 4242.8275000000003 3613.1812500000001 3349.3750000000005 3606.7425000000007 3245.2362500000004 2648.6612500000006 2906.9475000000007 3800.0100000000007 4444.4925000000012 4104.505000000001 5.5000000000000009 3319.1687500000003 4928.8850000000011 2.5000000000000004 3834.5475000000001 24.636875000000007 1.0000000180025095e-35 3896.4800000000005 3988.8175000000006 2937.6225000000004 3970.0150000000008 28.483125000000005 1.0000000180025095e-35 25.426875000000006 2713.5450000000005 2757.3775000000005 3236.5100000000007 25.181875000000002
decision_type=2 2 2 2 2 2 2 2 2 2 2 2 2 2 2 2 2 2 2 2 2 2 2 2 2 2 2 2 2 2
left_child=1 7 5 4 6 22 21 17 25 19 16 -4 15 -6 23 -5 -11 27 -19 -7 -18 -3 -2 24 -13 26 -9 -1 -23 -14
right_child=2 3 11 12 13 9 -8 8 -10 10 -12 14 29 -15 -16 -17 20 18 -20 -21 -22 28 -24 -25 -26 -27 -28 -29 -30 -31
leaf_value=-0.5817681925238779 0.78729193529498465 0.23578745730393008 1.8704816019185497 -0.11603393858531491 0.60750172547626435 0.11001055599670498 -0.59351026283456121 0.35906725748870771 -0.93128959861531002 0.85647432060033091 -1.174929466843605 1.2134422932557349 -0.9452821824561668 0.015576563053653703 2.4186742662627081 -1.3962041105781113 0.070360191993691576 -2.7104094707547577 -1.2860842103428913 -0.6615619259796568 0.53406869746184815 -0.29693040744773114 1.9459022431931599 1.2351947662464857 0.51629071539269544 -0.89935434546732085 -0.4185399970577095 -2.0660983970740459 0.1673213585402582 0.14052093522413739
leaf_weight=745 2190 1936 649 320 1915 2994 3911 667 3567 1714 224 758 324 4522 197 1185 2495 285 757 715 3472 5781 235 1409 2266 717 1591 143 1556 667
leaf_count=745 2190 1936 649 320 1915 2994 3911 667 3567 1714 224 758 324 4522 197 1185 2495 285 757 715 3472 5781 235 1409 2266 717 1591 143 1556 667
internal_value=-0.00133017 -0.355009 0.5587 -0.180463 -0.106372 0.375558 -0.251891 -0.810676 -0.67153 0.266145 0.40919 1.04575 -0.762891 0.191674 0.930145 -1.12401 0.455388 -1.28233 -1.67565 -0.0387288 0.340177 -0.10781 0.89957 0.863996 0.69104 -0.360079 -0.188839 -0.820799 -0.198474 -0.214474
internal_weight=49907 30589 19318 22117 19621 14039 13184 8472 6542 11614 7905 5279 2496 6437 4630 1505 7681 1930 1042 3709 5967 9273 2425 4433 3024 2975 2258 888 7337 991
internal_count=49907 30589 19318 22117 19621 14039 13184 8472 6542 11614 7905 5279 2496 6437 4630 1505 7681 1930 1042 3709 5967 9273 2425 4433 3024 2975 2258 888 7337 991
is_linear=0
shrinkage=0.05


Tree=81
num_leaves=31
num_cat=0
split_feature=8 8 8 7 7 4 4 4 6 7 8 6 4 6 8 7 4 4 4 4 4 7 4 8 4 8 6 4 6 8
split_gain=3.58192e+06 755512 739346 364213 357689 357712 349911 324081 260626 260503 255301 294876 242819 240971 199382 197918 189130 178305 177082 311518 305859 210726 182183 170971 165379 205339 194581 154554 146474 147547
threshold=3513.7012500000005 4242.8275000000003 2987.9800000000005 3309.3050000000007 3320.7425000000007 21.500000000000004 1.5000000000000002 12.500000000000002 3594.2637500000005 3447.9975000000004 3836.5275000000006 3834.5475000000001 21.500000000000004 3888.7662500000001 2425.5450000000005 3723.3675000000007 8.5000000000000018 17.500000000000004 1.5000000000000002 6.5000000000000009 3.5000000000000004 2851.5450000000005 11.500000000000002 3343.5300000000002 22.500000000000004 4584.4562500000011 4528.1125000000002 16.500000000000004 3553.5125000000003 3212.2862500000006
decision_type=2 2 2 2 2 2 2 2 2 2 2 2 2 2 2 2 2 2 2 2 2 2 2 2 2 2 2 2 2 2
left_child=2 4 9 7 -2 6 -6 28 23 14 11 -8 17 -12 -1 -3 -17 -9 -16 20 -20 22 -21 -5 25 -18 -27 -10 29 -4
right_child=1 15 3 8 5 -7 10 12 27 -11 13 -13 -14 -15 18 16 24 -19 19 21 -22 -23 -24 -25 -26 26 -28 -29 -30 -31
leaf_value=-1.8585775626290397 1.2444276000674803 2.8761374163605713 -0.2966536819090268 -0.62533206197464342 -0.62562921347899325 -0.43233120677970849 0.36283172803794722 0.57858776211860474 -1.7326195046271107 -2.1668029126561721 1.0989041901063874 -0.41491727792531735 -0.80573019578478466 0.42373642805630596 -1.4356893979890797 0.11013389519367758 0.92383934564207237 2.9717990873404494 -0.78493911045233533 -0.984423578281867 0.16753628176616125 -1.2451858307811261 0.15388646903560696 -0.089783042608631236 0.19614672459829599 3.0200805071954688 1.3995743879902269 -0.48592236663540267 -1.3144733535112256 0.10367296381088231
leaf_weight=367 963 136 5967 3168 891 1705 5702 1988 620 324 1921 1550 321 4235 679 601 2808 81 1503 752 1919 2062 660 2814 500 227 1007 415 274 3747
leaf_count=367 963 136 5967 3168 891 1705 5702 1988 620 324 1921 1550 321 4235 679 601 2808 81 1503 752 1919 2062 660 2814 500 227 1007 415 274 3747
internal_value=-0.00126366 0.471077 -0.381137 -0.21238 0.308545 0.252231 0.333857 -0.0492428 -0.500154 -0.777103 0.397618 0.1966 0.473769 0.634425 -0.720409 0.993463 0.943678 0.67228 -0.665266 -0.589408 -0.250807 -0.92294 -0.452352 -0.373404 1.05397 1.16009 1.69767 -1.23274 -0.174393 -0.142235
internal_weight=49907 22246 27661 19395 16967 16004 14299 12378 7017 8266 13408 7252 2390 6156 7942 5279 5143 2069 7575 6896 3422 3474 1412 5982 4542 4042 1234 1035 9988 9714
internal_count=49907 22246 27661 19395 16967 16004 14299 12378 7017 8266 13408 7252 2390 6156 7942 5279 5143 2069 7575 6896 3422 3474 1412 5982 4542 4042 1234 1035 9988 9714
is_linear=0
shrinkage=0.05


Tree=82
num_leaves=31
num_cat=0
split_feature=8 8 8 7 7 7 4 4 8 4 7 6 4 8 6 6 4 4 4 4 4 4 6 6 8 7 4 4 4 0
split_gain=3.24523e+06 811654 568923 358563 351227 337483 335599 274384 270998 263962 241435 201883 193826 190740 295284 175122 174074 344264 313151 225500 207970 158441 158237 158198 149514 147476 139255 138514 175091 129228
threshold=3615.1250000000005 3119.5700000000002 4325.5875000000005 3348.3550000000005 3547.4800000000005 3560.5350000000003 22.500000000000004 1.0000000180025095e-35 2665.5050000000006 1.5000000000000002 2829.6250000000005 3200.2550000000006 10.500000000000002 3988.8175000000006 3888.7662500000001 4104.505000000001 21.500000000000004 12.500000000000002 6.5000000000000009 4.5000000000000009 8.5000000000000018 21.500000000000004 4215.5475000000015 4177.5300000000016 4928.8850000000011 3191.5550000000007 16.500000000000004 22.500000000000004 8.5000000000000018 24.799375000000005
decision_type=2 2 2 2 2 2 2 2 2 2 2 2 2 2 2 2 2 2 2 2 2 2 2 2 2 2 2 2 2 2
left_child=1 4 3 -2 8 9 7 -5 29 -3 12 21 -10 14 -9 -15 17 18 19 -11 -20 -12 -4 -7 27 -19 -13 28 -24 -1
right_child=2 5 22 6 -6 23 -8 13 10 16 11 26 -14 15 -16 -17 -18 25 20 -21 -22 -23 24 -25 -26 -27 -28 -29 -30 -31
leaf_value=-0.69433647900329909 1.5253066578050813 -0.62907917142469483 1.7858963679421251 -0.91462382955536148 -2.1351581257017886 -0.48052222471475736 -0.83171177521177564 0.45274853781419683 -0.2913253511115052 -0.087314893461885687 -0.46211715803859765 -1.3188649040226685 0.72950875826088379 0.9704850060757807 -0.18616629052377465 0.37410959514169162 -0.6911386781534522 1.1079878870033422 -0.65750309590399247 0.81430911082337676 -0.01976858609190299 -2.4381054081963107 -0.071828426970434511 -3.0279168390458633 2.2430593536672543 0.36191419757847887 0.32251976847959063 -0.10129665983737915 1.081607439964001 -1.4836285593231548
leaf_weight=1019 638 1416 590 407 370 3587 612 6014 1956 1292 6729 1259 610 2292 2586 2659 671 915 2019 1497 3485 103 377 62 196 2399 144 362 2585 1056
leaf_count=1019 638 1416 590 407 370 3587 612 6014 1956 1292 6729 1259 610 2292 2586 2659 671 915 2019 1497 3485 103 377 62 196 2399 144 362 2585 1056
internal_value=-0.00120047 -0.321614 0.506156 0.365097 -0.616322 -0.0965251 0.314293 0.364541 -0.572677 0.0173308 -0.472137 -0.604095 -0.0486485 0.40296 0.260628 0.650194 0.0918802 0.137146 -0.0349912 0.396633 -0.253705 -0.491907 1.02811 -0.523805 0.901093 0.567906 -1.1504 0.821963 0.934799 -1.09602
internal_weight=49907 30589 19318 15208 13246 17343 14570 13958 12876 13694 10801 8235 2566 13551 8600 4951 12278 11607 8293 2789 5504 6832 4110 3649 3520 3314 1403 3324 2962 2075
internal_count=49907 30589 19318 15208 13246 17343 14570 13958 12876 13694 10801 8235 2566 13551 8600 4951 12278 11607 8293 2789 5504 6832 4110 3649 3520 3314 1403 3324 2962 2075
is_linear=0
shrinkage=0.05


Tree=83
num_leaves=31
num_cat=0
split_feature=8 8 8 7 7 7 8 7 8 8 7 7 0 7 8 7 0 0 1 7 0 5 0 0 7 0 5 1 7 7
split_gain=2.97279e+06 778296 508146 368254 320637 217298 220516 203692 208024 184177 192189 163986 157119 154047 147720 135318 133543 128746 124752 118185 111057 109433 108557 102381 92758.5 86562 86423.6 85893.9 85715.4 85389
threshold=3401.2975000000006 4074.5275000000006 2817.5200000000004 3473.5325000000007 3348.3550000000005 4200.6162500000009 3836.5275000000006 3642.2137500000003 4555.4162500000011 3119.5700000000002 2870.1737500000004 3058.2975000000006 26.211875000000003 4027.2600000000007 3764.4675000000002 3191.5550000000007 27.014375000000005 24.573125000000005 5.5000000000000009 4015.0012500000007 28.955625000000001 1.0000000180025095e-35 27.925625000000007 26.790625000000006 3782.6225000000009 29.531875000000003 1.0000000180025095e-35 2.5000000000000004 3172.0150000000008 3797.0300000000002
decision_type=2 2 2 2 2 2 2 2 2 2 2 2 2 2 2 2 2 2 2 2 2 2 2 2 2 2 2 2 2 2
left_child=2 4 11 9 14 6 17 16 19 10 -4 -1 29 -5 23 -11 -3 27 24 25 -12 -10 26 -2 -19 -9 -21 -6 -25 -13
right_child=1 7 3 13 5 -7 -8 8 21 15 20 12 -14 -15 -16 -17 -18 18 -20 22 -22 -23 -24 28 -26 -27 -28 -29 -30 -31
leaf_value=-0.73026429108197988 0.29124093537988882 1.4694696704702785 0.045878540418889002 -0.79287393541625517 0.99972783745020299 -0.5647969395253688 0.46089265407101465 0.81708813249948031 1.8343317028554922 0.12679003469299113 -0.45208198393844157 -0.94472893486545084 -2.5374721497531034 -2.3927736683354421 1.8733589246008266 -0.25738580328323341 4.1072496053050545 0.066169903561986723 0.34225950038512293 0.75376978664346561 -1.1795819888698018 0.96953206075231746 0.74575830964358047 1.7242364792724811 -0.39737780184624361 1.8830008422947739 0.07647566990206639 -0.64301892007044581 0.67434716637955516 -3.4154881100396852
leaf_weight=3380 1224 163 1983 1955 87 1124 4214 1132 488 4645 5984 637 255 163 251 4525 68 4428 3179 629 575 1461 1928 277 1427 229 1875 932 652 37
leaf_count=3380 1224 163 1983 1955 87 1124 4214 1132 488 4645 5984 637 255 163 251 4525 68 4428 3179 629 575 1461 1928 277 1427 229 1875 932 652 37
internal_value=-0.00114045 0.37236 -0.399846 -0.292908 0.188425 0.104544 0.157277 0.782885 0.739231 -0.218398 -0.385453 -0.891974 -1.48032 -0.916001 0.725449 -0.0627842 2.24596 0.0300077 0.0901024 0.588898 -0.515859 1.18606 0.463749 0.591624 -0.0468075 0.996437 0.246611 -0.502765 0.987393 -1.08036
internal_weight=49907 25768 24139 19830 17795 15391 14267 7973 7742 17712 8542 4309 929 2118 2404 9170 231 10053 9034 5793 6559 1949 4432 2153 5855 1361 2504 1019 929 674
internal_count=49907 25768 24139 19830 17795 15391 14267 7973 7742 17712 8542 4309 929 2118 2404 9170 231 10053 9034 5793 6559 1949 4432 2153 5855 1361 2504 1019 929 674
is_linear=0
shrinkage=0.05


Tree=84
num_leaves=31
num_cat=0
split_feature=8 8 8 6 6 8 8 6 6 6 8 6 6 0 1 1 6 8 3 0 6 6 8 6 0 0 8 0 1 0
split_gain=2.69165e+06 602811 543008 311501 278111 257520 244358 204402 198594 177286 177406 189474 175753 208676 169993 191622 167846 138456 166973 135851 132264 130660 121278 112571 103936 102470 101449 101196 119986 104897
threshold=3481.7637500000005 4153.2687500000011 2930.2325000000005 3399.0075000000002 3586.7187500000005 3207.0187500000006 3800.0100000000007 4422.2587500000009 3220.2600000000007 4050.4637500000003 4555.4162500000011 4693.3900000000012 2906.9475000000007 25.053125000000005 5.5000000000000009 2.5000000000000004 4472.0900000000011 2345.2987500000004 1.0000000180025095e-35 24.530625000000004 3834.5475000000001 3888.7662500000001 3680.0375000000004 2959.0637500000007 29.796875000000004 28.105625000000007 4928.8850000000011 24.799375000000005 5.5000000000000009 27.848125000000007
decision_type=2 2 2 2 2 2 2 2 2 2 2 2 2 2 2 2 2 2 2 2 2 2 2 2 2 2 2 2 2 2
left_child=2 4 12 5 22 8 21 20 24 -3 11 -11 13 -1 15 -5 -12 18 -15 -16 -8 -6 -2 25 -4 -7 -18 -22 29 -29
right_child=1 9 3 14 6 23 7 -9 -10 10 16 -13 -14 17 19 -17 26 -19 -20 -21 27 -23 -24 -25 -26 -27 -28 28 -30 -31
leaf_value=-0.29431411797207313 0.38821803274711475 1.4696847951653349 -0.14450618397799944 -0.35262769222211038 -0.028432771767722603 1.3003243703049066 0.72994930408196257 -1.4197752745922454 -0.81859522832939868 0.57530729118073265 2.1500266885786403 -1.1466461836912496 -1.0107655595871543 -4.6409937418113323 -1.1636867695595814 -1.2988373264671469 0.73837862192820547 -0.96901230711575315 -0.32005499386125141 -0.055640327454896867 -0.49726319841476352 -0.66497441176270944 0.94211073656213906 0.051130675898939826 -1.0357434721630916 0.13623173008756259 1.9684062284858603 -0.26260362470856252 0.62694454542521971 0.36449078028236109
leaf_weight=2810 3108 851 7523 922 4361 366 1706 167 1458 3681 312 167 3082 59 337 1275 1424 698 36 1544 449 989 1449 5858 342 391 190 1200 1651 1501
leaf_count=2810 3108 851 7523 922 4361 366 1706 167 1458 3681 312 167 3082 59 337 1275 1424 698 36 1544 449 989 1449 5858 342 391 190 1200 1651 1501
internal_value=-0.00108343 0.392795 -0.343406 -0.213097 0.231713 -0.113323 0.105649 0.307459 -0.282619 0.795951 0.696653 0.500576 -0.73357 -0.496457 -0.603044 -0.901748 1.0884 -1.21275 -3.00359 -0.254158 0.351788 -0.146104 0.564341 0.125277 -0.183261 0.699056 0.883177 0.217411 0.291145 0.0858853
internal_weight=49907 23206 26701 20016 16581 15938 12024 6674 9323 6625 5774 3848 6685 3603 4078 2197 1926 793 95 1881 6507 5350 4557 6615 7865 757 1614 4801 4352 2701
internal_count=49907 23206 26701 20016 16581 15938 12024 6674 9323 6625 5774 3848 6685 3603 4078 2197 1926 793 95 1881 6507 5350 4557 6615 7865 757 1614 4801 4352 2701
is_linear=0
shrinkage=0.05


Tree=85
num_leaves=31
num_cat=0
split_feature=4 4 5 4 4 4 5 5 4 4 6 4 4 4 5 6 4 7 0 5 4 4 3 0 0 7 0 6 0 7
split_gain=1.84928e+06 856902 580408 367977 283381 1.01714e+06 1.05698e+06 424221 1.02592e+06 283886 351825 217464 819865 239960 235405 208542 192278 301406 226688 164872 356684 154395 148281 131785 123711 117775 102306 188765 100828 98500.1
threshold=13.500000000000002 21.500000000000004 1.0000000180025095e-35 1.0000000180025095e-35 17.500000000000004 18.500000000000004 1.0000000180025095e-35 1.0000000180025095e-35 19.500000000000004 20.500000000000004 4254.7025000000012 6.5000000000000009 4.5000000000000009 8.5000000000000018 1.0000000180025095e-35 4016.4475000000007 15.500000000000002 4187.598750000001 28.034375000000008 1.0000000180025095e-35 7.5000000000000009 22.500000000000004 1.0000000180025095e-35 24.740625000000005 25.135625000000008 3279.0037500000003 27.643125000000001 4061.9850000000001 24.925625000000007 3525.6937500000008
decision_type=2 2 2 2 2 2 2 2 2 2 2 2 2 2 2 2 2 2 2 2 2 2 2 2 2 2 2 2 2 2
left_child=3 4 15 24 16 6 -6 8 -7 25 28 12 14 19 -5 21 18 -18 -2 20 -13 -3 29 -4 -1 -9 27 -8 -11 -14
right_child=1 2 23 11 5 7 26 9 -10 10 -12 13 22 -15 -16 -17 17 -19 -20 -21 -22 -23 -24 -25 -26 -27 -28 -29 -30 -31
leaf_value=-1.2262775393025747 0.049640833100121975 1.0840107021860808 -1.1501292328752055 -0.80169593589313559 -0.25763585245614989 2.9107595112231195 2.4772541156493015 3.1233632528356146 0.19560561475891841 -0.47619918034733022 1.8579305199458251 0.79745731570878786 0.85354385951431133 -0.21444732777093956 -0.18957692508314117 1.6299780631705307 0.25891396300892555 -0.89530638225735337 0.82464580247853547 -0.84390399309576236 -1.0751915854613037 -0.57062127708127874 0.038479275150584975 -0.42679327946302598 -0.43599380609005406 -0.13398130222209623 2.85235085683667 0.92006297855489505 0.56753640727925947 0.15531650456304877
leaf_weight=1219 1453 249 897 2099 522 528 660 28 1020 351 474 524 2342 10475 6240 404 3490 675 2691 3126 494 325 1168 2113 834 3109 605 276 679 644
leaf_count=1219 1453 249 897 2099 522 528 660 28 1020 351 474 524 2342 10475 6240 404 3490 675 2691 3126 494 325 1168 2113 834 3109 605 276 679 644
internal_value=-0.00385299 0.359449 -0.298521 -0.259827 0.517892 0.725435 1.68692 0.40494 1.1217 0.165864 0.730632 -0.210955 -0.0577725 -0.34186 -0.343653 0.759691 0.311774 0.0718554 0.552908 -0.663929 -0.111274 0.147155 0.516121 -0.642352 -0.905237 -0.104907 2.34562 2.01808 0.211856 0.702955
internal_weight=49714 20549 3988 29165 16561 8252 2063 6189 1548 4641 1504 27112 12493 14619 8339 978 8309 4165 4144 4144 1018 574 4154 3010 2053 3137 1541 936 1030 2986
internal_count=49714 20549 3988 29165 16561 8252 2063 6189 1548 4641 1504 27112 12493 14619 8339 978 8309 4165 4144 4144 1018 574 4154 3010 2053 3137 1541 936 1030 2986
is_linear=0
shrinkage=0.05


Tree=86
num_leaves=31
num_cat=0
split_feature=8 8 8 6 7 7 6 8 6 7 8 6 7 0 7 7 0 8 0 6 8 8 6 7 8 6 6 6 6 1
split_gain=2.3331e+06 639933 412057 345786 327271 289314 260698 230583 228984 180437 182661 197151 173103 233009 150215 146934 186026 148174 140618 137648 135854 126469 123640 122618 116935 116616 111061 105590 103240 96120.2
threshold=3366.0100000000007 4094.7875000000008 2841.0100000000007 4190.0325000000003 3250.2975000000001 3166.8725000000004 3441.0375000000004 3866.1200000000003 3393.0300000000002 3554.0700000000002 4657.6675000000005 4693.3900000000012 2851.5450000000005 24.595625000000005 3817.8212500000004 2817.8500000000004 26.035625000000007 3054.0750000000003 32.235625000000006 4404.8925000000008 3534.8200000000006 2588.4350000000009 3234.5012500000007 3723.3675000000007 3568.9625000000001 3863.9825000000005 4050.4637500000003 2728.3100000000004 3656.5675000000006 6.5000000000000009
decision_type=2 2 2 2 2 2 2 2 2 2 2 2 2 2 2 2 2 2 2 2 2 2 2 2 2 2 2 2 2 2
left_child=2 3 12 5 15 -2 -6 8 -7 28 11 18 -1 27 20 16 -4 -17 26 -12 -10 -15 -19 -9 -5 -25 -11 -14 -3 -8
right_child=1 9 4 24 6 7 29 23 14 10 19 -13 13 21 -16 17 -18 22 -20 -21 -22 -23 -24 25 -26 -27 -28 -29 -30 -31
leaf_value=-0.51367422945847463 1.0090943066556883 5.860113151669502 -0.062201522936859543 -3.6274054288864139 -0.43268173347126804 0.46697270227388671 -1.7389206988585748 0.98427846219920567 -0.25417514210881215 1.0286882356645106 2.8327496433105228 -0.70519611395996173 0.0038816065219141362 -2.4837413064549203 -0.39118413024964171 -0.4376918096769209 1.011905552642451 0.09896076226236579 1.8266295680752049 1.0395368495901847 0.18937537550009959 -1.2927430350828359 -0.36089997613035074 0.76778898174919985 -0.71355565304526047 0.12291045641736498 0.45772168887911358 -1.0175552717580956 1.9520600643726664 -0.65445839433343556
leaf_weight=2610 1055 20 1216 36 4820 2693 585 942 2483 1054 117 296 447 305 2466 3896 603 4521 231 1254 5665 828 2160 1044 790 2134 4437 583 109 314
leaf_count=2610 1055 20 1216 36 4820 2693 585 942 2483 1054 117 296 447 305 2466 3896 603 4521 231 1254 5665 828 2160 1044 790 2134 4437 583 109 314
internal_value=-0.00366034 0.31273 -0.374487 0.160345 -0.265589 0.205077 -0.578474 0.156404 0.0552034 0.70409 0.671725 0.553068 -0.78779 -1.11855 -0.0492713 -0.121236 0.293866 -0.192625 0.618158 1.19257 0.054209 -1.61336 -0.0497145 0.483265 -0.840552 0.334759 0.567319 -0.574272 2.55796 -1.36014
internal_weight=49714 26826 22888 19308 18115 18482 5719 17427 13307 7518 7389 6018 4773 2163 10614 12396 1819 10577 5722 1371 8148 1133 6681 4120 826 3178 5491 1030 129 899
internal_count=49714 26826 22888 19308 18115 18482 5719 17427 13307 7518 7389 6018 4773 2163 10614 12396 1819 10577 5722 1371 8148 1133 6681 4120 826 3178 5491 1030 129 899
is_linear=0
shrinkage=0.05


Tree=87
num_leaves=31
num_cat=0
split_feature=8 8 8 6 4 4 4 7 4 4 7 4 4 4 5 4 8 6 4 4 7 5 4 5 0 8 6 4 7 8
split_gain=2.11413e+06 497352 451404 314503 282133 302773 319583 342735 272640 336103 270326 253722 250344 240162 224247 180882 174436 225543 206876 301311 266149 200854 421769 189292 237212 172026 192802 187888 169697 168135
threshold=3475.5112500000005 4311.0400000000009 2889.5650000000005 3553.5125000000003 2.5000000000000004 6.5000000000000009 8.5000000000000018 2851.5450000000005 21.500000000000004 3.5000000000000004 3348.3550000000005 19.500000000000004 4.5000000000000009 13.500000000000002 1.0000000180025095e-35 19.500000000000004 3836.5275000000006 3856.0350000000003 18.500000000000004 17.500000000000004 4187.598750000001 1.0000000180025095e-35 19.500000000000004 1.0000000180025095e-35 27.779375000000005 2425.5450000000005 2728.3100000000004 3.5000000000000004 2632.0300000000002 3153.4450000000002
decision_type=2 2 2 2 2 2 2 2 2 2 2 2 2 2 2 2 2 2 2 2 2 2 2 2 2 2 2 2 2 2
left_child=2 8 15 4 -4 12 -7 -8 9 28 -11 13 -6 29 -10 25 17 -12 19 20 -18 22 -20 24 -21 -1 -27 -28 -2 -9
right_child=1 -3 3 -5 5 6 7 11 14 10 16 -13 -14 -15 -16 -17 18 -19 21 23 -22 -23 -24 -25 -26 26 27 -29 -30 -31
leaf_value=-1.6769522329347994 4.3230658948421476 0.83391745075360113 -0.59538867535532514 -0.83595477048318123 -0.13860892236264508 -0.67021299922379995 1.1369408202000015 -0.54400390436942192 0.53251046011268 1.2592191642028903 0.29882376495422597 -1.0111068517755013 0.65066278415112666 0.39106959255078555 -0.60448585157203538 -3.1406687027613325 0.77530976745103619 -0.42867544524572482 2.5918330175468172 2.3938985482567836 -0.44240135024855293 -0.030022313736751058 0.088966933352081751 1.9787394677834591 -0.97614678967258206 -0.13058203342660252 -1.4374718429417008 -0.59511823468148595 -0.30295275197367694 0.010742896724120765
leaf_weight=394 20 4232 2889 1780 1760 2651 573 2323 598 844 5987 740 2341 2272 1578 75 2082 1296 251 84 572 2173 511 686 138 1576 862 2853 2258 3315
leaf_count=394 20 4232 2889 1780 1760 2651 573 2323 598 844 5987 740 2341 2272 1578 75 2082 1296 251 84 572 2173 511 686 138 1576 862 2853 2258 3315
internal_value=-0.00347733 0.343547 -0.309838 -0.200635 -0.140687 -0.058456 -0.186381 -0.0473111 0.23477 0.30259 0.39059 -0.125759 0.311936 -0.0429328 -0.292021 -0.701222 0.337388 0.169366 0.525736 0.781846 0.512864 0.214914 0.913402 1.56806 0.299006 -0.669039 -0.593984 -0.790571 -0.262338 -0.217827
internal_weight=49714 23310 26404 20644 18864 15975 11874 9223 19078 16902 14624 8650 4101 7910 2176 5760 13780 7283 6497 3562 2654 2935 762 908 222 5685 5291 3715 2278 5638
internal_count=49714 23310 26404 20644 18864 15975 11874 9223 19078 16902 14624 8650 4101 7910 2176 5760 13780 7283 6497 3562 2654 2935 762 908 222 5685 5291 3715 2278 5638
is_linear=0
shrinkage=0.05


Tree=88
num_leaves=31
num_cat=0
split_feature=8 8 8 6 7 7 7 8 6 6 8 8 5 7 6 8 8 6 0 0 6 8 8 7 6 6 6 7 6 6
split_gain=1.92615e+06 600267 295888 294048 282181 226454 220611 210274 207832 207584 205531 169547 158548 146248 141842 186327 124644 122183 112043 130283 109311 108309 106173 99856.3 99430.4 82576.6 80439.2 77195.7 72836.8 72763.7
threshold=3719.0812500000006 3119.5700000000002 4405.0625000000009 3234.5012500000007 3573.4800000000005 3315.0300000000002 4081.0300000000002 2425.5450000000005 4422.2587500000009 4528.1125000000002 3295.5350000000003 3327.0037500000003 1.0000000180025095e-35 3309.3050000000007 3834.5475000000001 3997.9950000000003 3883.0225000000005 2937.6225000000004 25.114375000000006 28.070625000000003 3731.0050000000006 3481.7637500000005 4868.6775000000007 4015.0012500000007 3229.8850000000007 3783.6025000000004 2504.5587500000006 3762.1650000000004 4016.4475000000007 4050.4637500000003
decision_type=2 2 2 2 2 2 2 2 2 2 2 2 2 2 2 2 2 2 2 2 2 2 2 2 2 2 2 2 2 2
left_child=1 4 5 11 7 -2 10 18 -4 14 -5 -3 -9 25 16 27 -7 -14 -1 26 21 -15 -10 -17 -6 -12 -20 -16 -8 -25
right_child=2 3 8 6 24 9 28 12 22 -11 13 -13 17 20 15 23 -18 -19 19 -21 -22 -23 -24 29 -26 -27 -28 -29 -30 -31
leaf_value=-0.7393719099037388 1.6837344300367088 0.081305041709753709 1.580997470871065 -0.53069598067245571 -1.2542694178300802 0.37746927595130819 -0.93554890046963546 -0.71739379609712961 0.48968843059261397 -0.99681204704430282 0.22129719220026423 0.67362532275875475 -0.094419607690707147 -0.30795142129887043 0.28457284579044456 0.694335558163791 0.95463769317004654 -0.459976103923942 -5.6149983377167674 -0.9104799239723772 -0.52694334230056128 0.10837563170818852 1.4049044660606276 0.74830635512091126 -3.0173119712352756 1.5590970355493965 -2.6811273312568669 -0.23887222329525148 -2.4874138584806742 0.13321257257262653
leaf_weight=193 306 4752 793 2710 222 2673 356 3125 1908 298 2470 1620 3946 2607 1027 1914 1439 5433 33 81 1540 3898 380 583 125 121 80 2242 96 2743
leaf_count=193 306 4752 793 2710 222 2673 356 3125 1908 298 2470 1620 3946 2607 1027 1914 1439 5433 33 81 1540 3898 380 583 125 121 80 2242 96 2743
internal_value=-0.00330346 -0.220736 0.442176 -0.0490341 -0.482349 0.339372 -0.178769 -0.444474 0.883453 0.30753 -0.141976 0.231895 -0.408948 -0.0429315 0.338327 0.221804 0.57945 -0.306177 -1.59233 -2.4409 -0.148151 -0.0584752 0.641691 0.406607 -1.88937 0.283773 -3.53792 -0.074425 -1.26515 0.24103
internal_weight=49714 33408 16306 20170 13238 13225 13798 12891 3081 12919 13346 6372 12504 10636 12621 8509 4112 9379 387 194 8045 6505 2288 5240 347 2591 113 3269 452 3326
internal_count=49714 33408 16306 20170 13238 13225 13798 12891 3081 12919 13346 6372 12504 10636 12621 8509 4112 9379 387 194 8045 6505 2288 5240 347 2591 113 3269 452 3326
is_linear=0
shrinkage=0.05


Tree=89
num_leaves=31
num_cat=0
split_feature=8 8 4 4 0 4 6 4 8 6 4 4 4 5 5 6 4 7 8 6 8 6 5 6 4 6 8 8 4 8
split_gain=1.74501e+06 484952 347305 358393 377709 409333 310439 286693 240767 236916 229420 244685 477074 518524 319110 271554 230130 201077 305418 179893 220146 187898 161558 156430 154572 154132 138689 131933 125018 114744
threshold=3366.0100000000007 3970.0150000000008 19.500000000000004 2.5000000000000004 25.008125000000003 12.500000000000002 3393.0300000000002 4.5000000000000009 2967.1825000000003 3319.1687500000003 2.5000000000000004 18.500000000000004 17.500000000000004 1.0000000180025095e-35 1.0000000180025095e-35 4104.505000000001 19.500000000000004 2817.8500000000004 2806.0137500000005 3888.7662500000001 4555.4162500000011 4693.3900000000012 1.0000000180025095e-35 3329.9125000000008 17.500000000000004 4472.0900000000011 3719.0812500000006 2345.2987500000004 6.5000000000000009 2425.5450000000005
decision_type=2 2 2 2 2 2 2 2 2 2 2 2 2 2 2 2 2 2 2 2 2 2 2 2 2 2 2 2 2 2
left_child=2 6 3 23 7 8 -2 -5 27 -10 -8 12 15 -14 16 26 -13 -7 29 -3 21 -21 -20 -1 -24 -22 -12 28 -6 -19
right_child=1 19 -4 4 5 17 10 -9 9 -11 11 14 13 -15 -16 -17 -18 18 22 20 25 -23 24 -25 -26 -27 -28 -29 -30 -31
leaf_value=-0.66515431751540444 0.53695601644423652 1.1323907967706754 -1.4648839702397114 -0.23968544964811006 -5.3875488772536775 0.89750015604312827 -0.663492022135027 0.45133388976613653 -0.25020719439763267 -1.0172907961860038 -0.017178712582282308 2.1109488619460586 -0.7698750275250984 2.053306485938875 -0.59071220501347821 -1.3685128776849278 0.10572245332424696 -4.505829263528188 -0.51781217107336019 0.37942942091948656 1.9437786132743349 -1.2806040075964162 0.18682971849335606 -2.0387360327856032 2.1163097042083066 0.7426958746108081 0.41873718792724035 -0.94263171149937763 -0.88771944282383763 -1.2581013179316964
leaf_weight=3338 3385 1167 648 2859 33 602 1183 3160 5152 1251 5059 181 219 632 2468 310 683 30 882 6574 320 175 2175 221 109 1616 2854 2108 29 291
leaf_count=3338 3385 1167 648 2859 33 602 1183 3160 5152 1251 5059 181 219 632 2468 310 683 30 882 6574 320 175 2175 221 109 1616 2854 2108 29 291
internal_value=-0.00313829 0.270487 -0.323842 -0.290596 -0.202988 -0.357997 0.108526 0.123103 -0.554333 -0.400078 0.00180428 0.065245 0.199803 1.32678 -0.301197 0.0831728 0.525799 0.0536402 -0.0920448 0.54953 0.471211 0.336385 0.0569558 -0.750448 0.278911 0.941222 0.140044 -1.00949 -3.28279 -1.56163
internal_weight=49714 26826 22888 22240 18681 12662 16974 6019 8573 6403 13589 12406 9074 851 3332 8223 864 4089 3487 9852 8685 6749 3166 3559 2284 1936 7913 2170 62 321
internal_count=49714 26826 22888 22240 18681 12662 16974 6019 8573 6403 13589 12406 9074 851 3332 8223 864 4089 3487 9852 8685 6749 3166 3559 2284 1936 7913 2170 62 321
is_linear=0
shrinkage=0.05


Tree=90
num_leaves=31
num_cat=0
split_feature=8 8 4 6 4 8 6 8 4 4 4 6 0 4 4 4 5 4 5 1 1 1 1 0 6 4 8 6 6 4
split_gain=1.57631e+06 495078 279306 251988 243717 240931 228786 224597 222252 213312 279656 211723 210042 268861 205597 670499 490179 472976 358524 535164 389535 262877 199906 246199 187558 183535 165487 162309 154089 147495
threshold=3719.0812500000006 3134.3575000000005 19.500000000000004 3240.0100000000007 3.5000000000000004 4422.5750000000016 4528.1125000000002 2631.0750000000003 1.5000000000000002 19.500000000000004 17.500000000000004 4422.2587500000009 25.073125000000008 4.5000000000000009 18.500000000000004 17.500000000000004 1.0000000180025095e-35 19.500000000000004 1.0000000180025095e-35 9.5000000000000018 9.5000000000000018 9.5000000000000018 5.5000000000000009 30.250625000000003 4028.9100000000003 12.500000000000002 3942.0437500000003 3896.4800000000005 2945.2525000000005 15.500000000000002
decision_type=2 2 2 2 2 2 2 2 2 2 2 2 2 2 2 2 2 2 2 2 2 2 2 2 2 2 2 2 2 2
left_child=1 2 7 -3 -5 6 14 -1 -9 10 24 -7 13 -10 15 22 17 21 20 -20 -17 -16 23 27 -6 -14 -24 -2 -15 -25
right_child=5 3 -4 4 9 11 -8 8 12 -11 -12 -13 25 28 16 18 -18 -19 19 -21 -22 -23 26 29 -26 -27 -28 -29 -30 -31
leaf_value=-0.91835798491830778 0.26417988260581565 0.23151138423939652 -2.2090775907298346 -0.71415282056096108 -0.031213038157892697 1.5686082491277595 -1.0092485151857979 -0.97454505418911774 -0.31071466779551477 -0.60443455778312216 0.92100452186191417 0.57302228303234448 -0.64579276180537581 1.0266533847182804 3.4351844104899083 -0.93962955435160467 -0.17913596520850406 0.41705965580843873 2.7332551251678319 -0.0011620916332659862 3.2993067738036035 0.074191736865353283 0.76522417154970712 0.79205719103051386 -1.5250413152852724 -0.055376355812371117 2.843884717018708 -0.42596991675490231 0.10816630803216819 -0.20242202595618122
leaf_weight=1794 1808 6108 216 1705 9264 708 319 1163 2856 1640 778 2173 3907 728 238 229 3940 1104 712 239 71 77 572 1932 215 1985 115 1611 1225 462
leaf_count=1794 1808 6108 216 1705 9264 708 319 1163 2856 1640 778 2173 3907 728 238 229 3940 1104 712 239 71 77 572 1932 215 1985 115 1611 1225 462
internal_value=-0.000490206 -0.196342 -0.425156 -0.0352781 -0.15508 0.402789 0.313779 -0.396944 -0.318099 -0.0749578 0.0097007 0.817686 -0.246755 -0.00155827 0.345972 0.510614 0.107842 0.904666 1.57064 2.04606 0.0635854 2.61361 0.306598 0.211274 -0.0650956 -0.446883 1.11318 -0.0610121 0.450541 0.60014
internal_weight=49894 33584 13874 19710 13602 16310 13429 13658 11864 11897 10257 2881 10701 4809 13110 7751 5359 1419 1251 951 300 315 6500 5813 9479 5892 687 3419 1953 2394
internal_count=49894 33584 13874 19710 13602 16310 13429 13658 11864 11897 10257 2881 10701 4809 13110 7751 5359 1419 1251 951 300 315 6500 5813 9479 5892 687 3419 1953 2394
is_linear=0
shrinkage=0.05


Tree=91
num_leaves=31
num_cat=0
split_feature=8 8 8 6 4 4 6 4 4 4 4 4 4 4 4 5 8 6 4 6 6 4 6 5 4 8 1 4 5 4
split_gain=1.42952e+06 379017 313987 295221 286184 302028 291008 242003 322452 403365 206092 351343 168078 153024 168750 246293 152615 180778 130120 151408 129511 128457 123709 123684 260347 122668 152741 121115 335100 280467
threshold=3407.8400000000006 4084.1937500000004 2698.0050000000006 4177.5300000000016 19.500000000000004 13.500000000000002 3546.6200000000003 1.5000000000000002 6.5000000000000009 4.5000000000000009 20.500000000000004 12.500000000000002 8.5000000000000018 1.0000000180025095e-35 22.500000000000004 1.0000000180025095e-35 4445.3162500000008 4444.4925000000012 17.500000000000004 3453.1762500000004 4116.0350000000008 1.0000000180025095e-35 3896.4800000000005 1.0000000180025095e-35 7.5000000000000009 3110.2287500000007 4.5000000000000009 18.500000000000004 1.0000000180025095e-35 17.500000000000004
decision_type=2 2 2 2 2 2 2 2 2 2 2 2 2 2 2 2 2 2 2 2 2 2 2 2 2 2 2 2 2 2
left_child=2 3 -1 10 5 6 7 -4 9 -9 11 21 23 -3 16 -16 20 -18 19 -7 -15 -2 -23 24 -10 -14 -27 29 -29 -13
right_child=1 13 4 -5 -6 18 -8 8 12 -11 -12 27 25 14 15 -17 17 -19 -20 -21 -22 22 -24 -25 -26 26 -28 28 -30 -31
leaf_value=-0.79610229954893275 -0.67446864477339208 -0.33121596520523666 -0.72621980317086632 -0.77750872949944116 -1.170936994228829 0.41193185802778642 -1.3214677069766481 -0.22108864087123498 0.96951087371205846 0.57972530589335947 -0.20970200398971081 0.45616933966085355 -0.4525249631332029 0.8959747295637005 1.4518475420996102 -0.79997058818556288 1.8835640757783385 0.78065377470441377 1.2973928362704241 -0.40676496530967682 0.33262658501585207 0.1460277290819437 -0.61856456146479166 -0.87245963649748048 -1.0325577944943196 -0.59084187796246923 0.18106447894902633 1.4080154539473977 -0.29370038377983337 1.3980726435502866
leaf_weight=2577 619 460 2066 846 752 1968 619 3692 310 2739 2831 4346 2753 1532 167 445 484 1599 286 792 3054 6020 580 2004 341 846 2643 384 1173 966
leaf_count=2577 619 460 2066 846 752 1968 619 3692 310 2739 2831 4346 2753 1532 167 445 484 1599 286 792 3054 6020 580 2004 341 846 2643 384 1173 966
internal_value=-0.000465695 0.261237 -0.274165 0.134005 -0.212497 -0.178272 -0.256138 -0.218226 -0.149756 0.119983 0.179584 0.257811 -0.34473 0.553223 0.6091 -0.185504 0.682019 1.03692 0.282199 0.177001 0.520819 0.0142434 0.0788363 -0.677952 -0.0791918 -0.202996 -0.00610456 0.513789 0.125991 0.627457
internal_weight=49894 25506 24388 17765 21811 21059 18013 17394 15328 6431 16919 14088 8897 7741 7281 612 6669 2083 3046 2760 4586 7219 6600 2655 651 6242 3489 6869 1557 5312
internal_count=49894 25506 24388 17765 21811 21059 18013 17394 15328 6431 16919 14088 8897 7741 7281 612 6669 2083 3046 2760 4586 7219 6600 2655 651 6242 3489 6869 1557 5312
is_linear=0
shrinkage=0.05


Tree=92
num_leaves=31
num_cat=0
split_feature=8 8 7 8 7 8 6 6 6 7 6 8 0 8 6 8 6 8 0 7 8 7 8 6 7 7 6 6 8 7
split_gain=1.31281e+06 415431 253481 245864 223373 226941 219213 175733 167085 158163 180757 145071 140955 230926 130609 126390 132438 126216 117924 104259 101234 99039.4 95401.5 109761 140331 108844 87593.9 96681.5 81908.5 81899.9
threshold=3719.0812500000006 2959.7600000000007 3587.0875000000005 3290.2300000000005 3424.7862500000006 4311.0400000000009 3016.0012500000007 4498.7337500000003 3254.8962500000002 2889.2750000000005 2952.6487500000007 2698.0050000000006 25.315625000000008 2345.2987500000004 3834.5475000000001 3295.5350000000003 3880.8112500000002 3997.9950000000003 32.130625000000009 4015.0012500000007 2665.5050000000006 3182.0075000000002 4928.8850000000011 4623.0900000000011 4424.1550000000016 4048.6962500000004 2698.0050000000006 3259.5012500000007 3857.9550000000004 3157.0112500000005
decision_type=2 2 2 2 2 2 2 2 2 2 2 2 2 2 2 2 2 2 2 2 2 2 2 2 2 2 2 2 2 2
left_child=1 9 3 6 -2 7 -3 14 -5 20 12 -12 -11 -14 28 -4 -17 -16 22 -19 -1 -8 23 24 25 -7 -22 -28 -6 -10
right_child=4 2 15 8 5 18 21 -9 29 10 11 -13 13 -15 17 16 -18 19 -20 -21 26 -23 -24 -25 -26 -27 27 -29 -30 -31
leaf_value=-0.58743871775957257 1.3303559483649297 0.18770203243585282 -1.0978301182330745 0.61370757248696006 0.28995649570679832 1.3166780313931223 -0.13823776555419268 -1.2087417086305203 0.51045319824806223 -0.17612373034338424 -2.3266608199117313 -0.94622364728164721 -5.1079780818838065 -0.82592611430679885 -0.11425061625009146 -0.21839618107727224 -1.090251725061091 0.60597873622827148 2.1535213152567549 0.098789488215195467 0.61962509581800362 -0.4777816366243699 1.7096863771934769 0.1682253130246136 1.2915525116689097 0.31045859874065301 -0.3950616319873137 0.50542770813570648 0.75792040393914839 0.011031861443419971
leaf_weight=1495 581 3421 573 1880 2310 328 4994 212 955 1558 221 1371 33 686 3219 4125 487 1687 126 2537 396 3768 185 1279 787 1488 1396 379 1571 5846
leaf_count=1495 581 3421 573 1880 2310 328 4994 212 955 1558 221 1371 33 686 3219 4125 487 1687 126 2537 396 3768 185 1279 787 1488 1396 379 1571 5846
internal_value=-0.000442411 -0.179177 -0.0845967 -0.00684273 0.36759 0.332028 -0.151729 0.217526 0.196492 -0.506146 -0.729133 -1.13785 -0.443368 -1.02246 0.244228 -0.397472 -0.310459 0.12161 0.64705 0.301353 -0.270812 -0.284255 0.600378 0.547513 0.733878 0.492199 -0.0527763 -0.202788 0.479385 0.0811609
internal_weight=49894 33584 26049 20864 16310 15729 12183 11536 8681 7535 3869 1592 2277 719 11324 5185 4612 7443 4193 4224 3666 8762 4067 3882 2603 1816 2171 1775 3881 6801
internal_count=49894 33584 26049 20864 16310 15729 12183 11536 8681 7535 3869 1592 2277 719 11324 5185 4612 7443 4193 4224 3666 8762 4067 3882 2603 1816 2171 1775 3881 6801
is_linear=0
shrinkage=0.05


Tree=93
num_leaves=31
num_cat=0
split_feature=8 4 4 8 4 4 4 4 1 8 4 4 5 4 5 1 1 1 1 4 4 5 8 4 4 3 8 5 4 5
split_gain=1.19529e+06 311257 506613 313542 269578 317798 269550 272367 280231 266214 271008 585462 526414 530020 516584 567589 392906 244348 180656 388562 192498 191180 170144 155729 141252 133675 166989 131801 131481 128649
threshold=3534.8200000000006 3.5000000000000004 6.5000000000000009 3027.5687500000008 8.5000000000000018 22.500000000000004 8.5000000000000018 19.500000000000004 5.5000000000000009 4445.3162500000008 18.500000000000004 17.500000000000004 1.0000000180025095e-35 19.500000000000004 1.0000000180025095e-35 9.5000000000000018 9.5000000000000018 9.5000000000000018 8.5000000000000018 15.500000000000002 16.500000000000004 1.0000000180025095e-35 4008.6487500000007 4.5000000000000009 19.500000000000004 1.0000000180025095e-35 2425.5450000000005 1.0000000180025095e-35 17.500000000000004 1.0000000180025095e-35
decision_type=2 2 2 2 2 2 2 2 2 2 2 2 2 2 2 2 2 2 2 2 2 2 2 2 2 2 2 2 2 2
left_child=1 -1 23 24 -2 9 29 8 -8 10 11 18 13 17 16 -16 -13 -12 19 22 -20 -22 -6 -3 -4 26 -25 -7 -10 -5
right_child=4 2 3 6 5 27 7 -9 28 -11 12 14 -14 -15 15 -17 -18 -19 20 -21 21 -23 -24 25 -26 -27 -28 -29 -30 -31
leaf_value=-0.54150272306157043 -0.059067792539501757 -0.08226597574300569 -0.56710889107418139 0.017107986518256138 0.33696837693159964 0.41193534901196305 -0.32638427662691621 -0.74750401717287851 0.20779679656937647 0.97446315536219341 3.0895889981925113 -0.97019888281490019 -0.18595694537466162 0.33121622127605377 2.4763551754890685 -0.15195498864614329 2.9746687966057017 0.099190700961940603 0.39688865540718493 -0.39221735073564823 -0.13584273989294091 2.3509349339154073 1.2108314674276204 -2.6777467475997079 -2.2582534838849169 0.0087622572417376723 0.75317733903795991 -0.70055159378063048 1.1924743304236067 -0.79578708700036571
leaf_weight=5780 4616 1703 4446 652 2668 374 2962 1136 5815 1990 318 314 4294 1099 951 262 79 87 704 1789 102 319 704 36 127 974 2389 924 360 1920
leaf_count=5780 4616 1703 4446 652 2668 374 2962 1136 5815 1990 318 314 4294 1099 951 262 79 87 704 1789 102 319 704 36 127 974 2389 924 360 1920
internal_value=-0.000420291 -0.214195 -0.130188 -0.258538 0.279742 0.371858 -0.131961 -0.0173548 0.0734244 0.434097 0.355549 0.546229 0.0960032 0.901014 1.39823 1.90866 -0.17721 2.44721 0.328553 0.203406 0.902668 1.74844 0.519412 0.307992 -0.614075 0.503523 0.702244 -0.380005 0.265203 -0.589719
internal_weight=49894 28300 22520 17418 21594 16978 12845 10273 9137 15680 13690 7892 5798 1504 1606 1213 393 405 6286 5161 1125 421 3372 5102 4573 3399 2425 1298 6175 2572
internal_count=49894 28300 22520 17418 21594 16978 12845 10273 9137 15680 13690 7892 5798 1504 1606 1213 393 405 6286 5161 1125 421 3372 5102 4573 3399 2425 1298 6175 2572
is_linear=0
shrinkage=0.05


Tree=94
num_leaves=31
num_cat=0
split_feature=8 4 4 4 4 4 4 4 8 7 7 8 8 6 8 7 4 4 4 1 4 8 4 7 8 1 6 6 4 7
split_gain=1.08652e+06 325346 358779 258269 270776 258809 340478 262680 251255 243883 159620 206162 144527 177370 137397 128365 130680 126577 753580 195174 275992 238106 215987 152353 154261 133469 120167 113236 106758 107994
threshold=3354.7250000000004 8.5000000000000018 21.500000000000004 19.500000000000004 2.5000000000000004 6.5000000000000009 12.500000000000002 4.5000000000000009 4445.3162500000008 3196.1950000000006 2770.4737500000006 2769.5450000000005 2967.1825000000003 3259.5012500000007 4657.6675000000005 2649.5175000000004 1.0000000180025095e-35 18.500000000000004 17.500000000000004 8.5000000000000018 15.500000000000002 3959.7775000000006 16.500000000000004 4059.7550000000006 4141.7150000000011 10.500000000000002 3329.9125000000008 4422.2587500000009 17.500000000000004 3382.1362500000005
decision_type=2 2 2 2 2 2 2 2 2 2 2 2 2 2 2 2 2 2 2 2 2 2 2 2 2 2 2 2 2 2
left_child=3 15 8 4 26 7 12 -6 9 -3 -8 -12 -7 -14 -4 -2 -17 18 19 20 21 -11 -21 -22 -25 -20 -1 -10 29 -13
right_child=1 2 14 -5 5 6 10 -9 27 17 11 28 13 -15 -16 16 -18 -19 25 22 23 -23 -24 24 -26 -27 -28 -29 -30 -31
leaf_value=-0.56040255735164901 2.9306990563869477 1.3854366733965295 -0.2864758278149257 -1.2783714694150436 -0.20545311283003131 -0.8233981672301669 0.91694632856599478 0.45848940143485895 1.8010948636148658 0.13257863519977428 -1.2078376823165538 0.19072437405251833 -0.1784988629400491 -0.77669708260342629 0.5673402874068143 -0.58259011459285293 -0.0030940533201151152 0.092227843244925015 1.4955201218973613 0.3516835946789803 -0.067719327409445362 1.0513004859096644 1.6301583655161878 -1.9402079954685629 -0.43789828294435362 0.10571667073659369 -1.8406571392238753 0.78095562472912039 1.1368517412598023 -0.46269191942540672
leaf_weight=3319 35 543 2943 602 3049 2125 505 2913 350 3688 338 2315 4446 1718 561 1181 5520 4709 1577 1266 1403 872 447 258 506 194 194 1221 226 870
leaf_count=3319 35 543 2943 602 3049 2125 505 2913 350 3688 338 2315 4446 1718 561 1181 5520 4709 1577 1266 1403 872 447 258 506 194 194 1221 226 870
internal_value=-0.000399276 0.21209 0.310989 -0.256607 -0.228671 -0.152273 -0.28119 0.118946 0.405771 0.344563 0.0824453 -0.0299642 -0.467812 -0.345226 -0.149778 -0.0894513 -0.105226 0.306681 0.40558 0.208819 0.0874868 0.308264 0.685296 -0.377093 -0.945223 1.34328 -0.631103 1.00823 0.0867527 0.0122402
internal_weight=49894 27274 20538 22620 22018 18505 12543 5962 17034 15463 4254 3749 8289 6164 3504 6736 6701 14920 10211 8440 6727 4560 1713 2167 764 1771 3513 1571 3411 3185
internal_count=49894 27274 20538 22620 22018 18505 12543 5962 17034 15463 4254 3749 8289 6164 3504 6736 6701 14920 10211 8440 6727 4560 1713 2167 764 1771 3513 1571 3411 3185
is_linear=0
shrinkage=0.05


Tree=95
num_leaves=31
num_cat=0
split_feature=8 8 6 4 4 4 8 7 4 4 8 6 7 7 4 6 7 4 4 3 7 4 4 6 4 4 7 6 8 4
split_gain=1.05658e+06 335882 292170 248232 226610 240714 227072 251139 202487 548752 184604 203043 202806 171153 159068 141925 134253 140023 124889 124833 114021 111568 175270 110512 105494 124392 134007 104724 192352 121724
threshold=3651.0112500000005 2841.0100000000007 3600.3562500000003 1.0000000180025095e-35 22.500000000000004 7.5000000000000009 4584.4562500000011 3554.0700000000002 18.500000000000004 17.500000000000004 3231.8450000000007 3016.0012500000007 3166.8725000000004 4187.598750000001 15.500000000000002 4623.0900000000011 4114.6850000000013 12.500000000000002 17.500000000000004 1.0000000180025095e-35 4355.4437500000013 18.500000000000004 17.500000000000004 3447.0925000000002 19.500000000000004 13.500000000000002 2860.8662500000005 2769.1675000000005 2345.2987500000004 3.5000000000000004
decision_type=2 2 2 2 2 2 2 2 2 2 2 2 2 2 2 2 2 2 2 2 2 2 2 2 2 2 2 2 2 2
left_child=1 18 3 -3 5 20 7 23 9 13 11 -5 19 -9 -15 -8 17 -4 27 -12 -2 22 -19 -7 25 -13 -27 28 -1 -29
right_child=4 2 16 10 -6 6 15 8 -10 -11 12 24 -14 14 -16 -17 -18 21 -20 -21 -22 -23 -24 -25 -26 26 -28 29 -30 -31
leaf_value=-1.8926699300909915 0.05389046866181068 -0.77190622864059688 -0.89515622923533233 0.11309969788469339 -0.39489882389760178 2.372870399720139 1.8763702339374821 0.40514180972186947 0.080928645595560317 1.3696623245268806 0.37309464668281839 -0.35596902298708466 0.033438643345486178 0.4149365666987026 -0.83357353872003204 0.72253824833358393 -1.8050335515439511 -0.26198592786572988 -2.7261097932403739 1.2945324312047821 -0.96747717267502586 -0.87574279990433279 1.1139726102816192 0.89200327296314963 -1.4692158599354721 1.8578577076400753 0.037305634046464177 -1.4648470082885368 -0.10273407110115672 -0.58225461692708458
leaf_weight=164 2964 1127 1188 4713 1099 144 387 3541 5421 1399 1580 6317 8354 433 621 856 200 1162 66 479 301 468 289 1007 190 115 835 473 1770 2244
leaf_count=164 2964 1127 1188 4713 1099 144 387 3541 5421 1399 1580 6317 8354 433 621 856 200 1162 66 479 301 468 289 1007 190 115 835 473 1770 2244
internal_value=-0.00298104 -0.177078 -0.109108 -0.0477008 0.30103 0.345824 0.437112 0.373344 0.302365 0.502633 -0.0115595 -0.143793 0.142986 0.238656 -0.320666 1.08178 -0.549377 -0.468549 -0.56638 0.587455 -0.0402693 -0.204449 0.0120678 1.07727 -0.306156 -0.275747 0.257688 -0.535732 -0.254518 -0.735904
internal_weight=49907 31734 27017 23710 18173 17074 13809 12566 11415 5994 22583 12170 10413 4595 1054 1243 3307 3107 4717 2059 3265 1919 1451 1151 7457 7267 950 4651 1934 2717
internal_count=49907 31734 27017 23710 18173 17074 13809 12566 11415 5994 22583 12170 10413 4595 1054 1243 3307 3107 4717 2059 3265 1919 1451 1151 7457 7267 950 4651 1934 2717
is_linear=0
shrinkage=0.05


Tree=96
num_leaves=31
num_cat=0
split_feature=4 4 4 4 4 5 0 4 4 5 1 5 4 1 4 4 1 1 0 4 4 5 1 6 4 3 4 5 4 4
split_gain=879932 506443 250220 228138 474718 201956 176860 205351 647307 767699 538126 494438 564234 344792 207333 192750 190415 168175 273340 183105 179575 182063 233169 165730 155328 144322 131747 143295 329185 138105
threshold=12.500000000000002 22.500000000000004 1.0000000180025095e-35 6.5000000000000009 4.5000000000000009 1.0000000180025095e-35 24.860625000000002 17.500000000000004 18.500000000000004 1.0000000180025095e-35 9.5000000000000018 1.0000000180025095e-35 19.500000000000004 8.5000000000000018 19.500000000000004 21.500000000000004 10.500000000000002 7.5000000000000009 29.863125000000007 15.500000000000002 16.500000000000004 1.0000000180025095e-35 9.5000000000000018 3656.5675000000006 21.500000000000004 1.0000000180025095e-35 8.5000000000000018 1.0000000180025095e-35 7.5000000000000009 11.500000000000002
decision_type=2 2 2 2 2 2 2 2 2 2 2 2 2 2 2 2 2 2 2 2 2 2 2 2 2 2 2 2 2 2
left_child=2 6 -1 4 5 -4 -2 17 9 13 -11 12 16 -9 -13 -14 -10 18 23 -20 -19 -22 -23 -8 -16 -6 27 28 -5 -28
right_child=1 -3 3 26 25 -7 7 8 11 10 -12 14 15 -15 24 -17 -18 20 19 -21 21 22 -24 -25 -26 -27 29 -29 -30 -31
leaf_value=-0.72262144629758052 -0.17666463415876951 -0.52824003764072092 -0.64342060706648296 0.89923914033062169 0.62153466797617207 -0.075689063937337958 -0.040298551605794812 -1.1917654059422631 2.841004033795516 2.3303514023078225 -0.19521080912766506 -0.48470403741941309 0.050289659232598295 1.8050739329962331 0.45583620440246397 1.4281238607030331 -0.4828795889159665 0.2915268266002996 0.60189651699007241 -0.22676014206532777 -0.16371216045142456 0.61934905483741576 2.6715468771121018 -0.80652223780815457 -0.27535892403134066 -0.02763027027005734 -0.068824635963689706 -0.69534588826176791 -0.87514818377010739 -0.5360938483431682
leaf_weight=2070 1768 2019 2086 504 2982 6289 2316 359 421 1220 255 1381 855 131 2452 361 48 2970 2367 928 193 284 270 1015 1032 1201 6293 3182 543 2112
leaf_count=2070 1768 2019 2086 504 2982 6289 2316 359 421 1220 255 1381 855 131 2452 361 48 2970 2367 928 193 284 270 1015 1032 1201 6293 3182 543 2112
internal_value=-0.00283199 0.227528 -0.194179 -0.150757 0.000163124 -0.217097 0.301507 0.346337 0.528182 1.32411 1.89373 0.289404 1.02756 -0.39057 0.0337438 0.459334 2.50082 0.196631 0.0456239 0.368515 0.465819 1.15879 1.61952 -0.273777 0.239248 0.43515 -0.30077 -0.528394 -0.0210019 -0.18624
internal_weight=49907 22645 27262 25192 12558 8375 20626 18858 8515 1965 1475 6550 1685 490 4865 1216 469 10343 6626 3295 3717 747 554 3331 3484 4183 12634 4229 1047 8405
internal_count=49907 22645 27262 25192 12558 8375 20626 18858 8515 1965 1475 6550 1685 490 4865 1216 469 10343 6626 3295 3717 747 554 3331 3484 4183 12634 4229 1047 8405
is_linear=0
shrinkage=0.05


Tree=97
num_leaves=31
num_cat=0
split_feature=8 8 6 4 8 4 6 0 4 4 4 4 4 5 6 8 6 5 6 8 6 4 4 5 4 4 4 8 6 4
split_gain=917811 322691 309900 218487 219959 197459 177906 174405 252482 194823 168674 159379 286394 363089 144824 164162 147610 138317 114146 112572 107857 137263 144941 159562 166934 127060 125936 149106 101148 100000
threshold=3280.3837500000004 3883.0225000000005 3335.4600000000005 18.500000000000004 2631.0750000000003 1.5000000000000002 4050.4637500000003 24.779375000000005 4.5000000000000009 13.500000000000002 3.5000000000000004 18.500000000000004 17.500000000000004 1.0000000180025095e-35 3872.0137500000005 4311.0400000000009 4585.2562500000013 1.0000000180025095e-35 3234.5012500000007 2922.5787500000006 4444.4925000000012 17.500000000000004 18.500000000000004 1.0000000180025095e-35 19.500000000000004 21.500000000000004 22.500000000000004 4727.9650000000011 2682.6250000000005 17.500000000000004
decision_type=2 2 2 2 2 2 2 2 2 2 2 2 2 2 2 2 2 2 2 2 2 2 2 2 2 2 2 2 2 2
left_child=3 2 -2 4 -1 -6 10 8 28 18 -4 12 -12 -14 -3 16 -16 -13 19 -9 -17 -22 -23 24 -24 -26 27 -25 -7 -8
right_child=1 14 6 -5 5 7 29 9 -10 -11 11 17 13 -15 15 20 -18 -19 -20 -21 21 22 23 26 25 -27 -28 -29 -30 -31
leaf_value=-0.77149317529853922 0.41188021429408367 0.7776122856058505 -0.50930143671641559 -1.3344604177548047 -0.6954095270274423 0.65910357684003529 -1.4348426585534488 -0.68114402720229472 0.50099373678107306 0.17650771251909464 0.056971474730969279 0.33096263770502959 -0.84824513485826591 1.9044053383159196 0.16162060943023984 0.84609772537962291 -1.7955000433082482 -0.51684913870760629 -0.67160228466669947 -0.14507474342770196 -0.61159497085249148 2.1216708131844091 3.0377214303769566 -0.12333896244599207 -0.21269068198938235 1.6063379562508393 -0.94594355899573379 1.0245419675866589 -0.2817951467062631 -0.22998955825011716
leaf_weight=1770 4290 1887 1632 467 1723 317 359 1219 2265 2123 8381 636 163 452 5698 1704 98 1975 2173 4981 336 126 95 740 192 192 237 458 2887 331
leaf_count=1770 4290 1887 1632 467 1723 317 359 1219 2265 2123 8381 636 163 452 5698 1704 98 1975 2173 4981 336 126 95 740 192 192 237 458 2887 331
internal_value=-0.00269039 0.172107 0.0403025 -0.265715 -0.240065 -0.186886 -0.0741399 -0.132005 0.0969362 -0.251296 -0.0333454 0.0335763 0.133393 1.17484 0.376251 0.299563 0.128529 -0.310335 -0.359766 -0.250473 0.542532 0.324823 0.479056 0.370922 1.16109 0.696824 0.107164 0.3155 -0.188704 -0.856862
internal_weight=49907 29982 18219 19925 19458 17688 13929 15965 5469 10496 13239 11607 8996 615 11763 9876 5796 2611 8373 6200 4080 2376 2040 1914 479 384 1435 1198 3204 690
internal_count=49907 29982 18219 19925 19458 17688 13929 15965 5469 10496 13239 11607 8996 615 11763 9876 5796 2611 8373 6200 4080 2376 2040 1914 479 384 1435 1198 3204 690
is_linear=0
shrinkage=0.05


Tree=98
num_leaves=31
num_cat=0
split_feature=8 8 1 8 4 4 4 5 1 4 5 1 4 4 1 5 4 8 4 0 4 4 0 4 5 4 4 5 4 4
split_gain=840528 249249 197960 192025 189821 215059 225625 166451 152616 150577 173089 158906 173515 177031 137470 179615 232388 118311 107415 102390 99182.4 136859 95722 90147.6 86006.2 172721 123850 81292.5 81213.4 209142
threshold=3534.8200000000006 2817.5200000000004 5.5000000000000009 4311.0400000000009 1.0000000180025095e-35 18.500000000000004 17.500000000000004 1.0000000180025095e-35 2.5000000000000004 21.500000000000004 1.0000000180025095e-35 5.5000000000000009 18.500000000000004 16.500000000000004 9.5000000000000018 1.0000000180025095e-35 19.500000000000004 3167.5200000000004 17.500000000000004 30.090625000000006 15.500000000000002 12.500000000000002 26.559375000000006 19.500000000000004 1.0000000180025095e-35 22.500000000000004 5.5000000000000009 1.0000000180025095e-35 19.500000000000004 18.500000000000004
decision_type=2 2 2 2 2 2 2 2 2 2 2 2 2 2 2 2 2 2 2 2 2 2 2 2 2 2 2 2 2 2
left_child=1 18 8 9 27 6 17 -8 -3 11 -11 19 13 -13 15 16 -14 -6 -1 -2 21 -21 -10 -16 26 -26 -5 -4 29 -28
right_child=3 2 4 24 5 -7 7 -9 22 10 -12 12 14 -15 23 -17 -18 -19 -20 20 -22 -23 -24 -25 25 -27 28 -29 -30 -31
leaf_value=-0.50165532202551177 -0.021682841795715037 -0.15190051988643899 -1.606468783478135 -0.32609431378274079 -0.084646160885687757 -0.64322551204227629 -0.2572177994007967 2.2581005402207377 -0.29255410679790933 0.50130392640571597 -0.53586676541735723 0.26074519129109147 2.775287132470817 1.1130668224962941 -1.0847271355074495 0.12653660063055422 0.4630681592833959 0.20532276975559341 -2.7057722577026913 0.12207924340040327 -0.31680377439479346 0.81325289501637299 -0.87139764342473169 -0.0067476660328598843 0.53277017059392173 -0.66784983191521041 0.62379549959053593 -0.47133104588412977 0.79102430913651145 3.1381755886806384
leaf_weight=4274 6499 4557 206 166 8126 1142 98 200 1278 557 1448 1084 163 1391 281 1459 326 6203 56 1604 524 1294 1619 626 2831 335 180 673 554 153
leaf_count=4274 6499 4557 206 166 8126 1142 98 200 1278 557 1448 1084 163 1391 281 1459 326 6203 56 1604 524 1294 1619 626 2831 335 180 673 554 153
internal_value=-0.00255587 -0.180887 -0.118139 0.233548 -0.0222553 0.0176062 0.0692005 1.43092 -0.33229 0.159618 -0.247735 0.213172 0.433366 0.739767 0.167747 0.404491 1.23381 0.0408809 -0.530161 0.0948737 0.316236 0.430699 -0.616043 -0.340719 0.535924 0.40573 0.927369 -0.737359 1.16195 1.77905
internal_weight=49907 28432 24102 21475 16648 15769 14627 298 7454 17256 2005 15251 5330 2475 2855 1948 489 14329 4330 9921 3422 2898 2897 907 4219 3166 1053 879 887 333
internal_count=49907 28432 24102 21475 16648 15769 14627 298 7454 17256 2005 15251 5330 2475 2855 1948 489 14329 4330 9921 3422 2898 2897 907 4219 3166 1053 879 887 333
is_linear=0
shrinkage=0.05


Tree=99
num_leaves=31
num_cat=0
split_feature=8 4 8 4 4 4 8 6 3 4 4 8 4 4 5 4 5 6 0 4 0 5 5 4 6 6 3 4 5 4
split_gain=769926 285355 232676 209096 309233 213112 200302 191995 155272 151051 153362 169028 160787 383098 346924 443312 256340 192884 151524 147524 145416 141157 140706 314986 132998 128384 170683 126333 122150 117659
threshold=3757.5100000000007 2.5000000000000004 2610.7512500000007 6.5000000000000009 8.5000000000000018 4.5000000000000009 3167.5200000000004 3335.4600000000005 1.0000000180025095e-35 22.500000000000004 1.5000000000000002 4584.4562500000011 18.500000000000004 17.500000000000004 1.0000000180025095e-35 19.500000000000004 1.0000000180025095e-35 4472.0900000000011 28.213125000000005 19.500000000000004 30.250625000000003 1.0000000180025095e-35 1.0000000180025095e-35 7.5000000000000009 4623.0900000000011 3613.1812500000001 1.0000000180025095e-35 21.500000000000004 1.0000000180025095e-35 19.500000000000004
decision_type=2 2 2 2 2 2 2 2 2 2 2 2 2 2 2 2 2 2 2 2 2 2 2 2 2 2 2 2 2 2
left_child=1 -1 -3 5 22 28 19 20 -7 10 -2 12 13 17 15 -14 18 -12 -15 25 -8 -11 23 -5 -13 26 -6 -17 -4 -16
right_child=9 2 3 4 6 8 7 -9 -10 21 11 24 14 16 29 27 -18 -19 -20 -21 -22 -23 -24 -25 -26 -27 -28 -29 -30 -31
leaf_value=-0.4945625485543369 -0.21202292210874563 -0.71676787962957667 -0.62242654709280076 0.94018232108881838 -0.38139292335516128 0.65672330241337795 0.50618264341880326 -0.067233996467558788 -0.066129633986531919 0.65955188279444321 0.35198943447653286 1.6826469337475478 2.2546141400703492 1.204983946979046 -0.54779576811475061 -0.094802784382152297 1.631150863925499 -1.536520389719404 -1.1450472887360343 -1.4545339886673354 -0.18297711786551837 -0.70252170682724469 -0.68857902846103736 -0.84701429540845585 0.58503567614046226 -1.1823821622718331 0.21018738994629779 1.1467409508110007 0.075978681260246206 0.056837236868103019
leaf_weight=4688 1168 1350 830 468 3251 2652 3363 7585 1032 265 4954 404 381 125 1131 729 1017 139 152 253 991 674 3015 521 871 326 1951 285 2548 2788
leaf_count=4688 1168 1350 830 468 3251 2652 3363 7585 1032 265 4954 404 381 125 1131 729 1017 139 152 253 991 674 3015 521 871 326 1951 285 2548 2788
internal_value=-0.00242808 -0.131674 -0.0752231 -0.045136 -0.121969 0.191216 -0.0322965 0.0846798 0.45423 0.295979 0.336749 0.386145 0.326575 0.495637 0.123377 0.800515 1.26388 0.300448 -0.0845639 -0.273878 0.349325 -0.318124 -0.51882 -0.00130346 0.932828 -0.219843 -0.159522 0.254152 -0.0956247 -0.117656
internal_weight=49907 34824 30136 28786 21724 7062 17720 11939 3684 15083 14144 12976 11701 6387 5314 1395 1294 5093 277 5781 4354 939 4004 989 1275 5528 5202 1014 3378 3919
internal_count=49907 34824 30136 28786 21724 7062 17720 11939 3684 15083 14144 12976 11701 6387 5314 1395 1294 5093 277 5781 4354 939 4004 989 1275 5528 5202 1014 3378 3919
is_linear=0
shrinkage=0.05


Tree=100
num_leaves=31
num_cat=0
split_feature=4 4 4 4 4 4 4 1 0 7 4 7 4 3 1 1 0 4 4 7 4 6 7 0 1 1 0 0 0 7
split_gain=576313 372824 193070 190774 342904 124047 504632 170663 226543 196688 171240 153484 145722 122918 113168 112618 103720 99099.6 132619 98886.7 98734.5 96704.7 90921.6 90158.3 88775.4 97654 163766 87008.2 76831.8 60569.5
threshold=12.500000000000002 21.500000000000004 1.0000000180025095e-35 6.5000000000000009 4.5000000000000009 17.500000000000004 18.500000000000004 7.5000000000000009 29.665625000000006 4027.2600000000007 15.500000000000002 3264.7550000000006 16.500000000000004 1.0000000180025095e-35 9.5000000000000018 9.5000000000000018 24.700625000000006 8.5000000000000018 11.500000000000002 2817.8500000000004 13.500000000000002 4472.0900000000011 3447.9975000000004 25.936875000000004 9.5000000000000018 2.5000000000000004 25.699375000000007 26.211875000000003 24.269375000000007 2829.6250000000005
decision_type=2 2 2 2 2 2 2 2 2 2 2 2 2 2 2 2 2 2 2 2 2 2 2 2 2 2 2 2 2 2
left_child=2 5 -1 4 -4 7 15 8 9 19 20 23 22 27 -14 -7 -3 28 -19 -2 -10 -12 -9 -8 25 -13 -27 -6 -5 -20
right_child=1 16 3 17 13 6 11 12 10 -11 21 24 14 -15 -16 -17 -18 18 29 -21 -22 -23 -24 -25 -26 26 -28 -29 -30 -31
leaf_value=-0.6207899117252581 0.8194389081441813 -0.66549380726567964 -0.16347204084825881 0.75343236020707993 0.64680533858959444 1.2781522053865693 0.84060942285201135 0.49334372365617646 0.09986938010181555 -1.2276212154970141 -0.10427138798850744 -0.1585069543528112 0.46838229425776845 -0.032432440053102501 1.6950983429106963 0.29153703146081761 -0.094123163001282067 -0.039271203750091917 0.23417415012717249 -0.22018787478118218 0.76185031631312816 -1.9241919648798207 -0.079928888949320695 4.5688953889954478 -0.24126994177350949 0.017968479328869642 0.66370818652868246 -0.33513162715920836 -0.4908063129222433 -0.59453393534081145
leaf_weight=2049 252 1095 8293 128 2720 1689 34 1866 880 474 960 1080 390 1211 363 349 2892 6289 250 2477 1565 79 1099 31 1054 1763 2216 246 4043 1868
leaf_count=2049 252 1095 8293 128 2720 1689 34 1866 880 474 960 1080 390 1211 363 349 2892 6289 250 2477 1565 79 1099 31 1054 1763 2216 246 4043 1868
internal_value=0.00136438 0.187757 -0.15415 -0.115977 0.0226078 0.28171 0.426939 0.167035 0.0160416 -0.28748 0.295083 0.201875 0.438603 0.39205 1.05975 1.1092 -0.251046 -0.253372 -0.154517 -0.124187 0.523591 -0.242648 0.280856 2.61872 0.176177 0.263148 0.377596 0.565363 -0.452623 -0.496717
internal_weight=49705 22608 27097 25048 12470 18621 8216 10405 6687 3203 3484 6178 3718 4177 753 2038 3987 12578 8407 2729 2445 1039 2965 65 6113 5059 3979 2966 4171 2118
internal_count=49705 22608 27097 25048 12470 18621 8216 10405 6687 3203 3484 6178 3718 4177 753 2038 3987 12578 8407 2729 2445 1039 2965 65 6113 5059 3979 2966 4171 2118
is_linear=0
shrinkage=0.05


Tree=101
num_leaves=31
num_cat=0
split_feature=4 4 5 4 4 4 5 7 4 4 5 1 1 5 4 4 1 6 1 4 4 5 1 7 6 3 4 7 5 4
split_gain=520122 336474 313466 174246 172174 309471 182341 114127 155613 453905 578587 482274 308584 217087 599595 239270 190883 161464 131999 180075 160255 165206 177902 140382 125755 110934 105687 96439.5 92046.6 89437.4
threshold=12.500000000000002 21.500000000000004 1.0000000180025095e-35 1.0000000180025095e-35 6.5000000000000009 4.5000000000000009 1.0000000180025095e-35 2829.6250000000005 17.500000000000004 18.500000000000004 1.0000000180025095e-35 9.5000000000000018 9.5000000000000018 1.0000000180025095e-35 19.500000000000004 20.500000000000004 9.5000000000000018 4228.170000000001 7.5000000000000009 15.500000000000002 16.500000000000004 1.0000000180025095e-35 9.5000000000000018 4027.2600000000007 3518.2850000000008 1.0000000180025095e-35 22.500000000000004 3299.0325000000007 1.0000000180025095e-35 8.5000000000000018
decision_type=2 2 2 2 2 2 2 2 2 2 2 2 2 2 2 2 2 2 2 2 2 2 2 2 2 2 2 2 2 2
left_child=3 7 26 28 5 6 -5 -2 18 10 12 -12 -10 14 16 27 -11 -17 19 24 -20 -22 -23 -21 -9 -7 -3 -15 -1 -6
right_child=1 2 -4 4 29 25 -8 8 9 13 11 -13 -14 15 -16 17 -18 -19 20 23 21 22 -24 -25 -26 -27 -28 -29 -30 -31
leaf_value=-1.1772717193424496 0.89959201240319175 1.0713054425444306 -0.49159140588169525 -0.56193863307738046 -0.42999186060247685 0.53709532476838218 -0.020121934534999057 -0.098217372350294041 -0.95581635304440948 2.5102307969605788 1.9498723114428413 -0.43510531463459429 2.208627199714488 2.5411165987051305 0.00072405682380842224 0.16993649554367107 -0.0079159786372066856 1.2674720444915419 0.17795868116476002 -0.078827854010769555 -0.27091097184952273 0.57080081839657149 2.3633648677646284 -0.85137500297454283 0.48062614988226998 -0.030810819223252434 0.032462733809208541 -0.26173278278807199 -0.39859697750147871 -0.14679092737307192
leaf_weight=503 688 477 3007 2069 4171 2966 6224 1850 427 435 1256 255 94 31 1033 1012 91 501 2635 1700 188 284 270 899 1904 1211 503 3068 1546 8407
leaf_count=503 688 477 3007 2069 4171 2966 6224 1850 427 435 1256 255 94 31 1033 1012 91 501 2635 1700 188 284 270 899 1904 1211 503 3068 1546 8407
internal_value=0.00129616 0.178369 -0.238494 -0.146442 -0.110178 0.0214774 -0.155298 0.267625 0.243379 0.403791 1.05195 1.54738 -0.38488 0.190364 0.700435 0.017944 2.07458 0.533364 0.108142 -0.0261268 0.360736 1.00982 1.44443 -0.346054 0.195368 0.372447 0.538104 -0.233695 -0.58975 -0.240703
internal_weight=49705 22608 3987 27097 25048 12470 8293 18621 17933 8203 2032 1511 521 6171 1559 4612 526 1513 9730 6353 3377 742 554 2599 3754 4177 980 3099 2049 12578
internal_count=49705 22608 3987 27097 25048 12470 8293 18621 17933 8203 2032 1511 521 6171 1559 4612 526 1513 9730 6353 3377 742 554 2599 3754 4177 980 3099 2049 12578
is_linear=0
shrinkage=0.05


Tree=102
num_leaves=31
num_cat=0
split_feature=8 7 8 7 8 7 7 8 7 8 4 7 7 0 0 4 3 4 4 7 8 8 4 7 4 4 7 8 0 4
split_gain=617810 259016 252515 243222 246953 213518 165417 160919 130355 127672 122106 117774 109903 107700 152047 98337.4 95577 94846.7 113842 123035 92999.6 88914.9 85512 85306.7 80539.8 74331 73644.3 73591.1 116507 70070.3
threshold=3407.8400000000006 3235.5125000000003 3915.4400000000005 3260.3462500000001 2898.5050000000006 3737.0350000000003 4005.0150000000008 4498.9400000000014 4027.2600000000007 2345.2987500000004 13.500000000000002 2504.9887500000004 4279.6137500000013 25.135625000000008 27.779375000000005 22.500000000000004 1.0000000180025095e-35 2.5000000000000004 6.5000000000000009 2829.6250000000005 4928.8850000000011 4216.4300000000012 1.0000000180025095e-35 2937.5300000000002 21.500000000000004 11.500000000000002 2817.8500000000004 3172.8575000000005 26.978125000000009 8.5000000000000018
decision_type=2 2 2 2 2 2 2 2 2 2 2 2 2 2 2 2 2 2 2 2 2 2 2 2 2 2 2 2 2 2
left_child=3 16 5 4 9 22 21 15 27 11 23 -1 -7 -13 -15 -8 -2 -11 -19 25 -9 -4 -3 29 26 -20 -12 28 -5 -6
right_child=1 2 6 8 10 12 7 20 -10 17 24 13 -14 14 -16 -17 -18 18 19 -21 -22 -23 -24 -25 -26 -27 -28 -29 -30 -31
leaf_value=0.75179853117143791 0.59323766033231451 -0.68359152202472517 0.4727551773506366 -0.3851771225489572 0.079898706884938067 -0.19941033056504143 0.07118499693634045 0.44013754781884373 -1.8207981481245072 -0.77936327841136921 1.664759465424638 -1.0006583572714589 -1.0736166970842542 -5.5444419994950298 -0.28659460544586185 -1.1343126380102975 1.5566237878474487 0.052602204505744647 -0.48295696885843953 -0.87509845568916755 1.5997919882100726 1.1039665226005659 0.17771159077637447 -0.096304442120863823 -0.44059069981991217 0.29867085076264432 0.48792283090007199 -0.2736965927182301 -1.1389951653058497 0.6604653063904623
leaf_weight=37 857 299 2812 1643 2052 4600 5079 2028 165 923 152 64 390 44 20 175 368 2013 673 1008 189 696 7959 7934 203 555 1060 4266 745 696
leaf_count=37 857 299 2812 1643 2052 4600 5079 2028 165 923 152 64 390 44 20 175 368 2013 673 1008 189 696 7959 7934 203 555 1060 4266 745 696
internal_value=0.00123135 0.173307 0.13744 -0.179351 -0.080325 -0.00950976 0.31476 0.18177 -0.43253 -0.363639 0.0446688 -1.73281 -0.267735 -2.45101 -3.90136 0.0310323 0.882647 -0.31996 -0.220164 -0.465728 0.538998 0.59799 0.146526 -0.0131477 0.481132 -0.129697 0.635513 -0.398104 -0.620351 0.226942
internal_weight=49705 25452 24227 24253 17434 13248 10979 7471 6819 5337 12097 165 4990 128 64 5254 1225 5172 4249 2236 2217 3508 8258 10682 1415 1228 1212 6654 2388 2748
internal_count=49705 25452 24227 24253 17434 13248 10979 7471 6819 5337 12097 165 4990 128 64 5254 1225 5172 4249 2236 2217 3508 8258 10682 1415 1228 1212 6654 2388 2748
is_linear=0
shrinkage=0.05


Tree=103
num_leaves=31
num_cat=0
split_feature=8 8 6 6 8 5 6 4 4 6 8 4 8 8 4 4 5 5 6 8 6 8 4 0 4 8 4 1 6 6
split_gain=566372 237605 287459 178421 192558 155296 136004 131598 123753 117784 149807 118112 115670 115622 113842 164356 297382 112444 105521 134067 95760.1 106713 90148.3 87562.5 86281.4 83685.7 80911.6 76915.5 74569.6 74444
threshold=3231.8450000000007 4153.2687500000011 4116.0350000000008 3234.5012500000007 3874.0825000000004 1.0000000180025095e-35 4104.505000000001 19.500000000000004 3.5000000000000004 3016.0012500000007 2713.5450000000005 12.500000000000002 3534.8200000000006 4928.8850000000011 18.500000000000004 17.500000000000004 1.0000000180025095e-35 1.0000000180025095e-35 3264.0025000000005 2981.3850000000007 4623.0900000000011 4498.9400000000014 1.0000000180025095e-35 25.093125000000004 19.500000000000004 4472.2675000000008 7.5000000000000009 9.5000000000000018 2698.0050000000006 3872.0137500000005
decision_type=2 2 2 2 2 2 2 2 2 2 2 2 2 2 2 2 2 2 2 2 2 2 2 2 2 2 2 2 2 2
left_child=5 2 3 -2 8 22 -3 9 -5 10 23 18 -4 20 15 -10 -17 24 19 -11 21 -8 -1 28 -16 -22 -14 -18 -7 -6
right_child=1 6 12 4 29 7 13 -9 14 11 -12 -13 26 -15 17 16 27 -19 -20 -21 25 -23 -24 -25 -26 -27 -28 -29 -30 -31
leaf_value=-1.8278031009780475 0.43642617891631458 0.90716475298525223 -3.0863900687206876 -0.39778095056490592 0.61497842321688179 0.15346946995154287 0.23022424260243507 -1.1753668135856665 0.044277463785522331 -0.73536920629675651 0.18734348543265089 0.12117149715101945 -1.7004039095714689 1.5059368478624444 1.5369181515600372 -0.79524800048934097 1.6410815666533178 -0.44136333468387962 -0.79086132547151167 -0.090436715516883995 -1.2004107084718481 0.84479617787709715 -0.4439797331604689 -1.0395863531022957 0.042262570276443368 0.028789755501621623 -0.39425595484875409 -1.2611434757709503 -0.72343421079927972 0.18081288701876372
leaf_weight=121 3449 1085 44 2014 1625 676 3009 300 10456 1075 4555 1613 128 190 115 198 468 2143 1152 3218 157 923 4301 388 602 1173 1609 24 378 2516
leaf_count=121 3449 1085 44 2014 1625 676 3009 300 10456 1075 4555 1613 128 190 115 198 468 2143 1152 3218 157 923 4301 388 602 1173 1609 24 378 2516
internal_value=0.00116978 0.12711 0.0579012 0.104108 0.0472568 -0.225022 0.395931 -0.139985 -0.0313059 -0.116192 0.0467363 -0.254629 -0.554638 0.29419 0.0213916 0.0935999 0.841014 -0.260019 -0.365954 -0.251933 0.250437 0.374489 -0.481846 -0.397415 0.281991 -0.116311 -0.490506 1.49951 -0.161018 0.351187
internal_weight=49705 31928 25391 23610 20161 17777 6537 13355 16020 13055 5997 7058 1781 5452 14006 11146 690 2860 5445 4293 5262 3932 4422 1442 717 1330 1737 492 1054 4141
internal_count=49705 31928 25391 23610 20161 17777 6537 13355 16020 13055 5997 7058 1781 5452 14006 11146 690 2860 5445 4293 5262 3932 4422 1442 717 1330 1737 492 1054 4141
is_linear=0
shrinkage=0.05


Tree=104
num_leaves=31
num_cat=0
split_feature=4 4 5 4 0 4 7 4 4 5 5 4 4 7 6 0 4 4 5 5 4 4 3 0 7 5 4 4 6 4
split_gain=413602 297552 275078 156051 155534 224446 97177.7 129176 404934 500560 191152 537304 226023 112004 97268.5 104009 94087.9 92633.7 142576 112347 251784 111238 98515.1 90323.5 79403.4 79314.9 79095 73557.8 72710.1 71237.6
threshold=12.500000000000002 21.500000000000004 1.0000000180025095e-35 1.0000000180025095e-35 25.868125000000003 3.5000000000000004 2829.6250000000005 17.500000000000004 18.500000000000004 1.0000000180025095e-35 1.0000000180025095e-35 19.500000000000004 19.500000000000004 4355.4437500000013 3606.7425000000007 27.925625000000007 22.500000000000004 6.5000000000000009 1.0000000180025095e-35 1.0000000180025095e-35 5.5000000000000009 7.5000000000000009 1.0000000180025095e-35 29.863125000000007 4127.0100000000011 1.0000000180025095e-35 5.5000000000000009 16.500000000000004 4028.9100000000003 20.500000000000004
decision_type=2 2 2 2 2 2 2 2 2 2 2 2 2 2 2 2 2 2 2 2 2 2 2 2 2 2 2 2 2 2
left_child=3 6 16 25 5 -5 -2 13 9 -9 11 -10 -12 23 -11 -16 -3 19 21 20 -7 -19 -21 24 -8 -1 -24 -25 -18 -14
right_child=1 2 -4 4 -6 17 7 8 10 14 12 -13 29 -15 15 -17 28 18 -20 22 -22 -23 26 27 -26 -27 -28 -29 -30 -31
leaf_value=-1.0955354063114371 0.82610449342782677 0.99758853702832784 -0.47009137473272383 -0.21810904245207299 -0.22562361513846022 -0.52611623959124565 0.066811801738602197 -0.357514178614184 1.9445874213025034 2.3698474160540957 -0.4890981031053529 -0.018591787775397835 0.014026330212439785 -0.65062032580226981 0.88479003531431832 1.8011117903473606 -0.39694031430927279 1.0930529435897538 -0.40492202443613678 0.59048875907034448 0.90318975444625915 -0.26881695563738889 0.31769804453629341 0.42837746179060554 -0.74453180922896744 -0.37271626361737326 -0.57175374867164352 -0.45960802441448206 0.88958036716061617 0.49624448176687858
leaf_weight=503 688 477 3007 5518 12059 982 5832 521 526 237 1548 1033 1551 476 743 531 341 358 1265 2964 449 258 839 2850 318 1546 356 254 162 1513
leaf_count=503 688 477 3007 5518 12059 982 5832 521 526 237 1548 1033 1551 476 743 531 341 358 1265 2964 449 258 839 2850 318 1546 356 254 162 1513
internal_value=0.00111129 0.159015 -0.232997 -0.130633 -0.0963147 0.0237359 0.242949 0.220577 0.366729 0.978926 0.165143 0.643777 0.00334971 0.0973613 1.43974 1.26671 0.494495 0.20236 -0.101153 0.30449 -0.0776478 0.522659 0.435973 0.135835 0.0248594 -0.550158 0.0527233 0.355714 0.0174063 0.252145
internal_weight=49705 22608 3987 27097 25048 12989 18621 17933 8203 2032 6171 1559 4612 9730 1511 1274 980 7471 1881 5590 1431 616 4159 9254 6150 2049 1195 3104 503 3064
internal_count=49705 22608 3987 27097 25048 12989 18621 17933 8203 2032 6171 1559 4612 9730 1511 1274 980 7471 1881 5590 1431 616 4159 9254 6150 2049 1195 3104 503 3064
is_linear=0
shrinkage=0.05


Tree=105
num_leaves=31
num_cat=0
split_feature=8 8 6 6 8 6 8 6 4 4 6 4 8 6 8 6 8 6 4 1 6 1 6 8 4 3 4 1 6 8
split_gain=563084 238748 212010 179383 169163 160855 167450 141238 138677 124222 122024 110463 107027 106225 148345 99576.6 105041 104939 97623.4 95117.4 88201 82087.5 80894.6 79356 113953 84755.3 74791.5 74208.2 74174.3 71528.4
threshold=3222.0150000000008 4216.4300000000012 4190.0325000000003 3220.2600000000007 2907.0200000000004 3166.7437500000005 3857.9550000000004 2728.3100000000004 17.500000000000004 3.5000000000000004 2937.6225000000004 18.500000000000004 2345.2987500000004 3656.5675000000006 3541.7575000000006 4104.505000000001 4814.6737500000008 4693.3900000000012 7.5000000000000009 5.5000000000000009 3872.0137500000005 2.5000000000000004 3380.2762500000003 3666.3525000000004 8.5000000000000018 1.0000000180025095e-35 3.5000000000000004 3.5000000000000004 4623.0900000000011 2953.0587500000006
decision_type=2 2 2 2 2 2 2 2 2 2 2 2 2 2 2 2 2 2 2 2 2 2 2 2 2 2 2 2 2 2
left_child=3 2 5 4 7 27 13 12 -4 29 -6 -10 -1 14 22 -3 17 -17 26 21 -8 -11 -7 24 -15 -26 -14 -2 -18 -5
right_child=1 15 8 9 10 6 20 -9 11 19 -12 -13 18 23 -16 16 28 -19 -20 -21 -22 -23 -24 -25 25 -27 -28 -29 -30 -31
leaf_value=-1.2846007316817645 -0.043052945474424745 0.9529053802038393 -1.1295216861282229 -4.0636122740232024 0.28755367932841275 0.10519585042237299 0.57013318826708159 -0.555392219751213 0.68740262994673895 -0.43554248215883212 -0.12649434276383661 -0.4859352120788738 -0.057626855427039984 -1.1020882426594374 0.34287485781353433 0.3637333254905234 2.3450458372340481 -0.32217489787645526 -0.718501404366505 -0.25765091735404216 0.15303773507721516 -1.3053878428084236 -0.21422400553464219 -0.046298642046958362 -0.59015568636625759 0.11288098169935411 0.67031131318576509 0.62579238866719578 0.7420681605692252 -1.3070235799592469
leaf_weight=153 526 775 561 26 2499 4159 1953 3447 284 590 6180 683 788 486 3520 3595 85 660 304 2049 3611 502 3787 3658 848 867 639 1960 478 248
leaf_count=153 526 775 561 26 2499 4159 1953 3447 284 590 6180 683 788 486 3520 3595 85 660 304 2049 3611 502 3787 3658 848 867 639 1960 478 248
internal_value=0.00667394 0.12964 0.0678462 -0.222647 -0.143442 0.10229 0.0608018 -0.365126 -0.504145 -0.547583 -0.00727485 -0.141335 -0.0170113 -0.0158382 0.0726638 0.426877 0.342263 0.257341 0.0950286 -0.458517 0.299441 -0.835416 -0.0470371 -0.189036 -0.42626 -0.234743 0.268338 0.484275 0.984081 -1.5686
internal_weight=49921 32496 26903 17425 14010 25375 22889 5331 1528 3415 8679 967 1884 17325 11466 5593 4818 4255 1731 3141 5564 1092 7946 5859 2201 1715 1427 2486 563 274
internal_count=49921 32496 26903 17425 14010 25375 22889 5331 1528 3415 8679 967 1884 17325 11466 5593 4818 4255 1731 3141 5564 1092 7946 5859 2201 1715 1427 2486 563 274
is_linear=0
shrinkage=0.05


Tree=106
num_leaves=31
num_cat=0
split_feature=0 6 6 7 6 7 1 0 1 6 1 0 5 1 7 6 0 5 0 0 5 7 7 7 7 0 0 6 6 7
split_gain=71649.3 107555 82930.4 125546 76069 61071.9 59863.6 82183.8 80733.4 68640.5 52658 50867 44407.5 43845.4 43373.8 41826.9 115419 49824.4 41705.7 39280.6 38240.8 37952.1 37025.4 36043.4 32950.9 32371.9 29679.4 30256.8 29764.9 28430.7
threshold=24.925625000000007 2682.6250000000005 3386.4387500000003 2841.1350000000007 3613.1812500000001 3525.6937500000008 5.5000000000000009 28.775625000000002 10.500000000000002 4884.2275000000018 2.5000000000000004 26.820625000000007 1.0000000180025095e-35 4.5000000000000009 4668.1650000000009 3856.0350000000003 26.418125000000007 1.0000000180025095e-35 24.356875000000006 25.960625000000004 1.0000000180025095e-35 2851.5450000000005 3684.9787500000007 3326.0250000000005 3186.8575000000005 23.426250000000003 25.985625000000002 2816.6700000000005 2648.6612500000006 3505.7462500000006
decision_type=2 2 2 2 2 2 2 2 2 2 2 2 2 2 2 2 2 2 2 2 2 2 2 2 2 2 2 2 2 2
left_child=1 25 20 4 10 12 7 9 15 13 -4 -10 18 14 -5 22 17 -17 -3 -11 -2 26 24 -19 -8 -1 28 -28 -22 -18
right_child=2 5 3 6 -6 -7 8 -9 11 19 -12 -13 -14 -15 -16 16 29 23 -20 -21 21 -23 -24 -25 -26 -27 27 -29 -30 -31
leaf_value=-0.28475299640342072 -0.19583683842306124 -0.43751133307754986 0.48301629714749672 -0.072585907140428993 -0.43321147844084162 -0.34837871420841665 0.46230160049368857 0.16474794997785849 -0.3908090507010078 -0.5694949765571139 1.9718089058036694 0.16357639309703004 -0.014220116703993802 -0.31129159134643791 0.38856864639767658 0.77079795843768351 2.0409927521958764 2.0015953674316407 0.0082751570811902438 0.89697823427257495 -2.0386197769641874 -0.044473064999411595 0.45679274365960021 0.082908760580098911 -0.016212914193548807 0.45519557437308084 0.98843344371788988 0.24845512426972297 -0.055231873582205326 1.0057686148297875
leaf_weight=172 3538 1406 91 6273 67 2737 452 6724 771 55 171 893 6719 1820 555 395 81 25 837 269 20 9083 934 1170 1763 1051 161 973 349 366
leaf_count=172 3538 1406 91 6273 67 2737 452 6724 771 55 171 893 6719 1820 555 395 81 25 837 269 20 9083 934 1170 1763 1051 161 973 349 366
internal_value=0.00634024 -0.0950193 0.0417403 0.100561 1.07024 -0.141659 0.0864111 0.0325882 0.20974 -0.066458 1.45471 -0.0932933 -0.0785271 -0.0932269 -0.0351019 0.306973 0.483525 0.283968 -0.271161 0.64804 -0.0535247 -0.00596189 0.192766 0.123049 0.0814343 0.351131 0.226771 0.353514 -0.162733 1.19336
internal_weight=49921 12922 36999 22875 329 11699 22546 15696 6850 8972 262 1664 8962 8648 6828 5186 2037 1590 2243 324 14124 10586 3149 1195 2215 1223 1503 1134 369 447
internal_count=49921 12922 36999 22875 329 11699 22546 15696 6850 8972 262 1664 8962 8648 6828 5186 2037 1590 2243 324 14124 10586 3149 1195 2215 1223 1503 1134 369 447
is_linear=0
shrinkage=0.05


Tree=107
num_leaves=31
num_cat=0
split_feature=4 4 5 4 4 4 5 7 4 5 4 4 4 5 1 1 5 4 4 1 4 1 4 5 0 7 6 4 4 1
split_gain=380306 324757 290060 148882 140849 293421 150184 114616 108325 102004 212331 96637.2 345290 387039 447238 319237 178658 513670 209110 184310 147786 223824 200583 168188 125020 100628 94480.6 95564.9 93954.8 77612.9
threshold=13.500000000000002 21.500000000000004 1.0000000180025095e-35 1.0000000180025095e-35 6.5000000000000009 4.5000000000000009 1.0000000180025095e-35 3320.7425000000007 8.5000000000000018 1.0000000180025095e-35 7.5000000000000009 17.500000000000004 18.500000000000004 1.0000000180025095e-35 9.5000000000000018 9.5000000000000018 1.0000000180025095e-35 19.500000000000004 19.500000000000004 10.500000000000002 15.500000000000002 9.5000000000000018 16.500000000000004 1.0000000180025095e-35 29.598125000000007 4175.0700000000006 4228.170000000001 22.500000000000004 17.500000000000004 2.5000000000000004
decision_type=2 2 2 2 2 2 2 2 2 2 2 2 2 2 2 2 2 2 2 2 2 2 2 2 2 2 2 2 2 2
left_child=3 7 26 -1 5 6 -5 28 9 10 -6 20 13 15 -15 -13 17 19 29 -14 24 25 -23 -24 -9 -22 27 -3 -2 -18
right_child=1 2 -4 4 8 -7 -8 11 -10 -11 -12 12 16 14 -16 -17 18 -19 -20 -21 21 22 23 -25 -26 -27 -28 -29 -30 -31
leaf_value=-0.51867417137897209 0.49015215196965523 0.78473039273097467 -0.47932308905993354 -0.49503101296647822 0.72810499467509904 0.38685871950368572 -0.0048666519235691895 -0.042600919282503966 -0.098365428983566011 -0.54161569700926504 -0.70689084396926238 -0.98811452391312304 2.1980794863568414 1.7020818009668961 -0.54565956924800518 2.2662044602505707 -1.2604330598033937 -0.048043864081235114 0.22693205055094767 -0.96725751967991114 -0.17951190364930547 -0.2240681849866141 -0.64674745001222789 2.1289967990698027 0.64400513384515967 -0.8859303138290896 1.2479824048664536 -0.36884883113762434 1.6060924307090567 -0.32601629423155382
leaf_weight=2070 2235 347 3009 2078 531 4170 6302 1185 10480 3136 501 380 468 1227 270 94 269 1011 3006 51 2145 309 69 261 1505 659 297 372 206 1278
leaf_count=2070 2235 347 3009 2078 531 4170 6302 1185 10480 3136 501 380 468 1227 270 94 269 1011 3006 51 2145 309 69 261 1505 659 297 372 206 1278
internal_value=0.00602323 0.170309 -0.232681 -0.109905 -0.0787943 0.044132 -0.126413 0.267857 -0.184114 -0.399721 0.0314646 0.213406 0.32728 0.902418 1.29668 -0.342743 0.140926 0.608365 -0.0161537 1.88703 0.0638627 -0.153086 0.691401 1.54861 0.341541 -0.345535 0.497776 0.187886 0.584328 -0.488497
internal_weight=49921 20653 4025 29268 27198 12550 8380 16628 14648 4168 1032 14187 8054 1971 1497 474 6083 1530 4553 519 6133 3443 639 330 2690 2804 1016 719 2441 1547
internal_count=49921 20653 4025 29268 27198 12550 8380 16628 14648 4168 1032 14187 8054 1971 1497 474 6083 1530 4553 519 6133 3443 639 330 2690 2804 1016 719 2441 1547
is_linear=0
shrinkage=0.05


Tree=108
num_leaves=31
num_cat=0
split_feature=4 4 5 4 4 4 5 7 4 5 4 4 4 4 5 1 1 5 4 4 1 0 1 4 5 0 7 1 3 7
split_gain=343226 293093 261779 134366 127116 264813 135541 103683 97763.1 92059 191629 89738.4 87548.6 310347 346920 402595 293899 158654 461546 187458 165949 138794 136272 153904 132456 99146.6 95457 92148.8 86186.2 77756.6
threshold=13.500000000000002 21.500000000000004 1.0000000180025095e-35 1.0000000180025095e-35 6.5000000000000009 4.5000000000000009 1.0000000180025095e-35 3353.5050000000006 8.5000000000000018 1.0000000180025095e-35 7.5000000000000009 17.500000000000004 17.500000000000004 18.500000000000004 1.0000000180025095e-35 9.5000000000000018 9.5000000000000018 1.0000000180025095e-35 19.500000000000004 19.500000000000004 10.500000000000002 31.395625000000006 8.5000000000000018 16.500000000000004 1.0000000180025095e-35 29.531875000000003 4294.4687500000009 10.500000000000002 1.0000000180025095e-35 4015.0012500000007
decision_type=2 2 2 2 2 2 2 2 2 2 2 2 2 2 2 2 2 2 2 2 2 2 2 2 2 2 2 2 2 2
left_child=3 7 -3 -1 5 6 -5 11 9 10 -6 -2 21 14 16 -16 -14 18 20 -19 -15 22 25 -24 -25 29 -27 -26 -7 -9
right_child=1 2 -4 4 8 28 -8 12 -10 -11 -12 -13 13 17 15 -17 -18 19 -20 -21 -22 -23 23 24 27 26 -28 -29 -30 -31
leaf_value=-0.49274046278603667 0.44857257941070411 0.47288723888662165 -0.45535693317693532 -0.47027946178612229 0.69169974638299947 0.51056833484343833 -0.0046233199534288089 -0.2958674188868809 -0.093447156747984372 -0.51453491270991181 -0.67154630378275337 1.4600972723756838 -0.96190207858729715 2.0855901974631896 1.6156513941437556 -0.51837659476876818 2.1798079984162442 -0.46407243215086746 -0.049773068507815779 0.21380587848128343 -0.91889463449810072 0.60236145577604394 0.011169880846364163 -0.52051602637413708 0.91188034328455425 0.27506077125914358 -0.70818721724626343 2.5398656499471599 0.0063171575275751263 -1.0527979737160218
leaf_weight=2070 2431 1016 3009 2078 531 2987 6302 1418 10480 3136 501 241 373 465 1218 270 93 1547 1009 2993 51 967 1140 101 232 1182 312 139 1183 446
leaf_count=2070 2431 1016 3009 2078 531 2987 6302 1418 10480 3136 501 241 373 465 1218 270 93 1547 1009 2993 51 967 1140 101 232 1182 312 139 1183 446
internal_value=0.00572207 0.161793 -0.221047 -0.10441 -0.0748546 0.0419254 -0.120093 0.254464 -0.174909 -0.379735 0.0298913 0.539807 0.199833 0.307588 0.855596 1.22843 -0.334908 0.131033 0.572272 -0.0171804 1.78864 0.0542904 -0.0523464 0.325533 1.0848 -0.233746 0.0697238 1.52183 0.367516 -0.476978
internal_weight=49921 20653 4025 29268 27198 12550 8380 16628 14648 4168 1032 2672 13956 8019 1954 1488 466 6065 1525 4540 516 5937 4970 1612 472 3358 1494 371 4170 1864
internal_count=49921 20653 4025 29268 27198 12550 8380 16628 14648 4168 1032 2672 13956 8019 1954 1488 466 6065 1525 4540 516 5937 4970 1612 472 3358 1494 371 4170 1864
is_linear=0
shrinkage=0.05


Tree=109
num_leaves=31
num_cat=0
split_feature=4 4 5 5 4 4 4 4 4 4 4 4 4 4 1 4 6 4 3 0 6 6 4 4 4 0 4 4 5 1
split_gain=309761 264516 236255 127652 140100 371178 115897 131590 109250 190194 262667 130474 133248 102602 122472 89497.9 85268.8 86247.3 79636.3 69917.9 68940.3 65687.2 65426.8 64118.8 97746.6 59986.3 58861.5 299619 338180 377994
threshold=13.500000000000002 21.500000000000004 1.0000000180025095e-35 1.0000000180025095e-35 5.5000000000000009 7.5000000000000009 12.500000000000002 9.5000000000000018 12.500000000000002 6.5000000000000009 3.5000000000000004 7.5000000000000009 11.500000000000002 5.5000000000000009 2.5000000000000004 4.5000000000000009 4228.170000000001 22.500000000000004 1.0000000180025095e-35 27.108125000000005 3011.0212500000002 2952.6487500000007 16.500000000000004 8.5000000000000018 9.5000000000000018 26.444375000000004 17.500000000000004 18.500000000000004 1.0000000180025095e-35 10.500000000000002
decision_type=2 2 2 2 2 2 2 2 2 2 2 2 2 2 2 2 2 2 2 2 2 2 2 2 2 2 2 2 2 2
left_child=3 21 16 4 -1 25 7 -7 9 10 -5 -11 23 15 -15 -12 17 -3 -14 -10 -16 22 -2 -13 -25 -6 -23 28 -28 -30
right_child=1 2 -4 8 5 6 -8 -9 19 11 13 12 18 14 20 -17 -18 -19 -20 -21 -22 26 -24 24 -26 -27 27 -29 29 -31
leaf_value=-0.53444328199480096 0.52452823565155271 0.72184951004467546 -0.43258908709615468 -0.14093401377634379 0.87034289806786802 -0.66254298772563902 -1.0317068164067869 0.063122962484343653 -0.47073889935952284 -0.64972563538511841 0.25088500251993534 -0.32624026415600943 -0.79056650627671743 0.97248567027247546 0.56022797012925152 0.78198036566386697 1.1619389273514753 -0.37405075016581724 -0.0025434701780064242 0.50092312521982407 -0.36493417118608518 0.12171212253618101 1.936749600556336 0.36596797296829009 -0.11701665432548058 -0.28560848345805429 -0.28808576106029277 0.13957617767765479 1.4586855998570991 -1.1586428356618663
leaf_weight=3112 600 347 3009 6264 911 1035 536 1576 215 1576 1590 1560 1115 278 250 1583 297 372 450 1333 1035 7708 95 1569 3152 128 505 6165 1402 153
leaf_count=3112 600 347 3009 6264 911 1035 536 1576 215 1576 1590 1560 1115 278 250 1583 297 372 450 1333 1035 7708 95 1569 3152 128 505 6165 1402 153
internal_value=0.00543597 0.153704 -0.209995 -0.0991894 -0.280366 -0.0914765 -0.36201 -0.224531 -0.0390062 -0.0697037 0.0715157 -0.234575 -0.151185 0.352509 0.020922 0.515847 0.449243 0.154847 -0.563978 0.36597 -0.184942 0.241741 0.717566 -0.0483311 0.0435008 0.727935 0.220986 0.314019 0.836078 1.20116
internal_weight=49921 20653 4025 29268 7298 4186 3147 2611 21970 20422 11000 9422 7846 4736 1563 3173 1016 719 1565 1548 1285 16628 695 6281 4721 1039 15933 8225 2060 1555
internal_count=49921 20653 4025 29268 7298 4186 3147 2611 21970 20422 11000 9422 7846 4736 1563 3173 1016 719 1565 1548 1285 16628 695 6281 4721 1039 15933 8225 2060 1555
is_linear=0
shrinkage=0.05


Tree=110
num_leaves=31
num_cat=0
split_feature=8 7 8 6 7 6 7 8 8 7 8 6 6 6 6 4 0 4 4 6 0 8 0 4 8 6 6 0 6 8
split_gain=462186 234703 281850 239732 217483 202715 156970 185761 154559 147185 160313 101313 98193.7 94435.6 90074.6 88508.5 87682.9 87258.5 77489 77413.9 114334 85234 120050 78967.2 76983.3 93769.8 82452.7 105296 95216.4 76569.3
threshold=3247.0225000000005 3162.0112500000005 4041.9750000000004 4177.5300000000016 3191.5550000000007 3329.9125000000008 3737.0350000000003 3666.3525000000004 2794.7400000000007 4048.6962500000004 4727.9650000000011 3405.1750000000006 3016.0012500000007 4104.505000000001 4585.2562500000013 3.5000000000000004 29.271250000000006 17.500000000000004 8.5000000000000018 2698.0050000000006 25.053125000000005 2345.2987500000004 26.585625000000007 2.5000000000000004 3778.5500000000006 3888.7662500000001 3635.2637500000005 27.213125000000005 3176.5400000000004 3481.7637500000005
decision_type=2 2 2 2 2 2 2 2 2 2 2 2 2 2 2 2 2 2 2 2 2 2 2 2 2 2 2 2 2 2
left_child=4 18 3 6 8 -6 7 11 17 16 13 -3 -10 -11 -12 -14 -4 19 -2 20 -1 22 -22 -21 26 -26 27 28 -8 -13
right_child=1 2 9 -5 5 -7 24 -9 12 10 14 29 15 -15 -16 -17 -18 -19 -20 23 21 -23 -24 -25 25 -27 -28 -29 -30 -31
leaf_value=0.18744519360084733 0.31526512177603477 0.16639979787447237 0.52241438965137865 -0.9483880584710106 -0.3306681662077956 -1.1555891813480073 1.6871288733556868 0.40938578376543999 0.18628803972706012 0.51143630940537077 1.8862893440065129 -0.40084572194613255 -0.52897019025333203 -0.014744731151142261 0.57795915329300396 -0.030339541081223855 1.3401578825338456 -3.6700549077987676 0.88735356128389486 -1.4194839836690161 -4.9738519101307315 -0.53037939456894123 -0.075771191512996508 -0.43302165346054911 0.22977493775664282 -0.27939170268489971 -0.59678776515169751 -0.70682523251625407 0.035520383581612358 -0.00016269865455387344
leaf_weight=1009 1213 4371 1796 677 4184 906 96 3715 4341 1065 158 2019 1118 4278 786 4363 401 20 1156 225 29 170 22 2063 1802 1815 1734 481 959 2912
leaf_count=1009 1213 4371 1796 677 4184 906 96 3715 4341 1065 158 2019 1118 4278 786 4363 401 20 1156 225 29 170 22 2063 1802 1815 1734 481 959 2912
internal_value=-0.000727866 0.115871 0.0768659 -0.0231021 -0.199383 -0.477501 0.0083699 0.110503 -0.0934232 0.319374 0.196264 -0.00886345 0.00864552 0.0901369 0.796938 -0.132049 0.67167 -0.376781 0.594427 -0.358058 -0.0381634 -1.0682 -2.86095 -0.53003 -0.184671 -0.0257234 -0.360485 -0.0937204 0.185809 -0.164223
internal_weight=49884 31434 29065 20581 18450 5090 19904 13017 13360 8484 6287 9302 9822 5343 944 5481 2197 3538 2369 3518 1230 221 51 2288 6887 3617 3270 1536 1055 4931
internal_count=49884 31434 29065 20581 18450 5090 19904 13017 13360 8484 6287 9302 9822 5343 944 5481 2197 3538 2369 3518 1230 221 51 2288 6887 3617 3270 1536 1055 4931
is_linear=0
shrinkage=0.05


Tree=111
num_leaves=31
num_cat=0
split_feature=8 7 8 7 7 8 6 8 6 7 8 4 8 8 6 7 6 8 6 4 5 6 6 6 8 4 8 6 6 4
split_gain=419474 223612 303920 192224 172576 161609 151526 138163 121493 126021 132871 129543 108934 107073 100011 111218 97270.3 137800 96405.8 86223.6 103487 77835.5 77309.7 74741.2 70392.2 69719.5 78725.9 149129 95949.3 74420.6
threshold=3906.4637500000003 3804.0075000000002 3100.0600000000004 3723.3675000000007 3191.5550000000007 3475.5112500000005 3405.1750000000006 4868.6775000000007 2945.2525000000005 2898.0200000000004 2794.7400000000007 10.500000000000002 3377.3362500000007 2769.5450000000005 3466.0600000000004 3587.0875000000005 3888.7662500000001 3401.2975000000006 3200.2550000000006 22.500000000000004 1.0000000180025095e-35 4623.0900000000011 3016.0012500000007 3586.7187500000005 2648.6612500000006 1.0000000180025095e-35 4555.4162500000011 4623.0900000000011 4444.4925000000012 17.500000000000004
decision_type=2 2 2 2 2 2 2 2 2 2 2 2 2 2 2 2 2 2 2 2 2 2 2 2 2 2 2 2 2 2
left_child=1 2 8 23 12 6 -6 19 13 11 -11 -10 22 -1 15 -7 17 -3 -12 25 -21 -9 -4 -2 -13 -5 28 -28 -27 -30
right_child=3 16 4 7 5 14 -8 21 9 10 18 24 -14 -15 -16 -17 -18 -19 -20 20 -22 -23 -24 -25 -26 26 27 -29 29 -31
leaf_value=-0.33455897272000007 2.4384982505519144 -1.024067660789959 0.62759919089746896 -0.38566231977670951 -0.030926704992889117 0.79727247102325005 -0.51084819881417276 3.3238794414578261 -0.403123479352964 -1.3967803068933826 -0.30080582366190955 -0.21021424216899126 0.74427425414422621 0.11008054585429655 0.055297838737004501 -0.04664885341189802 -0.80061248654858097 -0.11609019967124717 -0.85847892735866049 0.73290162383422375 -0.8619114627924902 0.90798077890179629 0.10803476892746562 0.80696124275099956 0.66886357395449958 0.24155002601479572 1.3272236344358261 0.17768684808852123 -1.35858666034455 -0.11122106105285037
leaf_weight=2234 76 503 870 477 5569 1066 2334 37 1335 408 2912 356 1131 3437 6451 616 1216 2469 1056 137 395 337 4044 919 632 6738 453 748 141 787
leaf_count=2234 76 503 870 477 5569 1066 2334 37 1335 408 2912 356 1131 3437 6451 616 1216 2469 1056 137 395 337 4044 919 632 6738 453 748 141 787
internal_value=-0.000691473 -0.0789098 -0.0369719 0.268075 0.0741819 -0.0116405 -0.172662 0.203666 -0.235386 -0.37956 -0.537566 -0.0819132 0.301849 -0.0650781 0.144828 0.488203 -0.423896 -0.269762 -0.449219 0.167943 -0.451217 1.14699 0.200021 0.931581 0.352111 0.203195 0.234872 0.611276 0.175903 -0.300745
internal_weight=49884 38639 34451 11245 22081 16036 7903 10250 12370 6699 4376 2323 6045 5671 8133 1682 4188 2972 3968 9876 532 374 4914 995 988 9344 8867 1201 7666 928
internal_count=49884 38639 34451 11245 22081 16036 7903 10250 12370 6699 4376 2323 6045 5671 8133 1682 4188 2972 3968 9876 532 374 4914 995 988 9344 8867 1201 7666 928
is_linear=0
shrinkage=0.05


Tree=112
num_leaves=31
num_cat=0
split_feature=8 7 8 7 8 7 8 8 7 0 8 7 3 8 4 8 8 7 4 4 8 7 7 4 7 4 0 4 8 3
split_gain=389338 211521 233741 209778 175165 123592 107096 101758 101146 156160 145546 99213.8 97539.2 91374.6 87457.8 84939.8 83702.9 82650.2 81849.1 90055.4 78336.7 74178.5 71364.9 66808.6 64325 62338.3 57909.2 75536.9 57235.5 56291.3
threshold=3666.3525000000004 3560.5350000000003 3100.0600000000004 3642.2137500000003 4094.7875000000008 3191.5550000000007 3222.0150000000008 4868.6775000000007 2851.5450000000005 26.164375000000003 2698.0050000000006 4048.6962500000004 1.0000000180025095e-35 2665.5050000000006 9.5000000000000018 4052.0700000000002 3475.5112500000005 4015.0012500000007 3.5000000000000004 21.500000000000004 3212.2862500000006 3182.0075000000002 4200.6162500000009 21.500000000000004 3348.3550000000005 19.500000000000004 25.008125000000003 17.500000000000004 2345.2987500000004 1.0000000180025095e-35
decision_type=2 2 2 2 2 2 2 2 2 2 2 2 2 2 2 2 2 2 2 2 2 2 2 2 2 2 2 2 2 2
left_child=1 2 8 15 17 12 -3 11 13 18 28 -6 -4 -1 -15 24 -7 23 -10 26 -14 -12 -8 -5 29 -17 -20 -28 -11 -2
right_child=3 6 5 4 7 16 22 -9 9 10 21 -13 20 14 -16 25 -18 -19 19 -21 -22 -23 -24 -25 -26 -27 27 -29 -30 -31
leaf_value=-0.34183890523088556 0.65885761326282744 -1.0502338409879719 0.13014397463385319 0.10705115333411824 0.60514914144346277 -0.12441060098375355 -0.27736078296971506 1.0896374500859629 -0.40835184345889702 -3.8484749317967464 -0.31832492611541752 0.14479405298608605 0.22342790051424047 -0.013321178567169231 0.62798810542358319 2.2726793888848551 0.2196847933643869 -0.3096361421113758 0.2120680366456921 -1.4120531492763098 0.90086524805984358 -0.88729311780698128 -1.2398880874705824 -0.49808169144018744 0.38219281706302555 0.70986369706966268 -0.30867835579742797 2.7209314028422042 -1.4616896216528583 1.8786391672932898
leaf_weight=1395 296 572 4163 4893 1488 6689 4127 374 1893 28 1859 5483 814 2024 721 121 2402 2258 2032 108 897 828 202 503 2160 135 1015 21 244 139
leaf_count=1395 296 572 4163 4893 1488 6689 4127 374 1893 28 1859 5483 814 2024 721 121 2402 2258 2032 108 897 828 202 503 2160 135 1015 21 244 139
internal_value=-0.000656899 -0.104929 -0.0503234 0.186471 0.111741 0.0820071 -0.407235 0.286166 -0.213072 -0.316594 -0.605223 0.243059 0.260765 -0.0123304 0.155125 0.579626 -0.0334946 -0.0556431 -0.148108 0.00700615 0.578578 -0.493653 -0.322274 0.0506424 0.493907 1.44854 0.05696 -0.247267 -1.70739 1.04863
internal_weight=49884 32034 27133 17850 14999 14965 4901 7345 12168 8028 2959 6971 5874 4140 2745 2851 9091 7654 5069 3176 1711 2687 4329 5396 2595 256 3068 1036 272 435
internal_count=49884 32034 27133 17850 14999 14965 4901 7345 12168 8028 2959 6971 5874 4140 2745 2851 9091 7654 5069 3176 1711 2687 4329 5396 2595 256 3068 1036 272 435
is_linear=0
shrinkage=0.05


Tree=113
num_leaves=31
num_cat=0
split_feature=0 7 7 6 0 6 7 5 6 5 0 6 0 6 1 6 1 0 7 0 6 1 6 7 0 7 7 0 7 6
split_gain=47594.1 55377.5 42652.8 38072.1 67244.3 45443.2 44500.5 36527.8 36962.6 35721.3 35078.8 54863.6 102071 34815.1 34093.3 61621.5 90925.2 51614.3 50469.5 46169.5 56533.7 45442.5 70812.6 61437.4 54855.4 43109.8 38917.7 38195.5 32625 32116.3
threshold=27.925625000000007 2829.6250000000005 4532.5725000000011 2937.6225000000004 24.508125000000003 3628.0050000000006 3240.8775000000005 1.0000000180025095e-35 4294.7462500000011 1.0000000180025095e-35 25.114375000000006 2504.5587500000006 25.745625000000008 4963.005000000001 5.5000000000000009 3393.0300000000002 9.5000000000000018 26.733125000000005 3762.1650000000004 25.654375000000005 3790.9800000000005 4.5000000000000009 4884.2275000000018 2974.0562500000005 26.850625000000004 2906.8675000000003 3977.0200000000004 26.315625000000004 3454.0100000000007 4693.3900000000012
decision_type=2 2 2 2 2 2 2 2 2 2 2 2 2 2 2 2 2 2 2 2 2 2 2 2 2 2 2 2 2 2
left_child=3 -2 7 6 5 -5 9 8 -3 -1 -11 12 -12 14 21 18 19 -18 -16 -17 25 -6 23 24 -23 -21 -27 -22 -25 -4
right_child=1 2 29 4 13 -7 -8 -9 -10 10 11 -13 -14 -15 15 16 17 -19 -20 20 27 22 -24 28 -26 26 -28 -29 -30 -31
leaf_value=-0.20105649853793209 0.43643897819037525 -0.16965926266675455 0.71821800018510507 -0.15166014697745767 -0.03264033936927304 -0.55182124704840674 0.43210279246607569 0.075281302329261113 0.37487632736606624 0.20058818083285132 -3.490331444648259 -0.033371077601686373 0.032796315418986172 0.79442526456608464 -0.1038043895771166 0.099040345461275436 -0.24673979981413849 0.26347454577294865 0.82715880009752007 1.3394262420572343 0.46910003026367619 -3.7213964536786079 -3.2465687984786928 0.23506020034652161 -0.1758316171169281 0.082187146801513691 1.3864333314696948 1.1175022003583732 -0.30032356660710186 0.070289056193451965
leaf_weight=1252 981 3058 403 4886 7312 830 797 10067 347 2674 34 830 52 131 6344 2139 1836 679 149 80 604 24 20 332 20 1224 60 364 1991 364
leaf_count=1252 981 3058 403 4886 7312 830 797 10067 347 2674 34 830 52 131 6344 2139 1836 679 149 80 604 24 20 332 20 1224 60 364 1991 364
internal_value=-0.000624054 0.0730811 0.0480475 -0.0329859 -0.0560826 -0.209766 0.0858968 0.0273991 -0.114166 0.0289108 0.109111 -0.15793 -1.36007 -0.0183952 -0.0229892 0.0284508 0.131517 -0.108992 -0.0824408 0.266806 0.420688 -0.0944769 -0.283899 -0.258865 -2.10978 0.213297 0.143133 0.712921 -0.223807 0.410726
internal_weight=49884 15220 14239 34664 29025 5716 5639 13472 3405 4842 3590 916 86 23309 23178 13479 6986 2515 6493 4471 2332 9699 2387 2367 44 1364 1284 968 2323 767
internal_count=49884 15220 14239 34664 29025 5716 5639 13472 3405 4842 3590 916 86 23309 23178 13479 6986 2515 6493 4471 2332 9699 2387 2367 44 1364 1284 968 2323 767
is_linear=0
shrinkage=0.05


Tree=114
num_leaves=31
num_cat=0
split_feature=8 8 6 6 8 6 8 6 6 6 6 0 8 3 6 3 8 8 6 4 4 6 8 0 1 8 6 4 8 4
split_gain=352569 165108 175780 154373 152924 142044 155899 152119 133865 127364 102510 128913 94877.3 154225 92270.4 88094.3 86095.5 77348.8 109627 72202.9 71933 70179.3 61096.2 58699 56245.3 56200.2 54808.9 54708 54597.6 53099.3
threshold=3247.0225000000005 4355.6712500000003 3319.1687500000003 3220.2600000000007 2898.5050000000006 4472.0900000000011 3843.2937500000003 4050.4637500000003 4444.4925000000012 3888.7662500000001 2757.3775000000005 25.181875000000002 2345.2987500000004 1.0000000180025095e-35 2945.2525000000005 1.0000000180025095e-35 4868.6775000000007 3431.6962500000004 3731.0050000000006 17.500000000000004 10.500000000000002 3613.1812500000001 2504.5587500000006 31.025625000000002 3.5000000000000004 4690.4250000000011 3386.4387500000003 20.500000000000004 2682.6250000000005 3.5000000000000004
decision_type=2 2 2 2 2 2 2 2 2 2 2 2 2 2 2 2 2 2 2 2 2 2 2 2 2 2 2 2 2 2
left_child=3 2 24 4 10 6 7 17 25 27 11 28 13 -13 23 26 -10 -4 -19 -7 -17 22 -22 -6 -2 -3 -5 -8 -1 -12
right_child=1 8 5 15 14 19 9 -9 16 -11 29 12 -14 -15 -16 20 -18 18 -20 -21 21 -23 -24 -25 -26 -27 -28 -29 -30 -31
leaf_value=-0.083213983464637431 0.049514549804130302 0.71907424209469406 -0.26998118598918236 -0.58778282982669627 0.29334832369194563 -2.3376746265976518 0.63043461747950336 -0.8795150757321567 0.062838354130935997 0.063126319060362174 -0.8453600846810474 -4.3859761476516725 -0.51153346581542947 0.78177312770011753 -0.080576003492047396 -0.60954240950639238 0.90573523165798342 0.12765681068674475 -0.22595056231510513 -0.60847912053833031 -2.0237002951483571 -0.6057257496131726 0.22838566879093014 -1.4352812745571137 0.42798535821745748 1.880564146810783 -1.3100798006194669 0.077440616781604577 0.50091498675707435 -0.37469219867953851
leaf_weight=995 1338 1205 3159 1243 2758 81 1792 583 2001 6249 810 42 341 22 6480 911 357 6802 3234 237 31 407 1055 50 3686 114 333 596 669 2303
leaf_count=995 1338 1205 3159 1243 2758 81 1792 583 2001 6249 810 42 341 22 6480 911 357 6802 3234 237 31 407 1055 50 3686 114 333 596 669 2303
internal_value=-0.000592851 0.101245 0.0595375 -0.174098 -0.0982467 0.000386146 0.0152728 -0.0891298 0.416088 0.181819 -0.31586 -0.0430791 -0.843074 -2.60956 0.0231652 -0.44987 0.190453 -0.0542079 0.0137104 -1.04893 -0.259406 -0.045759 0.1641 0.262568 0.32719 0.819461 -0.7404 0.492418 0.151631 -0.49716
internal_weight=49884 31434 27757 18450 14470 22733 22415 13778 3677 8637 5182 2069 405 64 9288 3980 2358 13195 10036 318 2404 1493 1086 2808 5024 1319 1576 2388 1664 3113
internal_count=49884 31434 27757 18450 14470 22733 22415 13778 3677 8637 5182 2069 405 64 9288 3980 2358 13195 10036 318 2404 1493 1086 2808 5024 1319 1576 2388 1664 3113
is_linear=0
shrinkage=0.05


Tree=115
num_leaves=31
num_cat=0
split_feature=4 4 5 4 0 4 4 4 4 3 6 5 4 5 5 4 4 4 3 5 4 4 5 1 1 5 4 4 1 6
split_gain=230138 242858 167892 123832 143541 167729 86604.9 66985.9 106565 62536.7 61110.6 58800.3 54789.5 103261 95667.3 192151 81535.3 54520.5 47061.3 48622.4 44137.8 303717 356051 362317 221563 154814 416939 177573 127169 125443
threshold=12.500000000000002 21.500000000000004 1.0000000180025095e-35 1.0000000180025095e-35 25.794375000000006 3.5000000000000004 22.500000000000004 8.5000000000000018 11.500000000000002 1.0000000180025095e-35 4337.6800000000012 1.0000000180025095e-35 6.5000000000000009 1.0000000180025095e-35 1.0000000180025095e-35 5.5000000000000009 7.5000000000000009 5.5000000000000009 1.0000000180025095e-35 1.0000000180025095e-35 17.500000000000004 18.500000000000004 1.0000000180025095e-35 9.5000000000000018 10.500000000000002 1.0000000180025095e-35 19.500000000000004 20.500000000000004 9.5000000000000018 4254.7025000000012
decision_type=2 2 2 2 2 2 2 2 2 2 2 2 2 2 2 2 2 2 2 2 2 2 2 2 2 2 2 2 2 2
left_child=3 20 6 11 5 -5 -3 17 -9 12 -8 -1 14 16 15 -7 -14 -6 19 -10 -2 22 24 -24 -22 26 28 -27 -23 -29
right_child=1 2 -4 4 7 9 10 8 18 -11 -12 -13 13 -15 -16 -17 -18 -19 -20 -21 21 25 23 -25 -26 27 -28 29 -30 -31
leaf_value=-0.94405755151760773 0.12375451600284093 0.79833934470890511 -0.41834631309661119 -0.16293773746188961 -0.045977549543829717 -0.48547380645451582 -0.41545078928764934 -0.00091991882178452979 -0.074031461089304307 -0.030171676425260908 0.90484191991521845 -0.32063289611536439 1.2024895519874563 -0.29903122139746058 0.53071984774022585 0.9947352010980014 -0.19481987131053005 -0.45902738876149751 -0.036247804385488448 -0.73791003245263342 -0.68250794317969621 2.0382586588932514 1.5101564036828981 -0.46990848778347882 2.7570556987363561 -0.25699972192673692 -0.050720567917378792 0.099655166743188237 -0.036929422374186893 1.0920062837637861
leaf_weight=502 10464 494 3061 5410 1074 711 403 6014 369 2058 112 1534 261 875 2965 317 174 3119 575 1092 470 433 1321 280 52 3142 1028 1035 89 460
leaf_count=502 10464 494 3061 5410 1074 711 403 6014 369 2058 112 1534 261 875 2965 317 174 3119 575 1092 470 433 1321 280 52 3142 1028 1035 89 460
internal_value=-0.000684295 0.116168 -0.233971 -0.0993674 -0.0688463 0.0484266 0.325367 -0.191177 -0.106769 0.20377 -0.128319 -0.474346 0.294558 0.0139685 0.386612 -0.029028 0.643566 -0.353228 -0.419429 -0.570236 0.192075 0.278104 0.794126 1.16386 -0.339869 0.101036 0.533638 -0.0435685 1.68444 0.404994
internal_weight=49894 22844 4070 27050 25014 12771 1009 12243 8050 7361 515 2036 5303 1310 3993 1028 435 4193 2036 1461 18774 8310 2123 1601 522 6187 1550 4637 522 1495
internal_count=49894 22844 4070 27050 25014 12771 1009 12243 8050 7361 515 2036 5303 1310 3993 1028 435 4193 2036 1461 18774 8310 2123 1601 522 6187 1550 4637 522 1495
is_linear=0
shrinkage=0.05


Tree=116
num_leaves=31
num_cat=0
split_feature=8 6 8 6 6 8 6 6 6 8 4 6 8 6 0 4 6 6 8 0 4 4 4 4 1 6 8 8 0 8
split_gain=324343 142107 141921 165887 138657 139204 150974 140286 138435 124806 99862.7 91263.3 127648 86155.6 111706 85943.6 84880.6 78830.1 76420.3 70800.7 65362 83185 64484.2 61267.1 57953.1 57372.1 55940.2 55292.2 89388.5 54952.3
threshold=3153.4450000000002 3021.6687500000003 4405.0625000000009 3166.7437500000005 4444.4925000000012 3806.5837500000002 4050.4637500000003 3888.7662500000001 4422.2587500000009 2817.5200000000004 17.500000000000004 3613.1812500000001 3527.7450000000003 2682.6250000000005 25.053125000000005 3.5000000000000004 3319.1687500000003 3613.1812500000001 4019.1987500000005 29.103125000000006 7.5000000000000009 3.5000000000000004 19.500000000000004 19.500000000000004 3.5000000000000004 3393.0300000000002 4928.8850000000011 2345.2987500000004 26.063125000000003 3322.0087500000004
decision_type=2 2 2 2 2 2 2 2 2 2 2 2 2 2 2 2 2 2 2 2 2 2 2 2 2 2 2 2 2 2
left_child=1 9 3 24 5 6 11 -7 -4 13 -6 12 25 14 -1 16 -3 23 -9 -13 21 -11 -12 -17 -2 29 -10 28 -16 -5
right_child=2 15 8 4 10 7 -8 18 26 20 22 19 -14 -15 27 17 -18 -19 -20 -21 -22 -23 -24 -25 -26 -27 -28 -29 -30 -31
leaf_value=0.22491683116420266 -0.037692849595472221 -0.68920707249186952 0.96630119361194677 -0.088251012429318543 -2.0024961472019669 0.43955936871431911 -0.92844561889813448 -0.19223000701182522 0.12971362562692648 0.022921853192999275 0.17524453450555671 -0.31615509919891149 0.33224187736202532 -0.54581032243140559 -3.6988056578134234 -0.2234164378967067 -2.7292004898742395 -1.0595255838191642 0.16048669145815173 0.07743414384876135 -0.099869045745038187 0.59010504182482859 -1.096389699108451 -1.309822414905057 0.45171965600139191 -0.21608337396445326 1.0305165410279595 -0.53854950032277749 0.43088965713977817 0.23288880149094884
leaf_weight=1066 750 915 811 3143 129 3288 488 2305 2070 1465 219 3972 2874 1665 38 5348 54 318 4601 1604 2126 1157 183 133 3126 3307 188 219 20 2312
leaf_count=1066 750 915 811 3143 129 3288 488 2305 2070 1465 219 3972 2874 1665 38 5348 54 318 4601 1604 2126 1157 183 133 3126 3307 188 219 20 2312
internal_value=-0.00065008 -0.19959 0.0810408 0.0501687 0.00832696 0.0235634 -0.0612036 0.170746 0.405968 -0.0534917 -0.792058 -0.0366153 0.0430854 -0.305483 -0.00753375 -0.367017 -0.802891 -0.294183 0.0427612 -0.202935 0.106152 0.273201 -0.403634 -0.249779 0.357019 -0.0517601 0.204714 -0.902091 -2.27477 0.0478581
internal_weight=49894 14524 35370 32301 28425 27894 17700 10194 3069 7756 531 17212 11636 3008 1343 6768 969 5799 6906 5576 4748 2622 402 5481 3876 8762 2258 277 58 5455
internal_count=49894 14524 35370 32301 28425 27894 17700 10194 3069 7756 531 17212 11636 3008 1343 6768 969 5799 6906 5576 4748 2622 402 5481 3876 8762 2258 277 58 5455
is_linear=0
shrinkage=0.05


Tree=117
num_leaves=31
num_cat=0
split_feature=8 8 4 1 5 4 4 4 1 4 4 4 8 0 4 4 0 4 4 4 4 4 5 4 1 4 5 4 5 8
split_gain=294276 125661 127666 122481 115420 82511.4 74873.5 85604.1 99623.4 76373.7 74015.2 75266.6 69873.7 78519.6 77251.5 87275.5 74182.3 95489.3 67175.9 169522 136994 126837 65830.8 80588.5 109290 79916.6 61071.2 78452.3 60169.8 133507
threshold=3172.8575000000005 4405.0625000000009 21.500000000000004 5.5000000000000009 1.0000000180025095e-35 19.500000000000004 8.5000000000000018 18.500000000000004 6.5000000000000009 16.500000000000004 6.5000000000000009 1.0000000180025095e-35 3481.7637500000005 30.250625000000003 15.500000000000002 13.500000000000002 26.010625000000008 4.5000000000000009 2.5000000000000004 5.5000000000000009 4.5000000000000009 12.500000000000002 1.0000000180025095e-35 19.500000000000004 9.5000000000000018 19.500000000000004 1.0000000180025095e-35 22.500000000000004 1.0000000180025095e-35 4041.9750000000004
decision_type=2 2 2 2 2 2 2 2 2 2 2 2 2 2 2 2 2 2 2 2 2 2 2 2 2 2 2 2 2 2
left_child=4 2 3 12 -1 18 10 9 -9 -8 11 -5 16 -14 15 -15 17 -2 -6 20 -20 -21 23 24 -10 -24 27 -4 29 -11
right_child=1 -3 26 6 5 -7 7 8 22 28 -12 -13 13 14 -16 -17 -18 -19 19 21 -22 -23 25 -25 -26 -27 -28 -29 -30 -31
leaf_value=-0.42025141891512252 -0.28107824951875954 0.38566922518457614 0.61688191467439957 -0.28688919091385284 -0.35052104887115021 -1.0190412567858875 0.2536033293386119 0.67124990545750207 1.9397578822664259 -0.11346465280694809 -0.38211625651025338 0.3580877667437537 -0.035701510829510383 0.16100918550038021 -0.28809250324340424 0.72674953639246009 -0.34856954577192734 0.48929609655918371 0.055985268841372553 -0.317902207791742 0.79482647861079236 0.16847288188570286 -0.64988040995459928 -0.017644342149579977 -0.35676191071979702 0.013589568317441156 -0.39639571104481108 -0.39199321126088621 0.7752340561255302 2.7420290086666745
leaf_weight=3840 852 3069 392 668 1954 241 4282 555 147 453 956 1401 7897 2151 579 998 2611 762 1996 4473 915 1914 678 468 80 1373 2193 379 1572 45
leaf_count=3840 852 3069 392 668 1954 241 4282 555 147 453 956 1401 7897 2151 579 998 2611 762 1996 4473 915 1914 678 468 80 1373 2193 379 1572 45
internal_value=-0.000617576 0.0802629 0.0505 0.0829498 -0.182924 -0.103629 0.19879 0.26681 0.0602633 0.374148 -0.0182691 0.14985 -0.00970749 0.0535816 0.24271 0.340307 -0.183846 0.0826301 -0.0840228 -0.0280175 0.288222 -0.17215 -0.0632245 0.357332 1.13041 -0.205734 -0.261823 0.12095 0.623507 0.144562
internal_weight=49894 34561 31492 28528 15333 11493 12678 9653 3301 6352 3025 2069 15850 11625 3728 3149 4225 1614 11252 9298 2911 6387 2746 695 227 2051 2964 771 2070 498
internal_count=49894 34561 31492 28528 15333 11493 12678 9653 3301 6352 3025 2069 15850 11625 3728 3149 4225 1614 11252 9298 2911 6387 2746 695 227 2051 2964 771 2070 498
is_linear=0
shrinkage=0.05


Tree=118
num_leaves=31
num_cat=0
split_feature=8 7 8 7 7 7 3 5 8 4 8 7 8 8 7 7 4 4 8 7 4 8 3 8 4 8 7 4 7 5
split_gain=266210 170110 176457 151844 147229 141991 121959 101166 100701 102607 82179.6 81336.7 78984.3 69846.8 68393.6 66995 114438 67251.8 69020.5 66293.5 60454.1 78418.1 60563.2 56900.4 52907.1 49630.1 48983.4 47443.3 45908.6 45870.9
threshold=3134.3575000000005 3162.0112500000005 3806.5837500000002 3804.0075000000002 3723.3675000000007 3493.0175000000004 1.0000000180025095e-35 1.0000000180025095e-35 4498.9400000000014 22.500000000000004 3276.0187500000006 4038.1475000000005 4118.4950000000008 3541.7575000000006 4214.0075000000006 2937.5300000000002 3.5000000000000004 6.5000000000000009 2851.5150000000008 3587.0875000000005 3.5000000000000004 2345.2987500000004 1.0000000180025095e-35 4281.2512500000012 12.500000000000002 2665.5050000000006 3525.6937500000008 8.5000000000000018 2841.1350000000007 1.0000000180025095e-35
decision_type=2 2 2 2 2 2 2 2 2 2 2 2 2 2 2 2 2 2 2 2 2 2 2 2 2 2 2 2 2 2
left_child=5 6 3 13 23 7 27 -1 9 11 -8 12 -6 26 -5 16 -9 20 -19 -15 -17 -22 -23 -4 -20 -18 -3 -2 -29 -10
right_child=1 2 4 14 8 -7 10 15 29 -11 -12 -13 -14 19 -16 17 25 18 24 -21 21 22 -24 -25 -26 -27 -28 28 -30 -31
leaf_value=-0.39531873636691467 0.021722976086432293 -0.033526774686824752 0.51632554857391655 -0.31064887595828233 0.1032945947831361 -0.98732816878015572 0.41672540366371269 -0.29356569944546013 0.79322510595784956 -0.81352288722777844 1.2257180779612555 -0.066728594030320859 0.6178858417527161 0.30528622500260089 -1.0113492062735354 -0.24572163901691271 -0.059894590764361266 -0.87870088183954354 -0.38988946341522723 -0.042875786582569866 -2.5239488334655764 0.53680287923603354 -0.21882192921477028 1.7920393625467907 0.085453053460485776 0.39746501935440509 -0.30808964197608812 1.1575349312715149 0.30137972059365448 0.27107187379184472
leaf_weight=3302 1790 7547 1751 2378 2976 534 716 1403 559 348 559 5327 995 2734 408 1205 850 500 1847 2735 25 862 383 92 857 1963 2070 178 1301 1699
leaf_count=3302 1790 7547 1751 2378 2976 534 716 1403 559 348 559 5327 995 2734 408 1205 850 500 1847 2735 25 862 383 92 857 1963 2070 178 1301 1699
internal_value=-0.000586697 0.07058 0.02947 -0.0741237 0.164149 -0.188017 0.35664 -0.155673 0.0997644 0.0294041 0.771413 0.0609527 0.232234 -0.0114931 -0.413264 -0.0757029 0.0752943 -0.187801 -0.339027 0.131173 0.00796848 0.248674 0.30435 0.580007 -0.239235 0.259265 -0.0926247 0.194867 0.404419 0.400338
internal_weight=49894 36163 31619 17872 13747 13731 4544 13197 11904 9646 1275 9298 3971 15086 2786 9895 4216 5679 3204 5469 2475 1270 1245 1843 2704 2813 9617 3269 1479 2258
internal_count=49894 36163 31619 17872 13747 13731 4544 13197 11904 9646 1275 9298 3971 15086 2786 9895 4216 5679 3204 5469 2475 1270 1245 1843 2704 2813 9617 3269 1479 2258
is_linear=0
shrinkage=0.05


Tree=119
num_leaves=31
num_cat=0
split_feature=8 6 6 8 6 6 8 8 4 6 8 4 3 8 4 3 6 8 4 6 8 6 5 8 6 8 8 4 6 6
split_gain=241997 131897 122324 155179 185058 124886 103126 94678.7 90366.1 85133.6 81048.9 117294 71796.8 70825 69614.6 78213.3 67823.7 64539.8 61924.1 69947.9 59746.5 77138.5 59529.4 58877 91593.8 75034.7 69154.1 53098.6 52625.3 51173.3
threshold=3172.8575000000005 2945.2525000000005 3190.9950000000003 3950.1175000000007 4104.505000000001 4050.4637500000003 2806.0137500000005 4178.8175000000001 1.5000000000000002 3613.1812500000001 2907.0200000000004 9.5000000000000018 1.0000000180025095e-35 4584.4562500000011 20.500000000000004 1.0000000180025095e-35 4659.5625000000009 3500.6900000000001 13.500000000000002 3896.4800000000005 3407.8400000000006 3399.0075000000002 1.0000000180025095e-35 4928.8850000000011 4693.3900000000012 4657.6675000000005 4584.4562500000011 1.0000000180025095e-35 3594.2637500000005 3200.2550000000006
decision_type=2 2 2 2 2 2 2 2 2 2 2 2 2 2 2 2 2 2 2 2 2 2 2 2 2 2 2 2 2 2
left_child=1 6 -2 4 8 13 -1 16 22 10 11 -3 -13 28 18 -16 -7 -6 19 20 21 -10 -4 24 25 -9 -26 -12 -5 -29
right_child=2 9 3 5 17 7 -8 23 14 -11 27 12 -14 -15 15 -17 -18 -19 -20 -21 -22 -23 -24 -25 26 -27 -28 29 -30 -31
leaf_value=-0.22429681886737141 0.33464982226668988 -0.93272010652878368 -0.93816747848211302 1.0965244056820347 -2.8637521937086774 -0.18055768175575335 0.19385304659895228 0.1866433882838662 -0.0073846180302180198 -1.0524271860568428 -0.90196325367435493 -1.0058479639775584 -0.055247161637114198 3.0730224691904509 -0.41896855863829674 0.17162381275434146 -3.0375447324344091 -0.71943893034969841 0.18524898505834037 -0.64601140166272952 0.11316593683505571 -0.51274351837385779 -0.20098902338968738 1.0503977662202011 -1.0812738579243282 0.84738542724010868 -0.053086902752026738 -0.049044990230771676 0.38070180107187374 -0.36686897526590534
leaf_weight=2564 3950 956 377 285 37 1924 3470 3828 2807 347 235 239 1176 26 1710 834 21 680 5860 427 5554 1033 1001 194 211 484 727 4598 2591 1748
leaf_count=2564 3950 956 377 285 37 1924 3470 3828 2807 347 235 239 1176 26 1710 834 21 680 5860 427 5554 1033 1001 194 211 484 727 4598 2591 1748
internal_value=-0.000557362 -0.165879 0.0727877 0.0389974 -0.0411179 0.197188 0.0161705 0.0880306 -0.0122603 -0.284009 -0.254223 -0.504871 -0.215808 0.475123 0.0172588 -0.225355 -0.211404 -0.830094 0.056619 -0.020132 0.00831711 -0.143331 -0.40267 0.195011 0.163402 0.260808 -0.284374 -0.16392 0.451637 -0.136589
internal_weight=49894 15333 34561 30611 20320 10291 6034 7389 19603 9299 8952 2371 1415 2902 18225 2544 1945 717 15681 9821 9394 3840 1378 5444 5250 4312 938 6581 2876 6346
internal_count=49894 15333 34561 30611 20320 10291 6034 7389 19603 9299 8952 2371 1415 2902 18225 2544 1945 717 15681 9821 9394 3840 1378 5444 5250 4312 938 6581 2876 6346
is_linear=0
shrinkage=0.05


Tree=120
num_leaves=31
num_cat=0
split_feature=4 4 4 0 7 4 0 4 4 4 4 7 1 1 1 0 4 3 6 0 3 6 0 7 1 6 0 7 7 4
split_gain=162313 122428 115137 179831 113966 85898.2 79302.9 68024.6 80416 57552.2 290340 112349 88356.5 86190 100064 103356 68788.5 64561.1 51454.4 67485 48760.1 48444.3 55429.6 55063.4 51324.6 64836.9 46871 54669.6 43762.4 41255.2
threshold=2.5000000000000004 22.500000000000004 13.500000000000002 25.630625000000006 3320.7425000000007 8.5000000000000018 32.013125000000009 4.5000000000000009 6.5000000000000009 17.500000000000004 18.500000000000004 4200.6162500000009 10.500000000000002 9.5000000000000018 2.5000000000000004 25.654375000000005 15.500000000000002 1.0000000180025095e-35 4498.7337500000003 26.340625000000006 1.0000000180025095e-35 3811.5725000000007 27.605625000000007 2770.4737500000006 5.5000000000000009 3411.5025000000005 24.081875000000007 4405.880000000001 4476.7975000000015 10.500000000000002
decision_type=2 2 2 2 2 2 2 2 2 2 2 2 2 2 2 2 2 2 2 2 2 2 2 2 2 2 2 2 2 2
left_child=26 2 3 7 21 -5 9 -2 20 11 12 17 -11 14 -12 -16 -13 -6 19 -17 -9 22 24 -24 25 -4 -1 -28 -18 -7
right_child=1 -3 4 5 6 29 -8 8 -10 10 13 16 -14 -15 15 18 28 -19 -20 -21 -22 -23 23 -25 -26 -27 27 -29 -30 -31
leaf_value=-0.47565159881837799 -0.0033290884864751904 -0.34549767885434562 -3.1725567041337492 -0.32767633435723509 0.13995868889897639 0.071831205648336033 0.68054118518843765 0.53271941363992426 -0.019688759320776336 0.8035013867150318 -0.27905310911266912 0.11654930973018054 -0.33395945956073114 -0.34049488351394031 -0.049467243080629997 0.32374617975399755 -0.69253773284829756 -0.31410580565374485 0.17382150951709446 1.019427945379294 0.11754512573756166 1.2371838180560861 1.5407175404722653 0.51789504689101384 0.24231745704337546 0.6469078016281129 -0.11868567748262995 -0.87392788498769169 -1.9261822224560992 -0.13446106948928035
leaf_weight=1542 3791 2015 25 3999 3699 3965 561 2445 1565 1766 1432 256 189 1415 2343 852 537 993 1291 590 995 184 155 871 1311 20 4529 253 83 6234
leaf_count=1542 3791 2015 25 3999 3699 3965 561 2445 1565 1766 1432 256 189 1415 2343 852 537 993 1291 590 995 184 155 871 1311 20 4529 253 83 6234
internal_value=0.000775763 0.0351246 0.0535756 -0.0212131 0.146167 -0.131272 0.0965772 0.156437 0.277451 0.0753676 0.147829 -0.0531841 0.693537 0.0131758 0.0900725 0.194207 -0.572979 0.0438619 0.403109 0.608387 0.412633 0.455511 0.39513 0.672415 0.185326 -1.47502 -0.23594 -0.158643 -0.857687 -0.0542621
internal_weight=49906 43582 41567 22994 18573 14198 16007 8796 5005 15446 9878 5568 1955 7923 6508 5076 876 4692 2733 1442 3440 2566 2382 1026 1356 45 6324 4782 620 10199
internal_count=49906 43582 41567 22994 18573 14198 16007 8796 5005 15446 9878 5568 1955 7923 6508 5076 876 4692 2733 1442 3440 2566 2382 1026 1356 45 6324 4782 620 10199
is_linear=0
shrinkage=0.05


Tree=121
num_leaves=31
num_cat=0
split_feature=4 4 4 0 7 5 4 0 4 4 5 4 5 4 4 4 4 4 3 5 5 4 4 4 4 7 4 4 6 4
split_gain=146487 110492 103911 162298 102854 85454.3 77523.1 71725.9 61392.2 72575.4 109833 67745.2 57141.6 115936 108384 145286 84003.3 71519.8 59277.8 53050.7 51289.4 155723 506273 139983 303133 115968 104085 90363.9 90176.3 85062.7
threshold=2.5000000000000004 22.500000000000004 13.500000000000002 25.630625000000006 3320.7425000000007 1.0000000180025095e-35 8.5000000000000018 32.130625000000009 4.5000000000000009 6.5000000000000009 1.0000000180025095e-35 7.5000000000000009 1.0000000180025095e-35 12.500000000000002 12.500000000000002 9.5000000000000018 9.5000000000000018 11.500000000000002 1.0000000180025095e-35 1.0000000180025095e-35 1.0000000180025095e-35 18.500000000000004 17.500000000000004 18.500000000000004 19.500000000000004 4214.0075000000006 19.500000000000004 16.500000000000004 3459.7987500000004 21.500000000000004
decision_type=2 2 2 2 2 2 2 2 2 2 2 2 2 2 2 2 2 2 2 2 2 2 2 2 2 2 2 2 2 2
left_child=5 2 3 8 -4 -1 -5 20 19 -10 11 -11 13 16 15 -14 -8 -17 -19 -2 23 22 25 27 -25 -22 -23 -6 -24 -28
right_child=1 -3 4 6 7 -7 12 -9 9 10 -12 -13 14 -15 -16 17 -18 18 -20 -21 21 26 28 24 -26 -27 29 -29 -30 -31
leaf_value=-0.54302878348273742 -0.32707153176161841 -0.32822279476724586 0.4327357571525699 -0.31129251678478209 0.27135218477291995 -0.11820629100360497 -0.6628427123551055 0.68239841272485968 0.39200103186303753 0.96953383838278906 -0.3279075278845402 -0.18038999990809082 0.35619368664689255 -0.93158891026684487 0.3886515388677183 -0.07592380699413942 0.090682280896320008 -0.68901825623789059 -0.007720234735613743 0.10484497592352218 0.039382911465193668 -0.51003101507530146 2.3637830293930331 1.5527343011174501 0.15407116735815987 -0.67972252597065808 0.11671978980829796 -0.45378699250843219 0.88331098901227478 -0.35873848320747209
leaf_weight=1577 948 2015 2566 3999 845 4747 485 498 3440 350 1013 202 1461 509 1560 3072 1558 1105 449 2843 3693 1560 111 523 1494 661 2969 874 1402 1377
leaf_count=1577 948 2015 2566 3999 845 4747 485 498 3440 350 1013 202 1461 509 1560 3072 1558 1105 449 2843 3693 1560 111 523 1494 661 2969 874 1402 1377
internal_value=0.000736975 0.0333684 0.0508969 -0.0201525 0.138858 -0.224143 -0.124708 0.0917483 0.148615 0.263579 -0.0187043 0.548728 -0.051549 -0.256416 0.0168204 -0.0784739 -0.0882015 -0.215752 -0.49217 -0.00316263 0.0727823 0.0215609 0.20401 0.234193 0.516739 -0.0697877 -0.159683 -0.0973341 0.991925 -0.0339259
internal_weight=49906 43582 41567 22994 18573 6324 14198 16007 8796 5005 1565 552 10199 2552 7647 6087 2043 4626 1554 3791 15509 11773 5867 3736 2017 4354 5906 1719 1513 4346
internal_count=49906 43582 41567 22994 18573 6324 14198 16007 8796 5005 1565 552 10199 2552 7647 6087 2043 4626 1554 3791 15509 11773 5867 3736 2017 4354 5906 1719 1513 4346
is_linear=0
shrinkage=0.05


Tree=122
num_leaves=31
num_cat=0
split_feature=8 6 8 7 6 6 7 8 8 6 6 8 4 8 6 7 0 8 7 7 4 0 6 7 8 7 8 8 7 4
split_gain=230035 135845 145501 214134 206659 112970 135004 133142 108014 108473 98279 101052 97183.5 94265.8 120325 85203.7 84204.5 114724 97139.5 92363.4 90176.8 80834.3 79478.3 79420.1 93288.8 76599.4 68337.1 66788.8 66606.9 65045.4
threshold=3027.5687500000008 2945.2525000000005 3637.5250000000005 3587.0875000000005 3586.7187500000005 2922.1737500000004 2929.5550000000007 2698.0050000000006 4727.9650000000011 4693.3900000000012 3586.7187500000005 4019.1987500000005 9.5000000000000018 4153.2687500000011 3834.5475000000001 4048.6962500000004 25.181875000000002 2345.2987500000004 2538.4737500000006 3196.1950000000006 4.5000000000000009 28.565625000000008 3220.2600000000007 3166.8725000000004 3322.0087500000004 3315.0300000000002 2648.6612500000006 4338.3125000000009 4027.2600000000007 11.500000000000002
decision_type=2 2 2 2 2 2 2 2 2 2 2 2 2 2 2 2 2 2 2 2 2 2 2 2 2 2 2 2 2 2
left_child=5 21 4 10 23 16 12 -8 9 13 11 -4 -7 14 -5 -15 20 18 -18 -20 -1 -2 -9 -3 -25 29 -14 -11 -24 -6
right_child=1 2 3 8 25 6 7 22 -10 27 -12 -13 26 15 -16 -17 17 -19 19 -21 -22 -23 28 24 -26 -27 -28 -29 -30 -31
leaf_value=-0.062126627933732761 0.66163554371987532 0.159720001780847 0.99575055043549598 0.16662435657331515 -0.66132312151076633 -0.45905742464647237 -1.9025429218770968 -0.36967214812280652 0.57667810507214423 -2.3888114024240239 0.3840479749776684 4.6090727454423908 -0.24293189893051248 0.63748114027559855 -0.18905031622860394 0.12873234688704688 0.19086505259786335 -0.26633735893814275 -5.2877932981650035 -1.1262868364651999 0.5317441395532726 -0.035753706372343007 -0.91575954510156832 -0.23447067494740073 0.062131186001427675 -0.55679763559580775 0.52949298239410614 -0.49507977984259643 -3.5027654180159935 0.38423922909014335
leaf_weight=2587 1405 5690 595 4219 221 991 189 1924 973 52 1858 20 486 1033 5449 4048 28 1207 30 24 849 590 578 4823 5887 2527 697 445 26 455
leaf_count=2587 1405 5690 595 4219 221 991 189 1924 973 52 1858 20 486 1033 5449 4048 28 1207 30 24 849 590 578 4823 5887 2527 697 445 26 455
internal_value=0.000700126 0.0531434 0.0321881 0.131996 -0.0629817 -0.219031 -0.387476 -0.622455 0.065914 0.033317 0.565392 1.11326 -0.093806 0.0577991 -0.0338381 0.232164 -0.0446689 -0.389286 -2.19903 -3.43823 0.0846127 0.45539 -0.526752 0.00876348 -0.0714366 -0.430331 0.212165 -0.693217 -1.02712 0.0424208
internal_weight=49906 40290 38295 18692 19603 9616 4891 2717 16219 15246 2473 615 2174 14749 9668 5081 4725 1289 82 54 3436 1995 2528 16400 10710 3203 1183 497 604 676
internal_count=49906 40290 38295 18692 19603 9616 4891 2717 16219 15246 2473 615 2174 14749 9668 5081 4725 1289 82 54 3436 1995 2528 16400 10710 3203 1183 497 604 676
is_linear=0
shrinkage=0.05


Tree=123
num_leaves=31
num_cat=0
split_feature=8 7 7 6 8 6 7 8 7 6 8 6 8 7 8 0 7 8 6 4 7 4 4 1 0 6 8 4 7 6
split_gain=212999 151727 135847 142926 129508 193069 97240.7 84343 161024 138346 81457.9 91628.9 109592 82235.4 81387.9 79545.3 83572.9 76577.3 82042.9 70815.5 70659.5 63881.8 63133.2 64748.8 62308.2 61533.8 56964.9 56899.6 56285.1 61356.2
threshold=3172.8575000000005 3166.8725000000004 3191.5550000000007 3249.7075000000004 4153.2687500000011 4190.0325000000003 4048.6962500000004 3643.5450000000005 3723.3675000000007 3417.7750000000005 2345.2987500000004 2698.0050000000006 2829.2150000000006 2504.9887500000004 3377.3362500000007 25.181875000000002 2929.5550000000007 4727.9650000000011 4116.0350000000008 3.5000000000000004 3797.0300000000002 17.500000000000004 1.5000000000000002 2.5000000000000004 29.863125000000007 4585.2562500000013 3327.0037500000003 20.500000000000004 2714.7212500000005 3073.7600000000007
decision_type=2 2 2 2 2 2 2 2 2 2 2 2 2 2 2 2 2 2 2 2 2 2 2 2 2 2 2 2 2 2
left_child=2 14 10 -4 5 7 24 9 -9 26 13 -12 19 -1 -2 -15 -17 18 -8 -13 -5 -7 -11 -24 -6 -19 -3 -10 -16 -30
right_child=1 4 3 20 6 21 17 8 27 22 11 12 -14 15 28 16 -18 25 -20 -21 -22 -23 23 -25 -26 -27 -28 -29 29 -31
leaf_value=0.75478852697108922 0.22825504561273069 -0.070346611635769593 -0.25745759637037818 -0.85508659959883804 0.48396831666994955 -1.1263379831796301 0.53486245421173517 0.36304305348890936 0.033751002039328397 -0.96358339076962418 0.25911324610722691 -0.92610566678537642 -0.017719691332737864 -0.71299679622811796 2.0794756631593447 -1.6503359198570253 -5.8229871363866899 1.4520837815566128 -0.041378260715442622 -0.26849942204386579 -2.3747339240643521 -0.35205552011927349 0.099064336031117722 -0.30538738379053698 1.4872948524404745 0.36819620671267744 0.22863748046634119 -0.33642378436189069 1.8661028812649432 0.51300036925117121
leaf_weight=38 2782 3104 2816 692 1002 449 739 4014 5333 296 1912 508 7113 59 74 28 21 157 3763 2109 86 655 1276 4408 183 789 3273 1289 93 845
leaf_count=38 2782 3104 2816 692 1002 449 739 4014 5333 296 1912 508 7113 59 74 28 21 157 3763 2109 86 655 1276 4408 183 789 3273 1289 93 845
internal_value=0.00066512 0.0696142 -0.154087 -0.423191 0.0327836 -0.0210695 0.228426 0.00994264 0.113163 -0.0789016 -0.072041 -0.057322 -0.119503 -1.24573 0.367928 -1.94962 -3.43862 0.139141 0.0532112 -0.396151 -1.02307 -0.666958 -0.251666 -0.214592 0.638912 0.54808 0.0831072 -0.0383051 0.751891 0.647157
internal_weight=49906 34524 15382 3594 30730 24097 6633 22993 10636 12357 11788 11642 9730 146 3794 108 49 5448 4502 2617 778 1104 5980 5684 1185 946 6377 6622 1012 938
internal_count=49906 34524 15382 3594 30730 24097 6633 22993 10636 12357 11788 11642 9730 146 3794 108 49 5448 4502 2617 778 1104 5980 5684 1185 946 6377 6622 1012 938
is_linear=0
shrinkage=0.05


Tree=124
num_leaves=31
num_cat=0
split_feature=8 7 7 6 8 6 3 7 8 6 7 8 6 8 8 6 6 8 6 8 6 8 3 6 7 6 6 8 6 7
split_gain=194166 188870 143736 134980 124774 188910 109639 94952.3 93611.7 89030.3 79468.4 73772.5 106997 73135.1 68868.4 92080 65681.6 63380.7 68653.8 60057 63538.4 60007.1 58605 74012.6 71231.7 57086.6 53650.9 78084.3 49860.5 48251.2
threshold=3280.3837500000004 3309.3050000000007 3191.5550000000007 3329.9125000000008 3883.0225000000005 3834.5475000000001 1.0000000180025095e-35 3730.5412500000007 2648.6612500000006 2713.5450000000005 3776.1800000000007 4727.9650000000011 4693.3900000000012 3622.5675000000006 3602.2850000000003 3357.4550000000004 3073.7600000000007 2930.2325000000005 3058.5050000000006 2817.5200000000004 2966.2325000000005 4472.2675000000008 1.0000000180025095e-35 3245.2362500000004 2851.5450000000005 4659.5625000000009 3888.7662500000001 4084.1937500000004 3613.1812500000001 2806.2550000000006
decision_type=2 2 2 2 2 2 2 2 2 2 2 2 2 2 2 2 2 2 2 2 2 2 2 2 2 2 2 2 2 2
left_child=2 6 8 19 5 14 16 -6 -1 -10 -5 12 26 -8 15 -3 -2 29 -19 20 -4 -14 23 -20 28 -13 -9 -28 -24 -11
right_child=1 4 3 10 7 -7 13 11 9 17 -12 25 21 -15 -16 -17 -18 18 22 -21 -22 -23 24 -25 -26 -27 27 -29 -30 -31
leaf_value=-0.37311679178297558 0.8681289987352433 0.18168118493849975 -0.43580034112243954 -0.65820620306215438 0.59594850236808727 -0.45840991681766358 0.65004996585518848 0.37249422382974234 0.39542032034642011 0.026655228113566493 -1.935984669496184 1.1681848915266095 -1.6368845103150709 1.8287037461403981 0.14991508310889898 -0.22554880253973214 0.14675659597716592 0.23106744933876477 -0.093678616663966319 -0.14982571463282165 -1.8354471263690639 -0.34447622743653178 0.95649215718110403 -0.75114183114421884 -0.015408074278825025 0.29395528449670477 -0.20677526100250684 0.14821724325829061 -1.0282483344205788 -0.36955365879277902
leaf_weight=1767 358 2046 368 1029 1087 2560 1025 1530 1374 1251 138 252 118 151 5260 4317 2661 3040 2110 4268 104 376 330 537 1448 721 2157 5496 35 1992
leaf_count=1767 358 2046 368 1029 1087 2560 1025 1530 1374 1251 138 252 118 151 5260 4317 2661 3040 2110 4268 104 376 330 537 1448 721 2157 5496 35 1992
internal_value=0.000631864 0.0805825 -0.121025 -0.327607 0.0302083 -0.0695869 0.391834 0.150801 -0.033134 0.0164451 -0.809306 0.105366 0.0636384 0.801391 0.0160526 -0.0946054 0.232299 -0.0320248 0.047835 -0.209012 -0.744197 -0.653189 -0.0770588 -0.227059 0.141943 0.520374 0.1022 0.0481625 0.766175 -0.216715
internal_weight=49906 30115 19791 5907 25920 14183 4195 11737 13884 12117 1167 10650 9677 1176 11623 6363 3019 10743 7500 4740 472 494 4460 2647 1813 973 9183 7653 365 3243
internal_count=49906 30115 19791 5907 25920 14183 4195 11737 13884 12117 1167 10650 9677 1176 11623 6363 3019 10743 7500 4740 472 494 4460 2647 1813 973 9183 7653 365 3243
is_linear=0
shrinkage=0.05


Tree=125
num_leaves=31
num_cat=0
split_feature=4 4 4 0 5 7 4 4 4 5 5 4 4 4 4 7 4 0 1 4 6 0 5 6 0 1 4 4 5 4
split_gain=156006 127770 129026 133517 86440.4 86382.8 79224.9 77534.5 76979.1 86200.9 63431.3 116499 109303 148116 69511.5 67460.5 71724.3 61594.9 64332 53112.5 44418.6 43974.7 42273.9 41827.1 43406.4 40263.8 75700.7 221323 161730 69116.2
threshold=1.5000000000000002 22.500000000000004 13.500000000000002 25.794375000000006 1.0000000180025095e-35 2851.5450000000005 8.5000000000000018 4.5000000000000009 6.5000000000000009 1.0000000180025095e-35 1.0000000180025095e-35 12.500000000000002 12.500000000000002 9.5000000000000018 9.5000000000000018 2841.1350000000007 11.500000000000002 32.013125000000009 4.5000000000000009 7.5000000000000009 4528.1125000000002 27.079375000000002 1.0000000180025095e-35 3613.1812500000001 27.779375000000005 10.500000000000002 17.500000000000004 16.500000000000004 1.0000000180025095e-35 17.500000000000004
decision_type=2 2 2 2 2 2 2 2 2 2 2 2 2 2 2 2 2 2 2 2 2 2 2 2 2 2 2 2 2 2
left_child=4 2 3 7 -1 23 -5 22 -9 19 11 14 13 -12 -8 -15 -17 25 -19 -10 -6 -14 -2 24 -4 29 27 -27 -29 -7
right_child=1 -3 5 6 20 17 10 8 9 -11 12 -13 21 15 -16 16 -18 18 -20 -21 -22 -23 -24 -25 -26 26 -28 28 -30 -31
leaf_value=-0.68561861279222569 -0.26471492461780172 -0.36010725521859316 0.54562415789408858 -0.32491117222283 -0.13098802514777352 0.0096731075637085679 -0.6312357441662666 0.36741917906119403 0.84897507516688064 -0.26778369118326262 0.35679208100535331 -0.94484690944348937 -0.36942957051232189 0.29930784203721722 0.062269867829071658 -0.14323402380048447 -0.5910434712056748 0.43814326083972155 2.0848801607435403 -0.11598889464630356 -1.4050884870971954 0.49111119464266895 0.049646111874581109 -0.54404017153908224 1.5697783511321424 -0.24604345503912525 -0.40924855220766698 -0.81788575734410962 2.4853797186362119 0.22242984022548604
leaf_weight=1049 1426 2033 249 3849 3005 6475 474 3643 358 1237 1467 517 167 550 1520 2712 1334 585 66 237 70 1337 4277 51 177 578 981 49 152 9300
leaf_count=1049 1426 2033 249 3849 3005 6475 474 3643 358 1237 1467 517 167 550 1520 2712 1334 585 66 237 70 1337 4277 51 177 578 981 49 152 9300
internal_value=0.000857756 0.0273796 0.0453781 -0.0286404 -0.293693 0.144946 -0.131943 0.100068 0.234466 -0.0299152 -0.0582447 -0.276002 0.014015 -0.0806316 -0.102586 -0.220253 -0.290881 0.127525 0.605094 0.464611 -0.159992 0.395559 -0.0289579 0.809151 0.971153 0.109794 -0.117037 0.250948 1.68011 0.135102
internal_weight=49925 45801 43768 25105 4124 18663 13927 11178 5475 1832 10078 2511 7567 6063 1994 4596 4046 18186 651 595 3075 1504 5703 477 426 17535 1760 779 201 15775
internal_count=49925 45801 43768 25105 4124 18663 13927 11178 5475 1832 10078 2511 7567 6063 1994 4596 4046 18186 651 595 3075 1504 5703 477 426 17535 1760 779 201 15775
is_linear=0
shrinkage=0.05


Tree=126
num_leaves=31
num_cat=0
split_feature=8 7 7 4 8 4 8 8 7 4 7 8 7 3 8 1 1 7 8 7 8 4 3 8 5 8 7 4 8 7
split_gain=183566 175082 144663 115710 105813 102313 109984 98593 97616 97569.5 94509.6 94776.8 70052.5 69210.5 67788.5 57706.4 57388.3 54645.3 50992.9 59144.8 48046.4 47949.8 44754.7 52078.5 43462.3 69204.7 41620.6 40388.9 38695.8 34878.7
threshold=3354.7250000000004 3309.3050000000007 3260.3462500000001 22.500000000000004 2794.7400000000007 1.0000000180025095e-35 4338.3125000000009 3785.3450000000007 2841.1350000000007 8.5000000000000018 3782.6225000000009 3806.5837500000002 3880.0200000000004 1.0000000180025095e-35 3850.4000000000005 2.5000000000000004 4.5000000000000009 4038.1475000000005 2345.2987500000004 2538.4737500000006 3027.5687500000008 6.5000000000000009 1.0000000180025095e-35 3105.0050000000006 1.0000000180025095e-35 4242.8275000000003 3635.4337500000006 18.500000000000004 3212.2862500000006 4476.7975000000015
decision_type=2 2 2 2 2 2 2 2 2 2 2 2 2 2 2 2 2 2 2 2 2 2 2 2 2 2 2 2 2 2
left_child=2 7 4 5 18 -3 10 13 9 -6 11 -7 16 -2 29 27 21 -16 19 -1 -10 -4 28 -24 25 -5 -17 -8 -11 -12
right_child=1 3 12 24 8 6 15 -9 20 22 14 -13 -14 -15 17 26 -18 -19 -20 -21 -22 -23 23 -25 -26 -27 -28 -29 -30 -31
leaf_value=0.36674366649240259 0.22227729747592809 -0.45149567574584482 -0.059476277298770502 -0.420944082275373 0.1054853911814955 0.075047491193833332 1.9192402507947841 1.4938424852896586 -0.1802338781494357 0.087418795113724884 -0.21881752693718656 0.451482648958629 -1.0919433960771261 0.81827698903970225 0.20427466780630646 2.3134760493040085 -0.18980755993654685 -0.092281630104692189 -0.23250490995439052 -1.8139497408327068 0.043798512328569641 -0.74507773270826738 0.89239722818832734 2.40351582309779 -0.57709293226736058 1.0219037733070795 0.44038656342352023 -0.22645797025317613 1.4086594995696631 -1.153879312881567
leaf_weight=44 1836 897 344 252 1621 7486 23 216 3551 266 3140 2153 281 663 2678 30 4103 3699 3440 106 7340 986 353 68 984 124 2596 472 70 103
leaf_count=44 1836 897 344 252 1621 7486 23 216 3551 266 3140 2153 281 663 2678 30 4103 3699 3440 106 7340 986 353 68 984 124 2596 472 70 103
internal_value=0.000814868 0.0879127 -0.104723 0.0459187 -0.0310328 0.0721106 0.093097 0.468983 0.0341229 0.324351 0.0484765 0.159129 -0.322143 0.3804 -0.0623949 0.36844 -0.282328 0.0322562 -0.271855 -1.17428 -0.029247 -0.567749 0.793018 1.13647 -0.402369 0.0548887 0.461785 -0.126759 0.362677 -0.248516
internal_weight=49925 27352 22573 24637 16859 23277 22380 2715 13269 2378 19259 9639 5714 2499 9620 3121 5433 6377 3590 150 10891 1330 757 421 1360 376 2626 495 336 3243
internal_count=49925 27352 22573 24637 16859 23277 22380 2715 13269 2378 19259 9639 5714 2499 9620 3121 5433 6377 3590 150 10891 1330 757 421 1360 376 2626 495 336 3243
is_linear=0
shrinkage=0.05


Tree=127
num_leaves=31
num_cat=0
split_feature=8 7 7 3 4 4 8 0 8 7 8 8 7 7 4 8 4 4 4 1 7 0 4 1 1 7 8 0 3 8
split_gain=168056 157605 128082 102989 101394 104616 92845.4 92094.2 81178.2 78204.4 128629 83657 71992.7 67552.9 64758.5 63557.1 53838.2 87841.3 67958.9 64623.8 59907.4 53361.1 50770.4 46616 45211.5 43288 42088.2 56560.2 39642.6 40162.7
threshold=3271.0300000000002 3166.8725000000004 3191.5550000000007 1.0000000180025095e-35 22.500000000000004 1.5000000000000002 4498.9400000000014 26.585625000000007 2794.7400000000007 3776.1800000000007 3739.0137500000005 3997.9950000000003 4048.6962500000004 2817.8500000000004 8.5000000000000018 3044.0062500000008 18.500000000000004 17.500000000000004 14.500000000000002 10.500000000000002 4448.9625000000005 32.013125000000009 18.500000000000004 4.5000000000000009 9.5000000000000018 3348.3550000000005 4052.0700000000002 28.863125000000007 1.0000000180025095e-35 3105.0050000000006
decision_type=2 2 2 2 2 2 2 2 2 2 2 2 2 2 2 2 2 2 2 2 2 2 2 2 2 2 2 2 2 2
left_child=2 3 8 -2 5 -3 9 22 -1 10 -7 -11 -13 14 -10 -9 17 18 -14 -19 24 -8 -4 -17 -20 -12 -27 -28 -16 -30
right_child=1 4 7 -5 -6 6 21 15 13 11 25 12 16 -15 28 23 -18 19 20 -21 -22 -23 -24 -25 -26 26 27 -29 29 -31
leaf_value=-0.24083135954532914 0.27394433049775524 -0.28662121939933494 -0.082033456906089319 1.0623509512524956 -0.34747143337811737 0.060379806503880973 0.39671288452128656 -1.070153700306794 0.10793886393139551 -0.17174926549161362 1.2820883786136454 0.3927719391595505 0.74372345481949731 -0.024699171814153993 0.23639332530280899 -0.81211889523903036 -0.18200772320113251 0.88635522293856506 -0.19146359488121475 -0.36738327170069529 -1.5660423553735019 2.0380351578488072 -0.74184640925781276 -0.26001040206104087 2.2142496407032013 0.32125834806113057 0.59761117249469453 2.2099795179580575 0.84168619781223519 2.3518466678320191
leaf_weight=3482 1443 1947 2994 581 1566 9342 1706 479 1388 5340 143 1567 207 8281 252 543 2081 539 831 127 80 51 323 1292 20 2591 289 67 322 51
leaf_count=3482 1443 1947 2994 581 1566 9342 1706 479 1388 5340 143 1567 207 8281 252 543 2081 539 831 127 80 51 323 1292 20 2591 289 67 322 51
internal_value=0.000774124 0.0739282 -0.114263 0.500261 0.0436448 0.0663902 0.0939036 -0.315174 -0.0321393 0.0673904 0.152877 -0.0310871 0.106686 0.0384519 0.29824 -0.557268 -0.00870635 0.191205 -0.0757064 0.647279 -0.2579 0.444355 -0.146284 -0.423386 -0.134925 0.432523 0.391299 0.901063 0.720861 1.04817
internal_weight=49925 30518 19407 2024 28494 26928 24981 5631 13776 23224 12432 10792 5452 10294 2013 2314 3885 1804 1138 666 931 1757 3317 1835 851 3090 2947 356 625 373
internal_count=49925 30518 19407 2024 28494 26928 24981 5631 13776 23224 12432 10792 5452 10294 2013 2314 3885 1804 1138 666 931 1757 3317 1835 851 3090 2947 356 625 373
is_linear=0
shrinkage=0.05


Tree=128
num_leaves=31
num_cat=0
split_feature=8 4 4 5 8 1 8 0 4 0 5 8 4 4 4 1 4 5 4 5 5 8 4 4 4 4 8 4 0 5
split_gain=156151 100021 93800 138740 92734.3 93751.4 95005.7 90344.2 75216.3 82009.9 76912.2 72511.3 72427.6 81533.9 76673.3 120923 90143.4 333865 63963.9 76227.2 63462.9 49362.3 53441.5 56846.8 98118.3 72351.7 46987.4 45495.5 44265.1 43328
threshold=2994.0125000000003 1.0000000180025095e-35 21.500000000000004 1.0000000180025095e-35 4338.3125000000009 5.5000000000000009 3407.8400000000006 26.528125000000006 20.500000000000004 32.013125000000009 1.0000000180025095e-35 3890.9100000000003 15.500000000000002 13.500000000000002 17.500000000000004 2.5000000000000004 18.500000000000004 1.0000000180025095e-35 14.500000000000002 1.0000000180025095e-35 1.0000000180025095e-35 2425.5450000000005 19.500000000000004 2.5000000000000004 5.5000000000000009 4.5000000000000009 4928.8850000000011 12.500000000000002 27.179375000000004 1.0000000180025095e-35
decision_type=2 2 2 2 2 2 2 2 2 2 2 2 2 2 2 2 2 2 2 2 2 2 2 2 2 2 2 2 2 2
left_child=20 -2 4 11 5 6 7 -3 9 -6 -10 -4 13 -8 15 -14 17 -16 -15 -20 -1 -22 23 -23 25 -25 28 -26 -5 -18
right_child=1 2 3 26 8 -7 12 -9 10 -11 -12 -13 14 18 16 -17 29 -19 19 -21 21 22 -24 24 27 -27 -28 -29 -30 -31
leaf_value=-0.43269283645483037 -0.32594205531075587 0.017092882430766669 -0.11889691834285139 -0.32752888455998186 0.16131592512652723 0.14241537709676447 0.057750992988441913 -0.43441194138843198 -0.13599301256183396 1.5637558647448369 1.2550431467694618 0.74159108185662603 0.064225531719753662 0.83275689061966396 -1.3138525110236146 -0.88030133129853905 0.28503870798791309 1.1477213125811252 1.0280895590864041 -0.16084003548890069 -0.75449166323693162 -0.38339574283024758 -1.2436847935221635 0.099698281988995358 -0.30428079471213676 0.7971784623909014 0.6657142711652293 0.11538130891129782 -1.0815737210568928 -0.39410758737394858
leaf_weight=2111 1781 2086 458 2659 1991 16893 7139 2363 133 110 393 526 637 661 187 724 321 523 182 520 289 1143 98 1324 2008 517 111 952 210 875
leaf_count=2111 1781 2086 458 2659 1991 16893 7139 2363 133 110 393 526 637 661 187 724 321 523 182 520 289 1143 98 1324 2008 517 111 952 210 875
internal_value=0.000735418 0.0406261 0.05707 -0.173692 0.0826657 0.0599792 -0.0258881 -0.222715 0.36861 0.234742 0.903317 0.341079 0.0485179 0.125407 -0.151578 -0.438227 0.0531066 0.499391 0.479771 0.147401 -0.195283 -0.116121 -0.0855865 -0.0664927 0.00895417 0.295569 -0.34367 -0.169308 -0.382722 -0.211828
internal_weight=49925 41483 39702 3964 35738 33111 16218 4449 2627 2101 526 984 11769 8502 3267 1361 1906 710 1363 702 8442 6331 6042 5944 4801 1841 2980 2960 2869 1196
internal_count=49925 41483 39702 3964 35738 33111 16218 4449 2627 2101 526 984 11769 8502 3267 1361 1906 710 1363 702 8442 6331 6042 5944 4801 1841 2980 2960 2869 1196
is_linear=0
shrinkage=0.05


Tree=129
num_leaves=31
num_cat=0
split_feature=8 7 6 7 8 6 0 8 6 8 8 6 6 0 8 8 7 8 6 6 7 8 6 7 8 3 7 0 7 8
split_gain=144133 161229 143721 142048 128330 94406.1 84785.8 81511.9 80748.9 77103.3 70761.7 157156 101752 68856.6 64130.8 63361 62290.7 64742.2 96731.5 73720.3 59983.5 58814 86956.7 58677.3 57385.7 104607 53555.3 52401.4 48319.3 44292.4
threshold=3407.8400000000006 3353.5050000000006 3288.0450000000005 2851.5450000000005 2959.7600000000007 2914.3150000000005 25.315625000000008 3201.7650000000008 2937.6225000000004 3785.3450000000007 4031.0050000000006 3834.5475000000001 4104.505000000001 26.189375000000002 3700.4412500000003 4928.8850000000011 4048.6962500000004 4498.9400000000014 4693.3900000000012 4623.0900000000011 3782.6225000000009 3726.0050000000006 3613.1812500000001 2758.5300000000002 2345.2987500000004 1.0000000180025095e-35 3240.8775000000005 29.103125000000006 3797.0300000000002 2631.0750000000003
decision_type=2 2 2 2 2 2 2 2 2 2 2 2 2 2 2 2 2 2 2 2 2 2 2 2 2 2 2 2 2 2
left_child=2 9 4 -4 5 6 -1 20 13 -2 11 21 -12 -6 -13 16 -14 18 -18 -19 -5 22 -3 -7 25 -8 -15 -24 -16 -25
right_child=1 10 3 7 8 23 24 -9 -10 -11 12 14 15 26 28 -17 17 19 -20 -21 -22 -23 27 29 -26 -27 -28 -29 -30 -31
leaf_value=0.080261236034865402 0.3705371510932729 0.13673634759169329 0.43847146951303428 -0.61037419540458437 0.64402830128511601 -0.091158214648755315 -3.7156306425730388 -0.25730498295855364 0.014099735845893857 1.2635652406415081 0.44228782028621094 -0.71065174919494067 0.36564442086476007 0.3125892686969669 0.050551773189625032 0.94308429795134929 -0.13300040216396397 0.52810755397716524 -1.5472401536343297 -0.09066910490995031 -1.9004486376109224 0.25511540876354488 -0.38458473627928158 -1.3489789743283218 -0.36722763596826002 0.31949905938115619 -0.36344978448182297 0.14893814100890967 -0.31959730725507274 -0.50194474829182922
leaf_weight=3167 2170 4143 578 1467 1044 920 36 3606 9433 272 2283 694 1105 958 1365 194 2993 847 126 1115 96 3406 1738 170 757 29 422 626 2490 1675
leaf_count=3167 2170 4143 578 1467 1044 920 36 3606 9433 272 2283 694 1105 958 1365 194 2993 847 126 1115 96 3406 1738 170 757 29 422 626 2490 1675
internal_value=0.000698647 0.0836213 -0.0863398 -0.304901 -0.0188489 -0.192812 -0.0371775 -0.388025 0.080244 0.470006 0.042819 -0.0248747 0.155827 0.337644 -0.268188 0.0533204 0.0254164 -0.0485754 -0.190132 0.176458 -0.689611 0.0867799 -0.00133307 -0.417342 -0.489645 -1.91534 0.105858 -0.243305 -0.188533 -0.579991
internal_weight=49925 25567 24358 5747 18611 6754 3989 5169 11857 2442 23125 14462 8663 2424 4549 6380 6186 5081 3119 1962 1563 9913 6507 2765 822 65 1380 2364 3855 1845
internal_count=49925 25567 24358 5747 18611 6754 3989 5169 11857 2442 23125 14462 8663 2424 4549 6380 6186 5081 3119 1962 1563 9913 6507 2765 822 65 1380 2364 3855 1845
is_linear=0
shrinkage=0.05


Tree=130
num_leaves=31
num_cat=0
split_feature=8 7 7 4 4 5 8 8 5 4 7 8 7 8 8 4 0 4 4 7 4 4 5 0 5 4 4 8 0 5
split_gain=134065 113552 78119.8 77188.1 84834.8 145710 90760.5 68956.1 57522.2 53819.1 100162 108144 65892.4 72001.8 64674.2 61621.4 58899.4 65350 66856.2 55588.6 54027.6 104763 115859 107340 80292.5 321740 125169 80460.5 71778.4 56259
threshold=3100.0600000000004 2952.5025000000005 3493.0175000000004 1.0000000180025095e-35 21.500000000000004 1.0000000180025095e-35 4690.4250000000011 4528.2287500000011 1.0000000180025095e-35 12.500000000000002 4015.0012500000007 4031.0050000000006 3762.1650000000004 3733.1750000000006 3513.7012500000005 14.500000000000002 25.605625000000007 8.5000000000000018 11.500000000000002 3454.0100000000007 17.500000000000004 18.500000000000004 1.0000000180025095e-35 28.213125000000005 1.0000000180025095e-35 19.500000000000004 20.500000000000004 4311.0400000000009 27.995625000000008 1.0000000180025095e-35
decision_type=2 2 2 2 2 2 2 2 2 2 2 2 2 2 2 2 2 2 2 2 2 2 2 2 2 2 2 2 2 2
left_child=2 -2 8 -3 6 7 9 -6 -1 12 11 19 13 16 -12 -16 -5 -18 -19 -11 29 22 23 -22 25 -23 -26 -28 -24 -17
right_child=1 3 -4 4 5 -7 -8 -9 -10 10 14 -13 -14 -15 15 20 17 18 -20 -21 21 24 28 -25 26 -27 27 -29 -30 -31
leaf_value=-0.30566274264547805 0.46909639942462755 -0.3173369881478364 -0.77758931743785131 0.14740189482131302 0.15765928794128392 -0.35648434910696197 0.68820507167689327 1.2584594484440041 -0.051319989131638759 0.35066532727466609 -1.2729149929677639 0.68950275818934259 -0.24518626789439671 0.37698229366404151 0.66278968686076345 0.24748788188211621 -0.30313676627768149 0.14288429281384216 -0.33541272993049942 0.080376355572217464 0.81768501313862874 1.5356534963819033 0.22901638368270266 -1.6118489989826275 -0.48020095673156904 -0.4600401967122838 -0.097800416571478699 1.0871212649259061 1.203930430857566 -0.5128357973136467
leaf_weight=2954 1555 1509 461 3964 780 2818 593 174 8983 2773 104 1107 2413 1409 317 320 2414 3008 965 6058 77 329 341 111 1680 523 372 233 423 1015
leaf_count=2954 1555 1509 461 3964 780 2818 593 174 8983 2773 104 1107 2413 1409 317 320 2414 3008 965 6058 77 329 341 111 1680 523 372 233 423 1015
internal_value=0.00355623 0.0508076 -0.138926 0.0326542 0.0480423 -0.17567 0.0756649 0.358434 -0.114261 0.0635392 0.127048 0.223646 -0.00718371 0.0416513 -0.0371939 -0.0148085 -0.00399463 -0.0979567 0.026711 0.165249 -0.05441 0.0357575 0.495172 -0.616774 -0.103663 0.310597 -0.258127 0.358541 0.768792 -0.330586
internal_weight=49783 37385 12398 35830 34321 3772 30549 954 11937 29956 15783 9938 14173 11760 5845 5741 10351 6387 3973 8831 5424 4089 952 188 3137 852 2285 605 764 1335
internal_count=49783 37385 12398 35830 34321 3772 30549 954 11937 29956 15783 9938 14173 11760 5845 5741 10351 6387 3973 8831 5424 4089 952 188 3137 852 2285 605 764 1335
is_linear=0
shrinkage=0.05


Tree=131
num_leaves=31
num_cat=0
split_feature=8 7 6 7 8 6 0 7 8 6 6 8 6 0 7 8 6 8 8 8 8 6 8 4 8 3 6 7 0 8
split_gain=124398 135953 109719 140301 99614 95180.1 78661.5 77519.6 72970.1 141608 84686.5 69610.7 95017.9 84543.3 172303 72842.9 78313.9 68592.2 67889.5 66837.3 66227.3 63615.5 61304.3 58792.9 58600.5 54620.8 52514.1 48976.8 48866.1 48343.2
threshold=3322.0087500000004 3309.3050000000007 3234.5012500000007 2851.5450000000005 2914.7625000000003 2743.7250000000004 25.053125000000005 3755.3150000000005 4229.2662500000015 4116.0350000000008 4444.4925000000012 3915.4400000000005 3368.8150000000005 26.585625000000007 3560.5350000000003 3481.7637500000005 3731.0050000000006 4657.6675000000005 3792.4850000000001 4445.3162500000008 3520.5025000000005 2937.6225000000004 3011.8287500000001 6.5000000000000009 3700.4412500000003 1.0000000180025095e-35 3254.8962500000002 4048.6962500000004 30.090625000000006 2631.0750000000003
decision_type=2 2 2 2 2 2 2 2 2 2 2 2 2 2 2 2 2 2 2 2 2 2 2 2 2 2 2 2 2 2
left_child=2 18 4 -4 5 6 -1 29 9 11 19 12 13 -3 20 -14 -17 -12 25 27 -15 23 -9 -6 -11 26 -2 -10 -18 -5
right_child=1 8 3 7 21 -7 -8 22 10 24 17 -13 15 14 -16 16 28 -19 -20 -21 -22 -23 -24 -25 -26 -27 -28 -29 -30 -31
leaf_value=0.25208216353509466 0.57216531363531931 0.63720771261247977 0.35742759122742251 -2.2138544499874118 0.62132985592099599 -0.34741719173309854 -0.50636501751823138 -3.3752090848725418 0.65324829350810187 -1.2185945606553878 -0.27150023572262949 0.23410529193707658 -0.35206860774321441 0.26257366787334652 -0.54233001878935816 0.11831880765790355 -0.26353987538801016 0.24845148875214754 1.2669818452286039 0.82404401469520028 1.309467678855766 -0.0048836115294844384 -0.94511810022779563 0.1196506833949314 -0.29414125845372063 0.66808687029343583 0.03460285594218844 0.1150732864851962 0.14202709796555271 -0.32096079895075907
leaf_weight=1545 638 958 732 34 849 3583 439 29 564 185 1292 3620 1941 545 686 5033 3317 1246 201 654 209 7735 247 1871 2336 815 1578 1688 957 4256
leaf_count=1545 638 958 732 34 849 3583 439 29 564 185 1292 3620 1941 545 686 5033 3317 1246 201 654 209 7735 247 1871 2336 815 1578 1688 957 4256
internal_value=0.00337841 0.0717837 -0.0879452 -0.285196 -0.0227202 -0.193573 0.0842604 -0.388218 0.0326733 -0.0119277 0.194782 0.0391834 -0.0125253 0.273223 0.0310715 -0.0734449 -0.0153372 -0.0162363 0.377104 0.379078 0.55276 0.0682545 -1.20045 0.276241 -0.361981 0.318092 0.18937 0.249856 -0.172729 -0.335963
internal_weight=49783 28463 21320 5298 16022 5567 1984 4566 25231 19787 5444 17266 13646 2398 1440 11248 9307 2538 3232 2906 754 10455 276 2720 2521 3031 2216 2252 4274 4290
internal_count=49783 28463 21320 5298 16022 5567 1984 4566 25231 19787 5444 17266 13646 2398 1440 11248 9307 2538 3232 2906 754 10455 276 2720 2521 3031 2216 2252 4274 4290
is_linear=0
shrinkage=0.05


Tree=132
num_leaves=31
num_cat=0
split_feature=8 6 6 8 8 6 6 4 8 8 6 8 6 0 6 0 8 8 6 0 4 6 4 8 4 0 6 6 8 6
split_gain=115892 109019 104086 83838.6 83354.8 126735 90353.3 67878.8 67266.4 65767.2 76122.7 65245.8 61320.4 64809.7 61181.9 60452.7 57631.1 57507.5 54702.1 53843.7 52895.9 102261 82093.3 52757.7 47665.4 44506.3 45563.9 44406.7 43181.8 41387.3
threshold=3172.8575000000005 3016.0012500000007 3190.9950000000003 2713.5450000000005 3915.4400000000005 3888.7662500000001 4050.4637500000003 3.5000000000000004 2870.3750000000005 3541.7575000000006 3447.0925000000002 4267.7437500000005 3586.7187500000005 29.336250000000003 4444.4925000000012 32.439375000000005 4657.6675000000005 4584.4562500000011 3613.1812500000001 29.863125000000007 6.5000000000000009 2682.6250000000005 3.5000000000000004 2994.0125000000003 8.5000000000000018 29.336250000000003 2959.0637500000007 4472.0900000000011 2425.5450000000005 2682.6250000000005
decision_type=2 2 2 2 2 2 2 2 2 2 2 2 2 2 2 2 2 2 2 2 2 2 2 2 2 2 2 2 2 2
left_child=1 3 25 29 5 9 17 8 -3 10 -4 27 19 -14 15 -13 -16 -6 28 -11 21 -5 23 -23 -7 26 -2 -8 -9 -1
right_child=2 7 4 20 6 24 11 18 -10 12 -12 14 13 -15 16 -17 -18 -19 -20 -21 -22 22 -24 -25 -26 -27 -28 -29 -30 -31
leaf_value=-0.055941148109071609 0.73402763891959932 -2.1438866551242657 0.023987136477675551 1.0504170918175739 0.32632286310842273 -1.1171533525716968 -0.091773748606500838 -1.5572494451646453 -0.50918109735391293 0.43645985331724479 -0.27584311601864825 0.32924763246340594 -0.081968634147727634 0.31712640359303035 -0.2446781487480621 2.293343320824206 0.23602891511270363 2.7823235119382543 -0.79398897925121492 -0.12794312915072761 -0.059906282887504186 -0.25644284288704344 0.45590372282670605 0.34012739799886282 -0.31794059021761761 -0.028573070038132406 0.27859123297375687 -0.90045434394230439 -0.13706766740132251 -0.52286206787523248
leaf_weight=1053 713 67 5873 352 3458 205 2984 54 1036 1983 3310 1904 4072 1356 1248 40 1246 24 348 537 2493 1206 1267 535 2074 832 2390 180 6079 864
leaf_count=1053 713 67 5873 352 3458 205 2984 54 1036 1983 3310 1904 4072 1356 1248 40 1246 24 348 537 2493 1206 1267 535 2074 832 2390 180 6079 864
internal_value=0.00320949 -0.111028 0.0541548 0.020601 0.0229249 -0.0395439 0.132319 -0.245884 -0.608479 0.00705606 -0.0840863 0.0357038 0.112361 0.0177316 0.159386 0.369661 -0.00451736 0.343251 -0.184174 0.316188 0.114596 0.24407 0.14971 -0.07312 -0.389831 0.296168 0.38324 -0.13778 -0.149572 -0.266384
internal_weight=49783 15354 34429 7770 30494 19410 11084 7584 1103 17131 9183 7602 7948 5428 4438 1944 2494 3482 6481 2520 5853 3360 3008 1741 2279 3935 3103 3164 6133 1917
internal_count=49783 15354 34429 7770 30494 19410 11084 7584 1103 17131 9183 7602 7948 5428 4438 1944 2494 3482 6481 2520 5853 3360 3008 1741 2279 3935 3103 3164 6133 1917
is_linear=0
shrinkage=0.05


Tree=133
num_leaves=31
num_cat=0
split_feature=4 8 4 4 0 6 4 7 8 7 8 8 8 8 4 4 8 4 8 6 8 4 8 7 6 0 8 7 6 6
split_gain=108320 100961 83481.7 93302.1 107044 122921 94221.5 87432.1 64929.2 72351.4 105402 67130.7 64079 62256.9 56098.6 87484.2 62455.7 55572.1 55524 52267.7 79808.9 49390.1 48419.7 63318 47732.2 47052 51306.7 49170.9 55281.5 44704.5
threshold=1.0000000180025095e-35 2610.7512500000007 21.500000000000004 12.500000000000002 25.794375000000006 2682.6250000000005 3.5000000000000004 2806.2550000000006 4690.4250000000011 4015.0012500000007 4031.0050000000006 3513.7012500000005 2757.9700000000007 2907.0200000000004 8.5000000000000018 11.500000000000002 3555.6875000000005 14.500000000000002 3110.2287500000007 3613.1812500000001 4106.0162500000015 15.500000000000002 3461.8412500000004 2829.6250000000005 4693.3900000000012 29.271250000000006 3327.0037500000003 3587.0875000000005 3411.5025000000005 2929.6225000000004
decision_type=2 2 2 2 2 2 2 2 2 2 2 2 2 2 2 2 2 2 2 2 2 2 2 2 2 2 2 2 2 2
left_child=-1 -2 3 4 5 -3 13 -5 9 10 12 -11 -9 -7 16 18 -6 -13 -16 -19 -21 -12 -4 -24 -10 -20 -27 -28 -29 -15
right_child=1 2 22 7 14 6 -8 8 24 11 21 17 -14 29 15 -17 -18 19 25 20 -22 -23 23 -25 -26 26 27 28 -30 -31
leaf_value=-0.35230006932904712 -0.38070488615666376 0.76654259551415604 -0.5293516130809589 0.82199736359623565 -0.45103586746044616 -0.48393132085834073 0.17567966810686339 -0.78152773420067989 1.3023147427382318 -1.182193401928932 1.488935343417767 0.62798748194101961 0.14276515010613997 0.43120698293010912 -0.1765177356465655 -0.32957424113175721 -0.061152155020649947 0.70000932073701028 0.38609651073983342 -0.38447670763426578 0.04299799699931018 0.50765445282188015 2.6381803347950892 -0.11632969158470224 0.32129569852866396 -0.35738429940282224 0.44163103504205137 -0.84479891507788318 0.10861370440504579 -0.091066049081705111
leaf_weight=2056 1534 639 817 454 2201 927 6616 191 187 126 148 317 10278 467 1728 1941 1926 221 1480 1559 3644 960 21 3200 368 636 849 190 761 3341
leaf_count=2056 1534 639 817 454 2201 927 6616 191 187 126 148 317 10278 467 1728 1941 1926 221 1480 1559 3644 960 21 3200 368 636 849 190 761 3341
internal_value=0.00304902 0.0183569 0.0316091 0.0524126 -0.0132219 0.0917961 0.0538115 0.136717 0.119432 0.102493 0.174983 -0.0405483 0.125902 -0.116469 -0.120733 -0.0400147 -0.269084 -0.0154921 0.0595662 -0.0530996 -0.0850883 0.638728 -0.18557 -0.0983711 0.651837 0.163742 0.0286501 0.165049 -0.0818683 -0.0270163
internal_weight=49783 47727 46193 42155 23702 11990 11351 18453 17999 17444 11577 5867 10469 4735 11712 7585 4127 5741 5644 5424 5203 1108 4038 3221 555 3916 2436 1800 951 3808
internal_count=49783 47727 46193 42155 23702 11990 11351 18453 17999 17444 11577 5867 10469 4735 11712 7585 4127 5741 5644 5424 5203 1108 4038 3221 555 3916 2436 1800 951 3808
is_linear=0
shrinkage=0.05


Tree=134
num_leaves=31
num_cat=0
split_feature=8 7 4 4 4 5 4 4 5 1 1 1 4 1 8 8 4 1 7 4 7 7 0 8 5 4 1 7 8 7
split_gain=103374 97140 70203.5 76343.7 65369.9 227330 280915 179437 245872 289606 209804 158779 115053 161320 92131.5 81604.5 80517.4 79993.6 79623.5 68521.3 66810 65086.4 102677 96203.2 64957.6 73991.3 64762.7 61160.7 67965.1 59599
threshold=3074.7512500000007 2986.7600000000007 22.500000000000004 12.500000000000002 18.500000000000004 1.0000000180025095e-35 19.500000000000004 17.500000000000004 1.0000000180025095e-35 10.500000000000002 8.5000000000000018 9.5000000000000018 15.500000000000002 6.5000000000000009 4657.6675000000005 3637.5250000000005 21.500000000000004 2.5000000000000004 3930.3075000000003 19.500000000000004 3560.5350000000003 2851.5450000000005 26.263125000000006 2713.5450000000005 1.0000000180025095e-35 13.500000000000002 2.5000000000000004 3762.1650000000004 3719.0812500000006 4081.0300000000002
decision_type=2 2 2 2 2 2 2 2 2 2 2 2 2 2 2 2 2 2 2 2 2 2 2 2 2 2 2 2 2 2
left_child=21 -2 3 27 7 6 11 12 10 -10 29 -6 15 17 19 20 -8 -14 -15 26 24 -1 -23 -24 25 -5 -7 28 -3 -9
right_child=1 2 -4 4 5 14 16 8 9 -11 -12 -13 13 18 -16 -17 -18 -19 -20 -21 -22 22 23 -25 -26 -27 -28 -29 -30 -31
leaf_value=0.033860433570953322 0.36292296967246379 -0.03862944126911997 -0.2817438717214153 -0.99710530155513555 1.8698022880013465 -1.2533727093584717 -0.1334335855438471 -0.57275521508844729 1.1643585752017351 -1.1437928886775743 1.2853887098425247 -0.41007892923649925 0.036221164297574847 0.15363753941619429 0.37332722594744472 0.53578318959700844 0.64391125168920693 -0.61212512408173292 1.3723959766126967 -0.1147969256114319 -0.34030127267608246 -0.082520141420908744 -1.3057429982629283 -0.36052370435975234 0.39386728964518136 0.19676046623712401 -0.36478063404941391 -0.24349170517236801 0.30138454790475505 -1.9867043488430529
leaf_weight=3984 2224 11231 1802 202 427 248 1036 251 1359 151 141 93 710 1418 738 1670 491 1442 148 3939 672 4887 306 2238 1594 363 1184 3037 1691 106
leaf_count=3984 2224 11231 1802 202 427 248 1036 251 1359 151 141 93 710 1418 738 1670 491 1442 148 3939 672 4887 306 2238 1594 363 1184 3037 1691 106
internal_value=0.00289657 0.0421962 0.0224614 0.0384237 0.107884 0.00230323 0.458325 0.192085 0.615806 0.933543 -0.347615 1.46205 0.0885648 -0.117266 -0.1505 0.258589 0.116518 -0.398219 0.26882 -0.222477 0.0950727 -0.129197 -0.216618 -0.474218 0.230585 -0.230073 -0.518671 -0.0415872 0.0058655 -0.992583
internal_weight=49783 38368 36144 34342 18383 8156 2047 10227 2008 1510 498 520 8219 3718 6109 4501 1527 2152 1566 5371 2831 11415 7431 2544 2159 565 1432 15959 12922 357
internal_count=49783 38368 36144 34342 18383 8156 2047 10227 2008 1510 498 520 8219 3718 6109 4501 1527 2152 1566 5371 2831 11415 7431 2544 2159 565 1432 15959 12922 357
is_linear=0
shrinkage=0.05


Tree=135
num_leaves=31
num_cat=0
split_feature=4 8 7 7 3 6 4 8 7 8 6 8 6 6 6 8 4 8 6 8 6 8 4 6 4 8 6 3 4 6
split_gain=105532 85939.1 127986 102896 81676.6 80647.8 76200.5 71164.4 80632.4 84868.5 91975.1 63374.1 79030 60663.7 58960.8 57695 56756.7 53907.5 53574.8 52578.3 46593.8 51494.9 46210.5 46149 43935.5 48401 42709.8 58802 80546.8 73250.5
threshold=1.0000000180025095e-35 3271.0300000000002 3299.0325000000007 3206.2312500000003 1.0000000180025095e-35 3341.0187500000006 22.500000000000004 4325.5875000000005 4038.1475000000005 3866.1200000000003 3804.9800000000005 2504.5587500000006 2682.6250000000005 3190.9950000000003 4472.0900000000011 2817.5200000000004 7.5000000000000009 4727.9650000000011 4444.4925000000012 3562.1300000000006 3254.8962500000002 4052.0700000000002 3.5000000000000004 2959.0637500000007 7.5000000000000009 3022.2625000000003 3063.8612500000004 1.0000000180025095e-35 8.5000000000000018 3613.1812500000001
decision_type=2 2 2 2 2 2 2 2 2 2 2 2 2 2 2 2 2 2 2 2 2 2 2 2 2 2 2 2 2 2
left_child=-1 3 4 11 20 16 7 8 9 10 -4 -2 24 -10 -9 22 23 -16 -11 -6 -3 -22 -14 -5 -13 -26 -17 -28 -29 -30
right_child=1 2 6 5 19 -7 -8 14 13 18 -12 12 15 -15 17 26 -18 -19 -20 -21 21 -23 -24 -25 25 -27 27 28 29 -31
leaf_value=-0.34985179670442601 -0.46417718410853753 0.46474315291293289 0.065382258449692934 0.53053008139829083 0.56147531853340615 -0.68416855360284279 -0.32481208258686523 0.4993766422737162 1.7637448499724269 0.28402479572681544 -0.29095748889166823 0.60624573291384831 -0.68813039301502377 -0.19224132333635435 -0.11892204265535614 0.15198551663274323 -0.31256991033875065 0.45465729962130202 -1.6024032686886036 1.5435429907918718 0.0095539699256514329 2.1705910989216397 -0.13045722959367853 -0.09350050117167763 -0.25641941612818137 0.59620279394728304 -0.22294725559719983 -0.20385520957867667 0.61279393088905942 -0.32113883029497692
leaf_weight=2075 695 1027 9845 407 888 931 1451 1472 40 3945 2219 839 463 4409 1215 4308 2518 618 38 161 1780 28 1879 1089 434 270 2652 1006 932 271
leaf_count=2075 695 1027 9845 407 888 931 1451 1472 40 3945 2219 839 463 4409 1215 4308 2518 618 38 161 1780 28 1879 1089 434 270 2652 1006 932 271
internal_value=-0.000767533 0.0143767 0.0680615 -0.069295 0.335266 -0.264896 0.0269629 0.0484084 0.0136904 0.0659089 -0.000161334 0.00105511 0.0258243 -0.174655 0.263713 -0.0192181 -0.16765 0.0744615 0.266027 0.712203 0.195793 0.0430214 -0.240706 0.0762725 0.361846 0.0705806 0.0373557 -0.0642335 0.126309 0.402407
internal_weight=49905 47830 29136 18694 3884 4945 25252 23801 20496 16047 12064 13749 13054 4449 3305 11511 4014 1833 3983 1049 2835 1808 2342 1496 1543 704 9169 4861 2209 1203
internal_count=49905 47830 29136 18694 3884 4945 25252 23801 20496 16047 12064 13749 13054 4449 3305 11511 4014 1833 3983 1049 2835 1808 2342 1496 1543 704 9169 4861 2209 1203
is_linear=0
shrinkage=0.05


Tree=136
num_leaves=31
num_cat=0
split_feature=4 4 5 4 4 4 5 7 8 8 7 1 6 8 8 7 6 4 5 7 4 5 4 4 4 4 1 4 8 4
split_gain=98815 85925 95429.1 84505.6 88086.2 92197.8 82525 81568.4 79745.4 69244.8 85613.7 87978.6 62770.5 59456 52463 81674.6 65335.2 61350.8 76121.7 67882.8 56509.9 53157 117671 108152 66897.5 187946 109638 64430.5 50668.4 55905
threshold=1.5000000000000002 21.500000000000004 1.0000000180025095e-35 13.500000000000002 6.5000000000000009 4.5000000000000009 1.0000000180025095e-35 3348.3550000000005 3733.1750000000006 3327.0037500000003 2945.1800000000003 4.5000000000000009 3685.0612500000007 2987.9800000000005 4216.4300000000012 4015.0012500000007 3417.7750000000005 20.500000000000004 1.0000000180025095e-35 4048.6962500000004 14.500000000000002 1.0000000180025095e-35 19.500000000000004 18.500000000000004 18.500000000000004 17.500000000000004 10.500000000000002 16.500000000000004 3630.0150000000008 14.500000000000002
decision_type=2 2 2 2 2 2 2 2 2 2 2 2 2 2 2 2 2 2 2 2 2 2 2 2 2 2 2 2 2 2
left_child=6 3 8 4 5 -2 -1 -5 -3 10 -6 -12 -7 -13 15 28 -17 19 -19 -16 -21 22 23 27 25 -23 -27 -22 -9 -30
right_child=1 2 -4 7 9 12 -8 14 -10 -11 11 13 -14 -15 17 16 -18 18 -20 20 21 24 -24 -25 -26 26 -28 -29 29 -31
leaf_value=-0.61936065121392958 -0.026994592750945602 -0.39858302186706113 -0.33815178338132318 0.3834084792488619 0.083089718080116115 0.34695755521047089 -0.10526700873936962 -0.040185131610203061 0.55274873767062516 0.045226146026884441 -0.64539108623648023 -0.49493963293079291 -0.2478219574561254 -0.097607749741444108 0.83713318226222366 1.1172464251272627 -0.24387855998041408 -0.20502065536268851 0.96776811905944626 1.4763150587246039 1.1652398372741091 -0.35801331559350769 -0.59329512594463796 1.8012862170682873 -0.34141315176286607 1.5228884290350049 -0.74489838068301861 -0.52669490366729332 0.94207962772925391 0.1792294329588745
leaf_weight=1042 6265 334 3047 2652 2317 3701 3112 3130 647 5476 1263 1200 504 4371 316 91 2829 188 524 69 97 542 190 187 1177 296 65 134 256 3883
leaf_count=1042 6265 334 3047 2652 2317 3701 3112 3130 647 5476 1263 1200 504 4371 316 91 2829 188 524 69 97 542 190 187 1177 296 65 134 256 3883
internal_value=-0.000729156 0.0204712 -0.200061 0.0417617 -0.0161556 0.0945622 -0.234224 0.129188 0.22885 -0.0954073 -0.179563 -0.268613 0.275669 -0.183194 0.0809417 0.021894 -0.20146 0.239895 0.658099 0.142999 0.063439 0.027171 0.43843 0.907396 -0.0930432 0.23069 1.11456 0.183771 0.111617 0.226412
internal_weight=49905 45751 4028 41723 25097 10470 4154 16626 981 14627 9151 6834 4205 5571 13974 10189 2920 3785 712 3073 2757 2688 608 418 2080 903 361 231 7269 4139
internal_count=49905 45751 4028 41723 25097 10470 4154 16626 981 14627 9151 6834 4205 5571 13974 10189 2920 3785 712 3073 2757 2688 608 418 2080 903 361 231 7269 4139
is_linear=0
shrinkage=0.05


Tree=137
num_leaves=31
num_cat=0
split_feature=4 4 8 0 6 8 6 4 4 8 6 8 4 6 4 3 8 0 6 4 6 4 6 1 1 8 8 6 6 4
split_gain=89180.6 77547.3 79492.7 75313.8 72137.9 71580.6 85925.8 69085.9 66144.8 52962.5 52031.7 53838 55743.4 64935.7 53498.6 51923 50845.8 68426.6 53965.5 59717.7 49922.4 71563.7 45083.8 44349.7 54561.2 44207.8 43360.7 41017.1 40236.7 38979
threshold=1.5000000000000002 21.500000000000004 3242.0687500000004 24.679375000000004 3319.1687500000003 3706.5262500000003 3656.5675000000006 4.5000000000000009 17.500000000000004 3290.2300000000005 3798.0150000000008 4084.1937500000004 20.500000000000004 4623.0900000000011 15.500000000000002 1.0000000180025095e-35 2345.2987500000004 28.070625000000003 2504.5587500000006 12.500000000000002 3573.0200000000004 13.500000000000002 2945.2525000000005 2.5000000000000004 5.5000000000000009 2953.0587500000006 3534.8200000000006 2682.6250000000005 4422.2587500000009 17.500000000000004
decision_type=2 2 2 2 2 2 2 2 2 2 2 2 2 2 2 2 2 2 2 2 2 2 2 2 2 2 2 2 2 2
left_child=-1 2 3 7 8 6 26 27 -4 -3 -7 28 13 14 -13 -11 17 18 -5 -20 21 -18 -9 -8 -25 -24 -6 -2 -12 -16
right_child=1 9 4 16 5 10 23 22 -10 15 11 12 -14 -15 29 -17 20 -19 19 -21 -22 -23 25 24 -26 -27 -28 -29 -30 -31
leaf_value=-0.22251239610523937 0.29182467802620909 -0.71045473313659713 0.24229847420427941 -3.3984305909834802 -0.041130268116345903 0.31765263084902051 0.26818090593593019 0.6320274038038487 1.2908275765581774 -0.24308859751333645 -0.027847316024668625 0.60191933277005316 0.5329838619892493 -0.36631146352647431 -0.23395170522317224 0.18411515037755091 -0.15162618158704674 1.4929339003562927 0.18369099151256474 -3.0691848300752187 -0.56041733265475924 0.19965211088542489 -0.37779792177628302 -0.56873839761218248 -0.071963571861725695 0.30609959694783284 0.24960012270773207 -0.12449927483641671 -1.0372471970118731 0.19597007894104537
leaf_weight=4154 752 436 4197 32 4111 2908 309 766 156 2615 4387 645 945 616 677 977 7996 20 43 21 593 1771 305 1380 922 1049 1864 2774 101 2383
leaf_count=4154 752 436 4197 32 4111 2908 309 766 156 2615 4387 645 945 616 677 977 7996 20 43 21 593 1771 305 1380 922 1049 1864 2774 101 2383
internal_value=-0.000692699 0.0194476 0.0396736 -0.0472955 0.0944416 0.0564525 -0.0549934 0.0999104 0.279875 -0.190058 0.132023 0.0766807 0.185126 0.109049 0.188083 -0.126892 -0.126632 -1.16763 -1.72192 -0.883659 -0.114976 -0.0879307 0.325473 -0.294271 -0.36977 0.152046 0.0495679 -0.0357087 -0.0505633 0.100853
internal_weight=49905 45751 41723 16122 25601 21248 8586 5646 4353 4028 12662 9754 5266 4321 3705 3592 10476 116 96 64 10360 9767 2120 2611 2302 1354 5975 3526 4488 3060
internal_count=49905 45751 41723 16122 25601 21248 8586 5646 4353 4028 12662 9754 5266 4321 3705 3592 10476 116 96 64 10360 9767 2120 2611 2302 1354 5975 3526 4488 3060
is_linear=0
shrinkage=0.05


Tree=138
num_leaves=31
num_cat=0
split_feature=8 7 5 8 4 5 4 8 7 8 7 7 4 0 8 7 4 4 5 5 4 4 4 4 4 1 8 4 4 5
split_gain=84274.9 101435 69738.5 64416.6 58112.4 97237.9 71582.5 59604.2 53403.8 55423.3 50973.9 49942.2 71175.7 51884.1 48186.6 67609.5 54024.1 57739 68878.1 51453.7 112911 88014.1 82585.8 70231.7 174241 92155.1 50448.3 43804.5 43459.7 41649.4
threshold=3074.7512500000007 2966.0287500000004 1.0000000180025095e-35 3383.2550000000006 21.500000000000004 1.0000000180025095e-35 12.500000000000002 4242.8275000000003 3730.5412500000007 3719.0812500000006 3454.0100000000007 2952.5025000000005 3.5000000000000004 26.500625000000003 4229.2662500000015 4015.0012500000007 14.500000000000002 20.500000000000004 1.0000000180025095e-35 1.0000000180025095e-35 19.500000000000004 18.500000000000004 16.500000000000004 18.500000000000004 17.500000000000004 10.500000000000002 3719.0812500000006 8.5000000000000018 22.500000000000004 1.0000000180025095e-35
decision_type=2 2 2 2 2 2 2 2 2 2 2 2 2 2 2 2 2 2 2 2 2 2 2 2 2 2 2 2 2 2
left_child=2 3 -1 27 6 7 8 28 9 -3 29 12 -4 -13 15 26 -16 19 -19 20 21 22 -18 24 -21 -26 -12 -2 -6 -8
right_child=1 4 11 -5 5 -7 10 -9 -10 -11 14 13 -14 -15 16 -17 17 18 -20 23 -22 -23 -24 -25 25 -27 -28 -29 -30 -31
leaf_value=-0.33179190136961934 0.072303769191880071 -0.02698363619592925 -0.21954774421510814 1.1118655056781188 0.42255097203581277 -0.3172363345158043 -0.0026174153326982003 0.90259709249247111 -0.21116054322699729 0.30314472969096251 -0.037394884489318408 -0.043899537207136879 0.22410642400631856 -0.40585493253593125 1.4283905145804308 -0.18094432943860655 1.357777605785264 -0.22795108518899521 0.91358683820461606 -0.22884837954336157 -0.49885683148654536 1.7157749735910184 -0.46591308439431134 -0.26619310604542895 1.5281478194181775 -0.45082984738153958 0.2346759325449177 0.59103822573151521 -0.38344133095065164 0.41867078329603713
leaf_weight=2895 1059 11333 1347 263 334 2816 815 267 3470 1432 3354 2999 2749 1478 91 3096 108 180 497 600 201 198 146 1248 303 73 3463 661 335 2094
leaf_count=2895 1059 11333 1347 263 334 2816 815 267 3470 1432 3354 2999 2749 1478 91 3096 108 180 497 600 201 198 146 1248 303 73 3463 661 335 2094
internal_value=-0.000658063 0.0348328 -0.119612 0.38309 0.0158885 -0.170486 0.0372719 0.271018 -0.03723 0.0100507 0.110724 -0.0479611 0.0782075 -0.163393 0.0699758 0.0128172 0.225425 0.194623 0.610076 0.0968613 0.48709 0.925531 0.309514 -0.0177157 0.300009 1.14393 0.100816 0.271655 0.0189524 0.300641
internal_weight=49905 38437 11468 1983 36454 3752 32702 936 16235 12765 16467 8573 4096 4477 13558 9913 3645 3554 677 2877 653 452 254 2224 976 376 6817 1720 669 2909
internal_count=49905 38437 11468 1983 36454 3752 32702 936 16235 12765 16467 8573 4096 4477 13558 9913 3645 3554 677 2877 653 452 254 2224 976 376 6817 1720 669 2909
is_linear=0
shrinkage=0.05


Tree=139
num_leaves=31
num_cat=0
split_feature=4 8 7 4 8 6 6 8 7 7 7 8 5 4 6 8 6 8 3 8 6 6 4 5 4 4 5 4 8 7
split_gain=81022.9 68865.2 95765.1 75943.1 69610.9 118441 95190.5 63572.2 91009.3 88983.2 57215.5 69969.4 45867.9 44517 77803.3 48048.4 45515.8 44671.7 45995.2 42989.1 89597.1 63677.8 53567.3 88312 199378 67705.5 58544.9 47197.7 46644.6 42867.2
threshold=1.0000000180025095e-35 2665.5050000000006 2770.4737500000006 9.5000000000000018 3316.0412500000007 3234.5012500000007 3368.8150000000005 3883.0225000000005 3840.5200000000004 3768.9662500000004 2974.0562500000005 3149.0300000000002 1.0000000180025095e-35 6.5000000000000009 2713.5450000000005 2975.0950000000007 3021.6687500000003 2953.0587500000006 1.0000000180025095e-35 4657.6675000000005 4693.3900000000012 4623.0900000000011 18.500000000000004 1.0000000180025095e-35 19.500000000000004 17.500000000000004 1.0000000180025095e-35 15.500000000000002 4295.5550000000012 3235.5125000000003
decision_type=2 2 2 2 2 2 2 2 2 2 2 2 2 2 2 2 2 2 2 2 2 2 2 2 2 2 2 2 2 2
left_child=12 -2 3 -3 5 13 -6 8 29 -9 -7 -12 -1 14 -4 16 -16 -15 -19 20 22 -21 25 24 -24 27 -27 -11 -28 -8
right_child=1 2 4 -5 6 10 7 9 -10 19 11 -13 -14 17 15 -17 -18 18 -20 21 -22 -23 23 -25 -26 26 28 -29 -30 -31
leaf_value=-0.7053397255730337 -0.26423625334489731 0.14901927441531856 0.90986613299559205 0.77999979521606178 0.28887600401583063 0.16625292670691597 0.3421594216430614 0.48017934653401356 -0.31908740553246795 0.21933310283811799 -0.67625666391279271 -0.21854599777844369 -0.16794120496491202 -0.34563050739340145 -0.008565507177263499 0.19935328149264828 -0.65409153785467866 -0.074079153282544399 0.33117543511844927 0.94053526197300785 -0.82703979713903153 0.1196456000280495 1.3664315749478493 -0.21587002603655514 -0.10384175820846071 -0.20919508443407292 0.46901153995006584 -0.19716615683851363 1.2917724462270739 -0.020710037807002535
leaf_weight=535 2145 1529 296 693 3834 593 896 1397 2624 1718 1212 2684 1540 1232 1458 2918 336 4565 827 316 306 936 316 3123 853 212 554 1126 250 8881
leaf_count=535 2145 1529 296 693 3834 593 896 1397 2624 1718 1212 2684 1540 1232 1458 2918 336 4565 827 316 306 936 316 3123 853 212 554 1126 250 8881
internal_value=-0.00062516 0.0126445 0.0256446 0.34581 0.00927649 -0.0731312 0.0578646 0.0201881 -0.0576273 0.107069 -0.291293 -0.360934 -0.306499 0.0110612 0.123556 0.0741616 -0.129467 -0.0739894 -0.0119231 0.0533891 0.0129121 0.326835 0.0444412 -0.0771078 0.293597 0.179594 0.529947 0.0544322 0.724845 0.0125446
internal_weight=49905 47830 45685 2222 43463 16121 27342 23508 12401 11107 4489 3896 2075 11632 5008 4712 1794 6624 5392 9710 8458 1252 8152 4292 1169 3860 1016 2844 804 9777
internal_count=49905 47830 45685 2222 43463 16121 27342 23508 12401 11107 4489 3896 2075 11632 5008 4712 1794 6624 5392 9710 8458 1252 8152 4292 1169 3860 1016 2844 804 9777
is_linear=0
shrinkage=0.05


Tree=140
num_leaves=31
num_cat=0
split_feature=6 0 7 6 6 6 3 6 6 1 6 0 7 7 7 3 1 0 6 0 6 6 1 3 7 7 6 0 1 1
split_gain=27441.6 31211 33501.1 33378.7 31295.8 68421.5 25875.2 23404.5 40492.1 23161.5 31826.4 22603 42513.8 34219.1 25845.5 18007.4 17597.4 35226.6 16179.5 35677.2 41500.9 93274.8 15895.6 15860.8 13960.3 13185.8 17433 13290.5 14072.3 13149
threshold=2914.3150000000005 24.616875000000004 2929.5550000000007 3600.3562500000003 3613.1812500000001 3363.2537500000003 1.0000000180025095e-35 4693.3900000000012 4963.005000000001 2.5000000000000004 3459.7987500000004 26.919375000000002 2795.1100000000006 3240.8775000000005 3525.6937500000008 1.0000000180025095e-35 9.5000000000000018 23.426250000000003 2682.6250000000005 25.135625000000008 2472.5250000000005 2343.9187500000003 6.5000000000000009 1.0000000180025095e-35 3412.7812500000005 4424.1550000000016 4472.0900000000011 25.114375000000006 9.5000000000000018 5.5000000000000009
decision_type=2 2 2 2 2 2 2 2 2 2 2 2 2 2 2 2 2 2 2 2 2 2 2 2 2 2 2 2 2 2
left_child=11 3 4 -2 5 6 -3 25 -9 -7 -11 13 -13 16 23 -5 17 -1 19 -19 21 -21 -12 -14 -17 26 29 28 -27 -4
right_child=1 2 7 15 -6 9 -8 8 -10 10 22 12 14 -15 -16 24 -18 18 -20 20 -22 -23 -24 -25 -26 27 -28 -29 -30 -31
leaf_value=-0.38761255258829058 -0.067581957073290094 -0.13229986655779119 -0.040654017755430989 -0.50226324254384624 -0.5976825050472353 0.17163467792974366 0.21173062137452572 -0.3641054787518635 0.45047205125717493 0.61815628847915294 2.5720198389255642 0.70300196857180131 -0.15120308543576289 0.50574707951719267 -1.2037613875698299 0.620948061424618 0.41471421433117572 0.39534795919370708 0.029800366742945523 0.86600149813152505 0.036365491805111831 -3.6142754004551811 1.2724669619122657 0.54547576816945242 -0.21271358522429287 -0.54819165308211681 -0.27923236719928074 0.1619519960555014 0.82566701268607923 0.025587270267997266
leaf_weight=387 5744 855 15796 767 130 124 1515 971 181 219 33 162 1340 589 56 60 395 983 2017 21 203 26 82 87 308 122 610 1703 22 14250
leaf_count=387 5744 855 15796 767 130 124 1515 971 181 219 33 162 1340 589 56 60 395 983 2017 21 203 26 82 87 308 122 610 1703 22 14250
internal_value=-0.00472917 -0.0188231 -0.000463518 -0.116541 0.160864 0.195733 0.0876184 -0.0146429 -0.236121 0.755192 0.971842 0.0930965 -0.0660669 0.149756 -0.150078 -0.364313 0.0977524 0.0633284 0.117025 0.259711 -0.273612 -1.61245 1.64538 -0.108729 -0.0767905 -0.00679305 -0.01461 0.12295 -0.338297 -0.00923758
internal_weight=49758 43492 36613 6879 2958 2828 2370 33655 1152 458 334 6266 1645 4621 1483 1135 4032 3637 3250 1233 250 47 115 1427 368 32503 30656 1847 144 30046
internal_count=49758 43492 36613 6879 2958 2828 2370 33655 1152 458 334 6266 1645 4621 1483 1135 4032 3637 3250 1233 250 47 115 1427 368 32503 30656 1847 144 30046
is_linear=0
shrinkage=0.05


Tree=141
num_leaves=31
num_cat=0
split_feature=8 6 8 7 6 7 3 8 8 6 8 6 8 8 6 8 6 0 0 7 7 7 6 7 1 0 6 0 6 6
split_gain=88041.4 91095.5 90332.1 139607 107033 107964 64947.9 59478.6 46599.3 62404.3 87635.2 72425.7 62552.1 60261.5 78543.3 47620.9 47710.1 54200.2 49802.3 64979 47127.6 46120.7 55128.2 45566.6 45259.2 44528.6 43517.3 66202.7 43115.5 42043
threshold=2817.5200000000004 2914.3150000000005 3449.7650000000008 3412.7812500000005 3492.0062500000004 3320.7425000000007 1.0000000180025095e-35 3115.0250000000005 4928.8850000000011 4693.3900000000012 4528.2287500000011 4444.4925000000012 4472.2675000000008 4094.7875000000008 3888.7662500000001 3800.0100000000007 3613.1812500000001 29.336250000000003 26.470625000000002 3580.5200000000004 3762.1650000000004 2795.1100000000006 3620.0875000000005 4048.6962500000004 2.5000000000000004 27.679375000000007 2682.6250000000005 25.135625000000008 3319.1687500000003 3303.1112500000004
decision_type=2 2 2 2 2 2 2 2 2 2 2 2 2 2 2 2 2 2 2 2 2 2 2 2 2 2 2 2 2 2
left_child=26 -2 4 21 -3 6 -6 -7 9 10 11 13 -11 14 15 16 18 -18 28 -20 -16 22 -4 -15 -12 -23 27 -1 -5 -21
right_child=1 2 3 8 5 7 -8 -9 -10 12 24 -13 -14 23 20 -17 17 -19 19 29 -22 25 -24 -25 -26 -27 -28 -29 -30 -31
leaf_value=0.18581574120449232 0.25596092531391756 -0.045036841206518886 2.3979059389082056 0.94690656472969315 -1.0081889548326193 -1.8405894420051998 0.13558539314654425 -0.63257881686542272 0.7942863719654879 -1.4919351433403791 -0.27114491250965445 -0.45546281876334382 -0.23638202242385856 0.41221925200436432 0.076912655396127183 0.22769542098584378 -0.26329404646090571 0.18135488327167551 0.30064838541499372 -0.81632595563167865 -0.30656121832964728 0.22268995530554925 -0.36555652366234709 0.07274055689008832 0.60944560847628404 0.67729190336540346 -0.32943571579961844 -0.6665097025051091 0.20918340651360229 -0.11603460763636847
leaf_weight=1105 3639 15707 59 230 146 113 828 1037 191 112 174 821 868 1468 1079 2742 2613 929 692 307 3112 1684 26 3026 904 792 2931 287 1426 710
leaf_count=1105 3639 15707 59 230 146 113 828 1037 191 112 174 821 868 1468 1079 2742 2613 929 692 307 3112 1684 26 3026 904 792 2931 287 1426 710
internal_value=-0.00449271 0.0160227 -0.00486774 0.0585372 -0.0900844 -0.423212 -0.0358633 -0.751279 0.0167934 0.00979294 0.0286667 0.00398091 -0.379874 0.0245549 -0.0270998 0.051401 -0.0185859 -0.146671 0.116237 -0.0731117 -0.207833 0.407418 1.55261 0.183634 0.467309 0.368104 -0.220111 0.0100848 0.311645 -0.32743
internal_weight=49758 45435 41796 23965 17831 2124 974 1150 21404 21213 20233 19155 980 18334 13840 9649 6907 3542 3365 1709 4191 2561 85 4494 1078 2476 4323 1392 1656 1017
internal_count=49758 45435 41796 23965 17831 2124 974 1150 21404 21213 20233 19155 980 18334 13840 9649 6907 3542 3365 1709 4191 2561 85 4494 1078 2476 4323 1392 1656 1017
is_linear=0
shrinkage=0.05


Tree=142
num_leaves=31
num_cat=0
split_feature=8 6 0 8 7 6 7 5 6 6 8 6 6 7 7 7 6 1 6 7 8 6 8 7 7 6 8 8 6 6
split_gain=83414.3 84509.7 80855.7 68715.6 126911 102958 64859.2 56419.5 52548.4 49637 63243 73571.4 60369.9 49315.6 48974.1 46006.3 44455.3 52260.1 42942.6 49811.5 42307.3 47989.3 56482.3 43554.3 41143.7 57134.4 39449.9 39119.1 42569.8 38367.8
threshold=3027.5687500000008 3016.0012500000007 29.271250000000006 3534.8200000000006 3447.9975000000004 3472.4500000000003 3326.0250000000005 1.0000000180025095e-35 3635.2637500000005 3642.0012500000007 4041.9750000000004 4422.2587500000009 4116.0350000000008 3797.0300000000002 3912.2850000000003 3554.0700000000002 3848.1787500000005 7.5000000000000009 2929.6225000000004 3862.9562500000006 4928.8850000000011 4693.3900000000012 4528.2287500000011 4048.6962500000004 2829.6250000000005 3642.0012500000007 4472.2675000000008 3310.4687500000005 3259.5012500000007 3818.4400000000001
decision_type=2 2 2 2 2 2 2 2 2 2 2 2 2 2 2 2 2 2 2 2 2 2 2 2 2 2 2 2 2 2
left_child=7 2 13 5 24 27 29 8 -1 -6 11 14 -12 -2 -11 -4 -8 -18 -9 -20 21 22 23 -14 25 -5 -23 28 -3 -7
right_child=1 3 15 4 9 6 16 18 -10 10 12 -13 20 -15 -16 -17 17 -19 19 -21 -22 26 -24 -25 -26 -27 -28 -29 -30 -31
leaf_value=-0.32542674010180145 0.37232802846879398 0.0031695014718557952 -0.060647510852724795 2.4476441760148324 0.20452209573795785 -0.13136139524002921 -0.38769224083795867 0.054751939473169454 -2.8991184985637668 -0.0077518676295566819 0.32330133084709117 -1.5074808075863828 0.26609912559288834 2.1642572549673225 -0.27482909965458224 -1.2732425738363826 -1.3842467585980631 0.41627665593916058 -0.16897834654344646 -1.9010345704498748 0.74452513010878318 -1.2550667388221393 0.38232498330888903 -0.12616108728370953 0.40365450090803145 -0.38861027680910554 -0.22456292014607671 0.11581599684623181 -0.2485101532974755 0.67362114250492522
leaf_weight=2374 2478 5685 466 56 3261 879 2002 3620 20 5383 2049 93 920 39 2520 94 227 49 3553 42 190 104 1014 3066 1839 26 868 4278 2385 178
leaf_count=2374 2478 5685 466 56 3261 879 2002 3620 20 5383 2049 93 920 39 2520 94 227 49 3553 42 190 104 1014 3066 1839 26 868 4278 2385 178
internal_value=-0.00426807 0.0274028 0.279197 0.00650377 0.0647938 -0.0729941 -0.319505 -0.136598 -0.346928 0.0265353 -0.00927734 -0.109366 0.0881909 0.400093 -0.0929138 -0.26419 -0.469704 -1.06459 -0.0668082 -0.189214 0.0100115 -0.0133571 0.0491358 -0.0356244 0.452517 1.54834 -0.334823 -0.00641539 -0.0712117 0.00419858
internal_weight=49758 40149 3077 37072 21389 15683 3335 9609 2394 19468 16207 7996 8211 2517 7903 560 2278 276 7215 3595 6162 5972 5000 3986 1921 82 972 12348 8070 1057
internal_count=49758 40149 3077 37072 21389 15683 3335 9609 2394 19468 16207 7996 8211 2517 7903 560 2278 276 7215 3595 6162 5972 5000 3986 1921 82 972 12348 8070 1057
is_linear=0
shrinkage=0.05


Tree=143
num_leaves=31
num_cat=0
split_feature=4 4 5 4 4 8 4 7 6 8 8 7 4 6 8 4 5 7 8 8 5 4 6 6 8 6 5 4 8 8
split_gain=84817.6 74768.3 87012.2 70352.5 90323.4 83413.5 68422 58383.2 57542.6 55581.9 54697.1 69773.3 60942.7 53998.9 67934 56458.7 53306.2 52642.2 50170.6 49602.8 48960.9 125166 54510.7 48926.5 44962 55238.8 44650.9 44273.7 42600.6 42367.4
threshold=2.5000000000000004 21.500000000000004 1.0000000180025095e-35 13.500000000000002 6.5000000000000009 2345.2987500000004 8.5000000000000018 3336.9837500000003 2343.9187500000003 3658.6100000000001 3158.2487500000007 2945.1800000000003 10.500000000000002 2682.6250000000005 2563.1450000000004 4.5000000000000009 1.0000000180025095e-35 2889.2750000000005 2425.5450000000005 2817.5200000000004 1.0000000180025095e-35 7.5000000000000009 3642.0012500000007 3649.1662500000007 4555.4162500000011 4444.4925000000012 1.0000000180025095e-35 7.5000000000000009 2959.7600000000007 3562.1300000000006
decision_type=2 2 2 2 2 2 2 2 2 2 2 2 2 2 2 2 2 2 2 2 2 2 2 2 2 2 2 2 2 2
left_child=16 3 9 4 5 8 20 18 -2 -3 11 -8 -12 -7 -15 26 -1 -10 -5 -13 21 22 -6 -17 25 -9 -16 -22 -18 -29
right_child=1 2 -4 7 6 13 10 24 17 -11 12 19 -14 14 15 23 28 -19 -20 -21 27 -23 -24 -25 -26 -27 -28 29 -30 -31
leaf_value=-0.4296237113645428 0.44721828593361768 -0.36395853653602805 -0.31736904723577747 -1.4872580742513812 0.80626989208229871 0.54211738340293425 0.10517455685290403 0.08227597585538704 -3.7145591243108118 0.46814089634415251 0.276918222179934 -0.97289645801722324 -0.048590919674662628 -1.4683178119037463 -0.34850197417147011 0.31269912140568923 -0.36511767708471665 -0.8960929326108984 0.36744750167206408 -0.2428777967272156 -0.54594938853735542 -0.51555200242880483 -0.5912357811288661 -0.18794909592691836 0.39976887177785536 -0.33489097922917532 0.064429291300308361 -0.28053893986875983 -0.0091346224465021879 0.44505824209642814
leaf_weight=1558 31 283 3029 37 438 736 1589 12146 30 690 2314 257 3798 69 867 3323 1096 37 2507 2460 1579 515 83 572 1020 849 2673 1331 3604 237
leaf_count=1558 31 283 3029 37 438 736 1589 12146 30 690 2314 257 3798 69 867 3323 1096 37 2507 2460 1579 515 83 572 1020 849 2673 1331 3604 237
internal_value=-0.00405467 0.0207056 -0.185231 0.0415714 -0.0151246 0.116169 -0.0901006 0.120112 -1.33396 0.226122 -0.0215157 -0.15801 0.0746467 0.133416 0.0933298 0.107823 -0.176166 -2.15809 0.340473 -0.31193 -0.260915 0.0372243 0.583635 0.239176 0.0801117 0.0550213 -0.0367039 -0.359063 -0.0921468 -0.170866
internal_weight=49758 43500 4002 39498 22939 8338 14601 16559 98 973 10418 4306 6112 8240 7504 7435 6258 67 2544 2717 4183 1036 521 3895 14015 12995 3540 3147 4700 1568
internal_count=49758 43500 4002 39498 22939 8338 14601 16559 98 973 10418 4306 6112 8240 7504 7435 6258 67 2544 2717 4183 1036 521 3895 14015 12995 3540 3147 4700 1568
is_linear=0
shrinkage=0.05


Tree=144
num_leaves=31
num_cat=0
split_feature=7 0 7 6 6 7 6 0 0 6 6 0 7 7 0 6 3 3 1 7 1 0 6 1 7 6 0 0 0 6
split_gain=23139.4 39342.5 19104 18725.3 31470.6 18136.8 19439.2 50946.3 17701.2 16167.3 15378.7 44007.2 25445 22476.5 21426.2 28220.5 16763.8 15647.7 15125.5 15091.7 13959.1 19181 14153 13407.8 13898.1 13575.3 26790.3 16107.2 13833.6 13484.3
threshold=2770.4737500000006 25.913125000000004 2667.6737500000004 4623.0900000000011 4963.005000000001 2504.9887500000004 2472.5250000000005 24.403125000000006 23.353124999999999 3016.0012500000007 2914.3150000000005 26.919375000000002 3279.0037500000003 3525.6937500000008 24.616875000000004 3600.3562500000003 1.0000000180025095e-35 1.0000000180025095e-35 7.5000000000000009 3412.7812500000005 9.5000000000000018 23.271250000000006 2757.3775000000005 2.5000000000000004 3903.5725000000007 3518.2850000000008 26.559375000000006 29.796875000000004 28.034375000000008 4241.1875000000009
decision_type=2 2 2 2 2 2 2 2 2 2 2 2 2 2 2 2 2 2 2 2 2 2 2 2 2 2 2 2 2 2
left_child=1 5 -3 10 -5 -1 7 8 -7 18 11 12 20 17 15 -12 -17 -13 -8 -18 21 -2 -23 24 25 26 -16 -28 -27 -26
right_child=3 2 -4 4 -6 6 9 -9 -10 -11 14 13 -14 -15 23 16 19 -19 -20 -21 -22 22 -24 -25 29 28 27 -29 -30 -31
leaf_value=0.25636770659873981 -0.42458777985620233 0.18027394498060093 0.55811958849419663 -0.26892433218086981 0.43336885354805804 -1.4641128619511923 -0.0794187868565321 -3.0034296333789827 0.069684530897387145 -0.32604732944948633 -0.052828967928890559 -0.14933781130535137 0.51824029097217139 -1.1285579829077637 0.11794045204226011 -0.46033547322880408 0.73228233611246329 0.5424265248593928 0.30984267707058744 -0.18115572817623615 0.40083040001976916 0.24606668007165855 -0.0096713985220913037 0.014421174996257944 -0.29732934433663732 -0.059900584509520516 -0.43038733378372696 -0.10891211500756409 0.19944062069810309 -0.0087843106808966811
leaf_weight=469 176 890 536 1344 181 24 750 20 87 383 5389 1354 480 56 988 766 53 87 374 308 389 1082 1082 26840 1063 984 553 1319 1077 654
leaf_count=469 176 890 536 1344 181 24 750 20 87 383 5389 1354 480 56 988 766 53 87 374 308 389 1082 1082 26840 1063 984 553 1319 1077 654
internal_value=-0.00385194 0.119482 0.322297 -0.0132784 -0.18557 -0.0177823 -0.0962783 -0.680494 -0.261947 -0.0454937 -0.00740042 0.0780959 0.182527 -0.145766 -0.0174606 -0.100414 -0.327952 -0.107573 0.0501042 -0.0470499 0.123479 0.0773728 0.118198 -0.00131491 -0.064942 -0.0222066 -0.0927042 -0.203878 0.0756212 -0.187423
internal_weight=49758 3533 1426 46225 1525 2107 1638 131 111 1507 44700 4706 3209 1497 39994 6516 1127 1441 1124 361 2729 2340 2164 33478 6638 4921 2860 1872 2061 1717
internal_count=49758 3533 1426 46225 1525 2107 1638 131 111 1507 44700 4706 3209 1497 39994 6516 1127 1441 1124 361 2729 2340 2164 33478 6638 4921 2860 1872 2061 1717
is_linear=0
shrinkage=0.05


Tree=145
num_leaves=31
num_cat=0
split_feature=8 6 8 7 6 3 8 6 6 4 4 4 6 1 1 8 7 7 8 4 4 1 8 6 4 6 4 1 6 6
split_gain=88224.2 80153.7 81394 80741.7 69758.2 54707.9 54590.5 90957.8 77318.8 66172.5 53548.8 136973 52899.6 52462.1 50743.2 51861.2 50619.1 50239.1 47915.1 46592 46514.1 44845.3 44180.1 87600.8 41080 56906.2 47132 41037.9 40179.9 39739.3
threshold=3100.0600000000004 3166.7437500000005 3407.8400000000006 3348.3550000000005 2980.5125000000003 1.0000000180025095e-35 4372.7737500000012 4472.0900000000011 4444.4925000000012 17.500000000000004 18.500000000000004 17.500000000000004 3335.4600000000005 9.5000000000000018 2.5000000000000004 3959.7775000000006 4355.4437500000013 3309.3050000000007 2728.3100000000004 3.5000000000000004 8.5000000000000018 3.5000000000000004 3778.5500000000006 3834.5475000000001 7.5000000000000009 2631.0750000000003 3.5000000000000004 2.5000000000000004 3717.5600000000004 3539.3575000000005
decision_type=2 2 2 2 2 2 2 2 2 2 2 2 2 2 2 2 2 2 2 2 2 2 2 2 2 2 2 2 2 2
left_child=4 21 12 5 18 -4 8 27 10 -10 11 16 -3 14 -12 -16 22 19 -1 -6 29 -2 23 -5 25 -20 -27 -8 -19 -14
right_child=1 2 3 6 17 -7 7 -9 9 -11 13 -13 20 -15 15 -17 -18 28 24 -21 -22 -23 -24 -25 -26 26 -28 -29 -30 -31
leaf_value=-0.20774745617980642 -0.087647433503659222 -0.016040291815507174 0.18245113909539365 0.0058794046642106643 -0.54389412633779688 0.73632557680852329 -0.079006829529323364 0.012466234965424918 -1.8039442656962201 -0.32649780147896412 -0.29576428793488119 0.51320482225067399 -0.41919945773931888 -0.37396886803127943 -0.093385647208948111 0.3043878981475332 -0.50675654511503654 -0.54156396902386061 1.0297446986888441 -0.12131012659955294 -0.14567481062576162 0.29264413197902905 0.14863670652483332 -0.61228154992885231 -0.10612721013308309 -0.043515055525947262 0.38746802216579201 0.67128968361954566 -2.3009629722903759 -1.2545036893023784
leaf_weight=1932 951 4151 1491 5412 764 636 220 2195 100 313 1309 1512 1001 1468 1984 1396 462 712 196 4460 2142 4194 4399 641 1659 1443 1132 1062 34 166
leaf_count=1932 951 4151 1491 5412 764 636 220 2195 100 313 1309 1512 1001 1468 1984 1396 462 712 196 4460 2142 4194 4399 641 1659 1443 1132 1062 34 166
internal_value=0.00073717 0.0391534 0.00975379 0.0536257 -0.115163 0.348067 0.0257577 0.207907 -0.00758253 -0.684233 0.00745577 0.0672013 -0.134918 -0.113122 -0.0314581 0.0709019 0.00541307 -0.237924 3.43304e-05 -0.183112 -0.284044 0.222351 0.028052 -0.0595825 0.0906516 0.208463 0.14595 0.542534 -0.621751 -0.538017
internal_weight=49537 37205 32060 24600 12332 2127 22473 3477 18996 413 18583 12426 7460 6157 4689 3380 10914 5970 6362 5224 3309 5145 10452 6053 4430 2771 2575 1282 746 1167
internal_count=49537 37205 32060 24600 12332 2127 22473 3477 18996 413 18583 12426 7460 6157 4689 3380 10914 5970 6362 5224 3309 5145 10452 6053 4430 2771 2575 1282 746 1167
is_linear=0
shrinkage=0.05


Tree=146
num_leaves=31
num_cat=0
split_feature=8 7 6 7 6 8 7 7 6 4 8 6 4 1 6 8 4 8 6 8 4 6 1 6 7 6 8 8 6 4
split_gain=81859.6 84273.8 75695.3 86809.5 63919.9 58328.7 83865.1 72608.8 55351.2 56096 54068.3 55027.8 53173.9 52253.3 52033.2 45460.8 44481.7 43879.3 56761.6 84957.9 80615.9 44464.5 42586.3 42209.4 41949.8 45353.6 41464.7 41324.6 41171.6 50241.4
threshold=3207.0187500000006 2841.1350000000007 3220.2600000000007 2929.5550000000007 3190.9950000000003 3866.1200000000003 3730.5412500000007 3723.3675000000007 3642.0012500000007 8.5000000000000018 2907.0200000000004 2794.2987500000004 9.5000000000000018 2.5000000000000004 3880.8112500000002 2345.2987500000004 2.5000000000000004 4928.8850000000011 4623.0900000000011 4498.9400000000014 17.500000000000004 4734.1262500000012 6.5000000000000009 4444.4925000000012 2504.9887500000004 2425.5450000000005 2631.0750000000003 3771.6512500000003 3058.5050000000006 7.5000000000000009
decision_type=2 2 2 2 2 2 2 2 2 2 2 2 2 2 2 2 2 2 2 2 2 2 2 2 2 2 2 2 2 2
left_child=2 8 10 12 27 6 16 -7 9 -2 11 15 -4 -9 -8 22 -6 18 19 23 -20 -19 -1 -15 -24 -26 -5 -3 29 -12
right_child=1 4 3 26 5 7 14 13 -10 -11 28 -13 -14 17 -16 -17 -18 21 20 -21 -22 -23 24 -25 25 -27 -28 -29 -30 -31
leaf_value=0.076047884668164617 0.47814050817253939 0.22531343266714923 -0.51490792001443586 -2.2135413639685688 -0.24506217672684 0.4523498420231617 -0.13004115570253466 -0.16993322118302956 -0.83420435604841825 1.8055730434496013 0.30686349765092213 -0.30913358771304356 0.33715369177544946 0.12324530632673732 -0.52026908592433918 0.075068832788706089 0.054675168507983332 2.5885227530233323 -1.3314189675361752 0.63614937196383525 -0.072662264581027411 0.5236602938029824 0.39054629287936471 -0.37212813855440524 -0.41621029090881345 -3.083095533633605 -0.45385086537122227 1.3250513692132451 -0.089172418956121935 -0.018633111934543967
leaf_weight=79 196 2916 254 34 1388 1302 3426 2053 46 134 2278 2907 656 6036 1138 2220 11436 31 143 793 1151 164 22 463 25 44 2176 88 3466 2472
leaf_count=79 196 2916 254 34 1388 1302 3426 2053 46 134 2278 2907 656 6036 1138 2220 11436 31 143 793 1151 164 22 463 25 44 2176 88 3466 2472
internal_value=0.000700312 0.0463987 -0.0897019 -0.311684 0.0377956 0.0154381 -0.0432751 0.0995603 0.790662 1.01716 -0.0384487 -0.163009 0.0993255 0.057163 -0.227342 0.0147243 0.0222332 0.110258 0.093414 0.14757 -0.211768 0.85192 -0.773304 0.087954 -1.51065 -2.11683 -0.480923 0.257529 0.0418576 0.137468
internal_weight=49537 32904 16633 3120 32528 29524 17388 12136 376 330 13513 5297 910 10834 4564 2390 12824 8781 8586 7292 1294 195 170 6499 91 69 2210 3004 8216 4750
internal_count=49537 32904 16633 3120 32528 29524 17388 12136 376 330 13513 5297 910 10834 4564 2390 12824 8781 8586 7292 1294 195 170 6499 91 69 2210 3004 8216 4750
is_linear=0
shrinkage=0.05


Tree=147
num_leaves=31
num_cat=0
split_feature=4 8 7 8 7 6 6 8 6 8 5 4 4 4 4 1 4 6 1 4 4 8 6 4 4 4 1 4 1 4
split_gain=77047.3 74059.7 56259.8 68570.1 96325.4 99777.8 85138.1 58271.1 75925.8 56558 48773.9 72179.4 112988 95712.2 113401 132876 84207.3 55132.9 51422.7 47504.8 44716.2 50726.5 49915.6 45401.4 44624.1 136921 94450.4 82953.6 82827.5 73892.8
threshold=1.0000000180025095e-35 2631.0750000000003 2770.4737500000006 3420.0250000000005 3554.0700000000002 3393.0300000000002 3288.0450000000005 4094.7875000000008 4104.505000000001 3733.1750000000006 1.0000000180025095e-35 21.500000000000004 20.500000000000004 18.500000000000004 17.500000000000004 10.500000000000002 14.500000000000002 4472.0900000000011 2.5000000000000004 9.5000000000000018 6.5000000000000009 2860.8662500000005 2728.3100000000004 4.5000000000000009 19.500000000000004 18.500000000000004 9.5000000000000018 21.500000000000004 10.500000000000002 16.500000000000004
decision_type=2 2 2 2 2 2 2 2 2 2 2 2 2 2 2 2 2 2 2 2 2 2 2 2 2 2 2 2 2 2
left_child=-1 -2 19 6 5 9 20 8 -6 -5 24 12 13 14 16 -16 -12 -18 -15 -3 22 -22 -4 -24 25 26 29 -26 -27 -9
right_child=1 2 3 4 7 -7 -8 10 -10 -11 11 -13 -14 18 15 -17 17 -19 -20 -21 21 -23 23 -25 27 28 -28 -29 -30 -31
leaf_value=-0.29907320479071559 -0.31051652809130714 0.11301692082110833 0.64527729682299617 0.57194087553591177 -0.0071163946479325868 0.1391210324306153 -0.22648495259527679 0.45713868860918816 -0.40896613422287142 2.0663721222486067 0.53816171925774359 -0.32889456369422765 0.729848835966043 -0.72192717268445061 1.2356519500740391 -0.83925893697887666 -0.14799169140697985 -1.5069950692624932 -0.083648309499683451 0.59566130530742456 -0.46362919250322271 -0.027773899598996017 -0.034725265299621833 0.2720020473759186 -0.28598130003930156 1.8715288495512441 2.7746068824421277 0.69994835947073131 -0.7328221749514342 -0.76726239611937974
leaf_weight=2055 1699 1654 413 1150 10292 4133 5368 344 1327 67 499 997 689 422 453 93 740 83 1251 737 731 7692 3390 1873 528 239 33 358 35 192
leaf_count=2055 1699 1654 413 1150 10292 4133 5368 344 1327 67 499 997 689 422 453 93 740 83 1251 737 731 7692 3390 1873 528 239 33 358 35 192
internal_value=0.000665296 0.0136378 0.0256672 0.0126564 0.0693529 0.256293 -0.0570237 0.0155102 -0.0530114 0.654214 0.129966 0.0538183 0.144023 0.0300339 0.276043 0.882233 0.0256795 -0.285048 -0.244649 0.261787 0.00749634 -0.0656001 0.115969 0.0744331 0.36017 0.620581 0.178389 0.112397 1.53886 0.0185473
internal_weight=49537 47482 45783 43392 23925 5350 19467 18575 11619 1217 6956 5227 4230 3541 1868 546 1322 823 1673 2391 14099 8423 5676 5263 1729 843 569 886 274 536
internal_count=49537 47482 45783 43392 23925 5350 19467 18575 11619 1217 6956 5227 4230 3541 1868 546 1322 823 1673 2391 14099 8423 5676 5263 1729 843 569 886 274 536
is_linear=0
shrinkage=0.05


Tree=148
num_leaves=31
num_cat=0
split_feature=8 5 6 8 7 8 4 6 6 6 4 8 6 7 4 0 7 8 6 4 6 7 6 6 6 8 4 0 5 4
split_gain=72564.6 73617.6 65106.1 63647.7 68598.5 48823 56343 49262.3 45956.4 41517.7 44483.6 47451.3 47175.1 44887.9 41071.3 40079.1 45864.8 69723.5 42808.2 38048.7 45453.4 37425 64772.2 34298 34216.8 83887.5 38253.6 57682.8 45967.1 48850.5
threshold=3100.0600000000004 1.0000000180025095e-35 3166.7437500000005 3407.8400000000006 3348.3550000000005 4868.6775000000007 22.500000000000004 4693.3900000000012 3399.0075000000002 3016.0012500000007 8.5000000000000018 2860.8662500000005 3254.8962500000002 2929.5550000000007 8.5000000000000018 29.336250000000003 3533.1150000000002 3494.4650000000006 2937.6225000000004 1.5000000000000002 4693.3900000000012 2829.6250000000005 3678.1225000000009 3790.9800000000005 3606.7425000000007 3733.1750000000006 15.500000000000002 29.336250000000003 1.0000000180025095e-35 18.500000000000004
decision_type=2 2 2 2 2 2 2 2 2 2 2 2 2 2 2 2 2 2 2 2 2 2 2 2 2 2 2 2 2 2
left_child=1 -1 15 8 21 6 19 -7 -4 -3 11 -11 -13 -12 -10 18 17 -17 -2 20 -6 22 -5 -23 -21 -26 27 -27 -28 -30
right_child=2 9 3 4 5 7 -8 -9 14 10 13 12 -14 -15 -16 16 -18 -19 -20 24 -22 23 -24 -25 25 26 28 -29 29 -31
leaf_value=-0.31471061078417051 0.5526919839523019 0.057731030183975865 -0.03817940078092643 2.3404037545169039 -0.17550188519246654 1.962654422304847 -0.32327694352954151 0.34876428258989439 -0.6478984716090378 -1.0324451575574056 0.24329290196772335 -0.15075330310445056 -1.072543956541246 -0.20992553729408356 -0.17289239764826198 -0.12032900101406406 -0.76489545832501682 1.3601407449599856 0.17671662696744189 0.17940007915663206 -2.1111268570346216 0.20792465464577786 -0.57085382403998541 0.88979367733001702 -0.20711659803754562 -0.012393815801078354 0.22078873181469755 0.41923036681677744 0.15051753075974394 -0.13533316959564132
leaf_weight=3113 981 5301 5240 56 1402 55 1184 337 639 221 981 1328 155 1233 1581 549 205 93 3317 4026 31 1837 29 205 3316 1395 2235 1739 2233 4520
leaf_count=3113 981 5301 5240 56 1402 55 1184 337 639 221 981 1328 155 1233 1581 549 205 93 3317 4026 31 1837 29 205 3316 1395 2235 1739 2233 4520
internal_value=0.000632031 -0.10448 0.0354725 0.00897583 0.0477713 0.0220844 0.012265 0.575203 -0.118956 -0.0334907 -0.156912 -0.348953 -0.247097 -0.00910924 -0.309617 0.200581 -0.113779 0.0941316 0.262531 0.0312764 -0.217375 0.319169 1.34715 0.276379 0.0495829 0.0157285 0.0766882 0.227107 0.0242393 -0.0408115
internal_weight=49537 12332 37205 32060 24600 22473 22081 392 7460 9219 3918 1704 1483 2214 2220 5145 847 642 4298 20897 1433 2127 85 2042 19464 15438 12122 3134 8988 6753
internal_count=49537 12332 37205 32060 24600 22473 22081 392 7460 9219 3918 1704 1483 2214 2220 5145 847 642 4298 20897 1433 2127 85 2042 19464 15438 12122 3134 8988 6753
is_linear=0
shrinkage=0.05


Tree=149
num_leaves=31
num_cat=0
split_feature=4 8 4 4 4 0 4 7 8 8 7 8 1 1 4 4 8 7 7 8 7 6 6 6 8 7 1 8 8 6
split_gain=69889.2 61177.6 53924.6 50981.2 176516 74758.1 106310 65535.2 86904.6 74677.7 64136.8 55505 51341.1 49744.1 106290 97233 100028 56977.5 55468.1 53174.3 50179.5 49625.9 46243.4 45968.8 45903.8 43284 38372.1 37174.9 37146.1 53136.5
threshold=2.5000000000000004 2504.5587500000006 21.500000000000004 17.500000000000004 18.500000000000004 25.630625000000006 8.5000000000000018 2841.1350000000007 2967.1825000000003 3167.5200000000004 4448.9625000000005 4727.9650000000011 9.5000000000000018 8.5000000000000018 16.500000000000004 16.500000000000004 3836.5275000000006 3607.0600000000004 3512.2525000000005 3481.7637500000005 3166.8725000000004 2682.6250000000005 3856.0350000000003 3671.7612500000005 3549.0825000000004 3177.0125000000003 10.500000000000002 3290.2300000000005 2889.5650000000005 3021.6687500000003
decision_type=2 2 2 2 2 2 2 2 2 2 2 2 2 2 2 2 2 2 2 2 2 2 2 2 2 2 2 2 2 2
left_child=-1 -2 3 5 12 21 24 9 -9 -8 13 25 -5 15 23 16 17 19 -18 20 -10 -3 -21 -15 -7 -6 -16 -4 -23 -30
right_child=1 2 27 4 11 6 7 8 10 -11 -12 -13 -14 14 26 -17 18 -19 -20 22 -22 28 -24 -25 -26 -27 -28 -29 29 -31
leaf_value=-0.15663304821620097 -0.45430850245063115 0.56536198934995596 -0.58730173209942527 0.67078623906693013 1.7145444803767735 -0.40373171433034671 0.23310497520745069 -0.40202407189681966 0.16067804475435984 1.4886682070166102 -0.8787347603956035 0.60700615709744554 0.0040654449989369693 0.16283364023766067 0.56198031869270426 -0.42988142155618703 1.6255395449334529 -0.28276958998660107 0.29762285604945643 0.43793395338671143 -0.17844735885526308 -0.11088110206625335 -0.77582920272560685 -0.40402280175506516 -0.053904998156238448 -0.024616679814782837 1.5140424629561156 -0.091478818529853942 0.4342654418212985 0.087043703730249444
leaf_weight=6185 661 638 422 1720 36 2393 1234 1283 1827 131 193 384 347 3059 292 1258 82 1896 1919 1022 2707 1574 85 405 1542 5742 166 3629 1390 5315
leaf_count=6185 661 638 422 1720 36 2393 1234 1283 1827 131 193 384 347 3059 292 1258 82 1896 1919 1022 2707 1574 85 405 1542 5742 166 3629 1390 5315
internal_value=0.00060043 0.0230328 0.0304237 0.0486189 0.159026 0.0187434 -0.03175 0.0208906 -0.00715383 0.353602 0.0268223 0.0249051 0.55886 0.0386971 0.191206 -0.0167066 0.0377884 -0.0456423 0.35204 0.0340586 -0.0417949 0.140455 0.344736 0.0965586 -0.266646 -0.0137808 0.907051 -0.14313 0.107711 0.159026
internal_weight=49537 43352 42691 38640 8229 30411 21494 17559 16194 1365 14911 6162 2067 14718 3922 10796 9538 7537 2001 5641 4534 8917 1107 3464 3935 5778 458 4051 8279 6705
internal_count=49537 43352 42691 38640 8229 30411 21494 17559 16194 1365 14911 6162 2067 14718 3922 10796 9538 7537 2001 5641 4534 8917 1107 3464 3935 5778 458 4051 8279 6705
is_linear=0
shrinkage=0.05


Tree=150
num_leaves=31
num_cat=0
split_feature=8 6 8 6 7 6 8 3 4 7 4 8 6 6 7 4 1 4 8 6 4 8 4 6 7 6 4 8 6 8
split_gain=68927.9 75666.3 62740.1 123675 103681 76169.1 67630.4 55527 83456.3 123480 46833.7 46803.6 63417.7 45667.6 42437.8 40550.7 40297.3 39518.1 38067.4 51320.4 50641 49298.8 36913 44921.6 39294.6 54914.1 46636.1 36484.6 36252.7 38546.9
threshold=2817.5200000000004 2914.3150000000005 3666.3525000000004 3613.1812500000001 3587.0875000000005 3586.7187500000005 4019.1987500000005 1.0000000180025095e-35 8.5000000000000018 2980.4125000000004 7.5000000000000009 3295.5350000000003 3234.5012500000007 2648.6612500000006 3554.0700000000002 22.500000000000004 3.5000000000000004 21.500000000000004 4814.6737500000008 4693.3900000000012 17.500000000000004 4498.9400000000014 3.5000000000000004 3048.0525000000002 2929.5550000000007 2974.1387500000005 12.500000000000002 3172.8575000000005 4444.4925000000012 4311.0400000000009
decision_type=2 2 2 2 2 2 2 2 2 2 2 2 2 2 2 2 2 2 2 2 2 2 2 2 2 2 2 2 2 2
left_child=13 16 3 7 5 6 -4 11 -9 27 -5 12 -3 -1 -13 18 -2 -12 19 21 -21 28 23 -15 -24 26 -26 -10 29 -6
right_child=1 2 4 10 15 -7 -8 8 9 -11 17 14 -14 22 -16 -17 -18 -19 -20 20 -22 -23 24 -25 25 -27 -28 -29 -30 -31
leaf_value=0.070047924470807599 -0.25818747466361847 -0.059945424340040188 0.84239601436764111 -0.75580852164035983 0.015407125026967906 0.2448887510614739 3.7491224516005746 -0.056185198286103556 0.85752619124308438 0.16351914443170332 -0.19915382581655808 0.12168124645054552 -0.38569151547893282 -0.53119257923677965 -0.15494860417248649 -0.31088115957441165 0.29031255579340154 -0.93438454639488067 0.52411886345733094 -1.65785191525938 -0.24813354041252222 0.3907863210771233 -0.053206258759962634 -2.7768534453018852 0.12985527010619316 -0.9601510328732149 -1.1183455980204522 2.0712747063901689 -0.33066440097965544 0.30601565026799304
leaf_weight=1230 372 6413 425 556 10791 1695 21 2911 442 2115 2529 4773 1948 701 1954 841 3354 197 405 72 553 1000 1613 23 367 343 94 72 674 1276
leaf_count=1230 372 6413 425 556 10791 1695 21 2911 442 2115 2529 4773 1948 701 1954 841 3354 197 405 72 553 1000 1613 23 367 343 94 72 674 1276
internal_value=0.00141541 0.0196772 0.000371165 -0.0524993 0.0715779 0.397868 0.97926 -0.00714058 0.128239 0.332446 -0.337588 -0.0568493 -0.13584 -0.188217 0.0413282 0.0268311 0.235551 -0.252287 0.046059 0.0325818 -0.410533 0.0527365 -0.289352 -0.602533 -0.19554 -0.481094 -0.124659 1.02755 0.0262041 0.0461369
internal_weight=49760 45389 41663 23910 17753 2141 446 20628 5540 2629 3282 15088 8361 4371 6727 15612 3726 2726 14771 14366 625 13741 3141 724 2417 804 461 514 12741 12067
internal_count=49760 45389 41663 23910 17753 2141 446 20628 5540 2629 3282 15088 8361 4371 6727 15612 3726 2726 14771 14366 625 13741 3141 724 2417 804 461 514 12741 12067
is_linear=0
shrinkage=0.05


Tree=151
num_leaves=31
num_cat=0
split_feature=6 3 7 6 7 0 1 0 1 1 1 0 1 6 0 0 1 6 6 0 6 6 0 7 6 1 0 0 6 7
split_gain=24222.7 24549.9 36989.4 41724.3 25491.2 21932.6 23328.7 19998.9 23328.1 20261 19869.2 20142 25603.6 18702.9 17474 37009.6 41015 27784.2 16914.7 16291.8 15648.2 21999.1 22776.5 20083.3 16071.2 15168.3 15140 15079.4 14931.2 14672.9
threshold=2794.2987500000004 1.0000000180025095e-35 3279.0037500000003 3798.0150000000008 3032.0500000000006 25.248125000000005 5.5000000000000009 30.250625000000003 6.5000000000000009 7.5000000000000009 10.500000000000002 28.105625000000007 8.5000000000000018 3249.7075000000004 26.315625000000004 26.733125000000005 2.5000000000000004 3466.0600000000004 2860.2825000000007 23.271250000000006 4884.2275000000018 4623.0900000000011 30.654375000000005 4325.0600000000004 4472.0900000000011 8.5000000000000018 27.534375000000008 24.679375000000004 3043.3075000000003 3692.2800000000007
decision_type=2 2 2 2 2 2 2 2 2 2 2 2 2 2 2 2 2 2 2 2 2 2 2 2 2 2 2 2 2 2
left_child=7 -2 3 5 -5 13 14 8 29 19 11 12 18 -3 17 16 -16 -7 -8 -10 21 23 26 24 -4 -13 -23 -11 -27 -1
right_child=1 2 20 4 -6 6 10 -9 9 27 -12 25 -14 -15 15 -17 -18 -19 -20 -21 -22 22 -24 -25 -26 28 -28 -29 -30 -31
leaf_value=0.31052362543716239 -0.032634812696101981 -0.086770656874126856 -0.029784772983992153 0.0059718237186853701 1.1963188400670681 0.16814778883542336 1.5576154955795833 -0.43428263415101986 -1.0105632699137046 0.37779199242668998 -0.067148252784749826 0.30278869331160557 -0.10752404553781231 0.25970403792010066 -0.020632592269352504 -0.024035561553755361 -3.1844307106733325 2.164194251258265 0.31352350104107674 -0.033368781680737307 0.49380895757506083 -0.67724721564608781 -1.9770594250072133 0.29081103070610509 -0.57150468943906685 -0.12623602178479945 -0.0079830216722247393 0.054043843842693465 0.87470235598471135 1.2550570776989294
leaf_weight=939 32297 1738 6206 65 146 84 28 157 44 661 386 349 432 502 21 807 20 22 1127 1393 141 157 22 489 140 42 183 789 330 43
leaf_count=939 32297 1738 6206 65 146 84 28 157 44 661 386 349 432 502 21 807 20 22 1127 1393 141 157 22 489 140 42 183 789 330 43
internal_value=0.00134464 -0.0090058 0.0477886 0.138783 0.829624 0.114027 0.189645 0.118922 0.141371 0.0697657 0.264888 0.320419 0.220859 -0.0091232 -0.0228322 -0.0984889 -1.56395 0.582422 0.343683 -0.0632898 -0.0278421 -0.038062 -0.417912 -0.0179442 -0.0417357 0.53956 -0.317026 0.201628 0.761693 0.351883
internal_weight=49760 45734 13437 6099 211 5888 3648 4026 3869 2887 2694 2308 1587 2240 954 848 41 106 1155 1437 7338 7197 362 6835 6346 721 340 1450 372 982
internal_count=49760 45734 13437 6099 211 5888 3648 4026 3869 2887 2694 2308 1587 2240 954 848 41 106 1155 1437 7338 7197 362 6835 6346 721 340 1450 372 982
is_linear=0
shrinkage=0.05


Tree=152
num_leaves=31
num_cat=0
split_feature=8 7 8 7 7 0 8 7 5 8 8 5 8 5 7 8 0 8 3 7 8 3 7 0 1 7 0 8 1 1
split_gain=66142 57155.7 42179.3 72506.6 65017.1 41813.9 34896 34490.2 32715.1 33930.4 32585.7 29643.1 26984 26827 26471.6 32173.5 25946.8 25026.6 24981.2 27238 23149 41429.1 22651.3 24581.3 22121.4 23217.6 30852.2 24791.8 24141 23410.8
threshold=2817.5200000000004 2795.1100000000006 3778.5500000000006 3730.5412500000007 3762.1650000000004 25.720625000000005 3201.7650000000008 4592.5687500000013 1.0000000180025095e-35 3153.4450000000002 4928.8850000000011 1.0000000180025095e-35 4281.2512500000012 1.0000000180025095e-35 3191.5550000000007 3562.1300000000006 27.570625000000003 4052.0700000000002 1.0000000180025095e-35 2504.9887500000004 3316.0412500000007 1.0000000180025095e-35 3348.3550000000005 29.211875000000003 2.5000000000000004 4138.295000000001 26.559375000000006 4445.3162500000008 9.5000000000000018 5.5000000000000009
decision_type=2 2 2 2 2 2 2 2 2 2 2 2 2 2 2 2 2 2 2 2 2 2 2 2 2 2 2 2 2 2
left_child=11 5 4 12 8 -2 18 16 9 -3 13 -1 22 17 20 -16 -6 -5 -7 -20 -10 -22 23 -4 -15 26 28 -27 -26 -28
right_child=1 2 3 10 7 6 -8 -9 14 -11 -12 -13 -14 24 15 -17 -18 -19 19 -21 21 -23 -24 -25 25 27 29 -29 -30 -31
leaf_value=-0.41094440255317544 0.12071802448631884 -0.25884206516199337 0.53096341499860622 -0.04567356715922255 -0.12463106125823993 0.00031083529077780746 1.4179254806498394 -1.5700638766090076 0.067271658763781259 -0.016306991967546949 0.68648827030852033 -0.10961637263773248 1.1141043763785135 -0.18984886554299021 -0.065503840794528381 0.12345941162016945 -0.43701517738114204 0.25566002075912309 2.0391120828049525 0.55936835958325304 0.12967654448225915 0.81315567420536528 0.24138622176021915 1.9103115668663613 0.077390278967344295 -0.17191764490312611 0.16978411529835555 0.091059435243621895 -0.32980700820752323 0.64190569705329836
leaf_weight=1086 1183 2180 188 1076 2187 192 114 48 6696 4260 185 3285 105 1669 8624 3049 955 1916 35 279 834 302 2037 39 1441 2376 1153 1439 487 340
leaf_count=1086 1183 2180 188 1076 2187 192 114 48 6696 4260 185 3285 105 1669 8624 3049 955 1916 35 279 834 302 2037 39 1441 2376 1153 1439 487 340
internal_value=0.0012774 0.0191663 0.00775464 0.0775947 -0.0268861 0.295033 0.627639 -0.2399 -0.000695571 -0.0984074 0.0280014 -0.184483 0.330523 0.0177618 0.0315661 -0.0161464 -0.219579 0.147293 0.44959 0.724308 0.102678 0.311376 0.294182 0.767944 -0.0257594 0.0120883 0.106668 -0.0727239 -0.0254651 0.2773
internal_weight=49760 45389 43586 14451 29135 1803 620 3190 25945 6440 12082 4371 2369 11897 19505 11673 3142 2992 506 314 7832 1136 2264 227 8905 7236 3421 3815 1928 1493
internal_count=49760 45389 43586 14451 29135 1803 620 3190 25945 6440 12082 4371 2369 11897 19505 11673 3142 2992 506 314 7832 1136 2264 227 8905 7236 3421 3815 1928 1493
is_linear=0
shrinkage=0.05


Tree=153
num_leaves=31
num_cat=0
split_feature=4 4 4 4 5 8 7 7 0 8 0 6 5 4 4 4 0 8 6 6 8 6 6 8 8 4 7 7 8 6
split_gain=62920.8 60869.2 106001 62524.1 57372 55444 66660.6 59740.6 53444.6 50769.6 63874.3 45279.1 44327.1 180339 69267.5 65937.1 38406.6 33888.5 61375.2 45965.7 32794.4 46050.5 45018.5 44211.1 39997.1 39581.8 33476.1 32300.8 79471.2 43671.8
threshold=3.5000000000000004 6.5000000000000009 8.5000000000000018 22.500000000000004 1.0000000180025095e-35 3124.5075000000002 3172.0150000000008 3191.5550000000007 24.269375000000007 2345.2987500000004 24.616875000000004 3664.1450000000004 1.0000000180025095e-35 5.5000000000000009 5.5000000000000009 4.5000000000000009 28.775625000000002 3027.5687500000008 3016.0012500000007 3069.0362500000006 4325.5875000000005 4116.0350000000008 4472.0900000000011 3513.7012500000005 3970.0150000000008 20.500000000000004 3587.0875000000005 3580.5200000000004 3520.5025000000005 3423.8000000000006
decision_type=2 2 2 2 2 2 2 2 2 2 2 2 2 2 2 2 2 2 2 2 2 2 2 2 2 2 2 2 2 2
left_child=4 9 8 5 -1 7 -7 -4 -3 10 -2 12 13 -11 15 -14 -9 19 -19 -6 21 24 -22 -23 27 -24 -26 28 -8 -30
right_child=1 2 3 -5 17 6 20 16 -10 11 -12 -13 14 -15 -16 -17 -18 18 -20 -21 22 23 25 -25 26 -27 -28 -29 29 -31
leaf_value=-0.3513607373644082 0.055099518804086582 0.75388204159610206 0.0030708324410629907 -0.23614955974216512 -0.14058891748147331 0.35358865856830934 0.0029211046897814259 -0.23281043499113063 -0.26856341187341543 -0.40673391668454928 -3.274959139029185 -0.17466804441937711 0.22186000432581118 0.83006613103642746 0.021335217089975295 0.71370036735102227 -0.86099691904097231 0.65237853101147625 -0.024975387792419923 -0.98401818161152976 0.42704633005980147 -2.0215852864326971 -0.16981935420167277 -0.1238255467750053 1.0453197681665187 0.31128113606939795 0.21359356825602185 -0.041092204479040273 0.93270124056686954 0.28391444407526462
leaf_weight=2082 36 132 4069 2021 1966 2099 4406 1036 4026 923 24 768 1393 433 1321 1334 318 367 3768 176 1341 31 974 3063 128 762 2206 6773 315 1469
leaf_count=2082 36 132 4069 2021 1966 2099 4406 1036 4026 923 24 768 1393 433 1321 1334 318 367 3768 176 1341 31 974 3063 128 762 2206 6773 315 1469
internal_value=0.00121353 0.0264773 0.000956354 0.0327419 -0.123915 0.0514873 0.0846569 -0.0926597 -0.236105 0.1705 -1.27692 0.184571 0.235624 -0.011797 0.318506 0.46246 -0.380346 -0.0484737 0.0351428 -0.20989 0.0583625 0.033085 0.209445 -0.14284 0.0686679 0.0413549 0.259207 0.0343612 0.116921 0.39847
internal_weight=49760 41401 35169 31011 8359 28990 23567 5423 4158 6232 60 6172 5404 1356 4048 2727 1354 6277 4135 2142 21468 18391 3077 3094 15297 1736 2334 12963 6190 1784
internal_count=49760 41401 35169 31011 8359 28990 23567 5423 4158 6232 60 6172 5404 1356 4048 2727 1354 6277 4135 2142 21468 18391 3077 3094 15297 1736 2334 12963 6190 1784
is_linear=0
shrinkage=0.05


Tree=154
num_leaves=31
num_cat=0
split_feature=4 5 4 4 4 7 4 4 1 1 5 4 6 3 5 4 6 3 5 4 5 4 4 5 1 1 1 1 4 5
split_gain=56938 53529.2 51227.4 47831.4 91359.3 49164.3 43680 71168.3 56498.3 56204.5 41862.6 69331 75256.8 41675.8 45218.7 40052.9 47821.7 41099.7 37590.5 35993.4 156774 201029 148210 218409 235825 150558 104310 79024.8 124907 143939
threshold=2.5000000000000004 1.0000000180025095e-35 22.500000000000004 12.500000000000002 6.5000000000000009 2770.4737500000006 11.500000000000002 8.5000000000000018 4.5000000000000009 8.5000000000000018 1.0000000180025095e-35 7.5000000000000009 3586.7187500000005 1.0000000180025095e-35 1.0000000180025095e-35 4.5000000000000009 3664.1450000000004 1.0000000180025095e-35 1.0000000180025095e-35 18.500000000000004 1.0000000180025095e-35 19.500000000000004 17.500000000000004 1.0000000180025095e-35 10.500000000000002 8.5000000000000018 10.500000000000002 8.5000000000000018 16.500000000000004 1.0000000180025095e-35
decision_type=2 2 2 2 2 2 2 2 2 2 2 2 2 2 2 2 2 2 2 2 2 2 2 2 2 2 2 2 2 2
left_child=1 -1 3 4 15 -5 7 9 -9 10 11 12 -6 14 -8 18 17 -17 -2 22 21 26 27 25 -25 -24 -21 -7 -29 -30
right_child=2 -3 -4 5 6 19 13 8 -10 -11 -12 -13 -14 -15 -16 16 -18 -19 -20 20 -22 -23 23 24 -26 -27 -28 28 29 -31
leaf_value=-0.39582427747019944 -0.25673298170606434 -0.056396605092236068 -0.22434208132842726 0.56412306702580917 1.1023452116063799 -0.035509467690029654 0.01895434579998255 -0.16054870784689798 0.1531522155433519 -0.52854618810648235 -0.21963775736451641 -0.26884001832006982 -0.51918420499035467 0.04365021827119353 -0.61603390504604238 0.39104642334600564 -0.22379943364493129 0.014124400323445708 0.086996968492718207 1.4427240729081003 -0.13337554840107954 0.081968949056070162 -0.92008620524345197 1.0029048429729712 -1.1276303247372796 1.0449233346919817 -1.0030486981811313 0.10733684180892565 -0.44820488587197299 1.4152896039898155
leaf_weight=1539 1065 4736 2021 527 281 7258 375 2219 4064 1112 2291 378 96 581 1111 2573 530 1006 3142 475 6093 1522 365 1416 143 133 48 2106 138 416
leaf_count=1539 1065 4736 2021 527 281 7258 375 2219 4064 1112 2291 378 96 581 1111 2573 530 1006 3142 475 6093 1522 365 1416 143 133 48 2106 138 416
internal_value=0.00115286 -0.139644 0.0214703 0.0334514 -0.0200129 0.0873923 -0.105407 -0.0638334 0.0423608 -0.2243 -0.113229 0.209663 0.689436 -0.315406 -0.455791 0.108427 0.219459 0.2851 -1.81009e-05 0.074901 -0.00623653 0.372569 0.130041 0.516289 0.807481 -0.395295 1.21826 0.0499326 0.283068 0.951098
internal_weight=49760 6275 43485 41464 20824 20640 12508 10441 6283 4158 3046 755 377 2067 1486 8316 4109 3579 4207 20113 8138 2045 11975 2057 1559 498 523 9918 2660 554
internal_count=49760 6275 43485 41464 20824 20640 12508 10441 6283 4158 3046 755 377 2067 1486 8316 4109 3579 4207 20113 8138 2045 11975 2057 1559 498 523 9918 2660 554
is_linear=0
shrinkage=0.05


Tree=155
num_leaves=31
num_cat=0
split_feature=8 7 3 5 8 7 8 7 1 7 0 7 8 7 8 0 1 1 8 0 0 0 7 0 1 1 8 7 5 0
split_gain=49569.1 73381.9 65259.3 43153.3 37390.1 42655.2 52058.1 33113.5 32232.6 32061.2 32958.1 28410.3 43236.4 27521.9 26694.6 26525.2 25344 24104.5 22215.9 33743.6 27240.9 22032 24047.4 21433.9 21204.1 35697.8 32406.7 22613.3 21785.3 20152
threshold=3172.8575000000005 3114.0300000000007 1.0000000180025095e-35 1.0000000180025095e-35 4422.5750000000016 4038.1475000000005 3915.4400000000005 3467.0137500000005 4.5000000000000009 3671.7212500000001 32.346250000000005 3587.0875000000005 3494.4650000000006 3166.8725000000004 2504.5587500000006 27.108125000000005 2.5000000000000004 2.5000000000000004 3719.0812500000006 27.213125000000005 24.530625000000004 29.863125000000007 3704.5500000000006 28.364375000000006 5.5000000000000009 9.5000000000000018 3942.0437500000003 4847.3062500000015 1.0000000180025095e-35 27.961875000000003
decision_type=2 2 2 2 2 2 2 2 2 2 2 2 2 2 2 2 2 2 2 2 2 2 2 2 2 2 2 2 2 2
left_child=3 2 -2 7 5 6 11 -1 -9 -6 16 12 -3 14 -5 -15 -11 -8 19 20 -13 -19 -23 -14 26 28 27 -7 -26 -27
right_child=1 4 -4 13 9 24 17 8 -10 10 -12 18 23 15 -16 -17 -18 21 -20 -21 -22 22 -24 -25 25 29 -28 -29 -30 -31
leaf_value=-0.18234271367768834 0.13466162461308581 -0.023924730352593907 0.67570100118816678 -0.32799256893441731 1.7135155270204825 -0.39332975756621574 -0.045981727727601993 -2.6602432261813771 -0.62423609550484649 -0.23905586611989113 1.4164037321049434 -0.35093382947313262 0.10560400391782856 -0.055313084917359583 0.046473711070850403 -0.37836233773175837 0.20437690364886554 0.20020935716678767 0.01843936671260751 -0.31850599696318749 0.047401835431583099 1.368799173367488 0.41869207538105169 0.36088798925458504 0.71841211937118388 -0.22082463100560368 -0.10322421332059738 -1.9792291224650715 0.11720732153462315 0.85063651955646025
leaf_weight=3618 2025 7461 769 506 34 990 772 22 167 371 52 543 2812 2150 8007 902 2451 2328 3440 1787 2048 77 493 1162 209 954 3072 23 540 46
leaf_count=3618 2025 7461 769 506 34 990 772 22 167 371 52 543 2812 2150 8007 902 2451 2328 3440 1787 2048 77 493 1162 209 954 3072 23 540 46
internal_value=0.00463131 0.0379386 0.283573 -0.0700328 0.0162647 -0.00101289 0.0297079 -0.216046 -0.861232 0.187122 0.169064 -0.00318958 0.0470317 -0.0219676 0.024216 -0.150788 0.14608 0.202289 -0.0766458 -0.151359 -0.036078 0.268427 0.54704 0.180249 -0.121721 0.0239581 -0.184094 -0.429337 0.284967 -0.171537
internal_weight=49831 34459 2794 15372 31665 28757 22923 3807 189 2908 2874 19253 11435 11565 8513 3052 2822 3670 7818 4378 2591 2898 570 3974 5834 1749 4085 1013 749 1000
internal_count=49831 34459 2794 15372 31665 28757 22923 3807 189 2908 2874 19253 11435 11565 8513 3052 2822 3670 7818 4378 2591 2898 570 3974 5834 1749 4085 1013 749 1000
is_linear=0
shrinkage=0.05


Tree=156
num_leaves=31
num_cat=0
split_feature=4 4 4 4 5 8 5 4 8 7 7 6 8 6 4 8 8 1 1 8 8 8 4 4 6 8 8 5 1 8
split_gain=58905.6 61981.8 77365.6 54195.1 61220 56214.4 53319.3 90483.7 49931.8 68125.3 65331.9 43355.4 42932.9 46080.5 42612.7 39559.3 38668.5 38289.9 37489.8 35475 34677.3 33487.2 59518.7 45936.8 42157.9 60103.7 49345.5 38163.2 37884.8 34335.6
threshold=3.5000000000000004 6.5000000000000009 8.5000000000000018 21.500000000000004 1.0000000180025095e-35 3866.1200000000003 1.0000000180025095e-35 7.5000000000000009 3222.0150000000008 2945.1800000000003 3309.3050000000007 3642.0012500000007 2345.2987500000004 2698.0050000000006 7.5000000000000009 2806.0137500000005 3666.3525000000004 8.5000000000000018 5.5000000000000009 2563.1450000000004 2648.6612500000006 4498.9400000000014 14.500000000000002 20.500000000000004 4104.505000000001 3534.8200000000006 3924.6612500000006 1.0000000180025095e-35 1.5000000000000002 4106.0162500000015
decision_type=2 2 2 2 2 2 2 2 2 2 2 2 2 2 2 2 2 2 2 2 2 2 2 2 2 2 2 2 2 2
left_child=-1 12 6 8 5 -5 7 11 9 20 -10 -3 -2 -14 17 -11 -16 -8 -17 -15 -4 24 -23 -24 26 -26 -12 -25 -28 -27
right_child=1 2 3 4 -6 -7 14 -9 10 15 21 -13 13 19 16 18 -18 -19 -20 -21 -22 22 23 27 25 29 28 -29 -30 -31
leaf_value=-0.1168357463570085 -1.2297974658785042 0.75839515772379107 -0.13067342247397551 -0.21166719161426323 -0.25407125524020352 0.54395779006888123 -0.33792595473833981 -0.37110081581640991 0.3298545003394765 -0.62246008067440373 0.032289670018556503 -0.49167492416482877 0.64291917015118738 -1.2225376449366834 -0.19258854503599171 -0.39439037742808414 0.71441645025042821 -0.89785915867825283 -0.04326263374592413 0.15684540676576644 0.29763843661447514 2.6714574327835674 0.064524947591125967 -0.15501610614517902 -2.0496512899032004 -0.29298429786771524 -0.28617400188585779 1.0067678800852675 0.33399104398850582 0.019669467620011118
leaf_weight=8342 54 450 671 453 3007 539 1140 500 2608 422 8943 82 507 47 1434 961 128 417 3638 5639 1598 26 920 94 39 1274 273 285 2514 2826
leaf_count=8342 54 450 671 453 3007 539 1140 500 2608 422 8943 82 507 47 1434 961 128 417 3638 5639 1598 26 920 94 39 1274 273 285 2514 2826
internal_value=0.00439975 0.028776 0.00304593 0.030115 -0.141706 0.198899 -0.199701 0.111831 0.0554772 -0.0563968 0.096663 0.565715 0.17393 0.18617 -0.30278 -0.159147 -0.118263 -0.487889 -0.116634 0.145444 0.170976 0.0612923 0.302776 0.255366 0.0411294 -0.0960649 0.0895392 0.718621 0.273243 -0.077482
internal_weight=49831 41489 35242 31091 3999 992 4151 1032 27092 7290 19802 532 6247 6193 3119 5021 1562 1557 4599 5686 2269 17194 1325 1299 15869 4139 11730 379 2787 4100
internal_count=49831 41489 35242 31091 3999 992 4151 1032 27092 7290 19802 532 6247 6193 3119 5021 1562 1557 4599 5686 2269 17194 1325 1299 15869 4139 11730 379 2787 4100
is_linear=0
shrinkage=0.05


Tree=157
num_leaves=31
num_cat=0
split_feature=4 4 4 4 5 8 5 4 8 7 7 3 0 8 0 3 0 5 4 4 8 4 4 7 4 5 4 5 4 4
split_gain=53162.3 55938.6 69822.4 48911 55251.1 50899.7 48120.6 81661.6 45636.3 57666.6 55978.1 41534.3 39385.1 39153.5 68257.3 41878.9 39934.7 39581.9 155829 38458 34898.3 34877 50130.8 34292.3 30916.2 83663.4 39498.1 51688.8 37277.8 128552
threshold=3.5000000000000004 6.5000000000000009 8.5000000000000018 21.500000000000004 1.0000000180025095e-35 3898.6950000000002 1.0000000180025095e-35 7.5000000000000009 3110.2287500000007 2945.1800000000003 2851.5450000000005 1.0000000180025095e-35 24.700625000000006 2425.5450000000005 24.180625000000003 1.0000000180025095e-35 27.079375000000002 1.0000000180025095e-35 5.5000000000000009 7.5000000000000009 3666.3525000000004 5.5000000000000009 4.5000000000000009 3162.0112500000005 9.5000000000000018 1.0000000180025095e-35 12.500000000000002 1.0000000180025095e-35 18.500000000000004 17.500000000000004
decision_type=2 2 2 2 2 2 2 2 2 2 2 2 2 2 2 2 2 2 2 2 2 2 2 2 2 2 2 2 2 2
left_child=-1 13 6 8 5 -5 7 12 9 -4 11 -10 -3 14 -2 16 17 18 -15 -8 -21 22 -19 -16 25 -12 27 -26 29 -28
right_child=1 2 3 4 -6 -7 19 -9 10 -11 24 -13 -14 15 23 -17 -18 21 -20 20 -22 -23 -24 -25 26 -27 28 -29 -30 -31
leaf_value=-0.11099395897732266 0.53884199851534653 1.275178618862949 0.12645434767007829 -0.17649661275163417 -0.2413676929778299 0.53996039879813851 -0.46349435658158233 -0.3525457737952471 0.42613655771646236 -0.21618319206556547 -0.42080422692402303 1.8614885219505855 0.28655753321065952 -0.408926608934574 -3.4480712520579497 -0.023447606622543134 -0.69410068678124892 0.24675984697443251 0.87530381493061116 -0.18295911855948083 0.67869562598352795 0.13738860145135781 0.72754555998073767 -0.89300964937127869 0.23186181318646898 0.55226615198235862 0.065302727501545949 -0.18250052040432355 -0.001335310238817366 0.50784075322221023
leaf_weight=8342 49 135 2025 486 3007 506 1557 500 180 3120 290 70 397 702 24 1775 106 1072 356 1434 128 1037 1097 29 1002 927 8194 3024 6208 2052
leaf_count=8342 49 135 2025 486 3007 506 1557 500 180 3120 290 70 397 702 24 1775 106 1072 356 1434 128 1037 1097 29 1002 927 8194 3024 6208 2052
internal_value=0.00417976 0.0273372 0.00289363 0.0286092 -0.134621 0.188954 -0.189716 0.10624 0.0527033 -0.0813259 0.0841236 0.828035 0.537429 0.165234 -0.80635 0.181361 0.26455 0.288381 0.0231963 -0.287641 -0.11235 0.375894 0.489923 -2.05002 0.075552 0.320392 0.0610026 -0.0793731 0.0953501 0.153931
internal_weight=49831 41489 35242 31091 3999 992 4151 1032 27092 5145 21947 250 532 6247 102 6145 4370 4264 1058 3119 1562 3206 2169 53 21697 1217 20480 4026 16454 10246
internal_count=49831 41489 35242 31091 3999 992 4151 1032 27092 5145 21947 250 532 6247 102 6145 4370 4264 1058 3119 1562 3206 2169 53 21697 1217 20480 4026 16454 10246
is_linear=0
shrinkage=0.05


Tree=158
num_leaves=31
num_cat=0
split_feature=4 8 4 5 8 4 0 4 8 4 4 5 4 4 4 4 1 4 3 5 8 8 8 1 0 1 4 5 1 1
split_gain=48721.4 39837.5 38134.3 51046.8 44563.5 42341.8 57961 55392.9 73344 51519 40579.7 43968 104980 74040.7 110135 58077.9 42777.6 42181.1 44832.3 39647 39274.6 39272.8 37135.5 39210.4 34495.5 28974.4 77434.8 91613.3 88963.2 64878
threshold=1.0000000180025095e-35 2563.1450000000004 21.500000000000004 1.0000000180025095e-35 3866.1200000000003 13.500000000000002 25.794375000000006 14.500000000000002 3700.4412500000003 3.5000000000000004 8.5000000000000018 1.0000000180025095e-35 12.500000000000002 9.5000000000000018 12.500000000000002 9.5000000000000018 7.5000000000000009 11.500000000000002 1.0000000180025095e-35 1.0000000180025095e-35 4422.5750000000016 3555.6875000000005 2945.9550000000004 2.5000000000000004 29.531875000000003 5.5000000000000009 17.500000000000004 1.0000000180025095e-35 3.5000000000000004 2.5000000000000004
decision_type=2 2 2 2 2 2 2 2 2 2 2 2 2 2 2 2 2 2 2 2 2 2 2 2 2 2 2 2 2 2
left_child=-1 -2 5 4 -4 6 9 8 19 -3 21 12 15 22 17 -12 24 -15 -19 -7 -10 -8 -13 -24 -16 26 27 -9 -29 -28
right_child=1 2 3 -5 -6 7 10 25 20 -11 11 13 -14 14 16 -17 -18 18 -20 -21 -22 -23 23 -25 -26 -27 29 28 -30 -31
leaf_value=-0.23339217038265328 -0.27503651856042888 -0.044834147549938808 -0.18122782676142798 -0.22893774925172192 0.49195511285042831 -0.24896823125442272 -0.35043393992189104 0.27872452306838474 0.81415394984651357 0.16291785788850732 -0.53750168826042288 -0.2479593166367535 -0.86004399421607636 -0.05152189846475707 -0.30410068125265544 0.1178874419595905 0.69304847208800435 -0.54007958030803083 0.088819329878633113 0.33124402654924845 3.0824901866912846 -0.042117146796523001 -0.10695320594277752 0.60944868560191401 0.34043375539120579 0.12794750616540454 -0.12586775984580548 -0.10776152782195476 -0.76858127138803467 0.30093832724141756
leaf_weight=2072 1161 5177 452 3003 539 394 2196 712 416 7045 442 211 487 2906 305 1437 535 1106 381 1165 20 1950 237 984 650 7991 1456 1249 860 2292
leaf_count=2072 1161 5177 452 3003 539 394 2196 712 416 7045 442 211 487 2906 305 1437 535 1106 381 1165 20 1950 237 984 650 7991 1456 1249 860 2292
internal_value=0.00397077 0.0142686 0.0214767 -0.126252 0.184913 0.0353259 -0.0044114 0.0978518 0.344934 0.0749182 -0.0745326 -0.0184775 -0.205838 0.0421233 -0.0363587 -0.0362807 0.335109 -0.162352 -0.378943 0.184609 0.918206 -0.205422 0.364546 0.470393 0.134588 0.0639968 -0.0137974 -0.21167 -0.377228 0.135135
internal_weight=49831 47759 46598 3994 991 42604 26049 16555 1995 12222 13827 9681 2366 7315 5883 1879 1490 4393 1487 1559 436 4146 1432 1221 955 14560 6569 2821 2109 3748
internal_count=49831 47759 46598 3994 991 42604 26049 16555 1995 12222 13827 9681 2366 7315 5883 1879 1490 4393 1487 1559 436 4146 1432 1221 955 14560 6569 2821 2109 3748
is_linear=0
shrinkage=0.05


Tree=159
num_leaves=31
num_cat=0
split_feature=6 3 7 6 7 7 0 1 0 7 0 1 1 0 7 7 7 6 0 0 6 1 7 0 6 0 6 0 7 0
split_gain=29041.3 28447.8 31059.6 40579.7 23508.7 18618.4 16928.6 22519.8 21456.2 45472.6 26544.4 19167.3 18225.1 16311.9 26831.4 24144.5 22802.3 21615.1 18987.2 14129.8 12920.7 12647 11271.4 11265.5 30782.9 21851.3 10823 10667 10344.7 10155.3
threshold=2898.0200000000004 1.0000000180025095e-35 3309.3050000000007 3750.0550000000007 3825.0962500000001 3211.3125000000005 25.446875000000006 5.5000000000000009 26.239375000000006 3118.6475000000005 26.733125000000005 4.5000000000000009 10.500000000000002 26.948125000000005 2817.8500000000004 3004.8812500000004 3486.3475000000003 2631.0750000000003 27.179375000000004 29.211875000000003 3249.7075000000004 9.5000000000000018 2860.8662500000005 25.135625000000008 2537.4000000000005 25.490625000000005 2959.0637500000007 23.738125000000007 2504.9887500000004 23.426250000000003
decision_type=2 2 2 2 2 2 2 2 2 2 2 2 2 2 2 2 2 2 2 2 2 2 2 2 2 2 2 2 2 2
left_child=4 -2 3 6 13 22 20 8 9 -8 11 -10 19 15 18 17 -16 23 -15 -9 28 27 -5 29 25 -25 -4 -19 -3 -1
right_child=1 2 26 5 -6 -7 7 12 10 -11 -12 -13 -14 14 16 -17 -18 21 -20 -21 -22 -23 -24 24 -26 -27 -28 -29 -30 -31
leaf_value=-0.073580029831519206 -0.036185515921620746 0.58822709715126886 0.92798520972331378 -0.72333083120839936 1.2227003683435156 1.1460899871680164 2.6844916633584286 0.27455247928557019 -0.27155740663409234 -0.05181532157014828 -0.046657190910792012 -2.4605818210542205 -0.057834717765889825 -0.90345838904380804 -0.068299780937313453 0.30151296553286744 -1.0015101085322491 -0.31148762923777873 0.7347242944672997 0.81225828411200873 0.18719582535405555 0.39668535573283831 0.50372171881933547 -2.4153564774990084 0.59495690869483742 -0.23483176072024636 -0.023741038257109801 -0.011243027276340647 -0.10358932438775195 0.4199054790250587
leaf_weight=126 30964 56 30 21 47 129 22 2030 20 49 811 20 407 20 1275 1626 69 389 153 130 636 150 172 20 53 27 7000 1235 1540 604
leaf_count=126 30964 56 30 21 47 129 22 2030 20 49 811 20 407 20 1275 1626 69 389 153 130 636 150 172 20 53 27 7000 1235 1540 604
internal_value=0.00377223 -0.0100733 0.0517748 0.1349 0.109004 0.681043 0.104161 0.172953 -0.0390042 0.796054 -0.108674 -1.36607 0.249083 0.0998962 -0.0407665 0.150342 -0.11621 0.055947 0.545339 0.306914 -0.00337379 -0.0425879 0.370208 0.266551 -0.231149 -1.16271 -0.0196796 -0.0831612 -0.0793151 0.334729
internal_weight=49831 44037 13073 6043 5794 322 5721 3489 922 71 851 40 2567 5747 1517 4230 1344 2604 173 2160 2232 1774 193 830 100 47 7030 1624 1596 730
internal_count=49831 44037 13073 6043 5794 322 5721 3489 922 71 851 40 2567 5747 1517 4230 1344 2604 173 2160 2232 1774 193 830 100 47 7030 1624 1596 730
is_linear=0
shrinkage=0.05


Tree=160
num_leaves=31
num_cat=0
split_feature=8 6 8 6 7 6 8 3 4 7 8 6 0 0 7 3 7 8 8 8 4 4 8 8 6 8 6 4 6 8
split_gain=48786.9 65650.1 44055.1 112297 99000.7 73696 76272.8 48373.6 60206.5 85824.9 45906.4 37640 38784.8 37038.3 51012.5 36792.6 51486.9 38743.9 35865.2 34278.2 34064.1 33776.3 37249.2 33133 39365.4 64473 44253.6 52696.4 32707.8 32282.7
threshold=2817.5200000000004 2914.3150000000005 3596.3175000000006 3586.7187500000005 3642.2137500000003 3586.7187500000005 4074.5275000000006 1.0000000180025095e-35 7.5000000000000009 2998.6000000000004 2999.4175000000005 2682.6250000000005 25.073125000000008 26.391875000000002 3221.0425000000005 1.0000000180025095e-35 3348.3550000000005 3222.0150000000008 3338.0625000000005 4372.7737500000012 22.500000000000004 16.500000000000004 3500.6900000000001 4814.6737500000008 3888.7662500000001 4019.1987500000005 4693.3900000000012 17.500000000000004 4050.4637500000003 4355.6712500000003
decision_type=2 2 2 2 2 2 2 2 2 2 2 2 2 2 2 2 2 2 2 2 2 2 2 2 2 2 2 2 2 2
left_child=11 13 3 7 5 6 -4 -3 -9 10 -10 12 -1 14 -2 18 17 -17 -5 -7 23 22 -18 24 -6 -26 28 -28 -27 -30
right_child=1 2 4 15 20 19 -8 8 9 -11 -12 -13 -14 -15 -16 16 21 -19 -20 -21 -22 -23 -24 -25 25 26 27 -29 29 -31
leaf_value=0.19066898434354557 0.2473724103908666 -0.057145049546895622 0.55281597658639003 -1.2453302432697244 0.11330605833324608 0.11936501908835373 3.1513330576427538 -0.062704771110109955 0.38532744850913014 0.12066082093051488 1.2045210310117396 -0.26079117109684846 -0.4719013975543182 0.037714241882583065 0.91670737156256643 -0.2223848622890616 -1.2201541794260795 0.53412099304925242 -0.44926470244179983 1.5257150426168335 -0.31536117067731001 -0.14332722709673207 -0.21930885245526058 0.44880948095069428 -0.26717108901903208 0.33308888026537853 -1.8148029218973787 -0.2326100094434084 -0.0816737292751782 0.17330279261384354
leaf_weight=1090 1723 14100 1077 163 5020 2838 29 2390 370 2104 318 2961 277 1605 341 358 220 321 1072 44 836 410 161 423 2689 943 58 568 3325 1981
leaf_count=1090 1723 14100 1077 163 5020 2838 29 2390 370 2104 318 2961 277 1605 341 358 220 321 1072 44 836 410 161 423 2689 943 58 568 3325 1981
internal_value=-0.000189291 0.0150738 -0.0027187 -0.0514576 0.0513191 0.273987 0.620951 -0.00913445 0.1215 0.279183 0.763966 -0.160603 0.05641 0.217866 0.357955 -0.353149 -0.184128 0.135256 -0.554332 0.140836 -0.00473097 -0.458289 -0.797225 0.0125734 -7.93475e-05 -0.0595936 0.0215956 -0.379203 0.061746 0.013522
internal_weight=49815 45487 41818 21987 19831 3988 1106 19282 5182 2792 688 4328 1367 3669 2064 2705 1470 679 1235 2882 15843 791 381 15007 14584 9564 6875 626 6249 5306
internal_count=49815 45487 41818 21987 19831 3988 1106 19282 5182 2792 688 4328 1367 3669 2064 2705 1470 679 1235 2882 15843 791 381 15007 14584 9564 6875 626 6249 5306
is_linear=0
shrinkage=0.05


Tree=161
num_leaves=31
num_cat=0
split_feature=8 6 8 7 0 7 6 0 6 0 8 7 7 8 7 8 8 6 6 8 6 8 8 8 7 8 8 6 8 7
split_gain=45730.6 61909 66994 57956.8 49677 48393.2 43034.1 59397.9 41639.5 36284.5 39324.7 36490.6 35137.3 59289.7 32950.9 53779.7 46670.8 61515.4 38876.5 54497.4 37801.9 60462.6 39494.2 35972.7 32383.4 32243 30256.6 30140.4 28925.2 34666
threshold=3011.8287500000001 3186.3125000000005 3295.5350000000003 2851.5450000000005 29.271250000000006 3825.0962500000001 3620.0875000000005 25.469375000000003 2794.2987500000004 25.675625000000007 2769.5450000000005 2782.4462500000004 3554.0700000000002 3443.0500000000006 3768.9662500000004 3915.4400000000005 4118.4950000000008 3888.7662500000001 3472.4500000000003 3608.9025000000006 4623.0900000000011 4868.6775000000007 4528.2287500000011 3431.6962500000004 3762.1650000000004 3764.4675000000002 3658.6100000000001 2914.3150000000005 4498.9400000000014 4048.6962500000004
decision_type=2 2 2 2 2 2 2 2 2 2 2 2 2 2 2 2 2 2 2 2 2 2 2 2 2 2 2 2 2 2
left_child=8 4 -3 6 5 27 7 -4 9 10 -1 -11 13 -6 15 18 17 25 23 -20 21 28 -22 -5 -10 -16 -14 -2 29 -18
right_child=1 2 3 14 12 -7 -8 -9 24 11 -12 -13 26 -15 16 -17 20 -19 19 -21 22 -23 -24 -25 -26 -27 -28 -29 -30 -31
leaf_value=0.0047085142602757745 0.38114354384597393 -0.18372812279370834 0.50919588725023635 0.031038634804653034 -0.19654081758410327 1.2233623113749283 -0.67893059584312143 2.6981102613841785 -0.16336052709732918 0.58954431174811228 0.45231434269844312 -0.43605971128793475 -1.1341464437941711 0.94404138313300567 -0.12433325142569483 0.38818724503124885 0.30792226051161536 -0.2744311774934024 -0.18938097544061155 0.084043842936153773 -0.74207930662404231 2.1343289475183229 -0.050859750907625949 0.31168437794321163 -1.2227985774001031 0.1635317873217722 0.10135210407646121 0.12410191415491255 0.35783225859280798 -0.026865264091871288
leaf_weight=1514 1428 4686 79 2618 761 112 32 51 6047 103 726 549 150 134 2038 1219 1009 3559 3141 4341 246 37 1292 2025 73 1861 74 5664 937 3309
leaf_count=1514 1428 4686 79 2618 761 112 32 51 6047 103 726 549 150 134 2038 1219 1009 3559 3141 4341 246 37 1292 2025 73 1861 74 5664 937 3309
internal_value=-0.000179826 0.0223344 -0.00884245 0.0206428 0.144 0.192144 0.963607 1.36792 -0.102116 0.0542307 0.149781 -0.274039 -0.165941 -0.0257721 0.0151145 0.0716134 -0.0376516 -0.12413 0.0397863 -0.030742 0.0567779 0.120192 -0.161419 0.15344 -0.175998 0.0130653 -0.725991 0.175858 0.106011 0.0513655
internal_weight=49815 40803 32480 27794 8323 7204 162 130 9012 2892 2240 652 1119 895 27632 13344 14288 7458 12125 7482 6830 5292 1538 4643 6120 3899 224 7092 5255 4318
internal_count=49815 40803 32480 27794 8323 7204 162 130 9012 2892 2240 652 1119 895 27632 13344 14288 7458 12125 7482 6830 5292 1538 4643 6120 3899 224 7092 5255 4318
is_linear=0
shrinkage=0.05


Tree=162
num_leaves=31
num_cat=0
split_feature=4 8 7 4 5 8 7 8 8 4 0 7 4 4 4 8 8 0 7 0 0 4 4 5 4 4 4 4 4 8
split_gain=45644 38846.2 46952.2 36169.7 30682.6 27511 27060.2 66142.6 29060 28632.6 64485.1 40436.1 35143.8 50955.5 33543.6 30856.3 27590.5 58355 29680.5 26394.5 25919.5 29249.5 24352.1 24348.2 114638 88331.8 29573.7 23905.3 22989.7 22703.8
threshold=1.0000000180025095e-35 2851.5150000000008 2770.4737500000006 22.500000000000004 1.0000000180025095e-35 4727.9650000000011 4015.0012500000007 4019.1987500000005 3513.7012500000005 13.500000000000002 25.794375000000006 3353.5050000000006 8.5000000000000018 10.500000000000002 3.5000000000000004 3555.6875000000005 3420.0250000000005 29.153125000000003 3730.5412500000007 29.863125000000007 26.585625000000007 14.500000000000002 16.500000000000004 1.0000000180025095e-35 12.500000000000002 12.500000000000002 11.500000000000002 13.500000000000002 17.500000000000004 3874.0825000000004
decision_type=2 2 2 2 2 2 2 2 2 2 2 2 2 2 2 2 2 2 2 2 2 2 2 2 2 2 2 2 2 2
left_child=4 28 27 5 29 6 7 9 20 10 14 -11 15 16 -4 -12 17 -14 -18 -9 -8 -22 -21 25 26 -15 -25 -3 -2 -1
right_child=1 2 3 -5 -6 -7 8 19 -10 11 12 -13 13 23 -16 -17 18 -19 -20 22 21 -23 -24 24 -26 -27 -28 -29 -30 -31
leaf_value=-0.79499112997033283 -0.11324031014517982 0.23145047553736997 -0.03532362508588948 -0.194959486041754 -0.11843019217217506 0.33437593643657326 -0.28527894318531988 0.24382763559919898 -0.048607763885415767 0.28215748710853261 -0.3517677695877644 0.036911746639897366 0.19212965580594282 -0.029842927585586224 0.16594831426153567 -0.047653165170510672 0.52317879297942016 -0.33851255961429499 -0.078923323013066427 0.91200821829959766 -0.41344757641063024 -2.5030807201609466 -0.42306322526091189 -0.090470495731379996 0.33634224411242819 -0.93052493250523804 -0.43427284044979642 0.84017378701729339 -1.0981730204820632 -0.090352931820294441
leaf_weight=349 4715 1135 3305 1948 1507 709 174 1563 6987 2194 1971 7185 1656 822 5540 1446 679 754 293 275 34 33 39 1251 1175 407 1251 188 60 170
leaf_count=349 4715 1135 3305 1948 1507 709 174 1563 6987 2194 1971 7185 1656 822 5540 1446 679 754 293 275 34 33 39 1251 1175 407 1251 188 60 170
internal_value=-0.000170835 0.00968374 0.0247035 0.0153977 -0.232619 0.0257083 0.0201018 0.0399476 -0.0672274 0.0218908 -0.0111482 0.0942813 -0.0881422 -0.0325126 0.0907416 -0.223073 0.116807 0.0261113 0.341681 0.327866 -0.607043 -1.44267 0.746187 -0.135448 -0.0710503 -0.328116 -0.262372 0.317951 -0.125616 -0.564185
internal_weight=49815 47789 43014 41691 2026 39743 39034 31806 7228 29929 20550 9379 11705 8288 8845 3417 3382 2410 972 1877 241 67 314 4906 3677 1229 2502 1323 4775 519
internal_count=49815 47789 43014 41691 2026 39743 39034 31806 7228 29929 20550 9379 11705 8288 8845 3417 3382 2410 972 1877 241 67 314 4906 3677 1229 2502 1323 4775 519
is_linear=0
shrinkage=0.05


Tree=163
num_leaves=31
num_cat=0
split_feature=4 8 6 8 6 8 6 8 6 5 0 8 0 4 0 4 5 4 5 8 8 6 8 4 6 8 8 6 6 8
split_gain=41193.7 36175.5 38666.8 40423.6 46927.8 59540.4 53826.4 46147.5 40733.4 35764.4 31400.6 40811.9 41269.8 32168.9 29217.6 28326.7 27691.1 27003.2 33495.3 24937.9 23721.7 41684.9 52824.4 45790.6 28412.9 30238 27577.1 27121 22629.9 22448.6
threshold=1.0000000180025095e-35 2631.0750000000003 2794.2987500000004 3178.0862500000007 3386.4387500000003 3549.0825000000004 3731.0050000000006 3719.0812500000006 4116.0350000000008 1.0000000180025095e-35 31.701250000000005 3407.8400000000006 26.585625000000007 20.500000000000004 26.189375000000002 13.500000000000002 1.0000000180025095e-35 22.500000000000004 1.0000000180025095e-35 4242.8275000000003 4727.9650000000011 4472.0900000000011 4405.0625000000009 17.500000000000004 4104.505000000001 4019.1987500000005 4118.4950000000008 4693.3900000000012 3573.0200000000004 3285.3500000000008
decision_type=2 2 2 2 2 2 2 2 2 2 2 2 2 2 2 2 2 2 2 2 2 2 2 2 2 2 2 2 2 2
left_child=16 -2 14 9 10 8 -7 -8 -6 -4 11 -5 13 -13 29 -16 -1 20 19 -19 21 22 24 -23 25 -9 -26 -22 -11 -3
right_child=1 2 3 4 5 6 7 17 -10 28 -12 12 -14 -15 15 -17 -18 18 -20 -21 27 23 -24 -25 26 -27 -28 -29 -30 -31
leaf_value=-0.53597554550012705 -0.21393021588187133 0.31536819058708715 -0.23507909040482675 0.09544906006735393 -0.14122884576099992 0.18435144699746409 -0.29709886944671193 0.019178532352159133 -1.522071542452883 -0.008243266839150493 -0.19385521091712987 0.81248403106830447 0.15296861069463863 0.18338661105325907 -0.1025045437879437 0.50119254733764285 -0.11250868299657722 -0.3092884073842247 -0.45321275703500874 0.73326461235880858 0.81445212633998099 -0.99947300444108034 0.47804356521258784 -0.1288663420623245 -0.27751580879278331 0.26725611971720303 0.014234132105768155 0.12516123002828802 -0.43342482024129547 1.9236350709741767
leaf_weight=519 1750 1579 2706 5520 4867 4761 1272 4230 54 7817 659 617 1116 303 1003 241 1507 106 603 125 198 172 688 1239 1241 1731 2332 511 326 22
leaf_count=519 1750 1579 2706 5520 4867 4761 1272 4230 54 7817 659 617 1116 303 1003 241 1507 106 603 125 198 172 688 1239 1241 1731 2332 511 326 22
internal_value=-0.000162293 0.00919955 0.017681 0.00592104 0.0339345 -0.0012059 0.0385473 -0.0094991 -0.156381 -0.0775978 0.137153 0.166022 0.357358 0.605292 0.196226 0.0144496 -0.220988 0.0182655 -0.257091 0.254864 0.0368725 0.0197594 0.0549243 -0.234993 0.0243909 0.0912172 -0.0870986 0.317657 -0.0252651 0.337468
internal_weight=49815 47789 46039 43194 32345 24130 19209 14448 4921 10849 8215 7556 2036 920 2845 1244 2026 13176 834 231 12342 11633 10222 1411 9534 5961 3573 709 8143 1601
internal_count=49815 47789 46039 43194 32345 24130 19209 14448 4921 10849 8215 7556 2036 920 2845 1244 2026 13176 834 231 12342 11633 10222 1411 9534 5961 3573 709 8143 1601
is_linear=0
shrinkage=0.05


Tree=164
num_leaves=31
num_cat=0
split_feature=8 6 0 7 8 8 6 7 0 6 8 7 7 6 8 6 6 0 8 6 0 7 8 6 8 6 7 0 6 7
split_gain=38683.4 52038.7 53599.4 83602.9 51734.4 48300.9 40848.8 39891.6 46003.9 65322.1 37030.4 33556.7 32376.1 30225.2 55659.2 58126.1 41530.1 35572.5 41121.6 30745.5 29557.7 29514.4 31989.7 36574.8 47871.3 34669.8 32270.2 30172.7 29006.3 27567.8
threshold=2930.2325000000005 3058.5050000000006 26.418125000000007 3533.1150000000002 3178.0862500000007 3327.0037500000003 2728.3100000000004 2851.5450000000005 25.469375000000003 3628.0050000000006 3443.0500000000006 3221.0425000000005 3635.4337500000006 3319.1687500000003 3534.8200000000006 3586.7187500000005 4128.9587500000007 29.863125000000007 3713.0325000000007 4498.7337500000003 25.135625000000008 3723.3675000000007 4267.7437500000005 4623.0900000000011 4868.6775000000007 3888.7662500000001 4187.598750000001 26.418125000000007 3441.0375000000004 4592.5687500000013
decision_type=2 2 2 2 2 2 2 2 2 2 2 2 2 2 2 2 2 2 2 2 2 2 2 2 2 2 2 2 2 2
left_child=6 2 5 10 12 -2 20 8 -6 28 11 -4 -3 -9 16 -16 -15 18 -17 29 -1 -20 25 24 -24 26 -23 -28 -10 -19
right_child=1 4 3 -5 7 -7 -8 13 9 -11 -12 -13 -14 14 15 17 -18 19 21 -21 -22 22 23 -25 -26 -27 27 -29 -30 -31
leaf_value=0.18725168554026411 0.24280711426088036 -0.13229703664330336 0.15096652991441151 -0.88302911728111855 0.11172443460673112 1.0526161775677181 -0.19124350582425675 0.12252875412545167 1.341436464909509 -0.90045692494937368 0.82669784999422502 -0.27150092434891687 -0.80695551697466827 -0.12939226901427572 0.25572467785947095 -0.2355075481182809 -1.6709528851492164 0.19678351459196483 0.16320722671866442 -0.45057275439749528 -0.27935116423934631 0.17790237603664394 0.16210376661732182 -0.13118816040676376 2.1710164658228557 -0.18089523105226379 0.032746866191322895 -0.94382025350023202 3.2280866726681041 -1.3260588607937098
leaf_weight=1496 3041 4586 1615 249 242 196 4738 5173 83 28 155 663 185 6200 2508 2174 44 3171 2270 204 439 1479 2576 1406 30 4481 191 135 27 30
leaf_count=1496 3041 4586 1615 249 242 196 4738 5173 83 28 155 663 185 6200 2508 2174 44 3171 2270 204 439 1479 2576 1406 30 4481 191 135 27 30
internal_value=-0.000154179 0.0171744 0.154884 -0.010414 -0.00472345 0.291841 -0.112186 0.0178781 0.527163 1.25569 0.0788919 0.0280096 -0.158458 0.0118439 -0.00944211 0.0301027 -0.140255 -0.00107934 -0.0347232 0.144582 0.0813919 8.32662e-06 -0.0359658 0.0743418 0.18523 -0.106369 0.0786463 -0.37166 1.80452 0.182511
internal_weight=49815 43142 5919 2682 37223 3237 6673 32452 380 138 2433 2278 4771 32072 26899 20655 6244 18147 14742 3405 1935 12568 10298 4012 2606 6286 1805 326 110 3201
internal_count=49815 43142 5919 2682 37223 3237 6673 32452 380 138 2433 2278 4771 32072 26899 20655 6244 18147 14742 3405 1935 12568 10298 4012 2606 6286 1805 326 110 3201
is_linear=0
shrinkage=0.05


Tree=165
num_leaves=31
num_cat=0
split_feature=8 6 8 7 8 6 6 0 5 0 8 8 6 6 8 6 8 8 6 8 6 8 7 7 6 7 8 6 7 6
split_gain=42540.8 56666.4 33884.6 49984.4 46744.4 38263.5 32428.8 31844.9 31669 29750.2 31469.5 29531 82700.3 59183.6 44039.2 32643.3 48701 35609.2 32217.6 36194.8 34145.6 33904.3 31207 31160.5 29249.5 28379.6 28145 25843.8 25223.5 24746.5
threshold=2841.0100000000007 2914.3150000000005 3222.0150000000008 3260.3462500000001 3792.4850000000001 3573.0200000000004 2682.6250000000005 25.181875000000002 1.0000000180025095e-35 25.770625000000006 3390.0062500000004 4584.4562500000011 4472.0900000000011 4623.0900000000011 4372.7737500000012 4104.505000000001 4008.6487500000007 4084.1937500000004 3724.0400000000004 3549.0825000000004 3453.1762500000004 3700.4412500000003 3776.1800000000007 4038.1475000000005 3586.7187500000005 3370.2475000000004 4868.6775000000007 4963.005000000001 2806.2550000000006 2425.5450000000005
decision_type=2 2 2 2 2 2 2 2 2 2 2 2 2 2 2 2 2 2 2 2 2 2 2 2 2 2 2 2 2 2
left_child=6 9 5 4 -4 8 7 -1 -3 10 29 12 14 26 15 16 18 -17 19 20 -5 -20 -16 -19 -6 -7 -13 -15 -11 -2
right_child=1 2 3 11 24 25 -8 -9 -10 28 -12 13 -14 27 22 17 -18 23 21 -21 -22 -23 -24 -25 -26 -27 -28 -29 -30 -31
leaf_value=0.17232873878000976 1.9957033439116048 -0.221647328288087 0.14530994966497823 0.039522285727215389 2.1531550532295589 -0.26788248992893887 -0.23168924062499335 -0.42491796267949211 -0.0084246382626824556 0.7635401994913571 2.051142274008857 0.50955314658417383 -0.44883132849535079 -0.11644945405056142 1.7266047013433354 -0.36220802546963737 0.22500815201425317 0.23929466160382248 -0.32081931014950432 0.13113156905999976 -0.20395722181288822 -0.043295108532056259 0.26655752337335858 -0.14870721383370353 0.61143479954613289 -1.0655811636707071 1.9514441678921384 0.57162150086940455 0.016545451074633979 0.30736603288934738
leaf_weight=1132 22 2322 4245 4006 42 404 3316 278 6965 121 27 565 1069 963 38 1281 2369 721 1451 5136 2248 4556 992 1833 115 154 36 159 1711 1612
leaf_count=1132 22 2322 4245 4006 42 404 3316 278 6965 121 27 565 1069 963 38 1281 2369 721 1451 5136 2248 4556 992 1833 115 154 36 159 1711 1612
internal_value=-0.00355296 0.0113828 -0.0048327 0.0202447 0.176644 -0.0858981 -0.146283 0.0545737 -0.0617361 0.204826 0.358074 -0.0048609 -0.0182956 0.195529 0.000389909 -0.0135771 0.0123245 -0.147076 -0.0166373 0.0327763 -0.0479964 -0.110332 0.320423 -0.0391734 1.02387 -0.488036 0.595923 -0.0189421 0.065883 0.330098
internal_weight=49889 45163 41670 31825 4402 9845 4726 1410 9287 3493 1661 27423 25700 1723 24631 23601 19766 3835 17397 11390 6254 6007 1030 2554 157 558 601 1122 1832 1634
internal_count=49889 45163 41670 31825 4402 9845 4726 1410 9287 3493 1661 27423 25700 1723 24631 23601 19766 3835 17397 11390 6254 6007 1030 2554 157 558 601 1122 1832 1634
is_linear=0
shrinkage=0.05


Tree=166
num_leaves=31
num_cat=0
split_feature=8 6 3 8 6 6 8 6 8 6 6 0 8 0 6 6 8 6 0 1 6 8 0 0 8 0 8 0 6 8
split_gain=40233.9 48786.1 48248.1 44707.9 59213 55535.3 38420.1 38664.5 59106.9 58135.4 35090.7 34958.5 49532.8 34757 30358.6 30064.6 28309.6 32392.8 37456 31553.1 26764.1 68151.5 34176.9 33724.2 27653.6 26437.7 26186.7 25810.9 25524.6 24167.1
threshold=2665.5050000000006 2794.2987500000004 1.0000000180025095e-35 4498.9400000000014 4444.4925000000012 4623.0900000000011 3048.7387500000004 3186.3125000000005 3349.3750000000005 3856.0350000000003 3148.0850000000005 26.585625000000007 3349.3750000000005 25.818125000000006 4472.0900000000011 3386.4387500000003 3027.5687500000008 3613.1812500000001 26.340625000000006 5.5000000000000009 3586.7187500000005 3700.4412500000003 30.013125000000006 28.775625000000002 4063.7725000000005 25.794375000000006 3771.6512500000003 32.013125000000009 3750.0550000000007 4338.3125000000009
decision_type=2 2 2 2 2 2 2 2 2 2 2 2 2 2 2 2 2 2 2 2 2 2 2 2 2 2 2 2 2 2
left_child=-1 25 3 4 6 13 10 11 9 15 -3 12 -8 -5 16 -9 17 18 -4 -20 24 23 -23 28 27 -2 -13 -10 -22 -16
right_child=1 2 14 5 -6 -7 7 8 20 -11 -12 26 -14 -15 29 -17 -18 -19 19 -21 21 22 -24 -25 -26 -27 -28 -29 -30 -31
leaf_value=-0.21465052391925321 0.35922954391733697 -0.13650026655869499 -0.20262576981477776 1.4672887823943581 -0.58214095285448886 -0.05946997492504056 0.13580805448321018 -0.14445891670254815 0.091027058308092407 -2.3914915185301537 -0.601127629917796 -0.074574879703701552 0.76144642839777399 0.39455589814114084 -0.78982148094997784 -0.50129550676818002 0.13465272446755672 -0.91013378597233663 -0.2070008746947225 0.37168039815099863 -0.30166124812226114 -0.045674033831300975 0.19563281789312947 -0.006377104969024436 0.831577834790036 0.050836869506454697 0.96692341590119946 -0.29283478759493614 -0.7428486423631725 -0.08837850921212545
leaf_weight=2156 1430 3223 1267 84 520 930 2610 2902 5106 31 465 2273 360 747 154 741 9502 106 339 772 1141 7454 1827 672 118 1352 62 479 460 606
leaf_count=2156 1430 3223 1267 84 520 930 2610 2902 5106 31 465 2273 360 747 154 741 9502 106 339 772 1141 7454 1827 672 118 1352 62 479 460 606
internal_value=-0.00337531 0.00616755 -0.00640773 -0.0389963 -0.053165 0.20595 -0.0439728 -0.0227313 -0.0532893 -0.235388 -0.195083 0.0978361 0.211643 0.502991 0.0759331 -0.217041 0.095364 -0.0549264 -0.0168052 0.195107 -0.0145206 -0.0582676 0.00182813 -0.303648 0.0741088 0.209356 -0.0469205 0.058105 -0.428423 -0.230513
internal_weight=49889 47733 44951 32205 30444 1761 29924 26236 20931 3674 3688 5305 2970 831 12746 3643 11986 2484 2378 1111 17257 11554 9281 2273 5703 2782 2335 5585 1601 760
internal_count=49889 47733 44951 32205 30444 1761 29924 26236 20931 3674 3688 5305 2970 831 12746 3643 11986 2484 2378 1111 17257 11554 9281 2273 5703 2782 2335 5585 1601 760
is_linear=0
shrinkage=0.05


Tree=167
num_leaves=31
num_cat=0
split_feature=4 4 4 4 7 1 1 1 6 0 6 4 4 4 1 0 4 8 7 0 4 1 4 6 8 7 1 6 8 1
split_gain=38216.5 33203 34514.1 144000 52949.2 40698.5 42065.4 48026.6 43163.4 42830.8 77273.9 40755.6 39552.7 36907.8 36291.9 33095.5 31152.2 29302.5 35881.3 42799.2 48558.1 53588.2 89738.5 84800.7 69851.4 44320.3 42816.3 41359 40356.1 35942.6
threshold=1.5000000000000002 21.500000000000004 17.500000000000004 18.500000000000004 4448.9625000000005 10.500000000000002 2.5000000000000004 6.5000000000000009 4354.5312500000009 25.913125000000004 3492.0062500000004 20.500000000000004 20.500000000000004 19.500000000000004 10.500000000000002 30.929375000000004 15.500000000000002 2631.0750000000003 2806.2550000000006 25.794375000000006 8.5000000000000018 8.5000000000000018 16.500000000000004 3931.0700000000002 3883.0225000000005 3723.3675000000007 1.5000000000000002 2794.2987500000004 2889.5650000000005 10.500000000000002
decision_type=2 2 2 2 2 2 2 2 2 2 2 2 2 2 2 2 2 2 2 2 2 2 2 2 2 2 2 2 2 2
left_child=-1 2 4 14 17 6 12 8 9 -8 -11 -10 -5 -7 15 -4 -6 -2 -19 27 -21 22 24 -23 -22 -26 -24 -20 -29 -25
right_child=1 -3 3 5 16 13 7 -9 11 10 -12 -13 -14 -15 -16 -17 -18 18 19 20 21 23 26 29 25 -27 -28 28 -30 -31
leaf_value=-0.1484888051654919 -0.20129253812668671 -0.12701844080294311 0.56547494576248047 -0.46645989048104736 -0.23956983508414603 -0.95327241651713845 0.18240412537527259 -0.063621354336569569 -0.14349700246170602 3.5862994074821475 0.68252376827789418 0.47469333128326324 0.18009868229423709 -0.11892801704212229 -0.17820279714482512 -1.3031901498635612 -1.3566772884321869 0.19337801737180629 0.43999811400050631 -0.20800500374493169 -0.068570560338648098 0.10515257460432635 0.28800070293779884 0.47693001493217724 1.119222777730061 0.20303571192370412 -0.56874706489973759 -0.26216154319783758 0.093696594094994701 2.0298650588518306
leaf_weight=4150 1619 4033 1861 701 146 200 544 2219 816 24 505 396 357 393 193 24 109 2637 768 3575 8725 4106 168 69 144 1584 1105 888 7749 81
leaf_count=4150 1619 4033 1861 701 146 200 544 2219 816 24 505 396 357 393 193 24 109 2637 768 3575 8725 4106 168 69 144 1584 1105 888 7749 81
internal_value=-0.00320654 0.00997524 0.0232226 0.114937 0.00066463 -0.00656435 0.035417 0.102061 0.262958 0.493918 0.814264 0.058486 -0.248292 -0.400326 0.474822 0.541683 -0.717079 0.00617443 0.0168042 0.000727055 -0.0414234 -0.00416088 -0.0593197 0.147811 -0.0110496 0.279385 -0.455681 0.0883758 0.0571096 1.31551
internal_weight=49889 45739 41706 8233 33473 6155 5562 4504 2285 1073 529 1212 1058 593 2078 1885 255 33218 31599 28962 19557 15982 11726 4256 10453 1728 1273 9405 8637 150
internal_count=49889 45739 41706 8233 33473 6155 5562 4504 2285 1073 529 1212 1058 593 2078 1885 255 33218 31599 28962 19557 15982 11726 4256 10453 1728 1273 9405 8637 150
is_linear=0
shrinkage=0.05


Tree=168
num_leaves=31
num_cat=0
split_feature=8 6 3 0 8 4 0 4 6 4 1 6 4 6 1 4 6 0 6 8 6 4 1 4 4 1 8 6 1 8
split_gain=36756.6 48251.6 47570.4 45747.4 37980.8 63896.3 50914.2 47038.4 36791 36400.4 56809.1 35892.6 48439 35557.1 34463.9 32920.6 32558.7 31100.7 30770.6 27637.5 48064.5 35556 49969.8 48687.9 47706.2 44165.1 34203.1 48374.1 30913.3 31489.5
threshold=3027.5687500000008 2945.2525000000005 1.0000000180025095e-35 26.391875000000002 4498.9400000000014 19.500000000000004 25.794375000000006 1.5000000000000002 4623.0900000000011 17.500000000000004 9.5000000000000018 2906.9475000000007 3.5000000000000004 3282.9225000000006 3.5000000000000004 18.500000000000004 4472.0900000000011 25.605625000000007 4444.4925000000012 3602.2850000000003 3656.5675000000006 15.500000000000002 8.5000000000000018 13.500000000000002 16.500000000000004 2.5000000000000004 4242.8275000000003 3664.1450000000004 10.500000000000002 3959.7775000000006
decision_type=2 2 2 2 2 2 2 2 2 2 2 2 2 2 2 2 2 2 2 2 2 2 2 2 2 2 2 2 2 2
left_child=11 3 4 -2 5 7 -6 18 -8 17 14 -1 13 -13 -11 -12 -4 -9 -3 20 -19 23 25 -21 -24 -23 27 -27 -26 -30
right_child=1 2 16 -5 6 -7 8 9 -10 10 15 12 -14 -15 -16 -17 -18 19 -20 21 -22 22 24 -25 28 26 -28 -29 29 -31
leaf_value=0.012499826635064331 0.56783362533045956 -0.20620737865026589 0.12332358717769054 0.074098076779344019 1.114973546929068 -0.21512388326918996 0.37528593163734381 0.10519151230091549 -0.10241870072369785 -0.011939903611504146 0.11079286380998583 -0.46697876084916995 -0.11165878304643068 -2.4185981472333271 0.43161669408150277 -0.70069186445721521 -0.21687690681483793 -0.079984726056764058 -1.5281671202513909 0.0059744884841111782 -0.6022108618972819 0.076856674246536763 -0.26325438349197311 0.40553337812389528 0.2861911251901943 -0.13154954340743141 -0.18457855536964618 -1.2080959390476347 0.71983554471988942 2.4610775673389433
leaf_weight=4494 744 2019 9426 1270 139 4486 748 4324 874 618 253 847 4275 24 1503 247 760 6827 45 2537 471 478 240 1090 187 163 396 290 74 40
leaf_count=4494 744 2019 9426 1270 139 4486 748 4324 874 618 253 847 4275 24 1503 247 760 6827 45 2537 471 478 240 1090 187 163 396 290 74 40
internal_value=-0.00304622 0.0179575 0.00539294 0.256491 -0.0282157 -0.0432746 0.196582 -0.00791479 0.117879 0.0158345 0.189355 -0.0907411 -0.180901 -0.520755 0.302377 -0.290081 0.0979405 -0.0107354 -0.235029 -0.0499185 -0.113688 0.0347753 -0.142451 0.126051 0.262565 -0.30757 -0.524009 -0.820729 0.681823 1.3308
internal_weight=49889 40249 38235 2014 28049 26288 1761 21802 1622 19738 2621 9640 5146 871 2121 500 10186 17117 2064 12793 7298 5495 1868 3627 541 1327 849 453 301 114
internal_count=49889 40249 38235 2014 28049 26288 1761 21802 1622 19738 2621 9640 5146 871 2121 500 10186 17117 2064 12793 7298 5495 1868 3627 541 1327 849 453 301 114
is_linear=0
shrinkage=0.05


Tree=169
num_leaves=31
num_cat=0
split_feature=8 7 8 8 3 3 7 8 8 0 7 0 3 8 7 8 0 0 0 7 7 8 0 5 1 8 0 0 8 1
split_gain=34981.7 38876 40679.1 26568.5 25786.7 24837.8 38721.5 73888.2 31776.6 22176.1 21738.8 38534.3 24430.4 18651.2 37940.5 39649.7 34989 25319.8 18985.5 30649.4 17919.7 30714.4 27958 23781.8 23551.1 21398.4 30730.3 21362.8 20372 18322.4
threshold=2851.5150000000008 2758.5300000000002 3733.1750000000006 4928.8850000000011 1.0000000180025095e-35 1.0000000180025095e-35 3279.0037500000003 3242.0687500000004 3437.0325000000007 27.108125000000005 2806.2550000000006 26.263125000000006 1.0000000180025095e-35 4498.9400000000014 4127.0100000000011 4031.0050000000006 25.794375000000006 31.913125000000004 30.250625000000003 3797.0300000000002 3587.0875000000005 3475.5112500000005 28.325625000000006 1.0000000180025095e-35 4.5000000000000009 3757.5100000000007 27.350625000000004 25.270625000000006 3596.3175000000006 10.500000000000002
decision_type=2 2 2 2 2 2 2 2 2 2 2 2 2 2 2 2 2 2 2 2 2 2 2 2 2 2 2 2 2 2
left_child=10 2 4 5 -2 13 7 -7 9 -8 -1 -12 -13 14 15 20 -15 -18 -17 -20 21 23 -23 24 -3 26 27 -22 -28 -25
right_child=1 3 -4 -5 -6 6 8 -9 -10 -11 11 12 -14 16 -16 18 17 -19 19 -21 25 22 -24 29 -26 -27 28 -29 -30 -31
leaf_value=-0.0191064357793507 0.056256699081113797 -0.40028622446226936 2.2777322340011597 0.58828252214996313 0.5143954807585015 0.051398678248438724 -0.053691098668248151 0.52395164382802806 0.051785324798584921 -0.43284725249469286 -0.11143859685066732 -0.86325734706337642 -0.27170730336230814 0.94358361824637371 -0.17769055960537949 0.12797294250251542 0.041242725358424909 1.3012212770741161 1.716162537704123 0.34326350624608093 -0.22137790504551905 0.038368315663692358 0.34212477077969838 -0.023043317910530114 -0.080247170772312401 0.0023229461533224418 -0.52904624153528723 0.076084077252774093 -0.17683144746030999 0.1750108776810386
leaf_weight=2342 761 735 25 193 515 2841 1007 1167 5609 625 1880 325 377 126 3841 1963 1450 41 47 301 1091 2537 1080 8776 2638 3240 748 1351 910 1347
leaf_count=2342 761 735 25 193 515 2841 1007 1167 5609 625 1880 325 377 126 3841 1963 1450 41 47 301 1091 2537 1080 8776 2638 3240 748 1351 910 1347
internal_value=-0.0028939 0.0109612 0.280298 0.0029361 0.241164 0.000337312 0.0643028 0.188991 -0.00471379 -0.198895 -0.129416 -0.229472 -0.545573 -0.0219936 -0.0307376 -0.00964779 0.143503 0.07589 0.188314 0.528684 -0.0283567 -0.000324651 0.129067 -0.0350023 -0.149986 -0.0937126 -0.169604 -0.0568115 -0.335732 0.00331043
internal_weight=49889 44965 1301 43664 1276 43471 11249 4008 7241 1632 4924 2582 702 32222 30605 26764 1617 1491 2311 348 24453 17113 3617 13496 3373 7340 4100 2442 1658 10123
internal_count=49889 44965 1301 43664 1276 43471 11249 4008 7241 1632 4924 2582 702 32222 30605 26764 1617 1491 2311 348 24453 17113 3617 13496 3373 7340 4100 2442 1658 10123
is_linear=0
shrinkage=0.05


Tree=170
num_leaves=31
num_cat=0
split_feature=3 7 0 6 7 0 0 6 1 6 0 0 7 6 6 7 0 7 7 7 0 1 6 0 6 6 7 1 0 0
split_gain=23935.4 29106.4 27379 22026.2 21945.2 20659.8 17941.2 30439.6 17889.1 15941.5 19178.4 15881.8 15099.2 15934.8 15020.1 32435.5 21657.7 47299.7 31936.7 28275.7 25242.2 21069.2 18724.2 16651.7 26582 24823.4 48774.9 24649.9 25416.2 20461.4
threshold=1.0000000180025095e-35 3166.8725000000004 23.426250000000003 2794.2987500000004 3768.9662500000004 25.114375000000006 27.679375000000007 3613.1812500000001 5.5000000000000009 3374.3450000000007 26.850625000000004 30.250625000000003 2889.2750000000005 3016.0012500000007 3190.9950000000003 3211.3125000000005 26.366875000000004 3533.1150000000002 3382.1362500000005 3847.3050000000007 27.213125000000005 9.5000000000000018 3234.5012500000007 30.013125000000006 3441.0375000000004 3539.3575000000005 3620.5075000000002 4.5000000000000009 32.346250000000005 24.553125000000005
decision_type=2 2 2 2 2 2 2 2 2 2 2 2 2 2 2 2 2 2 2 2 2 2 2 2 2 2 2 2 2 2
left_child=3 2 -2 4 5 -1 9 8 -8 -4 -11 -9 13 -5 16 22 18 -18 21 20 -19 -14 -16 24 -17 26 -25 -27 -29 -26
right_child=1 -3 6 12 -6 -7 7 11 -10 10 -12 -13 14 -15 15 23 17 19 -20 -21 -22 -23 -24 25 29 27 -28 28 -30 -31
leaf_value=0.21589008879390961 -0.37187955749149504 -0.0033892714722991487 0.064278338343504063 -0.03675720150481137 1.2819579899311067 -0.039643713101262447 0.11014756908035442 -0.68338787009079871 0.48941103933558489 0.59540713128775458 -0.16337020695209503 0.11636027115239921 -0.02162567737545984 -0.33385793020180232 0.041353064547892254 0.073914760788836464 0.0090243460448947779 0.10824639064376243 0.4266647208040138 0.31061914394265172 -1.0019473624182866 0.2502250139831716 -0.30454197932406296 0.10358590691003532 -0.29729311077417692 0.079206694455584314 -0.57492378319054838 0.2628628538013244 1.0996252945016238 -0.062625940862109958
leaf_weight=1588 247 8544 3195 974 39 1576 435 104 1090 309 114 154 2695 841 505 3536 2754 64 666 73 256 969 1737 784 1004 2282 400 363 121 12419
leaf_count=1588 247 8544 3195 974 39 1576 435 104 1090 309 114 154 2695 841 505 3536 2754 64 666 73 256 969 1737 784 1004 2282 400 363 121 12419
internal_value=-8.62911e-05 0.054829 0.142899 -0.0219501 0.103138 0.0886078 0.166441 0.296253 0.381228 0.102467 0.390914 -0.206019 -0.0342997 -0.174422 -0.0259961 -0.0458949 0.0356163 -0.0642016 0.108163 -0.577342 -0.779909 0.0502693 -0.226631 -0.0265152 -0.0480495 0.0659406 -0.12564 0.147948 0.472053 -0.0801783
internal_weight=49838 14192 5648 35646 3203 3164 5401 1783 1525 3618 423 258 32443 1815 30628 23151 7477 3147 4330 393 320 3664 2242 20909 16959 3950 1184 2766 484 13423
internal_count=49838 14192 5648 35646 3203 3164 5401 1783 1525 3618 423 258 32443 1815 30628 23151 7477 3147 4330 393 320 3664 2242 20909 16959 3950 1184 2766 484 13423
is_linear=0
shrinkage=0.05


Tree=171
num_leaves=31
num_cat=0
split_feature=4 4 5 8 0 4 4 4 5 4 5 4 8 0 8 0 6 5 4 4 5 8 4 4 5 0 8 6 5 4
split_gain=40283.8 35761.7 64784.1 35296.4 35067.3 54496.1 43977.1 32105.9 67549.5 52581 81645.5 84279.6 39569.2 39817.9 38573.5 35171.8 32058.4 68759.5 96750.9 46402.6 74437.9 47872.2 46461.3 78658.4 135586 56469.8 89530.9 49995.5 48091.5 212118
threshold=3.5000000000000004 21.500000000000004 1.0000000180025095e-35 3658.6100000000001 24.269375000000007 12.500000000000002 11.500000000000002 5.5000000000000009 1.0000000180025095e-35 8.5000000000000018 1.0000000180025095e-35 7.5000000000000009 3207.0187500000006 29.531875000000003 2472.5250000000005 27.243125000000003 3492.0062500000004 1.0000000180025095e-35 14.500000000000002 14.500000000000002 1.0000000180025095e-35 3637.5250000000005 17.500000000000004 18.500000000000004 1.0000000180025095e-35 27.534375000000008 4041.9750000000004 4528.1125000000002 1.0000000180025095e-35 19.500000000000004
decision_type=2 2 2 2 2 2 2 2 2 2 2 2 2 2 2 2 2 2 2 2 2 2 2 2 2 2 2 2 2 2
left_child=-1 4 3 -3 -2 6 7 8 -6 10 11 15 -11 -14 -10 -9 17 18 -7 20 -18 -22 27 24 25 26 -24 -21 29 -25
right_child=1 2 -4 -5 5 16 -8 9 14 12 -12 -13 13 -15 -16 -17 19 -19 -20 22 21 -23 23 28 -26 -27 -28 -29 -30 -31
leaf_value=-0.10067420075422027 0.19771201691211404 -0.25957479345727796 -0.23618747839130566 0.40472337226962324 -0.35959305592290347 -0.51313946842501668 -0.261772642120705 0.61078661332651074 -1.2721372330712306 -0.074388595125103568 -0.26176471965519055 -0.30395695614058149 0.43368462144354042 0.054952256065110117 0.36141434757412444 -0.73546734001451686 -0.38348371268784415 0.29043821004792786 0.28872593041389771 -0.10688923296650424 0.12811941477669395 0.7918530006926241 -0.312509999365288 1.0723566037602723 0.60295511327489371 -0.98571951864763752 2.3623263359069826 -1.3540769417838354 -0.099111872322902084 -0.20564359873258309
leaf_weight=8296 3052 274 3046 740 469 742 2069 724 37 3076 4319 516 1025 2149 1551 52 305 3958 763 4003 486 616 177 496 1393 215 38 82 4229 940
leaf_count=8296 3052 274 3046 740 469 742 2069 724 37 3076 4319 516 1025 2149 1551 52 305 3958 763 4003 486 616 177 496 1393 215 38 82 4229 940
internal_value=-8.19763e-05 0.0200064 -0.12095 0.225219 0.0352746 0.0208756 -0.0466886 -0.014715 0.16764 -0.04634 -0.157448 0.191272 0.053408 0.177259 0.323353 0.520574 0.0794424 0.181055 -0.106612 0.0366759 0.307807 0.499136 0.00371285 0.0777084 0.36338 -0.412734 0.160252 -0.131925 -0.0142207 0.235783
internal_weight=49838 41542 4060 1014 37482 34430 15987 13918 2057 11861 5611 1292 6250 3174 1588 776 18443 5463 1505 12980 1407 1102 11573 7488 1823 430 215 4085 5665 1436
internal_count=49838 41542 4060 1014 37482 34430 15987 13918 2057 11861 5611 1292 6250 3174 1588 776 18443 5463 1505 12980 1407 1102 11573 7488 1823 430 215 4085 5665 1436
is_linear=0
shrinkage=0.05


Tree=172
num_leaves=31
num_cat=0
split_feature=4 4 5 8 4 0 4 7 8 4 7 5 4 4 4 0 4 4 4 1 1 8 8 4 4 5 4 8 7 8
split_gain=36356.2 32274.9 58467.7 32505.3 42642.5 31648.2 49182.7 40228.8 48138.8 39689.4 34401.3 44209.1 102668 44501.8 41174.3 63344.8 56039.8 71314.7 110689 188262 59203.1 38867 35089.7 32850 31616.2 31276.8 30416.9 36200.9 29967.5 29211.1
threshold=3.5000000000000004 21.500000000000004 1.0000000180025095e-35 4216.4300000000012 22.500000000000004 24.269375000000007 12.500000000000002 2758.5300000000002 2698.0050000000006 11.500000000000002 3912.2850000000003 1.0000000180025095e-35 13.500000000000002 18.500000000000004 14.500000000000002 28.525000000000009 16.500000000000004 18.500000000000004 17.500000000000004 9.5000000000000018 9.5000000000000018 4584.4562500000011 3883.0225000000005 19.500000000000004 14.500000000000002 1.0000000180025095e-35 16.500000000000004 3475.5112500000005 2829.6250000000005 2975.0950000000007
decision_type=2 2 2 2 2 2 2 2 2 2 2 2 2 2 2 2 2 2 2 2 2 2 2 2 2 2 2 2 2 2
left_child=25 5 3 4 -3 -2 9 -8 -9 -7 11 12 -10 26 15 -13 -16 18 19 -18 -20 24 -17 -15 -12 -1 27 -14 -11 -27
right_child=1 2 -4 -5 -6 6 7 8 10 28 21 14 13 23 16 22 17 -19 20 -21 -22 -23 -24 -25 -26 29 -28 -29 -30 -31
leaf_value=-0.26384862626710026 0.1878264161035221 0.43453520233990883 -0.22437810432199493 0.64557767643547459 -0.34183525087417299 -0.013979235807915713 0.51204074792033805 -0.69695223319226685 -0.75947642565976992 0.25435828975564528 0.33222302301299006 0.056386212415887205 -0.081193724396393219 1.2518665977609835 -0.073929738616357751 0.50629440671963077 -0.12258466885063785 -0.018310678827068213 1.155457282307665 1.9816101680525013 -0.63956723499298107 0.3057414566174167 1.4360017358714885 0.2666122973611324 -0.079420927450455925 -0.20869117276203084 -0.28406967997108018 0.49265868974456356 -0.32066630641410121 0.029797009612309047
leaf_weight=2073 3052 338 3046 305 371 13918 513 206 421 259 504 984 706 123 2229 1312 826 1261 565 122 50 873 110 271 6261 1811 656 450 1810 4412
leaf_count=2073 3052 338 3046 305 371 13918 513 206 421 259 504 984 706 123 2229 1312 826 1261 565 122 50 873 110 271 6261 1811 656 450 1810 4412
internal_value=-7.78778e-05 0.0190061 -0.114902 0.213958 0.0282821 0.0335109 0.0198318 0.0754703 0.0629795 -0.0443542 0.0718119 0.132431 -0.0439605 0.0925909 0.194554 0.364797 0.113492 0.261426 0.487112 0.148208 1.00952 -0.00823537 0.578213 0.574192 -0.048753 -0.0956405 -0.0121281 0.142192 -0.248684 -0.0396072
internal_weight=49838 41542 4060 1014 709 37482 34430 18443 17930 15987 17724 10086 2627 2206 7459 2406 5053 2824 1563 948 615 7638 1422 394 6765 8296 1812 1156 2069 6223
internal_count=49838 41542 4060 1014 709 37482 34430 18443 17930 15987 17724 10086 2627 2206 7459 2406 5053 2824 1563 948 615 7638 1422 394 6765 8296 1812 1156 2069 6223
is_linear=0
shrinkage=0.05


Tree=173
num_leaves=31
num_cat=0
split_feature=8 6 8 6 8 6 6 8 8 6 3 4 4 4 6 8 6 4 6 8 8 6 4 6 4 4 8 3 4 6
split_gain=34665.2 48971.2 42973.6 40896.2 45923.8 33940.1 32584.9 82177.8 60979.9 37151.7 31212.4 29701.7 29518.4 27898.7 40706.6 27703.9 27467.7 27380.2 36196.8 25498.2 25006.7 31506.9 24912.8 22990.9 23587.3 22496 22134.1 21987.5 21443.3 22350.6
threshold=2907.0200000000004 3058.5050000000006 3201.7650000000008 3399.0075000000002 3481.7637500000005 2682.6250000000005 4104.505000000001 4165.3750000000009 4008.6487500000007 3834.5475000000001 1.0000000180025095e-35 22.500000000000004 6.5000000000000009 13.500000000000002 2472.5250000000005 4584.4562500000011 2713.5450000000005 3.5000000000000004 3186.3125000000005 3371.1625000000004 4928.8850000000011 4693.3900000000012 7.5000000000000009 3848.1787500000005 4.5000000000000009 1.5000000000000002 3354.7250000000004 1.0000000180025095e-35 2.5000000000000004 4016.4475000000007
decision_type=2 2 2 2 2 2 2 2 2 2 2 2 2 2 2 2 2 2 2 2 2 2 2 2 2 2 2 2 2 2
left_child=5 12 23 10 28 -1 8 11 9 27 26 22 16 -14 -15 -10 -2 18 -7 -18 21 -9 -8 24 -3 -23 -4 -6 -5 -30
right_child=1 2 3 4 6 17 7 20 15 -11 -12 -13 13 14 -16 -17 19 -19 -20 -21 -22 25 -24 -25 -26 -27 -28 -29 29 -31
leaf_value=0.091810406205449252 1.4454844489097596 -0.31809934991472422 -0.02024791278209799 -0.65155065025299275 0.020744788914924001 -0.35605691484627588 -0.93748356795215337 0.070077838639205567 0.25736118831458649 -0.13115426977599146 0.34611612211039533 -1.5722661728970708 -0.011621969884139213 2.1732535200459617 0.23912437335960762 1.6541504944364231 0.2402468984429271 -0.11057769469238926 -2.4518433888753255 1.640351438341719 0.59857820328225431 -1.4891153814111437 -0.26306579857362089 -1.5134861988822621 -0.071390750449918272 -0.19838215006568269 0.17797897178431307 0.21548712702309453 -0.13426347480708453 -1.1424936364803997
leaf_weight=1541 50 1242 2990 232 6207 1088 148 4171 2552 3379 1285 48 3078 28 957 36 2228 3493 21 33 187 35 1831 30 4405 951 2662 1891 2983 56
leaf_count=1541 50 1242 2990 232 6207 1088 148 4171 2552 3379 1285 48 3078 28 957 36 2228 3493 21 33 187 35 1831 30 4405 951 2662 1891 2983 56
internal_value=-7.39839e-05 0.0155615 -0.00631379 0.0164114 -0.0137076 -0.111289 0.0129209 -0.0722346 0.0575481 0.00811003 0.123684 -0.34331 0.143646 0.0624959 0.294105 0.276791 0.286316 -0.179297 -0.395743 0.260682 0.0305854 0.00998918 -0.313502 -0.132986 -0.125652 -0.244199 0.0731137 0.0662199 -0.188214 -0.152842
internal_weight=49838 43695 37321 31644 24707 6143 21436 7371 14065 11477 6937 2027 6374 4063 985 2588 2311 4602 1109 2261 5344 5157 1979 5677 5647 986 5652 8098 3271 3039
internal_count=49838 43695 37321 31644 24707 6143 21436 7371 14065 11477 6937 2027 6374 4063 985 2588 2311 4602 1109 2261 5344 5157 1979 5677 5647 986 5652 8098 3271 3039
is_linear=0
shrinkage=0.05


Tree=174
num_leaves=31
num_cat=0
split_feature=8 6 3 8 6 6 8 5 8 6 6 8 8 6 8 8 1 6 0 6 1 6 0 0 8 6 0 0 8 0
split_gain=31501.8 38146.5 31582.5 30596 61290.5 36287.8 36099.9 26926.6 25874.7 38598.8 32605.8 35737.4 33568.3 54625.4 37395.2 34321.8 29992.8 27722.8 25107.1 23116.3 21505.4 20535.6 18979.4 18279 32632.3 17937.2 24939.6 17768.1 22938.5 16639.4
threshold=2665.5050000000006 2794.2987500000004 1.0000000180025095e-35 3153.4450000000002 3200.2550000000006 3234.5012500000007 3305.3462500000005 1.0000000180025095e-35 4868.6775000000007 4623.0900000000011 4693.3900000000012 4555.4162500000011 4372.7737500000012 4128.9587500000007 4153.2687500000011 3924.6612500000006 4.5000000000000009 3888.7662500000001 26.086875000000003 4337.6800000000012 2.5000000000000004 3594.2637500000005 30.013125000000006 26.528125000000006 3360.2575000000006 2682.6250000000005 24.860625000000002 29.728125000000002 3354.7250000000004 27.925625000000007
decision_type=2 2 2 2 2 2 2 2 2 2 2 2 2 2 2 2 2 2 2 2 2 2 2 2 2 2 2 2 2 2
left_child=25 27 3 4 7 23 21 -3 10 -10 12 16 13 15 -15 17 29 -8 -11 -14 -17 -7 -13 24 -5 -1 -27 28 -2 -12
right_child=1 2 -4 5 -6 6 8 -9 9 18 11 22 19 14 -16 20 -18 -19 -20 -21 -22 -23 -24 -25 -26 26 -28 -29 -30 -31
leaf_value=-0.020972030910093392 0.20210892726895408 -0.26010013905160018 0.064345023471166538 0.13504356575524434 -0.54124715229270948 -0.21128188535171236 -0.012365993649163319 -0.0047762465569061502 2.0104277263368879 1.6029550341765084 -0.022967036931138291 -0.29118033631135487 0.44815738394038257 -0.50132578956421281 -0.099790910892518014 -0.10283070157183881 -2.6281845269532038 -0.29384303042674875 0.065432161942640427 0.07105524506716733 0.20729742944104809 -0.95740095234799139 1.2147652699188753 0.02168928858045166 0.62544315917702598 -0.6690419107779626 -0.17049545001002622 -0.26148003268794251 1.2253157794475555 -1.6645022853635827
leaf_weight=938 2503 1379 12635 1800 785 1564 10412 4111 35 30 38 427 601 915 1583 702 29 955 231 1255 2744 98 22 2102 418 349 892 203 56 26
leaf_count=938 2503 1379 12635 1800 785 1564 10412 4111 35 30 38 427 601 915 1583 702 29 955 231 1255 2744 98 22 2102 418 349 892 203 56 26
internal_value=-7.02846e-05 0.0084296 -0.00266542 -0.0289092 -0.127999 -0.00498236 -0.0313648 -0.0689095 -0.0127624 0.451245 -0.0197311 -0.40217 -0.00891652 -0.0305829 -0.24687 0.00589092 -1.29427 -0.0360143 0.242159 0.193166 0.14412 -0.255277 -0.217392 0.127339 0.227463 -0.18598 -0.310699 0.188782 0.2245 -0.689841
internal_weight=49838 47659 44897 32262 6275 25987 21667 5490 20005 296 19709 542 19167 17311 2498 14813 93 11367 261 1856 3446 1662 449 4320 2218 2179 1241 2762 2559 64
internal_count=49838 47659 44897 32262 6275 25987 21667 5490 20005 296 19709 542 19167 17311 2498 14813 93 11367 261 1856 3446 1662 449 4320 2218 2179 1241 2762 2559 64
is_linear=0
shrinkage=0.05


Tree=175
num_leaves=31
num_cat=0
split_feature=8 4 4 5 4 7 5 4 8 4 6 8 7 8 4 5 4 6 6 7 0 4 8 5 8 4 6 0 5 4
split_gain=34663.4 42872.8 34648 56895.4 35772.6 43266.9 51748.5 51050 34762.8 36831.4 33054.3 64498.1 39275.2 29980 41313.7 50116.2 44975.8 40542.9 34597.4 33616.6 28273.4 30915.8 52506.3 28248.1 26881.4 26598.1 25442.5 25232.9 43545.8 54921.8
threshold=2631.0750000000003 16.500000000000004 21.500000000000004 1.0000000180025095e-35 12.500000000000002 3353.5050000000006 1.0000000180025095e-35 14.500000000000002 4242.8275000000003 22.500000000000004 3210.5100000000007 3322.0087500000004 3710.5025000000005 4118.4950000000008 20.500000000000004 1.0000000180025095e-35 15.500000000000002 4050.4637500000003 4093.5975000000003 3776.1800000000007 27.495625000000008 17.500000000000004 3395.3475000000003 1.0000000180025095e-35 3915.4400000000005 11.500000000000002 3363.2537500000003 30.569375000000004 1.0000000180025095e-35 13.500000000000002
decision_type=2 2 2 2 2 2 2 2 2 2 2 2 2 2 2 2 2 2 2 2 2 2 2 2 2 2 2 2 2 2
left_child=1 -1 4 8 10 6 7 -6 9 -4 25 -12 24 17 16 -16 19 27 -18 -15 21 -8 -23 -21 -13 -2 -22 -7 29 -29
right_child=2 -3 3 -5 5 13 20 -9 -10 -11 11 12 -14 14 15 -17 18 -19 -20 23 26 22 -24 -25 -26 -27 -28 28 -30 -31
leaf_value=-0.18875680626412589 0.059982933969739242 -2.3164697418610256 0.39357141293918912 -0.2402415223996755 -0.40837386917478097 -0.0039127507858821037 0.054324864828724645 0.30388222375860924 0.67432637798515238 -0.32736644536440085 -0.24506279224570704 0.054085136152755425 -0.13762425760736771 2.4322415118190377 -0.18468843700409232 0.65865306791227529 0.33513989878806827 -0.22982556343873251 -0.07094162576429551 1.2766837038375716 0.66381534083748539 2.3463657078219624 0.27159322846461748 0.24604988717637216 0.60311126425252137 -0.23180327674737278 0.24482672928286961 -1.084991691829484 0.43235939378638871 0.24207892112123469
leaf_weight=1750 11677 24 335 3034 540 6872 993 471 275 376 3854 5715 3396 22 238 678 644 1792 2827 81 864 41 119 371 232 837 624 122 865 216
leaf_count=1750 11677 24 335 3034 540 6872 993 471 275 376 3854 5715 3396 22 238 678 644 1792 2827 81 864 41 119 371 232 837 624 122 865 216
internal_value=-0.000488941 -0.217542 0.00751447 -0.133009 0.0203267 0.0735936 0.227651 -0.0765513 0.196954 0.0123159 -0.0177521 -0.0729579 -0.00196442 0.0353931 0.137028 0.439532 0.0667892 -0.0146777 0.00440165 0.52364 0.344102 0.158253 0.803254 0.430743 0.0755033 0.0404668 0.48811 0.0330678 0.244315 -0.236923
internal_weight=49885 1774 48111 4020 44091 18380 3652 1011 986 711 25711 13197 9343 14728 4861 916 3945 9867 3471 474 2641 1153 160 452 5947 12514 1488 8075 1203 338
internal_count=49885 1774 48111 4020 44091 18380 3652 1011 986 711 25711 13197 9343 14728 4861 916 3945 9867 3471 474 2641 1153 160 452 5947 12514 1488 8075 1203 338
is_linear=0
shrinkage=0.05


Tree=176
num_leaves=31
num_cat=0
split_feature=4 4 5 4 0 4 1 4 4 1 4 5 5 0 7 5 4 0 3 1 1 4 1 5 5 4 4 3 4 7
split_gain=30610.7 33555.7 51017.4 27725.2 39871.5 44969 40147.2 41731.6 35865.8 58083.3 95175.2 85145.4 39753.8 37459.7 30717.5 54393.3 41311.8 38153 34161.2 28349.1 37475.4 28004.8 31231.6 27899.1 27500.4 98592.5 27399.9 26921.1 26910.6 26148
threshold=1.0000000180025095e-35 21.500000000000004 1.0000000180025095e-35 12.500000000000002 26.211875000000003 7.5000000000000009 2.5000000000000004 10.500000000000002 4.5000000000000009 8.5000000000000018 5.5000000000000009 1.0000000180025095e-35 1.0000000180025095e-35 24.335625000000004 3353.5050000000006 1.0000000180025095e-35 14.500000000000002 27.605625000000007 1.0000000180025095e-35 6.5000000000000009 4.5000000000000009 16.500000000000004 5.5000000000000009 1.0000000180025095e-35 1.0000000180025095e-35 5.5000000000000009 6.5000000000000009 1.0000000180025095e-35 8.5000000000000018 2841.1350000000007
decision_type=2 2 2 2 2 2 2 2 2 2 2 2 2 2 2 2 2 2 2 2 2 2 2 2 2 2 2 2 2 2
left_child=-1 3 -3 4 8 -6 -7 19 23 13 12 26 -11 24 15 16 18 21 -5 20 -8 -17 -23 -2 25 -10 -12 -24 -21 -9
right_child=1 2 -4 14 5 6 7 29 9 10 11 -13 -14 -15 -16 17 -18 -19 -20 28 -22 22 27 -25 -26 -27 -28 -29 -30 -31
leaf_value=-0.18861251095098935 -0.1948351648062433 0.18199477895896524 -0.23169234224922303 -0.664100792593873 -0.33769819749738367 -0.25974989041138208 0.056588332169393088 0.25163307587462891 -0.65028240096451029 -0.32311513561255012 0.87702580113541484 -0.62889631010837188 0.6659783436229364 0.13685962046762759 0.033394404740100657 -0.038050886927081196 0.22745787926739261 0.47368598634087783 0.13406194903221275 -0.3237274729213972 0.48755666664827846 -1.4408071536198259 0.065515623784715857 0.023080211817494801 0.62212449980107853 0.95424115888692518 -0.044716597386570869 0.9657812223061919 0.083729810258884804 -0.18250858367672229
leaf_weight=2072 1949 987 3043 391 1530 1762 1173 395 202 134 129 866 420 3455 14737 938 496 1545 204 538 885 20 142 5961 828 182 215 200 1642 2844
leaf_count=2072 1949 987 3043 391 1530 1762 1173 395 202 134 129 866 420 3455 14737 938 496 1545 204 538 885 20 142 5961 828 182 215 200 1642 2844
internal_value=-0.000464494 0.00768899 -0.130375 0.0203971 -0.0139143 -0.086622 -0.0450432 0.00555375 0.0406836 0.128377 -0.116037 -0.364547 0.426739 0.220759 0.0665364 0.190625 -0.109529 0.305728 -0.390445 0.108821 0.241917 0.106117 0.479678 -0.0306135 0.459929 0.110195 0.300937 0.591987 -0.0168262 -0.129564
internal_weight=49885 47813 4030 43783 25110 10769 9239 7477 14341 6431 1764 1210 554 4667 18673 3936 1091 2845 595 4238 2058 1300 362 7910 1212 384 344 342 2180 3239
internal_count=49885 47813 4030 43783 25110 10769 9239 7477 14341 6431 1764 1210 554 4667 18673 3936 1091 2845 595 4238 2058 1300 362 7910 1212 384 344 342 2180 3239
is_linear=0
shrinkage=0.05


Tree=177
num_leaves=31
num_cat=0
split_feature=8 6 8 6 7 8 6 7 8 4 6 7 4 7 8 6 7 6 8 4 8 4 4 6 4 8 6 4 8 8
split_gain=33187.3 41521.1 57842.6 38059.9 55324.6 48840.4 37156.8 36709.7 74606.5 57933.1 38933 35038.1 31104.7 29236.1 36092.7 47970.7 53273.1 28626.9 32582.4 27478.8 27255.7 25190.4 45291.5 23603.1 23001.2 22935.2 31215.2 22149.1 22040.3 21958.7
threshold=3074.7512500000007 3288.0450000000005 3407.8400000000006 3586.7187500000005 2829.6250000000005 3666.3525000000004 2980.5125000000003 2929.5550000000007 2698.0050000000006 9.5000000000000018 3181.6100000000006 2966.0287500000004 4.5000000000000009 3730.5412500000007 4153.2687500000011 3888.7662500000001 4150.8100000000013 4623.0900000000011 4868.6775000000007 4.5000000000000009 4868.6775000000007 7.5000000000000009 4.5000000000000009 4050.4637500000003 20.500000000000004 2817.5200000000004 2713.5450000000005 6.5000000000000009 2345.2987500000004 3322.0087500000004
decision_type=2 2 2 2 2 2 2 2 2 2 2 2 2 2 2 2 2 2 2 2 2 2 2 2 2 2 2 2 2 2
left_child=6 29 19 4 -4 12 21 9 11 -8 -10 -9 -5 -7 15 16 -15 18 -16 -3 -19 22 25 24 -14 26 -1 -13 -24 -2
right_child=1 2 3 5 -6 13 7 8 10 -11 -12 27 23 14 17 -17 -18 20 -20 -21 -22 -23 28 -25 -26 -27 -28 -29 -30 -31
leaf_value=0.032470416579388386 0.066375400661888947 -0.49106364676764225 1.8894228047794766 -0.68454407705701037 0.12840764142412583 0.1484315950779703 -0.29791392475623085 -3.2931953154504301 -0.095705059807386209 0.22044101800709406 -0.47738026589127536 -2.3403911113739015 -0.028850679721866314 0.18831194162513817 0.12056107370650015 -0.20181305960716209 -0.46164079687478854 -0.23279969878291762 1.6101213988420124 -0.12493340872695934 0.27122490213081324 -0.14401579430380645 -0.93725620470941073 -0.63798596163590748 -0.48610051116609121 0.12623335289748713 -0.39832535725998436 -0.74500983725967151 0.39483743819402789 0.23696010028481426
leaf_weight=1042 7333 589 45 303 5014 3587 984 20 1974 1192 1010 27 1852 1952 4715 4025 376 1170 37 3944 348 1886 32 222 323 1478 705 112 1048 2540
leaf_count=1042 7333 589 45 303 5014 3587 984 20 1974 1192 1010 27 1852 1952 4715 4025 376 1170 37 3944 348 1886 32 222 323 1478 705 112 1048 2540
internal_value=-0.000441269 0.0218937 -0.0087166 0.0222593 0.144072 -0.0103293 -0.0749072 -0.171828 -0.281124 -0.0139621 -0.224891 -1.33645 -0.207219 0.0224655 -0.0133296 -0.0973225 0.0833368 0.0717752 0.132159 -0.172507 -0.117253 0.00836236 0.0751185 -0.146881 -0.0967549 -0.0187325 -0.141377 -1.0549 0.355368 0.110261
internal_weight=49885 38375 28502 23969 5059 18910 11510 5319 3143 2176 2984 159 2700 16210 12623 6353 2328 6270 4752 4533 1518 6191 4305 2397 2175 3225 1747 139 1080 9873
internal_count=49885 38375 28502 23969 5059 18910 11510 5319 3143 2176 2984 159 2700 16210 12623 6353 2328 6270 4752 4533 1518 6191 4305 2397 2175 3225 1747 139 1080 9873
is_linear=0
shrinkage=0.05


Tree=178
num_leaves=31
num_cat=0
split_feature=4 4 5 4 4 0 6 5 1 4 4 5 1 1 1 5 7 5 4 4 1 1 7 4 1 1 6 6 0 6
split_gain=27811.9 30925.3 46411.3 25864.6 46543.3 51443.3 48528.5 40458.8 35167.1 28742.1 89488.4 178732 179785 179093 81589.8 90743.4 71900.5 63818.7 218248 108245 84846.8 58619.2 53321 46488.2 44870.4 51939.9 43002 37570.9 44021.6 39162.7
threshold=1.0000000180025095e-35 21.500000000000004 1.0000000180025095e-35 13.500000000000002 14.500000000000002 27.710625000000004 2966.2325000000005 1.0000000180025095e-35 10.500000000000002 17.500000000000004 18.500000000000004 1.0000000180025095e-35 9.5000000000000018 9.5000000000000018 7.5000000000000009 1.0000000180025095e-35 3985.6150000000002 1.0000000180025095e-35 19.500000000000004 19.500000000000004 9.5000000000000018 2.5000000000000004 4187.598750000001 15.500000000000002 2.5000000000000004 7.5000000000000009 3931.0700000000002 3453.1762500000004 29.598125000000007 4444.4925000000012
decision_type=2 2 2 2 2 2 2 2 2 2 2 2 2 2 2 2 2 2 2 2 2 2 2 2 2 2 2 2 2 2
left_child=-1 3 -3 -2 5 -5 -6 -7 -9 14 11 13 -13 22 15 23 26 18 20 24 -12 -17 -11 -8 -19 -26 -16 -23 -29 -30
right_child=1 2 -4 4 6 7 9 8 -10 10 17 12 -14 -15 16 21 -18 19 -20 -21 -22 27 -24 -25 25 -27 -28 28 29 -31
leaf_value=-0.17975989409154247 -0.010474570613604593 0.17274578025459814 -0.22182513594159425 -0.15402660532324705 0.55816695381979753 -0.010182793365842791 0.7607252772162918 0.66476399099322725 -0.20289694281678849 -0.58677666343565538 1.3955524134691761 0.8768352567760973 -0.57637703394626871 1.5804774354447375 0.059852259283590996 0.017818924978579561 1.4300226580825719 -1.0532885626307689 -0.15958041898903949 0.064263597171541648 -0.29371295611063641 -0.14980059435124646 -1.9911275791270393 -0.010368841049963967 -0.048098436127177534 -0.68744720164900353 1.0684469348085779 -0.92076188668831083 -0.23114196700777412 -1.3057698519573999
leaf_weight=2072 27186 987 3043 501 433 399 284 1076 131 346 427 1287 255 91 1873 803 110 256 1020 3075 90 587 84 627 724 566 112 670 673 97
leaf_count=2072 27186 987 3043 501 433 399 284 1076 131 346 427 1287 255 91 1873 803 110 256 1020 3075 90 587 84 627 724 566 112 670 673 97
internal_value=-0.000419205 0.00735261 -0.12519 0.0195524 0.0687369 0.288313 0.0368081 0.426304 0.570594 0.0207486 0.0809877 0.365998 0.636518 -0.434656 -0.0641084 -0.204012 0.185714 -0.0144942 0.264603 -0.107325 1.10148 -0.343729 -0.861115 0.230016 -0.448616 -0.328619 0.11676 -0.486957 -0.624395 -0.366517
internal_weight=49885 47813 4030 43783 16597 2107 14490 1606 1207 14057 8221 2063 1542 521 5836 3741 2095 6158 1537 4621 517 2830 430 911 1546 1290 1985 2027 1440 770
internal_count=49885 47813 4030 43783 16597 2107 14490 1606 1207 14057 8221 2063 1542 521 5836 3741 2095 6158 1537 4621 517 2830 430 911 1546 1290 1985 2027 1440 770
is_linear=0
shrinkage=0.05


Tree=179
num_leaves=31
num_cat=0
split_feature=8 8 7 8 3 8 7 8 8 0 5 7 7 7 7 0 0 1 7 0 8 1 8 0 8 7 0 7 0 7
split_gain=31668.1 24233.8 24854.5 33589.3 30273.3 28024.1 26547.7 45413.4 31513.5 25346 25072.9 23990.2 23982.5 23342.7 23195 22538.4 22391.9 28267.2 22275.7 20770.7 23348.7 19067.4 18861.5 18546.7 46949.3 19458.5 21027.1 18211.7 17820.7 17681.5
threshold=2631.0750000000003 4928.8850000000011 2952.5025000000005 3074.7512500000007 1.0000000180025095e-35 2907.0200000000004 3560.5350000000003 3494.4650000000006 3970.0150000000008 25.135625000000008 1.0000000180025095e-35 4048.6962500000004 4448.9625000000005 2611.6400000000008 4592.5687500000013 27.679375000000007 26.820625000000007 5.5000000000000009 3560.5350000000003 29.930625000000003 4041.9750000000004 5.5000000000000009 4555.4162500000011 27.213125000000005 3602.2850000000003 3994.9025000000006 30.250625000000003 4027.2600000000007 32.346250000000005 3304.5062500000004
decision_type=2 2 2 2 2 2 2 2 2 2 2 2 2 2 2 2 2 2 2 2 2 2 2 2 2 2 2 2 2 2
left_child=18 2 4 16 -2 15 7 29 14 -7 21 -12 -3 -11 23 -6 27 -18 -1 -9 28 22 -10 -8 -25 -26 -27 -4 -21 -5
right_child=1 12 3 6 5 9 8 19 10 13 11 -13 -14 -15 -16 -17 17 -19 -20 20 -22 -23 -24 24 25 26 -28 -29 -30 -31
leaf_value=-0.17831483226167502 0.0064689527780108589 2.1241042559797112 -0.04578363962131636 0.052522305018942651 -0.099590834983467283 0.16407352705697048 -0.023985925913360698 0.14670984827798722 0.0039894329537053684 1.4752486802742517 0.1318589357235054 -0.069416580428603034 0.3678841376643695 0.5142104436155045 -0.7556948201148771 0.33807397547389284 -0.63629308491131498 -0.15821293600146374 -1.2703114998837313 0.57591591353798588 2.0416449357162825 0.43015677924227602 0.38570991561726431 -0.42411809552904467 -0.008129591705665724 -0.61275728006117258 0.076144938974899101 -1.0257537881533305 0.064613023921016421 -0.074837556537575012
leaf_weight=1726 3546 22 3853 7690 770 578 6382 3378 1308 71 2121 4902 167 574 128 476 412 1239 48 465 22 577 430 1201 2788 296 177 48 269 4221
leaf_count=1726 3546 22 3853 7690 770 578 6382 3378 1308 71 2121 4902 167 574 128 476 412 1239 48 465 22 577 430 1201 2788 296 177 48 269 4221
internal_value=-0.000398245 0.00725156 0.00502302 -0.00861904 0.100068 0.234497 0.00887418 0.0569455 -0.0291024 0.404525 0.0384094 -0.00862983 0.572312 0.619999 -0.08656 0.067607 -0.123166 -0.277516 -0.207862 0.19973 0.436638 0.181112 0.0984312 -0.0786617 -0.156865 -0.0584372 -0.354965 -0.0578417 0.388531 0.00738873
internal_weight=49885 48111 47922 41907 6015 2469 36355 16045 20310 1223 9338 7023 189 645 10972 1246 5552 1651 1774 4134 756 2315 1738 10844 4462 3261 473 3901 734 11911
internal_count=49885 48111 47922 41907 6015 2469 36355 16045 20310 1223 9338 7023 189 645 10972 1246 5552 1651 1774 4134 756 2315 1738 10844 4462 3261 473 3901 734 11911
is_linear=0
shrinkage=0.05


Tree=180
num_leaves=31
num_cat=0
split_feature=8 7 8 7 3 8 8 7 8 5 8 8 0 7 7 0 8 1 0 8 7 8 0 7 8 7 8 5 8 7
split_gain=22877.6 24566.5 25586.5 26748.8 36786.5 46570.2 29892.1 43523.6 24949.3 22779.1 21229.5 20896.8 19608.4 18079.8 18016.3 33837.6 25555.7 17812.3 22285.4 20183.4 17230.5 17076.7 16952 16584.7 18466.4 14658.4 17697.8 14153.9 13603.2 13252.6
threshold=2563.1450000000004 2758.5300000000002 3027.5687500000008 3206.2312500000003 1.0000000180025095e-35 3217.0137500000005 3706.5262500000003 3710.5025000000005 4405.0625000000009 1.0000000180025095e-35 4295.5550000000012 3739.0137500000005 32.346250000000005 3473.5325000000007 3554.0700000000002 27.243125000000003 3222.0150000000008 10.500000000000002 27.423125000000002 3637.5250000000005 4592.5687500000013 3475.5112500000005 25.985625000000002 4015.0012500000007 4008.6487500000007 4005.0150000000008 4584.4562500000011 1.0000000180025095e-35 3589.0900000000006 4254.0062500000013
decision_type=2 2 2 2 2 2 2 2 2 2 2 2 2 2 2 2 2 2 2 2 2 2 2 2 2 2 2 2 2 2
left_child=27 11 9 4 17 -6 14 8 -8 13 23 22 -12 -3 21 20 -17 18 -4 -20 -16 -5 -2 24 -9 -14 29 -1 -18 -27
right_child=1 2 3 6 5 -7 7 10 -10 -11 12 -13 25 -15 15 16 28 -19 19 -21 -22 -23 -24 -25 -26 26 -28 -29 -30 -31
leaf_value=-0.51538692982586098 0.040657642395584559 -0.22195916874370886 -0.073170832208683895 -0.058515675319837514 0.080101952187438041 0.54412742763615618 0.1903035415488229 -0.046933075644400767 1.3895307381722062 -0.041580219587105116 0.073081507855928166 1.7240626918418067 1.7627953838419033 -1.0171429934451977 -0.023213604746332547 -1.1125923618508711 -0.36989245667259441 0.27837362152694983 0.12432112098393333 1.177315953690955 -1.2913908915387262 0.091866417276870629 0.30125214569371844 -0.11718756268448603 0.16276894699364203 -0.8384018604402188 1.6715297426496232 -0.11681512934820992 -0.11018754689678648 0.64536189257222065
leaf_weight=298 1628 1524 3552 7051 1359 898 3032 3384 44 4839 4214 21 27 75 3350 90 1107 622 1433 47 27 2578 1012 4206 1522 27 21 882 926 34
leaf_count=298 1628 1524 3552 7051 1359 898 3032 3384 44 4839 4214 21 27 75 3350 90 1107 622 1433 47 27 2578 1012 4206 1522 27 21 882 926 34
internal_value=6.42579e-05 0.00534056 -0.00320609 0.0118407 0.0940736 0.264725 -0.00872008 0.0378009 0.207458 -0.0956443 -0.00104277 0.153049 0.0902078 -0.259257 -0.0594906 -0.131686 -0.288101 0.0259518 -0.00524976 0.157761 -0.033353 -0.0182534 0.140552 -0.0443347 0.0181233 0.752322 0.419605 -0.217471 -0.251601 -0.011386
internal_weight=49830 48650 45989 39551 7911 2257 31640 16511 3076 6438 13435 2661 4323 1599 15129 5500 2123 5654 5032 1480 3377 9629 2640 9112 4906 109 82 1180 2033 61
internal_count=49830 48650 45989 39551 7911 2257 31640 16511 3076 6438 13435 2661 4323 1599 15129 5500 2123 5654 5032 1480 3377 9629 2640 9112 4906 109 82 1180 2033 61
is_linear=0
shrinkage=0.05


Tree=181
num_leaves=31
num_cat=0
split_feature=6 8 8 3 7 8 7 8 0 8 6 8 0 0 7 7 6 0 7 0 7 3 8 8 6 7 6 8 6 8
split_gain=21478.9 43665.4 28567.6 27849.8 47305.9 34959.4 25911.4 30103 26108 25705.8 60067.4 42134.2 35821.6 23249.5 40688.2 29645.8 22644.7 30717.6 32315.5 21699.2 34276.3 22222.1 35567.6 21626.6 30358.7 20079.7 19564.1 19925.8 19514.9 19062.8
threshold=2914.3150000000005 3011.8287500000001 2860.8662500000005 1.0000000180025095e-35 3166.8725000000004 3217.0137500000005 2929.5550000000007 2698.0050000000006 26.010625000000008 4727.9650000000011 4824.9700000000003 4584.4562500000011 25.675625000000007 26.391875000000002 3635.4337500000006 3211.3125000000005 3620.0875000000005 26.063125000000003 2958.8325000000004 26.948125000000005 2806.2550000000006 1.0000000180025095e-35 2537.4000000000005 3437.0325000000007 3447.0925000000002 2966.0287500000004 4006.4800000000005 3562.1300000000006 4884.2275000000018 3236.5100000000007
decision_type=2 2 2 2 2 2 2 2 2 2 2 2 2 2 2 2 2 2 2 2 2 2 2 2 2 2 2 2 2 2
left_child=2 6 19 9 5 16 8 25 -2 10 -3 28 -11 14 -4 29 17 -5 -19 -1 -21 22 -22 -6 -25 -8 27 -7 -12 -15
right_child=1 3 13 4 23 26 7 -9 -10 12 11 -13 -14 15 -16 -17 -18 18 -20 20 21 -23 -24 24 -26 -27 -28 -29 -30 -31
leaf_value=0.018507529811504636 -0.26721828092087452 -0.023931790163407685 0.27401991396183928 0.013257269834845268 -0.1145889359476836 0.49603417710704439 -2.0580850350856781 -0.21919843001745254 0.096667448208586026 1.6908136355025427 -1.2497638851404191 -0.22523616272211078 0.18624101201609625 0.11917360043497027 1.8491681294781821 -0.23695909420180872 -0.45269376636676545 1.0718526678225575 0.20635366719689663 0.34779584183112577 -2.8959920903046927 0.027361727283712018 -0.78447485384925952 0.62837363240097222 0.045926554024534931 -0.6511741990234885 -0.96279824007125137 1.3112018803688921 -3.2269441311176013 0.72414750095892266
leaf_weight=2731 765 27797 1719 813 2206 697 30 2215 1386 42 24 50 681 843 42 580 149 170 295 95 24 57 118 233 5619 164 21 84 26 154
leaf_count=2731 765 27797 1719 813 2206 697 30 2215 1386 42 24 50 681 843 42 580 149 170 295 95 24 57 118 233 5619 164 21 84 26 154
internal_value=6.10452e-05 -0.0124987 0.0858594 0.00465775 0.0752176 0.279082 -0.158882 -0.271507 -0.032748 -0.0207039 -0.0283324 -1.25157 0.273644 0.186714 0.311587 0.0472706 0.130635 0.198644 0.522773 -0.0254306 -0.433577 -0.806594 -1.14135 0.0188247 0.0691169 -0.868738 0.543214 0.583709 -2.2779 0.21262
internal_weight=49830 43467 6363 38907 10287 2229 4560 2409 2151 28620 27897 100 723 3338 1761 1577 1427 1278 465 3025 294 199 142 8058 5852 194 802 781 50 997
internal_count=49830 43467 6363 38907 10287 2229 4560 2409 2151 28620 27897 100 723 3338 1761 1577 1427 1278 465 3025 294 199 142 8058 5852 194 802 781 50 997
is_linear=0
shrinkage=0.05


Tree=182
num_leaves=31
num_cat=0
split_feature=8 6 8 6 8 6 6 8 6 8 8 6 6 0 0 7 6 7 3 7 0 8 8 8 7 7 7 7 6 6
split_gain=19871.4 32333.7 34118.2 36563.7 42458.2 41017.9 34335.6 40904 31409.3 35739.5 28035.8 48030.3 36597.1 28188.4 26756 25655.6 25295.2 23502 23228.7 22592.9 110614 70244.5 26741.7 23533.2 21995.6 21727.1 21656.3 21438.1 21249 20123.2
threshold=2631.0750000000003 2937.6225000000004 3217.0137500000005 3393.0300000000002 3596.3175000000006 4152.3362500000012 3731.0050000000006 3890.9100000000003 4050.4637500000003 4584.4562500000011 4295.5550000000012 4777.1325000000006 4444.4925000000012 32.439375000000005 30.175625000000007 4372.7737500000012 3573.0200000000004 2952.5025000000005 1.0000000180025095e-35 3560.5350000000003 27.213125000000005 3468.5150000000008 3733.1750000000006 3706.5262500000003 3331.0200000000004 3956.2712500000002 3186.8575000000005 4405.880000000001 4444.4925000000012 3324.5325000000007
decision_type=2 2 2 2 2 2 2 2 2 2 2 2 2 2 2 2 2 2 2 2 2 2 2 2 2 2 2 2 2 2
left_child=-1 -2 16 18 5 26 15 14 9 27 11 25 13 -12 -8 17 -3 -6 19 21 29 -4 -23 -22 -18 28 -5 -9 -10 -21
right_child=1 2 3 4 6 -7 7 8 10 -11 12 -13 -14 -15 -16 -17 24 -19 -20 20 23 22 -24 -25 -26 -27 -28 -29 -30 -31
leaf_value=-0.16337392890707181 0.11713990740062137 -0.069522116693347943 0.047535407079059705 0.14883649915483962 1.4093943997433311 -1.3503691819222536 -0.21679782803404338 0.12573019509577407 0.12867459325102801 2.0194972203328061 0.22314359823264898 -2.5603174529969692 -0.049685277696523922 1.5507128892875299 0.090804076289829339 -0.69607300235750691 -0.21365110325314066 0.1599480478825912 0.31646883576617241 0.59111308373166416 -0.78190462243083358 0.49725903089520246 1.5574462338830486 -0.20599227040773258 -0.91867177045043524 -0.18099697517380586 -0.15052663953362397 0.69391664087518379 -1.4087647790494173 -0.035685902361267362
leaf_weight=1793 5774 9904 3942 685 38 68 3109 2926 983 26 1615 20 2395 41 915 87 369 3935 1206 411 398 602 66 320 158 2542 5117 176 23 186
leaf_count=1793 5774 9904 3942 685 38 68 3109 2926 983 26 1615 20 2395 41 915 87 369 3935 1206 411 398 602 66 320 158 2542 5117 176 23 186
internal_value=5.79931e-05 0.00615815 -0.00900425 0.0167124 -0.0120802 -0.129492 0.0245193 -0.0108775 0.0400361 0.173441 -0.0147336 -0.116932 0.0752802 0.256012 -0.146854 0.153299 -0.0874829 0.171898 0.116447 0.0757334 -0.107077 0.12788 0.602008 -0.525231 -0.425024 -0.103159 -0.115183 0.157968 0.0935244 0.395829
internal_weight=49830 48037 42263 31832 24701 5870 18831 14771 10747 3128 7619 3568 4051 1656 4024 4060 10431 3973 7131 5925 1315 4610 668 718 527 3548 5802 3102 1006 597
internal_count=49830 48037 42263 31832 24701 5870 18831 14771 10747 3128 7619 3568 4051 1656 4024 4060 10431 3973 7131 5925 1315 4610 668 718 527 3548 5802 3102 1006 597
is_linear=0
shrinkage=0.05


Tree=183
num_leaves=31
num_cat=0
split_feature=4 4 5 4 4 8 8 7 4 4 5 1 1 1 4 5 5 5 4 1 4 4 7 8 1 1 7 8 4 7
split_gain=28970.6 28694.6 36388.5 29756.8 38264.3 49564.9 32097.6 31847.7 29811.4 95252.6 151372 196066 168972 85060.9 138441 125724 81319.8 53120.5 195806 79177.9 74403 47650.1 47087.4 57346.1 44719.2 56871.6 40974.3 33855.7 56778.1 29051.1
threshold=1.0000000180025095e-35 21.500000000000004 1.0000000180025095e-35 13.500000000000002 14.500000000000002 3637.5250000000005 4422.5750000000016 3353.5050000000006 17.500000000000004 18.500000000000004 1.0000000180025095e-35 9.5000000000000018 9.5000000000000018 9.5000000000000018 16.500000000000004 1.0000000180025095e-35 1.0000000180025095e-35 1.0000000180025095e-35 19.500000000000004 9.5000000000000018 19.500000000000004 15.500000000000002 3966.0150000000008 4118.4950000000008 2.5000000000000004 7.5000000000000009 4187.598750000001 4445.3162500000008 20.500000000000004 3454.0100000000007
decision_type=2 2 2 2 2 2 2 2 2 2 2 2 2 2 2 2 2 2 2 2 2 2 2 2 2 2 2 2 2 2
left_child=-1 3 -3 -2 5 -5 -7 -6 13 10 12 -12 26 16 29 -16 21 18 19 -11 24 -9 -18 -24 -19 -26 -10 -22 -29 -15
right_child=1 2 -4 4 7 6 -8 8 9 17 11 -13 -14 14 15 -17 22 20 -20 -21 27 -23 23 -25 25 -27 -28 28 -30 -31
leaf_value=-0.18274875693360346 -0.012555577477750605 0.14410032241319029 -0.20825820533607536 0.13299825965414072 0.24416880797837137 0.61423132529590507 2.6097130230494909 0.77517438792374549 -0.61930892227511658 1.314639255436177 0.89536356196263545 -0.60335256836510132 1.4458044939434407 1.1705197433146035 -0.70260195146564031 1.6694336528996474 -0.15936430776072424 -0.97351846447118617 -0.17239668256219806 -0.29669374242945706 -0.049601602576887338 -0.0088453773227882785 -1.0609784304747023 -0.30705844178425373 0.039206625046073529 -0.63408709456577261 -1.8936966357867657 -0.10632992235590311 0.85618414672412324 -0.20957766977096096
leaf_weight=2077 27212 973 2967 1602 1737 499 21 273 285 423 1215 266 97 41 71 262 1817 272 1013 93 2338 668 390 714 690 575 81 311 302 545
leaf_count=2077 27212 973 2967 1602 1737 499 21 273 285 423 1215 266 97 41 71 262 1817 272 1013 93 2338 668 390 714 690 575 81 311 302 545
internal_value=5.50931e-05 0.00800608 -0.121242 0.019629 0.0723854 0.270673 0.694818 0.0433249 0.0159457 0.0752134 0.379488 0.626182 -0.40961 -0.0827429 0.349596 1.16368 -0.185622 -0.0230932 0.231434 1.02422 -0.109807 0.218612 -0.315846 -0.573389 -0.391896 -0.266836 -0.901346 0.0371164 0.367861 -0.113018
internal_weight=49830 47753 3940 43813 16601 2122 520 14479 12742 7961 1944 1481 463 4781 919 333 3862 6017 1529 516 4488 941 2921 1104 1537 1265 366 2951 613 586
internal_count=49830 47753 3940 43813 16601 2122 520 14479 12742 7961 1944 1481 463 4781 919 333 3862 6017 1529 516 4488 941 2921 1104 1537 1265 366 2951 613 586
is_linear=0
shrinkage=0.05


Tree=184
num_leaves=31
num_cat=0
split_feature=8 6 6 8 6 8 0 5 8 0 6 6 0 1 8 1 6 8 8 6 1 6 6 3 6 0 1 8 0 1
split_gain=19147.8 63725.3 41778.6 31995.9 51695.7 38240.3 33917.7 29499.4 28569.9 25707.8 20306.7 20154.1 36221.1 27479.2 19709.8 25507.8 19298.5 36065.4 32797 30969.2 18698.3 18669.9 18323.4 18242 42292 17723.5 36074.5 34548.1 18860.9 16968.8
threshold=4019.1987500000005 3888.7662500000001 4050.4637500000003 3764.4675000000002 3613.1812500000001 3475.5112500000005 29.336250000000003 1.0000000180025095e-35 4584.4562500000011 26.340625000000006 3319.1687500000003 3063.8612500000004 27.710625000000004 4.5000000000000009 2922.5787500000006 4.5000000000000009 4693.3900000000012 4555.4162500000011 4771.6762500000004 4884.2275000000018 9.5000000000000018 2945.2525000000005 3186.3125000000005 1.0000000180025095e-35 4884.2275000000018 28.483125000000005 5.5000000000000009 3437.0325000000007 25.936875000000004 9.5000000000000018
decision_type=2 2 2 2 2 2 2 2 2 2 2 2 2 2 2 2 2 2 2 2 2 2 2 2 2 2 2 2 2 2
left_child=1 3 8 4 5 7 -6 14 -2 10 -7 20 -13 -14 -1 -16 18 23 29 -19 -9 -17 -5 24 -18 26 27 -3 -28 -4
right_child=2 25 16 22 6 9 -8 11 -10 -11 -12 12 13 -15 15 21 17 19 -20 -21 -22 -23 -24 -25 -26 -27 28 -29 -30 -31
leaf_value=-0.25491947441153584 0.25202092571189549 -2.0327394206781646 0.058391218850271702 0.85394004291958281 -0.26065927292535485 0.64652067687151571 0.044582844457941306 0.049663529287192983 1.8902462394149215 0.03296378984344258 0.21225390361113305 -0.083466347778710148 -0.078199391409952385 0.22035969741916947 -0.26979608281294304 0.23954831341190355 -0.72014162765174616 -0.26053417843552479 0.69307337701320648 0.33940066255588697 0.26171730697479861 -0.044963971866602996 0.13105902003625544 -0.34986113434900873 -3.3216885294233052 -0.064006724752034644 -0.26575443497179646 -0.47393374644854491 0.11932048059004459 -0.20082565726125767
leaf_weight=1592 1859 37 4933 90 3073 318 1293 6805 27 2181 1754 7507 1197 2164 1044 715 61 644 190 323 1227 2979 3375 88 21 1280 946 904 479 724
leaf_count=1592 1859 37 4933 90 3073 318 1293 6805 27 2181 1754 7507 1197 2164 1044 715 61 644 190 323 1227 2979 3375 88 21 1280 946 904 479 724
internal_value=5.23386e-05 -0.014371 0.0666566 0.00512379 -0.00968979 0.0140885 -0.170261 -0.00929093 0.275474 0.152782 0.278903 0.0219978 -0.0223894 0.11403 -0.102712 -0.0515698 0.0102664 -0.178214 0.0469181 -0.0601423 0.0820577 0.0101054 0.149835 -0.849835 -1.38639 -0.213885 -0.294969 -0.535226 -0.136315 0.0252159
internal_weight=49830 40960 8870 37314 33849 29483 4366 25230 1886 4253 2072 18900 10868 3361 6330 4738 6984 1137 5847 967 8032 3694 3465 170 82 3646 2366 941 1425 5657
internal_count=49830 40960 8870 37314 33849 29483 4366 25230 1886 4253 2072 18900 10868 3361 6330 4738 6984 1137 5847 967 8032 3694 3465 170 82 3646 2366 941 1425 5657
is_linear=0
shrinkage=0.05


Tree=185
num_leaves=31
num_cat=0
split_feature=4 5 4 3 6 5 4 6 4 1 4 4 5 1 1 1 4 5 1 1 5 4 4 1 7 5 4 1 1 1
split_gain=29436.8 44435.1 21330.6 29529.5 21040.7 20473.3 18658.3 52306.2 35195.8 46497.5 41057.2 66035 120492 176478 154545 55771.3 90077.7 112112 70597 58316.1 49240.2 186924 94560.9 77315.4 47308.2 46051.6 48492.6 34030.2 41988.3 32824.3
threshold=1.5000000000000002 1.0000000180025095e-35 21.500000000000004 1.0000000180025095e-35 4528.1125000000002 1.0000000180025095e-35 13.500000000000002 3492.0062500000004 14.500000000000002 5.5000000000000009 17.500000000000004 18.500000000000004 1.0000000180025095e-35 9.5000000000000018 9.5000000000000018 8.5000000000000018 16.500000000000004 1.0000000180025095e-35 3.5000000000000004 10.500000000000002 1.0000000180025095e-35 19.500000000000004 19.500000000000004 10.500000000000002 4187.598750000001 1.0000000180025095e-35 15.500000000000002 2.5000000000000004 7.5000000000000009 2.5000000000000004
decision_type=2 2 2 2 2 2 2 2 2 2 2 2 2 2 2 2 2 2 2 2 2 2 2 2 2 2 2 2 2 2
left_child=1 -1 6 5 -3 -4 -2 -8 9 -9 15 12 14 -14 24 18 -17 -18 -10 -19 21 23 27 -13 -12 26 -20 -22 -29 -23
right_child=2 4 3 -5 -6 -7 7 8 10 -11 11 20 13 -15 -16 16 17 19 25 -21 22 29 -24 -25 -26 -27 -28 28 -30 -31
leaf_value=-0.40949877215898028 -0.0026597806736777274 -0.012784017598659145 0.0515519437460819 0.11978187537916636 -0.93582738339900973 -0.25854002774191848 0.22417280938788264 0.5421044459740636 -0.0041791769477137501 -0.32625232070739218 -0.58860745727047326 1.1866931432181864 0.81700301660780328 -0.61325508154424513 1.4488088522149229 -0.19389486792291705 -0.68393551842732869 0.62888465413718297 0.92017121080634667 1.9554125264780049 -0.93079694710014493 -0.78925449780328982 0.063302752227936354 -1.0281344815395599 -2.0060215780874353 -0.64512854173750034 -0.36314274364461507 -0.052116421853484467 -0.63990527662591878 -0.039553300755785198
leaf_weight=1031 25113 3083 707 1132 63 2154 3963 631 1504 204 250 471 1140 266 87 702 110 212 103 136 272 179 2925 43 77 1138 258 685 546 792
leaf_count=1031 25113 3083 707 1132 63 2154 3963 631 1504 204 250 471 1140 266 87 702 110 212 103 136 272 179 2925 43 77 1138 258 685 546 792
internal_value=0.00244027 -0.124626 0.0140288 -0.0963824 -0.0312684 -0.181911 0.0245743 0.0655428 0.0161632 0.329955 -0.00586233 0.062292 0.325653 0.546414 -0.42408 -0.132463 0.161994 0.707482 -0.246205 1.1473 -0.0187695 0.230384 -0.102327 1.00141 -0.922372 -0.489039 0.00301055 -0.424661 -0.312825 -0.177758
internal_weight=49977 4177 45800 3993 3146 2861 41807 16694 12731 835 11896 7733 1820 1406 414 4163 1160 458 3003 348 5913 1485 4428 514 327 1499 361 1503 1231 971
internal_count=49977 4177 45800 3993 3146 2861 41807 16694 12731 835 11896 7733 1820 1406 414 4163 1160 458 3003 348 5913 1485 4428 514 327 1499 361 1503 1231 971
is_linear=0
shrinkage=0.05


Tree=186
num_leaves=31
num_cat=0
split_feature=8 8 7 3 8 7 1 1 8 0 0 3 1 1 7 1 0 8 7 7 0 1 0 1 7 7 1 8 8 1
split_gain=33142.7 17433.5 29389 23528.8 15112.7 44656 24966.4 29426.2 21811.4 21282.9 18748.2 30259.2 15434.4 14676.4 14050.2 19861.4 14758 13894.2 26883.9 22943.6 19772.8 15401 13874 13732.1 13713.3 12960.1 12865.3 12715.8 12650.1 12622.4
threshold=4928.8850000000011 2870.3750000000005 2952.5025000000005 1.0000000180025095e-35 3349.3750000000005 3412.7812500000005 4.5000000000000009 3.5000000000000004 3637.5250000000005 23.353124999999999 26.263125000000006 1.0000000180025095e-35 10.500000000000002 4.5000000000000009 3304.5062500000004 2.5000000000000004 24.248125000000005 4008.6487500000007 3880.0200000000004 3804.0075000000002 29.863125000000007 2.5000000000000004 25.654375000000005 4.5000000000000009 2504.9887500000004 4476.7975000000015 2.5000000000000004 2345.2987500000004 3666.3525000000004 9.5000000000000018
decision_type=2 2 2 2 2 2 2 2 2 2 2 2 2 2 2 2 2 2 2 2 2 2 2 2 2 2 2 2 2 2
left_child=1 24 3 13 6 8 7 14 9 -6 11 -10 17 -3 26 16 -16 19 20 28 -19 -20 -5 -21 27 -2 -4 -1 -7 -11
right_child=25 2 4 22 5 12 -8 -9 10 29 -12 -13 -14 -15 15 -17 -18 18 21 23 -22 -23 -24 -25 -26 -27 -28 -29 -30 -31
leaf_value=0.99694925746539753 1.5966535039426339 -0.3305804517693558 -0.083484904005354896 0.16807726254430264 1.7002976292655583 -0.039462688531005902 -0.010400415533296256 -0.66806356009705503 -0.073322871089912964 0.052802199902012251 0.68540125460196344 0.80583027342453295 -0.15039785369667671 0.08955738971282641 0.32010255085198946 -1.2031108723155091 -0.31482426901125532 0.20239882647399665 -0.12400403514070067 -0.21204776503935654 0.82851076341706187 0.056843082517220603 0.49040455365516 -0.040991982164014874 -0.11361721002525434 0.47909257993008358 0.42263115064843615 0.08176429221249841 0.085924093275421484 0.28439430650370334
leaf_weight=41 31 229 1636 759 21 4084 10761 275 320 2678 339 141 1770 2252 106 56 670 925 1488 2093 146 5637 596 2670 4729 159 136 511 3964 754
leaf_count=41 31 229 1636 759 21 4084 10761 275 320 2678 339 141 1770 2252 106 56 670 925 1488 2093 146 5637 596 2670 4729 159 136 511 3964 754
internal_value=0.00231826 -0.000197087 0.00999476 0.142292 -0.00248353 0.019168 -0.0453897 -0.176171 0.167894 0.113392 0.403137 0.195572 -0.00860268 0.050778 -0.124224 -0.293721 -0.228095 0.00334464 0.0541835 -0.0291802 0.287751 0.0190746 0.309854 -0.116159 -0.0860896 0.661431 -0.0446408 0.14974 0.0222959 0.103682
internal_weight=49977 49787 44506 3836 40670 27030 13640 2879 4253 3453 800 461 22777 2481 2604 832 776 21007 8196 12811 1071 7125 1355 4763 5281 190 1772 552 8048 3432
internal_count=49977 49787 44506 3836 40670 27030 13640 2879 4253 3453 800 461 22777 2481 2604 832 776 21007 8196 12811 1071 7125 1355 4763 5281 190 1772 552 8048 3432
is_linear=0
shrinkage=0.05


Tree=187
num_leaves=31
num_cat=0
split_feature=4 5 4 3 6 5 4 7 4 6 4 1 4 4 5 1 1 1 4 5 1 1 5 4 4 1 5 4 1 1
split_gain=27215.1 40287.6 19962.5 26102 19505.1 18599.7 17047.7 26545.1 16710.5 47508.5 31706.4 42125.2 37480.1 60074.2 108723 158700 141017 50670.7 81676.3 101263 64563.4 53272.1 44527.6 168986 85279.8 69294.7 41562.6 43816 37841.3 36762.1
threshold=1.5000000000000002 1.0000000180025095e-35 21.500000000000004 1.0000000180025095e-35 4528.1125000000002 1.0000000180025095e-35 22.500000000000004 4027.2600000000007 13.500000000000002 3492.0062500000004 14.500000000000002 5.5000000000000009 17.500000000000004 18.500000000000004 1.0000000180025095e-35 9.5000000000000018 8.5000000000000018 8.5000000000000018 16.500000000000004 1.0000000180025095e-35 3.5000000000000004 10.500000000000002 1.0000000180025095e-35 19.500000000000004 19.500000000000004 10.500000000000002 1.0000000180025095e-35 15.500000000000002 2.5000000000000004 10.500000000000002
decision_type=2 2 2 2 2 2 2 2 2 2 2 2 2 2 2 2 2 2 2 2 2 2 2 2 2 2 2 2 2 2
left_child=1 -1 8 5 -3 6 -4 -8 -2 -10 11 -11 17 14 16 -16 28 20 -19 -20 -12 -21 23 25 -24 -15 27 -22 -14 -18
right_child=2 4 3 -5 -6 -7 7 -9 9 10 12 -13 13 22 15 -17 29 18 19 21 26 -23 24 -25 -26 -27 -28 -29 -30 -31
leaf_value=-0.39122742818972001 -0.002226694820461588 -0.013283633432071666 0.29106244150569988 0.10976557806751266 -0.9020075089401669 -0.24691743886340609 -0.5077047823804387 0.41799065594015455 0.21349800348558523 0.51501693890626343 -0.0035716030014593851 -0.3115054027159132 -0.1104958981630348 1.12759197994339 0.77696381855641672 -0.57934482335813231 0.34856886034592605 -0.18482455364023828 -0.6488931382515214 0.59599649904752672 0.87201811979407262 1.8638587329755811 -0.40341164779035821 -0.16898044806499377 0.059986804336428834 -0.96920785931653752 -0.61553619116016767 -0.34784581299885647 -1.3696496202565225 2.1307626501373624
leaf_weight=1031 25113 3083 358 1132 63 2154 233 116 3963 631 1504 204 84 471 1140 266 78 702 110 212 103 136 1503 971 2925 43 1138 258 206 46
leaf_count=1031 25113 3083 358 1132 63 2154 233 116 3963 631 1504 204 84 471 1140 266 78 702 110 212 103 136 1503 971 2925 43 1138 258 206 46
internal_value=0.00220235 -0.119975 0.013345 -0.0934669 -0.0310807 -0.173879 0.0486451 -0.200024 0.0235467 0.0623179 0.0152574 0.313088 -0.00564784 0.0594699 0.310663 0.520365 -0.401512 -0.126608 0.154061 0.673489 -0.235024 1.09148 -0.0178465 0.219084 -0.0973049 0.952179 -0.467249 0.000204007 -1.00493 1.00971
internal_weight=49977 4177 45800 3993 3146 2861 707 349 41807 16694 12731 835 11896 7733 1820 1406 414 4163 1160 458 3003 348 5913 1485 4428 514 1499 361 290 124
internal_count=49977 4177 45800 3993 3146 2861 707 349 41807 16694 12731 835 11896 7733 1820 1406 414 4163 1160 458 3003 348 5913 1485 4428 514 1499 361 290 124
is_linear=0
shrinkage=0.05


Tree=188
num_leaves=31
num_cat=0
split_feature=8 6 8 8 6 8 8 6 8 3 0 1 3 6 8 0 3 6 0 1 0 0 6 8 0 8 6 6 0 6
split_gain=30571.7 22993 57728 30141.7 24209.8 56930.9 49887.1 33096.4 31475.6 25543.2 23114.4 22758.6 22156.3 22132.4 25648.3 26707.5 21514.3 21195.4 21389.9 23434.2 29735.7 21156.9 25125.1 20446.8 24881.8 22111.3 19174.1 18556.6 18069.5 17377.5
threshold=4928.8850000000011 4472.0900000000011 4372.7737500000012 4445.3162500000008 3656.5675000000006 3713.0325000000007 3481.7637500000005 3335.4600000000005 3280.3837500000004 1.0000000180025095e-35 23.353124999999999 9.5000000000000018 1.0000000180025095e-35 3021.6687500000003 2870.3750000000005 25.469375000000003 1.0000000180025095e-35 2682.6250000000005 25.053125000000005 6.5000000000000009 25.490625000000005 27.350625000000004 3492.0062500000004 3443.0500000000006 28.525000000000009 3124.5075000000002 2728.3100000000004 4061.9850000000001 26.978125000000009 3834.5475000000001
decision_type=2 2 2 2 2 2 2 2 2 2 2 2 2 2 2 2 2 2 2 2 2 2 2 2 2 2 2 2 2 2
left_child=1 2 4 -3 6 12 7 8 13 21 -10 29 23 14 17 26 -17 18 -1 -20 -21 22 -8 25 -25 -6 -16 -13 -29 -7
right_child=-2 3 -4 -5 5 11 9 -9 10 -11 -12 27 -14 -15 15 16 -18 -19 19 20 -22 -23 -24 24 -26 -27 -28 28 -30 -31
leaf_value=0.2011224519540229 0.63512421921679851 -0.48186325803779217 0.33395031553231003 -0.054609372247495416 0.83397071793675426 0.14762299558072028 0.36199450158018859 -0.12448551282990726 1.4060245458967984 0.38109592813738469 0.14902028553993266 -0.017040413594519604 -0.10368208261085905 -0.062024026542929316 0.73591468606972033 -0.038170582865102935 0.52463627818000058 -0.14646699189849963 0.26526353420181709 -1.9397208336521599 -0.31912711598640364 -0.011072423939398814 0.065325998218095246 -0.43103170671418511 0.0039408308124487725 -0.89532350758548651 0.20040962935768217 -0.46732164095903617 0.098385904344556102 -0.0094794436502417152
leaf_weight=1140 190 539 1314 1763 20 2381 1260 4957 37 1003 3162 980 1657 8950 180 2201 184 2227 132 34 169 2219 1646 991 492 244 2343 629 182 6751
leaf_count=1140 190 539 1314 1763 20 2381 1260 4957 37 1003 3162 980 1657 8950 180 2201 184 2227 132 34 169 2219 1646 991 492 244 2343 629 182 6751
internal_value=0.00209223 -0.000323584 0.00715785 -0.154648 -0.00214248 -0.0561205 0.0221429 -0.00840688 0.0193113 0.150344 0.163559 -0.000480093 -0.234663 -0.00696706 0.050264 0.125213 0.00524932 -0.0491006 0.097906 -0.253338 -0.590557 0.105184 0.193957 -0.358897 -0.286725 -0.764316 0.238615 -0.16345 -0.340369 0.0314821
internal_weight=49977 49787 47485 2302 46171 14327 31844 25716 20759 6128 3199 10923 3404 17560 8610 4908 2385 3702 1475 335 203 5125 2906 1747 1483 264 2523 1791 811 9132
internal_count=49977 49787 47485 2302 46171 14327 31844 25716 20759 6128 3199 10923 3404 17560 8610 4908 2385 3702 1475 335 203 5125 2906 1747 1483 264 2523 1791 811 9132
is_linear=0
shrinkage=0.05


Tree=189
num_leaves=31
num_cat=0
split_feature=8 6 8 8 6 8 8 6 7 7 8 7 3 6 8 6 1 3 7 7 8 7 6 8 1 6 1 8 6 7
split_gain=27590.9 20751.2 52099.5 27388.5 21849.3 51380.1 45294.5 36726 36142.6 34237.7 28498.6 27500.1 27081.5 24566.4 23188.9 22063.8 21380.4 19996.1 36251.5 52067.3 28556.2 27416.7 21232.5 21816.1 19345.7 18570.9 17561.1 18483.2 29007.3 16603
threshold=4928.8850000000011 4472.0900000000011 4372.7737500000012 4498.9400000000014 3656.5675000000006 3713.0325000000007 3354.7250000000004 3234.5012500000007 2851.5450000000005 3166.8725000000004 2631.0750000000003 3947.3925000000004 1.0000000180025095e-35 3073.7600000000007 2959.7600000000007 2682.6250000000005 4.5000000000000009 1.0000000180025095e-35 3353.5050000000006 3166.8725000000004 3100.0600000000004 3245.7562500000004 3856.0350000000003 3338.0625000000005 4.5000000000000009 3027.0387500000002 6.5000000000000009 2345.2987500000004 2425.5450000000005 3790.0050000000006
decision_type=2 2 2 2 2 2 2 2 2 2 2 2 2 2 2 2 2 2 2 2 2 2 2 2 2 2 2 2 2 2
left_child=1 2 4 -3 6 17 7 14 -9 12 -10 -7 13 -8 15 26 -16 21 19 24 -20 -6 -23 -24 -19 29 -1 28 -28 -18
right_child=-2 3 -4 -5 5 11 9 8 10 -11 -12 -13 -14 -15 16 -17 25 18 20 -21 -22 22 23 -25 -26 -27 27 -29 -30 -31
leaf_value=0.35991624209259632 0.60336800472418739 -0.40385924795766243 0.31725280071258588 -0.031153891355247623 -1.2697317169685114 0.075375747787429448 0.9602848426318995 0.2011081087727393 -1.6023315160615104 0.078552993257823833 -0.17030897218911001 -0.083456686905470048 0.82892706963570673 0.12235178221305931 -0.10631594087300289 -0.10823296746311439 0.17685388346211603 0.18877992131787297 -1.9014312138924234 0.71798621930613904 -0.22452526554043695 -0.21029488620800396 -2.0481126326781052 -0.53910334513891844 -0.64815115056013406 0.034752186298367613 0.18730412692659432 0.048922672355173696 -1.8649901169719119 1.5869719891321092
leaf_weight=474 190 715 1314 1587 76 5708 101 712 35 8859 4727 5215 257 653 1518 4890 3494 131 26 276 1078 1341 26 304 146 4913 36 1121 33 21
leaf_count=474 190 715 1314 1587 76 5708 101 712 35 8859 4727 5215 257 653 1518 4890 3494 131 26 276 1078 1341 26 304 146 4913 36 1121 33 21
internal_value=0.00198762 -0.000307405 0.00679995 -0.146916 -0.00203536 -0.0533145 0.0210357 -0.0189295 -0.131155 0.110012 -0.180834 -0.000456088 0.385676 0.234595 0.0183021 -0.0547175 0.066419 -0.22293 -0.098498 0.231943 -0.264018 -0.340952 -0.29871 -0.657995 -0.252346 0.097531 0.102549 3.41096e-05 -0.794228 0.185278
internal_weight=49977 49787 47485 2302 46171 14327 31844 21974 5474 9870 4762 10923 1011 754 16500 6554 9946 3404 1657 553 1104 1747 1671 330 277 8428 1664 1190 69 3515
internal_count=49977 49787 47485 2302 46171 14327 31844 21974 5474 9870 4762 10923 1011 754 16500 6554 9946 3404 1657 553 1104 1747 1671 330 277 8428 1664 1190 69 3515
is_linear=0
shrinkage=0.05


Tree=190
num_leaves=31
num_cat=0
split_feature=4 8 6 4 4 5 8 7 6 6 8 7 8 6 8 7 8 6 8 6 6 4 4 5 8 6 8 6 8 7
split_gain=27238.8 22084.4 22349.2 42090.2 25064 20646.1 19787.5 17216.3 16206 16164.9 15593.5 17975.4 15382.3 26500.5 37623 21970.3 37644.4 45394.1 26655 37344.5 23793.4 22683.9 33941 26505.8 21728 21551.1 37599.7 20640.6 20346.7 19354.4
threshold=1.0000000180025095e-35 2563.1450000000004 2631.0750000000003 7.5000000000000009 13.500000000000002 1.0000000180025095e-35 2860.8662500000005 2806.2550000000006 3229.8850000000007 4528.1125000000002 3481.7637500000005 3157.0112500000005 2907.0200000000004 3186.3125000000005 3251.6712500000003 3730.5412500000007 4019.1987500000005 3888.7662500000001 3666.3525000000004 3447.0925000000002 3594.2637500000005 12.500000000000002 18.500000000000004 1.0000000180025095e-35 3431.6962500000004 4659.5625000000009 4690.4250000000011 4963.005000000001 3771.6512500000003 3260.3462500000001
decision_type=2 2 2 2 2 2 2 2 2 2 2 2 2 2 2 2 2 2 2 2 2 2 2 2 2 2 2 2 2 2
left_child=5 8 3 -3 7 10 -6 -5 -2 -7 -1 -12 -4 28 -15 18 17 -17 19 24 -20 -19 -23 -24 -16 26 -18 -27 -14 -21
right_child=1 2 12 4 6 9 -8 -9 -10 -11 11 -13 13 14 15 16 25 21 20 29 -22 22 23 -25 -26 27 -28 -29 -30 -31
leaf_value=-0.75979855762500514 -0.16504890580620019 0.60612696339877759 -0.084190266742572628 0.59643846422105151 -0.28114350109684227 -0.055860870041555669 0.92686504223807287 -0.24900709764054577 -1.0598164430204429 -0.95253798720928351 1.1044564057762425 -0.32544449887227739 0.083484007090246171 -0.15036359556527945 0.044851683735270945 -0.013021278058139069 0.059080478621514415 -0.60070202632615155 0.45704480568639438 0.14885935842090944 0.11871510458297262 -0.020996998484277395 -0.033067680458946272 -0.59843911628525415 0.28624712522672713 -0.21918484662615914 0.63101910631175462 0.35119265598622529 0.89950718264301099 -0.13623053503578195
leaf_weight=228 1120 455 4071 68 49 1504 110 526 53 52 24 261 9624 3879 3150 4345 6341 451 612 712 3444 1113 299 676 1324 1112 301 185 77 3633
leaf_count=228 1120 455 4071 68 49 1504 110 526 53 52 24 261 9624 3879 3150 4345 6341 451 612 712 3444 1113 299 676 1324 1112 301 185 77 3633
internal_value=0.001093 0.00879206 0.0141906 0.226446 -0.00297582 -0.176518 0.554586 -0.152222 -0.205477 -0.0858269 -0.451595 -0.205032 0.00853653 0.0176816 -0.00452388 0.0159004 -0.0256016 -0.11117 0.0636818 0.0148924 0.169765 -0.279133 -0.209675 -0.425059 0.116288 0.0485959 0.0849994 -0.137828 0.089961 -0.0895138
internal_weight=49799 47730 46557 1208 753 2069 159 594 1173 1556 513 285 45349 41278 31577 27698 14823 6884 12875 8819 4056 2539 2088 975 4474 7939 6642 1297 9701 4345
internal_count=49799 47730 46557 1208 753 2069 159 594 1173 1556 513 285 45349 41278 31577 27698 14823 6884 12875 8819 4056 2539 2088 975 4474 7939 6642 1297 9701 4345
is_linear=0
shrinkage=0.05


Tree=191
num_leaves=31
num_cat=0
split_feature=4 3 4 4 5 4 4 1 0 4 5 4 1 6 4 1 1 4 4 5 4 4 1 0 1 1 0 1 1 0
split_gain=24583 19709.4 32858.7 41435.4 35216.3 32464.3 36664.3 40766.9 36408.2 51778.8 35774.2 47566 35588.1 30269.8 27659.7 41996.4 34245.5 48754.7 44892 74373.1 34024 41151.3 43381.6 23346 32451.7 23181.9 22916.6 22543.9 22484.1 32874.1
threshold=1.0000000180025095e-35 1.0000000180025095e-35 7.5000000000000009 5.5000000000000009 1.0000000180025095e-35 19.500000000000004 17.500000000000004 10.500000000000002 25.630625000000006 3.5000000000000004 1.0000000180025095e-35 18.500000000000004 3.5000000000000004 3539.3575000000005 8.5000000000000018 6.5000000000000009 9.5000000000000018 16.500000000000004 16.500000000000004 1.0000000180025095e-35 13.500000000000002 10.500000000000002 3.5000000000000004 24.679375000000004 3.5000000000000004 6.5000000000000009 26.470625000000002 8.5000000000000018 2.5000000000000004 27.243125000000003
decision_type=2 2 2 2 2 2 2 2 2 2 2 2 2 2 2 2 2 2 2 2 2 2 2 2 2 2 2 2 2 2
left_child=-1 5 3 -3 -5 6 8 12 9 -2 11 -9 -8 -4 15 26 17 20 -18 -20 21 22 -16 -11 -25 -24 -10 -6 -19 -30
right_child=1 2 13 4 27 -7 7 10 14 23 -12 -13 -14 -15 16 -17 18 28 19 -21 -22 -23 25 24 -26 -27 -28 -29 29 -31
leaf_value=-0.16769169223271141 -0.069627369698864947 0.040640721933524172 0.21184110516449609 0.1663994707904578 -0.31516783965831524 -0.11987222193857026 -0.046974069992297529 1.882000869682857 0.07122070225025845 0.26748829354426656 -0.73326701673123418 -0.68928066834404667 0.35220554868393233 0.031552696748022378 -0.22929467482287946 -0.50580890698481629 0.084179799214705475 0.033546443911126031 -0.68287940855812412 1.4141698449324722 0.10218600795852358 -0.19884447953103332 0.41433512631178132 0.4298499838505021 -0.035692328268038608 0.027565696080220154 -0.22575115012275312 -0.88816772762670027 -0.17283070267058245 -0.79784218061350476
leaf_weight=2069 3812 3036 4157 293 652 5789 789 35 1229 2898 207 37 1910 5292 802 771 2017 260 58 156 3499 3658 786 466 1903 764 1378 233 404 439
leaf_count=2069 3812 3036 4157 293 652 5789 789 35 1229 2898 207 37 1910 5292 802 771 2017 260 58 156 3499 3658 786 466 1903 764 1378 233 404 439
internal_value=0.00103835 0.00835246 0.0590872 -0.0570224 -0.308725 -0.0119953 0.0100889 0.176034 -0.00944409 0.0707291 -0.399354 0.560648 0.235513 0.110869 -0.0543175 -0.181626 -0.0208324 -0.0582685 0.157236 0.845811 -0.0217679 -0.0939334 0.0692318 0.172312 0.0558833 0.223695 -0.0857518 -0.466025 -0.372941 -0.498311
internal_weight=49799 47730 13663 4214 1178 34067 28278 2978 25300 9079 279 72 2699 9449 16221 3378 12843 10612 2231 214 9509 6010 2352 5267 2369 1550 2607 885 1103 843
internal_count=49799 47730 13663 4214 1178 34067 28278 2978 25300 9079 279 72 2699 9449 16221 3378 12843 10612 2231 214 9509 6010 2352 5267 2369 1550 2607 885 1103 843
is_linear=0
shrinkage=0.05


Tree=192
num_leaves=31
num_cat=0
split_feature=4 5 4 4 1 0 5 7 6 6 4 1 4 5 5 1 0 5 4 6 5 0 5 4 6 4 4 6 0 1
split_gain=22240.4 24976.1 19357.3 45559.6 45117.7 44231.1 41099.8 32728.3 36375.3 29671.8 27535.6 21182.8 45464.1 96311.3 89542.9 38703.8 27918.4 27035.7 33615.5 26929.4 18928.4 18512.1 34285.5 22186.8 19359.4 18837.7 18257.4 18218.2 17663.8 16180.8
threshold=2.5000000000000004 1.0000000180025095e-35 6.5000000000000009 8.5000000000000018 8.5000000000000018 24.425625000000007 1.0000000180025095e-35 2851.5450000000005 3613.1812500000001 3834.5475000000001 4.5000000000000009 2.5000000000000004 5.5000000000000009 1.0000000180025095e-35 1.0000000180025095e-35 8.5000000000000018 24.403125000000006 1.0000000180025095e-35 5.5000000000000009 3411.5025000000005 1.0000000180025095e-35 26.585625000000007 1.0000000180025095e-35 7.5000000000000009 3553.5125000000003 7.5000000000000009 22.500000000000004 3606.7425000000007 24.403125000000006 9.5000000000000018
decision_type=2 2 2 2 2 2 2 2 2 2 2 2 2 2 2 2 2 2 2 2 2 2 2 2 2 2 2 2 2 2
left_child=1 -1 9 4 5 6 -4 8 -5 10 20 17 14 -14 -13 16 -15 18 -12 -17 -2 22 23 24 -7 -23 -9 -27 -3 -22
right_child=2 28 3 7 -6 21 -8 26 -10 -11 11 12 13 15 -16 19 -18 -19 -20 -21 29 25 -24 -25 -26 27 -28 -29 -30 -31
leaf_value=-0.26342732104044814 -0.1789566889828022 -0.15312247757223366 1.689231556916938 0.26131404714498069 -0.43014946848010277 1.020318919260587 0.0074692762623994784 0.016077751524435756 -1.0678917709245999 -0.37837285872249465 -0.74767357083938779 -0.31346862967469669 0.61830824926549943 0.50358853622206623 0.53674266681569138 -0.84226511863216891 -0.21672664976492528 0.62361527194938282 0.6156414360517044 0.32364375077444935 0.015974494515638381 -0.47566636796268658 -0.12224330300135944 -0.0085896383606301387 -0.067961326627819632 -0.2270777566625499 -0.14085591236826081 0.25913201350974674 0.045488017009763577 0.31341271367126222
leaf_weight=1521 1007 1814 68 1784 1114 168 78 27166 53 336 93 412 411 168 1247 339 675 526 88 58 2453 497 1038 166 54 728 1989 262 2924 562
leaf_count=1521 1007 1814 68 1784 1114 168 78 27166 53 336 93 412 411 168 1247 339 675 526 88 58 2453 497 1038 166 54 728 1989 262 2924 562
internal_value=0.00098643 -0.0871433 0.0136553 -0.00261457 -0.157712 -0.0584984 0.790756 0.018269 0.222965 0.0819695 0.10121 0.193805 0.14074 -0.0450148 0.325599 -0.264874 -0.0731763 0.442241 -0.0848464 -0.671931 0.00873048 -0.101063 0.0276502 0.428654 0.755602 -0.224496 0.00537149 -0.0984041 -0.0305524 0.0714174
internal_weight=49799 6259 43540 35165 4173 3059 146 30992 1837 8375 8039 4017 3310 1651 1659 1240 843 707 181 397 4022 2913 1426 388 222 1487 29155 990 4738 3015
internal_count=49799 6259 43540 35165 4173 3059 146 30992 1837 8375 8039 4017 3310 1651 1659 1240 843 707 181 397 4022 2913 1426 388 222 1487 29155 990 4738 3015
is_linear=0
shrinkage=0.05


Tree=193
num_leaves=31
num_cat=0
split_feature=8 6 4 7 7 6 8 6 8 6 8 6 8 7 6 8 8 7 0 4 7 1 8 0 7 4 4 8 0 7
split_gain=24333.3 28458.1 22802.6 25793.2 21625.5 21039.8 19753 22908.3 40427.7 21630.8 30238.9 22092.5 53014.9 40862.4 33192.6 27095.6 23902.8 27812.9 23110.9 20071.8 19679.5 19179.3 18048.3 23534.8 19873.4 16884.8 16817.6 16695.9 16561.2 33677.8
threshold=2728.3100000000004 2794.2987500000004 6.5000000000000009 3692.2800000000007 2829.6250000000005 2631.0750000000003 2930.2325000000005 3186.3125000000005 3251.6712500000003 3393.0300000000002 3481.7637500000005 3724.0400000000004 3906.4637500000003 2829.6250000000005 4050.4637500000003 4498.9400000000014 4106.0162500000015 4048.6962500000004 28.325625000000006 4.5000000000000009 4240.1350000000011 3.5000000000000004 3771.6512500000003 30.250625000000003 3505.7462500000006 1.5000000000000002 17.500000000000004 3217.0137500000005 31.701250000000005 3730.5412500000007
decision_type=2 2 2 2 2 2 2 2 2 2 2 2 2 2 2 2 2 2 2 2 2 2 2 2 2 2 2 2 2 2
left_child=26 2 5 4 -4 -2 25 22 19 28 -11 13 18 -12 15 -14 -16 -18 -13 -9 -15 -22 23 27 -25 -3 -1 -8 -10 -30
right_child=1 6 3 -5 -6 -7 7 8 9 10 11 12 14 20 16 -17 17 -19 -20 -21 21 -23 -24 24 -26 -27 -28 -29 29 -31
leaf_value=-0.12651434125199557 0.86372159011868976 -0.5221085629175346 0.62739981655563637 1.5400538056061186 -0.024377714039616721 0.25598375707362231 0.053273570440178102 -0.43130397261383968 0.14206394885017101 -0.15680227824407553 1.822253742200487 -0.22971331648228258 0.1693486452414234 0.1022282023280543 -0.19967667416190141 1.4338027477264406 0.25538552415124455 -0.018689466353844966 -0.0018127244651706808 -0.1133780719478728 -1.3190221428871156 -0.15077408917616897 0.85840077186758457 -0.0562672132366627 -0.7428875743134602 -0.090252722027869978 -1.3365546201837475 0.21734488617443987 0.079743354707298916 -0.96949048421632222
leaf_weight=2918 180 249 140 29 1399 682 6126 583 4045 2997 34 3312 2880 5778 1367 43 1132 5078 1675 3344 43 192 74 366 148 2487 29 2076 289 104
leaf_count=2918 180 249 140 29 1399 682 6126 583 4045 2997 34 3312 2880 5778 1367 43 1132 5078 1675 3344 43 192 74 366 148 2487 29 2076 289 104
internal_value=0.000937109 0.00970281 0.176314 0.0627507 0.0349133 0.38289 0.000588719 0.00913054 -0.0100294 0.0103787 -0.00799836 0.0127115 -0.0189343 0.0937596 0.0448201 0.18795 -0.0103955 0.0312707 -0.153168 -0.160577 0.083986 -0.364539 0.0808353 0.0742337 -0.253971 -0.129555 -0.138422 0.0948015 0.111958 -0.197916
internal_weight=49799 46852 2430 1568 1539 862 44422 41686 32896 28969 24531 21534 15487 6047 10500 2923 7577 6210 4987 3927 6013 235 8790 8716 514 2736 2947 8202 4438 393
internal_count=49799 46852 2430 1568 1539 862 44422 41686 32896 28969 24531 21534 15487 6047 10500 2923 7577 6210 4987 3927 6013 235 8790 8716 514 2736 2947 8202 4438 393
is_linear=0
shrinkage=0.05


Tree=194
num_leaves=31
num_cat=0
split_feature=3 4 4 7 4 4 1 1 7 4 4 1 4 1 4 4 6 4 4 4 0 0 4 7 6 1 7 6 7 6
split_gain=22628.4 31165.5 35540.2 33874.1 24437.1 37689.8 36892.3 32077.1 27523.7 21592.9 28686 43391 23410.6 20624.2 74150.2 34157.3 26824 25662.1 47137.7 29683.2 48184.9 25532.1 22267.5 21555.8 21366.2 19237.8 25330.5 22457 19135.8 19060.5
threshold=1.0000000180025095e-35 7.5000000000000009 5.5000000000000009 3279.0037500000003 19.500000000000004 17.500000000000004 10.500000000000002 3.5000000000000004 4448.9625000000005 17.500000000000004 18.500000000000004 9.5000000000000018 19.500000000000004 9.5000000000000018 16.500000000000004 16.500000000000004 3769.9700000000007 13.500000000000002 11.500000000000002 3.5000000000000004 25.630625000000006 28.731250000000006 4.5000000000000009 4070.7962500000008 2343.9187500000003 2.5000000000000004 3162.0112500000005 3021.6687500000003 4532.5725000000011 3434.7200000000007
decision_type=2 2 2 2 2 2 2 2 2 2 2 2 2 2 2 2 2 2 2 2 2 2 2 2 2 2 2 2 2 2
left_child=4 2 -2 -3 5 8 7 -7 13 28 11 29 -12 15 16 17 -15 18 19 24 22 -19 -21 -17 -1 26 -24 -27 -5 -11
right_child=1 3 -4 9 -6 6 -8 -9 -10 10 12 -13 -14 14 -16 23 -18 21 -20 20 -22 -23 25 -25 -26 27 -28 -29 -30 -31
leaf_value=0.87461642523606631 0.027829492276702956 0.21997301598147018 -0.28811485386976948 -0.071778090979250184 -0.11445717971952561 -0.045047192789227038 -0.38080032380050766 0.3339306942580258 -0.47475854750271101 2.1828072370588778 -0.23070586679533164 -0.4779835049468692 0.12550700064739553 0.054850846790849221 0.90767298435093835 -0.16531964987272743 -0.64379778003638188 -0.033309041040499594 -0.24824376437170873 -0.016154558401998389 -0.053118092683155829 0.23393871048242768 -0.063499063754884108 -0.64277846170303654 -0.12563773353156774 0.35888925503754393 0.67008274485685693 0.036395454037527329 -1.4357449748768258 0.60104119926597699
leaf_weight=54 3642 3892 1178 2342 5789 789 279 1910 330 20 593 101 2076 4229 256 860 142 1776 2468 1117 5864 1799 156 326 4713 959 479 1235 26 399
leaf_count=54 3642 3892 1178 2342 5789 789 279 1910 330 20 593 101 2076 4229 256 860 142 1776 2468 1117 5864 1799 156 326 4713 959 479 1235 26 399
internal_value=0.000890253 0.054075 -0.0493868 0.106852 -0.020469 -0.00217444 0.166562 0.223144 -0.0209503 0.0276238 0.112555 0.452299 0.0463634 -0.0152847 0.0805942 -0.0356292 0.032154 -0.0206213 -0.0461666 -0.0119533 0.0377837 0.101175 0.172869 -0.29656 -0.114307 0.247503 0.489864 0.177358 -0.0867541 0.676543
internal_weight=49799 14269 4820 9449 35530 29741 2978 2699 26763 5557 3189 520 2669 26433 4627 21806 4371 20620 17045 14577 9810 3575 3946 1186 4767 2829 635 2194 2368 419
internal_count=49799 14269 4820 9449 35530 29741 2978 2699 26763 5557 3189 520 2669 26433 4627 21806 4371 20620 17045 14577 9810 3575 3946 1186 4767 2829 635 2194 2368 419
is_linear=0
shrinkage=0.05


Tree=195
num_leaves=31
num_cat=0
split_feature=8 4 3 4 4 7 4 8 6 5 7 8 8 6 8 6 8 4 5 4 5 4 4 4 4 4 4 6 8 5
split_gain=31295.9 27720.1 23772 27923.2 27051.8 46260.9 39773.8 30117.5 28718.3 25283.9 23758.8 29557.3 21283.8 50344.5 31395.4 28080.2 27402.6 24459.2 28446.3 23721.2 28341.7 45218.7 33039.9 30214.6 32724.7 21957.1 78620.2 44632.4 33517.8 30692.1
threshold=2728.3100000000004 17.500000000000004 1.0000000180025095e-35 21.500000000000004 7.5000000000000009 3260.3462500000001 5.5000000000000009 3212.2862500000006 3613.1812500000001 1.0000000180025095e-35 2998.6000000000004 3005.9525000000008 3906.4637500000003 3848.1787500000005 3316.0412500000007 4050.4637500000003 4153.2687500000011 20.500000000000004 1.0000000180025095e-35 19.500000000000004 1.0000000180025095e-35 18.500000000000004 18.500000000000004 17.500000000000004 15.500000000000002 6.5000000000000009 4.5000000000000009 3016.0012500000007 3134.3575000000005 1.0000000180025095e-35
decision_type=2 2 2 2 2 2 2 2 2 2 2 2 2 2 2 2 2 2 2 2 2 2 2 2 2 2 2 2 2 2
left_child=1 -1 3 12 6 7 -4 8 10 -8 11 -6 13 25 -15 -14 -17 19 -19 20 21 -18 23 24 -22 26 27 28 -2 -29
right_child=2 -3 4 -5 5 -7 9 -9 -10 -11 -12 -13 15 14 -16 16 17 18 -20 -21 22 -23 -24 -25 -26 -27 -28 29 -30 -31
leaf_value=-0.14538365614022439 0.083327219198635782 -1.7260679811239243 0.052177086582858891 -0.16363453930870236 0.25005505245926191 0.037517826214570067 0.1284795670450079 0.5573607091003886 -0.32244507759221697 -0.43922036088735683 0.043702276387864253 0.87537316152068811 0.20203770656399125 -2.0056440265090378 -0.28365438954715233 -0.21913347308915077 0.086071257067509704 -0.21698071730650026 0.58577527265995744 -0.25504418486346186 0.21752792938566723 1.0565130024138145 -0.33843647079587202 0.54445149436535745 -0.41830949643195647 -0.042828502651567693 0.28382592722544681 -0.40976687469909479 0.8588640972034427 -0.069103146448047589
leaf_weight=2942 1801 28 3123 2877 678 5716 259 754 244 808 727 262 2696 27 1347 1098 373 151 410 658 539 177 539 325 324 14373 2645 884 151 2623
leaf_count=2942 1801 28 3123 2877 678 5716 259 754 244 808 727 262 2696 27 1347 1098 373 151 410 658 539 177 539 325 324 14373 2645 884 151 2623
internal_value=-0.00291786 -0.160286 0.00711418 -0.0145974 0.0658672 0.117728 -0.0378675 0.289767 0.184186 -0.301419 0.258342 0.424346 -0.000828428 -0.0236812 -0.317493 0.0739399 -0.00123459 0.0672016 0.369704 0.00938094 0.0857936 0.398377 -0.0137552 0.133554 -0.0211874 -0.00572074 0.0600924 -0.0483112 0.14332 -0.154973
internal_weight=49559 2970 46589 34018 12571 8381 4190 2665 1911 1067 1667 940 31141 23851 1374 7290 4594 3496 561 2935 2277 550 1727 1188 863 22477 8104 5459 1952 3507
internal_count=49559 2970 46589 34018 12571 8381 4190 2665 1911 1067 1667 940 31141 23851 1374 7290 4594 3496 561 2935 2277 550 1727 1188 863 22477 8104 5459 1952 3507
is_linear=0
shrinkage=0.05


Tree=196
num_leaves=31
num_cat=0
split_feature=4 4 0 1 4 4 3 6 7 3 6 6 6 4 0 4 4 1 4 1 7 1 0 1 6 4 6 6 6 1
split_gain=17925.4 15253.8 25969.7 23348.4 22735.7 39283.5 28998.5 25682.5 21964.3 18889.9 18843.2 20106.5 16543 20109 16453.7 38997.6 37695.7 40088.9 62833.7 30020.2 29117.7 18193.5 16966.7 19498.1 20846.5 16616.8 18111.2 15538.2 14370.1 20524.9
threshold=1.0000000180025095e-35 21.500000000000004 27.108125000000005 4.5000000000000009 12.500000000000002 11.500000000000002 1.0000000180025095e-35 3856.0350000000003 3099.2475000000009 1.0000000180025095e-35 4884.2275000000018 4659.5625000000009 2472.5250000000005 14.500000000000002 25.630625000000006 8.5000000000000018 4.5000000000000009 8.5000000000000018 5.5000000000000009 2.5000000000000004 3580.5200000000004 10.500000000000002 24.403125000000006 3.5000000000000004 3021.6687500000003 5.5000000000000009 2713.5450000000005 3841.4350000000004 3240.0100000000007 6.5000000000000009
decision_type=2 2 2 2 2 2 2 2 2 2 2 2 2 2 2 2 2 2 2 2 2 2 2 2 2 2 2 2 2 2
left_child=-1 4 9 10 5 7 -7 14 -8 -3 11 -4 13 -6 16 20 21 22 -19 -17 28 -2 25 -24 -25 26 -18 -21 29 -16
right_child=1 2 3 -5 12 6 8 -9 -10 -11 -12 -13 -14 -15 15 19 17 18 -20 27 -22 -23 23 24 -26 -27 -28 -29 -30 -31
leaf_value=-0.14801480611083298 -0.051454921770159569 -0.1192772073179673 -0.48309565394479326 0.69721856117248537 0.25885768580924851 -0.34605458446131659 0.3546332141372619 -0.21376799525126611 -0.25502939464400881 0.1317851430605142 0.054941558872146169 -1.3702332464229201 0.050778689906290642 1.9797442396481832 0.11936997173167047 -0.19050593430523427 0.74090967830008192 0.35293512274738109 -0.32831558816980616 0.096405619411169763 0.041940936238564597 0.20499937848044705 0.40936875045089982 0.2967806709897623 -0.076178671159117792 0.6011334167746204 0.10902142338421639 1.1392444760435159 -0.35379406764049981 -0.28561215458426015
leaf_weight=2037 6100 2597 187 39 58 1479 314 1326 279 1053 87 97 18521 24 518 1060 142 554 870 4584 1296 780 600 627 931 560 563 36 1450 790
leaf_count=2037 6100 2597 187 39 58 1479 314 1326 279 1053 87 97 18521 24 518 1060 142 554 870 4584 1296 780 600 627 931 560 563 36 1450 790
internal_value=-0.00277197 0.00345378 -0.0892299 -0.466537 0.0121118 -0.019172 -0.227613 -0.00021868 0.0677936 -0.0468474 -0.588872 -0.786097 0.053916 0.762532 0.0129758 -0.0350777 0.0528626 0.159665 -0.0632784 0.0494718 -0.153539 -0.0223802 0.252411 0.167183 0.0739147 0.397805 0.236295 0.104532 -0.245396 -0.125229
internal_weight=49559 47522 4060 410 43462 24859 2072 22787 593 3650 371 284 18603 82 21461 9734 11727 4847 1424 5680 4054 6880 3423 2158 1558 1265 705 4620 2758 1308
internal_count=49559 47522 4060 410 43462 24859 2072 22787 593 3650 371 284 18603 82 21461 9734 11727 4847 1424 5680 4054 6880 3423 2158 1558 1265 705 4620 2758 1308
is_linear=0
shrinkage=0.05


Tree=197
num_leaves=31
num_cat=0
split_feature=8 6 0 7 7 5 6 8 8 6 6 7 8 1 8 6 7 6 7 7 8 7 6 0 8 0 7 1 6 8
split_gain=30265.2 26414.4 26368.1 29547.5 24294.8 21472.4 25726.4 15854.1 15517.3 54432.8 38223.9 31182.1 29222.7 37639.3 27104.6 35411.3 25194.8 20383.9 19618.4 17613.5 20330.9 17276.9 15479.2 19229.9 48528.7 39417 18002.9 15687.1 15324.1 15963
threshold=3027.5687500000008 2945.2525000000005 28.105625000000007 3235.5125000000003 3664.1700000000005 1.0000000180025095e-35 3649.1662500000007 3310.4687500000005 4019.1987500000005 3848.1787500000005 4050.4637500000003 3348.3550000000005 3549.0825000000004 7.5000000000000009 3475.5112500000005 3423.8000000000006 3539.9700000000007 3957.7100000000005 2998.6000000000004 4048.6962500000004 4255.8450000000003 2929.5550000000007 2906.9475000000007 25.181875000000002 2345.2987500000004 25.841875000000005 3880.0200000000004 6.5000000000000009 4444.4925000000012 4584.4562500000011
decision_type=2 2 2 2 2 2 2 2 2 2 2 2 2 2 2 2 2 2 2 2 2 2 2 2 2 2 2 2 2 2
left_child=5 2 4 -4 7 6 -1 -2 9 14 16 18 13 -13 15 -3 -10 -15 -11 -12 -21 -16 23 -7 25 -25 -24 -26 -22 -30
right_child=1 8 3 -5 -6 22 -8 -9 10 11 19 12 -14 17 21 -17 -18 -19 -20 20 28 -23 26 24 27 -27 -28 -29 29 -31
leaf_value=-0.19799211391052329 0.22245256965575791 0.013567879216051263 0.27833242581625822 -0.36454512118839166 1.5630853287684614 0.11216116167134771 -1.9988927671313286 0.74874854741438512 1.0963143131513706 -0.70626194089651106 0.16546556431388748 -0.95529432996952279 -0.16653429532876779 -0.30366578943589156 0.725502301774268 -0.18246325815408126 0.22502990962810665 1.6236288796300475 0.57596909149485354 -0.18744088723377439 0.14538617316251959 0.074631866391011173 -0.095544409486145065 -3.095453851670027 0.25905795361225809 -0.50718024398543338 -1.1014448254120848 -0.20901030024594003 -0.21514409626007597 0.050138239318879875
leaf_weight=2344 1037 11643 354 361 39 2437 20 166 87 35 1467 240 3912 34 103 2872 1792 23 202 1488 1660 10069 3855 24 264 38 45 556 924 1468
leaf_count=2344 1037 11643 354 361 39 2437 20 166 87 35 1467 240 3912 34 103 2872 1792 23 202 1488 1660 10069 3855 24 264 38 45 556 924 1468
internal_value=-0.00263337 0.0164974 0.195639 -0.0462533 0.334892 -0.0824382 -0.213228 0.295075 0.0072762 -0.0103654 0.0651148 -0.171414 -0.202835 -0.680983 0.0186386 -0.0252197 0.265371 0.474015 0.38661 0.0114138 -0.0293793 0.0812225 -0.0396086 0.0397573 -0.160297 -1.50909 -0.107151 -0.0583152 0.0286651 -0.052337
internal_weight=49559 39976 1957 715 1242 9583 2364 1203 38019 29133 8886 4446 4209 297 24687 14515 1879 57 237 7007 5540 10172 7219 3319 882 62 3900 820 4052 2392
internal_count=49559 39976 1957 715 1242 9583 2364 1203 38019 29133 8886 4446 4209 297 24687 14515 1879 57 237 7007 5540 10172 7219 3319 882 62 3900 820 4052 2392
is_linear=0
shrinkage=0.05


Tree=198
num_leaves=31
num_cat=0
split_feature=8 4 6 8 6 8 6 8 7 6 7 8 4 1 8 7 8 4 7 4 6 4 6 4 7 6 7 7 6 4
split_gain=28518.7 24565 21823.6 25925 24051.4 32060.5 23959.7 33550.3 30628.7 26939.4 33192.4 29323.4 24733.2 26064.4 24503.9 23540.1 49104.3 38150.7 24114.5 27286 23259.7 21646.1 21295.8 42314 28017.9 23572.6 19899.4 19477.7 37705 19260.1
threshold=2728.3100000000004 17.500000000000004 2794.2987500000004 3163.0100000000007 3308.1037500000007 3407.8400000000006 3586.7187500000005 3778.5500000000006 2770.4737500000006 3888.7662500000001 4150.8100000000013 4019.1987500000005 1.5000000000000002 2.5000000000000004 4498.9400000000014 3554.0700000000002 3449.7650000000008 17.500000000000004 3855.0087500000004 7.5000000000000009 4104.505000000001 6.5000000000000009 3220.2600000000007 9.5000000000000018 3010.9700000000007 3613.1812500000001 3737.0350000000003 3704.5500000000006 4228.170000000001 3.5000000000000004
decision_type=2 2 2 2 2 2 2 2 2 2 2 2 2 2 2 2 2 2 2 2 2 2 2 2 2 2 2 2 2 2
left_child=1 -1 21 22 15 29 8 12 -7 10 -9 27 -8 -14 -12 16 -5 18 19 -17 -13 -2 -4 -24 25 -25 -23 28 -11 -6
right_child=2 -3 3 4 5 6 7 9 -10 11 14 20 13 -15 -16 17 -18 -19 -20 -21 -22 26 23 24 -26 -27 -28 -29 -30 -31
leaf_value=-0.13869661863631791 0.35379420687339641 -1.6267071976193361 -0.032719463725942047 0.093470555574696162 -0.48208275870019474 1.7676912243877139 -0.64009620199832962 0.23567559000889721 0.10921242753045411 0.29916245277621784 -0.27280266624226041 0.21092372600732145 0.18358307281387565 -0.13864364399336401 1.3961798384785653 0.30868819584449136 0.57008787881255552 0.49892652438697865 0.17743503352881529 -0.5762756514142463 0.00038510352143358953 0.015334667696364119 -0.49789617024906518 0.3457023785629294 -0.23579240378047905 -0.52749626105139547 1.3608177653380804 -0.21406540751134184 -1.5143372526091916 -0.10169157561463991
leaf_weight=2942 867 28 7810 5206 372 28 214 2636 4831 380 502 1649 736 4260 23 105 603 204 227 511 6416 1481 804 513 810 91 28 2096 31 3155
leaf_count=2942 867 28 7810 5206 372 28 214 2636 4831 380 502 1649 736 4260 23 105 603 204 227 511 6416 1481 804 513 810 91 28 2096 31 3155
internal_value=-0.0025017 -0.152725 0.00707488 -0.000858154 0.0198787 -0.00112738 0.0197194 -0.00568754 0.118769 0.0352979 0.163368 -0.00299468 -0.113721 -0.0911739 -0.199685 0.103612 0.142946 -0.114619 -0.263092 -0.42543 0.0434326 0.154694 -0.0715493 -0.208276 -0.0435988 0.214144 0.0403006 -0.152351 0.162378 -0.141812
internal_weight=49559 2970 46589 44213 34185 27329 23802 18943 4859 13733 3161 10572 5210 4996 525 6856 5809 1047 843 616 8065 2376 10028 2218 1414 604 1509 2507 411 3527
internal_count=49559 2970 46589 44213 34185 27329 23802 18943 4859 13733 3161 10572 5210 4996 525 6856 5809 1047 843 616 8065 2376 10028 2218 1414 604 1509 2507 411 3527
is_linear=0
shrinkage=0.05


Tree=199
num_leaves=31
num_cat=0
split_feature=8 6 8 6 8 6 6 0 4 4 6 5 4 4 8 6 6 4 4 8 0 8 0 8 5 6 4 4 4 4
split_gain=26407.6 17694.1 27648.9 21903.8 36593.8 25068 20866.8 24271.9 32640.6 25700 35909.7 29327.8 39745.4 26442.9 25150.2 25369.2 22744.1 32549.5 29135.8 22695.3 20478.7 21795.8 20326.3 22159.2 19369.7 21220.7 18433.2 35379.3 18881.3 18301
threshold=2631.0750000000003 2794.2987500000004 3163.0100000000007 3417.7750000000005 3541.7575000000006 4116.0350000000008 3586.7187500000005 29.103125000000006 15.500000000000002 17.500000000000004 4498.7337500000003 1.0000000180025095e-35 18.500000000000004 18.500000000000004 3906.4637500000003 4050.4637500000003 3834.5475000000001 16.500000000000004 18.500000000000004 4584.4562500000011 29.531875000000003 4084.1937500000004 31.701250000000005 3401.2975000000006 1.0000000180025095e-35 3717.5600000000004 13.500000000000002 9.5000000000000018 7.5000000000000009 14.500000000000002
decision_type=2 2 2 2 2 2 2 2 2 2 2 2 2 2 2 2 2 2 2 2 2 2 2 2 2 2 2 2 2 2
left_child=-1 -2 24 22 5 -5 20 14 26 10 -10 12 -11 -13 16 19 -8 -18 -19 -16 21 -6 23 -4 25 -3 27 28 -9 -28
right_child=1 2 3 4 6 -7 7 8 9 11 -12 13 -14 -15 15 -17 17 18 -20 -21 -22 -23 -24 -25 -26 -27 29 -29 -30 -31
leaf_value=-0.19130720947012494 0.12435056647177951 -0.17389597555659123 0.052274858126640504 -0.12769610050743949 0.23849079651058905 -1.3410981851261716 -0.03609619892189532 -0.44910360467102795 -0.13550999338570877 -0.98753196399050713 -1.4027173816147498 0.79772297970595818 0.50433373082338306 -0.077044121985850131 0.14373883160390108 -0.031373060296857644 -0.60778346369798131 0.17212959793966867 -0.30285497380236809 1.8346534463483843 -0.1322348048714431 1.7271487545967101 -0.17322363534319463 0.22376475901822945 -0.034809541524902142 -1.3640946949390989 0.6163586836365178 -0.026564348335882337 0.63788959657082733 0.19785338345008266
leaf_weight=1783 2901 2591 6551 4206 1492 43 3387 45 1066 98 59 231 82 138 2546 5907 481 506 892 20 418 25 726 2644 8061 38 458 1200 356 608
leaf_count=1783 2901 2591 6551 4206 1492 43 3387 45 1066 98 59 231 82 138 2546 5907 481 506 892 20 418 25 726 2644 8061 38 458 1200 356 608
internal_value=-0.00237661 0.00467427 -0.00306235 0.0188848 -0.00670744 -0.139976 0.0215842 0.00488246 0.107946 -0.0651104 -0.201968 0.215335 -0.307904 0.470574 -0.0276817 0.0256499 -0.113492 -0.253003 -0.130936 0.156918 0.17764 0.263024 0.0814763 0.101586 -0.073246 -0.191099 0.216569 0.109308 0.515908 0.377661
internal_weight=49559 47776 44875 34185 24264 4249 20015 18080 4341 1674 1125 549 180 369 13739 8473 5266 1879 1398 2566 1935 1517 9921 9195 10690 2629 2667 1601 401 1066
internal_count=49559 47776 44875 34185 24264 4249 20015 18080 4341 1674 1125 549 180 369 13739 8473 5266 1879 1398 2566 1935 1517 9921 9195 10690 2629 2667 1601 401 1066
is_linear=0
shrinkage=0.05


Tree=200
num_leaves=31
num_cat=0
split_feature=8 4 3 4 8 0 4 1 5 4 1 4 4 1 4 5 4 4 4 5 4 4 8 5 0 8 4 5 0 1
split_gain=20756.8 24188.6 20381.5 29040.5 31621.7 27948.7 27561.9 35867.7 28427.4 40331.4 20901.1 19470.9 19677.7 18416.3 61005.8 86234.5 35561.5 19536.3 28843 25549.4 31985.5 22331.4 18112.9 17305 16933 18758.2 16895.8 22192.7 16690.3 27048.1
threshold=3100.0600000000004 1.0000000180025095e-35 1.0000000180025095e-35 19.500000000000004 4727.9650000000011 25.630625000000006 17.500000000000004 10.500000000000002 1.0000000180025095e-35 18.500000000000004 3.5000000000000004 19.500000000000004 16.500000000000004 9.5000000000000018 16.500000000000004 1.0000000180025095e-35 16.500000000000004 5.5000000000000009 8.5000000000000018 1.0000000180025095e-35 6.5000000000000009 2.5000000000000004 3800.0100000000007 1.0000000180025095e-35 27.275000000000009 4052.0700000000002 15.500000000000002 1.0000000180025095e-35 27.144375000000007 2.5000000000000004
decision_type=2 2 2 2 2 2 2 2 2 2 2 2 2 2 2 2 2 2 2 2 2 2 2 2 2 2 2 2 2 2
left_child=1 -1 3 6 24 -6 13 10 9 -9 -8 12 23 16 17 -16 22 21 19 20 -19 -15 -2 -3 25 -5 -20 -28 -18 -30
right_child=2 11 -4 4 5 -7 7 8 -10 -11 -12 -13 -14 14 15 -17 28 18 26 -21 -22 -23 -24 -25 -26 -27 27 -29 29 -31
leaf_value=-0.42844464456215325 -0.034019546422459315 -0.1520520963027262 0.078864139938316591 -0.18998917504330939 1.658494505229773 0.15942922902179255 0.0014986483631164174 1.7454353910503966 -0.69567317734801715 -0.67452465217146607 0.30683900620188437 -0.53807475061880217 0.43362956308000106 0.075272238375637956 -0.7279802903765813 1.399836019971358 -0.064956390585866761 1.2261679313800953 0.14302470920585228 -0.4925116077887336 -0.2619254328242136 0.66012070828840741 0.09823454731385349 -0.011438820750813539 -0.39073244752717984 0.021458028381013263 0.47390438963604331 -0.58241364990537237 -0.021917087305337191 -0.68074073535527857
leaf_weight=429 11360 2927 9371 2861 33 538 796 33 198 36 1894 198 217 493 64 186 480 54 1509 485 109 244 3353 8667 622 1656 68 185 240 444
leaf_count=429 11360 2927 9371 2861 33 538 796 33 198 36 1894 198 217 493 64 186 480 54 1509 485 109 244 3353 8667 622 1656 68 185 240 444
internal_value=-0.00359309 -0.0595305 0.0150537 -0.00634736 -0.106928 0.246065 0.0194865 0.161623 -0.391112 0.482848 0.216486 -0.0463517 -0.0381085 -0.00231991 0.103343 0.855115 -0.0249272 0.0436215 -0.0252704 -0.310501 0.231063 0.268899 -0.00387967 -0.0469378 -0.146149 -0.112469 0.0796273 -0.298502 -0.290969 -0.449575
internal_weight=49750 12438 37312 27941 5710 571 22231 2957 267 69 2690 12009 11811 19274 3397 250 15877 3147 2410 648 163 737 14713 11594 5139 4517 1762 253 1164 684
internal_count=49750 12438 37312 27941 5710 571 22231 2957 267 69 2690 12009 11811 19274 3397 250 15877 3147 2410 648 163 737 14713 11594 5139 4517 1762 253 1164 684
is_linear=0
shrinkage=0.05


Tree=201
num_leaves=31
num_cat=0
split_feature=8 7 3 6 7 6 8 6 0 7 0 8 6 5 6 3 7 8 6 8 6 0 0 8 6 7 3 7 8 6
split_gain=19013.4 32272.6 43712.3 31772.6 35004.4 29314 26277.8 19159.4 22413.6 20175.7 17869.5 17254.6 16896 15304.7 15285.8 17725.7 15073.8 14721.1 14672.1 35293.1 29391.1 15962.6 13755.1 13684.4 30178.2 38988.8 41177.5 22480.5 19490.2 32902.3
threshold=3163.0100000000007 3162.0112500000005 1.0000000180025095e-35 3229.8850000000007 2929.5550000000007 3156.8725000000004 2631.0750000000003 3620.0875000000005 25.469375000000003 2758.5300000000002 30.929375000000004 4928.8850000000011 4734.1262500000012 1.0000000180025095e-35 3613.1812500000001 1.0000000180025095e-35 2860.8662500000005 3589.0900000000006 4693.3900000000012 4422.5750000000016 4444.4925000000012 26.035625000000007 32.346250000000005 3883.0225000000005 3724.0400000000004 3348.3550000000005 1.0000000180025095e-35 3903.5725000000007 3549.0825000000004 3368.8150000000005
decision_type=2 2 2 2 2 2 2 2 2 2 2 2 2 2 2 2 2 2 2 2 2 2 2 2 2 2 2 2 2 2
left_child=3 2 5 13 14 -2 -6 8 -4 -10 -8 18 -13 -1 15 -5 -9 -18 19 20 23 -21 -23 24 28 26 -26 -25 29 -3
right_child=1 11 7 4 6 -7 10 16 9 -11 -12 12 -14 -15 -16 -17 17 -19 -20 21 -22 22 -24 27 25 -27 -28 -29 -30 -31
leaf_value=-0.11419799897204366 0.2569161777118868 0.051536450063716099 0.28982958801011455 -0.6078713951231558 -1.7735940277576447 -0.077492804287652206 -0.39140235637428789 -0.96670112750109505 2.1445068228703277 0.70481737112822507 0.11622127174264073 1.5491650396777739 0.26690773212909702 0.013320010713523737 -0.74595226587956409 0.18210655423862984 -0.0027698815794317587 1.2817138699384838 -0.1925564245285073 0.62698756037903425 -0.40094443137604224 0.1400935784956015 1.0792789375782013 0.16769619502085042 -0.44330679853988253 -0.16765876008638858 0.88790506688909154 -0.0076886133792081965 0.090420856563025398 -0.13703273338405783
leaf_weight=3138 1048 5186 470 79 32 1749 1346 34 26 380 199 31 150 9406 57 702 157 26 989 211 474 1537 40 2719 86 4643 179 5570 4910 4176
leaf_count=3138 1048 5186 470 79 32 1749 1346 34 26 380 199 31 150 9406 57 702 157 26 989 211 474 1537 40 2719 86 4643 179 5570 4910 4176
internal_value=-0.00341344 0.016855 0.152582 -0.050553 -0.216628 0.0478059 -0.355393 0.420704 0.524895 0.797014 -0.326019 -0.000231035 0.486521 -0.0185798 0.044508 0.102198 0.000100695 0.179725 -0.00309894 0.00320335 -0.0105769 0.218562 0.163916 -0.0038408 -0.0270408 -0.133991 0.455889 0.049842 0.00973835 -0.0325764
internal_weight=49750 34791 3890 14959 2415 2797 1577 1093 876 406 1545 30901 181 12544 838 781 217 183 30720 29731 27943 1788 1577 27469 19180 4908 265 8289 14272 9362
internal_count=49750 34791 3890 14959 2415 2797 1577 1093 876 406 1545 30901 181 12544 838 781 217 183 30720 29731 27943 1788 1577 27469 19180 4908 265 8289 14272 9362
is_linear=0
shrinkage=0.05


Tree=202
num_leaves=31
num_cat=0
split_feature=3 0 7 6 7 0 6 6 6 1 7 6 0 0 6 0 6 1 7 6 1 7 7 0 0 0 7 6 6 0
split_gain=16771.4 20717.6 20067.9 14420.7 20467.6 15614.4 16170.2 14293.2 13134.4 11768.1 10947 10700.5 10534.7 15447 9373.51 26472 16109.2 15318.4 21137.8 19365.3 15058.1 8363.22 12247.2 8542.47 8393.84 16315.8 8038.61 11421.9 15717.7 19810.6
threshold=1.0000000180025095e-35 23.426250000000003 3162.0112500000005 3613.1812500000001 2860.8662500000005 25.605625000000007 3363.2537500000003 2472.5250000000005 2879.9950000000003 7.5000000000000009 2699.7575000000006 3016.0012500000007 26.701875000000005 30.338125000000002 2794.2987500000004 24.740625000000005 2631.0750000000003 6.5000000000000009 2632.0300000000002 2610.7512500000007 2.5000000000000004 2829.6250000000005 3069.0362500000006 27.144375000000007 28.181875000000005 27.313125000000003 2889.2750000000005 3393.0300000000002 3620.0875000000005 25.469375000000003
decision_type=2 2 2 2 2 2 2 2 2 2 2 2 2 2 2 2 2 2 2 2 2 2 2 2 2 2 2 2 2 2
left_child=14 7 3 5 -5 6 11 -2 9 10 -7 -3 -6 -14 15 16 -1 20 19 -19 -17 23 24 -20 25 -23 27 -16 29 -29
right_child=1 2 -4 4 12 8 -8 -9 -10 -11 -12 -13 13 -15 26 17 -18 18 21 -21 -22 22 -24 -25 -26 -27 -28 28 -30 -31
leaf_value=0.40959516485187297 -1.5578210755534796 0.1356576198598915 0.0041607510137676405 -0.9072158585389456 0.66965182330094131 0.58302725440891534 0.59774059528528267 -0.26338689497865914 0.20364288900582883 0.19978570665575957 1.6907290299079922 -0.088010911499379951 -0.53151689753983145 0.2348565250479927 -0.15777776532713647 -0.35035983647309965 0.073281847848304771 -2.2521655402105787 -0.24057354520667684 -0.26043944427600274 0.27193099713077146 -0.30716052180861386 -0.018670760391815956 0.67346609593292728 -0.084771366830682385 -1.1643147075646803 -0.023542382751254129 0.17536745327524841 -0.67383705547877726 2.1813677281141284
leaf_weight=623 23 1046 8519 75 51 54 129 293 2526 76 38 1094 121 144 1736 124 831 23 44 26 450 206 537 61 160 76 30591 32 21 20
leaf_count=623 23 1046 8519 75 51 54 129 293 2526 76 38 1094 121 144 1736 124 831 23 44 26 450 206 537 61 160 76 30591 32 21 20
internal_value=-0.00324277 0.0427161 0.0518346 0.127691 -0.164663 0.150723 0.0540866 -0.357602 0.232115 0.660208 1.04056 0.0213149 0.0115761 -0.115072 -0.0215806 0.0606048 0.217383 -0.0729369 -0.179548 -1.19533 0.137499 -0.133631 -0.179114 0.29044 -0.374042 -0.538167 -0.0295987 -0.132014 0.480665 0.946906
internal_weight=49750 14189 13873 5354 391 4963 2269 316 2694 168 92 2140 316 265 35561 3161 1454 1707 1133 49 574 1084 979 105 442 282 32400 1809 73 52
internal_count=49750 14189 13873 5354 391 4963 2269 316 2694 168 92 2140 316 265 35561 3161 1454 1707 1133 49 574 1084 979 105 442 282 32400 1809 73 52
is_linear=0
shrinkage=0.05


Tree=203
num_leaves=31
num_cat=0
split_feature=4 4 5 0 1 6 6 4 4 5 1 1 6 5 4 1 4 1 1 6 6 1 0 1 0 4 0 4 0 1
split_gain=18324.7 13739 32603.3 25932.6 21503.6 19845.6 20595.2 18063.3 75488.9 124428 134819 95760 43265 39762.9 129789 69731.1 59892 36800.9 51959.9 47494.2 35832.4 23755.8 47897.3 21804.9 19486.3 40534.4 27076.6 24820.5 26152.5 26319.2
threshold=1.0000000180025095e-35 21.500000000000004 1.0000000180025095e-35 26.643125000000005 9.5000000000000018 4884.2275000000018 4734.1262500000012 17.500000000000004 18.500000000000004 1.0000000180025095e-35 9.5000000000000018 9.5000000000000018 3319.1687500000003 1.0000000180025095e-35 19.500000000000004 9.5000000000000018 19.500000000000004 2.5000000000000004 6.5000000000000009 4190.0325000000003 4140.2037500000006 10.500000000000002 26.674375000000005 1.5000000000000002 25.315625000000008 4.5000000000000009 24.425625000000007 8.5000000000000018 26.444375000000004 7.5000000000000009
decision_type=2 2 2 2 2 2 2 2 2 2 2 2 2 2 2 2 2 2 2 2 2 2 2 2 2 2 2 2 2 2
left_child=-1 7 4 -4 -3 6 -5 24 9 11 12 -9 -11 14 15 -10 17 -15 19 -19 -16 22 -12 -14 25 -2 -27 28 29 -26
right_child=1 2 3 5 -6 -7 -8 8 13 10 21 -13 23 16 20 -17 -18 18 -20 -21 -22 -23 -24 -25 27 26 -28 -29 -30 -31
leaf_value=-0.14762921346089777 -0.027088479982599153 0.27076805954072175 -0.10476401291691534 -0.48239241562274771 -0.33273926731199027 0.21071306938612008 -1.4153118756127685 -0.65625270178492878 1.1070708032476304 1.9715926188818167 -0.59500377885583378 1.1324383126755992 0.11001433599470319 -0.87759425529662727 0.15706950544701381 -0.41401370280719069 0.043767658825655309 0.6970390308463762 -0.51789934821160022 -0.23332844784685661 -0.4344462748360286 -0.89656741743633805 1.5028101153098621 0.77718698447433254 0.046094857479547002 0.30325291755355638 0.055979806314005731 -0.00054306496098752675 -0.23932165867023047 -0.29393899915958277
leaf_weight=2100 6746 820 2549 312 180 79 73 421 438 71 90 91 138 262 550 91 3095 222 698 359 479 143 39 1088 2646 2009 2466 18223 2547 725
leaf_count=2100 6746 820 2549 312 180 79 73 421 438 71 90 91 138 262 550 91 3095 222 698 359 479 143 39 1088 2646 2009 2466 18223 2547 725
internal_value=-0.00308063 0.00328982 -0.0852441 -0.167349 0.162137 -0.511159 -0.659284 0.0114317 0.0779323 0.338474 0.559334 -0.338341 0.771584 -0.00960196 0.208928 0.84541 -0.0830424 -0.337732 -0.227143 0.122165 -0.118281 -0.452757 0.039219 0.702089 -0.00413 0.0503112 0.16699 -0.0294349 -0.1184 -0.0270361
internal_weight=49750 47650 4013 3013 1000 464 385 43637 8275 2081 1569 512 1297 6194 1558 529 4636 1541 1279 581 1029 272 129 1226 35362 11221 4475 24141 5918 3371
internal_count=49750 47650 4013 3013 1000 464 385 43637 8275 2081 1569 512 1297 6194 1558 529 4636 1541 1279 581 1029 272 129 1226 35362 11221 4475 24141 5918 3371
is_linear=0
shrinkage=0.05


Tree=204
num_leaves=31
num_cat=0
split_feature=8 6 4 6 8 4 3 8 4 4 0 0 3 4 8 0 4 6 4 5 5 6 6 8 0 0 8 0 8 8
split_gain=19624.8 24483.5 30110.6 27051.6 24201.4 23108.5 33690.8 33329.7 30133 28948.4 20366.9 20438 18371.6 25547.8 29384.9 24459.6 23207.8 20868.1 18483.6 130383 91241.5 32485.1 18435.6 16922.1 15921.4 22236.6 15824.2 37976.6 17290.7 15487
threshold=3054.0750000000003 2980.5125000000003 9.5000000000000018 3210.5100000000007 2829.2150000000006 7.5000000000000009 1.0000000180025095e-35 2713.5450000000005 4.5000000000000009 10.500000000000002 25.560625000000005 25.745625000000008 1.0000000180025095e-35 19.500000000000004 4727.9650000000011 25.675625000000007 17.500000000000004 2840.3587500000008 18.500000000000004 1.0000000180025095e-35 1.0000000180025095e-35 3546.6200000000003 4555.5012500000012 4498.9400000000014 28.181875000000005 27.534375000000008 3771.6512500000003 27.779375000000005 4031.0050000000006 3792.4850000000001
decision_type=2 2 2 2 2 2 2 2 2 2 2 2 2 2 2 2 2 2 2 2 2 2 2 2 2 2 2 2 2 2
left_child=1 5 3 4 -3 8 7 9 -1 -7 -10 -12 13 16 -15 -16 22 -14 20 -20 26 -22 -2 -23 25 -11 -18 28 -28 -21
right_child=12 2 -4 -5 -6 6 -8 -9 10 24 11 -13 17 14 15 -17 18 -19 19 29 21 23 -24 -25 -26 -27 27 -29 -30 -31
leaf_value=-0.0085929064281832761 0.0015927389413860332 -0.56627670209398062 -0.023963690582821138 -0.66094794894875819 -0.11538964170895119 0.012300389463251288 0.26039832997488083 -0.18758814757132922 0.36460574422144648 -1.2094249460141402 -1.733756329572719 0.061623502975585415 1.6104677119038322 -0.13881159372151969 1.5198301093918938 0.15557221307127334 -0.83875477704880896 0.068829158011540395 0.81609280754085001 -0.84570339428316255 1.1902992824628338 0.35178235011161463 -0.57827021280384583 1.5036466443177428 -0.4710474001864593 -3.1397429393529892 0.096358024030923847 -0.68417221312137222 1.5306939910439885 -0.19583206834517278
leaf_weight=3166 20372 367 2406 382 1574 44 386 1189 956 37 23 51 22 5161 35 536 138 9893 383 101 146 944 138 33 24 25 55 136 34 993
leaf_count=3166 20372 367 2406 382 1574 44 386 1189 956 37 23 51 22 5161 35 536 138 9893 383 101 146 944 138 33 24 25 55 136 34 993
internal_value=-0.0029266 -0.0631699 -0.147935 -0.276336 -0.200642 0.00476014 -0.15046 -0.270696 0.0678323 -1.03082 0.302747 -0.4964 0.0134432 -0.00652146 -0.101156 0.239196 0.0165878 0.0722498 0.147391 0.0221302 0.271894 0.494645 -0.00230883 0.390689 -1.56451 -1.98778 -0.417224 -0.158685 0.644307 -0.255829
internal_weight=49750 10630 4729 2323 1941 5901 1705 1319 4196 130 1030 74 39120 29205 5732 571 23473 9915 2963 1477 1486 1123 20510 977 86 62 363 225 89 1094
internal_count=49750 10630 4729 2323 1941 5901 1705 1319 4196 130 1030 74 39120 29205 5732 571 23473 9915 2963 1477 1486 1123 20510 977 86 62 363 225 89 1094
is_linear=0
shrinkage=0.05


Tree=205
num_leaves=31
num_cat=0
split_feature=3 4 7 4 4 5 6 1 6 4 4 6 1 6 4 5 4 4 1 4 1 5 1 1 7 4 6 1 6 4
split_gain=15697.9 25953.4 25399.6 28428.4 24851.1 28746.1 24411.9 46108 39206.3 22921.2 20036.8 22168.8 25874.4 28667.2 21805.1 21620.7 63337.4 25362.4 27596.2 20975.6 23260.2 18588.7 65831.8 37517.7 18232.5 16822.1 16321.7 16231.4 16849.2 15856
threshold=1.0000000180025095e-35 7.5000000000000009 3320.7425000000007 16.500000000000004 5.5000000000000009 1.0000000180025095e-35 3472.4500000000003 5.5000000000000009 3498.4062500000005 20.500000000000004 17.500000000000004 3804.9800000000005 8.5000000000000018 3931.0700000000002 18.500000000000004 1.0000000180025095e-35 19.500000000000004 19.500000000000004 9.5000000000000018 15.500000000000002 4.5000000000000009 1.0000000180025095e-35 9.5000000000000018 8.5000000000000018 3704.5500000000006 22.500000000000004 3319.1687500000003 8.5000000000000018 3485.5350000000003 1.5000000000000002
decision_type=2 2 2 2 2 2 2 2 2 2 2 2 2 2 2 2 2 2 2 2 2 2 2 2 2 2 2 2 2 2
left_child=29 4 3 -3 -2 -6 7 -5 -8 26 11 -4 19 24 21 17 -17 18 -16 -13 -21 23 -23 -12 -14 -18 -9 28 -7 -1
right_child=1 2 10 6 5 27 8 9 -10 -11 14 12 13 -15 15 16 25 -19 -20 20 -22 22 -24 -25 -26 -27 -28 -29 -30 -31
leaf_value=-0.12540880103508284 0.017930730527007912 0.1349159267628324 0.057164669590546495 -1.7647638601916178 0.17888810238706554 -0.071823873946734937 2.7461366792519888 1.5835205604285001 0.64570714429668763 -0.063739474516075395 -0.728536650130854 -0.14494651383204879 0.74043463230133055 1.2526068566100939 1.190795486358305 -0.5790003249430461 0.19280705204961723 0.12746279104851679 -0.60597976726264913 -0.42711399026190489 -1.3763606518688727 0.87398906501924023 -0.79841729700565345 1.1129636947701618 -1.2361715614795685 -0.23523316881208034 0.34064902036583855 -0.75385939942248037 -0.60096294916850534 -0.0044513706071008198
leaf_weight=2956 3557 3587 1142 28 296 415 24 50 299 130 85 533 20 56 120 426 1215 536 26 303 82 322 72 41 28 283 56 228 236 32473
leaf_count=2956 3557 3587 1142 28 296 415 24 50 299 130 85 533 20 56 120 426 1215 536 26 303 82 322 72 41 28 283 56 228 236 32473
internal_value=0.00325761 0.0476836 0.0954882 0.187702 -0.0479255 -0.247288 0.510267 0.153609 0.801776 0.381213 0.0227278 -0.0942281 -0.263397 0.484056 0.103692 0.0447028 -0.0410419 0.286598 0.870822 -0.348076 -0.629291 0.399316 0.568372 -0.129318 -0.412586 0.111942 0.926909 -0.390801 -0.263647 -0.0145434
internal_weight=49625 14196 9464 4174 4732 1175 587 264 323 236 5290 2164 1022 104 3126 2606 1924 682 146 918 385 520 394 126 48 1498 106 879 651 35429
internal_count=49625 14196 9464 4174 4732 1175 587 264 323 236 5290 2164 1022 104 3126 2606 1924 682 146 918 385 520 394 126 48 1498 106 879 651 35429
is_linear=0
shrinkage=0.05


Tree=206
num_leaves=31
num_cat=0
split_feature=8 6 4 6 8 6 0 4 6 8 6 6 8 8 4 7 8 6 1 8 7 7 1 6 7 4 4 1 7 4
split_gain=21040.9 28725 18860 25139 22379.8 17001.8 30650.9 16402.4 19616.3 16354.9 40645.4 28058.7 26915 25858.8 21573.4 20951.4 20388.5 31811.8 30856.8 22737.8 19593.5 18492.9 18343.7 18216.3 18088.3 17461.6 17367.8 19416.5 16940.6 16179.3
threshold=2806.0137500000005 2914.3150000000005 6.5000000000000009 2713.5450000000005 3074.7512500000007 2631.0750000000003 24.759375000000006 2.5000000000000004 3016.0012500000007 4267.7437500000005 4190.0325000000003 4444.4925000000012 4498.9400000000014 3622.5675000000006 7.5000000000000009 4048.6962500000004 3915.4400000000005 3848.1787500000005 2.5000000000000004 3227.0137500000005 3348.3550000000005 3315.0300000000002 9.5000000000000018 3777.0100000000007 4424.1550000000016 1.5000000000000002 17.500000000000004 2.5000000000000004 3359.0025000000005 17.500000000000004
decision_type=2 2 2 2 2 2 2 2 2 2 2 2 2 2 2 2 2 2 2 2 2 2 2 2 2 2 2 2 2 2
left_child=5 2 3 -2 -5 6 -1 8 -7 10 16 15 -13 -12 -15 23 17 25 -18 21 -21 -19 28 -11 -17 -3 -26 -28 -20 -24
right_child=1 9 -4 4 -6 7 -8 -9 -10 11 13 12 -14 14 -16 24 18 19 22 20 -22 -23 29 -25 26 -27 27 -29 -30 -31
leaf_value=0.23069922836062251 0.82193639973109522 -0.12571289113663306 0.054354858457904533 0.14227871112772492 0.88751265073364438 -0.3681297256196342 -0.36410347351431849 -0.11860765367701716 -1.8113977737426759 1.7192589714609345 -1.281474120235234 -0.3252633229813478 0.063400670275175874 -0.81224723286620937 -0.15417246507111698 0.049861169458143867 -0.14809270672814373 -0.42955452608210704 0.91251699125648222 0.33633018931444814 -0.19954073787073584 -2.42022247299552 0.49047260864115344 0.42721541014236764 -0.28488978277891874 0.015017735991944822 -0.41854868184688487 0.7180053665140963 0.20750205604433983 -0.1311249634474887
leaf_weight=779 189 2413 2274 1197 110 404 300 2608 25 29 57 586 1857 134 1764 1407 981 28 88 184 2339 20 123 460 71 25470 43 298 2684 703
leaf_count=779 189 2413 2274 1197 110 404 300 2608 25 29 57 586 1857 134 1764 1407 981 28 88 184 2339 20 123 460 71 25470 43 298 2684 703
internal_value=0.00309473 0.012886 0.145062 0.282941 0.204999 -0.105164 0.0653231 -0.165735 -0.452236 0.000947491 -0.0102697 0.088277 -0.0298278 -0.232146 -0.200633 0.21329 0.00211198 -0.0126787 0.100482 -0.18097 -0.16046 -1.259 0.168256 0.50384 0.135182 0.00283888 0.426555 0.574686 0.229883 -0.0385626
internal_weight=49625 45509 3770 1496 1307 4116 1079 3037 429 41739 36988 4751 2443 1955 1898 2308 35033 30454 4579 2571 2523 48 3598 489 1819 27883 412 341 2772 826
internal_count=49625 45509 3770 1496 1307 4116 1079 3037 429 41739 36988 4751 2443 1955 1898 2308 35033 30454 4579 2571 2523 48 3598 489 1819 27883 412 341 2772 826
is_linear=0
shrinkage=0.05


Tree=207
num_leaves=31
num_cat=0
split_feature=8 6 3 7 6 4 8 8 7 8 6 6 4 8 6 8 7 4 4 4 4 1 1 7 1 8 4 4 6 4
split_gain=19176.1 26077.4 21379.9 27953.7 40780.6 34935.4 38581.3 24568.7 25189.6 18664.4 29749.8 23516.3 21648.1 30062.8 24038.8 46578 23610.6 17788.8 22333.8 29131.7 22146 30140.2 21075.9 19183.7 18625.9 17582.6 17072.8 22466.9 20739.5 18134.5
threshold=2817.5200000000004 2914.3150000000005 1.0000000180025095e-35 2958.8325000000004 3613.1812500000001 7.5000000000000009 2994.0125000000003 3139.0150000000008 3240.8775000000005 4498.9400000000014 4444.4925000000012 4623.0900000000011 19.500000000000004 3915.4400000000005 3848.1787500000005 3316.0412500000007 3704.5500000000006 1.5000000000000002 6.5000000000000009 4.5000000000000009 8.5000000000000018 7.5000000000000009 3.5000000000000004 4200.6162500000009 5.5000000000000009 4868.6775000000007 17.500000000000004 18.500000000000004 4528.1125000000002 19.500000000000004
decision_type=2 2 2 2 2 2 2 2 2 2 2 2 2 2 2 2 2 2 2 2 2 2 2 2 2 2 2 2 2 2
left_child=-1 -2 9 4 5 -4 -7 -5 -9 10 12 25 13 14 17 -16 -15 -3 19 -19 21 -20 -21 -22 -24 -11 28 -28 -10 -29
right_child=1 2 3 7 -6 6 -8 8 26 11 -12 -13 -14 16 15 -17 -18 18 20 22 23 -23 24 -25 -26 -27 27 29 -30 -31
leaf_value=-0.097663058797239993 0.14074876383836921 -0.16903840395767272 0.091538679823428393 -0.14428654825758896 -0.59436975274114834 0.27811759893758958 1.0693777148079169 0.26142960484561101 -0.023151647002284847 0.28619980942029172 -0.40901525891153145 -0.035400309989920976 -0.12708392414931119 0.5514815950975992 -2.2603409009320394 -0.19746208704524917 0.085443447628454516 -0.030020453283877032 -0.041436474272063865 0.43588118527101422 0.0072294732115464055 -0.40006637802072592 -0.15433958284658097 -0.62911138715843362 0.22263516820754603 1.4644305026892459 0.41757356457310379 -0.19515271930076683 -0.75600068067586179 0.12445696946453207
leaf_weight=4324 3647 1724 625 1678 124 357 271 1370 3886 782 510 915 4282 293 28 1204 3751 2445 1675 747 9101 901 460 120 1139 33 512 566 99 2056
leaf_count=4324 3647 1724 625 1678 124 357 271 1370 3886 782 510 915 4282 293 28 1204 3751 2445 1675 747 9101 901 460 120 1139 33 512 566 99 2056
internal_value=0.00293999 0.0125426 0.00131755 0.05917 0.270588 0.356186 0.619569 0.030536 0.0650927 -0.0208627 -0.0305821 0.13858 -0.0236571 -0.00488168 -0.0305583 -0.244346 0.119209 -0.0161751 -0.00028788 0.0907511 -0.0372606 -0.166873 0.216619 -0.00105172 0.114187 0.333907 0.0273091 0.114622 -0.0413579 0.0554642
internal_weight=49625 45301 41654 11544 1377 1253 628 10167 8489 30110 28380 1730 27870 23588 19544 1232 4044 18312 16588 4791 11797 2576 2346 9221 1599 815 7119 3134 3985 2622
internal_count=49625 45301 41654 11544 1377 1253 628 10167 8489 30110 28380 1730 27870 23588 19544 1232 4044 18312 16588 4791 11797 2576 2346 9221 1599 815 7119 3134 3985 2622
is_linear=0
shrinkage=0.05


Tree=208
num_leaves=31
num_cat=0
split_feature=8 7 8 8 7 1 7 8 4 8 4 0 1 8 8 7 4 1 7 0 4 4 1 7 4 8 7 0 8 8
split_gain=17306.4 23849.9 18761.2 15155.7 23264.3 20844.7 19437.2 20074.6 16870.5 20646 15444.5 14994.3 16656.1 14814.6 14380.2 13829.9 13419.6 15285.3 14621.8 13777.2 15340.7 13409 13302.2 12381.1 12148.8 11723.8 31049.6 11512 17987.3 11360.6
threshold=2817.5200000000004 2952.5025000000005 3924.6612500000006 3271.0300000000002 3309.3050000000007 4.5000000000000009 3473.5325000000007 3070.0125000000003 22.500000000000004 4814.6737500000008 21.500000000000004 27.81375000000001 3.5000000000000004 3589.0900000000006 3236.5100000000007 3412.7812500000005 16.500000000000004 9.5000000000000018 3279.0037500000003 24.799375000000005 3.5000000000000004 10.500000000000002 6.5000000000000009 3656.6550000000002 1.0000000180025095e-35 3700.4412500000003 3710.5025000000005 27.313125000000003 4928.8850000000011 3997.9950000000003
decision_type=2 2 2 2 2 2 2 2 2 2 2 2 2 2 2 2 2 2 2 2 2 2 2 2 2 2 2 2 2 2
left_child=15 2 11 5 13 6 -3 -8 9 25 16 -2 -13 -5 22 24 19 18 -18 20 -7 23 -14 -9 -1 -6 -27 28 -10 -28
right_child=1 3 -4 4 8 10 7 21 27 -11 -12 12 14 -15 -16 -17 17 -19 -20 -21 -22 -23 -24 -25 -26 26 29 -29 -30 -31
leaf_value=-0.67303102907825663 0.071765584323797024 -0.14963841637375633 1.6509709763526919 0.094489722900698514 -0.039999372055567417 -0.051896595335111387 -2.1650003502056712 -2.0897084367275238 -0.16059472892816781 0.35834945150631131 -0.37609258880934765 -0.12995694144105419 0.71539029057618164 0.38145872787222523 0.99239588767910991 -0.523081484963004 0.66809200533411728 1.3699071320394676 -0.031336477033538111 -0.061393585086835394 0.18851756827044977 -0.08468104774132372 0.16848785015668849 -0.55957898421165264 -0.061961385441998112 0.18177474792132908 -0.065095610208124946 -0.67935208521929447 0.92988790426498813 0.034732450988092682
leaf_weight=83 3536 1847 20 3370 8994 1251 21 20 1245 421 291 169 157 519 96 179 110 30 233 5894 1413 80 381 39 4062 2818 4535 102 39 7670
leaf_count=83 3536 1847 20 3370 8994 1251 21 20 1245 421 291 169 157 519 96 179 110 30 233 5894 1413 80 381 39 4062 2818 4535 102 39 7670
internal_value=0.00279299 0.0119155 0.123102 7.77326e-05 0.018779 -0.0494076 -0.195436 -0.724108 0.00160984 0.0112342 -0.0176272 0.116059 0.311105 0.132787 0.428675 -0.0927799 -0.00594728 0.28763 0.19297 -0.0187428 0.0756204 -0.506419 0.328086 -1.07827 -0.0741975 0.00514953 0.0321794 -0.168087 -0.127473 -0.00236056
internal_weight=49625 45301 4359 40942 29713 11229 2007 160 25824 24438 9222 4339 803 3889 634 4324 8931 373 343 8558 2664 139 538 59 4145 24017 15023 1386 1284 12205
internal_count=49625 45301 4359 40942 29713 11229 2007 160 25824 24438 9222 4339 803 3889 634 4324 8931 373 343 8558 2664 139 538 59 4145 24017 15023 1386 1284 12205
is_linear=0
shrinkage=0.05


Tree=209
num_leaves=31
num_cat=0
split_feature=8 6 3 7 6 8 7 8 6 6 7 6 7 6 7 6 8 8 8 8 8 8 8 6 6 6 7 8 6 8
split_gain=15619.1 23599 18989.1 23154.2 37138.4 22219.7 21856.1 18459.3 67786.8 31596.3 20593.8 22101.2 17948.7 16869.6 16424.2 30891.9 44979.3 34177.9 26362.1 21327.7 16289.2 14147.2 13514.9 29022.6 17086 15439.4 25833.3 24670.3 19229 15419.8
threshold=2817.5200000000004 2945.2525000000005 1.0000000180025095e-35 2958.8325000000004 3613.1812500000001 3139.0150000000008 3240.8775000000005 3300.0412500000007 3656.5675000000006 3234.5012500000007 3196.1950000000006 3386.4387500000003 2504.9887500000004 2631.0750000000003 3587.0875000000005 3586.7187500000005 3615.1250000000005 3608.9025000000006 3959.7775000000006 3700.4412500000003 3217.0137500000005 3568.9625000000001 4727.9650000000011 4824.9700000000003 4659.5625000000009 3888.7662500000001 4187.598750000001 4031.0050000000006 3434.7200000000007 4019.1987500000005
decision_type=2 2 2 2 2 2 2 2 2 2 2 2 2 2 2 2 2 2 2 2 2 2 2 2 2 2 2 2 2 2
left_child=13 -2 7 4 12 -5 21 8 9 -3 -11 -12 -4 -1 15 16 -9 -17 -18 -16 -14 -7 23 25 -24 26 28 -27 -21 -30
right_child=1 2 3 5 -6 6 -8 14 -10 10 11 -13 20 -15 19 17 18 -19 -20 22 -22 -23 24 -25 -26 27 -28 -29 29 -31
leaf_value=0.080831418508667152 0.12255587172210114 -0.012683402335730721 1.0791802041085536 -0.14043211245630566 -0.57333547958443243 0.20324260877202269 0.025853527826111472 0.074250941054746902 -1.4204520640855141 -0.45095321163747504 0.0010900416536605917 -0.47431471316916191 0.20921025922820893 -0.14586307386614283 -0.14517823594769344 -0.47879138135341226 0.46313773536671499 0.014754370338833273 2.1877773559611775 -0.17683136928643325 0.75961078558690276 0.87679042233580573 0.57908380789454705 -0.89463561951871162 0.05258522012100824 -0.21298594655731426 -0.23384343825121864 0.0072881894262726331 0.13484717310258193 0.47812977695940823
leaf_weight=1101 4314 6047 76 1632 124 1284 7117 4446 94 740 960 328 972 3223 3043 465 605 1428 23 432 156 83 221 92 509 1695 563 5083 2390 379
leaf_count=1101 4314 6047 76 1632 124 1284 7117 4446 94 740 960 328 972 3223 3043 465 605 1428 23 432 156 83 221 92 509 1695 563 5083 2390 379
internal_value=0.00265334 0.0113197 -0.000388237 0.0542928 0.250584 0.0285243 0.0610251 -0.0215699 -0.0855005 -0.0699605 -0.240747 -0.119976 0.33544 -0.0881409 0.00286391 0.0658918 0.1302 -0.106481 0.526301 -0.0276154 0.285329 0.244138 0.00386506 -0.0104214 0.211977 -0.00270484 0.0784939 -0.0477966 0.133429 0.181833
internal_weight=49625 45301 40987 11444 1328 10116 8484 29543 8169 8075 2028 1288 1204 4324 21374 6967 5074 1893 628 14407 1128 1367 11364 10634 730 10542 3764 6778 3201 2769
internal_count=49625 45301 40987 11444 1328 10116 8484 29543 8169 8075 2028 1288 1204 4324 21374 6967 5074 1893 628 14407 1128 1367 11364 10634 730 10542 3764 6778 3201 2769
is_linear=0
shrinkage=0.05


Tree=210
num_leaves=31
num_cat=0
split_feature=4 4 0 4 7 1 4 4 4 1 6 6 7 4 7 6 4 7 6 0 7 1 4 7 1 6 6 4 6 7
split_gain=18058.5 19071.2 13812.7 49904 20983.6 20793.4 39066.5 32306.1 39695.2 23184.5 21251.2 19363.3 55814.8 23580.8 18900.1 18400.6 20935.6 15842.6 14690.9 15478.8 13195.3 12967.9 40264.6 41622 17633.7 20446.9 15746.6 15029.7 18812 14502.9
threshold=22.500000000000004 1.5000000000000002 26.585625000000007 7.5000000000000009 2851.5450000000005 6.5000000000000009 4.5000000000000009 5.5000000000000009 4.5000000000000009 9.5000000000000018 2966.2325000000005 2998.7062500000006 3525.6937500000008 13.500000000000002 2880.5700000000006 3613.1812500000001 13.500000000000002 3560.5350000000003 2728.3100000000004 27.925625000000007 3206.2312500000003 2.5000000000000004 17.500000000000004 3109.3200000000002 4.5000000000000009 4824.9700000000003 4190.0325000000003 12.500000000000002 3628.0050000000006 3231.0250000000005
decision_type=2 2 2 2 2 2 2 2 2 2 2 2 2 2 2 2 2 2 2 2 2 2 2 2 2 2 2 2 2 2
left_child=1 -1 5 17 15 6 -3 8 -7 -9 -8 12 13 20 -12 16 -5 -4 -18 -20 -6 -16 27 -24 26 -26 -25 -23 29 -29
right_child=-2 2 3 4 11 7 10 9 -10 -11 14 -13 -14 -15 21 -17 18 -19 19 -21 -22 22 23 24 25 -27 -28 28 -30 -31
leaf_value=-0.095210027697572613 -0.14443990111231927 -0.033576746700795121 -0.67577626396412571 0.11336287825863856 -0.064100779802453794 0.031785323576517775 0.45577566078893511 0.0028597268390979621 0.40743338582325539 -0.17865442732013911 -0.35054102678035126 0.007634798840267425 -1.0298367932907302 0.29174782248229675 0.29667950258011572 -0.78684774190187456 1.5149093860967291 -0.22874986711975853 0.079944507384749314 0.80678266880045446 -0.37783595620445848 0.035726815390104506 2.4678221442482688 1.9758575679361821 0.21957039475412829 -1.354301100685483 0.52364577363910425 -0.84837883190503194 -1.1410277523871126 -0.0058830241859390365
leaf_weight=4155 2049 3305 295 1248 1100 2856 632 5854 933 2515 183 17799 167 354 1384 48 36 604 146 147 482 1603 22 20 1191 21 280 63 58 270
leaf_count=4155 2049 3305 295 1248 1100 2856 632 5854 933 2515 183 17799 167 354 1384 48 36 604 146 147 482 1603 22 20 1191 21 280 63 58 270
internal_value=0.0009118 0.00714624 0.016897 -0.0104542 0.00478812 0.0458436 0.103309 0.00315341 0.124285 -0.0516878 0.182305 -0.00931766 -0.152797 -0.0771431 0.148382 0.177547 0.206901 -0.375438 0.561719 0.444604 -0.159689 0.16697 0.116086 0.308669 0.277253 0.1923 0.62046 -0.0320691 -0.310015 -0.165274
internal_weight=49820 47771 43616 22426 21527 21190 9032 12158 3789 8369 5727 19902 2103 1936 5095 1625 1577 899 329 293 1582 4912 3528 1534 1512 1212 300 1994 391 333
internal_count=49820 47771 43616 22426 21527 21190 9032 12158 3789 8369 5727 19902 2103 1936 5095 1625 1577 899 329 293 1582 4912 3528 1534 1512 1212 300 1994 391 333
is_linear=0
shrinkage=0.05


Tree=211
num_leaves=31
num_cat=0
split_feature=4 4 5 8 0 0 4 5 4 4 8 4 4 4 4 4 4 4 4 4 4 4 7 8 8 4 8 7 4 0
split_gain=16297.8 17211.8 28755.8 15626.7 14547.2 12466 45038.4 20829.6 63263.8 32509.2 38373 47441.9 41490.5 51425.3 29035.3 56550.1 62040.5 112826 52670 71799.6 57985.2 54407.7 43255.1 42037.6 31137.5 30843 27620.6 25246.2 26783.5 24974.2
threshold=22.500000000000004 1.5000000000000002 1.0000000180025095e-35 2959.7600000000007 24.860625000000002 26.585625000000007 7.5000000000000009 1.0000000180025095e-35 9.5000000000000018 10.500000000000002 4019.1987500000005 19.500000000000004 18.500000000000004 16.500000000000004 21.500000000000004 20.500000000000004 18.500000000000004 17.500000000000004 15.500000000000002 12.500000000000002 9.5000000000000018 14.500000000000002 4214.0075000000006 3520.5025000000005 3813.4537500000001 8.5000000000000018 3866.1200000000003 2841.1350000000007 11.500000000000002 28.140625000000007
decision_type=2 2 2 2 2 2 2 2 2 2 2 2 2 2 2 2 2 2 2 2 2 2 2 2 2 2 2 2 2 2
left_child=1 2 -1 4 -4 -3 -7 8 -8 -10 -11 12 13 -12 15 16 17 18 19 20 23 26 -20 25 -24 -9 -21 -22 -29 -15
right_child=-2 5 3 -5 -6 6 7 14 9 10 11 -13 -14 29 -16 -17 -18 -19 22 21 27 -23 24 -25 -26 -27 -28 28 -30 -31
leaf_value=-0.31809547383356129 -0.13721790642938006 0.04355142283520979 -0.35120532858246545 0.037926287985902266 0.41479041659286325 -0.35666626530706685 -0.53591179087671625 -0.18678170022482693 0.38277072968191739 -0.1536823936642171 0.70720479221576826 -0.21164056735207179 1.0094517950535096 0.87250465095043195 -0.45179885148682414 0.58858084202055705 -0.30271677862711305 0.59956857023644261 -0.091742452690271564 0.29090240599834455 0.18637625364420735 -0.03075227305628608 -2.2246173751765284 0.55377491016437153 -0.52942777783621264 0.22676875655611928 0.73610811867367698 -0.094385761766162424 -0.37611434235509361 -0.47858676421061414
leaf_weight=1040 2049 21190 488 2556 71 899 668 789 461 3059 250 476 217 40 303 460 1313 896 1928 2384 505 1349 29 533 411 1052 408 2482 1278 236
leaf_count=1040 2049 21190 488 2556 71 899 668 789 461 3059 250 476 217 40 303 460 1313 896 1928 2384 505 1349 29 533 411 1052 408 2482 1278 236
internal_value=0.000866209 0.00678893 -0.0904495 -0.0144457 -0.253914 0.0160522 -0.00993146 0.00454871 -0.0803738 -0.0161621 -0.0591513 0.178068 0.427733 0.187747 0.0330336 0.0423213 0.0259588 0.0566873 0.0196914 0.0665947 -0.0353167 0.229983 -0.193829 0.162743 -0.641156 0.0495328 0.355961 -0.145561 -0.190144 -0.282776
internal_weight=49820 47771 4155 3115 559 43616 22426 21527 5407 4739 4278 1219 743 526 16120 15817 15357 14044 13148 10780 6639 4141 2368 2374 440 1841 2792 4265 3760 276
internal_count=49820 47771 4155 3115 559 43616 22426 21527 5407 4739 4278 1219 743 526 16120 15817 15357 14044 13148 10780 6639 4141 2368 2374 440 1841 2792 4265 3760 276
is_linear=0
shrinkage=0.05


Tree=212
num_leaves=31
num_cat=0
split_feature=6 8 0 6 8 0 7 7 8 7 8 8 6 8 8 4 6 7 4 6 8 4 6 6 7 7 7 6 0 6
split_gain=15075.5 25332.2 20013.4 18565.7 32637.8 22153.8 64538.9 31107.4 28031 20816.1 23388.8 22243.9 31914.8 21176.1 20491.4 19787.8 18985.9 18365.1 18403.1 17646.8 27059.4 17588.3 23997.8 17366.2 17163.9 16766.2 16647.8 16100.1 22869 37767.8
threshold=2631.0750000000003 2953.0587500000006 29.796875000000004 3152.5037500000003 3290.2300000000005 27.079375000000002 3473.5325000000007 3635.4337500000006 3449.7650000000008 3768.9662500000004 4118.4950000000008 3866.1200000000003 3472.4500000000003 3455.7200000000007 3637.5250000000005 4.5000000000000009 3777.0100000000007 3240.8775000000005 12.500000000000002 4444.4925000000012 4584.4562500000011 3.5000000000000004 3254.8962500000002 4824.9700000000003 3143.2600000000007 3743.1775000000002 3855.0087500000004 3888.7662500000001 27.179375000000004 3546.6200000000003
decision_type=2 2 2 2 2 2 2 2 2 2 2 2 2 2 2 2 2 2 2 2 2 2 2 2 2 2 2 2 2 2
left_child=2 21 -1 5 25 7 8 -3 17 11 27 12 13 -6 15 -14 -16 -7 -19 -12 23 22 24 -21 -2 -5 -8 28 -11 -30
right_child=1 3 -4 4 9 6 26 -9 -10 10 19 -13 14 -15 16 -17 -18 18 -20 20 -22 -23 -24 -25 -26 -27 -28 -29 29 -31
leaf_value=0.18089869128640634 -0.29521139825449588 0.11129180373662306 -0.62847027074545625 -0.098253635213794432 0.057895067968670347 0.10929562847874968 -0.76055594451287212 0.71196352446741529 0.69631387936986155 0.0688974008828908 0.10233122959045854 0.23134291985100419 -0.44090555928926467 0.2738854662028824 0.14142487876586585 -0.073666597077036378 -0.10128653239515389 -0.37530450807401727 0.20836015855795462 -0.18944043278596909 0.073393990575628898 -0.048452494574784788 -1.9204670985539753 -0.88379573635380693 0.13335873190753006 -0.54523669194019986 0.14929458829811065 -0.16620356156032912 -0.56438449990021156 -0.0033936903604088911
leaf_weight=1687 1317 5127 80 5573 3302 1538 340 225 162 2575 4262 1650 414 1729 2238 3218 1259 467 190 996 1529 4376 21 99 284 218 59 3509 442 934
leaf_count=1687 1317 5127 80 5573 3302 1538 340 225 162 2575 4262 1650 414 1729 2238 3218 1259 467 190 996 1529 4376 21 99 284 218 59 3509 442 934
internal_value=0.000822899 -0.00445137 0.144255 0.00925873 -0.00697703 0.0772354 -0.037939 0.136544 0.0616125 0.0152571 -0.0269238 0.0590752 0.0357001 0.132124 -0.0323474 -0.115527 0.0540432 0.014769 -0.206513 0.0395261 -0.0624844 -0.10058 -0.241214 -0.252218 -0.219188 -0.11508 -0.626017 -0.0882607 -0.0190374 -0.183596
internal_weight=49820 48053 1767 42055 33947 8108 2756 5352 2357 28156 14346 13810 12160 5031 7129 3632 3497 2195 657 6886 2624 5998 1622 1095 1601 5791 399 7460 3951 1376
internal_count=49820 48053 1767 42055 33947 8108 2756 5352 2357 28156 14346 13810 12160 5031 7129 3632 3497 2195 657 6886 2624 5998 1622 1095 1601 5791 399 7460 3951 1376
is_linear=0
shrinkage=0.05


Tree=213
num_leaves=31
num_cat=0
split_feature=4 4 5 6 6 4 0 0 4 0 4 4 4 4 5 0 1 5 4 4 1 1 4 1 1 6 4 1 1 6
split_gain=15367.3 16038.8 15759.1 12612.7 12409.3 21633 18431 15050.8 20275.2 12608.7 12602.5 14225.1 10399.1 25035.7 41122.3 42338 29385.3 24253.6 28231.8 165566 140343 91001.9 72570.7 114882 50898.7 38441.2 37474.3 34381 42189.4 47548.7
threshold=22.500000000000004 1.0000000180025095e-35 1.0000000180025095e-35 4528.1125000000002 2682.6250000000005 15.500000000000002 25.135625000000008 25.560625000000005 4.5000000000000009 23.160625000000007 4.5000000000000009 13.500000000000002 13.500000000000002 14.500000000000002 1.0000000180025095e-35 28.603125000000006 10.500000000000002 1.0000000180025095e-35 18.500000000000004 17.500000000000004 10.500000000000002 6.5000000000000009 16.500000000000004 9.5000000000000018 2.5000000000000004 3399.0075000000002 19.500000000000004 2.5000000000000004 6.5000000000000009 4190.0325000000003
decision_type=2 2 2 2 2 2 2 2 2 2 2 2 2 2 2 2 2 2 2 2 2 2 2 2 2 2 2 2 2 2
left_child=1 2 -1 -4 5 6 9 8 -8 -3 -9 -12 -6 14 -14 -16 -17 -15 19 21 25 24 -23 -24 -19 -21 27 -20 29 -29
right_child=-2 4 3 -5 12 -7 7 10 -10 -11 11 -13 13 17 15 16 -18 18 26 20 -22 22 23 -25 -26 -27 -28 28 -30 -31
leaf_value=-0.36693160748577558 -0.1333026676849299 -0.66334506762088152 -0.022546694955107804 -0.79339030493389484 -0.014150919822372593 1.294808051066521 -1.7634252860628328 1.2493776732683184 -0.068062118954128698 0.27483594646363596 -0.101335665476728 0.43349611643372343 -0.18965078788875331 0.12062027910488725 0.021155595150700368 0.67217773980599771 -0.24831993255232063 0.032444290037901689 -0.82408291468124717 1.6425544099882246 -0.94928174539413668 -0.060617476380596474 0.070028826083694956 1.3865810232914306 -0.4489004223379352 0.5855854644025803 -0.02365776608299967 0.70624735711618913 -0.45726163232615796 -0.23251075452780198
leaf_weight=522 2049 37 1509 55 25054 39 29 20 45 1116 806 147 495 4097 614 752 98 804 267 92 151 1400 445 264 1733 1324 4563 215 716 362
leaf_count=522 2049 37 1509 55 25054 39 29 20 45 1116 806 147 495 4097 614 752 98 804 267 92 151 1400 445 264 1733 1324 4563 215 716 362
internal_value=0.000781754 0.00653292 -0.12905 -0.0496544 0.0127237 0.127514 0.106821 -0.0450498 -0.732461 0.24473 0.00723015 -0.018838 0.00680796 0.0353586 0.204316 0.337522 0.56605 0.015217 -0.0197893 0.055301 0.499737 -0.0945983 0.148106 0.560254 -0.296358 0.654259 -0.0959833 -0.307535 -0.20087 0.117286
internal_weight=49820 47771 2086 1564 45685 2239 2200 1047 74 1153 973 953 43446 18392 1959 1464 850 16433 12336 6213 1567 4646 2109 709 2537 1416 6123 1560 1293 577
internal_count=49820 47771 2086 1564 45685 2239 2200 1047 74 1153 973 953 43446 18392 1959 1464 850 16433 12336 6213 1567 4646 2109 709 2537 1416 6123 1560 1293 577
is_linear=0
shrinkage=0.05


Tree=214
num_leaves=31
num_cat=0
split_feature=8 6 6 7 7 0 8 7 8 6 0 7 6 8 6 0 8 6 6 8 1 1 0 8 6 8 1 8 7 8
split_gain=13560.7 30495 24949.9 24799.3 20498.8 127079 35820.4 24485 19976.1 23434 32224.7 39272.4 19014.1 17840.7 15634 15311.9 15867.2 23640.2 19631.7 34398.8 16498.4 15201.2 22848.9 14671.3 14638 16027.6 15059.9 14600.8 14316.5 14126.5
threshold=3222.0150000000008 3282.9225000000006 3335.4600000000005 2993.0850000000005 3554.0700000000002 27.213125000000005 3449.7650000000008 3880.0200000000004 3541.7575000000006 3532.4575000000004 29.598125000000007 3776.1800000000007 3856.0350000000003 3726.0050000000006 4190.0325000000003 29.598125000000007 3890.9100000000003 3783.6025000000004 4050.4637500000003 4584.4562500000011 9.5000000000000018 5.5000000000000009 26.366875000000004 3666.3525000000004 2682.6250000000005 2922.5787500000006 4.5000000000000009 3924.6612500000006 4005.0150000000008 4242.8275000000003
decision_type=2 2 2 2 2 2 2 2 2 2 2 2 2 2 2 2 2 2 2 2 2 2 2 2 2 2 2 2 2 2
left_child=1 24 4 -3 6 -6 -2 -7 14 10 -10 -12 -5 -8 -4 16 17 23 19 -18 21 29 -23 -11 26 -26 -1 -13 -22 -20
right_child=2 3 8 12 5 7 13 -9 9 15 11 27 -14 -15 -16 -17 18 -19 20 -21 28 22 -24 -25 25 -27 -28 -29 -30 -31
leaf_value=-0.77598965985977908 0.099641868773775288 0.013170359817481736 -0.077408712062792151 -0.29682584522749439 0.48210060892350698 -0.74306966390725138 0.40150913384402936 -0.007876626662159927 0.33253077131882469 -0.12159333970188967 0.24045702103026137 -1.3330518533190092 -1.4019817509502173 1.2584934216826711 -1.2032854818528698 0.095213300367292128 0.1164992174473931 -0.20170580058454549 -0.16840545162690346 2.0578185050383859 0.10450059855277212 0.096037580465031511 0.85274081381757849 0.089288217593591832 -0.10703821297938039 0.010753980613884426 0.12863544566395177 -0.31742518811639564 -0.35419701094977207 0.026298983607583523
leaf_weight=47 4285 842 5753 1441 540 472 649 149 1189 1392 194 75 40 67 31 3878 2893 2388 1272 23 234 617 119 2024 4380 8477 2178 67 623 3481
leaf_count=47 4285 842 5753 1441 540 472 649 149 1189 1392 194 75 40 67 31 3878 2893 2388 1272 23 234 617 119 2024 4380 8477 2178 67 623 3481
internal_value=0.000742667 -0.034857 0.0198576 -0.203494 0.110402 -0.0788701 0.154342 -0.566671 -0.00139454 0.0217902 0.210348 -0.222017 -0.326675 0.481702 -0.083443 0.00661117 -0.0161951 -0.0810152 0.0244242 0.131811 -0.0249205 0.00693503 0.218385 0.00335522 -0.00888273 -0.0293743 0.109527 -0.853848 -0.228952 -0.0258079
internal_weight=49820 17405 32415 2323 6162 1161 5001 621 26253 20469 1525 336 1481 716 5784 18944 15066 5804 9262 2916 6346 5489 736 3416 15082 12857 2225 142 857 4753
internal_count=49820 17405 32415 2323 6162 1161 5001 621 26253 20469 1525 336 1481 716 5784 18944 15066 5804 9262 2916 6346 5489 736 3416 15082 12857 2225 142 857 4753
is_linear=0
shrinkage=0.05


Tree=215
num_leaves=31
num_cat=0
split_feature=3 8 6 8 6 6 8 8 6 8 5 0 8 7 6 8 7 0 0 0 8 0 7 8 8 6 0 6 8 6
split_gain=20100.9 14842.6 23982.8 24366.7 20257.3 19298.2 29738.7 14953.9 41505.3 23180.7 21070.3 20319.6 21635.7 16046.9 16452.7 18815.1 14819.2 14498 13417.3 12753.2 12689.2 13541.6 11932.1 31333.5 29233.4 20745.4 16075.9 22205.1 15675 14608.1
threshold=1.0000000180025095e-35 4868.6775000000007 4693.3900000000012 4422.5750000000016 4659.5625000000009 4190.0325000000003 4106.0162500000015 3806.5837500000002 3737.6800000000007 3549.0825000000004 1.0000000180025095e-35 26.290625000000009 2665.5050000000006 3138.3787500000003 2906.9475000000007 2953.0587500000006 3635.4337500000006 26.086875000000003 28.731250000000006 32.346250000000005 3305.3462500000005 32.013125000000009 3166.8725000000004 3178.0862500000007 3033.0862500000007 3220.2600000000007 26.035625000000007 3613.1812500000001 2769.5450000000005 3995.8762500000007
decision_type=2 2 2 2 2 2 2 2 2 2 2 2 2 2 2 2 2 2 2 2 2 2 2 2 2 2 2 2 2 2
left_child=1 2 3 5 -3 7 -7 8 10 -10 11 13 -13 -1 -15 -16 -5 -6 -11 -18 -14 -22 23 26 25 -24 -2 -28 -27 -25
right_child=22 4 -4 16 17 6 -8 -9 9 18 -12 12 20 14 15 -17 19 -19 -20 -21 21 -23 24 29 -26 28 27 -29 -30 -31
leaf_value=-0.14094029625494839 -0.047367639782275289 1.3055667477183874 -0.35627642895727329 1.4387492604877639 1.2708000001999049 -0.55532487150236787 -0.084980327774621403 0.048959542639189724 -0.6877791122967557 -0.2948992356322816 0.0074283082340365555 -1.5910914914948602 -0.30622804780945184 0.53570514844627015 -0.81557043974716503 0.066442520460969559 0.13461513715786685 0.023464823820229089 0.027666391965822653 1.0753110675392923 -0.010715713522502415 -0.46408954011133086 -0.11886206174172698 0.38301325889994503 0.032975504633444168 -1.9361750926971437 0.18317723161641708 -0.40389721312442389 -0.5921331485267729 -0.98193633764982224
leaf_weight=1477 2262 45 545 23 26 415 1767 6187 281 1017 17374 28 1250 180 63 1502 1374 224 472 37 1060 195 347 985 8012 25 2167 174 164 20
leaf_count=1477 2262 45 545 23 26 415 1767 6187 281 1017 17374 28 1250 180 63 1502 1374 224 472 37 1060 195 347 985 8012 25 2167 174 164 20
internal_value=-0.00414461 -0.0242128 -0.0271688 -0.0220001 0.328974 -0.0306987 -0.174436 -0.0206095 -0.0378962 -0.271254 -0.020038 -0.102957 -0.208919 -0.0196543 0.0830044 0.0309366 0.179804 0.153188 -0.192649 0.159283 -0.19347 -0.0811603 0.0462412 0.102916 0.00905948 -0.348432 0.0476909 0.139542 -0.769916 0.35585
internal_weight=49698 35542 35247 34702 295 33268 2182 31086 24899 1770 23129 5755 2533 3222 1745 1565 1434 250 1489 1411 2505 1255 14156 5608 8548 536 4603 2341 189 1005
internal_count=49698 35542 35247 34702 295 33268 2182 31086 24899 1770 23129 5755 2533 3222 1745 1565 1434 250 1489 1411 2505 1255 14156 5608 8548 536 4603 2341 189 1005
is_linear=0
shrinkage=0.05


Tree=216
num_leaves=31
num_cat=0
split_feature=3 4 4 4 8 5 0 1 8 0 8 5 4 4 4 4 4 4 4 4 4 4 8 1 4 1 1 0 4 4
split_gain=18141 22915.3 24250 20522.4 25506.2 20261.3 17282.7 16676.8 16053 16012.9 15174.9 26181.5 32166.2 29644.7 27207.1 170077 37904.5 45177.7 59096.8 25758.7 56253.8 50718.7 35392.1 25922.6 25579.8 61736.3 24316.8 23176.9 22022.2 65262.8
threshold=1.0000000180025095e-35 7.5000000000000009 5.5000000000000009 19.500000000000004 4727.9650000000011 1.0000000180025095e-35 27.463750000000005 8.5000000000000018 4052.0700000000002 25.203125000000004 3806.5837500000002 1.0000000180025095e-35 18.500000000000004 17.500000000000004 5.5000000000000009 7.5000000000000009 9.5000000000000018 12.500000000000002 13.500000000000002 6.5000000000000009 7.5000000000000009 3.5000000000000004 2345.2987500000004 7.5000000000000009 5.5000000000000009 2.5000000000000004 6.5000000000000009 25.203125000000004 12.500000000000002 11.500000000000002
decision_type=2 2 2 2 2 2 2 2 2 2 2 2 2 2 2 2 2 2 2 2 2 2 2 2 2 2 2 2 2 2
left_child=3 2 -2 10 6 -4 8 9 -5 -7 11 14 13 19 -1 -16 -17 -18 -19 21 23 -13 -23 -21 26 -26 -24 -14 29 -22
right_child=1 -3 5 4 -6 7 -8 -9 -10 -11 -12 12 27 -15 15 16 17 18 -20 20 28 22 24 -25 25 -27 -28 -29 -30 -31
leaf_value=-0.27439050086478578 0.019766882522122851 0.088985983089336571 0.11263332189745363 -0.18687989336610722 0.20018997217114257 0.052937955160935725 -0.426594707937684 -0.72058052830555264 0.0036907144871584519 -0.44750819281248377 0.061454454512081182 -0.051382742286206741 -0.21982473341318279 0.47068189463123339 0.66600463156025314 -0.51855714568184996 0.15297516791436361 -0.86380698901868136 -0.11364030411230519 -0.2014485485087128 0.012764762403413434 -1.4876555858055751 0.17867657463845857 -0.70351498953906111 0.84783921671399143 -0.14012950356240783 0.51874245950711373 -1.6684622842973722 0.084069941213632177 -0.43396204463363364
leaf_weight=1862 3539 9427 302 2936 598 282 492 237 1772 369 6478 3620 65 344 698 704 1026 334 1227 704 4203 30 1117 405 193 875 993 48 3803 1015
leaf_count=1862 3539 9427 302 2936 598 282 492 237 1772 369 6478 3620 65 344 698 704 1026 334 1227 704 4203 30 1117 405 193 875 993 48 3803 1015
internal_value=-0.00393738 0.0439292 -0.0458891 -0.0230021 -0.109057 -0.241147 -0.14462 -0.361464 -0.115153 -0.230725 -0.00622751 -0.0250723 0.00567159 0.0111632 -0.116579 -0.0429152 -0.193273 -0.104753 -0.27415 0.00184166 -0.0487509 0.0769006 0.221659 -0.3848 0.237795 0.0384079 0.338717 -0.835175 -0.00743855 -0.0741321
internal_weight=49698 14156 4729 35542 5798 1190 5200 888 4708 651 29744 23266 17415 17302 5851 3989 3291 2587 1561 16958 10130 6828 3208 1109 3178 1068 2110 113 9021 5218
internal_count=49698 14156 4729 35542 5798 1190 5200 888 4708 651 29744 23266 17415 17302 5851 3989 3291 2587 1561 16958 10130 6828 3208 1109 3178 1068 2110 113 9021 5218
is_linear=0
shrinkage=0.05


Tree=217
num_leaves=31
num_cat=0
split_feature=3 4 4 4 5 6 8 4 4 4 0 8 6 8 8 4 8 4 4 5 5 6 4 5 4 4 4 8 4 0
split_gain=16372.3 20681.1 21885.6 19136.4 18285.8 15989.8 19961.6 17852.5 16044.3 13578.5 18637.3 80813 23758.7 30551.8 20920.9 18284 25634.6 15733.6 22081.5 92664.4 15144 16923.7 13969.8 28080.4 49887.4 44904.4 25676.3 15557.1 23768.7 14633.1
threshold=1.0000000180025095e-35 7.5000000000000009 5.5000000000000009 21.500000000000004 1.0000000180025095e-35 3546.6200000000003 2841.0100000000007 9.5000000000000018 20.500000000000004 1.0000000180025095e-35 25.315625000000008 2345.2987500000004 3016.0012500000007 3048.7387500000004 3033.0862500000007 3.5000000000000004 3134.3575000000005 8.5000000000000018 9.5000000000000018 1.0000000180025095e-35 1.0000000180025095e-35 4528.1125000000002 4.5000000000000009 1.0000000180025095e-35 5.5000000000000009 5.5000000000000009 7.5000000000000009 3354.7250000000004 6.5000000000000009 24.290625000000006
decision_type=2 2 2 2 2 2 2 2 2 2 2 2 2 2 2 2 2 2 2 2 2 2 2 2 2 2 2 2 2 2
left_child=3 2 -2 9 -4 6 7 -3 -7 20 12 -12 15 -14 -13 16 -11 -16 19 -19 -1 -22 -15 25 -25 -24 -27 -26 29 -29
right_child=1 5 4 -5 -6 8 -8 -9 -10 10 11 14 13 22 17 -17 -18 18 -20 -21 21 -23 23 24 27 26 -28 28 -30 -31
leaf_value=-0.43849262104476577 0.018778538499949867 -0.31921812564053365 0.10700165695782185 -0.14615820289431355 -0.34339034342603458 -0.02449774533893535 0.23907814402852884 0.10133095113821011 0.17682949830867631 -0.00011888771435777579 -2.4299973749262946 -0.18334626004812929 -0.31610166766491332 -0.070575195869880952 -0.10099768812813979 0.27055826935005767 0.88999979941283947 -0.56941468730701927 -0.0048522986949894494 0.47577382245653016 -0.030589668626933166 -1.1329881567094062 -0.47599898229594589 0.48388519381484757 -0.31175388746864752 0.85584368814813083 0.23398235327030503 1.3732248334622965 -0.082648084530084973 0.28783957532141358
leaf_weight=366 3539 321 302 2848 888 3918 2684 1180 1324 1671 35 1915 703 1939 3857 1774 85 280 14901 874 1057 36 135 457 587 311 356 41 1186 128
leaf_count=366 3539 321 302 2848 888 3918 2684 1180 1324 1671 35 1915 703 1939 3857 1774 85 280 14901 874 1057 36 135 457 587 311 356 41 1186 128
internal_value=-0.00374051 0.0417327 -0.0435946 -0.021852 -0.229089 0.0845367 0.157416 0.0113934 0.0263526 -0.0110236 -0.00405944 -0.0293486 0.0549262 -0.00694822 -0.0254992 0.157343 0.0429677 -0.0103185 0.011466 0.222175 -0.160116 -0.0668992 0.0353348 0.0994896 0.0138646 0.355618 0.523936 -0.0967428 -0.00359774 0.551158
internal_weight=49698 14156 4729 35542 1190 9427 4185 1501 5242 32694 31235 21862 9373 5843 21827 3530 1756 19912 16055 1154 1459 1093 5140 3201 2399 802 667 1942 1355 169
internal_count=49698 14156 4729 35542 1190 9427 4185 1501 5242 32694 31235 21862 9373 5843 21827 3530 1756 19912 16055 1154 1459 1093 5140 3201 2399 802 667 1942 1355 169
is_linear=0
shrinkage=0.05


Tree=218
num_leaves=31
num_cat=0
split_feature=6 4 5 6 4 5 4 5 0 1 4 0 4 7 6 4 5 1 4 5 4 5 4 4 0 4 1 4 5 4
split_gain=11493 13548.3 33847.5 22307.1 17920 69488.3 14836.4 57168.5 67207.1 34063.7 27123.2 26786.8 22401.2 16975.5 19493.2 16099 65399.8 29823.5 15228.3 33541.2 23532.6 32873.6 88870.7 39964.9 29790.1 23829.1 61782.1 69565.1 81379.9 56907.8
threshold=2922.1737500000004 4.5000000000000009 1.0000000180025095e-35 4528.1125000000002 5.5000000000000009 1.0000000180025095e-35 8.5000000000000018 1.0000000180025095e-35 26.239375000000006 7.5000000000000009 7.5000000000000009 23.868125000000003 7.5000000000000009 2998.6000000000004 3613.1812500000001 9.5000000000000018 1.0000000180025095e-35 2.5000000000000004 12.500000000000002 1.0000000180025095e-35 15.500000000000002 1.0000000180025095e-35 13.500000000000002 14.500000000000002 28.690625000000008 17.500000000000004 8.5000000000000018 16.500000000000004 1.0000000180025095e-35 18.500000000000004
decision_type=2 2 2 2 2 2 2 2 2 2 2 2 2 2 2 2 2 2 2 2 2 2 2 2 2 2 2 2 2 2
left_child=-1 2 -2 -4 5 -3 7 8 12 11 -11 -9 -6 14 -8 16 -15 -18 19 -17 21 22 -20 24 -23 26 -22 -28 -29 -27
right_child=1 4 3 -5 6 -7 13 9 -10 10 -12 -13 -14 15 -16 18 17 -19 20 -21 25 23 -24 -25 -26 29 27 28 -30 -31
leaf_value=0.058636120082768729 -0.25600147950189833 -0.44349229240866556 0.0013410233471494407 -0.77145614053857958 0.55586921313145199 0.3411773374800931 0.16858280340432363 0.80454779702074386 -0.31221807568965632 -0.51352745063327865 -0.050265642843492657 -0.097484843703324331 -0.096970311069638479 -0.43813179901668003 -0.3684750138648919 0.13974681952812731 -0.19426799339331649 0.4876436814918787 -0.80603660474986116 -0.18337176697058899 -0.2577525693399576 0.049381126037736735 0.15933793564498655 -0.041565221955790418 0.43641078849850318 0.24815253462906972 -0.23265519927289746 -0.48867431511030052 0.94088181776667223 -0.040753916640902846
leaf_weight=6463 1905 365 5474 95 757 1243 2358 85 435 1009 460 2594 159 343 182 1078 198 843 342 3150 2774 750 787 1317 1475 2056 494 132 405 9970
leaf_count=6463 1905 365 5474 95 757 1243 2358 85 435 1009 460 2594 159 343 182 1078 198 843 342 3150 2774 750 787 1317 1475 2056 494 132 405 9970
internal_value=-0.00355349 -0.0128499 -0.0740742 -0.0118419 -5.41392e-05 0.163065 -0.00773416 -0.0829607 0.199526 -0.174966 -0.368462 -0.0688649 0.442549 0.00670258 0.130101 -0.00529984 0.16065 0.357943 -0.0145871 -0.100987 0.00323065 0.101849 -0.133096 0.176736 0.305951 -0.025867 -0.134924 0.195558 0.589483 0.00863837
internal_weight=49698 43235 7474 5569 35761 1608 34153 5499 1351 4148 1469 2679 916 28654 2540 26114 1384 1041 24730 4228 20502 4671 1129 3542 2225 15831 3805 1031 537 12026
internal_count=49698 43235 7474 5569 35761 1608 34153 5499 1351 4148 1469 2679 916 28654 2540 26114 1384 1041 24730 4228 20502 4671 1129 3542 2225 15831 3805 1031 537 12026
is_linear=0
shrinkage=0.05


Tree=219
num_leaves=31
num_cat=0
split_feature=3 4 4 7 6 4 6 0 5 4 4 5 4 5 6 4 0 0 7 6 0 0 6 5 4 0 6 4 7 4
split_gain=14547.8 18100.5 19387.3 18780.4 17778.1 16869.9 15431.6 13415.4 16741.4 13404 17931.2 21525.7 44394.5 21314.6 27594.3 20844 17325.1 13806.9 13634.1 12843.2 12554.7 12177.4 24915.1 12104.3 11702.6 16490.1 20826.3 17359.7 16880.3 16305.4
threshold=1.0000000180025095e-35 7.5000000000000009 5.5000000000000009 3166.8725000000004 3021.6687500000003 21.500000000000004 3613.1812500000001 27.046875000000004 1.0000000180025095e-35 17.500000000000004 18.500000000000004 1.0000000180025095e-35 19.500000000000004 1.0000000180025095e-35 3586.7187500000005 19.500000000000004 27.81375000000001 26.978125000000009 4532.5725000000011 4528.1125000000002 31.913125000000004 28.603125000000006 4202.9075000000012 1.0000000180025095e-35 1.0000000180025095e-35 25.315625000000008 3016.0012500000007 4.5000000000000009 3315.0300000000002 3.5000000000000004
decision_type=2 2 2 2 2 2 2 2 2 2 2 2 2 2 2 2 2 2 2 2 2 2 2 2 2 2 2 2 2 2
left_child=5 2 -2 6 -4 24 -3 -7 -9 18 13 15 -13 -11 -15 -12 -17 -16 19 21 -21 22 -5 -6 -1 26 28 -28 29 -26
right_child=1 3 4 9 23 7 -8 8 -10 10 11 12 -14 14 17 16 -18 -19 -20 20 -22 -23 -24 -25 25 -27 27 -29 -30 -31
leaf_value=-0.14869238244502239 0.018367566504198862 0.21821707891830325 0.27190743875172407 -0.11907732467462998 0.0047580058318237931 -0.099717786871427433 -0.12992241676367591 0.1435364573843339 -0.68373790964945602 -0.20523682588667383 0.80335229536871511 -0.46706336581026736 0.088992050455839258 1.8192776686266852 0.11818128423594794 0.24866412378298608 -0.61019703533948721 0.72501432051714731 -1.2355000105996927 -1.8144250440597536 -0.042792527377605444 0.052340197756540523 -1.5578246651157257 -0.39095635870060363 0.011558891059385975 -0.027603994103716424 -0.11189816206546073 0.064050643824220363 0.6111632446648293 0.23237634700122572
leaf_weight=1459 3539 2808 162 1026 258 2545 359 85 218 127 153 460 1634 38 198 475 67 178 24 20 20 1809 31 770 1675 21862 2335 3508 186 1669
leaf_count=1459 3539 2808 162 1026 258 2545 359 85 218 127 153 460 1634 38 198 475 67 178 24 20 20 1809 31 770 1675 21862 2335 3508 186 1669
internal_value=-0.00337581 0.0394889 -0.0403377 0.0795334 -0.214924 -0.0204484 0.178753 -0.137162 -0.451664 0.0293371 0.0979666 0.0468659 -0.0331596 0.361405 0.535229 0.287979 0.142495 0.405459 -0.0486617 -0.0388599 -0.928609 -0.0264419 -0.161273 -0.291643 -0.0102814 -0.00381615 0.0516677 -0.00626263 0.147556 0.12177
internal_weight=49698 14156 4729 9427 1190 35542 3167 2848 303 6260 3330 2789 2094 541 414 695 542 376 2930 2906 40 2866 1057 1028 32694 31235 9373 5843 3530 3344
internal_count=49698 14156 4729 9427 1190 35542 3167 2848 303 6260 3330 2789 2094 541 414 695 542 376 2930 2906 40 2866 1057 1028 32694 31235 9373 5843 3530 3344
is_linear=0
shrinkage=0.05


Tree=220
num_leaves=31
num_cat=0
split_feature=8 7 3 6 8 8 8 6 8 6 6 8 7 8 6 5 6 7 7 8 6 8 8 7 6 7 5 7 8 0
split_gain=16618.5 23948.1 27616 46680.1 23008.5 22342.6 18772.3 28688.8 31281.6 22608 19875.5 18708.5 18577.5 18295.6 17879.7 17183.6 17122.4 30140.6 29123.5 20821.8 28250.1 18004.4 15844.2 15558.8 25571.5 18830.4 14921.5 14345 14323.7 14018.8
threshold=3027.5687500000008 3206.2312500000003 1.0000000180025095e-35 3245.2362500000004 3360.2575000000006 3310.4687500000005 4311.0400000000009 4104.505000000001 3468.5150000000008 4777.1325000000006 4498.7337500000003 3276.0187500000006 2504.9887500000004 4008.6487500000007 3995.8762500000007 1.0000000180025095e-35 3888.7662500000001 3698.6987500000005 4200.6162500000009 3541.7575000000006 3447.0925000000002 3322.0087500000004 3813.4537500000001 4048.6962500000004 4444.4925000000012 3677.9462500000004 37.500000000000007 2958.8325000000004 3630.0150000000008 29.005625000000006
decision_type=2 2 2 2 2 2 2 2 2 2 2 2 2 2 2 2 2 2 2 2 2 2 2 2 2 2 2 2 2 2
left_child=15 2 3 4 -2 -5 7 13 -9 23 -8 12 -4 16 22 -1 19 28 -19 20 21 29 -13 24 25 -10 -17 -7 -18 -3
right_child=1 6 11 5 -6 27 10 8 9 -11 -12 14 -14 -15 -16 26 17 18 -20 -21 -22 -23 -24 -25 -26 -27 -28 -29 -30 -31
leaf_value=-0.17424797560556732 0.091039164797895422 -0.015388169391344995 1.6580787923932077 -0.40258672529799527 0.58607327890503835 0.35851098533301434 0.20235240924786485 -2.1248593211174014 -0.35930449583606489 -1.4860781818628312 -0.015576541749402996 0.45056633605896668 0.12546155125622652 0.1385751500183337 -0.84050881088926244 0.030853159044410508 -0.16449266856641703 -0.31768509268600614 0.25287511337118657 0.05874560973398199 -0.17546138181472401 0.10003532639921842 1.7854266259981237 -0.2145776395290544 -1.2121530209268843 0.13053393579837544 -0.12218622096695103 -0.12700686676210302 0.34453657947912331 -0.24398096798766744
leaf_weight=2386 4094 3586 20 713 249 187 2101 20 240 31 2084 664 1738 2160 26 4844 212 1600 260 8763 2995 3038 23 2115 42 1075 2373 816 397 825
leaf_count=2386 4094 3586 20 713 249 187 2101 20 240 31 2084 664 1738 2160 26 4844 212 1600 260 8763 2995 3038 23 2115 42 1075 2373 816 397 825
internal_value=0.00115194 0.0153086 0.0896375 0.0321846 0.119421 -0.188602 -0.00479114 -0.0198769 -0.153056 -0.141798 0.0938306 0.230515 0.142897 -0.000192806 0.446546 -0.0579247 -0.0140209 -0.137967 -0.237929 0.00191191 -0.0457742 0.00636878 0.495256 -0.129796 0.00234375 0.0411338 -0.0194673 -0.0364866 0.167338 -0.0581424
internal_weight=49677 40074 8530 6059 4343 1716 31544 27359 3523 3503 4185 2471 1758 23836 713 9603 21676 2469 1860 19207 10444 7449 687 3472 1357 1315 7217 1003 609 4411
internal_count=49677 40074 8530 6059 4343 1716 31544 27359 3523 3503 4185 2471 1758 23836 713 9603 21676 2469 1860 19207 10444 7449 687 3472 1357 1315 7217 1003 609 4411
is_linear=0
shrinkage=0.05


Tree=221
num_leaves=31
num_cat=0
split_feature=8 7 3 8 8 7 4 5 4 7 8 7 0 7 4 4 8 0 4 0 8 4 4 4 5 0 5 8 4 5
split_gain=14998.2 21613.1 24923.5 16942 16884.4 17880.2 18655.1 15508.2 20678.8 14949.5 23768.3 18726.2 14351.4 14297.5 13947.3 25161.9 15702.9 34511.1 14460.2 23270.2 17936.2 13336.2 12221.5 22019.2 36423.4 35480.4 27391.8 14752.3 14243.3 26078.4
threshold=3027.5687500000008 3206.2312500000003 1.0000000180025095e-35 4311.0400000000009 3276.0187500000006 2758.5300000000002 7.5000000000000009 1.0000000180025095e-35 18.500000000000004 3912.2850000000003 3651.0112500000005 3412.7812500000005 26.164375000000003 4214.0075000000006 3.5000000000000004 5.5000000000000009 2472.5250000000005 24.616875000000004 12.500000000000002 24.720625000000002 2472.5250000000005 4.5000000000000009 20.500000000000004 21.500000000000004 1.0000000180025095e-35 26.444375000000004 1.0000000180025095e-35 4928.8850000000011 19.500000000000004 1.0000000180025095e-35
decision_type=2 2 2 2 2 2 2 2 2 2 2 2 2 2 2 2 2 2 2 2 2 2 2 2 2 2 2 2 2 2
left_child=7 2 -2 9 5 6 -4 8 -1 10 -3 12 -12 -5 -9 16 17 -16 -17 -20 -21 -18 27 24 -24 -25 -27 28 29 -15
right_child=1 3 4 13 -6 -7 -8 14 -10 -11 11 -13 -14 22 15 18 21 -19 19 20 -22 -23 23 25 -26 26 -28 -29 -30 -31
leaf_value=-0.15166508126082431 0.030575324620586278 -0.038873239296769641 0.19243013389953756 0.25560345921427408 0.42421914594127763 0.088847341693417445 1.3641171483130292 -0.12695892003755857 -1.7276175779955729 -0.08212778914851529 0.13708138735090838 0.051188450465336814 0.66203014200511912 0.40671336842466616 0.10229864462216696 -0.1124834617093769 0.11148809444183615 -2.1498310988599605 -0.64230741646368905 1.0331838939871107 0.11550914999630753 0.43255196331091716 -0.3186443418171257 0.43382465550042437 0.69229345104544071 0.33019876678256277 -0.49355527562777923 0.97648369686944148 -0.29405321820367197 -0.098218345636050336
leaf_weight=2365 6059 12797 82 986 713 1618 58 2101 21 6965 309 7063 225 334 75 2465 746 22 98 56 1083 571 120 294 346 141 355 35 483 1091
leaf_count=2365 6059 12797 82 986 713 1618 58 2101 21 6965 309 7063 225 334 75 2465 746 22 98 56 1083 571 120 294 346 141 355 35 483 1091
internal_value=0.00109435 0.0145431 0.0851556 -0.00455158 0.218989 0.135753 0.677843 -0.0550285 -0.165536 -0.0188831 0.00271639 0.0727733 0.358268 0.089139 -0.0184939 0.0260497 0.205469 -0.408494 -0.0424806 0.0970158 0.160627 0.250689 0.0378311 0.159384 0.431966 -0.00140462 -0.259383 -0.0407436 -0.0594034 0.0201306
internal_weight=49677 40074 8530 31544 2471 1758 140 9603 2386 27359 20394 7597 534 4185 7217 5116 1414 97 3702 1237 1139 1317 3199 1256 466 790 496 1943 1908 1425
internal_count=49677 40074 8530 31544 2471 1758 140 9603 2386 27359 20394 7597 534 4185 7217 5116 1414 97 3702 1237 1139 1317 3199 1256 466 790 496 1943 1908 1425
is_linear=0
shrinkage=0.05


Tree=222
num_leaves=31
num_cat=0
split_feature=8 6 8 6 8 8 7 8 4 4 1 4 1 4 4 6 6 4 7 8 4 4 1 1 4 4 1 6 6 8
split_gain=14207.1 14255.4 13296.8 14624.8 43762.5 27111.4 32788 35304.1 28033.7 49342.6 24430.6 21628.5 20907.2 21029.1 50205.1 19507.4 17738.2 15740.3 15125.8 17481.5 15857.2 16987.6 13481.8 13434.5 13976 13935.8 16465.4 18999.8 13152.1 14283.4
threshold=2698.0050000000006 2425.5450000000005 4928.8850000000011 3586.7187500000005 3651.0112500000005 3461.8412500000004 3587.0875000000005 4084.1937500000004 7.5000000000000009 16.500000000000004 4.5000000000000009 4.5000000000000009 10.500000000000002 17.500000000000004 16.500000000000004 3441.0375000000004 4164.0150000000012 20.500000000000004 3921.8200000000002 4094.7875000000008 7.5000000000000009 9.5000000000000018 4.5000000000000009 5.5000000000000009 15.500000000000002 17.500000000000004 2.5000000000000004 3818.4400000000001 4623.0900000000011 4422.5750000000016
decision_type=2 2 2 2 2 2 2 2 2 2 2 2 2 2 2 2 2 2 2 2 2 2 2 2 2 2 2 2 2 2
left_child=-1 -2 3 5 11 10 7 15 -8 -10 -3 -5 18 14 -14 -7 17 -13 20 23 22 -22 -6 24 -20 26 -26 -28 29 -21
right_child=1 2 -4 4 12 6 8 -9 9 -11 -12 16 13 -15 -16 -17 -18 -19 19 28 21 -23 -24 -25 25 -27 27 -29 -30 -31
leaf_value=-0.11429261309465932 0.54481518981236277 -0.10434624168119695 0.41680160941822192 -0.59060079025496781 0.020008878482830977 0.37450551866615328 0.36944371523772496 2.33982938952744 -0.32889559379899275 0.18247650645723562 0.02958713351500308 -0.09182430027870124 -0.36671752632525617 -0.31255505627200608 0.97088339545969249 0.10897201497228358 -0.80865470941620643 -0.46432827823691902 -0.054005494441365404 0.0092120801977812108 0.47674641216330393 0.10534544184631478 -0.33563353229396353 0.020469951496403873 -0.14701120464800341 -0.2183426912653039 -2.3200078552419487 -0.74309775079375717 -0.11402812838291387 0.20123991095187829
leaf_weight=2534 123 4214 196 304 1672 1285 405 20 1005 889 17732 2844 173 911 118 1498 99 315 774 3241 333 4082 317 987 103 666 22 145 1289 1381
leaf_count=2534 123 4214 196 304 1672 1285 405 20 1005 889 17732 2844 173 911 118 1498 99 315 774 3241 333 4082 317 987 103 666 22 145 1289 1381
internal_value=0.00103963 0.00723889 0.00583264 0.00411237 -0.0285674 0.028006 0.131827 0.24662 -0.00813125 -0.0888693 0.00386968 -0.187257 0.00629471 -0.194356 0.175677 0.231577 -0.149622 -0.128969 0.0223606 -0.0209291 0.080549 0.133358 -0.0366722 -0.126416 -0.211198 -0.341183 -0.644191 -0.950834 0.0272012 0.0665878
internal_weight=49677 47143 47020 46824 19776 27048 5102 2803 2299 1894 21946 3562 16214 1202 291 2783 3258 3159 15012 8608 6404 4415 1989 2697 1710 936 270 167 5911 4622
internal_count=49677 47143 47020 46824 19776 27048 5102 2803 2299 1894 21946 3562 16214 1202 291 2783 3258 3159 15012 8608 6404 4415 1989 2697 1710 936 270 167 5911 4622
is_linear=0
shrinkage=0.05


Tree=223
num_leaves=31
num_cat=0
split_feature=8 7 6 6 3 4 8 6 8 7 6 4 6 6 7 7 8 6 6 8 6 4 4 6 4 4 5 5 4 6
split_gain=13285.9 20425.6 24788.6 22389.9 31673.3 26476.5 22703 23733.7 15205.2 13759.3 13407.4 15209.3 19149.2 13926.4 19967.3 13094.7 13005.7 12441.3 10993.7 18878.5 20009.4 20497.9 13639.3 16771.5 13005.7 42909 73456 42430.2 47618.2 39893.2
threshold=2870.3750000000005 2952.5025000000005 2698.0050000000006 3613.1812500000001 1.0000000180025095e-35 7.5000000000000009 3316.0412500000007 3027.0387500000002 3005.9525000000008 2667.6737500000004 2631.0750000000003 3.5000000000000004 3016.0012500000007 3479.2237500000006 2945.1800000000003 3148.3325000000004 4868.6775000000007 4734.1262500000012 4693.3900000000012 4422.5750000000016 4444.4925000000012 17.500000000000004 1.5000000000000002 4963.005000000001 18.500000000000004 17.500000000000004 1.0000000180025095e-35 1.0000000180025095e-35 19.500000000000004 3546.6200000000003
decision_type=2 2 2 2 2 2 2 2 2 2 2 2 2 2 2 2 2 2 2 2 2 2 2 2 2 2 2 2 2 2
left_child=10 2 -2 4 6 -6 7 -4 -7 -10 -1 12 15 -13 -15 -12 18 -18 19 20 24 -22 -20 -24 25 -3 -27 28 -26 -28
right_child=1 16 3 -5 5 8 -8 -9 9 -11 11 13 -14 14 -16 -17 17 -19 22 -21 21 -23 23 -25 27 26 29 -29 -30 -31
leaf_value=0.076391067398189474 0.66129085321850445 -0.0033971975204258134 0.11651396311726421 -0.51147990686869294 0.12381204776778998 0.32023097838211556 0.4838622058047955 -0.22726904885134741 1.684635146551354 0.70448251215862889 -0.3067883131910733 -0.073562133430058296 -1.0898142520930647 0.0091098263434001379 1.9895498746633529 0.1648803398970452 0.89893918598907596 0.15591429420671021 -1.166063716306406 0.16072226247053056 -0.89351986799420446 -0.14246929075937562 -0.23270541527585703 0.46132649893313649 0.64822561856020577 -0.28938723970556035 1.1575661547930844 -0.13202280542800396 0.017533262765335941 0.33090907897467153
leaf_weight=1162 201 27904 1050 148 699 249 223 962 43 214 827 3022 68 35 20 179 69 307 34 1758 119 384 672 100 374 477 166 5505 1498 1208
leaf_count=1162 201 27904 1050 148 699 249 223 962 43 214 827 3022 68 35 20 179 69 307 34 1758 119 384 672 100 374 477 166 5505 1498 1208
internal_value=0.000987647 0.00993597 0.120958 0.0906883 0.116596 0.323221 0.00519378 -0.0478594 0.598688 0.868477 -0.0737316 -0.115756 -0.277754 -0.0592119 0.72927 -0.222863 -0.000431539 0.292267 -0.00316929 0.000570898 -0.00691007 -0.320153 -0.18597 -0.142805 -0.00266679 0.0120673 0.245195 -0.0620963 0.143537 0.430782
internal_weight=49677 44364 3789 3588 3440 1205 2235 2012 506 257 5313 4151 1074 3077 55 1006 40575 376 40199 39393 37635 503 806 772 37132 29755 1851 7377 1872 1374
internal_count=49677 44364 3789 3588 3440 1205 2235 2012 506 257 5313 4151 1074 3077 55 1006 40575 376 40199 39393 37635 503 806 772 37132 29755 1851 7377 1872 1374
is_linear=0
shrinkage=0.05


Tree=224
num_leaves=31
num_cat=0
split_feature=8 7 3 6 8 8 8 6 7 8 6 8 7 6 8 8 8 8 6 8 7 6 7 7 8 1 6 7 8 4
split_gain=12781.9 18772.9 21876.4 42357.2 19960.4 19216.3 15601.8 15652.7 15381.4 13924.2 28307.4 25557.3 20487.8 14650 15501.7 15035.7 13761.5 12765.4 15092.3 20829.6 18611.1 19246.7 31634.3 20494 19711.4 17826 18263.6 15174.4 34132.1 26110.3
threshold=3027.5687500000008 3206.2312500000003 1.0000000180025095e-35 3245.2362500000004 3360.2575000000006 3310.4687500000005 3276.0187500000006 3995.8762500000007 2504.9887500000004 4153.2687500000011 4104.505000000001 3468.5150000000008 4048.6962500000004 4116.0350000000008 4584.4562500000011 4814.6737500000008 3813.4537500000001 3251.6712500000003 3417.7750000000005 3541.7575000000006 3698.6987500000005 3888.7662500000001 4200.6162500000009 4226.5175000000008 3970.0150000000008 3.5000000000000004 3756.0012500000007 3560.5350000000003 3475.5112500000005 16.500000000000004
decision_type=2 2 2 2 2 2 2 2 2 2 2 2 2 2 2 2 2 2 2 2 2 2 2 2 2 2 2 2 2 2
left_child=-1 2 3 4 -2 -5 8 16 -4 10 17 -12 -11 14 -14 -15 -8 -3 27 -20 -21 23 24 -22 -23 26 -25 28 -19 -29
right_child=1 9 6 5 -6 -7 7 -9 -10 12 11 -13 13 15 -16 -17 -18 18 19 20 21 22 -24 25 -26 -27 -28 29 -30 -31
leaf_value=-0.050872291252907743 0.084691800283970373 -0.095343608062653129 1.5032331970334054 -0.38073681790256275 0.54577191956116855 -0.041214729934199112 0.40575579304447268 -0.80240509578814878 0.10867101840272447 0.25175052997877717 -1.983491690158844 -0.18678166628749304 0.1833323442230681 -0.046475463042420936 1.3639461391958698 0.23126305688159132 1.6497936570126079 0.065143194219714026 -0.12609949123144409 0.092455221097816453 0.070501242834905525 -0.33924558642317654 0.28115651904531802 -1.7687914475014335 -0.043534020593128199 -0.1692212502541009 0.068539209025246767 -0.17700875616847703 0.45885098305246808 0.25463083852229157
leaf_weight=9603 4094 3408 20 713 249 1003 664 26 1738 1156 20 1907 674 4047 29 554 23 2855 3346 4660 3513 1303 380 38 993 321 21 1129 682 508
leaf_count=9603 4094 3408 20 713 249 1003 664 26 1738 1156 20 1907 674 4047 29 554 23 2855 3346 4660 3513 1303 380 38 993 321 21 1129 682 508
internal_value=0.000938264 0.0133537 0.0791631 0.028028 0.111127 -0.182287 0.204549 0.40183 0.124536 -0.00444219 -0.0213005 -0.205429 0.0610182 0.0194483 0.232035 -0.0130334 0.447405 -0.0059783 0.00944309 -0.0165995 0.0160291 -0.038187 -0.141415 0.0327706 -0.211353 -0.316039 -1.11483 0.0828044 0.141057 -0.0430607
internal_weight=49677 40074 8530 6059 4343 1716 2471 713 1758 31544 25084 1927 6460 5304 703 4601 687 23157 19749 14575 11229 6569 2676 3893 2296 380 59 5174 3537 1637
internal_count=49677 40074 8530 6059 4343 1716 2471 713 1758 31544 25084 1927 6460 5304 703 4601 687 23157 19749 14575 11229 6569 2676 3893 2296 380 59 5174 3537 1637
is_linear=0
shrinkage=0.05


Tree=225
num_leaves=31
num_cat=0
split_feature=6 8 7 4 7 7 8 4 4 3 4 8 7 4 5 7 6 8 6 8 8 7 4 4 6 4 7 6 4 5
split_gain=13339.1 28220.5 24307.1 23706.8 16136.5 15008.2 13654.2 13437.5 18230.1 26533.7 14320 20128.6 16573.4 14604.9 15694.4 13504.7 13282.6 12075.7 11892.1 30447.6 21989.1 42350.7 23285.3 26800 18386.7 17333.6 15554.6 16972 14912 12586.3
threshold=2929.6225000000004 2967.1825000000003 3717.3462500000001 10.500000000000002 2929.5550000000007 3817.8212500000004 2425.5450000000005 21.500000000000004 14.500000000000002 1.0000000180025095e-35 7.5000000000000009 2860.8662500000005 3245.7562500000004 4.5000000000000009 1.0000000180025095e-35 2929.5550000000007 2698.0050000000006 3247.0225000000005 3560.0950000000007 3706.5262500000003 3562.1300000000006 3587.0875000000005 16.500000000000004 7.5000000000000009 4104.505000000001 4.5000000000000009 3723.3675000000007 4472.0900000000011 18.500000000000004 1.0000000180025095e-35
decision_type=2 2 2 2 2 2 2 2 2 2 2 2 2 2 2 2 2 2 2 2 2 2 2 2 2 2 2 2 2 2
left_child=5 2 3 -2 -5 7 -6 8 10 -10 11 13 16 15 -15 -1 -13 -18 20 24 -3 -22 23 -23 25 -20 27 -21 -27 -30
right_child=1 18 -4 4 6 -7 -8 -9 9 -11 -12 12 -14 14 -16 -17 17 -19 19 26 21 22 -24 -25 -26 28 -28 -29 29 -31
leaf_value=-0.13627045351741129 -0.25148807045131877 0.0060089801259872004 -1.0728743652360782 0.15062878159702309 -1.3505109970768294 0.87044418218888731 -0.13408903939759029 -0.56898998046622562 0.22803589406271355 1.437846385659995 -0.055261677536486024 0.75077551029401257 0.79585543666321501 -0.1327249296099822 0.41101063218085576 0.14105687069813261 0.12587338565769082 1.196373243795501 -0.38778397543454901 0.12019328839245097 0.40909758318603884 0.32358186803235911 0.2353874932894264 -0.31654777793807731 -0.59929941590196401 -0.038060873090395249 -0.017191172864401801 -1.1880148735046387 0.035781052071759682 -0.39691845826962491
leaf_weight=1331 1853 16518 70 897 24 57 595 85 282 54 2283 101 130 196 411 655 1084 27 517 2986 1041 214 603 693 203 3612 12572 25 235 590
leaf_count=1331 1853 16518 70 897 24 57 595 85 282 54 2283 101 130 196 411 655 1084 27 517 2986 1041 214 603 693 203 3612 12572 25 235 590
internal_value=-0.00309472 -0.0132623 -0.15068 -0.131519 0.0151179 0.0625753 -0.181252 0.0556393 0.0637402 0.42247 0.0443557 0.102151 0.259343 0.0207974 0.235439 -0.0448055 0.201796 0.151889 -0.00139108 -0.0275951 0.0271092 0.163735 -0.00541883 -0.165514 -0.132905 -0.113794 0.00725594 0.109331 -0.0818682 -0.273665
internal_weight=49944 43248 3439 3369 1516 6696 619 6639 6554 336 6218 3935 1342 2593 607 1986 1212 1111 39809 20740 19069 2551 1510 907 5157 4954 15583 3011 4437 825
internal_count=49944 43248 3439 3369 1516 6696 619 6639 6554 336 6218 3935 1342 2593 607 1986 1212 1111 39809 20740 19069 2551 1510 907 5157 4954 15583 3011 4437 825
is_linear=0
shrinkage=0.05


Tree=226
num_leaves=31
num_cat=0
split_feature=4 8 0 1 1 7 4 4 3 4 0 0 8 1 7 7 8 8 7 1 7 8 8 0 4 1 1 1 7 7
split_gain=10867 14822.8 15162.8 26432.4 19095.8 20736.6 11391 22058.8 19774.8 15872.7 58794.8 24954.3 20838.3 20699.9 19668.6 14988.7 14288.2 12943.8 23679.1 12922.3 20316.3 19802.8 12063.4 14533.8 12932 17965 16548.8 14787.1 32103.2 14338
threshold=21.500000000000004 3144.3375000000001 27.108125000000005 4.5000000000000009 9.5000000000000018 3525.6937500000008 12.500000000000002 11.500000000000002 1.0000000180025095e-35 15.500000000000002 27.108125000000005 30.835625000000004 4620.6500000000005 4.5000000000000009 2770.4737500000006 3099.2475000000009 2907.0200000000004 3149.0300000000002 3486.3475000000003 7.5000000000000009 3512.2525000000005 3622.5675000000006 4727.9650000000011 27.243125000000003 18.500000000000004 6.5000000000000009 1.5000000000000002 6.5000000000000009 2966.0287500000004 3114.0300000000007
decision_type=2 2 2 2 2 2 2 2 2 2 2 2 2 2 2 2 2 2 2 2 2 2 2 2 2 2 2 2 2 2
left_child=6 -2 4 -4 -3 -6 7 -1 16 10 -8 22 14 -13 -12 -10 -9 18 -16 21 -21 -19 23 24 27 26 -26 28 -11 -28
right_child=1 2 3 -5 5 -7 9 8 15 11 12 13 -14 -15 17 -17 -18 19 -20 20 -22 -23 -24 -25 25 -27 29 -29 -30 -31
leaf_value=-0.0036775931577254107 -0.48002000463224648 0.03514428757227063 -0.50850232508909732 0.78144766330719007 0.13726617710864439 -0.44711530972786262 -0.2381147700560301 -0.9268223424370472 0.30505002110381613 -1.6915633287280798 0.52203451438214299 -0.22041353679835629 1.637875144680341 -1.1614055859191079 0.034360635966036418 -0.19732144549489022 -0.23201315189289745 -0.031060272274405498 -1.0501914630521019 0.46501279616728425 -0.0093883609509449531 0.24078415259780819 0.28950745484627632 -0.064573127286265339 -0.18910111337669494 -0.081189472209800398 1.5076495499837967 0.20073825911627685 0.0064728717204091957 0.19012111498429929
leaf_weight=25032 221 2698 338 45 224 471 1075 78 320 29 352 354 24 70 998 277 1440 1208 53 760 321 1504 386 4539 323 2763 21 2090 693 1237
leaf_count=25032 221 2698 338 45 224 471 1075 78 320 29 352 354 24 70 998 277 1440 1208 53 760 321 1504 386 4539 323 2763 21 2090 693 1237
internal_value=-0.00293999 -0.0820159 -0.0587217 -0.356942 -0.0250588 -0.258768 0.00393895 -0.0167787 -0.171836 0.033855 0.0986081 0.00125832 0.167952 -0.375766 0.161163 0.0719564 -0.267715 0.134939 -0.0203313 0.177963 0.324141 0.119697 0.0144905 0.00541344 0.0498054 -0.00427387 0.130146 0.133348 -0.0617308 0.212115
internal_weight=49944 3997 3776 383 3393 695 45947 27147 2115 18800 6295 12505 5220 424 5196 597 1518 4844 1051 3793 1081 2712 12081 11695 7156 4344 1581 2812 722 1258
internal_count=49944 3997 3776 383 3393 695 45947 27147 2115 18800 6295 12505 5220 424 5196 597 1518 4844 1051 3793 1081 2712 12081 11695 7156 4344 1581 2812 722 1258
is_linear=0
shrinkage=0.05


Tree=227
num_leaves=31
num_cat=0
split_feature=8 4 5 8 0 1 8 0 8 7 4 1 0 5 0 4 4 4 5 7 8 4 5 1 8 4 1 4 5 7
split_gain=10013.6 10466.3 24850.6 24470.5 21639.3 23405.2 11977 13237.4 11724.5 13322.1 10222.8 10410.4 10215 13406.1 10001.5 22552.9 21153.6 23469.9 23178.1 16816.6 20198.6 21418.3 70517 34093.6 23382.8 16044.1 21595.2 25421.7 37885.1 39886.4
threshold=2588.4350000000009 21.500000000000004 1.0000000180025095e-35 3658.6100000000001 26.850625000000004 4.5000000000000009 4528.2287500000011 26.111875000000005 4928.8850000000011 4390.380000000001 1.0000000180025095e-35 10.500000000000002 25.203125000000004 1.0000000180025095e-35 25.158125000000002 4.5000000000000009 8.5000000000000018 5.5000000000000009 1.0000000180025095e-35 2782.4462500000004 2953.0587500000006 9.5000000000000018 1.0000000180025095e-35 3.5000000000000004 3285.3500000000008 20.500000000000004 8.5000000000000018 5.5000000000000009 1.0000000180025095e-35 3424.7862500000006
decision_type=2 2 2 2 2 2 2 2 2 2 2 2 2 2 2 2 2 2 2 2 2 2 2 2 2 2 2 2 2 2
left_child=-1 10 3 -3 -4 8 -5 -8 9 -6 11 12 13 -2 15 -12 17 18 -16 -18 -21 22 -22 -24 -25 26 -17 -28 -29 -30
right_child=1 2 4 6 5 -7 7 -9 -10 -11 14 -13 -14 -15 16 25 19 -19 -20 20 21 -23 23 24 -26 -27 27 28 29 -31
leaf_value=-0.13491843732399933 -0.57142405518157002 -0.25351288271901001 -0.096941807586717429 0.17985382417316809 -0.40307394908070571 0.50619815820455549 1.6532728914703645 0.46835994490441063 0.033588667787038361 -1.1009330274820921 -0.014096580580391177 0.24948182965955501 -0.00015228040086257274 -0.14406223669298221 -0.22344384734499947 0.22917707836983681 0.22143580429577839 -0.15246451845087344 0.13947115901155963 -0.1777251573407862 -0.38183823533026101 0.0088679250849182569 -0.01029860711289475 0.40105624918624933 0.99120429726116821 -0.11669611917458439 0.2750583133113722 0.34024467591686819 -0.68564928426724125 0.073021496032564026
leaf_weight=1394 236 279 2632 522 125 50 28 149 52 151 5929 191 773 825 592 3302 991 4180 1713 1335 395 20758 373 607 232 601 547 281 388 313
leaf_count=1394 236 279 2632 522 125 50 28 149 52 151 5929 191 773 825 592 3302 991 4180 1713 1335 395 20758 373 607 232 601 547 281 388 313
internal_value=-0.00279299 0.00100069 -0.0766019 0.142363 -0.147747 -0.501504 0.300373 0.655804 -0.655117 -0.784874 0.0079456 -0.101814 -0.1384 -0.239121 0.0131708 0.0533333 -0.00146501 -0.0818298 0.0462626 0.0196425 0.0112047 0.0224822 0.19834 0.387425 0.564244 0.126933 0.157241 0.00188977 -0.150272 -0.346899
internal_weight=49944 48550 3988 978 3010 378 699 177 328 276 44562 2025 1834 1061 42537 11361 31176 6485 2305 24691 23700 22365 1607 1212 839 5432 4831 1529 982 701
internal_count=49944 48550 3988 978 3010 378 699 177 328 276 44562 2025 1834 1061 42537 11361 31176 6485 2305 24691 23700 22365 1607 1212 839 5432 4831 1529 982 701
is_linear=0
shrinkage=0.05


Tree=228
num_leaves=31
num_cat=0
split_feature=8 3 4 8 4 7 8 8 4 4 1 1 4 1 4 5 5 4 4 4 4 5 7 5 5 8 8 1 1 4
split_gain=9086.64 9939.1 20288.3 25169.2 19177.9 27102.9 23503.4 19189.3 15935.1 18586.9 21879.9 16736.8 14006.3 13647.9 14767.6 45318.3 21691.5 37367.5 30211.2 19269.5 12542 21737.8 12450.4 12415.6 12011.4 11450.2 11265 11067.9 10935.1 10657.9
threshold=2563.1450000000004 1.0000000180025095e-35 19.500000000000004 4727.9650000000011 7.5000000000000009 3320.7425000000007 3622.5675000000006 3016.7750000000005 17.500000000000004 15.500000000000002 7.5000000000000009 4.5000000000000009 5.5000000000000009 10.500000000000002 18.500000000000004 1.0000000180025095e-35 1.0000000180025095e-35 19.500000000000004 19.500000000000004 22.500000000000004 19.500000000000004 1.0000000180025095e-35 4390.380000000001 1.0000000180025095e-35 1.0000000180025095e-35 3197.0012500000007 3449.7650000000008 5.5000000000000009 9.5000000000000018 1.5000000000000002
decision_type=2 2 2 2 2 2 2 2 2 2 2 2 2 2 2 2 2 2 2 2 2 2 2 2 2 2 2 2 2 2
left_child=-1 2 29 25 12 6 -6 -7 9 26 11 -11 24 14 15 -10 17 -16 -18 -20 21 -15 -21 -14 -3 -4 -9 -13 -17 -2
right_child=1 4 3 -5 5 7 -8 8 13 10 -12 27 23 20 16 28 18 -19 19 22 -22 -23 -24 -25 -26 -27 -28 -29 -30 -31
leaf_value=-0.13869476494657651 -0.087746357719603291 -0.15893740628687841 -0.5279222828618596 0.21370518122685489 0.16256643572798585 -0.73402410537697549 0.96756101994104293 -0.17900466066904813 -0.54915164692699914 -0.27638957236715139 0.14354929677541789 -1.2874646939067957 0.093034504999895754 0.57701646325917089 1.085462924039776 0.74729007696996463 -0.4006597699236889 0.12854552616518508 0.19512245881064288 -0.070789931283923246 0.020264755312144479 -0.99290404418564371 -0.84516133339558219 -0.29085230564117709 0.058160869733196979 -0.11985539094592433 0.12170357312309871 -0.44942995507518452 -0.20894465518720226 0.013439907586192566
leaf_weight=1198 2886 848 178 579 3626 86 93 467 100 376 211 83 278 29 130 318 390 474 1056 186 214 92 72 869 2562 5021 935 75 33 26479
leaf_count=1198 2886 848 178 579 3626 86 93 467 100 376 211 83 278 29 130 318 390 474 1056 186 214 92 72 869 2562 5021 935 75 33 26479
internal_value=-0.00265334 0.000690068 -0.0133566 -0.0990012 0.0369792 0.0791162 0.182697 0.00680238 0.0189587 -0.0857022 -0.287517 -0.457845 -0.0466662 0.0915854 0.128178 0.389862 0.0770426 0.334505 -0.0142175 0.10048 -0.209782 -0.616642 -0.286894 -0.197809 0.00417279 -0.133827 0.021539 -0.889663 0.657388 0.00349529
internal_weight=49944 48746 35143 5778 13603 9046 3719 5327 5241 2147 745 534 4557 3094 2759 451 2308 604 1704 1314 335 121 258 1147 3410 5199 1402 158 351 29365
internal_count=49944 48746 35143 5778 13603 9046 3719 5327 5241 2147 745 534 4557 3094 2759 451 2308 604 1704 1314 335 121 258 1147 3410 5199 1402 158 351 29365
is_linear=0
shrinkage=0.05


Tree=229
num_leaves=31
num_cat=0
split_feature=6 7 6 6 7 7 7 6 0 1 0 6 7 1 0 7 6 7 0 6 7 6 0 6 0 0 7 7 0 7
split_gain=12828 14029.9 9090.99 10668 14474.6 10318 9172.18 9152.42 9807.44 12850 16162.1 14479.6 35206.9 21066.6 16529.6 13926.2 9771.22 16568.6 13194.4 9279.64 36066.4 10676.1 10286.9 10220.9 31890.5 9524.27 9232.42 11803.7 21543.5 9160.6
threshold=2929.6225000000004 3817.8212500000004 4693.3900000000012 4963.005000000001 4847.3062500000015 4532.5725000000011 5029.8150000000014 4472.0900000000011 28.483125000000005 4.5000000000000009 32.130625000000009 3606.7425000000007 3573.4800000000005 2.5000000000000004 30.835625000000004 3216.1687500000003 3586.7187500000005 4059.7550000000006 27.534375000000008 3856.0350000000003 4150.8100000000013 3743.9800000000005 32.543125000000011 3863.9825000000005 31.913125000000004 30.250625000000003 3460.5150000000008 3493.0175000000004 31.301875000000003 3947.3925000000004
decision_type=2 2 2 2 2 2 2 2 2 2 2 2 2 2 2 2 2 2 2 2 2 2 2 2 2 2 2 2 2 2
left_child=1 -1 5 4 -4 7 -5 8 16 11 -11 12 13 -10 15 -15 17 -2 -18 20 22 25 26 24 -21 -22 -13 28 -28 -9
right_child=2 -3 3 6 -6 -7 -8 29 9 10 -12 19 -14 14 -16 -17 18 -19 -20 23 21 -23 -24 -25 -26 -27 27 -29 -30 -31
leaf_value=0.055172760082227268 -0.0071322659903285462 0.84297238028886035 -0.30807382236508762 0.33563286048457303 0.1860069930512499 0.13395775977036425 -0.64397034325769975 -0.86059276876242274 -0.045384131607726259 0.08322791452226988 0.54381197499166622 0.03574112032780484 -0.36300005412342107 0.90302155896237035 0.84116899765213027 -0.19985179391143651 -0.040479055082971824 0.39267405719698156 -0.20489013776627993 0.20298488155791633 -1.7922243595123293 -0.12770068178122693 -0.016013020221188629 0.0049280669569137904 -2.2248844814442452 -0.59338306485599757 0.093316126388052242 0.31109803499311384 2.3083541674273356 -0.13540998237273646
leaf_weight=6639 17637 57 799 163 182 1231 28 46 1698 3336 202 310 854 38 128 116 10100 263 1388 38 30 44 417 2411 21 37 23 870 21 817
leaf_count=6639 17637 57 799 163 182 1231 28 46 1698 3336 202 310 854 38 128 116 10100 263 1388 38 30 44 417 2411 21 37 23 870 21 817
internal_value=-0.00252067 0.0618789 -0.0124915 -0.149847 -0.216409 -0.00866558 0.192026 -0.012964 -0.00948671 0.0317582 0.109525 -0.00723521 -0.0946587 0.0210805 0.421282 0.0722858 -0.024355 -0.00125802 -0.0603435 0.0514474 0.139463 -0.732799 0.198464 -0.0109828 -0.661172 -1.13018 0.271533 0.351507 1.15049 -0.174064
internal_weight=49944 6696 43248 1172 981 42076 191 40845 39982 10594 3538 7056 2834 1980 282 154 29388 17900 11488 4222 1752 111 1641 2470 59 67 1224 914 44 863
internal_count=49944 6696 43248 1172 981 42076 191 40845 39982 10594 3538 7056 2834 1980 282 154 29388 17900 11488 4222 1752 111 1641 2470 59 67 1224 914 44 863
is_linear=0
shrinkage=0.05


Tree=230
num_leaves=31
num_cat=0
split_feature=8 4 4 0 1 8 0 4 7 7 4 8 1 0 4 8 0 7 1 1 1 4 4 8 4 3 7 4 1 4
split_gain=13367.1 12777.3 11948.5 12823.9 21160.9 15855.3 20901.6 10510.5 19680.3 14770.9 12512 29879 21952.3 12461.5 14151.5 49723.5 18801.3 15672.6 22279.6 12659.5 11677.2 14101 20883.3 14814.2 11410.3 18880.2 18050 10865.4 60300.9 42644.5
threshold=2665.5050000000006 17.500000000000004 21.500000000000004 27.079375000000002 4.5000000000000009 4555.4162500000011 25.675625000000007 13.500000000000002 3309.3050000000007 4532.5725000000011 14.500000000000002 4422.5750000000016 5.5000000000000009 27.779375000000005 17.500000000000004 3305.3462500000005 25.868125000000003 3216.1687500000003 5.5000000000000009 10.500000000000002 10.500000000000002 5.5000000000000009 12.500000000000002 3134.3575000000005 11.500000000000002 1.0000000180025095e-35 3083.9962500000006 17.500000000000004 8.5000000000000018 16.500000000000004
decision_type=2 2 2 2 2 2 2 2 2 2 2 2 2 2 2 2 2 2 2 2 2 2 2 2 2 2 2 2 2 2
left_child=1 -1 7 5 -5 -4 -7 9 13 20 11 12 -10 14 17 16 -16 18 -9 -15 24 23 -23 -22 -2 -26 -27 28 -12 -30
right_child=2 -3 3 4 -6 6 -8 8 10 -11 27 -13 -14 19 15 -17 -18 -19 -20 -21 21 22 -24 -25 25 26 -28 -29 29 -31
leaf_value=-0.10983400478777101 -0.00077588033007536489 -1.3491042262031918 -0.085544091112491394 -0.46658506025637386 0.74531319499015813 0.98194480659678962 0.071055121681103284 -1.6245610855195833 0.30164005545318867 -0.46484091295089042 -0.15747170861738291 2.001622499119152 -0.14667652982950458 0.38488392744599503 0.62997305442889528 -0.063320445531280717 2.4577885760980496 0.35174540209329946 -0.04668282227674829 -0.26669720585753276 0.081270116634686751 -0.076081276541147796 0.48449238273658257 0.44530740916554479 -0.16471325354044225 0.35458504976396649 -0.096498441852011146 0.043649268562814404 0.020065312007831973 0.60111287563800342
leaf_weight=2175 20935 21 3204 362 40 78 327 23 767 175 3601 22 424 820 24 128 34 264 819 82 705 1323 190 463 2657 393 509 8076 860 499
leaf_count=2175 20935 21 3204 362 40 78 327 23 767 175 3601 22 424 820 24 128 34 264 819 82 705 1323 190 463 2657 393 509 8076 860 499
internal_value=-0.00106497 -0.121685 0.00447602 -0.0781221 -0.345998 -0.0482839 0.246486 0.0120412 0.0436324 -0.00695168 0.0221679 0.175765 0.142038 0.183034 0.0834689 0.486985 1.70145 0.0156082 -0.089784 0.325649 -0.00400299 0.0950656 -0.00568538 0.225576 -0.0148466 -0.0976142 0.100038 0.00787568 -0.0503718 0.233415
internal_weight=50000 2196 47804 4011 402 3609 405 43793 16443 27350 14249 1213 1191 2194 1292 186 58 1106 842 902 27175 2681 1513 1168 24494 3559 902 13036 4960 1359
internal_count=50000 2196 47804 4011 402 3609 405 43793 16443 27350 14249 1213 1191 2194 1292 186 58 1106 842 902 27175 2681 1513 1168 24494 3559 902 13036 4960 1359
is_linear=0
shrinkage=0.05


Tree=231
num_leaves=31
num_cat=0
split_feature=8 4 4 5 8 4 7 4 4 5 7 5 4 4 8 8 4 5 4 5 4 4 4 4 1 4 1 8 4 8
split_gain=12063.8 11531.5 10783.5 21602.9 18680.1 22719.2 9946.25 9525.24 19608.5 20254.1 15102.6 20103 75410.7 26748.7 30052 18901.6 28997.1 32213.1 19502.7 29883 27461.4 26238.6 32330.3 27237.5 23541.3 21495.9 20786.5 18166.3 18110 16882
threshold=2665.5050000000006 17.500000000000004 21.500000000000004 1.0000000180025095e-35 4555.4162500000011 22.500000000000004 2758.5300000000002 12.500000000000002 11.500000000000002 1.0000000180025095e-35 3938.5575000000003 1.0000000180025095e-35 13.500000000000002 14.500000000000002 3836.5275000000006 4229.2662500000015 20.500000000000004 1.0000000180025095e-35 19.500000000000004 1.0000000180025095e-35 18.500000000000004 18.500000000000004 17.500000000000004 14.500000000000002 10.500000000000002 16.500000000000004 10.500000000000002 4528.2287500000011 18.500000000000004 4422.5750000000016
decision_type=2 2 2 2 2 2 2 2 2 2 2 2 2 2 2 2 2 2 2 2 2 2 2 2 2 2 2 2 2 2
left_child=1 -1 7 4 5 -4 -5 8 -2 -10 11 12 -9 14 -13 -12 18 -18 19 20 25 22 23 29 -22 -17 -24 -25 -14 -21
right_child=2 -3 3 6 -6 -7 -8 10 9 -11 15 13 28 -15 -16 16 17 -19 -20 21 24 -23 26 27 -26 -27 -28 -29 -30 -31
leaf_value=-0.10434230455748961 0.0042611566510103831 -1.2816489707855951 0.29892839449307612 0.69803293485726625 0.61901931822117129 -0.23004025061322209 -0.14974788609024428 -0.60457433411273998 0.12064719419014405 -0.25281572779102407 -0.089231522628172119 0.20750856330744394 0.011219771466567182 0.054304756322116988 0.94606689633163699 0.63378527642131965 -0.22515983179579546 0.59564673204910379 -0.21352861903126927 0.28846617694254273 1.1221429181348053 -0.26345636947355694 0.70616093339462738 -0.096170917858898503 -0.58662947500529494 -0.31351858956588652 -0.34605789965550815 -1.0404073578485271 0.36205624076363807 1.839220930979802
leaf_weight=2175 23414 21 403 35 163 409 3001 487 482 1471 4044 2433 1920 5526 146 107 162 456 763 54 163 643 290 479 23 136 56 57 455 26
leaf_count=2175 23414 21 403 35 163 409 3001 487 482 1471 4044 2433 1920 5526 146 107 162 456 763 54 163 643 290 479 23 136 56 57 455 26
internal_value=-0.00101173 -0.115601 0.00425221 -0.074216 0.130545 0.0324898 -0.139974 0.0114391 -0.00843495 -0.160645 0.0387997 0.0761313 -0.0377883 0.116358 0.249319 -0.0160892 0.070525 0.380484 0.00203925 0.0829037 0.453597 -0.0161789 0.149101 -0.0681366 0.910843 0.103607 0.53586 -0.196584 0.0784327 0.792461
internal_weight=50000 2196 47804 4011 975 812 3036 43793 25367 1953 18426 10967 2862 8105 2579 7459 3415 618 2797 2034 429 1605 962 616 186 243 346 536 2375 80
internal_count=50000 2196 47804 4011 975 812 3036 43793 25367 1953 18426 10967 2862 8105 2579 7459 3415 618 2797 2034 429 1605 962 616 186 243 346 536 2375 80
is_linear=0
shrinkage=0.05


Tree=232
num_leaves=31
num_cat=0
split_feature=6 8 6 8 8 8 6 8 6 4 6 0 0 8 6 0 4 6 8 0 4 6 0 4 4 5 4 6 0 8
split_gain=13228.8 20511.3 31630.3 17467.8 14835.2 14432.8 14263.3 18614 27577.6 40571.2 25452.8 21475.2 17892.3 16221.3 13943 13684 13136.3 13026.3 19203.3 17801.7 16710.3 13105.2 12379.2 15427 17412.6 24155.2 12179.7 12171.4 12087.6 11996.5
threshold=4693.3900000000012 4242.8275000000003 4104.505000000001 4008.6487500000007 3468.5150000000008 4584.4562500000011 3834.5475000000001 3316.0412500000007 3264.0025000000005 9.5000000000000018 3566.8725000000009 25.605625000000007 23.353124999999999 3124.5075000000002 4824.9700000000003 25.224375000000006 22.500000000000004 3417.7750000000005 3541.7575000000006 26.643125000000005 15.500000000000002 3319.1687500000003 28.290625000000009 16.500000000000004 18.500000000000004 1.0000000180025095e-35 13.500000000000002 3594.2637500000005 29.930625000000003 2907.0200000000004
decision_type=2 2 2 2 2 2 2 2 2 2 2 2 2 2 2 2 2 2 2 2 2 2 2 2 2 2 2 2 2 2
left_child=1 2 3 6 -4 -2 7 8 29 10 13 -12 -9 -10 28 -5 -6 19 -19 21 -21 -14 23 -8 25 -25 -24 -3 -7 -1
right_child=5 27 4 15 16 14 22 12 9 -11 11 -13 17 -15 -16 -17 -18 18 -20 20 -22 -23 26 24 -26 -27 -28 -29 -30 -31
leaf_value=-0.055336083404940374 -0.52025442239025554 1.1491414132927147 -1.5266987537592651 0.48605569807940541 -0.14235785919346308 -0.32447547969534413 -0.37593798726145766 1.0557771847329356 -0.56111141350577542 -0.017507204353932632 -2.4671765582128007 -0.72258558511482862 0.31269781547436643 -0.18406396891617041 0.11875414849473881 0.097875146370538263 -0.83135587942432354 -0.089290717166823394 0.06014852658225707 0.07233220020195838 -0.28700127402280873 0.079201008018184915 -0.13150821655226638 -0.61317304307701948 -0.19150966689025253 0.29694350971861017 0.17036274037481336 0.10308620210537552 0.82665782968203227 0.03409956329878297
leaf_weight=5590 232 28 20 262 2698 458 632 44 387 2614 22 89 1350 1085 455 1701 71 3155 6747 2319 376 1083 641 87 1236 450 698 4058 24 11388
leaf_count=5590 232 28 20 262 2698 458 632 44 387 2614 22 89 1350 1085 455 1701 71 3155 6747 2319 376 1083 641 87 1236 450 698 4058 24 11388
internal_value=-0.000961139 0.00301814 -0.00677441 0.00406428 -0.169825 -0.167182 -0.00308332 0.00651308 -0.0237173 -0.138483 -0.338249 -1.06836 0.0489788 -0.283193 -0.0797618 0.149685 -0.160024 0.0460314 0.0125338 0.110714 0.0221988 0.208762 -0.0959946 -0.163834 -0.0882275 0.149494 0.0258524 0.110254 -0.267158 0.00465291
internal_weight=50000 48831 44745 41956 2789 1169 39993 36249 21175 4197 1583 111 15074 1472 937 1963 2769 15030 9902 5128 2695 2433 3744 2405 1773 537 1339 4086 482 16978
internal_count=50000 48831 44745 41956 2789 1169 39993 36249 21175 4197 1583 111 15074 1472 937 1963 2769 15030 9902 5128 2695 2433 3744 2405 1773 537 1339 4086 482 16978
is_linear=0
shrinkage=0.05


Tree=233
num_leaves=31
num_cat=0
split_feature=6 4 6 6 7 0 7 1 6 4 5 7 4 6 4 5 4 1 4 5 1 1 1 1 6 0 4 4 7 1
split_gain=11939 10871.5 13414.9 8223.15 11047 8510.21 8120.98 10097.1 10995.8 7533.56 18751.9 9302.6 16145.4 14939.4 13539 28661.8 43549.1 67640 23565.9 58215.5 109288 109152 25322.6 24839.3 23642.6 21240.2 25074.6 20404.5 19551.1 17432.4
threshold=4693.3900000000012 13.500000000000002 4963.005000000001 2343.9187500000003 3037.3837500000004 23.271250000000006 3359.0025000000005 9.5000000000000018 2980.5125000000003 1.5000000000000002 1.0000000180025095e-35 4424.1550000000016 17.500000000000004 4116.0350000000008 18.500000000000004 1.0000000180025095e-35 19.500000000000004 9.5000000000000018 17.500000000000004 1.0000000180025095e-35 9.5000000000000018 10.500000000000002 7.5000000000000009 2.5000000000000004 3220.2600000000007 24.636875000000007 4.5000000000000009 19.500000000000004 3294.0200000000004 8.5000000000000018
decision_type=2 2 2 2 2 2 2 2 2 2 2 2 2 2 2 2 2 2 2 2 2 2 2 2 2 2 2 2 2 2
left_child=3 -2 -3 4 -1 6 7 -5 -9 10 -7 14 -13 -14 18 16 17 -16 25 21 24 22 23 -20 -21 26 -11 28 -17 -28
right_child=1 2 -4 5 -6 9 -8 8 -10 11 -12 12 13 -15 15 27 -18 -19 19 20 -22 -23 -24 -25 -26 -27 29 -29 -30 -31
leaf_value=0.04824932015035302 -0.79239860000088813 -0.19718526718059312 0.28223180405666376 -0.32225006951032104 0.82946405589580552 -0.24905741156626107 0.67557848005422527 0.34913791745569406 -0.30298341070462409 0.01068697481605445 0.000934985642973581 -0.23649327548312826 0.57822298260396832 0.12334989339465185 0.96146318292354838 1.2173665023985363 -0.0020499143456491932 -0.65794078246297616 -0.060610465297045613 1.8508333149978093 -0.57866124663213936 1.9761847678495912 0.045078161369253709 -1.0402128650341183 0.53055708968211668 -0.0098117508174675877 0.31716021651823784 -0.061858294992772081 -0.32209365176370031 0.02616407240375862
leaf_weight=128 64 932 173 504 70 999 28 146 116 3491 3011 263 211 1249 289 21 1556 83 91 35 253 49 143 224 1087 26501 1577 4790 1152 764
leaf_count=128 64 932 173 504 70 999 28 146 116 3491 3011 263 211 1249 289 21 1556 83 91 35 253 49 143 224 1087 26501 1577 4790 1152 764
internal_value=-0.000913082 -0.158823 -0.122127 0.00286724 0.324436 0.00155803 -0.160793 -0.191366 0.0604124 0.00425263 -0.0613449 0.0102543 0.124127 0.189088 0.00559453 -0.0534437 0.114141 0.600145 0.0192105 0.191206 0.360068 -0.266753 -0.506718 -0.757217 0.571742 0.00919921 0.0955863 -0.107628 -0.294533 0.222192
internal_weight=50000 1169 1105 48831 198 48633 794 766 262 47839 4010 43829 1723 1460 42106 7891 1928 372 34215 1882 1375 507 458 315 1122 32333 5832 5963 1173 2341
internal_count=50000 1169 1105 48831 198 48633 794 766 262 47839 4010 43829 1723 1460 42106 7891 1928 372 34215 1882 1375 507 458 315 1122 32333 5832 5963 1173 2341
is_linear=0
shrinkage=0.05


Tree=234
num_leaves=31
num_cat=0
split_feature=8 3 4 4 8 0 0 4 1 5 4 8 0 4 4 5 5 4 4 4 4 4 4 4 4 4 4 1 4 1
split_gain=10698.3 10669.9 16575.7 15616 21054.4 16989.8 13559.3 13358.2 14643.2 13507.2 10640.8 10461.3 18140.2 19994.3 12118.8 25514.2 14420 32021.6 134552 54570.4 45041.1 27895 25989.3 24967 20623.5 64459.9 31586.8 19736.1 18444.8 64431.2
threshold=2665.5050000000006 1.0000000180025095e-35 7.5000000000000009 19.500000000000004 4727.9650000000011 25.675625000000007 27.885625000000005 5.5000000000000009 2.5000000000000004 1.0000000180025095e-35 17.500000000000004 3800.0100000000007 32.013125000000009 13.500000000000002 18.500000000000004 1.0000000180025095e-35 1.0000000180025095e-35 5.5000000000000009 7.5000000000000009 9.5000000000000018 12.500000000000002 13.500000000000002 17.500000000000004 17.500000000000004 6.5000000000000009 7.5000000000000009 3.5000000000000004 7.5000000000000009 5.5000000000000009 2.5000000000000004
decision_type=2 2 2 2 2 2 2 2 2 2 2 2 2 2 2 2 2 2 2 2 2 2 2 2 2 2 2 2 2 2
left_child=10 3 7 11 6 -6 -5 -3 -9 -10 -1 12 14 -14 16 -16 17 -2 -19 -20 -21 -22 -23 24 26 27 -18 -26 -28 -30
right_child=1 2 -4 4 5 -7 -8 8 9 -11 -12 -13 13 -15 15 -17 23 18 19 20 21 22 -24 -25 25 -27 28 -29 29 -31
leaf_value=-0.097961823160064299 -0.24851225447549161 0.015046886964159121 0.08282138462994057 -0.097434964087933368 1.2225214035887468 0.12891540425670081 -0.45092810076703593 0.20605345549782617 0.065128020269410877 -0.37439301116753249 -1.22888902255467 0.05982297445030739 -0.29429351075584481 0.26738285628497288 0.45546107358402677 -0.87563503383210417 -0.019593111201596878 0.64275332987348999 -0.51612589904983153 0.28215162544886063 -0.65264009402061884 0.015195888594780155 -0.71374518866783809 0.45456942358912827 -0.22922503667814134 0.017906746697307123 0.29809935210865673 -0.67066781345791937 0.8555585715539602 -0.14910287136847331
leaf_weight=2175 1693 3282 8655 4952 38 543 287 199 232 709 21 6621 980 189 54 108 3302 690 707 820 260 966 140 333 684 7996 1907 402 196 859
leaf_count=2175 1693 3282 8655 4952 38 543 287 199 232 709 21 6621 980 189 54 108 3302 690 707 820 260 966 140 333 684 7996 1907 402 196 859
internal_value=-0.000867428 0.00408966 0.0425841 -0.010406 -0.0851301 0.200442 -0.1168 -0.0361706 -0.183623 -0.266031 -0.108777 0.00463857 -0.0117563 -0.203484 -0.00114262 -0.431936 0.00218779 -0.0693138 0.0153591 -0.134279 -0.010781 -0.186626 -0.0770751 0.0262481 0.0169538 -0.0311843 0.0867479 -0.392632 0.205296 0.0375451
internal_weight=50000 47804 13077 34727 5820 581 5239 4422 1140 941 2196 28907 22286 1169 21117 162 20955 5276 3583 2893 2186 1366 1106 15679 15346 9082 6264 1086 2962 1055
internal_count=50000 47804 13077 34727 5820 581 5239 4422 1140 941 2196 28907 22286 1169 21117 162 20955 5276 3583 2893 2186 1366 1106 15679 15346 9082 6264 1086 2962 1055
is_linear=0
shrinkage=0.05


Tree=235
num_leaves=31
num_cat=0
split_feature=8 7 8 7 8 7 3 8 0 4 0 1 8 7 4 7 4 4 7 0 1 8 0 1 4 8 0 4 4 1
split_gain=10263.6 11627.3 8741.18 17357.8 19124.8 12216.4 11935.4 10940.3 10449.5 10358.9 12486.3 10221.7 10131.5 10169.8 9894.45 9404.96 10728.8 9099.51 8408.3 8377.43 8301.44 8041.58 8377.15 14315.6 32702.8 12707 11656.1 9372.86 22838.1 43034.5
threshold=4928.8850000000011 4532.5725000000011 3059.2950000000005 3240.8775000000005 3792.4850000000001 4091.4100000000003 1.0000000180025095e-35 3290.2300000000005 26.883125000000003 22.500000000000004 26.585625000000007 10.500000000000002 3242.0687500000004 2589.0500000000006 5.5000000000000009 2504.9887500000004 13.500000000000002 16.500000000000004 4405.880000000001 23.271250000000006 10.500000000000002 4814.6737500000008 25.293125000000007 2.5000000000000004 5.5000000000000009 4019.1987500000005 24.248125000000005 8.5000000000000018 9.5000000000000018 4.5000000000000009
decision_type=2 2 2 2 2 2 2 2 2 2 2 2 2 2 2 2 2 2 2 2 2 2 2 2 2 2 2 2 2 2
left_child=2 -2 5 4 6 15 11 8 20 21 -11 17 13 -8 -13 16 -1 -4 -12 -17 -5 22 23 24 -9 -25 -26 -24 29 -29
right_child=1 -3 3 7 -6 -7 12 9 -10 10 18 14 -14 -15 -16 19 -18 -19 -20 -21 -22 -23 27 25 26 -27 -28 28 -30 -31
leaf_value=0.092139636920130399 1.1130726860790718 0.16427397024572682 0.018319132078662724 -0.047611721643797428 0.64907520101733618 -0.8803115022736927 1.0730990446805955 -0.049066950169110085 -0.18744501859848264 -0.057636628573487961 -0.15641519901982975 0.40932804368181819 0.28034829382307302 0.055874542978082635 0.042244465800058931 -0.23535184445807522 0.88405602004217065 -0.27099228953416959 -0.72952023076941264 -0.036719390594682523 0.29569273513510147 0.27914972723521986 -0.071583935478385249 -0.00053821893428787051 1.2297237314961174 0.24000658963954735 0.49821079989234285 0.087420427562766967 0.00024334306626821358 1.0961688870564104
leaf_weight=609 41 152 5127 1659 142 43 25 304 1537 1176 128 322 995 1431 427 562 46 287 128 9569 197 278 4224 3564 77 649 186 475 15357 136
leaf_count=609 41 152 5127 1659 142 43 25 304 1537 1176 128 322 995 1431 427 562 46 287 128 9569 197 278 4224 3564 77 649 186 475 15357 136
internal_value=0.00191813 0.365832 0.000503803 0.0115817 0.0735368 -0.0392196 0.0640492 -0.00645587 -0.0910225 0.00429799 -0.126523 0.0269332 0.157377 0.0733406 0.200056 -0.0358665 0.147755 0.00298253 -0.442968 -0.0477382 -0.0111726 0.0117172 0.00874002 0.0682606 0.304126 0.036517 0.71238 -0.00535013 0.0121706 0.311954
internal_weight=49853 193 49660 38831 8756 10829 8614 30075 3393 26682 1432 6163 2451 1456 749 10786 655 5414 256 10131 1856 25250 24972 4780 567 4213 263 20192 15968 611
internal_count=49853 193 49660 38831 8756 10829 8614 30075 3393 26682 1432 6163 2451 1456 749 10786 655 5414 256 10131 1856 25250 24972 4780 567 4213 263 20192 15968 611
is_linear=0
shrinkage=0.05


Tree=236
num_leaves=31
num_cat=0
split_feature=6 8 4 6 8 7 0 0 4 8 1 0 4 4 6 8 6 6 4 8 6 8 7 4 8 7 8 6 0 6
split_gain=12628.1 23475.3 26787.2 15576.9 13975.9 12320.2 13008 22154.5 16108.1 11765.1 20173.3 23553.9 27927.3 17310.4 12783.6 9670.71 33781.4 21247.1 17934.9 13667.7 23352.5 24257 14528.6 13319.4 13304.3 15558.9 22584 22265 19715.5 14592.4
threshold=2914.3150000000005 2938.1100000000006 9.5000000000000018 3380.2762500000003 2665.5050000000006 2929.5550000000007 26.164375000000003 26.035625000000007 16.500000000000004 3064.5312500000005 6.5000000000000009 25.073125000000008 6.5000000000000009 3.5000000000000004 2472.5250000000005 4498.9400000000014 4444.4925000000012 4528.1125000000002 17.500000000000004 4242.8275000000003 4104.505000000001 3455.7200000000007 4048.6962500000004 22.500000000000004 4008.6487500000007 3737.0350000000003 3637.5250000000005 3492.0062500000004 28.775625000000002 3888.7662500000001
decision_type=2 2 2 2 2 2 2 2 2 2 2 2 2 2 2 2 2 2 2 2 2 2 2 2 2 2 2 2 2 2
left_child=9 2 3 4 -2 -4 7 -7 -8 10 -1 -12 -13 -11 -15 16 19 -17 -18 20 24 -22 -21 -23 25 26 27 -3 -29 -27
right_child=1 15 5 -5 -6 6 8 -9 -10 13 11 12 -14 14 -16 17 18 -19 -20 22 21 23 -24 -25 -26 29 -28 28 -30 -31
leaf_value=0.19112316042338612 -0.71272806686582046 0.021796572785179116 0.10036475619644225 -1.3559813761097546 -0.2162586316024272 -0.020563310710092389 -0.24813833496457824 1.751031637713313 -1.4879651928586621 0.7905095430623208 0.049004770859088942 -1.8880472049713135 -0.1956993397622083 1.1813628854422733 0.11989611052383012 0.33311307520722377 -0.76435435425153397 0.0022204795345333555 -0.1978336769902059 0.34881567552168335 -1.8835601840913296 -0.11751475189050356 0.051591527531084563 -0.85940306321267157 0.13327788949681774 -0.023464726408419852 0.12184618772073395 -0.18976179041803823 0.046293542867638454 -0.1914741332345192
leaf_weight=1402 160 15732 1048 34 1243 150 407 20 28 112 2492 25 979 29 1295 694 177 1612 663 540 20 2499 1723 62 1967 4711 4277 2641 1330 1781
leaf_count=1402 160 15732 1048 34 1243 150 407 20 28 112 2492 25 979 29 1295 694 177 1612 663 540 20 2499 1723 62 1967 4711 4277 2641 1330 1781
internal_value=0.00182222 -0.00777827 -0.14061 -0.298503 -0.272877 -0.00334962 -0.183007 0.18786 -0.327943 0.0677843 0.0308868 -0.0333727 -0.237839 0.193637 0.143146 0.00237413 -0.00364022 0.101804 -0.317208 0.00342457 -0.00427111 -0.149021 0.122516 -0.135475 0.00724588 -0.000889617 0.0177001 -0.00490721 -0.1107 -0.069556
internal_weight=49853 43519 3090 1437 1403 1653 605 170 435 6334 4898 3496 1004 1436 1324 40429 38123 2306 840 37283 35020 2581 2263 2561 32439 30472 23980 19703 3971 6492
internal_count=49853 43519 3090 1437 1403 1653 605 170 435 6334 4898 3496 1004 1436 1324 40429 38123 2306 840 37283 35020 2581 2263 2561 32439 30472 23980 19703 3971 6492
is_linear=0
shrinkage=0.05


Tree=237
num_leaves=31
num_cat=0
split_feature=8 7 8 7 8 5 5 1 7 4 8 4 0 4 4 0 0 7 1 1 0 4 4 1 8 7 4 4 5 4
split_gain=9225.12 10418.6 7909.46 18286.4 19405 17911.6 14639.6 12818.3 21637.1 10464.8 19625 11450 27282.7 21697.6 10413.4 10648.6 9954.15 12648.7 12153.9 12047.8 11702.8 9832.61 10737.4 9756.7 9629.39 14649.3 18988.5 13118.6 29086.5 40118
threshold=4928.8850000000011 4532.5725000000011 3163.0100000000007 3309.3050000000007 3792.4850000000001 1.0000000180025095e-35 37.500000000000007 4.5000000000000009 3467.0137500000005 12.500000000000002 2472.5250000000005 5.5000000000000009 26.391875000000002 9.5000000000000018 22.500000000000004 26.585625000000007 27.570625000000003 2851.5450000000005 10.500000000000002 8.5000000000000018 28.253125000000004 3.5000000000000004 1.0000000180025095e-35 8.5000000000000018 4153.2687500000011 4048.6962500000004 20.500000000000004 19.500000000000004 1.0000000180025095e-35 18.500000000000004
decision_type=2 2 2 2 2 2 2 2 2 2 2 2 2 2 2 2 2 2 2 2 2 2 2 2 2 2 2 2 2 2
left_child=2 -2 5 4 16 7 -7 8 -1 11 -11 21 23 -14 24 -16 18 19 -4 -18 -21 22 -9 -13 -5 -26 27 28 29 -27
right_child=1 -3 3 14 -6 6 -8 9 -10 10 -12 12 13 -15 15 -17 17 -19 -20 20 -22 -23 -24 -25 25 26 -28 -29 -30 -31
leaf_value=-0.30602307592900163 1.0540798281898678 0.15594925156573913 -0.00253841612056303 -0.014962249547054086 0.56188435767391109 0.041536163618758101 -0.07967043043717377 -0.54233977236681519 -1.9919269305467606 -1.6129455541188902 -0.2126604762349866 0.39595240591135128 -0.60988951498117205 0.019472778614853387 -0.073495379084899948 -0.42959453223967081 0.1285569283239385 0.12669023231819304 0.23919796253510475 0.43489938812951251 1.9523396191773594 -0.30481775235352476 0.039999004561507928 -0.071450223437406951 0.22611540161150381 0.031792694268127281 0.1983335351361725 -0.2129467406622117 -0.073603338966715878 0.86316057256152556
leaf_weight=393 41 152 4273 19824 205 7538 3721 90 20 26 665 497 195 460 1188 255 47 2435 592 24 27 578 657 144 1062 438 1142 809 2138 217
leaf_count=393 41 152 4273 19824 205 7538 3721 90 20 26 665 497 195 460 1188 255 47 2435 592 24 27 578 657 144 1062 438 1142 809 2138 217
internal_value=0.00173111 0.346744 0.000390244 0.0135074 0.082024 -0.0299655 0.00147846 -0.125006 -0.387665 -0.0922534 -0.265348 -0.0466186 0.0590498 -0.167895 -0.00573435 -0.136424 0.068727 0.149105 0.0268774 0.70605 1.23825 -0.149974 -0.0301623 0.290951 0.00162361 0.0582543 0.0206767 -0.0356488 0.0157061 0.307223
internal_weight=49853 193 49660 34676 7603 14984 11259 3725 413 3312 691 2621 1296 655 27073 1443 7398 2533 4865 98 51 1325 747 641 25630 5806 4744 3602 2793 655
internal_count=49853 193 49660 34676 7603 14984 11259 3725 413 3312 691 2621 1296 655 27073 1443 7398 2533 4865 98 51 1325 747 641 25630 5806 4744 3602 2793 655
is_linear=0
shrinkage=0.05


Tree=238
num_leaves=31
num_cat=0
split_feature=6 7 4 4 4 1 4 1 7 3 7 1 7 4 1 4 5 6 1 7 4 5 1 1 5 4 1 4 7 1
split_gain=11715.2 10056.9 9964.84 10681.9 15267.8 21122.6 31011.3 15984.3 14586.1 14847 13997.4 13421.9 26718.3 12072.5 39584.8 67889.7 78035.1 32498.4 33622.1 31861.3 30777.1 90468.9 93622.3 73619.4 34747.7 64111.3 48436.8 30544.4 27199.4 25983.2
threshold=2922.1737500000004 3817.8212500000004 8.5000000000000018 15.500000000000002 13.500000000000002 3.5000000000000004 10.500000000000002 6.5000000000000009 2980.4125000000004 1.0000000180025095e-35 2851.5450000000005 4.5000000000000009 3143.2600000000007 17.500000000000004 9.5000000000000018 16.500000000000004 1.0000000180025095e-35 3922.5312500000005 10.500000000000002 3966.0150000000008 18.500000000000004 1.0000000180025095e-35 10.500000000000002 10.500000000000002 1.0000000180025095e-35 19.500000000000004 9.5000000000000018 19.500000000000004 4187.598750000001 4.5000000000000009
decision_type=2 2 2 2 2 2 2 2 2 2 2 2 2 2 2 2 2 2 2 2 2 2 2 2 2 2 2 2 2 2
left_child=1 -1 -2 4 5 -4 7 11 9 10 -8 -7 -13 14 19 -16 -17 -18 -19 -5 21 23 -23 28 25 26 -22 -26 -15 -21
right_child=2 -3 3 13 -6 6 8 -9 -10 -11 -12 12 -14 20 15 16 17 18 -20 29 24 22 -24 -25 27 -27 -28 -29 -30 -31
leaf_value=0.058589240432573519 -0.041326426459859136 0.7634787485295651 -0.11208314831392251 -0.064592640122703451 0.12898415592635595 0.10396987852922297 -0.66091691805179131 0.085574625765676038 -0.083769829700135356 0.30401137189435368 0.12396857467685621 0.033690992948648177 0.69757498094597759 -0.38437737927539278 -0.25705309195042508 -0.53824949272713818 1.7633821715131281 -0.20471948338672519 1.3164720131727379 -0.26618458597938038 0.8487352576747883 0.49910786169889143 -0.83088586654973362 1.5115117506777986 -0.27998228853026513 0.0024799093631761283 -0.40418978774167125 -0.031360060793783111 -1.3508262050620627 -0.88449517852163206
leaf_weight=6475 14641 51 2582 2329 3718 380 90 1425 2958 543 154 228 452 400 341 91 121 64 84 758 430 1412 146 47 1557 1994 94 5980 89 219
leaf_count=6475 14641 51 2582 2329 3718 380 90 1425 2958 543 154 228 452 400 341 91 121 64 84 758 430 1412 146 47 1557 1994 94 5980 89 219
internal_value=0.00164456 0.0640979 -0.00776229 0.00936846 0.0440142 0.00816328 0.057999 0.194945 -0.0328717 0.158433 -0.165538 0.341975 0.474979 -0.0175015 -0.0927611 0.248524 0.727417 1.15558 0.658659 -0.165127 0.0073207 0.181708 0.374474 -0.378607 -0.0289964 0.131814 0.623974 -0.0827207 -0.560275 -0.404782
internal_weight=49853 6526 43327 28686 12530 8812 6230 2485 3745 787 244 1060 680 16156 4007 701 360 269 148 3306 12149 2094 1558 536 10055 2518 524 7537 489 977
internal_count=49853 6526 43327 28686 12530 8812 6230 2485 3745 787 244 1060 680 16156 4007 701 360 269 148 3306 12149 2094 1558 536 10055 2518 524 7537 489 977
is_linear=0
shrinkage=0.05


Tree=239
num_leaves=31
num_cat=0
split_feature=6 8 0 6 8 1 8 0 3 1 8 0 3 6 0 6 0 1 6 5 6 6 8 8 6 6 1 6 8 0
split_gain=10585.5 22410.4 21838.8 16633.4 17192 9705.32 23618.8 23328.2 47495.5 17244.1 15796.6 15482.7 22706.9 13540.5 11903.8 11642.6 9555.34 9291.12 10453.1 9216.25 13016.1 12035.6 24942.3 8983.53 29826.8 22179.2 15578.1 9638.32 32497.7 24364.6
threshold=2929.6225000000004 2938.1100000000006 25.248125000000005 3380.2762500000003 2504.5587500000006 6.5000000000000009 2345.2987500000004 24.180625000000003 1.0000000180025095e-35 3.5000000000000004 3064.5312500000005 25.053125000000005 1.0000000180025095e-35 2610.7512500000007 24.380625000000006 2343.9187500000003 25.135625000000008 7.5000000000000009 2588.4350000000009 1.0000000180025095e-35 3492.0062500000004 3479.2237500000006 2860.8662500000005 4422.5750000000016 4444.4925000000012 4623.0900000000011 2.5000000000000004 3586.7187500000005 3713.0325000000007 29.103125000000006
decision_type=2 2 2 2 2 2 2 2 2 2 2 2 2 2 2 2 2 2 2 2 2 2 2 2 2 2 2 2 2 2
left_child=5 2 3 4 -2 9 7 -7 13 -1 11 17 -13 -9 -12 16 -11 -8 -19 20 -4 -21 -23 24 27 26 -25 -3 29 -29
right_child=1 23 19 -5 -6 6 10 8 -10 15 14 12 -14 -15 -16 -17 -18 18 -20 21 -22 22 -24 25 -26 -27 -28 28 -30 -31
leaf_value=-0.12339386041997456 -1.4803270486990612 0.024527378230024335 -0.17468547705006093 -1.5007919734716415 -0.26266505203520979 0.29880279170142282 -0.049447638181677071 -3.2705206996202474 0.39240450881994687 0.28098349648714066 0.76011984093805385 -0.29676555738391813 0.29585235863924025 -1.4526848401342121 0.15615555747911936 0.19620388442547676 1.2739739587332339 0.58320705759354297 0.09830890892129468 -0.023455832313901005 -1.3035912134029248 1.592650893268486 -0.10023135380311446 -0.12094282950308638 -0.36230147347401953 -0.057942716235794181 0.29594885936082621 -0.2162564321879038 0.017501635231530047 0.023601437001471444
leaf_weight=439 30 20112 470 30 859 36 1191 20 26 50 89 809 202 21 979 1441 47 122 1249 1438 27 36 55 274 573 1373 1230 3201 11842 1582
leaf_count=439 30 20112 470 30 859 36 1191 20 26 50 89 809 202 21 979 1441 47 122 1249 1438 27 36 55 274 573 1373 1230 3201 11842 1582
internal_value=0.00156233 -0.00753256 -0.140669 -0.342832 -0.303756 0.0599288 0.0211415 -0.727742 -1.27932 0.153002 0.0377619 -0.0126712 -0.178359 -2.33943 0.206486 0.231896 0.762123 0.0527115 0.141458 -0.0489664 -0.236014 0.0118334 0.56948 0.00222396 -0.00434064 0.0873561 0.219999 0.00124261 -0.026926 -0.136922
internal_weight=49853 43132 2945 919 889 6721 4744 103 67 1977 4641 3573 1011 41 1068 1538 97 2562 1371 2026 497 1529 91 40187 37310 2877 1504 36737 16625 4783
internal_count=49853 43132 2945 919 889 6721 4744 103 67 1977 4641 3573 1011 41 1068 1538 97 2562 1371 2026 497 1529 91 40187 37310 2877 1504 36737 16625 4783
is_linear=0
shrinkage=0.05


Tree=240
num_leaves=31
num_cat=0
split_feature=4 5 6 0 6 0 4 0 0 4 4 4 6 7 1 7 0 4 4 5 6 4 5 4 1 5 4 1 4 1
split_gain=9435.55 7963.53 12732.4 9643.73 7678.86 14034.1 14123.4 26569.9 9772.08 7589.35 7232.14 9805.37 28316.8 11373.5 7153.46 7104.32 7027.13 6721.8 15457.4 20038.1 15497.5 14602.8 34235.7 49564 38644.3 29300.3 60586.9 88114.6 66048.9 68955.7
threshold=1.0000000180025095e-35 1.0000000180025095e-35 4528.1125000000002 24.636875000000007 2631.0750000000003 24.759375000000006 13.500000000000002 25.818125000000006 23.160625000000007 2.5000000000000004 2.5000000000000004 5.5000000000000009 2343.9187500000003 2851.5450000000005 10.500000000000002 3073.8837500000004 24.058125000000004 12.500000000000002 11.500000000000002 1.0000000180025095e-35 3856.0350000000003 18.500000000000004 1.0000000180025095e-35 19.500000000000004 10.500000000000002 1.0000000180025095e-35 17.500000000000004 10.500000000000002 14.500000000000002 7.5000000000000009
decision_type=2 2 2 2 2 2 2 2 2 2 2 2 2 2 2 2 2 2 2 2 2 2 2 2 2 2 2 2 2 2
left_child=1 3 14 -1 5 8 10 -8 -2 -10 -7 12 -12 -13 16 -9 -3 18 20 -20 -6 25 23 24 -23 -19 28 -28 -27 -30
right_child=4 2 -4 -5 17 6 7 15 9 -11 11 13 -14 -15 -16 -17 -18 21 19 -21 -22 22 -24 -25 -26 26 27 -29 29 -31
leaf_value=-0.57488645963286134 -0.52482326681676672 -0.33512650285051282 -0.80847324270684773 -0.1187025571170546 0.0057801433614851003 0.61400130121037366 -0.78225581613746853 1.2205051086843015 0.053257286380322878 0.39580839555023789 0.57375820428133018 0.38920594298779365 -1.9084823539963478 -0.19247301676973916 0.31249243429517504 0.44547183905038745 -0.0086520628173269703 -0.077015348440958614 0.12589137459351735 -0.2420697448314505 -0.17127525324695136 0.70927148719754407 -0.076184321375871583 0.022747066326648257 -0.73922747055105142 0.22734293214759502 0.50252398673082366 -0.81190991463937934 -0.2172007293723219 0.18301382045455589
leaf_weight=176 38 193 53 339 20305 32 37 48 228 556 20 99 27 556 146 77 1129 3039 492 1492 1316 474 7633 2002 51 2996 1428 140 2995 1680
leaf_count=176 38 193 53 339 20305 32 37 48 228 556 20 99 27 556 146 77 1129 3039 492 1492 1316 474 7633 2002 51 2996 1428 140 2995 1680
internal_value=0.000751835 -0.104663 -0.0471221 -0.274602 0.00524554 0.109035 -0.027843 0.394704 0.258235 0.296189 -0.121103 -0.154612 -0.85221 -0.104555 -0.0196347 0.743085 -0.0563144 0.00137286 -0.0172532 -0.150821 -0.00499664 0.0209677 -0.0233741 0.136143 0.56856 0.0576603 0.101959 0.385164 0.0440707 -0.0733803
internal_weight=49797 2036 1521 515 47761 1718 896 162 822 784 734 702 47 655 1468 125 1322 46043 23605 1984 21621 22438 10160 2527 525 12278 9239 1568 7671 4675
internal_count=49797 2036 1521 515 47761 1718 896 162 822 784 734 702 47 655 1468 125 1322 46043 23605 1984 21621 22438 10160 2527 525 12278 9239 1568 7671 4675
is_linear=0
shrinkage=0.05


Tree=241
num_leaves=31
num_cat=0
split_feature=8 6 4 6 0 6 8 7 6 0 8 7 6 8 0 6 7 7 6 4 7 4 8 8 7 7 8 6 0 4
split_gain=11694.1 26766.8 43523.2 22953.3 21717.7 20317.2 33217.1 18614.6 18119.4 15318.3 15068.4 14759.4 14199.3 13649.2 13140.2 28109.9 23497.2 17872.3 61430.5 37466.4 30311.2 22160.2 22134.6 15091.2 21843.2 14377.4 14224.2 13796.4 11777.7 12695.3
threshold=3349.3750000000005 3324.5325000000007 10.500000000000002 3532.4575000000004 25.675625000000007 3724.0400000000004 3866.1200000000003 3348.3550000000005 3913.0012500000007 25.985625000000002 3568.9625000000001 3533.1150000000002 3987.0012500000007 4052.0700000000002 26.585625000000007 3319.1687500000003 4310.3187500000013 3554.0700000000002 3319.1687500000003 8.5000000000000018 3855.0087500000004 16.500000000000004 3874.0825000000004 3541.7575000000006 2829.6250000000005 3336.9837500000003 3520.5025000000005 3417.7750000000005 24.720625000000002 16.500000000000004
decision_type=2 2 2 2 2 2 2 2 2 2 2 2 2 2 2 2 2 2 2 2 2 2 2 2 2 2 2 2 2 2
left_child=1 -1 3 -3 11 14 7 9 -8 10 -7 -5 28 -10 15 25 17 19 20 -16 -19 22 26 -17 -25 -2 -21 -28 -4 -30
right_child=5 2 12 4 -6 6 8 -9 13 -11 -12 -13 -14 -15 16 23 -18 18 -20 21 -22 -23 -24 24 -26 -27 27 -29 29 -31
leaf_value=-0.0025956869054524689 0.15999315328583014 -0.27551783531005708 -0.43763679370700892 -0.88380722910165788 -0.59972928528473757 -1.1127929733196895 0.18583010458581339 -0.1544019375342883 -0.10719556714404682 0.63569910650806771 0.2324546566780876 -2.781698672260557 -1.3380862498283388 0.036738824960718203 -0.27432508392292415 -0.026900409737074728 -0.75760542595138158 -0.72140293180047121 0.067639106440333066 0.13426969194340987 0.071267902527947027 -0.32292153366186005 1.8564147392908734 1.7185750155286357 0.13702465812752287 0.53358209440267279 0.71702501412936914 0.25837021118373071 -0.031266921666408147 0.2861338981261789
leaf_weight=18876 479 1107 143 20 214 30 1621 4219 2111 140 68 21 20 7495 509 2111 96 441 2062 1468 166 189 21 22 2856 557 237 532 1572 394
leaf_count=18876 479 1107 143 20 214 30 1621 4219 2111 140 68 21 20 7495 509 2111 96 441 2062 1468 166 189 21 22 2856 557 237 532 1572 394
internal_value=0.000714243 -0.0261183 -0.153306 -0.374032 -0.801702 0.022594 -0.0146457 -0.130133 0.0312014 0.300088 -0.179356 -1.8559 -0.0120989 0.00510802 0.0723188 0.123852 0.0180476 0.0312854 -0.0625089 0.115973 -0.504626 0.197159 0.240691 0.0746371 0.149114 0.360851 0.225523 0.399724 0.000475625 0.0323424
internal_weight=49797 22367 3491 1362 255 27430 15684 4457 11227 238 98 41 2129 9606 11746 6025 5721 5625 2669 2956 607 2447 2258 4989 2878 1036 2237 769 2109 1966
internal_count=49797 22367 3491 1362 255 27430 15684 4457 11227 238 98 41 2129 9606 11746 6025 5721 5625 2669 2956 607 2447 2258 4989 2878 1036 2237 769 2109 1966
is_linear=0
shrinkage=0.05


Tree=242
num_leaves=31
num_cat=0
split_feature=8 1 5 4 0 1 0 1 4 4 8 0 5 4 1 4 4 5 8 1 8 0 4 1 4 5 5 1 0 8
split_gain=10553.9 18250.2 14551.1 13956.9 21479.4 16312 12969.4 10514.9 9652.35 11613.3 15818.3 16923.7 23128.2 26199.9 18260.3 9191.48 9184.24 11669.1 9062.71 9053.92 7857.93 7700.44 17341.9 14730.3 17268.1 36994.9 17420.9 11905.6 15867.4 15769.8
threshold=3349.3750000000005 4.5000000000000009 1.0000000180025095e-35 10.500000000000002 27.463750000000005 2.5000000000000004 23.353124999999999 3.5000000000000004 21.500000000000004 16.500000000000004 2698.0050000000006 25.538125000000004 1.0000000180025095e-35 17.500000000000004 9.5000000000000018 11.500000000000002 1.0000000180025095e-35 1.0000000180025095e-35 3119.5700000000002 1.5000000000000002 3290.2300000000005 24.488125000000007 4.5000000000000009 8.5000000000000018 5.5000000000000009 1.0000000180025095e-35 1.0000000180025095e-35 6.5000000000000009 27.81375000000001 2345.2987500000004
decision_type=2 2 2 2 2 2 2 2 2 2 2 2 2 2 2 2 2 2 2 2 2 2 2 2 2 2 2 2 2 2
left_child=1 2 19 4 -4 -5 -2 15 9 16 -11 -12 -13 14 -14 -7 17 -3 -15 -1 -6 22 -18 -24 26 -26 -25 -23 29 -29
right_child=6 8 3 5 20 7 -8 -9 -10 10 11 12 13 18 -16 -17 21 -19 -20 -21 -22 27 23 24 25 -27 -28 28 -30 -31
leaf_value=-0.171593240140132 0.99739965410793541 -0.52590071241474812 -0.041788602869253538 -0.011127861805988435 -0.52972035374108506 1.7187964108255174 0.020253131727213346 0.18506259407087039 -0.21497708888850489 -1.1666847792267798 -0.037853849940001967 -0.12639261374969293 0.22897037651151983 2.4199605787793796 1.6967774906754494 0.5656328909099102 -0.0098298097133742365 -0.069256839137168444 1.1788874882616496 -0.49574401650104405 -0.067450111725678039 0.063285089753799817 0.32846710949702568 -0.30249243360012773 0.37152223250405358 -0.85573799279953944 0.4027199911441337 -1.0442593559622766 0.037998883149643566 -0.093896021064246771
leaf_weight=532 34 180 1357 665 393 27 27396 93 532 20 260 101 139 24 25 48 3349 628 38 362 120 3148 872 121 110 139 317 44 3230 5493
leaf_count=532 34 180 1357 665 393 27 27396 93 532 20 260 101 139 24 25 48 3349 628 38 362 120 3148 872 121 110 139 317 44 3230 5493
internal_value=0.000678531 -0.0248123 -0.127984 -0.0701489 -0.145979 0.100082 0.0214643 0.54029 -0.00504092 0.00108289 0.216115 0.263229 0.502622 0.783731 0.452721 0.980772 -0.00632023 -0.170984 1.6593 -0.302849 -0.421587 0.0015885 0.0542958 0.192049 0.0188945 -0.313575 0.207901 -0.0201226 -0.0500721 -0.101448
internal_weight=49797 22367 3597 2703 1870 833 27430 168 18770 18238 607 587 327 226 164 75 17631 808 62 894 513 16823 4908 1559 687 249 438 11915 8767 5537
internal_count=49797 22367 3597 2703 1870 833 27430 168 18770 18238 607 587 327 226 164 75 17631 808 62 894 513 16823 4908 1559 687 249 438 11915 8767 5537
is_linear=0
shrinkage=0.05


Tree=243
num_leaves=31
num_cat=0
split_feature=8 6 4 6 0 6 8 7 6 8 7 0 8 6 8 0 6 7 7 6 4 7 4 8 8 7 8 7 0 7
split_gain=9524.93 24357.9 29540.8 28276.4 20446.5 18276.8 29982.7 16800.5 16352.8 15437.4 14483.1 13824.8 13673.2 12878.4 12318.4 11796 25164.2 21206.2 16129.7 55441 33813.4 27355.9 19999.6 20018.6 14628.1 13120.8 12160.8 11738.3 18529.3 22519.3
threshold=3349.3750000000005 3234.5012500000007 9.5000000000000018 3532.4575000000004 26.063125000000003 3724.0400000000004 3866.1200000000003 3348.3550000000005 3913.0012500000007 3139.0150000000008 3533.1150000000002 25.985625000000002 3651.0112500000005 3987.0012500000007 4052.0700000000002 26.585625000000007 3319.1687500000003 4310.3187500000013 3554.0700000000002 3319.1687500000003 8.5000000000000018 3855.0087500000004 16.500000000000004 3637.5250000000005 4063.7725000000005 3336.9837500000003 3874.0825000000004 3505.7462500000006 32.130625000000009 3467.0137500000005
decision_type=2 2 2 2 2 2 2 2 2 2 2 2 2 2 2 2 2 2 2 2 2 2 2 2 2 2 2 2 2 2
left_child=1 -1 3 9 10 15 7 11 -8 -3 -5 12 -7 -4 -10 16 25 18 20 21 -17 -20 23 -22 -18 -2 -25 28 -9 -30
right_child=5 2 13 4 -6 6 8 27 14 -11 -12 -13 -14 -15 -16 17 24 -19 19 -21 22 -23 -24 26 -26 -27 -28 -29 29 -31
leaf_value=0.0080310886030800464 0.14873687006622585 -0.42369326379832251 -0.010216422803960866 -0.91720395548777156 -0.54440629721488343 -0.85336549658150906 0.17552594242759401 -0.26678389998040775 -0.10284844581781141 -0.12316115788537739 -2.7529580022607529 0.60290149332157206 0.34007289249982153 -1.2825904691219332 0.03388922695415169 -0.26162148699793814 0.061199845367403166 -0.72073781539996462 -0.68634543690213823 0.063244493145197117 0.16825419586755264 0.066691848521221828 -0.30778811627594882 0.51642390424514573 0.92074110317230229 0.50562719095304365 1.7625813620431083 -0.12049172941128557 -0.42171266534749202 -2.4474419231000155
leaf_weight=16364 479 568 3526 22 121 42 1621 349 2111 1725 21 140 56 20 7495 509 4939 96 441 2062 1948 166 189 289 50 557 21 3813 34 23
leaf_count=16364 479 568 3526 22 121 42 1621 349 2111 1725 21 140 56 20 7495 509 4939 96 441 2062 1948 166 189 289 50 557 21 3813 34 23
internal_value=0.000644604 -0.0235717 -0.10972 -0.242969 -0.877218 0.0203911 -0.0149291 -0.12465 0.0286287 -0.197606 -1.81374 0.284071 -0.171401 -0.0173928 0.00383996 0.0675529 0.116379 0.0161326 0.0287085 -0.0603962 0.109162 -0.480408 0.186288 0.227644 0.0698142 0.340617 0.600841 -0.147706 -0.403293 -1.23911
internal_weight=49797 22367 6003 2457 164 27430 15684 4457 11227 2293 43 238 98 3546 9606 11746 6025 5721 5625 2669 2956 607 2447 2258 4989 1036 310 4219 406 57
internal_count=49797 22367 6003 2457 164 27430 15684 4457 11227 2293 43 238 98 3546 9606 11746 6025 5721 5625 2669 2956 607 2447 2258 4989 1036 310 4219 406 57
is_linear=0
shrinkage=0.05


Tree=244
num_leaves=31
num_cat=0
split_feature=8 6 6 7 0 0 4 8 8 7 0 8 7 6 5 4 4 4 4 0 4 6 8 4 4 0 7 4 4 4
split_gain=8964.57 29008.3 19388.7 20113 32673.2 18414 17662.9 17458.4 15926.8 15507.7 30274.6 14994.9 12557.1 12395.5 11070 22469.1 97788.8 37791.2 25681.4 24369.7 24330.1 21572.9 16485.9 14520.3 39165.3 29431.2 32751.3 17055.6 54994 44442.8
threshold=3764.4675000000002 3613.1812500000001 3888.7662500000001 4150.8100000000013 26.290625000000009 26.239375000000006 7.5000000000000009 3562.1300000000006 4242.8275000000003 3587.0875000000005 29.465625000000006 4052.0700000000002 2817.8500000000004 4050.4637500000003 1.0000000180025095e-35 5.5000000000000009 7.5000000000000009 9.5000000000000018 12.500000000000002 27.745625000000008 14.500000000000002 3016.0012500000007 2563.1450000000004 12.500000000000002 11.500000000000002 27.779375000000005 3573.4800000000005 5.5000000000000009 4.5000000000000009 8.5000000000000018
decision_type=2 2 2 2 2 2 2 2 2 2 2 2 2 2 2 2 2 2 2 2 2 2 2 2 2 2 2 2 2 2
left_child=1 7 3 8 -5 -3 -7 14 -2 -9 -11 -4 -8 -13 15 21 22 19 -19 -18 -20 -1 -17 24 27 -25 -27 28 -16 -29
right_child=2 5 11 4 -6 6 12 9 -10 10 -12 13 -14 -15 23 16 17 18 20 -21 -22 -23 -24 25 -26 26 -28 29 -30 -31
leaf_value=-0.03515542906397464 0.15330398135805479 -0.23440421996927574 -0.097394484490660044 0.3367325994460022 -0.39622477408412254 -0.37049394388704482 -0.93226411168773982 0.25647849607524381 0.88013501269863803 0.15862256977064682 -0.43471106059792242 0.21350225742555998 0.0073700671299322881 0.011505174514041238 0.0020483092122842521 -0.87886756062507632 -0.23363485185235239 0.1595612658198047 -0.35514104000597807 -0.83677699654262305 0.025248812872426293 -0.34604598098080036 0.54072511973856241 -0.003281869023968844 -0.28799887476191466 0.32811616951590339 -0.36386221975165733 -0.16122174323090308 0.36670525498034606 0.084292201304520364
leaf_weight=1118 3562 2124 3023 238 421 371 36 1260 77 800 294 856 2882 6735 5640 21 609 1191 754 231 950 1114 783 3137 1174 1563 192 3747 1266 3628
leaf_count=1118 3562 2124 3023 238 421 371 36 1260 77 800 294 856 2882 6735 5640 21 609 1191 754 231 950 1114 783 3137 1174 1563 192 3747 1266 3628
internal_value=0.000612374 -0.0132578 0.0330601 0.122655 -0.131515 -0.119647 -0.0455379 0.00628225 0.168683 0.136897 -0.000829064 -0.00322011 -0.0042224 0.0342834 -0.00505588 -0.0604341 0.00343687 -0.104239 -0.0185674 -0.399499 -0.143069 -0.190322 0.503646 0.0133727 -0.0103911 0.0884482 0.252413 0.0124302 0.0688968 -0.0404455
internal_weight=49797 34885 14912 4298 659 5413 3289 29472 3639 2354 1094 10614 2918 7591 27118 6771 4539 3735 2895 840 1704 2232 804 20347 15455 4892 1755 14281 6906 7375
internal_count=49797 34885 14912 4298 659 5413 3289 29472 3639 2354 1094 10614 2918 7591 27118 6771 4539 3735 2895 840 1704 2232 804 20347 15455 4892 1755 14281 6906 7375
is_linear=0
shrinkage=0.05


Tree=245
num_leaves=31
num_cat=0
split_feature=8 7 3 0 7 5 1 3 0 7 8 8 0 7 5 0 7 8 7 7 8 1 1 7 1 7 7 0 0 1
split_gain=11775.2 18164.9 11670.8 11442.6 11663.2 10523.5 10331.2 9647.35 15457.6 12876.9 9387.74 8932.29 8912.43 9793.57 7809.8 7753.83 7320.6 8263.97 11517.4 10075.1 13395.5 11257.2 8713.37 7798.21 7328.08 13395.1 8052.59 11844.7 9296.45 14336.5
threshold=3059.2950000000005 3152.5637500000007 1.0000000180025095e-35 25.181875000000002 2806.2550000000006 1.0000000180025095e-35 10.500000000000002 1.0000000180025095e-35 26.444375000000004 3467.0137500000005 2698.0050000000006 3285.3500000000008 27.108125000000005 3245.7562500000004 22.500000000000004 28.181875000000005 3309.3050000000007 4255.8450000000003 4048.6962500000004 3804.0075000000002 3643.5450000000005 3.5000000000000004 9.5000000000000018 3985.6150000000002 3.5000000000000004 4794.9775000000018 4847.3062500000015 27.961875000000003 26.111875000000005 4.5000000000000009
decision_type=2 2 2 2 2 2 2 2 2 2 2 2 2 2 2 2 2 2 2 2 2 2 2 2 2 2 2 2 2 2
left_child=5 2 6 -4 15 7 -2 8 -1 10 -10 12 -3 -14 -7 -5 -13 19 -19 20 -18 23 -22 -21 25 -20 -26 28 -28 -30
right_child=1 11 3 4 -6 14 -8 -9 9 -11 -12 16 13 -15 -16 -17 17 18 24 21 22 -23 -24 -25 26 -27 27 -29 29 -31
leaf_value=-0.12183009595528767 0.019778990109077313 -0.010252838280229049 0.054074315979664472 0.59823102522641425 0.25053935850957099 0.049943501756918134 0.27676270753657878 -0.015831215529713782 -1.2046960660859067 -1.6843655766475771 -0.33366289956701523 0.091885681375684342 0.017977722063535612 -0.22653143800371037 -0.053409630956733123 1.6888765022158623 -0.033243707170193232 0.25816958788225347 -0.081235668391379856 -0.059227180755109403 0.095819257210690179 -0.018196559997052966 -0.090204335339341593 -0.23433729222541921 0.12597317642881595 0.32686171299219136 -0.75026875259033565 -0.64145065815272662 -0.23117215429680257 0.75530013837244203
leaf_weight=1258 3797 2841 777 88 907 2754 436 1083 34 21 343 2370 596 1309 5435 20 6528 627 1891 1323 4913 6090 722 1224 1997 225 29 88 79 69
leaf_count=1258 3797 2841 777 88 907 2754 436 1083 34 21 343 2370 596 1309 5435 20 6528 627 1891 1323 4913 6090 722 1224 1997 225 29 88 79 69
internal_value=-0.00116334 0.011706 0.0915263 0.19848 0.309026 -0.047028 0.0462484 -0.131868 -0.207754 -0.479341 -0.412218 -0.00290223 -0.0663597 -0.150034 -0.0186515 0.800202 0.007787 6.31569e-05 0.0577454 -0.0138166 0.0155075 -0.0551121 0.0719845 -0.143379 0.0290414 -0.0378416 0.0916075 -0.167367 0.0683351 0.228737
internal_weight=49874 38946 6025 1792 1015 10928 4233 2739 1656 398 377 32921 4746 1905 8189 108 28175 25805 5005 20800 12163 8637 5635 2547 4378 2116 2262 265 177 148
internal_count=49874 38946 6025 1792 1015 10928 4233 2739 1656 398 377 32921 4746 1905 8189 108 28175 25805 5005 20800 12163 8637 5635 2547 4378 2116 2262 265 177 148
is_linear=0
shrinkage=0.05


Tree=246
num_leaves=31
num_cat=0
split_feature=8 6 8 4 8 6 6 4 6 8 6 8 8 1 4 4 4 5 4 3 8 8 4 6 6 8 4 8 6 8
split_gain=10627.1 18554.9 24330.1 16454.6 15788.3 17134.4 15231.4 31270.6 14643.1 22447.6 15909.4 27498.2 15996 15673.3 14986.4 13380.5 15314.5 16193.8 21777 13798.3 21633.1 16164.3 13753.3 12893.9 12745.6 12732.4 12639.6 12607.9 12334 14273.1
threshold=3059.2950000000005 3288.0450000000005 3407.8400000000006 9.5000000000000018 3212.2862500000006 3498.4062500000005 3048.0525000000002 9.5000000000000018 3649.1662500000007 3806.5837500000002 4444.4925000000012 4422.5750000000016 4372.7737500000012 2.5000000000000004 17.500000000000004 7.5000000000000009 3.5000000000000004 1.0000000180025095e-35 5.5000000000000009 1.0000000180025095e-35 2345.2987500000004 2713.5450000000005 10.500000000000002 2929.6225000000004 3234.5012500000007 2698.0050000000006 22.500000000000004 2860.8662500000005 4050.4637500000003 4216.4300000000012
decision_type=2 2 2 2 2 2 2 2 2 2 2 2 2 2 2 2 2 2 2 2 2 2 2 2 2 2 2 2 2 2
left_child=6 -2 3 4 5 -3 15 24 -4 13 12 14 28 -10 -12 16 -1 18 -18 21 -21 22 -17 -23 -8 -22 -16 -20 -11 -30
right_child=1 2 8 -5 -6 -7 7 -9 9 10 11 -13 -14 -15 26 19 17 -19 27 20 25 23 -24 -25 -26 -27 -28 -29 29 -31
leaf_value=-0.038296167511382886 0.068698226258036718 -0.39557165657835353 0.074024764900999726 -0.03212845506434537 -0.15003497377359656 -1.5220665146772927 -0.22403688655191206 0.0015380771810623961 0.12339264305323012 0.082317994412336906 -0.86431509790885641 -0.0046526033274813753 0.22087607239894724 -0.14277703587720783 -0.17047160934971567 0.014220345249542824 -0.24543555610308734 0.22034097226215976 0.00370237246669572 1.2059589772689634 -0.1792041064445796 -0.23558374884965089 -0.97404035490792273 0.072284423125146199 -0.58079938715796986 0.28860563573594733 -1.1256529262975643 0.87621641355224811 -0.10525794361096769 0.087903855120423383
leaf_weight=2665 10294 385 6604 2613 1578 37 1301 2055 640 4685 132 2114 1205 4072 391 52 480 1660 87 41 344 969 109 524 310 252 38 79 2667 1491
leaf_count=2665 10294 385 6604 2613 1578 37 1301 2055 640 4685 132 2114 1205 4072 391 52 480 1660 87 41 344 969 109 524 310 252 38 79 2667 1491
internal_value=-0.00110517 0.0111207 -0.00956558 -0.114745 -0.222683 -0.49434 -0.0446766 -0.127758 0.010618 -0.0133991 0.0211273 -0.0872353 0.0499758 -0.106625 -0.398429 -0.00273574 0.0433395 0.137684 -0.074715 -0.10271 0.0950184 -0.17886 -0.654851 -0.127531 -0.292688 0.0185946 -0.25508 0.418935 0.0266879 -0.0359929
internal_weight=49874 38946 28652 4613 2000 422 10928 3666 24039 17435 12723 2675 10048 4712 561 7262 4971 2306 646 2291 637 1654 161 1493 1611 596 429 166 8843 4158
internal_count=49874 38946 28652 4613 2000 422 10928 3666 24039 17435 12723 2675 10048 4712 561 7262 4971 2306 646 2291 637 1654 161 1493 1611 596 429 166 8843 4158
is_linear=0
shrinkage=0.05


Tree=247
num_leaves=31
num_cat=0
split_feature=3 4 4 7 8 6 8 6 7 4 0 8 4 7 4 6 8 6 7 8 4 8 7 8 6 0 8 0 8 0
split_gain=10978.7 17086.1 13525.2 15133 15073.3 15555.9 13376 25717.9 35956.7 48768.5 17463.9 30895.9 21319.5 22587.5 21088.9 19506.9 20455.7 24564 30262.8 19411.9 16084.8 14648.9 13360.8 14510 12992.3 12667.7 13305 12639.5 12390 12223.1
threshold=1.0000000180025095e-35 7.5000000000000009 19.500000000000004 4917.9575000000013 4727.9650000000011 4734.1262500000012 3806.5837500000002 3856.0350000000003 3525.6937500000008 11.500000000000002 26.239375000000006 2860.8662500000005 8.5000000000000018 4200.6162500000009 15.500000000000002 3628.0050000000006 3481.7637500000005 3078.5637500000007 3279.0037500000003 3074.7512500000007 18.500000000000004 3555.6875000000005 3642.2137500000003 4372.7737500000012 3429.7550000000006 27.885625000000005 3187.7650000000008 28.181875000000005 2345.2987500000004 27.108125000000005
decision_type=2 2 2 2 2 2 2 2 2 2 2 2 2 2 2 2 2 2 2 2 2 2 2 2 2 2 2 2 2 2
left_child=2 -2 3 6 25 -6 7 10 9 -9 15 27 21 -14 -15 16 17 18 -1 -19 -10 -13 23 24 -8 26 -4 -12 29 -3
right_child=1 28 4 -5 5 -7 22 8 20 -11 11 12 13 14 -16 -17 -18 19 -20 -21 -22 -23 -24 -25 -26 -27 -28 -29 -30 -31
leaf_value=0.053213425890379251 -0.041088466503713783 0.13836537698904675 -0.52843375910531021 -0.88030597256800647 0.47956395589013018 -0.049686896301249769 0.91229807725176215 -3.2658466468254725 -0.12809378914229694 -0.26368052677041098 -0.73912648906972678 -0.31684191725141914 -0.0031509691153410874 0.026870101419362153 -2.0957118084430695 -0.20180123307416889 0.25274474908306316 -0.31319455516481959 0.41293796692725082 -0.017831088383615207 -1.121961272491349 -0.018676182775309795 0.040167435396611287 1.5509034311229533 0.15533103103047208 -0.4525595926262182 -0.079531348767669804 -0.14419443513694649 0.070734449875189523 1.7069228161936221
leaf_weight=4840 4775 27 171 49 226 360 64 24 427 31 225 1057 8873 22 25 831 1112 655 665 3691 45 675 5872 22 496 261 4755 148 9427 23
leaf_count=4840 4775 27 171 49 226 360 64 24 427 31 225 1057 8873 22 25 831 1112 655 665 3691 45 675 5872 22 496 261 4755 148 9427 23
internal_value=-0.00104991 0.0360378 -0.0158883 -0.00233901 -0.0859445 0.154427 -0.000895372 -0.0185084 -0.363831 -1.57372 -0.0105332 -0.0557744 -0.0401116 -0.00894173 -1.10216 0.0317581 0.049462 0.026515 0.0966679 -0.0623463 -0.222848 -0.20064 0.062816 0.291325 0.241842 -0.1131 -0.0951144 -0.503068 0.074898 0.859902
internal_weight=49874 14252 35622 29849 5773 586 29800 23346 527 55 22819 11025 10652 8920 47 11794 10963 9851 5505 4346 472 1732 6454 582 560 5187 4926 373 9477 50
internal_count=49874 14252 35622 29849 5773 586 29800 23346 527 55 22819 11025 10652 8920 47 11794 10963 9851 5505 4346 472 1732 6454 582 560 5187 4926 373 9477 50
is_linear=0
shrinkage=0.05


Tree=248
num_leaves=31
num_cat=0
split_feature=8 6 8 1 1 4 0 8 6 4 6 1 0 6 4 4 6 4 8 4 6 6 4 8 0 0 4 8 6 6
split_gain=10021.3 15461.2 22298.1 15401.6 13886.9 14411.2 13616.9 16180.5 13477.2 19249.9 15592.1 14004.4 18310.1 13275.5 11879.2 11400.9 18605.2 12438.1 12434.4 11317.8 10826.5 11687.1 11195.5 10727.6 10715.7 10508.1 17572.2 10082 20633.5 18619.1
threshold=2930.2325000000005 3156.8725000000004 3280.3837500000004 3.5000000000000004 5.5000000000000009 10.500000000000002 26.500625000000003 3280.3837500000004 2889.0850000000005 9.5000000000000018 3324.5325000000007 6.5000000000000009 24.779375000000005 3417.7750000000005 1.5000000000000002 6.5000000000000009 3016.0012500000007 8.5000000000000018 3134.3575000000005 13.500000000000002 3856.0350000000003 3880.8112500000002 4.5000000000000009 2665.5050000000006 26.643125000000005 24.679375000000004 18.500000000000004 3883.0225000000005 3724.0400000000004 4050.4637500000003
decision_type=2 2 2 2 2 2 2 2 2 2 2 2 2 2 2 2 2 2 2 2 2 2 2 2 2 2 2 2 2 2
left_child=8 3 20 24 5 -5 -7 -8 11 10 23 -1 14 -4 -13 16 18 -17 -6 -14 22 -22 -3 -10 -2 -11 -27 28 -15 -29
right_child=1 2 13 4 15 6 7 -9 9 25 -12 12 19 27 -16 17 -18 -19 -20 -21 21 -23 -24 -25 -26 26 -28 29 -30 -31
leaf_value=0.17212722379764075 0.041498273625640444 -0.25635156944381227 0.086062687706651902 0.55772659227860955 0.22870841828577235 0.53725872595520585 -1.100864372311569 0.073592931636184175 -0.56700371147529915 -0.73947471564946077 -1.1809423347818666 -0.26021729684375888 -0.41687624932199646 0.01624454578339822 0.074779462022145526 -0.13220189652983202 0.033367446710685665 0.068882701201242222 0.65839788843298441 0.16259719881300744 -1.4972905895539694 -0.24986238013626194 -0.059939877563517666 -0.17685512499102041 -0.23786862966668162 -0.01069491764793944 1.2529027087347848 0.11573758378580086 -0.11693992695405075 -0.017715998064266585
leaf_weight=972 735 867 4763 312 1037 85 41 103 202 48 44 316 444 7223 1628 971 1422 3697 201 104 28 57 4446 1379 644 1584 28 3968 4868 7657
leaf_count=972 735 867 4763 312 1037 85 41 103 202 48 44 316 444 7223 1628 971 1422 3697 201 104 28 57 4446 1379 644 1584 28 3968 4868 7657
internal_value=-0.000997417 0.00786902 -0.00777321 0.0651692 0.0921808 0.33664 0.0354219 -0.260801 -0.0576525 -0.130208 -0.252541 0.0111539 -0.0516335 0.00988738 0.0203253 0.0741332 0.156751 0.0270547 0.298472 -0.306903 -0.100948 -0.66078 -0.0919912 -0.226703 -0.0889675 -0.0104544 0.0112534 -0.00541128 -0.0373773 0.0278362
internal_weight=49874 43125 33877 9248 7869 541 229 144 6749 3285 1625 3464 2492 28479 1944 7328 2660 4668 1238 548 5398 85 5313 1581 1379 1660 1612 23716 12091 11625
internal_count=49874 43125 33877 9248 7869 541 229 144 6749 3285 1625 3464 2492 28479 1944 7328 2660 4668 1238 548 5398 85 5313 1581 1379 1660 1612 23716 12091 11625
is_linear=0
shrinkage=0.05


Tree=249
num_leaves=31
num_cat=0
split_feature=3 4 4 8 6 7 8 6 7 4 4 4 4 8 6 8 5 6 8 6 8 5 7 8 5 4 4 4 8 4
split_gain=10812.9 15943.5 12399.5 13836.3 14032.6 13658.6 11927.5 25002 30871.8 45755.5 14138.1 13714.4 24873.1 56686.5 26076 24144.3 15246.1 14688.9 12970.1 11827.6 26185.4 15949.7 11719.4 13237.2 12481.7 39850.6 13839.4 18025.6 18778 18438.1
threshold=1.0000000180025095e-35 7.5000000000000009 19.500000000000004 4727.9650000000011 4734.1262500000012 4917.9575000000013 3800.0100000000007 3856.0350000000003 3525.6937500000008 11.500000000000002 18.500000000000004 6.5000000000000009 4.5000000000000009 2345.2987500000004 3156.8725000000004 3129.3287500000006 1.0000000180025095e-35 2631.0750000000003 2829.2150000000006 2713.5450000000005 2588.4350000000009 1.0000000180025095e-35 3642.2137500000003 4372.7737500000012 1.0000000180025095e-35 18.500000000000004 18.500000000000004 17.500000000000004 4295.5550000000012 14.500000000000002
decision_type=2 2 2 2 2 2 2 2 2 2 2 2 2 2 2 2 2 2 2 2 2 2 2 2 2 2 2 2 2 2
left_child=2 -2 5 -4 -5 6 7 11 9 -9 -10 12 14 -14 15 17 -16 -1 -19 21 -21 -15 23 -8 25 -24 27 29 -29 -26
right_child=1 -3 3 4 -6 -7 22 8 10 -11 -12 -13 13 19 16 -17 -18 18 -20 20 -22 -23 24 -25 26 -27 -28 28 -30 -31
leaf_value=0.23201420342199347 -0.038643764013754869 0.073397329925628557 -0.10876873932933787 0.45635345094894941 -0.046316753608278111 -0.83680157266101052 0.2217430049907701 -3.1873702359588254 -0.13876653695898131 -0.24400632987099311 -1.0928854468950007 -0.041821133420102352 -2.11925267720664 -0.051210449315034427 -0.3795677339838131 0.3462604860806871 -0.079054126531867552 -0.20617824102534238 0.029955696311639496 -1.6464669108390808 0.16970053237800001 0.92867983957995548 0.026923352206276559 1.4709077125245875 0.098711588805635742 0.66502168048531396 -0.17308636742861258 0.096890215793576415 0.64112341320142152 -0.15979902594562348
leaf_weight=588 4775 9477 5187 226 360 49 589 23 400 31 43 13767 27 65 564 617 1677 845 1865 20 2588 115 1134 22 1530 312 956 542 224 1256
leaf_count=588 4775 9477 5187 226 360 49 589 23 400 31 43 13767 27 65 564 617 1677 845 1865 20 2588 115 1134 22 1530 312 956 542 224 1256
internal_value=-0.000947547 0.035859 -0.0156735 -0.082751 0.147546 -0.00270022 -0.00132871 -0.0181432 -0.368963 -1.49766 -0.231379 -0.0104751 0.0376289 0.160748 -0.0186706 0.0591862 -0.154685 0.00547942 -0.0436728 0.182828 0.155773 0.574831 0.0581814 0.266721 0.0367811 0.164604 -0.00421989 0.0412295 0.256039 -0.0178316
internal_weight=49874 14252 35622 5773 586 29849 29800 23235 497 54 443 22738 8971 2815 6156 3915 2241 3298 2710 2788 2608 180 6565 611 5954 1446 4508 3552 766 2786
internal_count=49874 14252 35622 5773 586 29849 29800 23235 497 54 443 22738 8971 2815 6156 3915 2241 3298 2710 2788 2608 180 6565 611 5954 1446 4508 3552 766 2786
is_linear=0
shrinkage=0.05


Tree=250
num_leaves=31
num_cat=0
split_feature=4 5 6 0 1 4 0 6 4 6 1 7 5 0 4 4 5 6 4 0 6 5 4 4 6 0 6 0 4 7
split_gain=7392.39 20382.1 15109.3 16791.5 15242.3 14663.3 13450.9 18393 13241.9 13081.8 13015 11692.1 10683.3 9718.98 9345.04 16405.2 15322.9 13974.1 12548.5 46080.8 26458.6 21497 87653.2 33145.1 17399.6 16712.3 16587.5 15462.8 15280.1 16118.2
threshold=21.500000000000004 1.0000000180025095e-35 3628.0050000000006 26.086875000000003 9.5000000000000018 22.500000000000004 26.643125000000005 4884.2275000000018 22.500000000000004 4734.1262500000012 9.5000000000000018 4917.9575000000013 22.500000000000004 27.605625000000007 12.500000000000002 11.500000000000002 1.0000000180025095e-35 3856.0350000000003 15.500000000000002 27.014375000000005 2966.2325000000005 1.0000000180025095e-35 14.500000000000002 14.500000000000002 4294.7462500000011 30.835625000000004 4389.0075000000006 25.654375000000005 13.500000000000002 3128.6787500000005
decision_type=2 2 2 2 2 2 2 2 2 2 2 2 2 2 2 2 2 2 2 2 2 2 2 2 2 2 2 2 2 2
left_child=14 5 3 -3 6 -2 8 9 11 13 -7 -4 -11 -8 15 17 -17 -1 19 27 -20 22 28 24 -23 -22 -24 -16 29 -21
right_child=1 2 4 -5 -6 10 7 -9 -10 12 -12 -13 -14 -15 18 16 -18 -19 20 21 25 23 26 -25 -26 -27 -28 -29 -30 -31
leaf_value=0.0077692109016888142 0.32648430231550218 -0.020635171436343448 0.035783935638751777 1.3730929749933156 -0.55395057608351062 0.054551210254430771 -0.25211425853835406 0.30499195053621575 -0.26223009571636341 -1.6905509107770067 -0.63521132930749813 0.89229185175757086 -0.48725288697651453 -0.97353454331556954 -0.63701249372254143 0.089547023332490053 -0.22714394991571085 -0.13523209317164561 0.54012069473870927 -0.10232445136285746 0.0044049824583425323 0.28319292181110284 0.48191392445071685 -0.0088526733494387489 1.0555308940472703 -0.30643659594483297 1.9216961108502888 -0.12979756665971046 -0.10062427556319205 -0.73000139716927592
leaf_weight=23071 488 1222 543 22 291 412 258 81 449 39 82 43 35 57 186 506 1558 1845 225 156 11704 2633 422 1225 75 449 21 782 442 297
leaf_count=23071 488 1222 543 22 291 412 258 81 449 39 82 43 35 57 186 506 1558 1845 225 156 11704 2633 422 1225 75 449 21 782 442 297
internal_value=-0.00097032 -0.0659512 -0.129924 0.00401275 -0.222695 0.13209 -0.158645 -0.380464 -0.0579151 -0.523194 -0.0599438 0.0986335 -1.12142 -0.382657 0.00476148 -0.0140415 -0.149506 -0.00281986 0.032011 0.089831 0.00286743 0.148063 -0.0250566 0.206958 0.304583 -0.00707925 0.550165 -0.227258 -0.309775 -0.513848
internal_weight=49619 4022 3040 1244 1796 982 1505 470 1035 389 494 586 74 315 45597 26980 2064 24916 18617 6239 12378 5271 1338 3933 2708 12153 443 968 895 453
internal_count=49619 4022 3040 1244 1796 982 1505 470 1035 389 494 586 74 315 45597 26980 2064 24916 18617 6239 12378 5271 1338 3933 2708 12153 443 968 895 453
is_linear=0
shrinkage=0.05


Tree=251
num_leaves=31
num_cat=0
split_feature=8 6 4 6 6 8 0 0 8 8 6 0 4 4 4 8 0 1 4 1 1 0 8 4 4 4 0 6 1 1
split_gain=8817.11 15430.8 15472.8 11956.7 11877.2 31475.9 15903.6 14021.7 28996.9 18019.5 19291.3 13585.6 26208.2 16001.5 25189 16054.1 15996.1 13886 13578.4 10925.5 10595.9 12389.7 14417.9 16496.4 13153.7 11075.9 11009.2 10912.2 9939.14 11491.9
threshold=3027.5687500000008 2937.6225000000004 10.500000000000002 3200.2550000000006 3613.1812500000001 3713.0325000000007 29.103125000000006 29.271250000000006 4041.9750000000004 3622.5675000000006 3058.5050000000006 29.598125000000007 9.5000000000000018 15.500000000000002 12.500000000000002 4584.4562500000011 30.745625000000004 4.5000000000000009 5.5000000000000009 4.5000000000000009 6.5000000000000009 25.053125000000005 2563.1450000000004 3.5000000000000004 8.5000000000000018 16.500000000000004 24.109375000000007 2588.4350000000009 7.5000000000000009 2.5000000000000004
decision_type=2 2 2 2 2 2 2 2 2 2 2 2 2 2 2 2 2 2 2 2 2 2 2 2 2 2 2 2 2 2
left_child=1 20 3 -3 7 6 28 8 9 10 18 -7 -13 14 19 -16 -15 -18 -2 -14 -1 22 26 27 -23 -25 -22 -24 29 -6
right_child=4 2 -4 -5 5 11 -8 -9 -10 -11 -12 12 13 16 15 -17 17 -19 -20 -21 21 24 23 25 -26 -27 -28 -29 -30 -31
leaf_value=0.13425478627460649 0.29827169923534441 -0.13698256782036236 -0.00047125051908867454 -0.40917950646487083 0.026831693866525785 -0.0094038575557383059 -0.0039312885297802238 -0.053212119314220256 1.2219257901299674 0.210982536897034 0.0057109622625115628 0.68111934712988909 -0.17790556567542282 0.067716024275142755 0.2820452495739208 1.4024138560800843 -0.1848582365978006 -0.93387333889933011 0.075876660113635475 0.38602215754030977 -0.11587952271958067 -0.60512195521747913 0.38106231789346096 0.27137903921920192 -0.100906978783804 -0.57872115215286613 -0.77291030770167712 -0.095810336788196185 -0.089360545254981591 -0.34102340976526152
leaf_weight=1393 977 2221 1903 493 249 12020 1381 3686 53 1590 12367 188 517 718 1029 33 333 76 2307 103 314 154 135 910 808 40 80 1077 1023 1441
leaf_count=1393 977 2221 1903 493 249 12020 1381 3686 53 1590 12367 188 517 718 1029 33 333 76 2307 103 314 154 135 910 808 40 80 1077 1023 1441
internal_value=-0.000921803 -0.0441564 -0.109781 -0.186427 0.00935331 -0.0191611 -0.142056 0.0353275 0.0541986 0.0506089 0.0343164 0.0143432 0.109585 0.0713333 0.169017 0.316859 -0.0744561 -0.32404 0.14204 -0.0842208 0.0175398 -0.0286751 0.02889 0.0795845 -0.181623 0.235585 -0.249287 -0.0426933 -0.212366 -0.286825
internal_weight=49619 9528 4617 2714 40091 19111 4094 20980 17294 17241 15651 15017 2997 2809 1682 1062 1127 409 3284 620 4911 3518 2556 2162 962 950 394 1212 2713 1690
internal_count=49619 9528 4617 2714 40091 19111 4094 20980 17294 17241 15651 15017 2997 2809 1682 1062 1127 409 3284 620 4911 3518 2556 2162 962 950 394 1212 2713 1690
is_linear=0
shrinkage=0.05


Tree=252
num_leaves=31
num_cat=0
split_feature=3 0 6 6 4 4 6 0 4 4 7 7 6 1 6 0 4 4 1 0 4 6 7 6 0 0 7 0 1 6
split_gain=7491.64 13801.8 16830.9 13586.9 12184.2 19028.4 18196.8 15849.3 12175.6 11654.5 10194.9 12266.9 18221.4 12568.9 10457.5 9374.4 9318.08 11573.1 10004.3 8688.97 8580.35 8539.11 21709 8506.72 8632.62 11255.7 7909.75 8824.4 7864.06 15047.8
threshold=1.0000000180025095e-35 23.426250000000003 2472.5250000000005 2929.6225000000004 16.500000000000004 15.500000000000002 3166.7437500000005 31.025625000000002 14.500000000000002 21.500000000000004 3825.0962500000001 4325.0600000000004 4623.0900000000011 2.5000000000000004 4963.005000000001 27.605625000000007 7.5000000000000009 5.5000000000000009 2.5000000000000004 24.904375000000005 22.500000000000004 4164.0150000000012 3684.9787500000007 4294.7462500000011 25.985625000000002 28.565625000000008 2980.4125000000004 24.820625000000003 9.5000000000000018 3347.0050000000006
decision_type=2 2 2 2 2 2 2 2 2 2 2 2 2 2 2 2 2 2 2 2 2 2 2 2 2 2 2 2 2 2
left_child=9 2 -2 8 5 16 -7 10 -3 -1 19 23 13 -13 20 28 17 -5 -19 -6 -14 -21 -23 24 -12 -26 27 -18 -11 -30
right_child=1 3 -4 4 7 6 -8 -9 -10 15 11 12 14 -15 -16 -17 26 18 -20 21 -22 22 -24 -25 25 -27 -28 -29 29 -31
leaf_value=-0.0046473672285545914 -1.6680239240328474 0.1622075672346438 -0.20146190459364571 0.0068312787344300399 0.00065624109794577921 0.91526953195532157 -0.34859206954023914 -1.1364195086635076 0.85719177899743204 -0.049076454329146875 0.0032779583283593116 -0.45196830295026302 -0.023585183736754629 0.59645428645751208 0.60862144868482249 -0.51640823814052117 -0.87316471735636392 0.16242848801481374 -0.25609421665350085 0.28695735504559094 -0.70018929328237267 -0.60984368608181594 0.41271592211472785 0.14564999434601009 -0.43847906786371288 0.12519979195558797 0.0069431119608555211 0.1584365609946341 0.42599925070124511 -0.3728431573744157
leaf_weight=32553 21 1061 286 2596 504 30 562 26 67 2230 479 32 287 268 55 135 21 170 892 1322 56 96 113 338 355 118 2822 1613 68 443
leaf_count=32553 21 1061 286 2596 504 30 562 26 67 2230 479 32 287 268 55 135 21 170 892 1322 56 96 113 338 355 118 2822 1613 68 443
internal_value=-0.000875713 0.0298232 -0.30178 0.0371561 0.0224464 -0.0108804 -0.284545 0.0941042 0.203488 -0.0131712 0.102057 0.0215265 0.190374 0.484623 -0.0314205 -0.109651 0.00908627 -0.0500517 -0.189099 0.180727 -0.134051 0.240006 -0.0569765 -0.0698346 -0.146341 -0.297857 0.0576336 0.145179 -0.0896177 -0.266539
internal_weight=49619 14190 307 13883 12755 8706 592 4049 1128 35429 4023 1988 698 300 398 2876 8114 3658 1062 2035 343 1531 209 1290 952 473 4456 1634 2741 511
internal_count=49619 14190 307 13883 12755 8706 592 4049 1128 35429 4023 1988 698 300 398 2876 8114 3658 1062 2035 343 1531 209 1290 952 473 4456 1634 2741 511
is_linear=0
shrinkage=0.05


Tree=253
num_leaves=31
num_cat=0
split_feature=8 7 3 8 4 0 4 5 4 4 7 8 7 8 7 4 4 5 5 0 4 5 4 4 8 0 8 8 3 4
split_gain=8695.99 12034.2 12681.8 8344.05 8275.52 8628.99 11990.2 11731.3 19953.5 10661.6 13845.8 10101.9 14904.1 14210.6 12659.9 12691.1 18288 36248.1 12976 18756.8 11437.6 13202.3 53894.7 13094.3 13636.1 12643.4 11067.7 10492.4 10108.6 9621.48
threshold=3163.0100000000007 3315.0300000000002 1.0000000180025095e-35 4928.8850000000011 22.500000000000004 25.224375000000006 1.5000000000000002 1.0000000180025095e-35 5.5000000000000009 18.500000000000004 4102.9562500000002 4153.2687500000011 3921.8200000000002 3666.3525000000004 4048.6962500000004 20.500000000000004 21.500000000000004 1.0000000180025095e-35 1.0000000180025095e-35 26.585625000000007 18.500000000000004 1.0000000180025095e-35 19.500000000000004 17.500000000000004 4555.4162500000011 30.835625000000004 4814.6737500000008 4657.6675000000005 1.0000000180025095e-35 7.5000000000000009
decision_type=2 2 2 2 2 2 2 2 2 2 2 2 2 2 2 2 2 2 2 2 2 2 2 2 2 2 2 2 2 2
left_child=-1 2 -2 4 5 6 -3 8 -8 -9 -11 12 13 -7 -13 20 17 -17 -18 -20 23 22 -22 -16 25 -25 28 -23 -21 -10
right_child=1 3 -4 -5 -6 11 7 9 29 10 -12 14 -14 -15 15 16 18 -19 19 26 21 27 -24 24 -26 -27 -28 -29 -30 -31
leaf_value=-0.032839029806096251 0.029343947494155278 -0.13483484378611435 0.17449746267883806 0.32821830419833387 -0.12169077249590035 -0.056937495967886137 -0.14611856132101866 0.15473463919457775 0.72648724336297288 -0.11198560088956673 0.23730370010473145 0.20609911767850442 -0.12393602146892942 0.053280412589448434 -0.033590494436197861 -0.27450214273632606 0.32321744506984063 0.56065827836372295 0.2115093564674739 -1.1074573468857556 0.70626533841239103 -0.29331904670642739 -0.46331670672980824 0.25995244950904212 1.4041517910957337 -1.0242964279651641 0.073046845446030295 0.054432197399039706 -0.20130115530413129 0.28294609200220638
leaf_weight=14864 5650 654 2051 189 1442 6371 243 1292 155 1312 362 1005 3494 5406 1328 180 134 467 124 93 196 951 198 459 25 20 48 281 46 579
leaf_count=14864 5650 654 2051 189 1442 6371 243 1292 155 1312 362 1005 3494 5406 1328 180 134 467 124 93 196 951 198 459 25 20 48 281 46 579
internal_value=-0.000831928 0.0128569 0.0680025 -0.00284053 -0.00516959 0.00143953 0.063441 0.0963278 0.246596 0.0468294 -0.0364523 -0.0122463 -0.0332491 -0.00634413 0.0454916 0.0100168 0.158616 0.328311 -0.0881098 -0.265338 -0.0369091 -0.133432 0.118506 0.0487598 0.265746 0.20633 -0.581535 -0.214002 -0.807578 0.376609
internal_weight=49619 34755 7701 27054 26865 25423 4597 3943 977 2966 1674 20826 15271 11777 5555 4550 1092 647 445 311 3458 1626 394 1832 504 479 187 1232 139 734
internal_count=49619 34755 7701 27054 26865 25423 4597 3943 977 2966 1674 20826 15271 11777 5555 4550 1092 647 445 311 3458 1626 394 1832 504 479 187 1232 139 734
is_linear=0
shrinkage=0.05


Tree=254
num_leaves=31
num_cat=0
split_feature=3 4 6 4 7 5 6 1 7 4 1 7 6 4 4 4 6 7 5 4 7 6 6 6 1 7 7 6 4 4
split_gain=6477.73 10820.4 13326.9 10135.8 9354.76 9014.6 13343 9642.62 11363.7 8598.73 8721.68 8314.59 12777.4 11548 10589.7 12473.2 16110.1 8185.86 8129.95 7530.79 8258.24 10312.9 9052.02 35476.5 32657 15565.9 12656.5 11562.4 7316.27 15006.7
threshold=1.0000000180025095e-35 7.5000000000000009 2879.9950000000003 21.500000000000004 5029.8150000000014 1.0000000180025095e-35 3620.0875000000005 9.5000000000000018 3294.0200000000004 22.500000000000004 9.5000000000000018 3912.2850000000003 4444.4925000000012 20.500000000000004 16.500000000000004 15.500000000000002 3166.7437500000005 3166.8725000000004 1.0000000180025095e-35 21.500000000000004 3320.7425000000007 3380.2762500000003 3472.4500000000003 3511.4525000000003 6.5000000000000009 3162.0112500000005 3157.0112500000005 3613.1812500000001 2.5000000000000004 6.5000000000000009
decision_type=2 2 2 2 2 2 2 2 2 2 2 2 2 2 2 2 2 2 2 2 2 2 2 2 2 2 2 2 2 2
left_child=3 -2 -3 28 11 9 -7 8 -8 -5 17 12 14 -13 15 -4 -17 -11 -18 20 22 -22 24 -24 25 -16 -25 -28 -1 -30
right_child=1 2 4 5 -6 6 7 -9 -10 10 -12 13 -14 -15 19 16 18 -19 -20 -21 21 -23 23 26 -26 -27 27 -29 29 -31
leaf_value=-0.064092169686601294 -0.033727746793809611 0.41748092013692101 0.059430961919833415 0.2317562676256226 0.75251036403661087 -0.0017974242144687611 -1.1377644404288263 -0.56414487036565941 -0.16656377440485404 -0.98504888474941255 -0.68002812929836853 -0.12897973960333275 -1.0147626444145486 0.12232223521949014 -2.0497182117402555 0.87569357138127091 0.079920213525755374 0.063030497724299916 -0.40836351562577944 0.02675646469414987 1.0815967188278834 0.14364177467222103 2.3377500313299673 -0.10710078821190305 0.69005317895708584 -0.077034292221069334 -0.042436487227678302 1.0998358691214687 0.07587923173076816 -0.013725993865133609
leaf_weight=4418 4757 252 4250 345 47 880 31 210 1060 20 58 1347 27 692 20 32 114 272 338 713 30 1267 27 74 79 20 32 72 5917 22218
leaf_count=4418 4757 252 4250 345 47 880 31 210 1060 20 58 1347 27 692 20 32 114 272 338 713 30 1267 27 74 79 20 32 72 5917 22218
internal_value=-0.000790331 0.0277557 0.0587614 -0.0122236 0.0489153 -0.102198 -0.152169 -0.253881 -0.19416 0.0546152 -0.119995 0.0452948 0.0708685 -0.0436924 0.0750156 0.0320422 -0.208458 -0.00875576 -0.285212 0.162178 0.221743 0.165337 0.447541 0.648898 0.100665 -1.06338 0.392723 0.748367 -0.00427444 0.00511865
internal_weight=49619 14190 9433 35429 9181 2876 2181 1301 1091 695 350 9134 7095 2039 7068 4734 484 292 452 2334 1621 1297 324 205 119 40 178 104 32553 28135
internal_count=49619 14190 9433 35429 9181 2876 2181 1301 1091 695 350 9134 7095 2039 7068 4734 484 292 452 2334 1621 1297 324 205 119 40 178 104 32553 28135
is_linear=0
shrinkage=0.05


Tree=255
num_leaves=31
num_cat=0
split_feature=8 6 6 7 0 6 6 0 0 8 6 7 0 6 7 6 6 8 0 7 8 6 8 6 6 7 7 8 7 8
split_gain=12178.1 14778.1 12065.7 10835.9 13230.1 12042.8 10649.3 12516.7 10520.6 21101.3 15983.6 10645.3 22287.4 23948.5 9592.5 15542.1 10252.7 9458.4 47298.2 9286.52 9225.21 9135.66 8992.79 25890.8 16022.5 13786.8 13653.2 13290.2 11815.3 10484.2
threshold=2817.5200000000004 3472.4500000000003 2794.2987500000004 2937.5300000000002 24.425625000000007 2631.0750000000003 2631.0750000000003 25.030625000000004 24.860625000000002 2563.1450000000004 2816.6700000000005 2758.5300000000002 26.164375000000003 2781.0100000000007 2937.5300000000002 3021.6687500000003 3043.3075000000003 2345.2987500000004 25.985625000000002 3692.2800000000007 2425.5450000000005 2986.8300000000004 4094.7875000000008 4104.505000000001 4623.0900000000011 3567.2662500000006 3938.5575000000003 4868.6775000000007 3211.3125000000005 4422.5750000000016
decision_type=2 2 2 2 2 2 2 2 2 2 2 2 2 2 2 2 2 2 2 2 2 2 2 2 2 2 2 2 2 2
left_child=1 6 3 5 -5 -2 7 -1 9 10 -8 -10 20 -14 16 -16 -15 18 -9 -6 -13 -11 23 -4 27 -25 -27 28 -24 -30
right_child=2 -3 22 4 19 -7 8 17 11 21 -12 12 13 14 15 -17 -18 -19 -20 -21 -22 -23 24 25 -26 26 -28 -29 29 -31
leaf_value=0.14120958918553125 0.72226157102268196 1.185194412521694 0.0019003978569839795 0.46602500907077804 -0.011370053707673182 0.17192698853131025 -0.37280961753506414 -2.0179973694411193 0.076252717079008908 -0.12274417058629346 -1.4099627251874229 1.0470636031141989 -1.5801139392350851 -0.74247670159107304 0.057847745528260434 -0.74318325852162281 0.13500496240564239 -0.10190917831964984 1.0634762853384019 1.0748439562320709 0.079458021434865814 -0.57311155779827982 1.2689885639718601 -0.77519458595152002 -0.09030898792694593 0.047234851607879866 -0.28898740286041863 1.0913037816683451 0.043231277788765579 0.19888652213635388
leaf_weight=843 144 23 34787 179 1219 321 95 33 868 1225 61 27 38 41 91 181 177 195 20 20 281 124 21 102 1539 463 868 33 4472 1427
leaf_count=843 144 23 34787 179 1219 321 95 33 868 1225 61 27 38 41 91 181 177 195 20 20 281 124 21 102 1539 463 868 33 4472 1427
internal_value=0.00136883 -0.0788355 0.00897324 0.132899 0.0642139 0.342353 -0.0855966 0.049352 -0.131477 -0.227809 -0.778363 -0.0463945 -0.173736 -0.370913 -0.277138 -0.475191 -0.030026 -0.26289 -0.855177 0.00616367 0.164281 -0.164142 0.00363483 -0.00667952 0.0534994 -0.214962 -0.17203 0.0906775 0.0850997 0.0808851
internal_weight=49918 4323 45595 1883 1418 465 4300 1091 3209 1505 156 1704 836 528 490 272 218 248 53 1239 308 1349 43712 36220 7492 1433 1331 5953 5920 5899
internal_count=49918 4323 45595 1883 1418 465 4300 1091 3209 1505 156 1704 836 528 490 272 218 248 53 1239 308 1349 43712 36220 7492 1433 1331 5953 5920 5899
is_linear=0
shrinkage=0.05


Tree=256
num_leaves=31
num_cat=0
split_feature=8 7 7 0 8 7 7 8 7 0 0 4 8 7 7 8 4 5 7 0 4 0 0 4 4 8 0 7 8 5
split_gain=11286.9 7680.8 9468.62 8398.83 7035.59 11231.8 10780.2 17195.3 8306.53 15734.1 10632.6 20528.2 23279.9 10812.6 9565.5 8692.02 8864.5 8864.49 8072.58 10781.6 16409.7 11201.5 10080.3 18661 9413.89 8721.78 11771.4 7931.03 7625.03 8987.47
threshold=2665.5050000000006 3480.0750000000003 3304.5062500000004 25.073125000000008 4094.7875000000008 3211.3125000000005 3723.3675000000007 3643.5450000000005 3206.2312500000003 27.81375000000001 26.585625000000007 7.5000000000000009 3222.0150000000008 3554.0700000000002 3473.5325000000007 2922.5787500000006 12.500000000000002 1.0000000180025095e-35 4048.6962500000004 29.728125000000002 16.500000000000004 27.605625000000007 26.733125000000005 22.500000000000004 20.500000000000004 4445.3162500000008 25.890625000000004 4917.9575000000013 4216.4300000000012 1.0000000180025095e-35
decision_type=2 2 2 2 2 2 2 2 2 2 2 2 2 2 2 2 2 2 2 2 2 2 2 2 2 2 2 2 2 2
left_child=1 2 -1 -4 6 -6 7 8 9 -2 -10 -12 14 -14 15 -13 -17 -18 19 21 28 -7 24 -24 27 -26 -27 -20 -21 -30
right_child=4 -3 3 -5 5 18 -8 -9 10 -11 11 12 13 -15 -16 16 17 -19 22 20 -22 -23 23 -25 25 26 -28 -29 29 -31
leaf_value=-0.1128750045422785 -0.005852358241845811 -0.62615286248603041 -0.15304759794047901 0.99472557499602032 1.205539177003361 0.15115585772070664 -0.050601048437359054 0.10479730948951627 0.012210220967339896 0.11699609150739719 -0.5228165250746496 -0.61571180237070577 0.039885927382578103 -0.1498049844888388 -0.55606530615608496 -0.23959082356870992 -0.34514559061740929 0.18724016813801966 0.036142329183043213 0.31964896010467786 -0.56338898295329676 -0.23375413560893687 -2.268030555561896e-05 -0.49913270854897007 0.082798413917267444 0.79342032737578405 0.2206673049341355 -0.81764618286064694 1.7206537766456607 0.64219003708923572
leaf_weight=2005 11221 70 28 37 21 1155 8875 4292 6398 3395 251 106 3379 966 196 803 106 298 952 128 36 226 3794 197 433 132 280 28 25 85
leaf_count=2005 11221 70 28 37 21 1155 8875 4292 6398 3395 251 106 3379 966 196 803 106 298 952 128 36 226 3794 197 433 132 280 28 25 85
internal_value=0.00130039 -0.11104 -0.0936207 0.5003 0.00633217 0.0508244 -0.00194207 0.0118062 -0.00291103 0.0226828 -0.0328302 -0.0800324 -0.0610473 -0.00228701 -0.230241 -0.181603 -0.143479 0.0475548 0.0475787 0.14501 0.431517 0.0881655 0.0198536 -0.0246593 0.117196 0.239491 0.404171 0.0117484 0.582007 0.887295
internal_weight=49918 2140 2070 65 47778 7492 40286 31411 27119 14616 12503 6105 5854 4345 1509 1313 1207 404 7471 1655 274 1381 5816 3991 1825 845 412 980 238 110
internal_count=49918 2140 2070 65 47778 7492 40286 31411 27119 14616 12503 6105 5854 4345 1509 1313 1207 404 7471 1655 274 1381 5816 3991 1825 845 412 980 238 110
is_linear=0
shrinkage=0.05


Tree=257
num_leaves=31
num_cat=0
split_feature=8 7 7 0 8 7 0 4 1 4 4 0 4 1 4 5 5 8 4 5 8 0 0 4 5 1 4 4 1 1
split_gain=10186.4 6931.92 8545.43 7579.94 6607.18 11353.4 9500.41 16681.1 15615.2 11262.3 8514.87 25034.8 8151.65 11594.9 13443.5 13251.6 12266.4 12894.1 6934.98 7764.77 7730.41 8036.92 7377.87 7342.02 21258.4 37168.6 58612.8 19184.8 16562.1 33963.4
threshold=2665.5050000000006 3480.0750000000003 3304.5062500000004 25.073125000000008 4355.6712500000003 4240.1350000000011 26.585625000000007 22.500000000000004 4.5000000000000009 20.500000000000004 14.500000000000002 28.775625000000002 20.500000000000004 4.5000000000000009 21.500000000000004 1.0000000180025095e-35 22.500000000000004 4771.6762500000004 1.0000000180025095e-35 1.0000000180025095e-35 4008.6487500000007 25.936875000000004 32.439375000000005 18.500000000000004 1.0000000180025095e-35 9.5000000000000018 19.500000000000004 19.500000000000004 2.5000000000000004 6.5000000000000009
decision_type=2 2 2 2 2 2 2 2 2 2 2 2 2 2 2 2 2 2 2 2 2 2 2 2 2 2 2 2 2 2
left_child=1 2 -1 -4 18 -6 9 10 -9 -7 11 -8 -12 14 15 -14 -16 -18 19 20 -2 -22 23 -20 25 26 -25 28 -26 -30
right_child=4 -3 3 -5 5 6 7 8 -10 -11 12 -13 13 -15 16 -17 17 -19 22 -21 21 -23 -24 24 27 -27 -28 -29 29 -31
leaf_value=-0.10723125316729849 -0.35928580243090791 -0.59484521293214387 -0.14539521176900183 0.94498931395040986 0.23558865600343559 -0.1019858845548394 0.036085559343072497 -0.63709223410396865 0.84226307153701796 0.37084804268279037 -0.073734069655890147 1.9159779989201091 -0.26429329915415672 0.76097015915986377 0.11377638858698665 0.46460388310754885 -1.2462844902406569 -0.13758357582522221 0.019450678520677275 -0.037628585647725005 1.0806391933560373 -0.24177318280907692 -0.091673616352412501 0.82909785083294674 -0.76590115914146439 -0.31775058236268078 0.062359091483956297 -0.039486454710628997 0.2570434004421297 -0.40091874693092466
leaf_weight=2005 375 70 28 37 812 192 77 165 20 366 1348 23 84 68 126 242 46 61 32919 1342 20 27 1896 316 148 401 1180 4610 285 629
leaf_count=2005 375 70 28 37 812 192 77 165 20 366 1348 23 84 68 126 242 46 61 32919 1342 20 27 1896 316 148 401 1180 4610 285 629
internal_value=0.00123537 -0.105488 -0.0889397 0.475285 0.00601556 0.070859 0.0233926 -0.0222251 -0.477162 0.208152 0.0183355 0.468461 -0.00445565 0.144487 0.0694949 0.27679 -0.22054 -0.614221 0.000683906 -0.096454 -0.283524 0.320955 0.00472673 0.00924104 -0.0351626 0.109732 0.224317 -0.0836224 -0.275211 -0.195755
internal_weight=49918 2140 2070 65 47778 3630 2818 2260 185 558 2075 100 1975 627 559 326 233 107 44148 1764 422 47 42384 40488 7569 1897 1496 5672 1062 914
internal_count=49918 2140 2070 65 47778 3630 2818 2260 185 558 2075 100 1975 627 559 326 233 107 44148 1764 422 47 42384 40488 7569 1897 1496 5672 1062 914
is_linear=0
shrinkage=0.05


Tree=258
num_leaves=31
num_cat=0
split_feature=8 6 6 6 0 8 7 0 6 6 0 6 6 6 6 8 8 0 7 7 8 6 6 8 7 0 8 6 7 6
split_gain=9541.47 13139.7 10865.9 10016.4 10488.9 20783.4 10506.5 40000.1 24616.7 18640.5 9980.49 9785.26 8575.47 9201.58 8997.27 34408.9 20544.7 20334.1 20376.1 7741.55 7708.35 12873.5 11990.8 20487.1 17813.7 60750 26679 13729.7 12813.6 23734.8
threshold=2817.5200000000004 3472.4500000000003 2794.2987500000004 2682.6250000000005 24.860625000000002 2563.1450000000004 2980.4125000000004 27.385625000000008 2828.7400000000002 2906.9475000000007 29.796875000000004 2816.6700000000005 2472.5250000000005 2563.1450000000004 2343.9187500000003 2425.5450000000005 2345.2987500000004 24.840625000000006 2782.4462500000004 3342.3050000000007 3178.0862500000007 3058.5050000000006 3411.5025000000005 3494.4650000000006 3554.0700000000002 27.213125000000005 3475.5112500000005 4050.4637500000003 3880.0200000000004 3319.1687500000003
decision_type=2 2 2 2 2 2 2 2 2 2 2 2 2 2 2 2 2 2 2 2 2 2 2 2 2 2 2 2 2 2
left_child=1 3 10 12 5 11 -6 9 -9 -8 -2 -5 14 -14 16 17 -1 18 -16 -17 21 -4 24 27 26 -26 -22 -24 29 -27
right_child=2 -3 20 4 6 -7 7 8 -10 -11 -12 -13 13 -15 15 19 -18 -19 -20 -21 22 -23 23 -25 25 28 -28 -29 -30 -31
leaf_value=1.2068211237021855 0.16485631482477919 1.1220830943273461 0.028414706321639484 -0.37177684968709945 0.030543501202962932 -0.17398474422623234 0.54788525770683361 -2.1856129131009503 -0.5965711449844795 -0.24632496827357528 -0.21124873089930279 -1.315332830098809 0.32466327045437726 0.0013653042432036611 -1.6440900653600694 0.14829320773386803 -0.16135396464603155 -2.4273568458557131 0.48856832754044305 -0.85359745249152186 0.061668383635449221 -0.086325265763547807 -0.10520874457650281 0.01433284153159854 0.21077722063026225 -0.69107340236504877 0.35539278063567342 -0.94817566499494177 -0.031609402753997089 -0.052445166405550275
leaf_weight=35 1686 23 4361 50 1217 1154 123 31 114 185 197 61 344 611 24 156 127 25 21 22 6755 5563 3399 20961 882 450 873 49 204 215
leaf_count=35 1686 23 4361 50 1217 1154 123 31 114 185 197 61 344 611 24 156 127 25 21 22 6755 5563 3399 20961 882 450 873 49 204 215
internal_value=0.0011736 -0.0698193 0.00790465 -0.0761946 -0.128237 -0.23684 -0.0459712 -0.251531 -0.936297 0.0708434 0.125508 -0.890308 0.0357052 0.11782 -0.155563 -0.344869 0.134239 -1.28403 -0.648849 0.024464 0.0028386 -0.035904 0.0142178 -0.00424575 0.0622696 -0.0815543 0.0952842 -0.117188 -0.378259 -0.4846
internal_weight=49918 4323 45595 4300 2935 1265 1670 453 145 308 1883 111 1365 955 410 248 162 70 45 178 43712 9924 33788 24409 9379 1751 7628 3448 869 665
internal_count=49918 4323 45595 4300 2935 1265 1670 453 145 308 1883 111 1365 955 410 248 162 70 45 178 43712 9924 33788 24409 9379 1751 7628 3448 869 665
is_linear=0
shrinkage=0.05


Tree=259
num_leaves=31
num_cat=0
split_feature=0 1 4 6 0 4 0 0 4 4 6 4 6 0 4 0 0 3 4 6 1 6 4 4 0 1 4 0 4 0
split_gain=8383.04 9839.98 9791.89 7454.05 10967.2 7226.16 16838.7 13104.9 10922.3 17524.7 6754.9 10214.3 10622.4 8549.84 7390.23 12411 6531.64 6529.01 12411.8 11202.5 13241.6 11680 10318.5 7237.5 7336.01 9431.2 6840.67 8583.65 6937.8 6549.12
threshold=23.426250000000003 9.5000000000000018 5.5000000000000009 2631.0750000000003 30.745625000000004 13.500000000000002 25.818125000000006 24.820625000000003 1.5000000000000002 6.5000000000000009 4693.3900000000012 17.500000000000004 4963.005000000001 31.701250000000005 22.500000000000004 26.643125000000005 25.630625000000006 1.0000000180025095e-35 16.500000000000004 3453.1762500000004 4.5000000000000009 3642.0012500000007 7.5000000000000009 14.500000000000002 30.745625000000004 5.5000000000000009 5.5000000000000009 27.495625000000008 8.5000000000000018 24.720625000000002
decision_type=2 2 2 2 2 2 2 2 2 2 2 2 2 2 2 2 2 2 2 2 2 2 2 2 2 2 2 2 2 2
left_child=1 2 -1 4 5 7 -7 -2 -9 -10 17 13 14 -12 -13 16 -16 -5 19 22 -21 26 -19 -23 25 -25 -22 -28 -29 -20
right_child=3 -3 -4 10 -6 6 -8 8 9 -11 11 12 -14 -15 15 -17 -18 18 29 20 21 23 -24 24 -26 -27 27 28 -30 -31
leaf_value=-0.27966124782997598 0.24310456199059327 0.0881194946996402 0.31586734166025726 -0.0083062961180323542 -0.65964035126898024 -0.41925373019241707 0.75826537810329697 0.94317030792052936 -0.88766192236216745 -0.016561008658323249 -0.83576546198711166 -0.072334557111504716 0.28877455564432369 0.16309418369983805 -0.56543227224736603 -0.94751284113952094 0.30367537072071665 -0.023974866681114374 -0.042614489285259557 -0.0013733129954634007 0.35771586705890041 -0.21910337611759118 0.10902365750602845 -1.2578739368915559 0.3453005558252335 -0.47509343483245481 -0.40698566823555676 -0.84533302009105682 0.12133728744418815 0.13885220440214802
leaf_weight=752 731 360 76 32703 45 41 117 26 64 590 82 711 172 29 37 70 52 2778 590 2512 92 381 3070 50 20 167 161 20 258 3161
leaf_count=752 731 360 76 32703 45 41 117 26 64 590 82 711 172 29 37 70 52 2778 590 2512 92 381 3070 50 20 167 161 20 258 3161
internal_value=0.00111492 -0.130115 -0.224999 0.0043142 0.109972 0.132045 0.452707 0.0961378 -0.0618514 -0.101806 0.000694807 -0.118837 -0.0702653 -0.574802 -0.141248 -0.449407 -0.057639 0.00369332 0.0332878 0.00290541 -0.065685 -0.206286 0.0458448 -0.354056 -0.571005 -0.655458 -0.034306 -0.116461 0.0517927 0.110309
internal_weight=49918 1188 828 48730 1614 1569 158 1411 680 654 47116 1153 1042 111 870 159 89 45963 13260 9509 3661 1149 5848 618 237 217 531 439 278 3751
internal_count=49918 1188 828 48730 1614 1569 158 1411 680 654 47116 1153 1042 111 870 159 89 45963 13260 9509 3661 1149 5848 618 237 217 531 439 278 3751
is_linear=0
shrinkage=0.05


Tree=260
num_leaves=31
num_cat=0
split_feature=8 0 4 3 4 4 8 0 0 4 5 0 8 0 7 7 8 0 4 8 4 4 8 8 5 4 4 8 7 0
split_gain=9174.92 8036.19 10781.7 7276.45 10818.2 10805.5 12276.6 12867.9 11955.8 11287.8 52479.2 19874.5 40529.4 14806.5 11255 10730 17762.2 10543.4 19717.7 18135.4 13768.5 14879.1 14534.2 14435.4 16131.8 26359.2 18809.1 13326.3 12834.2 12083.9
threshold=2504.5587500000006 28.821250000000006 12.500000000000002 1.0000000180025095e-35 7.5000000000000009 18.500000000000004 4690.4250000000011 27.81375000000001 25.770625000000006 17.500000000000004 1.0000000180025095e-35 28.690625000000008 4074.5275000000006 25.426875000000006 4917.9575000000013 3143.2600000000007 3038.3912500000006 25.794375000000006 3.5000000000000004 2713.5450000000005 8.5000000000000018 16.500000000000004 4528.2287500000011 3924.6612500000006 1.0000000180025095e-35 14.500000000000002 14.500000000000002 3541.7575000000006 3903.5725000000007 32.646875000000016
decision_type=2 2 2 2 2 2 2 2 2 2 2 2 2 2 2 2 2 2 2 2 2 2 2 2 2 2 2 2 2 2
left_child=1 -1 -3 5 -5 9 7 -7 -8 14 11 12 13 -11 17 -6 -17 18 -2 -19 27 23 -23 29 26 -26 -25 -21 -20 -22
right_child=3 2 -4 4 15 6 8 -9 -10 10 -12 -13 -14 -15 -16 16 -18 19 28 20 21 22 -24 24 25 -27 -28 -29 -30 -31
leaf_value=-0.22365429567462256 -0.03657397219771176 -0.039778346082438597 1.2102452655201374 -0.02902107668684031 0.14679692258734986 -0.063202535312816291 0.86522976054864786 -0.30249008194853866 0.07284653713236322 0.40444596502042957 0.30712771284658702 -0.94834570889878611 1.1546183425552992 -0.64153649481548669 -0.81122441208639806 -0.33276417021204358 0.048254841825622612 -0.59008643228665625 0.092169743896671499 -0.22770133743210519 0.017024589305727932 -0.13894399514007857 -1.4974699288606645 -0.0019735337978382724 0.3861855044388201 -0.14014578809178935 0.83660117527470002 -0.022043737000973535 0.81548481573981624 -0.17464118907401127
leaf_weight=717 4915 69 23 4635 2776 5897 51 621 715 42 1133 108 49 174 43 322 6108 142 5651 1442 9005 1261 20 109 413 561 173 1736 62 905
leaf_count=717 4915 69 23 4635 2776 5897 51 621 715 42 1133 108 49 174 43 322 6108 142 5651 1442 9005 1261 20 109 413 561 173 1736 62 905
internal_value=-0.000194127 -0.167205 0.272728 0.00255939 0.0332769 -0.00950947 -0.0637479 -0.0860006 0.125603 0.00462855 0.137776 -0.376637 -0.143639 -0.438151 -0.00295597 0.0646425 0.0291743 -0.00163922 0.0368508 -0.027584 -0.022472 0.00124432 -0.160154 0.0197605 0.17945 0.0830316 0.512471 -0.11536 0.100019 -0.000478693
internal_weight=49878 809 92 49069 13841 35228 7284 6518 766 27944 1506 373 265 216 26438 9206 6430 26395 10628 15767 15625 12447 1281 11166 1256 974 282 3178 5713 9910
internal_count=49878 809 92 49069 13841 35228 7284 6518 766 27944 1506 373 265 216 26438 9206 6430 26395 10628 15767 15625 12447 1281 11166 1256 974 282 3178 5713 9910
is_linear=0
shrinkage=0.05


Tree=261
num_leaves=31
num_cat=0
split_feature=8 6 4 6 8 6 8 6 8 3 6 8 8 6 0 4 6 4 0 0 4 4 4 0 0 1 6 8 0 8
split_gain=8919.81 20572.6 29833.9 13993.3 9997.65 11759.3 15793.9 14288 13994 11929.4 10587.9 14304.9 12491 13251.6 11418.3 11392.6 11413.1 10386.7 9601.92 9356.35 9067.68 9016.04 8606.2 16235.5 20693.2 18304 14066 8507.09 8459.53 8272.17
threshold=3201.7650000000008 3288.0450000000005 9.5000000000000018 3335.4600000000005 3426.4487500000005 3724.0400000000004 3828.5150000000008 4050.4637500000003 4084.1937500000004 1.0000000180025095e-35 4623.0900000000011 4620.6500000000005 4405.0625000000009 4444.4925000000012 32.346250000000005 20.500000000000004 4824.9700000000003 10.500000000000002 28.955625000000001 30.013125000000006 2.5000000000000004 13.500000000000002 16.500000000000004 25.868125000000003 26.263125000000006 5.5000000000000009 3566.8725000000009 3016.7750000000005 27.144375000000007 4498.9400000000014
decision_type=2 2 2 2 2 2 2 2 2 2 2 2 2 2 2 2 2 2 2 2 2 2 2 2 2 2 2 2 2 2
left_child=1 -1 -3 19 20 9 -7 29 -9 17 12 15 13 -10 -14 16 -12 -6 22 -2 -5 -19 26 -24 -25 -26 27 -4 -27 -8
right_child=3 2 18 4 5 6 7 8 10 -11 11 -13 14 -15 -16 -17 -18 21 -20 -21 -22 -23 23 24 25 28 -28 -29 -30 -31
leaf_value=-0.0092112568592531731 0.10505299666541786 -0.49257131123367404 -0.31688953166251349 -0.3782672590066376 0.10580030383982053 -0.10614159163215101 0.080602639720013081 -0.17221485566475239 0.017175598295570287 0.18293087852710624 -0.37910641617815732 -0.0073959614956314026 0.13877187327391932 -0.33029062257108105 1.0933662079274655 -0.049035325026748205 -1.1660770107446046 -0.20875934547633979 0.085407573062820596 -0.049084999282022521 -0.060520539227047067 0.0082507435521771595 -0.30858084665877478 1.6886304794362301 -1.0152053081072294 0.87501580875228946 -0.72780553407139248 0.13049415333174863 -0.18371669074584698 0.7277050203084946
leaf_weight=14579 5679 552 278 243 2528 3657 4029 1367 3105 1579 224 1056 1487 301 32 202 58 572 633 1191 2954 2932 147 27 26 54 135 172 29 50
leaf_count=14579 5679 552 278 243 2528 3657 4029 1367 3105 1579 224 1056 1487 301 32 202 58 572 633 1191 2954 2932 147 27 26 54 135 172 29 50
internal_value=-0.000184421 -0.0300789 -0.178266 0.0147709 -0.00178429 0.00964814 -0.0152529 0.0126524 -0.0268681 0.0605823 0.00386491 -0.110563 0.0396455 -0.0135312 0.158882 -0.335656 -0.540966 0.028555 -0.0626793 0.0783313 -0.0846721 -0.0271744 -0.170674 0.0556868 0.449417 0.142456 -0.280178 -0.14589 0.505097 0.0885348
internal_weight=49878 16632 2053 33246 26376 23179 15568 11911 7832 7611 6465 1540 4925 3406 1519 484 282 6032 1501 6870 3197 3504 868 283 136 109 585 450 83 4079
internal_count=49878 16632 2053 33246 26376 23179 15568 11911 7832 7611 6465 1540 4925 3406 1519 484 282 6032 1501 6870 3197 3504 868 283 136 109 585 450 83 4079
is_linear=0
shrinkage=0.05


Tree=262
num_leaves=31
num_cat=0
split_feature=3 0 6 4 4 6 5 4 4 0 7 4 5 0 6 6 0 0 7 0 0 4 6 5 0 7 5 4 4 6
split_gain=6186.32 12411.7 9974.46 20014.2 9141.57 11489.7 11461.3 39602.8 11755.6 13551.7 12804.7 11245.5 48635.7 17959.8 21872.1 14306.5 12024.9 10192.9 9546.23 9748.17 8459.65 16080.8 18047.1 12485.9 10592.9 13739.2 18399.8 33688.4 14639.9 14795.5
threshold=1.0000000180025095e-35 23.738125000000007 2929.6225000000004 14.500000000000002 18.500000000000004 4693.3900000000012 1.0000000180025095e-35 19.500000000000004 21.500000000000004 25.583125000000006 3143.2600000000007 17.500000000000004 1.0000000180025095e-35 28.690625000000008 3931.0700000000002 3453.1762500000004 27.605625000000007 25.426875000000006 3938.5575000000003 26.559375000000006 25.699375000000007 4.5000000000000009 3016.0012500000007 1.0000000180025095e-35 24.313125000000003 3359.0025000000005 1.0000000180025095e-35 5.5000000000000009 5.5000000000000009 2682.6250000000005
decision_type=2 2 2 2 2 2 2 2 2 2 2 2 2 2 2 2 2 2 2 2 2 2 2 2 2 2 2 2 2 2
left_child=4 -2 3 -3 5 11 7 -6 9 -9 -10 20 13 14 17 -14 18 -13 19 -17 21 22 -1 -24 25 26 27 -23 29 -28
right_child=1 2 -4 -5 6 -7 -8 8 10 -11 -12 12 15 -15 -16 16 -18 -19 -20 -21 -22 24 23 -25 -26 -27 28 -29 -30 -31
leaf_value=0.07509091830060699 -0.18682703841887979 0.13298844386528347 0.025672312823463845 1.0744912156462669 0.50058784860325611 -0.58237425819748923 -0.097644496598006586 0.075892774160831442 -1.0874415512429552 -0.37059987587873794 0.11186882487124612 0.33554082980586425 0.86257527735586137 -0.90147352972654282 0.58648853079477947 0.15463621336966754 0.44780349801809494 -0.59897112512307904 -0.08953724659624554 0.86481361314053506 -0.026961598161643865 -0.54127626828494524 -0.25480971447281742 -0.039626042103588825 0.054038631730040247 0.62931931199772029 1.2075549275303881 0.44172577164229632 -0.041545151940585556 0.35374721744240867
leaf_weight=2846 644 953 12598 60 381 84 5451 264 23 477 688 36 103 108 75 219 424 154 315 62 16161 210 899 2695 2881 182 57 149 217 462
leaf_count=2846 644 953 12598 60 381 84 5451 264 23 477 688 36 103 108 75 219 424 154 315 62 16161 210 899 2695 2881 182 57 149 217 462
internal_value=-0.000175199 0.0276612 0.0378097 0.188754 -0.0113143 0.00152697 -0.0612743 0.0468839 -0.0721666 -0.211526 0.0730726 0.00326286 0.13667 -0.358002 -0.136511 0.300974 0.244263 -0.421906 0.0994623 0.31133 -0.00419547 0.0305208 -0.0189685 -0.0934519 0.107171 0.227041 0.160179 -0.133289 0.303324 0.447518
internal_weight=49878 14255 13611 1013 35623 28339 7284 1833 1452 741 711 28255 1496 373 265 1123 1020 190 596 281 26759 10598 6440 3594 4158 1277 1095 359 736 519
internal_count=49878 14255 13611 1013 35623 28339 7284 1833 1452 741 711 28255 1496 373 265 1123 1020 190 596 281 26759 10598 6440 3594 4158 1277 1095 359 736 519
is_linear=0
shrinkage=0.05


Tree=263
num_leaves=31
num_cat=0
split_feature=8 6 4 8 8 6 6 4 7 7 0 8 1 7 7 8 6 8 7 7 1 6 7 0 1 4 1 8 0 4
split_gain=8813.41 12570.6 15733.3 14747.4 11469.1 12198.8 11991.3 24549.1 11466.9 21379.7 80243.4 17832.6 12735.9 10952.3 12871.7 10319.2 10395.4 17232.2 16340.9 14508.6 22795.7 14470.4 25178.2 13111.6 12565 17096.4 23531.7 13637.9 11142.4 10809.8
threshold=2648.6612500000006 2757.3775000000005 6.5000000000000009 2922.5787500000006 3197.0012500000007 3335.4600000000005 3288.0450000000005 9.5000000000000018 3977.0200000000004 3554.0700000000002 27.179375000000004 3431.6962500000004 5.5000000000000009 3737.0350000000003 3467.0137500000005 3407.8400000000006 3777.0100000000007 3898.6950000000002 2841.1350000000007 4240.1350000000011 3.5000000000000004 4050.4637500000003 4405.880000000001 25.841875000000005 9.5000000000000018 17.500000000000004 10.500000000000002 4130.0412500000011 27.745625000000008 17.500000000000004
decision_type=2 2 2 2 2 2 2 2 2 2 2 2 2 2 2 2 2 2 2 2 2 2 2 2 2 2 2 2 2 2
left_child=-1 2 3 -2 6 8 -3 -8 9 11 -11 -6 -12 14 -4 -7 18 28 23 -20 -21 22 -19 -17 -23 26 -26 -27 -18 -30
right_child=1 4 13 -5 5 15 7 -9 -10 10 12 -13 -14 -15 -16 16 17 21 19 20 -22 24 -24 -25 25 27 -28 -29 29 -31
leaf_value=-0.10406117918898772 0.21569927736668398 -0.02147228982068769 0.02245864550092308 0.90433462681465382 0.065959029564680222 -0.091491196779568518 -0.44993062290537866 -0.049167750608424175 0.5264034979969916 0.32485253422717225 -0.42076014229769454 0.31794176208470204 -0.98568516405729145 0.94354144690498232 -0.80264957747897325 0.26312778495973155 -0.17662955213168879 0.073860459416481436 0.057563038826800299 -1.0302530553143521 -0.056542742779872715 0.0033829375016377408 0.68242215628807368 1.8591678218408063 -0.72012569904327395 -0.52246809726367238 1.3654281323677617 -0.099029369380481846 -0.046941047829594212 0.3988291601113827
leaf_weight=1961 810 10485 1336 86 4747 2852 522 1426 137 489 429 824 130 31 49 31 2333 2570 8940 77 274 6746 182 22 21 305 38 505 1369 151
leaf_count=1961 810 10485 1336 86 4747 2852 522 1426 137 489 429 824 130 31 49 31 2333 2570 8940 77 274 6746 182 22 21 305 38 505 1369 151
internal_value=-0.00016644 0.00408545 0.117826 0.281796 -0.00168077 0.01367 -0.0426377 -0.156559 0.0736259 0.0642543 -0.142932 0.103229 -0.552138 0.0140711 -0.00673291 -0.00166392 0.00920806 -0.0177125 0.0501766 0.0451826 -0.270149 0.015843 0.114107 0.925635 -0.0196688 -0.198618 0.623112 -0.258472 -0.107998 -0.0026573
internal_weight=49878 47917 2312 896 45605 33172 12433 1948 6756 6619 1048 5571 559 1416 1385 26416 23564 14220 9344 9291 351 10367 2752 53 7615 869 59 810 3853 1520
internal_count=49878 47917 2312 896 45605 33172 12433 1948 6756 6619 1048 5571 559 1416 1385 26416 23564 14220 9344 9291 351 10367 2752 53 7615 869 59 810 3853 1520
is_linear=0
shrinkage=0.05


Tree=264
num_leaves=31
num_cat=0
split_feature=3 4 6 4 4 6 4 5 1 1 1 1 1 4 5 4 6 6 1 5 1 1 4 4 0 4 0 0 1 0
split_gain=6125.96 11419.5 10377.1 8984.89 8337.4 10530.6 10429.3 42793.6 56048.8 51869 15067.2 22048.2 11948.5 36153.8 57598.7 24426.2 20089.8 17722.2 14783.5 14860 13383.6 12802.6 11965.2 23599.7 19867.3 14888.9 21174.4 11841.4 11730.7 14022.8
threshold=1.0000000180025095e-35 7.5000000000000009 2879.9950000000003 14.500000000000002 18.500000000000004 4623.0900000000011 17.500000000000004 1.0000000180025095e-35 9.5000000000000018 9.5000000000000018 2.5000000000000004 6.5000000000000009 9.5000000000000018 16.500000000000004 1.0000000180025095e-35 16.500000000000004 3957.7100000000005 3811.5725000000007 1.5000000000000002 1.0000000180025095e-35 10.500000000000002 7.5000000000000009 13.500000000000002 10.500000000000002 28.731250000000006 4.5000000000000009 24.659375000000008 27.385625000000008 7.5000000000000009 27.014375000000005
decision_type=2 2 2 2 2 2 2 2 2 2 2 2 2 2 2 2 2 2 2 2 2 2 2 2 2 2 2 2 2 2
left_child=4 -2 3 -3 5 6 12 8 10 -9 -8 -12 15 17 -15 22 27 -14 -17 -20 -18 -21 23 25 -24 -1 -27 -16 29 -28
right_child=1 2 -4 -5 -6 -7 7 9 -10 -11 11 -13 13 14 16 18 20 -19 19 21 -22 -23 24 -25 -26 26 28 -29 -30 -31
leaf_value=-0.051186513006745551 -0.035733086201845558 0.22309089810124241 0.05072822038298095 0.96442033253037018 -0.058954719465579723 -0.46637562555571405 0.065220165683422246 0.44249219016518837 0.98951314967690096 -0.4668448333662969 -1.201382474659394 -0.2335636339657525 0.05041779110857704 -0.66043935125926512 1.9891099718309218 0.25476202493411132 -0.16319566155091311 -0.62301993228495123 0.030335385214607671 -0.51245550866108069 1.038852612517382 -0.061391019236651204 -0.04236107647634435 -0.13631797455383429 0.19150352805506116 0.22412733748867317 0.13445807824374786 0.86816374502683935 -0.12911025293227096 -0.036410090178916651
leaf_weight=6141 4753 191 9259 52 7284 120 64 921 66 189 141 101 4234 64 62 137 39 100 265 627 57 210 1796 3677 1837 1468 2343 38 1179 2463
leaf_count=6141 4753 191 9259 52 7284 120 64 921 66 189 141 101 4234 64 62 137 39 100 265 627 57 210 1796 3677 1837 1468 2343 38 1179 2463
internal_value=-0.000158118 0.0275422 0.0591931 0.381729 -0.0112427 0.00102072 0.0030083 0.132118 -0.331997 0.287659 -0.617029 -0.797458 -0.00414809 0.0692346 0.641911 -0.0193728 1.06717 0.0348793 -0.235077 -0.295974 0.550521 -0.399285 -0.00658778 -0.0239374 0.0758909 0.00646011 0.0539588 1.56315 0.0122199 0.0468908
internal_weight=49878 14255 9502 243 35623 28339 28219 1482 372 1110 306 242 26737 4594 260 22143 196 4334 1239 1102 96 837 20904 17271 3633 13594 7453 100 5985 4806
internal_count=49878 14255 9502 243 35623 28339 28219 1482 372 1110 306 242 26737 4594 260 22143 196 4334 1239 1102 96 837 20904 17271 3633 13594 7453 100 5985 4806
is_linear=0
shrinkage=0.05


Tree=265
num_leaves=31
num_cat=0
split_feature=8 5 7 8 0 8 0 7 0 1 3 5 8 7 1 0 0 7 3 7 0 8 7 0 8 0 8 8 1 7
split_gain=8864.83 13236.1 12013.9 10313.9 9257.38 11894.4 19465.8 10449 8507.26 8032.62 7750.57 7655.62 7298.25 16194.5 9788.35 9863.14 7445.37 8131.53 6616.7 9291.2 6599.46 6595.47 7220.92 8471.54 15619.4 7991.68 6534.28 6450.88 6405.15 6898.02
threshold=3217.0137500000005 1.0000000180025095e-35 3114.0300000000007 4031.0050000000006 26.239375000000006 2472.5250000000005 28.213125000000005 3342.3050000000007 27.679375000000007 10.500000000000002 1.0000000180025095e-35 22.500000000000004 4868.6775000000007 4448.9625000000005 4.5000000000000009 26.111875000000005 27.534375000000008 4917.9575000000013 1.0000000180025095e-35 3104.1425000000004 26.585625000000007 2504.5587500000006 3274.1487500000007 24.290625000000006 2345.2987500000004 25.158125000000002 2345.2987500000004 2975.0950000000007 7.5000000000000009 2860.8662500000005
decision_type=2 2 2 2 2 2 2 2 2 2 2 2 2 2 2 2 2 2 2 2 2 2 2 2 2 2 2 2 2 2
left_child=1 4 3 8 26 6 -6 10 9 18 -7 -3 -4 -14 15 -15 17 -17 -2 20 -20 22 23 -13 25 -25 -1 -9 -10 -30
right_child=2 11 12 -5 5 7 -8 27 28 -11 -12 21 13 14 -16 16 -18 -19 19 -21 -22 -23 -24 24 -26 -27 -28 -29 29 -31
leaf_value=0.68805829634269078 -0.042619980208178948 0.05177370868251379 0.0056577620671241641 1.2619474479556085 -2.1637997096776966 -0.23266003882219344 -0.12143926726920265 -1.2127000526107592 0.14534797383225467 0.4261732502641869 0.0019788917856958677 0.0040428450659793971 1.0449105785443233 0.91758758047452338 0.76626282930374146 -0.55682521205429636 0.18120551236367566 0.34969481076113884 0.22195572965598231 1.2256717233874259 -0.45317374085098872 -0.020452932400433478 0.4134997966961983 -0.43411255393709453 -0.24129340236225436 -1.6614541538059713 -0.054152678793914923 -0.40019977953164809 1.0673375175844524 0.35993779284084065
leaf_weight=30 1014 4295 30041 20 20 788 28 29 332 136 636 136 52 26 47 109 123 32 309 21 41 8234 39 21 155 36 2571 155 42 192
leaf_count=30 1014 4295 30041 20 20 788 28 29 332 136 636 136 52 26 47 109 123 32 309 21 41 8234 39 21 155 36 2571 155 42 192
internal_value=0.0010992 -0.0279644 0.0164389 0.131902 -0.104425 -0.196832 -0.972423 -0.17368 0.121072 0.0594913 -0.127863 -0.00276357 0.00844418 0.223629 0.0969027 -0.0115799 -0.103089 -0.35109 0.0234849 0.20416 0.142869 -0.0299342 -0.231661 -0.303964 -0.501553 -1.20928 -0.045592 -0.528257 0.286558 0.486907
internal_weight=49710 17173 32537 2107 4257 1656 48 1608 2087 1521 1424 12916 30430 389 337 290 264 141 1385 371 350 8621 387 348 212 57 2601 184 566 234
internal_count=49710 17173 32537 2107 4257 1656 48 1608 2087 1521 1424 12916 30430 389 337 290 264 141 1385 371 350 8621 387 348 212 57 2601 184 566 234
is_linear=0
shrinkage=0.05


Tree=266
num_leaves=31
num_cat=0
split_feature=8 5 7 8 4 8 1 7 7 1 4 4 8 4 1 4 4 0 4 4 4 1 0 5 1 1 4 0 4 7
split_gain=8000.51 11945.6 10842.5 9308.32 8927.96 13552.9 11430.5 12993.7 10443.9 10287.3 22311 27607.8 11369.3 10015.5 9084.54 8381.39 9751.8 7677.8 7364.12 30802 14114.9 54207.3 17336 11874.8 11334.5 10965.5 10251.2 12821.1 8959.9 8310.56
threshold=3217.0137500000005 1.0000000180025095e-35 3114.0300000000007 4031.0050000000006 12.500000000000002 2472.5250000000005 4.5000000000000009 3435.5075000000002 2952.5025000000005 8.5000000000000018 5.5000000000000009 7.5000000000000009 2817.5200000000004 9.5000000000000018 5.5000000000000009 4.5000000000000009 1.0000000180025095e-35 27.679375000000007 5.5000000000000009 4.5000000000000009 7.5000000000000009 8.5000000000000018 24.109375000000007 22.500000000000004 9.5000000000000018 7.5000000000000009 16.500000000000004 26.164375000000003 3.5000000000000004 2729.3400000000006
decision_type=2 2 2 2 2 2 2 2 2 2 2 2 2 2 2 2 2 2 2 2 2 2 2 2 2 2 2 2 2 2
left_child=1 4 3 17 6 -6 7 -1 -7 10 15 12 -12 14 -13 16 -8 -2 19 24 21 22 -20 26 -3 29 -22 -28 -26 -24
right_child=2 18 -4 -5 5 8 9 -9 -10 -11 11 13 -14 -15 -16 -17 -18 -19 20 -21 23 -23 25 -25 28 -27 27 -29 -30 -31
leaf_value=-0.23911735980980919 0.056516696217212017 -0.059099074335376617 0.0080219703203135689 1.1988500687852504 -1.3036710895341019 0.052636836362243804 -0.54923192191492309 -1.5137081533670427 -0.32330917142236082 -0.14602770810549592 0.065513936697971079 0.51389511495828633 0.82979709232602217 0.20863628896720568 -0.30023642507650616 -0.45388234399752803 0.010117509967525499 0.27222998688217953 0.58681490283648852 0.2908379970232286 0.058537563621872062 -0.70738349908848386 -0.53881872433580857 -0.053647465348843765 0.045986139201021577 -0.42801333064316244 0.16191158996751676 1.08187110381467 0.39504375080634591 0.096266031892291298
leaf_weight=418 1521 3360 30430 20 29 270 89 21 585 1116 64 40 203 391 239 166 626 566 118 1011 2003 358 57 4172 719 163 117 56 247 535
leaf_count=418 1521 3360 30430 20 29 270 89 21 585 1116 64 40 203 391 239 166 626 566 118 1011 2003 358 57 4172 719 163 117 56 247 535
internal_value=0.00104424 -0.0265662 0.015617 0.125307 -0.0992039 -0.240645 -0.0621348 -0.300089 -0.204589 -0.0265309 0.0468236 0.216668 0.646598 0.0453374 -0.183515 -0.133817 -0.0595078 0.115019 -0.00262539 0.0423654 -0.0343071 -0.189257 0.0232161 -0.0042593 -0.0157034 -0.0648696 0.0904316 0.459702 0.135238 0.0351177
internal_weight=49710 17173 32537 2107 4257 884 3373 439 855 2934 1818 937 267 670 279 881 715 2087 12916 5337 7579 1231 873 6348 4326 755 2176 173 966 592
internal_count=49710 17173 32537 2107 4257 884 3373 439 855 2934 1818 937 267 670 279 881 715 2087 12916 5337 7579 1231 873 6348 4326 755 2176 173 966 592
is_linear=0
shrinkage=0.05


Tree=267
num_leaves=31
num_cat=0
split_feature=8 7 8 0 1 8 7 0 4 1 7 0 0 4 8 1 1 7 4 4 5 4 5 8 1 0 0 7 1 7
split_gain=7297.46 8703.82 9729.75 8222.25 8116.71 7375.23 14463.9 8781.57 9294.64 11380.7 11002.3 9130.54 7730.33 8380.26 6655.12 6340.98 6133.64 5975.13 13725.8 5769.07 22056.1 17474.6 20410.7 11045 8659.33 10371.3 8265.64 7228.16 7708.24 6566.99
threshold=2860.8662500000005 2952.5025000000005 3970.0150000000008 28.070625000000003 3.5000000000000004 4405.0625000000009 3635.4337500000006 25.794375000000006 20.500000000000004 4.5000000000000009 4405.880000000001 32.013125000000009 30.929375000000004 16.500000000000004 4555.4162500000011 6.5000000000000009 3.5000000000000004 2472.1537500000004 13.500000000000002 21.500000000000004 1.0000000180025095e-35 20.500000000000004 1.0000000180025095e-35 4928.8850000000011 4.5000000000000009 26.290625000000009 26.263125000000006 4917.9575000000013 2.5000000000000004 4405.880000000001
decision_type=2 2 2 2 2 2 2 2 2 2 2 2 2 2 2 2 2 2 2 2 2 2 2 2 2 2 2 2 2 2
left_child=17 2 3 15 -5 -3 -7 8 10 16 -8 12 19 -14 -13 -2 -10 18 -1 21 -21 23 -23 27 25 -22 -26 28 -9 -27
right_child=1 5 -4 4 -6 6 7 11 9 -11 -12 14 13 -15 -16 -17 -18 -19 -20 20 24 22 -24 -25 26 29 -28 -29 -30 -31
leaf_value=0.040588282352292587 -0.065345652205577628 -0.0054947540179317187 1.1789087704569103 -0.10031633196231814 0.34092860426778582 1.1157046368627836 0.34344986017906304 -0.27187003775439955 0.32714287026060956 -0.15363739744030142 -0.78628726415336136 0.14514307780907706 -0.090443987786769875 -1.0274243900958184 0.99136751556680314 0.087169811410588591 1.1246411238835283 -0.071433401221300472 1.0918242343482287 0.39631982404779603 0.24729958991857545 -0.22208056962625547 0.56743715913704362 0.9530844870830576 -0.56079898368228565 -0.089020722040587724 0.58895993950190373 -0.71580991480085587 0.051347309577156844 -0.54104136464624475
leaf_weight=358 969 37614 20 134 469 33 66 218 36 37 32 52 75 35 42 2297 73 4692 34 182 69 110 320 30 22 111 54 36 1199 291
leaf_count=358 969 37614 20 134 469 33 66 218 36 37 32 52 75 35 42 2297 73 4692 34 182 69 110 320 30 22 111 54 36 1199 291
internal_value=0.000992027 0.00745813 0.0789253 0.0732391 0.242874 0.000635445 0.0744687 0.0633487 0.351221 0.60405 -0.0254439 0.0386682 0.0221166 -0.388574 0.523243 0.0419195 0.861247 -0.0557657 0.131767 0.0392157 -0.0804722 0.084826 0.365468 0.00345323 -0.239112 -0.319025 0.256135 -0.0161538 0.00162156 -0.41623
internal_weight=49710 44626 3889 3869 603 40737 3123 3090 244 146 98 2846 2752 110 94 3266 109 5084 392 2642 729 1913 430 1483 547 471 76 1453 1417 402
internal_count=49710 44626 3889 3869 603 40737 3123 3090 244 146 98 2846 2752 110 94 3266 109 5084 392 2642 729 1913 430 1483 547 471 76 1453 1417 402
is_linear=0
shrinkage=0.05


Tree=268
num_leaves=31
num_cat=0
split_feature=6 8 0 8 0 7 4 4 0 0 4 8 6 0 0 8 7 7 0 3 7 6 4 8 6 4 4 7 0 4
split_gain=7753.96 14687.7 8842.81 25531 18489 14770.6 11227.8 8109.77 13371 7514.96 19520.5 10334.2 24115.3 19256.9 36155.6 17956.4 15402.6 9724.94 7361.73 6947.13 13584 23512.8 18004.3 12622.8 16137.8 9304.84 16579.8 12877.1 23847.8 17582.5
threshold=2631.0750000000003 2851.5150000000008 25.073125000000008 2345.2987500000004 25.818125000000006 2795.1100000000006 5.5000000000000009 13.500000000000002 25.868125000000003 28.483125000000005 11.500000000000002 2504.5587500000006 3229.8850000000007 27.534375000000008 24.720625000000002 2345.2987500000004 2974.0562500000005 2860.8662500000005 24.290625000000006 1.0000000180025095e-35 2937.5300000000002 3613.1812500000001 7.5000000000000009 3005.9525000000008 3043.3075000000003 16.500000000000004 15.500000000000002 3320.7425000000007 25.936875000000004 18.500000000000004
decision_type=2 2 2 2 2 2 2 2 2 2 2 2 2 2 2 2 2 2 2 2 2 2 2 2 2 2 2 2 2 2
left_child=2 9 -1 4 -4 -5 -7 -8 -9 11 17 12 13 14 18 -16 -15 -11 -2 -3 21 22 -21 -24 -25 26 -22 28 -27 -30
right_child=1 19 3 5 -6 6 7 8 -10 10 -12 -13 -14 16 15 -17 -18 -19 -20 20 25 -23 23 24 -26 27 -28 -29 29 -31
leaf_value=0.21339300323823485 -0.43993234656205993 -0.0066793489618362902 -1.7734481555574082 0.66661498314292922 0.14243347207084298 0.98200935696562142 -0.14422732506628469 -0.67422154886381969 0.55800171341132188 -0.11274653169025708 0.33472035641916709 -0.10125814872824723 -2.0121405818245628 -0.43741429686546329 1.3602207859841791 0.049348188621095489 -2.1257526825774802 -0.93339625866640186 -1.4350153766134206 0.081866221270448888 0.0049856150166320591 -0.55343571126912583 0.24650018414793973 -0.27363569537615956 0.90213931422156191 0.035547978104103227 -0.29940962391996112 0.048513864506499055 0.61615008820279116 2.1962872849404813
leaf_weight=901 41 32432 34 89 20 27 536 28 103 257 318 2885 22 35 41 72 22 42 34 707 6060 99 293 34 206 253 483 3469 147 20
leaf_count=901 41 32432 34 89 20 27 536 28 103 257 318 2885 22 35 41 72 22 42 34 707 6060 99 293 34 206 253 483 3469 147 20
internal_value=0.000942426 -0.0028163 0.10469 -0.0123243 -1.06386 0.0601955 -0.0175729 -0.0580358 0.294626 -0.0975633 0.0620139 -0.1288 -0.4264 -0.284007 -0.0399235 0.524975 -1.08905 -0.228022 -0.891037 0.00526236 0.0381647 0.188089 0.247291 0.46672 0.735571 0.0189212 -0.0174846 0.0801718 0.341651 0.805388
internal_weight=49710 47972 1738 837 54 783 694 667 131 3769 617 3152 267 245 188 113 57 299 75 44203 11771 1339 1240 533 240 10432 6543 3889 420 167
internal_count=49710 47972 1738 837 54 783 694 667 131 3769 617 3152 267 245 188 113 57 299 75 44203 11771 1339 1240 533 240 10432 6543 3889 420 167
is_linear=0
shrinkage=0.05


Tree=269
num_leaves=31
num_cat=0
split_feature=8 6 4 7 8 6 4 8 6 6 8 7 3 8 8 6 6 7 7 4 4 8 8 6 7 6 6 7 6 3
split_gain=7048.74 16116 14140.2 18405.4 13968.9 17304.9 11641.7 19924.2 14756 10567.6 10296.9 10068.5 30509.1 21353.7 13040.3 19086.1 10019.4 12787.6 18491 14917.4 17847 14052.3 12125.7 20099.9 11618.9 21176.6 11428.9 10370.8 14696.2 19327.3
threshold=3217.0137500000005 3058.5050000000006 7.5000000000000009 3359.0025000000005 2898.5050000000006 2757.3775000000005 6.5000000000000009 2817.5200000000004 3447.0925000000002 2698.0050000000006 3054.0750000000003 2922.0950000000007 1.0000000180025095e-35 2472.5250000000005 3005.9525000000008 3546.6200000000003 3335.4600000000005 3977.0200000000004 3554.0700000000002 17.500000000000004 7.5000000000000009 3733.1750000000006 3549.0825000000004 4190.0325000000003 3762.1650000000004 3485.5350000000003 3434.7200000000007 3109.3200000000002 3594.2637500000005 1.0000000180025095e-35
decision_type=2 2 2 2 2 2 2 2 2 2 2 2 2 2 2 2 2 2 2 2 2 2 2 2 2 2 2 2 2 2
left_child=1 2 3 4 5 -1 7 -3 10 -6 -9 12 -8 -13 -14 -16 17 18 21 20 -20 -2 23 27 25 -24 -26 28 29 -18
right_child=16 6 -4 -5 9 -7 11 8 -10 -11 -12 13 14 -15 15 -17 22 -19 19 -21 -22 -23 24 -25 26 -27 -28 -29 -30 -31
leaf_value=0.092498569584171825 0.091431325020424559 -1.2343531453332237 -0.058491850615489706 0.48763085105530923 0.79087499127280525 -0.14217352719965756 -0.52563475324527209 -0.29608619542293474 -1.4090777889541959 0.12403603622028286 -0.069708614326191742 -1.7103701066970824 0.083581551471835422 -0.072250727561069775 0.77272382782264193 -0.29556389568107472 0.080626714417228004 0.56580846262004347 0.25909895256538934 0.26204180921791925 -0.32953921031852818 0.89496345799077648 0.36033509617629839 -1.2396058241526287 -0.36200614190560637 0.045442051048489945 -0.0018223084404059881 -0.075264308586597745 -0.28437073976873495 0.84547409743007995
leaf_weight=1641 5075 43 3586 250 61 1507 190 713 23 2282 1700 20 1182 3754 165 56 270 128 158 197 696 55 583 36 224 6341 13120 5396 139 119
leaf_count=1641 5075 43 3586 250 61 1507 190 713 23 2282 1700 20 1182 3754 165 56 270 128 158 197 696 55 583 36 224 6341 13120 5396 139 119
internal_value=0.000895304 -0.0250208 0.0194043 0.0680606 0.048958 -0.0198429 -0.0778315 -0.167447 -0.148614 0.141397 -0.136599 -0.0364386 0.0689709 -0.0809318 0.149495 0.502026 0.0145738 0.0711461 0.0609024 -0.130161 -0.220634 0.100046 0.000965625 -0.061728 0.0194013 0.071956 -0.00786856 -0.0545701 0.156919 0.314603
internal_weight=49710 17173 9327 5741 5491 3148 7846 2479 2436 2343 2413 5367 1593 3774 1403 221 32537 6309 6181 1051 854 5130 26228 5960 20268 6924 13344 5924 528 389
internal_count=49710 17173 9327 5741 5491 3148 7846 2479 2436 2343 2413 5367 1593 3774 1403 221 32537 6309 6181 1051 854 5130 26228 5960 20268 6924 13344 5924 528 389
is_linear=0
shrinkage=0.05


Tree=270
num_leaves=31
num_cat=0
split_feature=8 6 6 4 8 6 8 6 4 6 1 4 4 3 6 4 5 6 1 4 4 6 8 1 4 4 4 5 4 8
split_gain=8325.99 12206.9 10389.3 10491.2 9835.52 19101.9 12881.3 13090.7 15403.4 12245.4 11589.7 10572.3 15708.9 13333.1 19004.7 12126.2 17597.3 11509.9 11403.9 9402.51 9049.37 8999.37 8925.12 8393.05 12936.1 27040.6 16300.6 15610.9 24012.5 12444.2
threshold=4928.8850000000011 4734.1262500000012 4693.3900000000012 13.500000000000002 4019.1987500000005 3848.1787500000005 3726.0050000000006 3613.1812500000001 1.0000000180025095e-35 4093.5975000000003 3.5000000000000004 12.500000000000002 18.500000000000004 1.0000000180025095e-35 4116.0350000000008 19.500000000000004 1.0000000180025095e-35 4422.2587500000009 8.5000000000000018 11.500000000000002 20.500000000000004 4963.005000000001 4204.0150000000003 9.5000000000000018 12.500000000000002 5.5000000000000009 8.5000000000000018 1.0000000180025095e-35 6.5000000000000009 3395.3475000000003
decision_type=2 2 2 2 2 2 2 2 2 2 2 2 2 2 2 2 2 2 2 2 2 2 2 2 2 2 2 2 2 2
left_child=2 -2 4 -4 5 6 7 23 -9 -6 19 -7 17 14 -14 16 18 -13 -15 -10 -21 -5 -11 -1 25 -25 27 28 -27 -30
right_child=1 -3 3 21 9 11 -8 8 10 22 -12 12 13 15 -16 -17 -18 -19 -20 20 -22 -23 -24 24 -26 26 -28 -29 29 -31
leaf_value=-0.0098517287103305311 1.270071943875017 0.15971489221342572 -0.83991038386054617 -0.18710323303181789 0.1478178742627525 -0.25334963188835141 0.089920200860091754 -0.89363822966814055 -0.072651579690373405 -0.091092675248818908 -0.15032575758017816 0.047799972163914566 -0.21854241035899885 0.83061778193170377 -0.87883710962568606 0.10975441370359751 -0.5949741265036651 -0.78911175514970511 -0.58555787290845607 0.29886984290374863 -0.44871314902272491 0.2497910590005526 0.051626114227862008 0.15003014089905276 0.20150621064588126 0.72963284301914666 0.017611819444107179 -0.34965650377066243 -0.4399763876097087 0.72787681875957388
leaf_weight=23255 29 169 54 808 2346 964 3810 60 664 1533 2265 1880 702 44 129 502 169 42 21 403 45 138 3838 2132 1226 95 1448 805 147 27
leaf_count=23255 29 169 54 808 2346 964 3810 60 664 1533 2265 1880 702 44 129 502 169 42 21 403 45 138 3838 2132 1226 95 1448 805 147 27
internal_value=-0.00124283 0.322343 -0.00253581 -0.162063 0.000749896 -0.00903313 0.00293085 -0.00724443 -0.0995328 0.0525174 -0.0854238 -0.106781 -0.0662852 -0.183784 -0.321043 -0.028809 -0.326069 0.0295116 0.373084 0.0467732 0.223778 -0.12337 0.0108911 0.00364265 0.057012 0.018948 -0.0918637 -0.239462 0.0903021 -0.258758
internal_weight=49750 198 49552 1000 48552 40835 36382 32572 3437 7717 3377 4453 3489 1567 831 736 234 1922 65 1112 448 946 5371 29135 5880 4654 2522 1074 269 174
internal_count=49750 198 49552 1000 48552 40835 36382 32572 3437 7717 3377 4453 3489 1567 831 736 234 1922 65 1112 448 946 5371 29135 5880 4654 2522 1074 269 174
is_linear=0
shrinkage=0.05


Tree=271
num_leaves=31
num_cat=0
split_feature=4 1 4 5 6 1 4 6 4 7 7 1 7 7 1 6 7 4 7 1 1 4 6 7 7 4 1 4 5 7
split_gain=7954.79 7274.57 6986.59 14372.4 11049.7 11939.1 10162.2 9707.63 7781.38 11843.5 7312.45 7396.4 10417.3 6388.99 7342.6 6241.66 7315.39 5753.8 13129.7 6407.6 5409.39 5340.38 9305.2 11296 57980.6 9187.12 13371.7 12222.2 39529.2 10035.8
threshold=1.0000000180025095e-35 10.500000000000002 21.500000000000004 1.0000000180025095e-35 3573.0200000000004 9.5000000000000018 22.500000000000004 3798.0150000000008 22.500000000000004 4632.4850000000015 3211.3125000000005 2.5000000000000004 3730.5412500000007 3710.5025000000005 10.500000000000002 2343.9187500000003 3026.7487500000002 22.500000000000004 3359.0025000000005 9.5000000000000018 9.5000000000000018 13.500000000000002 3856.0350000000003 3460.5150000000008 3499.2587500000004 10.500000000000002 9.5000000000000018 12.500000000000002 1.0000000180025095e-35 3063.7475000000004
decision_type=2 2 2 2 2 2 2 2 2 2 2 2 2 2 2 2 2 2 2 2 2 2 2 2 2 2 2 2 2 2
left_child=1 -1 15 6 17 8 -4 -8 10 -10 -6 12 -12 -7 -15 16 -2 18 -5 -19 -20 22 25 -24 -25 -17 -27 -28 29 -29
right_child=2 -3 3 4 5 13 7 -9 9 -11 11 -13 -14 14 -16 21 -18 19 20 -21 -22 -23 23 24 -26 26 27 28 -30 -31
leaf_value=-0.12697682998168816 0.068759693431316826 0.1930710906820961 0.26493157390354866 -0.66897412282261226 -0.83188804904265068 -0.22718369946140668 -0.26409548027833418 0.18514274865923441 -0.13814568512584674 -0.61551567070164737 0.45282913419935444 0.080891410666333138 -0.3851229842178418 -0.38866478090590623 -1.0570514894511602 0.017645802775040215 0.72546884564539571 0.01488837369524681 0.1281028362035784 0.37316182416557159 -0.42410731686787173 0.029877317080119987 0.37086065920916472 -2.7020866884426642 -0.11736364369461104 -0.092129344742745367 -0.0178102372285131 0.3341825764626265 0.6395788732482629 -0.85064416016851152
leaf_weight=1886 122 196 496 91 28 145 261 223 513 174 45 630 211 94 73 19579 65 555 229 161 55 16566 110 22 1574 4568 709 24 275 70
leaf_count=1886 122 196 496 91 28 145 261 223 513 174 45 630 211 94 73 19579 65 555 229 161 55 16566 110 22 1574 4568 709 24 275 70
internal_value=-0.00118068 -0.0968474 0.00299776 -0.0603878 -0.11463 -0.187049 0.105882 -0.0571118 -0.131907 -0.259052 -0.0363402 -0.0111987 -0.237827 -0.470003 -0.680834 0.00877856 0.297028 0.0123511 -0.146312 0.0954499 0.0211607 0.00753933 -0.00620138 -0.119215 -0.152993 0.00144192 -0.0547493 0.103648 0.337018 -0.548135
internal_weight=49750 2082 47668 3984 3004 1913 980 484 1601 687 914 886 256 312 167 43684 187 1091 375 716 284 43497 26931 1706 1596 25225 5646 1078 369 94
internal_count=49750 2082 47668 3984 3004 1913 980 484 1601 687 914 886 256 312 167 43684 187 1091 375 716 284 43497 26931 1706 1596 25225 5646 1078 369 94
is_linear=0
shrinkage=0.05


Tree=272
num_leaves=31
num_cat=0
split_feature=8 6 6 4 8 6 4 1 6 8 6 7 7 8 7 8 6 0 8 4 8 7 7 0 6 6 0 6 0 7
split_gain=7592.6 11163.2 9413.5 9280.78 9221.69 14362 11548.7 8678.79 8127.08 7119 15819.1 15419 15198 24390.7 14251.5 11834.6 12027.9 18755.1 18905.7 20996.5 18094.1 16227.9 17766 14367.1 13591.3 11570.6 11065.4 22510.2 10578.2 9738.97
threshold=4928.8850000000011 4734.1262500000012 4693.3900000000012 13.500000000000002 4405.0625000000009 4444.4925000000012 17.500000000000004 2.5000000000000004 4963.005000000001 4019.1987500000005 3848.1787500000005 3903.5725000000007 3348.3550000000005 3322.0087500000004 2860.8662500000005 3726.0050000000006 3492.0062500000004 29.863125000000007 3407.8400000000006 16.500000000000004 3005.9525000000008 3607.0600000000004 3956.2712500000002 25.405625000000004 3704.8862500000005 3731.0050000000006 25.224375000000006 4215.5475000000015 26.585625000000007 3320.7425000000007
decision_type=2 2 2 2 2 2 2 2 2 2 2 2 2 2 2 2 2 2 2 2 2 2 2 2 2 2 2 2 2 2
left_child=2 -2 4 -4 5 9 -7 -6 -5 10 15 25 14 -14 -12 16 -1 18 19 21 -21 29 24 -22 -23 -11 27 -13 -25 -18
right_child=1 -3 3 8 7 6 -8 -9 -10 11 12 26 13 -15 -16 -17 17 -19 -20 20 23 22 -24 28 -26 -27 -28 -29 -30 -31
leaf_value=0.0078102875867339053 1.2141934785349617 0.15236380760883086 -0.79175293158601834 -0.17838056396795576 -0.11398301428311493 -0.74995827813847704 -0.14505562978463435 0.15588484580414849 0.23680055429484101 0.74215620323381526 -0.98092103779315964 0.55324017798028347 -1.1291326745018615 -0.10523774889127586 0.41504070275056537 0.086041674144044178 -0.46306524307997093 0.093532954084112011 -0.063811263404170024 -1.4254249663580032 -0.2859160057169029 0.22617350171785802 -1.4355380199172281 0.79886724416439137 -1.1267408626420159 0.16477156207997498 -0.019662486640007658 -0.22070800153244485 0.059529871256801037 -0.93829956710564366
leaf_weight=26256 29 169 54 808 365 104 327 1621 138 94 20 246 59 4104 213 3810 311 1385 3882 21 149 160 22 82 21 1128 3737 152 118 165
leaf_count=26256 29 169 54 808 365 104 327 1621 138 94 20 246 59 4104 213 3810 311 1385 3882 21 149 160 22 82 21 1128 3737 152 118 165
internal_value=-0.00112165 0.307884 -0.00235638 -0.154208 0.000771225 -0.00372892 -0.291018 0.106287 -0.117815 -0.00104502 -0.00816391 0.0531446 -0.0977546 -0.119749 0.295216 0.00266124 -0.0070919 -0.0690412 -0.114704 -0.303043 -1.019e-05 -0.468171 -0.0938701 0.0857598 0.0692055 0.209186 0.00703041 0.257662 0.362658 -0.6278
internal_weight=49750 198 49552 1000 48552 46566 431 1986 946 46135 40778 5357 4396 4163 233 36382 32572 6316 4931 1049 370 679 203 349 181 1222 4135 398 200 476
internal_count=49750 198 49552 1000 48552 46566 431 1986 946 46135 40778 5357 4396 4163 233 36382 32572 6316 4931 1049 370 679 203 349 181 1222 4135 398 200 476
is_linear=0
shrinkage=0.05


Tree=273
num_leaves=31
num_cat=0
split_feature=8 6 6 8 6 7 1 6 8 3 6 8 8 8 6 6 8 7 6 6 7 7 8 8 7 6 5 6 1 1
split_gain=6852.33 10074.8 8495.68 8322.57 12961.7 9950.83 7832.6 6737.19 13006.7 10072.7 9666.89 25026.7 12162.3 11708.5 24411.8 9216.46 13726.8 8926.61 13715.9 8740.54 8464.94 12008.6 10914.9 8205.3 8155.16 15618.2 7724.59 8184.02 17005.1 7532.88
threshold=4928.8850000000011 4734.1262500000012 4693.3900000000012 4405.0625000000009 4444.4925000000012 4048.6962500000004 2.5000000000000004 2682.6250000000005 2889.5650000000005 1.0000000180025095e-35 3186.3125000000005 3100.0600000000004 3771.6512500000003 3316.0412500000007 3613.1812500000001 4190.0325000000003 4106.0162500000015 2758.5300000000002 3613.1812500000001 3656.5675000000006 3493.0175000000004 3817.8212500000004 3327.0037500000003 4052.0700000000002 3289.0012500000007 3143.0100000000007 1.0000000180025095e-35 3479.2237500000006 4.5000000000000009 4.5000000000000009
decision_type=2 2 2 2 2 2 2 2 2 2 2 2 2 2 2 2 2 2 2 2 2 2 2 2 2 2 2 2 2 2
left_child=2 -2 3 4 7 -6 -5 29 24 10 12 19 20 14 -13 -15 -17 18 -11 -12 22 -22 -10 -19 26 -26 -9 -28 -29 -1
right_child=1 -3 -4 6 5 -7 -8 8 9 17 11 13 -14 15 -16 16 -18 23 -20 -21 21 -23 -24 -25 25 -27 27 28 -30 -31
leaf_value=-0.40814529257385357 1.1534837813212955 0.14474561273467523 -0.1464972957246311 -0.10828386222714022 -0.99814397834761204 -0.19648767838196965 0.14809060236878629 -0.23583403404066511 0.025519105284148386 0.33652701568019266 -0.34515431870044111 -0.087894112292483298 0.63980062633025936 0.0061660758155252151 -0.89485093979645025 -0.37650621925485467 -0.041229308978817041 0.021281918433563012 -0.80665507212813425 -1.4133890688419344 -0.21812743343884713 0.2709275063583928 0.23696684833885284 0.17712566575418587 0.39142695579265319 -0.35270177673261904 -0.080124464806877488 -0.31239871901014582 1.6810924309492112 0.097898976218790956
leaf_weight=76 29 169 1000 365 43 388 1621 923 6748 417 450 2773 82 15668 97 388 1432 9102 28 20 660 155 671 931 219 104 2876 23 20 2272
leaf_count=76 29 169 1000 365 43 388 1621 923 6748 417 450 2773 82 15668 97 388 1432 9102 28 20 660 155 671 931 219 104 2876 23 20 2272
internal_value=-0.00106557 0.29249 -0.00223856 0.000732664 -0.00354248 -0.276467 0.100972 -0.000992773 -0.00541734 0.00341794 -0.0116982 -0.029894 0.0338746 -0.0215662 -0.115168 -0.0062051 -0.112706 0.0454626 0.264596 -0.390611 0.0278403 -0.125117 0.0446432 0.0357432 -0.0894681 0.151831 -0.109754 -0.0698874 0.614806 0.0815193
internal_weight=49750 198 49552 48552 46566 431 1986 46135 43787 39622 29144 20828 8316 20358 2870 17488 1820 10478 445 470 8234 815 7419 10033 4165 323 3842 2919 43 2348
internal_count=49750 198 49552 48552 46566 431 1986 46135 43787 39622 29144 20828 8316 20358 2870 17488 1820 10478 445 470 8234 815 7419 10033 4165 323 3842 2919 43 2348
is_linear=0
shrinkage=0.05


Tree=274
num_leaves=31
num_cat=0
split_feature=4 4 5 0 6 6 4 1 0 1 0 6 0 4 4 5 4 7 6 7 7 6 1 6 7 4 6 7 0 7
split_gain=7356.31 6691.58 13219.8 15950.6 11189.4 9739.32 9219.68 8934.06 6995.14 6595.13 6616.59 6566.27 6334.05 27919 12009.2 19624.1 13318.1 10968.5 10805.2 19746.1 14919.4 18083.6 10278.4 10158.5 34647.9 24145.8 12352.3 12030.4 10944.9 10878.7
threshold=1.0000000180025095e-35 21.500000000000004 1.0000000180025095e-35 26.613125000000007 4884.2275000000018 4734.1262500000012 22.500000000000004 6.5000000000000009 27.885625000000005 10.500000000000002 26.111875000000005 4585.2562500000013 26.919375000000002 7.5000000000000009 20.500000000000004 1.0000000180025095e-35 19.500000000000004 3539.9700000000007 3016.0012500000007 3274.1487500000007 3274.1487500000007 3319.1687500000003 1.5000000000000002 3103.9687500000005 3486.3475000000003 13.500000000000002 2537.4000000000005 3206.2312500000003 27.925625000000007 3797.0300000000002
decision_type=2 2 2 2 2 2 2 2 2 2 2 2 2 2 2 2 2 2 2 2 2 2 2 2 2 2 2 2 2 2
left_child=9 12 6 -4 5 8 -3 -8 -5 10 11 -1 18 17 16 -16 23 -14 19 -2 -20 -22 -18 24 25 27 -27 28 -15 -26
right_child=1 2 3 4 -6 -7 7 -9 -10 -11 -12 -13 13 14 15 -17 22 -19 20 -21 21 -23 -24 -25 29 26 -28 -29 -30 -31
leaf_value=-0.15037032245685186 0.051225444987247792 0.25193003516816986 -0.060183209654587622 -0.3084548553863129 0.13514852570683769 -1.0204145750829152 0.14624071728813556 -0.28433853214425325 -1.2124018340007119 0.1830378984823367 0.076935491785162693 -0.85300285202615411 -0.66065291216773858 -0.18729083230624971 -0.24523340022447063 0.42515573347154811 -0.69583403886276851 -0.20630089017309394 -0.057609346464345693 0.33388745093239131 0.19861325822774203 0.01465043119722235 -0.14392177427215225 0.019307824875179132 -0.68527061619130636 1.0500198518236479 0.20869924432276271 -0.25135035339392298 0.064295539775077168 0.072532212075761021
leaf_weight=1509 5503 496 2514 308 89 70 258 226 23 196 343 34 179 644 153 381 98 515 6009 696 1549 9709 606 14690 280 48 479 773 1315 57
leaf_count=1509 5503 496 2514 308 89 70 258 226 23 196 343 34 179 644 153 381 98 515 6009 696 1549 9709 606 14690 280 48 479 773 1315 57
internal_value=-0.00101229 0.0030059 -0.0590271 -0.111049 -0.372021 -0.484584 0.100436 -0.0548149 -0.371267 -0.0930099 -0.121698 -0.165853 0.00866333 -0.0118483 -0.000770682 0.233078 -0.00734652 -0.32349 0.0263359 0.0829617 0.00600674 0.0399621 -0.22075 0.000869404 -0.0744533 -0.0245451 0.285328 -0.0843194 -0.0184108 -0.557096
internal_weight=49750 47668 3984 3004 490 401 980 484 331 2082 1886 1543 43684 20218 19524 534 18990 694 23466 6199 17267 11258 704 18286 3596 3259 527 2732 1959 337
internal_count=49750 47668 3984 3004 490 401 980 484 331 2082 1886 1543 43684 20218 19524 534 18990 694 23466 6199 17267 11258 704 18286 3596 3259 527 2732 1959 337
is_linear=0
shrinkage=0.05


Tree=275
num_leaves=31
num_cat=0
split_feature=3 4 8 4 8 5 4 4 4 4 4 4 4 4 4 4 4 1 4 1 8 1 4 1 8 4 1 8 4 1
split_gain=8459.92 14780.7 9385.54 14874.7 8355.38 10127.5 15735.5 22019.4 17189.3 45709.3 37494.4 20252.4 15006.9 35429.1 26182.8 21301.9 21319.8 31307.5 18750.7 17896.6 17560 16920 30066.4 11964.1 17323 13233.4 10528.1 10322.5 10183.1 13795.4
threshold=1.0000000180025095e-35 7.5000000000000009 4498.9400000000014 19.500000000000004 3349.3750000000005 1.0000000180025095e-35 12.500000000000002 14.500000000000002 5.5000000000000009 7.5000000000000009 9.5000000000000018 4.5000000000000009 5.5000000000000009 4.5000000000000009 12.500000000000002 11.500000000000002 8.5000000000000018 5.5000000000000009 9.5000000000000018 4.5000000000000009 2472.5250000000005 4.5000000000000009 7.5000000000000009 7.5000000000000009 2851.5150000000008 13.500000000000002 9.5000000000000018 2870.3750000000005 6.5000000000000009 1.5000000000000002
decision_type=2 2 2 2 2 2 2 2 2 2 2 2 2 2 2 2 2 2 2 2 2 2 2 2 2 2 2 2 2 2
left_child=2 -2 3 4 5 6 8 -8 11 -10 -11 -1 13 26 15 16 17 21 19 -18 -15 28 -23 -16 25 -25 -7 -21 29 -14
right_child=1 -3 -4 -5 -6 12 7 -9 9 10 -12 -13 14 20 23 -17 18 -19 -20 27 -22 22 -24 24 -26 -27 -28 -29 -30 -31
leaf_value=-0.086216702139026768 -0.03710203036639028 0.07115568686247771 0.10231281203744158 -0.099350444346122418 0.023773143751624551 -0.048256510786460316 -0.5464193052018359 0.039994490118269097 0.48131677214723229 -0.4459752059996655 0.13317197234969522 -0.56456170916368353 0.63736251094895935 -1.0241542333906348 0.0052607753347965087 -0.37714490765387282 -0.30021000221313443 -0.28885856638674268 -0.070977917089924805 -0.34048327654600147 0.40848912265466214 0.10409620812901393 1.4827729889750483 -1.4233152184486391 0.35006202359523447 0.12282756547774039 0.15433891589709936 0.40846664720075854 -0.38485410948836707 -0.8191105825560433
leaf_weight=1116 4716 9513 1757 4641 14582 2742 414 261 458 481 667 276 72 22 1010 661 128 1585 1395 50 770 116 60 25 633 31 837 576 123 21
leaf_count=1116 4716 9513 1757 4641 14582 2742 414 261 458 481 667 276 72 22 1010 661 128 1585 1395 50 770 116 60 25 633 31 837 576 123 21
internal_value=0.00269957 0.0352752 -0.0103536 -0.0162184 -0.00296562 -0.0298001 -0.101569 -0.319673 -0.0524624 0.0590004 -0.109485 -0.181061 -0.00552029 0.0660873 -0.0537776 -0.113626 -0.0714096 -0.189908 0.0376043 0.238496 0.368693 0.210187 0.5741 0.114848 0.275492 -0.567415 -0.000876692 0.348646 -0.0863346 0.308481
internal_weight=49739 14229 35510 33753 29112 14530 3673 675 2998 1606 1148 1392 10857 4371 6486 4787 4126 1977 2149 754 792 392 176 1699 689 56 3579 626 216 93
internal_count=49739 14229 35510 33753 29112 14530 3673 675 2998 1606 1148 1392 10857 4371 6486 4787 4126 1977 2149 754 792 392 176 1699 689 56 3579 626 216 93
is_linear=0
shrinkage=0.05


Tree=276
num_leaves=31
num_cat=0
split_feature=3 0 1 6 0 1 6 6 6 7 0 7 0 0 6 7 0 6 7 1 6 7 0 7 6 6 6 1 7 0
split_gain=7635.08 13454.3 8910.81 7515.86 7206.57 8569.56 5983.17 5618.54 6854.96 10552.5 9075.33 8764.49 8053.38 5686.41 5599.88 9709.6 5214.82 12926 15846.1 10638 8305.93 7651.1 5742.15 5708.14 10245.2 8302.41 5816.39 8982.89 10098.5 9164.78
threshold=1.0000000180025095e-35 23.701875000000005 7.5000000000000009 2929.6225000000004 24.968125000000004 7.5000000000000009 2588.4350000000009 4963.005000000001 4444.4925000000012 4372.7737500000012 30.929375000000004 3977.0200000000004 29.465625000000006 31.590625000000006 2698.0050000000006 2589.0500000000006 25.158125000000002 3016.0012500000007 2829.6250000000005 9.5000000000000018 2563.1450000000004 3279.0037500000003 24.820625000000003 4038.1475000000005 4202.9075000000012 4228.170000000001 3123.1237500000002 3.5000000000000004 3162.0112500000005 24.109375000000007
decision_type=2 2 2 2 2 2 2 2 2 2 2 2 2 2 2 2 2 2 2 2 2 2 2 2 2 2 2 2 2 2
left_child=16 2 14 4 -3 6 -6 8 9 -5 11 -10 -11 -12 15 -2 17 19 -19 20 22 -22 -1 26 -25 -26 -20 28 -28 -30
right_child=1 3 -4 7 5 -7 -8 -9 10 12 13 -13 -14 -15 -16 -17 -18 18 23 -21 21 -23 -24 24 25 -27 27 -29 29 -31
leaf_value=0.31947903892786694 -0.12850597567028471 0.074095689290537572 -0.0086730374055432862 0.032575999035292534 1.3437219554727728 0.083263327807210213 0.47125523227631394 0.48608982441262072 -0.81156373281736638 0.46687927488405423 -1.2208066284656525 -0.020021553687403874 -0.3594689279630342 -0.27075110954594694 -0.28779191325219083 -1.4070255749153369 -0.022456223644443635 -0.34588654164978294 0.086962713556154037 0.28983610648035674 -0.001408344911180457 0.28080347106000758 -0.34056892080439466 0.25069216064666311 -1.0424195188543071 -0.046282873714737827 -0.16673487598472064 -0.084016830764440609 0.42022671108095611 0.062484086513570729
leaf_weight=389 27 667 290 11551 22 168 184 68 37 222 28 638 34 36 224 33 24766 356 1039 586 2473 266 36 522 23 231 329 3564 242 688
leaf_count=389 27 667 290 11551 22 168 184 68 37 222 28 638 34 36 224 33 24766 356 1039 586 2473 266 36 522 23 231 329 3564 242 688
internal_value=0.00256459 0.0335114 -0.203627 0.0434798 0.172606 0.348292 0.564431 0.0328233 0.0303666 0.039613 -0.117363 -0.0634098 0.35713 -0.6864 -0.4027 -0.831692 -0.00983593 0.0192551 -0.0209029 0.0941525 0.0579102 0.0259989 0.263569 -0.00347383 0.123962 -0.136484 -0.0203435 -0.0434601 0.0713488 0.155574
internal_weight=49739 14229 574 13655 1041 374 206 12614 12546 11807 739 675 256 64 284 60 35510 10744 6994 3750 3164 2739 425 6638 776 254 5862 4823 1259 930
internal_count=49739 14229 574 13655 1041 374 206 12614 12546 11807 739 675 256 64 284 60 35510 10744 6994 3750 3164 2739 425 6638 776 254 5862 4823 1259 930
is_linear=0
shrinkage=0.05


Tree=277
num_leaves=31
num_cat=0
split_feature=8 1 7 6 8 7 1 7 7 0 8 8 0 6 1 6 8 7 7 0 8 0 7 8 7 6 8 6 7 6
split_gain=8239.47 9062.89 8591.99 7987.83 16465.9 9416.49 12138.7 8922.34 14996.5 72376 17973.4 11945.8 11136.5 6934.65 6222.65 6116.73 19867.9 12593.3 8919.24 9193.43 8877.67 17986.8 13196.6 9088.54 9038.37 14130.8 14454.5 12785.3 25691.9 16751.3
threshold=3100.0600000000004 3.5000000000000004 4091.4100000000003 3335.4600000000005 3407.8400000000006 2851.5450000000005 7.5000000000000009 3977.0200000000004 3554.0700000000002 27.213125000000005 3449.7650000000008 3706.5262500000003 27.848125000000007 2993.2250000000004 10.500000000000002 4190.0325000000003 4216.4300000000012 3671.7212500000001 4005.0150000000008 25.794375000000006 4031.0050000000006 25.203125000000004 3862.9562500000006 4620.6500000000005 3737.0350000000003 3447.0925000000002 3643.5450000000005 3888.7662500000001 4200.6162500000009 3434.7200000000007
decision_type=2 2 2 2 2 2 2 2 2 2 2 2 2 2 2 2 2 2 2 2 2 2 2 2 2 2 2 2 2 2
left_child=1 -1 -3 7 5 6 -5 8 10 -10 14 -11 -12 -14 -2 20 17 -17 19 -19 24 -22 -23 -24 25 -6 -27 29 -29 -26
right_child=3 2 -4 4 15 -7 -8 -9 9 11 12 -13 13 -15 -16 16 -18 18 -20 -21 21 22 23 -25 27 26 -28 28 -30 -31
leaf_value=-0.16723594783158902 0.028539050990487053 -0.016578366875227516 -0.72471066657886951 -0.07944245447094242 0.19676685629699728 -0.11771914631730628 1.166277645031611 0.4290115608870016 0.26279041349084603 -0.70241291157158292 0.13377527454234825 -0.22147026776674378 0.078001083569093188 0.65544175235744651 0.14834714029521259 -0.69512191032990822 0.023817870398795817 -0.42713481142342868 -0.22086202108153816 0.18389135937559864 0.46646845460685515 0.26178120530726273 -0.003136663866143764 0.78682166990396141 -0.33848148354722951 -0.05915046032634666 0.083622022157564563 -0.20863428393772834 0.26601404727582206 0.05263034845362128
leaf_weight=1140 7163 11204 43 48 1302 3244 33 154 589 361 399 201 66 245 1277 112 4514 77 1033 307 309 667 2285 37 298 3296 3836 1793 339 3367
leaf_count=1140 7163 11204 43 48 1302 3244 33 154 589 361 399 201 66 245 1277 112 4514 77 1033 307 309 667 2285 37 298 3296 3836 1793 339 3367
internal_value=0.00243636 -0.0329019 -0.0192857 0.0141555 -0.000260216 -0.104423 0.428073 0.0512422 0.0455945 -0.124503 0.0669915 -0.530403 0.308602 0.532898 0.0466664 0.0144327 -0.0289467 -0.184721 -0.144379 0.0613679 0.0293875 0.103303 0.0657588 0.00945096 0.0122578 0.0452934 0.0176408 -0.0358053 -0.133163 0.0208292
internal_weight=49739 12387 11247 37352 26897 3325 81 10455 10301 1151 9150 562 710 311 8440 23572 6043 1529 1417 384 17529 3298 2989 2322 14231 8434 7132 5797 2132 3665
internal_count=49739 12387 11247 37352 26897 3325 81 10455 10301 1151 9150 562 710 311 8440 23572 6043 1529 1417 384 17529 3298 2989 2322 14231 8434 7132 5797 2132 3665
is_linear=0
shrinkage=0.05


Tree=278
num_leaves=31
num_cat=0
split_feature=8 6 4 7 8 5 6 7 8 4 4 4 7 6 8 6 0 7 8 0 4 4 4 4 7 6 7 5 4 0
split_gain=8021.41 9084.61 12999 12640.4 8410.15 8398.4 9992.76 19379.2 17353.5 11545.1 30051.7 15649.8 8373.25 8331.41 10224.8 11455.3 16238.9 24994.4 9420.81 9258.98 23778.8 10656.8 10224.4 23063.6 9662.23 12127.2 19600.7 9590.54 20667.1 9464.16
threshold=2563.1450000000004 2631.0750000000003 7.5000000000000009 2829.6250000000005 3227.0137500000005 1.0000000180025095e-35 3411.5025000000005 3353.5050000000006 3048.7387500000004 5.5000000000000009 7.5000000000000009 4.5000000000000009 2770.4737500000006 3335.4600000000005 3541.7575000000006 3532.4575000000004 29.598125000000007 3749.3700000000003 4063.7725000000005 29.271250000000006 9.5000000000000018 7.5000000000000009 12.500000000000002 15.500000000000002 3519.0037500000003 3717.5600000000004 4150.8100000000013 1.0000000180025095e-35 10.500000000000002 32.77062500000001
decision_type=2 2 2 2 2 2 2 2 2 2 2 2 2 2 2 2 2 2 2 2 2 2 2 2 2 2 2 2 2 2
left_child=-1 2 -2 -4 5 6 9 -8 -9 11 -11 -3 -12 -6 -15 16 -16 -18 -19 -17 21 -21 27 24 29 26 -26 28 -22 -24
right_child=1 4 3 -5 13 -7 7 8 -10 10 12 -13 -14 14 15 19 17 18 -20 20 22 -23 23 -25 25 -27 -28 -29 -30 -31
leaf_value=-0.12791291374443059 0.33796334121459232 -0.093113779554930623 0.58012055315953848 -0.068084129747174468 0.069491853885953817 -0.007334987093086511 -0.1383023294729526 -2.3388186140265317 -0.60576222258118495 0.37321703848929855 0.18676760587355368 -0.4977317175617228 -0.13843265339104183 -0.054655821083089688 0.23857591302976724 -0.0087469848559624079 0.25862439746481625 -0.79855718095786876 0.13776898410390406 -0.38515544757246972 0.9427199047591005 0.51545604620476559 0.010708861974152653 -0.05339894613741504 0.14398657559193889 0.33909047820198435 -1.1396493123637306 -0.20165532243076556 -0.11665397561781587 -1.1253224746747452
leaf_weight=1155 494 1104 85 653 6009 11403 213 20 52 437 230 305 1420 5755 1197 14625 176 128 34 36 63 375 110 1505 171 1062 36 693 171 22
leaf_count=1155 494 1104 85 653 6009 11403 213 20 52 437 230 305 1420 5755 1197 14625 176 128 34 36 63 375 110 1505 171 1062 36 693 171 22
internal_value=0.00231455 0.00541048 0.139452 0.00657359 0.00192299 -0.0287476 -0.0933251 -0.378015 -1.08717 -0.0701166 0.00454146 -0.1807 -0.0931017 0.0164002 0.00420444 0.0208061 0.152158 -0.153885 -0.602044 0.0101206 0.0751392 0.43657 0.0363841 0.0825065 0.228501 0.27085 -0.0792544 -0.108202 0.168562 -0.17863
internal_weight=49739 48584 1232 738 47352 15184 3781 285 72 3496 2087 1409 1650 32168 26159 20404 1535 338 162 18869 4244 411 3833 2906 1401 1269 207 927 234 132
internal_count=49739 48584 1232 738 47352 15184 3781 285 72 3496 2087 1409 1650 32168 26159 20404 1535 338 162 18869 4244 411 3833 2906 1401 1269 207 927 234 132
is_linear=0
shrinkage=0.05


Tree=279
num_leaves=31
num_cat=0
split_feature=8 6 0 8 6 7 6 7 0 7 8 6 8 1 0 6 0 0 8 1 6 8 8 0 6 7 6 7 7 0
split_gain=7239.33 8198.86 10965.2 7802.69 13703.2 13737.7 10164.1 19128.6 38378.6 15536.4 14934.2 10610.6 10082.3 11566.8 10281.9 10051.7 39732.8 13323.8 10078.8 9788.11 9087.23 26631.7 10019.5 10451.2 9050 8609 7773.42 16605.2 15629.3 15627.4
threshold=2563.1450000000004 2631.0750000000003 29.863125000000007 3349.3750000000005 3411.5025000000005 3309.3050000000007 3479.2237500000006 3560.5350000000003 27.350625000000004 4310.3187500000013 3562.1300000000006 3324.5325000000007 3666.3525000000004 9.5000000000000018 26.820625000000007 3856.0350000000003 32.235625000000006 31.205625000000001 3016.7750000000005 5.5000000000000009 4444.4925000000012 4528.2287500000011 4372.7737500000012 27.313125000000003 3769.9700000000007 4294.4687500000009 3363.2537500000003 3755.3150000000005 3880.0200000000004 29.401875000000004
decision_type=2 2 2 2 2 2 2 2 2 2 2 2 2 2 2 2 2 2 2 2 2 2 2 2 2 2 2 2 2 2
left_child=-1 2 -2 4 -3 24 7 10 9 11 -5 -9 -8 20 -15 16 18 -17 -7 -12 22 -22 -14 -24 -6 -16 28 -28 -10 -29
right_child=1 3 -4 6 5 15 12 8 26 -11 19 -13 13 14 25 17 -18 -19 -20 -21 21 -23 23 -25 -26 -27 27 29 -30 -31
leaf_value=-0.12151726821574556 0.17072702422561087 -0.0077994327897339096 -0.44928287514730503 0.10000065313854573 -0.097854821298803615 -0.96572847390995809 -0.059701122596128767 0.35181093761220078 -0.53817655671186537 1.3798776376705906 0.57501899176980398 0.0024793813460609604 0.042379861057447815 -0.14950343106532551 0.13566861295380236 -0.42880784606232364 1.8974863249631158 -1.9252333584285919 -0.25626410998162374 0.17338868619265294 -0.26774053800285852 0.067628340988689375 0.38089851502529398 0.068284117479013529 0.26608803891668131 -0.55987757568558061 0.24354061595159038 0.26303667912677842 0.029251162074283212 -0.82514234435108347
leaf_weight=1155 1156 17851 76 3192 1050 54 4881 359 444 26 298 551 10822 1637 608 51 21 21 686 309 893 1756 465 629 204 48 179 49 167 101
leaf_count=1155 1156 17851 76 3192 1050 54 4881 359 444 26 298 551 10822 1637 608 51 21 21 686 309 893 1756 465 629 204 48 179 49 167 101
internal_value=0.00219882 0.00513995 0.13248 0.00182684 -0.0219727 -0.143203 0.0191361 0.0787235 -0.0519079 0.174726 0.143231 0.140293 0.00358069 0.0219031 -0.0824792 -0.300598 -0.247174 -0.865265 -0.308036 0.370565 0.0383362 -0.0454273 0.0569573 0.20116 -0.0386488 0.084775 -0.277577 -0.0816316 -0.383086 -0.469671
internal_weight=49739 48584 1232 47352 19938 2087 27414 5675 1876 936 3799 910 21739 16858 2293 833 761 72 740 607 14565 2649 11916 1094 1254 656 940 329 611 150
internal_count=49739 48584 1232 47352 19938 2087 27414 5675 1876 936 3799 910 21739 16858 2293 833 761 72 740 607 14565 2649 11916 1094 1254 656 940 329 611 150
is_linear=0
shrinkage=0.05


Tree=280
num_leaves=31
num_cat=0
split_feature=3 0 6 0 7 6 0 7 7 0 6 7 0 6 7 6 6 6 6 0 0 0 7 0 7 7 7 7 6 6
split_gain=6142.77 8365.01 6698.39 11065.9 8434.89 6201.23 12155 16884.4 12634.9 8657.88 8126.27 7298.49 8444.88 7022.79 22378.9 16476.2 9040.04 9858.55 10358.3 6941.65 6581.68 9075.99 6997.19 6423.1 23333.2 14119.1 14055.9 6158.3 16016 6075.62
threshold=1.0000000180025095e-35 23.426250000000003 2929.6225000000004 28.603125000000006 3600.6225000000004 2794.2987500000004 25.675625000000007 3138.3787500000003 2829.6250000000005 24.180625000000003 2631.0750000000003 2889.2750000000005 26.559375000000006 3186.3125000000005 3211.3125000000005 3234.5012500000007 3357.4550000000004 3586.7187500000005 3811.5725000000007 27.144375000000007 25.053125000000005 25.538125000000004 2906.8675000000003 26.883125000000003 3519.0037500000003 3573.4800000000005 3817.8212500000004 2898.0200000000004 2563.1450000000004 3016.0012500000007
decision_type=2 2 2 2 2 2 2 2 2 2 2 2 2 2 2 2 2 2 2 2 2 2 2 2 2 2 2 2 2 2
left_child=5 -2 3 4 -3 6 7 10 19 -9 20 12 29 23 15 -15 -17 -18 -19 -8 22 -22 -1 25 -25 -13 -26 28 -10 -7
right_child=1 2 -4 -5 -6 11 8 9 27 -11 -12 13 -14 14 -16 16 17 18 -20 -21 21 -23 -24 24 26 -27 -28 -29 -30 -31
leaf_value=0.16552569504474002 -0.22402379304873091 0.097534651706610284 0.023749422856048821 0.91000096901603367 1.0453534450381994 0.022982713119942877 -0.22705096304416658 0.11087905774258225 -1.702489972114563 0.67839508984748487 -0.027232410922960571 0.043398861070533437 -0.36003707220815884 0.058233921793175908 -0.0086772574136261566 -0.35550358796361303 -0.028202730255654642 -0.63617409155244986 0.38635205954313279 0.59307323679693524 -0.58231937272368739 0.66772498905658728 0.57303345000250738 0.029854130375085122 -0.56322968123371109 0.39364635007381865 0.16820714519304389 -0.080817973451989988 0.085883406093043679 -0.1785229910392421
leaf_weight=435 321 1069 12711 46 24 836 34 102 21 197 860 4374 294 574 21059 939 597 142 30 107 53 20 139 2224 289 308 85 1228 31 677
leaf_count=435 321 1069 12711 46 24 836 34 102 21 197 860 4374 294 574 21059 939 597 142 30 107 53 20 139 2224 289 308 85 1228 31 677
internal_value=0.000462581 0.02831 0.0341583 0.150319 0.118347 -0.0106053 0.0554959 0.141573 -0.0539024 0.484794 0.0734751 -0.0171832 -0.11483 -0.0114209 -0.0247937 -0.173521 -0.251406 -0.124295 -0.457827 0.395313 0.207337 -0.239841 0.264208 0.0314546 -0.0315936 0.0664395 -0.396994 -0.103386 -0.636344 -0.0671821
internal_weight=49826 14171 13850 1139 1093 35655 3227 1806 1421 299 1507 32428 1807 30621 23341 2282 1708 769 172 141 647 73 574 7280 2598 4682 374 1280 52 1513
internal_count=49826 14171 13850 1139 1093 35655 3227 1806 1421 299 1507 32428 1807 30621 23341 2282 1708 769 172 141 647 73 574 7280 2598 4682 374 1280 52 1513
is_linear=0
shrinkage=0.05


Tree=281
num_leaves=31
num_cat=0
split_feature=8 6 0 0 6 0 7 7 6 7 8 6 8 8 5 0 6 6 7 8 7 0 7 8 7 0 8 0 8 7
split_gain=5941.25 10138.4 16666.6 10733.7 9978.45 16367.7 28347.2 26030.2 11954.8 10853.5 10826.3 9737.07 9034.53 8916.74 8021.18 9929.48 19189.8 7559.24 7628.68 7319.34 7259.75 8175.05 6881.26 6574.32 6496.74 36343.7 14344.5 11309.7 7578.12 6236.09
threshold=2794.7400000000007 3282.9225000000006 26.790625000000006 26.263125000000006 3016.0012500000007 26.391875000000002 3480.0750000000003 3365.1775000000002 2980.5125000000003 3206.2312500000003 3256.9525000000008 2425.5450000000005 3074.7512500000007 3217.0137500000005 1.0000000180025095e-35 25.383125000000003 3553.5125000000003 3319.1687500000003 4015.0012500000007 3390.0062500000004 3635.4337500000006 25.073125000000008 2806.2550000000006 3322.0087500000004 3560.5350000000003 27.213125000000005 3401.2975000000006 28.213125000000005 3706.5262500000003 3015.7987500000004
decision_type=2 2 2 2 2 2 2 2 2 2 2 2 2 2 2 2 2 2 2 2 2 2 2 2 2 2 2 2 2 2
left_child=1 -1 3 -3 5 7 9 11 20 10 -7 -2 -11 14 -6 16 22 18 24 -13 -9 -22 -16 -8 26 -26 -15 -28 -27 -19
right_child=4 2 -4 -5 13 6 23 8 -10 12 -12 19 -14 17 15 -17 -18 29 -20 -21 21 -23 -24 -25 25 28 27 -29 -30 -31
leaf_value=-0.038053848457971079 1.0328246805402967 -0.58065275287833706 -0.16422888582610354 -2.0863168683648108 -0.13895488655146246 0.044279409716509205 -1.0076531438735026 0.53323141672945285 -0.029947768045323238 -0.48367681081176966 0.45825172428811733 0.073502997564389272 -0.049071432683164273 0.036085290867906628 -0.3150180582764916 0.035363031521141348 -1.3956789753266745 0.19163818233281227 0.55351133897334714 0.8576750139395396 0.26645198272807258 1.4204773601732756 -0.052735185786237274 -0.40130190506195418 0.28596331454681523 -0.61252785236057317 0.13584594544060161 0.53481921659031351 -0.17985420730999777 -0.005348676353915699
leaf_weight=3612 27 29 196 20 1963 1342 58 182 70 154 179 3674 535 3089 279 3323 28 408 79 30 21 57 2412 195 367 207 505 274 198 26313
leaf_count=3612 27 29 196 20 1963 1342 58 182 70 154 179 3674 535 3089 279 3323 28 408 79 30 21 57 2412 195 367 207 505 274 198 26313
internal_value=0.000439452 -0.0591664 -0.370425 -1.19521 0.00544064 0.0627213 -0.0389716 0.124398 0.550044 0.0184211 0.092998 0.0867506 -0.146211 -0.00403329 -0.051146 -0.0226175 -0.0934779 0.00796216 0.0663025 0.0798543 0.706195 1.10978 -0.0799284 -0.540307 0.0580074 -0.0744247 0.084439 0.276178 -0.400999 -0.00234091
internal_weight=49826 3857 245 49 45969 6524 2463 4061 330 2210 1521 3731 689 39445 8005 6042 2719 31440 4719 3704 260 78 2691 253 4640 772 3868 779 405 26721
internal_count=49826 3857 245 49 45969 6524 2463 4061 330 2210 1521 3731 689 39445 8005 6042 2719 31440 4719 3704 260 78 2691 253 4640 772 3868 779 405 26721
is_linear=0
shrinkage=0.05


Tree=282
num_leaves=31
num_cat=0
split_feature=3 7 7 8 6 8 6 6 6 6 7 8 7 7 6 7 6 7 8 7 6 6 6 7 6 6 8 6 6 8
split_gain=5820.56 5463.34 5851.89 11905.4 14211.9 10348 12045.2 10630.6 9416.22 6915.54 12959.6 10907.9 9828.99 7983.89 41963.6 8417.47 7217.03 6521.67 5909.1 6174.73 9770.81 7919.59 5736.03 5589.23 19428.7 5554.95 5554.23 5948.26 5453.22 13379.8
threshold=1.0000000180025095e-35 5029.8150000000014 3166.8725000000004 3178.0862500000007 3967.2862500000006 3437.0325000000007 4082.8087500000006 3479.2237500000006 3613.1812500000001 3341.0187500000006 3635.4337500000006 3044.0062500000008 3353.5050000000006 3304.5062500000004 3606.7425000000007 3435.5075000000002 3600.3562500000003 3454.0100000000007 2817.5200000000004 3304.5062500000004 3171.7650000000008 2794.2987500000004 3750.0550000000007 3348.3550000000005 3580.0475000000006 3505.0187500000006 3549.0825000000004 3656.5675000000006 2794.2987500000004 2806.0137500000005
decision_type=2 2 2 2 2 2 2 2 2 2 2 2 2 2 2 2 2 2 2 2 2 2 2 2 2 2 2 2 2 2
left_child=28 2 3 8 26 6 9 17 -2 10 18 12 25 14 -13 -15 -17 -7 19 -4 21 -21 -10 24 -9 -11 27 -5 -1 -30
right_child=1 -3 5 4 -6 7 -8 23 22 11 -12 13 -14 15 -16 16 -18 -19 -20 20 -22 -23 -24 -25 -26 -27 -28 -29 29 -31
leaf_value=0.051630246746835778 0.045481092251418685 0.56005169583174097 -0.68472477607968929 0.26931391574444824 -0.87104079106758392 0.12203918424091842 -1.3037193310260773 -0.31404983457177882 -0.45532761655647208 -0.79273223956425998 0.49635013912712617 -0.34081451704968579 -1.0730136883886237 -0.39653762139083931 0.80270610799771236 0.084554383434285202 -0.29077330042442706 0.57178321103964536 -0.0037797546588603289 -0.19987214078073917 -0.86264025419950485 1.1605594766139984 0.27367195590878979 0.009864196786580931 0.62496071500756167 0.038276026972004627 0.63108701799911537 -0.088469758564538328 -0.25451633043225924 -0.012190471475382637
leaf_weight=3227 4450 48 69 764 29 190 20 90 148 30 123 207 57 302 131 319 214 140 1109 23 22 20 33 5205 142 61 88 137 580 31848
leaf_count=3227 4450 48 69 764 29 190 20 90 148 30 123 207 57 302 131 319 214 140 1109 23 22 20 33 5205 142 61 88 137 580 31848
internal_value=0.000417479 0.0275247 0.0257148 0.0651344 0.219952 -0.000563473 -0.0812098 0.0372915 0.031102 -0.0721104 0.00677112 -0.153679 -0.558168 -0.102644 0.102384 -0.185637 -0.06614 0.31284 -0.0416747 -0.355298 -0.00559931 0.432887 -0.322416 0.0205671 0.260689 -0.235683 0.251942 0.214912 -0.0103562 -0.0165247
internal_weight=49826 14171 14123 5649 1018 8474 2707 5767 4631 2687 1366 1321 148 1173 338 835 533 330 1243 134 65 43 181 5437 232 91 989 901 35655 32428
internal_count=49826 14171 14123 5649 1018 8474 2707 5767 4631 2687 1366 1321 148 1173 338 835 533 330 1243 134 65 43 181 5437 232 91 989 901 35655 32428
is_linear=0
shrinkage=0.05


Tree=283
num_leaves=31
num_cat=0
split_feature=8 6 7 8 6 8 5 7 7 8 6 7 5 5 8 6 7 7 6 1 3 1 7 5 7 6 6 3 6 8
split_gain=5322.61 9069.11 11670.8 9607.4 8788.57 7915.83 7245.58 6954.96 7067.17 6623.63 6614.83 6917.99 6141.41 6307.27 6075.76 10854.4 15513.7 12277.1 9579.99 10368.2 9350.59 8142.53 9229.86 6732.1 6627.74 8182.01 13131.5 7781.3 6564.9 6412.91
threshold=2794.7400000000007 3282.9225000000006 2922.0950000000007 2698.0050000000006 3016.0012500000007 3217.0137500000005 1.0000000180025095e-35 2782.4462500000004 3930.3075000000003 3124.5075000000002 3319.1687500000003 4015.0012500000007 1.0000000180025095e-35 22.500000000000004 3549.0825000000004 3532.4575000000004 3749.3700000000003 4059.7550000000006 4116.0350000000008 3.5000000000000004 1.0000000180025095e-35 10.500000000000002 4240.1350000000011 1.0000000180025095e-35 3114.0300000000007 3613.1812500000001 3479.2237500000006 1.0000000180025095e-35 3441.0375000000004 3420.0250000000005
decision_type=2 2 2 2 2 2 2 2 2 2 2 2 2 2 2 2 2 2 2 2 2 2 2 2 2 2 2 2 2 2
left_child=1 12 -3 -4 7 6 -6 9 -9 -2 11 -7 -1 -14 18 16 -16 20 24 -20 28 -17 -23 -24 25 26 27 -12 -18 -28
right_child=4 2 3 -5 5 10 -8 8 -10 -11 14 -13 13 -15 15 21 17 -19 19 -21 -22 22 23 -25 -26 -27 29 -29 -30 -31
leaf_value=-0.15032767677215572 0.14101150859662656 -0.11898784886979492 -1.6925002130369347 -0.48309352277563172 -0.13160637356185509 0.054216409677761035 -0.021036526548887522 0.034538278175436733 0.89437514521802464 0.58036903406803808 -0.046796002887613507 0.52607569528531428 0.1055447333503087 -0.054281477129474037 0.25902227200253791 0.010141865428553604 -0.44234927943694075 0.37823777835660927 -1.5473585627295756 -0.072518673539161679 0.66041897233575586 -0.064442008950880592 0.025943808067928661 -0.63102157552962879 -0.056365473536345391 -0.22208839704704691 1.2197552309859367 0.44095210550271952 -0.043036327480505676 0.34069217617918807
leaf_weight=887 806 169 24 52 1963 4640 6042 5598 24 96 283 79 945 1780 979 17413 218 120 22 26 30 1225 55 134 5684 139 42 115 195 41
leaf_count=887 806 169 24 52 1963 4640 6042 5598 24 96 283 79 945 1780 979 17413 218 120 22 26 30 1225 55 134 5684 139 42 115 195 41
internal_value=0.000396605 -0.0560207 -0.350407 -0.865011 0.00513026 -0.00376088 -0.0481507 0.0588873 0.0382089 0.187772 0.00754128 0.0621157 -0.0360526 0.00114449 -0.00209671 0.0112175 0.138755 -0.0703786 -0.0447914 -0.748487 -0.1919 0.000771703 -0.114619 -0.439841 -0.0394333 0.115797 0.213439 0.0941362 -0.253812 0.785519
internal_weight=49826 3857 245 76 45969 39445 8005 6524 5622 902 31440 4719 3612 2725 26721 20369 1542 563 6352 48 443 18827 1414 189 6304 620 481 398 413 83
internal_count=49826 3857 245 76 45969 39445 8005 6524 5622 902 31440 4719 3612 2725 26721 20369 1542 563 6352 48 443 18827 1414 189 6304 620 481 398 413 83
is_linear=0
shrinkage=0.05


Tree=284
num_leaves=31
num_cat=0
split_feature=4 4 8 0 0 4 4 0 4 1 8 1 4 8 8 1 1 4 4 4 0 4 5 4 4 0 4 1 8 1
split_gain=6445.65 5533.1 6424.34 9755.1 8210.45 9525.66 18851.5 6792.16 23491.9 11664.4 11645.9 10981.7 12903.7 38657.4 16530.4 12752.5 12125.9 11974.7 17450.7 17033.6 10478.3 9771.08 12750.2 26294.3 25273.5 28415.9 25036.6 22572.3 19073 21582.8
threshold=1.0000000180025095e-35 22.500000000000004 4620.6500000000005 25.841875000000005 30.090625000000006 17.500000000000004 15.500000000000002 26.164375000000003 7.5000000000000009 2.5000000000000004 3630.0150000000008 3.5000000000000004 10.500000000000002 3322.0087500000004 2841.0100000000007 4.5000000000000009 8.5000000000000018 12.500000000000002 18.500000000000004 20.500000000000004 27.313125000000003 12.500000000000002 1.0000000180025095e-35 13.500000000000002 14.500000000000002 28.863125000000007 16.500000000000004 5.5000000000000009 3305.3462500000005 5.5000000000000009
decision_type=2 2 2 2 2 2 2 2 2 2 2 2 2 2 2 2 2 2 2 2 2 2 2 2 2 2 2 2 2 2
left_child=-1 2 7 -4 -5 6 -6 -2 9 -9 20 17 13 14 16 -16 -13 -10 -19 -20 -11 -14 23 -23 25 -24 27 -26 29 -28
right_child=1 -3 3 4 5 -7 -8 8 11 10 -12 12 21 -15 15 -17 -18 18 19 -21 -22 22 24 -25 26 -27 28 -29 -30 -31
leaf_value=-0.085526212483059527 0.026171191098421816 -0.076015378554234084 0.85462600060484639 0.059427931800560468 1.2406950291246177 1.4786847721446645 -0.70258792134431702 0.19093081628815575 -0.13332795617160731 -0.31688450064312146 -0.13518050709308482 -0.013287929913964394 -0.08175018290119157 0.38419482622340684 -0.46740492885914925 0.091540899599436246 -0.53087829797105357 0.060184336850820787 -0.29874407556783961 0.061406331343801995 -0.8582357402172005 -0.46719486449162678 0.05430739283278882 -0.0036352536719708988 -0.42555910440449179 0.42679712450925006 -0.57583098247133457 -0.039250703479593557 0.06148881496950899 0.94535442574747985
leaf_weight=2092 20205 2060 44 1032 24 22 26 169 2734 414 856 233 2883 930 107 2204 220 3320 808 553 114 363 1304 1945 521 843 29 1379 2273 119
leaf_count=2092 20205 2060 44 1032 24 22 26 169 2734 414 856 233 2883 930 107 2204 220 3320 808 553 114 363 1304 1945 521 843 29 1379 2273 119
internal_value=0.000376775 0.00414158 0.00775684 0.124541 0.0954439 0.611673 0.230188 0.00474581 -0.0130536 -0.201208 -0.249092 -0.000219632 0.0239128 0.105348 0.0115248 0.0656615 -0.264656 -0.0501867 -0.0016269 -0.152408 -0.433767 -0.00188885 0.0243464 -0.0765435 0.0603472 0.200562 -0.00932211 -0.145181 0.0972995 0.647284
internal_weight=49826 47734 45674 1148 1104 72 50 44526 24321 1553 1384 22768 15353 3694 2764 2311 453 7415 4681 1361 528 11659 8776 2308 6468 2147 4321 1900 2421 148
internal_count=49826 47734 45674 1148 1104 72 50 44526 24321 1553 1384 22768 15353 3694 2764 2311 453 7415 4681 1361 528 11659 8776 2308 6468 2147 4321 1900 2421 148
is_linear=0
shrinkage=0.05


Tree=285
num_leaves=31
num_cat=0
split_feature=8 5 5 8 1 7 1 7 3 8 0 8 7 1 0 8 0 1 8 8 3 0 0 1 1 7 0 7 8 7
split_gain=7302.46 7151.33 8947.36 5976.44 6726.37 15840.1 6159.56 5291.38 8453.81 8862.52 6477.3 6067.88 7626.75 8325.78 8129.33 12679.7 8915.3 8227.41 7486.01 7386.03 7580.9 7348.63 15849.6 11832.7 7051.08 6806.43 7527.28 7134.61 8958.85 6971.76
threshold=3124.5075000000002 1.0000000180025095e-35 22.500000000000004 2563.1450000000004 3.5000000000000004 3353.5050000000006 8.5000000000000018 3240.8775000000005 1.0000000180025095e-35 4052.0700000000002 23.353124999999999 3426.4487500000005 3594.7762500000003 9.5000000000000018 26.733125000000005 3906.4637500000003 28.775625000000002 3.5000000000000004 4868.6775000000007 3673.6712500000003 1.0000000180025095e-35 28.650000000000009 25.224375000000006 3.5000000000000004 3.5000000000000004 4794.9775000000018 31.205625000000001 3938.5575000000003 4355.6712500000003 4592.5687500000013
decision_type=2 2 2 2 2 2 2 2 2 2 2 2 2 2 2 2 2 2 2 2 2 2 2 2 2 2 2 2 2 2
left_child=1 3 -3 -1 5 -5 -6 8 9 -2 -9 -12 19 14 15 -14 -16 -17 -19 21 -21 22 24 -23 -13 26 27 -18 -29 -30
right_child=7 2 -4 4 6 -7 -8 10 -10 -11 11 12 13 -15 16 17 25 18 -20 20 -22 23 -24 -25 -26 -27 -28 28 29 -31
leaf_value=-0.30709848428432573 0.013702341701678798 0.057522452751445366 -0.042377487760009679 -0.19178120099532953 0.0056011700953982058 -1.5548045127288157 -0.1540572390708802 0.47443605763454966 0.14309961942568286 0.99751284796258677 -0.043540019020127649 0.33044298526926347 -0.016754508432694475 -0.085936488762632005 -0.075844497044656969 0.0062216023186391052 0.18511545496463436 0.15982818662037337 0.84960287343710661 0.083872308412522911 0.30710549514385921 -0.00031040386575361393 -0.11758224715093445 0.33898063722421373 0.032726446889723919 -0.37772112522292339 -0.038667600924657854 -0.05775063223339616 0.080559287247644079 0.47488662484317823
leaf_weight=298 4853 3367 6704 291 1825 23 903 73 1882 23 5683 332 3330 2514 3921 1100 1108 2365 40 1380 525 662 1593 420 496 103 2110 1158 435 151
leaf_count=298 4853 3367 6704 291 1825 23 903 73 1882 23 5683 332 3330 2514 3921 1100 1108 2365 40 1380 525 662 1593 420 496 103 2110 1158 435 151
internal_value=0.00151834 -0.0300049 -0.00897831 -0.0934059 -0.0724722 -0.29162 -0.0472476 0.0131784 0.0530858 0.018343 0.00403592 0.00286895 0.0139772 -0.00141323 0.0120177 0.0531132 -0.0192406 0.119493 0.171301 0.066156 0.145393 0.0230652 -0.0253487 0.131392 0.152101 0.0245785 0.0329293 0.085899 0.0228646 0.182169
internal_weight=49668 13411 10071 3340 3042 314 2728 36257 6758 4876 29499 29426 23743 18335 15821 6835 8986 3505 2405 5408 1905 3503 2421 1082 828 5065 4962 2852 1744 586
internal_count=49668 13411 10071 3340 3042 314 2728 36257 6758 4876 29499 29426 23743 18335 15821 6835 8986 3505 2405 5408 1905 3503 2421 1082 828 5065 4962 2852 1744 586
is_linear=0
shrinkage=0.05


Tree=286
num_leaves=31
num_cat=0
split_feature=6 6 7 0 7 7 0 0 7 3 0 6 1 6 6 7 0 7 6 1 0 0 6 7 1 7 0 7 6 7
split_gain=7767.31 6187.63 6705.71 9212.9 7004.94 6051.79 5406.01 6841.64 5460.41 4578.88 7638.82 7476.13 5333.49 9023.5 8115.51 21636 7516.24 11719.3 21646.8 8848.72 12305.5 7086.26 12288.5 20273 12499.5 10347.8 14008.9 10890.7 11526.4 10534.1
threshold=4963.005000000001 4693.3900000000012 4847.3062500000015 28.181875000000005 4917.9575000000013 5029.8150000000014 25.770625000000006 25.936875000000004 4632.4850000000015 1.0000000180025095e-35 23.426250000000003 2472.5250000000005 6.5000000000000009 2343.9187500000003 2425.5450000000005 3123.5650000000005 26.585625000000007 3138.3787500000003 2959.0637500000007 4.5000000000000009 32.346250000000005 29.728125000000002 3606.7425000000007 3607.0600000000004 2.5000000000000004 3480.0750000000003 32.646875000000016 4127.0100000000011 3724.0400000000004 3435.5075000000002
decision_type=2 2 2 2 2 2 2 2 2 2 2 2 2 2 2 2 2 2 2 2 2 2 2 2 2 2 2 2 2 2
left_child=1 9 6 -4 -5 -2 8 -8 -3 12 11 -11 13 -1 15 -15 17 -16 -19 21 -21 -18 23 24 -23 26 -24 -27 -29 -28
right_child=5 2 3 4 -6 -7 7 -9 -10 10 -12 -13 -14 14 16 -17 19 18 -20 20 -22 22 25 -25 -26 27 29 28 -30 -31
leaf_value=0.56242239314660025 0.42663017921370161 -0.28180849566575022 0.33907138269266179 0.19653508256782184 -1.0157218641359718 -0.37951772212982182 -1.1418862589541823 -0.20395796826285417 0.59305168072737402 -1.1518906778097153 0.032693597722774213 -0.15295488721738429 -0.027915227979584425 0.4912876691137042 -0.072755966941517494 -1.7284985136726629 -0.098433635765727778 0.38541261176953373 0.04972071649810586 0.038325275107039744 0.54546061057656536 -0.041673847239816292 -0.0025719384916804058 -0.3380248092011271 0.43815704849274728 0.18070135051304706 -0.41704660745864458 -0.91500520729704915 -0.014612571222495966 -1.8060454487800599
leaf_weight=74 169 31 145 22 26 27 20 698 42 20 13527 295 16211 21 1645 23 3395 522 6002 2361 126 1202 154 593 153 1516 39 38 550 21
leaf_count=74 169 31 145 22 26 27 20 698 42 20 13527 295 16211 21 1645 23 3395 522 6002 2361 126 1202 154 593 153 1516 39 38 550 21
internal_value=0.00144243 0.000197868 -0.123931 0.140313 -0.460104 0.315579 -0.188405 -0.230084 0.221536 0.0027169 0.0270255 -0.216379 -0.00699503 0.0114013 0.00918058 -0.669055 0.0108098 0.0465082 0.0765802 -0.0179269 0.0640185 -0.044529 -0.00163018 -0.0942005 0.0125063 0.0761641 -0.255083 0.109856 -0.0728012 -0.903196
internal_weight=49668 49472 984 193 48 196 791 718 73 48488 13842 315 34646 18435 18361 44 18317 8169 6524 10148 2487 7661 4266 1948 1355 2318 214 2104 588 60
internal_count=49668 49472 984 193 48 196 791 718 73 48488 13842 315 34646 18435 18361 44 18317 8169 6524 10148 2487 7661 4266 1948 1355 2318 214 2104 588 60
is_linear=0
shrinkage=0.05


Tree=287
num_leaves=31
num_cat=0
split_feature=6 4 4 5 4 8 6 6 8 8 4 7 8 1 8 1 8 1 7 7 6 6 8 8 6 7 7 8 6 6
split_gain=7010 6233.98 6366.57 8370.09 14695 11256.1 9126.39 8748.49 8490.25 8433.55 8673.1 8433.18 8026.08 7773.18 6946.84 6441.35 8106.7 6594.51 8880.9 10899.3 9211.36 8688.91 7935.35 6194.53 7598.75 7315.61 5461.74 5338.83 14765.3 18104.5
threshold=4963.005000000001 1.0000000180025095e-35 21.500000000000004 1.0000000180025095e-35 22.500000000000004 4242.8275000000003 3628.0050000000006 4164.0150000000012 3475.5112500000005 3290.2300000000005 22.500000000000004 2851.5450000000005 4868.6775000000007 9.5000000000000018 4868.6775000000007 9.5000000000000018 3959.7775000000006 3.5000000000000004 3730.5412500000007 4917.9575000000013 4659.5625000000009 4884.2275000000018 3589.0900000000006 2981.3850000000007 2828.7400000000002 3370.2475000000004 5029.8150000000014 2504.5587500000006 2343.9187500000003 2472.5250000000005
decision_type=2 2 2 2 2 2 2 2 2 2 2 2 2 2 2 2 2 2 2 2 2 2 2 2 2 2 2 2 2 2
left_child=1 23 12 4 -4 7 9 8 -6 10 -5 -11 27 -10 -7 17 -17 18 -8 20 -20 -22 -19 25 -25 -1 -2 28 -3 -30
right_child=26 2 3 6 5 14 15 -9 13 11 -12 -13 -14 -15 -16 16 -18 22 19 -21 21 -23 -24 24 -26 -27 -28 -29 29 -31
leaf_value=-0.43812709954153334 0.40529867212271553 0.4417212885916233 0.26526158073693823 -0.64255148946362395 -0.57309282014767327 0.53933351288239162 0.15982710878188547 -1.2277859059247105 0.14992202769721016 1.0770656188329062 -0.061303190501648508 0.063030497357222409 0.44602951425881615 -0.48367954288773679 -0.37006445654800962 -0.14824418142241866 -0.69181368870735171 -0.65059977775933797 -0.27479400829274248 0.49780399636743039 -0.98186027791040642 0.14093433057978041 0.0061200080936732451 0.70053717593352005 -0.065215731447103478 0.21253195447778261 -0.36054181633172216 0.010681638060953744 -0.7712072002259478 -0.086629027567971917
leaf_weight=216 169 100 484 85 105 84 111 22 168 21 262 867 105 68 28 152 125 49 392 37 96 21 751 33 1773 54 27 42613 118 532
leaf_count=216 169 100 484 85 105 84 111 22 168 21 262 867 105 68 28 152 125 49 392 37 96 21 751 33 1773 54 27 42613 118 532
internal_value=0.00137031 0.000187975 0.00390261 -0.0570582 0.0713655 -0.126204 -0.0985397 -0.261403 -0.199056 0.00533401 -0.203684 0.0870111 0.00941135 -0.0326411 0.311984 -0.172521 -0.393537 -0.130502 -0.247882 -0.330768 -0.390998 -0.780333 -0.0341041 -0.0846187 -0.0512236 -0.307995 0.2998 0.00835412 -0.123889 -0.210906
internal_weight=49668 49472 47396 3928 959 475 2969 363 341 1235 347 888 43468 236 112 1734 277 1457 657 546 509 117 800 2076 1806 270 196 43363 750 650
internal_count=49668 49472 47396 3928 959 475 2969 363 341 1235 347 888 43468 236 112 1734 277 1457 657 546 509 117 800 2076 1806 270 196 43363 750 650
is_linear=0
shrinkage=0.05


Tree=288
num_leaves=31
num_cat=0
split_feature=8 6 8 8 6 8 8 6 0 6 0 1 3 6 6 0 1 0 0 1 1 1 8 6 6 8 6 8 6 0
split_gain=6527.55 7323.57 17278.3 10448.2 9844.9 14875.1 9609.49 6743.78 6906.24 6638.77 9219.46 6577.28 6256.04 6145.79 8871.83 10077.9 6007 6196.08 5955.84 6213.41 5932.5 6422.29 15638.7 35399.9 21130.6 10756.9 9641.53 8588.29 20834.8 33960.5
threshold=3124.5075000000002 4050.4637500000003 4216.4300000000012 4008.6487500000007 4444.4925000000012 4528.2287500000011 3437.0325000000007 2914.3150000000005 24.488125000000007 3282.9225000000006 28.731250000000006 8.5000000000000018 1.0000000180025095e-35 4963.005000000001 4693.3900000000012 30.415625000000006 1.5000000000000002 27.961875000000003 25.293125000000007 5.5000000000000009 4.5000000000000009 6.5000000000000009 2345.2987500000004 2648.6612500000006 2343.9187500000003 2588.4350000000009 2922.1737500000004 2345.2987500000004 2425.5450000000005 24.904375000000005
decision_type=2 2 2 2 2 2 2 2 2 2 2 2 2 2 2 2 2 2 2 2 2 2 2 2 2 2 2 2 2 2
left_child=9 3 6 7 11 -6 -3 8 -2 20 -11 16 -9 14 -7 -16 17 -4 19 -5 -1 22 23 24 -22 26 -24 28 -23 -30
right_child=1 2 4 18 5 13 -8 12 -10 10 -12 -13 -14 -15 15 -17 -18 -19 -20 -21 21 27 25 -25 -26 -27 -28 -29 29 -31
leaf_value=-0.13436042153107083 0.59922115392982966 -1.0389704150812966 0.011882210655344859 0.77466490521575471 -0.22554987138520635 0.1314867809852561 -0.10880104734849089 -0.0038473524380933685 0.10436032720559683 -0.23275962780088766 0.019207963553407766 -0.071057227284069033 0.053767606415726199 0.31553390324115754 -0.1398919386540543 0.71509310505870316 0.16133525715600411 -0.79816816225647935 0.10052026381319655 0.2162059313301089 1.1061950432402747 0.4796685622798072 -0.10528695631984603 2.1856574867452898 -0.70400790352570386 0.073233655818468454 -0.8504819530461516 -0.021401430151044051 -2.7340492197871207 -0.25781018760469226
leaf_weight=973 76 28 90 66 753 766 3325 18488 975 872 622 454 6323 181 809 36 1902 32 1750 203 28 36 193 28 38 2280 56 8220 20 45
leaf_count=973 76 28 90 66 753 766 3325 18488 975 872 622 454 6323 181 809 36 1902 32 1750 203 28 36 193 28 38 2280 56 8220 20 45
internal_value=0.00130179 0.0123258 -0.028673 0.0246427 0.03 -0.0390718 -0.116569 0.0160906 0.140145 -0.028502 -0.127857 0.100939 0.0108356 0.0392864 0.00824932 -0.103467 0.13952 -0.20059 0.134189 0.353226 -0.0160461 -0.00552716 0.0626935 0.695953 0.063957 0.0391559 -0.272881 -0.0270321 -0.485291 -1.01973
internal_weight=49668 36257 8376 27881 5023 2545 3353 25862 1051 13411 1494 2478 24811 1792 1611 845 2024 122 2019 269 11917 10944 2623 94 66 2529 249 8321 101 65
internal_count=49668 36257 8376 27881 5023 2545 3353 25862 1051 13411 1494 2478 24811 1792 1611 845 2024 122 2019 269 11917 10944 2623 94 66 2529 249 8321 101 65
is_linear=0
shrinkage=0.05


Tree=289
num_leaves=31
num_cat=0
split_feature=4 6 4 0 7 5 8 8 8 6 7 6 8 0 5 7 0 7 0 4 0 7 5 4 0 8 8 6 6 0
split_gain=6045.87 6033.8 5875.15 11936.7 13626 13394.8 8075.17 7263.88 5496.21 6459.58 6196.06 5292.55 9982.97 7895.54 6033.39 6256.22 5612.08 9117.88 15081.2 12919.6 6795.99 6607.64 5279 7763.24 4966.27 4608.52 4586.31 12391.9 16180.8 46973.3
threshold=1.0000000180025095e-35 4963.005000000001 21.500000000000004 26.643125000000005 4917.9575000000013 1.0000000180025095e-35 3290.2300000000005 4868.6775000000007 3022.2625000000003 3011.0212500000002 3365.1775000000002 3586.7187500000005 3589.0900000000006 26.086875000000003 1.0000000180025095e-35 4794.9775000000018 25.745625000000008 4138.295000000001 25.605625000000007 22.500000000000004 25.913125000000004 3245.7562500000004 37.500000000000007 22.500000000000004 24.799375000000005 4389.817500000001 2504.5587500000006 2343.9187500000003 2472.5250000000005 24.840625000000006
decision_type=2 2 2 2 2 2 2 2 2 2 2 2 2 2 2 2 2 2 2 2 2 2 2 2 2 2 2 2 2 2
left_child=8 2 7 4 6 -5 -4 26 10 -10 -1 13 24 -8 15 -14 17 21 19 -19 22 -16 23 -18 -13 -21 27 -2 29 -29
right_child=1 -3 3 5 -6 -7 11 -9 9 -11 -12 12 14 -15 16 -17 20 18 -20 25 -22 -23 -24 -25 -26 -27 -28 28 -30 -31
leaf_value=-0.38847319142247344 0.40362769439816476 0.28461243625497445 -0.24110020353799549 0.11975839298945912 0.6150734596133951 -0.40409954676154264 0.067728045856912972 0.42441175758838656 0.3164903751917576 -0.072706920076373929 0.14350583918658752 -0.2299233561325254 0.17559233995786697 0.98592104588945717 0.50816651915394984 -0.72865026421844969 -1.3582680503235145 0.56603912051767113 1.4066884399978099 -0.75598137581513991 -0.1138114748414286 -0.13541690826788544 -0.014188295500031834 -0.30473083311484922 -0.82601941619758257 0.033466362953186037 0.010193944094659615 -0.10235934942960739 -0.076760636286852063 -2.3250053245009799
leaf_weight=251 100 192 410 169 83 439 957 105 114 1645 70 99 439 24 43 20 34 80 27 36 361 550 29 36 54 38 42613 85 532 33
leaf_count=251 100 192 410 169 83 439 957 105 114 1645 70 99 439 24 43 20 34 80 27 36 361 550 29 36 54 38 42613 85 532 33
internal_value=0.0012367 0.00488377 0.0037506 -0.0548103 -0.0175104 -0.258488 -0.0337305 0.00904247 -0.082204 -0.0474832 -0.272465 -0.00365562 -0.0535278 0.0901915 -0.0185734 0.136192 -0.0761401 0.00606198 0.316686 0.125581 -0.214454 -0.088749 -0.581443 -0.816449 -0.44031 -0.350589 0.00803669 -0.114533 -0.19425 -0.723947
internal_weight=49668 47588 47396 3928 3320 608 3237 43468 2080 1759 321 2827 1846 981 1693 459 1234 774 181 154 460 593 99 70 153 74 43363 750 650 118
internal_count=49668 47588 47396 3928 3320 608 3237 43468 2080 1759 321 2827 1846 981 1693 459 1234 774 181 154 460 593 99 70 153 74 43363 750 650 118
is_linear=0
shrinkage=0.05


Tree=290
num_leaves=31
num_cat=0
split_feature=4 5 6 0 0 4 6 7 7 6 4 4 5 6 0 6 7 7 4 7 0 6 0 4 3 6 6 0 6 4
split_gain=6213.54 6458.21 9502.78 7202.93 6170.27 10330.2 14047.5 12763.2 11560.1 14283 16209.2 11332.9 52898 10687.4 12441.8 10263.6 8984.2 8499.91 8768.74 8091.24 20700 12825.2 8565.2 8014.56 7863.58 13415.5 9646.31 8614.21 7618.23 7424
threshold=2.5000000000000004 1.0000000180025095e-35 3210.5100000000007 23.835625000000004 25.158125000000002 8.5000000000000018 3896.4800000000005 3539.9700000000007 2851.5450000000005 3613.1812500000001 16.500000000000004 9.5000000000000018 1.0000000180025095e-35 3441.0375000000004 25.583125000000006 2588.4350000000009 4150.8100000000013 3353.5050000000006 6.5000000000000009 3376.0300000000002 29.336250000000003 3417.7750000000005 29.153125000000003 5.5000000000000009 1.0000000180025095e-35 2698.0050000000006 3156.8725000000004 27.885625000000005 3259.5012500000007 10.500000000000002
decision_type=2 2 2 2 2 2 2 2 2 2 2 2 2 2 2 2 2 2 2 2 2 2 2 2 2 2 2 2 2 2
left_child=1 2 -1 -3 15 6 7 13 9 10 24 12 -10 17 -15 -2 -17 28 -19 22 -21 -22 -14 -8 25 -7 -27 -28 -6 -26
right_child=4 3 -4 -5 5 8 23 -9 11 -11 -12 -13 19 14 -16 16 -18 18 -20 20 21 -23 -24 -25 29 26 27 -29 -30 -31
leaf_value=0.0040625581858660447 0.26161513898324795 -0.16566439991076598 -0.2455900280926081 0.0082033388876952204 -0.046303652166020899 0.46963543157008564 -0.27414789252108385 0.060707894119751964 -0.34491190718987441 -0.64730602974692986 1.1519373873621226 -0.010103212504208555 0.28487122322715908 0.080161620943746237 -0.37344124661121869 0.017367624688846211 0.2321567317627114 0.56378931346535688 0.015139593940867641 1.1751034510026617 -0.21396605698391796 0.47997256303940328 -0.071358042419888079 -0.99518109905092345 0.01560153968751476 -0.4077360229112067 1.1443701699376108 -0.076662548602773606 -0.26409899193902037 0.27292692268868535
leaf_weight=679 492 702 869 3933 1822 88 119 1664 454 57 40 23881 684 199 629 9911 512 100 268 82 92 241 224 57 410 211 20 52 515 886
leaf_count=679 492 702 869 3933 1822 88 119 1664 454 57 40 23881 684 199 629 9911 512 100 268 82 92 241 224 57 410 211 20 52 515 886
internal_value=-0.000746766 -0.0476616 -0.136085 -0.01813 0.00588958 -0.00494819 -0.0683442 -0.0534663 0.00747347 0.131285 0.157284 -0.00103867 0.120779 -0.107241 -0.264423 0.0384525 0.0279185 -0.0591275 0.164229 0.280586 0.463487 0.288254 0.196991 -0.507664 0.133417 -0.069551 -0.237213 0.262513 -0.0942988 0.19152
internal_weight=49893 6183 1548 4635 43710 32795 5373 5197 27422 1764 1707 25658 1777 3533 828 10915 10423 2705 368 1323 415 333 908 176 1667 371 283 72 2337 1296
internal_count=49893 6183 1548 4635 43710 32795 5373 5197 27422 1764 1707 25658 1777 3533 828 10915 10423 2705 368 1323 415 333 908 176 1667 371 283 72 2337 1296
is_linear=0
shrinkage=0.05


Tree=291
num_leaves=31
num_cat=0
split_feature=8 7 0 0 1 8 7 0 8 7 8 7 0 3 1 8 0 7 1 8 7 1 0 1 0 1 7 7 8 1
split_gain=4516.26 13198.2 6823.49 9611.57 9922.13 8868.33 6351.61 8365.31 9533.91 8864.35 6741.6 7389.55 10046.4 10101.9 8160.47 6180.11 5827.88 7246.96 5572.15 6753.91 4981.13 4931.71 4890.44 7889.78 4885.27 5367.07 6625.11 4764.25 5312.06 4603.11
threshold=4153.2687500000011 4048.6962500000004 29.863125000000007 27.679375000000007 3.5000000000000004 4389.817500000001 3797.0300000000002 25.181875000000002 2794.7400000000007 4015.0012500000007 3643.5450000000005 3424.7862500000006 26.315625000000004 1.0000000180025095e-35 2.5000000000000004 4498.9400000000014 26.948125000000005 3755.3150000000005 10.500000000000002 2975.0950000000007 2998.6000000000004 8.5000000000000018 26.585625000000007 8.5000000000000018 32.77062500000001 9.5000000000000018 3698.6987500000005 2504.9887500000004 2345.2987500000004 3.5000000000000004
decision_type=2 2 2 2 2 2 2 2 2 2 2 2 2 2 2 2 2 2 2 2 2 2 2 2 2 2 2 2 2 2
left_child=6 2 3 16 -5 -6 10 8 -8 21 18 12 13 -12 -13 -4 -2 -18 27 -20 -15 -10 23 29 25 -16 -27 28 -1 -3
right_child=1 22 15 4 5 -7 7 -9 9 -11 11 14 -14 20 24 -17 17 -19 19 -21 -22 -23 -24 -25 -26 26 -28 -29 -30 -31
leaf_value=0.67744951928273234 0.14204922113253968 0.023372575064768666 0.5819352223258466 0.28374699185932839 -0.98370319137386242 -0.046612668454647066 -0.96786098102836504 -0.076789868231673331 0.02636253864847516 0.16825265342441317 -0.10192739477642627 0.16752760456414129 0.4070426358094002 -0.12929845962386866 0.037512211831448955 -0.26339049077033999 1.3209471140226181 0.34281887958401486 -0.10372202915916158 0.088234004989055703 0.51385201352338006 -0.21841009072271872 -0.02383442534060282 -0.092138272922715189 -0.23151663748863571 -0.00098745407738882801 -0.34270353078572463 -0.018368834477936045 0.07818643618948988 0.24656288286777051
leaf_weight=39 683 370 160 62 51 50 23 5902 665 910 349 869 324 39 3240 25 22 136 554 2651 132 298 3975 439 218 396 221 25761 714 615
leaf_count=39 683 370 160 62 51 50 23 5902 665 910 349 869 324 39 3240 25 22 136 554 2651 132 298 3975 439 218 396 221 25761 714 615
internal_value=-0.000709428 0.037859 0.188664 0.137248 -0.214154 -0.519797 -0.00657685 -0.0474378 0.0439314 0.056356 0.00239697 0.0517652 0.188501 0.052333 0.0284227 0.467702 0.205355 0.479014 -0.00721786 0.0550535 0.367169 -0.0493823 0.0046478 0.084154 -0.00124161 0.0117737 -0.123385 -0.0147452 0.109224 0.162725
internal_weight=49893 6588 1189 1004 163 101 43305 7798 1896 1873 35507 5788 844 520 4944 185 841 158 29719 3205 171 963 5399 1424 4075 3857 617 26514 753 985
internal_count=49893 6588 1189 1004 163 101 43305 7798 1896 1873 35507 5788 844 520 4944 185 841 158 29719 3205 171 963 5399 1424 4075 3857 617 26514 753 985
is_linear=0
shrinkage=0.05


Tree=292
num_leaves=31
num_cat=0
split_feature=8 7 5 8 1 8 7 7 7 0 0 3 8 7 7 8 8 3 0 0 0 8 7 0 1 3 7 1 8 8
split_gain=4266.53 9374.48 5228.46 3972.35 5769.92 18528.1 10900 18704.1 9756.67 9897.14 9365.18 28553.9 27149.3 8799.5 7585.41 7391.04 6924.53 14365.7 4798.2 4359.63 7040 4731.71 4234.74 9525.35 7255.46 5889.72 7590.54 7185.7 9844.53 5887.15
threshold=4928.8850000000011 4448.9625000000005 37.500000000000007 2563.1450000000004 6.5000000000000009 2345.2987500000004 3326.0250000000005 2998.6000000000004 3331.0200000000004 24.799375000000005 23.978125000000006 1.0000000180025095e-35 2345.2987500000004 2974.0562500000005 3123.5650000000005 2472.5250000000005 2425.5450000000005 1.0000000180025095e-35 24.530625000000004 25.224375000000006 24.290625000000006 2425.5450000000005 2952.5025000000005 27.81375000000001 7.5000000000000009 1.0000000180025095e-35 2889.2750000000005 3.5000000000000004 3005.9525000000008 3792.4850000000001
decision_type=2 2 2 2 2 2 2 2 2 2 2 2 2 2 2 2 2 2 2 2 2 2 2 2 2 2 2 2 2 2
left_child=3 -2 -3 4 5 8 7 -7 9 -1 16 12 13 -12 -11 -9 17 -6 -14 20 -13 -21 23 24 29 26 -25 -27 -29 -5
right_child=1 2 -4 22 10 6 -8 15 -10 14 11 19 18 -15 -16 -17 -18 -19 -20 21 -22 -23 -24 25 -26 27 -28 28 -30 -31
leaf_value=1.3363628808781505 1.079163275406297 0.24946568275061179 -0.39994266133119422 -0.057094029686367564 1.0155107059826454 -0.37564711738855411 -0.77486167617563939 1.2495432849588066 1.6132385270162062 0.72520519438244058 -2.6502652917589464 0.25970629020815805 -0.75357699487890528 -1.1848313665390016 -0.54182979376227769 0.25992930207263537 -0.084213280274802571 -0.31653312512806486 -0.15699468488876636 0.41465912484563888 -0.91137392277067364 -0.064197087806957612 -0.0051418955289931718 -0.14747589217478652 0.070032830404525279 0.013216686593484581 0.2684815542792881 0.23956314072049031 0.77362670667891242 0.60505011997678704
leaf_weight=20 28 127 41 2649 48 117 53 29 22 21 21 21 70 20 27 54 214 35 65 64 33 266 42073 276 2472 241 182 464 106 34
leaf_count=20 28 127 41 2649 48 117 53 29 22 21 21 21 70 20 27 54 214 35 65 64 33 266 42073 276 2472 241 182 464 106 34
internal_value=-0.000673956 0.232148 0.0909791 -0.00159218 -0.0914582 0.0818454 -0.137334 0.0316111 0.697982 0.40187 -0.16082 -0.281191 -0.808564 -1.93542 0.012498 0.605698 0.0661421 0.453805 -0.466334 -0.0394785 -0.455954 0.028672 0.000631442 0.038443 0.00823487 0.161156 0.0178172 0.242105 0.33888 -0.0487031
internal_weight=49893 196 168 49697 1200 343 253 200 90 68 857 560 176 41 48 83 297 83 135 384 54 330 48497 6424 5155 1269 458 811 570 2683
internal_count=49893 196 168 49697 1200 343 253 200 90 68 857 560 176 41 48 83 297 83 135 384 54 330 48497 6424 5155 1269 458 811 570 2683
is_linear=0
shrinkage=0.05


Tree=293
num_leaves=31
num_cat=0
split_feature=4 5 6 0 6 0 0 4 1 0 0 4 6 6 1 5 6 6 3 6 4 1 1 0 6 1 0 4 3 6
split_gain=5753.29 5862.83 8802.86 6518.99 6425.67 6867.47 5566.32 9345.06 13512.2 16590.9 11392.7 9087.77 9045 7515.68 7661.52 8019.02 7453.24 12743.4 7374.01 13803.2 10082.1 26405.3 19347.4 25502.8 9849.52 9008.41 9956.56 8200.83 7225.06 8365.51
threshold=2.5000000000000004 1.0000000180025095e-35 3210.5100000000007 24.058125000000004 4404.8925000000008 26.674375000000005 25.158125000000002 8.5000000000000018 7.5000000000000009 26.919375000000002 30.090625000000006 5.5000000000000009 2588.4350000000009 3434.7200000000007 5.5000000000000009 1.0000000180025095e-35 3872.0137500000005 4116.0350000000008 1.0000000180025095e-35 2929.6225000000004 10.500000000000002 3.5000000000000004 5.5000000000000009 29.271250000000006 2769.1675000000005 4.5000000000000009 31.590625000000006 13.500000000000002 1.0000000180025095e-35 2952.6487500000007
decision_type=2 2 2 2 2 2 2 2 2 2 2 2 2 2 2 2 2 2 2 2 2 2 2 2 2 2 2 2 2 2
left_child=1 2 -1 -3 -5 -6 12 8 9 13 16 -10 -2 14 -8 -16 -11 -18 20 27 21 -9 23 24 -23 26 -25 -20 -13 -30
right_child=6 3 -4 4 5 -7 7 18 11 10 -12 28 -14 -15 15 -17 17 -19 19 -21 -22 22 -24 25 -26 -27 -28 -29 29 -31
leaf_value=0.0048545445532254079 0.24617014265074055 -0.12401020615065031 -0.23542825676397913 0.029147495820147341 -0.63803330526540158 0.061992937724750778 0.26359394520458318 -0.17183912939963147 0.64280652264133098 -0.16966664218316427 0.25237230592790771 -0.30197091502649243 0.026784939536774494 -0.022737617742372533 0.39423395753453633 -0.084704202702036657 -1.3243390129162718 -0.15550769243774742 0.22082594961393626 0.036354327082731432 -0.024293746882053744 -0.052765573419275735 0.075821285855051102 0.33175574129997387 1.1101178890923513 0.54360284391980973 -0.26106566659140368 0.84634453498020579 -0.91316977418386025 0.014513202722594943
leaf_weight=679 492 1099 869 3395 76 65 652 786 31 1191 153 899 10423 1402 109 441 39 58 164 7634 16609 21 1573 149 137 137 135 77 26 372
leaf_count=679 492 1099 869 3395 76 65 652 786 31 1191 153 899 10423 1402 109 441 39 58 164 7634 16609 21 1573 149 137 137 135 77 26 372
internal_value=-0.000640258 -0.0457841 -0.130033 -0.0176467 0.0154114 -0.315326 0.00574557 -0.00454814 -0.0648455 -0.0194133 -0.155537 -0.203229 0.0366739 0.0559148 0.147654 0.0102126 -0.203992 -0.62545 0.00726638 0.0481159 -0.00919088 0.0761881 0.166778 0.413885 0.955557 0.210597 0.0499568 0.42068 -0.223451 -0.0460892
internal_weight=49893 6183 1548 4635 3536 141 43710 32795 5373 4045 1441 1328 10915 2604 1202 550 1288 97 27422 7875 19547 2938 2152 579 158 421 284 241 1297 398
internal_count=49893 6183 1548 4635 3536 141 43710 32795 5373 4045 1441 1328 10915 2604 1202 550 1288 97 27422 7875 19547 2938 2152 579 158 421 284 241 1297 398
is_linear=0
shrinkage=0.05


Tree=294
num_leaves=31
num_cat=0
split_feature=4 5 6 7 6 4 4 5 4 4 5 4 4 4 1 1 4 1 1 1 4 4 4 4 4 1 1 6 1 4
split_gain=5192.34 5291.2 7945.9 5708.29 5673.93 4699.35 4380.54 53280.7 29202.8 13318 12312.5 48324.6 41144.1 40319.5 55784.8 26543 23164.9 42295 33340.7 26478.4 19181.9 19276.6 31557.5 32478.8 47250.2 43216.9 28661.8 37121.2 34733.9 29250.8
threshold=2.5000000000000004 1.0000000180025095e-35 3240.0100000000007 2898.0200000000004 4404.8925000000008 1.0000000180025095e-35 5.5000000000000009 1.0000000180025095e-35 4.5000000000000009 3.5000000000000004 1.0000000180025095e-35 7.5000000000000009 9.5000000000000018 7.5000000000000009 2.5000000000000004 8.5000000000000018 9.5000000000000018 2.5000000000000004 5.5000000000000009 4.5000000000000009 10.500000000000002 14.500000000000002 16.500000000000004 18.500000000000004 19.500000000000004 9.5000000000000018 6.5000000000000009 3995.8762500000007 2.5000000000000004 17.500000000000004
decision_type=2 2 2 2 2 2 2 2 2 2 2 2 2 2 2 2 2 2 2 2 2 2 2 2 2 2 2 2 2 2
left_child=1 2 5 -3 -5 -1 7 9 -9 -2 11 -8 -13 14 -12 -16 17 -15 19 -19 -14 -22 -23 26 25 -25 28 -28 -24 -30
right_child=6 3 -4 4 -6 -7 10 8 -10 -11 13 12 20 16 15 -17 -18 18 -20 -21 21 22 23 24 -26 -27 27 -29 29 -31
leaf_value=-0.23549955145427678 -0.0021954971817443251 -0.12575946881677919 -0.22861874624314416 0.023872778647385063 -0.29955986680013807 0.068678491684809301 0.36911622854101173 0.040268011419033807 0.30426667356807258 -0.30744809737850048 0.28095256669943297 -0.28371187065235925 0.34456882539822925 -0.27503595975774564 -0.17277960345453147 -0.51579950530153895 -0.014647468569656864 0.27022200039024136 0.084435579241474268 0.84909083825046727 -0.099031688818790223 0.32390775252060233 0.11454539238500989 0.73769309859337484 0.00043316882454512949 -0.47157543715549988 -0.12379562652241144 1.114930548850033 -0.29226807175856556 -1.1549964641353914
leaf_weight=165 538 954 832 3540 141 551 1045 3116 1578 1064 529 1053 516 533 1764 829 21814 598 1708 295 2063 1063 181 435 2056 89 378 72 197 196
leaf_count=165 538 954 832 3540 141 551 1045 3116 1578 1064 529 1053 516 533 1764 829 21814 598 1708 295 2063 1063 181 435 2056 89 378 72 197 196
internal_value=-0.000608245 -0.0434949 -0.123531 -0.0167644 0.0114838 -0.0014184 0.00545829 0.0440442 0.129017 -0.204935 -0.00103491 0.0486794 0.00833043 -0.0175839 -0.186982 -0.282445 0.00361458 0.130726 0.213876 0.46145 0.0507705 0.0282445 0.0845056 0.0138939 0.108456 0.532302 -0.224359 0.0744006 -0.458577 -0.722535
internal_weight=49893 6183 1548 4635 3681 716 43710 6296 4694 1602 37414 9344 8299 28070 3122 2593 24948 3134 2601 893 7246 6730 4667 3604 2580 524 1024 450 574 393
internal_count=49893 6183 1548 4635 3681 716 43710 6296 4694 1602 37414 9344 8299 28070 3122 2593 24948 3134 2601 893 7246 6730 4667 3604 2580 524 1024 450 574 393
is_linear=0
shrinkage=0.05


Tree=295
num_leaves=31
num_cat=0
split_feature=8 6 8 0 6 8 0 7 7 7 8 0 0 6 7 0 8 8 8 0 6 7 0 6 7 7 8 8 7 7
split_gain=7582.79 9175.49 8125.45 6357.85 5666.84 10162 9756.31 21459.8 13507.8 9672.54 9293.41 7378.54 12942.5 7247.3 10500.9 36686.9 11929.7 11565.4 9909.71 12769.6 11737.4 23441.1 25078.5 10341.1 26114.1 14562.2 11425 10073.6 12941.3 12540.5
threshold=2665.5050000000006 2794.2987500000004 2930.2325000000005 23.584375000000005 3152.5037500000003 3290.2300000000005 26.883125000000003 3480.0750000000003 3620.5075000000002 3790.0050000000006 3694.5725000000007 25.383125000000003 24.659375000000008 3479.2237500000006 3737.0350000000003 29.211875000000003 3836.5275000000006 3534.8200000000006 3785.3450000000007 28.483125000000005 3888.7662500000001 4150.8100000000013 26.111875000000005 3613.1812500000001 3677.9462500000004 3206.2312500000003 3549.0825000000004 4031.0050000000006 4187.598750000001 3912.2850000000003
decision_type=2 2 2 2 2 2 2 2 2 2 2 2 2 2 2 2 2 2 2 2 2 2 2 2 2 2 2 2 2 2
left_child=-1 -2 3 -3 6 11 8 10 -4 -9 -8 12 -6 14 17 16 -16 -7 19 23 21 -20 -23 24 25 -15 -27 28 29 -22
right_child=1 2 4 -5 5 13 7 9 -10 -11 -12 -13 -14 18 15 -17 -18 -19 20 -21 27 22 -24 -25 -26 26 -28 -29 -30 -31
leaf_value=-0.089759271810180508 0.094457362726015473 -0.24916842827020769 0.067919221645555902 -0.047553308784703173 -0.043526030177929192 0.051535328126867092 0.015837746978973097 -0.50993234353760886 0.47552049944159702 0.080396318336327877 0.9855230350494385 -0.01676838595059205 -0.28971435263854922 0.30337163333255085 0.03088590982280183 -0.53770567216576104 0.62739010552316909 0.24744317652576645 0.16490943907201291 0.048731222673741609 -0.043900511516822296 0.28209658837282753 -0.42549101412938717 -0.14234990390562299 0.27481532047850227 -0.28430559802823108 -0.0096793049814942623 0.024890048305629728 0.16012663455273229 -0.29174930823509648
leaf_weight=2168 2753 455 4931 2781 1493 4159 2122 303 212 90 25 3521 831 193 518 312 100 920 2750 2461 1333 188 375 3442 611 821 703 7883 435 827
leaf_count=2168 2753 455 4931 2781 1493 4159 2122 303 212 90 25 3521 831 193 518 312 100 920 2750 2461 1333 188 375 3442 611 821 703 7883 435 827
internal_value=0.00168843 0.00585808 0.000412967 -0.0759015 0.00635521 -0.00243759 0.0451246 -0.0350504 0.084721 -0.374743 0.0271289 -0.0624086 -0.131556 0.0100675 0.058738 -0.0957272 0.127408 0.0870217 -0.00321288 -0.0466283 0.0226991 0.104732 -0.18921 -0.0873007 -0.00590918 -0.105806 -0.157624 -0.00323847 -0.0886863 -0.138794
internal_weight=49716 47548 44795 3236 41559 33876 7683 2540 5143 393 2147 5845 2324 28031 6009 930 618 5079 22022 8231 13791 3313 563 5770 2328 1717 1524 10478 2595 2160
internal_count=49716 47548 44795 3236 41559 33876 7683 2540 5143 393 2147 5845 2324 28031 6009 930 618 5079 22022 8231 13791 3313 563 5770 2328 1717 1524 10478 2595 2160
is_linear=0
shrinkage=0.05


Tree=296
num_leaves=31
num_cat=0
split_feature=6 4 7 0 4 0 6 1 7 4 3 6 4 4 0 4 4 4 6 1 1 4 4 0 7 1 7 1 6 0
split_gain=4858.82 11886.5 8435.24 6659.43 6396.65 9781.39 13043.1 8044.63 5848.47 8181.27 10573.9 10301.5 6536.46 7323.1 7969.79 7839.86 5210.42 16218.5 13495.5 11707.5 17981 24708 14899.2 12550.8 11764 19417.9 10911.8 9139.51 18186.8 12387.2
threshold=4623.0900000000011 20.500000000000004 4917.9575000000013 32.013125000000009 21.500000000000004 26.790625000000006 4884.2275000000018 2.5000000000000004 4424.1550000000016 17.500000000000004 1.0000000180025095e-35 4082.8087500000006 22.500000000000004 20.500000000000004 25.490625000000005 18.500000000000004 18.500000000000004 17.500000000000004 3063.8612500000004 6.5000000000000009 2.5000000000000004 19.500000000000004 20.500000000000004 27.745625000000008 3847.3050000000007 5.5000000000000009 3486.3475000000003 9.5000000000000018 4279.9350000000004 26.189375000000002
decision_type=2 2 2 2 2 2 2 2 2 2 2 2 2 2 2 2 2 2 2 2 2 2 2 2 2 2 2 2 2 2
left_child=8 2 3 -2 -3 -6 7 -7 16 -10 11 -11 13 15 -15 -13 17 -1 -19 20 22 24 -18 -21 25 -22 -27 -20 29 -29
right_child=1 4 -4 -5 5 6 -8 -9 9 10 -12 12 -14 14 -16 -17 19 18 27 23 21 -23 -24 -25 -26 26 -28 28 -30 -31
leaf_value=0.0013662737648150014 -0.23802806431858375 0.22960228124251847 -1.0354148284066469 0.5504559191209929 0.14023533413097669 0.13073795227443472 0.15624746219167171 -0.73241927273400875 -0.090249576066617876 0.51804355816199232 0.52304450392928292 0.38732415479746196 -0.36025391170284249 0.91678752487768289 0.17675415113054474 -0.10073242646407102 -0.27549831083639476 1.1106822869843906 0.18726314657532248 -0.08141302343146449 2.342254676705315 0.051514687504684069 0.039147801466903942 -1.3065566760443508 0.34915808063865766 -0.31405594768849288 1.0069868136887197 -0.74776744305184395 0.51722774994042187 -0.038685507697561766
leaf_weight=36955 614 288 32 28 293 34 106 131 420 130 177 101 91 46 174 444 605 36 1492 4591 21 1209 995 21 254 22 54 99 90 163
leaf_count=36955 614 288 32 28 293 34 106 131 420 130 177 101 91 46 174 444 605 36 1492 4591 21 1209 995 21 254 22 54 99 90 163
internal_value=0.00160401 -0.0862352 -0.24313 -0.203639 0.0378812 -0.0600189 -0.27653 -0.554557 0.00438555 0.0988999 0.167208 0.103331 0.0403492 0.0880026 0.331488 -0.0102852 0.00117538 0.00865425 0.151913 -0.0361949 0.0379425 0.158733 -0.0798278 -0.0869915 0.528039 0.996447 0.62458 0.133195 -0.0959779 -0.306621
internal_weight=49716 1526 674 642 852 564 271 165 48190 1583 1163 986 856 765 220 545 46607 38835 1880 7772 3160 1560 1600 4612 351 97 76 1844 352 262
internal_count=49716 1526 674 642 852 564 271 165 48190 1583 1163 986 856 765 220 545 46607 38835 1880 7772 3160 1560 1600 4612 351 97 76 1844 352 262
is_linear=0
shrinkage=0.05


Tree=297
num_leaves=31
num_cat=0
split_feature=4 0 6 7 6 6 4 7 0 4 0 7 7 4 5 4 0 6 6 0 4 5 4 4 6 4 7 6 0 7
split_gain=4605.51 18204.3 10335.6 11665.8 9657.02 8917.96 8667.83 7909.72 9730.99 7795.41 13756.9 17922.8 10581.8 13065.6 13636.7 12636.6 11389.9 12859.5 10124.7 9657.77 17182.4 10920.5 81488.6 41267.6 11615 10988.4 10293.9 9672.91 9153.44 10718.1
threshold=8.5000000000000018 26.850625000000004 3016.0012500000007 2806.2550000000006 4659.5625000000009 3245.2362500000004 7.5000000000000009 3274.1487500000007 24.636875000000007 10.500000000000002 29.401875000000004 3435.5075000000002 2758.5300000000002 12.500000000000002 1.0000000180025095e-35 11.500000000000002 26.010625000000008 3628.0050000000006 3405.1750000000006 28.650000000000009 15.500000000000002 1.0000000180025095e-35 14.500000000000002 14.500000000000002 4337.6800000000012 13.500000000000002 3073.8837500000004 4389.0075000000006 30.745625000000004 4794.9775000000018
decision_type=2 2 2 2 2 2 2 2 2 2 2 2 2 2 2 2 2 2 2 2 2 2 2 2 2 2 2 2 2 2
left_child=1 2 7 5 -5 6 -4 -1 -9 10 11 -2 16 14 -14 -16 -11 -18 -12 -15 21 22 25 24 -23 26 -21 -24 29 -22
right_child=9 -3 3 4 -6 -7 -8 8 -10 12 18 -13 13 19 15 -17 17 -19 -20 20 28 23 27 -25 -26 -27 -28 -29 -30 -31
leaf_value=0.037221862731090877 0.11483432548467708 -0.16016883485154437 -0.40743197780861035 -0.013373065414677379 -0.79174029592424633 0.16122773216779251 0.22838639871018832 0.034982639605523183 0.50429591442147892 -0.31403280039651138 -0.17609676216122847 0.64238067811107369 0.076695149885944239 -0.0080649052115670562 -0.038382929445765983 -0.25022084742025352 0.26093698041556002 -0.96395913795991373 0.072114626769772525 0.080538556939954389 0.038288580387737609 0.30399884006336086 0.63353456557698307 -0.11580776805728206 1.0625924356138476 -0.10311851321430121 -0.65387854096393161 1.7766108410106973 -0.22599867229573201 -0.52552821582013909
leaf_weight=5115 2321 2011 442 10535 40 113 61 233 210 109 716 173 934 16102 1415 1401 823 22 964 58 2000 1703 248 754 52 296 269 20 488 88
leaf_count=5115 2321 2011 442 10535 40 113 61 233 210 109 716 173 934 16102 1415 1401 823 22 964 58 2000 1703 248 754 52 296 269 20 488 88
internal_value=0.00152381 -0.0180248 -0.000958061 -0.0286381 -0.0163172 -0.240154 -0.330325 0.0547756 0.257456 0.0133707 0.0769275 0.151428 0.00346532 -0.00257497 -0.0888635 -0.143775 0.166996 0.229046 -0.0336707 0.0120813 0.0663642 0.140162 -0.0102092 0.193561 0.326476 -0.323829 -0.523615 0.718839 -0.0310391 0.0145262
internal_weight=49716 18760 16749 11191 10575 616 503 5558 443 30956 4174 2494 26782 25828 3750 2816 954 845 1680 22078 5976 3400 891 2509 1755 623 327 268 2576 2088
internal_count=49716 18760 16749 11191 10575 616 503 5558 443 30956 4174 2494 26782 25828 3750 2816 954 845 1680 22078 5976 3400 891 2509 1755 623 327 268 2576 2088
is_linear=0
shrinkage=0.05


Tree=298
num_leaves=31
num_cat=0
split_feature=8 6 4 8 6 4 6 8 3 4 8 6 8 4 0 8 3 0 4 0 1 4 6 4 0 8 4 0 6 8
split_gain=7691.03 15216.4 9386.93 18329.4 7507.1 7565.86 11426.2 10054.7 6368.1 5921.58 7897.47 5552.55 42215 11652.8 9937.68 14812.9 28378.4 25695.4 12708.2 9131.59 7407.1 8808.54 9867.27 8168.76 7449.31 6717.17 6630.32 10432.4 6177.53 6150.62
threshold=2817.5200000000004 3472.4500000000003 17.500000000000004 2682.6250000000005 2898.0200000000004 6.5000000000000009 2713.5450000000005 3074.7512500000007 1.0000000180025095e-35 15.500000000000002 2610.7512500000007 2805.7612500000005 2345.2987500000004 9.5000000000000018 25.135625000000008 2345.2987500000004 1.0000000180025095e-35 25.446875000000006 7.5000000000000009 25.538125000000004 8.5000000000000018 4.5000000000000009 2959.0637500000007 6.5000000000000009 25.469375000000003 2682.6250000000005 2.5000000000000004 24.948125000000008 3073.7600000000007 2743.8325000000004
decision_type=2 2 2 2 2 2 2 2 2 2 2 2 2 2 2 2 2 2 2 2 2 2 2 2 2 2 2 2 2 2
left_child=1 2 9 -4 5 6 -2 -8 -7 11 -11 14 -13 20 26 16 17 -16 -17 -15 21 25 -23 -24 -22 -14 27 29 -26 -1
right_child=4 -3 3 -5 -6 8 7 -9 -10 10 -12 12 13 19 15 18 -18 -19 -20 -21 24 22 23 -25 28 -27 -28 -29 -30 -31
leaf_value=-0.24886784398449591 0.57141477057235945 1.2207277391267861 -1.9249301654472948 -0.017333380593096508 0.0018119158167966517 0.0048999831683944712 0.073069389948890534 0.63417835888163809 0.44414317383712465 1.0964095950126649 0.083396376469700606 2.1027528388159618 -0.78452225640052708 -0.83908680589760065 -0.58015581524620463 0.55136564110146202 0.35305128555212706 -3.0067859625816347 -0.25894353521995755 -0.0060609549476668759 -0.2730279536173037 0.22499372427008654 -0.76045669530828797 -0.096404492265999023 -1.3658517339650322 -0.25398319833082694 0.10406448048753168 0.9308509814998378 -0.56131610512733465 0.18354123063528768
leaf_weight=393 161 23 20 34 42010 2037 970 87 86 24 97 21 82 34 24 61 28 20 234 1015 161 190 60 203 34 219 1181 23 80 104
leaf_count=393 161 23 20 34 42010 2037 970 87 86 24 97 21 82 34 24 61 28 20 234 1015 161 190 60 203 34 219 1181 23 80 104
internal_value=0.00144762 -0.0619416 -0.068736 -0.723851 0.00754878 0.0796846 0.179022 0.119253 0.0226932 -0.060486 0.284325 -0.0704985 -0.127788 -0.150329 -0.0123504 -0.24832 -0.891306 -1.68317 -0.0913881 -0.0330608 -0.269877 -0.188862 -0.0495556 -0.247899 -0.492006 -0.398515 0.0385614 -0.110206 -0.801265 -0.158384
internal_weight=49716 4365 4342 54 45351 3341 1218 1057 2123 4288 121 4167 2099 2078 2068 367 72 44 295 1049 1029 754 453 263 275 301 1701 520 114 497
internal_count=49716 4365 4342 54 45351 3341 1218 1057 2123 4288 121 4167 2099 2078 2068 367 72 44 295 1049 1029 754 453 263 275 301 1701 520 114 497
is_linear=0
shrinkage=0.05


Tree=299
num_leaves=31
num_cat=0
split_feature=8 6 7 6 8 0 6 7 0 8 6 6 0 7 0 6 6 8 7 8 6 7 6 7 0 7 0 0 0 6
split_gain=7016.19 7529.58 7229.5 10107.5 7696.06 5911.29 6363.55 5166.06 7410.23 4947 12801.6 11050.7 13994.5 10957.9 16644.8 13363.2 11056.7 8792.1 8631.07 8317.46 12689.7 7424.56 12841 9696.81 7249.11 7183.47 7558.08 8563.66 6894.17 7485.9
threshold=2631.0750000000003 2631.0750000000003 2937.5300000000002 2343.9187500000003 2806.0137500000005 23.978125000000006 2343.9187500000003 3104.1425000000004 29.863125000000007 3906.4637500000003 3913.0012500000007 3724.0400000000004 28.565625000000008 4150.8100000000013 26.086875000000003 3553.5125000000003 3880.8112500000002 3070.0125000000003 4325.0600000000004 3354.7250000000004 3399.0075000000002 2993.0850000000005 3613.1812500000001 2699.7575000000006 32.646875000000016 4390.380000000001 28.105625000000007 27.313125000000003 28.325625000000006 3724.0400000000004
decision_type=2 2 2 2 2 2 2 2 2 2 2 2 2 2 2 2 2 2 2 2 2 2 2 2 2 2 2 2 2 2
left_child=-1 2 3 -2 -5 -4 -7 -8 -9 11 13 19 -13 -11 18 -16 25 -14 -15 20 -3 22 23 -22 -21 26 27 -17 -27 -30
right_child=1 9 5 4 -6 6 7 8 -10 10 -12 12 17 14 15 16 -18 -19 -20 24 21 -23 -24 -25 -26 28 -28 -29 29 -31
leaf_value=-0.096327733969025248 -0.6684428143501282 -0.0015827802661397287 0.62401263095438486 0.18437099936750853 0.64714650321006784 0.69487368228935431 -0.18114280273121866 0.23334749483908324 -0.45564250714601356 0.21757673575713837 0.0062060539814610578 -0.13022326367465506 1.0275998989628119 0.094201214272867553 0.59902777180752975 -0.58939535701647405 0.41254039813171739 0.022626113747159053 0.87984085833204206 0.049918698828644817 -0.26170263382577408 -0.20005757515617947 -0.48552498693136797 0.32142427716556538 -0.13517270386285787 0.52603871314786377 -0.31747215749981167 -1.5911708939820528 -1.0876873738091926 0.080267569729510491
leaf_weight=1772 25 17531 40 224 150 31 308 230 47 1449 9175 3618 22 88 44 64 44 2022 58 10177 97 1346 95 269 558 32 111 32 23 34
leaf_count=1772 25 17531 40 224 150 31 308 230 47 1449 9175 3618 22 88 44 64 44 2022 58 10177 97 1346 95 269 558 32 111 32 23 34
internal_value=0.00137524 0.00498632 0.137085 0.304912 0.369976 0.0350066 -0.00324054 -0.0402346 0.116443 0.00201411 0.0310836 -0.00705937 -0.0711393 0.14642 -0.0481192 -0.220895 -0.327003 0.0334429 0.406305 0.00500529 -0.0145864 -0.140744 0.0324362 0.16688 0.0402977 -0.436935 -0.598445 -0.923321 -0.0612862 -0.391012
internal_weight=49716 47944 1055 399 374 656 616 585 277 46889 11154 35735 5662 1979 530 384 340 2044 146 30073 19338 1807 461 366 10735 296 207 96 89 57
internal_count=49716 47944 1055 399 374 656 616 585 277 46889 11154 35735 5662 1979 530 384 340 2044 146 30073 19338 1807 461 366 10735 296 207 96 89 57
is_linear=0
shrinkage=0.05


Tree=300
num_leaves=31
num_cat=0
split_feature=8 7 1 3 8 7 0 8 7 0 0 8 7 0 0 3 0 7 7 0 1 0 0 7 0 7 0 7 7 7
split_gain=4914.27 7282.17 8521.81 8629.49 7118.32 8942.85 8532.19 13410 7256.1 7001.72 6336.43 6170.85 25921.6 25711.5 23042.3 22449.9 17192.5 5131.43 5082.62 5556.28 5192.82 5071.63 4950.75 7132.9 5563.08 7127.79 7405.31 4617.75 4528.98 4467.51
threshold=3027.5687500000008 3206.2312500000003 9.5000000000000018 1.0000000180025095e-35 3726.0050000000006 3921.8200000000002 25.224375000000006 4229.2662500000015 4059.7550000000006 24.356875000000006 27.570625000000003 2345.2987500000004 3279.0037500000003 28.070625000000003 25.135625000000008 1.0000000180025095e-35 25.360625000000002 2889.2750000000005 2714.7212500000005 25.675625000000007 6.5000000000000009 32.346250000000005 32.646875000000016 3206.2312500000003 29.055625000000003 2952.5025000000005 32.346250000000005 4592.5687500000013 4266.1600000000008 3255.5162500000001
decision_type=2 2 2 2 2 2 2 2 2 2 2 2 2 2 2 2 2 2 2 2 2 2 2 2 2 2 2 2 2 2
left_child=11 2 3 10 27 29 -7 28 -9 -5 -2 12 13 14 17 16 -16 -1 19 -11 -21 -12 24 -24 -13 -26 -27 -3 -8 -6
right_child=1 4 -4 9 5 6 7 8 -10 18 21 22 -14 -15 15 -17 -18 -19 -20 20 -22 -23 23 -25 25 26 -28 -29 -30 -31
leaf_value=-0.050256553930895669 -0.051662985723635639 -0.026903177351685726 0.13777611654973496 -0.12679760422887507 0.57365849711174188 0.11735362969420447 -0.13419582289231019 0.23550087439471673 0.0084499365555169657 0.20666368160615953 0.11056911253341112 -0.045433794028685248 1.5468266202136876 1.4591470365524293 -0.65854019254446028 0.1708274903120818 -2.7317294812202455 0.82577036079019317 0.12170340057259621 0.38023433759808545 1.4437245219945909 -0.28370469781908797 -0.17358341266183144 -1.1737139138308439 0.22254706598193197 -0.19878667980232045 0.78335586729503826 -0.58614163336318892 -0.0086463652414605473 0.062254079313601753
leaf_weight=35 3425 15652 2008 271 43 1142 2675 382 4463 85 1115 8673 32 25 20 27 20 32 1529 24 22 88 94 22 441 223 21 37 982 6220
leaf_count=35 3425 15652 2008 271 43 1142 2675 382 4463 85 1115 8673 32 25 20 27 20 32 1529 24 22 88 94 22 441 223 21 37 982 6220
internal_value=-0.000941832 0.006761 0.0476484 0.0200563 -0.00432528 0.019244 -0.0109678 -0.0282041 0.0263516 0.108843 -0.0169895 -0.032951 0.248428 -0.0128849 -0.287518 -0.94318 -1.69513 0.368144 0.147312 0.446214 0.88886 0.0817278 -0.0386238 -0.363263 -0.0345996 0.102576 -0.114258 -0.0282221 -0.100483 0.0657652
internal_weight=49828 40163 8567 6559 31596 15907 9644 8502 4845 1931 4628 9665 191 159 134 67 40 67 1660 131 46 1203 9474 116 9358 685 244 15689 3657 6263
internal_count=49828 40163 8567 6559 31596 15907 9644 8502 4845 1931 4628 9665 191 159 134 67 40 67 1660 131 46 1203 9474 116 9358 685 244 15689 3657 6263
is_linear=0
shrinkage=0.05


Tree=301
num_leaves=31
num_cat=0
split_feature=6 8 8 6 6 8 8 6 3 6 8 5 3 6 6 0 8 6 8 6 0 8 6 8 0 0 0 8 1 1
split_gain=5265.44 7684.14 9092.77 29662 5636.33 11532.9 11268.4 8768.72 8497.07 7650.43 9957.11 7611.95 7256.22 9402.8 7807.66 6847.23 6256.01 6567.15 5575.02 10998.8 8851.8 5531.18 16946.9 10153.2 15852.5 11954.7 10294.5 9471.02 8648.22 8261.57
threshold=2631.0750000000003 2907.0200000000004 2345.2987500000004 2781.0100000000007 4693.3900000000012 4657.6675000000005 4325.5875000000005 4116.0350000000008 1.0000000180025095e-35 4472.0900000000011 4311.0400000000009 1.0000000180025095e-35 1.0000000180025095e-35 4190.0325000000003 2937.6225000000004 28.603125000000006 4727.9650000000011 4884.2275000000018 4106.0162500000015 4404.8925000000008 26.978125000000009 3785.3450000000007 3656.5675000000006 3443.0500000000006 32.439375000000005 28.775625000000002 25.654375000000005 3227.0137500000005 7.5000000000000009 9.5000000000000018
decision_type=2 2 2 2 2 2 2 2 2 2 2 2 2 2 2 2 2 2 2 2 2 2 2 2 2 2 2 2 2 2
left_child=-1 2 3 -2 5 9 8 -7 -6 10 12 -9 13 21 -14 -13 -8 -18 19 20 -15 22 29 24 26 -25 28 -28 -24 -3
right_child=1 4 -4 -5 6 7 16 11 -10 -11 -12 15 14 18 -16 -17 17 -19 -20 -21 -22 -23 23 25 -26 -27 27 -29 -30 -31
leaf_value=0.083947367674853002 -0.43605250559747222 -0.018523677002450514 -0.071593180420599492 1.5726536636843402 -1.6378648757934571 1.2142771471630445 -0.21821941129128228 0.56977271568900523 -0.30736734410127009 -0.13189611046970007 0.1210108391142649 0.00043247427299126492 0.29689578030364477 -0.61780668395522398 0.02963743868281421 0.5412700371423238 -0.10650583650400439 0.2085712929788445 -0.077364895733729844 0.55323134765905502 -0.10773895055829706 0.035425474475262106 -1.3164452827129609 -0.18223333679360754 -1.6882372105777588 0.055574659428277245 0.60582358572218153 -0.30621209383449138 -0.057905379363468713 0.063770454294025683
leaf_weight=1764 40 14266 4848 34 20 22 446 107 30 1028 1805 333 281 190 9939 71 404 280 942 34 154 6257 39 1613 23 786 36 136 21 3879
leaf_count=1764 40 14266 4848 34 20 22 446 107 30 1028 1805 333 281 190 9939 71 404 280 942 34 154 6257 39 1613 23 786 36 136 21 3879
internal_value=-0.00089474 -0.00400854 -0.063197 0.486867 0.00274418 0.00577479 -0.105028 0.236874 -0.839566 0.00280161 0.00622898 0.194794 0.000861037 -0.0121498 0.0369857 0.0954807 -0.0725259 0.0224731 -0.142457 -0.30467 -0.389462 -0.00579238 -0.018192 -0.136203 -0.436165 -0.104319 -0.312037 -0.115321 -0.875956 -0.00093101
internal_weight=49828 48064 4922 74 43142 41962 1180 533 50 41429 40401 511 38596 28376 10220 404 1130 684 1320 378 344 27056 20799 2654 255 2399 232 172 60 18145
internal_count=49828 48064 4922 74 43142 41962 1180 533 50 41429 40401 511 38596 28376 10220 404 1130 684 1320 378 344 27056 20799 2654 255 2399 232 172 60 18145
is_linear=0
shrinkage=0.05


end of trees

feature_importances:
y_lag_1=2285
hour=1991
y_lag_24h=1579
y_lag_7d=1164
temp_weighted=845
month=588
minute=406
is_weekend=202

parameters:
[boosting: gbdt]
[objective: regression]
[metric: rmse,l1]
[tree_learner: serial]
[device_type: cpu]
[data_sample_strategy: bagging]
[data: ]
[valid: ]
[num_iterations: 1000]
[learning_rate: 0.05]
[num_leaves: 31]
[num_threads: 0]
[seed: 42]
[deterministic: 0]
[force_col_wise: 0]
[force_row_wise: 0]
[histogram_pool_size: -1]
[max_depth: -1]
[min_data_in_leaf: 20]
[min_sum_hessian_in_leaf: 0.001]
[bagging_fraction: 0.8]
[pos_bagging_fraction: 1]
[neg_bagging_fraction: 1]
[bagging_freq: 5]
[bagging_seed: 400]
[bagging_by_query: 0]
[feature_fraction: 0.8]
[feature_fraction_bynode: 1]
[feature_fraction_seed: 30056]
[extra_trees: 0]
[extra_seed: 12879]
[early_stopping_round: 0]
[early_stopping_min_delta: 0]
[first_metric_only: 0]
[max_delta_step: 0]
[lambda_l1: 0]
[lambda_l2: 0]
[linear_lambda: 0]
[min_gain_to_split: 0]
[drop_rate: 0.1]
[max_drop: 50]
[skip_drop: 0.5]
[xgboost_dart_mode: 0]
[uniform_drop: 0]
[drop_seed: 17869]
[top_rate: 0.2]
[other_rate: 0.1]
[min_data_per_group: 100]
[max_cat_threshold: 32]
[cat_l2: 10]
[cat_smooth: 10]
[max_cat_to_onehot: 4]
[top_k: 20]
[monotone_constraints: ]
[monotone_constraints_method: basic]
[monotone_penalty: 0]
[feature_contri: ]
[forcedsplits_filename: ]
[refit_decay_rate: 0.9]
[cegb_tradeoff: 1]
[cegb_penalty_split: 0]
[cegb_penalty_feature_lazy: ]
[cegb_penalty_feature_coupled: ]
[path_smooth: 0]
[interaction_constraints: ]
[verbosity: -1]
[saved_feature_importance_type: 0]
[use_quantized_grad: 0]
[num_grad_quant_bins: 4]
[quant_train_renew_leaf: 0]
[stochastic_rounding: 1]
[linear_tree: 0]
[max_bin: 255]
[max_bin_by_feature: ]
[min_data_in_bin: 3]
[bin_construct_sample_cnt: 200000]
[data_random_seed: 175]
[is_enable_sparse: 1]
[enable_bundle: 1]
[use_missing: 1]
[zero_as_missing: 0]
[feature_pre_filter: 1]
[pre_partition: 0]
[two_round: 0]
[header: 0]
[label_column: ]
[weight_column: ]
[group_column: ]
[ignore_column: ]
[categorical_feature: ]
[forcedbins_filename: ]
[precise_float_parser: 0]
[parser_config_file: ]
[objective_seed: 16083]
[num_class: 1]
[is_unbalance: 0]
[scale_pos_weight: 1]
[sigmoid: 1]
[boost_from_average: 1]
[reg_sqrt: 0]
[alpha: 0.9]
[fair_c: 1]
[poisson_max_delta_step: 0.7]
[tweedie_variance_power: 1.5]
[lambdarank_truncation_level: 30]
[lambdarank_norm: 1]
[label_gain: ]
[lambdarank_position_bias_regularization: 0]
[eval_at: ]
[multi_error_top_k: 1]
[auc_mu_weights: ]
[num_machines: 1]
[local_listen_port: 12400]
[time_out: 120]
[machine_list_filename: ]
[machines: ]
[gpu_platform_id: -1]
[gpu_device_id: -1]
[gpu_use_dp: 0]
[num_gpu: 1]

end of parameters

pandas_categorical:[]
